PathFileType	4	(X/Y/Z)	C:\Users\dkfc9\Desktop\pitching_analysis\sports2d_results\cole_01_reload\cole_01_Sports2D\cole_01_Sports2D_m_person00.trc
DataRate	CameraRate	NumFrames	NumMarkers	Units	OrigDataRate	OrigDataStartFrame	OrigNumFrames
60.0	60.0	480	22	m	60.0	0	480
Frame#	Time	Hip			RHip			RKnee			RAnkle			RBigToe			RSmallToe			RHeel			LHip			LKnee			LAnkle			LBigToe			LSmallToe			LHeel			Neck			Head			Nose			RShoulder			RElbow			RWrist			LShoulder			LElbow			LWrist			
		X1	Y1	Z1	X2	Y2	Z2	X3	Y3	Z3	X4	Y4	Z4	X5	Y5	Z5	X6	Y6	Z6	X7	Y7	Z7	X8	Y8	Z8	X9	Y9	Z9	X10	Y10	Z10	X11	Y11	Z11	X12	Y12	Z12	X13	Y13	Z13	X14	Y14	Z14	X15	Y15	Z15	X16	Y16	Z16	X17	Y17	Z17	X18	Y18	Z18	X19	Y19	Z19	X20	Y20	Z20	X21	Y21	Z21	X22	Y22	Z22
0	0.0	2.87983840666054	0.8329482734852527	0.0	2.8603440706849974	0.8197130420430835	-0.105	2.896219376771297	0.43339469511184914	-0.0886	2.8323140214850775	0.05556869068332669	-0.0972	2.9990112120408927	-0.013674699860432703	-0.0766	2.977383944347025	-0.04909753868199234	-0.12	2.7900383125348585	-0.019103693098385423	-0.0883	2.9041807381544578	0.833049663608797	0.105	2.916517562111033	0.4624227459601674	0.0886	2.841304219155844	0.10174880601147662	0.0972	2.9893844300136796	0.014822156989896682	0.0766	2.9837916206280544	0.04229631515040426	0.12	2.771943204144055	0.03215532074506332	0.0883	2.924115816189934	1.3482011721368883	0.0	2.989389195538347	1.5831246506713652	0.0	3.0050857707115215	1.4360756745995027	0.0	2.864853545778349	1.24422114683698	-0.2016	2.857568881765137	0.9996793632427352	-0.1613	3.0442850815596136	0.9634551736204371	-0.12	2.9261686699497464	1.2710120771891498	0.2016	2.9146967732582567	1.049222066987501	0.1613	3.0641447912279522	0.979869288662583	0.12
1	0.016666666666666666	2.879784338671121	0.8329525477500425	0.0	2.860299504378133	0.8196943333525131	-0.105	2.8961719807253883	0.43338769769274904	-0.0886	2.8322340818384486	0.0555566218291066	-0.0972	2.998990382035904	-0.013630830639141972	-0.0766	2.9774102900207704	-0.049056294740772166	-0.12	2.7899891132754346	-0.019136785463985194	-0.0883	2.9041633694550977	0.8331599290779408	0.105	2.9164929655328855	0.4624207641015579	0.0886	2.841216867153132	0.10173539153399022	0.0972	2.9894034569845602	0.014763618289358862	0.0766	2.983826831860008	0.04226556501821359	0.12	2.7719114901870925	0.032120370081478486	0.0883	2.9240406565235437	1.3482826950609716	0.0	2.9893654013781785	1.5832006496717699	0.0	3.0050845794266325	1.436206786436983	0.0	2.8648210192562127	1.2442730751590507	-0.2016	2.8572734237157946	0.999767152962522	-0.1613	3.0442587201123157	0.9634985317184933	-0.12	2.926056439820936	1.2711048481340383	0.2016	2.9146837796494287	1.0493262777625978	0.1613	3.064171522126791	0.9798853823800486	0.12
2	0.03333333333333333	2.8796759823882376	0.8329626583082944	0.0	2.860191750596397	0.8196379783992728	-0.105	2.896079719533178	0.43336688386544353	-0.0886	2.8320303859432445	0.055522386343190566	-0.0972	2.99896110782896	-0.01354300619306293	-0.0766	2.9774657949964025	-0.04898712792999903	-0.12	2.7898702079869686	-0.019223208823370516	-0.0883	2.9041380016391614	0.8334596088327105	0.105	2.916432531455355	0.4624135183805858	0.0886	2.8410110594226023	0.10169323709746551	0.0972	2.9894455747613216	0.014617178083690868	0.0766	2.983886014550075	0.042176579512251816	0.12	2.77185737266749	0.032031732599040824	0.0883	2.9239034152504035	1.3484772246918149	0.0	2.989306372499141	1.583363761227171	0.0	3.0050816679331533	1.4365120307338632	0.0	2.8647300919706757	1.2444235861418573	-0.2016	2.856734058722388	0.9999223211264644	-0.1613	3.0441873464068774	0.963570110171515	-0.12	2.925819175294544	1.2712886816717626	0.2016	2.914660926162948	1.0496005778436095	0.1613	3.064228719837511	0.9799233947827455	0.12
3	0.05	2.8794859817111336	0.8329749237403189	0.0	2.8599634403339493	0.8194913899360377	-0.105	2.8959228869805	0.43330948039920714	-0.0886	2.8315735292223274	0.05544549281637301	-0.0972	2.9989148347819943	-0.013430693530792077	-0.0766	2.9775528945333565	-0.04890872702771714	-0.12	2.789619637542231	-0.019409782193124316	-0.0883	2.9041013103664466	0.833749066957286	0.105	2.916303583578599	0.4623890737908325	0.0886	2.8406092964947764	0.10158340336372129	0.0972	2.9895324582882816	0.014303004027611102	0.0766	2.983972422016956	0.04195743333744821	0.12	2.771778326287209	0.03184496430647439	0.0883	2.9236850416452067	1.3488599270371895	0.0	2.989179563831846	1.5836597672133839	0.0	3.005081591899028	1.4371052287468573	0.0	2.8645048079455515	1.2447906299776472	-0.2016	2.85615749708472	1.0001512273161361	-0.1613	3.0440132057520164	0.9636635655925478	-0.12	2.9255821622803415	1.2715760910308536	0.2016	2.9146299420626325	1.050148163956621	0.1613	3.06433912346407	0.9799870477771501	0.12
4	0.06666666666666667	2.879187232001961	0.8329519069403268	0.0	2.859521437844545	0.8191314549259776	-0.105	2.8956827897567203	0.43315594985144834	-0.0886	2.83066801014444	0.05532253015900784	-0.0972	2.9988333495489563	-0.013437475932322855	-0.0766	2.977629259482261	-0.04889800442286799	-0.12	2.7891442592206586	-0.019729902312920287	-0.0883	2.9040525868187412	0.8337477533476509	0.105	2.916046444244896	0.4623101138928391	0.0886	2.8399752103836513	0.10135348815905777	0.0972	2.9896996444043458	0.013734482480025012	0.0766	2.984081742065278	0.041506408660584554	0.12	2.771678884361354	0.03152602693544718	0.0883	2.923380720689422	1.3494386815313912	0.0	2.988923934357531	1.5840799922821727	0.0	3.0050953808971674	1.437990342849059	0.0	2.863977182273625	1.2455096552383518	-0.2016	2.855690499645097	1.0004134444795298	-0.1613	3.0435986017778474	0.9637571456777698	-0.12	2.9255218950717894	1.271907618555582	0.2016	2.9145892781276084	1.050612530399977	0.1613	3.0645306923233693	0.980033984431403	0.12
5	0.08333333333333333	2.8787723997493466	0.8328145629550092	0.0	2.8587580751287054	0.8186220282543356	-0.105	2.8953524961630492	0.432718027297605	-0.0886	2.8292492414903117	0.055092711478463355	-0.0972	2.998670161206669	-0.013652906953362014	-0.0766	2.97740340993863	-0.04898340836309736	-0.12	2.7883400246990635	-0.0202077936131662	-0.0883	2.90400875434931	0.8336192622642911	0.105	2.9155544189319196	0.4620043343372734	0.0886	2.839338943152159	0.10082021639005619	0.0972	2.989975503677519	0.01286090566548341	0.0766	2.984187626688564	0.04065270889077033	0.12	2.7715747371532706	0.031046115918258357	0.0883	2.923026882433192	1.3500960539078477	0.0	2.988450722017681	1.584482394293849	0.0	3.0051570609549154	1.438933552477276	0.0	2.86281446762988	1.2466723967764386	-0.2016	2.8553099361622976	1.0004310092880304	-0.1613	3.042676744534161	0.9638285748712465	-0.12	2.925745432939188	1.272169781389644	0.2016	2.914547237164569	1.0504125829044075	0.1613	3.0648095645597775	0.9799214598103893	0.12
6	0.1	2.878304617488799	0.8325844392982669	0.0	2.8577179396171277	0.8178431958639206	-0.105	2.8949644878836382	0.43156484293541436	-0.0886	2.8280399402453678	0.05449446320019098	-0.0972	2.9984539578959857	-0.01398656505078092	-0.0766	2.976706796016717	-0.049102773042600745	-0.12	2.787277605276317	-0.02065876639277399	-0.0883	2.90399705384858	0.833287471035364	0.105	2.9147090372692563	0.4609071546604879	0.0886	2.8385740938538064	0.09953428488738073	0.0972	2.9902554859653474	0.01198191686854884	0.0766	2.984233883895879	0.039536478078312884	0.12	2.771509646994013	0.030543748437917156	0.0883	2.9227220955405615	1.3506868781079808	0.0	2.9877701864254393	1.5846563893144459	0.0	3.0053962813498396	1.4396057339113657	0.0	2.860754522765515	1.2482160967819593	-0.2016	2.8550901573092284	1.0002127487229973	-0.1613	3.0410391990457035	0.9638763429514727	-0.12	2.9261048848637703	1.2723054023087115	0.2016	2.914569108845415	1.0496442043039593	0.1613	3.0650476480598514	0.9793981698515567	0.12
7	0.11666666666666667	2.8778809231358657	0.8321061044519681	0.0	2.8568306000244363	0.8169381698682208	-0.105	2.8945779871465325	0.429990343079934	-0.0886	2.827354434238918	0.053414222515854454	-0.0972	2.998206214604687	-0.014358101855161495	-0.0766	2.97555749792956	-0.04924914068837259	-0.12	2.786398062367103	-0.021152526992509336	-0.0883	2.904025201324254	0.8326661787327908	0.105	2.9134471033732643	0.45907192170496725	0.0886	2.8378272014835724	0.09796353512905709	0.0972	2.9905318336128364	0.011455345895111158	0.0766	2.9842346615700808	0.038573646257902425	0.12	2.771508070641355	0.029868650856118853	0.0883	2.9224550017470894	1.351066533304222	0.0	2.9872280770035426	1.584234571791257	0.0	3.006008618119724	1.4399469945008738	0.0	2.8586587845774596	1.2492903184366069	-0.2016	2.855328082634115	0.999712406160095	-0.1613	3.0393025554991864	0.963920788604051	-0.12	2.9266288882397236	1.2723188847402127	0.2016	2.9147111165756434	1.0481278126183766	0.1613	3.0652146488403753	0.9782981426360423	0.12
8	0.13333333333333333	2.8775915356272863	0.8310039151232281	0.0	2.856004043156972	0.8155289470692988	-0.105	2.8942436007260612	0.42792750004590824	-0.0886	2.8269805388329265	0.05206382913711366	-0.0972	2.997964689015919	-0.01473985819593196	-0.0766	2.9743405925362936	-0.04940172896700368	-0.12	2.7856360885074136	-0.021586237830975928	-0.0883	2.9040324639190302	0.8312383401202559	0.105	2.912079555038002	0.4558175219337712	0.0886	2.83745406294794	0.09588903858656755	0.0972	2.99091257228041	0.011109184616592216	0.0766	2.9842208642454073	0.03739090172710806	0.12	2.771525033626319	0.028821004229034844	0.0883	2.922171050642009	1.3511989199082983	0.0	2.9864788723235356	1.5832940134620004	0.0	3.0069630310774023	1.4401260120990735	0.0	2.8575258968424126	1.2502201559797586	-0.2016	2.855506689974351	0.9990927013066211	-0.1613	3.03804575873723	0.9639504321516326	-0.12	2.927275065856517	1.2723049702916347	0.2016	2.9149476785979243	1.0455404875799972	0.1613	3.065388097732739	0.9766552618812876	0.12
9	0.15	2.877395427148133	0.8293572859120654	0.0	2.8555005480325613	0.814193034181513	-0.105	2.893990129067136	0.4263215855802065	-0.0886	2.8266971705660997	0.05071270776206302	-0.0972	2.9976835389290946	-0.015066483324550045	-0.0766	2.973657421345378	-0.04954732916173564	-0.12	2.7852182144976796	-0.02231491532738239	-0.0883	2.9040235553596623	0.8292185784732795	0.105	2.911414163520757	0.453328784258773	0.0886	2.8373227589660903	0.09436110194437128	0.0972	2.9915119128440395	0.010963722540534376	0.0766	2.984205004227117	0.0361193203389277	0.12	2.771562356390876	0.027993229181640406	0.0883	2.921933144036309	1.351219554142369	0.0	2.9852120812381266	1.5817158390169501	0.0	3.0072289583021066	1.4399478546142472	0.0	2.8570582034136325	1.2507018730888078	-0.2016	2.8556385067805103	0.9985359847245673	-0.1613	3.0375307048781477	0.9639738881183236	-0.12	2.9279300171818687	1.2722952555485716	0.2016	2.9153090949308336	1.0433913872620044	0.1613	3.0656620781199315	0.97513426880499	0.12
10	0.16666666666666666	2.87729233934924	0.8275733592028474	0.0	2.8552535737609808	0.8129393900946345	-0.105	2.8938188093019086	0.42530334670388403	-0.0886	2.826548203366805	0.04976245813148912	-0.0972	2.9973596185687237	-0.01535451440644537	-0.0766	2.973295390106094	-0.04965730392552636	-0.12	2.784963656702433	-0.023167706748106247	-0.0883	2.9040234269120555	0.8268633212764712	0.105	2.9111952572359963	0.45121203183969816	0.0886	2.837245499611465	0.09369883044584275	0.0972	2.992127794765129	0.011053681658910963	0.0766	2.9841993739769923	0.03563982169974088	0.12	2.771635638711013	0.027691369233622518	0.0883	2.921828115598187	1.3513142967404779	0.0	2.984103949889562	1.5801416205129957	0.0	3.00726734184425	1.4397243187808892	0.0	2.8569243909468724	1.2508051914759655	-0.2016	2.85578077597514	0.9981108916751638	-0.1613	3.0371364638112635	0.9640193376909001	-0.12	2.9283238185784666	1.2722593846363275	0.2016	2.915608631035789	1.0420323737816033	0.1613	3.0659634959290005	0.9745643684461186	0.12
11	0.18333333333333332	2.877287712219057	0.8265864683367068	0.0	2.8552059818377793	0.8116863143394555	-0.105	2.8937645224897657	0.42506696133174293	-0.0886	2.8265046052661775	0.04906645047810568	-0.0972	2.997285209815606	-0.015458629087442638	-0.0766	2.973362111272074	-0.049730228487347844	-0.12	2.7849182110818367	-0.023620884286004645	-0.0883	2.9040655121964347	0.8251538106539353	0.105	2.9111503039504303	0.4500228754142773	0.0886	2.8372104144274632	0.09348918264800962	0.0972	2.992428278114568	0.011145488541657741	0.0766	2.984155732418676	0.03517934498538919	0.12	2.77174337643066	0.027664929566339688	0.0883	2.921862049771113	1.3515347418872243	0.0	2.9837745872869585	1.5791634096677505	0.0	3.0075057548792032	1.4396821839142662	0.0	2.8570266787539165	1.2510310489168526	-0.2016	2.8559500962106195	0.997840098095683	-0.1613	3.0371892687389055	0.9640979553074379	-0.12	2.9285096186170767	1.272222939437953	0.2016	2.915787866088471	1.0412710847595734	0.1613	3.066252808293854	0.9744434277175629	0.12
12	0.2	2.877296025342886	0.8262278194742613	0.0	2.855215983201995	0.8109103971243355	-0.105	2.8937499146458614	0.4251636802755546	-0.0886	2.8264867182190665	0.048408361738110264	-0.0972	2.9974650229845237	-0.015606586878166545	-0.0766	2.9737117551010757	-0.04978510658346263	-0.12	2.7849019764878777	-0.024278335333552975	-0.0883	2.9041312248641082	0.8241167668192988	0.105	2.9111317480768215	0.44939496785946964	0.0886	2.83726675325676	0.0933962230443938	0.0972	2.9926264148058466	0.011123729310181699	0.0766	2.9840978014866715	0.0345588196484317	0.12	2.7718393185395347	0.027455022643354865	0.0883	2.9218981498520926	1.351734023260388	0.0	2.9838659962997864	1.5789937764759792	0.0	3.007744984701649	1.439773856722167	0.0	2.85710014019514	1.2511257472499753	-0.2016	2.8561082567411096	0.9976085013944811	-0.1613	3.037543282489857	0.9642420321502521	-0.12	2.928661896026277	1.2721741865223353	0.2016	2.9159275169877255	1.0410697099887074	0.1613	3.0664560096797597	0.9744863648694837	0.12
13	0.21666666666666667	2.8773018486768795	0.8263439237922459	0.0	2.8552435383774903	0.8102549205319112	-0.105	2.89375581487847	0.42558775984874414	-0.0886	2.826783825805708	0.04829126110220225	-0.0972	2.9978933850618628	-0.015829523662311135	-0.0766	2.9741302281037796	-0.04982881573756402	-0.12	2.7848941028405516	-0.024822352804762762	-0.0883	2.9042300415299973	0.8241685766096825	0.105	2.9111351094315463	0.4497795263874216	0.0886	2.837296662544527	0.09336894104817042	0.0972	2.9928089479269286	0.01094962406735299	0.0766	2.9840532179285986	0.034261086408175614	0.12	2.7718820776163855	0.027046861617158233	0.0883	2.9219107988882134	1.351866286257311	0.0	2.9841444560598855	1.5789435309422177	0.0	3.00791194820605	1.4398959990110507	0.0	2.8571511339287237	1.2511482433924819	-0.2016	2.8562597767163327	0.9974185250120265	-0.1613	3.0381469617936108	0.9644227285419261	-0.12	2.928652391681625	1.2721258520497436	0.2016	2.9159002328607437	1.0410087254348905	0.1613	3.066658623337247	0.9745938624768846	0.12
14	0.23333333333333334	2.8773195302780707	0.8266251694564543	0.0	2.8553250211672565	0.8102635162905922	-0.105	2.893795022083616	0.42601777455286827	-0.0886	2.827136389645536	0.048533945262105374	-0.0972	2.998435029033142	-0.01597127693997985	-0.0766	2.9743852950248533	-0.04986730377420339	-0.12	2.78494823964835	-0.025271607879954777	-0.0883	2.904343992469695	0.8244233485554427	0.105	2.911155058422155	0.4504194622697352	0.0886	2.8373188476147417	0.09341384698009708	0.0972	2.992994418189759	0.010609777786339869	0.0766	2.9840428573814166	0.03422328653829759	0.12	2.7718850741845045	0.026792785051444418	0.0883	2.921943280424286	1.3519526088372484	0.0	2.9844417910745227	1.579151074280757	0.0	3.0080807464709802	1.4399141683918815	0.0	2.8572828116486306	1.2511434358542732	-0.2016	2.856420789002668	0.9973340902221207	-0.1613	3.038872920084496	0.964645280669385	-0.12	2.928802237484341	1.2720753861627176	0.2016	2.9159032613157683	1.0413073841443592	0.1613	3.0668451507023273	0.9746442325863591	0.12
15	0.25	2.8773633151426568	0.8269214746682854	0.0	2.855435040958246	0.8107851997639316	-0.105	2.8938839920182162	0.42632816033565357	-0.0886	2.8275327296744437	0.04884608806553099	-0.0972	2.999195711325506	-0.016072145258637587	-0.0766	2.9745398142684585	-0.04990967779872475	-0.12	2.785102268804153	-0.025507673478594332	-0.0883	2.9044701207358883	0.8249228633849489	0.105	2.9111873444732566	0.45108395936106904	0.0886	2.8373291379789114	0.09381542405352274	0.0972	2.9930458769115673	0.010271433727407214	0.0766	2.9840172691792453	0.03452319718810597	0.12	2.771871733692813	0.026816067880495828	0.0883	2.9220577739779925	1.3519872452262196	0.0	2.984756468903298	1.5794540761743867	0.0	3.0084225067927046	1.4398835687394425	0.0	2.857560741788459	1.2511119855204016	-0.2016	2.8565840821235136	0.99727520051291	-0.1613	3.039362669699501	0.9649555193277642	-0.12	2.92929858213226	1.272015172787876	0.2016	2.9159720869604193	1.0417314432897318	0.1613	3.067031501319398	0.9746142005654252	0.12
16	0.26666666666666666	2.877422824271714	0.8269838631270268	0.0	2.8554363703844237	0.8110308779368657	-0.105	2.894008234335422	0.4262829902218821	-0.0886	2.8279141521425406	0.04883023340794436	-0.0972	3.000131925384648	-0.01612867473042729	-0.0766	2.974664149740361	-0.04996905259402805	-0.12	2.7853048326540852	-0.025936997125988487	-0.0883	2.904614897638081	0.8253013539686779	0.105	2.9112075212451	0.45142528365735923	0.0886	2.8373225341777646	0.09426463444009167	0.0972	2.993182429133204	0.009989399488943479	0.0766	2.98403578430627	0.03485911171840436	0.12	2.77185751093985	0.02685019000638754	0.0883	2.9223052955767597	1.3519873412335066	0.0	2.985003869633011	1.579822166661841	0.0	3.0091999176450974	1.4398240884580162	0.0	2.8579330053082876	1.251083455308411	-0.2016	2.8566745650919376	0.9972365991480127	-0.1613	3.0398449811194146	0.9653362516595891	-0.12	2.9301893507253083	1.2719460243787282	0.2016	2.9161576745922644	1.042084703314964	0.1613	3.0672259484186837	0.9745281344854815	0.12
17	0.2833333333333333	2.877456524639598	0.8267463446579324	0.0	2.855399719132802	0.8108664097083079	-0.105	2.8941112595871803	0.425795589688006	-0.0886	2.8281503173004183	0.04844863348497987	-0.0972	3.000685565415732	-0.01623267399068784	-0.0766	2.974737005855146	-0.05004713226962841	-0.12	2.78537857117286	-0.026555824484350787	-0.0883	2.9047198286237332	0.8251076608538984	0.105	2.911187355423122	0.4514949287341044	0.0886	2.837331101246236	0.09443414247829518	0.0972	2.993389279056834	0.009581999320256385	0.0766	2.984066028372227	0.03492754383220108	0.12	2.7718669141510985	0.026709746228646192	0.0883	2.9226666471043816	1.3519860458126671	0.0	2.9852675344099384	1.5800065928035032	0.0	3.010538796257423	1.439753193898316	0.0	2.858132983597692	1.2511252679458156	-0.2016	2.856721875349516	0.9972460744352921	-0.1613	3.040281354245739	0.9656252277683806	-0.12	2.930980593338149	1.271889750153213	0.2016	2.9162450716460495	1.0420937927212846	0.1613	3.067382161184717	0.9744241214035514	0.12
18	0.3	2.8774464798141897	0.8260946987689863	0.0	2.855345825786812	0.8100369224021942	-0.105	2.894161130791202	0.42480549366709774	-0.0886	2.828260533619539	0.04745386956858036	-0.0972	3.0010420034330227	-0.0163326749880845	-0.0766	2.974726573218434	-0.05014904833319982	-0.12	2.78540959601897	-0.02733467110625782	-0.0883	2.904695286993533	0.8240670713037799	0.105	2.911105023588004	0.4504803523812835	0.0886	2.8373394386349178	0.09405325220225101	0.0972	2.9936155170394927	0.009146200165759288	0.0766	2.984082584122468	0.034512919848888476	0.12	2.772095815675849	0.026532526415762203	0.0883	2.9231633984623997	1.3519965857277716	0.0	2.9855571543470822	1.5798842997757137	0.0	3.01170753640937	1.4396902893881323	0.0	2.858298595365505	1.2512755965459461	-0.2016	2.8567283821852665	0.9973052966080426	-0.1613	3.04033244821421	0.9655089182163901	-0.12	2.9313973630901784	1.271860258161867	0.2016	2.916335182435335	1.0416709130231814	0.1613	3.067505508525432	0.9742981146447396	0.12
19	0.31666666666666665	2.8774024564295972	0.8250896830792547	0.0	2.855356832376948	0.8083947893893778	-0.105	2.894147019369774	0.4238707629045981	-0.0886	2.8283052590162026	0.046563741111540394	-0.0972	3.0011604574010704	-0.016540746649451515	-0.0766	2.974577588726514	-0.05027345892525096	-0.12	2.7854191025742105	-0.027688022121878313	-0.0883	2.904752252678833	0.8226097040344226	0.105	2.9109741924585975	0.448541558806001	0.0886	2.837315469815467	0.09287900475816024	0.0972	2.993753214835641	0.008615427452414712	0.0766	2.9840840341356913	0.03360051205767259	0.12	2.772707163617023	0.026391514960359158	0.0883	2.923747029630822	1.3520343205901233	0.0	2.985552922359784	1.5791702127962546	0.0	3.012354322106788	1.439635625804889	0.0	2.858416512800601	1.2516098866277512	-0.2016	2.8566620911533254	0.9974364538330197	-0.1613	3.0399626256573353	0.9645179097501841	-0.12	2.931458372451988	1.2718727876887255	0.2016	2.9163997793590792	1.0410533137922904	0.1613	3.067685930851001	0.9740627863512858	0.12
20	0.3333333333333333	2.8773084391397665	0.8242334594366681	0.0	2.8553644376271174	0.8066671918981391	-0.105	2.894095101254406	0.4233807363737301	-0.0886	2.8282558111255436	0.04602367270559546	-0.0972	3.001005600837247	-0.016851393020132173	-0.0766	2.9743336790213553	-0.05037350375852784	-0.12	2.7854182016069267	-0.027742981653359124	-0.0883	2.904694201781582	0.8214520519897491	0.105	2.910805837757644	0.44714666176473006	0.0886	2.837286306997456	0.09157025847822696	0.0972	2.993849489588736	0.008285451761366844	0.0766	2.984057796415859	0.03277121004914561	0.12	2.7736958755249987	0.026131124140504947	0.0883	2.924089324412889	1.352081906826217	0.0	2.984888325994944	1.5778008145436277	0.0	3.0129346488273896	1.439539675214562	0.0	2.8585158782427715	1.2520606687618774	-0.2016	2.8565361861910183	0.9975953373423074	-0.1613	3.03927478929033	0.9633930661768711	-0.12	2.931266211893669	1.2719230240386472	0.2016	2.9164881858295346	1.040256260863179	0.1613	3.067781463093144	0.9737302411293642	0.12
21	0.35	2.877167841596719	0.8238717853846502	0.0	2.855408184672746	0.8060655317934214	-0.105	2.894023720857924	0.4232193562178188	-0.0886	2.828163611607235	0.04523269849188852	-0.0972	3.000947333354308	-0.01723244341806491	-0.0766	2.9740275725702743	-0.05046585847394515	-0.12	2.7854422451258944	-0.027822339575084204	-0.0883	2.904602220573496	0.8209721455438058	0.105	2.910607084302632	0.44651682239484036	0.0886	2.8372644131021696	0.09067075358222404	0.0972	2.993791724559434	0.008017534803657383	0.0766	2.9840141512297387	0.031767572666705934	0.12	2.774559039558642	0.025817849381233965	0.0883	2.9242023315984564	1.352144033714611	0.0	2.9834640993395216	1.5765471498176769	0.0	3.0131333175475876	1.439374016989615	0.0	2.8585207085916156	1.2521926711562945	-0.2016	2.856362292267518	0.9977690231175007	-0.1613	3.038272126035848	0.9625951181864942	-0.12	2.930953403984806	1.272021180275665	0.2016	2.9164634496511495	1.039615932021461	0.1613	3.0676449881916676	0.973358357090424	0.12
22	0.36666666666666664	2.8769805800006236	0.8236633495569647	0.0	2.855474354384272	0.8058641769116673	-0.105	2.893953320900484	0.4230812157171491	-0.0886	2.828055160643082	0.0439165920160539	-0.0972	3.000911181163336	-0.017833194947344137	-0.0766	2.973749775338565	-0.05055558307438077	-0.12	2.7855243874993287	-0.028156779622625333	-0.0883	2.9045377896121645	0.8208241623544927	0.105	2.9103484685633063	0.44543191851324904	0.0886	2.8372030392866154	0.09001279135372411	0.0972	2.9936389649447435	0.00778143759380534	0.0766	2.9839768317397994	0.030643290343101703	0.12	2.7751913844088674	0.02544277298734192	0.0883	2.9241904956737512	1.3522529130397751	0.0	2.9814435347545514	1.5754251909667851	0.0	3.01314196247878	1.439042363475666	0.0	2.858454904007504	1.2524090403382742	-0.2016	2.856139988351612	0.9979668556869108	-0.1613	3.0371137624890334	0.9617734514677394	-0.12	2.9306185905317794	1.2721872500911913	0.2016	2.916522304937225	1.0390512384077941	0.1613	3.067512946054118	0.9729613495072352	0.12
23	0.3833333333333333	2.876779767885915	0.8235325750986808	0.0	2.8554323905315626	0.8056928745003525	-0.105	2.893902681596591	0.42294585109993404	-0.0886	2.827889736132785	0.04224915738243999	-0.0972	3.0008441469724563	-0.018504311648697175	-0.0766	2.973398905863593	-0.050663440323646	-0.12	2.7855844692420937	-0.028554684552691424	-0.0883	2.9046048127077646	0.820855073669615	0.105	2.9100371711686077	0.44385180028741394	0.0886	2.8370738533491298	0.08890838799490684	0.0972	2.9935543083156273	0.007563887813225825	0.0766	2.983964495336543	0.029847421494035964	0.12	2.7753250069419217	0.024867763446429395	0.0883	2.9241529964402573	1.352509976700535	0.0	2.9801170836711672	1.5748322719391	0.0	3.013205832863841	1.4385154409964933	0.0	2.858497057510139	1.2530064443804352	-0.2016	2.8558844175889897	0.9982284432020619	-0.1613	3.036455962453173	0.961086352133304	-0.12	2.9301858706375437	1.2725713457320522	0.2016	2.9166552535665486	1.0385241434414119	0.1613	3.0674799262486174	0.9726261307828838	0.12
24	0.4	2.87663110468678	0.8233164150271525	0.0	2.8554288686637683	0.805565292806757	-0.105	2.893783817473023	0.42277057237156046	-0.0886	2.827646208744089	0.04064390533913155	-0.0972	3.0007546702976473	-0.018960970527627186	-0.0766	2.9729581823612605	-0.050758626638785484	-0.12	2.7856099207326657	-0.028818293210695414	-0.0883	2.904646124756113	0.8207954892924665	0.105	2.9096925581313835	0.4421960225672364	0.0886	2.836864404800195	0.08735958401084054	0.0972	2.9934534417122642	0.007362011030057722	0.0766	2.983996294757858	0.02954024953264915	0.12	2.7752073597001843	0.02420921504925934	0.0883	2.9241577277858517	1.3530651985834163	0.0	2.9790289534795904	1.5738428917714955	0.0	3.013625520127904	1.4379294712524482	0.0	2.8585830941258403	1.2537468826178915	-0.2016	2.855680107296377	0.9985088825376017	-0.1613	3.0358237193359616	0.9605988632990803	-0.12	2.9297731437207815	1.273410370701703	0.2016	2.916973847413227	1.0379815605938203	0.1613	3.0675556657972036	0.9724359861752918	0.12
25	0.4166666666666667	2.876569681523499	0.8230312556299582	0.0	2.8554794687481575	0.8054697685898593	-0.105	2.893531175538469	0.42254714505691987	-0.0886	2.8273049844436007	0.03953327588432459	-0.0972	3.000641490388564	-0.019205696045164845	-0.0766	2.972427896731577	-0.05084783647087862	-0.12	2.785579337279317	-0.028989726854852474	-0.0883	2.904659763396873	0.820677377057911	0.105	2.909295449479623	0.44130024481113356	0.0886	2.8365446445720535	0.08549417555139044	0.0972	2.9932879493377924	0.00718969734211676	0.0766	2.983900736330975	0.029344647145639266	0.12	2.775218860742813	0.0235600124515557	0.0883	2.9241565952959956	1.3540367421289035	0.0	2.9774890986445945	1.572547974127893	0.0	3.0146845182170523	1.4374548536728067	0.0	2.858721163647865	1.2546870236957097	-0.2016	2.8555801854577543	0.9987571759423339	-0.1613	3.035321387865892	0.9610193807638747	-0.12	2.9294853583837304	1.274593748000974	0.2016	2.917595194757984	1.0372817894156265	0.1613	3.0677488489652793	0.9724331216539652	0.12
26	0.43333333333333335	2.8766195008380113	0.8230446274196674	0.0	2.8554020325844163	0.8054693568806389	-0.105	2.8932154535258734	0.4224053777581244	-0.0886	2.827004644454642	0.03884992155066276	-0.0972	3.0005373172707954	-0.019303528902290236	-0.0766	2.972078489958765	-0.050923540981055324	-0.12	2.7854846771121413	-0.029068075247182787	-0.0883	2.9047492978395306	0.820779638261808	0.105	2.9088156531343112	0.4408527626244332	0.0886	2.83610395052698	0.08483072223724064	0.0972	2.9930568128730486	0.007219818093947755	0.0766	2.9837862714387398	0.029434348595619608	0.12	2.7750777936252704	0.023196620573143784	0.0883	2.9242087765213203	1.3548105985138035	0.0	2.976592937965679	1.5719824567418776	0.0	3.0159345525271757	1.4370943929335003	0.0	2.858931786719974	1.2557361598582497	-0.2016	2.8556072039951172	0.9990656909923947	-0.1613	3.034886974396745	0.9620701825257973	-0.12	2.929323110002711	1.2758347520977105	0.2016	2.9181674346079935	1.0365643406512874	0.1613	3.0679327161736545	0.9728683061320854	0.12
27	0.45	2.876761042422454	0.8233674071821508	0.0	2.8553284743394105	0.8056981717838372	-0.105	2.892916058118312	0.4223561659978581	-0.0886	2.826817963562804	0.03844248764412331	-0.0972	3.000600341362206	-0.019286338905824284	-0.0766	2.971994477104008	-0.05089328262558222	-0.12	2.7854642336599356	-0.029035693998853133	-0.0883	2.9047646970967698	0.8207813882118823	0.105	2.9085770461027627	0.44086815753591424	0.0886	2.835571674618097	0.08469568063572944	0.0972	2.9928839448617897	0.007406050138072065	0.0766	2.983735717099391	0.02967756109732654	0.12	2.7750314546826362	0.023063138514744425	0.0883	2.9243426749948145	1.3553362768489092	0.0	2.9756253258402365	1.5718488828406927	0.0	3.0173799172483124	1.4370256963923567	0.0	2.8592476779426863	1.2569297569759448	-0.2016	2.855739953294119	0.9995212337378027	-0.1613	3.0343985259170276	0.9632779746305504	-0.12	2.929180248969546	1.2771057725079071	0.2016	2.91846013315386	1.0363908068737075	0.1613	3.067985735674771	0.9733872736755375	0.12
28	0.4666666666666667	2.876942688944945	0.823775547094068	0.0	2.8553027767893657	0.8058941184120983	-0.105	2.8929584303524876	0.4224629090563068	-0.0886	2.8266826826613483	0.0392196604288301	-0.0972	3.000664932473902	-0.01911374956734551	-0.0766	2.9720204676329898	-0.05076026202381579	-0.12	2.7855508462330882	-0.028893931414710576	-0.0883	2.904803300185528	0.8206943511973155	0.105	2.9085345205304174	0.44187521945474356	0.0886	2.834916256770573	0.08490638960564467	0.0972	2.9927599222752193	0.007777223646612985	0.0766	2.9837544168066756	0.03005549372243327	0.12	2.7750909345067525	0.02306429138352986	0.0883	2.9245297899870244	1.3557551008851676	0.0	2.9762264756203325	1.5718614423319595	0.0	3.018000516821231	1.4370024301912314	0.0	2.859667301457023	1.2577911111786444	-0.2016	2.8559321607239148	1.0001893047733714	-0.1613	3.0341421828106547	0.9647969749204348	-0.12	2.928884429425045	1.2780616488723244	0.2016	2.918301844698137	1.0369791627546152	0.1613	3.0677613080327717	0.974123827840388	0.12
29	0.48333333333333334	2.877198847414483	0.8243677310088754	0.0	2.8553824375106305	0.8061715839435183	-0.105	2.8930958925659302	0.4229399912408283	-0.0886	2.8265009340521714	0.04060465876209024	-0.0972	3.000618284244627	-0.018856195283233464	-0.0766	2.9720904926861533	-0.050389381568345354	-0.12	2.7855871132038175	-0.028715705988733783	-0.0883	2.904971497285172	0.8208726557162727	0.105	2.9086279556303225	0.4426507758234647	0.0886	2.8345211703309725	0.08522229133204906	0.0972	2.992739092589242	0.008176677941411789	0.0766	2.98385893239718	0.03035570298382914	0.12	2.775342131785427	0.02326757337001288	0.0883	2.9247902129150405	1.3561380938206167	0.0	2.977269352225882	1.5719924698095664	0.0	3.01818272489541	1.4368811046271401	0.0	2.860246519966093	1.2584534451876626	-0.2016	2.856223048918515	1.0009343627312095	-0.1613	3.0340775666504523	0.9661853335005802	-0.12	2.9286665498952	1.2790186107846542	0.2016	2.918187407901801	1.037975664080892	0.1613	3.067505529690303	0.9753297992020554	0.12
30	0.5	2.87767238498263	0.8249697033912758	0.0	2.8556998409719627	0.8064477213635877	-0.105	2.893308437974521	0.42344245673853376	-0.0886	2.8262675985829997	0.04137027054707236	-0.0972	3.0006641524992377	-0.01857683473774801	-0.0766	2.9722468216585263	-0.04984981815480469	-0.12	2.7857367613708615	-0.028573937652215345	-0.0883	2.905473086009192	0.8210061045487242	0.105	2.908991077806256	0.44304262635888947	0.0886	2.8346715333915387	0.08544214962108959	0.0972	2.992967201490338	0.008447624078825156	0.0766	2.9841830543050407	0.030576323964029456	0.12	2.7760759503302657	0.023463272595066392	0.0883	2.9253105421511187	1.3571175571930116	0.0	2.9780911987380962	1.5721312398973446	0.0	3.0191331891476287	1.436807978142512	0.0	2.8611764489430778	1.259414544681098	-0.2016	2.8567891204739424	1.0014715481851129	-0.1613	3.034266010893023	0.9671819689486565	-0.12	2.9288151244481355	1.2796944161808774	0.2016	2.9187475898528024	1.0389619676663722	0.1613	3.0675986173334966	0.9773324442548815	0.12
31	0.5166666666666666	2.878726742236033	0.8255414492420476	0.0	2.8565214224100006	0.8067287264128851	-0.105	2.893810350629372	0.42380529815842416	-0.0886	2.826760796092499	0.041896473911259224	-0.0972	3.0011209651369803	-0.018372452326611846	-0.0766	2.972637706482909	-0.04911908741830112	-0.12	2.7863127862978305	-0.028437910413651325	-0.0883	2.9066880732742053	0.8209619900637296	0.105	2.91000136097892	0.44332904758516517	0.0886	2.835582561741948	0.08552631773678006	0.0972	2.993839682985311	0.008707311788428151	0.0766	2.9851400608304512	0.030791738920654177	0.12	2.7778567998725365	0.02365704834082255	0.0883	2.9265445404263395	1.3586916071279342	0.0	2.9791504677601317	1.5724211391590286	0.0	3.020865921549798	1.436851136268394	0.0	2.8626256223078808	1.2600853638442435	-0.2016	2.858081644933032	1.002145634756097	-0.1613	3.0349884455648692	0.9678287346287668	-0.12	2.9298183629352446	1.2802142815976771	0.2016	2.9199536493650364	1.0399361181460334	0.1613	3.068236130604157	0.9791210853875548	0.12
32	0.5333333333333333	2.8808193213897058	0.8261949016981006	0.0	2.8582907810477653	0.8071165033640129	-0.105	2.895454049100734	0.4243030675877195	-0.0886	2.8287216083813003	0.04264117804999312	-0.0972	3.002519700353302	-0.018171496268324844	-0.0766	2.9735258769612467	-0.04839924266246222	-0.12	2.787902642554644	-0.02829653687877176	-0.0883	2.9085444614234195	0.8208135239546339	0.105	2.912291477702553	0.44370351827226473	0.0886	2.837064444249589	0.08575486467576646	0.0972	2.996220398166128	0.009015167560097945	0.0766	2.987624148273938	0.031011129619424357	0.12	2.780591265816231	0.023820815887467636	0.0883	2.929215758201013	1.3597463316145981	0.0	2.981370747037944	1.5727868227535289	0.0	3.0243151051171875	1.4371276975049587	0.0	2.8642363504342807	1.2610205772344985	-0.2016	2.8605861358113125	1.0030629160622528	-0.1613	3.036644133695983	0.9682162302237478	-0.12	2.932320662623474	1.280894519369107	0.2016	2.9230090390256778	1.0407188662949056	0.1613	3.0699676234894118	0.9799752594503003	0.12
33	0.55	2.88347373587786	0.8274032872442431	0.0	2.8604353884735443	0.8076794925552507	-0.105	2.8990968486038664	0.4250801440396412	-0.0886	2.832702618850614	0.04392418067668147	-0.0972	3.005279472577941	-0.017960018822714967	-0.0766	2.975645775413792	-0.04782954407562635	-0.12	2.7910274886496267	-0.02813715396055052	-0.0883	2.910630197513234	0.8208592701358948	0.105	2.916568592136489	0.444306597666941	0.0886	2.8396408682397163	0.08616965837313556	0.0972	3.000394893968363	0.009410379401472518	0.0766	2.9917541333782807	0.031227840802766874	0.12	2.7835339278061606	0.02398964245621378	0.0883	2.933098407907356	1.3607796319493304	0.0	2.9868068623907194	1.5732923554988818	0.0	3.026478702346652	1.4376909619979399	0.0	2.8652056410048	1.2622688504882216	-0.2016	2.863305654865101	1.00427757689873	-0.1613	3.039915131266099	0.968617775570239	-0.12	2.9376090220247666	1.281727601639482	0.2016	2.927553422321573	1.0416214482905644	0.1613	3.072584273707942	0.9811803911328746	0.12
34	0.5666666666666667	2.8842703186499037	0.8293026119211389	0.0	2.8614832098426435	0.8085620456512148	-0.105	2.9010029398631585	0.42606491909581584	-0.0886	2.835176192221193	0.04693857366907485	-0.0972	3.0072229328745976	-0.017649333442879202	-0.0766	2.9783396827610367	-0.0473194716505288	-0.12	2.792991794586587	-0.027954862027002314	-0.0883	2.911817185895377	0.8209133312626474	0.105	2.9178028090841344	0.44532867597574954	0.0886	2.8418521058536266	0.08653517191169696	0.0972	3.0017438705942823	0.009593519942543177	0.0766	2.9930548030654203	0.03138585925350276	0.12	2.784334705826039	0.024271998958732846	0.0883	2.934184461819965	1.3618018437619623	0.0	2.9905205081235047	1.5740551667820257	0.0	3.0280966066878063	1.438730196962197	0.0	2.865947073245866	1.2629809173970914	-0.2016	2.8644197286602044	1.0054037300480436	-0.1613	3.0436944063034996	0.9689052432981262	-0.12	2.9407999144256265	1.2826676393819294	0.2016	2.9292564638264187	1.0429485138935024	0.1613	3.0746782794164647	0.9826489226987184	0.12
35	0.5833333333333334	2.88443257261608	0.8298979324609133	0.0	2.8618451276752053	0.8088644312792438	-0.105	2.901369809550438	0.4276798151121001	-0.0886	2.8357162103793745	0.048379410214884025	-0.0972	3.007652399337523	-0.01718715559264867	-0.0766	2.9790069711948926	-0.046425691004113215	-0.12	2.793369542360008	-0.02761034408688818	-0.0883	2.912326215281134	0.8209600974504668	0.105	2.918225107835537	0.4474056438226621	0.0886	2.8424948312306904	0.08720091439068858	0.0972	3.001919233213217	0.009856887419383023	0.0766	2.993164120280739	0.031615576595991596	0.12	2.78463612151474	0.02471761663187637	0.0883	2.934943335164525	1.362556447982496	0.0	2.9907666448582773	1.5756552402744732	0.0	3.0291866353574446	1.4397853637680753	0.0	2.8661132444500974	1.2629289579593788	-0.2016	2.864833978537264	1.0052446790637333	-0.1613	3.044407036225841	0.9690944571164767	-0.12	2.9418187804706486	1.28284541824385	0.2016	2.929506420931399	1.0451945155481939	0.1613	3.076049816533372	0.9827334830261653	0.12
36	0.6	2.8844559614185044	0.8296419373498264	0.0	2.86203201157902	0.8087177019977259	-0.105	2.9010663823785783	0.4284790910713506	-0.0886	2.8355787867319817	0.04783689005388436	-0.0972	3.0075880074003405	-0.016898936891027325	-0.0766	2.978886738057058	-0.044915395666925546	-0.12	2.7932760106826278	-0.026939565829601247	-0.0883	2.912531578172159	0.8208453077483876	0.105	2.9181709971565803	0.44857132446515285	0.0886	2.8426326638790744	0.08837301692203314	0.0972	3.0016163139490617	0.010404722842732805	0.0766	2.9930036172507655	0.0321044846896819	0.12	2.7846573681278586	0.02550638767779803	0.0883	2.9341789504009395	1.3632256586974638	0.0	2.989337107828221	1.5768584039396762	0.0	3.0293169802354205	1.4403105036522272	0.0	2.8654979279949364	1.2631997982474277	-0.2016	2.8640321279874117	1.004867107380986	-0.1613	3.0442766517843944	0.9692027799195732	-0.12	2.941742656372926	1.2831527119138963	0.2016	2.928384156880153	1.0459375492950551	0.1613	3.0764885442325247	0.9825113358389304	0.12
37	0.6166666666666667	2.8844370138687654	0.8288706308574836	0.0	2.86214201059444	0.8082500863872518	-0.105	2.9009433373296747	0.427820562475167	-0.0886	2.8352937920810817	0.04638587064000513	-0.0972	3.0075368300155656	-0.015671506832355027	-0.0766	2.9788076015434006	-0.044841765348961726	-0.12	2.7931137497062473	-0.025832625660031784	-0.0883	2.9125416987580106	0.8203860955297184	0.105	2.9180507740875674	0.4475682010999362	0.0886	2.8425526967837507	0.08863312504758313	0.0972	3.001117712935974	0.011336911268554406	0.0766	2.992914158533913	0.03298141501082262	0.12	2.7846422658193886	0.02688348496826913	0.0883	2.9334945226026594	1.3622208913933318	0.0	2.9887397832910225	1.5768724460230308	0.0	3.0280574589558067	1.4396699076972177	0.0	2.865066712746666	1.2622293554176753	-0.2016	2.8629006818099407	1.0045602826316884	-0.1613	3.0440465730258053	0.9693359209600211	-0.12	2.940568138984445	1.282151278416187	0.2016	2.9281598471459938	1.0448577371583476	0.1613	3.076831555362977	0.9823834863946144	0.12
38	0.6333333333333333	2.8842669646142185	0.8266170235268645	0.0	2.8621261435966443	0.8068800808248003	-0.105	2.9009721670236255	0.42563129761556834	-0.0886	2.835138580804899	0.043737588694955656	-0.0972	3.007549980004689	-0.016200069604455927	-0.0766	2.978905654307946	-0.04660247681646831	-0.12	2.793039439374842	-0.02659013488001935	-0.0883	2.912494069307174	0.8188853887811306	0.105	2.9177454008473678	0.44537182917360413	0.0886	2.8422642210937688	0.08762672987372733	0.0972	3.000993272489906	0.010644749203628678	0.0766	2.9928235594365393	0.03245303179078343	0.12	2.784471135550921	0.027337136049071356	0.0883	2.933052884694376	1.3598685378392328	0.0	2.9884449409452776	1.574543057327812	0.0	3.0260384765204718	1.4376915878400551	0.0	2.864620512822322	1.2600342041773294	-0.2016	2.8622546064184275	1.0022385163954257	-0.1613	3.0440925492894553	0.9687343432631542	-0.12	2.9398643698396763	1.2799848724084764	0.2016	2.9281009034505057	1.042076548597297	0.1613	3.077185155887719	0.9804524875250153	0.12
39	0.65	2.884053453737683	0.8227745928034592	0.0	2.8620659192614664	0.8037787204120179	-0.105	2.9010236960294615	0.4218793932085376	-0.0886	2.8350468589294153	0.03763493411350155	-0.0972	3.0076481217092548	-0.017569071548502166	-0.0766	2.9791815413286558	-0.048697927204717925	-0.12	2.793043569061335	-0.028448585794329052	-0.0883	2.9123008466849845	0.8156108332517079	0.105	2.9173574276879553	0.4413197570533369	0.0886	2.8419542074480004	0.08534571394898512	0.0972	3.0007945607603883	0.009094998366023635	0.0766	2.9927133971696764	0.03122867492998141	0.12	2.7842707902969863	0.026132955111278222	0.0883	2.932561077914077	1.35744331731884	0.0	2.9882741622956304	1.5698237182582506	0.0	3.0242988410807805	1.4330327344498255	0.0	2.864188737366763	1.2570598091967984	-0.2016	2.8619219500138806	0.9981774934926949	-0.1613	3.0442633322171657	0.9680290123699196	-0.12	2.9395770192650654	1.2776194932860194	0.2016	2.9281139448007676	1.0378941977970326	0.1613	3.0774463458699466	0.9779921354241249	0.12
40	0.6666666666666666	2.883814585779093	0.8190405015645179	0.0	2.8619745195892463	0.8004142424645957	-0.105	2.901095626420439	0.4183486633078737	-0.0886	2.8350363775348475	0.03370617744849877	-0.0972	3.0077246836671763	-0.01933182136785195	-0.0766	2.9793361828723737	-0.05142800178904229	-0.12	2.79303942005964	-0.031488662824105625	-0.0883	2.9121662257095693	0.8128076691395547	0.105	2.9168870038002264	0.43857680569013313	0.0886	2.841687980774474	0.0828825536384969	0.0972	3.0006448225500644	0.006753969290220721	0.0766	2.9925683756676933	0.029467374786381534	0.12	2.784052961105241	0.024452634226397985	0.0883	2.9322413751527923	1.3542705791061032	0.0	2.9882394605745133	1.5660055592502211	0.0	3.0229721060987234	1.4295368571223714	0.0	2.8636444296583488	1.2526599012736042	-0.2016	2.8617557722202163	0.9936066950797842	-0.1613	3.0445121192208213	0.9673204192534203	-0.12	2.9395473832735237	1.274684342254006	0.2016	2.9280744950758066	1.0341431438407183	0.1613	3.0776087499639897	0.9742984292262258	0.12
41	0.6833333333333333	2.883589971173574	0.8179268036193508	0.0	2.8618215427582627	0.7991121194953147	-0.105	2.901173636424394	0.41693026080925655	-0.0886	2.834855900490053	0.031606051972330254	-0.0972	3.0076758723631603	-0.021253218972616568	-0.0766	2.9794115330988364	-0.0532976768185732	-0.12	2.792915679349466	-0.03409770476791067	-0.0883	2.9119605146844383	0.8119916990825412	0.105	2.916331074978056	0.4369216526420859	0.0886	2.8414259673024578	0.08015124995868307	0.0972	3.0005086987797633	0.004836244111657409	0.0766	2.9923971066176187	0.0276914398409681	0.12	2.7837873013265835	0.022141037903824393	0.0883	2.9320638778957933	1.3527572920401312	0.0	2.9881916716119084	1.5633855461014943	0.0	3.0218482648567604	1.4266894851687686	0.0	2.8629719343502984	1.2515447325885272	-0.2016	2.861732659404532	0.9917820249382288	-0.1613	3.044802913339113	0.9667444391164707	-0.12	2.93958299488616	1.2736217043227378	0.2016	2.92817419335383	1.032712764689732	0.1613	3.0775468252880196	0.9718141434808109	0.12
42	0.7	2.8833789804591214	0.8174071496638832	0.0	2.861420074854314	0.7985554054126853	-0.105	2.901071906951828	0.4165645642153511	-0.0886	2.8346054178368156	0.030851915132336996	-0.0972	3.0075721375354334	-0.022127890056644763	-0.0766	2.9794065068505913	-0.0537061274209089	-0.12	2.7927762195655386	-0.03501942428340245	-0.0883	2.9118278859439797	0.8115270354412697	0.105	2.9158882647235944	0.4361530804439798	0.0886	2.841277710716355	0.07817791040897894	0.0972	3.0004766952052626	0.003992194720898318	0.0766	2.99224726883945	0.026621578489354675	0.12	2.7835542528819004	0.020966939519465114	0.0883	2.9319437945037663	1.35215504523173	0.0	2.9881039911107283	1.5627756121267204	0.0	3.0206769006909617	1.42583782004006	0.0	2.8620880461151277	1.250577713081443	-0.2016	2.861690744164541	0.9911064939482127	-0.1613	3.0449211976888715	0.9661765374274016	-0.12	2.9396138565982297	1.2735825595458095	0.2016	2.92834634557875	1.0317440789898997	0.1613	3.0776388495642744	0.9710163116041914	0.12
43	0.7166666666666667	2.8831909370926803	0.8180647148500373	0.0	2.8610796077831946	0.7990231382114573	-0.105	2.9009747670525745	0.41657611053425336	-0.0886	2.834460079798002	0.030546532452561115	-0.0972	3.0074637248301443	-0.02214683696854869	-0.0766	2.9794464571481214	-0.053630834840804775	-0.12	2.792707986872233	-0.03547664258226575	-0.0883	2.911659199109978	0.812192687169589	0.105	2.915410170193956	0.43605516822089735	0.0886	2.841262955287685	0.07764997564106044	0.0972	3.0004656905305294	0.0038939609945615322	0.0766	2.9921235802410675	0.02623697600739419	0.12	2.783345059657057	0.020361948471270305	0.0883	2.931675644053073	1.3526299963437447	0.0	2.9880522030548393	1.5630235148762308	0.0	3.019771460321779	1.4256354096584818	0.0	2.861096951552293	1.2506833205907424	-0.2016	2.861551779963698	0.9911576935426182	-0.1613	3.044870383940337	0.9659683419773835	-0.12	2.9396458016245335	1.274034076718287	0.2016	2.9284924982903275	1.031746942811819	0.1613	3.0776475663502296	0.9713038672139731	0.12
44	0.7333333333333333	2.883065307127099	0.8187956607099305	0.0	2.8608673068930806	0.7995581798088658	-0.105	2.9007968453057664	0.4169321161716013	-0.0886	2.83438043535758	0.030903541413804206	-0.0972	3.007396859966746	-0.02196993902241976	-0.0766	2.9795404131690413	-0.0531417977757435	-0.12	2.7926676495507134	-0.035065779502257255	-0.0883	2.9115505584130235	0.812934399558712	0.105	2.9150122058982673	0.43615984447603645	0.0886	2.8413151985237324	0.07757702545880298	0.0972	3.0005026598379683	0.0042175179803492086	0.0766	2.992067764508523	0.026214384453877915	0.12	2.7832270831544	0.02008229944611399	0.0883	2.9315075666257777	1.353780744171853	0.0	2.9880334924694045	1.5633411566706654	0.0	3.01942683462501	1.42578921497239	0.0	2.8605313377267256	1.2520962019182131	-0.2016	2.8614168458580447	0.9920460897143176	-0.1613	3.044853125441612	0.9659208050789664	-0.12	2.9396315137751032	1.2742722597352163	0.2016	2.9287174478391886	1.0323585862036821	0.1613	3.0776869896255414	0.9722209271547738	0.12
45	0.75	2.882968445073877	0.8195663803523898	0.0	2.860730570072978	0.8002000201305719	-0.105	2.9004937521617107	0.4174358401138881	-0.0886	2.8343724436203988	0.0318219668340019	-0.0972	3.0073389362092358	-0.021822855361536053	-0.0766	2.979547504400899	-0.05288000602485178	-0.12	2.792603275871574	-0.03382663037448558	-0.0883	2.9115304104915847	0.8137323713411788	0.105	2.9147521188722756	0.4366066361690282	0.0886	2.8413823494483403	0.07782883483494726	0.0972	3.0005662404127555	0.004499067972078358	0.0766	2.9920539009476266	0.026176476227979792	0.12	2.7831502902378196	0.019871634209370992	0.0883	2.931387750878697	1.3543378431182638	0.0	2.9879818807638876	1.563936640176808	0.0	3.0192255653650983	1.4264729061681347	0.0	2.8602890175677587	1.2540058597839892	-0.2016	2.8613157194438403	0.9931000442742779	-0.1613	3.044808709217421	0.9659437066769746	-0.12	2.939782404808365	1.2744401674757064	0.2016	2.929092941577807	1.0337716963089496	0.1613	3.0776860479386197	0.9734384778769786	0.12
46	0.7666666666666666	2.8828805434671922	0.819974096628704	0.0	2.860638763812015	0.8006751140037919	-0.105	2.900250096106068	0.41775643927244505	-0.0886	2.8343089908059844	0.032707408723313444	-0.0972	3.0072804238895396	-0.021717262460523773	-0.0766	2.9794267581399	-0.05257203941037414	-0.12	2.792499751179148	-0.032604484710288	-0.0883	2.911547489720224	0.814172108849644	0.105	2.91451946900656	0.436930802482372	0.0886	2.8414621471239445	0.07834802855104966	0.0972	3.0006641171211412	0.0047134399661563076	0.0766	2.9920843362104406	0.026152361301335345	0.12	2.783093248455202	0.019705858910462337	0.0883	2.931288594594368	1.3546849037023767	0.0	2.9879258854402453	1.5646730015753714	0.0	3.0191156331704287	1.4273085845143287	0.0	2.860157065732765	1.2551633822162374	-0.2016	2.861291737450002	0.9938230719450853	-0.1613	3.0447034275460942	0.9660014421490589	-0.12	2.9397654363772654	1.274652231407307	0.2016	2.9295180749227923	1.0349960738820052	0.1613	3.0776023748899903	0.9739198265739697	0.12
47	0.7833333333333333	2.8828056324189686	0.8202376361616716	0.0	2.8605719783280854	0.8010582187780153	-0.105	2.9000448405228094	0.4180213866755261	-0.0886	2.8341513547284793	0.03306305123139189	-0.0972	3.007226594423128	-0.021606823644686822	-0.0766	2.979221622563594	-0.0523010137100297	-0.12	2.7923682733500157	-0.032009238423662885	-0.0883	2.9115500672641588	0.8144528983471038	0.105	2.9143890983825367	0.4371714399675501	0.0886	2.8415713765768587	0.0787533933365202	0.0972	3.0008217866669713	0.004883510332984467	0.0766	2.992190355749929	0.02642421633256424	0.12	2.783058371686718	0.019730077261097587	0.0883	2.9311337357114446	1.355031045301383	0.0	2.987826537303728	1.5655078370600193	0.0	3.019061514354314	1.4277039571453456	0.0	2.860061366423343	1.2557742111320724	-0.2016	2.86128984818872	0.9943402693923566	-0.1613	3.0445467442674365	0.9660696696039679	-0.12	2.9398484790493686	1.2748408717392157	0.2016	2.929717747238744	1.0356243897142563	0.1613	3.077487497705748	0.9744238160933907	0.12
48	0.8	2.882746581545232	0.8203923239410484	0.0	2.8605212139406038	0.801316750104485	-0.105	2.899804878552822	0.4181082193503123	-0.0886	2.8339345876309285	0.033004078165266265	-0.0972	3.007184867007421	-0.021560590463832303	-0.0766	2.979024125522971	-0.052125265866832	-0.12	2.792248604124539	-0.031599872344300534	-0.0883	2.911529737867607	0.8146433114079532	0.105	2.914416036392907	0.4371309821805499	0.0886	2.841743914403783	0.07870425619470159	0.0972	3.001057151601277	0.005016915913028858	0.0766	2.9923948311621413	0.0266667482232264	0.12	2.7830472622189975	0.01980854169545071	0.0883	2.930980523189926	1.3554381592099272	0.0	2.9877189863116036	1.5659901228964141	0.0	3.0190478841339794	1.428000777651094	0.0	2.860003539718863	1.256657379205799	-0.2016	2.8612908941463884	0.9946768829773487	-0.1613	3.0443719099311206	0.9660911008696551	-0.12	2.9401201385671283	1.2750951118719664	0.2016	2.9296786615791817	1.0360161808109574	0.1613	3.0774044672477427	0.9749962731584654	0.12
49	0.8166666666666667	2.882697892413489	0.8204803550386464	0.0	2.8604825159011873	0.8014797577858709	-0.105	2.8995882698981705	0.4180965493520264	-0.0886	2.83370721972963	0.03286348074521295	-0.0972	3.007145336959688	-0.021675184272731525	-0.0766	2.9788972854222413	-0.05210481757841226	-0.12	2.792110870780438	-0.031202397608600087	-0.0883	2.911487121038112	0.814760077420537	0.105	2.9145502619496364	0.4369985730931404	0.0886	2.841985469452262	0.07812653994250629	0.0972	3.0013172869247597	0.005047573861864149	0.0766	2.9926549504230078	0.02671836046114058	0.12	2.7830497418545277	0.019839456932306446	0.0883	2.930852000732621	1.3559075906387599	0.0	2.9876261632069325	1.5661594299365047	0.0	3.0191063064657437	1.4280973491314697	0.0	2.8599656912963654	1.257051258726206	-0.2016	2.8612676609002183	0.9948438225825412	-0.1613	3.0440974958140847	0.9659555011783785	-0.12	2.9397260280949618	1.2752642848805256	0.2016	2.929459660967778	1.0364648809172636	0.1613	3.0773446177764843	0.9758086732877282	0.12
50	0.8333333333333334	2.882660121288624	0.8205449564711139	0.0	2.860455971053062	0.8015068779637748	-0.105	2.899404397343173	0.41807485943457245	-0.0886	2.833547221593911	0.032725592617332	-0.0972	3.0071088431244193	-0.021983675248657505	-0.0766	2.9788132019352926	-0.05230538372790032	-0.12	2.7919539823515835	-0.031208302470298037	-0.0883	2.9114499475726374	0.8147799701157417	0.105	2.914685074970936	0.43687124162953384	0.0886	2.842303638194298	0.0780985438818074	0.0972	3.0015056609212403	0.004952447242122224	0.0766	2.9928576324641614	0.026527015144496513	0.12	2.783064280598783	0.019910856092318616	0.0883	2.9307661363026614	1.356233811028174	0.0	2.9875038936051888	1.5658336377744542	0.0	3.0192740126736006	1.427898797005013	0.0	2.85994199265487	1.2560813978671908	-0.2016	2.8612043705859516	0.9948978485459903	-0.1613	3.0437223505303157	0.9656122261404053	-0.12	2.9392689261089173	1.275137347859649	0.2016	2.929477654840482	1.0366528054493085	0.1613	3.0773255834815743	0.9761086646568712	0.12
51	0.85	2.8826245644962585	0.8204419979145271	0.0	2.860432003647416	0.8014271860980602	-0.105	2.8992648130316785	0.4178632142660095	-0.0886	2.8334303727369594	0.03244859162338273	-0.0972	3.007081261865371	-0.022420582373455213	-0.0766	2.978775691506195	-0.0527454612241705	-0.12	2.7917933044626357	-0.031778880061058626	-0.0883	2.911446635118633	0.8147264409779421	0.105	2.914854826846604	0.43659736207216804	0.0886	2.8426189744530905	0.07768028289619082	0.0972	3.0016505632269124	0.0047294596010481055	0.0766	2.9930513240621273	0.026106038864793554	0.12	2.7830782647267465	0.020000650748533508	0.0883	2.9306846187870295	1.3561976845352426	0.0	2.987389485260771	1.5643984096082821	0.0	3.0194319541449626	1.4270763409784541	0.0	2.859971612726326	1.255871491974235	-0.2016	2.861065337359256	0.9948521224338671	-0.1613	3.0433303980195014	0.9647890649071671	-0.12	2.9390653028040234	1.2745155955749172	0.2016	2.929822509542319	1.0362844537186588	0.1613	3.077306286917988	0.9755498143879472	0.12
52	0.8666666666666667	2.8825965744919495	0.8201632040096791	0.0	2.8604039979289624	0.8012336587285154	-0.105	2.8991784346573626	0.41749540499472054	-0.0886	2.833343116719559	0.0321626899279651	-0.0972	3.0070685207285015	-0.022848572383998608	-0.0766	2.978779325081235	-0.05337403916977358	-0.12	2.7916058107506263	-0.03267264591605125	-0.0883	2.911465793942798	0.8145667872317526	0.105	2.9150303331447063	0.4362879652153946	0.0886	2.8428296640685105	0.07727273354235778	0.0972	3.0017629734190625	0.004215123728127879	0.0766	2.993190729514811	0.025532663019586677	0.12	2.783079359186949	0.01988885355216627	0.0883	2.930551272001007	1.3556170539699055	0.0	2.9873576358180296	1.5615822796894383	0.0	3.019475713249875	1.4251429215828004	0.0	2.859974194649731	1.2550112611986828	-0.2016	2.8608638992483897	0.9947672332562245	-0.1613	3.043028101034983	0.9633971880592797	-0.12	2.9386353047452562	1.2733494079193854	0.2016	2.929855893239611	1.0356265361625574	0.1613	3.0773024029762155	0.9743396843474937	0.12
53	0.8833333333333333	2.882572084059323	0.8197637724968103	0.0	2.8603676274856635	0.8010519508755544	-0.105	2.8991184374447054	0.41717801915511316	-0.0886	2.8332941364328335	0.032041421206209134	-0.0972	3.0070510338890943	-0.02319743083146173	-0.0766	2.9787737992793044	-0.05402414669761793	-0.12	2.7914610104735122	-0.03353764046470552	-0.0883	2.9115131160302745	0.8143123504611095	0.105	2.9152267965480174	0.4361309684884865	0.0886	2.8429615012664424	0.07697932200545134	0.0972	3.001871068653048	0.0035594696195552777	0.0766	2.9933034659394786	0.024787830730141944	0.12	2.7830547070023606	0.01943694301916611	0.0883	2.9303870668116287	1.3547021593972635	0.0	2.9875140120141683	1.5597755160281523	0.0	3.0194703613638034	1.4235866787572318	0.0	2.8599654881972394	1.253887840854438	-0.2016	2.860673411381014	0.9946886074113641	-0.1613	3.0428316607415082	0.9618604951473789	-0.12	2.938196310076024	1.2719839792804362	0.2016	2.92989547857674	1.0349117342563219	0.1613	3.077188150451103	0.972493890149415	0.12
54	0.9	2.882551080715393	0.8194677826978811	0.0	2.860331497916385	0.8009234214707285	-0.105	2.8990813508491744	0.4169343210272251	-0.0886	2.833301992186166	0.031994757091855425	-0.0972	3.0070504580339183	-0.0233639545143796	-0.0766	2.978761491747864	-0.054403664884081424	-0.12	2.791453224122313	-0.0341617452939629	-0.0883	2.911567285510869	0.8140927450914351	0.105	2.915392234700322	0.43608155676540106	0.0886	2.843075611135148	0.07694032510719141	0.0972	3.0019249327368795	0.002969486040544103	0.0766	2.993340625879635	0.024089201260196036	0.12	2.783011299036836	0.018704459356073205	0.0883	2.930218511030814	1.3532659611179774	0.0	2.9879675036217983	1.5590910904260218	0.0	3.0193419063935014	1.422414899514603	0.0	2.859976927009699	1.2533530336387655	-0.2016	2.8604388478847294	0.9946777599836267	-0.1613	3.042547054170977	0.9612346920375996	-0.12	2.937718140855601	1.271385198684677	0.2016	2.929733160730549	1.0344097283860156	0.1613	3.077037865903016	0.9711577532664817	0.12
55	0.9166666666666666	2.88253390289526	0.8193778164584763	0.0	2.8603040052074076	0.8008037658453997	-0.105	2.899062634625556	0.4167980169722665	-0.0886	2.833348518995213	0.03200385509069269	-0.0972	3.007083805006413	-0.023393095077341615	-0.0766	2.9787636335391388	-0.05467598724074738	-0.12	2.7915937852309027	-0.03465868944483802	-0.0883	2.911605618605836	0.8139051123229645	0.105	2.9154917702842873	0.43611685701246183	0.0886	2.84311272895743	0.07710465009555971	0.0972	3.001897424938099	0.0022486156376954336	0.0766	2.9933213146662547	0.02353692697869221	0.12	2.7829529176644248	0.017864105098528982	0.0883	2.9300761437080376	1.3520329778984235	0.0	2.9887318305587383	1.5589151415542915	0.0	3.0190221849795478	1.4209755846132628	0.0	2.8600163978599995	1.2532212261847255	-0.2016	2.860248644421461	0.9947182285079071	-0.1613	3.0421843433124605	0.960892256183813	-0.12	2.9371208005199434	1.2710707677141473	0.2016	2.9291790157298814	1.0342321808512267	0.1613	3.0767686792459457	0.9706452785135747	0.12
56	0.9333333333333333	2.8825237251707585	0.8193963338762682	0.0	2.8602991925175694	0.8007253593385681	-0.105	2.8990606734678677	0.41668313372473104	-0.0886	2.8333860193324503	0.031978667431901406	-0.0972	3.0071927634600697	-0.023444847813144397	-0.0766	2.9787753685585123	-0.054809526253617104	-0.12	2.791779961692918	-0.03482870254933193	-0.0883	2.911625907561143	0.8138175964678693	0.105	2.915538774145335	0.4361476419537722	0.0886	2.843048257999623	0.07706319398508926	0.0972	3.001827296787407	0.0014714037420255344	0.0766	2.9932756314356435	0.022877507884704648	0.12	2.7828843869320172	0.016989919109286808	0.0883	2.9299876647334853	1.3515499072551753	0.0	2.9893795747346354	1.5588247224902396	0.0	3.0186245365058846	1.419946036822277	0.0	2.86012349380864	1.2533173554006698	-0.2016	2.8600059391054016	0.994778372171374	-0.1613	3.0414077513552975	0.9613602147191712	-0.12	2.9367542568294662	1.271086922383236	0.2016	2.928315430872041	1.034191842863002	0.1613	3.076267150385861	0.9704326863450152	0.12
57	0.95	2.8825234516130154	0.8194853752697367	0.0	2.860334508109176	0.8006888753884343	-0.105	2.899082072874048	0.41667142917864475	-0.0886	2.8334181318812433	0.03197413764468052	-0.0972	3.0074284036121233	-0.023515580799465807	-0.0766	2.9788093809669216	-0.054696012922793205	-0.12	2.792019979291386	-0.0343745718907016	-0.0883	2.9116287936078464	0.8138479587064968	0.105	2.9155519674283523	0.43626497427250305	0.0886	2.8428976814705136	0.07687024216259915	0.0972	3.0017417102608124	0.0010970612706845545	0.0766	2.9932260268093285	0.02258113748694217	0.12	2.782809439302965	0.01635845869684789	0.0883	2.929941288996149	1.351472195816553	0.0	2.9899315508505366	1.5590029567095247	0.0	3.0182854533217065	1.4197527523321494	0.0	2.8603308733230124	1.2534035171344382	-0.2016	2.8597965192580515	0.9948702434962596	-0.1613	3.040169307915088	0.961694502068984	-0.12	2.936132027762614	1.2718387258246646	0.2016	2.926838789110315	1.034530845396715	0.1613	3.075183619010572	0.9703332530135065	0.12
58	0.9666666666666667	2.882539868857879	0.8195821547530941	0.0	2.8604576730069717	0.8008297563174575	-0.105	2.899126257009972	0.41673118151925775	-0.0886	2.8334275428787046	0.03200167212217325	-0.0972	3.0078212958569086	-0.023561176454232786	-0.0766	2.9788896828534317	-0.05456461441467275	-0.12	2.792446046329461	-0.03369490351818345	-0.0883	2.9116245589481964	0.8139280671766469	0.105	2.9155494940374402	0.4364501769914571	0.0886	2.8427263849310864	0.0767615178730681	0.0972	3.001639269856725	0.0008048639629606308	0.0766	2.993178802814576	0.022462340617307106	0.12	2.78273774979906	0.015945442036590318	0.0883	2.9299243409013327	1.3514780008677516	0.0	2.9903119327515353	1.5592519865052243	0.0	3.0182185842586504	1.4196971705872847	0.0	2.8606997752815713	1.2534649801517679	-0.2016	2.8595204907128844	0.9950029904216057	-0.1613	3.0383137920522	0.9620524522539085	-0.12	2.9348756122029465	1.2724558394753067	0.2016	2.924716948593417	1.0349396574193248	0.1613	3.0730319541076567	0.9703076299339393	0.12
59	0.9833333333333333	2.8825718584329243	0.819610371658215	0.0	2.860711891276708	0.8010187249108465	-0.105	2.8991733783674585	0.416817385729779	-0.0886	2.833416155470145	0.03204657903434732	-0.0972	3.0082765636222755	-0.023643416721378742	-0.0766	2.978988271061682	-0.05440996592389036	-0.12	2.7929906736038315	-0.03289720508205124	-0.0883	2.9116158310025075	0.8139678437394093	0.105	2.915535925111583	0.43662524899316074	0.0886	2.842572896999654	0.0765314000132721	0.0972	3.0015002292305875	0.0005794367489258129	0.0766	2.993127633697259	0.02228053914927039	0.12	2.782677773998964	0.01569609192245848	0.0883	2.9299105190514148	1.3514879727727935	0.0	2.990578879563827	1.5594763092946264	0.0	3.0190382370906517	1.4195566758020932	0.0	2.8612140765003775	1.2534958110361614	-0.2016	2.859316435991153	0.9951088627445979	-0.1613	3.036085755060299	0.9622507226426654	-0.12	2.93299575365066	1.2728358439567198	0.2016	2.9232315802681197	1.035355104089237	0.1613	3.070726313160545	0.9703192461963099	0.12
60	1.0	2.8826159761283376	0.8195916174943896	0.0	2.861136393219851	0.8012639406114692	-0.105	2.8992062909623124	0.41696905066091705	-0.0886	2.8334075796725697	0.0320963924907484	-0.0972	3.008583451899367	-0.023586218856602365	-0.0766	2.9790917674377764	-0.05411279915062995	-0.12	2.793444593746527	-0.032128990497704714	-0.0883	2.9116140201437264	0.8140048549580512	0.105	2.9155218381845165	0.4367873834660751	0.0886	2.8424274614413854	0.07630959016998547	0.0972	3.0013340320634447	0.00044720171910174467	0.0766	2.993095542208286	0.022160889108034293	0.12	2.7826535603325193	0.015606933893666922	0.0883	2.9298943831262876	1.3515187267293662	0.0	2.9907764083107464	1.5596733520448294	0.0	3.0201720675086374	1.4194529668348814	0.0	2.8617723235102104	1.2535377285794482	-0.2016	2.8591768769940544	0.9951871750505048	-0.1613	3.0355507591939705	0.9623852616912734	-0.12	2.9320673000476463	1.2731891975406047	0.2016	2.922926611586381	1.035726203067779	0.1613	3.070256309800584	0.9703695401424467	0.12
61	1.0166666666666666	2.8826763490232414	0.8195487057328941	0.0	2.861662108613462	0.8015966625344381	-0.105	2.8992472281199255	0.4170874392518653	-0.0886	2.8334439595358947	0.03220215302853727	-0.0972	3.00880535981646	-0.02353301183894939	-0.0766	2.9791817183747535	-0.05377929273159002	-0.12	2.793856589708581	-0.03161120315929595	-0.0883	2.9116110334302148	0.8140133644043959	0.105	2.9154999956500838	0.43689642124427897	0.0886	2.8423231748946742	0.07629426165238455	0.0972	3.001140190536228	0.0004839679521178031	0.0766	2.99310782285054	0.022145222484921553	0.12	2.7826634987858254	0.015567872058676185	0.0883	2.929875061592133	1.3515115542738043	0.0	2.990877606312427	1.5598847491118397	0.0	3.021298013353354	1.4192147003543776	0.0	2.862127441667866	1.2535404162070483	-0.2016	2.859122333790763	0.9952199105319457	-0.1613	3.035392449915129	0.9624630746730056	-0.12	2.931793646098973	1.27350508994668	0.2016	2.9227034635840927	1.0359264713297867	0.1613	3.070110713240747	0.9704432577916539	0.12
62	1.0333333333333332	2.8827469625296755	0.8194839686433777	0.0	2.8620510782105426	0.8018124455707567	-0.105	2.8992971343217393	0.4171253478455121	-0.0886	2.833534406426857	0.0322903214281101	-0.0972	3.0089089592025493	-0.023518084572378854	-0.0766	2.9792361111941315	-0.053536516006696906	-0.12	2.7941873921790474	-0.031329255924767103	-0.0883	2.911599369840267	0.8138078018310364	0.105	2.9154684786393146	0.43681454420107474	0.0886	2.8422652647177697	0.07625244599764429	0.0972	3.00094171479467	0.0005170568298189931	0.0766	2.993086695054311	0.022089529952086337	0.12	2.7827252351082166	0.015567261614189296	0.0883	2.929834337071971	1.3514460750787645	0.0	2.990880249372537	1.5598855106269522	0.0	3.021853549016019	1.4188541751020671	0.0	2.862358738048072	1.2534559371995295	-0.2016	2.8590961494266804	0.9952099310951006	-0.1613	3.0353092130502564	0.9625041766392274	-0.12	2.931848684091814	1.273693378125191	0.2016	2.9225739312137993	1.0358123100686627	0.1613	3.0701306099244774	0.9706071645188747	0.12
63	1.05	2.8827957958996446	0.8193714620211847	0.0	2.862333090766993	0.8015187074153046	-0.105	2.8993399783578737	0.41701749099245206	-0.0886	2.8336419476989287	0.0323203411885926	-0.0972	3.0088452439484104	-0.02355922579717845	-0.0766	2.9792581173712445	-0.0533793896874601	-0.12	2.794439822592185	-0.03118971717295281	-0.0883	2.911581240588692	0.8134170106628633	0.105	2.91542967285299	0.43657436156742413	0.0886	2.842244970448345	0.07604644124874053	0.0972	3.000765511479074	0.0005051310034125955	0.0766	2.9931431498801984	0.02195884344047938	0.12	2.782920699656915	0.015577188134350967	0.0883	2.9297481516712716	1.3513408489354806	0.0	2.9908875389643423	1.5597198174460432	0.0	3.02219481089075	1.418575753693055	0.0	2.862431297563169	1.2532481845775052	-0.2016	2.8589678767793125	0.9951290082831987	-0.1613	3.035316891145801	0.962530151570612	-0.12	2.931979288567943	1.2735573819381918	0.2016	2.9224907127927344	1.0355802593267946	0.1613	3.0700730284180384	0.9708222536165537	0.12
64	1.0666666666666667	2.8828199450908785	0.8191775181800243	0.0	2.8624294279253473	0.8004785674453443	-0.105	2.8993755834400736	0.4166910247971449	-0.0886	2.8337581804018033	0.032237220368039055	-0.0972	3.0088029102464566	-0.023669728851295126	-0.0766	2.9792465159804418	-0.053310512705016626	-0.12	2.794686153725261	-0.03120912416501339	-0.0883	2.911551643248885	0.8128472657925816	0.105	2.915385779345769	0.4361526023792488	0.0886	2.842276120155222	0.07552048825391604	0.0972	3.000652946230638	0.0004291890295448769	0.0766	2.9932178893407446	0.02177927779632624	0.12	2.7832308107510184	0.01557278863417677	0.0883	2.9296285426965447	1.3512394320617889	0.0	2.9907733137793224	1.559228958020875	0.0	3.0225519048509817	1.4183692140401671	0.0	2.862377955982643	1.2529276726229397	-0.2016	2.8586948686587412	0.9949897489394233	-0.1613	3.0352209969519057	0.9625299124984614	-0.12	2.9321155679855173	1.273066963989964	0.2016	2.922567494361359	1.0352710811574688	0.1613	3.069729641492017	0.9710289166992132	0.12
65	1.0833333333333333	2.88282098280111	0.8188809264496798	0.0	2.862368149046431	0.7988399943216722	-0.105	2.8993942745325696	0.41621693710490487	-0.0886	2.833862442279049	0.03204510420175348	-0.0972	3.0087339594179845	-0.023780355542630173	-0.0766	2.9791918949046514	-0.05333304801816406	-0.12	2.7948107425334583	-0.03122055544124655	-0.0883	2.911488479687993	0.8121247701930672	0.105	2.9153451149531797	0.43564872489326645	0.0886	2.842357010604827	0.07469194947598648	0.0972	3.0005938820628164	0.0003045743486124741	0.0766	2.9933278366419853	0.021664787868508062	0.12	2.7836604830833673	0.015574708424416717	0.0883	2.9295051552343474	1.351187598191055	0.0	2.990644566300106	1.5587190315879014	0.0	3.022747706310182	1.4182220770745615	0.0	2.8622647085245245	1.252594177617607	-0.2016	2.858236300679195	0.994846217435825	-0.1613	3.0350713278763015	0.9624721088826153	-0.12	2.9321236711149528	1.272388827873657	0.2016	2.922642748719883	1.034868566377674	0.1613	3.0692550720225045	0.9712293216708823	0.12
66	1.1	2.8827923481402697	0.8184106314851175	0.0	2.862293784842736	0.7972614099993285	-0.105	2.899337399538905	0.4156273857688944	-0.0886	2.833948832237436	0.03161555692290351	-0.0972	3.0086710401271195	-0.023879690638256693	-0.0766	2.979130673920746	-0.05337835063191996	-0.12	2.794883544079946	-0.031205872288346877	-0.0883	2.911417482547965	0.8114392201105429	0.105	2.9153100118156554	0.4349511671192514	0.0886	2.842444229330675	0.07345057604742643	0.0972	3.0005837704396696	0.0002522217668256277	0.0766	2.993482853331648	0.021597282943250612	0.12	2.7841862453371786	0.01568258886777285	0.0883	2.9294185314776886	1.3512074232471758	0.0	2.990179988242008	1.5578957626891994	0.0	3.022966151718872	1.418109213493754	0.0	2.862174303188636	1.2523444372019388	-0.2016	2.857658997880753	0.9947270006994469	-0.1613	3.034978389763635	0.9624167221330667	-0.12	2.9319466581151588	1.2717688235285636	0.2016	2.922702197478869	1.0342338400269313	0.1613	3.069011267403255	0.9713772332629275	0.12
67	1.1166666666666667	2.882657940908085	0.8178743036234966	0.0	2.862251285838876	0.7964301265386713	-0.105	2.899189645997688	0.4150039060630691	-0.0886	2.8340169268742583	0.031015425275355932	-0.0972	3.008617591680201	-0.02402374108144964	-0.0766	2.9790680494348227	-0.05344073405834829	-0.12	2.794925030499468	-0.031252612885830776	-0.0883	2.9113457748710108	0.8108458791218766	0.105	2.915287544617991	0.43423948930176615	0.0886	2.842534392083645	0.0725406814871744	0.0972	3.0006549464793713	0.0002675303261198275	0.0766	2.9936658922125954	0.02154558681334666	0.12	2.7845381504196967	0.01579876845774436	0.0883	2.9293626896268843	1.351243184387763	0.0	2.9896446900102847	1.556721602832361	0.0	3.023346196785506	1.4180110480142514	0.0	2.8620969926293793	1.25214338452098	-0.2016	2.856944943672956	0.9946247502903641	-0.1613	3.034941125337139	0.9623958043846278	-0.12	2.9317693465613925	1.2713590230301197	0.2016	2.9225913438660966	1.033360983064222	0.1613	3.068838405749695	0.9714293091355328	0.12
68	1.1333333333333333	2.8824850992480426	0.8174586444454277	0.0	2.862230759389082	0.7961997123193026	-0.105	2.899034137929097	0.4146875583761238	-0.0886	2.8340680937727534	0.030599334220958466	-0.0972	3.008562013423946	-0.02419384328952426	-0.0766	2.9789982306644593	-0.05350371518836195	-0.12	2.79492375777506	-0.03135372231661963	-0.0883	2.9112715942841163	0.8105888774003609	0.105	2.9152859243236904	0.4338739072432085	0.0886	2.842616345668495	0.07217190367485403	0.0972	3.000722459526679	0.0005357052229999631	0.0766	2.9938088877020523	0.021573592492356047	0.12	2.7846117073305297	0.015893185967611745	0.0883	2.9293292930297588	1.3512340566592296	0.0	2.9892024883070407	1.5559569377413387	0.0	3.024014916169831	1.4179723688624257	0.0	2.862017472255267	1.251961754031089	-0.2016	2.8561536247083916	0.9945475938879507	-0.1613	3.03493616025634	0.9624603583251998	-0.12	2.931620044698776	1.2711044048988813	0.2016	2.922329202951095	1.032731820664673	0.1613	3.0688127231323055	0.9714001074053812	0.12
69	1.15	2.8822676700384187	0.8172815655708753	0.0	2.8621709541792573	0.7962526263087175	-0.105	2.89888431846793	0.41464111159948946	-0.0886	2.834072155307752	0.030451565449606102	-0.0972	3.0084854552534583	-0.024319406846416487	-0.0766	2.9789034140370165	-0.05354656835746677	-0.12	2.7947918990479073	-0.031479897088668884	-0.0883	2.9111592910967308	0.8104719738625327	0.105	2.915282988721692	0.4336907342853008	0.0886	2.8426740545807294	0.07188200799524487	0.0972	3.000755512510698	0.0007617916510928163	0.0766	2.9937731333903255	0.021602445397112577	0.12	2.784623154286646	0.01595531246873505	0.0883	2.929303210727638	1.3511875231479873	0.0	2.9888742740916365	1.5557819681820853	0.0	3.024955905502923	1.418040042770223	0.0	2.8619160041888922	1.251820593402016	-0.2016	2.855578378305137	0.9945035493598754	-0.1613	3.0349121994854187	0.9626179516088174	-0.12	2.931481665931133	1.2710304251225726	0.2016	2.9220769875474355	1.032516360918447	0.1613	3.0688643053730424	0.9713534798721215	0.12
70	1.1666666666666667	2.8820126840169857	0.8171890051284949	0.0	2.8620553369051813	0.796374227372512	-0.105	2.8987311822759625	0.41468195169743693	-0.0886	2.834023400533506	0.030412732863184244	-0.0972	3.0083895896671593	-0.024355942080937186	-0.0766	2.9787755176145896	-0.053548804033220654	-0.12	2.7945260980799613	-0.03155052235208787	-0.0883	2.910984402327235	0.8103621644042136	0.105	2.9152747613101337	0.43362532645621965	0.0886	2.8426839431492295	0.07167741269789801	0.0972	3.0007548326845384	0.0009381444252475335	0.0766	2.9938387090257566	0.02157579462658886	0.12	2.7846236488450553	0.015995859956889055	0.0883	2.9292875173171082	1.3511360450106373	0.0	2.9887085419079424	1.5557835301169858	0.0	3.025922623291633	1.4180071436175687	0.0	2.861797120726064	1.251792015673964	-0.2016	2.855236579335344	0.994527158452565	-0.1613	3.034881543455836	0.9628489687572714	-0.12	2.931398272463364	1.2710782294921545	0.2016	2.9218815466157757	1.032440927922734	0.1613	3.068966253458984	0.9712572717758916	0.12
71	1.1833333333333333	2.881738972091546	0.8171633107704935	0.0	2.861876903672254	0.7965359711211062	-0.105	2.8985001631962874	0.41480541065297116	-0.0886	2.833931367388654	0.03047153336600747	-0.0972	3.0082716929038975	-0.02427235030823431	-0.0766	2.9786059770353863	-0.05350248398114455	-0.12	2.7941701274255673	-0.03152335587651818	-0.0883	2.910737407606719	0.8103080907784991	0.105	2.91526661751153	0.4337557741878897	0.0886	2.842652062105511	0.07170473491098638	0.0972	3.0007242585232374	0.0010899295033853784	0.0766	2.9938404293572094	0.021531310651064353	0.12	2.7845887412025467	0.016020884633486332	0.0883	2.929289878478097	1.3510904247046498	0.0	2.988663853240143	1.5558548869932505	0.0	3.02633328789696	1.418138107989198	0.0	2.8616699464410815	1.2519299732919253	-0.2016	2.855059678335061	0.9946285274033554	-0.1613	3.034827174353309	0.9630510911546478	-0.12	2.931419234907512	1.2711251817756184	0.2016	2.9217349226262024	1.03247110383356	0.1613	3.0690701103324063	0.9711062760788064	0.12
72	1.2	2.8814899690279865	0.8172260267277236	0.0	2.861648415625317	0.7967870499462814	-0.105	2.89825480237596	0.4150439465010642	-0.0886	2.8338222658572185	0.030665658482612462	-0.0972	3.008127336807032	-0.024319746764109466	-0.0766	2.978407632681533	-0.05335372396602733	-0.12	2.793849862779258	-0.031616387798317394	-0.0883	2.9104607108840446	0.8104698602513477	0.105	2.9152788327156847	0.4341125386227359	0.0886	2.842610487453901	0.07223920971153107	0.0972	3.00067014919593	0.0012118436357339557	0.0766	2.9937943270220364	0.021530519617671856	0.12	2.7845399520574396	0.016030749490087343	0.0883	2.9293248854228846	1.351081954895915	0.0	2.988694872284881	1.5559641784369587	0.0	3.02650326348915	1.4182420504569258	0.0	2.8615496455297844	1.2522417480161858	-0.2016	2.854956689584552	0.994748842573057	-0.1613	3.0347091154211414	0.9632656114903992	-0.12	2.9314240894903096	1.2711731424079062	0.2016	2.9216208703743156	1.032634014143782	0.1613	3.06909748958831	0.9709620893445509	0.12
73	1.2166666666666666	2.881304182576242	0.8173613594600528	0.0	2.861372287343016	0.7970570502312704	-0.105	2.8979905760017513	0.41533764589047073	-0.0886	2.8337120765002264	0.030943887237731116	-0.0972	3.0079587605207267	-0.024179407863958606	-0.0766	2.9782076326064217	-0.053075249963571686	-0.12	2.793536278550762	-0.031487110475303386	-0.0883	2.9101968011873067	0.81069711974665	0.105	2.9153153310474598	0.4344052299904641	0.0886	2.842589599241567	0.07298829656387044	0.0972	3.0005979900041018	0.0013080149400351987	0.0766	2.9937824151684445	0.02164116768544673	0.12	2.784503059609645	0.0160211584165125	0.0883	2.9293920890281435	1.351131733323586	0.0	2.9887422568108066	1.556023292016734	0.0	3.0264920460979967	1.4183181463410308	0.0	2.861440144768551	1.2525214228567039	-0.2016	2.8549272890798902	0.9948859114206329	-0.1613	3.0344142945326076	0.9634859618953634	-0.12	2.931360328367626	1.2712230209484312	0.2016	2.921501729846941	1.032866164632427	0.1613	3.069046200442467	0.9709395959403927	0.12
74	1.2333333333333334	2.881142920648785	0.8174576800111548	0.0	2.861034091084362	0.7973582081816734	-0.105	2.8978072724801396	0.41566968612289557	-0.0886	2.8335911227293824	0.03128747051074565	-0.0972	3.007771051655544	-0.02398024037311631	-0.0766	2.978005275721175	-0.05274622969461372	-0.12	2.7933269332421746	-0.031161299612104003	-0.0883	2.9099921174927577	0.8108602716906517	0.105	2.915440561022366	0.43468883887957066	0.0886	2.842619704076136	0.07357740890411067	0.0972	3.000509468625198	0.0013767977641358925	0.0766	2.9938234618420014	0.021758748501136807	0.12	2.784464191607303	0.015981713560937263	0.0883	2.929498709798449	1.3512099975629974	0.0	2.988832765069896	1.556133402337478	0.0	3.026417719876341	1.418379525297943	0.0	2.8613459103159875	1.2527187613626127	-0.2016	2.8549366446597237	0.9950317421330687	-0.1613	3.03411434849693	0.963684542126398	-0.12	2.931291071251461	1.2712509661871203	0.2016	2.921413177389792	1.0330996874779526	0.1613	3.0689392975192127	0.9711329217899376	0.12
75	1.25	2.8809729597248337	0.8173775718083444	0.0	2.8607927913943842	0.7976035131367056	-0.105	2.897720127198147	0.4159594400614306	-0.0886	2.833460568799011	0.03169086451196998	-0.0972	3.007578081402543	-0.023818296779902666	-0.0766	2.977796316935368	-0.05233442802486364	-0.12	2.793224754820724	-0.030802822999467634	-0.0883	2.9099272454075455	0.8107231538099091	0.105	2.9156993512467997	0.43488868095012023	0.0886	2.8428233955148743	0.07387027667609838	0.0972	3.0004098633718326	0.0014056579095259453	0.0766	2.993846424276018	0.02180556686704012	0.12	2.7844218689126605	0.015892834501611816	0.0883	2.929617205935242	1.3513165133074314	0.0	2.988913015542947	1.5562778211686914	0.0	3.026457268073248	1.4184739567647664	0.0	2.861270089359562	1.252846343392803	-0.2016	2.8549776523132824	0.9951362880008058	-0.1613	3.033850659793271	0.9638026013094012	-0.12	2.9312385364454805	1.2712479381151904	0.2016	2.921375840281598	1.0333161568817586	0.1613	3.0688279258473106	0.9713818173818145	0.12
76	1.2666666666666666	2.8808389586777006	0.8173837362389639	0.0	2.860600876188072	0.7977864972319088	-0.105	2.8977290993418774	0.4161839243739107	-0.0886	2.8333363649109087	0.03210029512115822	-0.0972	3.0074261069058683	-0.023660524500965993	-0.0766	2.977626799939099	-0.05190507222475624	-0.12	2.7931277433493156	-0.030584205664169736	-0.0883	2.909911290778848	0.8106329126332433	0.105	2.9160363054223217	0.43484750467525735	0.0886	2.84317479204712	0.0741223220346432	0.0972	3.000320682248603	0.0014071637181631846	0.0766	2.993850279314819	0.021808770873310096	0.12	2.784398282818473	0.01574706350579895	0.0883	2.929715070381489	1.3514993857665571	0.0	2.988980447344795	1.5563739798142815	0.0	3.0265072284652232	1.41856188443587	0.0	2.861231387620579	1.2529381969821378	-0.2016	2.8551027234934443	0.9951894390932529	-0.1613	3.033687976294875	0.9637256751719119	-0.12	2.931228265298879	1.2712288678157166	0.2016	2.921439075295592	1.033471018553762	0.1613	3.0688357692295622	0.9715173358674642	0.12
77	1.2833333333333332	2.8807307113999894	0.8175188481186658	0.0	2.860463982055083	0.7978560284865304	-0.105	2.8978087144326485	0.4161854123608755	-0.0886	2.8332100976828087	0.032235750859344436	-0.0972	3.007314283280597	-0.02362977870310389	-0.0766	2.9774979683506912	-0.051578034293499164	-0.12	2.793013355769135	-0.030681965282191546	-0.0883	2.909896766531568	0.8105541323197947	0.105	2.916408483598661	0.43459507709255873	0.0886	2.843467715517243	0.07425983390573818	0.0972	3.000252458581205	0.0013890122135073873	0.0766	2.993833055550499	0.021747287470980994	0.12	2.7844024261820737	0.015540274081583358	0.0883	2.929801307300351	1.3517514816186706	0.0	2.989033526856977	1.5563628056194665	0.0	3.026533423075842	1.4186278885442136	0.0	2.8612284436696664	1.252995112335901	-0.2016	2.8552929947753736	0.9951963132800795	-0.1613	3.0335970541693236	0.9636185228077877	-0.12	2.931251092706156	1.2711832665104215	0.2016	2.9215922833795553	1.0334969618923362	0.1613	3.0688679242710664	0.9715270744321636	0.12
78	1.3	2.8805874010724777	0.817368689684014	0.0	2.8604487909206684	0.7976251441318403	-0.105	2.8979225683358028	0.41592220916791034	-0.0886	2.8330483504861514	0.032007656118204345	-0.0972	3.007212499806916	-0.023797135460521868	-0.0766	2.977382501044183	-0.0517308545371994	-0.12	2.7929538781110503	-0.031167575653071246	-0.0883	2.909839118716072	0.8105668113869933	0.105	2.9167508464655567	0.43395550530346877	0.0886	2.8435447750809906	0.07399490450253567	0.0972	3.0001895440172914	0.0013681248584128808	0.0766	2.993856057123716	0.021632494928047225	0.12	2.7844163453682462	0.015228054028267879	0.0883	2.929894596705804	1.3520370796778183	0.0	2.9890521937236603	1.5562018283993864	0.0	3.026488830126315	1.4186825064311372	0.0	2.8612478668048604	1.2530295485385363	-0.2016	2.855476059940558	0.9951831810644535	-0.1613	3.033521992769214	0.9635616660786026	-0.12	2.9312822803410676	1.2711597383854436	0.2016	2.921771391656392	1.0335951778720098	0.1613	3.0688761883444333	0.9712393719198764	0.12
79	1.3166666666666667	2.8804081552578977	0.8170843662688815	0.0	2.8604206855837333	0.7970410813474825	-0.105	2.8980505609417246	0.41520376011884313	-0.0886	2.832851738291263	0.03152660265446511	-0.0972	3.0071292555376337	-0.02406005717393459	-0.0766	2.977261646144719	-0.05222267281560646	-0.12	2.7929202645098083	-0.032014103622648844	-0.0883	2.909732134088818	0.8107113400220746	0.105	2.91712182642508	0.43317836483965544	0.0886	2.843448290625452	0.07345237725899381	0.0972	3.0001244427981932	0.0013361973425649876	0.0766	2.993872437596509	0.021424988303706524	0.12	2.78445043352948	0.014765738269615442	0.0883	2.929966069256179	1.3523074407937865	0.0	2.989029125336642	1.555885741370354	0.0	3.026374785969772	1.4187300222127464	0.0	2.861289304625167	1.2530449396781007	-0.2016	2.8556234157013853	0.9951613720866969	-0.1613	3.033437207398066	0.9634869875130319	-0.12	2.9313058323652745	1.2711178922698525	0.2016	2.92192073860964	1.0334926617634614	0.1613	3.0688445443210157	0.9704456742211914	0.12
80	1.3333333333333333	2.880230257066606	0.8167698517681979	0.0	2.8603725778258755	0.7963682429936504	-0.105	2.8981599261454676	0.4141119894129606	-0.0886	2.832652745907085	0.03065319351907543	-0.0972	3.007082139376214	-0.024450649400984077	-0.0766	2.977156872716	-0.05298705388679779	-0.12	2.792868851445866	-0.033558661660289354	-0.0883	2.9095975065345017	0.8104850034355052	0.105	2.9176532724305435	0.432604594541005	0.0886	2.8433388298176108	0.07288830944497086	0.0972	3.000073190613338	0.0012622423993782356	0.0766	2.993882257433729	0.02113926043616919	0.12	2.7845336629046855	0.014157433364514457	0.0883	2.9300106233962544	1.3525721873902898	0.0	2.9889840324378745	1.555635692090831	0.0	3.026242948193368	1.4187779609096778	0.0	2.8613579538316505	1.2530598996951616	-0.2016	2.8557442693157222	0.9951351400903601	-0.1613	3.033335526917933	0.9632854105977976	-0.12	2.931293895219831	1.2710841842500622	0.2016	2.92204237258629	1.0333777827345585	0.1613	3.068779882039465	0.9687530932639572	0.12
81	1.35	2.8800950574358244	0.8164603363478832	0.0	2.8603234989931	0.7958641620794423	-0.105	2.8982502551123863	0.4129898292021533	-0.0886	2.8324782032178093	0.02931507270608584	-0.0972	3.0070806118447377	-0.024845182426492134	-0.0766	2.9770891863268636	-0.05379047249061731	-0.12	2.7928233424730644	-0.03485569245271817	-0.0883	2.9094780723257365	0.810279197312968	0.105	2.9180746661467345	0.4319473125884271	0.0886	2.843202726485435	0.07228326619294963	0.0972	3.000028056970108	0.0011662179937057815	0.0766	2.9938832405610065	0.020835420587683284	0.12	2.784579137836698	0.013626194077975232	0.0883	2.930031870809762	1.3528351856102236	0.0	2.9889349075882463	1.5554450948388105	0.0	3.026118551241762	1.4188242040526906	0.0	2.8614301063774046	1.253083288219376	-0.2016	2.855838595139027	0.995105720158362	-0.1613	3.033229546326339	0.9630234553903747	-0.12	2.9312654923266015	1.2710654662937002	0.2016	2.922148399849246	1.0333488203607855	0.1613	3.068717784200642	0.9667907493680692	0.12
82	1.3666666666666667	2.879994683262346	0.8162117943137285	0.0	2.8602677593419603	0.7955808153193458	-0.105	2.898322170465879	0.4122647763537026	-0.0886	2.8323409450381907	0.02819593926781669	-0.0972	3.0071023724928856	-0.02519530262032124	-0.0766	2.9770426879214447	-0.05442800915925146	-0.12	2.7928011384598372	-0.03568879869450997	-0.0883	2.9093765727022767	0.8100689500994905	0.105	2.918303802332666	0.43141793750768886	0.0886	2.8431256399682447	0.0715120488712621	0.0972	2.999997301246965	0.001048306412250996	0.0766	2.9938786723497315	0.020537084877031056	0.12	2.784671145284949	0.013236092583130257	0.0883	2.930036583730667	1.3530564582275406	0.0	2.9888812432645993	1.5553417610870786	0.0	3.0259615148991026	1.4188720714661975	0.0	2.861525568253484	1.2531145019582361	-0.2016	2.8559071550983517	0.9950763369432956	-0.1613	3.0331400539473576	0.962716989286228	-0.12	2.9312225909232628	1.2710557238087083	0.2016	2.9222357703062536	1.0333317350218414	0.1613	3.0686749014431363	0.965748192403854	0.12
83	1.3833333333333333	2.879939093682176	0.8160203727596552	0.0	2.8602250674701213	0.7952830554802628	-0.105	2.8983793521091075	0.4119169034382181	-0.0886	2.832254568099478	0.027557770591556632	-0.0972	3.007127080549161	-0.0254344860222981	-0.0766	2.977019903700091	-0.0547551669050831	-0.12	2.7927819415379767	-0.036142435908376486	-0.0883	2.90929139147386	0.8098240082099509	0.105	2.9184502001016273	0.4311391064783813	0.0886	2.8430491384057093	0.07075772726446758	0.0972	2.9999631023613333	0.000940233645925409	0.0766	2.9938712776074263	0.020330814373613074	0.12	2.784741511619647	0.013148243311326621	0.0883	2.9300384668856587	1.353188415730864	0.0	2.9888329252551156	1.5552567484190263	0.0	3.025770174462009	1.4189158112681146	0.0	2.8616118428787454	1.2531481252128334	-0.2016	2.8559604998748465	0.9950458128458052	-0.1613	3.033077838031598	0.9623988853416843	-0.12	2.9312415556983065	1.2710413629300648	0.2016	2.922315054721478	1.0332650026915864	0.1613	3.068645999535839	0.9652742835493222	0.12
84	1.4	2.8799101347249096	0.815840020819106	0.0	2.8601954159547196	0.7951084112260186	-0.105	2.898397617532595	0.41175830552838305	-0.0886	2.8321973369707707	0.027168733681119925	-0.0972	3.0071205577359006	-0.025606670509567303	-0.0766	2.9770002755448903	-0.05492732083292085	-0.12	2.792742679942931	-0.0364615042837764	-0.0883	2.9091962496800647	0.8094931243242995	0.105	2.918553508203234	0.43105021346457323	0.0886	2.8429615104996153	0.07050410998720891	0.0972	2.999917462754861	0.0008563324485954954	0.0766	2.9938622659305585	0.02021963735469677	0.12	2.784760961457107	0.013289385657030917	0.0883	2.9300383328038846	1.3531870345246249	0.0	2.988785493108525	1.5551231806155266	0.0	3.0255366555973366	1.4189455893775211	0.0	2.8616481868937114	1.2531790398119962	-0.2016	2.8560003255242266	0.9950100813521352	-0.1613	3.0330265273527446	0.9620517777645152	-0.12	2.9312477940421977	1.2710177664478688	0.2016	2.922387410297409	1.0330698970237442	0.1613	3.0686202318385853	0.9649731271563013	0.12
85	1.4166666666666667	2.8798859421269514	0.8156454059616155	0.0	2.8601574298898442	0.7950560408077167	-0.105	2.898336924016283	0.4116734408960568	-0.0886	2.8321444752569516	0.026864425715151394	-0.0972	3.0071232666874956	-0.02578098659426213	-0.0766	2.9769737435425117	-0.055084461676546674	-0.12	2.7926420124802505	-0.036769965212013374	-0.0883	2.9090529906357285	0.8090982481494259	0.105	2.9186225292769112	0.4311278708064099	0.0886	2.842966750304165	0.07032895928375986	0.0972	2.9998859473334645	0.000805527997193814	0.0766	2.9938591138837802	0.020211731668252367	0.12	2.7848734505176123	0.013234210600121823	0.0883	2.9300305064954313	1.353020928715357	0.0	2.9887223190467216	1.5548816693656724	0.0	3.025262216248489	1.418954342382171	0.0	2.861623315202512	1.2532060878357774	-0.2016	2.8560217171728715	0.9949661036349701	-0.1613	3.0329664124298974	0.961657865964309	-0.12	2.9312975896264617	1.2709801629031312	0.2016	2.922441810880009	1.03267569695681	0.1613	3.0685861647348003	0.9646732886603652	0.12
86	1.4333333333333333	2.879839176653459	0.8154246142694118	0.0	2.860053215975915	0.7950570946707033	-0.105	2.898127362717634	0.41170039471075404	-0.0886	2.8320690834862443	0.026538203000805727	-0.0972	3.007072752848847	-0.02610843754164234	-0.0766	2.97692814680422	-0.055192187662845164	-0.12	2.7923940529939886	-0.03715294447448194	-0.0883	2.9088114542532573	0.8088331976997089	0.105	2.9186223740343746	0.4312242834532786	0.0886	2.842973049726851	0.07048400150772882	0.0972	2.9998738177896476	0.0007364407396198425	0.0766	2.9938558672021416	0.020215033955591988	0.12	2.784938925213009	0.013142087365079963	0.0883	2.9300021007104906	1.3526593438195742	0.0	2.988612688282189	1.5544806232124275	0.0	3.0250109519001516	1.418939537627507	0.0	2.8616185600753163	1.2532272880014594	-0.2016	2.856005701880517	0.9949098980224483	-0.1613	3.032880160126429	0.9612311859831842	-0.12	2.9313254647232	1.2709266066467122	0.2016	2.9224627454401055	1.0322018808070845	0.1613	3.068511256424061	0.9642870225095487	0.12
87	1.45	2.8797467711459364	0.8152418737808784	0.0	2.859775170376643	0.7949903802823247	-0.105	2.897669396102164	0.4116333118227245	-0.0886	2.831954761130483	0.026253232824144573	-0.0972	3.0069881395083233	-0.02672950947944215	-0.0766	2.9768499075376833	-0.05527960015847747	-0.12	2.79186781291226	-0.03750351717929899	-0.0883	2.908420965400059	0.808516219095793	0.105	2.9184935308191102	0.4310129338431219	0.0886	2.842846491677615	0.07048431066998256	0.0972	2.9998812287699415	0.0006080746690119987	0.0766	2.9938413158190382	0.020242431357249693	0.12	2.7848167864131304	0.013069653403007031	0.0883	2.9299368094384475	1.3520635623751334	0.0	2.9884210333550083	1.5538500327830536	0.0	3.024855257039424	1.4188917264029823	0.0	2.8616537569447864	1.2532382509895816	-0.2016	2.855933020786466	0.9948379320105356	-0.1613	3.0327574273594604	0.9608668030348767	-0.12	2.9312880368307574	1.2708555687988863	0.2016	2.92242452423277	1.0316441273763013	0.1613	3.068361085721829	0.9638294296570101	0.12
88	1.4666666666666666	2.8796044572824178	0.8150195349329716	0.0	2.8591833668849636	0.794880232809516	-0.105	2.8969056438359497	0.41152931053899033	-0.0886	2.8318085080513526	0.026007545299586876	-0.0972	3.0068717190617744	-0.027373517780619812	-0.0766	2.976728512324492	-0.05535579419808816	-0.12	2.7910168056938285	-0.03784470546139447	-0.0883	2.9079121065156444	0.8079734887517886	0.105	2.918272616991973	0.4306458620208603	0.0886	2.842613484509989	0.07017186304284172	0.0972	2.9998843371515154	0.00035714085567944975	0.0766	2.9937819631164153	0.020283430257568708	0.12	2.7846111414423116	0.013094110788464744	0.0883	2.9298298377295056	1.3513796516579222	0.0	2.9880409172327207	1.5530754514697427	0.0	3.0247604214040145	1.418824374391382	0.0	2.861634767527493	1.2532532125859412	-0.2016	2.855817923031104	0.9947494710512547	-0.1613	3.0325909742724235	0.9605576727219325	-0.12	2.931221411633814	1.2707852982073282	0.2016	2.92231034623403	1.0311091569162771	0.1613	3.068088500063127	0.9633868423612484	0.12
89	1.4833333333333334	2.879462319751787	0.8148051429067777	0.0	2.858281216447662	0.7945783743480402	-0.105	2.8961759079326566	0.4114494791919552	-0.0886	2.831674234355025	0.025855465331721783	-0.0972	3.006727887578822	-0.027693661613850486	-0.0766	2.9765909179801353	-0.05544076995066508	-0.12	2.790296204331046	-0.03814726051773679	-0.0883	2.9073874257298358	0.807332197419746	0.105	2.9179661857929236	0.43048015585007565	0.0886	2.842114959428588	0.06984805893239145	0.0972	2.999882355816045	-0.00012632761504939582	0.0766	2.9936849006505666	0.020270719597366593	0.12	2.7842190461696843	0.01318219620307054	0.0883	2.9297047000596312	1.350759135775581	0.0	2.9874033639975686	1.5525670357398287	0.0	3.024619507967466	1.4187383958746893	0.0	2.8615239935963714	1.2532837903292473	-0.2016	2.855657612625207	0.9946620371883453	-0.1613	3.0324116835150616	0.9601675934366769	-0.12	2.931114732305845	1.2707407377977233	0.2016	2.9221430505057766	1.0307039006401952	0.1613	3.0676917231918903	0.9628642489732934	0.12
90	1.5	2.8793484974865176	0.814623634868516	0.0	2.8575820527139038	0.7940818838242228	-0.105	2.895720136882071	0.4113286694799406	-0.0886	2.8315721442095336	0.025839555750932122	-0.0972	3.0064922192316765	-0.027943330717561256	-0.0766	2.976460570615387	-0.05552838820695595	-0.12	2.7898729829774256	-0.038354789051769755	-0.0883	2.9070342607962463	0.8068788642445496	0.105	2.9178103095380488	0.43001283412007263	0.0886	2.841523564093316	0.06972325225266425	0.0972	2.9998893088769982	-0.0005903214010327534	0.0766	2.9935402771324906	0.02019052090947393	0.12	2.7837850249411966	0.013416663658361597	0.0883	2.9295751202477756	1.3504039557050693	0.0	2.986540916954963	1.5523547808470661	0.0	3.0243961627789178	1.418646577763274	0.0	2.861298433342253	1.2533316442244165	-0.2016	2.855459653953088	0.9945952195592416	-0.1613	3.0322448794526067	0.9596490117221916	-0.12	2.931014210262036	1.2707389323112048	0.2016	2.9219154722633904	1.0304503248377517	0.1613	3.067248541544935	0.9622722461628025	0.12
91	1.5166666666666666	2.879286633900624	0.8144771000989858	0.0	2.857249218024745	0.7936993533513125	-0.105	2.8955054467971713	0.4113353106827083	-0.0886	2.831506789448375	0.025902867717973815	-0.0972	3.0062713773814154	-0.028072906862823807	-0.0766	2.97636770387276	-0.05560116691611002	-0.12	2.7896830768625205	-0.03844008517405306	-0.0883	2.906811573888804	0.8066658690223104	0.105	2.9177334053215858	0.42978467962233796	0.0886	2.841140377049461	0.06995482803198598	0.0972	2.9998765409572674	-0.0008827751646425103	0.0766	2.9934080888323793	0.02002482666058189	0.12	2.783693758834295	0.013516849011436016	0.0883	2.929467396151721	1.3502175097045204	0.0	2.9859419493898507	1.552323170659182	0.0	3.024145839819241	1.4185805108036118	0.0	2.860969020757367	1.2533787923034476	-0.2016	2.8552564217198717	0.9945410173683829	-0.1613	3.0321191604081146	0.9590093365264744	-0.12	2.930874407628174	1.2708156582224963	0.2016	2.9216147832002672	1.0303480545750596	0.1613	3.066991488664329	0.9621076342746766	0.12
92	1.5333333333333332	2.8792524871311285	0.8143796034587429	0.0	2.85713135291559	0.7933501802404441	-0.105	2.8954024180089926	0.4114607486893608	-0.0886	2.831451846696522	0.02588262894720629	-0.0972	3.0061095147433727	-0.028022708550753637	-0.0766	2.9763092796063733	-0.055598136582355316	-0.12	2.789597938264188	-0.038299240916650976	-0.0883	2.906685987764055	0.8066538445382823	0.105	2.9176763959132863	0.4296835257178832	0.0886	2.8410560387789277	0.07024141745657711	0.0972	2.999863246756353	-0.0014124050175867153	0.0766	2.9933732084003557	0.019867245258425162	0.12	2.7835623066517448	0.013362655470721602	0.0883	2.929386591433066	1.3502948472768588	0.0	2.9856133058233034	1.5523557202237837	0.0	3.024018939484695	1.4185181383305698	0.0	2.8607426973098926	1.2534371124921873	-0.2016	2.8550866553186007	0.9946767057931083	-0.1613	3.0320338061954244	0.9586327699762304	-0.12	2.9306681426399797	1.2709703687681224	0.2016	2.9212243449611703	1.0302833477222104	0.1613	3.066782477042713	0.9624544768204215	0.12
93	1.55	2.879192796975105	0.8143247121169177	0.0	2.8570336391900004	0.7931575009628947	-0.105	2.895311998939264	0.41171813523513345	-0.0886	2.8313813552890466	0.02576746045852371	-0.0972	3.0059832903612227	-0.027878298106003473	-0.0766	2.9762527613123124	-0.05549758211779184	-0.12	2.7895382340031083	-0.03804781025958777	-0.0883	2.906472244001357	0.8068382384680632	0.105	2.9174839368262253	0.42965352865480777	0.0886	2.8411095550896723	0.07044346457650916	0.0972	2.999849111211354	-0.002090606470802739	0.0766	2.9934432938803677	0.01960731338394392	0.12	2.7834489733811285	0.013026736895444938	0.0883	2.9293115353951373	1.350720447708087	0.0	2.9853773492078344	1.5524760647399833	0.0	3.0239987646135247	1.4184542386195136	0.0	2.8606611958295463	1.2535186870342572	-0.2016	2.855049272581567	0.9952177411631284	-0.1613	3.03197151602374	0.9588413623081055	-0.12	2.9304091913463255	1.2711828029638952	0.2016	2.920748569346109	1.0304358748815141	0.1613	3.0665859686700823	0.962846318180193	0.12
94	1.5666666666666667	2.8790924656455896	0.814249027919214	0.0	2.856883054368085	0.7930005723914823	-0.105	2.895219482865453	0.41212470550717645	-0.0886	2.8313042809996256	0.025699935781903938	-0.0972	3.0058742431182903	-0.027676627119425527	-0.0766	2.97617711429686	-0.0551622689973995	-0.12	2.78947260044511	-0.03774078331310485	-0.0883	2.9062353265682193	0.8070445051741683	0.105	2.9172881252728007	0.42977860393412914	0.0886	2.8412622216995214	0.07053976192077212	0.0972	2.9998673641933538	-0.002377259450166397	0.0766	2.9935849156642296	0.01952673433607781	0.12	2.783423331275609	0.013131777513176818	0.0883	2.9292380770802064	1.3510742754331875	0.0	2.9851407984297316	1.5526350568113803	0.0	3.024037518474356	1.4184095323286752	0.0	2.860695699396572	1.2536334982027522	-0.2016	2.8550583952944817	0.9960324626047855	-0.1613	3.031918095840483	0.959242480980137	-0.12	2.9301987463927066	1.2714868260212864	0.2016	2.920346625842717	1.0306792037155579	0.1613	3.0664871484154004	0.9631145345183749	0.12
95	1.5833333333333333	2.8790052228384764	0.814137412826769	0.0	2.856723803132959	0.7928265312756101	-0.105	2.895154120688603	0.4126092894316473	-0.0886	2.8312552006014267	0.025976260577011107	-0.0972	3.005809695170847	-0.0272405822156932	-0.0766	2.976116011943143	-0.054653261997681224	-0.12	2.789456881816335	-0.037132675403586626	-0.0883	2.9060985929784064	0.8071853793792914	0.105	2.9168795165384673	0.43010206670909845	0.0886	2.841250651921126	0.07074059444335197	0.0972	2.999738533548283	-0.001999911913162414	0.0766	2.993606963497798	0.01987192648332571	0.12	2.783182874261105	0.013500409360938756	0.0883	2.929172831313458	1.3515060762271294	0.0	2.984953514649458	1.5527962121123082	0.0	3.024099522734347	1.4184623266822984	0.0	2.86072479297475	1.2538000050649032	-0.2016	2.855078451207438	0.9968518113438729	-0.1613	3.0318621749832166	0.9593784442406433	-0.12	2.9299749947132856	1.271957746683359	0.2016	2.9200244609996497	1.0309386606324886	0.1613	3.0664959234918703	0.9636308250415094	0.12
96	1.6	2.8789319480175326	0.8140493244516497	0.0	2.8566112280194726	0.7927237256379494	-0.105	2.895106888373199	0.41305324954266853	-0.0886	2.8312211791629696	0.026393809630952503	-0.0972	3.0057785584244368	-0.026765115743771342	-0.0766	2.976068518140639	-0.054205118726825124	-0.12	2.7894570831032124	-0.036621593877771225	-0.0883	2.9060609728993714	0.8072392033815794	0.105	2.916946564220063	0.43050646289660816	0.0886	2.841439898833855	0.07102997275505957	0.0972	2.9995686519927394	-0.0011522705132219202	0.0766	2.9936052903513852	0.020622040616302684	0.12	2.7829396075631654	0.013935129450159373	0.0883	2.9291204301258422	1.3520724398004078	0.0	2.984773943472843	1.5529488067032522	0.0	3.0242515149730136	1.4184920762481026	0.0	2.860680663465134	1.2540228592706057	-0.2016	2.855090701474192	0.9974030726161458	-0.1613	3.0318016694379475	0.9594176481840067	-0.12	2.9298076757378864	1.2726440627640907	0.2016	2.91987923518892	1.0311720567118448	0.1613	3.06652273266395	0.9643651965082642	0.12
97	1.6166666666666667	2.8788854543113516	0.8139627528908631	0.0	2.8566190813165506	0.7926228035960292	-0.105	2.895083297825131	0.41336114334043195	-0.0886	2.831196266188024	0.026703017920171143	-0.0972	3.005774257343649	-0.026402730027632805	-0.0766	2.976050096011071	-0.05379693516196269	-0.12	2.789456011807994	-0.0362218359201968	-0.0883	2.9061229269496445	0.807222009607931	0.105	2.916781620892117	0.4310028032789618	0.0886	2.841730808184329	0.07121857312761332	0.0972	2.9997148278059846	-0.00020433748379176941	0.0766	2.993863886771515	0.021448666650513357	0.12	2.783175294704929	0.014374073307239874	0.0883	2.9290919106769047	1.3526154936061248	0.0	2.9845895883116573	1.553078435873236	0.0	3.0244919558664445	1.418527443027771	0.0	2.860569365478912	1.2542992323920796	-0.2016	2.855094673633817	0.9977641026694022	-0.1613	3.0317550996749225	0.9596623920819295	-0.12	2.9297573384722324	1.2731870336261708	0.2016	2.919838600663301	1.0313268214991789	0.1613	3.066605024017837	0.9651020493927407	0.12
98	1.6333333333333333	2.8788101233462755	0.8138925552163662	0.0	2.8566703251549326	0.792530658070155	-0.105	2.895032647015106	0.4135466096737994	-0.0886	2.8311617544420264	0.026926180099199087	-0.0972	3.0057768805958913	-0.02611935329254088	-0.0766	2.976034178348726	-0.05338428964640381	-0.12	2.7894334172397586	-0.035880938923017816	-0.0883	2.9060000678005435	0.8071750743832109	0.105	2.9169661593752347	0.43193326677413757	0.0886	2.842096879433196	0.07149593458320831	0.0972	3.0000849591869754	0.0007019987209151007	0.0766	2.9943062151210498	0.022339699004634145	0.12	2.783568751494238	0.014997185747613356	0.0883	2.929046765002624	1.352898139604486	0.0	2.9843291610734446	1.553213905884389	0.0	3.0246118771607966	1.418602912421372	0.0	2.8605765408923816	1.2546213176545893	-0.2016	2.8550315326649507	0.9978552782162506	-0.1613	3.0317053116358244	0.9599451737275093	-0.12	2.9297573582168814	1.2733971194226297	0.2016	2.919792140483582	1.0313819427241975	0.1613	3.066652838097916	0.9658355178277264	0.12
99	1.65	2.8786115612777228	0.8138426304339026	0.0	2.856621760601668	0.7924550022341472	-0.105	2.8948861568123205	0.41348105870725016	-0.0886	2.8310993776025835	0.027063080819389712	-0.0972	3.0057695829136484	-0.025886027852409156	-0.0766	2.9759712802136082	-0.05326223477082013	-0.12	2.789345956342118	-0.03568613025400183	-0.0883	2.9058064891650526	0.8070877063234079	0.105	2.917173596347649	0.4326599310493781	0.0886	2.8422958999494736	0.07175295812721437	0.0972	3.001115888792574	0.001425954086376649	0.0766	2.994125571913899	0.022938954348894106	0.12	2.7838035101527536	0.015517854443191842	0.0883	2.9289245871252416	1.3529999481310322	0.0	2.9839621552404125	1.5533671787403451	0.0	3.0244917551656108	1.4186254194685601	0.0	2.8607075186019224	1.2548744549161435	-0.2016	2.8547975621392805	0.9978553173985129	-0.1613	3.031646297178995	0.9603006279767214	-0.12	2.9296584029449795	1.2734444513332162	0.2016	2.919641605542729	1.0313709182863386	0.1613	3.066434702041402	0.966139080890735	0.12
100	1.6666666666666667	2.8782299591417657	0.813819210389128	0.0	2.8564295171104424	0.7924043526827114	-0.105	2.8946137878171503	0.4131946696575193	-0.0886	2.831010915912415	0.027111987236369026	-0.0972	3.0057550068667593	-0.025818154777482533	-0.0766	2.9758583432176784	-0.053646274941303564	-0.12	2.78921163302929	-0.035607293182894836	-0.0883	2.9055904615450263	0.8069516855068036	0.105	2.9172132544829785	0.4325834531098193	0.0886	2.8424774957248924	0.07187672017284255	0.0972	3.0015785237176176	0.0023437000199628133	0.0766	2.9940914327924757	0.023127716018263786	0.12	2.7840784353024564	0.01586396054539102	0.0883	2.928695279666914	1.3529251810944087	0.0	2.9836228241960283	1.5535185128002666	0.0	3.0239720913849006	1.4186202081229495	0.0	2.8607959583904083	1.2549642140019512	-0.2016	2.8542961203322874	0.9978093811358383	-0.1613	3.0315344471886263	0.9605913105441386	-0.12	2.9295190137722225	1.2733335678876676	0.2016	2.9193328176036606	1.0312570270746284	0.1613	3.066012371850138	0.9660561624250429	0.12
101	1.6833333333333333	2.8776504770297553	0.8138330777464021	0.0	2.85606870161879	0.7924090264719735	-0.105	2.8941852634518397	0.4129423858144012	-0.0886	2.830914966812046	0.027149950187234484	-0.0972	3.00574501342652	-0.02590007221475063	-0.0766	2.9757510932765787	-0.05368076768726791	-0.12	2.7890805992970944	-0.03558534477017868	-0.0883	2.9052846194466153	0.8067795927157378	0.105	2.9166852657292592	0.4324247519263813	0.0886	2.8424765029109635	0.07179535817414752	0.0972	3.0018783196879935	0.00252745380568363	0.0766	2.9943960689591873	0.02286177903662688	0.12	2.784184389040262	0.016306938315978223	0.0883	2.92836391265415	1.3526822176089492	0.0	2.9832064141663484	1.553626233433923	0.0	3.0229250272965973	1.4185969575672464	0.0	2.8607358542832517	1.254896049791072	-0.2016	2.8535360985775644	0.9977521634755491	-0.1613	3.0313653013694495	0.9606200018336083	-0.12	2.929347907215709	1.2730529984056103	0.2016	2.918826347055076	1.0309423178916608	0.1613	3.065594361682592	0.9656963432552365	0.12
102	1.7	2.876999434235883	0.8138837125162971	0.0	2.8556621193248937	0.7924627322787858	-0.105	2.8936148119548704	0.4127363114577554	-0.0886	2.8308669486022624	0.027176389372817078	-0.0972	3.0057544509861205	-0.026001152825200435	-0.0766	2.97568959309589	-0.053904955827187004	-0.12	2.7890304564213344	-0.03556197711436484	-0.0883	2.9050239036625283	0.8066601181947911	0.105	2.915782172834602	0.43219893734620607	0.0886	2.842405339411637	0.07178859530418616	0.0972	3.0016836802611366	0.0022436206898465982	0.0766	2.9943921353575225	0.022420726374140026	0.12	2.7841723524992643	0.016408205155191563	0.0883	2.9280205975723645	1.352360081214625	0.0	2.982767852515841	1.5536910928959495	0.0	3.0215019311854645	1.418598738945683	0.0	2.8604912025374762	1.2547819490144076	-0.2016	2.8529297136884395	0.9977031822900196	-0.1613	3.0312158016974315	0.9605863392024689	-0.12	2.929060276740769	1.2726544941326785	0.2016	2.918115369954839	1.0302846065771492	0.1613	3.0652760846801645	0.9652445996824085	0.12
103	1.7166666666666666	2.8764488516181967	0.8139686042748634	0.0	2.855255424072994	0.7925456197347461	-0.105	2.89291310888386	0.4124960036842054	-0.0886	2.8309240915632303	0.027152954122824938	-0.0972	3.005760271115529	-0.026061789434853662	-0.0766	2.9756408488812043	-0.054135563430459735	-0.12	2.789085653030428	-0.035545518741903745	-0.0883	2.9049085424429153	0.8064899206376349	0.105	2.9151794961440434	0.43184735075726394	0.0886	2.842389273969996	0.07168422749095607	0.0972	3.0015853156614614	0.0018240881316133745	0.0766	2.994042384624763	0.021888711137645567	0.12	2.7841963888069206	0.016716405238016874	0.0883	2.927731467404877	1.3521182632425695	0.0	2.9826204555640126	1.5536548776520098	0.0	3.0206535460773	1.4185962134840595	0.0	2.860000552450881	1.254774700136018	-0.2016	2.852424815855096	0.9976528439629615	-0.1613	3.0311271400800113	0.9606072520545206	-0.12	2.928843238388843	1.2722557880363146	0.2016	2.9176841573392167	1.0296093971752522	0.1613	3.065025811759937	0.9647984850242344	0.12
104	1.7333333333333334	2.8760846810436878	0.8140898983885734	0.0	2.854742711571105	0.79257391610242	-0.105	2.892498921237057	0.41223277136769454	-0.0886	2.8310954678840767	0.027106014405225295	-0.0972	3.0058471705998984	-0.026106888362965958	-0.0766	2.9756038295233966	-0.054293376908135876	-0.12	2.7892328475517423	-0.03550622553410171	-0.0883	2.904867644366271	0.8062576679239759	0.105	2.9153017392376785	0.43136386752341654	0.0886	2.842436892751637	0.07164124315189378	0.0972	3.0014145299261776	0.0015890263711017538	0.0766	2.993586253982486	0.02151295597014634	0.12	2.7842943585881015	0.017177615936789417	0.0883	2.927516377296476	1.351997413878586	0.0	2.9827304710663842	1.5536386967737357	0.0	3.0198468802626013	1.4186070507975843	0.0	2.85960442583854	1.254755786406644	-0.2016	2.8521543887130183	0.997621654505681	-0.1613	3.0310541119514127	0.9605369505443271	-0.12	2.928747875208207	1.2718155513040932	0.2016	2.9172447664975847	1.0292273460236856	0.1613	3.0648349419149787	0.9641849233392122	0.12
105	1.75	2.8757588168088	0.8142155309464519	0.0	2.85451963585499	0.7925758652807975	-0.105	2.8924531428926326	0.41203462292898274	-0.0886	2.831368126301433	0.027037344570810806	-0.0972	3.0059963374133343	-0.026165706156844416	-0.0766	2.9756215799489536	-0.05438869319949714	-0.12	2.7894633016068946	-0.035471168327640426	-0.0883	2.904784209610364	0.806052315499517	0.105	2.9151318966096795	0.43071155682216367	0.0886	2.842449363776844	0.07167397726029162	0.0972	3.0012850337435855	0.0014595825078346503	0.0766	2.9935340516490445	0.02129171770880206	0.12	2.784327206604391	0.017068128433437996	0.0883	2.9274609272581134	1.3519036200125614	0.0	2.9827569709618866	1.5536415791443237	0.0	3.019296950183199	1.4186681631054807	0.0	2.859379999244995	1.2546770574200208	-0.2016	2.852030394781021	0.997542950006883	-0.1613	3.030975971881023	0.960438721418756	-0.12	2.928767373926266	1.2715196208423865	0.2016	2.916577909402998	1.0289997322109468	0.1613	3.064545594760484	0.9635892166081413	0.12
106	1.7666666666666666	2.8755649323078556	0.814327345343134	0.0	2.8541515893488167	0.792591162800002	-0.105	2.8928930448703896	0.4120076325605451	-0.0886	2.831733649465614	0.027015110117470917	-0.0972	3.0062047820630404	-0.026184231908787645	-0.0766	2.975727873080917	-0.0544458917103053	-0.12	2.7898130947831707	-0.03546798940138493	-0.0883	2.904635540345754	0.8059307719037558	0.105	2.915254365137955	0.4306043877730037	0.0886	2.8425045906881694	0.07149452246298693	0.0972	3.0013781641715003	0.0011637230631338924	0.0766	2.9935428071456105	0.021238141328389554	0.12	2.78438853885037	0.017035979235534057	0.0883	2.9274518007033943	1.3518574970686579	0.0	2.9829371893142334	1.5536922463134135	0.0	3.01898189987281	1.418711799309087	0.0	2.8589055638447345	1.2546138956484356	-0.2016	2.8520110214802075	0.9974124992593265	-0.1613	3.0308803621398366	0.9602742053065719	-0.12	2.928932185214722	1.2711975952638164	0.2016	2.916203389833191	1.0286236412996623	0.1613	3.0642563968284753	0.962924808393163	0.12
107	1.7833333333333332	2.8755910971442113	0.814386623497773	0.0	2.854341879461707	0.7926686142561885	-0.105	2.8935303530463106	0.4120258626972511	-0.0886	2.8321096275246047	0.027083630799457914	-0.0972	3.006461739452257	-0.02615212100453483	-0.0766	2.9759773308084108	-0.054480807279951006	-0.12	2.7902876395831893	-0.035492826252027626	-0.0883	2.9046195498469065	0.8060032897824528	0.105	2.9155113021327	0.4304858161744374	0.0886	2.842588811703339	0.07147609359102144	0.0972	3.001703318725325	0.0010908109194584792	0.0766	2.9936400718016483	0.021435370272791673	0.12	2.784514390389776	0.01681630410658455	0.0883	2.9275154404612107	1.3517404928553778	0.0	2.9830983244489278	1.553752056291327	0.0	3.0190575488739544	1.418799975439219	0.0	2.858607547119785	1.2544902955009218	-0.2016	2.852079533641738	0.9972202250859898	-0.1613	3.0308757388581875	0.9601360113334358	-0.12	2.9291265763003236	1.2709057242275645	0.2016	2.9168694413394376	1.0281686026559205	0.1613	3.0641268542592375	0.9622563635750626	0.12
108	1.8	2.875738135373189	0.8144028024105175	0.0	2.85444593548178	0.7928314868240944	-0.105	2.894350732713708	0.4121357480584181	-0.0886	2.8325084353763894	0.027214471701555026	-0.0972	3.0067676364443683	-0.0261220121982162	-0.0766	2.976280710798066	-0.054458819554221875	-0.12	2.7908790625135813	-0.0355271543120312	-0.0883	2.904617597534284	0.8061699790532659	0.105	2.9157527196596353	0.4304397729655723	0.0886	2.8425632198966126	0.07193061521219685	0.0972	3.0020495768154514	0.0014828971023130577	0.0766	2.9937574573716965	0.021741138216231637	0.12	2.7845065355799035	0.017103918218146746	0.0883	2.9277259031477443	1.3516792812439427	0.0	2.9831526662866787	1.553729488139695	0.0	3.0194020706227596	1.4189792260010659	0.0	2.8584537021715115	1.2544077957411102	-0.2016	2.8521878577328366	0.9970546738586581	-0.1613	3.030940657988896	0.9601586817413776	-0.12	2.9295632846207327	1.2704292572967713	0.2016	2.9169566778581464	1.0284013912605592	0.1613	3.064122389689267	0.9622083875242512	0.12
109	1.8166666666666667	2.876002135165402	0.8143442706289483	0.0	2.8543216905592415	0.7930347699458714	-0.105	2.895534425213102	0.4123701297455527	-0.0886	2.8329578695804316	0.02740998872359933	-0.0972	3.007081107362232	-0.026139285462909972	-0.0766	2.976623491907363	-0.05437837485649802	-0.12	2.7911004650121867	-0.03555095436385658	-0.0883	2.9047008258250266	0.8063674697802352	0.105	2.9161597604358076	0.43032073170909735	0.0886	2.8425929755677752	0.07198993315910006	0.0972	3.0025513604117657	0.0018207229963376481	0.0766	2.994044079067281	0.021898456767887292	0.12	2.7845546999658244	0.017184923459405768	0.0883	2.928013053174508	1.3516835025598508	0.0	2.9831374566544633	1.5537053183613299	0.0	3.020165993267908	1.4192376545271126	0.0	2.8585462714573646	1.2543665700685156	-0.2016	2.8523316020339915	0.9969020679822206	-0.1613	3.031107954992316	0.9600576695598992	-0.12	2.9302936879816075	1.270076478299074	0.2016	2.917307522094363	1.0281043401572805	0.1613	3.0642420166509314	0.9629267135608593	0.12
110	1.8333333333333333	2.8762707733546224	0.8141866464727245	0.0	2.8541984522758796	0.7932634550393275	-0.105	2.896607158000343	0.4128279074911688	-0.0886	2.8333306548510895	0.027771998879211543	-0.0972	3.0072590214931605	-0.026157027839493176	-0.0766	2.9767534496521586	-0.05427910884223208	-0.12	2.7913822105298283	-0.035549602618928866	-0.0883	2.9048937289348933	0.806596786291091	0.105	2.9176593010976752	0.43047758140860926	0.0886	2.842696234444622	0.07211068981806736	0.0972	3.0025177117713886	0.0019567099552676576	0.0766	2.994468565149298	0.02189311543487242	0.12	2.784661311252413	0.017070576440018095	0.0883	2.9283468669531434	1.351749951102381	0.0	2.983215625535334	1.5536987296175742	0.0	3.0211903140133476	1.4195390035691102	0.0	2.8587230802821337	1.2543743387919108	-0.2016	2.852467536078322	0.9967885581434346	-0.1613	3.03129566213265	0.960104031187026	-0.12	2.931332013831671	1.2699258470396935	0.2016	2.9176774050626317	1.0283781789188764	0.1613	3.064275110970811	0.9637371274104626	0.12
111	1.8499999999999999	2.8765202130221144	0.8138914628510738	0.0	2.854041798380963	0.7932190433899254	-0.105	2.8971998579367377	0.4134734112400956	-0.0886	2.8335338198506315	0.02838909047032813	-0.0972	3.0072055463931044	-0.026113780907227817	-0.0766	2.976830005620512	-0.05416412229134086	-0.12	2.79153953530617	-0.03555445864152688	-0.0883	2.9050362140894603	0.8067090665559088	0.105	2.918939334195133	0.43086680797468324	0.0886	2.8428030418037165	0.07259027155967439	0.0972	3.002335813840652	0.0022695706800875404	0.0766	2.9942688897211824	0.021998939313056187	0.12	2.7847600356863875	0.01716676981301872	0.0883	2.9287567017041027	1.3518865443856038	0.0	2.983399604112558	1.5536856537047918	0.0	3.022284766075381	1.419813518520237	0.0	2.858922539591639	1.2544404507973432	-0.2016	2.8525603864963043	0.9967371475146652	-0.1613	3.03145481788034	0.9602499480068859	-0.12	2.932394286903742	1.2699931369761397	0.2016	2.9179267019394413	1.0286947539848577	0.1613	3.0640715640865825	0.9646670226385516	0.12
112	1.8666666666666667	2.876759634655679	0.8134129368398564	0.0	2.853831959686392	0.7928332507569659	-0.105	2.897470285936964	0.4141518204770413	-0.0886	2.8336109916234555	0.028948020911879438	-0.0972	3.0071640430956155	-0.026043532525716964	-0.0766	2.976955795520404	-0.054157994528423264	-0.12	2.791486924775956	-0.0355597429056588	-0.0883	2.9050478051821242	0.8067449891241261	0.105	2.9186104811877587	0.4315451723625413	0.0886	2.842777212087149	0.07405280604886778	0.0972	3.0019951472298527	0.0026669101344307805	0.0766	2.9944960872760835	0.02218947765360732	0.12	2.7846914176505013	0.017271516742991558	0.0883	2.9292603628131717	1.3520257221676857	0.0	2.9835345202021197	1.5535694270508607	0.0	3.0231860870801746	1.4197926982507456	0.0	2.859205591721496	1.2544929590311307	-0.2016	2.85255863515917	0.9966197238124648	-0.1613	3.031598492436597	0.960254534717233	-0.12	2.9327843105914635	1.270129942230805	0.2016	2.9180008370993553	1.0287631701680948	0.1613	3.063506643413392	0.9650572529687564	0.12
113	1.8833333333333333	2.8769693217159897	0.8128641247270199	0.0	2.853989022773932	0.7921429974101523	-0.105	2.8980540851675087	0.4147210046817881	-0.0886	2.8338014357535988	0.029374390646931328	-0.0972	3.0071210516993703	-0.026010637766473776	-0.0766	2.9770338935609746	-0.05444801045050841	-0.12	2.791410709482623	-0.03557361617327075	-0.0883	2.905038908670947	0.8066665842791438	0.105	2.917745126658771	0.4318037441450071	0.0886	2.8426447487006143	0.07462700277401697	0.0972	3.0016478241432254	0.0031228915342196434	0.0766	2.9941788416235746	0.02253991403084063	0.12	2.7845378761717936	0.01739717044084528	0.0883	2.9296217213435254	1.3519997982632619	0.0	2.983643243131593	1.5535438999009654	0.0	3.0237142529052883	1.419920084260205	0.0	2.8594445489418234	1.254370789819794	-0.2016	2.852319476517778	0.9961980551315055	-0.1613	3.0318418499716735	0.960233231602867	-0.12	2.932809925218804	1.2702098920030407	0.2016	2.9179862353517305	1.0286546338224105	0.1613	3.063074044499703	0.9651714680288074	0.12
114	1.9	2.877173566461925	0.8122852304195162	0.0	2.8541391125812825	0.7916429145193622	-0.105	2.8996141422090984	0.41515899061695505	-0.0886	2.8343059084050677	0.02986435356265725	-0.0972	3.0071234486560843	-0.02616588781702677	-0.0766	2.9770814962886836	-0.05505978641662192	-0.12	2.7914340537853293	-0.03561755387495848	-0.0883	2.905227841350155	0.8065555331941759	0.105	2.917428801211155	0.431797879162239	0.0886	2.842574691287832	0.07466034779256704	0.0972	3.001344994829368	0.0028617839319832333	0.0766	2.9937057126757414	0.022747259428170283	0.12	2.7844663872642053	0.017604799358874143	0.0883	2.929703048010146	1.3517981094960567	0.0	2.9837541800126846	1.553623620507159	0.0	3.0239998777759123	1.4203693228233638	0.0	2.859641299415932	1.2539888284875647	-0.2016	2.851684493081593	0.9951641552912249	-0.1613	3.0320089143754787	0.9600833527784683	-0.12	2.932673074103664	1.269811222713397	0.2016	2.917897799444103	1.0278713466325367	0.1613	3.0623166063396123	0.9646797302662443	0.12
115	1.9166666666666667	2.8773954244172364	0.8116602182640706	0.0	2.8540122675303805	0.7916912871966797	-0.105	2.901689760549605	0.4158457433696605	-0.0886	2.8353151500370495	0.03037561708593753	-0.0972	3.0073576762677843	-0.026555903634356802	-0.0766	2.9774194221328574	-0.05600828579236894	-0.12	2.791617297934787	-0.03567723755157748	-0.0883	2.905102261716987	0.8066090821138103	0.105	2.917867913700957	0.4319134688763352	0.0886	2.8429990705412345	0.0744250021679876	0.0972	3.001464751926736	0.0023849604290081677	0.0766	2.99370736530706	0.022704714860366557	0.12	2.7849326275503397	0.01763728662449364	0.0883	2.9292475142550427	1.351110890481136	0.0	2.983852453458089	1.5534569887718752	0.0	3.0240602446087137	1.4205206031640683	0.0	2.8593594504800746	1.252968353099781	-0.2016	2.850582182149348	0.9928819873150561	-0.1613	3.0323616596963494	0.9594312008068485	-0.12	2.9327912765767055	1.268882606832943	0.2016	2.9176342248481997	1.0263012230891422	0.1613	3.061375315082847	0.9634199199991085	0.12
116	1.9333333333333333	2.8777081249107765	0.8111759904618999	0.0	2.853568266570677	0.7907420810094913	-0.105	2.903026261321236	0.4168157606755468	-0.0886	2.8366102132511224	0.031104873466661784	-0.0972	3.007818727914986	-0.027007725770419586	-0.0766	2.9782276407434316	-0.056615295223349286	-0.12	2.792073856430898	-0.03572494419691287	-0.0883	2.9056814429812756	0.806775341077317	0.105	2.9220086707556217	0.4328861373481717	0.0886	2.843725360295665	0.07463532538247739	0.0972	3.0017820091993213	0.001877062432264598	0.0766	2.994358917805742	0.022239577718283457	0.12	2.785622962323904	0.017598618655519566	0.0883	2.9282809088559723	1.3488014382995348	0.0	2.983954279504938	1.5531848267890065	0.0	3.023886248220521	1.4199109674329264	0.0	2.857934692785737	1.250387504629285	-0.2016	2.8496282107389512	0.989388244589935	-0.1613	3.0333337771759927	0.9585439272547339	-0.12	2.9326022436627333	1.2667749607823584	0.2016	2.9176353947757887	1.025250118495203	0.1613	3.061387080111785	0.961002497874749	0.12
117	1.95	2.8780979806973455	0.811382553960403	0.0	2.852076392615691	0.7912623740478589	-0.105	2.903153278191965	0.4181059380087454	-0.0886	2.8383477729325284	0.03202030667795751	-0.0972	3.008352075341603	-0.02742789733534943	-0.0766	2.9805548160659674	-0.056977815690150924	-0.12	2.793051188841426	-0.03575580474448882	-0.0883	2.9096923442322167	0.8070614912798435	0.105	2.9442694540639978	0.4386363123848347	0.0886	2.843925257560979	0.0833890073803374	0.0972	3.0017881430237296	-0.00026102775044228865	0.0766	2.9943294533620137	0.02108028136073059	0.12	2.7845349521575953	0.017030084622473962	0.0883	2.9261273860796755	1.3441563941728354	0.0	2.9844055046253115	1.5533700979460585	0.0	3.023412978558317	1.4179734971802207	0.0	2.8540641086396783	1.2464922556775657	-0.2016	2.848393877474888	0.98594340396595	-0.1613	3.0348379444009908	0.9580736164403263	-0.12	2.931688566862958	1.2639597451219577	0.2016	2.917785654794262	1.0256344967135305	0.1613	3.061704281041769	0.960289981018996	0.12
118	1.9666666666666666	2.8783702061780807	0.8117063852806716	0.0	2.847454987081075	0.7923761801012048	-0.105	2.9043996799988636	0.41868843958403995	-0.0886	2.8389608244988285	0.032615452585963656	-0.0972	3.006797288659428	-0.028298658654827363	-0.0766	2.980026003059778	-0.05782144926883573	-0.12	2.792489475163265	-0.03573294007118774	-0.0883	2.916090843238073	0.8070808143059243	0.105	2.975987791274501	0.44266153344504783	0.0886	2.845397730338188	0.0871528471769564	0.0972	3.0023826960070545	-0.0028898408401284437	0.0766	2.9943448197283797	0.020243864001808082	0.12	2.783950160796164	0.016787132762290657	0.0883	2.9223115900985954	1.3402808125706154	0.0	2.9853196440558443	1.5534183419573406	0.0	3.022476176165068	1.4112305649620183	0.0	2.848249545642054	1.2439247356012357	-0.2016	2.846829465050823	0.9837095987568183	-0.1613	3.0349386055539456	0.9577097174445783	-0.12	2.9299678788501473	1.2604654041045422	0.2016	2.9177161172174304	1.0246506572244725	0.1613	3.061643283267222	0.9589506928178948	0.12
119	1.9833333333333334	2.878640093122756	0.8117723431649647	0.0	2.842719889557892	0.7938112161487438	-0.105	2.9062631437026227	0.4185874089733448	-0.0886	2.8373345995864483	0.03355711800659611	-0.0972	3.001420114366262	-0.02998237433148577	-0.0766	2.973912351759414	-0.058881086782510625	-0.12	2.7891570231028404	-0.03563437238324385	-0.0883	2.932630998551974	0.8072564616149406	0.105	3.006771840764291	0.4497457313765762	0.0886	2.8783148198723403	0.09001041039066113	0.0972	3.00949756072519	-0.006833631231735339	0.0766	3.0005826923594583	0.01901807214589102	0.12	2.796415898483129	0.016879337909424127	0.0883	2.919236052227735	1.338202545921015	0.0	2.986826877831172	1.553241740918435	0.0	3.0209835421424587	1.4037587372632987	0.0	2.8419739069446806	1.2435607176987133	-0.2016	2.845404572895564	0.9829066500736754	-0.1613	3.034986499251431	0.9574931438895513	-0.12	2.929029306763885	1.256497470711743	0.2016	2.9173756490632305	1.0220000863185055	0.1613	3.06142732764004	0.9571458671374338	0.12
120	2.0	2.878929099943952	0.8115855095220259	0.0	2.8394412743332	0.7937971240393319	-0.105	2.9057784025746245	0.4174520641103038	-0.0886	2.833815384315191	0.035514824460777056	-0.0972	2.998025165712445	-0.03180935474128568	-0.0766	2.958261437742636	-0.05998857262133816	-0.12	2.7813498710396245	-0.035439411363396	-0.0883	2.942551340609489	0.8085262067910053	0.105	3.051816831116531	0.4636059693825719	0.0886	2.9071733052666517	0.0993032043709181	0.0972	3.0173175549213664	-0.007269953984076462	0.0766	3.0110687404055274	0.018200691930548657	0.12	2.868387145054664	0.02607885489925066	0.0883	2.9177862727500994	1.3359422337045528	0.0	2.9886720586993105	1.5511756023176597	0.0	3.0192373935613777	1.398237411781738	0.0	2.838396810988435	1.2444573662486118	-0.2016	2.8443285583296625	0.983707002964158	-0.1613	3.036171811535067	0.9575702354836182	-0.12	2.9287621003785995	1.2550883158047017	0.2016	2.9168346053604894	1.0132413358656451	0.1613	3.061886016016196	0.9570575903993588	0.12
121	2.0166666666666666	2.8792105659403977	0.811188332581459	0.0	2.834142097008491	0.7933671869518887	-0.105	2.904786086704121	0.4145425451763585	-0.0886	2.8249935575965344	0.034405140299373346	-0.0972	2.9969611451604585	-0.03291992204325755	-0.0766	2.95528383205738	-0.06090265723489967	-0.12	2.775162112698993	-0.03530867986939558	-0.0883	2.9464697932980655	0.8087611799467742	0.105	3.0834651154697483	0.4862498134662962	0.0886	2.9382261292707184	0.12308280678084164	0.0972	3.0181072628877685	-0.00431639600313638	0.0766	3.0221381455833667	0.01967039643778809	0.12	2.8945316894143542	0.05593942254732612	0.0883	2.9165987287123696	1.3330497034458269	0.0	2.988947101642164	1.5452270878202996	0.0	3.019077679796636	1.394751093258209	0.0	2.837125950215122	1.2454370218740578	-0.2016	2.843263794793551	0.9842305853866541	-0.1613	3.040308960781321	0.9567711360939081	-0.12	2.92900801409743	1.2543342956358265	0.2016	2.916630652928193	1.0086575912866267	0.1613	3.0628492729936188	0.95917338474566	0.12
122	2.033333333333333	2.879239984024789	0.8106431904967508	0.0	2.82670028708349	0.7914191615230279	-0.105	2.903165256979374	0.40928995466057716	-0.0886	2.8197073162684765	0.030412160665583457	-0.0972	2.9975810867691703	-0.033406027101077825	-0.0766	2.958406162105491	-0.06182654328930833	-0.12	2.770829761564639	-0.03523685947895987	-0.0883	2.9467145125277665	0.8082565532240467	0.105	3.123171437486888	0.5295737610244912	0.0886	2.9752576768223875	0.17347320254367207	0.0972	3.018896960921185	0.02239556720386489	0.0766	3.029562000534772	0.044512162376363185	0.12	2.9189627898151675	0.1335003216305104	0.0883	2.916374593129727	1.331094638595829	0.0	2.988718917245832	1.5410933758014087	0.0	3.019141682045612	1.3938309831652416	0.0	2.8350391422774313	1.2460003614121071	-0.2016	2.842797472681516	0.9842446716748463	-0.1613	3.0459665814916628	0.9584017443276318	-0.12	2.9290937181739563	1.250565069387949	0.2016	2.9158524572263214	1.0061642922389415	0.1613	3.0651183004064797	0.9679678297393168	0.12
123	2.05	2.8777353761711684	0.8101376682531197	0.0	2.8200377830429493	0.7866971997261819	-0.105	2.901687009411527	0.4080143041947992	-0.0886	2.8190634165620834	0.024469279164881647	-0.0972	2.997734202983992	-0.033613222146862486	-0.0766	2.9589813602944615	-0.06268095583528999	-0.12	2.769901275429645	-0.03525125943799521	-0.0883	2.946737725219388	0.8074996421579905	0.105	3.1557135391877145	0.5468233225548518	0.0886	3.006782147160388	0.19551620383246254	0.0972	3.039145393766993	0.04854532053496641	0.0766	3.053348000553843	0.07011079710082922	0.12	2.9400050897545214	0.17455445468857714	0.0883	2.9163511269480904	1.330426647566161	0.0	2.9878932982683684	1.5386812644993204	0.0	3.019378444659257	1.3949345627001541	0.0	2.831199360840803	1.246057811770633	-0.2016	2.84200929367138	0.9844833466773828	-0.1613	3.0506867303397596	0.9724658390314396	-0.12	2.929028335952608	1.2485449421164163	0.2016	2.913909296299153	0.9982849371054905	0.1613	3.0691268858514165	0.9780475355187416	0.12
124	2.0666666666666664	2.876415852706751	0.810349168707911	0.0	2.8163435722513444	0.7825865291294262	-0.105	2.900118325298731	0.4074012974947671	-0.0886	2.8190373745222734	0.02316399218489411	-0.0972	2.999440778239441	-0.033240398041762084	-0.0766	2.962083592985976	-0.061827581592174406	-0.12	2.769556286026645	-0.035248449088550876	-0.0883	2.9461423667490876	0.8073129121290701	0.105	3.172873217409796	0.5811857730209676	0.0886	3.0364878835383813	0.22232565430153944	0.0972	3.0839713652947935	0.07358475894463662	0.0766	3.0997203867553087	0.10194393875233823	0.12	2.964092588893197	0.20924103227776153	0.0883	2.9159354868964433	1.3286098090235303	0.0	2.987464031032746	1.5369335163579716	0.0	3.019543583502295	1.3953536212046624	0.0	2.827149146514575	1.246001273675523	-0.2016	2.8415109493396664	0.9854465645582692	-0.1613	3.051996752262461	0.9895956036666276	-0.12	2.9278634415694227	1.2481166709024252	0.2016	2.9097457818684873	0.9973748491818184	0.1613	3.0698207718717736	0.9837393044157134	0.12
125	2.0833333333333335	2.874577551793185	0.8113752033731615	0.0	2.814303529525489	0.7808192596783067	-0.105	2.9003878428055336	0.40711875140386655	-0.0886	2.8189370159877196	0.022177990374597	-0.0972	3.0008002422747158	-0.03314947151234216	-0.0766	2.963181799588202	-0.06225165935427069	-0.12	2.7693799814296542	-0.0351995948918118	-0.0883	2.9456833652985828	0.8079692235473	0.105	3.2005278048123422	0.6170760493808407	0.0886	3.064220426159998	0.2554278753244042	0.0972	3.1226238701406315	0.10228849094219748	0.0766	3.1285442676559336	0.1316115833386151	0.12	2.9889571858814	0.2308291937943943	0.0883	2.9152982124275844	1.3266895233721943	0.0	2.987587393952932	1.5367191056127392	0.0	3.0197887434225836	1.3953828019451329	0.0	2.823134792269616	1.2445527410542496	-0.2016	2.841991740360097	0.9866709262777019	-0.1613	3.0526636000392218	1.0101852667246431	-0.12	2.9266894052957664	1.245421035966337	0.2016	2.906381395572302	0.9973056623030517	0.1613	3.0688613529672084	0.9929112297295813	0.12
126	2.1	2.87312657192473	0.8138153713650833	0.0	2.813869424554003	0.7805427102050886	-0.105	2.901490393841912	0.4071122976038891	-0.0886	2.8187380312177375	0.02136560156490923	-0.0972	3.0015277515748418	-0.033149841011976905	-0.0766	2.9637922086252178	-0.061834105582517014	-0.12	2.769346830887488	-0.03504647831928852	-0.0883	2.9497980637838075	0.8108794632297766	0.105	3.223290106340245	0.6548426875504587	0.0886	3.090608749742067	0.28374098424928246	0.0972	3.175757793583441	0.13027235772474585	0.0766	3.1832623076280813	0.16184665976910606	0.12	3.0150098258334026	0.2561260377874008	0.0883	2.915455737361529	1.3261667739701637	0.0	2.9881370424092526	1.5352039904870147	0.0	3.0204484282111594	1.39534374808688	0.0	2.820530373043487	1.2431035720520094	-0.2016	2.8439190816385547	0.9873225050766701	-0.1613	3.0544331108698803	1.0295247687183502	-0.12	2.926331830181785	1.2434730134022813	0.2016	2.90552586055858	0.9929762731237574	0.1613	3.0684180690993488	0.9985617445954148	0.12
127	2.1166666666666667	2.8729797056048207	0.8196899735955212	0.0	2.813944702773064	0.7810705484135575	-0.105	2.903783600957474	0.4072494723099154	-0.0886	2.8186991686322163	0.023255774771837184	-0.0972	3.0024575343900892	-0.03303778680941481	-0.0766	2.9639861144502597	-0.06141825966543238	-0.12	2.769048467369725	-0.03453935376757308	-0.0883	2.954262728010335	0.8191318218919579	0.105	3.238888979553648	0.698612871481873	0.0886	3.1298502831835124	0.31747010130622516	0.0972	3.2158891168941834	0.1633966299509557	0.0766	3.22703350536074	0.1971092662331908	0.12	3.053474259472429	0.28944850244824366	0.0883	2.9162195778182722	1.3247863113793774	0.0	2.9900368374881943	1.532308044603439	0.0	3.0226869348755643	1.39416933721599	0.0	2.817823685950321	1.2424812076292042	-0.2016	2.846115052132758	0.9882450176653506	-0.1613	3.0566111736374713	1.0453348399432576	-0.12	2.9273350572444103	1.241698886228355	0.2016	2.907380099566049	0.9867425763542856	0.1613	3.0693515391905692	1.0019120716566345	0.12
128	2.1333333333333333	2.8738256505686386	0.82386644701298	0.0	2.8141399761330765	0.7825717982262956	-0.105	2.9070369068889628	0.40829084794629333	-0.0886	2.818573659173525	0.023418342354547456	-0.0972	3.0031090843974106	-0.03292596486207334	-0.0766	2.9638660702865174	-0.060859261235836744	-0.12	2.76878655869602	-0.03334584234097508	-0.0883	2.9553313947631477	0.8347419964224474	0.105	3.2457832635548383	0.7340259528477817	0.0886	3.1596404408646417	0.3493380868686446	0.0972	3.268503086337307	0.21674503942045764	0.0766	3.2655088401010706	0.24841584803675332	0.12	3.099228430579261	0.3158917798018266	0.0883	2.91670961734737	1.3232635774330141	0.0	2.9927857522238672	1.5318865602422682	0.0	3.027183485365213	1.3928920290734585	0.0	2.8130484206994133	1.2421291971521697	-0.2016	2.85171345776454	0.9898807872051548	-0.1613	3.0576528214282406	1.059391147420572	-0.12	2.930212357243733	1.240311461531798	0.2016	2.909240181896516	0.9781504763931285	0.1613	3.071622537782414	1.010232671606188	0.12
129	2.15	2.8742812646382663	0.8265397531310044	0.0	2.8145533325806795	0.7840736756734367	-0.105	2.908626727984398	0.40969495110669635	-0.0886	2.8181335717674783	0.023971065363802765	-0.0972	3.003076631964104	-0.03283546811399347	-0.0766	2.9638083853128365	-0.06041871016370443	-0.12	2.7686110736446685	-0.03189021380295075	-0.0883	2.955397854101794	0.8388359064356897	0.105	3.2500558983126733	0.777421161401518	0.0886	3.18459309938404	0.3851742865321053	0.0972	3.3064982069543523	0.25744771608696104	0.0766	3.3032429518636883	0.2902944598508847	0.12	3.1226378381760047	0.3457847015353299	0.0883	2.917288499607965	1.321700869658773	0.0	2.9943529229688544	1.5291205987807455	0.0	3.031053139501913	1.392243405269553	0.0	2.809877599919228	1.242645106153322	-0.2016	2.8562719121421245	0.9924264189761937	-0.1613	3.060574574078522	1.0794120035584738	-0.12	2.9351463192871017	1.2392022020722988	0.2016	2.914858407928382	0.973538410397063	0.1613	3.080989384833231	1.0201943308736514	0.12
130	2.1666666666666665	2.8745562766375645	0.829868896027658	0.0	2.8133482184601926	0.7850170885419575	-0.105	2.909798980275907	0.4109219950845387	-0.0886	2.8176721881851132	0.024430708413739788	-0.0972	3.002590153136684	-0.03272644130067795	-0.0766	2.963707240132783	-0.06009238936423894	-0.12	2.7685510381536096	-0.030300787458422275	-0.0883	2.9547167463425765	0.8434565444898139	0.105	3.2516344639633057	0.8159422333772479	0.0886	3.205694117738764	0.4276316620164835	0.0972	3.345692884247151	0.31734608398811964	0.0766	3.3315675211236124	0.34055498299771136	0.12	3.1455135908517646	0.3769374215125618	0.0883	2.917777471401946	1.3203503183658971	0.0	2.997807578671195	1.529647188103364	0.0	3.0317085289359142	1.390699429020552	0.0	2.8079181766096406	1.2422254193402829	-0.2016	2.860784079651881	0.9939509663664798	-0.1613	3.064112875876767	1.086569837395292	-0.12	2.9440893955669614	1.2354174559512598	0.2016	2.936156466292311	0.9716043916655694	0.1613	3.0876197825434897	1.0353875433805617	0.12
131	2.183333333333333	2.875404669942665	0.8349702266933179	0.0	2.8156553393737256	0.7865409771609694	-0.105	2.9119096638139785	0.4120162211136379	-0.0886	2.8173654853446863	0.024661499264424264	-0.0972	3.0021788567240346	-0.032382935202955154	-0.0766	2.9635606607755287	-0.059629690700020666	-0.12	2.769097287799309	-0.028392289407639562	-0.0883	2.9559483799940383	0.8512729602865765	0.105	3.2494960199315774	0.8655957031323617	0.0886	3.2202385121430277	0.4751800141479567	0.0972	3.364877972758012	0.370381168629741	0.0766	3.355105471849275	0.3971221821319737	0.12	3.162531965388852	0.41280447309384183	0.0883	2.9183196859073894	1.3194430764825495	0.0	2.998753040665322	1.5301730229565096	0.0	3.032523059850384	1.3912308117991974	0.0	2.8060614274881472	1.2426577017086444	-0.2016	2.8669437530246906	0.9951154806864646	-0.1613	3.0660600894687	1.093065618528487	-0.12	2.9510370418956424	1.2334379156125297	0.2016	2.968921926681151	0.97174048738947	0.1613	3.1003788580173506	1.060979449523007	0.12
132	2.2	2.876041456798059	0.8368349539585614	0.0	2.8191818588740554	0.7874045484656726	-0.105	2.9134140597569282	0.41244293256658904	-0.0886	2.8169174438595044	0.024817347415353103	-0.0972	3.0018950291284012	-0.0317895741155287	-0.0766	2.963586198375494	-0.05883845834052612	-0.12	2.769243531174473	-0.026873473769535423	-0.0883	2.9566553733873233	0.85252311782191	0.105	3.246115933376488	0.8791749654305065	0.0886	3.222291778136103	0.49027675784565516	0.0972	3.3696338750761012	0.3856579519479981	0.0766	3.3620121758648454	0.41638894819816274	0.12	3.167677356058632	0.4384780539622663	0.0883	2.9190029790467538	1.3177349945569428	0.0	2.9974051415783265	1.525884481065301	0.0	3.036257764434102	1.392270860465904	0.0	2.805852123909222	1.243507173114881	-0.2016	2.8750606717550133	0.9978179951173931	-0.1613	3.066202223576675	1.10440318472199	-0.12	2.9607305344535697	1.2313059620616988	0.2016	2.9851264188937385	0.9730135685009627	0.1613	3.104254613595389	1.0631483561846369	0.12
133	2.216666666666667	2.8770021550624887	0.8366739936030859	0.0	2.8219621448954433	0.7873933961469044	-0.105	2.9161583496161425	0.412793683974553	-0.0886	2.817147238099844	0.024832706517997433	-0.0972	3.0015390115352587	-0.031105243651435383	-0.0766	2.9635016838604056	-0.057742216359482484	-0.12	2.7692317192588844	-0.0252487975876367	-0.0883	2.9576218262174185	0.8548934938061042	0.105	3.242340837874308	0.9030181985986587	0.0886	3.22206508888901	0.5100736111833012	0.0972	3.374055894930018	0.41525626475174937	0.0766	3.361901112075679	0.44250534314108525	0.12	3.168376980878084	0.4579118838520034	0.0883	2.919768718445012	1.317557516290173	0.0	2.9963530579350093	1.5218072836342607	0.0	3.039157402367037	1.3930407383881342	0.0	2.8067047977081465	1.2445086727212193	-0.2016	2.8791749577173316	1.000627032426137	-0.1613	3.06500391300688	1.1131808682775244	-0.12	2.9629669650011166	1.2307581291024938	0.2016	2.9884896770446443	0.9783252999258775	0.1613	3.1093006692484577	1.066822788255575	0.12
134	2.2333333333333334	2.87893551091329	0.8363438665932732	0.0	2.8236881172237362	0.7873008276511815	-0.105	2.9197554183555376	0.41328880957149805	-0.0886	2.817753958961986	0.024937161941128508	-0.0972	3.0013163380760037	-0.030430440581153857	-0.0766	2.963623191831932	-0.05656692229432652	-0.12	2.769006284298064	-0.02422672401880043	-0.0883	2.957918513333279	0.8548376004411226	0.105	3.232300598400508	0.9252069710673615	0.0886	3.220634697162494	0.540275490625364	0.0972	3.373756495414633	0.44028478502682233	0.0766	3.3565996928902515	0.46307370019620875	0.12	3.167848137024191	0.483879999842421	0.0883	2.920884312916975	1.3161340830186303	0.0	2.9963134930297435	1.5213172022164245	0.0	3.040405500291468	1.3927164815618878	0.0	2.8076696543263076	1.2460510461941845	-0.2016	2.8827004241996614	1.0016924861276584	-0.1613	3.0639852570268644	1.1245012937864765	-0.12	2.9691085246954345	1.231699809247221	0.2016	3.0040606524142714	0.981609306051281	0.1613	3.1140094910952394	1.0738068269901373	0.12
135	2.25	2.8821960054618945	0.8369473298383714	0.0	2.824705215534943	0.7861915322716891	-0.105	2.9228661640942373	0.41411526115727276	-0.0886	2.8184498092226713	0.025014766876661113	-0.0972	3.0010501904662275	-0.029969322372373923	-0.0766	2.963728173058838	-0.055455711413622204	-0.12	2.76948401656272	-0.02345973102186589	-0.0883	2.9614704096472004	0.8538965781679858	0.105	3.226261866480204	0.9467470088363888	0.0886	3.217636849905866	0.5573017438336217	0.0972	3.363973927592338	0.4530864097115669	0.0766	3.3471642127053847	0.47553103453562107	0.12	3.164423427661284	0.5033361444108563	0.0883	2.922809489676623	1.313947637992941	0.0	2.996091460318758	1.5174308516200956	0.0	3.042565634338827	1.391656072045282	0.0	2.808405173481733	1.2462253220817363	-0.2016	2.88781787253595	1.0024408458057639	-0.1613	3.062434272523271	1.1306797815302354	-0.12	2.9784109635390825	1.232064914523473	0.2016	3.0175706357912144	0.9828471221393259	0.1613	3.115067035019476	1.076859270023089	0.12
136	2.2666666666666666	2.885450552734498	0.8361861671020153	0.0	2.8249762066887514	0.7830832939042042	-0.105	2.925195707144208	0.41526843168290206	-0.0886	2.8191718968998583	0.02518211200707232	-0.0972	3.0005385086943477	-0.02946043280830425	-0.0766	2.9637528226241945	-0.05481850460931209	-0.12	2.769937038727124	-0.02322388718966012	-0.0883	2.9635188765848044	0.8512023676528813	0.105	3.2249554594511305	0.9615425919427544	0.0886	3.211033112619917	0.5733462080366576	0.0972	3.3501141909059733	0.46689150496632814	0.0766	3.3437954825555107	0.4889557207066214	0.12	3.1574188659834572	0.5220251159430292	0.0883	2.9249419811616977	1.3130873466544015	0.0	2.9972869588466162	1.5146645380539636	0.0	3.045456667488407	1.3889047984407223	0.0	2.808633722692764	1.245443390675225	-0.2016	2.8919303764830655	1.0023533902298094	-0.1613	3.06146019903907	1.1348822983084934	-0.12	2.9849664450058295	1.232469498967655	0.2016	3.0221409965126127	0.9844926886041065	0.1613	3.116072997022291	1.0773280505579008	0.12
137	2.283333333333333	2.886684204929766	0.8369564438197774	0.0	2.825055054058589	0.7823556276094709	-0.105	2.9268934582006287	0.4159746687211703	-0.0886	2.819744250804867	0.02579154685484014	-0.0972	2.9994028150341863	-0.028916136360439694	-0.0766	2.9638030617842706	-0.05464948856323635	-0.12	2.7704159024563366	-0.023708017025806064	-0.0883	2.9634032653916362	0.8530273279408312	0.105	3.224778227418297	0.9687656841465495	0.0886	3.205022109134325	0.5866807648937182	0.0972	3.3467761247184775	0.4755883744437856	0.0766	3.3374978183718933	0.4974844459373218	0.12	3.150729409888473	0.5376897148484143	0.0883	2.9262408119369767	1.3096119149503347	0.0	3.0004753972081546	1.512979693937198	0.0	3.0470628840630267	1.3860364649840318	0.0	2.807091590091038	1.2412898010744955	-0.2016	2.8984528906217335	1.0016326746564974	-0.1613	3.0633355347433473	1.1365099596979618	-0.12	2.9870803388728464	1.2315079347997013	0.2016	3.028573313018794	0.9864085400873406	0.1613	3.117172041253606	1.0866576472496612	0.12
138	2.3	2.886637822803659	0.8377580353351113	0.0	2.8250488244511853	0.7840459427400278	-0.105	2.9279516729324295	0.4166358650849928	-0.0886	2.8203517534842715	0.027847771586276784	-0.0972	2.9986623822121974	-0.02840168078820577	-0.0766	2.96367506016453	-0.05461968373745061	-0.12	2.7710875148184173	-0.02378163013022838	-0.0883	2.9617827604304168	0.8538390794976214	0.105	3.225152297264249	0.9743667485659132	0.0886	3.199324835671711	0.5930097481046749	0.0972	3.3391553401754788	0.47686796783315205	0.0766	3.3283995688004295	0.49656247045983437	0.12	3.1481905384070883	0.5397080474295914	0.0883	2.925747755606918	1.3036765406638544	0.0	3.005689502734258	1.5160279499048395	0.0	3.0477222864723337	1.3833938720225363	0.0	2.8046869248294857	1.2351641046355213	-0.2016	2.900319823872766	1.0004594797557345	-0.1613	3.064503648867889	1.139282900486527	-0.12	2.987823909374	1.2285300711160696	0.2016	3.0339116716533563	0.9895861605650825	0.1613	3.120219719329473	1.0977056829723182	0.12
139	2.3166666666666664	2.886160214485015	0.837485553709751	0.0	2.8248772859972258	0.7848063775123257	-0.105	2.9279215933950726	0.41708662279417974	-0.0886	2.8210817675342152	0.029690815645107477	-0.0972	2.9981271463593413	-0.02822500163196489	-0.0766	2.963235931086737	-0.05472658648203443	-0.12	2.771611391475798	-0.023771280447898703	-0.0883	2.9604092108179003	0.8506892488271538	0.105	3.226790345473688	0.9711120536774179	0.0886	3.1945271865943115	0.5904871670135986	0.0972	3.330691367367019	0.46686823960243984	0.0766	3.3205191999344907	0.4888891487989358	0.12	3.1435740223491986	0.5416323565631025	0.0883	2.9257273089784213	1.299459101863703	0.0	3.0066070651547667	1.5158533088001789	0.0	3.0470751383869388	1.3803205282697	0.0	2.8028334204281697	1.2301249597565929	-0.2016	2.897771746741891	0.9988855073979668	-0.1613	3.0653944134246363	1.1386557052212645	-0.12	2.99244597533737	1.2253586550302993	0.2016	3.0364483562010944	0.9907488915419376	0.1613	3.1203970296536774	1.098880443215641	0.12
140	2.3333333333333335	2.885598369839117	0.8352580848163226	0.0	2.8245712551471294	0.7849395634512611	-0.105	2.9283023110558415	0.417480924996083	-0.0886	2.821458595301511	0.0304321890472537	-0.0972	2.997396046083245	-0.028737934587474166	-0.0766	2.9624154199562045	-0.05496082772072845	-0.12	2.7720837622704617	-0.023774689058279327	-0.0883	2.9597844099706685	0.8466900817089048	0.105	3.2297542226539053	0.9589842187598028	0.0886	3.1968766450124373	0.5839903281030384	0.0972	3.321535516169674	0.45040709906616416	0.0766	3.3166583805076137	0.4750615649297666	0.12	3.14371646799725	0.535567315349585	0.0883	2.926046879806614	1.297262985118791	0.0	3.0067439285069546	1.5160174697693918	0.0	3.0462027581963063	1.3784241263790147	0.0	2.801123004536351	1.2259335696480695	-0.2016	2.8944135760564067	0.9971640170392184	-0.1613	3.065071521593558	1.1351030962000854	-0.12	2.9960477672683594	1.2243908084665502	0.2016	3.0388037100608876	0.9908071923932311	0.1613	3.118768839297026	1.1010227277471742	0.12
141	2.35	2.885434563473355	0.8333782988577709	0.0	2.8241666465764115	0.7841569212903279	-0.105	2.9289751071824726	0.41760006819018336	-0.0886	2.821696911352125	0.030518973628220175	-0.0972	2.9971664038000645	-0.030641608167039938	-0.0766	2.961374706620476	-0.05531293455535546	-0.12	2.7725489705621964	-0.023674061704506824	-0.0883	2.9607559055899855	0.8446366336517469	0.105	3.230547746566279	0.9448915869821336	0.0886	3.1985196520719925	0.5669431587744389	0.0972	3.3160080339496174	0.42809298704886467	0.0766	3.314055021528307	0.4574426178686819	0.12	3.143198874172369	0.5253257154396123	0.0883	2.926644517894626	1.2946055799089484	0.0	3.0057520283766426	1.5118074915250257	0.0	3.0483441001249734	1.3759995191961694	0.0	2.800825984722071	1.2237471222715777	-0.2016	2.893551664950739	0.9938212634593255	-0.1613	3.0638504534594695	1.1336233655695935	-0.12	2.999012586861989	1.2222727483742868	0.2016	3.03951551566637	0.9896592922793226	0.1613	3.11923708963372	1.0970724857989926	0.12
142	2.3666666666666667	2.8854573294866186	0.8318913469401475	0.0	2.8234938794211724	0.7814633360519772	-0.105	2.92967165027804	0.4174896058907308	-0.0886	2.8218192467594783	0.030405807954193703	-0.0972	2.99653990144998	-0.03286679655263374	-0.0766	2.9593640142880973	-0.055859128669679695	-0.12	2.772777611304152	-0.023830173584123364	-0.0883	2.9624619301347046	0.8434231726847143	0.105	3.23197434785941	0.9279407450888721	0.0886	3.2020495469897585	0.5453380758703894	0.0972	3.317248931764132	0.4041396418326658	0.0766	3.3177912253160606	0.4338377201896111	0.12	3.1462969346295053	0.504202663539796	0.0883	2.9276673096812402	1.2925186541845055	0.0	3.0048405712984385	1.507511303622025	0.0	3.0500972006762095	1.3741527038760062	0.0	2.8011179590433257	1.2201977079998954	-0.2016	2.8921477636180875	0.9890196719684597	-0.1613	3.063013550758301	1.1298493300981776	-0.12	3.0003318320252896	1.2204671473270499	0.2016	3.038593737201973	0.9880230683080048	0.1613	3.1190923927187693	1.0986808410193691	0.12
143	2.3833333333333333	2.885248562952096	0.8288779742883741	0.0	2.82229145498515	0.7801118576351589	-0.105	2.9299638245311517	0.4180949657641429	-0.0886	2.8216479035160287	0.030112040553825242	-0.0972	2.995257965910433	-0.03413189894861574	-0.0766	2.955714215327508	-0.05661979835209276	-0.12	2.772547209492753	-0.023758830732759	-0.0883	2.96476531178026	0.8423383371511508	0.105	3.234998784286484	0.901555526440952	0.0886	3.2097914691831	0.5237024906636182	0.0972	3.3192433141612576	0.38123994509849013	0.0766	3.319958615854827	0.4107944446160075	0.12	3.153892863180849	0.4845396016052732	0.0883	2.9297460481418574	1.2888273286833893	0.0	3.0044035131738918	1.5045192441368356	0.0	3.0517690577636345	1.3720522300228386	0.0	2.8013344016981314	1.215543958948353	-0.2016	2.8903128950506702	0.9840951767210007	-0.1613	3.0618852926634537	1.1215006000500756	-0.12	3.0014593425973204	1.2184470693526914	0.2016	3.037357375167634	0.9845338556299533	0.1613	3.1194115694875504	1.0952441018591001	0.12
144	2.4	2.884515507546943	0.8249772195649092	0.0	2.819839500396549	0.7788249814330899	-0.105	2.9289124920174734	0.4179676108130231	-0.0886	2.821412836900502	0.03034199622335819	-0.0972	2.9925904656981364	-0.03575004823636907	-0.0766	2.950951783802062	-0.05768865436632611	-0.12	2.772089576333346	-0.023627220669841485	-0.0883	2.9650066472357133	0.8394056408896743	0.105	3.242544776405341	0.8781465454975763	0.0886	3.2172751461273843	0.49541814266395906	0.0972	3.327004014991074	0.3597372220734457	0.0766	3.326109659794781	0.387456344856404	0.12	3.1609653035199172	0.4570056655913444	0.0883	2.9321516494550575	1.2871821119527906	0.0	3.004006589476133	1.4995652121102687	0.0	3.0541128752201567	1.3689291595838224	0.0	2.80128388843812	1.211525286791572	-0.2016	2.8878074441448924	0.9743891479865108	-0.1613	3.0584733343867403	1.1133222980632758	-0.12	3.0037145094237445	1.2170499303573186	0.2016	3.036104228506754	0.9814964714261075	0.1613	3.1195391628022064	1.0939864985807883	0.12
145	2.4166666666666665	2.8836717403376237	0.8163941132134229	0.0	2.8163405179834307	0.7719308769521316	-0.105	2.928764466584318	0.41758696521774646	-0.0886	2.8211596052558052	0.030358909814017246	-0.0972	2.989646131178813	-0.03655177024842736	-0.0766	2.9491453945339905	-0.058284278713773265	-0.12	2.7715872474696237	-0.023531096242425935	-0.0883	2.965293642054886	0.8289759047285662	0.105	3.248022795703269	0.8557526170455028	0.0886	3.230251947393315	0.4737910635777298	0.0972	3.3365068763427224	0.30500706949333267	0.0766	3.337473356736433	0.33379644058231006	0.12	3.1714279219583488	0.44328540763939267	0.0883	2.934831883623237	1.285571335341054	0.0	3.0037690375438055	1.4960669929190167	0.0	3.054367149150135	1.3647738204865507	0.0	2.801362172748284	1.2056459712536371	-0.2016	2.884469104322148	0.9630092049824818	-0.1613	3.0535802699003045	1.1097250468882314	-0.12	3.0079558382450813	1.2141143966240562	0.2016	3.0342122101281985	0.9780202866139901	0.1613	3.1174371616208423	1.091182857954385	0.12
146	2.433333333333333	2.883101796338951	0.8102655686737256	0.0	2.814517258607734	0.762919675344557	-0.105	2.9311855081261298	0.41790358917900405	-0.0886	2.8209062419885464	0.030648696804351172	-0.0972	2.989114625239652	-0.036168727536220434	-0.0766	2.948033550531778	-0.058297518323986344	-0.12	2.771405372489655	-0.0230458581296919	-0.0883	2.966547891558047	0.8201070003821498	0.105	3.247945282243251	0.8067692148467677	0.0886	3.2502794317436265	0.4201236354224196	0.0972	3.354715797168733	0.2643112162002361	0.0766	3.3580256155764316	0.2947987960481863	0.12	3.1883556247435028	0.39583816190749443	0.0883	2.9378371167370454	1.282354247114455	0.0	3.0035916991305043	1.4878083831169873	0.0	3.0530243931759786	1.3585624549696367	0.0	2.8020978589108214	1.1999261528890255	-0.2016	2.8760778928054	0.9547044478476318	-0.1613	3.047957537443212	1.1063670372403729	-0.12	3.0121536482437063	1.210685759070375	0.2016	3.0324271603423227	0.9739015102965958	0.1613	3.116127323197084	1.0869095586761437	0.12
147	2.45	2.882780471804123	0.8037517189079258	0.0	2.8130270183834845	0.757258032687934	-0.105	2.9324648354449305	0.41797908454501354	-0.0886	2.820984066805822	0.030748568072867605	-0.0972	2.988830524407915	-0.03587581564266954	-0.0766	2.9491465723002945	-0.05860397257755609	-0.12	2.771561881432526	-0.022783627207153177	-0.0883	2.967642980597429	0.8128204790705302	0.105	3.2496000289844846	0.7636300034412976	0.0886	3.2796153934648022	0.37310883666929956	0.0972	3.3872315439750498	0.22269653809080397	0.0766	3.3911333583824526	0.25563727150112575	0.12	3.219416268507716	0.33882158577598215	0.0883	2.940497065568674	1.2788702520253077	0.0	3.0034371827808197	1.4818841745773284	0.0	3.0514394518334678	1.3527103350129306	0.0	2.8038675201143315	1.1978399194876377	-0.2016	2.8672550157738375	0.947785529269989	-0.1613	3.043462932127221	1.0870971833608247	-0.12	3.0132607185080333	1.206998116707407	0.2016	3.0280498830459455	0.9708208563500492	0.1613	3.1152606640103353	1.0813364228249638	0.12
148	2.466666666666667	2.8824351543961746	0.7948331745175476	0.0	2.810274147232207	0.7506017404282215	-0.105	2.933669275803257	0.4177349558993765	-0.0886	2.8214820167863777	0.030645093939357368	-0.0972	2.988639012359539	-0.03530744626292009	-0.0766	2.9497998217308203	-0.05871974227785103	-0.12	2.771825431737714	-0.022742179434981774	-0.0883	2.967851923119106	0.803392696391596	0.105	3.245985275225285	0.7240444403900228	0.0886	3.285819741597502	0.3269737867016762	0.0972	3.4116681538520828	0.18699995166878275	0.0766	3.4164577662275577	0.2178444517089393	0.12	3.2410356957380926	0.2890868407010565	0.0883	2.9433750154011036	1.2742512242387352	0.0	3.0033010068858528	1.4816283057944575	0.0	3.0511812816012207	1.3487961403577127	0.0	2.8065290731405947	1.195313943103425	-0.2016	2.8560660121854093	0.9389665130304026	-0.1613	3.040631065322133	1.0685181262110977	-0.12	3.0157362057489605	1.2007815944671625	0.2016	3.0219505976954952	0.9700070309998319	0.1613	3.114531915774257	1.074908761798107	0.12
149	2.4833333333333334	2.8822423038346963	0.7858552164896809	0.0	2.807645917411944	0.7427239212807801	-0.105	2.9363976856338256	0.417241977453257	-0.0886	2.821687803680747	0.030555696348812528	-0.0972	2.988387134727273	-0.03412986840127395	-0.0766	2.9498926860085626	-0.05828140108226411	-0.12	2.771865174189725	-0.02290623377899388	-0.0883	2.9686290239915043	0.7902283849790277	0.105	3.2429614719894713	0.6752328323994711	0.0886	3.297622004830079	0.28477621121066593	0.0972	3.4249733530676263	0.15659585171714058	0.0766	3.4319838508328075	0.18697346219679017	0.12	3.2577248741351057	0.2507021023743811	0.0883	2.9456562499309933	1.2692386408584584	0.0	3.0033078596205764	1.475482023747473	0.0	3.0529283777933935	1.3404928103401808	0.0	2.8091540681117024	1.1893800075335514	-0.2016	2.8408594288043494	0.9319662156131788	-0.1613	3.0414012339538328	1.0461296544834386	-0.12	3.024710050458311	1.195420342367529	0.2016	3.0213133196669766	0.9742411148593382	0.1613	3.1152022475351604	1.0588034479716177	0.12
150	2.5	2.8820908356937545	0.7782466577012429	0.0	2.8058197841592767	0.7376285129502279	-0.105	2.9379297348641487	0.41648135382918794	-0.0886	2.821540170088842	0.03071457682542797	-0.0972	2.9882262152251413	-0.03292113729531439	-0.0766	2.9491416784279427	-0.05758374591479615	-0.12	2.7716482604940293	-0.023391896899643737	-0.0883	2.9700186422788524	0.7797095967513895	0.105	3.236057231525483	0.6386272414860918	0.0886	3.3069011315144627	0.24833792156037443	0.0972	3.4480125078382575	0.13321643529976646	0.0766	3.447848103403191	0.1616387455824938	0.12	3.267549577131589	0.20310117452400392	0.0883	2.947850423301586	1.261959718298568	0.0	3.0027652852995734	1.4724745061931972	0.0	3.0565353482712743	1.3371751403497305	0.0	2.811783239974645	1.181881754618967	-0.2016	2.830173620309822	0.9276654164978066	-0.1613	3.0408295501604523	1.0178471242224254	-0.12	3.0260938326654396	1.1874444383839329	0.2016	3.0192692868754567	0.9762688671968349	0.1613	3.113808166715446	1.0339722555508482	0.12
151	2.5166666666666666	2.882297095203355	0.7741387064924438	0.0	2.805627624316243	0.73616519266143	-0.105	2.940460913395768	0.4154499766557285	-0.0886	2.821217868703204	0.030896146860014642	-0.0972	2.9882136051139594	-0.03150676790766534	-0.0766	2.9481720261520024	-0.05676052595788199	-0.12	2.771236023647758	-0.023802958415877193	-0.0883	2.9708627461123185	0.7733915974151188	0.105	3.22988679684931	0.5961688338831596	0.0886	3.314822898409736	0.21359984335732773	0.0972	3.4582260318401596	0.10816443441900117	0.0766	3.4634796838467823	0.13853244541007542	0.12	3.27546441346746	0.16759476908171295	0.0883	2.949349179915018	1.2551687102471343	0.0	3.003808803836547	1.4658454619578503	0.0	3.0599500936183897	1.3276119343377837	0.0	2.8127887314112847	1.1736914002251566	-0.2016	2.8150436969468555	0.9219997110551584	-0.1613	3.0352834184778765	0.9798169492988693	-0.12	3.0311422966868156	1.1861568648517145	0.2016	3.0197588742118873	0.9760068011600305	0.1613	3.113374873860304	1.013920343601841	0.12
152	2.533333333333333	2.8822757789190825	0.7694434120965014	0.0	2.8047428575703375	0.7345202026052694	-0.105	2.9442035661331576	0.4118538511052254	-0.0886	2.821248828017692	0.0314758745665077	-0.0972	2.9883393328502623	-0.03058092784773518	-0.0766	2.9478665227516143	-0.05574837468645111	-0.12	2.771256936530471	-0.023689366500704134	-0.0883	2.9700198770143618	0.7683960011827583	0.105	3.224256657597149	0.5597117866038436	0.0886	3.326558239413306	0.191746464143083	0.0972	3.4666224911856545	0.08134434902175328	0.0766	3.4745540125581345	0.1119890524769862	0.12	3.285480995422203	0.1419143654280261	0.0883	2.9525889275259916	1.2469248807878979	0.0	3.007180689900174	1.4581066003015193	0.0	3.0643457515067167	1.3222467841815169	0.0	2.815118046529475	1.1673431109830539	-0.2016	2.7940245860403308	0.9178508636076157	-0.1613	3.031679541603704	0.9460940128635895	-0.12	3.0334787653418274	1.179995778630258	0.2016	3.019727316111194	0.9756390830488414	0.1613	3.1147058638772056	0.9902111709422142	0.12
153	2.55	2.8821606043450227	0.7646567311829672	0.0	2.804749558051413	0.7342905829347766	-0.105	2.9477301058474246	0.4087084653040475	-0.0886	2.821851598013043	0.032998903368499435	-0.0972	2.9888156527122582	-0.029939204459611596	-0.0766	2.948706144474319	-0.05583168055827077	-0.12	2.771473920110737	-0.023165805801789688	-0.0883	2.9689634060906136	0.7634728250863896	0.105	3.208664310350801	0.5286902297639255	0.0886	3.3319769198595792	0.1687430197538309	0.0972	3.4654389079995997	0.062108922673185435	0.0766	3.475836566168829	0.09495355651728095	0.12	3.2907070298995507	0.12099300851848263	0.0883	2.955755494453893	1.242300941343378	0.0	3.0084926899191653	1.4533987189254907	0.0	3.0658376957807807	1.319755329912951	0.0	2.821680847236675	1.1614443073295608	-0.2016	2.785778593111775	0.9114664127566818	-0.1613	3.0277103676713732	0.9069231406290136	-0.12	3.036107699657993	1.1756335319764752	0.2016	3.019445881215937	0.974387912088222	0.1613	3.1149878408722347	0.9761500115761805	0.12
154	2.5666666666666664	2.8818224355862694	0.7562468670182942	0.0	2.805642499697916	0.7306056405489317	-0.105	2.953749173200047	0.40583208849446706	-0.0886	2.822544036257768	0.03476687064708742	-0.0972	2.9890544907893197	-0.030261194224179847	-0.0766	2.9496798658274956	-0.05521609619315671	-0.12	2.7716484797839813	-0.022540014052094832	-0.0883	2.9683987847506064	0.7527164327073286	0.105	3.1956698000087034	0.503609636115959	0.0886	3.3275998038286514	0.14639125084229096	0.0972	3.461672983621118	0.03630053258798116	0.0766	3.4746526688333166	0.06922303035648907	0.12	3.2841310101640433	0.09834830386308732	0.0883	2.9600464706342184	1.234695905631829	0.0	3.0095925450924303	1.4485700402986137	0.0	3.066894837310445	1.3111475570213824	0.0	2.8310267439284864	1.1552753788997845	-0.2016	2.78064427735864	0.9064435638901085	-0.1613	3.016826324672645	0.8539629881032181	-0.12	3.0396194190876273	1.1664044688726969	0.2016	3.0219403488069103	0.9740120408188981	0.1613	3.1153595949256774	0.9337496094447241	0.12
155	2.5833333333333335	2.881186677129829	0.7473049433893453	0.0	2.8061743608390746	0.7209312281445514	-0.105	2.9614868861444292	0.40481023827965457	-0.0886	2.822719222891038	0.034256070351788404	-0.0972	2.9888620593959114	-0.031248285420487354	-0.0766	2.9496308268402047	-0.05551803713186435	-0.12	2.771609658954885	-0.022874269092047636	-0.0883	2.9677230678574453	0.7395421751598598	0.105	3.187423441751752	0.487387578818231	0.0886	3.319281721449458	0.12690605750624684	0.0972	3.4494263355303456	0.009750397167309868	0.0766	3.4660777609255407	0.04123679160745519	0.12	3.2735740475820467	0.07559964309978767	0.0883	2.9667119735083585	1.2268954161494947	0.0	3.0106885985348786	1.4348819178416135	0.0	3.07347628019081	1.308959838261973	0.0	2.8381926152211774	1.1454854005927295	-0.2016	2.773437456404968	0.9010773567243681	-0.1613	2.9980672408684397	0.8048431464156173	-0.12	3.0432229756321876	1.1567299874946975	0.2016	3.0349075685720655	0.9700889460557306	0.1613	3.127646875137038	0.8773960658828068	0.12
156	2.6	2.880777090704752	0.7393755180282363	0.0	2.8062156772729447	0.71349713666092	-0.105	2.9691424405293443	0.4013798566962856	-0.0886	2.822922992626789	0.03332321420462628	-0.0972	2.988513471873435	-0.03203773269296503	-0.0766	2.948607330475062	-0.05588021369840844	-0.12	2.771343102642318	-0.023620214955194813	-0.0883	2.968040778612459	0.7306573715726468	0.105	3.18412990631588	0.4720767375867957	0.0886	3.3057567546738325	0.1143566781334717	0.0972	3.439953746370738	-0.006940432305424307	0.0766	3.4510923117209207	0.02331169413323657	0.12	3.259810046486331	0.06628906549761591	0.0883	2.9720873491139455	1.2195258180811066	0.0	3.013908511438859	1.4233651171934971	0.0	3.078678394314954	1.306031436647701	0.0	2.846332459239992	1.1341169252270742	-0.2016	2.7667371022710276	0.8914822690635723	-0.1613	2.966601252112127	0.7533461088713661	-0.12	3.04463745319965	1.1500333030017809	0.2016	3.042484687826262	0.9637108451506992	0.1613	3.146139105941164	0.8600721285674808	0.12
157	2.6166666666666667	2.88116436212624	0.7304083622139412	0.0	2.8065816239473085	0.6954638770788705	-0.105	2.973817804931837	0.3950791266269123	-0.0886	2.822904362469317	0.03291260832073034	-0.0972	2.9879678248863666	-0.03280406292187087	-0.0766	2.9481931275784965	-0.056001664365073145	-0.12	2.7707460430947113	-0.025043962083068645	-0.0883	2.970322053437643	0.7164532313017551	0.105	3.1811556234030878	0.4581483678624592	0.0886	3.2920237983917926	0.10434540093152754	0.0972	3.425554873195482	-0.012586763189794861	0.0766	3.4354462199936573	0.0166891443818845	0.12	3.243309557385858	0.05271536676577278	0.0883	2.97504321954478	1.206186979654753	0.0	3.017548499208067	1.4114919909001447	0.0	3.0824566634049666	1.2946938500015572	0.0	2.8510470754453814	1.1203427481158008	-0.2016	2.7637177742155288	0.8774556547831805	-0.1613	2.923436016118161	0.6808693166191431	-0.12	3.0472673923103697	1.1416683485936205	0.2016	3.054603799306038	0.965635260677832	0.1613	3.1640714925253226	0.8376031012380893	0.12
158	2.6333333333333333	2.8851791831369975	0.718252231336003	0.0	2.8100918739886533	0.6855734912247359	-0.105	2.9787239392567635	0.38808470414534213	-0.0886	2.8234799718454937	0.033394228086200003	-0.0972	2.9874579894342626	-0.03313387084333387	-0.0766	2.9480730850778265	-0.05624808434237063	-0.12	2.7704182979701115	-0.02489199078260647	-0.0883	2.9727091918561066	0.7091277260911331	0.105	3.176305667145917	0.45127763911459423	0.0886	3.2790050107742537	0.09727863638092113	0.0972	3.412508928842273	-0.015469996879631721	0.0766	3.420345879195104	0.01347696955472838	0.12	3.2312847144523205	0.04056479985590464	0.0883	2.980614449232315	1.196345795666078	0.0	3.021505945691582	1.4047183693605123	0.0	3.092899175008811	1.2846029460497945	0.0	2.8602651681740343	1.1066293770047366	-0.2016	2.7661059047916217	0.8630512738347033	-0.1613	2.880517705764686	0.6479546954987757	-0.12	3.0507574992362536	1.1334927234541472	0.2016	3.0678425256755673	0.9675447992973344	0.1613	3.186533562648017	0.8269989739576054	0.12
159	2.65	2.8991746228929087	0.7116534430596174	0.0	2.828718822919947	0.6919906914537501	-0.105	2.984711553373633	0.3815113752094808	-0.0886	2.8244607707159286	0.03295146837666295	-0.0972	2.986838602572508	-0.03323645741690548	-0.0766	2.946571668324152	-0.05619594409591915	-0.12	2.7703460450488055	-0.023928956226956725	-0.0883	2.9769734997230737	0.7152224464198529	0.105	3.176454341117988	0.4452397014921972	0.0886	3.2656350814201964	0.08878773006710415	0.0972	3.4054109919254807	-0.012131864363389977	0.0766	3.4125517121148516	0.014731398356291434	0.12	3.2176995913327002	0.03679501259252914	0.0883	2.9839772137629783	1.1847633599880774	0.0	3.0278519804932826	1.3903874988974259	0.0	3.103495041459818	1.2742130316051004	0.0	2.868664749378726	1.0941218840582372	-0.2016	2.769043799773847	0.8513991988634936	-0.1613	2.8232799393957504	0.619177297406053	-0.12	3.05801615420757	1.1268662895349797	0.2016	3.084398368950565	0.9677817646868365	0.1613	3.1989210205498626	0.8216155864016548	0.12
160	2.6666666666666665	2.908183030185575	0.7012228033259672	0.0	2.845281184424199	0.6693500189912317	-0.105	2.9910207736462953	0.374873215122858	-0.0886	2.828652672664972	0.03265345145620499	-0.0972	2.9852820542740157	-0.03365182676558718	-0.0766	2.9454364400491913	-0.05602530526324269	-0.12	2.7710022289012124	-0.02315701828481191	-0.0883	2.9842327226517362	0.6918679267541086	0.105	3.1759892747180842	0.4389690076782856	0.0886	3.238697976040193	0.08744715119821998	0.0972	3.388016167464195	-0.008204960474448839	0.0766	3.386606179290808	0.017760321391857667	0.12	3.1924484293468876	0.036751600242531574	0.0883	2.9909259279232856	1.172228029443988	0.0	3.035985587046126	1.3727458304366207	0.0	3.111156911192867	1.2592341313180335	0.0	2.8707051226302016	1.0775436502529665	-0.2016	2.7753229713509233	0.8414146151475203	-0.1613	2.753322077783839	0.5995461401198631	-0.12	3.0710641743288565	1.1218981237095176	0.2016	3.1105773291765457	0.9691014282920682	0.1613	3.210149860237705	0.8157817344038183	0.12
161	2.683333333333333	2.915477804355711	0.6826727704467533	0.0	2.8476987055037806	0.6528550413373072	-0.105	2.998676739366071	0.3722669400888905	-0.0886	2.8300940317300225	0.03232814641357497	-0.0972	2.9848554465806383	-0.03516577006853607	-0.0766	2.945694492885526	-0.055671184897591944	-0.12	2.772461084461062	-0.021890308667148667	-0.0883	2.987086144433828	0.6755982797744717	0.105	3.1765652011519925	0.42986764023422996	0.0886	3.216507023238934	0.083463895054087	0.0972	3.3690819061472936	-0.0083054280752696	0.0766	3.3667202671211744	0.019414566643771725	0.12	3.172542372674244	0.03834676508438352	0.0883	2.9962629338824933	1.157493683744645	0.0	3.0444736336670513	1.3563061443263975	0.0	3.114661347310049	1.2498862563311712	0.0	2.8728809701113587	1.0540866303653955	-0.2016	2.7749933625699867	0.8118572517839721	-0.1613	2.7287493649143935	0.5706832142702445	-0.12	3.0747535539649262	1.1133589500960626	0.2016	3.1318602438182053	0.9659250780315026	0.1613	3.226830781277273	0.8145052572518349	0.12
162	2.7	2.911484949550194	0.6684949378634366	0.0	2.8423556636418295	0.6384724072553881	-0.105	3.004166569313543	0.3669177678841925	-0.0886	2.830613164603334	0.032289045042443856	-0.0972	2.98385359422298	-0.037056761468315935	-0.0766	2.9447984271470427	-0.055191170822201985	-0.12	2.7758423886718218	-0.020928371061901437	-0.0883	2.985748474689094	0.659362887620532	0.105	3.176420085231842	0.42492097421482167	0.0886	3.2031834737015585	0.08389174946816823	0.0972	3.3571596137810147	-0.007476081680031846	0.0766	3.3554641923036352	0.02189924729878298	0.12	3.15699972741654	0.042189311942551544	0.0883	3.0049579138013955	1.1383460067093436	0.0	3.047695094102236	1.3415313290835853	0.0	3.120471591366319	1.236883291431842	0.0	2.8783798482811265	1.0311830667048694	-0.2016	2.774490116567628	0.8109143221120724	-0.1613	2.693258928041271	0.598286997379875	-0.12	3.0805198012401904	1.1018523125888153	0.2016	3.1444541929222414	0.9662748179479191	0.1613	3.240392022698113	0.836548764119266	0.12
163	2.716666666666667	2.9065647979987976	0.6583856010305742	0.0	2.835936592879424	0.6249046871582449	-0.105	3.010724250240003	0.3615050796033569	-0.0886	2.833325628507038	0.032282892865783716	-0.0972	2.98224940251232	-0.037886754093174595	-0.0766	2.9441125261041448	-0.055002930812754564	-0.12	2.7776924093027846	-0.02066032830233106	-0.0883	2.98461169579163	0.644346727079907	0.105	3.178401019891459	0.41875535001327313	0.0886	3.192159029472003	0.08746371419595617	0.0972	3.3379178182497578	-0.005148005496818223	0.0766	3.3380165162752133	0.025244553199235617	0.12	3.1384255064536273	0.04536957296194363	0.0883	3.01827622806874	1.117824521869151	0.0	3.0531404400922715	1.3231973177514886	0.0	3.1266511789828915	1.2195590431321308	0.0	2.8873264619714702	1.0163692059639293	-0.2016	2.7706951607800585	0.8115122335547925	-0.1613	2.6704180191262124	0.6167268632490134	-0.12	3.088139273274813	1.0851401081743992	0.2016	3.155324481967386	0.9730930295382362	0.1613	3.24625712332966	0.8517882512023207	0.12
164	2.7333333333333334	2.904038191870495	0.6426025850732028	0.0	2.832932726187086	0.6109888603288357	-0.105	3.020758918660697	0.3573235139667376	-0.0886	2.8340730505918676	0.032102539512724626	-0.0972	2.981601770099287	-0.03895815157139948	-0.0766	2.944456662551191	-0.055062454148983656	-0.12	2.779287386189686	-0.019799757026585457	-0.0883	2.9853263004398833	0.6331373697078123	0.105	3.1794471710534054	0.411538184136984	0.0886	3.1785774000446434	0.08910436317432906	0.0972	3.325046854685174	-0.0003661635579841477	0.0766	3.322120300209763	0.0329655361683133	0.12	3.123263898910364	0.051479466481981206	0.0883	3.0294302110280285	1.1028950455742956	0.0	3.05921448303031	1.3033513694712098	0.0	3.1326258179246707	1.1982377507448938	0.0	2.8954540105762687	1.0093639022238134	-0.2016	2.7570678667838044	0.8213184982979245	-0.1613	2.648909829400874	0.6301810337269694	-0.12	3.1006653891035336	1.0727004917470255	0.2016	3.1644767684451556	0.9851784899720266	0.1613	3.2429955283474126	0.8701362305327746	0.12
165	2.75	2.90382555729423	0.6250160324149425	0.0	2.8320401085549327	0.5959108402324527	-0.105	3.02519357298064	0.34715724769497347	-0.0886	2.8329799616647864	0.03208980528655299	-0.0972	2.9820286999011154	-0.039743615037851836	-0.0766	2.944488565097543	-0.05445114890253038	-0.12	2.7806885673064765	-0.019206233529059244	-0.0883	2.98766660725929	0.6225146475233937	0.105	3.178158251481314	0.40431870746798354	0.0886	3.170063887619015	0.09165866696072537	0.0972	3.310269513343316	0.009251812873841941	0.0766	3.308900741261396	0.043110100190722866	0.12	3.1183826214939745	0.06177946253126641	0.0883	3.034280160087844	1.089573655295346	0.0	3.066277858411214	1.2878867946168904	0.0	3.1397726715809595	1.181144962727668	0.0	2.90182130770449	0.9962284204546593	-0.2016	2.7420845068712745	0.8304526117385232	-0.1613	2.6411455714056196	0.6504843860015076	-0.12	3.1108123934201855	1.0594286676781959	0.2016	3.176494772582375	0.9899080484658314	0.1613	3.24563610535803	0.8887445604680749	0.12
166	2.7666666666666666	2.901873991589458	0.6061049038973064	0.0	2.830869254236391	0.567496986162753	-0.105	3.0286434020998994	0.33433867329198425	-0.0886	2.833865834430909	0.03209335098347202	-0.0972	2.9828155724062753	-0.041503808967396964	-0.0766	2.943936081458525	-0.054806521838134704	-0.12	2.780319099211606	-0.01932651851152277	-0.0883	2.988262741524921	0.5960701973069933	0.105	3.1752467321686964	0.39673893420295814	0.0886	3.160351069329928	0.09698103992949068	0.0972	3.3001226489482915	0.019811933643882867	0.0766	3.2992224977263938	0.04848970560455798	0.12	3.1088144685514747	0.06385031101208329	0.0883	3.0420993768192726	1.0720897201747914	0.0	3.0738936329774043	1.271898318918988	0.0	3.1508104709007823	1.160407975168553	0.0	2.9019341951104587	0.9866714305815271	-0.2016	2.719899497251203	0.8388489544454325	-0.1613	2.644380357318756	0.6770638868999442	-0.12	3.123727600659029	1.0337066318293184	0.2016	3.1992360452941186	0.9800439013681094	0.1613	3.245429829141991	0.9077117125893477	0.12
167	2.783333333333333	2.902047614495407	0.5878255049866552	0.0	2.8312501732484097	0.5636073619680568	-0.105	3.030452756088213	0.315862257629857	-0.0886	2.8386939213788245	0.032026872422741104	-0.0972	2.9829443927023704	-0.041984777449516966	-0.0766	2.943999878745194	-0.05610577635856112	-0.12	2.7805666344343445	-0.01908075848464591	-0.0883	2.989542255616638	0.577497189042137	0.105	3.171655426750755	0.39069552746952657	0.0886	3.151976960257505	0.10616232381686208	0.0972	3.282165915688295	0.02811874915135351	0.0766	3.282812231400336	0.059558328281866996	0.12	3.102783100368826	0.06776855252378895	0.0883	3.0509968301414747	1.0538856704672055	0.0	3.0829736628637794	1.2621952540461319	0.0	3.1586655929999927	1.1457053032817797	0.0	2.910224492410008	0.983456879396835	-0.2016	2.7078595110078867	0.8569317191136657	-0.1613	2.6546744805761975	0.705524182223502	-0.12	3.141907420025409	1.0153779314899047	0.2016	3.2362064634508774	0.9666650777540594	0.1613	3.255806803052243	0.9192449460728772	0.12
168	2.8	2.90533843593252	0.5799432897940386	0.0	2.8350444378692563	0.5575792516928715	-0.105	3.033524937463075	0.3028586931981161	-0.0886	2.8407350661092594	0.031804602635750134	-0.0972	2.9834388286043585	-0.0430561807808966	-0.0766	2.9444144382764654	-0.05718498522011074	-0.12	2.7805804493894324	-0.018072930984134428	-0.0883	2.9910361224137816	0.5645020225528102	0.105	3.1691295992004846	0.39088532563068334	0.0886	3.144133645947613	0.10890852196276186	0.0972	3.2757489007883804	0.036941690548418574	0.0766	3.2733273079943985	0.06826272024858177	0.12	3.0913353578251614	0.06967918616072455	0.0883	3.0594717415891504	1.0444745253681365	0.0	3.0890404366511683	1.2458204026925048	0.0	3.1677285401634334	1.1292986528156803	0.0	2.9217730418988905	0.9820751256480533	-0.2016	2.7033034699714715	0.8831782056639255	-0.1613	2.6745979972473957	0.7313980457687407	-0.12	3.149560876402257	1.0097044979711778	0.2016	3.2297080560218476	0.9335786206916862	0.1613	3.2557213439276493	0.9566203436351768	0.12
169	2.8166666666666664	2.907123432401652	0.5724926765405716	0.0	2.84288468087301	0.5488156286460081	-0.105	3.0378808498464513	0.2792039117877423	-0.0886	2.842632504004208	0.03174552486614628	-0.0972	2.9832886178260623	-0.044313385509864425	-0.0766	2.9447325866758582	-0.0590516659625377	-0.12	2.779944696804704	-0.018494799354083373	-0.0883	2.9926278672573234	0.5596246912867606	0.105	3.165169097362744	0.39097940072613013	0.0886	3.1377798153977396	0.11386130497389514	0.0972	3.2618900119437075	0.04283418311703362	0.0766	3.260523804838542	0.07309111260470295	0.12	3.078045497068821	0.0675533508116463	0.0883	3.063673036924391	1.0322657503223467	0.0	3.0980179446902207	1.2316876112078166	0.0	3.178154670476069	1.1161349598319612	0.0	2.9279912817393874	0.9802092988964696	-0.2016	2.706551107389472	0.9241908366924672	-0.1613	2.6970957386004213	0.770171580595719	-0.12	3.1455943778032442	0.994400355203726	0.2016	3.2052514651304156	0.9757988067548808	0.1613	3.242298566908304	1.0090163952314821	0.12
170	2.8333333333333335	2.914559113651721	0.5615947109976085	0.0	2.8539391126314477	0.540108544736347	-0.105	3.037176482134529	0.2634038424886256	-0.0886	2.8461044549144274	0.031858024693415796	-0.0972	2.981344353899262	-0.04519563555404033	-0.0766	2.9443478614517415	-0.060496380708259564	-0.12	2.779621938773871	-0.01843076036821304	-0.0883	2.994266328363093	0.5518282221523281	0.105	3.158356883963808	0.3949527734207587	0.0886	3.131183429899316	0.11229983157979807	0.0972	3.2420944652599872	0.04697600039099169	0.0766	3.2354120137045257	0.07603743082309966	0.12	3.0708420840435227	0.06026994439649691	0.0883	3.0672791428614357	1.027575981727987	0.0	3.1051020780344762	1.2218889617884825	0.0	3.1833086139376356	1.1060812357971428	0.0	2.932351235069103	0.9797225504129008	-0.2016	2.7060433360207248	0.9344675270246738	-0.1613	2.7301820472098415	0.8171205774293203	-0.12	3.146949087470851	0.9872397178211239	0.2016	3.2399351584925755	0.927052140639662	0.1613	3.242932008758094	1.0065770792958306	0.12
171	2.85	2.925129469899664	0.5501083047721522	0.0	2.8708611514642053	0.5296410124206035	-0.105	3.0349519461947425	0.24879368044296674	-0.0886	2.8519399953513456	0.03185774405712184	-0.0972	2.979598289242948	-0.0454911878931593	-0.0766	2.9431806521940937	-0.06037276753390345	-0.12	2.781217083762414	-0.014329761634610458	-0.0883	2.996911899642517	0.5411864334528593	0.105	3.154256007728348	0.39722557523019947	0.0886	3.124928043163414	0.10104888041707785	0.0972	3.2225118502852452	0.048668522353507465	0.0766	3.2143622476646243	0.07614283607092741	0.12	3.066406803598201	0.04815844967025246	0.0883	3.0753919198994657	1.0260453683241149	0.0	3.1111274048028768	1.217455293400213	0.0	3.190498493872705	1.1051955415544679	0.0	2.951367367032992	0.9787964529558567	-0.2016	2.70996930808729	0.939943789937369	-0.1613	2.756032320348723	0.8604589917463915	-0.12	3.148129012145802	0.9823010005399447	0.2016	3.2529571875261776	0.891127017166121	0.1613	3.234207235545509	1.0164398621145085	0.12
172	2.8666666666666667	2.9365472115400517	0.5478008543792244	0.0	2.8896083764372666	0.5263517029258242	-0.105	3.03482509641511	0.23438078970926987	-0.0886	2.8596020926102175	0.03398069064541244	-0.0972	2.97915357853152	-0.04479503386339459	-0.0766	2.9440399044966443	-0.05964787040690974	-0.12	2.7843290697190337	-0.010157005112886842	-0.0883	3.0004437289760393	0.5375216209717966	0.105	3.1508034450450073	0.4019898609278508	0.0886	3.121470342011196	0.08768604086481885	0.0972	3.2010663642482493	0.029732774203193563	0.0766	3.195817605973936	0.055677249993126815	0.12	3.060031240911378	0.02773936702742459	0.0883	3.074928902255144	1.021653797991228	0.0	3.1185008908820717	1.2172471928410002	0.0	3.1935019451558477	1.0979752781718188	0.0	2.954057822894003	0.9763279497510924	-0.2016	2.718235195209161	0.9359076400603815	-0.1613	2.778484836003318	0.9052259862049348	-0.12	3.146444840791889	0.974618678213838	0.2016	3.2559309452910705	0.8714440108231868	0.1613	3.2261546625928763	0.9894269234106541	0.12
173	2.8833333333333333	2.9421515142420502	0.5422539062432917	0.0	2.9044552995607926	0.5261986642843692	-0.105	3.0352081948917293	0.22052383870020303	-0.0886	2.8704679073799575	0.046498847216112735	-0.0972	2.980087021230881	-0.04492454657070148	-0.0766	2.948552197059442	-0.05945681394198197	-0.12	2.790341843262138	-0.002229455289029632	-0.0883	3.006131943718103	0.5412870138465261	0.105	3.147696160352742	0.41125293808573965	0.0886	3.1173074204901865	0.06919751870089247	0.0972	3.1871092544185893	-0.027938764595661414	0.0766	3.1844676434269568	-0.006006436125088194	0.12	3.057741518657844	-0.003220610342378444	0.0883	3.0695424044414352	1.0177050584010634	0.0	3.1302884667351862	1.2212561014894072	0.0	3.1900516264233563	1.0967446609367066	0.0	2.951463821684911	0.9661918087225051	-0.2016	2.7295995257713632	0.9221284966027781	-0.1613	2.8032395163401738	0.9640979156174181	-0.12	3.133360359576638	0.973222284151319	0.2016	3.196165377962632	0.9106858323798526	0.1613	3.2189510094064624	0.8856657030590667	0.12
174	2.9	2.9596939574309484	0.537574882910109	0.0	2.9275385073975344	0.5272619695797149	-0.105	3.0410212868653907	0.21037597315471143	-0.0886	2.8798248627302474	0.055958798788363934	-0.0972	2.983372571491088	-0.044710961804602226	-0.0766	2.9569932723052825	-0.05897554514405075	-0.12	2.7967399186868556	0.006228262896984235	-0.0883	3.022574580882801	0.5361161730568543	0.105	3.1392314225138764	0.3979856269759161	0.0886	3.1180793174085744	0.05461697757580143	0.0972	3.200468500302086	-0.03554647899444673	0.0766	3.1952611079188653	-0.009464083480862778	0.12	3.069697758040519	-0.007327457511720287	0.0883	3.0645771734605227	1.0148654942134145	0.0	3.132501286219269	1.2282803683250874	0.0	3.182024328011186	1.1015218272051337	0.0	2.9548253474511084	0.9439933538460652	-0.2016	2.741429466426011	0.9057249103011273	-0.1613	2.8999195147675265	1.017246579285041	-0.12	3.123332428070078	0.964240919668658	0.2016	3.080978477424863	0.9028310997810792	0.1613	3.1822275381923744	0.8700242653038519	0.12
175	2.9166666666666665	2.9837313563549395	0.5340486289917429	0.0	2.9542993539704576	0.5114360016627556	-0.105	3.03729817091331	0.22038430442612555	-0.0886	2.886779660521299	0.05791505105421152	-0.0972	2.996511883865854	-0.04461429559368631	-0.0766	2.9550741887745238	-0.05688205593313525	-0.12	2.8103396578930893	0.02407135953206005	-0.0883	3.0282721939662123	0.5211873190181008	0.105	3.1260017690709256	0.3107440193288922	0.0886	3.117463561881547	0.053236342586060734	0.0972	3.191170286165228	-0.035185523602160325	0.0766	3.187125962672733	-0.002364574326428573	0.12	3.080290918630759	-0.00021740895167486618	0.0883	3.067653522111552	1.0179854229846466	0.0	3.109165160229188	1.2223214788989256	0.0	3.170935937087775	1.0980161114452853	0.0	2.9700391809436915	0.9358037945112821	-0.2016	2.7989955677519847	0.9003861149760666	-0.1613	2.9211884979662264	1.0516848865824546	-0.12	3.1158559101253536	0.9574404142812437	0.2016	3.062739485379957	0.8096294709491825	0.1613	3.172787097753425	0.8184094020064969	0.12
176	2.933333333333333	2.9807351475184403	0.5322685064060719	0.0	3.012140926741426	0.5141817021032697	-0.105	3.030880092796789	0.2489064668101183	-0.0886	2.903932730861456	0.07541778265036939	-0.0972	2.9963241794690116	-0.04518991224629275	-0.0766	2.9706165830510236	-0.04555988016259219	-0.12	2.8232537814503695	0.03887873451777908	-0.0883	2.9485370774382478	0.5158503440659	0.105	3.112827556134597	0.3139964152500492	0.0886	3.1141156195924977	0.06547668611214075	0.0972	3.184832045352358	-0.027662600610477754	0.0766	3.171415109045528	0.007099606271823544	0.12	3.0833203412732417	0.006356605236448737	0.0883	3.0590301691220474	1.0122317382337391	0.0	3.0973220364557212	1.2216601951460964	0.0	3.1599181036654187	1.0924824375516171	0.0	3.0223945744129055	0.9291887035609826	-0.2016	2.8749126248778882	0.8948566166396058	-0.1613	2.947237081462537	1.0711852313165382	-0.12	3.0920224538397423	0.9585037506155853	0.2016	3.0494755427119697	0.8358155333674044	0.1613	3.154225236225094	0.8217628476245602	0.12
177	2.95	2.974106853238352	0.5322354985954275	0.0	3.0462610037154643	0.5213766905286118	-0.105	3.0328697068806885	0.2483405147565217	-0.0886	2.9265202763118197	0.0896915272382674	-0.0972	2.986440975746149	-0.044806182960580074	-0.0766	2.9648448327252304	-0.04160787761742385	-0.12	2.8511566454585573	0.05760434973867587	-0.0883	2.9085863676472754	0.5291803307845502	0.105	3.1026964819484086	0.3056973160621653	0.0886	3.1157014412164123	0.07051946272491316	0.0972	3.1801255554820727	-0.01466479704621565	0.0766	3.160433169556722	0.008640230605640578	0.12	3.083623610488848	0.010583547908374943	0.0883	3.046374094933293	1.0023880865080403	0.0	3.081119488683745	1.2311937751450373	0.0	3.1262397527966526	1.0952287356792283	0.0	3.09163661719209	0.9245671400255143	-0.2016	3.0666450982629923	0.8930470246248198	-0.1613	3.0152898552112957	0.9158295092887703	-0.12	2.946759829303911	0.947728030215506	0.2016	2.830526940211835	0.8234619415673052	0.1613	2.941651978528375	0.7987524917250206	0.12
178	2.966666666666667	2.981634335175009	0.5309543244815103	0.0	3.076811803142546	0.5083226613243739	-0.105	3.0508029479404613	0.25107886161042803	-0.0886	2.943391731115466	0.09882934503540898	-0.0972	2.9660741167562796	-0.045719730050953325	-0.0766	2.9661413011676254	-0.038245910525324625	-0.12	2.8749641762096783	0.06997779335512394	-0.0883	2.9129402564576554	0.5085670338405621	0.105	3.0968958447670496	0.3189131663363054	0.0886	3.1176361891345254	0.07391908829350452	0.0972	3.180563885557662	-0.0073552402607267725	0.0766	3.167835774573914	0.008222937111201992	0.12	3.0824051762366196	0.01019167742241929	0.0883	3.027805221647908	1.0017119448421647	0.0	3.034715513644395	1.2338534967082966	0.0	3.0893695968901755	1.1048024497747893	0.0	3.115364559372528	0.939913240790264	-0.2016	3.1776086345033874	0.9283024001858953	-0.1613	3.0370374213701026	0.9525497158652774	-0.12	2.921532484198639	0.9234365551849256	0.2016	2.810974588718234	0.7417353746228947	0.1613	2.9266176691045316	0.6527105539804644	0.12
179	2.9833333333333334	2.9885114352506927	0.5221308342382811	0.0	3.091039154056912	0.51079319256678	-0.105	3.0805223054304607	0.25359921463253543	-0.0886	2.957019117346732	0.10609198396056752	-0.0972	2.9333883523581923	-0.04284228648904452	-0.0766	2.9608508072102726	-0.03162924820574089	-0.12	2.8815661378530213	0.09743324466408576	-0.0883	2.9110256858263397	0.5077976915996956	0.105	3.0917499826715953	0.32005815933655485	0.0886	3.115573484216772	0.06890375830546656	0.0972	3.175067595069921	-0.004221865840803446	0.0766	3.1580397158391764	0.01083363131937766	0.12	3.08062784772435	0.004214117904418682	0.0883	3.0107683206559885	0.9996821388141123	0.0	3.002725566371651	1.2317846295399315	0.0	3.008305645033556	1.1030161625362414	0.0	3.137873433438076	0.9414210459684423	-0.2016	3.2296024387551	0.982006435202401	-0.1613	3.067952534028052	1.0672211296225635	-0.12	2.8764743291551382	0.8619629823789787	0.2016	2.793744135560846	0.6437143559987138	0.1613	2.916091309765296	0.6068547770740282	0.12
180	3.0	2.98590259116691	0.5308088191586465	0.0	3.074091692213002	0.5147821890150899	-0.105	3.111173787519553	0.25451568753097287	-0.0886	2.9733008378698926	0.11865398276357264	-0.0972	2.925004719056234	-0.03611697891827462	-0.0766	2.9406002263658855	-0.03053932100193217	-0.12	2.906678932584947	0.13560255277012717	-0.0883	2.9115279245196226	0.5119836920821627	0.105	3.091027685413771	0.3155099451599055	0.0886	3.1130078706876643	0.057201574514982687	0.0972	3.1779451557743457	-0.0038006890936837096	0.0766	3.1556698840049853	0.013308080670734676	0.12	3.0783607479087403	0.002761486880851094	0.0883	2.992019475526228	0.9880597872979753	0.0	2.9741806872884475	1.2146768971242345	0.0	3.0071878744178417	1.0902291016385819	0.0	3.124498066910184	0.946140611790708	-0.2016	3.306899529620546	1.0424070416570854	-0.1613	3.107815150098841	1.0924724821605547	-0.12	2.8490790675255084	0.8397643763441809	0.2016	2.78947432543741	0.6106824640906272	0.1613	2.8989757553468105	0.5612407563333117	0.12
181	3.0166666666666666	2.998759086722561	0.5459758147786129	0.0	3.0859450397116652	0.5293965262492075	-0.105	3.1328660264184407	0.2379926285662469	-0.0886	2.988306881214755	0.13388664186346233	-0.0972	2.910167398944868	-0.031272299763928396	-0.0766	2.934853085241377	-0.028011087979884088	-0.12	2.9269715386113155	0.16622610583468703	-0.0883	2.9271939860326754	0.5181352400698201	0.105	3.068886201880712	0.3074597230264947	0.0886	3.109938729235254	0.04669888715329433	0.0972	3.1760484525957167	-0.004619459555250782	0.0766	3.1553567410263583	0.012534993369632888	0.12	3.0766651085495056	-0.0012713737411639142	0.0883	2.9752125841542076	0.9774953777070295	0.0	2.934310829681619	1.201247878003652	0.0	2.940518695268448	1.085376464211306	0.0	3.1442273849532874	0.9491248695852762	-0.2016	3.353509039929182	1.0804788057009802	-0.1613	3.159335228478113	1.0946506005268504	-0.12	2.8330545172010435	0.8235452684224015	0.2016	2.7920851377047984	0.5853627603144241	0.1613	2.9073356040810343	0.550411914110405	0.12
182	3.033333333333333	3.0124066318741645	0.5587713517734811	0.0	3.1079691507040885	0.5379580362788995	-0.105	3.1517692118827028	0.19765452941647788	-0.0886	3.0118183516374337	0.14196919339846398	-0.0972	2.9167282781153374	-0.021502313926753405	-0.0766	2.938287750826922	-0.021633705013764548	-0.12	2.941884344008709	0.1826530647098897	-0.0883	2.93910144423735	0.5304389822167266	0.105	3.0540843269094884	0.30954786824860875	0.0886	3.1044455294432676	0.04366638627526895	0.0972	3.175490506407413	-0.005436861244594068	0.0766	3.1516076978422523	0.013113347703889222	0.12	3.0763648471223743	-0.007928090871626839	0.0883	2.9584883891031075	0.9618956174290691	0.0	2.904165666737121	1.1715723848468251	0.0	2.934437522809783	1.066117871855499	0.0	3.1338537334165886	0.9427941995468457	-0.2016	3.340092986850716	1.0666417566108837	-0.1613	3.0713093044714452	1.189206059740308	-0.12	2.82892373052768	0.8199735823708378	0.2016	2.8070806550254375	0.5587917310195235	0.1613	2.9239981071070815	0.5451570845196445	0.12
183	3.05	3.0215660977048744	0.5796499960106758	0.0	3.128357120523013	0.5694968033847594	-0.105	3.161557302959348	0.18943279525030865	-0.0886	3.0285230553768194	0.13424186256742637	-0.0972	2.9405919808032754	-0.02131083650347715	-0.0766	2.9750355147077365	-0.02294396468015472	-0.12	2.963030118759613	0.1734235022939282	-0.0883	2.94367277656221	0.5439640808292027	0.105	3.046924330278151	0.3292614774819542	0.0886	3.1024685024597956	0.04691844973906402	0.0972	3.169963263161776	-0.007288434505742458	0.0766	3.1492027662520075	0.006428107799392943	0.12	3.0799077282478753	-0.008514929015549413	0.0883	2.9416436629747547	0.9507607609863976	0.0	2.879340253515022	1.1473484692368912	0.0	2.9226091796310296	1.0503450176401907	0.0	3.109263256432451	0.9458170357257667	-0.2016	3.3418677156057774	1.04451347100411	-0.1613	3.0656179077419754	1.220638265466614	-0.12	2.825555427502095	0.8194301251926737	0.2016	2.829780368214615	0.5586136048434003	0.1613	2.948479699411367	0.5350714667227693	0.12
184	3.0666666666666664	3.0374613421364995	0.6174326795944088	0.0	3.138597527883317	0.5948284740438505	-0.105	3.1611690624080238	0.20612186187653947	-0.0886	3.055799944027078	0.13625122916950277	-0.0972	2.996190097131765	-0.027350297456320442	-0.0766	3.037635603123281	-0.030343932844335446	-0.12	2.9943646153360834	0.16023589564855517	-0.0883	2.9498238554723235	0.5707974228098411	0.105	3.039504841982891	0.3435477743009886	0.0886	3.098776412389895	0.053699209368378326	0.0972	3.161248607458011	-0.008101983497133966	0.0766	3.134401258413656	-3.957032062162913e-05	0.12	3.079230966943242	-0.008224621563047922	0.0883	2.9312215649247784	0.9467603632753123	0.0	2.8558305007263316	1.120794297723678	0.0	2.8888321518260596	1.0248917105221662	0.0	3.1145983816500773	0.9418164002305539	-0.2016	3.322794861674848	1.0311402586383749	-0.1613	3.067465114265709	1.156924778288919	-0.12	2.8261417401664244	0.8217591211283034	0.2016	2.847662622544916	0.5634682246576848	0.1613	2.97617945776742	0.5075883180305867	0.12
185	3.0833333333333335	3.060851866743994	0.6638450230179648	0.0	3.154102884204139	0.6385346938030454	-0.105	3.1551634491026657	0.23056916693719892	-0.0886	3.098826060800109	0.15134736860867098	-0.0972	3.05121911940739	-0.025990412115557728	-0.0766	3.1014165866196723	-0.02224972914377217	-0.12	3.0553018825276785	0.1431352438692733	-0.0883	2.9658729894054745	0.6302740803712004	0.105	3.034877075867719	0.35565199912605133	0.0886	3.095995833509793	0.056952770933762095	0.0972	3.147639682089118	-0.00818195254038763	0.0766	3.0892112096394326	-0.004419061338684138	0.12	3.0800456188307144	-0.008901163050793158	0.0883	2.9230279485669097	0.9482657206459858	0.0	2.830664014761608	1.1009084558617577	0.0	2.854533113522183	1.0080148132601312	0.0	3.0930835458740833	0.9398761416795823	-0.2016	3.2187765953931744	0.988130574790536	-0.1613	3.1170374551095117	0.9428259410314261	-0.12	2.8264886498467297	0.828739930239627	0.2016	2.8624849391596143	0.6047878417720596	0.1613	2.9798218526985543	0.4838856981811696	0.12
186	3.1	3.083005392957601	0.6837439730246042	0.0	3.175602377389491	0.6542029612208917	-0.105	3.160548112196896	0.2897813060976191	-0.0886	3.1037684193523107	0.15739563283383112	-0.0972	3.056356876238862	-0.026735538563388637	-0.0766	3.1019253157806155	-0.02660526123745894	-0.12	3.054912385424667	0.1545530033356161	-0.0883	2.9826303576853817	0.6511556773648932	0.105	3.043659424403697	0.3731868147709451	0.0886	3.0946318618788955	0.049936523528307575	0.0972	3.150730924167486	-0.008416209573584618	0.0766	3.1026714495271115	-0.004828252356642623	0.12	3.0796647995830106	-0.010104446900996066	0.0883	2.9096850351442574	0.9502012470973934	0.0	2.82654497511131	1.0821163577912452	0.0	2.8366171929641726	0.9971277225375079	0.0	3.0873931081077925	0.9377418353231162	-0.2016	3.1629683464626517	0.7894498071299103	-0.1613	3.045826614324699	0.8483589464762263	-0.12	2.830774312766455	0.8409881557583766	0.2016	2.8850458020293446	0.6098878966969512	0.1613	2.987085766740011	0.4895585610150486	0.12
187	3.1166666666666667	3.10885568807426	0.7135959447838434	0.0	3.195997744580718	0.6940202905080884	-0.105	3.1680614933146307	0.31433087934978876	-0.0886	3.106621334905764	0.18929721783051603	-0.0972	3.061643766019549	-0.016114099377104542	-0.0766	3.119161683421803	-0.01421153204011679	-0.12	3.059213495464007	0.17896353106326313	-0.0883	3.0032046882113006	0.6814968009559235	0.105	3.0520878802093074	0.37276570518676844	0.0886	3.094221351220565	0.04969386294654614	0.0972	3.154123485080851	-0.007627167627911657	0.0766	3.107141447674301	-0.003914725689138462	0.12	3.081353552161559	-0.009886350905719828	0.0883	2.8957550716923675	0.9460066959494557	0.0	2.8110885295334422	1.079347977252026	0.0	2.8205483449737994	0.9891326911785349	0.0	3.0661523872319587	0.9355532341459053	-0.2016	3.1332467778476465	0.7797366767545053	-0.1613	3.047235743991123	0.6045788110661584	-0.12	2.8272908998494097	0.8438574550314579	0.2016	2.8973900717359626	0.6243513321745529	0.1613	2.994683158284619	0.5003665836312597	0.12
188	3.1333333333333333	3.145059126012991	0.7363380074059602	0.0	3.2206021046439797	0.7174577663614967	-0.105	3.1772830187334	0.3311204352828624	-0.0886	3.1110257794896876	0.21510602364318337	-0.0972	3.052011809003383	-0.008768601182956158	-0.0766	3.128500026056172	0.013145695904716384	-0.12	3.0640195079056007	0.20407846077601025	-0.0883	3.029723849662197	0.709273948465346	0.105	3.0662449930402365	0.3748643553027914	0.0886	3.095760154849803	0.050995862116485755	0.0972	3.1577879654573864	-0.007460475916834616	0.0766	3.1095747842413544	-0.0038612664727467744	0.12	3.081701201097808	-0.008026927634842036	0.0883	2.8804586353416552	0.944230967919896	0.0	2.8007513668257444	1.0767009412073691	0.0	2.814601548695935	0.962673231612713	0.0	3.035298134657828	0.9316623477115104	-0.2016	3.099909801923787	0.7504149962782728	-0.1613	3.008113060205129	0.5153957982339004	-0.12	2.8281932705599933	0.8512444319355245	0.2016	2.9019875327137976	0.6462758006306142	0.1613	2.981988258803478	0.514032715832137	0.12
189	3.15	3.156544078485336	0.7488071609936939	0.0	3.2316947647066123	0.7383363023827091	-0.105	3.1836999909497252	0.33720172172582724	-0.0886	3.1158898553703835	0.24172822029442614	-0.0972	3.052672573583455	0.026372796357536504	-0.0766	3.1451017545202347	0.061999323572948684	-0.12	3.071383091293698	0.23557912788025231	-0.0883	3.058831385265921	0.7332833610841824	0.105	3.0764656659122034	0.37427931964155675	0.0886	3.0965623702908593	0.047463136745562545	0.0972	3.157259826087454	-0.007316667466841509	0.0766	3.1049009289664733	-0.0040511236337685275	0.12	3.083793891114803	-0.007810801336571277	0.0883	2.8672199813744768	0.9432920361184352	0.0	2.7845683614620893	1.0741641946117884	0.0	2.7783506583523385	0.9550355102211834	0.0	2.9957956146386704	0.9247360762052135	-0.2016	2.892210960809296	0.6034308057789131	-0.1613	2.7304990800775895	0.4679922000067527	-0.12	2.827192000552823	0.866454287468125	0.2016	2.906311576057956	0.6455474499050986	0.1613	2.97857933462159	0.5160555577105734	0.12
190	3.1666666666666665	3.1714372516665903	0.7595977986196539	0.0	3.2402515841654074	0.7389421791405528	-0.105	3.1948452237296046	0.3476982494321238	-0.0886	3.1284339920427207	0.2954349295591358	-0.0972	3.039400206664446	0.20292807508684169	-0.0766	3.1416086564480015	0.20440419478920813	-0.12	3.098619180834799	0.2859703639208129	-0.0883	3.0744000296740204	0.739670056711525	0.105	3.0836743852410065	0.37006374604697	0.0886	3.096269034307163	0.042679392661942914	0.0972	3.149984615507841	-0.006961570083343402	0.0766	3.101677146355383	-0.004358859349658725	0.12	3.088900073493622	-0.009510989077896236	0.0883	2.8581269737018666	0.9397624763473621	0.0	2.770363326774937	1.0683824004297144	0.0	2.7591021783946457	0.9412189870924679	0.0	2.9804146935122313	0.9159333371672373	-0.2016	2.870544514012331	0.5812821796468856	-0.1613	2.6808846205608314	0.44740792028853554	-0.12	2.827209489538847	0.8735517367965496	0.2016	2.9103855386359796	0.6928133380542004	0.1613	2.984745937266275	0.5321534709276565	0.12
191	3.183333333333333	3.17848976239201	0.7704496182663044	0.0	3.2450656691977424	0.7657724055199362	-0.105	3.230758769271137	0.3685440566961072	-0.0886	3.1585931658637763	0.34066494819198506	-0.0972	3.01453067989244	0.21626245354037277	-0.0766	3.147089006905552	0.2664622990869585	-0.12	3.115309713418133	0.3388994496895641	-0.0883	3.0815775695953573	0.7661122569006831	0.105	3.086413683192108	0.3675936184332981	0.0886	3.095702859276374	0.04424166200084284	0.0972	3.136348462382295	-0.006482833799474924	0.0766	3.0949447093417133	-0.003378213924604745	0.12	3.0936087294151755	-0.010507215805286449	0.0883	2.8509831529820087	0.9293630192974747	0.0	2.7455735423746916	1.0625218544968835	0.0	2.7321474832334367	0.9344309736241655	0.0	2.9632552094843336	0.9044919279025354	-0.2016	2.846815667061106	0.5687525448945444	-0.1613	2.67027865581382	0.4433291926212945	-0.12	2.814581251672019	0.8748881775171291	0.2016	2.913761647944326	0.7144595535833795	0.1613	2.987842113522774	0.519997370134886	0.12
192	3.2	3.18820318714233	0.7724995349222885	0.0	3.254550778924557	0.7709207067553541	-0.105	3.2535857701413207	0.37957756095406536	-0.0886	3.1990363238618325	0.39559710323386377	-0.0972	3.139860291536712	0.2882970999538597	-0.0766	3.154306528889457	0.3231067324793815	-0.12	3.1609303458693474	0.4169775002469757	-0.0883	3.088486372585167	0.7669236424670934	0.105	3.0912842360310946	0.36894249742168905	0.0886	3.095108174687813	0.0457831608284002	0.0972	3.1224587686967684	-0.006450660116849916	0.0766	3.072461371554768	-0.0029187561205132745	0.12	3.096303379983986	-0.008753420518844236	0.0883	2.8354631844963243	0.92533725754441	0.0	2.7347563794049488	1.0524391342368338	0.0	2.717461445487079	0.9316472318308073	0.0	2.942292929295631	0.9036369248344778	-0.2016	2.8517821307887106	0.5872681654156239	-0.1613	2.690877759011646	0.4628325104485291	-0.12	2.810426856073399	0.873807807242639	0.2016	2.917257219964332	0.7115249134025958	0.1613	2.990726494283557	0.5191719421142379	0.12
193	3.216666666666667	3.177891049767077	0.7761809678974535	0.0	3.254656409235023	0.7797207331504877	-0.105	3.2919010498238936	0.3968463059145543	-0.0886	3.226394008798077	0.4349224743209482	-0.0972	3.140885147813801	0.30885528467221934	-0.0766	3.188941256369101	0.32853866645194324	-0.12	3.1993029418021117	0.4609960467344905	-0.0883	3.0896633016279447	0.7717826501175719	0.105	3.0918060089588635	0.3606333119851199	0.0886	3.0944187698406314	0.04692290891545209	0.0972	3.1213825973980276	-0.006382504317795953	0.0766	3.07174163484371	-0.002050035947516904	0.12	3.097855218316379	-0.0074899561464492614	0.0883	2.832137707936909	0.9159904604508933	0.0	2.7112161435379103	1.0462810707075902	0.0	2.7165767157718834	0.9301358625396676	0.0	2.9184056402965655	0.9059979832344678	-0.2016	2.861815923761492	0.6273475213174845	-0.1613	2.7437559900417603	0.50488373521679	-0.12	2.8073463696322567	0.873399869982224	0.2016	2.9213638361370373	0.7132154579637238	0.1613	2.988152677132203	0.5229280777287586	0.12
194	3.2333333333333334	3.1786066775527573	0.7758472748763341	0.0	3.260034594243348	0.7825552072512717	-0.105	3.3082213938948315	0.417857546624728	-0.0886	3.282958905312313	0.4751995461240821	-0.0972	3.2912729921024924	0.37136352535653505	-0.0766	3.336524561610168	0.41360241915718204	-0.12	3.2724486044692633	0.5254907596404206	-0.0883	3.0949109075739814	0.7729825199609155	0.105	3.090767309634177	0.36345650964279275	0.0886	3.0938403101416596	0.0494683681227568	0.0972	3.121984340077466	-0.006045580893037139	0.0766	3.082366386582828	-0.0007367369195330209	0.12	3.098310504875283	-0.004803379472524391	0.0883	2.8328868228769744	0.8965504521197395	0.0	2.668436590011238	1.035621148284036	0.0	2.7168189887768217	0.9288117203514019	0.0	2.8776911750213126	0.9011183610297311	-0.2016	2.8654184195207613	0.6334130889235194	-0.1613	2.7823768529754407	0.5595582632996651	-0.12	2.7996688548903594	0.8721399569073848	0.2016	2.9280740344958227	0.7169749925144852	0.1613	2.9869154877447763	0.5340384303492358	0.12
195	3.25	3.1732332030816477	0.7820242336119761	0.0	3.254813697299178	0.7923470043670712	-0.105	3.354643868935887	0.4328730019157272	-0.0886	3.2976605850654064	0.520137614047488	-0.0972	3.3101801584360833	0.4580575365943808	-0.0766	3.361387576256685	0.45451009420419797	-0.12	3.27655826045789	0.594190796623179	-0.0883	3.100079024150146	0.7715652719103184	0.105	3.089864672591048	0.3731135420477246	0.0886	3.0935688668172636	0.05097757478734287	0.0972	3.1201517497027633	-0.005342017193715506	0.0766	3.084142394734449	-2.4704460870120237e-05	0.12	3.0979595476919606	-0.0026047391819885857	0.0883	2.8120137573541077	0.9015021265044868	0.0	2.6531573690155565	1.0267070708741857	0.0	2.69707742337363	0.9223587007672136	0.0	2.8665150121084717	0.9033339931715048	-0.2016	2.8881313055509006	0.6661391264257754	-0.1613	2.8190632528538906	0.6079676372901495	-0.12	2.7958669406405416	0.8733628979292792	0.2016	2.933786462874913	0.7127779454940385	0.1613	2.987300433974081	0.5229193903223561	0.12
196	3.2666666666666666	3.16778355305022	0.7946988379343175	0.0	3.251159865343767	0.8097121051745773	-0.105	3.389522953957523	0.46643201613989793	-0.0886	3.3564382970427116	0.5681888770173652	-0.0972	3.366840450921791	0.48787973821409825	-0.0766	3.3816509623743176	0.49983644545090733	-0.12	3.344428287042295	0.6159464436417522	-0.0883	3.100372467439338	0.784264782847441	0.105	3.0889349477544332	0.38744979015270875	0.0886	3.0938412834610314	0.05245623394553278	0.0972	3.1234081820526183	-0.0039217676823286585	0.0766	3.0850201662151258	0.0004986058331366283	0.12	3.0971439600782324	-0.0014924971993293262	0.0883	2.810929936056755	0.8933632399954105	0.0	2.611420589038196	1.0094769692198455	0.0	2.675813329685365	0.9142064361536242	0.0	2.8579623364953823	0.9010646848587403	-0.2016	2.9403261110706085	0.7253718255738308	-0.1613	2.838127022211027	0.6480473573970806	-0.12	2.7890881255673055	0.8742218919284833	0.2016	2.9350895132227146	0.7133848862296969	0.1613	2.9879951669645974	0.5259750310647575	0.12
197	3.283333333333333	3.158416905400222	0.7982066456332637	0.0	3.2361578119330257	0.8185184061380175	-0.105	3.420916844486308	0.5027486596535268	-0.0886	3.3643323759208235	0.6623387093901665	-0.0972	3.3976388515553038	0.5524745381099102	-0.0766	3.4213356794111314	0.7609849147553552	-0.12	3.349919585346576	0.7630109437144235	-0.0883	3.0903484568270083	0.7881575386638284	0.105	3.088550830665093	0.392290808042119	0.0886	3.0948398451162418	0.053501871626335795	0.0972	3.1202686553708205	-0.001727848475927496	0.0766	3.0780529007660253	0.0010927917768033812	0.12	3.096495800223958	-0.0010724217281517096	0.0883	2.79736418113701	0.9005902266194125	0.0	2.5910277009277842	1.0020273513928948	0.0	2.6601280118382	0.9049478805475567	0.0	2.851903959620947	0.907852158695104	-0.2016	2.970656179475947	0.7799823647623115	-0.1613	2.883435600391085	0.6608382321438806	-0.12	2.7838913320634706	0.8765442261486845	0.2016	2.940429838903484	0.719311622946779	0.1613	2.9855365988812026	0.5342478423997401	0.12
198	3.3	3.160285965508955	0.8131140040780294	0.0	3.2330669611721357	0.8348476696846304	-0.105	3.4271372025001594	0.53067561882448	-0.0886	3.4247167735289756	0.7188237035855637	-0.0972	3.4996484584612104	0.8240506269317827	-0.0766	3.5147298622583762	0.8510212751264128	-0.12	3.424663855797775	0.8370117060748785	-0.0883	3.08484380672246	0.7977333852842272	0.105	3.0887070572354993	0.3991418334881001	0.0886	3.0957478859418277	0.05488707336161143	0.0972	3.1148762761125237	0.0011402923219967082	0.0766	3.0725416570967314	0.0016950672635974995	0.12	3.09641279093722	-0.0010467857495864846	0.0883	2.791509504266932	0.903432413566657	0.0	2.582133180366794	1.0068583994136937	0.0	2.6600816472441937	0.9114740565553847	0.0	2.849980719302566	0.9096946307917048	-0.2016	2.992642118079181	0.7890256774493742	-0.1613	2.9004816770057724	0.6544036799460042	-0.12	2.775315643634736	0.8772411279375814	0.2016	2.941283686634764	0.7223010442226667	0.1613	2.986494595521038	0.5360438809852194	0.12
199	3.3166666666666664	3.1581169960052717	0.8269709613244258	0.0	3.231843810213421	0.852801337686817	-0.105	3.4415755362609035	0.5715873985502578	-0.0886	3.482094504064044	0.7695949443487113	-0.0972	3.568007319798691	0.8718455575508118	-0.0766	3.571494594842304	0.9039751026539012	-0.12	3.4816846675312916	0.9059049542957385	-0.0883	3.085307454619181	0.8104062876584333	0.105	3.088964114786779	0.4082286765187528	0.0886	3.096318971420141	0.05752435303027417	0.0972	3.1172181769709377	0.002176361147098363	0.0766	3.0757322278867334	0.0019701933693821033	0.12	3.0966630371317394	-0.0012622482687580233	0.0883	2.7890957161199994	0.9118497396317518	0.0	2.5795933389329133	1.0140538769257883	0.0	2.661102403953283	0.9158098040998578	0.0	2.8434211380290906	0.9171371231268707	-0.2016	2.9906879785918585	0.8041128041101339	-0.1613	2.904955515139012	0.6505566109776943	-0.12	2.766617777202436	0.8791388513979765	0.2016	2.9369465496781344	0.7263079594614438	0.1613	2.9875167694046567	0.5428049484938222	0.12
200	3.3333333333333335	3.147746535431331	0.8349193312536334	0.0	3.2221383866124764	0.8703732263703285	-0.105	3.458876077490597	0.6121040870825579	-0.0886	3.5428247308887655	0.8593745743296379	-0.0972	3.667570227605747	0.9218499187239817	-0.0766	3.6571208348872015	0.9661002137786554	-0.12	3.5293848212763805	0.9650324841958049	-0.0883	3.088127463283942	0.8163084438473803	0.105	3.0894643297908924	0.4093417507141248	0.0886	3.0963478956419404	0.060161263691903236	0.0972	3.098903903804931	0.0034836736605429047	0.0766	3.078270192333965	0.00195254296973843	0.12	3.099086388191334	-0.0017012611656369164	0.0883	2.7738165264493175	0.9196664168775097	0.0	2.580513703492043	1.0366932258352621	0.0	2.650309726301664	0.9380488700492746	0.0	2.827203427774168	0.9297966875968241	-0.2016	2.989739942468995	0.783769640064325	-0.1613	2.9121387217448973	0.5980437404298066	-0.12	2.763199609328194	0.884761285332992	0.2016	2.9332910512951007	0.7210427236698704	0.1613	2.98715752184543	0.5359578575014616	0.12
201	3.35	3.1423790535118874	0.8331369297490311	0.0	3.2099061851753485	0.873133143783233	-0.105	3.4786784971527194	0.6536928602927357	-0.0886	3.6143122788462656	0.9116091100995696	-0.0972	3.7665244526170047	0.9701037810610049	-0.0766	3.7476437109263263	1.009387213210538	-0.12	3.606911818063015	1.0015178530336872	-0.0883	3.0893797128613216	0.8163048364322398	0.105	3.089970789026944	0.41117586281298507	0.0886	3.096709240317711	0.0627918388997153	0.0972	3.0978305912141018	0.0044452738440211165	0.0766	3.079387485640235	0.0017215870254663063	0.12	3.0997982349750184	-0.0020636953407014713	0.0883	2.7496148514381047	0.9276242580396006	0.0	2.585054936241835	1.0566772739880421	0.0	2.634160485838561	0.9459186428476478	0.0	2.8112697597322125	0.9487846981147746	-0.2016	2.9849544180927694	0.7762758660034624	-0.1613	2.9110020514743256	0.5697894879234379	-0.12	2.7561245352454558	0.8930096370223662	0.2016	2.9265889734923145	0.7198123377515115	0.1613	2.9888144104882133	0.5456072403342345	0.12
202	3.3666666666666667	3.137653785925863	0.8330839950703649	0.0	3.2026113290707454	0.8744348115285331	-0.105	3.4917461222252966	0.68864650633914	-0.0886	3.6759006278401043	0.946848516130534	-0.0972	3.829809293764389	0.9931966333061454	-0.0766	3.8135896379069827	1.0378475742429147	-0.12	3.6797033113426894	1.0322750625639423	-0.0883	3.0792316821630568	0.8117767245921061	0.105	3.0891631864476676	0.41032385684018824	0.0886	3.097167744283147	0.0659690400741194	0.0972	3.098341973731118	0.005360998769217043	0.0766	3.0770427526094615	0.0012779413971340803	0.12	3.099962459403332	-0.00227775815307589	0.0883	2.7515731423410585	0.9349475790223702	0.0	2.5704205599219887	1.0788676988105435	0.0	2.6321271103199044	0.9546583711206241	0.0	2.808853026894907	0.9576201334967905	-0.2016	2.9758209548871433	0.7642098393301673	-0.1613	2.9037428982172604	0.5344481614236306	-0.12	2.744195067393835	0.8949399464529163	0.2016	2.9216787874189674	0.716096120245129	0.1613	2.9890271696617803	0.5472216156115408	0.12
203	3.3833333333333333	3.1255069984477952	0.8374325846612841	0.0	3.1821871803516233	0.8808506312252851	-0.105	3.508650653545531	0.728612148353357	-0.0886	3.7110818245220627	0.9776131186770202	-0.0972	3.872963689649318	1.0255899504522024	-0.0766	3.855415221020678	1.0796401281536914	-0.12	3.738962825449699	1.0601072868053283	-0.0883	3.0714392267708526	0.8112603752908901	0.105	3.0886288888770657	0.4112778287325481	0.0886	3.0980360876125963	0.06951558780975398	0.0972	3.0984050645030057	0.004617295808229477	0.0766	3.0747185640406687	0.0004903396204781058	0.12	3.101930770749111	-0.0023552587346501314	0.0883	2.744814974840267	0.9498852340354126	0.0	2.5663487825865374	1.1060499854069212	0.0	2.621349047098012	0.9731322877104228	0.0	2.8020800073973122	0.9653966159624408	-0.2016	2.9621432559947647	0.7323519782527277	-0.1613	2.902848992762925	0.5084663713152384	-0.12	2.7350702830448212	0.8988302862636526	0.2016	2.91670452278193	0.7180711108856573	0.1613	2.9832439503276005	0.5453805782031627	0.12
204	3.4	3.1049595438068764	0.843127149814765	0.0	3.169415776677366	0.8878751657678572	-0.105	3.515279512270579	0.7516014747275495	-0.0886	3.748618772082279	1.011097807166651	-0.0972	3.8946218959779517	1.056493375756853	-0.0766	3.872043123191217	1.108720698189813	-0.12	3.789721808671443	1.0852647169183762	-0.0883	3.0638749787750954	0.8180817715825552	0.105	3.087822723736879	0.4118310551138367	0.0886	3.098974735576065	0.07072141830132357	0.0972	3.098959459485788	0.004336814406242381	0.0766	3.0732751166199073	-0.00041325991893778613	0.12	3.104357452178595	-0.002473851096085236	0.0883	2.7329207657422017	0.9646118729393949	0.0	2.567205816370663	1.1249461548767203	0.0	2.611042091911626	0.9949935474311598	0.0	2.797324167473285	0.9801597482868615	-0.2016	2.954631778796498	0.7232514944487574	-0.1613	2.9038790569983655	0.4986674404117164	-0.12	2.721395106815485	0.8999820103146099	0.2016	2.9016933113577426	0.7025486675771716	0.1613	2.9876719483902656	0.5502916148161981	0.12
205	3.4166666666666665	3.0920161813430784	0.8529590789856134	0.0	3.156017569679765	0.9018533537382282	-0.105	3.5222717229598532	0.7716665834797604	-0.0886	3.77431536095836	1.0343904576049547	-0.0972	3.9312839055262456	1.0602093211372343	-0.0766	3.907727154890044	1.1225365048603235	-0.12	3.8081300482619675	1.0998849586853467	-0.0883	3.047670079557593	0.8359044765419139	0.105	3.0858886081252863	0.41864341867650634	0.0886	3.100460650945995	0.07128293461020402	0.0972	3.099851383540989	0.004052098544868765	0.0766	3.0721494468229493	-0.0007384424495704284	0.12	3.1083903541155737	-0.0027000607088135398	0.0883	2.7285889094480353	0.9767089381401227	0.0	2.5650320506301187	1.148962253908211	0.0	2.60314051832323	1.0166711418808694	0.0	2.794702576462704	0.9950299547085326	-0.2016	2.9589939905256375	0.7384084093101898	-0.1613	2.9088510450116396	0.509569878199387	-0.12	2.705394895097096	0.9039046022025481	0.2016	2.8826722608971034	0.7046417290871388	0.1613	2.989528669510301	0.5644084015334914	0.12
206	3.433333333333333	3.08609474260718	0.8657928036024234	0.0	3.1283606919913973	0.9180957042893211	-0.105	3.5349307860603383	0.7941629946315512	-0.0886	3.793628253160385	1.054154860379414	-0.0972	3.9876828384503544	1.0446017157857677	-0.0766	3.9567840683051108	1.1086154626925937	-0.12	3.8184015170302357	1.1202945607663568	-0.0883	3.037688277921034	0.8522454821192356	0.105	3.0852858348883716	0.42224049223965643	0.0886	3.1033291490650172	0.07142043489865915	0.0972	3.1029921777373572	0.0038092261450118903	0.0766	3.078765475635936	-0.0011710433694625544	0.12	3.10991990355061	-0.003067237204016915	0.0883	2.716566677611365	0.9996859420609655	0.0	2.5688053543062708	1.174570674189949	0.0	2.5915467366695575	1.0413489757297063	0.0	2.7926581116781555	1.0147895544082863	-0.2016	2.9602138649505507	0.7485148617075695	-0.1613	2.9126812901129235	0.5280100567655546	-0.12	2.6986448963908134	0.9169863137869378	0.2016	2.852711951947971	0.7211100741499934	0.1613	2.9665970020230157	0.5722098307861057	0.12
207	3.4499999999999997	3.074424446855175	0.8735131003848073	0.0	3.1143122199009916	0.9211935114929545	-0.105	3.526455342238962	0.8082826284851784	-0.0886	3.8058701646990096	1.0689156630563126	-0.0972	3.982851484632021	1.0525358478076365	-0.0766	3.956138758302637	1.138196742029793	-0.12	3.843713448213078	1.130563851763024	-0.0883	3.0262701570741086	0.8559490233983489	0.105	3.0846232061348298	0.4272282103268673	0.0886	3.106830069623184	0.07209642324193914	0.0972	3.1059000375013737	0.002885079321104961	0.0766	3.0823442860275434	-0.001130863802355997	0.12	3.1111941585451635	-0.003102897356552045	0.0883	2.716695805024893	1.0136778517340073	0.0	2.568653793287251	1.1942591139706518	0.0	2.5927808373222536	1.0640888769334482	0.0	2.795057799322256	1.0298245187872175	-0.2016	2.9626759223217314	0.8166339759194294	-0.1613	2.9180489038018536	0.553882392949129	-0.12	2.6896516682406193	0.9261930062856648	0.2016	2.834593547911735	0.7361675170372897	0.1613	2.936833790757463	0.5869819033422844	0.12
208	3.466666666666667	3.070803856828268	0.8849544496858193	0.0	3.1066672769466352	0.9258901187687899	-0.105	3.5312434626424665	0.8184420995714994	-0.0886	3.819282848363792	1.0795416315487232	-0.0972	4.0104338541692535	1.045477111504306	-0.0766	3.9858336384006328	1.1097586141261457	-0.12	3.8527971004593446	1.1393312165402447	-0.0883	3.023838855397363	0.8562691976028379	0.105	3.0847500382604434	0.43086919740321195	0.0886	3.1085175003408985	0.07243952693718901	0.0972	3.1098841129359465	0.0019634793254466876	0.0766	3.083847577776288	-0.001060388670078044	0.12	3.1142824137305687	-0.0031279560682814928	0.0883	2.695578999314864	1.0452172012695524	0.0	2.5717076272939257	1.2064423397977972	0.0	2.5956552549944045	1.0850174995849209	0.0	2.796749906269392	1.0511641316976588	-0.2016	2.9608815611050194	0.8582172946296691	-0.1613	2.915622135030174	0.5774888389068499	-0.12	2.6792262455092266	0.9434274193734755	0.2016	2.810408522312308	0.7492016083663465	0.1613	2.9208124850701824	0.6011948953002855	0.12
209	3.4833333333333334	3.062982726493836	0.8921397383837276	0.0	3.0980537972585864	0.9312577266838085	-0.105	3.518453084448108	0.8200358411892851	-0.0886	3.833409978855439	1.0794122422488066	-0.0972	3.991988107354181	1.0779500241623836	-0.0766	3.97715809002515	1.1516301930389898	-0.12	3.874576482785059	1.1289610529879794	-0.0883	3.019564072431076	0.8570119824852299	0.105	3.083896209705961	0.4352004060189354	0.0886	3.111171068512157	0.07296445212074561	0.0972	3.1128952210147713	0.0015535428045088256	0.0766	3.0860560180293604	-0.00122470426654675	0.12	3.123170359363722	-0.003272946054183226	0.0883	2.6963108993996374	1.0571103736771028	0.0	2.5711528012284672	1.230026495366063	0.0	2.605245112567931	1.111610705040103	0.0	2.803705677335619	1.0636509816313036	-0.2016	2.9556472977237545	0.880921044270513	-0.1613	2.918787851380661	0.6036809587485688	-0.12	2.667029197542373	0.954085456903834	0.2016	2.7952332946699716	0.7569891034012076	0.1613	2.9127527972745257	0.6068379805177271	0.12
210	3.5	3.05840788019347	0.8956744266069805	0.0	3.098949025850432	0.9394870127250073	-0.105	3.5161207246466453	0.8236694585967618	-0.0886	3.832016087585964	1.0730906994982699	-0.0972	3.9899065633744337	1.05867410197413	-0.0766	3.974645845284712	1.1237810227523757	-0.12	3.879283102860085	1.1282826475652026	-0.0883	3.015684540275182	0.8585720481113711	0.105	3.0841093674257345	0.4364246826936871	0.0886	3.115921029884578	0.0733581925801257	0.0972	3.1165354822609372	0.0016246653875490458	0.0766	3.089671482474347	-0.0015779117733347586	0.12	3.1267400497587263	-0.00297204275665873	0.0883	2.683990331845246	1.0844980115206129	0.0	2.573258579083693	1.2447278592162994	0.0	2.6013701061032775	1.123662079866283	0.0	2.8075234539820695	1.0818067775174187	-0.2016	2.95202597170982	0.890443868093419	-0.1613	2.9176482883492256	0.6263188907932304	-0.12	2.6648346596952046	0.9752136233065933	0.2016	2.7856510483415957	0.7627552263787678	0.1613	2.9222126562408954	0.6042192385131337	0.12
211	3.5166666666666666	3.052881346680878	0.900858305704963	0.0	3.0969323144387895	0.9436057956865045	-0.105	3.5008992800011174	0.8177522561688576	-0.0886	3.8243219786772498	1.0523421851410852	-0.0972	3.970911004913149	1.0610124314715792	-0.0766	3.9411077744495824	1.1142814352095738	-0.12	3.8632057845006518	1.1052445524069898	-0.0883	3.012860003983535	0.8605957717824497	0.105	3.0849270013976997	0.4375236807996965	0.0886	3.120873942048474	0.07394853010355558	0.0972	3.1231629376942394	0.0020173588315630236	0.0766	3.0950491515521223	-0.0010515985113321302	0.12	3.128927092254284	-0.0029109833232751903	0.0883	2.6877430187603397	1.0912334202036935	0.0	2.5752722000119737	1.2639519601748193	0.0	2.5982365631201194	1.1456347800696292	0.0	2.8060203445449545	1.0988512998090303	-0.2016	2.957735210678768	0.9242296499476677	-0.1613	2.914209294042865	0.6553299528157756	-0.12	2.6556973702517968	0.9885463714081657	0.2016	2.7715195907769017	0.7757623153927397	0.1613	2.8924676315493794	0.6200536832227282	0.12
212	3.533333333333333	3.0461367796845455	0.9070376374032052	0.0	3.0937394024001126	0.9478127984124578	-0.105	3.47998016993004	0.800768899711801	-0.0886	3.806560461377554	1.0152019128068532	-0.0972	3.9329439372919897	1.022073675844815	-0.0766	3.919985773839386	1.061050705514839	-0.12	3.8491682682079373	1.0685548567511505	-0.0883	3.010551061701919	0.860629200366434	0.105	3.0856233490740337	0.4369809950010993	0.0886	3.1221685895153577	0.07328357013252937	0.0972	3.1267612184697713	0.001700716477137501	0.0766	3.0991937751844914	-0.0010647738105682841	0.12	3.1291710179093535	-0.001789671786041877	0.0883	2.6779887993045355	1.1060020094143448	0.0	2.574489398055922	1.2815687012089365	0.0	2.5952323784741087	1.167574740372427	0.0	2.7912340639580178	1.1159450182345594	-0.2016	2.9591190282866147	0.9378907019303984	-0.1613	2.9192245922376547	0.6857471371385793	-0.12	2.6423710711002006	0.9952323967190502	0.2016	2.7614963952701412	0.78244595535392	0.1613	2.892389991389929	0.6143671961469455	0.12
213	3.55	3.0416718406950496	0.9121719165558784	0.0	3.0911837913524307	0.9475472485751016	-0.105	3.4654557565295674	0.7965823560988661	-0.0886	3.801297173133109	0.9856866814610986	-0.0972	3.9392665446474764	1.000892968615699	-0.0766	3.9212599139735227	1.0347265786902964	-0.12	3.848524952534469	1.040716465918389	-0.0883	3.0101692930104473	0.8585209074386222	0.105	3.086182047482298	0.437910383230142	0.0886	3.125550140933622	0.07005140161039738	0.0972	3.130458369634491	4.367018741641138e-05	0.0766	3.104605497193254	-0.0005629744983255414	0.12	3.130824761911094	-0.0023797530312044124	0.0883	2.667878821254571	1.1288499036923951	0.0	2.5773800205025506	1.2898417493875018	0.0	2.586064256364877	1.1729887892491324	0.0	2.7888825380527607	1.1298789466750363	-0.2016	2.9528936308578597	0.9627681758570199	-0.1613	2.9156842735755766	0.7291342712378535	-0.12	2.637946139313317	1.0110087486328514	0.2016	2.7487112378014062	0.7906546887640465	0.1613	2.8822104958755546	0.6191235402534304	0.12
214	3.5666666666666664	3.0375478176947195	0.9127225159179868	0.0	3.0888500463587363	0.9467334043147928	-0.105	3.4370736775964805	0.7804950847250763	-0.0886	3.7661166024400243	0.9345425074552407	-0.0972	3.893082069294508	0.950230423491345	-0.0766	3.894061355449691	0.9857548015815404	-0.12	3.8202864952465903	0.9906822775699986	-0.0883	3.007521338854501	0.8595353266072183	0.105	3.086232374808218	0.4406130421417665	0.0886	3.129579335102132	0.06885773782641492	0.0972	3.129360778919076	-0.003140698483882362	0.0766	3.1070447347584973	-0.00108524854862653	0.12	3.136306929282258	-0.003508930981886066	0.0883	2.670774226933284	1.1342399475735152	0.0	2.5716090529594813	1.303442106346711	0.0	2.588147654245898	1.1838016104182183	0.0	2.789400634021168	1.139918741272096	-0.2016	2.943399303259856	0.9767428280216456	-0.1613	2.9121485558615072	0.7458942637981608	-0.12	2.6306386491488025	1.0189623004714494	0.2016	2.7406578897456724	0.8002770538144953	0.1613	2.872784771815351	0.6249382360263077	0.12
215	3.5833333333333335	3.036827902665735	0.9118745329626468	0.0	3.091948675933259	0.9464029617272379	-0.105	3.3981482827535516	0.762943243680251	-0.0886	3.7480948291579987	0.9058925985749406	-0.0972	3.8763587748515658	0.9158427921418836	-0.0766	3.876419641786497	0.9529937390756554	-0.12	3.8097467857029628	0.9583174211108715	-0.0883	3.005214398813891	0.8614486698668989	0.105	3.083712021539904	0.4441656027160795	0.0886	3.1327674617238763	0.06742440766518562	0.0972	3.128479310977147	-0.006167650731894167	0.0766	3.1048998886899764	-0.0030625886412067177	0.12	3.1402199019737456	-0.005248971220407447	0.0883	2.6698793062097863	1.1432706570766704	0.0	2.568899883721168	1.3162302031234112	0.0	2.5867788468660673	1.1964097532607911	0.0	2.79602725380381	1.1506264965674722	-0.2016	2.948327145429172	0.9913188032750863	-0.1613	2.9120986486557605	0.7725953734680021	-0.12	2.6238142187188944	1.0275619177096587	0.2016	2.735732254624911	0.8097082261153841	0.1613	2.8597946298379364	0.6253779050424423	0.12
216	3.6	3.035210143919305	0.9127536148988568	0.0	3.0919001597801934	0.9429072684399813	-0.105	3.364315243388566	0.7453599755559084	-0.0886	3.734413382032459	0.8578868382167146	-0.0972	3.844074940789932	0.8213864914444009	-0.0766	3.8508997504795794	0.8833541843081755	-0.12	3.8021283374498105	0.886983882083955	-0.0883	3.001152737222467	0.8622133829095062	0.105	3.0800733125079462	0.44520528663975484	0.0886	3.133448728110297	0.06471598843291114	0.0972	3.1248152249434984	-0.007117193269845057	0.0766	3.106695935290161	-0.006428670104060216	0.12	3.143155069141868	-0.006862146750281142	0.0883	2.660775003750971	1.160066793424314	0.0	2.5704912711625783	1.3249927463132336	0.0	2.580210385573993	1.2072923520521235	0.0	2.7911744167374275	1.15979826868106	-0.2016	2.949523387637161	0.9981534441697224	-0.1613	2.91124797812855	0.7908449792040633	-0.12	2.6197302948746963	1.0404038986306277	0.2016	2.7281913269876967	0.8157705060357135	0.1613	2.847084460349071	0.6297980951940334	0.12
217	3.6166666666666667	3.03018358336669	0.9118544055382384	0.0	3.0924544325212056	0.936578643031978	-0.105	3.322393860060104	0.7304106211369721	-0.0886	3.7031608570958374	0.789800829322726	-0.0972	3.8230685231238497	0.748896008451411	-0.0766	3.8155147787118198	0.7978612142256379	-0.12	3.7797422880027796	0.8164897863392406	-0.0883	2.9977061617962955	0.8603239162164514	0.105	3.071899020610364	0.4454832658724679	0.0886	3.1339451362963864	0.06291521433019542	0.0972	3.1182104187420663	-0.006693526994978563	0.0766	3.102895313944631	-0.008357359127744601	0.12	3.146097764514474	-0.006733374702144149	0.0883	2.6536478786796995	1.1666777324903292	0.0	2.5642080916303764	1.3318166194959355	0.0	2.578759109809633	1.2181558339157355	0.0	2.788768478837077	1.1633559321325664	-0.2016	2.946992099606984	0.9995322730091972	-0.1613	2.9078710098995684	0.7947318267483211	-0.12	2.611167541602781	1.0465682796394895	0.2016	2.7176698447304304	0.8304605486995355	0.1613	2.826018759992179	0.6366175115008739	0.12
218	3.6333333333333333	3.0263656199145372	0.9102989345395873	0.0	3.086755281978532	0.9334112373439013	-0.105	3.281834571977254	0.7146919875094365	-0.0886	3.677895309431007	0.7188585408068449	-0.0972	3.7671622356515693	0.6601776729385541	-0.0766	3.799991403361457	0.7168551193222532	-0.12	3.7503840280472684	0.7430383586632839	-0.0883	2.9880891930014406	0.8591215154865609	0.105	3.064007717467609	0.4425759419300096	0.0886	3.134315502336195	0.059806069663939795	0.0972	3.1132724688587836	-0.007257108926886871	0.0766	3.1015383844833595	-0.011179142088825651	0.12	3.1482160183211874	-0.006969772164289581	0.0883	2.65092035826757	1.1706895093882914	0.0	2.55830341012598	1.342745572552943	0.0	2.5767267353986645	1.2281257725666774	0.0	2.7878423608554534	1.1666731285383212	-0.2016	2.94076077814602	1.0010541130947972	-0.1613	2.897490390812432	0.7971626873396254	-0.12	2.6042624047318044	1.0520725090535779	0.2016	2.710831556441924	0.8349116849212707	0.1613	2.8135687835637895	0.6372252594305703	0.12
219	3.65	3.020968489173827	0.9090389994507837	0.0	3.0772600499390825	0.9298054410543727	-0.105	3.2450310906741517	0.685284287808793	-0.0886	3.6161713436542415	0.666403275394541	-0.0972	3.715385974920804	0.5822372757239489	-0.0766	3.7409664464286316	0.6350384394943424	-0.12	3.7281705698464895	0.6811001493580854	-0.0883	2.9780997233707858	0.8573902045174691	0.105	3.0605287674327557	0.43695724983216255	0.0886	3.1339799813821516	0.05576478330505119	0.0972	3.1139924174197513	-0.008619089187794408	0.0766	3.1033181179662237	-0.01387710147766616	0.12	3.1453554968350343	-0.006849101678489983	0.0883	2.6401791322404113	1.1795261780518345	0.0	2.5570433140296798	1.3496087789273616	0.0	2.561350116885236	1.2335456838338297	0.0	2.782507678571788	1.171493042649059	-0.2016	2.9367501192591714	1.0034323926334163	-0.1613	2.8926588796873056	0.8010405755055657	-0.12	2.6016864869596628	1.0611569182948108	0.2016	2.706379052568226	0.8402654720385624	0.1613	2.8014194318558356	0.635429155302781	0.12
220	3.6666666666666665	3.0169094329381108	0.9017884987444026	0.0	3.070764585528197	0.9219793701123044	-0.105	3.1932251589484717	0.6616964066099257	-0.0886	3.5293842024665425	0.6133891670088105	-0.0972	3.6627102338302184	0.5399754013616022	-0.0766	3.682834926775024	0.592838824570816	-0.12	3.6370889917052724	0.614388678056774	-0.0883	2.9743447366700755	0.8525673626541893	0.105	3.057811943501457	0.4329049857408598	0.0886	3.1338351915442093	0.0504640665988139	0.0972	3.1170839215572923	-0.009155262540704687	0.0766	3.104891036941219	-0.015115841323741587	0.12	3.1472613662363256	-0.006600157964066267	0.0883	2.633928105090284	1.1817502509772229	0.0	2.546362009428737	1.3581313806551722	0.0	2.5637025195063603	1.2451348410121377	0.0	2.7712254359261514	1.1764493419349313	-0.2016	2.9215544364420394	1.008000185476291	-0.1613	2.880474776646301	0.8054874967010626	-0.12	2.593287485015059	1.0646794874871568	0.2016	2.69487506689198	0.8481578327156745	0.1613	2.7826513167989515	0.6357020819465342	0.12
221	3.683333333333333	3.0094308258254787	0.8958604054557908	0.0	3.0629719738696988	0.9179436069482502	-0.105	3.153478386609531	0.6401720296690658	-0.0886	3.4875903998786932	0.5421874775249851	-0.0972	3.582423198498823	0.4402925685218925	-0.0766	3.612590415780933	0.4725120202070925	-0.12	3.577761319830349	0.5330876057110339	-0.0883	2.96461061769938	0.8491777196215721	0.105	3.051623841228349	0.4280043887233621	0.0886	3.13353517885957	0.046788599329671124	0.0972	3.1211213647323697	-0.009362856749912413	0.0766	3.103843284158069	-0.01666788693560302	0.12	3.1478685519287315	-0.006236094538304454	0.0883	2.6288327612501443	1.1968192533850224	0.0	2.5436619172426	1.3621710332343901	0.0	2.5581545052092274	1.2510677631723892	0.0	2.767852904162555	1.1816385300185737	-0.2016	2.9161850694989173	1.0081913191191585	-0.1613	2.873985411620728	0.8030078180436888	-0.12	2.5932408711082067	1.0790233937404985	0.2016	2.6871313551572444	0.8538102673977084	0.1613	2.763726393900703	0.6385617581976492	0.12
222	3.6999999999999997	2.998287138867007	0.892413549022262	0.0	3.049676530896081	0.9132672581211854	-0.105	3.1211986946543897	0.6229997700539432	-0.0886	3.452269372439766	0.4687354623817267	-0.0972	3.4978407318142963	0.3499775605777234	-0.0766	3.5218028239165062	0.3700462622163918	-0.12	3.538960864183713	0.4550482916520697	-0.0883	2.954974351234485	0.8472478998149425	0.105	3.042731758452662	0.4280879441523946	0.0886	3.132834897366167	0.04784767008282487	0.0972	3.1163426591274175	-0.009329553373969332	0.0766	3.1035070561533282	-0.017368085962146486	0.12	3.1513330832646838	-0.005904049754272903	0.0883	2.623105459152289	1.2038548339744244	0.0	2.5371471431423767	1.3694570967702935	0.0	2.55223762142438	1.2580816982670713	0.0	2.7618412468151767	1.1872949802153179	-0.2016	2.9061863684824774	1.013030607130731	-0.1613	2.8515420681038184	0.8095293730020741	-0.12	2.589074568110393	1.0847346227769081	0.2016	2.6788554607757558	0.8577928437559701	0.1613	2.7437569010674303	0.6416307592880103	0.12
223	3.716666666666667	2.9895243727817387	0.8890584206489207	0.0	3.0440941471721716	0.9003287309524666	-0.105	3.0900590875873584	0.5983826190642703	-0.0886	3.3801998716153525	0.4121794864537604	-0.0972	3.391200710303313	0.2780726223784963	-0.0766	3.420234655846007	0.2921083576440072	-0.12	3.450034153750093	0.3942474704428624	-0.0883	2.946234184322111	0.8435310521442583	0.105	3.030634296112429	0.42894274853382336	0.0886	3.1324906009418823	0.05232236842493314	0.0972	3.1091799644800275	-0.008779665427246224	0.0766	3.0986086814217435	-0.016376496314850372	0.12	3.1532591604084965	-0.004789140996035987	0.0883	2.6180973029052437	1.2137865086063166	0.0	2.5345812395786456	1.3772549596751849	0.0	2.552228017262996	1.261461253793156	0.0	2.75014348701936	1.1921448435482744	-0.2016	2.8857474616157504	1.012767426901943	-0.1613	2.8334314673601	0.8101187443072574	-0.12	2.588638637348016	1.095018728440366	0.2016	2.670553972924478	0.8591562662694995	0.1613	2.7197494402968148	0.6462345627324592	0.12
224	3.7333333333333334	2.9843255077819357	0.8783798964604721	0.0	3.0335560666658328	0.8749952034227455	-0.105	3.0541123179163177	0.5855407724417957	-0.0886	3.287358145150072	0.3485307313374353	-0.0972	3.251148126957496	0.2203945241430827	-0.0766	3.277642138649683	0.23659873418658373	-0.12	3.3583897812162915	0.3100309753998173	-0.0883	2.9425431544013056	0.8248458030585654	0.105	3.0214794040145483	0.4292724017647068	0.0886	3.1313824994396917	0.05394083148101121	0.0972	3.1074809324684503	-0.009021526146828614	0.0766	3.096800893466201	-0.015533198935151413	0.12	3.1522182490824253	-0.0029708165352066163	0.0883	2.6152650067047123	1.2191945915063718	0.0	2.5283832563278708	1.388933733877252	0.0	2.5504365672914204	1.270755343175374	0.0	2.7460155605582997	1.1965376191816852	-0.2016	2.868767020617132	1.010659719350779	-0.1613	2.828112905034255	0.8089972465660762	-0.12	2.5849662808680947	1.1049692424518174	0.2016	2.6568116588808253	0.8692522948565192	0.1613	2.697586440508795	0.6513238646905419	0.12
225	3.75	2.9701850328837303	0.8702964621775838	0.0	3.0163502849746764	0.8651239700154065	-0.105	3.0327637196141377	0.5529177777899499	-0.0886	3.217810056184522	0.27328565029406415	-0.0972	3.1630783216887117	0.18042284262663588	-0.0766	3.1893505494402663	0.19769905625472303	-0.12	3.272965317774964	0.23633300773319585	-0.0883	2.930900943225611	0.8177521184915755	0.105	3.0073131485411135	0.43072889959258426	0.0886	3.1307349371749127	0.055801127997349306	0.0972	3.1084721402501225	-0.009172367910764541	0.0766	3.0962203819452503	-0.014129964603122679	0.12	3.1484045495796735	0.0013118058141224631	0.0883	2.6092777648376373	1.2293450700150084	0.0	2.5266951839674605	1.399608285059093	0.0	2.547632747641091	1.2861922998455313	0.0	2.7452463633753714	1.2018019835415223	-0.2016	2.8599116929669806	1.0081104783348358	-0.1613	2.8135671133930678	0.8086408795520583	-0.12	2.5803232351258236	1.1150845695637996	0.2016	2.6493736089022653	0.874762687274391	0.1613	2.6774464367663247	0.6527818160691892	0.12
226	3.7666666666666666	2.9585864582151165	0.8616281142828934	0.0	2.9984510365822667	0.8551904259992993	-0.105	3.0116251315263893	0.5232688322169602	-0.0886	3.1416333172288033	0.229567576009557	-0.0972	3.094188620740092	0.12163687463988333	-0.0766	3.123524753601195	0.15540619089731497	-0.12	3.1802737768503744	0.1851674532209911	-0.0883	2.925432996482442	0.8125096685970639	0.105	2.996946339841907	0.4310017213455368	0.0886	3.129455358283742	0.05805525416622162	0.0972	3.0987152127829782	-0.00908501408900323	0.0766	3.0899356158956723	-0.013010994128525522	0.12	3.1457616896286216	0.005615108716036141	0.0883	2.6031350437720664	1.2347935579626925	0.0	2.5203338539677804	1.408664982343414	0.0	2.5509942603277076	1.2951423138854192	0.0	2.7337221607354354	1.204345695037286	-0.2016	2.84697692809472	1.0089814166348476	-0.1613	2.8130687820167246	0.8027447086232092	-0.12	2.5744493493316574	1.1225731572601656	0.2016	2.6395947976144942	0.8824412883259798	0.1613	2.661914456164576	0.6595316801213391	0.12
227	3.783333333333333	2.9437118104339133	0.8562893704196973	0.0	2.9785890909869	0.8534490871047963	-0.105	2.960306901275738	0.4715539898285245	-0.0886	2.9932159694103677	0.171052845967056	-0.0972	2.8857947310263072	0.05793677032261477	-0.0766	2.926256198630986	0.08980780623090868	-0.12	3.024378400733873	0.11151228229476931	-0.0883	2.9155292511118858	0.8146604026554696	0.105	2.9925227819072195	0.4292092700893034	0.0886	3.1283809122637583	0.06180530936077329	0.0972	3.0645706736741056	-0.008267064454886286	0.0766	3.076764162833109	-0.012512413339677723	0.12	3.144319424819927	0.0037392387782277936	0.0883	2.59761993410201	1.2453314853062512	0.0	2.522509573376107	1.419935727579262	0.0	2.544027458622462	1.3009949059359194	0.0	2.7229465081630453	1.2089743174304821	-0.2016	2.821717654245211	1.007555682971093	-0.1613	2.8135745600938376	0.7989531097983541	-0.12	2.570931597591283	1.1331904894343303	0.2016	2.6316004253819676	0.8911016129714585	0.1613	2.6402049859067644	0.6651368807905513	0.12
228	3.8	2.925906866472263	0.8494166512604744	0.0	2.9602946931464156	0.8430927155821242	-0.105	2.9263552436619586	0.4636213517772098	-0.0886	2.9366065851787124	0.16747758288342124	-0.0972	2.820014705671299	0.08945900322733125	-0.0766	2.8566100004260653	0.1205386485064727	-0.12	2.974457318394916	0.09846133119498614	-0.0883	2.8949952176961933	0.8154058322460591	0.105	2.9723914610259863	0.4282346266814523	0.0886	3.1255214515159433	0.06985956213278376	0.0972	3.0652829105958577	-0.008466744193212201	0.0766	3.0803491452466782	-0.01280543488614063	0.12	3.142829117204474	0.0050918787866367915	0.0883	2.5929520805623403	1.2529182936859695	0.0	2.5220112047023537	1.428976823637043	0.0	2.5387318167612216	1.3102165506988452	0.0	2.7141832111276494	1.2139074126252516	-0.2016	2.811696797765321	1.007292485339767	-0.1613	2.7953571668944805	0.7967842609173142	-0.12	2.5677159927728628	1.1419975410914875	0.2016	2.624438929442269	0.8993732785862025	0.1613	2.6230229736500212	0.6676569269939875	0.12
229	3.8166666666666664	2.90356825746063	0.8388600301618789	0.0	2.9380146785159975	0.8288326183970051	-0.105	2.8761052992544265	0.42676384363938724	-0.0886	2.821816326644312	0.09750727184379768	-0.0972	2.6386762038092337	0.008332873565357876	-0.0766	2.6975092079305303	0.022387157949794075	-0.12	2.852578708820568	0.02541259498854792	-0.0883	2.883466006953224	0.8127997081231749	0.105	2.9421110379424764	0.4246759422316125	0.0886	3.120821362235238	0.08519201336654428	0.0972	3.07284271651441	-0.010101891341860958	0.0766	3.083054655679804	-0.013516048701234372	0.12	3.136102567024935	0.01813832564432412	0.0883	2.589319569686637	1.2577495700136851	0.0	2.518490527214624	1.4374764549462937	0.0	2.522894194106796	1.3153022997431463	0.0	2.7098608024255557	1.2170861272211395	-0.2016	2.805630199028972	1.0031197491807333	-0.1613	2.7721766994843873	0.7879810804198382	-0.12	2.5615277123366673	1.147295289130552	0.2016	2.615865822399437	0.9012775780671515	0.1613	2.604487977438788	0.6689471228442123	0.12
230	3.8333333333333335	2.8773157674092	0.8306250585541597	0.0	2.913907108680884	0.8264763750180646	-0.105	2.8213035237999105	0.41397840801610375	-0.0886	2.7420918587947654	0.08519248814006905	-0.0972	2.5540181824751484	-0.010447617108772705	-0.0766	2.585880689703375	0.003630262109586571	-0.12	2.770134203216352	0.01266500626479336	-0.0883	2.8673956285203968	0.8111872881811901	0.105	2.9267529338169034	0.40979048373730553	0.0886	3.105812798530139	0.09147861615964432	0.0972	3.068984254811043	-0.013031447254794541	0.0766	3.084261630253391	-0.014184052118019472	0.12	3.1356484315301802	0.020678574985107848	0.0883	2.5882477404193223	1.2609594226863634	0.0	2.515177741552695	1.4452281864901664	0.0	2.515034805585658	1.3165011078913806	0.0	2.70537031830263	1.2173478265610849	-0.2016	2.7985014297464628	0.9999697685761821	-0.1613	2.7490123121993504	0.7798013080747049	-0.12	2.555310739156471	1.154086354253896	0.2016	2.608189284575948	0.9093186816764102	0.1613	2.586916008522076	0.6734565488184703	0.12
231	3.85	2.857413548928894	0.8163237801132515	0.0	2.8920358963996398	0.8149092048132037	-0.105	2.7670203533743063	0.40755718324688595	-0.0886	2.6630664079090236	0.07235201894381366	-0.0972	2.4731676526051753	-0.021485008404919168	-0.0766	2.4914685343153264	-0.017872509476453524	-0.12	2.6932403011977115	-0.0015862701740757892	-0.0883	2.850562170006316	0.8015973704665917	0.105	2.9254486562049475	0.3924836075129809	0.0886	3.1045953527549135	0.0845250019111186	0.0972	3.0476345146310724	-0.017514303390099857	0.0766	3.085082608534457	-0.01514601739392412	0.12	3.1365559169087587	0.013974762508262045	0.0883	2.585704692184639	1.2656903285093284	0.0	2.516216251906673	1.4516177662023704	0.0	2.5051979372231985	1.3195396775607169	0.0	2.702455137698453	1.2149534344611206	-0.2016	2.789571443674213	0.9921621710187317	-0.1613	2.719994912521903	0.7721619750324942	-0.12	2.55413376349778	1.1605596194943038	0.2016	2.598552928389695	0.912686610383921	0.1613	2.56752932068906	0.6782035020494881	0.12
232	3.8666666666666667	2.832923225298359	0.7983428888737139	0.0	2.8652918411808246	0.7930678160387366	-0.105	2.7214627071154385	0.4043074857347946	-0.0886	2.6097098043646794	0.0603187169140323	-0.0972	2.4408521579174214	-0.030250127307151996	-0.0766	2.4571774134374587	-0.027014541748704393	-0.12	2.649379475564602	-0.012141075075348631	-0.0883	2.824333381266062	0.7869951221564552	0.105	2.8967674958404377	0.3849131616022297	0.0886	3.100306830737553	0.08350369916336131	0.0972	3.054349553228007	-0.022410140732093055	0.0766	3.0848643916681637	-0.016927137074458108	0.12	3.1367449152695968	0.012056451218163788	0.0883	2.5817974883361328	1.2676859007156822	0.0	2.5187797268244596	1.4550336714807715	0.0	2.4975276730270237	1.3204346152625928	0.0	2.696378396949838	1.2129535053582712	-0.2016	2.7814852709151734	0.9829458100596978	-0.1613	2.6989727588520167	0.7539717867761686	-0.12	2.553947813331027	1.1630241026532242	0.2016	2.5894366018682993	0.9169742003862233	0.1613	2.552590028528878	0.6811262902924197	0.12
233	3.8833333333333333	2.8035310911144804	0.7849128983552202	0.0	2.841392421808745	0.7742652773222727	-0.105	2.670871810877148	0.42322179012634686	-0.0886	2.5962068408404684	0.05913041101879278	-0.0972	2.440466787212569	-0.03120850843914719	-0.0766	2.456195898042311	-0.0286096804364729	-0.12	2.647330037479467	-0.01420092606109967	-0.0883	2.793066902222825	0.7743321438648967	0.105	2.8602564650415316	0.37750851438831595	0.0886	3.090711821351444	0.08365807690240099	0.0972	3.056521163308365	-0.025903227720923835	0.0766	3.076805124308838	-0.01983042274671841	0.12	3.1353852082793012	0.01567515302469205	0.0883	2.5786737602425283	1.2664716640420022	0.0	2.5168412518835854	1.4580409976263529	0.0	2.4902338760834866	1.3209873397137644	0.0	2.6910675403822033	1.2110651343965804	-0.2016	2.7608047872401293	0.9586359783422046	-0.1613	2.674225159044862	0.7484976956844575	-0.12	2.552042990677708	1.1635444779244573	0.2016	2.5815185190151486	0.9163205669193899	0.1613	2.5351356931406133	0.684639927822264	0.12
234	3.9	2.7767089211481815	0.7764060182531697	0.0	2.795911093247389	0.7500328957705744	-0.105	2.6181618085557576	0.4248843707169966	-0.0886	2.595931034563605	0.05946388203931184	-0.0972	2.4418657766720497	-0.030766930968903435	-0.0766	2.4576800982993916	-0.029031017835096515	-0.12	2.648569621159359	-0.014862259530955997	-0.0883	2.770547432074251	0.7590785434744105	0.105	2.818977211888287	0.3761935471346173	0.0886	3.073259834602433	0.09472551875277499	0.0972	3.068925026590576	-0.03190282752770624	0.0766	3.0882588347445425	-0.022188952369178915	0.12	3.1221736252632404	0.05573125861972322	0.0883	2.5750140363480245	1.2665817644982993	0.0	2.5175894559751097	1.460211292962981	0.0	2.4870222423538904	1.3224674329536923	0.0	2.683956441044896	1.21052578486661	-0.2016	2.750345112164172	0.9515337666095891	-0.1613	2.6538005916252185	0.7397686615655432	-0.12	2.5521499747950265	1.1657860737490273	0.2016	2.5732787960514725	0.9188266567655591	0.1613	2.51909645914879	0.689516027754432	0.12
235	3.9166666666666665	2.7521153268330165	0.7742718031314659	0.0	2.6975156245438985	0.7460590756022868	-0.105	2.595710855105249	0.4238350664853411	-0.0886	2.5974041534159946	0.06304959696704784	-0.0972	2.4438348039697515	-0.030866376584896396	-0.0766	2.4617188475923837	-0.0295844340082205	-0.12	2.6502421251636794	-0.014805255063732377	-0.0883	2.7461700841209313	0.7526271290277241	0.105	2.7749006699708834	0.37947914853673365	0.0886	3.047184944871374	0.11141020506070223	0.0972	3.0723603900693353	-0.03271483326548479	0.0766	3.080707530163193	-0.020356109282194383	0.12	3.0961213606111473	0.10065757619762683	0.0883	2.571759732954656	1.264282404563298	0.0	2.5153588639739497	1.4647157580351395	0.0	2.4895752633339723	1.3250290708474644	0.0	2.669987317026818	1.2121783835695998	-0.2016	2.7377027638348332	0.9495233535567482	-0.1613	2.6244266024083545	0.7383762943427545	-0.12	2.550715060985346	1.1653730181600863	0.2016	2.5682402811433156	0.9163580646044049	0.1613	2.5065832404199444	0.6881568825418624	0.12
236	3.933333333333333	2.7347568314315356	0.7687841944591204	0.0	2.6756232094261674	0.7398145653503558	-0.105	2.5665669906075266	0.4266755096138169	-0.0886	2.5971159855152814	0.06132382141673813	-0.0972	2.4447922488536427	-0.028840419664745532	-0.0766	2.4637321363011875	-0.029446950594672908	-0.12	2.6512001997820014	-0.017544387416841535	-0.0883	2.7267348558341262	0.7470036852410347	0.105	2.7445261098551232	0.3738281161341164	0.0886	3.0192840735162294	0.1367559613537579	0.0972	3.0757423182774217	-0.03391943831044984	0.0766	3.077719291087492	-0.018245546816852934	0.12	3.0762011376883076	0.14391217705715068	0.0883	2.5658405736197363	1.2663583480450429	0.0	2.5156651074153866	1.4653611122195092	0.0	2.4877467998856324	1.3269188317197085	0.0	2.6572831974351194	1.2105405842271317	-0.2016	2.7206994085720426	0.9456460728389467	-0.1613	2.603728819664449	0.7353685221406514	-0.12	2.5521818912873626	1.1685610843315148	0.2016	2.565723913021947	0.9155445606188768	0.1613	2.496605061647767	0.6886538869225373	0.12
237	3.9499999999999997	2.715793633851277	0.7626947395321407	0.0	2.652086062222097	0.7349620019882186	-0.105	2.547187659328616	0.42392462161446504	-0.0886	2.594907502674731	0.06078994054784855	-0.0972	2.4447022013903372	-0.028853079817758514	-0.0766	2.4648747824951305	-0.031168411542084946	-0.12	2.652624316338939	-0.014830396163406687	-0.0883	2.707743993799017	0.7400094258655984	0.105	2.7027473085512015	0.3772386829537017	0.0886	2.9948108745227375	0.15477012436630422	0.0972	3.0714989383366897	-0.03274755962753963	0.0766	3.0761278195158472	-0.016299219988652344	0.12	3.0447599921546185	0.16775881154246047	0.0883	2.561512695005771	1.2681111156753937	0.0	2.5129025220343837	1.4712978748369967	0.0	2.4820824101412016	1.3326862534866064	0.0	2.643685383834899	1.2124817776664831	-0.2016	2.6989413072594863	0.9458802792025937	-0.1613	2.5794437898187192	0.7435501173208229	-0.12	2.5507396886767824	1.1756455014518836	0.2016	2.5613908695064307	0.9210420436116117	0.1613	2.4851738205435474	0.6890043990475744	0.12
238	3.966666666666667	2.7019269349852486	0.7595981864915039	0.0	2.6569639649281025	0.7323853840067513	-0.105	2.5450019144919307	0.416760066260115	-0.0886	2.592176411425306	0.06233563564178825	-0.0972	2.4449045453511897	-0.029825852911969854	-0.0766	2.465002667629504	-0.03214754021121161	-0.12	2.6548169327204	-0.017247357874509685	-0.0883	2.693752515881713	0.7383471865890656	0.105	2.6509645707605216	0.38943334426636056	0.0886	2.9629893688333144	0.16898514546392707	0.0972	2.9499982676217376	-0.024839540908175528	0.0766	2.9565645530683513	-0.008889656761272867	0.12	2.842781760495325	0.1872488585984938	0.0883	2.559366491212494	1.269220483760433	0.0	2.5086647292572604	1.4764088438474143	0.0	2.4777883930999773	1.336769430509328	0.0	2.6369514686984026	1.2133433424783053	-0.2016	2.680002930111075	0.9464568492930328	-0.1613	2.5583823617099304	0.7436234697579666	-0.12	2.5438832454598415	1.1786439091801535	0.2016	2.553752424500622	0.9230782390036061	0.1613	2.476689473694032	0.6925190875478843	0.12
239	3.9833333333333334	2.6844481896143755	0.7563658295183493	0.0	2.6598206453937125	0.7323176485149973	-0.105	2.528589887592341	0.4138138835179838	-0.0886	2.5904168760082733	0.058194572630204326	-0.0972	2.4441838912873526	-0.030039294235931744	-0.0766	2.4651802600054715	-0.029611546367165054	-0.12	2.6529864836415973	-0.015656969675708524	-0.0883	2.672499404115336	0.73578765411072	0.105	2.618040929328808	0.39179723317537474	0.0886	2.942938690231594	0.1823863521670015	0.0972	2.9725451246162686	-0.023851498313999207	0.0766	2.995145790179064	-0.00329965365196766	0.12	2.9692057298677024	0.194192869833348	0.0883	2.551122740052566	1.2744549122908824	0.0	2.5070647868433373	1.48084470799217	0.0	2.469110714085455	1.3471705477351097	0.0	2.629912774989808	1.2146948127126982	-0.2016	2.6609035317061176	0.9482957247868213	-0.1613	2.5401358368491076	0.7351265826522553	-0.12	2.532900708991389	1.1803975872084171	0.2016	2.5442776771766997	0.920911694905027	0.1613	2.4664979770629967	0.6907432845095716	0.12
240	4.0	2.6644582378689456	0.7561513226938512	0.0	2.6507597592679346	0.7329554964105004	-0.105	2.5270221936253345	0.425236308636391	-0.0886	2.5929943766341412	0.05506667230947885	-0.0972	2.442434592087583	-0.029729962423920907	-0.0766	2.463740956255868	-0.024791953033994098	-0.12	2.656249803588464	-0.013861656085988938	-0.0883	2.6572652723110433	0.7371139514208138	0.105	2.590346384219719	0.3944819191177217	0.0886	2.9175840786286673	0.1933434092920704	0.0972	2.9408146286398784	-0.018339774866583454	0.0766	2.971485751305732	0.013894648142350446	0.12	2.975618444247111	0.20462935330807203	0.0883	2.543572164099671	1.2789967046491777	0.0	2.503889846577861	1.4853656743247035	0.0	2.462118165290857	1.356171804150755	0.0	2.624347946869116	1.2169410900507753	-0.2016	2.6523886776576417	0.9532816137578325	-0.1613	2.54960582182059	0.7222987414541434	-0.12	2.5262324223823995	1.182430891855105	0.2016	2.536415778830084	0.9195972169351029	0.1613	2.469463349257272	0.6943847229572933	0.12
241	4.016666666666667	2.650722636299157	0.7573249226549208	0.0	2.6563805210295306	0.7371675536960479	-0.105	2.52189837309245	0.41888829846336656	-0.0886	2.59277909468488	0.05402950453619186	-0.0972	2.4397066272376113	-0.031153079746142474	-0.0766	2.46235706803313	-0.02197380411093197	-0.12	2.6505280215298526	-0.013299680846192298	-0.0883	2.6483878996374717	0.7377556723842428	0.105	2.570090276838822	0.39987943142566135	0.0886	2.887926234139475	0.20635909006453834	0.0972	2.9102724773290145	-0.006069676767351602	0.0766	2.9459061702781693	0.026677387708559333	0.12	2.946689501261314	0.22136544776851236	0.0883	2.5390269135169214	1.2835061698961132	0.0	2.495156190154279	1.4929261180571138	0.0	2.4599705663476157	1.3615445994217512	0.0	2.6194287111086645	1.222305186109039	-0.2016	2.647247054685578	0.9584997548647854	-0.1613	2.5511113953200195	0.7243560194646665	-0.12	2.518056411704973	1.1858086553472567	0.2016	2.5296821809801293	0.9242475465373102	0.1613	2.468131061200934	0.6992232786432979	0.12
242	4.033333333333333	2.6392297115819203	0.7646850225175152	0.0	2.6488623552847548	0.7433291804668613	-0.105	2.513443923484247	0.42805185063469253	-0.0886	2.5886045121764973	0.05197772884660306	-0.0972	2.4400017181880296	-0.032091592343846204	-0.0766	2.4636732417177476	-0.0218176712025552	-0.12	2.6513782073665007	-0.012304109313532874	-0.0883	2.638765329720251	0.7409657055956294	0.105	2.5289297988414123	0.4165776541372194	0.0886	2.857976400527663	0.21415563719921632	0.0972	2.8756810200471734	0.005335714724308591	0.0766	2.907069300962886	0.03413797403674956	0.12	2.917275138829381	0.23143577458430947	0.0883	2.533673663461455	1.2896754383197253	0.0	2.4901541780799916	1.5030762339783537	0.0	2.459059355591096	1.3686235315455741	0.0	2.6060128273012233	1.2286093513140297	-0.2016	2.6275411113742857	0.9618934445872207	-0.1613	2.5068770770026396	0.7257787578873508	-0.12	2.5115583658387135	1.1891339459142127	0.2016	2.5198763453452617	0.9278545179840002	0.1613	2.463777753724065	0.7055718648051373	0.12
243	4.05	2.632869792410317	0.7748133570426883	0.0	2.645999162875197	0.753691212893282	-0.105	2.5116682654551155	0.4328003566791315	-0.0886	2.5861457289812266	0.0542685042498487	-0.0972	2.439935787618723	-0.03366363699989851	-0.0766	2.4637351846058793	-0.02159106769903653	-0.12	2.6453189972097375	-0.013561445109081985	-0.0883	2.6270785895545816	0.7487120402671932	0.105	2.5062054949399233	0.4293465985990087	0.0886	2.8226937863173633	0.21881639843576814	0.0972	2.8349995432649373	0.00739364415463592	0.0766	2.8568423206385165	0.044696791466167896	0.12	2.8889629694364944	0.23138572500913088	0.0883	2.528588042814919	1.2980679497489622	0.0	2.4858833414773933	1.5110981395836012	0.0	2.449199653602077	1.378993935510587	0.0	2.59618827939412	1.2363363719219926	-0.2016	2.6009001239434517	0.9631871597595592	-0.1613	2.4619958301627998	0.7388408680488681	-0.12	2.504730559776664	1.19593133148634	0.2016	2.5147065717997763	0.9424923467432966	0.1613	2.4526430526902447	0.7176551542174952	0.12
244	4.066666666666666	2.6282648129392165	0.7829468387635692	0.0	2.648928321288861	0.7625347780784466	-0.105	2.5116521655892434	0.4347462000246779	-0.0886	2.586803001530971	0.05621533965924794	-0.0972	2.442186282840826	-0.03366979320264349	-0.0766	2.4638675963108305	-0.020467739015121375	-0.12	2.6460104770554618	-0.017503677400980036	-0.0883	2.6107228298396823	0.7565765478327874	0.105	2.486899895371144	0.43573527679709373	0.0886	2.793455070265246	0.22202921729208358	0.0972	2.795882536423442	0.006762627625537143	0.0766	2.812761573365865	0.05693386463638586	0.12	2.8558885004198498	0.22709245740172035	0.0883	2.5204219837313877	1.3098676990571012	0.0	2.484243558235315	1.5133005213842428	0.0	2.442717414447767	1.3883104189123756	0.0	2.5874035675066573	1.2445743718282936	-0.2016	2.5828896236757712	0.9615171853774755	-0.1613	2.4438428651003803	0.7655033408318438	-0.12	2.4995283964891484	1.2043650725924904	0.2016	2.507922400490631	0.9534361397836267	0.1613	2.445127540153615	0.7250076316875782	0.12
245	4.083333333333333	2.617041310122823	0.7885399181695829	0.0	2.6472102085522873	0.769144966204316	-0.105	2.516870648554444	0.4411602409180142	-0.0886	2.5869482767764445	0.06015523318300546	-0.0972	2.4438863811791878	-0.030092220414632095	-0.0766	2.46491407109339	-0.015751064606264263	-0.12	2.6461563509484844	-0.016130743960361522	-0.0883	2.593174074163542	0.7618710613751638	0.105	2.445667035832534	0.4429481022778304	0.0886	2.750948122564746	0.2289682158323566	0.0972	2.752564985069615	0.0071666863012310456	0.0766	2.7667186084434636	0.039373171959442205	0.12	2.825490307062091	0.22485137612615003	0.0883	2.5155819137878477	1.3166754165008956	0.0	2.477506119493272	1.524594372191523	0.0	2.4327484065216227	1.3988934834859335	0.0	2.5818975861574662	1.2523723048700546	-0.2016	2.582989920991707	0.9650685511999358	-0.1613	2.4335533241848526	0.7832959067442606	-0.12	2.4912310547805805	1.2085598016123469	0.2016	2.4991780701614115	0.9580741075149031	0.1613	2.4386191966347157	0.7333840934876861	0.12
246	4.1	2.6167027384124046	0.7951935368560834	0.0	2.6476220182133936	0.7725345837370524	-0.105	2.518070742394931	0.4434078033827656	-0.0886	2.587854537756888	0.06207332481570635	-0.0972	2.445623731914782	-0.0305846206341645	-0.0766	2.46457359181337	-0.013520324694662952	-0.12	2.6462750920457005	-0.014406396931905985	-0.0883	2.58387984076761	0.7652454407630508	0.105	2.439097333856748	0.4480004862738447	0.0886	2.7080760861258635	0.22161450809054045	0.0972	2.7046726286967293	0.008380867272516426	0.0766	2.7236894102025513	0.05259552639385236	0.12	2.7907892653239177	0.21158145994872468	0.0883	2.5074228954039426	1.3244741018249748	0.0	2.4721501459129307	1.5302126119436636	0.0	2.4282297544742706	1.4073483073421467	0.0	2.579323765439798	1.2594946127028679	-0.2016	2.5796090339751223	0.9772994923962671	-0.1613	2.4150830035013855	0.7924966780055074	-0.12	2.482717227336123	1.2165991988035896	0.2016	2.488500256903973	0.9630131163062025	0.1613	2.4320857991539073	0.7393475429606371	0.12
247	4.116666666666666	2.6091315595010487	0.8060208867705203	0.0	2.6421482233894733	0.7755268459916594	-0.105	2.51793956113677	0.44735025156091096	-0.0886	2.588058632678594	0.06330781878675398	-0.0972	2.447719139001531	-0.026052407682687365	-0.0766	2.465396129953864	-0.010390187692057337	-0.12	2.641932163554179	-0.012526815556749595	-0.0883	2.577582194386262	0.7734689404138372	0.105	2.421963225550149	0.4646958494483934	0.0886	2.665813143806288	0.21462933321246988	0.0972	2.6528492833880524	0.00948059061378495	0.0766	2.659296145727056	0.042201305354283444	0.12	2.7605294229692903	0.198352713013757	0.0883	2.5008394629076474	1.3291384754546878	0.0	2.4634579412485222	1.5379073781965478	0.0	2.42619613839691	1.4122538581892454	0.0	2.571747186339047	1.267434390805514	-0.2016	2.5753975264452897	0.9929531208453196	-0.1613	2.4049103666286324	0.8037142867881243	-0.12	2.4775741475446784	1.224938713014574	0.2016	2.4835612804826503	0.9709145597931985	0.1613	2.425427177788954	0.7440168735380891	0.12
248	4.133333333333333	2.601699841763041	0.8172956654807245	0.0	2.6328580397626116	0.786569894024197	-0.105	2.521736273608548	0.44982982229247864	-0.0886	2.590361654155112	0.06099039647470619	-0.0972	2.450061623720422	-0.011755674492392669	-0.0766	2.463725737947965	-0.005524865634758978	-0.12	2.6404686614931956	-0.012041809313599931	-0.0883	2.5701227478792537	0.7878378996766857	0.105	2.401742228250789	0.4819481236785937	0.0886	2.6202470059040515	0.19720867454925206	0.0972	2.6151526413809036	0.009875762674935631	0.0766	2.6039360980442874	0.03784869549963822	0.12	2.690738883708132	0.18268478982437847	0.0883	2.4970215278577874	1.3341137250751613	0.0	2.455296956323542	1.5455939944570736	0.0	2.4255381343418967	1.417228155665432	0.0	2.566076631878353	1.2726948694720457	-0.2016	2.5631042636209784	1.008190641372065	-0.1613	2.3958163779458106	0.8165575949713271	-0.12	2.4700375358038866	1.2323730850920989	0.2016	2.4780566185967188	0.9728599276573311	0.1613	2.421834481940661	0.7470575037833421	0.12
249	4.15	2.590537138486247	0.8268494606972565	0.0	2.622455815231546	0.7939893717683753	-0.105	2.5185288522828695	0.45143354139355263	-0.0886	2.590549174982387	0.06326407290818044	-0.0972	2.454158534324123	-0.00748430273095152	-0.0766	2.463050002919721	-0.0035920242480777798	-0.12	2.6405932142612096	-0.011497488906843267	-0.0883	2.5569534535127283	0.7952004211049548	0.105	2.3865477744716213	0.4845401619711055	0.0886	2.5988875326920913	0.1884387331586815	0.0972	2.5420298528738936	0.011480960919084432	0.0766	2.530801493959866	0.032386365553678464	0.12	2.653840668455855	0.14454786740524583	0.0883	2.488033506787067	1.3422308059454953	0.0	2.4475787188772644	1.5538833155507958	0.0	2.4116767390683975	1.425844030241058	0.0	2.5574968107521565	1.2786802715285768	-0.2016	2.5472803277727945	1.0141287581695517	-0.1613	2.3778264071901365	0.821620475491621	-0.12	2.45990139639757	1.2364237357019825	0.2016	2.4684771343532432	0.9759356575696975	0.1613	2.414350963196803	0.7488099311071225	0.12
250	4.166666666666667	2.579494122106625	0.8335128563734768	0.0	2.618073354343858	0.8068026982636715	-0.105	2.5172832003213563	0.4533194396015394	-0.0886	2.5845503045411324	0.07377620547716504	-0.0972	2.452756774361968	-0.003753821856690244	-0.0766	2.4642228866257376	-0.003907849169810747	-0.12	2.6330941275035817	-0.007087670069173997	-0.0883	2.5522195979602027	0.8083944913081889	0.105	2.3814317141741763	0.48696520657041137	0.0886	2.5589479693438553	0.1672573678048736	0.0972	2.4967053161207704	0.012813545571576102	0.0766	2.5014306826848953	0.013846715633566438	0.12	2.619643399013753	0.09409053352386512	0.0883	2.4795340097721783	1.346523159967667	0.0	2.441810111264319	1.563886815078725	0.0	2.4083645866621786	1.434841010251194	0.0	2.550904201559311	1.2794344993229818	-0.2016	2.5413417435586654	1.015961514169662	-0.1613	2.3652746916053804	0.8276871793996646	-0.12	2.449364422622773	1.2394232571795725	0.2016	2.4598875463834817	0.9780805136871028	0.1613	2.4081677423383296	0.7503016123055175	0.12
251	4.183333333333334	2.570223947144898	0.8366789676270348	0.0	2.6092686552977806	0.8119242879776075	-0.105	2.51356676790409	0.4562763476594217	-0.0886	2.584520595027067	0.07206175644057165	-0.0972	2.4443118445795005	-0.003346887481723633	-0.0766	2.4645335387770353	-0.0033684584483829674	-0.12	2.627628964695478	-0.0026912363894415203	-0.0883	2.5365326416304486	0.8142786556717869	0.105	2.364737299304079	0.48900904767040826	0.0886	2.524352201614933	0.1464493072791464	0.0972	2.4218858369369114	0.014305614301721059	0.0766	2.4596585905751605	0.013940494005451956	0.12	2.578139977484223	0.08419839576364653	0.0883	2.4723082602803736	1.3546937576111135	0.0	2.437418871353566	1.5701185071747632	0.0	2.4016156956736925	1.4426238125481121	0.0	2.543840300791413	1.2857682890863413	-0.2016	2.52568476872926	1.015604726212595	-0.1613	2.346806243170632	0.8318707995013364	-0.12	2.4419168782409875	1.244939649388731	0.2016	2.450688301744173	0.9782627203929084	0.1613	2.3994407501508848	0.7525301954022183	0.12
252	4.2	2.5648457730936154	0.8377157568267081	0.0	2.60221605359191	0.8177940077456611	-0.105	2.511380114248714	0.45908792411193594	-0.0886	2.5840943035665105	0.07619199883373454	-0.0972	2.4486725362473756	-0.0044747793723152254	-0.0766	2.464630837960279	-0.005679912028770322	-0.12	2.6281803639260994	0.0014164735555647345	-0.0883	2.528103848259116	0.8183556897597903	0.105	2.3517897087805877	0.4963960702455129	0.0886	2.4821028540730157	0.1354164706648823	0.0972	2.3648955244022725	0.01630617407303911	0.0766	2.398555928185718	0.01643242112375412	0.12	2.5331231725653858	0.0679982380918028	0.0883	2.464584830371499	1.3617733730184094	0.0	2.433889182699961	1.5789654896077472	0.0	2.392888178127336	1.447755063601526	0.0	2.53603934921523	1.2966974596094274	-0.2016	2.5187277799005603	1.020704471750496	-0.1613	2.3404430467690123	0.8379974144198709	-0.12	2.4337480429299996	1.2508088861102424	0.2016	2.444396482774939	0.9849521708666343	0.1613	2.3952732033540487	0.7592879362489071	0.12
253	4.216666666666667	2.556018645902509	0.838391383670682	0.0	2.5959089681641427	0.8218396723521227	-0.105	2.5105071144073325	0.4615220209209031	-0.0886	2.5877481277376377	0.07981035269561859	-0.0972	2.456467388394164	-0.005654604751300321	-0.0766	2.4650012712640725	-0.006912537498095846	-0.12	2.62871483079449	0.006564682438410484	-0.0883	2.516415826588303	0.8205251561880488	0.105	2.346241183089214	0.5014345048159597	0.0886	2.442157863852256	0.12493002702889844	0.0972	2.31391251196973	0.018894437906614034	0.0766	2.3342647124027875	0.014771144913513827	0.12	2.487427668191391	0.04832777821046965	0.0883	2.4577834759021853	1.3661763853020088	0.0	2.427880117627843	1.5852944196176555	0.0	2.3925323432049552	1.4540720242746836	0.0	2.5261152762382832	1.2994232004932162	-0.2016	2.50561369826112	1.0245342962815145	-0.1613	2.322588592290616	0.8447528735605406	-0.12	2.4244593868403284	1.2565784790228052	0.2016	2.433149381265342	0.9928766296530743	0.1613	2.3860535787348955	0.7624861500660992	0.12
254	4.233333333333333	2.5383853391815268	0.8403738449077818	0.0	2.580734590582419	0.8243791829475411	-0.105	2.5073164044902616	0.4629929749107124	-0.0886	2.585589204655534	0.08324969542088424	-0.0972	2.457580492961512	-0.008674828904966896	-0.0766	2.4661834361488695	-0.006966689935843547	-0.12	2.628277137156717	0.006284268309030505	-0.0883	2.4963994332669697	0.8214237201251445	0.105	2.3372156920772724	0.506375506760019	0.0886	2.388761633302491	0.11033211146934044	0.0972	2.262614122799049	0.022114336222568476	0.0766	2.2649587660020813	0.01402847145004505	0.12	2.415622809352088	0.021744051389022523	0.0883	2.4497913079924243	1.3675457136278055	0.0	2.4221439222539662	1.588095803478419	0.0	2.3824145809958566	1.4584078890299539	0.0	2.5215558220513676	1.301804778231797	-0.2016	2.49506616256878	1.02651314273504	-0.1613	2.3178538568811624	0.8604880395346528	-0.12	2.4142817378902994	1.2584360216027	0.2016	2.420689521919443	0.9978418540384597	0.1613	2.3738540523646146	0.7646462467441089	0.12
255	4.25	2.5303425512289257	0.842771046551898	0.0	2.5731655601114736	0.8244963101212012	-0.105	2.5014732098836916	0.4639134498925293	-0.0886	2.584529591154522	0.08475235797669678	-0.0972	2.451351546103716	-0.01591933892998605	-0.0766	2.465254397076955	-0.0082946298421437	-0.12	2.6297956548807573	0.006010385698650013	-0.0883	2.488457351729383	0.821373661666152	0.105	2.335044008666667	0.49753886158385485	0.0886	2.350898590756049	0.10047559553769723	0.0972	2.21875052368064	0.025378881393175068	0.0766	2.2172242283166117	0.014766512200806874	0.12	2.373965213919408	0.010561035621511637	0.0883	2.4426380821323104	1.3684817744623818	0.0	2.415878470627429	1.5892536578039942	0.0	2.377623072154474	1.4593420297846762	0.0	2.5151921928634273	1.3032153981317205	-0.2016	2.4788888434827134	1.0262749472336228	-0.1613	2.306347006030975	0.865393988148795	-0.12	2.406739195930806	1.259425966496972	0.2016	2.415245386350481	1.0003730161121416	0.1613	2.368495913456039	0.7652231064302012	0.12
256	4.266666666666667	2.516604882090574	0.8421409779275804	0.0	2.5639174051631093	0.8234309950269111	-0.105	2.4975772841029538	0.4656620244907983	-0.0886	2.583593647179079	0.08618299998726682	-0.0972	2.4510235861711416	-0.01992199963160004	-0.0766	2.4641054745137794	-0.009193509021897715	-0.12	2.6311727882416265	0.006132543029836353	-0.0883	2.476675415601421	0.819794839659051	0.105	2.3327215278178675	0.48872395228541077	0.0886	2.3134149967676776	0.09545090863936243	0.0972	2.1946369041291107	0.027663646944861092	0.0766	2.1851528518158867	0.016505607508876766	0.12	2.3279683436722873	0.005909013686352299	0.0883	2.4338525281846155	1.3682314422661288	0.0	2.411211186456658	1.5900698010826442	0.0	2.374489594245527	1.4601214484090717	0.0	2.508316117590079	1.3026443961226268	-0.2016	2.469407482234315	1.027769200571945	-0.1613	2.297569406098258	0.8724008189622354	-0.12	2.395665540427271	1.259116753348446	0.2016	2.4041387161038497	0.999978970991692	0.1613	2.359580326938568	0.7642446994670818	0.12
257	4.283333333333333	2.505318469210596	0.8402602479890474	0.0	2.5528361217604454	0.8222098242489857	-0.105	2.494512909880208	0.46437859229012274	-0.0886	2.582722762428884	0.08598878594246466	-0.0972	2.4563221711253567	-0.023672118531359927	-0.0766	2.4668007233051945	-0.011018321602072695	-0.12	2.6304444691347184	0.0067414637781879685	-0.0883	2.461253177856189	0.8183557454897604	0.105	2.323590439367232	0.4824526734796972	0.0886	2.279015523285371	0.09169462766830722	0.0972	2.172526855018616	0.027285742001007342	0.0766	2.1598405003824364	0.017305597511173845	0.12	2.2884187453333955	0.005498796675060792	0.0883	2.4261694270245173	1.3669518448690339	0.0	2.4043830433019013	1.5905616776104814	0.0	2.365108204593063	1.4599552244334002	0.0	2.500270527648549	1.302446684337263	-0.2016	2.462599029784784	1.0295935590413852	-0.1613	2.291447343978933	0.875914001822255	-0.12	2.385869870911492	1.2588013003779013	0.2016	2.391842248826833	0.9991987873373407	0.1613	2.3478875396238825	0.7629300002421209	0.12
258	4.3	2.4926140224124906	0.8373927085051444	0.0	2.542354346558617	0.8209336713436617	-0.105	2.489352699309101	0.46189877645031524	-0.0886	2.5809047855139013	0.08507478900174645	-0.0972	2.4531202814794617	-0.025143016091924923	-0.0766	2.4672905586067215	-0.014107371650114775	-0.12	2.6289111630902866	0.0059288608169539014	-0.0883	2.4457285236492146	0.8168409937108189	0.105	2.313234121099446	0.4778959225662452	0.0886	2.2575375071340784	0.088674668985143	0.0972	2.164877397141832	0.022880415412581033	0.0766	2.1453832063406866	0.01460250929695614	0.12	2.2686306336515143	0.005266416917996106	0.0883	2.4184080782480613	1.3663010652801677	0.0	2.397371923135544	1.5903353050551587	0.0	2.3623308799669966	1.4591053107291854	0.0	2.4929166541766943	1.3018398284186652	-0.2016	2.4538699012810037	1.0296992048221283	-0.1613	2.279334219323347	0.8779067977974241	-0.12	2.375542077915362	1.2580933141142667	0.2016	2.3789831256586687	0.9975822832116581	0.1613	2.337153119881023	0.7593947703898989	0.12
259	4.316666666666666	2.4823617509084577	0.8330804131049624	0.0	2.531828945573221	0.8182211492838046	-0.105	2.479155250841384	0.459405267426874	-0.0886	2.579489949588168	0.08580615909702533	-0.0972	2.4541104063336214	-0.026951551482476528	-0.0766	2.4674160505756224	-0.018829152622342304	-0.12	2.629411872197658	0.007359392737465054	-0.0883	2.43255780712102	0.8140425560251543	0.105	2.304491875059567	0.47442268614978617	0.0886	2.2507102668542287	0.08727223143338211	0.0972	2.154487334872144	0.01380811328002763	0.0766	2.1418555576657434	0.0066683422171731135	0.12	2.266288054842502	0.005244406911866749	0.0883	2.4112492838435244	1.3653950155098706	0.0	2.393889743469509	1.5883827210941155	0.0	2.3633083434266324	1.4560635183065114	0.0	2.488096708195877	1.3002687611418335	-0.2016	2.4502665867002973	1.028874482856337	-0.1613	2.2714584193465877	0.8787906453375552	-0.12	2.365965239220918	1.2572486698632386	0.2016	2.3685889060986822	0.9951272502539681	0.1613	2.326874054968584	0.7567453312303069	0.12
260	4.333333333333333	2.473046998575345	0.8305524583532189	0.0	2.518255504851819	0.8154627313064363	-0.105	2.4604726756347186	0.4572981504646778	-0.0886	2.58025887732072	0.08559731100908921	-0.0972	2.455972508145346	-0.02827120042310191	-0.0766	2.470756911244013	-0.020335285260955974	-0.12	2.628715130508493	0.008507171261979356	-0.0883	2.4178302589375154	0.8116586128144119	0.105	2.2905613508209712	0.4643478090581715	0.0886	2.2504104935745133	0.08375246899518263	0.0972	2.1474512999049304	0.006647619422234068	0.0766	2.141138372987235	-6.119572491753572e-05	0.12	2.2668938440873045	0.00465928538636818	0.0883	2.4063120869402788	1.3640392303789606	0.0	2.388516009953947	1.5841312181213556	0.0	2.3596100992873743	1.4544518028583555	0.0	2.4845550111829007	1.298572479650889	-0.2016	2.4496485226868567	1.0266894137583629	-0.1613	2.2602765263299256	0.8777211989313048	-0.12	2.360948625925758	1.2567247018242933	0.2016	2.3590354017242645	0.9937595746690746	0.1613	2.317240755220393	0.7556038160024684	0.12
261	4.35	2.4642010549109967	0.8292856550121952	0.0	2.5112879060032656	0.8136545375532653	-0.105	2.44815413060818	0.45516796641567214	-0.0886	2.5779685645266524	0.08654781361538072	-0.0972	2.4527281930846994	-0.03006197201939374	-0.0766	2.467902033057689	-0.02231047276549685	-0.12	2.6262669243466434	0.011752268630330825	-0.0883	2.402157312205981	0.8099402769198057	0.105	2.2815099323577193	0.4546156436288948	0.0886	2.250786214911608	0.0794151861984306	0.0972	2.1413704535901044	0.005578024788755485	0.0766	2.14221545915159	-0.003621466440692514	0.12	2.269823885689297	0.0030356931816058197	0.0883	2.398602656063978	1.3636261654344122	0.0	2.3867414094782755	1.5766529887696363	0.0	2.3526636569200043	1.4531513515702108	0.0	2.4827143594410503	1.2979746952343807	-0.2016	2.4496701650064003	1.0248190809759574	-0.1613	2.2527430988698947	0.8783157608714144	-0.12	2.3531289861953453	1.256442583777992	0.2016	2.3484170961579545	0.9917448551617647	0.1613	2.306438017441077	0.7540590879590755	0.12
262	4.366666666666666	2.451749388744671	0.8269334946165467	0.0	2.501295226014813	0.8128761506564932	-0.105	2.4347551927544866	0.45177058169186907	-0.0886	2.5736042834716417	0.0879044802657064	-0.0972	2.452547935803981	-0.03229010614678454	-0.0766	2.4675587362451004	-0.02415061013514236	-0.12	2.623809535490476	0.014872104527656957	-0.0883	2.3915639619565834	0.8090072236625048	0.105	2.2718083714599553	0.4497584360129961	0.0886	2.251383780116705	0.07904904329459933	0.0972	2.141005958449106	0.005341211251356642	0.0766	2.1436255742627845	-0.004329874771857957	0.12	2.2705997721139504	0.002478928927658254	0.0883	2.3915867569797093	1.3633795424758173	0.0	2.382635393076764	1.5709706266493562	0.0	2.3477459065493846	1.4514801807740616	0.0	2.476514503400499	1.295450174581503	-0.2016	2.4419092893517402	1.0228746604373313	-0.1613	2.249285930377491	0.8774799677045019	-0.12	2.3443515848187113	1.2560957199562053	0.2016	2.3386282225095933	0.9906714390140768	0.1613	2.2948298713133743	0.7524092422444706	0.12
263	4.383333333333333	2.4383719427704196	0.8242820960427567	0.0	2.4903316682837895	0.8150510829208261	-0.105	2.4149591853520604	0.45330656051048357	-0.0886	2.5692212127624208	0.08985198010582651	-0.0972	2.453270752342859	-0.03484990592668435	-0.0766	2.4668619727597534	-0.027229235521678725	-0.12	2.6203552459271124	0.0272227427339386	-0.0883	2.376957989722746	0.8102701457740118	0.105	2.2608830741007986	0.44859133899212605	0.0886	2.2519263121564594	0.07909077322119587	0.0972	2.1409681046170768	0.006630094810663699	0.0766	2.1440042230509344	-0.004330280595964665	0.12	2.2725960554067037	0.002185074920807571	0.0883	2.384957888979413	1.3631891632090933	0.0	2.3767638259257757	1.5687500364120046	0.0	2.3319726864025707	1.4508018489825811	0.0	2.4715913710923254	1.294633411213887	-0.2016	2.4378626617982126	1.0225989318489437	-0.1613	2.2433647824297074	0.8778738576667962	-0.12	2.338010429894097	1.256206534604161	0.2016	2.325147639832427	0.9903136829400717	0.1613	2.285589403299614	0.7506006582753373	0.12
264	4.4	2.4341095745363606	0.8251529048339196	0.0	2.4864558114691464	0.8395645614662356	-0.105	2.394435315133974	0.45358054531831926	-0.0886	2.5619953017812427	0.10003230642973127	-0.0972	2.451786232179246	-0.035256810130122315	-0.0766	2.468108163990378	-0.027911712138831268	-0.12	2.6174422715841503	0.04523408004232807	-0.0883	2.37771438481775	0.8291079680390541	0.105	2.253153077554218	0.4490780608634577	0.0886	2.2520737144095593	0.07966072363873616	0.0972	2.141020715795417	0.007485902848673724	0.0766	2.1434646811241485	-0.004279448180138791	0.12	2.273050534259729	0.0020410360069397435	0.0883	2.3778515336319077	1.3630036782422479	0.0	2.37165089773284	1.567886905886614	0.0	2.3186475349569835	1.4507175692031944	0.0	2.464884634368163	1.2951667402719766	-0.2016	2.4361709355478127	1.0217183111654575	-0.1613	2.2391730698572747	0.8792768067546888	-0.12	2.332740482576767	1.2562162477250673	0.2016	2.314779782551651	0.9904175815187793	0.1613	2.2755995162470968	0.7463798323194076	0.12
265	4.416666666666667	2.420904424211458	0.8251528558031901	0.0	2.4732563658894224	0.8377711373843594	-0.105	2.380942921884661	0.45335997786027715	-0.0886	2.553223538306202	0.11356038201009791	-0.0972	2.4490191457041885	-0.03491821942740911	-0.0766	2.4643631306830125	-0.02750750462127549	-0.12	2.609745949896191	0.05797664644697681	-0.0883	2.3648344187015695	0.8270704076326162	0.105	2.244321121420524	0.44908818951207585	0.0886	2.251838720570504	0.08033125409562712	0.0972	2.141079874861924	0.007835593070487992	0.0766	2.142865498572542	-0.00421375117145583	0.12	2.2749391493042017	0.0014107852628058026	0.0883	2.371568987279488	1.3624890756039905	0.0	2.3653773828008715	1.5675891829536632	0.0	2.319643349938994	1.4516803771586484	0.0	2.4604775953018323	1.2934544967560173	-0.2016	2.437455708126785	1.021180710739907	-0.1613	2.241009159233754	0.8788293181178606	-0.12	2.3216062829981237	1.2560793432733555	0.2016	2.3010704265512665	0.9908056660046802	0.1613	2.261573786408004	0.7433745899287042	0.12
266	4.433333333333334	2.4069040423571533	0.8254670662318001	0.0	2.4596949487153363	0.8370932580512193	-0.105	2.359408370173712	0.45432330442366	-0.0886	2.5356286934407155	0.13426608311072363	-0.0972	2.445867328358819	-0.03283879757993782	-0.0766	2.459197257790241	-0.025502908063144397	-0.12	2.592430227932309	0.07546161603023	-0.0883	2.3509338853302397	0.8246588755864596	0.105	2.2365104038809966	0.4493138289992167	0.0886	2.251966968541523	0.08084744550385867	0.0972	2.1408541643972208	0.008173017825960631	0.0766	2.141916782215377	-0.004273967165532133	0.12	2.2769476982473447	0.0010575036939419608	0.0883	2.3650246224969473	1.3622360134288878	0.0	2.3576176201724945	1.567954456911213	0.0	2.3240050323710224	1.4547506434081758	0.0	2.4544995582736786	1.29205387349989	-0.2016	2.4383155943627317	1.0215303638160396	-0.1613	2.2445593664532955	0.8783829605211538	-0.12	2.3064479324828375	1.2562745991230113	0.2016	2.287188835533955	0.9908098727889632	0.1613	2.245111413714253	0.7425040737833476	0.12
267	4.45	2.395641835705804	0.8272201182788874	0.0	2.4524010157263025	0.8427060711837101	-0.105	2.3432106284690515	0.45574171675428254	-0.0886	2.5234760063315282	0.1549493523131503	-0.0972	2.444362460535802	-0.02842160563177087	-0.0766	2.459259235050455	-0.022149589727018512	-0.12	2.582184764937492	0.09964005990760573	-0.0883	2.339899301110296	0.8260378431826632	0.105	2.2326202548844036	0.4490180123790799	0.0886	2.252494562640991	0.08133375296222065	0.0972	2.1402672228073656	0.008378215636392738	0.0766	2.143012422001183	-0.004338667176630659	0.12	2.278809486005001	0.001035945819491263	0.0883	2.357347997668129	1.3623611199608634	0.0	2.353628389238132	1.568004754132662	0.0	2.317875254424813	1.4557303176439242	0.0	2.449135556164522	1.2914526837620686	-0.2016	2.440295876066558	1.0228372483203492	-0.1613	2.2411551955311615	0.8785838089353448	-0.12	2.299734332665049	1.2563020382407117	0.2016	2.2761861241058425	0.9918123394445381	0.1613	2.231599737702416	0.7440270948936865	0.12
268	4.466666666666667	2.3855803276171543	0.8299571435974751	0.0	2.440453329071399	0.8460755962918183	-0.105	2.3337041151694122	0.4572881131413717	-0.0886	2.5103204435754454	0.1653218038952596	-0.0972	2.438649223867589	-0.0254378250644765	-0.0766	2.4579431495245854	-0.019666144787040526	-0.12	2.564663147882213	0.10619355236896547	-0.0883	2.3303389574371294	0.829417842901974	0.105	2.2275699798279365	0.44901586074161237	0.0886	2.2520472323012974	0.08204166188059267	0.0972	2.1395561988550775	0.008578360334771329	0.0766	2.143237980515877	-0.004216730038489311	0.12	2.280111477726814	0.0010822310815373978	0.0883	2.3520663699043554	1.363041224844237	0.0	2.3491933121644712	1.5679973890732692	0.0	2.3103918978341595	1.4563937582189732	0.0	2.4455786015710097	1.2909597345026524	-0.2016	2.4425299496983013	1.0245348168217447	-0.1613	2.2393188032418316	0.8793350343573344	-0.12	2.2925242782700064	1.2569868290219441	0.2016	2.2661915803569044	0.992413752762566	0.1613	2.2211975942334767	0.7444658791617276	0.12
269	4.483333333333333	2.3763958285124884	0.8356877179704999	0.0	2.431546901490817	0.8478057521454277	-0.105	2.3182130898362474	0.4609386589200486	-0.0886	2.4937308779579075	0.17434496169889688	-0.0972	2.434313104963664	-0.023049120442783642	-0.0766	2.4566721224316175	-0.01767869962570926	-0.12	2.5477377968301367	0.11816213105727888	-0.0883	2.3234412597691616	0.836352168044138	0.105	2.221495892427581	0.449221046574609	0.0886	2.2522072057251963	0.08307894275273832	0.0972	2.1394165208147844	0.008784348968664521	0.0766	2.1427664773455772	-0.004127790325595411	0.12	2.2812355742730954	0.001231684417627582	0.0883	2.346039913444056	1.3642494375070873	0.0	2.3448435107943255	1.5681979112214626	0.0	2.303834473840431	1.4588572681104053	0.0	2.4400002293549328	1.2907709598101977	-0.2016	2.440943435473323	1.0247128416929114	-0.1613	2.2395834795192333	0.8659072198482868	-0.12	2.2836639421100555	1.2581594762670465	0.2016	2.2545833109332696	0.9923579247850397	0.1613	2.207219056825838	0.7434238067942778	0.12
270	4.5	2.366448333001289	0.8437301440810739	0.0	2.4253736345851364	0.8494515951787234	-0.105	2.3097946696529466	0.46912339121077434	-0.0886	2.478464780910214	0.18505715880498252	-0.0972	2.429226780361237	-0.0191702048982288	-0.0766	2.452504286772209	-0.01488022993996626	-0.12	2.5344468015670603	0.12762043523746702	-0.0883	2.313246355051372	0.8482076108811307	0.105	2.216899631116723	0.4494249383155965	0.0886	2.251121338043703	0.08351754005063522	0.0972	2.1400586165832403	0.008938988035735777	0.0766	2.1411228439625916	-0.004197173038227094	0.12	2.2805440421556904	0.0012358679999682695	0.0883	2.34076589752245	1.365542458860808	0.0	2.3382249552019867	1.5686992759566725	0.0	2.302643228277646	1.4610916875841427	0.0	2.4358142107062455	1.290458745541121	-0.2016	2.443227451159612	1.0248921645820992	-0.1613	2.2668054637123096	0.8361895315320643	-0.12	2.273902265579727	1.2593074395575155	0.2016	2.2417258306627286	0.9924026421278207	0.1613	2.193835170092296	0.7433559398181375	0.12
271	4.516666666666667	2.3579517533164776	0.8475492735535123	0.0	2.414960257828208	0.8488691635723303	-0.105	2.302356388600737	0.4770531449007724	-0.0886	2.469133086537967	0.19193276016055746	-0.0972	2.419569894265147	-0.013777926634668071	-0.0766	2.4434207406770176	-0.00982328784247602	-0.12	2.5209477769826827	0.1327565918542338	-0.0883	2.3008024404778804	0.8515276862427213	0.105	2.214340334011615	0.4497734823082731	0.0886	2.2489496113316605	0.08215579083799367	0.0972	2.1398598684747223	0.008954126793593531	0.0766	2.13967480351141	-0.004617245763675122	0.12	2.2790925776507454	0.0014455328113693808	0.0883	2.3354364230146394	1.366754796077879	0.0	2.3341265846536072	1.5692671880424867	0.0	2.3012551027931907	1.4631825355841561	0.0	2.4338213679696152	1.2896671330697884	-0.2016	2.4431390874641172	1.0252729896636388	-0.1613	2.290933663807365	0.8107712627595609	-0.12	2.2676422551922846	1.260064955730701	0.2016	2.230721943203393	0.9924385731918535	0.1613	2.1805382810692566	0.745423233401481	0.12
272	4.533333333333333	2.3476613990400814	0.8481901030141814	0.0	2.4047149758753394	0.8478438096233242	-0.105	2.2972360712202056	0.47978752097454636	-0.0886	2.451592190855894	0.19674405405127804	-0.0972	2.408338532684557	-0.01074193031533012	-0.0766	2.436685808450238	-0.0052163215970878266	-0.12	2.505109856370103	0.13906174575308652	-0.0883	2.2923706356446734	0.8528970156634686	0.105	2.2127154691457114	0.44973484346003867	0.0886	2.2475173681196527	0.07797299963513787	0.0972	2.1389857603849682	0.008841119054427853	0.0766	2.1393348223036224	-0.005071642590480242	0.12	2.2787522913393827	0.0012370104655275577	0.0883	2.3299854061346643	1.3682654877320095	0.0	2.3270434682598506	1.5701099482611387	0.0	2.29762196461112	1.4650780281488065	0.0	2.4291191409828516	1.2881652322821426	-0.2016	2.440559732711455	1.0249770703956174	-0.1613	2.306709405187967	0.8090520393465961	-0.12	2.258061878598998	1.260644176431847	0.2016	2.2180341219014332	0.99272709573323	0.1613	2.1673902484715573	0.7480383448472531	0.12
273	4.55	2.339500823952874	0.8480831694356523	0.0	2.398172042621727	0.8465294656741289	-0.105	2.293736447862666	0.4826780330683443	-0.0886	2.439786710671776	0.19689226607013371	-0.0972	2.392750603062084	-0.007538666721789815	-0.0766	2.4264626487795553	-0.0009797482412388786	-0.12	2.4909320746728523	0.13730902840832615	-0.0883	2.283957222663823	0.853346831241573	0.105	2.212463589571088	0.44933143971698103	0.0886	2.247150306956186	0.07514829947471607	0.0972	2.1379884893592007	0.008431631918062232	0.0766	2.138914871998841	-0.005794160918940437	0.12	2.2797825115565593	0.0008873792562428401	0.0883	2.3242933774207732	1.3694082038333126	0.0	2.321397811609984	1.5708009796435805	0.0	2.2959854756111073	1.466568891514352	0.0	2.4247424475720907	1.2867985040756025	-0.2016	2.439802481460882	1.0248726255108664	-0.1613	2.312701353954906	0.8154910485408535	-0.12	2.2518296772083017	1.2613114864645336	0.2016	2.208989553786114	0.9932826078907755	0.1613	2.1558208659740123	0.7532173414052927	0.12
274	4.566666666666666	2.3333834936589852	0.8468829904683631	0.0	2.3902902938236648	0.8461034407954448	-0.105	2.289167522206617	0.48625174931465476	-0.0886	2.425540009937361	0.19478920966382696	-0.0972	2.3802988834797194	-0.002958148338142244	-0.0766	2.414772426315165	0.0014989786898683272	-0.12	2.472041969756897	0.13461475815885232	-0.0883	2.27488441271927	0.850328459088027	0.105	2.212546399254559	0.44876671763087717	0.0886	2.2470461821419625	0.07309193571316361	0.0972	2.139455042103644	0.0077496678230340385	0.0766	2.13882313986878	-0.006680650944523893	0.12	2.2803709731936355	0.0010144450484530637	0.0883	2.3184210351996284	1.3700728184513742	0.0	2.3170387480324472	1.5718161549666079	0.0	2.2968836168474467	1.4684970028348423	0.0	2.4190433414669776	1.2840000609446833	-0.2016	2.4241410747394165	1.0231741543177981	-0.1613	2.2810711965708053	0.8122903494025694	-0.12	2.2446134649196168	1.2617768221908001	0.2016	2.197334423092203	0.9936582606875503	0.1613	2.140792319492874	0.7631348718094456	0.12
275	4.583333333333333	2.3292125485443367	0.8461069785134467	0.0	2.38565958261197	0.8459908432918952	-0.105	2.282967555419633	0.49073580546229845	-0.0886	2.4087633733156206	0.19205642303651055	-0.0972	2.365861582449358	-0.0016408693495692933	-0.0766	2.4006481966683157	0.0028094386736198657	-0.12	2.4566342850457388	0.12955996594447566	-0.0883	2.2665759831122294	0.8487727402458382	0.105	2.2115738926979	0.4484650910455299	0.0886	2.2473087344903844	0.0721065093756722	0.0972	2.139438456512841	0.007269790336798379	0.0766	2.1413064116351888	-0.00707522766638978	0.12	2.279987602688526	0.000846234621970289	0.0883	2.314222050649495	1.3705135604735406	0.0	2.311688280982032	1.57417219398969	0.0	2.298112981688003	1.4694539429493443	0.0	2.41513089947462	1.281278015697036	-0.2016	2.4140487894259963	1.0188794031624946	-0.1613	2.2758750819837763	0.8152467781478807	-0.12	2.232761262398499	1.2624078438060418	0.2016	2.1863782886487324	0.9943457263105125	0.1613	2.120453976393197	0.7671508829418142	0.12
276	4.6	2.323107222005676	0.8466104222808749	0.0	2.3798098427649284	0.8467922479670996	-0.105	2.2819327177770736	0.49269631173081296	-0.0886	2.3984982055603132	0.18632004885507467	-0.0972	2.3513859273599222	-0.0028600168973423948	-0.0766	2.392652226789683	0.0034787027147674954	-0.12	2.4414891472275584	0.12013592865049877	-0.0883	2.260321703760706	0.8512789634219141	0.105	2.2124716761380783	0.4482485221745622	0.0886	2.246748497428303	0.07027063110424894	0.0972	2.1391328156876885	0.007237642949940469	0.0766	2.144913064976665	-0.006994379961668122	0.12	2.279552376686656	0.0011681246381336843	0.0883	2.3086688961139954	1.371105254322003	0.0	2.307675686599715	1.5776593915554407	0.0	2.29842791909828	1.4701037174508265	0.0	2.4133371961373062	1.2810888602274515	-0.2016	2.412019433562128	1.0156938685399097	-0.1613	2.2680616103938043	0.8157751849418166	-0.12	2.2275014242333873	1.263030379094454	0.2016	2.1753760068781367	0.9951775040216462	0.1613	2.1067051589455477	0.7662459540335669	0.12
277	4.616666666666666	2.315821722767264	0.8478165707025552	0.0	2.3746624259232134	0.8476836994612095	-0.105	2.2815040925441745	0.49406708506047714	-0.0886	2.382426208384718	0.1797914424807002	-0.0972	2.337050934307305	-0.0005450487690606964	-0.0766	2.3765283716109935	0.004575870297888585	-0.12	2.4206179120592948	0.11298089403009934	-0.0883	2.2532552677147057	0.8530818107875097	0.105	2.2127242959270923	0.44730291065156336	0.0886	2.246358337555121	0.07134923675104429	0.0972	2.139373655850668	0.007446500251934295	0.0766	2.150707381215517	-0.006743855186460229	0.12	2.2792265364642232	0.0011848879520765451	0.0883	2.303921601281919	1.3717663678156293	0.0	2.3023318790193676	1.5803963626626563	0.0	2.2993686337607797	1.4712044767268022	0.0	2.413763335346687	1.2775647190016282	-0.2016	2.411115412339656	1.0144493025041816	-0.1613	2.2669189575600157	0.8240430258813521	-0.12	2.215491470885267	1.2637232555349212	0.2016	2.1646804424066306	0.996421224034924	0.1613	2.0976414257703597	0.7681248055091378	0.12
278	4.633333333333333	2.311571927417878	0.8503658518055042	0.0	2.370963215961363	0.8478073230173908	-0.105	2.2806829794006584	0.49690834318465593	-0.0886	2.364928091722554	0.17338164560818503	-0.0972	2.315218307431717	0.008938619240775984	-0.0766	2.347531054777369	0.006223071346123862	-0.12	2.4071019947963994	0.10602392139425287	-0.0883	2.2505641125302205	0.855986861939421	0.105	2.2132563723389613	0.4478516891081612	0.0886	2.2472020640567356	0.07333521777872357	0.0972	2.141565152724155	0.00793671666954713	0.0766	2.156037483346053	-0.005305540017599426	0.12	2.278821568051656	0.0009099173849322767	0.0883	2.3017844524661024	1.3727339106493945	0.0	2.296823619632703	1.5828223748160242	0.0	2.29786643442735	1.4726813224966269	0.0	2.414021240875068	1.2728405385766535	-0.2016	2.4142071547369044	1.0158538876533703	-0.1613	2.2684464817651055	0.8306318101871697	-0.12	2.2069639138668267	1.2647871060285532	0.2016	2.1555884790824664	0.9996392838364492	0.1613	2.0861737466391843	0.774401128848801	0.12
279	4.65	2.3072268723135227	0.8528680324107574	0.0	2.368367142750684	0.8484428699201083	-0.105	2.2802662877190656	0.49518150143130274	-0.0886	2.3497231150503914	0.164469664560215	-0.0972	2.297007209283298	0.027706039296850053	-0.0766	2.3352136927796026	0.006997739428890044	-0.12	2.3868483779612513	0.0918850223253951	-0.0883	2.242767485050487	0.8588784030620552	0.105	2.212391341564984	0.4488086722076902	0.0886	2.2481408714561955	0.07479248362964605	0.0972	2.1408941607983683	0.00859965398592244	0.0766	2.1575617054709744	-0.003575686003700354	0.12	2.279043420633268	0.001542037519838925	0.0883	2.2985650887307645	1.3739116195955514	0.0	2.293914698481494	1.5848514576706687	0.0	2.2931147737947377	1.4734381389200757	0.0	2.414314427828862	1.2739282908800418	-0.2016	2.414767811597586	1.0160330574766776	-0.1613	2.2707469026556675	0.8485791114093872	-0.12	2.2029705702364866	1.2661207480994339	0.2016	2.146730008492858	1.004513190420319	0.1613	2.07411276701459	0.780872833132982	0.12
280	4.666666666666667	2.299388909306875	0.8548469347185309	0.0	2.361385076573597	0.8505639065216604	-0.105	2.2808583769185873	0.49884481551114107	-0.0886	2.32972181166964	0.1460358567738655	-0.0972	2.267136861467268	0.03841907491266545	-0.0766	2.304607037367037	0.008420330853129522	-0.12	2.356960033583961	0.0769606696560552	-0.0883	2.2366335295712214	0.862697335713935	0.105	2.210837630783538	0.44990434239046956	0.0886	2.2487015469128275	0.0749407313247888	0.0972	2.141179692336353	0.009481140049137513	0.0766	2.1592512505934742	-0.0022579158842925134	0.12	2.2778748463738827	0.0013280078408355947	0.0883	2.295168824466824	1.374784579214558	0.0	2.287704722005904	1.589514880512119	0.0	2.2936781795086967	1.4759142567128298	0.0	2.416942220171763	1.2655634367589168	-0.2016	2.417313542186041	1.0146965938170411	-0.1613	2.2761105558174157	0.9096124552346162	-0.12	2.187533525744452	1.2668987167536179	0.2016	2.138175960856528	1.0094313858788393	0.1613	2.0602458452641947	0.7930506602134144	0.12
281	4.683333333333334	2.293308951938478	0.8579032248851379	0.0	2.357777285701343	0.8510445804805273	-0.105	2.278279472498315	0.4956212960316497	-0.0886	2.3097757378909933	0.13049673526146055	-0.0972	2.236794884004844	0.04398820529214527	-0.0766	2.258238104783446	0.009966524377094416	-0.12	2.3362861538041955	0.061927696792514454	-0.0883	2.2299735318350415	0.8686681409487759	0.105	2.2114749568838494	0.4496539731673872	0.0886	2.2501215629555635	0.07532201639886409	0.0972	2.140688760759126	0.011219368444762387	0.0766	2.1594001896515262	-0.0015057721029839155	0.12	2.2783447177209175	0.0013122432140577345	0.0883	2.2914046026413954	1.3766859409520082	0.0	2.2851867830512895	1.5899296562721195	0.0	2.2912620285002014	1.4772200843063301	0.0	2.417629030324634	1.2648937330259984	-0.2016	2.4180386609764657	1.0108065635333685	-0.1613	2.279201800827309	0.9638932602105205	-0.12	2.182238492951751	1.2685111471645996	0.2016	2.1273124611950576	1.0107019924769203	0.1613	2.0442630163525775	0.7991680659856049	0.12
282	4.7	2.289453616146477	0.8601783003795357	0.0	2.3563296041599124	0.8574899188628284	-0.105	2.276963918052069	0.49144622257921744	-0.0886	2.2966151894610083	0.11536570083559225	-0.0972	2.217290552987938	0.04058458406797273	-0.0766	2.2510143685426596	0.010297121052090352	-0.12	2.3223383457856444	0.042453847355417934	-0.0883	2.221005055148326	0.8709890181656161	0.105	2.2120348600887865	0.45011343274901705	0.0886	2.251967112738679	0.07655668248445277	0.0972	2.142589840061571	0.012078509724820836	0.0766	2.1589845839014234	-0.0014047607269980986	0.12	2.2783022513615925	0.0013127146880695037	0.0883	2.2872129842911177	1.3780607509362204	0.0	2.2817879891540516	1.5891051436317751	0.0	2.2873617841671674	1.4781796896589798	0.0	2.4179243952660663	1.2637014945519724	-0.2016	2.41844523024724	1.005385839430398	-0.1613	2.2801265357831957	0.9830894118133056	-0.12	2.1759114964084083	1.2701802647548395	0.2016	2.1191395570038076	1.0119056323990971	0.1613	2.033345661576376	0.8079753052488532	0.12
283	4.716666666666667	2.2871787119637284	0.8611649345156718	0.0	2.3544432416817633	0.8549088128706966	-0.105	2.276804950378639	0.48619695642380467	-0.0886	2.282920708198998	0.10456760664675546	-0.0972	2.2140946089113553	0.03797983071261522	-0.0766	2.2419826062436847	0.010444831172915073	-0.12	2.298633433625045	0.030895124552651407	-0.0883	2.2142668572839823	0.8687209362596816	0.105	2.2118764925427747	0.45252327059523023	0.0886	2.2521633403010126	0.07661186296926817	0.0972	2.144204677078553	0.01181375558726449	0.0766	2.1586664917984386	-0.0021133430039703416	0.12	2.276168041377817	0.0013675942319792897	0.0883	2.2826628763496397	1.3782601306662299	0.0	2.279442799978842	1.5866732120747207	0.0	2.282793535401915	1.477847938532369	0.0	2.4163656983941286	1.262033815066913	-0.2016	2.4189775343532465	1.0011517624271575	-0.1613	2.2785406694867034	0.9411138727153694	-0.12	2.17258885320578	1.2719405582510148	0.2016	2.108375547882267	1.012074365280917	0.1613	2.0231371351375644	0.8160529021525028	0.12
284	4.733333333333333	2.2838289886505807	0.8589157919178984	0.0	2.3531785297907364	0.8522792331090595	-0.105	2.2748854086296455	0.4701060928532815	-0.0886	2.2643902327188683	0.08517213900545392	-0.0972	2.166028868542239	0.027009733628638392	-0.0766	2.160890084233312	0.011989831636663693	-0.12	2.2746865306665787	0.010928871180498942	-0.0883	2.2083743647127214	0.8629527002842516	0.105	2.2129022450947398	0.45257888853850603	0.0886	2.2530259989463213	0.07547471278260806	0.0972	2.145234597560875	0.009842346429327908	0.0766	2.158691435254956	-0.0032818752633273843	0.12	2.2757017390850987	0.0014223984512459625	0.0883	2.2777506354548662	1.3776852696589021	0.0	2.2762476671587617	1.5845778463201148	0.0	2.277720744675293	1.4770105743505155	0.0	2.414692893393564	1.2610761027894644	-0.2016	2.419818478476866	0.9984815617357098	-0.1613	2.277539486140312	0.927380778025231	-0.12	2.170577129870261	1.2726486893308306	0.2016	2.0977508426530984	1.011515478376135	0.1613	2.006937295699898	0.8191794201087155	0.12
285	4.75	2.2783878449424466	0.8578755160136772	0.0	2.3497504124711277	0.8486674827117533	-0.105	2.2751576217635407	0.46203230030919973	-0.0886	2.252422283480266	0.08261321764799803	-0.0972	2.153076143450371	0.023178984945770878	-0.0766	2.1472517684671604	0.01183169998112394	-0.12	2.262232008260812	0.00818053599698896	-0.0883	2.2018715892222227	0.8605858701438686	0.105	2.2121218991216303	0.45193168892599533	0.0886	2.2524209491028766	0.07391671318996915	0.0972	2.144929578212872	0.0061487184306621215	0.0766	2.158650861721036	-0.004163431677611386	0.12	2.2760549103269243	0.002176399800046795	0.0883	2.2743443067610034	1.3769945772646215	0.0	2.2717441569550894	1.5837285727364612	0.0	2.273713305942346	1.4763142551730664	0.0	2.4145348474712187	1.2569598995086335	-0.2016	2.4204268484148055	0.9957763965637555	-0.1613	2.27756232118302	0.9255973537957346	-0.12	2.161657475754781	1.2713807195322393	0.2016	2.0875452419292695	1.010312815016008	0.1613	1.9919983482468209	0.8238514650349097	0.12
286	4.766666666666667	2.276018080388814	0.8571113336803912	0.0	2.346580901374084	0.8500669071684736	-0.105	2.2749511590208487	0.46049929043663634	-0.0886	2.2475044660091994	0.0864824673637669	-0.0972	2.1506782534017397	0.021489680989322343	-0.0766	2.145132085985934	0.013421865001507063	-0.12	2.2552939461958497	0.009593288190811025	-0.0883	2.1976506516997714	0.8623783729493476	0.105	2.210727613424782	0.45119618426593816	0.0886	2.251430223603659	0.07379406797766191	0.0972	2.144578962704503	0.00034333390709549716	0.0766	2.1586523618967735	-0.006094002258362284	0.12	2.2758350938498184	0.0011981808707552735	0.0883	2.273260785210367	1.3759938885231193	0.0	2.2667528691424055	1.5838286684542957	0.0	2.2712117983249414	1.47507882791455	0.0	2.4163659847426096	1.2481389469445325	-0.2016	2.420353040736966	0.991820700400306	-0.1613	2.2768769333878156	0.9166562413309869	-0.12	2.153254766965756	1.2693784714912422	0.2016	2.078064243110936	1.0103128458341573	0.1613	1.9872111147595266	0.8262362187165835	0.12
287	4.783333333333333	2.271969517648051	0.8557459528296816	0.0	2.3448151077474093	0.8521008227329233	-0.105	2.2681533398355276	0.45671222692385277	-0.0886	2.2389452630099345	0.08975729370098182	-0.0972	2.147477654231092	0.020127027788301666	-0.0766	2.1424101614348023	0.015538308658398552	-0.12	2.24825648047155	0.01163431548702415	-0.0883	2.1935957717970718	0.8641605391660476	0.105	2.20829311011724	0.4479763693227341	0.0886	2.250396550400471	0.07280882641966926	0.0972	2.1415727565508518	-0.0009627845347354794	0.0766	2.159050610507149	-0.008999128456471557	0.12	2.2765023677019514	0.0006077921726442212	0.0883	2.268360007386028	1.374811200282329	0.0	2.264565678905524	1.5830383844354243	0.0	2.2676075175636385	1.4728703257219575	0.0	2.4150159433367056	1.2445131739674944	-0.2016	2.4198653874148106	0.9883275302955896	-0.1613	2.27616813111938	0.9084376111431026	-0.12	2.149080664707617	1.2673678956443966	0.2016	2.069218770613326	1.0108271435626985	0.1613	1.9838917159901712	0.8370916757373589	0.12
288	4.8	2.2666990407073055	0.8544635729431075	0.0	2.3430488679186223	0.8529192925449962	-0.105	2.2631739434918163	0.45230343017421093	-0.0886	2.232332262571832	0.09071258321346537	-0.0972	2.1445906963449515	0.018297389750304968	-0.0766	2.1333255581045614	0.014134747358402706	-0.12	2.237140106720545	0.006310788977719743	-0.0883	2.1879818937629545	0.8648500738952273	0.105	2.2078588237073613	0.4420547217582801	0.0886	2.249717663243592	0.0734353691846509	0.0972	2.1415521346120663	-0.001735919148792571	0.0766	2.160181604530682	-0.011534442543740746	0.12	2.2770362108708073	-0.00036888162899616217	0.0883	2.2647937063571253	1.3730949947773512	0.0	2.262085339178238	1.581034069694785	0.0	2.2637911007150335	1.4693536633858166	0.0	2.4124360883864586	1.2393245318031274	-0.2016	2.4181879818846403	0.9830923632843778	-0.1613	2.274078642382401	0.9072908623129108	-0.12	2.144533263235773	1.26312106141302	0.2016	2.058720316628931	1.0113619147356812	0.1613	1.9795343482149412	0.8507210185912317	0.12
289	4.816666666666666	2.264564230929408	0.8525261680481604	0.0	2.340661375763663	0.8526498486226771	-0.105	2.2575244091066673	0.44363297162619275	-0.0886	2.2076748691085983	0.07899324768621277	-0.0972	2.1246484965000816	0.014041357825374343	-0.0766	2.1112177427003647	0.00032983018879931963	-0.12	2.2119824226051037	0.004866167156456561	-0.0883	2.1838633431593197	0.8651309771195644	0.105	2.2057912456258855	0.4367492980759059	0.0886	2.2504668405566033	0.0728232496716183	0.0972	2.1471647692251876	-0.0017116130509765778	0.0766	2.161957907464733	-0.013134813685086212	0.12	2.2760151663073054	-0.0011065012102551355	0.0883	2.262755254485622	1.3684592512260625	0.0	2.2581041908216726	1.5770728470516686	0.0	2.2604870599006346	1.4645770975538341	0.0	2.411680988929609	1.2335270346729779	-0.2016	2.4155175153344506	0.9796319113094395	-0.1613	2.269686399681505	0.9068066751556316	-0.12	2.137522138008653	1.258762924313058	0.2016	2.051906768244628	1.012378494241725	0.1613	1.97547537856824	0.857762543064621	0.12
290	4.833333333333333	2.2606373850602384	0.849431935781481	0.0	2.3401471218168983	0.8512685002988483	-0.105	2.2450341613672564	0.4276954034098023	-0.0886	2.182639427948377	0.06797908936959059	-0.0972	2.1141548565244883	0.014224101681056943	-0.0766	2.1071151656223663	-0.011844400219382142	-0.12	2.185368519687438	0.0034029864649681857	-0.0883	2.178144365811474	0.8634947222275116	0.105	2.2043043513394323	0.432409190605438	0.0886	2.2515686153403656	0.07257569746299214	0.0972	2.156260443950693	-0.0009298001235332615	0.0766	2.1650349757167886	-0.014508186624694337	0.12	2.2769866144555784	-0.001487052219638088	0.0883	2.259573294860515	1.363962944855981	0.0	2.2565582273285223	1.5726394305633118	0.0	2.257936678971126	1.4611706857359745	0.0	2.4100882071643723	1.2308033059103882	-0.2016	2.4131670108805148	0.9756398269524716	-0.1613	2.2613269081016885	0.9061588308744912	-0.12	2.133874561405597	1.2542975178379137	0.2016	2.0415004540063104	1.0129768150243366	0.1613	1.967482108757407	0.8601259848019206	0.12
291	4.85	2.2563923056144612	0.8468875526789064	0.0	2.338040244488188	0.8466327048140485	-0.105	2.2384344239194824	0.4210679020944954	-0.0886	2.168684924146403	0.06619334930203358	-0.0972	2.1101330420101863	0.014791208300481078	-0.0766	2.107251771127711	-0.011750880214850386	-0.12	2.1738414880314263	0.004253034552935152	-0.0883	2.1737972637015126	0.8598619283155022	0.105	2.203609556823455	0.4299843243793251	0.0886	2.2531463402376435	0.07163340244373255	0.0972	2.170171373944696	0.00012070977853495535	0.0766	2.171798845993143	-0.013475077601493801	0.12	2.276653578778689	-0.00010151899863252573	0.0883	2.2575744738910672	1.3615545238757103	0.0	2.2558675695482915	1.5669008494814145	0.0	2.2546954432017796	1.458488173310844	0.0	2.4077944295006453	1.2299673531918314	-0.2016	2.4115699581735854	0.9727433475844355	-0.1613	2.258752909871764	0.9039918321914814	-0.12	2.1313979948311417	1.2498315519205563	0.2016	2.0322703767607204	1.0137103584955378	0.1613	1.9652073282694469	0.864065919381026	0.12
292	4.866666666666666	2.2537404772275385	0.8453719244806392	0.0	2.3349680509658137	0.8421044834949136	-0.105	2.232526020855805	0.4204378941636738	-0.0886	2.1573223318425	0.06726484354013751	-0.0972	2.1048665781821865	0.01501594662503792	-0.0766	2.1083640929774212	-0.0044735179848398934	-0.12	2.1634230456163817	0.0054606241032770855	-0.0883	2.17138171173183	0.8543172609175093	0.105	2.199973566630024	0.4289687988140486	0.0886	2.254013768406287	0.07221973831100797	0.0972	2.1798474205984766	0.002040290671705282	0.0766	2.179732227328257	-0.011955190944971633	0.12	2.2765284532628938	0.0016776689187810168	0.0883	2.256421275247459	1.3590652102001686	0.0	2.254556728023411	1.564055508857928	0.0	2.2530462052115094	1.4562332990025484	0.0	2.4047037830779883	1.2288831167451784	-0.2016	2.410415727921822	0.9695870217378835	-0.1613	2.248465968992299	0.90238675461553	-0.12	2.128870749137121	1.246980660301102	0.2016	2.0265519294833356	1.0146241756328866	0.1613	1.9641106892901983	0.8731711300249058	0.12
293	4.883333333333333	2.2519113608724384	0.8433461139096612	0.0	2.3306737554440304	0.8221169254550127	-0.105	2.226140849557416	0.41873441186297056	-0.0886	2.147201420354164	0.06774958679791789	-0.0972	2.1004148370047795	0.014387086179816017	-0.0766	2.1131172333180417	-0.0034556564601713885	-0.12	2.155418093388574	0.006916836033020075	-0.0883	2.16944867977319	0.8360923708517839	0.105	2.1946558205895927	0.427407146381131	0.0886	2.254141682557721	0.07381223093258346	0.0972	2.1885654626627047	0.003318315409501664	0.0766	2.185162214447389	-0.009172011817383918	0.12	2.2771842325628766	0.008894112345481452	0.0883	2.2538863017124435	1.357278493247436	0.0	2.253864908685004	1.5597706135006744	0.0	2.25052302535819	1.4534379878054449	0.0	2.4012269669304707	1.2271312838255197	-0.2016	2.409918293428055	0.9650159503096915	-0.1613	2.2371531984698674	0.9003062700161315	-0.12	2.1305882769435343	1.2454695975378935	0.2016	2.0167354268329953	1.0146223133874777	0.1613	1.9651491997222839	0.8757612186105987	0.12
294	4.9	2.248202246327788	0.8430553360610067	0.0	2.326546159627498	0.8192809270625366	-0.105	2.2205218120658974	0.41912772875802445	-0.0886	2.141901247387386	0.06995477727319854	-0.0972	2.097534929081664	0.012242593204206745	-0.0766	2.1115395192438386	-0.001914786278011886	-0.12	2.1504069796251946	0.007927571501469347	-0.0883	2.1652995012518317	0.8366292424519325	0.105	2.19013560510879	0.42823789729861494	0.0886	2.2534699180784803	0.0776911363927402	0.0972	2.178682334793472	0.005432524984170808	0.0766	2.1797389829427973	-0.0037428103220048456	0.12	2.2771338856076775	0.014510474894325026	0.0883	2.251959525438773	1.3560550604183557	0.0	2.2511041509204386	1.5588732164222825	0.0	2.24866194776882	1.452343354334212	0.0	2.3993399899943957	1.2252544780201813	-0.2016	2.409529464234737	0.9638593133009278	-0.1613	2.225768345394244	0.8964312739021074	-0.12	2.127163085070568	1.2446484478640927	0.2016	2.0068100153268413	1.0128493898721012	0.1613	1.971069957356906	0.8824956044099395	0.12
295	4.916666666666667	2.243426262630147	0.8445247642361665	0.0	2.322390352196729	0.8251922418208998	-0.105	2.2173901842590675	0.41902144792356283	-0.0886	2.1362263361437037	0.07296657302712922	-0.0972	2.095521377239408	0.012483691377537041	-0.0766	2.1079654761095057	-0.00011713158345814934	-0.12	2.144765016119539	0.00943454140070752	-0.0883	2.1588507563912898	0.8435935881112054	0.105	2.184568442681618	0.4296334494920051	0.0886	2.2503007726365913	0.0853942150108069	0.0972	2.182700460648812	0.007089672848361164	0.0766	2.179744519452849	-0.002425618644620632	0.12	2.276790307452175	0.01806655473965408	0.0883	2.249275766123589	1.3543062833615092	0.0	2.2485539799095635	1.5594797773865194	0.0	2.2467351534373754	1.4517935510667777	0.0	2.398175144998337	1.2244417622427042	-0.2016	2.4092530606147866	0.9626206549684431	-0.1613	2.220330192523648	0.8962209261925186	-0.12	2.1211819629173427	1.243900973727233	0.2016	1.994848809290439	1.0089605937550985	0.1613	1.9772981147436886	0.8904584033758365	0.12
296	4.933333333333334	2.239548255101699	0.8443901313163361	0.0	2.3206881423655306	0.8288565679019759	-0.105	2.214692587221538	0.4167079216556596	-0.0886	2.1315226768310294	0.069396708537789	-0.0972	2.0931575275731675	0.013801794625524333	-0.0766	2.105524760365089	0.0022263764510633277	-0.12	2.14286093739717	0.01099985165618527	-0.0883	2.1548083586085305	0.8484325781594265	0.105	2.175831327846316	0.4306038038856906	0.0886	2.2449299598238257	0.09199786977116492	0.0972	2.1813158214768618	0.007844984307295855	0.0766	2.1792856783970684	-0.0011509214096626572	0.12	2.274976182244728	0.022524364200951295	0.0883	2.2463331871197108	1.3513129119141385	0.0	2.2467834970260694	1.5569957505247238	0.0	2.245534846070123	1.4494245724667232	0.0	2.395644549973832	1.2245747387387131	-0.2016	2.409462092465651	0.9620071817281128	-0.1613	2.220361068933777	0.8948020813484543	-0.12	2.118877456168456	1.2431112860276847	0.2016	1.9875133615549714	1.0010457884366721	0.1613	1.9884884311129636	0.8926555235314264	0.12
297	4.95	2.2362068729071503	0.8415010390585816	0.0	2.318611113119483	0.8174309157326903	-0.105	2.210952507760398	0.41171288406349893	-0.0886	2.129302935562314	0.06846402862366388	-0.0972	2.0911446215753	0.015249637743248806	-0.0766	2.1061539901956725	0.0033950023929536152	-0.12	2.137388764224651	0.012780213020858244	-0.0883	2.1517325097806634	0.8448636211302688	0.105	2.165612249893564	0.42843230108229735	0.0886	2.2421736617651753	0.09081323683188416	0.0972	2.1759182487657904	0.008194533636782464	0.0766	2.177458680431226	0.001728806678339384	0.12	2.2736656440040646	0.03155733544768384	0.0883	2.2446001042485806	1.3460385995976618	0.0	2.2465892252411974	1.545798388243257	0.0	2.24466120168124	1.4435057749140516	0.0	2.388396955659865	1.2246026105507337	-0.2016	2.409564651074498	0.9611022600912223	-0.1613	2.218933199529407	0.8925291697522945	-0.12	2.1219886542316195	1.2419214658236626	0.2016	1.9822691299922381	0.998458707195421	0.1613	1.9964189951120657	0.8985859535290104	0.12
298	4.966666666666667	2.232386507138328	0.8352888891768445	0.0	2.3136830065191374	0.8020640860156237	-0.105	2.2094127974217272	0.4104692468113363	-0.0886	2.127714863699403	0.06523417853571256	-0.0972	2.0894049129502936	0.016739845684631514	-0.0766	2.1036648693107534	0.003820016989051732	-0.12	2.1330042795789494	0.011186093588103664	-0.0883	2.1484215528495096	0.8316368607104166	0.105	2.15792872796297	0.4273187733964559	0.0886	2.2387766451485587	0.09500960443417286	0.0972	2.172968074438229	0.00640388267652562	0.0766	2.176094253085379	0.0036238374879600035	0.12	2.270812940135957	0.03874308572734976	0.0883	2.2419479909526254	1.3424036825458958	0.0	2.245818442704752	1.5410995367305993	0.0	2.24367983366841	1.438966928477841	0.0	2.385273670045504	1.2213010344269428	-0.2016	2.409364095833741	0.9606479085439582	-0.1613	2.2188821987890335	0.8936595678522898	-0.12	2.1182335925006304	1.2402069579488149	0.2016	1.9774719071404128	0.9964729595703292	0.1613	2.001837593065432	0.9095943044513672	0.12
299	4.983333333333333	2.229471675499593	0.8275209102424822	0.0	2.311694025785949	0.7864374132255427	-0.105	2.2086356811642616	0.4135848408514016	-0.0886	2.1262460873122895	0.06271623340570168	-0.0972	2.086814950896263	0.018621726702408074	-0.0766	2.103191772131478	0.005133623727202878	-0.12	2.130307805551577	0.009270923083011591	-0.0883	2.14684044666205	0.8164143847957054	0.105	2.14949156414503	0.4273198708228517	0.0886	2.2356688996802663	0.10084747599674704	0.0972	2.1708398035890246	0.00293021756107599	0.0766	2.1745484632699665	0.005271564606508752	0.12	2.267930237171296	0.04717128353644791	0.0883	2.2408853878002706	1.3414359674851104	0.0	2.24520299480453	1.5396616914103856	0.0	2.243110802077216	1.4357336747462004	0.0	2.3843353509313534	1.2201167512135762	-0.2016	2.409161460313145	0.9607739728708786	-0.1613	2.22195054006784	0.8936438291943875	-0.12	2.115197032075614	1.2389309603139862	0.2016	1.975803032288127	0.99386001948308	0.1613	2.0088203034691787	0.9188004278659201	0.12
300	5.0	2.2274460306731942	0.8212243234566036	0.0	2.3097978666811696	0.7809006548275419	-0.105	2.207491398461967	0.40952175993756834	-0.0886	2.126360083543077	0.06314078638798842	-0.0972	2.083412992799735	0.02111168553798154	-0.0766	2.1029026166508817	0.007629615010129036	-0.12	2.1287024247978183	0.01032021543059363	-0.0883	2.144218877274947	0.8063868547058372	0.105	2.1387274727461025	0.4285720468713803	0.0886	2.2321440013648886	0.10777761129466429	0.0972	2.1670225859854653	-0.003943136334583958	0.0766	2.17081436387815	0.00803277523252064	0.12	2.266148154597101	0.056468240542837875	0.0883	2.2398030493675414	1.3404156002544694	0.0	2.2444635321856925	1.5386154397941691	0.0	2.242707938232366	1.4347053545360278	0.0	2.38419440333785	1.2188856168472355	-0.2016	2.409010200244172	0.9600441084701555	-0.1613	2.219839499123531	0.8943069285181787	-0.12	2.112028007674814	1.2380649530965064	0.2016	1.972200080730052	0.9933744311136156	0.1613	2.0229187957470733	0.924212688823932	0.12
301	5.016666666666667	2.224538896912536	0.8195136110362021	0.0	2.3072030584891037	0.7793216112079926	-0.105	2.2064970557314516	0.40926213866365824	-0.0886	2.1285492914971176	0.06652712758292359	-0.0972	2.078953794629099	0.021709445768032028	-0.0766	2.104371655395887	0.009446370675887855	-0.12	2.1265240183230287	0.008969633115943634	-0.0883	2.142901799547615	0.7986097361656286	0.105	2.1294971083784264	0.4292593436376463	0.0886	2.2282146992789325	0.11686147039840392	0.0972	2.165097851478885	-0.0069238651286238975	0.0766	2.1687879207798186	0.009834057545237251	0.12	2.264743852804151	0.06572636995989763	0.0883	2.2387061184180053	1.339667382346204	0.0	2.244044920256969	1.538713206988556	0.0	2.2428230902268265	1.434036485824807	0.0	2.3829054345131797	1.2179779082091944	-0.2016	2.4087824992318843	0.959300688100121	-0.1613	2.215526483408112	0.8962675885801498	-0.12	2.108960303086221	1.237196065663706	0.2016	1.9711683185197508	0.9933793864990051	0.1613	2.033170688242222	0.9350924905977546	0.12
302	5.033333333333333	2.2224451865142467	0.8177419166735392	0.0	2.3066311836916817	0.7781897338147682	-0.105	2.205740266915955	0.41082589523966334	-0.0886	2.132171464880527	0.07105181461796879	-0.0972	2.0774265161380727	0.01774267717235232	-0.0766	2.1058286233225756	0.006436316142477014	-0.12	2.1219636348960877	0.01102557239382767	-0.0883	2.1416611771647722	0.7961502686330282	0.105	2.1197910232354635	0.4302318669625679	0.0886	2.2204360005075126	0.13106917573393795	0.0972	2.161524943922961	-0.011298210089168724	0.0766	2.16466979759765	0.008384375015864476	0.12	2.2614009656709513	0.07883861271895842	0.0883	2.2374888378035687	1.3389573678831819	0.0	2.244200546237334	1.5385554822899274	0.0	2.2422085707524357	1.4333380374240967	0.0	2.380506871770559	1.2170001212664674	-0.2016	2.4088366918781485	0.9599898603585008	-0.1613	2.2200507553019286	0.8989718209152493	-0.12	2.106332745393861	1.2357919892417135	0.2016	1.9698379782756872	0.9931591488693984	0.1613	2.0350712846716643	0.9380889549378575	0.12
303	5.05	2.2196315399500546	0.8178909918557073	0.0	2.3055528908031473	0.7775882826090914	-0.105	2.2055247969817677	0.4147622120679576	-0.0886	2.138505366313377	0.07330041586663812	-0.0972	2.0751634716020932	0.0048968755862206365	-0.0766	2.106806214741962	0.0018283192353550012	-0.12	2.118778862968704	0.01451733403900348	-0.0883	2.1394999922607867	0.7945145342156674	0.105	2.1064397363684275	0.43351895841053006	0.0886	2.211423084844526	0.14385800197539436	0.0972	2.1596512024206467	-0.00830229339873919	0.0766	2.1603869534122775	0.00700496328333939	0.12	2.2542173078246384	0.09620730550909098	0.0883	2.2363937270819747	1.3384517774129003	0.0	2.244049847293718	1.538158252326952	0.0	2.2415559277764587	1.4316861615226613	0.0	2.377420088121609	1.2169058961038755	-0.2016	2.4092304950284515	0.9613227366126735	-0.1613	2.224091716702578	0.902376984865155	-0.12	2.104738770346772	1.2346648681941854	0.2016	1.9695625546081121	0.9937291356999411	0.1613	2.040067264180706	0.9407619910834282	0.12
304	5.066666666666666	2.2173437379551975	0.8213648046771389	0.0	2.303502034501039	0.7736640043566326	-0.105	2.2056719532338445	0.41796269775952	-0.0886	2.1442667729570983	0.07561582888697829	-0.0972	2.0766760397223765	-0.010177292870587294	-0.0766	2.113490142217448	-0.008504027516916958	-0.12	2.1224445238991145	0.01931555863964647	-0.0883	2.138205344910828	0.7904866547793571	0.105	2.093572634705902	0.4426562600309359	0.0886	2.1970705482571744	0.16448416600274296	0.0972	2.1592998456204993	-0.008759655403658757	0.0766	2.1542328476919765	0.00860674459205521	0.12	2.245020897322064	0.12353191101765681	0.0883	2.2349704681914644	1.339002582581904	0.0	2.2440649173372536	1.538934921844072	0.0	2.2410069622519173	1.4315526715140359	0.0	2.3753259510174387	1.2167721011445882	-0.2016	2.4097214135907894	0.9629935383218283	-0.1613	2.2270907728022813	0.9087351100312587	-0.12	2.1006147919486335	1.2344909060174427	0.2016	1.968970291049647	0.9943557523495842	0.1613	2.052768122156165	0.9487164755382199	0.12
305	5.083333333333333	2.2151122635310516	0.8213116447313978	0.0	2.3009271127145756	0.7709228294497285	-0.105	2.205791003416957	0.4198476923879113	-0.0886	2.1480289710516702	0.07651082876536142	-0.0972	2.0888570754344524	-0.025604017772283157	-0.0766	2.1233686922405135	-0.023524087960963176	-0.12	2.147825829019982	0.00663253309958059	-0.0883	2.134560374453487	0.7891018313545435	0.105	2.0786616124489123	0.446552754166675	0.0886	2.179335802525815	0.18685845636219617	0.0972	2.1605024177301897	-0.00849318613701102	0.0766	2.1511797434694446	0.021420816781179658	0.12	2.2360650242880293	0.14770113975095522	0.0883	2.2343027625243645	1.3393579979893144	0.0	2.243899803321168	1.539702771922956	0.0	2.239848285896239	1.434427621080955	0.0	2.374449643195582	1.216881410192635	-0.2016	2.410323959151033	0.9648399595015336	-0.1613	2.2293826162511867	0.9171678451005535	-0.12	2.095957135838438	1.2355472134978756	0.2016	1.9667842377015123	0.9965263162070195	0.1613	2.0786097329130278	0.9656005736370549	0.12
306	5.1	2.214102236305218	0.8218636075049096	0.0	2.298101694538275	0.7717623443048605	-0.105	2.2058204444040443	0.4207944364594188	-0.0886	2.153316752557887	0.07903369802251822	-0.0972	2.102923995515307	-0.03132861642925541	-0.0766	2.1305348795243577	-0.02971554060183308	-0.12	2.1562684395626377	0.000758262388973141	-0.0883	2.1329860710418225	0.7901466857232882	0.105	2.0734511728274536	0.45119227747503166	0.0886	2.1633793578077456	0.1941496993130107	0.0972	2.1576753269102555	-0.007795804864536654	0.0766	2.1404693623661153	0.02772424636782158	0.12	2.2166563471091143	0.15694827255535393	0.0883	2.2335966207778553	1.340295103678259	0.0	2.2434672859167852	1.541178829119878	0.0	2.239418197721854	1.435115768618234	0.0	2.3731438339514384	1.218064942729411	-0.2016	2.4112095894181165	0.9660420240927501	-0.1613	2.2310348560749445	0.9216647024778051	-0.12	2.093281634954342	1.2371054745336483	0.2016	1.9656151755203508	0.9980358169085963	0.1613	2.0877563025757513	0.9686288073333628	0.12
307	5.116666666666666	2.2126629375130915	0.8222767725422623	0.0	2.2944884994593657	0.7756522743588258	-0.105	2.204620763408605	0.42133872338198075	-0.0886	2.152187431975634	0.07325609628074065	-0.0972	2.114761201387222	-0.031249357217103764	-0.0766	2.1524929377770325	-0.03209609181442738	-0.12	2.1585719755033383	-0.02061213230972696	-0.0883	2.1313923536447197	0.7936778659280654	0.105	2.070608499836609	0.45405617234187207	0.0886	2.1530280171938103	0.2056926061842398	0.0972	2.1545784350647663	-0.006528965961808096	0.0766	2.129960884466563	0.033632806748145394	0.12	2.1973061351816927	0.1701604026387085	0.0883	2.232017342099661	1.3421223299459795	0.0	2.2425733409687485	1.5431685882703448	0.0	2.2397511832989903	1.4355187859542795	0.0	2.3727824082276214	1.219235096593452	-0.2016	2.412652415165435	0.9667610159551766	-0.1613	2.232279365606204	0.9300710610430023	-0.12	2.0881239193379244	1.23861162228254	0.2016	1.9653475837144363	0.9993869647170228	0.1613	2.104732894785015	0.9696092719463032	0.12
308	5.133333333333333	2.210908836434357	0.8231396579096683	0.0	2.291237552396531	0.7820043064603659	-0.105	2.204472297812503	0.42158801311396993	-0.0886	2.1492668987140675	0.05193666028875318	-0.0972	2.1236051326596934	-0.030098780720244633	-0.0766	2.1590427988378185	-0.03232282460574801	-0.12	2.1602854143592056	-0.028798753910110456	-0.0883	2.1296133102332107	0.7991785966611188	0.105	2.068004392136782	0.45858075938645937	0.0886	2.141674313684818	0.21030177996331553	0.0972	2.1488972735979557	-0.00663544553556579	0.0766	2.1178011222844697	0.03429400287008398	0.12	2.1864880768416968	0.17566352789878256	0.0883	2.2293115372699477	1.3435608994476282	0.0	2.241796764651406	1.5443935962040376	0.0	2.240196971506882	1.4363926772658802	0.0	2.3705201189561502	1.2203400574867649	-0.2016	2.4149808682907907	0.9677567276288472	-0.1613	2.2351070539209195	0.9313410478290018	-0.12	2.085200350013689	1.240133798631034	0.2016	1.9639181174009073	1.0025584920186434	0.1613	2.1081854211620517	0.9715846903889697	0.12
309	5.15	2.2075475321489444	0.8235246073617598	0.0	2.2891743827796827	0.7847866262357326	-0.105	2.2042074193037684	0.42169629443196527	-0.0886	2.144634681072819	0.038655820756105665	-0.0972	2.1223094817134553	-0.028275260681214803	-0.0766	2.1590732547554845	-0.03156902442240396	-0.12	2.157925896216085	-0.0299451904710254	-0.0883	2.126563475188106	0.802571692855053	0.105	2.066696773591775	0.4637510123362312	0.0886	2.132229287063759	0.21028596605369348	0.0972	2.1419362618813667	-0.007189787717633012	0.0766	2.104706311369892	0.03620021490688086	0.12	2.1730787159163714	0.180462213911588	0.0883	2.227463804758363	1.344544760690409	0.0	2.2416560478653333	1.5449183945606166	0.0	2.2397250504449078	1.436606894076187	0.0	2.368237522971596	1.221188420698892	-0.2016	2.416881338804518	0.9701377916334248	-0.1613	2.240296473495581	0.9334041246656489	-0.12	2.080898060635066	1.2413472645190382	0.2016	1.9621830503444262	1.0058259022436102	0.1613	2.1106211146197222	0.969075753776836	0.12
310	5.166666666666667	2.203369661728777	0.8236168478565183	0.0	2.2855194151689546	0.7873927957750384	-0.105	2.204230775945527	0.421755889358097	-0.0886	2.142052739467414	0.03585723832895522	-0.0972	2.1203029742172914	-0.024239707936394444	-0.0766	2.1573889486938334	-0.03050975210932192	-0.12	2.153507511955356	-0.03014018598961616	-0.0883	2.123935974950663	0.8054200559318662	0.105	2.0658688256264996	0.4698831340516156	0.0886	2.1228464430841427	0.21305422429461918	0.0972	2.1324614813776535	-0.0066563453302348405	0.0766	2.098981056038782	0.03982545906085555	0.12	2.162312860483216	0.17793176107723394	0.0883	2.2253040671591693	1.345330328337821	0.0	2.2404652225318884	1.5453019777826735	0.0	2.238260868450938	1.4374059589871475	0.0	2.3684133459946977	1.2219740963763317	-0.2016	2.4183114973532502	0.9726290203172504	-0.1613	2.2447071712183324	0.9376051446748693	-0.12	2.0748903608213047	1.2429796917463427	0.2016	1.9596714315907167	1.0074106609128362	0.1613	2.117318514889074	0.9741289559885145	0.12
311	5.183333333333334	2.1998399670847766	0.8231385490744944	0.0	2.2821848645723275	0.7884695002445562	-0.105	2.2041122439730394	0.4218558057683979	-0.0886	2.1405652163939437	0.0292191619551124	-0.0972	2.1200741285445965	-0.020898381766324584	-0.0766	2.15791600170899	-0.030118069557047916	-0.12	2.14894296353242	-0.03025158858340886	-0.0883	2.12035817749086	0.806541078726742	0.105	2.067245932014836	0.47485106395556015	0.0886	2.1162144382205157	0.21523241545275368	0.0972	2.110482801817136	-0.005517360011449431	0.0766	2.081912633460647	0.04162847933551226	0.12	2.148724462114632	0.17945597874971358	0.0883	2.2223521036654468	1.345964995107661	0.0	2.2383546694525553	1.545401411587227	0.0	2.235988937102894	1.4376444227896277	0.0	2.364970501791752	1.2226856902031962	-0.2016	2.419687127858246	0.974516095333537	-0.1613	2.2470635815935345	0.9469179378218333	-0.12	2.0712042274701563	1.2452034579574724	0.2016	1.9560260015018784	1.009577822323759	0.1613	2.1149150507109846	0.981155441820716	0.12
312	5.2	2.195724206704472	0.8226697566694257	0.0	2.2778315721386497	0.7894659467084312	-0.105	2.203796899325405	0.4219469068462918	-0.0886	2.138803644106611	0.02222977801758	-0.0972	2.124089188046044	-0.018381845643225675	-0.0766	2.162212016937767	-0.031224790261393204	-0.12	2.1425687274342207	-0.030126907130114036	-0.0883	2.114994651282661	0.8075036926046466	0.105	2.0684969438781375	0.47828731929456986	0.0886	2.1064319819015074	0.20835114551633885	0.0972	2.0926904258315298	-0.004865994200114854	0.0766	2.0655100688325945	0.0392920736261301	0.12	2.1310680625109484	0.16956563138698721	0.0883	2.2185526652666474	1.3465650943593057	0.0	2.2362215004463426	1.5453159268766492	0.0	2.233693862902547	1.4371527474367451	0.0	2.359358825773389	1.22335425819504	-0.2016	2.4210997763634756	0.9766334473877402	-0.1613	2.2508772572409153	0.954580132681976	-0.12	2.0681774301211755	1.2475740184927206	0.2016	1.951311334369364	1.0119515116095374	0.1613	2.102980314415162	0.9843012830615203	0.12
313	5.216666666666667	2.1931547684290806	0.8226115387199245	0.0	2.2737881204995043	0.790607311812113	-0.105	2.2027759073984376	0.4219913820897739	-0.0886	2.137333521680335	0.017432145842929063	-0.0972	2.129445639046107	-0.017526904379980446	-0.0766	2.1676363913688834	-0.033093079233363604	-0.12	2.1378697765217898	-0.03037326301697968	-0.0883	2.1135273149706078	0.8084189506192992	0.105	2.072017373410565	0.4800241299223996	0.0886	2.0985232294076033	0.2073787701022753	0.0972	2.0773484727461877	-0.005863769740429341	0.0766	2.0508839754884516	0.03567885041555607	0.12	2.1175897455917916	0.1634047518981156	0.0883	2.216324851787736	1.347226605320115	0.0	2.234701448581817	1.5454775744857658	0.0	2.231808697263538	1.4376433572771978	0.0	2.356573258835724	1.224264166114921	-0.2016	2.4228197253014288	0.979325832094174	-0.1613	2.2594196217378686	0.9612720347835151	-0.12	2.0649067267755647	1.24942867175353	0.2016	1.94783056273305	1.0150404633372365	0.1613	2.098626263185839	0.9883510711398479	0.12
314	5.233333333333333	2.1890294415033633	0.8225785625173873	0.0	2.2702474596573965	0.7919535574853768	-0.105	2.201226809680235	0.4219307652260035	-0.0886	2.133048145250679	0.013721586833434614	-0.0972	2.134891957654783	-0.017074885081580234	-0.0766	2.170822390793581	-0.0341352522617894	-0.12	2.129142363465262	-0.030482979903385533	-0.0883	2.1092448372526453	0.8097133654455184	0.105	2.0756676272894428	0.48103926740155517	0.0886	2.0857257227168398	0.19965298868656692	0.0972	2.060641996579139	-0.005075066943754841	0.0766	2.0321754357238713	0.03445850033211392	0.12	2.097581060917377	0.15858955585969253	0.0883	2.214013619294362	1.3480743754908449	0.0	2.2335277320275497	1.5458668706869574	0.0	2.2296035939671297	1.4384546014494977	0.0	2.354061999962592	1.2260733766145453	-0.2016	2.4234639347738134	0.9809382889164404	-0.1613	2.2623348240040584	0.9663748784464974	-0.12	2.062430393145371	1.2507817418442708	0.2016	1.9453266802671494	1.016943934042086	0.1613	2.091754757161555	0.9932543727158698	0.12
315	5.25	2.1857155882802592	0.8238612142128305	0.0	2.2698532422267275	0.7966940960505541	-0.105	2.1997429333097243	0.42175105262070745	-0.0886	2.128455454128725	0.010145405752746701	-0.0972	2.139198049450346	-0.01615338619298387	-0.0766	2.1727094604946338	-0.034746741575787395	-0.12	2.122462446555193	-0.029957468765413678	-0.0883	2.104865179652737	0.8146404949628875	0.105	2.077485828697421	0.4819087369585399	0.0886	2.074595565374294	0.1914226223575704	0.0972	2.05573271703056	-0.0021027532028568482	0.0766	2.019830545745685	0.03763991212359956	0.12	2.0836454787758574	0.15359091578510745	0.0883	2.211666642020859	1.3490926190823564	0.0	2.2307149283699146	1.546440879355749	0.0	2.2272049028976313	1.4390824091635936	0.0	2.3500978133363057	1.2293573919477188	-0.2016	2.424296608611558	0.982497023719699	-0.1613	2.2636484161828734	0.9676919661934367	-0.12	2.0610196368567517	1.2540004864972758	0.2016	1.940490359363851	1.0199248781720849	0.1613	2.087932448200203	0.9963267478856682	0.12
316	5.266666666666667	2.1810980255303707	0.8250121268305068	0.0	2.2643929007829957	0.7987443954145431	-0.105	2.197080242062845	0.4214302712816067	-0.0886	2.1256346003632713	0.012602119345745434	-0.0972	2.147582133473847	-0.015165226095623471	-0.0766	2.174596595911359	-0.03558404161474382	-0.12	2.1167166264845876	-0.0305453595573041	-0.0883	2.101449538023038	0.8166703080238473	0.105	2.08022578438752	0.47976281173404106	0.0886	2.0635061947650075	0.18669548866914015	0.0972	2.052420716404821	0.0016397542980493146	0.0766	2.0153234867646947	0.03943565575745747	0.12	2.0691631828453767	0.1483934558838018	0.0883	2.209326698377316	1.3511668119250775	0.0	2.228918066177013	1.5476283879837558	0.0	2.2246988231994176	1.4411275170355546	0.0	2.3474747890086753	1.2328150745611954	-0.2016	2.4239263293015667	0.9843297131366266	-0.1613	2.2744243155930737	0.9774823155761745	-0.12	2.057286266639409	1.2563568808297656	0.2016	1.9345926830360094	1.0221524651585834	0.1613	2.0867288673476208	1.004458425453671	0.12
317	5.283333333333333	2.1770792771019543	0.825717257272277	0.0	2.2600475886183924	0.7986912953676102	-0.105	2.193898584910431	0.42084492116030126	-0.0886	2.1240196978633836	0.011941245810230337	-0.0972	2.1497932014997407	-0.014098797768843346	-0.0766	2.1745360354236047	-0.036599150791675264	-0.12	2.113253113704327	-0.031609924606146936	-0.0883	2.097231174305284	0.8164332000788819	0.105	2.083920215553377	0.4780921980208039	0.0886	2.052758865306453	0.18186387298821946	0.0972	2.047785331183912	0.005858890679835291	0.0766	2.0076113106076816	0.04214630101872516	0.12	2.0508483415639365	0.14340797461528304	0.0883	2.207416244332334	1.3542101003608582	0.0	2.2260292981944443	1.550520538313444	0.0	2.2222711196819245	1.446130100647789	0.0	2.346544624814367	1.2352536464830952	-0.2016	2.4238798691559493	0.9872561802428715	-0.1613	2.287386830486849	0.9908923613929002	-0.12	2.054623931557407	1.2585965324954609	0.2016	1.9289400993759533	1.0256570236384221	0.1613	2.0855133631536216	1.0147325793634845	0.12
318	5.3	2.174379528274565	0.827037256784152	0.0	2.2571884566069707	0.8001448214639771	-0.105	2.191879346615554	0.42024916634156684	-0.0886	2.123381457699098	0.01556940335037621	-0.0972	2.149670340175426	-0.012406272539655254	-0.0766	2.17453066487401	-0.037454159886691506	-0.12	2.113188649294738	-0.031423163515566135	-0.0883	2.0932602299253746	0.8174823625389602	0.105	2.086393698951395	0.4777774929262524	0.0886	2.0395106163880543	0.1664339793832968	0.0972	2.047466663633638	0.005853827250016111	0.0766	2.0012623446608275	0.04130080979298777	0.12	2.034237147697471	0.12877612959828477	0.0883	2.20532869912507	1.3578177501958089	0.0	2.2239310970651913	1.5540913980419964	0.0	2.218699825671265	1.4502964661641988	0.0	2.3423889253944035	1.2392057202021443	-0.2016	2.4234328243437986	0.9898426495119159	-0.1613	2.2981199283332145	0.9989318401314325	-0.12	2.0546164288985946	1.261250121032138	0.2016	1.9256518163783023	1.0294771073862596	0.1613	2.084488559250489	1.0185665370070087	0.12
319	5.316666666666666	2.170475723355364	0.8297176297197832	0.0	2.2521453127252586	0.8033267331146821	-0.105	2.190544500655113	0.42014161224980423	-0.0886	2.123274501260346	0.015381427367732722	-0.0972	2.1496204902863405	-0.010688309823133624	-0.0766	2.175282111296297	-0.03739078367343379	-0.12	2.113774121511423	-0.030642317908305912	-0.0883	2.090519861727512	0.8197176251921875	0.105	2.0892420711292803	0.47800883784283316	0.0886	2.036758194950621	0.15732451215715076	0.0972	2.0474507384339558	0.006193456719312269	0.0766	1.9973477162056723	0.04394719926820852	0.12	2.0224662465512884	0.11106204885940982	0.0883	2.201738910779182	1.3602308714312148	0.0	2.221703498449196	1.5563303471509407	0.0	2.215016218031945	1.4528264873905423	0.0	2.339218581628395	1.2431315573589319	-0.2016	2.42231991716112	0.9925432073221718	-0.1613	2.301836311261468	1.0064533370233628	-0.12	2.0520578254165196	1.264175508188107	0.2016	1.9236857211086449	1.0318940095081583	0.1613	2.083804403422248	1.025303892578105	0.12
320	5.333333333333333	2.167004916343014	0.8349826282288766	0.0	2.249861755774246	0.8080352485195399	-0.105	2.189584244148134	0.4211037993968112	-0.0886	2.123571024409587	0.016513883485099898	-0.0972	2.148665234541238	-0.007946682842912257	-0.0766	2.1750845524186593	-0.03566320893968065	-0.12	2.1154985971890854	-0.03083954226779112	-0.0883	2.0875401661781807	0.8238532980186547	0.105	2.0920298232424557	0.47881493965812055	0.0886	2.0339927354246528	0.1456375542921179	0.0972	2.04678668062638	0.013327728139403763	0.0766	1.9967809885293166	0.05390383195363753	0.12	2.017643596317057	0.09181345789249862	0.0883	2.198545934013439	1.3610758237162446	0.0	2.2186015790176357	1.557324782759967	0.0	2.2127541583434733	1.4541879232391248	0.0	2.333618937389909	1.247777896320112	-0.2016	2.421610812423935	0.9953172969006526	-0.1613	2.305197404146956	1.0122345547551759	-0.12	2.050287814053675	1.2668315203767415	0.2016	1.9206941907265942	1.0388206778093696	0.1613	2.0830819648942462	1.0310444360629882	0.12
321	5.35	2.1635416161396703	0.8391344910951254	0.0	2.2466247742150527	0.8088815365932538	-0.105	2.1884670272712934	0.42281483090191013	-0.0886	2.12366970065443	0.016785205235240144	-0.0972	2.1461146861287133	-0.005105148596658622	-0.0766	2.1749443618210895	-0.03413836063477195	-0.12	2.1166896897600203	-0.030215929937886837	-0.0883	2.084619429820525	0.8252956306500296	0.105	2.097004016546952	0.4802475991403451	0.0886	2.031607704954609	0.13385302395967352	0.0972	2.050727538322091	0.03888695377574149	0.0766	1.9960551525431665	0.07770447205748318	0.12	2.015084548622524	0.07326530498349812	0.0883	2.196047621693122	1.3617308433842474	0.0	2.2151279783652438	1.557792084297846	0.0	2.20973368052725	1.454869189603702	0.0	2.32756406225136	1.2492026634071611	-0.2016	2.4207488245619904	0.9981657760927066	-0.1613	2.3053124429446	1.022837562059321	-0.12	2.0471413264281533	1.2683286073836653	0.2016	1.918620190119618	1.0432932701661468	0.1613	2.0824876082047927	1.04036865201401	0.12
322	5.366666666666666	2.1614582434886853	0.8411641400211005	0.0	2.244620456050024	0.8090804664469852	-0.105	2.187676573662219	0.42561656996534547	-0.0886	2.1234738162842106	0.016769051268024797	-0.0972	2.143661969550328	-0.0030692410385225605	-0.0766	2.1746308349550154	-0.03277831007717573	-0.12	2.1176725959641223	-0.029687647914390453	-0.0883	2.0832999908126846	0.8265413849844845	0.105	2.1016778525983315	0.48181006793766484	0.0886	2.0288208118456534	0.12197661793161298	0.0972	2.0569098677181867	0.059581646691809514	0.0766	1.9981542178508522	0.0840322446903013	0.12	2.011407123833727	0.06290673002921843	0.0883	2.1929161770278687	1.3619339888084023	0.0	2.2130282774966314	1.5578961637769544	0.0	2.207846176204744	1.4553695709322108	0.0	2.3241098100979056	1.2501677404705396	-0.2016	2.4196837993026374	0.9998602818836392	-0.1613	2.308618779493762	1.0295998326409141	-0.12	2.0448998314269713	1.2702445047912692	0.2016	1.9168900421351787	1.045555200954142	0.1613	2.0811404066768016	1.0421627356933472	0.12
323	5.383333333333333	2.1586198285756546	0.8418513602553472	0.0	2.241940431534829	0.8089547094194622	-0.105	2.186578956049052	0.42745111389740226	-0.0886	2.12330127224599	0.016550252274915002	-0.0972	2.145362628016458	-0.0021573539456107432	-0.0766	2.174563822906688	-0.03196078868065194	-0.12	2.1180556787571048	-0.028615447585237756	-0.0883	2.0798547337707967	0.8265307008613874	0.105	2.102806393377385	0.4819268038520558	0.0886	2.026841763829433	0.10837243835317262	0.0972	2.061403249217812	0.06280543696684489	0.0766	2.0163476063475674	0.0828826089648181	0.12	2.0076780594929797	0.05547198694617198	0.0883	2.1903128110958336	1.3613248655184191	0.0	2.210798249740219	1.557831401529696	0.0	2.20601266628041	1.4558563903113289	0.0	2.317876892346721	1.2513145489123578	-0.2016	2.4178938882106484	1.001084418703814	-0.1613	2.315775091458275	1.0363099980262218	-0.12	2.04202693274734	1.2715122146590283	0.2016	1.9138091631468825	1.0495536653962345	0.1613	2.0793273855185275	1.0423176270574117	0.12
324	5.4	2.1549637658004976	0.8420243551739764	0.0	2.2382502363506656	0.8089041350258707	-0.105	2.185267561807724	0.42783637869085456	-0.0886	2.1230353089569243	0.016509257856345105	-0.0972	2.152007895932588	-0.002621215773758366	-0.0766	2.17528998561023	-0.03164159186296958	-0.12	2.117795959375198	-0.027805889881788212	-0.0883	2.0774290793248813	0.8263821767958157	0.105	2.1033585626790368	0.4806395395663984	0.0886	2.026310267268797	0.1029694457376159	0.0972	2.063567180516325	0.05870789526554348	0.0766	2.0277013957923486	0.07555182637494014	0.12	2.005011355656131	0.048429392159229125	0.0883	2.187905311422109	1.361774626173988	0.0	2.2085362877312127	1.5578491819913756	0.0	2.20449847245967	1.4555918163725978	0.0	2.313683606696613	1.2521621146266366	-0.2016	2.4157091093037932	1.0015995151682555	-0.1613	2.310875812439605	1.0402479697351088	-0.12	2.0404238163508506	1.2719810622100718	0.2016	1.911814203099412	1.053333697335309	0.1613	2.077942641852068	1.043590777023141	0.12
325	5.416666666666667	2.1534953557955756	0.8417690487770924	0.0	2.2360847977115332	0.8088182106167747	-0.105	2.1842062867431338	0.4275215227389304	-0.0886	2.1227498550164787	0.017152710638588843	-0.0972	2.1554432111883624	-0.0036536029737746084	-0.0766	2.1753051384414475	-0.0317311737568355	-0.12	2.116737475042767	-0.027578049040820073	-0.0883	2.0765068009515555	0.8260570690166177	0.105	2.1034354035903555	0.47910857667827506	0.0886	2.0279648536941286	0.10184179420798584	0.0972	2.067936117554686	0.05690491992643386	0.0766	2.0353102653472144	0.07359127967222256	0.12	2.0054435184225654	0.046341021436560645	0.0883	2.1859814694231683	1.3613318006707888	0.0	2.206733411131743	1.5579206991338637	0.0	2.201542551395503	1.4549707442809312	0.0	2.311836177346463	1.251577797977631	-0.2016	2.411990633569079	1.00172846469068	-0.1613	2.31276370587585	1.0525136991091404	-0.12	2.0370922795825854	1.2720846342319228	0.2016	1.9107399552235211	1.0557009505127632	0.1613	2.077325375626739	1.0453605041936933	0.12
326	5.433333333333334	2.152618606786309	0.8413596205719849	0.0	2.233367939304796	0.8085305659464724	-0.105	2.1833656159017547	0.4269701749113623	-0.0886	2.122589473571914	0.018260339638514318	-0.0972	2.1564371226893466	-0.004111454105545809	-0.0766	2.1752673897117116	-0.03203036587822254	-0.12	2.114701831419495	-0.02757046941790562	-0.0883	2.0761091500239592	0.8249797785792369	0.105	2.1034074765512156	0.4777419386068547	0.0886	2.0304548363146555	0.10074848141843329	0.0972	2.0692407262576524	0.05588807338021629	0.0766	2.0409342916183166	0.07188722465321967	0.12	2.009944650827305	0.04627903959951048	0.0883	2.183072194544726	1.3610552757357364	0.0	2.204249916491567	1.5577755640388358	0.0	2.1986151960500027	1.4544355048886008	0.0	2.310435877711193	1.2504414939467068	-0.2016	2.406956565822811	1.0018993738691924	-0.1613	2.3160836924706936	1.0563738276643666	-0.12	2.0340920511397904	1.2717738931257219	0.2016	1.9089333361507748	1.0578697164537323	0.1613	2.0749068123527428	1.0473719914644517	0.12
327	5.45	2.1516452125517076	0.8409334801055306	0.0	2.2309761933351546	0.808301149562894	-0.105	2.182481726661787	0.42664127599941054	-0.0886	2.122364485789623	0.018525411252274512	-0.0972	2.1576373417325194	-0.0037378281579806202	-0.0766	2.1757195362622435	-0.0323441730067251	-0.12	2.11305526638496	-0.027818153893300935	-0.0883	2.076095484388433	0.8242550353464807	0.105	2.103374433093802	0.4757764118153981	0.0886	2.034265895934631	0.09917238137749504	0.0972	2.0693452352048696	0.05460289737782782	0.0766	2.048097017053409	0.06973410912996661	0.12	2.0149114557095302	0.04673251296002648	0.0883	2.1799745053683446	1.3607840710988628	0.0	2.202095324136118	1.557435032698432	0.0	2.1962657131851517	1.4539093563113616	0.0	2.307503785039601	1.2497664327690148	-0.2016	2.403779637042886	1.0020907573863813	-0.1613	2.3129509776723434	1.0607880322790093	-0.12	2.0330476299228	1.2717506311786104	0.2016	1.9093966780206109	1.05919470189505	0.1613	2.073204956694151	1.0477498517828867	0.12
328	5.466666666666667	2.151082807831219	0.8406859217637528	0.0	2.2276349059455076	0.8081685849113817	-0.105	2.1819660609746845	0.42637611922098856	-0.0886	2.1225694107553768	0.018887587868161297	-0.0972	2.1597096003331093	-0.0010853529854075866	-0.0766	2.1765427466811276	-0.031992742397714796	-0.12	2.111764815006829	-0.02792824024081769	-0.0883	2.076941446759958	0.8244534169406541	0.105	2.1030671683584363	0.47305135584370295	0.0886	2.039112826641687	0.09909700066683111	0.0972	2.0714249428848768	0.053775929955074825	0.0766	2.0550643897912635	0.07118101607883282	0.12	2.0176564293776686	0.04781082322067613	0.0883	2.178322279882887	1.3606274241328644	0.0	2.1993295339156553	1.5571416318509688	0.0	2.1938224109976296	1.4536230871473355	0.0	2.3058745734666006	1.2486450307642036	-0.2016	2.4009915859176965	1.002206524345611	-0.1613	2.3120656896874276	1.08087374147001	-0.12	2.032168945299602	1.2715766776056767	0.2016	1.9104458560358635	1.0599949121594243	0.1613	2.074495726552942	1.0550603138872248	0.12
329	5.483333333333333	2.150886782442158	0.8405607100806178	0.0	2.22785984984717	0.8080994947888339	-0.105	2.1820919468068136	0.42623194461838554	-0.0886	2.122735790685034	0.02014156226688788	-0.0972	2.164199535177787	0.0050594915211783775	-0.0766	2.180087860790674	-0.030389097959211755	-0.12	2.1102239491110555	-0.027648299681946802	-0.0883	2.0778859560986063	0.8258727999941897	0.105	2.1026355967586126	0.46897172333882586	0.0886	2.0454373613317607	0.10267140305780419	0.0972	2.0706500451194465	0.05457849975060376	0.0766	2.059382954075936	0.06771683894231134	0.12	2.0261006993802737	0.04907789014705241	0.0883	2.1765574907734213	1.360439915371265	0.0	2.1970136221526797	1.5565781631921136	0.0	2.1919131694084992	1.4531243239361857	0.0	2.3032311507987053	1.2476154660842103	-0.2016	2.3994803752415037	1.00277622462871	-0.1613	2.3106058996624834	1.0971471622511604	-0.12	2.031583847059949	1.2710615323498387	0.2016	1.91022584846215	1.0608708756760203	0.1613	2.0761110129535534	1.0667007705475315	0.12
330	5.5	2.1500281952761657	0.8401505572775948	0.0	2.2264981096568057	0.8079814478007334	-0.105	2.1826510848197422	0.4261496483164525	-0.0886	2.123326094280567	0.021289804558780163	-0.0972	2.1817952100871683	0.006938848966811448	-0.0766	2.1913307458486577	-0.027617401934763877	-0.12	2.1089368963940407	-0.027406131565581866	-0.0883	2.0788387149102667	0.8268057675644398	0.105	2.102237948173559	0.4679477527693727	0.0886	2.052378652988653	0.10816298925041526	0.0972	2.0715362929011745	0.055299684658408045	0.0766	2.0590780453804998	0.06759609107654761	0.12	2.0370523465936228	0.050791426793015626	0.0883	2.1750462187131983	1.3602927048175075	0.0	2.194943129038896	1.5559384598668404	0.0	2.189179647802777	1.452570590023088	0.0	2.299946147943449	1.2471227805018905	-0.2016	2.397649077499285	1.003664980325234	-0.1613	2.3098974869842723	1.106590350081866	-0.12	2.0309802653850255	1.271317894599727	0.2016	1.9100765522410752	1.0639037184354934	0.1613	2.0756359090489997	1.07238252337236	0.12
331	5.516666666666667	2.1490006793531444	0.8396640474990308	0.0	2.2239309270303522	0.8077018418123069	-0.105	2.1830542757546034	0.42587919362075555	-0.0886	2.123545217607207	0.021804205307168756	-0.0972	2.1966091861119934	0.007388869573018764	-0.0766	2.19989013475731	-0.0261549722097591	-0.12	2.1078732849534725	-0.027567685446472825	-0.0883	2.0790826111992713	0.8267892542367914	0.105	2.1018285557596297	0.46782188990395723	0.0886	2.0584102209448885	0.10943396458058605	0.0972	2.069259609907378	0.05742389552555078	0.0766	2.0563547241289104	0.06938916741023048	0.12	2.039210326175514	0.052403939407908495	0.0883	2.173342306684392	1.3601327146172375	0.0	2.1922397607270323	1.5553467373650813	0.0	2.187213280691202	1.452131598138139	0.0	2.299275890500301	1.2467849584114399	-0.2016	2.396110779269489	1.0044118635373969	-0.1613	2.309691756667683	1.1120479936153347	-0.12	2.030216795019426	1.2708047193509888	0.2016	1.9096169869443633	1.0670743019597502	0.1613	2.0753825773598367	1.0783911875119148	0.12
332	5.533333333333333	2.148194402576454	0.8394294547259764	0.0	2.2230658043703113	0.8070941538513613	-0.105	2.1831438607198237	0.4254935397348079	-0.0886	2.123099144354833	0.022032975724582758	-0.0972	2.200439717239308	0.007301561771996527	-0.0766	2.2018142256936444	-0.025221955470821213	-0.12	2.1074433272879087	-0.02820805705924418	-0.0883	2.07762147453065	0.8257391597245317	0.105	2.1019170168698524	0.46828472375406904	0.0886	2.06235510704799	0.1104298256089866	0.0972	2.0693478269314465	0.06044867773229499	0.0766	2.0567648124046642	0.072956115280724	0.12	2.0417422386538653	0.05107334536893153	0.0883	2.1710737061189174	1.3599252210220807	0.0	2.1907372363401008	1.554369687403814	0.0	2.1863123874405916	1.4513745213605154	0.0	2.2966460777259146	1.2466324782949707	-0.2016	2.3949134017996814	1.005000319080475	-0.1613	2.31211309882387	1.1162754336783403	-0.12	2.029494734149039	1.270928922208097	0.2016	1.9111808774932453	1.072650339328589	0.1613	2.074223749393533	1.0765342992035993	0.12
333	5.55	2.146834436126205	0.8392643977133696	0.0	2.2229114156958594	0.8062539201680358	-0.105	2.182878686746863	0.42508171873178363	-0.0886	2.122924725330153	0.021946371475047785	-0.0972	2.200727502385356	0.007380267460064753	-0.0766	2.2026709651044003	-0.025116870874560236	-0.12	2.1074302120941684	-0.028549839606073244	-0.0883	2.0756406448581495	0.8244625589298601	0.105	2.1025487667824962	0.46892332969483475	0.0886	2.065123855088193	0.10935461828468397	0.0972	2.0699520126618096	0.06146809420198766	0.0766	2.056989186463106	0.07476102735560353	0.12	2.043264526280549	0.05433817712155397	0.0883	2.169192350971877	1.3594641422053628	0.0	2.1886044619621483	1.5532732072205864	0.0	2.1854212985638704	1.4497134881482767	0.0	2.2929980533434438	1.2466761217526656	-0.2016	2.3929957091268292	1.005280819148855	-0.1613	2.3150881424879803	1.1196598909742297	-0.12	2.029423040543615	1.271211044580061	0.2016	1.91276726053945	1.0774837312920142	0.1613	2.0737414497922546	1.0742706002880427	0.12
334	5.566666666666666	2.145299272580564	0.8391711785336196	0.0	2.2214689326897807	0.8046127299960361	-0.105	2.1831471786987415	0.42454056288496383	-0.0886	2.1224685660576945	0.022101777181864492	-0.0972	2.2005945585196947	0.007221496832305441	-0.0766	2.202812069306234	-0.025261095557523598	-0.12	2.106566352652413	-0.02878504081340359	-0.0883	2.0753580199583883	0.8234888514978967	0.105	2.1036539287050307	0.46962162423614573	0.0886	2.06491831238404	0.10804018445433743	0.0972	2.0705504437976407	0.06018561789905673	0.0766	2.0584652048792824	0.07397671744550485	0.12	2.0438430713115103	0.05466108558902457	0.0883	2.16745600709555	1.3588611589220558	0.0	2.1855443447950416	1.5522278879776727	0.0	2.1834817628785914	1.4480196825823661	0.0	2.290998892541244	1.2466351498227843	-0.2016	2.390098632786605	1.005449199295361	-0.1613	2.314403104892936	1.1207724537678014	-0.12	2.029200223730514	1.271778405708275	0.2016	1.915553852927142	1.0796443030472804	0.1613	2.073088095166922	1.073771116362922	0.12
335	5.583333333333333	2.1435325921323316	0.8392022083330087	0.0	2.218179034111741	0.8045772229321094	-0.105	2.1835861298703922	0.4238179265042525	-0.0886	2.1218993705715183	0.022921900503597367	-0.0972	2.2001627860331294	0.00689376066745729	-0.0766	2.201795968754087	-0.025474920715892673	-0.12	2.105011834177725	-0.029078396263201918	-0.0883	2.0733502820198093	0.822796714698897	0.105	2.105189627208036	0.469887525687956	0.0886	2.063953899848773	0.1065250864635939	0.0972	2.0708981527798027	0.05860383923694958	0.0766	2.0591400527733636	0.07245688156999029	0.12	2.043919847737598	0.051122065846983235	0.0883	2.1654210962691036	1.3579439637664863	0.0	2.1832445052514413	1.5510686027591851	0.0	2.182282071311913	1.4462773192533496	0.0	2.288656874547763	1.2465237031145633	-0.2016	2.387746554001094	1.0054167893831503	-0.1613	2.312401399180663	1.123608606416396	-0.12	2.028763058142505	1.2719225791081437	0.2016	1.9173679361223728	1.0803179399365779	0.1613	2.0739640851130967	1.0796148625439133	0.12
336	5.6	2.141918913584359	0.8393891436547951	0.0	2.21568034628852	0.8048959945728205	-0.105	2.1841554720044805	0.42374171970978486	-0.0886	2.1217850885836245	0.026025810806672545	-0.0972	2.1996616173514156	0.006749455809536772	-0.0766	2.200897183703019	-0.025555685104387427	-0.12	2.103294964687495	-0.028716854748424833	-0.0883	2.071848129623769	0.8236507129138376	0.105	2.1062384730324872	0.46991284609079226	0.0886	2.0630473880092897	0.10565415038597278	0.0972	2.070480163343276	0.05628713179049156	0.0766	2.05826364461797	0.06993327053509776	0.12	2.0433015066567046	0.04754291516642194	0.0883	2.163105986294353	1.3565002500397494	0.0	2.181357832259748	1.5498656045575823	0.0	2.1825965556919336	1.4439085709743849	0.0	2.284681303915838	1.2464287996615142	-0.2016	2.3855208946607087	1.0052780131965973	-0.1613	2.3085861365286244	1.1275676506772458	-0.12	2.0278416033006206	1.2719252889317003	0.2016	1.918804661895372	1.0847697945676982	0.1613	2.0760216316310935	1.0930507583023532	0.12
337	5.616666666666666	2.1407302996434607	0.8396168231173979	0.0	2.2131826135729424	0.8058126259197391	-0.105	2.184935968078905	0.42405819112713317	-0.0886	2.121815092387507	0.030681531961976677	-0.0972	2.1991895507075268	0.006714950788234031	-0.0766	2.200450323666149	-0.025466217630943862	-0.12	2.1016079465404296	-0.027916652060303495	-0.0883	2.071204829690031	0.8261804738036475	0.105	2.106248604933913	0.46997650582066414	0.0886	2.0615989887023667	0.1048204454909008	0.0972	2.0682447742749273	0.05360249431831654	0.0766	2.0561700793271593	0.06755508993559703	0.12	2.041543047353744	0.04392447850725647	0.0883	2.1602671066184684	1.3551505007876588	0.0	2.1795987895716773	1.548934896160388	0.0	2.183589057795304	1.440315158303111	0.0	2.2804712514128935	1.2463546338438682	-0.2016	2.382662090560479	1.005024005496422	-0.1613	2.30029964894199	1.1302562277178312	-0.12	2.0283832536729465	1.2721551620098268	0.2016	1.9218818787891976	1.0849023626959347	0.1613	2.07968103595037	1.1046349764828212	0.12
338	5.633333333333333	2.139414013109035	0.8397275454893827	0.0	2.212233726590819	0.8086467540376231	-0.105	2.185928665993212	0.42417563936315283	-0.0886	2.121255849633044	0.035920936282808964	-0.0972	2.198620533648367	0.006329394455526119	-0.0766	2.1988360568500833	-0.02536246625243383	-0.12	2.0983082997063476	-0.025231605767224437	-0.0883	2.0691330995512014	0.8335704192894733	0.105	2.105321581250871	0.4686609515329976	0.0886	2.0598326703710925	0.10420695408756502	0.0972	2.067897231090856	0.05197695884385089	0.0766	2.0546314471676603	0.06317752989670661	0.12	2.037264884853778	0.041438916568262076	0.0883	2.1579243716371024	1.3543903282763923	0.0	2.1768690069504677	1.548351584626551	0.0	2.184133251118278	1.4378174060684668	0.0	2.2737357738141712	1.2463591773808245	-0.2016	2.379757910987775	1.0048326713982774	-0.1613	2.292722233858969	1.13237112708355	-0.12	2.0288629088838204	1.2732475181729115	0.2016	1.9278496964133882	1.090910691979614	0.1613	2.087992182501318	1.123455773825435	0.12
339	5.65	2.139016863084491	0.839664489618915	0.0	2.2105597683388893	0.8113058971474452	-0.105	2.187941299342749	0.42377267109247924	-0.0886	2.1202283169959077	0.039276125584500964	-0.0972	2.1977764690586574	0.005512554045352502	-0.0766	2.1971599668023396	-0.02529344647088148	-0.12	2.0956557704087935	-0.020067951759626744	-0.0883	2.067728624467491	0.8378557796860844	0.105	2.103863135056784	0.464559859527497	0.0886	2.0570959231028043	0.10376263763772953	0.0972	2.0692676788003666	0.05056436041615846	0.0766	2.0539001818313873	0.05971704075987587	0.12	2.033576231822101	0.03996696877645824	0.0883	2.156028073309856	1.353992979156769	0.0	2.173575549607543	1.5478379952287544	0.0	2.1825658839044513	1.4364445952042233	0.0	2.2692399101508762	1.2461979083155337	-0.2016	2.3774428528041267	1.004540201266895	-0.1613	2.28733020792174	1.1336814430826958	-0.12	2.0288781249869863	1.2737869278531802	0.2016	1.9346506253492257	1.0919828304603438	0.1613	2.094199231048195	1.1383609979548999	0.12
340	5.666666666666667	2.1377681504118256	0.8395163542599615	0.0	2.2076584007990268	0.8117519146092715	-0.105	2.190359555936699	0.4228916807402181	-0.0886	2.119203373330623	0.042246765010273524	-0.0972	2.196931185651835	0.0049295294613341464	-0.0766	2.1964091000775277	-0.025095254575468958	-0.12	2.0923001781601513	-0.015863776229725263	-0.0883	2.067218880201321	0.8396830840292145	0.105	2.10192506126093	0.45972820834217126	0.0886	2.0552384868924967	0.10347400682820036	0.0972	2.074465226157588	0.04868691691146099	0.0766	2.05492110712733	0.05846269552490739	0.12	2.0305269124948273	0.03842394726421456	0.0883	2.1542245641293336	1.353764337840944	0.0	2.171280192234275	1.547879990210159	0.0	2.1785162572310646	1.4358003543719715	0.0	2.2671509075115006	1.2457524302588852	-0.2016	2.374467315936297	1.0042186759885605	-0.1613	2.2834209335031446	1.1340142191732026	-0.12	2.0288910762266306	1.274082136551807	0.2016	1.93987214310222	1.093502518171027	0.1613	2.099110862095528	1.1476076982511199	0.12
341	5.683333333333334	2.135170824432234	0.8393460514036734	0.0	2.2052019516468886	0.81227295107676	-0.105	2.1934618528761014	0.42290688757553757	-0.0886	2.1184929640502936	0.043873817200456244	-0.0972	2.196220774839728	0.0043824334326949335	-0.0766	2.1957602637806533	-0.024732086901552344	-0.12	2.0889762280432196	-0.014576277673457476	-0.0883	2.065461957459597	0.8428395557040931	0.105	2.0983202047527585	0.4582070708620063	0.0886	2.054171201388382	0.10320048359453374	0.0972	2.0844853612524292	0.04758422612513522	0.0766	2.0598288142561585	0.05804061258019742	0.12	2.02906817177981	0.03733244697534803	0.0883	2.1519726958169128	1.3538377425821706	0.0	2.1690958974659753	1.5480985844327881	0.0	2.1773645917243996	1.4355304588419402	0.0	2.264229510987553	1.245083027008267	-0.2016	2.3720705120769106	1.004023293804881	-0.1613	2.2819201837869865	1.134494494242943	-0.12	2.0286257849321383	1.2748953311935547	0.2016	1.946169488105306	1.096112126509996	0.1613	2.103813672335599	1.1492463591553002	0.12
342	5.7	2.133319602887013	0.8391173735525989	0.0	2.203275873751081	0.8126313378564082	-0.105	2.197511259986149	0.42177347772986484	-0.0886	2.118582067172024	0.04723934138028082	-0.0972	2.1964356050250546	0.0037175787853825776	-0.0766	2.1954458883842594	-0.024407310899664594	-0.12	2.087438468426583	-0.012133944592145333	-0.0883	2.0610864462263128	0.8457661802264456	0.105	2.09561134577425	0.4581411823771613	0.0886	2.0536680426015645	0.1036462882047185	0.0972	2.0873582260878107	0.04722971796762903	0.0766	2.062298839835305	0.0575890304300547	0.12	2.0280295525783205	0.03691339562086226	0.0883	2.14944171451973	1.3543490361255515	0.0	2.1673468494712345	1.5486515330307336	0.0	2.177638979141543	1.435465704863506	0.0	2.2609227929953133	1.2446770962284237	-0.2016	2.368335027265962	1.0040623254909855	-0.1613	2.2942196886435955	1.1355500606719824	-0.12	2.0275464402747283	1.2757700463445567	0.2016	1.9547097819801929	1.0937506019545082	0.1613	2.1100379636893716	1.14859805599269	0.12
343	5.716666666666667	2.1315793563315015	0.8388146405699068	0.0	2.200535051362361	0.8148257402651292	-0.105	2.20277748735255	0.4214436649035592	-0.0886	2.1189791752700775	0.05506061885109758	-0.0972	2.1968055913474234	0.002176880836058076	-0.0766	2.1951374668190766	-0.0243245436200071	-0.12	2.0873020408659304	-0.008301480020900788	-0.0883	2.0590209086377413	0.8478571846454989	0.105	2.0936997128236583	0.45777432072693985	0.0886	2.0533620485281143	0.10441675034992556	0.0972	2.087162591083752	0.04551250605737082	0.0766	2.0634789297674434	0.055812882905585864	0.12	2.0269590622849663	0.03324577112741416	0.0883	2.147933260664037	1.3549057719790412	0.0	2.1665600507345353	1.5494972525888147	0.0	2.177892041857364	1.4354903832643966	0.0	2.259235833109263	1.2441621333866688	-0.2016	2.363594499590064	1.0043977106967006	-0.1613	2.3372993084234905	1.1348425440222707	-0.12	2.0277811444363794	1.277422107236409	0.2016	1.9612419759901558	1.0954939588566013	0.1613	2.1182217726952373	1.1621740101552411	0.12
344	5.733333333333333	2.1290221683283144	0.8386142222998592	0.0	2.1980907168758774	0.8162341939854739	-0.105	2.2109800323433833	0.42165605015999674	-0.0886	2.118989775023071	0.060298535980908785	-0.0972	2.1966527072733397	-0.0006514253053726132	-0.0766	2.1948731353415267	-0.02432112811263851	-0.12	2.085384583331158	-0.003960296829550396	-0.0883	2.0541838794855423	0.847621648819929	0.105	2.0908246669152106	0.4567092378757552	0.0886	2.0530356833856556	0.10464628060560993	0.0972	2.0862471731455092	0.04263467688803102	0.0766	2.0630014583446203	0.0532659228207113	0.12	2.0244703552857684	0.029794121999979058	0.0883	2.146764097817617	1.3555153356220242	0.0	2.1656910276584354	1.5500705522326887	0.0	2.1800703608960488	1.4353533892524044	0.0	2.255760328412674	1.2437191235425489	-0.2016	2.3593422978771894	1.0049378100614486	-0.1613	2.3456799284672583	1.1371019400166087	-0.12	2.027483002656304	1.2781528284805659	0.2016	1.9711226441351395	1.1053931164336976	0.1613	2.1504927803199307	1.1754393415250892	0.12
345	5.75	2.1246967322726045	0.8388023753767413	0.0	2.193873674905499	0.8177664340592902	-0.105	2.2187097790795276	0.4225803235980508	-0.0886	2.11919344755238	0.06985304407476302	-0.0972	2.198547771901861	-0.002954911592750728	-0.0766	2.1948278003943966	-0.02437716293975763	-0.12	2.079965020115034	0.0062759680572454304	-0.0883	2.049481726719765	0.8481832094752711	0.105	2.0883910792075135	0.45539384455042375	0.0886	2.0528683806396812	0.10573232506256544	0.0972	2.0875778509398306	0.03848318022072446	0.0766	2.062471644579001	0.05002321879801078	0.12	2.0206085930263202	0.028463476208155016	0.0883	2.1455866083871036	1.3559811488963633	0.0	2.164610323049998	1.5506311148883347	0.0	2.180760559153458	1.4352141918983226	0.0	2.252230985941559	1.2436536020069484	-0.2016	2.3545987980138183	1.005739953291471	-0.1613	2.345862897120921	1.1409022767732016	-0.12	2.0279269679512466	1.2795919577700707	0.2016	1.9785126588818998	1.111346758958773	0.1613	2.19243812699781	1.1880157251366827	0.12
346	5.766666666666667	2.122291959461483	0.8396472802156497	0.0	2.1870653129444464	0.8244849891495797	-0.105	2.227018986548161	0.4250669403780867	-0.0886	2.1191362648885192	0.08770692759761509	-0.0972	2.2012745913081724	-0.004285819322165915	-0.0766	2.1949391480926046	-0.02474585948228453	-0.12	2.0724870904350285	0.018487258768182628	-0.0883	2.0485382868284345	0.8535271320681449	0.105	2.0864378207561973	0.45454490814417864	0.0886	2.0529539585340855	0.10747804730470253	0.0972	2.08763547140107	0.03139277127594899	0.0766	2.064695641794172	0.04510642927328476	0.12	2.0164702755238992	0.02688407542144193	0.0883	2.144935557765309	1.3563428241248987	0.0	2.1633556585916565	1.5511115173427084	0.0	2.1804620999165274	1.4350418701729175	0.0	2.250660684340626	1.2436315232355644	-0.2016	2.347679457072349	1.0070261949136796	-0.1613	2.3457641716712363	1.1429988926103574	-0.12	2.028882633364018	1.283062983396654	0.2016	1.9820882134266147	1.1187124816625025	0.1613	2.177629181727206	1.194392380186717	0.12
347	5.783333333333333	2.1186794470861248	0.8411814614056384	0.0	2.1814235703897746	0.8291173042638392	-0.105	2.2351331820475906	0.4278784433591688	-0.0886	2.1176852428518096	0.09314585442600387	-0.0972	2.2023977370622534	-0.0055634066616554526	-0.0766	2.195208242294456	-0.025156994308838145	-0.12	2.0659524580483053	0.022714824765774605	-0.0883	2.047574277616372	0.8572344935679131	0.105	2.085455648008879	0.4544998219048718	0.0886	2.052916237856602	0.10870194430013608	0.0972	2.095644383233007	0.027251660274923276	0.0766	2.0723722072757043	0.040297792863801064	0.12	2.014960577608794	0.025502039507530078	0.0883	2.144379134053099	1.3568101076637549	0.0	2.1626251825105793	1.5514366230555596	0.0	2.1819844223626497	1.4349445922758042	0.0	2.246339520366831	1.2435160965712893	-0.2016	2.341845686863078	1.0085408962806017	-0.1613	2.3509999997918993	1.1466616799819889	-0.12	2.029905998099006	1.2860352397098842	0.2016	1.9940928110668497	1.1246193676974028	0.1613	2.2429487336409593	1.2130181844110093	0.12
348	5.8	2.1133873282014113	0.8437328865239663	0.0	2.1773745863943876	0.8331973146556119	-0.105	2.2420212628969036	0.43089953329426767	-0.0886	2.1154254511945414	0.1031614845479939	-0.0972	2.202875476346723	-0.006231490164050606	-0.0766	2.195067196152846	-0.025169610282049122	-0.12	2.0597799093987335	0.029959866197583646	-0.0883	2.046716869290972	0.8588573256305383	0.105	2.0849021373154817	0.454738374965681	0.0886	2.0528006998301045	0.10945190029952223	0.0972	2.121113685337994	0.024221543831449678	0.0766	2.095722430445783	0.03839117908581235	0.12	2.013532393034334	0.024617206970630516	0.0883	2.1438285260248895	1.3575184525910922	0.0	2.1620352759255694	1.5516880611190424	0.0	2.1838199326135106	1.435041838715366	0.0	2.2422244323527636	1.2431741873263469	-0.2016	2.336360696165391	1.0094742409611301	-0.1613	2.3541738423593626	1.1506772769811597	-0.12	2.031129453462044	1.2887888959814469	0.2016	2.02514299583486	1.120992870364505	0.1613	2.273937719694654	1.2237428197050866	0.12
349	5.816666666666666	2.109371256316384	0.8458758708019914	0.0	2.17280600265695	0.8366987989298358	-0.105	2.2461744434077544	0.43772117460167287	-0.0886	2.1129926784869864	0.11277088586101891	-0.0972	2.2024720914487745	-0.005479415074125173	-0.0766	2.1940947233006374	-0.024484334255113337	-0.12	2.054150881205454	0.044309536582947735	-0.0883	2.0459819504810053	0.8615120850732757	0.105	2.084646593801842	0.45693190292419583	0.0886	2.052810861587405	0.11046394728939857	0.0972	2.1280746214575132	0.02293800042745142	0.0766	2.1034531970681623	0.03764089147396265	0.12	2.0131553588560487	0.023564449261008175	0.0883	2.143297908549062	1.3584056870585532	0.0	2.161623619872107	1.5518792841531417	0.0	2.1895214067690802	1.4352776510687375	0.0	2.235628345020658	1.242716816222393	-0.2016	2.3325475317432836	1.0106872786348706	-0.1613	2.3572764347645414	1.1469228440290697	-0.12	2.03473581212036	1.29244880754438	0.2016	2.098438420084399	1.1197172324230407	0.1613	2.2928969588940364	1.223057780251829	0.12
350	5.833333333333333	2.1086134262228073	0.8476277979911515	0.0	2.166448544006536	0.8489132586264154	-0.105	2.2524762641372216	0.44697345730397614	-0.0886	2.10795787386868	0.1259633547782101	-0.0972	2.2027676638573723	-0.005349927331310102	-0.0766	2.1919178521750204	-0.021063583518547493	-0.12	2.0458854261358237	0.05171580311359762	-0.0883	2.0457845214032564	0.8727126483222628	0.105	2.084563366856114	0.46101611450977353	0.0886	2.0532236808973976	0.1119574126094201	0.0972	2.1365330060828684	0.02363538148247825	0.0766	2.1186711169143786	0.03716202651493159	0.12	2.014276206987323	0.022717796321510664	0.0883	2.1430050131379965	1.3592473688473	0.0	2.161840948868024	1.55202558873859	0.0	2.198625497873815	1.435501725670084	0.0	2.225912640315223	1.2426353047029524	-0.2016	2.328794284938163	1.011873764943092	-0.1613	2.3630127753856427	1.14474240677721	-0.12	2.039394883690891	1.297169914269896	0.2016	2.155360026409906	1.1290404176680227	0.1613	2.3131341984284854	1.2235174995830231	0.12
351	5.85	2.1077956048935405	0.8474273423939079	0.0	2.1646494227601054	0.8505105427487024	-0.105	2.2574265084282503	0.44950140702375563	-0.0886	2.1033816309361746	0.13299122531599505	-0.0972	2.2032288694095166	-0.004727670059853979	-0.0766	2.187284948866617	-0.016459638067537696	-0.12	2.037880507133857	0.05658753854568766	-0.0883	2.0463413778389934	0.8741231744817498	0.105	2.0844851041482384	0.4667935934115471	0.0886	2.053860695663552	0.11389324997666772	0.0972	2.1560978484764655	0.0215943803184001	0.0766	2.133032382162756	0.03602210790736326	0.12	2.0162515503094927	0.022145872334998602	0.0883	2.143287138227434	1.3595382200173396	0.0	2.1617815261039888	1.5521724262988523	0.0	2.2050818005814503	1.435824095316913	0.0	2.222266180014102	1.2421944060494112	-0.2016	2.324388515679991	1.0129039704062968	-0.1613	2.367541439265898	1.1431636194698493	-0.12	2.04392032905396	1.2991475722888424	0.2016	2.1650211571930376	1.1336356308807496	0.1613	2.3179480851271967	1.2227141058780973	0.12
352	5.866666666666666	2.106588149816728	0.8468251919659413	0.0	2.1636639986460677	0.8501685179974661	-0.105	2.260844459481245	0.45162481030643653	-0.0886	2.1016497589666385	0.1372594536113273	-0.0972	2.2027922354196554	-0.004097060479791657	-0.0766	2.182421150873472	-0.012331948457497806	-0.12	2.035965147320339	0.06611756058121326	-0.0883	2.046642526566026	0.8736988491824845	0.105	2.084205961586108	0.4687303302704931	0.0886	2.054425852959624	0.1155935000012129	0.0972	2.174606607127019	0.015793601936788713	0.0766	2.1630538625176055	0.03256123968852515	0.12	2.0176008913473558	0.021233459238794355	0.0883	2.143184063068934	1.3595111342822748	0.0	2.162015542126647	1.5522430082728298	0.0	2.2093089663155836	1.436033432934175	0.0	2.222237898782588	1.2406088376766173	-0.2016	2.32379171647828	1.013775469355003	-0.1613	2.3746387525409127	1.1426461989140673	-0.12	2.0473728225658867	1.2997959959479712	0.2016	2.158546432334502	1.1337492218709269	0.1613	2.3166009842833666	1.224906911035498	0.12
353	5.883333333333333	2.1036195634829324	0.8469848014861997	0.0	2.159879442047785	0.8540240650938108	-0.105	2.262968634909686	0.4527003579288478	-0.0886	2.1002325704401965	0.13984325572503659	-0.0972	2.2018861442688	-0.003354812325336902	-0.0766	2.1795159799230763	-0.008509124603163193	-0.12	2.0329361535099757	0.07102354993341345	-0.0883	2.045136763661115	0.8766231241398911	0.105	2.083537984235037	0.4692846221044928	0.0886	2.054727964203397	0.11564867662279144	0.0972	2.1835216370875674	0.011037716810088812	0.0766	2.180658849253899	0.030038596306753852	0.12	2.018787107791163	0.01936095961991996	0.0883	2.1424041723961214	1.3595754545246463	0.0	2.1621214739161787	1.5524074258320126	0.0	2.2123003471012477	1.436219890518025	0.0	2.214602074842184	1.2400778838072481	-0.2016	2.3211642975561446	1.014527111164259	-0.1613	2.3831419003751075	1.1466945129782622	-0.12	2.0488418651706692	1.3021127438963398	0.2016	2.180424625405229	1.1341818975429412	0.1613	2.3284452754398575	1.2178223010533205	0.12
354	5.9	2.1002805233244595	0.8473100117621454	0.0	2.1573013658350857	0.857786536546034	-0.105	2.264507419560013	0.4536460299518355	-0.0886	2.0983976543068277	0.14363119661717003	-0.0972	2.1996984530619104	-0.0024100959706533226	-0.0766	2.174775455284896	-0.0033742470255823734	-0.12	2.030003315938354	0.07352913443070036	-0.0883	2.0442961857420325	0.8809369460197295	0.105	2.082552539553529	0.4693741745442997	0.0886	2.0548430850968264	0.11468879196205703	0.0972	2.189865574133811	0.0096464010221404	0.0766	2.1812976681907226	0.02892008850646296	0.12	2.0200716428864633	0.01853505917187598	0.0883	2.142059448025614	1.359776668014649	0.0	2.1624174185061755	1.5523746214176044	0.0	2.2155165207342273	1.4365026133206502	0.0	2.210458097701428	1.2393586995078976	-0.2016	2.316783602569488	1.0152726791494513	-0.1613	2.3906802132593454	1.147165365486038	-0.12	2.0508864828001347	1.3053536385874178	0.2016	2.187915933682586	1.1468406313566688	0.1613	2.3274531147168362	1.2230997815451334	0.12
355	5.916666666666667	2.098160632693659	0.8472528920199272	0.0	2.155363925158103	0.8561899088500178	-0.105	2.2670098167737236	0.4549713384768652	-0.0886	2.0948643507958655	0.14383470484500918	-0.0972	2.1933886621108836	-0.0010767576865787845	-0.0766	2.165516813041572	0.00025769591831492633	-0.12	2.0264423186525153	0.07696439442106656	-0.0883	2.043543084040413	0.8799799408628675	0.105	2.0814897572167186	0.4690385106465878	0.0886	2.0548445597259297	0.11106243196669789	0.0972	2.1953462265628576	0.008411987255357141	0.0766	2.1797650914190854	0.027889179696989196	0.12	2.0208781454712756	0.01767604176258087	0.0883	2.1421195555238026	1.359485228191772	0.0	2.163371385515635	1.5522819430247092	0.0	2.2204778569747954	1.4369378660433183	0.0	2.2056401506451246	1.2394386572968712	-0.2016	2.313685656108812	1.015223817428412	-0.1613	2.394046760193306	1.1439437425180021	-0.12	2.053219773642089	1.3073584841918022	0.2016	2.1747334984057063	1.1718854237411618	0.1613	2.31183922405566	1.2368358685652132	0.12
356	5.933333333333334	2.0971961090907434	0.8471595771625753	0.0	2.15053713335202	0.8589864889974613	-0.105	2.269784759329672	0.46003365323268103	-0.0886	2.0899358851051093	0.14534538379938247	-0.0972	2.18835441840833	0.0010690683156162131	-0.0766	2.160286636540956	0.002143307807679136	-0.12	2.019924010031174	0.08025287386107334	-0.0883	2.042107399363147	0.8832245218024085	0.105	2.080132520154564	0.4687903389420983	0.0886	2.054798742112184	0.1032967154498111	0.0972	2.1987240269726938	0.007562627293174709	0.0766	2.179142205570658	0.02709623957932799	0.12	2.021182403956697	0.016571240172190096	0.0883	2.1424467432688155	1.3588444266432969	0.0	2.1638153840652254	1.5523211085302395	0.0	2.2257614816862485	1.4376838484270993	0.0	2.2012644514132127	1.238777489694111	-0.2016	2.3093082078821636	1.0154048130979454	-0.1613	2.398591037727598	1.1444483514910249	-0.12	2.0543990128109972	1.3096962706753503	0.2016	2.189304508232962	1.2122386450140057	0.1613	2.313026672680468	1.2566715516503597	0.12
357	5.95	2.0961163964716274	0.8465423777767881	0.0	2.1478487421771617	0.8590004852569858	-0.105	2.2735093526096746	0.4651188191210242	-0.0886	2.0859977082632266	0.14483173813479822	-0.0972	2.1872715805308367	0.002129949821762289	-0.0766	2.160047132116637	0.003330057949760594	-0.12	2.0162330937189203	0.08320090470006292	-0.0883	2.0427171460470674	0.8853965067173576	0.105	2.0798406085874714	0.4686029319774851	0.0886	2.05501646652425	0.09610881313181338	0.0972	2.20090199204491	0.006257112233672049	0.0766	2.1806507193984843	0.025827690848223027	0.12	2.0213346425877323	0.015297678854256945	0.0883	2.142661253292147	1.3579703120300994	0.0	2.1650267871972106	1.5525697921172688	0.0	2.2347855714406206	1.4385062944883094	0.0	2.198242640392471	1.2369902157160046	-0.2016	2.30508702150726	1.01527644086536	-0.1613	2.403924882647106	1.14896106569075	-0.12	2.0531755527673936	1.3114020743114922	0.2016	2.1856459692129104	1.230943613331275	0.1613	2.313217974559775	1.26413773746464	0.12
358	5.966666666666667	2.0953442744940842	0.8454092988455922	0.0	2.1472075117979927	0.8523498761581724	-0.105	2.274486094467666	0.46621909672536216	-0.0886	2.0872541906885624	0.14728901425783603	-0.0972	2.1875176767169267	0.002621989422077503	-0.0766	2.1594663525126605	0.0029757418218446866	-0.12	2.019978612918414	0.08231107569481522	-0.0883	2.042208069296045	0.8759098336639571	0.105	2.0806544322261846	0.4684839227324857	0.0886	2.0557258002136085	0.09535582151026038	0.0972	2.203921206640682	0.006880130101042943	0.0766	2.188680892998977	0.026243594723290617	0.12	2.0213835023653917	0.014175563932081019	0.0883	2.1431312037052264	1.3563051063721197	0.0	2.1660196916447143	1.5529559530061607	0.0	2.237562700554528	1.4397820544933575	0.0	2.197772299198629	1.2333036630377103	-0.2016	2.3010322158954555	1.0153744420880928	-0.1613	2.4092564401015006	1.150007854379915	-0.12	2.0574901766510187	1.312619227486819	0.2016	2.199268298198653	1.2567684728836357	0.1613	2.3245396188707583	1.282489274470944	0.12
359	5.983333333333333	2.0948516159948203	0.8437747978943778	0.0	2.1449043934936	0.8459039025417875	-0.105	2.2748634168633974	0.46644694171958434	-0.0886	2.0876471117390203	0.14607316339625467	-0.0972	2.186834072431513	0.0023864632711144557	-0.0766	2.1595082865308064	0.00278101755577749	-0.12	2.0210863720023964	0.08218564665168757	-0.0883	2.0419107298203567	0.8678644691486699	0.105	2.0806980144413063	0.468602671433285	0.0886	2.0560121325728367	0.09419621829493621	0.0972	2.2050569385757237	0.007300332822723868	0.0766	2.188280000647094	0.026800315857677913	0.12	2.020973262606489	0.012510620986909575	0.0883	2.14337456024952	1.3543672214264777	0.0	2.166524031151308	1.5531416522965233	0.0	2.238045123425077	1.4403163583494587	0.0	2.194227420858246	1.2306781909908586	-0.2016	2.2961805697574578	1.0152457405718747	-0.1613	2.41174788362303	1.1470180288436675	-0.12	2.0594034362203257	1.3134690813833372	0.2016	2.2147053515489494	1.2703304601848817	0.1613	2.3424707182914304	1.2995200723173521	0.12
360	6.0	2.0943026681403274	0.8424641809224582	0.0	2.1420507704557585	0.8384197791814718	-0.105	2.2750940050096493	0.46633740029173065	-0.0886	2.0874743439109964	0.14338849519105917	-0.0972	2.187106706188995	0.002327270520083649	-0.0766	2.1605751217397113	0.0023385801098808542	-0.12	2.0224741130798805	0.08097906480758502	-0.0883	2.042026918982226	0.8607757540120932	0.105	2.0809817438264946	0.4688602799117594	0.0886	2.0559901775497607	0.09425497244147132	0.0972	2.206231979814749	0.007155397225546249	0.0766	2.1840646154413403	0.02712509673837512	0.12	2.0202971777489585	0.012483837415430965	0.0883	2.143434853055013	1.353820971741215	0.0	2.167354483114828	1.5530474382057533	0.0	2.237849642171294	1.4400265297085486	0.0	2.192617350526345	1.22986627024197	-0.2016	2.291963172727947	1.0151599526304518	-0.1613	2.410845816512652	1.1436647489120557	-0.12	2.061104190820914	1.315953840957722	0.2016	2.226141548077756	1.2883197067773902	0.1613	2.357443078278921	1.31324667939818	0.12
361	6.016666666666667	2.0940435188857434	0.8419555992274179	0.0	2.140558776771626	0.8380574928109898	-0.105	2.2757239519841654	0.46636547734144246	-0.0886	2.0889757271218925	0.14412016941617176	-0.0972	2.1878473322668093	0.002605336935246977	-0.0766	2.1620498567976205	0.0026125871015064764	-0.12	2.024208945494576	0.08115663024216768	-0.0883	2.0411700289147365	0.8611704591837469	0.105	2.081075662053731	0.4692128457508272	0.0886	2.055670798506504	0.095210965232919	0.0972	2.2027985648512347	0.006300425354907067	0.0766	2.179788247810699	0.027001261068918127	0.12	2.0195480658668465	0.013871837700495736	0.0883	2.1438941055053795	1.3534216112456532	0.0	2.168937430051213	1.552946078225225	0.0	2.2390757741733496	1.4393737953027745	0.0	2.1915261267109405	1.228583543473778	-0.2016	2.2863067320902255	1.0149467113684552	-0.1613	2.407622289255537	1.135792115781633	-0.12	2.063442605349248	1.3191015392914505	0.2016	2.2292457363336498	1.3053456327249342	0.1613	2.368149289115105	1.328446516763591	0.12
362	6.033333333333333	2.094068789662923	0.8413785625235827	0.0	2.1383670350536996	0.836965093369492	-0.105	2.2758607476369885	0.46638510595789445	-0.0886	2.0914003478810783	0.1450209115701583	-0.0972	2.186911191246984	0.0028732926651873353	-0.0766	2.161850948609069	0.002170920817924582	-0.12	2.0248323440271836	0.08387452572892423	-0.0883	2.040891816981027	0.8604860176074858	0.105	2.0810180403391283	0.4694396151693522	0.0886	2.055702485372546	0.09585692384505354	0.0972	2.1972358122040405	0.0063835644145466205	0.0766	2.1772222116591733	0.026488985707648578	0.12	2.0183802589036244	0.015583116932939178	0.0883	2.144291349967186	1.353022028108494	0.0	2.1712219864040296	1.5527204716673264	0.0	2.239607549454382	1.4391962117771664	0.0	2.1883885563578023	1.2279836825328556	-0.2016	2.2785659696279	1.0145287997732007	-0.1613	2.4020724489220635	1.119114428089902	-0.12	2.067173605373503	1.321130690129072	0.2016	2.229923239540862	1.3180307220624006	0.1613	2.3768802129915603	1.347444866640382	0.12
363	6.05	2.0944240236990757	0.8396637172587101	0.0	2.1362337974125793	0.8294599605847081	-0.105	2.275863563837428	0.466404437425524	-0.0886	2.091060810794457	0.13861619778801942	-0.0972	2.1897604808361777	0.0026955494359527238	-0.0766	2.166339082473546	-0.00017765998927549848	-0.12	2.0257432253148355	0.0801396174711382	-0.0883	2.0427051373210627	0.8535350344014565	0.105	2.0809116830722427	0.4696564007970413	0.0886	2.0554950166702555	0.09512203465404423	0.0972	2.194727320460477	0.006694292733376163	0.0766	2.176527291050498	0.026470776376784792	0.12	2.017457999063516	0.015497670323956665	0.0883	2.1447169169534397	1.3526009779774146	0.0	2.1733449607428805	1.5523320558226572	0.0	2.240623311504189	1.4389234130484827	0.0	2.1814698107599226	1.228008694921312	-0.2016	2.269934742683652	1.0133559587027727	-0.1613	2.401004168957305	1.1050158664035865	-0.12	2.0681152557302833	1.322726686960794	0.2016	2.232011679996391	1.328931202787714	0.1613	2.387211444373835	1.358788118717358	0.12
364	6.066666666666666	2.094669667295951	0.8378548863223161	0.0	2.13365011314035	0.8196655078871977	-0.105	2.276455129017715	0.4663428923506961	-0.0886	2.0918549886484263	0.13477167860905703	-0.0972	2.2003028742673427	0.0024044120470032362	-0.0766	2.1707778512669798	-0.0025340898756875674	-0.12	2.0285568349271137	0.07727123409337318	-0.0883	2.048540008764052	0.8415525309053049	0.105	2.0818196279647156	0.4695474751384418	0.0886	2.0553490085072177	0.09748037571792795	0.0972	2.1949554048964193	0.007158314271069069	0.0766	2.1822585803212746	0.0268740143091706	0.12	2.0170535447333098	0.01748261820525001	0.0883	2.1452576120397464	1.3517846672146288	0.0	2.1756847781011888	1.5518521067308613	0.0	2.2413884833370035	1.4386652947278422	0.0	2.1788307288755075	1.2283366948151004	-0.2016	2.2639975837767063	1.0092509669689738	-0.1613	2.3980107981243317	1.0918161310797243	-0.12	2.074953049212093	1.3251495933814557	0.2016	2.2390318677998233	1.3404806637859052	0.1613	2.4022943230508376	1.3700803431201247	0.12
365	6.083333333333333	2.095029423916379	0.8372690061012853	0.0	2.131456202728191	0.8197846658860081	-0.105	2.2777832631884336	0.4662211965410492	-0.0886	2.093366145513731	0.13183690954316596	-0.0972	2.210534506545239	0.0024615124814396858	-0.0766	2.181747320621205	-0.004870590084764398	-0.12	2.030567725162569	0.07545578713087446	-0.0883	2.052884357881429	0.8433603208224351	0.105	2.0827349075576156	0.46944131328528926	0.0886	2.0551037445025333	0.09975212296622527	0.0972	2.1982424201701862	0.008656182784898707	0.0766	2.1862145481259265	0.02881283331076774	0.12	2.0170092005028826	0.019780739772573303	0.0883	2.146836263273841	1.350583178547296	0.0	2.1776251156382287	1.5514036972448777	0.0	2.243835197266965	1.4386101930754858	0.0	2.172365287480311	1.2286228587002748	-0.2016	2.2585574797229997	1.0039454099073193	-0.1613	2.3971874206107957	1.078079092540006	-0.12	2.078410627990318	1.328186820328951	0.2016	2.2430697156554893	1.3504325408258837	0.1613	2.411101178305557	1.3798437726731982	0.12
366	6.1	2.094719031353132	0.8367129763598408	0.0	2.129029494015104	0.8198767546918727	-0.105	2.278872799089821	0.4661487738378398	-0.0886	2.0949121461946	0.12878820987421802	-0.0972	2.222687207976267	0.0030948891415064836	-0.0766	2.1930062928046063	-0.00770466884892701	-0.12	2.032168454812053	0.07122923481821156	-0.0883	2.0554709997831475	0.8445248095248267	0.105	2.0836099419934215	0.46899244165343446	0.0886	2.0550221106597144	0.10126496837786969	0.0972	2.1995053235988045	0.01085261912652822	0.0766	2.1878623742966323	0.03164841654645875	0.12	2.0167683807319876	0.02321675699257903	0.0883	2.1493210964324208	1.3496692413082154	0.0	2.180804544620921	1.550816580297981	0.0	2.2475094095579724	1.438610349789649	0.0	2.1653869966800436	1.2293764977841988	-0.2016	2.2540644018742855	1.0000574963317868	-0.1613	2.394862089873271	1.0646522639105882	-0.12	2.080854224367112	1.3295854182518634	0.2016	2.2495102535202784	1.3558173508463005	0.1613	2.427871348825775	1.395560629173971	0.12
367	6.116666666666666	2.0939329258328585	0.8368223266678776	0.0	2.1277391298941617	0.8163043120132082	-0.105	2.2791703353829322	0.46614553260682434	-0.0886	2.100500623277253	0.12005326089455516	-0.0972	2.2325820943821575	0.004119357532964642	-0.0766	2.203158541288571	-0.009795592625063847	-0.12	2.0348046435047484	0.06804315922159654	-0.0883	2.0577823013094814	0.8424772343274431	0.105	2.0851847895224314	0.4685009845723791	0.0886	2.0549876390622974	0.10313756222413134	0.0972	2.198423340851106	0.015265507644422097	0.0766	2.190444020884784	0.039772391274849335	0.12	2.017425720908924	0.025924825926463127	0.0883	2.1524023063999875	1.3485164638821283	0.0	2.1839935768733842	1.5505544841779293	0.0	2.25127723567851	1.4384758168629006	0.0	2.1652461347608813	1.229622098032706	-0.2016	2.24568106108277	0.9968992970331808	-0.1613	2.392406429105526	1.0518903121461094	-0.12	2.0873047539983824	1.330722272869525	0.2016	2.2566666868216734	1.3682833970749533	0.1613	2.444859031701817	1.4116317642386116	0.12
368	6.133333333333333	2.091401192098351	0.8370417859333841	0.0	2.1257994421907327	0.815461895906914	-0.105	2.278418766356112	0.46627355070333343	-0.0886	2.109946560861558	0.11214671110464539	-0.0972	2.2431458175710506	0.005842026004038069	-0.0766	2.2156686365989735	-0.010637846182902998	-0.12	2.044980907072669	0.06058576647946541	-0.0883	2.058683829295673	0.843105205516015	0.105	2.0862988537882874	0.46819082154639574	0.0886	2.055047691581361	0.10483991198160769	0.0972	2.2002642175028244	0.026407568268424664	0.0766	2.194925245046656	0.050021274363435175	0.12	2.0185642247275912	0.030654270948378595	0.0883	2.15539262168659	1.346924593114123	0.0	2.1868299697025404	1.5504394047693266	0.0	2.257091439013097	1.4380700951011	0.0	2.1620668603610884	1.2300340416218236	-0.2016	2.2244493725483108	0.991600943971943	-0.1613	2.388877586826521	1.0368373220382494	-0.12	2.093241406464589	1.3322089082467679	0.2016	2.2748097258572573	1.3810583013725863	0.1613	2.4636196698222124	1.4315761312496051	0.12
369	6.15	2.088563412139293	0.8378283251050076	0.0	2.123886676868658	0.8175489811544975	-0.105	2.276630052543156	0.4663543741918872	-0.0886	2.116827109488012	0.10966293442812136	-0.0972	2.254781971904106	0.00860951115077331	-0.0766	2.2258232361647567	-0.010829881209735472	-0.12	2.054659101894238	0.05030914178139263	-0.0883	2.05601640242935	0.8463444425747042	0.105	2.086034575134868	0.46825926101842996	0.0886	2.0551528222022077	0.10633628690434047	0.0972	2.199756192295614	0.037137918615314666	0.0766	2.198768013131443	0.052534405594326324	0.12	2.019900285771725	0.035708072504579955	0.0883	2.1575321083368357	1.3443811533123933	0.0	2.189163453302217	1.5503417044449317	0.0	2.2594869065753245	1.436658733551601	0.0	2.1618239672280475	1.2296627502350883	-0.2016	2.217207410854425	0.9866314155925597	-0.1613	2.379498359466527	1.0243940290553721	-0.12	2.09600752152144	1.334314612440684	0.2016	2.2827729039933184	1.3895245126585922	0.1613	2.4734854915468736	1.436292955708871	0.12
370	6.166666666666667	2.0883521599394106	0.8385308957548471	0.0	2.1217964257888964	0.8203221520376003	-0.105	2.2758813953974144	0.4662928948645205	-0.0886	2.1257995068017106	0.11024192797276061	-0.0972	2.2650705148095556	0.012070443964007242	-0.0766	2.235892865543362	-0.010899907304757782	-0.12	2.067187819898495	0.0438484452189086	-0.0883	2.0539633611953256	0.8503516948736038	0.105	2.085727902678065	0.46857116430035334	0.0886	2.055172612655308	0.1072006841738419	0.0972	2.192732703168958	0.04358302711276983	0.0766	2.1980826598966554	0.05682825190857055	0.12	2.0220096275461197	0.036567882361233615	0.0883	2.1598273251235356	1.3401211625432001	0.0	2.1943475981939558	1.549901446904437	0.0	2.261588149492979	1.4331279259927927	0.0	2.1602166824161904	1.2270891423545356	-0.2016	2.2057607881356582	0.9817155431423635	-0.1613	2.370511761070866	1.0125226368463665	-0.12	2.102560639259601	1.336282119874869	0.2016	2.292000715980691	1.392342099224082	0.1613	2.484829081014482	1.4435226713380929	0.12
371	6.183333333333334	2.0882639199213213	0.8382675507031812	0.0	2.120462469532449	0.8204949291384903	-0.105	2.274523715917356	0.4662596262645748	-0.0886	2.132185880870761	0.10265801680759526	-0.0972	2.2762111800518787	0.013770998374118146	-0.0766	2.2468246028859324	-0.011179166507784256	-0.12	2.0780924884943777	0.036012913695224746	-0.0883	2.0537358690961316	0.8522019853970824	0.105	2.08593502016665	0.4688658522108042	0.0886	2.055487718957425	0.1088342282045399	0.0972	2.184367040377758	0.047848872726441206	0.0766	2.1937585237374266	0.058933727748827956	0.12	2.024753188570678	0.036318811030841724	0.0883	2.1631920781626706	1.3385963610835023	0.0	2.197813275219016	1.5493929076296793	0.0	2.265762455084344	1.42722206308026	0.0	2.153309661097596	1.2225137034593172	-0.2016	2.190689091679345	0.9750852211340346	-0.1613	2.3650902491489614	0.9978010947055853	-0.12	2.1115007932791574	1.337339243367841	0.2016	2.3019062752169286	1.3957991959663418	0.1613	2.497043479303973	1.450864564208763	0.12
372	6.2	2.088393136362807	0.8391910572839265	0.0	2.119057808129907	0.8210766384273411	-0.105	2.2730447705931747	0.46616441053291374	-0.0886	2.139833723431419	0.09992549073122141	-0.0972	2.2893806707447357	0.014374114524846715	-0.0766	2.2591029656849164	-0.011457615466952141	-0.12	2.0871622068276783	0.02961617254862759	-0.0883	2.053481990683545	0.8566230054665498	0.105	2.0868774707238797	0.4687640890513156	0.0886	2.056288664681971	0.10827100572511439	0.0972	2.1745833891811124	0.04747475627613095	0.0766	2.1914936496806283	0.0580995830945462	0.12	2.027403343673965	0.03421413351012267	0.0883	2.1648467231408604	1.3379982917694357	0.0	2.201687121100223	1.5486552198783083	0.0	2.270724728564533	1.4267420208008135	0.0	2.145640164030519	1.2220165476858695	-0.2016	2.1831672885470854	0.9730309250361815	-0.1613	2.3590983921247073	0.9864478212237995	-0.12	2.1155507894459573	1.3383768026324527	0.2016	2.31065904861564	1.398841878976044	0.1613	2.5042085262441294	1.4586229942476228	0.12
373	6.216666666666667	2.089539905426102	0.8396982432373634	0.0	2.1182599865815983	0.8193854378324616	-0.105	2.2715085103522523	0.4658149360959918	-0.0886	2.14770697686313	0.09296751551622265	-0.0972	2.3020253705403038	0.014688829899141803	-0.0766	2.2756857827468	-0.011959804317067148	-0.12	2.099155881705186	0.02342474513489775	-0.0883	2.0563629605715934	0.854132860074112	0.105	2.0880034987749907	0.46773697504731093	0.0886	2.057485188518609	0.10425724217259794	0.0972	2.170717285047371	0.04184836680231865	0.0766	2.1853681616839182	0.05400574436033572	0.12	2.0290226646047573	0.03323963772030083	0.0883	2.1673300674636264	1.3373863810818203	0.0	2.2120353383478193	1.5468511358404446	0.0	2.276059680352066	1.4239605413592182	0.0	2.1403736900440005	1.222793883651805	-0.2016	2.168505953391404	0.9707336127571289	-0.1613	2.3507344813250626	0.9716933529637192	-0.12	2.122557278726453	1.336999195032835	0.2016	2.32656204779735	1.403180000605607	0.1613	2.521528093542837	1.4688402528086724	0.12
374	6.233333333333333	2.0908640145883313	0.8392323392237064	0.0	2.1165598709179894	0.8118683653310186	-0.105	2.268168511075914	0.46562625261585816	-0.0886	2.1525454022284944	0.08054461852927344	-0.0972	2.31778184100582	0.015189147018594806	-0.0766	2.290712037869602	-0.012159729503332883	-0.12	2.1062406421395115	0.018724497202789007	-0.0883	2.0641113926705086	0.8411702120207045	0.105	2.0902732921949556	0.4653458951669851	0.0886	2.059497775029147	0.09960552690216135	0.0972	2.1713670599271344	0.04226552088589733	0.0766	2.1811890047686173	0.055069107014745426	0.12	2.029473604895053	0.032360765245727466	0.0883	2.1699965082586816	1.3380093310496048	0.0	2.2155198140603005	1.5441746865379882	0.0	2.286118446810857	1.4245134272576299	0.0	2.135694385380313	1.2233976566868092	-0.2016	2.150969831639088	0.9659607171984237	-0.1613	2.340729785558709	0.9605388534171034	-0.12	2.1316323035505427	1.333961826414065	0.2016	2.3369943674182645	1.4056303970754989	0.1613	2.5310791130312507	1.47451316735415	0.12
375	6.25	2.0931713696289416	0.8377384896380632	0.0	2.112780741576851	0.8100074566122794	-0.105	2.2642985359883454	0.4656590130559206	-0.0886	2.1620074577767343	0.07854797816126186	-0.0972	2.327945434034989	0.016543633481133933	-0.0766	2.297180930757095	-0.011672710504305094	-0.12	2.1182593007558848	0.017027889329285457	-0.0883	2.0708106367581283	0.8340161340916434	0.105	2.0924941506440304	0.46353711706126083	0.0886	2.061431917876288	0.09797604681250911	0.0972	2.171346795787229	0.04116254781596864	0.0766	2.1734938432312543	0.05452192602733821	0.12	2.0293163301543267	0.03203417286846994	0.0883	2.1732448038643533	1.337602607531271	0.0	2.221031434147583	1.5423034373869455	0.0	2.2914524349493863	1.4256979590014462	0.0	2.125608014954058	1.2233462651618043	-0.2016	2.143131170973752	0.9662089650354347	-0.1613	2.3330020162334826	0.9526222760183123	-0.12	2.1453923702141084	1.3315664884123886	0.2016	2.3447729648060407	1.4109759505059427	0.1613	2.5420375132396913	1.480850871725471	0.12
376	6.266666666666667	2.100381935789787	0.8364154997515808	0.0	2.1107432606884027	0.8093285355476398	-0.105	2.2610585040008995	0.46576609457661383	-0.0886	2.169412993544809	0.07992369196141623	-0.0972	2.3308960596824764	0.01842128784155301	-0.0766	2.3018415594708066	-0.010883948490595236	-0.12	2.1279161789636625	0.01425854360423006	-0.0883	2.082670515494511	0.8304112523415068	0.105	2.0942211754954947	0.4621274387191931	0.0886	2.0628252242855933	0.09739756433491156	0.0972	2.17133762594707	0.03737990343648319	0.0766	2.171147251021503	0.05115060456569158	0.12	2.0290293242636217	0.03206507382711815	0.0883	2.1788591580016967	1.3345244290631106	0.0	2.2292178264071345	1.5408199598776187	0.0	2.296819323746648	1.4249079082830576	0.0	2.1166408085852026	1.2226470079377072	-0.2016	2.12852458646569	0.9676495754617431	-0.1613	2.323558022321764	0.9411313632897839	-0.12	2.180989606868357	1.329650551409502	0.2016	2.355973751406872	1.417003455224857	0.1613	2.5489031898975023	1.48627315116334	0.12
377	6.283333333333333	2.1080375633318096	0.8341717100307474	0.0	2.109564342275688	0.8043065455969	-0.105	2.2570398522939157	0.46588445139414403	-0.0886	2.175075920973598	0.07396144879266398	-0.0972	2.335238578202017	0.01950628419788321	-0.0766	2.306944290885631	-0.009813484609713	-0.12	2.1349109468663587	0.012651514515203882	-0.0883	2.1041536398989136	0.8222764109577261	0.105	2.0958190162864776	0.4594465844544852	0.0886	2.0636079221956223	0.09623216790964505	0.0972	2.1707335718350533	0.03132068169442612	0.0766	2.168239564888349	0.045473500406108966	0.12	2.02870452631346	0.03210640247804534	0.0883	2.1840419264486464	1.3310940745140403	0.0	2.233536419201543	1.5377719273944621	0.0	2.305302782280732	1.4250099661432576	0.0	2.112105695722638	1.2205295630747064	-0.2016	2.113413241484796	0.9670979582185196	-0.1613	2.3129196575178748	0.9310955820714671	-0.12	2.2032498363459783	1.3261111992733778	0.2016	2.3605872667031864	1.415877628794495	0.1613	2.561145291722289	1.488719665594191	0.12
378	6.3	2.1150706453788906	0.8313592761412979	0.0	2.107949295742169	0.8005185990208783	-0.105	2.254006139017228	0.4660027980237457	-0.0886	2.1799150022497082	0.07010797377263349	-0.0972	2.3404239686492896	0.021224329946166	-0.0766	2.3087562256930774	-0.007883225298780966	-0.12	2.1403306650794063	0.011282695754211924	-0.0883	2.1189571189609056	0.8185231204864754	0.105	2.0974517938801958	0.45652573562944404	0.0886	2.063837284059851	0.09386361071581106	0.0972	2.1692690786518867	0.0226504172588154	0.0766	2.164658558470716	0.03750177776749514	0.12	2.028068448027654	0.0317984133965166	0.0883	2.1892169031740965	1.329947677122211	0.0	2.2368702903917823	1.5344192082626187	0.0	2.3135584297074367	1.4255543554934842	0.0	2.1056120359156743	1.2176156304427204	-0.2016	2.1067499469408144	0.965324911004573	-0.1613	2.3082377959561637	0.924797418907182	-0.12	2.223022821131401	1.3204117578903998	0.2016	2.3756131962733456	1.4214801253185745	0.1613	2.5736216162402195	1.4957127403806088	0.12
379	6.316666666666666	2.118212400412208	0.8293259166679442	0.0	2.1062780870604056	0.7989426350594495	-0.105	2.250832280788429	0.4662116724785985	-0.0886	2.188994555814639	0.07001365845831647	-0.0972	2.342353117422592	0.022730269305128774	-0.0766	2.312781430717084	-0.0060430002888712114	-0.12	2.150154149227384	0.009001006998627978	-0.0883	2.1321309628894936	0.8169224934547455	0.105	2.0985581539416307	0.4547992581458847	0.0886	2.0639356310641133	0.09319679378207893	0.0972	2.1671823679091675	0.019246053906035454	0.0766	2.1592377395548445	0.03360382993355733	0.12	2.0272674746083252	0.03141363893301865	0.0883	2.1922635745062347	1.328856136184803	0.0	2.243881942782159	1.5313011048327254	0.0	2.3176542918400487	1.4233203112981887	0.0	2.100502187181619	1.216679685621108	-0.2016	2.0929937341590192	0.9648528156290831	-0.1613	2.3008738530251978	0.9172909694778133	-0.12	2.2399408158714276	1.3166021585113838	0.2016	2.386540880983864	1.4267599544274976	0.1613	2.5815953533561244	1.4933319342162388	0.12
380	6.333333333333333	2.124431742049695	0.8271354872689168	0.0	2.1051611135142565	0.7986189104404573	-0.105	2.247110445891106	0.46653081582566547	-0.0886	2.196424405435924	0.07068371729717525	-0.0972	2.343479034743334	0.02258040345070869	-0.0766	2.3167729192174034	-0.006124370857873741	-0.12	2.1628238846211283	0.008448225600310492	-0.0883	2.1365726109041776	0.8166270096633236	0.105	2.099739989231898	0.45385662163783436	0.0886	2.063271866293634	0.09412119455427889	0.0972	2.163932419420623	0.014747379078842625	0.0766	2.1502783470628266	0.031577082171662836	0.12	2.026278323577595	0.0311968920390659	0.0883	2.1955260987589345	1.326541987974856	0.0	2.2559590329894466	1.5297500328028157	0.0	2.3230588707451205	1.4173391132816342	0.0	2.097091732710979	1.215782910317552	-0.2016	2.0767445943588903	0.9662789543722164	-0.1613	2.2966150890522417	0.9083804615788738	-0.12	2.247943228469489	1.3167130807930307	0.2016	2.39819791929503	1.428930345543846	0.1613	2.58377928819777	1.4906291049957283	0.12
381	6.35	2.1294935870401526	0.8250848797448941	0.0	2.1053609244802796	0.7984537043055364	-0.105	2.243254195104455	0.46691536056359967	-0.0886	2.2010207188307005	0.0699063416099767	-0.0972	2.3409925497131625	0.022249993962636036	-0.0766	2.314925215466152	-0.006454089234057055	-0.12	2.165635110071734	0.007717776626959563	-0.0883	2.1436260824595665	0.8165252503687448	0.105	2.1027384188100893	0.453190495716945	0.0886	2.0631539503494953	0.09390160292741884	0.0972	2.1584533825892125	0.013609379552969772	0.0766	2.161005243296732	0.030519561730720693	0.12	2.0249701330399654	0.03105868442476411	0.0883	2.1990177424786093	1.3270058010696668	0.0	2.260247787049086	1.5274530854136472	0.0	2.331444213443123	1.4137156888184899	0.0	2.092957221705508	1.2148103493928917	-0.2016	2.071136245624695	0.9660953160038938	-0.1613	2.284599509088789	0.9040051387023338	-0.12	2.2533294869729397	1.3163089527499803	0.2016	2.402858313824267	1.4299605222717062	0.1613	2.587032001673502	1.4887120637196558	0.12
382	6.366666666666666	2.134690360688631	0.8253662539872952	0.0	2.1034652082011576	0.799766985361108	-0.105	2.241454198267489	0.4673850575808776	-0.0886	2.2040145065851573	0.07028165808816927	-0.0972	2.3351514610477464	0.021293933718293502	-0.0766	2.309011812981698	-0.007139051795816476	-0.12	2.1670408683736655	0.006340986930634014	-0.0883	2.155839391902709	0.8176757443827867	0.105	2.1056176730378557	0.45365050614689767	0.0886	2.063007437635331	0.09487190649461152	0.0972	2.162043992644477	0.012860518134569794	0.0766	2.1628195469777656	0.03053019716599413	0.12	2.022843331324392	0.030934263749902192	0.0883	2.2013261023234034	1.3251023383144442	0.0	2.2690838114401144	1.528915495850402	0.0	2.3387076855087576	1.4116187818953716	0.0	2.0877051786074317	1.2130460560840535	-0.2016	2.061771775125905	0.9656205228309246	-0.1613	2.2791814949660605	0.8998342418561225	-0.12	2.2661050313376294	1.3163494481247098	0.2016	2.4099505724941777	1.4276035671019565	0.1613	2.593683267283821	1.484076354329619	0.12
383	6.383333333333333	2.1399494142316455	0.8257672128479342	0.0	2.1025208522237886	0.80027315652996	-0.105	2.2405305114245353	0.46802621351267293	-0.0886	2.205308205688806	0.07040670329120123	-0.0972	2.330592992035279	0.01924203358978146	-0.0766	2.304379922697426	-0.008670222171197436	-0.12	2.167578273744128	0.004919654696918324	-0.0883	2.1678750917516165	0.8178993357630292	0.105	2.1087923682647602	0.45363638122799993	0.0886	2.062602049470799	0.09671453704314117	0.0972	2.164253145852506	0.011940479240186291	0.0766	2.1610089186859023	0.030670976689774622	0.12	2.020223639817714	0.030696680301035194	0.0883	2.2023734258541063	1.3196767657373307	0.0	2.281458923997935	1.530165043063437	0.0	2.3428992553361088	1.406272796687364	0.0	2.0833060744808964	1.2115517325711798	-0.2016	2.0480271476261773	0.9630751844045174	-0.1613	2.2767209794951953	0.8946921146402042	-0.12	2.267455764706241	1.3158900969159426	0.2016	2.413544543454807	1.4205609858830992	0.1613	2.5955955139849722	1.474360689056052	0.12
384	6.4	2.143590212914658	0.8244572977592293	0.0	2.104102874955831	0.7998796635727587	-0.105	2.2392947793897306	0.468481498623209	-0.0886	2.2052714628545482	0.06746653818950676	-0.0972	2.3210713358380266	0.016305533239629938	-0.0766	2.2912869223466905	-0.013032128896180516	-0.12	2.1680127108885427	0.004241719451276257	-0.0883	2.170631117702525	0.8175037021712762	0.105	2.111942017553966	0.45354313745703134	0.0886	2.0621969116859793	0.09780884148989573	0.0972	2.1646901462491437	0.011188472870655643	0.0766	2.1620887205383483	0.030811185378602404	0.12	2.0186530589281966	0.03043077336545638	0.0883	2.2049434355588278	1.3198338973765564	0.0	2.2765798450360513	1.5275093706353775	0.0	2.348756565313784	1.4045750036937394	0.0	2.0800455276452947	1.210128719800966	-0.2016	2.0394285841587902	0.9625107757719435	-0.1613	2.2649894829807407	0.8931382213318465	-0.12	2.2721941532861756	1.312715869403351	0.2016	2.417540363607507	1.4142007335203135	0.1613	2.605084606287404	1.4641898580412689	0.12
385	6.416666666666667	2.1483280563533986	0.8253173798164098	0.0	2.103808789157627	0.7998153783304646	-0.105	2.2385342318829133	0.4690135488461718	-0.0886	2.2051959620664294	0.06812274957775573	-0.0972	2.3152767685333777	0.00882664436242328	-0.0766	2.285158902696247	-0.01916579950347759	-0.12	2.167349359663678	0.0034302757934189937	-0.0883	2.182047911313836	0.8186207367428369	0.105	2.11491319462792	0.4533666653394385	0.0886	2.0623294903602836	0.09892434949445428	0.0972	2.163947372616184	0.010491950460830499	0.0766	2.163045954957532	0.030626360679306748	0.12	2.016521304573579	0.03072896115138824	0.0883	2.2086743526104375	1.3095863433811532	0.0	2.2965453164626184	1.5289649938387535	0.0	2.3517536209153556	1.4017956946441121	0.0	2.0764906258613833	1.207343906344149	-0.2016	2.0303229270960155	0.9613513301033351	-0.1613	2.261944605224876	0.8866078071737865	-0.12	2.2809682474533206	1.3116191982247087	0.2016	2.4244420649772622	1.4085324202526923	0.1613	2.6162937562984023	1.4563837050569097	0.12
386	6.433333333333334	2.1549784962326775	0.8250382586481002	0.0	2.1038045607657523	0.7998214100169221	-0.105	2.238545904609923	0.46915522210065935	-0.0886	2.2050098894258263	0.06811346144531374	-0.0972	2.3086193778910475	0.0032051796234689733	-0.0766	2.2797266959480553	-0.02332224255896623	-0.12	2.16600781251902	0.0036601304103422785	-0.0883	2.198315905750886	0.8180205574567543	0.105	2.121188065798254	0.45384331167184017	0.0886	2.0632685718222707	0.09990190514606023	0.0972	2.16477690531437	0.010693038233898437	0.0766	2.1638031533846798	0.03087311683181085	0.12	2.016603809178358	0.031185210341232318	0.0883	2.2126986163293783	1.3032804789318566	0.0	2.3017188943795137	1.5290486712948	0.0	2.3536180855425477	1.3980617108583417	0.0	2.0748035066941117	1.2048982514350182	-0.2016	2.021885807452595	0.9603210230677152	-0.1613	2.2548759921600654	0.8790333178812197	-0.12	2.29258357029009	1.3105558338727399	0.2016	2.430613193882139	1.4025714751475038	0.1613	2.628779619369551	1.4336555171888545	0.12
387	6.45	2.1593159928386023	0.8235776276046433	0.0	2.1042598413910434	0.7998589542851502	-0.105	2.238085198143333	0.4693630546988569	-0.0886	2.204984979343873	0.06645405726124917	-0.0972	2.300995251605712	-0.00027843391320474947	-0.0766	2.2651992790304623	-0.025515474454074885	-0.12	2.1653077937959284	0.0038246206944839434	-0.0883	2.2078340321514753	0.8194441742274388	0.105	2.125646661284313	0.4536903436707246	0.0886	2.06375726158377	0.10035201803247393	0.0972	2.1653861180361353	0.010920628193924586	0.0766	2.1642307228179156	0.03096806705220822	0.12	2.0163254268324646	0.03150093056391541	0.0883	2.2152096434151423	1.3014406626514032	0.0	2.303244437195495	1.5257303615505002	0.0	2.3550522287442246	1.3923218276922615	0.0	2.0721532291522458	1.2030585245821173	-0.2016	2.017857594544781	0.9589900451358103	-0.1613	2.2491047793780536	0.8735020021338747	-0.12	2.3028541942312426	1.3084676860410842	0.2016	2.4366365799465317	1.3983193890596033	0.1613	2.6321375440375916	1.4074586452575206	0.12
388	6.466666666666667	2.1646874824574853	0.8207425129137882	0.0	2.1050007459546034	0.7999466600725962	-0.105	2.238024108986746	0.46992777964112403	-0.0886	2.2055949055340784	0.06475025847041102	-0.0972	2.2982265397822355	-0.004420818090029116	-0.0766	2.2584305290196225	-0.027654491410863746	-0.12	2.166516052286231	0.0033933212216921207	-0.0883	2.218320383179119	0.8191724298158072	0.105	2.1307974509705767	0.453263728582634	0.0886	2.064197901509854	0.1007137648237802	0.0972	2.1665151141163412	0.010730992402441124	0.0766	2.165302083326869	0.031131502308111916	0.12	2.0162587218075685	0.03151555761086433	0.0883	2.2156861134648627	1.296375931561483	0.0	2.3067203574386967	1.5227917279289405	0.0	2.3551372943492943	1.3838398255017235	0.0	2.069274830500372	1.200560437845379	-0.2016	2.0159836587997875	0.9558105342013565	-0.1613	2.2384521693596966	0.8668122073965624	-0.12	2.3100897982505493	1.3059572977416727	0.2016	2.4441565339449376	1.3856310201976887	0.1613	2.635997248646416	1.3837354995216469	0.12
389	6.483333333333333	2.1707473797296086	0.8161065092929389	0.0	2.1066091280471886	0.8001298560270707	-0.105	2.2381015607661445	0.4697182909058266	-0.0886	2.2057841665289537	0.06350647267022028	-0.0972	2.2967824151660383	-0.006710542610083338	-0.0766	2.2548441288076826	-0.028738315708668694	-0.12	2.167495527971065	0.002895169890329896	-0.0883	2.228848280432976	0.8175248737833628	0.105	2.1354140941673414	0.4523879639687458	0.0886	2.064988363876026	0.10059704088329757	0.0972	2.1665434290131924	0.010662632716570385	0.0766	2.1656504912492474	0.03113224920887655	0.12	2.0160688560837245	0.031379621826133526	0.0883	2.215386838040827	1.2961817537641636	0.0	2.3050385793342105	1.5157607546387881	0.0	2.3545052278009604	1.3760453341073051	0.0	2.0677873892103116	1.1987112199912235	-0.2016	2.013979790764904	0.9521037360707736	-0.1613	2.231977662514458	0.8588567114695693	-0.12	2.312968725263834	1.3015952989734407	0.2016	2.4447011593456973	1.3687646936224476	0.1613	2.6444726266649177	1.357286827529405	0.12
390	6.5	2.174546839310051	0.8130730856538373	0.0	2.1079044951773365	0.7994756998894974	-0.105	2.2388961566559966	0.4694940491395727	-0.0886	2.2062208611593572	0.06349583526709843	-0.0972	2.2966773167198653	-0.009395760247538125	-0.0766	2.2528537241013207	-0.029984166810297287	-0.12	2.1685124057837326	0.0024421421110441058	-0.0883	2.231732836003755	0.8161822109885594	0.105	2.14087879263535	0.4518960820300971	0.0886	2.0657307713944357	0.1008221135448566	0.0972	2.1657890686982855	0.011401534560510171	0.0766	2.165995421988457	0.03165838337081319	0.12	2.0166996693198462	0.030899975182677973	0.0883	2.2152885125230855	1.299471074478233	0.0	2.304083689527308	1.5060777377058194	0.0	2.3534465609681776	1.371169546074228	0.0	2.0668654409037677	1.1962247735552305	-0.2016	2.0126308157609247	0.9485597313210261	-0.1613	2.2308998581202992	0.8529544667905051	-0.12	2.3183764000285243	1.297125528963231	0.2016	2.4532053278051795	1.345965366796821	0.1613	2.6546158436544944	1.3246317369353413	0.12
391	6.516666666666667	2.1791660767536163	0.8124769205845778	0.0	2.1091869211268803	0.7988532963833653	-0.105	2.240663875747733	0.4694592762948273	-0.0886	2.206552544752376	0.06336242440386514	-0.0972	2.2974875214954715	-0.011204936609986157	-0.0766	2.2536604496879935	-0.031334508361944596	-0.12	2.171112867380926	0.002662683806890484	-0.0883	2.2423560839589913	0.8150368398758543	0.105	2.1482718556113176	0.4509748462502965	0.0886	2.066514307194161	0.10122804308145011	0.0972	2.165984255946537	0.011851394597433396	0.0766	2.166783521845441	0.03177047073448538	0.12	2.0166628009636183	0.030631974073126615	0.0883	2.217449237385331	1.2892141591254866	0.0	2.305024784790865	1.5060194413395984	0.0	2.350694626345898	1.3599962187959813	0.0	2.065454451876466	1.1922374941090454	-0.2016	2.0122681065170207	0.9453481521273258	-0.1613	2.2306726704431585	0.846993263174507	-0.12	2.3255243855938135	1.2944998493342952	0.2016	2.461436559958781	1.3277232498432845	0.1613	2.6524620921873145	1.2951017507319678	0.12
392	6.533333333333333	2.182726869413968	0.8119293965938502	0.0	2.1127009208740515	0.7990271472224487	-0.105	2.243058451465397	0.46914827776042123	-0.0886	2.2068188473189183	0.0631907132944758	-0.0972	2.2984028826529697	-0.011929038673129062	-0.0766	2.253938093927711	-0.03192563289056863	-0.12	2.1718473579120747	0.002926330383645384	-0.0883	2.2481635014750934	0.8147756431168538	0.105	2.15640988905021	0.4512710231425993	0.0886	2.0685069146746518	0.10253276384378421	0.0972	2.166433225569943	0.01273474324728991	0.0766	2.1669511057897113	0.03205508164251768	0.12	2.0168471147390488	0.030750309534429553	0.0883	2.2182155165957793	1.2819483830017033	0.0	2.3073290034102394	1.5039001189596342	0.0	2.3499998510545477	1.3531215615264045	0.0	2.0638664780856284	1.190023497957904	-0.2016	2.0114337649560627	0.9432364225577252	-0.1613	2.23028347757959	0.8398845495899995	-0.12	2.333042240434785	1.290984358180397	0.2016	2.4819091326972766	1.3047724235271492	0.1613	2.6597230114775336	1.2599441401102247	0.12
393	6.55	2.186863244916382	0.811467127862308	0.0	2.1172195037237906	0.7991445332855456	-0.105	2.2463088016705246	0.46862111003088563	-0.0886	2.206656765947096	0.06184373610305823	-0.0972	2.2994818680680686	-0.01219183742687207	-0.0766	2.252976040015134	-0.031994470313848195	-0.12	2.1716808772879395	0.0033742358416711804	-0.0883	2.2522560532829727	0.8141712383588048	0.105	2.163695781330055	0.4514006727590532	0.0886	2.070700578594961	0.1031846943357499	0.0972	2.1660915990261898	0.01334718597548392	0.0766	2.1664788599919085	0.03234125464686069	0.12	2.016980500962747	0.031497555184807985	0.0883	2.2182805197438533	1.2800741771580952	0.0	2.3051144759084146	1.4969822305628802	0.0	2.34970157827338	1.3460780973924749	0.0	2.0636410491534973	1.1885966738438585	-0.2016	2.011351187847569	0.9422322484055072	-0.1613	2.228524272891196	0.8362605239986987	-0.12	2.340166818656215	1.2847929673494856	0.2016	2.48395541884203	1.2839810325173646	0.1613	2.6599294802938274	1.229380790679541	0.12
394	6.566666666666666	2.1911476721926473	0.8112202586795394	0.0	2.1199955611305397	0.7990184952164413	-0.105	2.2514652029755977	0.4678670751837559	-0.0886	2.206112413430167	0.06057051167373448	-0.0972	2.3004540159768947	-0.012435713967176104	-0.0766	2.2517289924034163	-0.03198434929860322	-0.12	2.171481433585857	0.003118992310972339	-0.0883	2.2552077032440567	0.8131271893974357	0.105	2.1718812024033416	0.45137813075410665	0.0886	2.072102349644903	0.1023143398376988	0.0972	2.1629432242552586	0.013789702952199875	0.0766	2.165279937468198	0.03258298726129949	0.12	2.0175271397401464	0.03204332938699776	0.0883	2.218991111170123	1.2803217650256136	0.0	2.301933905139071	1.489295895335675	0.0	2.348023454285669	1.3393789000603797	0.0	2.064275741310826	1.1871340326117894	-0.2016	2.012234575262911	0.9409214626337945	-0.1613	2.2267494929758564	0.8307790315687019	-0.12	2.3492506772893864	1.2784374496741264	0.2016	2.4885257349486465	1.2534279408318054	0.1613	2.6661577871961555	1.1865411630275293	0.12
395	6.583333333333333	2.1998664273565964	0.8107834883900714	0.0	2.1226965149798156	0.7988161424488518	-0.105	2.253444397694209	0.46740970232295326	-0.0886	2.206215275214136	0.06064341624922645	-0.0972	2.3011297165751046	-0.012591995047023699	-0.0766	2.251453066594475	-0.03203112386443945	-0.12	2.17192873360075	0.001804632166265585	-0.0883	2.271094520921997	0.8117339385080937	0.105	2.1820530761029846	0.45415001249943265	0.0886	2.072965947949717	0.10240073129403732	0.0972	2.1592550573162135	0.014098519190128299	0.0766	2.1628786373628994	0.032815328155035926	0.12	2.017654224760929	0.033070624046641565	0.0883	2.220573331030058	1.2734352798597803	0.0	2.3037603349443243	1.4872730678158708	0.0	2.3456514146547027	1.3324479210194033	0.0	2.063518207718325	1.1866264913873241	-0.2016	2.013847858362807	0.9396274087798134	-0.1613	2.223643712293332	0.8266111337476696	-0.12	2.354331047438144	1.2736391392510007	0.2016	2.4931453195111706	1.2262121400688366	0.1613	2.6620100986699358	1.1553140163417575	0.12
396	6.6	2.2053328917915906	0.8106620914516254	0.0	2.1256708797984754	0.7990963357996786	-0.105	2.255250961013786	0.4665795152590054	-0.0886	2.2065488334161993	0.060941186340401014	-0.0972	2.301616941248646	-0.011948951098046556	-0.0766	2.251457884495535	-0.03192372289850621	-0.12	2.1725678194154074	7.980327327695297e-05	-0.0883	2.2825768845275465	0.8118407861250374	0.105	2.1924374824391064	0.4617149650419047	0.0886	2.0764891565952586	0.10457915372719584	0.0972	2.15754808710781	0.014286852613470465	0.0766	2.1611551933289292	0.03328036195243528	0.12	2.0178596999714657	0.03619482873018706	0.0883	2.2214772766092246	1.2698862575540864	0.0	2.304025654891571	1.485534076875679	0.0	2.342210424231381	1.326448792661034	0.0	2.0632808773734053	1.1864381953420442	-0.2016	2.015168869737985	0.9384604949734832	-0.1613	2.2235060422671746	0.8239509050274992	-0.12	2.355081695983462	1.2707635663040628	0.2016	2.486220306444491	1.2113724612030408	0.1613	2.6545753453534098	1.1224845558796923	0.12
397	6.616666666666666	2.209372121523379	0.8110476892952693	0.0	2.1293127995713697	0.7996205737511505	-0.105	2.2550896501680215	0.46658584399559694	-0.0886	2.2070021753047535	0.060403429871309734	-0.0972	2.302051671011984	-0.011421355324595359	-0.0766	2.251749444731804	-0.032882573762482194	-0.12	2.173908282023167	-0.0029328686465944706	-0.0883	2.287025774807147	0.8125029895048921	0.105	2.203682668986161	0.47037174726363673	0.0886	2.081294132634286	0.10966890941460788	0.0972	2.1576126859882128	0.014164575415787903	0.0766	2.1599443986031885	0.033959069615644696	0.12	2.0185498971958427	0.0408491741453301	0.0883	2.22309106463395	1.263870866976858	0.0	2.308282910746414	1.4845808974002348	0.0	2.3382788117975393	1.3214855424352558	0.0	2.0628626201086075	1.1849654175267637	-0.2016	2.0175005605875076	0.9378305503635155	-0.1613	2.225608148633858	0.822028517143472	-0.12	2.358365706922908	1.2692848098583003	0.2016	2.479426532332192	1.1890018433147458	0.1613	2.644978436750622	1.0896149526104606	0.12
398	6.633333333333333	2.214561136254691	0.8112543477761207	0.0	2.1328586665072695	0.7998684765478655	-0.105	2.254205538512688	0.4670942208511073	-0.0886	2.207045485080017	0.05896101752890578	-0.0972	2.3023587141861053	-0.01231229105584248	-0.0766	2.251921391691007	-0.03499726512818015	-0.12	2.1744222645655142	-0.004506490105449151	-0.0883	2.294399121633365	0.8126866623444353	0.105	2.216891406329455	0.4726459272292842	0.0886	2.0888079449173866	0.11548080650134326	0.0972	2.159635540695895	0.013691437248211175	0.0766	2.1613854778120327	0.03481615141410225	0.12	2.021951776912372	0.0475912792521854	0.0883	2.223372333673258	1.2618111575414872	0.0	2.310283111139179	1.4823055316453568	0.0	2.3348026365692074	1.3126232899419294	0.0	2.0627082240068315	1.1838659682476853	-0.2016	2.0206713015629134	0.9381973901154114	-0.1613	2.227825189767551	0.8207065940630945	-0.12	2.358770538078449	1.2664445390232308	0.2016	2.4706431207928783	1.1711241651586861	0.1613	2.6369257006878293	1.055117217432871	0.12
399	6.6499999999999995	2.2162540306850853	0.8110284911300435	0.0	2.1349116657581853	0.7995305696498793	-0.105	2.2538088648018983	0.46648657730479753	-0.0886	2.206966977016544	0.05814113930263669	-0.0972	2.302553356640555	-0.013765435316866838	-0.0766	2.251631000211902	-0.037236201962395646	-0.12	2.173430044997129	-0.005103570036433122	-0.0883	2.29642645581102	0.8121791874986034	0.105	2.224025869778686	0.47294475937582503	0.0886	2.091726956884079	0.11636225749345241	0.0972	2.1622577075973735	0.013617710767552353	0.0766	2.165245985613213	0.037307107795260516	0.12	2.0270053435363256	0.05483204716115001	0.0883	2.2240281520901855	1.2613808658057613	0.0	2.310684835688273	1.4813769879984005	0.0	2.332350510485944	1.3098935108732441	0.0	2.064199966766056	1.1852582184805946	-0.2016	2.0237253810666957	0.9383683209392198	-0.1613	2.230844221736077	0.8180155254019451	-0.12	2.3614298595228984	1.2652916024487335	0.2016	2.4656956919453887	1.1548855036482717	0.1613	2.628912964418902	1.0331076874971357	0.12
400	6.666666666666667	2.217895254059966	0.810676809776815	0.0	2.1379803209246377	0.7987880064110836	-0.105	2.2535926817061713	0.4640020643020142	-0.0886	2.2065706461238896	0.05778333305027607	-0.0972	2.3026500858518406	-0.015551246407751192	-0.0766	2.2508902384425284	-0.03914923071475035	-0.12	2.1720037828067857	-0.005398336510416567	-0.0883	2.2996379014987207	0.8116279240142023	0.105	2.235133609926454	0.4752632436433846	0.0886	2.095412302871562	0.11815607812348385	0.0972	2.170795917887117	0.01351549513410405	0.0766	2.1709627389310286	0.042122447647368645	0.12	2.035039744784973	0.0614397480165997	0.0883	2.225277558374542	1.2600894568094385	0.0	2.313274929321887	1.481378690095402	0.0	2.328976243616547	1.3075509959555698	0.0	2.0654592252658768	1.1865905535003722	-0.2016	2.026659920775016	0.9377248009002322	-0.1613	2.2339661760069873	0.8155952184516677	-0.12	2.363240859104123	1.2648493802788385	0.2016	2.4631049490982395	1.1382825424821532	0.1613	2.622936346568489	1.0088462860306227	0.12
401	6.683333333333334	2.2211962282397892	0.8097240078088024	0.0	2.1408969161037112	0.7974347965954081	-0.105	2.253891467209561	0.4615791099094027	-0.0886	2.2060770197458663	0.057471362466702355	-0.0972	2.3026433725151065	-0.016819445128292657	-0.0766	2.2489308947083395	-0.03977889892419592	-0.12	2.1711663871678035	-0.005522102858748469	-0.0883	2.3018060259445994	0.810047114077299	0.105	2.2502005168610775	0.4756884743988737	0.0886	2.1025684253267465	0.12602329202955212	0.0972	2.1765770681086805	0.013536572833329728	0.0766	2.1772413908359876	0.04466852275531912	0.12	2.0403007424046615	0.07028265148156013	0.0883	2.227621996294033	1.2599868165829529	0.0	2.3160387985340067	1.4809103397874004	0.0	2.326709775563835	1.306598783464593	0.0	2.0665033258597263	1.1879520191013861	-0.2016	2.028943576156443	0.9370921883243652	-0.1613	2.236554789537295	0.8153865822014871	-0.12	2.366412970831366	1.2634868745814005	0.2016	2.4602401478715583	1.1206576886336128	0.1613	2.6093440684916382	0.9813452518696719	0.12
402	6.7	2.226981412880264	0.8082396367134254	0.0	2.143296049341961	0.7961786879044332	-0.105	2.254681865240283	0.4553341316847729	-0.0886	2.205200042189841	0.05712271690280777	-0.0972	2.302533035695395	-0.017111409686515554	-0.0766	2.2481309034678945	-0.04008518060188476	-0.12	2.1690938950243304	-0.005306837781684025	-0.0883	2.3094419430379256	0.8080813787875015	0.105	2.2627092118319765	0.4723040054399626	0.0886	2.111790886028019	0.132639277161527	0.0972	2.1805004210689996	0.014367709541983818	0.0766	2.1849528127006503	0.046931680781280675	0.12	2.0488267375071954	0.08050915647505621	0.0883	2.2299295963057335	1.2601474339984489	0.0	2.3178149939475396	1.4805298711904	0.0	2.3257878946709454	1.3053700907673598	0.0	2.068049270513161	1.188940048264447	-0.2016	2.030662461391263	0.9371348711206275	-0.1613	2.2383853105446225	0.8146357047525241	-0.12	2.370141492119096	1.2628236622829137	0.2016	2.457517286944013	1.1063823505706	0.1613	2.593336555384243	0.9613894732151984	0.12
403	6.716666666666667	2.2308163236528853	0.8065242175367164	0.0	2.146397492765911	0.7955238108976613	-0.105	2.255789053167274	0.45288262640429744	-0.0886	2.204109934223952	0.05656371189818739	-0.0972	2.3024768477566915	-0.017196027316871476	-0.0766	2.247705030448026	-0.04025839356395994	-0.12	2.1668708063331286	-0.005161218833190422	-0.0883	2.3133620673268878	0.8066568052990426	0.105	2.2774521726820125	0.47072382343695685	0.0886	2.12015074695317	0.1382604317040326	0.0972	2.1930138888564574	0.015961399707338675	0.0766	2.198862678064138	0.04798059931946727	0.12	2.057015233037715	0.08890087263686036	0.0883	2.232688489069102	1.2604950881937746	0.0	2.3228299116461555	1.4807557136303025	0.0	2.3261034345900655	1.3042052782956923	0.0	2.068652135448672	1.1894289628060177	-0.2016	2.032002275634238	0.9368357059282754	-0.1613	2.2396745084551126	0.8143690057614704	-0.12	2.371606198601836	1.262929221828385	0.2016	2.454767774267599	1.0911018519082873	0.1613	2.5795412764644023	0.9350856262770831	0.12
404	6.733333333333333	2.236596971420342	0.805187565509369	0.0	2.1521354937403276	0.7952318417813273	-0.105	2.2557042367891027	0.4500511439600108	-0.0886	2.2032884637448973	0.055618933904650406	-0.0972	2.302524669605676	-0.01729802507699059	-0.0766	2.2480563872473316	-0.04041517236617409	-0.12	2.1653847456419837	-0.00561232471538646	-0.0883	2.318786030439534	0.8060359657936521	0.105	2.3132730536581927	0.4663398368386301	0.0886	2.131766488224937	0.1481017212841763	0.0972	2.2058125353683797	0.017253219335607264	0.0766	2.210012449182034	0.04694792821082179	0.12	2.067082605093106	0.10361198473259745	0.0883	2.236143015057102	1.2610128308173398	0.0	2.3248784328534686	1.4808094413762574	0.0	2.3277391073795957	1.3042565171873932	0.0	2.0698271064201377	1.1903482686579214	-0.2016	2.0330715509338857	0.9380136481238193	-0.1613	2.240398470938625	0.8138617877601411	-0.12	2.3749398749349777	1.2622823887903751	0.2016	2.452755159887812	1.0827395356410967	0.1613	2.566051306542224	0.9158420904139354	0.12
405	6.75	2.2416524308436143	0.8045310085464078	0.0	2.1576982957982396	0.7950975004835207	-0.105	2.2544051344923335	0.4429839663278251	-0.0886	2.2028215625261636	0.054728802953999824	-0.0972	2.302751630482878	-0.01748469583042131	-0.0766	2.248747462705512	-0.04029998333188665	-0.12	2.164505104661113	-0.006410001045041996	-0.0883	2.3222360972804683	0.805602875027127	0.105	2.3314518702392903	0.461615031845405	0.0886	2.144002976848058	0.15809232782024485	0.0972	2.2199019754271703	0.01904526068887081	0.0766	2.2283418324336663	0.049033032967127854	0.12	2.0815222010607664	0.12130858249273185	0.0883	2.2388185031561587	1.2612870637359321	0.0	2.32541620241247	1.4805316389440886	0.0	2.3292979311158466	1.3039772137852497	0.0	2.0711178104432926	1.1919674330038443	-0.2016	2.034222020182733	0.9399581306503749	-0.1613	2.2408817627571183	0.8163228068223859	-0.12	2.3797043527496977	1.2610823820455053	0.2016	2.450846688851637	1.0749496598663535	0.1613	2.5505941933204928	0.9039398613441874	0.12
406	6.766666666666667	2.2463695106536847	0.8035813306853969	0.0	2.1639203402587817	0.7949436951864723	-0.105	2.2525720485362415	0.43605539507387103	-0.0886	2.2025177707711996	0.05286621590193177	-0.0972	2.3031405235669062	-0.017626657668408804	-0.0766	2.249490821417835	-0.04038495134648967	-0.12	2.164391749300555	-0.007224005787847584	-0.0883	2.328712550396822	0.8043984845014123	0.105	2.3404276222673435	0.4548007553530059	0.0886	2.15170372278308	0.16664000413061356	0.0972	2.2221829276956933	0.022177632173341705	0.0766	2.238571636273229	0.05657695058341101	0.12	2.0936922294877287	0.12728130595689394	0.0883	2.2408989072162733	1.2614268559303288	0.0	2.3255959379225106	1.4799645877661918	0.0	2.3304510277453496	1.3035833680627207	0.0	2.0736601449738052	1.195900228229672	-0.2016	2.036116051502976	0.941757909284085	-0.1613	2.2413442645798782	0.8178565933886333	-0.12	2.3851311851813337	1.2586246868348345	0.2016	2.448510156714904	1.067929143300058	0.1613	2.533656336064048	0.8914439567117302	0.12
407	6.783333333333333	2.253617433275477	0.8025242794649304	0.0	2.169214886709542	0.7948735107441928	-0.105	2.250448448070119	0.4315754633254878	-0.0886	2.2022841978649033	0.05136851245710816	-0.0972	2.3036734165265327	-0.017813995884482153	-0.0766	2.2498856676230132	-0.03970033873376474	-0.12	2.164280256683984	-0.0076859138621696715	-0.0883	2.3386309229507845	0.8038107753531781	0.105	2.363933397713214	0.453566796523273	0.0886	2.162025796746705	0.16903778050419113	0.0972	2.233245430412251	0.02456608815730501	0.0766	2.2428036027213247	0.059636085265731074	0.12	2.1052708956279074	0.1347448226002793	0.0883	2.2443852229450085	1.2612764368281038	0.0	2.323288905383704	1.4795021137247637	0.0	2.3306612841837873	1.3038441458242245	0.0	2.076885492731419	1.2002311070085696	-0.2016	2.038316325385143	0.9445896337527889	-0.1613	2.24198306930512	0.8198882203865892	-0.12	2.3879565612731004	1.2570815738269656	0.2016	2.445914161077699	1.0604405161473276	0.1613	2.5176933622665567	0.8847297147403991	0.12
408	6.8	2.256963350546535	0.8015731753109103	0.0	2.170395203598747	0.7950267237779292	-0.105	2.247211855376902	0.42899965055909783	-0.0886	2.202044077244301	0.04762109387431922	-0.0972	2.3044138841042408	-0.017760619332920884	-0.0766	2.2504422193336473	-0.03865443892650332	-0.12	2.1639302741493154	-0.008501964523760765	-0.0883	2.343758652873207	0.8038312680515617	0.105	2.372725006592154	0.4529666020286492	0.0886	2.1667117427406555	0.17260133638593497	0.0972	2.2344779074532783	0.025572011617985335	0.0766	2.2400046998659713	0.06337756283017115	0.12	2.116131333618522	0.14069951500380765	0.0883	2.2490070505245425	1.26087095404259	0.0	2.3203607556580437	1.478868834931184	0.0	2.330695271346044	1.3036731359983982	0.0	2.081211908023274	1.2039015624391332	-0.2016	2.0394387968107512	0.9480743311002983	-0.1613	2.2428316177806686	0.82238321829408	-0.12	2.3945915445242436	1.255115427882941	0.2016	2.4447668806368847	1.0538589470566273	0.1613	2.506085348546866	0.8756246223142042	0.12
409	6.816666666666666	2.2588113303955315	0.8013081068493958	0.0	2.170259065690948	0.7951535384971717	-0.105	2.243530513531972	0.4300339419647466	-0.0886	2.2019376131109243	0.04973180465141425	-0.0972	2.3054261883591827	-0.017648192468384838	-0.0766	2.251053628568711	-0.037785653970785614	-0.12	2.1630772934955664	-0.008886242567886511	-0.0883	2.344710291707461	0.8040208420493911	0.105	2.3791716401650893	0.45336933118931894	0.0886	2.1798091331052487	0.17815977327808197	0.0972	2.282499768246795	0.02437215046119292	0.0766	2.2732286542974567	0.05599373243761687	0.12	2.128256462703248	0.14876526346764163	0.0883	2.2522820852301897	1.260435519677288	0.0	2.327927752266092	1.4846215959201292	0.0	2.33011694911418	1.304221334802973	0.0	2.0809612397526434	1.2073632254818405	-0.2016	2.040583319320646	0.9501134799206953	-0.1613	2.2445976766534983	0.8218503704707811	-0.12	2.4006155649528167	1.2555499085788546	0.2016	2.445641962936947	1.0502910946827857	0.1613	2.4926417267304304	0.8714679944005486	0.12
410	6.833333333333333	2.2655696769879468	0.8014551405846774	0.0	2.176001638200966	0.7956079749475501	-0.105	2.2414122910581984	0.4316685750904482	-0.0886	2.201790511314794	0.051847861877570824	-0.0972	2.306274800263824	-0.017603423190285898	-0.0766	2.2518311914641034	-0.03710013882789525	-0.12	2.1615920629940817	-0.007996536088759429	-0.0883	2.355728059936191	0.804065296099213	0.105	2.389992524277262	0.4531863643617773	0.0886	2.1878774193792183	0.18194598741098914	0.0972	2.3062445750299223	0.024581254244781303	0.0766	2.2902202684982877	0.05610622454649038	0.12	2.139711033804899	0.14824772742344006	0.0883	2.2558285833875886	1.2603359192460646	0.0	2.3329413720636816	1.4874604772603544	0.0	2.3302857609752983	1.304634635292005	0.0	2.0803660857988553	1.21013400906438	-0.2016	2.0417057461499537	0.9517931045350387	-0.1613	2.246271648135197	0.8199503932251657	-0.12	2.408220552718974	1.2551507086188078	0.2016	2.446536431056388	1.044633261181469	0.1613	2.4831462070895287	0.8679870419165328	0.12
411	6.85	2.2707542623649832	0.8017626370281072	0.0	2.1800807731832452	0.7962305265768784	-0.105	2.239084641670041	0.4332565211961906	-0.0886	2.201624142372538	0.0551813361226932	-0.0972	2.3064839411602702	-0.017639614632818677	-0.0766	2.25310405275435	-0.0368036268933942	-0.12	2.1596799187225484	-0.006906604835549779	-0.0883	2.3645660243732474	0.804422786829744	0.105	2.403321511283635	0.4531127327530104	0.0886	2.20909395767729	0.1811071228149646	0.0972	2.3213706598802553	0.025748883469844643	0.0766	2.3182757906330784	0.05506460549530737	0.12	2.1524660627156655	0.14841559856078845	0.0883	2.26007439576544	1.2609817783069879	0.0	2.3347379608388428	1.4896242087423637	0.0	2.331360754139083	1.3051394720721634	0.0	2.0807367728628483	1.2137190293987539	-0.2016	2.0426127715338676	0.954471329309858	-0.1613	2.2476091113040684	0.820900176178796	-0.12	2.414916319528895	1.2533322079551732	0.2016	2.447742276874199	1.0418369863216184	0.1613	2.471161072699359	0.8677352457381099	0.12
412	6.866666666666666	2.2751319570064767	0.8018866098802764	0.0	2.1854483602049313	0.7972601945924985	-0.105	2.236614774345702	0.43221451205375994	-0.0886	2.2014886546872185	0.06218313824263641	-0.0972	2.3050598760778973	-0.017709408572432916	-0.0766	2.2556653072952337	-0.03655950590315973	-0.12	2.1581194372636423	-0.005624552216435902	-0.0883	2.368379940903246	0.8043558512217654	0.105	2.4111480879491114	0.45302158647793206	0.0886	2.2328559207103176	0.17506686226934184	0.0972	2.3311004204775343	0.024282475434510252	0.0766	2.3358383522064985	0.05567643521500986	0.12	2.166072113665023	0.138041233957207	0.0883	2.262793250516545	1.261505853335443	0.0	2.33790891451748	1.4924456533904336	0.0	2.3338415573879163	1.3048739178105464	0.0	2.0802361915969256	1.2166503038459093	-0.2016	2.0433187170815117	0.9586311862257348	-0.1613	2.2475170959854025	0.8232445616348243	-0.12	2.4198162286505327	1.251664147715069	0.2016	2.450436933114096	1.0428224474850634	0.1613	2.4592045246112755	0.8704323828661127	0.12
413	6.883333333333333	2.2794912595360963	0.800816867860061	0.0	2.1883027220787126	0.7964462793022825	-0.105	2.2337255903390205	0.4287131905772871	-0.0886	2.2013242944244236	0.06861681474933412	-0.0972	2.3036687927843187	-0.01781590444804778	-0.0766	2.255316110022783	-0.03628244087851055	-0.12	2.1572987170312548	-0.00390895882410866	-0.0883	2.3762648671968827	0.8017313813630174	0.105	2.421236994022956	0.4525319658244706	0.0886	2.2519649340820025	0.17291152732058498	0.0972	2.341998743321485	0.021819323801553707	0.0766	2.349781676437124	0.05419555564334377	0.12	2.1787896683559618	0.13268873131864412	0.0883	2.2671501026854846	1.2621565145993074	0.0	2.3406717304419145	1.4940820987882268	0.0	2.3366228809216265	1.3043690118509195	0.0	2.080758780505031	1.2186465671205344	-0.2016	2.043420552055121	0.9639711355358654	-0.1613	2.2468240316642527	0.8264333194367666	-0.12	2.426660423688987	1.249693509768374	0.2016	2.455144278463856	1.039956846776562	0.1613	2.45551116232705	0.8706911672786831	0.12
414	6.8999999999999995	2.2813439705467213	0.7992248886905174	0.0	2.1895075580637435	0.7937098027137166	-0.105	2.231570260808579	0.425900810586242	-0.0886	2.2010986484332564	0.07201658571110264	-0.0972	2.3018654689478875	-0.018042473531905842	-0.0766	2.253584311335085	-0.03599245612911074	-0.12	2.1588804989803925	-0.0002673946164554117	-0.0883	2.378453130858959	0.7974943939013575	0.105	2.4297473562599374	0.451966201588274	0.0886	2.2790679922486192	0.16726092898926379	0.0972	2.3599648831795865	0.019436556615655312	0.0766	2.372286803901147	0.051530651952168105	0.12	2.227671402955776	0.11810816335493271	0.0883	2.2708640654130234	1.26296670447517	0.0	2.342244192142508	1.49386136260771	0.0	2.342244721480478	1.3043183798926865	0.0	2.082733942553941	1.2199131543170936	-0.2016	2.0429532601821667	0.9684989861349765	-0.1613	2.2456182317176863	0.8348616710598444	-0.12	2.4310550057347218	1.2494448676962675	0.2016	2.45984006832494	1.0384715479867963	0.1613	2.4500297168655405	0.8701145283115423	0.12
415	6.916666666666667	2.2838662722195657	0.7975167635786355	0.0	2.190033480471361	0.7855993457518793	-0.105	2.2306599727721594	0.4247400522570305	-0.0886	2.200970285682735	0.07288062986093527	-0.0972	2.299257003133353	-0.018107812807799877	-0.0766	2.250132093345377	-0.03562202314390478	-0.12	2.160480383340385	0.005540251216901174	-0.0883	2.3812032686390143	0.7958800322401884	0.105	2.436494374897939	0.4519657033313154	0.0886	2.2944481419727247	0.1643502406743635	0.0972	2.3768087334828536	0.017494112563132463	0.0766	2.3895761605780312	0.04932240221394355	0.12	2.24728763544886	0.11286319155892266	0.0883	2.274042100561467	1.2635058084666928	0.0	2.3436027931648935	1.4937932952745097	0.0	2.345009398080029	1.3032672396344342	0.0	2.0854826253454184	1.2207749810493727	-0.2016	2.0423146141102597	0.9717096550016916	-0.1613	2.2441115498908926	0.8445713086399962	-0.12	2.4366718593817205	1.2489497487998624	0.2016	2.4647108283699457	1.0365183498292625	0.1613	2.445502602186979	0.8698586374498081	0.12
416	6.933333333333334	2.288123081838611	0.7970121257719117	0.0	2.1923483530423127	0.7820173232632959	-0.105	2.2296452900062267	0.42438047662303574	-0.0886	2.200821696090445	0.07360466597924795	-0.0972	2.2970382561676312	-0.018271048781014876	-0.0766	2.2445559255766074	-0.03540119524492531	-0.12	2.162357660926596	0.011499850583536197	-0.0883	2.3869837367619295	0.7962011926739928	0.105	2.441919239347177	0.4524648500448313	0.0886	2.304672821402429	0.1607698627658839	0.0972	2.3894458539768513	0.0157734745606748	0.0766	2.4043209644360006	0.04810696840159382	0.12	2.2614642064382533	0.11091294883586719	0.0883	2.2793130492894633	1.2638257928750993	0.0	2.3425744446298347	1.4937188237806862	0.0	2.3481215687415444	1.3035307988770635	0.0	2.0932456342598904	1.2207600875735758	-0.2016	2.0419528346285687	0.9746349293033902	-0.1613	2.2430551955016416	0.8496655457976479	-0.12	2.4382691456023555	1.2485518203193244	0.2016	2.4711898789063524	1.03592074278005	0.1613	2.4429942411816614	0.8743885172496837	0.12
417	6.95	2.2934935463157577	0.7969534350461094	0.0	2.198956089797188	0.7818547271999378	-0.105	2.2284211788995343	0.4238559912806019	-0.0886	2.2005856232698706	0.07565251866275785	-0.0972	2.296184672867659	-0.018514587776104895	-0.0766	2.243962236817075	-0.03588159412203277	-0.12	2.1650943621386363	0.012796798335188354	-0.0883	2.3905172069424996	0.7959839856527482	0.105	2.4483543025068784	0.45334394130858424	0.0886	2.3196616860474353	0.1612906901712704	0.0972	2.402704616325924	0.014660153092023988	0.0766	2.417895587585443	0.04656147093263958	0.12	2.26987297349876	0.11014738558556544	0.0883	2.2813521087362285	1.2648518147139671	0.0	2.3525617655075752	1.493942619318483	0.0	2.3489538801738283	1.304214861667317	0.0	2.0915237506214255	1.2208375860141778	-0.2016	2.041448573349178	0.9786137389662314	-0.1613	2.2414791719710574	0.8575083458905566	-0.12	2.444945967784737	1.2481513703034723	0.2016	2.475882702437576	1.0366075448651777	0.1613	2.4416893059568774	0.8819662605289198	0.12
418	6.966666666666667	2.2982630848833767	0.7967046965526788	0.0	2.204591614818754	0.7807397101546539	-0.105	2.2271275915222533	0.421468716550947	-0.0886	2.200435097262097	0.07680058702824902	-0.0972	2.2959856312875164	-0.018739118349883087	-0.0766	2.2442637285220277	-0.03668067263549548	-0.12	2.1666469621657245	0.013418838201872944	-0.0883	2.39352429497955	0.7957319471672931	0.105	2.449924511263595	0.45435585831551284	0.0886	2.3310006453710055	0.16232781837890425	0.0972	2.4157434520855996	0.01334482303583897	0.0766	2.4335513348506757	0.04481091124494113	0.12	2.276249759601129	0.10951992960479662	0.0883	2.2840327574541077	1.2648922873827904	0.0	2.360834382061064	1.4948699540291432	0.0	2.352107148330644	1.3030496743428546	0.0	2.0906900609556116	1.2209974721553276	-0.2016	2.0408151077404213	0.9817267215855788	-0.1613	2.239336291113254	0.8628020039715452	-0.12	2.450160292073497	1.2478913530210927	0.2016	2.482416339109881	1.0354653759855406	0.1613	2.441582058071424	0.885761040333901	0.12
419	6.983333333333333	2.301789398997811	0.7964698077229446	0.0	2.2098487210736253	0.7803803619563144	-0.105	2.2264242058598485	0.41862265227031736	-0.0886	2.2004305656304046	0.07539030945698316	-0.0972	2.295874400025771	-0.018954983166510377	-0.0766	2.244488286840256	-0.03779129258526921	-0.12	2.168405005406469	0.012640623310646956	-0.0883	2.3983893024482925	0.7958693798550687	0.105	2.454290444635154	0.4552452325256055	0.0886	2.3526792936315686	0.16058532247634846	0.0972	2.4334903594089297	0.012155714489758968	0.0766	2.4576907373671397	0.04242688509762823	0.12	2.2976073609354817	0.10720429042558902	0.0883	2.2891087216758046	1.2644011848082215	0.0	2.365411050404087	1.4944397468356172	0.0	2.355843542121746	1.3018135758821792	0.0	2.092057749167261	1.2205990553783483	-0.2016	2.040112935915398	0.9836022312918837	-0.1613	2.240196534514858	0.8675420527575807	-0.12	2.4557978585280154	1.2464015622507447	0.2016	2.4886294647325307	1.0335568815768106	0.1613	2.442410050558625	0.8880115823251276	0.12
420	7.0	2.304536874729257	0.7964646300133341	0.0	2.2124985255413643	0.780272001490807	-0.105	2.225353792534047	0.41669691821800664	-0.0886	2.2004305162190816	0.07373899828775582	-0.0972	2.2958060449177577	-0.019258306559387386	-0.0766	2.2447490305038444	-0.038951011361469376	-0.12	2.169773735546828	0.011440809347050392	-0.0883	2.4010317894953546	0.7972665767238905	0.105	2.455465315292354	0.4557490578690887	0.0886	2.3638980927977147	0.15742903292466137	0.0972	2.4462331120313636	0.010973021048699273	0.0766	2.4688810369678693	0.039652296062952244	0.12	2.308867693243268	0.101535679509762	0.0883	2.2937455739124295	1.2635581256038781	0.0	2.3693392070158072	1.4936805160396973	0.0	2.360379145247288	1.2999508825045996	0.0	2.0945399522748285	1.219823252679647	-0.2016	2.039299387404442	0.9857398690183496	-0.1613	2.2402689495387142	0.8725679446695421	-0.12	2.460439096515003	1.2448889411320403	0.2016	2.494275409171112	1.0289465776622027	0.1613	2.44330806389264	0.8902486980731354	0.12
421	7.016666666666667	2.3069280492831084	0.7965122260315436	0.0	2.213068523345667	0.7802956663747771	-0.105	2.22487407818164	0.4153907973431507	-0.0886	2.2004571053366946	0.07289383619572432	-0.0972	2.2956925716851377	-0.019611875849412923	-0.0766	2.2449836601752216	-0.03962341959839822	-0.12	2.1697278518075684	0.010417439673864215	-0.0883	2.401758190254444	0.7984755658114204	0.105	2.457613878335232	0.4562446811942237	0.0886	2.3761125787947375	0.15285379020975043	0.0972	2.4547687463868226	0.009323505242532969	0.0766	2.4789621299415416	0.036224637909851545	0.12	2.32348073246888	0.09701470117460184	0.0883	2.2951883791572794	1.2608279581768849	0.0	2.3774924144147667	1.4928496912152205	0.0	2.363380976032216	1.2963550312000565	0.0	2.098650442545251	1.2191288659676345	-0.2016	2.038025622821933	0.9867704549310702	-0.1613	2.240843932112757	0.8751823161281509	-0.12	2.4615662382209	1.2436016881753915	0.2016	2.5012618692480837	1.0271042161445925	0.1613	2.446404789659244	0.8911066267496464	0.12
422	7.033333333333333	2.309157038411064	0.7965827997854408	0.0	2.2138247123309713	0.7803532724760915	-0.105	2.224827282421926	0.4140556213492299	-0.0886	2.2005300916031096	0.07125419979709048	-0.0972	2.295412160830944	-0.01987835933363369	-0.0766	2.244600292757748	-0.04023215951259096	-0.12	2.1696032023572287	0.009106449351541646	-0.0883	2.403849563112263	0.7991843104674273	0.105	2.4598903324726273	0.45703690398076724	0.0886	2.388301584170417	0.14591242226316148	0.0972	2.468047198882697	0.0075574441711298845	0.0766	2.490554314145322	0.03473175358404025	0.12	2.338733227071641	0.08974521632010624	0.0883	2.2994088293752504	1.2573943819153324	0.0	2.3828448508843048	1.4921269336594303	0.0	2.3660084318359518	1.2945554633269747	0.0	2.102423956029062	1.2185875673708082	-0.2016	2.037381113475303	0.9872096017848376	-0.1613	2.241831117817401	0.8777143233074403	-0.12	2.4655197601417695	1.2417400804941061	0.2016	2.508062073372745	1.0249178348716983	0.1613	2.4455041052938093	0.8914976153840206	0.12
423	7.05	2.3110258378279145	0.7971068245448947	0.0	2.2166823782296707	0.7802984821833469	-0.105	2.2250721722012012	0.4137497152872318	-0.0886	2.2007166925222137	0.06964537472429516	-0.0972	2.2949635424700934	-0.02011114353908474	-0.0766	2.2440765649939984	-0.040660776040275765	-0.12	2.169640665330095	0.00842351159705857	-0.0883	2.4075819416644086	0.800088215741681	0.105	2.4633843435129603	0.4582109896132602	0.0886	2.402180200796299	0.14004448544951142	0.0972	2.4767650720030447	0.007234017905182681	0.0766	2.501748204129485	0.03424459774359396	0.12	2.3603656820848764	0.082232530166364	0.0883	2.3054312677166044	1.254025687925628	0.0	2.3868791676436323	1.4909800637660375	0.0	2.369734998985412	1.2920763339119254	0.0	2.1068275991217766	1.21756734348395	-0.2016	2.0375858420122075	0.9878463223037257	-0.1613	2.243535227037704	0.8821160734326086	-0.12	2.4715351680109765	1.2391138656898109	0.2016	2.5145444617993475	1.020729824915644	0.1613	2.448780501244544	0.8995138439095548	0.12
424	7.066666666666666	2.313420216504752	0.7970950911166437	0.0	2.2182396699425877	0.7802870984912298	-0.105	2.224227242208204	0.41318314851054805	-0.0886	2.200882025801398	0.06805196257694085	-0.0972	2.294383457554843	-0.02027385232171742	-0.0766	2.243266390186407	-0.04103764694827224	-0.12	2.1704787054300847	0.00784012327760706	-0.0883	2.4119072105024877	0.8005878785285976	0.105	2.466486629757252	0.4593308855032742	0.0886	2.416497462905118	0.13493576610203228	0.0972	2.481908966606472	0.007889058746349292	0.0766	2.5112960123509063	0.03401734625313396	0.12	2.3860351079639126	0.0753600939880949	0.0883	2.3107458274601105	1.2513798710708282	0.0	2.389546708157754	1.4877598674058292	0.0	2.3741646836985173	1.2891096430594213	0.0	2.1118920410366755	1.2167283962287263	-0.2016	2.0379641818326357	0.9887539466007015	-0.1613	2.244760727640667	0.8864623702680329	-0.12	2.478302790681324	1.2360821027135214	0.2016	2.521803191386266	1.0177281976302108	0.1613	2.454813859428675	0.9059542012916977	0.12
425	7.083333333333333	2.316379694257917	0.7963252752723123	0.0	2.2224273627512634	0.780381043348348	-0.105	2.2234853355936393	0.4131803469336253	-0.0886	2.200963802804945	0.06685203289122393	-0.0972	2.2939746480256664	-0.020292331567069603	-0.0766	2.2426542101697167	-0.0413635157875957	-0.12	2.171472830238852	0.0071631092965265195	-0.0883	2.415035031036494	0.8005973016913491	0.105	2.471650622936146	0.45901562133738477	0.0886	2.427783091062974	0.12908711062302602	0.0972	2.4879202790171884	0.009004832097947911	0.0766	2.519472041613324	0.03403984841627572	0.12	2.397608010775437	0.07012706376604262	0.0883	2.3164326542480262	1.250353779913524	0.0	2.3923161947209852	1.4811668319612687	0.0	2.3778228342330854	1.2857699868766344	0.0	2.116254174455833	1.2159675321333665	-0.2016	2.038502727309622	0.9896951884126505	-0.1613	2.2450532274098047	0.8942979073908641	-0.12	2.483905632756833	1.2326984094065645	0.2016	2.531239860123928	1.0188102543206667	0.1613	2.4616455937547124	0.9073803162395904	0.12
426	7.1	2.3187844796982233	0.7947799779482576	0.0	2.2239282092352703	0.7807889542048754	-0.105	2.2241261648912984	0.4143099228977294	-0.0886	2.201096526844827	0.06575793729181056	-0.0972	2.2943229492403083	-0.020238862737922025	-0.0766	2.242484974660288	-0.04177866370546356	-0.12	2.1721197143612945	0.006236343428857115	-0.0883	2.417418955422197	0.8005799329034717	0.105	2.4770450997928584	0.4585775342509934	0.0886	2.443414103505615	0.12194935542576073	0.0972	2.4984663549334556	0.010014565252119335	0.0766	2.530023038217222	0.0341011360380251	0.12	2.4093277518878904	0.058463149881175736	0.0883	2.3213578879485572	1.2485318684687934	0.0	2.3946251886378436	1.4753107174811773	0.0	2.3820852279482456	1.2835680966227825	0.0	2.120133701342703	1.2152492830311106	-0.2016	2.039361869058117	0.9901719084603784	-0.1613	2.2464142644810456	0.9035182112529493	-0.12	2.489959333037864	1.2300457585012958	0.2016	2.5380199804562307	1.017292885146988	0.1613	2.46635760573438	0.9088668595332297	0.12
427	7.116666666666666	2.3216740365397226	0.7933830794085015	0.0	2.2263932588639865	0.7811347767003136	-0.105	2.2247055705072194	0.41452741880397576	-0.0886	2.2014938441936054	0.06470658923848716	-0.0972	2.2944308005113947	-0.020201396371391733	-0.0766	2.2425541086817447	-0.04206023399256441	-0.12	2.172485719279454	0.004781193135322395	-0.0883	2.421578885709937	0.800340377056458	0.105	2.4800010457199617	0.4585676014343307	0.0886	2.4557195500708944	0.11594127451876055	0.0972	2.5077920130384803	0.011149390134716532	0.0766	2.539002217607059	0.034187310869292754	0.12	2.4234184656130875	0.05093112284652774	0.0883	2.3264150771825527	1.2462336978957484	0.0	2.3990187660348066	1.4697417971682425	0.0	2.38664324209766	1.2792089681429122	0.0	2.1265262262790587	1.2142188715690376	-0.2016	2.0427070394307343	0.9899058011973324	-0.1613	2.2499372241438302	0.9069278176438237	-0.12	2.4951992334535458	1.228447586865925	0.2016	2.545449013979165	1.0181910065018602	0.1613	2.4753869452712154	0.9099530786929579	0.12
428	7.133333333333333	2.3267937389679365	0.7922258208297472	0.0	2.2300357141080993	0.7814082411592032	-0.105	2.2255186828222255	0.41457964465120295	-0.0886	2.2019334196777085	0.06426827979382202	-0.0972	2.2944192661069036	-0.020209561766831335	-0.0766	2.242282491882681	-0.04226875258037466	-0.12	2.172803705061423	0.0022016856319851605	-0.0883	2.4253378699795993	0.8003225827080181	0.105	2.483084312052104	0.4592458621586316	0.0886	2.4666120358563104	0.11052144832467481	0.0972	2.525511421287672	0.01340888896273823	0.0766	2.5562743055629493	0.03418057961719892	0.12	2.434294399415391	0.03490965529452108	0.0883	2.3320549152023173	1.2416700573205184	0.0	2.4046731876333687	1.4675864605571405	0.0	2.3902960261155743	1.276207346819389	0.0	2.1300753510025525	1.2129833651844395	-0.2016	2.0467771231946728	0.9894076541153413	-0.1613	2.2542501333090694	0.9097032445969606	-0.12	2.5024174094277	1.2272269999056271	0.2016	2.5552308576255873	1.0150767036238373	0.1613	2.4846583324232245	0.9111318694582708	0.12
429	7.1499999999999995	2.330396332540177	0.7902795397701768	0.0	2.2334540345368676	0.7814832207343373	-0.105	2.226249353975308	0.41459778144743226	-0.0886	2.2025126914610667	0.06397144444597268	-0.0972	2.294566152278461	-0.02023080072859091	-0.0766	2.2412307704366627	-0.042227049917281004	-0.12	2.1742656714803132	-0.0010726015030491642	-0.0883	2.4298652359574358	0.8005462654396498	0.105	2.4857151719892117	0.4591775239058663	0.0886	2.4781686040318385	0.10775014272562239	0.0972	2.5414475106359045	0.01944426595386995	0.0766	2.5716676013940356	0.034681458217292294	0.12	2.446433194911147	0.025534599098291255	0.0883	2.335569315504617	1.2368494228250662	0.0	2.409964240958956	1.4634597606495234	0.0	2.3930028529629244	1.2706400918096141	0.0	2.1357764919466775	1.2108658124720455	-0.2016	2.0513858698023157	0.9882320622538886	-0.1613	2.2568848998903928	0.9117235379205402	-0.12	2.507207284210768	1.225613938849236	0.2016	2.5642719067670448	1.011669314985922	0.1613	2.488763749561493	0.9112921847014032	0.12
430	7.166666666666667	2.3350872205576954	0.7883810055239349	0.0	2.2367463752737238	0.7813683276124102	-0.105	2.226921697385358	0.4145487247859506	-0.0886	2.203237536430884	0.06338752701134387	-0.0972	2.2945429480295827	-0.020319355686821243	-0.0766	2.239608228775145	-0.04224643796058449	-0.12	2.1759103178043007	-0.0034471321023157586	-0.0883	2.434572197163503	0.8004003431335877	0.105	2.485231834891953	0.4585187329376261	0.0886	2.4886918994983476	0.10597798762619803	0.0972	2.5518281223227217	0.029960010465619184	0.0766	2.58115756698747	0.035729338876676425	0.12	2.460945614962173	0.01863730827952185	0.0883	2.34053340217417	1.2314702140920333	0.0	2.416921890124134	1.4593170133278077	0.0	2.396241514188148	1.2650910122198404	0.0	2.141577519682999	1.206994426736657	-0.2016	2.0557305981163547	0.9860151936601022	-0.1613	2.259897904498653	0.9124223620227282	-0.12	2.512259060070081	1.2228955707114766	0.2016	2.573756861121959	1.0065725434402026	0.1613	2.4903053143122844	0.9103674760044659	0.12
431	7.183333333333334	2.338290804959316	0.7862417331547285	0.0	2.2397876422219536	0.7812489235234301	-0.105	2.2277054311229767	0.4144155905856533	-0.0886	2.2040617621405105	0.0626255888166641	-0.0972	2.2945120275745197	-0.02046398013793621	-0.0766	2.2385059632014808	-0.04219001482846653	-0.12	2.1781159793518787	-0.005321985146880752	-0.0883	2.43770795779253	0.8002410746706043	0.105	2.486640469947389	0.4575458506786282	0.0886	2.500677127398181	0.10449822708067252	0.0972	2.5657100311073893	0.03327863011152654	0.0766	2.593677445665009	0.03745954511579092	0.12	2.4739077236474687	0.01597902026027375	0.0883	2.3454525896809235	1.2260649882273218	0.0	2.422140158785691	1.4540828838433715	0.0	2.4027121516789243	1.2596317674771376	0.0	2.14532025271024	1.2027741164675405	-0.2016	2.0594436396783378	0.9839074709229033	-0.1613	2.2634225570973636	0.9127083068557211	-0.12	2.5191068631637434	1.2182988859645372	0.2016	2.5832956493183623	0.9989028087632663	0.1613	2.4934638068695105	0.9084974695326465	0.12
432	7.2	2.3423659411191626	0.7826309915342642	0.0	2.244334706609977	0.7806573177418117	-0.105	2.2289535111681023	0.41415194302112396	-0.0886	2.2055778526334366	0.06257801034153851	-0.0972	2.29454396177587	-0.02071176026845481	-0.0766	2.2376407557488065	-0.041979395239694184	-0.12	2.1805791732031157	-0.0055256977011193045	-0.0883	2.441701662876092	0.7995675321710544	0.105	2.4875152750868623	0.4558841461391812	0.0886	2.510616684435452	0.10478994503878591	0.0972	2.567557413730086	0.0401213845749756	0.0766	2.602893091061487	0.04167540148531425	0.12	2.4876195469490057	0.014607098600645206	0.0883	2.3506731033198145	1.2209057707214679	0.0	2.4267425239292284	1.4486029783092005	0.0	2.40974410846443	1.2544891671245657	0.0	2.1524579223060925	1.1988930214059144	-0.2016	2.0657763592834764	0.981551985229503	-0.1613	2.2702576713044533	0.9152550052312743	-0.12	2.5263388372070525	1.2130553804662074	0.2016	2.592437905662583	0.9953831026610465	0.1613	2.5039775884971758	0.9070124903866885	0.12
433	7.216666666666667	2.3454026009483275	0.7793652073361993	0.0	2.2492988322140657	0.7795052175996569	-0.105	2.232122714163317	0.4138878377271991	-0.0886	2.207382017249728	0.06297099223195912	-0.0972	2.29473479979314	-0.021191992010330896	-0.0766	2.2364824988933236	-0.041812304238758	-0.12	2.182650095133068	-0.00480809563893457	-0.0883	2.44490387005003	0.7981794985076194	0.105	2.490998400819444	0.45511614329239547	0.0886	2.5202169326994652	0.10810124911943686	0.0972	2.569718370382755	0.048040209228705964	0.0766	2.6076290747817445	0.04677832998854874	0.12	2.497299667906762	0.014044350435441826	0.0883	2.3595760456676	1.2133257219465696	0.0	2.431234876846029	1.4460436003281851	0.0	2.41639509100857	1.2481799719145863	0.0	2.161986004900771	1.19606549360616	-0.2016	2.0699167081775403	0.9796967830350651	-0.1613	2.270759361002832	0.9155475520526021	-0.12	2.5371897510177757	1.2056555299897493	0.2016	2.6014310160331098	0.9905973737534458	0.1613	2.5094284184233957	0.9044365818200774	0.12
434	7.233333333333333	2.350797917401767	0.7753929156743143	0.0	2.2549976019372218	0.7778284775336032	-0.105	2.2352114075682112	0.4133791980895322	-0.0886	2.208288943420373	0.06233290737279918	-0.0972	2.2951832438615427	-0.02171800681617157	-0.0766	2.235871908945482	-0.04155739974177758	-0.12	2.183366903013997	-0.004185394556934403	-0.0883	2.4519696023634454	0.7953625678788743	0.105	2.494323266340442	0.45449328063596317	0.0886	2.5278819815665763	0.10839741503815996	0.0972	2.5714800870256713	0.05490792631552905	0.0766	2.608728886589989	0.051718262385294735	0.12	2.505218420506559	0.012026533099029915	0.0883	2.3699387887118726	1.2100181792754843	0.0	2.4355966465574563	1.4368586021095722	0.0	2.4209655162858703	1.2402835062652289	0.0	2.1709216332280725	1.1944799857496182	-0.2016	2.075808968522507	0.9781146143226254	-0.1613	2.270472410480695	0.9162988833902221	-0.12	2.547652967953895	1.1983716195558507	0.2016	2.6099715533059777	0.9853614702141296	0.1613	2.520021964386217	0.9012420920367996	0.12
435	7.25	2.3555575160118836	0.7738665768030681	0.0	2.2583029776951826	0.7758834975709847	-0.105	2.238026608565517	0.41254333098222745	-0.0886	2.209447862537578	0.06074175170864234	-0.0972	2.2954824506766287	-0.022443797156625114	-0.0766	2.2355384672200023	-0.041355471659984336	-0.12	2.184571156378972	-0.00482348451644795	-0.0883	2.456746657971717	0.7911013075367663	0.105	2.496363247847491	0.45335466847558575	0.0886	2.531647618738403	0.106746711004128	0.0972	2.571229689004883	0.05524861231306382	0.0766	2.608417666384597	0.05259971504285722	0.12	2.509905076514514	0.00969509789328319	0.0883	2.375587792411165	1.2077249055630872	0.0	2.4436978435257255	1.4292914544147897	0.0	2.426726802897769	1.2332737514473846	0.0	2.1770129046057	1.1923883785254326	-0.2016	2.081218865031246	0.9758209970542298	-0.1613	2.271835941509911	0.9155053701854584	-0.12	2.5545923720310966	1.1925516059884507	0.2016	2.6184736933796593	0.9825149499677528	0.1613	2.5241912285687635	0.8960629289765157	0.12
436	7.266666666666667	2.3604096884818593	0.7721018061733927	0.0	2.2630006044335107	0.7743313904988648	-0.105	2.2410961832485037	0.4111486274546699	-0.0886	2.210057578036314	0.059468871673844244	-0.0972	2.2954365518055084	-0.02277550879041765	-0.0766	2.2353038121810327	-0.041041306233335996	-0.12	2.1851014812237812	-0.004492556539366636	-0.0883	2.4610080679235393	0.7849534529204768	0.105	2.498082486369071	0.44956507498161985	0.0886	2.5337971993837836	0.1015222744922293	0.0972	2.570669058933282	0.05211880535098899	0.0766	2.6077031680378298	0.05073402432448955	0.12	2.513943451878832	0.00780939952077838	0.0883	2.3825462663215324	1.2049633569547724	0.0	2.4506654054306782	1.4204485543590935	0.0	2.429943792439141	1.2304210184026139	0.0	2.186182891006019	1.189706834930625	-0.2016	2.0870217354700964	0.9734167242918662	-0.1613	2.274810663984444	0.9151854364219513	-0.12	2.561233003205888	1.1870921865242883	0.2016	2.625238774764003	0.9780919895931668	0.1613	2.5307851938695194	0.8909516397154672	0.12
437	7.283333333333333	2.365927504681375	0.7697606796865964	0.0	2.268376093931721	0.7721096870279269	-0.105	2.2459529950759474	0.4101529301054805	-0.0886	2.210086708062531	0.058449535327354175	-0.0972	2.2956569337213044	-0.0232656486936453	-0.0766	2.2348659067159296	-0.04078564334784922	-0.12	2.1848223928839263	-0.004010433660398487	-0.0883	2.464829765398657	0.7830852260730217	0.105	2.499558347537671	0.44308485790321783	0.0886	2.5356133124044646	0.09317254876653638	0.0972	2.5672307422215885	0.04315297555106526	0.0766	2.6055500407425543	0.045935801261299335	0.12	2.5140314503515366	0.007261601791112918	0.0883	2.390251653329275	1.2019231254161185	0.0	2.456709111291503	1.4176182509067703	0.0	2.435235371214547	1.2274297012751363	0.0	2.1927824991675013	1.1869540688656486	-0.2016	2.0950147175801654	0.9715595071705422	-0.1613	2.2833024825592445	0.9148557246713361	-0.12	2.5685482945069267	1.185397177090822	0.2016	2.632961786367455	0.9739504923607719	0.1613	2.540110685402904	0.8893644179458357	0.12
438	7.3	2.370968742783984	0.7672598787243313	0.0	2.272017511195078	0.7700850816146335	-0.105	2.2497445122623425	0.4098098906777717	-0.0886	2.2109283771326305	0.05645929412659846	-0.0972	2.295635148450627	-0.023539073945923222	-0.0766	2.2335886454024796	-0.04019476544355099	-0.12	2.1849434647868957	-0.003122176812649688	-0.0883	2.4706533302835347	0.7815527373782467	0.105	2.5027952359127212	0.4365475032707328	0.0886	2.5362358610884996	0.08770739635463354	0.0972	2.5642134066410467	0.03591004444856251	0.0766	2.6036778043450504	0.034777293349093616	0.12	2.5159981228047763	0.010079216173864251	0.0883	2.3957412137502807	1.199096068640818	0.0	2.4633775277730496	1.4159280600356603	0.0	2.4412787948994743	1.2249900607663666	0.0	2.1990171029087553	1.1852490110726719	-0.2016	2.1016766669396594	0.9701681410263501	-0.1613	2.2899685921803212	0.9129150320103675	-0.12	2.573384487646437	1.1835243182959376	0.2016	2.6412546943520905	0.9686437813763141	0.1613	2.5464720394017055	0.8871219236952466	0.12
439	7.316666666666666	2.376807975387455	0.7670799065541476	0.0	2.2775980549550567	0.7709426194547145	-0.105	2.253680236758682	0.4086985799113766	-0.0886	2.211104567590533	0.05704387700472549	-0.0972	2.2956415645982644	-0.02360686100563837	-0.0766	2.2328168483921806	-0.03943090964322704	-0.12	2.1853895581185534	-0.0021231364233258027	-0.0883	2.4749376222981403	0.7818763962006681	0.105	2.50577542515049	0.4335312977109984	0.0886	2.5363919670260846	0.08659133366401872	0.0972	2.5598512512404294	0.022904191430960036	0.0766	2.6026685344507583	0.025853498330028424	0.12	2.5191023153587535	0.014903938655681431	0.0883	2.4036980569211535	1.1953810013663029	0.0	2.469824051132589	1.415388818566918	0.0	2.4440694522441397	1.2228297723964545	0.0	2.20893967805411	1.185410601526005	-0.2016	2.109917872212688	0.9692742082348159	-0.1613	2.298196532460387	0.9108656042709558	-0.12	2.5812320643638476	1.1815675056437855	0.2016	2.649641583057724	0.9668741251797359	0.1613	2.5493620821058265	0.8838958736805507	0.12
440	7.333333333333333	2.3822759450427995	0.7669146584394821	0.0	2.2832246659359106	0.7726966053389265	-0.105	2.259117931313957	0.40842576385003027	-0.0886	2.2114105031577904	0.057834030859954436	-0.0972	2.2954110643461356	-0.023106014875328228	-0.0766	2.2316442394706004	-0.037992270716104656	-0.12	2.185042760676861	7.334964384155679e-05	-0.0883	2.4799737693247677	0.7826190061333026	0.105	2.5070981672315917	0.43260727929064624	0.0886	2.5374539760074906	0.08495755625813038	0.0972	2.556820559607546	0.011438406076360742	0.0766	2.6020063196273404	0.019905863843812127	0.12	2.5243438128238282	0.018384209847192835	0.0883	2.4114881740979466	1.193025502674784	0.0	2.4775951361617268	1.413869664384637	0.0	2.450577601267194	1.2208076030789	0.0	2.2157881100513803	1.1850366010552835	-0.2016	2.1182770673624365	0.968530435713488	-0.1613	2.3061148951303685	0.9093957847229219	-0.12	2.588922901450599	1.1797556193977716	0.2016	2.657303333593221	0.964062649725475	0.1613	2.5471505095281777	0.877615099916913	0.12
441	7.35	2.3872147527460292	0.7675411873801694	0.0	2.2882453160376084	0.7732191415103313	-0.105	2.2656153440028097	0.4083346561193043	-0.0886	2.211610563677052	0.059482991905708354	-0.0972	2.2952634327843557	-0.022505546332539376	-0.0766	2.2300019173696413	-0.036216623362869446	-0.12	2.184683553386268	0.004815694826141671	-0.0883	2.484839865410758	0.7830479968857884	0.105	2.509089284669826	0.43217289191760494	0.0886	2.5390775721162604	0.08347978939894526	0.0972	2.5560470840986587	0.00405580080175983	0.0766	2.6020950966224783	0.01519747705284756	0.12	2.5281657128981374	0.020274088396652172	0.0883	2.418481898882918	1.1907585301660575	0.0	2.486491349052591	1.4119971381879577	0.0	2.4556913053587013	1.218432922567539	0.0	2.2246439748259883	1.1856172824752886	-0.2016	2.1256910590365874	0.9688401296711325	-0.1613	2.3115762251301324	0.90856191111492	-0.12	2.597389093907773	1.1778281263902903	0.2016	2.665789005552263	0.9610113249342257	0.1613	2.54854342005487	0.8747945752469669	0.12
442	7.366666666666666	2.3942306912824343	0.7678402935998456	0.0	2.295487585782655	0.7733591336784486	-0.105	2.271556985627824	0.40883065569217103	-0.0886	2.2129102680195345	0.06277733989987958	-0.0972	2.295200376876355	-0.021883629367647442	-0.0766	2.2293004834842853	-0.03467829686072078	-0.12	2.184770714599578	0.01293299605428258	-0.0883	2.4918651861960637	0.7823769787249156	0.105	2.512247171218432	0.4318230529325864	0.0886	2.540170975837697	0.08164926351135735	0.0972	2.555665045098569	-0.0013141011802067643	0.0766	2.602074847947532	0.009802584525278893	0.12	2.5298427919292097	0.02267722709133805	0.0883	2.426436012596488	1.1902902620611264	0.0	2.494587687937803	1.4104807279676341	0.0	2.4631189379443748	1.2165554727152135	0.0	2.2328283942646006	1.1859270415299519	-0.2016	2.135354787427276	0.969101336837005	-0.1613	2.3189678197244747	0.9084038330601495	-0.12	2.6034959451749877	1.1769282501433402	0.2016	2.671926061120227	0.9575633451461532	0.1613	2.5531524294842067	0.8724989680398252	0.12
443	7.383333333333333	2.400443008655439	0.7688709568883112	0.0	2.303195861495794	0.77346587200018	-0.105	2.2792626604540245	0.4097535062036591	-0.0886	2.215287273950857	0.07045816073496738	-0.0972	2.295147626235295	-0.02114312841774965	-0.0766	2.2292578018566087	-0.03296776208155559	-0.12	2.1860436785696065	0.02261438219561758	-0.0883	2.4980492839712305	0.7820856795024744	0.105	2.516853497749557	0.4323101615815768	0.0886	2.540340580698801	0.07979916748459734	0.0972	2.55610396302882	-0.005734491702882642	0.0766	2.6029159208061494	0.0043485729380629	0.12	2.5302212985651167	0.024381407556974488	0.0883	2.4367314985268425	1.191219873704374	0.0	2.5031261729549823	1.4069986339381013	0.0	2.471808397175643	1.2165557767213546	0.0	2.2428449115763986	1.1863072436361748	-0.2016	2.145854386081248	0.9700341713908873	-0.1613	2.327370430485485	0.9104658306614405	-0.12	2.6113892076850402	1.1755359917458934	0.2016	2.6795905744049917	0.9557542935103978	0.1613	2.5587135114153634	0.8717474727913294	0.12
444	7.3999999999999995	2.4065275315684045	0.7695582890653608	0.0	2.308067155182523	0.7733668435262545	-0.105	2.285705473102584	0.41070616251417663	-0.0886	2.2162153417535193	0.07654996794788012	-0.0972	2.2947958871645815	-0.02000493503549449	-0.0766	2.228830170689379	-0.030969645072114103	-0.12	2.1860600306867	0.031221979609583242	-0.0883	2.5038279009287403	0.7813252927417782	0.105	2.5193501031927656	0.43260163493082154	0.0886	2.5408110852787984	0.07855434085295221	0.0972	2.5566436020221563	-0.008096493425418252	0.0766	2.6045210238165954	0.002361955175392158	0.12	2.530192703482102	0.026040353457943782	0.0883	2.4453713195665014	1.1956113851459347	0.0	2.512315979342592	1.4024816278348238	0.0	2.4820504167480193	1.2171803781439001	0.0	2.249689036148505	1.187027552155959	-0.2016	2.154878986387441	0.9711108516083877	-0.1613	2.335645846003298	0.9127046072321273	-0.12	2.618329643795434	1.174484349574972	0.2016	2.6844956520030703	0.9559038422111908	0.1613	2.5631008339140613	0.8706113286818988	0.12
445	7.416666666666667	2.4120112258859536	0.7701536233539809	0.0	2.3149062721785043	0.773002247170582	-0.105	2.291153340031708	0.4120758145917027	-0.0886	2.218165455023706	0.08545564112786333	-0.0972	2.2948177203280853	-0.01880329266177804	-0.0766	2.228542857160068	-0.028643618947603637	-0.12	2.1890854659472283	0.04240996838612963	-0.0883	2.507636373109053	0.7805584897680637	0.105	2.5223125998067912	0.4322662257652156	0.0886	2.5409281426352264	0.07684273724961198	0.0972	2.557043043558934	-0.01026271171511229	0.0766	2.6051300600763456	0.0012390190764795667	0.12	2.5299152099867275	0.027489408038947206	0.0883	2.451607875688861	1.1971422887774041	0.0	2.5236376185185345	1.4058830424505817	0.0	2.4886141931752124	1.2186271406785605	0.0	2.257006083669788	1.1883953068194437	-0.2016	2.1647712543274777	0.9725322092296627	-0.1613	2.3411274150241455	0.9121558972782908	-0.12	2.62793463338047	1.1750126634343563	0.2016	2.691800275395573	0.9569546932154923	0.1613	2.5686058649685815	0.8710438154544536	0.12
446	7.433333333333334	2.4189824915316547	0.7708097821543082	0.0	2.3212335189436892	0.7728077106949687	-0.105	2.2974942352935317	0.4144045038370653	-0.0886	2.2226436981146738	0.09297937109606673	-0.0972	2.294999024035502	-0.01679778908424316	-0.0766	2.228387853998483	-0.025901388936842316	-0.12	2.1933269902638006	0.06065026866278868	-0.0883	2.514801407455796	0.7802772740379569	0.105	2.526434020129085	0.43178713000459806	0.0886	2.5408721735687148	0.07428536724942054	0.0972	2.557488083331829	-0.011391157622844462	0.0766	2.6059479976496687	0.0008043401348820783	0.12	2.5295239573574815	0.028458921633506003	0.0883	2.4625720876185033	1.20126384243989	0.0	2.5300032503245182	1.4108735038452263	0.0	2.4982887235910414	1.2223995735390032	0.0	2.2642048832228174	1.1897501210798251	-0.2016	2.175526678650605	0.9783228972977162	-0.1613	2.346336064437584	0.9124153096329801	-0.12	2.637586333754943	1.1766725716707136	0.2016	2.6992992601933934	0.9594564536054839	0.1613	2.577226019405303	0.8737078906237232	0.12
447	7.45	2.426116483095942	0.7710648450994656	0.0	2.3251410460195703	0.7725262731712765	-0.105	2.3028269837089197	0.4147481781599913	-0.0886	2.224905969267541	0.09115025950922466	-0.0972	2.295313741257111	-0.014327493619863303	-0.0766	2.2298005906207274	-0.02350334873558487	-0.12	2.1956493873852034	0.07077117711995878	-0.0883	2.523248502206827	0.7793292971001744	0.105	2.529035826260228	0.430657653014728	0.0886	2.5406299751488515	0.07262088780053874	0.0972	2.5578024664830536	-0.011733977024216705	0.0766	2.6065651699111356	0.0004090696622521123	0.12	2.529302012908048	0.028751873069650775	0.0883	2.481622688745076	1.2218690886041874	0.0	2.5287323023636734	1.4100863739140854	0.0	2.5080361187666944	1.2241985545682599	0.0	2.27341729664355	1.19106453036817	-0.2016	2.1836533823616993	0.9827545239405173	-0.1613	2.354443887240792	0.9163119242069363	-0.12	2.643025554396946	1.1757701182431401	0.2016	2.702658108792659	0.9588991301203486	0.1613	2.581257979417515	0.8755541002539704	0.12
448	7.466666666666667	2.43279858224446	0.7719608657285612	0.0	2.3329777353335244	0.7721427770769159	-0.105	2.309164680277433	0.4163313595461837	-0.0886	2.230189378856939	0.09945497358875481	-0.0972	2.29567504480712	-0.010205817351797306	-0.0766	2.231240840325532	-0.019049802212677776	-0.12	2.201391246868977	0.09282252500234817	-0.0883	2.5280909601489925	0.7780943166593574	0.105	2.5313495198274736	0.43073656192228804	0.0886	2.5404285075324857	0.07275375708363971	0.0972	2.5580943238974427	-0.011827955925150534	0.0766	2.606580638012467	0.0001680426853262751	0.12	2.5291336238872137	0.02880875597153678	0.0883	2.4873920025254606	1.2298797398945482	0.0	2.5369271299227276	1.4093544190411107	0.0	2.517032954587768	1.225922394407135	0.0	2.2806759005983808	1.1957005115791675	-0.2016	2.192440757355462	0.9879117634327682	-0.1613	2.3575477822994113	0.9192101360898399	-0.12	2.6497540164608058	1.1779590122162875	0.2016	2.708862353164223	0.9614499089522118	0.1613	2.588412246268894	0.8788419497391513	0.12
449	7.483333333333333	2.439444652217234	0.7749471867659995	0.0	2.33945833111682	0.7715542022583737	-0.105	2.3155918155159614	0.41940636070155873	-0.0886	2.2372601717741207	0.11054566440677735	-0.0972	2.2964642777810873	-0.0051560830466917534	-0.0766	2.233627895909406	-0.011634706066387578	-0.12	2.212159944521134	0.10610404298430004	-0.0883	2.5331894170769176	0.7754111205311052	0.105	2.5348325891549606	0.4311317671152206	0.0886	2.5405329482242394	0.07249367547047142	0.0972	2.558205097007036	-0.011810846490250847	0.0766	2.605820844550903	0.000457471232796533	0.12	2.5289775806637262	0.028816502135465917	0.0883	2.4920468863085605	1.231663568994195	0.0	2.548438381603689	1.4088859449986177	0.0	2.5246068509611157	1.2282827437045307	0.0	2.2887602593990644	1.2062655313547277	-0.2016	2.2000861699244085	0.994483472469008	-0.1613	2.3625380204397777	0.9267159106379579	-0.12	2.658197834655466	1.1812719819633084	0.2016	2.7158605506112607	0.9652757144974452	0.1613	2.6014041004559116	0.8845924248298717	0.12
450	7.5	2.4441162876970948	0.7787032142662116	0.0	2.3425878832161176	0.7715700152077267	-0.105	2.3189413994791197	0.41937265083649977	-0.0886	2.243997191468778	0.1135458510311941	-0.0972	2.2974879349284536	-0.00325849164149071	-0.0766	2.2384042892075184	-0.007777299189692409	-0.12	2.2203678650732397	0.11172545882022017	-0.0883	2.5403228807509226	0.7724399269581189	0.105	2.537041263373412	0.43096552922652226	0.0886	2.540877149548604	0.07198188917743559	0.0972	2.558304598203606	-0.01181119521804845	0.0766	2.605577266230484	0.0003832256974110673	0.12	2.5291183410527562	0.02882521848734383	0.0883	2.5046678348723126	1.2455636848849567	0.0	2.5511267836398037	1.4086057545606223	0.0	2.5316004269038217	1.2335273535490625	0.0	2.29861739246581	1.2126419286599344	-0.2016	2.208447806285364	0.9987150179158488	-0.1613	2.3703039363124474	0.9329815803184434	-0.12	2.6631769421642373	1.183706690891961	0.2016	2.7224023939513504	0.9680594149559317	0.1613	2.6110770186437695	0.8940434865952537	0.12
451	7.516666666666667	2.449445585361571	0.7836574920716598	0.0	2.34889559066593	0.7702236072763389	-0.105	2.327554478610738	0.4213239028438453	-0.0886	2.2506045531258896	0.11646654599620196	-0.0972	2.297795132274833	-0.0012475217548290687	-0.0766	2.2413684504462816	-0.003293231578538655	-0.12	2.231112644357865	0.11539364194173725	-0.0883	2.5433600914040757	0.7737615094833122	0.105	2.5392506606087597	0.4311409560014847	0.0886	2.5408804215449816	0.07244294799262763	0.0972	2.558488982600013	-0.011745423504083162	0.0766	2.6057106371754117	0.0006572775854782678	0.12	2.528988168674021	0.028885897761143996	0.0883	2.507498757117616	1.2475955510540777	0.0	2.559073287498626	1.4059353457992123	0.0	2.5328448397897056	1.2401458592388157	0.0	2.303406825028169	1.2185043862137934	-0.2016	2.2150484759794167	1.0028612816067404	-0.1613	2.3751521769249697	0.9389798570240893	-0.12	2.6692104278532396	1.1879877375388068	0.2016	2.727973502877985	0.9725584894157854	0.1613	2.6183624114823782	0.9036342932448759	0.12
452	7.533333333333333	2.4539104369757987	0.7863008815311416	0.0	2.351584941373822	0.7698034565099492	-0.105	2.3322023432487162	0.4205986643705608	-0.0886	2.2604242279751325	0.11497207399910914	-0.0972	2.2975694877637416	0.0013107044046282573	-0.0766	2.2417835257065084	0.0017550972123479697	-0.12	2.244345752468751	0.11252278204380393	-0.0883	2.5509698405622636	0.7743709335493254	0.105	2.5401415262605718	0.4303723620821413	0.0886	2.541531654534992	0.07181149237853719	0.0972	2.558166598666989	-0.0114607341794195	0.0766	2.605868326295788	0.000976910660150307	0.12	2.5292494382116923	0.028968197936407813	0.0883	2.5182221257518718	1.2564177997647117	0.0	2.562963317606134	1.4074801243913042	0.0	2.5387268276823467	1.250477632452108	0.0	2.309013241146887	1.2223390951368822	-0.2016	2.222935417058644	1.006824367885291	-0.1613	2.3832489944346293	0.9420843308824196	-0.12	2.6775855167756806	1.1941963504730464	0.2016	2.7333809031714016	0.9783206480050969	0.1613	2.621348031950603	0.910403517060247	0.12
453	7.55	2.4584668908822582	0.7891180374656024	0.0	2.3560916991063365	0.7719984850018323	-0.105	2.336567119521018	0.4209784530599024	-0.0886	2.267794138890217	0.11994076199360588	-0.0972	2.2970170772523075	0.0070569721323207185	-0.0766	2.2409119974673213	0.011837975387661147	-0.12	2.2580758499768856	0.11186633883368169	-0.0883	2.5557370296074255	0.777647297226233	0.105	2.5424117501289767	0.4307601329527191	0.0886	2.5418408872556695	0.07246079111931256	0.0972	2.5584694820417604	-0.011351585936294498	0.0766	2.605884791428333	0.001056394338196688	0.12	2.5290357436056436	0.029035319362191427	0.0883	2.520899759435058	1.256470444630151	0.0	2.5691190629177436	1.411345633561182	0.0	2.5433183610179344	1.2567784296566458	0.0	2.3131229397723456	1.2272061817806024	-0.2016	2.2294374102191314	1.0105283067043733	-0.1613	2.3903009391616674	0.9490042216196084	-0.12	2.681680135020151	1.2002540525030378	0.2016	2.7385913637120844	0.9818044815010218	0.1613	2.6235150135513683	0.9150246274576698	0.12
454	7.566666666666666	2.463239048522484	0.7957774007343829	0.0	2.362953107939522	0.7852598817547723	-0.105	2.341477976324135	0.42493102154440676	-0.0886	2.2736078120233225	0.12851292526024077	-0.0972	2.2966241025259966	0.010949492440492911	-0.0766	2.2410881503704183	0.019395909743693485	-0.12	2.2666551892084925	0.10903783743362416	-0.0883	2.5587741373843995	0.7893339410823955	0.105	2.546209480963198	0.4318881242355219	0.0886	2.5422284283907706	0.07207326743516865	0.0972	2.5580752991879336	-0.011343738357688801	0.0766	2.604855643986993	0.0005565599199715832	0.12	2.5296858735254717	0.029070243434402815	0.0883	2.5179588878805896	1.250206372180032	0.0	2.5783344264175962	1.4288863541868146	0.0	2.546706986371388	1.261106744439865	0.0	2.3160534235512142	1.2328616100949863	-0.2016	2.2345148549456435	1.0135230681011211	-0.1613	2.3961596421183944	0.9548373994521507	-0.12	2.6878642966425303	1.2074501226985146	0.2016	2.744195143819954	0.984912884936262	0.1613	2.6316086826770113	0.9201785161363838	0.12
455	7.583333333333333	2.46717137202948	0.7996075259296949	0.0	2.368317700049498	0.7886932613304326	-0.105	2.34722825404278	0.4270319008645447	-0.0886	2.283122678669665	0.1316043887885173	-0.0972	2.2960203247741293	0.013899666653797896	-0.0766	2.2425572562750618	0.023381365241090843	-0.12	2.27900553235985	0.11596514990600723	-0.0883	2.561332774718867	0.7932468230060267	0.105	2.5489061572165315	0.43288433726756076	0.0886	2.542841801139564	0.07256519237779085	0.0972	2.5569333822522595	-0.011304523306644255	0.0766	2.603890756084514	0.00021413827852367895	0.12	2.5297586510521923	0.029099293247234523	0.0883	2.5226470246153245	1.2546360441028748	0.0	2.5801199521793277	1.4351094858849636	0.0	2.551164112159735	1.2653009347857678	0.0	2.319638995301229	1.2341414874134218	-0.2016	2.240324968545365	1.0159133417891866	-0.1613	2.4041233308356147	0.9600345458342586	-0.12	2.690582554769779	1.211974322257721	0.2016	2.750765881536907	0.9878944035158186	0.1613	2.637203609872321	0.9258564642858441	0.12
456	7.6	2.4711101242410525	0.8017339482520062	0.0	2.370727617837576	0.7868796995237252	-0.105	2.353093746840969	0.4262524369964638	-0.0886	2.289686795638194	0.13390352552038248	-0.0972	2.2966311338827134	0.015734707282463622	-0.0766	2.2441852194248577	0.026873030016988576	-0.12	2.2878561537936832	0.12351938684581207	-0.0883	2.5665629329452426	0.7917843559316382	0.105	2.552763701644105	0.4335385597013563	0.0886	2.543187283977919	0.07177991098832445	0.0972	2.556037024477543	-0.011285554474651668	0.0766	2.6035676347495915	-8.738429964281341e-05	0.12	2.529218513874448	0.02910563785839796	0.0883	2.532100339592286	1.2672717911527493	0.0	2.580164683891792	1.4314967263165252	0.0	2.5565051090299624	1.268953488978745	0.0	2.3237376684926714	1.2355957749264237	-0.2016	2.2471029968018583	1.0188412492800594	-0.1613	2.4107851372119926	0.970206122710255	-0.12	2.6939132977875193	1.2138639641268008	0.2016	2.7563240595388554	0.9900437456744867	0.1613	2.643949210469406	0.9314544910928362	0.12
457	7.616666666666666	2.475135398478303	0.8054310946608944	0.0	2.375844924585162	0.7910778435985459	-0.105	2.3591834616427434	0.42952247836027185	-0.0886	2.2979809879866604	0.13654850044084801	-0.0972	2.3003803586285745	0.016389977668983535	-0.0766	2.2497391358189884	0.028609226001268015	-0.12	2.2964013805211576	0.11364979560816157	-0.0883	2.569455266563361	0.7949314171979588	0.105	2.556416957552586	0.43536875604242375	0.0886	2.5438745003905807	0.0730942352082111	0.0972	2.5553447781292413	-0.011297414279779344	0.0766	2.603056104107013	-0.00033614160958956446	0.12	2.531101961790571	0.029063123076059967	0.0883	2.5324092687535313	1.2668464044645393	0.0	2.5846289881153526	1.4354080856533897	0.0	2.559065776933589	1.27411909231342	0.0	2.3249887881304834	1.239253901366967	-0.2016	2.2507527142804804	1.0217543823446502	-0.1613	2.4166413793993433	0.9726859266550831	-0.12	2.6995629231118587	1.2169837884902324	0.2016	2.761314491448273	0.992775588275283	0.1613	2.6485738411428517	0.9362586126787203	0.12
458	7.633333333333333	2.48012727507802	0.8100233057887954	0.0	2.3806262522600625	0.8047989311309358	-0.105	2.3661031271076243	0.43541009253896323	-0.0886	2.3096290121775267	0.13867233508580426	-0.0972	2.3065604019457786	0.015737200925912263	-0.0766	2.2571890919954622	0.030335410484639412	-0.12	2.3107220814792893	0.12001407488295318	-0.0883	2.5746308788951375	0.8090476289832114	0.105	2.559079321619732	0.438575304076651	0.0886	2.544410559142471	0.07434973090945962	0.0972	2.5548674666011575	-0.011333228810380479	0.0766	2.6024977031962444	-0.0005950755547853362	0.12	2.5331947114562006	0.029037034394197067	0.0883	2.532242434480263	1.265562015823561	0.0	2.5905206873424422	1.4514227447649057	0.0	2.5620312915871892	1.27992029904909	0.0	2.3262954826391424	1.2448321744636772	-0.2016	2.254779073800644	1.022909413617661	-0.1613	2.421229918198011	0.9783667163410261	-0.12	2.7031849362474674	1.2225155591731212	0.2016	2.7667555699826476	0.9973043595108868	0.1613	2.648546576279067	0.9421605154823928	0.12
459	7.6499999999999995	2.4852510662514438	0.8126888462456529	0.0	2.383808859350392	0.8102507677918419	-0.105	2.3713110297984694	0.43882137842147667	-0.0886	2.320017740902281	0.13678748552226916	-0.0972	2.314459410497897	0.013063892114006215	-0.0766	2.2648117087551265	0.029086609001184635	-0.12	2.3251982155794098	0.11610989674454353	-0.0883	2.580032815048252	0.8147607459496201	0.105	2.560914823541121	0.44031062124137926	0.0886	2.5449695729017705	0.07532376725086082	0.0972	2.5545988257917784	-0.011340239838193787	0.0766	2.602265488072984	-0.0006610364510977323	0.12	2.533372623898045	0.029086882932107302	0.0883	2.536338722419841	1.2714205912514953	0.0	2.5927630934024877	1.4600739841549377	0.0	2.565232896486141	1.2871665469005549	0.0	2.330636180907764	1.2496882368086952	-0.2016	2.2579787296571996	1.0241751940214527	-0.1613	2.42416517785362	0.9837498275752072	-0.12	2.706777266652297	1.2260723408089702	0.2016	2.7712964331043537	0.9998636371592164	0.1613	2.649658217422353	0.9464965195396281	0.12
460	7.666666666666667	2.4887920211798935	0.8158882900325715	0.0	2.387128243195508	0.8097695607917406	-0.105	2.374890858199297	0.4393342131385338	-0.0886	2.330714080783918	0.134119827289036	-0.0972	2.323113878695407	0.011022270717159388	-0.0766	2.2714152489687307	0.02895955416371418	-0.12	2.3342582329047996	0.11344345267120955	-0.0883	2.5832862770228036	0.8152048065125473	0.105	2.563327177161012	0.4405177284178287	0.0886	2.54534241801903	0.07628224912491384	0.0972	2.5544125887154827	-0.011337074086238123	0.0766	2.6023601315457494	-0.0006641057211761586	0.12	2.532648597327066	0.02917327181991549	0.0883	2.5424626204237644	1.2785315416723504	0.0	2.5934664199147694	1.4581503203895805	0.0	2.5675281138954382	1.2922332427510035	0.0	2.3346538344486376	1.2517883930035094	-0.2016	2.264170120662671	1.0253855159895284	-0.1613	2.4330405723467616	0.991598421053562	-0.12	2.7093298957165093	1.2293019121224407	0.2016	2.7752328335440133	1.0019883385571076	0.1613	2.6510214511170336	0.9506775946811357	0.12
461	7.683333333333334	2.492555008549182	0.8188019646512028	0.0	2.392317763221324	0.8162642025349977	-0.105	2.380471707639167	0.4448778772844051	-0.0886	2.3436592398893072	0.13239937990488032	-0.0972	2.3342675992235287	0.007710693453979768	-0.0766	2.2834269698341005	0.022986706612689596	-0.12	2.3468696593076	0.10628516320273917	-0.0883	2.5858319514336676	0.8212104806367546	0.105	2.5653163987821395	0.4422270976714214	0.0886	2.5455844863994392	0.07800390200830078	0.0972	2.5542297797550755	-0.011356436000249	0.0766	2.6023203521411244	-0.0005422945749321006	0.12	2.533889507083427	0.029214253947397337	0.0883	2.5424432128642027	1.278523457352564	0.0	2.5976532736334232	1.4699356056971251	0.0	2.568711319363414	1.2976108506637085	0.0	2.336290958763345	1.2533802195085688	-0.2016	2.267443026972055	1.0269838082663358	-0.1613	2.4392571036261304	0.9990532405151537	-0.12	2.7149728911202655	1.2350814359217264	0.2016	2.779852780363121	1.0054468953023254	0.1613	2.653910259363357	0.9567551877680767	0.12
462	7.7	2.496319659324499	0.8205925355563618	0.0	2.3963081565762696	0.8197557148698423	-0.105	2.386150065120263	0.44768370042276484	-0.0886	2.354716222736426	0.13024893207446844	-0.0972	2.349693063230506	0.006399522864837998	-0.0766	2.296913433182666	0.01753916820065679	-0.12	2.3578339672920112	0.10214599194795107	-0.0883	2.5896331396058807	0.8226242442673211	0.105	2.5675444911399237	0.4439414023656459	0.0886	2.5463699685291092	0.08032024992626424	0.0972	2.554004147882462	-0.011420150874878	0.0766	2.6021321391041403	-0.00048312492361492904	0.12	2.5342465154325513	0.02920313449255703	0.0883	2.5443673664402513	1.279301787412446	0.0	2.6000434611864613	1.4760830985498288	0.0	2.5714699014929367	1.3026351594884606	0.0	2.338340539060692	1.2552969849262356	-0.2016	2.270448535616409	1.0274377957061702	-0.1613	2.443298661664237	1.0072797646386775	-0.12	2.7184151697704784	1.2397108483932768	0.2016	2.783512434958617	1.0093209457055772	0.1613	2.659389533391605	0.9636605962158438	0.12
463	7.716666666666667	2.5003641741445555	0.8211515083264597	0.0	2.4013703750546487	0.8217851220108772	-0.105	2.3917389591590124	0.4516871150718311	-0.0886	2.366317719869319	0.12795498106263542	-0.0972	2.364584008652834	0.004932213132803821	-0.0766	2.31327926847265	0.012789724405971183	-0.12	2.3697122789132123	0.09848864783057187	-0.0883	2.5935851519331576	0.8244089189427436	0.105	2.570806834034151	0.44636487702413197	0.0886	2.547307443026141	0.0831588714593002	0.0972	2.553649414284163	-0.011476673394735286	0.0766	2.601908168804996	-0.0005615911596500087	0.12	2.5343930307635696	0.02921708142169556	0.0883	2.5451471132163777	1.2789035023767594	0.0	2.601496429536373	1.4880498652847984	0.0	2.573376859879054	1.3071570288078145	0.0	2.3397782326558514	1.2575675300185163	-0.2016	2.2754844023238707	1.0290580874544477	-0.1613	2.4471566591964105	1.0140717047606131	-0.12	2.7225655575307375	1.2451709845770274	0.2016	2.788347783180855	1.0131099009413977	0.1613	2.666547390005807	0.9720000636735565	0.12
464	7.733333333333333	2.5051390871961496	0.8218084795289068	0.0	2.4045880165655023	0.8230949444714106	-0.105	2.3953368750683612	0.45557177326310383	-0.0886	2.380798389599987	0.12514117904801375	-0.0972	2.3825882341517626	0.0031799500297427716	-0.0766	2.3310942066255462	0.0079632658251588	-0.12	2.386593906552521	0.0935770793885474	-0.0883	2.5974827148010746	0.8262350178586684	0.105	2.573499671545427	0.4480181030581452	0.0886	2.5480083124552944	0.08414790495820682	0.0972	2.5531587537432094	-0.01149729973313092	0.0766	2.6017622139319823	-0.0005144185281827085	0.12	2.533773395759885	0.029177919022212145	0.0883	2.548037242638839	1.2798421269006333	0.0	2.601827428108797	1.4962660426410284	0.0	2.5754511881127886	1.3132141611859796	0.0	2.3418692959283693	1.258631234757808	-0.2016	2.2799215679405074	1.0299680487362621	-0.1613	2.451122663496287	1.0211818226171907	-0.12	2.72622375547413	1.2481055952685978	0.2016	2.7934277319229572	1.0155607814916314	0.1613	2.6694357519929475	0.9779986622557234	0.12
465	7.75	2.508587916912046	0.8225322338783522	0.0	2.4079665893610254	0.8230084434257525	-0.105	2.4008663622429522	0.45705402342396895	-0.0886	2.3899122819345244	0.12080444977063834	-0.0972	2.3988564042928706	0.00022096033646103186	-0.0766	2.3450145155017936	0.0016688368309065865	-0.12	2.397491844462626	0.07954103821566072	-0.0883	2.602488565240462	0.8251872133278249	0.105	2.5752018528107072	0.44843106710321196	0.0886	2.54857476441201	0.0838519609917785	0.0972	2.5526266668796174	-0.011439169527001622	0.0766	2.601589623947805	-0.00031671661012645097	0.12	2.5320051738818594	0.029137592023290818	0.0883	2.551150321888936	1.2797893162895286	0.0	2.6015840411280085	1.498154594039491	0.0	2.5782235146400363	1.3162198849751454	0.0	2.3437116645880973	1.258504801055858	-0.2016	2.2828288885333423	1.0305306767730458	-0.1613	2.4557483969364364	1.024006726083073	-0.12	2.729414447002895	1.2491351234541401	0.2016	2.796063300494768	1.016287934999327	0.1613	2.6702972775814935	0.979607334731723	0.12
466	7.766666666666667	2.5115854571550957	0.8234722974715591	0.0	2.4125334141202295	0.825991548573206	-0.105	2.4080597434102224	0.45973305126650627	-0.0886	2.4004885921405177	0.11144767226049668	-0.0972	2.412184220832584	-0.0032864753159801835	-0.0766	2.358069110503582	-0.0009405735996923792	-0.12	2.4063891815124046	0.06124606199133726	-0.0883	2.6059259378654627	0.8278622909993588	0.105	2.5770792683697	0.4504455145467766	0.0886	2.548978323615704	0.08493641910879762	0.0972	2.551814562149271	-0.011242288720993594	0.0766	2.601162502901704	-0.0002091949793476544	0.12	2.5308911178470708	0.029055607488732094	0.0883	2.5516579847237475	1.280208903458081	0.0	2.602442830519184	1.5029916231853846	0.0	2.5799118833062105	1.3168753787849705	0.0	2.3444563899465893	1.2585047253744857	-0.2016	2.2859304984732822	1.030286675683468	-0.1613	2.4556908515487934	1.0267041212774197	-0.12	2.731539915296383	1.2505023025233157	0.2016	2.7991258537677584	1.0168684968694217	0.1613	2.6724037864263988	0.9814387001812988	0.12
467	7.783333333333333	2.5147463318812386	0.8238433174590579	0.0	2.416057434141364	0.8258745881192248	-0.105	2.413447320730548	0.4594344124154877	-0.0886	2.4131824140099685	0.10345338447002528	-0.0972	2.423359470642847	-0.0038173104870346253	-0.0766	2.369518150364817	-0.0028115093201655297	-0.12	2.420584533266274	0.057047530851908015	-0.0883	2.609021887088065	0.8279622210418873	0.105	2.5780386678425904	0.4513700726204692	0.0886	2.54930104156386	0.08661838860683208	0.0972	2.550915254512681	-0.011074995765578438	0.0766	2.6005257452793242	-0.00012106429136288233	0.12	2.530177177423438	0.028905077446054882	0.0883	2.553548730399672	1.27923097029023	0.0	2.601622846338221	1.5033595517572442	0.0	2.58053980911374	1.3175324645271058	0.0	2.3458371474148545	1.2572049414328026	-0.2016	2.2912154600929395	1.0277217931270655	-0.1613	2.4569037664496993	1.0311246885492504	-0.12	2.7345474220990176	1.2503247793125296	0.2016	2.8018266582312137	1.0175581659525985	0.1613	2.6737898682047985	0.9829197971564247	0.12
468	7.8	2.517744948116504	0.8237582249369778	0.0	2.419512141217766	0.8227772547267572	-0.105	2.4159873542022514	0.4584616769485115	-0.0886	2.421623618175642	0.09150094791246627	-0.0972	2.4327269376378657	-0.004207814511654626	-0.0766	2.380888160386708	-0.004801141071264815	-0.12	2.4267792284679133	0.046973863114144386	-0.0883	2.6114007929118834	0.8253860286269907	0.105	2.5787027715339104	0.4514865498519934	0.0886	2.549478150435258	0.08612230473619623	0.0972	2.5505183003813654	-0.010951018231550536	0.0766	2.5997015508629744	4.692861027644907e-05	0.12	2.5294934270413676	0.02847741229906179	0.0883	2.5549986931368416	1.279255289595129	0.0	2.600796456236928	1.5036457653103963	0.0	2.5808618079804533	1.3187871517008607	0.0	2.3484308493811987	1.2552900912623464	-0.2016	2.2966287607191824	1.0252983748099602	-0.1613	2.459429358873364	1.0357452923197448	-0.12	2.7351276654042542	1.2503000237963406	0.2016	2.80343853129727	1.0177394063953225	0.1613	2.673606435892238	0.9827872875347281	0.12
469	7.816666666666666	2.520659304224014	0.8235407525526721	0.0	2.424185031652452	0.8238628140608001	-0.105	2.4247129144751467	0.45823815602963075	-0.0886	2.4298625507476084	0.0866145861281907	-0.0972	2.4456718241103506	-0.004553416997262083	-0.0766	2.3941168850058556	-0.007779551248377224	-0.12	2.4327219813871706	0.037521188512436285	-0.0883	2.612763882207922	0.8258989709582976	0.105	2.5795731171590996	0.45263948719054614	0.0886	2.5510662964572486	0.08518472592000423	0.0972	2.5501318723943833	-0.010918249642334052	0.0766	2.5987212573573504	0.00022531168258699968	0.12	2.5299758369836503	0.027895849917179166	0.0883	2.556911726190267	1.2801378596907758	0.0	2.6006440674412326	1.504327120393732	0.0	2.5810752056226636	1.3203424688023762	0.0	2.3487571412953177	1.2534423224370903	-0.2016	2.301874251557387	1.0232035260288972	-0.1613	2.4616053676012744	1.0347939606824892	-0.12	2.737014038250101	1.2501220538852065	0.2016	2.8054569868487107	1.0176271208009482	0.1613	2.6738277345665895	0.981933657414765	0.12
470	7.833333333333333	2.5237563675861328	0.8228379552444771	0.0	2.4277898780586855	0.8230600428960044	-0.105	2.431343100501119	0.4567422233411331	-0.0886	2.4388741838168153	0.07790350033771705	-0.0972	2.457337747525169	-0.007227484489368816	-0.0766	2.4062680875869957	-0.01288343831120007	-0.12	2.440964090415681	0.024284219446841303	-0.0883	2.6153348949343997	0.8248360199749367	0.105	2.581200223249374	0.45363792668333314	0.0886	2.553949625906676	0.08450556371124182	0.0972	2.550136601473013	-0.010972093615717576	0.0766	2.597452042937034	0.00037689601410562795	0.12	2.533478678526218	0.027282958503215146	0.0883	2.558328511949807	1.279914206178339	0.0	2.6006278459202727	1.5048491051709685	0.0	2.581238737044891	1.3215905260928291	0.0	2.3508378440936046	1.2518934663362455	-0.2016	2.306417400651225	1.0210907910147624	-0.1613	2.463015318479476	1.0330699193343358	-0.12	2.7389117522908	1.249626644707535	0.2016	2.8071410985204817	1.017213327570158	0.1613	2.6730253227386616	0.9820963761341402	0.12
471	7.85	2.526224546168971	0.8218192484932266	0.0	2.4306122356801025	0.8224331044650406	-0.105	2.4373514535823593	0.4570855043573488	-0.0886	2.44856968812289	0.07694257356416992	-0.0972	2.466847255530801	-0.00921075820615603	-0.0766	2.4175236835772806	-0.016531085953264392	-0.12	2.4483494172038336	0.01967245537130815	-0.0883	2.6174555078135557	0.8239337780921536	0.105	2.5817596049602454	0.4537711992743858	0.0886	2.557143821358752	0.08416011499689055	0.0972	2.5503833865607426	-0.011080414111197659	0.0766	2.5961297543988366	0.0005166591392179176	0.12	2.539657484242539	0.02646186469646246	0.0883	2.5596524425775704	1.2791577829701433	0.0	2.6002092928757325	1.5057835000765114	0.0	2.5813181623235746	1.3225203121026463	0.0	2.3525655298235155	1.2502473723184346	-0.2016	2.311603127635475	1.0176232060686452	-0.1613	2.4643887227529717	1.029092114677877	-0.12	2.7412798320147407	1.249369535942758	0.2016	2.809281941810083	1.0167420562690057	0.1613	2.674423130534445	0.9810968206411272	0.12
472	7.866666666666666	2.5285945529678315	0.8205457736141812	0.0	2.43327885275165	0.8200638616587249	-0.105	2.44521709017368	0.4565583344556062	-0.0886	2.4556705901772102	0.07925905562450469	-0.0972	2.4722740447313436	-0.009622385386321493	-0.0766	2.4222615977917226	-0.017365305973096455	-0.12	2.4540388533951667	0.017003542919258013	-0.0883	2.6194749737766916	0.8210342194633956	0.105	2.582669097074994	0.45302054120480467	0.0886	2.560256176915759	0.08473958615129557	0.0972	2.550523058614236	-0.0111431077306487	0.0766	2.5949914166064536	0.0006817014209684474	0.12	2.5464525087584997	0.025666245484707653	0.0883	2.560501102283972	1.2774770047807946	0.0	2.599455643483685	1.5051768202934253	0.0	2.58142561418134	1.3221798318673672	0.0	2.3556262810696147	1.24879543897206	-0.2016	2.3158093662035846	1.0114605670695007	-0.1613	2.4647945427820153	1.0246957767381826	-0.12	2.742537506648609	1.2491136552742672	0.2016	2.810357187580609	1.0157615072876003	0.1613	2.6767936641320778	0.9800843396981318	0.12
473	7.883333333333333	2.5304720049124207	0.8188989223336054	0.0	2.4354855885488735	0.8169064396251832	-0.105	2.45242124787552	0.45671954857817365	-0.0886	2.4645100304272622	0.08248728768315713	-0.0972	2.4757189796819374	-0.00879830592852291	-0.0766	2.427935122364818	-0.01800186731260177	-0.12	2.459011656753796	0.007048282809981918	-0.0883	2.620967280771657	0.8180565034415445	0.105	2.5846551807152314	0.4521175216496334	0.0886	2.562150486960159	0.08611422791144199	0.0972	2.5511856072504977	-0.011158530171423674	0.0766	2.5943841551437816	0.0008487887716322057	0.12	2.5522363585631904	0.024874159816540467	0.0883	2.56141849734449	1.276424341380663	0.0	2.598089516514612	1.5031893709129334	0.0	2.5815724087358123	1.3225252973102715	0.0	2.3588507612105936	1.247240245890459	-0.2016	2.3201411838357746	1.0049183822129106	-0.1613	2.464850851392798	1.0233706108687601	-0.12	2.743775866356574	1.2479068514693281	0.2016	2.8118873840544105	1.0146664679737087	0.1613	2.6772476723009526	0.9791192541508336	0.12
474	7.8999999999999995	2.533323250590437	0.8176520087167296	0.0	2.4385395389438957	0.8143114634709329	-0.105	2.459654849496609	0.45902574084703107	-0.0886	2.471169560233546	0.08712780942231299	-0.0972	2.47802580690061	-0.005424038802801533	-0.0766	2.4312402721751876	-0.016390959074704788	-0.12	2.4652993345831735	-0.004545621504859737	-0.0883	2.623645212226568	0.8148266460359846	0.105	2.58638635746424	0.4517437879635593	0.0886	2.562662939868457	0.08938429565440793	0.0972	2.5528948082762204	-0.011134927819579879	0.0766	2.5939910292907564	0.001040327850297007	0.12	2.5554586140651563	0.02442783784706065	0.0883	2.5622214070455587	1.2751256482760882	0.0	2.5966847783249905	1.5016391594871679	0.0	2.581669195892252	1.3229075154337149	0.0	2.360752254466031	1.2441171069018755	-0.2016	2.3231475615307318	0.999761959614634	-0.1613	2.4640440563071535	1.0229539495900335	-0.12	2.7443767330192643	1.2463375799338294	0.2016	2.8132782149087245	1.0140060903996366	0.1613	2.6770383236372854	0.976803465382988	0.12
475	7.916666666666667	2.5376517984828055	0.8161575080606485	0.0	2.4432255267576184	0.8100640510485031	-0.105	2.466607978247866	0.4607240519992324	-0.0886	2.475773036894026	0.09118867731739397	-0.0972	2.4818794920451452	0.008426851309535174	-0.0766	2.43322481527826	-0.010673014084605255	-0.12	2.470096628382891	-0.008534839932794427	-0.0883	2.628096228894884	0.8104768975881097	0.105	2.5883846051390154	0.45156938565724836	0.0886	2.5628251055222635	0.09438028415510064	0.0972	2.5566186423200015	-0.010929117510666324	0.0766	2.593719252557057	0.0014888912440712276	0.12	2.5575834960906283	0.025475822660199675	0.0883	2.562731302791059	1.2733385723305624	0.0	2.595394367443546	1.5001662050630902	0.0	2.5816853616711324	1.3170931190766446	0.0	2.3635464826577013	1.2402592180638972	-0.2016	2.3255010379562036	0.9965129538972781	-0.1613	2.4680854217168844	1.016613167009135	-0.12	2.7446683578403905	1.244835083942802	0.2016	2.814467927139946	1.0132942987636415	0.1613	2.6777701569615147	0.9730055823848616	0.12
476	7.933333333333334	2.5405699976697527	0.8142358540356219	0.0	2.4464074049507256	0.8068434133485991	-0.105	2.473406003470991	0.46273415367316506	-0.0886	2.4802409871227757	0.09588861746761547	-0.0972	2.490052766753332	0.02426432079347047	-0.0766	2.439697796634797	0.0010825114167459446	-0.12	2.473010156318946	-0.009942863854726633	-0.0883	2.6314694644818277	0.8064304055087329	0.105	2.5922847002256293	0.45267591410551045	0.0886	2.5629081432507967	0.10100377843022545	0.0972	2.5592745647910977	-0.010633444739290461	0.0766	2.593384350434178	0.0023072329656120133	0.12	2.5584048045877075	0.02702412618240948	0.0883	2.563127698633546	1.2694989097661877	0.0	2.594550706866539	1.4997271476771008	0.0	2.5817073214694894	1.3138652364408516	0.0	2.365237776296169	1.2353292334526282	-0.2016	2.3261291188217608	0.9935003385640064	-0.1613	2.4693979495890384	1.0110226686098318	-0.12	2.7449528319657315	1.2427556804993163	0.2016	2.8152131372324756	1.0123139304127917	0.1613	2.6823081692830426	0.969785626811	0.12
477	7.95	2.542394781473134	0.8116060459171909	0.0	2.4484369766158656	0.8048274341584866	-0.105	2.4769906856897856	0.4665829575040277	-0.0886	2.4825434964124096	0.10786196474543677	-0.0972	2.4938308616009373	0.03904981807293791	-0.0766	2.443708782502721	0.024580546468559623	-0.12	2.475896729438751	-0.012360795224690357	-0.0883	2.6329286008497084	0.8038625362211521	0.105	2.5968170238183474	0.45640716739157816	0.0886	2.563156954590573	0.1144589270030033	0.0972	2.560164421235182	-0.010319805136197971	0.0766	2.593221152296887	0.0031059038368692407	0.12	2.5586036534472063	0.029039971208809398	0.0883	2.5633331016132033	1.2610176303552805	0.0	2.5940131036291803	1.4997514452262242	0.0	2.581588799112857	1.3101245573213371	0.0	2.365642084068501	1.2296066195829247	-0.2016	2.3260815044328793	0.9900249144836238	-0.1613	2.479510390541051	0.9954414218839038	-0.12	2.7450952134879936	1.240472322987894	0.2016	2.8156918459442513	1.0115493928111183	0.1613	2.6861071133809444	0.9662471601634858	0.12
478	7.966666666666667	2.5428543004270323	0.8098053631171809	0.0	2.449078924533349	0.8037434477580527	-0.105	2.4785335402565076	0.46822483311949153	-0.0886	2.483072574359295	0.11255262509086669	-0.0972	2.4953122871083857	0.04150059498456851	-0.0766	2.445387160950687	0.03145512994283461	-0.12	2.4759911311947356	-0.012469019680922712	-0.0883	2.6333204735939804	0.8026120898740969	0.105	2.5973422451760295	0.45723767727696474	0.0886	2.563146372193428	0.11725594267926032	0.0972	2.560528390872804	-0.010164376721370362	0.0766	2.5933090235871012	0.0034175186947311975	0.12	2.5585952134613272	0.030357666237447005	0.0883	2.563238784883516	1.2551791441117492	0.0	2.59363516445672	1.4985015296276931	0.0	2.581427706232431	1.3060740038133847	0.0	2.365650584727208	1.2259708030033478	-0.2016	2.3260165531157684	0.9865587491614111	-0.1613	2.4804972144127064	0.9881514065864725	-0.12	2.7451395163101684	1.2376631083447613	0.2016	2.8158396368398146	1.011163376906506	0.1613	2.6868467158792777	0.9613742836418252	0.12
479	7.983333333333333	2.542884827454967	0.8092989126886293	0.0	2.449401005101079	0.8032364479972177	-0.105	2.4789648836186013	0.4687670199485229	-0.0886	2.483097841695376	0.11307650026415847	-0.0972	2.495713220610321	0.041878194401116224	-0.0766	2.445868228049918	0.03374377491493564	-0.12	2.4759814086310414	-0.012321520048704133	-0.0883	2.633530781603872	0.8023208526074739	0.105	2.5973809707604345	0.45739874788929025	0.0886	2.5631161229418953	0.11767747372373302	0.0972	2.560607191701443	-0.010135871309728858	0.0766	2.593403922836065	0.00349807866309388	0.12	2.558382558063252	0.03081689872991608	0.0883	2.563197060033766	1.2539452391557473	0.0	2.593489348002805	1.4980132560102066	0.0	2.5814220086802533	1.3038488733239146	0.0	2.365626659213112	1.223969911611728	-0.2016	2.325992565098759	0.9847590378669895	-0.1613	2.48056811115823	0.9870597046819469	-0.12	2.745088199968887	1.2363172426448303	0.2016	2.815946146026941	1.0110167930641627	0.1613	2.687398294541258	0.9599762673351422	0.12
