Coordinates
version=1
nRows=480
nColumns=24
inDegrees=yes

Units are S.I. units (second, meters, Newtons, ...)
If the header above contains a line with 'inDegrees', this indicates whether rotational values are in degrees (yes) or radians (no).

endheader
time	right ankle	left ankle	right knee	left knee	right hip	left hip	right shoulder	left shoulder	right elbow	left elbow	right foot	left foot	right shank	left shank	right thigh	left thigh	pelvis	trunk	shoulders	head	right arm	left arm	right forearm	left forearm
0.0	10.609437313805852	7.6761375109608965	14.725946147535083	13.855453385841411	10.083838456190682	6.953200346958053	2.7511920650158954	2.4815943693440494	80.65185948495413	428.2226107807202	1.0597404098125243	-4.148539105771378	-99.56708161490792	-101.83319330272859	-84.83036319382374	-87.96195717515855	4.703919169666877	-274.9125882733805	30.35614867883646	74.48616468484356	267.83560934025934	-92.43293252282697	348.48016860965384	-24.21023674324512
0.016666666666666666	10.63486879710038	7.675932400931085	14.73674998121745	13.857083885174887	10.087010444537892	6.9494098565347455	2.7234305354100923	2.5052422944675694	80.67583902754416	428.1678432721238	1.084507050786762	-4.1546349517472025	-99.58061472696342	-101.84211096066106	-84.82566306920216	-87.96476038677133	5.1169226906374945	-274.9110396540937	30.385307636380425	74.48458050868193	267.8086269228881	-92.40750322233404	348.47488600216883	-24.220645259920087
0.03333333333333333	10.709096915974335	7.675618008014965	14.76306392122717	13.86102307632786	10.093278462944154	6.940403402629293	2.6508105208096104	2.5491307275274497	80.73308735738968	428.0312053766663	1.1455133990013924	-4.164564823745357	-99.60842048710829	-101.85605619453884	-84.81646153980525	-87.97147766866489	6.494416857152516	-274.90874164518453	30.636557976389962	74.48159512158313	267.7384442113209	-92.35950596202156	348.46477565447634	-24.245255473010662
0.05	10.86500053716341	7.672963921670002	14.824029402398864	13.865362449104545	10.106381730846106	6.9229253255772125	2.578880763433766	2.5816717764598804	80.75770738089034	427.8213591445566	1.2522149905778133	-4.1800777683665915	-99.66257572258047	-101.87555160366854	-84.79861946927954	-87.98481041177591	7.131908842022032	-274.9057353826765	30.856767300498255	74.47860520627515	267.6710888607325	-92.32016000088268	348.4402515235144	-24.260903765205207
0.06666666666666667	11.064182610852644	7.662087901558184	14.952621010610613	13.853257571873542	10.132197051666784	6.889179688156625	2.519220870373842	2.563250331962169	80.73026631907616	427.74756185495585	1.3478338703403419	-4.202722099555905	-99.75752044692524	-101.89686852867865	-84.76611150698955	-88.01192508581748	7.522226389832515	-274.9022389701366	30.601830699850602	74.47306434696131	267.61869997363164	-92.33010387571144	348.40204168725546	-24.26644777222851
0.08333333333333333	11.265339345733373	7.626280750265186	15.169967208886376	13.823442721305941	10.175738726379468	6.820905463996333	2.5873742186273834	2.4860075575801948	80.61471199486999	427.9524421197016	1.396707683622896	-4.229711458876127	-99.88916860779949	-101.89702010545022	-84.71487411782294	-88.07079434710613	7.784512429136335	-274.89875280681105	29.155592063569046	74.47158839611505	267.6950979127225	-92.39991881942491	348.3961718111731	-24.25617777722877
0.1	11.374495004431353	7.578625212447198	15.384867415238126	13.725138934514405	10.23606955600605	6.693169199031643	2.856138108446549	2.403597654844072	80.309676681259	428.15678163412645	1.3944986668636903	-4.236712198618766	-99.98909491766567	-101.88556851800752	-84.64867266642983	-88.18797398064572	7.96095019672928	-274.89595926613	25.74126710510403	74.46552518840406	267.97232725153117	-92.47512715333585	348.40487251129997	-24.186939447673108
0.11666666666666667	11.475774464627037	7.579935510168972	15.503431729581632	13.51375570336469	10.285357146799981	6.488922585188949	3.4161049051774524	2.322027488342674	79.84810427968088	428.4678096258672	1.416470018110901	-4.25504995228646	-100.03952142887151	-101.86036753368217	-84.59515408319817	-88.3830212984493	7.765655862075317	-274.8933578657918	23.22398623709075	74.45760732202879	268.5477032832136	-92.55350064504948	348.46427544541797	-24.065396569395418
0.13333333333333333	11.53586006073743	7.63525574107306	15.568299259146201	13.185739967119392	10.335515510263313	6.25809940133589	3.8964340565549023	2.265675608058703	79.64984889614445	428.76749288118737	1.4310179476460336	-4.161805327229808	-100.07361135937325	-101.81237937738744	-84.53717978014481	-88.60270192519832	7.295971589161031	-274.88790809006764	20.992769534767895	74.45354003433773	269.03633561624	-92.6053247998766	348.5607235080956	-23.88081924273432
0.15	11.658300458479474	7.72016480111345	15.604306286282814	12.992502551052867	10.369759431239434	6.128855999467836	4.079411479590911	2.2307227278306896	79.54502474961942	428.886610958567	1.52552875972712	-4.046395626740805	-100.0814924706128	-101.77383198960328	-84.49362404141422	-88.72408216087436	6.228371707692929	-274.88010499937036	20.12956600360708	74.52873906842078	269.2080122313075	-92.63553931295968	348.6517758204811	-23.78001421537182
0.16666666666666666	11.808413174912207	7.816138627621671	15.620034180771988	12.947593242338222	10.384833639173554	6.074852238302139	4.1315440236803775	2.2132723098309444	79.53033774548373	429.0724562183794	1.6636416802199847	-3.945373865441417	-100.08403066811448	-101.76581207131662	-84.47025043823317	-88.7753757650536	4.810792534656132	-274.87209596910355	20.07564183905137	74.66212380571407	269.26379058415864	-92.65029752434512	348.748801727208	-23.595859727183765
0.18333333333333332	11.914761705375824	7.876151360805342	15.624682443564383	12.94597834958565	10.396018908643576	6.054201982098605	4.148831850382118	2.202632178951431	79.59920311408814	429.3075571789436	1.7801517057948086	-3.908154653858026	-100.08055633856347	-101.77312117182913	-84.45521605086566	-88.79769289140668	4.604491880705089	-274.8666116372662	19.79568365958646	74.75708988954503	269.2866585529354	-92.66200496781245	348.8723072428967	-23.35537345730812
0.2	12.019540149061598	7.930651188642635	15.61639887594879	12.920295062769963	10.40636602976156	6.043580668168655	4.166511331279942	2.1901467529674	79.72136352324324	429.4471513700399	1.9203664959927644	-3.882754533495353	-100.0673568089631	-101.77612752211263	-84.44443736560609	-88.81342099640943	4.829940662482219	-274.8638497491736	19.646831528226357	74.77232651145087	269.30823049674666	-92.68210990388596	349.02951185738624	-23.215868018945226
0.21666666666666667	12.024363098716943	7.965190554075161	15.571482361926385	12.915524107377873	10.422375917802217	6.037736371111909	4.185815825635508	2.1739893338244247	79.8468938511712	429.617524676021	1.9986444960797523	-3.8687510170670807	-100.018336490813	-101.76564309664485	-84.43384893491815	-88.82914246245784	4.976342478933205	-274.86482223627917	19.676486675488718	74.71862731819051	269.33054281326093	-92.71477904763985	349.1546160611126	-23.072236882463528
0.23333333333333334	12.044724632385778	7.9230383380782925	15.52229669924576	12.883010678135935	10.436471917576919	6.037742074145207	4.1955891930083045	2.1416923872111715	79.9754515107981	429.62581553903794	2.085616563534124	-3.8618850774555638	-99.97102138270702	-101.74869223749917	-84.42899500813124	-88.8434624589794	5.067060751609168	-274.8706075836718	19.631121186241863	74.6700936390537	269.3386864865285	-92.77291804294929	349.2673485560916	-23.103762137421782
0.25	12.049976440468246	7.8470119293939575	15.477394876404265	12.867636403361912	10.45621879649596	6.045031759038224	4.183967633817007	2.0756042416457414	80.10413974555493	429.6092626099226	2.143854501502327	-3.9169675193836104	-99.92796753130605	-101.74163174620259	-84.42581750560728	-88.85649133196858	5.037209328192398	-274.8836695934031	19.480388181603097	74.63574610719395	269.31251824101054	-92.8549363273307	349.46391670828206	-23.215378574144943
0.26666666666666666	12.11335771927109	7.793112552104999	15.455578112814807	12.857105661987863	10.506208155341653	6.055804742663559	4.143968417746369	1.9677462294773522	80.33168618083963	429.64661383339785	2.2611357839004604	-3.9631251509180183	-99.89063332953043	-101.74250780479271	-84.4125641973478	-88.87507169776265	5.10726347968931	-274.9069521428186	19.15150144753604	74.63746278182568	269.2331657315179	-92.96261001976308	349.6987873700705	-23.346555703247105
0.2833333333333333	12.207243620890779	7.745912730854991	15.450161978421793	12.845245349635265	10.571471806150203	6.071336635340806	4.141172451683477	1.8293399999011966	80.57434762902089	429.82689078782676	2.3837298909572953	-3.996519143780896	-99.86417315563719	-101.73880675302371	-84.39842931012313	-88.89732421662544	5.068664281128465	-274.9426078575959	18.719913654867227	74.64977659135963	269.18983860032534	-93.120810440942	349.8858846094342	-23.38463784998799
0.3	12.305232020725384	7.704874242179097	15.453156992449424	12.823373526167256	10.635341952737551	6.0936629253470755	4.143833488021684	1.752202341802994	80.66752235040764	429.9919705833653	2.478057951592996	-4.034901103342749	-99.85098804332168	-101.73079434178406	-84.38948519056316	-88.91841522080394	4.953354647094584	-274.9911202709338	18.530662025137367	74.65730547284963	269.1456393203067	-93.24788264164039	349.910028899815	-23.313613752302906
0.31666666666666665	12.324868421203902	7.637820369994472	15.443340374870882	12.80962943285728	10.669514198911923	6.122271433368855	4.13090992250889	1.7522576701146444	80.36127764813241	430.0600403386606	2.496272672920597	-4.097445796280794	-99.84088713646796	-101.71845403027253	-84.39536933983524	-88.92473271660447	5.32711800445962	-275.03942366401816	18.338600397232334	74.72336935523495	269.09114982095775	-93.29786471056244	349.51291513909814	-23.220424320509892
0.3333333333333333	12.257441955619264	7.581717075124413	15.433878359338593	12.775645813062992	10.68143904567038	6.140625354046962	4.092054050094779	1.8512342760927374	79.86606167989082	430.0101923315656	2.4207893838180885	-4.134357797155995	-99.83656940348945	-101.70066611855802	-84.40592944067792	-88.92890902935775	5.568247273328476	-275.0724121515844	18.383545186276805	74.88486396090703	269.0270084827559	-93.21847185717962	348.9484699052576	-23.12648726835946
0.35	12.181105776626673	7.5268569417722615	15.410704455337019	12.718457705086223	10.676919060859758	6.1464778298772575	4.057821078127939	1.9545891088009573	79.24987684017145	429.88888829906887	2.352021930923158	-4.1523880688557275	-99.82939478007123	-101.6774831744323	-84.42450243553736	-88.9386271644616	5.751676382521019	-275.09329621149794	18.430381259842985	75.17411743952925	268.9732472666478	-93.1245524660331	348.24713676960454	-23.109203380828074
0.36666666666666664	12.119829583186867	7.48989374718286	15.378271840833946	12.655744728863072	10.664182863723504	6.135287045289437	4.029580500759355	2.095144881047822	79.05115274336829	429.7788259830172	2.304150197828875	-4.156866049780447	-99.81995580449036	-101.65594263672456	-84.44670496602753	-88.96349198817074	5.848763390918876	-275.10665071696303	18.531138701148407	75.56399426160101	268.9252600400908	-92.99265859639307	347.9823504375419	-23.140333540728143
0.3833333333333333	12.079858214688524	7.489761163128366	15.355248214624845	12.585112114819982	10.65683676329725	6.100805188696196	3.9939452670061577	2.3327538179497513	78.82445767858286	429.65248333424637	2.268857618756191	-4.131590579387857	-99.81643040342851	-101.63794166632887	-84.46113318651108	-89.01174364887274	6.32628083176772	-275.11473348489903	18.740192012728937	75.89149380646052	268.8707600116387	-92.78398562443763	347.6760774614714	-23.15518239062591
0.4	12.04406494626518	7.5318377913587415	15.332862635991756	12.51617208041364	10.644367483730075	6.03399637477739	3.958336540360493	2.6879619463292084	78.6591103626069	429.5689817762918	2.2340742672345346	-4.072414274338501	-99.81481726002455	-101.62639447861088	-84.47546648050344	-89.09112816123871	6.569610551748461	-275.116325758488	19.255772617413	76.13183526030606	268.8252686562305	-92.46726720152074	347.43022511410226	-23.03660831954145
0.4166666666666667	12.012323694170814	7.609660396242368	15.30955770979465	12.433352511481193	10.622287410555387	5.939570888520351	3.921178368237939	2.9406763414558643	78.83361907905798	429.56432982584187	2.209335292835064	-3.97783793407422	-99.81203904147573	-101.62067425745141	-84.49161571566557	-89.19227681489724	6.340040088136897	-275.116945112655	19.48471656374059	76.32386684746857	268.78232079467995	-92.19534253966711	347.5589311575986	-22.746353720376042
0.43333333333333335	11.992674994611132	7.743617987360825	15.294844774898404	12.35412156840954	10.609038206267435	5.8725131703262035	3.8825149129934564	3.0682403496414157	79.16092569141922	429.7161246334698	2.204549159510041	-3.8380040904823858	-99.80980458054796	-101.62880927635013	-84.50298756912103	-89.26317448596808	6.173966963516887	-275.1158238830969	19.645992682084646	76.46270237295798	268.7467164955412	-92.06068241535233	347.86757807658324	-22.265316602447594
0.45	11.972800872015174	7.917139672819362	15.292106013182028	12.375635533402015	10.602601283351099	5.833586316679553	3.847165172958281	3.1166440253126986	79.4345107631176	429.87636318866635	2.1989264228641234	-3.7147712416779175	-99.81588105823661	-101.66516372571641	-84.51091045916323	-89.29049373351106	5.988902945329098	-275.1164824382012	19.7483392901812	76.66651949455834	268.71683227254795	-92.0091366320398	348.1306920279942	-22.01530959630379
0.4666666666666667	11.986473063825702	8.128390949897247	15.293758337015312	12.448670072696839	10.599725411050581	5.8198110368606075	3.816773239470976	3.130391621583408	79.63250827763201	429.9544328481678	2.1917041869772937	-3.60748253290732	-99.82308558943976	-101.71360750948377	-84.51630955887475	-89.29783163410572	5.9422974519557465	-275.11932355261865	19.842425289786206	76.53351348981415	268.6910303683342	-91.99306217004431	348.3057146593698	-21.953617485875064
0.48333333333333334	12.026599621610895	8.22973681505323	15.309816941638417	12.513787657873134	10.602082301533116	5.81672345239736	3.793543913727644	3.140995669540942	79.74311810411034	429.9827351477028	2.1917842550750466	-3.5479581029209992	-99.84482924926829	-101.75163895684075	-84.51983769500224	-89.2993034670834	5.896873126231031	-275.1249142393763	19.938946493129816	76.33698862868451	268.66971512832936	-91.98622704881407	348.408265130951	-21.92830394115065
0.5	12.095015005082345	8.286851490860018	15.314296031811086	12.574180073244133	10.600284217734238	5.821200606069606	3.778535211213101	3.177862600858133	79.73950135109067	430.0158519478161	2.2179430569464333	-3.5038084761633854	-99.86680151754302	-101.77602723608332	-84.52994392238055	-89.295695995181	5.772619237478581	-275.13432741071097	20.030228184068676	76.21457373482272	268.65465650650054	-91.94887355403523	348.42973642730345	-21.845440993088893
0.5166666666666666	12.132202835294853	8.296486420253263	15.294164422372042	12.661193403335808	10.60054517783605	5.854514571442833	3.792434205232263	3.1617418129357207	79.66725938311947	430.05268665416736	2.2503007741755088	-3.485029673011196	-99.86296039531103	-101.7877528320562	-84.54626902884534	-89.27322552823425	5.195352535785671	-275.14929785992734	20.134396754613192	76.14666000244907	268.65976569629134	-91.9838460863195	348.3919705344314	-21.818345379991023
0.5333333333333333	12.144680349373342	8.323473491911027	15.27443751062911	12.77848059977508	10.647735403404184	5.985661578184004	3.898029110040713	3.176607546716383	79.51068337815349	430.08910595666885	2.279315720214515	-3.480065284522678	-99.84125264233764	-101.80845367100775	-84.53109681285567	-89.18816921802694	3.505971908849471	-275.17391001167283	19.7794636155756	76.10050424626407	268.72667821303185	-92.00336866324778	348.3203825403548	-21.84318845457024
0.55	12.172488670394355	8.327541509053002	15.313502415303745	12.935392327980095	10.794139048920195	6.166311186387718	4.15419602547847	3.1684895458222666	79.1840845217128	430.1034086388816	2.3038584072665023	-3.484771622810924	-99.8274936000523	-101.82720355434108	-84.43923003828273	-89.08698911548782	1.6991316651409167	-275.206815856374	18.439643634356496	75.91436115830516	268.88998779545295	-92.07722911942221	348.1988154664404	-21.88063466764911
0.5666666666666667	12.219878702127037	8.312173086131299	15.324824860968178	13.010376225547581	10.903814127087308	6.308548072485422	4.409293751456062	3.1068422690390083	78.84478684701928	430.17904405826835	2.3429988469239182	-3.5018870530631157	-99.81171652663727	-101.84261487860022	-84.36391224229273	-89.01940155419479	0.9083690140225908	-275.23726146629843	17.90335973499715	75.75012915404932	269.05888453994834	-92.20060248565454	348.21111368185217	-21.875409079957766
0.5833333333333334	12.241316229851822	8.281586357207056	15.334159634087573	12.960694229824249	10.906739473132008	6.395576823471869	4.515699458218147	3.0496048337886643	78.84128815307204	430.0420956348036	2.365833993957339	-3.582996617556134	-99.7757396980692	-101.85533908770597	-84.35296721333388	-89.00063255380442	1.3849822403582237	-275.24454267227964	17.739249782593966	75.57088031347733	269.15735516934	-92.27840399613274	348.18045557283045	-22.007409651556813
0.6	12.2184241999126	8.21892681317573	15.342542123683554	12.915945512295721	10.916765876007496	6.321299566936441	4.471008917818455	2.942796209542393	78.99266243320021	430.0683400354018	2.3957255358501888	-3.694150100366448	-99.73145824317524	-101.87157772167839	-84.34273392422044	-89.01681770671726	1.859204580908554	-275.2508260009155	17.691835350344487	75.57277640636114	269.17085389947573	-92.37197670210472	348.26485435605235	-22.171488984586254
0.6166666666666667	12.207336410461458	8.135008387229083	15.351040083371887	12.902031015898679	10.886378527184174	6.25066105398027	4.365359279352937	2.882069982005527	79.40616793290282	430.35287848066196	2.4275305821942466	-3.824278911989576	-99.71455762742572	-101.89426164601653	-84.34503595273918	-89.03351053246209	2.063574650003389	-275.2320719857874	17.66411629736253	75.55636277390397	269.0927521192288	-92.41719529483198	348.4738215661073	-21.906928051118268
0.6333333333333333	12.24755528547566	8.004003992330755	15.361427312610811	12.883340808011006	10.877261285376797	6.185761054903719	4.309609210947107	2.885055529010316	80.26278254259427	430.48442254775875	2.4985138497356782	-3.9485957676976637	-99.71121417875369	-101.91871898892018	-84.33689648050031	-89.06598586801167	2.159841144028274	-275.21665239905735	17.642997373775167	75.51142839773263	269.0570423113167	-92.37667734728365	349.17335078544653	-21.54806837942364
0.65	12.325789037722268	7.942254642288798	15.374531990747716	12.874462625818015	10.869679864820451	6.122157115997448	4.304108293007811	2.89212654542757	81.37239748354206	430.57603354754684	2.6082398899268124	-4.022658799069162	-99.70966385497059	-101.94195143127882	-84.3238044875969	-89.09793458971544	2.212737621061554	-275.19518542366615	17.875713079706827	75.35814114649864	269.07668428186633	-92.33305896311276	350.45418494293466	-21.287128154783034
0.6666666666666666	12.407729700999191	7.899516474252697	15.394387845779892	12.83032666675403	10.8790379363976	6.05515805095485	4.373564798419347	2.8762117135395133	81.71666618015755	430.63820816687337	2.7094860097823776	-4.072680638457385	-99.71017980062692	-101.94238448292764	-84.30522615833453	-89.14526317004169	2.4052697397986513	-275.1828006146092	18.197459346072392	75.22331773364172	269.16751698441254	-92.32777324053608	351.07154943011494	-21.357573222499774
0.6833333333333333	12.545690809140437	7.875306930257833	15.428585551859534	12.74824355147532	10.903616786296634	5.99094880561663	4.533444614828386	2.8777731390856625	81.86159419051494	430.6619998455948	2.835347596189023	-4.086441765832217	-99.72004912633767	-101.90846648422333	-84.28191669174308	-89.20118724102062	2.6693032351200214	-275.17740151342036	18.382204255484165	75.11452880430787	269.3464624257579	-92.31875853009254	351.54271557972703	-21.499416151316787
0.7	12.664488607690519	7.837511469346788	15.463932387140225	12.624023011160288	10.939417405874664	5.930252667226396	4.718988590181794	2.907576645661402	81.97635464610346	430.70828880625186	2.9367942199632253	-4.067707129953956	-99.72327541603283	-101.8589424478663	-84.25376150992132	-89.26005295487225	2.7748682743662654	-275.1736980178352	18.796883164656727	75.08265761055046	269.54627423961983	-92.291139283095	351.6050066297435	-21.488666449190067
0.7166666666666667	12.83355177347026	7.819181760184643	15.485473606038045	12.440462432983118	10.964120558831159	5.859509784649564	4.8053930429538365	2.923887735785433	81.9434617834161	430.77212854006575	3.0908163829819006	-4.000957385183644	-99.71982794790787	-101.77793588235238	-84.23066298395463	-89.31619785744917	2.944434128818415	-275.17127198989976	19.669115379939342	74.98615332306466	269.6407534463944	-92.26918225790341	351.6520613944318	-21.44521060500586
0.7333333333333333	12.880799251690423	7.870992730132932	15.459736103764536	12.250156204733683	10.967575303107465	5.796036720623012	4.850693596266439	2.9485300454423475	81.7210135802274	430.8178349860075	3.1363998857858064	-3.839560411174282	-99.70632623571143	-101.67995475703827	-84.23197469555477	-89.36290886410754	3.1052643241864306	-275.167157910599	18.977732120059393	74.87774104557153	269.689498034451	-92.2407738249575	351.4312068015208	-21.387005846114373
0.75	12.632934533527065	7.915121381346169	15.436243420334709	12.130882154884517	10.952225562129815	5.75655056917155	4.874581082516366	2.9650570601191246	81.4459039312809	430.84018278993733	2.9316556417649817	-3.687018371733572	-99.67948910290694	-101.5931220512265	-84.23512614399522	-89.40346297247834	3.233021895286204	-275.16470403546947	16.707466657030213	74.86695297473204	269.71136677519695	-92.23856206402345	351.1313699963608	-21.38710576057928
0.7666666666666666	12.338980396150449	7.946797597727482	15.417133902802501	12.069679653426	10.936596311360256	5.722747625477108	4.91189129296939	2.9809545891864673	81.2260013810457	430.732278297152	2.643258011995247	-3.563305586160639	-99.66478415326334	-101.53823764698981	-84.244980951312	-89.43989301741931	3.2128714742930296	-275.1620449387972	15.010135360214875	74.88482260380914	269.74532614786284	-92.26136691395232	350.9337194256399	-21.53669532531177
0.7833333333333333	12.019271931640453	7.963246399479745	15.399195607302591	12.043497041554089	10.908714303203078	5.699682617360333	4.93059716006689	3.0125509067489276	81.05615042892636	430.6304246667661	2.3836597639535873	-3.5200501239800808	-99.65847710422463	-101.50709045533813	-84.26087712351953	-89.45550068908426	3.2201978069308304	-275.1541290141976	14.306599624110133	74.90402606260821	269.7747712008466	-92.24609448913273	350.78560226719935	-21.61812678531988
0.8	11.792097903852767	7.966662833680157	15.368763529400393	12.061338185346688	10.866804045682827	5.700966136434118	4.938367360586172	3.067557538101451	80.89942098829968	430.5526779118776	2.166553218138028	-3.5069448009319215	-99.65276874817809	-101.48995902922934	-84.2883953066304	-89.44214500129024	3.168827119204625	-275.14389283000907	13.929813623157862	74.89528377954915	269.7987213547471	-92.14736709904486	350.6575296206516	-21.639831293558938
0.8166666666666667	11.687430112379001	7.944342795334924	15.341401590446846	12.096308228622584	10.827278574651963	5.727580444508833	4.939394643562984	3.1834856113978107	80.69976695975174	430.4754145263758	2.047976118030955	-3.521836253810183	-99.65322060324185	-101.4735905931742	-84.31553068909244	-89.40843984096756	3.123461431350842	-275.1355676535561	14.040990132395605	74.88666755242562	269.80960985619583	-91.98929244590983	350.5232374148228	-21.62928092908469
0.8333333333333334	11.674614092313014	7.900021417935351	15.320406302924276	12.104060431248396	10.79638648057843	5.757901661541219	4.932696107806896	3.358441662214977	80.46310216500203	430.2717373461687	2.0238991443665535	-3.555587410121829	-99.6536081776394	-101.45960782862743	-84.33699561422438	-89.37743389466193	3.107118579184858	-275.13084743212585	14.469470888177442	74.87046322628707	269.80165040452835	-91.77926052810953	350.38871106628886	-21.656537967607388
0.85	11.752464090702656	7.8434208347981755	15.306029652881634	12.112602706757167	10.773091726919507	5.785199768006347	4.904323087170675	3.4913432037149494	80.204470947826	429.91684018788163	2.09803101577506	-3.6017439735884755	-99.65315532548823	-101.44641277972877	-84.35520073896215	-89.34980758494709	3.1014373956845436	-275.1270175307276	14.857177626838784	74.82470821554867	269.76781065681763	-91.62194923908623	350.1915249250847	-21.765436496503675
0.8666666666666667	11.853739933945452	7.781321804071267	15.295419474730231	12.13023632372315	10.753918817572632	5.801832513447358	4.846215008801162	3.5787678666569587	79.9342266140004	429.4976822493694	2.2014337194909253	-3.6460940537128925	-99.65618460797381	-101.44274946249502	-84.36652537724017	-89.3272664872728	3.061534416305987	-275.1200344731879	15.40198557931977	74.68139598978988	269.71298921451336	-91.53416162660596	349.8572657245804	-21.953724940617168
0.8833333333333333	11.959500444275854	7.753440101291945	15.289154752035792	12.152807292448724	10.737675253883815	5.812384948747198	4.802753750112503	3.6342024813640164	79.76021461538394	429.07865877274446	2.2981696632749005	-3.666805122037622	-99.65713059800555	-101.44618112062449	-84.37326599313303	-89.30858062355959	3.0127734676297084	-275.1115327834255	15.49319292875834	74.51958266921949	269.67801757976133	-91.47060734221259	349.40173251375967	-22.287521528883584
0.9	12.063349005752393	7.776728744769235	15.280224329716349	12.162359815626237	10.726439482121341	5.817851922944715	4.7546191510158184	3.640110825100316	79.57864902775366	428.9805688130609	2.4041246015655453	-3.6528523739112693	-99.6534707398397	-101.44662963850769	-84.37729211899256	-89.29595994879277	2.9005785863206794	-275.10441760548395	15.26493756878942	74.3343894842701	269.63548842662294	-91.45903937268426	349.106531568726	-22.47228922901136
0.9166666666666666	12.180600383909383	7.798865026498464	15.268346696484254	12.169402331701413	10.719402677253745	5.820318183362859	4.714718095710118	3.5742507803880033	79.57817090671892	429.0360961770979	2.539734052559318	-3.636189336570645	-99.64656225876564	-101.45032435818638	-84.3797199969359	-89.28784280565553	2.7907551942949143	-275.0990928055348	15.014964184972804	74.11322094385324	269.6036016046279	-91.52284763206309	349.0449240885894	-22.507561040943536
0.9333333333333333	12.250850304056753	7.8179416650481945	15.258529118971115	12.176301347290359	10.712167724804676	5.820786380879966	4.647130047100414	3.419557204428843	79.58837158732135	429.1741361741555	2.6174964594242436	-3.6193249270603074	-99.64217939076073	-101.45714629186521	-84.38337233948144	-89.28233433870723	2.738322501011231	-275.0948661897708	14.210181704349399	73.96225471915709	269.5500184217103	-91.67539388238902	349.0135838412046	-22.5241463418703
0.95	12.147763244209813	7.865650868643496	15.250951727030143	12.185532146851621	10.703890311110154	5.820375749403759	4.5614217954614755	3.3078002454669537	79.61976308427995	429.1337148184274	2.508093873697418	-3.5811554877403005	-99.64051923962384	-101.46705285692785	-84.38845439563299	-89.2789875094431	2.7141677153466928	-275.0911896234896	14.968159268725486	73.83953908277552	269.4719179201718	-91.77942111224257	348.9824317134241	-22.739284127557212
0.9666666666666667	11.976256912119522	7.905968308563967	15.243887741917336	12.199582998411977	10.685516107576053	5.819150963105889	4.404735820422009	3.2572246409690955	79.7176738857466	428.862434419133	2.313698797528944	-3.550959178941322	-99.64530680203768	-101.48053072360523	-84.40200795783778	-89.27704961057518	2.688416754042671	-275.08726737322263	16.059596687143596	73.7490446242503	269.321333661619	-91.81799698843855	348.94149744197733	-23.04325374913011
0.9833333333333333	11.716496996877426	7.9353717126362415	15.23382614581471	12.214539177781347	10.64540459730252	5.815089361701457	4.1993311569448615	3.302823443008153	79.76102954743114	428.5795890488273	2.0360582437240913	-3.535408235984759	-99.6543277931549	-101.49348512691013	-84.43223575184561	-89.27633249092975	2.53529193195906	-275.08244718063804	18.51079551309187	73.70989214422801	269.1221354853232	-91.7671948240503	348.8581817361342	-23.306585975834096
1.0	11.483257174021134	7.95281383967434	15.192753342015152	12.227999313324744	10.575839881320661	5.807939034687312	4.0025018327819355	3.3266927556530526	79.88432743724925	428.2447676856233	1.7893976069267767	-3.5265351618212675	-99.6606014650315	-101.50362904117299	-84.48800681860061	-89.27687071204981	2.2300429485240443	-275.07585716940014	19.48909455862558	73.67989855504246	268.9331100038057	-91.73515045901117	348.8547044230813	-23.474146946629734
1.0166666666666666	11.354446602363716	7.9788907675329535	15.12742163019713	12.236955811580128	10.497617530220356	5.797787934371367	3.876279411639705	3.3309572151110824	79.97573188539562	428.1597235713917	1.667128477854858	-3.5216730289410094	-99.66310411445392	-101.5088296600263	-84.55642847024417	-89.27854460256503	1.6374269886608694	-275.06777932682667	20.099137839497313	73.67152137087555	268.8165519540864	-91.72039233819976	348.8697072847986	-23.486213730290224
1.0333333333333332	11.276936508463358	7.989822099655026	15.05862895533702	12.240203847795687	10.444794042254493	5.7845934336436216	3.794342979270198	3.3056433486117114	80.03979221904979	428.44742782128225	1.6142480684888472	-3.5190189376928496	-99.6596108129006	-101.50848598176495	-84.60952087663955	-89.2805997948331	0.7029376234369413	-275.0580297986094	20.317541086025084	73.66569940052165	268.7489399017304	-91.74003690643463	348.88511410106975	-23.24921884249536
1.05	11.228572178896215	7.983112758489806	15.015948412237943	12.236547203075673	10.406782884658753	5.7682724097585165	3.729193921242717	3.2703898343328284	80.13339705976063	428.7913459723741	1.5909093994097232	-3.524015696001247	-99.65075837650613	-101.50261816454123	-84.6347799846799	-89.28259817356303	0.6034379640679759	-275.0468466581664	20.04542134882087	73.66353022470531	268.70326245866096	-91.77248632722544	348.949012190622	-22.981413659081237
1.0666666666666667	11.19619107177335	7.959570014877356	15.000803425126058	12.222664236678126	10.394820263833367	5.748966699652266	3.6517538758695993	3.2375213889362797	80.27701829262361	428.98365080660994	1.5784057897350314	-3.5355206982177094	-99.63809955336654	-101.48955383245598	-84.63807546932651	-89.28259072557802	1.91737922073677	-275.03402824566894	19.35885944484729	73.66286343778955	268.6525221270974	-91.78776371735961	349.02876177225795	-22.808320651711917
1.0833333333333333	11.165097384666854	7.920671958914418	14.997992498380793	12.201449187025329	10.396994436662126	5.733951499317588	3.5450750894967227	3.2210428830027347	80.41788788466417	429.13856284159147	1.5607214908550928	-3.5523516647496844	-99.62427318793235	-101.46878467202617	-84.63254033893892	-89.28234124622091	3.4141398212033582	-275.02070932895884	18.678163469059694	73.67306643264425	268.57457582547755	-91.78900456796168	349.07643858678887	-22.64757818632529
1.1	11.126157318095558	7.872784620459559	14.972561231673936	12.175778797859618	10.38772638233919	5.723758091491703	3.4223160471374348	3.2459423846764324	80.58858893851956	429.3242344641924	1.5387605968936058	-3.5722322670509152	-99.60048418171726	-101.4439145212744	-84.64239438976979	-89.27910988310725	4.869837021384232	-275.01125444052707	18.46997843689586	73.68636902810297	268.46324092580676	-91.76956914288202	349.1225689648043	-22.429701416718594
1.1166666666666667	11.074102531550974	7.8388112023997145	14.927626525417562	12.15549282545612	10.388527969663006	5.730885750770282	3.3177827540704827	3.2657918209810726	80.82205323895082	429.5406172491329	1.517624964812989	-3.577798801893665	-99.56734502931747	-101.42202464926979	-84.64431158236266	-89.27371504549095	5.040015248014285	-275.0152428377649	18.43516113862556	73.7325042711129	268.3232018569627	-91.75798259813267	349.18191632359606	-22.212259496669397
1.1333333333333333	11.028131304966813	7.813380130279176	14.888495499018525	12.145687738596347	10.397030740629976	5.747220118866859	3.2419103578523405	3.269944464161214	81.10043835947793	429.7063079926361	1.4992081122204104	-3.5830217111092812	-99.5384239067277	-101.40685728926263	-84.65190619076569	-89.26581512086543	5.195794518817291	-275.0263307222317	18.394358316517696	73.77459751306515	268.18716502199305	-91.76747483995788	349.2578489800937	-22.040297165162915
1.15	11.01431174347838	7.812800569551111	14.865210996832872	12.141577948379908	10.398933263898453	5.771567928576577	3.185391034996827	3.274625121535917	81.26228954526474	429.8280370400464	1.4974254431322296	-3.571451083185427	-99.52031139854867	-101.39497693961275	-84.65448188510517	-89.25376758126282	4.873676302310096	-275.0420878606435	18.491460827829258	73.80904750364388	268.1221035019128	-91.78103811782661	349.3297542818688	-21.923173505052937
1.1666666666666667	11.01947172980199	7.825857023505203	14.859733515364175	12.150171519420235	10.41674302226598	5.806178158239377	3.1633956481714685	3.2794797106310813	81.39401027173258	429.882251637433	1.5008773885798552	-3.5525632615409224	-99.50942720141032	-101.38970885916649	-84.65029534895635	-89.23410302240876	4.490390765148822	-275.06098810505927	18.72656975059092	73.82737786526108	268.0866903051152	-91.79746959249283	349.40897655866536	-21.863704480925193
1.1833333333333333	11.027302552875875	7.8527710911807045	14.845893773986436	12.176081902875538	10.43545498996665	5.859848027282443	3.170647680884172	3.2725816474941007	81.47043897588881	429.8964175727126	1.5107525360939358	-3.5266856181810553	-99.49617754698804	-101.39275275526691	-84.64880113348403	-89.20300331109748	4.214979021202225	-275.0833227595945	18.648498162342218	73.83472017977881	268.07295123879624	-91.82394633826635	349.4801689097777	-21.862939210522075
1.2	11.026821217720066	7.8878158955276785	14.838916832224031	12.22068991740311	10.462341948983958	5.932184480133597	3.197686175975186	3.26726027233281	81.51832238880571	429.8989131668783	1.5324869462572999	-3.499597482374136	-99.48425226850841	-101.40543662126679	-84.64256402265124	-89.16107794782519	4.156599898043476	-275.1094166228219	18.294621123699642	73.83617685111408	268.0756393248017	-91.84811731594228	349.53968416629704	-21.93459321220395
1.2166666666666666	10.994213367662697	7.927870192538306	14.824345502603038	12.2877317583654	10.48814766143472	6.011966325528396	3.232835649980313	3.2654722918567973	81.5047501208996	429.8511724459946	1.5289371692597225	-3.474768153706946	-99.46969182051322	-101.4237569486464	-84.63684775108092	-89.11160993175046	4.395344121171596	-275.1374903777547	17.893187089904757	73.83711106633108	268.0884740562688	-91.87029124277444	349.55683615077356	-22.022416568061484
1.2333333333333334	10.936771492892763	7.977259949902415	14.827862479526786	12.391206591739007	10.527268222666798	6.113901356759463	3.276653028648354	3.2764720222722516	81.45871064979185	429.86439990495285	1.4961579946235235	-3.451388935236113	-99.4630432220251	-101.44818581789437	-84.62376464124544	-89.04851939189723	4.797007349658305	-275.1704541495756	17.59533627657677	73.83967248804728	268.1046026061046	-91.88428726768024	349.54077428184166	-22.03720397272741
1.25	10.892503289083146	8.011151364464236	14.838333017189186	12.470514813207135	10.572040126442433	6.219267424349427	3.3266523965095307	3.3011429421728606	81.42307004069926	429.87562500200397	1.4612547816617092	-3.4247657813595342	-99.46934701728787	-101.46339262478944	-84.61426618702421	-88.98931812983714	5.139634031312749	-275.2068002485507	17.452478882606993	73.85080813163673	268.1236778162759	-91.88865584501634	349.52360809791975	-22.044201479574852
1.2666666666666666	10.924867541178333	8.046151765023874	14.872343167815924	12.520694993626435	10.623105920830302	6.303731719738996	3.376305345226145	3.336511896068634	81.3167516344359	429.7893334001559	1.477941246796225	-3.3836035575451717	-99.48923802859991	-101.47429610442846	-84.59799361573937	-88.93695265676867	5.355410965811904	-275.2362113011403	17.384359306746134	73.8558525577017	268.15218741773367	-91.87946748586654	349.46170407938166	-22.12157182435967
1.2833333333333332	11.004581262648152	8.135875256147875	14.929118315483453	12.581826961690517	10.676825989648997	6.372331820493035	3.4262505729677497	3.3858891739911856	81.2245651267191	429.6714421905098	1.5264393688590527	-3.3128537407337992	-99.52126478522902	-101.4976563871912	-84.5750633991145	-88.88525647945454	5.2881220093382115	-275.2579342713039	17.32709875638791	73.85211453394231	268.1884282284362	-91.85510750899168	349.41350912611057	-22.21897091199054
1.3	11.142628551572997	8.357908980931345	14.995971518623087	12.681378969685902	10.726790677689007	6.4474171379064575	3.4782040021280305	3.454408828500278	81.16666074733358	429.5100827976056	1.6166287616607986	-3.202097329944719	-99.56150290929153	-101.54851194785459	-84.55324313405843	-88.83233971065269	5.593466762137251	-275.27948160845455	17.241486265958144	73.84728691087592	268.22305003439675	-91.81949960430357	349.38728009977183	-22.363346364529196
1.3166666666666667	11.387066438857643	8.654148837994551	15.085379796405837	12.852912149977298	10.780560638847337	6.542528297936908	3.5241681125363877	3.531365501237155	81.10931259676752	429.1715958377165	1.7843425971288915	-3.1043025628645777	-99.60458556032324	-101.63431839161422	-84.52560033052829	-88.76086320736385	5.599012205262641	-275.2981431082384	17.1808351302333	73.83672454787431	268.2494644269464	-91.77800206359646	349.3562743631666	-22.661511724211955
1.3333333333333333	11.765865701402355	8.823361690575322	15.171745165390094	13.08639220921058	10.82689171743936	6.672500867051971	3.55683505080163	3.5993331199222025	81.02579007856086	428.44652930340357	2.059777247507019	-2.978274012566138	-99.64161521015973	-101.73315010616855	-84.49809906543982	-88.653725428067	5.259642422695968	-275.312562998586	17.18438670939806	73.82604725208239	268.26026249528087	-91.73704939835392	349.2805763377918	-23.29263069982469
1.35	11.974269973931726	8.977710870312908	15.229091827103197	13.277317205441797	10.85796143568076	6.765635532904014	3.574649783569833	3.643318140908499	80.91337665726368	427.7985378206515	2.2595352617347473	-2.8805213254840365	-99.67608347586345	-101.8146225735405	-84.47556603592349	-88.5691368785165	5.274135944696628	-275.3213459314751	17.2075081586828	73.8129373495455	268.2637927998633	-91.70006110613386	349.174829553965	-23.862227986102116
1.3666666666666667	12.071488119515061	9.044074762509153	15.257523655536197	13.351877990357512	10.877712094158806	6.8160846930704775	3.5744281611701734	3.688722451052132	80.8220512947081	427.4960953849512	2.3474252130582105	-2.8237572623305986	-99.70200945469593	-101.84945099109216	-84.45883646038533	-88.52046677317446	5.1702239837929405	-275.32673161167867	17.27484488420567	73.80269180415243	268.257652046332	-91.65823158119642	349.0709428858966	-24.107754823135124
1.3833333333333333	12.131235694116974	9.03258878206716	15.269201603933702	13.39324408185296	10.890022892219195	6.84554706070171	3.570242209407034	3.713889571842177	80.74360708219939	427.37001313317626	2.3929888639646917	-2.8240454321148265	-99.71720008029384	-101.86759679743133	-84.44662325294004	-88.4899153394712	5.259315646382524	-275.32986647863464	17.287829425303116	73.79726085020029	268.25108030519647	-91.63037491753383	348.9811737727581	-24.20694043375547
1.4	12.169286475145707	8.997011653021111	15.26300252307054	13.447579333088765	10.894261586255247	6.86688809082052	3.5688242130974484	3.7140296639316306	80.64990577058823	427.406827778661	2.4284338778132977	-2.8413310679391213	-99.72014493467978	-101.88238940934013	-84.44096499120684	-88.46689450325943	5.059387455748165	-275.332011738449	17.21308103141734	73.79821023565081	268.2494996614912	-91.62485773853871	348.8940106236337	-24.183068983551134
1.4166666666666667	12.196716012959257	8.99780097107785	15.239093793830055	13.45266005634069	10.891767568241532	6.888230504438072	3.5667857552680484	3.6983355922788013	80.53158129808114	427.5622761461141	2.4623160574659	-2.863050372202176	-99.70780317579263	-101.89325210125959	-84.44188987492144	-88.44456630914866	4.485574972308242	-275.3341051226228	17.051807150496373	73.80779527291708	268.2497688725205	-91.63642778536025	348.7976878265103	-24.067696512733534
1.4333333333333333	12.19447171889126	9.004131598306108	15.20346834550351	13.46293493607082	10.886281022995654	6.910457580181782	3.5635152437776565	3.6859610279854733	80.43578182506164	427.64892338600407	2.4870037303796337	-2.865280977148098	-99.6733105151944	-101.90424076862536	-84.4469704078534	-88.42328242986034	3.958421084011598	-275.33682596446823	16.910561383425577	73.829836560671	268.25208832935385	-91.64867118488544	348.6904942823569	-24.005034903526884
1.45	12.09833083587684	9.006622032129215	15.153024363865246	13.496077515108427	10.880813949246892	6.93481521631457	3.5612006708356896	3.6855251851741597	80.39985940145138	427.6427548049103	2.4526631717793705	-2.8804698246274896	-99.61733126982048	-101.92351081321237	-84.45412240261491	-88.40508870182289	3.5701984719187436	-275.34058691392664	16.82583062943761	73.86751567585111	268.23745968172653	-91.65358586533179	348.59909037944567	-24.00577431903109
1.4666666666666666	11.95561709156994	8.9384742445848	15.089567117444552	13.517610101756219	10.886556506291043	6.962315055789209	3.559325077360093	3.6734164236359588	80.31173322859195	427.6283417284667	2.3940400093036835	-2.9473244341972085	-99.54381188489701	-101.94085254724138	-84.45118565946224	-88.38536348319369	3.120725092051442	-275.34383989092845	16.665568705184953	73.93455698066342	268.2247573568414	-91.669317035083	348.48253701884715	-24.039360969286747
1.4833333333333334	11.860317207684535	8.822852923373198	15.037320564434545	13.561443208591381	10.894137576807207	6.989158536397773	3.5638282053067343	3.658190932329469	80.15692121945571	427.5809934255813	2.3586088551399538	-3.0778228921846056	-99.47110800837692	-101.9643379586095	-84.45003037254365	-88.36361700683197	2.5481451516417932	-275.345315759195	16.474716668925183	74.06415212937814	268.22171667271897	-91.68686752585523	348.36335931792263	-24.099819624702118
1.5	11.797621058237114	8.739643856627865	15.008396341343401	13.719076808885358	10.91119020251697	7.059320150453231	3.5783089543595112	3.62310002415682	79.94785244174267	427.6187519864334	2.335500900726511	-3.256207684636009	-99.4236181465408	-101.99576802927888	-84.43760052906734	-88.29645401454181	2.2917370430373714	-275.34481541130197	16.32009388450399	74.25546447087189	268.23273971338415	-91.72039064359336	348.25877958827124	-24.12630664093424
1.5166666666666666	11.741883008412398	8.693058626114105	14.990964751579472	13.827862894994508	10.921782093072093	7.102322525080015	3.600053784624657	3.585988188066207	79.81135445488405	427.629576241432	2.315709669750758	-3.371154707395309	-99.39793477314257	-102.01041703676418	-84.42746500618156	-88.25053446947719	2.2272014287571533	-275.3428031950795	16.339862003956735	74.38920079238459	268.25251424119307	-91.75707300137157	348.1241748737696	-24.147655312919774
1.5333333333333332	11.682245347877483	8.619683918524615	14.977675683530467	13.842539061847251	10.92601197459259	7.103637559981493	3.603603311638581	3.5516446493091385	79.70894680238248	427.66433380979737	2.2901850498616474	-3.456255323814463	-99.37973549089305	-101.99133509699752	-84.42149022925227	-88.24229038404783	2.710019834995335	-275.33991514816137	16.51738516786131	74.44052032565187	268.2588169579366	-91.79320163858148	348.01301967341277	-24.14860860892683
1.55	11.616731610496362	8.487165730210531	14.969087640989335	13.781898419073716	10.93128254261672	7.090138640106035	3.60306393724935	3.518853292914749	79.61365183262674	427.7226046422154	2.2582139969302073	-3.5182162798311367	-99.36446469860624	-101.94241897714612	-84.41597769299793	-88.2471384279034	3.2915434313354313	-275.33696726605154	16.769853891378244	74.45192551135709	268.2623272154245	-91.82309172318787	347.9196903344196	-24.11607372094602
1.5666666666666667	11.547163119746715	8.28877979519032	14.959458890175128	13.739161350088152	10.937133879861548	7.107826022179326	3.593187742462183	3.499130129533272	79.4951881035782	427.6966559614672	2.219643978773064	-3.5600647503575544	-99.35083492824373	-101.89688433445961	-84.40536381635157	-88.22963491473256	3.9327972593922693	-275.33567383745407	17.09932044482569	74.46074961965428	268.25573495016346	-91.8400768031895	347.78309962850426	-24.15769357504807
1.5833333333333333	11.479835046261964	8.168238598846106	14.966146486755214	13.628735829577435	10.95103824326669	7.060778973487964	3.583429517508348	3.481973563486145	79.2202777920051	427.7818897199298	2.170999107775316	-3.6532766496786593	-99.34187310131202	-101.84889376562344	-84.38633453294926	-88.2725010052056	4.974044053832976	-275.3340416849535	17.733721347321627	74.46253566810495	268.2492775210117	-91.85303815870098	347.47928344663336	-24.079148259047326
1.6	11.461269473596435	8.191700755427538	14.977624989334466	13.515143504741399	10.963831111187783	7.006967411007671	3.580778052924882	3.479451972296344	78.93573907809466	427.91805858368815	2.148381382953332	-3.5662369475687683	-99.33638063909552	-101.79300842770166	-84.36736931976336	-88.32076753300649	5.151262405257934	-275.33283980722035	18.576571699189692	74.46380125539312	268.24954075703437	-91.85009305942353	347.2028168287899	-23.921251869598844
1.6166666666666667	11.473752084567305	8.32985520000343	14.985652973673046	13.467612786713703	10.969296957947204	7.006370651132018	3.58008294694966	3.4818853562538767	78.8578388516978	428.1648759535092	2.1577742977615255	-3.427686325017051	-99.33261530564137	-101.7541178744553	-84.35605151191207	-88.31627571601749	5.242642991834772	-275.33325336784554	18.249323951020553	74.4773717643281	268.25017729648465	-91.84317728628011	347.1917072380474	-23.692624470426892
1.6333333333333333	11.482328345081175	8.36553251106915	14.98780071751506	13.49228034967813	10.968446629676256	7.0781279997607	3.582114825307316	3.481715751833057	78.97601375376325	428.5003172212526	2.1734600629790313	-3.3845086604378185	-99.32768386058854	-101.72959771660928	-84.35337766292577	-88.24035653634112	5.338500483621286	-275.33651600631543	18.193195827232447	74.51075557932074	268.2526952292439	-91.84164089506177	347.3078323726287	-23.341245559425445
1.65	11.472614632083822	8.421303144928492	14.981780337885429	13.575411240750649	10.964734831171306	7.16904138507719	3.534432291481347	3.4757494621020353	79.25855089523688	428.6299577782519	2.186676355517216	-3.3522567597008432	-99.32042421827413	-101.72161335298625	-84.3568014537714	-88.14793939632085	5.298879885611204	-275.3434473784324	18.11340748388221	74.56620000715604	268.203640643945	-91.84993303434032	347.5064985266314	-23.169329260547883
1.6666666666666667	11.429391404536158	8.506037577500637	14.963991994728715	13.62333898757363	10.95985862905112	7.2201019750390465	3.4478592164836237	3.436113701011456	79.47953653930409	428.6775162574412	2.1853440901756755	-3.32775050802619	-99.30462890494792	-101.6908448059362	-84.36589422553895	-88.10036097389238	5.048082355752429	-275.35465788176856	18.0373120373641	74.6413969476823	268.10806365363374	-91.90004383736918	347.63472691975136	-23.13883487388842
1.6833333333333333	11.355860913260026	8.419422762700783	14.926313229276754	13.533988417710148	10.95820623691889	7.182991075178848	3.3410180773459297	3.356141595382663	79.59963157986567	428.7196013369795	2.1648888490868616	-3.3048414487934274	-99.27401198276144	-101.61331219320982	-84.37875720460224	-88.1468276103218	4.624776285132516	-275.37003770957136	17.864696051468155	74.71881026667425	267.9786484979257	-92.00440336012007	347.6558867761445	-23.119354760106397
1.7	11.287295255069179	8.225908721922547	14.845128789545658	13.343920770866445	10.955004744596646	7.126021477515979	3.3347884064793227	3.261333311403712	79.6746550423917	428.94717752330024	2.1349783737081403	-3.3448848953744372	-99.22285691016492	-101.52815486046674	-84.40389922265553	-88.21732813385742	4.413697241977381	-275.38849425584164	17.58450005061822	74.80010449714237	267.9201024326095	-92.1375807519313	347.6518588081823	-23.11507029479531
1.7166666666666666	11.205341893582244	7.934747430953105	14.682390770544254	13.185471110552637	10.955894414438237	7.095396072575917	3.330947165128741	3.200046106849197	79.75172681178073	429.0549472499586	2.1182149875591865	-3.4871399270635672	-99.14334185285544	-101.47987863592286	-84.44821210939743	-88.26539982504276	4.100664815314228	-275.4117170154452	16.592720660657683	74.78699836046441	267.9128595140711	-92.24010568358685	347.70198889655853	-23.140212030863268
1.7333333333333334	11.12909072177354	7.7696935448153575	14.598724384478619	13.223616184085984	10.964155015838982	7.1297618680999575	3.3433955621147704	3.10608777840278	79.76212458087703	429.0535756626311	2.102722801594438	-3.673348845403334	-99.07885069247226	-101.49407747072112	-84.45935660284027	-88.26232197843281	3.5652407884172526	-275.4385475834765	15.888309998352277	74.70050875322339	267.9090996222654	-92.36768839450747	347.6933774175366	-23.15405353257039
1.75	11.07186786378483	7.751478253987333	14.556480733827922	13.196854876698554	11.003184469403594	7.156411891095256	3.358932188592287	2.9804363986622233	79.78659590739527	429.201058924554	2.0930353081046373	-3.7021781144722112	-99.04586008526525	-101.4861448685982	-84.4598434069704	-88.27672355175132	3.1818253112648813	-275.4699771454058	15.89432787071243	74.68143560718012	267.8909399913842	-92.48765490002074	347.6850977041307	-23.181528743931697
1.7666666666666666	11.089323135483125	7.623124932745772	14.672912776060945	13.210511708946115	11.134476197599668	7.2361249368747975	3.4285147501587607	2.9038013345369986	79.71908563849557	429.3909736128294	2.0888660894969915	-3.8104417269721216	-99.05515938606918	-101.47525071251721	-84.38495569011522	-88.25020410084683	2.9638622349341786	-275.49506860806537	15.377924525997301	74.63485544699604	267.9500024618797	-92.60813434951288	347.6572231651712	-23.20637742584557
1.7833333333333332	11.154228566073837	7.753630104158165	14.747566619892059	13.286204831348996	11.226758159297336	7.294753234029468	3.4927173748298195	2.87294402671774	79.67853389977738	429.37790408540275	2.089284153718271	-3.7586957936261136	-99.0749573812022	-101.52399113306028	-84.30959009717898	-88.21313456734435	3.0716531826879283	-275.5099619310287	15.304275117607745	74.61060110480669	268.00282842840056	-92.6430511971389	347.67085133887224	-23.240990785039006
1.8	11.24364180436935	7.904912700329687	14.905248205915495	13.378748544966875	11.393895594720862	7.367229358269141	3.5705832193762603	2.8600491040975515	79.6028480375018	429.34380412546307	2.099556234214573	-3.6870753798024234	-99.13291500219947	-101.59380758178791	-84.17028707819992	-88.1692077223063	3.059080540271651	-275.5280743370328	14.535945470413962	74.64139164236101	268.04506502929945	-92.65994571246466	347.6415425483144	-23.258569705326284
1.8166666666666667	11.308925634281078	8.038450666699044	15.230849929092447	13.554610778618327	11.624174455773458	7.461124602374179	3.618154037093947	2.810158952592208	79.63543734683554	429.64375598429046	2.0939008119979503	-3.6221013947474754	-99.19620690270972	-101.68196783706492	-83.95478899502278	-88.0953226371462	2.942170534366058	-275.5427650940458	13.947817057862698	74.72555516651457	268.0711049044298	-92.7218568758089	347.7070867960402	-23.07821521580008
1.8333333333333333	11.357656428331783	8.299950321221887	15.50813475301992	14.001384106426434	11.808892127760828	7.66963181431395	3.6489717983901855	2.7313377124251543	79.69796467779726	429.91732847836414	2.0787637601032554	-3.577040699897289	-99.24841955719933	-101.86139471242213	-83.77821094777384	-87.90492745919428	2.8426099441473527	-275.55787897243727	13.584002743227169	74.81061784554711	268.087426749607	-92.82162512745538	347.78321007826236	-22.920149611542413
1.8499999999999999	11.422374803635403	8.523605794767047	15.68388666173268	13.872118433363875	11.93591642673358	7.602553853584201	3.6645153437723565	2.621291561146582	79.7790876369092	430.22143595241903	2.090057706432395	-3.5272644159717004	-99.29836746812371	-101.99000873131872	-83.66142507676561	-87.75221253506842	3.1278435052348783	-275.5726360206111	13.371484599985607	74.85682466793688	268.09609068019375	-92.9643908813724	347.87952029738466	-22.905225254812304
1.8666666666666667	11.492894956217693	8.58071035689944	15.783442418911076	14.032250116973582	12.026284300954185	7.698710356305032	3.669442294499158	2.5707388530804076	79.80532983028002	430.1934441258478	2.110595695053706	-3.456515315731373	-99.33995676444165	-101.97421007533943	-83.58719540475413	-87.7974631776822	3.834618334612742	-275.58488248679333	13.511236860335503	74.91750857188538	268.0847691251701	-93.03308706459106	347.88756983717	-22.90475281800219
1.8833333333333333	11.563300384003279	8.534008111506774	15.862255403771176	13.855671941930806	12.076321474760595	7.604195864228833	3.644372893016982	2.5509009704025307	79.94701739997454	430.19944143072445	2.126994219740866	-3.373507054442631	-99.39762573403681	-101.9003261286023	-83.54216759657672	-87.9312354435277	5.298913790855911	-275.58276673443976	13.57636114369195	74.93139182326868	268.05656213191236	-93.04857148045338	347.9804630217859	-22.881609007817882
1.9	11.617128713344982	8.390627019365912	16.22017758757581	13.765137455712319	12.277438515052701	7.525068162009427	3.5831728816946704	2.529837751318267	80.23722460754202	430.12593694765064	2.1092015144349467	-3.463233291160832	-99.51900251055982	-101.91384066483396	-83.3341654947814	-88.01416943474722	5.77241892839269	-275.55801421222947	13.929823594279439	75.00311913985203	267.9922165168192	-93.04094131712614	348.16024817216254	-22.890205017533845
1.9166666666666667	11.59827825392029	8.279162277928613	16.789694765379867	13.920878945543032	12.617471551571834	7.643637514895348	3.4930685656381537	2.380621292199149	80.70040767492723	430.1775842156196	2.0240308891129457	-3.597244755713514	-99.6404415636791	-102.13258875870476	-82.92758131955381	-87.90395352628049	5.891622171972336	-275.4884481793612	13.712434840435522	74.93812388727963	267.91943458216343	-93.15131943056647	348.50572297651814	-22.966989780946793
1.9333333333333333	11.540166881302241	8.370935280130439	17.16433153067096	15.049312243213127	12.849005054659445	8.118565754880196	3.4566300894557562	2.347590491509348	81.3506483499072	429.8349520885776	1.92991737620363	-3.7848336433383114	-99.68231813500827	-103.32891515332257	-82.58237201799982	-87.36643792792634	5.949487610907026	-275.35263019404874	13.476441115759174	74.87673328511494	267.9581234783749	-93.0970134318939	349.2411971814819	-23.270340231685694
1.95	11.42384687689955	8.731140389071953	17.00841899436811	21.401278284108077	12.875755048133325	10.413670750348842	3.583745470660586	2.442610068948023	81.7547052286376	429.2661442620889	1.8740601565932964	-4.045807493060838	-99.5341849674939	-106.92964945142624	-82.35031242973102	-84.81248964680148	6.1319122589426245	-275.08707150582364	13.851403614000708	74.66108707192089	268.27791345387504	-92.83896511820268	350.19241079599556	-23.672309489120412
1.9666666666666666	11.342134968077215	14.6073371923571	17.891294882735895	29.696069611352037	13.373285391043044	14.130282932862082	3.9399167031543962	2.5304329360880953	82.14788858305923	428.4418655916452	1.707032358849794	-4.680386344943802	-99.5772639319658	-109.9073115341853	-81.4863000790679	-80.73519332465736	5.534223020062063	-274.7077143958896	13.065016214384153	73.91800816742936	269.03484230426443	-92.46190093504913	351.38695289373464	-23.826530165690855
1.9833333333333334	11.40998324135829	13.043541182138156	19.7470948323526	30.97424926918616	13.992885328349713	16.022230677295543	4.524511236210874	2.299721456110675	81.85389346716474	428.4931836603379	1.2809109957926268	-6.249332320793869	-100.06338820981969	-109.52989483004451	-80.4448495226449	-78.43008100037666	4.765073480840241	-274.4497886261769	8.523227609900832	72.63171757898019	270.08320739064277	-92.37298327258085	352.00945945081486	-23.772257981885748
2.0	11.500753449534749	10.204130554753842	20.669255343481346	39.15042311210067	14.100281008900684	21.747925020527386	4.909244455685432	1.9794957729748792	81.2883587218079	431.5007938418253	0.7498618801265995	-13.499283677137202	-100.73531423289228	-111.33495400616502	-80.11415544304809	-72.45626972295821	3.4623021744402145	-274.2463514451955	5.901719688873044	71.4490689982174	270.70432264449	-92.39093598476205	351.81927410865416	-20.769134813918402
2.0166666666666666	11.70959135105886	-4.579694911226485	22.22936382710947	44.75773462639287	14.336488959325715	26.953318375231607	4.792577885050014	1.6242507466557392	81.02009494099826	434.613700589481	0.2604187248046037	-29.107009536251745	-101.75436305893368	-111.65247220758793	-79.64391382396542	-67.0197721260307	2.7724428952706726	-274.06623970589646	4.342084899799438	70.96933809449716	270.74780975125566	-92.45306500185126	351.4107018456054	-17.849851800135564
2.033333333333333	11.670851133361541	-24.573375937730383	23.176314350711273	54.98354740562049	14.695024384790571	36.26165462777233	4.9431679435956575	1.1686609708542584	81.39366940678171	440.04933628160177	0.044141700652794436	-46.793940403928886	-102.16888017702797	-112.33407833446998	-79.14282358910218	-57.541081078621616	3.231246301037909	-273.98545766241705	0.1416937659418267	70.95324912615483	271.07849288407226	-92.61730034379788	352.4478024355917	-12.818394708768707
2.05	11.741587704793705	-27.401104582803026	23.24926252730518	61.88069028435654	15.430170494932785	43.03209755775147	5.691307257821802	0.9163252770384854	85.22007350834654	447.4260616829512	-0.0877021685827859	-50.274929347970996	-101.89892277016894	-112.71723740520324	-78.61628533672908	-51.05916200151709	3.992395633250604	-274.1469779332089	-1.0579676705658954	71.0640696379723	271.6772016185168	-93.00372383230948	357.1364606425419	-5.877428517903867
2.0666666666666664	11.88607235017405	-26.583598249519508	23.58024525652063	65.97546266620323	16.349516036812023	49.672088751470994	6.741241940020793	0.6673321707250618	88.87908668233042	449.77323909399286	-0.10849514349046796	-47.38616162700951	-101.71172691532655	-110.86279604196864	-77.99671557884112	-44.7362562447986	5.829612001262587	-274.3592609932147	-1.1434550753895167	70.99063456793742	272.41719579418634	-93.57028848067458	361.39268686295554	-4.104599736111035
2.0833333333333335	11.875733233192499	-22.442850726256104	24.674547462186602	73.77974450746656	17.411390251581064	57.93729227092781	8.103997251386739	0.4240983971338152	92.68275336366762	453.23415936492825	-0.23127375925555937	-43.026985254407116	-101.8862841038051	-110.3783447696468	-77.18306242211784	-36.68010920971745	7.545069906552328	-274.5280382279	-1.792392564552544	70.74518408672795	273.52771894884813	-94.09092345586683	366.2708716979758	-1.1471830662554412
2.1	12.154565878636209	-18.97679009490308	25.493808018735905	79.38511234111269	18.071829101760848	64.97807231203718	9.558899942235689	0.5042083175139064	96.41949647441803	456.6273794046393	-0.08008332820979702	-37.576907878376275	-102.2018045843933	-109.34837216812096	-76.72408937126855	-29.825003780765787	9.013448958007173	-274.66413927087245	-2.173614748893179	70.43972112977976	274.7720103839121	-94.2295809252827	371.2302773617415	2.231107207497984
2.1166666666666667	12.364480591796394	-20.892352483810008	26.100455173307267	82.81148750604943	18.51094263568877	72.18697449235374	11.10071531541473	0.7843911640716215	98.93396678606855	459.1849040630085	-0.14391575573941529	-37.0803649563264	-102.52901547661506	-106.68212226065377	-76.43109402176117	-22.795684196953914	11.482620951639248	-274.78699413136707	-3.152797939983425	70.22146168247909	276.15035820522587	-94.1088634629028	375.0986131009881	4.915574895953347
2.1333333333333333	12.474574473939668	-16.033295836551826	26.941546217510194	84.45006825496087	18.801408534602327	76.4615235826108	13.20620940519089	0.5025870814645274	99.79025560276831	464.97720908718736	-0.42438655061993025	-30.397071491081174	-102.96327818536074	-103.11369038699186	-76.10878728402596	-18.398821919191782	16.04601302060731	-274.8523744764984	-3.8393687258308216	69.93283330869673	278.3475696579233	-94.38458415850974	378.1006775987044	9.913657671891208
2.15	12.45596196177475	-14.601596937680323	27.173028627921333	88.40887888574984	18.867316052530573	83.38213795342475	14.905942539365055	1.1639587332889558	101.94246460464664	471.10146508799164	-0.7460708497626992	-26.13255279404485	-103.19887791096846	-99.89281036087213	-76.11832207455248	-11.561640519427272	18.316631730066582	-274.9339006144611	-4.627946068354574	69.84438520021325	280.05473702038995	-93.73145469934481	381.87970163476894	16.183745049223987
2.1666666666666665	12.420514882581768	-10.904520743099816	27.807452018494523	92.37199910144608	19.0118161403857	89.5701128828918	17.184500637705963	3.5309475276720863	102.28183541950189	474.79213108293567	-1.1172207066097917	-16.10876993376289	-103.40396942752257	-97.23139576962721	-76.09214693482609	-5.446800391787407	20.382659663798712	-275.01650796033596	-5.478834503911055	69.72125552162112	282.42828050050264	-91.59644115440594	384.3647965687493	23.21378671596185
2.183333333333333	12.347349136306464	-7.156250415522984	28.032427916614836	97.39357319570921	19.285118179806485	98.04080755686756	18.615279975593904	9.205208399138249	102.7168238164569	479.5944295308037	-1.4858427856821546	-10.967624504981382	-103.72026555196518	-94.52438450495163	-76.04897160201709	3.056442907250114	22.12443995416959	-275.052096633734	-6.247474527185283	69.6948448747894	283.3521282566418	-85.8651927506891	386.72041359288386	35.65986018198427
2.2	12.416138959587597	-9.147756865995854	27.97356571564965	98.99400387597811	19.121447079164582	103.58934364085974	19.870628655386597	10.825045716743196	104.34854489950905	481.73806306953094	-1.6473242567749202	-13.65385268821447	-104.02460540042173	-93.3651970368027	-76.08439758348017	7.147478205632353	23.08881841959853	-275.0986627210902	-7.233726966606948	69.7011191956376	284.6685880969987	-84.30537214177284	388.72593909407067	37.41537248885579
2.216666666666667	12.537182168150624	-8.921191707503368	28.259525185912086	102.49009599286339	19.031142785257195	105.14001199833018	20.850168637500502	11.450234806873036	106.42662889328201	480.28854536543975	-1.8409952215368766	-11.353313153832577	-104.3646401572298	-92.68319728916427	-76.07588876424215	9.95229454182209	24.61402594995406	-275.08048585132764	-8.005471184296407	69.7518820567215	285.74013415451316	-83.5071839033744	390.9829202269837	37.08269039680456
2.2333333333333334	12.793168584103562	-9.461196106153372	28.851457822497593	106.19429860690165	19.150553014590535	109.47779567098304	21.309110429287347	13.397566094493808	107.93361482982255	481.7203732912184	-1.9148570007447179	-11.678136093248373	-104.72858313562288	-91.85967750609016	-75.87307599933874	14.421496056645875	25.141043699757226	-275.0385115932346	-8.008956732589462	69.98533295870406	286.26570790984556	-81.3745107045435	394.0277470529072	40.23437952639485
2.25	13.02743909110027	-11.780519478493023	29.478965887814326	110.63529999587368	19.402137671525058	114.19630334835993	22.373095487319347	14.13439333615585	108.80443925950135	484.6997151862471	-1.9787044039193162	-13.5864820071492	-104.98201706495253	-91.60030193935447	-75.52028568407663	19.247844101397938	25.12536859132482	-274.9817436508109	-6.977595110852668	70.29722616402368	287.42871341045634	-80.726461916044	396.409406889017	43.97612551416751
2.2666666666666666	13.275871074862303	-13.055979906552478	30.173318692479718	115.09766879715124	19.79450787242199	117.93614393359341	23.041113024200182	14.131434976025677	108.55499773764862	485.30832023446794	-1.9523860875408587	-15.035341472993636	-105.1151931093139	-92.07826440117766	-74.9776675379262	23.18621920264168	24.801525816230782	-274.9112365901852	-5.871163056008643	70.3576578954245	288.2529180900962	-80.64651987857576	398.1822105000375	44.07508481335642
2.283333333333333	13.644963268013552	-14.084558418799867	30.577300843295728	116.91222149976842	20.077602661358004	118.83353001773739	25.302256907594188	15.255800733899175	108.67318764125267	487.8463592735852	-1.6941760928990919	-16.646146647469244	-105.24909398262197	-92.90920514427383	-74.70515124538346	24.040885708519784	25.319196153116476	-274.870323159026	-4.404999073625482	70.17495083568502	290.5065620997895	-79.85988742590831	399.3378335344812	47.766700987042036
2.3	13.765358785736831	-14.246452311395828	30.71876898578938	118.40669450928159	20.08847700636737	119.42308127729576	26.56955695130025	16.004077153939576	108.47119131607536	488.9185242139508	-1.5292741674706019	-17.650488599983436	-105.35221255349101	-93.69556800703599	-74.6647330870427	24.692301962059915	24.520689244105405	-274.8339175449955	-3.6642716562387534	69.54117339437866	291.83328442837893	-78.72046213358983	400.3867828441068	50.40402013589309
2.3166666666666664	13.730576841882653	-16.77099060892621	30.618866984948127	119.25505572095106	20.189594169448917	119.54114220329056	26.672945505954182	15.787835992758472	108.21847200873916	490.34476441941325	-1.4390606052704886	-21.349968015052742	-105.3090321455384	-94.45486187105351	-74.66871398684793	24.66120136736821	23.28770553998492	-274.86713461882397	-3.1898971995280796	69.51392603588464	291.79650047306455	-79.08393240496434	400.02542683181866	51.31443441088055
2.3333333333333335	13.657636909124633	-20.65305753735983	30.856873841878134	117.79666216170799	20.50166910412776	118.09984733246716	26.49777358306694	15.694343551317733	108.0694483031288	493.1086905133015	-1.449221578069082	-27.59517493003045	-105.35952027501656	-94.66532126242377	-74.50133608435712	23.05999813678725	21.915063715925257	-274.93936620004973	-2.3782825474148943	69.6233476786993	291.46437807627103	-79.27929619823402	399.41383171075955	53.90982694073516
2.35	13.414345478742455	-24.52891256376474	31.194142472540648	115.51403846796822	20.85919262946631	115.9388281538298	26.377453968055338	15.35819597262643	108.73746808609117	493.02647615289106	-1.8817593861285697	-29.172089374592183	-105.4312081171181	-94.64889098830737	-74.24952214518416	20.809948386080336	21.560297464149475	-275.03922266730643	-2.0552931906737006	69.84477259621994	291.2510784118645	-79.65181448569217	399.98788803387384	53.459098294497494
2.3666666666666667	13.095872931360447	-26.175184127056127	31.601116321320674	112.17887716583002	21.277147648370768	113.05445771263581	26.018095788464468	14.817331849147259	109.07100510987563	494.6446747830349	-2.496218647697731	-30.309336916852008	-105.51177531609767	-94.30553873473178	-73.93929344329975	17.847191355690725	21.86735064770093	-275.1749484560805	-1.454539023004304	70.10532942557775	290.8067032504288	-80.22824826620469	399.916316611174	54.48812751204753
2.3833333333333333	12.659669470218702	-28.898011630372864	31.9555598546749	106.57128592621726	21.89324455270878	108.37934937851635	25.891999374449764	14.297281943309883	108.65729813416942	494.56173266879324	-3.128968687329814	-31.997180273094646	-105.54922454057916	-93.67378965719935	-73.62475498251922	12.865201679285711	21.138544837180383	-275.4564097476231	-0.6177147048161011	70.68038077164854	290.3817822972223	-80.88866618962497	398.8502193168047	53.78307735695894
2.4	12.059479334527094	-30.620830636396732	32.117658215032286	102.35665136357034	22.60493276328937	104.09692518766633	25.32150416921308	13.745492665181153	110.06361270939384	494.9611882410273	-3.649648337148771	-31.98521720982841	-105.47450302203431	-93.76380047067552	-73.31143225353138	8.229045172812391	20.373597701938245	-275.86457418114037	0.2382793339093645	71.23481985606637	289.4357760951377	-81.80988724909513	399.2712339107148	53.42234618517114
2.4166666666666665	12.115940915812653	-36.75115495702998	33.061585520611736	97.8512319077625	23.87122368570012	100.2171599482241	24.508072291490834	13.189558397283513	112.77132511228042	495.02374912452456	-3.812411361497773	-32.488885985261454	-105.55253804012737	-92.93928329755443	-72.45784874298064	4.384000747941875	18.596483174981913	-276.28013066002205	1.0263153764647492	71.84097704911393	288.34693438699185	-83.24904958858434	400.84655129146626	53.7465980162472
2.433333333333333	12.138587538475582	-36.70164681307702	34.65156267095821	87.77932705156387	25.390068609584194	94.99748564747775	22.932797560818315	12.483534201946192	114.38699081191821	498.08709961504576	-3.903792731966238	-36.40305681891181	-105.92572147331899	-90.30726598777586	-71.37085942928378	-2.0671570022978383	18.065149565976277	-276.69367397184016	1.4775014623693707	72.29530529237455	286.9885882381922	-84.7159220542035	399.9505339607037	53.62979340753615
2.45	12.160126349920988	-36.69645780345961	35.35721455032399	77.38573191609947	26.302382412795293	87.6321008549067	21.033995605036036	11.376983208798904	114.40321261463815	497.3921538154337	-3.9196264528717943	-33.85008826931438	-106.05099341206967	-87.05595752074339	-70.70198885395936	-9.466844659461982	17.08666613074127	-277.00114293227693	1.0420183789272583	72.88118323165783	283.7461883452487	-86.05078890524835	397.7706387722331	51.544874259309005
2.466666666666667	12.282907833796802	-35.907751930697124	36.30299028700146	68.93618797317481	27.607345342096	81.76500125762331	17.384832079268186	9.260482439357572	115.07306116404128	495.038998487851	-3.7865393937199627	-30.79186614079347	-106.08990809012987	-84.46196214218094	-69.71836970441592	-15.597016844343875	15.677718968236068	-277.313211526812	0.22186980492573039	74.0469766658114	279.8761626228226	-88.29077270760453	395.3803141023666	47.09246473680191
2.4833333333333334	12.893616781576991	-37.00159243140791	38.01966719054794	59.71225762324968	29.052006649293393	75.14905566180109	13.788209005214885	7.093366634130609	113.37282115596672	491.47752264234	-3.380453772471137	-29.18188131223437	-106.45070412784976	-81.67311769151326	-68.48105514893012	-22.37057753331899	13.372414050016461	-277.54286541445924	0.15608975903901334	75.0266144101249	276.2077046123781	-90.5158537408587	390.49660614604477	43.38387069889579
2.5	14.253774543653085	-35.79448751935032	39.05567799271048	51.736364677973036	29.996180626206296	70.00590856256494	11.428843679688041	6.2177646839399365	110.33268872541254	483.31354670637825	-2.9336058352669356	-21.47165114559064	-106.80920276157742	-78.27437802634282	-67.79792035949599	-27.785828089113455	11.031358139221258	-277.8276269209703	0.09996745719137867	75.61117979628875	273.6103874258086	-91.5971944750943	383.3965231661648	30.634376517246203
2.5166666666666666	15.435527153510591	-35.61384529741644	40.00522513209143	42.49128994940388	30.560504310382136	63.44565701916221	8.459935777978604	5.326574535908054	104.99948246992562	475.4635477634135	-2.3992378888630133	-17.949967529954453	-107.33128557409967	-76.53878805136382	-67.36564833648872	-34.44274485831841	9.102255192640873	-278.11047635914264	1.5706098702275415	75.47884349234099	270.55540157412315	-92.58726466638088	374.8657055459936	22.42618649793172
2.533333333333333	16.194176169182995	-34.620350581283944	41.2313355065411	32.67801359946245	31.625124975485136	58.63111877368915	4.104670858682768	5.0342692797247235	101.17379621182278	462.57512048293415	-2.228109229798648	-18.07321128599256	-107.98359230406399	-73.66142554788233	-66.81154042523889	-39.79034546045608	7.766652529180668	-278.7161168372758	1.7406648757787433	75.40040583113968	265.6786540233748	-93.35038571823813	366.69817415436216	8.925289648065716
2.55	16.870819579486103	-37.25545781707471	42.07356808427698	25.747364163627083	32.50077256137648	54.18445820291383	0.3814022044342684	4.3492443347758085	96.86415260648212	450.5918543425792	-2.186143713182614	-18.162712027382298	-108.51494493132654	-70.74561462647843	-66.38486950365828	-44.674069776518635	5.841611449083054	-279.3391492780999	2.082156469119168	76.05765243279072	261.5825304636379	-94.42883764981916	358.68881746902747	-4.250665914755293
2.5666666666666664	17.44934599937152	-38.802961309620336	43.913119795912	22.138917778578023	34.28607929007792	51.87640955148307	-2.475477251133838	4.6709069599042214	87.9788979620333	432.9744628521187	-2.377806496850838	-18.543316428375864	-109.46947541008976	-69.67953226483857	-65.4156919327235	-47.64444479257635	3.4749583947368805	-279.63002061565186	1.4537506132433171	77.11145752721436	258.1877109104618	-94.56542153362713	347.0135822387152	-22.138505568298665
2.5833333333333335	18.04479652633165	-39.25640862872565	46.75124806181238	21.2953932630378	37.394691838983505	51.561227273918014	-5.037650920256643	7.250429609803396	79.73463055440693	412.6513479133332	-2.5211290108912703	-19.00655608576385	-110.54551730301107	-69.93876167444363	-63.56931350119979	-48.94863319875196	3.0485651956231274	-280.26542798169044	1.3632244421746484	78.09389631488435	254.6980738374932	-91.91213512033045	336.3053674938337	-38.98053201379837
2.6	19.08201370781396	-39.10850460825555	49.361482271596365	21.648737052914843	38.497127334424285	51.02032337961732	-7.903434842332612	10.113518651336275	73.58460825913515	407.4046265259257	-2.589361401921745	-18.7043449949368	-111.68811758370829	-71.35865845859178	-62.15958997601384	-50.27537656696087	3.463987173258822	-280.8084796971116	2.488111779652809	78.2488770541364	251.20993996364425	-90.43848071788817	325.553626907687	-42.8554483912478
2.6166666666666667	20.283332417731863	-37.141066305534814	51.57460023440268	22.422095170553426	39.8292871384656	50.43099112242506	-9.264852121516958	13.959007091490015	59.18701622191591	398.5521877457107	-2.63942913257092	-19.410684624763064	-112.72551747403828	-72.85522608430453	-61.82389963093907	-51.4306731084794	3.448187259396569	-281.0740453313894	4.15485156615878	78.15242308266355	249.5898274438228	-87.8870153752111	308.6348374603712	-48.40875175491866
2.6333333333333333	20.919195644730355	-34.417146332069	52.00772316394499	22.787703910361774	39.480171872378115	49.222363481715945	-10.760685864326751	17.779986627572463	49.05070412299562	393.0411776983363	-2.6897200201776372	-17.760546754519375	-113.76338760878106	-74.18714691047332	-62.51046579940383	-52.0099174133431	4.044627027913036	-281.09850396371394	6.194101509263998	78.11694963712354	248.0767460022156	-83.65056762685573	296.6997500405825	-50.26942517607475
2.65	21.293464099517426	-27.948576691214686	50.99119477344474	23.98175421718951	36.30450139988237	46.93956243382384	-13.511724264583995	20.399473203953427	36.36909453837089	388.2632999187945	-3.0823413967172453	-14.206709274641604	-114.7763337973814	-76.66873178176118	-63.55199518384134	-53.04583835970975	4.1115624841676635	-280.8007207874837	8.72110950559098	78.05872093215942	246.58422833340293	-79.66789414934418	281.51198322022776	-51.65417730157726
2.6666666666666665	21.63963486184885	-22.306357546189105	52.10467935480508	27.80002667666776	36.38270711397875	47.45903081606915	-12.736992293994428	25.299020829805908	20.437532520828878	379.0524090681822	-3.3703847852646014	-12.464546214153282	-115.58051473749671	-78.52545004919874	-63.265805051220646	-52.31779761475667	3.9542752179952823	-280.1542781795469	12.558649201932816	77.99893474457265	247.36449488468494	-74.7408314636515	266.72149533066937	-55.903114146652
2.683333333333333	21.765698117990496	-18.580214344999916	55.32406294349314	31.571707100819193	37.894368384440014	47.83958498804154	-12.825628927419128	31.53738652106744	11.78739318526904	371.66813787138165	-4.2496296342330036	-12.360769854215816	-116.93600126421828	-83.08892557452654	-60.63884149362879	-51.51769645467573	3.6256121406251074	-279.91972509868367	15.06580918222193	77.85024843144951	247.76581401187556	-68.39948657821766	259.0558008818147	-56.8121024410011
2.7	21.978892798138684	-17.212325932680383	58.21849537734592	35.288590416241334	41.68757397659993	50.63605629354273	-14.384443447516485	39.33888869309724	4.299423358973081	369.45200943266093	-5.159080011983936	-12.910542824949836	-117.8552039515762	-85.60828867292057	-59.13992090191036	-49.8196502913776	2.7044203359171552	-280.9982556575397	17.716496283721515	78.66015014924501	244.59467021719135	-62.3462521685817	248.63956198891125	-54.55234904661491
2.716666666666667	22.713457805377637	-15.582600423396274	61.765829045423644	39.38807080950704	46.67589538925914	54.25173257094454	-16.40121395915587	46.66201164986785	2.160833964163951	363.1602503716141	-5.3955664101666825	-13.38483494304504	-118.61389021115116	-88.06423320033967	-56.540687734817965	-48.82124820135717	2.203787436432285	-283.0955214022401	17.14635865361988	79.9031512025966	240.24555028521533	-56.3001176267266	242.31783527680372	-53.93795425812608
2.7333333333333334	23.59950953372315	-13.876198199115054	66.13783351095843	41.53414309095414	51.14901330617275	56.32740488738903	-21.528597894798693	52.89379953412259	6.90136662175865	356.69756341051095	-6.034164577937155	-13.783985001100746	-119.99035515859347	-90.82866769438681	-53.78959224911345	-48.33786365029236	2.720732033849492	-284.7509909718694	15.081541162354444	80.50670129172471	233.45113788211418	-51.81136643537409	240.34472126732175	-55.44494634838501
2.75	24.895673595211548	-14.565566259287415	68.65985541578259	42.547322267520144	52.61292782868484	56.67642000192002	-28.56121450303331	60.114541203334575	14.446249057334047	351.5426852172392	-6.392616036041435	-13.335340652802039	-121.5144768596614	-92.13681518445631	-52.8117455249826	-48.400245519628086	3.22035009272539	-285.42992377039474	14.298982361779204	80.43809971455225	225.88250171727884	-45.241455014014264	240.47380017562148	-54.07267091071411
2.7666666666666666	25.843662768858007	-10.240668899494164	71.91954523424585	45.41054488566299	55.883042805136675	58.52339655662443	-34.12930496927596	69.84462231079168	25.23807165609551	345.35165176559457	-6.781839921606706	-13.102145142772311	-122.7909234544486	-92.95572820969771	-50.94017118019766	-46.8319622374099	2.1183735113063333	-286.6791517367767	9.752851781947466	80.72442839870345	218.9782093130584	-37.14452528223246	244.63304451792712	-54.96120689989256
2.783333333333333	26.774953865024937	-7.08706091302834	72.18874102048795	47.4217782928744	56.18819984264005	60.84137901466486	-40.56655116331116	52.77021553004399	37.59151083890425	302.92926947275924	-6.964341863618853	-11.886682265789894	-123.86932330247667	-93.91005707986704	-51.64890424664208	-46.16837286402576	-0.5802976705042506	-287.7678687476673	5.099435025749766	81.07707999007758	211.41065292523325	-54.46024251852374	250.17923227968672	-113.20350555091723
2.8	27.32352449839502	-3.883390920778654	72.66617926712121	50.580854534833115	55.95819523931337	63.78638999965832	-47.78498676715235	62.95319874655962	52.359078111885935	275.12893739023934	-7.606454225499171	-8.45641161084852	-125.12240566256546	-94.92760542623385	-52.35610648960596	-44.49140472466626	-3.088712064842774	-288.2782011916195	3.48624852234373	81.33627981905566	203.66218520954973	-45.34771481085317	258.3780071934698	-129.8983358172014
2.8166666666666664	29.654133124360293	-1.062440303757344	72.22093717130743	51.590629486892674	55.005807436617985	64.883849196089	-56.21125011860993	66.4030116083369	69.82595227839823	210.067563792877	-7.703610078916634	-5.880760109879854	-127.47861180725347	-95.42281521923363	-53.7743149272063	-43.976066388587654	-1.9874492063313536	-288.7705444137818	0.20553917863125948	80.26152646751045	194.78875580966678	-41.10271663890322	265.3602432558658	-149.82676775014892
2.8333333333333335	30.893124106275675	2.4727844545631052	72.43832053986061	51.63322170849535	51.70117711846074	64.48295986967179	-60.36020931766165	63.41342066141774	89.33049657568633	123.01043130537394	-8.063992138722602	-2.648907110504399	-129.0603180501846	-95.2430750370111	-56.105740156716	-43.714182105317526	-1.9143201838168848	-288.11457039502415	-1.8331949063811557	79.45924069050069	191.49101218314652	-42.876111114044015	280.0423600952639	-93.27366626569969
2.85	29.983471553221456	7.4127663756168305	69.9779718334184	53.274874617129754	48.20053376619882	65.21296123842092	-63.327944167982054	66.4061927982279	109.88022317714658	139.72724333341887	-9.74564008867797	1.7669829617856407	-129.87359946756115	-95.47726712895057	-58.49484650298022	-43.14044182117409	-2.5122160046814503	-287.5309387509228	-3.3974493245040867	79.22087048861792	189.2748992694217	-41.01317042034542	299.55283689190077	-81.62757845628744
2.8666666666666667	30.28308201355403	5.378214275343252	67.57172438304333	53.59356036205489	43.736563922315106	64.72526554678397	-63.90707494469733	63.28468208712273	138.51826857692484	148.2961837609694	-10.767893554466433	0.20535350222926563	-131.1837259959733	-95.19766488918792	-63.374788180521044	-42.11105377438096	-3.156951311823503	-286.4809864730549	-5.435677434383396	78.38891453763209	189.99292787264065	-42.9531181423452	330.9673482994329	-74.96155843301666
2.8833333333333333	30.08825162115592	-5.041049093118107	66.74772039003454	53.75402041314784	38.37585330237696	63.77926349935291	-63.13722832615239	60.78412317915289	192.7068428224417	168.35726084041536	-13.463830129800515	-6.99559942002356	-133.68698648862252	-95.12651409609029	-67.046734608337	-41.80997906894386	-1.5626457605828827	-285.5192776295188	-3.6045097840265523	78.6825596374453	191.8897822893978	-44.956867219224335	384.476779943237	-54.58187855942125
2.9	30.849650545318855	-6.922316620808635	66.31858411297672	48.27207094373989	32.07775245824029	55.0346062213153	-65.39828938979802	-21.793168282970846	204.3807110668059	111.30912748396884	-15.70127578131338	-12.535298453045803	-136.62781055766985	-93.59189011694835	-70.71567961450276	-47.32229461549062	-4.808586221264216	-283.21587168721993	-0.33846238838250486	79.0809852993948	192.3217705842874	-126.35649054116132	396.58545333105707	-16.69399115245473
2.9166666666666665	24.262860912662436	-11.63489730721712	60.240695236127706	40.86998702732576	25.461900180879486	50.18813935037932	-65.85328645144247	-8.991360436963832	218.69794060635385	114.91420922803877	-20.674013614080682	-14.168095904477543	-133.1330717052132	-92.13949218241015	-75.72368972073922	-48.34880288294778	-4.201582971402872	-280.217061133265	1.4007259511882084	79.44399026700177	194.42712253080194	-108.69052672576223	413.02302684373103	6.109723754933256
2.933333333333333	9.198362932087354	-17.392365360742286	39.46868793199802	40.070683790775526	12.654895757913193	49.25106215893808	-64.30843493518235	-7.847582233142372	234.44516888241853	98.43668380770953	-26.739948989084276	-17.540049746257885	-127.59591225408407	-91.11547626626869	-87.0338467863275	-49.663230340464764	8.350119552437494	-279.23102260887975	10.157188029488557	80.09241205678143	196.55733485150841	-105.39937906773307	429.79934285371843	-7.036625804646686
2.95	-6.128756388280808	-17.350217885807165	31.23614467239098	38.44734218704328	5.024021714804088	49.10765658934138	-64.21265504288364	-33.25415676141102	288.38972347211404	120.44112948133701	-40.02068392663888	-14.697979252404899	-125.10441064043832	-87.33938886956514	-92.78900218821052	-48.81115242919773	5.504680135127793	-277.94832139095166	-1.6915237636423535	81.72834143234137	196.94095578407155	-110.8219437673491	349.0400735365377	-11.640222260634198
2.966666666666667	-18.44252155403707	-13.813220610609296	30.29916278296436	39.61635357409594	-0.3255628693999172	49.64993049555278	-61.80566855348672	-24.755180899110606	363.77530255088203	84.11826564772745	-54.17037109118489	-7.55572105154935	-125.46793662200061	-85.12622791237067	-95.2575685214977	-46.81903757904415	5.739321141295551	-275.2741259894674	6.61121311958371	87.7087237255592	206.24691086402478	-108.58559976156619	352.2243804339298	-33.28763783509986
2.9833333333333334	-30.533569172270532	-11.106162382414691	37.44608094051035	38.91400483945005	0.11248150357940712	46.93339286768746	-60.02901862015435	-17.746874186924963	305.87572957235216	91.56583692609308	-71.50031748795348	-4.5601012775197	-129.3683586553413	-84.30585762063649	-92.07022874682684	-46.36436899272256	6.216112948128831	-272.56409217075424	16.919520102459177	91.69581343131813	207.48024127052545	-110.78322179122124	335.65677414974937	-20.02737831793335
3.0	-38.10928561156612	-8.010258563391368	44.39050605130538	38.92763898811707	8.713225606336575	44.31103240056688	-61.16161621352365	-13.72794602577402	319.25944413277483	81.07337401886166	-86.92872769126691	-3.1678410484802444	-135.04441384210227	-83.82585423392695	-82.3249107142987	-46.654743925346146	7.155123647917835	-270.81028046307125	22.869927037829964	94.3750170970002	207.92389890745127	-104.51382659721094	345.1099605819611	-22.997869192872734
3.0166666666666666	-30.44762009690326	-9.697969479876587	62.98573902226957	26.867541814026836	5.808612389959608	31.832525380630496	-61.722143887608475	-12.83314832258357	323.95039765905807	84.20262934635053	-95.50185525017523	-2.308137609077973	-144.40636015118878	-81.75659280646876	-81.27418954338395	-54.61124179659714	10.135079276527646	-266.90763987245583	24.876712700611897	100.24645085425573	209.72644514611787	-99.71484102412039	356.24422086980144	-15.884802103119135
3.033333333333333	-27.527740927874724	-6.885426924544545	76.55404645398197	17.326560579240443	-0.4478591815439515	19.815351994532087	-69.51459818814996	-12.322322625033882	307.6074412689006	90.59592526376801	-97.07828764534818	3.4017949373423706	-159.2694672550559	-79.90848210972965	-82.79267588509883	-62.263191848030374	10.308375626581121	-262.38016252597527	25.552181329689628	104.53602916268996	208.5931678308024	-94.99265974925846	339.49166641763463	-18.697942616995174
3.05	-27.90325248986927	-8.282943553963046	72.92415416115236	14.358123736228386	-7.434317355158808	13.359710340087732	-80.16575413989366	-11.199839139309105	306.25777257723286	82.78160565584865	-95.36163280609247	2.3913191727834944	-157.94367029114568	-79.05318338397454	-85.01500510530373	-64.44375761530712	11.879170773298632	-257.7596537420006	25.615384054799023	107.57816590823835	202.63999076123298	-90.81708807922176	328.23145714090003	-6.387995177875283
3.0666666666666664	-32.10018242998535	-9.419140919186669	60.88991740764537	7.988508110540088	-14.832735428335301	1.9336065323518168	-85.31213369511983	-13.125394114328907	311.6466230333817	64.94307817413552	-87.9307292483173	0.6796963689678623	-147.04170448649944	-78.5302834419921	-86.62329435149566	-70.06509421419214	9.273664112049754	-251.96345797532877	24.300501814391552	112.8189530425163	202.652389622834	-85.65164316526925	333.56986468255883	-19.06620511625256
3.0833333333333335	-63.38577355202369	-10.040066815836829	29.604238990901653	2.0763246918063087	-26.012533620329915	-12.285246412825217	-98.65594516780133	-16.877347875581417	312.25138471693657	35.551991439147365	-90.85260534201547	1.2426880784941148	-119.66983190267973	-78.23655133753736	-89.56093307363803	-76.08237442376065	8.086243960920614	-243.9301111238969	24.049967205854117	120.11936287043166	197.36674516203954	-80.86617979701515	332.4497981036871	-43.38655175205501
3.1	-66.52962014954466	-8.288686929963676	20.789251900910248	2.2762181082326722	-35.17496294953102	-19.972776149788878	-187.57254955240086	-19.750422570295218	314.1908347470092	28.87675459865277	-89.61344497610048	2.145942613536424	-112.89974346051197	-80.13241220094709	-91.95719188776603	-77.70935676935105	5.924254996446052	-237.5843604995195	23.468673043267952	122.2114247673747	115.01455871545092	-76.88184439703316	331.8516697295268	-47.68202562545091
3.1166666666666667	-63.12486981823858	-7.670280140731607	23.105250438686355	0.9437726024591483	-48.82174774671594	-33.024298260883036	-198.72422270049876	-24.787640582568887	312.53634431612124	22.06078239744034	-89.48427284701016	0.6456051211489731	-116.16335185732088	-81.8013600626705	-93.1584646785106	-81.2290728837477	6.838081839950849	-228.11558698324853	23.651677616549428	122.3464122102296	113.13517126680706	-71.94555556795046	245.45952879008428	-49.563739158022116
3.1333333333333333	-63.7428195126442	-6.172561694908523	23.893944111032955	0.8079939888294065	-57.14734808659212	-44.07146503289684	-209.34401749622282	-31.06190909554419	319.07765747004055	11.2921514571584	-93.47026293715815	-0.4461771669252166	-119.65567313226626	-83.22440947877148	-95.89067275865729	-83.85579176621302	6.4063729615341005	-219.348464606312	23.57347081698857	120.89560651366827	111.66982020213872	-69.67886339636067	249.60751261012115	-57.86597480962665
3.15	-64.70881449012529	-3.5971298878295634	28.063448237396145	0.04720820949412421	-64.6195038344906	-54.47899148618928	-254.40226024825066	-34.12297382709665	326.42165229568036	9.324944350372771	-94.78011126660523	0.1606139784980658	-123.95669354572082	-87.19605512950591	-96.43728696827282	-88.33983951069013	5.8224008838753605	-212.03689328660013	21.84413115432321	122.12595681859257	106.2793813535329	-70.55862607349	218.77711900748199	-63.51256880193474
3.1666666666666665	-104.45586059829546	-2.197935424009981	-45.18407367950112	0.23545737201884587	-112.46975320948413	-121.5645158069183	-282.06532567123435	-25.94864913424967	326.5556485256316	6.255621129210066	-88.5222412027164	-5.319371822931243	-40.93442232105537	-93.97645914256444	-88.2418265674143	-94.1125517264011	5.477667261837202	-153.06476772377627	19.468410715391553	120.32115893555476	104.90362751597175	-75.42665911275719	142.72775954134207	-115.19395054635297
3.183333333333333	-115.73007293662094	-5.236403472843407	-67.25226758911003	0.1900610805115937	-67.81617726427862	-115.81867675998811	-276.17239260363215	-29.722145961189003	326.6117844140199	11.477573060671286	-64.64873640385777	-10.832246445537184	-23.491334401629913	-93.32852534200465	-90.37518806811265	-93.21724744615037	5.312070142504679	-157.99044144257604	18.030379522842345	51.64224277027908	102.88812653916553	-123.81017991016395	143.09842608568533	-112.68882879234079
3.2	-108.60217836927643	6.769683770230034	-73.31028742158017	0.08650938218088822	-66.87739015802156	-67.73567213149428	-263.3260066021976	-31.50868247466328	327.54575030655906	1.295895250468087	-95.07346848155761	6.090005369954548	-17.570493702015142	-89.97396474017063	-90.48306715881918	-90.46046347248682	4.415892821603328	-201.41196041518012	17.517798098375135	124.81218002862846	74.75987195747489	-57.26173932785785	216.0245477556204	-71.6440044870103
3.216666666666667	-108.4260424716246	-3.3275922909808244	-139.31390285417152	-0.4535081482088464	-66.78157703953688	-74.21739095138193	-279.58052577784616	-29.538731313966032	389.69469096415577	16.412239429288046	-79.12134979311696	-8.870990415275012	29.335518933302012	-89.5534792193954	-97.45098872181967	-92.64976338069849	-8.111197919726981	-196.32126988901828	17.81327013881672	45.321342937192156	98.33052751430583	-53.53989500450127	129.70803832686448	-73.55929910289298
3.2333333333333334	-103.64453046880794	-1.068481077137723	-193.5036144275693	-1.2029038758242858	-63.721612964634424	-71.93549548552373	-254.20151843885998	-29.471075980887434	318.49323090370297	-23.270354327768892	-81.8757536288827	-1.9435576505309933	110.7620141167562	-89.41664394118482	-86.12821883845812	-90.80376655614677	-2.1555264387312185	-198.86564733276128	23.99263077952564	-39.346050445033654	87.2496486204024	-48.65399158681733	43.446624588466186	-72.38854299218706
3.25	-108.24626522999598	-6.31110287970258	-196.9823279388834	-2.0935726500896275	-56.551842901086765	-73.76462263205958	-247.2405753247658	-29.70056846669256	310.54726254658	-25.5000402771695	-78.30749708732284	-5.516207845946465	122.14278401692181	-89.29115668611207	-75.43449379866861	-91.46462454539837	10.922403789825182	-198.0830242832305	26.479839460164953	-37.84993232613904	94.42778097978442	-48.24458514683045	45.20749003401392	-73.77896268754654
3.2666666666666666	-95.72116563804343	-5.6850029530593265	-173.9940459273578	-2.470035161800141	-53.607682453122884	-75.59457228488529	-229.2460219275732	-28.412560840390398	285.78315193559195	-26.58948570848256	-79.32340247185446	-4.939428233139886	105.18538843978662	-89.11332232759554	-69.0554867276834	-91.57473741085663	13.270702564281859	-195.43347528795326	25.804493523931356	-30.19591324267986	115.18593182766587	-46.791653735139924	39.67676261150702	-73.621094000434
3.283333333333333	-95.6930631048486	-4.364087284960069	-168.76758272483698	-1.275380158230771	-45.177743355516014	-74.7546782463384	-208.49633471202452	-28.143976891283565	277.50196205567204	-31.948841077882687	-76.82688277812788	-2.4214170439062097	108.78684177970268	-88.94879281628212	-60.15046500314358	-90.15219378010548	15.501310673187273	-195.66123963132412	27.814357309017485	-26.131247978662618	128.49038923025336	-44.11542616010814	52.9237454843231	-75.91616129477298
3.3	-10.348970179259252	8.32288982641292	-147.6888400876609	-0.5404903510821547	-44.322772811270454	-75.71978385529837	-207.4505810361439	-28.34495272737967	274.89719992517183	-33.528512816093766	-10.893211561276676	9.626003838822589	89.60063268450885	-88.8688462469993	-57.982038124465404	-89.36967870706994	17.51095878697421	-193.73086695370404	27.594344746940322	-26.34973170366538	138.7005305419518	-42.18813779386345	54.418115223062536	-75.67281219360193
3.3166666666666664	-11.412148903498203	6.991848535136423	-131.68834431687725	-0.6207246518005517	-42.83154321759568	-75.93819531253007	-207.7569460155753	-28.48558355035396	277.9014596429885	-33.89253422321349	-22.07321799650284	8.23938029198741	77.98941627333201	-88.84179351914452	-53.64485267353586	-89.42894318848117	19.481678982004496	-193.2346716246149	31.77205766500404	-25.83014582711141	141.4065493847149	-41.3127122699017	59.93186179370141	-75.05604182266507
3.3333333333333335	1.7084288454752303	-78.61521338318535	-118.80346348460434	-0.6891189291504765	-35.53730565727887	-75.62149343944648	-211.6058280098469	-31.1276836688899	284.80334886924913	-28.143351892978064	-17.300126451540837	-77.6277054235652	70.93859647638955	-88.94027380544495	-47.78371876464186	-89.6751686873508	25.701266573236403	-193.33550644458884	35.990953034509374	-31.301524796631355	135.85683229578154	-44.2552143593601	66.60824506501636	-72.58886003345464
3.35	15.939490597027481	-73.9659966877766	-102.51023680806634	-0.6754825510438113	-25.543318478622165	-74.76415257823	-212.65102352076207	-31.714938972781294	301.61166883246267	-21.715564072294505	-12.070508317715905	-72.99326207357377	62.93329703326076	-88.93553827554263	-39.259916647685735	-89.62767937112139	29.486165838970607	-194.29945456323895	41.854299790697425	-38.98719701202468	133.84131746313392	-45.827260050637015	70.2025619225494	-69.02998148029502
3.3666666666666667	21.535751133413065	-86.50858695107809	-89.0445561840208	0.18000199721592655	-16.852698727268645	-72.42647897613666	-215.93255481601466	-29.90604336101225	304.6242690894957	-20.849153135865762	-13.95737906772389	-85.18630272239818	55.53288165137984	-88.71032482323754	-32.46064429060788	-88.344623430334	31.37231304810721	-195.79443644476666	41.0803592862331	-39.008175579801716	130.54734150621636	-45.36791247367357	72.92695707095943	-66.74063746659837
3.3833333333333333	24.002076547969533	-66.23965272140823	-77.2916016448539	1.0346925991784903	-8.849727055195162	-69.92063320803523	-220.08596960188126	-30.908123061946522	312.9292547340124	-16.3360556616247	-14.226663112780793	-64.51103146723486	51.95236329521201	-88.48850127962072	-26.032028871022437	-87.0930535231786	34.50656635885289	-197.19085080605373	41.39222446221145	-41.12905145495276	123.20338795480862	-48.08640954787667	75.79096558158541	-62.62655173777779
3.4	25.904821273629004	-57.97716843644356	-70.57090335526347	1.9911824892044696	-3.342891678682024	-67.33728540352914	-221.07780169108503	-29.767729889261876	316.9571019504645	-6.871457544181793	-15.482699079766551	-55.671064585872344	48.52869647592984	-88.22343069988608	-21.92042421866711	-85.71237170552469	34.393599483789934	-198.46225861084935	43.19765115919909	-44.17877482087898	120.6951929743982	-48.15102247478851	77.36732716400913	-54.987117511958225
3.4166666666666665	25.210658729290433	-58.70519522957223	-65.91253134760186	2.6593196035542377	-0.14914102703823848	-65.3941997100503	-218.418596104776	-28.99872674844176	314.76805361698933	-2.220135443715146	-18.036131160172687	-40.115387450377774	46.42129071523969	-87.68136164017243	-19.41951893354108	-84.39222290668557	33.310355084846734	-199.1333261815674	42.475827804160296	-46.23716841364448	122.39125127509816	-47.940307212594774	77.29436646916898	-49.98456208686574
3.433333333333333	20.241879171390675	-55.072657817749466	-61.88609133313485	3.1752608316420905	3.760490256422663	-63.58348811166138	-216.35124483159507	-30.327736302733943	314.6413070672714	-2.3450609925651373	-24.121697609947912	-51.13402598958874	45.16603703392991	-87.28449127128489	-16.55651264452968	-83.6249093693803	36.47473455258578	-200.09862155427118	42.82313536320984	-49.8599231968124	123.46099952328046	-50.42012232172051	78.30274963559869	-52.968862853414585
3.4499999999999997	18.173515177579148	-58.46426782485394	-58.34942671409437	4.056047123259467	6.835616435384883	-61.2552034316497	-210.76824685716966	-29.990298808730305	311.96852350591143	-3.100693369927203	-29.005476726387528	-55.086967457141355	43.06313497184728	-86.82812632865951	-15.200890179008745	-82.3767726462384	37.13970000309309	-201.54677609894995	41.6770630889556	-50.48914610410755	126.17684341596238	-51.48176537070081	80.12417559873903	-54.8971338911141
3.466666666666667	19.075390901144598	-47.21553432892309	-56.43352123296324	4.411823349355204	9.561987573054356	-59.15402482078174	-208.55346783512687	-31.317477113042262	310.62072329211765	1.5422424993406163	-29.94244465036288	-46.72297047684603	42.041072461702306	-86.4675044040818	-14.160847071021315	-81.83126712102178	40.741361379541026	-202.85477151580747	40.14325028270968	-55.55200341373732	129.01787983862678	-52.848728970560394	80.54508819945906	-52.50945136149275
3.4833333333333334	26.645760565959066	-46.02248223546896	-54.31151724595659	4.4956705813551965	9.87383096566387	-57.20752808942832	-207.2972679509648	-31.5088257040491	313.1677610831288	5.343616686915195	-24.049138511308648	-42.69127453686596	39.456320710465164	-85.92576305148309	-14.758202526338382	-81.30786459812879	43.83369363686668	-203.73986995222913	37.36475836459824	-55.784839829786534	128.91480632352696	-55.37188956948489	82.12926487445021	-51.10174931479893
3.5	20.78478344247046	-43.36028443356509	-53.912666555051835	4.524590644215947	11.245494038045475	-54.060811925007165	-206.99920633852688	-32.51913243538513	311.9643973942156	10.414927309046062	-30.435146654692534	-37.934718001220865	37.90533905205781	-85.18233281232503	-15.58378835470753	-80.70901212823688	44.65216312474216	-206.37190063565697	36.164435560953116	-55.449968965155854	127.50713281023673	-59.25247661629116	80.91018212971451	-51.256342329017116
3.5166666666666666	31.584789446349202	-37.12998291959353	-53.30230117400912	4.401213697666076	10.100730172733282	-52.57804968243376	-202.24793286660514	-31.740442262052827	312.609918598098	9.570384654748526	-22.91927220959537	-30.748941967334964	35.09644269545134	-84.51427189987969	-17.360380059480963	-80.16966640309333	44.937064338091886	-207.48026992769556	34.86222564018892	-56.84582132637256	129.8603979672964	-60.53170617993491	83.0249354727288	-51.182659551062905
3.533333333333333	28.22333519169509	-87.01967843387641	-54.189094385641596	4.597486121442066	7.388730990526707	-51.419204203002	-198.87870048322057	-31.47046139951529	308.4132936214546	9.168668532024586	-28.103798385375814	-81.10688280156766	32.71238603405856	-84.44892111742702	-20.983835884787826	-79.7747722838213	46.50091868571767	-208.29037745485834	35.775229975518656	-59.371926133262384	132.48714725492303	-59.958228306504004	80.74580338191892	-51.36654544282385
3.55	37.29014891518383	-134.12906305154291	-51.43007078829044	4.548918341960724	7.638447716075204	-49.606925368080375	-196.57185216158558	-32.356365329047875	307.28990314828724	10.900048904212287	-24.04990794466109	-127.73898300324099	29.431804448214386	-84.13306439159622	-22.212804939371633	-79.53807199732641	47.987090475520056	-209.85825982632005	35.773643623509756	-60.982642589445696	133.39212576725066	-62.37613691613936	80.59752392404555	-51.31008845399944
3.5666666666666664	37.22138196976142	-202.49368448069401	-52.67147712557796	4.274756308024429	5.030304771455237	-48.19791216957109	-196.67695805233282	-31.62009887937463	309.2574476236868	10.025352344696715	-27.90250889449571	-192.21873800344412	24.62210364478974	-83.4805321864347	-25.73602748812907	-79.26054777385939	47.29280053558391	-210.97704829436333	35.435673140025216	-59.540041244362996	132.36584374022507	-62.49639134983261	81.56483324333502	-51.96085837933731
3.5833333333333335	39.518340356025796	-191.82911253337537	-52.93280435682299	3.442065013428545	1.0778065053309096	-47.33147198959636	-195.1008865880669	-30.60004111634557	307.54261326817783	7.02617985630407	-29.70504392026931	-184.05505359218333	21.451245590778445	-82.45726023395783	-30.0480318806859	-79.42919482641767	44.88151197182178	-212.09140868701257	33.86111403196718	-59.55485937230014	132.67428919227936	-62.01241072840888	79.76225924018752	-54.46166430253752
3.6	18.850434157952186	-193.03662293434206	-52.762469771579916	2.749525813598972	-2.2737067064349588	-46.01105882654937	-193.0299803566432	-30.411280837802988	306.46516313613597	5.461868415255334	-58.97954320901515	-184.88957385068548	16.303540963298918	-81.95316432275746	-35.29121933387798	-79.3681043630001	42.389265489674926	-213.2992271732518	33.05453256625114	-61.470381180946525	133.51526194331746	-63.41478596788239	78.42694415066215	-55.27915539023021
3.6166666666666667	21.32702230733617	-192.87193281729654	-52.07113554782931	1.0121881866358606	-6.651255901352071	-46.857616132843305	-192.71484501506526	-29.39690358894196	305.61926375568436	3.1697140628953804	-61.4339196285666	-183.94971129112483	9.188427165218425	-80.83263218093212	-41.32496214897972	-79.89787989713696	39.983725316948124	-213.9652042026815	31.658658506431408	-61.621644242476215	133.19952615107294	-63.05533172078816	78.43204900631132	-59.386438427914925
3.6333333333333333	-3.6667942663172877	-186.09346456665915	-57.06504215823713	0.3281034677875895	13.805589845860952	-134.09149986310513	-191.6721953741304	-26.918777799438132	304.00917218760986	-0.7949780078706554	-99.21836705861833	-183.8953828211206	-3.742799289818741	-82.59053961295362	45.85178465194533	-81.20493060419133	36.830519502928375	-211.6277714803084	29.287816340824747	-64.60549155539779	130.5469693926944	-65.08632518179525	80.40158871876581	-67.90046978404152
3.65	1.7797151250717145	-170.6463120989868	-125.35323163038375	-0.14579825744678102	20.31884207630907	-136.8184877692921	-168.0663839987977	27.634698631626513	235.59042251559387	-0.037268734622904254	-86.62520691670571	-183.60849707055021	-0.4316898584785356	-102.3972376366516	54.81769633843777	-102.88490321425422	-38.56329994836803	-148.34843074010195	-31.103753608322982	-117.93694078298144	46.89704719792231	-117.46437878601321	98.10545072475475	-117.09057621684012
3.6666666666666665	-11.095002514829348	-170.5410724947277	-126.38648859483132	-0.06045477944135261	21.18969442412173	-140.2132645738736	-168.2429218977154	28.125047717673414	234.4549202718181	-2.2918053433585452	-69.67933059616287	-177.13957419946357	-7.392979234272432	-103.56977258608511	112.32557263817345	-103.84415412655082	-37.87760330477375	-147.09234581182173	-31.145651192558866	-119.505219600263	48.23620715095449	-115.26371197519063	99.95444296640721	-110.48439089891488
3.683333333333333	-17.895485952423734	-172.48414544974978	-124.3324950833642	0.4105047912966311	33.43768309894441	-140.38035799364138	-168.18223014551216	28.09560715895019	232.04269769192877	1.6676602343317521	-94.89602482901857	-187.40909981879977	11.143308081505168	-104.84670697651276	70.209046343935	-104.32518631095003	-38.50990894595497	-144.06698664890538	-30.964906678721874	-119.81916114993615	47.66903371530839	-115.84348636290358	99.90264566542541	-112.84130335130557
3.6999999999999997	-3.9245573103586855	-170.1891842176618	-128.9379400490021	1.1312586439633303	36.666055516419306	-141.8518235614236	-168.02750020023416	27.766883236370255	234.62704333973394	3.6168003522528873	-72.4093004740068	-186.22891282129441	20.333705588793936	-106.00460353209442	73.5127798388817	-104.4996633748625	-37.57426539696309	-142.72471436493248	-31.174725328976084	-120.03077421660934	48.41699698546394	-114.95613579323806	102.68059886847783	-110.07494949488093
3.716666666666667	-2.92783749115035	-169.07314359367086	-131.2940546870874	2.579019823902389	40.782189446063235	-143.1235287376014	-167.0900790635102	28.739403229071172	231.18909388790712	5.530536641635178	-66.37728570096164	-186.83773441015722	29.414810085359246	-107.81486382231661	78.9421839062936	-104.24366506386627	-34.38389122358452	-141.18152096307287	-31.199216124144165	-119.51878123650052	50.967729812517106	-112.38668593719865	101.9937608081705	-106.46619242674225
3.7333333333333334	0.7356726870473478	-171.39633060549804	-139.63091018784138	4.41089911857994	42.6525202335292	-144.5769745237765	-165.7557930930386	29.163129797891166	224.46480629941735	6.219835597519408	-44.05354470561904	-189.75953471773255	42.50000452133493	-108.9398768493039	83.3978952171475	-104.03687246343502	-34.155550979780884	-139.53356768488067	-29.744370959055303	-119.69506789772046	54.64094285491401	-110.29939822956689	99.72253740310678	-104.09309863864641
3.75	4.147304010892313	-179.2242361240464	-149.89929173174497	6.506146357861432	42.3329103713121	-146.4519614006715	-165.04124808507817	28.124945827727508	222.91298868375858	8.537500003755333	-30.743585602245382	-190.11869053942635	53.72721534191089	-110.76294053788712	84.41301097878231	-103.98271908249606	-34.16993598591557	-137.55772834966268	-28.14593515816658	-118.27951395584125	57.561283527872554	-109.37969101341183	100.74045128380054	-100.68934698328125
3.7666666666666666	-12.323366313947092	-178.245670294161	-160.2474661030817	8.501297566283196	42.57920120964719	-147.44640127151206	-166.05537376351023	27.466386892374395	215.76282691031128	9.488455783185273	-38.54549697742123	-199.83457714829382	63.81159544371019	-112.10090326974974	85.28695008616405	-104.01819734873885	-35.73048890168043	-136.10062981035807	-27.48200868386396	-118.12306955652173	57.89807611238203	-108.5609007221099	97.92484706937691	-99.18634834084456
3.783333333333333	-15.285935537275455	-177.18282475799865	-170.98569929082961	8.783915592775543	44.395124429031526	-149.9869980952258	-165.80450206406556	26.669071334914076	208.2527421868116	11.828939056183298	-24.543063639610587	-189.36755941639993	81.56287330703452	-112.85968420087144	90.25448692373536	-104.01410986203825	-36.533954713600764	-134.18025429174006	-26.683789063518162	-115.69041498247483	61.897246753195105	-107.45004356261748	91.063832007716	-95.77593997077803
3.8	-9.456045130848848	-176.50581766262508	-173.14501420414558	11.365303357465976	44.82556402741173	-151.9780447338173	-165.50420839075989	25.43434533577646	210.24505239907927	13.661542185106594	-7.244694414898484	-191.07025296517278	88.95556717780107	-115.60080389083416	92.75481369368366	-103.91624571108122	-29.119847376997843	-132.0451739026345	-26.204056875989924	-114.41003209796295	62.69315931516076	-106.55143760390959	92.40304569784487	-93.2505301654398
3.8166666666666664	-13.739772393557894	-167.0656676669364	-180.13184873532086	18.573778629044252	45.78851057842901	-152.4163556358293	-166.84455679549797	23.486120789596374	213.3899735604606	15.595707630590605	-8.293469555360232	-208.87104223313767	96.67406327882982	-120.10812812671685	96.50970235335295	-101.65208307019765	-25.073781937064677	-129.37487671222817	-25.367632422989995	-114.08372897361542	63.97928479692598	-105.85395816260667	94.79471213256234	-90.99681191580605
3.8333333333333335	-19.28122182627861	-166.4500557689289	-180.30013584033907	20.123023621840424	46.76761083784944	-156.23097279395176	-168.72821707150004	20.852958745979386	216.40050252768998	17.55416084065599	-8.716325819863972	-208.32659161305182	100.62976604909879	-121.46197102337318	100.60424274220763	-101.38504911349399	-26.95680113676172	-126.43753107199105	-23.220276681183517	-114.28709524944334	64.92644422810497	-105.59230601643415	100.04582656597181	-89.16067544816255
3.85	-22.211608748431082	-165.75951277485183	-179.78843759324113	19.330930145805198	48.20259817367613	-159.9415633926438	-169.67864666227956	20.15709651601474	219.23935949009802	17.805039705946083	-8.05686595854004	-198.4998535313069	104.28550446568191	-122.61166887989981	105.3101903333478	-102.9630044293184	-27.64217659761523	-123.70806153923476	-20.779688517173565	-113.05526281398737	66.79485854134973	-103.5848966841315	105.28988146116258	-86.62908685133401
3.8666666666666667	-23.555905795492137	-166.4402680735275	-177.53014879540908	23.41575184000936	48.41461306087369	-162.31583844457637	-170.67524523180305	19.13594153243209	219.5658488536237	17.862725183707937	-8.030309137581556	-202.87178632862435	105.09590124306091	-126.6672421419091	109.46916081191559	-102.90817163209051	-21.650643498347506	-120.71391604689747	-20.433971505830453	-111.06979869927605	68.17559159032399	-101.72511158978423	108.06757159810454	-84.68635384461895
3.8833333333333333	-17.515411950171824	-168.8323089892801	-165.83595758824077	28.213589463277355	50.68905753174093	-164.42360026385572	-170.5305979656133	17.64403139805151	219.0069383537575	18.26911810501745	-7.582396054790915	-209.29801711887157	98.84813643751534	-131.0754366029402	111.88142572201055	-102.32433147151491	-14.47252301013031	-117.68482517382377	-20.352214883418938	-110.47902871555186	71.92267345375993	-100.36364100523211	110.33206117234064	-82.02450649021044
3.9	-10.011842134540933	-205.4812768072256	-156.3883269669585	34.791254980389596	50.70059536042202	-164.70779503355033	-171.65401461478257	16.780326459418067	219.64552993689966	18.51786499768871	-7.316807220511113	-251.97626590745284	90.90890503420879	-136.089667229447	106.21156499068272	-100.64105368164985	-3.1805786420596576	-114.92068502771166	-20.812294761800718	-109.06308821110116	73.16349185462904	-98.93457087960633	112.46180724080627	-79.60320536629222
3.9166666666666665	-5.274828214948979	-216.45828810357023	-161.7799251926046	40.688078068164806	40.414005178836334	-164.19030771163258	-172.68860920517	15.710694273626618	222.24751808143608	19.29618076588769	-7.241646090730049	-264.3336399425495	87.00052289676532	-138.55231325647298	105.24570054310743	-98.03006591646675	5.10445013419424	-112.81395109974426	-21.67480620775537	-108.28682252926801	73.41141933433804	-98.22707124508655	115.93362298100784	-77.29702261440853
3.933333333333333	1.7885963651327235	-222.30156860294477	-155.9539214468541	46.57862816580431	39.04363408781293	-163.932092831619	-173.26695807569934	15.162980735717175	222.0962841817169	20.02419284116242	-5.831361566405606	-274.00284018580237	82.55724611872367	-141.88986494661606	106.91952358498763	-95.80144076585442	4.7435757166826376	-111.2747606378613	-21.32419224065125	-106.75303743272795	73.96537839305171	-96.80221525930229	116.87447236351699	-76.3125153449566
3.9499999999999997	5.488289670680652	-224.1773065901856	-153.77145648642966	54.68527821695991	36.56563589181664	-162.46931517214688	-173.69281916024707	14.34725688552478	221.33181109446534	20.407260566811033	-5.215742032827522	-278.9955645603347	79.89625980651016	-145.13559419798668	107.04796556253356	-92.64886331454855	7.252954927408934	-109.35504310364679	-20.54470706230365	-105.99093941169272	75.98050074809785	-96.08247584511635	118.16800924080697	-75.49541819105467
3.966666666666667	5.724392583887286	-216.39572560326442	-153.01037551175835	65.27748241188111	35.99106411108221	-162.05833090744338	-173.44253061082338	11.634468276251482	215.25361852628993	19.6345346300048	-6.836163735068856	-264.5767241150044	79.37433290072269	-149.16271037105116	107.89735941271903	-95.384158623247	-15.789491700922156	-107.13697973663876	-19.909075490988187	-105.02290610410438	80.87612773664797	-96.05739186291301	116.28177145235746	-76.33122159402636
3.9833333333333334	5.896712105581848	-211.1591504243924	-149.55045420753993	65.85244287953275	36.448101753235676	-157.03910248372736	-172.2840495877	10.861236621921194	214.36814424615233	20.99196206708023	-6.979187807472073	-270.40445445406124	77.47913637472881	-149.36409048695913	109.60489412721344	-84.42551105411157	-67.78432900565991	-106.83228884089303	-19.745176845379692	-104.68090186814706	81.47072911155482	-95.99289028815674	116.90488502302382	-75.08652291106296
4.0	6.150993217006359	-202.99617061406536	-147.97945145136504	68.97976401957189	34.37362764106488	-156.04911264896268	-172.34950728190768	9.771780609714769	209.73387379497328	19.05446857178071	-7.241560687903332	-263.36940010274554	76.65224159107677	-150.60432455622106	108.62984485888028	-81.74027762622288	-45.13802599903183	-105.47329458396706	-20.037716956229865	-104.31026528406468	81.94873204589587	-95.78446071512138	112.29407887163434	-76.81679825018672
4.016666666666667	6.034880606991978	-202.745088979691	-146.35052131767864	71.30209119273822	34.75200364605725	-154.88478380590172	-172.59803463248767	8.70084083524018	208.30604552865702	18.072091077759183	-7.794291468448005	-263.62189569776785	76.24780047212391	-150.84167162341447	110.23952357968037	-79.41336397521437	-29.939051181826173	-104.49104391449333	-20.94604986594506	-104.44331187319344	82.13658902431267	-95.84991206867275	110.70767958167586	-77.8995387364088
4.033333333333333	5.938746662148976	-201.9051764289736	-145.44234692723842	76.38564770535724	34.71405909513951	-151.05743775944558	-172.22167057548077	8.640187212408895	211.32224031320249	17.14284468666728	-8.313553954149977	-262.22623703900445	76.05271313033037	-150.2898861839879	110.67826450334069	-73.76571711787226	-31.77863586612875	-104.01405233261642	-21.712750189277575	-104.30859017575962	83.52551247495207	-95.48521218355785	114.39697509311664	-78.03892210535936
4.05	6.163654913446555	-200.54838206591393	-145.87599397178064	76.55488165403153	34.23552524896027	-148.60706132746904	-169.31823315555837	8.51628013933347	212.76849290452324	17.515097690495004	-8.496928564331723	-259.0980745629044	76.13508754024132	-148.61986675658346	110.19236883416748	-71.85620853068373	-29.102562365038278	-103.98125907120097	-22.269230935995907	-104.05150362759022	87.03076277974378	-95.62887494997932	119.54329395695385	-78.00180665431779
4.066666666666666	6.372310779646572	-199.90265966791728	-145.88009664502565	75.66890916254277	34.34268319341179	-146.23702735701778	-167.55854304967158	8.74250136374259	215.3201667928246	17.267751214092353	-7.598155882665335	-257.4568742198066	76.15402550464503	-147.49367972486485	110.12746872134707	-71.00951799010116	-24.818593258959393	-104.15575285105436	-22.368936734381176	-103.08974250490039	88.6528248015859	-95.4596104990666	124.19618560312213	-78.13990699269087
4.083333333333333	6.122617524419408	-196.61266542762488	-147.1528525475611	79.2547973009748	32.95088312186505	-144.7340749676888	-168.2412578463361	8.697130775379467	218.7243249593758	16.430247296607025	-6.993853331833413	-253.63782336978335	76.70653009343961	-147.39711471527815	109.13895399860309	-67.91958779070998	-18.480005664137053	-103.75275599440717	-22.224959208420543	-103.01177920333058	87.86475605987515	-95.39288812090516	127.1570762165596	-78.42918709298701
4.1	5.5992657774187675	-195.87787940385024	-147.68237619597795	74.05779917456299	33.19668864661246	-143.86755019530347	-167.71229219685011	9.28945218758313	220.1569679711177	15.763731158986685	-7.713914815158096	-248.56016627493256	76.83872819570458	-143.06415551693172	108.82851131599931	-67.64357252433437	-15.993003128696548	-104.3683008892352	-22.013010757005706	-102.57289346493336	87.94988421123423	-95.37079179675722	129.15709842069694	-79.00501840149204
4.116666666666666	5.945646610746522	-195.55847912323173	-148.71827452278507	70.6089667228791	32.52474560076184	-142.118032802749	-167.8084130506602	9.278341771232643	221.43209168198376	15.74514147833657	-7.618427013744584	-243.75672443567524	76.88734455348327	-140.28293595795446	108.02670846811748	-66.15715077097114	-12.160341545282396	-104.32118825905005	-22.018320122825877	-102.78053602338879	87.50708551771152	-95.35570833725475	129.6432545201249	-79.11454605317829
4.133333333333333	8.192783408188935	-195.41513362491852	-151.71193465972584	65.79721751682943	29.980041170350116	-140.23810465599024	-166.6882136440036	8.769692567287647	220.96632296324407	15.714191251723099	-4.740294726417948	-248.3767909082748	76.8781249194127	-130.39293936961863	105.80639895107856	-64.19551585234726	-10.196684103845437	-104.04801601210784	-21.15526100333547	-103.23378497744255	88.83557872846772	-95.31678398239703	129.00129673939097	-79.37156029343788
4.15	11.08680810191798	-194.12243206028506	-152.8961190038915	64.11649539374247	28.366514379459822	-140.23073610336672	-165.87027964381258	8.33581286941576	220.8529312471967	15.376994730458865	-2.141825086706358	-232.64233072603312	76.79898403255966	-127.95877248841879	104.53681894482119	-64.10396790807692	-9.62829552442436	-103.83053508793321	-21.298209826081383	-103.24094485566732	90.2407269376225	-95.34403803243175	129.22202306812636	-79.80000026649452
4.166666666666667	10.884179736173717	-184.14762382198506	-153.7214574733849	61.2864027279941	27.158984770879016	-141.10758245389906	-165.69536713241965	7.864376496774179	220.75943441744792	15.111914056169155	-1.8720880035465886	-215.1998868444767	77.10470604802236	-121.24556922238138	103.63437595093737	-64.81160929914874	-9.105497270320367	-103.6121378805045	-20.673879797484126	-102.68601072695736	90.43523904160251	-95.34288569254875	130.8411211788778	-80.47168947148683
4.183333333333334	10.041129568041919	-179.1164868577838	-154.20743709922303	53.1455297204595	26.032793365708798	-141.5457549352488	-164.84662558810936	7.76483062725441	220.56765037380217	14.680896282330828	-3.065850219684367	-206.85438559030996	76.88340220247106	-117.38250096211878	102.88845398440387	-64.93731205359069	-8.651674214801995	-103.37900192945105	-19.867657904033138	-101.98585260176947	91.88550570776133	-95.32720256302767	132.2249970042435	-80.79949662204362
4.2	8.747103320920916	-176.2584972101794	-154.71662911027838	48.53509431690685	25.214730054731305	-140.63807453884277	-164.77899207829472	7.525011036150881	220.62956141542392	14.441361727741102	-4.649176308211239	-199.61762268289658	76.62142865874274	-112.26758930332186	102.19674096693142	-64.08623599232027	-9.418918076264047	-103.44187118438023	-20.303808839910722	-100.91918453328378	91.99819855389262	-95.34744063208032	132.45167060454514	-81.31813958210655
4.216666666666667	7.358116607977578	-174.7873690041908	-155.0073198452491	42.20919508099836	23.892616218573597	-141.44165292144567	-164.52908574405166	7.381100482185693	220.7257417682212	13.614413015226075	-6.5219506861948275	-191.95974921227224	76.25788657149188	-106.61058071157217	100.89390666609697	-64.73979607219631	-9.723940659638524	-103.06158703235904	-20.69788242570217	-100.42647864164374	92.96759879734725	-95.34873056311179	133.41423937840753	-81.85347351876679
4.233333333333333	6.889898988051108	-172.43797786686503	-156.39063856485538	34.01431957712037	21.200081718564036	-143.11957641089523	-164.1677331121821	7.085713433879649	220.63707422744696	12.927783441546662	-7.192490998133026	-181.34789944825923	75.90755819214773	-99.59313292790702	98.84126327223723	-65.96700466959689	-10.130845191049831	-102.19368116254589	-20.444477688440802	-99.81583194933326	94.2967129510954	-95.35326837333722	134.43151030622684	-82.22436814997857
4.25	6.097455909644801	-172.14652697936458	-156.14490090075725	27.039584673853316	20.55903441737472	-144.54543516516017	-162.6717620278822	6.669566657633158	219.6385421484029	13.02919878218826	-9.015587501141574	-175.6751715595191	75.17931558732865	-93.84630632392151	98.4556472792487	-67.54703951963548	-10.136228953461726	-102.02696071380214	-20.116865745784096	-99.48339247146383	95.43222522435842	-95.38244372042689	134.63311003795422	-82.55431679889405
4.266666666666667	5.4512286963815395	-172.94975640178941	-156.33562898018496	19.777419219332465	19.07888348879176	-147.3833291581711	-162.47064107663863	6.283663451606	219.24571349222816	12.575374591107543	-10.2540840839788	-172.4495345259484	74.66674197962685	-89.03925998558215	97.87100679172778	-69.16555256912281	-10.15504636284122	-101.53101921325062	-19.517882974854942	-98.54147350732751	95.98370578391723	-95.35342764305159	135.17899580535217	-83.04699397991612
4.283333333333333	3.8363810090448673	-175.57498433625244	-156.4491520902416	13.882817037520438	17.135448581223013	-149.285503307024	-162.96558724213338	6.318959670693431	219.67383715796038	11.88365267345511	-12.204069548112123	-171.3709293471924	74.23772433382622	-86.19997346819845	96.88549471324139	-70.23226580002803	-10.088752384232022	-101.1213447250006	-19.13118177333831	-98.19795252399251	95.86039136816684	-94.99980470879517	135.9163983038493	-83.29756883793445
4.3	3.1817872752307483	-179.2873067384637	-157.40791258229035	12.930312542955384	16.61296523560261	-150.89826920041838	-163.18083468388375	6.30699398586053	220.06072495521298	10.836334690795768	-13.266092964486154	-172.4441500527252	73.65139811085412	-84.69731845766799	96.13355007804903	-70.89274481210666	-9.980616397739967	-100.59689507673977	-18.77511220515598	-97.92739043880825	96.14517399969091	-94.48877119290663	136.99180747008458	-83.53012059950252
4.316666666666666	3.532327438040713	-181.12506858352722	-156.38432703271323	12.380268611836932	16.416747576964376	-152.0693003708734	-163.61746292609564	6.216641324617341	221.0028734482908	10.46203096227217	-14.051405653531866	-179.61814110394891	72.21786934904763	-84.59256630191584	96.13315732993553	-71.84018677721487	-9.850272894671475	-100.1902382701306	-18.148987498681258	-97.1436995797892	96.02755370072833	-94.16503801915145	138.27018503961608	-83.6151629816714
4.333333333333333	4.327771436035615	-184.51209179329516	-154.75354759865004	13.656057565552103	16.785256721176594	-152.99659164365906	-164.43128254188554	6.5480626097312475	223.29581324573374	9.525539402915626	-14.919199711087998	-181.3811435214841	69.31672360679742	-86.30393152144508	96.80326472918688	-72.55616360125569	-9.521523700403154	-99.7324283763813	-17.498300584564635	-97.0317283286266	95.47098562886563	-93.30124702613672	139.4594363519362	-83.64886886867521
4.35	4.826811056685752	-183.95034554418442	-150.62249111680566	14.19249269192246	17.39608712683485	-154.3558365715688	-164.92569215597777	6.865260798289665	225.66253868886275	8.943790847343804	-16.783885391794524	-181.2698266240396	67.39263415417017	-87.70642989499231	97.5157542139489	-73.75950727592671	-9.265836195666855	-99.5198880918831	-16.95878233184533	-95.74562556818869	94.91983976079138	-92.64605074080681	140.6715509064644	-83.64296351469521
4.366666666666666	4.632380022075613	-182.5513081348922	-147.77957356131583	15.878061339511433	17.68704449528339	-155.30591501020032	-165.44437197005385	6.822414597332157	225.68495790453622	8.871353187778322	-19.079804620325387	-180.72333884394146	65.12795094709058	-89.26751919109901	98.01103152626769	-74.24564456044601	-9.090835575032754	-98.94742907826486	-16.17235991801118	-95.06944390991201	95.12032835724068	-92.27452600442206	140.6879234569775	-83.60657261368536
4.383333333333333	2.107857757367053	-180.14375056888417	-143.32710906553072	16.41946077372408	18.40404751478951	-156.66170865090902	-166.27140923151487	7.312162933731598	226.38924812247097	6.518551639464727	-24.25590447389193	-179.96784409129168	63.63362640672736	-91.04863436289371	98.79647965584176	-74.87498341197866	-9.37143318205993	-98.33324074274942	-15.678162853639815	-94.82222821613104	95.0997528857213	-90.89744033794963	141.02104666364718	-84.17856288797941
4.4	-0.706036799496186	-177.82932114761815	-140.70442358223073	17.446075111706705	19.119499973439382	-156.37205978675118	-166.93994754529226	8.293295212819693	228.23803400338988	5.196852180859555	-29.346255044740605	-179.6478715002337	61.6944835140868	-92.29747280805599	100.45980630708948	-74.91610936924161	-10.588035024363132	-98.44991451159014	-15.923256174887214	-94.41893794146057	94.44932227108396	-89.78178974585228	141.7953970563156	-84.43580992024896
4.416666666666667	-3.1725239104381484	-175.80644934871287	-139.07036910490802	18.295282806135916	19.048980201304843	-157.3448729325293	-168.79071555297068	8.473799913177444	228.92707409822276	4.784408647499282	-33.562211214336266	-179.28729981271212	60.30344471971773	-93.5762521419449	101.34918481661629	-75.20669666730628	-11.296299272585113	-97.79898090933284	-14.96024569215617	-94.36273207257868	93.54653571098618	-89.23685486813355	141.86386830179515	-84.41809828579775
4.433333333333334	-7.2646920961002195	-173.9241337233757	-136.2778888462947	18.81411643601699	19.375205071427313	-158.7314524266526	-171.0019788615386	8.122813029381607	229.67003562945297	5.348079586061313	-42.42309850559078	-178.90553333799787	58.62365756774002	-94.75646651997181	102.70983386923533	-75.79674034992675	-11.816740567179002	-97.07218056016312	-13.831811609894103	-94.35785252731665	92.4222827130092	-89.35475974466351	141.25804355588048	-84.0393819577994
4.45	-10.96796941239389	-172.89922915717074	-133.56581678760787	18.4598334058367	19.78247421847403	-160.24086108933878	-173.06048583818546	8.20436161916913	231.4834746361411	5.035984414022632	-44.307900103398254	-178.89722431258224	56.93013779645027	-95.51942948274453	103.2595996488792	-76.8916761363296	-12.164506957978938	-96.66978139956215	-13.663927183807726	-93.62961341181527	90.41468413706659	-88.53664582587945	141.65625780446672	-83.6459658302235
4.466666666666667	-15.522973826334143	-172.26124651801263	-133.46179282449424	18.346618857086177	19.403541218709655	-161.545121149094	-174.9551730986528	8.302443515416712	233.424087686363	4.566321126094545	-48.42522894082042	-178.89026807087504	56.45525198120338	-96.2231490781883	103.33536511563713	-77.72988934829884	-12.83221726321607	-96.20008217806864	-13.117732908358567	-93.47226723949782	88.71857014143427	-87.91466774458411	142.28946927525695	-83.46519748463203
4.483333333333333	-20.492860571901087	-171.58202987633834	-132.2116402224843	18.938818470765984	19.677287138940507	-162.24573553083746	-176.18823286841172	8.48408662622008	232.1905189411599	4.417153748387589	-53.54503742354761	-178.879339369314	56.094591729324684	-97.10874420715737	103.89893984235148	-78.14977736259077	-12.35139791492148	-95.8390397589479	-12.572080044190352	-93.43417288376821	87.55368099039828	-87.34873417811094	140.15908854956987	-83.2317853630432
4.5	-23.19291473039295	-170.87756003487956	-132.22732776265227	18.4919108071325	19.72822338044424	-163.85346153013904	-178.28324282784024	8.684822197415292	225.56658281967125	3.971480405608585	-56.46476586110201	-178.67900739583212	56.59961344576173	-97.62707503584244	104.28992708424119	-79.25536359350781	-8.717955609881304	-95.38517957174261	-11.841844041225045	-93.40424758724384	86.58994535827867	-86.71388202026547	130.11012961897654	-82.88915630252048
4.516666666666667	-24.47362688453658	-170.87477165127328	-132.4616084887317	17.218379287429247	19.419160686046386	-165.56845753725773	-179.19952162207176	9.194859603391365	215.67413035044208	3.6155716992275635	-57.43832345132362	-178.755772026482	56.7772648759859	-97.77223283818941	104.21560465530143	-80.6249623719926	-6.519961758151099	-95.01431004449036	-11.157544028403828	-93.38328264400408	86.30756783366762	-85.76851386821866	121.67463639659691	-82.22189849685732
4.533333333333333	-28.084953790075083	-170.79068794279428	-134.62088603735722	16.18679537071008	18.558035210780766	-167.07190871023417	-179.76779578565606	9.43618328619964	213.4161472217543	3.312929378424895	-59.54512678604175	-178.62513559309934	58.39549991650021	-97.79617744212108	103.82577147681108	-81.6277341626741	-5.287832147179403	-94.55499135708783	-10.465860648580511	-93.35761013758426	86.25066946167284	-85.10688620221723	119.27896677920226	-81.47784108174862
4.55	-28.503844366341863	-170.93236515992868	-136.3638863729879	14.852544255120753	17.9829090025021	-168.5802797087752	-180.19256553407328	9.788581304834935	214.36228060341534	3.392065586191529	-58.295400067329744	-178.67040012675233	59.86878196455442	-97.75965160920089	103.59211248329137	-82.85881203875304	-5.202162125640282	-94.31869436541719	-9.877806681801115	-93.30115734871066	86.83848566162088	-84.48194116947353	119.08062177504411	-80.15964208784352
4.566666666666666	-30.82597394287027	-171.33116559539758	-138.42243415964535	13.592550319934489	17.61454444061056	-169.79329885317475	-178.4422748809704	10.496692633417537	212.2203680592435	3.7211142208069545	-58.617559932269415	-179.0115420014815	61.43606729438429	-97.71548605278778	103.37927334440228	-84.0255264577693	-5.168752279300999	-94.25076870290093	-8.980347617880781	-93.18041154420186	87.50409606843569	-83.65512590595803	119.00606351040953	-79.46083050672706
4.583333333333333	-32.03671940877466	-171.52651881982518	-139.51198978706068	12.896828206954538	17.875127468768554	-170.742531423071	-177.62840038599504	10.561762901769324	214.17924612400483	5.184054956782963	-57.6842253489719	-179.5389731636429	63.49424762984418	-97.80128537147147	103.62491889449456	-84.97615293337876	-5.071271699541756	-94.20773877259396	-7.953705460261544	-93.2806163040378	88.02512500272519	-83.68780808266474	122.29805316610684	-77.75095233308406
4.6	-32.520828663478895	-171.40325676530964	-142.553890699708	11.49394262165388	17.31568574887058	-171.9287755134052	-177.41229304837998	11.396670559589245	215.54677947941516	5.312660928576888	-56.30011675257082	-179.77976625196547	65.97877198927542	-97.71127080357664	103.20828547964842	-86.10449751236455	-4.98860966860374	-94.11062969136046	-7.764089923220276	-93.23178057683938	88.21871288481407	-82.68101418304688	123.8657930730023	-77.17914048233986
4.616666666666666	-31.89141595089881	-171.37177405099692	-146.71120927982548	10.326116419280723	16.390627397900868	-173.2383137787797	-177.20079982396948	11.13204515975693	216.42896351886128	5.389911545479262	-56.17587176329759	-179.74349801368604	69.19538175264414	-97.61169940756415	102.7511545015965	-87.1412175840137	-5.140989044693162	-93.86607523827436	-6.488711695631477	-93.46460861525043	88.2672177359665	-82.81288371339886	125.3742128615013	-77.28738169782471
4.633333333333333	-31.70271940189523	-171.31019906355243	-150.43424480877923	9.805808351951107	15.764872759995377	-174.00488759853536	-177.9945029039404	11.018630196701091	218.71786123188446	5.689692861451094	-49.95614524519004	-179.03296238848307	72.56528740917118	-97.61119763413546	102.38580150817795	-87.68770979001346	-4.470362274246578	-93.62645729878619	-4.959934440407726	-93.72737777211384	88.24503179416887	-82.62281807352274	126.84541605214659	-76.61886196227765
4.65	-27.048361905191626	-171.1714879031543	-153.79247224511604	9.093937186336847	15.081800949776806	-175.11130297779212	-178.1182212593624	11.16678589600063	219.95062394891085	5.803530531846935	-43.27901439881741	-179.0613258496744	75.53982905782127	-97.74877903269586	101.72166550935285	-88.65551946985858	-2.9236875694799034	-93.42879970684425	-4.896674039805157	-93.8377868227578	88.31834343387038	-81.68146508689537	127.7215917950009	-75.747050221958
4.666666666666667	-15.954784861942661	-170.3011857740785	-158.93652913451703	8.47684567017056	13.506077023438868	-176.2435012932809	-178.39744478486273	11.211259184329174	229.83173179564176	8.323923295865029	-25.232338894259616	-178.48901092690554	79.43034230234527	-97.88413416842272	100.51741659366283	-89.33202307185724	-2.47704845488708	-93.07112312714032	-2.767684697267912	-94.0379010346339	88.40378741736521	-82.61359095324256	138.71479836715866	-74.06977210468594
4.683333333333334	-5.09266706732756	-169.27991534414636	-162.29606850617358	7.163238231999692	12.758882986163675	-177.60570964374855	-178.8438802263691	11.259330504880062	248.41953105172092	9.004937657449311	-12.754140904352358	-178.4929212698204	82.29183720806476	-98.01241390449678	99.85581032782758	-90.45760746413998	-2.008303715367306	-92.91688036614748	-2.2704106922978333	-94.07174702602673	88.30034296959663	-81.71487256662734	159.94827450308455	-72.56071726299808
4.7	1.8897908509606278	-169.67111211216388	-164.50159349963667	6.404331974974641	12.488622755171656	-178.90293420462515	-178.89019060617306	11.597971877532318	245.6543913345801	9.94123817001867	-4.129451695382763	-178.2355244611411	84.2544747869096	-98.22121341706327	99.5939381883661	-91.85104017877832	-1.7726794691661625	-92.95525472174756	-1.6391340114341992	-93.9820855283903	88.20908822450554	-81.24869673059763	168.51597364655436	-71.28294567421398
4.716666666666667	4.1773564688630636	-169.96855505861382	-166.98093021443933	5.767117606556754	12.307697347406227	-179.6164984393756	-179.16941254464484	13.156849751942094	245.90457904910255	9.162627505292427	0.8849076890868453	-178.4883613146664	86.38059708285658	-98.38469965700537	99.38856121580193	-92.9240340618135	-1.5161081714084097	-93.09719797522764	-0.9132824875029032	-93.67714720076071	87.80630310780809	-79.83649385480936	152.55098006232095	-70.85308762785415
4.733333333333333	4.026351782518294	-170.57300025555583	-169.53234396898594	4.910337907474901	12.13809721968164	-180.55274139879498	-179.63444627674957	15.082303522090731	244.16399578383522	8.587411760193485	3.654355634700165	-179.07741747630914	88.85160213280982	-98.45708688333697	99.22812226236212	-94.04338849204068	-1.8796501615739722	-93.18166612864916	-0.5020349224525797	-93.33572700840628	87.23878279890396	-78.1136758730557	151.28980298160837	-69.68216169565737
4.75	2.929472637662018	-171.28689417234307	-172.1693852529111	4.225025006317027	11.83690851249601	-181.59693305938413	-179.97817595132773	15.288576871417499	244.99145115869163	9.820962366638541	3.965804157267737	-179.79395093584105	90.71754645617257	-98.50731945216486	98.8372082667832	-94.49948808702095	-2.019075111801071	-93.05520844192688	0.0643154261159471	-93.39788968576944	87.03278532123224	-77.77462319680876	151.77636426437806	-67.80196542554344
4.766666666666667	1.1638631502562835	-172.53048292980642	-173.48104257261613	3.942317114304764	11.761723347245686	-182.1360718639024	-179.73454026736025	15.533697267844218	243.528437677741	9.711496710470911	3.0405269577304646	-181.10363509260102	91.50300840570856	-98.57840605140579	98.8459336919988	-94.77918213016716	-2.182847639952267	-92.94254446722039	0.6076328129449984	-93.72774710723431	87.26231792878252	-77.38803346407525	150.70307864682292	-67.79237811928716
4.783333333333333	-1.585723549231403	-173.58551079228545	-173.2316065476959	3.999522892330198	11.769976490700703	-182.29519319883383	-179.93591386597035	16.769514468388895	243.67255909508847	8.812022301602978	3.0834758396578987	-182.43352646005746	91.80241353233168	-98.76788369158395	98.73892802875959	-95.01241132939342	-2.1978796749191867	-92.95221121016127	0.6508650243562915	-93.64083255744866	87.09660855579037	-76.22821003955903	148.87400996479363	-67.94928710067529
4.8	0.6622740489158799	-173.71072100049628	-173.5939923325783	3.309246774173501	11.954406292374745	-182.82107788313434	-180.26669157891422	18.081505673444568	243.41461939843947	7.723040171069333	2.8614444859244292	-182.51277948608123	92.36165094892183	-98.82946788258636	98.94422239099828	-95.57703446585296	-2.1350659496580575	-92.83871243773515	0.7380383354635136	-93.48684817378557	86.94531642749831	-74.73639424416768	150.0276183077422	-67.85925433079869
4.816666666666666	-1.3471227934025316	-173.15045301245286	-176.26846183207473	3.645758662749606	12.35475758307919	-183.11233484271983	-179.95282026758028	18.550520700507736	243.8914461918975	6.9023723886321005	-0.21900006665417915	-182.34560305252404	95.36673188207169	-99.29192647491593	99.23677735854831	-95.83562758609898	-2.087166476093583	-92.77972017567859	0.9182518137727211	-93.5992130294302	87.1931463302249	-74.30640097740252	151.22441264784823	-67.97452719598338
4.833333333333333	-1.3037306795606647	-172.72073784061016	-177.08083831278117	3.658776941486007	12.985994047028353	-183.67393251635534	-179.91035947277814	20.28207174696182	245.78612843402925	4.955056646706763	5.477311100521712	-181.9464970138991	97.52150823595953	-99.84426644991436	100.05668633001783	-96.3335751939502	-1.9493280685013765	-92.68574093131139	0.65284774742505	-93.4877915247019	87.29371652678384	-72.54153614463172	153.20341109132096	-68.21469054219614
4.85	-1.6741966959796661	-172.64657829807345	-177.63204281986202	3.558830532433759	13.24249146309953	-184.3568556010512	-180.2979222740968	22.192301763030052	245.71895902077807	1.1618673519882183	6.500556832918954	-182.65911473254224	98.75854671713685	-100.35208644900588	100.80983627369976	-96.78484725159407	-2.0364406414065828	-92.49563389641054	0.16160223696724008	-93.24019081866072	87.17797569388891	-70.38745955611196	152.95455474643393	-69.75280778152374
4.866666666666666	-2.5539688235738267	-172.46053153158428	-177.8473230028291	4.413749565839765	13.513557248308501	-184.34449595561213	-180.81182881756578	23.513563015906566	247.11930285713385	-0.15626625095724586	6.326839324106253	-183.26565371082097	99.2876846611538	-101.13911069443635	101.37840936924894	-96.37213164394126	-2.013411916692628	-92.34591418856482	0.009560457621884177	-93.12322432780526	86.88181138634214	-68.32769639148013	154.00007421095637	-70.21570628320372
4.883333333333333	-4.30426189841549	-174.10830587281535	-177.80907726875853	5.506221257351438	14.011994557648267	-183.9673294643869	-181.3602719448518	25.08636377648944	248.71648980342886	-6.384780816989723	4.348884172433324	-186.556230682639	99.77955876492665	-102.07940994813839	101.93684462737323	-96.31074751880685	-1.5404235222293465	-92.32092097263259	0.09567380655116309	-92.73286594609743	86.33703600963763	-67.19885286129734	154.96761737422744	-72.74780570050544
4.9	-9.513727848362732	-174.08368466309432	-177.93545082229997	6.132461654189589	14.326982900011464	-184.09112142897223	-181.84402058763897	25.966043706774606	250.35308163984817	-12.847422819463183	-0.3161310197998365	-186.82288259282126	99.7510170954418	-102.7496251322197	102.260075645413	-96.27329803646361	-0.2883849228502273	-92.1538485927709	0.07732648514958251	-92.76581659893532	85.9878701777963	-66.1756977714368	156.36343081062574	-78.63219406349737
4.916666666666667	-10.966178360014085	-174.82131407552262	-178.00330377640776	6.500511222785189	14.123309687906222	-184.3308361871143	-182.3007294782348	26.46004730200463	252.00305775483147	-21.04549345086084	-1.0863726934505638	-188.08456196533965	100.101767803826	-103.2486853435627	102.09039453859585	-96.30026597554786	0.8335275622990206	-91.95144366968563	-0.03206068600473366	-92.72624364034161	85.66340260855608	-65.47236839480506	157.82550944443622	-86.2722315147373
4.933333333333334	-11.243348810468467	-176.66072768456027	-178.08978588023962	7.6861253614510545	14.017315193616874	-183.79396776048668	-183.31740587171168	26.561384507220062	252.42970873954906	-30.999752903664373	-0.5737677988460724	-190.601555324679	100.70666090287003	-104.03887229826502	102.08111073552796	-95.70377386214722	1.4347749823953733	-91.80607215692777	-0.02692778190022138	-92.50800566231034	84.74841901659795	-65.27239726975192	157.58196688015425	-96.27987573393536
4.95	-11.445151949165208	-179.69043159500094	-178.14008377929272	10.0896382482784	14.051014632222715	-183.15416255937834	-185.10123522261912	27.64150139541171	254.01609210918758	-40.54737855164565	-0.7446592209155425	-194.9634243961294	100.62352140140493	-105.50344471799089	102.35609052082619	-94.94438304950164	2.2327275096246453	-91.62109380842324	-0.10741350247507842	-92.06082679735923	83.5060918743628	-63.99554043299689	157.4830907455447	-104.38824527059927
4.966666666666667	-9.128319410034592	-183.929993643775	-178.19013401574614	11.740083876763533	13.994927324734483	-182.73739499955926	-185.54157318532202	27.90299394213875	255.16702364448042	-49.17404927671827	4.045971823906596	-200.07168408471398	100.62170678919955	-106.82549689662268	102.38158597157576	-94.47761654784031	2.3517600471583133	-91.46487119033469	-0.08710761208672113	-91.5464868776744	83.01850148604565	-63.643165358920115	158.0883562692951	-112.671645365028
4.983333333333333	-2.4192103666372287	-188.5973881151892	-177.96202572927788	13.956844136505264	14.011159686774748	-182.1318006140638	-185.86026770917556	27.331973571121463	255.03396218210185	-59.26419453219233	8.934013610430483	-205.81721534106254	100.72268551208995	-107.62049440737087	102.620474522319	-93.98395813227387	2.3874421823158016	-91.2707145169984	-0.030042308799463457	-91.33315541686505	82.83041919525053	-64.02540692766038	157.65823351906732	-123.2403571592154
5.0	-1.7423118936669857	-193.5282896409855	-177.58731372664073	16.848554386739906	14.0680801999906	-181.46401886726287	-185.99710831754376	27.409048681174788	256.12282670772987	-70.56349642482132	8.948480553832196	-212.1696012176452	100.56940237174013	-108.70145399187993	102.81593842262046	-92.52187298862239	2.096736126231338	-91.11359312728638	0.026115454699759955	-91.16313552344593	82.78426275624128	-63.85603860119331	158.41834998674196	-134.27652923981984
5.016666666666667	1.1024097840563511	-198.51590632936413	-177.23899330072726	20.006630783260754	13.977870106271496	-180.25810227690505	-186.38204280545975	26.95962835308155	257.7483183557541	-79.49226563443986	11.463831101673454	-218.4387691460046	100.2698582982076	-109.84034748019698	102.76207664653327	-91.03661096974787	0.599953047406679	-90.9381625701543	0.036552116634352316	-90.88603347201533	82.57364566758083	-64.118227519785	159.98828948638413	-143.57925496509685
5.033333333333333	-7.160371004989121	-204.3870214780211	-176.45737193823794	21.84438867559406	13.948892528999936	-178.720089098499	-187.02503674859574	26.784455882950276	258.2510190035976	-81.68353425632282	2.8041996978378236	-225.2866697476048	99.87514743016033	-110.75205409040038	102.88428670762251	-89.5106310693421	0.06307216030704788	-90.83769421299867	0.012400289652356733	-90.45351105464954	82.03605902108552	-64.20622697635545	160.0450685543919	-145.8049543586362
5.05	-28.006398014534213	-210.18456704115434	-175.68136475841868	24.087176813613176	13.865037811295933	-176.87358528587515	-188.01507262299253	26.586799619270415	259.10852109431346	-84.97029414900732	-18.787295391062973	-232.40075478255946	99.09714997265921	-111.75086177561931	102.95681629296283	-87.44156180256697	-0.563607133741336	-90.73105765303649	0.0029829835844836783	-90.2119881138376	81.23682461149727	-64.21300858687393	160.2404223913639	-148.45033712414613
5.066666666666666	-48.52663363689553	-217.85442893470093	-175.09415850565546	25.85559266688074	13.763539725655548	-174.66555157267507	-188.73604948278967	25.967158457320597	260.62446217823305	-99.4905067799981	-40.762322369776996	-240.82394807494228	98.0037149309086	-111.73682679485387	102.97432290981614	-84.90064986638582	-0.5808188602835324	-90.63591280337664	-0.00233877259100157	-89.97565750505953	80.60265840416174	-64.78282726016076	161.46971337658482	-156.11451096133908
5.083333333333333	-36.16534016964476	-225.8477565732113	-174.66050145815078	27.806850449399654	13.464557591440297	-173.52015315514572	-189.27896270552068	25.503362042983213	262.36484481194594	-103.23016198502204	-29.144154445444258	-247.89485715455248	97.32107409631091	-112.11752289187662	102.84751058606793	-84.11729619307384	-0.58689293216286	-90.5195169932417	-0.00913520634751075	-89.83748415547336	80.2334312127871	-65.08239962365336	163.26427935060224	-168.45467454607368
5.1	-42.438294715180504	-233.63307852117777	-174.0370931260942	27.829292417592743	12.975906479596382	-172.7522139721919	-189.79197803015012	25.23734244427	263.5240771434174	-104.08652801237031	-36.58572633334838	-253.36172428503335	96.68118983259507	-111.1361688562653	102.5505198958278	-83.21880481105951	-0.572434537978685	-90.47266307611267	0.017234872644975807	-89.73330932276063	79.76398430702037	-65.30090937028136	163.99338148674238	-169.5715825039524
5.116666666666666	-27.55869054607754	-239.0243894139606	-173.93323771917437	27.564741088485825	12.522239111217642	-172.42223796026798	-190.07349730452063	24.7421228586832	266.1890037644872	-104.40028225034936	-21.787288383462798	-259.36996319472127	96.03868869727818	-110.55108326021595	102.2950105609503	-82.91360118646234	-0.5813284337830016	-90.4586235385028	0.05636574767024882	-89.53298562742381	79.4517430319533	-66.07493101665183	165.50490194525298	-170.7917151785189
5.133333333333333	-16.875855279296005	-242.41506265232235	-174.3231401184119	26.131245959649444	11.899194062621147	-172.19612683396178	-190.933427416525	24.495455939449542	266.8157997918671	-104.4302267220713	-11.920673054018078	-261.1107194298117	95.80802497200332	-109.2268838884017	101.54673367379574	-82.76548519905741	-0.581625947557584	-90.43191078415492	0.1459393671666216	-89.06288629274684	78.47150614209278	-66.32590405017135	165.19949828733803	-170.660190056925
5.15	-10.527900626093626	-246.65543454178817	-174.97031920787902	24.04616044618281	11.348531515404256	-172.5916598100315	-192.20736520175996	23.936916200300473	267.6224250985076	-104.37687104070288	-4.518745215668217	-263.37531033233256	95.99894663698653	-108.30009939033117	101.02310512723446	-82.98377331695586	-0.5720018013913847	-90.38160850599688	0.23641812256909156	-88.57088254980685	77.36856325036167	-66.594097306419	165.05337573473832	-169.13842664489266
5.166666666666667	-2.884159728238914	-248.83573989946427	-176.12950680832347	22.19220343776691	10.456789543802008	-173.04984622694784	-192.71847444394294	22.801864830006316	268.3997990960511	-103.77413651546357	3.5834350172110705	-261.1241840756077	96.22678886062342	-105.49269005672697	100.31116048554541	-83.19256589754212	-0.5295465209835046	-90.24759644676274	0.3545556088408992	-88.31025472647433	77.0695900890178	-67.17947229368849	165.73193768722876	-171.6369238414835
5.183333333333334	4.967257196780223	-248.0111417000856	-176.94073906190744	20.46344244947074	9.870794835741325	-173.87936258434505	-193.86765866143216	22.526406028690232	272.09854795498626	-105.5677449900187	11.448213115516	-261.124351056088	96.32334063756299	-103.20680296210097	99.76254029316004	-83.88368410694723	-0.5211563641179031	-90.1824346247287	0.5198196791660681	-88.08654829404429	75.98636926518006	-67.49672002261119	168.04789237784763	-173.26070111331697
5.2	19.872439974170895	-250.2268853833499	-177.81918724585603	15.930606121187873	9.198878511202444	-175.07891418964186	-195.56128547017536	22.748155014123448	275.4981462219564	-105.69492583899209	26.45212535067049	-260.79167761085444	96.39284599393845	-100.03969069676016	99.106432161444	-84.86657345941687	-0.5368903533714563	-90.14749511143336	0.7419505093959706	-87.62441224979389	74.32026003666357	-67.38975195650119	169.7018685982363	-173.05268019913626
5.216666666666667	39.482202910371655	-252.2590550446907	-178.44807395341002	11.521617819967375	8.662816725650845	-176.26921783587977	-196.74265415966727	22.907583643261482	277.5351298848909	-106.16598211976867	45.96631647267965	-260.4081866108397	96.40987366288806	-95.712265743177	98.5925299381312	-85.67205063657333	-0.5900048100656946	-90.11733452942231	0.8304787693798332	-87.40029798095756	73.15735442957155	-67.2692339757676	170.63835711243493	-173.4358163891174
5.233333333333333	100.9534019761621	-256.94440178556704	-178.74795097439065	6.855073081942975	8.044558112702706	-176.92769519139034	-197.46414254635735	22.73077869088003	279.29971202939754	-107.08784436243056	107.66176161556753	-261.48015943059727	96.46248209229107	-94.35303583824788	98.16635507942827	-86.98455700351903	-0.6698297729891197	-90.06635495549504	0.7000242745538954	-87.10794243352437	72.63456694100783	-67.26539069500271	171.8387593035882	-174.55588466501607
5.25	129.8655886441808	-260.8934968412006	-179.22835029367621	3.6663101928307236	6.785633343117022	-178.25530655565075	-197.67044556422124	21.9747788306181	279.73361226683085	-106.60240856706422	136.93025431166578	-263.075913175265	95.82611456553946	-92.39045954360446	96.99558834462064	-89.71213587064315	-0.8968289258206984	-90.41867075926677	0.31748615722969653	-87.97067383943131	72.5027028463473	-68.02008652902445	171.77523601306063	-175.97181721623053
5.266666666666667	215.078790499765	-257.28344356517454	-180.22432976845175	0.29775175098792583	-6.449432293266108	-179.75639518256136	-161.893550774364	-22.885554394015273	259.51232237929713	-71.98574278293998	205.4115645342485	-263.28106565395524	80.92982890376601	-93.414252830423	80.49375955956819	-92.5374264743478	-1.7467571670681186	-92.47095477464404	-2.5010428204173865	-94.72078722775137	105.02965072079218	-116.10935996200914	174.0006093387058	-185.37619824874886
5.283333333333333	216.32908486854092	-265.4552605914226	-180.50654529751415	3.8505266120053427	-6.759888796922473	-178.7227286187268	-160.22487612826944	-23.736597946568935	252.90764742960775	-66.58799253308973	206.92502477118828	-271.10254242566685	80.60570835628312	-95.85118310255724	79.94531425989389	-91.81595045350744	-1.948603711424356	-93.2091585236202	-3.1575402663301375	-95.33809729096086	106.46830289901682	-117.03405205173057	178.45727291791025	-183.4025285331179
5.3	218.4105068892187	-256.16753442273045	-180.45847364728888	7.131491273463993	-6.543299282061647	-177.84294550608337	-159.426562098114	-24.526387688002686	249.4132538505735	-65.30702112597913	209.00870186361547	-264.17888692394746	80.65088848549819	-98.13895416591346	80.12179756024945	-90.85575057608533	-1.9542288815565598	-93.32128225065179	-3.1864313078145905	-95.56369672344621	107.22827878043387	-117.85957223112177	176.5453663979929	-183.38900071641368
5.316666666666666	221.3187591372753	-248.36686763432635	-179.90838562739162	9.401272195796855	-5.873514076571526	-177.21844975227225	-159.05697014045094	-24.437261999117432	246.7577676769881	-63.59591999030047	210.49544312861445	-257.7519813394242	80.70377539816181	-99.52161854148855	80.77182389473278	-89.94532720467222	-1.9044754389857135	-93.37721652055656	-3.1704704612116883	-95.84730879330287	107.55489985547939	-117.78684437997491	174.25948907937942	-181.84270815804126
5.333333333333333	224.35429505884787	-241.9337661848027	-179.65193604369298	11.055030541730003	-5.471574555974258	-175.71334739901093	-158.014571337098	-25.264559860220672	244.22826191163392	-62.790943235379004	214.9726853682154	-252.58038818564265	80.82587890394078	-100.04366264037847	81.11550196048721	-89.13234605277407	-1.9740024629475252	-93.4288156766801	-2.9775444110994806	-95.88972258746105	108.49172380380529	-118.67466618318616	172.69429922231814	-182.2699989621162
5.35	230.14069168637224	-214.85689374154975	-179.6287888297042	13.15436500644844	-5.128883010626145	-173.9594465293933	-156.87560346953347	-25.216879160230025	239.5861166619916	-61.98358629146173	221.06367578006973	-225.7401092300985	81.02639163520921	-100.44843467633882	81.34158453565755	-88.02907267838711	-2.00847331204709	-93.49044792166026	-2.8699969906784966	-95.91313899750935	109.46017964009562	-118.76555620272006	170.4956375697313	-180.67429782329145
5.366666666666666	237.0636222010856	-170.9941982812232	-179.7180741264123	14.876685395201015	-5.171347941557063	-172.9433748630579	-156.32717367119764	-25.27050558368632	236.54709234869404	-62.316141362917065	228.18975249407086	-182.91323635851992	81.19389520935775	-101.18061920766529	81.40094793147537	-86.79912572351083	-2.0538102575329575	-93.45493939187284	-2.977359668595227	-95.94620459265525	110.04644133736343	-118.68200080465925	167.04896565165285	-180.8633513246454
5.383333333333333	233.57514834881147	-158.88844211710855	-179.8037914041916	15.756649515631448	-5.002932025264443	-172.07812859352111	-155.80009020398126	-25.590508080851816	230.48104791773295	-63.17657401726764	224.9629690731697	-170.79830730048837	81.38800743338449	-101.5426188077831	81.53802502276002	-85.8270265969831	-2.054406392870017	-93.47615232751264	-3.024173671155025	-95.98670090355279	110.73327780323206	-119.03335302485884	161.58463535825936	-182.10985742981066
5.4	223.05917360296345	-157.79621705148895	-179.75266754096856	16.33470793511632	-4.579323327749392	-171.78113010187326	-155.686468143681	-25.98344360840333	227.28696697913762	-63.40548204636944	214.67835065551523	-169.44598513824747	81.55939517566792	-101.67166202246725	81.82016799106108	-85.3348604429942	-2.034880839471597	-93.54112437481501	-2.983759119443186	-96.00029475914403	110.79968780706292	-119.60951027652516	158.58071655854505	-182.90033824909463
5.416666666666667	218.15840977480434	-157.55305507486923	-179.6960212559092	16.2873965370154	-4.460554216286775	-171.75137666771317	-156.25717921669852	-25.792879549109855	220.9089294508524	-63.57612050574023	209.8388396822867	-169.01833486229398	81.6353333115184	-101.53610649901847	81.97149599542688	-85.23734490686914	-1.9802079385607634	-93.4938591521348	-3.075583812645119	-96.00280682701148	110.53024951831853	-119.38095862852545	151.8483934788425	-183.04570195676632
5.433333333333334	215.84271964169577	-157.5163531992889	-179.50888847355031	16.030641408390018	-4.400166331552851	-171.9593075131387	-156.56411972290493	-26.053559915063026	219.33273457595345	-63.51382187221506	207.5427411428575	-168.87898667792402	81.67916259505793	-101.27473658782742	82.25552008815433	-85.23124217344152	-1.8045554093285474	-93.32702353975256	-3.179025021355514	-96.02072946339801	110.13870036459211	-119.40691897773618	149.46120185611943	-183.12263671013966
5.45	214.72101200953924	-159.31965033557526	-179.37231571084598	15.582297242006188	-4.452665507370549	-172.26774927910657	-156.619230221111	-26.168395384929994	218.7777889213489	-63.33297395960361	206.4151992032899	-169.75125530226666	81.7296316926467	-100.91818289809623	82.45696132402227	-85.2821012360683	-1.7008072455554168	-93.15242930025434	-3.296134814260811	-95.99428516031102	110.222729329657	-119.30546717823114	149.0187165511893	-183.4591851444128
5.466666666666667	215.13535049369403	-163.01690861326603	-179.16502508910213	14.788774341702846	-4.374766919829569	-172.609145435372	-156.59486187926143	-25.908894962675955	209.93166691854972	-61.826875806468834	206.68975187474055	-172.73580854478956	81.82458886155213	-100.24153762125809	82.86987424590312	-85.44793502796679	-1.7551269493735828	-93.02426073611052	-3.476990393940933	-95.97273466302607	110.17972129269344	-119.30226895026469	140.0472818334034	-181.25482129071014
5.483333333333333	218.40469603575085	-163.52463863360313	-179.06897148113484	13.893379961478017	-4.331297118094931	-172.8619636256788	-156.57953958171694	-26.199524884594865	204.53099679045445	-58.59160261822723	206.28891428241366	-172.38842589801033	81.77366948244011	-99.17288947993785	82.87602471114249	-85.66568027992348	-2.1515964277997752	-92.89531726800567	-3.5755724269842624	-95.90656832963751	110.58508765060856	-119.04567895369429	135.06244063831008	-178.1747785700307
5.5	213.06059769415646	-164.27818466968824	-178.86372781167714	11.811235393420853	-4.096370512250985	-173.10049377613126	-156.36199214225357	-26.552445376357863	201.23342079062152	-57.491573706220294	204.833650505121	-172.01664275150208	81.78909572306573	-97.86272345424942	83.14378562594177	-85.85431894634335	-2.5654388397838126	-92.78450886600353	-3.6488786466237144	-95.84096888774616	110.9125835187908	-119.3159733353474	132.19983344771668	-177.26500468121884
5.516666666666667	209.582277158042	-162.70555962765496	-178.3974495707333	10.847769996427658	-3.739465511187492	-173.25905512249415	-156.43480164349532	-26.890769832526352	199.99381356997213	-56.29375133095621	201.38046883493456	-166.25376029942038	81.76785303061334	-96.61871064593605	83.55628229054885	-85.94787982592331	-2.742164674339195	-92.66568342468446	-3.7080946251429223	-95.79456374927729	110.91533533651918	-119.59416879943737	130.7442045856859	-176.8504264057189
5.533333333333333	209.04195189154706	-159.96861463168452	-178.0133060472831	10.532302149185938	-3.723494421004752	-173.17400994083363	-156.22289871672984	-27.06173636484325	197.35703043460708	-58.756413681633035	200.65027220358556	-156.3704809715306	81.64568334935923	-96.25975724000824	83.71697789139843	-85.71704497644832	-2.6472084278537666	-92.56241642028775	-3.820508158642216	-95.73480785321172	111.2849740304331	-119.57732103985607	128.56622180887896	-178.07122376061844
5.55	208.9957245509998	-157.97840284078575	-178.023745306519	10.844272363921895	-3.8103771290742126	-172.8009179933833	-156.02388998303206	-27.34079000272083	193.95898498224486	-60.843412610043096	200.7101673792438	-163.44671853456256	81.68379836777356	-96.21616487378583	83.69987936911194	-85.20401824088256	-2.7269300360355953	-92.50118691963979	-3.889784121022074	-95.64409680800958	111.53700306332541	-119.80709223357601	125.58075871493791	-180.5139506123948
5.566666666666666	208.8764864730297	-160.00110513912136	-177.71813740389615	11.529705033311235	-3.6548162654693908	-172.45565498271333	-156.11131054747418	-26.665149016524065	193.5767363350239	-62.202762655435315	200.41322060341878	-166.38475138392585	81.55319668306392	-96.61461585893161	83.86954864555193	-84.76558759832997	-2.7709667210731164	-92.45428737298676	-4.038679038393294	-95.54512591208578	111.49803568791829	-119.1239434084684	124.93957651602477	-181.61657731375905
5.583333333333333	208.77728467047308	-155.57434986987516	-176.9110331879125	12.26529627574957	-3.251245836785269	-171.96289195591294	-156.01579603056905	-25.794308462643997	193.01784660119552	-61.52810717874872	200.06729285050102	-162.32134918999483	81.332207403715	-96.8158024456736	84.25243208912946	-84.25758550199018	-2.531552579049003	-92.40794843113233	-4.112811746043504	-95.53178882651662	111.69274763766106	-118.24441621450835	124.4031244155782	-180.06716411993094
5.6	208.255238304852	-153.77539565093568	-176.22216890210157	12.529964959912668	-2.9833495356314668	-171.82327621888987	-155.7072702147794	-25.86823697508899	192.55877161477045	-58.668085110232234	199.39337469933312	-160.79295926051	81.1596028991306	-97.02306308084343	84.61549980609391	-84.08097120454485	-2.7482092717852296	-92.34083456127249	-4.174414190001894	-95.44940464666155	112.1572422655166	-118.27025066738138	124.37852418343822	-178.1360156607359
5.616666666666666	207.73417520810148	-152.24068667389673	-175.45294116548294	12.907164937346948	-2.5375495272864477	-171.91552087551233	-155.52589473111814	-25.63989861834353	194.40987659331887	-55.039296440300454	198.73574550883706	-159.47148245131334	80.96519659355144	-97.189360612332	85.27980843749468	-84.08962184626219	-3.4055946042033245	-92.22667038125152	-4.287016506290188	-95.38784252458998	112.44964138558299	-117.86439706207379	126.35333788448118	-173.06273766040417
5.633333333333333	205.36256703600782	-154.25369948023544	-174.51382848279846	13.161140402193034	-2.071140545805019	-172.0315857153821	-155.10560853447615	-25.178021606959362	194.051482076522	-51.69464118911015	195.922522465723	-161.6276656807863	80.51464053061395	-97.30966731939999	85.85522126165573	-84.155687956051	-4.541020246039226	-92.12089164179622	-4.617913770078649	-95.32713448012615	112.84054591997055	-117.32140859366396	126.81944632305746	-168.6730437036878
5.65	202.4551529115813	-158.23569816463475	-173.40408220074258	13.195614179211535	-1.631994554830639	-172.26370643881125	-155.04481886852284	-24.04001469935004	193.47757550617726	-48.52943798998615	192.56492708395842	-165.83998617628717	79.9692980711739	-97.41988499846181	86.45781396362496	-84.33977911853457	-5.107796817720118	-91.99477367634121	-4.826626997459295	-95.27862387740655	113.117433959344	-116.11836304753768	126.70155834518133	-163.84280206427644
5.666666666666667	200.6795829892835	-160.7952007246076	-172.06109768142517	12.813471564374304	-0.9320165555712948	-172.53152730579964	-155.11696245428595	-23.250173249213248	193.75120219560466	-46.97817287183085	190.36040666685457	-168.17971344715102	79.38005007007686	-97.31035822623315	87.21910809915315	-84.51949185650784	-5.826323958405876	-91.93953678080501	-5.005041713667813	-95.23459275367873	113.00053257957609	-115.51395030766525	126.69927572962638	-161.60964732473394
5.683333333333334	200.4996447033213	-162.28924777258442	-170.60360849909142	12.390975509002246	-0.03366387866336332	-172.72505175118147	-155.09784876215232	-21.943515420586287	193.3661234163727	-48.626849674144594	189.56387252329571	-169.31134998301525	78.72705513532958	-97.0504109952036	88.03105095651844	-84.53179366909502	-6.806834441435302	-91.95587153886251	-5.4049534072266265	-95.24751322163213	113.08046247473771	-113.76866934112542	126.52653238173917	-161.63542063610373
5.7	199.67735184393186	-162.82119217068757	-169.16672579295098	12.243104650391933	0.7404599913635099	-172.72384071514773	-155.24326818266212	-18.519123924658633	186.9927680838082	-50.88427477408914	188.54697277575008	-169.60595568292575	78.1132465632564	-96.82825045783322	88.89270033592145	-84.5242956492586	-7.569945495540545	-91.91281942898894	-5.641484936248666	-95.32895774175125	112.94520243086234	-110.28767348226698	120.16433102066941	-160.89547286285818
5.716666666666667	198.16363717146118	-161.39655409081146	-167.12041857473022	12.063605053083881	1.9106963201788982	-172.71379712146543	-155.49021399029462	-16.67086281207723	169.24306879353836	-49.20454774070697	185.2319794744342	-168.06942986292415	77.21340567049396	-96.65005001308936	90.04821750951295	-84.50252959789978	-7.4790765348053005	-91.93147625745152	-6.16249829416029	-95.35903451508634	112.53286463376975	-108.52111898781096	101.75752374458574	-160.49984135555323
5.733333333333333	196.0145167370289	-160.99268515851813	-164.16724541607678	11.899419635316871	3.6272304805125466	-172.5173877182263	-155.47340551336706	-14.263798470361332	164.88785289465636	-52.51105824797813	181.33081538805183	-167.35563303836057	75.81705963204396	-96.33603649106345	91.57887103522272	-84.42216108264185	-6.923641807193273	-92.04381345008998	-6.453945380934397	-95.3609194185112	112.38936556171693	-106.31287606023363	97.37544413417986	-159.76343428156127
5.75	190.32308654547538	-163.87083043701477	-161.1121770155806	11.840138055596103	5.7025429961036025	-171.98945538543236	-155.50180895705535	-12.158047309820729	163.1712720648713	-53.687410425237	174.64778998954557	-170.1222287699796	74.41901943326853	-96.05088363164317	93.29651469432052	-84.29039980492831	-6.595069725485133	-92.21670024976939	-6.792593228339497	-95.37126329799067	112.11456698800953	-104.58845019651022	95.47148251928631	-160.3088988117887
5.766666666666667	186.53211422770138	-169.16481132093003	-157.03858061251142	11.529861635874148	7.928368017191392	-171.78472787049512	-155.9345142616914	-11.686488664827976	161.70126064598142	-54.5963282234312	168.91490147053042	-174.309183421123	72.50263873021701	-95.75745943643577	95.42991716802197	-84.29545087583082	-6.3535571218942355	-92.38819474595503	-7.596926690216981	-95.34504598313978	111.56514485058962	-104.1881123812108	92.80704311146152	-159.3556794043255
5.783333333333333	186.14049140781145	-172.14183736189585	-153.48576160481895	11.379571495207504	10.154435916096482	-171.43503374126965	-155.87017637645485	-8.128150828946929	156.84089731126338	-59.4641409861554	167.3517389146209	-177.632750879236	70.81314893567603	-95.61756534832907	97.3427950697624	-84.28816946775177	-6.364829328240694	-92.71327676189806	-8.397639201090755	-95.3260388797797	111.41814244028166	-100.92495056172183	87.86563030272428	-159.3570034448199
5.8	184.64238048908967	-173.97710885540414	-150.1418229221355	11.343151220003396	12.199619759959186	-170.8937374180205	-155.29843712513696	2.5196293842428745	153.6587649995797	-66.65873795503494	164.751866812385	-179.50053469061777	68.98312029033403	-95.5473207024117	98.84551584495934	-84.27045332693896	-5.864106452144112	-93.22253086207368	-9.235280418609339	-95.32664208047377	111.3871189410153	-90.84258201512995	84.4957368652361	-156.45334564133657
5.816666666666666	182.82910704761593	-174.2281035751475	-147.93718505372067	11.354376163110363	13.977962755702674	-170.41921785575573	-153.81187856480153	24.97891670778389	149.92977271889393	-83.27884624728839	160.3786509736364	-179.68602082130872	67.96181127633609	-95.46470031678632	100.1920623128386	-84.25432987592797	-5.7055181763511715	-93.65628623694519	-10.54839196007773	-95.36710394589635	111.7241316370216	-68.85476922030065	81.5766173904208	-152.3741492700862
5.833333333333333	183.15451358952248	-173.43845147856885	-144.43796810442447	11.207192785168962	15.558239944824328	-170.34611538658623	-153.29705594588668	39.463198195084814	144.10485210288746	-95.47920746947045	158.65472854486785	-178.8772176138873	66.00327114244502	-95.30822984790075	101.75931591208551	-84.22558838595772	-5.58742890348583	-93.78763261936729	-12.330311806839248	-95.48699716763366	112.63166894219802	-54.339200896765036	77.245802327798	-150.06027565887865
5.85	184.24422190311657	-174.3260486116995	-141.94572986386532	10.9715218655376	16.60623151251281	-170.26312670539176	-153.04348047512474	41.32672100604365	140.4962439527003	-97.87982516171849	157.80330730191787	-179.57343475171362	64.21628712700932	-95.09043682438228	102.67462761584704	-84.2425333823908	-5.517998004606564	-93.92153302568204	-13.27082008161329	-95.4703024467276	112.88725846487911	-52.622048790353794	73.46777677988415	-150.48807856225892
5.866666666666666	183.72172026987025	-176.65555305842054	-140.0471974506026	10.747877021832915	17.367760689333572	-170.16562510874553	-152.71305195747226	38.80226150413972	137.55375636719552	-95.3871051133702	157.00953520647036	-181.66330536763164	62.90166246177765	-94.86712063778573	103.3701927016848	-84.2648595338604	-5.49044983730503	-94.0237875563118	-14.061419097083151	-95.51544281806767	113.1383329099895	-55.191406439724965	70.62106100464122	-150.6188866627958
5.883333333333333	183.7177868085576	-177.77239519315066	-138.65680692705016	10.584708192364893	18.227737968087983	-169.9055818710296	-151.6605151484694	43.38442016218266	133.24310559954276	-100.55074866045676	156.40607941122914	-182.4259800998817	62.5388209447765	-94.63153734617381	104.06146697694572	-84.23501092179784	-5.474011380349129	-94.19095451112995	-15.20128873343556	-95.72863211694451	114.07586669534973	-50.76704165469735	67.61740345339673	-151.36198131376972
5.9	183.70210456677896	-178.02529573752113	-137.473681847895	10.307343104016653	18.902248578885608	-169.67567056983412	-151.20956801075155	46.73346839972213	128.35383707055553	-104.40840539664954	155.6037883112743	-182.53956703755864	61.942243655166976	-94.47893767784677	104.44584465702235	-84.28496803184629	-5.475215255638009	-94.46314838952428	-16.766909777694018	-95.97102693936392	114.30071461688696	-47.725794019562144	62.74264615895157	-152.22830438777206
5.916666666666667	183.7555956142072	-178.23123044258676	-135.6523060780642	10.071396284154122	19.816091199878787	-169.43947998262095	-150.67065666045534	47.94004917834104	124.81470910886145	-108.52994829098255	154.14045436558487	-182.53752003454025	61.189270013072914	-94.33799161358944	105.0569316332906	-84.32879314925147	-5.5487475213074084	-94.75601479634689	-17.609589181157308	-96.27434100329037	114.55353193202984	-46.82720214777877	59.4749579158446	-155.1431354183006
5.933333333333334	183.88492170427446	-178.3113032063145	-133.03923946728005	9.831967930628018	21.004284426186118	-169.32232219000684	-150.34592455589905	60.57930707483259	121.83609331222432	-126.35522549250794	154.39957832737616	-182.3012544710015	60.471330141727904	-94.13120974312984	106.02482010654195	-84.37932962138984	-5.718159400034454	-94.99002427309324	-18.889512461697382	-96.34469650055665	114.66758100377929	-34.42342970502749	56.57602754050753	-159.2265872685014
5.95	183.86881841238423	-178.4177958675204	-132.26766852782765	9.83711719629397	22.494066875916143	-169.19858954906414	-150.24139933005466	65.0408369410027	120.16678355632172	-135.6960336610994	154.11411363473914	-182.128544420248	59.75549995782258	-93.98952683826664	107.31149420920099	-84.45024201119311	-5.708608329045098	-95.1822118046127	-19.85049071632448	-96.67054052926176	114.60592027923246	-30.139092805432067	54.81573331333094	-165.66721901605192
5.966666666666667	184.2452447190422	-177.81040114045175	-131.6027370532738	9.817692729161886	23.36603543617591	-168.85010121491646	-150.39903960626873	74.61259794949865	117.85133693815631	-147.96362630014187	154.08443544948491	-181.60030716238708	59.665597085226196	-93.95039978813628	108.02606424576345	-84.32986421226454	-5.666711695910839	-95.3425328873922	-21.815894175447255	-96.86001344814105	114.31292913740069	-20.757541254888846	52.09670285472706	-168.3574040033398
5.983333333333333	183.80886494323352	-177.29110412300938	-130.91958016331162	9.878196705353076	24.33347094315681	-168.59047253289393	-150.36078282217917	80.57511597344197	115.01386128601978	-152.51902870055815	153.5626613299355	-181.3330653978859	59.816352964618396	-93.93826843352414	108.91800437466134	-84.15788478541704	-5.781539774110371	-95.42878053280111	-23.227816581940758	-96.85842337657755	114.25171729387276	-14.8538433798705	49.28314420607931	-168.16379922002784
6.0	183.78150834586188	-177.38405562540822	-130.4960350722655	9.968583992278749	25.030923095354368	-168.44431803064526	-150.79132211197302	86.4386281004624	113.89065707752604	-160.4810669012471	153.79263892296592	-181.55216008367861	60.02410982295076	-93.93582237332652	109.54522807409124	-84.03304393407818	-5.77845937010364	-95.4960417515962	-24.24677055494886	-97.05916894376557	113.87714409072858	-9.034761212143431	47.57123550014141	-169.78996500314997
6.016666666666667	183.8774583787706	-178.0325011324236	-130.3597189209342	10.057275706871609	25.302135202241733	-168.24513424536104	-151.41343794690036	91.07247880574057	111.79082327684658	-166.2645138054007	153.90326160409577	-182.15686419825647	60.01477673143176	-93.94012496628355	109.72667512063735	-83.90100610262934	-5.85500190468006	-95.59263917473905	-25.982512872278495	-97.32597095859744	113.32947179213716	-4.5350611431920385	44.53401272006334	-170.28470158041688
6.033333333333333	183.78357185542328	-178.55542212997872	-130.31729265772842	10.079599853754114	25.718691662193386	-168.21983535515855	-151.93214517057723	94.68479935981934	108.72839261113577	-167.96673727722586	153.94384356225635	-182.54370022370279	60.27981221954284	-93.99546717886605	110.13733631188917	-83.87002711761819	-6.082380432055614	-95.64797426195605	-27.60896635425904	-97.78796671653924	112.07474576761511	-0.9698116697530096	40.40902873962214	-169.33007268165534
6.05	183.78313334139048	-178.2904569406929	-130.1636223332455	9.882541129547777	26.426798110702457	-168.5003096916301	-152.76722498360152	98.01546824863064	104.28707340952373	-171.79992561000924	154.42597150883518	-182.50805023253022	60.71537689630305	-94.05819888604408	110.91619432268084	-84.06299113187136	-6.8333197077134225	-95.67044981679885	-28.94514052555374	-98.18465653179324	111.30870517670233	2.3830595084609616	35.45114056064597	-169.52530266317075
6.066666666666666	184.66602334789818	-178.69687171916004	-130.0863601667421	9.542502810484931	27.490522998428123	-168.97771825856455	-154.11763047274346	101.34404586235127	102.57672031810728	-175.68400854286733	155.99960398198837	-183.08388772348778	61.08244338299021	-94.26245595184913	111.94487446046071	-84.56193181497078	-6.982432975432445	-95.73787180564236	-30.766740297551205	-98.5675583630203	110.0524342574988	5.670873488857156	32.479021716275774	-169.78321430240214
6.083333333333333	185.44481070004073	-178.9071557827319	-129.38267175610352	9.570035306059369	28.222807362479475	-169.09354994063943	-154.33472671461442	103.8354155406777	98.85978999085057	-178.28563767417842	157.1035930503754	-183.55661289512236	61.37032522165651	-94.47518562680793	112.46698809175564	-84.93710168955786	-7.044773624126415	-95.93722943633935	-33.24319108494762	-98.51737911745852	109.76586035040572	7.94214192973668	28.70012070726913	-169.62880230646286
6.1	187.9910127420073	-178.65716911090368	-129.33787702232803	9.555086594099922	29.17669828344721	-169.06034707733	-153.97722148435236	104.87666424150918	94.89105099083349	-176.5071057291894	158.58149127153212	-183.3344043498966	61.76165760552063	-94.64855728843708	112.80303669568926	-85.1949459997024	-7.739667878470196	-96.28580179181972	-35.334470822994376	-98.71327584605736	109.93769292922026	8.688010664708253	25.037753926942806	-168.04928830851915
6.116666666666666	188.88004947799232	-177.53874159085072	-130.19396490940346	9.690083992384956	30.261879340322153	-168.80907927033212	-155.36404960886307	108.60428291089968	92.84685838414562	-179.6518547399133	161.31279159646772	-182.1900632945638	62.64926369144648	-94.9085590695434	113.02367284170592	-85.29448162487269	-8.504162278422877	-96.82463252006585	-37.044575406626144	-98.75893968743256	108.01225934479463	11.957140785064492	20.6799472221728	-167.64166255557302
6.133333333333333	190.3484369913965	-176.18297217208826	-131.5208444774499	9.801884923511956	30.78095555019638	-168.22419323014086	-158.99996054367926	111.41005397711069	92.35096821619231	-179.923559116573	164.32265283428566	-180.6639741911573	64.28667837603336	-95.07058736078775	113.07100941678746	-85.30675632053604	-9.895068503734278	-97.57021718192189	-39.432294061392284	-98.71998362436148	103.6356758026691	14.032432282275051	15.72872132377422	-166.78013253675226
6.15	192.0731476761381	-173.42132666906357	-132.8466848468031	9.909243578729857	31.084522614438768	-167.31679604777548	-160.42423161749193	113.20653167684522	91.56683415756797	-181.31996229142547	167.83573248543541	-179.3245734756594	65.8431183361768	-95.03144812704605	113.07642619338016	-85.1046878490815	-10.7686261265835	-98.04948147120862	-40.71316459248052	-98.74233871656985	101.65788907221699	15.21839917041066	13.180819609681924	-166.4815680164836
6.166666666666667	193.0827329281685	-172.23310117505343	-133.83381389950935	10.002732636831263	31.3631329070295	-166.71572415913195	-162.43763836921502	114.10993000833241	90.97683928654286	-181.07111369518276	170.31252550388217	-177.49089687904257	67.12953633358656	-95.00215274911113	113.07548919959444	-84.94581911737573	-12.570447081000609	-98.29676573210138	-44.23778917832346	-99.26580643237229	99.33239161404107	15.77172194866844	10.307852099422211	-165.77115786862905
6.183333333333334	194.01246836395327	-170.81337971224502	-134.6381856437295	10.0724219845137	31.68669819694212	-166.29447912616035	-163.8188755207001	115.32403464633603	89.60202013988027	-181.0109743419696	172.95745550639936	-175.8942946584841	68.7262024968924	-95.00150463106692	113.03999416208299	-84.89907765086784	-13.681188098113134	-98.60047410959277	-50.78627360892017	-99.31664554810206	97.53587345910017	16.51044719196838	7.218793277985844	-164.83729444894234
6.2	194.68833967723086	-169.7084146305523	-136.6848517174525	10.211354537533472	31.737006056968653	-165.9472101943442	-163.780516151831	115.94503748332048	86.23814724133786	-179.68374392938924	175.15596466689829	-174.66826063336484	70.18271583517352	-95.00661678808622	112.95597902055803	-84.82113339425608	-15.9939426909786	-98.75505963473634	-54.701379951773	-99.94784791434661	97.44497885342965	16.74285367103368	3.8546129090659464	-163.43501844338564
6.216666666666667	194.856403902348	-171.09869721222583	-138.77322563702896	10.026494520321389	31.72501361573144	-166.20676950625366	-165.81356153637648	117.44460694682823	84.42094462170975	-179.28643567936157	177.0287012252228	-176.119585915593	71.82350356555699	-94.99169682483006	112.86211738647793	-84.99051050243449	-15.162627781626586	-98.8671533877047	-58.28517518647332	-101.9568415779317	95.2310389826559	18.19512945435786	-0.5472251301310369	-161.99949160208593
6.233333333333333	194.68871246527038	-170.2845801215641	-140.6640896923891	9.49711683757708	31.786443534184098	-166.6900496691014	-168.74530310950504	118.44626169514508	85.61601032563418	-179.73722676506685	178.75209967488155	-175.25964271981016	73.62737280087634	-94.99681435936215	112.88756917961848	-85.52278748193145	-12.459845371221233	-98.90444954379477	-62.42388986053763	-102.49192375852168	92.27738419811581	21.101457267482946	-1.9527716541475018	-160.9644547808022
6.25	193.849257758332	-170.5777606160861	-142.36193721363676	8.771607477757696	31.808086241555603	-167.24302778266534	-168.48223158480457	120.69994994401357	82.34408642491834	-182.43806992456524	179.96207143553295	-175.49966218542423	75.46826976746036	-95.01965997586045	112.99581845080645	-86.18348636690463	-11.280914877459914	-98.79971994508622	-72.98008782290253	-103.1760828553834	92.69308498483493	22.23939546268027	-4.560507001154374	-160.9104637551816
6.266666666666667	193.98405780664206	-172.38659220126712	-143.7254466553779	7.028701529766987	31.64017665610431	-168.65414276451835	-169.7832671980301	124.8623431664057	79.87208363256775	-186.94850524647256	181.0844001685848	-177.14644077269946	76.7669530026156	-95.06712695918563	112.9770900246651	-87.78910257059785	-10.929921300989125	-98.67667143647631	-97.73017956934365	-103.63197609822308	91.49951031368143	26.265578525700185	-8.599162281088855	-160.75525875170945
6.283333333333333	193.27165150263508	-176.23642287258895	-145.30730903244398	3.761966397319227	31.500390976139183	-172.13114014764895	-172.32579824889385	128.26860795083488	79.69846447910135	-190.40927841179223	181.664118354856	-181.0139578358247	78.33166177646268	-95.17852801630934	112.98006883081163	-90.90225826007482	-11.492191467226146	-98.55290243024734	-111.72472043694685	-103.47143413242514	89.11861551267536	29.767933663231155	-11.093453381244265	-160.4635566530048
6.3	192.99320113057559	-178.23205020787003	-146.3037140103821	1.7236202325120016	31.47462816081514	-174.58391960808163	-172.59302425237314	131.70341308627332	79.31932801357607	-194.00810461280625	182.4927237233686	-183.44863717787783	79.50919731339101	-95.3687533506907	113.08115647352402	-93.06937259423422	-24.101502367562276	-98.41835804613054	-124.16218633892646	-103.2344753756574	88.99979364089634	33.36258728931523	-12.069038072209006	-159.97703051856612
6.316666666666666	192.8224295219335	-178.60203443807046	-147.90147979427286	0.7247424993201209	31.507763821539758	-176.51511502274926	-174.46742608751376	134.92698195150126	79.65469336195233	-198.36736298204266	183.76964160806864	-183.8781832737495	81.2081666184999	-95.55413114237868	113.11114291044092	-94.94295191996514	-83.74305394302542	-98.36855402828265	-133.03753976446367	-104.3790627366263	87.06452120932474	36.520324263645996	-13.53195558404206	-161.33858665624123
6.333333333333333	192.0632549900076	-179.72989233530816	-149.57729633826636	0.5700548329956918	31.096686014716575	-177.42300187482346	-177.80273644632595	133.92758386640767	80.1409561457941	-198.52586129257674	183.915457029251	-185.85674416214854	82.76791691435383	-95.92386172503238	112.96493439533498	-95.51425370616319	-123.93913352816912	-98.16252762676018	-135.58129535038807	-106.50764248695893	84.13732569881915	35.89538151186755	-15.619922920787408	-161.88602531222165
6.35	190.99294082449043	-179.72071285803722	-151.31808596454192	0.3800184316316151	30.512941441516556	-178.2756337811589	-178.43050973392087	134.28409905064447	79.4625083504583	-199.43282343238351	184.07354460824598	-186.34512288540657	84.07570444018168	-96.41847553641404	112.60531430144601	-96.20416012477526	-144.85986793742367	-97.99477552238832	-138.0735361659396	-107.15068748960195	83.68921650693126	36.44516520221437	-17.091114946317358	-162.375543330097
6.366666666666666	190.14638965795424	-179.0342679570457	-152.22071626588277	-0.4653669453266748	30.165222309148042	-179.98632307835487	-179.6395832465869	134.38765700806962	79.91887307234106	-200.0577815836614	184.32930981660198	-186.08003851965339	84.88428845291597	-96.92193387889245	112.44822674688842	-97.66502849052648	-165.92711467723004	-97.80539230643261	-141.7884381742061	-108.48772821527706	82.6872020752391	36.801880533863724	-17.73717714283669	-162.9079612116733
6.383333333333333	189.30410679062143	-178.76048509084052	-152.79125176493207	-1.0308790054202221	29.86752147632877	-181.6409188764177	-182.0508979116252	131.76155963527765	81.78163391668014	-198.92014295860844	184.08949197994875	-186.46441269737394	85.10747053525178	-97.59030205067212	112.35666431078344	-98.92982068863114	-171.0186012912325	-97.43121271545428	-142.68363583365957	-110.1963849396306	80.64341177945377	34.592854102165674	-17.331147064326018	-163.68832812783157
6.4	187.5670009974116	-178.45145875904404	-153.62422927785252	-0.5109092056457196	29.16485371151146	-181.911183169193	-183.42121522185192	131.20685844050135	82.36254300869918	-199.98663763536877	182.7521260383724	-186.73077694780133	85.29403709903013	-98.26259185766826	112.10408008794752	-99.3775622579002	-174.63446369803657	-97.16076306501486	-145.21501181329052	-109.53672202616255	79.28548687289043	34.2173943370526	-17.97777315277117	-165.33998907278792
6.416666666666667	185.406164901104	-178.57555643763973	-153.99628676380402	-1.2799877798739971	28.694090009539924	-183.1496158345615	-184.46735801465456	130.1332140540732	82.64163718768816	-200.34536080487254	180.9880701927184	-187.37541100042125	85.31574816041126	-98.67127937975893	111.73080079549672	-101.0834770691927	-177.57909036873752	-97.08580835669721	-146.7736275859774	-111.52982207762349	77.91137272230576	33.05329678845511	-18.769793028344157	-166.53552275672317
6.433333333333334	183.47923826387412	-178.06408504778557	-153.97523349078386	-1.9523381531364659	28.35430523194754	-184.89094833599773	-186.1921878022842	129.22935312093972	82.72071834513262	-204.6439272237126	179.42941216387234	-187.4698557217655	85.32561840561048	-99.38452846581454	111.5179616772116	-101.67716562376916	-179.35243119956277	-96.90939924097978	-148.48085681137437	-111.53891975742481	76.81143108285659	32.3593160553038	-20.227994864891485	-171.7521719974527
6.45	181.9145613824225	-177.3636904043867	-154.0887965953304	-2.1230114009309906	28.010609792978023	-186.22264881299284	-187.1292614041937	129.16529495374263	82.55079110592843	-209.7060636678131	178.40179152323088	-187.29964958644806	85.33159792056436	-100.05552060903526	111.34477515309435	-102.38878822951428	-178.65987320279282	-96.69783577485352	-150.54281773977027	-111.62403502012077	76.33013710594224	32.44485886442552	-21.19061428777557	-177.17704492073327
6.466666666666667	180.10489048276239	-176.3248903176872	-154.13509185203247	-2.170868371877721	27.386451688868732	-187.79881364759854	-187.673819802012	125.46317469450581	81.19320497572977	-208.32606456559455	176.12275655789455	-187.23939554667203	85.30654141683148	-100.82081194546876	111.21281840025601	-103.13935876628575	-177.97750090712356	-96.20205242560974	-151.82449121079114	-111.9216167522666	76.37752669461165	29.067243290236483	-22.605312141586275	-179.6458805413283
6.483333333333333	179.03436980094807	-174.95341627947624	-154.1330540481463	-2.48636697366395	26.54914993827999	-188.74117262537433	-188.39414168175574	123.85966945128826	79.606532064529	-208.5638747882188	175.03636292886233	-187.2704128901432	85.34987308604718	-101.43638872942964	111.1634759886075	-103.94354752048072	-177.04625223027773	-95.4186954297509	-153.29911930870657	-111.94155646899831	76.4452256018657	26.71523165360882	-24.087055806158823	-182.80345736990108
6.5	178.49135858968975	-174.20299543163244	-154.1026187280566	-1.5565460077273152	26.185018886954584	-189.01779681400683	-188.89622394195683	114.55409796446693	78.96978723066596	-204.88108316327097	173.86108905294617	-186.62808393041138	85.41979878781916	-102.21229932887051	111.28936910814278	-103.69549660559497	-177.2173254726278	-94.82859572131257	-154.73332268098054	-111.63334465082616	76.4236687303891	20.062013269827588	-24.736599403679964	-185.61938153617405
6.516666666666667	177.7530436197419	-173.1008879671861	-154.1411387677027	-0.9389779599371568	25.808242691477304	-189.49656002240786	-188.8367642598726	108.32550616020016	78.07684628316886	-202.7646783832598	172.9173819603242	-186.49182179138685	85.21704301725609	-103.29915002498487	111.19446780416122	-104.08112060810129	-177.0363148656532	-94.6069995363801	-155.37537966237556	-111.73741406840085	76.66537723551284	13.836037889988035	-25.37438519237922	-189.21922957315934
6.533333333333333	177.55258957090848	-171.97410925239623	-154.10356599671334	-0.05297281117083716	25.298979829419896	-189.48614038401527	-188.9953078832459	99.52470454049377	76.93060914376386	-199.1459699082318	172.51082832513774	-186.2518312748109	84.88811940659511	-104.22683469978193	111.0377163252464	-103.8187838972511	-177.46060366044807	-94.31331946402298	-156.36407781237548	-111.81503067705538	76.84357052173631	5.237651761375947	-26.312487514205618	-193.40413744395985
6.55	177.6897732069083	-171.5069462096737	-153.88249405033272	0.8601345086008618	24.590189761334596	-189.54221709709546	-189.4853645677004	93.54427006743484	76.35778142031191	-197.2200664392574	172.22720694149342	-186.48422897183391	84.37363446753483	-105.04640026891255	111.04889200611109	-103.48735571011147	-178.0490517509291	-93.82770425597064	-158.1113079033324	-111.72457306428197	76.87821715520015	-0.261271806824557	-26.8655060187815	-196.57824134305625
6.566666666666666	178.6408767638241	-170.6416521536229	-152.94938203704328	3.0042584129049734	24.433341549140263	-189.38587175590328	-189.8919116651201	83.51124160113602	75.42420069782577	-190.41415043070106	172.3556776771235	-186.61617602642937	83.69711997765417	-106.08393090174695	111.05901785637165	-103.69387544033293	-178.62970020244427	-93.33517034298353	-159.7474135983813	-111.52177245109701	76.92047198010088	-9.879277587338933	-27.87053869465837	-199.8923725968311
6.583333333333333	179.68819428611624	-169.93444954502033	-152.44045243226088	3.5125656211693514	23.796633929286404	-191.0661855826539	-189.99322045725603	74.4022761038553	73.71620498540898	-184.26218790987042	172.9755973389286	-187.03022192094235	83.45192068550222	-107.29834311465231	111.10600222361145	-103.74639560317017	-179.3341201846863	-92.5692442439703	-161.1616429718946	-111.26530719578028	77.5326208290275	-18.144244659776177	-28.90258967719443	-202.24881622366627
6.6	180.68095711430487	-170.42255202135613	-152.2586608935633	3.9546452959640153	23.054210895622948	-191.98647483975563	-190.0255030617478	68.68432204626185	72.54805211169801	-183.0600119326274	174.11491745592036	-188.29790322327793	83.34923233089089	-108.11319079537517	111.00092611062531	-104.01923019793627	-179.35133091829675	-92.00652777445958	-161.85280522364891	-111.18088498061638	78.02145432111679	-23.307108279958513	-29.59854833510746	-207.27571926050612
6.616666666666666	181.4339339841635	-171.50994243908502	-152.88505313758534	5.336609759766416	22.118282134773896	-191.53677264859866	-189.80137878506144	59.450680917677914	71.34267980661213	-177.58587186609037	174.63114540154368	-190.31592818999786	83.407199515587	-108.85253571273552	110.47775108496262	-103.39490936753621	-179.37912106583644	-91.6775419555008	-161.9498497127131	-111.39569870883156	78.68056834293895	-32.33816135154755	-30.102371906972152	-210.57486802616742
6.633333333333333	181.6850972184484	-172.9278564530418	-153.83327384208056	7.070901684784875	20.761256536135246	-191.40246218566693	-189.68922617724928	52.49759235864714	69.8936094229756	-175.5575809303489	175.27300053426478	-193.6588651820503	83.498114590144	-109.76764354380008	109.7642233432239	-102.69838444908122	-179.46197148032763	-91.14063556578844	-162.4105559027301	-111.47934263854245	79.29284655168813	-38.58007580568401	-30.673229000575365	-214.6078035095362
6.6499999999999995	181.79888856421718	-175.13055327968607	-154.34341954298552	8.663684790523957	20.228894634605247	-190.7487377834301	-189.4583986499267	45.982418208737585	68.91391590287411	-171.49693700852927	175.47763755542667	-196.1527618004025	83.51091753742845	-110.52543060365625	109.30813884938308	-102.03171552222011	-179.35854379947597	-90.99022593158872	-163.11585595034566	-111.56387772599865	79.48636973426643	-45.00400486052206	-31.316796260081592	-216.45245918764294
6.666666666666667	181.61951943793926	-177.03553123126088	-154.95694563292227	10.784091750339805	19.521795487678958	-189.72986498436074	-189.08441802900361	40.63788618796778	68.39409096228347	-168.78155476387607	175.1773151233437	-198.63135126791764	83.46137794942271	-111.50804688122115	108.64826923497094	-101.39745456115531	-179.1693053359456	-90.90803418633716	-163.49003316071057	-111.61582718560291	79.7546793859245	-50.32743850991626	-31.572681898317754	-218.9477858758488
6.683333333333334	181.2298488430419	-179.07947535749622	-155.24737658289467	14.376259801011086	19.03812979608691	-188.35878950809854	-188.8539855556781	35.47496793174787	68.17894736085279	-167.540834168931	174.82661687864217	-202.05179307963263	83.35645211550427	-113.0170411212152	108.23088398467755	-98.98956148380863	-179.3541907108712	-90.74554786409014	-164.30551206548148	-111.66718644466981	80.02329825176886	-55.398194251622115	-31.571579241824587	-222.76002277608177
6.7	181.19931138391723	-181.48372865336998	-155.3290086768813	16.405970843213037	18.152326333616937	-187.90076560933605	-189.15905289402974	30.728986039865084	67.98211418631982	-166.66736692816914	174.44397018035534	-205.7578857946055	83.15984694819639	-114.42372656897956	107.7805228381946	-97.76451265935987	-179.75654169933858	-90.36434038592418	-164.77026565142575	-111.59495111486666	80.19844195003567	-59.6474827629306	-31.79178813328364	-226.10495030169838
6.716666666666667	181.34817887474048	-181.3501897097702	-155.19517530486831	19.700182018577443	17.72319627021702	-185.8935283045622	-189.07894529076015	27.040943443863107	67.71773906221182	-167.07370854405463	174.23339080347424	-207.01524471867654	82.87899657858654	-116.71460445968756	107.4690278682092	-95.80922636413297	-180.17541343269028	-90.14755642624473	-164.81155602025564	-111.63939723742533	80.3198921542	-63.232611896108956	-31.936952709138286	-230.12986036174829
6.733333333333333	181.58771591270204	-181.02731929886903	-155.95484345916057	29.677354350181403	16.408392724696807	-180.92892051979865	-189.428310544515	24.247606929531543	67.36671573422049	-168.8657839509042	174.3576028887321	-211.26153946917452	82.65844109105421	-119.8672094025472	106.47754787279268	-90.73847746534615	-180.3715603386372	-89.81660062344403	-165.3083426634496	-111.75611134603017	80.44997375188716	-65.72937261260118	-32.167692502478936	-234.48315645573393
6.75	181.93505187149395	-182.95174714855833	-157.42886907594206	34.57999571077394	14.64929648415397	-178.62767617995416	-189.9029141167714	21.115451629565403	67.40133775132105	-169.65831540001477	174.54875988698444	-215.54265407179696	82.63110750936846	-121.72351638576791	105.04069339942055	-88.22372388323632	-180.61358050256962	-89.45085614315701	-166.24986942271585	-111.51656609120192	80.40444326525844	-68.54228439266664	-32.33061311241108	-238.02263398110205
6.766666666666667	181.92761126600627	-185.2032092990287	-159.44908815229505	35.91527587131238	12.643474516328313	-178.30160126008096	-190.32410070169502	18.09514315792841	67.14991395413662	-171.16182960317764	174.65761700704124	-218.53713223708985	82.79518416029491	-123.02893307158875	103.37346419254911	-87.61495590750879	-180.8981558857378	-89.13170413432242	-167.83609791058888	-111.15693118395097	80.35490762712817	-71.20563418974324	-32.633668772750006	-242.29086387034258
6.783333333333333	181.8944021812472	-184.83515489651276	-161.02050624807907	39.68807346679702	10.9149848928591	-176.73482709144577	-190.74868827834933	15.810121801109897	66.85127003350138	-172.69783640134403	174.8272339853803	-219.96518583428565	82.98767106652846	-125.18403964421661	102.07640918465978	-85.58764028150404	-181.05080817163775	-88.98260258882894	-168.8785799857648	-110.0121519626699	80.32883246825496	-73.0198996044422	-32.9773802846557	-245.63050921366172
6.8	181.97994947062395	-185.80976730364824	-162.15239070177603	41.2118652635959	10.388356031224921	-175.8807691205525	-190.7561611434895	13.719066909222967	67.57654371857912	-173.6303734785297	175.2969031810772	-223.02290652463742	83.33358215932414	-126.19697672895241	101.35759988293357	-84.91869126848546	-181.10260496223498	-89.01711406357069	-170.1161450459303	-108.42986111470077	80.30444449673227	-75.31399638837433	-33.043259516481704	-248.84660238631628
6.816666666666666	181.9819976264476	-183.1390142160332	-163.10942456748398	41.7723538979872	10.073996220211585	-174.93188161730387	-190.75766986342822	12.161327631913354	66.7931682437654	-175.3306679574366	175.77390072383992	-218.47555415366668	83.8242328282285	-125.83191694289754	100.87972809418048	-84.07406597010144	-181.2573821068326	-89.00805797322042	-170.81390588278447	-108.57881713884686	80.21926237740757	-76.98300033294295	-33.355880240049785	-253.881452258891
6.833333333333333	181.74520322675744	-181.46374320646257	-164.34333501747076	42.45796068002375	8.603646633553309	-175.24730620204622	-190.7576831460102	9.74486212616486	65.68745049889081	-177.65001600303754	175.61454335754905	-216.23791789083342	84.12791383768088	-126.61187032949563	99.83147880191143	-84.02467399009241	-181.24991007919004	-88.82998101214423	-171.57973534102982	-108.38014814431003	80.32749185386757	-79.31241918504435	-33.93156051639366	-256.74490471631526
6.85	181.06024356001407	-180.50851565803328	-165.49420848217278	41.95491990629213	7.579465978597615	-174.7196295329382	-190.80321018835716	8.898750663857319	65.52466220114573	-180.37727710457156	175.32455712829542	-215.28839770939652	84.39957469559123	-125.50815596975228	98.92685243152293	-83.33453411288608	-181.2353453976338	-88.75854359383511	-172.80471697012482	-107.86656540224874	80.40841537441152	-79.8107919649456	-34.034394260221056	-260.4218610459571
6.866666666666666	180.10560149443975	-180.94230486587102	-166.81894504168767	39.72165091851376	6.181367212955898	-174.26585997337233	-190.75285858173487	8.299867341691863	64.87907767510433	-184.84953518296894	174.86115485968844	-214.0829837129728	84.5974809798875	-122.8039896722869	97.74175284225531	-82.63445571449108	-181.33653906629795	-88.75716222532321	-173.7052233412902	-107.72469353897236	80.6263204686824	-80.22294133354609	-34.350771593971984	-265.26167668356635
6.883333333333333	178.86334516116898	-182.26817212451266	-167.90244817532295	38.646883769775	5.37615384561915	-173.7320451711651	-190.96450884605443	7.769896962864514	64.8718435700593	-187.5553724342105	173.81947403432696	-215.20986460222255	84.84126381031999	-121.44378049604208	96.89275899373094	-81.98365381873167	-181.74872128247205	-88.76081632487957	-174.83618731617509	-107.50371934810113	80.55348931484303	-80.75104690122899	-34.527054410037316	-268.4697268619536
6.8999999999999995	177.10104420660187	-187.08363392512152	-168.6262596519403	36.62474570028909	5.1098212323234184	-172.44150691403934	-191.49615283647944	7.8831236552136765	66.12451012230052	-191.16312381330252	172.20784331321602	-215.34393066233687	85.0901907345285	-119.8449874186772	96.38450902727928	-80.83782086780587	-182.06041091212342	-88.77287547030653	-175.17121958695355	-107.29101467207312	80.14267191549396	-80.85253032848692	-33.957183975755996	-272.15931048654033
6.916666666666667	174.70311417427826	-188.850949564803	-169.05467805400667	35.8094166020052	4.985117668045774	-171.77903442436826	-192.31467192563923	7.588623439846902	67.39446236020875	-194.12304289046082	170.0188701335358	-215.1543828227504	85.33979067106357	-117.0167042746429	96.18266019207461	-80.56962721633337	-180.4873179292333	-88.8080828288916	-175.47933008470898	-107.2361035280529	79.15966473359254	-81.06369054639457	-33.276193608738	-275.49841531835733
6.933333333333334	171.27975487994513	-190.38271777934796	-169.73904037580638	34.523621964421565	4.526110923763107	-171.75365763822012	-194.1020785594933	7.972153422170834	69.75610988187618	-198.93790457364156	166.796339410838	-215.396711588085	85.53344329221406	-115.35597080791388	95.66822213501416	-80.53758988434305	-179.16979875002204	-88.82389779782	-175.48081400558118	-107.59682515283114	77.1050164159689	-79.95948317746206	-32.8609839024269	-278.90655474542325
6.95	169.7658195831287	-191.2326009478644	-171.21987890342473	33.843578255363006	2.720762919175684	-171.74413419286168	-194.33703256386082	8.005689791503228	70.61694468255716	-200.78348293365485	165.422119335733	-214.8919488614724	85.66748449211508	-113.99992253335115	94.33394202910279	-80.22249182786348	-179.40568813272273	-88.58702958531255	-175.70001202801674	-107.87659470661075	77.13436618046185	-80.44238216093989	-32.36268002169243	-281.35728905360924
6.966666666666667	169.36826313163564	-192.51981345495238	-172.57799227361338	32.38452582383924	1.316640144161899	-171.97570236032098	-194.81747753407274	8.132108426580729	71.17105633295394	-203.9833796566157	165.09625757069023	-214.08723197156507	85.77116384814329	-112.30798714389137	93.16846221015453	-80.34498461475665	-179.38664106840582	-88.39642077413899	-175.87948600851954	-108.26647837764784	76.90726001573069	-80.14350915255274	-32.074421274214465	-284.2222313937154
6.983333333333333	169.4211153510144	-195.10481767421493	-173.6069081023793	29.78935614787028	0.6340318565622169	-171.87714347311442	-195.32315396916448	8.466593109379751	72.87308973480145	-206.4049328658362	165.24052490047882	-213.97743320791028	85.87862728121945	-109.23504359846127	92.26207965773452	-80.4037901975996	-178.940117626014	-88.48380414925589	-176.15543717034961	-108.35129786714421	76.27803402574504	-80.00987465392126	-31.149179002455714	-286.51177540518734
7.0	169.50360953361758	-195.731904865895	-174.39728576362012	26.80583736998829	0.2960234257245701	-171.89168366819044	-196.10006885008394	8.809714555127224	74.49537264265149	-209.08997012565362	165.47156734579718	-212.8406497610248	86.01913932229607	-107.09957419154651	91.673019861902	-80.58695242144371	-178.2812868806837	-88.61956849418348	-176.29123506680813	-108.41223178080297	75.33793844851087	-79.82963606320465	-30.31371099968871	-289.15650855944733
7.016666666666667	169.6176853139342	-197.87994508237432	-174.62196325321452	24.76191652777323	0.1564526115726319	-171.77773564531094	-197.59426318081125	10.110513191342868	76.50753236449034	-212.31415619772918	165.62662865180098	-212.90972867978255	86.09407335062266	-105.06639912925225	91.51320083729476	-80.47203268684012	-177.67151136934646	-88.60255098055238	-176.37867198971668	-108.60850742801071	73.93357995283819	-78.42901505646958	-29.648104930084735	-290.8142820354588
7.033333333333333	169.92086680250083	-198.8301396726522	-174.8217679123025	22.651770511836244	0.21936525094795045	-171.4403540220433	-198.31466891693364	11.010219662325246	78.12030158700503	-216.07066578120114	166.01296326775517	-212.41488143911715	86.13214103093543	-102.9988186404553	91.36068419997997	-80.46127177302559	-177.35068705031563	-88.75633231197328	-176.65599222597123	-108.99150662345247	72.9520823847843	-77.81443251599421	-28.947621418118704	-293.90161421098696
7.05	170.0721646486073	-201.01595794265836	-175.30400020388902	20.53363654631995	0.2326563279321991	-170.8971664168423	-198.8544914006358	11.54025255038662	80.21165324697874	-219.29818584783874	166.23548573924802	-212.14187645631245	86.17895250558254	-100.9469327527441	90.96698319837749	-80.46910343327771	-176.8443242246546	-89.03390900144103	-176.9439729977596	-108.87831214537161	71.95193216654528	-77.76501904718313	-27.86665022276443	-297.1499527117195
7.066666666666666	169.90036708396926	-205.05713359804014	-176.06132666020144	18.192927875078475	0.08984815778798466	-170.44822533887722	-199.65871834589933	12.029507720499396	81.98166229205067	-221.68663924808772	166.22688089782886	-213.30155706139834	86.33996837702198	-98.81115819593577	90.51385660433091	-80.41957455232023	-176.69513822967818	-89.41131821164306	-177.35485306578008	-108.64276651831176	70.79395189538143	-77.58095869298458	-27.184850648950846	-299.4373769905271
7.083333333333333	170.0116544735243	-205.2080855416292	-176.84634379507875	17.295012497310623	-0.16740170906528373	-170.0926662890117	-200.25873432452735	13.413677046362	84.22066393759452	-224.0116702886602	166.37552217849412	-213.02264597311535	86.4455981190764	-97.60763258165812	89.79357816939886	-80.3083750313792	-176.78959412758843	-89.84441355365217	-177.8049177188291	-108.42840011008627	69.86123112154856	-76.52316424598696	-25.898348443089805	-300.44608852550084
7.1	170.6305441736556	-201.14503424687024	-176.9769325605336	16.008133848520202	-0.15500409880268698	-169.5958049237666	-200.60931874467104	14.014997373436575	86.97060722195425	-225.61288573671214	166.89293149749304	-207.50581129481844	86.39333233272896	-95.80054222430873	89.67950477910617	-79.95623129692788	-177.0449977323703	-90.22635278835193	-178.10193290252897	-108.16012990511261	69.23365565959696	-76.19090267893768	-23.8267114899884	-301.8516476452204
7.116666666666666	171.33835643903654	-199.84423822760223	-177.24406332844254	14.144822496630317	-0.2969193166931962	-169.50281971975073	-200.85619192002832	14.809585719174828	88.45605768138091	-225.16684246719234	167.5567596819631	-204.311543804108	86.39454463650938	-94.1300714669168	89.37412328990021	-80.06593002961279	-177.30380622986004	-90.51673463926102	-178.122292349623	-108.08601299520451	68.676983104117	-75.54980770347736	-22.884473312341466	-300.6673237042485
7.133333333333333	172.20274822386364	-191.0362639338167	-177.470345230783	12.729097123261553	-0.4903379553492568	-169.56295991884318	-200.94840290803728	15.306624506221517	89.30827491239458	-227.83934064720734	168.43881459648009	-192.56749063730402	86.3383375145012	-92.758570436578	88.96103272855859	-80.14499993909624	-177.4316613539375	-90.62696065067851	-178.19976381063765	-108.02518697694863	68.5790182732784	-75.044798897773	-22.046173083736463	-302.8945682546413
7.1499999999999995	173.75274673478415	-181.66397959902451	-177.76531180693564	10.998863485913667	-0.7664238383025737	-169.8895901149715	-201.20389936838916	16.12547062853239	90.32925999353516	-231.90452989952965	170.17240603966573	-182.30625605671176	86.30147223489602	-91.27757092031435	88.55601546960372	-80.41044980672257	-177.43685784395947	-90.66678567821559	-178.1841265150006	-108.15422584231047	68.17518112085207	-74.34402614123582	-21.41124146933434	-305.9992089040396
7.166666666666667	174.8225296310319	-175.31811233781548	-178.07928584410993	8.217740210184669	-0.9971883011031563	-170.48718692102267	-201.49201470900715	17.25755900051285	91.53050403602465	-236.88790417933998	171.16727448173273	-174.57774740998957	86.28161639441801	-89.322867615528	88.17022336390093	-81.02454378664748	-177.4734185187466	-90.72717563526511	-178.0856644037206	-108.28638666887446	67.71294856017082	-73.51167816963385	-20.67205815990309	-310.04248952599625
7.183333333333334	175.63531366940748	-171.66330302586238	-178.2964910484918	6.2083254364365414	-0.9840295268163377	-170.63470356467116	-201.51526089636826	18.067019336046588	92.29052503328165	-240.88559271931967	171.91838455236046	-169.50665544759988	86.23135110224887	-87.39431614186292	87.84235927373531	-81.34734625027514	-177.54583383277105	-90.92189966238408	-178.30728174495923	-108.33894336799554	67.41358556356941	-72.79868105146596	-20.03566657588639	-313.64472075684165
7.2	174.8502482221781	-165.3494169872543	-178.71370122742817	4.120799788199428	-0.8485158197273647	-170.74637690892766	-201.62711075980525	18.82903954704085	94.30029409923783	-241.72202861289543	171.70999599444073	-161.7197198031291	86.22109783116686	-85.78016113388941	87.37496336120388	-81.79291409886191	-177.67505939807307	-91.15147980840223	-178.69141493736754	-108.22124622647752	66.8789727197599	-72.33787088226174	-18.661262509385246	-313.9267266617287
7.216666666666667	174.63420338899314	-159.4627519193295	-178.7336719918772	3.203776984072924	-0.8060105942000504	-170.3573438543519	-202.00068085054784	19.389767701792877	95.9738376009362	-243.4514007754272	170.84575971938682	-154.8902833676053	86.09022973200545	-85.26552493536656	87.04437580812551	-81.99177211865955	-177.9289369247107	-91.82620533772266	-179.4095289960762	-107.56696799349379	65.57462928807429	-72.29068750184287	-18.41661646348753	-315.9531264157547
7.233333333333333	174.4570052051459	-152.25257954294705	-178.8634776401464	1.9178227367272374	-0.7412084732395119	-170.255346988175	-202.04797470152135	19.751468481833506	96.40466670609857	-243.4826751666396	170.32338127896963	-146.936604387717	85.90638645088424	-84.69992397262506	86.62464123521838	-82.48177805595542	-178.397218783822	-92.42421166224752	-180.22183138267712	-107.28979818676892	65.30764076358736	-72.21981213860758	-18.29547641055823	-316.31760573405876
7.25	174.52380978123438	-148.95549046050485	-178.80709885218886	1.2117385081731193	-0.723100089245129	-170.4017749645052	-202.04712860533613	20.370792896670157	96.70683687635828	-244.7925060017498	170.165742447784	-143.36241715894332	85.64514317404208	-84.43840615108535	86.44249937582754	-82.94790973844833	-178.9528234877872	-92.64776677021443	-180.65596639950243	-107.19298050298616	65.07963444407721	-72.15890064122752	-18.223022850754063	-317.06425744460756
7.266666666666667	174.57797756225364	-147.3593146936613	-178.6524755099126	0.7526310602159565	-0.6945494519113328	-170.51258990880444	-202.05845389870456	20.809628572675273	97.56109997512456	-244.77126066235937	169.96376319376276	-141.73271158661615	85.20166824587963	-84.38783063113993	86.28303979224651	-83.38364805358675	-179.76763158094894	-92.92487289770897	-180.96680809427073	-107.20243466832916	64.58834612430341	-72.06561923101626	-18.07819681244159	-316.9750870950198
7.283333333333333	174.76054977710314	-152.29446429451573	-178.031490596599	0.3392329705717048	-0.5548588220425611	-170.64803944903463	-202.05924254250235	21.342376317632958	97.84585353401826	-244.70737421677956	169.44948615532678	-146.6112526227759	84.40251488668264	-84.35366970635688	86.22974719813328	-83.84857220307717	-180.03119873089028	-93.18715686469056	-181.11454823270572	-107.11313846443791	64.67537323516443	-71.8798373404634	-18.124149692386325	-316.7110267661072
7.3	174.4902578163306	-158.82129089422503	-177.69106442715028	0.2761249034179343	-0.48931657451431326	-170.84133538550964	-202.0049717643564	21.982241527389544	97.52429919299881	-246.73074947586946	168.53890566025333	-153.63191289640272	83.91114803532295	-84.75411699601665	86.1917285030232	-84.32257187370645	-180.03884323785124	-93.32000588262434	-181.25661645237798	-107.09657526051775	64.68115492418912	-71.51142345742598	-18.066859534171066	-318.0579466867571
7.316666666666666	174.32211498802522	-173.99803058832842	-177.30474457341865	0.2600356985931698	-0.4064175559404657	-170.9505340645803	-201.89724516166518	22.285669541503236	97.24956043327157	-248.5260938252552	167.57478494216187	-168.65091332636416	83.19721563420093	-85.19372299340115	86.13458128239405	-84.64227606407188	-180.24047069354074	-93.60564145684322	-181.68216971501033	-107.01169753310722	64.55690790396686	-71.44908702212848	-18.470497157203038	-319.86936681656647
7.333333333333333	174.204875667381	-195.00300478212912	-176.7296102785507	-0.2960967225379205	-0.19240595792087603	-171.21865951269285	-201.43456072102697	22.45603487698451	96.7084479070741	-249.7986248008805	166.5576522504608	-189.9149398729534	82.28466651599604	-85.26353433119245	86.01464433385941	-85.2742845358085	-180.38518653858875	-93.92364062773805	-181.97675073916048	-107.11073598334644	64.7783285658794	-71.53017314662974	-18.757338143811435	-321.265421882829
7.35	173.74698309581336	-210.0426709720188	-175.39484390495582	-0.5262595189779806	0.06509874236767216	-171.49192274447952	-201.28233734676076	22.561051995276983	96.36633502448768	-251.66976000226103	164.85032047623713	-205.16288536391477	81.13412954339121	-85.33488156671663	85.99618405149853	-85.79899130868547	-180.58976177141508	-94.22528226082736	-182.43835827817048	-107.1800190240212	64.62780559698007	-71.63029914509094	-19.01036354451465	-323.26409739906194
7.366666666666666	171.39185692532172	-224.60392769862776	-174.42926013914146	-0.5486415708496385	0.24663607091064266	-171.872243982387	-200.99087968682565	22.535537034276835	95.86350451676188	-252.26462977700194	161.6019786428531	-219.9638119425627	80.09104749047445	-85.62346818297273	85.98945386434661	-86.39526288955662	-180.9343857770046	-94.4460892284979	-182.70176184529643	-107.25886747822366	64.85939714901909	-71.80985937352611	-19.19305060752319	-324.1108824115815
7.383333333333333	167.8746751817766	-231.2225849593794	-173.16178489159654	-0.35297376957807014	0.7044999904519711	-171.81938383502893	-200.5810364434638	22.59373082329173	95.8874211773381	-252.9391424794847	157.19821275022295	-227.32736945650748	78.79996298540037	-86.32728307811767	85.98119003779547	-86.67607347198766	-181.08387638051485	-94.91821825598248	-183.05204655828243	-107.38496262840579	64.93377108677356	-71.95604575074556	-19.160564575066623	-324.9637232714298
7.3999999999999995	165.7518371676523	-234.73877765573064	-171.75832594091017	-0.4092580535665945	1.2155191306861557	-171.95834977233085	-199.80467621194592	22.719463698408525	95.28683231062341	-252.2905129399422	154.08324334146192	-230.92959620817436	78.16344410251634	-86.64959735506214	85.97796452708958	-87.16901376481445	-181.27676890490977	-95.24593101791477	-183.38454834942704	-107.76633323745641	65.26093255530624	-72.23096273949034	-19.272429392054903	-324.6645857968419
7.416666666666667	161.60443278887564	-236.11437069167286	-171.4634276233512	-0.28730219686226066	1.3496211499208528	-172.02051609023977	-199.03279095915093	22.664544731265913	92.91929364321447	-252.01755812646638	149.10515614977572	-233.73963848001807	77.55791054967655	-87.05369611587999	85.9560844268273	-87.38003885845916	-181.40357629357217	-95.52666186505066	-183.61858352823603	-108.50481566401692	65.65901962406738	-72.65599911438886	-20.17182575336999	-324.8995245263112
7.433333333333334	154.7036650845411	-235.2114073989057	-171.08032939135586	-0.2686612154508692	1.8213688203539973	-172.05110101644814	-198.13049945305693	22.79870672861137	91.78431805935391	-251.4482955641244	141.7881758925296	-233.51281073313197	77.13010836434825	-87.60821372238539	85.93438057958218	-87.87108645653146	-181.47044207637018	-96.12355816400097	-183.8420828596141	-108.12868612110525	65.93694824141622	-73.23408326338695	-22.160521053191903	-324.7526870476742
7.45	152.83811123308863	-234.7212978120777	-170.54219858602008	-0.5630660281523191	2.81519447236889	-172.00646858189947	-197.3650715721808	23.018087897754405	91.67091230190998	-251.80731849817184	139.47625990836448	-233.29046919115655	76.68559541242503	-87.99788740243311	85.92430435576695	-88.76983207001024	-181.7011481444918	-96.8214389024992	-184.42078199331263	-107.67904590915462	65.8766325382658	-73.71900205947117	-22.25049994771137	-325.59731542118027
7.466666666666667	146.6914458834877	-233.82566810409992	-170.38024664155637	-0.6017253189055087	2.70490912336133	-172.3597363965432	-197.08583245527745	23.01028761097963	90.4771610494123	-251.92920581643293	132.86868999262495	-232.64714348997381	76.31510331320604	-88.30920911054147	85.90878830669001	-89.22991683377035	-182.02032005914364	-96.85273188509171	-184.73554255950788	-106.52593758258007	66.02302565859787	-73.89102750456571	-23.39045170433178	-325.83739030719374
7.483333333333333	140.7743154071924	-232.8947219169766	-170.2720669216501	-0.6074817964637048	2.6389414680394556	-172.76364538232377	-196.9242274536229	23.075640295541426	90.12301777862785	-251.42581967498958	126.72590732648862	-232.17934113541313	76.12734491149766	-88.89945137961041	85.88894208251044	-89.53955067591107	-182.3403974298559	-96.90948142577402	-185.29016197412992	-106.89370931141599	66.20810814022927	-73.967710552776	-23.479441664315395	-325.6417958735426
7.5	136.59812961999285	-232.82676310211008	-170.49376339912624	-0.8861113285119666	3.144355288855444	-172.92945551264393	-196.37916130981478	23.128691446634228	90.63166765022895	-252.5436385472719	122.96324049692737	-232.39357367400152	76.4447638739995	-89.3471508802161	85.9317716481534	-90.29102672276794	-182.31000030650884	-97.26847070579865	-185.65576926305076	-107.0725701232856	66.2708601853416	-74.05085397771097	-23.0297269084217	-326.4161561453597
7.516666666666667	132.38018607788644	-231.90840947725684	-169.9765615391068	-0.9786834021203227	3.242690636627694	-173.27391552236344	-195.99382701486962	23.1421224444639	90.54909640997256	-253.1080361870362	117.99664079548023	-231.81581554003253	76.15266306143221	-89.77530392392626	86.14172800235676	-90.57058431478757	-182.23693012095987	-97.25609882279885	-185.70068757624136	-107.7386140265639	66.65200356416352	-74.18563822742391	-22.68831539666191	-327.00820041086337
7.533333333333333	126.49109761344137	-232.8792824319434	-170.4486932736101	-1.5326259482484903	3.33842791288748	-173.76147276151556	-194.97501506229392	23.10711489539807	89.9910335175509	-253.53859275449324	112.20857941437714	-232.83704534516266	76.9491719926398	-89.8966115765324	86.33668377592974	-91.56364710526549	-182.19333867728733	-97.61967170499841	-185.4176567725222	-107.27298194549675	67.15171696493319	-74.54184096352046	-22.820682369033104	-328.22407875675276
7.55	119.82721873496396	-230.96062962372443	-170.79428715739553	-1.5243051306479944	3.5754834400073685	-174.296090282132	-194.45662043944992	23.127021574776897	90.29237538892237	-255.05185187297343	107.83112459530764	-231.1598957923182	77.34303951470721	-90.21299762355717	86.40923780979622	-91.89570330944463	-182.20436441498435	-97.50588164807384	-185.26214888872147	-107.19445562112176	67.81135446155248	-74.62185739824362	-22.21085231079908	-329.677301344171
7.566666666666666	115.54367834224064	-231.67709673451665	-170.9972720406704	-0.9176335818595034	4.096933063664659	-174.8079704831451	-194.343628142257	23.117949957385306	90.50318586868524	-254.94934636244983	104.72323416599258	-232.45638805263374	77.40000242698903	-90.72141512219461	86.40285635929062	-91.78721311069147	-182.2204683669276	-97.02964846740325	-185.0156971658481	-107.71766357122436	68.60902113066281	-74.80723928362761	-21.264500915303607	-330.0118826792281
7.583333333333333	109.62308438106842	-233.06424799706852	-171.34076075697175	-0.5510954915067627	4.227732894956228	-174.82994023848343	-193.86164469791822	23.073637172293992	91.09855941840107	-257.0400526135977	97.76952963123648	-234.1558314283375	77.81378832153561	-91.08188076301875	86.45858148551443	-91.79806580223048	-182.17856601840748	-97.01126813938077	-184.61557780230748	-107.56855029216295	69.12017591460054	-74.32205973471441	-19.78567514322435	-331.309553810889
7.6	106.02854183064085	-231.8621120429508	-171.10078615321197	-0.22314240557108592	4.305656135519026	-174.6349607658159	-192.94844690670502	23.046819441825306	93.01150044301126	-258.84050699214725	94.00617730208661	-233.46136054491043	77.90480745051406	-91.62835081820256	86.73853412463487	-91.96692405270014	-182.13490685765015	-97.2808257674653	-184.471778642211	-106.76079297452908	69.61122446981408	-73.99312134940632	-16.992734792179366	-332.5172698858935
7.616666666666666	103.94091426731231	-234.50030634492973	-171.25468031129117	-0.003352477485234529	4.181089578671962	-174.81526524479142	-192.6653921557394	23.088935060815878	92.98267565319111	-259.4960457329602	92.41739635260592	-236.5864310810248	78.20276019356842	-92.0857279789021	87.00131557274234	-91.93008037098723	-182.17211021255432	-97.06682362862247	-184.40493390366387	-106.84200785925634	70.21580037417549	-73.8932685800595	-16.80293244224784	-333.3794513648239
7.633333333333333	98.5546082517298	-238.0444642008849	-171.61708686745203	0.04454225434855157	4.079094451168807	-175.5946564909695	-192.36297439565593	23.04088501238747	93.18163488542466	-261.4364161449042	88.01361490448916	-240.47106941347997	78.91727128181003	-92.4181244863477	87.37362676244773	-92.23671772522816	-182.19200059389564	-96.72121300802198	-184.37489491571	-106.93015039297296	71.07784956049451	-73.72137655805498	-15.706034385027143	-334.95677248412005
7.6499999999999995	93.57184216617051	-238.40713772463147	-172.3381386280864	0.021291827079351535	4.098976276850291	-176.29906513514663	-192.44354601194826	23.049797140366852	94.25075715212093	-263.0148154607601	84.11670104525089	-240.75006161655497	80.20591272869132	-92.63802165055151	87.70915937820956	-92.6946413339904	-182.15671331388089	-96.5576892626851	-184.35104796140203	-106.56222388858122	71.16255220633683	-73.58218575277073	-14.541583573289104	-336.39161410041197
7.666666666666667	91.81651200641623	-238.36070882366957	-173.81676665439218	0.08432346279550143	4.098142382017267	-176.285341541595	-191.79226958042034	23.275552068493155	96.0927267030602	-264.64555955529016	83.74709212220338	-238.9086460096279	81.74440349733817	-92.9641911532377	87.83669063858576	-92.85034761307537	-182.0855065524671	-96.55957456686839	-184.25107463447773	-105.66851673333807	71.62791980814085	-73.54187995438761	-12.193700516409459	-337.7663401790792
7.683333333333334	89.00823818541082	-238.36982451764553	-175.4159605054626	0.16755262255316675	4.078309110334176	-176.7256897642016	-191.72867171117588	22.935321419345748	97.64694796920409	-265.5578589389079	82.46175142621033	-241.446892959748	83.335088917701	-93.26417184234674	87.93560791992044	-92.94584946641635	-182.0946414731394	-96.37647637784647	-183.95903051304876	-105.59453153636774	72.0671282026979	-73.52725551912323	-10.288340307714751	-339.10244261551185
7.7	90.51515766104347	-238.4909005688495	-176.44957883278008	0.24073757170429438	4.088120476196982	-177.18079697989046	-191.55513797710938	22.689930649875024	99.86081025852786	-266.4650347615636	84.96929378295337	-241.89352213636982	84.48418618093851	-93.51562833080341	88.14736839199519	-93.16118236727985	-182.18422777820487	-96.10944327561872	-183.5608621717828	-105.58055736983742	72.44678754737805	-73.48507330820996	-7.654841972877165	-340.01677516571914
7.716666666666667	91.0104917487803	-238.5014963666801	-177.83436984047847	0.38077146369170306	3.923764192914787	-177.68292390608124	-191.1164398863868	22.322952357355838	100.19036199991687	-267.8657068727538	86.56410461136035	-242.27548052333208	85.72623502819485	-93.8666197755606	88.25038708240686	-93.28921888958119	-182.49634238872005	-95.71133445147149	-183.09179308972244	-105.28732119159704	73.3027405183112	-73.42560424553017	-6.5566542299247335	-341.44374957614497
7.733333333333333	89.25480449241859	-238.3824696263206	-179.4727238578545	0.4935982863635871	3.818726164745575	-178.113917822537	-190.81161509542687	22.1343171530239	101.50904240509844	-270.54994671085853	86.87748706995707	-242.46402722190751	87.6222221271158	-94.15990818162223	88.34248595881932	-93.48971951369259	-182.49577172128846	-95.41110322860268	-182.55193330863216	-104.34874717164571	73.86596233813286	-73.3179494184733	-4.725039926446676	-343.78969755071034
7.75	92.03754649984621	-236.36221371329688	-179.73284439723022	0.38385403844267185	3.9159766402619356	-178.66286588857747	-190.62730782477297	21.943146727099602	103.18850761249308	-271.06406282691523	90.21132207620616	-240.49840382639871	88.36755238835836	-94.33938210843678	88.62654084415048	-93.94612820941606	-182.68225476794174	-95.27275774107142	-182.21196900296232	-103.46533075557608	74.08200561941095	-73.31591383865569	-2.9490590861064874	-344.1699617884928
7.766666666666667	95.64861672534198	-236.07917844878625	-179.99995195787324	0.32946644960277405	4.007273724551074	-179.17429217340685	-190.28665252224138	21.779755154538666	104.10489774905747	-271.5672035089151	94.26956852825408	-240.52013190823266	89.10631958878245	-94.500334310386	88.9953235676191	-94.20639902191877	-182.8304747957477	-95.02548081682254	-181.8661956710383	-103.10649315066703	74.67573896720484	-73.24484740523073	-1.8415489709043684	-344.7471963168884
7.783333333333333	91.49883855629426	-236.56948044335712	-180.5903549719551	0.18812202771186567	4.126544606790507	-179.65251525009373	-189.4297349016539	21.652775944662523	105.70264435365243	-271.9109017365732	91.56497513362557	-241.08298129270796	90.31628910519694	-94.55386791273739	89.29005247244612	-94.53485650368914	-182.88003645727355	-94.86028466603399	-181.63051559431156	-102.30481630714449	75.68142287867857	-73.19084718050019	1.292924279866183	-345.11052087151984
7.8	93.70506475601532	-236.12031563537315	-180.83946236115548	-0.05667925876022889	4.052953196598892	-180.15148217785364	-188.8546640260526	21.63051404876338	107.24438829343234	-272.20461060110586	94.5483717236706	-238.9585386045921	91.10242666351672	-94.54903947261025	89.2996629272766	-94.8150953356365	-182.9321227461844	-94.66470253639513	-181.31739126114428	-101.68486765746982	76.371178524709	-73.03740277680197	4.032582086851962	-345.1575983700389
7.816666666666666	102.27493372209806	-235.78560542925277	-180.92819139431646	-0.4565100596701961	4.301946234563303	-180.39782149384723	-187.70607400745376	21.529060193651247	106.61171891187406	-272.08938934389323	103.15706187848491	-240.01969554705448	91.2213317137904	-94.43462293559212	89.80061710710848	-94.94940937169622	-182.9957740425861	-94.51060359396527	-181.0229758264708	-101.17534779214492	77.61421514049533	-72.96644502547387	4.3456245351761265	-344.9860617112491
7.833333333333333	111.93153356649871	-240.86880368952563	-180.87075610800284	-0.9857366967445302	4.573688883587053	-180.77524419745671	-187.12436685404793	21.314923150883136	106.44297965611601	-272.6131876255425	113.6567344780457	-245.33652444318997	91.4723885359064	-94.27710014448819	90.28332038213439	-95.13237361267163	-183.0987942896467	-94.31100551116596	-180.82527671886317	-100.81178382506175	78.32853035940227	-72.94977085531733	4.686022625137374	-345.54866351778924
7.85	117.03200402662753	-248.80607417375043	-180.8535738131049	-1.3586539582642967	4.978856501219606	-181.1903340941655	-186.71679064976888	21.087577405568545	105.82888131914069	-272.337208884184	118.97650517372934	-252.75390458102976	91.72123218679982	-94.0350592743923	90.82038704605145	-95.36602722342697	-183.25799438177637	-94.15437639907525	-180.56452836505952	-100.28385659397776	79.29458631226927	-72.95549963788424	4.9429563034894795	-345.3324034943739
7.866666666666666	118.51063434296827	-260.68291476878494	-180.0878534572408	-1.7356771048243955	5.6065498737823685	-181.58356497467204	-186.53665601818045	20.838756881053413	105.81572627413605	-272.04506791993936	120.16851098518768	-263.4329690491877	91.7039677819051	-93.82699460617104	91.63067215640358	-95.5097458137808	-183.51516219144997	-93.9648771943433	-180.32213517098202	-99.85394425120506	79.72411230352927	-72.94958694354985	5.316405063129348	-345.1461570527046
7.883333333333333	128.67495628374098	-266.3530878801567	-179.53495262460248	-1.775934944247195	6.329988330624467	-181.72326184461434	-186.34745574523296	20.727678747832627	106.8750030921642	-272.31461929318453	130.68906198436312	-270.0201424796092	91.82344641238271	-93.76872603596301	92.48773927161149	-95.51581500473276	-183.63419275703856	-93.80476183428108	-180.1652856529714	-99.30784689576575	79.94511162867357	-72.96755374424086	6.707686105248136	-345.4408830328784
7.8999999999999995	165.57047367726756	-266.98239302149267	-178.902947373218	-1.7947314506856573	6.808976472065237	-182.17416660269055	-186.29680872601386	20.680990995319366	105.99247139859642	-271.96820219497846	167.52276699807905	-270.6584310573292	91.70800122666462	-93.8527190287762	93.24314134116797	-95.58697663816196	-183.5507899928797	-93.55175761672692	-179.8723177821427	-98.70730843660894	80.10427289414616	-72.83799706058821	5.731645712104685	-344.90877806569836
7.916666666666667	238.75394642789604	-263.0877008921558	-178.34244619340393	-1.8775181247830788	6.886876083998253	-182.94610450865895	-186.74928529880492	20.623085025072456	106.28999639494778	-270.93864992981946	240.28897753708566	-267.0954149743937	91.39873797913611	-94.11969348293032	93.70184727895341	-95.64879818381424	-183.60928740308697	-93.134926855337	-179.60084176003795	-98.160189601155	80.0338027789889	-72.59837868790285	6.475941901401415	-343.6294804572934
7.933333333333334	240.7448959325538	-261.26210489309807	-177.32710172058557	-1.458755417356618	7.12895394373116	-183.11778326773336	-187.25698356181232	20.590063230006173	105.10905800494767	-269.8970814211816	241.98168466089837	-266.12119562823074	91.14147929185341	-94.75301819314714	94.27754334283652	-95.68047621827807	-183.89050316812217	-92.85291523929153	-179.3079028041824	-97.64685399264647	79.81082163490532	-72.37177105504597	4.909657521865786	-342.4340532261847
7.95	251.04224628927477	-260.4867267882733	-176.65336434929523	-0.6770723917123068	7.256041860506092	-183.05766833963673	-187.59041166131476	20.61850591985922	102.04016969433405	-268.800927336404	252.1478053430684	-266.21001988436706	91.01225863016072	-95.61297487194838	94.56964759115927	-95.69595416624898	-184.08904455058268	-92.70309860707013	-179.0236109295077	-97.13892479399334	79.6628323311891	-72.14913907367398	1.415223754593647	-340.8058267432553
7.966666666666667	250.09532007974042	-259.86940338647196	-176.23561579349396	-0.1307918913999902	7.341712132365943	-183.11848388100967	-187.69034020169903	20.66465411990793	100.57652579718643	-267.2070485613336	251.00192831529014	-265.72014434735877	90.89955258781488	-95.81178106802932	94.72865901878674	-95.72807599966883	-184.1632357478485	-92.63960488501431	-178.95800006882044	-96.96384334832291	79.64435658385625	-71.9936914588084	0.8223988785447276	-339.04144586236026
7.983333333333333	249.66812189089126	-259.21833265296016	-176.10340235659635	-0.04434882700600523	7.366943448051433	-183.1608907718906	-187.71316674204553	20.711656690701965	100.68629981580042	-266.8154720757714	250.44920328126523	-265.07778335775265	90.84022393562299	-95.8446663319645	94.76109442888739	-95.76021561425544	-184.13423550730136	-92.62659371046885	-178.85352689326243	-96.92900314236178	79.64029549833849	-71.91147712054573	0.7214031420847034	-338.5875815540036
