PathFileType	4	(X/Y/Z)	C:\Users\dkfc9\Desktop\pitching_analysis\sports2d_results\sale_01\sale_01_Sports2D\sale_01_Sports2D_px_person00.trc
DataRate	CameraRate	NumFrames	NumMarkers	Units	OrigDataRate	OrigDataStartFrame	OrigNumFrames
60.0	60.0	396	22	m	60.0	0	396
Frame#	Time	Hip			RHip			RKnee			RAnkle			RBigToe			RSmallToe			RHeel			LHip			LKnee			LAnkle			LBigToe			LSmallToe			LHeel			Neck			Head			Nose			RShoulder			RElbow			RWrist			LShoulder			LElbow			LWrist			
		X1	Y1	Z1	X2	Y2	Z2	X3	Y3	Z3	X4	Y4	Z4	X5	Y5	Z5	X6	Y6	Z6	X7	Y7	Z7	X8	Y8	Z8	X9	Y9	Z9	X10	Y10	Z10	X11	Y11	Z11	X12	Y12	Z12	X13	Y13	Z13	X14	Y14	Z14	X15	Y15	Z15	X16	Y16	Z16	X17	Y17	Z17	X18	Y18	Z18	X19	Y19	Z19	X20	Y20	Z20	X21	Y21	Z21	X22	Y22	Z22
0	0.0	551.4676176160128	402.64062797223744	0.0	544.4211352920436	400.77393101314624	0.0	539.9043537184608	485.129310699302	0.0	549.7153897482917	574.1600694860138	0.0	515.1603167224168	592.3247976853462	0.0	519.2612218655373	589.2945565650145	0.0	553.8219131856088	589.4140709423531	0.0	559.092311313797	400.78084170191653	0.0	547.4246136773819	490.9563806111937	0.0	569.0728684291696	577.6457229069701	0.0	533.9169670890261	594.6053415709007	0.0	542.7699937125016	596.9754683245259	0.0	579.0053217858915	591.1387618605542	0.0	552.6408231324838	295.28535503520175	0.0	537.4363351831759	243.71888100122794	0.0	525.7194237527507	274.7788169631798	0.0	545.6213080452644	312.8596795294808	0.0	545.6314145696165	353.324511948245	0.0	524.5230806712104	365.5853138277388	0.0	569.6374234953262	312.27867016461005	0.0	582.0698172833797	367.38827624642647	0.0	538.5949243751811	372.02903579293786	0.0
1	0.016666666666666666	551.4399292680802	402.76836321714507	0.0	544.3929965356334	400.7963874149574	0.0	539.9778887324479	485.1663610009736	0.0	549.707176872611	574.1689038095765	0.0	515.1444840503686	592.342965189084	0.0	519.2454475834704	589.2482235024735	0.0	553.8040922632247	589.4501842130296	0.0	559.0698010099179	400.8058060911943	0.0	547.4410398060982	490.95576806877534	0.0	569.080282561166	577.6374006770905	0.0	533.9183479841287	594.5579984074875	0.0	542.8205680347858	596.9570340975524	0.0	578.9938644297791	591.142424819634	0.0	552.6147312387329	295.2791344824327	0.0	537.4477178652251	243.69965691578378	0.0	525.7285285496788	274.76797395349274	0.0	545.6035709172293	312.85394681019557	0.0	545.6317745237333	353.39109978182955	0.0	524.4952439246725	365.5791179980448	0.0	569.6187786236185	312.2797385840489	0.0	582.1294147768929	367.4133185271221	0.0	538.5857416586634	372.02277872126024	0.0
2	0.03333333333333333	551.3751242646606	402.94984354305666	0.0	544.346325443023	400.837921941605	0.0	540.07369016095	485.2507543189415	0.0	549.6952907206633	574.1835415873377	0.0	515.0906339936184	592.3812029286082	0.0	519.1916470555796	589.1577174428203	0.0	553.7542024101331	589.5220176291855	0.0	559.0046576305378	400.8425697161279	0.0	547.4678749257776	490.9548987391598	0.0	569.0948048458189	577.6238471450142	0.0	533.920524924285	594.4637371258527	0.0	542.9266293099364	596.9195023825328	0.0	578.9755156836657	591.1510427397567	0.0	552.552996995019	295.25989869228795	0.0	537.4797427255248	243.65608831017664	0.0	525.7511959688038	274.7338191399794	0.0	545.5503755896361	312.8392175316375	0.0	545.63257422964	353.59946675413573	0.0	524.4207809756177	365.5611986736965	0.0	569.5708406174874	312.28250852328966	0.0	582.2518222416431	367.4502154195903	0.0	538.5613029975873	372.00594743058747	0.0
3	0.05	551.2412927152848	403.04280764396776	0.0	544.282715545603	400.9175540196781	0.0	540.102954107055	485.4239963960855	0.0	549.683535058719	574.2019078123626	0.0	514.9291511498964	592.4509460745489	0.0	519.0297125110671	589.2013646717978	0.0	553.6316422242139	589.6459544060258	0.0	558.8346321046897	400.8878547450714	0.0	547.5217572296833	490.95069582098824	0.0	569.1330370819205	577.5955142305006	0.0	533.9301295530591	594.288696193848	0.0	542.8820242753186	596.8360362343706	0.0	578.9531075681227	591.1600828044457	0.0	552.4241511079861	295.1892594326713	0.0	537.5919227888265	243.55450829627398	0.0	525.8252340354845	274.6143822888886	0.0	545.4093013609593	312.79335787916324	0.0	545.6475216624669	353.64542400444634	0.0	524.2420868713918	365.4974910441193	0.0	569.4630823999191	312.28304513216113	0.0	582.2871277355172	367.4959280686882	0.0	538.51253403215	371.9501971238488	0.0
4	0.06666666666666667	550.9933798474469	403.1002504130552	0.0	544.2132711005854	401.08901466265706	0.0	540.0476668959748	485.72445306274255	0.0	549.6764994027791	574.2296569778541	0.0	514.4204867324422	592.5856257526264	0.0	518.5185173717603	589.1858786782278	0.0	553.3344968281762	589.8299618848803	0.0	558.4100673806117	400.95453181076766	0.0	547.4473845430136	490.94149797721775	0.0	569.2262441239062	577.5414269181481	0.0	533.7985185423532	594.2354538602092	0.0	542.6342863464911	596.6856074383445	0.0	578.9327051551438	591.1811459789367	0.0	552.1799372078299	294.91471932620533	0.0	537.9430193129314	243.31911954110203	0.0	526.0380790642038	274.1835605949308	0.0	545.0342629143981	312.6407957741033	0.0	545.3581832203097	353.30393401963624	0.0	523.8450958234632	365.27427478947413	0.0	569.2313690200214	312.25219508404183	0.0	582.222932203854	367.56223896521647	0.0	538.4129617740306	371.7685513080043	0.0
5	0.08333333333333333	550.6657392839463	402.9683632849702	0.0	544.1103806487063	400.8543918720079	0.0	539.9210024117184	485.79850824379616	0.0	549.681360720824	574.2420184330133	0.0	513.6781715468122	592.7659815307001	0.0	517.7722582360379	589.2863577070709	0.0	553.1802450903286	589.8684522338456	0.0	558.0284637741296	401.0054148825335	0.0	547.4136166134199	490.9985322881306	0.0	569.4109232568401	577.6004044801882	0.0	533.8418292300541	594.2121482715556	0.0	542.6538692429855	596.6164477753314	0.0	578.926617754583	591.5484852542149	0.0	551.8374738766756	294.2419014780834	0.0	538.4018846663384	243.2600273598165	0.0	526.1972883583454	273.7553709585004	0.0	544.1958155752922	312.3779045952685	0.0	544.9924231337704	352.7276858742787	0.0	523.542323864601	364.834426156129	0.0	568.8076188121462	311.84666517779385	0.0	582.0683376686343	367.6006370556291	0.0	537.7629680581954	371.46508071288986	0.0
6	0.1	550.5986425026138	402.9085527462763	0.0	544.0877041360452	400.68295444841834	0.0	539.8541913054218	485.80576846351687	0.0	549.6783340955446	574.2409876947801	0.0	513.4812775416815	592.7895834096487	0.0	517.5723800759064	589.3476570210954	0.0	552.9836371494774	589.814627496673	0.0	557.9035961797376	401.0176861971739	0.0	547.3829935671077	491.0239341717991	0.0	569.468452154938	577.6170464440063	0.0	533.8594663010446	594.199826264997	0.0	542.6567506012076	596.593636960904	0.0	578.9099981834576	591.7351957005833	0.0	551.7775367833044	293.92724972358195	0.0	538.5238985451088	243.26476374204708	0.0	526.263976651133	273.60597040190135	0.0	544.0791747445274	312.256341182569	0.0	544.9987457144924	352.21366349351376	0.0	523.474012170646	364.4259278047891	0.0	568.7613878944933	311.54040868820994	0.0	581.9552206971015	367.5750662608883	0.0	537.5341129370082	371.31632639695624	0.0
7	0.11666666666666667	550.7280337494242	402.86715463004464	0.0	544.1754265311688	400.56727101353187	0.0	539.8059864339288	485.76593493941107	0.0	549.6686612282077	574.2458646796225	0.0	513.4094186975525	592.7702342913739	0.0	517.4984125974117	589.3925782373357	0.0	552.6799887471107	589.7256237031868	0.0	557.85539043898	400.98157871924434	0.0	547.3546847664844	491.0109798673082	0.0	569.4802911661301	577.6088834782493	0.0	533.8655058897643	594.2184169686597	0.0	542.6426720629195	596.6159804699633	0.0	578.8867748226356	591.8510605925885	0.0	551.9034768952401	293.6938478155047	0.0	538.5441020489804	243.27966774308118	0.0	526.2820125311518	273.4756874990282	0.0	544.1118427832132	312.1611360154319	0.0	544.9870129214803	352.05847915172285	0.0	523.4499719858038	364.3171070261233	0.0	568.8353362950368	311.2444387433402	0.0	581.8621101007735	367.6492813581352	0.0	537.4767474015767	371.20392719004496	0.0
8	0.13333333333333333	550.7831556444347	402.8339521905599	0.0	544.1890804113568	400.49432291043524	0.0	539.7771084645574	485.72635744935747	0.0	549.6662371768743	574.2574986923854	0.0	513.38386783853	592.7717233174549	0.0	517.4722194744654	589.4214191401927	0.0	552.6168061917748	589.7048431737253	0.0	557.8439918763594	400.89465419189435	0.0	547.3437858800503	490.98631417946416	0.0	569.488614592722	577.6213041906979	0.0	533.8739174943644	594.1842095638333	0.0	542.6362501338386	596.5951359266389	0.0	578.8755692244711	591.81984986902	0.0	551.955562142965	293.6250095148871	0.0	538.5599212679722	243.2596770582527	0.0	526.3128486429327	273.2339955422686	0.0	544.3221155604515	312.0065420641203	0.0	544.991305744905	351.9834894744954	0.0	523.4912380967485	364.2832147140113	0.0	568.8751908862002	311.1784678000847	0.0	581.8242385773661	367.6754488787009	0.0	537.4470508661996	371.0619111808257	0.0
9	0.15	550.8111075989541	402.7973740659993	0.0	544.1451975017274	400.4329845925561	0.0	539.7651018231452	485.6784813833774	0.0	549.6671684421423	574.2683902566932	0.0	513.3585493167626	592.789259628562	0.0	517.446715590788	589.437796616779	0.0	552.599799475077	589.6671748165527	0.0	557.8451529010118	400.74027508806785	0.0	547.3399755798521	490.94782769009663	0.0	569.4893687031904	577.6711593787131	0.0	533.8827622427917	594.1617777899135	0.0	542.6276826483673	596.5455223322692	0.0	578.8695630678271	591.8063607799495	0.0	551.9808498521214	293.5789000170548	0.0	538.5707492094798	243.1931645902579	0.0	526.3583595800076	273.17192631615626	0.0	544.3753649746676	311.7836492506191	0.0	545.000523730211	351.8920948314409	0.0	523.5747969791644	364.25983672492714	0.0	568.8895249483572	311.1440594480948	0.0	581.8097253590993	367.63300961632257	0.0	537.4272454002581	370.8660285322426	0.0
10	0.16666666666666666	550.8131987420676	402.76425925298645	0.0	544.223332139389	400.3886166506901	0.0	539.7485752407658	485.6391516590146	0.0	549.6617436036743	574.2786489501867	0.0	513.3030521580886	592.8427443406106	0.0	517.3903390468904	589.4464249110977	0.0	552.5796934687253	589.6171453982687	0.0	557.8303719988482	400.67614011804267	0.0	547.3309015731711	490.90889709710893	0.0	569.4885654438538	577.7168391754076	0.0	533.8831319611345	594.1459872802191	0.0	542.5907319707686	596.5070906298237	0.0	578.8558279635129	591.8007143669347	0.0	551.9831325399798	293.5522564800816	0.0	538.5662583180714	243.09176674434497	0.0	526.4076948740689	273.15337546229136	0.0	544.3931782588295	311.6983241883612	0.0	544.9966954176077	351.77495964144674	0.0	523.5064150840586	364.251997859359	0.0	568.8934201209131	311.1440473298976	0.0	581.7931718627235	367.5234890445348	0.0	537.4058742533776	370.8475080370728	0.0
11	0.18333333333333332	550.8177056688322	402.7570330873132	0.0	544.2741068718639	400.38593008970025	0.0	539.7441048719157	485.6258558410522	0.0	549.6605204238354	574.28875652777	0.0	513.2063962296245	592.8593272699565	0.0	517.2925297047817	589.4518432891354	0.0	552.5760985793116	589.5931542704029	0.0	557.8287430607081	400.57083926877795	0.0	547.3282626124175	490.8908281827568	0.0	569.4882553590951	577.7527419304723	0.0	533.8851293386999	594.1379350705744	0.0	542.5283903531988	596.4851259911745	0.0	578.8483278558175	591.7997989209848	0.0	551.9876007122695	293.6057283656255	0.0	538.5694881891471	242.99881925461213	0.0	526.5140003683748	273.1983305747995	0.0	544.4014778512532	311.7127625032204	0.0	544.9940683220102	351.67323808273466	0.0	523.5030643083704	364.2399344161316	0.0	568.8924573807027	311.1413384009329	0.0	581.7910083484022	367.3705619872587	0.0	537.405403500107	370.74285288860807	0.0
12	0.2	550.8233371418161	402.7571841737999	0.0	544.3214581528412	400.38485628704905	0.0	539.7461555904601	485.6242278564032	0.0	549.6619893702373	574.3017758665412	0.0	513.3406599782973	592.8442439028365	0.0	517.4294189377499	589.4603605724176	0.0	552.5790481277965	589.6222728537963	0.0	557.8338378553557	400.51548210331896	0.0	547.3292842396578	490.8842782606122	0.0	569.4891494252745	577.7829691928141	0.0	533.8862477305029	594.1410494087063	0.0	542.4126611687109	596.4807144666895	0.0	578.8476070477166	591.808616169774	0.0	551.993071290644	293.64652216508136	0.0	538.5742931675159	242.96734437859908	0.0	526.6468539444934	273.22660085741956	0.0	544.4067076968702	311.7359213737525	0.0	544.99750769386	351.4977752660596	0.0	523.5042603597354	364.2458783116774	0.0	568.8870001828498	311.1565515316696	0.0	581.7793071080971	367.26222710750136	0.0	537.412631607569	370.7205846638194	0.0
13	0.21666666666666667	550.8267068038497	402.75499746995234	0.0	544.3611097661652	400.3845899696662	0.0	539.7493949817606	485.6230558974987	0.0	549.6633860909847	574.3120804535397	0.0	513.3823502116715	592.7828822205528	0.0	517.472035742011	589.4634752972707	0.0	552.5807355183669	589.7142777303741	0.0	557.8389620181015	400.49696373800657	0.0	547.3303531896356	490.87993537766545	0.0	569.4857074630386	577.8035295285553	0.0	533.8830864748236	594.1424827185606	0.0	542.2242040232549	596.4770356828863	0.0	578.8499702002052	591.8151922605366	0.0	551.9967909520058	293.6656483221823	0.0	538.5767639038169	242.96824184192113	0.0	526.7891770260314	273.2358762604477	0.0	544.4093858922894	311.7446010522126	0.0	545.0015007277448	351.44681996130873	0.0	523.519497877636	364.2431439270878	0.0	568.866367776171	311.16215594895874	0.0	581.7762985910198	367.2057979219328	0.0	537.4203289945312	370.728080059707	0.0
14	0.23333333333333334	550.8281122833807	402.75053515193366	0.0	544.3928021761739	400.38480935187687	0.0	539.7529020855754	485.6275718810656	0.0	549.6643148999026	574.3297032537698	0.0	513.3989026636812	592.6975917621996	0.0	517.4892474065423	589.4773462114633	0.0	552.5811206918465	589.7226872389213	0.0	557.8460047747476	400.5123651075936	0.0	547.3308148633716	490.8826457612457	0.0	569.4768000176052	577.8341334100767	0.0	533.8729787518575	594.1631999696427	0.0	542.1630298933019	596.4953024948165	0.0	578.8571938599755	591.8420444153628	0.0	551.9993522267064	293.6644168450447	0.0	538.5765829749938	242.97908103326967	0.0	526.849634866102	273.2306861977021	0.0	544.4089472889154	311.7355982617785	0.0	545.0058108626686	351.4174762227676	0.0	523.5536896919594	364.22999379604164	0.0	568.8191828445922	311.15299271636513	0.0	581.7819884392471	367.1747164016327	0.0	537.429287327288	370.75946769129746	0.0
15	0.25	550.8307973903488	402.74759428127027	0.0	544.4194062040419	400.3854222377869	0.0	539.7635626541436	485.6385202648782	0.0	549.6666335020346	574.3521688692344	0.0	513.4077281231874	592.6714014681066	0.0	517.4988702487711	589.4950378449616	0.0	552.5841720527038	589.8077805414609	0.0	557.8609444182006	400.5907044319402	0.0	547.3328756451095	490.8922648219814	0.0	569.4588734948011	577.8703158977208	0.0	533.856707954753	594.1956744779736	0.0	542.1380879451615	596.5257494040175	0.0	578.8709239754236	591.8819130230625	0.0	552.0033709229699	293.68750693473567	0.0	538.5780538247394	243.0415504099086	0.0	526.872569453629	273.2339048125427	0.0	544.40989341766	311.7383146847151	0.0	545.0158699064892	351.4108324970707	0.0	523.617175751526	364.2191132235929	0.0	568.7228121330961	311.1548590462619	0.0	581.7965235359545	367.1554268129505	0.0	537.453171349386	370.8533604366363	0.0
16	0.26666666666666666	550.8353676805524	402.73995321213124	0.0	544.4470384526911	400.38646243865844	0.0	539.7865397607609	485.65414987888937	0.0	549.6706111361493	574.3877946853918	0.0	513.4155738238236	592.7122206216186	0.0	517.5070744552031	589.5217672697506	0.0	552.5903954002222	589.8125138797354	0.0	557.8895535954207	400.748236887036	0.0	547.336553391596	490.9065478226869	0.0	569.4242981515254	577.9145858351831	0.0	533.8369732972606	594.2512721251192	0.0	542.1434443171713	596.5812865865323	0.0	578.8955184308766	591.9439408391073	0.0	552.0092970259228	293.70937160294494	0.0	538.5801110721809	243.1327495866064	0.0	526.871325381197	273.2274214075222	0.0	544.4115770473483	311.721607848229	0.0	545.0343346428916	351.3887577907543	0.0	523.712049142461	364.18535177645066	0.0	568.5492937746761	311.1397906992695	0.0	581.8240283148144	367.1282016402596	0.0	537.5038652910741	371.00939514511975	0.0
17	0.2833333333333333	550.8406917415423	402.74097610754075	0.0	544.4532819531356	400.39418444581725	0.0	539.7972318286129	485.6839065079922	0.0	549.675681625816	574.4450538106144	0.0	513.4253737159763	592.7024866911108	0.0	517.5170734803911	589.5521135232229	0.0	552.5969130749369	589.8903048318855	0.0	557.8963773549536	400.86093085858295	0.0	547.3409691648461	490.9334719641763	0.0	569.3601776843169	577.9701038005651	0.0	533.8115025145343	594.326632099452	0.0	542.1353017665426	596.6597434139145	0.0	578.9091669323443	592.0176183609428	0.0	552.0157897823774	293.858025398647	0.0	538.5825600247302	243.16189132098754	0.0	526.8670844650225	273.258066945396	0.0	544.3731483300556	311.7687392221378	0.0	545.0351257203871	351.3395703932364	0.0	523.7512604668921	364.166812455155	0.0	568.4797367767916	311.18184104353094	0.0	581.8376024285895	367.1201021656789	0.0	537.5950279041007	371.07312836423614	0.0
18	0.3	550.8487378007183	402.7526540746284	0.0	544.4458739206523	400.4111121448424	0.0	539.801589318998	485.72399863246613	0.0	549.6828809370445	574.5309073287897	0.0	513.4395189068157	592.7256629423143	0.0	517.5313798890368	589.5988411373708	0.0	552.606742741461	590.0285191614271	0.0	557.888276320645	400.94610855591964	0.0	547.3470686290473	490.96727980045296	0.0	569.197111289294	578.0519631687631	0.0	533.7795506273153	594.4038735839342	0.0	542.1162583449454	596.7450638626235	0.0	578.915035929751	592.0911122311088	0.0	552.0240170107448	293.92475802307774	0.0	538.5860599555829	243.17820888877753	0.0	526.8573660794914	273.3486400457939	0.0	544.2823810026254	311.94451275799634	0.0	545.0209907241833	351.34332387429026	0.0	523.7552661638063	364.1715638779302	0.0	568.4511201472532	311.3310734593562	0.0	581.8417383495872	367.1396410120309	0.0	537.7614761245919	371.11094489955354	0.0
19	0.31666666666666665	550.8589640225842	402.761976864434	0.0	544.4471140485406	400.4215197884255	0.0	539.8153006724993	485.74321576692336	0.0	549.6917562410894	574.577334745803	0.0	513.4526843827941	592.7412219202712	0.0	517.5445486259383	589.6580576854983	0.0	552.6188969002317	590.1951474210538	0.0	557.8910344696365	400.98643370506954	0.0	547.3550599056173	490.98905540773285	0.0	569.1016535392706	578.0960500306326	0.0	533.7277366058104	594.4502741805915	0.0	542.1162547680124	596.7901028905487	0.0	578.9228662548726	592.1304671316977	0.0	552.03294378129	293.96635240251936	0.0	538.5936581212582	243.1953525578782	0.0	526.8359749319015	273.38751199187266	0.0	544.1634787019499	312.0371699111022	0.0	545.0142585775809	351.3623645269104	0.0	523.7228796110373	364.1697323809089	0.0	568.4334985465227	311.393169281596	0.0	581.84803341968	367.1673389844627	0.0	537.8843556289899	371.1322917777826	0.0
20	0.3333333333333333	550.8662870047938	402.77566926414704	0.0	544.4486275201442	400.4350428764128	0.0	539.8554918176285	485.76167293019444	0.0	549.698917135453	574.628975233539	0.0	513.4592126736204	592.7639745057354	0.0	517.5511682529915	589.6833252767642	0.0	552.626809457946	590.3402104707175	0.0	557.8946575669725	401.01932259587	0.0	547.3609174371713	491.0114474564799	0.0	569.0571168727992	578.1456655714212	0.0	533.6248757522769	594.5012532537315	0.0	542.1201145474931	596.8386720897701	0.0	578.9297545614854	592.1722713962771	0.0	552.0391494156236	294.0042826542025	0.0	538.5983002503207	243.21443534732504	0.0	526.7673878466736	273.3818508664441	0.0	544.0252077734968	312.11513249354067	0.0	545.0132824157447	351.4232799389554	0.0	523.6398510251452	364.17199602548135	0.0	568.4272848117753	311.4235891176414	0.0	581.8532341311584	367.1849424650525	0.0	537.9433563493056	371.1487664698326	0.0
21	0.35	550.8674014977983	402.7921845476997	0.0	544.4464115317763	400.4542968152739	0.0	539.947466637621	485.7694438428029	0.0	549.7019392506729	574.6528372640196	0.0	513.4620202887397	592.7798970387689	0.0	517.553742068115	589.6342601910803	0.0	552.6265473966348	590.4000172397963	0.0	557.8917301051348	401.051422925245	0.0	547.3629876899988	491.02325430094186	0.0	569.0251570858165	578.16987094181	0.0	533.6149687791867	594.5329682101581	0.0	542.122838378245	596.8700813512067	0.0	578.9307232832316	592.1826771560842	0.0	552.0413926499599	294.0524057515827	0.0	538.5977778564464	243.24704017148724	0.0	526.611526653872	273.33096963335845	0.0	543.9641770645726	312.17653923871086	0.0	545.0173284148989	351.55801874913914	0.0	523.5699524854533	364.1727017194954	0.0	568.4199403205179	311.4235992854334	0.0	581.8529075068839	367.19994255267034	0.0	537.9746778820054	371.15752600061	0.0
22	0.36666666666666664	550.8579396027776	402.81655582314386	0.0	544.43611586369	400.4857095230709	0.0	540.1402863509547	485.78189035669186	0.0	549.6988382328275	574.7133033991128	0.0	513.4586894362212	592.8065968085451	0.0	517.5500160644191	589.5480039125373	0.0	552.613297656463	590.4696000490753	0.0	557.8754147381944	401.10311358976253	0.0	547.3594726462098	491.03929587839366	0.0	568.9934901405579	578.2306464363232	0.0	533.7356308444224	594.5852889749995	0.0	542.1200568580732	596.9183466889378	0.0	578.9241437745201	592.2280266928634	0.0	552.0392099617502	294.12817921554586	0.0	538.5884362141783	243.28486769731714	0.0	526.5302292078559	273.2132988214188	0.0	543.94503947053	312.23331280108715	0.0	545.0069472608309	351.5533098517833	0.0	523.540170534465	364.19230582012653	0.0	568.4068902612387	311.3991085307297	0.0	581.8460484001528	367.21859557207705	0.0	537.9799082888183	371.16664887397565	0.0
23	0.3833333333333333	550.860451942343	402.8017582801052	0.0	544.4398039142047	400.49468020003417	0.0	540.2594040513371	485.8051708172684	0.0	549.7052402798879	574.68566887201	0.0	513.4693354664838	592.7929068399872	0.0	517.5602908208787	589.4997210962185	0.0	552.6189472901303	590.392904474251	0.0	557.8787621909784	401.0994255403109	0.0	547.365824549387	491.0680749628358	0.0	568.9891852625267	578.2151139968568	0.0	533.8114432981889	594.5787634578826	0.0	542.1565737674271	596.9104606013868	0.0	578.9271690990381	592.18204267399	0.0	552.0456485014755	294.1573705637728	0.0	538.5939208450548	243.2958639178662	0.0	526.4655494230487	273.1412594411724	0.0	543.9302966264247	312.2492688320667	0.0	545.009998227224	351.55390965837023	0.0	523.523781256549	364.2220362432242	0.0	568.4160374172624	311.4082222108362	0.0	581.8490835884742	367.21554871330113	0.0	537.9940377402811	371.174089877095	0.0
24	0.4	550.8736286587456	402.79839007314575	0.0	544.4541251636841	400.48064855017026	0.0	540.3286569142244	485.7927134210772	0.0	549.7195117041689	574.583568630064	0.0	513.4873714597145	592.7566463808963	0.0	517.578125920144	589.4599154139712	0.0	552.6405430359641	590.1504819042125	0.0	557.8997404121159	401.060946353281	0.0	547.38019482155	491.06233361535953	0.0	569.002156241894	578.1573783143224	0.0	533.8770558584171	594.5460563324469	0.0	542.1842920968284	596.8769271642553	0.0	578.9384733845272	592.1706765194381	0.0	552.0576007758348	294.1634070658407	0.0	538.6091297983428	243.28225455412627	0.0	526.4194564640301	273.1003271236176	0.0	543.910654779405	312.2321081213449	0.0	545.0235612475719	351.58514704428035	0.0	523.5192374616147	364.28413117213364	0.0	568.4393144786407	311.4768160442084	0.0	581.8606408911237	367.1998861839412	0.0	538.0141725462804	371.18160980284136	0.0
25	0.4166666666666667	550.8890608175915	402.7785269812146	0.0	544.4705426383921	400.4532395570367	0.0	540.3782539009842	485.7601168330338	0.0	549.7355857475495	574.3336970798108	0.0	513.5045671774868	592.7064048291884	0.0	517.5951499906332	589.4550374272226	0.0	552.6690848565624	589.9857725834227	0.0	557.9297260770235	401.0054208700384	0.0	547.3962524581717	491.03537465794267	0.0	569.0145374808915	578.0390290079822	0.0	533.9231372618561	594.4933405166362	0.0	542.2173223234134	596.8248047989125	0.0	578.9511190261874	592.1153854571896	0.0	552.0707215462273	294.1745215812557	0.0	538.6256409466674	243.26430159588352	0.0	526.4050410862252	273.073409580084	0.0	543.9155795400254	312.2068047937899	0.0	545.0366539555984	351.71263791677467	0.0	523.5295649408049	364.3684915832019	0.0	568.4635101501426	311.49251714301045	0.0	581.8727657544903	367.1798599228358	0.0	538.0300351763285	371.19145098128433	0.0
26	0.43333333333333335	550.9232420035083	402.7444883135546	0.0	544.5012690333714	400.4132844704752	0.0	540.4200768888554	485.7180781025088	0.0	549.7599314454008	574.0861431650712	0.0	513.5263514896416	592.6556524795551	0.0	517.61709923693	589.5298786930051	0.0	552.6936983332994	589.7991487185127	0.0	558.0031219352298	400.9297796171993	0.0	547.4205234422689	490.9963868211347	0.0	569.0455981589828	577.8105963997448	0.0	533.9608451395328	594.4295284163957	0.0	542.2729700522409	596.7647901556469	0.0	578.9739142342243	592.0247524952492	0.0	552.0918333656425	294.19641958363513	0.0	538.6576454835565	243.23575324613452	0.0	526.4164784315312	273.04321912922615	0.0	543.9634381314257	312.17215732500784	0.0	545.0667194783668	351.7904431115768	0.0	523.5614971669796	364.5386368116511	0.0	568.4793819327385	311.4668646226047	0.0	581.8938760084932	367.15545165785954	0.0	538.058719315653	371.1773530096626	0.0
27	0.45	550.9539334861862	402.70690567299664	0.0	544.5185929061972	400.3707609010893	0.0	540.4337454014292	485.6844888848084	0.0	549.7735655916805	573.9417974542118	0.0	513.537975269425	592.6180108723031	0.0	517.6284848168245	589.5720584227016	0.0	552.7154998669696	589.6507098455243	0.0	558.1311072811691	400.84778191153566	0.0	547.4346190649848	490.9637659494058	0.0	569.0624549943361	577.728441265967	0.0	533.9751818485619	594.3739813656678	0.0	542.3698056576177	596.7163627422408	0.0	578.9879995082446	591.9144096554429	0.0	552.1066321110067	294.20891012215077	0.0	538.6746808070161	243.1997188790726	0.0	526.4207181601687	273.01256107323815	0.0	544.0116315353977	312.1381813310039	0.0	545.0897511355064	351.82538794963466	0.0	523.6203377918841	364.6282340419694	0.0	568.4873785050393	311.4048096245806	0.0	581.907807542251	367.14146029273115	0.0	538.0566847188295	371.15586304948556	0.0
28	0.4666666666666667	550.9816191484532	402.66263955685605	0.0	544.5210657733371	400.3233334044487	0.0	540.4322356956816	485.6539382172383	0.0	549.7765510753567	573.8429930561017	0.0	513.540914062535	592.5808700919476	0.0	517.6313894412363	589.5934142047944	0.0	552.7387986528468	589.4976344078159	0.0	558.3600439952759	400.76162825280676	0.0	547.4380082560015	490.93000388736004	0.0	569.0674097322558	577.4956967953515	0.0	533.9875624688327	594.3067612274259	0.0	542.5371335549135	596.6667149052926	0.0	578.9923440461278	591.7448585490608	0.0	552.1110980560679	294.25401417357256	0.0	538.6715564551291	243.14837936663994	0.0	526.4152678785721	272.9687464804479	0.0	544.0804246703505	312.09987337262817	0.0	545.098445354217	351.8235238339895	0.0	523.7501231389567	364.64910975139594	0.0	568.4883275187692	311.426354548015	0.0	581.9132949687423	367.1386060927847	0.0	538.008272043156	371.121573561133	0.0
29	0.48333333333333334	551.0347550121718	402.6124207566701	0.0	544.5223648057657	400.27208926139394	0.0	540.4304363993645	485.62046418480804	0.0	549.7779546624439	573.7145260886231	0.0	513.5413852251652	592.5270525634617	0.0	517.6319531813607	589.5879064266022	0.0	552.7883356834154	589.2773919884353	0.0	558.4680412588089	400.7693557386266	0.0	547.4396112705466	490.88572450846175	0.0	569.0743603473529	577.3282272364834	0.0	533.9934609181131	594.199907805689	0.0	542.6418407956813	596.5999145167269	0.0	578.9953965446243	591.4951991103118	0.0	552.1136384747064	294.3372939764575	0.0	538.662481618011	243.08789663053983	0.0	526.4108533996729	272.90439858851084	0.0	544.2244163987848	312.0574934197666	0.0	545.1074651217496	351.7880293192211	0.0	523.8406467118477	364.6202834210276	0.0	568.4906791599185	311.41515847055797	0.0	581.9175204577343	367.1564096783917	0.0	537.9088228919184	371.07045030412826	0.0
30	0.5	551.1480635902287	402.5749522308075	0.0	544.5229861078101	400.23165071066717	0.0	540.4276964174303	485.6027006741798	0.0	549.7786470053557	573.6303680936102	0.0	513.5370854160984	592.5153039662645	0.0	517.62826054182	589.6051971140589	0.0	552.8981422865843	589.1211077594401	0.0	558.5155454040141	400.7621291838363	0.0	547.4401490794507	490.87140523184655	0.0	569.0912351706885	577.2739887965323	0.0	533.9938497154044	594.1137369002265	0.0	542.6968165569317	596.57203064864	0.0	579.0010918610816	591.4144016059728	0.0	552.1155028461078	294.3498688041841	0.0	538.657484357557	243.03111500734676	0.0	526.404428277358	272.82380950725343	0.0	544.3472799128479	312.0044722374688	0.0	545.1226634077225	351.7500449381265	0.0	523.8731925602893	364.58794038833514	0.0	568.4969250822573	311.3864976548359	0.0	581.9241440480537	367.2660738354889	0.0	537.7224822843863	371.020718037646	0.0
31	0.5166666666666666	551.3704437902479	402.55892570787273	0.0	544.521853313506	400.2132446203465	0.0	540.4235749456708	485.6136407725474	0.0	549.777588773494	573.5340791876563	0.0	513.5303210255596	592.5314998922292	0.0	517.6221911015422	589.6388926974522	0.0	553.1063930958028	589.0724809924341	0.0	558.53321049963	400.76102595988266	0.0	547.4388415279957	490.8910508325731	0.0	569.1199115548113	577.2498687892173	0.0	533.9904811523331	594.0187827284993	0.0	542.7151317208587	596.5567390895928	0.0	579.0043655635426	591.399081303369	0.0	552.1147911345173	294.3572213959743	0.0	538.6376004509857	242.99046673783712	0.0	526.3968800842932	272.79034970114293	0.0	544.4348389589743	311.96610785259327	0.0	545.158494848365	351.73920752718794	0.0	523.837970853165	364.5897183110853	0.0	568.5037546339532	311.36862296004307	0.0	581.928655471427	367.35269208742045	0.0	537.6063088113181	370.996827109253	0.0
32	0.5333333333333333	551.464550466686	402.5653586949712	0.0	544.5230547081538	400.21675279374375	0.0	540.4207088495382	485.61321436310976	0.0	549.7768495751975	573.4268902083309	0.0	513.5229929877337	592.5712993892042	0.0	517.6156127305608	589.6852789487128	0.0	553.1990444211099	589.0981844171266	0.0	558.5415309418723	400.7669653502091	0.0	547.4377671184932	490.9027033675551	0.0	569.1743438332145	577.2274404568367	0.0	533.9868343019704	593.9211860604898	0.0	542.7339610154131	596.5403116832912	0.0	579.007638628141	591.4316945813775	0.0	552.1140681623933	294.36775495330795	0.0	538.5936874352856	242.98036542614608	0.0	526.390508095096	272.8124717318283	0.0	544.4700469466559	311.9526565813571	0.0	545.2632485438739	351.76708002130835	0.0	523.9469116445025	364.64210780938026	0.0	568.5141989355614	311.37195714752164	0.0	581.9332152345382	367.4172635727747	0.0	537.5598358526449	370.9931081307171	0.0
33	0.55	551.5036606418519	402.58519145216303	0.0	544.5325439792182	400.23214643260087	0.0	540.4209839855305	485.6274379994712	0.0	549.7781559552282	573.4062726479847	0.0	513.5171751529068	592.6179890595369	0.0	517.610497921838	589.7210577344403	0.0	553.2354236420342	589.1451104623739	0.0	558.5486440423322	400.7734818971346	0.0	547.4387426168996	490.9093819787572	0.0	569.2808474862195	577.1841993243661	0.0	533.9859337141432	593.8881817160898	0.0	542.7451314213911	596.501669131186	0.0	579.0125179219395	591.478067298686	0.0	552.1159673220798	294.38421192739827	0.0	538.5006916547318	243.00736434581563	0.0	526.3881862775138	272.9205962229313	0.0	544.4896503539386	311.96522417624135	0.0	545.566069517986	351.8736017349088	0.0	524.035575578529	364.7824627188252	0.0	568.5306347383228	311.40531738844095	0.0	581.9391163752248	367.4630398298964	0.0	537.528362429377	371.00031248738946	0.0
34	0.5666666666666667	551.5147026861387	402.5897249430091	0.0	544.5455561885562	400.2266982514707	0.0	540.4172062938932	485.63877722305836	0.0	549.7769728722361	573.435149425545	0.0	513.5059110421472	592.6721116762803	0.0	517.6003659782251	589.7677942373109	0.0	553.2553021503999	589.2044783523286	0.0	558.5505765268484	400.7825025215192	0.0	547.4369712016536	490.919799862923	0.0	569.4748676470176	577.0800939722743	0.0	533.978477925199	593.911763320217	0.0	542.743002032911	596.439855618172	0.0	579.016218636082	591.5328054046772	0.0	552.1141085792457	294.3623287172426	0.0	538.3059572657303	243.015967466448	0.0	526.3798245823598	273.0804486484572	0.0	544.4940171046755	311.9536478442426	0.0	545.8117764602468	352.0912094462482	0.0	524.1146623578813	365.02358472387436	0.0	568.543452294429	311.4356827709644	0.0	581.9444116626357	367.47066620682534	0.0	537.5034360979154	370.9927873009671	0.0
35	0.5833333333333334	551.5174714511796	402.59417440990126	0.0	544.5776648120802	400.21361347226104	0.0	540.4145993286136	485.64567527853904	0.0	549.7760551696565	573.4645143697165	0.0	513.4949749215676	592.7223307046181	0.0	517.5904791392379	589.810280807335	0.0	553.2649908900169	589.2476124926427	0.0	558.5519117500626	400.77976272110345	0.0	547.435439805371	490.9308027420691	0.0	569.5741817185456	577.0520314516975	0.0	533.9705581365274	593.9407632036109	0.0	542.7368580034685	596.4361281739997	0.0	579.0177115174066	591.5732399915363	0.0	552.111308449106	294.34374591042774	0.0	538.1807414728742	243.07523448233326	0.0	526.3726011941121	273.21132734654515	0.0	544.4928100068618	311.9571844926832	0.0	546.1222089698481	352.2111793812876	0.0	524.2436651637224	365.1401077493068	0.0	568.5529400204846	311.5179434763761	0.0	581.9482384157174	367.4724651857614	0.0	537.4854804713832	370.984722669862	0.0
36	0.6	551.5187495221736	402.57818451688235	0.0	544.6385198523383	400.2071392494886	0.0	540.4145384785056	485.65076742090554	0.0	549.7770699131228	573.4644685460944	0.0	513.4851865409809	592.7484857905772	0.0	517.581689682998	589.8204071605485	0.0	553.2690329560357	589.2573156252831	0.0	558.5556296631038	400.7802511501445	0.0	547.4357953385756	490.9199928306708	0.0	569.61093748301	577.0417102680174	0.0	533.9629733233421	593.9452992396835	0.0	542.728980817528	596.4656387543494	0.0	579.0194559739223	591.5888995377852	0.0	552.1095988265886	294.29986752347486	0.0	538.1061355100583	243.165235237548	0.0	526.3679121574046	273.2854361631581	0.0	544.4899985592983	311.9455564368067	0.0	546.2106028986676	352.2283154446146	0.0	524.4678691135756	365.1723762473015	0.0	568.5618398678498	311.6588137024629	0.0	581.9529594495503	367.45225882256017	0.0	537.4712325386777	370.9594589297402	0.0
37	0.6166666666666667	551.5210950318992	402.5637547306803	0.0	544.7500821773729	400.19372221850534	0.0	540.4182376298401	485.654011499593	0.0	549.7813638701189	573.4732982458361	0.0	513.4778144061141	592.7730116754585	0.0	517.5751745012367	589.8268257163991	0.0	553.2721555837559	589.2715812644284	0.0	558.5630281538525	400.7734006785297	0.0	547.4395156515591	490.9018388209615	0.0	569.6290581667655	577.0844734380873	0.0	533.9563460675353	593.9575574497212	0.0	542.7197140981209	596.5469240747773	0.0	579.0219316610219	591.605366495638	0.0	552.1107880302629	294.26436784442535	0.0	538.0727483605691	243.20575056714708	0.0	526.3681485960235	273.38715281445957	0.0	544.4874321384636	311.9739023268427	0.0	546.2385468974632	352.2398897024873	0.0	524.5368996459272	365.21096157312166	0.0	568.5692006379925	311.71244805565766	0.0	581.9591926593623	367.43466128989576	0.0	537.4582830360594	370.9383139850727	0.0
38	0.6333333333333333	551.5365677267886	402.5573914748521	0.0	544.9407378278959	400.179155935614	0.0	540.4206810583086	485.65698833941724	0.0	549.786564579161	573.4835593542932	0.0	513.4813793222422	592.7934780931498	0.0	517.579288650026	589.8195566248453	0.0	553.2887058366257	589.2850208326033	0.0	558.5704286339958	400.76423462419166	0.0	547.4437458108379	490.86907872854124	0.0	569.6501063163496	577.1825738581872	0.0	533.9613052624602	593.9705346311355	0.0	542.7227861180029	596.5640223876284	0.0	579.0362222970566	591.6201355421224	0.0	552.1112898522676	294.2406850861448	0.0	538.0735588049479	243.21938533091176	0.0	526.3640277161837	273.56591434451354	0.0	544.4984919441212	312.1078258878495	0.0	546.266247948264	352.282221797333	0.0	524.5721039704426	365.26803964140106	0.0	568.5709982151027	311.72842022873766	0.0	581.9743046513167	367.4240886447142	0.0	537.4672874162218	370.92139335660505	0.0
39	0.65	551.5563610079346	402.5429143542208	0.0	545.0252609561182	400.17735238495703	0.0	540.4327257147577	485.6625344045618	0.0	549.7995317876828	573.4897559391005	0.0	513.493082208897	592.806433157124	0.0	517.5912362667885	589.7793158696566	0.0	553.3105209460252	589.2919449353358	0.0	558.5857113356969	400.7639001408951	0.0	547.4565071248716	490.810064541056	0.0	569.6831041485702	577.348523487637	0.0	533.9758609187487	593.9773935926273	0.0	542.7304918779488	596.5054318261697	0.0	579.0575325940708	591.6305274532095	0.0	552.1226527832955	294.22888597149165	0.0	538.0901427581066	243.23648175628185	0.0	526.3750575094542	273.63652976275597	0.0	544.5188269304015	312.22193483684	0.0	546.2907514927863	352.4148226164312	0.0	524.6042801005221	365.3983134847123	0.0	568.566895707859	311.74764011890437	0.0	581.9924059154191	367.4303860449528	0.0	537.4918972490551	370.9189153196903	0.0
40	0.6666666666666666	551.570302449287	402.5368597355571	0.0	545.0616672236148	400.17875653407424	0.0	540.4436487628595	485.6693919254948	0.0	549.8107908565069	573.4945509717314	0.0	513.503192324017	592.8160601962667	0.0	517.6014151300499	589.6880521429864	0.0	553.3236976311009	589.2955250886812	0.0	558.5973496831584	400.7664477603341	0.0	547.4681340999738	490.70017545824066	0.0	569.700497718937	577.4254021808332	0.0	533.988552395156	593.9814276827572	0.0	542.7373159230084	596.4735724563978	0.0	579.0741293032064	591.6392579151965	0.0	552.1302057370297	294.2243301176425	0.0	538.1026805907268	243.25204675124155	0.0	526.3853823641437	273.67266666367595	0.0	544.5357843051953	312.2925214603654	0.0	546.3059956721419	352.6533061179074	0.0	524.6197044087697	365.40507916710465	0.0	568.566739367845	311.76287885043166	0.0	582.0054979925369	367.44773270539474	0.0	537.5110315903155	370.9230066728804	0.0
41	0.6833333333333333	551.5784772000711	402.54611602502325	0.0	545.0878677785257	400.1928236151075	0.0	540.4510119530435	485.68386172820703	0.0	549.8184871005335	573.5156748221034	0.0	513.5101597794109	592.8343118517665	0.0	517.6085795234835	589.5395034154852	0.0	553.3294434519948	589.3117123145425	0.0	558.6047246374096	400.7794211638754	0.0	547.4764913317163	490.5350121783348	0.0	569.701557353683	577.461464986901	0.0	533.9951055467471	593.9994005091522	0.0	542.7476565665175	596.451521988913	0.0	579.0844752996234	591.6552705657389	0.0	552.1249827363349	294.2282849634114	0.0	538.1091135274366	243.26932472943105	0.0	526.3916955316449	273.6959016206544	0.0	544.5458253546711	312.34264455549237	0.0	546.3132092393056	352.73602688271984	0.0	524.6181339843534	365.2824294860512	0.0	568.5673293301311	311.7812424332043	0.0	582.0142050777297	367.4549096552894	0.0	537.524383233903	370.9369637492594	0.0
42	0.7	551.5803418984682	402.5632919922693	0.0	545.1131136853703	400.21311451277563	0.0	540.4530867767571	485.7025491431699	0.0	549.8220529765648	573.5476112541344	0.0	513.5130856263013	592.8560337302156	0.0	517.6118245949867	589.4705857377321	0.0	553.328784394723	589.3356675449271	0.0	558.6068860147735	400.7981363378543	0.0	547.4805750198149	490.4875445306545	0.0	569.6804278993853	577.4687629562438	0.0	533.990468188791	594.0276764355128	0.0	542.7315775195609	596.438693063205	0.0	579.0869021988926	591.675456645217	0.0	552.089114862106	294.2339187192813	0.0	538.1076144102036	243.28298698082415	0.0	526.3910691091352	273.70099977432443	0.0	544.5466725357342	312.3758456758052	0.0	546.3129727479211	352.7826005769514	0.0	524.6286227856715	365.22966000570136	0.0	568.5664576664612	311.79581017827763	0.0	582.0171782659232	367.46048028104167	0.0	537.5318776395447	370.9536209590057	0.0
43	0.7166666666666667	551.5957437271716	402.58001451981875	0.0	545.144986769807	400.23199548853734	0.0	540.4673367227736	485.7162374725847	0.0	549.8330948265683	573.5732820535025	0.0	513.5244524214963	592.8656591020318	0.0	517.6233127598439	589.4424131948026	0.0	553.3371826466591	589.3494607805593	0.0	558.6208904865179	400.81712840074465	0.0	547.4929579254183	490.4660000517306	0.0	569.6703058489583	577.5440530521166	0.0	533.9947550592373	594.049941299692	0.0	542.7131770044639	596.4343779861247	0.0	579.1005177566763	591.6870339059446	0.0	552.0203556488591	294.2376422160911	0.0	538.1242781000776	243.29227978679654	0.0	526.405053479203	273.68336696351275	0.0	544.5659459426581	312.39572664342336	0.0	546.3320977596802	352.8094265571297	0.0	524.6545694559519	365.1983490304754	0.0	568.57516421923	311.80318663209243	0.0	582.0278151327999	367.4693893031449	0.0	537.5714865807477	370.96779398884644	0.0
44	0.7333333333333333	551.6029374782338	402.5964310981376	0.0	545.1588532469609	400.25075674092847	0.0	540.475942224299	485.7212168757052	0.0	549.839082527955	573.592053654226	0.0	513.5325166489848	592.8592366992516	0.0	517.6312362035949	589.4227345684816	0.0	553.3355727642638	589.3466071227599	0.0	558.6273491308566	400.8368749445202	0.0	547.4996807498143	490.4556604438901	0.0	569.6602687834883	577.585197597818	0.0	533.9791112359268	594.0639500414505	0.0	542.683872980781	596.4268661505431	0.0	579.1018328787711	591.6837513381402	0.0	551.824562322608	294.2382501295903	0.0	538.1328735038346	243.29762540291745	0.0	526.4148355919128	273.63551810186664	0.0	544.5775547135581	312.407255301521	0.0	546.3405310158362	352.8253256088989	0.0	524.6658440764363	365.18171255670626	0.0	568.5796691984696	311.8032222974921	0.0	582.0285136983975	367.47959392355364	0.0	537.6299556620688	370.97948514358586	0.0
45	0.75	551.5984511475776	402.6071639126467	0.0	545.1528798523682	400.26458923923263	0.0	540.4745147056635	485.71125752474416	0.0	549.8368531011722	573.6219572751759	0.0	513.5329804132532	592.8626296529862	0.0	517.6313035824516	589.399775845345	0.0	553.3354511324533	589.348522568135	0.0	558.6227796887855	400.84922692664486	0.0	547.499152809907	490.43962882086083	0.0	569.6450319148305	577.5669473108435	0.0	533.9645919418192	594.0644014087593	0.0	542.6375799417644	596.4051875012312	0.0	579.1035675185376	591.6878395126505	0.0	551.696661010199	294.23984160668647	0.0	538.1288055463885	243.30574235380624	0.0	526.4147908301045	273.53123665043046	0.0	544.5752559017047	312.3997665858239	0.0	546.3360059924416	352.81988070716324	0.0	524.6577356701791	365.1714320100811	0.0	568.5757446521256	311.8055598047905	0.0	582.0291908867965	367.48482846635727	0.0	537.7331065761216	370.9855706539961	0.0
46	0.7666666666666666	551.5941050121826	402.6088279869041	0.0	545.1430031084672	400.26878201971556	0.0	540.4713175591932	485.7116686811846	0.0	549.833526454787	573.6880444445667	0.0	513.5275763509943	592.8704349387544	0.0	517.6258588027131	589.40121306424	0.0	553.3313645488845	589.3584194588775	0.0	558.6188018098304	400.8486033252417	0.0	547.4981240503513	490.4289107709333	0.0	569.6159838518406	577.522025684285	0.0	533.913488646794	594.0832141555518	0.0	542.5115549779509	596.3993341009407	0.0	579.1055433223289	591.6955546527869	0.0	551.6291454892423	294.24266730107195	0.0	538.1197309478088	243.32065602508618	0.0	526.406905256	273.4247004804373	0.0	544.5716609328949	312.39627977878115	0.0	546.3338471887033	352.82713953967914	0.0	524.6380095153734	365.1539119634765	0.0	568.5725432629337	311.8080647946191	0.0	582.0297163814881	367.47902209461427	0.0	537.9287465350262	370.9835925339012	0.0
47	0.7833333333333333	551.5871904846275	402.6047333837246	0.0	545.1230720391477	400.26849097272355	0.0	540.4648019335955	485.72251659219705	0.0	549.8279145375095	573.7842932827921	0.0	513.515804319422	592.87759276444	0.0	517.6142558311117	589.4169621358099	0.0	553.3224346046528	589.373500025328	0.0	558.612596382978	400.83826368556066	0.0	547.4959912809558	490.417737773467	0.0	569.5169575305517	577.4229668582859	0.0	533.7954710496912	594.1268201402504	0.0	542.4627943874301	596.3990787491489	0.0	579.1045751778424	591.7027723354229	0.0	551.5831595421856	294.24691190203697	0.0	538.1003075934423	243.30410932302553	0.0	526.3836865536971	273.3433299656821	0.0	544.563137105551	312.3949775262379	0.0	546.331601108169	352.80989524149794	0.0	524.6206051874907	365.13346778734024	0.0	568.5675172439464	311.81133226205986	0.0	582.0273067536951	367.46816827181317	0.0	538.0118022786619	370.9773929266	0.0
48	0.8	551.5814589359696	402.61011812359243	0.0	545.1255503326483	400.2869788899716	0.0	540.4589959658983	485.7325296035516	0.0	549.8227139519912	573.7528981872686	0.0	513.5147574853421	592.8799397766809	0.0	517.6133111617785	589.4418212282368	0.0	553.323962757451	589.3936288524555	0.0	558.6072919898417	400.8312117354512	0.0	547.4929146968531	490.4073492141165	0.0	569.3483694185787	577.252662904719	0.0	533.607269941328	594.2129469691326	0.0	542.3477687352936	596.3939023906999	0.0	579.1035809592524	591.7053788526125	0.0	551.5775131525829	294.2535592030211	0.0	538.1004312817516	243.29086233863694	0.0	526.3672386266447	273.29525099849934	0.0	544.5539050552748	312.39536219019465	0.0	546.3293266717798	352.80041336342435	0.0	524.6232596699606	365.1209277071563	0.0	568.5627343480226	311.81634383723235	0.0	582.0244469180797	367.46324824647877	0.0	538.0627119272763	370.97431628742606	0.0
49	0.8166666666666667	551.5820027330616	402.63126226966835	0.0	545.1326956654073	400.34893259885547	0.0	540.4601186027087	485.7435946648644	0.0	549.8209547365037	573.7556514057815	0.0	513.5185840455451	592.8713820463378	0.0	517.6169215568002	589.4718800148903	0.0	553.3267144783582	589.4174199449478	0.0	558.6068989929288	400.8211184148448	0.0	547.4950594761115	490.38256419894515	0.0	569.2377994386934	577.1542348719199	0.0	533.5105356994562	594.3692923804066	0.0	542.2910439274572	596.3660295315451	0.0	579.1087619769949	591.696542356261	0.0	551.5813690765667	294.26461845801725	0.0	538.1060899474845	243.27869490823016	0.0	526.3360945687407	273.3047314613965	0.0	544.5520468451452	312.3980065691627	0.0	546.3259767916812	352.79005870731817	0.0	524.6293863779747	365.1113164038699	0.0	568.5609904228733	311.8247700294634	0.0	582.02374602254	367.46211058406755	0.0	538.0901206184568	370.97350151356744	0.0
50	0.8333333333333334	551.5792732389765	402.72198710998134	0.0	545.1304511365405	400.5695776376107	0.0	540.4583532246484	485.75772630460824	0.0	549.8166412619828	573.8342775213926	0.0	513.5184375138738	592.8806357885201	0.0	517.6165942052761	589.497509035118	0.0	553.3251334791876	589.5199013151828	0.0	558.6036021062712	400.8261999987003	0.0	547.4971135032433	490.3788662334425	0.0	569.1896715579829	577.092868921334	0.0	533.4676165286392	594.4382158295778	0.0	542.2531575354438	596.3635287017578	0.0	579.1165929374496	591.7035838320307	0.0	551.5793553798969	294.28370711094055	0.0	538.1034091617227	243.25672164716627	0.0	526.2431269283961	273.38957544861296	0.0	544.5398794323376	312.4110629675025	0.0	546.3200216319415	352.79139726689954	0.0	524.6171712560154	365.1104107572455	0.0	568.5569099655986	311.8433131305025	0.0	582.0204663236568	367.4729932305131	0.0	538.0976447418568	370.98172871141355	0.0
51	0.85	551.5687962888563	402.9758957644865	0.0	545.1094170261283	400.72647934916745	0.0	540.4485860863783	485.7777929933998	0.0	549.8075055625338	573.8518095032593	0.0	513.5100588399812	592.9103148733909	0.0	517.6081879218725	589.5195589588892	0.0	553.3175450402309	589.7834585960981	0.0	558.5935320287135	400.86735091208743	0.0	547.4977496348067	490.4033759727532	0.0	569.1522089987483	577.0942357052044	0.0	533.432740175753	594.4599310009388	0.0	542.2186826032544	596.4073299217011	0.0	579.1280154123871	591.7323144201957	0.0	551.5651656880891	294.31304365621264	0.0	538.0821897623446	243.21698059879054	0.0	526.0042003666537	273.57207983495346	0.0	544.4961092711635	312.44155654567203	0.0	546.3079409046243	352.8068057547345	0.0	524.5658508637781	365.1211517045559	0.0	568.5467499213642	311.8758198955052	0.0	582.01124946865	367.49899947646173	0.0	538.0911127068505	370.9996255231403	0.0
52	0.8666666666666667	551.5555384115852	403.18572074163535	0.0	545.1007434688454	400.88157234739015	0.0	540.4351543535569	485.8195399496333	0.0	549.797343240322	573.8113887455186	0.0	513.4973956903115	592.9563046415982	0.0	517.5956344725505	589.5389127326662	0.0	553.3089625049925	589.9857918635196	0.0	558.581093865924	401.0018645382909	0.0	547.5016817467413	490.4691552312344	0.0	569.1229945912365	577.1544664405365	0.0	533.4047420403804	594.4446926426275	0.0	542.1904244551483	596.5277853656968	0.0	579.1609669322072	591.7831924041213	0.0	551.545719857458	294.35526957505374	0.0	538.0372194277961	243.14126415268396	0.0	525.8702827003092	273.70079424944186	0.0	544.3896899262279	312.5083714194294	0.0	546.296017358999	352.8519064583148	0.0	524.4531232508929	365.151133912965	0.0	568.5330975377094	311.92865366355556	0.0	581.9996477735554	367.5443759534591	0.0	538.0808410711859	371.0305384524356	0.0
53	0.8833333333333333	551.5376524597269	403.27477216642023	0.0	545.0763409963122	400.9589595046452	0.0	540.4154118367522	485.84345432511003	0.0	549.7863977853357	573.7943235334247	0.0	513.4795586056522	592.9867850027941	0.0	517.5780616579389	589.5619000675906	0.0	553.2994594436016	590.0539427725234	0.0	558.564896634663	401.2502081393784	0.0	547.510632859816	490.5103941289241	0.0	569.0935819390023	577.1878809932706	0.0	533.3750093575462	594.5173442021154	0.0	542.1598709629009	596.6978199864442	0.0	579.2420759407464	591.8142195311852	0.0	551.5148899673255	294.3814700967406	0.0	537.9756792744008	243.14368133543906	0.0	525.7933032119448	273.73915347180525	0.0	544.126332781346	312.5515761620609	0.0	546.2827398829388	352.82451682736854	0.0	524.220214300225	365.1809354039127	0.0	568.5138590521899	311.95594124543805	0.0	581.983907755787	367.5715960674094	0.0	538.06371414727	371.0518916423141	0.0
54	0.9	551.5263135381385	403.3051222638546	0.0	545.0501943017362	401.0022973053475	0.0	540.4002448657589	485.85171414808036	0.0	549.7814682655539	573.7875627225258	0.0	513.469059995017	592.9985853425229	0.0	517.5676842180724	589.5854975168436	0.0	553.2965493174377	590.072873099664	0.0	558.554754584879	401.2503536446385	0.0	547.5186554729082	490.5372704158575	0.0	569.0777188717018	577.1980826508475	0.0	533.3607883645252	594.6584256104165	0.0	542.1436525978474	596.9511767114434	0.0	579.4384970796627	591.8259238636768	0.0	551.4901300919294	294.3985819541389	0.0	537.859642491818	243.0366824163946	0.0	525.7629753321683	273.6999832312718	0.0	543.9826223664086	312.582395212384	0.0	546.2873584042773	352.66357580370425	0.0	524.0944872109892	365.21743717312006	0.0	568.5001497697501	311.96726775517897	0.0	581.9726734228116	367.5835959077433	0.0	538.0577021414856	371.07592827261954	0.0
55	0.9166666666666666	551.5263978568146	403.3062900873637	0.0	545.0194851804889	401.0412676984852	0.0	540.398139298793	485.85356066319923	0.0	549.7879234058453	573.8071814789316	0.0	513.4694808910752	593.0124616781561	0.0	517.5684713421721	589.6302104391392	0.0	553.3038030752549	590.0897490041111	0.0	558.5574266283936	401.4271226579875	0.0	547.5231477031759	490.57009341907224	0.0	569.0872344615995	577.2142693825754	0.0	533.3674120897573	594.7221026866771	0.0	542.1494755273541	597.0561755791554	0.0	579.5613469848055	591.8382151851623	0.0	551.4756247380294	294.39321223692275	0.0	537.6373859567752	242.94479342101985	0.0	525.7631281746142	273.7428401769499	0.0	543.9281121720047	312.59228412815423	0.0	546.2733886029364	352.53486982672683	0.0	524.0547916726239	365.2273485129317	0.0	568.5013292529586	311.96018671242274	0.0	581.976635921117	367.58181876032336	0.0	538.0679481323173	371.07964419835923	0.0
56	0.9333333333333333	551.5324784777472	403.3115332115984	0.0	544.9481473608854	401.1573569444805	0.0	540.4029880278367	485.851590438268	0.0	549.800222822186	573.8559440593742	0.0	513.4787701790473	593.0176547647065	0.0	517.5778844958077	589.7106710758596	0.0	553.3169295715775	590.093624985205	0.0	558.5669809577896	401.5251044970289	0.0	547.5261456368805	490.62723818617684	0.0	569.1035450904644	577.2280729763352	0.0	533.3838640463548	594.7540905912581	0.0	542.1645065771543	597.0911209926671	0.0	579.6260581105564	591.8424414584076	0.0	551.4433794196334	294.3939131296712	0.0	537.5623660833573	242.90666937144732	0.0	525.7769009626995	273.7389295197098	0.0	543.9002690863522	312.63327985856586	0.0	546.2707637230988	352.4641765448853	0.0	524.0518015325856	365.2395520441139	0.0	568.5067630143685	311.95873803963457	0.0	581.9864060393892	367.58185939942416	0.0	538.0882592123492	371.09023677022026	0.0
57	0.95	551.5517972284188	403.30106826903966	0.0	544.7810373720121	401.4031054111227	0.0	540.4223132366169	485.8439045996057	0.0	549.8204527673478	573.9543932111865	0.0	513.5001397543651	593.0271136651997	0.0	517.5995741019827	589.6484050862639	0.0	553.3376618410498	590.1027424030524	0.0	558.591834167642	401.57437651766725	0.0	547.5281220957238	490.73879818775026	0.0	569.1432169047521	577.2564003231546	0.0	533.420643543958	594.7795909987267	0.0	542.2018271504828	597.1147621380483	0.0	579.6751262772016	591.8485242211698	0.0	551.3777310875166	294.3763801928237	0.0	537.5634156605477	242.86745942928474	0.0	525.8107824564655	273.63904713442906	0.0	543.8827260413395	312.6860765004736	0.0	546.2848238249805	352.4049190032374	0.0	524.0728357803368	365.22702291328693	0.0	568.5245915830717	311.94454544717144	0.0	582.0130685706345	367.5715761224138	0.0	538.1247057212119	371.08380664651474	0.0
58	0.9666666666666667	551.5629365937577	403.2828414622196	0.0	544.6931112535506	401.4689043439688	0.0	540.4463806686684	485.8408367579049	0.0	549.8393368525564	574.0816136476708	0.0	513.5188368496736	593.0217049253549	0.0	517.618723087262	589.6142550103411	0.0	553.3571023029351	590.093536861907	0.0	558.6156622155155	401.634547242128	0.0	547.533735572752	490.94855063784405	0.0	569.1720546035831	577.292062367311	0.0	533.4471410524923	594.7783943867412	0.0	542.2298216301608	597.1106345352424	0.0	579.6930839444503	591.8409409992496	0.0	551.1909377407574	294.3577026563435	0.0	537.571462796483	242.84657202994094	0.0	525.8342088713152	273.61888806194554	0.0	543.7953573472009	312.7975663516356	0.0	546.2828112361245	352.35883780845995	0.0	524.0895799375628	365.1948310965911	0.0	568.5299436789628	311.92939189169425	0.0	582.0388434534786	367.559325107009	0.0	538.1544794534982	371.06888669634645	0.0
59	0.9833333333333333	551.5599688615763	403.26957354536694	0.0	544.6629115522874	401.48746974422664	0.0	540.472142607209	485.8333012067808	0.0	549.8582922077943	574.126887459612	0.0	513.5408675276739	593.0012650341523	0.0	517.6410451645238	589.5929621321061	0.0	553.3759384302629	590.0693883590372	0.0	558.6401565788251	401.7858175536378	0.0	547.54295142202	491.0289787247732	0.0	569.1992361199091	577.351921922286	0.0	533.4753698710421	594.7556225520674	0.0	542.2606064694036	597.0863656995236	0.0	579.6956855986026	591.8208402451995	0.0	551.1264565087056	294.3476745584718	0.0	537.5874404444822	242.82521461410866	0.0	525.8597555132334	273.5571004278932	0.0	543.5894277377988	312.9505181713603	0.0	546.2491268636932	352.33666612380364	0.0	524.1085566217769	365.14289924202495	0.0	568.5157454857135	311.92236697033775	0.0	582.0638079082067	367.55151124455483	0.0	538.1834483871323	371.0558540320445	0.0
60	1.0	551.5776572153695	403.27571927387487	0.0	544.6351151050028	401.5127754342151	0.0	540.4717877397349	485.82810808546355	0.0	549.8646147192904	574.113769297565	0.0	513.5478504592899	592.9730182459607	0.0	517.6482604076289	589.5872639588586	0.0	553.3810781296019	590.0409431881039	0.0	558.6443413763752	401.70665956574715	0.0	547.5452870629584	491.05971051938207	0.0	569.2128976960827	577.4730915927116	0.0	533.4908268539162	594.7231296679035	0.0	542.28160682585	597.0556065776078	0.0	579.7197226835866	591.7961315865471	0.0	551.0917748436672	294.3498235490648	0.0	537.5848200826722	242.8347347183685	0.0	525.8658850265108	273.47599652046205	0.0	543.5060758071679	313.0120104191675	0.0	546.107378435853	352.3065034241007	0.0	524.1128790316219	365.05022741611225	0.0	568.5103064285297	311.92978653625175	0.0	582.0653071811721	367.55214324995	0.0	538.1998930549105	371.0522543956246	0.0
61	1.0166666666666666	551.5719390465702	403.2823018719534	0.0	544.6091189869437	401.528996401683	0.0	540.4362927435982	485.8238872108884	0.0	549.8641010578557	574.0597800721064	0.0	513.536514848856	592.9455399411403	0.0	517.6384061665602	589.5875533414959	0.0	553.3797505940153	590.0188988156278	0.0	558.6354971844087	401.7561590562502	0.0	547.5462109943899	491.06956716948537	0.0	569.2303284894901	577.4899629339575	0.0	533.5073341387925	594.6936191973275	0.0	542.3122410754368	597.0312181511683	0.0	579.7290651262813	591.7750029456724	0.0	551.0767834345721	294.34568863266327	0.0	537.5736260343001	242.8346200231211	0.0	525.8591283663441	273.40158253107927	0.0	543.4763400207227	313.0269220367853	0.0	546.0815587261297	352.2466688350934	0.0	524.1091399129626	364.81323200772033	0.0	568.4606685398971	311.9336447287722	0.0	582.0541110038009	367.5507869395189	0.0	538.2160102674969	371.039990423116	0.0
62	1.0333333333333332	551.5303456698393	403.3069586081347	0.0	544.5757772504286	401.56573199576724	0.0	540.3215508626467	485.8246793872999	0.0	549.8590983963304	574.1015708541464	0.0	513.4955719103335	592.9218864740351	0.0	517.6020160272664	589.5895334248039	0.0	553.3746959568857	590.008224856576	0.0	558.6099070326773	401.998814492141	0.0	547.5483785505958	491.0803003383327	0.0	569.2648942783762	577.59716734176	0.0	533.5384002476831	594.6722768321001	0.0	542.3780199738492	597.0173161922639	0.0	579.7344547129251	591.7603850330952	0.0	551.0749118549377	294.3360037369638	0.0	537.552754983376	242.8282172601252	0.0	525.8343199134284	273.3540886421912	0.0	543.4705210250814	313.00620791106803	0.0	545.9238985177221	352.1256575309736	0.0	524.0985156128256	364.6641118566172	0.0	568.3380635536432	311.9374840145205	0.0	582.0267979506905	367.55038506438683	0.0	538.2369266221526	371.01872088638856	0.0
63	1.05	551.416087070073	403.398995972506	0.0	544.5164549100356	401.68321742800106	0.0	540.0071324772334	485.83633425196365	0.0	549.8498571053185	574.1417109301351	0.0	513.3967919103598	592.9044332407112	0.0	517.5143553186872	589.5943388128983	0.0	553.3663176494151	590.0148097740635	0.0	558.5502287056189	402.18102576108754	0.0	547.5539555211827	491.1106333575025	0.0	569.3362277176632	577.6622810475806	0.0	533.6090205047675	594.6650361761983	0.0	542.5283199372424	597.0171759951515	0.0	579.7405262689933	591.7545415794184	0.0	551.0854726415159	294.3304437204691	0.0	537.5134563105315	242.83256895908852	0.0	525.7691147552538	273.3645643806634	0.0	543.4806510280863	312.97705534265	0.0	545.8241169225932	351.9138607308213	0.0	524.0791286316414	364.59265301246194	0.0	568.3486897714674	311.9544017332274	0.0	581.9645584361358	367.55941679398336	0.0	538.2671826589453	370.99557307233454	0.0
64	1.0666666666666667	551.2112534534276	403.6092246547156	0.0	544.4818252392712	401.9171642872498	0.0	539.7962911681363	485.8634661016242	0.0	549.8634636746204	574.1963405425321	0.0	513.2321885706583	592.8956053173594	0.0	517.3724678537768	589.5991630431608	0.0	553.3827701055002	590.044140202451	0.0	558.4698445522768	402.374871786173	0.0	547.5599786155076	491.160552605617	0.0	569.4450399974589	577.7173351683789	0.0	533.732330862724	594.6748456517028	0.0	542.6135215841596	597.0313869351193	0.0	579.7476606738007	591.7587293807189	0.0	551.0901721190808	294.3243212322693	0.0	537.5114965882684	242.83991463734648	0.0	525.6931589735196	273.4350004937654	0.0	543.483398552058	312.9683865210455	0.0	545.8335003007144	351.8847022888287	0.0	524.1009970867063	364.5436337229995	0.0	568.3164241657904	311.9829015303135	0.0	581.8789355567441	367.5768705517602	0.0	538.348815466298	370.95966854374353	0.0
65	1.0833333333333333	551.2040316041348	403.95751038861266	0.0	544.4808172646455	402.2133915784119	0.0	539.6468097403622	485.9170411149872	0.0	549.8781189768581	574.2945624347153	0.0	512.9757868101763	592.892719941596	0.0	517.147943167568	589.6056411069957	0.0	553.3965423895268	590.1106853961818	0.0	558.3496637125904	402.55065745182355	0.0	547.5683908349182	491.2207961601415	0.0	569.4950725680204	577.7974177216217	0.0	533.8021567256808	594.7076650569403	0.0	542.6735266885332	597.0624129509017	0.0	579.7588339726294	591.7716691935128	0.0	551.0921328987298	294.3157457828197	0.0	537.5788792616063	242.85083342650591	0.0	525.5791466784428	273.59487280843825	0.0	543.4866001440353	312.96228404184	0.0	545.8379385734779	351.96142538770914	0.0	524.1186638093218	364.4864633908843	0.0	568.2371656100231	312.0229354811839	0.0	581.7513767759215	367.6024691835273	0.0	538.3531824486889	370.896073438624	0.0
66	1.1	551.1641576087283	404.03418024209793	0.0	544.2667932354528	402.2847643499734	0.0	539.5839552499845	485.92993768859355	0.0	549.8960402009167	574.3601127979007	0.0	512.9409990268047	592.8718711952864	0.0	517.1581897685883	589.6168710394415	0.0	553.4104626751595	590.1639488549329	0.0	558.2434551342054	402.76924622790216	0.0	547.5819502607914	491.2309702596715	0.0	569.5724549215095	577.8309589597576	0.0	533.9140140908678	594.6711719346907	0.0	542.8183555644821	597.0483209821714	0.0	579.7791514151652	591.7598787238492	0.0	551.1055761079102	294.3082737190874	0.0	537.5477703741777	242.85867084114886	0.0	525.4632546043362	273.7089626987745	0.0	543.4988325873328	312.93876404863727	0.0	545.8460408948918	351.9157178143032	0.0	524.1361987239577	364.44788100801327	0.0	568.1618371909378	312.0875858251949	0.0	581.6488701479975	367.6676383301828	0.0	538.3373624006693	370.8206572968382	0.0
67	1.1166666666666667	551.1416909323832	404.1036303681218	0.0	544.1713628230301	402.3539177809872	0.0	539.6302701973123	485.9394886383468	0.0	549.8985238078753	574.3801539528318	0.0	512.8892051013894	592.9416623614825	0.0	517.1659117650034	589.6144066349108	0.0	553.4071613252482	590.1791149436231	0.0	558.1860762536012	402.8985874526605	0.0	547.5893969728754	491.2200802792245	0.0	569.6979750575216	577.7930291289659	0.0	533.9006442991342	594.732630525716	0.0	542.8791391928157	597.110591448569	0.0	579.7810001093543	591.8088718480421	0.0	551.1105556584293	294.2590589553262	0.0	537.4802158442192	242.84249252449968	0.0	525.4185769676772	273.70314714652966	0.0	543.5037711596883	312.91926954875345	0.0	545.8498487574195	351.87784360002087	0.0	524.1400909574808	364.4056177545133	0.0	568.1156804965603	312.17524114906035	0.0	581.5866319751274	367.7465517168064	0.0	538.3566967621525	370.8148546776096	0.0
68	1.1333333333333333	551.1179467996903	404.1424945538608	0.0	544.1188737206553	402.39038948141103	0.0	539.7846946354762	485.94842414060975	0.0	549.9072440662314	574.3756110157104	0.0	512.9724031236836	592.9906331686736	0.0	517.1653572622479	589.6042237547282	0.0	553.4032040162524	590.1755600426668	0.0	558.1445463875478	402.93947542685385	0.0	547.5859067102031	491.217646040709	0.0	569.7506794680327	577.7829404234731	0.0	534.0089819152118	594.7390552839058	0.0	542.8952128897648	597.1423404147027	0.0	579.7679405696341	591.8439741467259	0.0	551.1027109840142	294.2401546249611	0.0	537.2606498658208	242.82333055516642	0.0	525.3870133651621	273.71350672165454	0.0	543.4956240520514	312.9191346379004	0.0	545.8398176979462	351.74558983928307	0.0	524.1539101230301	364.3999160998999	0.0	568.0801174543537	312.2453246786814	0.0	581.5396300583623	367.8020666834843	0.0	538.4232603755902	370.82083487350457	0.0
69	1.15	551.0974931080483	404.1515111656442	0.0	544.083473087629	402.392710329014	0.0	539.8475114397083	485.9601545744249	0.0	549.9069469081971	574.3699037707454	0.0	513.0064958367001	593.0172917470954	0.0	517.1568876992143	589.5965829462975	0.0	553.4000138837112	590.1766850304939	0.0	558.1157152131559	402.890222177252	0.0	547.5777994363	491.221001588087	0.0	569.7695368611346	577.8335118648411	0.0	534.065725047049	594.6819161798282	0.0	542.8982699357823	597.1622133281958	0.0	579.7541642594921	591.8645102477901	0.0	551.090923996086	294.2267121557617	0.0	537.1547133300426	242.80191681291836	0.0	525.3599072038216	273.7126041468714	0.0	543.483234368774	312.91435251227	0.0	545.8228205427406	351.7512885728594	0.0	524.1551520100063	364.3931663468479	0.0	568.0562277288503	312.26533794931316	0.0	581.5077665390145	367.80724924925335	0.0	538.5958514738251	370.8206944141735	0.0
70	1.1666666666666667	551.0745852512017	404.1522825313864	0.0	544.05404527306	402.38086575165295	0.0	539.8532118835291	485.9805822382314	0.0	549.8980068544388	574.3630102713188	0.0	513.0170339879393	593.0197057078054	0.0	517.1421437144783	589.5924765447245	0.0	553.3965303050167	590.1889089913576	0.0	558.0891211002466	402.70426087562896	0.0	547.5647335245559	491.23080791268706	0.0	569.7659961027741	577.8699257500733	0.0	534.0830237299031	594.4969259984862	0.0	542.8969303019461	597.1787217627777	0.0	579.7366442423997	591.8715930203813	0.0	551.0732705267815	294.21880370349805	0.0	537.116470553638	242.80179323686718	0.0	525.3220162604518	273.7074518235329	0.0	543.4653337067846	312.90899732292985	0.0	545.7904670298242	351.60032281545375	0.0	524.1392804847038	364.38970819352926	0.0	568.0372343048853	312.2459136875658	0.0	581.4783554031152	367.760652676159	0.0	538.655630643078	370.8201056761267	0.0
71	1.1833333333333333	551.0533056209858	404.14633195100754	0.0	544.0329400439443	402.34302021634403	0.0	539.802009228193	485.95522822034843	0.0	549.8862375741643	574.2599308443567	0.0	513.0238616879852	592.9261409703568	0.0	517.135004535046	589.5508062573633	0.0	553.3877108067321	590.1596780986966	0.0	558.0649634728022	402.8032287811634	0.0	547.5512322692131	491.19167614940574	0.0	569.7504664389319	577.8494626659361	0.0	534.0923695164287	594.2959789548704	0.0	542.9001914457623	597.1435424124575	0.0	579.713390817026	591.8276689608135	0.0	551.0547848276997	294.2277198253687	0.0	537.1444610332575	242.7948354985561	0.0	525.2745323778779	273.71494001473286	0.0	543.449279609657	312.9131673830698	0.0	545.7351721142597	351.5452597572714	0.0	524.1037170542775	364.39599304201766	0.0	568.0232149206502	312.1992020261449	0.0	581.4452330415073	367.6419758730492	0.0	538.6161392747612	370.8253698888819	0.0
72	1.2	551.0506155709418	404.0746043317529	0.0	544.035598721953	402.1658334067375	0.0	539.6491190289167	485.92719421584803	0.0	549.8842071059241	573.8964256805666	0.0	513.0413374065267	592.8634658330379	0.0	517.1481526238213	589.4264621632884	0.0	553.3861938747224	590.0488174254042	0.0	558.0560529889451	402.5907239715324	0.0	547.5455165394726	491.15384909226896	0.0	569.7420632289542	577.7422733536553	0.0	534.0989820310722	594.060230227903	0.0	542.8999256298881	597.0276100862047	0.0	579.6964610869557	591.7230032857592	0.0	551.0518162352168	294.23226187272587	0.0	537.3009951359049	242.79687000023984	0.0	525.203605769458	273.70633579138007	0.0	543.4498730325114	312.9036587271488	0.0	545.6393858703193	351.51315516349774	0.0	524.0310967923526	364.382305510723	0.0	568.023689245053	312.0292649355903	0.0	581.4211530321844	367.57639518560063	0.0	538.4511983247745	370.8121370296427	0.0
73	1.2166666666666666	551.0439565841483	404.03215465281676	0.0	544.0301553498689	402.1791371846399	0.0	539.6824354504578	485.8819278288762	0.0	549.8793178171179	573.6230721562365	0.0	513.0426123713655	592.7931147943884	0.0	517.147082704987	589.3136010998711	0.0	553.381573712416	589.9400623016403	0.0	558.0436784929622	402.4483787568126	0.0	547.5356197418225	491.1064633904092	0.0	569.732974727257	577.662640488297	0.0	534.0973596041641	593.9476434145768	0.0	542.9071452164376	596.9236825196617	0.0	579.6829788622631	591.6456992937068	0.0	551.0455590363633	294.2108474334665	0.0	537.3486488733266	242.7815121150304	0.0	524.9289527836047	273.69514655010875	0.0	543.4435148334837	312.89013807716856	0.0	545.3784850905379	351.4607388367792	0.0	523.7889134358342	364.33174830974247	0.0	568.0324275751179	311.8731938950772	0.0	581.399989196479	367.56914653923053	0.0	538.3633959032109	370.76407733721305	0.0
74	1.2333333333333334	551.030129636227	404.0088242667706	0.0	544.0173155290627	402.1469555100675	0.0	539.5424913489031	485.84559702985683	0.0	549.8693659765578	573.4914554198151	0.0	513.0344954741004	592.7356601243209	0.0	517.1395280467599	589.236682624477	0.0	553.3709581703164	589.8528112437255	0.0	558.0215372866161	402.35392666137767	0.0	547.518404215153	491.0753276545129	0.0	569.7155798885133	577.5905650637011	0.0	534.0928986986565	593.9107030124964	0.0	542.9275051817805	596.8389690121323	0.0	579.6630014258133	591.6033240498045	0.0	551.0331635120137	294.20240772934335	0.0	537.2866109533429	242.7871110580569	0.0	524.8153700041481	273.6924161805485	0.0	543.429562784765	312.88741721502413	0.0	545.252207754849	351.4440105109851	0.0	523.6278578112704	364.3176506933153	0.0	568.0493985124851	311.79418082058874	0.0	581.3674830110883	367.4963038551051	0.0	538.2865451301741	370.7414085118544	0.0
75	1.25	550.989996692115	403.9531440282742	0.0	543.976851749124	401.96635089603035	0.0	539.4948273622692	485.80854009185816	0.0	549.8403955391482	573.434407486044	0.0	513.0030935932323	592.6944934177458	0.0	517.1088109832298	589.1884439900832	0.0	553.3413222199385	589.7937977208092	0.0	557.9755092566418	402.19124307994576	0.0	547.4816325698243	491.0488731426981	0.0	569.6806461673489	577.5325605100334	0.0	534.0778502995897	593.9051897971777	0.0	542.9624745296737	596.7802260574692	0.0	579.626086602159	591.580679888227	0.0	550.9979064585721	294.18454820105126	0.0	537.3674799892842	242.77080335170106	0.0	524.7301474682882	273.6984310591211	0.0	543.3913306746115	312.87303301003055	0.0	545.1593088791287	351.4215199646718	0.0	523.4498539012509	364.30137656238867	0.0	568.0798869690718	311.73743936533265	0.0	581.3167054101312	367.52621213696966	0.0	538.2057016377553	370.7118135540446	0.0
76	1.2666666666666666	550.9075092421149	403.8442477884089	0.0	543.8983468434297	401.7867638166399	0.0	539.576659290937	485.7711406998384	0.0	549.7786840670478	573.4067263899277	0.0	512.9479358777995	592.6542358694946	0.0	517.0542476089639	589.1453605652803	0.0	553.2799761659727	589.7403414655768	0.0	557.9005727120995	401.8431988234147	0.0	547.417385139554	491.0267264858252	0.0	569.624450005119	577.4785098355264	0.0	534.0593771112297	593.9195709965618	0.0	543.0328540174363	596.7299715347255	0.0	579.5583572454	591.5803505736583	0.0	550.9266227163283	294.1675380487868	0.0	537.3831064316324	242.74982634610188	0.0	524.6234879674394	273.6966757370459	0.0	543.3205576460188	312.8582577713105	0.0	545.0579300403001	351.40411400330464	0.0	523.1664354269637	364.26859650863946	0.0	568.1479998329676	311.70734558103436	0.0	581.2492373223579	367.48231750211596	0.0	538.1011542143157	370.6850614751701	0.0
77	1.2833333333333332	550.827155144489	403.6508834031374	0.0	543.8372968323282	401.7172519024733	0.0	539.5466562016587	485.7604124098386	0.0	549.7191979400023	573.4414942602389	0.0	512.9098304013835	592.6313136001381	0.0	517.0277485441576	589.1234648584536	0.0	553.2206950160219	589.7077349002903	0.0	557.8427371770995	401.7273046757014	0.0	547.3599776741748	491.01743345725305	0.0	569.5781374389644	577.4434991504936	0.0	534.0832908826452	593.9675659819527	0.0	543.0025180804754	596.6965776436798	0.0	579.4889017065392	591.624853716738	0.0	550.8668484693917	294.1841768256794	0.0	537.3756530854753	242.77961690442234	0.0	524.5608200343975	273.72129734623314	0.0	543.2642285924572	312.86627530770915	0.0	544.9967495779733	351.4250265231303	0.0	523.2237183548743	364.27941704180535	0.0	568.1780096151473	311.72259482833545	0.0	581.2064526959025	367.36236813650214	0.0	538.0256815958111	370.69692910145153	0.0
78	1.3	550.7331873973931	403.52820709344917	0.0	543.7855476894242	401.6733653569345	0.0	539.3310644085439	485.76917578363606	0.0	549.6706889312833	573.430222803184	0.0	512.8839358990679	592.6623578674387	0.0	517.0309657950831	589.15852633035	0.0	553.1735701873497	589.7392335315934	0.0	557.8028170694157	401.6695038997932	0.0	547.3149074435051	491.0177724963403	0.0	569.5387229668129	577.4502777149162	0.0	534.1684609145651	593.9283648604146	0.0	543.0687304078416	596.6955021921895	0.0	579.4348197757201	591.6025190504645	0.0	550.8220575133273	294.18419087394386	0.0	537.3403166595833	242.77736016916282	0.0	524.5017070128526	273.71668713847487	0.0	543.221034577427	312.86178140505547	0.0	544.9571078156844	351.4303575833184	0.0	523.1602239440833	364.28264105504445	0.0	568.1611169991759	311.72402922445826	0.0	581.187189212448	367.2991930606797	0.0	537.9669411577934	370.70094857529	0.0
79	1.3166666666666667	550.5833175273141	403.46976637298076	0.0	543.735241499785	401.63386195406054	0.0	539.2703188624564	485.7797066159339	0.0	549.6363221948852	573.4437033218886	0.0	512.8846390620741	592.6934404842762	0.0	517.1055581966239	589.1923336340028	0.0	553.1405311061611	589.7710934499487	0.0	557.7736936957693	401.62445594843143	0.0	547.2830755397421	491.0156842275145	0.0	569.510106697531	577.4356850706617	0.0	534.1492137311818	593.9212051993907	0.0	543.0846950083671	596.6685208446858	0.0	579.3829172578802	591.6019229872369	0.0	550.7909624607826	294.1910949627053	0.0	537.238958721263	242.7866403362544	0.0	524.4387182709067	273.71190249778795	0.0	543.1915909498142	312.8578368623778	0.0	544.9331604178806	351.4415162549525	0.0	522.9838484687409	364.2938961269955	0.0	568.076348584189	311.73692169964164	0.0	581.1788562639041	367.2880559186941	0.0	537.9195536821097	370.71169981205173	0.0
80	1.3333333333333333	550.2989486395866	403.40567691361855	0.0	543.6594687036715	401.50351412046746	0.0	539.4066726763896	485.77283087365447	0.0	549.6120438312707	573.4715068349345	0.0	512.9156765514363	592.7304928351623	0.0	517.0814267626026	589.2323252811818	0.0	553.1186085145545	589.8109969630823	0.0	557.7492367835853	401.4782595647122	0.0	547.2591622740794	491.0017304713895	0.0	569.4948627111046	577.3641020081287	0.0	534.2136044810734	593.9271330310941	0.0	543.1081455267497	596.6018914713993	0.0	579.3206451701151	591.6187908744246	0.0	550.7668072099202	294.18356040374624	0.0	536.8688087906799	242.77102886956544	0.0	524.3046637398388	273.70489696656	0.0	543.1685797937705	312.83086884243437	0.0	544.9158601987648	351.4362219405025	0.0	523.0257607721594	364.2887728391446	0.0	567.8981345441327	311.7383757255853	0.0	581.1838398519728	367.2887556761415	0.0	537.8556716724671	370.70281737943696	0.0
81	1.35	550.1959946200591	403.33394043891445	0.0	543.5194865404333	401.19233614673317	0.0	539.4182947880723	485.73260127056756	0.0	549.6017861682068	573.484385231503	0.0	513.0187522433973	592.7561215817217	0.0	517.1805704025062	589.2611491515906	0.0	553.1110323448886	589.8399487904545	0.0	557.7254555504142	401.1446013092816	0.0	547.2428493804435	490.9696888345477	0.0	569.4927538791998	577.1397568094969	0.0	534.2171962447759	593.9391729861535	0.0	543.1156414057934	596.4777673492672	0.0	579.2171889975973	591.635927162657	0.0	550.7486471412838	294.19584471175017	0.0	536.3723061699137	242.7986389322656	0.0	523.9747514020179	273.7119842665722	0.0	543.1541278155272	312.8003360159074	0.0	544.9084216013291	351.4452990106398	0.0	522.9057578921136	364.29788214683333	0.0	567.8083281722274	311.7693160708527	0.0	581.199596362166	367.33501502841466	0.0	537.735766461891	370.7004299731458	0.0
82	1.3666666666666667	550.13982995016	403.0670097067002	0.0	543.2251682469396	400.7460830741045	0.0	539.2186138555464	485.7052089889921	0.0	549.5843981236051	573.506921988047	0.0	513.0953526214838	592.7764811731134	0.0	517.2375768437242	589.2933015803698	0.0	553.0965607132609	589.8735696686086	0.0	557.6834023017232	400.70536365080875	0.0	547.2199001668287	490.93833898960213	0.0	569.4857010493968	577.0139586467242	0.0	534.1642416958463	593.9613320367212	0.0	543.1099763462116	596.4375041358525	0.0	579.0071526989287	591.6554043113719	0.0	550.7002565383277	294.19653276870145	0.0	536.1377843728916	242.8879848857779	0.0	523.8359676776664	273.70323304559207	0.0	543.1319319808058	312.7182589066983	0.0	544.8943283878663	351.4048807979817	0.0	522.9629842022382	364.23775500423176	0.0	567.7664463278628	311.7906957038108	0.0	581.2076913103386	367.35454722176354	0.0	537.427006071088	370.70622086139394	0.0
83	1.3833333333333333	550.1013027122785	402.9303459969335	0.0	543.1055208202531	400.58651657698863	0.0	539.096827837437	485.7100165195302	0.0	549.5667451116714	573.5304141698194	0.0	513.1304786619978	592.7704392224246	0.0	517.2560411087293	589.3237521216427	0.0	553.0813875678471	589.9110651775039	0.0	557.6280492212029	400.5782779145461	0.0	547.1945009226982	490.9103976500527	0.0	569.4747306249782	576.8981119353052	0.0	534.0347866999257	593.9654344382916	0.0	543.1011428076667	596.4247686444726	0.0	578.9387570598835	591.6700889455889	0.0	550.587422326434	294.2522530548888	0.0	535.9482469372424	242.9360222853134	0.0	523.7682459911175	273.7584933818604	0.0	543.1091430384206	312.62366662332266	0.0	544.8873984056495	351.3387116303572	0.0	522.8715272612342	364.1253510769605	0.0	567.7415670215029	311.82663182007065	0.0	581.2132421831782	367.41257692510976	0.0	537.294854590288	370.6714877649579	0.0
84	1.4	550.0692289702113	402.8636045239321	0.0	543.0502096261309	400.52430556885326	0.0	539.0387823937791	485.7830167702731	0.0	549.5552211207763	573.5137909648183	0.0	513.1466514711428	592.6157830918125	0.0	517.2589393076616	589.32166497612	0.0	553.0700760531621	589.911506272392	0.0	557.5684736572205	400.5010080313689	0.0	547.1675483960821	490.87998511459307	0.0	569.4571122890452	576.7287494786685	0.0	533.9436747983108	593.9412222076421	0.0	543.0944600662136	596.3991202571618	0.0	578.9229517227596	591.6643210505163	0.0	550.2995572062238	294.26459897399815	0.0	535.5947719238611	243.08597620770257	0.0	523.7366044620164	273.76357754324306	0.0	543.0901194199844	312.5587260899256	0.0	544.9031247298998	351.26292462980916	0.0	522.9940863125482	363.9826362318586	0.0	567.7246492024383	311.8153831537042	0.0	581.2173755980526	367.36655710068163	0.0	537.2380105129636	370.6123637321434	0.0
85	1.4166666666666667	550.0263852151556	402.83591395275545	0.0	543.0033400810792	400.51612997418954	0.0	538.9718401787788	485.72874659662045	0.0	549.5143324653236	573.485331400962	0.0	513.1304511588858	592.6674456169537	0.0	517.2173568597748	589.2977031278085	0.0	553.0292036849648	589.8905336637258	0.0	557.4396023585113	400.4786417282663	0.0	547.1206143275211	490.8831043225697	0.0	569.4129047265606	576.5783199480068	0.0	533.950021472561	593.9065122534009	0.0	543.0815313725515	596.3818329468875	0.0	578.918508552061	591.6515024392787	0.0	550.1330244296598	294.27685907407556	0.0	535.4443692143877	243.17981648219293	0.0	523.6803307692428	273.7811660727093	0.0	543.0457923674289	312.51733396277933	0.0	544.939604202014	351.22345811639127	0.0	523.0230086125362	363.86817763868976	0.0	567.6992834150305	311.7794809622955	0.0	581.2139588203111	367.1913714649444	0.0	537.1746440771108	370.57491220600195	0.0
86	1.4333333333333333	549.9835424816247	402.8341804491113	0.0	542.9624930798049	400.5434605799876	0.0	538.8978370561488	485.8164891445006	0.0	549.4518454634564	573.4395923698802	0.0	513.1006792154017	592.6520131040988	0.0	517.1102520539874	589.228175682189	0.0	552.9665570334065	589.8239298365281	0.0	557.4843099900297	400.48278695094905	0.0	547.0685143534439	490.94123882641964	0.0	569.3457328724651	576.5114394814552	0.0	534.1837165539941	593.8491031486167	0.0	543.0774800306256	596.3842214482551	0.0	578.9408204026868	591.635788599735	0.0	550.0235413527009	294.28658695370234	0.0	535.3544601911474	243.22828961778606	0.0	523.6133258560847	273.81582130090305	0.0	542.9888209334405	312.4929463353485	0.0	545.0327894205744	351.20264511574857	0.0	523.0046434569815	363.68817170141733	0.0	567.6831767103964	311.6908859846319	0.0	581.2212331627527	367.0682469369673	0.0	537.1129925777084	370.5453585379516	0.0
87	1.45	549.950873136171	402.87908102024653	0.0	542.9387607457151	400.55943683530677	0.0	538.8524711888901	485.9010500304912	0.0	549.4002635298136	573.335431455184	0.0	513.0807660756168	592.607139279564	0.0	516.8309354998382	589.141251425402	0.0	552.9130538809036	589.7346643652604	0.0	557.4654190472204	400.54412140857085	0.0	547.0328521933952	491.13663848977825	0.0	569.283568913118	576.6528849792396	0.0	534.492061855264	593.7868203112736	0.0	543.1039132010949	596.4941326569888	0.0	579.0171277034501	591.6590090598077	0.0	549.9633898352758	294.29382297078706	0.0	535.3138245739084	243.22318343061556	0.0	523.5562464822152	273.8852264134215	0.0	542.9480181563729	312.47802755744317	0.0	545.0184777266904	351.2100806758393	0.0	522.9686152092777	363.6240616382478	0.0	567.717012926975	311.5166528130545	0.0	581.2677002813887	366.99654757928295	0.0	537.0804054973579	370.5336167438419	0.0
88	1.4666666666666666	549.9315717584532	402.9173323128979	0.0	542.9336573252787	400.5848829552817	0.0	538.8367753389821	485.9954038095695	0.0	549.3658848100436	573.2888519882246	0.0	513.059229969974	592.575468934386	0.0	516.6340746071489	589.0874210418349	0.0	552.8758737828831	589.6765198399517	0.0	557.402680245406	400.59768863920266	0.0	547.0130074064836	491.29588917854494	0.0	569.2364989135144	576.7086749273135	0.0	534.6436210225661	593.7489851765531	0.0	543.1730078140678	596.5407600238012	0.0	579.0405428661625	591.7825585393963	0.0	549.9324339895101	294.3070595772329	0.0	535.2936827311391	243.36726017588535	0.0	523.4547559476765	273.8555027147282	0.0	542.9249287522058	312.46411316841227	0.0	544.8495070852366	351.1171861699901	0.0	522.886928327744	363.5449044578127	0.0	567.7404361271166	311.3626140246538	0.0	581.3141973423648	366.88481742399983	0.0	537.0693381560905	370.4227267849363	0.0
89	1.4833333333333334	549.9311648098408	402.8839249193057	0.0	542.9524835203151	400.53790938842803	0.0	538.89986639067	486.043676329778	0.0	549.372629525501	573.3040840508364	0.0	513.0064891127258	592.5768028405809	0.0	516.4120450823316	589.0834717866159	0.0	552.8765562949949	589.6731584742331	0.0	557.2677508400706	400.55357877968515	0.0	547.0081504675591	491.3845400507501	0.0	569.2118982919861	576.7432054117191	0.0	534.7078104773436	593.7407568011587	0.0	543.2850887939193	596.5692730457008	0.0	579.0349997328861	591.8598702564742	0.0	549.9317854767677	294.3070371324501	0.0	535.2865674883925	243.43666339294677	0.0	523.1962156919673	273.85332179652255	0.0	542.9279639697352	312.4433205332122	0.0	544.76985906716	351.02813122488715	0.0	522.6800670072432	363.6630256648366	0.0	567.6868920314004	311.28086193253324	0.0	581.346609457867	366.8346637559614	0.0	537.0429184701997	370.3213012424578	0.0
90	1.5	549.9021571574162	402.8541564119479	0.0	542.9270769074164	400.49565008479857	0.0	539.0663980474455	486.1540908626426	0.0	549.3311133578958	573.2628834949749	0.0	512.8524876875958	592.5339973826822	0.0	516.5126767448266	589.0325781448037	0.0	552.8306568237817	589.6200445803757	0.0	557.3530989552282	400.5204698251646	0.0	546.9880386283361	491.380354550658	0.0	569.1751743152349	576.7295134817173	0.0	534.7164384352586	593.7111164663177	0.0	543.3128010815119	596.575692915542	0.0	578.9838265780443	591.8778662119178	0.0	549.8769273612517	294.3123866248282	0.0	535.2667242312432	243.45899414906114	0.0	523.0423508304348	273.84531156191565	0.0	542.8843665603841	312.4497647343187	0.0	544.6788502280502	351.01681078501747	0.0	522.5603939686954	363.70493509296443	0.0	567.7011231395877	311.2218035808896	0.0	581.3381178766933	366.84432401941774	0.0	537.0012474806065	370.3107237949289	0.0
91	1.5166666666666666	549.8866110111475	402.82009934789914	0.0	542.9279385456083	400.43998059268864	0.0	539.1447774430378	486.1400896117492	0.0	549.2883211189376	573.2338338743557	0.0	512.8986512027818	592.50866653669	0.0	516.5192019039159	589.0029326019475	0.0	552.7811463243954	589.5898672156693	0.0	557.3670422154082	400.48302158333024	0.0	546.9790758638708	491.30469732278635	0.0	569.1590781475265	576.7188084089894	0.0	534.723589812783	593.718062161129	0.0	543.2843097316228	596.5867308107478	0.0	578.9125438048011	591.8905458791955	0.0	549.8149080254126	294.3056807867064	0.0	535.2033831389613	243.34772042085706	0.0	522.9219962175541	273.7708351625964	0.0	542.8249646906445	312.46738544379366	0.0	544.5960129537833	351.10000926923385	0.0	522.5241325843853	363.7025507645089	0.0	567.6319740463139	311.14235565866886	0.0	581.3156756948936	366.8949409231492	0.0	536.9138568110575	370.4074124052979	0.0
92	1.5333333333333332	549.9038752142592	402.92084016697095	0.0	542.9828125080002	400.51200102552787	0.0	539.168885348456	486.09530327042114	0.0	549.2591061489325	573.2242116786409	0.0	512.9135915028933	592.4822449854154	0.0	516.5180187088728	588.9730661546529	0.0	552.7178520503518	589.5591825091196	0.0	557.3390597059763	400.63149386173626	0.0	546.9882753161712	491.2171883058211	0.0	569.160783425726	576.7135762795676	0.0	534.7310610100451	593.769759135182	0.0	543.2203535667965	596.602853491816	0.0	578.8576198034303	591.9000554198249	0.0	549.7331079732445	294.3059633991285	0.0	535.0964742146759	243.4067129067351	0.0	522.8044040013768	273.8334414198574	0.0	542.7438070769721	312.484828490793	0.0	544.5030229714414	351.16016960537297	0.0	522.61536284399	363.93122420994814	0.0	567.6923163867316	311.2628421432272	0.0	581.2745303944487	366.915367562294	0.0	536.7606492523557	370.5203300915395	0.0
93	1.55	550.0082552119893	402.96933922230374	0.0	543.1366083085344	400.4815661745132	0.0	539.1319098432912	486.0606183524175	0.0	549.3714108623001	573.3573252161463	0.0	512.9386429248999	592.4556912419015	0.0	516.6464809733321	588.9425321180157	0.0	552.6423616924648	589.5235472952418	0.0	557.2810148521712	400.7334757608255	0.0	547.0341872576504	491.14293158626174	0.0	569.0561910327282	576.7312533374787	0.0	534.7360044717958	593.9237009696158	0.0	543.1472045240963	596.6328594372862	0.0	578.8237639173351	591.9172079245087	0.0	549.624848321734	294.3166417727821	0.0	534.9017691170691	243.5020677509297	0.0	522.6762051870883	273.9033731847687	0.0	542.6328364562441	312.5546055737	0.0	544.3833328613673	351.4857539733895	0.0	522.5376952610702	364.25088822055386	0.0	567.6945006716892	311.3767912632934	0.0	581.2217395122036	366.97040486411066	0.0	536.4954639230064	370.54499970459216	0.0
94	1.5666666666666667	550.0435956121878	402.9333902789733	0.0	543.2283833374419	400.50777053334735	0.0	539.1360724716716	486.07702960502286	0.0	549.3856228027265	573.3858602199576	0.0	512.9590773546736	592.532903009432	0.0	516.7461495185993	589.0275443148531	0.0	552.7761829278444	589.6111165441007	0.0	557.2965303874025	400.7416356055486	0.0	547.0370352666017	491.06707640698767	0.0	569.031340129649	576.8352050925948	0.0	534.7359931361526	594.0510796956776	0.0	543.0904338775987	596.6963434366143	0.0	578.796326441706	591.9691496465698	0.0	549.569454944065	294.26666988129506	0.0	534.6320473662779	243.64636152442472	0.0	522.6192560537053	273.9984595597989	0.0	542.5794346223358	312.6308531270952	0.0	544.3247718366874	351.8551356324225	0.0	522.3480905914982	364.6463492985772	0.0	567.6892580235706	311.45742942953007	0.0	581.1801273991871	367.0132145190829	0.0	536.1654329797078	370.61244760264356	0.0
95	1.5833333333333333	550.0247979032277	402.8618047495005	0.0	543.3286653892725	400.4542091942583	0.0	539.2680443250947	486.0208960802352	0.0	549.3970483984277	573.5882802409462	0.0	512.9940571841423	592.5585303985466	0.0	516.9211785174808	589.0497872609502	0.0	552.6058388408574	589.6327284789668	0.0	557.3862941588354	400.79441975276865	0.0	547.0342506588369	491.0422105842159	0.0	568.9237259309142	576.929808471765	0.0	534.7320483845897	594.2699649959253	0.0	543.0343448127161	596.7332805737497	0.0	578.7592650268487	592.0158863487588	0.0	549.4608106372489	294.2521875097559	0.0	534.704191773841	243.73436529064858	0.0	522.5331603231105	273.95365176252375	0.0	542.4861113979134	312.6602070755357	0.0	544.2076418238058	352.10342499700903	0.0	522.367183532387	364.7614263679244	0.0	567.6470757765458	311.4871486185301	0.0	581.1373356724064	367.00204729499717	0.0	536.0482627553445	370.5555031136655	0.0
96	1.6	550.0051794303128	402.8578489528561	0.0	543.3977591485963	400.4743827237868	0.0	539.316647598118	486.0049745845871	0.0	549.3838429901705	573.7841848155363	0.0	512.9895216336438	592.6168859461814	0.0	516.9963072191407	589.1001278378636	0.0	552.7069501233717	589.6839716516135	0.0	557.4462343853077	400.81760155281717	0.0	547.0189657564022	490.9648390519734	0.0	568.8425457965088	577.0814697748104	0.0	534.7145478749567	594.3873372360921	0.0	542.9802960717525	596.7731745318898	0.0	578.7322777673864	592.0764221420611	0.0	549.3868788421861	294.22839197936486	0.0	534.6840647916879	243.71849333805275	0.0	522.5221089552205	274.061054169492	0.0	542.4697116606881	312.7514460066511	0.0	544.1266702482073	352.1649953013628	0.0	522.3569531920721	364.97893774809205	0.0	567.6045553743727	311.54493704100923	0.0	581.1022627571112	367.01124583114245	0.0	536.0285474140212	370.5152416002052	0.0
97	1.6166666666666667	550.0104250879508	402.95891091293026	0.0	543.4424233721602	400.60125054058506	0.0	539.3314031732384	485.97951112503966	0.0	549.3923221824881	573.8573256637249	0.0	512.9800322921099	592.6457416318378	0.0	517.0269559088094	589.1245073721135	0.0	552.7199000816157	589.7088270900283	0.0	557.483135771907	400.81508506012585	0.0	547.0059519034126	491.02421201434197	0.0	568.8271558384206	577.2337645244293	0.0	534.7077320636422	594.4351940255351	0.0	542.9487764331116	596.7962950804232	0.0	578.7257301571349	592.1024252616746	0.0	549.3463901665348	294.22537735256424	0.0	534.6509076842522	243.69388974356923	0.0	522.6042831824118	274.08161772508834	0.0	542.6334771461579	312.77018673688633	0.0	544.0905849218229	352.1456277915008	0.0	522.3311671854624	365.0576744936833	0.0	567.5789148004874	311.5500809412924	0.0	581.087736906587	367.0612962230124	0.0	536.093373411969	370.49468609559005	0.0
98	1.6333333333333333	550.0157279128855	403.01335036120224	0.0	543.4958300086038	400.64381096322813	0.0	539.3780392748267	485.96234768181665	0.0	549.399574859323	573.922732737895	0.0	512.9934958370419	592.6911945201487	0.0	517.076198571228	589.1658152249803	0.0	552.5434771119717	589.7517473015929	0.0	557.5416182651517	400.7960493663294	0.0	547.0027340337165	491.0292590130274	0.0	568.8144820714488	577.3298791644638	0.0	534.7184895403138	594.4720843712525	0.0	542.9568791525016	596.820287080636	0.0	578.7523476595961	592.1347441498209	0.0	549.3353523346448	294.3271007656756	0.0	534.6091494249835	243.7355218284856	0.0	522.4818554326127	274.0453191210448	0.0	542.6860767793021	312.7436295316805	0.0	544.1175783657325	352.0969019089825	0.0	522.2987639260839	365.1240134664388	0.0	567.5967465402722	311.52447897585694	0.0	581.1064279072624	367.14801099770483	0.0	536.0238481782588	370.63302024748583	0.0
99	1.65	550.0240456706729	403.01469162021453	0.0	543.5375860344315	400.63772903150516	0.0	539.4296381938062	485.9233739192593	0.0	549.4211988885805	573.9405442689102	0.0	513.0135212152466	592.7157048533359	0.0	517.1193021534011	589.1890535186284	0.0	552.475083301173	589.775678499364	0.0	557.6009980756581	400.75324282414715	0.0	546.9847443096162	490.972485817602	0.0	568.8244293565368	577.3413353601624	0.0	534.7244567243547	594.4798077475999	0.0	542.9698747152427	596.8268716871125	0.0	578.7753421116062	592.1460360481045	0.0	549.2565096197707	294.33925377742287	0.0	534.3357259654338	243.79766492482014	0.0	522.4411224778027	273.9645678469608	0.0	542.5620752837193	312.68348550365255	0.0	544.1488221759863	352.01013062775263	0.0	522.1473546820891	365.32376704210355	0.0	567.6222787472126	311.4767436573175	0.0	581.1252272378002	367.1641576169045	0.0	536.0255261574189	370.67177319039104	0.0
100	1.6666666666666667	550.0177416484752	403.00536729299387	0.0	543.5429270065023	400.60352498374107	0.0	539.437536247755	485.8941243049072	0.0	549.424736739877	573.9537255744282	0.0	513.0121223137046	592.7353829444921	0.0	517.1206029999562	589.2085147156693	0.0	552.4215870465567	589.7960144575594	0.0	557.6227719593202	400.7107497686644	0.0	546.9334576867107	490.8058652963357	0.0	568.814814692996	577.2712425008857	0.0	534.7075242649955	594.4702901665471	0.0	542.9638024853439	596.8205647164102	0.0	578.7751836211453	592.1479408180192	0.0	548.9745883182239	294.3322021753045	0.0	534.2165746458447	243.80078298811677	0.0	522.4020649232298	273.89665665113864	0.0	542.4671332578965	312.63321873800066	0.0	544.1438261990315	351.95543485226926	0.0	522.2705541724056	365.3749225134468	0.0	567.626823500061	311.4298916700085	0.0	581.125182247445	367.1608826114606	0.0	536.0551391224782	370.6832582550128	0.0
101	1.6833333333333333	550.0055024852821	402.98563696398344	0.0	543.536336974387	400.60031658535684	0.0	539.4361336256186	485.8653020574987	0.0	549.4234307608237	573.9378044513242	0.0	513.0070777111864	592.7289059354816	0.0	517.1156978040228	589.204847794222	0.0	552.388521704606	589.7914149849914	0.0	557.6277295634811	400.66483664312517	0.0	546.8550997729806	490.7385131279463	0.0	568.7982046726821	577.0903904852603	0.0	534.6781448681666	594.4313811447273	0.0	542.9506753910456	596.7913282204422	0.0	578.7639292187524	592.1238157218038	0.0	548.8599596843528	294.31579235537777	0.0	534.1640340899921	243.78675296163533	0.0	522.3686219094458	273.8302374419113	0.0	542.3919953200572	312.57964261653404	0.0	544.1287456736967	351.9122070985974	0.0	522.3190697451993	365.36721141148536	0.0	567.6218508435475	311.38190250662154	0.0	581.1157960017119	367.1437504798771	0.0	536.1345101720551	370.6794061939871	0.0
102	1.7	549.9797825894673	402.95607785285813	0.0	543.512341473482	400.5784263272285	0.0	539.394941932228	485.8997910594483	0.0	549.4015617500401	573.8924749767704	0.0	512.9865275846338	592.696441148741	0.0	517.0878172307673	589.1916652212872	0.0	552.3415922982758	589.7600288990632	0.0	557.6075689678039	400.61121481490875	0.0	546.7589513299463	490.8750777757399	0.0	568.7641601067419	577.0015493176455	0.0	534.6317036994246	594.3700894526708	0.0	542.9227161071634	596.7454027696291	0.0	578.7380823745202	592.0756527746029	0.0	548.7900672922524	294.2918038868318	0.0	534.1108693411024	243.76878040400916	0.0	522.3254084137009	273.7679430545019	0.0	542.2587867871747	312.524291205509	0.0	544.0782232783217	351.8697132361849	0.0	522.3188922656957	365.3309997694472	0.0	567.5978463503795	311.3348939932182	0.0	581.0945298615438	367.11595726511973	0.0	536.2547090369053	370.6891408263357	0.0
103	1.7166666666666666	549.9581282024408	402.91869289225224	0.0	543.4979102639712	400.54109026634785	0.0	539.1378552878908	486.022424532021	0.0	549.3809175633237	573.8276407963872	0.0	512.9682743313065	592.6602322216145	0.0	517.0695971254139	589.3758183448507	0.0	552.331739268493	589.7040127809775	0.0	557.5886599520667	400.5523392804437	0.0	546.5387723352563	490.9818869883251	0.0	568.7330328092658	576.8629901033208	0.0	534.5797058627543	594.3022243180211	0.0	542.8968311075616	596.6968648370486	0.0	578.7112126696193	592.0136364249472	0.0	548.7526521975176	294.26140248706906	0.0	534.0821626701461	243.78146288651797	0.0	522.2879550554306	273.711056118157	0.0	541.9022434030558	312.4714850517965	0.0	543.9794954364597	351.82745560162175	0.0	522.2966715866656	365.28216314936503	0.0	567.5716953336315	311.29495989221067	0.0	581.0747359249217	367.0834853145343	0.0	536.2963695224089	370.90152469443206	0.0
104	1.7333333333333334	549.934586722176	402.89148954582663	0.0	543.4900839081964	400.50118767827337	0.0	538.8988224585378	486.092111966467	0.0	549.3297272940997	573.7600179452429	0.0	512.926637742322	592.7992530018652	0.0	517.0307297111067	589.4213344048871	0.0	552.4953261777035	589.6093569264676	0.0	557.5542817479	400.50377676278356	0.0	546.2991199281644	491.2086830050542	0.0	568.6872823190074	576.7236303918189	0.0	534.52010417057	594.2448131037567	0.0	542.8595337746319	596.658716150876	0.0	578.6761585932798	591.9485100354179	0.0	548.7171148690868	294.23592339827434	0.0	534.0276587875991	244.00966800428338	0.0	522.2282622805787	273.66855204538183	0.0	541.7011813091442	312.43653096185847	0.0	543.5915940904629	351.7905453359375	0.0	522.1998073502489	365.2351828911499	0.0	567.5259341045848	311.27870422060226	0.0	581.0546974234547	367.05301083075875	0.0	536.3045122509052	370.95867477501656	0.0
105	1.75	549.9836579166347	402.94927138535394	0.0	543.4804094325532	400.5108644841808	0.0	538.8201226684604	486.4947284626607	0.0	549.3225793207273	573.7264689709292	0.0	512.9328446919668	592.8996693319987	0.0	517.0373899191733	589.456577749982	0.0	552.6191238962731	589.5597916608695	0.0	557.5491268557256	400.531975095371	0.0	545.964205198827	491.39298750212106	0.0	568.6839261370343	576.6487014550776	0.0	534.4517176348331	594.2077489012598	0.0	542.8618891825691	596.6526724476746	0.0	578.6725063213213	591.8985607110418	0.0	548.7299044539599	294.28849130380905	0.0	534.0429667367155	244.039130465568	0.0	522.1860285445979	273.74806773835485	0.0	541.5847561278422	312.49444845865804	0.0	543.4010128005546	351.80972921804124	0.0	521.9370180454007	365.24210618522216	0.0	567.5170321925326	311.3383274403012	0.0	581.0789327191239	367.06854149739786	0.0	536.3067552215094	370.8294205713207	0.0
106	1.7666666666666666	550.1533659113724	403.08463655050434	0.0	543.4567691206207	400.46668698867705	0.0	538.7988719291048	486.46533072480406	0.0	549.3160289796041	573.690388889474	0.0	512.9630991144925	592.9362714428261	0.0	517.0664612088576	589.4603354413456	0.0	552.7248676772756	589.5174419852322	0.0	557.5619150724431	400.5318949657778	0.0	545.7995107500664	491.5086504481559	0.0	568.6907904615138	576.6058035045635	0.0	534.3085902966138	594.1744997375821	0.0	542.8697131949971	596.6749136976492	0.0	578.6831119222797	591.8437398635767	0.0	548.744717699379	294.3534568847383	0.0	534.0387404417593	244.45041412557305	0.0	522.1002725770868	273.82426524766515	0.0	541.2043472556164	312.5340405370031	0.0	542.9734543305566	351.7720402868378	0.0	521.8076400538855	364.9660412846138	0.0	567.5188240948329	311.38658915443034	0.0	581.1493773076114	367.0586298985663	0.0	536.2830198711827	370.7390848960734	0.0
107	1.7833333333333332	550.1651244655721	403.14113582621377	0.0	543.3770782886866	400.4530518936424	0.0	538.523175094628	486.4476557572985	0.0	549.1082519460947	573.3684696266822	0.0	512.9508425616083	592.9500126555218	0.0	516.9386502215273	589.4575854851345	0.0	552.858086355466	589.4964870947141	0.0	557.6624793706237	400.5147395274333	0.0	545.5203300132192	491.45482074406175	0.0	568.7469824110012	576.5698796602674	0.0	533.9307129775589	594.1502878009888	0.0	542.8575017637736	596.5956364461695	0.0	578.7462037084632	591.7724426743118	0.0	548.7535379061335	294.43578952236226	0.0	533.8306270915699	244.6667094919599	0.0	522.1358081226422	273.9469764131635	0.0	540.8487323110894	312.57796548089397	0.0	542.5501894088849	351.54094820387337	0.0	521.555220718704	364.54428025506974	0.0	567.577465530485	311.4471008216703	0.0	581.3216132313064	367.05996524350184	0.0	536.2442748717406	370.6552517277576	0.0
108	1.8	550.2780998793725	403.02366021280255	0.0	543.5478596379492	400.464541776429	0.0	538.1064468287393	486.23286334091694	0.0	549.0654649023627	573.1759768187542	0.0	512.8857089646011	592.9234506461331	0.0	516.8969833375114	589.4251261443922	0.0	552.9986998091188	589.6478716563059	0.0	558.0883379249292	400.4996989653931	0.0	545.4657604392304	491.1299267328835	0.0	568.8183184858922	576.5127363103238	0.0	533.6011876049106	594.1287958626895	0.0	542.7906557263283	596.5492254702698	0.0	578.8400960590798	591.6156806049772	0.0	548.7558103390385	294.59979979300317	0.0	533.8409858117127	244.92422783188414	0.0	522.2108305706463	274.4860165994287	0.0	540.7778746669507	312.6555146815511	0.0	542.2863936405286	351.4621328385898	0.0	521.5078900569259	364.39161295998	0.0	567.7067318273636	311.5463635271651	0.0	581.5562047442095	367.063519423324	0.0	536.2827297818276	370.37073986343336	0.0
109	1.8166666666666667	550.6973517191605	402.87498522775616	0.0	543.7604338874876	400.39267631735305	0.0	537.7094124958189	485.5971785684002	0.0	549.1581233572064	573.3100648236826	0.0	512.9231173612678	592.8685381916094	0.0	516.7218947393494	589.3589595049572	0.0	553.2068224162332	589.7215760179653	0.0	558.5029209624715	400.3901419572296	0.0	545.2756773253069	490.4620760302442	0.0	568.9166393743722	576.4211256530111	0.0	533.7991097174502	594.1215376777532	0.0	542.9339059010981	596.4405836919268	0.0	578.9843147841902	591.2410177109687	0.0	548.7528236317894	294.78695974073315	0.0	533.9557377596883	245.10781249295354	0.0	522.3208591410837	274.8393951670482	0.0	540.5944220164203	312.6068501516062	0.0	542.6821767596504	351.22812854938263	0.0	521.3848576471219	364.2683778573038	0.0	568.1640610016123	311.6201047279669	0.0	581.6654129396072	366.933288900197	0.0	536.3147726049301	369.969572309367	0.0
110	1.8333333333333333	550.8159411553638	402.89621743825546	0.0	543.7683509959315	400.46667489121126	0.0	536.6445882532321	485.75706215558563	0.0	549.1909154118897	573.187965882841	0.0	512.9452176768092	592.9119953833211	0.0	516.8415467434785	589.1572929831316	0.0	553.0183491513316	589.6417413772612	0.0	559.0109365985498	400.40768715092804	0.0	545.2223504859303	490.509524837085	0.0	568.863774497871	576.3286466149618	0.0	534.5464455812529	594.1093158446431	0.0	543.3538095007418	596.3281515091828	0.0	579.09604215993	591.0810462932069	0.0	548.796619479047	294.9805186066468	0.0	533.9619997375563	245.35252531744072	0.0	522.436314129538	275.1538439854453	0.0	540.5727611709096	312.6146291618814	0.0	542.7973679447265	350.95622664328516	0.0	521.5936863376893	363.38478540959625	0.0	568.1649803913986	311.53258346266205	0.0	581.8861905103499	366.6721755429494	0.0	536.3311470101632	369.1429761143528	0.0
111	1.8499999999999999	550.70150486423	403.0336706138736	0.0	543.2509140579828	400.64547377774534	0.0	534.3901366724506	485.962532881467	0.0	548.945382161708	573.1043417535192	0.0	512.9547348119544	592.9420617058563	0.0	516.6599352872305	589.0216588976372	0.0	553.2624728461778	589.566730533167	0.0	559.21650578611	400.2867875284387	0.0	545.2756713986298	490.4451781756851	0.0	569.0446574592114	576.690530312883	0.0	535.4985872783864	594.0882008566145	0.0	544.1465744134335	596.0995532148486	0.0	579.2083444018785	590.7765286760356	0.0	548.9598853300633	294.8372993440937	0.0	533.6765734533844	245.42786504136626	0.0	522.6494660893136	275.29643504244433	0.0	540.714809166595	312.44928981318435	0.0	542.812299433158	350.96553867089665	0.0	521.6673110469729	363.0421639964565	0.0	568.5568423591258	311.361040356006	0.0	582.0390102874236	366.3367219644232	0.0	536.3324098971566	368.11296079825456	0.0
112	1.8666666666666667	550.0254266135186	403.37213501887635	0.0	541.5125906511494	401.12757601684643	0.0	530.6842894023799	487.1671430138197	0.0	548.3246993580221	572.6251685529046	0.0	512.885855263899	592.9517013491512	0.0	516.0367256547709	588.9026024323334	0.0	553.67528711347	589.1381644612665	0.0	559.3328596509461	400.21742541070427	0.0	545.5810010605162	490.3458294073027	0.0	569.2253868303035	577.0028875622148	0.0	535.9542831612965	594.0464918026602	0.0	544.9594738709402	595.9631635219007	0.0	579.3041355063834	590.6759670930458	0.0	549.0514591531651	294.85252934690914	0.0	533.4631887200487	245.5300781354636	0.0	522.8138106942981	275.51324787282044	0.0	540.0519910708696	312.2144741790303	0.0	542.654923915974	351.1661698928781	0.0	521.6241592051972	363.5971796544498	0.0	569.0875343107026	311.2014033369377	0.0	582.0964985846213	365.2896064156498	0.0	536.295353223356	366.81325048896497	0.0
113	1.8833333333333333	549.5691712206069	403.6000087201838	0.0	541.0346177458823	401.8192301118051	0.0	525.8931122502837	488.47142384002996	0.0	547.0761687441126	572.3609245247848	0.0	512.8079009398059	592.9009063726237	0.0	515.3334808855109	588.3910859561055	0.0	553.7463857606396	588.4127424047367	0.0	560.1714539060919	400.2258276940559	0.0	546.0816487972694	490.8880043327596	0.0	569.7006513761869	577.9494562394765	0.0	536.1519453002702	593.9714415851239	0.0	545.0828651530774	595.8957354794316	0.0	579.424128189017	590.6802132812384	0.0	549.1160756122038	294.683550334499	0.0	533.3649220148844	245.71770893665345	0.0	523.1684685983981	276.1590296592577	0.0	539.8508371543244	312.1809165894759	0.0	541.9881444193494	351.2872732198284	0.0	521.5992804866786	363.1985089938722	0.0	569.6486013399292	310.6479951710467	0.0	582.1286451063502	364.6443419927853	0.0	536.2477911045065	365.63166093472114	0.0
114	1.9	549.8961513664308	403.7550393845653	0.0	540.9325009349883	402.4558800533971	0.0	521.9868132131651	487.9776914326723	0.0	544.5680672119577	571.4163122838003	0.0	512.6385182619275	592.8936681232851	0.0	514.9606425086608	587.8229930338127	0.0	553.3046786429854	586.7551753360467	0.0	561.1635683214366	400.28825558581866	0.0	547.7676892321376	492.3127234843419	0.0	570.564528425793	578.5840256981588	0.0	536.259859584484	593.8069340913805	0.0	545.1933112895445	596.0120710672985	0.0	579.5866193534131	590.8771785508208	0.0	549.2688390114229	294.3986220181225	0.0	533.538424034392	245.86768308004886	0.0	523.6038770124246	276.85107809410704	0.0	539.9186728320935	312.2057079430065	0.0	542.6409246911527	351.2614182614443	0.0	521.7314982210006	362.3639530804196	0.0	570.3294506543643	310.1361415282294	0.0	582.33926975845	364.10429171189423	0.0	536.2009216129511	364.0167177741522	0.0
115	1.9166666666666667	550.2647322172472	403.88443520531825	0.0	540.5071495825148	402.67717960288036	0.0	516.2726854050717	487.7977326081534	0.0	541.1425210166044	569.1822720536409	0.0	511.8906809641992	592.9191215333786	0.0	514.0584598747974	587.2757331125696	0.0	552.4724691227808	582.218028776927	0.0	562.0725814478391	400.49491749961004	0.0	550.6764359664783	493.7689741966739	0.0	572.1720310666568	579.02412142859	0.0	536.8518745302073	593.8602730313006	0.0	545.5423031808457	596.4244410273901	0.0	579.8205142398555	590.8895680277592	0.0	549.2055064126629	294.14147631757834	0.0	533.6759244592487	246.20898826399093	0.0	524.1848564316774	277.38747112966985	0.0	539.5410115952003	312.20292505427585	0.0	542.8750908515992	349.80757808493564	0.0	521.8309766291826	357.6703948385934	0.0	571.7126851635742	309.98845676546813	0.0	582.565795333411	363.93682643562204	0.0	536.2362989420685	362.6921253902417	0.0
116	1.9333333333333333	551.4259539357868	404.28995384233684	0.0	540.5039575422346	403.0175591767133	0.0	509.5970279580014	485.1688444187792	0.0	536.801588956085	563.9204838454166	0.0	511.5238828496838	593.210809208225	0.0	512.7157966049508	587.4911029590397	0.0	549.9945728795059	575.5693588355064	0.0	563.2218841981035	400.68489464836716	0.0	551.6486075727324	494.5423724295432	0.0	572.2576910750504	578.649965843597	0.0	536.1044190414855	593.7673854505967	0.0	544.9722406071592	596.7534195024357	0.0	579.697295558829	590.6268658368696	0.0	549.2059615038454	293.78874256897853	0.0	533.6936138516403	246.0006016855761	0.0	524.3025151242139	277.63335927508905	0.0	538.6604748913795	312.3093717964557	0.0	542.9750029827502	349.5319095796402	0.0	521.8062736749052	356.13033498728095	0.0	572.7722127667457	310.3136273268722	0.0	582.8795506800433	363.95123053683415	0.0	536.3124430495591	361.06828889482296	0.0
117	1.95	551.8700769920559	405.3665564979828	0.0	540.0307913333827	403.58050570640836	0.0	502.77739733599884	480.9768497180784	0.0	530.5847465409265	558.6195303581865	0.0	511.5214887307845	593.0292619733237	0.0	510.12556601798946	586.6787448944209	0.0	544.3212324897843	566.8369189500128	0.0	564.4443656462854	402.0699811267186	0.0	552.5588308036315	494.80415026550827	0.0	572.5480930654401	578.1379050727119	0.0	535.3001501620201	593.8900047543228	0.0	544.7573203610144	596.8751717830338	0.0	579.6700420425182	590.4155252915697	0.0	549.4920656072801	294.1151047455376	0.0	533.7261787713529	246.28077821886038	0.0	524.539478925899	278.47069281863725	0.0	538.4773340616839	312.82031331450486	0.0	542.9033255817847	350.0315866355861	0.0	522.238898420857	353.49867380700323	0.0	573.2898693519332	310.3103652828814	0.0	582.7136563179548	363.68660131931864	0.0	536.2633898079031	358.7892380425486	0.0
118	1.9666666666666666	551.881496432346	406.34416094685935	0.0	539.4747880105311	402.96556168339316	0.0	496.9766966891486	478.5189954618427	0.0	525.8640527479128	551.8493028241335	0.0	509.6982121684495	588.7609945972041	0.0	507.2196792423526	581.4550499942442	0.0	539.4908741667757	558.2427228166787	0.0	565.1341794981452	404.0112171330048	0.0	552.8368321552522	494.76254006688157	0.0	572.6397934711613	578.0420543785503	0.0	534.152174704437	593.9228548318092	0.0	544.8868062626183	597.2545333312626	0.0	579.6483683700526	590.3155191110927	0.0	549.6522582094639	294.46116968215955	0.0	533.1657838931786	247.12754004219238	0.0	525.0957120320962	279.44926634069924	0.0	538.0823798469906	313.8563797951766	0.0	543.1077380628014	352.1576616207807	0.0	521.7800615411784	354.35977942238947	0.0	573.903406007566	310.48091124643526	0.0	583.216341044206	363.53066584750593	0.0	536.2070754060405	356.1103666248766	0.0
119	1.9833333333333334	552.4679957323465	406.21480492152784	0.0	539.2566742188874	402.8404388209597	0.0	491.97639916169504	472.62095632933	0.0	521.0786472701072	545.7128898788178	0.0	505.0183559340775	582.4300438382568	0.0	503.02379598865616	574.6765866728739	0.0	534.6393557971529	551.5038388513138	0.0	565.4729637228393	404.1001444462432	0.0	553.1927634111636	494.10934371503333	0.0	572.5754378318156	577.9621159702018	0.0	533.7579014861619	594.0351572312726	0.0	545.2034959504667	597.4034597444451	0.0	579.5454171776298	590.2215561408112	0.0	549.4511358664656	295.3048756204469	0.0	532.3912067807195	247.58579422530704	0.0	525.485629587681	279.85070193097226	0.0	537.7161901398117	314.8220394919452	0.0	542.6771023622007	358.05901968356295	0.0	521.6780156565025	357.44530295580057	0.0	574.3562465842297	310.4074013410263	0.0	584.0344650201182	363.5804085824925	0.0	536.0340892130517	353.6191972954365	0.0
120	2.0	552.5221520151265	405.72686604203363	0.0	539.152028311381	403.10379086100585	0.0	486.10938746975296	467.0862319381719	0.0	517.3102886351539	538.7772650092746	0.0	500.5117684886575	575.1584743647401	0.0	498.7579990775598	566.961577412905	0.0	530.1965937155499	543.9684032953476	0.0	565.3712291562869	403.52031120925307	0.0	553.0626882141927	493.7550837656346	0.0	572.4148501528159	577.9304508235344	0.0	533.8272137825031	594.0754196482885	0.0	545.7775604050054	597.5208011912681	0.0	579.6327794935783	590.1739016260491	0.0	549.4132903911475	295.77686699597956	0.0	531.0827297094805	248.50038407821182	0.0	524.7230745685083	280.17964491551345	0.0	537.8911277713257	315.15748922541087	0.0	542.1221362268251	362.77157700642556	0.0	521.3630827115796	359.03052741922846	0.0	574.5207429384867	310.1281591690519	0.0	583.8458191386651	363.04072758984114	0.0	535.6783623985095	351.5968350934369	0.0
121	2.0166666666666666	552.8506771605861	405.3398829373226	0.0	539.5043960511365	402.9201649112909	0.0	482.43371368154317	459.0152742848203	0.0	513.0008201931147	530.1771250975462	0.0	492.85908506051345	565.3679243234957	0.0	493.8478406047729	558.8408307812167	0.0	524.7353918584441	535.3566728671967	0.0	565.5734720930425	403.44408329492944	0.0	553.3103964380243	493.286682021432	0.0	572.5435616821233	577.9431885207563	0.0	533.912569217013	594.0608398977844	0.0	546.186689370507	597.5249304351705	0.0	579.611459984462	590.1956006279133	0.0	549.1110845978019	296.4552737587612	0.0	530.1422551215418	249.67600572050875	0.0	524.3681319519533	281.2676759828927	0.0	538.1967403490381	315.7412768972265	0.0	540.9962692622213	364.3599232229448	0.0	519.3050934096509	361.12163570635613	0.0	574.4679535198283	310.0586170008801	0.0	583.110342520355	362.19830868244355	0.0	535.2880760347537	350.0105269875345	0.0
122	2.033333333333333	553.2984040734552	405.0932533216902	0.0	540.1533428902258	402.7777232837244	0.0	478.478969848479	449.84505576741043	0.0	508.5326011156743	523.42388491116	0.0	488.28742857078214	558.3409992414176	0.0	488.85301279622513	551.3823738992381	0.0	519.5507393266658	528.5923368624246	0.0	565.5743065597568	403.37911764189084	0.0	553.2979783221114	493.1859979307916	0.0	572.5092091291664	577.9435459250543	0.0	534.0836608560077	594.2359612760088	0.0	546.2618078554982	597.6594089987642	0.0	579.5623180149157	590.1875972474066	0.0	548.9087791479931	297.47425646627846	0.0	529.0660685321927	250.05117874406596	0.0	523.8594925760907	281.9493436578074	0.0	538.5591447300288	316.11291479142795	0.0	541.3064981288854	366.16126211144933	0.0	517.4384667504785	360.8045187104059	0.0	574.7540828305979	309.9697178533201	0.0	582.7374866388606	362.0338296382234	0.0	534.9259648310139	348.10598020469536	0.0
123	2.05	553.5766084051113	404.6865496478196	0.0	540.3131931866125	402.54515647065875	0.0	476.88268405700785	441.4367777795014	0.0	504.5908387753718	515.5018827817956	0.0	483.8768511951954	550.0228270161184	0.0	483.89508747629975	543.641629128641	0.0	514.4890221312883	521.2026447994543	0.0	565.6595182309666	403.57448680429775	0.0	553.0711255578723	492.82703726376036	0.0	572.5014293812998	578.0007530168336	0.0	534.1778556964966	594.4814634234652	0.0	546.0487041252891	597.6929760166208	0.0	579.5531777749138	590.1339649811699	0.0	548.9051263937806	298.40701516468	0.0	527.8665314340387	250.88275703807997	0.0	523.3416491361708	282.98660010532694	0.0	538.5720336582118	315.9357738761139	0.0	539.4055237183993	367.46722559129404	0.0	515.5639676157004	360.0646943068221	0.0	574.7986892904951	310.2609589814975	0.0	581.5926112873796	361.3378995586698	0.0	534.7137380340881	346.64485598115124	0.0
124	2.0666666666666664	553.7435342248183	403.8135320526422	0.0	540.4425600829736	401.8701643299103	0.0	475.1082200251705	429.5700049946062	0.0	500.5668283418926	506.63762647299905	0.0	477.6588954171688	539.8996792551172	0.0	477.79405082365713	532.5329297207143	0.0	511.4789252041972	513.947331881244	0.0	565.7199160416706	403.586670273203	0.0	552.9895293655763	492.1977777475985	0.0	572.4147741853074	577.8967973601075	0.0	534.0084828816704	594.954017528803	0.0	545.4840068468346	597.6971996386737	0.0	579.6090138311087	589.9538037550707	0.0	548.5512885752878	298.81539850356864	0.0	526.710749606239	252.41711116242175	0.0	521.8881209533598	283.9683305525132	0.0	538.9381803792555	316.43400659076	0.0	536.186318118894	368.22205012978395	0.0	513.3109424914305	358.5962794646812	0.0	574.6404173055256	310.2666624280422	0.0	580.5393206020947	361.2154863490846	0.0	534.5906267707387	344.15495524847347	0.0
125	2.0833333333333335	554.2100378694428	402.6327189929485	0.0	540.7214569158693	401.8166740038003	0.0	473.86976495807005	418.0599666496537	0.0	496.12489697195633	496.34020614669214	0.0	471.6310630981901	528.5454026776258	0.0	473.10331113769246	523.3453025742558	0.0	507.24068673035	504.6041801922513	0.0	566.1418333621898	404.4236808902801	0.0	553.0676464499921	491.23383629343505	0.0	572.3709509926255	577.7998787366236	0.0	533.6173455280194	595.2667456660381	0.0	544.3635774997233	597.637080642738	0.0	579.5318331677054	589.9581017939375	0.0	548.0625401714874	299.05627907451003	0.0	525.2387456521624	253.36942160902277	0.0	520.7413211860801	285.2466092773635	0.0	539.366417795731	316.24819308607283	0.0	535.2830581745491	370.295701576126	0.0	511.68338377847687	357.07185929380205	0.0	574.248131929514	310.0583533791963	0.0	579.4452712073339	361.2314382820826	0.0	535.4197052022007	343.48357372963625	0.0
126	2.1	554.4464404545304	401.897335477459	0.0	541.0039305298303	401.9726877943492	0.0	474.23407235543317	402.64122096906385	0.0	493.2455254958261	484.6424054408839	0.0	467.45726425952205	516.3368145089539	0.0	469.03335718248564	511.03631480325726	0.0	505.05776773874317	494.1539819037482	0.0	566.2793539276087	405.50705778190274	0.0	553.1743342352141	491.8337495872809	0.0	572.1203727931306	577.4444146406303	0.0	533.6559858501082	595.4388169448979	0.0	543.0927069836324	597.7513556360402	0.0	579.5078023019589	589.9349333321388	0.0	547.2293940673633	299.8759603741197	0.0	524.2544567429741	254.96533566074277	0.0	519.8041096972025	286.31829990246763	0.0	539.2933631112295	316.46956855623154	0.0	533.5058733537049	371.1001349103193	0.0	510.87046590498215	356.2046224790814	0.0	573.8324671868642	309.81734810606724	0.0	578.648204788365	361.3190069865514	0.0	535.1924150734122	341.99798695793936	0.0
127	2.1166666666666667	554.6321981681242	401.783928132324	0.0	541.0746567827647	401.8411125446966	0.0	474.50854914951555	398.3904297166056	0.0	491.6606799901898	478.2629377815303	0.0	464.610866469763	503.69563299113565	0.0	467.4175071436999	497.797997990669	0.0	502.8553534702165	489.87720126297256	0.0	566.309630126337	406.5777561977871	0.0	553.0010056887097	492.2853703738209	0.0	571.9295511069931	576.9922098124521	0.0	533.8414788310621	595.5321723150153	0.0	542.6072871138861	597.8252322972763	0.0	579.546311912	589.9952376066869	0.0	546.7690411946461	301.38151239949286	0.0	522.9503745101058	257.2778220396447	0.0	518.9989185994277	288.91111792461305	0.0	539.552145511737	317.74124959117916	0.0	529.4808098656899	372.324806738254	0.0	510.44981576006063	353.91676081486355	0.0	573.4802458659703	310.1482846912554	0.0	577.1592235603983	361.5058515774124	0.0	534.7757846348741	340.1833955886934	0.0
128	2.1333333333333333	554.6787079201849	401.9243149972612	0.0	541.149308308443	401.6031220557708	0.0	476.31626527382076	389.77407676641997	0.0	491.2154779393057	470.60481639281846	0.0	463.1199863209412	493.341987264499	0.0	466.1044313107641	487.22869806391196	0.0	501.9582585053692	483.2121293538719	0.0	566.8634667958459	406.525703320486	0.0	552.7139918256619	492.4569164914159	0.0	571.8865849604998	576.1448058860597	0.0	533.9446677561509	595.366675168943	0.0	542.6565000797673	597.6428377457742	0.0	579.6248692312828	589.9741002485471	0.0	545.9139372512482	302.08837508458953	0.0	520.8309744901892	258.38763520662565	0.0	517.5157732863772	289.6179076390275	0.0	538.9526870816916	318.455396205103	0.0	527.4703237396958	373.080064949359	0.0	510.0827495844635	352.1505169631734	0.0	573.0119822393506	310.7879130908541	0.0	575.7956649073766	361.66031857674847	0.0	534.8757155070198	340.1221539914203	0.0
129	2.15	554.771183473167	402.3061284611507	0.0	541.3068453147313	401.85095026417997	0.0	479.2879125611528	380.8025599754212	0.0	492.0966022564743	460.1596049446088	0.0	463.45719325529836	481.75815562689803	0.0	467.36408871903757	477.23136599871316	0.0	502.293769684833	474.8991605831673	0.0	567.1959693921688	406.92577495255813	0.0	552.4191219178488	492.9164882959314	0.0	571.7759535609885	575.7210222145229	0.0	533.9243572876042	595.3095836221801	0.0	542.5577400670954	597.5078423112398	0.0	579.5768698636289	589.7196173035653	0.0	545.0350848591613	303.14468281444033	0.0	518.3087973004955	258.99596767877216	0.0	516.085246978685	290.2404516520455	0.0	537.8669879316577	318.9689414380914	0.0	526.0404757256746	373.91837708550577	0.0	509.9272406483342	349.9246102106246	0.0	572.0451349577293	311.9636461686282	0.0	574.2110085212969	362.2539278009206	0.0	534.8114775438953	340.0237401362781	0.0
130	2.1666666666666665	554.8777619644579	402.7176069933703	0.0	541.7115907421443	401.84517940674016	0.0	481.4520946039196	372.99087625203276	0.0	493.5335461255975	451.81942605366817	0.0	465.3049470843812	473.9518148066661	0.0	468.4551603150681	470.49549278056935	0.0	503.13150995565167	467.65168559118973	0.0	566.9488512264456	407.42040542836105	0.0	551.9307889794622	493.79206849428704	0.0	571.6480049961693	575.8140866839442	0.0	533.6274962149027	595.3104629829531	0.0	542.4638014687865	597.3330846765259	0.0	579.5151757003437	589.5907186544104	0.0	544.3735709240977	304.7576274012604	0.0	516.6341780881501	260.5762340835169	0.0	515.1779296499143	292.79327585588675	0.0	536.6562588612665	319.0801226243723	0.0	524.6432222308127	373.4473832498975	0.0	510.2604537089302	349.2400039040135	0.0	571.1372826440064	314.15118600338985	0.0	573.2045966958809	362.48291733624643	0.0	533.9669599993985	339.04927295416877	0.0
131	2.183333333333333	554.782002292772	402.56731821257375	0.0	541.6629062337348	401.5877750160745	0.0	482.5190043748334	367.904635445281	0.0	495.0984492282604	447.2496349760954	0.0	468.717221804146	470.5118256773378	0.0	472.14510371164454	465.45300839541886	0.0	505.5788055693855	462.05006794000076	0.0	566.6719765948953	407.0980162029147	0.0	550.2790873887486	493.2759816617982	0.0	571.4124824070915	575.6486626772228	0.0	533.3625160243382	595.3396807327013	0.0	542.2811998698188	597.2324471555612	0.0	579.3441599815585	589.4386718198181	0.0	543.5528437226545	305.4086938459487	0.0	515.9753815410481	261.2379116865054	0.0	512.7820375435895	293.0446379286891	0.0	535.8757810825774	319.0750656958184	0.0	524.6269908303052	372.4547070204413	0.0	511.54746213645075	349.194577362801	0.0	569.7347863604854	315.00098339837234	0.0	572.3359127871668	362.929495639082	0.0	533.4293671483358	339.48373281846983	0.0
132	2.2	554.740619757863	402.65352080448463	0.0	541.575163611567	401.2831306599844	0.0	482.30905791021263	366.02636573165717	0.0	497.64299351892197	442.41103168682054	0.0	473.682572404962	466.72476538485716	0.0	474.64425756231265	462.7341974314245	0.0	507.92318891860424	458.76248655624994	0.0	566.4373228064568	407.2063898240997	0.0	549.7982321674034	493.5917927563054	0.0	571.289926736803	575.784014761027	0.0	533.1280568805626	595.3726060416528	0.0	542.1527477724082	597.2252684764884	0.0	579.2107791865498	589.6930548774808	0.0	543.3756105114995	306.0423995791359	0.0	514.0746468394127	262.94337825573217	0.0	511.51466275020084	294.64866461442847	0.0	536.8133202066091	319.13137286335854	0.0	527.4657899606494	371.8909092436876	0.0	512.8179143312461	350.53220292367456	0.0	568.8948377217548	316.03277876938756	0.0	571.7701269597469	363.89675635712797	0.0	533.3626195753139	340.4709850198259	0.0
133	2.216666666666667	554.6904187831309	402.4645451930782	0.0	541.2694581277191	401.2693071158775	0.0	481.8302696496013	366.2912861421207	0.0	499.28038004646305	442.9258927283138	0.0	475.7788203067077	468.49170616306805	0.0	477.6014021402685	463.52504447599455	0.0	510.662398135685	457.946852503703	0.0	566.7965898131712	406.89701215436236	0.0	549.2746293905412	493.8497452719418	0.0	571.2856843204345	575.9633578947104	0.0	532.653149676471	595.260035051826	0.0	542.5404827250009	597.2017914513283	0.0	579.1336008248179	589.8507275799877	0.0	542.6107896423285	307.22942033221	0.0	513.1336148444715	263.43530022989614	0.0	510.0309347360153	295.63522048058434	0.0	536.7870625443403	320.4480245197594	0.0	528.1857113968174	373.39006952977735	0.0	513.7840842635761	351.56583247550304	0.0	567.8012795707185	315.7860275621174	0.0	571.5377586044156	364.8548506980803	0.0	533.5904272355554	341.67073056933737	0.0
134	2.2333333333333334	554.6119571957041	402.2574481368998	0.0	541.0557115994524	401.41849957535777	0.0	480.89023029265405	370.16675333359217	0.0	502.0265195652373	444.24832936872775	0.0	481.37939908320106	471.7676115387498	0.0	481.4411460838471	467.8335578148691	0.0	512.7690706893555	458.82021118085487	0.0	566.848714140808	406.74614533528654	0.0	548.5431658204096	493.71740785462646	0.0	571.0488852458635	575.7473383340625	0.0	532.2958445543175	595.2158669162508	0.0	542.6749152184927	597.0597931180343	0.0	578.8809129392841	589.8887424138503	0.0	542.2305689431317	307.8483672984417	0.0	513.0165981448883	264.0901571997961	0.0	510.2618992745029	296.6167828619586	0.0	535.7552513138172	321.280765217236	0.0	528.8095309607471	374.57778030354365	0.0	515.1222947939282	352.09899792469605	0.0	568.0396522482354	316.7085223614519	0.0	572.0897297229569	365.5517815115132	0.0	534.0314889499601	343.43812359771056	0.0
135	2.25	554.563396726855	402.1586896587215	0.0	541.2226828921627	401.48648073624105	0.0	478.787919673882	376.99004187874044	0.0	503.3869053238369	448.16272123283073	0.0	490.8237294926363	480.3404514895675	0.0	489.5743390307562	477.4664977841099	0.0	514.356982683617	460.9826533099321	0.0	566.7558964769139	407.45058593248757	0.0	547.7747174140264	493.85491258186136	0.0	571.0234962859865	575.9213653346474	0.0	532.2083923631942	595.2089473818613	0.0	542.7739957638296	597.0630920103799	0.0	578.7511103854173	589.8177340753186	0.0	541.6494319490153	308.65240096460747	0.0	512.648279339421	264.8404249106112	0.0	510.34857377294844	297.55479674717793	0.0	535.1475992329913	322.9631222658883	0.0	531.2664991423203	375.30292054073516	0.0	515.9854322262103	353.6077782203569	0.0	568.2776151859764	317.0461791445232	0.0	573.2379902792399	366.8492197699359	0.0	534.3401066092978	345.1205200274836	0.0
136	2.2666666666666666	554.7697605109042	402.70980911366985	0.0	541.922293348946	402.14420993117756	0.0	476.88551218563447	386.1788053328052	0.0	503.4487244546508	455.1681347801067	0.0	494.98843236953195	494.05659099125364	0.0	494.34819389617394	487.66396173939916	0.0	514.902772234319	467.89769621252816	0.0	567.0957182196819	408.4981166007876	0.0	547.3167153731366	495.38937630699513	0.0	571.1264573221241	576.1838784220981	0.0	532.4579407382723	595.1807955590298	0.0	542.9114019281999	597.0985106502382	0.0	578.5497657699777	589.6359330841733	0.0	541.7204355972415	308.8015102451122	0.0	512.4793582060877	265.9626537417247	0.0	511.7068897848762	297.7092132163957	0.0	535.9002763576368	323.69526983127565	0.0	534.9009455592444	375.26246236439135	0.0	518.1680083374607	357.45346834443893	0.0	569.1807373255351	317.63881996657267	0.0	574.7874116424927	368.0118266674648	0.0	534.7445274656066	347.952035918555	0.0
137	2.283333333333333	554.6337336175529	406.1061265773967	0.0	542.3543682453159	405.1381159885302	0.0	474.91490100642903	396.0781683669428	0.0	503.13563002512524	465.8878631951592	0.0	498.55432359469944	502.87923015260117	0.0	498.42597840465413	498.55870738989694	0.0	515.3709269901802	476.1098628857961	0.0	567.0872295536717	410.4660121015896	0.0	546.0386630532579	496.67703366546414	0.0	571.2697301196332	576.598302698691	0.0	533.166676390337	595.2071520870907	0.0	543.1885854643012	597.0209129959802	0.0	578.5791508005987	589.3838565396812	0.0	541.4941457422232	309.51189450677805	0.0	513.0758957440838	266.24626786248865	0.0	512.5314870584466	298.44995729335494	0.0	535.9663502366584	324.5018915064392	0.0	536.849469866181	374.20542862147323	0.0	520.0540122928755	360.34852237187516	0.0	569.580815039036	319.364972004105	0.0	576.1392085739187	369.5024951728752	0.0	534.7356436549095	350.87167516949677	0.0
138	2.3	554.3104511319224	408.2628225676835	0.0	542.5119591809453	406.63752745393845	0.0	475.1729986331591	407.70964250382656	0.0	502.59514391212053	476.26442245267737	0.0	503.8402462756881	520.3708517611076	0.0	501.14445489478805	514.3196114347683	0.0	514.5844082803213	487.14385298018857	0.0	567.2304884275719	411.2440960232704	0.0	544.8688600268731	497.0704849148219	0.0	571.332080005234	577.1332835551103	0.0	534.0671845112101	595.1395750977763	0.0	543.6064634206175	596.9002237957891	0.0	578.3914877265256	589.1614361301254	0.0	541.5209291188586	309.8045579604182	0.0	513.6245078923727	267.35565789980194	0.0	513.6676240058388	299.66858497003614	0.0	536.8477874211183	324.83149470633396	0.0	539.3852943660512	373.38147349779456	0.0	520.792271106106	360.4667744662355	0.0	569.796051977213	319.8335269539085	0.0	578.9444847318102	371.5114687845688	0.0	534.5523822344452	353.58420605850614	0.0
139	2.3166666666666664	554.0528679730821	411.12360800455025	0.0	542.4846251482461	408.4289160259643	0.0	475.4416851713953	421.886354251451	0.0	501.6068275265143	492.08400130094765	0.0	500.8812498350006	537.1547537916563	0.0	498.18970347118267	533.7615348139833	0.0	514.2718190708094	499.50983340125043	0.0	567.5144665524653	412.90653552308396	0.0	542.1798001613024	497.14864742413386	0.0	571.1004133347208	577.3481307970105	0.0	535.0745592315164	594.9332628154012	0.0	544.373393418844	596.6723871552945	0.0	578.1708772300593	588.7723699617534	0.0	541.4577096198294	310.7254662410033	0.0	514.1046667600018	268.49438075121344	0.0	513.2985179203871	300.23468764878254	0.0	536.9173211140262	325.28169918956354	0.0	537.975807870347	371.0539890282352	0.0	520.8743573888341	358.1665928498177	0.0	569.8067686932766	321.25657906934674	0.0	580.2404855022837	372.99104798285373	0.0	534.4437761435152	356.19187464256066	0.0
140	2.3333333333333335	554.0287168668442	413.28144943185424	0.0	542.3776351270888	410.52324388178795	0.0	478.3639058377983	434.13718907438346	0.0	500.781153867011	508.2328815714433	0.0	492.43853266506864	547.7290931146947	0.0	491.8142629235142	543.8417043120851	0.0	512.6110913241195	515.2781919301121	0.0	567.7720850179394	414.9196093236155	0.0	540.3392167555473	499.01106891033726	0.0	570.8141642510354	577.9890831571365	0.0	535.3648086862977	594.7037959986935	0.0	544.7099464873114	596.660871426677	0.0	577.9288639802871	588.4941982049959	0.0	541.4961425908451	312.121394214554	0.0	513.9982373987065	269.8201044217758	0.0	513.7430854603689	301.70010047636305	0.0	537.0346487775179	327.9322275124558	0.0	539.6276195240112	370.3679082046937	0.0	521.0691230228795	359.8349754374068	0.0	570.0771922930478	323.6246975378688	0.0	581.5327076082433	375.848981698198	0.0	534.380316019096	360.3802281583219	0.0
141	2.35	553.8568001553903	415.20245267485376	0.0	541.99665911598	412.9751319057769	0.0	480.8271727315155	447.8667059788345	0.0	497.78015208829004	521.5468133636844	0.0	486.52990150307323	559.3600286255152	0.0	483.3134615308463	553.3336788081074	0.0	509.263469827153	530.1563788531995	0.0	567.8853744520563	416.82022118820345	0.0	537.8123949296415	500.24932844864344	0.0	570.6490371680908	578.3829969274209	0.0	535.4685096274884	594.688962326247	0.0	545.0987104575242	596.7250597894533	0.0	578.0177809636856	588.494043071128	0.0	541.9947827046137	314.31209900481707	0.0	514.2512186452478	272.38084092406405	0.0	513.8863316031941	303.9912291257147	0.0	537.9129808175803	330.0872495614543	0.0	541.0972638725206	370.73944298011094	0.0	521.0964453442064	364.2047367286684	0.0	570.6220253621755	326.814750271118	0.0	582.4526103822643	378.15428702046216	0.0	534.2103086812506	364.4725164128308	0.0
142	2.3666666666666667	553.9527201611558	417.76941060338254	0.0	541.6867221968204	416.09969127895835	0.0	484.48602663404824	459.90077245391467	0.0	494.8486483478293	538.1407074584286	0.0	473.73326583261166	569.3251142025296	0.0	471.90946350691695	562.1686554682217	0.0	504.15855105069045	546.7943680644291	0.0	568.2308010354815	419.3907709528838	0.0	535.2326662494992	501.92578417991984	0.0	570.6943186178408	578.6070571863486	0.0	536.3885019361235	594.7823620721308	0.0	544.4372771390641	596.8431784956276	0.0	577.8472310995119	588.4383239320255	0.0	542.1126686268444	316.37336141772204	0.0	513.3138478247503	274.8227819263155	0.0	514.7907740473931	306.1278674623618	0.0	537.813889222954	331.06874184380695	0.0	545.1162528543832	370.2702346100437	0.0	524.1292438302239	369.0540572500161	0.0	570.752281818393	329.32710664069486	0.0	583.1875799305192	381.12479230022626	0.0	534.2442838255937	371.28496418401545	0.0
143	2.3833333333333333	553.8725365667702	420.3052480066014	0.0	540.7554098109367	418.66948472243035	0.0	489.59166365850416	468.2286359199094	0.0	488.64797973867456	548.08097142386	0.0	461.01369172699134	575.709837949274	0.0	459.37451870714153	568.008277955654	0.0	495.77621928165433	559.4027345894249	0.0	568.7347837049073	422.365295327678	0.0	533.0370151062365	503.2090570255902	0.0	570.2028044484317	578.817628125154	0.0	537.991063225488	594.69040425552	0.0	545.1014207469652	596.9647400080729	0.0	577.404067355811	588.6775992521285	0.0	540.9979300239106	319.35595194256746	0.0	512.9572163172202	277.08840316405394	0.0	514.8715184507516	308.5484261875717	0.0	535.2027718980997	335.0060128718579	0.0	545.0271379390884	372.6790812349725	0.0	525.3920848328162	374.5877642750112	0.0	570.6235832528046	332.36363638466435	0.0	583.5120787461225	384.5353140305947	0.0	534.2581256256698	377.92028227027373	0.0
144	2.4	553.9441938664909	422.708295145738	0.0	540.990935343953	421.07310434582735	0.0	495.4676918690457	476.3880770880692	0.0	480.5118776831058	556.0106032347462	0.0	449.36573446060476	576.7485968234427	0.0	450.2317475032828	569.1429595525474	0.0	486.35096791284036	567.3744554864728	0.0	569.7861392981616	423.3239931966417	0.0	531.1311320141064	503.0608821007902	0.0	569.5981002352955	578.9747106241472	0.0	537.7526231235815	594.6487226728648	0.0	544.5843103871991	597.0488308620305	0.0	577.7849458038212	588.2342835062964	0.0	540.16781014943	323.6325794245075	0.0	510.86819019328254	280.8765861007921	0.0	512.5616544330584	312.40366159804273	0.0	532.8890660096431	338.6451937741033	0.0	543.8989379921245	373.4569150660645	0.0	525.9660963632969	380.3771012778227	0.0	570.0583885737282	334.9655127848262	0.0	583.3498996638435	388.45121184116647	0.0	534.1970829934221	384.1597711979957	0.0
145	2.4166666666666665	554.2222960740064	425.77162152960057	0.0	541.1999946944036	423.65708639018305	0.0	501.60915621549947	484.77443718098687	0.0	473.0557878258787	559.8106809935499	0.0	438.95120420736265	575.3804795933329	0.0	439.72260275047597	568.545150230046	0.0	476.0361829684817	573.7367804360988	0.0	570.4845721713948	426.2478616133945	0.0	528.2890711441986	503.7101251672709	0.0	568.9730265753242	579.213832222211	0.0	537.0593264211304	594.7551740325854	0.0	543.9551968935159	597.2211756421575	0.0	578.0459305557531	588.0792780564783	0.0	539.2964166815264	327.6584967332728	0.0	510.1284946620254	284.74374634962624	0.0	512.1997180671816	315.51854111054683	0.0	530.4143537420738	342.4943041742941	0.0	543.4985439393165	378.1361825425354	0.0	523.6940168255874	389.57660037721064	0.0	569.2050975846902	338.29570962591515	0.0	583.16194134644	391.8829134141108	0.0	534.0709033889416	391.83109093414953	0.0
146	2.433333333333333	554.6718903585058	430.1496544014824	0.0	541.4518009024783	427.9719567799627	0.0	503.0088190735697	492.0834186304882	0.0	467.3761972261771	561.2078303329166	0.0	431.66832983063614	571.3583175877029	0.0	434.3175926315667	566.7745366030429	0.0	466.64299698211556	577.3164248264278	0.0	570.7381875474989	430.0874966993359	0.0	526.5099885158234	505.2509993003345	0.0	568.3063114430372	579.1263341625574	0.0	536.2572432314767	594.9310705957248	0.0	543.024345229569	597.3654336807369	0.0	577.9810099914703	588.4374802739444	0.0	538.05064705372	332.14497986399175	0.0	509.6698858951489	288.91123065661986	0.0	511.00347708077624	320.1550473748927	0.0	528.0841726970943	346.71369264537566	0.0	543.8072882668113	382.9410329459253	0.0	522.1458946648683	398.79908209123124	0.0	567.5202446813396	342.5852452381694	0.0	582.8193955512745	395.90381816022557	0.0	534.647726399918	402.04313785558264	0.0
147	2.45	556.2344291460151	433.17901112315906	0.0	542.0671085204851	429.6221198757748	0.0	503.2273016750721	498.5100859550832	0.0	464.20970993016476	563.1512192053083	0.0	429.36389555489444	568.4051310480035	0.0	431.8841265870014	565.7952875120612	0.0	464.2117420281919	578.632454896704	0.0	571.4917403305735	432.18736698382133	0.0	525.5245381210102	506.5057850933343	0.0	567.9740138314884	579.6346704557491	0.0	536.0252579227958	595.2914166963085	0.0	542.7081308251892	597.2513609573086	0.0	577.4413642735706	588.6340856394181	0.0	536.6109291351495	336.92928530655587	0.0	507.38266021516114	294.74368831291224	0.0	509.4878942251902	325.5935967158998	0.0	524.8274431417883	350.30814100197284	0.0	533.4219572994417	384.8254020758689	0.0	518.1112945141042	404.9483240108981	0.0	566.424432364476	347.1655737548552	0.0	582.6764957432365	400.4433438722143	0.0	534.3601309319552	411.63226013577514	0.0
148	2.466666666666667	558.8262310298994	437.3790442706538	0.0	544.3332709580181	434.30837423657124	0.0	503.5395184113812	500.7482167776763	0.0	461.50545825449035	564.1086193304614	0.0	427.8041036509004	568.7426529283147	0.0	429.8183440839689	566.6532273860358	0.0	461.2956751507907	579.7265543876563	0.0	572.2469480530441	437.3266148783509	0.0	525.4029514983445	507.15783225076814	0.0	568.1739527346036	580.4974689041369	0.0	535.7018344649588	595.7375438696176	0.0	542.3308175412883	597.3220844288664	0.0	577.3972222757322	588.8990361295887	0.0	534.9532381670242	341.79380728622493	0.0	506.06488983736455	299.77533495552984	0.0	508.62506947340546	330.6369047196566	0.0	522.6400253790847	354.4296816977902	0.0	525.6262361197148	390.39725749006703	0.0	510.02472810342226	417.8016204019237	0.0	564.0107449854748	350.4348638485116	0.0	581.498747547984	406.28575250277447	0.0	533.7701359379212	423.9583177222588	0.0
149	2.4833333333333334	560.0990763353384	439.6276376681579	0.0	546.2920086578348	437.149920987132	0.0	502.52275745626287	501.5805746002617	0.0	457.5260743706425	566.6546425591637	0.0	425.4774657508569	573.0268561267713	0.0	426.6583176580053	569.5404330038416	0.0	458.47818299636265	580.973458055881	0.0	574.5003992386313	440.2065738309434	0.0	525.5091802891504	507.16976501100334	0.0	568.1228928385598	581.2448794353788	0.0	534.7358984343784	596.4688387851804	0.0	541.2671862636812	597.564827702883	0.0	577.4245266962431	589.3921895854711	0.0	532.8720912953419	347.0158350230449	0.0	504.5435055379922	304.73752581234885	0.0	507.4910954079904	335.59746299516337	0.0	518.968963166584	358.9877624118534	0.0	519.4197116291374	399.33951047204306	0.0	500.143784456255	431.3131650120114	0.0	562.6726295423875	354.9886809066776	0.0	580.97325125175	414.0116713369249	0.0	534.138580436754	435.2686304470029	0.0
150	2.5	562.4003299535744	442.1770219292502	0.0	547.7178231897702	441.0541775635958	0.0	501.84345387984433	500.9712421084945	0.0	453.99464418142776	570.2758798045859	0.0	420.9850284325803	577.5868231474825	0.0	423.01058734004766	572.652995555595	0.0	454.5366671684587	582.6297548413914	0.0	576.6522248886538	445.03509770199446	0.0	525.6357806387987	507.14947455279344	0.0	568.1568017599325	582.1546622308233	0.0	533.0651877249749	596.9568979368961	0.0	540.1490436537704	597.8996508621806	0.0	576.896318480471	589.6580871477883	0.0	530.4432621401733	351.2181388168689	0.0	503.71753047926694	308.9314954069377	0.0	505.79156570539	340.3954221362894	0.0	517.0962378920666	363.98187605853747	0.0	512.5949741314062	407.5267625403239	0.0	491.1470394493588	442.4035669745081	0.0	559.5923292733172	359.1089605263784	0.0	579.5552109913211	415.7909185687616	0.0	537.9289939920232	450.01438358288266	0.0
151	2.5166666666666666	564.8929860618704	443.8141696159588	0.0	548.3825450777055	441.9371385200114	0.0	501.58050098201363	499.3381233157138	0.0	450.1272739029101	572.604799085064	0.0	416.3478726559031	580.4621270726418	0.0	419.1954628814402	574.7230653952263	0.0	451.0768612436972	584.73222733475	0.0	579.8610043640831	446.7717708388649	0.0	525.9328631152541	507.66225726188657	0.0	567.6759871527082	582.2745905899105	0.0	532.661170332572	597.1659275786848	0.0	539.1993168944443	598.0922235991947	0.0	577.02748110446	590.2532130997078	0.0	528.1331870064856	355.69493080840067	0.0	501.228540632915	314.24139965532663	0.0	502.7235286624199	345.56766425248696	0.0	515.8658257259744	368.7492800050505	0.0	505.8224090151929	413.5087368885695	0.0	486.8965676874894	454.73474486563316	0.0	557.1417518474381	363.8717331329466	0.0	577.6290972467307	420.63206110557655	0.0	541.4667809680129	459.12564727173776	0.0
152	2.533333333333333	564.8341764414959	445.89354164202086	0.0	548.8896198346492	444.8947906912072	0.0	500.29080053388935	501.5865511576837	0.0	447.18030407431655	575.0158391025736	0.0	411.6124162094655	581.5235798978222	0.0	413.58370459989794	575.8332769534604	0.0	448.13828422786133	587.2659214488465	0.0	580.8597194235764	449.74455249989626	0.0	526.3369782199586	507.85149436269336	0.0	566.8969130150356	582.0312469369228	0.0	532.5157887859468	597.1037589270886	0.0	538.7546583950684	598.0549357321878	0.0	576.3844111971824	590.359859692997	0.0	525.4137491990956	360.02865550782946	0.0	498.8185022992691	318.3305890188412	0.0	499.830973436695	350.11805370124466	0.0	512.5393982532858	374.3527652233153	0.0	500.1777353529231	419.5114891015622	0.0	478.8965112359497	460.6419733796066	0.0	555.3371358093613	368.0144148597004	0.0	576.7743598823537	423.1590935706163	0.0	550.7272380104764	466.46152387971955	0.0
153	2.55	565.3274602578551	448.12471229844766	0.0	549.9766836776691	447.71895052689337	0.0	497.89124109936677	504.9276244188872	0.0	445.16310315455144	577.5894453213143	0.0	408.73913691176995	582.4971380348975	0.0	411.9739822784566	576.8233892324159	0.0	446.528972558481	588.9216865573992	0.0	581.754183137761	452.74248858504484	0.0	526.4489038769532	507.79806130714735	0.0	566.8322352853809	582.6952029901815	0.0	532.3989062769688	597.2372481946591	0.0	538.6666934809916	598.1885398041728	0.0	575.8558138818238	590.3488421614986	0.0	522.5857915851251	363.8898230840119	0.0	495.52583523509645	323.16331150967403	0.0	496.9257473349149	355.0130562373673	0.0	510.0626627963454	379.75666646839795	0.0	493.1041498461474	423.6357294668116	0.0	470.4281303622964	467.8342272847041	0.0	552.9118291053281	370.4532068393497	0.0	576.1975586480303	427.0214520784859	0.0	557.239164176029	474.7564419420342	0.0
154	2.5666666666666664	565.1578446458118	449.29578317665425	0.0	550.7138781107592	450.2151635662439	0.0	496.9700984020335	505.1657718553408	0.0	445.5977111118569	577.8169532444767	0.0	407.2910879596285	583.2178339478812	0.0	410.52441071097326	577.1503300658861	0.0	446.52214242179394	589.2509489728461	0.0	583.8742464143613	453.6052553975342	0.0	526.9904997863076	507.82820161579644	0.0	566.9209355838219	582.6208840800514	0.0	532.5109837188648	597.0360822201653	0.0	539.1166808843161	598.2742016321032	0.0	575.7766685766073	590.4348828774138	0.0	521.2196125790452	368.18377565826717	0.0	493.5346983453153	326.10889156373094	0.0	495.24182379687977	359.4044496563888	0.0	506.78246850014864	383.51681136395894	0.0	487.7898526626128	427.18408457188576	0.0	464.2260327751893	472.7739080960207	0.0	550.8921717972352	374.5426370943361	0.0	575.4812083797057	427.96383687211204	0.0	573.6352409899373	481.02820078327875	0.0
155	2.5833333333333335	564.8427986203304	450.7284532346079	0.0	550.6251013809604	452.5192810294978	0.0	497.8752932330464	503.3090030251302	0.0	447.14399347147696	577.6315033379265	0.0	407.50917707518755	584.1005903625625	0.0	410.70008676792906	577.6582586765372	0.0	447.62821906332294	589.5432390312151	0.0	583.1008644399863	455.77359751291476	0.0	527.8002475047925	508.1134049398395	0.0	566.3349752594034	582.5121520285596	0.0	532.8537550916182	597.0704585619752	0.0	539.0862494755779	598.3916815711774	0.0	575.4536460879528	590.6086981623695	0.0	519.1691055243763	372.1973150514604	0.0	491.2823621782549	330.103606852728	0.0	491.8113170987781	363.2656695047614	0.0	503.14297408976006	389.78113718223324	0.0	482.95400718230627	431.01885483591656	0.0	456.93810193846656	476.22747629437333	0.0	548.4805919249476	377.5202886627541	0.0	575.7530379823351	429.6337508569708	0.0	578.6888231853718	484.7960011332526	0.0
156	2.6	564.499486034558	451.5781201707914	0.0	550.1782003894998	453.5116251944699	0.0	497.5800950785149	504.0849267138854	0.0	450.0081938292855	577.3298180668813	0.0	410.45394440973325	585.2715023702383	0.0	413.6226242325935	578.6650139676467	0.0	450.94085144864556	589.0416731581273	0.0	582.0142388898945	456.6871846846242	0.0	528.3256885066119	508.29682602435605	0.0	565.9039671725309	582.1949244386976	0.0	533.8112921601796	596.9649792938208	0.0	539.6756636758801	598.3324601069208	0.0	575.6575743060414	590.3503360844206	0.0	517.2086936432785	375.67205469177065	0.0	488.6921873438875	334.2028500279967	0.0	489.68212856791536	367.8789713972792	0.0	502.2092277780006	391.11100420999776	0.0	478.7539130323434	432.28859298836153	0.0	450.80079322588574	478.12118039481635	0.0	546.4943217970583	380.2230334151084	0.0	576.4410518504517	429.5217993659054	0.0	587.7016068478953	483.05614709109636	0.0
157	2.6166666666666667	564.5701508774181	454.9319528414389	0.0	550.5470500979882	458.65393386415565	0.0	495.07761058051926	506.953838807592	0.0	452.7227683266511	577.018139223257	0.0	414.1477591457546	587.0909609443205	0.0	418.59316300809525	579.7046473529186	0.0	455.38295509114926	587.9543821730012	0.0	579.2926466700728	459.68699221182385	0.0	528.6193983426247	509.1122762493399	0.0	565.8598372273643	581.9525600914346	0.0	534.5941797191728	596.6276848424529	0.0	540.4847611894196	598.2632207500848	0.0	576.2823413653972	590.1757426809249	0.0	516.2872827538646	379.2152644558602	0.0	486.22656505275313	338.6156365614354	0.0	488.5331355128233	370.5006754276173	0.0	499.9700397545156	392.8132813114561	0.0	474.14473554880107	435.0681232396358	0.0	443.26386114889016	479.6344033390848	0.0	544.9735811630749	383.9437058902288	0.0	577.4791175804457	430.1039396248898	0.0	599.0206544478157	481.06801036338265	0.0
158	2.6333333333333333	565.4468180865881	456.2702799180379	0.0	551.8458725417122	460.32529045703234	0.0	493.9829359544506	507.72607458483986	0.0	456.45468660138323	576.5297702375592	0.0	418.70463033978217	587.5870786731577	0.0	423.2751510185275	580.3554325887475	0.0	461.258033089392	587.2209940764411	0.0	580.3558679551336	460.48857700936446	0.0	528.9874493158753	509.85595900019445	0.0	565.3370066762427	581.6298742922252	0.0	535.4202685126737	596.0401672744207	0.0	541.4562432044618	598.213483475632	0.0	576.6612817015172	590.0171986272172	0.0	514.5840649355086	381.1692186261334	0.0	483.7598952779492	340.81981079566685	0.0	484.2545510298924	372.85716030476436	0.0	498.598202542284	395.0725342603162	0.0	470.6924864438891	433.78475059526846	0.0	437.15471840683244	478.0435471839491	0.0	541.9073967789934	385.2598666106762	0.0	580.8704391031139	427.28593686737923	0.0	607.2101105145593	479.0366288156456	0.0
159	2.65	564.8954824582842	457.6641251617482	0.0	551.7491182417117	461.68897565490454	0.0	493.0440653154451	508.81883962987376	0.0	461.09948331516017	575.979056697061	0.0	424.0530544837494	586.9810875584488	0.0	427.515828944215	580.123545309722	0.0	467.61358498764383	585.3156325585812	0.0	579.7831636088747	460.87799597321384	0.0	528.801758848266	511.07967195320026	0.0	565.6383614000721	581.6855033388347	0.0	534.8781001022521	595.5243360704442	0.0	541.6869887705274	598.1099171482668	0.0	576.5377950723563	589.9701651887235	0.0	512.3918632227886	382.79776114058404	0.0	480.12083272416055	343.0463181808698	0.0	481.4859755599696	375.51079600680094	0.0	496.15496319703334	396.9826439478056	0.0	465.5521623210701	433.7528129564148	0.0	432.88655050830795	472.6682163071783	0.0	539.9004141141381	387.0570480357995	0.0	585.4983480368788	425.1869628338635	0.0	614.1214219722286	474.6041507149027	0.0
160	2.6666666666666665	564.196089090264	458.0073045974251	0.0	550.4822015638505	462.4761819946026	0.0	492.585194555937	509.31051631073433	0.0	467.800671243927	575.8576724748159	0.0	427.4121334987763	585.7539783746045	0.0	433.6506787902306	579.3914831846664	0.0	475.2593869123652	585.5987650153776	0.0	578.2426375009989	461.1149988451715	0.0	528.2049953639624	512.6440366207798	0.0	565.1314064074463	581.5391869995915	0.0	534.6776506763711	595.6280731211552	0.0	542.0768139181937	598.017316228417	0.0	576.2262836791978	589.980409611408	0.0	510.3612012106792	385.1637294331406	0.0	478.03514557882	345.42603489559804	0.0	479.3372178070584	378.0705019874307	0.0	494.30625035699086	398.3696405055356	0.0	463.9484817913571	429.27439658211455	0.0	431.7081622196926	461.7852051467229	0.0	538.0397078788541	388.53826393523974	0.0	589.7848101801137	417.6845053757115	0.0	614.2996191845704	461.8822911916232	0.0
161	2.683333333333333	563.2504104086125	459.28421207740666	0.0	548.9474446966872	464.187764982118	0.0	493.2345379487736	509.2087325779842	0.0	476.5251475051309	574.4731099952639	0.0	439.56051478402134	585.3936053343468	0.0	444.29834266708957	578.2538701166131	0.0	483.5672566604237	585.0918175646475	0.0	575.6397288034109	462.4002022513133	0.0	528.1252543222556	515.6036895200868	0.0	564.7480876215499	581.1433148678858	0.0	534.8880602455013	595.8581267484121	0.0	542.4975265610416	597.8179601695471	0.0	576.4961534784027	590.0688057824656	0.0	508.84221394687677	386.85815048343505	0.0	476.07722422620975	347.65617384877163	0.0	476.99913794526674	380.4578646871103	0.0	492.5296929593339	399.0920340718059	0.0	461.04965297052064	424.44875947890927	0.0	429.5473021305221	456.3760945191112	0.0	537.2357641389876	389.9434768051961	0.0	590.5999143327712	407.36630019344796	0.0	613.103301317663	451.5313738380203	0.0
162	2.7	561.864967433339	460.58628580802906	0.0	546.3253727993078	465.4041111978814	0.0	494.1420377274597	508.66272998106575	0.0	483.30777159083715	572.8711971180118	0.0	447.4164901980498	584.2381166936434	0.0	452.3474288739518	577.1685483341969	0.0	491.7909440162819	584.4416645376022	0.0	572.037593796453	463.4841904145859	0.0	527.8385708712543	519.0486113241997	0.0	563.6667640137126	579.5647167313248	0.0	535.2357581617565	596.0453982429357	0.0	541.9645768767436	597.9434837650383	0.0	576.47494842934	590.0995202043201	0.0	507.6668201329924	387.9630668855069	0.0	473.16851152365564	349.92432485846854	0.0	476.20302918359516	382.1013407738868	0.0	491.45279935558324	398.10966740571524	0.0	461.13488789615036	417.92251990110947	0.0	433.3003021305347	447.5026733301268	0.0	534.8548830392483	389.6275224085804	0.0	587.498204583879	393.1780491682191	0.0	609.5369102042937	445.7570342339257	0.0
163	2.716666666666667	560.2338231459257	461.794640469684	0.0	545.1736561324172	466.0904731089263	0.0	496.76669318549193	507.82345959514555	0.0	490.8417991961104	572.9493362688701	0.0	455.71343435288753	582.8788514078656	0.0	461.1859655424062	576.0770067023126	0.0	498.53781171493574	584.8538774086758	0.0	570.1076205621342	463.34108079946134	0.0	528.2915974309035	523.2834914363032	0.0	562.8663024220932	578.9780493947386	0.0	535.9008415697505	596.3028880285708	0.0	541.9791574699071	598.0749428860119	0.0	576.5513781277743	590.1591949206221	0.0	505.5813270640387	387.7503409464471	0.0	472.1096593348776	349.8180362481555	0.0	475.2229693690624	381.1007290401715	0.0	490.1027538257158	393.8280281448612	0.0	465.8522268199334	406.9140355781385	0.0	438.7883819664848	435.24411879134385	0.0	531.5835802305054	387.64112829360533	0.0	584.1414964020533	377.71242138906825	0.0	604.2130666937452	433.61063605055637	0.0
164	2.7333333333333334	558.4641267016893	462.665125591571	0.0	544.3530447925413	467.33084846354666	0.0	499.3008547982861	507.31392282451156	0.0	497.4683553508336	573.4159244925073	0.0	464.34696579510495	583.2898338898092	0.0	469.52946230285164	576.5156575607866	0.0	505.351003745879	586.107729376742	0.0	567.8497436083411	465.1407988241591	0.0	528.4548945844525	529.2294419800061	0.0	562.1840121809009	578.2166512083786	0.0	536.5601944013493	596.4409581548217	0.0	541.7855114701365	597.9999030933604	0.0	576.6218434481511	590.1384267183504	0.0	503.4907338560372	386.6588181708681	0.0	469.4955144234661	350.53914145892276	0.0	474.2065087082436	381.5115404187542	0.0	489.78015842861055	391.548935965185	0.0	470.9819555678323	398.33420229529486	0.0	445.14999542067386	425.7743890087798	0.0	530.2140901854999	385.1418972862355	0.0	580.137020861623	371.1936287841619	0.0	594.5218189386684	420.46837081245553	0.0
165	2.75	555.2425616653265	463.886996044676	0.0	542.2250520194582	468.1507159292831	0.0	503.09768427633617	506.1471948406394	0.0	502.2398174307508	574.7802127871187	0.0	474.4422965565744	584.4035312632536	0.0	479.9319563407297	579.2223213165084	0.0	511.70839755275733	589.2290581098979	0.0	564.0869187057987	465.9981351878852	0.0	528.9611282017988	535.5364131446806	0.0	560.9991163170888	577.1848409986676	0.0	537.3206047311595	596.3265383769094	0.0	542.251012622712	597.951106854842	0.0	576.2186936541583	590.1416172474103	0.0	502.58445372251265	383.8485046184222	0.0	467.8966756103564	350.4474011664305	0.0	473.31764618348313	379.95929488521165	0.0	490.9778944947253	389.6944253012932	0.0	475.663581878647	392.84190268490454	0.0	456.48698899558184	416.6983189630192	0.0	528.0062065824568	381.4382383018294	0.0	575.4962353402545	362.47769055119835	0.0	585.8228633518556	407.0211278780668	0.0
166	2.7666666666666666	552.978412799808	463.7026307377237	0.0	540.5076470521168	467.49017767521934	0.0	508.4722223916344	504.09292526654025	0.0	508.82618267447526	575.2508704679684	0.0	484.08580417255075	586.960988205347	0.0	488.8018274885216	583.148941970137	0.0	518.4411801150343	591.9262127305282	0.0	560.5506288045859	465.38765426698257	0.0	530.6926054403626	538.4406082272452	0.0	558.9196256262471	575.8696951457918	0.0	538.2760155260728	596.2919117379636	0.0	542.9242032063021	597.4618427616361	0.0	575.0487560511982	588.7427679498343	0.0	501.2370971598353	381.51797818727164	0.0	466.3493223261593	348.240780502343	0.0	470.2901517059429	377.64863362987217	0.0	494.7853427728291	391.75561388123054	0.0	479.63980422652537	399.23581769699507	0.0	483.00262359309517	419.9173324177059	0.0	523.6468907522972	380.504988019742	0.0	571.489041937655	357.20662319519494	0.0	568.2204441125552	394.29353782334175	0.0
167	2.783333333333333	552.5818259161193	464.3063233619804	0.0	539.9999435224044	466.9598874678888	0.0	512.1040746008465	503.73494630039215	0.0	512.8495327110636	579.4646878560293	0.0	490.44836005058744	590.2147033345967	0.0	495.89453764506834	586.9822403163505	0.0	522.5153790535053	593.4821308456093	0.0	554.9173552890306	465.2734061377629	0.0	532.7723980062116	542.3230976418997	0.0	556.2673664142995	574.9214492597512	0.0	537.4787357137011	596.9014211746158	0.0	541.7447064646051	597.557846734222	0.0	574.6878198845014	586.8911482800803	0.0	500.0183468036903	378.1302682094276	0.0	464.15462557380386	346.6981347828724	0.0	468.02459390836344	372.90995885338384	0.0	499.70454812407456	386.62569984664697	0.0	521.0594755363412	366.5582502559033	0.0	496.18137715103404	411.16176997738705	0.0	517.0053860209523	379.44003785207735	0.0	570.74692089587	354.30341061880637	0.0	551.6720650156817	383.50825150391216	0.0
168	2.8	551.2029749169182	465.80304863989505	0.0	541.815361632465	468.075778372822	0.0	517.9985452733907	505.66547222221124	0.0	517.8938921154198	580.7891355440144	0.0	496.8938766871646	594.409006424873	0.0	501.54924083297647	589.5123700050704	0.0	527.1179481647681	593.1798196643737	0.0	549.0458767230201	467.0189974655511	0.0	535.0604718253591	543.1069528355416	0.0	554.2825249974727	573.1205293703171	0.0	540.8180530782288	597.1876829487599	0.0	541.0298114584158	596.8045331945495	0.0	572.3751900604975	583.7104122723155	0.0	500.1976963218571	376.16534199914014	0.0	464.21076865821146	343.39626522314853	0.0	467.2709978377586	368.12923092792533	0.0	504.6678265056568	381.15203921320546	0.0	526.8745260482451	364.42993886393117	0.0	534.7614957438575	415.07556256947976	0.0	516.9531725120071	379.5924877238819	0.0	567.3605493467952	358.748630135764	0.0	540.9346564789764	372.7279747259504	0.0
169	2.8166666666666664	549.6904522048296	464.4112133962128	0.0	543.7795337484433	467.86812484514587	0.0	526.1642573195746	518.4798891647143	0.0	521.7553616631981	581.4161947550721	0.0	498.04725234279545	595.4045978595419	0.0	502.44584785356756	589.8008228543415	0.0	529.811963787747	592.2785270863568	0.0	542.90584894397	465.05219372332755	0.0	534.4605825545059	540.0259442064452	0.0	552.3868166898027	570.9816420335127	0.0	539.2971998170896	598.6111785470141	0.0	540.4843960224005	596.4747950143486	0.0	569.1702643159547	577.9620213664889	0.0	497.4888761612365	373.4069182907275	0.0	465.52668978114815	337.04350244842084	0.0	467.7638901408605	363.49473716304203	0.0	501.67577974578177	381.72381220076807	0.0	522.8783350930163	378.2232334373105	0.0	508.62524719830145	415.19944641288953	0.0	510.0905427104465	378.76459839314646	0.0	560.9768522302743	367.20495552645224	0.0	518.4806456190862	371.3327342378772	0.0
170	2.8333333333333335	548.0621731535285	462.9925680845343	0.0	544.3565679358235	466.22497538703385	0.0	531.3046891572385	525.4000553495448	0.0	522.16256708234	581.0529525451688	0.0	499.23737592989517	594.4011778993032	0.0	504.348221215077	589.5396484889637	0.0	529.8946554361607	591.8165142685239	0.0	534.8180973536834	465.2372860105534	0.0	533.5295509736912	538.7640978119568	0.0	550.4352565811363	567.7894859273267	0.0	539.4641529875236	599.5520026929801	0.0	541.3460649042205	596.211608438767	0.0	565.740533707926	574.6541940924507	0.0	497.8370947759944	367.9041121857019	0.0	469.165820085127	331.5235144754912	0.0	469.94354135912556	355.7712156899063	0.0	516.0832182465149	377.7683795299342	0.0	561.7681231347821	371.16933110576645	0.0	511.9918799020992	414.3403076426181	0.0	500.5911810197605	381.6044932185098	0.0	549.7990194854591	376.1065095101707	0.0	498.19040057044003	361.93803325343225	0.0
171	2.85	543.4289701794103	462.60501258249695	0.0	545.0653313156294	465.84715421781294	0.0	532.7447412223501	530.4467712472004	0.0	520.4741008653915	583.4438685868926	0.0	499.1206565736692	592.7084578573963	0.0	506.6380118285749	588.4770497659424	0.0	525.2758575290717	592.5886890497144	0.0	528.9035665886299	467.0041921114891	0.0	531.7107216726722	538.7761202428823	0.0	547.4988569405647	563.3098448406207	0.0	546.9769949533371	598.9011028181906	0.0	544.8398764451215	595.3352917804503	0.0	560.5440187521563	569.6925866117517	0.0	501.4141864065684	364.3828097920262	0.0	470.8934025745748	329.83777733427064	0.0	476.4565025184429	351.3940242296349	0.0	532.4128186552674	369.7372036957031	0.0	572.6120827379322	381.24001670675733	0.0	558.0244116574722	409.08361493931363	0.0	493.3406521905413	383.22200967199694	0.0	515.1485379521919	396.0837956742763	0.0	485.4087244769952	362.73626209100286	0.0
172	2.8666666666666667	540.7266944572038	462.3741441285	0.0	556.8688191932229	465.64988606326034	0.0	535.7677098353897	530.691802777845	0.0	521.0837917886938	583.7681073765822	0.0	494.96923982384146	592.3109891122228	0.0	503.2739326664313	587.873038390125	0.0	524.1925448241058	593.5939509273576	0.0	526.1759113932866	467.0010245712316	0.0	526.9748548591667	535.5378210438391	0.0	544.923059700547	557.9691126629349	0.0	555.883845626321	593.4957877985519	0.0	551.3605062818608	592.2104478090633	0.0	553.5542361698627	558.9892653827123	0.0	504.00452615057566	364.9693548464169	0.0	478.112984936066	325.05690532668285	0.0	486.168644163243	348.80341881033837	0.0	539.0196036177203	375.74497167183495	0.0	580.758358592184	389.68193758572147	0.0	559.2540335939966	407.75175829457186	0.0	488.1779663044624	384.6096457033019	0.0	499.7282397242861	402.1387103283072	0.0	481.38347709562277	373.6651755945814	0.0
173	2.8833333333333333	536.49871369006	461.58201974336504	0.0	554.2937229806737	465.25638212233457	0.0	538.5102277646416	529.013646532261	0.0	521.4745501378022	584.4896938983989	0.0	496.5510823812872	592.0691535981674	0.0	507.98270047675294	586.8515403419916	0.0	525.6713436056895	592.5425822876293	0.0	521.4810847353966	466.24817657723366	0.0	524.1001293064178	536.7290591063039	0.0	539.9518734511664	551.2767481680121	0.0	567.7373301661418	583.4133920643023	0.0	557.3029754101975	583.7170329173953	0.0	550.4908516701236	549.2777012666088	0.0	504.8628556093444	365.2905711863491	0.0	487.9300703367074	321.98992223887655	0.0	496.35962770428296	348.0321420369051	0.0	543.9857300822057	373.9585191625589	0.0	584.7654099136192	404.94813417160657	0.0	566.4741864096401	413.6458932241571	0.0	481.2920278937346	381.9812702091582	0.0	454.519347104476	403.07555453685666	0.0	468.09279743794696	364.3454938157707	0.0
174	2.9	531.984220355103	459.8086755668915	0.0	551.1019265679868	464.1024825339451	0.0	537.2010950237526	531.8001797957544	0.0	521.4884795098584	586.1020431705115	0.0	495.3235188909329	593.0535454273386	0.0	502.9902274418212	585.9183451621775	0.0	526.1400506406412	593.6233677783983	0.0	516.9836896843678	465.47301750824397	0.0	521.7754034219713	540.2249919373709	0.0	540.232208784065	550.2614320431339	0.0	571.7192467413645	581.1886820473973	0.0	550.9215771607045	580.2555383751674	0.0	548.2659218240346	543.476498156058	0.0	506.4709683178837	364.26436694281466	0.0	495.52103928166133	319.6094619988146	0.0	499.9120939991214	345.84732516716997	0.0	547.1145245561507	375.81697622434973	0.0	582.671776521918	413.71249445448774	0.0	564.6352949008896	418.13958635045736	0.0	479.906077602749	387.22340822519254	0.0	435.1979176969474	394.5844191314287	0.0	456.2358536810166	364.4780383418007	0.0
175	2.9166666666666665	528.9097679868632	455.4774395752316	0.0	549.0225577381042	459.61207941718317	0.0	538.8528067124771	529.2371749615179	0.0	521.397607099891	586.7537695290558	0.0	497.52909721609143	594.7479642928859	0.0	505.25537562206534	585.6782018400556	0.0	525.6712208679893	595.1962628281285	0.0	514.4371903186942	463.0744279134715	0.0	519.5854941074696	540.17794199273	0.0	539.8759767378702	547.1949474280069	0.0	565.299332358926	578.6432028756553	0.0	559.6981856071304	574.7591952923061	0.0	546.9279177131091	542.8776044830272	0.0	509.2079568839364	363.1761955534581	0.0	502.38535722237435	319.34545245576203	0.0	506.09008901829316	343.39687672908786	0.0	546.6313751005426	376.79801560009963	0.0	580.3391398422494	421.6888618968781	0.0	558.4720394617506	417.07589624622517	0.0	478.68870350919724	384.11030752652596	0.0	423.11153747263967	386.1864032788033	0.0	408.4312670343965	374.4031501027713	0.0
176	2.933333333333333	527.4970242315401	453.8888185645089	0.0	545.0946567515886	454.20823820286546	0.0	537.4881442580994	524.1332110663632	0.0	521.1037197788901	587.3071929097988	0.0	497.0152356297053	594.9875732152136	0.0	504.3902697419247	587.882187822086	0.0	523.8984978834719	595.1864190830402	0.0	512.8712330601289	457.0251695703855	0.0	515.2069132616582	540.1212650130144	0.0	535.0264686444277	544.5969386467638	0.0	561.6521486611271	568.830837212109	0.0	554.6818421754836	571.8370026488981	0.0	543.794199239233	539.4341861665105	0.0	510.3269636637964	361.6356286835003	0.0	505.73127706484604	318.4319863914688	0.0	509.27519545164483	343.17374437981726	0.0	548.9773585276982	377.48935032036746	0.0	577.5722517615613	427.9849172345022	0.0	557.8648024279865	419.2007682281372	0.0	478.63862316892096	381.9238463724047	0.0	426.80598673269174	382.143960851412	0.0	489.31895876703163	374.2989514373532	0.0
177	2.95	524.60624904433	450.84159584182584	0.0	542.1785755766902	449.88391039035656	0.0	537.0664771979705	523.5546514493977	0.0	521.3683664796847	587.3217341519932	0.0	494.7391327341811	595.8618546929669	0.0	502.4201532882041	589.5866084721972	0.0	523.5572333532622	595.7976155896786	0.0	510.4301779993564	453.0136225169844	0.0	512.1187946261571	534.8723268833265	0.0	531.5420625483744	542.2266847406547	0.0	557.9473494081371	562.5100934102571	0.0	550.5413754922898	571.0472279335545	0.0	540.4276557479518	538.967353199767	0.0	512.1668989354024	362.4050085236645	0.0	507.64785984249477	319.46547853675116	0.0	510.5701064290376	343.7988796743539	0.0	551.5521184016321	378.32496001136985	0.0	571.715962334949	430.44857252465545	0.0	558.4121310823832	423.3849465538025	0.0	479.9082356954984	381.17011094979864	0.0	431.91895872197733	382.3788759774738	0.0	488.71190509507556	372.14444754602647	0.0
178	2.966666666666667	522.0565248285006	449.16572354477324	0.0	539.1908451002304	450.3319823337821	0.0	535.7911227757291	524.7488588002531	0.0	522.1055431847219	585.7429338441425	0.0	499.86475183371084	595.2690669402789	0.0	505.8867716946057	591.2152606998353	0.0	523.612872147207	596.3230943565529	0.0	508.7492546654975	453.1117872913725	0.0	510.3123473734693	538.0963983887158	0.0	531.667073523094	539.9576612917243	0.0	557.67637710563	567.8915042804654	0.0	550.1604856024354	570.8304431225682	0.0	540.754191101309	535.4056440163316	0.0	512.5664170420673	362.73633625276324	0.0	510.08742745382153	321.9153735617175	0.0	512.0911191311981	345.09913586518945	0.0	548.0565880660567	377.98393750088616	0.0	565.1332061977052	427.658512261855	0.0	557.6875984391507	422.4293562385809	0.0	479.57040277023475	380.10516442104154	0.0	441.0898639861957	382.6200811969556	0.0	401.34921306117343	377.77622337310623	0.0
179	2.9833333333333334	517.8785733981	446.6290022868595	0.0	536.2510732851755	448.8370171108349	0.0	534.8462923139604	525.3136995925894	0.0	522.5589200601241	586.4984184215775	0.0	499.64979602759104	593.8907070353282	0.0	505.6659196153024	591.2017129252938	0.0	524.1823683858802	596.4377618071674	0.0	504.11551241038086	451.6280070146498	0.0	510.037636547522	532.495377295141	0.0	532.8342456015968	538.6530695891619	0.0	556.4521184159137	567.4819770453722	0.0	549.8524091746035	565.4222397004263	0.0	540.2798460351491	533.6087456306894	0.0	510.84721426796096	362.38771185003543	0.0	510.0997999649745	322.7318917508725	0.0	512.8779432591791	346.5573079449233	0.0	543.9561796711354	376.180276040592	0.0	561.3834382125523	423.4664542215843	0.0	557.7337581899667	428.5300779570415	0.0	476.01318839232783	378.39681970221443	0.0	461.12469190947735	386.9675011247651	0.0	483.0808996099028	390.7642596822084	0.0
180	3.0	514.3423510494628	440.0571065354096	0.0	532.2784435702633	442.8229968260804	0.0	535.2391756094736	525.3245084864652	0.0	523.2711462169087	586.395613713634	0.0	500.77778132125775	591.9767495348103	0.0	507.8779431575153	590.2783379548714	0.0	524.3072315004677	596.8193552034433	0.0	500.2402248000685	446.052616257435	0.0	509.4126914713238	532.58405281165	0.0	533.0787333745621	536.8263141915872	0.0	557.9048536662469	567.2089793839651	0.0	550.1215501764509	564.6146380360447	0.0	542.0773270139603	530.9424208923444	0.0	509.9791266813901	360.56504521051437	0.0	508.901281109737	320.45683960999264	0.0	511.21573561727246	344.5511453881308	0.0	540.1800758257754	371.81604903553585	0.0	558.1788735585505	417.6566049660039	0.0	559.8122996819608	438.15944042386144	0.0	477.5189695528878	376.407115257269	0.0	480.707115028019	420.8343225254387	0.0	511.90112147246157	420.7565489454634	0.0
181	3.0166666666666666	507.32338910719074	434.6300130701815	0.0	526.5956728005847	438.2098289451827	0.0	533.8441127863435	523.1313031935326	0.0	522.4259403549394	586.1039669178062	0.0	501.4524426318818	591.8236664204594	0.0	507.3976787063682	591.4684819292064	0.0	523.7818648037683	595.4314325292899	0.0	494.06207793893776	441.86600445589124	0.0	507.39727671915097	530.1848414533049	0.0	534.1357303283465	532.2227525997198	0.0	557.9345904407296	559.2757047891066	0.0	549.9578854286136	561.6822059509202	0.0	543.2852319676088	526.6379379590052	0.0	509.94472872665284	360.13593036539544	0.0	506.0215935349603	320.21213124095027	0.0	510.1624061678765	343.69618696898095	0.0	538.8414247828731	368.58669843987605	0.0	552.2973651499793	414.7787291091527	0.0	558.9657036476868	443.54290244537276	0.0	482.5872744181815	373.59454862764954	0.0	483.51667999552717	415.0841812885678	0.0	524.940295026211	433.7724085066732	0.0
182	3.033333333333333	500.8761782334376	432.3445712377523	0.0	520.624598138578	435.0605636288612	0.0	532.1190048157861	519.1209593174266	0.0	522.8960082220651	586.177375953783	0.0	502.54243925350147	591.728603682349	0.0	508.01901897798507	592.8536986277732	0.0	523.655226558256	595.2135642548208	0.0	488.58329632996174	438.35044237169814	0.0	505.1605031161698	525.7184245815968	0.0	533.7254187417601	527.2199999987517	0.0	555.7647560328594	550.8618169145539	0.0	548.9430917045727	544.7306986068062	0.0	544.902678115471	518.6204133809281	0.0	509.5084035651927	359.5336477488391	0.0	504.6077358286983	321.0069867468244	0.0	510.43036534195164	342.64219781594693	0.0	536.7571124534704	365.91133601921433	0.0	547.9379779661953	412.35840698933276	0.0	560.1600261860046	451.30703134279105	0.0	484.2084386721651	371.7994994661085	0.0	486.3334335124551	413.62084014862967	0.0	534.7120031967345	437.041393975486	0.0
183	3.05	493.40712954202627	430.4353356992208	0.0	514.1448028190177	432.1814346855832	0.0	529.5519800693427	513.4110079364219	0.0	523.2642474418278	585.1757080424692	0.0	504.9380878397302	591.1464867508004	0.0	511.0272592516966	592.7277194230846	0.0	525.0830080748525	595.1050288829648	0.0	482.3934271088201	435.89987942168494	0.0	501.8583784274904	521.9466850610994	0.0	523.745831759346	520.900401760724	0.0	549.8892325596235	534.8334008156703	0.0	541.5291836690507	529.6368732651147	0.0	532.535390932499	512.4902701349222	0.0	508.9112997244251	359.40091902164386	0.0	502.8651995065365	321.1542690827109	0.0	509.3424926524523	342.0730470231796	0.0	534.1266157573493	362.684101432267	0.0	537.2709861132877	407.71534275046866	0.0	559.0554287411936	455.5279941077295	0.0	487.8161291551114	369.87265410110894	0.0	515.8696150072685	413.43536197468984	0.0	574.0247124904048	422.051473477843	0.0
184	3.0666666666666664	488.02980100373634	428.7723740949197	0.0	508.5646598844804	429.10324768765327	0.0	526.3873571537748	510.80561485908754	0.0	523.240026599357	584.488214752624	0.0	506.0121693672707	592.594661820394	0.0	519.4982226257692	592.9069985606507	0.0	525.9739269206929	594.9230932291819	0.0	477.2698942128379	432.6857905117783	0.0	498.2983837429164	518.5851504444021	0.0	516.0556542648347	514.6413242666148	0.0	535.9507362708165	527.3105563354026	0.0	535.2197884819486	517.4812094249176	0.0	523.0436466911137	502.2299794234765	0.0	508.1311781108255	359.4596426257979	0.0	502.5801290997334	320.24134907799066	0.0	511.0879754034564	342.6809347956435	0.0	528.319722901322	360.02715923806204	0.0	528.5280492800683	400.13368193713285	0.0	556.5289195854814	451.9967335385729	0.0	490.07743140635614	367.1919224118429	0.0	541.2716646858996	414.3518971067797	0.0	590.8999599541511	426.02789337951634	0.0
185	3.0833333333333335	486.53360601300733	427.9428683850801	0.0	507.4408446560588	430.5585260300914	0.0	524.2131189813576	510.7004731552269	0.0	522.9474719755178	584.8343181217808	0.0	505.93195419573885	593.1652885058982	0.0	513.8231261000601	592.4716051377402	0.0	526.1021905317748	595.1065275179451	0.0	474.3745576423991	433.1094949391555	0.0	494.08170805244526	517.1661328355003	0.0	506.3690976890365	507.5647751830969	0.0	522.3084403268222	519.9820158988082	0.0	521.1577881142208	509.7297404430074	0.0	511.0896141051587	497.49025732680997	0.0	507.32612559708593	358.69375734011595	0.0	504.79534213138055	320.0946989423365	0.0	511.55526217020486	342.091829790209	0.0	522.923905799062	357.16402321894793	0.0	519.7593352792156	394.26287569833744	0.0	547.5195721417961	439.96802264863254	0.0	490.72227132974945	366.85983918695564	0.0	544.5295988868136	418.46672212108047	0.0	591.3346362668096	429.4119996239188	0.0
186	3.1	486.0455492986166	424.9896985104269	0.0	503.8775057407506	426.82454168020195	0.0	520.6928497140041	509.71461223980435	0.0	522.2887751467617	583.7964331891993	0.0	507.7054970304329	592.2918397896549	0.0	520.270035318021	591.5762327644253	0.0	524.5709610479236	595.0997351167524	0.0	473.32447235584635	430.2213892665842	0.0	488.18394815519554	516.6199890889226	0.0	496.56169167939123	498.99787927769563	0.0	508.8724338812296	512.6206695732976	0.0	506.84459679393564	502.03394167210223	0.0	502.12641644605014	484.43966897929994	0.0	508.6349370633609	359.26268695884704	0.0	508.96222122631787	319.3007416312695	0.0	514.9682605990381	340.8477361096818	0.0	520.77091917362	355.3851242369712	0.0	513.1750314648448	386.0716838066854	0.0	543.6545517827125	432.99353974993204	0.0	492.40344171728566	365.99000500115676	0.0	547.9847990823474	421.59854542151277	0.0	592.9897496997083	434.76397423081977	0.0
187	3.1166666666666667	485.0546700170258	421.81139026494054	0.0	500.56950367297054	422.9380551346398	0.0	518.9277415962305	509.4608704812938	0.0	522.0666372164692	583.0451079211866	0.0	512.1278111979099	591.912046597394	0.0	524.2217286482352	591.2797218781183	0.0	522.3678611513087	594.9377295524134	0.0	471.01733468089634	426.0466905478602	0.0	486.8663710978195	513.9762793617075	0.0	486.5997653397543	489.0279248290161	0.0	495.49999843407824	505.06255811489933	0.0	492.60190282174045	494.2661394430418	0.0	488.9608866045849	462.37474893585403	0.0	511.2804258412824	357.31751562596924	0.0	517.5359723089359	318.34679336621474	0.0	525.160262960196	339.53956335857026	0.0	522.9639079597259	354.2390115411034	0.0	507.7406602741483	379.5909429483621	0.0	529.2903208054905	414.54281351569404	0.0	495.9067699808366	363.75900960678206	0.0	526.4607638355409	419.1626204130489	0.0	553.936516339814	437.7135696891417	0.0
188	3.1333333333333333	484.3268622949993	421.73292880350647	0.0	499.47782594245984	423.5611590111406	0.0	518.2847703997647	510.7518089241052	0.0	521.9756278744849	582.7014138960265	0.0	511.3017601335483	591.3139862568164	0.0	524.9048882536421	591.4967880723663	0.0	521.6692512062095	594.9429766702972	0.0	469.72228149664994	425.777300886934	0.0	480.72264797167696	512.8387694942018	0.0	477.9258160452909	486.9773863411495	0.0	482.2193852882529	495.8261640813376	0.0	478.47983500551504	486.2951654727758	0.0	477.9615710734749	467.4045839383437	0.0	511.6280836550304	356.4942629155728	0.0	522.8061762151514	317.7802132536094	0.0	527.8890150196173	340.53407329272653	0.0	520.8227056757778	352.86011251059045	0.0	502.9672643029528	372.2262036698337	0.0	527.4930882994423	408.01631524072684	0.0	498.1113619446653	363.2495660036574	0.0	518.42610198956	420.80689090898284	0.0	550.2826781425065	445.2676436531345	0.0
189	3.15	482.7910086573277	422.41570038722256	0.0	499.1600418859123	424.22408036715717	0.0	517.2141601060222	510.83901947122945	0.0	521.362708043057	582.2535593608279	0.0	513.3456558721202	591.7384082741304	0.0	525.4601984268694	591.6854068722739	0.0	521.362057801079	594.5273351773839	0.0	467.70866047398886	425.1434625094801	0.0	474.4376729893786	510.26347711421715	0.0	472.8381637060396	483.1763251215672	0.0	475.76184704707197	481.5954794345075	0.0	473.37606237170246	478.62622692737784	0.0	474.1454255539337	462.7765118918707	0.0	512.0824724648862	358.789939582318	0.0	525.504478130232	319.2087886538997	0.0	530.3401534234197	341.2562227622484	0.0	514.4352239700245	351.40484971935047	0.0	500.1500708180983	365.83587716244267	0.0	521.8887531972705	395.1932509112338	0.0	498.2711721364919	367.05207948216747	0.0	539.699161997561	430.9599996107668	0.0	583.2495338336539	449.388636037439	0.0
190	3.1666666666666665	482.2179273256429	423.12459517107965	0.0	497.3719651315165	424.4604918390428	0.0	516.6554636650532	510.89563393821606	0.0	520.3354572890114	582.0077883687054	0.0	512.5586116258719	592.7609018274977	0.0	526.2866637842815	593.0426691605247	0.0	519.7641105617084	594.5870413169705	0.0	466.67987527204366	424.4681391351612	0.0	471.41228494487245	505.8382023408325	0.0	459.7216770159479	468.5239009368317	0.0	469.39537289202343	472.40039397852723	0.0	466.0351693459782	465.66873099299687	0.0	453.1640180922268	447.08890942315253	0.0	514.8503595190421	361.24333217547604	0.0	528.7878129426613	317.6203544232696	0.0	535.8285819203522	341.3299094585078	0.0	508.4764788077392	351.8053093670415	0.0	497.4723049467543	358.96054685580884	0.0	518.9498567766462	380.89369216701346	0.0	498.33129291332455	366.4784303387576	0.0	535.2993771602555	433.9848709484948	0.0	582.2696498605751	456.364786816405	0.0
191	3.183333333333333	480.38942862483805	422.9888799718931	0.0	495.3158873128697	423.45110423236883	0.0	514.0748019012343	510.5046623603459	0.0	519.5466398562301	581.9691314643893	0.0	510.78749124560284	592.5168687154069	0.0	525.2523878180264	592.5649768893896	0.0	518.9154092752177	594.6965397999625	0.0	465.40584399005036	422.59066566096226	0.0	465.3664430471096	502.9061828062389	0.0	446.7009116985889	470.3635174993623	0.0	440.0696015410435	460.84200583349434	0.0	428.6231794655292	458.5355281675542	0.0	437.8379554453099	447.55351315471654	0.0	514.8200213113865	356.3951470505973	0.0	527.9912046597425	315.0996029329518	0.0	535.1677953705437	338.5960526381911	0.0	513.2256314660601	350.5015086125938	0.0	496.59268790202236	352.83238111422173	0.0	516.5826493297387	373.06016027695557	0.0	498.3428365345374	369.7404375953052	0.0	529.3567833687976	435.72359520759824	0.0	571.1708152544393	461.9463361672481	0.0
192	3.2	479.7580152428095	421.9769162514418	0.0	494.09899698076543	422.07117860743296	0.0	511.7918625469671	508.48558709008495	0.0	518.6197570797461	581.586197915734	0.0	510.108637004529	591.7428649876281	0.0	526.3257485091983	591.9248172507654	0.0	518.7797865932502	594.152298250136	0.0	464.58299742067845	421.149083145566	0.0	454.748218081936	500.6349673935315	0.0	427.62185041428273	457.9347589027997	0.0	410.59857492811517	449.4076055521474	0.0	399.66281279321163	439.48153770790407	0.0	420.01536514381195	438.92354056828395	0.0	513.4915070030985	355.4553781058352	0.0	532.4978652990669	314.51431530007227	0.0	537.7633402670211	339.82626076464595	0.0	512.0825045463104	345.22649457290004	0.0	495.96345008150365	343.98637124909413	0.0	518.0717964620336	361.06247491431674	0.0	498.3796359172106	378.382906716318	0.0	523.8095868047019	438.9848107138435	0.0	557.3641432492976	467.8195851326027	0.0
193	3.216666666666667	477.185197603586	420.26883256810044	0.0	492.5215011855908	421.18418897593085	0.0	509.99373952232696	509.838285706424	0.0	517.9259494158844	582.4372263685018	0.0	518.0859319245577	591.5566996113382	0.0	526.2476032165048	592.586162495944	0.0	518.105713501729	594.6124718802467	0.0	462.70486706709306	420.34645215014285	0.0	446.7090816447291	500.34797215162655	0.0	412.87651717315816	455.8150043182634	0.0	398.28464113313856	451.8691740182234	0.0	390.08901365388846	440.2807176782048	0.0	408.4701937275563	440.31229509662563	0.0	513.0008083912295	350.84274210957267	0.0	533.8658812906592	310.7118465054398	0.0	538.3494205584203	335.60777572977884	0.0	514.330340471868	342.7613350559691	0.0	495.74989313696585	338.06762773590947	0.0	516.2956515307674	343.5849345651382	0.0	499.1316127367519	366.92722057377006	0.0	509.6546795191921	434.7654702284283	0.0	544.3143777869881	475.4074897002816	0.0
194	3.2333333333333334	476.1038816397204	417.52359173440107	0.0	489.822846894613	418.97629963029306	0.0	508.2741225451025	509.4195736829054	0.0	517.1758566349762	582.5905066486757	0.0	519.1799508360901	591.4424013258308	0.0	525.677231513032	592.4591723440942	0.0	516.2904126366134	594.1292758475296	0.0	462.48891392328306	418.4847064416409	0.0	439.5428022865059	496.75577826521635	0.0	399.55226978124784	456.0211037490978	0.0	380.39398322875735	452.18218673023995	0.0	376.5709129902514	439.04721938637016	0.0	393.72256300418985	441.4439760018853	0.0	512.2952238715419	348.26146689710333	0.0	539.7463049966378	309.25367133665344	0.0	536.7205573971767	336.7075841816913	0.0	517.6203424073152	340.89009881645165	0.0	496.3421492863487	332.35194555589015	0.0	515.6742609167616	331.38726986274975	0.0	498.35933967432436	358.2185458932852	0.0	502.94244420729666	435.3087357962318	0.0	526.6509585846878	476.5680645880789	0.0
195	3.25	474.4621015794235	413.8192640673102	0.0	488.36165762801585	415.9108286486422	0.0	506.2741560887395	508.07165340383983	0.0	516.2447687043903	583.1229168480147	0.0	517.1785220800261	592.5219667253145	0.0	524.9540002359176	594.119687328223	0.0	515.2703224525447	593.4395239077855	0.0	462.07169960037567	413.54365722741807	0.0	431.36337311144797	493.5407293523911	0.0	383.6372671070046	454.9287911905349	0.0	353.1746078499139	453.9364842185313	0.0	356.8335907394962	440.1895990978576	0.0	377.5268678605013	442.5782428318646	0.0	512.7186839710982	342.3685081887597	0.0	541.3546211980458	303.99005840859013	0.0	539.2668729101082	330.527982634251	0.0	516.6946670400948	337.04610024509225	0.0	496.0058168035853	328.22490237627807	0.0	516.4230528316403	318.8762638110804	0.0	499.76083158444976	348.2404484583366	0.0	484.28862766670983	399.38479398022645	0.0	524.7122805029309	457.3057947244465	0.0
196	3.2666666666666666	472.21662140325475	413.36620000479775	0.0	487.6008081454665	415.5828826500706	0.0	504.28788701625416	508.40438907770226	0.0	516.0113373460033	583.8497075162752	0.0	518.4520646748708	596.2126318620703	0.0	523.7387697178236	596.8834083136461	0.0	515.8226026594562	593.4383237726927	0.0	458.87950416864766	411.7236159615936	0.0	423.4083287462548	490.85613992656533	0.0	368.80530968223803	454.18824853162545	0.0	330.44251260102385	458.8869796234432	0.0	336.42890261703	450.7489806353814	0.0	363.96414792934314	441.8447260176226	0.0	513.3914194535123	340.2634806274622	0.0	535.100709112073	302.50993395459597	0.0	534.5463428782347	324.71109605959714	0.0	516.5153573814531	335.2631621286504	0.0	494.7727105511947	325.08116221327083	0.0	523.1187091493539	307.817707383705	0.0	498.7146532250804	344.1703260614188	0.0	483.7221982468973	345.27532684236087	0.0	523.0698391188865	456.3454971158004	0.0
197	3.283333333333333	471.4196567265071	413.2669902185776	0.0	485.6371956467266	415.1920566440906	0.0	503.18502772339116	507.7468620630265	0.0	515.7368338105232	583.5790050375878	0.0	516.6686081773438	594.488998156505	0.0	523.9010023525616	597.3091050337964	0.0	515.6468512279354	593.3595495362351	0.0	457.79600315910557	411.532957896987	0.0	416.8350400086845	488.39482385220873	0.0	357.70663209193805	456.49694677149284	0.0	316.8622935322049	463.79010641951487	0.0	320.0709631024768	456.3335015708704	0.0	350.96479604152125	441.8319911105217	0.0	509.4351900175289	343.8282660356943	0.0	535.5224200264273	303.67922083837067	0.0	534.3239463463477	326.13431455176675	0.0	515.8047768452367	333.32469729177524	0.0	495.1177026117863	321.9219366925171	0.0	525.2761464322604	300.4951576953378	0.0	498.99138524350127	345.79377329349444	0.0	483.21695985702104	397.86554575300465	0.0	482.71220600098195	457.7083494146391	0.0
198	3.3	470.25797356539323	412.94923207172803	0.0	483.914332538387	414.6384620339942	0.0	501.90102520063635	507.91054676218243	0.0	515.5851639594072	583.3249209958672	0.0	516.4465353795363	594.2737565466947	0.0	524.7336593600276	597.0858669671128	0.0	515.1423702653598	593.7172468895022	0.0	456.06226302945373	411.74277439836544	0.0	410.6555556741075	487.22500649020674	0.0	346.9203286007893	459.9514128013586	0.0	307.7049519272203	468.15160888209607	0.0	306.1343700985852	456.34792502983123	0.0	340.4057673401788	446.8154833301677	0.0	505.13160786401147	343.66997670854994	0.0	536.173042359739	309.0645411544081	0.0	531.7053160722763	328.77685659251756	0.0	515.508481882177	332.19466887359437	0.0	496.95445193602944	320.19743457417235	0.0	526.4198399703799	298.65610166307243	0.0	495.1656968688516	348.8922156024163	0.0	477.0794780128389	407.42773301997363	0.0	469.23418578283577	464.4678857918853	0.0
199	3.3166666666666664	467.84161561337237	412.63405691927255	0.0	481.2573572175105	414.2560939225299	0.0	500.0424613733531	505.31572691610785	0.0	515.308145858925	583.5981325229059	0.0	516.8022187459585	594.1335609131916	0.0	522.687227768228	597.1082102201211	0.0	515.059068776112	593.8572859987358	0.0	452.6846259446555	411.1430882872813	0.0	404.86065108122034	486.53513208452915	0.0	332.50027572565995	463.2554632457724	0.0	294.2379311614468	476.32597594074275	0.0	294.2226765479525	467.11381416835343	0.0	323.72688434128764	451.6328077959921	0.0	501.6526943071785	341.20077787848976	0.0	533.100476977419	310.4975272536833	0.0	530.1372345615964	328.0992736411256	0.0	513.0134371671699	330.94596514710867	0.0	498.38142191158533	318.0665451782702	0.0	529.955109783764	290.6231848120922	0.0	493.204919317052	347.57483263653506	0.0	478.12487412869666	393.0513653864736	0.0	459.6900048692978	458.0236848911498	0.0
200	3.3333333333333335	465.87567500677795	410.9093422253041	0.0	480.0584791923346	412.91844509011344	0.0	498.5411050261802	505.8127122179609	0.0	515.330347316566	583.8759143699014	0.0	515.9977780099962	594.0505895996534	0.0	523.0683176085981	597.8577793584457	0.0	513.6862920519815	594.0474658658317	0.0	450.90431610314073	408.9225382676165	0.0	398.3330801534944	484.0603890880851	0.0	322.1399477138178	467.7739798576673	0.0	284.8426192905234	485.9222189207536	0.0	285.4820242799549	477.16049769422744	0.0	311.99224423861824	457.98622701083565	0.0	502.96880056632597	338.98765916121675	0.0	531.3216432481445	303.8756458270778	0.0	530.3589538374966	321.95312935644796	0.0	510.19337546034296	328.68947931942785	0.0	498.9871148829168	317.55422501497145	0.0	534.9562933179438	285.59052569240873	0.0	494.5467934461049	344.4333961425673	0.0	479.40015020175673	383.54017982030865	0.0	496.908822363837	410.05508763723725	0.0
201	3.35	464.1246251108454	410.48580255733174	0.0	476.73579857490313	412.5847023162355	0.0	497.6437808708504	505.4667928359437	0.0	514.0719340650412	583.3911165455908	0.0	516.2902344933827	594.0393084333837	0.0	523.5728335418813	597.1133227415451	0.0	513.2319699963666	593.9531980524548	0.0	449.40620072730695	408.4762175832334	0.0	395.4865230216384	481.2286382776995	0.0	316.27097482918697	475.0778585706214	0.0	280.16853692435416	499.0792887869448	0.0	280.136668409826	489.66263078576014	0.0	305.0637609809193	464.52755399717415	0.0	500.0653095434197	340.2479369328327	0.0	528.8381108716787	300.4993967377758	0.0	528.3006709192176	319.37914577172313	0.0	506.4079233810528	327.5062189283915	0.0	500.88742244575633	316.43096930692434	0.0	537.2078671307561	281.0637910213706	0.0	494.27225834625585	344.9142118313103	0.0	479.5194867197321	379.5867447990065	0.0	496.31714333452163	401.6735627264054	0.0
202	3.3666666666666667	461.60285967394884	410.0271628295527	0.0	473.0290821340786	412.16215332535353	0.0	495.752578236831	504.5750961421247	0.0	513.6185734452201	583.1976205593302	0.0	517.0111770451317	594.1567066935013	0.0	523.945183896033	597.0110542143066	0.0	513.4631699649437	593.9147050665247	0.0	446.62673314900866	408.5316958292814	0.0	389.1755204743902	479.95088080283966	0.0	311.9423830088905	478.43885255427233	0.0	279.2915831186263	511.4626717278158	0.0	277.83490557449204	500.7310792106109	0.0	300.48127799209254	472.9724320338976	0.0	498.6791575699049	337.4263818322049	0.0	520.5577209972292	291.97192992181215	0.0	523.7335462188433	314.5632975129295	0.0	505.7922665735451	326.8980553592021	0.0	504.17030274208213	309.7901904160286	0.0	540.5009073231056	276.2095212865639	0.0	492.4853398649812	341.03550380602024	0.0	479.2542880298014	374.79772613089835	0.0	493.6209334834599	409.8192514501181	0.0
203	3.3833333333333333	459.07206664109685	409.67427116805504	0.0	470.4734164004953	411.8122876603855	0.0	493.87465656243927	503.6647393733481	0.0	513.1390704195214	582.8009570783164	0.0	517.1842623614942	594.1761004487449	0.0	523.1164158410552	597.0558482002227	0.0	513.0608986245643	593.9406346709895	0.0	443.4662873019326	408.04309752808877	0.0	386.7188358415656	480.7800386868166	0.0	309.15327530314363	486.3935813317592	0.0	279.42701039339	521.0524610611749	0.0	275.8973535786611	510.36859618555195	0.0	296.4116778530055	481.0142398139081	0.0	496.8171243645866	334.4034292801012	0.0	513.5551988669038	288.3233088531558	0.0	519.1501347942879	311.5572644166783	0.0	505.89031814896117	327.0601237055187	0.0	507.1598445711279	308.9220812997084	0.0	542.2312414997764	274.8108286178789	0.0	487.1509382629834	340.21477361954936	0.0	470.41043531700285	380.96267931594855	0.0	411.7802172909668	421.7617412841292	0.0
204	3.4	456.29306443474997	408.91716465318825	0.0	468.98076643716763	411.0979987902014	0.0	492.41994153078525	502.4611648749143	0.0	513.0510465641884	582.9933816353271	0.0	516.9617944910777	594.0799430167734	0.0	522.6189696608111	596.8014250452809	0.0	512.4453475974028	594.1338933483851	0.0	440.71674065804916	405.62701336365797	0.0	386.7324284281536	481.82255815296725	0.0	306.74175876220164	494.21742616217074	0.0	281.2280448132619	529.2139058866634	0.0	277.6708359423119	519.9686696596066	0.0	294.61391993337793	490.0327608643796	0.0	495.26946776004127	330.8299556469026	0.0	511.0521281986698	286.87792511115674	0.0	515.4252854565094	309.10416177873685	0.0	505.16894028522995	326.44532323671194	0.0	509.8268291447435	308.8046733672638	0.0	544.93009835789	273.37215328366415	0.0	478.6492835253252	340.23711468012164	0.0	448.0171943065118	383.8762011756083	0.0	415.90635407559506	409.58695158058157	0.0
205	3.4166666666666665	452.84109380111147	409.42618217782683	0.0	465.4123826226182	412.09953161010526	0.0	490.6216798138614	501.9986447496921	0.0	513.0435335890543	583.1190001958805	0.0	517.9349879653178	594.0208914718833	0.0	522.9212606303743	596.7954532066464	0.0	512.3574744495508	594.7820229611259	0.0	438.0918440141482	407.81155304408617	0.0	386.36622961119815	483.0713639253486	0.0	307.08241899619446	502.5110677176643	0.0	285.38945504513185	536.4160570670597	0.0	281.170711515776	529.3557087972305	0.0	293.05431763638484	499.74404493126804	0.0	490.20594582031	328.8987985535166	0.0	509.63495370576834	286.6740258094588	0.0	513.2299519321704	309.9398691166757	0.0	502.05074899288223	325.9892129617904	0.0	512.141778305045	308.67014336842703	0.0	548.0497399050729	272.92048066850924	0.0	471.96336876554295	341.21573869282065	0.0	434.0720279438337	385.6629268631275	0.0	391.70565747026023	414.49279497996685	0.0
206	3.433333333333333	449.57581483769894	409.1663699776289	0.0	461.3860868007801	411.363451319825	0.0	488.6698758915565	501.6833413738658	0.0	512.53967683681	583.2785590629368	0.0	518.6306024513715	594.0853233165042	0.0	523.516253987513	597.0685385862134	0.0	511.7993843472068	595.0922047739583	0.0	434.95050443955984	407.0669102128504	0.0	386.85348829851785	484.3075142854562	0.0	307.475766584992	512.0736181523275	0.0	290.70660477221605	549.0361058830624	0.0	285.1860257928943	542.7933351390539	0.0	292.16101414351255	511.3763345574293	0.0	487.37908502097974	327.45882200992685	0.0	507.5053836223086	284.857370789263	0.0	511.7420569402762	309.8393709639739	0.0	499.89737657193166	325.2711600724163	0.0	513.684461424802	310.6238318760413	0.0	550.6691209070277	275.8312758287732	0.0	467.8141389093947	339.9454325233245	0.0	430.0329274653807	381.42096916148216	0.0	384.4019867177352	406.9458915811887	0.0
207	3.4499999999999997	445.3235192036917	410.3273269237777	0.0	456.2222541497044	412.9535393601693	0.0	487.292230838564	502.93989282437644	0.0	512.9822782442899	583.8324726446509	0.0	519.3378525289653	594.4868670415078	0.0	524.5927535100941	597.0151236749796	0.0	511.83615428385536	595.495476932665	0.0	431.08530481551537	407.7572715785499	0.0	386.7542504317383	486.23028723438244	0.0	309.6588114161139	522.990991910374	0.0	296.72225466051896	556.4575018350678	0.0	293.31190446106723	552.3209098304137	0.0	294.7421720718479	523.681058791183	0.0	485.3938941517108	326.66778475134345	0.0	502.4923870592949	283.56339523321265	0.0	509.84226350462325	308.4776337129925	0.0	497.70846374474763	324.4478495786964	0.0	516.3246232128255	310.05862901223236	0.0	553.6932039029343	278.1123288648175	0.0	463.0091483568991	339.08483078144286	0.0	424.1978440390352	375.9972335908986	0.0	378.7929251565708	400.06624205366626	0.0
208	3.466666666666667	441.8543440904433	411.2182958102754	0.0	453.57844656536366	413.88377684080115	0.0	485.19691535833164	502.87870920214306	0.0	512.2434811481129	584.3369896278965	0.0	520.5021032888455	595.1683197609368	0.0	525.7419287524965	596.8718237451068	0.0	511.9509283282271	595.5182062188526	0.0	428.06791385145345	409.29524765978766	0.0	389.33253735924785	487.3088954872179	0.0	313.4226415018089	532.6319811437102	0.0	304.8967707885235	566.9269259273138	0.0	302.893154540316	561.6570125402411	0.0	299.6344862789782	534.6146305261973	0.0	482.59359742086934	323.87638944498684	0.0	497.73490293653003	283.3798110527108	0.0	505.668835674661	306.9833926312787	0.0	496.8540315846795	325.37388738673644	0.0	516.5342475524907	312.2327474365302	0.0	552.1420423216435	285.86326682435003	0.0	457.0560762139627	338.3868678142693	0.0	417.0365704682543	373.6614614636161	0.0	373.431334880122	393.08328276889057	0.0
209	3.4833333333333334	439.0481504380844	412.2489221297043	0.0	450.51088300276683	415.52861431975276	0.0	484.3812785620172	503.8919569270697	0.0	512.3811177295577	585.4297650489046	0.0	521.7448694077988	595.4657020979048	0.0	527.4926150037381	596.7244554819333	0.0	511.351577028898	595.4704904320854	0.0	425.0112564685146	411.66308510338797	0.0	389.40594170006096	489.53888323088614	0.0	318.6367845019486	543.2988454564468	0.0	319.97763132322945	580.3406032390224	0.0	318.05564955942134	573.9752338072593	0.0	305.2285814317003	547.709548350979	0.0	479.87782131631934	321.3558346159829	0.0	493.95081319574587	282.9261789766666	0.0	502.8601580077718	306.1259062874415	0.0	492.81402516581755	324.0526982001366	0.0	514.5959143491272	315.3583556081801	0.0	552.4833298218417	294.0854238789233	0.0	453.07551146971616	337.6058432097091	0.0	415.2751685806729	370.43416769579085	0.0	370.7121602169234	385.53897727937607	0.0
210	3.5	436.7923854006475	413.1518268588312	0.0	448.3579473995879	416.6631488078328	0.0	484.2012914670708	504.8579887577834	0.0	512.6920002071467	584.8087575715356	0.0	521.3038405301687	595.9092922512693	0.0	528.5292451570066	596.4655991831362	0.0	512.4348913741637	595.354209817074	0.0	422.21844906988196	412.15893916540256	0.0	389.670438637245	492.72422345641905	0.0	326.31951998206665	554.6511189282561	0.0	331.9904169866359	588.5533362656769	0.0	330.59461403855295	583.0014395193532	0.0	312.97867567793105	559.546296513295	0.0	475.2467888695447	321.0202179636053	0.0	489.2608009459177	282.12563185911665	0.0	496.65808739901365	306.57245404080896	0.0	490.92914985693955	324.8258299879371	0.0	514.0208980274256	318.47543934991194	0.0	550.0711742994538	302.40857846938997	0.0	447.2675378866086	336.4832979150914	0.0	407.5799356007442	369.1640523861418	0.0	365.98265030229487	380.44441777196846	0.0
211	3.5166666666666666	433.56637668999343	413.6989553038701	0.0	446.1000938036585	417.8578437965587	0.0	483.0929153732362	505.7298382967954	0.0	511.9549130489794	586.1863910025318	0.0	519.664304982568	595.346037256266	0.0	528.846686137711	596.7114488889806	0.0	512.742622751422	595.3197808410785	0.0	418.62848771297655	412.7248724262031	0.0	392.2792190139499	495.0143327197756	0.0	335.6563112851219	562.3031562339626	0.0	348.3165419646987	598.437434226721	0.0	346.8245829890223	593.182225754028	0.0	323.5882433013952	569.7191818481435	0.0	470.46706956453585	320.234249706462	0.0	485.82935343768827	280.67431751613645	0.0	492.6859593064671	306.6771324909502	0.0	486.51615625808313	325.54911099773307	0.0	508.49937175656686	322.4184411735961	0.0	546.2989797022735	314.4398644677174	0.0	442.2469600218575	334.9717576124324	0.0	399.1853906723971	368.1446798570603	0.0	361.284325932763	376.16497256580317	0.0
212	3.533333333333333	431.3810455318918	414.5097543756173	0.0	443.37825567221984	418.1500214933883	0.0	482.9521131632887	505.98242163977125	0.0	511.27360211510705	585.7251026408841	0.0	518.9202133508919	595.3113776134177	0.0	527.172666194811	596.5503369446161	0.0	512.7404561307854	595.641889406482	0.0	416.2698022191538	413.4360260491012	0.0	392.6586296818949	497.70364141534463	0.0	344.172555859536	571.9428144713323	0.0	365.0467160138499	603.653057125701	0.0	363.20611527104575	599.8796357776971	0.0	333.33074147484473	581.075880235149	0.0	467.25887805184726	316.7825604630283	0.0	478.717441246519	279.00329771441216	0.0	480.3164789393094	302.8759992766362	0.0	481.9493332610542	325.2512272871539	0.0	499.1992348483001	335.1507236637557	0.0	543.8910211238517	331.59558423869	0.0	438.52676416926533	334.06089044802826	0.0	397.69856205691883	366.45443035693575	0.0	362.2726291369074	373.71764113360445	0.0
213	3.55	428.3555757546054	415.63577877753767	0.0	441.7927764725626	417.7870226654256	0.0	482.917227013294	506.37001210476103	0.0	511.04853904214036	585.0925038990592	0.0	518.4265415584954	595.225253317959	0.0	526.42505264568	596.3753705212794	0.0	512.9670441201524	595.3014373947126	0.0	413.75052886584376	413.47030142689465	0.0	393.82618553389295	499.8838704642646	0.0	354.21180734139426	578.8483054568097	0.0	372.9869570203839	603.9638917834592	0.0	372.5287918921697	600.0588055502749	0.0	344.22443210578086	589.4104512760651	0.0	463.985379408022	316.053195783936	0.0	474.26658634693746	277.8128255892909	0.0	468.936118540289	301.72966190486966	0.0	479.1235395714867	325.64409546977237	0.0	490.71750197328055	343.345631480763	0.0	540.8409061887292	343.8658885919021	0.0	434.3066207119831	333.1423046408966	0.0	391.4244233914588	366.8981328436815	0.0	363.78987507930003	370.42888331382557	0.0
214	3.5666666666666664	425.6335055798914	418.8888406506413	0.0	439.6605176134015	419.5310743968635	0.0	482.6643608168772	507.0280843827805	0.0	510.97448678410933	584.9668509319928	0.0	519.3819597544668	595.3930618967789	0.0	527.0772275919693	596.2609776461455	0.0	513.0473673679788	595.5288074446178	0.0	410.44817094549535	416.522795667471	0.0	395.7864467040314	501.96863621530525	0.0	363.21322960188013	583.5852199520906	0.0	376.36985919740283	602.8488487191594	0.0	375.7261524342514	599.5465549399123	0.0	354.5398688041711	595.002914219328	0.0	458.32981523916266	316.01141302229206	0.0	468.6154452805104	276.05300011760914	0.0	461.0841369097802	302.14120491788003	0.0	475.572665599248	325.95618275987783	0.0	484.43918688721544	354.4327558854517	0.0	531.7650333221429	360.89005782222597	0.0	427.8449098457477	332.4587657456736	0.0	382.16817832117516	370.5797485194984	0.0	365.54415105975954	368.1675137077231	0.0
215	3.5833333333333335	423.7936957428872	421.4887241066201	0.0	437.4791641164571	421.6719934567503	0.0	481.6240835030071	507.3508474240122	0.0	510.5507739212206	584.6497801943163	0.0	520.4816658354156	595.1588368851222	0.0	527.2546298676124	595.8219631891212	0.0	512.7862059386623	595.2408248432056	0.0	408.49056198740755	418.8502664868781	0.0	397.04541876665655	505.5172972490955	0.0	365.3464251614661	584.5581057348401	0.0	377.1578802482068	602.2325830833497	0.0	376.8750464879676	599.4951559056968	0.0	357.11387759015537	596.8988896796443	0.0	454.3292724694377	317.428875859491	0.0	464.0999436720962	276.2513948176463	0.0	458.62991008027666	301.56248247818127	0.0	470.66762543007184	328.27147085057396	0.0	479.9478982186261	362.61024267957424	0.0	528.4017859860509	373.0235189210063	0.0	422.1992335428797	332.82707435513936	0.0	379.1859774656556	371.83902381077655	0.0	368.57645747027465	367.0238207884013	0.0
216	3.6	421.92012395425934	424.87235688612196	0.0	436.54282965506064	427.2117653374408	0.0	480.6193902725755	507.6090744479676	0.0	509.98787984495095	583.439361318847	0.0	520.2457591220605	594.9135589484465	0.0	526.8471321298348	595.2818836538913	0.0	511.85022189529917	594.3713913946086	0.0	405.6815176916533	424.305467330251	0.0	397.086722298722	509.0176972607859	0.0	365.3003728943331	585.2126145857324	0.0	377.64777093461066	602.3318405041464	0.0	375.5039762967805	599.5925377652309	0.0	356.81401398148773	597.5150393198674	0.0	449.62735703305606	319.20982218723606	0.0	458.349254493388	276.7643716856547	0.0	454.44563329537726	301.27937230066823	0.0	466.5043858407369	331.6950393848689	0.0	475.7421375649063	368.96251272316846	0.0	518.4302304040829	391.0968183164548	0.0	416.533439491949	333.7081297002262	0.0	377.7993695306223	373.56610383107585	0.0	372.65142792362724	367.52812616708263	0.0
217	3.6166666666666667	420.1468216546658	427.36987780622457	0.0	435.2401460006328	430.8042688082003	0.0	479.227928400074	507.0250947488681	0.0	507.64530548257653	579.1736058622744	0.0	519.0607331335135	594.6730750309865	0.0	525.5498511103312	594.7744001782505	0.0	508.89514286145044	591.5898095410458	0.0	403.9180330805852	428.0351155725306	0.0	397.3350338150141	508.7109114020113	0.0	363.71545319251635	584.8466118039416	0.0	378.38056282325425	602.6609251249904	0.0	376.22434463771873	599.7688287687802	0.0	353.9966776630261	597.9904067337095	0.0	444.5587541119679	318.0660217941362	0.0	453.748981867432	277.4670515819662	0.0	448.8452634933682	301.68405679696343	0.0	463.9241335058516	334.8330189214345	0.0	472.6861300054497	375.1589302890057	0.0	514.9464163585418	404.70272138173334	0.0	411.55786309689444	334.67133144235964	0.0	374.67461829774277	375.4992106282589	0.0	386.711876049349	361.62736993036617	0.0
218	3.6333333333333333	418.269128469799	429.68920723034705	0.0	433.5139194295482	431.51267644718774	0.0	477.10454756281655	506.0392970266438	0.0	503.2412766728474	574.9544073877865	0.0	518.8404127600778	595.0040585482582	0.0	523.574381191064	594.6843709078829	0.0	503.8671400221033	588.6010321931178	0.0	402.02431983752723	430.41248049698606	0.0	395.69427960559347	509.2611179066625	0.0	361.8060265392229	583.5474943263946	0.0	377.0542774330463	603.7448753914259	0.0	374.33225104344433	600.2254918683932	0.0	352.3689145642892	598.3218135760917	0.0	440.0058266797015	318.75006594652825	0.0	449.2553978682432	277.828103693566	0.0	443.80982603628667	302.8372193741991	0.0	460.0657593803194	337.33165452072535	0.0	469.3026428501064	382.8511503103079	0.0	509.01039653333794	415.21450234686796	0.0	407.4326675226182	336.3299193683975	0.0	372.8133932700387	378.4565921304739	0.0	395.49885736179317	364.90711601760773	0.0
219	3.65	416.33646374526376	430.3935093574138	0.0	432.4894717592062	432.8988201874223	0.0	476.5125944155341	504.26324752396886	0.0	497.36685070121354	569.3560157542589	0.0	517.661172478816	595.8277144767118	0.0	521.3141167182619	594.3472012432701	0.0	497.88485770659986	585.2347519924659	0.0	400.1058893782308	431.899181766407	0.0	393.69806369791013	509.78454033858617	0.0	360.50770688290294	582.5942842701239	0.0	375.5561198309644	604.2768257898847	0.0	371.76735218200287	600.2579875226953	0.0	351.93686922492026	598.7003405432624	0.0	435.8068343105331	320.09230363299883	0.0	445.51110336639096	278.5151455642494	0.0	440.07606257881196	304.30370948491105	0.0	457.3899544673235	339.052863399044	0.0	466.19813051621134	384.67014569860095	0.0	504.11785205233883	431.5194369828043	0.0	402.1922588664	337.7076043342696	0.0	371.7858112969428	380.14320236557865	0.0	397.1256864283303	366.679138420394	0.0
220	3.6666666666666665	414.87733474206266	431.06810638062586	0.0	431.1255991479433	433.14000048276	0.0	475.26285195717065	501.8263913539942	0.0	492.60417070000955	566.0218724989296	0.0	517.7812309887029	596.2247024328651	0.0	519.746005216931	594.1022305385723	0.0	491.5963711927014	582.873698932918	0.0	398.5968400618965	432.5174654363069	0.0	391.3106233301418	511.25220101396724	0.0	360.01514433805346	582.8589306768225	0.0	373.66283538521185	604.7287789361465	0.0	368.5811055411368	600.2717523034596	0.0	351.4184955498813	599.1284872720505	0.0	431.77302030812086	320.0496994155221	0.0	440.4152096537019	277.8983540525183	0.0	435.5171657163709	303.863623595183	0.0	454.4329135271901	340.0921226629739	0.0	463.62255690252704	388.9329013175203	0.0	497.8728260495507	438.2998554261017	0.0	396.69511691865733	338.5737466659402	0.0	369.60954859632534	385.51734516420686	0.0	395.27963653896865	379.8271032045489	0.0
221	3.683333333333333	413.275369975309	431.671122134299	0.0	429.9962073637456	433.2807678205867	0.0	474.6928660313309	501.7147962986462	0.0	487.74502624920655	564.3353553481747	0.0	515.6787216532589	597.4747854573512	0.0	517.6076546432395	593.010390221622	0.0	486.6338055392674	581.739839923524	0.0	396.57977756762	432.4054028683672	0.0	389.7451636382043	512.3010150470525	0.0	359.9785547317914	583.3114952931307	0.0	372.40723612344107	604.7995116851828	0.0	367.5948117030679	600.2085242340647	0.0	351.5542347517269	599.5713602771539	0.0	429.0170418252666	320.20395921801185	0.0	436.6818455556157	277.9803358200794	0.0	432.3403114947534	303.879163575333	0.0	452.33899919539	340.8612943068057	0.0	460.0091817175338	394.014107829248	0.0	491.3584139283186	443.4922471247774	0.0	394.92364320411036	339.85505985698717	0.0	369.15397971960925	388.52565049435697	0.0	394.1536747033235	381.9858407364192	0.0
222	3.6999999999999997	411.611451401394	432.78687990387755	0.0	428.7750409937553	434.3292118634159	0.0	473.77874441607815	501.1731645504795	0.0	483.4575416952394	562.8689048512434	0.0	513.4066934315471	597.136414016238	0.0	515.4147036415071	591.1326515442779	0.0	481.3180047534208	581.0599692131981	0.0	395.01866791196676	434.27716521052673	0.0	388.378072008228	513.4501874940047	0.0	359.89932563606055	583.6329343071366	0.0	372.0482655806732	604.2212835205789	0.0	367.06151407207386	600.2407055211593	0.0	351.97329106243967	599.5250654127126	0.0	425.4838253291838	320.82188874902926	0.0	433.5202399518424	278.2400210140465	0.0	429.72290484286725	303.744472264623	0.0	450.84480924572256	342.0781950726693	0.0	457.77617857809366	395.9791098614523	0.0	484.9421496495086	450.3778580030294	0.0	390.85872920692907	341.2887385820901	0.0	368.4711034969477	390.26125673549393	0.0	391.54312124155643	394.2137396690454	0.0
223	3.716666666666667	410.0915940059317	433.77826734097073	0.0	428.4499553578941	434.8967293756156	0.0	473.1165667023754	495.3880946924618	0.0	479.149477175685	562.1390950518847	0.0	510.0954927891123	595.1468451426189	0.0	511.6148824904223	589.7016759094219	0.0	476.4515712230718	579.895108505424	0.0	393.65370931843756	434.9015282603989	0.0	387.49858362786085	514.8030532376051	0.0	359.9214662760391	584.3430958824974	0.0	371.83111341284575	603.6983711219383	0.0	366.1542383300991	599.9650806561044	0.0	353.0179201177764	599.4109041503838	0.0	423.32345882491524	321.0864021563339	0.0	430.3991940668667	278.03525815325185	0.0	427.1125975439398	303.8456988206541	0.0	449.72613049725084	343.2229208193716	0.0	454.6912016545124	398.23050754694157	0.0	479.6174249377587	455.0539026551495	0.0	387.7786947329581	342.549490635112	0.0	368.4366320409059	392.86412739965556	0.0	393.6950496960327	392.0985055352301	0.0
224	3.7333333333333334	409.58448651355013	433.7207909031226	0.0	427.87135601477564	434.8528778511505	0.0	470.3655729755059	493.6151367953797	0.0	475.02937837472655	561.20738501206	0.0	504.9889613406219	592.8528227902653	0.0	505.45257146697804	588.3451171493084	0.0	471.78448677199276	578.4900344570442	0.0	392.58332274339864	434.85642392914724	0.0	387.0152003045187	515.7847110574091	0.0	359.85355770674494	584.5976417679645	0.0	371.7724068568578	603.6364022826261	0.0	366.165838683231	599.9730707858422	0.0	353.49764591257855	599.4439696541856	0.0	421.28789423663005	320.9574648234692	0.0	428.2059073608047	277.3627356385252	0.0	425.111703525999	303.2389630494938	0.0	448.5709950852863	343.5453633118352	0.0	452.8587961210524	398.270861897335	0.0	476.44298130815406	457.7977549704405	0.0	385.7104547614998	342.9652439200811	0.0	367.44833089086774	394.2648719082869	0.0	394.4496363980712	403.5793173153721	0.0
225	3.75	409.03125611303125	433.23069522024804	0.0	427.5847528591197	434.8114076338722	0.0	469.19051117844566	492.0952260490591	0.0	471.2419720178191	561.1607173764468	0.0	500.5271220474928	592.2367842130484	0.0	499.95542745251475	588.2811127090786	0.0	467.45187559395623	577.9424331173457	0.0	391.7495710468402	434.8541117429241	0.0	386.46472856905535	516.2498844281082	0.0	359.593859096248	585.3502409025746	0.0	371.67090967460683	603.4001920283566	0.0	366.32788388618405	599.932598226766	0.0	353.4437972165683	599.4038552671472	0.0	419.85852135372744	320.49000102933996	0.0	425.8530878259163	277.133731441492	0.0	423.82064584565893	302.6488411027652	0.0	447.40875169188405	343.0445948335961	0.0	450.22928452003634	399.1716287328049	0.0	472.6153225094741	460.1982577690924	0.0	384.29436524918947	342.52406161711895	0.0	366.44271326166455	394.3383383622584	0.0	393.19348104913314	406.3150507332235	0.0
226	3.7666666666666666	408.32988383049997	432.6288934907235	0.0	426.7301130243724	434.25818879693963	0.0	468.3174733237007	489.31576586890594	0.0	467.78033995393145	560.6750356668451	0.0	495.09865668394457	592.3555009655884	0.0	494.4580170278372	588.7226653923648	0.0	463.4609504248336	577.4593482573638	0.0	390.9714696208638	434.77573801436773	0.0	385.9333082639335	515.5472733882056	0.0	359.4153152084789	584.9562153541634	0.0	371.46693798270985	603.4913060838102	0.0	366.92552470645137	600.5546403971719	0.0	353.09276543397254	599.0824807984444	0.0	418.46960385450586	319.92125726747037	0.0	424.29714033531616	276.08255078882434	0.0	422.6005561731507	302.04663942205826	0.0	446.92718285427566	342.16674924589285	0.0	449.14072166234206	398.9540180248758	0.0	469.0732764009516	460.2428525835097	0.0	382.6809249601286	341.4018705307766	0.0	365.9328297723386	394.1402491788883	0.0	392.03595390621985	409.78198904389075	0.0
227	3.783333333333333	408.2243094623899	432.0158372348575	0.0	426.4547028033718	433.62642685791457	0.0	465.236508404981	489.5495070128876	0.0	463.9894576975645	562.1616448727284	0.0	490.7276172502527	592.1781683505261	0.0	489.5407260540165	589.30323470693	0.0	459.61642672764765	578.437351611296	0.0	390.79711471721987	434.6046820367222	0.0	385.2449347307551	515.0129717204532	0.0	359.0806242165974	585.0230727854105	0.0	371.4084380744571	603.3948992418942	0.0	366.82022190561634	600.9480903694978	0.0	352.9968216124962	599.2117381990565	0.0	417.8040276219582	318.8373765489178	0.0	423.6913838217045	275.31741064215163	0.0	422.0279019390192	301.37162171246626	0.0	446.1055584060547	341.47395907007297	0.0	448.23553208679647	398.3168988060931	0.0	466.0226587569908	460.10649825436604	0.0	382.33792346548216	340.69984994894094	0.0	365.63354035509104	394.03760568140115	0.0	387.4813238994689	411.3423549667189	0.0
228	3.8	408.12406529587656	431.1023590577601	0.0	425.59590247881124	432.312163923352	0.0	463.0591185562602	490.0182197392409	0.0	461.1971801196336	564.1310393236008	0.0	488.0074774328217	591.4573991425452	0.0	485.8040675534348	590.2203836099735	0.0	456.31721616369964	579.9137520369244	0.0	390.3259236439948	432.8155673102991	0.0	384.41471791279787	514.6929226240953	0.0	358.8484403470578	585.4153541138257	0.0	371.4409417075554	603.4072248360627	0.0	366.18451285312767	601.2290361460712	0.0	353.09755203169897	599.6900539244125	0.0	417.24531087175825	317.93093163418627	0.0	423.01342156217504	274.321144615002	0.0	421.45779964664837	300.5462871848638	0.0	445.6195411212814	340.42191322840506	0.0	447.58671887635774	397.25463196267106	0.0	464.01177756369543	458.7000013139014	0.0	381.67122596923537	339.2592548343666	0.0	364.8970668968627	393.7580797124167	0.0	386.19543287418907	418.8647039535671	0.0
229	3.8166666666666664	408.261055754336	429.86877677067406	0.0	425.71014681109943	430.8401366444217	0.0	461.79559552212453	488.458324927988	0.0	458.40905112214114	565.7973505487752	0.0	485.4056116985749	591.1788022202009	0.0	483.19705041140213	591.0145177358152	0.0	453.46739954981774	581.2119587046078	0.0	391.15887694858674	430.75931795950487	0.0	383.6309095754815	513.5362316953325	0.0	358.67645861471294	585.2230637769446	0.0	371.850383531406	603.3771435908678	0.0	365.68821369375195	601.2543139271593	0.0	353.0060397715956	600.0491122809581	0.0	416.8613978841956	316.19796884919907	0.0	421.9275942653348	271.8764183066704	0.0	420.7902062818913	299.21240425450367	0.0	445.5209085241185	339.4122730052753	0.0	446.51170841868145	395.9623104757729	0.0	462.6377107762317	457.3020252966344	0.0	382.17569102225633	336.7796289907283	0.0	364.48432348716256	390.24334181572254	0.0	379.54887414688017	419.6327823180389	0.0
230	3.8333333333333335	408.6384856303131	428.7816291602477	0.0	425.5997999925576	429.85973069729664	0.0	459.3209599514445	489.09274720281144	0.0	455.8653901124268	566.8489516195639	0.0	481.8873689119713	591.4451777051917	0.0	480.693093385831	591.8369435326185	0.0	450.7643041415249	582.4563173411494	0.0	391.25576984819816	429.77222936042483	0.0	383.0287728175029	512.5630105996597	0.0	358.56481845657134	585.0171060425499	0.0	371.81489075461695	603.446926490145	0.0	364.79079360265206	601.4362232626569	0.0	353.3879748200395	600.1754526949313	0.0	416.3330903595754	314.5251043371155	0.0	421.7740041073409	270.7633344228042	0.0	420.5877264455586	298.1072094162304	0.0	445.68693229052303	337.73402302553694	0.0	445.7546772317005	393.5630488219542	0.0	460.96755477145734	454.0569761814699	0.0	381.64934033205645	334.82777885548404	0.0	364.0650671208434	391.8783505641654	0.0	378.948611005248	423.2815907833716	0.0
231	3.85	408.76970678400085	427.0459124417658	0.0	425.7370335525772	427.51664127804065	0.0	456.94937752048384	490.50852091240324	0.0	453.8680127424112	568.6076849390699	0.0	481.5940191459663	590.8819362075419	0.0	479.9505418881411	593.5320789143066	0.0	447.4959266441348	583.8927865127883	0.0	391.6413916815922	427.5725690359061	0.0	382.6022029393874	511.4298321247162	0.0	358.3905058255483	584.9249783654552	0.0	372.00897748272206	603.2375921201207	0.0	364.77321104660575	601.5906049711926	0.0	353.2978338086741	599.685968739834	0.0	416.3951733168399	313.3599118781607	0.0	421.89177705406894	269.50817151059005	0.0	420.261012191564	296.9281069777025	0.0	445.4651471936518	335.7153463877613	0.0	445.47792485200955	392.31483387908196	0.0	460.24128087902824	452.66729442500434	0.0	380.7002450397092	333.71075897129344	0.0	363.79504191408336	389.4957073128407	0.0	372.1966340364476	422.9195308697737	0.0
232	3.8666666666666667	409.0497981060441	424.8983744998874	0.0	425.81136319681616	425.3444969360887	0.0	455.07327160913667	490.8787647926184	0.0	451.9099870856333	572.4539331199258	0.0	479.7156358428418	590.6264955348436	0.0	478.50206671794723	595.0351013402098	0.0	444.8672904598062	587.0141663979264	0.0	391.3689484578503	424.8512310731477	0.0	381.861897986324	510.71599139437456	0.0	358.15634260516975	584.2066075348918	0.0	371.76843408329114	603.3700706167479	0.0	364.69647530273505	601.870700145574	0.0	353.0708894966469	599.783133672135	0.0	416.3077500973808	311.2825644198318	0.0	421.8746639634175	267.7739425541397	0.0	420.19796995844683	294.53669039144074	0.0	445.23802730425786	333.5951064370386	0.0	445.2395290026482	390.16491995696043	0.0	459.59971889320434	450.58100914367014	0.0	380.1774329875461	331.82018385523264	0.0	363.0978555300696	388.0438847637249	0.0	369.54030907786455	426.60185996535404	0.0
233	3.8833333333333333	409.01731496798914	423.1246824616636	0.0	426.16431782564587	423.0679897447088	0.0	452.9710257121581	492.17455223727586	0.0	450.57565056534213	574.3919096006327	0.0	478.75273923008456	590.7315660451079	0.0	477.0443038537201	596.8140660150722	0.0	444.065084152541	589.4185711842988	0.0	391.59113110913677	421.99993091638044	0.0	381.52283234251684	508.8621020290653	0.0	358.1465020118351	583.935169886013	0.0	371.9317435000811	602.8661246015948	0.0	364.25416658186066	601.7321894494644	0.0	353.1043715979292	600.0870028807723	0.0	416.21972120651384	310.06730495519116	0.0	421.86443363955584	265.9937070358594	0.0	420.12306481845695	292.2517672216525	0.0	445.218326263722	331.9418430243894	0.0	445.2720962134333	388.5058179394871	0.0	458.7264696259976	448.24172140639973	0.0	379.9557776801506	330.2646051817066	0.0	363.26516195801196	385.16746928592397	0.0	365.3259635796104	426.5307756570297	0.0
234	3.9	409.38269675958793	421.3956466030214	0.0	425.787189587672	420.4226410092985	0.0	451.4067615683539	493.1895506107997	0.0	450.41364279241685	576.1600355764664	0.0	477.3606556248045	590.5887554332576	0.0	475.6592072079418	597.4015415088722	0.0	443.6914431947138	591.2913418156867	0.0	391.45410927353197	419.19400297873403	0.0	381.13671608734427	506.22589865809624	0.0	358.20301523006805	583.3672382091763	0.0	371.8618344992218	602.5077128075748	0.0	363.87073271636837	601.2853640731925	0.0	353.2079201533838	599.6453317518384	0.0	416.18417902953007	308.4063341991041	0.0	422.27699248832016	264.5559230560348	0.0	420.0559283976069	290.16737460700483	0.0	444.88054270382725	330.30185724444596	0.0	445.3464474634034	387.3022850866673	0.0	458.8796681048498	447.3516385580992	0.0	380.17282228187366	328.72176796600934	0.0	363.5912930594111	380.9771559866143	0.0	361.0237904651694	427.24193540677453	0.0
235	3.9166666666666665	409.6304759686368	419.2800047266949	0.0	426.0671588504918	418.45038505173085	0.0	450.2428742719535	493.93814125771394	0.0	450.40043919253037	578.5526977152807	0.0	475.9063207381455	590.4155476282401	0.0	474.7180255588827	597.6707437423997	0.0	443.7051156486825	593.3339852974085	0.0	391.5125908434993	416.6012277058998	0.0	380.1489936524514	505.4060535385332	0.0	358.1203402767609	582.6975862600971	0.0	371.3511315223357	602.4231346955294	0.0	363.55580750056265	600.8992213352807	0.0	353.3294418836762	599.1630265870529	0.0	416.45596690741496	306.65323156969686	0.0	422.1595669154187	262.967150970219	0.0	419.8912966247135	287.1847574681452	0.0	445.2964224806372	328.6589651446546	0.0	445.3388022598917	386.03186760909034	0.0	459.48173745165985	446.32909789267046	0.0	380.13112260393973	327.2114617171686	0.0	362.96654353579993	380.3972578512492	0.0	357.3080315649664	428.6675626444091	0.0
236	3.933333333333333	410.0640677229353	417.11560580493074	0.0	426.55820976447944	416.6601444187612	0.0	449.09032078120856	494.54131452197885	0.0	450.87366371579856	579.8155050519442	0.0	473.8381297660408	590.1902418661509	0.0	473.3042227417543	597.4035443212612	0.0	443.97518096985755	594.5559528821668	0.0	391.92910870275585	414.4446704881742	0.0	379.4416310827128	504.51686028247246	0.0	358.2056751533156	582.5908804103823	0.0	371.23186178706277	602.3828237626875	0.0	363.7226481848889	601.1242705911052	0.0	352.91114482435006	599.5967045294253	0.0	416.9379894011124	305.51485281334016	0.0	422.6858194113832	261.9588396578479	0.0	420.35911833435966	286.46622052868764	0.0	445.41424921070274	327.7089639665164	0.0	445.44615518733394	385.0553620212215	0.0	459.6049306275123	444.73725297015886	0.0	380.10730272241693	326.1458884978422	0.0	362.2214383183537	380.69464020764366	0.0	353.6402801376447	428.2113698145716	0.0
237	3.9499999999999997	410.23316491921173	416.49482167861083	0.0	426.8018994505382	415.6864473336368	0.0	447.8262971670223	495.8969780721252	0.0	451.1905751693815	581.0929038521157	0.0	471.750571737929	589.564164550149	0.0	472.8387162529756	596.4850007084522	0.0	445.00474400320394	595.4886097229013	0.0	392.53437044330326	413.6020921936072	0.0	378.9659628608707	503.6701811466332	0.0	358.2816774384176	582.6569195987141	0.0	370.6980861725506	602.2535070516338	0.0	363.60145395470715	600.6732984960673	0.0	352.5749982023573	599.8049765154902	0.0	417.1468763364069	305.1437684104368	0.0	423.3757377198288	261.7731252072123	0.0	420.56596879115995	285.9479128001066	0.0	445.6396779646041	327.06994822996865	0.0	446.1786103050389	383.974193567592	0.0	459.44439180005963	443.31650259742554	0.0	381.1076331682833	325.4084551005288	0.0	361.3120139424102	379.42822552823066	0.0	350.51972765172536	427.45662898393346	0.0
238	3.966666666666667	410.1841895333667	416.5536725768858	0.0	427.22544978049257	415.57393200032936	0.0	446.26104559177566	498.23559315693825	0.0	451.90354229941704	581.8853277024633	0.0	468.3462741118332	588.8482201567934	0.0	471.19395751029055	596.0642584355123	0.0	446.52753709423865	596.7219890173401	0.0	392.94612689752057	413.55398150837567	0.0	378.70114669850403	503.59616645444567	0.0	358.2288428781785	582.0330140083003	0.0	370.12690120890807	602.3332739763669	0.0	363.5011844948056	601.0053395404464	0.0	352.23133056552336	599.5846214355147	0.0	417.5538150343566	304.97663101631144	0.0	423.8331658875679	261.625206759758	0.0	420.94047928812853	286.0959187705896	0.0	446.1171750235875	327.23164433977206	0.0	447.1738607485063	383.5991544120186	0.0	461.40030242881875	443.3622634637609	0.0	381.0191101696794	325.4795026980751	0.0	361.04534092293335	379.30656723593097	0.0	345.96585134233067	428.1379221280737	0.0
239	3.9833333333333334	410.6442382691678	417.2743014276284	0.0	428.11531100025763	415.80299753496536	0.0	445.9276920291163	500.17750358232337	0.0	452.40410601273754	582.5680428599653	0.0	465.58546167968757	588.7484150669192	0.0	470.1823046779417	595.6890253660874	0.0	447.46393855196766	597.4357136372739	0.0	393.4902678002797	413.8874836134861	0.0	378.25522965693517	503.5987091908909	0.0	358.22187576015983	582.3334380009436	0.0	369.4484060554469	602.3471282785315	0.0	362.85215968105416	600.6127367154572	0.0	351.6982973163253	600.0019581503956	0.0	418.12845021102066	305.06970558529156	0.0	424.413492775353	261.7575871170116	0.0	421.0883715147628	286.25081504708936	0.0	447.14292511776523	327.4478100805523	0.0	448.3390639345738	383.2693133870931	0.0	462.12873192646003	442.3586201372837	0.0	381.13824132997405	325.50782362385263	0.0	361.07485961228036	379.63447774196965	0.0	342.8315334349496	428.08994488860736	0.0
240	4.0	411.05416405220546	417.3610695775601	0.0	428.7708720208882	416.0045350430282	0.0	445.5268280109934	501.83941045924394	0.0	452.4769146498295	583.3727031729578	0.0	463.8087311209282	588.8222105647918	0.0	469.9799951372892	595.4292320930834	0.0	448.0316512323215	598.116832719684	0.0	394.00582845611325	413.9126923086369	0.0	378.29948347796886	503.6133803461577	0.0	358.31075622956206	582.3881211250427	0.0	369.3218155697401	602.2667425060994	0.0	361.93012222578795	600.0856882115988	0.0	351.6529719183484	599.4971603528711	0.0	418.537030325658	305.4543086200397	0.0	424.7875003007654	262.1751706602322	0.0	421.858735179964	286.88987088710684	0.0	447.8303378988983	328.18275500177566	0.0	449.87128193094435	383.2164921900197	0.0	462.8287591633307	441.4511044680617	0.0	382.1572544053772	325.57687216926337	0.0	361.2800894098708	379.7775951100281	0.0	341.4897305126726	427.59191208111446	0.0
241	4.016666666666667	411.72331695265075	417.854340734159	0.0	429.79852718592736	416.23024240647146	0.0	445.05821862649987	504.1966746575894	0.0	452.429899909681	584.6815468477207	0.0	462.28394857738544	589.5177622863707	0.0	469.0646126169039	595.6500218752526	0.0	448.4166001023566	599.0622299214533	0.0	394.7507801124179	414.40976009839005	0.0	378.5912860483732	503.41229400795436	0.0	358.4548273584052	582.1247111192678	0.0	369.46034382380236	602.2162215087874	0.0	360.68246446588995	599.8438526232947	0.0	351.4152102246217	599.2099572939435	0.0	419.4530257707436	306.1805467180959	0.0	425.76791729474076	262.4484466925856	0.0	422.44503638891933	287.3340674867991	0.0	448.45049301138255	328.51382651511847	0.0	450.96104612812974	383.4621416117792	0.0	465.89868229917937	441.1396225709233	0.0	382.61965377418164	325.8421368820177	0.0	361.4497972744119	380.31931890351916	0.0	339.2608763981623	426.6204556975489	0.0
242	4.033333333333333	412.1069281273124	418.1905604158028	0.0	431.0686979368842	416.09192882036257	0.0	444.4442563492405	504.75903848522455	0.0	451.6281605984613	585.4505219505743	0.0	461.0036003909509	590.7802599832557	0.0	467.80793702327315	596.6551876445201	0.0	447.87542593942806	599.6460150134111	0.0	395.7240604392855	414.8357193456394	0.0	379.084014332531	503.0675806127041	0.0	358.58448983860234	581.943851940625	0.0	369.7386632468791	602.5385380250129	0.0	360.38033630415754	599.9294576917484	0.0	351.3916264848861	599.4015150486389	0.0	420.02141006541854	306.55486631863016	0.0	426.70801505361345	262.8179598632112	0.0	423.3927347417231	287.63752495046947	0.0	449.12085227190886	328.8468981030269	0.0	452.095112880689	383.79016592501364	0.0	468.11185693868214	441.5122383319996	0.0	383.59057680821866	325.95406310014454	0.0	361.05622299145114	380.23881722858096	0.0	338.1986513807922	426.1975083527436	0.0
243	4.05	413.3698001580018	418.5912387564862	0.0	431.9449904765107	416.2269759612001	0.0	443.92999671171845	505.295311614905	0.0	450.29850431667904	585.8357565774566	0.0	460.31228407105505	593.8214190506387	0.0	467.0317891805814	597.9251026998156	0.0	447.5188879895564	599.9117179925108	0.0	397.08120592458494	415.32510602705844	0.0	379.2235669272623	503.3115958298095	0.0	358.6626654797961	582.0554930696727	0.0	369.2958997495969	602.1464238149708	0.0	359.46403549879284	599.7756576194253	0.0	351.66661349224165	599.223628665232	0.0	420.8959097219132	307.07938213781466	0.0	427.3409505907237	263.32959222779573	0.0	424.3969298896053	288.03428526073355	0.0	449.64790403687306	329.1743471416199	0.0	454.25296393692844	384.1972120293416	0.0	469.48896420826185	441.75972134517457	0.0	384.20456556905043	326.4449203390052	0.0	360.9886893896489	380.3398877303092	0.0	337.0955170947147	425.97040348682583	0.0
244	4.066666666666666	414.8142124269798	419.0562312535638	0.0	433.56660897166984	416.73494262181754	0.0	443.50665340103853	505.42661263632647	0.0	448.6831507971226	586.401299678349	0.0	457.78706535639697	594.8637849134367	0.0	464.2481812087827	598.5188752396323	0.0	446.1526181405326	600.2063874616546	0.0	398.90953907461716	415.28599728768097	0.0	380.20562923860484	502.26979637000306	0.0	358.8506024105566	581.672559213328	0.0	368.9150225475406	601.9858665731888	0.0	359.1255203038845	599.6095863811591	0.0	351.8515293213397	599.0550946507327	0.0	421.49292958599335	307.43242963891447	0.0	428.1942456823901	263.6473984261517	0.0	425.12566550696323	288.4499854788846	0.0	450.9934691113193	329.33258105962204	0.0	456.30419244035386	384.56780661012937	0.0	471.8816007971731	441.91790286860737	0.0	384.86667677790774	326.82461000386104	0.0	360.7836474018199	380.17816993476646	0.0	336.2018042685711	426.14761733036215	0.0
245	4.083333333333333	415.9104495680252	419.1052999338484	0.0	434.20335201901133	416.3898821781847	0.0	443.3827166082349	505.32439283353756	0.0	448.18684533583144	587.518398635197	0.0	449.7329585556042	595.5529826426429	0.0	461.0369368095887	599.071170625702	0.0	444.70095336800387	600.3293639672896	0.0	399.5606191228261	415.19887568620163	0.0	380.9536810836688	502.04117676731926	0.0	359.13497922908016	581.1893955280568	0.0	369.2119070369774	601.9490084246972	0.0	359.7249156726578	599.2992335227739	0.0	351.88146420286085	598.3116771967143	0.0	422.278486267559	307.4268917258575	0.0	429.56861620950895	263.2623510608706	0.0	426.38222721753635	288.98315542275185	0.0	452.61652484402805	329.75608857449186	0.0	458.9706575616938	385.1952955871147	0.0	473.61681049813063	441.8744659087746	0.0	385.27950758413965	327.0906383641032	0.0	361.49502158144514	380.00711451413395	0.0	334.45030931284265	426.4511981126716	0.0
246	4.1	416.8165755011345	418.9713358863009	0.0	435.01116347042495	416.2277315997861	0.0	443.6123488714678	504.86477183251134	0.0	447.824158181293	586.9151833073978	0.0	448.36693000625775	595.3539156162705	0.0	460.5078338225956	599.2382854706244	0.0	444.0539405599059	600.4004004359117	0.0	400.39213329042184	415.10460637850633	0.0	382.1132688212733	501.7449209073591	0.0	359.43606689582884	579.4021340938931	0.0	369.20477346327215	601.7833619162174	0.0	359.9901853702502	598.9724075429119	0.0	352.0314621156133	597.5869649309774	0.0	423.3651688570163	307.64467925369354	0.0	430.7602775199215	263.46054450757475	0.0	427.8411675805984	289.09472126583444	0.0	453.2123411963287	329.82397383800867	0.0	460.5435700824186	385.6658236525893	0.0	473.34011849237265	441.4306232031896	0.0	385.8934052259614	327.0213424225948	0.0	362.271230311796	379.67561767879636	0.0	335.1675885085622	426.1435141443249	0.0
247	4.116666666666666	417.993251641663	419.03821316819455	0.0	436.1521761994783	416.6008824754209	0.0	444.1557310400925	505.2944833283116	0.0	448.20683475135934	584.9500331487168	0.0	442.30514576989776	595.281021916068	0.0	459.92949637486504	599.2231362341379	0.0	444.91375255937146	600.3691662895696	0.0	401.5711142832592	415.4158062874268	0.0	383.7270534717203	501.6410213109335	0.0	359.6726814609295	577.1048607673641	0.0	368.9904559409256	601.8663029399797	0.0	359.3151160345746	599.0381768774125	0.0	352.58379715481146	596.1368494626407	0.0	424.69345687042005	307.9184702543433	0.0	431.63116981071124	263.8275890389815	0.0	429.2096441605573	289.61626624080805	0.0	454.7621447657547	329.99673072395075	0.0	462.82655497433205	385.6745093906002	0.0	475.63404698459107	442.2091317223145	0.0	387.58191188255205	327.1573984815545	0.0	362.94600313128484	378.97136860166177	0.0	335.40961443981837	425.42272092954437	0.0
248	4.133333333333333	418.8578840115011	418.7762922493258	0.0	436.982112851079	416.03968260715095	0.0	444.40416920301993	503.87732229878225	0.0	448.3441300591312	585.1961323400011	0.0	441.7384845801191	594.4547327400363	0.0	459.0075724187353	598.4260890046147	0.0	445.3096972788711	599.82077153301	0.0	402.45652989088444	414.8909294934272	0.0	385.7789110460545	500.80470753871356	0.0	360.38928281834745	575.1084857684128	0.0	367.8328969034062	601.7076736273398	0.0	358.52627043016014	599.0628769214193	0.0	353.0730568622667	593.988121837475	0.0	426.1207357578189	307.84084367270543	0.0	432.9076091621809	264.1382577314331	0.0	430.1371165148487	289.65198551490425	0.0	455.7050998507306	329.9530702069988	0.0	465.16259122136046	385.48600941996443	0.0	476.46138601423456	442.4165286214837	0.0	389.7004129119042	326.6121279494484	0.0	363.62620787339165	378.0884358076288	0.0	336.27227812251465	424.600883491714	0.0
249	4.15	420.1108210511112	418.4130529533412	0.0	438.25856315212684	415.7833370183785	0.0	445.09812546827953	503.6270153936718	0.0	448.42178858782347	584.3567757579187	0.0	441.04646565223317	594.2813959766554	0.0	458.4673376435902	598.2736431215098	0.0	445.2487119507276	599.5622907407022	0.0	403.68961094555505	414.66667597925186	0.0	387.6303161636768	500.3681886656217	0.0	361.05425666362197	573.4946259717556	0.0	367.1419937742009	600.9130417013862	0.0	358.02488041572894	599.0224535465971	0.0	354.0803159191753	591.7929627650766	0.0	427.91806594723107	307.4230910020919	0.0	434.26826120610684	264.0508519793306	0.0	431.38599227771647	289.29030996121753	0.0	457.8946712391632	329.81810184385085	0.0	466.5408148632369	385.34682404248855	0.0	476.48246971621654	442.1085823347098	0.0	391.1578235893603	325.9490950205184	0.0	364.42918145714214	377.2678362130961	0.0	336.87735970449717	424.0269972957078	0.0
250	4.166666666666667	422.0215883074648	418.3543575593385	0.0	440.16874791481746	414.9974879361412	0.0	446.31826920517483	503.84851912607303	0.0	448.4034754077555	584.0890935970187	0.0	440.78674038197994	593.3945484727286	0.0	457.44230703517195	597.5607018939959	0.0	444.8565835965454	599.3922263361488	0.0	405.5716282184646	414.1879902977663	0.0	389.11298515805584	500.964399135771	0.0	362.2896767788499	570.6122218153898	0.0	367.8523501380286	601.6913701852983	0.0	359.68567754028436	598.9915715829416	0.0	354.4941338197251	588.308329040373	0.0	429.40391186936563	307.47052167931395	0.0	436.1291560501616	263.51319613788695	0.0	432.80931216987574	289.2927901393638	0.0	458.94265131497497	329.39906319756767	0.0	467.56349890223606	384.98109831180955	0.0	479.6859902018386	441.737539699767	0.0	393.0153687036718	325.3233776113474	0.0	366.5174683568634	375.7283312911803	0.0	338.57553139268106	423.3487539519913	0.0
251	4.183333333333334	423.53885081329713	418.2734548984455	0.0	441.3147751298834	414.5927628543299	0.0	447.2152441551901	503.70604110800684	0.0	448.596542991621	583.9318824261568	0.0	440.49187103022774	592.0814875191429	0.0	455.5045386698496	596.7274838196113	0.0	444.7012698230103	599.1723265586613	0.0	407.090954692996	413.6806911718773	0.0	391.0935622673821	500.9003489610193	0.0	363.71941407310953	568.44994380502	0.0	368.1999641532011	602.6760744068223	0.0	359.84234350685097	599.0622390776928	0.0	355.74155637824776	585.5459317946838	0.0	430.4571055820998	306.8175178583009	0.0	436.83351634203467	263.0073565575428	0.0	433.9130576315583	288.63276360643846	0.0	459.5168053641263	329.0646586411674	0.0	469.1799384214205	384.6420675071591	0.0	480.20388609918496	441.26787509366403	0.0	394.0993624862283	324.90115490222223	0.0	368.1962088959886	374.7036591523851	0.0	339.95077583899223	422.16639282152596	0.0
252	4.2	424.23642631284713	418.1041451829687	0.0	442.90546062459316	413.7862859856526	0.0	447.863890157369	503.70596091172206	0.0	448.57245497080044	583.9202891518105	0.0	441.83052162517015	591.0794087480027	0.0	454.2304527085937	595.8175080701783	0.0	444.62786934598375	598.9700697081244	0.0	408.2203479001742	412.9997184985631	0.0	392.7965453421583	501.12102071688105	0.0	365.33544236589216	566.0924572625254	0.0	368.2955324403574	602.702280307953	0.0	360.3411079011008	599.1165273369361	0.0	357.8291597202588	582.0608784997977	0.0	431.5619798703939	305.59833072640896	0.0	438.3224858278077	262.166989114434	0.0	435.45293811909596	287.55626321326383	0.0	460.5734985253585	328.7367060655162	0.0	471.3622408562559	384.9058328943641	0.0	483.68678632673954	441.68203871232623	0.0	395.66500451958854	324.1670963769135	0.0	369.4366489594755	373.57425473435416	0.0	341.9022036693117	420.57334473642186	0.0
253	4.216666666666667	426.2149513846034	417.8019027819747	0.0	444.4364712584148	413.07190357875663	0.0	448.67338634106477	503.2277839641609	0.0	448.5308888125337	584.0219430834899	0.0	442.2776169066682	590.4569634387085	0.0	454.07908920722093	595.1749970337402	0.0	444.60536116166486	598.5273865066349	0.0	409.7568429273589	412.718630751002	0.0	395.42444119722177	501.07775707198647	0.0	367.5074108731781	564.031942822049	0.0	368.7984772095569	603.3030437382258	0.0	361.4683660421903	599.3185031277089	0.0	360.05425566454943	578.9166486987255	0.0	433.0916652474242	304.74413831007075	0.0	439.4306170623815	261.01991534278875	0.0	436.5744507180382	287.4915672737315	0.0	462.1138237650873	328.1790911466319	0.0	473.49489818867215	384.5104609035918	0.0	484.93437853312287	441.44323348919113	0.0	397.2358798485968	323.475130553618	0.0	371.99320919917983	372.8225503852822	0.0	344.17562421569914	419.58143280621454	0.0
254	4.233333333333333	427.44587092714335	416.92043328668535	0.0	445.0985236614364	412.81273960372573	0.0	449.88166221470493	502.84228119807017	0.0	448.5444782274732	583.8806679087841	0.0	442.4750503470533	590.3020812299001	0.0	453.9208649160406	594.967530621627	0.0	444.80222514776	598.2208931314242	0.0	410.99425326836877	412.3414657064773	0.0	397.259301979554	500.89181943864986	0.0	370.87227984974623	560.6373099193825	0.0	370.0339193371876	602.9597940262189	0.0	362.2960293904984	598.9873824589961	0.0	362.92767881535576	574.924034320365	0.0	434.24642384799733	304.08924213323803	0.0	440.54564411214477	260.5848393317234	0.0	437.7979223280473	287.01545146092997	0.0	463.33942299942896	327.923763309154	0.0	474.6983604838034	383.58474175771585	0.0	485.95962664282735	440.73488248657577	0.0	398.3975269428327	323.05036141885904	0.0	373.8164553223494	372.2929254823456	0.0	346.8371355905709	419.2115175659261	0.0
255	4.25	428.7512552628655	416.5395451279835	0.0	445.846088854169	412.6971088789426	0.0	450.7158930087237	502.73328962334244	0.0	448.6087499428736	583.5868440698509	0.0	441.6854607941517	590.1874651978746	0.0	453.50157003182676	594.4697167527615	0.0	445.6340895214226	597.8342795241831	0.0	412.75855261215025	412.36021896434795	0.0	399.73421379537035	500.2834968051342	0.0	374.0856140638549	556.2574898874223	0.0	371.604543041878	602.3375726278309	0.0	363.2718624085976	597.3700542930129	0.0	366.6712849689899	569.4693401257264	0.0	435.12417852046883	303.6802881460227	0.0	441.4425461193927	259.5521603351417	0.0	439.5553254220789	286.64621401106405	0.0	465.0277232103565	327.5707631554346	0.0	475.9600064127555	383.30157340518576	0.0	485.84258705502	440.3321568971037	0.0	399.28189005275203	322.11785207035985	0.0	375.34142973899424	371.8999036909326	0.0	349.4701328476226	419.4748547323568	0.0
256	4.266666666666667	429.9767146207051	415.58594441023376	0.0	447.05549682534235	412.3644133577023	0.0	451.13922061266214	502.601374590511	0.0	448.62061557495787	583.3160284764379	0.0	443.0545873717436	590.1737904995725	0.0	452.8609994835077	594.165142166518	0.0	445.95942238594915	597.623488044571	0.0	413.470307874048	412.41146448017884	0.0	401.9939705454123	499.3424573560151	0.0	377.3841452313532	554.7372170241856	0.0	373.27419056571534	601.2591359966514	0.0	365.73924982924075	595.6373039291392	0.0	371.04862644269446	568.0045547838484	0.0	436.81192279836137	302.70982515618545	0.0	443.0669491532511	258.890495037129	0.0	440.73780085632745	285.6361850497334	0.0	465.9722630361524	326.85107393166254	0.0	477.94022025293225	382.7829457101588	0.0	488.72124255125584	439.5487612278032	0.0	400.3960795893665	321.2951516555951	0.0	377.4189096008221	371.35778641503896	0.0	353.1629675068906	418.9139008476304	0.0
257	4.283333333333333	430.8793235687074	414.93824580758815	0.0	447.60291444539916	412.05108602221645	0.0	451.90821412732225	502.20102538271476	0.0	448.64952860862985	583.143671141114	0.0	444.7135988751703	590.353133742783	0.0	452.70887699524656	594.1950210800337	0.0	446.18782493084734	597.5414890437362	0.0	414.29873866745913	412.431123404117	0.0	403.96919988270395	499.02117918144484	0.0	380.97111904842296	552.4794085594317	0.0	376.13268973591937	599.254161985935	0.0	368.19906947491563	593.398418057177	0.0	375.2645536474919	566.0935183435035	0.0	437.7791038954991	301.7447658360012	0.0	443.61725850941787	258.59548860758605	0.0	440.89401682828986	284.630383835368	0.0	466.97045201210113	326.4248860255179	0.0	479.52669328860475	382.36780191523013	0.0	490.36428402999064	439.20445793111253	0.0	401.647998871062	320.8503407201204	0.0	379.3094484756658	371.1286439338643	0.0	355.21383711207903	419.1598896525011	0.0
258	4.3	431.777818071755	414.72321258934403	0.0	449.23054192312355	412.52954333889136	0.0	452.23096178968956	502.0994819601667	0.0	448.7144616659933	582.8949006856456	0.0	444.9772113665118	590.3984747650641	0.0	452.9565937617999	594.6542444789186	0.0	446.253035967332	597.5602096768023	0.0	415.2859856927653	412.6762982660416	0.0	406.1103779623877	498.1125502980187	0.0	384.5080583796526	550.5204373318727	0.0	377.1655454490453	597.7876727906308	0.0	369.73023800825564	591.0150852814529	0.0	380.4828324994253	563.5711012119798	0.0	438.6673664863594	301.1128909495699	0.0	444.4591700049252	257.8107152258211	0.0	442.42506929068736	284.02046715062	0.0	468.1603201145002	326.0965585241079	0.0	480.71236668437734	381.6583708517859	0.0	491.13217281324097	437.72211581552494	0.0	402.2868175428026	320.7920320682637	0.0	381.1328672482622	371.0305783302473	0.0	357.7979786273683	419.30228202261503	0.0
259	4.316666666666666	432.7757241965821	414.5929217205585	0.0	449.4732748626409	412.4975585519602	0.0	452.766513915823	502.55174107213304	0.0	448.650208740535	583.0591491789553	0.0	445.75082632396686	590.7707442211226	0.0	455.7951805740586	594.7039882458683	0.0	446.081056286582	597.678473402839	0.0	416.2150819479109	412.83958791808436	0.0	407.180361604194	497.5783397799768	0.0	387.6501128705146	549.0059881245546	0.0	380.0767896991252	596.9333796519907	0.0	372.6658818166389	590.5325804832081	0.0	384.22598787484424	561.5922662708244	0.0	439.7457074055713	300.0991053410348	0.0	445.4394427154898	257.47344127577765	0.0	442.63331373925996	283.7870746423311	0.0	469.4502194550354	325.9632564430124	0.0	482.5054305426868	381.1526813375872	0.0	493.77441100809153	436.61359626910854	0.0	403.0973684474767	320.49583277051005	0.0	382.5874979165015	371.2840452971096	0.0	360.7261614178598	419.6803124159142	0.0
260	4.333333333333333	433.2946605238658	414.3902046868104	0.0	450.42188078141845	412.63515141975233	0.0	453.24256256383256	502.86566834285657	0.0	448.64783540747254	583.1515775709909	0.0	446.1283946403155	590.8080981086923	0.0	456.3602420268221	594.7600480652225	0.0	446.02034311456725	597.7393210309251	0.0	416.7014407607047	412.71007219145594	0.0	409.14428824213957	497.1549557289396	0.0	390.8104800357155	548.4995020855473	0.0	383.222093610776	596.4766915698033	0.0	375.79212173880495	590.0481475792151	0.0	387.95333447441107	561.119792389047	0.0	440.7053137441535	299.86187966759576	0.0	445.8646269677689	257.23043122712704	0.0	443.14534072098576	283.53420484715923	0.0	471.0072324239672	325.5726923655823	0.0	483.67007871400995	381.1113830288217	0.0	494.06501636847923	436.2228400049313	0.0	403.48484651718013	320.42477722475155	0.0	384.5307882343318	371.52077415090446	0.0	362.76528198392174	419.7165399062336	0.0
261	4.35	434.4421783757197	414.2013273338838	0.0	451.44583502432783	412.59933837482185	0.0	453.744794942992	502.88786698032254	0.0	448.59679177825956	583.1845283822956	0.0	445.7629190265161	590.8093000935537	0.0	456.32455074476627	595.0552123077603	0.0	446.2349801664885	597.830639300734	0.0	417.89153117188613	412.5280011944022	0.0	410.70768398165876	496.64244056519533	0.0	394.18432364590564	548.4376001304421	0.0	386.2246031252026	595.082819075999	0.0	378.8655968676129	589.219746401315	0.0	391.9088271676442	561.4128249323002	0.0	441.37077075983314	299.73361180932517	0.0	446.0804199829596	256.97956197012775	0.0	444.09475857901094	283.0412870929671	0.0	471.9528862043675	325.2904665278095	0.0	484.93508006356063	381.020533538186	0.0	495.0133494910791	435.6498477158006	0.0	403.96537000679075	320.21758339162227	0.0	386.3012050612005	372.06428292785733	0.0	365.356795701523	420.3909808052753	0.0
262	4.366666666666666	435.34916224450006	414.2974262668147	0.0	452.30308884441524	412.30137786966475	0.0	454.52752657504254	502.78927652426694	0.0	448.5135387029966	583.4143540348095	0.0	445.42000296577885	590.7912288264001	0.0	457.0993489426882	595.299428358358	0.0	446.39502893411816	597.7432888307385	0.0	417.8622894916082	412.67640781511886	0.0	412.6535649136262	496.0174130111998	0.0	396.8051628312891	549.7132613303093	0.0	390.41431462034285	595.0598676152894	0.0	383.05703669559233	588.9905650343862	0.0	394.56280424443474	562.2252342991111	0.0	442.1647321741728	299.8029374590278	0.0	446.66845987334545	256.87876137805995	0.0	444.5037915162452	282.78438875901287	0.0	473.27203697307925	325.3288362659539	0.0	486.35885253901097	381.2351848425577	0.0	498.3458151625581	434.849121732813	0.0	404.7087494136738	320.58649079507825	0.0	387.75173210406365	372.41475278556237	0.0	368.40583806491793	421.16450936808434	0.0
263	4.383333333333333	436.3394718372074	414.2847379222773	0.0	452.89073929037755	412.58806965717633	0.0	455.09236785508244	502.6962003242324	0.0	448.7230778292991	583.4660230942104	0.0	444.902857526122	590.5806505304523	0.0	457.61984654051616	595.5574638647606	0.0	446.4542598274146	597.7531494214348	0.0	418.68643271665974	413.0187109500399	0.0	414.14040458648867	495.7715205593434	0.0	399.8802929382546	550.4618293594766	0.0	393.56564637031823	595.3905233685064	0.0	386.1913120200899	589.3556527034766	0.0	398.18045032911147	563.0211559754681	0.0	442.65127697139997	299.7312310566673	0.0	446.80176934517254	256.53571628945554	0.0	444.9730431600182	282.7075945262802	0.0	473.93032930773524	325.29555470712285	0.0	487.6054473495228	381.15567964948514	0.0	499.37834035758704	434.35979876160417	0.0	405.04989148710547	320.4713290871331	0.0	389.1099111012475	373.0502103373013	0.0	370.3328590439002	422.001834753253	0.0
264	4.4	437.3103482846832	414.1155592697718	0.0	453.82867062232197	412.8023109968011	0.0	455.58602495936043	502.58829643394427	0.0	448.76999957390973	583.5033446873388	0.0	443.4116820177807	590.277353414688	0.0	457.50180133761774	595.5659235258959	0.0	446.495082946577	597.7716189563455	0.0	419.6368026244001	413.2340230360534	0.0	415.62768897892545	495.4725485076246	0.0	403.0841101520864	551.4016300105409	0.0	397.3069696206277	595.8390762264418	0.0	390.4985161221132	590.2804818826505	0.0	401.93417131231456	564.4621754341589	0.0	443.0685577427542	299.4618076610592	0.0	447.0543927190707	256.21977039951685	0.0	445.40212374527175	282.6284868721624	0.0	474.433262341512	325.03091821834073	0.0	488.6110583960536	380.93702563450876	0.0	500.152788101361	434.0333151748178	0.0	405.4512716786661	320.58914437508594	0.0	390.6316758053425	373.3716422071298	0.0	372.89075574691884	422.4186596092394	0.0
265	4.416666666666667	438.4021332058949	414.15403390357034	0.0	454.9061215019433	412.9310152999319	0.0	456.5143611608479	502.4995634358914	0.0	449.02422800128363	583.7118282792809	0.0	442.6088739185685	589.8017039705019	0.0	456.7408447371711	595.3600494629318	0.0	446.6690606026501	597.9431372753202	0.0	420.7455774715549	413.3724307595169	0.0	416.82285223778825	495.0734259999296	0.0	405.97849591125265	554.240117733489	0.0	400.2817062670942	596.2748932996047	0.0	394.5640482266587	591.7322396819611	0.0	404.8468452807001	567.3999401449587	0.0	443.54665037829875	299.19971806096544	0.0	447.1538284919077	256.0426062589636	0.0	445.8588606525557	282.34764543645747	0.0	475.4533437202618	324.8114225098273	0.0	489.7255019503267	380.7933873435876	0.0	500.56252900972544	434.02165440521725	0.0	406.0218322962592	320.723763951819	0.0	392.34311700889214	373.7067014818478	0.0	374.7263678049927	422.54525004241134	0.0
266	4.433333333333334	439.04247208339973	414.3700326607661	0.0	455.58183333784706	413.13785070054087	0.0	456.7682296995217	502.52421952643203	0.0	449.1471150131708	584.2252008861318	0.0	442.48653775655157	589.597060986582	0.0	454.54303611135106	595.1572462806375	0.0	446.68640029520606	598.3143766213298	0.0	421.39959440469244	413.61974232853345	0.0	417.9462603308433	495.4402310014524	0.0	408.27048298828004	556.2736280699572	0.0	403.7279103545368	596.8261108614761	0.0	397.98273956933815	593.0894591085671	0.0	407.1526928024818	569.5097824753868	0.0	443.7257145693869	299.1973240568137	0.0	447.24575152198435	256.3040796585903	0.0	446.040308503514	282.5498276169883	0.0	476.16546864563884	324.783643951575	0.0	490.94288156582695	380.55984720517074	0.0	500.8399959205241	434.20974656998413	0.0	406.45825132396175	320.8294861170724	0.0	393.4513854297939	374.19823870317566	0.0	376.38667101545485	422.4576793076496	0.0
267	4.45	439.5872915695337	414.6348938213283	0.0	456.1508018576926	413.4077068614155	0.0	457.22640091746024	503.00813618674283	0.0	449.21750741885813	584.5724628629525	0.0	442.4731200730055	589.5376398727288	0.0	453.70514402824097	594.7998866709581	0.0	446.75232854463195	598.535432293396	0.0	422.342876787583	414.097683834685	0.0	418.97541009997246	496.18809512437474	0.0	411.00670970914325	558.7522774724935	0.0	409.3689349089631	597.4184381942583	0.0	401.83421598597124	594.1235852064118	0.0	410.3970185396843	570.5252106475355	0.0	444.1407524077795	299.3429059986703	0.0	447.3945926996554	256.38037224658086	0.0	446.32210258262705	282.59232821612443	0.0	476.77314854814193	324.7571621813515	0.0	491.58378655753774	380.4386071905212	0.0	501.29074037500186	433.12577216155796	0.0	406.4807993632003	321.040393310476	0.0	394.45204887221803	374.99880516744963	0.0	378.4855646546662	422.71860005207	0.0
268	4.466666666666667	440.53110895317457	414.82819269205834	0.0	457.0863872711191	413.9377412773457	0.0	457.6380476364947	503.6437618498077	0.0	449.36997607511336	584.6613454382947	0.0	442.6369006008868	589.4597331073121	0.0	453.7061737498342	594.554774522154	0.0	446.6282795774531	598.6259706255948	0.0	422.86901170232613	415.12859098734987	0.0	420.0163001663007	496.4197788653777	0.0	414.2655152837688	561.2637825818366	0.0	417.59485140783363	597.7523302149777	0.0	405.70081060295536	594.627595844811	0.0	413.1938881400652	574.1650886934129	0.0	444.43235034643953	299.5332011067842	0.0	447.33835927892557	256.2590860673307	0.0	446.3322946489376	282.458200125948	0.0	477.61612924209373	324.60448274314416	0.0	492.4531615202384	380.3491912023969	0.0	501.63206897476243	431.60215452158235	0.0	406.845372261067	321.4742702740085	0.0	395.4611617806984	375.4659963814629	0.0	380.56017461534316	423.3597403215652	0.0
269	4.483333333333333	441.39552480228116	414.98279605532394	0.0	457.9740211731468	414.31278639976574	0.0	458.01894183456955	503.8478385693089	0.0	449.40906540141765	585.0035174827917	0.0	442.4464460848736	589.1051968318362	0.0	453.8465442907537	594.0426569104327	0.0	446.6191906385785	598.5862657184374	0.0	423.7129601979406	415.45119509999563	0.0	421.38201759383014	496.37545969784327	0.0	416.82058173048546	564.1511226254798	0.0	420.86666996493994	598.1662197476153	0.0	408.81977830758865	595.0735022869123	0.0	416.8430740327456	578.2933916397906	0.0	444.3665553563144	299.5177023096024	0.0	447.29630787001116	256.20132085634594	0.0	446.4628192889852	282.3248225318237	0.0	478.0029495120949	324.51788825601557	0.0	492.9036124906336	380.03978012415973	0.0	501.9008320114383	429.6334145573461	0.0	407.10587227696465	321.6158619420768	0.0	396.25965144771783	376.1056376407811	0.0	381.3899648106321	424.0613854780365	0.0
270	4.5	442.30547363589926	415.1865908284183	0.0	458.8977626844237	414.62499088242225	0.0	458.74817344455926	504.86820674965736	0.0	449.5626022210189	585.69457832204	0.0	442.18524687532823	589.2999691464006	0.0	453.7328580557627	593.6975498237243	0.0	446.7119665687176	598.5603426936311	0.0	425.0339955003374	415.38173931505423	0.0	422.7575808189776	496.91701576691173	0.0	419.383599699342	568.0445943155898	0.0	423.942614658836	597.912841007997	0.0	411.9514030864724	595.4629089753187	0.0	420.5058918530876	581.8416309750008	0.0	444.69574858905094	299.3811548593123	0.0	447.4545366007543	256.3707518573474	0.0	446.45167378896826	282.0936950271126	0.0	478.3901050990785	324.35642921923795	0.0	493.7539745169074	380.3707621798342	0.0	501.7798232586612	430.03549109347415	0.0	407.45018044907897	321.6183931294018	0.0	397.08356868592995	376.91519305744566	0.0	382.26255678606867	424.5991485310624	0.0
271	4.516666666666667	443.56876090919855	415.45265790524985	0.0	460.17370368740444	414.64628682234775	0.0	459.11883219233476	504.9400278950089	0.0	449.7646990358692	586.1678043759551	0.0	441.3921903926434	589.6495433550979	0.0	453.8084361245235	593.8920025563702	0.0	446.8813491990613	598.7714721985267	0.0	425.9079692442756	415.2774378434584	0.0	423.6438193125416	497.53759517180015	0.0	421.8727265335559	571.3692469749585	0.0	425.78354080212165	597.1136643659804	0.0	414.92325248428716	595.623821357794	0.0	423.0610773568323	585.6983621848073	0.0	445.2994957044582	299.57005031367686	0.0	447.62398828480116	256.6000382071553	0.0	446.7056703513618	281.86966162103056	0.0	479.08506888835547	324.1733963951511	0.0	494.58654556408817	380.4138626554095	0.0	501.97750293350816	427.4314307816977	0.0	408.1387751465272	321.7376567050672	0.0	397.84414961192476	377.39269960982324	0.0	383.5470847802118	425.9109252348189	0.0
272	4.533333333333333	444.3989319663539	415.57075779799834	0.0	461.02679382416926	414.6414495629437	0.0	459.85625739095144	504.5867265069194	0.0	449.9773708422416	585.9857408733495	0.0	440.9791679866785	589.9394849582886	0.0	453.6938284664027	594.101494670309	0.0	447.09813280768	598.6442013087133	0.0	427.1520101164974	415.22985961668786	0.0	425.44704691857305	498.14248380989164	0.0	424.3578127204573	576.9276475501761	0.0	426.0569918985686	595.4962618985378	0.0	416.3260801683434	596.0949430053831	0.0	426.07670963803486	592.2290229055982	0.0	445.5543520486813	299.7569071313623	0.0	447.7786783956734	256.7506665408907	0.0	447.01532570355806	281.67043231119976	0.0	479.48069894934247	323.97753624975087	0.0	495.4944060250484	380.31921180284024	0.0	502.17688868701003	424.9932294722435	0.0	408.75979028410177	321.969179528832	0.0	398.6430383102462	377.7532118909379	0.0	384.7858791172284	426.47821414543887	0.0
273	4.55	445.1108889211155	415.6418937390739	0.0	461.72926613947436	414.92917522652397	0.0	460.4837978601317	504.35159182301146	0.0	450.0966793141414	585.7595693039931	0.0	440.7208827671377	590.5477416018063	0.0	453.6444030392635	593.8098205386453	0.0	447.283782917902	598.4716186021052	0.0	427.91352387986467	415.52037230688006	0.0	426.7191907544746	499.4393194915623	0.0	426.7539528856508	579.8905459833732	0.0	426.68065222233713	594.3170807515573	0.0	418.1053359129996	595.955135424404	0.0	428.45403313623876	594.7820226369994	0.0	445.71755143263505	299.77654837664323	0.0	447.8177945616536	256.74182109561207	0.0	446.9680004265441	281.8625659912796	0.0	480.1094128239442	323.8522223921537	0.0	496.5634747310588	380.4348783387818	0.0	501.7706563729423	423.05363045555214	0.0	408.9234305046909	322.08596034840906	0.0	399.86496351347904	377.8096013597212	0.0	385.6831649259137	426.62377110795666	0.0
274	4.566666666666666	445.9520840454167	416.071267764676	0.0	462.51481367270964	415.4602972855643	0.0	460.82346767010966	504.1027855874612	0.0	450.06817212078494	585.4857138381318	0.0	441.72376087299017	591.3271553191197	0.0	453.50776823411394	594.3232362662989	0.0	447.5261261527419	598.2466141399377	0.0	428.81818760204857	416.11822374879137	0.0	427.72677446683326	500.1079838587158	0.0	428.86672274369135	580.9656477970555	0.0	426.6466378279407	592.9631015446847	0.0	419.23632155551013	595.3343848226976	0.0	430.0349765543133	595.42038579703	0.0	445.9462139590371	299.8975382051329	0.0	447.6643620772595	256.65792313693765	0.0	447.0594656350685	281.78540481488386	0.0	480.6827301382057	323.78721550186356	0.0	496.80453272543895	380.42702920286933	0.0	501.3217955323388	421.47099167815065	0.0	408.96783908741253	322.4859518971408	0.0	400.89426387458826	378.50926141324663	0.0	387.70149531143835	428.0909803579277	0.0
275	4.583333333333333	446.4467881606662	416.317581855972	0.0	463.0191547780219	415.36765950325616	0.0	461.19453031443476	504.1159144091621	0.0	450.2627378396102	585.6572551647417	0.0	442.2232107435831	591.8707383621434	0.0	453.7845095122069	594.7587316926226	0.0	447.6143334239091	598.2788173812706	0.0	429.31190216501346	416.36575759934203	0.0	428.7354981202521	500.5553420076893	0.0	430.5062028104044	582.2334726703563	0.0	428.18307274113977	592.9363622723273	0.0	421.8670432285051	595.3047845212757	0.0	431.6204518421227	596.6253050033033	0.0	446.01745388622305	300.23102302520687	0.0	447.5347592929742	256.91131245326557	0.0	447.06327655118514	282.1618184068873	0.0	480.6807632197752	323.59185534887877	0.0	497.22223487324663	380.49461367532274	0.0	500.84307399256363	419.4733782228073	0.0	409.3305407608377	322.7721346563734	0.0	401.4196036656275	378.7868577019141	0.0	388.21661496352795	428.4890376266258	0.0
276	4.6	446.9316459360588	416.09820678583986	0.0	463.5044402905439	415.0115298695627	0.0	461.1902741035083	504.2750396421425	0.0	450.2503048311364	586.0310392155841	0.0	442.45925891314926	592.1767665016412	0.0	454.05903273891704	595.1045630264672	0.0	447.89585967383005	598.4988904308291	0.0	429.8568308362122	415.99966840951976	0.0	429.7310285889633	501.1022259228779	0.0	432.63231699705835	582.672626399868	0.0	430.27217946317234	592.3970138836022	0.0	424.02849446215805	594.9144517079777	0.0	433.22616265971055	597.4171115944192	0.0	446.3029183165164	300.5399743704808	0.0	447.37919988301985	256.9618533040986	0.0	447.0905677241526	282.4313152452811	0.0	480.63489823151974	323.7157350303186	0.0	497.25121940118515	380.5013290167318	0.0	500.98421122965885	417.5988152374395	0.0	409.7341818806837	323.16796699015464	0.0	402.19367971372486	378.8220116398711	0.0	388.78938104698943	428.5323230924003	0.0
277	4.616666666666666	447.6627748313414	416.30530259337684	0.0	464.18088603248196	415.19395472312056	0.0	461.368720247934	504.94287222669817	0.0	450.11888510424893	586.6250269024368	0.0	441.702880527788	592.0946671044387	0.0	453.91054673141457	595.3783730629494	0.0	448.09073635565056	599.0647082971952	0.0	431.0954210151557	415.9667594256903	0.0	430.617908561022	502.168061144366	0.0	434.6143864818792	582.8330546839278	0.0	431.7430168439266	591.9996585725144	0.0	426.03947398082767	594.2178936250879	0.0	435.1832989903961	597.0851430875899	0.0	446.4314661724967	300.78097471737357	0.0	447.1478106289386	257.1908680882479	0.0	447.131138165347	282.5405566591302	0.0	480.7757255945671	323.70075368456213	0.0	497.8722729232946	380.6513058028999	0.0	500.23518936140505	416.4579340776278	0.0	410.07415500733566	323.9631115042366	0.0	402.17597669393933	379.8405969989091	0.0	390.122945527421	429.46446021898646	0.0
278	4.633333333333333	448.0191756499588	416.2634763007986	0.0	464.46303678432207	415.1292167663934	0.0	461.57930509443634	505.6601415049636	0.0	450.146132234371	586.8076959720136	0.0	441.281570255442	592.2028885974296	0.0	453.3423840933024	595.6888276805731	0.0	447.95541010068894	599.6776300176525	0.0	431.50532838526084	416.1310935620113	0.0	431.49444836090356	503.5604036841293	0.0	436.06460863343324	582.796531086385	0.0	433.1369246417774	591.8037405449729	0.0	427.4945252055463	593.576521691304	0.0	436.58846696623897	596.8905293498841	0.0	446.34678612996146	301.49347119514727	0.0	446.9544941735247	257.6656833426551	0.0	447.1538408889603	282.7326962270951	0.0	480.983210799873	323.910061708507	0.0	498.6059564732396	380.91719285100294	0.0	499.49904472402807	414.53671275214924	0.0	410.2765292143315	324.45557642741784	0.0	402.43216394726204	380.26715304712593	0.0	390.48923558541287	429.8054716155378	0.0
279	4.65	448.82614804870605	416.4551721124333	0.0	464.88230605601143	415.33637360098305	0.0	461.8512465188532	505.9540332076276	0.0	450.09367552281697	586.9383840469822	0.0	441.4399842604501	591.7748473365405	0.0	453.54135364519783	595.5971591614403	0.0	447.7987865598576	599.9195190147074	0.0	432.25579356456717	416.44325802045114	0.0	432.90138425062287	504.59436962228625	0.0	438.0175215255236	582.1664407788599	0.0	434.6612737984115	591.138883682313	0.0	429.58246930695236	591.384113059732	0.0	437.994292134684	595.5826774668923	0.0	446.48124647587474	301.95517412103135	0.0	446.94664673754437	258.11611836397947	0.0	447.0616487003252	283.00267395100605	0.0	481.316550134585	324.09775699887336	0.0	499.43701481480457	381.3220490232594	0.0	499.13326542856595	413.4272363743173	0.0	410.1774852078055	324.8682400551727	0.0	402.7059216700809	380.59175360488445	0.0	390.7860876303645	430.12095497217473	0.0
280	4.666666666666667	449.4633081305617	417.4111453789893	0.0	465.90049086691164	416.7397449224493	0.0	461.9823312604275	506.60265689070997	0.0	450.31591338112895	587.1194672502842	0.0	442.0706634449716	591.5739190791804	0.0	455.0680713342505	595.6401478254605	0.0	447.7604177927302	599.7727800921815	0.0	432.4507708235472	417.93175719227173	0.0	434.096547788373	504.96329760951176	0.0	439.2211457136592	579.8713976936415	0.0	437.41152131811015	588.4138767160644	0.0	432.88159180468386	586.5182855395194	0.0	438.6944646564942	592.6286323795534	0.0	446.4821467775103	302.7012214581644	0.0	446.7172233015862	258.8926262955299	0.0	447.0185894200394	283.3757216685652	0.0	481.78567933124367	324.31935076621096	0.0	500.0475853476445	381.8764918318361	0.0	498.7144683822258	410.9974963075831	0.0	410.23856935336903	326.4600979968967	0.0	402.740278336138	381.7228363873206	0.0	390.88706324715446	431.35119328704224	0.0
281	4.683333333333334	450.3172238601285	417.957044446571	0.0	466.65991934899205	417.37444921827563	0.0	462.62728413824425	506.41449705929114	0.0	450.3488359140741	586.9296763371702	0.0	442.5197137084212	591.7650656892156	0.0	455.75144346159664	595.5168788142357	0.0	447.91056366177156	599.5168038864616	0.0	433.3234750336147	418.5380323587815	0.0	435.59268704941286	504.7329352356067	0.0	440.7888737949592	578.4342070637554	0.0	439.48446505189315	587.260771085786	0.0	434.9810305464263	584.864189432125	0.0	440.69903626918233	591.1795044245582	0.0	446.4184074320931	303.42149393643325	0.0	446.55985629191775	259.7610018713935	0.0	446.9731576645354	284.05701820810305	0.0	482.035974906585	324.7076167599314	0.0	500.73674299061025	382.2223305387697	0.0	497.7167144593692	410.0440016002524	0.0	410.6701479632759	327.226293092511	0.0	402.79891174341924	382.24683034710927	0.0	391.34857561184765	432.51965711052617	0.0
282	4.7	450.97279764542367	418.62307478592936	0.0	466.8407821327927	418.18160056136514	0.0	462.76718132565276	506.2498506311244	0.0	450.7062373435478	586.4201335658371	0.0	444.55571177842177	591.7505640002207	0.0	456.5209663281818	595.5225644989371	0.0	447.98668106415556	599.2479191242687	0.0	434.1010797287738	419.3362974032045	0.0	436.8639679427212	504.0102356538731	0.0	443.03081490465604	577.3662328846237	0.0	440.69355918179997	587.5878178778971	0.0	436.2197366163213	584.7936507190535	0.0	442.42792132099083	590.8996391302205	0.0	446.5161087610569	304.0062710172051	0.0	446.41266444184294	260.44853845405316	0.0	446.9831551506977	284.6861092185135	0.0	482.2153936753684	325.2487230232254	0.0	501.2417533006242	382.55775293839145	0.0	496.83084663848365	408.53465821248926	0.0	411.2676499253208	327.7127817704735	0.0	403.40918851879826	382.6665778150464	0.0	391.5956089236029	432.4382195797772	0.0
283	4.716666666666667	451.5587880107837	419.2937593491142	0.0	467.2940300640567	419.80468825566504	0.0	462.78921596477124	505.97614003646686	0.0	450.84649117663724	586.1206796870283	0.0	448.98398224359823	591.8252149622265	0.0	457.7752134104187	595.3024974323336	0.0	447.81167118186045	598.596274177258	0.0	435.22363636504843	420.9689114696097	0.0	438.1496762787775	503.59548537525006	0.0	444.28405379291945	575.6291197985962	0.0	440.8991182502234	588.9473799213215	0.0	436.98651890369354	581.5347881985182	0.0	443.2576255389088	589.8239176599839	0.0	446.7514185978056	305.1286486701344	0.0	446.12609661960505	261.42629637244863	0.0	446.99572803068565	285.6068240952424	0.0	482.8436973683969	325.99675018507264	0.0	501.55282890654564	383.0628586426318	0.0	495.5982532810354	407.47484233357613	0.0	411.53541125560747	328.85213800636353	0.0	403.7831367286276	384.41134644925097	0.0	391.9132071301319	433.4152981423176	0.0
284	4.733333333333333	452.1155918224562	419.9343947024587	0.0	467.8157030365513	421.0462965872084	0.0	463.10598231491053	505.87655713570905	0.0	450.83907073493594	585.4395291670417	0.0	448.2665798931649	592.0003161636669	0.0	457.15612470176626	595.0657426121727	0.0	447.9077183566861	598.1627491489543	0.0	435.8639331833516	422.28945046550007	0.0	439.69050089889083	503.8623968722566	0.0	445.6191097763541	574.7683085403365	0.0	442.54354436989985	588.9010619775928	0.0	438.8614627615747	581.9693896138874	0.0	445.85372980637686	589.9227843357719	0.0	446.5619519322572	305.65440805827257	0.0	445.99523826908467	262.07853484777735	0.0	446.998699113432	286.4717907662863	0.0	482.89795499139456	326.7691934460755	0.0	501.9965272493854	382.9656302642312	0.0	495.22023974216086	405.4146397103593	0.0	411.559219468433	330.1149123699247	0.0	404.27588762580285	385.6876293619177	0.0	391.99611986133635	434.52459200193636	0.0
285	4.75	452.91811690283583	420.40138145930354	0.0	468.587793485471	421.7582084957182	0.0	463.02615474364677	505.7831607816237	0.0	450.7235953975666	584.5617215941271	0.0	445.82615784965196	592.9845418154746	0.0	456.5918480639126	595.0022615397397	0.0	447.7378104050943	597.8032623015617	0.0	436.7320473755789	423.3977401913133	0.0	440.7105730729477	503.6540836876899	0.0	449.2225827159745	574.1713930523063	0.0	457.2715586824736	588.1441189986357	0.0	444.9239933593277	585.4294259438274	0.0	453.1610897449288	591.4363657141917	0.0	446.6874243545011	306.55959275518023	0.0	446.04672489794257	263.057176417899	0.0	447.02901979985256	287.11520346685546	0.0	483.0352403239493	327.2676769746854	0.0	502.6464698864533	382.9864260387209	0.0	494.79357647984205	403.5612899766773	0.0	411.5843910045621	330.99909344858423	0.0	404.7106124009876	386.4581887790544	0.0	392.4222189700125	435.13932362631715	0.0
286	4.766666666666667	453.4288601678794	420.8870781939277	0.0	469.1819695165634	423.08015827928995	0.0	463.4131924357752	505.4222383142644	0.0	450.66339155109733	583.9200231866969	0.0	446.43566773061735	593.7548652001352	0.0	456.0659725595337	595.0360624482532	0.0	447.86316974651265	597.3547794064258	0.0	437.2808885148516	424.5287970399505	0.0	441.78267558615136	503.4309708175722	0.0	451.48083652010223	573.363358079273	0.0	460.2873949164698	589.1022372981935	0.0	451.05780852681994	586.7568061628955	0.0	455.0791087584033	591.5180281535003	0.0	446.74296624780584	307.51051241343754	0.0	445.9973006465333	263.40347725914955	0.0	447.05399429992485	287.7336350060344	0.0	483.0297374534694	327.804799331965	0.0	503.13195394876516	383.2751544835343	0.0	494.1014985848142	400.7145623393869	0.0	411.93739046996893	332.14750021962243	0.0	404.7608562203931	387.85870583358724	0.0	392.4792782564519	436.45682513973276	0.0
287	4.783333333333333	453.8262935584878	421.7620456585714	0.0	469.9952713273133	423.90171152483674	0.0	464.1533482458667	505.0881078764789	0.0	450.82035512794124	583.0820758316291	0.0	446.8664711694112	594.2868022922576	0.0	455.74886034278813	595.2625566907531	0.0	447.94961202103246	597.3263553647723	0.0	437.7297621003904	425.58564020646327	0.0	442.72451841159733	503.34772476568173	0.0	452.8541418509417	572.6040283245807	0.0	461.69808294619736	589.3221982226794	0.0	453.30074832669766	587.2566601742033	0.0	455.817396358942	591.4979249777211	0.0	446.91719261363346	308.33880828132226	0.0	445.80155023260534	263.79671768790655	0.0	447.0120553014276	288.2119379785959	0.0	483.1831447818596	328.0265344402685	0.0	503.82109740819504	383.78468235999026	0.0	493.1146363498132	399.99944896214396	0.0	411.969348766491	333.68727756187883	0.0	404.7247868817574	388.90106757700096	0.0	392.4651037002352	437.4430300092704	0.0
288	4.8	454.36238803244316	423.0480031786111	0.0	470.6584971847286	424.537167606726	0.0	464.684839850383	504.75044393798237	0.0	451.2070306379812	582.3358206327667	0.0	447.22711608558245	594.0914066100513	0.0	455.9661478952875	595.1644340188549	0.0	447.9957024255297	596.4006449835915	0.0	438.2782081060933	425.9432598777477	0.0	443.60575183936334	503.48399085245126	0.0	453.38896856962845	572.4119245267744	0.0	462.51527871136057	590.0128259930157	0.0	453.75421951497634	587.9003047922788	0.0	455.7824807651947	591.0017464531405	0.0	446.95113908694435	308.90480275092204	0.0	445.44562815268984	264.3633156640156	0.0	446.9862599228373	288.72883675827717	0.0	483.2200140929401	328.5322664427853	0.0	504.2803376717434	383.9189655622893	0.0	494.028927406152	396.70003150059057	0.0	412.29169205042996	335.04141705081224	0.0	405.0827484539648	390.2977635613091	0.0	392.8494124289383	438.8195967189588	0.0
289	4.816666666666666	455.0087909313715	423.4484345006881	0.0	471.4578305348933	424.7863427293988	0.0	465.3148135580915	504.90427419636507	0.0	451.854738899971	581.0820038929254	0.0	446.3043463697385	594.2350825269738	0.0	456.241567055633	595.0102100176914	0.0	448.10294434922616	595.54243218686	0.0	438.79109970473826	426.29666302176133	0.0	443.89445479907147	504.1935850093498	0.0	453.6628376867342	572.731212315939	0.0	463.86238720999563	590.5013363208714	0.0	454.86557190272856	590.1203452825806	0.0	455.7370738517185	590.9032035750234	0.0	447.0391785756673	309.230218165062	0.0	445.3327289720289	264.7371593560019	0.0	446.9931652762897	288.76691185765884	0.0	483.5800710334942	329.20194335954864	0.0	504.76554309249906	383.53977363116667	0.0	494.41177275430994	389.97884342168663	0.0	412.2709203312277	335.3776886956213	0.0	405.03889179450056	391.1815333078124	0.0	392.83586656614716	439.4663633055686	0.0
290	4.833333333333333	455.4264505536398	423.68998592057324	0.0	471.5469483989423	425.1436714075998	0.0	465.84594951062684	505.0404562347531	0.0	452.4485225709094	578.9180341084502	0.0	444.97145071766	594.292694865624	0.0	456.39566792622753	594.8394635588261	0.0	448.19596423956204	594.3416602004294	0.0	438.8877335679166	426.5860098311995	0.0	444.2688661711809	504.39063701432326	0.0	453.6319849026862	572.0607401414987	0.0	464.2949580485365	590.7346511400381	0.0	455.15789416875907	591.081440245619	0.0	455.5107254519818	590.6357640456973	0.0	447.04735096487957	309.4894533243721	0.0	445.1303367068407	264.6894626118543	0.0	446.9581939846057	288.9975926804424	0.0	483.5926453488313	329.87731727601283	0.0	505.1455192564232	383.5474760819573	0.0	493.16991320370374	390.4528197509296	0.0	412.7095725597844	335.64261594009764	0.0	405.53030440625895	391.4435780493908	0.0	393.3563435553845	439.8231329455514	0.0
291	4.85	455.5676550744779	423.79596952956086	0.0	471.62670420561216	425.89150310812755	0.0	466.369534365641	505.25590476875686	0.0	452.9859612922327	577.2293889800192	0.0	444.8649078473297	594.5537931432749	0.0	456.76950347617696	594.5585083286071	0.0	448.9126011845686	592.3036660949658	0.0	438.9742735861714	427.0389672333319	0.0	444.28229663986804	505.13424291501866	0.0	453.22090327170224	571.2369508642967	0.0	464.4365418732931	590.8447551345977	0.0	454.33942133144905	591.0617592001066	0.0	454.8859631559038	590.325648150471	0.0	447.0036006954543	309.0937021012066	0.0	444.70227365962046	264.19120758942734	0.0	446.870028119656	288.62405375542664	0.0	483.54813472481663	329.52569406156704	0.0	505.18904972285145	384.4983653843084	0.0	492.02948778919347	390.3791324329566	0.0	413.10661534780314	335.67171866178086	0.0	405.9868437835858	391.1704709192298	0.0	393.76212551941364	440.20208962711513	0.0
292	4.866666666666666	455.3683046220866	424.02148723925677	0.0	471.5277739386134	426.24809189170827	0.0	467.4177764292679	505.9190441907811	0.0	454.0680156253389	574.9631316697257	0.0	445.5387902352681	595.2748500758202	0.0	457.4880466152145	594.548630058749	0.0	450.0235539329764	589.9429828975896	0.0	438.87929374483355	427.3402546944792	0.0	444.45401864048114	505.8183358285264	0.0	452.7206598736957	570.9586305361373	0.0	464.94205872743066	591.1457871294705	0.0	452.87101047601163	591.2669685625973	0.0	454.08937144722506	590.3739644689127	0.0	447.0050318035711	308.92954530618425	0.0	444.48583486442806	263.76260790065174	0.0	446.71291186126973	288.47613925886674	0.0	483.5533481699138	329.0878145039394	0.0	505.5337263217467	383.93415004960667	0.0	491.66386324976634	388.6239726328991	0.0	413.3145097283615	335.7445707087094	0.0	406.61231145140334	391.4008380152234	0.0	394.0203111624383	439.97191600021876	0.0
293	4.883333333333333	455.35817099971587	424.142897502841	0.0	471.2490596205058	426.5034100405228	0.0	468.67211656178097	506.37022842551477	0.0	455.74746206355485	571.3913095957686	0.0	448.4203068908293	595.5518863562521	0.0	460.93785575469343	595.3156536442448	0.0	450.7345243575192	585.9027453837939	0.0	438.5713981188337	427.5274430298093	0.0	444.9075225371241	506.15625284837915	0.0	451.8216459989194	570.0235995158357	0.0	465.638668291963	591.2124951240776	0.0	451.1945313605735	590.6861489403732	0.0	453.4768360688754	590.4703942687192	0.0	446.97947087226976	308.3648334826654	0.0	444.30499971836923	263.3784732248157	0.0	446.5525355579498	287.9266230863075	0.0	483.73715269315784	328.9646013102209	0.0	505.47871380264974	383.61259880290436	0.0	490.4861405169032	386.21541018669205	0.0	413.6489044956124	336.0875535889519	0.0	407.05864833189935	391.4667534434593	0.0	394.71131567309783	439.9480801772954	0.0
294	4.9	455.3565199054343	424.5099713926941	0.0	470.8204150767376	427.67370138994573	0.0	470.1716139956034	507.49474122571553	0.0	457.6833552637646	566.5106229903195	0.0	449.73188927440907	596.3546087435631	0.0	462.0983956078997	597.2270334331887	0.0	451.0999314668915	579.9376559956927	0.0	438.27476024883106	428.3500972027605	0.0	445.2126977074082	506.9597997875282	0.0	450.7542702922328	570.4617940405627	0.0	464.7884980614835	591.0526775952846	0.0	450.6972646949455	592.175699155357	0.0	454.50035527996096	591.2204030251614	0.0	446.86097293182695	307.80040189114334	0.0	444.19194832898364	263.0219237256058	0.0	446.3166874486077	287.56639438467687	0.0	484.0725233720914	328.83329974270987	0.0	505.850933866864	383.1546018363326	0.0	489.77410825295095	383.6751038863976	0.0	414.1025195018418	336.0355652972326	0.0	408.11796727389986	390.4608052609062	0.0	395.3164708867659	439.96733503403266	0.0
295	4.916666666666667	454.95127484487136	424.85462108884525	0.0	470.66083118967776	427.7375364984063	0.0	471.86062082795803	508.1242546438776	0.0	458.8865122699234	562.5039949130465	0.0	449.55213563273077	597.028965487033	0.0	461.32197634345016	597.9089629097748	0.0	451.53439544916364	574.3695830148426	0.0	438.02664706007806	428.8038056547085	0.0	445.53805312791764	506.8876041704307	0.0	450.6714968215215	571.5177736204578	0.0	463.54550655837016	590.8265869571485	0.0	451.80733829003555	594.5064425322596	0.0	454.3612301460509	591.9373389138699	0.0	446.95408235771123	307.4858525957484	0.0	443.85788718427773	262.6915138505487	0.0	446.13350770316504	287.118783257196	0.0	484.2500546580712	328.3668504532671	0.0	505.6723505528717	381.5854945013445	0.0	486.48499726459073	381.10543804020375	0.0	413.9717378239545	335.6242564645506	0.0	409.2678098179957	390.02791345586394	0.0	396.34264866487945	440.1039909273751	0.0
296	4.933333333333334	454.6786266645116	424.7658277728854	0.0	470.47024106203224	427.5539400613974	0.0	473.7338365849146	508.7154226543397	0.0	461.1619948874038	557.4846065925958	0.0	452.50242339801736	601.5041919384084	0.0	461.81412239811044	596.6341031276716	0.0	452.79220749766284	568.572877743117	0.0	437.76353134848296	428.67163489073414	0.0	445.7503458518917	506.20448812276925	0.0	451.83829191064956	572.6833879483007	0.0	464.5644737526953	590.7444911880962	0.0	452.83629212943094	594.8795444070045	0.0	453.2607607328981	592.8741840200628	0.0	446.9109212915799	307.27204338019567	0.0	443.80432918797624	262.56839744885366	0.0	446.16806178540924	286.80220082670866	0.0	484.7253227995925	327.891152584397	0.0	506.0628300646509	380.3159875812083	0.0	484.2991254729243	379.38781239535103	0.0	414.2675226067386	335.6551918560739	0.0	409.80904343622933	389.64719140482293	0.0	396.90572986788794	440.0006778025594	0.0
297	4.95	454.6163672395073	424.1753625936955	0.0	470.7214534304562	426.4703132627585	0.0	475.58478295157795	508.5610408212108	0.0	462.4792870257482	552.6936678213206	0.0	453.45423154608557	599.8050998228221	0.0	462.40818248569514	594.3566920545557	0.0	454.9835837571692	562.5242097806571	0.0	437.4191748200699	427.56025641828444	0.0	445.85099835154114	507.4447543449099	0.0	452.8444658726745	573.6811210085415	0.0	464.5892896479308	590.6393331445586	0.0	453.14784339042365	595.450658109776	0.0	454.0632042108314	593.9420977883424	0.0	447.17204696046184	306.95890609562383	0.0	443.51906035161244	262.4375029458806	0.0	446.1904513494904	286.463124151004	0.0	484.93175296656534	327.10855987834213	0.0	506.2776935844353	379.4211459271669	0.0	481.4961359294919	376.0904920914989	0.0	414.77130532204654	335.2162270594174	0.0	410.4253102482253	389.4756857233983	0.0	397.48767205159857	439.8611191101794	0.0
298	4.966666666666667	454.5165748499254	423.6221826691309	0.0	470.62266847125227	425.464215201365	0.0	477.5623490581394	507.27748996468114	0.0	464.34571376895957	551.3901862981118	0.0	454.9618292927046	596.8752244310882	0.0	463.31985101633234	589.4071766805987	0.0	457.04258849031845	559.7443024431329	0.0	437.3147898197831	426.24615483237767	0.0	445.72448560790724	506.3849427667763	0.0	453.0090880052031	573.5902754611172	0.0	464.174345054661	590.3318899439703	0.0	452.2345558217903	595.1013327834839	0.0	454.59478840690906	593.6831290899003	0.0	447.28536872658094	306.69391551021863	0.0	443.3940687002532	262.1918430773293	0.0	446.1696949301512	286.0865998995434	0.0	485.4668718186477	326.554372865384	0.0	507.6561661350931	378.60316523075835	0.0	485.68414005234865	375.6693983330675	0.0	415.0578665797216	335.1934177479597	0.0	411.14042814383845	389.46653957066417	0.0	397.93131869839164	440.0236311758634	0.0
299	4.983333333333333	454.4775722317146	423.2917599535456	0.0	470.6285663519622	425.0212011273513	0.0	479.0523339800736	505.39532044134603	0.0	465.07352590722775	550.1778297321835	0.0	457.1645355839035	595.3565489070038	0.0	465.4515468630825	586.6179109289383	0.0	457.7762772441351	557.6218464618181	0.0	437.2220533552177	425.5865133574188	0.0	445.7605891812435	505.69416439234294	0.0	453.9099839435137	575.023422469486	0.0	464.88561370398764	590.321268470774	0.0	451.9119250452211	595.907529418653	0.0	455.46088332808597	594.7569499539094	0.0	447.6089749939145	306.57965536231154	0.0	443.26470128537164	261.9502785771905	0.0	446.14267984568596	286.03489700424285	0.0	485.8078398381671	326.264636674907	0.0	509.00273451306754	378.0474742320373	0.0	486.19827644172466	374.55589866680936	0.0	415.3570289466918	335.1009593536283	0.0	411.4168857851891	389.24694741260686	0.0	398.61812559516267	439.9270589104288	0.0
300	5.0	454.50565454547825	422.86821351135364	0.0	470.63816409007904	424.3839632333534	0.0	479.9789782463669	503.3325377791408	0.0	466.25086276230564	548.5588859889019	0.0	460.23516837620997	592.496035357992	0.0	467.99543708806675	584.9584751980941	0.0	458.9445346084871	556.4156996169125	0.0	437.24036040500255	424.0745241804579	0.0	445.5506962503314	505.1142120245589	0.0	454.4838010831314	578.2553715902011	0.0	464.53854920041294	590.2068613393212	0.0	451.2926739444308	596.2108098056842	0.0	455.5766067861946	594.7978469137927	0.0	447.8277610671723	306.3418338567888	0.0	443.0247771679555	261.4309939800425	0.0	446.2130605047311	286.1126496963279	0.0	486.6793614034036	326.26065631585607	0.0	509.74345898529106	377.46487356547095	0.0	484.85085159760246	372.1042779440583	0.0	415.6651327296621	335.14396551177697	0.0	411.32368832962845	389.1500180996419	0.0	399.0863483476479	439.67887169806403	0.0
301	5.016666666666667	454.2695095453379	422.3224765696307	0.0	470.4278388946679	422.89117428052475	0.0	480.49979339514897	501.14934336157353	0.0	467.4746002800548	546.845198704224	0.0	466.34950005962656	591.7396028224559	0.0	474.0758796907872	584.5496160485092	0.0	459.690012633922	555.1682886780571	0.0	436.85941571771804	422.6505913012986	0.0	445.28688435876785	504.2549807616292	0.0	454.4220715228256	578.6827543998513	0.0	466.5490294759229	590.2818368961858	0.0	451.18069978224	596.5623525821379	0.0	455.12191371262	594.7478738678142	0.0	447.94596922306374	305.94702618248937	0.0	443.0046568755259	260.9049652314013	0.0	446.3164399241764	285.8912589038485	0.0	486.9798437407755	325.9907038189142	0.0	511.42838365558316	376.3710579845969	0.0	486.49123452564777	372.64258172504543	0.0	416.09385215293935	334.9134687688903	0.0	411.68846791175815	389.026231467535	0.0	399.99179235721647	438.7258355310392	0.0
302	5.033333333333333	454.266335123991	421.6416463207047	0.0	470.4569940450026	421.5401883959587	0.0	481.04023689129156	499.08126307183306	0.0	468.7442839755153	545.7967992957986	0.0	471.1479069272106	591.0675126120963	0.0	478.84696874444654	583.655766777351	0.0	461.3944123555179	553.703063088243	0.0	436.70658875396384	421.4299125123478	0.0	445.27762570284335	503.9277755268271	0.0	455.5269429556536	581.1012824390954	0.0	465.4676732162718	590.5967757259962	0.0	450.54250782043886	597.6816388892935	0.0	456.9012460144926	596.0313967290681	0.0	448.11674966076146	305.4527006510355	0.0	443.15745154211527	260.60275949870424	0.0	446.6730685634077	285.6288800421619	0.0	487.1817721547665	325.4592237916832	0.0	512.1937460015988	376.0847442160052	0.0	485.65234762805574	369.77573501016167	0.0	416.29273764950096	334.50313493236126	0.0	411.9139196396619	388.86238074903287	0.0	400.70013759162134	438.21633877964166	0.0
303	5.05	454.29249814623154	421.15049415225593	0.0	470.58403098709755	420.4974011449581	0.0	481.2425892325771	498.3955183951351	0.0	469.9480827770917	544.8088386998363	0.0	475.03530335779976	590.7051886357829	0.0	482.31300021496315	582.6346443673185	0.0	462.6353523874252	553.7531132289179	0.0	436.75680458954696	420.5088633927934	0.0	445.1902494160769	504.44931294025645	0.0	456.48405814966014	582.5841621131569	0.0	461.1468958364248	591.1100498992263	0.0	450.8843316064548	598.5727837681677	0.0	459.5316039672707	597.789921247246	0.0	448.5052095013901	305.22852654067464	0.0	443.66015564245384	260.1843722438491	0.0	447.15170482543977	285.04943680042663	0.0	487.39959388219904	324.91555096586376	0.0	512.2638984663341	374.9329768404979	0.0	485.2707116941726	363.52443289645316	0.0	416.54960847714995	334.1727596144846	0.0	412.5791234610588	388.4627205334883	0.0	401.3740362749681	437.1218970418479	0.0
304	5.066666666666666	454.7086241902997	420.8925594759621	0.0	471.15566082895657	419.77175648128934	0.0	481.4738203195236	497.28877167294104	0.0	471.272948827551	545.2723300682394	0.0	476.42518467221277	591.6786559627537	0.0	483.8094089106626	583.2878845233512	0.0	464.9405423422502	554.3858703963888	0.0	437.0195183158434	420.11231073264554	0.0	445.0947401800262	504.7363547415547	0.0	456.8650126965272	583.2403579921221	0.0	459.3873435774749	591.5756754287542	0.0	450.80300329089476	598.7803065643037	0.0	459.5942393716977	598.253207121564	0.0	449.0085521220775	305.17488508711983	0.0	443.8870590594666	259.92192703904254	0.0	447.3673043871463	284.815563048195	0.0	487.6927451614458	324.5775744045954	0.0	513.1584936172623	373.87960873918934	0.0	484.0128679467011	365.1225595223127	0.0	417.2470369582717	333.91342775618415	0.0	413.31955118128633	387.92372366725755	0.0	402.101346560033	435.9058031286397	0.0
305	5.083333333333333	455.2311437100333	420.28938699219935	0.0	471.7588508783627	418.9846492494362	0.0	481.4629676631422	496.1323708608163	0.0	472.4656260190423	546.5696215880604	0.0	476.9583671090435	593.1955009826678	0.0	484.68832337403046	584.1365070353746	0.0	466.76457871974077	556.7766777034388	0.0	437.5376589428877	419.000437939892	0.0	444.8001483676771	504.887696193407	0.0	456.5744220508981	582.133228703653	0.0	461.16565117579023	590.4292702004356	0.0	450.5297677864272	597.3166458257492	0.0	458.46642157221265	598.0314718975438	0.0	449.2136417533275	305.0612748296713	0.0	444.3277929636873	259.85800696444494	0.0	447.51863952139394	284.6560234647535	0.0	487.81106148805634	324.38235548283683	0.0	513.2407290959196	372.6474639250372	0.0	483.76811445239355	363.30718501192257	0.0	417.4677001404753	333.6193236561731	0.0	413.5248761191023	387.37925145143345	0.0	402.7591156817983	434.6023332445217	0.0
306	5.1	455.3798815824175	419.7321210927671	0.0	472.28140637642014	418.13484779014436	0.0	481.2441958499969	495.7953403404483	0.0	474.00819115393887	547.2976720796713	0.0	479.9274673606913	593.5075580317459	0.0	487.47461198725307	585.4879808544833	0.0	469.429889311486	559.0856480654014	0.0	437.70786099758345	418.308169603193	0.0	444.69639482316336	504.5988224691851	0.0	456.42645305553924	581.6017748431218	0.0	461.3381685605832	588.7764318625302	0.0	450.49656072999494	596.5721066587504	0.0	458.1654405276849	597.7086614252415	0.0	449.6435507012015	304.80660129994567	0.0	444.8757840832601	259.8276397587748	0.0	447.8641741353692	284.38157416948684	0.0	488.2129353045009	323.9263232751696	0.0	513.2580390708362	371.5074915848474	0.0	483.36205952395574	359.14076072930584	0.0	417.88378762918126	333.1099186857675	0.0	413.89782024346175	387.0736276383618	0.0	403.3378864079476	433.90008903492713	0.0
307	5.116666666666666	455.96689168107105	419.2324540816842	0.0	472.8431126548328	417.9979238835164	0.0	480.4102332697679	495.2566209078185	0.0	475.2747990923008	549.5327564295108	0.0	483.5176570316325	594.3558467251544	0.0	492.92821622464874	588.0852669924175	0.0	471.82609937191967	562.2404569485764	0.0	438.02706646450116	418.50399272939046	0.0	444.84600227541614	503.49384716309817	0.0	456.2376838288044	581.3801442140895	0.0	460.8969150667591	587.9934976681709	0.0	450.7598827305006	595.6436983196261	0.0	457.92035596590546	597.6403932304445	0.0	450.33905047332496	304.78291612876785	0.0	445.28151774359253	259.68563789683463	0.0	448.1726073391614	284.33867886744446	0.0	488.74282479062134	323.40266861465835	0.0	514.1118124791323	370.22648108267407	0.0	484.6011424464666	357.85090352786835	0.0	418.36126518429217	332.4792730007324	0.0	413.95980396361324	387.02101961919146	0.0	404.3336580017868	433.1322226966285	0.0
308	5.133333333333333	456.3900152843793	419.2954325576815	0.0	472.954008874326	418.10742266819375	0.0	480.1565471992041	495.06997767226824	0.0	476.86723737094735	552.6991453688452	0.0	485.42160265912884	596.4243692305943	0.0	494.81772704492386	591.0509332630353	0.0	474.02998151299613	565.2433367633677	0.0	438.6795442024018	418.6462862100934	0.0	445.0518446642042	503.317968482538	0.0	456.4407152929173	581.4572951513983	0.0	460.4311944009756	587.3298375648595	0.0	451.14090733836673	594.3626901613513	0.0	458.13383711147026	597.8400829014518	0.0	450.69255769184554	304.73240181168114	0.0	445.57305113536364	259.38358569830245	0.0	448.49249237318566	284.0886191474251	0.0	489.30516758117426	322.97669357160373	0.0	515.3832005471667	370.07339250246537	0.0	485.7111524101197	358.4635338613803	0.0	418.91076894895707	331.94067871632996	0.0	414.3611034629155	387.0440255411537	0.0	404.85759276638095	432.39524264208944	0.0
309	5.15	457.02624306516714	419.12546043325125	0.0	473.4362251744485	417.836075663288	0.0	479.5678420248278	494.6906466285025	0.0	478.5505978431389	554.6698167394228	0.0	486.4251498214319	597.4957249746386	0.0	497.2040664256859	592.9791885636015	0.0	476.83976680419175	567.9539949025127	0.0	439.5174494500072	418.3999090896349	0.0	445.2993608756044	503.0144509809149	0.0	456.6286618541385	581.6427210701731	0.0	460.14582993898495	586.7770947140702	0.0	451.41894225862154	593.3558619988639	0.0	458.3719939379915	598.4241821407728	0.0	450.9302700835623	304.6206252119428	0.0	445.83013767511835	259.11280797882205	0.0	449.0545883983633	283.7218721550674	0.0	489.7874834340173	322.69755014306264	0.0	516.370837536738	370.22054821805017	0.0	486.1388871205259	356.7537029453137	0.0	419.3703928490145	331.2759047735967	0.0	414.3575276193012	387.0609144891155	0.0	405.3196521626407	431.4626017243842	0.0
310	5.166666666666667	457.5849184501571	418.86831231256167	0.0	473.98992273041154	417.2030926274824	0.0	478.6924804943489	494.62136457776137	0.0	480.2009328791742	558.2010350970851	0.0	486.8837474343731	597.8032889755174	0.0	498.8550587457595	594.3448557768024	0.0	479.6260396712284	571.5168491547686	0.0	440.5244538701998	417.9119468635822	0.0	445.6891328743651	502.4687232959025	0.0	456.96476685202254	581.9816220672442	0.0	459.91662798485675	587.5105952620492	0.0	451.5372790698792	593.1200361461124	0.0	459.13813164332123	599.2659482616943	0.0	451.3355778645764	304.31594075950596	0.0	446.1785761115128	258.83874986818347	0.0	449.16934968943	283.5256136587528	0.0	490.22161556993495	322.0981783172652	0.0	517.8895425124435	370.9141317894365	0.0	487.5828632105142	356.93416118773223	0.0	420.18392787716346	330.84902337814094	0.0	414.6386017038688	387.0995330175872	0.0	405.6104488817053	430.2713544608863	0.0
311	5.183333333333334	458.51597253980964	418.309465090724	0.0	474.8519217248685	416.7351781376309	0.0	478.25391833659955	494.64998463635663	0.0	481.88672491541195	561.0072674405797	0.0	486.6601185150662	597.900743176667	0.0	500.42242965686927	595.1090284863868	0.0	482.4706916425827	574.6260359749638	0.0	441.59075833227985	417.80602472184233	0.0	446.08899469738117	501.8751827351896	0.0	457.05145575084765	582.0773664198487	0.0	459.5264054478811	587.7040585022484	0.0	451.75910816566073	592.9775314400191	0.0	459.2844087824209	599.0545495937358	0.0	451.7604087460413	304.02843650283046	0.0	446.27379147386347	258.8418907417603	0.0	449.50983274184273	283.403123158974	0.0	490.2575552035056	322.1448499520024	0.0	518.5197627444683	371.3093700425483	0.0	488.94228667559116	357.4756985950419	0.0	420.2653442374696	330.5357893686878	0.0	414.67837926387153	387.5498588635647	0.0	405.58737552155867	429.53196229672926	0.0
312	5.2	459.1845427244329	417.8144053526948	0.0	475.1137375353267	416.728160767369	0.0	477.3632561655437	494.87750179123054	0.0	484.07735942477825	564.006227991975	0.0	484.66380463535137	598.2804546698953	0.0	501.5124258506731	596.5242891881439	0.0	486.2968681272884	577.6202278995708	0.0	442.7525205150377	417.8476767624407	0.0	446.2441766250847	501.43262170682385	0.0	457.46335951305093	582.1543936714821	0.0	459.9185851148869	587.9399759075179	0.0	451.7979063184288	592.6663195698873	0.0	459.80976895564544	599.0028369451386	0.0	451.91282206698725	303.75035483153977	0.0	446.7365868999142	258.59189142096767	0.0	449.68271099297004	283.3767893235984	0.0	490.3098008531824	321.7750643443774	0.0	519.1373251367934	370.9848740682784	0.0	490.17269214489824	359.7024783789931	0.0	420.79292361452764	330.1931526095667	0.0	415.5552441517269	387.8450728925905	0.0	405.69357205390037	428.86055277651417	0.0
313	5.216666666666667	460.0230786873076	417.3963005379277	0.0	475.8479043649487	416.7736453769767	0.0	475.99029120429793	495.44472892694864	0.0	485.6710191959414	566.4939210164728	0.0	483.84850779404053	596.9810215094974	0.0	501.86594246566546	595.6585094975986	0.0	488.443494153497	580.1364836493858	0.0	444.04314001960904	417.90352693631223	0.0	446.54645478564987	501.230588181312	0.0	457.6840187089897	582.2380636026553	0.0	459.9322310789409	588.8301748813483	0.0	451.7393739956532	592.8585555751113	0.0	460.53599401953863	598.6631313602642	0.0	452.5698825373981	303.6771741767575	0.0	447.3834804545756	258.4441838558349	0.0	450.30024342772845	283.299255902029	0.0	490.61078312058635	321.324940050265	0.0	520.0230522166789	370.485134880687	0.0	488.59141182329245	355.5686541968221	0.0	421.9407362348896	330.06379077612115	0.0	415.8545111587308	387.82860269963913	0.0	406.2369576278735	427.7296595881013	0.0
314	5.233333333333333	460.9861762384912	417.0133403917298	0.0	476.4043278197803	416.62693343789385	0.0	475.5828398342652	495.54303860499374	0.0	487.6841474572143	569.3789799257272	0.0	483.52947075447105	593.6841205014131	0.0	501.1770415222021	593.2664420153252	0.0	490.587572592999	583.169601269872	0.0	444.6375047911169	417.7719814015386	0.0	447.2263537986223	501.134002001013	0.0	457.62052017423446	582.4582141694851	0.0	459.6266916680451	589.9336873287759	0.0	451.96864627051673	592.9054536974369	0.0	460.92231511659475	598.4819763774584	0.0	453.019907913807	303.6411653740978	0.0	447.4540296922905	258.42759550989877	0.0	450.69319838712846	283.2636141667623	0.0	491.02708332371856	321.272736860996	0.0	520.5205505447022	369.6495238485223	0.0	488.41322589163457	356.4260414636728	0.0	422.45474563613044	329.9214875927813	0.0	416.2400333800293	387.9555592313004	0.0	406.5335135967964	426.4126041187026	0.0
315	5.25	462.0361299103655	416.56292429731735	0.0	477.37677088102964	416.6580808889981	0.0	475.1302228438594	495.23548059423337	0.0	488.9485397813155	572.2898603905967	0.0	482.3134600135396	589.9598550476605	0.0	499.7836207419129	590.3417850966462	0.0	492.8081817499058	586.6157466168613	0.0	446.2062050142937	417.81901542370326	0.0	447.4487255076971	500.59689081354736	0.0	457.6608766761799	582.4244555640071	0.0	460.1282423679076	590.3774590770971	0.0	452.2968979577904	592.5612247726203	0.0	461.025297120254	598.4156946639796	0.0	453.6008095317612	303.52463314701737	0.0	447.886540420473	258.36082950927045	0.0	450.8263870057805	283.0499241810559	0.0	491.62267201389466	320.98935945167915	0.0	521.0747894076485	369.06622608663685	0.0	489.0080754629712	356.4706005296098	0.0	423.5239655343277	329.87445170101716	0.0	417.24369749521725	388.24632188745636	0.0	406.53905398785383	425.8496501731498	0.0
316	5.266666666666667	462.5613041687436	416.2255535593534	0.0	477.9157511736625	416.7325918727281	0.0	474.6617173311917	495.6814600086609	0.0	490.39403779718936	573.1620773382531	0.0	479.5789371890247	586.4175770065875	0.0	492.254991144263	586.1955738022979	0.0	494.29894664436176	587.1778898751597	0.0	447.6801152424617	417.9579815918167	0.0	447.8518988274104	500.89730888708743	0.0	457.947828974072	581.7505127542236	0.0	459.9399455263202	590.439643544776	0.0	452.2119378897526	592.6394808519343	0.0	461.27973122107767	597.8685507179943	0.0	454.4967087862113	303.6204710623417	0.0	448.26393228713835	258.1781897407016	0.0	451.1935692980072	283.0777913541508	0.0	492.47578855367857	321.04775265231206	0.0	521.5377283719956	368.15055932733173	0.0	488.7849285192643	355.11898640073537	0.0	424.9634973926473	329.798235564518	0.0	418.1985106288773	388.4373221892181	0.0	406.37866901850003	425.7814915123072	0.0
317	5.283333333333333	463.158860311759	415.9429129034952	0.0	478.4186404763391	416.457122968597	0.0	474.6830191193062	496.45576340012605	0.0	490.99170430451267	573.3694939811321	0.0	478.9603304076457	585.4527196718849	0.0	490.6837305255082	584.1900477369336	0.0	494.6629126849143	587.4582291253082	0.0	448.3743770947416	417.9476652625467	0.0	448.42514994970816	500.79669177920687	0.0	458.1052596557381	581.4880193945526	0.0	459.47532893103676	590.233455997324	0.0	451.8348914190759	592.4127798823155	0.0	461.02963926369034	597.7350155837224	0.0	455.2097342085822	303.83441226121846	0.0	448.4316736970845	258.22431557957754	0.0	451.75527957856	283.3096840693278	0.0	492.70565205375294	321.26614429659566	0.0	521.7178036336078	366.9270476942768	0.0	488.8102582404071	354.3629158147145	0.0	426.1554541919631	330.07887626948445	0.0	419.319759411754	388.51471590864196	0.0	406.3218682145179	425.3873693846297	0.0
318	5.3	463.5763077443654	416.0502658744862	0.0	478.4117019920077	416.5591074279971	0.0	475.02275480561985	496.79868938535475	0.0	491.00889108654616	573.6219406238658	0.0	477.3437163077691	585.2177028773549	0.0	486.4525148938739	584.0079594324712	0.0	496.20754953546714	587.6761354256496	0.0	448.8680571798217	417.8201577641328	0.0	448.93558277963314	500.4124369603586	0.0	458.4323362532792	581.6490322288353	0.0	458.70323553540584	589.8784919191248	0.0	451.36655195194515	591.9545813669314	0.0	461.237647817778	597.535038621462	0.0	456.2068717332742	303.9602332857532	0.0	448.88719375711014	258.22895764283885	0.0	452.2464465586994	283.60168199311533	0.0	492.7855192065823	321.2758787449727	0.0	521.771230950057	365.6070810678961	0.0	489.23422628384446	353.6170785713759	0.0	427.25198767720485	330.34277723471416	0.0	420.3506088045288	388.6191871154084	0.0	406.1961864673221	425.1769387069646	0.0
319	5.316666666666666	463.57080537440197	416.104311902982	0.0	478.34832350627875	416.524136675015	0.0	475.38976376702544	497.448539124583	0.0	491.28463159743035	573.8785890908832	0.0	473.84461579520917	585.530036371662	0.0	477.6164737484188	584.3215232650965	0.0	497.59148657914415	587.6176368481745	0.0	449.35903722872547	417.8043679639662	0.0	449.41188411882	500.43007477880803	0.0	458.4556029337362	581.4302707096746	0.0	457.0440214917596	589.8654571116132	0.0	450.87725145900447	592.0635687214217	0.0	460.84724374615985	596.94672172168	0.0	457.17211610200604	304.00120296474205	0.0	449.7572635140186	258.3843063414514	0.0	452.7026485950607	283.92196507196877	0.0	493.5047428338605	321.269191477882	0.0	522.4929105314947	365.01320827625227	0.0	491.00947581946224	353.8146431018503	0.0	428.8274926705824	330.4711490756328	0.0	420.97143780620524	388.617830801259	0.0	405.80328663597686	425.1365402038419	0.0
320	5.333333333333333	463.8643669115297	416.20566210081176	0.0	478.5372054801201	416.2650144379278	0.0	475.76283696595794	497.982189270081	0.0	491.24521445340713	572.8742478226079	0.0	473.5278392168327	585.4432846792456	0.0	477.06693476360175	583.9689052917205	0.0	498.11504618123973	586.3096187417996	0.0	450.17332523724826	417.90352075085593	0.0	449.8305779875154	500.74837949629546	0.0	458.65969409191126	581.4270750324482	0.0	456.03304567616635	590.1558039336616	0.0	450.34946381786153	592.4478018422299	0.0	460.964712958154	596.675212649229	0.0	457.63898921658637	304.15953525305247	0.0	450.2445070463391	258.6231626696614	0.0	453.125169387437	284.38177822928293	0.0	493.8706635594346	321.2166314286958	0.0	522.8785699775175	364.34060929879786	0.0	492.58436620508803	347.1028304294467	0.0	430.3036219898075	330.60497618892697	0.0	422.26636297934914	388.83635639838985	0.0	405.8345596080824	425.12638660254703	0.0
321	5.35	464.28876053471487	416.5367983159399	0.0	478.4551828227439	416.5359394525825	0.0	476.28450051608365	497.71978944489024	0.0	491.80316219893086	572.2640062799665	0.0	473.69363784452946	585.0945848398471	0.0	477.20218648364624	583.6245492509253	0.0	499.13104722521393	584.5941582205919	0.0	450.6897566099357	417.8188313652011	0.0	450.28449312232044	501.19591490698923	0.0	458.63427396069426	581.7043182878585	0.0	455.2049312008314	590.3955835694929	0.0	449.90157797814766	592.652354882181	0.0	460.9469861497562	596.2320817418304	0.0	458.5326855110611	304.3629801351215	0.0	451.0746727712225	258.8222991169036	0.0	453.9390859947585	284.8922752246591	0.0	493.9362273641972	321.1483771087861	0.0	523.0864019343672	362.69020446530897	0.0	493.44041679335874	344.9874336943331	0.0	431.8175010764179	330.9317123486514	0.0	422.8004232100408	389.16127342467513	0.0	405.365835875811	425.1463494530972	0.0
322	5.366666666666666	465.1229342938571	416.91246265292597	0.0	478.4159706466859	416.93646453917955	0.0	476.8833137560524	497.1554620164553	0.0	493.2028011178559	572.190687302147	0.0	473.6560393229298	584.6349685856262	0.0	477.0563652861748	582.8581622864594	0.0	500.2541851391495	583.6403710972762	0.0	452.1064335389521	418.08734186310795	0.0	450.69375976004187	501.2804544501078	0.0	458.9258977188887	581.902599320843	0.0	449.8801293162732	590.9504517174091	0.0	449.42642212642284	592.9758822793794	0.0	461.63428920998365	595.8057458658737	0.0	459.51037308059233	304.67275378202055	0.0	451.61674733623335	258.9439385876998	0.0	454.4943526705043	285.3667210564963	0.0	494.7017543166386	321.281916578755	0.0	524.8430107223985	361.6810797633804	0.0	496.8469229059213	343.55068606308487	0.0	433.4628764202877	331.3294900020063	0.0	424.28595320996465	389.4258575642743	0.0	404.9901319022021	425.5016118939152	0.0
323	5.383333333333333	465.5264562601246	417.0730969888032	0.0	478.9989248218608	417.24374668694526	0.0	477.159581467766	496.7069123264583	0.0	494.2296689968799	572.1429299301378	0.0	473.5989213451059	585.0350085827997	0.0	476.91884928014144	582.8580907412709	0.0	501.71974613331497	583.491488561883	0.0	453.04004881879797	418.187592822464	0.0	450.86694767031565	501.1133622041548	0.0	459.1913903493174	581.774984520071	0.0	449.6685913410287	591.2927280751339	0.0	449.29090056384763	593.3030577749927	0.0	461.9988884086316	595.4152561411748	0.0	460.4099076373412	304.9107190326686	0.0	452.3446924117045	259.2222372208767	0.0	455.27189991003996	285.57713224311857	0.0	495.56322068781043	321.30412085750766	0.0	526.296797446143	361.022945313383	0.0	499.09180777759207	343.3417636213929	0.0	435.40251628076726	331.85218744449503	0.0	425.1951774229139	389.86892236330266	0.0	404.8936128581298	425.3192144815946	0.0
324	5.4	466.2063978262245	417.267288703552	0.0	479.2600636043236	417.3738685268962	0.0	477.14895997132635	495.90838176417174	0.0	494.11483030263105	572.0449766873109	0.0	473.6818107404523	585.2031747678467	0.0	477.01851240316654	582.8998997390065	0.0	501.77197927568494	583.7817923325008	0.0	454.2362505274473	418.22218839127845	0.0	451.0118520470719	500.7833022982086	0.0	459.37134890338376	581.8239870345785	0.0	449.7938849554188	591.9145041729591	0.0	449.1179104617619	593.673452469686	0.0	462.19822453427315	595.419707674794	0.0	461.61455408996994	305.43329804987565	0.0	452.6295287994805	259.4940121368959	0.0	455.9137591508395	285.8440642154361	0.0	496.35069921337123	321.4371783943213	0.0	527.10784072346	360.2632144349891	0.0	501.11756054860183	342.05569053957373	0.0	437.23687518076224	332.3117084202304	0.0	426.36412183379053	390.3659450080269	0.0	404.64566869580636	426.0732356481116	0.0
325	5.416666666666667	466.946627351293	417.2480533378539	0.0	479.4966981265258	417.33081823374613	0.0	476.8266649966545	494.7159313123719	0.0	494.20712017993765	571.8001314226124	0.0	473.7979331659179	585.137935613831	0.0	477.07696508816167	582.8626426632836	0.0	501.5473542189049	584.5950608773765	0.0	455.0501727825029	418.2940410928824	0.0	451.2146577987178	500.5141648860198	0.0	459.60413193847626	581.7987874693497	0.0	447.6480007210415	592.1263124398297	0.0	448.6877683262081	594.0688484239411	0.0	462.42662877423174	594.9720372959085	0.0	462.47122793726265	305.5181965606149	0.0	453.3190247795452	259.5656481887101	0.0	456.16625150492285	286.1439163216141	0.0	497.0321289188229	321.07297489730666	0.0	527.4969915917055	358.4330799984787	0.0	500.72772373639924	339.7472459366217	0.0	439.139442480773	332.71021131589725	0.0	427.2480338100558	391.01089528996283	0.0	404.6178707845136	426.68702289743493	0.0
326	5.433333333333334	467.57009717780045	417.0645329709649	0.0	479.95826215885916	417.15011608976914	0.0	476.58064747051367	494.16720434381483	0.0	494.24642030305904	571.9574091954246	0.0	473.90065219214466	584.9240133239898	0.0	476.8756388205015	582.8063080991276	0.0	501.45616551695593	584.973547142882	0.0	455.73635043162585	418.1747319160501	0.0	451.49092661241707	499.8291184148874	0.0	460.0780219229151	581.6519309615496	0.0	446.83382973433504	592.7668937987708	0.0	448.8400441780494	594.1451712751461	0.0	462.9496806292998	594.6025415194189	0.0	463.5625470284323	305.5448049797536	0.0	453.9053378389964	259.6080659877875	0.0	456.2669031220994	286.17353144176843	0.0	497.4560625692464	320.8947193396369	0.0	528.080465333273	357.063118477199	0.0	501.72623550397856	339.5624968438014	0.0	440.42888523692704	333.1268315666931	0.0	428.43566468153955	391.085664499056	0.0	404.6355493047385	427.0305530768576	0.0
327	5.45	468.3516529526442	416.1504556685107	0.0	480.30906214128936	416.1151522629983	0.0	476.1052254269756	493.8073481063277	0.0	494.4400778338927	572.301752966832	0.0	474.12901685949515	585.066614181864	0.0	476.1984397178106	582.9581398835852	0.0	501.31939720755486	585.5485041967888	0.0	457.0474089694258	417.2006705476226	0.0	451.32670451395757	499.2078230518526	0.0	460.36343918980623	581.7265570307334	0.0	446.004453554688	593.6473099053223	0.0	448.29651301379306	594.8088704448005	0.0	463.714302515992	594.8212187919128	0.0	464.4013534885784	305.37353398153175	0.0	454.29606593810564	259.2856820957418	0.0	456.5452203400908	285.65133811549845	0.0	497.41288486457796	320.2622060991938	0.0	528.1104426920288	353.20502833958506	0.0	502.8995575052959	338.75771958697817	0.0	442.28012363266254	332.7693622488513	0.0	429.80953870993307	391.00076896675625	0.0	404.49326035335275	428.36073589743853	0.0
328	5.466666666666667	468.97625325001866	415.06830084823184	0.0	480.8404556243166	414.09520565019864	0.0	475.4658633149619	493.92149978836267	0.0	494.49397363153633	572.3736887547336	0.0	474.519964464665	585.7797472898153	0.0	475.86647223881727	582.9876841716471	0.0	501.41462671615477	586.0476287910033	0.0	458.25029563410135	415.20635082336975	0.0	451.1476775045804	498.88772747936355	0.0	460.46184524958966	580.9904628005931	0.0	445.6363919429157	593.6593238217216	0.0	448.3793735450088	595.0322564396524	0.0	464.35683555482774	594.1516714442316	0.0	465.08577583688657	304.960446285853	0.0	455.32608650035684	258.94244335424787	0.0	457.1185262207093	285.06647705611726	0.0	497.795012723155	319.38044619741174	0.0	528.4133474442231	351.5004678770897	0.0	506.12718046393195	336.2879991463676	0.0	443.5386616648732	332.72435266714984	0.0	431.58917349594753	390.9418982038982	0.0	404.5277681269976	429.5365877589188	0.0
329	5.483333333333333	469.6207818347229	414.64695480482726	0.0	481.4075488481087	413.5409766376156	0.0	474.9523493198912	493.92854125662154	0.0	494.68802394884017	572.181750939108	0.0	474.84894841547714	585.7425613233112	0.0	475.36141003867886	582.8829375655507	0.0	501.8736654265696	586.105955404733	0.0	459.3952556253496	414.60305910234734	0.0	450.5802904879498	498.7039718874149	0.0	460.52752373906833	579.8448321159793	0.0	445.0701918609619	594.1727578539023	0.0	448.01251959230024	594.9526299219239	0.0	464.99102946811206	593.1733570570376	0.0	466.1856330998971	304.4903629519696	0.0	456.0176975093622	258.17159825998027	0.0	457.75413457798874	284.21037837772224	0.0	498.03832000175737	318.5005457933978	0.0	528.6712404503913	350.1025975661045	0.0	505.4077177277607	334.83619854821586	0.0	444.71741683147866	332.260726012212	0.0	433.2910398096941	390.2329915069966	0.0	405.1220838666899	429.49252151687017	0.0
330	5.5	470.44128558848445	414.0891734205123	0.0	481.72640836307494	412.86230583837977	0.0	475.03356543492794	493.8656241274345	0.0	495.17793521287444	572.144797196046	0.0	474.92813238816296	585.7750957762812	0.0	475.3494596773424	582.8325252996915	0.0	502.0147976189395	585.9523752592845	0.0	460.2783851879922	413.5775193412926	0.0	449.9718864648245	498.7330188360736	0.0	460.7333134974277	579.0576553964191	0.0	444.34047324031656	594.5535509249067	0.0	447.4075767597958	595.212152152195	0.0	465.8208582172447	592.0234138092262	0.0	467.06921175195873	303.5161534947991	0.0	456.8805470494156	257.6142222694503	0.0	458.5297937870262	283.46905225230705	0.0	498.6832651790644	317.4190288429004	0.0	529.1180981877892	347.89392773160023	0.0	505.4576901866983	332.68603475545046	0.0	446.15499674698697	331.5494360004077	0.0	434.823365976853	389.73278888052823	0.0	406.7100763795047	429.5765578119647	0.0
331	5.516666666666667	471.1858809905139	413.81860888213373	0.0	482.0176131391506	412.1641721509989	0.0	475.51730947376495	494.13849426534904	0.0	495.15339722601743	571.9855606420333	0.0	475.07019313008226	585.7807429271189	0.0	475.5859216782729	582.7203939149083	0.0	501.95944505462376	586.0755205970364	0.0	461.0008243112173	413.2147999135878	0.0	449.5918961171462	498.9633179472843	0.0	460.5930176035508	577.818560439648	0.0	443.65797723432837	595.6740832283486	0.0	447.07704751004457	596.1951473526179	0.0	466.6266744800447	590.3868063033583	0.0	467.88147641002286	302.72092089127756	0.0	457.730326800163	257.1172423165211	0.0	458.9555513324095	282.8882696176223	0.0	499.10089362198556	316.1380818545451	0.0	529.1673429987786	345.5307552186281	0.0	506.0951047656707	330.9114889502165	0.0	447.4029177967741	330.62515275310955	0.0	436.58237041420466	388.5102125308439	0.0	409.03820449875207	429.2132056797766	0.0
332	5.533333333333333	471.5128787938147	413.9277630438387	0.0	482.3088518133584	412.23658791889665	0.0	476.02518482757495	494.2183662050128	0.0	495.29414099179394	571.854693206277	0.0	475.057452483904	586.2179039507247	0.0	475.8611489984132	583.1338036559423	0.0	502.07590989220523	586.0345534373287	0.0	461.3416298952747	413.2707052223459	0.0	448.52438661358946	499.2505963452262	0.0	461.1336300034772	577.0304724300909	0.0	444.15927498981034	597.113197423476	0.0	447.59312284314973	597.1964203269902	0.0	467.46641457102544	590.1479730852669	0.0	468.7094039555071	302.5160092289858	0.0	458.99030021476204	256.48730657259745	0.0	459.86014437586874	282.86683175590565	0.0	499.5176623959852	314.998731055644	0.0	529.3419515123975	342.4140726869966	0.0	505.6395283520868	329.9617535255572	0.0	448.2195983703211	329.9497958767722	0.0	437.94633472022474	387.06681278729195	0.0	411.0002444737338	429.1071087772982	0.0
333	5.55	471.69332753592954	413.76710704617335	0.0	482.48626025673286	411.9805348718823	0.0	476.64824408750883	494.24458416065625	0.0	495.11638626908723	572.1238651012798	0.0	475.3073756190133	586.5472898372441	0.0	475.7752093074593	583.2714593138228	0.0	501.81805050460343	586.2473584741939	0.0	461.91252613964474	412.6074485529805	0.0	447.41240835695794	499.44971019829325	0.0	461.4178391336342	574.6964921779022	0.0	444.2258051918297	597.4384857928297	0.0	448.30975209285646	597.432515183535	0.0	468.19988712282543	588.300428949242	0.0	469.37978902358026	302.2954225118798	0.0	459.7192194967613	255.90308854782074	0.0	461.004166118105	282.6302903721355	0.0	500.0117964337471	313.80860287105526	0.0	528.7785661954648	340.88149432900815	0.0	508.4638290509431	331.2054213896417	0.0	448.95441046954625	329.1813366055842	0.0	439.2572780945373	386.57392597688073	0.0	412.44151982117967	429.4753343662499	0.0
334	5.566666666666666	472.0815972623268	413.5462098938512	0.0	482.8549001071074	411.3427537470992	0.0	477.9503028117016	494.8646641036003	0.0	495.3640428227879	572.2044023904842	0.0	474.8416975829804	587.2413153826312	0.0	475.28570182662463	583.4879964339234	0.0	501.80195959979994	586.7557489596754	0.0	461.85308723653986	411.8849420506797	0.0	446.50551243521164	499.59433303874675	0.0	462.2179520356842	573.8363292589045	0.0	443.6162422664589	597.8221984441259	0.0	448.59568880644366	597.7367691721763	0.0	469.1590774395013	587.3569124629294	0.0	469.82391296381354	301.7210516119281	0.0	460.15962785578324	255.46596949642947	0.0	461.51894035434293	282.59173158123656	0.0	500.1681600002034	313.0219826634222	0.0	529.172786743939	337.62059452973824	0.0	506.8164359144771	329.1397543438439	0.0	449.77515894217584	328.11656932020975	0.0	440.5795022255784	386.14153420725734	0.0	413.73954329791206	431.7528853304933	0.0
335	5.583333333333333	472.8331433803361	413.28376534566075	0.0	483.2782906666898	411.0191189946918	0.0	478.5398088004013	495.3639657719777	0.0	495.4173917710169	572.3315147476818	0.0	473.8043435987131	587.8322833030726	0.0	475.1181334716664	583.6575544154317	0.0	502.0523070352641	587.1175554156027	0.0	462.542342877772	411.48808489485685	0.0	446.05280158050243	499.7193756755811	0.0	463.5135781033318	571.8674364738512	0.0	443.7528386085921	597.947005368464	0.0	449.54868204997194	597.72713107305	0.0	471.00994346246966	585.618926878684	0.0	470.59250004784184	301.2588487970115	0.0	460.9318933394677	254.9651988526312	0.0	461.86317890363375	282.69034279765435	0.0	500.6317168318273	312.13179067120683	0.0	529.8666213493043	335.41418667021907	0.0	503.1431280823858	326.40882415150463	0.0	450.5856525480839	327.5135997296384	0.0	441.3920417230588	385.38622378530755	0.0	415.5133173764476	432.5119592217054	0.0
336	5.6	473.627997682117	413.0180615169336	0.0	484.4768760402832	410.8218009306165	0.0	479.25526325922283	495.73353942472835	0.0	496.0841828749877	572.7095174765227	0.0	472.96190377867345	587.8430445842098	0.0	475.39729927388385	583.6035527077648	0.0	502.3591750932659	587.2523504189752	0.0	463.3243986814804	410.97943782018115	0.0	446.01257056596177	499.5969771353492	0.0	464.86130018944453	571.3573689305479	0.0	444.43268973516365	598.0087065469154	0.0	450.58666481957295	597.3372610739316	0.0	472.91989924218393	583.8137129260051	0.0	471.3940324774002	301.01499874778716	0.0	461.7771060083083	254.70480218854038	0.0	461.8795282647621	282.95964770870586	0.0	501.4285775141027	311.8333765834385	0.0	530.098232314161	333.5022774927749	0.0	502.6777610689503	322.9800379787872	0.0	451.90626432124265	326.78715863467204	0.0	442.7070317704659	385.0496608598753	0.0	416.92655546749006	432.82894711870284	0.0
337	5.616666666666666	474.6226897927145	412.37278441993817	0.0	485.652217092599	410.47091068264285	0.0	479.8588946256203	495.9774015792334	0.0	496.7661464439133	573.3981920848245	0.0	471.56049189606415	587.7024183451308	0.0	475.34178934017655	583.2727727106871	0.0	502.9687478581279	587.184032225495	0.0	464.3494334299134	410.9615055609152	0.0	445.0422474161609	499.49034716867027	0.0	466.021903705047	570.8917121121149	0.0	445.3056351560765	597.4276803361106	0.0	449.75651693729304	596.6214697023088	0.0	474.66107950789683	582.4294478337109	0.0	472.3668194814319	300.5760475663876	0.0	462.7487454288189	253.97623136455076	0.0	461.70984061034386	283.3181494119243	0.0	501.9011735289042	311.07721961913035	0.0	530.229867900457	331.1487408107124	0.0	502.50339138461993	308.89584235854187	0.0	453.4379534140504	325.6220812344634	0.0	444.2542411816873	384.04440756423685	0.0	418.4750889305451	433.5935864242373	0.0
338	5.633333333333333	475.19422473743	412.36815166160454	0.0	486.5852306042532	410.24584749231053	0.0	480.4581367056672	496.365897097059	0.0	497.21668851970287	574.1317578739781	0.0	471.382088312389	587.6950521640103	0.0	475.71900425414833	583.1319782728525	0.0	503.52314979613925	587.3006595924031	0.0	465.2897999849941	410.8028298817403	0.0	444.7614917161105	499.5532197607894	0.0	467.5740475276043	570.5452416184721	0.0	446.09377397941347	597.2933212048807	0.0	449.26039101921214	596.2986697032874	0.0	476.778717695831	581.3935113956177	0.0	472.86763132951376	300.63328896776386	0.0	463.30189480276357	253.55116339423995	0.0	461.76916251531054	283.49657380390676	0.0	502.3164110216432	310.2191373378503	0.0	530.2495476247645	329.52075701350157	0.0	501.68129037992753	303.3431388891637	0.0	454.46179568350914	324.7775525576669	0.0	445.76896986489936	382.7940668133288	0.0	421.5484061043041	433.105610257946	0.0
339	5.65	475.97757750939326	411.8278033929763	0.0	486.9245658756979	409.8824288185877	0.0	481.29184829570954	496.6979217323599	0.0	497.4781116655112	574.5116305234359	0.0	472.050101630535	588.1905244609736	0.0	476.14864127775803	583.4261613075312	0.0	503.8727120767183	587.4609972447594	0.0	465.7346321011063	410.5162609060699	0.0	445.13143986918175	499.3701964936899	0.0	469.1220813757892	570.330816824759	0.0	446.6339576587304	596.740910904233	0.0	449.68787590928895	596.0394885204147	0.0	478.35542297617525	580.6619726276525	0.0	473.32349469912054	300.79144556696906	0.0	463.79163661364953	253.49240413842426	0.0	462.0243382728687	283.6087034669275	0.0	502.89562008775783	309.7313979696918	0.0	530.2605646089856	327.90600537686527	0.0	501.85811778583286	299.80040842089295	0.0	455.4824628554295	324.51988706947407	0.0	446.95072497640734	382.122330533884	0.0	424.05153532710284	432.24059240211	0.0
340	5.666666666666667	476.2349555449425	411.579607773865	0.0	487.11125623776707	408.94262893098335	0.0	481.85865147734535	496.8598759754847	0.0	497.3315571381198	574.6050032121364	0.0	471.26324599672	588.651763629362	0.0	476.1056376869044	583.6984192124594	0.0	503.8678529787837	587.4331823793264	0.0	465.9268249795734	410.0162380677052	0.0	445.33271158379887	498.50900665386484	0.0	470.35093458201857	569.7703479578867	0.0	446.9413384374194	596.4316979015889	0.0	449.89836535348843	595.7269896653596	0.0	480.09158216653884	580.0304969145441	0.0	473.9938413311426	300.54709257005544	0.0	464.09827106022544	253.1715068851781	0.0	462.4543808136843	283.48991076304424	0.0	503.3447799565317	309.0336027635977	0.0	530.2122298144521	326.6331709348997	0.0	502.3314646350649	298.75387372777084	0.0	456.1470286774738	324.7208449412064	0.0	448.71971407312117	381.8408264734796	0.0	427.0423225328101	432.4402439627385	0.0
341	5.683333333333334	476.9419959826879	411.55502295528925	0.0	487.4635941359355	409.1495215415191	0.0	482.1107653944431	496.9005979619329	0.0	497.43168542132423	574.4594697396726	0.0	471.32626105236955	588.8746220250938	0.0	476.05476130757893	583.7267423098465	0.0	503.80574944486716	587.358609056165	0.0	466.623823486525	410.259951902038	0.0	445.880698204515	498.2267995613762	0.0	471.23776487685745	569.0877371260591	0.0	447.9380672206678	596.0923117780877	0.0	450.7727230245196	595.4819214648792	0.0	481.53667981790716	579.4099057467188	0.0	474.7654997981722	300.5185947771338	0.0	464.4450075407425	252.93698808494392	0.0	462.78097180419275	283.31272415398365	0.0	503.3927804483554	308.97647070247115	0.0	530.1870341228631	326.2609632439011	0.0	503.2192935160746	296.5558706027133	0.0	456.4863089933503	324.0741653519749	0.0	450.09678086934997	381.4056735664052	0.0	429.4270051159324	432.3468122412748	0.0
342	5.7	477.30367382033074	411.26488528411875	0.0	487.79415700133717	408.546473163967	0.0	482.17972040819734	496.9134362252846	0.0	497.3315445246717	574.3186072837877	0.0	469.8144990018075	588.8859683571842	0.0	476.39529811183394	583.5466704039729	0.0	503.7726912551067	587.3556003474666	0.0	467.0213787471295	409.6984506610431	0.0	446.4760879627793	498.20516730092237	0.0	472.1829962050564	568.9109445721089	0.0	448.46521376359317	595.9764433518661	0.0	450.91010534001026	595.3366726360971	0.0	482.5749395850152	579.595856583855	0.0	475.22390982313675	300.2044422706809	0.0	464.70983911118367	252.309968747661	0.0	463.2994283498626	282.61769728736215	0.0	503.8235331391623	308.864203711418	0.0	530.2318265632307	326.0009966649443	0.0	504.32177358071937	295.22156885314337	0.0	457.7530255290181	323.3516255519495	0.0	452.0310763634731	381.2983534954764	0.0	431.4365381804604	432.4264766655392	0.0
343	5.716666666666667	477.3587891389708	410.9714726388446	0.0	487.9302677210767	408.4841239766698	0.0	482.3679539828395	496.9176056020652	0.0	497.1301985647254	574.0892564418047	0.0	468.5275555721905	588.6797847858918	0.0	476.6697138815015	582.0865799275875	0.0	503.75190587718987	586.8309522173579	0.0	467.5096375445281	409.6379650188027	0.0	447.16200649955704	498.4264720745589	0.0	473.2237865735007	569.6799815639838	0.0	448.79385302111865	595.9474290031993	0.0	451.2396616770623	595.3602834277509	0.0	483.72763277663415	579.1778376366901	0.0	475.65423152900007	299.6751939678298	0.0	464.82754469237807	251.547473710579	0.0	462.9156661490507	281.6891221790672	0.0	504.3919050856467	309.1416272080941	0.0	530.3736759019409	325.5811831822086	0.0	505.9145489754749	295.08681202339733	0.0	458.2585657071131	322.87565687006736	0.0	453.60782117142617	380.78547394635314	0.0	435.00444559668387	432.20454291580194	0.0
344	5.733333333333333	477.6363251684402	411.1012773085595	0.0	488.0613230800197	408.38583367151125	0.0	482.34846780316303	496.83878908391904	0.0	497.18942930221306	574.1203042475111	0.0	468.79738274480906	588.7014600134444	0.0	477.63176329046274	581.350071330184	0.0	503.67438954744165	586.6347128546537	0.0	468.3292657537901	409.5432413380182	0.0	448.70464018535426	498.3244496515679	0.0	474.1112516215515	569.9593760488365	0.0	448.66525972858665	595.9489640095749	0.0	451.8738464966294	595.6508270227796	0.0	485.1205812208508	579.7654691943371	0.0	475.8837442749592	299.1700046213491	0.0	465.416212268829	251.26494431006086	0.0	462.7947143663552	280.8903518074443	0.0	504.658586010472	308.94105500434085	0.0	529.876186783052	324.892050409336	0.0	506.91199362858634	294.1750394624418	0.0	459.02313689159286	322.4037063642521	0.0	455.5143067797998	380.5019417997004	0.0	437.05711619635207	431.8355882065733	0.0
345	5.75	478.10590975349135	410.91094832881214	0.0	488.1423910736395	408.4466186038658	0.0	482.12797531121544	496.46935558057817	0.0	497.165009921221	573.7395543335319	0.0	468.8074879608111	588.5447144884984	0.0	478.02744868522825	580.6718454047232	0.0	503.6714695603407	586.4533848775658	0.0	469.3392423266522	409.58629948002874	0.0	450.0271110708631	497.5149754081003	0.0	475.20566606283836	570.9594501202661	0.0	448.6024544197606	595.9558914884238	0.0	452.00635011365534	595.8626204415226	0.0	486.20874130392417	580.9168839856898	0.0	475.99356240273806	298.66178953464333	0.0	465.833516738088	251.02380059251732	0.0	463.48703985088923	280.3921395839779	0.0	504.2919584820671	308.66193739764685	0.0	529.3294442192844	324.3724510666471	0.0	507.1407462796969	292.436061634258	0.0	459.5350395249885	321.4254442249058	0.0	456.67347287911593	380.017918099088	0.0	439.33282137934947	431.66475183187043	0.0
346	5.766666666666667	478.33219137986856	410.6519272205318	0.0	488.27027114453836	407.8627897980489	0.0	481.90880753299757	496.061597938791	0.0	497.01078801195195	573.893979383789	0.0	468.7307471358696	588.686755062334	0.0	478.44898051152643	580.3868818831652	0.0	503.65918997683326	586.3340596803248	0.0	469.6915482850828	409.0104356539832	0.0	451.5391538047717	496.7689590800372	0.0	476.0342490992968	571.6960077728282	0.0	448.7780845042001	595.9137121325818	0.0	452.2836034314161	596.165548707225	0.0	486.46688188184595	581.6927223638985	0.0	476.1787530803632	298.4704573951012	0.0	465.7302644367058	250.613408296665	0.0	463.8101567906466	279.9882932005201	0.0	503.8718060209835	308.4097806473966	0.0	528.5578992760876	323.94754359056805	0.0	507.2597819295303	290.5894158075725	0.0	459.8004885912484	320.85266608416845	0.0	458.1012562277017	378.95810181626524	0.0	443.0001909552492	431.6168741825576	0.0
347	5.783333333333333	478.64519113376787	410.2800862860664	0.0	488.4815947540678	407.3935241867221	0.0	481.92395107026005	495.28041566051536	0.0	497.10002052331515	573.8082413988259	0.0	469.2129946551002	589.1550251704532	0.0	476.93280252234104	581.2160270444549	0.0	503.6114513114434	586.4151385333048	0.0	470.4620625111629	408.556278757694	0.0	453.36096287271357	496.2877749346908	0.0	477.3130650377515	572.8601723895065	0.0	448.95885532927554	595.9354534664591	0.0	452.8580769051367	596.8652210154328	0.0	487.2421597209367	583.1551960100114	0.0	476.33815165450903	298.221550756786	0.0	466.206271430286	250.25597225933387	0.0	464.06289569892294	279.3523982378768	0.0	504.0050133765739	308.23236358393024	0.0	528.4369570321971	323.279820295996	0.0	507.92457962040146	290.2052107875358	0.0	460.0094564754509	320.27272359177346	0.0	459.9365702997823	378.33804396515734	0.0	444.9565175857991	431.6431312166915	0.0
348	5.8	479.3637647300399	409.95711408159383	0.0	488.7517406661043	406.9526518761811	0.0	481.8412521428868	494.81200131062116	0.0	497.20665429953453	574.1690525938285	0.0	469.6840288967895	589.2273387085945	0.0	474.66942759230903	581.803895329799	0.0	503.7113783908651	586.689276526854	0.0	471.6297709082098	408.1913689042801	0.0	454.3049937903293	496.28813465011865	0.0	478.1374641748106	574.2308260818111	0.0	449.47859282814244	595.9862645835058	0.0	453.13222584942713	597.5475767268676	0.0	487.986989567475	585.7136989222678	0.0	476.41711394930786	297.8705400526678	0.0	466.0509210994356	250.02328937190345	0.0	464.6869189001631	279.1016427359437	0.0	504.1523162522585	308.1407731798073	0.0	528.1692434374256	322.7358555436443	0.0	507.79833024160934	288.9588839038507	0.0	460.68383268056664	320.0898702895635	0.0	461.34972223533896	377.7853478636523	0.0	447.3423818307032	431.64297709467786	0.0
349	5.816666666666666	480.0106234318227	409.6354570533587	0.0	489.164277626937	406.011300703175	0.0	482.0411080169267	493.98736264376527	0.0	497.1273104962455	574.1007785487358	0.0	469.54242169822436	589.3938850399223	0.0	474.1688257162344	581.792353499519	0.0	504.14785202380324	586.6900839393951	0.0	471.84857583700125	407.7246939041363	0.0	456.51867358391655	495.94951627925457	0.0	478.7631527828982	575.1934656270406	0.0	449.7060648827436	596.0233448467293	0.0	453.685990526511	598.3372463899085	0.0	488.1164316102223	587.3798599756825	0.0	476.448589413742	297.921545069247	0.0	466.4166374945704	249.8863284785241	0.0	465.1845270704531	278.88051912900994	0.0	503.16996471231033	308.0057083138122	0.0	526.2451014452436	322.47191766328535	0.0	507.36649448967177	287.0460236987468	0.0	461.3014063180478	319.9450884660433	0.0	463.59392381388466	376.84400464454257	0.0	449.1610523567474	430.57904853085347	0.0
350	5.833333333333333	480.69669992352533	409.3230996795212	0.0	489.3943367101406	404.60376855476665	0.0	482.7363645171131	493.41733841785253	0.0	497.4447537667688	573.9437887577469	0.0	469.598080933834	588.7015057390589	0.0	473.8499803373057	581.3060380582095	0.0	504.4646547454729	586.5106522909995	0.0	472.5488394003396	406.73494259009647	0.0	458.541692286067	495.65346573786405	0.0	479.52672867389845	576.0630821313736	0.0	450.3544598197532	595.9964458701181	0.0	454.38993380517275	598.6217065783317	0.0	488.7484728288945	588.3938787881995	0.0	476.47689335810605	297.6933938905056	0.0	466.189893312932	249.96500213577772	0.0	464.6090879358698	278.5992576908892	0.0	502.7685726551141	308.0535982278848	0.0	524.5901482182625	322.22077116649785	0.0	507.4681046788153	285.05160248368963	0.0	461.9999248630745	319.72243327685896	0.0	465.0193787391116	375.78077285597135	0.0	451.0576698236778	430.1298369117585	0.0
351	5.85	481.02752317961017	408.67819574843054	0.0	489.48239650736616	403.17737409030957	0.0	483.2687296744504	493.1746537523277	0.0	497.5992109821258	573.8764444270059	0.0	469.571476289335	588.103063662951	0.0	474.0122112084802	580.0496103701954	0.0	504.6760884486271	586.2848565861166	0.0	473.1969387365417	405.0348021764132	0.0	461.36624014727767	495.5320002624836	0.0	480.20159045184795	577.132842791447	0.0	451.2717537059599	596.0124101778233	0.0	454.94343200076395	598.7625486023176	0.0	488.4951672990578	589.4784585143399	0.0	476.37341572182726	297.40665565111374	0.0	466.0842515172649	249.98676355226686	0.0	464.808110498102	278.63185090679315	0.0	502.1693781895697	307.4283477530163	0.0	522.9766281702862	322.3598719889536	0.0	507.60396335279205	286.0596284049141	0.0	462.1898738296894	319.4642464602674	0.0	466.7379006365236	374.76438421026944	0.0	452.8295908810156	430.1446467263418	0.0
352	5.866666666666666	481.7654747774371	407.9973606034679	0.0	489.42551982865973	401.5816055596226	0.0	483.54516911159027	492.5068045257934	0.0	497.57808154145584	573.9045736735202	0.0	469.18517028165087	588.4134677441132	0.0	473.88413117169256	579.7802662327991	0.0	504.78587859469974	586.2329221298296	0.0	473.998527808612	404.0968471628529	0.0	463.4257027934392	495.1591835978978	0.0	481.11193201072064	577.9226973482905	0.0	451.11127069595364	596.0807102385573	0.0	455.14512104837684	598.8521648515699	0.0	489.3603482831107	590.0789472735825	0.0	476.1598395972846	297.5093754860721	0.0	465.43001957611096	250.19415794660026	0.0	463.8012522930897	279.01377161807955	0.0	500.978791444746	307.56344292202857	0.0	521.2340703610921	322.21988059643405	0.0	507.66785819526575	284.59201032900125	0.0	463.8391722109871	319.318282983018	0.0	468.14669763938247	374.43347486281573	0.0	455.1880399917744	429.02555344682276	0.0
353	5.883333333333333	482.1130094159215	407.58603032048165	0.0	489.59148180626437	400.7160605710517	0.0	483.8394799163615	492.4163519701051	0.0	497.5031313166561	574.3295740783803	0.0	467.7401750250799	588.8795979907685	0.0	472.9044096309467	580.3047548198934	0.0	505.0795142002724	586.2930621030583	0.0	474.4338767919415	403.6167352846722	0.0	465.5998439833632	495.4621726679687	0.0	482.06071113369694	578.8145447071288	0.0	450.9825251499412	596.2037761971997	0.0	455.0931454919213	598.736874027438	0.0	490.31308368001095	591.084374264405	0.0	475.9994008883341	297.7255890289987	0.0	465.1004832819686	249.87546690688256	0.0	462.9000566952276	278.72742675400815	0.0	500.4902958490357	308.0088108745741	0.0	518.8897274030493	322.1436098777683	0.0	508.5053121947798	283.9176095791801	0.0	463.9002431258737	319.33955798825826	0.0	469.1921613889821	374.0325932246756	0.0	456.3011710760739	428.34635336247607	0.0
354	5.9	482.17080581645354	407.4691388311059	0.0	488.92070779418975	400.55183883090393	0.0	483.927340169838	492.3025420885426	0.0	497.4188041911707	574.7868667074549	0.0	467.2414261458325	589.0895357426906	0.0	472.50056814393787	580.7137671166919	0.0	505.2189391549683	586.3120567655304	0.0	474.5294741999181	403.486741723514	0.0	467.411500686128	495.5167985006715	0.0	482.22240125610176	579.3527672715779	0.0	451.2974983340462	596.2259065849894	0.0	455.6300428740574	598.5743062744876	0.0	490.48152538779846	591.1663613900976	0.0	475.6964601832352	297.51232642084636	0.0	464.38857687534784	250.50294741572793	0.0	459.9868943451062	279.35015977201857	0.0	499.45094470668096	308.62450196769936	0.0	517.4983128304909	321.7285008288544	0.0	509.0868456382567	285.99322039489186	0.0	464.3684275370936	319.60878344544903	0.0	470.2982823435301	373.762028717477	0.0	457.92931849568964	427.6431511735113	0.0
355	5.916666666666667	482.26066319353913	407.2430080527819	0.0	488.82668572316106	399.82627830471034	0.0	484.0786682658794	492.5564335001834	0.0	497.16936749165757	575.0706299436588	0.0	464.30723129004684	588.7264763562182	0.0	474.04802847093134	580.5851296501821	0.0	505.55091868443105	586.101916706107	0.0	475.3127535042291	402.84753492563635	0.0	470.1794410323114	495.84946388008984	0.0	483.48775816203965	579.8706580688797	0.0	451.4195188149999	596.2257133733841	0.0	458.0964444824913	598.3822190262622	0.0	491.59330342432	591.3312824460731	0.0	475.5083058429864	297.74173697444803	0.0	462.47500147599715	251.09895580141145	0.0	457.20712823953625	279.7160454471567	0.0	498.75865830174564	308.44166541993076	0.0	514.6311073560706	323.17617093955	0.0	508.3207515193078	287.7605111991353	0.0	464.94043388912826	319.44653549227814	0.0	471.3508328495249	372.6302764374829	0.0	459.17002014219906	424.580295924656	0.0
356	5.933333333333334	482.1344659010216	407.0305250488816	0.0	488.6810380441936	399.65901955916235	0.0	484.05083435684605	492.8349688490459	0.0	496.9752318182892	575.5334702629872	0.0	463.6313203259971	588.2516601112197	0.0	474.09154108591537	581.1015249567583	0.0	505.50488661600923	585.8632255023434	0.0	475.42177382889946	403.08913002362954	0.0	472.4752507142403	496.0498215322002	0.0	484.0829953149825	580.1553832523005	0.0	450.74026540860496	595.9063841370079	0.0	457.9195413042262	598.2783834236951	0.0	491.65357163910704	591.3811533559197	0.0	475.41384203932853	297.86365947199226	0.0	460.30972772179297	251.51016156982243	0.0	453.4536088864232	280.7845063770571	0.0	497.5702439421711	308.45390387896657	0.0	513.7570331579955	323.47427142070984	0.0	508.4411366144085	288.5581786936226	0.0	466.0098053839035	319.46076467282563	0.0	472.4267699305306	372.84973449584186	0.0	460.3227938165064	424.00942397534413	0.0
357	5.95	481.8181202189105	406.7162187834449	0.0	488.2107729413119	399.7760870777881	0.0	483.97273535351985	492.7577849358254	0.0	496.6014534882091	575.7041237220731	0.0	463.08165357695276	587.7599657468285	0.0	472.140476578126	582.1495391572918	0.0	505.21010711614525	585.6119859941738	0.0	476.0228001620203	403.26378508780965	0.0	474.3978359235567	495.9563440665646	0.0	484.86569804127436	580.1032048785918	0.0	450.648448969043	595.472548183534	0.0	457.5444142613838	598.1011015996562	0.0	491.96709979228666	591.3880760164275	0.0	475.36997878623436	297.9797389909312	0.0	458.1002274566641	251.57312121864032	0.0	450.8085400860308	281.10486388413113	0.0	496.4815238187542	308.77514900242096	0.0	513.2709912681511	324.46646494060485	0.0	508.5009778865547	291.1168668055683	0.0	467.26127374023696	319.59372507198356	0.0	473.1621144555247	372.91080084782476	0.0	461.5912756038795	423.6514266093162	0.0
358	5.966666666666667	481.5537188185144	406.6291275405749	0.0	487.6042006784428	400.45708494361764	0.0	483.45868981793524	492.3072351961951	0.0	496.1264338062248	576.0916554957564	0.0	462.41134777917557	586.7180771082949	0.0	464.7091433866349	582.7018727138507	0.0	505.1591558454428	585.4609639964925	0.0	476.6995264511723	403.8530799984523	0.0	476.7286920554175	495.79984657418106	0.0	487.0176959824724	579.9976075226386	0.0	451.5007718627893	595.0936254826029	0.0	457.6081830025753	597.8295766066758	0.0	495.03868552378844	590.8183521082607	0.0	475.1722038327169	297.986511308675	0.0	455.1767294955689	251.65183151911026	0.0	450.12284370885186	281.5785367740431	0.0	495.80954013665814	308.9447306766746	0.0	513.7160439215064	325.34783784468874	0.0	508.11114553986755	291.9839995397359	0.0	468.5381969807951	319.8313328731637	0.0	474.3821339261884	372.71357093344704	0.0	462.85064473610475	422.45847615260266	0.0
359	5.983333333333333	481.8165495830666	406.1894374727523	0.0	487.4975774450861	401.3377589069081	0.0	483.4864569881074	492.39592697625733	0.0	496.10146051939	576.9276041903162	0.0	462.60041991329973	586.8897860025654	0.0	464.2712504869222	583.4310148363911	0.0	505.4374692015857	585.6236621379076	0.0	477.7353456615062	404.2971906718258	0.0	478.4848339788623	496.01519353104413	0.0	488.388410614877	580.0569223952821	0.0	452.34855946577005	594.6697607989227	0.0	458.25005908088144	597.6060888547739	0.0	496.5943277365184	590.6818343935661	0.0	475.0962372734135	298.00692591697845	0.0	454.59139436248705	251.84139273417944	0.0	449.8294471910388	281.82458912894185	0.0	494.99675150905153	309.5286196582927	0.0	514.4532141203414	326.18737318382125	0.0	507.62424303620946	295.4114340160481	0.0	470.1922476470707	319.7923725417089	0.0	476.02983435907515	372.79856811220503	0.0	464.01137899832133	421.6521963452834	0.0
360	6.0	482.0795180657047	405.99745633879013	0.0	487.0343748902348	401.8045898158388	0.0	483.4560335075077	492.0573159476661	0.0	494.9696400495525	577.2886561216505	0.0	462.11401985757755	587.8046358857952	0.0	463.6553739134818	585.1169981393635	0.0	503.9022322861774	585.4909783227175	0.0	478.6278101286133	404.6066779482554	0.0	480.38425446337914	496.0226302163391	0.0	491.74027701129876	579.7883113289689	0.0	454.3090904195963	594.8877071450798	0.0	460.68769043222727	597.5777466648435	0.0	501.1190743156711	590.3299601794944	0.0	475.15487079740683	298.2535316028251	0.0	453.9084504952691	252.13073512451928	0.0	448.71227603267766	282.42326893939367	0.0	493.2845529398905	309.69620065132693	0.0	513.7847758072731	327.91352338977964	0.0	506.8228446288058	299.7156904744693	0.0	471.23564913405977	319.67747439679465	0.0	477.49298027476084	373.21053454392256	0.0	464.893567715213	421.0174795079496	0.0
361	6.016666666666667	482.23947920455043	405.8679449766264	0.0	487.2321060229929	401.9821874131032	0.0	483.759044362012	491.5454852284759	0.0	495.4545619454253	577.1127762619999	0.0	462.11311640949043	588.8984783541334	0.0	463.1875019677157	586.4280887472332	0.0	502.8661083109118	585.1720418442501	0.0	479.3278125657551	404.44399002876855	0.0	481.15010680428674	495.726208303152	0.0	492.6631923921176	579.3873576529548	0.0	456.51265389532375	595.0858104713366	0.0	463.5147614645845	597.5131470905003	0.0	502.88136764194974	589.9778434214729	0.0	475.2169711524672	298.44118207316995	0.0	451.6558057919207	253.3083695974374	0.0	447.67688205725693	283.44745490820526	0.0	493.48255020231227	308.7104614528364	0.0	513.840972736605	328.0506317084681	0.0	505.840728510628	303.6478475985082	0.0	473.3543863085496	319.06740275303775	0.0	478.6875797617643	373.65446143071154	0.0	465.4092595006156	421.11713894068566	0.0
362	6.033333333333333	482.58704078340077	405.29779344382666	0.0	487.44528275090653	402.539186082624	0.0	484.08455334069413	491.02470013670313	0.0	495.3108567435911	577.3032230622551	0.0	462.8169061064166	589.3265077754628	0.0	463.2981794166895	586.6306936460381	0.0	503.02182710744364	585.1239544844872	0.0	480.66327452506215	404.85050524919393	0.0	482.545083142112	495.4878397721706	0.0	493.9045782758327	579.4525507619467	0.0	457.9224291456596	595.113219412847	0.0	465.8527447899936	597.4479774362578	0.0	503.193951726509	590.1743516304098	0.0	475.41873457833515	298.960560872624	0.0	450.6210094858551	254.05829345955837	0.0	448.06084066303646	284.28692718499036	0.0	491.8524189268122	307.7778427329863	0.0	513.3767934145126	328.47433484289854	0.0	496.30234869346043	318.76842931960374	0.0	474.48433571934896	318.8914982313559	0.0	480.19529322254203	374.4149788532965	0.0	465.78743482467615	422.14270587150594	0.0
363	6.05	483.0127351464955	405.9401417786406	0.0	487.59902672464034	403.47575541077964	0.0	484.3230797860026	491.2118848405198	0.0	495.60827296404796	577.6937727568919	0.0	464.5260611185968	589.4214545743624	0.0	464.1632342886809	586.6485134811353	0.0	503.15209695818436	585.3018570854985	0.0	481.0929697320636	405.3150553903001	0.0	483.3243186697558	495.4488149964966	0.0	494.354764663434	579.8799674398063	0.0	460.2726769226002	595.0158502916906	0.0	467.76122186149155	597.346660268965	0.0	503.57180452997073	590.4948256995237	0.0	475.4096378068777	299.36157632215406	0.0	450.66220115097354	254.72429234416356	0.0	447.363811567987	284.66080397322366	0.0	491.7427932896977	308.0130300866297	0.0	512.5195402425987	331.72308720765193	0.0	491.4493705100586	327.4857784459328	0.0	475.8195650056514	319.2782727153891	0.0	481.53916144563703	375.01033663240906	0.0	464.9776406919579	423.5963824187173	0.0
364	6.066666666666666	483.7527578277994	406.6762458659214	0.0	487.7204693107108	404.04897373898024	0.0	484.50012013372987	491.1888209580006	0.0	495.76435945121796	577.9760735714335	0.0	465.52513230541126	590.1994740399527	0.0	465.6585353102538	587.3272563062114	0.0	502.985254972945	585.6282245690669	0.0	482.3355881354656	406.1675830829661	0.0	483.9228574974052	495.58458058066293	0.0	495.53666909199137	579.7734158135879	0.0	462.4179931828834	594.9530874459258	0.0	469.28639619650585	597.2827044417679	0.0	504.2036467883265	590.9447991591802	0.0	475.751064187104	299.87436913053597	0.0	451.0077230350427	255.05458493046996	0.0	448.0635702780599	285.7034312069974	0.0	490.4044654523466	308.3728554857003	0.0	510.96292815918775	333.9334345708349	0.0	487.7135749896013	378.1936448339146	0.0	477.6136706170487	319.1135463240672	0.0	482.8623530746381	376.0191038096717	0.0	464.6486761319403	425.41121268874133	0.0
365	6.083333333333333	484.2023634407497	407.1441045003428	0.0	487.57455245397205	405.0093952857646	0.0	484.5592928461319	490.9748685325649	0.0	495.8648615163331	578.3520748660058	0.0	466.67350928182304	590.7836343637556	0.0	466.7835790432198	587.3321091309876	0.0	503.26304372590255	585.9642672163051	0.0	483.60555170538214	407.2073466108903	0.0	483.74756036042345	495.4996433448304	0.0	496.4982730614772	580.089109583834	0.0	465.2800027824747	594.9386010862295	0.0	471.59584998774574	597.2841764155173	0.0	504.66739622527984	591.2473829894059	0.0	475.7182027438248	300.630155776402	0.0	451.5774990617528	255.75424904933692	0.0	448.21821480733286	287.09266398816504	0.0	489.8648931104865	309.348379670743	0.0	510.9171982230128	335.4888715688746	0.0	489.12530449669237	337.8230923605025	0.0	477.94959168652196	320.286518688851	0.0	484.1321372702868	377.98472863925775	0.0	464.2819519809865	426.44216953303624	0.0
366	6.1	484.38285023928086	407.87588893362624	0.0	487.5295017367151	405.8280860029166	0.0	483.9439984119992	491.4766607275567	0.0	495.9221301825001	578.5233833645176	0.0	467.1187581813374	590.8539230927644	0.0	467.02744316912356	586.9085604121728	0.0	503.22910895503395	586.5347777902239	0.0	484.6665096113396	407.6985482597015	0.0	484.553206605274	495.78691931927347	0.0	497.9152275115651	580.2617847704632	0.0	467.0075279000471	594.8773727620307	0.0	473.2430728546919	597.1657943785174	0.0	505.1284545974323	591.5610132478113	0.0	475.96424051160983	300.5513250895719	0.0	451.5813102331172	255.9413144725491	0.0	448.1707175895927	287.882774441544	0.0	489.1966812496457	310.4614298651959	0.0	510.3323619094472	335.3048202791202	0.0	487.886414071391	375.48670915170663	0.0	479.4595865680317	321.1770137688284	0.0	485.22631883399555	378.59556236918536	0.0	464.66481578088377	426.7059089977305	0.0
367	6.116666666666666	484.7920059010281	408.3428783673936	0.0	487.34750315436054	405.7581067949623	0.0	483.2751137204417	491.57745778937385	0.0	495.85263752007137	578.4694359824119	0.0	466.81788319639816	591.6316107870412	0.0	466.88572490490264	587.2322165450795	0.0	502.3075519796326	586.7553130028884	0.0	485.46199691023264	407.86848192016237	0.0	484.4698610169123	495.9976055938738	0.0	498.3446227947137	580.2821256457046	0.0	468.86617825011297	595.2529003582624	0.0	474.60946938250197	597.2491465066139	0.0	505.144861785127	591.5673068468193	0.0	476.2224447780301	301.08112359529406	0.0	452.24940319291227	256.5462493249597	0.0	448.86376251148096	289.0752732651285	0.0	487.8764852657887	312.3235335293587	0.0	507.42251699798317	335.36887653440704	0.0	480.57884301391925	404.6379161957125	0.0	480.8694465965233	321.5148008520255	0.0	486.5769712206252	378.8672117213964	0.0	465.39875555975715	427.24570218732646	0.0
368	6.133333333333333	484.89869494374625	408.53948897752093	0.0	487.1011328600349	405.81064619156786	0.0	483.0646992903708	491.9651149184711	0.0	495.683671692497	578.6193184337819	0.0	466.87937497697976	592.6686655842474	0.0	467.02232106199517	588.1813351182404	0.0	501.43312443245657	586.8185651158856	0.0	485.8958569173454	407.6723726342325	0.0	485.1924285107234	496.3920857804263	0.0	498.6899664599505	580.6225022785671	0.0	469.7937458778465	595.8098451005492	0.0	475.5028791023521	597.3610858200459	0.0	505.39565246858683	591.5930006375697	0.0	476.46285649328206	302.22717063876513	0.0	452.98328706148646	257.5332384990122	0.0	449.9400470455166	290.30892902502876	0.0	487.24774947042863	314.4540731843069	0.0	504.7443263023518	334.67591316358073	0.0	477.565662912298	408.04229872574564	0.0	482.325450699378	321.4812868947577	0.0	487.5078526885705	379.2036277832562	0.0	465.71594149733954	427.2895689658378	0.0
369	6.15	485.53988068967953	409.1182463815356	0.0	487.1472990456506	406.7225727228538	0.0	483.10372723464013	492.48975248428053	0.0	495.474039194696	578.3553383420102	0.0	467.0378605065176	593.451707380759	0.0	467.3716222822625	588.966857633451	0.0	500.95184282439766	586.4526711975811	0.0	486.86388627418677	408.3734062799341	0.0	485.68222717870105	496.2918087347057	0.0	498.8514522006561	581.0265233395414	0.0	471.10853202775684	596.4773517299227	0.0	476.7141890686039	597.3414603204776	0.0	505.7036205958987	591.4068985150682	0.0	476.58442844899184	303.230594368437	0.0	454.1925920096197	257.97857292580704	0.0	450.5789494574374	291.29098767184513	0.0	483.43078747168744	317.51296108521865	0.0	480.87836086222353	368.5005412894008	0.0	470.8215903545092	411.6824181355621	0.0	484.5728810191311	322.0889963831304	0.0	489.17211493647903	379.4288221241591	0.0	466.79570310920553	426.90340885000955	0.0
370	6.166666666666667	485.46880826261827	409.3772544761973	0.0	485.37874045665694	406.6328771074643	0.0	481.89917699670497	491.4877985506486	0.0	494.5444386489229	578.1817104895639	0.0	467.5713631312189	594.0364137075898	0.0	467.6306503756257	589.4410652328656	0.0	499.24397624120627	586.4326396617984	0.0	487.1910426529478	408.05270073166946	0.0	485.51899687497087	496.1208063374363	0.0	498.81857610539015	581.093717100006	0.0	473.3882015503458	596.8599307587729	0.0	478.314456092048	597.3959569941646	0.0	505.58283839910126	591.2895463520254	0.0	476.808361303262	304.0958211733919	0.0	454.8212648679137	257.96431697204383	0.0	450.92187337539724	292.13605472103166	0.0	478.9994159747719	318.9107489451273	0.0	474.19429610526265	369.5012737021978	0.0	464.8576808546418	412.3968873693823	0.0	486.5243582811893	322.5706138877898	0.0	490.56451314274796	379.32675630253334	0.0	467.71003565460126	427.5943852814355	0.0
371	6.183333333333334	485.4184918769447	409.9501958217619	0.0	483.9943989823531	407.1989658210449	0.0	481.34295013099893	491.3964396200388	0.0	494.66066613959276	577.8636886156861	0.0	467.83325739037207	594.1103876679488	0.0	468.14973436781435	589.525902400577	0.0	499.8871492201057	586.670658550265	0.0	487.43421377440086	408.8798414192829	0.0	485.7267021334057	496.22365494398264	0.0	498.97011772615156	581.3316119924916	0.0	473.9618372908201	597.0273941783073	0.0	477.3260635034025	597.4332675210657	0.0	505.7474447059355	591.233618053019	0.0	477.0113277925187	305.3390049948269	0.0	456.1119477531029	259.0013540680375	0.0	450.903117647042	293.26786324884995	0.0	479.50843607135744	319.4706440001701	0.0	473.94595070072296	370.27111670627454	0.0	461.58359990422827	411.3494065417127	0.0	487.481485167618	324.2328966061089	0.0	491.45328165917743	380.3588163543035	0.0	468.9843820477352	428.72295139942526	0.0
372	6.2	484.40432941306835	410.70421344186695	0.0	480.25053148574506	408.46721152630766	0.0	481.26953933505996	491.94007274093525	0.0	494.0888362809638	577.9526778523398	0.0	467.64842375961575	594.144546081877	0.0	468.1612694369727	589.5942975553943	0.0	500.1866368961645	587.0195217088217	0.0	487.5826922743789	410.0313671766504	0.0	485.92727982839017	496.37276728392084	0.0	498.48420154478765	581.3170183410762	0.0	475.3440838524822	597.218279238346	0.0	477.96981571665094	597.4741939364876	0.0	505.865233580098	591.2070295764102	0.0	476.84786584106604	306.8339464647224	0.0	457.6157588992291	260.01069011384135	0.0	451.25869317889266	293.8308912800359	0.0	475.67332856155025	321.6937871268543	0.0	471.06544718907423	371.18539091732015	0.0	458.66939005545214	413.38808672217436	0.0	489.325776120337	326.079337110657	0.0	492.7500989620248	381.8003632715199	0.0	468.84270745792435	429.74357087826075	0.0
373	6.216666666666667	483.63515408727653	411.25449903274676	0.0	476.0722587703522	409.61310018116393	0.0	480.6867962565842	493.2287133987935	0.0	493.66420388915043	577.7982679821289	0.0	467.4072541644975	594.1701735074873	0.0	468.07509685029044	589.6742217322989	0.0	500.62914040581984	587.2970436917233	0.0	487.5164009098082	410.39084598603654	0.0	486.2270090771634	496.57111082697065	0.0	498.43983068258126	581.0783340874478	0.0	476.8024375313488	597.091997517043	0.0	478.97725490960215	597.5059988462823	0.0	505.8408911976362	591.1453152600601	0.0	476.7405361602582	308.1449369417484	0.0	458.7544847515758	260.9233490739533	0.0	451.70972747658294	295.08813027413544	0.0	474.33270175983796	322.38260371540747	0.0	470.4970385236751	370.95918902527666	0.0	459.31688973055145	414.32916426931206	0.0	491.2790327672816	326.5551593529167	0.0	494.149184372378	382.93903451288827	0.0	469.62991147429665	431.1332900692088	0.0
374	6.233333333333333	482.58336106806655	411.8976197518637	0.0	474.4529761908087	410.79463611252646	0.0	480.6355908715736	493.77163137514907	0.0	493.16239391358806	578.0586756783936	0.0	466.9433481045203	594.3404932119529	0.0	468.1061784179949	589.4815755149524	0.0	500.1428692146541	588.0489736665822	0.0	488.38017357203086	411.2777209170387	0.0	486.7905730482739	497.02144683639494	0.0	498.3130292721698	581.2107266823847	0.0	477.7303765949973	597.2973246417066	0.0	481.29962599910584	597.5386883870203	0.0	505.0546735612004	590.9860274284528	0.0	477.49120451302184	308.64522238891794	0.0	460.11252513624845	261.2489935286326	0.0	453.5067179692779	295.64988104932104	0.0	474.2856782010864	322.4083555534795	0.0	468.4168701016937	370.0778311342342	0.0	458.1450897443823	413.2345070293456	0.0	492.94428774458964	327.0441659392374	0.0	495.8142808020281	383.49857685759343	0.0	470.358522762828	431.9456371152706	0.0
375	6.25	482.27384860714096	411.99736951660265	0.0	474.207587763521	411.07561301990893	0.0	480.9736115583257	493.77972758825183	0.0	493.04089980182084	578.2545239160052	0.0	466.82688203263905	594.1719193109668	0.0	468.12249537782697	589.3963458266802	0.0	500.8814684955981	588.1404811157902	0.0	488.58328706905024	411.33921940571497	0.0	487.3963082466324	496.8103171324778	0.0	498.4303544526259	581.5052699043276	0.0	476.508038843283	597.2976275358478	0.0	480.08509812840657	597.6534218951288	0.0	504.98027366562496	590.9455770629252	0.0	478.17529474945843	309.26773010210576	0.0	461.61250860087534	262.1001878598293	0.0	455.29283410086543	296.384872897068	0.0	473.9455822946552	322.94796631592055	0.0	469.2697013608466	371.3383918209742	0.0	459.73661739267624	415.01927709292704	0.0	493.8138583125887	326.8600952935869	0.0	497.562206434489	383.7755017025942	0.0	471.4360956039732	432.53157015406026	0.0
376	6.266666666666667	481.89973322336755	411.79775139683113	0.0	470.9846557711037	410.17008662913474	0.0	480.8377683757706	493.54695719814504	0.0	492.57624796514034	578.0314630419575	0.0	466.9946234880549	594.3310697318847	0.0	468.275184081295	589.4520945820256	0.0	500.4832277751787	588.2421920781892	0.0	488.9924872502521	410.35066659036124	0.0	488.018049904874	496.59654396718406	0.0	498.6001215281254	581.2727889221686	0.0	479.13523299149387	597.3377098791161	0.0	484.11155608026303	597.7000438829089	0.0	504.8747125257685	590.8353198606235	0.0	479.0118848950473	309.54895953759086	0.0	461.71734957243893	262.4356365827021	0.0	456.53538495293833	297.6748281822562	0.0	471.77137918588915	323.1115984644477	0.0	466.60228910804796	371.77937241420767	0.0	455.26622293092055	412.6356317294168	0.0	497.42439318969167	326.64205800579236	0.0	498.6988020967214	383.8870775648443	0.0	472.8205119924844	432.7126949554363	0.0
377	6.283333333333333	481.63603331436695	412.21841906930564	0.0	470.2243554237182	410.1187238216406	0.0	481.07565630075885	493.46937150528316	0.0	491.9613556498478	578.3478000625767	0.0	466.8174068690535	594.4270685636277	0.0	468.24687341633063	589.6496610456044	0.0	499.38245375319275	588.6378559769228	0.0	488.588711820917	410.1152458233093	0.0	488.56260720473034	496.68112503457746	0.0	498.5992040611344	581.1450273120524	0.0	478.7668599719954	597.4867681510516	0.0	483.00450592134143	597.7767478988605	0.0	504.84570872553036	591.0138245839444	0.0	480.47565011989815	309.6447972309277	0.0	462.2112697191345	262.47809172875634	0.0	458.0761190291861	297.83940737243296	0.0	473.02132606450476	323.28770829526076	0.0	467.5751704700484	372.77041483503746	0.0	456.3551594511413	412.1058946354183	0.0	498.6940604569492	327.12110471857113	0.0	500.3227238519664	384.201024135935	0.0	474.4095382988655	432.5409982971965	0.0
378	6.3	481.2403735257891	412.01276860875396	0.0	469.82266482327015	409.869903499278	0.0	481.0698580753779	493.78217055641204	0.0	491.2473410833763	578.1600945792278	0.0	466.3474777805424	594.5019177374986	0.0	467.9701156477984	589.4263262183496	0.0	497.68282773379235	588.6812571388699	0.0	488.50453468726414	409.6214815292575	0.0	489.4807204429356	496.97151423115923	0.0	498.5866030158086	581.2480855247542	0.0	478.3276694335064	597.6794882913914	0.0	482.8807804634179	597.8865511248665	0.0	504.91580661257194	591.4007180842614	0.0	481.5520864916586	309.84293804166043	0.0	464.16969975867374	262.67140536662015	0.0	459.71540382110373	298.00833164562124	0.0	472.092600416644	323.5980904389957	0.0	467.1144501885601	373.1314147199604	0.0	455.24748435830753	412.7948789065696	0.0	500.743659134918	327.6333901539421	0.0	502.4218288401994	384.17183523388445	0.0	476.53233982279164	432.29860773478146	0.0
379	6.316666666666666	481.1094659029892	412.0232552816297	0.0	469.5317261262602	410.2549990100027	0.0	480.6594815045472	494.1813462482868	0.0	490.2128776830653	577.9753708701047	0.0	466.114203443309	594.8583166934133	0.0	467.5056632679158	589.5021257316833	0.0	496.86679455727256	588.8708405859079	0.0	488.952025607445	409.7285879992831	0.0	490.07119476203036	497.03156076619075	0.0	498.38193798890893	581.218921119314	0.0	478.20389673226595	597.7906548605984	0.0	483.3908127265668	598.2919519373532	0.0	504.07983498735996	591.8859558964816	0.0	482.1606409663055	310.1533272522236	0.0	465.86469159781126	262.7479023367433	0.0	461.4177774181025	297.9753002568605	0.0	471.434959381179	324.0078352722818	0.0	467.1091112781152	373.9416950990409	0.0	453.5751967941018	414.1810083156798	0.0	502.3621412660778	327.6270049243026	0.0	504.5691797034403	383.75860148442405	0.0	478.74020441480366	432.4665659583839	0.0
380	6.333333333333333	481.0993232852248	412.02019964178646	0.0	469.94696929045233	410.3960660687666	0.0	480.2350539122513	494.3242087025956	0.0	489.9908140910353	577.5702994814136	0.0	466.11355338998555	594.6794312537617	0.0	467.34580857475373	589.5416269807536	0.0	496.5517626074135	588.8232508927417	0.0	489.9393503058511	409.8207002201993	0.0	491.0904893783043	496.85001863840955	0.0	498.2420614719532	581.3145965345336	0.0	478.02103120479734	597.7938158540958	0.0	484.60883445650643	598.4937870490081	0.0	503.2330351074736	592.3918555404002	0.0	482.8740991988095	310.6546510897714	0.0	467.2442949823857	263.78390866603826	0.0	463.3052518983848	298.86596992272416	0.0	470.6856572663094	324.28571332668315	0.0	467.35971328452626	374.12486840745163	0.0	451.6950676158112	414.0133822133339	0.0	504.0578152220774	327.93474726975404	0.0	506.74315333366127	383.3234689893544	0.0	481.10620721624144	432.0293422634745	0.0
381	6.35	480.9159744391199	412.28218530646893	0.0	469.8747133856332	411.1015688023358	0.0	480.1625741804688	494.70840699788505	0.0	489.0629551885435	577.4758691344264	0.0	465.9411373963608	594.9685076717715	0.0	467.05548007168716	589.7643839992213	0.0	495.1040806070857	588.5610032988434	0.0	490.3384736107158	410.37804809308875	0.0	491.40570717185324	497.09944035989787	0.0	497.9853642586566	581.8471805216172	0.0	478.459667077306	597.8223933214863	0.0	486.3662627431102	598.8167780068018	0.0	501.93798984501154	592.646926911782	0.0	484.0189029063005	310.87277920095374	0.0	468.5832216027155	263.8337631148469	0.0	464.7767726622048	298.7411415070493	0.0	470.6620805291004	324.580279073957	0.0	467.979189578836	374.1675964412619	0.0	450.35258640598454	412.87396375875267	0.0	506.3250555246769	328.0819391505998	0.0	508.52971096714094	383.10102072973734	0.0	483.5441816159977	431.705939013334	0.0
382	6.366666666666666	481.00262311751516	412.95209091893025	0.0	470.15662679762977	411.90739668686354	0.0	478.76773572486803	496.97967225823294	0.0	487.4023035019987	577.6730862587598	0.0	465.81479417585405	595.0822237044953	0.0	466.526219012972	590.4494613706144	0.0	493.30208920757195	588.504419639296	0.0	491.5662239467621	410.8378022868807	0.0	492.29731669292556	498.4208586280626	0.0	497.7712464724659	582.5829420619898	0.0	478.3312517449425	597.8379567725522	0.0	487.7335134209502	599.2343014032715	0.0	501.5762523971504	593.0622843461151	0.0	484.5914053988589	311.23009448639954	0.0	469.70431805914905	264.16286949622315	0.0	466.77938441758494	299.0258566192449	0.0	469.96254519781536	324.52544609178625	0.0	467.776235061475	372.7222878394342	0.0	449.62022550640023	409.72584613331134	0.0	508.3623818587402	328.2798959363166	0.0	510.6098835898093	382.78578104379943	0.0	486.6529301935267	431.4805197061148	0.0
383	6.383333333333333	480.50043360169036	413.5674516293434	0.0	471.2089506007643	412.6528687219786	0.0	477.46000651464084	497.857274853408	0.0	486.16126945741183	577.7896123401873	0.0	465.7491210986641	595.1803247226451	0.0	466.2964539316695	590.7273068056794	0.0	491.96373176644374	588.5439676206145	0.0	491.7971504094082	411.7368086413835	0.0	493.1671264573716	499.2084057555012	0.0	497.43491833906137	583.2404324786673	0.0	477.8391353980196	597.8304313913138	0.0	487.75500717054024	599.2760292304426	0.0	500.9184941042671	593.7395440206877	0.0	485.49662879003773	311.64895075511714	0.0	471.65827599224167	264.32209356377786	0.0	467.9288555285047	299.1219013341488	0.0	468.848887431069	324.51953874930393	0.0	466.36496808962346	372.52373956072074	0.0	448.03073919195435	409.0804098608366	0.0	509.803121688422	328.2004233641798	0.0	513.1033565978208	382.6139867736633	0.0	488.39303127752413	431.59367851420114	0.0
384	6.4	481.46145050619964	414.9767550424732	0.0	471.39308758518825	414.5922068548149	0.0	475.82258282435885	497.5717206985	0.0	485.42973766707763	577.3279969450488	0.0	465.68889876611735	595.1153613650617	0.0	465.7808323863105	590.7181020672442	0.0	491.096615883618	588.1555057598607	0.0	493.1540572136636	412.8155517259556	0.0	493.3567894069724	499.6110501383176	0.0	497.3485122342355	583.1987484837525	0.0	477.4220152774417	597.685146692806	0.0	487.78590986378026	599.0332906389878	0.0	501.3206524323625	593.4488930863454	0.0	486.1141063589218	313.0345125938221	0.0	472.3015336390828	265.308981543123	0.0	469.02390264941806	300.95816795197146	0.0	467.93808070908256	325.01793808531045	0.0	466.2423852459288	372.14008456436784	0.0	446.026900104376	407.6935689187418	0.0	510.82967907110987	328.45874131233074	0.0	515.1392745956261	382.4404191131342	0.0	492.51855137204365	431.71813651626053	0.0
385	6.416666666666667	481.9466730082204	416.0094011532386	0.0	471.5525396064217	415.74189214882927	0.0	474.81767831992573	497.77016019234236	0.0	484.5333404401487	576.9541404174724	0.0	465.2040472053098	595.2197351303648	0.0	464.6760290631229	590.9279608408314	0.0	490.4121975058954	587.5592963533804	0.0	494.28240342964637	413.7951733637554	0.0	494.9251702845615	500.473416354845	0.0	497.6465188975883	583.2681113056206	0.0	477.6568789307356	597.5092567346578	0.0	488.49175719349637	598.9953744032752	0.0	501.5483732312802	593.2768525468821	0.0	487.31349298444854	314.90333562176585	0.0	472.7608616574798	266.54703199090045	0.0	469.9871155542257	302.9086057789232	0.0	467.71352807181216	325.30932744253795	0.0	465.9255691774707	371.859398523889	0.0	445.19609827989603	406.8620804222386	0.0	512.4707906694726	328.92514202148556	0.0	516.8414958814499	382.53143295169656	0.0	494.959623879831	432.7177359801721	0.0
386	6.433333333333334	482.7423198070412	416.58641759888843	0.0	471.6951582454574	416.33834350179507	0.0	473.27918251504923	497.70432721418	0.0	483.6728783738031	575.3136627106155	0.0	465.3617865839073	594.3734017789626	0.0	464.43453333582056	590.3216529692331	0.0	490.54418948360774	585.7361703259894	0.0	494.6016111644671	414.3090737395901	0.0	496.2281391389989	500.9547754653069	0.0	498.20069439113513	583.1954839070233	0.0	478.7570504104039	597.3047296945745	0.0	489.71528462457627	598.8821816921703	0.0	501.888922228129	592.9529366192891	0.0	488.50920799974796	315.1669925240902	0.0	474.84464282982833	267.2354781988039	0.0	472.08819293798115	303.1278976228451	0.0	467.7468598070366	325.01682040196215	0.0	464.9831988574334	370.88137111534013	0.0	443.2640133616362	406.06055816160307	0.0	514.1518669370097	329.50576354157727	0.0	518.9952152703743	383.04401508964554	0.0	497.7897647124239	433.25087691033866	0.0
387	6.45	483.4134037545299	417.4140079514863	0.0	471.9317694476323	416.64183782329235	0.0	471.1408550454058	497.8691606221207	0.0	483.6634710350061	574.0270725996152	0.0	464.66861168557034	593.1651343107417	0.0	463.5678630285398	589.4330800745772	0.0	490.789515454402	584.3983718690884	0.0	495.5913667297849	414.86871912510685	0.0	498.09709563902237	501.9211475198489	0.0	498.8355090773341	583.1858597093142	0.0	480.3005825909345	597.186075482221	0.0	491.61255445453435	598.9362970846862	0.0	502.0772758183748	592.5656703645303	0.0	489.79919758479866	315.9102868590575	0.0	476.52788666191316	267.9562882698167	0.0	473.4120204193318	303.50825118799145	0.0	467.76487430135063	325.2093857488838	0.0	464.07018151343317	370.64803273092934	0.0	442.2589191395827	405.67652836070386	0.0	515.8401934953121	329.43048634507113	0.0	520.6830931996069	383.4562317051071	0.0	501.67611264956105	433.74247369538443	0.0
388	6.466666666666667	483.5066286926943	417.72218119674426	0.0	471.59509093197295	416.5145241261107	0.0	465.96840684869693	497.9698802452745	0.0	483.48858948799034	572.4461074744496	0.0	461.85271438159435	591.4858575505086	0.0	461.61132646072576	587.0228401621058	0.0	491.5179011355598	582.8069385461419	0.0	495.98254488740315	415.511523996267	0.0	500.33386592295165	503.75500934326203	0.0	499.25706245426056	583.37302526551	0.0	480.79140674750397	597.1459997652788	0.0	491.49517223101367	599.1336650618096	0.0	502.25325252068865	592.5464763781383	0.0	491.2533055156246	316.9248328831835	0.0	476.8855034515284	268.222403574676	0.0	474.5342923119734	304.5584531265493	0.0	467.3794150717869	324.19322823406065	0.0	463.0270708078307	370.50355746096386	0.0	439.803618714077	406.0742598410881	0.0	517.2243520736342	329.4416906925429	0.0	521.9546174786533	384.0343190710794	0.0	505.1788340415642	434.2754962077794	0.0
389	6.483333333333333	483.41947811926684	417.76941166208894	0.0	471.22397955840177	416.3385710683152	0.0	462.3883073439399	497.8194147642416	0.0	482.78378348499575	570.6121566217305	0.0	459.8381918379006	590.5979493768167	0.0	459.7625185945027	585.1740733333224	0.0	491.7307895111036	581.3331295048888	0.0	496.1994215081869	415.61002013990327	0.0	501.0327823092808	503.94130735803583	0.0	499.58521441205517	583.2464183880397	0.0	482.25421427361925	597.0437043132835	0.0	493.1358829951751	599.1519693360838	0.0	502.44332577783734	591.931200090215	0.0	492.39915670168125	317.3699340130236	0.0	479.1519734642102	268.9468713192303	0.0	475.8748529101382	305.04748988020185	0.0	467.1352714688066	323.7260422065035	0.0	461.80871955368195	370.62307336300285	0.0	436.63950787250917	406.8023102118075	0.0	519.2243209100675	329.56146490456837	0.0	523.5232216113596	384.0515186976411	0.0	507.57182084643716	435.8123380945046	0.0
390	6.5	483.5704458301441	418.1928480781264	0.0	470.8066274247958	416.2287088667422	0.0	459.18633764444394	497.51355348162065	0.0	482.2971873236643	568.840158090473	0.0	458.17759522991605	590.1101361030871	0.0	458.12651338621185	584.3038972187117	0.0	491.5573821637896	579.0700786917237	0.0	496.5520059390077	415.9979032014795	0.0	501.3182069669692	504.402310285992	0.0	500.0144166508453	583.2549010872654	0.0	482.6724139200571	596.9301938843922	0.0	494.58413912117294	599.1684268215038	0.0	502.6405878125208	591.2406348853142	0.0	492.8201404176152	317.6327461473138	0.0	480.9793185001473	269.5445541484137	0.0	477.03167548437835	305.2726217268167	0.0	466.86439374746226	323.09488077008734	0.0	460.7515158991615	370.3475239819519	0.0	434.467016748463	407.06517080833385	0.0	520.1069941947414	329.4544648910118	0.0	524.8402300233538	383.9342472465373	0.0	510.961192722141	436.6300198718005	0.0
391	6.516666666666667	484.16396025380936	418.33275653376324	0.0	470.8330263929089	416.0705744016283	0.0	456.24903062324324	497.0113319938174	0.0	481.72508808222034	568.1110395397561	0.0	456.369913855758	590.4381863191304	0.0	456.413337219014	584.5753701621525	0.0	491.7051811357254	577.7781818064911	0.0	498.0216892380174	416.0587525058431	0.0	501.7844792191786	504.3424465258371	0.0	500.1549403839981	583.2256910503224	0.0	482.5825628006045	596.932533488302	0.0	494.8103615329113	599.0708721534276	0.0	502.833992099181	590.6433625558335	0.0	493.8210916887286	318.63394445296	0.0	482.57737888953795	269.78479210551063	0.0	477.91245848577836	305.94720230268933	0.0	466.9020235799179	322.54243783730726	0.0	459.5088742802403	370.6959337041589	0.0	432.3613328331714	407.47513954910573	0.0	521.5730243660203	329.74613450768345	0.0	526.8746513716766	383.87129161176347	0.0	514.6098141735338	437.0599090380954	0.0
392	6.533333333333333	484.953972265773	418.5519104445618	0.0	470.8732802574466	415.9700061959965	0.0	453.842327233001	497.0544679761732	0.0	480.16262938893743	567.1473836935122	0.0	455.02782730840215	590.7437257224808	0.0	455.63909339285027	584.8682943980552	0.0	490.8048646833719	576.0313664365021	0.0	499.03509738208	416.0576003549313	0.0	502.0141426546617	505.028908556682	0.0	500.23534210028004	583.2991085012034	0.0	482.65519088701575	597.0784955643812	0.0	495.03005827457923	599.0538165743749	0.0	503.1066106998213	590.5803228652444	0.0	494.3374551593379	319.43302878739917	0.0	483.12192900658783	269.6605127286324	0.0	479.3599411804825	306.7204917719978	0.0	466.68243110528374	322.1549534580321	0.0	458.6978528709112	370.7706556640603	0.0	431.4375991253135	407.490871149069	0.0	522.5788893707717	329.9716472330726	0.0	528.8808978616892	384.0320764504917	0.0	516.7518025814907	437.4779502735365	0.0
393	6.55	485.31885583276164	418.744874445689	0.0	470.7356034519162	416.08521498797097	0.0	451.0655202521632	497.84523181597683	0.0	478.9603905490644	567.0383220285014	0.0	453.3101744231944	591.1722416697291	0.0	454.8278253680457	585.3421693180462	0.0	489.89314955648524	575.3483841920065	0.0	499.7477505053089	416.4195752808116	0.0	501.97221559186664	505.74749592792443	0.0	500.16891103600324	583.1871481015083	0.0	482.96768839842605	597.3307662634268	0.0	495.98607167560175	599.0290218762062	0.0	503.26052209939235	590.5401509890568	0.0	494.7476229033795	320.0051353482379	0.0	483.5953366465616	269.5481504175269	0.0	480.4992444441774	307.26096649414086	0.0	466.16357592823385	322.044349200016	0.0	457.45817654530725	371.10868018350004	0.0	429.2362028606711	408.0211875067484	0.0	523.4168876942771	330.0909831149146	0.0	530.4433640801453	383.92669653160476	0.0	518.7697079449814	437.5215413693568	0.0
394	6.566666666666666	485.772061927173	419.10266782492647	0.0	470.69901782728607	416.40503201321303	0.0	448.6925912408981	500.367267181188	0.0	477.64668891536155	567.0980725891092	0.0	451.33160808757157	591.6948127970829	0.0	452.9470709840441	586.1122548753183	0.0	489.38293833021885	575.1717568148185	0.0	500.28634614326205	416.68026180120285	0.0	502.27654755008996	506.20696873335953	0.0	500.16822681231974	583.2046493475025	0.0	483.0090782350326	597.6541455068823	0.0	496.37795494689885	599.028655486936	0.0	503.33118652619805	590.6240038132453	0.0	494.8051933320064	320.91708074569726	0.0	483.740561537009	269.5741577433847	0.0	481.2366435383125	307.26721879252744	0.0	465.64221565034404	322.07906312231825	0.0	455.8098484319165	371.3732993724152	0.0	427.17546625246405	408.7634113905346	0.0	524.2398962040118	330.5275208669576	0.0	533.0799248630962	383.9701241124483	0.0	521.1578939226408	437.3583667920826	0.0
395	6.583333333333333	486.22586902714875	419.1552955331371	0.0	470.7733642119716	416.4586751731319	0.0	447.8276982264222	501.1357907036861	0.0	476.90006303137375	566.9528954711468	0.0	450.064077934262	591.8165685122824	0.0	451.68949541583453	586.4926372940392	0.0	488.77608277453476	575.0041101554991	0.0	500.80950198175105	416.92014205551123	0.0	502.48232114690745	506.205770212537	0.0	500.28289232212325	583.1540755282252	0.0	483.1419422582219	597.8063432262836	0.0	496.58117711585203	599.0478150625675	0.0	503.45647643103985	590.815994133007	0.0	494.9723052949931	321.32830981837293	0.0	484.20045395309717	269.4176331017345	0.0	482.5170976884732	307.85189551693884	0.0	465.5320617124343	322.0388319361944	0.0	455.3492904884611	371.37843631911363	0.0	425.8384885000775	409.35903946557676	0.0	524.5230512961683	330.89292331013024	0.0	534.6513769158637	384.40434842297464	0.0	521.8310031161934	436.70202355667664	0.0
