PathFileType	4	(X/Y/Z)	C:\Users\dkfc9\Desktop\pitching_analysis\sports2d_results\sale_01\sale_01_Sports2D\sale_01_Sports2D_m_person00.trc
DataRate	CameraRate	NumFrames	NumMarkers	Units	OrigDataRate	OrigDataStartFrame	OrigNumFrames
60.0	60.0	396	22	m	60.0	0	396
Frame#	Time	Hip			RHip			RKnee			RAnkle			RBigToe			RSmallToe			RHeel			LHip			LKnee			LAnkle			LBigToe			LSmallToe			LHeel			Neck			Head			Nose			RShoulder			RElbow			RWrist			LShoulder			LElbow			LWrist			
		X1	Y1	Z1	X2	Y2	Z2	X3	Y3	Z3	X4	Y4	Z4	X5	Y5	Z5	X6	Y6	Z6	X7	Y7	Z7	X8	Y8	Z8	X9	Y9	Z9	X10	Y10	Z10	X11	Y11	Z11	X12	Y12	Z12	X13	Y13	Z13	X14	Y14	Z14	X15	Y15	Z15	X16	Y16	Z16	X17	Y17	Z17	X18	Y18	Z18	X19	Y19	Z19	X20	Y20	Z20	X21	Y21	Z21	X22	Y22	Z22
0	0.0	2.543646325805273	0.8673378543146629	0.0	2.5069349877441334	0.874695325269534	-0.105	2.478634735717835	0.48586342233802116	-0.0886	2.514951945252461	0.0729266599931323	-0.0972	2.354701044772473	-0.005517329767717204	-0.0766	2.371415675391136	0.0035584535547261986	-0.12	2.532825263137051	0.002951797949801091	-0.0883	2.5826568361335944	0.8769980937777488	0.105	2.5205316685235393	0.4686905634409044	0.0886	2.610802464497882	0.07417593505372791	0.0972	2.4487815071879857	-0.0015535632875495753	0.0766	2.490800680397547	-0.008495308905276187	0.12	2.654276344823261	0.011131374082670516	0.0883	2.5593170751723764	1.3586468848508004	0.0	2.494665756533073	1.5961525993301156	0.0	2.4380511908828026	1.4550991200733197	0.0	2.516880503719022	1.2834062510634254	-0.2016	2.5147052438050514	1.0942825753459475	-0.1613	2.417512712537001	1.0393709211079072	-0.12	2.6418899700027776	1.2746888054328407	0.2016	2.691399783040227	1.0262261120464602	0.1613	2.493242372627096	1.0092423214004933	0.12
1	0.016666666666666666	2.543507325903216	0.8667557994614417	0.0	2.506802652143803	0.8745941793176113	-0.105	2.4789707401910808	0.4856852030159157	-0.0886	2.5149131293152647	0.07288662322994102	-0.0972	2.3546262586819076	-0.0055995982914840495	-0.0766	2.371347100556675	0.0037746211114085826	-0.12	2.5327394715407454	0.002786753772003374	-0.0883	2.582552506461861	0.8768871556246391	0.105	2.5206062516193506	0.4686917804601139	0.0886	2.6108368637297854	0.0742129555489609	0.0972	2.4487922874714885	-0.0013386402183146184	0.0766	2.49103115510563	-0.008416732546180042	0.12	2.6542240132294346	0.011115844433231055	0.0883	2.559198235680718	1.3586778630229912	0.0	2.4947197055456547	1.596239505959375	0.0	2.4380939086806492	1.4551478806623397	0.0	2.516798235836525	1.2834347578946255	-0.2016	2.5147004261551764	1.093972816140614	-0.1613	2.417384361615878	1.0394023259111804	-0.12	2.641806242769268	1.2746857661585589	0.2016	2.6916658277640853	1.026107703414019	0.1613	2.4932014360498074	1.009271490085874	0.12
2	0.03333333333333333	2.5431932668748036	0.8659312862970512	0.0	2.5065827438459576	0.87440658255844	-0.105	2.4794049901752295	0.48528619438738413	-0.0886	2.514856773188046	0.07282011864960886	-0.0972	2.3543741735525114	-0.005770767010566058	-0.0766	2.371106659891004	0.004199110434758374	-0.12	2.532502129867819	0.0024598599658710654	-0.0883	2.582253951669819	0.8767268208247658	0.105	2.5207280844093702	0.46869317265657795	0.0886	2.6109039814978887	0.07427301433504746	0.0972	2.4488111509098136	-0.0009106691471870154	0.0766	2.4915143852395785	-0.008257045859911397	0.12	2.6541399434492834	0.011078488962951362	0.0883	2.558917491158677	1.35877183854902	0.0	2.494870480447237	1.5964358697260808	0.0	2.438200946427201	1.4553020503616327	0.0	2.5165512655138746	1.283508747621029	-0.2016	2.5146838313080737	1.0930035479784823	-0.1613	2.4170411551569746	1.0394925666036243	-0.12	2.641590968732294	1.2746778490682558	0.2016	2.6922136301205923	1.025929976079062	0.1613	2.4930925053827946	1.0093499278830964	0.12
3	0.05	2.5425717298384045	0.8655185813493268	0.0	2.5062807898644897	0.8740444044152865	-0.105	2.4795233642616776	0.4844833153954931	-0.0886	2.5148006589793503	0.07273636846986982	-0.0972	2.3536225764889975	-0.006076851158576806	-0.0766	2.3703522670678017	0.0040126400446896665	-0.12	2.5319241572443496	0.001899389692127218	-0.0883	2.5814795281275376	0.8765378460658878	0.105	2.520972946462151	0.468707117150595	0.0886	2.611079981502303	0.07439781577047747	0.0972	2.4488714455067395	-0.00011646674223706605	0.0766	2.4913205668760092	-0.007875333841862613	0.12	2.65403741573066	0.011039604221113143	0.0883	2.5583344733044404	1.3591075539453294	0.0	2.495393733901921	1.5968900916287583	0.0	2.438551317187839	1.4558416720016083	0.0	2.5158969645467586	1.2837367119196572	-0.2016	2.514748876662791	1.0927883268877039	-0.1613	2.416219548333235	1.0398050402672019	-0.12	2.641107596443479	1.2746855728432542	0.2016	2.692368319925758	1.0257207676359432	0.1613	2.492877227913004	1.009606687066099	0.12
4	0.06666666666666667	2.541431390705425	0.8652794219467754	0.0	2.5059429445080794	0.8732580306245423	-0.105	2.479238960116003	0.4831011331041412	-0.0886	2.5147654517210953	0.07260879288181937	-0.0972	2.3512632949216203	-0.0066488948791341845	-0.0766	2.367985681371271	0.004134014228513103	-0.12	2.5305341450860603	0.0010784149250863267	-0.0883	2.5795501479242007	0.8762761426116974	0.105	2.520636394532814	0.46875592006827593	0.0886	2.6115076311346646	0.07463413936257252	0.0972	2.448278676709071	0.00013791546141139754	0.0766	2.4902144082198987	-0.007171520789667603	0.12	2.653942844708791	0.010945978604550613	0.0883	2.557242918911678	1.3603877000152658	0.0	2.4970234722519686	1.5979339033617705	0.0	2.4395669567885516	1.457793347927191	0.0	2.514160539419599	1.284485856943713	-0.2016	2.5134363521464143	1.0944049292074098	-0.1613	2.4144021783243788	1.040877626912638	-0.12	2.6400712058044506	1.274845726724607	0.2016	2.6920729434152255	1.0254281838458819	0.1613	2.492444121962232	1.0104376366937624	0.12
5	0.08333333333333333	2.539944261495209	0.8659145747449021	0.0	2.5054897630392863	0.874353275199675	-0.105	2.4786468446852634	0.4827714008092703	-0.0886	2.5147867232625765	0.07255118702897762	-0.0972	2.347821862064773	-0.00740903402164287	-0.0766	2.364518911923278	0.003741009692916443	-0.12	2.529818093271135	0.0009155991822375684	-0.0883	2.5778168579543728	0.8760818987675153	0.105	2.5204777667034026	0.4685003683498756	0.0886	2.6123391840167076	0.07434924503970693	0.0972	2.4484776328485047	0.00023965654424013688	0.0766	2.4903095297556175	-0.0068605959337039515	0.12	2.653880291791655	0.009279899974882856	0.0883	2.5557398385381545	1.3635003996562811	0.0	2.49912961021131	1.598160372824894	0.0	2.4403368248615958	1.4597381217046979	0.0	2.5102708822272275	1.2857955765629567	-0.2016	2.511791250461442	1.0971209273560893	-0.1613	2.4130423087222685	1.0429446051965534	-0.12	2.6382087077481837	1.276704464811845	0.2016	2.691373072675093	1.0252698442777053	0.1613	2.489533230490662	1.0118717279084626	0.12
6	0.1	2.5396428628235994	0.8661947967704994	0.0	2.505401492324906	0.8751484730831389	-0.105	2.4783376026673984	0.48274433960164775	-0.0886	2.514772833997212	0.07255624433860229	-0.0972	2.3469113888313156	-0.007498863806588096	-0.0766	2.3635870329623208	0.0034764510294514814	-0.12	2.528915378325854	0.0011831893347811137	-0.0883	2.5772501098565894	0.8760381711304721	0.105	2.520336415246133	0.46838803292212744	0.0886	2.612598383181951	0.07426834042228567	0.0972	2.4485589217810446	0.0002939495434147246	0.0766	2.4903247233309718	-0.006757704972777515	0.12	2.653787130977682	0.008434355242617195	0.0883	2.555495664667577	1.3649464771264368	0.0	2.4996876775223886	1.5981269850971234	0.0	2.440656426752987	1.46041560818314	0.0	2.509738090518162	1.2863746714254216	-0.2016	2.511870773266915	1.0995112150570072	-0.1613	2.412765522100684	1.0448435890501768	-0.12	2.6380301426998365	1.278082446004187	0.2016	2.690866042656551	1.0253956853566362	0.1613	2.488512312413652	1.0125661779638306	0.12
7	0.11666666666666667	2.5402391266784723	0.8663718830940348	0.0	2.505818476168373	0.875675072233792	-0.105	2.4781188443082978	0.4829329602036495	-0.0886	2.5147276533331415	0.0725346399167138	-0.0972	2.346581804129834	-0.007402666830043161	-0.0766	2.3632400200630377	0.003275537528670852	-0.12	2.5275217614281873	0.0016235953187132349	-0.0883	2.5770351917804404	0.876206295204085	0.105	2.520209210989585	0.468449498274021	0.0886	2.6126528254042407	0.0743042185426869	0.0972	2.4485845863355937	0.00020892692935241264	0.0766	2.490258933731267	-0.006857421061236449	0.12	2.6536707454312882	0.007910872375645604	0.0883	2.55609455296661	1.3660027969997606	0.0	2.4997787296068763	1.5980568231821024	0.0	2.440751486667427	1.4610102511291285	0.0	2.5098999627928364	1.2868160638275026	-0.2016	2.5118313293718892	1.100234177470455	-0.1613	2.4126647232572043	1.0453500308488979	-0.12	2.638389644091289	1.279402991206584	0.2016	2.690439695484304	1.0250702330415473	0.1613	2.4882635261745345	1.0130799521542904	0.12
8	0.13333333333333333	2.540494634268026	0.8665185793804494	0.0	2.5058887060368056	0.8760111764824223	-0.105	2.4779893144094887	0.483118527639579	-0.0886	2.514715322226013	0.07248110211768088	-0.0972	2.3464638045253783	-0.007407064801331825	-0.0766	2.3631158811629107	0.003144476592612043	-0.12	2.527231999228376	0.0017256743588674323	-0.0883	2.5769918149590363	0.876601098749239	0.105	2.5201621086942803	0.468562442193523	0.0886	2.6126893756291305	0.07424712420347838	0.0972	2.4486260526768047	0.00036351190199498257	0.0766	2.490231865902861	-0.00676254084321147	0.12	2.653622872555111	0.008053544408181249	0.0883	2.5563395793616843	1.3663129087370318	0.0	2.4998530605369997	1.5981468132697785	0.0	2.440915829297152	1.4621136438216702	0.0	2.510897028357071	1.2875174064247115	-0.2016	2.511858607904854	1.100582563072402	-0.1613	2.412859177603134	1.0455030286637594	-0.12	2.6385746037150195	1.2796951401273555	0.2016	2.69026666366266	1.0249559576495264	0.1613	2.488142683177583	1.0137250482900504	0.12
9	0.15	2.540626094623216	0.8666833348169838	0.0	2.5056916686660857	0.8762991570421435	-0.105	2.4779385009826305	0.483340785502109	-0.0886	2.5147185713869504	0.07243067086993306	-0.0972	2.3463453251215687	-0.007485504785755354	-0.0766	2.3629961453067296	0.0030710850155355116	-0.12	2.5271571091924034	0.001901270940810107	-0.0883	2.5770117303943847	0.8773002428638311	0.105	2.520148481408226	0.4687374165685461	0.0886	2.612688057097371	0.07402105734797831	0.0972	2.448668365380748	0.00046456527199421893	0.0766	2.490197821757789	-0.0065373464392657	0.12	2.6535969047844885	0.008115317028095807	0.0883	2.556459758565967	1.3665215499115066	0.0	2.4999090073681884	1.5984502369438225	0.0	2.4411301121422144	1.462393400724273	0.0	2.5111675099068247	1.2885530612662484	-0.2016	2.5119103945369416	1.1010067739326523	-0.1613	2.413248530463168	1.0456032127918446	-0.12	2.6386421302814624	1.279848122385249	0.2016	2.690205306835557	1.025148461001669	0.1613	2.4880716797918985	1.0146128238517707	0.12
10	0.16666666666666666	2.5406388441387207	0.866834718109629	0.0	2.506057389147551	0.8764968095028018	-0.105	2.477865986834678	0.4835240131624865	-0.0886	2.5146925038216024	0.07238378053777117	-0.0972	2.346084168485421	-0.007726842297294222	-0.0766	2.362734145618028	0.0030365888612172848	-0.12	2.527069103278115	0.002134250226849335	-0.0883	2.576950869772548	0.8775921430830629	0.105	2.5201110150790322	0.4689149063881271	0.0886	2.6126800756776434	0.07381406565033752	0.0972	2.448671548252459	0.0005362578693411668	0.0766	2.490034351909496	-0.006360032625215679	0.12	2.6535351241190606	0.008142241606839531	0.0883	2.5564727639858624	1.3666432923892058	0.0	2.4998981789696897	1.5989148191455744	0.0	2.441357725643805	1.4624735841952845	0.0	2.5112590462371758	1.288949769458438	-0.2016	2.511904007669759	1.1015519853303466	-0.1613	2.412932515431786	1.0456461657376084	-0.12	2.638659602217967	1.2798478105442352	0.2016	2.6901410936317696	1.0256432704363287	0.1613	2.4879767823810552	1.0146986104529738	0.12
11	0.18333333333333332	2.5406601680407555	0.8668673636495761	0.0	2.506292512736663	0.8765043136197476	-0.105	2.4778466292897563	0.48358584707386176	-0.0886	2.514685871046254	0.0723371816131603	-0.0972	2.345636731029574	-0.007793987713380433	-0.0766	2.36228052196136	0.0030209855439893296	-0.12	2.5270548244649884	0.0022453879216286637	-0.0883	2.5769534887296057	0.8780692539671479	0.105	2.520100760484753	0.46899713545753957	0.0886	2.612675258790001	0.0736513467449993	0.0972	2.44868138792915	0.0005726445564930155	0.0766	2.4897544880968683	-0.006254785749820593	0.12	2.6535011823874783	0.008147108338369069	0.0883	2.55648808671848	1.3663980947159013	0.0	2.4999218817825692	1.5993399788381855	0.0	2.441840028561169	1.4622576013336697	0.0	2.511296390516729	1.288881532909851	-0.2016	2.511901705358125	1.1020253852391335	-0.1613	2.412918164443803	1.0457023744695393	-0.12	2.6386555387663377	1.279860051259576	0.2016	2.690145785985845	1.026332210865247	0.1613	2.4879845741609974	1.015171968042212	0.12
12	0.2	2.540685931760755	0.8668661317266815	0.0	2.50651164447793	0.8765046896945133	-0.105	2.4778562572622476	0.48359316673985114	-0.0886	2.5146913992430973	0.07227686365928697	-0.0972	2.3462574929702016	-0.007737395144620789	-0.0766	2.3629138283969158	0.002968237936955248	-0.12	2.527065626822793	0.0021106343793291724	-0.0883	2.5769818209713895	0.878319508469547	0.105	2.5201060184509534	0.469026755101457	0.0886	2.612676439609192	0.07351424062339257	0.0972	2.448686171660849	0.0005583913082872066	0.0766	2.4892315099322824	-0.006223863634067593	0.12	2.6534970734893877	0.00810717208698887	0.0883	2.5565092144102772	1.3662108351388857	0.0	2.4999468966042593	1.5994835948927444	0.0	2.4424454568759733	1.4621154465239	0.0	2.5113185460885883	1.2887728734984736	-0.2016	2.5119348097260588	1.1028411909800873	-0.1613	2.412923127960034	1.0456747234966104	-0.12	2.6386296316841324	1.279792329708028	0.2016	2.6901033139154586	1.0268212222616218	0.1613	2.4880193748925215	1.015271993038356	0.12
13	0.21666666666666667	2.5407015662843913	0.8668758181137507	0.0	2.506695082421308	0.8765020771867973	-0.105	2.4778713304827504	0.4835982653814267	-0.0886	2.514696856614423	0.07222910033943393	-0.0972	2.3464557254748155	-0.0074583895224660315	-0.0766	2.3631109464645457	0.0029496711054992422	-0.12	2.527064513601686	0.001685597502906977	-0.0883	2.5770067887912167	0.8784029002248	0.105	2.520111281237306	0.4690463569755964	0.0886	2.612658883562248	0.07342136698078788	0.0972	2.4486716753075837	0.0005521815402312821	0.0766	2.488379543116289	-0.006189361146072936	0.12	2.6535071699826713	0.008077110926333432	0.0883	2.556524406169183	1.366122927761162	0.0	2.499958120356367	1.599479249672027	0.0	2.4430960545953226	1.4620593327102849	0.0	2.511330203176214	1.2887320789109884	-0.2016	2.511958350617761	1.1030778132454306	-0.1613	2.412993980605191	1.045685910883437	-0.12	2.6385365634328557	1.2797691322317448	0.2016	2.6900950913404285	1.0270756458717294	0.1613	2.4880534765369826	1.0152373647148871	0.12
14	0.23333333333333334	2.5407084280481484	0.8668961096413277	0.0	2.506841657259535	0.8764979897083585	-0.105	2.4778870894481297	0.4835770707173044	-0.0886	2.5146994423055125	0.0721475574229194	-0.0972	2.346540321164701	-0.007066579902255579	-0.0766	2.363189331918404	0.0028837434789729874	-0.12	2.5270654783238973	0.0016467255645426782	-0.0883	2.577037226499779	0.8783324716676404	0.105	2.520113118089025	0.4690340161443789	0.0886	2.6126155980233436	0.07328348491259029	0.0972	2.448623788831601	0.00045903657585233404	0.0766	2.48810114562975	-0.006266175543551113	0.12	2.6535373908760356	0.007954592865638217	0.0883	2.5565362486277388	1.366128319134744	0.0	2.4999562521666783	1.5994296503470211	0.0	2.443373299922784	1.4620772896371483	0.0	2.5113290361828873	1.2887741631566054	-0.2016	2.511981259459064	1.103213881379676	-0.1613	2.4131536495554435	1.0457435083419364	-0.12	2.638325788983364	1.27981466752415	0.2016	2.690123650721003	1.0272150903159984	0.1613	2.4880910160604355	1.01509456192829	0.12
15	0.25	2.540721001362621	0.8669093139276133	0.0	2.506964657174304	0.8764925753820214	-0.105	2.477935261074642	0.483525478261693	-0.0886	2.5147079824806466	0.07204349627575296	-0.0972	2.346583561510598	-0.006946628065975381	-0.0766	2.363232191497519	0.002800853394576197	-0.12	2.527071332841218	0.001253473939646886	-0.0883	2.577097457585265	0.8779762182892811	0.105	2.520121553054097	0.4689901787859939	0.0886	2.6125308986650304	0.07312117177797767	0.0972	2.448546787394697	0.0003130715070721532	0.0766	2.48798545705172	-0.006401510238491115	0.12	2.6535958943975912	0.007772399007831263	0.0883	2.556552428901068	1.366022238059586	0.0	2.49995699129783	1.59914355400355	0.0	2.44347797478751	1.4620603558477638	0.0	2.5113331885379324	1.28876138537155	-0.2016	2.5120286954368454	1.1032438030539273	-0.1613	2.413448802459269	1.045787747757954	-0.12	2.637893367421612	1.2798153566111274	0.2016	2.6901909332206415	1.0273005925630267	0.1613	2.4881901332625573	1.0146676588754795	0.12
16	0.26666666666666666	2.5407426551210346	0.8669438526196217	0.0	2.507092371787371	0.8764850847815642	-0.105	2.478039858372152	0.48345107529547704	-0.0886	2.5147229157853848	0.07187844769276815	-0.0972	2.3466158040550273	-0.007135668629653577	-0.0766	2.363267601756904	0.0026762338798466123	-0.12	2.527099613766016	0.0012310132579988198	-0.0883	2.5772120857825738	0.8772599648317011	0.105	2.5201368806146465	0.46892502750650106	0.0886	2.612369961236084	0.07292377983826376	0.0972	2.4484518499102483	6.240024609392714e-05	0.0766	2.488004417099857	-0.006653190240778338	0.12	2.65370158326391	0.007488633262531616	0.0883	2.556577457953851	1.3659215833744776	0.0	2.4999576581541576	1.5987258899791204	0.0	2.443472902073585	1.4620901531698607	0.0	2.5113426860469485	1.288839238317302	-0.2016	2.5121167337637327	1.1033446802972875	-0.1613	2.4138915775025054	1.0459349341906814	-0.12	2.637116511948466	1.2798992546736203	0.2016	2.6903173762705093	1.0274206099031071	0.1613	2.488404610141409	1.0139571713718425	0.12
17	0.2833333333333333	2.540766928007442	0.8669386594634976	0.0	2.507120502983686	0.8764487606068111	-0.105	2.4780863548897303	0.48331262174774847	-0.0886	2.51474080447326	0.07161330364871266	-0.0972	2.3466619480331996	-0.007091717465190987	-0.0766	2.3633109752499113	0.002534685289622543	-0.12	2.527122182355469	0.0008711479749247547	-0.0883	2.5772322946769246	0.8767488738866274	0.105	2.5201543544520946	0.4688024535729277	0.0886	2.612074026070342	0.07267820741809718	0.0972	2.44832897468862	-0.0002774945001355472	0.0766	2.4879601543008376	-0.007007246905857911	0.12	2.6537565012879787	0.007153052510665406	0.0883	2.5565929158961733	1.3652404937431308	0.0	2.499966072249653	1.59859225795218	0.0	2.443450548833627	1.4619502793126926	0.0	2.511158618005435	1.2886229052233915	-0.2016	2.5121252088368133	1.1035733915584278	-0.1613	2.4140750223952567	1.0460170094556942	-0.12	2.6368005786293476	1.2797171878543026	0.2016	2.690379274465031	1.0274558060509251	0.1613	2.488810860213697	1.0136602899858715	0.12
18	0.3	2.5408026385948217	0.8668844312691308	0.0	2.5070845952513054	0.8763711782427642	-0.105	2.4781025973596362	0.48312705118757765	-0.0886	2.514765762415811	0.07121578951144207	-0.0972	2.346724953287321	-0.007199987594026645	-0.0766	2.363372711914146	0.002316832517169229	-0.12	2.5271541969371403	0.00023193022051685303	-0.0883	2.5771875146503587	0.8763638338170592	0.105	2.520178812528892	0.46864848841288875	0.0886	2.6113270629633	0.07232262979923354	0.0972	2.4481764801509667	-0.0006253188592938927	0.0766	2.48786594062709	-0.007391311607478142	0.12	2.653776140336136	0.0068190448319115984	0.0883	2.556624173484805	1.364934234019011	0.0	2.499980527660863	1.5985172280485502	0.0	2.44339737248907	1.4615366110006383	0.0	2.510717547029648	1.2878109607094292	-0.2016	2.5120590959114795	1.1035573108396464	-0.1613	2.414093117259507	1.0459946097504942	-0.12	2.636658196398119	1.2790505344514564	0.2016	2.6903960569281646	1.0273674186999084	0.1613	2.4895600534566005	1.0134734825774139	0.12
19	0.31666666666666665	2.540848554905642	0.8668407747818084	0.0	2.5070893225122255	0.8763229165109125	-0.105	2.4781640573776262	0.48303697764709214	-0.0886	2.5148022863985595	0.07100034123158695	-0.0972	2.3467841759677865	-0.007273027642247749	-0.0766	2.363427965713657	0.0020412357642402637	-0.12	2.527194195606747	-0.0005387265237423097	-0.0883	2.577196179147827	0.8761809207152141	0.105	2.5202129979233865	0.4685489332042645	0.0886	2.6108901609799826	0.072131852426287	0.0972	2.4479366990231384	-0.0008311585347442127	0.0766	2.4878616549659296	-0.007595004599493811	0.12	2.6538079247318795	0.0066397427844405235	0.0883	2.5566610451745886	1.3647429781561966	0.0	2.500013663588563	1.5984380234327933	0.0	2.443295724316471	1.46136072604864	0.0	2.510153226595745	1.2873899077300968	-0.2016	2.5120259259083335	1.10346940221873	-0.1613	2.4139432657903077	1.0460062387483418	-0.12	2.63657332145839	1.2787736762176225	0.2016	2.690421793318475	1.0272420813456462	0.1613	2.4901137642395494	1.0133652908811415	0.12
20	0.3333333333333333	2.5408807623112204	0.8667773948456815	0.0	2.507095012094393	0.8762602175074932	-0.105	2.4783478768412466	0.48294785056155226	-0.0886	2.5148303813075894	0.07076096412542646	-0.0972	2.3468120885438366	-0.007378607161154023	-0.0766	2.3634561774186693	0.0019235419894019154	-0.12	2.5272166941700553	-0.0012093857333223476	-0.0883	2.577209467388174	0.8760316077482816	0.105	2.5202374439603825	0.468446784131144	0.0886	2.6106835606388814	0.07191117515600079	0.0972	2.447464603648701	-0.0010529355166168028	0.0766	2.4878745070620063	-0.007815029358055989	0.12	2.653835202156054	0.006449417296219256	0.0883	2.556685812352026	1.3645687560185984	0.0	2.500033082128696	1.5983502260640392	0.0	2.4429823082890043	1.4613932206952527	0.0	2.50949989668028	1.287039371411728	-0.2016	2.5120154465277547	1.1031861577623459	-0.1613	2.4135584196650726	1.0460038144165238	-0.12	2.6365425915068856	1.2786378200142505	0.2016	2.6904435539653004	1.027162309768686	0.1613	2.490379038944	1.0132851895177677	0.12
21	0.35	2.540884279347566	0.8667016887675072	0.0	2.507082895093272	0.8761713715212511	-0.105	2.4787718720212353	0.48290306098495445	-0.0886	2.5148420378507246	0.0706503805644306	-0.0972	2.346823499507258	-0.007452322726242952	-0.0766	2.3634728646239838	0.0021505839628059853	-0.12	2.5272096950619765	-0.001485544794690416	-0.0883	2.5771931599825875	0.8758864884450428	0.105	2.520245713844961	0.4683930199640274	0.0886	2.6105363860266535	0.07180448804334852	0.0972	2.447416581962182	-0.001196056259307153	0.0766	2.4878838484007315	-0.007957338966780289	0.12	2.6538386077690017	0.00640211312742911	0.0883	2.5566914635703086	1.3643482560394615	0.0	2.5000275625359225	1.5982010267427118	0.0	2.442273731444661	1.461641085229501	0.0	2.509208884361913	1.2867585873581475	-0.2016	2.512021129683218	1.1025590443332893	-0.1613	2.4132345491842644	1.0460073323229437	-0.12	2.6365096487195836	1.278638464881645	0.2016	2.6904406669579894	1.027094784843648	0.1613	2.4905198632234073	1.0132426045669327	0.12
22	0.36666666666666664	2.5408386289330855	0.8665910364472337	0.0	2.5070322259616398	0.8760270674072012	-0.105	2.479661124734417	0.4828269176438084	-0.0886	2.514821846975385	0.07037120530563228	-0.0972	2.346805554275084	-0.007575155792047164	-0.0766	2.3634639793790986	0.002550524226568006	-0.12	2.527141773294994	-0.0018055919548448651	-0.0883	2.577114352675261	0.8756539064920585	0.105	2.520228240700863	0.46832057408450906	0.0886	2.610387064202945	0.07153199953305679	0.0972	2.4479597033292184	-0.0014452098043910497	0.0766	2.4878666933856555	-0.00817535991915902	0.12	2.6538044431230596	0.006196983141103146	0.0883	2.5566742020534945	1.3640016104295265	0.0	2.4999811715005276	1.598028766543272	0.0	2.441912880350351	1.4621875266881996	0.0	2.50911395840207	1.2864953388510068	-0.2016	2.5119733022688675	1.1025819592212067	-0.1613	2.413094682067944	1.0459194089411252	-0.12	2.636453418458353	1.278749538745009	0.2016	2.6904080148359877	1.0270114249024662	0.1613	2.490542653436049	1.013200849678106	0.12
23	0.3833333333333333	2.540851549007251	0.866658531540721	0.0	2.50704841562969	0.8759852151584734	-0.105	2.480208966724113	0.48270787634300966	-0.0886	2.5148541145746846	0.07049831241626527	-0.0972	2.3468559836174228	-0.007513038850972854	-0.0766	2.363516264905063	0.0027731946255513534	-0.12	2.527175286652343	-0.0014519627848021063	-0.0883	2.577129864976885	0.8756702935690063	0.105	2.5202543223022107	0.46818940021216693	0.0886	2.6103690258481795	0.07160281761477619	0.0972	2.4483046998658273	-0.0014227861137519407	0.0766	2.488032592180042	-0.008143155958635323	0.12	2.6538225423944373	0.0064053298411232	0.0883	2.556700873829317	1.3638673685066947	0.0	2.500005222493497	1.5979779048219391	0.0	2.4416237188595296	1.4625234946562664	0.0	2.5090435503412385	1.2864222702708499	-0.2016	2.511987434940039	1.1025788718522131	-0.1613	2.413015872684962	1.0457832754080156	-0.12	2.636493588882212	1.2787078017258293	0.2016	2.690421972006268	1.0270248604939987	0.1613	2.490605849866374	1.013165857622248	0.12
24	0.4	2.5409121889422943	0.8666726853362489	0.0	2.507116020288823	0.8760487313211576	-0.105	2.4805299880465643	0.48275870219051836	-0.0886	2.514929968769162	0.07096883916792476	-0.0972	2.3469426819802144	-0.007347527958231376	-0.0766	2.36360275027965	0.0029558609742803416	-0.12	2.527298479635771	-0.000334558792223133	-0.0883	2.5772285382206417	0.8758425919445553	0.105	2.520320065770842	0.4682140819682834	0.0886	2.610433309419944	0.07186330293546248	0.0972	2.4486058565613993	-0.0012804622996230794	0.0766	2.488161129797141	-0.007994125332225398	0.12	2.6538749120594614	0.00645582426832883	0.0883	2.55675500649902	1.3638385894794198	0.0	2.500076147650386	1.5980387427967941	0.0	2.4414166544384166	1.4627152858816006	0.0	2.5089535063658017	1.2865043300785763	-0.2016	2.512047475992524	1.1024322531499973	-0.1613	2.4129887944626662	1.045496064530858	-0.12	2.6365915435064875	1.2783979533532945	0.2016	2.690475501051326	1.0270943086876183	0.1613	2.4906961986080907	1.0131299393523792	0.12
25	0.4166666666666667	2.540984735852282	0.8667621285011627	0.0	2.5071946182143496	0.876173922357314	-0.105	2.480762186302554	0.48290443512626324	-0.0886	2.515028470666795	0.07212219321870142	-0.0972	2.3470268562099093	-0.00711744677492164	-0.0766	2.3636820871916675	0.0029768050347619562	-0.12	2.527446227058085	0.0004232972786213096	-0.0883	2.577369628702531	0.8760912457184427	0.105	2.5203954824806565	0.46833486691138776	0.0886	2.610500678820204	0.07239860783692902	0.0972	2.4488201987686256	-0.0010453901658687564	0.0766	2.4883154531209786	-0.007761528034388246	0.12	2.6539375448314035	0.006705483132468638	0.0883	2.5568140007721984	1.3637864535988256	0.0	2.500153450392419	1.5981193387489911	0.0	2.441353250311971	1.4628398847536792	0.0	2.5089789807701504	1.2866220097538497	-0.2016	2.51209594529672	1.1018379705006056	-0.1613	2.4130284448418213	1.0451042658015115	-0.12	2.636698590887737	1.2783252554121196	0.2016	2.6905319981461178	1.027183356203031	0.1613	2.490767005979965	1.0130839279759851	0.12
26	0.43333333333333335	2.5411444670264407	0.8669146618333213	0.0	2.5073406197384913	0.8763557591758976	-0.105	2.48095939755208	0.48309452515942136	-0.0886	2.5151649797858235	0.0732640337608721	-0.0972	2.347132245130024	-0.006885453122363008	-0.0766	2.3637764991931514	0.0026279748843816217	-0.12	2.5275779547922705	0.00128273376905505	-0.0883	2.5777092537950503	0.8764268917877261	0.105	2.520509306801679	0.46850944545309364	0.0886	2.610663182182701	0.07343114915328705	0.0972	2.448997561043922	-0.0007591163187786812	0.0766	2.48857281442192	-0.007495381182252028	0.12	2.6540495882624375	0.007114526754074431	0.0883	2.5569085396446254	1.3636841893082747	0.0	2.50030269112103	1.5982469488479984	0.0	2.441408501732195	1.462976984965332	0.0	2.5092058625904587	1.2867791223870373	-0.2016	2.5122282053694636	1.101473139168444	-0.1613	2.4131598487481205	1.044312974842895	-0.12	2.636772191348979	1.2784388210690176	0.2016	2.690629376319475	1.027291290697926	0.1613	2.490898069176188	1.013144968288134	0.12
27	0.45	2.541288564023952	0.8670837526200198	0.0	2.5074248757092237	0.8765507761722808	-0.105	2.4810257712054042	0.4832483198977453	-0.0886	2.515241981174633	0.07392988165170353	-0.0972	2.347189500111105	-0.006712951616538981	-0.0766	2.36382514683479	0.0024314735962025075	-0.12	2.5276930010557317	0.0019661062091440237	-0.0883	2.578296743394074	0.8767861464923788	0.105	2.5205763603423588	0.4686561049094317	0.0886	2.6107474006562366	0.07380195943777254	0.0972	2.449067973732297	-0.000508160942721464	0.0766	2.489015353437947	-0.007285543103875039	0.12	2.654123988189084	0.007613824506474576	0.0883	2.5569750828678317	1.3636255936496742	0.0	2.5003841281377257	1.5984102626335297	0.0	2.44143085073724	1.463116916238438	0.0	2.509434242197114	1.2869330665893033	-0.2016	2.512331927023297	1.101308352627524	-0.1613	2.413423725690479	1.0438922062491194	-0.12	2.63681389185488	1.2787164010672365	0.2016	2.690693440411407	1.0273529883594854	0.1613	2.490890904661873	1.0132423515678006	0.12
28	0.4666666666666667	2.541419543055745	0.8672837255907693	0.0	2.50744091246569	0.8767699165921372	-0.105	2.481021756460995	0.4833895515592965	-0.0886	2.51526535222784	0.07438626831995365	-0.0972	2.3472066463866486	-0.006541920542259751	-0.0766	2.363836528779445	0.002332261827085777	-0.12	2.5278154103395782	0.0026707451298233695	-0.0883	2.5793418829788304	0.8771546411949345	0.105	2.5205949476520244	0.4688089600554428	0.0886	2.6107919746217974	0.07485652699687242	0.0972	2.4491306123743133	-0.00020399476148873913	0.0766	2.4897768163073053	-0.00707686787442937	0.12	2.6541598240235307	0.008382682827780562	0.0883	2.5569911982702296	1.3634187001716327	0.0	2.500374752184588	1.5986455703776754	0.0	2.4414101057892372	1.463318001629271	0.0	2.5097592426360182	1.2871052239199752	-0.2016	2.512372548721366	1.1013161756682164	-0.1613	2.414022923704559	1.0437828985405417	-0.12	2.6368161229249925	1.27861967762128	0.2016	2.690718423517614	1.0273653247864907	0.1613	2.490675204163973	1.0134020183631571	0.12
29	0.48333333333333334	2.5416675921960707	0.8675085052703408	0.0	2.5074518895827276	0.8770068250630747	-0.105	2.4810166873351607	0.48354431159462713	-0.0886	2.515284285408554	0.0749799092284874	-0.0972	2.347214022827267	-0.006293727887922179	-0.0766	2.363839675075021	0.00235772163314428	-0.12	2.5280654877652187	0.003683017842917219	-0.0883	2.5798303188791185	0.8771093866724202	0.105	2.520606431293337	0.4690097018064596	0.0886	2.6108393939357204	0.07561501160124146	0.0972	2.449167579546481	0.0002808213034869722	0.0766	2.4902566972207354	-0.006784682443972796	0.12	2.654197415988478	0.0095151240837354	0.0883	2.556994836692214	1.3630372409312497	0.0	2.5003390149891818	1.5989233023981437	0.0	2.441396072355034	1.463612979357223	0.0	2.510435804738489	1.2872890361860607	-0.2016	2.512417963433263	1.1014803941268339	-0.1613	2.414445069214386	1.0439076456167637	-0.12	2.6368277231769284	1.2786696736713492	0.2016	2.6907357731741035	1.0272847440583666	0.1613	2.4902302820624502	1.0136426555080618	0.12
30	0.5	2.542189860179497	0.8676691468671315	0.0	2.5074586841511004	0.8771938169983047	-0.105	2.4810057533188323	0.4836266101871336	-0.0886	2.515295638588018	0.07536882208696816	-0.0972	2.3471953254421347	-0.006239120710987749	-0.0766	2.363820890192264	0.002277981819622882	-0.12	2.5285876960649225	0.00439410136990559	-0.0883	2.580046173200001	0.8771376090781583	0.105	2.5206102330287807	0.4690746167841582	0.0886	2.6109210414734942	0.07585927288674252	0.0972	2.4491775501150084	0.0006722123958662132	0.0766	2.490507973640148	-0.006663786410363394	0.12	2.6542309400387682	0.009881169372173322	0.0883	2.5570021643899343	1.3629795004453704	0.0	2.5003215878994993	1.5991837012470944	0.0	2.441374393433922	1.4639824944723236	0.0	2.5110147436810157	1.2875246090122563	-0.2016	2.512492359417904	1.101655591485172	-0.1613	2.4145989768899274	1.0440543131812021	-0.12	2.636858432128094	1.2787976372142842	0.2016	2.6907552515960953	1.0267902253325734	0.1613	2.489392253142161	1.0138852386585817	0.12
31	0.5166666666666666	2.5432093491048486	0.867721172081596	0.0	2.507455228852852	0.8772790658623617	-0.105	2.4809856610540746	0.4835764868464701	-0.0886	2.515300075808536	0.07581397385208777	-0.0972	2.3471625582335602	-0.006313171889587368	-0.0766	2.3637895020015693	0.002122477818231369	-0.12	2.5295540938151837	0.004598499769323916	-0.0883	2.5801262913249516	0.8771409289807234	0.105	2.5206024324801626	0.4689856096361658	0.0886	2.61105332420205	0.07596588501491469	0.0972	2.4491712892838247	0.001103858890624143	0.0766	2.4905922552952693	-0.006596365055198221	0.12	2.65424725012758	0.009950367894857592	0.0883	2.5569982010553836	1.3629459120486598	0.0	2.5002344688543334	1.5993716775663345	0.0	2.441343051734539	1.4641363818412176	0.0	2.511427382870036	1.2876951930205445	-0.2016	2.512660081000177	1.1017025068482715	-0.1613	2.414435641223722	1.0440494969858156	-0.12	2.6368907447711254	1.2788771675104948	0.2016	2.6907673929803226	1.0263996976263838	0.1613	2.488869112193979	1.0140043003664978	0.12
32	0.5333333333333333	2.5436395076772067	0.8676826957005859	0.0	2.507460445880956	0.877262722009067	-0.105	2.4809724664584545	0.48357873346928587	-0.0886	2.5153070435986193	0.07630947506610423	-0.0972	2.34712490912188	-0.006496042175366111	-0.0766	2.363754523973863	0.0019082342634100663	-0.12	2.5299794646964178	0.00447083467148917	-0.0883	2.5801634145744243	0.8771132368001967	0.105	2.5205964498019133	0.4689328446127824	0.0886	2.6113021985124303	0.07606238155532152	0.0972	2.449164015939391	0.0015475353219491436	0.0766	2.490678969828429	-0.006523855458814488	0.12	2.654258998869443	0.009802086701857109	0.0883	2.556993880972713	1.3628977637786202	0.0	2.500034425052057	1.5994221298904399	0.0	2.4413117612528428	1.464035729032334	0.0	2.511593114081217	1.287754561704593	-0.2016	2.5131446109418047	1.1015626489147217	-0.1613	2.4149352178120593	1.0437962269776384	-0.12	2.6369372765520556	1.2788612309752243	0.2016	2.6907818332634306	1.0261084571788692	0.1613	2.4886592863146633	1.014025525218146	0.12
33	0.55	2.5438166326513523	0.8675881582439051	0.0	2.507502846887319	0.8771905973177309	-0.105	2.480972360258944	0.4835130208997872	-0.0886	2.515315079125322	0.07640464328037694	-0.0972	2.3470935598053906	-0.006710840016301893	-0.0766	2.363727355797893	0.0017429872246363456	-0.12	2.5301429198232963	0.0042506114484952215	-0.0883	2.5801950144199823	0.8770830450345525	0.105	2.5206002404960066	0.46890245119090995	0.0886	2.6117890915805937	0.07624827569404913	0.0972	2.449163067449974	0.0016975420665824442	0.0766	2.4907331521915697	-0.006350149705172038	0.12	2.654276726730905	0.009591224711356698	0.0883	2.5570009954361	1.3628222493274726	0.0	2.4996061439581685	1.5993074642491139	0.0	2.441290758897582	1.4635410090907266	0.0	2.5116834281285034	1.2876939546345625	-0.2016	2.5145427556342934	1.1010376545900848	-0.1613	2.4153323214774596	1.0431374298509586	-0.12	2.6370078588564283	1.2787100570053012	0.2016	2.690804088946345	1.0259017380049766	0.1613	2.488516261795494	1.0139959263526952	0.12
34	0.5666666666666667	2.543866742927642	0.8675663466236239	0.0	2.5075635642612126	0.8772145367863349	-0.105	2.4809538169654335	0.4834610210888549	-0.0886	2.515306813333883	0.07627128885443621	-0.0972	2.34703637042109	-0.006959396439128754	-0.0766	2.3636758819900914	0.0015274661889335614	-0.12	2.53022897125823	0.003974529625379732	-0.0883	2.5802029111256406	0.8770420029874628	0.105	2.5205912129349004	0.4688553540234319	0.0886	2.612678482803607	0.07670175404830604	0.0972	2.4491269545652616	0.0015911333908540798	0.0766	2.490729381452563	-0.0060703902977631355	0.12	2.654288311707431	0.009342520140837501	0.0883	2.556994586610657	1.36292259863958	0.0	2.4987139167124637	1.599286767333908	0.0	2.441237145725459	1.4628100826694388	0.0	2.511704953123069	1.2877475864764278	-0.2016	2.5156644120561773	1.1000015273744763	-0.1613	2.415675275112184	1.0420127634377356	-0.12	2.637062493997128	1.2785726558640627	0.2016	2.6908272173620595	1.0258668912910625	0.1613	2.4884042434181963	1.014032322628142	0.12
35	0.5833333333333334	2.5438789901116166	0.8675457134179715	0.0	2.5077133542244674	0.8772719485559765	-0.105	2.480941110073962	0.4834294176396999	-0.0886	2.5152997268428297	0.07613565240284402	-0.0972	2.3469810713259553	-0.007189978918733103	-0.0766	2.3636259562785322	0.0013316089840219453	-0.12	2.530269538217755	0.0037744006869410845	-0.0883	2.580209219083212	0.8770542860454122	0.105	2.520583218701548	0.46880557992660465	0.0886	2.6131313430826792	0.07681952615153728	0.0972	2.4490882180960294	0.0014601565626719895	0.0766	2.490701947832952	-0.0060529501488001125	0.12	2.654291239766115	0.009158922128264559	0.0883	2.5569835518975954	1.363007930591161	0.0	2.498135051648659	1.5990274850300648	0.0	2.4411915231129973	1.4622116750336358	0.0	2.5116989700362753	1.2877311891543137	-0.2016	2.517096649631389	1.0994132384245952	-0.1613	2.416261560881656	1.0414604496612363	-0.12	2.637097315241391	1.2782028046099905	0.2016	2.6908442820533454	1.0258584280045306	0.1613	2.488323801860451	1.0140704978045543	0.12
36	0.6	2.543886374690708	0.8676187849488016	0.0	2.5079954724177127	0.8772959955187432	-0.105	2.4809403361607427	0.48340590759226726	-0.0886	2.515304421446731	0.07613576589303503	-0.0972	2.3469333928236487	-0.007309675257644338	-0.0766	2.363584256255057	0.0012855525290972752	-0.12	2.5302872650573085	0.003729200897986458	-0.0883	2.5802260128593932	0.8770517207490197	0.105	2.5205858597294117	0.4688545903550865	0.0886	2.613298938826646	0.0768628201050407	0.0972	2.4490533324828987	0.0014402739510572249	0.0766	2.4906635250410263	-0.006185667864275324	0.12	2.654297665338855	0.009087707197205093	0.0883	2.556979936036096	1.3632089490980515	0.0	2.4977849056208883	1.5986226623836322	0.0	2.4411629484369803	1.4618728898664264	0.0	2.511686979276239	1.2877857651449933	-0.2016	2.5175061311172016	1.099324914498303	-0.1613	2.4172970427697944	1.0412891975020644	-0.12	2.6371239896915455	1.2775701306542309	0.2016	2.6908674515899285	1.0259489855578556	0.1613	2.48826175909743	1.0141861061323485	0.12
37	0.6166666666666667	2.543898495811872	0.8676846126324135	0.0	2.5085128148748725	0.8773472407941627	-0.105	2.4809571051337	0.4833905681012438	-0.0886	2.5153234127876583	0.07609453884966683	-0.0972	2.346897016986423	-0.007422090365861722	-0.0766	2.3635534517290995	0.0012564514576146116	-0.12	2.5303003043582506	0.0036630206964852405	-0.0883	2.580260174422641	0.8770820472961272	0.105	2.520604465058464	0.4689366007549745	0.0886	2.6133770173826703	0.07666725153273005	0.0972	2.4490220612976104	0.0013852224828643234	0.0766	2.4906139099531033	-0.006552410095096647	0.12	2.6543073317985493	0.00901275941387545	0.0883	2.556988785719725	1.3633713357159247	0.0	2.4976281877559425	1.5984404057754207	0.0	2.4411542713772536	1.4614072565247431	0.0	2.5116722200604107	1.2876536464467576	-0.2016	2.5176349803455644	1.0992683540587946	-0.1613	2.4176130771675473	1.0411037499287912	-0.12	2.637151962249531	1.2773288755193126	0.2016	2.690897185228833	1.0260276509970196	0.1613	2.488205198167148	1.014282963727018	0.12
38	0.6333333333333333	2.5439699330137064	0.8677122560519346	0.0	2.5093961220854974	0.8773961336232577	-0.105	2.4809681009417144	0.4833765842913208	-0.0886	2.5153464564809447	0.07604660796127032	-0.0972	2.3469114817594163	-0.007516838226023136	-0.0766	2.3635732161590046	0.0012897257342519078	-0.12	2.5303754316649503	0.0035993555355160883	-0.0883	2.5802945648361875	0.8771228619991691	0.105	2.5206267725317084	0.4690848300222189	0.0886	2.613463108425685	0.07622055923866294	0.0972	2.449043352676354	0.001325801949394155	0.0766	2.4906261826200087	-0.006630030070524359	0.12	2.654370765414129	0.008944391641728486	0.0883	2.556993355102609	1.3634796960189755	0.0	2.49763058937767	1.5983779145250316	0.0	2.44111825638546	1.4605893662866791	0.0	2.5117107586917444	1.287027166409155	-0.2016	2.517759700824554	1.099068751474391	-0.1613	2.417770617514776	1.0408359199812838	-0.12	2.6371585232400023	1.2772570674400732	0.2016	2.690966243016019	1.0260738403666667	0.1613	2.488247525336102	1.0143586353228644	0.12
39	0.65	2.5440619263106683	0.8677766263563338	0.0	2.5097872663193734	0.8773962812538196	-0.105	2.4810231873277093	0.48334980621814233	-0.0886	2.515405790857464	0.07601671097025559	-0.0972	2.3469642098649928	-0.0075777260806426106	-0.0766	2.3636324702704337	0.0014749792019023641	-0.12	2.5304755024510714	0.0035652688364713886	-0.0883	2.580363819013985	0.8771229261022635	0.105	2.520690282266075	0.46935136203552086	0.0886	2.61359692114985	0.07546516886373447	0.0972	2.449108818147014	0.001293259506133966	0.0766	2.490666586764337	-0.006365779096147911	0.12	2.654466464244317	0.00889521583524621	0.0883	2.557046501303894	1.363532616543495	0.0	2.497704862517635	1.5982980640132163	0.0	2.441161970248165	1.4602650640749095	0.0	2.511794550119178	1.2864923089689884	-0.2016	2.51786074786874	1.0984495881238392	-0.1613	2.417907022724249	1.040229307805818	-0.12	2.6371383155903807	1.27717124723942	0.2016	2.691047171046364	1.026043770082203	0.1613	2.4883590605756076	1.0143675095886127	0.12
40	0.6666666666666666	2.5441263245463426	0.8678030038996118	0.0	2.5099555306637504	0.8773862565015461	-0.105	2.481072967088415	0.4833170803008531	-0.0886	2.5154573659594304	0.07599345746452049	-0.0972	2.347009912926621	-0.007623109128806066	-0.0766	2.363688484932658	0.00189676611857853	-0.12	2.5305360051340333	0.0035474604606911056	-0.0883	2.5804162926020693	0.8771102818212976	0.105	2.5207534835629044	0.4698488197694933	0.0886	2.6136684622257564	0.07511502259069898	0.0972	2.449166084610964	0.0012737264268098056	0.0766	2.490700469279432	-0.006222338922130248	0.12	2.6545409350254587	0.00885402646003304	0.0883	2.557081512267525	1.363552746404744	0.0	2.4977607613695283	1.5982256118759117	0.0	2.4412057653313646	1.460098655822704	0.0	2.511866828747295	1.2861610230937361	-0.2016	2.5179084033085064	1.0973388288332702	-0.1613	2.4179778182307814	1.0401964684066296	-0.12	2.6371361817393595	1.2771029125163276	0.2016	2.6911044962083213	1.0259644102071641	0.1613	2.488445209631677	1.0143471922068086	0.12
41	0.6833333333333333	2.5441628565746144	0.8677598486509612	0.0	2.510075359839725	0.8773186476974209	-0.105	2.4811055702853717	0.4832495448147022	-0.0886	2.5154908916917855	0.07589507700089981	-0.0972	2.347040286345624	-0.007707970161150525	-0.0766	2.3637360974487955	0.00258421602064874	-0.12	2.530560972201641	0.003472152566812839	-0.0883	2.580448465496168	0.8770508191064222	0.105	2.5208071065155324	0.4705973657915464	0.0886	2.613669839114528	0.07495144802642181	0.0972	2.449194140834714	0.0011914615999396722	0.0766	2.4907493261119296	-0.00612359380782454	0.12	2.654586353123706	0.008780391456119141	0.0883	2.557057224390096	1.3635351441228452	0.0	2.497788550544385	1.5981459042564774	0.0	2.4412324347078282	1.4599916914670699	0.0	2.5119088124425297	1.2859259749700949	-0.2016	2.517933891426187	1.09695336133891	-0.1613	2.417982452337585	1.0407647902298554	-0.12	2.63713710146144	1.2770204919130264	0.2016	2.6911430327320813	1.02593126550356	0.1613	2.488504270658618	1.0142828043160381	0.12
42	0.7	2.5441697443056133	0.8676810462961075	0.0	2.5101901697807776	0.8772223426236329	-0.105	2.481113343114793	0.48316304394012766	-0.0886	2.515504279266919	0.0757471207157397	-0.0972	2.347051681974228	-0.007808447161174334	-0.0766	2.3637578218657924	0.002903159089838514	-0.12	2.530555609993536	0.0033615924002311434	-0.0883	2.580456478571258	0.8769658442308775	0.105	2.520830148090274	0.47081233671749273	0.0886	2.613573365195294	0.07492037368504281	0.0972	2.4491703836131786	0.0010634607939227214	0.0766	2.4906778231979243	-0.0060640495420790225	0.12	2.654595444541711	0.008688574260325127	0.0883	2.556892497709509	1.363512796856129	0.0	2.4977803774495295	1.5980835087752574	0.0	2.4412290780919004	1.459968414637167	0.0	2.5119095188626073	1.2857708491459607	-0.2016	2.5179282507546894	1.096736753288722	-0.1613	2.418036165062873	1.0410082241224337	-0.12	2.637131822290638	1.276955233976753	0.2016	2.6911558971914484	1.0259058964612333	0.1613	2.488536585804481	1.0142067600507931	0.12
43	0.7166666666666667	2.5442386421138936	0.8676030207322211	0.0	2.51033577102861	0.8771319167396802	-0.105	2.4811778255677113	0.4830984507478098	-0.0886	2.515552827952206	0.07562740004360687	-0.0972	2.347103181747315	-0.007853944016384354	-0.0766	2.3638137757877504	0.0030325516984302456	-0.12	2.5305930575677005	0.0032970830850244034	-0.0883	2.5805181082090787	0.8768784908243461	0.105	2.5208883777596336	0.4709089057907476	0.0886	2.6135203279974917	0.07458004294417739	0.0972	2.449187736687851	0.0009619153224793425	0.0766	2.4905950141491378	-0.0060427899106915706	0.12	2.654656118791928	0.008634752160669446	0.0883	2.5565773933391824	1.3635023496618253	0.0	2.497855764316923	1.5980393718867518	0.0	2.4412947837227192	1.4600477875417532	0.0	2.511997576031985	1.2856761223204363	-0.2016	2.5180145927285107	1.0966101113692028	-0.1613	2.4181594021206037	1.0411507514918612	-0.12	2.6371701798222436	1.2769213302625622	0.2016	2.691202961349608	1.0258647688704265	0.1613	2.4887143775113065	1.0141389064236868	0.12
44	0.7333333333333333	2.5442699965848936	0.8675271831959048	0.0	2.5103980926939093	0.8770437904597576	-0.105	2.481217084500847	0.48307462246574595	-0.0886	2.515578684650384	0.07554005724698676	-0.0972	2.3471409996520483	-0.007825099765724985	-0.0766	2.363852391551787	0.003122942733048799	-0.12	2.5305858994341253	0.0033104169491109947	-0.0883	2.5805454876758667	0.8767884364193295	0.105	2.5209198622692908	0.47095517695932887	0.0886	2.6134709203435276	0.07439448702878916	0.0972	2.449115341411448	0.0008997706115004833	0.0766	2.49046319597257	-0.006006039031448869	0.12	2.6546623978114785	0.008649520454228829	0.0883	2.555681085892963	1.3635183526197063	0.0	2.497894597110973	1.5980140774883542	0.0	2.4413441525359794	1.4602658784087836	0.0	2.5120506583437376	1.285621149408926	-0.2016	2.518052268789722	1.096535336932157	-0.1613	2.418213246679083	1.0412267244941529	-0.12	2.6371903823979457	1.2769207467711623	0.2016	2.6912051441676645	1.0258187444705464	0.1613	2.4889777012837504	1.0140804894642275	0.12
45	0.75	2.544248430511163	0.8674784839022257	0.0	2.5103691211009322	0.876980386132628	-0.105	2.481211456132774	0.48312075375692426	-0.0886	2.515565483157332	0.07540205809932962	-0.0972	2.3471428107706656	-0.007840794908467237	-0.0766	2.3638549329258756	0.0032292914818036478	-0.12	2.5305851523418044	0.0033015832990940797	-0.0883	2.580523617873519	0.8767329223999766	0.105	2.5209189915729913	0.4710279621494652	0.0886	2.613403585149734	0.07447866389433011	0.0972	2.4490493450863946	0.0008991026979015271	0.0766	2.49025588628796	-0.0059036068986927925	0.12	2.654669879274639	0.008630807006571033	0.0883	2.5550954615626056	1.3635233392834412	0.0	2.4978751971347957	1.5979773122379701	0.0	2.4413539530851396	1.4607432338000506	0.0	2.5120406563325766	1.2856563452930048	-0.2016	2.518031752114595	1.0965611043040995	-0.1613	2.418176683057869	1.0412751359908226	-0.12	2.6371725600977034	1.276910631437407	0.2016	2.691207699879541	1.0257951057819081	0.1613	2.4894436343259385	1.014043188946088	0.12
46	0.7666666666666666	2.544228376299457	0.8674712835551693	0.0	2.5103230288220617	0.8769619496372925	-0.105	2.481196651645549	0.4831191644753284	-0.0886	2.515543704861242	0.07509692416656126	-0.0972	2.347117129418898	-0.007876275020529018	-0.0766	2.363829570668451	0.003223162304318593	-0.12	2.5305653227623064	0.0032562755483964492	-0.0883	2.5805056594246603	0.8767361246354342	0.105	2.5209153433711027	0.47107668744662745	0.0886	2.613276177508312	0.07468505507445407	0.0972	2.448815419090822	0.0008185121276975751	0.0766	2.489686481155087	-0.005865187770506021	0.12	2.654678110002632	0.008595614693826997	0.0883	2.5547861363676283	1.3635168824754245	0.0	2.49783222700467	1.5979099151906329	0.0	2.441328078441562	1.4612316625240682	0.0	2.512024209805341	1.2856729798956679	-0.2016	2.518021003043166	1.096527551317939	-0.1613	2.418087003659857	1.0413582122170812	-0.12	2.6371579655879342	1.2768996969180701	0.2016	2.691210614660602	1.0258212062793117	0.1613	2.4903286223532666	1.0140335894531682	0.12
47	0.7833333333333333	2.5441971177301883	0.8674906901345014	0.0	2.5102308640768736	0.8769652282985336	-0.105	2.48116551190241	0.4830696986096342	-0.0886	2.515508441960047	0.07465260379379506	-0.0972	2.3470621378314016	-0.007908152999574335	-0.0766	2.3637742912025517	0.0031513320365149436	-0.12	2.53052262505748	0.00318749867061293	-0.0883	2.5804785338136527	0.8767835467821025	0.105	2.5209067295741416	0.4711275818143555	0.0886	2.612836699914176	0.07514350086950679	0.0972	2.448275176780126	0.0006316702219893514	0.0766	2.4894659809057207	-0.005859410647046745	0.12	2.6546730310306543	0.00856295936651006	0.0883	2.5545752272262465	1.3635018648963297	0.0	2.4977449036866637	1.5979875217602946	0.0	2.441229601440641	1.4616063659580196	0.0	2.5119845326224906	1.2856798954862265	-0.2016	2.5180122369285947	1.0966079797692265	-0.1613	2.41800836395148	1.0414546089022332	-0.12	2.6371351154870384	1.2768855140386266	0.2016	2.691200787031339	1.025870316008572	0.1613	2.4907048376268426	1.0140537544861306	0.12
48	0.8	2.544170364767601	0.8674665912680539	0.0	2.5102405351698707	0.8768794704850849	-0.105	2.4811377302340505	0.4830240196875783	-0.0886	2.515487446280817	0.0747982163801152	-0.0972	2.3470570823020234	-0.00791887759583796	-0.0766	2.3637675012963855	0.0030362650923730014	-0.12	2.530527733639293	0.003094396919144017	-0.0883	2.5804551772705646	0.8768159919192199	0.105	2.5208937591213227	0.4711750069637273	0.0886	2.6120886657208504	0.07593151250925598	0.0972	2.447412080019958	0.00025836125997440174	0.0766	2.4889462570363845	-0.005825096187704472	0.12	2.6546682722765715	0.00855122786909955	0.0883	2.554548742943074	1.3634719784523273	0.0	2.497746740875872	1.598048148313527	0.0	2.441158923632368	1.4618280268215487	0.0	2.5119413830567603	1.2856790028198422	-0.2016	2.5180025821298373	1.0966523051599324	-0.1613	2.418021878342422	1.0415124425361069	-0.12	2.6371131918847177	1.2768634855548247	0.2016	2.691188371660949	1.0258927442473562	0.1613	2.490935373054703	1.014062842891533	0.12
49	0.8166666666666667	2.5441708253048643	0.8673697512058125	0.0	2.5102675798922363	0.8765922052339623	-0.105	2.481141843603399	0.4829728116454537	-0.0886	2.5154790484222094	0.07478566138055218	-0.0972	2.347075560030677	-0.007879774249971098	-0.0766	2.3637813076491274	0.002896668502496841	-0.12	2.530538138108006	0.0029842645903732368	-0.0883	2.580454355456919	0.8768617465458645	0.105	2.520905846887197	0.47128725186094483	0.0886	2.611596800409049	0.0763881957068358	0.0972	2.4469577824499025	-0.00044262169082545655	0.0766	2.4886923558564407	-0.005693661264079053	0.12	2.6546926194527547	0.008590827285638244	0.0883	2.554565332439313	1.363420984457988	0.0	2.4977738109908345	1.5981033021178166	0.0	2.4410154512673534	1.461787617917908	0.0	2.5119324467356967	1.2856668359574623	-0.2016	2.517988010143974	1.0967007950066339	-0.1613	2.4180511932897235	1.0415563715918754	-0.12	2.637104577790242	1.2768258559815888	0.2016	2.6911853224382276	1.025897934091003	0.1613	2.491059408730623	1.014063929571939	0.12
50	0.8333333333333334	2.5441496262364534	0.8669547177401331	0.0	2.510235805200065	0.8755718092719292	-0.105	2.4811323230450255	0.48290772143893357	-0.0886	2.5154514942240835	0.07442266779126486	-0.0972	2.3470739894742567	-0.007922443804012358	-0.0766	2.3637773026825952	0.002777974960865799	-0.12	2.530520917580321	0.0025111641922476308	-0.0883	2.5804389398917174	0.8768390427065713	0.105	2.5209155176091835	0.4713038340869299	0.0886	2.6113844657678253	0.07667094239699772	0.0972	2.4467562614109073	-0.0007516174733241052	0.0766	2.4885212480751644	-0.0056787595725794685	0.12	2.6547274797171307	0.008558134638439963	0.0883	2.554554283198891	1.3633337988526617	0.0	2.4977636478822665	1.598204142512532	0.0	2.440581748950226	1.4614081622530717	0.0	2.5118743492664755	1.2856070560234434	-0.2016	2.517960180039094	1.0966951494750616	-0.1613	2.4179946952024216	1.0415617530236956	-0.12	2.637084532666594	1.276743069271979	0.2016	2.691169524377818	1.025849231615429	0.1613	2.491092657402657	1.0140260080283574	0.12
51	0.85	2.544077306056385	0.8657934493994758	0.0	2.5101232977705297	0.8748480855589496	-0.105	2.481085275198719	0.4828159972252735	-0.0886	2.5154075703550993	0.07434251968025551	-0.0972	2.347032472665729	-0.00805853119852351	-0.0766	2.363736219936699	0.0026766458761871004	-0.12	2.530460363874504	0.0012948054269455098	-0.0883	2.580389421022438	0.8766536072373621	0.105	2.520916072928689	0.4711925736530614	0.0886	2.6112145168930185	0.07666830618726259	0.0972	2.4465957693476543	-0.0008469371918435886	0.0766	2.488361179736156	-0.005873586739689102	0.12	2.65477657244569	0.008426694620359144	0.0883	2.5544865147692173	1.363200871494572	0.0	2.4976703285387707	1.598388094139038	0.0	2.4394705456374552	1.460595667791221	0.0	2.5116669662221267	1.2854689410883495	-0.2016	2.517902485966367	1.0966246568225604	-0.1613	2.417755912783188	1.0415169791539935	-0.12	2.6370359063592947	1.2765982236857214	0.2016	2.6911255595495005	1.0257329775837865	0.1613	2.4910614191147133	1.0139456871834513	0.12
52	0.8666666666666667	2.5439964857864896	0.864834242075954	0.0	2.510068140559177	0.8741315298078736	-0.105	2.4810192053721987	0.4826245064515433	-0.0886	2.5153645158285394	0.07453032974635868	-0.0972	2.346969616384354	-0.008269438862296592	-0.0766	2.3636761874147862	0.0025882092708655463	-0.12	2.5304011455893325	0.0003612720693615609	-0.0883	2.580320312225445	0.8760455136977845	0.105	2.5209276574245285	0.4708937612328099	0.0886	2.6110763642631882	0.07639805406288347	0.0972	2.4464700397351984	-0.0007750517722012809	0.0766	2.4882219609471536	-0.006415679321284638	0.12	2.6549212385478027	0.008192722103122559	0.0883	2.5543934495341647	1.3630094469972354	0.0	2.4974717403786078	1.5987390029190007	0.0	2.438845184278415	1.4600193231020717	0.0	2.511163468275703	1.2851673447838226	-0.2016	2.51784262818412	1.09641603960482	-0.1613	2.417230795785885	1.0413890334890652	-0.12	2.636969705071403	1.2763625348647256	0.2016	2.691069025609097	1.0255297111453414	0.1613	2.4910120342578903	1.0138068541924994	0.12
53	0.8833333333333333	2.5439060681910366	0.8644283229241533	0.0	2.50994776172084	0.8737759344319542	-0.105	2.480925717953871	0.48251597888362247	-0.0886	2.5153155789807915	0.07461026588374026	-0.0972	2.3468843943339492	-0.00840830776263958	-0.0766	2.363592550089186	0.002483427720787308	-0.12	2.5303506643815026	4.747469209622629e-05	-0.0883	2.5802233699504358	0.8749221884532551	0.105	2.52096434667752	0.4707058103919219	0.0886	2.6109398608954564	0.07624937941085734	0.0972	2.446328062864528	-0.0011022378630373836	0.0766	2.4880676613752373	-0.007181780905621285	0.12	2.6552862881250707	0.008044235297869802	0.0883	2.5542498110481353	1.3628924714398278	0.0	2.4971898067816554	1.5987338427677364	0.0	2.4384891282027126	1.4598511186670118	0.0	2.5099294117069664	1.2849913644954687	-0.2016	2.517783540167711	1.0965447331673015	-0.1613	2.416148961490958	1.0412735943488676	-0.12	2.6368808504120107	1.2762419520704664	0.2016	2.6909955678841784	1.0254086060071559	0.1613	2.4909325519188137	1.0137119058900421	0.12
54	0.9	2.5438512519904366	0.8642904824826644	0.0	2.509822616047328	0.8735780065429262	-0.105	2.4808548760954827	0.48247930244534587	-0.0886	2.515293449623755	0.07464199205439374	-0.0972	2.3468348276701345	-0.008461722872958023	-0.0766	2.3635421857847843	0.0023751211865117444	-0.12	2.5303353932382837	-3.9662853420163735e-05	-0.0883	2.5801774181034567	0.8749224922700425	0.105	2.520998189188165	0.470583110575227	0.0886	2.61086698379048	0.07620464217502938	0.0972	2.4462500319471463	-0.0017417408720576885	0.0766	2.4879702952569396	-0.008326073613333596	0.12	2.656176358742947	0.007972451966052604	0.0883	2.5541348302409426	1.3628165170860125	0.0	2.4966689115257314	1.5992347664751836	0.0	2.4383540597827142	1.4600333313329996	0.0	2.5092552948758806	1.28486151190469	-0.2016	2.5178207133962345	1.0972928778333562	-0.1613	2.415562991946331	1.0411167093229796	-0.12	2.6368182961114783	1.276192438757676	0.2016	2.690943839148704	1.0253556229447554	0.1613	2.490903083487595	1.0136037678294274	0.12
55	0.9166666666666666	2.5438515259127428	0.8642851286496384	0.0	2.5096767898943706	0.8734007228380551	-0.105	2.4808449736753944	0.4824709788965913	-0.0886	2.5153213847621365	0.07455068840221421	-0.0972	2.346835427505965	-0.00852576941624611	-0.0766	2.3635414905709817	0.0021679140813734774	-0.12	2.5303672572173026	-0.00011829698669831717	-0.0883	2.580172738727586	0.8741215699946756	0.105	2.5210154489477685	0.47043376641505846	0.0886	2.610908580306346	0.0761303630745882	0.0972	2.4462740571734063	-0.0020316222614489357	0.0766	2.4879866766253174	-0.00880149306656499	0.12	2.656732572990743	0.007905001979793568	0.0883	2.554068946806533	1.3628424888472517	0.0	2.4956603428038435	1.5996767155290499	0.0	2.438350647446131	1.4598371378682131	0.0	2.508999774726091	1.2848206680578698	-0.2016	2.5177682828792403	1.0978928978849407	-0.1613	2.4153781417126163	1.0410746498248766	-0.12	2.6368242520858507	1.2762240880725	0.2016	2.690961852777096	1.025363252611725	0.1613	2.4909490697135914	1.013585990927389	0.12
56	0.9333333333333333	2.543878857055781	0.8642605446953401	0.0	2.5093355550414973	0.872870658021151	-0.105	2.4808675562211033	0.48247960821864583	-0.0886	2.5153735088315403	0.07432411522523981	-0.0972	2.3468777731095725	-0.008550621099107023	-0.0766	2.3635772840365945	0.0017942696669983396	-0.12	2.5304274994970304	-0.00013746662107357727	-0.0883	2.5802067123924433	0.8736768578622176	0.105	2.521023616215221	0.47017421725599623	0.0886	2.610981205388391	0.07606624119319616	0.0972	2.446345743949842	-0.0021784925372701006	0.0766	2.4880513433343725	-0.008960961928219865	0.12	2.657025772365969	0.00787967293983232	0.0883	2.553921275762185	1.362842374319875	0.0	2.495320595224844	1.5998584272717702	0.0	2.4384140679612796	1.4598537175531858	0.0	2.508865740127965	1.284631951118548	-0.2016	2.5177629657972624	1.0982219738329575	-0.1613	2.4153631050807296	1.0410184078313398	-0.12	2.636848760021738	1.276230074882319	0.2016	2.6910058505335117	1.0253621472968582	0.1613	2.4910399243994212	1.0135361596103158	0.12
57	0.95	2.543968293222248	0.864306594678279	0.0	2.508538746378512	0.8717501282506995	-0.105	2.480957545608126	0.482513231446074	-0.0886	2.5154574743695868	0.07386712142098764	-0.0972	2.3469754277034047	-0.008596317174303786	-0.0766	2.3636838060969	0.0020806081526304407	-0.12	2.530522357487635	-0.00018157711861139375	-0.0883	2.5803146062284115	0.8734513225567846	0.105	2.521021974384962	0.46966788497583944	0.0886	2.6111583475316964	0.075934063023296	0.0972	2.446510385505	-0.0022978290185408645	0.0766	2.488217888145615	-0.009071419091229223	0.12	2.6572478214135087	0.007847408444008788	0.0883	2.553622451014233	1.3629289305333425	0.0	2.4953291617515747	1.6000378111136602	0.0	2.4385787447655307	1.4603076809951743	0.0	2.5087786496724203	1.2843871179958892	-0.2016	2.517834141685296	1.098496231326043	-0.1613	2.4154617618755614	1.0410744061056607	-0.12	2.6369300597710477	1.2762920560103839	0.2016	2.691126901063281	1.0254059430829117	0.1613	2.491205366782424	1.0135617855080903	0.12
58	0.9666666666666667	2.5440210327607042	0.8643889595837162	0.0	2.508125656696754	0.8714542941267246	-0.105	2.481068987970481	0.4825250693475947	-0.0886	2.515532431977897	0.07327727655072575	-0.0972	2.3470621926680777	-0.00857317653723922	-0.0766	2.3637758288439144	0.0022369475742685663	-0.12	2.5306130235290394	-0.00014094814287186896	-0.0883	2.58041682191831	0.8731765193105095	0.105	2.521027495838827	0.4687157106828215	0.0886	2.611285681375151	0.07576966582181022	0.0972	2.4466308633763756	-0.002294916324096785	0.0766	2.488344887146615	-0.009055405353560718	0.12	2.6573300184279307	0.007880106569349364	0.0883	2.5527691915844626	1.363032349630399	0.0	2.49536800180304	1.6001326516404062	0.0	2.4386879139917084	1.4603977119974405	0.0	2.5083597418079258	1.2838750333712234	-0.2016	2.517829273054826	1.0987107678552868	-0.1613	2.415542454217804	1.0412219074800202	-0.12	2.6369554898445595	1.2763595202332643	0.2016	2.691244139651469	1.0254586847475342	0.1613	2.4913414356871346	1.0136264400089967	0.12
59	0.9833333333333333	2.5440087208994138	0.8644499785670463	0.0	2.507984165257847	0.8713713461711865	-0.105	2.4811886881642535	0.48255737548073946	-0.0886	2.515615657918681	0.07306618370953685	-0.0972	2.3471657873183283	-0.008481025653850206	-0.0766	2.3638813023949234	0.0023334184835180835	-0.12	2.530702345171833	-3.125488167644158e-05	-0.0883	2.580513406743324	0.872489020653503	0.105	2.521061659437794	0.4683499345096819	0.0886	2.6114032085873853	0.07549573786963276	0.0972	2.4467612598705237	-0.0021941638295535984	0.0766	2.4884864151092563	-0.008948565467618706	0.12	2.6573437339796437	0.007971058422342261	0.0883	2.5524749892043106	1.3630844402661126	0.0	2.4954431890792774	1.6002288827746083	0.0	2.4388107827309287	1.4606780954105871	0.0	2.5073831187426037	1.2831809341024472	-0.2016	2.517674756458778	1.098817180415001	-0.1613	2.415635405361459	1.0414606369515698	-0.12	2.6368924679200143	1.276392363520473	0.2016	2.6913573094593444	1.0254915193503775	0.1613	2.4914736859069553	1.0136826353693016	0.12
60	1.0	2.5440891001442303	0.8644201491957155	0.0	2.50785313678942	0.8712569873909174	-0.105	2.4811875520334823	0.4825813920974479	-0.0886	2.5156461515696154	0.07312620359658797	-0.0972	2.347200727663023	-0.008351409914548684	-0.0766	2.363915279977094	0.002359114439269616	-0.12	2.5307288333411493	9.960588942287824e-05	-0.0883	2.5805398768168852	0.8728471664797787	0.105	2.5210693336839443	0.46821028318326086	0.0886	2.611453624149533	0.07494517373392144	0.0972	2.4468345663363618	-0.002048037804670326	0.0766	2.4885843070564158	-0.008811445116663798	0.12	2.6574551425799338	0.008080878335034021	0.0883	2.5523160267788776	1.3630779307917313	0.0	2.4954302808825815	1.6001855556607956	0.0	2.438846622381434	1.4610487625818718	0.0	2.506987862205832	1.2829019355880589	-0.2016	2.51701837391055	1.098971297694906	-0.1613	2.415664426980263	1.0418895154765273	-0.12	2.636867374893976	1.2763595962991576	0.2016	2.691364002060701	1.0254885314636384	0.1613	2.49154839972526	1.0136973561951148	0.12
61	1.0166666666666666	2.5440622934979134	0.8643905658179389	0.0	2.5077313167068795	0.871184476266998	-0.105	2.4810240417518616	0.48260432024468003	-0.0886	2.5156490078475717	0.07337579263695546	-0.0972	2.347151097781164	-0.008223567809658515	-0.0766	2.3638696025334553	0.0023587307131211765	-0.12	2.5307248366116464	0.00020153410728546844	-0.0883	2.5804951179436073	0.8726238000601803	0.105	2.5210725881999223	0.46816547599962444	0.0886	2.6115310354953696	0.07486703922115422	0.0972	2.4469123597992786	-0.0019155592827524853	0.0766	2.488725165299497	-0.008704050095019053	0.12	2.6574995395608143	0.008175852775682321	0.0883	2.5522477999390802	1.363098296854977	0.0	2.4953790508352993	1.6001871547118574	0.0	2.4388228333581723	1.4613900428608402	0.0	2.5068475421910805	1.2828352117411348	-0.2016	2.516904110621211	1.0992521272939253	-0.1613	2.415670117438094	1.0429877495076134	-0.12	2.636644374160944	1.276346957937786	0.2016	2.6913137059728993	1.0254956967739794	0.1613	2.4916224539335627	1.0137512933545323	0.12
62	1.0333333333333332	2.543869532988794	0.8642816896990466	0.0	2.507573529826678	0.8710177850698285	-0.105	2.4804940775099533	0.48261176853842236	-0.0886	2.515621836789906	0.07318311946224479	-0.0972	2.3469645316353738	-0.008110505632426053	-0.0766	2.363700834526432	0.0023530914700443245	-0.12	2.530702527743385	0.0002513151307212552	-0.0883	2.5803561708182543	0.8715271309015575	0.105	2.5210814016497367	0.468116573812828	0.0886	2.6116775374352437	0.07437779388730574	0.0972	2.447055508476425	-0.0018215702426327002	0.0766	2.489023974526653	-0.008647412674716554	0.12	2.6575253828453755	0.008241663260540509	0.0883	2.55224016196642	1.3631428092923257	0.0	2.495284127371934	1.6002184660342125	0.0	2.438713828885824	1.4616098276768072	0.0	2.506822396107236	1.282932512326879	-0.2016	2.5161825738340298	1.099830365616876	-0.1613	2.4156353800853423	1.0436795737500761	-0.12	2.6360941000077234	1.2763412641815834	0.2016	2.6911907343608856	1.025500085018922	0.1613	2.4917190664073265	1.0138455041076915	0.12
63	1.05	2.5433376805630643	0.8638713489549266	0.0	2.5072877382935146	0.8704800971183585	-0.105	2.4790409390695802	0.482588380051096	-0.0886	2.5155752346212163	0.0729984865187456	-0.0972	2.3465105873759433	-0.008020450818045727	-0.0766	2.363294283495333	0.0023393423909034913	-0.12	2.530663199793264	0.00022171730568486953	-0.0883	2.580068561102198	0.8707074776242268	0.105	2.5211038196318216	0.4679784234793668	0.0886	2.611994707546445	0.07407585364737468	0.0972	2.447376987743609	-0.001795403703398979	0.0766	2.4897037338417682	-0.008661026336487541	0.12	2.65755348585264	0.008267598233068801	0.0883	2.552289037710249	1.3631672471433478	0.0	2.495103819129088	1.6002023165901844	0.0	2.4384143454419784	1.4615681309186723	0.0	2.506872554768001	1.2830676577294788	-0.2016	2.5157391024814495	1.1008252373084382	-0.1613	2.415552509239946	1.044012486188051	-0.12	2.6361401707083414	1.2762643850993003	0.2016	2.6909095742400817	1.025465284245474	0.1613	2.4918580965425963	1.0139473241933876	0.12
64	1.0666666666666667	2.542379878555303	0.8629286746958109	0.0	2.507104873534325	0.8694013122521644	-0.105	2.4780646300730904	0.48248349164351	-0.0886	2.5156328319845005	0.07274466916712376	-0.0972	2.3457521931135252	-0.007963817123780775	-0.0766	2.3626365275333407	0.0023307713319301246	-0.12	2.5307363373433067	8.467847721606997e-05	-0.0883	2.57968606053155	0.8698370909499412	0.105	2.5211263990822195	0.4677513685975344	0.0886	2.612482726273539	0.07381595282331506	0.0972	2.447936186449805	-0.0018517034572325883	0.0766	2.490087719346984	-0.008733373385925183	0.12	2.657585457152245	0.00824791925381392	0.0883	2.552311137124587	1.363194822095939	0.0	2.495094143656072	1.6001688795826927	0.0	2.438059897742773	1.4612529954484268	0.0	2.506886233692719	1.2831078705434804	-0.2016	2.5157855907475155	1.1009599489496542	-0.1613	2.415658573582853	1.0442374425428769	-0.12	2.6359927722802916	1.2761395899340766	0.2016	2.690522307641342	1.0253947606255116	0.1613	2.4922306923343878	1.0141019674744438	0.12
65	1.0833333333333333	2.5423134035281927	0.8613350804673361	0.0	2.507071490633273	0.8680311838583745	-0.105	2.4773691265087496	0.48225054707244597	-0.0886	2.51569105342845	0.0722892658281912	-0.0972	2.3445697958161134	-0.007925718755702041	-0.0766	2.3615957976370376	0.002322562863508737	-0.12	2.530793495845917	-0.00022395670230989512	-0.0883	2.579125017002536	0.8690522862568734	0.105	2.5211588361150636	0.46747724545489705	0.0886	2.6127019165977052	0.07344818218653133	0.0972	2.4482502430281525	-0.0020074326096619424	0.0766	2.490356157079038	-0.008879379719752306	0.12	2.657634921034828	0.008188147367128633	0.0883	2.552320935430142	1.363233888312068	0.0	2.4954015420015225	1.6001124334007617	0.0	2.437522664252492	1.4605321147966643	0.0	2.506901781832664	1.283136054583245	-0.2016	2.5157987547041385	1.1006026493451506	-0.1613	2.415745965031425	1.0445005662294684	-0.12	2.635633514677847	1.2759674791956759	0.2016	2.6899454058375967	1.0252915137158338	0.1613	2.4922564709432073	1.014389168478479	0.12
66	1.1	2.5421235230522994	0.8609879479623256	0.0	2.5060745832572975	0.8677217931373161	-0.105	2.4770776108924943	0.48219707372599663	-0.0886	2.515767535218833	0.07198455454836036	-0.0972	2.344411349714276	-0.007826188696015764	-0.0766	2.3616421741695386	0.002269545763839413	-0.12	2.530852623401246	-0.00047127187316244046	-0.0883	2.5786231966152044	0.8680722799715292	0.105	2.5212193872957664	0.4674297964218101	0.0886	2.613049506461083	0.0732887862480805	0.0972	2.448761825488965	-0.001852314089552963	0.0766	2.4910124954366584	-0.008829376521023918	0.12	2.657728224708412	0.008239709811851029	0.0883	2.5523831889938897	1.3632668020512297	0.0	2.495258388275131	1.6000795422193874	0.0	2.436981218690639	1.4600209847591081	0.0	2.506961207167456	1.2832446911449176	-0.2016	2.515840897755971	1.100814461881224	-0.1613	2.4158309410338754	1.0446775948440963	-0.12	2.6352895704518593	1.2756845884597101	0.2016	2.6894775957716517	1.0250076885415877	0.1613	2.4921920723451088	1.0147317448903883	0.12
67	1.1166666666666667	2.5420140177469692	0.8606721937777925	0.0	2.50562645655322	0.867411170050123	-0.105	2.477290572676342	0.4821484835126122	-0.0886	2.5157770729292928	0.07189168332062226	-0.0972	2.344165698042968	-0.00814309923315315	-0.0766	2.3616781852722393	0.002280212221296103	-0.12	2.5308359099627653	-0.0005409885009338214	-0.0883	2.5783510215913523	0.8674918812623227	0.105	2.5212542084002934	0.4674784957749543	0.0886	2.6136220972233497	0.07344879725035663	0.0972	2.448695242138866	-0.002130214477745848	0.0766	2.491281492293846	-0.00911676268503328	0.12	2.6577319532166435	0.008017246963444753	0.0883	2.552410705005577	1.3634916061606122	0.0	2.494950707885082	1.6001600805162848	0.0	2.436777263611825	1.4600518922689816	0.0	2.5069861774969704	1.2833352433506442	-0.2016	2.5158623020183923	1.1009902573139294	-0.1613	2.4158530753115417	1.044872999608648	-0.12	2.6350743057626778	1.2752957722876803	0.2016	2.6891898449382445	1.0246581622590143	0.1613	2.492280063913052	1.0147561549884905	0.12
68	1.1333333333333333	2.541901599467531	0.8604965701098028	0.0	2.5053801273864247	0.8672475559308123	-0.105	2.478002852665435	0.4820922708497942	-0.0886	2.5158178182533812	0.07191183605524665	-0.0972	2.34454472185716	-0.00837702521210016	-0.0766	2.3616766052987974	0.0023274378140181323	-0.12	2.5308179794159935	-0.0005241891175600463	-0.0883	2.57815903175718	0.8673106235312609	0.105	2.5212386046724817	0.4674898717525877	0.0886	2.61386196661491	0.0734895220284453	0.0972	2.449186749990319	-0.002169713700967059	0.0766	2.49135117748271	-0.009261874144265804	0.12	2.6576693624835013	0.007859226037957287	0.0883	2.5523766096070224	1.3635788939014488	0.0	2.4939474773485992	1.60026886153909	0.0	2.4366317864224776	1.4600074994597798	0.0	2.506948145262923	1.283336670804443	-0.2016	2.515828537903536	1.1016063953872754	-0.1613	2.4159176456166005	1.0448980704644886	-0.12	2.634908208147206	1.2749847739574642	0.2016	2.6889729222790346	1.0244125769407069	0.1613	2.4925805373562535	1.0147227990662313	0.12
69	1.15	2.5418071070411825	0.8604572587929102	0.0	2.505216153541859	0.8672402528736392	-0.105	2.4782918104319656	0.4820320182729389	-0.0886	2.515816997696173	0.07193824384377094	-0.0972	2.3446994001808545	-0.008503286446269992	-0.0766	2.3616381123213404	0.0023636559053446735	-0.12	2.5308031386645107	-0.0005290754655643409	-0.0883	2.5780331180984213	0.8675364514784848	0.105	2.5212015031172066	0.46747541870967174	0.0886	2.613942642803749	0.07325848830824547	0.0972	2.4494499438478776	-0.0019155640663607448	0.0766	2.4913631194100225	-0.009352041098226613	0.12	2.6576049049224664	0.007767361671696407	0.0883	2.55232394411746	1.3636415580800876	0.0	2.493464604634919	1.6003770477566446	0.0	2.436507793852411	1.4600142317628646	0.0	2.5068907558829183	1.283360215132077	-0.2016	2.5157489223900646	1.101581545638899	-0.1613	2.4159240539912976	1.0449292178186689	-0.12	2.634799175418713	1.2748972554939002	0.2016	2.6888289296082957	1.0243922441492508	0.1613	2.493361110495254	1.014707073497548	0.12
70	1.1666666666666667	2.541702171711903	0.8604559257761419	0.0	2.505081180903877	0.8672978941818235	-0.105	2.478316158226712	0.4819371298363748	-0.0886	2.515776344425831	0.07197097184064985	-0.0972	2.344747774969099	-0.008515439902380857	-0.0766	2.3615702101733675	0.0023841102432475905	-0.12	2.530785868483025	-0.0005851878674317731	-0.0883	2.5779303160690477	0.8683812810181358	0.105	2.521141290927001	0.46743217023619044	0.0886	2.6139231326020718	0.07309375939219351	0.0972	2.4495461356814032	-0.0010769001323039998	0.0766	2.4913554958667543	-0.009426575088864082	0.12	2.657524741165973	0.007736892518178086	0.0883	2.552243893684609	1.3636794530188912	0.0	2.4932895591731827	1.600381282692482	0.0	2.4363348414067283	1.460041452164974	0.0	2.5068076873750833	1.2833869749772613	-0.2016	2.5156131527767425	1.1022868962900148	-0.1613	2.415850865616897	1.0449467786564475	-0.12	2.634715811407286	1.2749861636521531	0.2016	2.68870086961097	1.0246048770916125	0.1613	2.4936315233412643	1.0147040693429916	0.12
71	1.1833333333333333	2.541605334580674	0.8604852064224133	0.0	2.504987226034558	0.8674749983640551	-0.105	2.4780821542843863	0.482059173048245	-0.0886	2.515731932826916	0.072448547206836	-0.0972	2.344788314332795	-0.008084524219303606	-0.0766	2.3615411843322582	0.002577839245173408	-0.12	2.530747969885132	-0.0004493475123887869	-0.0883	2.577811499077733	0.8679353031184727	0.105	2.5210837574361946	0.4676109937750366	0.0886	2.613854680404732	0.07318799475957152	0.0972	2.4496077210599307	-0.000164995540925153	0.0766	2.4913735795369125	-0.009267782237862357	0.12	2.6574234150407205	0.00793839205507589	0.0883	2.5521584194378133	1.3636404128750916	0.0	2.4934183539035892	1.600410446332759	0.0	2.4361167642146215	1.4600117306877367	0.0	2.5067323096335272	1.2833690729802318	-0.2016	2.515361324441545	1.102548405433614	-0.1613	2.4156855093191347	1.0449211175032969	-0.12	2.634657322525884	1.2751969948205792	0.2016	2.6885628996983324	1.0251424874454107	0.1613	2.4934524208116073	1.0146840050276027	0.12
72	1.2	2.5415999028245917	0.8608137995939213	0.0	2.505016702961519	0.8682943342041269	-0.105	2.477378808209399	0.4822034356757156	-0.0886	2.5157577640407847	0.07412887203668261	-0.0972	2.344874982189265	-0.007797119071159465	-0.0766	2.3616141658382857	0.0031525812262361147	-0.12	2.530751695398455	6.27479148479354e-05	-0.0883	2.5777913143982585	0.8688986816104084	0.105	2.5210614225647134	0.46778315752578153	0.0886	2.613826772859919	0.07367468585446912	0.0972	2.4496602041779183	0.0009052546327676173	0.0766	2.4913833671883636	-0.008743441955662845	0.12	2.6573565566854986	0.008414881411538865	0.0883	2.552144394833503	1.363619906359689	0.0	2.4941346976868193	1.6003861144374525	0.0	2.43579292133814	1.4600579219120067	0.0	2.5067360115204536	1.2834134185056112	-0.2016	2.514918917967569	1.102707074119828	-0.1613	2.4153504281302576	1.0449915756765016	-0.12	2.6346754261607703	1.2759591594528747	0.2016	2.688460641527714	1.0254401157179796	0.1613	2.492707713929627	1.0147594875169994	0.12
73	1.2166666666666666	2.5415734940378436	0.8610087530266767	0.0	2.5049902342971446	0.8682333241332173	-0.105	2.47753704785354	0.48240925470231794	-0.0886	2.5157616479129463	0.07539279115038454	-0.0972	2.3448876647250074	-0.007472741821898589	-0.0766	2.3616201680610396	0.0036755091039333415	-0.12	2.530740886557892	0.0005654204015422132	-0.0883	2.577748778715284	0.8695446037277044	0.105	2.5210210273090934	0.467999086161061	0.0886	2.6137931406178496	0.07403652778282421	0.0972	2.4496635539372007	0.0014168304890810127	0.0766	2.49142587029774	-0.008274103932953705	0.12	2.6573027379519245	0.00876690003340725	0.0883	2.5521178069825714	1.3637185318774108	0.0	2.4943543074641177	1.600451843349754	0.0	2.4345367636150685	1.4601354929710482	0.0	2.5067076433560693	1.2834771797089464	-0.2016	2.513710484308941	1.102976317734242	-0.1613	2.414233433214198	1.0452492952237198	-0.12	2.634729292293964	1.2766583545567884	0.2016	2.6883660104181626	1.025474759224532	0.1613	2.4923151748708103	1.0149851653425772	0.12
74	1.2333333333333334	2.541512439289267	0.8611168751328421	0.0	2.50493396268734	0.8683834282510033	-0.105	2.4768942910379406	0.482590579478862	-0.0886	2.5157284012275087	0.07600209045822298	-0.0972	2.3448557796086806	-0.007206942217086294	-0.0766	2.3615926400584306	0.0040325641532421505	-0.12	2.530700309917705	0.000969368589818928	-0.0883	2.5776574581541554	0.8699745230064793	0.105	2.5209458818884394	0.46814198518158556	0.0886	2.613721137414736	0.07436490080207314	0.0972	2.4496468075965003	0.001585055611905549	0.0766	2.4915259806319527	-0.007892908983174199	0.12	2.6572161280470374	0.008961060883704942	0.0883	2.552061875903331	1.3637583541538434	0.0	2.4940697900484854	1.6004321663658594	0.0	2.4340170974136077	1.4601588891878148	0.0	2.5066427562691267	1.2834912512547874	-0.2016	2.513124753635871	1.1030664385376854	-0.1613	2.413488718854468	1.045330239989046	-0.12	2.634812839279663	1.2770111519560419	0.2016	2.688226488879979	1.0258058887075965	0.1613	2.491969758762089	1.0150949723684715	0.12
75	1.25	2.541334072006128	0.8613756035125836	0.0	2.5047643041556524	0.8692227543496668	-0.105	2.476677761765913	0.4827663252191425	-0.0886	2.5156000260442566	0.07626857377827811	-0.0972	2.3447149156589964	-0.0070140210862245644	-0.0766	2.3614550284627573	0.004259010102167088	-0.12	2.5305691648423876	0.0012447584247755883	-0.0883	2.57746442096225	0.8707157620276877	0.105	2.520781565785713	0.46826550534927647	0.0886	2.613568292952357	0.07463115654015667	0.0972	2.4495789757295556	0.0016115319684183727	0.0766	2.491689701418374	-0.007630553253449961	0.12	2.657050794993529	0.009067310440178375	0.0883	2.5519021993710407	1.3638434894093396	0.0	2.494441534863577	1.6004990562155843	0.0	2.4336264118992412	1.4601395327323354	0.0	2.5064656275427546	1.2835621649409648	-0.2016	2.5126948400426685	1.1031801073082528	-0.1613	2.4126657036310637	1.0454229130069799	-0.12	2.634954921824233	1.2772627849078209	0.2016	2.687994978950443	1.0256759844031593	0.1613	2.4916069417605287	1.015236481984506	0.12
76	1.2666666666666666	2.5409669317470818	0.8618819933128014	0.0	2.504418584302935	0.8700610619894397	-0.105	2.4770592885635088	0.48293111766904134	-0.0886	2.5153174761105466	0.07640249491302828	-0.0972	2.3444643878796607	-0.006822996779983881	-0.0766	2.361206449304679	0.004463890193188207	-0.12	2.5302910463135815	0.001497554438633024	-0.0883	2.5771580417227926	0.8722993298005911	0.105	2.5204921832225406	0.46837209376094546	0.0886	2.6133186894726386	0.07488150944307391	0.0972	2.449493692706099	0.00154796477105279	0.0766	2.4920127633018305	-0.007409943984305979	0.12	2.656743530983478	0.009075245594123212	0.0883	2.5515775282250948	1.3639281932608482	0.0	2.49451507798762	1.6005935797088806	0.0	2.4331383436358913	1.4601578013786707	0.0	2.506136577206636	1.2836380898129158	-0.2016	2.5122249873547022	1.1032709525812565	-0.1613	2.4113559626927437	1.045602284533686	-0.12	2.635263253787276	1.2773913594110562	0.2016	2.6876952671453394	1.0258800411872133	0.1613	2.491136651962173	1.015367381426548	0.12
77	1.2833333333333332	2.5406176613936164	0.8627748335903651	0.0	2.5041429314149823	0.8703885146771682	-0.105	2.4769217702611757	0.4829835660044199	-0.0886	2.5150391617620413	0.07624756008937375	-0.0972	2.344290839090602	-0.006713581648506023	-0.0766	2.3610858195618163	0.004567894111543187	-0.12	2.5300204452796637	0.0016538678413081376	-0.0883	2.576907080733057	0.872829758836788	0.105	2.520232611036699	0.4684197151962945	0.0886	2.6131120795935323	0.07504461436876055	0.0972	2.4495977504367783	0.0013276724787552943	0.0766	2.491878731693216	-0.007256041202071198	0.12	2.6564241715627275	0.008879935256741439	0.0883	2.5513023135984003	1.3638577639543648	0.0	2.494478101796978	1.600457927764822	0.0	2.432849117159296	1.460051108085901	0.0	2.5058727465035937	1.2836061629824256	-0.2016	2.5119383760343004	1.1031796456228526	-0.1613	2.4116202727252958	1.0455465968285658	-0.12	2.6353964213500314	1.2773201415360331	0.2016	2.6875139015070495	1.0264242948768425	0.1613	2.490794194799528	1.0153208633892268	0.12
78	1.3	2.540199291922011	0.8633454035190535	0.0	2.5039078160516826	0.8705965331487382	-0.105	2.4759253011409137	0.48296396457905466	-0.0886	2.5148160441252854	0.07630435650127763	-0.0972	2.3441683969547937	-0.0068542726132603815	-0.0766	2.361097318941179	0.004405160972311022	-0.12	2.529799776496264	0.001512970254522017	-0.0883	2.576731751662961	0.8730953552564445	0.105	2.5200280965328377	0.4684224630067089	0.0886	2.6129327684386263	0.0750176318390573	0.0972	2.449988364518836	0.0014976329283993423	0.0766	2.492178285252987	-0.007257453980894314	0.12	2.6561809200771154	0.008986413180880164	0.0883	2.551097280466847	1.363861997186639	0.0	2.4943165649007355	1.6004716484388808	0.0	2.4325789680764673	1.4600778831252292	0.0	2.5056714785563226	1.2836313765179597	-0.2016	2.511753468104301	1.103158713774035	-0.1613	2.411325824570821	1.045537826902539	-0.12	2.6353205190038045	1.277315296033653	0.2016	2.6874331083929146	1.026710634343243	0.1613	2.4905281544980076	1.015308253244798	0.12
79	1.3166666666666667	2.5395188658224557	0.8636272969594722	0.0	2.503678950235935	0.8707841370974727	-0.105	2.4756437538008713	0.48292121228423074	-0.0886	2.5146558944024973	0.07624537869575959	-0.0972	2.344168635242973	-0.00699771197143037	-0.0766	2.3614395823932446	0.004241307333923465	-0.12	2.5296441199631214	0.0013690408509452884	-0.0883	2.576604115251317	0.8733021632046848	0.105	2.5198838747429835	0.46843496452079325	0.0886	2.6128044364552845	0.07508649971998749	0.0972	2.4499016165921654	0.0015319879759097751	0.0766	2.4922530443952433	-0.007136941612139645	0.12	2.655945489493768	0.008994053479717809	0.0883	2.5509542796194182	1.3638333770017135	0.0	2.4938517058624705	1.600438893175529	0.0	2.432291094517441	1.4601058284979695	0.0	2.505534368524652	1.2836526787475144	-0.2016	2.5116409921850127	1.1031091454860757	-0.1613	2.4105076799720018	1.0455028139621823	-0.12	2.6349390999735016	1.2772654394161314	0.2016	2.687396630702954	1.0267615792098022	0.1613	2.490312820920539	1.0152641218493126	0.12
80	1.3333333333333333	2.538223308896546	0.8639479523706136	0.0	2.5033410940608767	0.8713944192644844	-0.105	2.4762741126179533	0.48293976644145986	-0.0886	2.5145409857401946	0.07611922237143778	-0.0972	2.3443082161861133	-0.0071716200354401405	-0.0766	2.361323911463644	0.004058390871758827	-0.12	2.52953902020814	0.0011868905543880454	-0.0883	2.576507218345474	0.8739666761411264	0.105	2.5197767079388744	0.46850054635436417	0.0886	2.612742136355083	0.07541243648482161	0.0972	2.4501935447632412	0.001498930274906586	0.0766	2.492365417763201	-0.006837826866603704	0.12	2.655661350253283	0.00892344410919129	0.0883	2.5508444312360865	1.363870184257682	0.0	2.4921588326515534	1.6005458696923842	0.0	2.431678128519711	1.4601507585744529	0.0	2.505429550466292	1.2837808666101627	-0.2016	2.511561038769905	1.103135457929384	-0.1613	2.410702334363941	1.0455224777735461	-0.12	2.6341396299189306	1.277275672065179	0.2016	2.6874190091867933	1.0267579572730705	0.1613	2.490024750406288	1.0153103492127842	0.12
81	1.35	2.537758917023272	0.8642862060620841	0.0	2.5027237638591204	0.872847372951406	-0.105	2.4763316785886405	0.48312442511727	-0.0886	2.514492326968479	0.07606069191943052	-0.0972	2.344781184291465	-0.0072998004564731045	-0.0766	2.3617803913457056	0.003915238897771886	-0.12	2.529501231509346	0.001053925906403748	-0.0883	2.5764311793693864	0.8754802264226329	0.105	2.519705743884767	0.46864746958263237	0.0886	2.6127538928785037	0.07642960100599747	0.0972	2.4502087138717146	0.0014438972523881377	0.0766	2.492411084968669	-0.006277174171985277	0.12	2.6551903288954994	0.008855533554601641	0.0883	2.5507601244053455	1.363815694909828	0.0	2.489883429708693	1.600467121624762	0.0	2.430167266082965	1.4601499702285978	0.0	2.505365051062569	1.2839248636602292	-0.2016	2.511525554199651	1.10309396241123	-0.1613	2.4101455417218616	1.0454919313310354	-0.12	2.6337339177037546	1.2771453399861823	0.2016	2.6874856048039453	1.0265481320513967	0.1613	2.4894826938857793	1.0153325129268032	0.12
82	1.3666666666666667	2.5375274328523365	0.8655134773420026	0.0	2.5014056340036355	0.8749400922286015	-0.105	2.4754121868941636	0.4832702534013422	-0.0886	2.514409775737129	0.07595821112035636	-0.0972	2.345132542052162	-0.007401116750173742	-0.0766	2.3620413492827526	0.0037607589559148225	-0.12	2.5294311480048237	0.0009000672720652844	-0.0883	2.576282401603322	0.8774737293663716	0.105	2.519604605262268	0.46879188526284765	0.0886	2.612733874752107	0.07700051832629252	0.0972	2.4499660600176227	0.0013482824835073168	0.0766	2.4923892809522123	-0.006094542900356034	0.12	2.654235519504272	0.008787137967826902	0.0883	2.550538549126309	1.3638171882233174	0.0	2.4888013275547394	1.600080639726095	0.0	2.429532819571092	1.460203344995872	0.0	2.5052694345239503	1.2843103206576303	-0.2016	2.5114639421043585	1.1032833361519057	-0.1613	2.4104164783473028	1.0457649111602223	-0.12	2.6335440574868976	1.2770533845351602	0.2016	2.687520218129757	1.0264594009354366	0.1613	2.4880857464045447	1.0153355920845872	0.12
83	1.3833333333333333	2.5373641858180993	0.8661427556370902	0.0	2.500867664624145	0.8756897817870721	-0.105	2.4748493035673746	0.48325984030425284	-0.0886	2.5143259072606816	0.07585133999662877	-0.0972	2.3452951482290585	-0.007376643746341935	-0.0766	2.3621239275066426	0.0036179052997204753	-0.12	2.529357449907404	0.0007283837045429439	-0.0883	2.5760437473174185	0.8780546145996768	0.105	2.519492026789143	0.46892106964728475	0.0886	2.61269515251378	0.07752669761701675	0.0972	2.4493776249512966	0.0013419730977461825	0.0766	2.492350537689014	-0.006036108039831935	0.12	2.653923804683366	0.008727016595096872	0.0883	2.550016701372727	1.3635729531980672	0.0	2.4879291059164035	1.5998789327284713	0.0	2.4292175197236663	1.4599568870114719	0.0	2.505172273281544	1.2847542791859767	-0.2016	2.511438159358374	1.1035917885298974	-0.1613	2.41000372221552	1.0462944977671051	-0.12	2.63342908930421	1.2768945412650814	0.2016	2.687539739602085	1.0261975290922691	0.1613	2.4874913711668496	1.0155052031777891	0.12
84	1.4	2.5372237710325525	0.8664513438569581	0.0	2.5006178493009457	0.8759829070724753	-0.105	2.4745741786944055	0.4829283376717411	-0.0886	2.5142742535871405	0.07592928921648748	-0.0972	2.3453846991606087	-0.006664841998286569	-0.0766	2.3621375559452473	0.003627292501894544	-0.12	2.529305171248694	0.0007274416364265041	-0.0883	2.575781237977797	0.878410261679986	0.105	2.519372636122776	0.46906161348392517	0.0886	2.612631379817591	0.07829609718267769	0.0972	2.448966057836621	0.0014606311602007108	0.0766	2.4923227456929986	-0.005919477252066978	0.12	2.6538526427033684	0.008754689228733466	0.0883	2.548697806637995	1.3635440590982069	0.0	2.4862966771480255	1.599226429405516	0.0	2.4290721919811644	1.4599366500247115	0.0	2.505089793045478	1.2850594011425707	-0.2016	2.5115186969758105	1.1039427680712826	-0.1613	2.4105853290312345	1.0469437178792835	-0.12	2.6333542662796794	1.276946584755229	0.2016	2.6875626994481836	1.0264043979665007	0.1613	2.4872398930407753	1.0157779858430451	0.12
85	1.4166666666666667	2.537030309428207	0.8665822088887486	0.0	2.5004018426389067	0.8760252682151174	-0.105	2.474270287141951	0.48318544163582167	-0.0886	2.5140880225447457	0.07606479114746861	-0.0972	2.345304978946814	-0.006901573787115346	-0.0766	2.3619472537012443	0.0037423322964881267	-0.12	2.5291184548793777	0.0008282482006739256	-0.0883	2.575199643717283	0.8785238039372498	0.105	2.519159401058943	0.46905192499727894	0.0886	2.612445278391841	0.07898219952109567	0.0972	2.4489981921576067	0.0016176955500974421	0.0766	2.4922659131879548	-0.005840068152167172	0.12	2.653833702604951	0.008813271180122706	0.0883	2.547934322142991	1.3635039164150975	0.0	2.485599201123024	1.5988113036960685	0.0	2.42881291010805	1.4598615373345896	0.0	2.5048868456586635	1.2852570332536977	-0.2016	2.5116922239580664	1.1041227845714812	-0.1613	2.41073042402622	1.0474711340620897	-0.12	2.63324386979462	1.2771099995202455	0.2016	2.687563848677668	1.0271937024593198	0.1613	2.4869568624717617	1.015953370802952	0.12
86	1.4333333333333333	2.536834362008335	0.8665942546607437	0.0	2.500210251329228	0.8759028083071936	-0.105	2.4739200413734754	0.4827874024973612	-0.0886	2.5138036375347332	0.0762822515506049	-0.0972	2.345169145209443	-0.006827511532067586	-0.0766	2.361457846295672	0.004074814833392108	-0.12	2.5288356028643397	0.0011418848810438795	-0.0883	2.575401751707993	0.878500783803439	0.105	2.5189174966781436	0.4687931250500192	0.0886	2.612147140749925	0.07929175313671383	0.0972	2.4500652093253996	0.0018562237712469107	0.0766	2.4922473641863556	-0.005850486331275627	0.12	2.6539364282310864	0.008882444706219128	0.0883	2.547432227111657	1.3634698913149763	0.0	2.485182989364865	1.5985980431007514	0.0	2.428502868299173	1.4597093310043379	0.0	2.504623187006565	1.28537649523627	-0.2016	2.5121276912795754	1.1042105083524414	-0.1613	2.41066282644168	1.048306786993034	-0.12	2.633179956319372	1.2775088837928428	0.2016	2.6876082328938042	1.027747530584609	0.1613	2.486680839188493	1.0160928743730628	0.12
87	1.45	2.536680509161427	0.8663918556228143	0.0	2.500098926309959	0.8758312096385156	-0.105	2.4737023528094335	0.48240128454791614	-0.0886	2.5135753158312335	0.07676868259149337	-0.0972	2.3450816325246384	-0.0066186017340097575	-0.0766	2.360172364614771	0.004504608748950638	-0.12	2.5285971685399042	0.001559286775137142	-0.0883	2.5753103628533602	0.8782247651754329	0.105	2.5187371167245494	0.4679099940807401	0.0886	2.6118519101826885	0.07865648249480964	0.0972	2.451471786356628	0.002109783171724576	0.0766	2.4923564916832945	-0.006350076070882497	0.12	2.6542804343562163	0.008769834222492993	0.0883	2.5471561876818907	1.3634425395875143	0.0	2.4849974686754925	1.5986253156553758	0.0	2.4282349267761925	1.4593971038398998	0.0	2.5044341060803115	1.2854501568950856	-0.2016	2.5120603974880797	1.104177318178525	-0.1613	2.4105021520980827	1.0486072723537063	-0.12	2.6333481000474697	1.2782871809666962	0.2016	2.6878242747770877	1.0280660558817138	0.1613	2.4865345740525227	1.016149066864207	0.12
88	1.4666666666666666	2.536588486515145	0.8662186112220125	0.0	2.500072852873935	0.87571400110673	-0.105	2.473620734937117	0.48196707024418106	-0.0886	2.5134209292826273	0.07698730439898277	-0.0972	2.3449853572308896	-0.006470437265264702	-0.0766	2.3592656418697477	0.004773090455471481	-0.12	2.5284311008849443	0.0018313938526576326	-0.0883	2.5750211041852014	0.8779880907873916	0.105	2.518631937350975	0.4671893657305137	0.0886	2.611633239504366	0.07840805713557267	0.0972	2.452163840541636	0.00226721766037067	0.0766	2.492664558657943	-0.006567502655585207	0.12	2.6543749219744743	0.008207050266856614	0.0883	2.5470132164738186	1.3633849187793246	0.0	2.484891445189117	1.5979677330916209	0.0	2.427773203062354	1.4595429025238627	0.0	2.504327644917616	1.28551739444933	-0.2016	2.5112835105591893	1.1046258777988327	-0.1613	2.4101314271536345	1.0489818961925093	-0.12	2.633467640341519	1.2789758803668927	0.2016	2.6880442303767276	1.028564864690953	0.1613	2.4864950327753093	1.0166516264884884	0.12
89	1.4833333333333334	2.5365898290219393	0.8663715734933137	0.0	2.500164489416989	0.8759294563126213	-0.105	2.473907422049469	0.4817380367229176	-0.0886	2.5134506278224586	0.07691624807924154	-0.0972	2.344741956303006	-0.006471490961718132	-0.0766	2.3582374831716586	0.0048129438161915936	-0.12	2.5284345780482753	0.0018468503949509718	-0.0883	2.574414134273039	0.8782006948165695	0.105	2.5186014711810083	0.4667876213039353	0.0886	2.61151844320075	0.07825386671849825	0.0972	2.4524562021725878	0.002298483165500277	0.0766	2.493168752760022	-0.006707080276714024	0.12	2.654342419891676	0.007856805895111903	0.0883	2.547010250043123	1.363385083743483	0.0	2.4848522159770483	1.5976507207167117	0.0	2.426589937469128	1.459577691785109	0.0	2.5043438540056013	1.2856141950014581	-0.2016	2.510921721142308	1.105047869795986	-0.1613	2.4091616817164616	1.0484547906198132	-0.12	2.6332351677373116	1.2793475922065758	0.2016	2.688194938979863	1.028787681639331	0.1613	2.4863851618631525	1.0171128377088892	0.12
90	1.5	2.5364599019134477	0.8665106228062402	0.0	2.500051066040569	0.8761273938157244	-0.105	2.4746657913515744	0.481212013507382	-0.0886	2.513262730743107	0.07711069992233824	-0.0972	2.3440357493280386	-0.006259157832174379	-0.0766	2.358708596659244	0.005038935282877084	-0.12	2.5282277578653405	0.002096570269385714	-0.0883	2.5748038586842186	0.878342557704292	0.105	2.518510622405966	0.46680852335541795	0.0886	2.611353273132764	0.07831942197760723	0.0972	2.452498216452502	0.0024323017944518077	0.0766	2.493293475670312	-0.0067387417470233454	0.12	2.6541085304170755	0.0077800228569572735	0.0883	2.546758622305891	1.3633658597489082	0.0	2.48475924038423	1.5975504049836133	0.0	2.4258863855586323	1.4596291216510764	0.0	2.50413963165285	1.2855883691626047	-0.2016	2.5104995097729255	1.1051093980914788	-0.1613	2.4086032322271027	1.0482722670122813	-0.12	2.6333045499329675	1.279611145393229	0.2016	2.6881557836043086	1.028744976395118	0.1613	2.486197703500381	1.017164625441842	0.12
91	1.5166666666666666	2.536392006677012	0.8666680115152836	0.0	2.5000604490063427	0.8763848145459936	-0.105	2.4750291092020835	0.48126908558663006	-0.0886	2.513067758463979	0.07724911352504021	-0.0972	2.344251131732689	-0.0061467801778052125	-0.0766	2.35874170269706	0.005175633397444632	-0.12	2.528002042036162	0.002240720016893731	-0.0883	2.5748705694600145	0.8785108543454497	0.105	2.5184771533531154	0.46715263021899406	0.0886	2.611281325807405	0.07836947778460338	0.0972	2.4525300400061942	0.0024000703417032115	0.0766	2.4931635744634204	-0.006785960845087258	0.12	2.6537839070309346	0.007729272798054347	0.0883	2.54647537056121	1.3634025064424273	0.0	2.484479971194869	1.598065840772117	0.0	2.4253426048963513	1.459981586947033	0.0	2.5038605115173915	1.2855118981147726	-0.2016	2.5101060922631704	1.1047304879849131	-0.1613	2.4084354844473084	1.048286833215932	-0.12	2.633001868495186	1.279973989531433	0.2016	2.6880499327718486	1.0285191320250817	0.1613	2.485793305183765	1.016735626128637	0.12
92	1.5333333333333332	2.5364613682864645	0.8662052113158013	0.0	2.500307290811592	0.8760463572709958	-0.105	2.475144776685076	0.48147357907603905	-0.0886	2.5129336584800472	0.07729641782766589	-0.0972	2.344322599691024	-0.006026352838989266	-0.0766	2.3587391215673965	0.005314103307477072	-0.12	2.5277127225881113	0.002388546825232908	-0.0883	2.57472972790756	0.877841011382759	0.105	2.5185272127874563	0.46754878112541354	0.0886	2.6112895530148643	0.07839303317384094	0.0972	2.452559055487331	0.0021645274286726038	0.0766	2.492872798210209	-0.0068528144811540875	0.12	2.6535338066175296	0.007691350233688693	0.0883	2.546100901547553	1.3634090612109897	0.0	2.4839849326453813	1.5978060586553917	0.0	2.4247983165672693	1.4597062877216218	0.0	2.5034798135957375	1.2854383861875844	-0.2016	2.5096676969194607	1.1044597264725031	-0.1613	2.4088359009579876	1.0472186551094596	-0.12	2.633261191373201	1.2794279053927264	0.2016	2.6878626988035537	1.0284310208295633	0.1613	2.485089705223677	1.0162394683863945	0.12
93	1.55	2.5369345171632722	0.8659731907071531	0.0	2.501021637974411	0.876172225307031	-0.105	2.474977378107	0.4816373360211777	-0.0886	2.51343983717692	0.07667028441398024	-0.0972	2.344440718892155	-0.005906293310175087	-0.0766	2.3593371822383795	0.005443077490714959	-0.12	2.52736756146233	0.002560415313884727	-0.0883	2.5744571338537443	0.8773845989365145	0.105	2.51874257541903	0.46788131553394485	0.0886	2.6108137526952597	0.07832284022819347	0.0972	2.452566853925926	0.001464781736891567	0.0766	2.4925391302165987	-0.0069815850735742355	0.12	2.653378567652996	0.007616747160547249	0.0883	2.545604315581862	1.3633705678158976	0.0	2.483084515951542	1.5973882506253034	0.0	2.4242047733980363	1.4593984734582814	0.0	2.502954772115609	1.2851234024138933	-0.2016	2.5090792323186344	1.1029569848390903	-0.1613	2.408445070528987	1.0457453667792138	-0.12	2.633260275805698	1.2789166104971537	0.2016	2.687619749524283	1.0281881332384128	0.1613	2.4838880405318164	1.016153035990276	0.12
94	1.5666666666666667	2.5370997379558005	0.8661343571539822	0.0	2.5014436110515508	0.8760421167188484	-0.105	2.474995012917149	0.48156114456141774	-0.0886	2.513502760601643	0.07653701821603393	-0.0972	2.344527509592591	-0.0062644151878378795	-0.0766	2.3597906379517264	0.005039584559582651	-0.12	2.5279770645363717	0.0021430721925468493	-0.0883	2.574526636198139	0.8773461661954853	0.105	2.5187627103095642	0.4682251973339873	0.0886	2.6106912258667068	0.0778539846915016	0.0972	2.4525546744994946	0.000886169724208144	0.0766	2.4922763615342665	-0.007263315974617518	0.12	2.653249141270125	0.00738369130463451	0.0883	2.545355545564994	1.3636046302727756	0.0	2.48183601302526	1.596753620945091	0.0	2.423934964025283	1.4589686771406947	0.0	2.5026979325579943	1.2847725678948434	-0.2016	2.5087708312350663	1.1012445664245594	-0.1613	2.4075283366533453	1.043931820674439	-0.12	2.633229180274099	1.278555421562469	0.2016	2.68742830024324	1.02799925992493	0.1613	2.48238905014404	1.0158792817437907	0.12
95	1.5833333333333333	2.537020559332831	0.866463845380378	0.0	2.501912667736597	0.8762801467890752	-0.105	2.4756099034642984	0.48180759941955786	-0.0886	2.5135359596492988	0.07560032193806909	-0.0972	2.3446863795179325	-0.006386005736033144	-0.0766	2.3605992924684736	0.004919550121455431	-0.12	2.5271883328483122	0.002059757693056885	-0.0883	2.5749282065418595	0.8770985602925941	0.105	2.5187524412813205	0.4683382776201925	0.0886	2.610194418527377	0.0774353693191534	0.0972	2.45251591518953	-0.0001077329672976926	0.0766	2.492019191885666	-0.007425050751474226	0.12	2.6530765450408422	0.007175166410445931	0.0883	2.5448596129166736	1.363681347759294	0.0	2.482157812295712	1.5963438593738761	0.0	2.4235451577003655	1.459182046605445	0.0	2.502259257704598	1.2846446251093513	-0.2016	2.508201810386336	1.1001011022302876	-0.1613	2.407605610130502	1.0433968772470947	-0.12	2.633037188657441	1.278426089413762	0.2016	2.687236633707204	1.0280535931444963	0.1613	2.4818645346115966	1.016147925842451	0.12
96	1.6	2.536931134800338	0.866483835469107	0.0	2.5022303112634487	0.8761801333871718	-0.105	2.475835898574315	0.48187642157809446	-0.0886	2.513455944916256	0.07469612641457765	-0.0972	2.34465981697888	-0.0066547374620431615	-0.0766	2.3609424349610464	0.004679054736743418	-0.12	2.5276502992660164	0.0018133325482813448	-0.0883	2.5751975026820855	0.8769878685286605	0.105	2.51869045190557	0.46869076344351795	0.0886	2.6098120163699257	0.07675559689878633	0.0972	2.4524252445790538	-0.0006392257200460716	0.0766	2.4917709695055517	-0.007600351448348697	0.12	2.6529483440461354	0.006903075519872348	0.0883	2.544523471272805	1.3637973659298652	0.0	2.482067203363043	1.5964184447707244	0.0	2.423484264879645	1.4586914695934288	0.0	2.502173743514392	1.2842201619180285	-0.2016	2.507819179538103	1.099822610720647	-0.1613	2.4075370986174525	1.042390258538866	-0.12	2.632841041479794	1.278170891709806	0.2016	2.6870778078057667	1.028015476627434	0.1613	2.4817791866848804	1.0163318813252897	0.12
97	1.6166666666666667	2.5369454503882705	0.8660207183764174	0.0	2.502424609324832	0.8755889644533219	-0.105	2.475906505826792	0.48199258566453945	-0.0886	2.5134880500876555	0.07435724649781392	-0.0972	2.3446132567231084	-0.0067869194723320925	-0.0766	2.3610820464869606	0.004563141675392006	-0.12	2.527707695621511	0.0016972980016474529	-0.0883	2.5753648850376605	0.8769957635020504	0.105	2.51862576229143	0.46842262769507514	0.0886	2.6097277830559356	0.07606670205854243	0.0972	2.4523897274890656	-0.0008559644491128102	0.0766	2.4916262271941587	-0.0077019284397048735	0.12	2.652916163958828	0.006785719261628215	0.0883	2.544338422534387	1.3638150502131474	0.0	2.4819177864590394	1.596534249684611	0.0	2.42385844657104	1.4585894550397043	0.0	2.50293666274736	1.2841166167758775	-0.2016	2.5076532218455783	1.0999162141276273	-0.1613	2.407410000883173	1.04202801774106	-0.12	2.6327255536735463	1.2781502305936645	0.2016	2.687007663160518	1.02779143635834	0.1613	2.482074317052399	1.0164187003757346	0.12
98	1.6333333333333333	2.5369645009310773	0.8657710115771275	0.0	2.5026675201473036	0.8753869193824753	-0.105	2.476123536591669	0.4820673336560224	-0.0886	2.51351523552163	0.07405423106267137	-0.0972	2.344670964084826	-0.00699787669768101	-0.0766	2.361306150082083	0.004367003474602074	-0.12	2.526888829473287	0.001516171430013119	-0.0883	2.5756315865222437	0.8770764326837046	0.105	2.5186106829629025	0.4684000356240037	0.0886	2.609661200220651	0.07563221542384899	0.0972	2.452435080534378	-0.00102456169951632	0.0766	2.4916605981943882	-0.007811202664783273	0.12	2.6530338569056267	0.00663655370575586	0.0883	2.5442781365550413	1.3633504676466788	0.0	2.4817226424692747	1.5963476842787228	0.0	2.4233015130413085	1.4587673593804338	0.0	2.503184892446734	1.2842354853635463	-0.2016	2.507783528612363	1.1001402241370575	-0.1613	2.407253452809945	1.0417238516107803	-0.12	2.6328079402671705	1.2782633852391556	0.2016	2.687083655866286	1.0273991354062444	0.1613	2.481746769087976	1.0157996615419644	0.12
99	1.65	2.537002446997701	0.8657640738682704	0.0	2.502861256088126	0.8754110034935263	-0.105	2.4763655972265375	0.48224232313441623	-0.0886	2.513613456649963	0.07396981089293131	-0.0972	2.34476096325277	-0.007112868905517787	-0.0766	2.36150356917048	0.004255167816677986	-0.12	2.5265706741604137	0.001412278547412625	-0.0883	2.575904609155273	0.8772646858380687	0.105	2.5185344630643374	0.4686593246402237	0.0886	2.6097052030919943	0.07557933898150193	0.0972	2.45246145088921	-0.0010602129925348647	0.0766	2.4917187476863263	-0.00784221409732179	0.12	2.653137111338754	0.006583134399146449	0.0883	2.543916065906815	1.3633024016026356	0.0	2.4804650769490917	1.5960894566578885	0.0	2.4231228046732176	1.459140908656312	0.0	2.5026117160547248	1.2845284838787112	-0.2016	2.5079373145764454	1.1005407826783742	-0.1613	2.4065326603829242	1.040813203342279	-0.12	2.6329269461379057	1.278475089423457	0.2016	2.6871667980161407	1.0273246413872845	0.1613	2.481750684316562	1.0156242385699479	0.12
100	1.6666666666666667	2.536974484806901	0.865807361071548	0.0	2.50288927745692	0.8755686995806338	-0.105	2.4764049023622787	0.4823766357841761	-0.0886	2.5136285316753035	0.07390854389173376	-0.0972	2.3447526081853933	-0.0072035006289535505	-0.0766	2.361507705643921	0.004164888354309393	-0.12	2.5263216629536545	0.0013235462961224617	-0.0883	2.5760072673956733	0.8774550893402185	0.105	2.5183176222453914	0.46942015404269927	0.0886	2.6096682793071695	0.07589798574172917	0.0972	2.4523854420111006	-0.0010153675702339604	0.0766	2.4916918833138118	-0.00781311459804173	0.12	2.6531362111081975	0.006574507326884367	0.0883	2.542626240284523	1.3633617298791951	0.0	2.4799193594711206	1.596086615801202	0.0	2.422950533532476	1.459455521386119	0.0	2.5021732750508017	1.2847725130962329	-0.2016	2.5079194089997983	1.1007956796030662	-0.1613	2.4070984095985173	1.0405642654204073	-0.12	2.6329517351233704	1.2786848047306798	0.2016	2.6871669045505664	1.0273393952465253	0.1613	2.4818835230671046	1.0155694890944647	0.12
101	1.6833333333333333	2.5369203527717064	0.865898851479109	0.0	2.5028591057345655	0.8755841792475013	-0.105	2.476401214833611	0.4825098750921437	-0.0886	2.513624037839256	0.07398225816254891	-0.0972	2.3447299657080904	-0.007173137120516607	-0.0766	2.3614853385865695	0.004182351493544269	-0.12	2.52616941419191	0.0013479869312130813	-0.0883	2.576034081629373	0.8776625804439401	0.105	2.517968519734115	0.46973318033923084	0.0886	2.6096101690073934	0.0767193720515238	0.0972	2.452255691792405	-0.0008358275360866238	0.0766	2.4916352862484037	-0.007679645350347743	0.12	2.6530874429633875	0.006685035752358522	0.0883	2.5421030991532088	1.363447844487235	0.0	2.4796801998227735	1.596155879703842	0.0	2.422803819949399	1.4597627658119783	0.0	2.50182763928424	1.285030057933397	-0.2016	2.5078534784736033	1.1009982177929287	-0.1613	2.407323904621386	1.040595276004842	-0.12	2.632933943119228	1.2789005153028896	0.2016	2.6871262490563756	1.027417439123301	0.1613	2.482242851421635	1.0155793864151954	0.12
102	1.7	2.5368054553650285	0.8660366268262862	0.0	2.5027502347236594	0.8756877610758488	-0.105	2.4762076497430505	0.4823545892270896	-0.0886	2.5135273503169535	0.07419389054997486	-0.0972	2.3446383151396963	-0.007021403544324359	-0.0766	2.361357463038368	0.0042461263379246494	-0.12	2.5259557347076593	0.00149746865424924	-0.0883	2.5759478557796704	0.8779073725263986	0.105	2.5175193103617812	0.46912273407456584	0.0886	2.6094642850239196	0.07712532669110843	0.0972	2.452050570204135	-0.0005529905818445688	0.0766	2.4915131912135307	-0.0074692926803752654	0.12	2.6529747533352053	0.006906014207797226	0.0883	2.5417854664947774	1.3635643582704462	0.0	2.4794385611866616	1.5962432505360433	0.0	2.422611985964745	1.460052066201315	0.0	2.5012109986781312	1.2853015770336351	-0.2016	2.507622623433435	1.1012007977652774	-0.1613	2.407326598530689	1.0407630421019602	-0.12	2.632830696500986	1.2791136166476522	0.2016	2.687033096584857	1.0275446186728725	0.1613	2.4827855395399707	1.0155239663284001	0.12
103	1.7166666666666666	2.5367099187955517	0.8662098351344079	0.0	2.502687101739917	0.8758618615650915	-0.105	2.4750085316993906	0.4818131427653756	-0.0886	2.5134382135556415	0.07449555541696698	-0.0972	2.3445576210955243	-0.006852621847896881	-0.0766	2.361255178302243	0.0033948140990475995	-0.12	2.52591565596032	0.0017571017720798623	-0.0883	2.5758677976965108	0.8781758422496946	0.105	2.5165102077952892	0.46865908218147573	0.0886	2.609336349023131	0.07775637768786921	0.0972	2.4518208335280427	-0.0002397649514937969	0.0766	2.49140072497937	-0.0072473214428205104	0.12	2.652858740328613	0.007189944303633164	0.0883	2.541617114821046	1.363707111330309	0.0	2.4793059388019394	1.596187950444195	0.0	2.422446000335045	1.4603160611752404	0.0	2.499551177768545	1.2855830704731122	-0.2016	2.507167524385435	1.1014069787072511	-0.1613	2.4072284041315952	1.0409914332123686	-0.12	2.632717157120201	1.279295189330048	0.2016	2.686947016130798	1.0276927308279218	0.1613	2.4829538201148513	1.0145594906648303	0.12
104	1.7333333333333334	2.5366047671160135	0.8663366178949915	0.0	2.50265476893946	0.8760471933908971	-0.105	2.4738979126762803	0.4815144579681314	-0.0886	2.513208162355627	0.07481306885497957	-0.0972	2.344352127830855	-0.007489842254410621	-0.0766	2.36107070717281	0.0031877368666161712	-0.12	2.5266802535635224	0.0021783831974953177	-0.0883	2.5757166933976396	0.8783990681827649	0.105	2.5154013446273806	0.4676529056691969	0.0886	2.609142201667663	0.07839244677220428	0.0972	2.451555561288411	2.6698112466833068e-05	0.0766	2.491235660520448	-0.007071254735791857	0.12	2.652705889717211	0.007488763311140491	0.0883	2.5414568863932856	1.3638271522165533	0.0	2.4790345503427407	1.5951485649545534	0.0	2.4221768332025007	1.4605163520072575	0.0	2.4986156774630466	1.2857659795374587	-0.2016	2.5053668533814677	1.1016164798372337	-0.1613	2.406784246435157	1.0412184725415652	-0.12	2.6325134350995953	1.279372402092654	0.2016	2.686859645673503	1.027831870096551	0.1613	2.4829852288328955	1.0143002520428077	0.12
105	1.75	2.536823847834636	0.8660674117866005	0.0	2.5026090805724577	0.8760033704293614	-0.105	2.4734954985611286	0.47966275933551483	-0.0886	2.51317837447687	0.0749688253733617	-0.0972	2.344371049542811	-0.007953621736834705	-0.0766	2.3610981382425806	0.003023826903659474	-0.12	2.5272567423463665	0.0023952900663666288	-0.0883	2.5756906673823465	0.8782718342974365	0.105	2.5138643200018933	0.46684857099792554	0.0886	2.6091341072802203	0.07873242098721908	0.0972	2.4512484469540654	0.00020157205677654583	0.0766	2.491246885993267	-0.007044144788782708	0.12	2.6526940691179766	0.007715736061029682	0.0883	2.541510387345433	1.3635852941246116	0.0	2.479101796061797	1.59501223101514	0.0	2.4219758779033054	1.4601564190058873	0.0	2.4980663250514668	1.2855069116666336	-0.2016	2.50447852051442	1.1015458292270208	-0.1613	2.4055662141184584	1.0412119169785377	-0.12	2.6324679025415327	1.279105814325333	0.2016	2.6869673278753003	1.0277596369881228	0.1613	2.4830076255624145	1.0148846039747523	0.12
106	1.7666666666666666	2.5375877028368836	0.8654314912701752	0.0	2.502504013357261	0.8762100094524683	-0.105	2.473400206479753	0.4798005775376738	-0.0886	2.5131515940778524	0.07513622282133678	-0.0972	2.344507062049391	-0.00812537731984822	-0.0766	2.3612324448695703	0.0030035967990789253	-0.12	2.527749160597064	0.002580623239592683	-0.0883	2.575748598736162	0.8782709831392386	0.105	2.513106107169747	0.46633947360094025	0.0886	2.609169299393034	0.07892622659891682	0.0972	2.450601462087954	0.000366232522936244	0.0766	2.4912801624772194	-0.007145474657613449	0.12	2.6527474012901773	0.007963455517028283	0.0883	2.5415719621427235	1.3632864911830198	0.0	2.479042988828841	1.593129974703873	0.0	2.4215760168088227	1.4598158508866272	0.0	2.496286012845206	1.2853592589544942	-0.2016	2.5024934657903155	1.101762818551216	-0.1613	2.404993681503142	1.0425033380153543	-0.12	2.632471402465513	1.2788891803266655	0.2016	2.6872855241716	1.0277976258702586	0.1613	2.482908843549455	1.0152954057429429	0.12
107	1.7833333333333332	2.5376361070174283	0.8651717361513437	0.0	2.5021367181854	0.8762808061630635	-0.105	2.4721287264159924	0.47990888854123237	-0.0886	2.5122224317543735	0.07664426934352839	-0.0972	2.3444491990717533	-0.00818757492135757	-0.0766	2.3606406330184457	0.0030287460342662414	-0.12	2.528366385555986	0.0026644970523578212	-0.0883	2.576205729662784	0.8783391405646118	0.105	2.511844591693927	0.46661024643338844	0.0886	2.6094274326123723	0.0790837315446833	0.0972	2.4488872737778022	0.0005121926492337725	0.0766	2.4912324502099996	-0.00678577808573106	0.12	2.65304043578182	0.008280938493377438	0.0883	2.5416044373378255	1.3629087650924934	0.0	2.478069591676677	1.5921598447169845	0.0	2.4217269079912263	1.45925072777383	0.0	2.494621059449212	1.2851889457356385	-0.2016	2.5005472375964546	1.1028789773301508	-0.1613	2.403865311981732	1.0444816371221888	-0.12	2.6327287347412596	1.278612257751257	0.2016	2.6880610954777553	1.027775352998865	0.1613	2.4827415625497467	1.0156782221416305	0.12
108	1.8	2.5381645263382557	0.8656986442691943	0.0	2.5029255687687497	0.8762111007349153	-0.105	2.4702250317668404	0.4809411557105002	-0.0886	2.512043317728026	0.0775381201157152	-0.0972	2.3441513325328374	-0.00805875804071702	-0.0766	2.3604507647166404	0.0031831582932826605	-0.12	2.5290010778017282	0.001951800821334719	-0.0883	2.5781360678966907	0.878366835583535	0.105	2.5116279074782213	0.46808947003121837	0.0886	2.6097562307989306	0.07933598630292042	0.0972	2.4473924633976654	0.0006411936180784061	0.0766	2.4909345321213943	-0.006569543303912684	0.12	2.6534813433804545	0.008983255647460164	0.0883	2.5415991032366123	1.3621577857173366	0.0	2.4780923009902756	1.5909800538349574	0.0	2.422018606170577	1.4567760589463732	0.0	2.494282577179816	1.2848337413616457	-0.2016	2.499327912051097	1.1032712946712075	-0.1613	2.4036608784179423	1.045193457467291	-0.12	2.63329919364047	1.2781548877301185	0.2016	2.689117287627585	1.0277372008787684	0.1613	2.4829424489374143	1.0169613090423226	0.12
109	1.8166666666666667	2.5400979275560815	0.8663389821618633	0.0	2.5039158178258707	0.8765229109885706	-0.105	2.4684530263128583	0.48391523252525326	-0.0886	2.51245859662042	0.07690938600737801	-0.0972	2.344329191158068	-0.0078090860891525254	-0.0766	2.359646099008431	0.0035066731264126044	-0.12	2.529955042629536	0.00159129308928542	-0.0883	2.580024307410942	0.8788237097761339	0.105	2.5108290164385156	0.4711375645430893	0.0886	2.6102106269073104	0.07974191856310078	0.0972	2.448292208243934	0.000655319166572986	0.0766	2.4915926935203663	-0.006091779853659121	0.12	2.6541713093461508	0.010669426117016295	0.0883	2.5415674741504253	1.3613013426807101	0.0	2.478599966742657	1.5901286801473342	0.0	2.422488359394758	1.455147902361568	0.0	2.49343065160683	1.2850789519392987	-0.2016	2.5011916566286883	1.1043211467519605	-0.1613	2.4031029019784627	1.0457762849379864	-0.12	2.6353434937510367	1.277781145929838	0.2016	2.6896214212076495	1.0283134097608968	0.1613	2.483125394446305	1.018772590343159	0.12
110	1.8333333333333333	2.540638736672788	0.8662304129082912	0.0	2.503945264668513	0.8761798562986329	-0.105	2.46352010308596	0.48327994823054615	-0.0886	2.5126219909954957	0.07747055288104855	-0.0972	2.344426929350652	-0.008011672999942356	-0.0766	2.360219963139578	0.004429266597395086	-0.12	2.5290924107749597	0.0019782081845839475	-0.0883	2.582323679391729	0.878696008918787	0.105	2.51058256197946	0.47092736194794693	0.0886	2.60997977548653	0.08016615198122937	0.0972	2.45168811707315	0.0006396813283804717	0.0766	2.4935024059260686	-0.005623099354995921	0.12	2.6546934415662053	0.011384608328295541	0.0883	2.5417493794881	1.3604111198015805	0.0	2.478605151755633	1.5890078999185977	0.0	2.4229866873665307	1.453697427085212	0.0	2.4933287381722606	1.2850447456265734	-0.2016	2.5017539613731925	1.1055746304465357	-0.1613	2.404156086843918	1.0498492118701714	-0.12	2.6353558455123425	1.2781736136790285	0.2016	2.690640383969881	1.0294685424393248	0.1613	2.483277806627587	1.0225093988383671	0.12
111	1.8499999999999999	2.540101713368846	0.8656121971382864	0.0	2.5015344780551887	0.8754029734667044	-0.105	2.453088969057116	0.4825492906811254	-0.0886	2.5114952328504736	0.07788085233276457	-0.0972	2.344467921137642	-0.008151276757149523	-0.0766	2.3593918257187374	0.005075219723322116	-0.12	2.5302270213867444	0.002300974553919824	-0.0883	2.5832662753959332	0.8792241026493035	0.105	2.5108305964758983	0.4712142301576445	0.0886	2.6107653398839434	0.07850853488658655	0.0972	2.456015195460626	0.0006449404183871757	0.0766	2.4971094314351463	-0.00466439192224604	0.12	2.6552319282668964	0.01275555741985119	0.0883	2.5425104746275524	1.3610510449579725	0.0	2.477291376817774	1.588690416016478	0.0	2.423948714965937	1.4530242615587097	0.0	2.494008258783868	1.2858029450804878	-0.2016	2.5018225052609724	1.105529861102791	-0.1613	2.404530417952029	1.0514292419285391	-0.12	2.637129569001392	1.2789061864372553	0.2016	2.691360303474455	1.0309648956399007	0.1613	2.4833811586741534	1.027167622352516	0.12
112	1.8666666666666667	2.536974472832162	0.8641277347792191	0.0	2.493446964208276	0.8733415033889037	-0.105	2.435858455510162	0.47734501439408106	-0.0886	2.508672846449845	0.08015573166147216	-0.0972	2.344149276030639	-0.008189081102391263	-0.0766	2.3565163942097502	0.005687256009353929	-0.12	2.532174857891086	0.0042401116591608	-0.0883	2.583799881027281	0.8795272292166287	0.105	2.5122253155613636	0.4716359367138822	0.0886	2.6115549137561564	0.07707543740302086	0.0972	2.4580891481264926	0.0007910146910496824	0.0766	2.500798776423867	-0.004124615406982307	0.12	2.655676106084429	0.01320270639278244	0.0883	2.542928194953428	1.3609725430239035	0.0	2.4763047955727737	1.5882430064133983	0.0	2.424680204285953	1.4520160268036977	0.0	2.490936008612225	1.2869643665192747	-0.2016	2.5010709343989235	1.1046119958798317	-0.1613	2.404276628042401	1.0488623458726234	-0.12	2.6395248594495238	1.2795723057697252	0.2016	2.6917180596047583	1.0356753535678342	0.1613	2.483336772619002	1.0330491998962046	0.12
113	1.8833333333333333	2.5348640880280526	0.863128413036343	0.0	2.491168998678381	0.8701885362204488	-0.105	2.4136061503924062	0.47178550684554565	-0.0886	2.5029277127835545	0.08149802944138806	-0.0972	2.3437946156110976	-0.00794724794646618	-0.0766	2.35330831044805	0.008125117553307325	-0.12	2.5325734039423273	0.007583189603204442	-0.0883	2.587597464442918	0.8794095559809981	0.105	2.5144451801506693	0.46912849576813753	0.0886	2.6136193663031553	0.07273945373383238	0.0972	2.4589941666417348	0.0011131077608781542	0.0766	2.501363217208116	-0.003831362509079138	0.12	2.656220121895479	0.013172029755831031	0.0883	2.5432401914568157	1.3617398491859474	0.0	2.4758369746043787	1.5873935498215654	0.0	2.4262416996563885	1.4490259154212382	0.0	2.489999942821889	1.2871407631807812	-0.2016	2.497957694784545	1.104113707604652	-0.1613	2.4042000885510033	1.0507115861222749	-0.12	2.6420934088420407	1.2820017289340937	0.2016	2.6919237498867745	1.0385783904759416	0.1613	2.483233677397417	1.0383975608421632	0.12
114	1.9	2.5363459736160094	0.8623873834547409	0.0	2.4906349223721165	0.8672535549820883	-0.105	2.3956143277703363	0.47444372090475995	-0.0886	2.491426730709725	0.08610702886122826	-0.0972	2.343014022527913	-0.007897484693371967	-0.0766	2.351636313452387	0.010792985258410749	-0.12	2.5306940665238873	0.01528049924159916	-0.0883	2.592085282502697	0.8790326007146192	0.105	2.521959208418968	0.4625042518993164	0.0886	2.6174750563752145	0.06978084915193802	0.0972	2.459500026260448	0.0018501021956434105	0.0766	2.5018516924152796	-0.004367971147367547	0.12	2.6569386303971863	0.012262924478507777	0.0883	2.543966807843517	1.3630294589509377	0.0	2.476616795173811	1.586690392297949	0.0	2.42816839349128	1.4458162695000278	0.0	2.490314295903879	1.2870183524728616	-0.2016	2.5009965327756984	1.104170326090639	-0.1613	2.4048936151320714	1.0545647921973316	-0.12	2.6451953043106022	1.284233508938942	0.2016	2.692923318394817	1.0409907272625007	0.1613	2.483174794495688	1.0457057394511124	0.12
115	1.9166666666666667	2.538020747104451	0.8617597066015671	0.0	2.488645965351411	0.8662711534240315	-0.105	2.3692434290952464	0.4758278942072201	-0.0886	2.475810219811013	0.0967646714515347	-0.0972	2.3395620946270648	-0.007942588797776921	-0.0766	2.347510129258916	0.013415743218653825	-0.12	2.5272901354925446	0.03631334953894447	-0.0883	2.5961830029488073	0.8780102324373172	0.105	2.535017619349307	0.45562067523211414	0.0886	2.6247201033931664	0.06763314554783983	0.0972	2.462184153489749	0.001551445357670489	0.0766	2.5033909510772365	-0.006266036671762426	0.12	2.6579986582543937	0.012184468843683988	0.0883	2.543701573448798	1.3642126267282884	0.0	2.477213459936478	1.5851148661154253	0.0	2.4307763770466093	1.4433051732391167	0.0	2.4885509623286155	1.2870683138363483	-0.2016	2.50222746529872	1.1109098330515392	-0.1613	2.4058101793332303	1.0762978384323325	-0.12	2.6514133320337727	1.2847658700166824	0.2016	2.693959328110679	1.041723555325747	0.1613	2.483460356879617	1.051692982171356	0.12
116	1.9333333333333333	2.5432973620501995	0.8597920190964543	0.0	2.4885981991164003	0.8646970064082943	-0.105	2.338669154645017	0.4886145001159403	-0.0886	2.456256102890859	0.12150530742963422	-0.0972	2.3378420044133152	-0.009252561922888085	-0.0766	2.341269387816134	0.012548421549576541	-0.12	2.5164908944420477	0.06725639293048849	-0.0883	2.601370690240822	0.8770406242874202	0.105	2.5393547848353326	0.45201934092867246	0.0886	2.625143953031277	0.06932106620417469	0.0972	2.4587977089062494	0.002044550160759079	0.0766	2.500781602732935	-0.0076998342313213675	0.12	2.6574645847447362	0.013388094768069202	0.0883	2.543737500233797	1.3658272311087003	0.0	2.4773144275743864	1.5860670639421017	0.0	2.4312913706933568	1.442168324815173	0.0	2.4844286047178166	1.2866574155298252	-0.2016	2.502719068855512	1.1121823261810524	-0.1613	2.405845280587827	1.0834344976337098	-0.12	2.656135001262294	1.2832077922689462	0.2016	2.695371025476479	1.0416290655305946	0.1613	2.483958657844134	1.059029720641598	0.12
117	1.95	2.545227050731742	0.8548212299389649	0.0	2.486354946109773	0.8621389216925796	-0.105	2.30758130356625	0.5086335981905992	-0.0886	2.4280352851827356	0.1466087027470332	-0.0972	2.337848513586477	-0.008414927450606971	-0.0766	2.3293491350320044	0.016563141142587737	-0.12	2.4911369609897456	0.1081314724138875	-0.0883	2.6067763750506905	0.8706508658809494	0.105	2.5434595457313525	0.45074510384020083	0.0886	2.6265090077163404	0.07161466224855431	0.0972	2.4551326728640217	0.0015641323083653708	0.0766	2.4997980637373662	-0.00823009720815724	0.12	2.6573610309803914	0.014349561193196927	0.0883	2.5450158359879405	1.364305848923739	0.0	2.4774366123767417	1.5847814239732232	0.0	2.432295739469414	1.4383126725537752	0.0	2.4835233605717626	1.284289342043385	-0.2016	2.502336955715201	1.1098651354924938	-0.1613	2.4081049248446385	1.0955835471664785	-0.12	2.6584571237495624	1.2831737572511945	0.2016	2.6946488692690354	1.0428365339818397	0.1613	2.4839528529512536	1.0693415971020683	0.12
118	1.9666666666666666	2.5451855257279696	0.8503451241136146	0.0	2.4838427237525225	0.8650373076268308	-0.105	2.281031096972612	0.5205456622600325	-0.0886	2.4068720383079087	0.1783581663872802	-0.0972	2.329851148474263	0.011449118173319957	-0.0766	2.316394950285417	0.04104383723205489	-0.12	2.4696624920264703	0.1482865543026614	-0.0883	2.609716561675525	0.861792620114857	0.105	2.5447247863714266	0.45090745109199104	0.0886	2.6269337958216927	0.07204044377335148	0.0972	2.4499149096380965	0.0015242126633814787	0.0766	2.5003477145103776	-0.009958070901971199	0.12	2.6572722057367333	0.014805361070844757	0.0883	2.5457159181093565	1.3627063576111191	0.0	2.4747901461378476	1.5809591173421829	0.0	2.4347480204227905	1.4337798577681193	0.0	2.4815775886258127	1.279489767582885	-0.2016	2.5030804721871163	1.099956062288692	-0.1613	2.405895771290214	1.091639064788831	-0.12	2.661192951607859	1.2823511370990373	0.2016	2.6969275260386514	1.0434913662354592	0.1613	2.48395210983839	1.0814623888070787	0.12
119	1.9833333333333334	2.5478826530216128	0.8508809821382	0.0	2.4828459498498714	0.8656372217473637	-0.105	2.258510217033675	0.5482673102395828	-0.0886	2.3853482893034923	0.2071843955666998	-0.0972	2.308876975189684	0.04110365551835672	-0.0766	2.2976158774877016	0.07285218671597149	-0.12	2.447910724438128	0.1798759530333285	-0.0883	2.611242629390522	0.8613576633163119	0.105	2.546401752303437	0.45383713521496777	0.0886	2.626649664860593	0.07240892188820584	0.0972	2.4481132458189587	0.0010516226116024721	0.0766	2.5017658565401675	-0.01066162557992592	0.12	2.6568140409961085	0.015241471698423097	0.0883	2.5447143245851462	1.3588635684072936	0.0	2.4712005310433107	1.578935764739757	0.0	2.4364943619578736	1.4319048645056776	0.0	2.479773032921375	1.275016163884084	-0.2016	2.500502081588106	1.0725486947362066	-0.1613	2.4051234502040906	1.0773554190292323	-0.12	2.6632309626786443	1.2826382743437053	0.2016	2.7006074078778357	1.0431901102874872	0.1613	2.48340591408148	1.0927453397108613	0.12
120	2.0	2.548177370897104	0.8531093391289993	0.0	2.482336367706421	0.8644292089132981	-0.105	2.2319516112515503	0.5743950355197405	-0.0886	2.368602778087006	0.2396060675518742	-0.0972	2.288792960278483	0.0750801296832356	-0.0766	2.278603869368831	0.10900583319090167	-0.12	2.4281236725336357	0.21510421889349096	-0.0883	2.6108368753630726	0.8639936547345419	0.105	2.545845293975733	0.45545677149836744	0.0886	2.6259247242693933	0.07256771911062049	0.0972	2.448424260878992	0.0008621327544681492	0.0766	2.5043509947841334	-0.01124673210808072	0.12	2.6572149450710567	0.015449377222750332	0.0883	2.544495799969642	1.3567066465708024	0.0	2.465123190952805	1.5748747494330546	0.0	2.4329721852785773	1.4304722838493662	0.0	2.4805571241989948	1.2734325545452796	-0.2016	2.497461286304564	1.0506829911425313	-0.1613	2.4035106149582086	1.0700425146594728	-0.12	2.6639950210714445	1.2838752787918901	0.2016	2.6998087504588995	1.0456384746335998	0.1613	2.4819888156357037	1.1019253882740268	0.12
121	2.0166666666666666	2.5497183331234	0.8548492436448051	0.0	2.4839840798206088	0.8652444238828753	-0.105	2.215758285301095	0.6120231830396533	-0.0886	2.349517503381705	0.2797735835418115	-0.0972	2.254440832589129	0.12097979839143208	-0.0766	2.2566462804665135	0.1471016066496093	-0.12	2.4037376994352826	0.2554013349368255	-0.0883	2.611760164146301	0.8643197254353449	0.105	2.5470136819934943	0.45755833975022586	0.0886	2.626506967599344	0.07249774931759376	0.0972	2.4488133729047794	0.0009202338959413067	0.0766	2.5062009284067286	-0.011304190476806343	0.12	2.6571161526192557	0.01535295400472203	0.0883	2.5430473541721232	1.3536302173163188	0.0	2.460705346838565	1.5695835456444958	0.0	2.4312430332340162	1.4255258484455597	0.0	2.481927135030224	1.2706764638104238	-0.2016	2.4920696170809955	1.0434047835577638	-0.1613	2.3937740263200196	1.0605553725360273	-0.12	2.6637647854947084	1.2841921552010764	0.2016	2.696575914570998	1.0495018972179662	0.1613	2.480374082468298	1.109136616371743	0.12
122	2.033333333333333	2.551791478150636	0.8559352393589807	0.0	2.4869996523911597	0.8658403825138639	-0.105	2.1983825954184306	0.6547548218228307	-0.0886	2.3295195539595417	0.3114200717812965	-0.0972	2.2340330282470413	0.15383411919629245	-0.0766	2.234232157568812	0.18213757272881664	-0.12	2.3804499998898114	0.2871405151239006	-0.0883	2.6117701116144896	0.8646139056924831	0.105	2.5469669160830986	0.4580163213189291	0.0886	2.626351212390285	0.07249939316456774	0.0972	2.44957387667652	0.00010846168290418873	0.0766	2.506527911048646	-0.011919503573814612	0.12	2.6568939513695895	0.015393939567055398	0.0883	2.5420235277405516	1.3489852075898408	0.0	2.455743077754632	1.5679694376375384	0.0	2.4288493193902463	1.4224542988737698	0.0	2.4835831181551846	1.2689055132558504	-0.2016	2.4933369837390544	1.0349958589779409	-0.1613	2.385157750526531	1.0622056488739664	-0.12	2.6650565027276927	1.2845639898508165	0.2016	2.694912213581687	1.0502778571960034	0.1613	2.4789169416715007	1.1177844385916988	0.12
123	2.05	2.5531039876444543	0.8577702434101065	0.0	2.487761602675956	0.8669006432100616	-0.105	2.1918247078877195	0.6937394649349287	-0.0886	2.3120681267674614	0.3484175983488317	-0.0972	2.214493055592678	0.1926288606078978	-0.0766	2.2120163934213912	0.21847764207728887	-0.12	2.35779053965888	0.3217556564139492	-0.0883	2.6121375264941955	0.8637208985014294	0.105	2.5459718279049888	0.45966648782117386	0.0886	2.6263105110648937	0.07224081072362482	0.0972	2.4499783785543734	-0.0010156910694902321	0.0766	2.505560946961478	-0.012051112424170174	0.12	2.656857581518439	0.01563814411989787	0.0883	2.5419173121645153	1.3447158304963782	0.0	2.4501723779407616	1.5642779575161114	0.0	2.4263793561774496	1.4177559154077581	0.0	2.483660645696	1.2697314659752394	-0.2016	2.484367539951591	1.0291066841654744	-0.1613	2.3765460498441224	1.0658148633808455	-0.12	2.6652291933159695	1.2832535089290633	0.2016	2.6898217439551098	1.0535201861912655	0.1613	2.478095633170359	1.124412631359785	0.12
124	2.0666666666666664	2.553951858033582	0.8617504885361423	0.0	2.4884254441464773	0.8700103377526136	-0.105	2.1847787491356447	0.7487129720990978	-0.0886	2.2943278320505938	0.38977821066076146	-0.0972	2.1867908947236954	0.23992395466448657	-0.0766	2.1848322369254656	0.2705306092346581	-0.12	2.344592343879387	0.3555516580001543	-0.0883	2.6124099394169744	0.8636599798218765	0.105	2.5456614688350325	0.46252917857189463	0.0886	2.6259275774553053	0.07272027858345802	0.0972	2.449164016245852	-0.0031461241328773967	0.0766	2.503006648885035	-0.012016683563273865	0.12	2.657128048888301	0.01645024487742057	0.0883	2.540258427230211	1.3428803945078918	0.0	2.444734540101891	1.5573653043130549	0.0	2.4196315988853154	1.41340147941506	0.0	2.48532171362653	1.267368975443871	-0.2016	2.4693202586842085	1.0259095759032786	-0.1613	2.3662515885230087	1.0728359956447735	-0.12	2.6645187687358782	1.2832428070939386	0.2016	2.6850896039647347	1.0541709269847497	0.1613	2.477774881317773	1.1356851170083662	0.12
125	2.0833333333333335	2.556200585742723	0.8671109320608835	0.0	2.489720692767195	0.8702307219269001	-0.105	2.1801735937204114	0.8019871660355546	-0.0886	2.2747947421675807	0.4378034234898933	-0.0972	2.160084722873276	0.29287936006880827	-0.0766	2.163994687942669	0.3135473553857101	-0.12	2.325924746615173	0.3991080626496836	-0.0883	2.6142415329827204	0.8598287152662708	0.105	2.546107551107311	0.46689512290059604	0.0886	2.6257381341068293	0.07316377770188966	0.0972	2.4473575141153883	-0.004529439161975193	0.0766	2.497945098505991	-0.011638578292075805	0.12	2.656777463231896	0.016438084047677493	0.0883	2.537998056846564	1.3418246510688667	0.0	2.4379050322272375	1.5531473118364658	0.0	2.4142594462216582	1.4076601563145568	0.0	2.4873396882926917	1.2681947728379905	-0.2016	2.4649167008334296	1.0163523351737958	-0.1613	2.3588600112787645	1.080055838677011	-0.12	2.662778856927291	1.2842140035388565	0.2016	2.6801608378212545	1.0542023615248428	0.1613	2.481588111933465	1.1386429117683945	0.12
126	2.1	2.5573532823414826	0.8704544874969147	0.0	2.491012173848266	0.8694816790823712	-0.105	2.183348478642827	0.8731569539162376	-0.0886	2.262619502979221	0.4921498428680496	-0.0972	2.1420130439166063	0.349596104011941	-0.0766	2.146335979635265	0.37096339250535443	-0.12	2.316855658859946	0.4475778065270688	-0.0883	2.6147615723486433	0.854908544321877	0.105	2.5465345406919004	0.4641631889435733	0.0886	2.624636028954278	0.07479891655136112	0.0972	2.4475166531461507	-0.0053147455086129045	0.0766	2.4921866317710806	-0.012034925490492565	0.12	2.6566706359325223	0.016545487154102374	0.0883	2.53410566295479	1.338152475794409	0.0	2.4332463012861307	1.5459364122837	0.0	2.4098665108540582	1.4028443864173632	0.0	2.4869768684258795	1.2671681422572831	-0.2016	2.4565719435005007	1.0127838898052364	-0.1613	2.35517841131709	1.084152208321955	-0.12	2.660937156814117	1.2853340484577385	0.2016	2.676562830653664	1.0538832213818852	0.1613	2.4807009969991096	1.1453831666925525	0.12
127	2.1166666666666667	2.5582144742243655	0.8709557897973668	0.0	2.49135208127434	0.8700834351033198	-0.105	2.1850274977149104	0.8927608934880681	-0.0886	2.255912352963389	0.5217894081913379	-0.0972	2.1301059458756986	0.4081798886673713	-0.0766	2.1401360374129963	0.4324462177757165	-0.12	2.307098994554524	0.4675409283790318	-0.0883	2.61479705607487	0.8500559817431484	0.105	2.545705206812521	0.46213068213930136	0.0886	2.623813993760031	0.07686690661320919	0.0972	2.448350359548303	-0.005756469867575713	0.0766	2.489984270617888	-0.012323024310142955	0.12	2.656839623249564	0.016268217978399883	0.0883	2.5318539329766927	1.3313049409371125	0.0	2.4270549553081917	1.535476067061204	0.0	2.405931955356091	1.3910529488054582	0.0	2.4880608596701252	1.2612043044564132	-0.2016	2.4377305181768123	1.007479918223941	-0.1613	2.3534519143574157	1.0947914727029744	-0.12	2.659326246331782	1.2838828304339494	0.2016	2.669839281521197	1.0531822893656324	0.1613	2.4789887603824137	1.1536293250740601	0.12
128	2.1333333333333333	2.5584139042039955	0.87030870276636	0.0	2.4917204627884275	0.8711770438649638	-0.105	2.1942097154754103	0.9323769481017742	-0.0886	2.254596532645944	0.5572285288516023	-0.0972	2.124230132848464	0.45608115453471754	-0.0766	2.135079527582858	0.4815355391097095	-0.12	2.303601395979783	0.4984067034434314	-0.0883	2.6173105802826075	0.8502391725202433	0.105	2.5443867202339914	0.4613796766428054	0.0886	2.623699742017206	0.08071229882360965	0.0972	2.4488348486265865	-0.005014530065083969	0.0766	2.490224131114334	-0.011502792580172033	0.12	2.6571980563492796	0.01635664967966175	0.0883	2.5278718510550817	1.3281513026278584	0.0	2.417246863008024	1.5305992171562668	0.0	2.3990750044886267	1.3879599029363026	0.0	2.4851916018226716	1.2579280514393398	-0.2016	2.4283053863314024	1.0041629496703743	-0.1613	2.3519229948071767	1.103009162254638	-0.12	2.6571658370328772	1.2810579638698394	0.2016	2.6636836533082056	1.0526153362539892	0.1613	2.479446512763051	1.153896823113683	0.12
129	2.15	2.558800579796702	0.8685520688451298	0.0	2.4924251365177508	0.870015418233416	-0.105	2.208801442950515	0.9735205142657952	-0.0886	2.2596810302366785	0.6054211419776749	-0.0972	2.1269054727172234	0.5094800216998375	-0.0766	2.141885556230761	0.5277254370164746	-0.12	2.305955412124072	0.536763068546975	-0.0883	2.618778655827212	0.8483954956107074	0.105	2.543005200790091	0.45932265446836856	0.0886	2.6232385116187205	0.08264383565168831	0.0972	2.4487480248625544	-0.004753260059778934	0.0766	2.489790276388918	-0.010882900781078814	0.12	2.6570044792556065	0.017515830698585845	0.0883	2.5237475319294944	1.3234003489845965	0.0	2.405643162933942	1.5280565534565218	0.0	2.3924670015931397	1.385247445375958	0.0	2.4800713275596014	1.2556361622782022	-0.2016	2.421572915200675	1.0004030584135113	-0.1613	2.351418737326335	1.1133356785271606	-0.12	2.652718758227721	1.2758754102916487	0.2016	2.656490814682484	1.050091493696921	0.1613	2.479165319565031	1.1543479986803007	0.12
130	2.1666666666666665	2.5592489657002355	0.8666582891620407	0.0	2.4942978825982234	0.8700028701647503	-0.105	2.219551960718413	1.009386034668799	-0.0886	2.267130603079237	0.6438304052870955	-0.0972	2.1361831329069276	0.545308829589448	-0.0766	2.1475939375039785	0.5588231373281182	-0.12	2.310525561900735	0.5701504283153477	-0.0883	2.6176123836077347	0.8461785466680216	0.105	2.5407063845397446	0.45539661254819885	0.0886	2.622649674148091	0.08223412825659229	0.0972	2.4473994608338363	-0.0047289898998910465	0.0766	2.4893819962393344	-0.010083637658355724	0.12	2.6567368244247236	0.018106524716539424	0.0883	2.5205646779308784	1.3160805225564152	0.0	2.397825928146469	1.5209835162451726	0.0	2.3880687978467656	1.3736488791845152	0.0	2.4744065711440064	1.2552354745307053	-0.2016	2.4151197026964195	1.0027300452882388	-0.1613	2.353028806259593	1.1164747333097136	-0.12	2.6484411639499057	1.2661491108185192	0.2016	2.651936630535874	1.0491551998325057	0.1613	2.4754382826514747	1.1588351763555986	0.12
131	2.183333333333333	2.5588250429683956	0.8673554278350933	0.0	2.4940976443898424	0.8711982376072366	-0.105	2.2249713699940683	1.0327714449959	-0.0886	2.274806334010048	0.6648004643112183	-0.0972	2.1522551413805524	0.5608461859929754	-0.0766	2.1651770553468586	0.581823942106035	-0.12	2.322369242511036	0.5957815128944822	-0.0883	2.6163888977360674	0.8476650827694485	0.105	2.533261742822722	0.45789515378457446	0.0886	2.621597760108865	0.08300637864735536	0.0972	2.4461930163741927	-0.004836481240857997	0.0766	2.4885657029188364	-0.009611185043622572	0.12	2.655975367394536	0.018812640935013232	0.0883	2.5167453099108155	1.3131789946799493	0.0	2.39474678386668	1.5180178788207306	0.0	2.3770774211603833	1.3727281402897122	0.0	2.4707623837094372	1.255335483252987	-0.2016	2.415140984741104	1.0073489241446034	-0.1613	2.358995227911603	1.1165602039435119	-0.12	2.6420707352654147	1.26246941448991	0.2016	2.6479821902022254	1.047225952046133	0.1613	2.472965782616887	1.1569212511044022	0.12
132	2.2	2.558627342479562	0.8669648037075071	0.0	2.493721319448531	0.872615904622053	-0.105	2.2241836299636124	1.0414657730705126	-0.0886	2.2870360283617717	0.6869180719159568	-0.0972	2.1755244078849105	0.5778342857218808	-0.0766	2.177018268289609	0.5941760535446137	-0.12	2.3335136955339273	0.6107364643224964	-0.0883	2.6153157533343534	0.8471964863571847	0.105	2.5310500848195767	0.4565080561176097	0.0886	2.621029350892169	0.0824044677072625	0.0972	2.44512485962366	-0.004963719988903555	0.0766	2.4879854464711557	-0.009566542134171296	0.12	2.6553460128112136	0.017671162253133914	0.0883	2.5158732183174446	1.3102951948778132	0.0	2.385882486932245	1.5103934295572174	0.0	2.371122078732713	1.3655072660600265	0.0	2.47513500126245	1.2549807723882962	-0.2016	2.4284002338537416	1.0096945852257304	-0.1613	2.364750662038408	1.1102403531593137	-0.12	2.6382063596817504	1.2579205265385291	0.2016	2.645342757325444	1.0429231183460395	0.1613	2.4725703235245273	1.1524626355199104	0.12
133	2.216666666666667	2.558415677754258	0.86783466116816	0.0	2.4923085913382597	0.8727094860473329	-0.105	2.2219469024930114	1.0402886936551239	-0.0886	2.2945541822511366	0.6843797452616731	-0.0972	2.185022709993097	0.5694814434860626	-0.0766	2.190640322929672	0.5902253562324434	-0.12	2.3462421639554387	0.6142378798873213	-0.0883	2.6169724117684496	0.8485636923726951	0.105	2.528649984607701	0.4553875262011552	0.0886	2.6209930797765506	0.08159190248162933	0.0972	2.4429783295036196	-0.004407153800500656	0.0766	2.4897412405569463	-0.009497120448722786	0.12	2.6549808517651985	0.01696312396939212	0.0883	2.512258340031783	1.3049349579870626	0.0	2.381527689910412	1.5082319325275189	0.0	2.3642356179329216	1.361133639154842	0.0	2.4748835079999982	1.2488348303241619	-0.2016	2.4316026895761786	1.002651260038863	-0.1613	2.369126039138671	1.105358295905047	-0.12	2.6333246827780643	1.2591300736803424	0.2016	2.644205798978286	1.038630092915305	0.1613	2.473486875423456	1.1470150759268916	0.12
134	2.2333333333333334	2.558076388018846	0.8687901815294216	0.0	2.491305422637233	0.8720401064183054	-0.105	2.217230590191927	1.0224824560841976	-0.0886	2.3071187773342525	0.6780013730066478	-0.0972	2.2105391655281945	0.5538295618275585	-0.0766	2.208009422815887	0.5698935235133905	-0.12	2.355886128264876	0.6100008439233205	-0.0883	2.61722283011358	0.8492420893140116	0.105	2.52534394151397	0.4560574966416123	0.0886	2.619940186671047	0.08259362546380491	0.0972	2.441359489689337	-0.004172502099985154	0.0766	2.4903626851867964	-0.008867662899888912	0.12	2.6538307646455546	0.016814677063246602	0.0883	2.5104584839069743	1.3021381927833462	0.0	2.3809292115996135	1.5052455348133216	0.0	2.3651986866611368	1.3566183511900054	0.0	2.4699836369220107	1.2450470846100838	-0.2016	2.4343885052290934	0.9970659686202301	-0.1613	2.375273472232056	1.1027584925710485	-0.12	2.6343071164263274	1.254970049951036	0.2016	2.646625916741209	1.0354392264617696	0.1613	2.475314079009251	1.1389800606088043	0.12
135	2.25	2.5578635767280873	0.8692469102804719	0.0	2.4920711724036324	0.8717094648754764	-0.105	2.2068614731607483	0.991175437980424	-0.0886	2.3130272844180397	0.6597771826667223	-0.0972	2.2532731566736515	0.513373471653435	-0.0766	2.2447507485619167	0.5244796299075657	-0.12	2.3630097090910476	0.5998611030427308	-0.0883	2.6167355370200918	0.8460601641664545	0.105	2.5218444383069047	0.4555067186270977	0.0886	2.619808562686176	0.08180716766110871	0.0972	2.4409629002068858	-0.004132743909526983	0.0766	2.490810473753437	-0.008891974818636468	0.12	2.6532485894385074	0.017149193621480048	0.0883	2.507721169704952	1.2985134655544386	0.0	2.379171236932573	1.5018465034891064	0.0	2.365505442251241	1.3523162517501526	0.0	2.4669813470251913	1.2372502754751853	-0.2016	2.445746056451227	0.9934535388346128	-0.1613	2.3791254195830422	1.0956853243064162	-0.12	2.635342694251129	1.2534332056319573	0.2016	2.6516748505425722	1.0294875709983553	0.1613	2.47655034890139	1.1313420056363572	0.12
136	2.2666666666666666	2.558755334375632	0.8667043465311609	0.0	2.495243514350325	0.8685992489724783	-0.105	2.1971865553730607	0.9489251097971235	-0.0886	2.312634335023567	0.6273920324916561	-0.0972	2.2711571273311804	0.4497038905449446	-0.0766	2.265875271953656	0.4767767881412952	-0.12	2.3648608026132583	0.5678749796185107	-0.0883	2.6181752951651895	0.8412831510437873	0.105	2.5196205749077816	0.44858845787245066	0.0886	2.62025034603384	0.0806074044783349	0.0972	2.4420991447340787	-0.004028625213520619	0.0766	2.4914285488162107	-0.009065184466667098	0.12	2.6523523565652156	0.017993191885795054	0.0883	2.5080318842549603	1.297824101330629	0.0	2.3782903219795024	1.4967256787959804	0.0	2.37170835391898	1.351479080524847	0.0	2.4704245424549827	1.2337576132665888	-0.2016	2.462655126466464	0.9932873870537013	-0.1613	2.3888627003961376	1.0776584076586733	-0.12	2.6393377014055277	1.2506901626812474	0.2016	2.6585432165567333	1.0241052851478785	0.1613	2.4781109669351684	1.1184978658098284	0.12
137	2.283333333333333	2.557806802671478	0.8511706650067365	0.0	2.49695184465986	0.8547087743937014	-0.105	2.1871278835974333	0.9033997754638772	-0.0886	2.3101486879310484	0.5778755662035211	-0.0972	2.2867521362553997	0.40866391540483776	-0.0766	2.283707574940088	0.4259114060952095	-0.12	2.366227829338947	0.5299063232911161	-0.0883	2.6179500157842837	0.8323704483343571	0.105	2.5136996388121693	0.44286793397594115	0.0886	2.6208604302346212	0.07871519270612079	0.0972	2.445316040439092	-0.004215828623678079	0.0766	2.4926894938756936	-0.008740517291465917	0.12	2.652509651906926	0.019134095601759375	0.0883	2.506927877537668	1.2945940103570892	0.0	2.3809937765037437	1.4953701919417028	0.0	2.3754118978515177	1.3480091876805946	0.0	2.470654142054541	1.2299843764763307	-0.2016	2.471821472827987	0.9980140637344211	-0.1613	2.3973184283307347	1.064064068119788	-0.12	2.6409698678548605	1.2429103383172297	0.2016	2.664490574544937	1.0172641667601336	0.1613	2.4777940212301	1.105294358924438	0.12
138	2.3	2.556120040978695	0.841329350029274	0.0	2.497535421830609	0.8477578320065803	-0.105	2.1871939121307706	0.8496596762491105	-0.0886	2.3066452778837014	0.5299672641260705	-0.0972	2.3094428150975923	0.3274711811144821	-0.0766	2.294770448474059	0.35263574192400016	-0.12	2.361527706861635	0.4790280834984809	-0.0883	2.618525030851629	0.8288325456186615	0.105	2.5083548623167022	0.4411941018066351	0.0886	2.621092233659179	0.07628418280561125	0.0972	2.4494129989627713	-0.003994601516761578	0.0766	2.4945908278405335	-0.008234301616787128	0.12	2.6516793565292605	0.020161087401238446	0.0883	2.507022399096808	1.2932517658999059	0.0	2.383398620925272	1.4902392923092656	0.0	2.3804956715722865	1.3423218788816274	0.0	2.474738023798268	1.2283589165561644	-0.2016	2.4836968411180442	1.0015993490515631	-0.1613	2.400726898292191	1.0634445870102316	-0.12	2.6418912080027024	1.2407885203746147	0.2016	2.6769350262328073	1.0079515554697946	0.1613	2.4767080689116363	1.0930440496668696	0.12
139	2.3166666666666664	2.554666464721504	0.8282587434001795	0.0	2.4972353034880737	0.8394742523283462	-0.105	2.1870624706497614	0.7841644328105835	-0.0886	2.30054467216051	0.4569446023250505	-0.0972	2.2941714838096035	0.2503399985617821	-0.0766	2.279194919926869	0.26285877370593014	-0.12	2.35888723682731	0.4219529109397441	-0.0883	2.619653468521276	0.821275627828125	0.105	2.4961472467115406	0.4410952010202296	0.0886	2.6200216675448904	0.07533228477248971	0.0972	2.4540086042233464	-0.00315334947957948	0.0766	2.4980809402656154	-0.00727658981054842	0.12	2.650715423081387	0.021947302091317282	0.0883	2.506644652181006	1.2890423496316146	0.0	2.385487304264828	1.4849806888034804	0.0	2.3787517631133714	1.3397659433896747	0.0	2.4750186664874922	1.226249741443848	-0.2016	2.4773677255459154	1.0125627383685603	-0.1613	2.401330502313181	1.0740921083709312	-0.12	2.641805490700076	1.2344047776726348	0.2016	2.6826321423779227	1.0011656469926595	0.1613	2.475969692938074	1.081260913290829	0.12
140	2.3333333333333335	2.554348874912904	0.8183834845248762	0.0	2.4965373579903396	0.8297971225676626	-0.105	2.1993716892038777	0.727306196166099	-0.0886	2.295163901913957	0.3823841460878904	-0.0972	2.254206345726069	0.20238115885321262	-0.0766	2.248682203992627	0.21678186692132706	-0.12	2.349691806860186	0.3492962315868669	-0.0883	2.620629222189924	0.8121330277305291	0.105	2.4876194661828817	0.4328204845274695	0.0886	2.618663191620861	0.07245402433725252	0.0972	2.4553488994070047	-0.0021386401801369026	0.0766	2.4996041254893258	-0.007256412440457889	0.12	2.6496438370674396	0.023232412376379553	0.0883	2.5066866456200674	1.2826487649745486	0.0	2.384872922416032	1.4789223652402557	0.0	2.3806461814286863	1.333015322760573	0.0	2.4753071283336774	1.213860795426368	-0.2016	2.485117788224317	1.01559290653381	-0.1613	2.4020707491891615	1.0663444869146577	-0.12	2.642795774151197	1.2237577666499269	0.2016	2.688182125365198	0.9881724125290942	0.1613	2.4752856525746516	1.0623246978192813	0.12
141	2.35	2.5533776079573527	0.8096065362926219	0.0	2.4945373986299577	0.8184926299575122	-0.105	2.2094182895334646	0.663663707715714	-0.0886	2.280003369153571	0.3211376222635446	-0.0972	2.225827754724296	0.14930367458555346	-0.0766	2.208380958461829	0.17363611615715085	-0.12	2.3327925557970883	0.28091359741754224	-0.0883	2.620961919980765	0.8035135222124122	0.105	2.476037598470144	0.42744283062286237	0.0886	2.617877237820584	0.07068408966029083	0.0972	2.455821369386049	-0.0020811323131382856	0.0766	2.501356263147259	-0.007583563440687578	0.12	2.650047277673924	0.023224660286989884	0.0883	2.5087589932935215	1.2725729131637658	0.0	2.3857852568670825	1.467176253626012	0.0	2.3810820684945275	1.322513876916366	0.0	2.479197836092444	1.203711281471734	-0.2016	2.491917413467149	1.0137214820544422	-0.1613	2.4017730238916277	1.0460991039486143	-0.12	2.6449395789614245	1.209398382477245	0.2016	2.6921074647079775	0.9777031920821642	0.1613	2.4741288487282413	1.0438330468871255	0.12
142	2.3666666666666667	2.553570393508515	0.7978470154227856	0.0	2.492800818829297	0.8040697476721295	-0.105	2.225150324169687	0.6077352217199951	-0.0886	2.2648462976869057	0.24472431432227043	-0.0972	2.16583867820368	0.10457601622357462	-0.0766	2.1546945733378924	0.13381577380617238	-0.12	2.3076078629613095	0.20457438683445675	-0.0883	2.622282470932039	0.7918375192875031	0.105	2.4641740230560347	0.42008212520632743	0.0886	2.618061211264858	0.06966411477838719	0.0972	2.4599915072472958	-0.002592991117282853	0.0766	2.4983536703271145	-0.008055065927359939	0.12	2.649278773573571	0.023493683157133814	0.0883	2.5091008481570056	1.2631261193105263	0.0	2.381260121331847	1.4560881417461098	0.0	2.3850171745376856	1.3126465803826597	0.0	2.478639027938466	1.1991375988261952	-0.2016	2.5106569307683024	1.0155121119227297	-0.1613	2.4153514726194265	1.023340358099151	-0.12	2.6452876185132332	1.1981176067853105	0.2016	2.6951371277873455	0.9642555741459328	0.1613	2.4736367171617153	1.0130198766285285	0.12
143	2.3833333333333333	2.5529600460892605	0.7862468461152995	0.0	2.4882437974014087	0.7922732302003269	-0.105	2.2479224718081827	0.5687822461027928	-0.0886	2.235223679135022	0.1993809315726239	-0.0972	2.106551209929956	0.07635564949437909	-0.0766	2.0960599689153967	0.10798109258732473	-0.12	2.267678296460055	0.14716098921468007	-0.0883	2.6242828427099414	0.7783166753913275	0.105	2.454090386026433	0.41446875413145257	0.0886	2.6158131542134515	0.06875629050976918	0.0972	2.4672798373303917	-0.0023278586341813207	0.0766	2.501345800154859	-0.008667797180063427	0.12	2.647245337391767	0.022450210055173066	0.0883	2.5037119334489772	1.2495801878004102	0.0	2.379410252607234	1.4457514182975304	0.0	2.3851545398695846	1.3015586617773063	0.0	2.466060224455117	1.1810068722425293	-0.2016	2.5100075765021743	1.0043163827035229	-0.1613	2.4206642174108546	0.997583080601742	-0.12	2.6444249030086517	1.1845101308458605	0.2016	2.696276620473983	0.9488650061342017	0.1613	2.473070321657136	0.9830097009330448	0.12
144	2.4	2.5530574951410063	0.7752399591338462	0.0	2.489100201494087	0.7811322351457884	-0.105	2.274268652817052	0.5305324873924702	-0.0886	2.196850236952109	0.16351823394386877	-0.0972	2.052723527048826	0.07269042265665238	-0.0766	2.0535963018499443	0.10361247334979862	-0.12	2.2233813820588275	0.11126031863912916	-0.0883	2.6289539003634466	0.7738744746852939	0.105	2.445457543458618	0.4153222620264067	0.0886	2.6130570851257233	0.06810168573061066	0.0972	2.46620070066958	-0.0021158193381521223	0.0766	2.4989991474592155	-0.008999086560989966	0.12	2.6490155826467623	0.024425359659683073	0.0883	2.499501710076396	1.2300834597716674	0.0	2.3694842172265904	1.4286113458031193	0.0	2.3742111797462906	1.2841328434527952	0.0	2.4548994529872106	1.164239058824001	-0.2016	2.5046840759798994	1.0008083889971153	-0.1613	2.422761168349261	0.9707084922123737	-0.12	2.641645258918925	1.172893216973329	0.2016	2.6951765593712245	0.9312443223547299	0.1613	2.4722027768210006	0.9547967993234013	0.12
145	2.4166666666666665	2.5540365996790357	0.7611908188004871	0.0	2.489816697006484	0.7691595234067179	-0.105	2.3018186750138483	0.49120910485957386	-0.0886	2.1620198924870397	0.14667653852014137	-0.0972	2.0048178380205055	0.08000787946664245	-0.0766	2.0049711897450333	0.10740221534180658	-0.12	2.1751324291951764	0.08287785288201009	-0.0883	2.6318398362546476	0.7605646141115417	0.105	2.432501459209114	0.4126469360207381	0.0886	2.6102008858061807	0.06707713040326238	0.0972	2.4630412909609247	-0.0025333607511008396	0.0766	2.4961375837797775	-0.009718895441690627	0.12	2.6502144392685167	0.025103816462717136	0.0883	2.4951266105215137	1.2117383242379853	0.0	2.3657272006482315	1.4109802889365448	0.0	2.3722555444745517	1.2699091268177178	0.0	2.4429662643501184	1.1465066741193988	-0.2016	2.5023654969579896	0.9790824586468698	-0.1613	2.4113426059401553	0.9283128250747358	-0.12	2.6375049616680646	1.1580366931966475	0.2016	2.6940061041789947	0.9158067422947562	0.1613	2.470904913066637	0.9201144799869041	0.12
146	2.433333333333333	2.555674572148777	0.7411071207392276	0.0	2.490563105410925	0.7491762866349307	-0.105	2.307574949692356	0.45732013715316916	-0.0886	2.1356333567463706	0.1407691204210638	-0.0972	1.9716137914312029	0.09926458407479245	-0.0766	1.9801046372540827	0.11612932160802444	-0.12	2.1314087166738154	0.0672564505095741	-0.0883	2.632624045940494	0.7431490534577685	0.105	2.424283283854722	0.4058252215581464	0.0886	2.607186957755122	0.06753710923178466	0.0972	2.4593811107186894	-0.003255996661862326	0.0766	2.491914042723232	-0.010283076001805766	0.12	2.649885822930343	0.023484788636812477	0.0883	2.4889936045021672	1.1913208566055964	0.0	2.363228051090194	1.3919475214557462	0.0	2.366334862913552	1.248800172227964	0.0	2.4316717658312776	1.1270310145862334	-0.2016	2.5033331335720628	0.9567032597852381	-0.1613	2.403275513177307	0.8857403972082217	-0.12	2.629544717145047	1.1389554785043101	0.2016	2.69208381460908	0.8977301661643188	0.1613	2.4725455974158086	0.8738748365637428	0.12
147	2.45	2.5625364783078073	0.7270902401476815	0.0	2.4932492765091925	0.7414836514829228	-0.105	2.307961840634782	0.4276201038532721	-0.0886	2.12080951538469	0.13209350493927496	-0.0972	1.9612698989280783	0.11310921971669788	-0.0766	1.9689267941995454	0.12090193514405681	-0.12	2.120053929174911	0.061414425122952046	-0.0883	2.6358378750552416	0.7335662283795154	0.105	2.4196929997424808	0.40022600953803533	0.0886	2.6056323427209387	0.06526437703633843	0.0972	2.458293017007846	-0.004870767629687862	0.0766	2.4904947462457336	-0.009737195539064838	0.12	2.647418695609127	0.022644089051874462	0.0883	2.481944220033338	1.1695587081526695	0.0	2.352198610863824	1.3654687440400959	0.0	2.358875432235408	1.2240504840411726	0.0	2.416111632107294	1.1105643975868447	-0.2016	2.454843485791452	0.9489508864209686	-0.1613	2.3839883239763355	0.8576460515173377	-0.12	2.6241991249564407	1.1185146097857104	0.2016	2.6910117115783105	0.8772990351401723	0.1613	2.470335916414154	0.8305343724122534	0.12
148	2.466666666666667	2.573997541071592	0.7076158030530646	0.0	2.5032772646320693	0.7195872446608216	-0.105	2.3091870399449297	0.4172540077880727	-0.0886	2.108217658054372	0.12793036811659605	-0.0972	1.9540425858745953	0.11170317263553421	-0.0766	1.9592738419927018	0.11712814901731139	-0.12	2.1064817879148166	0.05664418993463902	-0.0883	2.638770644288313	0.7102164996744346	0.105	2.419079357551101	0.39727925392469043	0.0886	2.6064566944297387	0.06133428634759554	0.0972	2.45678140157463	-0.006866489933113583	0.0766	2.488781606421069	-0.010021281742011688	0.12	2.6471932220265417	0.02144617824710155	0.0883	2.473889361675087	1.1474502801501094	0.0	2.345683712942149	1.3425626842670073	0.0	2.354441941057788	1.2010473936075694	0.0	2.4054933883193246	1.0915316947155689	-0.2016	2.4180395418241076	0.9237942079581855	-0.1613	2.3452796266761333	0.7988889012195871	-0.12	2.613065795979614	1.1040779640324334	0.2016	2.685155980507334	0.8510978107810263	0.1613	2.4664991561428953	0.7748445214030997	0.12
149	2.4833333333333334	2.579608279232287	0.6972006822824576	0.0	2.512062083629579	0.7062535057540905	-0.105	2.304410983724995	0.4135085291054606	-0.0886	2.089578209728333	0.11654811736284315	-0.0972	1.9428965553087734	0.09216684163160428	-0.0766	1.9443548146804739	0.10406012599225717	-0.12	2.093350068904258	0.05115877189436439	-0.0883	2.6487041458339773	0.6969578932798152	0.105	2.419560179572732	0.39721501337093224	0.0886	2.606154223803339	0.05795110126857212	0.0972	2.452324045563688	-0.010096401362239375	0.0766	2.4839482208757926	-0.01101828437030461	0.12	2.647270206520901	0.01920609169749781	0.0883	2.463861821289965	1.1237459892488462	0.0	2.3382434309643143	1.3199940962440042	0.0	2.348775196292411	1.1784491080857082	0.0	2.387904078931552	1.070605653578344	-0.2016	2.3882989326098407	0.8828056532327787	-0.1613	2.2981946399638655	0.7372566748531986	-0.12	2.606635907680762	1.0837787851308105	0.2016	2.6820599889872296	0.8163522667723313	0.1613	2.4670933183120094	0.7236576186492414	0.12
150	2.5	2.5898977237388334	0.6853100111446268	0.0	2.5182787843482592	0.688055775491748	-0.105	2.3013328845846397	0.4163882316119778	-0.0886	2.072905046474956	0.10015280858874717	-0.0972	1.9217339182021103	0.07156791789052505	-0.0766	1.9271546385087148	0.0899955017633694	-0.12	2.0749880426125316	0.043891597062145134	-0.0883	2.6579923432816486	0.674882983654459	0.105	2.420136491050477	0.39729503131323524	0.0886	2.6062214919833457	0.05382380415919899	0.0972	2.4446884358434207	-0.012154320706870315	0.0766	2.4788595738606687	-0.01242655971348916	0.12	2.644848382725136	0.018049918313325017	0.0883	2.4523405950889776	1.1047428705352655	0.0	2.334060111335986	1.300875339195567	0.0	2.3405352064987497	1.1566493875165895	0.0	2.3786699808762024	1.0474673990329988	-0.2016	2.355756399170947	0.8453891531639736	-0.1613	2.255440753112904	0.6867544331401583	-0.12	2.5924326541248606	1.065587913970393	0.2016	2.6755056149050453	0.8084729487279954	0.1613	2.482838001020614	0.6566092202853625	0.12
151	2.5166666666666666	2.6011508441656366	0.6775767625928071	0.0	2.5212679089429275	0.6839071122965397	-0.105	2.30027662664191	0.4239555631635715	-0.0886	2.0548043601179957	0.08976316483026789	-0.0972	1.9000666299345594	0.05875364631542387	-0.0766	1.9092802401090585	0.08077643352062902	-0.12	2.0588073395866355	0.03451738040397445	-0.0883	2.6723615109268994	0.6667121493014514	0.105	2.4214355813565533	0.3949403002972951	0.0886	2.604030548709925	0.053325849073194855	0.0972	2.4428332999209763	-0.013065362875251771	0.0766	2.47454608836976	-0.013207458870656379	0.12	2.645386885465399	0.01533729480589957	0.0883	2.4413366323549903	1.0844718808104183	0.0	2.322157227519218	1.276807922377323	0.0	2.3259949270644626	1.1332676803341828	0.0	2.372457553104601	1.0253249654057373	-0.2016	2.3236715401192143	0.8182251113491786	-0.1613	2.2345532948426023	0.630043497348935	-0.12	2.580993458600393	1.0444561036558768	0.2016	2.6663739951926546	0.7868517622816186	0.1613	2.49797427836605	0.6150672895909544	0.12
152	2.533333333333333	2.600682132963596	0.6680640248384717	0.0	2.5233266728488286	0.6701770618092467	-0.105	2.294103042270427	0.4136969748320491	-0.0886	2.040949827215757	0.07890478975500927	-0.0972	1.8781212868379815	0.05431543049329048	-0.0766	1.8831762135471848	0.07617831663853464	-0.12	2.0449919039220052	0.023101353892055553	-0.0883	2.6766029198998145	0.653152229498767	0.105	2.4232510434831407	0.394043307415326	0.0886	2.600522101106025	0.05450295676915526	0.0972	2.442178828868873	-0.01276912209161564	0.0766	2.4725386122952404	-0.01299666941345122	0.12	2.642459066569158	0.014914583355683048	0.0883	2.4284725279926143	1.0648950623357185	0.0	2.3107328697412877	1.2583207850393503	0.0	2.3123175849107	1.1127156832728213	0.0	2.3563752971556475	0.9994833514214368	-0.2016	2.296830886678591	0.7908544613050191	-0.1613	2.196919799983717	0.6034553058751453	-0.12	2.5725098533297444	1.026044823599715	0.2016	2.662285973092697	0.775551475488551	0.1613	2.539160179107141	0.5810122358329275	0.12
153	2.55	2.602726079483239	0.657803453375563	0.0	2.5280811713336275	0.6570082599238786	-0.105	2.2826982722484392	0.39849988959808075	-0.0886	2.0313769554824077	0.06720495521385335	-0.0972	1.864773901689487	0.050102598734824616	-0.0766	1.8756231067231108	0.07174796506834939	-0.12	2.037399921850394	0.015610891464578072	-0.0883	2.6803697381881357	0.6394882712107139	0.105	2.423763928072159	0.39427508782294185	0.0886	2.6001658297338346	0.05149936746381513	0.0972	2.441635184720611	-0.01336436351662934	0.0766	2.4721281174936167	-0.013592568012980456	0.12	2.640061811835531	0.015014840340208953	0.0883	2.4151570115859986	1.0474917986692833	0.0	2.2951969161989987	1.236514790383813	0.0	2.298549177043827	1.0905874264348516	0.0	2.3442804763569676	0.974490587958114	-0.2016	2.2635269911175846	0.7723607602908134	-0.1613	2.1569920392087982	0.5709597632337908	-0.12	2.56140248587797	1.0153342564430576	0.2016	2.659323636032986	0.7582110560754994	0.1613	2.567824672344966	0.5428803725173311	0.12
154	2.5666666666666664	2.6018372993086807	0.6524591195555007	0.0	2.5312491129830734	0.6453903268405379	-0.105	2.2784213066843524	0.39748926843656485	-0.0886	2.0333636813536797	0.06611130459549762	-0.0972	1.8580249672380242	0.04691832336888213	-0.0766	1.8688762839076398	0.07037417620584982	-0.12	2.0373365100952925	0.014091036540185939	-0.0883	2.689890574687355	0.6353791244367927	0.105	2.4262182659632603	0.3940868382954364	0.0886	2.6005749724341096	0.051827829756613576	0.0972	2.4421634456404497	-0.012461245687137579	0.0766	2.4741551084284263	-0.014022638510750994	0.12	2.63969453871295	0.014631991087690387	0.0883	2.408491301105724	1.0279671976078466	0.0	2.2857998162275357	1.223222362689719	0.0	2.290419633466679	1.0706472738322783	0.0	2.328594548248648	0.9572524964643283	-0.2016	2.2384623276936764	0.7563741896466776	-0.1613	2.1277814578374725	0.5486791165289027	-0.12	2.551959374449223	0.997182038724067	0.2016	2.6560084557157855	0.7540344689750356	0.1613	2.6413829723526683	0.5129614710196975	0.12
155	2.5833333333333335	2.60025770803402	0.6459312621343271	0.0	2.530615074768054	0.6347410304293193	-0.105	2.2827813008119344	0.40597636169257406	-0.0886	2.040528595504629	0.06681865521199976	-0.0972	1.8589455767335201	0.04282544455209181	-0.0766	1.869640776821094	0.06800416112284925	-0.12	2.042416020387628	0.012634195511344856	-0.0883	2.686181709623014	0.625631124635318	0.105	2.4298649448412526	0.3927158753495967	0.0886	2.597929126104869	0.05237639013265051	0.0972	2.443717198735	-0.012650034749434692	0.0766	2.4740063429230266	-0.014551068070756824	0.12	2.638212421448418	0.013874091802173472	0.0883	2.3987199656024987	1.00979185421303	0.0	2.27510640874315	1.205152551939679	0.0	2.2743459277074454	1.0533015834060455	0.0	2.3109856457526643	0.9283555261406065	-0.2016	2.2155951924781974	0.7390087521855115	-0.1613	2.093685099396305	0.5333882543322779	-0.12	2.540862915757721	0.9840532646282971	0.2016	2.657075054093242	0.7464880321367838	0.1613	2.66388111394647	0.4954421765423902	0.12
156	2.6	2.59860466298301	0.6420748289712876	0.0	2.528451682077506	0.6301941816061878	-0.105	2.281342944331946	0.40242165567358446	-0.0886	2.0537962137242247	0.06793556920045216	-0.0972	1.8724153762701232	0.0371398026620345	-0.0766	1.8830815512634613	0.06305663848374068	-0.12	2.0577621261631642	0.014629757403009161	-0.0883	2.6811731449135667	0.6215962292055724	0.105	2.432231411946731	0.3918337318901258	0.0886	2.596005493345484	0.05385534500386174	0.0972	2.4480768178547674	-0.01226206777899802	0.0766	2.476677639185334	-0.014339106951966975	0.12	2.6391622356296565	0.015026914709329438	0.0883	2.3894127391223114	0.9940742365861756	0.0	2.2628565067496003	1.186636676492297	0.0	2.264156880515815	1.0323883605571726	0.0	2.3064950599981553	0.9222366965744402	-0.2016	2.1959352424981264	0.7335122252917678	-0.1613	2.065070407709814	0.5252116720219693	-0.12	2.5316999194356242	0.9721175301907727	0.2016	2.660184223989979	0.746927279260161	0.1613	2.704807223828849	0.5024564648859909	0.12
157	2.6166666666666667	2.5986063444272736	0.6267157913455798	0.0	2.5296592623185665	0.606372206414889	-0.105	2.2695085614174104	0.3894150128344326	-0.0886	2.0663732264005055	0.06911316930994166	-0.0972	1.8892775220780114	0.02839026216306932	-0.0766	1.9060064107303722	0.057757952812287364	-0.12	2.0783807637068863	0.019220840416090505	-0.0883	2.6685609962533783	0.6082670994971915	0.105	2.4334864180697195	0.38810612830862806	0.0886	2.5958284788533796	0.05495818351025812	0.0972	2.451665169617922	-0.010804460359299543	0.0766	2.4803434239869238	-0.014102663877419944	0.12	2.642013474247692	0.015759648685870285	0.0883	2.384854997633171	0.9779435065796276	0.0	2.2511466639007622	1.1666735976574771	0.0	2.258645790969964	1.0204976830986665	0.0	2.2958718585459548	0.9145065607197047	-0.2016	2.174225301933686	0.7210329922053015	-0.1613	2.030008965306027	0.5189335527265448	-0.12	2.524529238520342	0.9555723765961947	0.2016	2.664804397736507	0.7442075071599793	0.1613	2.7561871699608598	0.5103750127541264	0.12
158	2.6333333333333333	2.6024909038256756	0.620505450615198	0.0	2.535505038254019	0.598515269323677	-0.105	2.2643785129893574	0.3859547245469303	-0.0886	2.083669539908354	0.07100887536061634	-0.0972	1.9102485362920183	0.025661309131107923	-0.0766	1.9276323276184892	0.05428860704230762	-0.12	2.105582543780974	0.0220389160157679	-0.0883	2.67330071528978	0.6045354100173042	0.105	2.435085532500198	0.38469706198851217	0.0886	2.5934891304543215	0.056470605040434496	0.0972	2.455473585518634	-0.008214337064114646	0.0766	2.4847417595942765	-0.013969814117206492	0.12	2.643747844475966	0.016442943012099247	0.0883	2.376870997912668	0.9691626476959807	0.0	2.2396439349410757	1.1568206004224835	0.0	2.238834360923499	1.0101213268757243	0.0	2.2892445027319672	0.9040905568208075	-0.2016	2.1582927633635403	0.7273389970440385	-0.1613	2.0018630948404526	0.5268963101045344	-0.12	2.5106529197748935	0.9499573343329227	0.2016	2.6803438781047166	0.7565787833256038	0.1613	2.793417337098204	0.5187858097641845	0.12
159	2.65	2.5998334157648135	0.6141779859828109	0.0	2.534925277744438	0.5922168008499051	-0.105	2.25993695418756	0.38099912410232895	-0.0886	2.1051912356641367	0.0731043002819323	-0.0972	1.9349772134819214	0.027939404060461498	-0.0766	1.947299600314807	0.05495105378355502	-0.12	2.135116566092207	0.030222594650363317	-0.0883	2.6706697014073235	0.6028259235276089	0.105	2.434126689712216	0.379162772139921	0.0886	2.5948498957771533	0.056189803837028526	0.0972	2.4530599189459594	-0.005819572409341958	0.0766	2.485795146178399	-0.013523299025687725	0.12	2.6431920452964075	0.01666808224703545	0.0883	2.3666798836406957	0.961918285583479	0.0	2.222772404300306	1.1469778596645817	0.0	2.225906526389486	0.9982398747237646	0.0	2.277648077683391	0.8954098551344877	-0.2016	2.1343863693376472	0.7279887022847638	-0.1613	1.9826129253011584	0.5522117279663517	-0.12	2.5014821567607965	0.9420852191226133	0.2016	2.7013846903795353	0.7655950438190668	0.1613	2.8250945848916804	0.5381769586172981	0.12
160	2.6666666666666665	2.5965989972722134	0.6126741774518979	0.0	2.528988717282768	0.588698339394465	-0.105	2.2577702581470653	0.3787729373985931	-0.0886	2.136176019577104	0.07301613505394752	-0.0972	1.9505899073696151	0.03327479504942397	-0.0766	1.9757901083791864	0.05774661867843537	-0.12	2.1703970606933236	0.028175038215810834	-0.0883	2.66366944552745	0.6018986841469635	0.105	2.431270426400455	0.3721220474462436	0.0886	2.5925657542437346	0.056901228413548374	0.0972	2.4521395079645205	-0.00627170896225894	0.0766	2.487566945986388	-0.013141456025639799	0.12	2.6417777105864744	0.016651226741327525	0.0883	2.3571574681385985	0.9512828383267712	0.0	2.212996790684477	1.13628475811525	0.0	2.2158249360501174	0.9867289189672647	0.0	2.268879180813419	0.8891137992599786	-0.2016	2.127363690393834	0.7489757870948134	-0.1613	1.978210810400645	0.6027412251291269	-0.12	2.492997183787851	0.9356165344394494	0.2016	2.7213978150211937	0.7989791556316393	0.1613	2.8271064702581117	0.5956958983712599	0.12
161	2.683333333333333	2.592147613252981	0.6069198343827716	0.0	2.5217236157853407	0.5809300583497884	-0.105	2.260778832337152	0.3791801288838907	-0.0886	2.1766348581928954	0.07857039043995284	-0.0972	2.0066602538262446	0.03376252425052342	-0.0766	2.025225410248882	0.06198269586841467	-0.12	2.2088114235391862	0.029711944047662517	-0.0883	2.6517576524392896	0.5963245215713698	0.105	2.430627191144303	0.358701775569248	0.0886	2.59086577098179	0.058732150425797575	0.0972	2.453073381772839	-0.0073367523827260195	0.0766	2.4894885573348557	-0.012279730639067829	0.12	2.6429937322782986	0.01622449942369151	0.0883	2.350041689956962	0.9436723228606777	0.0	2.2038203798304146	1.1262640940281337	0.0	2.2048932545066395	0.9760250339352888	0.0	2.2605122880085693	0.8859142499980611	-0.2016	2.1143506600413753	0.7717041906033845	-0.1613	1.9687259330116889	0.6280085110019805	-0.12	2.4892591931085453	0.9293893931889133	0.2016	2.726042819919985	0.845372217385332	0.1613	2.8226772251544743	0.6426223218117552	0.12
162	2.7	2.585680781956418	0.6010924860123857	0.0	2.5094770554877144	0.5755579593241215	-0.105	2.2650225931168237	0.3816137714033632	-0.0886	2.208139474035444	0.08531736872792794	-0.0972	2.0430083638065035	0.0383327922408533	-0.0766	2.062617836173033	0.06622885244941856	-0.12	2.2468508980563233	0.031918313822960044	-0.0883	2.6353390045854264	0.5917566215432483	0.105	2.42899891712042	0.34309953296140516	0.0886	2.5861140844318413	0.06599072846603908	0.0972	2.454634956111734	-0.008220531013481684	0.0766	2.487066342146733	-0.012796902082287627	0.12	2.642894601783307	0.01608716139690368	0.0883	2.344555280810352	0.9387273138693804	0.0	2.1902880493488155	1.116160653917195	0.0	2.2010913597438284	0.9685783626720333	0.0	2.255579555099262	0.8906071222824029	-0.2016	2.1153833889523432	0.802051782792538	-0.1613	1.986973133867355	0.6687498420260034	-0.12	2.478610065313836	0.9310303576573733	0.2016	2.7134130339823277	0.9095645124893439	0.1613	2.807095258428142	0.6690754042600827	0.12
163	2.716666666666667	2.5780982384412487	0.5957177133519767	0.0	2.5040831403650783	0.5724947937892199	-0.105	2.2772247091688933	0.3852355340679998	-0.0886	2.242954329891417	0.08422631767185842	-0.0972	2.0814101833360343	0.04380036486879107	-0.0766	2.103667961121584	0.07042716820955808	-0.12	2.2779676688045987	0.029361682251176156	-0.0883	2.6266108501508083	0.5925880611401732	0.105	2.4306515626057505	0.32384292977431445	0.0886	2.582541307342608	0.06872616580106541	0.0972	2.457631556561528	-0.009453492387898131	0.0766	2.487119822585146	-0.013392820757737012	0.12	2.643235696463266	0.01580914241804094	0.0883	2.3350292915633672	0.9399011683759892	0.0	2.185451323533129	1.1167487860714995	0.0	2.1967011153366722	0.9732527226719401	0.0	2.2496941903909016	0.9107337048479807	-0.2016	2.1383987027105102	0.8527963141836091	-0.1613	2.0135867063906843	0.7250041841012052	-0.12	2.46412422122658	0.9402473615346741	0.2016	2.6997553969499934	0.9795337892339685	0.1613	2.7841690850164063	0.7245133319236206	0.12
164	2.7333333333333334	2.569913886194302	0.5919028410322721	0.0	2.5001670690479543	0.5668368869869573	-0.105	2.28897699999603	0.3873433189388019	-0.0886	2.2735372019730997	0.08142776233198797	-0.0972	2.121193391859658	0.04106996813648294	-0.0766	2.1422762566047275	0.06758500084596078	-0.12	2.309309256307201	0.02291198703427498	-0.0883	2.6162130177916127	0.5846506669480613	0.105	2.430826997829038	0.2968508044540436	0.0886	2.579520806737002	0.07224243588711732	0.0972	2.4606134962217703	-0.010143448815155318	0.0766	2.4862511533588365	-0.013035089372402234	0.12	2.643557380192928	0.01589666876361618	0.0883	2.3255642738369557	0.9450982279390172	0.0	2.1734158186279413	1.113698726171406	0.0	2.192008823889186	0.9714697486562082	0.0	2.2484108108813365	0.9214082066799049	-0.2016	2.1630954114229386	0.8922041050560974	-0.1613	2.04397609648122	0.7682545979101867	-0.12	2.4582166833755896	0.951585769964858	0.2016	2.6823358441051677	1.0092704344256627	0.1613	2.7415853097205938	0.7848691730290855	0.12
165	2.75	2.555049852926816	0.5866187948945456	0.0	2.4902443566198382	0.5632508333186884	-0.105	2.30662401009109	0.39236384553586584	-0.0886	2.2954588237899505	0.0746597393273629	-0.0972	2.1676513421236123	0.03495690656829693	-0.0766	2.190202548492923	0.05403643754279384	-0.12	2.3383652321145383	0.007882503478314845	-0.0883	2.5990880492274653	0.5811246334756937	0.105	2.432523993541771	0.26818812753176396	0.0886	2.574247671258497	0.0770322471100316	0.0972	2.464078525754853	-0.00969610115813814	0.0766	2.4883610526959017	-0.012858530975202905	0.12	2.641727943088763	0.015920532280286302	0.0883	2.321685392548265	0.9580494668751188	0.0	2.1661058939248967	1.114272072881014	0.0	2.188088964853846	0.9786604768684579	0.0	2.254185531019411	0.9299511824496727	-0.2016	2.1854068169467773	0.9172943468337322	-0.1613	2.0973754960637905	0.8091983009269992	-0.12	2.448661977326713	0.9684051504017571	0.2016	2.662257956035923	1.048962411372041	0.1613	2.7035181815190357	0.8465102405228736	0.12
166	2.7666666666666666	2.544703340949964	0.5876799692698733	0.0	2.482364386482276	0.5664727220362124	-0.105	2.3316429211217824	0.4013303961903497	-0.0886	2.325855538433462	0.07184626853716394	-0.0972	2.211885632483098	0.022228056642088802	-0.0766	2.230910575899026	0.03498529122651984	-0.12	2.3691957903206635	-0.005224502246752305	-0.0883	2.583128515723642	0.5842255161218268	0.105	2.440103474245697	0.25484722559044654	0.0886	2.5649462288953497	0.08319142711284999	0.0972	2.4684217403627002	-0.009629777156030826	0.0766	2.4914520016823456	-0.010709602348865727	0.12	2.6365528408654817	0.022378521311751567	0.0883	2.3157414383342894	0.9688467873694334	0.0	2.159234561105841	1.124521400455351	0.0	2.174452228990796	0.9895280674652343	0.0	2.2717638376086526	0.9199531485103583	-0.2016	2.20327829651771	0.887166275610167	-0.1613	2.2198954660008403	0.7917117472557065	-0.12	2.429197121487105	0.9730008343784443	0.2016	2.6447083788250354	1.0730799442842769	0.1613	2.6251160638678748	0.9057406144368606	0.12
167	2.783333333333333	2.5428300317854293	0.5849546014984525	0.0	2.480067371658836	0.5689748512328296	-0.105	2.34844976824964	0.40263202171928814	-0.0886	2.3440433114458687	0.05198014168210208	-0.0972	2.2409189215526033	0.006604860393380284	-0.0766	2.2633950433449472	0.016539015110076688	-0.12	2.3878596176311637	-0.012804005116685592	-0.0883	2.557623661941577	0.5852778168129266	0.105	2.449170218619857	0.23703470852835584	0.0886	2.5530135473948503	0.08774185852772455	0.0972	2.464742094298274	-0.012322540640409226	0.0766	2.486108513626479	-0.01103197889681988	0.12	2.635091322763446	0.030813842374862087	0.0883	2.3104876155599166	0.9844710541294526	0.0	2.1493362903561244	1.131793475579668	0.0	2.164536237959946	1.0114368488334853	0.0	2.2952377090009035	0.9434273729075165	-0.2016	2.3991220502998347	1.0351232904682672	-0.1613	2.2817956183549346	0.8309918815856183	-0.12	2.3995084742033557	0.9784017782030806	0.2016	2.6416401552687443	1.0862251717785134	0.1613	2.5512968229402313	0.9560868151363044	0.12
168	2.8	2.5363746992851413	0.5782355980548939	0.0	2.48835656218593	0.5636371848873859	-0.105	2.3754840562504547	0.39314612718891195	-0.0886	2.367230129866086	0.04536982468990327	-0.0972	2.2702439371340026	-0.013364903483836885	-0.0766	2.289344540733348	0.004269238885891195	-0.12	2.4091432948764706	-0.01185344847162964	-0.0883	2.530863295806674	0.5779286596524377	0.105	2.4594765979060695	0.23326079364052227	0.0886	2.544187308618146	0.09609407518746713	0.0972	2.47988356290045	-0.013940815838719332	0.0766	2.4829467427903	-0.007557277413456326	0.12	2.624901160138729	0.04546511108318647	0.0883	2.3114971206424206	0.9934483477515369	0.0	2.149910089863875	1.1469024839079263	0.0	2.1615453264988997	1.0333930620603624	0.0	2.3189510392513837	0.9685025144726421	-0.2016	2.4263774526666677	1.0444559033551197	-0.1613	2.4601363265427425	0.8091153572341785	-0.12	2.3992599517426147	0.9777229121234233	0.2016	2.6259693604959726	1.0665249470370537	0.1613	2.503757779802039	1.005859507525157	0.12
169	2.8166666666666664	2.529584628463383	0.5847518819866363	0.0	2.49746215075619	0.564407270696426	-0.105	2.4119536018072076	0.33317766894992573	-0.0886	2.3850171701848026	0.04209744854010324	-0.0972	2.2754677311419047	-0.018068668937902797	-0.0766	2.2934700257701968	0.0028459348639163495	-0.12	2.421671352935231	-0.00795209200701176	-0.0883	2.503238997677039	0.5874201520872956	0.105	2.457047911657929	0.247296283215994	0.0886	2.5357972247807883	0.1059698404942282	0.0972	2.4728396106075126	-0.020262188373755277	0.0766	2.480511306678241	-0.006014302041500816	0.12	2.6109067379324298	0.07185096115808325	0.0883	2.2993620861479727	1.006335007088761	0.0	2.156543279333305	1.1758561650771173	0.0	2.164246217804317	1.0545602882739773	0.0	2.304922785755646	0.9661253077288214	-0.2016	2.406444956278149	0.980687903941258	-0.1613	2.339049257666646	0.8110792462784184	-0.12	2.368557218051724	0.9820813688522415	0.2016	2.59642089366823	1.0290428856838223	0.1613	2.4023396204475342	1.0142981493737182	0.12
170	2.8333333333333335	2.5222672522774667	0.5914019961359372	0.0	2.500290584493332	0.5719518613156402	-0.105	2.435022695180312	0.3007221885879109	-0.0886	2.386934472360558	0.043736911558702234	-0.0972	2.281054295760578	-0.013555366772387549	-0.0766	2.302308047507985	0.003871097293739731	-0.12	2.422097938464382	-0.005826545821363868	-0.0883	2.4665882587023535	0.5873496276408504	0.105	2.4529438469152463	0.2531097796650625	0.0886	2.5272540381413524	0.12062541442224556	0.0972	2.4735084117408674	-0.024551742698385223	0.0766	2.4844332358113226	-0.004905697549870053	0.12	2.5956602560004995	0.08718509209058717	0.0883	2.301484041416467	1.0314908369031222	0.0	2.1737311182662173	1.200774893658476	0.0	2.174964674178444	1.0897057816276323	0.0	2.372589937576659	0.9831862117510863	-0.2016	2.588023149011999	1.0097066281765035	-0.1613	2.354728458528185	0.8147322763808937	-0.12	2.3256832831148997	0.9702368058633746	0.2016	2.5452390927502617	0.990008213745528	0.1613	2.3114656104089795	1.058710005260695	0.12
171	2.85	2.501095827987953	0.5936205816071038	0.0	2.5036056648718072	0.5736307898468365	-0.105	2.4411844703209993	0.27727664206010993	-0.0886	2.378898717855341	0.03284962711560554	-0.0972	2.2806795719431503	-0.005736258209985835	-0.0766	2.3130185795400267	0.008571205956062547	-0.12	2.400693837644245	-0.008945336330175593	-0.0883	2.439630865645977	0.5799080133558381	0.105	2.4446907305385	0.25322819853187234	0.0886	2.5143688706202996	0.1412107735593061	0.0972	2.5076971881961403	-0.022310364242239568	0.0766	2.500317404808768	-0.0012736678678835003	0.12	2.5725549581651688	0.11019062056944494	0.0883	2.31819612965963	1.0472664818867405	0.0	2.1818009134079657	1.2083256443052672	0.0	2.2051979023033397	1.109117594795773	0.0	2.449632156219686	1.0190919163696663	-0.2016	2.6374804962051	0.961807001869628	-0.1613	2.5684825832176506	0.8346140143133877	-0.12	2.2930108296563	0.9636634895574425	0.2016	2.3872981997027485	0.9033076610612052	0.1613	2.2535835839563063	1.0563115803268275	0.12
172	2.8666666666666667	2.488748240577399	0.594936662134381	0.0	2.5582228912923135	0.5733988760703829	-0.105	2.455121072894567	0.27585245279246307	-0.0886	2.3816853094826715	0.03129192260972592	-0.0972	2.2615692154106983	-0.0035015324700460176	-0.0766	2.2974932766975784	0.011695907625466857	-0.12	2.3955938550270917	-0.013482723421391833	-0.0883	2.4272763548079754	0.5801813218226364	0.105	2.4235121980579355	0.2683706275450085	0.0886	2.5032001413048355	0.16566522462398992	0.0972	2.5486708725509053	0.0013950410999078733	0.0766	2.5301037999826623	0.012240614745706396	0.12	2.5418594468297027	0.1594174563610339	0.0883	2.3299972012257237	1.0443330222059521	0.0	2.215307450501192	1.229517517953925	0.0	2.249904046743344	1.1200443128107134	0.0	2.4798965368142665	0.990390107692746	-0.2016	2.6745487350933743	0.9217463582144668	-0.1613	2.574308074132146	0.8406643888246865	-0.12	2.269724471695378	0.9579249600233763	0.2016	2.317278365384077	0.8774938570453932	0.1613	2.2343430072756227	1.0072660931421642	0.12
173	2.8833333333333333	2.4694705486328408	0.5989682926661687	0.0	2.5463497026981616	0.5754687300306932	-0.105	2.467948689000263	0.2833368515259435	-0.0886	2.383421495665368	0.027918878964081642	-0.0972	2.268888987989904	-0.002538979279420303	-0.0766	2.3194056250917825	0.015970741516207122	-0.12	2.4025246338191897	-0.008770698386122877	-0.0883	2.4060827888683964	0.5840370412411346	0.105	2.4103563733204463	0.26323939306347516	0.0886	2.4813014588983426	0.19647426478559338	0.0972	2.6034748433006856	0.04606535662068972	0.0766	2.557784322614727	0.050089582018736103	0.12	2.5288841076136888	0.20377118622478152	0.0883	2.3338954073735354	1.0427802921641958	0.0	2.2605396845566617	1.2426147983274076	0.0	2.2966275442604993	1.1225970626896256	0.0	2.503262259995185	0.9982464115934012	-0.2016	2.691698615493114	0.8503470888986545	-0.1613	2.6071828112169215	0.812659002026294	-0.12	2.239086461038763	0.9703612268433999	0.2016	2.11358305021382	0.877542272364351	0.1613	2.1751180927668403	1.0506751421886127	0.12
174	2.9	2.4489754825192653	0.6075189725907141	0.0	2.5316976349705103	0.5811156543718344	-0.105	2.461633277877086	0.2705951285256292	-0.0886	2.3833296744415735	0.020465218992444488	-0.0972	2.263131568107236	-0.006960892726378086	-0.0766	2.2963688211883064	0.020778486579481087	-0.12	2.4045844842642614	-0.013807075294570446	-0.0883	2.385785600156504	0.5879750738491305	0.105	2.3994767119430658	0.24759952564883433	0.0886	2.482668697382906	0.2010500903491451	0.0972	2.621774368436638	0.055791893819856664	0.0766	2.529251969017796	0.06634944965345999	0.12	2.5193410539059875	0.23030345393090174	0.0883	2.341355046520738	1.0473234762786625	0.0	2.2955159422643754	1.252783090481192	0.0	2.3130986781782243	1.1322572726264966	0.0	2.5176912262532114	0.9892615224013054	-0.2016	2.6811058947243955	0.8097849945191378	-0.1613	2.598227897611064	0.7920207156957333	-0.12	2.2323773111738943	0.946979257928133	0.2016	2.02736685879233	0.9176076442498854	0.1613	2.121481360837815	1.0511996783153195	0.12
175	2.9166666666666665	2.4353176628862707	0.6276403028258855	0.0	2.522514689007061	0.6020880231662308	-0.105	2.469509110306693	0.2822714181277208	-0.0886	2.3828465216408645	0.017461730403533375	-0.0972	2.2731411781890083	-0.014989791326623848	-0.0766	2.3068853394995	0.021670998928481892	-0.12	2.402267207258979	-0.021025239820330034	-0.0883	2.37447904711873	0.5990811575915571	0.105	2.3895456344338672	0.24802124248670343	0.0886	2.481345244692628	0.21498441283055136	0.0972	2.5928545070145597	0.06796588805291606	0.0766	2.5694660509636185	0.0903752088823104	0.12	2.5133273407113546	0.23314794184604073	0.0883	2.35398809023817	1.0520420048729582	0.0	2.326962869636022	1.2533329933753659	0.0	2.3416137255718157	1.1428815076049665	0.0	2.5153389854484987	0.9847275466539965	-0.2016	2.6694783078907207	0.7729114414439104	-0.1613	2.5697801656872787	0.7975466533934495	-0.12	2.2272097616932	0.9610567206102281	0.2016	1.9737263021132005	0.9565706533981189	0.1613	1.9043396716571053	1.010844052640966	0.12
176	2.933333333333333	2.429003213792095	0.6350478053519399	0.0	2.504869751888645	0.6274648050787472	-0.105	2.463701032081507	0.3059740432133391	-0.0886	2.381434553381668	0.014932268055476351	-0.0972	2.2707477794920568	-0.01604532818573004	-0.0766	2.3026637714853497	0.011545129260696597	-0.12	2.394081821138841	-0.02080819338316238	-0.0883	2.3679604139723303	0.6266297162342711	0.105	2.369685536412998	0.24869477185386993	0.0886	2.4596091123768895	0.2272220429626753	0.0972	2.5772215628963497	0.11288544580580101	0.0766	2.547056165696284	0.1040666312051645	0.12	2.499436792078817	0.24906911325961667	0.0883	2.3592581854160235	1.0589866255227518	0.0	2.342366549967794	1.2571933788657368	0.0	2.356215043126854	1.1435973017879422	0.0	2.526226612307824	0.9812695184714251	-0.2016	2.655994681300434	0.7438959650544116	-0.1613	2.566760845746951	0.7877622373758115	-0.12	2.227190693386954	0.9708682393772631	0.2016	1.990746561932969	0.9744278124158092	0.1613	2.270171906652394	1.0036475353445604	0.12
177	2.95	2.416062984635286	0.6492739077606132	0.0	2.4918004156490112	0.647750100152058	-0.105	2.4618097411178423	0.308686695668024	-0.0886	2.382656346969551	0.014839419391186943	-0.0972	2.2601645226107925	-0.01985797331592691	-0.0766	2.2933717965811162	0.0038407686054354392	-0.12	2.392446719963659	-0.023597633534867508	-0.0883	2.357284599724145	0.6450316192969102	0.105	2.356173991869649	0.27280271333823286	0.0886	2.4440393923494117	0.238297549008009	0.0972	2.5609944593074148	0.14194992770631404	0.0766	2.5284053741705383	0.10803095964716777	0.12	2.484206820102484	0.2515073404405596	0.0883	2.3676067183318255	1.0552882335188511	0.0	2.3510405981960476	1.2522786517484843	0.0	2.362082552718939	1.140611486210362	0.0	2.5381684597951946	0.9771153608511637	-0.2016	2.6285147677361618	0.7330075668918541	-0.1613	2.568890046999011	0.7683260679268281	-0.12	2.23295607506353	0.9741295670780197	0.2016	2.0137516315853596	0.9728871681078861	0.1613	2.267630684746025	1.0134490319761111	0.12
178	2.966666666666667	2.404552348933415	0.6571898947275848	0.0	2.477936955800233	0.645967175307547	-0.105	2.4558044529068743	0.3032951967120993	-0.0886	2.386216545272082	0.022065248847239018	-0.0972	2.2838642149044435	-0.01761923895507719	-0.0766	2.3092726175299902	-0.004040493803957143	-0.12	2.3926527938321147	-0.0260296515691674	-0.0883	2.349661601060797	0.6447465710450707	0.105	2.347671597899051	0.2583469859946224	0.0886	2.444821660126175	0.2485712290257977	0.0972	2.5592512049331058	0.11753087010901431	0.0766	2.526703313210003	0.10904749632061908	0.12	2.486027062155093	0.2676361422266371	0.0883	2.369403733251659	1.0537332397015358	0.0	2.3619727243077544	1.240830124461962	0.0	2.368920273390302	1.1345135932248915	0.0	2.5218783792025596	0.9790500164399643	-0.2016	2.5981680013247126	0.7466269273486149	-0.1613	2.5656264667323945	0.7728231493154841	-0.12	2.2315409302019935	0.9789378719808985	0.2016	2.0550317846018755	0.9709351305180636	0.1613	1.8719906509362845	0.9962603494925366	0.12
179	2.9833333333333334	2.385671055683327	0.6692026633510415	0.0	2.464483718318096	0.6531672947864868	-0.105	2.4513864724495233	0.3007781713226411	-0.0886	2.3882388715171907	0.018529461281326737	-0.0972	2.2830059737803396	-0.011240647245397695	-0.0766	2.308250845293617	-0.003956290045492639	-0.12	2.3952715975874352	-0.026614303351043957	-0.0883	2.3288141087002177	0.6519072214320006	0.105	2.3469578806633695	0.283784771964331	0.0886	2.450236443922166	0.2543740884036846	0.0972	2.55372904744253	0.11950769588650713	0.0766	2.5258226797478143	0.13353582008131748	0.12	2.484045791800698	0.2758339720913387	0.0883	2.361567486489185	1.0554940287155081	0.0	2.361951017685015	1.2370913037985827	0.0	2.3723820749961826	1.1277632789647007	0.0	2.5029067977531834	0.9878741230197265	-0.2016	2.58113517469118	0.7664912869680054	-0.1613	2.565247932340165	0.7445573380242043	-0.12	2.2157465630584885	0.9869346358219733	0.2016	2.144852064818589	0.9494644282283383	0.1613	2.2403988524059257	0.9297729349700683	0.12
180	3.0	2.370114455393547	0.6996249780257874	0.0	2.4466910437287086	0.6813708517929156	-0.105	2.4531997939625487	0.3006902251613476	-0.0886	2.391540754659119	0.01893562681364444	-0.0972	2.2883939520662513	-0.0025214008766365134	-0.0766	2.318587606396339	0.00010642163108760122	-0.12	2.3958112728358674	-0.028388567003888796	-0.0883	2.311790462052624	0.6775286604923714	0.105	2.3441140911763907	0.2834418839281901	0.0886	2.4515182823060657	0.26263160085622594	0.0972	2.560354035451966	0.120609460263168	0.0766	2.527116452557288	0.1371627629240098	0.12	2.4924547208194743	0.28776043299997894	0.0883	2.3577686712591936	1.0639206233942642	0.0	2.35668304943767	1.2476204087974734	0.0	2.3649657600553486	1.1371060241432802	0.0	2.48570028705219	1.0086238392591025	-0.2016	2.566796011298183	0.7938274248467833	-0.1613	2.5739416946807636	0.699747911156077	-0.12	2.2226874148308586	0.9957173827479732	0.2016	2.2298482530945414	0.7950901728420603	0.1613	2.367897949417578	0.7913979061502427	0.12
181	3.0166666666666666	2.338505682832723	0.7251410869337698	0.0	2.4208521387990247	0.7032604443665074	-0.105	2.446969572603531	0.3109536672693978	-0.0886	2.3876624508009097	0.02036550696541175	-0.0972	2.2915206885564303	-0.0018805184773686076	-0.0766	2.316247241601664	-0.005360236128309007	-0.12	2.393519500103321	-0.02192836287949567	-0.0883	2.2842042516220906	0.6970783089896931	0.105	2.3351983724539163	0.2945186915676652	0.0886	2.456747086865694	0.28339926725331677	0.0972	2.561244453552006	0.15664323167079672	0.0766	2.5266542435275205	0.15044048340805616	0.12	2.498344468221134	0.30717546095952875	0.0883	2.3576523858107064	1.0658882082903103	0.0	2.3435246824814455	1.2490168639598138	0.0	2.360226147024749	1.1411206822212585	0.0	2.479765133513968	1.0238353190983451	-0.2016	2.539719563361821	0.8077868798340158	-0.1613	2.5694971521899665	0.6748914590996288	-0.12	2.245684411918996	1.0078559459096537	0.2016	2.2430444725596397	0.820721811588405	0.1613	2.425635023455658	0.7312963795323055	0.12
182	3.033333333333333	2.3092126851832857	0.7362213450131131	0.0	2.393537726924587	0.7184065754754879	-0.105	2.4393910682060898	0.3296407539515596	-0.0886	2.3898280020551756	0.019980669151606775	-0.0972	2.296557587153514	-0.001547415548960769	-0.0766	2.3189910718419755	-0.011837523374816437	-0.12	2.392955779823184	-0.020910001168792207	-0.0883	2.259722080906369	0.7135220659159868	0.105	2.3254749393477483	0.31499539804399823	0.0886	2.4553624623488357	0.30611589441155534	0.0972	2.552189161912882	0.1950695956320458	0.0766	2.523671663118814	0.22720150163867778	0.12	2.506445455663912	0.34339800844763485	0.0883	2.355712882817922	1.0686870367676293	0.0	2.336976447852372	1.2455140466975236	0.0	2.361553863860477	1.1459196356264942	0.0	2.4702936591099696	1.036532765752726	-0.2016	2.519678443262272	0.8194696888310407	-0.1613	2.574275918818691	0.6388085018287797	-0.12	2.253124484968655	1.0157547690696813	0.2016	2.255868397595896	0.8270463491784933	0.1613	2.4695186283458352	0.7155857675352261	0.12
183	3.05	2.2752061022481582	0.7456775506850454	0.0	2.363843990844508	0.7323524888713768	-0.105	2.42808903834623	0.3562582643623806	-0.0886	2.3916270518320473	0.02457472351318444	-0.0972	2.3076640124094325	0.0009060363855458581	-0.0766	2.332938847010191	-0.011546024060714123	-0.12	2.3995597032491895	-0.02054699105412024	-0.0883	2.231917955518922	0.7252094593811099	0.105	2.3108519794736337	0.33242168569858377	0.0886	2.4107251169467543	0.33571104092018866	0.0972	2.5270259080545525	0.2684374934926963	0.0766	2.491572374059972	0.29616757991806575	0.12	2.450916725130733	0.37238724439544674	0.0883	2.3529923590919077	1.069351896084937	0.0	2.3289858106074455	1.2450070482996	0.0	2.3566287059752464	1.1486293160560157	0.0	2.458325625573559	1.0518608111882766	-0.2016	2.4705150755842977	0.8421062306189714	-0.1613	2.5687490722312596	0.6193623286590417	-0.12	2.2694870022643028	1.0240579724166405	0.2016	2.3889077382087316	0.8250935009843378	0.1613	2.6487351059184374	0.7796524666443952	0.12
184	3.0666666666666664	2.250750794387112	0.7538057375495908	0.0	2.338330977696741	0.7471319383935465	-0.105	2.4137267395114277	0.3685965114851856	-0.0886	2.3915817063942435	0.027754677710975173	-0.0972	2.312478298621577	-0.0058776456524602325	-0.0766	2.3721628105199866	-0.013199039898892186	-0.12	2.4036915285676432	-0.019793057438549568	-0.0883	2.2090162488791414	0.7402539779054612	0.105	2.2950200622465573	0.3480114087406814	0.0886	2.3764599896193594	0.36481431902760897	0.0972	2.4644270729508215	0.3039368395584649	0.0766	2.4641898268401983	0.35174083798356903	0.12	2.4088274145252435	0.4198419383519777	0.0883	2.3494156974854814	1.0691579372294338	0.0	2.3277684848383	1.2492133152458942	0.0	2.3645603745947437	1.1456792206500253	0.0	2.4314686069154576	1.0648366082518979	-0.2016	2.430587680197168	0.8782236643612813	-0.1613	2.5573880060193677	0.6359660591905733	-0.12	2.2798815151215392	1.0358691165080356	0.2016	2.5032241981024272	0.8185677832055962	0.1613	2.724678088366374	0.76006903295194	0.12
185	3.0833333333333335	2.2439815105511993	0.7577463766082685	0.0	2.3329915736705185	0.7405093752213616	-0.105	2.4036961039270635	0.36929252361426523	-0.0886	2.3901959828785824	0.02618332348236635	-0.0972	2.3120531298482505	-0.008501957412447601	-0.0766	2.345915447325346	-0.010631058599091615	-0.12	2.404266087693691	-0.02065256218956593	-0.0883	2.19586170470933	0.7386097053826388	0.105	2.276024076781504	0.35485043939629735	0.0886	2.33322288157731	0.39781290659451307	0.0972	2.4031552168162396	0.33852536506951625	0.0766	2.40132788125023	0.3881306114930253	0.12	2.355041436086723	0.4424833847478254	0.0883	2.3458040324196943	1.072741039367577	0.0	2.337922751540057	1.249672068021845	0.0	2.366755914708171	1.1483310297999998	0.0	2.4065514160740356	1.0787350547172863	-0.2016	2.3903735874978826	0.9063858074493024	-0.1613	2.516820556886637	0.6925633306658123	-0.12	2.2828049990762547	1.0372979677461218	0.2016	2.5175084915332366	0.7997283376828231	0.1613	2.72632315668949	0.7447228820878448	0.12
186	3.1	2.242030764576906	0.77131141702774	0.0	2.316871052060728	0.7581267374602221	-0.105	2.387534635324056	0.3741860617171022	-0.0886	2.387252022424522	0.03104426235095794	-0.0972	2.3203182025813307	-0.004644565199224487	-0.0766	2.375867414008727	-0.007109266366969472	-0.12	2.3971956101567007	-0.02047298176179784	-0.0883	2.1913795771613747	0.7517909655267668	0.105	2.2493180562893147	0.35788913314631027	0.0886	2.2895795628494384	0.4375787676309617	0.0972	2.342823546503043	0.37324326894510973	0.0766	2.337324623173797	0.4242924228237257	0.12	2.3156155533164484	0.5025476927454482	0.0883	2.351740564608326	1.0700111730503599	0.0	2.35707292806485	1.2529066308159011	0.0	2.3824983716251302	1.1536984359705669	0.0	2.396671499196412	1.0872529099423085	-0.2016	2.3605462012202345	0.9451279366514902	-0.1613	2.4995932252208077	0.7252476062548878	-0.12	2.2904272326687485	1.0410413351700394	0.2016	2.5327740043587608	0.7852974063254403	0.1613	2.733301224651303	0.7203611658899062	0.12
187	3.1166666666666667	2.237799936283257	0.7859552783827239	0.0	2.301946399826612	0.7764247564639808	-0.105	2.3794077803925613	0.37552871885272393	-0.0886	2.386298084246992	0.034538423268640525	-0.0972	2.3407532447662573	-0.003320290880684966	-0.0766	2.3942022528943503	-0.006119393756873058	-0.12	2.387037495034066	-0.0195116024599839	-0.0883	2.1813258261499957	0.7709191439176808	0.105	2.2435916568472365	0.3700088605206734	0.0886	2.2453691085520235	0.48371942070904583	0.0972	2.2827993793959207	0.40884891836903886	0.0766	2.273647021710386	0.4607731939009875	0.12	2.2579804976539455	0.6039106258229772	0.0883	2.3640369918349697	1.078661420597962	0.0	2.3964110280186417	1.2564507321757892	0.0	2.429278046145464	1.15870874360672	0.0	2.4070245211729455	1.0923903860887676	-0.2016	2.3359008086978728	0.9758020273446606	-0.1613	2.4348430743042475	0.8121145339160583	-0.12	2.306350253841743	1.0507185367790568	0.2016	2.4360663515627734	0.7982999059608471	0.1613	2.5563996170670547	0.7107233965164023	0.12
188	3.1333333333333333	2.234475905332785	0.7863842684476082	0.0	2.2968363333531028	0.773648375672289	-0.105	2.376313527336553	0.36962929507684406	-0.0886	2.385910734044422	0.036135800819906444	-0.0972	2.3370008310654375	-0.00048181971350006597	-0.0766	2.397345883516295	-0.007191276887804451	-0.12	2.3838108441765082	-0.019468212271106025	-0.0883	2.17548550710692	0.7722622854724992	0.105	2.2158259455227007	0.3757539545696051	0.0886	2.206244641355582	0.4938387253597105	0.0972	2.223352103653848	0.4520693609780335	0.0766	2.2105342233349714	0.4981613939165098	0.12	2.2075970938534075	0.5821357549221658	0.0883	2.365707392927385	1.0823965250355234	0.0	2.4205898869278695	1.258538609611517	0.0	2.4416735609081877	1.1538945337334798	0.0	2.3971604825869965	1.0990391643479445	-0.2016	2.314416035833773	1.0105234733640125	-0.1613	2.4271511819791556	0.8425227622112668	-0.12	2.3162862794952197	1.0527962566384907	0.2016	2.3997255007531813	0.7916530835515756	0.1613	2.5391586927307563	0.6769057375885491	0.12
189	3.15	2.2273799851753426	0.7834062233886261	0.0	2.2953021215818965	0.7706127834349205	-0.105	2.37136091815082	0.36933018100371806	-0.0886	2.383121194130145	0.03826517258187483	-0.0972	2.3463874508509446	-0.0026371115185539196	-0.0766	2.3999000193610187	-0.008118964780880408	-0.12	2.382432473144517	-0.017519067910564116	-0.0883	2.166425062524779	0.7753244039798184	0.105	2.1875561068933	0.3880356565969316	0.0886	2.18354330013996	0.511552458731891	0.0972	2.1953739045908502	0.5173265456227109	0.0766	2.188178899878144	0.533328718512844	0.12	2.190722960618823	0.6034967252501973	0.0883	2.3675671073977025	1.071844407450146	0.0	2.4328043682587412	1.2517403751964988	0.0	2.4528244238867534	1.1503536971541144	0.0	2.36747460329873	1.1064601762580268	-0.2016	2.3019352690947916	1.0405218545761596	-0.1613	2.4024344351969247	0.9024692219655193	-0.12	2.3166455841266265	1.0357260337925558	0.2016	2.4945743446039903	0.743918465781777	0.1613	2.68786381467211	0.6551430535623581	0.12
190	3.1666666666666665	2.2246886742301113	0.7802162239915635	0.0	2.2870082898317063	0.769692602003399	-0.105	2.368775331367374	0.3691228106275704	-0.0886	2.378397030738771	0.039500650211654366	-0.0972	2.3426582820050066	-0.007277362677138438	-0.0766	2.403596796997229	-0.01448667165254322	-0.12	2.3750474599734153	-0.01764011628652401	-0.0883	2.161829333281238	0.7784809277628442	0.105	2.1742508416405393	0.4084006970872103	0.0886	2.1254780202143504	0.5792186281901204	0.0972	2.167329913178062	0.5597010392000707	0.0766	2.1562073144202563	0.592626120318272	0.12	2.0970199543362886	0.6766683721231128	0.0883	2.380001788845492	1.060348368828691	0.0	2.447986324843553	1.2586964501034255	0.0	2.47794078021634	1.1494897984711667	0.0	2.3396092022264217	1.1051733531147496	-0.2016	2.2901503156959846	1.0727625705978099	-0.1613	2.390208582275246	0.9689966696082053	-0.12	2.316969170515606	1.0382933377716792	0.2016	2.474473529010807	0.7307107153542758	0.1613	2.682770889575482	0.6236856297112118	0.12
191	3.183333333333333	2.2163316945705596	0.7810129020756692	0.0	2.277595580139749	0.7745609606358268	-0.105	2.356895465167157	0.37117814936317667	-0.0886	2.3747548458746146	0.039755743172925954	-0.0972	2.3345124229034826	-0.005980503313433284	-0.0766	2.3988519412847586	-0.01217335683109659	-0.12	2.371117604529739	-0.018063625359393744	-0.0883	2.1562369022322474	0.7871058286341359	0.105	2.1470998660226632	0.4222781186237555	0.0886	2.0662796741702305	0.5721167404900812	0.0972	2.035219188103288	0.6149967385715933	0.0766	1.9876841891473198	0.6284331929059417	0.12	2.0274397871898624	0.67601791412356	0.0883	2.3803280816298202	1.0825439750557313	0.0	2.4445816868593724	1.2703116884191312	0.0	2.475178316525913	1.1620675004306493	0.0	2.361914456738321	1.1107970029297052	-0.2016	2.28665635903108	1.1013526447722428	-0.1613	2.380003215965665	1.0055150179328767	-0.12	2.3167142777061516	1.0236613558041137	0.2016	2.447545789713654	0.7234410133615199	0.1613	2.6320462395593323	0.5994946528667401	0.12
192	3.2	2.213538477595122	0.7857057746653617	0.0	2.27210053319461	0.781061913786187	-0.105	2.3465481008415185	0.38072338800424793	-0.0886	2.3705078734727376	0.04161546530932707	-0.0972	2.3314559783084055	-0.0023447086069096484	-0.0766	2.4038863963980592	-0.009312066115536456	-0.12	2.3705439855098667	-0.015537219864808383	-0.0883	2.152646712251715	0.7937135427264799	0.105	2.0991412876839552	0.43359230955386063	0.0886	1.980974568510853	0.6302694886902799	0.0972	1.902436841356674	0.6697430577050948	0.0766	1.8585143754299747	0.7173519995035599	0.12	1.9473974957500337	0.7168679387063914	0.0883	2.3743369399229444	1.0869732585964964	0.0	2.4652672012325842	1.2725584593797765	0.0	2.4869414575512017	1.1561871566310642	0.0	2.3570925948555495	1.135542202933581	-0.2016	2.284591980754151	1.142559985024224	-0.1613	2.388066575987	1.0609491829227609	-0.12	2.3160668336129406	0.9848943180764265	0.2016	2.4222550757322017	0.7092771563178816	0.1613	2.569047483013766	0.5742411265059498	0.12
193	3.216666666666667	2.2019252217101086	0.7937714258380615	0.0	2.2648896809526344	0.7853177090713648	-0.105	2.3381132822642523	0.37465056543783426	-0.0886	2.3672186336771555	0.03774921033140736	-0.0972	2.368269969812196	-0.0022572610072748994	-0.0766	2.403460176459209	-0.012368131589747727	-0.12	2.3673866104603425	-0.017597030737056117	-0.0883	2.144215992580809	0.7975273376786642	0.105	2.062695263005423	0.43565889181649253	0.0886	1.9143348950016004	0.6412794184648379	0.0972	1.8462668884122455	0.6597339047190206	0.0766	1.8151401905487616	0.7146451816091192	0.12	1.894883749907904	0.711664949466969	0.0883	2.372533320674655	1.1081348024713085	0.0	2.471894164379948	1.289833104214502	0.0	2.4900290047223117	1.1754411508344238	0.0	2.3678308519425184	1.1468340077440635	-0.2016	2.284175693209983	1.170111023636852	-0.1613	2.381535694436923	1.1420855920224926	-0.12	2.320516607976157	1.0362051644070045	0.2016	2.3589040499894023	0.7296159700473782	0.1613	2.5093093678919893	0.541161154326307	0.12
194	3.2333333333333334	2.1972388657837216	0.8064415867739125	0.0	2.25262087523202	0.7957921462339472	-0.105	2.3302124777782907	0.3767506656056215	-0.0886	2.363736840211458	0.037113414184260334	-0.0972	2.373327281306469	-0.0018358212616352357	-0.0766	2.4008302847135528	-0.011724473297659778	-0.12	2.3590504195448485	-0.015189947744644126	-0.0883	2.143414593461241	0.8059805472087083	0.105	2.030523677048491	0.45263805392139583	0.0886	1.8539160616932038	0.6416111526023259	0.0972	1.7649694425568987	0.6600154546977949	0.0766	1.7541202112236318	0.7215052473462996	0.12	1.8278645515837864	0.7079328825550187	0.0883	2.369551153412805	1.1200183563049073	0.0	2.4989518660166907	1.2959437330577404	0.0	2.4824673177588443	1.1705630324480272	0.0	2.383377691866991	1.155250295996447	-0.2016	2.2874877366867934	1.1966389884088209	-0.1613	2.379841497288239	1.1986510814898144	-0.12	2.317871497690699	1.0753382937499183	0.2016	2.3286229332310655	0.7278028978302109	0.1613	2.4293148405268976	0.5375867504325382	0.12
195	3.25	2.190078991753556	0.8235557676126645	0.0	2.2461592218538704	0.8101134276044651	-0.105	2.3211069403021924	0.38316906377363114	-0.0886	2.359381753760776	0.03474280664614256	-0.0972	2.363991136520596	-0.006621912920590924	-0.0766	2.3973187145644745	-0.01934651282325254	-0.12	2.3544064619027814	-0.011905972182993552	-0.0883	2.141993935801925	0.8284004536504049	0.105	1.9937195961012162	0.46800246776377447	0.0886	1.7818766168881912	0.6480747888678883	0.0972	1.641159419938803	0.6546382248570575	0.0766	1.6647479828791596	0.7182097289617894	0.12	1.754275084357196	0.7043267930277143	0.0883	2.3720549623678515	1.1469529007969406	0.0	2.506819001484402	1.3198837477503196	0.0	2.494716055799809	1.1986060114078494	0.0	2.379431218258917	1.1732916422748119	-0.2016	2.286325695313887	1.2158681502614497	-0.1613	2.384525036188538	1.256535069308992	-0.12	2.325095593875373	1.1199607325891487	0.2016	2.248003091954997	0.8913541282135998	0.1613	2.422372953564297	0.6248859939854422	0.12
196	3.2666666666666666	2.1798437169187785	0.8258451264373463	0.0	2.242671639453302	0.8117041388817774	-0.105	2.3119019766093727	0.38182472692586295	-0.0886	2.358232418488078	0.03140618031263498	-0.0972	2.3695086475580034	-0.023768566972448647	-0.0766	2.3914208602118614	-0.03203133428768676	-0.12	2.356956978215214	-0.011953887311536203	-0.0883	2.1277077998562057	0.8369473263315529	0.105	1.9578830973637118	0.48093886488018744	0.0886	1.7147132287110027	0.6528409361990128	0.0972	1.5374283840556604	0.6343151444938672	0.0766	1.5714648415888608	0.6723881781322537	0.12	1.692809332001983	0.7089446431828954	0.0883	2.3753363969689376	1.1565241733606666	0.0	2.4783335666985167	1.3272590979174455	0.0	2.4736658152890554	1.225685881906209	0.0	2.378768391844803	1.1816351743040312	-0.2016	2.2808965682704843	1.2306110441601448	-0.1613	2.416616137160006	1.3071132189035566	-0.12	2.3207858707405644	1.1383145760853346	0.2016	2.2505599458854317	1.1350999130324426	0.1613	2.415035886215046	0.6293847277617618	0.12
197	3.283333333333333	2.176205108913213	0.8263757278791617	0.0	2.2336266644329146	0.8137023200147223	-0.105	2.306872526965622	0.38496799452978203	-0.0886	2.3569898831016105	0.03268396624494165	-0.0972	2.361448937036906	-0.01564572366602584	-0.0766	2.392131061600029	-0.03401910836911835	-0.12	2.35615299245909	-0.01157310050004879	-0.0883	2.122818223718132	0.8379137715041203	0.105	1.9282943492710263	0.4927308775078896	0.0886	1.664183200141386	0.6434300606681255	0.0972	1.475273912964722	0.6133358693167973	0.0766	1.4969551026434142	0.6486822999680302	0.12	1.6338310947493133	0.7102386528777394	0.0883	2.3568846233678515	1.1405858607019224	0.0	2.4801517704751324	1.3218661946273673	0.0	2.4725112363621786	1.2191923998758227	0.0	2.375639854818959	1.1907569877093287	-0.2016	2.2828092573212397	1.245272110648854	-0.1613	2.4273213763870705	1.3408251306687273	-0.12	2.321874457230892	1.1310070037894968	0.2016	2.243320046837518	0.8982975169389356	0.1613	2.2323854210518674	0.6270468076293056	0.12
198	3.3	2.170917961383938	0.827941733697863	0.0	2.2257110785556695	0.8164300604255802	-0.105	2.300927052252921	0.3843363721080352	-0.0886	2.356313477474697	0.033873041404614126	-0.0972	2.360445416101465	-0.014631431980011898	-0.0766	2.396009985097167	-0.033065816959022984	-0.12	2.353788703761165	-0.013176096927112066	-0.0883	2.114945393247942	0.8371280153371665	0.105	1.9003694627632146	0.4986259504394961	0.0886	1.614960309676283	0.6287957022163181	0.0972	1.4332617660170484	0.5943957930645741	0.0766	1.4339241544960333	0.649938190757821	0.12	1.5854497265036507	0.6886321731375769	0.0883	2.337200049782226	1.1417233482189408	0.0	2.4826133083698854	1.2971523237508444	0.0	2.4602708443188184	1.2073473425240795	0.0	2.3743668219813423	1.1960630065607103	-0.2016	2.2915207720742945	1.2531143217092184	-0.1613	2.432798055725333	1.3492334278567433	-0.12	2.30442402180877	1.1174693973882164	0.2016	2.2147760652886284	0.85581175305901	0.1613	2.1707890079876346	0.5977538066793613	0.12
199	3.3166666666666664	2.1598872590518883	0.8296162975334767	0.0	2.2134580710789082	0.8184563431075405	-0.105	2.2925952196023456	0.3964993690160258	-0.0886	2.355006625781149	0.03263708955913967	-0.0972	2.3620995920557055	-0.014019154976683004	-0.0766	2.3865278098497105	-0.03297061684351332	-0.12	2.353390467071556	-0.013814726899132698	-0.0883	2.0997034468558655	0.8401649409380187	0.105	1.8741437619311963	0.5023069646300684	0.0886	1.5492798055063597	0.6151884395033599	0.0972	1.3713100338971116	0.5585462537304586	0.0766	1.3790318212228567	0.6023775942527589	0.12	1.5093177279268983	0.668361608483897	0.0883	2.3215121423046363	1.1533599608607332	0.0	2.46841106912972	1.2908875941645899	0.0	2.4531579215728487	1.2105994484108413	0.0	2.362837663082952	1.2021384319734272	-0.2016	2.298365875176404	1.2628867381722881	-0.1613	2.44995501968655	1.386102300068427	-0.12	2.295753307296101	1.123562517905999	0.2016	2.2208413202846873	0.9204597847744732	0.1613	2.128235412193286	0.6278030670442588	0.12
200	3.3333333333333335	2.151053594491059	0.8376998498269648	0.0	2.2080422427836917	0.8247599947659587	-0.105	2.285613724443568	0.39434957577729235	-0.0886	2.3550823300865336	0.03135102546117455	-0.0972	2.3583970583547673	-0.01355866775178674	-0.0766	2.3882204104283393	-0.0364799664637253	-0.12	2.347032650125236	-0.014560091001891422	-0.0883	2.0918504175124526	0.8503918597577129	0.105	1.8447637110009856	0.5141555471909999	0.0886	1.5018867762088244	0.5956902311998877	0.0972	1.3277185078118023	0.5158502222873453	0.0766	1.3385490040680477	0.557769074705197	0.12	1.4554722059717946	0.6406514235001587	0.0883	2.327748994594006	1.1633642943251772	0.0	2.4609037575865256	1.3213701041775912	0.0	2.4547625488700078	1.2387123129014819	0.0	2.349889379375436	1.2129518205828327	-0.2016	2.3012331206222814	1.2652106731144468	-0.1613	2.473611446693504	1.4089302710285705	-0.12	2.302067273090243	1.137526472751406	0.2016	2.2274826154660694	0.9631748398844674	0.1613	2.301108283533646	0.8412174912525215	0.12
201	3.35	2.143078754550498	0.8398066210671159	0.0	2.192705240841392	0.8266258993489908	-0.105	2.281503290604976	0.39603391826905426	-0.0886	2.349312885740739	0.03371368470934969	-0.0972	2.3597471309582563	-0.01353490749165704	-0.0766	2.390629843845164	-0.03308029086357564	-0.12	2.344943739964591	-0.014080791786517347	-0.0883	2.0851071335916362	0.8525556822729929	0.105	1.8321182576225123	0.5272738118540533	0.0886	1.4745885588872116	0.5631391435478043	0.0972	1.305233957819125	0.45652975218662695	0.0766	1.3131889762302518	0.5017336907430071	0.12	1.4234148611913984	0.6116316184356752	0.0883	2.3143372684684334	1.1578739195627668	0.0	2.4498592620964623	1.3370632599137113	0.0	2.4455876693765957	1.250692275887424	0.0	2.3323278584812335	1.218847944269811	-0.2016	2.3101816497142327	1.2702500729727666	-0.1613	2.484481301474438	1.4296815502880866	-0.12	2.3007907137458177	1.1353957069988048	0.2016	2.228393270375386	0.9809686239512642	0.1613	2.2992268866947	0.8791798312875941	0.12
202	3.3666666666666667	2.131579311607968	0.8421480112696781	0.0	2.1756004565911042	0.82893981893133	-0.105	2.2728558726008044	0.40033490995201954	-0.0886	2.3472361896409435	0.0346519482191132	-0.0972	2.3630611932994503	-0.014146119383229426	-0.0766	2.392364670804735	-0.03264269078607755	-0.12	2.346015134805502	-0.013925411976241968	-0.0883	2.072512372734862	0.8525682758802343	0.105	1.803606941718656	0.5336711127062453	0.0886	1.4546475686414508	0.5483149241360058	0.0972	1.3000713860694522	0.40036219520787186	0.0766	1.301729796757271	0.4518937653900362	0.12	1.4018205437829054	0.5737520957578454	0.0883	2.308262839753645	1.1709226590392097	0.0	2.412773740066833	1.3768924393537003	0.0	2.425143599627742	1.2731751483565952	0.0	2.3295123861472913	1.221748213191048	-0.2016	2.3260989513779466	1.3008186771208803	-0.1613	2.500207507152111	1.4518489973244977	-0.12	2.293140595518315	1.1529606491084516	0.2016	2.227650975790044	1.0025619182004413	0.1613	2.2862608463164342	0.8425957591864647	0.12
203	3.3833333333333333	2.120028398442479	0.8440062030744115	0.0	2.163812914528593	0.8308059362374818	-0.105	2.264271593407082	0.40472078986266036	-0.0886	2.3450583455178613	0.03653178859785141	-0.0972	2.363857689924009	-0.01425230898103605	-0.0766	2.3885210892622077	-0.032769725325665106	-0.12	2.3441549576725316	-0.014006216125593274	-0.0883	2.058243639300739	0.8550814134793352	0.105	1.7923821884410114	0.5301428707341707	0.0886	1.4412486414679424	0.5125208815541583	0.0972	1.2997735000269808	0.3567880421114483	0.0766	1.2920534412470532	0.4084908395583637	0.12	1.3825915623827771	0.5376525710663791	0.0883	2.3000293755336454	1.1849389598374438	0.0	2.381069582853866	1.3942659665788961	0.0	2.404451331412912	1.287375106803307	0.0	2.329954404920911	1.2209817875439135	-0.2016	2.340089027922311	1.3045651038345658	-0.1613	2.508359015483906	1.4581603687023703	-0.12	2.2692916643227363	1.1571433231047887	0.2016	2.187239031736513	0.9756317250947489	0.1613	1.9149962533315323	0.7963428094173495	0.12
204	3.4	2.107380084262168	0.8477385138586492	0.0	2.1569777803227597	0.8342546623916034	-0.105	2.2576701002296833	0.41041980868005956	-0.0886	2.3446328555708553	0.03565092613410516	-0.0972	2.3628408334411657	-0.013787265616172023	-0.0766	2.386241395326729	-0.03154282008024598	-0.12	2.3412936700599007	-0.014839092743647905	-0.0883	2.0460190521765207	0.8662860153487145	0.105	1.7923447176574454	0.5254116990936342	0.0886	1.4295737832474995	0.4772842637673709	0.0972	1.307177567045928	0.31954350528876324	0.0766	1.2991641446442228	0.36490546727336093	0.12	1.3735772870423237	0.4969055431733046	0.0883	2.293287799110983	1.2014451220593958	0.0	2.3697503904114137	1.4011224098533732	0.0	2.387636102031997	1.298961635395287	0.0	2.3266458850378644	1.2239233975879762	-0.2016	2.3525055849373144	1.3048511951235562	-0.1613	2.521001045446442	1.4645629165017169	-0.12	2.2311575726474793	1.157842378010532	0.2016	2.0861117626826724	0.9646240216900605	0.1613	1.9348112151285293	0.8510133275865531	0.12
205	3.4166666666666665	2.09152975908444	0.8457396774438235	0.0	2.1403747957038797	0.8299679508860826	-0.105	2.249410348264046	0.41272983085764825	-0.0886	2.3445859606279926	0.03507104249165528	-0.0972	2.367335485362827	-0.013608974860578188	-0.0766	2.387642325010936	-0.03154450762315368	-0.12	2.340825141698724	-0.017823614692354814	-0.0883	2.0339222833091166	0.8566404304786274	0.105	1.790564527752992	0.519780729597714	0.0886	1.4303299954754156	0.4396565467599535	0.0972	1.325394888680107	0.2864317887152736	0.0766	1.3141028218375095	0.3221199094350819	0.12	1.365577667885395	0.4529927270140476	0.0883	2.2702946816750793	1.2107708721878252	0.0	2.363282800201432	1.4021917373198185	0.0	2.3775067216249783	1.295346797717243	0.0	2.312129170717497	1.2263585568255182	-0.2016	2.3632863671465962	1.3052512487463745	-0.1613	2.535496506347123	1.466352359608456	-0.12	2.201077614492465	1.1540815691888229	0.2016	2.0231383788763924	0.9578935705593097	0.1613	1.8248961890965494	0.8311202895959845	0.12
206	3.433333333333333	2.076607786529587	0.8472422669628931	0.0	2.121822166245689	0.8337631223461577	-0.105	2.240427275517987	0.41437485619842884	-0.0886	2.3422416667354455	0.034382371448565825	-0.0972	2.370537840588766	-0.01397342562467399	-0.0766	2.3903720899574474	-0.03286733644509002	-0.12	2.338217888099379	-0.019201997890575296	-0.0883	2.0197643996622663	0.8603114982083199	0.105	1.7926576520102275	0.5141260165145465	0.0886	1.4312044771442478	0.3962718180987799	0.0972	1.348346266877432	0.2285994352396479	0.0766	1.330988643823812	0.2609663206694095	0.12	1.3604184311869263	0.40030073880615474	0.0883	2.257492812558748	1.2176336304211497	0.0	2.3537089387500405	1.4107118485703984	0.0	2.3707054854786245	1.295949589084085	0.0	2.302143615728744	1.2299225008339603	-0.2016	2.3702714713542075	1.2960135338271461	-0.1613	2.547348043272291	1.4526138905612915	-0.12	2.182586732789249	1.1601692802185504	0.2016	2.005347955186399	0.9773793236858777	0.1613	1.7925800466866428	0.8659442383221717	0.12
207	3.4499999999999997	2.0570314011866113	0.8423359490759545	0.0	2.0977822259807226	0.8269086806095844	-0.105	2.2339435659551277	0.40870534838930983	-0.0886	2.344233716583601	0.03177929296505148	-0.0972	2.3737612735417155	-0.015893960307329737	-0.0766	2.395364113873932	-0.032724420054415976	-0.12	2.3383486554438884	-0.02106784602519283	-0.0883	2.0021915811107096	0.8575514910730316	0.105	1.7920245638895316	0.5054118914392918	0.0886	1.440062988043606	0.3465755845836737	0.0972	1.3749655280479434	0.19431526234412472	0.0766	1.3668355423767713	0.21710665434929927	0.12	1.3709592490578466	0.34422742388060795	0.0883	2.248481446265529	1.221445096605811	0.0	2.3308859671771036	1.4171160356562928	0.0	2.3621397848983445	1.3023652559571484	0.0	2.292002396523469	1.2339814565102485	-0.2016	2.382606923289392	1.298385096462978	-0.1613	2.561135491321458	1.4417533789193684	-0.12	2.161116087459052	1.164481016704866	0.2016	1.9795805380380709	1.0023569779473154	0.1613	1.7678646846895985	0.8975898264714253	0.12
208	3.466666666666667	2.0410656751264873	0.8385903709311645	0.0	2.0854628646863653	0.8228621107709967	-0.105	2.2242731469406083	0.4091907189839392	-0.0886	2.3407701044778095	0.029518979451797205	-0.0972	2.3790656013579494	-0.019149784008623924	-0.0766	2.400701532565622	-0.032172171867633964	-0.12	2.338876475724214	-0.021183918053702355	-0.0883	1.9883784081761762	0.8508717547637726	0.105	1.803619601221071	0.5002730926625207	0.0886	1.456208524772841	0.30251504735355866	0.0972	1.4111011505555378	0.14597998664092646	0.0766	1.4092826485936096	0.1739749762226842	0.12	1.3921164256107377	0.2941553848466563	0.0883	2.235930838868024	1.2344914611660258	0.0	2.309126072300617	1.4184128613690334	0.0	2.3431791761520673	1.3096056100331719	0.0	2.287921719882549	1.2297406690644168	-0.2016	2.38336999804597	1.2882520477112345	-0.1613	2.5531972024242817	1.4059981089173492	-0.12	2.134480726636661	1.168171212465513	0.2016	1.9475488699007923	1.013552590324239	0.1613	1.7442783286246428	0.9296791838311937	0.12
209	3.4833333333333334	2.028121364551823	0.8341418964040197	0.0	2.0711140984631404	0.8155511788647274	-0.105	2.2204083892978947	0.4045904075218741	-0.0886	2.3413003963275303	0.02445481553483219	-0.0972	2.384769220862167	-0.020641639393567005	-0.0766	2.40882581999452	-0.03165948277572749	-0.12	2.3361133224078765	-0.02090555565288141	-0.0883	1.9743085931588613	0.8404369205622941	0.105	1.8037405704862188	0.49014872576322654	0.0886	1.4788309051074349	0.2536663847137717	0.0972	1.4783282567278553	0.08361298673960202	0.0766	1.4766887807341564	0.11682730511308283	0.12	1.4162521146578442	0.2342103487708284	0.0883	2.223741140653681	1.2462899368280123	0.0	2.2918478260701756	1.4208524446000588	0.0	2.33040465286805	1.313800259392747	0.0	2.2691849793470493	1.2363058099231916	-0.2016	2.374049380211892	1.273902689179472	-0.1613	2.5539798475796216	1.3678761839703566	-0.12	2.1167003505454196	1.1720485199614605	0.2016	1.9399207134045562	1.0282535983724335	0.1613	1.732695763982676	0.9640567949908886	0.12
210	3.5	2.0177089099393113	0.8302252590904607	0.0	2.0610455024898866	0.8105120227388949	-0.105	2.219483685253364	0.4001466142259023	-0.0886	2.3427974640307596	0.027295006449281324	-0.0972	2.3826920483918492	-0.02264509966669332	-0.0766	2.4136530987166234	-0.03056099681707204	-0.12	2.3411272647451913	-0.020473436145135637	-0.0883	1.961611601190844	0.8384561149540654	0.105	1.8046376703741498	0.47567178154690415	0.0886	1.5125783727756335	0.20147618907890624	0.0972	1.5321139380409519	0.04516319781851251	0.0766	1.5325418112495568	0.07481678877387232	0.12	1.4502894530651036	0.17976872873681954	0.0883	2.2025746686559313	1.2482705625892492	0.0	2.270455980950293	1.4249669607475293	0.0	2.301971666223802	1.3123512426630317	0.0	2.2603072962496493	1.2328799250905633	-0.2016	2.3710708736562713	1.259460065384415	-0.1613	2.541997480471305	1.329553745923348	-0.12	2.0907557080455117	1.1776294297836072	0.2016	1.9053836602520755	1.0347002270509527	0.1613	1.7117890408290592	0.9875457647311374	0.12
211	3.5166666666666666	2.002889274816384	0.8280302886602094	0.0	2.0504857660525024	0.8052047609973948	-0.105	2.2142807200270838	0.3962276275470509	-0.0886	2.3392571684957257	0.020998965636547566	-0.0972	2.3751839990631574	-0.019888522380621512	-0.0766	2.4150997588213756	-0.031730707798720635	-0.12	2.342551684124279	-0.020344231477247426	-0.0883	1.9452972771087438	0.8362335693557514	0.105	1.8162558460699643	0.4650335398021444	0.0886	1.5541753039303998	0.1659021270890205	0.0972	1.6053336682672263	-0.0012893837316433829	0.0766	1.6049783154104291	0.027234681544314923	0.12	1.4974587599760987	0.13260429802249948	0.0883	2.180770788331441	1.2523269507025878	0.0	2.254887688038477	1.4319396260774704	0.0	2.283779101495114	1.31225318635825	0.0	2.239628662216617	1.2299342882589055	-0.2016	2.345003836990541	1.2416580536623092	-0.1613	2.5233547393444424	1.2741856066220816	-0.12	2.0683792973547312	1.1848810520509778	0.2016	1.8676734523893004	1.0400836020662074	0.1613	1.6909460883675722	1.0073453454884218	0.12
212	3.533333333333333	1.9928080703675273	0.8245285095354007	0.0	2.0378673298604433	0.8041171597582534	-0.105	2.2136060344726385	0.3950748058172563	-0.0886	2.3361528249993535	0.023197054485644082	-0.0972	2.3717551602063525	-0.01965671173994754	-0.0766	2.4073605775362283	-0.030821819822285487	-0.12	2.342510500682424	-0.021831501708114088	-0.0883	1.9345461836188036	0.8332363573323985	0.105	1.8177214769047099	0.4527961476225253	0.0886	1.5918638180651117	0.12139607754551793	0.0972	1.6808332693321695	-0.02657406234342769	0.0766	1.6784304866817839	-0.004607889569966064	0.12	1.5405815002917258	0.08015123876566133	0.0883	2.1664163847414604	1.2684349642936599	0.0	2.222493050877325	1.4402711269042958	0.0	2.2275221843059088	1.3308397831869183	0.0	2.218331626698245	1.23177235291625	-0.2016	2.300504211006551	1.1833423093256694	-0.1613	2.510534190617145	1.1949462852024513	-0.12	2.05177894592883	1.1893162571648899	0.2016	1.8611367936717018	1.047836318411999	0.1613	1.6956477798618972	1.0183199506170744	0.12
213	3.55	1.978850864424328	0.8196643865595011	0.0	2.030568746650382	0.8059499622240114	-0.105	2.213407409865741	0.3932882576342516	-0.0886	2.3351738646266975	0.02614274241582467	-0.0972	2.36948638113892	-0.019211726715270903	-0.0766	2.4039142790095043	-0.02993870371329836	-0.12	2.3435898254074035	-0.020281245025385874	-0.0883	1.9231319756944871	0.8333202859200354	0.105	1.8228113100942287	0.4427934844438647	0.0886	1.636715956607291	0.08913939101163171	0.0972	1.716871921619416	-0.028742020332622895	0.0766	1.720576202976959	-0.006301947174458238	0.12	1.589214726157701	0.04130041648742502	0.0883	2.151501838332069	1.272087731329145	0.0	2.2022333668077168	1.446147588738936	0.0	2.1755382713256934	1.337179079303592	0.0	2.2050972546957825	1.230214324507128	-0.2016	2.260253646016219	1.1460517470170974	-0.1613	2.495213244080588	1.1384007912794927	-0.12	2.0329369334241494	1.1938330834881323	0.2016	1.8328381274414305	1.046430291672484	0.1613	1.702821428901791	1.0330498461886124	0.12
214	3.5666666666666664	1.9660783962219335	0.8050345832637079	0.0	2.020536697686297	0.7980894242815598	-0.105	2.212175953516178	0.39027370165265846	-0.0886	2.3348437667677397	0.026730687057960528	-0.0972	2.3738771098037663	-0.02007813021300062	-0.0766	2.4069465585282774	-0.029472108507181266	-0.12	2.3439387458186416	-0.021339002417930502	-0.0883	1.9078842686181003	0.8198076511166962	0.105	1.8315067013678406	0.43314855184950857	0.0886	1.67706962626655	0.06681154119508387	0.0972	1.7323447931017613	-0.023999070570892383	0.0766	1.735085132131875	-0.004288339038544496	0.12	1.6354851248809446	0.01494582318801032	0.0883	2.125617352979507	1.2728216250036153	0.0	2.1765339686274423	1.4547454438859408	0.0	2.1395561320136713	1.3360486009992267	0.0	2.1884848029285204	1.2291044989393982	-0.2016	2.2299700002647387	1.0950936182491828	-0.1613	2.4515166443363996	1.0604183127080895	-0.12	2.004018848052809	1.1975064020637693	0.2016	1.7908033201388718	1.0307232125020953	0.1613	1.7109696775803516	1.0431108105410998	0.12
215	3.5833333333333335	1.9574071682315797	0.7933100715606254	0.0	2.010239079157574	0.7883979005474385	-0.105	2.207340623863862	0.3888838504140293	-0.0886	2.332916075011383	0.02823724328427093	-0.0972	2.378972248578417	-0.019104067464054703	-0.0766	2.407810994285126	-0.027455618432335842	-0.12	2.3427605913767464	-0.01998383552768307	-0.0883	1.8987963844544942	0.8094513133186706	0.105	1.836881154049118	0.41692866111644755	0.0886	1.6866470340509474	0.06219873461693138	0.0972	1.7359830248572259	-0.02127473576322938	0.0766	1.74028598825655	-0.004164791621711905	0.12	1.6469833716886377	0.006098793371833541	0.0883	2.1071687621576785	1.2667169898060866	0.0	2.1558451055344996	1.4542705337983235	0.0	2.1283773703534634	1.338933192887579	0.0	2.1653525782218184	1.2187726545291195	-0.2016	2.208282133854395	1.057495042306627	-0.1613	2.434758412703605	1.004537143745073	-0.12	1.9786619897837543	1.1963852112191609	0.2016	1.7772535350323189	1.0253333424718245	0.1613	1.7247919912736938	1.0479958235287217	0.12
216	3.6	1.948506195957619	0.7780011659849843	0.0	2.00537087635093	0.762863966170877	-0.105	2.202675871342956	0.3877885874574252	-0.0886	2.330431631735989	0.033886356188171145	-0.0972	2.3779078214167724	-0.017949893025675706	-0.0766	2.4059757192584392	-0.024914156178027717	-0.12	2.338522423398844	-0.015878241420348535	-0.0883	1.885555012000983	0.7850088746088905	0.105	1.836735671185255	0.4010435251637571	0.0886	1.6863760901282014	0.059236200111041436	0.0972	1.7381988844908989	-0.021772252164597813	0.0766	1.7340759602521154	-0.004475239550286773	0.12	1.6455642630222147	0.0033317734638482963	0.0883	2.0854747444470867	1.2590157936374562	0.0	2.129471955655149	1.4524741275431854	0.0	2.1092508963742143	1.3406306042010536	0.0	2.145575941347844	1.2031927436925638	-0.2016	2.188100309597039	1.0283583726883134	-0.1613	2.386810733186868	0.9217815840341071	-0.12	1.9531666940236452	1.19296611774567	0.2016	1.7708456469578826	1.0176860022445477	0.1613	1.7431736309330632	1.0453287663182524	0.12
217	3.6166666666666667	1.9401492293094262	0.7667388403217441	0.0	1.9989968877033812	0.746372816924647	-0.105	2.1963065118175464	0.3906201431976594	-0.0886	2.3200174691419577	0.05382970967976598	-0.0972	2.3724650324492833	-0.01672606913925348	-0.0766	2.4000153966858937	-0.022437297645506636	-0.12	2.3251452679469726	-0.0027470134918696973	-0.0883	1.8772132852567522	0.7682829969433161	0.105	1.8378914272202431	0.4024117896998189	0.0886	1.679226372449445	0.061045892251143125	0.0972	1.741496231517767	-0.023336877030297777	0.0766	1.7373171837433956	-0.005340820020265882	0.12	1.6327365000105918	0.0014429076043654815	0.0883	2.0623828245106	1.2647378851902704	0.0	2.10834666655723	1.4496989721470104	0.0	2.0835762276910406	1.3393154865073669	0.0	2.1332195068149478	1.1887915348799267	-0.2016	2.173281597783314	0.9998345351026451	-0.1613	2.36935101042717	0.8590910981774855	-0.12	1.93075946972233	1.1891136887417058	0.2016	1.7565902500272688	1.0092748600025738	0.1613	1.8073227219240626	1.0706826401958514	0.12
218	3.6333333333333333	1.9313315074911708	0.7563022068821532	0.0	1.9909433876484117	0.7432633779197899	-0.105	2.1865959842000136	0.39537817534016434	-0.0886	2.300070712559899	0.0737575878672665	-0.0972	2.371416784853782	-0.01823145957459118	-0.0766	2.390872859453895	-0.021828426911184494	-0.12	2.302215517629746	0.011541678157319928	-0.0883	1.868410077426934	0.7576945994704406	0.105	1.8303950526923654	0.40007154951752205	0.0886	1.670694313033697	0.06711625664308654	0.0972	1.7353684251513595	-0.028134402735682178	0.0766	1.7287167191983315	-0.00722676135322365	0.12	1.625319648346357	9.407858467784525e-05	0.0883	2.0414760473222	1.2620434927948758	0.0	2.087742525478415	1.448477390545103	0.0	2.060415737824369	1.3345199873211626	0.0	2.114957066751522	1.1775010439993998	-0.2016	2.156793827810242	0.9643851063282327	-0.1613	2.340831983389011	0.8109721031134969	-0.12	1.9121010355936938	1.1820623371563417	0.2016	1.74792869410439	0.9961314255490334	0.1613	1.846751784932017	1.0550167096579466	0.12
219	3.65	1.9224171083277533	0.7532636778551652	0.0	1.9860703201239824	0.7369509690183806	-0.105	2.1840342109210984	0.4036374189372288	-0.0886	2.2734613660464738	0.1002025752105301	-0.0972	2.365897800325341	-0.02191663613473591	-0.0766	2.3804350206009905	-0.020047036037511103	-0.12	2.2749154961940716	0.027666025893176314	-0.0883	1.8595794727292383	0.7511427761370407	0.105	1.8212885063479771	0.39788663101387306	0.0886	1.6648995556664976	0.07156054763397843	0.0972	1.7285124525012079	-0.030408125485289338	0.0766	1.7171136372324218	-0.007130585944235428	0.12	1.6233234148101854	-0.0015822514704861082	0.0883	2.022126265815861	1.2563022432686926	0.0	2.070536999252585	1.445691690459506	0.0	2.0431836323474757	1.3281653319252176	0.0	2.1022930946175635	1.169725236789749	-0.2016	2.1421762759558356	0.9562269723972461	-0.1613	2.316584307493814	0.7359152551471856	-0.12	1.8884670076084544	1.1763757474688037	0.2016	1.7431415682910367	0.9886324570505732	0.1613	1.8539412964525248	1.046848352483433	0.12
220	3.6666666666666665	1.9156731815308319	0.7503156905971953	0.0	1.979738220639029	0.7359676006707131	-0.105	2.1784986756989175	0.4150119945612219	-0.0886	2.2517711730864285	0.11607445634605215	-0.0972	2.3664131996381337	-0.023759386349038323	-0.0766	2.3731945980987845	-0.018759959474138475	-0.12	2.2461041405870414	0.0391779276812957	-0.0883	1.8526855913247202	0.7484855513510708	0.105	1.8103171928200255	0.39145493645795104	0.0886	1.6626416083699749	0.0704076971039235	0.0972	1.719869247631644	-0.0322808430468337	0.0766	1.7027022258327587	-0.006890797566429647	0.12	1.6209307815843357	-0.003475501915785568	0.0883	2.0036654634732174	1.2568842958139859	0.0	2.047269590302963	1.449004003404948	0.0	2.022357386356012	1.3306172472161089	0.0	2.088382553670229	1.165161531872469	-0.2016	2.129780757091802	0.9366504567947647	-0.1613	2.2869961302845834	0.7051116393035046	-0.12	1.8637295595982672	1.1730076871214017	0.2016	1.732833040337287	0.9646344159772069	0.1613	1.8443459943708909	0.9875604151931932	0.12
221	3.683333333333333	1.9082822882332537	0.747709073091477	0.0	1.9745004688608043	0.7354259676815553	-0.105	2.17587723525343	0.41558252255200556	-0.0886	2.2294754988660457	0.12434032214827168	-0.0972	2.356594325654371	-0.029322233318091973	-0.0766	2.363394797063008	-0.01349442705842991	-0.12	2.223297031104539	0.04489437278215694	-0.0883	1.8435600217847616	0.7491846326947308	0.105	1.8031150114001113	0.3868453688770183	0.0886	1.6624327465228996	0.06835968336010083	0.0972	1.7141590004359335	-0.0324825962717714	0.0766	1.698247610906224	-0.006511346615623484	0.12	1.62150452790527	-0.0054977727668022655	0.0883	1.99103509852328	1.2564425941771404	0.0	2.0301721517300773	1.4489869331776	0.0	2.0078137612936655	1.3308509208109105	0.0	2.0785290858159837	1.1617746010748053	-0.2016	2.1124782533380775	0.9133682095164707	-0.1613	2.256314227649663	0.681690645446404	-0.12	1.8556636095164007	1.1674272258010834	0.2016	1.7304973180669943	0.9511289438769774	0.1613	1.8390490858090718	0.9779040530855218	0.12
222	3.6999999999999997	1.9005586039106586	0.7427613097290573	0.0	1.9687502025425967	0.7306946919327045	-0.105	2.1717081736486166	0.41817230698742563	-0.0886	2.209800728219931	0.13153365354932997	-0.0972	2.3461471047014024	-0.027541801366377173	-0.0766	2.3534183710104695	-0.004582952919414289	-0.12	2.198814757629133	0.04854851541716051	-0.0883	1.8363113308572314	0.7408547659964041	0.105	1.796803276097245	0.3817616141271246	0.0886	1.6620430572337033	0.06691011762467941	0.0972	1.7125834442307395	-0.029821838326046055	0.0766	1.6958326704995192	-0.0066063355172130585	0.12	1.6234102337699674	-0.005327580008263954	0.0883	1.9748024185322948	1.2539530054400947	0.0	2.0156749027227026	1.4481015625592135	0.0	1.995845436425721	1.3317186050299865	0.0	2.0714323923674702	1.1562381591131126	-0.2016	2.1019001713439938	0.9044459787644832	-0.1613	2.225922582571754	0.6504163570831653	-0.12	1.8372966971656532	1.1613789795301936	0.2016	1.7272580152316999	0.9433767726509301	0.1613	1.8260834607047296	0.9228496732848747	0.12
223	3.716666666666667	1.893506296341758	0.7383690326705641	0.0	1.9671914664411214	0.7281011067189753	-0.105	2.169210157238057	0.44495233795790545	-0.0886	2.1899594714228288	0.13532421071858552	-0.0972	2.3310662474526267	-0.018044603470909595	-0.0766	2.335954808782777	0.0024149345270612077	-0.12	2.1764545818669516	0.054398819694268796	-0.0883	1.830069525788259	0.7381563250396974	0.105	1.7926844113556137	0.3757073397465355	0.0886	1.6620759462120611	0.06368882821244268	0.0972	1.7116468259780682	-0.027425852932310757	0.0766	1.6917555567035147	-0.005273790188245097	0.12	1.628160684062782	-0.004908961720237123	0.0883	1.9648879046807461	1.2529494680909403	0.0	2.001407879096254	1.4493383236050283	0.0	1.9838869735233569	1.3315056878282905	0.0	2.066096329181374	1.1510020053727241	-0.2016	2.0873313290420747	0.8942746806754425	-0.1613	2.2008019915910175	0.6292718023850689	-0.12	1.82336346649058	1.1560137607089338	0.2016	1.7268570581880294	0.9316575018094924	0.1613	1.836016277960171	0.9322120303733921	0.12
224	3.7333333333333334	1.8911905130769875	0.738680787806165	0.0	1.9645193544420279	0.7283600434361411	-0.105	2.1566774555016894	0.45340629217121087	-0.0886	2.171006555855144	0.14002974486481	-0.0972	2.307733699861343	-0.006969511117017699	-0.0766	2.307539888763554	0.009297481894755967	-0.12	2.1550382405354367	0.061339120445205626	-0.0883	1.8252255322428739	0.7384622449814325	0.105	1.7903979637491136	0.37129955620099064	0.0886	1.661743929022584	0.06254141561725049	0.0972	1.7113860537999377	-0.02713877225465002	0.0766	1.691807262989072	-0.005311025975585103	0.12	1.630334106738247	-0.0051046050602688055	0.0883	1.9555824251425953	1.253734987574601	0.0	1.9914325775341923	1.4526272515030645	0.0	1.9747860425571397	1.3344750157527607	0.0	2.060670506113766	1.149609326052349	-0.2016	2.078804213450372	0.8942656268764873	-0.1613	2.185830096515692	0.6168692572090972	-0.12	1.8140478207606592	1.1543434459740178	0.2016	1.7222738264846045	0.9254422761120076	0.1613	1.8383406428495372	0.8802174248286648	0.12
225	3.75	1.888705109315202	0.7409772942899447	0.0	1.9631976663338773	0.7285796550007768	-0.105	2.1513980445420047	0.46053910862772207	-0.0886	2.153505609228205	0.14061236439234698	-0.0972	2.2872126229965715	-0.003696600177949455	-0.0766	2.2820808217733237	0.010127740988659727	-0.12	2.1350834806791053	0.06428728363905109	-0.0883	1.8214493048255986	0.738551873602998	0.105	1.7878562539167664	0.36924142672637245	0.0886	1.660495199262267	0.05915453402106984	0.0972	1.71094749661196	-0.026056132311235686	0.0766	1.6925439645933118	-0.005143346047743556	0.12	1.6300936043039678	-0.004917480823958886	0.0883	1.9490842845892697	1.2560119588557772	0.0	1.9806844561761467	1.4539012692225441	0.0	1.9689328121234169	1.3373001870959167	0.0	2.055292066719544	1.1520615807369723	-0.2016	2.066485583852421	0.8903321964377361	-0.1613	2.1678655489724825	0.6061206896458002	-0.12	1.8077377910889318	1.156455385827655	0.2016	1.7177379003680233	0.9252063351617419	0.1613	1.83240022516848	0.8679638851110273	0.12
226	3.7666666666666666	1.8855522999901648	0.7437993518561848	0.0	1.9592980892830942	0.7312214795123227	-0.105	2.147635325473636	0.4734593943566715	-0.0886	2.1375529292026627	0.14319255498601774	-0.0972	2.2621618588838674	-0.0037193596295601247	-0.0766	2.2565714320999994	0.008616054460114861	-0.12	2.1167003635512867	0.06690444013687412	-0.0883	1.8179323644314107	0.7389807367299529	0.105	1.785512032033174	0.37247968779496465	0.0886	1.6597232918869442	0.06095762893482933	0.0972	1.7100122877248871	-0.026450594020360346	0.0766	1.6951878860050997	-0.00801324501594346	0.12	1.6285314981096333	-0.0034259876262960447	0.0883	1.9427810470880464	1.2587486603073563	0.0	1.9736629226451603	1.4588623642306469	0.0	1.9634055986278256	1.3401738446033202	0.0	2.0531291563439935	1.156208088619027	-0.2016	2.0614434998334814	0.891450511144298	-0.1613	2.151452843637372	0.6062580314373454	-0.12	1.8006066183286762	1.1616403692733197	0.2016	1.715460242150862	0.9261466000799171	0.1613	1.826836548303459	0.8523940515307116	0.12
227	3.783333333333333	1.8851278511780525	0.7466157625478647	0.0	1.958085406254839	0.7341704536118461	-0.105	2.1333845475366324	0.47267818538939355	-0.0886	2.119887374311165	0.13668867510215454	-0.0972	2.2420171898059222	-0.0024787982016323123	-0.0766	2.233735922443894	0.006404051008047598	-0.12	2.0988518962607374	0.06276019947771092	-0.0883	1.8171588703623691	0.7397720814465443	0.105	1.7824397125097977	0.37496926007352016	0.0886	1.658199774239918	0.060686362322900235	0.0972	1.7097557331343265	-0.026007099681065952	0.0766	1.6946743467979626	-0.009782678116844874	0.12	1.62808389844496	-0.004003318066284598	0.0883	1.9398383489518576	1.263774012662462	0.0	1.9709634687869728	1.4624229337077945	0.0	1.9608490243890484	1.3433187001957347	0.0	2.04936013772461	1.159523707945497	-0.2016	2.0572952509533993	0.8945022339242927	-0.1613	2.1373342291785384	0.6071858956177852	-0.12	1.7991341716769687	1.1648213488540586	0.2016	1.7141220245659865	0.9266371272720803	0.1613	1.806089881277857	0.8457689038371442	0.12
228	3.8	1.884756625957165	0.7508068510992529	0.0	1.954240370758059	0.7403329597888796	-0.105	2.1232838100587355	0.47072439504115776	-0.0886	2.106790618333906	0.1278566081908356	-0.0972	2.2295399844740005	0.001108802070598422	-0.0766	2.2163369604325758	0.002518220214895131	-0.12	2.0834734138120026	0.05626160515980554	-0.0883	1.815194485124223	0.7479205437435511	0.105	1.778703479661954	0.37650026376533263	0.0886	1.657110004928704	0.05893019888996646	0.0972	1.7099022061304294	-0.02606618295442311	0.0766	1.6917726592158047	-0.010993020210852147	0.12	1.6284954355987349	-0.006183067012835129	0.0883	1.937367778560071	1.267976895141303	0.0	1.9679556669562668	1.4670484158971548	0.0	1.9583185541140555	1.3471513901402443	0.0	2.047193504818318	1.164484133216217	-0.2016	2.054380950751384	0.8995064769604483	-0.1613	2.128155477035858	0.613896684208438	-0.12	1.7962793047305554	1.1713454464313453	0.2016	1.7108315627161643	0.9279655481555655	0.1613	1.7995612329126898	0.8118702541156865	0.12
229	3.8166666666666664	1.885502061385263	0.7564404628150531	0.0	1.9549115371925216	0.7471308786264421	-0.105	2.1175997480630078	0.4780504239913167	-0.0886	2.0937423996295776	0.12042499608484278	-0.0972	2.2175655791360027	0.0026454078520840307	-0.0766	2.2041829575952723	-0.0009074357834745125	-0.12	2.070187456383581	0.0505424014473076	-0.0883	1.8191625342974236	0.7571551679357621	0.105	1.7752573623715076	0.381822672659762	0.0886	1.6563486763563264	0.05981819796863168	0.0972	1.7117649443630412	-0.02596852364367841	0.0766	1.689525702371072	-0.011060294621154997	0.12	1.6280460884773518	-0.007803450379924991	0.0883	1.9357766785600328	1.275946413166362	0.0	1.9632198269463375	1.4783433965077832	0.0	1.9553906093565063	1.3533213277557838	0.0	2.0468317338415836	1.1692086147905598	-0.2016	2.049506681903782	0.9056223391537319	-0.1613	2.12192591269803	0.6205061666317374	-0.12	1.798775068607621	1.1824197461253279	0.2016	1.7093044815513763	0.9438338037638141	0.1613	1.7694287223241085	0.809026607850506	0.12
230	3.8333333333333335	1.8873340646887309	0.7613806965959411	0.0	1.9544961722919247	0.7516765335522889	-0.105	2.106110264956461	0.4753601455399411	-0.0886	2.0818836694520315	0.11581090272147843	-0.0972	2.2013116131821877	0.0017568759486063304	-0.0766	2.1925036292236144	-0.004474158646689937	-0.12	2.0575842617071864	0.045057663332588684	-0.0883	1.8196951203732565	0.7616169496720233	0.105	1.7726180361618429	0.38629540818690766	0.0886	1.6558621767150543	0.06076241851660381	0.0972	1.7115970756111156	-0.026282130525087898	0.0766	1.6854497896521752	-0.011797925942066002	0.12	1.6297669537044888	-0.00841299211515753	0.0883	1.933518842532114	1.2836546839213465	0.0	1.9626235605241484	1.4834533038155022	0.0	1.954569792214386	1.3583998135459812	0.0	2.0477713017129013	1.1770294716525345	-0.2016	2.046219369952022	0.9168559795303621	-0.1613	2.114504074849151	0.6357008848752472	-0.12	1.7965977555091752	1.1912237526181073	0.2016	1.7072619373606106	0.9365098071116914	0.1613	1.766368085026579	0.7925814230634761	0.12
231	3.85	1.8881012690480345	0.7693133954706175	0.0	1.9553581304440826	0.7625014001860241	-0.105	2.0950210576252846	0.46905154589292414	-0.0886	2.072481366771346	0.10787550649005076	-0.0972	2.200012965956511	0.004383239689152385	-0.0766	2.188899197420167	-0.012254699711950312	-0.12	2.0423520297903224	0.038740484938482776	-0.0883	1.8216506137945678	0.7715436177338441	0.105	1.7707904629175641	0.39147716967421387	0.0886	1.6550807652505954	0.06119659843714219	0.0972	1.7124986383679341	-0.02534971630174708	0.0766	1.685355636206571	-0.012494465309639768	0.12	1.629404523916933	-0.00618357876300513	0.0883	1.9339148251268676	1.2889824265114462	0.0	1.9632830978719846	1.489187545266784	0.0	1.9531873799268704	1.3638285331933617	0.0	2.0469331973885203	1.1864780151596888	-0.2016	2.0450537881801814	0.9226888607025817	-0.1613	2.1112745777006245	0.6422090451463747	-0.12	1.792445845646404	1.1963230853709002	0.2016	1.7062707463196884	0.9472659859247631	0.1613	1.7358659420084512	0.7948589288877047	0.12
232	3.8666666666666667	1.88958944336611	0.7791169332837338	0.0	1.9559125470353875	0.7725416436941367	-0.105	2.0863212059159864	0.4675233295989381	-0.0886	2.063058711787103	0.0902877625576141	-0.0972	2.1913734498433706	0.005743087798104236	-0.0766	2.182043258531592	-0.01907674209954033	-0.12	2.029910999808602	0.024580556954202255	-0.0883	1.820674953924912	0.7838956811508543	0.105	1.7674996056588466	0.3947862437012887	0.0886	1.6540875509465758	0.06447524577962924	0.0972	1.7113933654938378	-0.02592859238406079	0.0766	1.684982039751189	-0.013753948466014108	0.12	1.6283656130040922	-0.0066028441826143265	0.0883	1.9337139573943312	1.298499927292863	0.0	1.9633711555667848	1.497127666033363	0.0	1.9531282506582528	1.3747813544259482	0.0	2.046080121703886	1.1964013621470426	-0.2016	2.044154526921425	0.9327121306101446	-0.1613	2.1085051435515525	0.6519359657415242	-0.12	1.7902786435964186	1.2048519258089576	0.2016	1.7032678848760223	0.9538703595836816	0.1613	1.7235033900044108	0.7784570486426818	0.12
233	3.8833333333333333	1.8896109306105335	0.7872391720521043	0.0	1.9577658870835477	0.7830376131899615	-0.105	2.0764874313981676	0.4617427656399491	-0.0886	2.0567036322142727	0.0814596660115689	-0.0972	2.18692184394104	0.005351534895389233	-0.0766	2.1751175013817576	-0.027176173194703775	-0.12	2.0259737230156905	0.013554794178799442	-0.0883	1.821952021840368	0.7967894440844826	0.105	1.7661375735285798	0.4032295271800754	0.0886	1.6540687335821274	0.0657066165495862	0.0972	1.7121831739184405	-0.023654985440228406	0.0766	1.6829947862151085	-0.013085591786562038	0.12	1.6284886271071217	-0.00798471537329317	0.0883	1.9334276027994013	1.3040712556398983	0.0	1.9634951334800186	1.5052777226732297	0.0	1.9530046009423196	1.385247837438883	0.0	2.0461499444328726	1.204123715407345	-0.2016	2.044467761608064	0.9404260394027097	-0.1613	2.104686994114978	0.6628574056169527	-0.12	1.7894307090858326	1.211849913208642	0.2016	1.7042929119166932	0.9668090522296109	0.1613	1.7044503460308764	0.7791780340257923	0.12
234	3.9	1.8914493704651125	0.7951188222046169	0.0	1.9562779234813328	0.7953104770597864	-0.105	2.069165280862499	0.4572068341607185	-0.0886	2.055783534478265	0.0733030476518359	-0.0972	2.1805145398262034	0.006144850490026436	-0.0766	2.1686440584743627	-0.029763137974580904	-0.12	2.0240669967222984	0.004942606739130162	-0.0883	1.821597778950828	0.8095117978206658	0.105	1.7646364695194363	0.4152266197988319	0.0886	1.6543788712988254	0.0682756999458865	0.0972	1.7118997398676576	-0.022020257141627177	0.0766	1.681303026624159	-0.011028433397856727	0.12	1.6290004406083247	-0.005990653675729155	0.0883	1.9334242719920607	1.3116778032682286	0.0	1.965521582940431	1.511819633185884	0.0	1.952897272524479	1.3947956411605789	0.0	2.0447330828199477	1.2118151988426724	-0.2016	2.044930933636848	0.946016857440674	-0.1613	2.105483104637213	0.666965800627237	-0.12	1.790549252621476	1.2187495088863032	0.2016	1.7061572667695062	0.9856501416484638	0.1613	1.6849259402345387	0.7763695711365131	0.12
235	3.9166666666666665	1.8927865749149897	0.8047794551721448	0.0	1.957764164742793	0.8044061811861547	-0.105	2.063717891328405	0.4538624406092948	-0.0886	2.0554907080538602	0.06224539466114243	-0.0972	2.1738230349048075	0.007084394429942548	-0.0766	2.1642579362474423	-0.030918818880037995	-0.12	2.0239324201968283	-0.004491533870640448	-0.0883	1.8221088248510888	0.8212501236595151	0.105	1.7602331673335565	0.4190401610402289	0.0886	1.654067729309891	0.07131910949724608	0.0972	1.7095879435432781	-0.02158743937855948	0.0766	1.6799153515601697	-0.009252212363330455	0.12	1.62959766459483	-0.003813940253710627	0.0883	1.9348365923602353	1.3196765997141158	0.0	1.9651365015121824	1.5191035459262485	0.0	1.9524298381208784	1.4084644456956312	0.0	2.046835969759835	1.2194464850278182	-0.2016	2.045019231348419	0.9519267742513068	-0.1613	2.108371451404339	0.6716442163102515	-0.12	1.7905042067574894	1.225527520398881	0.2016	1.7033983298042537	0.9883207993004949	0.1613	1.667985920968146	0.7702742711290734	0.12
236	3.933333333333333	1.8949790192666334	0.8146454467258646	0.0	1.9602091361530132	0.8126394917580793	-0.105	2.05833691816907	0.45118849956674634	-0.0886	2.057555621515534	0.05636282835621358	-0.0972	2.1643051002997975	0.00832359343807175	-0.0766	2.157734500407465	-0.029543751803529895	-0.12	2.0250612883953143	-0.010160654776891188	-0.0883	1.8242001684874016	0.830978624579322	0.105	1.7571084440720783	0.4231416714255143	0.0886	1.654464693653905	0.07179470261282886	0.0972	1.7090500033074005	-0.02139297261147613	0.0766	1.6806485709933041	-0.010285834943086436	0.12	1.627658563651533	-0.005741803628210876	0.0883	1.9371522865848068	1.3248413101149212	0.0	1.9676421802145667	1.5236686254520133	0.0	1.9546402454995842	1.4117086816140998	0.0	2.0474791850479246	1.2238712764101303	-0.2016	2.0456137722835575	0.956458388847899	-0.1613	2.1090967033028214	0.6790064072044736	-0.12	1.7904975457644605	1.2303091150772802	0.2016	1.7000145336381465	0.9870518182408082	0.1613	1.6514414076399555	0.7726851323014665	0.12
237	3.9499999999999997	1.8958126282532914	0.8174708781542077	0.0	1.9614307486663543	0.8171197889778655	-0.105	2.0523683281531375	0.44505028565217314	-0.0886	2.058896639241456	0.05042796349628278	-0.0972	2.154736580604184	0.011413259843803106	-0.0766	2.1556672504306778	-0.02524343856309888	-0.12	2.0297254794604025	-0.014567268956074818	-0.0883	1.8270216724149153	0.8347375882337287	0.105	1.7550308680597544	0.42702826322596094	0.0886	1.6548029398627395	0.07148812352471151	0.0972	1.7066376600252557	-0.020754734654990732	0.0766	1.6801432084378194	-0.008234781681804769	0.12	1.62611362398163	-0.0066547885512334495	0.0883	1.9381440763202475	1.3265199167793837	0.0	1.9708181181467446	1.524452542956971	0.0	1.9556368387740017	1.414061402331031	0.0	2.048594441750546	1.2268332928987014	-0.2016	2.04912609374891	0.9614158844800592	-0.1613	2.1084909660517526	0.6856035597928235	-0.12	1.7950535991580145	1.233522640049795	0.2016	1.6960383155742236	0.9928412072089627	0.1613	1.637399955019134	0.7763943336527566	0.12
238	3.966666666666667	1.895582795590052	0.8172061856342049	0.0	1.9634008278287347	0.8175991739237807	-0.105	2.044913495905318	0.43440187755012233	-0.0886	2.062115218176776	0.04669629298551881	-0.0972	2.1391031691656237	0.015044750640107303	-0.0766	2.1480888299558973	-0.023134665530234133	-0.12	2.03663827221233	-0.020410344774059494	-0.0883	1.8288912753658955	0.8349164119722883	0.105	1.7538364437417753	0.42738924871347417	0.0886	1.6546227188124203	0.07432132807579767	0.0972	1.7040354789845042	-0.02106268947782968	0.0766	1.679658254270909	-0.00972696414257818	0.12	1.6245753228240463	-0.00562233143844966	0.0883	1.9400228852111097	1.327245948240657	0.0	1.9729261999262684	1.525085754891143	0.0	1.9573369697941982	1.413347968097035	0.0	2.050808435017538	1.226031465077789	-0.2016	2.0537919278768206	0.9630632961845191	-0.1613	2.117547194087466	0.685201659690494	-0.12	1.7946498726100546	1.2332122965268169	0.2016	1.6948487871397004	0.9934142922056473	0.1613	1.6167400285514206	0.7737448056142466	0.12
239	3.9833333333333334	1.8976195389554062	0.813863347950501	0.0	1.9674947525427282	0.8164533349683964	-0.105	2.04318607095595	0.42546624099449043	-0.0886	2.0643626927692353	0.04349227570875138	-0.0972	2.1263783219728194	0.015772030167124258	-0.0766	2.14343882635573	-0.021298185184929003	-0.12	2.0408934394329505	-0.023796924329224554	-0.0883	1.8313242787082373	0.8333541664732311	0.105	1.7518130899141027	0.4274201175380282	0.0886	1.6545625921617932	0.07296015822503267	0.0972	1.7009521210734582	-0.021061021504635243	0.0766	1.6767601940606054	-0.007889855701820745	0.12	1.6221172055694604	-0.0074651415795983465	0.0883	1.9426443627145598	1.326764762670516	0.0	1.975569960132068	1.524424099937522	0.0	1.9579990885989802	1.4126247365509803	0.0	2.055577333888361	1.224921610991719	-0.2016	2.059243867160822	0.964483905621726	-0.1613	2.1210190638910285	0.6897802649599758	-0.12	1.7951815423530757	1.2330740704868097	0.2016	1.6949507757842641	0.9919346981119482	0.1613	1.6025693226860087	0.774258905615424	0.12
240	4.0	1.8994876599411945	0.8134268334812865	0.0	1.9705075694520653	0.8154575457325633	-0.105	2.041173980508182	0.41783021893056144	-0.0886	2.064621260919249	0.03976606604701405	-0.0972	2.118175857263545	0.015603418784614194	-0.0766	2.1425268615547375	-0.02007506025630375	-0.12	2.0434491778190593	-0.02699724649478022	-0.0883	1.833657098005911	0.8331910377568301	0.105	1.7520124729756472	0.42734934657114826	0.0886	1.6549602945877004	0.07270383294160393	0.0972	1.7003847421932916	-0.02068381925927937	0.0766	1.6726401527547394	-0.005418823470138293	0.12	1.621959565344472	-0.005170509624465868	0.0883	1.9444777476322725	1.3249650302667777	0.0	1.977241923743392	1.5224767155070416	0.0	1.9614641333951623	1.4096255278241254	0.0	2.0587154834704737	1.2214222737943123	-0.2016	2.0663759173258214	0.96458021377635	-0.1613	2.1243500276546685	0.6939163208190384	-0.12	1.7997455726771157	1.2326685712005632	0.2016	1.6958615572255786	0.9912707682468644	0.1613	1.596548101175937	0.7766385033283418	0.12
241	4.016666666666667	1.9025033973304315	0.8111046688165278	0.0	1.9752391981077957	0.8143138806263587	-0.105	2.0387817280532534	0.40698953637220303	-0.0886	2.0642771581632604	0.03372111921694574	-0.0972	2.1110754131753513	0.01254254199099819	-0.0766	2.138264953423345	-0.021008977618447767	-0.12	2.045135342329303	-0.03140030033267122	-0.0883	1.836984137315754	0.830868862846082	0.105	1.7533554949445362	0.42823391975868874	0.0886	1.6556384013759717	0.07388419037818675	0.0972	1.7010188117845118	-0.020467519020637155	0.0766	1.667020425517544	-0.004206826806641018	0.12	1.6209081279655964	-0.003844827676839531	0.0883	1.948601060906346	1.3215527695828395	0.0	1.9817035885142402	1.5211317196084702	0.0	1.9641053235150618	1.407535952574531	0.0	2.0615790840375356	1.2198155316421966	-0.2016	2.0714208555978684	0.9633313637410358	-0.1613	2.138601557938754	0.6950611640478244	-0.12	1.8017946082813787	1.231435323159606	0.2016	1.6965747308319241	0.9888149914861456	0.1613	1.5865599837096849	0.7812432928546351	0.12
242	4.033333333333333	1.904227128483082	0.8095288081728671	0.0	1.9811278978253282	0.8148305144799444	-0.105	2.0358919641884063	0.4044519228781683	-0.0886	2.060497005400557	0.03024457278789626	-0.0972	2.105047631420256	0.006842943435415812	-0.0766	2.132345858620582	-0.025543343936722144	-0.12	2.0425797225289752	-0.03404380604433038	-0.0883	1.8413521337297516	0.8288470940772439	0.105	1.7556237691788195	0.4297510171964312	0.0886	1.6562433498050526	0.07469171122737886	0.0972	1.7022523790617086	-0.021958128965515154	0.0766	1.6656459069274776	-0.004565343650846602	0.12	1.620782908998679	-0.0047117028768733915	0.0883	1.9511669403365497	1.3197847772077989	0.0	1.9859714572988856	1.5193500641615065	0.0	1.968414322037522	1.4060559396188244	0.0	2.064676932634415	1.21819453549842	-0.2016	2.076663830014773	0.96169503903265	-0.1613	2.1488178134347735	0.6931201429919158	-0.12	1.806138912033666	1.23084202812683	0.2016	1.6948097931909831	0.9892146991461414	0.1613	1.5817960623938432	0.7832568067020476	0.12
243	4.05	1.90996951482565	0.8075735242532598	0.0	1.985168174842565	0.8141208816444094	-0.105	2.033465160909368	0.4020251475179848	-0.0886	2.054313986325643	0.02859282665323487	-0.0972	2.101564848623296	-0.007117839708194303	-0.0766	2.1286270812159653	-0.0313508081112442	-0.12	2.040907531150944	-0.0352362973865168	-0.0883	1.8474528111879938	0.8265015893078547	0.105	1.7562337100575036	0.4286306566350871	0.0886	1.6565871150870513	0.07417821054528304	0.0972	1.700278476288351	-0.020134808624364967	0.0766	1.661516428008292	-0.003782907119014394	0.12	1.6220474713114255	-0.003930764439150032	0.0883	1.9551196601036744	1.3172998869585464	0.0	1.9888196470565593	1.5169473255143031	0.0	1.9729729840426755	1.4041434097463752	0.0	2.0671061128916968	1.2166138226476844	-0.2016	2.086661091566627	0.9595913423572323	-0.1613	2.155173173161561	0.6918399743834662	-0.12	1.808846654498441	1.2285826914173723	0.2016	1.6944961017740818	0.988765883948952	0.1613	1.576828560050726	0.7843884821251046	0.12
244	4.066666666666666	1.9165367356781837	0.8053064224220682	0.0	1.9926198684193208	0.8116140135107504	-0.105	2.0314974167450193	0.40145976668320243	-0.0886	2.0467930007821247	0.02613536926543575	-0.0972	2.089816271890254	-0.011681704337575087	-0.0766	2.115674483698871	-0.033831151131807666	-0.12	2.0345696486588896	-0.03646481864928026	-0.0883	1.8557378903378332	0.826505150511715	0.105	1.7607883682871608	0.43326387834989644	0.0886	1.6574754234313314	0.07589620565761798	0.0972	1.6985636427792399	-0.01936921943255535	0.0766	1.660001203273158	-0.0029997443688251635	0.12	1.6229024816611233	-0.0031836929868283848	0.0883	1.9578186605936496	1.3156265206955093	0.0	1.9926951354474602	1.5154106885158776	0.0	1.9762689055567355	1.4021706113426113	0.0	2.0733741571567275	1.2157431953651634	-0.2016	2.0961659668507	0.9576675899886405	-0.1613	2.1662415994899593	0.6908748852676071	-0.12	1.8117806889764967	1.2268174442411983	0.2016	1.6935879220307275	0.9895135666608932	0.1613	1.572769858903933	0.783671735186764	0.12
245	4.083333333333333	1.921550082155663	0.804976629049907	0.0	1.9955986359540376	0.8131483870033417	-0.105	2.0309349608495464	0.4019438229123989	-0.0886	2.044390843417811	0.021020197259489545	-0.0972	2.052599344721771	-0.014082007773218507	-0.0766	2.1007449062889263	-0.036077830421937955	-0.12	2.027854035835898	-0.036892205388690584	-0.0883	1.8586952041641565	0.8268379515534707	0.105	1.764203997621563	0.43422998141763525	0.0886	1.658810420187674	0.07805938273944749	0.0972	1.6999157387762187	-0.01923005952641853	0.0766	1.662741446382248	-0.0016529635586285743	0.12	1.6231089979417488	0.00018642463885584076	0.0883	1.9614150983825493	1.3155764991700198	0.0	1.9990232967865045	1.517041386856829	0.0	1.981969694127603	1.3996094490657962	0.0	2.0809120646803394	1.2136066299434503	-0.2016	2.1085074845861587	0.954488946819937	-0.1613	2.174284100955374	0.6909076198366947	-0.12	1.8136073257172396	1.2255854311092482	0.2016	1.6968078788986736	0.9902167944248059	0.1613	1.5648197766807614	0.7824647952642416	0.12
246	4.1	1.9257107509230353	0.8055029133388745	0.0	1.9993509620156626	0.8138201086075842	-0.105	2.032039911540758	0.40404416333695126	-0.0886	2.0427729351534616	0.023843407370585046	-0.0972	2.046317660859515	-0.013031723431993922	-0.0766	2.098277633100061	-0.03680060790316664	-0.12	2.024859289768592	-0.03715762114765775	-0.0883	1.8624704661412466	0.8271859976031553	0.105	1.7694931847236026	0.4354638125065931	0.0886	1.6603450752705755	0.0861324899783616	0.0972	1.6998991062570663	-0.018476937267095494	0.0766	1.6639721356140165	-0.0002000079604708091	0.12	1.6238584741708566	0.00346025690931423	0.0883	1.9663685206533157	1.3144753075461968	0.0	2.0044591419082898	1.5160198153084476	0.0	1.988637327789279	1.3989587731514028	0.0	2.0836877687725064	1.2132312996943044	-0.2016	2.115777796199953	0.9521470006766424	-0.1613	2.1730454334232197	0.6929905681779518	-0.12	1.8163673207723947	1.2258385263569096	0.2016	1.7003349760436834	0.9916364804136938	0.1613	1.56809290772537	0.7837883309406141	0.12
247	4.116666666666666	1.9310906003696569	0.8050838827767299	0.0	2.0045926410943284	0.8119834397332685	-0.105	2.034507701012216	0.40200712228631463	-0.0886	2.0447320560120046	0.03288929722457661	-0.0972	2.0183641814801576	-0.012109432146541081	-0.0766	2.095599980867773	-0.036674274352908556	-0.12	2.0288328783834957	-0.037096607999421743	-0.0883	1.8677810711327183	0.8256644978963512	0.105	1.7768247569674405	0.4357817365635762	0.0886	1.6616359299204833	0.09652362371895351	0.0972	1.6989176799902725	-0.01883328824263264	0.0766	1.6609128350655937	-0.00043346275495553116	0.12	1.6265023823085603	0.00998705900656361	0.0883	1.972422524788435	1.3130945773357394	0.0	2.008410457693527	1.5142561001499175	0.0	1.9948515250047096	1.3964400866287614	0.0	2.090908146346006	1.2122728618826768	-0.2016	2.1263959383272946	0.9518840224085006	-0.1613	2.183596366300402	0.6891614254587132	-0.12	1.8239278932757481	1.2250695414360906	0.2016	1.7034404246212356	0.9947445027236147	0.1613	1.569255820997648	0.7870252446083523	0.12
248	4.133333333333333	1.9350736082787436	0.8061998741867231	0.0	2.0084859986982453	0.8144988547841192	-0.105	2.0357921855871366	0.4085276419577529	-0.0886	2.0453427957784625	0.03173852079676551	-0.0972	2.015830292495979	-0.008243313086051793	-0.0766	2.0914065996835967	-0.032892470658260724	-0.12	2.0307144108989257	-0.03460247563746202	-0.0883	1.8718413591543424	0.827957846994994	0.105	1.7862135027229749	0.4393809422118518	0.0886	1.6650739909179888	0.10550517000931747	0.0972	1.6936746147741366	-0.0180025074619659	0.0766	1.6573428635823424	-0.0004703922919343795	0.12	1.6289265484971838	0.01968953752112823	0.0883	1.9789633795736508	1.3133129725493322	0.0	2.0142235849220476	1.5127115360330685	0.0	1.9990936270458954	1.3961875929181224	0.0	2.095315840326113	1.2123844509246304	-0.2016	2.137280065966839	0.9525330540333057	-0.1613	2.1874088407324597	0.6881203353952831	-0.12	1.8334811482996118	1.2273160474001599	0.2016	1.7065872044547061	0.9986567484945958	0.1613	1.5732352066394062	0.7906603069967019	0.12
249	4.15	1.9408438122139668	0.8077423966413717	0.0	2.0144151887183157	0.8155608475112566	-0.105	2.0390211622838375	0.40961640744508077	-0.0886	2.0457830512166097	0.035610520172358	-0.0972	2.012655051199677	-0.0073768761797719865	-0.0766	2.0889187876526303	-0.032133816026356066	-0.12	2.0304578032819225	-0.03340292230822	-0.0883	1.8774478438224036	0.8288565272053532	0.105	1.7946547827050907	0.4411853529154251	0.0886	1.6682416784200638	0.11275766766106296	0.0972	1.6906118713805107	-0.014327139697192383	0.0766	1.6550791110114078	-0.0002400443234616828	0.12	1.633705348677041	0.02955341906516666	0.0883	1.9872307878929834	1.3150527987601184	0.0	2.0204603918504658	1.5129810882746537	0.0	2.0048450903439217	1.3977233469666974	0.0	2.1055539320380654	1.212800410332221	-0.2016	2.1437042526646874	0.9530460868003524	-0.1613	2.1875364110156887	0.6895448360547218	-0.12	1.8400803232560456	1.2301528970004514	0.2016	1.7102810130138009	1.00227667555264	0.1613	1.576026147892298	0.7931984036205023	0.12
250	4.166666666666667	1.9495960313875502	0.8078277447935057	0.0	2.0233271122809127	0.8190106634302827	-0.105	2.044634446853195	0.4084753789285231	-0.0886	2.04572434015854	0.036849526626574446	-0.0972	2.011542786715809	-0.0032611013978957534	-0.0766	2.0842396028464187	-0.028731618302941277	-0.12	2.0286634369115464	-0.032579618494623444	-0.0883	1.8860178162392491	0.8308460389026026	0.105	1.8013249092099137	0.4383393675832047	0.0886	1.6741157470309427	0.12570631818911432	0.0972	1.693764532640865	-0.017930301861120563	0.0766	1.66259315303701	-0.0002578132888962706	0.12	1.6359142711444268	0.04532422074594015	0.0883	1.9940277360106469	1.3146931217642492	0.0	2.029030273352159	1.5152636756042865	0.0	2.011360136755139	1.3975754312249207	0.0	2.110488815031247	1.2146546637283573	-0.2016	2.148496782368742	0.9546475037790245	-0.1613	2.202412608463736	0.6909526197972606	-0.12	1.8484706904625716	1.2327847598563069	0.2016	1.719831339360062	1.0090129977588331	0.1613	1.583770586731168	0.7961048457645293	0.12
251	4.183333333333334	1.9565491028898863	0.8080525027268701	0.0	2.0286674045101694	0.8207716439603346	-0.105	2.0487905432677045	0.40904653010574804	-0.0886	2.046631932871051	0.03755745556771427	-0.0972	2.010309623948569	0.0028240191685959468	-0.0766	2.075343878524233	-0.024683618347657577	-0.12	2.0279674912296577	-0.03154909980009313	-0.0883	1.8929477108689743	0.8329995876685289	0.105	1.8103168181169933	0.43844161535622744	0.0886	1.680802239752423	0.1353721504027086	0.0972	1.6952498010014903	-0.02243638079684048	0.0766	1.6632949909830534	-0.0005922650068565724	0.12	1.6418366627775292	0.05773888308895521	0.0883	1.9989114115068594	1.3175812136677152	0.0	2.032303034752663	1.5175115886816284	0.0	2.016475888021625	1.4004908195106445	0.0	2.113202736768537	1.2161600705574251	-0.2016	2.1560484810889853	0.9560668652877727	-0.1613	2.2048573422499462	0.693078034135689	-0.12	1.8533723606125976	1.234576622768412	0.2016	1.7274885958162747	1.0134693329942324	0.1613	1.5901023440439344	0.8013218209901065	0.12
252	4.2	1.9597585178383998	0.8087605924424075	0.0	2.036103455265283	0.8243478523054739	-0.105	2.0517860522874187	0.408984113694912	-0.0886	2.0465217207050066	0.03761337354052024	-0.0972	2.0165811531269564	0.00731677516145382	-0.0766	2.0695300872208864	-0.020344483971824444	-0.12	2.0276481089983878	-0.030607983886093176	-0.0883	1.8981279058535763	0.8359768041572535	0.105	1.8180222152984853	0.4372784866270601	0.0886	1.6883517432252073	0.1459051690557766	0.0972	1.6956814212599738	-0.02256451933246067	0.0766	1.6655455546098126	-0.0008850693510288749	0.12	1.651639768516848	0.07335241247817624	0.0883	2.004085979548184	1.323056066047571	0.0	2.0391994622493175	1.5212155313203595	0.0	2.0236280181191724	1.4052707822252177	0.0	2.118169392627066	1.217588116527067	-0.2016	2.166173443888669	0.9546272352131784	-0.1613	2.2209515123583343	0.6908212567039659	-0.12	1.8604636568293682	1.2377218643833547	0.2016	1.7331817690284559	1.0184387251472626	0.1613	1.5990788772262927	0.8083415480011598	0.12
253	4.216666666666667	1.9688442677003146	0.8099542823176842	0.0	2.04325454562817	0.827503855107169	-0.105	2.055570659007684	0.41111401813743975	-0.0886	2.0463197529436252	0.037147553934994	-0.0972	2.018703599420957	0.010144634473448252	-0.0766	2.0688912888434623	-0.017353382325894836	-0.12	2.0275870163990533	-0.028561518134809123	-0.0883	1.9051140884849107	0.8371041070302595	0.105	1.8299490128934968	0.43722486881188277	0.0886	1.698393125448872	0.1550391813319277	0.0972	1.6979088293768334	-0.02534135089754437	0.0766	1.6706245415209855	-0.001905382943285322	0.12	1.6620342807855355	0.08740651380456135	0.0883	2.0111701115705443	1.3268193863160918	0.0	2.044382020018681	1.5263599703973851	0.0	2.0287679789973296	1.4054593243096827	0.0	2.12541699762286	1.220041303529353	-0.2016	2.176131751413793	0.9562583317319315	-0.1613	2.226754116741544	0.6918063729442816	-0.12	1.8675744684200728	1.2406778179876405	0.2016	1.7447666862044362	1.0215828325743597	0.1613	1.6094546685753752	0.8126120556278665	0.12
254	4.233333333333333	1.9745634083713284	0.8138711296919805	0.0	2.046342055869189	0.8286384528737597	-0.105	2.061187892995422	0.4127773449515977	-0.0886	2.0463962501122923	0.03779921407999474	-0.0972	2.0196292532300646	0.010839954474216706	-0.0766	2.0681784662225198	-0.016376939901632144	-0.12	2.0285257902986795	-0.027165203501807997	-0.0883	1.9107546997802545	0.8386949832443634	0.105	1.8382914023362473	0.43789397337855973	0.0886	1.7139687245634447	0.17010745420047166	0.0972	1.7035534603268978	-0.02389978038248762	0.0766	1.6743991171882102	-0.00048631642672526676	0.12	1.6754510036872536	0.10524817109424998	0.0883	2.0165188845867594	1.3297063957257103	0.0	2.0495278298215287	1.5282445593019072	0.0	2.0344141342653526	1.407521369106396	0.0	2.131165304065846	1.2211136731488568	-0.2016	2.181819742313188	0.9604468559150723	-0.1613	2.231572313644043	0.6949882288336731	-0.12	1.8728246719740247	1.2424738018732833	0.2016	1.7530280192038796	1.023795986905502	0.1613	1.621526675676408	0.8140327343118459	0.12
255	4.25	1.9805753845367169	0.8154894081434327	0.0	2.0498111971273714	0.8291008338049194	-0.105	2.0650509902964997	0.41319992636923697	-0.0886	2.0467217806729012	0.039151047135530415	-0.0972	2.0159982814107695	0.011444969984048675	-0.0766	2.0662844375169978	-0.01403012603869919	-0.12	2.0324047168086046	-0.025460362053802258	-0.0883	1.918744246846666	0.8384425400230077	0.105	1.8495778511318095	0.44041855921117196	0.0886	1.7289510181626617	0.18965601059792733	0.0972	1.7107472023818433	-0.021222904611872543	0.0766	1.6789657307336114	0.006735701298583308	0.12	1.6929548826976135	0.129640686867735	0.0883	2.0205760675010214	1.3314941758471717	0.0	2.053732504441049	1.5328856199962797	0.0	2.0424941203826834	1.4090429464814485	0.0	2.1390838960948213	1.22259686429588	-0.2016	2.1877157213823506	0.96164097125543	-0.1613	2.2310692366402836	0.6968652019953745	-0.12	1.8768789231682708	1.246573192335163	0.2016	1.7599331334439805	1.025422079583349	0.1613	1.6334096956447421	0.8125921711460503	0.12
256	4.266666666666667	1.986276451811483	0.8197369619784818	0.0	2.0554376792204465	0.8305224900710754	-0.105	2.0670187213600597	0.41376814428020536	-0.0886	2.046802860251075	0.040401612679065994	-0.0972	2.022314823401238	0.01137567652528472	-0.0766	2.0633465957420016	-0.012556999379087063	-0.12	2.03392748969756	-0.024518428590395273	-0.0883	1.921963250316293	0.8381428519618432	0.105	1.8599197881525877	0.44447313158224816	0.0886	1.744047815423999	0.19623405087400156	0.0972	1.7184341934169645	-0.016483116452660714	0.0766	1.690288983842972	0.014338334789791338	0.12	1.712954648778664	0.13587029207996407	0.0883	2.0283948740767976	1.335774562525616	0.0	2.0612317367211492	1.535758554464552	0.0	2.048003841709014	1.4135529262509576	0.0	2.14356516077837	1.2258652233830056	-0.2016	2.196976975771068	0.963860237014897	-0.1613	2.2444805497129745	0.7002147370372309	-0.12	1.881953678451644	1.2501584564868842	0.2016	1.7693406358842965	1.027667496302529	0.1613	1.6501640709363887	0.81477907594635	0.12
257	4.283333333333333	1.9904703125548517	0.8226152171964201	0.0	2.058000187262169	0.8319187396607638	-0.105	2.0706087499167203	0.41554255426196574	-0.0886	2.0469531947051887	0.04119545065113535	-0.0972	2.029949824505605	0.010388043876545683	-0.0766	2.0626389937195495	-0.012680641374110443	-0.12	2.0349901772986443	-0.024161869581423048	-0.0883	1.9257137300188014	0.8379751571064996	0.105	1.8689118958590556	0.44574292350233446	0.0886	1.7605222088726427	0.2061279581708435	0.0972	1.7316097156491215	-0.007647759441442789	0.0766	1.701625990185012	0.024230732134091618	0.12	1.7322644992709815	0.14413993659618454	0.0883	2.0329147652093744	1.3400993493288376	0.0	2.063779097179644	1.5370561538878227	0.0	2.0488154276201342	1.4181420194718852	0.0	2.1482682286046186	1.2277577360548202	-0.2016	2.2043967101058874	0.9656365491444114	-0.1613	2.252125299376676	0.7016501712314572	-0.12	1.8876106589198482	1.2520358460334262	0.2016	1.7778766694112604	1.0285210183215245	0.1613	1.6594160072105775	0.8134721553258702	0.12
258	4.3	1.9946038265584947	0.8235133299636582	0.0	2.0654825369803103	0.8295477870708822	-0.105	2.072109054563543	0.4159802493493204	-0.0886	2.047277417267147	0.04233898199912256	-0.0972	2.031161377273415	0.010153417862952936	-0.0766	2.063741941276902	-0.014832026675588347	-0.12	2.0352895062999217	-0.024254632475706313	-0.0883	1.9301621515801293	0.836770918421595	0.105	1.878712762936868	0.449661726539491	0.0886	1.7767414006419648	0.214671980433017	0.0972	1.7364410508488808	-0.0010846270657302176	0.0766	1.708776775522407	0.03486443615671342	0.12	1.7561802681883592	0.15508815762535316	0.0883	2.0370414368929577	1.342906547551879	0.0	2.0677082655868797	1.5405676962376964	0.0	2.0558823800934083	1.420787029964086	0.0	2.153856822743688	1.229174497579526	-0.2016	2.2099808715657447	0.968820773496574	-0.1613	2.255826443273406	0.7084424965048833	-0.12	1.8904813979213273	1.2522373177289887	0.2016	1.7860980412250933	1.028790546667795	0.1613	1.671089537380222	0.8125832079119883	0.12
259	4.316666666666666	1.9991842691471509	0.8240139941853504	0.0	2.06660842119394	0.8296722016635285	-0.105	2.0745385017128477	0.41383983945140435	-0.0886	2.0469645267059717	0.041586046956018405	-0.0972	2.034693754504834	0.008361497130276355	-0.0766	2.076886741792337	-0.015338083421344038	-0.12	2.034483866236281	-0.024784121407853164	-0.0883	1.9343549555269386	0.8359430964969403	0.105	1.8836180476391942	0.4519836716917075	0.0886	1.791128330660898	0.221238489355636	0.0972	1.7497466074422847	0.002518783240181413	0.0766	1.7220992458431932	0.03676832549226604	0.12	1.773351549975112	0.16371037148215276	0.0883	2.0420748401654225	1.3474437148226024	0.0	2.07222785007288	1.5420175228429038	0.0	2.0568580177639952	1.4218354099908812	0.0	2.159893454437321	1.229670736434451	-0.2016	2.218370362262464	0.9709981051301673	-0.1613	2.2681741322862647	0.7133211094638126	-0.12	1.8941447624416223	1.2534896419491917	0.2016	1.7926253211052061	1.0275116941874323	0.1613	1.684296689916043	0.8105959514332756	0.12
260	4.333333333333333	2.001579163886902	0.8248921465978257	0.0	2.0709829434667855	0.8289437822658033	-0.105	2.076706546904411	0.41234401725425973	-0.0886	2.0469446027272915	0.041159071010416895	-0.0972	2.0364317110080807	0.008152695073970123	-0.0766	2.0794989212197867	-0.015652644404207997	-0.12	2.0341976064174556	-0.025059235808495194	-0.0883	1.9365701955775358	0.8364835586240599	0.105	1.8925685852530554	0.4537177897072517	0.0886	1.8055025020529865	0.22323412817585475	0.0972	1.7640775146602785	0.004293802270818041	0.0766	1.736283888176017	0.038662867272571316	0.12	1.7903078516823443	0.16549956768108645	0.0883	2.046490224499254	1.3484375506683086	0.0	2.074197458191203	1.5430891127846287	0.0	2.059226096777484	1.4229438009205917	0.0	2.1672026368678727	1.231342194449944	-0.2016	2.2237915887343354	0.9710766520826546	-0.1613	2.2695582906623546	0.7151030537642747	-0.12	1.895889376015343	1.2537719156720166	0.2016	1.8013549530601969	1.0262620960360445	0.1613	1.693515374399934	0.8102388102641277	0.12
261	4.35	2.0068500792772896	0.8256466372651476	0.0	2.075722808624428	0.8290101622751731	-0.105	2.079023749103159	0.41219288768289786	-0.0886	2.046705485807383	0.04101171676756079	-0.0972	2.0347458055463252	0.00818248554823902	-0.0766	2.0793049230642073	-0.017016514431265256	-0.12	2.035179949682591	-0.025501714174134812	-0.0883	1.9419779509722204	0.8371952562048189	0.105	1.89971040244756	0.45589438194339976	0.0886	1.8208021274823165	0.2231941694997371	0.0972	1.777849014522319	0.010339542073232434	0.0766	1.7502625032062573	0.0421180404694111	0.12	1.8082264774190866	0.16379388289703922	0.0883	2.0495486784146615	1.348960851857501	0.0	2.075209326458817	1.5442167688308848	0.0	2.063619375850612	1.4251090515648592	0.0	2.171646284217968	1.2325675739017434	-0.2016	2.229684425107818	0.9713758956628313	-0.1613	2.2740070391659066	0.7176653345587034	-0.12	1.8980641196221988	1.2546560553457224	0.2016	1.8092770565449643	1.023647175014245	0.1613	1.7051718104105031	0.8069429234100649	0.12
262	4.366666666666666	2.010992601514113	0.8251197198723306	0.0	2.0797170021498514	0.8303052913401228	-0.105	2.0826480121919366	0.41257242081497614	-0.0886	2.046298423113957	0.03995752350495029	-0.0972	2.033165821426323	0.008298994544912244	-0.0766	2.0828704293043585	-0.018223066013966147	-0.12	2.035927501223433	-0.025113826149488237	-0.0883	1.9418314122862868	0.8365258301807464	0.105	1.9085982428314947	0.45854506646728255	0.0886	1.8325612719421938	0.21716253905669275	0.0972	1.7968828073025886	0.010044889010473866	0.0766	1.7692404178331416	0.04275720679966406	0.12	1.820190595349114	0.15985550327929024	0.0883	2.0531764061876614	1.3485673339921307	0.0	2.077910766049754	1.5446217657916044	0.0	2.0655163834313224	1.4262457651624219	0.0	2.1778027111197735	1.2322592749391459	-0.2016	2.2362859788947413	0.970238665223857	-0.1613	2.289522290968609	0.7210510875006892	-0.12	1.9013636754192893	1.252931529027891	0.2016	1.8157766979936696	1.0219318388755485	0.1613	1.7188880706445668	0.8031555315520514	0.12
263	4.383333333333333	2.015526987217719	0.825082784296279	0.0	2.0824074365066707	0.8289221974872385	-0.105	2.085265505727783	0.41294757971098045	-0.0886	2.047261911480902	0.03969840810483232	-0.0972	2.0308008004444127	0.009320304346449183	-0.0766	2.085256557182111	-0.019468943566048107	-0.12	2.036200071843643	-0.0251650950063104	-0.0883	1.9455318400484243	0.834897137571357	0.105	1.9153673726034954	0.45951927980112545	0.0886	1.8464298132821568	0.213477075282248	0.0972	1.8111661314693448	0.008242854239724269	0.0766	1.783380870563415	0.04080894844954581	0.12	1.8365285504928053	0.15590028576756138	0.0883	2.0554104578229433	1.348848889637507	0.0	2.0785539076752406	1.546179273153093	0.0	2.067671763360074	1.426552269704372	0.0	2.1808800684318976	1.2323502592582631	-0.2016	2.242092093790819	0.9704869369011773	-0.1613	2.2943529314857862	0.7232175989258811	-0.12	1.9029046072897666	1.2534159857793248	0.2016	1.8218335298504504	1.0189417238127418	0.1613	1.7275238337318393	0.799185974688812	0.12
264	4.4	2.019987431894275	0.8257640517792317	0.0	2.086725151136312	0.8278402685962637	-0.105	2.0875557000826124	0.41339810450559444	-0.0886	2.047475169035716	0.03952136121706835	-0.0972	2.023951942063038	0.01086345877977081	-0.0766	2.084708896474008	-0.019496670635416435	-0.12	2.0363868030655414	-0.025254337744236518	-0.0883	1.949816063239457	0.8338316622876359	0.105	1.9221435677379026	0.4607342713699741	0.0886	1.8608635277331453	0.208912520680089	0.0972	1.8281182447531428	0.005849102241042285	0.0766	1.8027729455694235	0.03621801731025482	0.12	1.8534225436019993	0.14900525006077794	0.0883	2.0573464218187425	1.3500421456840084	0.0	2.0797406117616792	1.5476012854577998	0.0	2.0696434811729576	1.4268732182690318	0.0	2.1832545726493384	1.2335368336880705	-0.2016	2.2467908721908083	0.9714059346229216	-0.1613	2.2979722280147143	0.7246548227375104	-0.12	1.9046938190857297	1.2528498208595344	0.2016	1.828656744861021	1.01735044103514	0.1613	1.739052654331126	0.7970583678729082	0.12
265	4.416666666666667	2.024981414680363	0.8254831801097164	0.0	2.0916965192080346	0.827140472022692	-0.105	2.0918514230299543	0.4137180210402678	-0.0886	2.048630020182094	0.038533116456349284	-0.0972	2.020294903765052	0.013135051474828699	-0.0766	2.081203787907427	-0.0184690806411341	-0.12	2.0371736205724145	-0.026063240025888754	-0.0883	1.9548250768758584	0.833099483592851	0.105	1.9276039421516549	0.4624314221965373	0.0886	1.873714177444541	0.19577055554052003	0.0972	1.8415893796973561	0.0035861900190781934	0.0766	1.821022085437748	0.029266910207571266	0.12	1.8663582770321687	0.13539930427041424	0.0883	2.059560050075521	1.3511959963982134	0.0	2.0802127799280226	1.5484027184662619	0.0	2.071761152194222	1.4281149550145777	0.0	2.1880396426139352	1.234461990360363	-0.2016	2.251988556373328	0.9719653965272389	-0.1613	2.299871467272578	0.7246690557545936	-0.12	1.9072402664720958	1.2521923795746375	0.2016	1.8363329177824275	1.0156798793755897	0.1613	1.747342386060571	0.7963118432446098	0.12
266	4.433333333333334	2.0278918584545442	0.8244330017786611	0.0	2.0948020318835927	0.8261182232035235	-0.105	2.093021422456482	0.41357958353518925	-0.0886	2.0491482712908105	0.036148392832842186	-0.0972	2.0197504023719475	0.014090813352857397	-0.0766	2.0710422263550434	-0.017316201013747146	-0.12	2.0372177606767865	-0.02777928163599935	-0.0883	1.957763942417547	0.8319172033487698	0.105	1.9326659285536039	0.46066040692944077	0.0886	1.8839106182438434	0.1863348156181503	0.0972	1.8571911503653313	0.0007541862214393569	0.0766	1.8363547875977375	0.0228046793848269	0.12	1.8766195089317446	0.12560743958045237	0.0883	2.060379950833227	1.3511897744205674	0.0	2.0806084725488763	1.5471969973783253	0.0	2.0725723358347956	1.4271720514476407	0.0	2.1913678492219613	1.2345220075361873	-0.2016	2.2576737983363895	0.9729329887917509	-0.1613	2.301138557366453	0.7237707854811726	-0.12	1.90918777288095	1.2516771611732833	0.2016	1.841277815580528	1.0133615282907529	0.1613	1.754859568136227	0.7965505015137878	0.12
267	4.45	2.0303603715134533	0.8231683192643569	0.0	2.0974076835833735	0.8248148153515947	-0.105	2.0950904537826807	0.4113004666557472	-0.0886	2.0494399839422672	0.03453652148949067	-0.0972	2.01969425701929	0.014366195845174151	-0.0766	2.067195426428125	-0.015579390505777217	-0.12	2.037500816955892	-0.028806486226678044	-0.0883	1.96199112912271	0.8296628308731218	0.105	1.9372640304314785	0.4571695016814515	0.0886	1.896078517507752	0.1748390367196926	0.0972	1.8827588966663487	-0.0024735295801555993	0.0766	1.853675429536334	0.017762643231629044	0.12	1.891242794846774	0.12069180017235047	0.0883	2.0622658294057676	1.3504835477822148	0.0	2.081282476956334	1.5468334852426202	0.0	2.073858177883386	1.4269504666580892	0.0	2.1942081905572124	1.2345861921270325	-0.2016	2.2606666995907796	0.9734344354647224	-0.1613	2.3033318632095137	0.7287484836528421	-0.12	1.9092690784590503	1.2507290712699364	0.2016	1.8457089217803724	1.0096615628153265	0.1613	1.7643272822420257	0.7951714973136318	0.12
268	4.466666666666667	2.0346621741362148	0.8221929325412188	0.0	2.101683929550211	0.8222723844774797	-0.105	2.0969299461742463	0.40832524838325335	-0.0886	2.0501360862434317	0.03411093341597449	-0.0972	2.0204572416294906	0.014709713281169684	-0.0766	2.0672239964506707	-0.014444019070594765	-0.12	2.0369192019826516	-0.029212580183367427	-0.0883	1.9642763639911425	0.8249434249284181	0.105	1.9419644846186253	0.4560193746278372	0.0886	1.9106121621256715	0.16314466953243695	0.0972	1.920093023848265	-0.004773424403002137	0.0766	1.8711146973951744	0.015116672043694747	0.12	1.9035863409573814	0.10391130409008081	0.0883	2.0635823685040973	1.3495844890799962	0.0	2.0810367039814435	1.54739407133337	0.0	2.0739177014660646	1.427563463637471	0.0	2.198159694058501	1.2352166643229667	-0.2016	2.264719194705093	0.9737655825791139	-0.1613	2.3050609932889037	0.7357734341163712	-0.12	1.9108634869007401	1.2487487531235313	0.2016	1.8502095520375614	1.0074622187983437	0.1613	1.7736491280885538	0.7920752157566738	0.12
269	4.483333333333333	2.0386042268399853	0.8214022938297375	0.0	2.1057533982984293	0.8204515196863007	-0.105	2.098669193357616	0.40734593581251316	-0.0886	2.0502836085458327	0.032525620457730074	-0.0972	2.0196130300923327	0.016363457280059654	-0.0766	2.0679239824642974	-0.012085286091354702	-0.12	2.036881072942106	-0.029028345315288702	-0.0883	1.9680683691890375	0.823402078003955	0.105	1.9481649175459832	0.4560905744158449	0.0886	1.9219200245979267	0.14981349529344798	0.0972	1.934915730000524	-0.006965017243058723	0.0766	1.885178258711265	0.012804354116704789	0.12	1.9197504882495127	0.08483371731716091	0.0883	2.0632826772565185	1.3496617480367845	0.0	2.0808497549209894	1.5476625277998277	0.0	2.0745279785737587	1.428161479703724	0.0	2.199974546905728	1.2355831817689933	-0.2016	2.266844570966691	0.9751608491273442	-0.1613	2.3064971869940005	0.7448674404445945	-0.12	1.912018581537812	1.248089189817691	0.2016	1.853745321216511	1.0045060956956038	0.1613	1.7773354213717047	0.788823297986932	0.12
270	4.5	2.042749988235211	0.8203821114076667	0.0	2.109995978710096	0.8189178291791236	-0.105	2.1019380774348217	0.4025632033985861	-0.0886	2.0509263093888475	0.029316648950875303	-0.0972	2.0183893942821873	0.015490305537992022	-0.0766	2.0674308450850534	-0.010475553753150096	-0.12	2.037312016360793	-0.028917614320528032	-0.0883	1.9740585429505153	0.8235912574252234	0.105	1.9543543058825807	0.45350273981695627	0.0886	1.9331683350203277	0.13192073775491447	0.0972	1.9489122181582201	-0.006106919482381776	0.0766	1.899304418767781	0.01074636192421529	0.12	1.9360316487327331	0.06838664473308062	0.0883	2.0648026692280554	1.3502552126333862	0.0	2.081557794789215	1.5468717714166043	0.0	2.0744991356444147	1.4292205413297896	0.0	2.2017982934252505	1.236299269566179	-0.2016	2.2707676436672255	0.9735384264502781	-0.1613	2.3058975783862814	0.7430165879951094	-0.12	1.9135626495535114	1.2480454676277364	0.2016	1.8573795685980623	1.0007823314134583	0.1613	1.781230825056429	0.7863084953718708	0.12
271	4.516666666666667	2.048507190850759	0.819042974260388	0.0	2.115895894466799	0.8186956152886342	-0.105	2.1036428583536244	0.4021956488408103	-0.0886	2.051814559152001	0.02710980971607646	-0.0972	2.0146975523182737	0.0139545368583689	-0.0766	2.0677620762595095	-0.011383686093636644	-0.12	2.0380737801708695	-0.029908994148026797	-0.0883	1.9780270764257473	0.823980712708513	0.105	1.9583161279893286	0.4506029118136636	0.0886	1.944135740256499	0.11661347625218263	0.0972	1.9573506471110722	-0.002651967078434188	0.0766	1.91272963947822	0.009736903124674887	0.12	1.9472580256785943	0.050645246681206894	0.0883	2.0675482137142986	1.3493326112404922	0.0	2.082311465107046	1.5458059487904305	0.0	2.0756833068499234	1.4302216900608284	0.0	2.2050615572196985	1.237085974307402	-0.2016	2.2746360308662807	0.9732567797026148	-0.1613	2.3070661697842607	0.7550605903789804	-0.12	1.9166399521777917	1.2474458050925112	0.2016	1.860759913871521	0.9985599914595076	0.1613	1.7869158761770898	0.780254092093361	0.12
272	4.533333333333333	2.052295989498228	0.8184227168190396	0.0	2.1198424090248897	0.8186352799611174	-0.105	2.1070825477261814	0.40375584378047524	-0.0886	2.05281517064536	0.027930707389587868	-0.0972	2.012764417201433	0.012657086681113358	-0.0766	2.067210819994107	-0.012343021076878881	-0.12	2.0390871941893303	-0.02934224736179413	-0.0883	1.9836664297768152	0.824078108337582	0.105	1.966439793878708	0.4476870699015657	0.0886	1.9548725918509953	0.09118094601062612	0.0972	1.9587467839811672	0.004668987326081599	0.0766	1.9190294023857002	0.007473228862872203	0.12	1.9603192098583622	0.020728156567457696	0.0883	2.068696897086447	1.348452816633407	0.0	2.0830051109008285	1.545101601631363	0.0	2.077119877766961	1.4311039571166173	0.0	2.2069282451268015	1.2379618792337814	-0.2016	2.278868046329619	0.973608523953632	-0.1613	2.3082265599522485	0.7663360924575306	-0.12	1.9194035902742776	1.2463489858074803	0.2016	1.8643238296469207	0.9968609413262641	0.1613	1.7924646663164894	0.7775710417205336	0.12
273	4.55	2.0555481660017008	0.8180287803437001	0.0	2.12306386208244	0.8172362713805063	-0.105	2.110003342125236	0.40478097151372283	-0.0886	2.053388528096883	0.028964518390034444	-0.0972	2.0115142461396855	0.00987641942670088	-0.0766	2.0670101797963047	-0.010987054181244703	-0.12	2.039961221296763	-0.028563239525618348	-0.0883	1.9870880966888826	0.8226899445852718	0.105	1.9720881471646667	0.4416823895476067	0.0886	1.9654528571676482	0.07752236332727105	0.0972	1.9616920093874708	0.009965993809238106	0.0766	1.927089510528914	0.007936857157397281	0.12	1.970862591913534	0.008918842083721623	0.0883	2.069442062064144	1.3483472498936677	0.0	2.0831850148732283	1.5451383388286724	0.0	2.076884810494774	1.4302290008225367	0.0	2.2098764848701027	1.2384855320050123	-0.2016	2.2838293949584405	0.9729662890506946	-0.1613	2.3065330373883266	0.7753606452578351	-0.12	1.920126577672164	1.2458098112084948	0.2016	1.8698216799522307	0.9964916321314343	0.1613	1.7965089294935825	0.7768276879753997	0.12
274	4.566666666666666	2.0593575619223183	0.8159825996215099	0.0	2.126645988816249	0.8147033562887346	-0.105	2.1115960492068497	0.40589710052819467	-0.0886	2.053283298170663	0.030233045570500203	-0.0972	2.016064757007493	0.006184343535398325	-0.0766	2.0663273733725527	-0.013352163358551987	-0.12	2.04110212828938	-0.027547638397167874	-0.0883	1.9911289774786203	0.8198961109900583	0.105	1.9765959361186982	0.43855286203302823	0.0886	1.9749279626254082	0.07244814885118873	0.0972	1.961666414826963	0.01611963220661919	0.0766	1.932263345945032	0.01063704937248841	0.12	1.9779747931767466	0.005872173516316269	0.0883	2.0704771622554645	1.3477714763751878	0.0	2.082490723347282	1.5455371052695608	0.0	2.0773108982512456	1.4305734323712274	0.0	2.212560130341843	1.2387329850003215	-0.2016	2.284951408173453	0.9729792964690736	-0.1613	2.30460737992081	0.7827357343431961	-0.12	1.9202881568574286	1.2440115767766824	0.2016	1.8743912834413643	0.9932434146442404	0.1613	1.805497938171238	0.7700007651206238	0.12
275	4.583333333333333	2.061598450075845	0.8148076252042454	0.0	2.1289878458071287	0.8150829628356058	-0.105	2.113308376574219	0.40580055291306993	-0.0886	2.0541659660237324	0.029421328770915134	-0.0972	2.018315960174946	0.003628730119534185	-0.0766	2.0675670796601886	-0.015396448074206915	-0.12	2.0415063476269744	-0.02770488914016872	-0.0883	1.9933417383638172	0.8187280428977659	0.105	1.9811299423935396	0.4364272856787134	0.0886	1.9822393185339127	0.0665452835584606	0.0972	1.9686481587600253	0.016094807894624807	0.0766	1.9441638434347892	0.010521539764634429	0.12	1.985053676899029	0.000254548659720355	0.0883	2.0707712681781403	1.3462381055821337	0.0	2.0818731513456368	1.5443896439282359	0.0	2.0772922272275234	1.4288500235738253	0.0	2.2125700672260815	1.2396454721886583	-0.2016	2.2868877029345764	0.9726242130975602	-0.1613	2.302583687238486	0.7920360750728868	-0.12	1.9218880574717854	1.242693879012799	0.2016	1.8767310466764624	0.9919436152411869	0.1613	1.807789882367326	0.7681516820021346	0.12
276	4.6	2.063838947626234	0.8157652999381133	0.0	2.1312671060216704	0.8166832222828332	-0.105	2.113273318247263	0.4050661113222805	-0.0886	2.054072288521866	0.02769489592964721	-0.0972	2.0193751663941715	0.0021943262118626974	-0.0766	2.068805217118426	-0.017025152394602113	-0.12	2.04278511893184	-0.0287484245781316	-0.0883	1.9958447284628695	0.8203344950523778	0.105	1.9855946270412823	0.4338514185829076	0.0886	1.9918353382229013	0.06435257473424913	0.0972	1.9781892000272667	0.018345870515632114	0.0766	1.953976215990067	0.012081962190642413	0.12	1.992263658127643	-0.0034906645119148205	0.0883	2.072048346321127	1.3447964833113937	0.0	2.0811562248192272	1.5441732172412164	0.0	2.0773912959950356	1.4276137761881134	0.0	2.2123437610273102	1.2390714670008878	-0.2016	2.28702186575666	0.972590151791405	-0.1613	2.3034195155621036	0.8007062028239298	-0.12	1.9236612730633738	1.240880527400426	0.2016	1.880213927431348	0.9917122208037551	0.1613	1.810376168755669	0.7679016238428483	0.12
277	4.616666666666666	2.0671658393107313	0.8147471641033764	0.0	2.1343783801463356	0.8157738155011874	-0.105	2.1140327534421552	0.40196473183997156	-0.0886	2.0534073188879383	0.024962204823720788	-0.0972	2.0158942403247075	0.0026461449028542527	-0.0766	2.0680907757289964	-0.01827914785232033	-0.12	2.0436302812673888	-0.03138020375486329	-0.0883	2.0014580004186815	0.8203659643816509	0.105	1.9895170172542895	0.42893141751241226	0.0886	2.0008048813589547	0.0634370237661592	0.0972	1.9849082565792204	0.02001080132482009	0.0766	1.9631370944460969	0.01504158181807505	0.12	2.001174964748594	-0.002170610344583941	0.0883	2.0726136543684657	1.343680964136345	0.0	2.0800750612181154	1.5431470970269114	0.0	2.0775665269215877	1.4271098281380694	0.0	2.2130028643477657	1.2391276427267268	-0.2016	2.2898959885801027	0.9718320063742897	-0.1613	2.3000604813777907	0.806064013882366	-0.12	1.925111381953523	1.237282149015083	0.2016	1.8800380451126664	0.9871264983430986	0.1613	1.8163189801106072	0.7635595286033978	0.12
278	4.633333333333333	2.068801286554666	0.8149044296257989	0.0	2.1356897705662328	0.816045911127451	-0.105	2.1149358225330968	0.3986319386701576	-0.0886	2.0535155588391434	0.024115265060132646	-0.0972	2.0139404456527172	0.002187696417262283	-0.0766	2.0654286424021553	-0.0196621480145496	-0.12	2.0429460249271414	-0.03419754439436296	-0.0883	2.003299058686134	0.8195827028460462	0.105	1.9933614447238	0.4225310460075359	0.0886	2.007382256247862	0.06346479507100491	0.0972	1.9912586842125186	0.02076803540875826	0.0766	1.9697785023971308	0.017804316123650347	0.12	2.007568869621863	-0.0014212576014585934	0.0883	2.0721576676458073	1.3404276174621137	0.0	2.0791445931459758	1.5409921657175192	0.0	2.0776520141057837	1.4262281259456155	0.0	2.21395129344711	1.238129905335403	-0.2016	2.2932826938465896	0.9705237396083464	-0.1613	2.2968368698215116	0.8150354666267534	-0.12	1.925972781789142	1.2350542982754327	0.2016	1.8811515668692353	0.9851812379445484	0.1613	1.8179432358434688	0.7619825492553116	0.12
279	4.65	2.072476831454987	0.8139495107548269	0.0	2.1376090538084505	0.8150470386208655	-0.105	2.1161632229441487	0.39724839929157924	-0.0886	2.0532604419194715	0.023516304132792633	-0.0972	2.0147125282271263	0.0041467596560929715	-0.0766	2.0663592610616885	-0.01925681709905349	-0.12	2.04219933253071	-0.03529941452537753	-0.0883	2.0066686258524222	0.8180975171672104	0.105	1.9996463434364073	0.41770617941523724	0.0886	2.0162947419003654	0.06613546112206134	0.0972	1.9982462852577705	0.023642987053476457	0.0766	1.9794292600410333	0.027521767703336704	0.12	2.01407162448468	0.004378913043889682	0.0883	2.0727288646165607	1.33830125912302	0.0	2.079065453605593	1.5389310404524463	0.0	2.077204098492404	1.4250011413124046	0.0	2.2154895528066763	1.237220776579495	-0.2016	2.2971087758266293	0.9685595836773384	-0.1613	2.2952501409267336	0.820210584332268	-0.12	1.925489749855036	1.2332127127899446	0.2016	1.882353845080667	0.9836934949261649	0.1613	1.8192558714267488	0.7605276053115131	0.12
280	4.666666666666667	2.075301726192543	0.8095123845696097	0.0	2.1421826972434928	0.8084569005779515	-0.105	2.1167057985938675	0.39424031254140296	-0.0886	2.054270086544274	0.02265780373484745	-0.0972	2.0176410189325233	0.00501258435422175	-0.0766	2.0734275405580505	-0.01960420134889179	-0.12	2.0420363510524417	-0.03461806825393325	-0.0883	2.0074104511926416	0.8113369052114989	0.105	2.0050336802147686	0.4159187085363198	0.0886	2.021968871023115	0.07642460568343017	0.0972	2.010998633925455	0.03575937361012236	0.0766	1.9948111156575474	0.04921519915488867	0.12	2.0175293098216738	0.017715145248575898	0.0883	2.0726614050884353	1.3348861213640413	0.0	2.0779407584995524	1.5353985672909745	0.0	2.0769712008515873	1.4232976369286692	0.0	2.217658606918363	1.2361400571722132	-0.2016	2.299894705386961	0.9659211424457241	-0.1613	2.2935460044649703	0.8315069143393342	-0.12	1.925614072914629	1.226067099701798	0.2016	1.882401803856317	0.9785962044643062	0.1613	1.8195959226551717	0.754954162327729	0.12
281	4.683333333333334	2.079158170841503	0.8069315868935686	0.0	2.145633965231372	0.8054473888304359	-0.105	2.1197024579374637	0.3950468210308839	-0.0886	2.054440641934575	0.02353183161433923	-0.0972	2.0196938234536685	0.004087488502774808	-0.0766	2.076605201522044	-0.019099517008208076	-0.12	2.042754493464784	-0.03345051715634197	-0.0883	2.0113057728338446	0.8085079508810041	0.105	2.011843525079011	0.41682157802185466	0.0886	2.029211987084015	0.08279048193776123	0.0972	2.0205246922444418	0.04079994441593179	0.0766	2.0044628294676703	0.05649699098665802	0.12	2.0267620765348386	0.024099360121817452	0.0883	2.0723005288790057	1.3315951706542408	0.0	2.0771370892015155	1.5314386539958458	0.0	2.076697867725838	1.4201833430567583	0.0	2.218789435724423	1.2343024298688459	-0.2016	2.3030665097242986	0.9642453325974697	-0.1613	2.2890165349684057	0.8360208171353569	-0.12	1.927477776300794	1.222589954465465	0.2016	1.8826164061185549	0.9762307627064776	0.1613	1.8215723918918787	0.7496259232595087	0.12
282	4.7	2.0820951738217883	0.8038199153791533	0.0	2.146392305833859	0.8016963019362331	-0.105	2.1203644520231593	0.39579363036790227	-0.0886	2.0561419225533566	0.02585232371607181	-0.0972	2.029086450341297	0.0039575354635869794	-0.0766	2.0801694308224885	-0.01920057477255967	-0.12	2.043132025887011	-0.03221618954767774	-0.0883	2.0147521174489444	0.8048184142886217	0.105	2.017680013921214	0.41997954964872475	0.0886	2.03947625222285	0.08741862824047057	0.0972	2.025985818386583	0.03919922680353862	0.0766	2.0100716834144405	0.05669858569104899	0.12	2.034632827735488	0.025204722998311446	0.0883	2.072691651936449	1.3289089640240987	0.0	2.076397347846114	1.5283055596938133	0.0	2.076683272358331	1.417302703126843	0.0	2.2195743232222496	1.2317580051311956	-0.2016	2.305382793703238	0.9626359260587698	-0.1613	2.285059344751235	0.84309880097342	-0.12	1.930111982157475	1.2203517617768729	0.2016	1.8853252803544192	0.9742827403694057	0.1613	1.822697343666857	0.749970814741938	0.12
283	4.716666666666667	2.0847132103038124	0.8006936153227525	0.0	2.148331480265913	0.7941446188383838	-0.105	2.1204927040919253	0.39705551580913095	-0.0886	2.056819189411526	0.027222817843741885	-0.0972	2.0495050301352498	0.003185069244055448	-0.0766	2.0860010441938375	-0.01830290840590459	-0.12	2.042386914885302	-0.02918998853373985	-0.0883	2.019681696529629	0.7973169757616513	0.105	2.0235526747356847	0.4217389926771479	0.0886	2.0453222752670612	0.0951739437040328	0.0972	2.0267901166524815	0.03300389553414103	0.0766	2.0138484545395987	0.07136441725966963	0.12	2.0384995848404297	0.03000648189511914	0.0883	2.073661100639923	1.3237486735203479	0.0	2.074991763557681	1.5238573422132609	0.0	2.076652485614505	1.4130869001510533	0.0	2.2224351641325133	1.2282033620124155	-0.2016	2.30678047405324	0.9602561685689316	-0.1613	2.279452315305054	0.8481280344169811	-0.12	1.931205843428952	1.2152162988123232	0.2016	1.886844723172925	0.9663895414390321	0.1613	1.8240410897022687	0.7455217762773493	0.12
284	4.733333333333333	2.0872005276845322	0.7977076666672641	0.0	2.1506241468667064	0.7883508689453732	-0.105	2.121965196768805	0.3974847360146092	-0.0886	2.0568508812790034	0.030371828023810735	-0.0972	2.046179017999534	0.002446758699704142	-0.0766	2.0831561309524185	-0.017146039719041894	-0.12	2.042872418072842	-0.027197290152332364	-0.0883	2.022456526048807	0.7912748548504879	0.105	2.030517966715544	0.420381496350872	0.0886	2.051455916975985	0.09894918043845496	0.0972	2.034264270712983	0.03305772458592685	0.0766	2.022286870146707	0.0692211549047837	0.12	2.0502689851056877	0.02931102536690585	0.0883	2.0727433671676465	1.3213601747199684	0.0	2.0743301759599295	1.5208842587860032	0.0	2.076583095239447	1.409127207317802	0.0	2.2226129294817785	1.2245908884846237	-0.2016	2.3088537548203854	0.9606651549340035	-0.1613	2.2779012253560253	0.8577085382192636	-0.12	1.9311939127545463	1.2095502100877498	0.2016	1.8889434411335109	0.9605950425380376	0.1613	1.8243109147502736	0.7404970284876804	0.12
285	4.75	2.0908293016458495	0.7954930229330518	0.0	2.154126498339602	0.7849829987756226	-0.105	2.121605586851469	0.39792377519773514	-0.0886	2.0564021932348475	0.034440259294870074	-0.0972	2.034827194648845	-0.0018571272305257513	-0.0766	2.080548307734365	-0.016797176306440238	-0.12	2.042122588425253	-0.02552075328751756	-0.0883	2.0262833965512	0.7861724802374974	0.105	2.0351658129202295	0.4212296016421777	0.0886	2.0678472934555465	0.10131263768250204	0.0972	2.101237793833563	0.03509383163239083	0.0766	2.049377252383733	0.052998109301433026	0.12	2.0832793172252315	0.021748819683325114	0.0883	2.073230871126029	1.3172046292284703	0.0	2.0744719600611994	1.5163995612014882	0.0	2.0766601557405266	1.4061790595318104	0.0	2.2232052338156896	1.2222496278476234	-0.2016	2.311874845770152	0.9605050606315554	-0.1613	2.2761046826820435	0.8663355287523	-0.12	1.9312236893374763	1.2055820762504676	0.2016	1.8908285671444285	0.9570836435442504	0.1613	1.8261797152946027	0.7376764534989434	0.12
286	4.766666666666667	2.0931206414875145	0.7932207292458946	0.0	2.1567467449680526	0.7788105927694033	-0.105	2.123427895233953	0.39955308125509026	-0.0886	2.0561860970644203	0.037412034635994185	-0.0972	2.0375641379459113	-0.005469241704125022	-0.0766	2.0781089302260334	-0.016902696129971907	-0.12	2.04274490144234	-0.023461817520831093	-0.0883	2.0286619702841198	0.780997294304459	0.105	2.040051126585354	0.4221399047533591	0.0886	2.0781608067183206	0.10476092109396481	0.0972	2.114845892969466	0.03045447249487271	0.0766	2.076992191521496	0.04641344842694175	0.12	2.09197380836004	0.021195906088582878	0.0883	2.0733938781296875	1.31284644033854	0.0	2.0742124928680816	1.5148191020471997	0.0	2.0767151407892173	1.4033457766197162	0.0	2.2231269624656926	1.2197419074790932	-0.2016	2.31410485849374	0.9591147482706993	-0.1613	2.27317507314762	0.8795900706338127	-0.12	1.9326990135358384	1.2003980060003165	0.2016	1.8909226424352397	0.9507714046737666	0.1613	1.8263128785662988	0.731712517373358	0.12
287	4.783333333333333	2.094855953196944	0.7891774102107562	0.0	2.1604290931544274	0.7749315710743906	-0.105	2.126878339113822	0.40102447883564435	-0.0886	2.056992765492692	0.0412698375289599	-0.0972	2.0394998291997357	-0.00796450027905607	-0.0766	2.076617929487281	-0.01792112996468675	-0.12	2.0431468384645557	-0.02333892390698715	-0.0883	2.0305947905267803	0.7761677472844546	0.105	2.044332155176032	0.42242802361269327	0.0886	2.0844581918146927	0.10807250461785747	0.0972	2.121232947669327	0.029320994343577454	0.0766	2.0870887184993534	0.043940190684708065	0.12	2.095325409879711	0.021216905665661895	0.0883	2.074111931771088	1.3090381777177922	0.0	2.07327871011127	1.5130378151854107	0.0	2.076477272387227	1.4011603560407322	0.0	2.223821641817381	1.2186914311619952	-0.2016	2.317260638115719	0.9566775622392869	-0.1613	2.268672912590285	0.8829986246768357	-0.12	1.9326975962876416	1.1934887252681745	0.2016	1.8906617994278299	0.946080334488522	0.1613	1.826155285275639	0.7272536547774419	0.12
288	4.8	2.0971865565895587	0.7832394692934361	0.0	2.163435294314336	0.7719279091025425	-0.105	2.1293654963459465	0.4025323924140829	-0.0886	2.05885228399946	0.044681583145038214	-0.0972	2.0411822275745832	-0.0070980877595713116	-0.0766	2.0776340321765314	-0.017487679105798227	-0.12	2.0434492844662975	-0.01906850466226434	-0.0883	2.0330450039701375	0.7744958534542628	0.105	2.048317325944985	0.4217259863320073	0.0886	2.0869008314379607	0.10889250143267792	0.0972	2.1248792730353134	0.0261060370337591	0.0766	2.0890785710902375	0.040986259162007946	0.12	2.09521418036132	0.023471441092853283	0.0883	2.0742130174210365	1.3064440660457532	0.0	2.0715951042636145	1.5104783474966046	0.0	2.0763095986961937	1.3987967132109487	0.0	2.2239443129907497	1.216326150339695	-0.2016	2.3193836389471674	0.956008189212383	-0.1613	2.2732286929312737	0.8981942574761907	-0.12	1.934016078645224	1.1873847757475715	0.2016	1.8921421010651505	0.9397562563040693	0.1613	1.8277628664940189	0.7209915689469986	0.12
289	4.816666666666666	2.10010706290998	0.7813444642063685	0.0	2.1671085244765416	0.7706978284691588	-0.105	2.1322598771374364	0.40176101212167065	-0.0886	2.061967473234774	0.05041399969412218	-0.0972	2.0369119781762293	-0.00767159111394352	-0.0766	2.0789248743455953	-0.016799985726268854	-0.12	2.0440275915325086	-0.015115704701085843	-0.0883	2.0353345753781245	0.7728464337301594	0.105	2.0495596825625904	0.4184791246403757	0.0886	2.088111952339382	0.10741913800753888	0.0972	2.1309519510732606	0.023758736786662002	0.0766	2.0938943198355564	0.030840561861943276	0.12	2.0950175357084753	0.023922858827418424	0.0883	2.0745847980119	1.3049460213110617	0.0	2.071042436264346	1.508777900417768	0.0	2.076337554958727	1.398621760893538	0.0	2.225560161702927	1.2131636441469908	-0.2016	2.321677473962464	0.9577246434039199	-0.1613	2.2756548208720466	0.9292926968173963	-0.12	1.9338912987612042	1.1858784683475476	0.2016	1.8918611572900166	0.9357801705662306	0.1613	1.827640293653293	0.7180677890013528	0.12
290	4.833333333333333	2.101995734825229	0.7801986831979956	0.0	2.1674861027673176	0.7690363320233419	-0.105	2.1346995252330583	0.401080699943119	-0.0886	2.064921596805944	0.06035838594469453	-0.0972	2.030758306641593	-0.007808466847516828	-0.0766	2.0796553190853797	-0.01602397302205879	-0.12	2.044573379615342	-0.009579608311593851	-0.0883	2.035744804490427	0.7715266739104255	0.105	2.051239636590108	0.4175495004969614	0.0886	2.0880357998783587	0.11046134183742397	0.0972	2.1328946736231225	0.022657727190023916	0.0766	2.0951252681702597	0.02646620679989163	0.12	2.0940160021647602	0.025157786132787477	0.0883	2.0745973346150244	1.3037585814139323	0.0	2.0701205566671463	1.5090156523666125	0.0	2.076155339914376	1.3975691687137433	0.0	2.2255527751834374	1.210008545947446	-0.2016	2.3234441296687	0.9576517710503987	-0.1613	2.269855938141383	0.9272176039790315	-0.12	1.935833854386059	1.1846489664569335	0.2016	1.8940495910464341	0.934553613214347	0.1613	1.829960380790818	0.7164049253006953	0.12
291	4.85	2.102631933482852	0.7796999923409876	0.0	2.167782515181835	0.7655694362263671	-0.105	2.137096628999765	0.40003505940752865	-0.0886	2.06756924383759	0.06811127080321147	-0.0972	2.0302416246585406	-0.00900250549007129	-0.0766	2.08141437625886	-0.014758758737358917	-0.12	2.048080035444079	-0.0002376276756698159	-0.0883	2.0360937808645927	0.7694668043688567	0.105	2.051229855911311	0.41417450600639416	0.0886	2.086250624834224	0.1142346641807084	0.0972	2.133527329664289	0.022144103493715282	0.0766	2.0914255117944136	0.026632803524130548	0.12	2.0912108807029086	0.02662422957672679	0.0883	2.074435037574122	1.3055743407723428	0.0	2.0682088926295967	1.5113374990644117	0.0	2.0757875981187763	1.399287512215085	0.0	2.2253793362361347	1.2116549160519419	-0.2016	2.3235538994415577	0.9532245968142847	-0.1613	2.264580121660869	0.9276696902348748	-0.12	1.9376119519423411	1.18448110676436	0.2016	1.8961314843099242	0.9357405064713518	0.1613	1.8317596454317884	0.7146525911118499	0.12
292	4.866666666666666	2.1016977638744576	0.77868680606419	0.0	2.167290331574361	0.7639295942500973	-0.105	2.1418733084681434	0.3968711600042274	-0.0886	2.0727900736819875	0.07848112878245293	-0.0972	2.0332802551089815	-0.012393597638927622	-0.0766	2.084743955405975	-0.014782767130012427	-0.12	2.053438854637826	0.010556346430369325	-0.0883	2.035634969277912	0.7681111514550392	0.105	2.0519438985625973	0.4110544671563058	0.0886	2.0840094494024965	0.11554382947863276	0.0972	2.1357949592957803	0.02072854585466105	0.0766	2.084765029752673	0.025843922782253705	0.12	2.0875920641636916	0.02648076864060441	0.0883	2.074457338790632	1.3063256355246673	0.0	2.0672592610013574	1.513320192012835	0.0	2.0750825861873414	1.399979669493379	0.0	2.2254465420549687	1.2136992197981455	-0.2016	2.3252121227559233	0.9558153625584928	-0.1613	2.2630568041893313	0.935835893417267	-0.12	1.938537559866326	1.1841348029709864	0.2016	1.8989266509382499	0.9346439607867562	0.1613	1.832949134165993	0.7156690986919142	0.12
293	4.883333333333333	2.1016397280522883	0.7781320196642337	0.0	2.1659763591758807	0.7627756195365145	-0.105	2.147622282535742	0.39466613770347525	-0.0886	2.0808985437862826	0.09482745829689285	-0.0972	2.0465447264446635	-0.013950041894930657	-0.0766	2.1006505705095417	-0.018670940007531327	-0.12	2.0571131474845483	0.02914512739607665	-0.0883	2.034222596128738	0.7672925202773418	0.105	2.0539692971950663	0.40947822131420775	0.0886	2.080023030993512	0.11986777467543691	0.0972	2.1389529307739314	0.02035920196356658	0.0766	2.077238050797248	0.02862965751906968	0.12	2.0848037552979646	0.026101508059760477	0.0883	2.074394515115083	1.3089130712864259	0.0	2.066468339751357	1.5150959291428518	0.0	2.074401183617259	1.402510481834222	0.0	2.2263169343445126	1.2142566109760922	-0.2016	2.3249875889983356	0.9573163771760017	-0.1613	2.257834921033751	0.9471078091258326	-0.12	1.9400051572055375	1.1825650040325926	0.2016	1.9009305919356918	0.9343049643393507	0.1613	1.836076527978254	0.715711394573097	0.12
294	4.9	2.101596950644176	0.7764518876611118	0.0	2.1638801606421154	0.7574038898854407	-0.105	2.1544382374838205	0.3893278976059566	-0.0886	2.090319117650749	0.11719854144115446	-0.0972	2.0525169101357323	-0.017779477129000004	-0.0766	2.1058411301249036	-0.027638010156158094	-0.12	2.059377961302524	0.0566562186649223	-0.0883	2.032800883987655	0.7635945017001152	0.105	2.055277453150703	0.4058035322646689	0.0886	2.0751429472625813	0.11798284010700646	0.0972	2.1351062808320336	0.021166113185712328	0.0766	2.074847912298798	0.02194016205575526	0.12	2.0893762459553193	0.022601302179503034	0.0883	2.073906242939758	1.311508141266022	0.0	2.0659850537336593	1.5167388907798185	0.0	2.0733561453795133	1.4041820670414007	0.0	2.227895903378592	1.2148369378929291	-0.2016	2.3267635712642734	0.9594103975222174	-0.1613	2.2547831208720654	0.9589448049558409	-0.12	1.9420446184853566	1.1827555387942408	0.2016	1.9057963974630088	0.9387354454126623	0.1613	1.8388115753065126	0.715566946817597	0.12
295	4.916666666666667	2.099708862726746	0.7749131264530672	0.0	2.1631358018728566	0.7571240871166344	-0.105	2.1621772769014878	0.3862572620019335	-0.0886	2.0962682921417968	0.13560069550315496	-0.0972	2.051622582406035	-0.020872629612160663	-0.0766	2.1021781875522807	-0.03072163023530868	-0.12	2.061923247309443	0.08232722534674423	-0.0883	2.0316339899501696	0.7615630019911438	0.105	2.0567604463233065	0.40610014142216766	0.0886	2.0746673995908167	0.11320391462990889	0.0972	2.1294815649429433	0.02231146867391612	0.0766	2.079647383477989	0.011293921538247514	0.12	2.088676840213929	0.019361718168109374	0.0883	2.0743626337202348	1.3129390654384283	0.0	2.064487581720025	1.5182834027250858	0.0	2.07256058201172	1.406248594260591	0.0	2.2287705970878213	1.2169977902221294	-0.2016	2.3260858944871012	0.9667262944266638	-0.1613	2.2397959658262203	0.9711680366164203	-0.12	1.9414966989033193	1.1846126541320916	0.2016	1.911015797391805	0.9405765123632231	0.1613	1.84343960857787	0.7148516306716283	0.12
296	4.933333333333334	2.09846932789848	0.7753457398581953	0.0	2.1622720104142372	0.7579918075141597	-0.105	2.170770720181035	0.38334587787614294	-0.0886	2.107271892375485	0.15857996160064664	-0.0972	2.064798379284179	-0.041800253804636256	-0.0766	2.1045818190903294	-0.02486368384265601	-0.12	2.0682928403704177	0.10897434862146715	-0.0883	2.0304547654133436	0.7621866444696455	0.105	2.0577885738730393	0.409179229812035	0.0886	2.0798457704029643	0.10780928477193932	0.0972	2.134118001727231	0.022587368113835486	0.0766	2.0842655578066136	0.009508992566603786	0.12	2.0835947995438207	0.01521580576928784	0.0883	2.074185577061498	1.3139219239224806	0.0	2.0642542311746404	1.5188521100095917	0.0	2.0727491292334155	1.4076944433468925	0.0	2.2310365704011192	1.219172688916637	-0.2016	2.3280259255553353	0.9725931610594355	-0.1613	2.2298367872641283	0.9793371066866992	-0.12	1.9428204573600127	1.1844460939657042	0.2016	1.9134892860725865	0.9422400749120292	0.1613	1.8459959910081192	0.715265496803599	0.12
297	4.95	2.0982409868454535	0.7780545833798883	0.0	2.1635390779014485	0.7629798652097504	-0.105	2.1793334882933872	0.3838796606195923	-0.0886	2.1138245850938615	0.180596158022173	-0.0972	2.0693529510743693	-0.03405506034075548	-0.0766	2.1075549086276144	-0.014371357633893772	-0.12	2.078997970922806	0.1366946587777081	-0.0883	2.0290005287823236	0.7672532843471249	0.105	2.0581272862397473	0.40354260807699244	0.0886	2.0843119914368216	0.10319092746383066	0.0972	2.1342407392693654	0.023062681826192706	0.0766	2.0856204394742277	0.006896542406450434	0.12	2.087134013417116	0.010294255047128748	0.0883	2.0754109311515987	1.3153302639959499	0.0	2.0629609644248474	1.5194786536182083	0.0	2.07288415129779	1.4092444275782126	0.0	2.232077160761428	1.2228070420745474	-0.2016	2.32911257540427	0.9767344454880547	-0.1613	2.217172222509202	0.9948839647387744	-0.12	1.9451213135751388	1.1863675961856088	0.2016	1.916280951259051	0.9429543085471329	0.1613	1.848641109941946	0.7158414990666754	0.12
298	4.966666666666667	2.0978372602640944	0.7805963538235575	0.0	2.163179684380137	0.7676432403646911	-0.105	2.188590296694976	0.3896157835823369	-0.0886	2.1225775269485014	0.18644005775588235	-0.0972	2.076590146544792	-0.020686502523390382	-0.0766	2.1122587613205304	0.00846853695768849	-0.12	2.0887754212316016	0.14933282177244805	-0.0883	2.0286524805135726	0.7732153682500191	0.105	2.057654086132561	0.40836297181216424	0.0886	2.085066860565618	0.10358709191142979	0.0972	2.132385141161617	0.024498738595501134	0.0766	2.0815231230652946	0.008562975044796584	0.12	2.0895704954656806	0.011418670382066995	0.0883	2.075955089464809	1.3165323925605388	0.0	2.062412382063148	1.5206151606710065	0.0	2.0728252644506187	1.4109699687851023	0.0	2.2346303080654946	1.2253426118676887	-0.2016	2.3356040984650983	0.9804047766698829	-0.1613	2.2366138576511925	0.9964280168227015	-0.12	1.9464087549385456	1.186442961221651	0.2016	1.9195024846015167	0.942927993612552	0.1613	1.850632139161657	0.7150644670583289	0.12
299	4.983333333333333	2.0976904276757558	0.7821126146932851	0.0	2.1632499175509188	0.7696918701994372	-0.105	2.195653358865619	0.398163573629272	-0.0886	2.126058941270984	0.1919730841568643	-0.0972	2.0868971559606937	-0.013894435604044963	-0.0766	2.1224045819804287	0.021182706561212725	-0.12	2.0923689967758663	0.1590631922772125	-0.0883	2.0282950599751763	0.7762119938068457	0.105	2.05788357753787	0.41149357891352173	0.0886	2.089014482453475	0.09700499176072203	0.0972	2.1356170636471714	0.024479265200216406	0.0766	2.079987570800443	0.004947457156171155	0.12	2.093397940976308	0.006464265323890314	0.0883	2.077447368564537	1.3170243724923587	0.0	2.061843376591875	1.5217333409062952	0.0	2.0727065629038317	1.4112092321577487	0.0	2.2362509233287757	1.2266622503922273	-0.2016	2.3419216519517825	0.9828582140174649	-0.1613	2.2391036907299506	1.0015363342476529	-0.12	1.947759263214591	1.1868295346922935	0.2016	1.9207682936331132	0.9438908715039707	0.1613	1.8537474439281907	0.7154361184028983	0.12
300	5.0	2.09785961303638	0.7840487153105318	0.0	2.1633560955245623	0.7726385411597747	-0.105	2.200132349721657	0.40759997968455436	-0.0886	2.131657457631878	0.19934181502239007	-0.0972	2.1013372856314807	-0.0009969321502504291	-0.0766	2.134350171100282	0.0286229642807809	-0.12	2.0978806936539725	0.16452003317568867	-0.0883	2.028521528005958	0.783058753830064	0.105	2.0569864511399634	0.4141447652039391	0.0886	2.0913085340781667	0.08229993961851229	0.0972	2.134051429027698	0.025031999882724226	0.0766	2.077158198672001	0.003634544505486427	0.12	2.093919101394599	0.006267706220624128	0.0883	2.0784716857474637	1.3180920149381734	0.0	2.060794941187103	1.524133399752579	0.0	2.0730212721242847	1.410846564374608	0.0	2.2403211524644138	1.2265955326364795	-0.2016	2.345423829716293	0.9854958842281041	-0.1613	2.2330998507594084	1.0130241932818427	-0.12	1.9491371405859752	1.1866076760614237	0.2016	1.9203577111265693	0.944336208910283	0.1613	1.855888553271692	0.7165141836419455	0.12
301	5.016666666666667	2.096831014652405	0.7865694978689961	0.0	2.1625279491876728	0.7795639633139991	-0.105	2.2027488433710447	0.4176317401554247	-0.0886	2.1374796174570947	0.2071439571689021	-0.0972	2.129613325373848	0.0019010383044752305	-0.0766	2.162557257625931	0.029926588213084124	-0.12	2.101444012502146	0.17020835183917302	-0.0883	2.0269312403297874	0.7895445707788273	0.105	2.0558712545021285	0.4180681588304305	0.0886	2.09098810461723	0.08036846447802604	0.0972	2.1431768218294187	0.02450000514259102	0.0766	2.0766184601936133	0.0020552731374188643	0.12	2.091860862746239	0.006537680290073858	0.0883	2.0790506671431683	1.3198879158214454	0.0	2.0607533106712688	1.5265432407073851	0.0	2.073515735832602	1.4118500676702899	0.0	2.241750770866777	1.2278267478574834	-0.2016	2.353367664787431	0.9904193459807951	-0.1613	2.2406465854834146	1.0103712465344414	-0.12	1.9510817211027567	1.1876012051775298	0.2016	1.9220122509374957	0.9448592708282167	0.1613	1.8600738540631798	0.7207385495184109	0.12
302	5.033333333333333	2.0968818069816435	0.7896863208792447	0.0	2.1627937924686416	0.7858102439742908	-0.105	2.2054448397005473	0.4271299940389552	-0.0886	2.1434496888951067	0.21186667424984798	-0.0972	2.151811388799614	0.00453719778420561	-0.0766	2.1847459120503703	0.03360404340648268	-0.12	2.1094566630199263	0.1768097091352872	-0.0883	2.026354906531349	0.7950880986764393	0.105	2.0558603643294684	0.4195535594704357	0.0886	2.0957667291576074	0.06930021923409158	0.0972	2.138234815688047	0.023172364984574804	0.0766	2.07362607274839	-0.0029463091850666645	0.12	2.0998118212951606	0.0005449865748027721	0.0883	2.0798798479435114	1.3221343181925935	0.0	2.0614817278940083	1.527911935301635	0.0	2.0751733871937934	1.413016896540826	0.0	2.2427457597760023	1.230288893320917	-0.2016	2.3569555559688946	0.9916764765543022	-0.1613	2.237038843120376	1.023733244021997	-0.12	1.9520123473984312	1.189422954655377	0.2016	1.9230430831676808	0.9455759214105806	0.1613	1.8633257112946473	0.7229756497928241	0.12
303	5.05	2.0970486932721677	0.7919320726423661	0.0	2.1634825157352333	0.7906214339547821	-0.105	2.2064456974560014	0.4302772330344492	-0.0886	2.1491093837770445	0.21631642480754165	-0.0972	2.169777385697626	0.005832610427584081	-0.0766	2.2009013016718315	0.037997804293946676	-0.12	2.1151824124768894	0.17645846501717083	-0.0883	2.0266698008714332	0.7992551885552255	0.105	2.055414344406681	0.4171956693040089	0.0886	2.099964469479778	0.06248733766201872	0.0972	2.1185589766166277	0.021252224486545304	0.0766	2.0750875273962386	-0.00700900077777087	0.12	2.111578801789601	-0.007683772401734512	0.0883	2.0816795418544785	1.3231232097109227	0.0	2.0638230120043	1.5297788812704716	0.0	2.077419952908378	1.4156233897673016	0.0	2.2438161608701037	1.2328064211778658	-0.2016	2.3573941510948706	0.9970269239807015	-0.1613	2.2358779196609233	1.0527291865183532	-0.12	1.9531955349381738	1.1908806193765227	0.2016	1.9260766830665537	0.9473130729412608	0.1613	1.8664772306725381	0.7278614853371439	0.12
304	5.066666666666666	2.09897826917013	0.793072849565076	0.0	2.166196995415941	0.7939225471569102	-0.105	2.207620671254112	0.43536589917087715	-0.0886	2.155188038437161	0.2140458065316716	-0.0972	2.1760942223931488	0.0012080286903137158	-0.0766	2.207769921912898	0.034826399364151266	-0.12	2.1257664081447567	0.17331329857207567	-0.0883	2.027897401173109	0.8010264170937582	0.105	2.0549537252489003	0.4159024519953385	0.0886	2.1016290011761707	0.05947658419038418	0.0972	2.110521943426726	0.01930466777815678	0.0766	2.074700040108021	-0.007939833027056253	0.12	2.111818927120592	-0.009791706496802277	0.0883	2.0839887527001753	1.32332046088277	0.0	2.064886849102	1.5309584605184303	0.0	2.0784293049771834	1.4166732670030748	0.0	2.245218202882243	1.2343560133791922	-0.2016	2.361657934159875	1.0018393024025545	-0.1613	2.229895838165347	1.045448068125092	-0.12	1.9563480518553713	1.191978219052604	0.2016	1.9294622213873638	0.9496706526198004	0.1613	1.8698818411945135	0.7332924413689487	0.12
305	5.083333333333333	2.101427988394537	0.7957837535752494	0.0	2.169063418732771	0.7975049011371652	-0.105	2.2076824885147825	0.4407073049266064	-0.0886	2.1605749356869857	0.20793415366674448	-0.0972	2.1784069236192374	-0.0058401047445240314	-0.0766	2.211759055630553	0.030809851538534258	-0.12	2.133958294282779	0.1620961242708529	-0.0883	2.0303498598810013	0.8060134112465012	0.105	2.0536027791380773	0.4152438350876382	0.0886	2.100416936984444	0.06452284778264676	0.0972	2.1187089901802865	0.02434285504242427	0.0766	2.0736030543148476	-0.0012943852928505584	0.12	2.1067229841491804	-0.008678415343471114	0.0883	2.084938456415148	1.3238208371885136	0.0	2.0669104530939	1.531208769440973	0.0	2.079137352824509	1.4173890435704635	0.0	2.2457898257623166	1.235256067618094	-0.2016	2.3621605680894824	1.007562436360771	-0.1613	2.2289382973017315	1.0538814770184817	-0.12	1.957365429349923	1.193276602494445	0.2016	1.9304383390464614	0.9521034047219257	0.1613	1.872980227947592	0.7391251557934	0.12
306	5.1	2.102162307682715	0.7983203820506932	0.0	2.171562938097791	0.801385070778394	-0.105	2.2067048054898204	0.4422849163173477	-0.0886	2.167634169590655	0.20441964733824175	-0.0972	2.19207199633495	-0.007566553171665581	-0.0766	2.224535191711602	0.024278664721712827	-0.12	2.1460430605815493	0.1511754384498388	-0.0883	2.0311865070367054	0.8091328557914022	0.105	2.053159523345032	0.4165643129643497	0.0886	2.099796684209825	0.0669460047063927	0.0972	2.119650013352409	0.031834385623279816	0.0766	2.073523450958764	0.0020760124943094913	0.12	2.105388100063785	-0.00718516663727662	0.0883	2.0869308110232643	1.3249453637043904	0.0	2.0694218105375293	1.5312951982584917	0.0	2.0807453791089503	1.4186121896029835	0.0	2.247711136680086	1.2373463153235698	-0.2016	2.3623522237244186	1.0128631726449426	-0.1613	2.227461816588975	1.0732216842454647	-0.12	1.9592795733649535	1.1955222904720013	0.2016	1.932146814671072	0.9534446343718971	0.1613	1.8756643435519893	0.7422462580092692	0.12
307	5.116666666666666	2.1048973032393783	0.8005512993777736	0.0	2.174174436601235	0.8019639650143068	-0.105	2.202905643081946	0.44485349231054133	-0.0886	2.173271923636519	0.1939663349525316	-0.0972	2.208550056358602	-0.011826466321228662	-0.0766	2.2495465861647586	0.011717315445053916	-0.12	2.156803263264871	0.13637476330928353	-0.0883	2.032613744909603	0.8082155772209485	0.105	2.053943367059849	0.4215633250968198	0.0886	2.0989620451116933	0.06796859933935524	0.0972	2.117720180316528	0.035432847334549794	0.0766	2.0748023586697597	0.0062498667439548836	0.12	2.1042826174844693	-0.006852119158605209	0.0883	2.0901167520992434	1.3249870523834715	0.0	2.0712926916688064	1.5319062867769444	0.0	2.0821613558976777	1.418778950872531	0.0	2.250236875309526	1.2397398167072522	-0.2016	2.366448323902133	1.0187383781388177	-0.1613	2.233327057052576	1.0790765795115733	-0.12	1.9614804648908608	1.1983060011518445	0.2016	1.932430936328987	0.9536757134306547	0.1613	1.8802406063090058	0.7456246129220349	0.12
308	5.133333333333333	2.1068281201334216	0.8002224164833585	0.0	2.1746767807459575	0.8014467166515987	-0.105	2.2017521661223034	0.4457399822791811	-0.0886	2.180325448000492	0.17917694799963924	-0.0972	2.2171321894921134	-0.021551789414786082	-0.0766	2.2580117031964955	-0.0022044727630475755	-0.12	2.1666900117996715	0.12229430454118112	-0.0883	2.035555609050374	0.8075091185857518	0.105	2.054893993145936	0.422341706421104	0.0886	2.099875062989135	0.06759958078177827	0.0972	2.1156678497891996	0.03849184051387762	0.0766	2.076647012505391	0.012007229909657129	0.12	2.105232213889549	-0.007778434450899124	0.0883	2.091739787398503	1.32518436519841	0.0	2.0726561743370864	1.533260967059774	0.0	2.0836496304567818	1.4198929139697818	0.0	2.2529046037185165	1.2416739963451056	-0.2016	2.372376935164087	1.0193264955807715	-0.1613	2.2384096450233493	1.076130816343066	-0.12	1.9639957575397144	1.2006700675400395	0.2016	1.9342360934952088	0.95353421961751	0.1613	1.8826800138004278	0.748908009520571	0.12
309	5.15	2.109756777835856	0.8009394244965223	0.0	2.1769336240253145	0.8026551039555309	-0.105	2.1990701945765214	0.44754874932206073	-0.0886	2.187915056682839	0.16990538304009398	-0.0972	2.221657561044241	-0.026590538936914945	-0.0766	2.2688790874841107	-0.011368740583348878	-0.12	2.1794030735748002	0.10950466202293802	-0.0883	2.0393742601673392	0.8085455244857218	0.105	2.056045830097608	0.4236952181511138	0.0886	2.1007094128706867	0.06674118145405764	0.0972	2.114424219950925	0.041029824222095064	0.0766	2.077999894633223	0.016534350630626082	0.12	2.1062572093910257	-0.010451203665513019	0.0883	2.0928386467274445	1.3256732178456325	0.0	2.073858974952038	1.534475792646513	0.0	2.086257827964681	1.421517776822519	0.0	2.255184249583748	1.2429303334447581	-0.2016	2.376956445397919	1.0185457322265306	-0.1613	2.2405571285933137	1.0840100018930268	-0.12	1.9661197795515366	1.2036085302275796	0.2016	1.934218394701906	0.9534584945722374	0.1613	1.8848581317063686	0.7530821666602271	0.12
310	5.166666666666667	2.1123388016372573	0.8020629238199569	0.0	2.179556172379876	0.8055293410262522	-0.105	2.195034408399927	0.44795343167112583	-0.0886	2.195200836643363	0.15342413824673173	-0.0972	2.2237431481662258	-0.02805354356230743	-0.0766	2.2763946344822488	-0.017855442765881042	-0.12	2.1919250689648506	0.09278189976873794	-0.0883	2.043981775502935	0.8106601269018631	0.105	2.0578661105559513	0.4261341020735639	0.0886	2.1022007875347213	0.06517299743536639	0.0972	2.1133132408849193	0.03771974814636192	0.0766	2.078557439393181	0.017589677944638248	0.12	2.1096532065920033	-0.014343245694760674	0.0883	2.0947231872213643	1.3270290310778545	0.0	2.075480256027429	1.5356968694092732	0.0	2.086801981133179	1.4224051443175874	0.0	2.2572702309066766	1.2456867923642156	-0.2016	2.383952871486977	1.0151715591228183	-0.1613	2.247228763202435	1.0830338298098372	-0.12	1.9698088143149624	1.2054467149280266	0.2016	1.935480619948773	0.9532580355583762	0.1613	1.8862862123429753	0.7584421307268937	0.12
311	5.183333333333334	2.1166543457821803	0.8045317302831994	0.0	2.1835887928584774	0.8076101475514448	-0.105	2.1930063215062323	0.4478637132073998	-0.0886	2.202720735609639	0.14029035823117125	-0.0972	2.2227022175735858	-0.02848143907627324	-0.0766	2.283581212793293	-0.021547628232100612	-0.12	2.2047605680880036	0.0781484984627134	-0.0883	2.048821617593309	0.8110386632384434	0.105	2.0597367150756334	0.4287889520485389	0.0886	2.102584654108951	0.06473074848452856	0.0972	2.1115222496788384	0.03687810234362196	0.0766	2.0795741915555714	0.018213140833789887	0.12	2.110336985478278	-0.013398018215402086	0.0883	2.0966954468420766	1.328304328335984	0.0	2.075915805505815	1.5356733563901956	0.0	2.088372303836108	1.422933179632714	0.0	2.2574334938833776	1.2454653269270135	-0.2016	2.3868457204281683	1.013271720162769	-0.1613	2.2534736513978872	1.0803931840102514	-0.12	1.9702034343583128	1.2068439915832765	0.2016	1.9356172554959927	0.95122615218617	0.1613	1.8862519516907603	0.76178829007331	0.12
312	5.2	2.119762242733157	0.8067337322858138	0.0	2.1848005259260455	0.8076172229398341	-0.105	2.188871146526608	0.4468992331584858	-0.0886	2.2125553552106063	0.1262168758735224	-0.0972	2.213457328556017	-0.030039885946348325	-0.0766	2.288493154095674	-0.028209598541964354	-0.12	2.2221398251564137	0.06395113190398223	-0.0883	2.054079821272728	0.8107397051965667	0.105	2.0604828567476337	0.4307820806858131	0.0886	2.1044445087246766	0.06434244481217209	0.0972	2.113281249048479	0.03576911630591872	0.0766	2.0797791613239163	0.019616948538291434	0.12	2.1127255185522493	-0.013213353820745056	0.0883	2.0974198038241343	1.3295626309911823	0.0	2.0780582503615337	1.5367733312465417	0.0	2.0891661852350394	1.4230371363841203	0.0	2.257713666036003	1.2471870413580612	-0.2016	2.3897498630798686	1.014720859629299	-0.1613	2.258957235769433	1.0699582532310858	-0.12	1.9726019683759362	1.2083312019238892	0.2016	1.93953851601273	0.9498138243257953	0.1613	1.8867958821183832	0.7648147372141199	0.12
313	5.216666666666667	2.123640778959548	0.8085671634625785	0.0	2.1881920710666574	0.8073356493482794	-0.105	2.1824757743057823	0.4444126294244374	-0.0886	2.2196802768343282	0.11456431664330602	-0.0972	2.2098223294699735	-0.023967309084997543	-0.0766	2.290214869926016	-0.02423323733396713	-0.12	2.231809270228771	0.0521234188033683	-0.0883	2.0599203313837777	0.810364203642242	0.105	2.0618734962238814	0.4316699550415144	0.0886	2.1054368142938835	0.06394220056056912	0.0972	2.113258478043798	0.03172412155674875	0.0766	2.079496220217844	0.018753091318706887	0.12	2.1160527850393764	-0.011741136828526663	0.0883	2.100434536903748	1.3298345746720581	0.0	2.0810335947173195	1.5373873993074205	0.0	2.0920003953211266	1.4233327975492753	0.0	2.2591632543853546	1.2492595755845175	-0.2016	2.3939184219359624	1.0169589742025225	-0.1613	2.25203340889331	1.0892615538548467	-0.12	1.9777623490305034	1.2088035127527663	0.2016	1.9408878768762534	0.9498597504922196	0.1613	1.8893605988425137	0.7698777999637674	0.12
314	5.233333333333333	2.1280861271339235	0.810227767734221	0.0	2.1907800823809205	0.8079603312042951	-0.105	2.180584613898531	0.4439980670741574	-0.0886	2.228705493711527	0.10103448660622105	-0.0972	2.2086694917337915	-0.008729210661068465	-0.0766	2.2872558309230784	-0.013085197414834486	-0.12	2.2414169216704276	0.0379091121089996	-0.0883	2.062624973068163	0.8109036057171674	0.105	2.0649673623228604	0.43204350759198373	0.0886	2.1051280559715235	0.06295028405938632	0.0972	2.1117655095078773	0.026740548499964767	0.0766	2.0805286803917595	0.018519256140991064	0.12	2.1178227928534725	-0.010955956206933452	0.0883	2.102497994864053	1.3299562275256878	0.0	2.081358127310037	1.537456563941469	0.0	2.093802576722306	1.4234582458529526	0.0	2.261112406649754	1.249462606706025	-0.2016	2.3963139339211765	1.0207972003224306	-0.1613	2.251124719750822	1.0853070459402148	-0.12	1.980081184585254	1.209393453976541	0.2016	1.9426121652306452	0.9492515846231532	0.1613	1.8908266522553197	0.7758061977798307	0.12
315	5.25	2.132935533660202	0.8121888198425451	0.0	2.1952751858215147	0.8077219736000406	-0.105	2.178524161530094	0.44546220739226206	-0.0886	2.234267536577304	0.08745784574008816	-0.0972	2.2034206000944083	0.008566865618199346	-0.0766	2.2810848476039123	0.000598447430495537	-0.12	2.251338009314944	0.021780057999011095	-0.0883	2.0697258763273156	0.8105416358486157	0.105	2.066027333372025	0.4344592179065382	0.0886	2.105314200859199	0.06309947849520427	0.0972	2.1140015325491524	0.02467697850137829	0.0766	2.082045861438933	0.02004494783878641	0.12	2.118296336555034	-0.010665022514267729	0.0883	2.105168268220925	1.3304339213536756	0.0	2.0833443625534054	1.537720689151068	0.0	2.0944327539608336	1.4244236384119615	0.0	2.2639214294929944	1.2507276284467412	-0.2016	2.398948767591209	1.023456294238649	-0.1613	2.253876008047435	1.0850428693351157	-0.12	1.9848813180964304	1.2095039015951348	0.2016	1.9471049104779292	0.9478473346561614	0.1613	1.8909050745440135	0.7783516858840488	0.12
316	5.266666666666667	2.1353719022551716	0.8136827546322511	0.0	2.19776106376265	0.8073250600074846	-0.105	2.176317394739711	0.44344798708244726	-0.0886	2.2408641575935317	0.08328640295723709	-0.0972	2.191149839607366	0.025170320589114697	-0.0766	2.2466113854159797	0.02053660610853783	-0.12	2.258167869057697	0.01903981404824681	-0.0883	2.07638870391317	0.8097722620642359	0.105	2.0678279497293572	0.4330578899014287	0.0886	2.106678999029874	0.06612721890694223	0.0972	2.113140280515365	0.0244124359332466	0.0766	2.0816542030668446	0.019699081008872875	0.12	2.119502764293348	-0.008206768496263277	0.0883	2.109260075386811	1.3299092623065605	0.0	2.085089407443802	1.5385205180576507	0.0	2.096110866835856	1.4242608458102555	0.0	2.267899605491915	1.2503714395597525	-0.2016	2.401191336437135	1.0276702578544517	-0.1613	2.2529735284219288	1.091325830384912	-0.12	1.9913451342077342	1.2097104158415686	0.2016	1.9513870634661294	0.9468969949777312	0.1613	1.8901861792251087	0.778675143703264	0.12
317	5.283333333333333	2.1381343496740124	0.8149192162329628	0.0	2.2001139315192844	0.808550509198534	-0.105	2.176340818192181	0.43987012759519895	-0.0886	2.243606489762924	0.08226981766021652	-0.0972	2.188389743874177	0.029680619965710725	-0.0766	2.2395273210417286	0.029979684942741766	-0.12	2.2598215094669163	0.017709992894360878	-0.0883	2.079534316270279	0.8097530768728881	0.105	2.070438340926885	0.4334598724867432	0.0886	2.1074175780156224	0.06730215181249924	0.0972	2.111049408484374	0.025393272042586727	0.0766	2.079970464343157	0.020760100124743178	0.12	2.1183807694694345	-0.007577121740109979	0.0883	2.1125034411543866	1.3288615284783978	0.0	2.0858528225594704	1.5382932815998402	0.0	2.0986598611612943	1.423145456611146	0.0	2.2689516478484086	1.249329092986876	-0.2016	2.402148216920154	1.033343696952915	-0.1613	2.2531642801461786	1.094825835182719	-0.12	1.9966649669762646	1.20833961536981	0.2016	1.95642951551452	0.9464425928790362	0.1613	1.8899666530218329	0.7804629833366791	0.12
318	5.3	2.1400349261662774	0.8143877525255272	0.0	2.200071949130478	0.8080794435737271	-0.105	2.177876551795962	0.43825358155833644	-0.0886	2.2436614705911597	0.08110133919945356	-0.0972	2.180955687223532	0.030920952848902845	-0.0766	2.2199440781845174	0.03123404340283919	-0.12	2.2669334669869072	0.016554202140574723	-0.0883	2.081782527088746	0.8102837477306581	0.105	2.0727907003958435	0.4351546845177697	0.0886	2.1088849285047617	0.06654119850155885	0.0972	2.1075759998591406	0.027079195334064957	0.0766	2.0778957891302783	0.022876743272189554	0.12	2.119343544183827	-0.006689586377903407	0.0883	2.1170557923980846	1.3281899074927248	0.0	2.087937532267937	1.5382283268456678	0.0	2.1008801747784838	1.4217617026207767	0.0	2.2693236594075707	1.2492758175040573	-0.2016	2.4025254157779967	1.039478130570575	-0.1613	2.2552007130059843	1.098239727508308	-0.12	2.001558376690287	1.2070528676702357	0.2016	1.9610622805663975	0.9458747757547603	0.1613	1.8894181930651808	0.7814265903220593	0.12
319	5.316666666666666	2.140004553391506	0.8141408833370297	0.0	2.199782176768558	0.8082473487520371	-0.105	2.1795085264623792	0.4352169961032169	-0.0886	2.244911084843612	0.07988839135234391	-0.0972	2.1647855734460886	0.02981858477568919	-0.0766	2.1789810536707743	0.030639433810854426	-0.12	2.273330075756253	0.01669038891526095	-0.0883	2.084007901813832	0.8103086538174098	0.105	2.074949987755654	0.4350293676910916	0.0886	2.109011182531479	0.06753064099219028	0.0972	2.100040323279431	0.027296381913817606	0.0766	2.075672549160283	0.02243022083339344	0.12	2.1176281877624357	-0.003983202571417703	0.0883	2.1214702930740503	1.327909755819896	0.0	2.0919053943715396	1.5374337338689046	0.0	2.102937721579013	1.4202518273528943	0.0	2.2726829511663946	1.2492366475446888	-0.2016	2.4059401078298617	1.0421700882804459	-0.1613	2.2634052965268183	1.0971521453209327	-0.12	2.0086128316332577	1.2063289718829038	0.2016	1.9638584305231588	0.9458222785677757	0.1613	1.8876450954131514	0.781646541456129	0.12
320	5.333333333333333	2.141338614872661	0.813648783908858	0.0	2.200680990357349	0.8094276292257621	-0.105	2.181179754014828	0.43271644305107493	-0.0886	2.244826197766024	0.08453429543333815	-0.0972	2.163332800175425	0.03024936122725648	-0.0766	2.17646957658652	0.03232628040545213	-0.12	2.275874453716007	0.02268006852527943	-0.0883	2.0876867752261785	0.8097822372050004	0.105	2.076819319413595	0.43354541257810536	0.0886	2.109936638087628	0.06752573559107142	0.0972	2.0954203591138505	0.02607374899392457	0.0766	2.073249155384358	0.020742521368434637	0.12	2.118186978466733	-0.002762508149361756	0.0883	2.1235922256395647	1.3271401907171718	0.0	2.0941128470565658	1.536293613376357	0.0	2.1048277041638026	1.418106481067686	0.0	2.2743968758063176	1.2494462763201664	-0.2016	2.407799523972961	1.0452609899813616	-0.1613	2.271352611170333	1.1280914083938365	-0.12	2.015221049620674	1.205589950405166	0.2016	1.969669744647806	0.9447158672473744	0.1613	1.8877874929469445	0.7816894975655554	0.12
321	5.35	2.1432495165010796	0.8120922800313254	0.0	2.20027531987279	0.8081823934980916	-0.105	2.1836142391588136	0.4338777320091094	-0.0886	2.247464163072324	0.08730079050455916	-0.0972	2.1641312741391916	0.03184174104252293	-0.0766	2.177129560583047	0.03390836219627641	-0.12	2.280732337530226	0.03050362991882482	-0.0883	2.0900339720313053	0.8101168050448765	0.105	2.0788361594976457	0.43147179233152855	0.0886	2.1097950658160363	0.06627139807743745	0.0972	2.091635850320692	0.025063405099145848	0.0766	2.071204157993376	0.019859868024522047	0.12	2.118148691509372	-0.0007502900713102015	0.0883	2.127663624178709	1.3261231693058801	0.0	2.0978938461160164	1.535302409479415	0.0	2.1085044484822606	1.4156915750901853	0.0	2.274709727064366	1.249758593538854	-0.2016	2.408927130496341	1.0529173577297049	-0.1613	2.275523629104535	1.1378077714601769	-0.12	2.0219804486849466	1.2039821359459255	0.2016	1.9720443150195623	0.9432021266688151	0.1613	1.8856657524506668	0.7816436464208434	0.12
322	5.366666666666666	2.147031925197717	0.8102926305023765	0.0	2.2000551078941473	0.8063335302710857	-0.105	2.1864342335778395	0.436425879951317	-0.0886	2.2539404251632047	0.08750407642603991	-0.0972	2.16400228396327	0.033965397576711374	-0.0766	2.1765284647845045	0.03747277557027492	-0.12	2.286011248374073	0.03479945454415465	-0.0883	2.0964252647164034	0.8087660987733003	0.105	2.080684950341965	0.43104931918407735	0.0886	2.111098166420711	0.06534487531289912	0.0972	2.0673953073142557	0.0230499203273824	0.0766	2.0690245511537517	0.018441726785565576	0.12	2.121307603192879	0.0011186792646037183	0.0883	2.132109293116212	1.32461136649226	0.0	2.1003635358558306	1.5346935913962083	0.0	2.111000674897165	1.4134665108389943	0.0	2.2782715210104114	1.2490600592458305	-0.2016	2.417196137472869	1.057439902770274	-0.1613	2.291443626429897	1.1441326779824368	-0.12	2.0293229617043083	1.2020433208279186	0.2016	1.9787097064889931	0.9418702890143148	0.1613	1.8839329179549056	0.7800725528363197	0.12
323	5.383333333333333	2.148863645336068	0.8095186060415014	0.0	2.2027218229078294	0.8048556491672855	-0.105	2.1877534789880264	0.4384705779840579	-0.0886	2.2586912556829004	0.08762532984443042	-0.0972	2.163700145660737	0.03212569923992941	-0.0766	2.1758914347861844	0.03748645951955207	-0.12	2.292793540740027	0.03534512886107657	-0.0883	2.1006445222542034	0.8082233792026531	0.105	2.0814865884955824	0.4317909420484868	0.0886	2.112313778421673	0.06589813188705468	0.0972	2.066401815299127	0.02151528366594848	0.0766	2.0683806271962366	0.016974890967058745	0.12	2.1229989640334175	0.002855699713644043	0.0883	2.1362041043440803	1.323435767021374	0.0	2.103669021854249	1.5333498282242486	0.0	2.1145397296784734	1.4124287450880937	0.0	2.282292231332349	1.2488720484351876	-0.2016	2.4240223899287203	1.0603593885181433	-0.1613	2.301863244358466	1.1448825284796056	-0.12	2.0379735787283204	1.1995165455621697	0.2016	1.9827627464458895	0.9397890323009261	0.1613	1.8835136917057576	0.7809066122011903	0.12
324	5.4	2.1519574637735444	0.8085644502807471	0.0	2.2039171281250454	0.8042284403789022	-0.105	2.1877817231210823	0.4421592867472667	-0.0886	2.2581699585756683	0.08808919716455199	-0.0972	2.164066221914953	0.03134200366202038	-0.0766	2.1763490603223565	0.03728310406458386	-0.12	2.2930066509698657	0.03399946589503595	-0.0883	2.106059388405431	0.8079531135255349	0.105	2.0821754027712234	0.43327463388224996	0.0886	2.113124880533545	0.06565890330315895	0.0972	2.0669117565406827	0.0186789596233247	0.0766	2.0675631511957704	0.015316144006352693	0.12	2.1239029499940365	0.0028165458918067918	0.0883	2.141668265614451	1.3209280660818008	0.0	2.1049467920668854	1.532078442298243	0.0	2.1174522460885066	1.4111452727467608	0.0	2.2859565821113343	1.2481736160394226	-0.2016	2.427868915069942	1.0638140997720043	-0.1613	2.3113723314120054	1.1506435099628756	-0.12	2.046157924376584	1.1972830298348027	0.2016	1.9879803923293617	0.9374402488148643	0.1613	1.8823208628141785	0.7775199829491792	0.12
325	5.416666666666667	2.1553477295307295	0.808581478191443	0.0	2.205015876403131	0.8044046307371417	-0.105	2.186408763303696	0.4476973193161685	-0.0886	2.258620244636008	0.08921193589647183	-0.0972	2.164608154502794	0.031631698254992846	-0.0766	2.1766234574401855	0.037450020220486276	-0.12	2.291890625263117	0.030265578016739687	-0.0883	2.1097391969975696	0.8075503863464001	0.105	2.0831211203045483	0.434476416002152	0.0886	2.1141824879867026	0.06575101611984531	0.0972	2.057143991175497	0.017921141616175584	0.0766	2.065580310417397	0.013568703228352123	0.12	2.1249818175999495	0.004825953131506057	0.0883	2.1455815670420355	1.3204572459911776	0.0	2.1080961048819016	1.5316843716062645	0.0	2.1185792667230987	1.4097484660407622	0.0	2.289174377454764	1.2498076780066634	-0.2016	2.429857424060519	1.0722887774075363	-0.1613	2.3097905744430247	1.1613751320058245	-0.12	2.054653937754406	1.195316782624569	0.2016	1.9919003760185143	0.9344521517388935	0.1613	1.8821369599980065	0.7747467062509691	0.12
326	5.433333333333334	2.1582192872680768	0.8093617277240224	0.0	2.2071684023677856	0.8051957343606309	-0.105	2.1853257488153885	0.4502551998285319	-0.0886	2.2587866536490973	0.08848118752918291	-0.0972	2.165102637613609	0.03260850309130494	-0.0766	2.1756962921896514	0.0377305360138441	-0.12	2.2914328856505066	0.028526575397350297	-0.0883	2.1128585399468727	0.8080256476637384	0.105	2.0844396889993297	0.4375581787633347	0.0886	2.1163446002679196	0.06637169532415335	0.0972	2.053384659176322	0.015088843324697523	0.0766	2.066261757547092	0.013209090779318686	0.12	2.1273900985602987	0.0064526530481699915	0.0883	2.1505745560013985	1.3202307369272785	0.0	2.1107758985453455	1.5314339482846797	0.0	2.1190371606883063	1.4096032448691704	0.0	2.2911715145757756	1.2505986024855913	-0.2016	2.432704934875144	1.0786040789287428	-0.1613	2.3144340757373083	1.1621340207569952	-0.12	2.0603982350255965	1.1933269159059958	0.2016	1.99724204022597	0.9340033032239312	0.1613	1.8821843477885536	0.7731913821694824	0.12
327	5.45	2.16188458203845	0.8134709531082538	0.0	2.20889140329839	0.8099490416612385	-0.105	2.1831650431058565	0.45196306516591506	-0.0886	2.25964838288171	0.08687086236645225	-0.0972	2.1661422033834663	0.0319286651217547	-0.0766	2.1725444541090515	0.03709293647466849	-0.12	2.290745644724287	0.025884693118028275	-0.0883	2.118889406796042	0.8123131512190869	0.105	2.0837537013492753	0.44039259382719664	0.0886	2.1176313155925697	0.06600629427460945	0.0972	2.049533423103208	0.011168552386612976	0.0766	2.0637406701323124	0.010258971668252917	0.12	2.130838473681638	0.005387775846920441	0.0883	2.154430647578274	1.3209342538401851	0.0	2.1125953983610173	1.5328721800393617	0.0	2.120361267758256	1.4119668950215216	0.0	2.291031793862806	1.253556544986287	-0.2016	2.433220511783029	1.0965465297694945	-0.1613	2.3199475813224524	1.1657481894268378	-0.12	2.068735096447415	1.1947562136726533	0.2016	2.0034375582275747	0.9342559541923225	0.1613	1.8814147373743442	0.7671889908720215	0.12
328	5.466666666666667	2.1648475354289993	0.8183646171064571	0.0	2.211545253825089	0.8192409666397462	-0.105	2.180201366125714	0.4514977913062167	-0.0886	2.259890521254328	0.08653315233934694	-0.0972	2.1678765377015434	0.028601476893846275	-0.0766	2.171003760443531	0.03698830719358272	-0.12	2.2911370972932175	0.023570545093896132	-0.0883	2.124527175657697	0.8212321463468549	0.105	2.082971901229056	0.44186188251935565	0.0886	2.118147332727326	0.06933368364219902	0.0972	2.0478603731536222	0.011149023363208332	0.0766	2.0640942389234582	0.009240832262349293	0.12	2.1338173882505718	0.008364479214606868	0.0883	2.1576032432906938	1.322759505694512	0.0	2.117343277252516	1.534344537499172	0.0	2.123041705971802	1.4145891052261461	0.0	2.292902565511872	1.2576367926000187	-0.2016	2.4347956161431132	1.1044455259021302	-0.1613	2.3351392097004093	1.176875666957191	-0.12	2.074384177383656	1.1948397745666126	0.2016	2.0114580405478346	0.9343530942535561	0.1613	1.8814593369712886	0.76186781668226	0.12
329	5.483333333333333	2.1678383087456345	0.8202314994352428	0.0	2.2142221295342384	0.8217496210912013	-0.105	2.177829234140704	0.4515149796569345	-0.0886	2.260806020468923	0.08740149331905755	-0.0972	2.1693976010605223	0.028741193851831166	-0.0766	2.1686742523427696	0.03752258180536847	-0.12	2.2932512675952967	0.02325676385316841	-0.0883	2.1297705048428797	0.8238560319884822	0.105	2.0804151581437176	0.44274953254732413	0.0886	2.118553906395044	0.07452062478305926	0.0972	2.045239545603947	0.008870677329806426	0.0766	2.0624426548879287	0.00963572683690788	0.12	2.13678783086417	0.012742884673996084	0.0883	2.162682971826793	1.3248057970322726	0.0	2.120583104844108	1.537806743561443	0.0	2.12603335973582	1.4184469350823952	0.0	2.294124889512458	1.261721944590407	-0.2016	2.4361314540756775	1.11092238353364	-0.1613	2.331947296549242	1.1836709287242917	-0.12	2.0797147678917	1.196808435521643	0.2016	2.019189640418088	0.9373851364945096	0.1613	1.884151364273941	0.762010772210059	0.12
330	5.5	2.1716477035465154	0.822706033924569	0.0	2.215762842907256	0.8248579595322847	-0.105	2.1782103870912937	0.4517976747508765	-0.0886	2.26307398015406	0.08752483206012665	-0.0972	2.1697596988003474	0.02858347012449257	-0.0766	2.1686237877377548	0.03775727480006253	-0.12	2.2939178740344377	0.023952327946368215	-0.0883	2.133867970816521	0.8284173321908199	0.105	2.0776520853773013	0.44267560450958193	0.0886	2.119561550911881	0.07806936980130841	0.0972	2.0418885701777247	0.00721041675903214	0.0766	2.0596821413412165	0.008519358299100596	0.12	2.140662211424173	0.017881383862495666	0.0883	2.166821048484548	1.3291804901968727	0.0	2.124586299703341	1.5402753594170937	0.0	2.1296550879377705	1.4217659531491127	0.0	2.2972425203182056	1.2667092947503726	-0.2016	2.4384252835996922	1.1211521402115148	-0.1613	2.3323875682517743	1.1936266171965932	-0.12	2.086229533811436	1.19986359422274	0.2016	2.026137982428464	0.939493244525763	0.1613	1.8913252467474206	0.7614801759067098	0.12
331	5.516666666666667	2.1750820683926446	0.8238731088662877	0.0	2.217177523789937	0.8280590065601583	-0.105	2.180417944431728	0.45049071292416265	-0.0886	2.262975991794419	0.08826320380969654	-0.0972	2.170414420817997	0.028543687483128584	-0.0766	2.1697300754463456	0.038253758615769046	-0.12	2.293650339181589	0.023389007215979585	-0.0883	2.1371746679057537	0.8299916684467695	0.105	2.075906180119643	0.4416668802089993	0.0886	2.1190433163472746	0.08369955800076583	0.0972	2.0386816699400487	0.0021854222914078625	0.0766	2.0580941078152977	0.004105000649932411	0.12	2.1444739262283177	0.02523021435593531	0.0883	2.1706155112372865	1.332742754422762	0.0	2.128523872464426	1.5424687648178816	0.0	2.131659728441286	1.4243836510136265	0.0	2.2993181456994294	1.272650195117061	-0.2016	2.4388847346214098	1.1321393097101429	-0.1613	2.3355126684179965	1.2017852321884335	-0.12	2.0919136575244965	1.2038919097047445	0.2016	2.0341754046222644	0.9448333023259855	0.1613	1.901888873892583	0.7629027754396537	0.12
332	5.533333333333333	2.176568436501217	0.8233420784924529	0.0	2.2185176536131315	0.8276958041208446	-0.105	2.182755623774562	0.45007269701917096	-0.0886	2.263639190616553	0.08885444056963408	-0.0972	2.1703133880453733	0.026528474593952092	-0.0766	2.1709649128635866	0.036311931883363104	-0.12	2.294192132873196	0.02356691827379634	-0.0883	2.138713026372312	0.8297060916687496	0.105	2.07103560288324	0.44046502327530923	0.0886	2.121568809478881	0.08722062109848762	0.0972	2.0408217758254263	-0.0043994294064592585	0.0766	2.060333192210748	-0.00047227404774938253	0.12	2.1483066296233644	0.026233967436536082	0.0883	2.1744250320014524	1.333601306157956	0.0	2.134351874201148	1.545231422186554	0.0	2.1358025838643226	1.4243949907922555	0.0	2.301375897035004	1.2779299524225851	-0.2016	2.4400007604398395	1.14661910476578	-0.1613	2.333494447745011	1.2062290759573133	-0.12	2.0956401605729753	1.206844271711742	0.2016	2.0404545336702693	0.9512051718086494	0.1613	1.9107724456682833	0.7631966168821681	0.12
333	5.55	2.177409859773142	0.8240601721246213	0.0	2.219363097779	0.8288630001831323	-0.105	2.185630425514571	0.4498913102637212	-0.0886	2.262791527591807	0.08762754343037134	-0.0972	2.171434335532863	0.02498498951739682	-0.0766	2.1705534348861737	0.03568259257296289	-0.12	2.292980753954175	0.02260915529909817	-0.0883	2.141361848438949	0.8326560874002739	0.105	2.065971656408036	0.43966739501574903	0.0886	2.1230788995258387	0.09777362638999862	0.0972	2.0410930155439155	-0.0058833740882960825	0.0766	2.0635518361838474	-0.0016079687408480786	0.12	2.151810173220461	0.0345467197976589	0.0883	2.1775149018845683	1.334546726530562	0.0	2.137744575170066	1.547835758311284	0.0	2.1410620689208972	1.4253680002586104	0.0	2.3037998995347286	1.2834392578594809	-0.2016	2.4375296689255945	1.1538026081371553	-0.1613	2.346457140902192	1.2001936046657153	-0.12	2.0990082163511623	1.2102219172691504	0.2016	2.046405145406858	0.9533012299692094	0.1613	1.9172558458809996	0.761394655277345	0.12
334	5.566666666666666	2.179208369018315	0.825034081521839	0.0	2.2211301101768854	0.8317773733346183	-0.105	2.191583419472755	0.4469016945167969	-0.0886	2.263928398738568	0.08723130571138431	-0.0972	2.169219254120479	0.02182875651541951	-0.0766	2.168264787365063	0.03472702389972686	-0.12	2.292857237989844	0.020262993013222555	-0.0883	2.141161216303181	0.8359342964912088	0.105	2.0618433441372557	0.4390974882103462	0.0886	2.1267875650785233	0.10159675124648379	0.0972	2.0382875648848953	-0.007568336961431665	0.0766	2.064816170622602	-0.0030110920678457775	0.12	2.1562518499799266	0.03873633651266605	0.0883	2.1796029998613506	1.337133312317515	0.0	2.139802496131761	1.5497944266358719	0.0	2.143422161158781	1.4254951133197393	0.0	2.3046070826322222	1.287097319243357	-0.2016	2.439681250140287	1.1689317989993666	-0.1613	2.339026235499842	1.2099226762981612	-0.12	2.102789574280386	1.2149204973354082	0.2016	2.052400851516405	0.955123772273783	0.1613	1.9229103808438945	0.7509711658081455	0.12
335	5.583333333333333	2.182673771865108	0.826163320096786	0.0	2.223119919180897	0.8332333257339666	-0.105	2.1942574764904896	0.4445388156222174	-0.0886	2.2641626641020403	0.08663862145841585	-0.0972	2.1643772295721906	0.0192031566089384	-0.0766	2.1674720704856285	0.03395782443025733	-0.12	2.293978308302828	0.018567958280045545	-0.0883	2.144320851065695	0.8376664087129402	0.105	2.0597775176768245	0.43857322478937366	0.0886	2.1328477529079235	0.11039870432302296	0.0972	2.038896165583316	-0.008148273299244488	0.0766	2.069127087774633	-0.0030578420337417714	0.12	2.1648147081870257	0.04644574661406025	0.0883	2.1831655743003098	1.3391753146089194	0.0	2.1433856089931114	1.5520126212521768	0.0	2.1449884607966356	1.4250106893658125	0.0	2.3068589373993715	1.2912089727743659	-0.2016	2.4431236379278443	1.1791269556038888	-0.1613	2.3222749636402877	1.2229302627790808	-0.12	2.1064815219784494	1.2175487663930578	0.2016	2.0561315787646457	0.9584487540675075	0.1613	1.9308604879669526	0.7473700359168419	0.12
336	5.6	2.1863377317830492	0.8273033228427596	0.0	2.228683214983137	0.8340298306250141	-0.105	2.19752573127028	0.4427628401167476	-0.0886	2.26720796529789	0.08482688713495518	-0.0972	2.1604903594568703	0.01923496759094396	-0.0766	2.1687705374339177	0.034180878582383604	-0.12	2.2953823610920194	0.017915779321071815	-0.0883	2.1479114339096235	0.8398960587985616	0.105	2.059606630461104	0.4391323690626747	0.0886	2.1390054849238513	0.11258280482276378	0.0972	2.041978489191815	-0.008493278317484386	0.0766	2.0738584223870604	-0.0013930132996846437	0.12	2.17365205630838	0.05445455960743155	0.0883	2.1868580067292536	1.340214640358924	0.0	2.1472795764612695	1.5531234985993803	0.0	2.1450374615464076	1.4237763703618858	0.0	2.31060933387164	1.2925245122622502	-0.2016	2.444387344376567	1.1879973563783826	-0.1613	2.3204520991289836	1.2388591524731198	-0.12	2.112473081690246	1.220682877833392	0.2016	2.0620856586552057	0.9598403957689389	0.1613	1.937221944081595	0.7458024594943681	0.12
337	5.616666666666666	2.1909528732986314	0.8301616584911141	0.0	2.2341538815142994	0.8355389511692307	-0.105	2.2002897461493376	0.4415782348807812	-0.0886	2.270293296295636	0.08157775129022352	-0.0972	2.1540398166325168	0.020019109441070916	-0.0766	2.168545508121336	0.0357185924997312	-0.12	2.298203947951037	0.018172266195565945	-0.0883	2.152555992702145	0.8398799663843957	0.105	2.05521444404868	0.43970842028928325	0.0886	2.1443107826756296	0.11458336892627506	0.0972	2.0459991315148285	-0.005937103064704179	0.0766	2.0701718524235706	0.0019229159942460439	0.12	2.1816836199234175	0.06056953309165527	0.0883	2.1913530807775468	1.342130615402361	0.0	2.1517971854268483	1.556365325308172	0.0	2.144226314820737	1.4221516003008354	0.0	2.312890280437943	1.2960093630067355	-0.2016	2.4452290852736547	1.1989316735185735	-0.1613	2.321011885330271	1.3041205099478395	-0.12	2.119452611772328	1.2257645360332048	0.2016	2.0691487064498557	0.9642216909377561	0.1613	1.94415285130565	0.742197511213651	0.12
338	5.633333333333333	2.1935695340913677	0.830128028247419	0.0	2.2384914406565932	0.8364895419071063	-0.105	2.2030194909125718	0.43972612559624624	-0.0886	2.272304643514393	0.07814354743410974	-0.0972	2.1532176261758664	0.020070334945940196	-0.0766	2.1703066107298024	0.03633418985169093	-0.12	2.3007528573339906	0.01758002466055312	-0.0883	2.156830412156971	0.8405094043189733	0.105	2.053934685034918	0.43944986813531883	0.0886	2.151379621130914	0.11600645570704618	0.0972	2.0495920151492486	-0.0054018217168541605	0.0766	2.067958675185706	0.003429840364971841	0.12	2.191390087518914	0.06506830134925456	0.0883	2.1936400681153008	1.3418205401978869	0.0	2.1543700251003366	1.5582580123774026	0.0	2.1444807431982493	1.421329166203636	0.0	2.314913350179783	1.2999757998481771	-0.2016	2.4454793417511484	1.2065020966621502	-0.1613	2.317742694015926	1.3299229927108467	-0.12	2.1241241896910714	1.2294561990076955	0.2016	2.0760886070842557	0.9697098503939805	0.1613	1.9580984813083395	0.7441130945612132	0.12
339	5.65	2.1972071966447984	0.8325263266987856	0.0	2.2400963015354516	0.8381376679289849	-0.105	2.206837501592062	0.4381121076855694	-0.0886	2.273476144763273	0.07636244201161244	-0.0972	2.156250994877708	0.01772033971781964	-0.0766	2.1722683210805185	0.03492968281312718	-0.12	2.302351597366094	0.016805758593971175	-0.0883	2.158872469096559	0.8417651757359508	0.105	2.0556305333953153	0.44024505834991234	0.0886	2.1584172827513917	0.11683136549875386	0.0972	2.0520983751580424	-0.002943950380049666	0.0766	2.069916585808166	0.0045614886461756085	0.12	2.1986133366967335	0.06823742723034855	0.0883	2.1957116201393565	1.3410528356639402	0.0	2.156617468915734	1.5584799953752289	0.0	2.1456380585075023	1.420791406472886	0.0	2.3176658864244972	1.3021967562220982	-0.2016	2.4456880146307403	1.2140118168050296	-0.1613	2.3189058311081916	1.3463173686740038	-0.12	2.1287263541740615	1.2305159361997093	0.2016	2.0814742780202353	0.9726235865163049	0.1613	1.969501123266145	0.7477879362623783	0.12
340	5.666666666666667	2.198409164914384	0.8336377541569941	0.0	2.241050972052467	0.8424666969095	-0.105	2.2094393692587815	0.43730932485073987	-0.0886	2.272789720944994	0.07594506966243261	-0.0972	2.15257695895077	0.015668906826605766	-0.0766	2.1720426731288915	0.03367263541352074	-0.12	2.3023318506203476	0.016934676469695688	-0.0883	2.1597904712405445	0.8440117637409486	0.105	2.0566255931529236	0.4441331101648996	0.0886	2.164040967061048	0.11925523105740723	0.0972	2.0535240815023204	-0.0015686281190875687	0.0766	2.070898167937926	0.005954841351516638	0.12	2.2065505293673806	0.07093739237607775	0.0883	2.1988035943734503	1.3421070504974988	0.0	2.158051885179335	1.5599194904990359	0.0	2.147617987341745	1.4212939221040235	0.0	2.3198316781588395	1.305411362633637	-0.2016	2.4455872859690317	1.2199369427903448	-0.1613	2.321200206247757	1.3511194343394985	-0.12	2.131688201174427	1.229552113866565	0.2016	2.089467831796326	0.9737244030745005	0.1613	1.9830083197437505	0.7466014805941351	0.12
341	5.683333333333334	2.201648020009952	0.8336824537085107	0.0	2.2426606837919234	0.8414755358601186	-0.105	2.2105997105717465	0.43709686354190175	-0.0886	2.273266615029776	0.0766080279308958	-0.0972	2.1528460752934486	0.014634859972433231	-0.0766	2.171804240389905	0.033546369881943934	-0.12	2.302052278090846	0.0172850632812957	-0.0883	2.1629243617691656	0.8428416986674865	0.105	2.059138628645896	0.4453613635392656	0.0886	2.168125855474498	0.12226526710845315	0.0972	2.05808399816839	-0.0001218795261768435	0.0766	2.0748757658041566	0.006980300914513557	0.12	2.213166109625995	0.07361565294341212	0.0883	2.202338615640166	1.3421634619141363	0.0	2.159661581845582	1.5609597383215823	0.0	2.1491299666686636	1.4220736631988087	0.0	2.3200614234381307	1.3056734601365523	-0.2016	2.4455063797756695	1.2216706718952863	-0.1613	2.325526456656791	1.3612153823250324	-0.12	2.1332707518203797	1.2324207327488597	0.2016	2.09571079296621	0.975554203598594	0.1613	1.9938021327232998	0.7467979780436106	0.12
342	5.7	2.2033314475726913	0.8349758648089051	0.0	2.244248200173722	0.8442329412649766	-0.105	2.210916907866842	0.43703090075783124	-0.0886	2.2728174084452375	0.07726879857947141	-0.0972	2.145871839421348	0.014728683444832275	-0.0766	2.1733992470035894	0.03434747977283208	-0.12	2.3018999083814853	0.017302157162524062	-0.0883	2.164778381801032	0.8453472538576863	0.105	2.0618419509786508	0.4454028889734978	0.0886	2.1724274178879472	0.12297686338131616	0.0972	2.060489573614956	0.0003542579842579774	0.0766	2.0755108594188165	0.007624179512498996	0.12	2.217859121308684	0.07267323628816075	0.0883	2.2044671414847388	1.3435575204353964	0.0	2.160934015704051	1.563804526207914	0.0	2.1515699006349713	1.4252054228994964	0.0	2.322083945160392	1.3061555631380828	-0.2016	2.445740070856458	1.2228755035324008	-0.1613	2.3307632057680845	1.3672894288909592	-0.12	2.139020211500848	1.2355424127460737	0.2016	2.1044323928732456	0.9758549445588021	0.1613	2.0028828872754687	0.7462471939207624	0.12
343	5.716666666666667	2.20361189133531	0.8363136808117164	0.0	2.2448838376190183	0.8445081465887422	-0.105	2.2117857826088083	0.4369934258480571	-0.0886	2.2719090027202973	0.07834836897667141	-0.0972	2.139955630849486	0.015804147422156682	-0.0766	2.1748122379380974	0.04108464049814456	-0.12	2.301854705304079	0.019726965767332447	-0.0883	2.1669956741042116	0.8455748664323907	0.105	2.06493289716197	0.44433360752234996	0.0886	2.177072285549971	0.11939190381911904	0.0972	2.0619851676356755	0.00045476430062132284	0.0766	2.0769990714265765	0.0074861570763732135	0.12	2.22312876680485	0.07446021252537437	0.0883	2.206487730010978	1.3459388806201198	0.0	2.161545974891894	1.5672835739199855	0.0	2.1499023126271988	1.4294928206346955	0.0	2.3247109793294394	1.3048044155750347	-0.2016	2.446440792840004	1.2248143784835566	-0.1613	2.3381547534458362	1.367759028880446	-0.12	2.1413324291843145	1.237629721177216	0.2016	2.1115819793999338	0.9780159524580841	0.1613	2.019040129622484	0.746912690092207	0.12
344	5.733333333333333	2.204869865523193	0.8356928678798998	0.0	2.245499575671274	0.8449500909405652	-0.105	2.21170342298366	0.43735929328968826	-0.0886	2.2721797604851	0.07819912717453312	-0.0972	2.141198137440557	0.015678081177702557	-0.0766	2.1793404036392428	0.044403071689427705	-0.12	2.3015157338320074	0.02064069163667666	-0.0883	2.170717142218101	0.8459260989904326	0.105	2.0719414811358674	0.4446497811071796	0.0886	2.1810686473774603	0.11804107786786519	0.0972	2.0614008912705675	0.00046003516719272247	0.0766	2.0798396910635684	0.006112028069223778	0.12	2.2293928393297224	0.07166159685995038	0.0883	2.207586801848447	1.3482293772278182	0.0	2.1642677239880985	1.5685203790739104	0.0	2.1494252919262253	1.433160818003472	0.0	2.3259759605779733	1.30571494656681	-0.2016	2.4441939773483603	1.2280682867023403	-0.1613	2.3428639038510912	1.3718859259912486	-0.12	2.1448060862380944	1.239674655013212	0.2016	2.12019496641288	0.9791129233633478	0.1613	2.0283585047671657	0.7483867398716837	0.12
345	5.75	2.2070376627689208	0.8365190487785585	0.0	2.245868669663314	0.844661064872681	-0.105	2.2107209302210884	0.4390867109102569	-0.0886	2.2721037803546076	0.07996132660311046	-0.0972	2.141259903056968	0.016400107069815532	-0.0766	2.181239253434472	0.047506503698272404	-0.12	2.3015198009092828	0.021478337071347373	-0.0883	2.1752877051953736	0.845635182458941	0.105	2.07801846937712	0.4481965787405177	0.0886	2.185934642972783	0.11340372460102012	0.0972	2.0611149409312204	0.0004345471491171357	0.0766	2.080418874400637	0.005141611275800831	0.12	2.234220439071852	0.06633402160842482	0.0883	2.208138258721174	1.3505452085292569	0.0	2.166201083123588	1.5695841818738783	0.0	2.152642231859743	1.4353749713518549	0.0	2.3242912001952325	1.3070542583850406	-0.2016	2.441701537735897	1.230538435508395	-0.1613	2.3440924417496083	1.3799194540956101	-0.12	2.1471940628390835	1.2440142737422366	0.2016	2.125461183549747	0.9811833924325911	0.1613	2.038666794574626	0.7489436378379811	0.12
346	5.766666666666667	2.2080983250732595	0.8376830137929657	0.0	2.2465167950374765	0.8473492193199518	-0.105	2.209748264745289	0.44099098436592665	-0.0886	2.271376003042191	0.07926251183027977	-0.0972	2.1408921963776315	0.015752351523757334	-0.0766	2.183219650740265	0.04878565500947179	-0.12	2.3014746443929184	0.02203056297039816	-0.0883	2.176938133787179	0.8482100883670436	0.105	2.084949504690292	0.45143744213036063	0.0886	2.189620653821154	0.10998615761133335	0.0972	2.061916749976036	0.0006094232685039391	0.0766	2.0816440630196618	0.0037453068025046984	0.12	2.2353178687188198	0.06278941099374122	0.0883	2.20900433159864	1.3514032680381378	0.0	2.1657678187215055	1.5714726701448134	0.0	2.154160055855429	1.4371925868700248	0.0	2.322353849630994	1.3082729072103934	-0.2016	2.438154228994929	1.2325900550995519	-0.1613	2.3448231747286887	1.388462402835859	-0.12	2.148438514711136	1.2465583676803271	0.2016	2.1319915239622613	0.9858216961250535	0.1613	2.055257364410297	0.748812520035766	0.12
347	5.783333333333333	2.2095667665705965	0.8393550942328439	0.0	2.247539788683851	0.8494993611664386	-0.105	2.2098938146938	0.44459708333971176	-0.0886	2.2717967437149245	0.0796501497357963	-0.0972	2.143071333515984	0.013545788966448931	-0.0766	2.176115513559699	0.04509189368312921	-0.12	2.3012463418877793	0.02166076601510948	-0.0883	2.180471266239413	0.850194022987555	0.105	2.0932607558076346	0.4534473122926178	0.0886	2.195306956564772	0.10458745579620107	0.0972	2.0627358246502987	0.0004934525908522752	0.0766	2.084175848915538	0.0005265142309722678	0.12	2.2386963067940324	0.056080283386935145	0.0883	2.2097578645172735	1.3525273509987161	0.0	2.1679810480606996	1.5730631718023942	0.0	2.15537798681945	1.4400791634151717	0.0	2.3229932683160373	1.3090883726187827	-0.2016	2.4376567819901704	1.235707668955079	-0.1613	2.3479401267656184	1.3901776654813678	-0.12	2.1494303082676365	1.2491399054049346	0.2016	2.1403157440488023	0.9884409932997507	0.1613	2.064102550517579	0.74850831968122	0.12
348	5.8	2.212887044249782	0.8407645633524345	0.0	2.2488321173650254	0.8515124641747276	-0.105	2.2095572451027707	0.44676826479646664	-0.0886	2.272254652067063	0.07797214260177165	-0.0972	2.145237030082801	0.013166695939104502	-0.0766	2.1655734463798217	0.04258838831526187	-0.12	2.3016812648878737	0.02038513925753424	-0.0883	2.1857950017053787	0.8517360072166539	0.105	2.0975437610913596	0.4533559062547506	0.0886	2.198913753678452	0.09829590816412029	0.0972	2.065091874962627	0.00021315994630909108	0.0766	2.0853510298026547	-0.0025854930408818685	0.12	2.2418323673909604	0.0444012494871762	0.0883	2.210152994778867	1.3541265356006702	0.0	2.1672922529454732	1.5741431891927256	0.0	2.1582585286247946	1.4411671304587224	0.0	2.3236901096057325	1.309501664211278	-0.2016	2.436464582577908	1.2382639463965837	-0.1613	2.347476297741735	1.3959634793726516	-0.12	2.1524722401906256	1.2498966473343907	0.2016	2.146732317486399	0.9907967656390477	0.1613	2.0748928654063867	0.7482828482092962	0.12
349	5.816666666666666	2.2158789189198345	0.8421748930161862	0.0	2.250831612149641	0.8558267720331059	-0.105	2.21056001843837	0.4505571694552145	-0.0886	2.271894537758003	0.07829539336222173	-0.0972	2.144567752147189	0.012412176754630362	-0.0766	2.163255550546573	0.04269046274946479	-0.12	2.3036967983824943	0.02033916273828789	-0.0883	2.186830376115094	0.8538290209184429	0.105	2.1076193602397892	0.4546816943170299	0.0886	2.2016585564822626	0.09387278233553248	0.0972	2.0661216277784513	2.306625698671877e-05	0.0766	2.0877806268578594	-0.006209344201754778	0.12	2.242261208916315	0.03682938892365749	0.0883	2.210292180791765	1.3538900388281352	0.0	2.168979470325387	1.5747350420638446	0.0	2.1605575592104884	1.4421315858093045	0.0	2.3191159354855193	1.3102285447883104	-0.2016	2.4275404342414215	1.2396792096566374	-0.1613	2.3456615720769847	1.4048666518265096	-0.12	2.155255819581657	1.2504879695521753	0.2016	2.156928369514631	0.9948244342484799	0.1613	2.083218832928537	0.7529221661047595	0.12
350	5.833333333333333	2.219049421788487	0.8435388904540593	0.0	2.2520322371253294	0.8623151341082754	-0.105	2.2138259472957746	0.45312229029751544	-0.0886	2.273376975928718	0.07899024966786963	-0.0972	2.144891425677889	0.015600457546085494	-0.0766	2.161825733352571	0.04497425720562615	-0.12	2.305177144096229	0.021137103860770355	-0.0883	2.19009615970237	0.858245579835762	0.105	2.1168258877784236	0.4558324846340112	0.0886	2.2050372453559097	0.08985823178812727	0.0972	2.0690694985882856	8.351911918877408e-05	0.0766	2.0909373125062323	-0.007562573185864209	0.12	2.2450324149098457	0.03216857051980513	0.0883	2.2104436331671025	1.3549316912046578	0.0	2.167933994381361	1.5743966666474896	0.0	2.157950457452947	1.4434742788772543	0.0	2.317236823607124	1.3100441966175183	-0.2016	2.4198671331847805	1.241008731222573	-0.1613	2.3463259310477844	1.4140958556326788	-0.12	2.158409777643331	1.2514209629584399	0.2016	2.163448545848226	0.9994783401238062	0.1613	2.091839050757672	0.7547739785596833	0.12
351	5.85	2.220625650295304	0.8464592138647731	0.0	2.252577860340903	0.8689045129318779	-0.105	2.2163079449915584	0.4541914971265518	-0.0886	2.2740974045227325	0.079286552821386	-0.0972	2.1448265676437637	0.01836339780770716	-0.0766	2.162699257366212	0.05077885180110948	-0.12	2.3061753891294385	0.022159350755653624	-0.0883	2.1931931111092506	0.8658847718732646	0.105	2.1296523262487836	0.4561149652253894	0.0886	2.207994773751245	0.08494485029016777	0.0972	2.073234751720139	-7.633518632607639e-05	0.0766	2.0934272101259648	-0.008252013749299479	0.12	2.2437799978192854	0.027271805622524965	0.0883	2.2099974731060703	1.3562541713883276	0.0	2.1674483283399537	1.5743071891569858	0.0	2.1588583612776406	1.443305987039051	0.0	2.31449989975213	1.3130226467822164	-0.2016	2.4123485059928615	1.2405190317834802	-0.1613	2.346857413245404	1.4094130275918602	-0.12	2.1592860177372337	1.2525611361532347	0.2016	2.17128418329248	1.0038936137482815	0.1613	2.0998513300842068	0.7545390301205379	0.12
352	5.866666666666666	2.224068967009566	0.8495049507877078	0.0	2.2524694882761325	0.8762913989864093	-0.105	2.2176492109058707	0.457248922059732	-0.0886	2.273997018688319	0.07915858588543287	-0.0972	2.1430146859816137	0.01696897962211527	-0.0766	2.1621320848978014	0.05203901316455702	-0.12	2.3066874210224655	0.02238855426493728	-0.0883	2.196912927279569	0.870057101641044	0.105	2.139031499038601	0.45761057541194966	0.0886	2.2120463347161947	0.08127791848145743	0.0972	2.0724992606989847	-0.00037130580676891095	0.0766	2.0943308730306347	-0.008676431002515833	0.12	2.2476483102803444	0.024465045808162098	0.0883	2.209009967142721	1.3558044605289103	0.0	2.164433665579795	1.5734206071529782	0.0	2.1542127972854876	1.4416543394927628	0.0	2.3089268634353433	1.3125083137471025	-0.2016	2.4042568873439776	1.2413400716704053	-0.1613	2.3472959060119525	1.4162055007420171	-0.12	2.166697244881575	1.2530607635733917	0.2016	2.1776602070223525	1.005250938203832	0.1613	2.1106237274679	0.7593766673182847	0.12
353	5.883333333333333	2.2256992817201815	0.8513544812590856	0.0	2.253321078466384	0.8802789649170709	-0.105	2.219017118217284	0.45763815119300977	-0.0886	2.2736094235673665	0.07720148665004863	-0.0972	2.1363044487721567	0.014958616130182456	-0.0766	2.1575426405148983	0.04970447142057578	-0.12	2.3080375932038915	0.022082409019398272	-0.0883	2.1989304055209504	0.8721904186720099	0.105	2.148866698136688	0.4560291700583218	0.0886	2.2162624436805767	0.0771449978464398	0.0972	2.071902721569458	-0.0009180702424389925	0.0766	2.0941067376007636	-0.00815009013954468	0.12	2.2518753570994376	0.01981271160577113	0.0883	2.208254809769911	1.3548301308727952	0.0	2.1629557818070038	1.5749110416762644	0.0	2.1501150244560168	1.4430515572923015	0.0	2.30660208915115	1.3104763446932473	-0.2016	2.3933599357885873	1.2419233941971437	-0.1613	2.351240858328943	1.419248317974003	-0.12	2.166969162691491	1.2529595985788493	0.2016	2.182406495398572	1.0069576945059062	0.1613	2.1157223546600785	0.7623428954609838	0.12
354	5.9	2.225975061606591	0.8518840097707727	0.0	2.250234274576246	0.881103621654717	-0.105	2.2194338806007554	0.4581552301253618	-0.0886	2.2731753597804722	0.07509604053640048	-0.0972	2.133983627454631	0.01403847910283152	-0.0766	2.1556321480610117	0.04784895183255482	-0.12	2.308679611544141	0.021981197226631798	-0.0883	2.199375751858565	0.8727701436806354	0.105	2.157080934638377	0.45560905214028447	0.0886	2.2169442516532625	0.07468985446681921	0.0972	2.073331368390402	-0.0010485858067524959	0.0766	2.096550318240357	-0.007465757157902084	0.12	2.2526317982002904	0.019424708558386107	0.0883	2.2068885525116446	1.3558354122122094	0.0	2.1596368068372658	1.5721070380617406	0.0	2.1367201978067993	1.4404804883985918	0.0	2.301688253122818	1.3077029172591563	-0.2016	2.386928433783173	1.2439898714434658	-0.1613	2.3537332493225818	1.4095766750258758	-0.12	2.169043773260793	1.2517080417697328	0.2016	2.187413663275934	1.008071816755379	0.1613	2.1231524679954865	0.7653688543459495	0.12
355	5.916666666666667	2.2264080825944643	0.8529105078703494	0.0	2.249869712986318	0.8844688832925021	-0.105	2.220108150511163	0.45696809038879266	-0.0886	2.271994967631687	0.07380864641739926	-0.0972	2.1204844900109796	0.01599680570732128	-0.0766	2.1628131814714444	0.04829460413594083	-0.12	2.310233015319123	0.02291947911100657	-0.0883	2.2029842717290227	0.8755910429612569	0.105	2.16960736029189	0.45383653806466373	0.0886	2.2226309492009904	0.0722220118940512	0.0972	2.073885660250658	-0.001059325917779047	0.0766	2.1077230654347874	-0.006830827182146594	0.12	2.257660370044577	0.018570714726572457	0.0883	2.206005259897093	1.354803332111128	0.0	2.1508201799767317	1.569562394939153	0.0	2.1239606396095096	1.4390723460844914	0.0	2.298473303808678	1.308624490658711	-0.2016	2.373450884068953	1.2375357697203937	-0.1613	2.3500127512032134	1.4014641630288134	-0.12	2.1716246143134117	1.2523819877160638	0.2016	2.192260861634502	1.013069519530135	0.1613	2.1290540044053947	0.7791032989107824	0.12
356	5.933333333333334	2.2258507981721922	0.8538952626266161	0.0	2.2492122228832048	0.8852566748703284	-0.105	2.219952649910896	0.4556844851807776	-0.0886	2.2710528290899274	0.0716881969296958	-0.0972	2.117412695646157	0.018252286588001765	-0.0766	2.1629646108623706	0.04589820024697709	-0.12	2.310043545538314	0.02402619780740882	-0.0883	2.2034551383584944	0.8744863967616604	0.105	2.1800043255156223	0.45270919807961346	0.0886	2.2253021258926333	0.07087478744323256	0.0972	2.070830580948092	0.0004558879938212704	0.0766	2.1069328469322337	-0.006344451119089156	0.12	2.2579290706823056	0.018338713611784192	0.0883	2.2055611512970414	1.3542542921382923	0.0	2.1408691284302637	1.5678878402687921	0.0	2.1066762905332923	1.4345415752803599	0.0	2.2929224374362693	1.308683662398906	-0.2016	2.369356185585166	1.2362344136548613	-0.1613	2.350492978083931	1.397757313746393	-0.12	2.176419668102613	1.2522176323175895	0.2016	2.197085833059137	1.011979580938827	0.1613	2.1343216500313256	0.7815758447270711	0.12
357	5.95	2.2244328740700983	0.8553643601359192	0.0	2.2470256189619553	0.8847607625640893	-0.105	2.219599453354188	0.45604848664222936	-0.0886	2.2693086854251066	0.07093564457129936	-0.0972	2.1149248459185537	0.020573413834978876	-0.0766	2.1538246289792995	0.04123276415063925	-0.12	2.308706588160765	0.025214941098934886	-0.0883	2.206160882916914	0.8736382423035493	0.105	2.1887359253722893	0.4529504713999137	0.0886	2.2288551007285196	0.07103694603235172	0.0972	2.0704548144338903	0.0024353135543134855	0.0766	2.1052531043070313	-0.005507116789806671	0.12	2.259350923069275	0.018277488434369188	0.0883	2.2053492286665817	1.3537271436050142	0.0	2.130749041883141	1.5678116347850495	0.0	2.0945376810774126	1.4333289156129758	0.0	2.2878068783021277	1.307290073778452	-0.2016	2.366998695757534	1.2316667487817474	-0.1613	2.3505217468720354	1.3858984913637478	-0.12	2.1820203084564924	1.251503619154594	0.2016	2.200391832901369	1.011635141213444	0.1613	2.140092417224752	0.783074676212758	0.12
358	5.966666666666667	2.2232309257867207	0.8557883910063048	0.0	2.244153838639287	0.8816695549702347	-0.105	2.217269159969571	0.4581789207502941	-0.0886	2.26707559122067	0.06919048449378233	-0.0972	2.1119337313100575	0.025444025391898863	-0.0766	2.11934566921032	0.03939566991616576	-0.12	2.3084859159360485	0.025917284288015624	-0.0883	2.209170142031002	0.8709048053764101	0.105	2.1993258309399755	0.45343883953142927	0.0886	2.238620211289476	0.07131115244942941	0.0972	2.0743625370973784	0.004075404687785444	0.0766	2.1055672438347903	-0.004285163892481986	0.12	2.273341216073587	0.020570280832651583	0.0883	2.204443258815804	1.3537151189700904	0.0	2.1173591008153125	1.5677318359071264	0.0	2.0913534405226635	1.4312264556715606	0.0	2.2846522438365566	1.3065639340297135	-0.2016	2.3689828679759977	1.2275237743922949	-0.1613	2.3486316686089057	1.3819193884220509	-0.12	2.1877252820219053	1.250317843843834	0.2016	2.2059050417800483	1.0124082352244779	0.1613	2.145901121113804	0.7883505271085047	0.12
359	5.983333333333333	2.2244762273026626	0.8577758661874667	0.0	2.2435752583613873	0.8776062554698949	-0.105	2.2173888060061344	0.45776664695453895	-0.0886	2.2668791781748894	0.06532913233980757	-0.0972	2.1127892425151344	0.02463372283937603	-0.0766	2.1172463511182333	0.036060469089677735	-0.12	2.309755403805193	0.025139014063084275	-0.0883	2.213819682683615	0.868794883018793	0.105	2.207272914566815	0.4522948140334362	0.0886	2.2448280699897123	0.07091203914661559	0.0972	2.078253937371365	0.005920074906898963	0.0766	2.10849137563818	-0.0033352658400662566	0.12	2.2804123137412367	0.021041735708729657	0.0883	2.204093561173773	1.3536289592924806	0.0	2.114661526045052	1.56692027533954	0.0	2.089986802338633	1.430128294911667	0.0	2.2807995243706984	1.303916840260547	-0.2016	2.372329863534182	1.2235469218955188	-0.1613	2.346043317050667	1.3660892238003501	-0.12	2.1951477647109723	1.2503370893305639	0.2016	2.2133177515725966	1.0118698930115604	0.1613	2.1512270848008743	0.7918869729547512	0.12
360	6.0	2.2256983924043587	0.858629433971868	0.0	2.2413874119319845	0.8754917962328751	-0.105	2.217281084254335	0.4593333257751198	-0.0886	2.26161290296952	0.06376999293719356	-0.0972	2.1104572292841492	0.020460921086545805	-0.0766	2.1142296240658003	0.028310024760188957	-0.12	2.3026786056713906	0.025900342131168028	-0.0883	2.2178326844496814	0.8673083422462182	0.105	2.215889820192497	0.4520804458115114	0.0886	2.2600477122403557	0.07181118780204257	0.0972	2.0871388247699905	0.004743396467367093	0.0766	2.1195184843334305	-0.003438161340314834	0.12	2.300975035396764	0.022207926102014434	0.0883	2.2043382967079648	1.3524944895707218	0.0	2.1115075710563773	1.56566132903155	0.0	2.0848154805987877	1.4274950110168905	0.0	2.272787480550999	1.3033018604313125	-0.2016	2.369052425422692	1.2155831414503404	-0.1613	2.3419129392341884	1.346227756202756	-0.12	2.199838476247631	1.2507543429243915	0.2016	2.2198684193118443	1.0098764041040569	0.1613	2.155277036148995	0.7946739135692865	0.12
361	6.016666666666667	2.2264430449106034	0.8592069279281945	0.0	2.2422848163670217	0.8746511316619501	-0.105	2.2187299571171013	0.4616676722238939	-0.0886	2.2638712607423432	0.06453593432686494	-0.0972	2.110347307695673	0.015415561331157582	-0.0766	2.111934923348315	0.02228188366983519	-0.12	2.2979247122188404	0.027473463905060752	-0.0883	2.2210187645961748	0.8679787734326498	0.105	2.2193926575950926	0.4533524731302845	0.0886	2.2642694141693473	0.07354103412919266	0.0972	2.0971295675822375	0.00363371468267442	0.0766	2.13231030842938	-0.0034139963525612327	0.12	2.3090042345759865	0.023637924482850882	0.0883	2.2046045583035516	1.3516295562735354	0.0	2.1010830404790832	1.560486809678768	0.0	2.0799776702162505	1.422906115210553	0.0	2.27380857500679	1.3078856943943886	-0.2016	2.369300450414339	1.2149399221671424	-0.1613	2.3369815245198615	1.3281075699797131	-0.12	2.209398882540609	1.2532914754503763	0.2016	2.225206619911942	1.0077643256872841	0.1613	2.1575998545586605	0.7941743090981719	0.12
362	6.033333333333333	2.228088721295526	0.8617834642779468	0.0	2.2432168813443365	0.8720540156124348	-0.105	2.2202835949442763	0.46404119296778257	-0.0886	2.2631886021042766	0.0636696074569408	-0.0972	2.1135522186531186	0.013373193538785987	-0.0766	2.1124279593237953	0.021332578695403073	-0.12	2.29864846776241	0.027680456122938082	-0.0883	2.227029095083864	0.8660106904423556	0.105	2.225744290718367	0.4543012865445707	0.0886	2.269890462890173	0.07312756262566472	0.0972	2.1035308092018847	0.0033749836089160823	0.0766	2.1428902404204946	-0.0033408899515127155	0.12	2.3104037741582117	0.02271661919767707	0.0883	2.2054783030970984	1.3492327276011502	0.0	2.096274280452055	1.557153298560807	0.0	2.0816547063839552	1.419026569194134	0.0	2.266287458286093	1.3124004046301536	-0.2016	2.3671000758095895	1.2130143803381688	-0.1613	2.2913272157513287	1.2589882866097624	-0.12	2.214483517935794	1.2539742209286164	0.2016	2.2319251032502287	1.0041968637262926	0.1613	2.1592129699632094	0.7895002349087152	0.12
363	6.05	2.2299757173599675	0.8588022539063767	0.0	2.2438372338462895	0.8677069234033116	-0.105	2.2213670110796873	0.4631536698546266	-0.0886	2.264525429679047	0.061835665539394874	-0.0972	2.1214266707934852	0.012769999155375286	-0.0766	2.1164335583030676	0.021166034044794023	-0.12	2.2992328270277267	0.02684630221547766	-0.0883	2.2289312793674516	0.8638657331706301	0.105	2.2292833696686896	0.45440423820404086	0.0886	2.271890562013993	0.07114729479358603	0.0972	2.1142159923681056	0.0035935082994626028	0.0766	2.1515311157229213	-0.003063587813891225	0.12	2.312087655817133	0.021226660547193466	0.0883	2.205398186328968	1.34739794159988	0.0	2.096398936078197	1.5541007188881013	0.0	2.078428165107617	1.417382015877737	0.0	2.265752507124715	1.311312854783125	-0.2016	2.362795946597697	1.1979868345794564	-0.1613	2.2679995678504814	1.2190767582627395	-0.12	2.220435984810827	1.2521139152439351	0.2016	2.2379212691805286	1.0013886965664154	0.1613	2.155412796619441	0.7830026076616626	0.12
364	6.066666666666666	2.233292564055096	0.8553617153793414	0.0	2.244343401694728	0.865043675848705	-0.105	2.2221868306560277	0.46324304387120685	-0.0886	2.2652195154683916	0.060515744012721404	-0.0972	2.12595975670204	0.009084722434693493	-0.0766	2.123294571035362	0.017876596657467173	-0.12	2.2984307694154498	0.02535530408132735	-0.0883	2.23447873442623	0.8598862679579107	0.105	2.2319860112518075	0.4537313549505892	0.0886	2.2772582974941797	0.07151799938382701	0.0972	2.12396698687644	0.003674347141698911	0.0766	2.1584349258961955	-0.0029189206628634987	0.12	2.3149115994592067	0.01912499509150238	0.0883	2.2069118738858324	1.3450178602941227	0.0	2.097948881182233	1.5525556442165613	0.0	2.0815312925672877	1.412542222746666	0.0	2.2594675512894997	1.3097635354475023	-0.2016	2.3553400844449737	1.187857469706994	-0.1613	2.2457700280429838	0.9845375002481841	-0.12	2.228498471581896	1.2526840852429761	0.2016	2.243785288708644	0.9967206131130298	0.1613	2.1537529855725754	0.7748260476633367	0.12
365	6.083333333333333	2.2353057561850567	0.8531769420146914	0.0	2.2435753333609543	0.8606153063642062	-0.105	2.2224808050491056	0.4642253662690327	-0.0886	2.2656476113252246	0.05876812197049286	-0.0972	2.1312002716361587	0.0062792033901689775	-0.0766	2.1285058162286408	0.017744876741088336	-0.12	2.2996810560258862	0.02377658907545524	-0.0883	2.240132272380307	0.855056128949026	0.105	2.2311987707182075	0.4541333827411511	0.0886	2.2815872845480185	0.06999558334668404	0.0972	2.1369689375513383	0.0034676543212905087	0.0766	2.168879513020784	-0.003144502964062608	0.12	2.316986904671557	0.017708037651228928	0.0883	2.2066889346259355	1.3415613799159458	0.0	2.1004899156121475	1.549298245189261	0.0	2.082105889862491	1.4061681354091151	0.0	2.2568523661958344	1.305260837309396	-0.2016	2.3549757318958537	1.1806270277250308	-0.1613	2.2562297008819714	1.1714152610261395	-0.12	2.22989488554889	1.247391437903103	0.2016	2.2493184513065674	0.9877481801688763	0.1613	2.1519967105942706	0.7701982099749375	0.12
366	6.1	2.236061727063466	0.8498098623662709	0.0	2.243287571848	0.8568327462713348	-0.105	2.219590752304367	0.46196760656725133	-0.0886	2.2658957120177217	0.0579707825315385	-0.0972	2.133247226746747	0.005911942943761968	-0.0766	2.129676631938708	0.019683269145184576	-0.12	2.2994691252144346	0.02114528675374027	-0.0883	2.24489120703248	0.8527305231443654	0.105	2.234826644233604	0.452753406279355	0.0886	2.287993979046953	0.06907821058933115	0.0972	2.1448219853386403	0.003581301227767855	0.0766	2.1763404587500284	-0.0027652576662782966	0.12	2.319048949727136	0.01624121730467408	0.0883	2.207822742536263	1.3418986229859293	0.0	2.1004894130640515	1.5484415826079772	0.0	2.0818126617070973	1.4025559411483997	0.0	2.2536229979135016	1.300128510275486	-0.2016	2.352273390482271	1.1815401350224422	-0.1613	2.246833535454253	0.997060480302473	-0.12	2.2365838627424486	1.2432553925948078	0.2016	2.2541886447888895	0.9848938842690136	0.1613	2.1537032476763396	0.7689691292515224	0.12
367	6.116666666666666	2.237889841870913	0.8476329488246094	0.0	2.2424525057132145	0.8571740869175261	-0.105	2.2164920302758446	0.46156686314286227	-0.0886	2.2655797419230503	0.05822686079946296	-0.0972	2.1317842256969177	0.0023538773201991076	-0.0766	2.128988701874376	0.01819770666964706	-0.12	2.295192078472426	0.020216068041716773	-0.0883	2.2484782034634687	0.851885292151731	0.105	2.2344284723165737	0.45180545494725516	0.0886	2.2899385092991253	0.0689452061838636	0.0972	2.1532290803448837	0.0016985160794207727	0.0766	2.1825122169463804	-0.003271753520580324	0.12	2.3191227923733653	0.01621110226051277	0.0883	2.208953847032159	1.3394486825280405	0.0	2.103489584798442	1.5456083761258745	0.0	2.0848706769592416	1.3970307510239568	0.0	2.247275670099938	1.2915620631233433	-0.2016	2.3387324036240726	1.181525879163029	-0.1613	2.2101510070476174	0.862728325567471	-0.12	2.2428756720836285	1.2416077911227978	0.2016	2.2602459222307436	0.9835429593860461	0.1613	2.1569713910333332	0.7664582887129419	0.12
368	6.133333333333333	2.2383593496665273	0.8467227221194441	0.0	2.2413078037342204	0.8569549477753544	-0.105	2.2154827950007845	0.4597969976500076	-0.0886	2.2647842580092625	0.05755047038789219	-0.0972	2.131967598050081	-0.0024355766426858924	-0.0766	2.129529320212061	0.013787692760691903	-0.12	2.2911478969081664	0.020008612347994822	-0.0883	2.250461974483956	0.8527323714906511	0.105	2.237669225327912	0.44994699674060523	0.0886	2.291471622939646	0.06736945525721966	0.0972	2.1573894939399403	-0.0009196997664820059	0.0766	2.1865421369314313	-0.0038627007831197255	0.12	2.320258213035002	0.016070676753019805	0.0883	2.2099443787223265	1.3341795552565758	0.0	2.106754259352867	1.5410199934898903	0.0	2.089679032784998	1.3912803934111115	0.0	2.2441310547808486	1.2816743903649637	-0.2016	2.326342729371977	1.1850102106077742	-0.1613	2.1958620221695595	0.84725024441001	-0.12	2.2494093556925514	1.241621227105583	0.2016	2.2644065672987153	0.9819399711970356	0.1613	2.1584017365504167	0.766229829284703	0.12
369	6.15	2.241238864555602	0.8440119252532073	0.0	2.241432934667684	0.852732273149196	-0.105	2.21561224613565	0.45737039990504436	-0.0886	2.2638409065940035	0.05879090066145539	-0.0972	2.132622921186825	-0.006062750218837898	-0.0766	2.131071170385708	0.010114877287545322	-0.12	2.2889607807081984	0.021744875752467155	-0.0883	2.254780071502625	0.8494651621080173	0.105	2.2399009629457916	0.45035537250915647	0.0886	2.292165255460837	0.06552267111902041	0.0972	2.16329830639188	-0.004077006545497898	0.0766	2.192022263038492	-0.00388876895906818	0.12	2.3216731955241525	0.016885754393325264	0.0883	2.210404602494017	1.3295746922359004	0.0	2.1122471563628307	1.538865434735187	0.0	2.092509400281669	1.3867236935386198	0.0	2.2260071634806295	1.2677635746061535	-0.2016	2.2120357824632277	1.0300064170949177	-0.1613	2.1642669499270815	0.8310423842894846	-0.12	2.2594324956853282	1.2386842160318485	0.2016	2.2718806319217038	0.9807686608835087	0.1613	2.163321668311885	0.767873919280988	0.12
370	6.166666666666667	2.240888677706591	0.8428331280187654	0.0	2.2332610033457283	0.8533186371730077	-0.105	2.2101465186127864	0.4621141030478389	-0.0886	2.2595610952461036	0.05968347098910111	-0.0972	2.1350272198941984	-0.00881134076458194	-0.0766	2.1322250622400394	0.007892980019344548	-0.12	2.2810758840588834	0.022002691160361465	-0.0883	2.2562923615147152	0.8508867258781281	0.105	2.2391766537609032	0.4511467277997827	0.0886	2.292009842695518	0.06522120328454248	0.0972	2.17361719384107	-0.006031908479312918	0.0766	2.199254458380246	-0.0042869330512878626	0.12	2.321136353908949	0.017429680004432117	0.0883	2.21134664550158	1.325592608108853	0.0	2.1151262907757524	1.5388703727357895	0.0	2.0939980622835246	1.382822474441379	0.0	2.2051766868624685	1.2616699182385136	-0.2016	2.1808482127460227	1.0260033059448117	-0.1613	2.136570023849926	0.8283117197482313	-0.12	2.2681400683562836	1.2363405814275399	0.2016	2.278161197951846	0.9810968928646354	0.1613	2.167391323840167	0.7646622376354208	0.12
371	6.183333333333334	2.2406033813664483	0.84021530157088	0.0	2.2268027221104143	0.850834360095949	-0.105	2.2075866598636376	0.46258984709831596	-0.0886	2.2601291107221835	0.06114211441256637	-0.0972	2.1362280788849937	-0.009177872667820039	-0.0766	2.1346214588507237	0.007449573532086549	-0.12	2.2840229833669685	0.02084127765516019	-0.0883	2.2573152679408017	0.8471171368053172	0.105	2.2401092256451127	0.450660354768013	0.0886	2.2926741825010315	0.06412841935383405	0.0972	2.1762069682425125	-0.006847221577342778	0.0766	2.194780821075175	-0.004361978610364255	0.12	2.3218885090547032	0.01766777871763541	0.0883	2.2121564507407534	1.3198824274132466	0.0	2.1209349255993835	1.5339994714605694	0.0	2.0938036142964194	1.3776433905782706	0.0	2.207498910652365	1.259005491767024	-0.2016	2.179618013175946	1.0224466997628932	-0.1613	2.121504693792531	0.8334820358167023	-0.12	2.2722767404680844	1.2287948570435545	0.2016	2.282066511240422	0.9763649145906445	0.1613	2.173047695178087	0.7594373870007235	0.12
372	6.2	2.2358886805146496	0.8368610714213177	0.0	2.2093621629691187	0.8453309578686605	-0.105	2.207195020826167	0.4600864099920808	-0.0886	2.257477480502939	0.06078620278735188	-0.0972	2.1353722145949106	-0.009317561438391249	-0.0766	2.1346682535314385	0.00713161590674076	-0.12	2.285372233485819	0.01920125790018261	-0.0883	2.2578784708648914	0.8418872478012988	0.105	2.2410050604729266	0.4499647623945586	0.0886	2.29047289509461	0.06424074167982316	0.0972	2.182467596999125	-0.0078459157452552	0.0766	2.1976883726824226	-0.0046080968828983646	0.12	2.3224254583081967	0.017777211829966583	0.0883	2.211264764837768	1.313054976988333	0.0	2.127721818483846	1.5292349235482958	0.0	2.095377250071028	1.3750319986515775	0.0	2.1893720866860886	1.248999220848632	-0.2016	2.1661306124779647	1.0184749118844874	-0.1613	2.1078067911953515	0.8243209018691302	-0.12	2.280375246314695	1.2203397358301842	0.2016	2.2877708950024025	0.9697502146716694	0.1613	2.172310208395299	0.7548349674202752	0.12
373	6.216666666666667	2.2323149621433123	0.8344159243377195	0.0	2.1899240862146927	0.8404356465691264	-0.105	2.2043791286527044	0.45419176769805253	-0.0886	2.2555297802157015	0.061541026321992126	-0.0972	2.134257320373929	-0.00941245360876932	-0.0766	2.134261302281843	0.006769737796596384	-0.12	2.2873888283766357	0.017876844795859777	-0.0883	2.257544078018136	0.8402652957064236	0.105	2.242346061163065	0.4490363805895274	0.0886	2.2902944388573503	0.06532692109140682	0.0972	2.1891041374475795	-0.007411137970719579	0.0766	2.2022415982730674	-0.0048474380536793205	0.12	2.3223208833103497	0.018059531221676875	0.0883	2.2106476753520155	1.3070641813899813	0.0	2.132846799634086	1.524947946229116	0.0	2.0973212437056143	1.3692336787769	0.0	2.183044193187641	1.2459138004121977	-0.2016	2.163508791439837	1.0195824752870848	-0.1613	2.1107149287313787	0.819898529992013	-0.12	2.2890913447859504	1.2180219271046315	0.2016	2.293964453855156	0.9644899191741961	0.1613	2.175738675469666	0.7484752056860184	0.12
374	6.233333333333333	2.2274386466084013	0.8315729382023149	0.0	2.1823193935783363	0.8351273412176503	-0.105	2.2040901052757564	0.45168948377934043	-0.0886	2.2531851764149393	0.06038603168811828	-0.0972	2.1321010450378286	-0.010153217473517238	-0.0766	2.1344239918473784	0.007659145103428466	-0.12	2.2850704721542017	0.014451540836528935	-0.0883	2.2613723046518395	0.8361662232554397	0.105	2.2448601083473454	0.44693962689321765	0.0886	2.289707064754033	0.0647388290161563	0.0972	2.1932997163589056	-0.008432179323966373	0.0766	2.2127416458442966	-0.00521542929894301	0.12	2.318768878067295	0.0188570059266063	0.0883	2.214035878878776	1.304702087496984	0.0	2.1390320208729947	1.523327000826178	0.0	2.1054931170588933	1.3664898347026528	0.0	2.1828220815224997	1.2457981469445687	-0.2016	2.153919102575293	1.0238847941289246	-0.1613	2.1053929049700235	0.8250832616220515	-0.12	2.2965144461606575	1.2156720590815613	0.2016	2.3014107132739436	0.961812730054342	0.1613	2.1789568834169115	0.744732219260262	0.12
375	6.25	2.2260122745010067	0.8311460276800833	0.0	2.1811570853817694	0.8338514485174765	-0.105	2.205650329271019	0.4516193755208368	-0.0886	2.252604654591554	0.05949258747499028	-0.0972	2.1315801327514703	-0.009364395024914755	-0.0766	2.134507855083635	0.008052383601964745	-0.12	2.288472426363364	0.013957472567165015	-0.0883	2.2622864609800817	0.835868384746473	0.105	2.247628388166769	0.4478399126360364	0.0886	2.2902109179294	0.06339250738752972	0.0972	2.1877472640672546	-0.00831717445331525	0.0766	2.2072379506715007	-0.005619191187559894	0.12	2.3184351645962877	0.019047608939167487	0.0883	2.2171075925135444	1.3017869058970128	0.0	2.1458165655993597	1.519286718039679	0.0	2.113598590850572	1.3629540184035893	0.0	2.1811810809249894	1.2433115564499249	-0.2016	2.157763032058118	1.0179383240917554	-0.1613	2.112592290431728	0.8166608575235266	-0.12	2.300431986769124	1.2164159104243442	0.2016	2.3092566886148402	0.9604005438047613	0.1613	2.1837747664771934	0.7419801320521331	0.12
376	6.266666666666667	2.2243189041305547	0.832095679980028	0.0	2.1663369164376207	0.8383525188937079	-0.105	2.205045525536412	0.4527074777331692	-0.0886	2.2504786344839416	0.060568594369708864	-0.0972	2.1323384684482525	-0.010114708203280129	-0.0766	2.135209765804275	0.007779304149282705	-0.12	2.2866235272516207	0.013526324063642459	-0.0883	2.2642337701467032	0.8403071484134992	0.105	2.250469540190554	0.44875066952448905	0.0886	2.291002566598412	0.06443022107050772	0.0972	2.1996773787750947	-0.008749386403762827	0.0766	2.225443574075251	-0.0062117325361683295	0.12	2.317966707816372	0.019557896442591288	0.0883	2.2209101229877555	1.3004193027783644	0.0	2.146264292759859	1.5177411335247877	0.0	2.1191626333895384	1.3569299955448502	0.0	2.171011950513033	1.2427602383696896	-0.2016	2.145312939298769	1.0161472209538882	-0.1613	2.0921148286268334	0.828137057528408	-0.12	2.316646612910397	1.2170544261046339	0.2016	2.3143650315056155	0.9597907471713364	0.1613	2.190018752843742	0.7410297416925441	0.12
377	6.283333333333333	2.223071449216534	0.8301953637071087	0.0	2.1628250582623743	0.8386638163704105	-0.105	2.2061516218208213	0.4530427481684549	-0.0886	2.2476059434661773	0.05916604860597891	-0.0972	2.1315117594867075	-0.010540377906261146	-0.0766	2.135059434580022	0.006866834965849458	-0.12	2.2815019145074045	0.011805717639362112	-0.0883	2.262427235177123	0.8414118120067778	0.105	2.2529321366953954	0.4483151423165416	0.0886	2.2910105468280464	0.06500945581691771	0.0972	2.1979898660526525	-0.009391404629348496	0.0766	2.220429562194027	-0.0064536907649966335	0.12	2.3178181387908343	0.01875075968474927	0.0883	2.2276013516436373	1.2998401599556504	0.0	2.1485211518430796	1.5174994040294485	0.0	2.1261995934835323	1.356028801808631	0.0	2.1768317263256876	1.2418154931732817	-0.2016	2.1497415417200143	1.0114426737219113	-0.1613	2.0972107162936453	0.830485308205186	-0.12	2.322296343444843	1.2147864206444323	0.2016	2.321649036901648	0.9582235323470131	0.1613	2.1972215530071173	0.74165562424251	0.12
378	6.3	2.2212800375468156	0.8311746963179332	0.0	2.1609911261956394	0.8398537027843794	-0.105	2.20609456723098	0.4515987773494186	-0.0886	2.244323938645225	0.06010280023378049	-0.0972	2.129336932623956	-0.010840193017078247	-0.0766	2.133799051546513	0.00792829649143012	-0.12	2.273648932445865	0.01176980664214209	-0.0883	2.262092835570677	0.8436562904994611	0.105	2.2570699734742483	0.44691034604531743	0.0886	2.2909436339059748	0.06454348682973123	0.0972	2.195976510285609	-0.010225012606122394	0.0766	2.21985959310323	-0.006938557823541816	0.12	2.3180993870686906	0.016988716274769777	0.0883	2.2325097566175467	1.298829884787393	0.0	2.157467369262713	1.5164266011057372	0.0	2.133687255184005	1.3550982627371528	0.0	2.1724643741636043	1.2404569722012244	-0.2016	2.1475633695672984	1.0098084501621245	-0.1613	2.0920125604293696	0.8274011713502567	-0.12	2.33144113139285	1.2122960082856873	0.2016	2.331105512326294	0.9581568368299364	0.1613	2.206845104319907	0.7425506274321448	0.12
379	6.316666666666666	2.220679798287771	0.8311392534333613	0.0	2.1596080263917465	0.8381006163509842	-0.105	2.2041607751787837	0.4497950738409552	-0.0886	2.2395605240487924	0.061056814858692875	-0.0972	2.1282264764981274	-0.012461562047933139	-0.0766	2.1316401360260326	0.007622255890952112	-0.12	2.2698621848422427	0.010973307463830337	-0.0883	2.264109560258747	0.8431286713752142	0.105	2.259743227243181	0.4465817647156505	0.0886	2.290018651643936	0.06469513607379768	0.0972	2.195403693077323	-0.010718197983592664	0.0766	2.2221278329612635	-0.008820370564268654	0.12	2.314260348685947	0.014866640846651132	0.0883	2.2352656500084898	1.297350681268967	0.0	2.1652188995249086	1.5159138055536439	0.0	2.141483084507947	1.3550861278845787	0.0	2.1693532097483668	1.2386079124217713	-0.2016	2.147459538735409	1.0060400633942017	-0.1613	2.0841311703835967	0.8211423625227181	-0.12	2.3387010180824745	1.212172490389244	0.2016	2.34081552568976	0.9598152062353619	0.1613	2.216814462431294	0.7415817252397051	0.12
380	6.333333333333333	2.220633663365394	0.8311542138547788	0.0	2.1615150941783647	0.8374078384257632	-0.105	2.2021869046035905	0.4491764063011031	-0.0886	2.2385733846757296	0.06295057623579253	-0.0972	2.128240772984745	-0.011636373965373398	-0.0766	2.1308957805902384	0.007454789624077293	-0.12	2.2684119907102773	0.011223567227327473	-0.0883	2.2685728652714996	0.8426177167885622	0.105	2.2643849998585703	0.44730848448153243	0.0886	2.289375496298246	0.06427472649772858	0.0972	2.1945727323050006	-0.010715145755279619	0.0766	2.2276173202591827	-0.009848651875216843	0.12	2.310370216427886	0.012651850240759793	0.0883	2.2384834235975815	1.294987404299991	0.0	2.1714346691801176	1.5110390910233276	0.0	2.1500375920636103	1.3508279672780303	0.0	2.1658269128022343	1.2373836172209494	-0.2016	2.1486073210263004	1.0051636258079983	-0.1613	2.0754378294987235	0.8221014398337708	-0.12	2.3462775970482848	1.2106327768599576	0.2016	2.3506475069850903	0.9615696876607147	0.1613	2.2275563841359647	0.7433348256740798	0.12
381	6.35	2.2197692425569735	0.8299725592522066	0.0	2.1611124666390835	0.8341514772377114	-0.105	2.201814998055906	0.44740916237327805	-0.0886	2.2342939506492256	0.06347692538408553	-0.0972	2.1274175403064493	-0.012953095591602772	-0.0766	2.129529217122412	0.006451067674806292	-0.12	2.261752057409885	0.012574739052064417	-0.0883	2.270327765138863	0.8400553381526481	0.105	2.265791414249019	0.4461468896320764	0.0886	2.288161276482357	0.06188489561571954	0.0972	2.1965624984191567	-0.010886721061930352	0.0766	2.2355348405412525	-0.011476005298980824	0.12	2.304470200588125	0.011617722154802244	0.0883	2.2437028641424877	1.2938790771250237	0.0	2.177558857763172	1.510682415552034	0.0	2.156785494059983	1.351258185276583	0.0	2.1656879815885066	1.2360103590578175	-0.2016	2.151484563722434	1.0049044869215806	-0.1613	2.0693294785783625	0.8275100986461158	-0.12	2.356432883950432	1.2097594369934281	0.2016	2.3587146092145903	0.9624028766951686	0.1613	2.238613014675951	0.7445663396484258	0.12
382	6.366666666666666	2.2201016040241215	0.8268977349851386	0.0	2.1623383543741848	0.8303967148573018	-0.105	2.195153667024324	0.4370552859493424	-0.0886	2.2265992791890166	0.0627262664576828	-0.0972	2.1268237765607516	-0.01346540600054806	-0.0766	2.127010918584901	0.003328866559498697	-0.12	2.2534360354640297	0.013010460888538168	-0.0883	2.2758451654205056	0.8378563372838045	0.105	2.269710957232898	0.4400668663076055	0.0886	2.287120765902106	0.058570008572131245	0.0972	2.1959776947605225	-0.010945190823783348	0.0766	2.241678783877423	-0.013493903790638771	0.12	2.3027894589133484	0.009767602099673957	0.0883	2.2462892262379035	1.2921885273241813	0.0	2.182659129756289	1.509068357045321	0.0	2.1659251847921803	1.349762750607451	0.0	2.162426652072388	1.2363348897438438	-0.2016	2.150681458001629	1.0116469271664548	-0.1613	2.0662425241125333	0.8421647279975716	-0.12	2.3655521782032483	1.2086800189070501	0.2016	2.368112822010829	0.963626252684413	0.1613	2.2526939974736524	0.7452911256472795	0.12
383	6.383333333333333	2.2177437765106958	0.8241290884516257	0.0	2.1671336967776873	0.8268464395403585	-0.105	2.1890295156279143	0.433129027893054	-0.0886	2.2208519061235052	0.06230791093265188	-0.0972	2.126511369009797	-0.013911556427232914	-0.0766	2.125919563575628	0.0020640693222050976	-0.12	2.247251745135636	0.012957375120780254	-0.0883	2.2768057872613876	0.8337623978744918	0.105	2.273582364653362	0.43641107315200833	0.0886	2.2855337086547602	0.05562153879271738	0.0972	2.1937429911913338	-0.010864151867402388	0.0766	2.241772035826875	-0.013684659402702574	0.12	2.29974073230281	0.006757354992848991	0.0883	2.250392722382912	1.2901843486191997	0.0	2.1915881467679434	1.5081520291127877	0.0	2.171177703982538	1.3492128155800711	0.0	2.157226660860999	1.2364714816782096	-0.2016	2.144136501886236	1.0127080373915514	-0.1613	2.0589419680908057	0.8453090194185438	-0.12	2.372021718505169	1.2089010254959922	0.2016	2.379358870892575	0.9641645797376667	0.1613	2.260553044899977	0.744614400816828	0.12
384	6.4	2.2220076389299774	0.8175857586034084	0.0	2.1677974124436936	0.8178580028278115	-0.105	2.1814953973496634	0.4346062378989518	-0.0886	2.2175154725092834	0.06451237669196291	-0.0972	2.1262398688221555	-0.013606084690920159	-0.0766	2.123531862847809	0.002156775658374334	-0.12	2.243285051544107	0.014835202420764894	-0.0883	2.282849430638384	0.828747448115564	0.105	2.2744045696085817	0.4345662515836538	0.0886	2.285145987505879	0.05581870349747561	0.0972	2.1918620714588055	-0.010164486884420329	0.0766	2.2419348066820453	-0.012589780228105772	0.12	2.30159300832119	0.008037824334289664	0.0883	2.2530863023480467	1.2837826578753018	0.0	2.194437987109533	1.5035728049733224	0.0	2.176014127600462	1.340702190652941	0.0	2.1529245833830877	1.234233202348164	-0.2016	2.143603728850106	1.0145045067377108	-0.1613	2.0497939296413037	0.8519280686737339	-0.12	2.376601793234812	1.207645897600685	0.2016	2.3885444008471413	0.9647540863061937	0.1613	2.279199307880336	0.7436604479985678	0.12
385	6.416666666666667	2.2241296788889793	0.8128122383395456	0.0	2.168423505588349	0.8125245700299818	-0.105	2.17683545638081	0.43378709918610253	-0.0886	2.213408525551434	0.06632719124109018	-0.0972	2.1239933562268347	-0.01404064191694255	-0.0766	2.1183935324252956	0.0012918880878302966	-0.12	2.240182153826767	0.0176547126772488	-0.0883	2.287867227935846	0.8242031645632062	0.105	2.281438257838963	0.4305045748461024	0.0886	2.2864902710601305	0.05547596475233183	0.0972	2.192945677574341	-0.009387875086367313	0.0766	2.2451306633252672	-0.012485211355411384	0.12	2.302642562860423	0.008796734539714815	0.0883	2.2583972191265826	1.2751129941039723	0.0	2.196421786544765	1.4978615254218786	0.0	2.1802361222784707	1.3316815930431687	0.0	2.1518474439443587	1.2328944490132816	-0.2016	2.142157467918596	1.015840966816456	-0.1613	2.0460260119632068	0.8558605722765847	-0.12	2.3839187309071206	1.2053996922146704	0.2016	2.3962020877422665	0.9641835002059591	0.1613	2.290144535590665	0.7389082614001715	0.12
386	6.433333333333334	2.2277164103637284	0.8100945907480435	0.0	2.169025372649697	0.8097518029153116	-0.105	2.1697369270408604	0.4342400426110219	-0.0886	2.2095903808314405	0.07399287278420769	-0.0972	2.124802768141217	-0.01015210343675859	-0.0766	2.117333685160559	0.004124031792194609	-0.12	2.2409681529014587	0.02606103413641337	-0.0883	2.28926427810363	0.8218451668449356	0.105	2.287304012247963	0.4281967554824404	0.0886	2.289009267388372	0.055752532722152845	0.0972	2.1979626386626627	-0.008563567775095461	0.0766	2.2506749138143753	-0.012089270984502846	0.12	2.304218474240354	0.010233989717531339	0.0883	2.2638453391954987	1.2737913729204617	0.0	2.205894295812051	1.4945102130783026	0.0	2.1898328191617713	1.3304761876722	0.0	2.152031727630846	1.234257138581152	-0.2016	2.137869514507309	1.0204820018669798	-0.1613	2.0371535383656663	0.8597611908957767	-0.12	2.391404181691002	1.202637421513073	0.2016	2.4058533869280363	0.9616716798467773	0.1613	2.302893580216119	0.7362287965236729	0.12
387	6.45	2.2307089103918294	0.8062418858616902	0.0	2.170090414169407	0.8083250220839366	-0.105	2.159845997384497	0.4336858111544646	-0.0886	2.2096715437060097	0.07994042932274016	-0.0972	2.1217222535006766	-0.004511843493170388	-0.0766	2.113405151065344	0.00832445915381063	-0.12	2.2422305455419838	0.03221516907988241	-0.0883	2.293694206444479	0.8192163075988144	0.105	2.2956915123239243	0.4236346237442554	0.0886	2.291887817640861	0.05573584326364922	0.0972	2.2049853730369593	-0.00817154765728513	0.0766	2.259250369027919	-0.01251386513958272	0.12	2.3051098833759878	0.011973145783841684	0.0883	2.2696789840296594	1.2702651534071383	0.0	2.213530229630201	1.4910491844808027	0.0	2.1958561807811865	1.3286080924827204	0.0	2.1520970034241556	1.233356131853834	-0.2016	2.1336454895588917	1.0216563570214048	-0.1613	2.0325347713881867	0.8616377848913753	-0.12	2.398983814332263	1.2028163346264054	0.2016	2.4134161545734005	0.9596558497226307	0.1613	2.3204233611370713	0.733637095660095	0.12
388	6.466666666666667	2.2311060818413377	0.8048222700840896	0.0	2.1685454208250783	0.8089465654339474	-0.105	2.135949451530438	0.43372135523578764	-0.0886	2.2090164002956802	0.08726462405413751	-0.0972	2.1088960280873836	0.0035062173464175533	-0.0766	2.1045756094108423	0.01967976686210439	-0.12	2.245748232094209	0.039493818952539124	-0.0883	2.295405005853272	0.81626760901048	0.105	2.3056652770975776	0.41510173957574154	0.0886	2.293780949599581	0.05484736219167929	0.0972	2.207218739057478	-0.008036237376618752	0.0766	2.258700787105137	-0.013395353506421813	0.12	2.3059101338111536	0.012043495678761992	0.0883	2.27623785925459	1.265481525534572	0.0	2.215141697073617	1.4897967225443929	0.0	2.2008926467196335	1.3236930872501564	0.0	2.150396444682046	1.2381391227729501	-0.2016	2.128807689668193	1.0224300610179036	-0.1613	2.02112207954837	0.8600337156099072	-0.12	2.4051910492018136	1.2026359524872003	0.2016	2.4190881360504766	0.9569322923576125	0.1613	2.336214227188693	0.7308944089235769	0.12
389	6.483333333333333	2.230702616189956	0.8046144331808396	0.0	2.1668458709639404	0.8097964329481798	-0.105	2.1194308184239574	0.4347627590182026	-0.0886	2.205936444523981	0.09580946250741121	-0.0972	2.0996897053602845	0.0077965410312535385	-0.0766	2.0961905984299443	0.028423614581302707	-0.12	2.2468739946512564	0.046279183181060606	-0.0883	2.2963779892074876	0.8158008843566472	0.105	2.3088185231476728	0.41419004667248344	0.0886	2.2952805026223726	0.055390096305035476	0.0972	2.2138732271687065	-0.007710840389976374	0.0766	2.2661193240161994	-0.013633667867889734	0.12	2.306831028867755	0.014816994086353494	0.0883	2.281440317377787	1.2633341228736252	0.0	2.2254470131868516	1.4862629922984836	0.0	2.206982176843855	1.321325886411373	0.0	2.149302069174074	1.2403446894261787	-0.2016	2.1231290449624365	1.0219929314708665	-0.1613	2.006393780858939	0.856968282390604	-0.12	2.4141501361050954	1.201910714342205	0.2016	2.426151020573909	0.956706755971002	0.1613	2.34689105467896	0.723717050144682	0.12
390	6.5	2.2313530475998986	0.8026616569755993	0.0	2.1649260225126135	0.8103450744578722	-0.105	2.1046734620425913	0.4364851918529428	-0.0886	2.2038590571047294	0.10404681610644034	-0.0972	2.092077216169562	0.010207172784831776	-0.0766	2.08869636741924	0.032613520480736735	-0.12	2.2462922581305644	0.05674661427898579	-0.0883	2.2979381818380245	0.8140105085665927	0.105	2.310069646360496	0.41207134756245045	0.0886	2.2972252844904943	0.0553108637427694	0.0972	2.2157836909100097	-0.007235040983725079	0.0766	2.272667641402076	-0.013845386171373042	0.12	2.3077917001039747	0.017931402705805607	0.0883	2.283342165526922	1.2620907014484894	0.0	2.2337543877057353	1.4833517558843212	0.0	2.2122559620841638	1.3201843462835627	0.0	2.1480989004835656	1.2433186067315134	-0.2016	2.118238472630107	1.0233776825738785	-0.1613	1.9963042865493996	0.8559615364431055	-0.12	2.41811920000153	1.2023076533198047	0.2016	2.432093489669485	0.9571105861246749	0.1613	2.3621423023176584	0.7196977095241697	0.12
391	6.516666666666667	2.234056451804069	0.8019642766540934	0.0	2.1650634650969485	0.8110739802394409	-0.105	2.091157346961809	0.43908881400576116	-0.0886	2.2012854393962153	0.10747224109509276	-0.0972	2.08370740629836	0.008868780940704923	-0.0766	2.0807337935236108	0.03152227967823733	-0.12	2.247099833374812	0.06269821825193958	-0.0883	2.30458928005444	0.813595363477891	0.105	2.3121908021859965	0.412298606765912	0.0886	2.2978650585490836	0.05542992208186908	0.0972	2.2153753228079336	-0.007237113676326658	0.0766	2.2737000017096665	-0.013425630613214924	0.12	2.3087259962324014	0.020622898451665185	0.0883	2.2878279848484553	1.257411651936497	0.0	2.241046501312173	1.4820987318823797	0.0	2.2162230458298495	1.3170119277841263	0.0	2.148328698211258	1.245894726652004	-0.2016	2.112424528830156	1.0218782532027697	-0.1613	1.9865099898464562	0.8542668315437868	-0.12	2.42466728171697	1.2008616192295205	0.2016	2.4412618375181765	0.9572020716020855	0.1613	2.378602791953049	0.7174076226274719	0.12
392	6.533333333333333	2.2376517255757897	0.8008852949003525	0.0	2.165259413477889	0.8115352647947284	-0.105	2.08003881485775	0.43912256928712934	-0.0886	2.194157082319987	0.11207764734498257	-0.0972	2.077487370964298	0.007589207836048495	-0.0766	2.0771187001776297	0.030240498306894563	-0.12	2.24311130151509	0.07085206225215712	-0.0883	2.3091795834910966	0.8135043700141049	0.105	2.313167498066031	0.40916230927602953	0.0886	2.2982225464859227	0.055089479079904705	0.0972	2.215691335884527	-0.007907055977351252	0.0766	2.2746952181192883	-0.01336932131716067	0.12	2.309968890983721	0.02088299040809863	0.0883	2.290114982864344	1.2537042789996762	0.0	2.24355111802658	1.4826153762948628	0.0	2.222774741600341	1.3133332938280364	0.0	2.147341170526184	1.2477256987192797	-0.2016	2.1086448897928594	1.02160976419908	-0.1613	1.9822293059252643	0.8542836482172353	-0.12	2.429157630187733	1.1997555760829388	0.2016	2.450282173647978	0.9562885588232446	0.1613	2.3882505120209627	0.7153139407330329	0.12
393	6.55	2.239303475501086	0.7999669877652923	0.0	2.1646114070106006	0.8110157044281097	-0.105	2.0671387456737205	0.43573954165067774	-0.0886	2.188610876218368	0.11269820443772763	-0.0972	2.0695231124436395	0.00577870464875551	-0.0766	2.0733145238975923	0.02812406569741923	-0.12	2.2389671587654427	0.07409428569584164	-0.0883	2.3123731534098413	0.811797159541165	0.105	2.312908941128808	0.40590608739736134	0.0886	2.2979320500919416	0.055603311127464944	0.0972	2.2170868250234226	-0.009082739572477967	0.0766	2.2790212309967575	-0.013347810404123937	0.12	2.3106710237668597	0.021050617626444314	0.0883	2.291937644877478	1.2510460919283874	0.0	2.2457289347727425	1.4830842959008288	0.0	2.227938075667096	1.310749944281563	0.0	2.1449290418196685	1.2482929855019866	-0.2016	2.102845751142162	1.0201583510655459	-0.1613	1.9719799404028393	0.8520407316629839	-0.12	2.4329050376515418	1.199141543460398	0.2016	2.457328986283424	0.9566156622320379	0.1613	2.3973725506783587	0.7149255080501158	0.12
394	6.566666666666666	2.241343709313619	0.7982856955576456	0.0	2.164411169353147	0.8095399089820605	-0.105	2.055936237293597	0.4243222638935549	-0.0886	2.182533132471422	0.11254930647844796	-0.0972	2.060346273688278	0.0035595889639627246	-0.0766	2.0645272369148744	0.02473929504276761	-0.12	2.236628127328637	0.07495932664962314	-0.0883	2.3147879527322175	0.8105652559555518	0.105	2.314245991696979	0.40379253238877505	0.0886	2.2979272856206747	0.05552404241545642	0.0972	2.217244047344663	-0.010555618466545583	0.0766	2.2807935954748584	-0.013383302030677072	0.12	2.3109836614708756	0.020663448262619233	0.0883	2.2921136770017374	1.2468661141150055	0.0	2.2463912102283734	1.4829513128502012	0.0	2.2313129395980407	1.310650573307286	0.0	2.142490990902545	1.2481819092921522	-0.2016	2.0951529817299215	1.0190882138634645	-0.1613	1.9623615988682637	0.8488025049057839	-0.12	2.436555391277989	1.1971061924495943	0.2016	2.4691991415573122	0.956171189258763	0.1613	2.4081888193850083	0.7154370921607873	0.12
395	6.583333333333333	2.243415973844229	0.7980012495997459	0.0	2.1647498643587406	0.8092845695152857	-0.105	2.0518676988178255	0.42085687701602276	-0.0886	2.179096277377498	0.11329265051027454	-0.0972	2.0544879049366562	0.003120526481469009	-0.0766	2.058664638187781	0.023099297936189124	-0.12	2.233841928324239	0.07579224970339321	-0.0883	2.317134793392753	0.809429059410325	0.105	2.3151796942071834	0.4037784016958917	0.0886	2.298451873361408	0.05574240037387029	0.0972	2.2178330862021456	-0.011259621104840113	0.0766	2.2817108710233036	-0.013489217540603789	0.12	2.311533856998043	0.019780452680163728	0.0883	2.2928391804045654	1.2449676683606188	0.0	2.2485113979045694	1.4836236834292955	0.0	2.2371181545428818	1.307851344985362	0.0	2.1419805308785884	1.2483805632217035	-0.2016	2.093010259238202	1.0191092217878623	-0.1613	1.956110273052806	0.8461731014013502	-0.12	2.437791058485036	1.1954406534721336	0.2016	2.4762354855395774	0.9540672337593733	0.1613	2.4112952385796573	0.7183416599758896	0.12
