Coordinates
version=1
nRows=396
nColumns=24
inDegrees=yes

Units are S.I. units (second, meters, Newtons, ...)
If the header above contains a line with 'inDegrees', this indicates whether rotational values are in degrees (yes) or radians (no).

endheader
time	right ankle	left ankle	right knee	left knee	right hip	left hip	right shoulder	left shoulder	right elbow	left elbow	right foot	left foot	right shank	left shank	right thigh	left thigh	pelvis	trunk	shoulders	head	right arm	left arm	right forearm	left forearm
0.0	1.989635870809436	9.58599821216161	9.397569745994481	-338.6064290335525	2.467114588907938	6.75056379695183	-0.631421817671663	-13.320713334695176	59.946766061912115	96.4631909656022	-5.5238674523633415	-5.651080262757745	-97.53986974300508	254.74658082579606	-88.10549358122701	-83.8233987716727		89.42374503905329	-2.5945323524121493	72.34904371848377	-91.22660646597811	256.1069396227262	-31.11745843793763	-7.359688540291393
0.016666666666666666	1.9601760785390105	9.596883713292144	9.248297331135392	-338.65311745018107	2.391803122697311	6.720940219854862	-0.6389101510809836	-13.43961075867626	60.32499757202308	96.56156172021788	-5.519347024137248	-5.6411351700836265	-97.5216128033066	254.73386354040747	-88.18163784795162	-83.85270918048049		89.42295699276428	-2.5929210721226483	72.36922775356254	-91.26650396334932	255.98825212804707	-30.909779819925614	-7.3373526228949
0.03333333333333333	1.907624479551592	9.63236945187641	9.043616657866014	-338.7499558957913	2.269176316648828	6.650851800202089	-0.6582323514625887	-13.667761383894504	61.16141917487948	96.91226890697826	-5.512690680467958	-5.610377640854847	-97.49329221051367	254.71104324954655	-88.30896416938792	-83.9229004061862		89.42178328735861	-2.590545902054439	72.43513975022013	-91.37147736473942	255.7561946626481	-30.501069247837158	-7.266276488030358
0.05	1.9212723716230864	9.752304110826742	8.967393330505908	-338.9311755022519	2.211133800031672	6.488933390735095	-0.7111138983141249	-13.779936339387842	61.6444218458992	97.26941074850978	-5.503077077838726	-5.511890459190342	-97.53291706201601	254.6710254721782	-88.37187278256734	-84.08607957867419		89.42052281174738	-2.587060084970049	72.65460932290544	-91.63636651214394	255.63913889714706	-30.0932731536449	-7.095962751211982
0.06666666666666667	2.0212883433644815	10.112678012384968	8.98602569057703	-338.92361778538077	2.180132852646867	6.342379052132035	-0.8513579036363914	-13.833209606671293	61.06443747364564	97.91936392280263	-5.48965303455324	-5.236657600268924	-97.55707469440215	254.6051440604828	-88.40333379141784	-84.23454649749563	1.1860153537799993	89.41898708120829	-2.5819894419972247	73.33980619186922	-91.63364779814258	255.58409009680372	-30.503663105116154	-6.607851941403457
0.08333333333333333	2.079646239850105	11.136083930549963	9.081004040064267	-338.93033620492315	2.1569440320608155	6.1548256048249534	-1.2024351749965372	-13.895633726457232	61.105122300072665	98.42154989138896	-5.47991535476637	-4.472067982674594	-97.57639897652273	254.5117420281095	-88.42749546599866	-84.42735361981873	1.1864488895431569	89.4174317034822	-2.577018150990767	74.15559953238814	-91.86498974779657	255.52298465522415	-30.653602526276906	-6.080124230149956
0.1	2.102090054062501	11.343454684059466	9.121752816920438	-338.9354074295355	2.145595182294679	6.086921489841045	-1.3538616972012651	-13.858384905977344	61.50575738745107	98.32697333296673	-5.482690859947016	-4.251188124602564	-97.59037289410377	254.4660186497486	-88.43964461587869	-84.49892856790952	1.1871191668322325	89.41612335606801	-2.5738999346570552	74.19402976779148	-91.96421270784695	255.56031934526737	-30.743493105970707	-6.064193389353936
0.11666666666666667	2.098910157580667	11.393814341803669	9.142514142098507	-338.9409363060233	2.141363667751112	6.062994869835359	-1.4111512550559193	-13.665226884961795	61.121779456380295	98.27687954519129	-5.498546186167872	-4.19602329153952	-97.59891749973046	254.43926762501638	-88.4447668090459	-84.52571975315581	1.1881620301585505	89.41487735966746	-2.572177616468215	73.94001137523281	-92.00506538375454	255.7466703033905	-30.863503932206786	-5.828101927847222
0.13333333333333333	2.0839362447886116	11.406078614094055	9.154711094186919	-338.9490455184067	2.140854040061895	6.048886948729051	-1.4342117490174147	-13.60492372180957	61.087350658581855	98.28122028509185	-5.516728828738644	-4.180303927641297	-97.60254924639285	254.42772734608192	-88.4454252308426	-84.53948048245942	1.1897941231645697	89.41401156233188	-2.5692533613726205	73.8980983401863	-92.02385901330385	255.8087876895861	-31.16141942240347	-5.770637920416974
0.15	2.0575970658782694	11.401807944691898	9.163177825511454	-338.9627800652843	2.1436671382670696	6.037303139368358	-1.4412437811708427	-13.56501547380115	60.87684271423529	98.32089657471978	-5.544098949995679	-4.174865198250788	-97.60142403091142	254.427485321595	-88.44220578696847	-84.55049873317633	1.1923605596043259	89.41341226507718	-2.5670818042710972	73.89574710637733	-92.02949244908083	255.8477541356641	-31.37586756661779	-5.735300824051408
0.16666666666666666	2.0179833073318445	11.385302672337437	9.170565372514776	-338.98713418512887	2.1509225375493948	6.024348138342557	-1.4458802219667743	-13.524976667575086	60.656237869080144	98.33059491636712	-5.5905827362497575	-4.172300277500305	-97.59483859190716	254.43823196034847	-88.43399374193318	-84.56332779048044	1.1964068990993995	89.41299994407414	-2.5609522414087906	73.91953357333583	-92.03357986222842	255.88785539175325	-31.57005289042439	-5.722665377303298
0.18333333333333332	1.9419289331273781	11.351992450817269	9.189516077714867	-339.0299774837146	2.1657066469529838	6.01876057972039	-1.451025003149283	-13.527814215601486	60.4348420845744	98.36475046562562	-5.680528401213571	-4.1703719591919635	-97.59059416335104	254.46387643828297	-88.41763984522629	-84.56872957659941	1.202779117366048	89.41271997357282	-2.5588481014175657	73.96426924706925	-92.03860788561161	255.88563535953494	-31.88747893177588	-5.71855701518601
0.2	1.7742054100052185	11.339759091847437	9.224051655286742	-339.05597874622765	2.1942056589167187	6.0169613600529	-1.4534540867038714	-13.534339376802691	59.76007184942452	98.37265615893133	-5.886297057588689	-4.168245117703423	-97.58772417003429	254.47996167661447	-88.38708734679496	-84.57025735121063	1.2127365348656554	89.41253585179702	-2.560730898900022	73.97970331587632	-92.04101660534467	255.88028756209684	-32.454204081009394	-5.717730721325474
0.21666666666666667	1.784610754478769	11.334106459204992	9.281839260787441	-339.0751785081478	2.2540803324018244	6.01755062596904	-1.4547933770981782	-13.548401610331592	59.5423075577026	98.36952113904906	-5.9211307248614595	-4.165478108644748	-97.58564936431863	254.4932687563338	-88.32621022614795	-84.56930355732621	1.2280023005812644	89.41242466810722	-2.5619659482240498	73.9859844815749	-92.04226315609237	255.86839501660785	-32.567150814174276	-5.718660496256008
0.23333333333333334	2.1097097871550683	11.329977300602666	9.35499570577345	-339.094511293732	2.3584457122816027	6.020412101279321	-1.45585017676502	-13.578401965116342	59.458129259918536	98.35808453114815	-5.669377296605487	-4.161558825635551	-97.58396657988077	254.50864502319035	-88.22666000438193	-84.5659974923285	1.2505210739801664	89.41237449961481	-2.5627781452566936	73.9887187068283	-92.0430505892203	255.84218215380918	-32.609197277024094	-5.721379516589875
0.25	2.3795194995521634	11.324667060762064	9.41605144107345	-339.1197049987702	2.4270936195265356	6.026458612096361	-1.4572272315473414	-13.641591927988163	59.43295962435929	98.33521089932466	-5.4739444411488245	-4.155818608649335	-97.58232125623122	254.53164741122856	-88.16605476129111	-84.55952553712437	1.2648316369266794	89.41238371319959	-2.563305371173323	73.98995293974731	-92.04382388234647	255.7846735733355	-32.621777037697434	-5.727036143991586
0.26666666666666666	2.310962179112456	11.315290305459593	9.459808268982478	-339.1561701380068	2.4612954828000824	6.037880347115312	-1.4597521131527331	-13.767761915242867	59.432936868013186	98.29058151360269	-5.269925438527493	-4.147168728746626	-97.58029258138784	254.5703692447871	-88.12619998220123	-84.54804462722953	1.2734611460044332	89.4124624055648	-2.563632531538337	73.99055787068947	-92.04509121908869	255.66305983938128	-32.62401982721747	-5.738361335076789
0.2833333333333333	2.4203317771933097	11.296901980870619	9.483401530238446	-339.207475476128	2.4800619809960938	6.043333330965368	-1.4650905615239576	-13.944427611484087	59.44231644557142	98.31465524747256	-5.061059170947544	-4.143831204167119	-97.5772363260808	254.6359168894546	-88.1026992317775	-84.54191661993198	1.2787303032524902	89.41263692587121	-2.5638101734114125	73.99090954455329	-92.04785723485212	255.47784544893392	-32.62068066606775	-5.761022549168187
0.3	2.6746211127567516	11.239616104615884	9.492837908787134	-339.27672802393124	2.486111528609986	6.046401078029449	-1.4752235466158101	-14.01847527305912	59.47543731359637	98.41389076553006	-4.835166731056013	-4.143396735392553	-97.57201232079468	254.7363559446331	-88.09225753283535	-84.53840769603198	1.281960779880277	89.41295946985348	-2.5638646330226624	73.99118325808475	-92.05462178537522	255.38933867142265	-32.609986152806165	-5.775263156855224
0.31666666666666665	2.831096310282974	11.140972241226688	9.490411511822622	-339.32956499213293	2.4814221859206653	6.048232918539055	-1.4904301490854013	-14.053282613535309	59.58529259641226	98.67489575407103	-4.702861274415847	-4.144945640247846	-97.5624727414196	254.78590527755472	-88.09203235650978	-84.53618453413769	1.283801648146409	89.4135268469102	-2.5638029715763073	73.99147777705278	-92.06364171107494	255.3535833417103	-32.583315098900144	-5.789856374940579
0.3333333333333333	2.8862230835382032	11.088349000855143	9.472207540608316	-339.3581785132476	2.4655303221807205	6.049455258743738	-1.5219983429506452	-14.071618013290003	59.94414444781678	98.74478824553594	-4.65477351163546	-4.148393634180973	-97.54452081686235	254.81467775637907	-88.10227762932537	-84.53448737309121	1.2846597634637562	89.41384999139008	-2.563614155385164	73.9918721789267	-92.08298302969747	255.3371031047344	-32.51813983615997	-5.8439295240283995
0.35	2.8614160457110662	11.049840821650065	9.411371536550437	-339.3722198144561	2.4283825401665347	6.050484718247928	-1.5973348014493247	-14.082021208513769	60.943943729479	98.73068921350446	-4.646552423361138	-4.154199718826877	-97.51059647727622	254.8308788613383	-88.13561562869232	-84.53274845123097	1.284746248701663	89.41394216949578	-2.563266777647057	73.9924582398525	-92.13396176663353	255.32737595530648	-32.363109004466004	-5.932042392964054
0.36666666666666664	2.698629257986041	11.016518120526394	9.267754736796267	-339.37851902403554	2.3689052568199305	6.051729110956041	-1.7704356685634672	-14.089633709013514	60.79964417267355	98.63630208560579	-4.671467064752552	-4.163263552990447	-97.44827668874875	254.83880507562327	-88.2024124353246	-84.53033505022539	1.2841158379652535	89.41376217164658	-2.5627027932859496	73.99336993509625	-92.27603855015938	255.3201751454713	-32.03713563275832	-6.079858467082292
0.3833333333333333	2.5674424094115382	10.99411030512147	9.001001056165741	-339.38032187867395	2.3023585697481517	6.0538171229515765	-2.1153728108525964	-14.096776849590718	60.73891749232662	98.47467766345227	-4.765625258759303	-4.168050071748373	-97.34363612282216	254.84135796327587	-88.30478610843242	-84.52625421986127	1.282684557603142	89.41318487081533	-2.5618256436392626	73.99482424927932	-92.65442618942232	255.31263882665502	-31.924478755725655	-6.2720330033460465
0.4	2.325583507477378	10.969423229280364	8.890842955347203	-339.3783382500211	2.2367496764821597	6.056639388447925	-2.209196103657982	-14.108224366809813	60.74474313942717	98.41819818920948	-5.0546043181882	-4.170695786213827	-97.29678177958506	254.8395971257085	-88.36590557433749	-84.51865564841516	1.2802248345578642	89.41271817938808	-2.5604791660394053	73.99718962642996	-92.80028152735981	255.30217154832394	-31.991016037854482	-6.393758402333895
0.4166666666666667	2.0361828281462877	10.947213970035563	8.842694358652423	-339.3708375410961	2.1911944967823627	6.063321502691277	-2.2283425736690474	-14.128435141688875	60.941477507383496	98.37089145842398	-5.244616975780697	-4.172207194668396	-97.27488076906204	254.83286688476386	-88.40265635365473	-84.50388524875873	1.2763424322784802	89.41145675929171	-2.5584106331361394	74.0011155449055	-92.85219410404763	255.28512641468427	-31.9554581893771	-6.4623192566916705
0.43333333333333335	1.8646467039431536	10.924096951012286	8.81789740628191	-339.35204467468236	2.1645453209436925	6.079047211777363	-2.2159129978619756	-14.169609790232535	60.83523998267138	98.34266728781918	-5.374075603262094	-4.173092848638717	-97.26479339272475	254.81852419339538	-88.4253427682507	-84.47474363910452	1.270445762397134	89.40874260345657	-2.560348396660781	74.00779160262988	-92.8707782218166	255.25455788036356	-32.079055643191666	-6.489090278274381
0.45	1.7655812238886104	10.882948247519517	8.806737598441675	-339.307474835739	2.152573060278386	6.116508232970297	-2.180302411866752	-14.184014544718616	60.87115838087804	98.33507303903625	-5.465749023784459	-4.173622625680842	-97.26002501553936	254.79113320611884	-88.4378559148502	-84.41795740245867	1.2617365740138031	89.40318547568417	-2.5616975478104473	74.01950464430419	-92.87652687251118	255.2503140954396	-32.03031829928485	-6.485883465448752
0.4666666666666667	1.6581215041744644	10.807521161441647	8.802780363195232	-339.2042926921707	2.1508866646602502	6.205687235232246	-2.1306998318363553	-14.175262920411694	60.887655425400084	98.35168915686945	-5.57091880039875	-4.173945160214614	-97.25858472468464	254.77034554656422	-88.44398714412901	-84.31387173469712	1.2492926296230986	89.39186840061585	-2.5626611821737937	74.04094654436054	-92.87560425253814	255.27266175699486	-32.00066522144656	-6.445420987685422
0.48333333333333334	1.4661082209389886	10.630955141455035	8.803427768000923	-339.13579308686724	2.161388415001639	6.2510421704383745	-2.0372152180962346	-14.131913296670792	60.87987913026149	98.40543086651306	-5.759511714286329	-4.174144645524341	-97.25950653255379	254.74884991220756	-88.44586013021366	-84.24106578932275	1.2323867336338976	89.36873442709263	-2.563377159430411	74.08264181328964	-92.86774867220531	255.33026871734864	-31.978715707458875	-6.329302727694453
0.5	1.1262820446663664	10.603392354053728	8.808757750130868	-338.97719369400676	2.196535416893181	6.408235497584972	-1.8176321596753866	-14.0159751909219	60.82842320968731	98.52252198670254	-6.1070594568380745	-4.174269828373106	-97.26255059536132	254.7199327366825	-88.44399079397058	-84.20377256201317	1.2209946545328405	89.32071819046439	-2.56394670460806	74.10426131598486	-92.84632229729313	255.38742436916465	-31.963732042895167	-6.051288739260868
0.5166666666666666	1.0596425840605082	10.795591776882393	8.821478707683664	-338.83193541627213	2.286069808324503	6.588458083309073	-1.5222578778898392	-13.832275541028633	60.66449654765334	98.48370508834356	-6.194897576600386	-4.174349635772151	-97.26798433813546	254.67547853882286	-88.43722475419713	-84.18538053584288	1.2149640959462022	89.22632213924904	-2.564453732603269	74.10754040941147	-92.79039863229228	255.46061410265446	-31.953907466598622	-5.857709808274254
0.5333333333333333	1.0388208158487002	11.040601220694345	8.848293809642968	-338.68522882595664	2.3600878926263147	6.6666051954423775	-1.4491376813325494	-13.618483678478029	60.13472542894984	98.45994264439909	-6.224293472107949	-4.174401532097191	-97.27645125068952	254.60693065351614	-88.42200182728145	-84.1760845116899	1.2142667783996295	89.1709816486793	-2.5649810410845775	74.08880595659735	-92.65471820462027	255.55438367539273	-31.947583745685094	-5.773122887249614
0.55	1.0228405116574715	11.152383969204601	8.88418357091909	-338.64502985832786	2.4335701978517412	6.699046904754653	-1.7418938189263744	-13.412966431555418	60.526393847086766	98.44493576936472	-6.2358295403387105	-4.174436364300432	-97.28120650960642	254.53061122709704	-88.39059077680585	-84.17109162591618	1.2191903242752828	89.14155026648238	-2.565627916022822	74.03255825763917	-92.79993539899067	255.66994982783444	-31.943537562128913	-5.73983279854328
0.5666666666666667	1.0372531541118237	11.250037701312525	8.946145865972671	-338.6388285681324	2.530455952652252	6.713129054195061	-2.0060562545879916	-13.331215041084615	60.970702699531515	98.44240396020945	-6.2402425997070585	-4.174461182750329	-97.28393936232207	254.50139917854432	-88.3284358913189	-84.16810564430227	1.230664088533624	89.12611152331351	-2.566534280965452	73.90429046301904	-93.00730460691524	255.75768003920086	-31.94093978561177	-5.7265028449393665
0.5833333333333334	1.0424991073274261	11.369489289238132	9.057222041005305	-338.5705903737892	2.693220857238737	6.719847263527408	-2.5154466057135276	-13.320640132401651	61.83720496010024	98.46036999870843	-6.241969905091191	-4.174481024664205	-97.2854844670213	254.4327388733633	-88.21449838598762	-84.16595246500641	1.2501262819094134	89.11778894659993	-2.567918546512846	73.6613291301146	-93.4467369145206	255.78608377286935	-31.939243423569224	-5.721042406121971
0.6	1.044527042588364	11.424319489878949	9.134633875166958	-338.551141728281	2.765344050105961	6.72378086025984	-2.7036419779800465	-13.373722002382468	61.784961538195645	98.51977342337801	-6.242668846222846	-4.1745001203726755	-97.2862714983387	254.4030499137537	-88.14105166903141	-84.1639563611039	1.2628804376497258	89.11294412116108	-2.5701407434632313	73.51714290289253	-93.60565861712463	255.75044360363802	-31.938074508167432	-5.718785549550102
0.6166666666666667	1.0453288628584623	11.416944866138483	9.176177573368285	-338.57384251086637	2.794267415422846	6.72715878333472	-2.763942524929049	-13.430769572258852	61.770933781949765	98.61311925369463	-6.242959613937443	-4.1745231931064195	-97.28651521010262	254.41629815839406	-88.10274202106962	-84.16167092986197	1.2715314837318177	89.10956577486344	-2.5738095311269547	73.44713890571252	-93.659518253582	255.70479684288938	-31.93713101434491	-5.71812575963718
0.6333333333333333	1.045617887614818	11.341608585723478	9.196136950304524	-338.64300452923897	2.803316005102678	6.731547117123096	-2.7835516039603205	-13.517900917415844	61.775645318525584	98.78954970978339	-6.243079498910197	-4.174556933418024	-97.28630019952222	254.47857444386926	-88.0838869712927	-84.15866645704305	1.277155945167416	89.10630340682984	-2.579959794130469	73.41311127847054	-93.67876581858931	255.62004174877143	-31.93604641323158	-5.718411158634384
0.65	1.045643622088206	11.363738166988398	9.204671388076147	-338.63190849764084	2.799914606753693	6.7387827022096625	-2.7889794233089447	-13.652017119823832	61.7635671617532	99.09964671024446	-6.243119858409494	-4.174612631265192	-97.28561544995219	254.47872971933003	-88.07456881769501	-84.15440282954759	1.2809946356532365	89.10181622934529	-2.590327980923911	73.40118838903797	-93.686270802037	255.45137022998108	-31.934103625271653	-5.719426260563222
0.6666666666666666	1.0454538999150107	11.351425947946344	9.206859189189872	-338.6475777647879	2.7845299158040815	6.751849287154647	-2.787913051617715	-13.704171392218917	61.7607608856577	99.2502734165142	-6.243111693602516	-4.174711131673396	-97.28435926720557	254.50716650935993	-88.06932357164385	-84.14806756842007	1.2835729061486574	89.0941119183925	-2.5927580622269297	73.403683268412	-93.68989852242227	255.34750995243547	-31.929452505233147	-5.7211907004394424
0.6833333333333333	1.044957640710547	11.289766119527819	9.20478874274263	-338.69659953275277	2.7486954809001762	6.776049234049852	-2.781566640990337	-13.74406843000596	61.76554062631331	99.14752381736216	-6.2430534471480295	-4.174892639693324	-97.2823192682693	254.57449190313082	-88.06610408334487	-84.13829336444084	1.2852855914055619	89.07954337811161	-2.594407800241231	73.42170760995509	-93.69294507087874	255.26159919155282	-31.916746490582014	-5.7238769890031405
0.7	1.0438697415485307	11.19091817714963	9.20716337301059	-338.77370964570275	2.8345016066438005	6.80241185464584	-2.7673880372847393	-13.7798286199202	61.78745128321435	99.10828685777344	-6.242912789195851	-4.175237680959933	-97.2791196833556	254.66277703234505	-88.06380478221057	-84.13243999521232	1.2864140411694667	89.0510843108082	-2.5955273468868083	73.46622877277788	-93.69790381576485	255.222669196766	-31.87972870887751	-5.727779905817444
0.7166666666666667	1.041503992474758	11.112489310781545	9.205517628440683	-338.82210501498787	2.929611341759766	6.840963644589152	-2.7375896844305814	-13.769775652664311	61.86710151847448	99.08781982367339	-6.242603782741113	-4.17591190356447	-97.27411359299488	254.72209819007395	-88.06172780308461	-84.12919315783127	1.2871492730248475	88.99585489238946	-2.596288142343485	73.56209292138111	-93.7089626393624	255.20542170603784	-31.76832497994314	-5.733294970122445
0.7333333333333333	1.0362193883385484	11.063235225798131	9.200123142407396	-338.8362826805081	3.0591592800971132	6.903444382173198	-2.6718432223823863	-13.706317732249921	62.15411984810022	99.07294783641277	-6.241921591902311	-4.177265383245336	-97.26616321186579	254.74027876671738	-88.05934140168652	-84.1277413727502	1.2876165589626192	88.89468539821821	-2.596806436080242	73.74498000513016	-93.73614153706525	255.19760088364922	-31.438989704260784	-5.741199808440874
0.75	1.0239422617014573	11.025284652842398	9.198292303279084	-338.816883100485	3.117189725628749	6.9989551162671875	-2.6907776100125513	-13.672893332058955	63.10425747128287	99.05697286909525	-6.24037424708995	-4.180057331620578	-97.2608294267488	254.72941253674497	-88.05609867923731	-84.12771567594665	1.287894681887451	88.84473905740323	-2.5971607290783956	73.86980312359651	-93.80503211655795	255.19373819964676	-30.628313024945335	-5.75321135378126
0.7666666666666666	1.0191529834264363	11.005092967799229	9.194906108704195	-338.75377142578753	3.1399987106371707	7.0350699060022865	-2.8232859399081818	-13.651617969104358	63.812902695111845	99.04810552786645	-6.2367459721985306	-4.185973636772566	-97.25744714612242	254.69233223255276	-88.05125723238703	-84.12913490367035	1.288028963522982	88.82103233399054	-2.5974040466904027	73.9175078669426	-93.97710851028431	255.19175897043863	-30.343511598183582	-5.760670662611704
0.7833333333333333	1.0213205395852132	10.997070057888113	9.197262550798875	-338.6981039815973	3.1492577366635404	7.048043185456816	-3.1414350577142516	-13.636759393352108	64.20651204606492	99.0431087613128	-6.227939539056563	-4.198826390993486	-97.25553164872763	254.63069221953066	-88.04858980304657	-84.13243075320095	1.288038776778845	88.80940582705476	-2.5975724448069704	73.94318279043087	-94.35837934321184	255.19073023909948	-30.204875102024587	-5.765400218739715
0.8	1.0352080532161434	10.99991155554304	9.202059419564073	-338.6511329603468	3.1533521503473105	7.049753393277422	-3.2567377643131175	-13.626888575938526	64.29733393173737	99.04023516029233	-6.205865327415872	-4.22727101575992	-97.25482625281985	254.5804865563196	-88.04737137735499	-84.13858243199842	1.2879201651942354	88.80320614465155	-2.5976909678828966	73.94988675218094	-94.47261799592695	255.19018537738918	-30.18011577290458	-5.768456532409154
0.8166666666666667	1.0777543212673755	10.836157570106757	9.205848579323106	-338.65390652554265	3.155134342200165	7.043319262222772	-3.291351078819291	-13.62043257758486	64.21623756987975	99.0385541666488	-6.149253701033232	-4.290365073667767	-97.25532832232877	254.56808922795722	-88.04726447621215	-84.14938014372554	1.287643432343196	88.7992813474019	-2.597778036481602	73.94106299505518	-94.50687583834427	255.1898909694317	-30.22450541815136	-5.770461151164381
0.8333333333333334	1.1980835756459847	10.705310995497957	9.209447358570333	-338.7308197693265	3.1557524941410016	7.02962127189967	-3.3069835388618545	-13.616163694088904	63.88848891446257	99.03756279890068	-6.004754430685428	-4.425060471967328	-97.25735510192642	254.61604121853452	-88.048244357985	-84.16778355630697	1.287144921575233	88.79595728772266	-2.597849497819021	73.91570686371391	-94.51941127635664	255.18972875872538	-30.385845391304663	-5.77178905177617
0.85	1.5467442870842294	10.581583786357765	9.217081057606286	-338.93011130570585	3.155700133839944	7.008553583953919	-3.3141743439521463	-13.613220802462754	63.04015761348015	99.0369858179476	-5.666213999101854	-4.673881525291222	-97.2617000612898	254.74134356137193	-88.05059998260363	-84.19809816999994	1.286310212172073	88.79208397360738	-2.597924065063146	73.86931576072915	-94.52588630186429	255.18963793385672	-30.825070024233064	-5.772671263137993
0.8666666666666667	1.7464704171977925	10.582615832268939	9.22663938626678	-339.15396863043145	3.155148914062355	6.979058155292474	-3.3180171734350483	-13.611009315383392	62.80118862453847	99.03667482190178	-5.504902684861977	-4.757347002295067	-97.26994343679438	254.84553446726937	-88.0550258986869	-84.2449273092651	1.28494421145593	88.78651624490657	-2.5980338994392302	73.7988741109666	-94.5315186319575	255.18958674609308	-31.204083486174987	-5.773251234273846
0.8833333333333333	1.8269843697150556	10.443675880598104	9.231873858558973	-339.33270007666704	3.154095189132994	6.9267225424093315	-3.320948134395452	-13.609096684716429	63.003975946396984	99.03655898936998	-5.443886484876074	-4.791067136890882	-97.27530167171334	254.95661468898493	-88.06282582359968	-84.30828677051734	1.2827202839434362	88.77773415693076	-2.598250175186551	73.77882743773962	-94.53846021997822	255.18955808296363	-31.222016791203718	-5.773615787938259
0.9	1.858311190089676	10.266579302262295	9.234017863189473	-339.4586584727782	3.1524140480754914	6.901976856086268	-3.3243800705759474	-13.60712650355594	63.147832192941976	99.03662386770841	-5.420442803648122	-4.807630017309714	-97.27873824516023	255.02620595393546	-88.07623988593086	-84.33971612540402	1.279096753090911	88.76349551878877	-2.6125909168917434	73.72193619220127	-94.54851211795607	255.18954287995166	-31.22386566044193	-5.77381123434838
0.9166666666666666	1.870187126409486	10.17602941699483	9.23364041332677	-339.462791768823	3.1498681018844517	6.922530917958166	-3.329649208361473	-13.604748812317936	63.21328456170713	99.0369118393547	-5.41042915430227	-4.815311421165184	-97.28068558293067	255.04377241641333	-88.09880689863265	-84.33058259350004	1.273186828747241	88.7406094854479	-2.6595371042662905	73.69085616375087	-94.56428102028234	255.18953672838273	-31.214043087796696	-5.773848530232078
0.9333333333333333	1.8733913463575704	10.186531359068294	9.230703444219845	-339.3721553999719	3.1460945623158687	6.9947988001178985	-3.3198734951145186	-13.601559230568748	63.2536952867141	99.03754645198569	-5.405255295855574	-4.818877228442369	-97.28105883414703	255.0098659775253	-88.13527461112942	-84.29094838738504	1.2635767709176862	88.70535098638634	-2.786185328892965	73.70505333712272	-94.57509746199776	255.18953736439653	-31.19102776939797	-5.77369732861673
0.95	1.871090969385432	10.310102052401668	9.224481394205064	-339.1259323111972	3.140588463262728	7.12105816777056	-3.293474296360106	-13.597040400926629	63.273380308566274	99.03879287778008	-5.401586223398588	-4.820565908021257	-97.27931392822633	254.90252736286504	-88.18947518340828	-84.22550409967225	1.2481367560496492	88.65593675248557	-3.0897483921119497	73.77432832540627	-94.58613002021399	255.18954470364326	-31.146057495835663	-5.773264176080912
0.9666666666666667	1.8623298539281588	10.363014741820173	9.105982249065217	-338.99770007206405	3.124117369760018	7.2268921440361975	-3.244631316118508	-13.590514154241674	63.28069794406527	99.04119039090406	-5.397882316029816	-4.821387540497352	-97.27396963506008	254.84913508993634	-88.26419784351141	-84.18489377214532	1.2301540850450663	88.59252125929702	-3.6164942098824353	73.89649885692775	-94.60191549401496	255.18956025081172	-31.054049474963712	-5.772340840308569
0.9833333333333333	1.8639591733504515	10.39157363154905	8.996332000299585	-338.8839864854052	3.115857883336936	7.302499940770631	-3.238180768182904	-13.645336489356676	63.25474409256711	99.04583080110456	-5.393193868007521	-4.821800186019848	-97.27373145842533	254.81392479977154	-88.31585285365237	-84.14724333210638	1.2136330916593199	88.55316235396158	-3.786218599394455	73.98860237159413	-94.60962292086434	255.18958726438143	-30.837332559627647	-5.770491645363457
1.0	1.8777226860043998	10.413613788391462	8.939167612330277	-338.8358314012128	3.1120166449140645	7.340055230286573	-3.1951806670583878	-13.563481147240328	63.18576837365329	99.05493202571427	-5.386705142726816	-4.822016752089383	-97.28160829749307	254.7814776329449	-88.33754669544383	-84.12395873720163	1.2030531424555275	88.53851231011232	-3.831019963745029	74.05480697379382	-94.6133877912631	255.1896322434623	-31.08864076415891	-5.766811564771687
1.0166666666666666	1.9138076691439687	10.442443979000357	8.941214812258233	-338.7893645173688	3.1116791152189753	7.351589787100453	-3.174328543193549	-13.545152999311291	63.23176599971369	99.07298541590592	-5.377580093612026	-4.822140634734621	-97.30501356177722	254.74338996744547	-88.3274893312723	-84.11427818188328	1.1964165678649503	88.54457683903702	-3.840202941837979	74.08307222244196	-94.61524747798968	255.18970622995818	-30.855923705673884	-5.759406251368417
1.0333333333333332	1.9970527057247853	10.450688238729908	9.026954610733519	-338.7559589758041	3.1146632959778366	7.340921866680162	-3.164480112463659	-13.57782365354159	63.248203372096626	99.108813099177	-5.3650209272786435	-4.822227633015352	-97.36078668757993	254.72275063975746	-88.2798422635966	-84.11817490419394	1.192273940891802	88.57364457387985	-3.8260535802100035	74.07613009781666	-94.6161657756034	255.18982825121736	-31.106463748180957	-5.744294081347614
1.05	2.17322946105446	10.483829710891147	9.274492882851613	-338.702115489367	3.121317607042476	7.264511263120022	-3.1634318852503815	-13.573357047135303	62.92261689515925	99.1781105406371	-5.346910963327421	-4.82231788409969	-97.48216498191461	254.68203094370324	-88.18238043920859	-84.14000440770239	1.1896789005868857	88.63566792450656	-3.7109873243627627	74.02519967886668	-94.61658797218634	255.19003155128667	-31.63588869141279	-5.713226289462344
1.0666666666666667	2.291783941712179	10.576222508993531	9.456166212200088	-338.74192527536445	3.1323347577094047	7.068650229971446	-3.1718697070546664	-13.626925594589679	62.749046849753576	99.30113130685544	-5.3172641827800025	-4.8224600862218985	-97.55703524877948	254.60331945308897	-88.12628012826252	-84.19147138769559	1.1880380880069392	88.74316519796024	-3.4584461523148486	73.90136644500656	-94.61669746075928	255.19037454714004	-31.821151958108043	-5.650163963076554
1.0833333333333333	2.375091482052276	10.649010642041093	9.546928828865965	-338.86888171995713	3.1349718326682208	6.909842844522448	-3.250108310256648	-13.62005617223839	63.07683399977772	99.48527205947681	-5.280799547886315	-4.822746095737426	-97.60161217842104	254.49584646456606	-88.09715185304658	-84.29280490030062	1.1869837921656035	88.76562280003718	-2.957307791631524	73.84599270003915	-94.61651273878114	255.19096149487672	-31.887060782280734	-5.510964869649585
1.1	2.400052648805897	10.705990213955257	9.573726237846653	-338.90180413558306	3.1303183169079953	6.825214427332524	-3.32552873472295	-13.614984499265836	63.23637120812821	99.60001785458545	-5.262716555900442	-4.823387487957262	-97.63424115597913	254.44430399086087	-88.08829273091105	-84.36366001269444	1.1862869468942896	88.77947749264828	-2.7830470490713743	73.7354992976387	-94.61587660433082	255.1919815161648	-31.916167406106126	-5.289535749644911
1.1166666666666667	2.403481790886503	10.769629387139023	9.565302547251864	-338.88369477821794	3.11776142867705	6.785900385575335	-3.362484647177302	-13.610449189607223	63.70800529096437	99.6463564306224	-5.2581694482833905	-4.799101450069697	-97.65080192186896	254.42073191499827	-88.09362826490563	-84.40363171666894	1.1858014386410232	88.78795687916266	-2.6603433255455324	73.70144048970207	-94.61431194500456	255.1937825903799	-31.92792273720237	-5.2069131662869355
1.1333333333333333	2.396010381822735	10.850147726487677	9.523769576999218	-338.87238106017213	3.0939228599463497	6.767419909822038	-3.3804825579426794	-13.605267691749377	63.28072377422751	99.66298965745133	-5.265492603017969	-4.751227663736142	-97.65982703112553	254.40971580091508	-88.1122814872315	-84.42490249362503	1.1854287487604314	88.79330142711524	-2.610730264368615	73.59708089335967	-94.6105950914994	255.1970132506499	-31.932686600957965	-5.163968441307387
1.15	2.3787497210406716	11.00564546384227	9.423676366232021	-338.86476682604297	3.0498226358571108	6.757886105720319	-3.382592009383109	-13.597892126032566	63.0443480619154	99.66034838730091	-5.287706433045016	-4.642155772738325	-97.66579377499677	254.40434192193786	-88.14999431958456	-84.4364376941664	1.185094652523074	88.79692470356508	-2.6016206768606436	73.5869079381905	-94.60160734913315	255.2028922717783	-31.93466999528733	-5.148226675687616
1.1666666666666667	2.3648050880708014	11.301212624089782	9.368695628143579	-338.8597848617261	2.961906869422527	6.751954294008186	-3.364768193353086	-13.585851834413276	62.93712793644709	99.6357449788555	-5.310903424252878	-4.3756048331261015	-97.67153717054914	254.40155388714425	-88.22515242463386	-84.44319981849742	1.1847316766524272	88.79971918251599	-2.6275252762986536	73.58885063339763	-94.57927126729416	255.21370768044392	-31.935523863668447	-5.150251888789459
1.1833333333333333	2.379640889632367	11.40597685346144	9.339075409297116	-338.85684461534913	2.8938641001920087	6.747032438615268	-3.3086738201474892	-13.564950329803594	62.961100138337606	99.56959568179244	-5.323856730738436	-4.236757002503383	-97.679840247661	254.39994534584696	-88.29172175517088	-84.44782739533575	1.184262804637414	88.80228897511853	-2.7194817851335675	73.637790989351	-94.5226018001862	255.23366784417385	-31.935902509971754	-5.170893690879695
1.2	2.409079120196887	11.442193041106911	9.331239365095184	-338.85554500770445	2.8625682582737757	6.741602796791482	-3.167650403758929	-13.528354310721134	62.51245088165597	99.47037866921241	-5.331562423062555	-4.17925635204214	-97.69500642578477	254.39882165183656	-88.32674305160646	-84.45182592650191	1.1835818794013364	88.80510123769328	-2.9742593957079726	73.71164701590227	-94.37979027736723	255.27004067571886	-31.936073045099903	-5.222768579040839
1.2166666666666666	2.4393236161459666	11.455578429986664	9.353724850238546	-338.85571442444217	2.858691415198158	6.734492954133513	-2.8611491324538156	-13.466882709425391	62.114222438604145	99.27992380605427	-5.336354148780825	-4.155956450275882	-97.72521047568297	254.39779002848059	-88.33449218898132	-84.45621257903399	1.182524931270291	88.8085811590637	-3.5529016672071694	73.85845018752032	-94.05031015338552	255.33338174410517	-31.93614445798002	-5.334077894417503
1.2333333333333334	2.488148282683556	11.460924033724508	9.447158973542283	-338.857437340618	2.8900293281695673	6.724570464748128	-2.7150806735190707	-13.404792424108415	61.95955263102407	99.12368571231882	-5.33944498644286	-4.146353799107473	-97.78608891167713	254.39656535849667	-88.30794106555504	-84.46185666115024	1.1808236797727667	88.81316682903079	-3.7437981992784755	73.98988966745462	-93.89737700105715	255.40030686252692	-31.936153783988942	-5.566438461511143
1.25	2.5644423383250303	11.463320794733253	9.719906609028166	-338.861123582719	2.9887879526607968	6.710717993204565	-2.6696134305409074	-13.317425806103802	61.89975643799433	99.05437309291341	-5.341528691438753	-4.142583793124202	-97.90274428670773	254.39486161725785	-88.22079622384216	-84.46965574175722	1.1780277759259636	88.81937800081418	-3.8299804829643462	74.06857189957583	-93.8401851918262	255.49854242341297	-31.936093017759845	-5.691919129129309
1.2666666666666666	2.5956404775022346	11.464706106072724	9.833790482327275	-338.86767785249185	3.051535222963259	6.6921713068487385	-2.6598252371354985	-13.18667908065545	61.87895263863474	98.8908706634585	-5.343057125494224	-4.141639826107976	-97.93867791625797	254.39230826779055	-88.17076857250309	-84.48057618225924	1.1733751473988754	88.82851045670762	-3.8431088399731745	74.10690501491034	-93.81862727230762	255.63082405490854	-31.935882007454353	-5.761143553413116
1.2833333333333332	2.5782013789594704	11.465967981895652	9.812544027090892	-338.8711675474604	3.0856937127603246	6.672225654992006	-2.6690481200521887	-13.165918608840013	61.87178280570374	98.65363580194301	-5.344410074257637	-4.142470981731009	-97.92503871648991	254.38836492591338	-88.16850226126373	-84.4875925222324	1.1674297227529493	88.84253533389744	-3.84019905886107	74.11832085642529	-93.80999522068667	255.66865610876374	-31.935255486334746	-5.798937451118415
1.3	2.509415052007106	11.467730810749176	9.61484208651384	-338.87178509065484	3.0828477260863174	6.644511245738214	-2.6924143963735543	-13.218141871246486	61.86962705683531	98.5474622698085	-5.346074620810661	-4.144972652211506	-97.86062340844857	254.38221964454453	-88.24573469668725	-84.49271263436661	1.1605996643001095	88.86526679962266	-3.820744445637936	74.0999913737102	-93.80633222484586	255.65368412954433	-31.93336250894312	-5.816810940247005
1.3166666666666667	2.5088674802646547	11.470775276433919	9.473247310811779	-338.8689816961082	3.0179360363031833	6.598518814549539	-2.727610733981066	-13.364322698211282	61.87017937487221	98.57863816444956	-5.348976516633886	-4.149729714437026	-97.86541901308156	254.37267997287006	-88.31118830814998	-84.49751269181776	1.153194776929722	88.90487264686075	-3.771117235841926	74.01152172929619	-93.80469195375231	255.57515828221614	-31.927390144195485	-5.8239558861428415
1.3333333333333333	2.5612685050842403	11.476464928983631	9.380482904697669	-338.86157212402674	2.794053249350148	6.509650685417212	-2.7938710267715074	-13.608764315689802	61.87470126718063	98.79261180868102	-5.355284439705129	-4.158198122955429	-97.9488251454218	254.35812322925858	-88.3559186140425	-84.50300662566931	1.1454633430226027	88.98117780953002	-3.657910500194692	73.70341379963531	-93.80390818958519	255.40205745029607	-31.90759007676678	-5.824307960355943
1.35	2.5947485066848075	11.48744786285775	9.354784793487731	-338.8474371369779	2.6343514119000124	6.457494925663946	-2.834924887464447	-13.750470653669947	61.89077146916168	98.89787429499634	-5.3705429172714085	-4.161234715962257	-97.99601239939476	254.33671254171236	-88.38490367478416	-84.51032344328281	1.1376234323797592	89.02640490781066	-3.387420353959704	73.18036372524251	-93.80349091303766	255.29810329071506	-31.83888652369835	-5.817507614212295
1.3666666666666667	2.6146759797446464	11.508935934901487	9.451032517014882	-338.8420167539905	2.5475141319345243	6.4308120284411325	-2.8636623838270747	-13.858794582127569	61.946798646195276	98.99043752361578	-5.38173493204843	-4.160027537869769	-98.02270186036529	254.3251742596375	-88.40791267106785	-84.5210930923917	1.1298982526460568	89.03947279374226	-3.022246590907667	72.9016361201041	-93.80321937546594	255.2364930849867	-31.59467038040323	-5.797979606492463
1.3833333333333333	2.627131220097054	11.543382617837842	9.502613501136587	-338.83645877590266	2.530398824620128	6.449433819172922	-2.889678806123726	-13.835271140731136	62.14652341755882	99.06360343474354	-5.389600133827311	-4.141738447034042	-98.04048477601327	254.31946240465365	-88.4223462607196	-84.52892619214762	1.1225655787900997	89.01639962898635	-2.772306184421506	72.81281551897594	-93.80298129156954	255.20141593295523	-31.468795775296847	-5.787839151722632
1.4	2.6371945268814345	11.58820581436056	9.544623468404769	-338.8295831456014	2.6307356202843546	6.536236012722256	-2.9223081095301264	-13.750849034443146	62.244966504002704	99.11133004344674	-5.39499107592696	-4.112191054782807	-98.05754917926483	254.31729249741576	-88.43569315107227	-84.53553749050897	1.116037818323547	88.93567947931433	-2.6533342026491074	72.78349725685489	-93.80270403797938	255.1699317343955	-31.509411642391555	-5.782291902149566
1.4166666666666667	2.650578940318349	11.660276282964912	9.570258659291829	-338.8197605553044	2.682336577122607	6.572478543918271	-3.121504981056626	-13.74026978521302	62.856165927576015	99.1399633705777	-5.398631145750731	-4.063366407264349	-98.06080505101698	254.31754235952008	-88.43999985550325	-84.54260209910522	1.1110060143348015	88.89186515482591	-2.618147001896414	72.77318452364835	-93.8023204893896	255.13276705602595	-31.188683058193657	-5.779099280312531
1.4333333333333333	2.6782049752352917	11.775287389308358	9.60152514568587	-338.80461588119675	2.6994553216657184	6.597685495588307	-3.180372345141828	-13.721848611239874	62.94914562254348	99.15760586997756	-5.401057163178882	-3.988051522499406	-98.07254556825359	254.28443460456305	-88.45461747134568	-84.55215734502293	1.1087214690562401	88.86008727270273	-2.643933121593275	72.76932697838579	-93.80174606907805	255.12802335243282	-30.512232808811632	-5.777075957030986
1.45	2.681992981186156	11.905546645577214	9.607985239683174	-338.8027073498726	2.7100648390217614	6.605297937975803	-2.971421350505766	-13.681222678740134	62.97347793313048	99.17107388868408	-5.4026194620123364	-3.8858997688838417	-98.07786161033083	254.26210849401204	-88.46307778603503	-84.56743780356997	1.1115929521345236	88.83743707927376	-2.7829839995315355	72.76774195627081	-93.80085558609473	255.15602819370628	-30.41456552454148	-5.775390083245622
1.4666666666666666	2.6872485522883087	12.122592983776446	9.586535656438262	-338.80436684879635	2.690750161085238	6.609380532469071	-2.799445037842314	-13.662437158482472	62.94260207751544	99.18791169591712	-5.403447234000459	-3.691132217644877	-98.07853790734028	254.25177097961114	-88.49857813721182	-84.58198929137943	1.1175881666748535	88.8216061439159	-3.288116950577867	72.76689791629018	-93.79945146504267	255.17028188281097	-30.68354520219419	-5.772943969580498
1.4833333333333334	2.699694957520968	12.247087330722072	9.421196287447557	-338.8104869995304	2.5267358535969713	6.60957184945234	-2.69622149903513	-13.660240592994839	62.79154405221091	99.30969596152292	-5.403199222920237	-3.5689939796210277	-98.07385796620278	254.2527585105835	-88.68265130608059	-84.60073582993182	1.125453480181787	88.80926873022248	-3.6670778709617293	72.76606873341326	-93.79721491221098	255.1780682347736	-30.91827303590823	-5.767054072657844
1.5	2.6815571195657704	12.29943664053011	9.119323721300809	-338.8236468991085	2.4325973388964344	6.602446075334334	-2.637448330642445	-13.682673474005028	62.797457919096075	99.22634719474746	-5.399902677390757	-3.5234911960090143	-98.05922958291829	254.2658310980523	-88.77815831047054	-84.63241127773215	1.1344286532014576	88.79608623531368	-3.7898429061747203	72.76455614921908	-93.79362971300709	255.18252534909823	-30.9464689886343	-5.749234740938355
1.5166666666666666	2.6458669830818473	12.324679329718435	8.970053570948359	-338.8385494188228	2.388764023554986	6.600209271855864	-2.59140903007214	-13.76483667748882	63.09561104725793	99.18591005174822	-5.38469039730592	-3.5322409428138655	-98.02073809023604	254.2940507297452	-88.81954418174423	-84.67919443451605	1.144055732650053	88.77443962370474	-3.8347970974674253	72.76096531046538	-93.78786780406831	255.18516175549735	-30.671020006907003	-5.73783604394417
1.5333333333333332	2.538140445448602	12.349662380863597	8.94238935822122	-338.8608903325167	2.398672931839977	6.60739298966943	-2.5224239282475045	-13.665388724457658	62.67750808659059	99.17261857726865	-5.376602446693323	-3.614710538339387	-97.91625961082659	254.34163401547494	-88.81314241591585	-84.77359272371434	1.1540686233560349	88.72721565751353	-3.8518938531863514	72.75164294971127	-93.77863651423336	255.18675991103282	-31.14725288896461	-5.729463114182808
1.55	2.488777872895887	11.915891507431802	9.198062802584804	-339.07743887146455	2.60804393353975	6.612276815893397	-2.3652091963820308	-13.521374780145079	62.7505390305958	99.1582624966431	-5.385273078284164	-3.8660912498120212	-97.82995151966888	254.40840053589187	-88.67191774137181	-84.81636357338232	1.1637321123244617	88.61354013430368	-3.858693342846851	72.72627940547908	-93.77311553111169	255.1877476269019	-31.047979816287665	-5.720343388231999
1.5666666666666667	2.511993538665184	11.557085040197459	9.351940759899714	-339.17235952005785	2.8171341058975776	6.627291255936212	-2.290443775157012	-13.433489025286512	62.73480321394276	99.16977255210075	-5.391685055154864	-4.045341177796587	-97.77099722791634	254.44356181065876	-88.60028043494916	-84.80559123326229	1.1705643679458677	88.5484301227833	-3.861508824985088	72.65519745687813	-93.76978976483706	255.18836747716796	-31.0514527388652	-5.700204032401534
1.5833333333333333	2.38251735449162	11.260964606464526	9.306091410543196	-339.2854436017894	2.9394369110480247	6.6798604058253	-2.2405189389298923	-13.412391279345357	63.07989182942197	99.21118613395495	-5.396723876228248	-4.151049552549479	-97.7227444944818	254.5140417084629	-88.55351776927539	-84.70689632399763	1.1752788967759793	88.50835446560534	-3.862714553822119	72.62140564517019	-93.7677561096686	255.18876147608273	-30.663311480830608	-5.685698869277923
1.6	2.3195795759413516	11.146525680561933	9.277484764776393	-339.2310112173232	3.002141267700546	6.872605329931756	-2.173211182895966	-13.350808541648426	62.726864873575316	99.23011838455776	-5.403077200307865	-4.203767424407949	-97.69657873175164	254.58247174599154	-88.51836472560639	-84.64343775515123	1.1784876632180161	88.47234314988516	-3.863237163173782	72.60545771420117	-93.7664788369609	255.18901496707156	-30.92193444492395	-5.675748403747235
1.6166666666666667	2.2615552791475833	11.120497045401216	9.261991619387084	-339.21907816485054	3.0546436107374406	7.09784004451951	-2.0265692008523466	-13.156482405740416	61.54228304478303	99.20436527481435	-5.425300441530716	-4.229093607880052	-97.68275360487057	254.62245029671678	-88.49414173798307	-84.60631688450295	1.180656049201028	88.41419512916418	-3.8634410327863042	72.59783019190492	-93.76563359761806	255.1891795940923	-31.514438783901884	-5.669105934569647
1.6333333333333333	2.2310902968989343	11.119670253780761	9.251174147181628	-339.21336279739876	3.242560231310482	7.206154262535188	-1.6901752840320396	-13.063865037832608	61.16087279456734	99.18852625666088	-5.440549925932562	-4.24130647800677	-97.67549914272819	254.64205684132128	-88.47185008252981	-84.57934299983161	1.1821165041489787	88.28515426116947	-3.863445195498553	72.59409269153335	-93.76501160226657	255.18928771942655	-31.82193690244088	-5.664742907717849
1.65	2.2155890501092226	11.132008369000756	9.243511453355552	-339.21161348439944	3.3130564479538442	7.257991051845294	-1.9167627801903997	-13.023159441053835	61.2595863238205	99.17810985302222	-5.450600138807664	-4.247296267139815	-97.67184579933063	254.64765710990264	-88.45810402615714	-84.55979144427761	1.1830976316541872	88.22692665560054	-3.863206501034495	72.59216927540616	-93.76445773582408	255.18935952921981	-32.25654422721081	-5.661947633575409
1.6666666666666667	2.2084355686827997	11.153392680282622	9.232593779650173	-339.21545629860725	3.3429876648085677	7.299478692036969	-1.931010628799763	-13.005319473209319	60.85775585836831	99.17040387913639	-5.457127743467992	-4.250295436368685	-97.6709437411733	254.6392359508393	-88.44981648743313	-84.5416874542804	1.1837500878299116	88.2009513560282	-3.862434283908279	72.59097880827736	-93.76382267557987	255.18940826041523	-32.849749414465585	-5.660476211578342
1.6833333333333333	2.2090961432343685	11.189480256515784	9.233013785048316	-339.17330140888964	3.3649628950477077	7.321883089131996	-1.9370820866948961	-12.997333828917709	60.743656960424396	99.1620928573885	-5.461677829110705	-4.251824393779992	-97.67619354902313	254.60642545058957	-88.44525644115788	-84.51138611953841	1.1841586526319716	88.18862380660978	-3.8601834922346385	72.58955921558449	-93.76291147539904	255.18944362717582	-33.00858434708271	-5.661777183934958
1.7	2.2343478249769864	11.25679396035955	9.25834743748112	-339.0849348572988	3.36462747677603	7.351274519883896	-1.9386604075452603	-12.99356936493417	60.70908351321458	99.14008579065823	-5.468070096177005	-4.252600458631441	-97.71206648702722	254.51755639598701	-88.4492363943368	-84.4679572812964	1.1843170725650194	88.18115624681671	-3.8534568200752157	72.58553915169645	-93.76140690464435	255.1894754625245	-33.05044738276737	-5.678199299289813
1.7166666666666666	2.3059022636270083	11.400167087738174	9.640857372074882	-338.69515320154653	3.36449738000193	7.53429280780245	-1.9354933675927222	-12.991366203325967	60.66820317562712	99.12481324037272	-5.5072023617255885	-4.252941013475644	-97.84588891579382	254.29914192566397	-88.45165091266617	-84.30912930966441	1.1839671532771483	88.17272261717518	-3.832303734976792	72.56912102073177	-93.75873140272078	255.18952148824735	-33.06186604104927	-5.688936184161603
1.7333333333333334	2.0983318789704017	11.54433951758672	9.63790519488922	-338.3367639095021	3.364798913883531	7.637143804657326	-1.9214458421241156	-12.988510166660781	60.207204307173434	99.11505767550692	-5.913581810687378	-4.252899938208717	-97.95371612245106	254.03106980324617	-88.45307924430743	-84.19355775686115	1.1818508214795198	88.15474440439226	-3.8191071971457267	72.49408739659991	-93.75377973064994	255.18963167817975	-33.0643374331946	-5.6965199232072266
1.75	1.9943331096421884	11.787068830384008	9.655966202921105	-337.752014675267	3.3728392847600928	7.906819715831085	-1.8730751847346112	-12.979194757908443	60.545437150237554	99.11185535071442	-6.108987052281414	-4.252157955914989	-98.03695610027657	253.78986813037147	-88.45261907185514	-83.96408425138776	1.1722007008147832	88.10508515968355	-3.806712974841943	72.45360202511336	-93.74439544754986	255.18997333894868	-33.0514493917144	-5.699949609955137
1.7666666666666666	1.9336442378939211	11.98493646805251	9.848116387713377	-337.39122119684333	3.777971291883868	8.234745939147604	-1.7080770798253795	-12.937324952568218	60.87330914328257	99.13511126434967	-6.188870528521322	-4.249338812315618	-98.06763331126052	253.6710782821998	-88.28248827090043	-83.79247891570962	1.1274571339154913	87.9587080491731	-3.7814261551674404	72.43254258894454	-93.72638403912683	255.19116074327263	-32.800250792416115	-5.683512865742451
1.7833333333333332	2.0164788536649403	12.233631207208123	9.987949111002948	-336.76280556660913	3.970774809543685	8.65121434909359	-1.5300030696601952	-12.826077078176217	60.96860564824309	99.22043939651672	-6.217972891252504	-4.278351456997008	-98.12514113317984	253.5102837814165	-88.16464717635694	-83.46923236953353	0.9100313677592609	87.85062583827802	-3.7526266213957156	72.4212761128191	-93.69188461531631	255.1955907927292	-32.72648646540258	-5.639636404746834
1.8	2.5781418541121877	12.223761005451685	10.842185741478277	-336.3276476410214	4.8427195169824095	9.247445028813775	-1.0830617405188934	-12.86254584235873	60.0571523995474	99.9310941622363	-6.191394682729883	-4.445083680884996	-98.34104013456309	253.46323518275324	-87.59253715945621	-83.07803958346828	-0.03374765685997749	87.6861980872585	-3.7283511313959043	72.41289938441551	-93.61708562618391	255.2131681669312	-33.10765122580697	-5.250622573190475
1.8166666666666667	3.097041615092739	11.873872974266884	11.665977049019032	-336.0472237512723	5.422139629080011	9.703084515195865	-0.005801352056603926	-12.797567631677246	60.52991709271474	99.82685566458369	-6.182367348302208	-5.110226337814023	-98.66539652692839	253.40489502837994	-87.06544180201571	-82.68375979758504	-1.515261050262584	87.63888767986901	-3.6929018003096314	72.39233696570753	-93.49664395181739	255.28699326524804	-32.87137717895149	-5.006513842444946
1.8333333333333333	3.34032231627073	11.655739365254894	13.210207974646856	-335.9774740958933	6.158874775395374	9.904193516891217	-0.3482031702830719	-12.893841972034231	59.07665105409901	100.99971386365667	-6.2159754491840875	-5.15161069777921	-99.45207423714	253.44100363172308	-86.32327868585172	-82.47422234432521	-2.632863128024665	87.67923726064937	-3.6538003742445455	72.27045555925535	-93.3495196428914	254.97800825043151	-33.31335500113201	-4.325069538220176
1.8499999999999999	4.328964511189162	11.266438756958346	15.55871489743515	-336.0584487805942	6.987595276596192	9.652771870349294	-1.3020999990769038	-12.828761856437712	62.159832034160935	101.86852359134953	-6.244927010635084	-5.426392319217458	-100.75653458832235	253.4416286875123	-85.20348585513263	-82.47331549212842	-3.544672915872899	87.88365176066763	-3.544940164783401	71.4000746563261	-93.84044684428672	255.08460759578406	-31.341661876984933	-3.0301566167854705
1.8666666666666667	5.160378484955511	11.283201901047434	18.547501483491757	-336.3529513047131	7.046071056250986	9.02865760746335	-3.3395424032725316	-13.009439837886294	62.64164961341834	101.95988968712584	-7.287725678801912	-5.246336183029286	-103.01727757262556	253.58690709387201	-84.3272100929314	-82.58553989649913	-4.9187207222051885	88.26365998281914	-2.9597797887998025	71.10784169388056	-94.71086284439683	255.25399113549196	-31.81995952050657	-2.6998342614546638
1.8833333333333333	7.240318952233587	11.27605125663523	23.878610338101968	-336.50695976076634	9.63066514390172	8.895255804687503	-3.049292891898962	-12.87842663073246	62.36633375238399	102.04477791134856	-7.707149637797057	-5.176807803697471	-105.53173566117812	253.7754764030679	-81.55644875762304	-82.6145843440154	-6.347500180895531	88.51420805306891	-3.8038237000535733	71.02004322529093	-94.64274190847031	255.73831677920793	-31.734313383081798	-2.0181863316037427
1.9	5.962065928580544	11.207961347620296	27.683180688639116	-337.0101421507238	12.846359780915176	8.777908579479693	-4.437601362893577	-12.592574582612157	65.21693560948187	102.71031151425835	-10.208966166680849	-5.150222207487305	-107.0214515521888	254.18137558570618	-78.61828265875323	-82.88086652898562	-7.572661390628527	88.46055285682131	-5.128645868786739	70.99446933810553	-95.9301447870143	256.01933602779917	-30.95560556671954	-0.9705999751590378
1.9166666666666667	2.9050069142263917	10.683291097664567	32.64141897704211	-337.7462073386633	16.251697041476618	8.715994047880182	-4.8103536532366	-11.427790736113963	73.6535424330826	103.20116359221174	-16.653352716637748	-5.149295222715383	-108.75468077970095	254.63428473167718	-75.54258362942659	-83.25827494781201	-6.2174467474130175	88.25718916291348	-5.262698115819708	70.99544135537384	-96.6673510564067	256.8313367634495	-23.22356388758508	0.20695067634411934
1.9333333333333333	-6.942800670344919	9.843953337760263	40.03077322005831	-338.74452367487356	22.61392167352422	8.698048955621262	-5.513937960878877	-10.49467804806769	77.88403541662838	105.20825244929759	-27.871821219092315	-5.193686473193914	-110.04995309693244	254.91784746708902	-70.05841981154663	-83.6680897893241	-7.061833580529684	87.78335078246344	-4.838001589130693	70.95830114663048	-98.06612654828915	257.09080130675756	-20.564490064398257	2.3074666792342278
1.95	-20.487576064493297	9.12001143420792	45.6364283147667	-339.0537246338371	27.270057221154822	8.62398128610246	-5.309650979529798	-10.000752277938382	87.86460260367926	106.85733687005859	-40.78815083613179	-5.485464607388951	-110.89194002935332	255.1672292866313	-65.14754346794294	-83.80568027376259	-5.622641987492654	87.68949223518702	-5.850699536864075	70.58596912654986	-97.75128215266402	257.6735743102518	-9.906959676151466	4.510767146255189
1.9666666666666666	-23.48645731210302	8.701563101531903	51.505571456864345	-338.8722677341416	31.00048281330965	8.674942777774874	-6.4781477598846635	-9.288949050555795	94.69084394456986	108.72488798248303	-46.06856355113928	-5.670941659727391	-112.47361399054749	255.3278013116938	-61.12436611687042	-83.63746948351084	-4.404263594827848	87.7017550577592	-6.880012318433663	69.44154099418009	-98.64646119889602	258.47309209992954	-4.271370385755629	7.327790691730542
1.9833333333333334	-23.947513666021706	7.998303518822736	56.51712970137948	-339.08936503871433	36.74551897353877	9.160951083487708	-4.951704674864004	-8.804023099054811	97.81874711766609	111.47901948644147	-46.75645365618977	-6.111060200230735	-112.76882056027414	255.63929046089146	-56.2290967107528	-83.54956021135351	-3.9227108075063017	87.27627566109634	-8.437341299599249	69.17867368739145	-97.60366011541078	258.52260634180794	0.3920542742842099	9.821144586538352
2.0	-22.57726399995125	7.890253212074059	62.856045337324446	-339.30250281032556	41.05441435251898	9.254080781751512	-4.128736605163303	-8.315649304925184	99.67982668020059	112.3786997281307	-47.11781708361934	-6.229008028088735	-114.30645418405588	255.85820932991885	-51.68239258708348	-83.51551058972647	-2.449821387776934	87.2033238751931	-9.545495923066213	67.54089402910074	-96.57307624890656	259.2443852157596	3.6408523088589515	11.313938700482396
2.0166666666666666	-20.55289742002885	7.86802339252662	67.7984789815497	-339.4366112165832	47.14364770500516	9.769100510766465	-1.3884326147290844	-6.854307606806477	99.33351794165641	113.0356091970809	-44.197891445404785	-6.309224582122543	-113.8390108323879	256.06134893532203	-46.18489842991341	-83.45845271215379	-0.40373232729508934	86.79409329277178	-10.485611380170237	67.00956777801846	-94.85017464638369	260.4243251761526	5.170619341254001	13.030439992242137
2.033333333333333	-21.854785239158957	7.540893622416139	73.91971365402027	-339.54096135580045	54.77209689329868	10.083293260136726	-0.6941765164836471	-5.690112721850815	105.31872255674561	114.50718987362316	-44.53178119679277	-6.376494632804326	-112.74589464170073	256.09953439665037	-38.88011741969948	-83.44765031797901	0.1686676216798242	86.4571632028056	-10.843191728010751	66.24457139290872	-94.26816581103425	260.9533483683868	10.986000201282526	15.71680178693681
2.05	-22.464233960009672	7.319940097563664	78.91257343941881	-339.2405310137947	60.85547105108913	10.4536631661488	3.4680038120169336	-4.493638489758811	106.72988409330004	115.0415622950863	-44.26110805180022	-6.575708081668215	-111.65903436651743	256.00856666820994	-32.80694693416561	-83.3168462810609	1.4788757902503713	86.30762329927703	-10.66244135924141	64.84459853900336	-90.20751407509727	261.72207682084786	16.696374119422384	18.072161903818753
2.0666666666666664	-18.943581196208633	6.478104809054705	85.19691863575422	-339.1715263399856	69.29197260998444	10.854374307618743	6.503940447270752	-3.2148751420012447	111.72226613380263	117.90598489451759	-38.79506994358893	-7.396342614777136	-110.04804668033147	256.04903745282144	-24.668754327655062	-83.18892285204697	3.908587021674273	85.99286525014148	-11.439651831931702	63.65181293831614	-87.43479911386461	262.4079045899497	24.079259507149043	19.432693382861366
2.0833333333333335	-16.9092167031987	6.244156367245052	92.98249129878809	-338.98655585282927	79.42210373828257	11.907204825100418	8.322561058845983	-1.6433996094673011	117.98738035761143	118.70531270573198	-35.32377704754297	-7.518862126677224	-108.93343316910178	256.2091107703292	-15.137039879795434	-82.81571157138885	5.487679997813456	85.40204038530212	-11.847082724465448	62.332657957341816	-86.00488723601437	263.0205076487217	30.490829713115055	21.553102540844943
2.1	-12.757104790155246	6.193121100439683	100.04417195042198	-338.98413038315294	88.09340150949342	12.627152019795895	10.063890286311798	-0.7462491576771294	119.27449027865191	119.71173697548768	-31.533914913864994	-7.591064677319226	-106.25470067482082	256.32699163454754	-6.894811772776285	-82.67793884717831	7.366690925955262	84.7404788135413	-12.499612076698973	61.784375024790364	-84.07834943400594	263.27961457777457	34.76968338669318	22.81593254262209
2.1166666666666667	-9.75136425889444	6.150605205320157	105.1218970171094	-338.93906396268784	99.69175361775044	13.165807967010862	15.253317318684267	0.2775438220065721	123.79114605710005	121.0556760085564	-19.20755726329625	-7.607520062496759	-103.67903436547778	256.32614904910787	3.0336565950070513	-82.57172859321497	10.311167012926212	84.19092664448712	-13.394143473520163	60.39170268060212	-81.02951466873893	264.2026598037739	42.95272548994913	25.289704893467306
2.1333333333333333	-4.928786616107334	6.430356039440731	110.23663522119512	-338.2131120439468	106.41721537443057	14.982048055168898	16.532251711321557	1.4458592400752377	128.19761646803434	122.0887815347644	-15.978985667026556	-7.762844814079818	-101.52200489307643	255.99978587708188	9.030134379792813	-82.03342487682028	10.67116218428599	83.07555028868696	-13.203022284753036	58.90512240321816	-81.2577240086389	264.35400731715936	46.55507662403529	26.372026640079305
2.15	-1.7730009343085917	6.190470474514151	117.08616523295227	-337.1080195212981	115.15584456094166	16.397978208981883	18.134108437401416	2.6463581701040266	134.26453358553292	123.49551248874442	-11.464974836332068	-8.241304564509107	-99.87706665172387	255.7657096835755	17.399139086444436	-81.33752117009267	10.360687842022667	82.43665401067398	-12.1472956156578	57.569032748898714	-79.6163510698397	264.9431864273952	54.71105801028689	28.478138301170816
2.1666666666666665	-1.4353926601260678	6.733009447266115	123.66830774353953	-335.8519232549703	121.79873486223505	16.684328434184156	18.456206360774516	3.4596155391227397	136.47159101472914	123.72323282673399	-10.891207666837868	-8.334853630212784	-99.55376446156025	255.22707401018317	24.28997549443849	-80.89212997781463	11.506789108718632	82.45443398989094	-10.090756727900743	56.64824886328415	-78.97805383750645	265.9036284282688	57.59241037621466	29.70390577376949
2.183333333333333	-3.761360828753745	6.879008221080106	128.09586958479122	-334.4740261228897	126.19005813544115	17.731935859435172	18.12636763206843	3.3167680632414585	137.52396740724146	124.64143319529245	-13.738251986630566	-8.615170779096642	-100.05464062831874	254.55078850856478	28.317841328186656	-80.19260157894476	11.794117080245982	82.17216430184533	-8.185511566963928	56.37803405410351	-79.34479240952189	265.5016695864101	58.32499782822607	30.115072602657964
2.2	-1.250771506711872	7.3674174701096025	131.82352760435685	-334.50765778629665	127.23127129421178	17.53267463907753	16.594409661382286	3.268231774364544	134.74956393939755	125.08922432421485	-13.637415121184205	-8.245783223032566	-102.12476415359562	254.2187553694923	29.342194638100434	-80.34581902030547	12.703469951778317	82.04579921929057	-7.281497947943774	54.91857527085819	-80.78315210710198	265.38533016365005	53.90226732471037	30.473708251891267
2.216666666666667	-3.5734462966544394	8.403037094916403	133.3596534676648	-333.51419853692164	127.97669934376512	18.720973400692827	16.02355093769631	2.8870675587423844	137.8112764497564	126.03277397475084	-17.65982078995617	-7.765088623347775	-103.50885799829027	253.81194990580155	29.45948235684159	-79.79316612465998	10.944362891759607	81.54934153275894	-9.358904528835431	55.16740533620151	-81.74785033911125	264.537885284573	56.167529674323795	30.453672176388324
2.2333333333333334	-6.3929463514582405	8.969304802237954	133.8471336826213	-332.7551049980076	125.24024297345245	19.42298469735537	15.201912076459525	2.8106250114152345	143.63659532419732	124.86320547165454	-24.979469670454172	-7.61503829608703	-106.34360732725771	253.52960192129171	26.590779389578824	-79.28401995813482	10.297098605146758	81.33215351940497	-10.017868097738052	55.306658336747276	-83.43733308685572	264.24668482039226	60.83124714435857	29.05971933769632
2.25	-20.450728648880123	9.525523715160697	130.8179557423488	-331.87584845044904	119.26069199636606	20.11618388181107	13.161197740959937	2.1812283867956768	139.80969117174348	123.44014300251435	-41.21906004597815	-7.587245049985682	-110.05459822067223	253.04719579932976	20.30195889316937	-78.88473850611705	11.977302571415635	81.0422894396818	-10.876447239061747	55.45177572961776	-88.30537999814432	263.53517606038326	54.114860191331374	26.651751447804383
2.2666666666666666	-33.84081410390901	9.65863538274646	125.10695621633796	-330.6600905474609	112.00260767117605	20.87932267183605	9.81982793217404	1.7608757417664114	134.3546752508502	122.39129201374357	-54.05949726621128	-7.921674098764623	-112.13437095489728	252.3650989890248	12.843660657208332	-78.34812623590825	12.237103288859021	80.85447760742625	-11.117893728283665	55.5062227535898	-90.47728722284548	263.12735204877964	43.72372229213339	25.029738941144558
2.283333333333333	-37.21374661921264	9.971354103042481	119.80260454553479	-328.6855278097867	105.49503927638689	21.50589507790464	7.0209087481719	0.5834222093442877	130.26981855043326	121.59294754774695	-59.15671994212154	-8.618876753866207	-113.24480498834144	251.25913408757015	6.632195717852405	-77.53304245282409	10.602908168716539	81.0313432643787	-10.240036292381582	55.588165435650666	-92.29139916559258	261.74903281343427	38.54784661042598	23.366354354814895
2.3	-50.82171806093445	10.537374929337073	110.04522503901914	-327.0285848097781	96.72130585847759	21.723583427950523	5.420163049778807	-1.051199789795499	126.66214191767811	121.32554018745222	-73.82286230000967	-8.9968127587949	-112.92235793182604	250.40621629251348	0.14540748661898095	-76.64203978242348	9.539891569933225	81.53563263429814	-9.658797416451648	55.5814601861246	-92.99926979454973	259.95672595791325	34.835336658259976	21.887203681766355
2.3166666666666664	-49.3550574527261	11.70445743832261	100.59030078503989	-323.4050873756442	86.15615880059059	23.696949795914197	5.936953694446414	-3.9988689479572317	124.94154489720451	121.36208010056896	-71.04971898245141	-9.228566055370543	-111.66888924145495	249.05417350149327	-12.074809753624088	-74.47577127636004	9.11318789658193	81.75217126416263	-8.341105121644244	55.7376401488224	-92.31413456819347	257.6138975926374	32.875200563050264	19.255439200920602
2.3333333333333335	-39.981145580502954	13.136279927877599	86.7046210559021	-320.9000481046787	76.79088960093667	25.113481494430918	3.65223139055241	-4.735871915989745	123.23205276687187	120.6226765140385	-57.82222160010388	-9.266955096250303	-109.32371910092414	247.77913811813806	-21.42982318450796	-73.14531055600017	8.717291126372025	81.7339017169646	-8.076802180161465	55.44345169187669	-94.68870887650175	256.97509918682664	27.132342771822724	17.130078384102614
2.35	-38.54321730709115	15.337943258786812	70.72234105289779	-317.49253097173107	65.34669226329564	26.226909853107973	2.541286519655127	-5.964417651295412	112.56796665973819	118.9448815289849	-51.73705918011383	-9.086786417830039	-103.36968706732127	246.03844512954427	-32.04020765878795	-71.46509062204308	7.396292315416196	82.05737875399653	-7.2370414342712674	54.82966008083991	-95.35701394420498	256.2721730959578	17.009968335797787	14.708088794832253
2.3666666666666667	-29.837933532372485	16.884207616233127	59.379785071620375	-313.4067967452105	57.77765183419873	28.32420448622259	-3.9374954790726546	-6.6717126584586275	102.96399103661786	115.76212621734363	-40.31738154532987	-9.250396928022013	-98.48785738875561	243.96155329929476	-39.08975313703447	-69.50502314829595	6.139632405132403	82.05907001101214	-7.051990686933706	54.39418501422938	-101.8883945417039	255.4256328686323	0.6608528291742888	10.882545217251756
2.3833333333333333	-27.251109320494034	17.79138385374294	44.6588509880436	-310.37728290217456	51.968129717344794	30.831335426886813	-8.147464540015154	-6.672851042043543	102.31466141535228	112.13948261152105	-26.83611653801714	-9.322511555208802	-90.50948690709012	242.77686819324182	-46.129226590520844	-67.62241793385576	5.85499795030363	81.63686174486166	-7.019610638700651	54.76786498628537	-106.70857728255781	254.8282836493268	-4.69460289318976	6.797835649190559
2.4	-26.36447532748839	17.843511720953273	28.935049347998316	-307.8231319194729	47.4902214449302	33.46120672699542	-9.827074157243185	-6.563922761200572	86.80444459154201	109.6192366158873	-16.497398998603725	-10.0536353883531	-80.75407611669786	242.12353214625972	-53.06976330675981	-65.60473529152682	3.671662830345343	80.9964083377013	-7.05827343307624	54.517514891748476	-109.03065238959738	254.28825443322916	-22.63009793787802	3.8327063124286838
2.4166666666666665	-23.66305706415539	18.81516200607459	11.124435961899952	-303.58029624244267	42.4310239569311	37.20947235369865	-11.236193359619584	-6.189224877533182	81.36845723373544	105.0613876745004	-4.504919203031916	-10.480328962634843	-70.44663174937732	240.77619520113123	-58.01239890697551	-62.78584314148068	3.763099537502563	80.10427616499366	-7.30675837813586	54.54982190499527	-111.33392058860865	253.8465614317002	-30.340438417068853	-2.292461878058033
2.433333333333333	-17.056446988405234	20.61718556019067	4.245632712306853	-300.70811826960477	40.95908054810285	39.655691812723525	-13.896528432687537	-6.58021939302289	78.48449456488527	98.98984614809704	9.894714102478282	-10.353356551437358	-61.75714656026155	239.55169147945048	-60.073928720135825	-61.094805745215844	3.438343939878062	79.22890295499079	-7.2547676042553535	54.50647399273614	-114.7074294173757	252.5567306350094	-37.31556470417596	-8.569202515732993
2.45	-14.612034703361566	20.755041548722293	-0.8704763501355821	-298.3161469922875	41.21876013321355	43.086076193335735	-3.376721536137855	-5.918607867807773	48.445861921706694	94.03400720560992	15.181658488006985	-10.395033283392713	-60.34150436430031	238.8229216225542	-61.408920180437256	-59.27986006392301	3.9705494861115396	77.48859868689928	-7.052097566951126	54.37825002339291	-104.307541485147	251.65724899806372	-55.40300048854924	-14.202952521179252
2.466666666666667	-16.23340984406316	20.743594773854905	-2.1017322564367737	-295.7698034708619	44.907684299964444	47.27536210416955	8.249065689149575	-4.809702282923991	33.96954495749356	86.08382345406984	16.808564853337312	-10.283309933896884	-57.56048964276285	238.50679072181006	-59.591290419478696	-56.61246231936254	4.743559482905122	75.47540674242775	-6.874738020058343	54.742463417735294	-97.78565553936438	251.49562502631625	-61.12562057994984	-22.06583553089624
2.4833333333333334	-21.747505271473607	20.707578295170208	-1.320745703196981	-293.37770801361654	49.79369464625292	52.97593175685109	15.205315117079195	-1.9890908912841399	31.655824107631982	78.59822467896215	12.043048854702867	-10.387063817566442	-56.24604896606997	238.79007039094952	-57.31958970805924	-53.687898208345985	4.857059126579887	72.6352801307168	-6.637561885330884	55.215802997832434	-92.45802443823025	251.40439836733	-59.83969290936769	-28.82163245571816
2.5	-25.514908580016954	20.335092036150996	2.01879331451524	-290.0543181048243	56.133995165738575	60.571913118455065	24.98140950047939	-0.23393399429332168	25.105494693296134	69.78135942551077	7.3776060682598095	-10.34780716887851	-56.16001513938503	238.9421154019913	-53.84995211882794	-51.27415393737362	5.51410759940604	69.35214244202187	-7.323719045383318	55.54929540175583	-85.70240027181471	249.68155461761765	-59.49087264299989	-39.191720344749754
2.5166666666666666	-28.71908108826031	20.626504805964498	3.007844319931339	-288.5496533776379	60.719381588551144	65.07060038714343	35.5564644679218	2.828025905667671	12.830911367848126	62.1926430863587	7.425658009096259	-10.033304232725847	-55.54016071586641	239.47350211841038	-51.77261636832117	-49.47248682615107	6.804459081714103	65.90314008618338	-7.741697167747115	55.6850868383836	-78.53230867672625	249.22898309816287	-65.04614984020647	-48.32579959568455
2.533333333333333	-28.14472952636135	20.014521339297822	4.18634278339449	-287.2009249172739	64.41321049477958	68.10999749280664	39.69431768879432	3.385203869621828	11.424157244049717	51.84352502150086	7.090302756683051	-9.960532522616443	-54.979998019035975	240.10278330493784	-49.938136331909504	-48.018838103534875	7.105323955565088	63.75131730067123	-9.377689609796931	55.879007181661805	-76.17696565633385	247.7506728863936	-64.12956627682293	-60.80870008510377
2.55	-27.004717329387603	19.42665904180053	6.819923177042564	-286.22263771811623	69.83082436317486	72.23345633403201	46.2186109421439	4.4997976253693945	7.64724719039434	44.46547306892254	7.815240903535396	-10.169137527721627	-55.37869085434033	240.36555846002582	-48.42672857760887	-45.99563150745733	7.594363734853768	61.1915267250525	-12.899183976834621	55.546418039294394	-71.96533087086227	246.59858438746124	-63.93656404626262	-70.2192887746357
2.5666666666666664	-26.48201602321031	19.642301346411664	9.552004464136681	-285.72071816649225	72.92547415713781	74.78922053918402	51.46486771984126	3.8738797929790936	3.7039941320465477	31.612706795258603	7.443200560119199	-9.95894508050927	-56.182472826183805	240.5653862359773	-46.74458814698109	-44.84734984208501	5.9140609215649125	59.531699487858795	-12.853932932092192	55.2236833912894	-68.15663647006338	244.40280269469775	-64.27842572149807	-85.33099517687387
2.5833333333333335	-26.106233696326946	19.009625405568176	11.714422983801056	-286.69382767707725	75.92957127117387	76.47096888125122	56.80652724264846	2.6956253135101655	3.0522175636192537	25.217555738841444	6.942446034319473	-9.87937042714928	-56.911278064903236	241.26756414802938	-45.454953475587885	-44.78711545911697	4.832584094762212	58.447750945051055	-14.560360190522786	54.58462352458582	-64.47758198739932	241.42625903810085	-61.310929535924146	-93.94600839895735
2.6	-25.97083500108845	18.384354810703687	13.43211353352407	-287.6081995645092	77.60956873760402	77.3959994827086	61.57022936168168	1.1476298377636547	1.4694691716390018	19.75004847194871	4.964534672422257	-10.044539563354078	-58.49563910540495	241.68556141913922	-45.274256900153404	-45.45436141252039	4.216518291203252	57.06606386737491	-14.602136785078148	53.84030651505588	-61.351264552248075	237.84513672025122	-59.83757308229068	-102.80610981980553
2.6166666666666667	-27.253979037066692	18.455247295815855	19.251724915804544	-287.8115481464817	81.5776830265901	77.35359229693718	63.57824138465391	-2.5037564299632415	3.382562720943184	15.000866243138812	-0.08384587155496259	-9.95441525523799	-60.93096474506139	241.68150713693572	-43.52635644356176	-46.11003206009342	1.002968147743299	56.32656621762129	-14.15587446037619	52.79282638528632	-59.936248049704936	233.0457009226897	-56.513471951606235	-112.19989298351784
2.6333333333333333	-28.360467665611736	18.809564187818815	22.943149204515002	-287.8038639357115	84.65344420183644	79.961926832286	70.07607518076216	-8.207478136790247	1.3106363331170958	16.692556913002907	-1.2744529987009499	-9.410594844685516	-63.01127730897638	241.86565330884437	-41.443123112829674	-45.487452545023814	-0.42095590277008355	54.56168112386	-14.368632323764068	52.18633844185918	-55.43542811397727	225.93280452081768	-54.08119755869127	-117.54777697205174
2.65	-27.050896028875297	20.030425328158866	26.867543289215426	-287.93294622859844	86.22585023168995	80.3588336129235	74.88219051491872	-14.762887300487991	0.3065330405699756	20.415397778809865	-2.166142959329072	-8.750890784908194	-66.37470897165299	241.40199896961505	-40.349916310003145	-45.95355837897734	-2.4746384818300338	53.62509145738387	-14.106393795074926	50.90841713222703	-51.520163494218735	218.6562429212889	-51.24554640510916	-120.93109584129039
2.6666666666666665	-20.41253206131377	20.48703781311882	30.806400909224617	-288.6381758978904	87.21732175745242	79.98402153800882	81.21221685189653	-24.51160923744983	0.23205646826942078	32.552357009091395	-2.510967442636582	-8.838066689050205	-70.7727648015	240.75153670254406	-40.510951498935796	-47.65397905522999	-4.5894686211378035	52.26024221649569	-13.7939661207762	50.21151141062775	-46.68156877222213	207.46954560166276	-46.878023954311175	-119.6780225658506
2.683333333333333	-14.88667808863966	21.193912153966437	35.86488777631963	-289.670311682402	86.9764574181189	77.87847822904394	88.20830736810733	-36.45011657557765	-6.836220551821102	45.43592889194421	-2.050341875250038	-9.066606304520676	-76.88550239712993	239.66764699248702	-40.850744648879214	-49.714260361701236	-5.682876201119006	52.09915508346476	-12.981714148305759	49.15525935649424	-39.83689894990361	195.4075961968488	-46.681046839254776	-118.00026556069797
2.7	-9.533825610700127	22.012710692894434	39.55826809057339	-290.9206919324331	85.74743440300192	74.57701456712151	94.37342892049797	-49.90194987012043	-14.545351792095786	59.46729026628123	-0.252604270620151	-9.31881357626786	-81.86675702968687	238.2399094956805	-41.32946006162767	-51.514741226315465	-6.04973519703615	52.68710763278227	-12.278399505116035	46.625879061446554	-32.99775005983834	182.62738643600812	-47.42952753019287	-115.6720668716132
2.716666666666667	-1.9977263907840912	22.59371893155174	42.5372994620072	-292.8073709085099	84.58877753112499	70.99824788905303	99.09094022083069	-60.140205372083926	-19.332488410753072	72.88678741615874	2.014438000345702	-9.717310702955036	-87.37486492086994	237.35142956857038	-41.78660435986171	-55.75813732269923	-7.513998562738177	52.85155356111711	-10.244672960135915	46.95540871768992	-28.164646734325515	172.47443243753133	-47.519800961888755	-113.80135081780486
2.7333333333333334	2.5835347329881895	24.70189059531142	46.0605778368402	-293.48954421081766	83.60771200926197	67.92941231770573	105.2078656555845	-70.46893251771554	-26.197300511230576	88.2425515341492	3.997748138153054	-10.111324109040506	-89.28236999248456	234.93252551581074	-42.613217352473725	-59.17347519527596	-6.677463402344033	53.47178473008493	-10.189166246277189	44.935669678654115	-21.484828767903284	162.75481989851767	-48.200186917869395	-108.50905295327145
2.75	6.153249526622236	26.786221843865125	44.569864420663286	-296.4667905465887	79.73923917926845	61.05491961222184	115.81253424794645	-79.04743612941262	-19.62647822365731	100.9427703109736	5.746324453543392	-10.126841243101854	-90.21797220974413	233.0583457981815	-45.14264751382023	-63.87903913393318	-6.869999999808227	55.68752271941427	-13.512286126131222	42.28961081212056	-7.146871313532079	156.71338445010224	-57.10358341302922	-102.11873306463242
2.7666666666666666	7.780408968805314	23.927717713026073	41.27940986116281	-301.87151303347446	74.16723253471194	54.22401564723507	76.55012737412325	-84.2273093094679	-26.36985302495761	122.06866748817953	6.471350966498736	-13.333863490430211	-91.1654560587038	232.8213044489106	-49.7708337828666	-69.35626997753933	-7.228794948562605	56.60660184915124	-22.885810409301747	42.26852826657877	-36.61441319090698	152.72443456104395	-80.77527761859301	-88.34401091931144
2.783333333333333	8.076453421146264	21.248094340234516	37.91351585844051	-308.9327858110678	68.80302274394879	47.1891412658243	76.0362951348441	-83.521252594743	-12.735273779656179	145.69698317426327	6.21284237656596	-16.765307575609135	-91.41068399465054	233.4564891654588	-54.00080038543685	-75.63049020363208	-7.291875875826864	57.259630839430564	-25.919775864028242	39.983394895523	-45.68153341874126	154.14279632443242	-60.085469284580356	-61.25509021328829
2.8	-1.3617228477664671	8.401007669526884	36.240413267786266	-317.38344803539854	63.14300892304364	39.54120940789189	83.41185162132422	-83.4566637459609	47.59132760720556	174.97149656753763	-0.2718823287561487	-25.387880106343783	-90.54048464033897	233.58604282871624	-57.41988179740919	-81.24715622111765	-5.3299336704552625	58.26497025916756	-24.117189007033144	40.64014836468792	-40.72843738830284	156.57109734458754	14.404093956103566	-29.246811073316337
2.8166666666666664	-7.286555112372861	-5.1859121532719445	34.20352210586654	-323.29984657814765	66.84905183474369	35.970585705298376	109.70553278269024	-71.32171379699292	31.020443008199987	184.96864597581938	-6.590964799077109	-36.50745388574707	-86.97762668800202	235.86064715347538	-53.96924771392265	-85.18249966188161	5.00091614740789	58.781069140910745	-29.497043190961236	45.13427537140549	-11.319221377150868	168.02559613652932	16.666560213202658	-5.972914009526285
2.8333333333333335	-13.010132528843533	-13.324466965504131	24.271079219244424	-328.25786641096107	59.29541139087594	28.955207375072423	108.94569306234142	-68.63190090326972	21.657486946896036	202.21143192044505	-7.465194709813287	-44.83357548410885	-83.17422519514153	237.55215003625574	-59.86182061556466	-90.30455301374637	1.2418553980215226	60.54979190969773	-21.914700562521105	50.40306330151981	-10.248258506011155	172.74580070589573	-1.903600743400116	17.726790784378814
2.85	-13.710850880850169	-30.889919414609675	11.827637640220614	-324.6911513944802	47.75121350235793	22.29967855311899	132.59810402053452	-38.25338783181397	96.47175726397475	200.41691380465747	-2.9552456182114293	-67.60730824545111	-79.21505498413944	233.79011144558368	-66.53190225135246	-91.80329761668337	-2.5273268000284417	65.37359981358786	-24.010200814737157	48.39331485598884	18.38153709939593	208.20359391879254	-62.3473694716292	53.659187714207775
2.8666666666666667	-12.414162832791712	-56.817532584352776	2.9032077946156867	-320.9223393227407	39.474967903895475	20.358280145069234	140.84387743897682	-69.85265069318797	120.50729110222949	138.09649342178878	0.6265304084676637	-97.92603982606111	-75.84028742389003	230.00337824715007	-72.29001895025601	-91.64252896491504	-3.382457118619673	68.15145873362273	-20.930185082907983	57.6240489032176	29.135114227656633	173.74574873304186	-34.864304357654554	-8.85646950795459
2.8833333333333333	-13.745642497567776	-69.50653337549312	-3.8008393923192365	-314.8095544500637	31.967938251136093	16.288724081472935	145.62186589860647	-100.5864331696717	118.30028308583586	137.67322981779068	0.2601351477620082	-119.03141248076469	-74.13198527688401	221.5265452291919	-77.51645369697182	-92.87563749941937	-3.2300342612738753	70.47047253847886	-12.482392166028855	67.99474451223921	36.119441366859064	177.2644640182338	-26.497223412854098	-3.7013621691095864
2.9	-13.612929175703991	-59.18128948832295	-5.544051587717188	-303.2362764429956	26.266361344769027	11.544846929131298	151.53334231929605	-83.76262870991799	119.83467370232434	136.0513114716836	0.9058813007279265	-123.10309540504835	-74.99707566205763	206.89583313780165	-80.1568380457743	-92.64386791832588	-3.9902567143250782	73.6031258225139	-10.71557592056688	75.35322828399539	45.2212704722412	170.96257720990124	-18.5083893925504	-49.09091568436105
2.9166666666666665	-15.706570730839733	-46.539221360063536	-10.225672634623727	-293.0173508594979	19.120838540560815	8.833614441190822	154.6582739535224	-78.84815911261136	146.69430015494999	211.04534044026988	0.26207145414124633	-118.38610463374846	-74.66108896852654	197.7841403017825	-84.47703068278207	-92.64689013122575	-5.251993249976086	76.33183384161653	-6.035176301739239	80.32786808671086	51.0176645728421	177.2636400354906	17.474841548092627	17.748512359969357
2.933333333333333	-14.973550571189822	-47.52863699701187	-10.52209747923986	-283.9473208084881	16.027208405251383	9.01644991712598	160.81497979520415	-80.55506808217172	134.60185706129275	191.57652163112314	-1.793832652782603	-122.61591944724405	-76.10684414890629	191.16327810450576	-85.76702861075083	-92.69711326093284	-6.031090719174453	78.24868955474984	-3.4363860922117633	82.48937901441803	59.027376974134626	177.58970139160917	13.773514324797322	9.27190109357256
2.95	-17.615994991723795	-63.61310061165963	-11.093393476091304	-296.9923396830622	11.459799250756928	6.6608809217986025	166.69673295447058	-84.54665006040979	130.6526960482599	193.59866266610703	-3.710473801707444	-127.68682024531297	-76.25879813408918	206.00440264094942	-87.58880434171725	-92.87325473352587	-6.654683571160115	80.9290038719533	-2.5305013566830574	82.17026271684192	67.70838123472768	176.40660516310322	18.49413958157767	9.775459439268325
2.966666666666667	-14.748055322387287	-34.847019899192254	-10.63724510789038	-274.34920684580567	8.485181909535855	4.979701439219184	167.2097912226357	-88.07172825994998	149.22952086085792	190.81914394345935	-1.6139269252381154	-118.50874600796911	-77.46846207456178	182.13986713728002	-88.839976295979	-94.09849042901241	-6.424926549757931	82.70742362418929	-2.7623399541193345	84.67236179650075	69.98835780777776	174.6418537838196	47.43775007795991	5.438801521470978
2.9833333333333334	-7.619218202893612	-43.20906983143842	-11.113188888868425	-283.71031068224573	5.899640909719468	0.622133899360187	165.0474635403155	-115.87707793168549	232.71102183441585	221.55795666029712	2.998328820427779	-116.49791827582939	-79.06826500630027	197.6929104148777	-90.4338283036884	-95.78589936964396	-6.350106710229793	83.83803749289935	-3.5402506708279606	83.16470670534427	68.89685123329026	147.95426163105952	121.33041429153408	9.106454870020968
3.0	4.538581897259971	-33.49511084849599	-13.166721207926454	-285.61314154063615	1.1955785816273725	-2.764750156056479	162.08803608259325	-181.413851706349	196.99903693960297	274.23952151236114	14.04017253863072	-114.89799409234914	-80.08455442338378	188.88867000569712	-93.68662812470357	-97.45897964758072	-6.907620721810965	85.38822874710563	-5.554770543949358	87.95457378921802	67.32218950211944	84.1874081030221	84.19272358045623	9.600563952585471
3.0166666666666666	6.18671845378579	-29.593568907618256	-13.758299022103104	-283.5570546063971	-7.17905917825065	-11.351147724636993	162.41556578899315	-183.50380849047264	181.57126932954657	294.69520475334934	13.638245622789363	-115.48970959844065	-82.24943961192452	183.80495729434716	-96.815257986023	-99.81648585198919	-7.4287207532019455	90.87901461012463	-6.267660469248532	82.66820365119372	73.26120577911082	87.3739923507904	74.73506053892986	20.914449251486964
3.033333333333333	7.267038089780986	-23.234804875264853	-15.24232153162488	-284.2108961419235	-14.380888294318792	-21.08203746838265	163.78216183090382	-189.13812629948055	168.9274758773018	305.8124296931263	13.387006830282118	-116.80113206590654	-83.7665690728611	182.41407246581366	-100.68101701426724	-101.90000995909492	-7.134435754873365	95.10194225785496	-7.460843093121753	82.54579954887029	78.66845742134524	85.1017240800447	67.51246348856077	12.012635868080284
3.05	10.259670499567482	-40.81419475950289	-14.540527495409458	-280.42726760240464	-22.857447048624998	-25.03466406433727	163.74888520959678	-227.46949029772983	159.98521346764156	311.9368521976377	13.088774888991733	-127.67421588841106	-86.81516708605498	176.45469917108738	-101.70551325965741	-103.80536165101776	-7.697759833677693	101.01092231012662	-9.425522208981384	80.17660490943028	84.50768114803596	55.02537195093358	64.36670117949504	7.547283887506144
3.0666666666666664	4.314075439079635	-46.016174890003036	-12.934782892756505	-271.98788730029605	-28.204088871112965	-29.619628447159414	162.68916022019064	-244.15061170723436	153.15974592396674	332.8258040889733	7.117409974543572	-122.37711956438712	-89.64349610295822	166.89329477937486	-102.56941708560385	-104.78052270133257	-7.887548156754349	104.87685032239084	-10.729446650109995	80.91903558226528	87.46751880043415	40.73811426254363	60.48027609251967	13.270888247054291
3.0833333333333335	2.1514967447382927	-57.35744973512314	-11.347262651075814	-245.98609156643008	-29.729018131865434	-29.28566689456547	168.1228638233657	-242.68883894675665	145.06800857320238	329.5250397207031	2.4678070819707485	-116.70731031565444	-90.69957909258076	141.3358484401854	-101.98295025534735	-104.27092902995001	-7.470769978285529	105.65266745409305	-17.451350220139535	85.77646332296081	93.14201237238673	42.3210711456758	57.90939607673644	11.902600140936546
3.1	3.701960122162337	-68.79013077295369	-9.883834358418293	-215.6905015046728	-31.170098260688103	-28.89224652986811	173.73443012884215	-244.20326605458862	136.51481474129844	330.69263541181914	1.4696540651607242	-111.08246412096997	-92.78128925055668	114.62969708716489	-102.53867704793838	-101.10350516208818	-7.380336986053779	109.69670375150098	-22.023278148072542	88.35638145107343	101.87519281904953	44.2919493117372	57.417494017327726	14.736718832945453
3.1166666666666667	24.762661456661593	-80.24144595389548	-9.438826554014497	-189.37961004208475	-34.6884403301127	-29.30944798047669	188.45437027705245	-241.99284811873343	119.0223851636423	330.46693960824985	20.451352182903516	-105.64877211414485	-93.84137348342587	87.86743763278189	-103.14835466319296	-101.28835005176478	-7.373283643257085	111.5587921081602	-20.906725519090752	95.84697406222806	120.11979182972016	61.59281263535893	57.62608326555031	31.55579074808294
3.1333333333333333	26.209627325845407	-91.5431325570305	-9.090475797814978	-180.85219310962273	-34.92614504156858	-29.695673062166986	199.90380957561476	-221.06170548168373	102.41736681986652	322.1915261283297	21.738121645214907	-101.4973433827722	-94.35860102775747	82.60922264093786	-103.27257655157189	-98.61904705664467	-6.250286432413805	111.87991947496033	-25.772211166981787	103.3510635876171	131.50102527963358	70.49259011782557	53.58579670495148	33.53413388123724
3.15	18.13840009307938	-90.76093945865946	-8.37052123505265	-180.98991855968106	-36.465822045558255	-29.178637953456036	198.7649650585164	-237.90036930248192	98.85508986432903	325.54612339231875	14.59344619289347	-96.00451762496876	-94.79394362272895	85.65768569072763	-102.89985571633362	-96.13936779508954	-3.452127142000023	113.58307248162447	-50.25090259116042	106.9339089578249	134.23706507842175	55.959192284809255	51.753467851030386	21.656331718952064
3.1666666666666665	20.36584104874712	-75.15459728990592	-8.022148066668624	-193.39466069850232	-36.652141688042214	-27.12481223528037	169.68010022426913	-225.81645519944712	91.21661025686929	325.5489825248769	15.091461431422832	-59.28560972278105	-95.18373049456947	105.04433007200824	-102.90815042235947	-89.16113514189641	-1.2151017477829793	113.8728621727143	-73.06418945080662	106.34185648567555	218.81586406201512	71.3642274587517	51.55595280552658	31.600100976483994
3.183333333333333	20.438124467206716	-49.45474756303879	-7.87209696178177	-149.89271712089726	-38.9909227172292	-26.763174428048643	234.11142450232435	-225.3441757337656	55.6207208060994	320.56850808400395	15.190484722221651	-53.46946949417722	-95.84420454822536	58.76397004806384	-103.20130154759627	-90.3903167858809	0.39716229649691037	115.70773571912096	-74.27284395178643	107.6939173626108	171.68880388390195	70.61764871166052	46.42651572152259	30.88940742357287
3.2	19.45028058665151	-16.158930227300242	-6.992808891682632	-140.47154441458613	-38.20619084333502	-19.911651826849962	246.99362626056407	-218.3408725581472	33.993308275957666	321.97625229366474	15.521004736260426	-48.863191331299156	-96.38753820587281	56.29697816193783	-102.80634789370508	-84.27673777615335	0.6499243567567226	115.41982184601055	-88.0429706057366	114.52475792147787	182.59766198117947	77.06145269978279	38.16907315131094	38.93242981162771
3.216666666666667	89.74641629688263	-11.3231720443335	-6.092831402300817	-131.71551934362415	-38.13465356946196	-16.29880809473973	256.10443670536625	-214.47255355567557	1.4309623930977493	328.74993695667604	82.42046595371546	-47.930916776575536	-97.30059178755006	51.57667113331795	-102.3628316073158	-79.35923006045009	0.7816109252717505	115.81916108295562	-58.002406284411016	117.02696461950015	192.2403897305135	81.76917227814629	13.630341890253888	50.040079985495275
3.2333333333333334	145.00931424670836	6.359222523700582	-5.105972686271981	-119.29268774840486	-38.652434459902075	-12.972725582609682	263.5139652907882	-210.00354359244	-23.68249455003067	334.01492234666154	136.82344081886137	-38.85929120917272	-98.18528693967923	44.23126783235696	-102.7243756882418	-71.6079968859387	1.1689431468749496	115.90974971616743	-43.234841125588126	124.51345528875929	199.50870262812165	90.15110164615962	-4.611884312830833	59.38758107933815
3.25	115.91131852034924	25.641373524060114	-3.5865175823990643	-108.21749806674092	-39.228240760001995	-7.762911753745339	262.88671555142923	-195.3451541611888	-46.291586033456475	299.3978850349076	107.093801741035	-26.662222762609463	-98.95256365599585	37.767093520051695	-102.31639528320906	-69.89896290983407	4.122860729732224	116.85277186417993	-38.05551316291111	125.17576319576202	200.21838948179897	104.67236683543982	-27.458004765348846	61.39390960057632
3.2666666666666666	63.85338008834736	28.092678608773	-1.7122054952864294	-100.52106358686824	-39.586979576118566	-5.390692002785325	263.3140668757756	-191.77619760704982	-52.80803084568274	245.6030133691612	55.210413772734604	-28.747848767639926	-99.96705413295555	32.73023986247969	-102.25742517937317	-67.09257097996583	6.941898527985482	115.9536937551113	-38.5131362422	118.56692056575973	202.65634679003765	104.39826745531313	-32.482202523561	63.798655338187075
3.283333333333333	53.632535433781534	26.968767107232303	-1.4183211444629749	-92.11340839880039	-38.69659519131789	-0.06474311163069879	270.6650221116323	-191.27412792273284	-63.01573984917727	167.1472131477871	30.24319849685855	-34.99962084871581	-100.56572353872617	27.031742083511233	-102.0698866521773	-63.716362416505284	7.562812902239004	116.53651697021051	-37.565240579566385	122.73578649576316	208.24853775397608	103.83161835246193	-35.90166044407444	89.96952424724357
3.3	9.913552563357095	31.750232544187018	-0.6608045713822988	-82.10965010216931	-37.323772035735516	5.843858895636069	276.26237922971694	-189.98028677531153	-67.66205822016985	172.36253854027132	4.506989699466721	-36.27906469549144	-101.55552305385093	20.964966041019085	-102.10979503075119	-60.077906810365924	4.413941981580382	115.33436267408945	-38.34533841620118	131.67245157019684	211.89878861576304	104.44594962614227	-36.991197916035965	97.16886801890819
3.3166666666666664	-2.7713356882493256	32.143847555357915	-0.8885125486228389	-75.76855655515021	-36.73172125998238	7.676039662739718	287.2353336087896	-186.98727220596805	-81.60561662686918	178.02426833367767	-15.871701427923067	-40.88975716876392	-102.1181962873276	16.653243791098955	-102.87176612602322	-58.58220069047621	6.456530695492936	115.78957283511821	-39.946142755346756	135.17072951747275	220.16673916718148	106.87926753683452	-41.4934808772581	104.45286365138234
3.3333333333333335	3.1808019165215455	30.964552094643103	-0.8994250039749092	-67.36653948816365	-38.4664931096263	7.842099230084725	295.2531724093655	-185.82947749700648	-84.77415870844821	174.3429143104376	-18.76413608989044	-48.65154995952914	-103.31703276689628	10.597213960891292	-102.50284229798379	-56.49406531793318	6.768297336716871	116.1659701908306	-45.726659805894684	127.38539021687019	223.0321895617858	110.18570679810092	-42.39364767363512	101.27512471303305
3.35	11.777348343384018	33.18889487960397	-0.9057595911893648	-57.34569595756678	-39.663013841820785	9.327856299412636	308.5916477713055	-184.8040397921403	-109.59235965233768	118.51491630544119	-3.0361657784893374	-56.735855182491825	-103.09315694107887	2.2720517960244293	-103.74476662157804	-55.054134002422664	7.371151920748791	115.85862053691945	-55.12932276099641	124.47380906261412	243.84516020621464	111.0913460668913	-45.54873055846398	57.56738013133556
3.3666666666666667	23.169631192846538	30.521963809118354	-0.9428772245377119	-51.011604086091786	-40.75659738940398	10.87441987634987	332.84359821876996	-185.05462830853475	-133.96844007466544	138.00918072011748	9.066746517632843	-60.24173068883345	-103.95193623321424	-2.2702533487396312	-104.87041104930815	-53.3258431049261	6.614141365744641	115.80516835884845	-48.257941324515265	115.84968668363237	268.6104717226516	110.6520904265717	-45.0656596944204	66.27648376064815
3.3833333333333333	23.005832908914567	28.009661157646537	-0.5103251847393812	-47.19149063901964	-40.80415876528065	11.207765019500545	340.07498291040145	-183.84086044201084	-142.17110734789168	208.14205428273172	8.31509291432155	-67.49310167645275	-104.90676619420074	-5.9649968983175805	-105.36747008016339	-53.172867600316856	6.361162155925926	115.42374474013336	-36.650080832385875	109.54019828328941	275.40365712617853	111.01722453203013	-46.18666545893857	142.13389735388532
3.4	14.428073857370503	27.971079400342454	-0.009856399651381277	-45.73141431028135	-40.78800469628099	8.693923125611459	348.8571161898871	-172.26349244836857	-153.17755001036355	197.1663675970216	8.27773171746464	-72.11303475959373	-105.51786874964748	-10.264999021849718	-105.44644374243511	-55.93012017181576	6.452238617459366	115.30120110079092	-28.34594750298694	108.53187220902915	284.4719286385499	123.01686747020538	-46.66833721604299	140.72244728040593
3.4166666666666665	1.5335376174677915	24.30278378999728	-0.14136687779209828	-40.069073722454185	-39.38741658815096	7.925961059559256	340.15661780259353	-165.6779285912955	-167.48244912427845	195.2640885217752	8.395618809553088	-79.2908882493709	-105.4547348349328	-14.513412336899467	-105.90181465341652	-57.92968201213014	6.2225145352258	112.6729078091158	-26.804441638184546	108.83923389935019	299.0841741993292	127.61343304698333	-43.63543982012653	146.92202809189956
3.433333333333333	-4.748631414113414	-19.680216453676753	0.61778686225594	38.03303803774062	43.34769456360033	-4.505975617580936	341.0549794033656	-194.28610789190225	-182.6774460039849	161.61403634983895	9.847405918747906	-92.75735092855473	-74.77651652273771	17.05122865794239	-75.38161581689663	-121.65938563913387	-10.011336238020181	64.96881405161886	22.435671707036267	64.74221136669551	228.8970004629349	44.88278628652661	40.44080599355444	207.21418237155513
3.4499999999999997	-7.7489181697792	-21.83219365380563	1.2571333031446483	34.72003595167677	44.63929085292209	-3.8983202146087983	332.48684873707157	-199.94504215601327	-175.9686932830582	162.73437142290425	8.75794015721738	-87.73384271795086	-73.4794027184159	24.058880234058364	-72.155268774507	-120.67541063686093	-12.918423634211972	63.27734246667262	22.199711390632995	67.5051016754176	217.79365827152603	43.00184235321029	39.26621980645488	206.03621058755698
3.466666666666667	-14.085181202587965	-21.08656132513025	1.668382192259383	32.624257740185904	44.65008122638216	-2.203047268480456	317.2641101239059	-203.6134703508162	-165.82430630139334	162.3266177975839	2.8860252773282253	-82.08979588358784	-73.01889966161558	29.163462134936495	-71.32150780057876	-117.54590273729912	-11.631171618295532	63.87231225711126	23.161211737373005	68.44617484990431	201.90361180979895	40.75203709036705	35.29661968569655	203.17417408385637
3.4833333333333334	-20.149696275527255	-12.227543326342017	2.43356175636117	28.222524328188317	44.39399764137367	-1.3574890462549338	315.0307015487578	-207.15889998693333	-172.0085213511387	160.11399755680662	-3.536749435172164	-71.96283725816977	-72.30313553317298	34.04549580649361	-69.76077039450647	-115.75383334332214	-12.340061735084458	64.79506491484351	18.206016952777993	68.68569948323001	199.80091004674995	39.5200507300699	27.77586915718169	199.72697809467414
3.5	-25.75539467775337	-8.839706206744394	2.4599364567704862	23.30344969381921	44.3660154938608	0.24473910718766312	307.5696292951653	-208.73263302085732	-171.41094442514705	157.25277994163122	-5.773445007155708	-56.07583622280614	-71.74711221542472	42.05726354526195	-69.22170981096623	-113.33593108453069	-11.671381379972658	66.32122762854239	14.267113503155475	68.92613373490533	193.673329603531	37.87519411626971	21.919698460531595	195.21922031958485
3.5166666666666666	-19.878721034479277	-8.16854225905967	3.052131829101954	20.68817336972605	44.2755190488344	3.454886794635873	295.9844217996049	-211.5372353349263	-162.37353570323413	155.27047580112958	-2.943927647109287	-49.20558453643979	-71.57472323934886	48.79941078674706	-68.319635473877	-109.51412991559982	-10.72253168218353	67.32385787366044	11.93552007042668	68.17877432168187	177.23244925295242	35.67700638894433	14.274763940450526	190.8523839100263
3.533333333333333	-19.764622322695615	-6.340833666731783	4.546733535101954	14.143080629489884	44.375044580299715	5.116641476900562	257.8672431273214	-211.71727511675624	-139.7122144248982	153.79846220316455	-2.1701907311018758	-37.678110710703095	-71.6812023043347	56.36947761602553	-66.89723821478147	-107.243594642044	-10.271211280545248	68.65730920019651	10.641494879085684	72.29208731809209	145.95956539123927	36.9565749560429	8.890267805486094	190.74597317918906
3.55	-19.906354975938616	-4.6185453592726615	5.008026371656216	13.032377805734143	44.27056618138239	6.395806935063559	232.02784199901254	-212.2131430769611	-123.95963621750286	149.54534635663504	1.1662483451273276	-31.463127313992466	-71.45704009361103	62.97961716782736	-66.22240397309609	-104.31940596760505	-9.690524119735784	69.32198501835762	8.300591827472989	73.6402917229437	120.95880877102677	37.02497419420439	-1.0531636983280703	186.45637472703228
3.5666666666666664	-20.813036670046394	1.4585870206222804	6.025165347543045	13.62590888789826	43.552544013641786	7.608944073510135	214.34175165955583	-212.2777612896239	-116.22115453050442	130.90166663531812	-0.41802612644330006	-22.326045617041608	-71.18001289435739	65.9965590872211	-64.81002165383836	-101.03948194745672	-7.460945722652751	71.3585246839907	6.316616521250592	74.31197356870085	105.63579145070024	39.04148622275228	-8.790303167183255	170.23782270120753
3.5833333333333335	-24.629124052822963	7.551756461138947	6.5182612423518105	15.498491024592045	43.193634592483804	8.448970662958537	211.30830464380227	-211.46641942515836	-117.59267608876291	113.57580881831552	-2.721839205105543	-16.071553938962573	-70.59974513999275	66.60583994451858	-63.505788380084994	-98.77670731465237	-6.945662821555281	72.77345942610344	3.0878319447733986	75.09218898609141	104.02935519877803	41.23719082207506	-13.371440029043324	156.38294125480505
3.6	-26.512949515448526	9.651175047589664	7.251391369637417	17.352000910949812	42.70632342654212	8.359263852561952	208.29577002894703	-209.69384387989484	-131.4406051265271	91.09584059343739	-6.285007587264201	-13.468347418254208	-70.0183067851244	66.02139332811893	-61.85883402627846	-97.26590719856459	-6.556325007754161	74.55573200824321	0.04472328896838573	76.08246588749681	102.84244871372796	44.90634848625294	-28.67161714154402	137.25233963087257
3.6166666666666667	-38.45406315621471	12.98176854039852	8.183886203325718	19.021732946918785	42.06667097466925	7.876142699677352	204.65668889754008	-208.85555570297467	-137.27104690164373	9.528789927181574	-18.606709784577454	-12.477380177941729	-69.93276564753698	65.17505170870983	-61.23928301497841	-96.45201269180335	-5.437639247829035	76.16609763510093	-1.4598619066959115	75.90938271710533	100.92149837257719	47.344214412859415	-36.31446413564133	57.23858521622038
3.6333333333333333	-41.72980053411776	12.683868715514082	10.254170971796695	19.351933182574534	41.64764927863695	6.594632153317376	202.36381092105208	-207.30398744835873	-140.62699717293674	-20.042791884946784	-22.937657300234765	-15.235007554923854	-70.99568597134852	64.76530512321558	-60.44002657932597	-96.23383708900907	-4.208458945346189	77.49069091098157	-1.6793304780334644	75.99593074938788	100.04851183165033	50.32242199021993	-40.455420368167765	30.54139024129995
3.65	-44.779470774380705	10.291790760961753	14.494162829638848	19.3014571145284	41.733236842357584	5.490726154384233	200.63299300417128	-205.80088719432388	-151.8242716954502	-26.58651705059914	-28.73839834556584	-15.350495848758953	-73.63719501524182	64.62951943666562	-59.367195197688275	-96.21125722210319	-3.10322054386415	78.49869491891579	-1.7313693881368706	75.92112274713948	99.4573326235627	52.82611750550584	-52.33893138819269	26.549289878537827
3.6666666666666665	-41.16441269906108	8.95385451733861	17.99183189891364	17.977261315212115	41.3155823494578	4.5865788613499126	199.1933732495655	-203.4813315978205	-156.34056007004864	-52.05432191949768	-27.50152604359579	-15.50483991075242	-75.60043151059025	65.34012886888888	-58.49444080965465	-96.34406186022053	-2.4722184985072433	79.35094640808325	-1.7335968521333507	77.18457513073449	99.34406422136108	54.8065536978331	-56.86747296921509	6.350404110080178
3.683333333333333	-41.0557573446392	8.422064159625686	21.92502539302005	17.53840492342761	40.86582780193343	3.348059450637811	196.24509829381844	-200.90910351012823	-157.05932034093715	-49.56300541876138	-30.490923613161446	-14.923005903587146	-78.64871240357893	66.1825485752208	-58.24715892235962	-96.26420686850442	-2.63083680474245	80.40965809333123	-1.7325620433588833	78.22661933928772	97.0710293385837	59.65177530637992	-59.77031872588301	10.590204113448749
3.6999999999999997	-36.068705486371854	8.898478465842546	27.48092996944593	17.291910394245107	40.549221294437686	2.158938035154328	194.0858980230269	-198.363321693784	-160.6695265259432	-79.94304939437158	-28.11563967256506	-14.325749919281332	-82.0155014063469	66.56224574189822	-57.418948413258256	-96.1815470537026	-2.116049930176637	81.67035115506786	-1.72289070795888	78.29312026588325	95.95048892733466	63.3836777998371	-64.5414989758405	-16.46575120450482
3.716666666666667	-28.721721595586608	8.694458376304102	30.88157903133955	17.459984823456892	41.05929307247978	1.982114635899114	191.24679714807417	-194.6746104445284	-161.42724265841878	-65.65554919637094	-24.227469354320007	-14.041720745349132	-85.94591385134524	67.19337829532611	-55.23353973604194	-96.00322861922155	-1.535146149876901	82.4140595929023	-1.7212281732771633	79.08801541827292	93.73897782869436	67.62705568890588	-67.51942145600272	1.8705563550833175
3.7333333333333334	-27.425387657812223	8.460737954515576	31.177693181640006	17.33300873672148	41.09340744150177	1.8699139893775574	190.30755499005318	-193.4126194839667	-163.2266893630837	-90.01618664776048	-24.284661407083416	-13.940481219995597	-87.44083997439931	67.3326727129551	-56.02589308810034	-95.54123668852824	-1.227559931466672	82.78944625629266	-1.7451347728473448	79.5643167505116	93.03254355889301	69.19417254244284	-70.01113140691386	-20.841536360287808
3.75	-25.531961958199453	9.483130783644823	33.52533811857442	17.522375889926682	40.991817266401895	1.9208624725112386	188.81489304964566	-193.2165079030063	-163.867334186393	-94.79666048697811	-24.365120692971434	-12.953070423144663	-90.03276771928414	67.51150379579373	-55.9357420313131	-95.12203504695388	-0.7790452660276319	83.09484126592515	-1.8332700315440418	80.57422204631523	91.81076050335678	69.85115605682596	-71.85937221810839	-25.4619363562831
3.7666666666666666	-25.364627091018168	9.222043144169959	37.447804259000684	17.4300032977628	42.49736494647667	1.892111214330532	187.5464215303257	-192.61701578194084	-164.30443532457122	-103.14916635005328	-26.755563743028116	-13.073476490411263	-91.80775444739656	67.8521891905208	-54.18336020025831	-94.84608003301783	-0.285515389042572	83.4137779244719	-2.0883210901183853	81.00368268401283	90.90395719717048	71.22299322204421	-73.26851353167474	-32.40697343225862
3.783333333333333	-24.445773483730676	8.000457919980079	35.46883180907389	16.90621267618877	39.81650492436708	1.2086893357664004	186.92298477835183	-192.40988604126932	-165.66268938790228	-111.28411073554155	-25.702021785633534	-13.975934988428836	-92.23658099950059	68.06918915087937	-56.455049192484594	-95.00701928041588	0.22882259873325683	83.88771359192896	-2.2984093771491865	81.22010894172936	90.70133478224157	71.62128635898452	-74.71344250432288	-39.83002353929077
3.8	-19.447077609498514	8.3354823785939	34.17077256616559	16.347164503917334	37.93836710325493	0.7805346431246782	186.26481417396923	-192.187190103541	-166.2783802259607	-123.53312172508895	-21.69834193229515	-12.888425635139416	-92.70624887184503	68.57046842183235	-58.15340740072394	-95.10039037669348	-0.385340658027325	84.20621295716298	-2.615931797512554	81.54619870198259	90.2341735448982	71.94188555707863	-75.54451672039552	-51.131874563425804
3.8166666666666664	-14.433703113632268	9.650541371116839	34.19726221523161	14.881213501359992	36.76153390983394	-0.37893666991244	184.6188606609022	-193.47810753690442	-166.08178262994355	-136.21858009307212	-19.049370529110792	-11.107999037133563	-93.52177356735734	69.11422382524566	-59.17055749221103	-95.61445442286977	-1.1426905396169924	84.52595983028664	-2.9380522595751932	81.90170243339335	89.44486009656733	71.23794447308654	-76.3683517086259	-65.75151905327782
3.8333333333333335	-14.331111937033734	9.043923710625693	31.854615013451514	13.849616526696241	34.13922514792707	-1.3187679430270536	183.8772398148601	-193.07049325783296	-165.92900043947668	-138.217539101069	-18.492667847911495	-11.27041965540828	-93.52457877958263	69.76155418368043	-60.90807216663627	-96.0834383169134	-1.7555452283174193	84.90425738595901	-2.8076001270198843	81.66456585376658	88.83384962608683	71.85217360172847	-77.12858653746002	-66.21663349747016
3.85	-8.523336080195008	9.962832276249458	28.573635781518384	12.568501311542516	30.501345950299935	-2.0796298874878687	183.8168174486371	-193.1128063042504	-166.2751387887888	-150.4333754117691	-12.235312049794832	-9.659765621365235	-93.19185515392694	70.40814433501458	-64.19753184086996	-96.87504296955352	-1.993869703823363	85.00797523227632	-2.7503317752840823	81.56318758158828	88.8079408810602	71.8345400524004	-77.52630473496204	-78.46869091740778
3.8666666666666667	-3.016754850354421	8.371399950592782	26.579790586942227	11.598906777311042	27.937101672315784	-2.664704035751508	183.67868361039825	-193.4907553174165	-166.69899753202958	-153.450922451033	-6.337221593339069	-11.500260637680203	-93.0663549795411	71.04246269953255	-66.78771395413752	-97.41202303980192	-2.2298748334949385	85.15154061583097	-2.722999899779062	81.47587988745069	88.82579191776816	71.59991804515974	-77.95172620204235	-81.8397898736651
3.8833333333333333	-1.2329350039416411	8.690888913862803	24.204017808867277	10.85089468019163	24.97206312575282	-2.9862724403465153	183.728593316876	-193.5526893345504	-167.37881340987238	-160.11492180934277	-4.05667207931563	-9.737726183207577	-92.67296407654048	71.60130181405125	-69.82144855472968	-97.76371880328414	-2.79112719359448	85.20866425855421	-2.7118678152707276	81.43396201233678	88.90153549772027	71.5575637315742	-78.4972212916604	-88.3194048001651
3.9	1.6741221512820488	8.311524795780613	20.792329104408946	10.181432971568363	22.935775308985413	-3.359307235376184	183.84288134115167	-194.0908074104317	-167.71014122625937	-166.2207967446907	-0.3903070404167913	-9.597374215402333	-91.99351810666668	72.29712845426828	-71.67186042533103	-98.01204145085244	-3.311610033617178	85.30999370152699	-2.7143503554839388	81.34799364794657	89.21020153177246	71.07285703140478	-78.43075934301507	-94.90467434884447
3.9166666666666665	5.26135783139973	5.972062902101383	18.327771121480183	9.231942885321619	21.247342294889815	-3.9563558241536905	183.5365203912174	-194.52715861061657	-166.9296861104863	-169.0002246078316	3.6442129685425506	-9.789334084430973	-91.4605265709212	72.87003366756758	-73.38813168503356	-98.62844991110224	-3.9110601254095734	85.2984189066302	-2.725048132247295	81.24483747136101	88.85626169524895	70.49382998900568	-78.07320736823743	-98.0634390271103
3.933333333333333	6.764927061815897	6.552978142808242	15.624986226681193	7.683396255162845	19.778842341057388	-4.600274540390066	183.71090173465177	-195.02123587545583	-166.9095092308944	-172.29961051935896	6.279636991255851	-9.742675846586799	-90.46761764344878	73.43598530436942	-74.9143978159848	-99.40426915305464	-4.032330527595604	85.2541554125858	-2.750993157470302	81.03991350545026	88.9410570806228	69.86889838370573	-78.05787247621411	-101.59735052386316
3.9499999999999997	10.20094553097345	6.889716083854384	13.404418529576269	6.032529399312711	18.536723810414884	-5.213275972982612	184.36728829908554	-195.9521564358254	-167.9617068558591	-172.24939097290306	10.534162267750073	-8.560498606584819	-89.45577148832912	74.16708502199107	-76.20818611194306	-100.16429975356677	-4.132404092222908	85.1921535004946	-2.807482416226861	80.8437574907191	89.47681883657481	69.215195713206	-78.52303643206196	-103.74720213278141
3.966666666666667	15.660637790764792	6.030085702941186	9.606716007873144	5.32067165872364	16.907308353765604	-5.6262470133519535	185.1774147555187	-196.3625310254851	-167.83294410387103	-176.20863978277518	17.943291690979127	-10.097072669661856	-87.81217258867231	74.19411915930439	-78.08890171810954	-100.58354887998321	-4.2964619848038845	85.06538174403414	-2.9119057724221045	80.70696980960321	90.00378417873748	68.84022004367016	-77.94041638499728	-108.20298079590518
3.9833333333333334	20.664926428440133	6.42948531917314	7.393488050429546	4.212857646951257	15.589115036463117	-6.352847710388134	185.65341192242659	-196.61040189236763	-168.14484600233635	-179.72269459299565	23.827442300090777	-10.093594288320219	-87.0059929374688	74.5324016802589	-79.39601533887537	-101.00013225778501	-4.6834964926827185	85.04043977094615	-3.096341381482012	80.63558074053672	90.33415142751586	68.63952318708404	-78.26764528365172	-112.7767572909264
4.0	24.91526593174162	5.414724679778725	5.89705569245785	3.853007276539342	14.558687969622765	-6.578235267889617	186.42056492031315	-197.16401927618614	-168.21572754023492	-182.0521277378158	28.491205290117342	-10.308630019697173	-86.48477437978669	74.61302389185117	-80.42223390468791	-101.35228700375454	-4.711538115679186	85.03576709743663	-3.322509696175567	80.60793798014323	91.47113462557998	68.10423907572975	-78.69159842359558	-113.83134843323244
4.016666666666667	28.328540222888318	5.354031271908532	4.194741602435673	3.527248293475216	13.334429404912612	-7.019035658673554	186.91907819161258	-197.5036600087166	-168.46111912083484	-184.37358768794363	32.38807584855558	-10.152754934292876	-86.0874601968395	74.51548924367127	-81.68100157303952	-101.93035909519234	-4.40581798853834	85.02164731392436	-3.3749061629538533	80.62393792184847	92.30831653925743	67.6870650821538	-76.88625109121325	-116.9268903580408
4.033333333333333	29.41599282356614	4.744507721684111	3.2205018345521537	3.5126700450707693	12.252056185434604	-7.260346681368105	187.50314566484425	-198.64681182628598	-168.33978665750377	-183.86493940642546	33.397028515963406	-10.945579939085626	-86.10821835563993	74.28804264192478	-82.7671434396551	-102.15098417911585	-4.582158409518825	85.02720087503901	-3.539458987691618	80.58652035730552	92.78052985569387	66.4858239096615	-75.9888829742903	-117.60859425677653
4.05	22.095929156389705	5.032070544283235	2.727960355660403	3.2288893711846884	11.348372108866876	-7.906548437522462	188.37482793996392	-199.53224386782597	-169.35414283587446	-184.2661968923513	25.72801341699607	-10.738492141487061	-86.41802005612323	74.11192331373559	-83.65901229251774	-102.80226624476433	-4.206715564000817	85.06683808511706	-3.6084813737335804	80.54024830935282	93.46283014687641	65.57523546047999	-75.87884945442447	-118.90555008465313
4.066666666666666	20.644750966492346	5.228530008231347	2.274062986254573	3.5956071161344956	9.760948191679407	-8.507873099838076	188.79541743281442	-200.8367874769009	-170.11570899894076	-184.04565039683825	23.518472385698956	-10.960195738152624	-86.995527842405	73.6566589158937	-84.96541602882371	-103.23242660733395	-3.97230646284611	85.21652755903968	-3.621871808317078	80.18017711948993	94.01656570386987	64.47066578364766	-75.9466109283491	-119.31951645514387
4.083333333333333	40.80021312931013	3.5129190441230853	2.3546868565927808	4.746382947284734	9.29110855068777	-8.302303040692212	189.5300602963318	-200.86272955887597	-172.31251089892697	-185.89727334353546	43.15411918341361	-12.505522700271847	-87.44377879830533	73.1295048778574	-85.42109094601109	-103.01691437362875	-3.550056179741802	85.27155176192802	-3.631579928925894	79.97996992228842	94.66893827566614	64.45531013059095	-76.97801494227816	-121.49105694532976
4.1	40.50444220985442	2.108642293611285	2.606886449626762	5.220936481958592	8.968506720957171	-8.003901432317587	190.16827780836832	-201.3034811829873	-174.6600606782423	-185.44797627678525	42.09420627099755	-15.511134009257077	-87.97986085855706	72.4455022617885	-85.76594341841614	-102.73079408582545	-3.273150798631503	85.28282316445699	-3.6719012907980084	79.6057073578036	95.76096200800704	64.01483548436454	-78.23544716258425	-121.56808064980059
4.116666666666666	106.60196667817476	0.4771053953222733	2.276795563461534	6.016916422401323	8.627723045761764	-7.893847223690234	191.28402611683538	-202.18850772918313	-175.72847019262176	-184.92760070515087	108.04040789933191	-18.665166491845728	-88.32958397045375	71.42071756247695	-86.14191149283114	-102.66651728492775	-3.143698546093965	85.27856472656231	-3.758019146854111	79.87031568912654	96.75782406047132	63.11642001831052	-78.35988023800213	-122.04828208200273
4.133333333333333	118.53978607818352	-4.448281915816449	2.0937442630766374	7.735150861988557	8.576879892222815	-7.190868925555851	193.12420144129774	-202.8884980324836	-178.57850347584468	-184.1348640636774	120.06929908999459	-24.707742556375972	-88.6898679696039	70.20914001759172	-86.45585572180218	-102.17858279664715	-3.067711089639914	85.23970088151718	-4.0751922048814375	79.93853201595573	98.20923395347916	62.153367942208355	-79.72870166632148	-122.08105465891632
4.15	128.82369062990284	-12.341998926114837	2.2045637437925674	9.112674661235989	8.464278839353018	-6.775146996599593	192.8573482259854	-202.79091347525193	-178.9159484168033	-184.42917624237865	129.99853005984988	-33.66024812177936	-89.34756113803682	69.13202334799546	-86.79671192561626	-101.92340291509376	-2.9739838001445893	85.052385573165	-4.433125104518991	80.16934756223962	97.67621244560178	61.991032787348814	-79.03772944303238	-122.54593818866189
4.166666666666667	119.21886064855762	-24.784523542466502	2.779495084226098	10.239931222781939	7.854904278018554	-6.860982837375783	192.70990822704857	-203.40820074999638	-178.8118243980842	-183.76388993195093	119.24146544730279	-47.35918672501446	-90.03580330405283	67.933819802659	-87.16482058344955	-101.9105646334541	-2.771389050116023	85.04916957981887	-4.597966023394566	80.14365925372535	97.6831253314298	61.55745209171988	-79.00409642422846	-122.27530635407166
4.183333333333334	120.43239631395393	-32.58415262234115	3.197738815106029	11.445683583448057	7.544865631750737	-6.847260499953417	193.32234765582535	-203.56048754552882	-179.02172307265909	-183.7575617629607	120.01084184405093	-56.326499896879085	-90.51327137919465	66.97033892745272	-87.25681392770971	-101.73021248805476	-2.316811355860836	85.14631743645022	-4.717499861495139	80.33754432123723	98.56127378981897	61.673345653647615	-80.06701400176613	-122.22811050551796
4.2	109.72706431286446	-40.493312035821575	3.5255135147848877	12.85617946519013	7.301930782271134	-6.463249216920709	194.29865028118593	-203.7792091961362	-179.0000086313811	-182.38482927361434	108.52047936866573	-65.8628327669627	-91.1515707434181	66.07941331522274	-87.65853769858708	-101.42736491398635	-2.203449501558818	85.12982330521693	-5.066541871616823	80.44268141293628	99.40221882783767	61.304210503521695	-78.9957216345889	-121.01760885988526
4.216666666666667	106.33359311483521	-45.75413447810428	3.4412662585451756	14.456636264529696	6.476039382483437	-6.110604022341386	194.77084963063857	-203.44570829051858	-179.9547147232728	-183.16470010706988	104.70075058949507	-71.90036680572616	-91.6376796130473	65.14269249282789	-88.20639644447307	-100.81329880030083	-2.1757467742530996	85.2555971182715	-5.159816489081873	80.55765665652734	100.08399100832017	61.83747106060153	-79.7375838517112	-121.28713430818357
4.233333333333333	104.13983324137692	-51.382172094255864	4.153728390517216	14.655457001668697	6.550305406436352	-5.457067649489545	194.98728266999552	-203.12193316408263	-179.97661927153416	-182.64748276180052	101.88527766350433	-76.50435543971238	-92.2645688629136	65.34020869374831	-88.18592218488598	-100.12005810961179	-2.1756032539393493	85.45118616060913	-5.114264240198281	80.65859819447456	100.31796268677299	62.186440541561296	-79.96858599264573	-120.48505787226335
4.25	121.63367766233435	-57.601971117212344	3.805264186388165	14.126890860452955	5.215075740566432	-4.129825262096213	193.2962913475732	-201.4504053178956	-179.63948540302422	-181.87955303393787	118.76029006822776	-82.18751765049481	-92.39662566086247	66.26853181380785	-89.11155413255632	-98.51752214906502	-2.1824426530476373	86.48501380044402	-4.4988705268432785	81.87595803051546	98.9219877092735	64.0413451254509	-82.22438675570035	-118.22053751150577
4.266666666666667	69.93103484506102	-116.86700940699893	-4.225526966941514	-15.02557240714787	-5.540304454156094	3.1530538956736214	164.43966910714423	-159.8895941520185	-178.90178148190913	-178.1132121500741	70.52982551954017	-94.89694044784513	-90.54708863513672	111.33559095199507	-93.44034597083665	-84.61598504230291	-2.1842312122120946	91.76200743426222	2.770250771611295	96.04076940925479	77.28337426406446	112.3928627806517	-101.41574013876081	-65.64726011019684
4.283333333333333	71.98309358354486	-114.6124808940672	-4.960163420938839	-16.432836887092108	-6.144184380075638	3.1038842853135673	163.8667476568811	-159.6874518410969	-178.2859950759396	-177.3911889752211	73.11704962643694	-93.0274580309318	-89.4069775934725	111.98721566598931	-93.81498088197824	-84.58981558603247	-2.1837845832308185	92.18968140451275	3.5389280178433014	96.33378429799329	75.97178955629943	112.59144681013125	-101.97765240643373	-64.76029021719467
4.3	69.53990407699908	-106.15436174481187	-4.835606836002544	-16.325721550114114	-5.370415387169197	2.5388464977774934	163.6994039474759	-160.71030089399972	-177.92601026550557	-177.19881574230413	70.48717468318144	-85.6780270611059	-88.8007684689471	111.15776301405435	-93.14548171706186	-85.1943029321031	-2.181818796599302	92.23673781950133	3.3611479330736698	96.21618303463059	75.83359858733306	111.54833530337064	-101.85607554192153	-65.5905241933441
4.316666666666666	85.3838292319615	-103.0172371064984	-5.292617266405303	-14.850014218718472	-5.544676998468276	2.3439410811914363	163.2073561719403	-161.59204831006605	-178.06105156292924	-177.41177050263812	87.64156399275866	-84.76295296549048	-88.08211367015768	109.67344685672677	-93.22516409019698	-85.27304300120079	-2.178148031824273	92.23017629569728	3.558448543605153	96.2380194036783	75.5385094345372	110.68531036092702	-102.48646370383527	-67.0459666198095
4.333333333333333	90.65690773358068	-101.42597552180688	-5.267240491814372	-14.593361005168447	-5.4137612160970585	1.3556602532236703	163.46486857788932	-163.46451270572683	-177.810081843142	-176.17210081817652	92.75737339465499	-83.92920986463271	-87.77788030459816	108.4757120066978	-92.94072461898882	-86.16347246978182	-2.1719932526457306	92.2207222745313	3.2248920154434524	95.6189090041489	75.79671843765537	109.03137845571057	-101.82710730618301	-66.9877418705579
4.35	82.89929583821726	-98.26653730211362	-5.402642883039916	-12.849118788863017	-4.866252187014865	1.044848561355602	163.40450141575278	-164.815782133894	-177.25055582606646	-175.82515939724567	85.22089602534048	-81.75136889205308	-87.29348449834474	106.47732915986177	-92.66417097133419	-86.49508900589818	-2.164799649627413	92.18592522172149	3.1741115503770745	94.92671738041109	75.5644910388557	107.40071295579641	-101.66461586370737	-68.07416767195892
4.366666666666666	76.85887370439303	-99.01570802272639	-5.788043673493927	-12.782211620526281	-4.775704268405241	0.2329267980449937	163.43057694205308	-165.59929944042588	-177.68686800960705	-176.07784125554608	81.78779212753942	-84.06846639153133	-86.68780253964918	105.15814040634292	-92.61585508540175	-87.65353505234893	-2.1571593248473873	92.12927787704847	3.3592739829062683	94.72989600519603	75.46628283222918	106.58753024794882	-103.47786800701748	-69.8129724890362
4.383333333333333	74.36838323542665	-96.35868204846402	-5.880925420017243	-11.442448023260965	-4.493459944525099	0.1132040419354717	163.09596143737122	-166.44895677741147	-178.09433742134223	-175.63994819599822	78.27290508140172	-83.11649794495499	-86.43843840331442	103.36979418247839	-92.55516219774026	-88.08213316186043	-2.157037536172478	91.9003787790373	3.021152374986693	94.11674381597633	74.95396150750061	105.47995384714997	-103.1797157116209	-70.30457162422996
4.4	64.81947510816593	-94.24765348564566	-5.923855195317437	-9.908307873362915	-3.9443496694166056	0.07835301279658553	162.91236040720278	-167.30569580742593	-177.57474897422142	-175.2711931556779	68.37805488311065	-82.92066634692628	-86.24821322351342	101.44163757625364	-92.31650851489361	-88.389150365922	-2.1574100632688715	91.62453402969349	2.608276579994496	93.9250527922542	74.53146638006697	104.3400429910471	-102.73058602763281	-71.28505415588491
4.416666666666667	57.039235742865195	-91.33329406018184	-5.942596660579085	-7.981818832124491	-3.5643903542022537	0.15008042309988828	163.1908381166871	-168.21048163141415	-177.35144343457986	-174.84836385280278	61.05926577007571	-82.19392851995286	-86.01359165920816	99.23558019346844	-92.20275566211399	-88.5081148980484	-2.158319967096129	91.30431862839801	2.2262324725191616	93.42579582550302	74.49637426821396	103.13033207815728	-102.51320533412311	-71.22141694654627
4.433333333333334	55.63112527553206	-91.76881922094438	-5.994710562178973	-6.899418998495629	-2.953022418047213	0.12936573655051453	162.8923192539507	-168.66461284745856	-176.17237455431734	-174.42470677896873	59.65516287126879	-83.88993808896585	-85.91748772199574	97.75515814292741	-91.93772255994661	-88.7982442854203	-2.160029632432461	90.85717641643545	2.045250824435628	93.34431943374122	73.97827775549534	102.43052391200713	-101.57269331882685	-71.62393169184449
4.45	57.65941519811084	-94.09511675843272	-6.20062999874667	-4.565212165644359	-2.239984921361965	0.11087786384766915	162.80746030158596	-169.73397368777046	-175.69347792704022	-174.08580020809552	61.99586883632974	-88.29979200559526	-85.72381488281546	95.21577581024654	-91.73267806667351	-88.99629856533352	-2.163114966301582	89.94965249256542	1.6881566207108833	93.20719444664653	73.82879352464144	101.16442140263202	-101.4856595103578	-72.5843673696034
4.466666666666667	56.698882125672775	-85.9215970305131	-5.99459867576279	1.757245417355643	0.5956991364864377	0.09105971909659627	163.27839835383526	-170.2476713999977	-175.52886968464864	-174.07381205680565	60.74552077520135	-80.96815498228924	-85.78115101846988	85.18527694386611	-91.23326686465396	-89.43116524989641	-2.163135131991113	87.90776619179755	0.4039275142317664	92.67508598305406	73.90259515137603	99.58844749464419	-100.41607703614646	-73.73102669557119
4.483333333333333	55.387139979935036	-76.47036506014761	-6.012127463436787	0.9519451403585116	0.6516652718638115	0.16192084404878032	163.44869539229887	-170.34970410964405	-175.35152352806116	-173.96811654404522	59.42386110945652	-80.30683612677095	-85.48542407377413	86.07531996146825	-91.16707327113325	-89.57306373819088	-2.165820420397587	87.90336737805818	-1.9365578994019985	92.27217017172117	73.7492312935655	99.35980747902858	-100.16530686829898	-74.54950023335104
4.5	51.72718602946314	-103.35433329270994	-6.301862527253004	-0.2943849652552126	0.3345478306137083	0.4648001763495965	163.3566577477871	-170.52842551548127	-173.87770456032405	-173.48343966583008	56.94559885844877	-102.50031382319881	-84.88737941702504	89.61520619047131	-91.05624486971375	-89.65320394234794	-2.1724039601086016	88.80271547510183	-0.2238228297476592	92.3754730087622	73.30493944034924	99.31892835411342	-100.21507158655476	-74.0070316905058
4.516666666666667	51.41125805820145	-104.81148747178463	-5.975630514205364	0.3571780534204552	0.28784970238848695	0.6113246519410154	163.5552553761467	-170.35438860147622	-173.43420385519258	-173.76901074589497	56.6781314814669	-105.03063455755037	-84.70594149056853	89.72534254219767	-90.78573528487634	-89.783076768791	-2.180084564265985	89.1246782459031	-0.01599227547715909	92.09400988563617	73.2181120004279	99.29897199912217	-100.10720201853015	-74.69255719621599
4.533333333333333	47.00308639639511	-95.06008882378498	-6.345915962761932	0.7609399535879672	0.4640885617115099	0.6306445688535545	163.4950269115378	-170.20294305255425	-172.8528790928629	-173.44327011317148	52.62333602333584	-91.73681830707575	-84.39470720729541	89.26511346603151	-90.54148486373016	-90.0477783887393	-2.192538639464032	89.12596970834825	-0.009727007680197852	91.95222750169442	72.87952232060277	99.20161715846288	-99.89612361750807	-75.21410820395744
4.55	40.35418760798594	-118.04845462324236	-6.452049749400093	1.21813160814515	0.7469226908159438	0.6463753975684319	163.45711166950767	-170.80759309293188	-170.93291820467857	-173.1549652598912	46.38978787581917	-29.835687731556938	-84.03048086788051	88.3654469840623	-90.30706301879779	-90.31830334038028	-2.2170294421712686	89.03009161574049	-0.1321420112001539	91.77598794542102	72.56272578360083	98.42515644219687	-98.79654932413231	-74.98811456144529
4.566666666666666	40.16671262762578	-143.77286886659422	-6.452531006817532	1.577703682561045	0.9859955589428275	0.7106751116548927	164.05189709287197	-171.45930821509117	-170.56338374417697	-173.25207471708052	46.518870795307215	32.82031370481859	-83.71648364944994	87.89418342393382	-90.07522112014969	-90.52661204448923	-2.271082610401034	88.89404001812352	-0.4235725947531326	91.29191232296247	72.9107531836206	97.80650187758154	-98.35296408556759	-75.8407623826314
4.583333333333333	40.15820689591994	-128.70630956965636	-6.454290329837909	1.7821892900369476	1.3359009621688918	0.7270980881385378	164.08912939921072	-171.5558957346732	-169.1082353104685	-173.21044366206087	46.52508977031209	49.736565693507615	-83.65198823428834	87.43606636087837	-89.94512155160812	-90.74492894092776	-2.4042818888094994	88.7245692441998	-0.6515524908605033	90.82597120092174	72.66570098939933	97.35971727578945	-96.9008738622325	-76.09162616042994
4.6	40.148332843652916	-118.28734592106625	-6.427939099056497	2.2200598527590287	1.7406506663454828	0.7680433271695748	163.98270953170163	-171.75574702644468	-169.64941920202662	-172.60235935801543	46.51954420862059	59.30523098913823	-83.64664252911633	86.767452329931	-89.72717459972343	-90.98348975579934	-2.779480009560719	88.56007376836112	-0.9043804920614136	90.06858084509517	72.4873621682325	97.11050441605819	-97.09784139806474	-75.99039997030089
4.616666666666666	39.42696625584348	-120.70335691426214	-6.205254578002232	3.0518725005677814	2.2572248833199544	0.8025887616898939	163.88320719859578	-171.48888841011052	-167.19444095648106	-173.31446659607982	46.117860893363236	55.12810132796838	-83.37042862883213	86.04865760657579	-89.49005594339683	-91.00208520810101	-2.9925961330635764	88.32087507505797	-1.4005916635405384	89.64843854642103	72.145269679066	97.0032875770096	-95.22308941406216	-76.90208272281083
4.633333333333333	39.393335980462695	-120.68393550723229	-6.1978557387457345	3.234875514432827	2.6141242950642094	0.7353176604765179	163.6989367947293	-171.2091835543403	-164.02213652941117	-174.0266332657923	46.159188427489966	54.77847055363795	-83.24776220205067	85.56007018022133	-89.38855147488768	-91.23488939479314	-3.0892989132502002	88.03776990627871	-1.633315856614622	89.49128465975305	71.65483244865477	96.95992753952177	-92.53767174207678	-77.37365766301481
4.65	44.788733031377	-125.28541135036984	-6.4117466356154775	3.262653380594774	2.992787500941445	0.6055532872388176	163.8018570579941	-171.24301505050968	-161.43941895972802	-174.01662984798213	51.708861666160885	50.65995804648961	-82.95301282085023	85.13004121618678	-89.25932890794682	-91.59801453344626	-3.1525804464276876	87.74120532483339	-1.8721069136519646	89.33241266129143	71.16108999870764	96.94262731390558	-90.40212755477995	-77.54292073163268
4.666666666666667	48.951935312810356	-105.36713746701882	-6.218296524308581	2.862918041697377	3.8086952872127062	0.42991641279156867	163.82929499721064	-171.0027603476055	-159.17628058052702	-174.13576460164728	53.62452863857877	72.62060107284543	-83.04673999226547	84.90140978570012	-88.84989022661321	-92.1752521483733	-3.1425487645004186	87.43281605444092	-2.7343272520184505	88.94912840658485	71.1924061556236	96.93825686317007	-88.00236866690184	-77.60028955985057
4.683333333333334	50.73318203437372	-100.6126215251301	-6.223794968303576	2.6022719789406237	4.402257554246481	0.345698098209927	163.86752497565567	-170.1287613534869	-155.14910133359567	-175.11616006505497	58.60901045343577	74.57797064395449	-82.56677151822294	84.7563080161802	-88.74909496162324	-92.57383102183574	-3.1223887100899055	87.02875172247519	-2.952800722690968	88.87339027532357	70.78151959195614	96.96898536023569	-84.46439546283821	-77.62720455046986
4.7	56.16220991026722	-104.81584756495599	-6.012327715079712	2.6751940076436496	4.58168042524881	0.24311761701589685	163.7612408085485	-169.78560598767578	-151.8016136043298	-175.00947302876256	63.57862791256888	68.33323508729515	-82.7442137206989	84.14091618425334	-88.88427034115614	-92.71490915838582	-3.0266610410377033	87.14163518146115	-3.014822340627168	88.95481631880573	70.35290924360706	96.88528444497287	-81.9030290452559	-77.79384900369224
4.716666666666667	77.683804333619	-105.68217679552171	-5.257193178473649	1.3407400394075126	3.1345875075079173	0.042813256012880344	164.96266345301177	-171.51139158804696	-158.8425294246713	-176.21619724330975	68.68723007841906	67.99364416583454	-83.80480969511841	84.7505235756541	-89.80870609049622	-91.26721571839758	-2.4026180559128836	90.00249905067658	-3.0383041181135297	89.36576184551949	72.03410929201297	95.49953388275709	-102.71482226637815	-79.39429066421197
4.733333333333333	86.07929120961886	-115.6223067067984	4.271739741944259	-3.007049419458435	-5.36330286940986	-0.007201538142065776	195.37601074255403	-189.68847558570997	-211.13246579695735	-185.45348030755144	93.15277496295887	57.66615174965011	-98.77350778233568	85.25148547586808	-93.58512544774526	-92.57874867990223	0.8171093937320899	91.1187351711139	-3.185233979724754	88.64315246036786	106.42851935313982	82.33020226512267	-76.48593849635945	-104.40562240268498
4.75	88.35490936350426	-141.8081301253391	5.097079211028229	-3.8490372359201914	-6.702066922602041	-0.12330465359717332	196.31978966868186	-190.21501383517386	-219.94364857510632	-186.92503481379333	80.00877209279217	43.59202905469973	-100.13885774064299	95.28526714785866	-94.74734278531712	-89.30022309758598	1.5561216143374175	91.95633948379258	0.8220740719428905	89.2011494387995	108.34173266177305	81.77983700850977	-110.07689746857653	-105.34417835557336
4.766666666666667	89.74552102605006	-165.64299663466488	5.394510528009251	-4.371902286374652	-7.211654873509503	-0.09129965490841235	196.5583630071207	-190.77477742318857	-227.08218078158745	-186.7730380726452	79.36208505298328	26.08099919926835	-100.54718869507154	96.474728430089	-95.0393380910988	-88.07056001087358	1.6910036648079783	92.28945376143271	2.401557242105878	89.46431642592917	108.74406341338543	81.40283683385833	-118.29983181555978	-105.38978863209555
4.783333333333333	88.63848157799436	-166.6802140074606	5.760925467975027	-4.516187650986427	-7.346130817250743	0.003234174078739469	196.81391123081005	-190.93113802435118	-234.64446101891983	-186.74929648534956	77.78598535754365	22.730853528340102	-100.91580633819504	96.91381094429943	-95.11145963839154	-87.5334944106264	1.73804847490941	92.41154937360353	3.3145809431620155	89.90311058371813	109.07948553952322	81.31905009131138	-125.62150983354718	-105.39174587854616
4.8	113.6376288655061	-182.57237566687047	5.74748072811509	-4.435448861781609	-7.65728658348407	-0.07910963851868666	197.0318839009335	-191.19615771195615	-239.2991553782069	-186.7680045974819	102.55916647914925	4.748640831168746	-100.99175410041846	96.74604651885137	-95.15836480269134	-87.30650968024833	1.728234341278918	92.5685837792267	3.67198132831422	90.59768279282267	109.54358220737966	81.29295714993144	-129.7948135784526	-105.39177386487779
4.816666666666666	171.0866608929152	-188.31149411549103	5.679765833244402	-4.519494429253498	-8.144972703649268	-0.15880100578464063	196.71667253094557	-191.27062398038902	-268.7715336994663	-186.85413874378318	159.88225644582883	-0.5985472938757075	-101.20715203104508	97.01536508959927	-95.14783802049759	-87.47630617368195	1.6598351700919234	92.75991286758428	3.7023699859631156	90.88135054427562	109.42599792999629	81.45053914301614	-159.36004851667087	-105.39143891985846
4.833333333333333	190.35445031191423	-192.31662269094105	6.237658321281617	-4.305969057859505	-8.132585100682341	-0.2049029722373853	197.10367376624126	-191.5083655563645	-269.04481126387805	-186.87263020205302	178.91216853823033	-5.085629397329184	-101.49603134664135	97.03695286946466	-95.14181633315582	-87.47951639549079	1.5066058172934351	92.96169688835356	3.7341826775118143	91.08711920782322	110.08632226393372	81.4708300683075	-158.9495383335831	-105.38950161314453
4.85	217.17272006491592	-191.7081520286057	6.553841757019686	-4.284231504348444	-8.276052939157875	-0.462465406341519	197.08290389186536	-191.68042677111293	-268.7852716246581	-186.89144455059812	205.4974686906141	-4.860482163640521	-101.79965372294232	96.76625241802101	-95.10878656871006	-87.41450463499815	0.9833768676186829	93.09574203271852	4.079079950894313	91.56568019375008	110.19993476642455	81.50353682577389	-158.71924335753536	-105.37764183089854
4.866666666666666	242.72781951694347	-193.62935026196013	7.789456644965331	-3.890891815217871	-7.361204458922124	-0.39778649714708747	197.7818853981671	-190.98213313968898	-272.3695064477549	-187.29888547865448	230.57359344593198	-7.076909836216142	-102.30713671467045	96.27466363238314	-94.50071491258855	-87.1946722046451	0.8329928284705392	92.9723224371056	4.334102471641333	91.84173605862038	110.73292948515014	81.96644666489594	-161.74233859823576	-105.33437077782574
4.883333333333333	273.703443241814	-191.27921848819884	9.243895092816981	-2.6124363842442855	-6.333647719901963	-0.06554535116943692	197.6225934513546	-190.92052082419457	-281.25839888314806	-187.30272187161398	261.34697338281205	-6.053691852437705	-102.86184082454578	95.20872285135597	-93.70937342606834	-86.48633466422588	0.7775788652594338	92.95983996471945	4.645147301336989	92.30341171672772	110.55040839442596	82.05828602849421	-170.9274323183272	-105.0311872917053
4.9	279.0116663033821	-182.98001127442632	11.644674479196285	-0.2967165541201543	-5.311024608248679	0.4290425770663123	197.7823784635715	-190.60586917870103	-288.0392419655156	-188.04613455020436	265.90585469502304	0.5278420878432468	-104.09080873279872	94.38112860424961	-92.12330846904327	-86.02827271930617	0.7507147425411622	93.01456371390738	4.7742602739553925	92.456160030737	110.79273284238451	82.5369943670258	-177.37759457609155	-105.3853432818152
4.916666666666667	279.24030784143423	-176.61299507978913	14.733147018868781	0.3668550187300743	-3.6423576263391784	1.3717865633620074	198.15313726988532	-188.91822677585864	-292.0022231027742	-189.5296530755875	264.66949059659197	5.67245867632567	-104.76688109319475	94.19596205237873	-90.5143149150699	-85.75629474997235	0.7243755451319465	92.73519515803444	4.931109984242689	92.86493802709778	110.81000669315848	83.73251208620397	-181.45748738329672	-105.64715213842773
4.933333333333334	283.95082021786504	-174.5571547003734	18.18188669571786	0.19214815423426537	-1.7181008611741149	2.0400765419597384	198.23316562506395	-188.60377879526763	-293.7980025842233	-189.58719088307862	268.6402456640343	7.4774227344738415	-105.55336909272712	94.28465266731838	-88.8489267634652	-85.45195632507478	0.6192587344965148	92.6100723790764	5.474714304290663	92.95932649850074	110.81854551814658	83.96146446754044	-183.8193993490912	-105.55081312033502
4.95	283.1425133307515	-168.87253439468975	19.1964205745138	0.08279069757755769	-0.356412000270111	2.6594810307296384	198.55350274419834	-188.27749584744745	-299.3739249754904	-189.72384689554707	266.11251310525347	15.476270756470264	-106.90793850690467	94.50429487237103	-87.63644435786982	-85.05427834380613	0.25113466911126237	92.44224667367858	5.660222123020209	93.6608105100343	110.89808397319342	84.04798593022275	-188.7677979118336	-105.56938679138523
4.966666666666667	282.4111365811157	-166.95430892464933	20.631275460806435	-0.2035583487868283	1.278598499843969	2.7247419211530044	199.54617935821318	-187.8204970634727	-300.42566975125374	-190.49409774962612	265.32464059873513	18.152844885326992	-107.09434497589342	94.8039155715692	-85.93123720692975	-85.17180623655712	-0.026700678434496083	92.34909268366263	5.920461249948592	93.91666314223379	111.84662673591863	84.07462007632465	-189.1388448534422	-105.88264164370565
4.983333333333333	285.5398039264547	-165.0775684835185	21.90543103909079	-0.3373885346636318	2.6726122840023723	2.877672388135016	200.87724764508403	-187.62599915761805	-303.09506288375985	-190.0250239343765	268.0048879512782	23.785812599108446	-107.4604117463018	95.11845088643264	-85.31002810813386	-84.99838243850782	-0.1539356477267375	92.2237017345151	5.999551631687312	94.47797691398448	112.98474012395754	84.09061241999977	-190.49488990260207	-105.41191693964309
5.0	288.36710726909786	-157.02786310725503	22.660567046983505	-0.6642000605091716	3.828327123415171	2.8477613658908307	200.88049161835855	-187.84267030865186	-306.1509354789417	-189.09219518366245	270.8056194697551	29.1653313866209	-107.43300275459627	95.49945742391135	-84.65708470041878	-85.18918855171742	-0.20696718803846115	92.14580893628012	5.9475375938226	95.01201677232774	112.93886033226444	84.13799490873579	-193.00148276721112	-104.87812214788133
5.016666666666667	296.04090851964685	-163.23731159965288	22.875813104188268	-0.785763332560282	4.343078460358763	3.0213947007815243	202.84867973150313	-187.7749309229138	-304.1946065494023	-188.80969775234408	279.15538210317567	20.12479409379913	-106.83973550621212	95.69638738235274	-83.93000841446865	-85.0307405808531	-0.22898991786985123	92.02870139725836	5.972758863661045	95.12168664780853	114.6945317719633	84.40054390663961	-190.11586570058557	-104.64296395769102
5.033333333333333	299.05621172302443	-161.33068184351566	22.408232772834104	-1.1781229484478342	4.721527175007564	2.928712002109285	203.25680434458306	-187.69828227575596	-309.29997252025566	-188.86693999617637	283.1642365043343	25.376555106135065	-105.9345525164709	96.17612008953783	-83.48897968793649	-85.0773603027389	-0.2383302003667822	91.91560058090886	5.9840258988339095	95.19085536298773	115.07454524253565	84.49415306325012	-194.5509527724791	-104.2591720008645
5.05	302.15775423350135	-88.24853382231504	21.427258107488843	-2.133874822366457	4.818200792194343	2.6267204931874897	203.53941035644732	-187.42423257607908	-316.27580595302334	-188.95281249991623	287.36120252916766	98.76037093710403	-104.99160028770928	96.87707194771271	-83.47669883100698	-85.4117127398219	-0.24240717954548296	91.7481856012575	6.03126757715643	95.15815615097252	115.13905712348644	84.56506388852911	-201.03618780230588	-104.27849230737824
5.066666666666666	299.05230868253494	-71.57241632713361	19.64938395333665	-3.1065669295333613	4.434209021531727	2.304030916968051	204.45407430077222	-187.24884857230018	-313.5599257876471	-189.1257577299255	285.84061620208297	116.12774044940308	-103.73211246472917	97.33070278532577	-83.74057467366953	-85.73560582295801	-0.24424237796059123	91.67515379262728	6.118219731582659	95.2031223043955	116.06498292555442	84.58687597576652	-197.48314538276725	-104.17768754498586
5.083333333333333	295.07580609951776	-123.66946221921748	17.65962974350292	-4.018246005573326	3.771817087968666	2.070247320903774	204.7622192731446	-187.2650129576086	-315.087168448086	-188.81267199147624	283.72100966775525	64.56018777806959	-101.78077543884665	97.48689811605809	-84.10412128996599	-86.0689566709734	-0.24509286180051215	91.64631701239996	6.141882356878408	95.2090445872738	116.62628373143077	84.58244695292971	-198.52209955808036	-104.11550720369151
5.1	293.2374986103703	-119.49095202147221	15.930989497205402	-4.23098498398777	3.1864339418647996	1.8804219398589188	204.84073859656857	-187.1757222942095	-320.08119388539535	-188.6872641913665	283.8609622282063	67.62535509840049	-98.78493697302066	97.19802163920347	-84.63145343096049	-86.39944767507106	-0.2454925877746177	91.63326063894688	6.1486049637032885	95.16371721921746	116.48560343609242	84.55398819467894	-203.5810215995072	-104.07123060730976
5.116666666666666	294.62572693914603	-112.96618780569233	10.650064596283023	-4.245434496037999	2.659612396740706	1.7162438719891562	205.56821698967883	-187.29302981030816	-321.3379809200146	-188.0961920330435	288.07484043080603	72.73528034932271	-96.18236972977556	97.05566520746873	-85.49648172485675	-86.5802032685412	-0.2456589514035431	91.6300359193896	6.150431540831405	95.20203840018375	117.18823625962442	84.3129128918116	-204.0701022944157	-103.4417208068274
5.133333333333333	293.6049774283442	-107.81959621122796	7.666304513084163	-4.144192949289695	2.3681643695680714	1.401500074438415	206.09424718383465	-187.42334125456134	-320.5059059913841	-187.59669720420888	289.04401815166796	79.21636610682782	-94.38387544042854	97.0827499400793	-85.7700665452681	-86.90545292043085	-0.24560795322077467	91.64618764214322	6.148516997978098	95.2090319917047	117.73018585027567	84.15783480851343	-202.75847864903565	-103.31765820060215
5.15	289.5067374276874	-105.97607120099076	5.363590621893911	-4.327690540225774	1.7515097464024425	0.881471963627379	206.1251632420562	-187.95590335297254	-323.51256992361397	-186.63249877918489	287.21315489444197	80.83016821933573	-92.19282496704105	97.00825740346292	-86.42392951304957	-87.38487486545075	-0.2449408066655202	91.73114670596723	6.112209430182372	95.1614088222149	117.99411854251801	83.7855913686355	-205.46990244320384	-103.07988723122293
5.166666666666667	284.3894031518599	-100.79052734655477	1.9462887561830595	-4.512728964142427	0.7634557685906952	0.43722639836113997	206.25149571973054	-188.5420930823712	-324.6457905001698	-186.12902737723866	284.5589187472141	86.00558583195446	-89.83183310300788	96.84351388147843	-87.85425104709317	-88.18751781636166	-0.2413306129413968	91.69113259611832	6.079311557982132	95.13552336442075	118.15413250779888	83.32136673122415	-206.40021832838914	-103.00434042120251
5.183333333333334	278.5465656853995	-97.05321545847198	0.04176198360746508	-3.9213179094712505	-0.24559559689806262	0.03896735935076841	205.5230406052275	-188.0647593441452	-326.8430386064918	-185.74953508397004	279.9162611404555	88.78528610683905	-88.87558342600045	95.67076799821218	-90.56332759398815	-90.23553320123422	-0.25276599967398306	91.05157218249006	5.149782515382207	94.95973347367635	117.65723056603781	83.87945350999262	-205.9397409922062	-102.40031348182858
5.2	280.2738908994656	-79.7173837850582	3.813834700778985	4.662905179732705	0.9638891836469649	0.8784249258300005	154.35654323921895	-172.0119638482038	-397.7149357220513	-171.97304552879268	273.94816478452503	91.44332839046675	-95.17045241187975	81.651485750795	-92.03393394353479	-92.84955534312071	-2.576391043990902	85.37952729623463	-7.334524630696644	83.34344652483664	59.45288123684642	93.02606711677697	-162.02446612764422	-78.19477172074758
5.216666666666667	292.5007117451788	-85.63648258071419	7.15865025901015	6.074186865693869	3.450669448917484	1.4476998124397267	152.84316583367539	-170.08348881120534	-394.08909391658057	-172.808251974854	283.6338628243663	85.2943659749715	-97.58804092267123	81.43986082301439	-91.17932114578404	-92.7987675399544	-3.1152824243942066	85.04599953259576	-8.566371008186316	82.33460706875256	57.897613467645826	94.8319294296374	-159.78795356536267	-77.88599868910488
5.233333333333333	313.06889823592314	-94.25899461736711	8.905134859903454	5.485616156904225	4.9995420275326445	2.015068368087003	152.5791766497318	-169.75407100947257	-396.5681315082004	-172.3151483989568	302.64724171494703	77.51780917867302	-100.11245248852084	81.67569401458768	-90.55590628760564	-92.9225777490879	-3.2355349106483793	84.77704755907122	-8.364521928615746	81.68830037287329	57.35298686915448	94.9534582178114	-159.310579326005	-77.38208305897871
5.25	346.66279772675284	-83.55948834717023	11.285996431831403	6.241414757490748	5.9834501635918755	3.21537927513226	152.78414689873804	-169.5363009999649	-397.0697577849953	-170.06751684028285	335.4551975969503	88.11813219649798	-101.39406872478678	81.80461499129346	-89.62348923650953	-92.0435902357804	-3.296508883653526	84.62012009899836	-8.702252380001134	81.45631750601156	57.32128075122046	95.00326641706398	-159.72156840769821	-75.10513656638058
5.266666666666667	375.2885617350139	-96.19890140872828	13.821692600501272	6.889605373331294	6.4495868225986825	3.8378574300867365	152.38471205358007	-169.36544746631213	-396.8003040135936	-168.8146494954729	362.20424664554326	76.06834730063068	-102.71616359819028	81.88277184494869	-89.12453794288841	-91.38581785092755	-3.3574677849641548	84.77179030106109	-8.451992907474395	80.85844179395733	57.13846134280486	95.36383158167202	-159.66179433126305	-73.4544093402428
5.283333333333333	378.5423581618395	-96.40789623539648	14.41578426330011	6.725463827855763	6.594549717795889	3.944075039297749	151.5162436971709	-169.28857044445334	-396.7229126137791	-167.05912297080638	365.3330856180288	75.75768985451494	-103.08623661608155	82.08294445316385	-88.99404953487318	-91.24594671899254	-3.3958511908602023	84.84734000118733	-8.63280712330522	80.19738840748408	56.26988655460742	95.48926478510774	-160.42609389241952	-71.61390289409849
5.3	380.1033016208995	-102.20653285131043	14.122425435734968	6.770024208745859	5.897271545720175	3.745983915818005	150.84752030505928	-169.2697906219495	-396.9261715929142	-165.37829745100748	367.0329771207881	71.56474489995966	-103.01889296208782	82.09953490333925	-89.0305552874276	-91.20656340298552	-3.4152700337055197	85.13455520805736	-9.460491342409206	79.70602626633949	55.8996818146716	95.69610497147467	-160.96359717019467	-69.79862568691108
5.316666666666666	376.60555301351366	-112.08542445295535	13.725847750080385	6.487103512834362	5.069387140867477	3.413137619580273	149.67116705199896	-168.77330489541413	-396.9355325292181	-165.00970450071293	363.7471018112369	59.436272114137005	-102.90022670893528	82.37884502538597	-89.1546390646681	-91.16255063018224	-3.4515703325755664	85.53227710217104	-9.256581614005963	79.57704048143788	55.26304259391781	96.59734345660657	-161.32917468206108	-68.46678286550168
5.333333333333333	373.5027523614244	-122.23629250989379	13.429509415282538	6.73744655790153	4.680553490659115	3.5121053691143	149.22966600942544	-168.45465241781525	-386.0403347347158	-163.30085400638418	360.94110231672823	49.93247676712052	-102.81287709050821	82.44115368923921	-89.34825093948724	-90.92335939664697	-3.495294223115578	85.66454480445869	-9.462405540176992	79.54018822462626	54.84365763794069	96.95080653779247	-151.1497743339384	-66.59470546817359
5.35	370.9465526013831	-126.30491223657963	12.888652086728907	6.574818701492871	4.398927179718598	3.458386462050015	147.86995825658195	-168.0903213353854	-384.04261139504035	-162.29171021351098	358.7982680233963	46.38794396896734	-102.85006390501877	82.6857538972388	-89.76920682655178	-90.80154729659753	-3.548226257185843	85.85902060500592	-10.470026875199562	79.43445290980439	53.73845124128867	98.00750037669071	-149.88458656826762	-64.51978784771052
5.366666666666666	369.7986323635349	-153.4315476979941	13.192236734548278	7.120314376242565	4.172836770648074	3.896448418117316	146.11794248062623	-167.87625495017468	-380.22649591003056	-160.10752508867398	356.1651415057566	19.298832490762045	-103.62459030415253	82.75503530313135	-90.09962213234398	-90.41748510060933	-3.626767672244414	85.97730587076371	-10.722198551855747	78.95669267575725	52.03741945708274	98.57029820892394	-147.67434724480586	-61.82908518137956
5.383333333333333	369.73858610166343	-156.3349196473528	14.034306335726	7.571268711702212	4.044765284496037	4.15363234455383	144.9122408745709	-167.33770600813943	-379.2667813049004	-159.39398230763064	355.54964115284355	16.44208340869669	-104.09897834287453	82.77202574348789	-89.98526232791038	-89.9849178355032	-3.6005486619243605	86.17568488655796	-11.32422895437767	78.59516007080845	51.11241632522378	98.9802669164748	-146.90948278846724	-60.279277740676775
5.4	369.9791936990535	-158.252189611243	14.132387806110863	8.253425746468263	3.9461929133002434	4.5926362260549105	143.8808558954167	-166.96014272633332	-376.3665805194957	-158.5870979511451	356.1230549460172	14.588549674774509	-104.0887634306762	82.80277148905272	-89.85082439237132	-89.18413328541716	-3.687630210582585	86.3530041513266	-11.673152433519071	77.65552918162706	50.33954084380722	99.52775670639451	-146.3058909010551	-59.29312817523391
5.416666666666667	372.55245337904574	-163.2510401030465	15.071271352983569	8.674736709942215	4.252199693899162	4.955701878519145	143.42104527912076	-166.26806851805756	-376.21568477227316	-158.46390244398134	358.6176186511037	9.598510214501182	-104.24826687938209	82.80898642589891	-89.40931308590763	-88.63103384311187	-3.808431072808261	86.45537327010815	-12.782624370412321	77.37447307877521	49.909004237604776	100.24777366070069	-147.25077513813514	-58.581114846456195
5.433333333333334	373.2250133828369	-167.95497845314773	15.89472569473952	8.819294903054443	4.803764112964126	4.994092940447222	141.7519436886613	-166.27248217817305	-376.5476648630587	-157.93745097479206	359.09135052376143	4.907426418220948	-104.34591089628434	82.80910791842899	-88.72079545476068	-88.35074294738105	-3.865305955344204	86.57597013965636	-13.48407800200432	76.85358912133604	48.49042008172411	100.45949974758116	-148.75066463148963	-57.53145198826546
5.45	374.4083015419135	-170.12899181223642	17.2442315726357	10.045769787179331	5.719647925253115	5.8730208488463225	139.62909694601225	-166.0183269774568	-377.9444182143345	-157.74221779322008	359.7437281707073	2.4497176785412496	-104.65726895278955	82.59550171563143	-87.69067005584462	-87.40675240021095	-3.959612300666349	86.66957639156975	-14.075889510636348	76.61441477331884	46.367553796633636	100.72167287579684	-150.92654013677307	-57.22672639068625
5.466666666666667	374.0620506417982	-172.08321503026502	17.957485391394368	10.928141316670086	6.029894180324431	6.635324553571479	138.5629065776747	-166.45021730755474	-372.6668815570959	-156.71225329053934	359.10457689136825	0.4392542124069463	-105.00472803117125	82.44801369877219	-86.98533870826746	-86.59972677118293	-4.0344032579122695	86.78197786620159	-15.149108710832056	76.72170314639683	45.33157867997957	100.32478792005013	-146.99017808306968	-56.519852090993524
5.483333333333333	375.2747372958763	-176.62077274114802	18.904075399115833	12.449929412920985	6.379614527247089	7.521457395264532	137.72713188511605	-167.03969643241876	-372.6828057363418	-156.2590093697734	359.7652658846554	-4.5286180087945045	-105.37105080751995	82.07483894079108	-86.61485388565725	-85.48272464344379	-4.092792077631495	86.96001588273406	-15.51545791617265	76.53041301968905	44.74684840154555	99.94806905782004	-147.98443259391365	-57.229131843545744
5.5	374.5888117898699	-179.38658021299196	19.07921070543999	13.689631643330932	6.335498855299846	8.351812523704155	136.72008167336807	-167.27007335380358	-372.7766690643295	-156.73849915510448	359.01521919688753	-7.559472173536721	-105.53268395872449	81.62073199485691	-86.63769280694756	-84.60284641493412	-4.083580122760794	87.09753032534563	-15.774280223493996	76.56946757366295	43.76536526239127	99.76350841182825	-148.91033912428426	-57.04193808304414
5.516666666666667	374.77698214789325	-184.89852026734593	18.28521605630025	16.05689678476183	5.934556676205443	9.621936686081337	135.97175140794806	-167.66177537172646	-372.2271571861693	-156.9668371957457	359.50694435889795	-13.760124453793424	-105.15765556725229	80.6609874278384	-86.97185617772418	-83.2565448787128	-4.123081136679838	87.24346424927958	-16.573012496184038	76.8600445032091	43.04742264723903	99.40231791991638	-148.86783181503364	-57.576581796491745
5.533333333333333	372.4357750861284	-188.0597650205579	17.6448222849602	18.227807588863875	5.4081831603193224	10.252295412416185	133.87216310421107	-168.1908037943976	-375.55877761147843	-157.60910962620162	357.6968305070072	-16.980905735829992	-104.83805585827942	79.33913757684695	-87.27007668619233	-82.33758362792211	-3.6587191069545284	87.42471670228922	-17.29893058011192	76.9269464670916	41.238636136929465	99.05228278445732	-151.9126772895887	-58.66543191977558
5.55	371.692923336012	-189.9640492305997	17.11797638280319	20.425598501490647	4.996098612347815	10.938741297944187	134.44601236190996	-168.77127031729626	-377.09935725665775	-157.3700538823802	357.5821544567502	-22.82473400507683	-104.47427265487724	78.05049951458234	-87.45306563890547	-81.3770324368137	-3.1622578143170648	87.53506811173229	-17.800590493132592	76.9418023584631	42.080501637446744	98.58012954325174	-154.19958832494845	-58.90521441907541
5.566666666666666	370.2694740926894	-189.767448644541	16.310320244501828	22.2879983072813	4.725793932282945	11.500742248111244	130.97763134474675	-169.3541069883445	-378.46906727449544	-158.3139158493796	357.6140709180181	-23.84953976885396	-104.0640902265749	76.60415459324305	-87.63499017530522	-80.77261753843831	-2.9087945561804105	87.59168403728468	-17.709291444025645	76.94562154146415	38.67320993009201	98.21551509400155	-159.16264136640677	-60.36264437806041
5.583333333333333	370.20591026167835	-189.89302232457678	15.884668444485198	24.89727531644423	4.596798880782165	12.311379094498005	128.69458645268313	-169.64255207870985	-379.8449349962996	-159.90947236858347	357.6406081596503	-25.209881396290335	-103.80981952192721	74.89620713979134	-87.64154336861453	-80.15735274228858	-2.833789942876142	87.6140142451434	-17.883494020860947	76.94777929156687	36.41398084506721	98.06893022227601	-162.6689814806461	-62.08350327861667
5.6	370.9629265193116	-189.81009181463818	15.790055513935112	27.81700742284199	4.719407835380752	12.779896327764614	127.15460719871575	-169.81497786529977	-376.2881748965667	-160.46208242469746	357.732364275881	-26.879668504177438	-103.55539691880126	73.43334946654785	-87.5522788026678	-79.74592031219893	-2.781666658909623	87.62187421728649	-17.978592793734972	76.95273112230147	34.56461491599378	97.90405941196788	-160.39703439733628	-62.543731919231156
5.616666666666666	371.19872933545923	-189.6399711986249	15.865918228322112	29.20835692263043	4.875226957559964	13.62953695440837	126.15621827136113	-169.9093309144293	-361.26679832976697	-161.45123176385	357.9183856223249	-27.489885390514786	-103.41139995191428	71.61219795039018	-87.46169934216299	-78.77243446411543	-2.7622682751200243	87.62303740273859	-17.827665290370852	76.97101859728086	33.74924102420776	97.77790078886298	-148.22531338735806	-63.10705832961065
5.633333333333333	371.85941624644	-189.68481338877925	15.898960314148937	31.054948287044663	4.967614626010612	14.200497394636344	125.79974912607439	-170.20840428282932	-353.4600469400629	-163.19541137925322	358.5074526253114	-28.951836504420797	-103.30332247157475	70.7082893446168	-87.38372324782917	-78.21617221654999	-2.7583776474304242	87.6233656966232	-17.953940156076754	77.04636586076167	33.35537887085786	97.4561361793885	-140.5857047491246	-65.12616447614518
5.65	370.83715550933294	-188.58580677219388	15.643156764665408	31.734010733197472	4.9435917417929325	14.40245911920789	125.21207988704968	-170.2403525925617	-349.02631914792426	-163.6851991042989	357.63200116952316	-28.550327076281313	-103.10120122230599	70.0436371865368	-87.50667630813554	-78.19338003591811	-2.805786206223084	87.62313908650061	-18.104573365371188	77.06551840132892	32.59753585421995	97.24405777674076	-137.7993950836045	-66.40537831724605
5.666666666666667	369.28080017994205	-187.33754261520193	14.894092302159347	32.32397912171293	4.798536052169975	14.285754816516473	125.18496474213373	-171.21021033817334	-348.2323944521445	-164.13232433342483	356.7199633610461	-27.79053630780076	-102.6005888525254	69.5527307331654	-87.62017545078125	-78.12188141791242	-3.543955389253995	87.62211339775546	-19.496922332661654	76.72264055154999	32.773042142029404	96.40798718692739	-135.5727903672171	-67.94911748891286
5.683333333333334	368.41261731659966	-186.89940401572102	14.732991420058582	32.72002407362087	4.706091390963026	14.32946483946371	123.96237473080598	-172.34286157917558	-345.26925566348064	-164.15684906970026	355.93285723229064	-27.681263429143396	-102.48130451306882	69.27433431473212	-87.66037292284186	-78.04223854933885	-4.06924463661073	87.619211842985	-18.943201612509846	76.61437434905133	31.590946730743852	95.30209427761044	-132.4026981036906	-69.04600239299685
5.7	368.30630773161874	-185.82612385731167	14.757063208466409	32.47549125251368	4.68632040870471	13.964877624486217	124.79815236279515	-173.15797383958272	-344.0424188517774	-163.94322119063827	355.87941207566985	-26.66501391698179	-102.43687982633385	69.14031174027765	-87.6686335490153	-78.38128164473918	-4.274964503810969	87.6164249072792	-19.04575295359798	76.58024426458904	32.42391231118955	94.5115056344663	-131.14998929623576	-69.43212689520038
5.716666666666667	367.89932792584557	-185.90606497808346	14.447647994297693	32.109023971393604	4.509243377003558	13.44416251047096	122.96695018307452	-174.45141266247643	-340.33535070452115	-164.43766994038756	355.8228984629027	-26.84795811020068	-102.28436416716166	69.17142036284815	-87.64006925884712	-78.7137972229501	-4.407139207924197	87.61653119248783	-17.81321124177883	76.56910381357056	30.861051168197783	93.44982754537898	-129.3612800762309	-71.20921181699003
5.733333333333333	367.42429059158036	-184.61190697565095	14.736190628612572	31.411476249698747	4.505708729920304	13.153241839985846	123.01132247492689	-175.56554217484955	-338.45769163519634	-163.87409660026185	355.3335396008025	-25.125215846442487	-102.04297780776756	69.54889105981123	-87.58082932640066	-79.00304615871941	-4.518904654399888	87.61525620231332	-17.565484275727542	76.5652738160012	30.96399593578225	92.33855603733944	-127.39215157898553	-71.49375845190413
5.75	367.83209394028717	-183.13959215129216	14.870714228986008	30.978396753821706	4.814117513377196	13.338459379786963	123.01479928763573	-176.09086208164072	-336.6536308615675	-164.1932224561313	355.4915920958281	-23.060393635700642	-102.21089466944441	70.09332043429394	-87.45401653172316	-78.97522408414694	-4.691175466678046	87.61035994727739	-17.34253896273032	76.56370233995298	31.416085378873262	91.59816122199648	-125.09565442162118	-72.9126252402329
5.766666666666667	367.2440159188188	-182.0498936173279	15.013580198388599	29.58734343881012	5.2170801474126804	12.870064750580807	123.01104839004414	-177.22082979209466	-334.61137614906465	-165.27899229464683	354.73405669013084	-21.375532519502254	-102.21972765970179	70.81605006879325	-87.23922693835378	-79.50151784956874	-4.751178255560529	87.59994060021836	-17.333353674590885	76.56175814623083	30.85059051022479	90.45641237435056	-123.11870806713961	-75.48065069260501
5.783333333333333	365.7927585182143	-179.82213345437563	15.089895654855967	28.277849402314068	5.658597928733416	12.46849133995082	122.95224858840115	-178.74346972736208	-333.3433028827577	-164.5769442186641	353.6794549067704	-18.148153731383896	-102.16476047476168	71.5397138361649	-87.04065322323602	-79.96394986558137	-4.852001308761359	87.55995696264515	-17.12671619233364	76.55133506542433	30.57018263503347	88.87455292522161	-122.74031586254789	-75.96259409607566
5.8	365.28164179478694	-177.8069741481159	15.33087585257351	28.123363560485977	6.134455759085433	12.501814990754808	122.92176252562992	-179.3651037221794	-332.4459247143592	-164.68321507599222	353.41284769492586	-16.935959029966117	-102.19292454417412	71.79537340056412	-86.76319065166345	-80.09115116995564	-5.098626884637815	87.41887728931633	-17.030421393370716	76.47277541278908	30.259380493027574	88.02396535412088	-122.16973719952959	-76.46360338125714
5.816666666666666	365.04386241727104	-177.2383659581921	15.411530771517903	26.91940179358963	6.458265893219783	12.052662655855597	123.78240203281246	-180.63752688598368	-329.7960929937212	-163.6389243709519	353.5980750847451	-14.49965536355677	-101.97186116386361	72.52416563532623	-86.52650586180313	-80.90322569896945	-6.57209198211071	87.15966758436015	-17.34954499768227	76.4395131264445	30.84552041590964	86.43471645756817	-118.93746173038596	-76.19951531852213
5.833333333333333	365.1354314203221	-176.7723779042733	15.23537339835756	24.084715326209647	6.489955008249298	11.28545856308079	125.81253255182352	-181.3141170940512	-328.80367059518977	-162.68845587875785	354.01499034137885	-12.493452755662624	-101.82684006568473	73.75395626242276	-86.68901827586542	-81.98265863427174	-8.632228807122523	86.83671491123611	-18.38730953271174	76.41278008531692	32.73897313671486	85.51535179359819	-115.695255405607	-76.67518532088967
5.85	365.22734513887906	-176.97619323844614	14.71752535994783	20.687812829176	6.37647970493995	9.886209356613273	126.75071038354992	-182.3005484084237	-328.53728308206246	-161.5191528054935	354.2705663525843	-11.162903333089677	-101.52370785516072	75.5370518660333	-86.93908584749269	-83.5306466588706	-7.651397854556282	86.55032372022536	-18.386773082689572	76.27471487756156	33.91744466281626	84.0775787464478	-113.95903485904411	-77.12380902382154
5.866666666666666	365.51771962426494	-177.25388247984063	13.830220930840568	18.715042117930736	6.464123530149284	9.398471410182585	127.78351035194781	-182.16095051310958	-325.42068673607804	-161.9160442687889	354.611402821297	-10.447499199722571	-101.08324254431635	76.72294938076598	-87.16813642012498	-84.50637275784761	-9.651548875061607	86.02010200616256	-18.86288114447104	75.70206397656409	34.21672870169903	83.89740366841251	-110.99803434729402	-77.68800123188214
5.883333333333333	365.1390033926979	-176.8281733438805	13.094080403943806	16.673921652909588	6.5654304303050735	8.589016279615414	130.1251152665525	-182.6871200976547	-322.54875463584295	-161.22652211918071	354.51869545272973	-8.897911303257306	-100.65016817339446	77.69145246919848	-87.45298200442161	-85.68533870163411	-11.815352812747474	85.6028654583889	-18.469970576525082	75.45112145741332	35.64100288110592	82.80211114728294	-106.04688021589416	-77.82184586979805
5.9	364.98424904334627	-177.5158722777016	12.300490111791127	14.312784857441471	6.449857918527354	7.767710675418131	128.9681257899737	-182.93062216674906	-322.43260226467464	-160.9907414353243	354.6381755082883	-8.512727609292078	-100.37876106836873	78.96417676509832	-87.97265279968515	-86.83791960810781	-12.848785143508788	85.3277021035272	-18.317961939206388	74.65100785494917	34.351795867458264	82.47234637464894	-104.36172806873081	-78.23716435446987
5.916666666666667	365.35200790364706	-177.92698623704428	11.780472342045439	11.992298520382553	6.468055384577323	6.737968205874921	136.69499998232104	-183.13816875667942	-324.00191935690964	-160.83654383365274	355.3700889341127	-7.799676596548806	-100.04238593470988	80.10090379172611	-88.25326166685787	-88.13504051758542	-13.44151534611829	85.20731918244154	-19.03640986766864	72.7451413409086	41.65135146298537	82.16562231308356	-101.52327630679738	-78.06721674678413
5.933333333333334	365.7203042580579	-178.14911060621455	11.610935771644439	9.295787504364228	6.39095542470465	5.308015690593633	136.54042496026514	-183.05978988775647	-321.5587691172279	-160.11362412251995	356.0640049015516	-7.391689267129051	-99.87695400998594	81.17803975540451	-88.46130197285292	-89.56376617949162	-15.62639205812664	85.16320186456817	-20.239958307204088	70.66521042762257	41.68061406308962	82.5384784274853	-99.80229300945982	-77.88701235450687
5.95	365.6988276349925	-178.32430846835547	11.40454968287483	7.5387607849900675	6.11044276000885	4.149412825343929	136.3914897324667	-182.85852142439532	-321.00732867100106	-160.70108425476013	355.95221054018486	-6.7814544416555504	-99.62428313383482	81.46444689801108	-88.82357798092335	-90.54485881192491	-17.7305379149564	85.14885549912931	-20.876969714179456	68.74216352577555	41.78605275331004	82.56752930048587	-99.236810347661	-78.27933191483258
5.966666666666667	366.60339235116004	-178.34307923699365	11.118460649234216	6.831863372242607	6.032426423965844	3.1917511943205703	137.1590983462957	-182.80594604178197	-323.46806026387026	-160.5758444025621	357.006546478462	-6.327322202243322	-99.50702255157707	81.33895812107032	-88.79059777572253	-91.56419915279773	-19.445746674905152	85.14125525521278	-22.85198658435197	66.29063758706529	42.586874956874105	82.534007426987	-100.77806104012448	-78.06812634172547
5.983333333333333	367.4126089143831	-178.4535542750834	10.839289754687302	6.485654486482726	5.977704801035391	2.906998222307058	134.7517448369479	-182.61119511044154	-324.4125416184084	-159.944802753271	357.6133658597497	-5.397585632823949	-99.1833786946895	81.05417216231467	-88.92487005414769	-91.86090190294361	-17.834795430499458	85.13128934632515	-22.822135374708015	64.67194046638195	40.17170904055594	82.52908062305052	-104.89466385726311	-77.41811176352832
6.0	364.2845625576329	-178.58390293903022	9.633510964035052	6.762325047269475	5.926013475639843	2.720831247546827	135.3146830493277	-182.5932752461685	-326.2484253694745	-158.73055717850565	355.8241550660203	-6.646127803611987	-98.69034711114007	80.97136950244901	-88.98813321033433	-92.21622061390444	-20.540799202352524	85.11005676115684	-25.048963688988675	62.73951651060746	40.46967048691192	82.40286603967469	-105.98113846502561	-76.64765122919279
6.016666666666667	361.0237441814734	-178.94961414239663	9.51764753566014	6.792911909006682	5.928019888043622	2.7527835694587472	138.2557370445479	-181.92874692519234	-330.6667632043103	-158.70137806160008	353.09424631000553	-6.922068065107983	-98.34727712404045	80.96070845685135	-88.97951249799162	-92.26686068981492	-17.63429384045434	85.07579742588977	-29.362228289986664	61.04366421502176	43.28407858313005	83.08504416999713	-109.44450093965015	-76.01687332251294
6.033333333333333	360.90561158810755	-178.81549658960748	9.681335356729615	6.844419820675954	5.9599658906455	2.8967806346872935	138.16910298075496	-181.82440490034537	-376.0617403298984	-157.36234909972436	352.559239851921	-7.448684762239649	-98.45742729533906	80.96980742617723	-88.96390065721863	-92.24839645776738	-19.362672720524486	85.01085203535114	-34.559741164139574	59.82203143746927	43.235707176692785	83.00678670464016	-152.87185624091862	-74.8567211729407
6.05	361.281600036957	-178.67159234351863	9.845641869148299	7.162505777864022	6.071971723549934	3.1266635914243537	143.00898896031782	-181.66458203900146	-396.17233017273054	-155.30036105445637	352.6258160741713	-7.249576308959032	-98.69090138284984	80.8970864917335	-88.93635841196675	-92.1670556874028	-16.285926234870796	84.85329764024587	-36.65141411288214	59.895228170890135	47.77099884398075	83.00787078674749	-168.20428362965694	-72.55509758022696
6.066666666666666	360.5022966334538	-178.2629373721566	9.943750920870986	7.765896552755585	6.229446078045103	3.391207418312697	145.10792980784035	-181.49538541539266	-474.0089630379285	-154.47858846274445	351.8567494714557	-6.8542034242389285	-98.72338461116316	80.80472848881779	-88.89194557117374	-91.9037645074607	-22.354236820685333	84.7413654598617	-40.332082439857295	59.731398984546345	49.907399162831176	83.07068978414651	-243.7550029458923	-71.2628199636743
6.083333333333333	359.98718337787557	-177.80282485711862	10.198453033022002	8.423391682205201	6.834131013026235	4.1512091632901615	145.1044117361337	-181.50557718375808	-470.205650380651	-151.2984734208516	351.177091065949	-7.050885245083066	-98.79846183343376	80.43343931951516	-88.71356134655595	-91.13208769453259	-24.99075415222008	84.42786328928334	-44.640781281441136	59.91966715468029	49.390151701137974	83.09293350296066	-242.15052779419247	-68.92953337541346
6.1	361.2583480014425	-177.58155693436927	10.590757507257498	8.981965171299716	6.937896910423266	4.328617146173941	143.71482719710065	-181.3912925822922	-470.3539993243913	-150.8108728436826	351.9837648219257	-7.25209550434008	-99.20528333392113	80.10250146183132	-88.63545690641786	-90.84759659995937	-31.95276208491799	84.47141753650392	-49.230558293474004	59.99361470829822	48.25880453375114	83.12298996445922	-242.76627292429973	-67.96170479436879
6.116666666666666	360.95501163001785	-177.2776158917236	10.686332472229797	9.652589452221877	7.353500760499345	4.772429990071877	144.10448996519435	-181.18248181973252	-478.3039544460512	-150.63776747970553	351.3689198860101	-7.478751059777231	-99.4101686247087	79.98028076622685	-88.60184127833247	-90.65158911906006	-53.7428172014371	84.33209821274279	-54.137842868719424	60.50774917377085	48.38137114052893	83.22403768070525	-250.7933102722355	-67.401690264735
6.133333333333333	359.30664030794424	-177.51724036478151	10.778500974494284	9.464761235808918	7.163500938262175	4.809842422427455	142.7920761441349	-180.8182281693239	-477.60479108886	-150.46428979022008	349.94685376611744	-7.740872062424596	-99.44000111519942	79.90547398879325	-88.5891145797556	-90.62073087360905	-57.56264782536195	84.34880035709726	-54.8358716998447	61.16780062299788	47.234266731238016	83.61621487457461	-254.6267868256938	-66.51592548388817
6.15	356.41580582798815	-178.65079640896965	10.711103624445245	9.68531540289061	7.408211741841142	5.176675122156327	188.0301596621593	-180.01641528403616	-529.5395642741175	-150.27967400000566	346.94375142128484	-8.88841726147276	-99.4597947931631	79.86476447267334	-88.61681801941491	-90.44309493273921	-73.28902650325307	84.04868221601855	-105.35870164205828	62.761215376740566	91.67746713944014	84.01233885013615	-258.10308033461126	-65.75507720020673
6.166666666666667	356.4505359724043	-180.76295989021216	10.523895262653298	9.847553192359722	7.132110400126923	5.504673514899293	189.96097294480643	-179.57206065426232	-528.9620642813948	-150.68533165844303	346.71624120685163	-10.84598755794486	-99.47905218382456	79.92994637790845	-88.84805052701098	-90.24863294007001	-153.97500708800052	84.11269057940014	-156.7641115039126	63.736689816652174	94.2924932342059	84.51266367638317	-258.94196763971013	-65.66189262821193
6.183333333333334	356.45630664848034	-181.12793629859246	9.915208092348614	10.034798133276377	6.648376595730544	5.638632632072881	190.81475252166558	-179.45566266026424	-528.9205622920324	-150.71944835688808	346.2994094314049	-11.506945928384226	-99.51438502040963	79.87125287310299	-89.60750834298693	-90.16356403479988	-155.17033182038816	84.16517623902145	-147.28396325635754	64.35105550866719	94.55572472831052	84.95866080104763	-253.9746360991259	-65.52543521192179
6.2	356.7652163389619	-182.88080007679898	7.068108195518852	9.671490307529877	3.732496048965384	5.368868843561445	189.15620982992664	-179.4540899647948	-528.6640205489841	-150.08165899698878	346.93620167755194	-12.775216836951568	-99.57764994059232	80.17895978653989	-92.45295976297793	-90.12398631330177	-168.7767767948696	84.49231766088103	-163.05182138904289	66.43772882110426	94.11017099347723	85.51254376788343	-254.6903856744358	-64.69799340682901
6.216666666666667	357.3212371835633	-183.7453392750773	5.761506281473115	9.305976883774436	0.4190544446374184	4.731905958878045	187.9165367807658	-179.45132400883261	-529.7617438601126	-150.0899400905977	347.4181319248295	-13.697086994196887	-99.75760500873412	80.36117073622003	-94.41091318560309	-90.12107615676737	-178.36190364452685	84.9223731279914	-167.78778442149832	68.030135779769	94.13983644105825	85.75188020659458	-256.55887390344725	-64.2470275984138
6.233333333333333	357.6270051523223	-186.32578552953592	4.2535502580792715	8.879585746612264	-1.9809923805644134	3.9500009033238457	189.63546726593353	-179.61461155088983	-533.9981695461364	-149.6591550936803	348.17085000746863	-14.926448376683098	-99.65000814725332	80.91639771751835	-95.41185381613955	-90.15818118149882	-178.9607521066751	85.85635362577709	-166.4109056532068	68.44860860906337	95.66713906360573	85.87148598162871	-257.91194325816866	-63.59919026059281
6.25	357.441108799115	-185.32994057070988	3.5081450180881917	8.184248861395892	-3.3247379916825595	3.3676507918663496	187.90597650522014	-180.37267763024414	-532.9456454819755	-149.85875518227442	348.9916683878137	-14.52917364220042	-99.46805280824537	81.3975773254636	-95.87804867945063	-90.34640889149857	-179.23534859451107	86.27001743455956	-170.1419818335681	68.5016947759021	94.50772107138555	85.92389438381703	-258.6991686428376	-63.18926442830403
6.266666666666667	357.3644006915017	-187.48736803195845	1.5794145708400034	7.9244097054517715	-5.104597894910135	2.348597433969409	187.46917468020743	-180.10209306015992	-530.8736333818583	-149.91108810242423	348.54166142706435	-15.482370982173759	-99.2203633892358	81.54798752983947	-97.54875673872442	-90.57928254194145	-181.29455758702403	87.13746825652129	-173.38601298794057	68.41144511895867	94.76029414264774	87.1275034752636	-256.095930409829	-63.47141286854003
6.283333333333333	357.1666668894955	-186.73230919090176	0.2691960605903773	6.9276633387656705	-6.440878847006084	0.6878316736094623	186.9124823675871	-180.67122250083258	-530.7187007304185	-150.0703970079081	348.789346363799	-14.513728465077207	-98.62211385126486	81.90258946482149	-98.13024973114894	-91.16362598184384	-181.6547042510107	88.11508033950048	-172.4743544338833	67.80330892603203	94.77195365348383	87.09864069614225	-255.427144508658	-63.09792007990455
6.3	356.4881881723628	-186.63043722297382	-0.6652434636055575	5.834316033284288	-7.811864695436669	-0.8786324552244433	185.2869283706793	-181.69655147612838	-529.1913095153911	-149.90960496971525	348.63101760545254	-14.278050252299046	-98.19655074001999	82.3250604888796	-98.71367647299276	-91.73396835817572	-182.8898727921559	89.00967940994572	-172.79055220590482	68.5519968311488	93.83668128819794	87.01456496804273	-254.6066830600363	-62.881626908756814
6.316666666666666	355.3726256962335	-187.56219189812958	-0.9871730375819769	5.0008588446580475	-8.141760331100098	-1.3768963438154858	183.86201267754853	-182.71212812510697	-526.3789908633491	-149.8211790073881	347.86686015067437	-14.271966751770638	-97.87421273487324	83.02988369567761	-98.72921084427294	-91.87258236691743	-182.86211231625305	89.44393473545816	-174.47185914944788	69.77198913540516	93.41399434521732	86.63131222969118	-252.6283117484715	-63.25834580546276
6.333333333333333	355.14370581497144	-187.5637432883507	-0.10101802329829189	4.215438223054925	-7.797263696489951	-1.7883894898530723	181.89632096628142	-183.6339991973132	-522.2696925566139	-149.50956873770468	348.06488641755453	-13.873645928339322	-97.95576988513238	83.81093999392986	-98.12855886547719	-91.89691708266874	-182.8958945601886	89.86525634091578	-175.29941338316334	70.31253505086849	92.52086604109347	86.29359687046976	-249.8135437883361	-63.367788473302205
6.35	353.4438703567213	-188.63842885257947	-0.9464129317789326	3.7434832585504845	-7.894731376349062	-2.489401460217073	181.2070362795228	-184.10040224783174	-518.4278587091271	-150.16974932757515	346.39766459845083	-14.02690540377601	-97.48859215131293	84.33925359706342	-98.29785048257706	-91.87270937965856	-183.04874469964727	90.5965742072218	-175.7566035352557	70.65053433441065	91.9397854179152	86.39893323206567	-246.67068887071144	-63.81689559801723
6.366666666666666	352.70512879493765	-188.24851775362632	0.1319808074144455	3.2466709088629213	-7.879551211604187	-2.5315738998932975	180.6766041180672	-184.4264310948482	-516.4355335550703	-150.70623344177503	345.41749093673	-13.28084105642682	-97.47090035015238	85.0648229218292	-97.35610829878541	-91.778395832474	-183.44941038145402	90.86239895306618	-175.64658341408278	71.3160190186033	91.53895960244802	86.34086402792788	-245.07250516985778	-64.6363072866012
6.383333333333333	352.0222371939425	-187.37666349815444	0.462100473093001	1.8872223374136652	-8.59858617363359	-3.6099789950477006	180.16959639413875	-186.3013807949842	-516.1218931647345	-150.15731378384584	344.57817780657626	-11.837694246967672	-97.52716339562024	86.03407963752038	-97.0540104577436	-91.95025319939964	-183.9074696969551	91.56490955000199	-176.05899353258536	72.41571746360066	91.83353997535191	85.82463410976685	-244.70248789140513	-64.59094312847412
6.4	350.51419390485944	-187.6693678140836	2.272365731732673	2.339425346736593	-5.860214499039566	-2.6117831169331676	179.8364676535907	-186.83895818932126	-512.1162300693079	-150.58446060136907	342.26513934138177	-11.62078409462341	-97.95547714392812	86.28053989936065	-96.0081177974866	-91.67234123638877	-185.39807959284758	91.21570813616013	-176.76012069250098	72.5972145462198	90.93252796628951	84.62250374316241	-242.07696048042567	-65.8123982410869
6.416666666666667	349.1228974614	-188.34104890930067	4.0827390555789576	1.4220548830397537	-5.219263539174924	-3.27098822738878	179.49699718918845	-187.48017618229252	-511.507419953213	-151.43770266095288	340.67974649383564	-11.580044062061301	-98.13375937537364	86.92409768354514	-94.07957161087656	-91.8487330887139	-185.31571486563314	91.61416026732269	-176.70822419177307	72.22501358665589	90.97502728634122	84.18174326592745	-240.60405993974567	-67.45962215749118
6.433333333333334	348.37993324391516	-189.13051535561758	6.160880053250593	0.20050998877757154	-4.513806403740478	-4.322778169037374	180.30212408539128	-188.25712862265442	-511.70414237485625	-151.9158855401548	339.6045226649461	-11.816096179489858	-98.49743081675136	87.44555775890414	-92.54802627553403	-92.50002702140237	-185.4252290896993	91.97721094850802	-175.4916234745377	72.88846041911603	92.20951850264247	83.71854862315934	-239.49039524405225	-68.2841825173689
6.45	350.617156708288	-191.5937973413091	9.942583283773573	-1.4138662019508101	-3.3221481014881933	-5.5127251388076255	181.2224294667841	-188.6248494194412	-512.4119446104156	-154.10290269655894	340.21215370510623	-12.9087098516702	-100.22863365758249	88.3337046315754	-90.49360399332888	-93.32439011203637	-186.08900036678523	92.46106130364228	-176.28280404552027	73.26909280504464	93.56309024350006	83.65210606509058	-239.14114252036643	-70.4712856159526
6.466666666666667	354.88421998454044	-192.18643731970025	17.34489940490229	-3.6058849986954256	-0.6090483059926461	-7.442224346622143	181.1221929517378	-189.28970648749115	-512.0520964753671	-156.73343591722522	341.3887935214388	-12.98222836527981	-104.27989110974757	89.58244119489343	-87.18482404425295	-93.83054478142348	-183.75007163113608	93.34317810359614	-174.93689920662044	72.71209191385232	94.22694480875981	83.70775314314443	-238.30084066236546	-72.57291180237948
6.483333333333333	359.54239780413087	-195.6362289893144	21.990497954720762	-4.042323433196634	1.0850731440743193	-8.140724272668773	181.3830943465966	-189.71731333446644	-511.6229470199966	-159.30444794351408	340.2918791467397	-15.418907556795183	-106.81024656254596	89.92958556650703	-84.84619820204028	-94.1481865088251	-183.36239840336773	93.95207921609445	-174.54780661659214	73.60811116032626	95.31397316147391	83.63640343922316	-236.85598656413546	-74.24621266386661
6.5	359.9861615253268	-196.30148690736303	25.95154217593001	-3.7409224227478353	2.775283177037381	-8.125390947405435	182.0783644846058	-190.2926169201212	-511.9093880696663	-160.15661773911688	340.61996688089704	-16.5344383653927	-109.1529560355029	89.98221888749701	-83.12892512502225	-94.08502585315931	-182.08516622108098	94.01502298764946	-173.9972042866451	75.05645761968842	96.14544872498509	83.624071451734	-235.86283302538072	-76.83519081392802
6.516666666666667	360.05044506911815	-198.56059984421248	29.82416114818206	-3.3810310223981883	4.743693877358034	-7.734499589613542	183.26315920547017	-191.19656580583703	-512.4053900285137	-160.97486819990417	339.51216966925824	-18.51877467977221	-110.82739898219997	90.01657027175054	-80.91489356910394	-93.59986528518375	-181.12385761566435	94.05266551935742	-173.2780487837269	75.82029754427906	97.59096003901433	83.12044782623111	-234.84549737516738	-78.19109645661679
6.533333333333333	359.547973521911	-198.90400560554843	32.54979142093111	-3.0066560048383115	6.751597749998631	-7.168529456463475	184.16146726496777	-192.08004548950925	-512.820278811986	-160.33038937557689	336.786183540666	-18.951217596121758	-111.86242986870748	90.07651827449713	-79.08708795293637	-93.19942047903933	-180.9030153399029	94.08153001352095	-173.0404171882521	76.14824042876438	98.33048641601773	82.14958435987664	-234.41171029802535	-78.42185337432018
6.55	359.2937558361723	-200.66533399660022	35.497063380015014	-2.7412138470851324	8.01649587854639	-6.774230396114495	184.72930803066785	-193.22748712114955	-512.8304273669768	-159.95216353771792	335.53975004048596	-20.503160813891167	-113.3984659397609	90.19111365325872	-77.64370492661719	-92.84278517879694	-180.52758923310654	94.12774929674704	-173.0582424622363	76.37288606182919	99.05713783850656	81.17074486700069	-233.71919260071058	-78.71745089968935
6.566666666666666	359.76831797118325	-201.21220301848234	38.083274048872546	-2.7727708192440264	9.365080989541324	-6.459156686592452	186.00367328617662	-194.78563235967368	-513.6446119853493	-158.35685537568733	335.061025556359	-20.812542581321274	-114.73444585990377	90.3633384583734	-76.57607484223725	-92.6837150253994	-180.73241103096353	93.98359771137622	-172.958875975558	76.65314303723757	100.07178981503175	79.36534604202896	-233.5764576452109	-78.44948176877934
6.583333333333333	359.85876496530875	-200.60499825625612	39.031483076664806	-2.6906870448153244	10.08351636390104	-6.234561023514528	186.51393791349304	-195.62515659192456	-513.8422901442048	-157.14217975994376	334.8881062777337	-20.256827993237877	-115.02254888399978	90.38551676790816	-76.05215556582101	-92.56854314176783	-180.26048874509468	93.89653035702976	-172.5046827655189	77.01622838892602	100.39658905140527	78.28936135155357	-233.49221948114115	-77.41277800089654
