Coordinates
version=1
nRows=270
nColumns=24
inDegrees=yes

Units are S.I. units (second, meters, Newtons, ...)
If the header above contains a line with 'inDegrees', this indicates whether rotational values are in degrees (yes) or radians (no).

endheader
time	right ankle	left ankle	right knee	left knee	right hip	left hip	right shoulder	left shoulder	right elbow	left elbow	right foot	left foot	right shank	left shank	right thigh	left thigh	pelvis	trunk	shoulders	head	right arm	left arm	right forearm	left forearm
0.0	11.627842275296167	5.9862498008739955	14.054168960363214	14.99334026762386	12.2433524306886	13.525249349797946	8.045421992436044	11.02532649108296	55.92139128267446	56.134382554588626	3.3550389631668933	-2.109911309644605	-98.26965147515861	-98.0130982622062	-84.28988613085977	-83.00826998002216	298.62271195621815	83.46509667491999	324.65004431053654	63.13434806522501	271.49578358507136	-85.58086475361004	327.4235586787394	330.6063211540257
0.016666666666666666	11.503732687683353	6.202516849539407	14.031552195539343	15.022345131494882	12.264787031594427	13.54643706871984	8.094246866350854	11.165372557584288	55.92794489142291	56.13453728493787	3.346656311364244	-2.104176547633273	-98.20486536796346	-98.06748271874677	-84.28905745715467	-83.00860125955344	298.6227114021239	83.4374615666465	324.57403790659214	63.151005409831484	271.4940357128663	-85.58018832161227	327.43882459885634	330.700307407773
0.03333333333333333	11.209547345388646	6.832087862900037	13.908999410131752	15.24378009104973	12.540268583203302	13.821511869191278	8.295959655094421	11.554655503124888	56.00972040397197	56.13580550896126	3.3211602930498847	-2.085461788583857	-98.0611875415216	-98.31845489996806	-84.28489556504596	-83.0102234488918	298.62267175992935	83.16382739538753	321.6754926304068	63.26738769135076	271.47255584154664	-85.5744096399136	327.491846347582	331.0033689622101
0.05	10.849879279657294	7.738199341513072	13.965571116281108	15.826418943500958	12.751748184155236	14.026481703281393	8.259692797481105	11.971961715974787	56.02729741818866	57.689549493686656	3.2312730820463282	-2.0523443467421996	-97.89260986852078	-98.85353545728809	-84.2624842987695	-83.01874785649926	298.61953034510185	82.95258712090148	322.26551423881455	63.48123334108056	271.2052396474837	-85.58228719861437	327.46688767627575	332.7018840575049
0.06666666666666667	10.892142867951222	7.824954455195259	14.01081500258869	16.302185589644353	13.492866750167924	14.755054065642625	8.427962091696077	12.05883296168818	57.16079948646248	60.638469710800386	2.9596587295819066	-1.9925402104174634	-97.95325377444246	-99.04953533831637	-84.09669902085587	-83.01731082056784	298.34631331483183	82.50746258882697	319.4563508980881	63.48967878516034	271.0284515429544	-85.64137832521618	328.42829963535456	335.1311692417096
0.08333333333333333	10.993785643132432	7.391022908047564	14.088936458107922	16.16628501880992	14.099439320951333	15.064690415451823	8.467224030990984	12.079233151592105	58.06950542088718	60.03958475123543	2.8187705308587265	-1.7982799120959223	-98.0172249563708	-99.07813400190064	-83.98685123069704	-83.02511323392932	272.2140209109229	81.97911808053158	320.50790185198923	63.9092517324782	270.56389200685476	-86.27106660971927	329.25971117463223	333.7839120276555
0.1	10.94691906386973	7.044964255936579	14.454718301515753	15.922155527672315	14.790059200019263	15.376880263593923	8.251478571688649	12.077911863322527	59.99513081447584	58.90609486506137	2.753714028243003	-1.9218619136649266	-98.09309828984787	-98.90624992202423	-83.73018773829135	-83.02893276879836	201.7243094619812	81.59358438142715	317.54537833528116	63.52089568324031	269.5736325107251	-86.25741461264319	329.78804210945503	333.4309124808413
0.11666666666666667	10.865377784832315	6.908604293650494	14.493597472279056	15.801999427748289	15.400840205821005	15.900098947316607	8.215816055991326	11.98922954355571	61.50128551226612	59.686265439563634	2.726881698530266	-2.0855808973059715	-98.07417109268806	-98.82580658336448	-83.57368368259498	-83.01970979533277	208.21083225614	81.0829716940693	318.7398597089037	62.211394292032104	269.3051410340577	-86.61394778423593	330.7301947699694	333.17818116351697
0.13333333333333333	10.877855297458826	6.806379941130093	14.877936088442901	15.665371271003242	15.914533909345076	16.080622976678356	7.857658469152467	11.743307382613063	62.38496041318707	60.912293065478096	2.710860194195557	-2.6614004263447533	-98.11679452936724	-98.89151229344448	-83.22658388479094	-82.99427177698131	200.575805095003	80.90847621540844	317.3299485880559	61.32262447150125	268.7347247975289	-87.23870990985652	331.147387391395	333.35393137433414
0.15	10.874929844527877	6.676820174891155	15.09755500232696	16.02597897954735	17.12584890537067	17.162097002896797	6.800791683608148	11.408174350718552	65.77130422098975	63.9766631619095	2.6986410326591135	-2.5119844389052974	-98.14423202751159	-98.92916891499434	-82.78685940029003	-82.81644480534254	200.0754255881991	80.1537443327964	318.5564419802959	61.328787263774345	266.72952455958364	-88.78280286979656	332.2438895448298	334.25343653715504
0.16666666666666666	10.860508393869996	6.289406115585978	15.970891458949653	16.26202314141135	18.721334000654657	18.101250254109807	6.311323561219618	11.179624005424671	67.42898803044334	66.94701640278672	2.684782749226433	-2.8770503507335534	-98.15573793790851	-98.99345108479926	-82.11854998955083	-82.67513198355316	191.4501415027249	79.30119352616285	317.289737242663	60.42090500557818	265.45389396865494	-89.62419733177268	332.71123465316924	335.94701463598483
0.18333333333333332	10.831307007861696	6.351956747679094	16.130083555246877	17.05093950464317	19.650782520931493	19.283714357124254	6.202282686783029	10.807130129591137	67.97093220415171	68.17088137131957	2.648356599160321	-3.0542905176235275	-98.13314952122096	-99.34442280589928	-81.83960986342224	-82.30524497419191	188.6835638257762	78.52439306464976	315.20278593934563	61.14718460909238	264.64887810148207	-90.78315925964668	332.5854483208636	337.06814887626496
0.2	10.781591802658987	6.646479193251287	17.075755053818547	18.72165385496554	21.548673143363594	21.238350889058673	6.266292250103011	10.350426509962897	70.00275706900743	68.68944299535724	2.5272218277378977	-3.069956244069155	-98.29142247078353	-100.11065486801462	-81.19148746181065	-81.60344028397287	182.09914858897483	77.35927292396114	311.1642718947714	61.56620226895328	263.59663264921227	-92.4262130823714	333.402146649132	335.332620746356
0.21666666666666667	10.694384362671462	6.97451426529562	18.091748024458678	19.010182080265675	22.754290367561868	22.443459063537226	6.144766104488147	9.849828625720718	72.17669593718647	68.52967011461757	2.083299182050797	-2.928524885329662	-98.69298678910883	-100.10875617127262	-80.75661665745749	-81.16989974692149	181.65317914655304	76.50360065379053	314.28009198391493	61.16431629266361	261.9311491866579	-93.83175360444459	333.9296210950424	334.7285599882618
0.23333333333333334	10.56968528471846	6.969109343506319	19.117620430563782	19.18201574028238	24.61651583185223	23.625495201889777	5.9122869315425755	9.829693041108438	73.9160239293984	69.2766810228027	1.5341531526418255	-3.187563990618195	-98.94309905660468	-100.17809711437357	-80.03732996235236	-80.9639145944499	178.97693602563902	75.43157688789351	305.37480073395426	60.723600262486706	261.15448419348166	-94.71038199240508	334.90935346549657	334.52168505034604
0.25	10.34471517470136	7.087453595061207	19.21468201626896	20.491312347428725	26.122294239983695	25.427909389513896	6.1568052351934766	8.902511359206013	74.31417662131483	71.60147744909688	1.2042689077134352	-3.709260776145792	-98.79550089629481	-100.73931452571033	-79.61890692934097	-80.29912637834487	179.15538147815465	74.33989116489886	298.63554432198777	59.789142520548275	260.50657497319435	-97.00682141010438	334.7906529901656	334.6101595867907
0.26666666666666666	9.645591297755558	6.976949316901619	18.923967030189456	22.328648752823156	27.239752712589155	27.707388548825346	6.824256101927812	9.082714833478022	74.74315852765247	71.04120197724006	1.0818761750126498	-5.42472656808671	-98.53506833761487	-101.39606054533004	-79.50173543838375	-79.16435177872405	177.76542784156567	73.2265010353809	263.41585163600234	58.279109181978036	260.82043523574123	-97.70841546115842	335.4610973656763	333.88228324215487
0.2833333333333333	9.381587736811817	6.905137782298742	18.81361461950766	24.11128394656685	29.58715931379666	30.55144877562252	8.850544901474127	8.154072715709649	76.09666030934703	74.18559363018407	1.3065977887283289	-5.435583379347246	-98.07319104323183	-101.99665364554609	-78.8915204315151	-77.9718877105722	178.01383391965848	71.59976303348571	213.81573730223346	57.79495146161404	260.93677593660294	-100.48821509875359	336.857950855879	333.8166740596507
0.3	9.295150697873977	6.711550535824106	19.255409719282788	25.53001743560359	31.080494963807947	32.451003462996596	9.79971342358572	8.847945886008791	77.43523898129337	74.20500956267504	1.3922288821465418	-6.2464233058497385	-97.93244980759883	-102.59911342030726	-78.50796376499497	-77.13589434998075	178.2187400973535	70.44266598343066	197.56155454028894	56.48475481979086	260.4520922987729	-100.62233186106025	337.70225375260077	333.71619422788444
0.31666666666666665	9.233296992457372	6.5513153342053005	19.58390664283027	26.958883058483117	33.32491280556109	35.45974047003843	10.652162740013702	9.564917477293585	78.51805517651675	73.8680629621607	1.4161890104647197	-6.768299023168574	-97.83253250229437	-102.9456752575371	-78.12682529580158	-76.0287635557715	178.13210459821295	68.59438243881097	192.26639229866657	54.662411855109625	259.41739880373586	-101.45392096534152	337.8005887729448	332.6596879247515
0.3333333333333333	9.4200842276915	6.041608948546607	20.198136554947443	28.14146354026298	35.285118644394345	37.88578861905439	11.624478252795788	10.53201318008028	79.04086779162239	76.16605805385353	1.4205446683304428	-7.87341802123453	-97.95669451484585	-103.34734933474536	-77.77426954262722	-75.21441270450994	176.91794321968857	66.95903665775005	188.41564073774325	52.96666737317689	258.7634755783563	-101.94073328169057	337.53304470772093	333.2430115992879
0.35	9.602828190579851	5.532812353463152	20.940539488546033	29.54862026350393	37.110153392691494	39.78817145492907	11.254208771073	13.568608706838269	81.62512158965266	71.53252963503355	1.426277725395217	-8.547084497323656	-98.08748699271177	-104.07965562882131	-77.248728210878	-74.55047905418388	176.95978847259056	65.6437691583479	187.750341020778	49.17413366683651	256.9505615781046	-100.60037007332255	337.8348592642318	330.7840166027245
0.36666666666666664	9.728774539812497	5.821571832965686	21.771603469715767	31.510943650447384	39.674359340048944	42.902777716599644	11.74961086668344	16.387513752846267	86.07232284212795	68.00102556707083	1.4329032475359607	-8.431213190647311	-98.18620253670252	-104.74466100587071	-76.49324882513949	-73.27557875521838	176.04325817337494	63.804989649536545	182.20166258033856	46.70300133487906	255.7168278939559	-99.84294445741818	339.46009355571493	326.985001281807
0.3833333333333333	9.915792356762584	6.264293852119741	23.389611066354856	33.75867946282405	42.93288068963282	46.822888206336174	11.125580460468745	17.666174984336813	89.71118780150859	68.68091965726481	1.429881356383132	-8.190877263437493	-98.39263380782097	-104.9904801127825	-75.15039094574591	-71.2600662164651	177.1955753114874	61.999253216106624	183.70462304938854	45.18692704415725	253.1034518869739	-100.14610215319172	342.1897933479481	328.7239638375648
0.4	10.23192331715019	7.212794541623463	24.113502393092837	34.947576863122286	45.29636359887245	49.38639422447508	10.540838065921394	16.783096011249686	91.73195301324087	72.64316922856008	1.4270518947574287	-7.826827631466863	-98.52591255947033	-105.32888525959021	-74.42658533453319	-70.31784150084036	176.24323366787118	60.26195074829897	182.02293246315062	43.353223902170036	250.69217016535555	-103.10511301054976	342.00989742893864	329.6925629004686
0.4166666666666667	10.473915710653637	8.97113903063704	25.468873009543856	37.440989392067465	48.6676386811323	53.279041297978246	9.861734997236104	18.420725478355696	94.99061383391754	70.17401878673179	1.4255615797322139	-7.749937591131809	-98.96084090286728	-106.41892353961263	-73.5884200581688	-69.01576264080286	176.20078310600505	57.72898593436562	180.36407215995123	41.85415082926107	246.7350257342035	-103.39436794999405	341.38899942580304	324.5183139260747
0.43333333333333335	10.833956734646872	9.222850795078415	26.686322591681026	39.36767115271565	50.89127003368686	55.760994669714144	8.965487509685765	18.318111342140956	100.53580056867916	69.95121472907525	1.4313689345953275	-8.758699265389629	-99.38364047451013	-107.33059605506901	-72.68505878080438	-67.9468909825455	175.35756260757128	56.29454600046544	175.53952799819297	39.91210496059257	244.7992135673261	-100.05293959893802	344.9144957375236	315.22329004723144
0.45	11.322776946150075	9.19866435477778	28.437616167228025	41.267234100144684	54.898670923253974	59.11476031145738	7.888385972129465	19.330466314030108	105.47978268516495	69.91582908388179	1.4397331183738005	-9.515217074333146	-99.88491746496275	-108.6833110352915	-71.37289149100556	-67.27603096668336	175.55720699236264	53.58749397089747	176.2427736191181	38.30528338942351	241.21716126362037	-105.93921196926198	346.4344611478319	322.4964880822075
0.4666666666666667	11.635530775361318	10.43080149077619	29.78632258791568	44.18062528837461	58.25889302916743	62.284982637245605	5.55020269725552	15.882459715462907	110.58197065768715	71.80882521536525	1.4459919233728316	-10.027756469549617	-100.15936461130518	-110.92804135870941	-70.1337064551285	-66.35537168886425	175.534848349226	51.372214728253816	169.64939640567792	35.3245430084635	236.63192722479747	-114.50350915235715	347.11701049172393	318.467819901805
0.48333333333333334	12.27806064438302	12.507672944057392	31.269385259295902	46.54918620758303	61.139366494745644	64.93398419515334	4.205032230283427	11.969815050946544	110.55602350905946	76.17977511781996	1.4624353009240472	-10.01100496765336	-100.77577303447148	-113.49987328240881	-69.1749597748948	-65.74466235701524	175.26564984384615	49.28502937052538	162.73815630851823	34.400051882488974	233.3910177074354	-119.73304010887956	344.3112165787996	317.156110503006
0.5	12.85194103181211	13.451403285787777	32.20506492659505	49.55699642890671	63.92776446691461	67.84670530810418	1.9950137826117957	11.460130235686353	110.66750621707224	77.21514906273467	1.5477942701565195	-11.054140716656159	-101.14951647664708	-114.37664519108114	-68.54512217465415	-64.96739311873182	174.55923827775771	47.08091603249349	162.47654699072632	32.36999240577716	228.95995255880172	-120.82399549879926	341.7435003514382	315.732212666174
0.5166666666666666	14.461188432719894	14.797867817412671	33.95613547997894	54.189706626369734	67.08711302650119	71.41227266370764	-2.3663517317559357	17.115090793815796	110.67157337785261	49.925102525980236	2.175461412286641	-11.476617709087115	-101.80893783263679	-116.87372625817113	-68.08356842873015	-63.52151877225289	175.30627739731338	45.083340494837536	165.56232886545558	29.317749582970755	222.57644566298947	-116.6931996704389	334.706132020566	293.2536397413085
0.5333333333333333	15.227355551933886	13.443366286816307	33.73421751098074	56.8221948325371	69.49278797503757	74.61033185297273	-5.458863496251668	21.739381627743104	110.64459605219392	32.29958653011109	2.904723424332393	-15.030029635217504	-101.96332132139864	-119.61740239209846	-68.31336915305394	-62.96065791837944	173.531711453299	42.30443137885593	160.00882649240822	28.374399530754403	216.7841904201288	-115.85419646468031	329.78772107644414	277.93616137627487
0.55	15.90491892721531	12.412680951725786	33.70534611215714	59.64572358853183	71.93979174906414	78.60956662855514	-8.47681505932188	27.9058464119924	110.60989031009795	6.687812804940052	3.8510868906184994	-18.99155138631203	-102.21484791283224	-121.39128070543251	-68.45158787473736	-61.818105451052546	171.67996401802486	39.55058220688652	159.5862470751556	24.561974931757558	211.0416452879874	-112.48381709260846	321.95843128009716	254.66525966017034
0.5666666666666667	15.070633597167873	11.352739435340654	33.997336293548514	62.042385315493306	74.83512967927877	82.01498287379327	-11.962925237455245	27.06120426585725	110.52861818953122	13.477447620233866	3.5290563480981536	-22.487463663077015	-102.32030562106144	-123.09873660791277	-68.28858683008406	-61.179813047856705	168.50998242421952	36.898310965728015	150.84736263468164	23.62348441650569	204.889170831963	-115.62855187451476	315.60143052853454	257.2053288117115
0.5833333333333334	16.2505110738773	11.21297634384487	34.93610470320113	63.11811041667458	76.92088227620506	83.84490938455862	-16.14235914831488	26.440908775923184	103.46942356202726	20.66578636585048	3.4475573014820196	-23.311827229591824	-103.09127806309182	-124.32486982076041	-68.14466965315748	-61.27536078976583	166.72771144610437	34.912384022866696	144.07127003547578	23.00571767670579	198.74938672825354	-116.04379631496494	301.5232248851956	262.3169420207425
0.6	17.790503705885076	11.276905833396206	35.70549231063979	63.66570083935542	79.3633550936667	85.51681754266089	-21.098407338443536	30.217870783543056	96.61317045770123	15.398369617850747	3.5427922760970163	-24.17382667856741	-103.59092226851885	-125.29258194000569	-67.82459455257599	-61.51406345018614	165.79732821435442	32.8222767460412	140.62352138260644	23.003633321555686	191.7072802250131	-116.01476368739019	286.17200209000504	263.7462989942152
0.6166666666666667	18.892641717922228	12.056459487513454	37.481561893169086	64.12984522526368	82.21992650095677	87.98059654904934	-26.494217462382153	32.7505301234616	80.45983551342718	15.30664062909838	4.189547041055016	-23.147510205241726	-104.68280891913194	-125.40547385821208	-67.20829572828976	-60.92112339371715	166.7615281274195	30.774408656428392	137.66873320059233	20.627716327044027	184.27128849958942	-116.52966566392644	264.0915934416804	258.76092766613124
0.6333333333333333	18.932171513679187	12.455545798240927	39.23640841606248	64.57609530035488	85.66052201508816	92.47698782846007	-33.19653605070296	35.58713476243682	74.36129991777277	16.319258405005844	3.592536091426461	-21.899737292211046	-105.32705288518238	-123.21633668357066	-66.20107966428169	-58.66032246964721	166.2958053656091	29.03430695195802	137.97824256504742	16.892523491936092	175.89050952402815	-115.56135238042894	250.06726054273034	260.9335212602693
0.65	20.232560253729904	17.758661152991735	40.81560839990272	69.6167365555457	90.09145335767997	95.83465666887302	-35.76489981456103	39.042194566403516	62.01228401499423	15.347508879188105	4.055986487785015	-20.66284036737955	-106.13818548852427	-127.7234011478173	-65.49953318658949	-58.58594321972181	165.64058400995697	25.90488117285707	133.81889502396484	16.814330397444717	170.34962456008424	-115.01216131634378	232.11583110288782	260.38494702432195
0.6666666666666666	20.100734418584295	18.70513851784213	42.42750407717348	59.04417754581188	93.48313009864356	99.09145849409788	-36.571798267586836	43.05828119303207	49.66849034007092	16.928591947713766	3.4150067104642816	-11.235769714797968	-107.79376501962344	-120.29401483204998	-65.47810768129148	-59.6254634059779	166.62192661656223	21.036479257087137	132.99333433132074	15.132454580368261	164.59926740161566	-115.59394740006492	214.04479393698412	261.2847945066329
0.6833333333333333	20.038484510749075	21.057757144771927	41.0773746581535	55.6948572850087	93.99475814289616	100.9798300983464	-34.87873620606195	45.73874051059076	34.62726895079093	16.074602138429604	1.813660188637465	-4.185810601453166	-108.03431985465933	-115.96377799342497	-66.80629188574703	-59.71876397694587	165.0208521276365	18.735987160288165	130.44012768214552	14.911844583171003	164.19605448357606	-115.26001378731195	198.5311424351593	260.8624205397058
0.7	20.00941338065337	23.124784235607546	43.21229307445493	54.59826699022522	96.66804831776555	102.80023445169259	-36.22455017969187	46.71935759508051	19.13244881862793	16.835343615277903	-0.01950617865548976	-0.9194057101238751	-109.3903994855013	-114.29038734015367	-66.3316007912596	-58.311890562019016	163.38116795352303	16.58364140186789	127.66209234368525	14.97434734947249	160.83404736399763	-116.04917785615261	178.15255121750366	260.7299671338952
0.7166666666666667	19.8348577630114	25.060058323541273	46.364883935764766	52.493627964919746	99.60446261957321	106.48642956558206	-37.65018665075117	48.82199835395153	3.400613893842591	14.789798006314735	-1.1103099245620882	5.225934118048931	-110.94782880042537	-110.2710507618799	-64.95577077098204	-58.041873058484846	161.97127185218326	14.508957846686714	130.44431369831568	14.0783678668837	158.0271560163758	-115.60108339004073	161.52420096143084	259.3468596053696
0.7333333333333333	19.84290317503021	25.316827889698068	48.49526676188838	48.26879087825172	103.30142713155628	109.708561076564	-39.66803969453405	54.41855942939015	-1.8642312051381245	11.845676640752874	-1.7873390570521015	10.559652442118656	-111.6443296722096	-105.45753095045858	-63.79449985299233	-57.57874504481851	164.00633754879829	12.733125212229034	129.90628101624134	11.269880182022218	153.31302457981445	-114.34753246311273	151.3830869883226	259.44782048832144
0.75	20.716373954404936	28.326069110954815	52.19126169176948	41.257741083707664	105.40036510210516	110.40217231519091	-43.78075773958773	58.47040835270972	-5.493491251385301	3.748569168761967	-3.0106951352687505	22.990022364118662	-113.796963891602	-99.22855821303638	-62.74973105460782	-57.86016726326832	163.94016727729414	11.871277915959405	123.30645779971026	8.760307059268317	148.09011735618975	-110.29104954213342	142.38813083337783	254.25155353604495
0.7666666666666666	22.744274433228856	25.54968203297555	53.650547307396415	33.83513301895982	106.47726663504102	111.79693431236092	-50.539446060029526	56.73609392034112	-3.9179485566239918	1.989448391847296	-2.435930671591852	25.415176136903565	-115.20647788564852	-91.70003232524432	-62.0925365024475	-57.32893260760539	161.34103407406343	11.439128964762332	118.97636143726291	8.143859627439133	140.87861755034044	-111.50834593877086	136.67231058908277	250.22379893380258
0.7833333333333333	24.704869014601876	25.42368920976967	54.575201275962876	31.245908720881193	106.5268786141765	113.95900321579666	-58.738870665087774	47.379633264333854	1.8649611128162495	10.354310246057782	-1.7547825840067661	28.98702813328792	-116.43655451193213	-86.30001274745594	-62.505167539509074	-54.82769354575298	162.52281747345253	10.95881821282461	115.11074467336513	5.636509546167089	132.03287193414894	-121.50548919332488	134.3086769745715	247.94592098827334
0.8	26.51509878626851	23.818882082498316	57.60587376521266	26.825108303318054	107.57659131401202	113.8500979159005	-70.56629148711649	30.617580360241128	-0.067823029347293	11.040628243321787	-2.132886451812517	31.789895164453178	-118.77730888111239	-81.19056104462736	-61.20880502178785	-54.57148216466305	165.51972766313577	11.437792960866807	110.113653204088	3.867167535399283	120.74164618506457	-138.76622287240386	139.16721335166213	190.3913605199678
0.8166666666666667	25.77928301292598	25.035319136496508	56.09717009870511	23.108031254351687	105.33498860285168	113.12876022920727	-82.39784885893383	100.20102009770416	23.538378070936623	17.784682163537482	-3.1884670826785544	36.83033641751337	-119.08867142207899	-77.08466780940489	-62.67274831781556	-54.52509149834685	169.7652817865224	11.880735640708181	110.06917474280446	1.8039939128313254	109.35830846339269	-68.4224397537702	140.2310375010793	135.66587939800706
0.8333333333333334	26.010307131519205	28.586403123214495	55.25551501383613	23.22459925328416	103.28533261846509	113.85963408686608	-116.72265714614387	31.75551350970161	-0.06637641298719599	18.329841125471216	-3.743164553997256	42.1520881793912	-119.85011770690875	-76.44179683720523	-63.903635839404004	-53.37331507407587	174.42469502641785	12.615281464056629	110.08892477949075	2.9421265160622	76.14187959126313	-137.6571825384787	166.21369512934453	138.812915068096
0.85	26.363503911970856	33.563779811988	52.94394192905917	22.902765333580653	99.81581838473716	112.57181654719008	-145.8910086677723	-0.09995816643384478	13.888321592040334	18.093441228638117	-4.204579139811965	48.253376167604095	-120.64225427506248	-75.66368679572368	-65.91922902446123	-52.999611499784095	174.92093683026505	13.731502136793507	110.68949843593995	1.2843834993990788	47.933945392230164	-166.8238390894778	193.42836986555395	142.48931745829674
0.8666666666666667	25.350625862124048	32.20089020628227	48.893023367332276	23.152106287021592	95.3418574795123	110.17973540590826	-115.47100115494757	-8.047785137764953	16.098542404413166	16.730032722545424	-4.957589776482644	46.15203173279081	-120.28919524342791	-76.04033164961096	-69.5160625253227	-53.06330027006465	173.73034825214236	15.797615371644877	113.47225303934215	-1.1632192279601137	79.70118135046286	-172.32084374929062	247.00175863145355	146.6491964709989
0.8833333333333333	22.460898063837607	15.741520911851284	47.17715026711071	23.687578161644247	91.25542132759115	110.90577753593996	-115.59507534466916	-60.83048100350854	3.944750923411996	15.301951227481872	-9.517191486260737	28.82927278253845	-119.91624707106837	-76.17804397619665	-73.89711921431291	-52.49469095313384	174.70359626668628	16.496288836197596	119.21973206546407	3.546964560205046	80.3921072542689	-224.78233596579048	263.06105299307137	155.5789744352141
0.9	17.295102188173985	-7.440122734926362	38.853102475852204	23.296093739154312	83.29908728731422	110.0984798618259	-112.22589640458237	-68.88847082463847	15.34147610847535	37.67595159408767	-12.102788785899467	8.674111951654817	-119.15590766375402	-76.13060747079396	-80.4464252707126	-52.9903193379531	173.95637513901522	17.47766467938871	114.32371032194645	5.147498345916002	84.68101289578173	-232.02981003829217	279.20220301318227	165.87419169773185
0.9166666666666666	5.165239734706263	-20.12954424636595	26.07962367801882	23.95203296848915	74.53934546364631	110.53077284673245	-114.26791286482404	-71.86176244563498	36.89323953481643	27.73282606603929	-18.050976729264995	-5.479082633764671	-116.23526077798104	-75.3716988365884	-88.49295924186463	-51.700492579053865	167.18394697624424	17.886773516466267	119.57318204991157	6.608969100094837	83.65876706609407	-234.05193132228501	301.0887468902128	153.87585336957983
0.9333333333333333	-14.674832716592833	-21.506256659312438	16.117677262940763	29.17432029642541	67.61948711984132	113.81802517148313	-122.16041224452	-63.870531940120856	55.09147420956315	27.353396017102522	-33.219000453372026	-6.9235466308661255	-111.6717034625787	-74.87375004446632	-97.79112092675999	-40.920596875375786	156.4767216265217	18.35232226192931	116.99010293502364	11.433950530297748	75.21161277558663	-226.2121305853062	313.16612423385095	161.22904250984084
0.95	-18.18784658184754	-21.628453472064844	10.97935498124452	29.309575911349885	58.33021325203645	114.32666296174894	-115.85874575521866	-56.41924007410555	-18.659371524011174	24.96957846975101	-36.531361891996255	-9.223764534320392	-111.42740899220014	-73.3776862216982	-100.76069947787376	-43.75199591187959	144.11583531640773	20.215171662796728	113.95225516725976	12.55853307249174	82.84507419623391	-215.05574380191914	357.95415640661764	167.8337247874798
0.9666666666666667	-44.36500189535415	-22.8654342761481	20.833648922293953	32.14619262531626	52.449639427893636	113.74351121059055	-151.0777234201934	-46.34047012889121	47.76752972347202	12.143670440088849	-81.2570425580014	-8.0387483022418	-124.20738042321739	-74.98895895247489	-104.02791390844929	-42.10137350769837	145.0232859658318	23.083905122809856	112.6990618066098	15.533640428146692	54.29848540919795	-202.71986039263288	279.34456837356305	168.73136053891616
0.9833333333333333	-40.7575106046673	-22.756651078689497	46.322176070808396	34.99603394906509	49.72720549242816	111.5731440731447	-104.76528110949354	-39.78518197977339	98.07269550966922	14.510632893097052	-105.79426830606538	-9.411316977884043	-155.33091022042083	-76.71908072249862	-105.55894938323254	-41.36975524457348	146.05037697762836	24.640162125453124	113.1150694104729	19.71822348226003	98.24827664045833	-194.92920458174044	204.3921737124184	177.9491798929852
1.0	-41.804231556128975	-19.572415376379798	68.21669695151014	33.7650805551024	44.23338486259408	109.70653122999617	-98.90294921221685	-34.637591239091954	81.33600885572879	103.07797523994326	-129.5948152821911	-7.056947371234626	-177.7362585908393	-77.55799829270272	-109.32924659613495	-43.78908887647073	150.33535374397923	26.222026454268928	117.72733924721982	24.835327393819192	105.87402602483026	-187.94317519864174	189.98417252707384	164.22676794993384
1.0166666666666666	-40.719633509157134	-15.067894300142067	72.39278961956795	33.70306950942088	44.71533490763505	106.78697965156032	-97.6767728414303	-27.76661023603282	32.55725903629393	125.32062500269454	-132.0748683439223	-3.9299264996527143	-181.4561710721582	-78.54361480237705	-109.84392173621353	-44.735352308872876	151.3557414838584	25.408871118549094	124.81055452847043	23.249961537939473	112.02205925159656	-178.7570166356349	139.92116893987634	130.92497692966208
1.0333333333333332	-27.992820084051303	-9.402096952854018	77.38446707083853	32.448674881782736	44.750646785626074	106.27597725096359	-93.66386948714305	-21.092575334102108	17.221896812769657	137.91040641762413	-123.5490998586819	-2.685294474511332	-185.92392519335735	-79.43759424141061	-109.31571947118461	-47.04548761955054	149.67959848584746	25.86609427425141	124.09435228982728	23.34499090082308	113.55070720598174	-175.63028115641185	130.2047264373621	144.09533375980183
1.05	-18.262567803918746	-10.789619424874545	79.15155222289107	30.31853799018085	45.20072197864198	103.96330366658731	-93.87022328131921	-14.482264831934692	18.54351542071536	150.75240301033557	-116.97128474277869	-1.6010927828878994	-189.35660541645186	-80.31428949886455	-109.58728495481566	-49.52136775898378	150.04315827523516	25.30275431439341	124.88833165878518	22.22455717396527	111.537411595274	-167.45959660001984	129.86172358249715	163.71514929251956
1.0666666666666667	-13.563394411902753	-9.919542198762688	75.94422968749694	25.992912243050213	43.074626205756935	100.22100127487543	-94.69189144742018	-7.20730480364843	23.344443172457193	149.57528157937884	-111.33102313299838	-0.5053690432320743	-188.42913609118673	-80.47261223152745	-111.66086126232307	-54.241423697761924	148.0038887320152	25.246715503081713	123.18621904266388	21.761938225411015	109.95839784797768	-161.78247606937853	133.46852272336696	169.0839712841042
1.0833333333333333	-3.083335322985721	-8.461848547902969	74.82294436820449	25.83985195643091	39.208854783841325	98.30833566919617	-103.57692508489811	-3.5500453372271235	78.56658480819247	144.23227654407222	-103.43636444977155	-0.5710074394660989	-191.57023036695392	-81.73223085192818	-115.23503560668458	-56.105125854455466	148.08106121041163	25.456585691916615	122.24891955095698	22.27388932508528	102.85015972362555	-158.35018629469218	178.65686534378779	166.46062928549043
1.1	0.5002121342670084	-8.837476357269386	72.69371486465772	23.5559070159661	36.88786952802713	94.56576810393635	-162.93080588840562	0.6341438464919156	61.96875504148461	140.1488518912254	-99.99519575512993	-2.4109434115229864	-190.75305397468225	-83.41483857787756	-117.77141747619244	-60.119591964910725	148.3298412450795	25.280317956104565	123.19392307804029	18.952143489615395	42.61741476836432	-155.15197442217018	101.08086373732199	165.5966058204356
1.1166666666666667	1.7011224872929107	-7.839457961931826	70.70684875459757	21.18927527759033	33.1239084142099	89.07452508987676	-167.99117876067484	5.259318162716705	48.310815498988184	126.63108164059031	-99.3675427197944	-3.1570084004340457	-191.21215465565888	-85.6291302147219	-120.23769614941136	-64.41387769771254	148.04237199477527	25.476190918717528	123.04749541910927	15.938120124217903	38.79833969908221	-148.3536415329495	79.38820879556928	158.62207082113116
1.1333333333333333	-3.944797612913323	-6.4748268543163885	67.4421028672537	23.556775783308083	28.169456818220173	89.97908677516635	-171.6111072355431	5.739164990338031	56.47821369359449	131.56739320390395	-108.25936339584491	-3.560541584465889	-191.84226363810035	-86.15539623797655	-125.57796004256971	-64.08319041231822	146.85674670457675	25.79451665779229	122.29635767350366	14.897031422073676	34.46934335500871	-148.7266405827958	92.92838123438223	161.87022810238452
1.15	-16.05036890051279	-4.120429183696838	77.30283069095823	24.641792453717557	22.355077421059327	90.89568289922438	-172.8050470305224	7.773581588530944	49.33740741714405	167.74958382599328	-119.53138304741965	-3.39015316557867	-192.5124503010962	-84.62843707942932	-127.88030160568562	-64.77312558324057	149.20023091297386	24.36247316097171	118.61144608301112	13.319496021741205	33.3691437133121	-146.3410814259447	115.90583378876043	188.10093052465402
1.1666666666666667	21.30573362629061	2.015311194102538	117.976222972034	-29.521522485001423	-17.6546449724027	89.9819956626853	-181.7533120980852	-2.83185840061695	2.6045612964350964	237.28957957238543	-50.52672663158336	9.096396890333976	-173.42535272056978	-83.96999791806059	-43.495522195171105	-112.9481290624196	215.0203007341303	-22.98700282297782	68.72039231290435	-16.716614494193514	-25.268825638693823	-208.23070452232545	148.30342456368027	207.57643197593532
1.1833333333333333	24.893342978823277	5.746682010869723	119.91481571016914	-27.60192498215794	-12.326021963211005	95.75108666136852	-181.69883477236198	-2.9083184154059563	-22.91026596314626	235.91054565294303	-43.994872401109625	12.81582688133281	-160.36065146077286	-82.85678846569455	-39.47129704753814	-109.93276730856338	217.09487910966214	-27.134401216589453	64.07876900388406	-19.33565813075807	-27.374708647026445	-210.24621961575835	130.27390269295714	205.70375769033092
1.2	24.29391430850408	7.245923747611856	119.14505819831507	-25.486924988811307	-8.431334829357699	100.2074185965095	-183.543985132623	-2.060127830320368	-30.98909976086911	230.11248508240521	-42.40736114347323	15.859048889932426	-156.5865259504506	-81.65895131235338	-37.256729237369875	-106.70931245121454	218.43046870242586	-28.830279812579885	64.00795575272015	-20.322922867190613	-30.77490241749674	-210.92970943204085	118.73159321813829	199.4976401913779
1.2166666666666666	18.140428044705978	7.3606659896683	115.19903697048676	-22.346773939211708	-3.335399716849654	108.21908572899942	-192.2019479149609	-0.48382134017888534	-33.43584006319779	227.00424232294196	-42.742788797937976	16.136050751076485	-151.10955107200357	-81.2909141304162	-35.82225588083424	-103.46972406868012	217.21827066418206	-32.48485694069588	60.55162037241832	-27.493186818121934	-44.752684418824224	-212.83417299062486	106.98111157358382	194.54804445284802
1.2333333333333334	12.251289102832047	7.382900581705487	109.63690328574503	-20.877078675910305	-2.3732799319263522	111.85243913325115	-195.49310212161137	0.13628118267014705	-35.66434821199564	213.50794059949536	-42.505606902231484	16.73970238137096	-145.5166299958174	-80.61811689271123	-35.93820571857337	-101.24064013800532	215.60624210675493	-33.51928444810769	60.125323145715726	-31.037135884763927	-49.10659833409972	-214.02216564784356	95.44211004970522	183.06731769042838
1.25	8.580817870908222	7.368247784431116	102.34129374119934	-19.940101841967127	-0.988252744749501	117.37576768702051	-195.57657539628377	2.8879147684422555	-35.82727741923323	207.17369854973285	-41.004199901895305	16.098282773185176	-140.17780695735138	-79.70361197221614	-38.09526236209868	-99.25669345316456	212.09757632342166	-37.09802859825851	58.5057805872795	-31.850623125628537	-52.75460074622998	-215.88161106100935	91.46740879114866	172.08124742826178
1.2666666666666666	7.821220987985078	7.369787203010444	93.3633483486891	-18.088991789119184	-1.7024812560640543	121.17015706505244	-191.91214361118682	4.427206822516966	-36.941589629339255	124.62656348472417	-36.60096394047088	17.98388964114949	-132.8556895594114	-79.4093120213739	-40.474993120549904	-97.07041625963994	211.51807547217885	-38.745375948440135	57.199470640828245	-32.47765701249967	-50.672212646033195	-214.18755245398097	92.76930892543098	88.83165559780818
1.2833333333333332	5.912586476069609	6.940795284708969	77.798553526449	-17.08930134446125	-3.4552008651665447	124.54647655058797	-190.9242714556204	4.895147820317722	-46.32706649826029	100.24784897166522	-33.73577248851916	18.197574529379416	-120.17396672229097	-78.76116871984388	-43.86527799507791	-95.00272971448048	211.3822833443403	-40.389570332022465	56.79053228710256	-34.41884674456468	-51.305191108030485	-215.61150509139543	84.67430222747996	64.6982738288723
1.3	5.316455854970636	6.853531639204264	65.94907950804286	-15.370751085686726	-7.550713555284616	126.68863714848374	-193.91600412778928	5.769444920873812	-70.61691234735099	90.49266620637972	-18.994713015717057	17.289699855883164	-113.78890549820902	-78.69894084576453	-48.33555221473988	-93.2221157899751	210.61062952790041	-40.77361420576756	54.85033027356101	-39.117327140864724	-54.74405744844701	-214.7815257655538	52.24886682588757	56.74999282561527
1.3166666666666667	1.154512333284969	9.291404990951758	51.10676278342059	-13.97089695574735	-12.12326887604087	127.87494369344358	-196.2231809045767	4.793220653118864	-71.17547649274267	79.01626755369777	-13.330413113183203	20.25654738513381	-104.10328828399332	-78.82036849714234	-52.949184974049984	-92.08556586855431	211.02554258362852	-40.817163516341076	52.406871072120275	-39.72648381752556	-57.138133755562755	-216.30993068681846	37.087478050052425	49.59226437052318
1.3333333333333333	1.9857826641519452	11.71327707297831	46.24080992979454	-8.66330014798665	-19.401331230146113	134.49970023195084	-199.5773391494525	5.775920041442047	-75.58518686039028	59.34779362128837	-16.50857163919415	21.404387991513516	-108.72509502336293	-79.91343861934422	-60.572455348028925	-88.76634184628334	211.04430675138133	-42.87573762565625	50.3697086043366	-38.9044252154678	-62.543070125978204	-216.96414327280314	41.95184736521283	22.304054062666676
1.35	2.661062326133601	12.949416117489458	46.96283980721962	-6.7188780126303005	-27.279311568564395	137.47806848069195	-198.10920645682097	5.654450024822943	-70.2425385808497	48.698496329794644	-25.32653599397868	23.134853318501968	-117.9427726167579	-80.11686480243276	-74.35074662279591	-86.99594410355556	211.0160264590049	-43.68064523739718	49.280216760377435	-39.772653136525975	-61.92809561053083	-217.6081889334386	46.064850720774515	11.004787483206524
1.3666666666666667	-12.951373373650906	5.879033171291439	24.769312785910603	-6.034270595988276	-36.45762690577463	137.26233454385752	-204.4793851436903	2.4425487303686158	-75.26589853692161	65.96565331441907	-32.54553876498566	16.980546756971165	-106.66612797637826	-80.26050774513092	-80.22835860402884	-86.9069884462424	202.75994639132907	-41.42789439067402	42.80590699625706	-35.0147715507034	-69.38015272213873	-219.3318298778682	37.57762122471027	23.028095592314138
1.3833333333333333	50.86187976885946	-5.263787197911214	-29.526165318415952	6.742930803231786	42.45768968296586	223.80817387223192	-146.47334479606877	-0.3585921350555087	-112.03456015168217	131.87843416577405	-96.25106776945584	-11.942189913379897	-104.99037829157142	-96.08756569278722	-89.70003989862181	-89.22255490875799	171.6246010348196	44.29011504265539	-35.833950650404276	38.839386500024005	-100.4616044715531	-137.44142267850836	34.64897757555309	-0.1450726240024034
1.4	69.97922906113897	-5.157392849105734	-25.426522165393212	7.1002013387772305	54.445296069982525	222.93579727987685	-145.11936738582725	0.08172886718772598	-104.54756124277255	147.95264309790363	-76.34114673072119	-11.648968942908873	-58.736284014283775	-97.39071094460269	-81.57550621462343	-90.57372529526656	169.8303141440463	46.00978633644147	-34.09286079688999	39.17148229806976	-97.96254770803253	-134.48476621265863	-22.356753705263177	13.982160641640208
1.4166666666666667	144.69989601825392	-2.0991248111550886	31.203463027939478	8.081683045473943	66.78330636889072	228.91894088031333	-144.60566094472182	2.229977596260294	-109.57965867460516	149.95908015027288	-62.59150137963884	-9.855947614287727	-104.37106763788935	-98.14094820609354	-73.42970201547163	-90.15972990143828	174.14650269236964	41.10288561391393	-34.537599279142064	45.530732789294774	-94.26815650053987	-135.4972504657322	-21.21335869188879	14.583674194896775
1.4333333333333333	117.31634180545025	-0.19217023249955528	6.376556126003544	8.5561534079793	67.14259973014862	227.17024514726248	-142.0158561443316	1.4924567605824577	-30.620256845924605	142.0312558537619	-49.24009657345469	-8.620869832516775	-76.05951057226274	-98.94163429206353	-70.7803590131034	-90.31786849878245	174.2962040455848	42.554396876266736	-36.068647317119826	43.14397369887206	-99.08506973396604	-136.94694084136592	49.68921343508736	4.687324087649046
1.45	126.54597072614705	0.4566186980569833	15.35494580322695	8.321903367220244	70.47524695774393	223.6730259599885	-142.53059708000532	-0.08078272929973501	-18.841435365095364	140.27766537978962	-43.674528184789345	-8.718015467806866	-80.0317235093189	-99.4192834931455	-63.25357542175183	-91.12399280333126	175.94419471954086	44.9722097446819	-31.920386369330792	40.866579898114985	-97.61853254997239	-135.4994581283054	59.29032483719645	4.86094009104861
1.4666666666666666	132.43168242282445	0.5202547291152758	18.68194702523119	9.278071935061206	75.40980130535058	226.0089209943902	-141.1140872403637	-1.6281536514331436	-1.4216205658925707	133.44986326737347	-37.971826829134166	-11.828111829016917	-80.11852920832057	-100.23393080984374	-61.465961035722835	-90.88996513683412	177.54538652871605	43.204725673143955	-32.00325979037119	42.360728879401556	-97.67311761723823	-138.70752258527477	72.59754710120002	-6.067780476033596
1.4833333333333334	129.668134780476	0.6324909855795751	15.149744959197946	8.583987118554624	77.96622892403397	225.94318191419134	-140.8214333254696	-2.3008367804194765	-8.410774285773796	127.6901703144878	-35.4500153237865	-10.17653568611507	-74.98856461065064	-100.56259040818266	-59.944806179192376	-91.88250737085916	178.1087831366958	42.10654145348945	-31.342356919689585	46.2518275571128	-98.56173730235224	-142.5643398082941	72.98549448628238	-18.761603274541415
1.5	133.593842765584	1.1750107348800922	12.45988137031793	8.831448716088506	75.76678941650736	220.946335871109	-140.8874154786213	2.4741061294466924	-10.159477391664126	80.98505321264861	-27.548126683088466	-10.91584996729949	-70.76797631891536	-102.09046715089558	-58.581458803005766	-93.12878991917833	178.5859746088326	45.7104702822105	-24.36339252789429	44.4515563844072	-95.18524403078803	-129.83626699529006	74.57746867026034	-49.4060268418846
1.5166666666666666	136.33154153628035	3.7689799503991006	7.220020379357357	9.388338644938841	77.87845687543626	221.80377760703576	-138.53912606451678	7.595809587539813	-10.033047080573336	74.25377424233376	-19.34554264771778	-9.415545705983858	-65.23700814346664	-103.76969889135839	-58.36765394819889	-94.23278070977368	178.73798944380175	43.85854722896744	-26.906770412618176	49.96168123386498	-94.55567199625712	-128.059932452256	75.49731398047588	-53.57314293545246
1.5333333333333332	141.08938867412243	3.936843614801017	1.9349124620269893	9.884504647555742	77.95133440100719	222.0746594949104	-135.9965118932792	7.4300844931882475	-8.26583383371235	81.20364238372314	-10.830376799715035	-9.23274275707997	-60.91071067085692	-105.17065347072167	-59.340618777839325	-95.12198439801917	179.23874783853694	42.77524004285845	-27.117034066698444	52.08762271765231	-92.92517663054798	-129.74335727876948	79.46583154338114	-48.65699843076312
1.55	149.84817150208343	4.234875145955942	-3.022233335603298	10.740508065449125	74.12081457552875	219.03620805306284	-134.81039297170838	6.366710004578067	-8.985545133055846	74.01373004083341	-34.52887428008858	-12.525998324117808	-57.56251372507749	-107.17500821533588	-60.99803300602557	-96.17663613473924	178.50896378711803	44.80897920991198	-24.978279231733275	50.63650540407026	-89.76117593030622	-128.85244477584604	81.32278128884015	-54.87522381765323
1.5666666666666667	113.30304618860801	3.858488626570602	-7.173369672533188	9.728611177618863	66.59426339659395	210.8683541547928	-139.2485676944683	3.792458941161862	-8.68601171133146	74.10988902273374	-60.07798200336336	-14.865743674322092	-55.48488390320682	-108.58925153228746	-62.655366507454374	-98.68997721776064	177.25256126188424	50.52655939431172	-23.19023570022206	52.02158787056612	-88.35324819399882	-126.82212471167406	82.07626789086294	-52.83653087788516
1.5833333333333333	49.793731943875436	3.580324606816248	-9.390200407587656	8.531289910564318	59.27621531549085	201.70253321019277	-142.83441567013037	-1.5975419505669624	-8.700587379339895	68.1669721151427	-95.27252860780582	-17.05728567471907	-54.74382779958752	-110.09560947491266	-63.54757409279166	-101.55427418692253	177.164844774005	57.53084622812425	-20.208341721108372	53.568319541247966	-85.21618311236833	-124.74649799435248	81.46367041863803	-56.5508433363288
1.6	33.58738479128546	3.274702549717838	-12.203343556003427	6.866061559335662	55.683515274396335	198.0905652420451	-144.85958520330954	-5.419012195327382	-8.995224220442303	69.34658214988697	-114.56950648425746	-19.688416185473784	-53.7475573780836	-111.51005067496719	-64.75901489805683	-105.54929239932025	176.76225859604554	62.96894082219166	-17.092684676003213	55.05947295795643	-84.22197281394797	-122.63957596141168	82.5930882407751	-53.37361759343437
1.6166666666666667	21.160208843090366	2.4568243965990453	-14.742606920120437	4.045513799270229	46.59906168218728	184.95143502663683	-151.8484906168755	-7.354966568355973	-8.522312384310922	65.00020540533839	-121.3973161058379	-21.136563902416718	-52.69578474861537	-112.70548409660661	-66.80207343425074	-109.07929797980405	176.6178400089566	67.01864884056667	-18.3078970803274	57.85786373891682	-86.05194359105674	-120.24440764690127	85.31142443730678	-55.36243919659957
1.6333333333333333	21.67624584589264	0.01930904944572761	-15.051836032517091	0.16730225723546394	40.62228853458773	175.2714249646755	-158.186810141755	-11.013741615113245	-11.603672700258475	60.39909450617392	-121.3631280487113	-23.875860423567243	-53.197044015094804	-113.78539645765773	-67.89304715692128	-113.54692898888165	176.21789008953317	71.85605648148866	-18.279373931082052	61.128462789952934	-86.38531669873538	-119.09455648892255	85.22752202309307	-58.7862359165422
1.65	25.891478059886257	-0.47433447092076875	-15.900317722858134	-2.3744947590301333	33.64426793818268	166.75234722409365	-161.2892540455296	-12.934324173658728	-11.079747500452473	59.68771789262255	-117.47787911863651	-24.941608056864467	-53.76375975797097	-114.9791792866483	-69.63833197543991	-117.18333218184144	175.91646995941	77.00380693229832	-17.248903617566185	64.21211984943145	-84.56374806118183	-115.8515763312839	84.6465611192064	-56.30670201005282
1.6666666666666667	37.131503676569466	0.3486869515287864	-15.96524717485018	-3.715643578950232	28.89847344711129	161.13757661285524	-164.97202617486857	-14.155689858138789	-12.009128437412564	52.865038611044355	-107.90038807513595	-24.525709520293958	-54.938902230844455	-115.28201787409382	-71.04502868582834	-118.86704228014608	175.90024836417018	80.3524258536677	-17.338614185742642	67.2022872562674	-84.47309987350812	-113.81824146473545	83.28714745333986	-61.090070527071546
1.6833333333333333	36.88167226790829	0.8331914916424036	-15.920473099906822	-4.146025371858265	25.900622345482567	157.7926621551787	-166.09512452130468	-14.41902952964431	-13.085372413244473	49.80371580295704	-108.4586724146834	-24.38117264725095	-55.76205020137024	-115.59916777961226	-71.85259498657712	-119.75802032024413	175.8429125517045	82.46266148007605	-16.120259584146762	68.87851968128805	-83.65120876229531	-112.0739444733783	83.09295657839115	-62.45238515893212
1.7	41.80107101393108	2.1143414828509375	-15.290820096697532	-4.051518545247895	24.21145794596345	156.07344671551652	-166.79471126806052	-13.66470901474823	-14.12183625419063	46.05282465136594	-105.68305207656928	-22.93800238822761	-56.64850670013173	-116.01101423960253	-72.08017862072987	-120.06017535809478	175.4301080461557	83.87034089880964	-14.771659267382889	70.25838098684392	-83.34907934482392	-109.73645454229933	82.53704411995831	-63.89350990581528
1.7166666666666666	39.891059423228306	4.905919247742967	-15.000452116866029	-3.9507674896416103	23.127016469593766	154.61981858002238	-168.17861520170925	-12.980379019472489	-14.35006872776742	40.89033263494447	-106.83919015552324	-21.17732123368994	-57.02476622191452	-116.46208676527402	-72.18882553867563	-120.4131707059962	175.25352057095088	84.90766490324484	-14.001919698441887	73.90455528948524	-83.64340353029255	-107.84298159637751	80.0614576140335	-67.2831349551911
1.7333333333333334	41.89508810966265	8.026571006227432	-15.045172575312382	-3.858968635383722	21.226364525893327	152.33353322784734	-171.01137106737104	-12.219634093880778	-14.778340417161656	37.451314960949425	-105.41577343546402	-19.17688875593532	-57.30013095807126	-117.0865729828868	-72.41286651604287	-120.94616088093468	174.86773498223084	86.48717837232196	-13.574322659595554	75.75624607539149	-84.44896258390081	-105.26996944814256	80.3635270287636	-68.23477118426267
1.75	44.21765659265848	8.860445084112227	-14.828825274221451	-4.094493728704499	19.303590992073143	149.0443329349966	-172.7830814966328	-12.50008202261278	-14.738825786001966	35.44353680541816	-105.16079754162595	-18.78292279528869	-57.84435971265642	-117.53579516569843	-72.68204833103519	-122.27579500344496	175.19872741909745	88.04386151914537	-12.78253541134031	78.57373158718727	-84.75708589893225	-103.70500849522521	80.55566572816949	-69.13234538169547
1.7666666666666666	39.5581641208701	9.691058769561248	-14.619985643768976	-4.206672362861608	17.970674513278787	147.55664762647052	-175.20440526871005	-12.021074905739242	-13.069526476734625	33.30289016422481	-108.79316574620975	-18.357202618937787	-58.20330121609851	-117.91241364303959	-72.86456424808736	-122.1739134736888	176.09116498799804	89.2344022604708	-12.201991984145254	81.25616292736576	-85.75653738612928	-102.40989103736607	81.10208089518237	-69.46416982195568
1.7833333333333332	35.42278022827097	9.554351628562387	-14.879982544619356	-4.202039948367966	15.765491770107845	146.66473179657544	-175.91450786008178	-12.56115086204619	-13.512589163930182	33.074230539636176	-113.17387863097943	-18.96988286002367	-58.487775132971336	-118.06631225273428	-73.32700296163179	-122.13117141193055	176.908988279882	90.78349639572887	-11.741813631686917	82.20545908803486	-85.25725499007204	-101.68685078429088	80.91397738846014	-68.87391709281081
1.8	30.624048234100417	13.065315282470635	-14.982135872154824	-4.80100998369144	13.72664670447109	144.64575830502272	-175.11781613398443	-13.06942227937782	-14.584891995597408	33.54929397776048	-118.81981526206265	-17.1147637662212	-58.67172264717786	-117.95920205095925	-73.5804304143175	-122.75441017141237	177.14287980213763	92.5332069200938	-10.472875937961941	83.12490035388134	-83.25886172522196	-100.70864862803023	80.8800797569273	-67.05587487309276
1.8166666666666667	30.24511314942373	14.590276113406151	-14.539998452960063	-5.2984984608699985	12.777627851270033	143.10751647811765	-175.1856741171681	-14.728774271833046	-18.07593136645286	25.251199629686354	-136.0194317026291	-13.27507357643309	-58.83897623874253	-117.6899101607285	-73.31616812161636	-123.08236158148343	177.23592962462504	93.88652623216112	-9.228090606232007	84.38432922619711	-82.03918756833816	-101.0312322283212	80.34384552417866	-75.6726619026415
1.8333333333333333	24.435916209125153	14.066146625844867	-14.760537780873161	-4.951109421441163	12.020841445824978	142.88857307128436	-176.11199132786749	-15.52118135050646	-19.40585214020358	10.799264820482781	-125.34755895627131	-12.7352538295939	-58.988601096518096	-117.36805032357611	-73.27572414342357	-122.34181960444498	177.3280826359753	94.98781701020378	-7.303825090535657	86.90694918087785	-81.31353857255809	-100.68898479732637	79.96448180452263	-89.84666687451599
1.8499999999999999	20.650834257569333	12.991674297670839	-14.195494109362254	-4.474850550155784	9.921950809514954	142.90267504350717	-178.73855596729948	-16.032157994923892	-20.16351582900762	11.174445104412783	-128.42218211126917	-13.12469785096263	-58.71878865838142	-116.68461369429912	-73.07825403737517	-120.98153616825579	177.70400881853402	96.49345397936851	-7.128947555505572	88.19146130859322	-81.36870953690752	-99.83995008936654	78.06742968090664	-87.86903286177585
1.8666666666666667	30.905349418417725	12.26656322332456	-14.224065508646984	-5.126049780174158	8.39394253440482	141.30610751233704	-179.60130776955248	-17.660402846191634	-21.26722607558062	5.439026582629259	-128.5392867907213	-13.29538645303205	-58.18766839535378	-115.58210201679218	-73.3974936880026	-120.61237770183126	178.10875661508558	98.29143374857426	-6.020676933028369	92.77927014319371	-80.61532810712539	-99.64098382928387	76.43239969474854	-94.1699728375202
1.8833333333333333	20.657647422151268	12.98825603308807	-15.058331346978457	-4.764155787047189	8.515887287743263	142.1569908738449	-179.054450545618	-18.725022582844133	-22.109638150109284	6.393362826920361	-128.5749613236768	-11.450457324613767	-57.975541580409	-114.94424234240616	-73.16063732688927	-119.58092593395607	179.01967708151332	98.67898719403472	-5.4283798243036525	93.01389904878936	-80.38217415969336	-100.30529000175453	77.04568513898167	-93.32289026571091
1.9	17.57347979743624	11.790993570242813	-13.96572037385624	-4.664146644736228	9.507458034538718	141.30874934624683	-178.93773247404005	-17.84440992161327	-23.34212191608994	3.328679932466623	-130.13575686628965	-14.135284066201981	-57.704385626315116	-114.22805401761843	-72.13743060805628	-119.71016615182872	179.37464414363717	99.2499066473055	-3.724874067625651	91.33706991176147	-79.9550389705483	-98.78314104608796	76.77933984269403	-95.49516003590523
1.9166666666666667	17.628736041346876	10.78219681150662	-13.90653487648944	-4.590428125401418	9.519518937820227	143.4489060673733	-179.29564474767398	-18.014970018761442	-21.67317159731622	-0.006396618825360134	-129.9840867650936	-11.51270756854001	-57.59161744330452	-112.96748065677198	-71.59480470256094	-118.07599738795322	180.51399832833184	99.56965436331072	-3.1057391938049883	91.55466278343614	-79.91480313339335	-98.72851627621387	77.61383570969134	-97.89961053709182
1.9333333333333333	14.631826527496287	11.205284080837654	-12.706475527065102	-4.151538363833889	11.198519143098062	144.91536387359292	-178.03552601451642	-19.512651084208937	-25.468551146574008	4.157010383783984	-132.6930917161861	-10.180915078805414	-57.33857893951381	-111.79071355632003	-69.68350561533136	-116.39500670302499	181.36414418730644	99.78811834161706	-1.637301957089044	93.2965985406393	-78.65819509775052	-100.06748452129332	75.98182220820743	-96.40665987164475
1.95	21.564408742443472	10.987934676491445	-12.15029863673417	-3.4964574233545758	12.165230081631952	146.46860171348078	-176.77433075566034	-19.66456819171188	-27.141032454215193	1.682626966979279	-125.42610825816567	-10.368070505434318	-56.84216536939216	-111.01498181058406	-67.93561435627053	-114.168489877675	182.12550592644044	99.95649871227886	-0.6466419844774647	95.29582795095585	-77.06622954625522	-99.99675584403326	75.97703818515546	-99.17227796849718
1.9666666666666666	27.705907051170733	10.83622248037387	-11.834145011298256	-1.6995900543758669	12.584973469105066	148.38449255737206	-177.74152372302058	-20.921499636380865	-25.27068588364123	0.6672122588967418	-119.72591528570348	-9.903553235994034	-56.301783489528916	-110.00441031712447	-67.39400326160651	-111.38817647685389	182.81311538905516	100.28068300099099	0.4520855815557383	95.32892662325656	-77.52042508888782	-100.76249000557308	76.89444889004966	-100.20050056331536
1.9833333333333334	36.83651418501825	13.336510403831218	-11.607338071697965	0.03442828537447894	12.775176731848497	149.9941797579034	-178.77041534793247	-21.632489198264118	-24.09499003133275	1.4230602447363436	-108.3020510189432	-9.34796191617427	-55.97611683307568	-109.16799766035074	-66.98103119202389	-108.96299752480583	183.25859136398964	100.50588227453191	0.5747958356619052	95.41526517406423	-78.0701820601883	-101.10376705928856	77.2763821227144	-100.20401043522972
2.0	54.60343182622334	10.464088358336326	-10.573472842452484	0.5975967039562591	13.708333620220436	151.01186244104645	-180.71625458968558	-22.9318715588011	-22.94825192084534	0.8428080089866365	-90.76240891104317	-8.852451329402763	-55.609048822037444	-107.82124930634149	-65.72689596878092	-107.19781367483611	183.0542043690115	100.48997496552238	0.5920651227270624	95.81386668109965	-79.50713278558197	-102.13551958609746	77.52705443173075	-101.37094552690613
2.0166666666666666	59.659456318487464	8.93411287447436	-9.070209783875795	1.2826175825094048	15.08761946527184	153.62546233567502	-182.4519498771292	-23.70574269797	-24.123326591846098	2.8882353623001737	-85.80237437490241	-8.931836240465639	-55.55479920068606	-106.9898822013194	-64.45714951236397	-105.8704698461626	183.4953627496449	99.90226081534459	0.6087823684432836	96.62173320939803	-82.38391006559117	-103.35672629977394	75.9187307553195	-100.85641466982548
2.033333333333333	71.53184593670181	16.48242549883162	-9.35712266985107	3.09139156341712	15.076176488453438	156.97569808888744	-181.5422432855007	-24.562819532701305	-28.78132211937801	4.298886399072869	-74.098912324825	-5.207504663592836	-55.700154441437455	-106.05806066344638	-65.06285796389622	-103.05997566367446	184.98635818901047	99.72039402882285	0.6733852970303453	96.97071245722061	-81.85552282367345	-104.1608223621472	70.42358864563819	-100.65977497220037
2.05	79.96198650181364	16.135024885812136	-7.65778973051974	4.083498938638237	15.580481944600168	158.5317644694935	-183.22476239962123	-26.260193087247544	-25.28614234580413	5.154167961732196	-66.65417376122767	-0.7070481344415218	-56.44326910371767	-105.40301040814391	-64.20123622776912	-101.71883872989196	185.22198858481735	99.68382605180011	0.9975948585364667	97.19267130367939	-83.0657868901503	-106.0012731021464	72.29126665910553	-101.25778263029541
2.0666666666666664	92.08986313608756	21.795550838852826	-7.144893781505082	5.209880070093308	15.659113166743934	159.93987194360355	-183.93598565415647	-29.165955984457046	-24.645894006999264	9.018075500346136	-54.82537509826497	4.411662439248536	-56.941944387627686	-104.92019659193829	-64.32574285366297	-100.19629844846384	185.5431154981283	99.74920403509677	1.0425163589117195	96.4642285396657	-84.32350182904814	-109.05085123688468	71.58965541055181	-99.97155330510519
2.0833333333333335	132.67902183465117	26.259117469944307	-6.217538937956374	5.588546377202048	15.630376999532444	161.84657102214476	-184.04957386215148	-30.40535670736078	-26.52960503859035	11.21091490840149	-13.999531591660253	2.8558529887523862	-57.63610710720679	-104.11464488140598	-64.61244916233196	-98.39640846113197	185.24994164788063	99.67201923673213	0.9925944675080238	96.04368786968882	-84.96803373936845	-110.56720938641116	69.73637062504964	-99.15207362357617
2.1	163.58524305310195	20.30177638678993	-5.986735607205456	5.569231459933194	15.23362136503534	162.70271628177625	-185.23544710927897	-33.10158468831764	-25.34623332238188	12.816684149321091	13.15410913704668	6.540261804110354	-58.934804913594945	-103.27022624984917	-65.27740441323712	-97.62175984934422	185.3110102199968	99.60929734619899	0.6699210241060414	95.74490737587634	-85.68926048353266	-113.31392550340448	70.214994132206	-99.51951068614251
2.1166666666666667	164.97038588758778	15.179739762295684	-5.211004163095368	5.484620056920841	14.846710489559948	163.18400410390984	-186.8147810264179	-35.37403782431477	-45.17734236034853	15.019528918015318	15.119919106627567	0.9239448849310652	-60.34024088695698	-102.63353698079982	-65.67584579504465	-97.24015615116978	185.64916451596588	99.50710247512885	0.7499150568076407	95.44002477013558	-87.22179414956287	-115.70240147114379	47.41274251311857	-100.00096772645554
2.1333333333333333	163.11743458565667	14.343370354957678	-4.373868802975063	5.57662514746881	14.519074877067148	163.82462672921594	-188.00298841110256	-37.504799076834594	-45.78051191658824	16.985503195330217	11.402118032644026	2.245589550157564	-61.71414274242675	-101.72586897613391	-66.06698504937428	-96.82540090422796	185.20292815292476	99.33924882521492	1.5442475582655968	95.83616339861635	-88.57443443231668	-118.05415963540527	45.02634195857463	-100.60944715069705
2.15	162.607327205915	15.680059848233387	-4.300147532242036	5.568138458575893	12.959827144755549	165.17932924789815	-184.51402175785742	-39.947134694731275	-59.58054186466077	19.875917408595722	7.605005795081924	4.6055887173679135	-63.50810470901739	-101.07019584921227	-67.07849012536131	-95.47322797013396	184.7118578507384	99.33037665977497	2.304656326982573	95.85511883730626	-85.26571719152741	-120.42700144211474	35.31909686332905	-100.27986353799052
2.1666666666666665	165.66755978579988	18.262975785379332	-4.211662767130767	5.492410948256861	11.68961145575763	166.22640071183147	-182.11325366715374	-41.36801127649517	-61.16066339855458	20.310707772581416	6.7687416229611745	7.709536780988648	-64.91779504965523	-100.26885241778965	-68.83805707208073	-94.59905516893765	184.6261077146163	99.3314206059545	2.9418233070796163	95.90845618179011	-82.76726163771747	-121.76154618461777	36.55423200759616	-101.01695666182597
2.183333333333333	165.83495080185264	21.585478042473152	-3.448633094145384	4.998730216227036	9.70891036860148	166.06455583524644	-180.54857268420312	-43.40229446983267	-89.14752198096276	22.483003047371366	8.126890839022842	13.323034339711471	-67.28780264830507	-99.3077716570844	-70.58516101459361	-94.33298638292788	184.56389784459486	99.340994823498	3.046198726226815	95.83912585512525	-81.52293438211206	-124.08272515757359	10.049957940105152	-100.91216074662798
2.2	166.3402247253336	26.067438266287322	-1.5095376936688212	4.9492228049534255	8.964971882119658	166.9112186191486	-179.9177329519613	-44.073410349841296	-91.70139980475108	23.750781261339768	6.174700290583909	17.752296724143388	-70.13394683074955	-98.78660524701067	-71.54130003020515	-93.65555600845205	184.56509892278464	99.37672929973596	3.1662441769912792	95.82775639200865	-80.1087347150859	-125.24881033226288	7.206181028404583	-100.62486899372567
2.216666666666667	165.65193903240947	27.775963385463918	0.16096038043570945	4.533862625855803	8.108121723402846	167.15267163066346	-180.711029423878	-45.31617776296645	-84.45667737168782	26.01618740854033	3.253803472634478	19.70517083147821	-72.60833191273208	-97.91414863877294	-72.44392093772109	-93.45823920601464	184.58648619146646	99.35854812595822	3.775732292266219	95.9111950314817	-81.0042604214067	-126.11421812795129	14.90384457503571	-99.95765416772552
2.2333333333333334	164.39791552584612	21.889792084545636	1.2057654456134774	4.468691884326462	6.221201229241275	168.1440820819581	-181.65466710108802	-46.61534282912318	-99.52199570216317	28.900250526338557	-0.7080608166780595	15.35868418454704	-75.46092883435122	-96.89239135914791	-74.22405683051728	-92.35056676347024	184.56730771622512	99.41112903661252	5.0765711065954395	95.94552099362068	-81.9558035800402	-127.23706802446637	-2.1845048383562324	-98.85390724021579
2.25	163.3602138247611	18.607354441102892	2.4139384953728293	4.364772369011047	5.15374084485258	168.92247046977073	-182.1513386554802	-47.91381201781354	-103.38196539355631	32.89554156308564	-4.739673822474327	17.805454686977146	-78.10821178522242	-96.3110650740042	-75.62625725507347	-91.83108845364966	184.5693109909485	99.21644610345176	6.0617686168484735	96.18563559890437	-82.7975570572649	-128.69560971057666	-6.8152027343933455	-97.84701603938842
2.2666666666666666	163.30815225297627	22.664946680280167	5.4483154557022795	4.250220069840718	5.10182156906942	169.95457735978889	-182.6075877498273	-47.65030792552358	-101.90354578776508	32.936744633359226	-8.589502148058555	18.03521714377546	-81.4934422489334	-95.83935805493013	-76.00077468184298	-91.14141433964777	184.60110059293973	98.95713666981942	6.52587938701846	97.08717833434181	-83.79482694167173	-128.70452843072394	-5.859177401327859	-97.69010991635732
2.283333333333333	163.4377552379681	23.266202468851343	8.089108755560735	4.115801939820687	4.994911002276422	170.69114385485284	-182.74275442574137	-48.110960741012576	-99.25766739683364	34.538157774250415	-15.118148164352183	18.380255653569446	-84.46199367085585	-95.0850163324733	-76.40287173765263	-90.76653509171047	184.61883558678215	98.71057126766293	6.695039557897667	97.8322711984409	-84.39403922451645	-128.81936101155634	-3.531222773340072	-95.71145614599304
2.3	163.48252584799002	23.65417748436469	10.156683074008273	3.95235008663328	3.953342122722039	170.93413918553873	-183.26228574450303	-47.615853899242005	-93.15520100805324	35.77447678499578	-15.659866670346412	19.09397124477315	-87.54986097544175	-94.54774854190575	-77.3706910456943	-90.38292339969098	184.64355691859177	98.68060592012678	6.636438440031391	97.7424044452616	-84.63181018039262	-128.86944515842833	0.5178120776489035	-93.39500731406041
2.3166666666666664	165.2402090578906	23.00075191218982	13.793524687357582	3.8021756073306445	3.7993795701136364	171.5845207396642	-182.961160900441	-47.19653477882825	-73.45738531294298	37.317777432888924	-16.14048805795233	19.10380579332666	-91.52473401982314	-93.46111563447406	-77.7462708384733	-89.99662738262612	184.65934998320856	98.54478775443685	6.700079233583644	98.06762078202033	-84.63285991177241	-128.75355744538103	17.207434246271998	-91.358293290799
2.3333333333333335	164.53408730321158	25.04720943434267	16.163400941132927	3.6247918055418573	3.268813800261657	172.05678217518485	-183.31197657277679	-45.29428163105247	-65.12685790793462	36.221248295454906	-19.367948184754987	18.55678665811062	-94.39334197968317	-92.94933672842245	-78.29584797992061	-89.54190149681878	184.61514604410146	98.45900091213718	6.751748490177496	98.15857508721098	-84.92849425196381	-126.8646915024419	29.572307629246495	-90.20085578672835
2.35	164.925439237452	22.64071589802454	18.069849606943887	3.50486822156879	2.5146409789816824	173.12098291063697	-183.12274907491366	-43.26673715115822	-66.30537479655793	35.04469606795111	-21.401906180278804	17.852717127705404	-97.42936633544747	-92.15299479155415	-79.38111008586249	-88.76572053580696	184.4371359367306	98.26892375707554	6.84539874240445	98.09454250324171	-84.89090259651293	-125.03707048480817	28.62421139471921	-89.07258826189712
2.3666666666666667	164.56377277858732	20.379952033063756	20.984624053762648	3.4121013262119027	2.2779316224210215	174.17767445415117	-182.71648659514105	-41.70282980245459	-69.54984337341696	33.97398368753327	-25.25441953183032	18.394332390682862	-100.792112503492	-91.26829509867775	-79.87894177076228	-88.01927492703362	183.54925388806245	97.98625234005978	6.781849740744155	97.95231055461048	-84.65135407897128	-123.39582968617584	26.208023616121995	-88.17886402674726
2.3833333333333333	164.5481403033016	17.919159566509936	23.170523680947664	3.3363154977342777	1.9201471076333712	174.38323308876363	-183.02840622387967	-39.22645997138822	-69.44664590385251	33.61140851795406	-27.89439400498877	17.32092542184165	-103.36811784266578	-90.48043652915658	-80.34557773093493	-87.83752288537507	183.15748134401488	97.79014659913204	6.969900614881777	97.49023462384314	-85.24924617898108	-121.34185211705058	25.05368213701367	-87.25484141219755
2.4	164.43786786426858	11.052736230654293	25.107407215046244	3.1914597582273054	1.753435075113189	175.717232879955	-182.41851070480487	-36.19386639871029	-69.91214791876334	31.881465047287538	-31.143904936966308	13.251078849137306	-105.9210848681561	-89.960100928126	-81.06671459103359	-87.03804910756097	183.00646671168005	97.30985102532419	7.153585446484195	97.42318189306422	-85.01955014388771	-118.64165908828372	25.318966536666423	-87.17752092179944
2.4166666666666665	164.62994159276025	7.254148810760774	27.134784916626558	3.393304325929986	1.7551531728582246	177.49353567312306	-182.33849026582132	-33.612151408323165	-70.96869969219065	30.27649173584517	-33.25963968885693	8.931215316763607	-108.20529132980971	-89.26772552489172	-81.597249704646	-85.85690302088838	182.89256042131728	96.73059141819346	7.61001663143956	97.39944557963904	-85.50669387816455	-116.8602759102576	22.684425263342867	-87.36925110075553
2.433333333333333	165.10122366372818	2.1608944074087737	28.49768928570191	3.7389358542768916	1.589816093727145	178.91380158721788	-181.6609098614957	-32.15176356691297	-73.7902139670556	28.722623664595766	-33.265142678836945	6.181461033184188	-110.11469069863216	-89.06904123838743	-82.28971955247535	-84.98792991220449	182.64700629558865	96.18788635393537	7.765715976925534	97.38554897523073	-85.41546505025138	-116.31681333256677	21.27898144665966	-88.20674483233692
2.45	166.61241046824014	2.903903768943831	29.463460818464956	4.088630345157525	1.3227569048798988	179.53120702332785	-181.82421422832235	-31.128887244884012	-73.727033270044	26.62271079083976	-34.81417709858332	4.671278001661763	-112.3424031832867	-88.43722514015039	-82.72187479519535	-84.45053222494958	181.85081968477323	95.96410433620338	8.007990073920286	97.36212317479769	-85.84039975096567	-115.75419936659284	20.54182788956091	-89.22734933894748
2.466666666666667	164.4256067732981	5.165072100397797	31.47197824209028	4.869486375414628	1.3418109642187799	180.92890464127947	-181.95758798033435	-30.69681181540963	-116.61902616958733	25.46394620125247	-40.23424102060581	6.895001743480639	-115.93409182267304	-88.36460060997008	-83.17211202063942	-83.59412645274156	181.0917831196449	95.48630074211445	7.585302508546368	97.1837294167268	-86.50487837856858	-115.8035511118023	-23.16584504031504	-90.15588551885105
2.4833333333333334	158.60279368538698	4.160132789282459	32.90797466911773	5.336839192654754	1.1237592877613471	182.0033423078301	-182.29069453187094	-29.916005994350783	-117.06655023917205	24.3643684536569	-52.64499185520502	7.560275473919853	-116.8295917558531	-88.3417715731465	-83.74004808497803	-82.84214697682505	180.5313199045243	95.1216282979496	7.825441832874414	96.6506053606247	-87.48923562011392	-115.63900118311622	-23.56164304625118	-90.3518394195248
2.5	152.02773285585585	14.159387771777487	32.897241929487386	5.533231268310557	0.9419385471372062	183.18338553544942	-181.14683548682981	-30.092322498155987	-118.17161023627558	24.76674967620797	-56.36441792092949	17.850834244588142	-117.47746813439079	-88.25799415944532	-84.43596560578727	-82.17575566016737	180.32522029495354	94.64052262901204	7.480951512954876	96.72720537102668	-86.4469524469092	-115.59713159980602	-24.11483694711729	-90.46883576694486
2.5166666666666666	145.0963353064945	-0.3498369928521261	33.26689054094912	5.072677067744326	0.8498390339428443	184.23775333299747	-180.91820573149596	-29.85482932214493	-117.11941107819564	23.42435035751355	-63.43673655227053	-3.4040658198423253	-118.23048173135655	-87.71523666554785	-84.83674991012501	-81.45654495607528	180.28412985096367	94.32254487559663	7.571670914669744	96.95233838767183	-86.48834727592178	-115.49858571452465	-23.708678914515616	-90.63560922527856
2.533333333333333	142.54545377526352	-13.881626858401257	34.433827020452675	4.985156650797087	0.9569498986593643	184.6635986122635	-180.64124074158005	-30.244714147327358	-118.50393090953504	24.381435327691836	-67.01467974959058	-10.361318775579003	-119.37321224638357	-86.25476265120591	-84.95027250211346	-81.25604020769623	180.34342660582735	94.06936171425431	7.552769377896164	96.88110423385183	-86.49294625622471	-115.99988315751034	-25.460782001790594	-90.93563024010241
2.55	142.80015870028555	0.9232892345538946	33.74275432740456	4.98330057321472	0.707143231961479	185.17202805388604	-179.98586788995067	-31.255949591509033	-122.86758169254199	25.401958376518927	-66.2068533260317	3.9389857985077166	-119.05986931140279	-85.51479350802012	-85.31126456052314	-80.8188963098514	180.61448293010085	93.95507870304974	7.266590188898668	96.81982767549536	-86.10539871731048	-116.91073545791022	-31.1637437031224	-91.10902506850951
2.5666666666666664	142.38036793661942	2.3816599764444684	33.69308620850807	5.113484688368254	0.49194979361549035	185.77552625953868	-179.08173035425415	-31.981030430130787	-118.84681844136026	26.158971558715976	-67.10005925516614	6.330795675191482	-119.43603266643034	-85.41963956852238	-85.77032488953157	-80.43665668947469	181.64908703592621	93.71676216829738	6.990340545427172	96.78530056896426	-85.71599276341259	-117.69172802891345	-37.5982008817037	-90.97629954817094
2.5833333333333335	142.84772206917995	3.703020099649572	32.70280897683621	5.436166118502609	-0.018860515805838883	186.82167363685477	-178.45516557795156	-32.12850627534986	-125.89763327916056	26.9604513081926	-66.12273463666689	8.470984128924622	-119.2312758146161	-85.31965358147514	-86.56577850338807	-79.65239909222758	182.2184743536074	93.49069437180029	6.601472896924081	96.72674262992983	-85.19305891890978	-118.22312140431904	-29.500091039903957	-91.0444958405184
2.6	144.0091446925742	3.646934427028035	31.327994586924426	5.564994345252918	-0.40646482830375097	187.40905505184318	-177.20748790293794	-32.177582521549304	-116.32713297555361	28.711879276568354	-64.1730270677342	9.657236650804123	-118.25417101185006	-84.90239629944196	-87.01741669201158	-79.13834702757276	182.62796766074706	93.3861516988114	5.991239178018267	96.70860213814002	-83.9487998285607	-118.6102055310861	-20.155755438916376	-90.2409402469078
2.6166666666666667	143.84146337877465	-2.68936417427193	30.381698525201127	5.344719725350856	-0.4117047056431672	188.00803644833377	-174.63925159375717	-32.09941109982479	-114.95064926704929	29.004774065782463	-63.585496421947354	7.16255620677358	-117.3973688020192	-84.1866368041791	-87.20601046944513	-78.80751506210653	182.85642575272175	93.15732506733764	5.107323083965075	96.68272477448119	-81.60000048325438	-118.64757379665238	-16.08289700911024	-89.7700916184523
2.6333333333333333	148.2548824627225	-2.513335368330537	28.695202987460874	5.021064826544777	-1.1808681516899737	188.13435605251902	-175.2750980873068	-32.22247941754783	-92.18872019012245	29.516795163522836	-56.23204127590561	5.064475324781039	-116.59115092606092	-83.76730126777984	-88.28623519286091	-78.7444527800887	182.90013519180033	92.94413435224347	4.784578658532089	96.49233981107452	-82.28271971336589	-118.622964945008	5.777731751530377	-89.2766496539939
2.65	150.23775082023656	-3.3961385468568897	27.581830531209324	4.68892225785101	-1.7877081684746992	188.78556270078343	-174.33180077627702	-32.326282246720254	-124.55399689780062	29.950204117597227	-55.21450861130336	4.73545954012358	-115.73267793631857	-82.75217551491356	-88.88532013178039	-78.14192017638678	182.7893277758751	92.8818567525015	4.3337125918146295	95.59705874630723	-81.29913816833448	-119.03445088608007	-25.764260648032806	-89.53324546947748
2.6666666666666665	157.34037828025822	-3.915637096560862	24.5614673143197	4.277566208597422	-2.9857901470594825	189.2848751341305	-166.15202783575006	-32.55581882951746	-110.413603978808	29.566392378514244	-47.68319950507979	4.86315700422783	-114.15159372403807	-81.97198099877622	-90.12237878063246	-77.85666869459114	182.37029075310556	92.81420778939744	3.8911379379000683	95.8018943612336	-72.55803378710563	-119.72489228679541	-3.433357841503374	-89.62194047510587
2.683333333333333	161.64788187183424	-5.686061742371197	22.38399330460539	3.9541995012073166	-3.8434948502454898	189.61718172143603	-162.73869436746918	-32.70136690098826	-100.31534271289335	30.646826606893455	-41.762315200860535	5.413961707925308	-113.32327688052382	-81.39867004651337	-91.13165183185725	-77.78291057694793	182.11823685217604	92.59573034304807	3.385049580036907	95.78019426548599	-70.3442767240248	-120.37900028060659	10.127423119629364	-89.65550986021012
2.7	164.46494453684113	-4.019408171005833	20.744682593639336	3.6970877240048106	-5.104110145370222	189.99607486176208	-162.09453630188585	-32.704717580653735	-90.89124387008232	30.751409553247584	-38.52041974166382	6.127876710149273	-112.96240335612218	-80.76934542004504	-92.49689888456842	-77.68622656635074	181.78737272128112	92.35740744505661	2.727302645159164	95.14142038723358	-69.82730992289245	-120.47038895258623	19.464938566556064	-89.67078231190563
2.716666666666667	168.07477974687922	-0.7853476297397168	18.30601780319786	3.5026194109618083	-6.75312578397695	190.86033444972833	-161.40182107244235	-32.69027958727589	-143.96770423514818	30.927807092137954	-34.27289189063963	8.97980715418128	-112.49551924084918	-80.71152379699912	-94.47858116136767	-77.3197089729812	181.38790450300633	92.18702021598317	2.7816585844021144	93.97737974041048	-69.13211382029762	-120.61990242773504	-32.21093830125895	-89.68559192051958
2.7333333333333334	168.8889662516671	0.8551580325765817	15.516161354286718	3.4837998524076212	-7.235493941899472	191.6925987228771	-162.01025550725083	-32.56535003766839	-159.0550713819151	31.25277539544428	-32.22146279599897	11.060453154641161	-111.79814064856913	-80.34451172921911	-95.91805206767152	-76.92702728389217	181.24904120139064	91.73619668869003	2.246233726468423	93.8007258143847	-70.32209841944753	-120.75077844763163	-49.5938703582416	-89.678572366071
2.75	175.40063808079492	0.7884745525369594	14.244006454074272	3.613910939335923	-7.2404330184876855	192.24979211918495	-160.79280037100528	-32.398925128183826	-150.02539417440286	32.202718615474296	-24.703132474779473	10.686131557917937	-110.4828230954037	-80.26110583551866	-96.12991447822722	-76.75386477764202	181.18573643056087	91.3122460287723	1.6615591429406678	94.05970539265425	-69.52798617812206	-120.7950946028897	-39.56653912611187	-89.66324617369646
2.7666666666666666	177.83679143374644	-0.5708142202480426	12.289802956214821	3.7634387121560477	-7.770689409679537	192.93667404816685	-160.38125799226668	-32.11344336661971	-160.92457549599408	31.418420595589357	-21.05487982462387	9.049633683649517	-109.1228259074482	-79.82325381319187	-96.6366064237935	-76.71894973647942	181.17511770940217	91.16338069042207	1.4023426197924875	93.56375770280621	-69.08860538476873	-120.84073430852104	-49.10598619362012	-89.64940696056482
2.783333333333333	178.77939110124115	-2.0260091245438043	10.95636045937345	3.560321104869909	-8.002986057733848	193.10900970282256	-163.87054896311605	-32.00970439056401	-204.86254870257142	31.457170528333343	-19.4590720365965	8.476615955433935	-108.17827890287032	-79.41397406850803	-96.9919568487977	-76.68833240605903	181.17687473870328	90.96479622034582	0.765631272826192	92.99036645683276	-72.53760540153446	-120.95539223928108	-97.34211710564416	-89.5409312527485
2.8	184.4687051176406	-1.9362892303984818	9.309620909520886	3.1543382455969975	-8.09337643178303	192.63938883695315	-166.68267267232315	-31.93572671501029	-194.0999438971452	32.16500925098666	-12.27576631389445	8.419152257079155	-106.73259189571526	-79.4345839496096	-96.99614855361219	-76.56371312201118	181.1923266508686	90.83976516553847	0.5554465425742141	92.85381582405059	-75.36568931854531	-121.03799236324066	-89.43049361468985	-88.92863028738446
2.8166666666666664	187.82944433592485	0.060620169337085916	8.17440724686793	3.036402980518282	-7.693339029169955	192.53048458870774	-167.35580356141625	-31.87418316941379	-185.35061689713658	33.17181172937694	-7.789258263001573	10.816181474769314	-105.36600623165194	-79.74554377666558	-96.98686778689327	-76.78726253597797	181.25217160226794	90.62141263654959	0.2456953528393564	92.78820195823093	-77.26390303955218	-121.21398663278615	-83.56778995021321	-88.07454918544707
2.8333333333333335	192.1887198321712	5.275140142987173	7.077600800324596	2.8801858894712336	-7.438873804318369	192.4604145891567	-167.5279591844886	-31.86072581841904	-184.1974315412854	34.23518696718904	-2.975927689581941	15.56533119260593	-104.18574583867473	-79.8326381822791	-96.94232481411983	-77.0151499064186	181.41978280524768	90.45504792386656	0.1686331281223108	92.64738598555863	-77.66520678268823	-121.46520275840979	-82.10051503199041	-87.27964316681438
2.85	196.61393050387863	7.908433251061506	6.083649091850573	2.7002736223863266	-7.558536725834997	191.86678976412327	-166.92509583343016	-31.833203268611122	-183.71701674651592	34.517619123639285	4.946231843492045	17.75028491903051	-103.21426667249784	-80.14758690476846	-97.00053349366308	-77.47166169229104	181.85860707130956	90.4120676656305	0.06782413037130475	92.16628027011068	-77.59443964419232	-121.64935064576937	-81.42418929331555	-87.10406956720692
2.8666666666666667	198.62044832260906	8.468399511564225	5.734832111426982	2.794748226629628	-7.1106094714679084	191.68870714205798	-166.54871197268386	-31.765738840445493	-184.21473846000026	33.88701360228525	5.987847755249142	17.55292662385267	-102.70996240297563	-80.69776184322285	-96.87284627839624	-77.87576398031693	182.26604997635775	90.18070865251417	-0.18720035564201254	92.01807883154827	-76.83210681433492	-121.60357390030151	-80.58036587776478	-87.08182103852211
2.8833333333333333	198.49473880286808	10.474847658415662	5.34453702020519	2.7513276477718844	-6.807301216663312	191.2502109942403	-166.3246774537474	-31.867363339983267	-182.23726537029324	34.583950157751374	6.365839539587533	19.80977536550812	-101.98899228990011	-80.66385345413129	-96.61655494075744	-78.21073183562723	182.63713667933354	90.13168362489893	-0.23406710138367703	91.8471779444175	-76.49103836348841	-121.72808908480908	-78.58590665599483	-87.07795903801035
2.9	196.09575979464915	11.572333405707079	5.354855373230722	2.226026566361632	-6.356441329858909	190.87685197179914	-165.8775822778784	-32.08243654695781	-181.36931367254272	35.558888776599964	4.665468931060424	20.440817407661577	-101.47841471443421	-80.96968455963125	-96.11985157155716	-78.81929675286392	182.6868337415553	90.11715773840115	-0.26141233911023987	91.40060964121899	-75.96647174694658	-121.9410608413778	-77.22089979140432	-87.08485257752267
2.9166666666666665	196.28806639430655	12.934510821424588	5.2229317055141316	2.6675360041134644	-6.004033928474596	190.7606807596416	-165.5403350434142	-32.329824946300874	-179.19028728738942	35.58959298257933	4.968127409690522	20.97424969652685	-101.04008547126033	-81.35655741274586	-95.7412096280915	-79.07173476361962	182.29776485653375	90.11335187579962	-0.31330391811736114	91.29832547542941	-75.49779585349579	-122.06921396750317	-74.7564685368604	-87.08748344402606
2.933333333333333	195.03677241299206	11.898320957177734	5.295003272737524	2.982983857385715	-5.324898693265997	190.4637118666173	-165.2087460313068	-32.30872538831651	-179.0867677503967	35.146305836397524	3.5619093944695828	19.16834858326529	-100.89335478187579	-82.40093837419508	-95.01404199179942	-79.51315940698615	182.13714184179844	90.1079050393976	-0.4242301668126047	91.24566113795157	-75.10639465251903	-122.1074421809144	-73.80271569620956	-87.09334636517964
2.95	193.20447510099925	4.9458977590019355	5.339714104389521	3.406714969407913	-5.049092610609518	189.9623957282446	-165.1755167546777	-32.315754098663895	-178.2341123324528	35.07076802661294	2.585666488561168	9.334747540477142	-100.21759098965985	-83.65501214588704	-94.83635315561088	-80.12764802392141	182.01306674889116	90.10337298049441	-0.7027896319957496	91.15856349234507	-74.9938571652859	-122.12411704179323	-72.83012966582352	-87.07920824908403
2.966666666666667	191.22936399351937	6.549154991704426	4.744869982329331	5.456731906839128	-5.075312551624154	189.0095253345301	-165.22225574540872	-32.36743290078795	-177.4544441140746	35.13464938073213	1.7759893208010473	-3.6328183819589612	-99.42378004211692	-86.41898405280938	-94.71333036842181	-80.69879673162058	181.85464835753086	90.10151192417786	-0.8376051407295875	90.97839066111024	-74.91107877334122	-122.1424013707893	-72.30229565541865	-87.00901687646943
2.9833333333333334	189.97593187747276	-7.6185469572656395	4.2210575599591476	7.351825256157958	-4.837472524433638	188.85441273098093	-164.95882308167404	-32.4383113856455	-177.43226828948386	35.85092027288557	0.8960534331936554	-6.9992970536081405	-98.86969951451242	-88.33096388796386	-94.64841399465908	-80.965294821657	181.63461867301243	90.09563256282995	-1.012281103285734	90.59693207448521	-74.7589709326435	-122.18226077926576	-72.06256050893023	-86.44855651949874
3.0	190.04015289834243	4.20270546342082	4.020504404278741	8.92941607462294	-4.596103882246489	188.18046638195383	-164.73133354078342	-32.56765639113597	-177.81680452791062	36.04811717901658	0.8454056146804523	4.575368139540732	-98.41987501106708	-90.57835149788175	-94.4430350778587	-81.5795154317887	181.66117838386376	90.09812988087586	-0.9767919558468998	90.53897174774261	-74.4743822064369	-122.28498994542404	-72.27897478065883	-86.27871167412194
3.0166666666666666	189.32070052856363	9.07256789207506	3.302128475864303	9.227341419270292	-4.355939861117734	187.8847572184954	-164.59589573576707	-32.74061601503694	-177.17549161519722	37.28899677538638	0.8885721566978131	6.047025367073804	-97.73067702003858	-91.23435654907318	-94.2934948442427	-81.9911074323025	181.6125948267476	90.0979562567353	-1.1285132553523298	90.54108492597766	-74.45279225464012	-122.54551686817274	-71.8683090174389	-86.2657914058805
3.033333333333333	188.94306790062524	5.26836416000222	2.823243638436013	10.200200283571363	-4.117608228422881	187.710954553936	-164.56249695791445	-33.00003077841114	-176.8136670523075	36.59643599265115	1.1015767210933198	-1.9149497546003653	-97.23662240920439	-92.29662511353784	-94.07473819077742	-82.14722770722881	181.48305409483544	90.10061207131972	-1.167086875053268	90.5663555514069	-74.44019959831695	-122.96379850360503	-71.62648470472871	-86.27820598946988
3.05	189.39949129291986	-10.398588568475976	2.403574982080416	10.396047691491171	-4.035088304461494	187.32007727769468	-164.55289925698625	-33.317315090343584	-176.33072973215312	36.908640114692204	2.349994026254346	-13.700258414103418	-96.69162936384075	-92.88273510652702	-93.95160680561385	-82.50496830917169	181.50349978352898	90.10200242473465	-1.1818744589206198	90.61939912619613	-74.41108094677048	-123.27023094460515	-70.75293403369724	-86.29371793894178
3.0666666666666664	189.73283849090376	-26.20487190649805	1.684038124113512	11.319147326356386	-4.275828791744343	187.01334616594733	-164.82916550022836	-33.69671191827736	-176.03942553346639	37.209011252488345	3.866416820793037	-30.301927244984014	-95.7071077107104	-94.12074204656926	-94.02678213281757	-82.71694700284435	181.7296702324037	90.10318649145628	-1.193572605666362	90.73220905833611	-74.58490803736203	-123.49324166329049	-70.66610833778239	-86.26979390143138
3.0833333333333335	190.89031132927457	-39.662573000946416	1.7679222546974191	12.938762885033038	-3.928302477002358	187.10993109157528	-164.72749640089478	-33.65323055149389	-176.2945306192929	36.73548180290369	5.640597837602501	-44.82829727256589	-95.36553440282788	-95.44040792059417	-93.7938496526167	-82.61581909655817	181.82895003991044	90.10490901441696	-1.2096275102700291	91.01326779965977	-74.55983682140445	-123.53016859889334	-70.91525619352922	-86.25727912402371
3.1	190.73223320618843	-46.92039400725514	2.3655991223566137	14.188789285836565	-3.416829108021036	186.80692931504734	-164.94888915667477	-33.49787480734173	-175.7698601165866	36.99923649603294	5.515499028740177	-51.77527197575984	-95.52176101676471	-96.92949842873148	-93.30513119483346	-82.85281981464286	181.86889473444504	90.10821181139977	-1.2232488500696985	91.13408106435898	-74.77602174063261	-123.44990604124487	-70.59353033537958	-86.19371680386493
3.1166666666666667	191.72264410047325	-57.79541549233266	2.263198502534351	15.07487793643948	-3.2536073253908864	186.38206507888287	-165.08057407582237	-33.47500164444386	-176.38277152546303	37.57802734268254	6.270002974981065	-65.89628350696066	-95.00659403082538	-98.30674288294554	-92.96835060382239	-83.28387712523356	181.83633403013636	90.10975521204217	-1.2298074191564807	91.18479009849872	-74.84365655568782	-123.58669169797489	-71.21020973275037	-85.51903211609891
3.1333333333333333	190.73607367479832	-61.09411261549751	2.7666069282284456	16.812461701070152	-2.457890221417645	186.27568820845815	-164.946277537139	-33.653510590789985	-177.10579151571815	39.01277145233663	5.313287821900145	-70.74931192568928	-94.93436862370955	-100.15584784854806	-92.31050508633305	-83.47559971556274	181.9958006465808	90.11044230161357	-1.2355044014093974	91.1868152031915	-74.76346832076767	-123.67573834970118	-71.80755421219352	-84.68485970530595
3.15	189.84805227332208	-64.41815655044607	2.959631815574009	17.586264761117924	-1.9647388388023068	186.18996570169438	-165.14818681800057	-33.502550964124524	-177.0221034031635	39.84297315349917	4.661527043291308	-75.29472781753095	-94.73326284462988	-101.25951805502766	-91.84947620688331	-83.78826830285355	182.22811940043732	90.11062026441832	-1.2434348682022445	91.09734721450047	-74.9792183100563	-123.64380155654626	-72.02994426062384	-83.9118551066355
3.1666666666666665	190.1273268123052	-63.317689403123374	3.1085907978006118	17.99794757142184	-1.4862503971226935	186.0961109167537	-165.59378498623028	-33.447645426584636	-177.4648626697162	39.16485941010559	4.636405552962005	-74.6450551553333	-94.59641066613085	-101.73566522823403	-91.37968348341991	-83.93875219272348	182.73840558435057	90.11029900594679	-1.2565858431785792	90.69536876989449	-75.48686838035421	-123.423024537938	-72.96897842328264	-84.21200044115469
3.183333333333333	189.30447662276043	-64.03305834506915	2.815025335604003	18.79737867039459	-1.3203036675593016	185.917729865429	-165.70133726236662	-33.445600073187	-178.63339514122885	40.582234767684625	4.567110692530074	-76.71400950108531	-93.93360473759857	-102.69924544573809	-91.20638785619703	-84.09998768146764	183.0365211333376	90.10907955538418	-1.2673471497946522	90.30968852446887	-75.57241965364396	-123.35813216606105	-74.19858785479944	-82.84355841788782
3.2	188.34858176001083	-60.3953473845024	2.7344600075081784	18.61813576130238	-0.8863038942024559	185.3796028521386	-166.3400512927829	-33.29413900472298	-178.7027989341683	41.354098446989184	4.573175806644175	-73.38648712271777	-93.34428855822506	-103.17390096546357	-90.77813129189735	-84.52971065253323	183.52495505539514	90.1056451922139	-1.269403473173139	89.60634123170291	-76.21518859777498	-123.18506144812652	-75.04294335760069	-81.75914267166867
3.216666666666667	188.25404947458685	-56.99557738328484	3.270870048323751	19.62058048670992	-0.25930684570955315	185.31589920076763	-167.0132538363684	-33.08639252260082	-178.75001195142133	40.36599724263526	4.649454935205068	-71.16865751348807	-93.50468546341159	-104.23762797592929	-90.15777718481888	-84.56509873795525	182.75738089716845	90.10310695563018	-1.265992842194438	89.12410923479004	-76.86816674541973	-123.02902443239753	-75.61631710832032	-82.36222350978375
3.2333333333333334	188.05522961825184	-51.45109176952491	3.3995239807694437	20.962527888408413	-0.08575555573885527	185.56545838153465	-167.6797919472944	-33.05590153027637	-178.76637983154356	40.25987280012812	4.680997050329079	-66.66202197600145	-93.22356712706924	-105.25608195975681	-89.96413864867462	-84.34660131869326	182.52850469869992	90.09985042224721	-1.2435785864362021	89.02990927267197	-77.50352848055482	-122.97024010748858	-75.67721479935786	-82.62966585541709
3.25	188.4325497784701	-49.68424414476288	3.877838231308975	20.990456861300338	0.6572754537227583	185.62088864556355	-168.32735514209742	-32.97891248678231	-178.78182589858886	40.90625531846914	4.952717455686987	-64.99381196228397	-93.13402961399593	-105.29981370797735	-89.22549948899432	-84.36616176801186	182.29497652526618	90.09244765087846	-1.2044020716055193	89.01835411194065	-78.14975250530313	-122.86328417958498	-76.70998429995078	-81.99910647918885
3.2666666666666666	188.13910718067592	-47.198473826691306	4.359897285967793	20.21318039803088	1.4915849966375911	185.63399058077405	-168.76533906520277	-32.630608726696956	-178.90316197321192	41.59794421232513	5.529404202647049	-61.965396634449874	-92.8437094982599	-104.85580652045925	-88.39625877280035	-84.56582262757237	182.13465437364286	90.07052197464137	-1.2991936625290363	89.02154978027492	-78.61727347374182	-122.54391872058847	-77.55474771503873	-80.76191771366746
3.283333333333333	188.7159239577429	-45.73838479960688	4.621983822510877	20.021576661012727	2.334769049210724	185.62175120903976	-168.9657830709669	-32.434709220301436	-178.97024709881498	40.89901271841504	7.92586673041586	-60.15578984386325	-92.47944315098256	-104.44564904981286	-87.61028743054808	-84.43681332683244	181.92151877101412	89.99920737306829	-1.358337724715169	89.03553155087528	-78.87031167226033	-122.421016555841	-77.89068982366757	-81.35311775872734
3.3	190.75873258705207	-45.90829541148441	4.656180496668263	18.728655685517033	3.2443305667286406	185.8417546745589	-169.164828738476	-32.6071739107702	-179.02957679326715	43.63295283562386	9.31025572897429	-59.00439209392722	-92.0617022526047	-103.11496062573045	-87.12050523735594	-84.42571359025666	181.15649516849868	89.76074552704259	-1.4077569105853525	89.06669557550045	-79.34057257822957	-122.71486615787198	-78.48085420018013	-79.44293631755542
3.3166666666666664	191.84491716205093	-43.8927281053768	4.537717244428746	17.783424160306303	3.805711505612449	185.86112141074523	-169.57463010844572	-32.71969648422438	-178.75814697612088	43.10892827628623	10.420610291738049	-55.70483136488065	-91.53589280456649	-102.0782616739171	-86.47930622631932	-84.36717764196958	180.22179711680593	89.6798558894145	-1.4420036726059853	89.13130550442841	-79.89326665979158	-122.8890090000455	-78.50491969543918	-79.9794581582328
3.3333333333333335	191.29539957445652	-42.59574765817006	4.14213079373327	17.372714648290835	4.047605082715403	186.22493980377016	-169.6025811246296	-32.701807577846004	-178.97926827727076	45.359983246138036	10.47513647554534	-53.544711615967756	-90.44148140392942	-101.39108525822327	-86.61106419777714	-84.1164614343778	179.62940755272356	89.39913161723237	-1.464743644233041	89.28364743379434	-80.2036587902544	-123.16144473811799	-79.34791615429359	-78.03881300525288
3.35	188.6589780662648	-38.24639531191966	3.689882221517704	16.94814864178951	4.504749595022455	186.77709709361454	-169.77506599670522	-32.70011752849921	-178.8565225294018	47.99850672597942	7.803305684528484	-48.99608967717081	-89.55353545888063	-100.72605859803801	-86.24374779319571	-83.88803314975769	179.79770148013534	89.22983486641698	-1.4871523495712737	89.19581032141518	-80.72016367355099	-123.30283883121461	-79.6316838450964	-75.45534900049547
3.3666666666666667	183.90732838358358	-35.31605529230306	3.390068204902732	15.465550895116497	5.541492151987172	187.1297701766265	-169.80402699185893	-32.76386334911889	-178.96139135972794	51.60373569499178	5.853034585591924	-44.231694184849424	-88.63829092565827	-99.40177724154482	-85.45657566168596	-83.79578391741566	179.28550317499455	88.99670249849791	-1.5175091842933992	89.22408886979133	-81.0191760342395	-123.3716623565535	-79.89099818892043	-72.37922556809427
3.3833333333333333	180.92710334385387	-29.77876615678258	2.9448160261175755	14.553854727370265	6.275408468547315	187.9308481599138	-169.9179728868835	-32.49006811623114	-178.75944717488846	52.89992204515446	5.3138362335953415	-37.34006986715528	-87.53187812718728	-97.82200038227097	-84.97816768891491	-83.43980353536077	179.06553825525853	88.75040649225797	-1.5635738649424082	89.37623484516382	-81.3244828866055	-123.44028402311369	-79.96056909499417	-70.69415072403085
3.4	179.4259414521872	-24.878855850775974	2.1201320772474284	12.65491054402718	6.742485511004427	187.87260831193464	-170.02362882704637	-32.06253255914775	-179.02995943515924	56.36789806907595	4.9748813175198645	-30.87785883666725	-85.7523815525486	-96.1761839550273	-84.57918253986466	-83.45924221552569	178.76773555646537	88.58195827443598	-1.6212719287042572	89.38475927827886	-81.49585021653093	-123.26646405704113	-80.51492201677098	-66.86242241235168
3.4166666666666665	177.14959191215505	-18.585782074766467	0.6819365741496642	11.820442078185968	7.3878834487448	188.12651178978814	-170.29813925235132	-31.106634020949784	-178.60789741499616	58.168310340999696	4.886426309767486	-23.7897091678828	-84.26830339507134	-95.24817368241041	-84.13924102948002	-83.37731462016043	178.30915719413105	88.34101042918171	-1.6896331961956625	89.54170367594065	-81.8849576294712	-122.81193518714619	-80.4580150147839	-64.27591543301031
3.433333333333333	177.8347008100429	-11.000439401994758	-0.280783797556231	11.713304198781117	7.936776255865137	188.799340498137	-170.62994005267836	-29.894878633214535	-178.46224149226083	59.39696563498687	4.970193535253374	-15.677564757247518	-83.16069421524593	-94.58372649814314	-83.68694061958593	-82.9556425628439	177.61671935939498	88.11253082817989	-1.807328952508	89.61704317765555	-82.30696110421097	-121.69079195505597	-81.12083024505526	-61.850914521826084
3.4499999999999997	176.9773953884712	-2.477046958690028	-0.6364003323733994	11.388386718843895	9.39362360266739	189.78172541094264	-170.46310994170034	-29.47459242284653	-178.38698787548975	63.28741275586543	5.41990267642603	-6.383682813650545	-81.99135021353086	-93.73340034754358	-82.71626043410329	-82.42578335354563	177.36469376784845	87.86265001151793	-1.8825814725084293	89.67299705148093	-82.42211770396653	-121.5152938586947	-80.8588222033314	-58.29769696321101
3.466666666666667	177.11569745197855	2.3100058580960896	-0.5758963662426151	10.996667659510553	11.037818680290039	190.53029069517248	-170.50862423752932	-28.237502092258666	-178.3543718311151	66.67888980836165	6.918805879072362	-1.0067472729335067	-80.82594362259259	-92.87316879817142	-81.37325984094412	-81.94061945716743	177.3328902340602	87.69902009767056	-1.8606315365728716	89.71227519790719	-82.44422235064849	-120.59465587679006	-81.22127647090434	-53.87459345712444
3.4833333333333334	177.93262930876034	5.6484922527985955	-0.26793317035216085	10.360913303867326	12.096685907850793	190.84452218106765	-170.25357536076885	-26.805173221473854	-178.3510837406056	69.74064772355982	7.711796035844852	3.9485042904744354	-80.29625537554554	-92.08660174609479	-80.41188650606969	-81.72841025792253	177.40572606208258	87.62761754025014	-1.7772210508099913	89.73014801381503	-82.44853857994778	-119.24144069865135	-81.53426660826275	-49.39413061555551
3.5	180.7173969676436	8.683130364548957	0.44733623815895807	10.193957916990184	13.157846667461062	191.3003561819654	-170.35712672380274	-25.877716151946917	-178.32760019916395	72.87028118138356	10.414767320234523	7.275870136230422	-80.28810343054339	-91.5814065553061	-79.49452185423773	-81.38708969935527	177.99649570104756	87.60859555247299	-1.5755199789702323	89.7469876445225	-82.448715481411	-118.32180052552351	-81.28605669026715	-45.46557685223143
3.5166666666666666	183.3553350619796	8.555477428736122	1.1122331552817475	10.085825624829218	14.364665154750675	191.6946235837653	-169.90507907933127	-24.777777260784095	-178.37501192352312	78.13779929662904	13.602438369929587	7.600912051186032	-80.24763119030176	-91.10969134899017	-78.59174962923771	-81.04697360496777	178.2452490099069	87.60858294286969	-1.4450550254875485	89.75562970009585	-82.44485227547119	-117.51422484228006	-81.51127770368706	-39.65608085522936
3.533333333333333	185.92813577917593	9.303806080612349	1.7044886788877496	9.381089624769448	14.634025151791931	191.6157629504734	-169.75604874949056	-23.45014137287951	-178.4411460468968	79.89863375368213	15.677482319914919	8.640431127727684	-80.31669312431615	-90.36358500103464	-77.96678580071205	-80.98739745630795	178.69135653234537	87.62387567340164	-1.3437632529398034	89.75951822480175	-82.42223655310288	-115.9190001327384	-81.04769350508796	-36.64546002116675
3.55	187.53833331143147	5.358011434886507	2.2430093383210847	8.720329676302631	14.396428669096641	191.4395121681817	-169.6809739517038	-22.068104052670186	-178.58603121455243	80.9455823486587	16.843191291423274	5.403005864533949	-80.68367680460975	-89.67119815238779	-78.01256436505614	-80.95175563024391	178.90252867686476	87.67132700054408	-1.170419978184802	89.75991686415853	-82.10084935187027	-114.17002997403823	-80.87613551285195	-33.611733813210684
3.5666666666666664	188.72155339880806	4.9228727103303305	3.1778184081602463	8.550466470990637	14.529813518227783	191.35305030987382	-169.5720281623919	-21.324877010673294	-178.4887642086435	87.62183773991892	17.621238698033775	4.985866469838287	-81.06998301332922	-89.46502793730511	-77.66162954178859	-80.87341796886116	179.17829249398164	87.78150175167258	-1.0539753762235509	89.7559249148936	-81.96212136597319	-113.49162323513016	-80.39583565922172	-25.81644122896601
3.5833333333333335	189.6054731600642	2.68099896732747	4.06954051079506	7.942315939246521	14.600622208932629	191.4327909885672	-169.31365343648787	-20.960843642575103	-178.49595148606548	91.26524856384573	17.691152979315355	4.6522545099687225	-81.82026982324336	-88.76624687987241	-77.64397392940683	-80.80022195205188	179.83331854971266	87.76668247785366	-0.994115652439878	89.74284783110518	-81.65510348909027	-113.21352826951357	-80.16231772617724	-21.89615809780429
3.6	190.11692834787934	2.211142205562341	4.638873411765818	7.710694992376769	14.542779499296206	191.42351609667872	-169.18582762882932	-21.133656524483683	-178.43816674995577	93.1756688505876	17.677347731765508	5.6289148507079485	-82.33439883112423	-88.31717176074316	-77.57088616633547	-80.59691783854454	180.1285182105314	87.89708040303502	-0.9581466371521001	89.72738122091067	-81.42138603877984	-113.17748464090357	-79.84052296072969	-20.00295821887374
3.6166666666666667	190.60749883265694	2.1201531535070464	6.125133190800035	7.2347282656060745	14.72056678462193	191.22970234373184	-168.39722222948828	-21.36968066100319	-178.99974803344634	106.4778472615371	17.16391019480686	5.6931222767633765	-83.16212717849427	-87.89905802551476	-77.1636846577317	-80.58475350998121	180.32831522968388	88.06844896757228	-0.9422775983595275	89.71723254602146	-80.43573415528574	-113.16392925674052	-79.56219772160979	-6.673068793380498
3.6333333333333333	188.48423811787708	3.0812543708475397	7.327912622430773	6.680818217821614	14.959341210038414	191.01353604786772	-167.75033462399455	-21.5294464932646	-179.7657870871478	117.15248560415725	14.40893757488951	5.759107337311116	-83.73300534568814	-87.47930681625607	-76.71683823443621	-80.6391240579259	180.59872418307367	88.23048358928892	-0.9352367052197161	89.70795666920603	-79.44725550076642	-113.11899857263339	-79.41150589328896	4.021526063416931
3.65	187.13128534489897	2.7773504466383447	8.814380528118607	6.201693470381796	15.215498486282158	190.91492455789103	-167.23111300784635	-21.455819280934875	-179.7651747915063	123.006156126161	12.972858078139732	5.780057108425289	-84.98929226083295	-87.07502626465833	-76.1305516523682	-80.67145844650588	180.94091019000092	88.39640227748203	-0.9321166542296049	89.69282817852682	-78.8170999301256	-112.99864320194763	-78.78322884389425	10.099954572521817
3.6666666666666665	185.04640888267986	2.755319698257362	11.438287059335337	5.891625098210612	15.491809847162319	190.85520109637474	-166.83556073001495	-22.002773267659208	-179.47283886610353	133.18060024308494	7.338352532985546	5.968843421120431	-87.11742002969473	-86.7066018365035	-75.80814365209963	-80.63400616332774	181.04684053305735	88.60750867539119	-0.930958002612345	89.67664731887601	-78.29228118744965	-113.48930769699692	-77.79285530652567	19.51737368487102
3.683333333333333	182.343914155466	2.7826613049562616	13.047683673470514	5.796381584193	15.386616488979659	190.77520455427626	-166.89258162976756	-22.280851432560883	-178.95114388769224	138.251229276666	3.4669428499887864	6.5635320348399	-88.63135503922321	-86.50439224551539	-75.62292351263973	-80.39836851047939	181.08559033946625	88.94614818539387	-0.9314966397047053	89.66691078124451	-77.98310375963476	-113.39013033413579	-76.46907238691334	24.80763577077284
3.6999999999999997	180.34454210392917	4.954694996948471	14.830591365666377	5.497922780276847	15.46415268718631	190.74326768900536	-166.33403175255245	-22.335853168903288	-178.82688087427593	144.65571800791395	0.019521125742520518	9.20134769988948	-90.32508634702242	-85.83366167631013	-75.4515126334171	-80.28701969649671	181.09652851299825	89.10967894355525	-0.9716674308627655	89.63999142332082	-77.26214263381299	-113.43447760541801	-75.96606652368985	31.110861069200467
3.716666666666667	178.386086281178	6.254023811231658	16.64528905576876	5.135769293190458	15.628848482571023	190.65695712587058	-166.21474817623124	-22.43815052493527	-178.61044646887385	151.53878184927564	-3.265880320857398	10.874725068011713	-91.75757375424837	-85.3803097920906	-75.13326465285377	-80.23851713335972	181.09854912243236	89.20455811755363	-1.115136006869479	89.5472644253943	-76.96476831147157	-113.99241770566829	-75.59744167931593	37.59982864295651
3.7333333333333334	177.141347539462	5.767111970708348	19.57903377988081	4.8272881608336835	15.888797037783686	190.66266576825245	-165.80653121007077	-23.046929261197125	-177.69302251889812	149.5047838835606	-6.452698576366354	10.66461137080451	-94.2794858271912	-85.07268954915752	-74.84064567294509	-80.16338900421887	181.09579747241094	89.24188105487764	-1.2450498665031442	89.23531702113077	-76.50825899022315	-114.11441278178643	-74.13742982588889	35.32364019163408
3.75	174.56938344135582	2.802394954142515	21.421690558334515	4.943592498460321	15.884599640440056	190.98128273480884	-165.00480291770702	-23.192109947978423	-177.91539218370724	149.88473173013506	-11.450808529842782	7.153936007948412	-96.21167375586047	-85.12016540288516	-74.85480708171568	-79.66952376056175	181.08572003771485	89.25671744289895	-1.3948270727683587	89.06642712424922	-75.69504290041344	-114.0496865353584	-73.78586581652934	36.254123272220454
3.7666666666666666	173.82091327853124	0.5371963327957296	23.38130026639312	4.957923204149443	15.880993218163836	191.1332694762935	-164.8140140114935	-22.602218271421023	-177.10023848329473	141.51595798559484	-14.424165693629467	5.1400682779494264	-98.2967592306992	-84.46791336557484	-74.87803490486908	-79.54363624129209	181.0746861857184	89.26302956849642	-1.6995702224540579	89.0219068975239	-75.50701901666402	-113.27751640551642	-72.66916455362096	28.41028681847474
3.783333333333333	173.00502998800476	-2.609216723483476	26.70818818438976	4.929746135712107	16.348999230133437	191.46264980810795	-164.34603817991479	-21.81129528366903	-176.62184839668606	140.19788184495724	-18.188968390035505	4.267341445407725	-101.00982182970507	-84.04714922776813	-74.42449623694185	-79.23971796909063	181.0681576192232	89.26677106517009	-1.8378761290622405	89.04032120268799	-75.05781902883658	-112.49720158379007	-71.8113341661758	27.837793596503264
3.8	172.89151548358063	-1.5048022016160312	30.136572412350695	4.8874101407542785	17.057198009537974	191.8808480403489	-163.9564534369663	-21.081013061658847	-175.7019077401667	142.0152204914432	-21.116914716759	3.8780328123565515	-103.80111432738089	-83.8301430656029	-73.89504079697889	-79.00814190384338	181.05816255307067	89.27084411071269	-1.9132379458366664	89.2666529435885	-74.7567891498968	-112.0059537099468	-70.61858086971047	30.05123230196127
3.8166666666666664	173.7138112788429	-1.1524534487013676	32.40599634011467	5.1165617904493885	17.30406245004722	192.36006333658625	-163.7286017468496	-20.679174927707443	-175.99825633381246	146.77225045648822	-22.042137831819762	5.364444690966205	-105.75841073424887	-83.75947053518951	-73.66334571553831	-78.56011750503444	181.05189145823493	89.27787415051233	-1.9585939202710487	89.3548592734179	-74.52067773654395	-111.66445853747514	-70.48860176518158	34.9817420878568
3.8333333333333335	171.23004693774453	-0.7594994571737043	34.86101769598632	5.6332182878337935	17.022411788742566	192.54164190058907	-163.86571833995177	-19.317273086585047	-175.02316459617307	155.6600061439967	-29.27727387053697	5.682372473298364	-108.04366725725521	-83.98098190939618	-73.75559815680957	-78.20646649034607	181.04179118857863	89.30083815048303	-1.9719710293216708	89.08169791003803	-74.5699589443567	-110.10739617715328	-69.51582935583765	45.62920132186454
3.85	169.03571582698675	-0.8664096981902054	37.19839909756045	6.109457888395923	16.379886904872066	192.5738745398547	-163.97163940072437	-17.799078906459428	-174.20615725684152	161.05463594496754	-31.276588324767197	4.934504623681834	-110.09743705003557	-84.2401541264901	-74.25295216139544	-77.99574414131669	181.03526129895	89.35751594252973	-2.035735554547806	88.51827293902431	-74.58283573438351	-108.37123415981276	-68.8758472531352	52.63804295861409
3.8666666666666667	169.88691083259798	-1.0957122623683828	38.272368098858394	6.889786482460691	16.39517673252185	193.42156448749736	-163.67296866350927	-16.30388284032529	-173.523051025198	165.62722054688268	-32.49167119436005	4.6537014134614205	-112.47626179593269	-84.3568473557655	-74.33707408438748	-77.24961431942226	181.02452209365123	89.28951015003989	-2.373286596266128	88.37690064582866	-74.41234825472392	-107.10050695109653	-67.83568536189892	58.69657094954313
3.8833333333333333	170.04077942260392	-2.578162132595183	39.77341648621019	8.177106485574111	16.177952671040828	194.08432633161843	-163.65458492917924	-14.977945754985395	-172.97917786663433	165.71088439909963	-34.379607999612034	4.561581073598472	-114.75215114186462	-84.59288717734059	-74.5877087570876	-76.5495167423071	181.0160792958903	89.26055660089094	-2.5811545688755833	88.57608077115412	-74.40569333913447	-105.47561815476168	-67.32582261571943	59.60595497145256
3.9	167.8058189078803	-2.568510504769646	40.93718218172302	8.694237370509603	15.810479286553017	194.37853548463855	-163.63063224008522	-18.494069322248308	-172.13624148117	166.7642984633456	-38.411210483201046	3.785720658855114	-117.02104746238936	-84.60960926514842	-74.97389629038703	-75.94835307519918	180.99783273199458	89.24060846573292	-3.108888814013135	88.29535122659337	-74.36054443298713	-109.10965644251549	-66.40496892204857	56.60441473429544
3.9166666666666665	166.80441993677525	-9.61564027634529	42.971898780929614	8.917678567083541	15.649677029810835	195.3802591795684	-163.26403643159233	-19.038564000923174	-171.59506917322855	166.82543190913958	-41.51528816007809	-5.002560172952675	-118.75928330406335	-84.32767330435435	-75.14397925168447	-75.29558453926423	180.95591343838416	89.22539801428286	-3.996490013450876	88.26871667955194	-74.09163812321917	-109.96745549924013	-65.42507679264291	56.36476421976524
3.933333333333333	170.91667683766846	-14.279196475137152	43.98774137177876	8.933625039136366	15.18503850548671	195.7737728647889	-162.93723433351107	-16.743513220124896	-171.77602457048948	166.79012604301712	-38.15558015589964	-7.608839419353989	-120.01047946703525	-83.98342859228387	-75.47746981336289	-74.9670199086248	180.84426365982844	89.21415348531238	-4.289928185011643	88.27855642674132	-73.72537965968306	-107.4455657302006	-65.12818673550684	57.62230713968658
3.9499999999999997	172.6235820907741	-17.2333967178119	43.84880274596745	8.994452033513756	13.995041877221704	196.20326815653058	-162.81144869111452	-18.17229890784195	-171.53029285368265	168.04252161766283	-37.138575358076864	-10.706271165449955	-121.02457383182947	-83.60504236722427	-76.68561711127303	-74.57279935114245	180.33770111834173	89.20962361753845	-4.762021632221323	88.25923944284708	-73.580126744346	-109.10234895535011	-64.88140914866122	57.13087092631241
3.966666666666667	175.47520007637792	-16.912842885014136	43.51058288454357	9.137566853006916	12.967269756368143	196.32404688829655	-162.90946661164625	-20.010331196207396	-170.80197042827336	172.85869373007407	-35.321827684403445	-10.417268634000969	-121.52741839859847	-83.57348614499281	-77.76096699274423	-74.45394748459752	180.06598190950672	89.21235669167669	-4.910278881913978	88.25384962114015	-73.65585297399132	-110.68438103027499	-64.47435279326436	61.44626357044303
3.9833333333333334	177.39479927390886	-17.181348863088203	42.979744128653905	9.398355051638768	11.98058650953371	196.323389013096	-163.09115912389026	-18.76813898094184	-170.26882423552274	171.23356729220382	-34.30066435391501	-10.989700046881664	-121.88231699483642	-83.76155109312366	-78.75768676606869	-74.4299310654694	179.92734177943663	89.2196452510854	-4.989184785807508	88.27173688085372	-73.8025163881853	-109.28076256515828	-64.18040179536501	62.706924631508116
4.0	181.12135254468862	-17.618119258174033	42.380840967158875	9.546219816456134	11.067305854558635	196.25993263720045	-163.37827308831544	-18.24543713996655	-169.84260383137308	173.20402641786168	-31.10072462292981	-11.131257338212885	-122.1082150173317	-83.72095651484233	-79.6510278019843	-74.4160464999157	179.83872797541906	89.23068018127462	-5.041607811781228	88.25849123750959	-74.06981581526477	-108.83750718551624	-63.94844528219524	64.34581061947578
4.016666666666667	184.5528646225048	-19.27716260273857	41.74651864084943	8.92071326627336	10.041805630662315	196.1397323431094	-163.60326478229635	-22.077510853673264	-169.89825255183524	177.86193960438942	-28.19265870209722	-12.394688067944088	-122.20548397829612	-83.19443987088526	-80.44885987960245	-74.38357085130309	179.732180992739	89.26033760790006	-5.215886501420254	88.26270616123315	-74.21092364717185	-112.52645893352963	-64.14625543231493	64.430140668892
4.033333333333333	185.4042812688728	-17.35395289984324	40.735795984848714	8.650880182414191	9.043655348501751	196.2298698356461	-163.66447210563098	-22.797299139573973	-169.91240229754703	178.5628719271803	-27.142570841239884	-10.20168336733061	-122.06613590615898	-82.79435916972771	-81.4014416326174	-74.27809662275234	179.68161643241112	89.36417334788239	-5.6516377132621045	87.78689586337575	-74.23300366686877	-113.25822912818187	-64.07377865604181	65.07848637310697
4.05	185.3750626208081	-13.852221949676121	39.09349564884488	8.509003687760393	7.752785753979476	196.18984606610445	-163.72148647003291	-24.698762094964824	-169.7958157817734	180.54839281345627	-26.666566485592725	-6.977501677107334	-121.5794309996699	-82.63961657754918	-82.7119402856681	-74.31107838001368	179.59914237437712	89.40003251294232	-5.818854518966424	86.59732489421638	-74.39919154557573	-115.18530820627286	-63.60669549164662	65.32213051786674
4.066666666666666	186.00323666335274	-13.575005274222578	37.384893567657016	8.441397299590403	6.9624962933506795	196.57095861952683	-163.61707369235683	-22.198902221675223	-169.80996851530355	179.93191768938553	-25.157431763913184	-6.2802479416483905	-120.4878594759589	-82.12051702347522	-83.75126775117569	-74.14399416332746	179.50399972320298	89.28943370709493	-5.739179853545396	86.22818066604177	-74.44514424860698	-112.79453345431607	-63.58295074338132	68.56651726209748
4.083333333333333	186.9213829948695	-13.238916579664895	34.583919935768044	8.397910913538672	5.590570094221962	197.12180523205953	-163.31297384024433	-21.723474362808066	-169.8479249804294	180.4225450344119	-22.50380495468843	-5.798693808142097	-119.10266948045997	-82.14571074690747	-85.39993508484628	-73.87490939035546	179.23793777638113	89.11398657068418	-5.647689056235528	86.03455028456064	-74.32284732144434	-112.47186353488176	-63.88854168262978	68.56451715320325
4.1	187.73489425589105	-12.45038032109685	31.33331800309407	8.352084586177806	4.432960523551649	197.7069176716092	-163.0630907384073	-12.755254308575232	-169.98940663274664	176.51294898252354	-20.229490199400963	-4.239649964933971	-117.84878677943833	-81.9209325983754	-86.7858616357644	-73.59304338382995	178.01997638661157	88.8215556862546	-5.737283514584291	85.46041241371405	-74.34903014271015	-104.18851383664163	-64.19431612906521	72.81221033372759
4.116666666666666	190.5584261703437	-10.959610446733421	28.02375957440837	8.37124444615278	3.0574942347596696	198.20124951453562	-162.6154744499145	-11.162438157079471	-170.35258269781676	175.78455876912554	-15.762409615733288	-2.514120705454476	-116.65857531652617	-81.92205211481236	-88.32508347997157	-73.34597985873208	176.04686399080697	88.52724625302262	-5.904932378658801	85.2794085540454	-74.190908743887	-102.49283500754912	-64.49416982836706	72.84096950397276
4.133333333333333	191.94520968389554	-9.057130294601093	25.941546284648382	8.366584482115165	2.242691510541912	198.66642004619467	-162.47340141245326	-39.16217450521728	-170.5326041584029	205.4776581705203	-12.879753272214899	-1.0691141960482673	-115.59641186532018	-82.09770990271396	-88.97674657616224	-73.02692808623055	176.05457371092538	88.38913432246876	-6.5452202275486915	84.63432279105058	-74.14806072567536	-130.91677435382795	-64.80771078410464	73.95336398416367
4.15	193.3241549828813	-9.31500187562769	23.47966980150372	8.398676447393077	1.5593201741948328	198.8361199113931	-162.0587859001236	4.253092091763624	-170.54055855067423	166.29703283841022	-10.150949870570448	-0.944480909302936	-113.87002923058196	-81.68672165743259	-90.11386715113645	-73.02397309411813	174.65526514992436	88.21177937813863	-7.340572593018704	84.54157494687345	-73.90506496897608	-90.54624936308092	-65.27191329322635	74.56592503071775
4.166666666666667	193.61497228956244	-10.671920754446033	20.831849834674788	8.187186768643254	1.00655277093054	198.71321333260576	-162.53980921895703	91.85008202837915	-170.63382925580592	75.43026572417342	-8.308011275162048	-2.2549266564399475	-111.97269408888346	-81.28108781617819	-90.87909418473522	-73.07533578135296	173.37424769476667	88.1886213739599	-8.060758872029384	84.118768983569	-74.2748233188482	-177.47048504984005	-65.37662518804345	76.41160917532912
4.183333333333334	195.70809746924772	-14.12385747749264	20.53892455367393	7.429998822080098	1.3947503710414615	199.1053762073474	-163.3832901187089	47.36359405936027	-170.41953185459607	130.18031191713735	-5.7904308270991045	-3.4344236835893542	-111.30180749940574	-80.35612917268168	-90.85721674378465	-73.04102860375909	172.4075176454521	87.87165759428594	-8.522522987428808	84.81043000182324	-75.85619753226158	-226.47287864635476	-66.35035523670093	85.27439748520194
4.2	197.43579742987097	-13.283894974557011	19.106904126546418	6.721883900926138	1.1027786928880075	199.3689304849914	-163.66849305760013	55.82592100904185	-170.09384919656458	123.3958981774577	-3.2649057506862893	-2.857813622446115	-110.28742264100542	-79.55572836999971	-91.36674117444193	-72.90542825918754	173.18170743266023	87.72060109955615	-8.10094945135252	83.96299691630027	-76.08442731888123	-216.67760133404636	-66.81508833163491	86.38051096020092
4.216666666666667	199.05729607068906	-12.485509709252387	17.138864677306955	6.298632631329134	0.7136612352063043	199.77811431879698	-163.6500861632993	77.19504208802292	-170.28649677948096	100.18634908256597	-0.2755178932050537	-1.2925695789313134	-109.10609706452676	-79.06842861377918	-92.10807829239928	-72.76375825335515	173.28263795009897	87.44471889616473	-8.227782615360363	82.38862318526039	-76.08172193390249	-195.44189985372046	-67.06819106338513	84.90112905601222
4.233333333333333	199.36035073479684	-10.266869920282971	15.116378119537558	5.882482648124259	0.5250839776777361	200.48751734345856	-164.68278577534804	62.186387523004335	-169.23057536516512	116.51566709744682	1.4296031732785461	1.1294330557757024	-107.8214928203537	-78.41428257861345	-92.51478977823925	-72.54426432413054	173.28252049872074	87.00853411692123	-8.77607673957629	79.78124473928152	-77.77000649752323	-211.0150226362591	-67.10385202048622	85.10290714765789
4.25	199.8722979057571	-7.96306491703763	14.267829476713924	5.6643263636389936	0.777656137080643	200.9945782226659	-165.27381356334405	73.26778875092036	-168.34774192802354	104.59510850927983	2.9638789326997657	3.8894383565840607	-106.97864564634247	-78.10720626343442	-92.48248216143656	-72.39157745940841	173.22137249149768	86.66319821159823	-9.56284909329998	78.1288393973774	-78.65973127287046	-200.12747898723228	-67.11421114841691	83.68636051629727
4.266666666666667	200.20843755398744	0.4342306881533826	13.695865580282016	5.2370625609372174	1.331716447884283	201.31007376257662	-165.7537072288206	67.31510906608646	-167.65135759860067	111.24131370678738	4.261833972180897	12.579529964830522	-106.11479839826815	-77.72527790494868	-92.34877748789248	-72.37709590141489	172.964805936921	86.30063102519244	-10.615726578199673	76.88091848692466	-79.49043533677059	-206.38967983336067	-67.11076540275347	83.19321314355918
4.283333333333333	199.72790285490595	6.128485019204948	12.602839161538176	4.7861729726363045	1.6472782970690116	201.8727749723401	-165.8809969276964	69.134364810273	-167.65029152875525	104.63885034452517	4.510647935643934	18.88466067170953	-105.27668123356506	-77.13070745680045	-92.33660467373348	-72.29903088861082	173.0668326568277	85.79759656674347	-10.555709423036333	75.35842096027932	-80.09269480122735	-205.10666243210486	-67.69652205165255	79.66622427229998
4.3	200.24348436817556	11.060737333421118	12.24106241473368	4.725623659145834	2.2057302280486035	202.6445352289338	-166.06249421091286	43.99928984450317	-167.5212036937428	125.49382465427009	5.913750457727339	26.109001426130163	-104.62065973762398	-76.8751324588947	-92.32866538463007	-72.03082345384206	173.1161174972226	85.39724009992129	-10.543943938614122	73.46120005704054	-80.66206313273202	-232.05515218931347	-68.08424585054256	76.28428060885736
4.316666666666666	200.82139286739235	14.086915358986284	11.692214020982194	4.346765134007155	2.6283852906556935	202.88117401617612	-166.2577654081426	41.08095825216187	-167.5113921752095	127.19778163374234	7.352233958525245	27.98626642148583	-103.98956503598194	-76.11059874825713	-92.31361950038713	-72.09395415450092	173.26726305707717	84.99841301937202	-10.536526524488604	71.99442547833586	-81.27397647560176	-234.32364908491058	-68.59998903772576	74.67173708206616
4.333333333333333	200.96953351588576	19.67759311917447	10.93969403488422	4.355996534285081	2.71012197275321	202.69834336916554	-166.88809509372106	38.097393139794185	-167.70081852380366	126.87457701809494	8.152322726656847	34.0535154241289	-103.1960440825724	-75.58638699419335	-92.34266460478395	-72.06564287159229	174.02697321558605	84.99947029784167	-10.504508669801979	69.79503404924048	-81.87990076374263	-237.26204722719518	-69.46398655182999	70.47970047702891
4.35	201.0915354747889	18.44022003864592	10.628446780251183	4.33417662093055	3.0820402039095303	204.04634443269825	-167.06909313648794	30.97019401323997	-167.98405344097011	139.046927346914	8.534772657549057	32.74381272413564	-102.61152437768806	-75.40325595618272	-92.42202565938481	-71.30842319469564	174.52358301154246	84.59694841706971	-10.595523415664623	67.46554206957431	-82.44976172374317	-246.10231814059375	-70.54182371570592	73.1013693289158
4.366666666666666	200.6026188189294	17.254595121279085	9.246147254889387	4.279030372612838	3.192693243703043	204.951060106216	-167.4492611161139	16.12029022286169	-168.08964726351684	159.82673649120218	8.723506982425759	31.809523210797934	-101.65146965319835	-75.14101806942494	-92.5711480123045	-70.78015099496204	175.5176281863017	84.26289252478597	-11.286978664182216	64.63061710605803	-83.1137377006595	-260.0301489710155	-71.54848141091323	79.66809401012925
4.383333333333333	198.70395784048037	16.2705191769913	7.85624018564235	4.26949390636906	3.2853777591216606	205.58649084804316	-168.35423818353786	12.718308837537261	-167.3735856280095	161.61370290587035	7.850690883223567	31.267429671186036	-100.86630586324753	-74.94899032659916	-92.85968637126675	-70.61253840450505	175.95027247973317	83.77629989220053	-12.189862798366315	64.05365893063029	-84.55272893349826	-263.49074253956525	-71.79275686485032	78.81457212531382
4.4	198.45435902945184	17.76082020277575	7.369267582259823	4.27955962855672	3.772264017676182	206.41153143985724	-168.85630523528695	11.325891914115799	-167.2683385379335	164.3868114022041	8.314220389790652	33.00629026301194	-100.1557809099684	-74.81742230307601	-92.80438879778666	-70.48566662311293	176.2063582925908	83.21482486077035	-12.63594951946892	63.338384257990825	-85.4994106769351	-266.16094612210503	-72.68003001556937	80.25263767052651
4.416666666666667	199.09460153557188	14.93159956413507	7.174427239841017	4.267729380065297	4.479418029961125	207.2004875980231	-170.4836693159968	11.773645803447176	-166.74857195916684	160.2866058038216	9.075776573062509	30.65174179721386	-99.73189974428104	-74.77914688015869	-92.77855624505298	-70.44557048600537	177.1486069569644	82.6956001123581	-14.310720114878857	62.35962315325469	-87.80166180842858	-265.72024867378167	-73.12219817255026	114.20462994037484
4.433333333333334	197.67395504853272	10.536692968628527	5.836338998052785	4.582056843618165	4.755730119763378	207.8226578313462	-170.60378883052184	13.035066721497529	-166.55961321775905	148.3850694802586	7.65376292566487	26.043523924541116	-98.81126071803378	-74.70479659305303	-92.99540681520897	-70.49567572332899	177.4095724141822	82.21449794354112	-14.76829277319712	61.55527871351608	-88.27219425925642	-264.6823719482436	-74.73477360296111	63.95899818386763
4.45	196.43446517926662	2.235656779973295	4.747071345500293	4.492526554303239	4.889841653001153	207.59684933551927	-171.27331442424276	15.676142136810022	-166.38952144157074	137.21666082876666	7.585304982603752	19.28565578115331	-97.93902461317035	-74.94426300979713	-93.0807207202815	-70.52000693883522	177.89416878533012	81.95480881236222	-14.590753289356096	60.458314227096125	-89.27822859365831	-261.8061001351197	-75.69673829496074	55.106288421306076
4.466666666666667	194.11408440581147	-2.9615680765554826	4.10432857286915	4.531805521731053	5.2805647233924065	207.88454786250966	-171.37352946381316	10.98349514048197	-166.2392301354795	139.5302638244838	6.658483243970018	11.714119897164633	-97.20885913941162	-75.22743771849386	-93.07619052116783	-70.54369810961958	176.8239359235556	81.57830359058019	-16.55039935053967	60.00141953080782	-89.83871894683277	-267.7559344090096	-76.05772181094038	52.697495416901496
4.483333333333333	193.69835533049672	-2.786211459464344	4.057752858311447	5.029796891204768	5.412331815492727	208.09940096948742	-171.63797517725442	8.772244921326294	-166.1373805996605	204.09271042882978	6.603503712117174	11.000631355229046	-97.01196466136724	-75.75764649725863	-92.99596863643123	-70.40836560251864	176.57965847564606	81.56569400774728	-17.301727207525747	59.32799979711552	-90.11798709996341	-269.80420598817966	-76.1830427135798	113.70449050565941
