PathFileType	4	(X/Y/Z)	C:\Users\dkfc9\Desktop\pitching_analysis\sports2d_results\rogers_01\rogers_01_Sports2D\rogers_01_Sports2D_m_person00.trc
DataRate	CameraRate	NumFrames	NumMarkers	Units	OrigDataRate	OrigDataStartFrame	OrigNumFrames
60.0	60.0	270	22	m	60.0	0	270
Frame#	Time	Hip			RHip			RKnee			RAnkle			RBigToe			RSmallToe			RHeel			LHip			LKnee			LAnkle			LBigToe			LSmallToe			LHeel			Neck			Head			Nose			RShoulder			RElbow			RWrist			LShoulder			LElbow			LWrist			
		X1	Y1	Z1	X2	Y2	Z2	X3	Y3	Z3	X4	Y4	Z4	X5	Y5	Z5	X6	Y6	Z6	X7	Y7	Z7	X8	Y8	Z8	X9	Y9	Z9	X10	Y10	Z10	X11	Y11	Z11	X12	Y12	Z12	X13	Y13	Z13	X14	Y14	Z14	X15	Y15	Z15	X16	Y16	Z16	X17	Y17	Z17	X18	Y18	Z18	X19	Y19	Z19	X20	Y20	Z20	X21	Y21	Z21	X22	Y22	Z22
0	0.0	2.7646369352177254	0.8393525880309382	0.0	2.761284547661752	0.8437329035349522	-0.105	2.800991986747296	0.45998312735325797	-0.0886	2.7412091185516902	0.05477274659074998	-0.0972	2.928471195893594	-0.009801649684303346	-0.0766	2.9017545136310594	-0.042916910145924345	-0.12	2.688115870121583	-0.025021185046960145	-0.0883	2.7752854656910517	0.8568397332979188	0.105	2.8196865547755245	0.4842898084601637	0.0886	2.76606880309045	0.10438505913956701	0.0972	2.9403946200749322	0.006667138123664151	0.0766	2.9394510564972443	0.02843594368278736	0.12	2.6831589225666956	0.017076808886882247	0.0883	2.824551423425968	1.3621365748577197	0.0	2.930886785765293	1.572043156006867	0.0	2.93081312068109	1.4229047432020563	0.0	2.796230796256628	1.2676458336111742	-0.2016	2.806685619058627	0.9867035518113801	-0.1613	2.964207691859926	0.8890272982795232	-0.12	2.7808258720894483	1.2987304513407865	0.2016	2.7975102330566894	1.0410253631692314	0.1613	2.9637779056179667	0.9462959744344556	0.12
1	0.016666666666666666	2.7645390977845294	0.8393909154068975	0.0	2.761218302998836	0.8437451634659179	-0.105	2.8008864773752498	0.4599969477632787	-0.0886	2.741529500329858	0.054901161709517074	-0.0972	2.9288089012700302	-0.009601449198690076	-0.0766	2.901862201355874	-0.04198966738620909	-0.12	2.6888528667677845	-0.024422063647494857	-0.0883	2.775086788390576	0.8568389151331258	0.105	2.819591358400523	0.4843022732074289	0.0886	2.765237028374139	0.10445021794731124	0.0972	2.9399930980091784	0.006996646345490284	0.0766	2.938094008386527	0.02919608592604664	0.12	2.682793294764055	0.01708771738320547	0.0883	2.8247400920635926	1.362101148833366	0.0	2.930932388485866	1.5719024796889933	0.0	2.9307745986202267	1.422877669140304	0.0	2.7963267775281175	1.267438828797806	-0.2016	2.8067787017897157	0.9867060165876345	-0.1613	2.964094410240178	0.8892260746219236	-0.12	2.7809893093608227	1.2987101916536963	0.2016	2.797764320682158	1.041227514571072	0.1613	2.9640386603120397	0.9479675970025984	0.12
2	0.03333333333333333	2.764149131400688	0.8395228993698111	0.0	2.7608023308081235	0.8437963152327552	-0.105	2.8005949960761107	0.46004955051199536	-0.0886	2.7424599107068035	0.055268796261522965	-0.0972	2.9296904692293064	-0.009179946731386807	-0.0766	2.9023009594884273	-0.040184657121160317	-0.12	2.6907533345857857	-0.023278424646647797	-0.0883	2.7745489516618638	0.8568542185944155	0.105	2.8190445372724935	0.4843393359904194	0.0886	2.762989239671673	0.1046592229121226	0.0972	2.9390896244065803	0.007677667750580583	0.0766	2.935518034584813	0.029921430818966185	0.12	2.68099900320787	0.0170743093362353	0.0883	2.826815277006037	1.3618145032794486	0.0	2.9314890363753765	1.570094756311115	0.0	2.9303541223065683	1.4225616081513033	0.0	2.7969741280997584	1.2659057769352946	-0.2016	2.807082573855757	0.9867140480051891	-0.1613	2.9637223952260463	0.8898381276954399	-0.12	2.7829438104837223	1.2985535417845093	0.2016	2.799766875916668	1.042284827040867	0.1613	2.965371146751271	0.9496515650513437	0.12
3	0.05	2.7640130451795413	0.8403461079479715	0.0	2.760759130622669	0.8445308068245299	-0.105	2.8006632188109193	0.46022390170129285	-0.0886	2.7443393496869004	0.05602665655339629	-0.0972	2.931511273342639	-0.008438820359540578	-0.0766	2.902806633488564	-0.03915371786559159	-0.12	2.6932610798791248	-0.02187896691585202	-0.0883	2.7737842855712707	0.8575624833699402	0.105	2.8181731489672694	0.4844663011891618	0.0886	2.7588868995290747	0.10511468267777975	0.0972	2.937384052774845	0.00918706339447016	0.0766	2.9341603714806914	0.03089905891788826	0.12	2.679453979367249	0.01690790883306585	0.0883	2.828731345277974	1.361218760451306	0.0	2.9323270296308093	1.5696921078294794	0.0	2.9314826037911343	1.4228958345445337	0.0	2.797899610497922	1.2657082501100525	-0.2016	2.806824781101125	0.9870955876015765	-0.1613	2.963943503356448	0.889638851011558	-0.12	2.7833028792271732	1.2988773566592953	0.2016	2.8014361713767397	1.043796513180386	0.1613	2.969578915660265	0.9554755941259299	0.12
4	0.06666666666666667	2.762973298712193	0.8406949779049229	0.0	2.759641601857851	0.8441470823840918	-0.105	2.800615551013534	0.46014162150594856	-0.0886	2.743915446796251	0.056509182181102735	-0.0972	2.932256239246386	-0.007934841069819495	-0.0766	2.9023359553451873	-0.03861335391711394	-0.12	2.692592293303949	-0.021491622411642416	-0.0883	2.7736646470907407	0.8570478256786195	0.105	2.8187387961818273	0.4844035483501874	0.0886	2.7590167254729594	0.10540240243265533	0.0972	2.9379145708196392	0.009846179473144229	0.0766	2.9343995720450256	0.03124471105724641	0.12	2.6790124589104973	0.016893442407935	0.0883	2.831447080219216	1.3617752517649624	0.0	2.9342518705513574	1.5690785138193621	0.0	2.933826702180366	1.4240260930988682	0.0	2.7986248508989453	1.264015129735427	-0.2016	2.806592707272889	0.9864555602768956	-0.1613	2.9647858762910473	0.8901895779004463	-0.12	2.785073771297982	1.2989602432357705	0.2016	2.802052100711566	1.043244753619977	0.1613	2.9729686949668874	0.9600094455501323	0.12
5	0.08333333333333333	2.7621665384279566	0.8407284813684833	0.0	2.7583565908874337	0.8445424004306517	-0.105	2.8003008064442514	0.45921819198022895	-0.0886	2.743232116801564	0.05664319210812113	-0.0972	2.9320782371715244	-0.007824118453695225	-0.0766	2.9025376768982363	-0.03839385385237276	-0.12	2.691066837214171	-0.022014930993946025	-0.0883	2.774571666140814	0.8565231500735376	0.105	2.8190455586463488	0.48354381240749394	0.0886	2.7592589750213157	0.10481756682683625	0.0972	2.939078472713467	0.00896555638597421	0.0766	2.9345827632306767	0.03058253224897066	0.12	2.6798834365438546	0.016992099672498387	0.0883	2.8358092365410266	1.363029795314221	0.0	2.934980894186557	1.5683338628724726	0.0	2.9363550806734118	1.4243240267443462	0.0	2.8002790489114924	1.264432611449929	-0.2016	2.8060452908801574	0.9858739445280702	-0.1613	2.965420135469949	0.8907127878406904	-0.12	2.7873688029168964	1.2989611616386316	0.2016	2.801224624942199	1.0437907187732458	0.1613	2.9715756616552764	0.9569867912703183	0.12
6	0.1	2.7619446308340914	0.8401460669200242	0.0	2.755079263745551	0.8440880765972114	-0.105	2.79955087793274	0.4581632786847261	-0.0886	2.741774081260206	0.05574178471254292	-0.0972	2.9312389503851186	-0.008550629192162304	-0.0766	2.902135862234924	-0.03865929476393373	-0.12	2.6903210042264445	-0.022200336483733388	-0.0883	2.7760166868193497	0.8553284233224263	0.105	2.820482316384054	0.48275658112028813	0.0886	2.7617294335486875	0.10448176454277522	0.0972	2.9403805945419337	0.00783456469888788	0.0766	2.935317829497667	0.030345387266494744	0.12	2.6805487715615444	0.01708708007721109	0.0883	2.83953482139616	1.3627441631211803	0.0	2.9396871745205266	1.5641033278573413	0.0	2.9397838844817397	1.420050572452449	0.0	2.803128758542374	1.2632034744060818	-0.2016	2.8048680843838674	0.9853857181046918	-0.1613	2.9670785259935015	0.891783223678737	-0.12	2.792444535488452	1.2989248152499056	0.2016	2.805783737287607	1.0426706742698455	0.1613	2.972534739762435	0.9531861359326859	0.12
7	0.11666666666666667	2.760889177537342	0.8396526954928479	0.0	2.7541375295490624	0.8436887080120241	-0.105	2.799352889117415	0.45781382531919734	-0.0886	2.7417440110043136	0.055109419189783	-0.0972	2.9310699414533126	-0.00882292219013478	-0.0766	2.9020070933309015	-0.0394937533195478	-0.12	2.690594038556376	-0.02221588195624853	-0.0883	2.7761734392254196	0.8544825879211266	0.105	2.8204357239673534	0.48325334719822627	0.0886	2.762318596355367	0.10399951710376355	0.0972	2.9405708586135195	0.006938284811824819	0.0766	2.935020198833697	0.030273717755915613	0.12	2.68026148907309	0.01720472407641803	0.0883	2.8428365980052694	1.3622433509224436	0.0	2.9499715172169583	1.5624461641984124	0.0	2.945464307778595	1.415435144111611	0.0	2.804554667061916	1.2624077932011277	-0.2016	2.8041002742511822	0.9839533560302359	-0.1613	2.967802386483081	0.8939308551612313	-0.12	2.7943734453167246	1.2973674249150695	0.2016	2.8060023611997638	1.0410990508956963	0.1613	2.972633122449157	0.9528113895460746	0.12
8	0.13333333333333333	2.760223661586962	0.8386946351479926	0.0	2.7520411178617707	0.8427047382120849	-0.105	2.7992372150090334	0.4583080100265213	-0.0886	2.7410791232042873	0.05341773513439227	-0.0972	2.9311522201399476	-0.009091145735545966	-0.0766	2.90201120716291	-0.03994840895773692	-0.12	2.690163106330321	-0.02237942108451893	-0.0883	2.7762241485156913	0.8532972095271887	0.105	2.8204715630375667	0.48324873231662285	0.0886	2.7633869572522234	0.10235123289111346	0.0972	2.9407740094616712	0.005372675878784136	0.0766	2.934792786962435	0.030005856705099893	0.12	2.6809438749134973	0.017232968771311488	0.0883	2.8438530925110945	1.360571787996708	0.0	2.954609562729234	1.5600597695845186	0.0	2.951136361213212	1.4103469981763732	0.0	2.805624275569219	1.2622712283136293	-0.2016	2.801989825597052	0.9835893099161045	-0.1613	2.966567615479753	0.8964306245016314	-0.12	2.7969730903598577	1.296849155278014	0.2016	2.8059909689989095	1.0394025580231852	0.1613	2.9711099341992853	0.9534869230823246	0.12
9	0.15	2.758339618265587	0.8375100017661576	0.0	2.749336305105076	0.8410601452232859	-0.105	2.7990924887041966	0.458229427915683	-0.0886	2.741499748414477	0.05198806815699118	-0.0972	2.9320804061977976	-0.0095462042716766	-0.0766	2.902623316216197	-0.040331956989250003	-0.12	2.689908482332012	-0.022681264481263244	-0.0883	2.77586113995408	0.8517697616158816	0.105	2.8206255806009617	0.48290801540811895	0.0886	2.7625841085333867	0.10032176183316026	0.0972	2.941093959336396	0.0045477591529052425	0.0766	2.934492022809368	0.029307894605760276	0.12	2.68087116468591	0.0173762431131166	0.0883	2.848320965715002	1.3560134963629245	0.0	2.9659800539608585	1.552618777170064	0.0	2.956014193124972	1.4046088587792076	0.0	2.8117548049158705	1.2589666677091937	-0.2016	2.799164271657887	0.9826641295226263	-0.1613	2.964872041818718	0.8996714637775144	-0.12	2.7999002319464705	1.2948989510515365	0.2016	2.8037872986430674	1.038848653837691	0.1613	2.9691482215676523	0.9563819818835408	0.12
10	0.16666666666666666	2.7558861389367877	0.8364072811933999	0.0	2.7445920790805065	0.8362627424959005	-0.105	2.7987204629775295	0.45570949295631225	-0.0886	2.7408344897711947	0.05029418593481442	-0.0972	2.932555256266391	-0.010569349331322114	-0.0766	2.9021442209374584	-0.04076800798682602	-0.12	2.6894804291171	-0.023076160526516606	-0.0883	2.776410940919728	0.8473060793532196	0.105	2.8221551852444007	0.4801494727388969	0.0886	2.7629816454764313	0.09629162838709	0.0972	2.9422912114385507	0.0025550313839411143	0.0766	2.9341355657976136	0.02783943533525428	0.12	2.681029842429521	0.01776610388367375	0.0883	2.8534320130443933	1.3541388228967344	0.0	2.9669923697184633	1.5501618044365535	0.0	2.956604722094618	1.4027456114512038	0.0	2.8150808150642237	1.2574363608035923	-0.2016	2.7963909959860866	0.9823476894562737	-0.1613	2.962719912405986	0.9009308366364023	-0.12	2.806758858335538	1.2920931190492053	0.2016	2.8050755731268495	1.0367655114503407	0.1613	2.9665418858165515	0.9623803854401998	0.12
11	0.18333333333333332	2.7543347306680075	0.8318650157790786	0.0	2.7411230230109433	0.8272446000724639	-0.105	2.797550161599014	0.4496915622986658	-0.0886	2.740148609577115	0.04660444153621736	-0.0972	2.933936571043397	-0.012862647364125998	-0.0766	2.9023580165488827	-0.04116902986818498	-0.12	2.68793102251528	-0.02352748748806993	-0.0883	2.777417502828019	0.8384287981629037	0.105	2.825819414144235	0.47375760166155434	0.0886	2.763558652250552	0.090198656278084	0.0972	2.943666480523546	0.0012653672808718153	0.0766	2.9337317449997546	0.02517051987583134	0.12	2.6832959422639586	0.017089038250378816	0.0883	2.860523611142624	1.3527535440426752	0.0	2.966704475596409	1.5461507881210923	0.0	2.9605670757797076	1.399050514936162	0.0	2.817547544146047	1.2540024503130622	-0.2016	2.7948095147505922	0.9824899312657864	-0.1613	2.9591373764914715	0.9018741133394985	-0.12	2.8118475312165527	1.2883894287605981	0.2016	2.8053136552726317	1.0315022021094393	0.1613	2.966121792950629	0.9609389837298518	0.12
12	0.2	2.7516864327783703	0.8296261842164074	0.0	2.739305098320419	0.8213065283189542	-0.105	2.7984456285299895	0.44481686395768233	-0.0886	2.739763762285143	0.04279556238189184	-0.0972	2.9362019609113097	-0.014107847033154472	-0.0766	2.9027035113441104	-0.041397680513705404	-0.12	2.688085244232182	-0.023763586053436786	-0.0883	2.7770190512836046	0.8303096924213782	0.105	2.827158495671363	0.46707755600936945	0.0886	2.760853512707855	0.08550284808741049	0.0972	2.944408113452377	0.0012805098713883217	0.0766	2.933603100463436	0.023891606825782577	0.12	2.6857760903435453	0.01666267581284342	0.0883	2.8693823896310606	1.354017497450148	0.0	2.9699514010047867	1.5426203980209412	0.0	2.9665204502111355	1.3960025759211256	0.0	2.821466536447606	1.2530977544281223	-0.2016	2.793488730610493	0.9816128686392107	-0.1613	2.95523580897533	0.9035890521251456	-0.12	2.8180766576988114	1.2891554161754082	0.2016	2.804747748080343	1.0307663912486429	0.1613	2.9661611875333067	0.9581497176119752	0.12
13	0.21666666666666667	2.7515040578203616	0.8309201649892461	0.0	2.7352800530373815	0.8261213249984805	-0.105	2.7977996261182296	0.44644905530714973	-0.0886	2.7355264409280684	0.042248226037937334	-0.0972	2.9334263030217222	-0.015477857251301005	-0.0766	2.9011014534272683	-0.04166290297474105	-0.12	2.684715841265764	-0.02430475771587301	-0.0883	2.7825394213796915	0.8354180839288621	0.105	2.8369372516367495	0.46829282087552654	0.0886	2.768368845911428	0.08655065083310866	0.0972	2.948284788740851	0.000794852386052633	0.0766	2.936076660121787	0.022939216756886913	0.12	2.6900592297344628	0.016036878319378597	0.0883	2.8766785187135704	1.3513820349388643	0.0	2.978712644976081	1.5360567424826406	0.0	2.9715016606109774	1.391913250891552	0.0	2.8277337899601687	1.25150503161305	-0.2016	2.792548081467359	0.9814523789186439	-0.1613	2.955203983455362	0.904664610684977	-0.12	2.82297417760045	1.2861923594488414	0.2016	2.8043237525682425	1.0340887878489873	0.1613	2.964477153457485	0.9576397428939115	0.12
14	0.23333333333333334	2.7494390657607104	0.8289045997058627	0.0	2.7274074608212735	0.8261018065531799	-0.105	2.7949874177747227	0.44738571392526355	-0.0886	2.7301379237988015	0.04037469030317116	-0.0972	2.928783936447194	-0.01702202492931708	-0.0766	2.896075581367044	-0.041972644856590635	-0.12	2.6794967661578064	-0.025034588967238744	-0.0883	2.7933284936677527	0.8339884571649943	0.105	2.8476862827349767	0.46749259265814996	0.0886	2.7796595716427506	0.0859257642652227	0.0972	2.950041346015434	-0.0008091099637768523	0.0766	2.939798608821193	0.022101938914479244	0.12	2.695831547256988	0.01529615874136983	0.0883	2.8844074855710407	1.3479387377940046	0.0	2.986844438753791	1.5297287352968358	0.0	2.98586097927971	1.3906280192812097	0.0	2.8308836491770704	1.246091514145443	-0.2016	2.792093442624708	0.9794446511677959	-0.1613	2.956321344880745	0.9044790204345571	-0.12	2.834862433406504	1.280857145534508	0.2016	2.8101154917122706	1.0334851783691692	0.1613	2.966055097265385	0.957153199446396	0.12
15	0.25	2.7477555314342577	0.8270392500652914	0.0	2.720256499007279	0.8245632820586762	-0.105	2.7895567407288007	0.4465922411725155	-0.0886	2.727512514475362	0.03800434663572702	-0.0972	2.922871778496147	-0.017391174369686055	-0.0766	2.8904584948101695	-0.04173173705867424	-0.12	2.6765199221779237	-0.025427734327590143	-0.0883	2.7959089101193517	0.8320719277507104	0.105	2.8574974305131566	0.4649956762795554	0.0886	2.785697630464228	0.08384065675443131	0.0972	2.9503221642202613	-0.001747711359029111	0.0766	2.9425677456876027	0.021607614113343568	0.12	2.7101289305517544	0.01528222436599981	0.0883	2.893201228318887	1.344924390107293	0.0	2.998168175168795	1.524027967553267	0.0	2.9979230319486345	1.3858229151978219	0.0	2.833974681790962	1.2428125190021866	-0.2016	2.7917769024248704	0.9788263845675514	-0.1613	2.9558407002548113	0.9047684591500086	-0.12	2.8446115811062733	1.2777222341140968	0.2016	2.8117370661006307	1.0348575802923348	0.1613	2.9674874956453143	0.958523092826161	0.12
16	0.26666666666666666	2.7459579494968165	0.8264034756407376	0.0	2.713675864420339	0.8235218048531491	-0.105	2.783222333081962	0.44534760476569085	-0.0886	2.725059248228837	0.0372403514323415	-0.0972	2.9171268284312672	-0.018182389334944093	-0.0766	2.8828646190174507	-0.04168536670540916	-0.12	2.673278814968366	-0.02513093108354482	-0.0883	2.7982706276648863	0.8294155688419652	0.105	2.868806575771731	0.4639395294316692	0.0886	2.7912214565571665	0.08193653933434947	0.0972	2.9508152436910953	-0.0021515498716377784	0.0766	2.94380365208156	0.021587924652370777	0.12	2.7526798416169775	0.017737389446606855	0.0883	2.9003823832051836	1.3362722516277927	0.0	3.0100946448292674	1.5120703499445092	0.0	3.0100858070175653	1.3722681224708861	0.0	2.8315781721940882	1.2386413179380074	-0.2016	2.7908824316544054	0.9780364495689288	-0.1613	2.9572964001348456	0.9052116048711045	-0.12	2.864193961283378	1.2717367873446805	0.2016	2.828689417939005	1.036247148676905	0.1613	2.9743601479575696	0.9605732590586743	0.12
17	0.2833333333333333	2.7408151811538164	0.8258532871654652	0.0	2.705464990510983	0.8191859948204717	-0.105	2.780701168827122	0.44465602074050214	-0.0886	2.724800973625772	0.036053722182124236	-0.0972	2.9186254752201393	-0.018115479231027715	-0.0766	2.8844219270766907	-0.041395114141885014	-0.12	2.674426766786103	-0.02525989906943797	-0.0883	2.796276853778813	0.824822431748057	0.105	2.872467817652023	0.46336214165570233	0.0886	2.791521495281383	0.08119387986074172	0.0972	2.95063949069355	-0.0032166840492642845	0.0766	2.943650888519679	0.021653462075774108	0.12	2.732999275075919	0.017536510036760336	0.0883	2.9075735751315928	1.3271187009429855	0.0	3.018725688407479	1.5029309411745078	0.0	3.0210683380206915	1.3668972965837798	0.0	2.8292965952837044	1.2354850915764866	-0.2016	2.790068769944688	0.9764385908830768	-0.1613	2.955426396227245	0.907183632656781	-0.12	2.8896069393422783	1.2576404714629774	0.2016	2.8434668077920846	1.0310376622371498	0.1613	2.9782826621984997	0.9605434779470243	0.12
18	0.3	2.737616147115523	0.8239792478196556	0.0	2.70053720662556	0.816006486871861	-0.105	2.7782482790402474	0.44339217277781723	-0.0886	2.72158423677553	0.035392924352110645	-0.0972	2.917398770481601	-0.018150063763303304	-0.0766	2.881017392035414	-0.041474372790785585	-0.12	2.6721560741064243	-0.02555840705841321	-0.0883	2.7956053762848234	0.8218970511832174	0.105	2.8769394895947697	0.4625843464783634	0.0886	2.7926760605365017	0.08077130964515687	0.0972	2.9506906988791073	-0.0036576856157813087	0.0766	2.944705758683793	0.021223795978566398	0.12	2.7582089624712767	0.01861400648598105	0.0883	2.9146164065972173	1.319885778182356	0.0	3.0277300009101826	1.4899339648453331	0.0	3.032427629513598	1.355465777637455	0.0	2.8304040964113764	1.2318636790030553	-0.2016	2.7892775717936296	0.9748156505548676	-0.1613	2.9534801687727517	0.9055352490326932	-0.12	2.9049501919932452	1.2463292920532605	0.2016	2.8607608429475087	1.0285083958549366	0.1613	2.987521706243631	0.961673060195506	0.12
19	0.31666666666666665	2.733818895894334	0.8229415188219764	0.0	2.696198845721974	0.8128818801144985	-0.105	2.7760528894296326	0.44335516386714	-0.0886	2.7191180016974754	0.035585952798245016	-0.0972	2.9097686824849265	-0.018248871114505155	-0.0766	2.868544164986138	-0.042027247742481025	-0.12	2.6702491000360737	-0.02563418953687352	-0.0883	2.7945701471372315	0.8188314410149693	0.105	2.8812999098909438	0.4628743368818172	0.0886	2.7956230925061187	0.08234914452729022	0.0972	2.95232018877685	-0.003787222408225488	0.0766	2.9468751938187476	0.019774534335298452	0.12	2.7699304864592054	0.019221588484762714	0.0883	2.9256944991787264	1.3120572807951822	0.0	3.0473149764274123	1.4826989027445339	0.0	3.0474818667938526	1.3470580426371428	0.0	2.832162799998147	1.227243832065104	-0.2016	2.7879036544044205	0.97253671070638	-0.1613	2.949614620726568	0.9052704729072735	-0.12	2.9168252740803546	1.2389978388005929	0.2016	2.8710239479960937	1.0277336435404216	0.1613	2.990834074369926	0.9625389124407695	0.12
20	0.3333333333333333	2.7324099383512173	0.8222729185985012	0.0	2.6930605494093385	0.8113713292440555	-0.105	2.774995586576049	0.44337010821465284	-0.0886	2.7166275497499845	0.03713895869057302	-0.0972	2.901267816127543	-0.018285455877365853	-0.0766	2.858323979191239	-0.04277215651079619	-0.12	2.6682707404309345	-0.025545159641635368	-0.0883	2.795216607935764	0.8156839186392996	0.105	2.886777548103808	0.4632053205463079	0.0886	2.7987795410280882	0.08487720770378404	0.0972	2.9532782420229653	-0.0047262061831670615	0.0766	2.9483548205537558	0.01851022626609987	0.12	2.7743124163422634	0.02000805597818292	0.0883	2.9363122633919994	1.3009665417651037	0.0	3.062893719943941	1.468169461390441	0.0	3.06008066417778	1.3332539919920532	0.0	2.835350085383565	1.2213109518224499	-0.2016	2.787715422647028	0.9691057094405445	-0.1613	2.946688827512693	0.9052800164295797	-0.12	2.931831986244699	1.2311328803340003	0.2016	2.8844247041393274	1.0227683974782413	0.1613	3.0007914920241503	0.9636695865702292	0.12
21	0.35	2.7314920575917276	0.8213332262321899	0.0	2.6914546051788593	0.806039112228256	-0.105	2.775601496366493	0.44432121585256246	-0.0886	2.7157635757810508	0.0380771926511293	-0.0972	2.9002204777792677	-0.0183123033983784	-0.0766	2.8593690328616597	-0.04324712809829055	-0.12	2.66759877041991	-0.025583326276750265	-0.0883	2.796656495621749	0.8100409456716636	0.105	2.8919914864020795	0.4640187421443761	0.0886	2.7997648634260432	0.08831308924310988	0.0972	2.9547427979280316	-0.005090194181363167	0.0766	2.9513994353028417	0.01928555540447653	0.12	2.776170654721007	0.022596347431664304	0.0883	2.9461958974398956	1.2904950756640998	0.0	3.0862478072254778	1.4518313162936691	0.0	3.074077609660261	1.3154205545923054	0.0	2.840482589925522	1.2141297598505907	-0.2016	2.7865339170118895	0.9676626225623068	-0.1613	2.94576098722133	0.9055932702770397	-0.12	2.9420184994638316	1.22391551566198	0.2016	2.901924104713869	1.0218944543183033	0.1613	3.0136537719879217	0.9606157706038606	0.12
22	0.36666666666666664	2.727394992944139	0.8197395855950802	0.0	2.686884883785964	0.7993435604363477	-0.105	2.7765175513093197	0.44104963655394974	-0.0886	2.7154572295500627	0.03830330141822053	-0.0972	2.900841239031821	-0.018280447664885	-0.0766	2.8602218802990045	-0.04414216055393874	-0.12	2.667108778071606	-0.025656486200257705	-0.0883	2.795152722403366	0.8017998034140468	0.105	2.8974278566519507	0.4621140458761551	0.0886	2.800726425756235	0.09096553704588187	0.0972	2.955348803819663	-0.0049517091386410556	0.0766	2.9524596151202336	0.019455103523124365	0.12	2.778677203361155	0.023722635452200977	0.0883	2.956554876271668	1.2784691650207893	0.0	3.1055358866522136	1.4360812774844198	0.0	3.0906162282941763	1.296019019835579	0.0	2.8446112963867196	1.2069424056395932	-0.2016	2.785251017736619	0.9630046574512147	-0.1613	2.9482159561553263	0.9051146945065521	-0.12	2.956584834841642	1.2108548264654455	0.2016	2.9212520448328063	1.0201190139735525	0.1613	3.017657272397361	0.9559463996065788	0.12
23	0.3833333333333333	2.724319738316787	0.8161658448299888	0.0	2.676086640609016	0.7907410681655391	-0.105	2.7753799026418844	0.4376257529179758	-0.0886	2.713047021531853	0.03826859097322482	-0.0972	2.8935019747639434	-0.01876133344779772	-0.0766	2.8513293094273804	-0.04544212900515622	-0.12	2.6664945168447742	-0.026099205993523708	-0.0883	2.7899790529531043	0.7952454377931879	0.105	2.901068726751572	0.4598783121696447	0.0886	2.8018439232151655	0.09147141798238036	0.0972	2.9555580467296876	-0.004747321714357641	0.0766	2.953135453874514	0.018223718148390855	0.12	2.7848107006087646	0.022936935390126936	0.0883	2.9664931993863783	1.2694274281849758	0.0	3.116215975003306	1.4199579141867265	0.0	3.098582046765016	1.2862153587052205	0.0	2.853113877788324	1.1969420662928667	-0.2016	2.7832228790024205	0.9566130191404417	-0.1613	2.94374663331464	0.9066561194203746	-0.12	2.9623708155216932	1.2027456883076046	0.2016	2.9272115671322596	1.0198361544874504	0.1613	3.0179607866911766	0.9584219421664432	0.12
24	0.4	2.7222051500994966	0.8126312624883402	0.0	2.670591701578558	0.786787723018121	-0.105	2.773457610450756	0.43367950929098803	-0.0886	2.7117737392283225	0.0376248768093038	-0.0972	2.8857966636509684	-0.01938877737008045	-0.0766	2.844507676502557	-0.047293772028420514	-0.12	2.665805265850549	-0.02731753610216378	-0.0883	2.7861397718072975	0.7898251398461192	0.105	2.902380899398309	0.4587563933454013	0.0886	2.8005546127205263	0.0922564812292517	0.0972	2.9539118640269892	-0.0025735322288967938	0.0766	2.9529375968899987	0.020036100721769895	0.12	2.7853029243290677	0.02330009167626272	0.0883	2.9762468632528973	1.2560615352744517	0.0	3.128866319866503	1.3999136445578564	0.0	3.1024778231125723	1.2655465348313009	0.0	2.859709032347677	1.1863638547656405	-0.2016	2.7802955345880322	0.951256779442176	-0.1613	2.9402866170972093	0.9039198631029097	-0.12	2.9719273836616305	1.1906107236188328	0.2016	2.9287847546729857	1.01695475033662	0.1613	3.0185264651149937	0.9612495198781338	0.12
25	0.4166666666666667	2.7202345371787335	0.8103266521588078	0.0	2.667027495030162	0.7849084272636542	-0.105	2.7743896616658485	0.42933145409819207	-0.0886	2.710685240126799	0.036552108127258794	-0.0972	2.8839518798158488	-0.019955481943947487	-0.0766	2.843874757440359	-0.048484394825445226	-0.12	2.6648285920258017	-0.027773282874908378	-0.0883	2.783386056975064	0.7877837282315914	0.105	2.9069463036171794	0.45866147214778363	0.0886	2.797538897310614	0.09370381972327985	0.0972	2.951425745909121	-7.691070914464526e-05	0.0766	2.9507663369239836	0.02163112187911871	0.12	2.7865779652949763	0.024152168973150603	0.0883	2.9916285331685977	1.240053284164313	0.0	3.145158589498999	1.3773292159169592	0.0	3.1140045190566377	1.2442226110356713	0.0	2.871436621580178	1.1777155503942296	-0.2016	2.7769260974986976	0.9482695510425398	-0.1613	2.9351927630071546	0.901439681654217	-0.12	2.98761566232555	1.180006698184369	0.2016	2.9454341565886275	1.0112707468720337	0.1613	3.0202305379546823	0.9571127226750483	0.12
26	0.43333333333333335	2.7192562624132064	0.8067659839036135	0.0	2.6627894494242423	0.783068897982979	-0.105	2.7758176337560188	0.424738045884552	-0.0886	2.7103668311499898	0.03561767204677383	-0.0972	2.884206288249752	-0.020138074568877937	-0.0766	2.8425328448975113	-0.049464385923712245	-0.12	2.6639385683280112	-0.029424832599165673	-0.0883	2.781772362418389	0.7843038503705761	0.105	2.9115086517422357	0.4582925590559501	0.0886	2.7958037703631478	0.09363974341720825	0.0972	2.9463884195258414	0.0011206367767395559	0.0766	2.946131719410728	0.02384555296792029	0.12	2.785233689508995	0.025608592089363835	0.0883	2.9972564384107843	1.2228425082825876	0.0	3.1517192992546414	1.3518946824373776	0.0	3.118495264263542	1.2152733612016522	0.0	2.8756446188853855	1.167906672782587	-0.2016	2.7734248295911637	0.9417189123920748	-0.1613	2.9300865093224084	0.902514740208882	-0.12	3.0032568020983432	1.1624057849635727	0.2016	2.973152853095566	0.9940731198605539	0.1613	3.0229138966015534	0.9425047871892598	0.12
27	0.45	2.717770492400703	0.8039593161138767	0.0	2.659340351966041	0.7791296457750282	-0.105	2.7786004391906216	0.42379217041186507	-0.0886	2.7106440701940904	0.035916500593554286	-0.0972	2.8851751289603333	-0.02161666228522227	-0.0766	2.8415781761101644	-0.05019480689201555	-0.12	2.6646839310691357	-0.029576778349411956	-0.0883	2.781121272641846	0.7806091646596623	0.105	2.9142800311627743	0.45772570826049863	0.0886	2.7930065572567013	0.0956136193948442	0.0972	2.9343752088885493	0.003383180572022873	0.0766	2.9335163248009914	0.02509710010546741	0.12	2.779726727474023	0.0311169057155824	0.0883	3.0134040374368833	1.2044749805697814	0.0	3.1680254895728504	1.3264870160316935	0.0	3.1290948834124497	1.1832439356784066	0.0	2.886833803960933	1.1548100752385715	-0.2016	2.7701023707646732	0.9334137863298241	-0.1613	2.928132024123833	0.9015206232926412	-0.12	3.0096051359801215	1.1510602184597347	0.2016	2.9579865798184404	0.9820706839219726	0.1613	3.0195216614943603	0.9309532321545416	0.12
28	0.4666666666666667	2.715997187628416	0.7989900727545224	0.0	2.653736392303761	0.7760838662200232	-0.105	2.7800300282285257	0.42224879489024814	-0.0886	2.7103257701190544	0.03501888273817166	-0.0972	2.8828897595849763	-0.02246211814155409	-0.0766	2.8392420651864105	-0.05024214695068009	-0.12	2.665013209982226	-0.029864055746229135	-0.0883	2.780433597705105	0.7794648536700021	0.105	2.919447494905279	0.4568910951360543	0.0886	2.7884612670733513	0.09602020715594997	0.0972	2.924973362449084	0.0050142135373998226	0.0766	2.918220228573387	0.0261732928140182	0.12	2.7664685983820916	0.03451674458436518	0.0883	3.026699424047117	1.1881436131695626	0.0	3.1875648246543062	1.3017941583278645	0.0	3.1467861187947603	1.167149671080182	0.0	2.8973354688589215	1.1414494723217767	-0.2016	2.7624964548633826	0.930599096904655	-0.1613	2.9242932888128172	0.8967297055326195	-0.12	3.0289918732439434	1.125802065617362	0.2016	2.9522793459775194	0.9611495486997231	0.1613	3.0152353201521653	0.9023961004742143	0.12
29	0.48333333333333334	2.716803725636422	0.7940283596389721	0.0	2.6499966061145734	0.7735186836152823	-0.105	2.7814718749731195	0.41823182402278036	-0.0886	2.7091502163515697	0.03351262271296668	-0.0972	2.880307411336796	-0.02208537327604361	-0.0766	2.8383551874891046	-0.04811458660220304	-0.12	2.664594527976915	-0.029489117776244217	-0.0883	2.781640242214066	0.7738283652568606	0.105	2.923294046848252	0.4563983777748414	0.0886	2.7790706994495293	0.09532153701311503	0.0972	2.9165341477013453	0.005768797345757762	0.0766	2.9115412408106325	0.02824081113016387	0.12	2.745479345721524	0.03502024125759695	0.0883	3.037520119157892	1.1662615971755483	0.0	3.1992921380502746	1.2770594748421673	0.0	3.1628283451227994	1.1479602951285937	0.0	2.9022078700905127	1.1285725284835988	-0.2016	2.7558259475887423	0.9280561333288809	-0.1613	2.919299216301802	0.8810400946064172	-0.12	3.0423836593957083	1.0972324415038022	0.2016	2.9549994764820786	0.9477732848488524	0.1613	3.0142120468828324	0.8893317999182239	0.12
30	0.5	2.716694268041101	0.7880859877519056	0.0	2.6484061283892504	0.7697950878947039	-0.105	2.783611568499275	0.41724187819624603	-0.0886	2.708747182605103	0.034557220728786864	-0.0972	2.8802132338241933	-0.020155739367788125	-0.0766	2.8396513123246625	-0.04453887329837772	-0.12	2.6644867488832777	-0.028197373155653724	-0.0883	2.7813621588672097	0.7683732367654857	0.105	2.925437566709966	0.4563487077135694	0.0886	2.7683701818887054	0.09668934242676525	0.0972	2.8993665433633073	0.0064476874192297	0.0766	2.8968123548212676	0.030829336611712124	0.12	2.7371187508989827	0.03986566188718562	0.0883	3.0508476350788323	1.1468945452033452	0.0	3.2129113430497744	1.2496877739630425	0.0	3.1676921082337595	1.1222218823958892	0.0	2.912630548939876	1.1138448295366774	-0.2016	2.751909193920033	0.9278449451915579	-0.1613	2.915284316575905	0.8559942427583921	-0.12	3.055599859676462	1.081243366872771	0.2016	2.9601873347291736	0.9298663339855657	0.1613	3.013836743805378	0.8718634392657867	0.12
31	0.5166666666666666	2.7140069156523627	0.7795189275590917	0.0	2.646231526720539	0.7618308035284678	-0.105	2.7863706178247285	0.41638480796560257	-0.0886	2.707780782015309	0.03564939913088223	-0.0972	2.880860013510984	-0.017831557940624368	-0.0766	2.841299538571937	-0.04152304173140611	-0.12	2.663320872443396	-0.027907808857240424	-0.0883	2.779562730803348	0.7619925203866793	0.105	2.928887030787955	0.45692583804570297	0.0886	2.751169346957609	0.10082525117559002	0.0972	2.8849049122604007	0.007093791820786538	0.0766	2.882794483492587	0.03306352633421723	0.12	2.6905338608919527	0.048691860302445544	0.0883	3.0624947277364596	1.1292909000365396	0.0	3.2272383179930073	1.2215592087769576	0.0	3.1888929174956675	1.0952751002164947	0.0	2.923192043403224	1.0987915789444558	-0.2016	2.742605314313706	0.9307768538415278	-0.1613	2.9169062375638757	0.8454703150462373	-0.12	3.066793970284115	1.073263005733573	0.2016	2.9867182329778914	0.917596800899277	0.1613	3.011907711045154	0.8561045855336419	0.12
32	0.5333333333333333	2.714972856696355	0.7767678810249319	0.0	2.6490658307992088	0.7597632150191367	-0.105	2.788439459178585	0.4131698730235412	-0.0886	2.7080465282982873	0.03394463935166776	-0.0972	2.8821744892687873	-0.016483427210524246	-0.0766	2.8422218329971765	-0.04132111445458338	-0.12	2.663359275836849	-0.028524899250796487	-0.0883	2.7805827208731193	0.7567422501039037	0.105	2.9317917475659723	0.4574615267642185	0.0886	2.7328202743888586	0.10627599052184941	0.0972	2.874131545426571	0.00743587856233606	0.0766	2.8718241302534384	0.033462105716208654	0.12	2.6701341941466743	0.06971335887816131	0.0883	3.0759023586449485	1.1050333177874931	0.0	3.242255660494902	1.1952333400204422	0.0	3.2099873895224733	1.0711788764819992	0.0	2.9388614834750886	1.0790758963279279	-0.2016	2.7391753749588466	0.9324682053678034	-0.1613	2.907472586144686	0.8308817492484348	-0.12	3.078427424852137	1.0433718129168847	0.2016	3.002840500467112	0.8914459059774338	0.1613	3.0114268658903005	0.8318078630301405	0.12
33	0.55	2.7130841034862354	0.7738198194997231	0.0	2.6513086641931425	0.7609523264933366	-0.105	2.790582655862591	0.4102328153567186	-0.0886	2.7082539624203332	0.030987306428411965	-0.0972	2.8830414579002674	-0.015701185367514525	-0.0766	2.8434547856889085	-0.04061194616819712	-0.12	2.6618497585899323	-0.03014664460792582	-0.0883	2.777260887665149	0.7556642908641628	0.105	2.9332948646760135	0.4584211208528642	0.0886	2.7229537289849715	0.11706993263031318	0.0972	2.863728148784593	0.012830796711783374	0.0766	2.8560332941115805	0.03830789983410038	0.12	2.6613811503526184	0.08763960303782235	0.0883	3.0849440930841605	1.0813707370556898	0.0	3.2578965881053437	1.1601584190867187	0.0	3.2166920536529235	1.0305722171420257	0.0	2.9501587406861094	1.0657797972598728	-0.2016	2.7368352929274655	0.9394398903728188	-0.1613	2.901310193533265	0.8101808595955378	-0.12	3.087260765185317	1.0302641299599657	0.2016	3.0168044727700365	0.8607372038892005	0.1613	3.0134934947414425	0.789764412440352	0.12
34	0.5666666666666667	2.711588946175729	0.7699069695573422	0.0	2.6526390902821477	0.762941764345933	-0.105	2.793563348761662	0.4115254206462284	-0.0886	2.7094550765319134	0.030228298594540626	-0.0972	2.885309639397164	-0.016929277534955947	-0.0766	2.845692832290461	-0.04141335698300641	-0.12	2.6622678169190044	-0.02944608978901994	-0.0883	2.7765034297497686	0.7525045402887526	0.105	2.936061038539793	0.4589720461070468	0.0886	2.716918561779133	0.1258619021571019	0.0972	2.843385139790606	0.018380127611439548	0.0766	2.8322225422707064	0.04204964277574188	0.12	2.6563212760651926	0.0992361772015431	0.0883	3.095290197373987	1.0583990986567096	0.0	3.2678458768236918	1.1337402664202023	0.0	3.2158736837314876	1.0095369067142712	0.0	2.9569593483786676	1.0545073336036777	-0.2016	2.7324830038412338	0.9446594817511416	-0.1613	2.8820294220637703	0.8026518377523756	-0.12	3.09985295465166	0.9953089469493039	0.2016	3.020738390108981	0.8364357580700316	0.1613	3.015116380041042	0.7523118202115686	0.12
35	0.5833333333333334	2.713198130939146	0.7668457982277197	0.0	2.657161358972908	0.7654210903957837	-0.105	2.799069979377346	0.41422657995429624	-0.0886	2.7092078425001076	0.03096158858896869	-0.0972	2.8862395305393855	-0.016770707276200142	-0.0766	2.846321432856348	-0.04118544958872804	-0.12	2.6635359431462846	-0.028865771943178187	-0.0883	2.7815638565499796	0.7511894760330651	0.105	2.9403863729595106	0.4601696498155995	0.0886	2.7152648112922972	0.13275352840413754	0.0972	2.8502493297665294	0.018608096168947555	0.0766	2.844016342412706	0.04464517561804703	0.12	2.6543263373777712	0.1052362858789659	0.0883	3.1016378040733987	1.0383606140063686	0.0	3.275382330963576	1.1120171470252889	0.0	3.222258117731342	0.9872167634970317	0.0	2.9662862412034894	1.0386379220558526	-0.2016	2.7357834482547814	0.9577710532041982	-0.1613	2.839007619585982	0.778813858648004	-0.12	3.1083443981111007	0.9605554355343082	0.2016	3.0197363556678654	0.8042112566807698	0.1613	3.0166992467796567	0.7080375799940423	0.12
36	0.6	2.718511487606543	0.7592445383887089	0.0	2.6641010650854895	0.7585250838730524	-0.105	2.805863285099171	0.41684154398905393	-0.0886	2.7094264991252404	0.033460877401238126	-0.0972	2.8882498584129714	-0.017060041456151642	-0.0766	2.8481671917653193	-0.04092570234526208	-0.12	2.66496456241635	-0.028500599668896565	-0.0883	2.7967753648148097	0.7366362405887695	0.105	2.9459682886007976	0.4613907755322736	0.0886	2.7179915649599478	0.1409485083880506	0.0972	2.848658995362361	0.019338213671608068	0.0766	2.8328379067249045	0.045764964566025024	0.12	2.6507322227089976	0.11017370210046648	0.0883	3.110357772490949	1.0102534053490375	0.0	3.2856360715519086	1.085075207958425	0.0	3.2286770927281068	0.9585840016265974	0.0	2.977324585526449	1.0194303816060621	-0.2016	2.73996487872005	0.9698562132229918	-0.1613	2.800161916871935	0.75151619811251	-0.12	3.113568120703808	0.9352191067290193	0.2016	3.0312360015057447	0.7890300294146901	0.1613	3.017543085079087	0.6611440028125303	0.12
37	0.6166666666666667	2.7210371298249245	0.7502895651459581	0.0	2.665672829560658	0.7434017773780952	-0.105	2.808049032241549	0.40946878109861273	-0.0886	2.7096886309657218	0.03635185741371428	-0.0972	2.8873814653216607	-0.01645100308535595	-0.0766	2.848460607073144	-0.04157253513586276	-0.12	2.665257280848794	-0.028549017694430814	-0.0883	2.801259817711362	0.7253907295197741	0.105	2.9468042004298085	0.4608997514248553	0.0886	2.7196744257705197	0.14044011490760244	0.0972	2.865203193632845	0.019980491764455433	0.0766	2.8468733960072776	0.04230873155898712	0.12	2.6533912083825304	0.11165250402026039	0.0883	3.119759655329841	0.985987640213015	0.0	3.2981644347616497	1.0535313384184575	0.0	3.2331024417788847	0.922758340396409	0.0	2.9895542487371185	1.0033678390644964	-0.2016	2.7452888143489305	0.9849664176053168	-0.1613	2.7285907506407776	0.7743970631587891	-0.12	3.119073437529447	0.915118939290467	0.2016	3.047996075166737	0.7728433547303903	0.1613	3.0188507479000513	0.6269117968596144	0.12
38	0.6333333333333333	2.7251245757728273	0.7396454029411137	0.0	2.6662893464582265	0.7364854634821325	-0.105	2.815620552416848	0.40303466936151633	-0.0886	2.7110721895667806	0.03606816974096698	-0.0972	2.8839363086356564	-0.016181043569577475	-0.0766	2.84718580971775	-0.04027547361340679	-0.12	2.665460928249205	-0.029061426693355666	-0.0883	2.7955523526545076	0.7209897308348554	0.105	2.9462777320200026	0.46034825352220804	0.0886	2.727623147682992	0.1366042948588101	0.0972	2.855682636541023	0.029678875875382454	0.0766	2.8470708374667444	0.05020942161359272	0.12	2.65980296660548	0.11014834100700625	0.0883	3.133770044277155	0.9650963995747899	0.0	3.3196116749097793	1.0210744493394677	0.0	3.2333688107812186	0.8892306531185654	0.0	3.0008557602719166	0.9789909602843592	-0.2016	2.7505497258063607	0.9966353539169646	-0.1613	2.6859631363888194	0.7949207333480839	-0.12	3.125183199480894	0.896679167949181	0.2016	3.0518908492616457	0.7375960499138096	0.1613	3.0216362741733653	0.574670575431353	0.12
39	0.65	2.7335961845492918	0.7400831607434061	0.0	2.667579652535298	0.7353533276610857	-0.105	2.8247839025749375	0.4000244871978097	-0.0886	2.710831929700717	0.03308069519539403	-0.0972	2.8860000478759167	-0.014039792224482747	-0.0766	2.8471496738391684	-0.0379351937987379	-0.12	2.66470838771754	-0.029327259178294887	-0.0883	2.7988320784990726	0.7145613330223932	0.105	2.9629691358328696	0.46169051382451215	0.0886	2.733256214268831	0.13484621113191764	0.0972	2.856788348436143	0.034351444482194474	0.0766	2.84957509700684	0.06478594698305234	0.12	2.671919564790362	0.10413042398478803	0.0883	3.1512247788123453	0.9426076722790081	0.0	3.338204031983184	0.9995722667091989	0.0	3.2506103555373436	0.8687653891797118	0.0	3.0142472638069955	0.959713172018013	-0.2016	2.762724981918412	1.002761297769509	-0.1613	2.65315121553612	0.8394614138366762	-0.12	3.129226820720206	0.8730058729154159	0.2016	3.060800317361459	0.7260092120462261	0.1613	3.026094132932084	0.5477947945941106	0.12
40	0.6666666666666666	2.7310032417835473	0.7465021966832727	0.0	2.668221030219256	0.7433638498886119	-0.105	2.829177493966624	0.39866178799822927	-0.0886	2.7102977312607415	0.03152503804308815	-0.0972	2.886899510977308	-0.016632065061477658	-0.0766	2.845734526560057	-0.04048234295400542	-0.12	2.663880289975977	-0.02972414895850485	-0.0883	2.7953225541979805	0.7297177845522151	0.105	2.945405171828855	0.4666641300850675	0.0886	2.744932530979096	0.12366590953222815	0.0972	2.8879552761879785	0.043001956168177584	0.0766	2.8627529353958114	0.06472572203269597	0.12	2.6873475751032534	0.08488006985782541	0.0883	3.163108005348664	0.9149544126993338	0.0	3.3486023194926364	0.9648861443616953	0.0	3.2666375230800906	0.8363412426294884	0.0	3.03222322912889	0.9365660626519551	-0.2016	2.7786748515496633	1.0067991746970644	-0.1613	2.5828657110038424	0.8717858990462131	-0.12	3.1393561807891923	0.8511015185045336	0.2016	3.0667376614868926	0.7017048282895109	0.1613	3.032023642076283	0.5059844251122649	0.12
41	0.6833333333333333	2.733080350998861	0.7460971024270304	0.0	2.6762202226558265	0.745165632987818	-0.105	2.829765334558876	0.39380484011795924	-0.0886	2.710153205732308	0.029088937436957035	-0.0972	2.8899413572629236	-0.019832387758157724	-0.0766	2.8435336848222836	-0.04230875149832733	-0.12	2.6642236272481328	-0.03017412825833024	-0.0883	2.795311393714612	0.7308326911654096	0.105	2.9428821142736874	0.4705308855948512	0.0886	2.7751004118596314	0.12312509802635724	0.0972	2.9237639695346465	0.055269938433830774	0.0766	2.905168246011816	0.07527711174613679	0.12	2.739829068908075	0.07756269049377278	0.0883	3.1677242805989407	0.8953403199656245	0.0	3.353439223970251	0.9447962112593845	0.0	3.2755962526535787	0.8179741507385614	0.0	3.0483917604135717	0.9267336077346032	-0.2016	2.7887081608737154	1.0024341243809127	-0.1613	2.563677516468545	0.9521697785048118	-0.12	3.139825830306643	0.8170850323488008	0.2016	3.0768008245835863	0.6880505603051625	0.1613	3.03760897049978	0.4815450239812195	0.12
42	0.7	2.7366337308553215	0.740944287267013	0.0	2.679245512826857	0.7464023012803314	-0.105	2.839187317150046	0.388339105516083	-0.0886	2.7106872284907024	0.02712500526985337	-0.0972	2.890208399176434	-0.024677423903203682	-0.0766	2.8442507745525956	-0.04658143222554667	-0.12	2.6662790225487654	-0.02867786522781572	-0.0883	2.7971998698650946	0.7278245012449613	0.105	2.951038610358141	0.46145875527328417	0.0886	2.8007450764217565	0.12178703630386176	0.0972	2.9493374780037747	0.06349224724375863	0.0766	2.9342269334459448	0.08728909147477058	0.12	2.771602403489492	0.06772683317489664	0.0883	3.180988629820346	0.8761643522115585	0.0	3.360898966770875	0.9245664562187743	0.0	3.2795047720934996	0.8104526087142376	0.0	3.0492023960339827	0.9082935531348698	-0.2016	2.802892135620394	0.9964227280116282	-0.1613	2.553190093050278	0.9935684313748241	-0.12	3.1512446314586735	0.8110423883412184	0.2016	3.087492608640259	0.6652163764170893	0.1613	3.04274124815093	0.45418492270641864	0.12
43	0.7166666666666667	2.7386799417074412	0.7329491166214787	0.0	2.6816872419383277	0.7349058160380354	-0.105	2.851205031115563	0.3796402552719272	-0.0886	2.712971842223093	0.02598037278921035	-0.0972	2.8852261313453815	-0.02768736019114376	-0.0766	2.844793807167623	-0.047740214902420586	-0.12	2.667122194612242	-0.026904967726641915	-0.0883	2.802139563743919	0.7101769086804033	0.105	2.957112460444066	0.458992371812541	0.0886	2.834150489904594	0.12119492847284868	0.0972	2.9824754199306622	0.08365017294448385	0.0766	2.9660871563087814	0.10642619722929876	0.12	2.7989885217972983	0.06321249058154826	0.0883	3.1869525894294544	0.8566046782453478	0.0	3.36585068602176	0.9019987638462463	0.0	3.288713029036735	0.789244007859238	0.0	3.048971635973053	0.8899869691644987	-0.2016	2.832471809784552	0.9847858404132015	-0.1613	2.6090025529380214	1.052920185541704	-0.12	3.1604321331526037	0.7956531557950937	0.2016	3.0943995460357243	0.6561467080846047	0.1613	3.0594733052366667	0.4542145549386082	0.12
44	0.7333333333333333	2.737355158795611	0.7305711028603519	0.0	2.6862033027591483	0.7233805325989175	-0.105	2.860934077897214	0.37729930990630134	-0.0886	2.7182494456543966	0.02702712597254088	-0.0972	2.8820373266038812	-0.02752002813894544	-0.0766	2.8447113174749386	-0.04945813598987106	-0.12	2.6704233910131276	-0.023603637424758475	-0.0883	2.8011668214875747	0.7060739350123616	0.105	2.9580133836776814	0.4553653720135022	0.0886	2.8663193100618454	0.12091701975937663	0.0972	3.017765843498123	0.09897614106348801	0.0766	3.0001102556612413	0.11287904077611446	0.12	2.8282170959530197	0.06199679293842089	0.0883	3.1927152271049635	0.8342537660142406	0.0	3.372574728522573	0.8702064899696814	0.0	3.295695278329162	0.7623207792224669	0.0	3.057813660872508	0.8687755604065166	-0.2016	2.846365732619163	0.9820405176867316	-0.1613	2.6465188513077225	1.0876603715697133	-0.12	3.1630139337455696	0.7814752681392138	0.2016	3.1061540216692745	0.6448824285644712	0.1613	3.0694216893121995	0.46179415875460217	0.12
45	0.75	2.7402669449214674	0.7200833839418253	0.0	2.6931331359678197	0.7121493821496773	-0.105	2.874095564094371	0.37028278442678264	-0.0886	2.7194081048462713	0.02585346593815488	-0.0972	2.8757821090885978	-0.03021080172366028	-0.0766	2.839979904562656	-0.051816390716163216	-0.12	2.6701853651188916	-0.02208932301550187	-0.0883	2.80177838322896	0.6980699407094599	0.105	2.960546616763573	0.44165960004761684	0.0886	2.9079688898887617	0.11306285224446026	0.0972	3.0550145596008353	0.11561408170301331	0.0766	3.038525479105798	0.12616908527456985	0.12	2.880541081800759	0.05537514047630153	0.0883	3.2007251706349025	0.8127375157249853	0.0	3.3762048855295133	0.8393093493944055	0.0	3.2991094494568234	0.7368478843175693	0.0	3.072809409693934	0.8494474561187821	-0.2016	2.870642150733371	0.9803415911623851	-0.1613	2.6837049314048413	1.1219745059494532	-0.12	3.16495280068545	0.7562538304845814	0.2016	3.1218489620022813	0.6396987968919161	0.1613	3.0759447932587123	0.4780724362645053	0.12
46	0.7666666666666666	2.7450050764694662	0.7073955084698423	0.0	2.6947226028744375	0.7063590890445928	-0.105	2.882215989127509	0.36284460914721267	-0.0886	2.7198582754910205	0.02510731673723353	-0.0972	2.873627706898704	-0.028281229822198786	-0.0766	2.8384107338760494	-0.05340493920787427	-0.12	2.669378956703731	-0.021152665547596067	-0.0883	2.8033191673981754	0.6855057612297489	0.105	2.9569482274316723	0.44058088772148746	0.0886	2.9460779481426984	0.11387103527189131	0.0972	3.096048277479222	0.1309904615866662	0.0766	3.075831320879098	0.14114169589877565	0.12	2.9236905821010075	0.05243180194113615	0.0883	3.2062277569608133	0.7883343564869373	0.0	3.3860006846952073	0.8183990826339413	0.0	3.3075930651368037	0.7221459842970284	0.0	3.079179334413027	0.8464837676742557	-0.2016	2.913727007767358	0.9829792373616308	-0.1613	2.732540844618156	1.140450424631906	-0.12	3.1708845584831735	0.7344600727097181	0.2016	3.1321110893854294	0.6422560910055715	0.1613	3.0858390591467035	0.5130718193425245	0.12
47	0.7833333333333333	2.752401413563051	0.6955399377811693	0.0	2.7056911442920306	0.6861348773097027	-0.105	2.8897842103173206	0.3506731700512255	-0.0886	2.721559788513041	0.026367839111724897	-0.0972	2.8779371304720796	-0.02673244461866385	-0.0766	2.8430484332590815	-0.05207274692105518	-0.12	2.6689177659467878	-0.021312410696656056	-0.0883	2.8070583009700703	0.6696963842363478	0.105	2.962131549127899	0.4429421233462481	0.0886	2.9831017272841733	0.11929985242717317	0.0972	3.1356441002078443	0.14779222734497674	0.0766	3.1093417447597287	0.1551840227103576	0.12	2.9646088639157737	0.05550801782429145	0.0883	3.2147159605710134	0.782359370674039	0.0	3.3985784435743556	0.8050682996543609	0.0	3.316746769135264	0.7063768751291272	0.0	3.091231998120036	0.8426172430313504	-0.2016	2.9476881379745685	1.0013359757491793	-0.1613	2.7953343938030555	1.1608435067669285	-0.12	3.1769226543463165	0.7218023194310293	0.2016	3.1297384490017457	0.6514691373828685	0.1613	3.0964433565303566	0.5601504926408674	0.12
48	0.8	2.7545934930211025	0.6800796864238665	0.0	2.712152340982868	0.6712090927191575	-0.105	2.895232538054972	0.3427493459000743	-0.0886	2.7232269789941976	0.02799269893807599	-0.0972	2.8810195368195926	-0.02688554306139497	-0.0766	2.8525790180792523	-0.0527200937285391	-0.12	2.672151278643641	-0.020555316836026225	-0.0883	2.807566024881816	0.6606554275024121	0.105	2.9651715610425886	0.4372256203908408	0.0886	3.0105882149037213	0.12450166630834025	0.0972	3.1614002276759496	0.1587761143550872	0.0766	3.135933136245192	0.16482713536488372	0.12	2.999640707896862	0.059824978635779666	0.0883	3.2204089805408946	0.7731959253278289	0.0	3.403275451974085	0.7862903140596122	0.0	3.3128197967986606	0.687758860184581	0.0	3.1026458332961173	0.8415208515019477	-0.2016	2.9951506404637547	1.0241692614840219	-0.1613	2.83736339193066	1.1647346320336232	-0.12	3.17047029112304	0.7265812812835227	0.2016	3.058589522548193	0.626148609764922	0.1613	3.0828606404945607	0.5985779108493281	0.12
49	0.8166666666666667	2.7636336402256343	0.6678524045473679	0.0	2.726867660291886	0.6546752865517211	-0.105	2.894407253458611	0.3305973363047247	-0.0886	2.729332701468774	0.03165898526848421	-0.0972	2.883702724206051	-0.026565842708596854	-0.0766	2.8526395456632585	-0.04918915352592952	-0.12	2.6706214253056766	-0.016297020337349505	-0.0883	2.826199798930248	0.6514449041557387	0.105	2.9733417085975367	0.4390761238799188	0.0886	3.038129346534908	0.13419903243857562	0.0972	3.1714558755822937	0.1665020975058924	0.0766	3.1424794079743927	0.17503517877848915	0.12	3.033027477953998	0.06210369891327357	0.0883	3.228717660252215	0.7653853588157863	0.0	3.4171967945314377	0.7710096159936812	0.0	3.3297884638427786	0.6656534670604488	0.0	3.126904777392884	0.831000841576573	-0.2016	3.064198165594591	1.008658500553223	-0.1613	2.9187839610242095	1.1346465556365275	-0.12	3.1731555092448476	0.776532611668847	0.2016	3.0440229802375733	0.9825247423614786	0.1613	3.0288055370850713	1.1312276651259099	0.12
50	0.8333333333333334	2.7731582707171962	0.6540364085413979	0.0	2.7372325016544843	0.6394344295835905	-0.105	2.892996370188662	0.3142029743297098	-0.0886	2.733566246102054	0.0333756217210011	-0.0972	2.887897480090331	-0.02806727104279129	-0.0766	2.8576916797533465	-0.04807419844073832	-0.12	2.6708263405974724	-0.0158005209386093	-0.0883	2.8314015402573607	0.6405235457160324	0.105	2.9821857241022047	0.4394413937484093	0.0886	3.0584464886889964	0.12995785146361954	0.0972	3.172913867543649	0.16580350005108632	0.0766	3.1480043048176576	0.16967163060841217	0.12	3.0525918271313213	0.05539398973937386	0.0883	3.2466199046933606	0.7604739628724307	0.0	3.420101572609415	0.7698685125731682	0.0	3.3397929007356617	0.6629721083922309	0.0	3.1492875012861132	0.7871599393361998	-0.2016	3.066802276455589	0.8448791862182735	-0.1613	2.9718109594080246	1.1291323456368125	-0.12	3.1863753269233137	0.8414702329293138	0.2016	3.017767598638362	0.7493088614412435	0.1613	2.971833825380157	1.0863168903010505	0.12
51	0.85	2.779556683504892	0.642173324663979	0.0	2.7502058553026103	0.6293729993115215	-0.105	2.8887525466095036	0.29597396560308603	-0.0886	2.7384306517585477	0.03604483027210385	-0.0972	2.8916414473380594	-0.029156356434269504	-0.0766	2.861174443494578	-0.04704491551487362	-0.12	2.671905106929756	-0.014963406167012291	-0.0883	2.841433132926089	0.623344364751829	0.105	2.9878418760226855	0.4403522638862891	0.0886	3.0725385803722856	0.12332752062666005	0.0972	3.17291080181345	0.1569962357215532	0.0766	3.143986170475073	0.15766225022267077	0.12	3.0708120768698106	0.04021621827401732	0.0883	3.259422534392198	0.7617351821582824	0.0	3.428941412000179	0.7655219301498631	0.0	3.3522277408733405	0.6611507489671004	0.0	3.1653313326547288	0.7613086825905055	-0.2016	3.0603159930077495	0.9175749114221282	-0.1613	3.1974042895760526	0.7305050418081093	-0.12	3.1892292764620978	0.8478746257586877	0.2016	3.019802433616571	0.8046945370334846	0.1613	2.9927188376105334	1.037475212853889	0.12
52	0.8666666666666667	2.796913444712434	0.6282795626570498	0.0	2.770529590348209	0.6062667638442091	-0.105	2.885339189509268	0.28419798068367885	-0.0886	2.7429527771226287	0.039614814351658735	-0.0972	2.892820374476217	-0.02799144000713498	-0.0766	2.8605052407961282	-0.04486772930614244	-0.12	2.6763123802300663	-0.010636326054941136	-0.0883	2.830565752954385	0.6081815200725179	0.105	2.9967113083059096	0.43290173435361234	0.0886	3.081525611591977	0.10546676205870836	0.0972	3.1747334494560704	0.12633212925031517	0.0766	3.1475235620644906	0.13545799331385514	0.12	3.0803422080509986	0.025917421993854495	0.0883	3.2753673495983198	0.7684616672877804	0.0	3.446827818839527	0.7650583694017327	0.0	3.368335962307164	0.6765782927778226	0.0	3.1889693666133683	0.7636694438509948	-0.2016	3.1083296648049794	0.7040937298066045	-0.1613	3.2149495246314275	0.9098983478349065	-0.12	3.187388054710851	0.8496665625960901	0.2016	3.047163548774393	0.8248715508880032	0.1613	3.0190757536106814	0.9885913206349005	0.12
53	0.8833333333333333	2.808926604819216	0.6176346818907174	0.0	2.7861637690328833	0.5927021942848179	-0.105	2.879220238510006	0.26579615489317415	-0.0886	2.7477419604735385	0.041402415854779974	-0.0972	2.8936231454953485	-0.03017936574839844	-0.0766	2.8604703954865833	-0.045121455870874	-0.12	2.683151018838224	0.0016961878965007365	-0.0883	2.8767301841341317	0.59975761129796	0.105	3.007793848291323	0.42639946566556786	0.0886	3.0921846277497154	0.098509364079398	0.0972	3.182394905425765	0.08356745957001824	0.0766	3.165985741029334	0.10486488449639061	0.12	3.0838539246791887	0.026156394612177863	0.0883	3.2793286822373298	0.7535372810413263	0.0	3.4572692795188296	0.7650720327117814	0.0	3.366408213053622	0.6670821285469212	0.0	3.206319551948435	0.7422342562738816	-0.2016	3.241913920023123	0.8707203595835628	-0.1613	3.2485922331141768	0.9473962077147733	-0.12	3.175253062115847	0.8481419338263679	0.2016	3.090359292226647	0.9185472136904022	0.1613	3.0371206166015217	0.9505348012105088	0.12
54	0.9	2.8238008432919903	0.6124854753600013	0.0	2.80702143817189	0.5845036069819475	-0.105	2.8693259958732256	0.25311392014807776	-0.0886	2.7556208897312295	0.05246162436782349	-0.0972	2.8981880891526512	-0.03110545995823831	-0.0766	2.8628701345404997	-0.04316125453198401	-0.12	2.6908367251432415	0.010999492423010251	-0.0883	2.8905342684600175	0.5929902567482437	0.105	3.016992860799619	0.4242191106331855	0.0886	3.1007850417064486	0.09408601588683464	0.0972	3.194617143277367	0.037127701939094676	0.0766	3.1826229628290497	0.05978786664936638	0.12	3.083623643686832	0.02273582221906545	0.0883	3.301099297723462	0.7572851946644449	0.0	3.477198960419409	0.7731940305048396	0.0	3.3899550197523722	0.6755031796049206	0.0	3.2270817742003644	0.7326527028074281	-0.2016	3.250507134206815	0.9577505382100895	-0.1613	3.2757502025354266	0.8454462645949218	-0.12	3.190238033153303	0.8608768370064754	0.2016	3.11925618063259	0.9575663094576523	0.1613	3.0336736259992363	0.9716383875262552	0.12
55	0.9166666666666666	2.8377464442093343	0.6081863649424901	0.0	2.831617705745903	0.575051193889603	-0.105	2.849519203268841	0.25381596431090914	-0.0886	2.7658389507716454	0.07194663028030357	-0.0972	2.8933906074246707	-0.03566539726962291	-0.0766	2.858497823121973	-0.04253587629178525	-0.12	2.7010355592126745	0.022361670127726302	-0.0883	2.8823929428383317	0.5900451373725821	0.105	3.0205749078757407	0.42203213550048274	0.0886	3.105151473466781	0.0917452448370373	0.0972	3.1958394754194352	0.006082543357056991	0.0766	3.184046997384956	0.026594258349601024	0.12	3.0853861833215706	0.019586602334181524	0.0883	3.3199947187972003	0.7626606919491753	0.0	3.5090618979362995	0.7837840371730971	0.0	3.434104911355133	0.6840204223762564	0.0	3.2465971105693834	0.7375323622543675	-0.2016	3.2634322121483375	0.9126112628816435	-0.1613	3.382133947344961	0.7193936345906093	-0.12	3.1929224018538114	0.87342204420942	0.2016	3.1125292866830607	0.9820911153111425	0.1613	3.015169098721788	1.0239337941825708	0.12
56	0.9333333333333333	2.8369023614196482	0.6037472629560028	0.0	2.8600996583835023	0.5483909783302917	-0.105	2.8383735762930273	0.25347741918535865	-0.0886	2.7741413436828237	0.0869637897039728	-0.0972	2.8754134586932794	-0.03169577679698189	-0.0766	2.865783512611625	-0.04207309840458512	-0.12	2.7159439373264136	0.041082252456182036	-0.0883	2.8063097384527933	0.5971937409272121	0.105	3.0187881535535626	0.42432303491823076	0.0886	3.104028040002503	0.08981898036890466	0.0972	3.1950863688137114	0.0045833701087035356	0.0766	3.185011767991867	0.023099456159802537	0.12	3.086132367933847	0.01986757881995377	0.0883	3.340693567096351	0.7651547296055629	0.0	3.524688335484865	0.8058372694518179	0.0	3.458617099196367	0.6782674963415091	0.0	3.265990372658487	0.7116292437074997	-0.2016	3.2707853516325516	0.787497078523298	-0.1613	3.4055424973959303	0.6688673200190687	-0.12	3.2006499995946798	0.8899311311031631	0.2016	3.0894362799901107	1.0065090388645916	0.1613	2.974493819001019	1.04438718802072	0.12
57	0.95	2.845119190980659	0.594656024779138	0.0	2.8845266072113542	0.5153128917164187	-0.105	2.8382484182607217	0.251334333590748	-0.0886	2.7817025365467614	0.10687823829448463	-0.0972	2.8610890623380087	-0.03616490641805184	-0.0766	2.857956625732085	-0.03683846229302423	-0.12	2.733171635027627	0.051921149520989356	-0.0883	2.8034063620170238	0.6006155120905348	0.105	3.011626338595056	0.42296692881221987	0.0886	3.1028551618339457	0.09225719625937225	0.0972	3.190451829959843	0.0048206226345179765	0.0766	3.1832016115906834	0.023599885292860584	0.12	3.0870276213629033	0.021295476627795795	0.0883	3.3512786664208094	0.7901031592985478	0.0	3.5488768508476243	0.8290963119951476	0.0	3.49394893073034	0.7177666131074367	0.0	3.2803808584212604	0.6854087669953673	-0.2016	3.1368195497164093	0.6412067229751996	-0.1613	3.44374516415295	0.6313443609521681	-0.12	3.206571466999839	0.9085253575675819	0.2016	3.0684140530814554	1.0138159152901418	0.1613	2.9379419593728935	1.037589654175502	0.12
58	0.9666666666666667	2.866030605030401	0.591995193078162	0.0	2.9124140321825416	0.502317536504035	-0.105	2.843977879380996	0.22686483285688874	-0.0886	2.78628142621965	0.1437265678502588	-0.0972	2.7608090382256574	-0.03541611997747102	-0.0766	2.778767289712226	-0.024154520674565846	-0.12	2.7331234130258815	0.118725655728831	-0.0883	2.8092282857177087	0.5985345135439151	0.105	3.0132320458074524	0.41717566848065984	0.0886	3.1008685404015472	0.09037440468053758	0.0972	3.19047294792161	0.004822735935390246	0.0766	3.1824690720808273	0.022479834381958344	0.12	3.086816507287094	0.01821915856827211	0.0883	3.3628819130775898	0.8066571318029823	0.0	3.553438136237236	0.8537769675272773	0.0	3.511214198521083	0.7415003342284258	0.0	3.296922501744537	0.6524031498231809	-0.2016	3.2313199882099704	0.5571615941294372	-0.1613	3.2452462204107677	0.568382710634748	-0.12	3.2016103099198765	0.9313060370743309	0.2016	3.000490354558049	1.0105003322400123	0.1613	2.924195417252652	1.0261877489844402	0.12
59	0.9833333333333333	2.8782913839216246	0.5983651905518141	0.0	2.9293053549982093	0.5112647983797781	-0.105	2.8462896265056936	0.20951340802371665	-0.0886	2.782714088991648	0.1750020716314961	-0.0972	2.6649117535355082	0.016112076161471006	-0.0766	2.7128494978178987	0.014578441634539585	-0.12	2.7308571431005917	0.20425024977009115	-0.0883	2.8183472484437964	0.6060087343864785	0.105	3.018843814776798	0.4271843228117216	0.0886	3.1018872802673654	0.08523508131429196	0.0972	3.1947431604420427	0.005673690374000881	0.0766	3.183500280104224	0.023947341159527263	0.12	3.0832641386168267	0.01729994241038782	0.0883	3.359148991056418	0.8178581347413607	0.0	3.541977542608679	0.8795032969399271	0.0	3.481928329547429	0.7968782206869771	0.0	3.312235569557526	0.6398936207170125	-0.2016	3.383544958470974	0.45508173742840746	-0.1613	3.533590330307926	0.5308099056170363	-0.12	3.20201041095343	0.9416915537575005	0.2016	2.969272534554082	0.9992975887388981	0.1613	2.896365930935307	0.9995786302326922	0.12
60	1.0	2.9045392369241876	0.6005929287640228	0.0	2.9588557981033032	0.5152046088700527	-0.105	2.8498942306060315	0.20707277215060618	-0.0886	2.7861341943144495	0.20285395561050082	-0.0972	2.633118323492948	0.09189679062315458	-0.0766	2.6737145297219786	0.08220217604020136	-0.12	2.726418025910088	0.20792488054541752	-0.0883	2.841656317748804	0.6009505271168523	0.105	3.024468671851523	0.4268072982647718	0.0886	3.10165102275735	0.0864124322318904	0.0972	3.1958403778760855	0.005803164444656186	0.0766	3.18095318959992	0.022340620261225977	0.12	3.081896289616418	0.016603534067107198	0.0883	3.3534488623011844	0.8237447171980392	0.0	3.538657268318637	0.9072267577645318	0.0	3.4640343230491255	0.8283472444418317	0.0	3.3481783543834043	0.6076559629246202	-0.2016	3.4243903246388845	0.39457781655088975	-0.1613	3.532563346486003	0.423168210394841	-0.12	3.189999649724362	0.9479461160367885	0.2016	2.8970002132787593	0.9861274362051429	0.1613	2.8968881460613405	0.9483369035687863	0.12
61	1.0166666666666666	2.9050706841799414	0.6100891128001589	0.0	2.967355811172173	0.5251502911922823	-0.105	2.8506642144578143	0.20144054900775107	-0.0886	2.770081702005749	0.20250404599391425	-0.0972	2.603312683246609	0.1183333607629715	-0.0766	2.6493071086359317	0.11544371197983863	-0.12	2.706131258053889	0.22756788969999342	-0.0883	2.845703132520618	0.6111091843933728	0.105	3.0281157089466997	0.42794432192685944	0.0886	3.102617260722037	0.08896773553901638	0.0972	3.1976945022312497	0.007307129740222393	0.0766	3.182853326604654	0.02136892246885934	0.12	3.0806097948638507	0.013663854708536774	0.0883	3.333176980607787	0.8495120134004832	0.0	3.5421582132958833	0.9312862065128842	0.0	3.440095625421341	0.8534343994771475	0.0	3.3473926824926936	0.6623540762673334	-0.2016	3.4514011693054445	0.41752544720825846	-0.1613	3.5454072759801964	0.6294308065240211	-0.12	3.200328294923459	0.9547367461881076	0.2016	2.8908900545007916	0.9446384505392915	0.1613	2.963357441881843	0.8284575600567652	0.12
62	1.0333333333333332	2.9182213757625575	0.6206890799504657	0.0	2.9719221422592486	0.5368418401607322	-0.105	2.8526886718141733	0.19994336010011893	-0.0886	2.751454413100962	0.2109505884562477	-0.0972	2.5867022742458237	0.12316259795773946	-0.0766	2.615830293253025	0.1276354594763293	-0.12	2.687410044853002	0.26398311621021786	-0.0883	2.859837769216643	0.6210722581629784	0.105	3.038269583386416	0.4267966003190383	0.0886	3.1029488184101104	0.08526928011300369	0.0972	3.198934853369359	0.00619986428582063	0.0766	3.1866187102275405	0.022689135400744215	0.12	3.080786039601401	0.010797962970442276	0.0883	3.370087456297186	0.8447813525824226	0.0	3.546521482812114	0.9196640563848951	0.0	3.4587252677334672	0.851090935109053	0.0	3.3862659003797297	0.6268376545128795	-0.2016	3.482049002477006	0.4119100718083901	-0.1613	3.5973526696690343	0.6384202700231684	-0.12	3.195962170660668	0.9480009007255774	0.2016	2.9108488547992355	0.921270749884608	0.1613	3.0063020164427807	0.8366962618675177	0.12
63	1.05	2.933394185135028	0.6319137643485344	0.0	2.9808079877651266	0.5563803399672642	-0.105	2.8540227917193506	0.2073852822548598	-0.0886	2.7132747070231154	0.23078042772228868	-0.0972	2.570431634086016	0.12308610558000681	-0.0766	2.5867243975473255	0.14005883316728568	-0.12	2.660170695959884	0.2944599406185702	-0.0883	2.8712970503915534	0.6325026216055771	0.105	3.0443545676306853	0.42606168066093664	0.0886	3.102785406109736	0.08256678123600941	0.0972	3.198364650896368	0.006268406544685065	0.0766	3.1884384086303363	0.023302012500729677	0.12	3.082813624625027	0.01041044571421737	0.0883	3.381296849080428	0.8464682871588848	0.0	3.5479531669148336	0.9150607139779738	0.0	3.4686628536576274	0.8533064960998337	0.0	3.3875662751391586	0.6454944321856328	-0.2016	3.4860657796082215	0.4038114561039874	-0.1613	3.610765086159283	0.6385750664640559	-0.12	3.202818239016406	0.9471712844261326	0.2016	2.92978633716619	0.888230245781917	0.1613	3.0640790806017204	0.8375715140565644	0.12
64	1.0666666666666667	2.9420843754609756	0.6385002454722544	0.0	2.988058253169521	0.5653327541740972	-0.105	2.8542028853098547	0.2288067486733456	-0.0886	2.6852788744240392	0.2553978291378226	-0.0972	2.5643244238682046	0.1338108035092821	-0.0766	2.566551958305906	0.146454199398148	-0.12	2.6364020449109025	0.31659972517374746	-0.0883	2.886910324210938	0.6474958133492138	0.105	3.042881333981331	0.42839579954934426	0.0886	3.1020554267215408	0.08320584541568461	0.0972	3.1965686402429543	0.007804687717289954	0.0766	3.1893473660530396	0.02386773133214648	0.12	3.081141122550542	0.010438070375724931	0.0883	3.376225522599072	0.8503537264359435	0.0	3.5452662437089733	0.9186057309245943	0.0	3.4829839571440577	0.8651892804452905	0.0	3.367439780003673	0.6580283802479546	-0.2016	3.4363063873455735	0.46657172268991176	-0.1613	3.5372849108184257	0.6295933374399076	-0.12	3.2136199350825865	0.9476559144163957	0.2016	2.946263831054464	0.8551637595564331	0.1613	3.0870908353850783	0.8246394780690918	0.12
65	1.0833333333333333	2.95942703763319	0.6499847002348614	0.0	3.0043632988173115	0.5747500999567505	-0.105	2.852267663639838	0.24490531254345085	-0.0886	2.64885783293006	0.28919900436503454	-0.0972	2.5562027054131207	0.15273659155155447	-0.0766	2.5467471971210003	0.16892665600611362	-0.12	2.601392907204309	0.3401130938764583	-0.0883	2.9080803878814008	0.6562597863694006	0.105	3.052624175034597	0.43355733088057036	0.0886	3.102947606203129	0.08220784363123988	0.0972	3.195113045294216	0.0077259389852959715	0.0766	3.1864279876020514	0.021852112406351376	0.12	3.08201057579152	0.011036467360331967	0.0883	3.3731693215961593	0.8501241465111123	0.0	3.541439489063752	0.9192835159615238	0.0	3.480303472868901	0.8527856902238453	0.0	3.3627919590117297	0.6704957244519201	-0.2016	3.387668285219632	0.5366531838971598	-0.1613	3.2628738652347278	0.5428869288683151	-0.12	3.2158026992045454	0.9442787202914569	0.2016	2.956620534015904	0.841352011259958	0.1613	3.127029915063792	0.7990170520682885	0.12
66	1.1	2.9770935756964887	0.6703957637456772	0.0	3.018637153189498	0.5935903854237402	-0.105	2.8491483600195773	0.2685557798632571	-0.0886	2.6135632830532574	0.31986964379206034	-0.0972	2.5204430503646766	0.1677709454945097	-0.0766	2.507716292518354	0.18477246051998789	-0.12	2.5560291382602194	0.3714785749832164	-0.0883	2.9224705741228965	0.6799754379325397	0.105	3.06396594760535	0.43346322342093535	0.0886	3.104284005299713	0.08091612029747189	0.0972	3.1940436574104423	0.005614463839637082	0.0766	3.184708389892938	0.019109072823586967	0.12	3.08238537459306	0.011988613401436282	0.0883	3.3806917431342773	0.8612203990977118	0.0	3.5392592175982682	0.9144794325906453	0.0	3.485559478554828	0.8355045440972445	0.0	3.3670000311439328	0.7042414269632188	-0.2016	3.300714772576821	0.5970714433816493	-0.1613	3.2348140923497453	0.6614589768250232	-0.12	3.2276893667854165	0.9483138117974526	0.2016	2.985237906395309	0.8395424915832053	0.1613	3.1708744729195266	0.7964180843879893	0.12
67	1.1166666666666667	3.000363237266259	0.6843086504657422	0.0	3.030009108999806	0.617243726963075	-0.105	2.845068167578331	0.2978303363192612	-0.0886	2.5757655092676934	0.3533094716620254	-0.0972	2.496621431277137	0.20171965306003692	-0.0766	2.471267086969546	0.2243771122127314	-0.12	2.529214255646581	0.4058940854606347	-0.0883	2.9534968458314914	0.7043828640127472	0.105	3.0812648821839264	0.4378927890938467	0.0886	3.1094506654229455	0.07917909554227515	0.0972	3.193764875445777	0.006166559181551706	0.0766	3.1840650385957403	0.018321879782580597	0.12	3.084256014845784	0.013569035379816186	0.0883	3.387385179382362	0.8760818513283913	0.0	3.5380887951014617	0.917534345100989	0.0	3.5009401387525725	0.835403735051823	0.0	3.368726705155998	0.7117821821434779	-0.2016	3.210722931949569	0.5975039742191364	-0.1613	3.2251930852117603	0.6938964279711114	-0.12	3.236757000658153	0.9617525398653302	0.2016	3.0553937896516294	0.852756860777171	0.1613	3.192100618866169	0.7984927435811907	0.12
68	1.1333333333333333	3.015953655146667	0.7028231402527995	0.0	3.0562141377402035	0.6364138427198316	-0.105	2.8380543774416247	0.3301145030274653	-0.0886	2.5620652941575734	0.3893328478045169	-0.0972	2.455192906022264	0.2646915011337435	-0.0766	2.4338741041454846	0.2887316313270507	-0.12	2.514594118189952	0.44938490435817857	-0.0883	2.9684938869432216	0.7150158989935458	0.105	3.0967393626672703	0.4528254019415714	0.0886	3.110486427615677	0.08001435761936568	0.0972	3.1987939073601943	0.006905547074814444	0.0766	3.18536317151664	0.018126013762282928	0.12	3.0843703350793104	0.015072373629181096	0.0883	3.391358126557471	0.885253199242314	0.0	3.5343159254229266	0.9234189017142508	0.0	3.488872376555829	0.8517009527370654	0.0	3.369110220909618	0.7352187595622507	-0.2016	3.217574385708133	0.6284491130890089	-0.1613	3.217816813962494	0.7175039253447778	-0.12	3.242511170082225	0.9768505090469806	0.2016	3.0675798296124026	0.8667321982607005	0.1613	3.1934424045857805	0.8298088562672594	0.12
69	1.15	3.025535671451564	0.7171017627790708	0.0	3.0770854565165746	0.6501268890983148	-0.105	2.839132682539391	0.36143029646951086	-0.0886	2.549080143373867	0.43137102366799834	-0.0972	2.4104125322537353	0.31692399441442687	-0.0766	2.40161500433665	0.3402076998622956	-0.12	2.5127702671857852	0.5011110779769695	-0.0883	2.981262178443939	0.7292160470062706	0.105	3.1151279096176947	0.462090408874263	0.0886	3.1116191751817595	0.07888378106388987	0.0972	3.199110122583488	0.006527223298465432	0.0766	3.1868681503628338	0.01948490493577891	0.12	3.0846706689819046	0.016844992429937672	0.0883	3.3941383760688804	0.8960342922971957	0.0	3.530132831196644	0.9324517196487698	0.0	3.4757098092452923	0.8571525579767952	0.0	3.3708557859537827	0.7412823753781868	-0.2016	3.2240408045223585	0.643135380094368	-0.1613	3.2396424575925042	0.7260122691212872	-0.12	3.255610342346825	0.9875056538519235	0.2016	3.0754993328748617	0.8623046860788728	0.1613	3.1722706986144718	0.8843472788615231	0.12
70	1.1666666666666667	3.0448183777882334	0.7215423763775893	0.0	3.0954626865181507	0.6538779053558543	-0.105	2.8416210830022393	0.3927096844621157	-0.0886	2.5524614705787716	0.47867371555173577	-0.0972	2.3899067762634525	0.3601783054587995	-0.0766	2.39420251543306	0.38753496705968793	-0.12	2.5238586175451103	0.5348919117633234	-0.0883	2.9899977276638445	0.7376210321348644	0.105	3.1305686043731025	0.46953366756472525	0.0886	3.114187930983134	0.07734100782865257	0.0972	3.1996463174449987	0.003800846136509925	0.0766	3.1881106711755622	0.01887899606555997	0.12	3.085898419908157	0.017140206416589684	0.0883	3.399201761159762	0.9102442917636723	0.0	3.5268140555532526	0.9591467228404071	0.0	3.4700424250517843	0.8684172525166882	0.0	3.3710264333083573	0.7479727978073532	-0.2016	3.187950657449375	0.64497080728783	-0.1613	3.255357951576573	0.7063389228220553	-0.12	3.263657706622237	0.9961069799336877	0.2016	3.062788932251737	0.8604582178472164	0.1613	2.9288462110719187	0.9206168572314194	0.12
71	1.1833333333333333	3.0637535924669983	0.7220748533078345	0.0	3.1137435056533493	0.6567669288992461	-0.105	2.8575725730457746	0.4245563251943879	-0.0886	2.578040999764842	0.502685157676994	-0.0972	2.398940925431413	0.41271806866699584	-0.0766	2.40917986413672	0.42409536692268224	-0.12	2.5420813525649306	0.5743699221484176	-0.0883	3.0161350881042166	0.7389724883541391	0.105	3.140804834957031	0.4604424561839912	0.0886	3.1176186061438544	0.07793759929720873	0.0972	3.200073669698114	-0.0004268972318954706	0.0766	3.1896493548074556	0.01532745917391809	0.12	3.0865845066220183	0.018928500297483636	0.0883	3.3916213408946785	0.9195693569114767	0.0	3.523463157050248	0.9763231319328529	0.0	3.458770672432718	0.8974049554839161	0.0	3.378965044540698	0.757262096918926	-0.2016	3.2106691169980723	0.6546950860790877	-0.1613	3.255522481381544	0.7168228703284524	-0.12	3.2567239341427556	1.004276133829175	0.2016	3.0555698518782863	0.8656227758821977	0.1613	3.101027241931963	0.9376157321231581	0.12
72	1.2	3.086422818253833	0.7339597005346831	0.0	3.136297008393504	0.6644190438257149	-0.105	2.8777564425334425	0.4417703794434643	-0.0886	2.5959625787602403	0.5388626047885042	-0.0972	2.4102361134476813	0.4435078327540804	-0.0766	2.425832100142988	0.4557628940094591	-0.12	2.5678431637231944	0.6094377927880452	-0.0883	3.0351906788361567	0.7521353157370585	0.105	3.1478568808331118	0.45656533730733356	0.0886	3.1180526853710706	0.07483758205673564	0.0972	3.2016449715691713	-0.0047777390878679105	0.0766	3.186399293966799	0.01097607135275204	0.12	3.0880568865183617	0.019549802474541036	0.0883	3.389034571319025	0.9300671825595751	0.0	3.520798191298507	0.9894767913476332	0.0	3.455754986788004	0.9178733677452133	0.0	3.38117567926853	0.7760385216400162	-0.2016	3.203135143312277	0.6532419941902053	-0.1613	3.232647219982038	0.7220021741540499	-0.12	3.260268590091826	1.0170032568341225	0.2016	3.058884265930022	0.8723287961204698	0.1613	3.118979222689474	0.9337054152692789	0.12
73	1.2166666666666666	3.1047004961460085	0.742537068213395	0.0	3.1607883652489455	0.6754731500472635	-0.105	2.89393446302532	0.45482978603464586	-0.0886	2.6259955833294395	0.5710805609344884	-0.0972	2.45028290868515	0.47370625945844047	-0.0766	2.460561711335365	0.4915159232837106	-0.12	2.5933696329062896	0.640302730844524	-0.0883	3.0534332940180113	0.7633268642546366	0.105	3.150780487623179	0.4562526628575517	0.0886	3.1190732692521586	0.0752260461597658	0.0972	3.202759194206794	-0.005214532035433095	0.0766	3.1882336959853057	0.010348696414533301	0.12	3.08778409972595	0.020238143304665335	0.0883	3.3876857435406085	0.9517517732537952	0.0	3.5154230871057326	1.0295336161807331	0.0	3.451107158247537	0.9451088590672355	0.0	3.3924280206152226	0.8037349921255315	-0.2016	3.247330114380864	0.6521692976338961	-0.1613	3.252857261151917	0.7797937201132219	-0.12	3.263484540242525	1.0297047505252184	0.2016	3.0568465603830157	0.8755703851785214	0.1613	3.1439635163255146	0.9161804026529583	0.12
74	1.2333333333333334	3.1213768803401063	0.753306663548556	0.0	3.1780461455971944	0.6851280338218864	-0.105	2.9173407248035614	0.46721308894604374	-0.0886	2.6770348172679093	0.6050395824373137	-0.0972	2.5028785582578825	0.5108709240087113	-0.0766	2.5063982996973815	0.5321613831363493	-0.12	2.646255003855979	0.6682318006631314	-0.0883	3.0676554845186756	0.7694182679196697	0.105	3.1537602253078503	0.45685932419979147	0.0886	3.117770159172973	0.07614388478441622	0.0972	3.2006896833184078	-0.003776567602670061	0.0766	3.1857682876392417	0.009201621772039398	0.12	3.087053771610472	0.02173690591705371	0.0883	3.3927358339641778	0.9639222737593228	0.0	3.509792868769957	1.0420773334078643	0.0	3.4403178770940723	0.9597983559521754	0.0	3.401547516284701	0.8167102068958192	-0.2016	3.268629527919973	0.656884828467583	-0.1613	3.273255273917441	0.8445183803364564	-0.12	3.2704267950655694	1.0410832351973784	0.2016	3.0774675067895596	0.8920425382919628	0.1613	3.159724714557843	0.8958801603396847	0.12
75	1.25	3.1412725618221558	0.7603932010166663	0.0	3.196124325570047	0.6967937885444682	-0.105	2.9444767706323707	0.46977382630980363	-0.0886	2.736962686249639	0.6174735852531656	-0.0972	2.564178295794003	0.5431526663340349	-0.0766	2.5636501181626294	0.5628945384315647	-0.12	2.703306957491587	0.6820620455986058	-0.0883	3.083721232400724	0.7728754887134525	0.105	3.1582429267318006	0.4588772687555627	0.0886	3.1169809908394215	0.08008927897861859	0.0972	3.198678500477385	-0.0016240403737341341	0.0766	3.18738796112368	0.008950264384574885	0.12	3.0867939698610547	0.02398025871371494	0.0883	3.3879554156006804	0.9770635290137283	0.0	3.50432705655714	1.0601921508190713	0.0	3.435181935639079	0.9828077356546185	0.0	3.4048704082123633	0.8308841338117521	-0.2016	3.2958484411039874	0.6796488196184501	-0.1613	3.290490526819682	0.8347844470098711	-0.12	3.2684668807054926	1.0501955970115284	0.2016	3.0891230602984696	0.8995574228115696	0.1613	3.1595685543183905	0.8552897567741632	0.12
76	1.2666666666666666	3.1497411490079137	0.7591768052245246	0.0	3.2044407439310163	0.7005522023222989	-0.105	2.964307688547169	0.46350437115892473	-0.0886	2.7988074017836757	0.6171915153226254	-0.0972	2.6325961187450955	0.5590908752778941	-0.0766	2.6278923396926808	0.5771292265393339	-0.12	2.7742482596507525	0.6800531673234402	-0.0883	3.0937553864615213	0.7760539160242284	0.105	3.1591739483329433	0.4536466391227691	0.0886	3.1178878294400176	0.08322299801495368	0.0972	3.196422442571333	-0.0015299145063931985	0.0766	3.1832990647336366	0.009384261015211878	0.12	3.088350997341804	0.024633957110031746	0.0883	3.3911945335303932	0.9844383334108435	0.0	3.507076786599698	1.0719011901415905	0.0	3.439509604941679	0.9923429681394967	0.0	3.4148380248276915	0.8465772384420692	-0.2016	3.303669030888091	0.6899598295038636	-0.1613	3.301590352254608	0.8079061023453356	-0.12	3.2740127022809347	1.0580141022497862	0.2016	3.110228796173454	0.9263442754537933	0.1613	3.1274352505859784	0.8247854990393639	0.12
77	1.2833333333333332	3.1640926203233475	0.7632938255453963	0.0	3.2182112788208963	0.7052155779803211	-0.105	2.984128720414215	0.4441076870264304	-0.0886	2.866167741486882	0.6166655663858055	-0.0972	2.700319700751765	0.5773611611860509	-0.0766	2.7072323847672424	0.5878793538110001	-0.12	2.8385061786597614	0.6874025026511039	-0.0883	3.1055114010214986	0.7836079137682993	0.105	3.1626117433996677	0.4464948008699849	0.0886	3.118067923798295	0.08582252149352848	0.0972	3.1950520509579157	-0.0019370944789738054	0.0766	3.184171055594796	0.012003075014447667	0.12	3.087038354492568	0.025020427935870476	0.0883	3.3978233977231844	0.993974471573492	0.0	3.5112998153905246	1.0873127088983416	0.0	3.4458884927680944	0.9872825579165744	0.0	3.4205300420333984	0.8577423438087051	-0.2016	3.314754623237213	0.7031785423343717	-0.1613	3.303144790180625	0.788989608101299	-0.12	3.279723238929133	1.0632896539634835	0.2016	3.114279143329921	0.9261896215668084	0.1613	3.1609414747910307	0.8363695104607178	0.12
78	1.3	3.175817539141895	0.775874823919554	0.0	3.239635772905897	0.7127721279269486	-0.105	3.016636097052024	0.4200274094403649	-0.0886	2.927377994507962	0.5895300850234205	-0.0972	2.787259847821598	0.6160588099250256	-0.0766	2.8252695192105137	0.6077286398963507	-0.12	2.9191318802259056	0.6722192102907696	-0.0883	3.115225606543615	0.7889621521136679	0.105	3.1637595402104894	0.44107254190625644	0.0886	3.1198980870457125	0.08931585119372457	0.0972	3.1949329415356877	-0.0024986399538280968	0.0766	3.1862346911715846	0.012559726639735563	0.12	3.086452208961302	0.0250273810915978	0.0883	3.3993985080523164	1.00041817331884	0.0	3.508103415092446	1.0988243636746124	0.0	3.4495291415619023	1.0106865440183892	0.0	3.426764390245479	0.8675176661832803	-0.2016	3.32513049557365	0.6997378407461066	-0.1613	3.288112949138732	0.7657192063960884	-0.12	3.281630942371632	1.0642558620632772	0.2016	3.117926256868383	0.9314159561305353	0.1613	3.1717155685491654	0.8548207720663873	0.12
79	1.3166666666666667	3.1822214381055836	0.7839415559019731	0.0	3.25339313024843	0.7178943029499909	-0.105	3.0484166859244923	0.40256032115287343	-0.0886	2.9901317479214304	0.5809753017732893	-0.0972	2.806262843467922	0.6162786321486414	-0.0766	2.8523034405936443	0.6041871890723508	-0.12	2.9836777782756774	0.6712063195162925	-0.0883	3.1215100155490108	0.7929696475941408	0.105	3.163205088174163	0.43209262583849906	0.0886	3.1214485237005185	0.08995287231231641	0.0972	3.193828848019607	-0.0030244811303598157	0.0766	3.1845660895864847	0.011799353863828771	0.12	3.089676785583369	0.025132027125911338	0.0883	3.404489250965877	1.006265853923991	0.0	3.5083066598249464	1.1059966077073486	0.0	3.456716152758465	1.0178036402886168	0.0	3.4344695634455276	0.8777860282214167	-0.2016	3.3442174721656226	0.7118476791301541	-0.1613	3.2781877964999193	0.7652797122167425	-0.12	3.2814159894521806	1.0687356148642	0.2016	3.1168616237515705	0.9287807116407641	0.1613	3.170657910903491	0.8671749155918725	0.12
80	1.3333333333333333	3.2019020526927466	0.7959420184010545	0.0	3.270630073917982	0.7189829515062426	-0.105	3.123390413505759	0.3982275797889559	-0.0886	3.049919836677144	0.5587746847542884	-0.0972	2.8468799232920916	0.5636737359681032	-0.0766	2.8957183029129627	0.5536468060709425	-0.12	3.036339689095377	0.6345726901187567	-0.0883	3.137458269072958	0.7983865566671853	0.105	3.153390396049651	0.42172448635990145	0.0886	3.1216664080569543	0.08969268255954453	0.0972	3.194669788180281	-0.004641611092232836	0.0766	3.1853137948578016	0.011609006899052102	0.12	3.0904545325853534	0.02691965338636962	0.0883	3.4073744893084443	1.0078673684291795	0.0	3.5132545057408286	1.110949003162869	0.0	3.459054972103771	1.02384868265784	0.0	3.444612991262768	0.8786197666267287	-0.2016	3.3849323066598984	0.6935723674166151	-0.1613	3.293097179513618	0.8025619662578942	-0.12	3.2773400661043186	1.0704233733684045	0.2016	3.1152191998644265	0.929586466792425	0.1613	3.1978242716865704	0.8951571133129834	0.12
81	1.35	3.217169582127772	0.8016341931131892	0.0	3.2872305103800366	0.7318092699464721	-0.105	3.2090201844318407	0.42656045377684354	-0.0886	3.1377365130900783	0.5368148130366095	-0.0972	2.897036149181396	0.47897106622346647	-0.0766	3.007720990025303	0.4928842633644345	-0.12	3.105105850329757	0.5936587867716301	-0.0883	3.1490509051240196	0.8043999365655095	0.105	3.15004792849388	0.42909078581817106	0.0886	3.121306997573097	0.08870505518109596	0.0972	3.198201169635745	-0.005777728757130368	0.0766	3.183109604184689	0.011676886465964209	0.12	3.091177130103027	0.027967618616935697	0.0883	3.41106887132123	1.0095101694080775	0.0	3.519846207211431	1.115008986030272	0.0	3.465141220933133	1.0312239463573656	0.0	3.4556134441530517	0.881384155613385	-0.2016	3.380746571502909	0.6971767502796153	-0.1613	3.2978585918086702	0.7842548288907094	-0.12	3.2748667646070806	1.070049380253774	0.2016	3.1138471446788594	0.9267363006364033	0.1613	3.2007663970271443	0.9122984541241085	0.12
82	1.3666666666666667	3.2291920713933413	0.8204628665889365	0.0	3.304234530405164	0.7735068397774352	-0.105	3.2588225721193034	0.44818469165543	-0.0886	3.205770783227544	0.5150083964350985	-0.0972	3.007623896724837	0.46382425911458236	-0.0766	3.024889605823068	0.46739430010244376	-0.12	3.1353730214073146	0.561926128908368	-0.0883	3.1541345667190805	0.8130351005326294	0.105	3.1570403243362932	0.4283311098212377	0.0886	3.119894186942942	0.08769844184196915	0.0972	3.199149431282006	-0.004262708371762625	0.0766	3.1819965015651035	0.011380848294176918	0.12	3.0882053896009403	0.023919907275804855	0.0883	3.4078130166221077	1.007087770173051	0.0	3.5344961652075444	1.1139574678003514	0.0	3.467179708500324	1.0298345062041956	0.0	3.4670665659687856	0.8878512119320529	-0.2016	3.404690484914803	0.6929858781263384	-0.1613	3.3196651990095516	0.759690487637868	-0.12	3.270261092423198	1.0693148906795744	0.2016	3.114191282863275	0.9198901739803588	0.1613	3.205023860888258	0.8934678002820635	0.12
83	1.3833333333333333	3.2348210567162856	0.8322130951329176	0.0	3.3107354875134765	0.7739260502690174	-0.105	3.3090248408714755	0.4173205481124077	-0.0886	3.266024684162419	0.5042014574027105	-0.0972	3.167749819007312	0.40099979940264296	-0.0766	3.286137456154968	0.4633178866184957	-0.12	3.1930004652484274	0.561488307688055	-0.0883	3.161794541005624	0.808948051683545	0.105	3.162601271175081	0.42931714314655545	0.0886	3.1204584752230042	0.08684347326486853	0.0972	3.198799695666491	-0.0055754739173912715	0.0766	3.180297670286691	0.011816309895049434	0.12	3.087357979268579	0.021088936643699527	0.0883	3.419321908188892	1.0075402918168246	0.0	3.5276721408960356	1.1078070740347385	0.0	3.480402228282865	1.0294038831939212	0.0	3.4740021959920373	0.8934588269287932	-0.2016	3.432558885097491	0.6903201148243496	-0.1613	3.339118792899384	0.7552012652631022	-0.12	3.2694053080862826	1.0645176746640312	0.2016	3.105539203908004	0.9114911625473552	0.1613	3.2130255956518226	0.9026629961455356	0.12
84	1.4	3.238822686706073	0.8181907649674712	0.0	3.3169949583888827	0.765683448969268	-0.105	3.375487622426489	0.39333328395362843	-0.0886	3.2970725915682992	0.481651695152912	-0.0972	3.2935342900903417	0.37582573450434203	-0.0766	3.328642377274812	0.41531190371502846	-0.12	3.253409310210021	0.5419415874958003	-0.0883	3.1701708472371015	0.8026115263629993	0.105	3.1642624242631348	0.43059661918422926	0.0886	3.1197928209854786	0.08604203554848086	0.0972	3.1999395509459614	-0.005473741462556442	0.0766	3.1796316600337384	0.012749737008993012	0.12	3.0873919324258976	0.019903783428937297	0.0883	3.429047875680161	1.0131126908635637	0.0	3.53801679512761	1.1040503763644602	0.0	3.5072625211141335	1.012364341553686	0.0	3.487397018518188	0.8833418341398865	-0.2016	3.4581357992443134	0.688958321673504	-0.1613	3.3679028446523565	0.7310688850683216	-0.12	3.2658712415505136	1.0548087940999449	0.2016	3.103616356920419	0.8957027396296494	0.1613	3.2081918604300323	0.9143494404157274	0.12
85	1.4166666666666667	3.2393411894374213	0.8265465793335429	0.0	3.3190614582233398	0.7727954114157203	-0.105	3.404436101726019	0.5030426073580386	-0.0886	3.377836549273443	0.4322296450414689	-0.0972	3.4528870027298075	0.29015699302569065	-0.0766	3.4706015143850375	0.32046414024244724	-0.12	3.3133407920398423	0.467272618498261	-0.0883	3.170142842758462	0.7987253242681915	0.105	3.168779132411218	0.4327570945963735	0.0886	3.1196971791493064	0.08517899946389897	0.0972	3.2014885601986602	-0.0035734623780006303	0.0766	3.177924162433892	0.01332771221276971	0.12	3.0885301801778833	0.018837204512269543	0.0883	3.448119658057017	1.008372950362751	0.0	3.5427036546822657	1.102831289521026	0.0	3.5304043471989037	1.0090556579511147	0.0	3.500623761059665	0.8724700980493029	-0.2016	3.4941241337832185	0.6919490015894482	-0.1613	3.396900887962285	0.7271350429613599	-0.12	3.2787867563832083	1.0491150835085534	0.2016	3.1025135506584793	0.8749174450965945	0.1613	3.2165037211145506	0.9038542561582102	0.12
86	1.4333333333333333	3.2481288607985968	0.8121529829867602	0.0	3.3316943965581896	0.7743556940751786	-0.105	3.4306143097021007	0.49736600489683647	-0.0886	3.458013801832486	0.39042690915877015	-0.0972	3.552911793125893	0.21577504570973402	-0.0766	3.5702589048503426	0.2542254769682022	-0.12	3.4224335277249005	0.362411566947013	-0.0883	3.1789824512178657	0.8001646763424234	0.105	3.1759946641353203	0.4334508504981812	0.0886	3.1217224292913275	0.08564328123372325	0.0972	3.200561991140257	-0.001969247301038299	0.0766	3.1786686668174498	0.014915769745576526	0.12	3.0902948379953945	0.01820898685248258	0.0883	3.4565060067397813	1.0023855334565166	0.0	3.5581186609213016	1.0977466211044726	0.0	3.5352069159607993	1.0047518819685703	0.0	3.5217966787358312	0.8586667600897371	-0.2016	3.4947079296308625	0.6854545512657834	-0.1613	3.3136820504128837	0.3990893681518313	-0.12	3.284659160169602	1.0422837386770214	0.2016	3.110487419455385	0.8766118536674532	0.1613	3.237919938419192	0.8957758950283067	0.12
87	1.45	3.265676610542831	0.8069500174987284	0.0	3.3513111189312155	0.7672937291015374	-0.105	3.484310466671105	0.48929187930590146	-0.0886	3.5085090912814407	0.3478532853379317	-0.0972	3.632118597980656	0.1635987515567415	-0.0766	3.648023669192602	0.2044171299771826	-0.12	3.4694537413947604	0.3171876728555426	-0.0883	3.1900389391503667	0.7910496420107115	0.105	3.1815831658745455	0.4341905217919584	0.0886	3.1240675917717633	0.08612213314607073	0.0972	3.1995444091099268	-0.001585296184654042	0.0766	3.1784950613304748	0.01664692873365002	0.12	3.093330850919391	0.017469418009024032	0.0883	3.466699433674762	1.0023118992655042	0.0	3.5686525037715637	1.0944145714121296	0.0	3.5546523955899576	0.9991983119551086	0.0	3.527970648371381	0.8681563166713985	-0.2016	3.498939153037032	0.6661654169586845	-0.1613	3.3342198759028014	0.368566987517612	-0.12	3.2892497494590236	1.0392897178599116	0.2016	3.119639290663982	0.8694834458056243	0.1613	3.2614708040960396	0.8822529345964695	0.12
88	1.4666666666666666	3.275124547959652	0.8087105129014157	0.0	3.370057542327568	0.7725131334723842	-0.105	3.5289054408513056	0.48451343524210666	-0.0886	3.5608392070789248	0.29525637468234484	-0.0972	3.7112298173003166	0.11557810926721104	-0.0766	3.72589294604515	0.15230952437155706	-0.12	3.5530129820293195	0.2374910910042506	-0.0883	3.195608555576073	0.7911439182471741	0.105	3.189894948031438	0.43682921246275763	0.0886	3.1271687084977655	0.08888625091224983	0.0972	3.199203873318223	-0.001310536336081941	0.0766	3.175271352041683	0.017055337535430398	0.12	3.0958265854646285	0.01955510081338617	0.0883	3.4813110665368194	1.0003744146110116	0.0	3.5769260918048946	1.0899676579394706	0.0	3.565938608391777	0.9908288644815865	0.0	3.5429216258180873	0.8663397562441957	-0.2016	3.4814818409200217	0.631044666878686	-0.1613	3.3908999778985995	0.34763003516453594	-0.12	3.3050672400919745	1.0313550368785873	0.2016	3.1398963018650887	0.881234406682369	0.1613	3.275988661789317	0.8700009874122082	0.12
89	1.4833333333333334	3.290318651667871	0.812163146093426	0.0	3.389678862322545	0.7748152499452786	-0.105	3.5685677100202544	0.47148722485925165	-0.0886	3.626821105995972	0.24848372116222683	-0.0972	3.777368864555213	0.07853879430747283	-0.0766	3.8015162372894737	0.10801257377802342	-0.12	3.62900383741564	0.18269150815451213	-0.0883	3.2105360461384667	0.7925811191711009	0.105	3.197837629705708	0.44059331728979517	0.0886	3.1320242502490965	0.09237140280943318	0.0972	3.198632068081155	-0.0008515614380354697	0.0766	3.171782243471686	0.017842801153188967	0.12	3.0965637495378626	0.01883665113262087	0.0883	3.492567831163033	0.996979321646068	0.0	3.5856469867825504	1.0919769547510612	0.0	3.5839922127847927	0.9868268625857619	0.0	3.5569748400425762	0.8678564625792231	-0.2016	3.510696930353061	0.5746804729704802	-0.1613	3.4350681811103527	0.33194046768666174	-0.12	3.3257165549792758	1.0227292916005593	0.2016	3.1541397643276827	0.8860096258737726	0.1613	3.299032527886901	0.8409873939546143	0.12
90	1.5	3.3059292715136377	0.8076629980151149	0.0	3.410989852524736	0.7687705066016719	-0.105	3.6039086064464216	0.46280352091620547	-0.0886	3.6917408142607004	0.20072505428783166	-0.0972	3.84219850198542	0.043380962727026726	-0.0766	3.8552136086369866	0.07061006630795921	-0.12	3.6945665136591175	0.11764567243520246	-0.0883	3.2275815963859755	0.7868322211511483	0.105	3.207689502527908	0.44034952616758877	0.0886	3.134403973229139	0.09625862624818013	0.0972	3.198634952524946	-1.1599675512133367e-05	0.0766	3.173454487643308	0.0189564292544403	0.12	3.0965381841167803	0.02002178348882233	0.0883	3.4934747809614723	0.9966632596757272	0.0	3.588431064417111	1.0894555368227699	0.0	3.5901267581655083	0.9858392276784882	0.0	3.571876951060921	0.8743744630250296	-0.2016	3.5419739809397472	0.5627843790202928	-0.1613	3.4742672958763774	0.3217618245543069	-0.12	3.31824788739532	1.0096106949536936	0.2016	3.1701812746783107	0.8358669463646882	0.1613	3.3166023484747633	0.6586843303752694	0.12
91	1.5166666666666666	3.3212043991046225	0.8080540675056493	0.0	3.4277894418104937	0.766986936634348	-0.105	3.6305603879664803	0.4451288476733202	-0.0886	3.7615262322294316	0.15295892696592622	-0.0972	3.883868068869442	0.02956759964673855	-0.0766	3.902051523147474	0.04348923650947392	-0.12	3.7663221588050995	0.06761120550579969	-0.0883	3.243911347303361	0.7843335353970685	0.105	3.2174006731616345	0.43871735689335273	0.0886	3.135646310746175	0.0981979824324126	0.0972	3.1985660935880103	0.0009390798814424284	0.0766	3.1749631206677065	0.018394911349369783	0.12	3.098453370280725	0.020381340989983607	0.0883	3.515467319147815	0.9942808864409562	0.0	3.6064084998283166	1.09427084554524	0.0	3.5928133483069185	0.9938603292055734	0.0	3.6007789353384743	0.867124718538171	-0.2016	3.57479530076698	0.5497321579945812	-0.1613	3.5141271740815947	0.3253161534471363	-0.12	3.3348429277807226	1.0110295972915078	0.2016	3.1828822732369857	0.8189096297324516	0.1613	3.2958046859818455	0.6634486061997613	0.12
92	1.5333333333333332	3.3433644828481746	0.8119870774266518	0.0	3.444920457099257	0.7726028618910984	-0.105	3.649906998864196	0.4315884451826726	-0.0886	3.8214815071822112	0.11605258785100948	-0.0972	3.912552669665822	0.02655993341765933	-0.0766	3.943743170293796	0.02422385142457137	-0.12	3.83048354103512	0.03907702789524445	-0.0883	3.2610089547299634	0.7845765825444151	0.105	3.2289023634358753	0.4360096899084134	0.0886	3.1372171108258518	0.09671414272514937	0.0972	3.19946763551532	0.0011755392485136434	0.0766	3.1761036376201814	0.018095349477803502	0.12	3.0979363055524978	0.022122476673418406	0.0883	3.5357230949638225	0.9920766983476783	0.0	3.6144284597882628	1.0903692142912145	0.0	3.613842597655618	0.9910523246989564	0.0	3.6158600375052696	0.8643734841559172	-0.2016	3.5998919628102413	0.5703092077625753	-0.1613	3.5493846360115033	0.32070776272484464	-0.12	3.355840799432017	1.0038765362749706	0.2016	3.1877108158289986	0.8027687479358322	0.1613	3.3080565693557973	0.6615159032554165	0.12
93	1.55	3.3631994467025494	0.8102353648534507	0.0	3.46716582251421	0.7730449340062326	-0.105	3.6651858663122323	0.417081087436579	-0.0886	3.860373459337845	0.10029289607232364	-0.0972	3.9148660358312366	0.026022382064551985	-0.0766	3.9609466594332825	0.018916361191689365	-0.12	3.8822926474047836	0.024175974294881317	-0.0883	3.2797460602055906	0.7853766828097714	0.105	3.2402648947067996	0.4298389003465624	0.0886	3.1389915733098315	0.09862833676959318	0.0972	3.1995412286879716	0.0007195135295709476	0.0766	3.1766691926093227	0.018090660545971568	0.12	3.0995417596468173	0.02598888019849052	0.0883	3.5440875529669866	0.990246426564326	0.0	3.62065667445015	1.08475122482572	0.0	3.6181284084067973	0.9902277975679411	0.0	3.628710572418709	0.8642850214137657	-0.2016	3.628759735644581	0.6080061635710678	-0.1613	3.5843148429236233	0.3328411076977967	-0.12	3.3709958073399995	0.9964851388471633	0.2016	3.2120504720563363	0.8008154791471688	0.1613	3.317826881782246	0.6481681065792138	0.12
94	1.5666666666666667	3.3969484654739364	0.80403442482386	0.0	3.4966842397009774	0.7622374651458852	-0.105	3.6790159954581263	0.401995295169674	-0.0886	3.8891036170868674	0.08868434060221606	-0.0972	3.9280819217550613	0.004841698056186561	-0.0766	3.980837326815663	0.006913345079655658	-0.12	3.9218502521843006	0.015266001301992238	-0.0883	3.3038303729053426	0.7799650078583776	0.105	3.2494992058173677	0.4272268193093861	0.0886	3.140232396658883	0.0994434682552144	0.0972	3.199560848433416	-8.429524796213506e-05	0.0766	3.1757628664815205	0.01723495549451555	0.12	3.1002447811161753	0.028262734935849354	0.0883	3.5585615142020623	0.9877576868432012	0.0	3.629445651207911	1.0831637701675385	0.0	3.6299140485904378	0.9854273027751044	0.0	3.645862753975934	0.8618914919136162	-0.2016	3.650617269642802	0.618867197694445	-0.1613	3.6144028551294003	0.35887545394291703	-0.12	3.3787155594236187	0.9849603548715082	0.2016	3.219142958962616	0.7763168348132682	0.1613	3.3242939316664613	0.6339197484449706	0.12
95	1.5833333333333333	3.4284320484605333	0.7761260921044685	0.0	3.521762510501507	0.7427472582531753	-0.105	3.6958667087677615	0.3810109561066426	-0.0886	3.907376607633487	0.0803318500749613	-0.0972	3.94071269345983	-0.00925883975431474	-0.0766	3.996117848099327	-0.008990043142642096	-0.12	3.9432778570818843	0.0055391379314587985	-0.0883	3.329218154745722	0.7572157410815576	0.105	3.261505166217173	0.42543079116376203	0.0886	3.143055693081487	0.10024050264929191	0.0972	3.19952016427894	-0.0009009407934164604	0.0766	3.1729761803578804	0.015697163161116107	0.12	3.102401682327428	0.02910778452873987	0.0883	3.567323083449109	0.9854528183330391	0.0	3.6346400406909365	1.082596860204351	0.0	3.6410115924386632	0.9852604578876003	0.0	3.6616947897949235	0.8626804478486308	-0.2016	3.679340358278926	0.6239228910215056	-0.1613	3.636073184342647	0.36428625037467444	-0.12	3.3865490221211783	0.9716200489268827	0.2016	3.238990523715085	0.7672036470087875	0.1613	3.3317276188766907	0.6261036686308206	0.12
96	1.6	3.451094377425257	0.7487869123871929	0.0	3.547005543235163	0.7177428592206514	-0.105	3.70857905171531	0.36381046576164	-0.0886	3.9315175302225884	0.06837782485978317	-0.0972	3.9556015706196828	-0.0215404138781502	-0.0766	4.009407891340715	-0.0197706610277045	-0.12	3.964877167435049	-0.003173064853564278	-0.0883	3.3584059954536922	0.7372917809068263	0.105	3.2706205746805095	0.42157894530330553	0.0886	3.1447830673927832	0.10018492780625363	0.0972	3.1995746408344066	-0.0017518619149804043	0.0766	3.1717471487783446	0.01395861218334997	0.12	3.104148696463694	0.030624191797485073	0.0883	3.572962709746803	0.9829272479185518	0.0	3.639972478224432	1.0825297478757807	0.0	3.6536804170123287	0.9856542016995848	0.0	3.6713871629312096	0.8651001008352606	-0.2016	3.699095606354267	0.6099271508333665	-0.1613	3.668367450964312	0.35122602257333024	-0.12	3.3957203825086086	0.9657668048918853	0.2016	3.2567404664125505	0.752192456488737	0.1613	3.355006994261815	0.6229286875650157	0.12
97	1.6166666666666667	3.478486166826999	0.7233739464668125	0.0	3.574090743617144	0.6932870644107405	-0.105	3.720220361717582	0.3446283159257273	-0.0886	3.9432334756911187	0.05380437996166093	-0.0972	3.9620105792965106	-0.027016527428611464	-0.0766	4.014331063677955	-0.023489194162076427	-0.12	3.97457501111513	-0.006617830390460627	-0.0883	3.381966396004872	0.7146909772355314	0.105	3.2783995889051707	0.41463438235988875	0.0886	3.1463249614105853	0.09764612681711266	0.0972	3.199980441650701	-0.0027780336325447796	0.0766	3.17307415278314	0.012482006715690996	0.12	3.1076572342255795	0.032648516619861706	0.0883	3.584945626332366	0.9783924668962403	0.0	3.649213664599542	1.0820565986827246	0.0	3.6612084665475377	0.9848588534107244	0.0	3.700551042510252	0.856451234836189	-0.2016	3.713786916237166	0.6180420612564935	-0.1613	3.689288394832455	0.3633010640569928	-0.12	3.407868166785922	0.9615150826960137	0.2016	3.27056850052015	0.7294025836179224	0.1613	3.3801099961301317	0.5805719634823244	0.12
98	1.6333333333333333	3.5063504670815973	0.7002972955413223	0.0	3.597955139888038	0.6650212576902321	-0.105	3.7332778603612637	0.3404881794690054	-0.0886	3.9491319099467406	0.04990406578531534	-0.0972	3.9644507829113853	-0.029727247825760084	-0.0766	4.018594946609303	-0.02430207976152393	-0.12	3.9772589565556906	-0.006360975705074684	-0.0883	3.4071001923726296	0.6910640375994601	0.105	3.2846340373405862	0.40920142813791427	0.0886	3.146902941835678	0.0948854418410552	0.0972	3.200155830604182	-0.003179728306732049	0.0766	3.173809669404019	0.011904559831020262	0.12	3.111434415317465	0.03449097961095886	0.0883	3.5929878406058453	0.976314422527145	0.0	3.6530072745840365	1.0834459099533802	0.0	3.6594639971320433	0.9867889413360027	0.0	3.7088572938275446	0.846119644562507	-0.2016	3.729058264369354	0.6097775728822119	-0.1613	3.700041364593526	0.35171157640920536	-0.12	3.417780431857401	0.9534420274927523	0.2016	3.291527044952503	0.7223213649380177	0.1613	3.3887848601568478	0.5565700936412331	0.12
99	1.65	3.5358802954472437	0.6864144572114151	0.0	3.624837231341688	0.6511386737986631	-0.105	3.743290475746393	0.33633578173240997	-0.0886	3.9490742152560134	0.0501555325311317	-0.0972	3.9648752897263644	-0.03401559854385117	-0.0766	4.021887289972257	-0.023995711513296936	-0.12	3.9789105340831585	-0.0051983835087019425	-0.0883	3.4282761601921585	0.6755372165560731	0.105	3.293543209339882	0.4069330751391511	0.0886	3.1499788114036993	0.09381646705714766	0.0972	3.2007789634928736	-0.002847389540313869	0.0766	3.172560922924348	0.011868860107052945	0.12	3.1152571175170958	0.031120505611370433	0.0883	3.5979956910845896	0.9748805285675859	0.0	3.651533980288543	1.084317046282874	0.0	3.6632692436277448	0.9871573930664259	0.0	3.7171840940714236	0.8454413412424864	-0.2016	3.7402529873033243	0.6082526449887252	-0.1613	3.7147974438917406	0.3563850521213459	-0.12	3.4260270845061145	0.9483272537401631	0.2016	3.312782042056682	0.7061861942291768	0.1613	3.413266837579678	0.5414528143657579	0.12
100	1.6666666666666667	3.5606373203728507	0.6777394923845648	0.0	3.646664922466896	0.6445370932961669	-0.105	3.749376397488723	0.33925226382607593	-0.0886	3.947194082254814	0.05230025724011293	-0.0972	3.9660958379702684	-0.03755720964689799	-0.0766	4.022747562185161	-0.023869075790486	-0.12	3.978236325640869	-0.002379303497993035	-0.0883	3.449172214387455	0.6698752365677706	0.105	3.3060807601076885	0.4071566807450974	0.0886	3.157206910690401	0.09473261147115912	0.0972	3.2008103583600778	-0.0011607702948265436	0.0766	3.1522315261449	0.011696910377461886	0.12	3.1224209771708185	0.031004858894641177	0.0883	3.603165065811057	0.9725877129219584	0.0	3.651805793276489	1.0861848433360155	0.0	3.665873074215933	0.9859166856865514	0.0	3.7287477595957763	0.8394946693459115	-0.2016	3.7502821485248004	0.6047272904146371	-0.1613	3.718270016488417	0.34768208029553477	-0.12	3.434682826863028	0.9437908180385923	0.2016	3.3300591378921975	0.697093183792684	0.1613	3.4263511465970904	0.5099521202116547	0.12
101	1.6833333333333333	3.5677192870356906	0.6734497026961492	0.0	3.655185197684515	0.6372086452057588	-0.105	3.754801880615288	0.33732198411425285	-0.0886	3.9492117180512314	0.05048049115189808	-0.0972	3.9650772664250007	-0.03959889930748034	-0.0766	4.023191522346227	-0.024495111082049298	-0.12	3.9783644633485475	-0.0028443646667094813	-0.0883	3.4600048201519806	0.6632719793445528	0.105	3.3133854663690876	0.40209886725604127	0.0886	3.164571381026958	0.09401343537692607	0.0972	3.1996865403484067	0.0006228879267905219	0.0766	3.146776086420905	0.011394426425436158	0.12	3.1292037705688593	0.033297302844287696	0.0883	3.6052898912967235	0.9710937795454719	0.0	3.6513406064033	1.0884977902278454	0.0	3.6671989970391237	0.9856883639224938	0.0	3.734408968177147	0.8363080501498037	-0.2016	3.759451167124518	0.6068894395397941	-0.1613	3.7272954070363373	0.35213526196026956	-0.12	3.437932551721513	0.9352588720321163	0.2016	3.3405461902843494	0.6924696164931046	0.1613	3.4332890158392253	0.507338980593755	0.12
102	1.7	3.5768134532497755	0.6705803167215597	0.0	3.664285327865493	0.6340054751315942	-0.105	3.761427815575064	0.336961661842487	-0.0886	3.9479592022254852	0.0533024692546266	-0.0972	3.9670023005635864	-0.036952776465803444	-0.0766	4.025366462026106	-0.023895145321845113	-0.12	3.9770403517901998	-0.0018678750261015564	-0.0883	3.468516024980908	0.6617204247488301	0.105	3.3185343938658436	0.40046583881076186	0.0886	3.1676672108710786	0.09226836612597486	0.0972	3.198030871372058	0.0029542233603208623	0.0766	3.1445264104551245	0.011572502082660432	0.12	3.134972558529955	0.03233366898725351	0.0883	3.6088468181429403	0.9739484802205755	0.0	3.6522926900295998	1.0937394763829478	0.0	3.663344547245404	0.9880359483906656	0.0	3.7378851845063434	0.8411985532396355	-0.2016	3.7668763490790997	0.6052781571598427	-0.1613	3.7323696442796543	0.34894082683557925	-0.12	3.4422719078291317	0.9330449085257961	0.2016	3.352964330885395	0.6844070639721036	0.1613	3.4398540307266825	0.5010354099292544	0.12
103	1.7166666666666666	3.583541321137579	0.6680697541698022	0.0	3.6706563370445444	0.6296552616687118	-0.105	3.766759125386926	0.33475064875204463	-0.0886	3.9471199966971593	0.05597767506218594	-0.0972	3.964520663540702	-0.036095229244926946	-0.0766	4.024625924059832	-0.024289579581059928	-0.12	3.9761473909294365	-0.0009694903780627095	-0.0883	3.4769087939232275	0.6577388698861999	0.105	3.325141740310146	0.398183903318245	0.0886	3.170371193035578	0.08884519850759512	0.0972	3.1973720472774265	0.003829277210866358	0.0766	3.1444923731290313	0.011700185831379634	0.12	3.1375468235134454	0.03036307406334729	0.0883	3.611048174610931	0.9773518011673905	0.0	3.6470204557758565	1.0997357015998785	0.0	3.66767422401123	0.9986074969440477	0.0	3.7417812452387293	0.8457080056657876	-0.2016	3.7708582584692105	0.5983479877382056	-0.1613	3.7230032089292644	0.35467352973433175	-0.12	3.4469303798634314	0.9333546419006553	0.2016	3.3658284721768283	0.6854489599002558	0.1613	3.4434678584929004	0.4953143373666058	0.12
104	1.7333333333333334	3.5904656326720774	0.6640202926527752	0.0	3.675783225528052	0.6235554707393323	-0.105	3.7679543958361204	0.3354640681035508	-0.0886	3.947830317287855	0.055126884238265936	-0.0972	3.965475211150337	-0.039824215936784396	-0.0766	4.027211776322206	-0.02604964038801963	-0.12	3.976880878880272	-0.0020396595824815344	-0.0883	3.4824306824192544	0.6534748663996769	0.105	3.3294793164212697	0.3970520737021735	0.0886	3.169816588553217	0.08608818657485431	0.0972	3.197869082424499	0.003951603360484432	0.0766	3.1446485365487513	0.01167261230323996	0.12	3.13777863413347	0.027932578447842207	0.0883	3.6099465990790063	0.9781422647417066	0.0	3.643163503409503	1.105661330193148	0.0	3.6520461471179955	1.0055905042994018	0.0	3.746362629452032	0.8467568781284273	-0.2016	3.7697657319705336	0.598151815593953	-0.1613	3.7271461514333564	0.3529737590997606	-0.12	3.446105260142239	0.93290152392952	0.2016	3.374756515345706	0.6799366022813504	0.1613	3.4482843280742683	0.490865101939957	0.12
105	1.75	3.597863916645505	0.6635673176059047	0.0	3.681284938865064	0.6230781014947414	-0.105	3.771616483238775	0.33479538538387943	-0.0886	3.948083072604235	0.05354166484799616	-0.0972	3.967345944270619	-0.04104937781423254	-0.0766	4.027353156100135	-0.026068713485570993	-0.12	3.977175468660554	-0.004041564016754762	-0.0883	3.493243479204713	0.6514289249391911	0.105	3.331387440275874	0.39528855288492576	0.0886	3.1692356022717854	0.08506323148076061	0.0972	3.197770390622434	0.004333777357482735	0.0766	3.144336284745654	0.011973231319746855	0.12	3.137279217048116	0.026958813654621452	0.0883	3.6093582005508873	0.9802413103412247	0.0	3.6371615850932097	1.1132882923804415	0.0	3.6371321000920873	1.0134201325374308	0.0	3.746412431274619	0.8503234800117689	-0.2016	3.7691288066306243	0.6048436083848051	-0.1613	3.7268434332460356	0.36088932733792367	-0.12	3.447170006270891	0.9343063071586297	0.2016	3.3819891708685494	0.684679644329238	0.1613	3.4537190381479763	0.491964841677049	0.12
106	1.7666666666666666	3.599802000392518	0.6681176585685827	0.0	3.681199938624709	0.6315296920724716	-0.105	3.7734413844695815	0.33570577868426343	-0.0886	3.9498043318845895	0.051365086259169856	-0.0972	3.9671574640272036	-0.040103675421474805	-0.0766	4.027198643944322	-0.026930036996562073	-0.12	3.979133152266264	-0.007829391758598342	-0.0883	3.4970999817918536	0.6559936263825017	0.105	3.33458319660745	0.3970288637252774	0.0886	3.1689053370437317	0.08539699970540227	0.0972	3.1971847097710784	0.0048806672670407	0.0766	3.1445502429580143	0.012569894898342107	0.12	3.136887699042977	0.026784959487243243	0.0883	3.605064599342969	0.9883266136788709	0.0	3.6294028584921656	1.1225280343940014	0.0	3.6291732004016914	1.030354050879232	0.0	3.7477101903040837	0.8586203719399198	-0.2016	3.7651348014521986	0.6045029553639902	-0.1613	3.72648740135887	0.3606622708648516	-0.12	3.4433996873184207	0.9387785807170866	0.2016	3.385777400036153	0.6877918443713471	0.1613	3.455574473721914	0.4969149540993446	0.12
107	1.7833333333333332	3.6020354617663295	0.6710301785102821	0.0	3.683247866855135	0.6398797534617527	-0.105	3.7738646874931194	0.33780567541972195	-0.0886	3.9485259061168256	0.052589242853586834	-0.0972	3.965786126516038	-0.03760137905527183	-0.0766	4.025776910280369	-0.026850396803489135	-0.12	3.979783568486773	-0.008220613771715013	-0.0883	3.499364120159647	0.6604522273749293	0.105	3.334683824714986	0.3973806097377294	0.0886	3.1686600976135506	0.08619059500627563	0.0972	3.1950169128917674	0.005313403755457802	0.0766	3.1425085004095843	0.013282072921556753	0.12	3.1373176165896672	0.026430975876568216	0.0883	3.5989165272405614	1.0020277379638651	0.0	3.6215695888015205	1.1355091925911198	0.0	3.605643561151575	1.0510603877720848	0.0	3.7435724537654114	0.8711346813700687	-0.2016	3.7632481498344905	0.6126032693714712	-0.1613	3.72105445152159	0.3628397707124434	-0.12	3.442754899315373	0.9450790078828473	0.2016	3.3878730380722555	0.6888309976180936	0.1613	3.4574984786626803	0.5039344252906548	0.12
108	1.8	3.6040303004575014	0.6738802023767725	0.0	3.685338827944964	0.6417411534938728	-0.105	3.7742122584974145	0.33890455831189015	-0.0886	3.9489977445064457	0.05148738699244369	-0.0972	3.965773238511367	-0.03243417727535666	-0.0766	4.023962547379825	-0.026190468032854214	-0.12	3.980217026183435	-0.009429137906338952	-0.0883	3.503263449465534	0.6618917657126208	0.105	3.3327869458860904	0.39646913993601884	0.0886	3.168225539450135	0.08613868493355945	0.0972	3.1899698871498257	0.005990716735913254	0.0766	3.1396006732730646	0.014380358252154002	0.12	3.137445228661269	0.025017253085601363	0.0883	3.591065125618298	1.0125178378199038	0.0	3.60890842278787	1.1452998069835882	0.0	3.599360367728175	1.0596181259082202	0.0	3.7333359163457778	0.8874109964309149	-0.2016	3.7642810385702803	0.6378166154578505	-0.1613	3.720392774810719	0.3725573710491368	-0.12	3.437397339922651	0.9512112856464972	0.2016	3.387671203193916	0.6935170974260567	0.1613	3.4580851688567082	0.523903284335002	0.12
109	1.8166666666666667	3.6033922447434503	0.6733430217324267	0.0	3.6847111687905496	0.6427737013248713	-0.105	3.7756681053935397	0.3410739429317555	-0.0886	3.950877745442992	0.050888035186883646	-0.0972	3.963973688225132	-0.0252081056154769	-0.0766	4.020225818413995	-0.024886041274300025	-0.12	3.9802858250381066	-0.00983548908012441	-0.0883	3.5042936414871524	0.6629642383713386	0.105	3.329931352291619	0.3954389315741984	0.0886	3.1669051482997532	0.0845364136005449	0.0972	3.1864699518230335	0.007588368815241317	0.0766	3.1387212423144213	0.015050256671911205	0.12	3.1376033750545225	0.022159244527646157	0.0883	3.5830164647880878	1.0224602140585026	0.0	3.596104814032918	1.1588884539453117	0.0	3.5884451468740375	1.069198898645599	0.0	3.723885957734351	0.9057903768419995	-0.2016	3.7612678797895427	0.6553938039275651	-0.1613	3.7136522618809487	0.3839585375125402	-0.12	3.435695994076158	0.955616578022288	0.2016	3.3828843020269144	0.6985872065559656	0.1613	3.428014875859595	0.5328396828233777	0.12
110	1.8333333333333333	3.5973971541899035	0.6767166787532412	0.0	3.6781163895127786	0.6458157291799091	-0.105	3.7744758150581017	0.3427403666604333	-0.0886	3.95101539925715	0.04770931618955451	-0.0972	3.9678534742077547	-0.02696079596784834	-0.0766	4.020984829884333	-0.022525789263895812	-0.12	3.980759528461985	-0.01088528749679224	-0.0883	3.4966723146688574	0.66633246733303	0.105	3.326585872253244	0.3970344197314297	0.0886	3.1644705600211713	0.08240201923315607	0.0972	3.185190318000157	0.007463442774682791	0.0766	3.13899178173886	0.014981360690047407	0.12	3.1372617235398845	0.02073165491885627	0.0883	3.577165685092495	1.0369336054229654	0.0	3.576658636401552	1.1774720936235774	0.0	3.5747444526991807	1.0861861885164534	0.0	3.711847065989491	0.9248743294747201	-0.2016	3.751580862518634	0.667826692258441	-0.1613	3.7024481814939834	0.4010461044161228	-0.12	3.427587811003609	0.9681147721553416	0.2016	3.3779187304478637	0.7160448375871116	0.1613	3.3904890090730597	0.5581031137509226	0.12
111	1.8499999999999999	3.5937320512562603	0.6884692417688629	0.0	3.673082758750703	0.6574319933272861	-0.105	3.7705572616914393	0.3459891304083218	-0.0886	3.9504361235252974	0.04909643156515443	-0.0972	3.9675036465290328	-0.027459286431112173	-0.0766	4.019165949685474	-0.023196311896813426	-0.12	3.9803429848599183	-0.011241380763248765	-0.0883	3.4921835119576237	0.6788329867353821	0.105	3.3233424911205947	0.3991993757227324	0.0886	3.1645070284059877	0.08179582295527348	0.0972	3.184102510412327	0.006795053464412462	0.0766	3.1391708727031467	0.014568418301259115	0.12	3.1372036630221714	0.019499564520589208	0.0883	3.558640942185295	1.0525083829104822	0.0	3.5610795111902367	1.1904245808151377	0.0	3.5529795470382277	1.1041077539231174	0.0	3.7045169972835863	0.9387655275430962	-0.2016	3.739226570725132	0.6750985211426024	-0.1613	3.683225687700021	0.41510442021126764	-0.12	3.4190968294458393	0.9842866256821301	0.2016	3.3712149200369304	0.7229880603883677	0.1613	3.3791419780939456	0.570115007357717	0.12
112	1.8666666666666667	3.5891131692960494	0.6938794283943136	0.0	3.6704402453979976	0.6681156875199245	-0.105	3.767017409636242	0.3459123198058949	-0.0886	3.9518503645683154	0.047828803706824366	-0.0972	3.9670126782455655	-0.03591762712957269	-0.0766	4.023111330656123	-0.026069385772105158	-0.12	3.9799319470633407	-0.01177533107947204	-0.0883	3.4858880510425054	0.6842066670579168	0.105	3.3172015250084352	0.4012313259712966	0.0886	3.1636507304837957	0.08020763338346945	0.0972	3.1838454450099585	0.006678566635614766	0.0766	3.139650465610803	0.01442766989720054	0.12	3.137209119035052	0.019650293755326564	0.0883	3.5379005883864	1.0719207013673266	0.0	3.530032541598177	1.212715778930825	0.0	3.5004608325567244	1.1254155012352063	0.0	3.696462619045266	0.96087148205352	-0.2016	3.726584055700003	0.688222099646639	-0.1613	3.6727991149438535	0.4355296742008048	-0.12	3.408405625761292	0.9996712461929178	0.2016	3.3622468621929786	0.7520871029509109	0.1613	3.3519113993593654	0.606997083308651	0.12
113	1.8833333333333333	3.578635728694229	0.7095581395064511	0.0	3.6590568473320286	0.6877978296901284	-0.105	3.761155523105711	0.34886638128547004	-0.0886	3.950342177059961	0.04680741983601722	-0.0972	3.9650940743207466	-0.02940485842052526	-0.0766	4.020116911699233	-0.024955335616117624	-0.12	3.9800028772123146	-0.01297979803790425	-0.0883	3.4796380494518977	0.6999310707576311	0.105	3.310713108317384	0.4004609509513296	0.0886	3.162464240726496	0.07954866035333463	0.0972	3.181250103772838	0.005998391811629561	0.0766	3.1395160492970957	0.014096940031090785	0.12	3.137732826970837	0.01731953032948641	0.0883	3.522520274731774	1.0945278344870961	0.0	3.5126205843965805	1.2429607146302941	0.0	3.492168887557061	1.1488431796555452	0.0	3.6787744479748703	0.9805383900598816	-0.2016	3.7182163518496574	0.7308911710721365	-0.1613	3.6577266055328996	0.46140940556973925	-0.12	3.3924296630709367	1.0167314520232682	0.2016	3.3467862658331207	0.7705680843329284	0.1613	3.3359568784926283	0.6237393105169634	0.12
114	1.9	3.566854979440787	0.7135204976873623	0.0	3.6489758126025182	0.682477989707282	-0.105	3.7588839651394146	0.349961591321791	-0.0886	3.950427646106138	0.047206771205205764	-0.0972	3.9577479796722743	-0.032453411979581376	-0.0766	4.010908189818818	-0.025574872584485264	-0.12	3.9793632724258394	-0.009416516668371455	-0.0883	3.468277603195051	0.6963304213503196	0.105	3.3047170501347805	0.3993872155791659	0.0886	3.1612275538266994	0.07780431853444586	0.0972	3.1785424438932885	0.005496607912172852	0.0766	3.1385544037818662	0.013817552309815767	0.12	3.1387947360740798	0.017256998136995036	0.0883	3.5029606360146563	1.1137319140753137	0.0	3.499230757159361	1.2573819478448798	0.0	3.4863762497814172	1.1626308870993405	0.0	3.6615178908279398	1.0008507004630198	-0.2016	3.708108883440805	0.7664077283393848	-0.1613	3.640627595505481	0.5021625680329588	-0.12	3.368613871055307	1.0277698860310853	0.2016	3.3373681955718415	0.7819040358862341	0.1613	3.3154572075491924	0.635731584619878	0.12
115	1.9166666666666667	3.5543515336868494	0.7281410165221485	0.0	3.639571570383084	0.7038554322371152	-0.105	3.7548813935284118	0.35244504317932845	-0.0886	3.949040873722957	0.04804281903545056	-0.0972	3.955736812287402	-0.02889883289861081	-0.0766	4.004341740540197	-0.025076446542932868	-0.12	3.9794897296678773	-0.0058521645819030466	-0.0883	3.457116335096344	0.712219797396845	0.105	3.29741207796656	0.40143657976768315	0.0886	3.160224340217277	0.07707620995996332	0.0972	3.179841076683045	0.005888681445834598	0.0766	3.1375053250529583	0.013779833852784779	0.12	3.1397342671100565	0.01678145123319967	0.0883	3.484248043393654	1.142411406219257	0.0	3.4804227687259	1.3004961562933424	0.0	3.4682596545343345	1.1901095585471992	0.0	3.641788919500931	1.0273901613524945	-0.2016	3.6830944041091644	0.7909756034466331	-0.1613	3.622765717147302	0.5167616396874243	-0.12	3.3505687509647695	1.0510596663076883	0.2016	3.3181209746953826	0.8199965595924125	0.1613	3.289831105998178	0.6679435445481839	0.12
116	1.9333333333333333	3.5412554186901883	0.7388175010984861	0.0	3.630959029684081	0.7051819476901193	-0.105	3.74885383950581	0.3604745219995341	-0.0886	3.9487164257541694	0.05018266768329781	-0.0972	3.9537292409782046	-0.029077010903729494	-0.0766	4.008049601569913	-0.025559119985292228	-0.12	3.9785628400826103	-0.004027102643490821	-0.0883	3.44532619085862	0.7117490164634577	0.105	3.2906321387391557	0.40373948627897244	0.0886	3.1593577843645546	0.07718620070027399	0.0972	3.1820169329166026	0.005837453472571308	0.0766	3.1368921500663123	0.01342232591092786	0.12	3.1397721976687114	0.015202290621582862	0.0883	3.461491395554049	1.162143832018862	0.0	3.4530534985019803	1.3238844822896005	0.0	3.445701734619319	1.2083238692114069	0.0	3.6171267529036055	1.0534893220128323	-0.2016	3.668712450560726	0.7983401170623705	-0.1613	3.6004822583245786	0.5356135189937071	-0.12	3.335659348104856	1.0681608641245899	0.2016	3.2948292551471123	0.8359084822568363	0.1613	3.2761108701927464	0.6806279570058638	0.12
117	1.95	3.5180089607785194	0.7544896757887849	0.0	3.6116743709890993	0.7177743740197766	-0.105	3.744061731806663	0.37089687907760616	-0.0886	3.946665636993983	0.059719711133488465	-0.0972	3.9579154624610395	-0.025819516578157675	-0.0766	4.007293107670618	-0.02350529832003881	-0.12	3.9789568785300737	0.001956416659204513	-0.0883	3.4245757194432844	0.7212934105562764	0.105	3.284096873645194	0.4072756205481742	0.0886	3.158043730259187	0.07893975196821146	0.0972	3.1818512645142856	0.005854706855904279	0.0766	3.136092762145296	0.012733226027455788	0.12	3.1391137564860876	0.014717798635567797	0.0883	3.4431377470838718	1.1756477671620433	0.0	3.4280860734052614	1.335158683841238	0.0	3.3832786756369866	1.229620351530802	0.0	3.597421963453192	1.0793515144452126	-0.2016	3.6536986628763555	0.8426678149021085	-0.1613	3.581068909429359	0.5545428052721401	-0.12	3.3226396114724235	1.0885641692888712	0.2016	3.2818125716571984	0.8578247938714428	0.1613	3.257716234359757	0.7025131990514991	0.12
118	1.9666666666666666	3.500571473985518	0.7659756429371747	0.0	3.593746161088779	0.7334957444308282	-0.105	3.741122255093003	0.3767395773435165	-0.0886	3.948263353789938	0.06448075271973316	-0.0972	3.9606153096989742	-0.02434247485476576	-0.0766	4.008128769354922	-0.017763199011300163	-0.12	3.9793522960297065	0.00801928815015815	-0.0883	3.403146462417671	0.7341822505130791	0.105	3.277282366977603	0.41088186820720995	0.0886	3.1559742481045285	0.0776039609893894	0.0972	3.1827597535398087	0.006031183579948612	0.0766	3.1376897841124647	0.012395497904512498	0.12	3.1384758621744058	0.014226506177039536	0.0883	3.4211877589171356	1.200772084974899	0.0	3.405262219693485	1.3710804325320907	0.0	3.3946988479996354	1.2603273359796061	0.0	3.57636617376484	1.1030954756520859	-0.2016	3.629493783107303	0.8663890177024032	-0.1613	3.565859837700747	0.5847203511738227	-0.12	3.305106896242893	1.105146694662481	0.2016	3.2609422986811314	0.8761378896374881	0.1613	3.231317364287907	0.7210779425192265	0.12
119	1.9833333333333334	3.4857625764433466	0.7801967872164005	0.0	3.5812733893350375	0.7604045746885526	-0.105	3.737841133530437	0.38632195503642985	-0.0886	3.945246399404346	0.07269468759499338	-0.0972	3.9647093442600196	-0.024214875158509674	-0.0766	4.008212198669784	-0.01956747186811672	-0.12	3.978683738876003	0.014449320424575529	-0.0883	3.3885741894891988	0.7582595252213019	0.105	3.2720272456387063	0.41797119099529334	0.0886	3.154525280546287	0.07819425648153243	0.0972	3.183114946352838	0.0068405858882913395	0.0766	3.1371237675586565	0.01246475482176139	0.12	3.138306645052307	0.01342901575132123	0.0883	3.403413977558092	1.218882218777464	0.0	3.38717201580809	1.3960286634603793	0.0	3.4030075623401657	1.288993980782887	0.0	3.560161067132651	1.120255810297452	-0.2016	3.6083219271744116	0.8959210234340337	-0.1613	3.5510737457626296	0.6257733609287591	-0.12	3.2819791812105628	1.1212879618869287	0.2016	3.238462059959201	0.9029740374767818	0.1613	3.208469008242894	0.7369434606639036	0.12
120	2.0	3.4699811676804373	0.7894475296125144	0.0	3.5641119801575747	0.7634377542603679	-0.105	3.733630784084237	0.3945397144056735	-0.0886	3.9397367297743364	0.0869619876392376	-0.0972	3.9690249718750557	-0.02708734558414247	-0.0766	4.0059216936800714	-0.019300235739276833	-0.12	3.9712630328035923	0.030952705175918707	-0.0883	3.3705016744899576	0.7632657677574096	0.105	3.2653719252407325	0.42318434261702376	0.0886	3.1539547209983745	0.07674135258792009	0.0972	3.1843104626154193	0.006092967639781233	0.0766	3.1382819613417254	0.013025229973490676	0.12	3.137345503775102	0.013230630792379156	0.0883	3.38493805568075	1.2358218801553682	0.0	3.368592947826639	1.411559034879182	0.0	3.360910818592358	1.2984858924241753	0.0	3.5424290285471285	1.1366727885069612	-0.2016	3.5857177710798616	0.8999938340310207	-0.1613	3.528278031230151	0.6332854462614276	-0.12	3.262807492570263	1.1371891734214412	0.2016	3.214257557325317	0.9181331950998415	0.1613	3.1774526010390045	0.7456203932997446	0.12
121	2.0166666666666666	3.453610052420722	0.7931260027784071	0.0	3.5481151788229734	0.7617814367160493	-0.105	3.7233445772980973	0.40504912349879474	-0.0886	3.931382327236628	0.09797381936344002	-0.0972	3.9617749653056213	-0.024853322918891307	-0.0766	4.000308722684288	-0.013846226938494466	-0.12	3.9591200242212627	0.039869556030108694	-0.0883	3.355921966074828	0.7614522115667302	0.105	3.2601946867871123	0.42531750326821366	0.0886	3.153626705765212	0.076252842462766	0.0972	3.184231046897797	0.006252674145530268	0.0766	3.1375971481441285	0.0133093554917222	0.12	3.137294242853024	0.013003775318836092	0.0883	3.372332842286388	1.2533023333506106	0.0	3.3537876031771123	1.423226983254434	0.0	3.344891123272498	1.307013410907332	0.0	3.5327277658284437	1.1495557439364175	-0.2016	3.5600616768208826	0.9177720451976376	-0.1613	3.491960479309497	0.6592356610859202	-0.12	3.2497271735256468	1.1516716167810597	0.2016	3.1958454436790102	0.9353626353160115	0.1613	3.159060478788088	0.7529637271374509	0.12
122	2.033333333333333	3.4368421300838286	0.8022073068016181	0.0	3.533293846095784	0.7861275046672005	-0.105	3.708398494670715	0.41259875869213214	-0.0886	3.92224430321219	0.10566708434745228	-0.0972	3.959738833108373	-0.019454615628962862	-0.0766	3.9974095546747423	-0.007319117477279008	-0.12	3.950336570664937	0.043280420871774944	-0.0883	3.3360875626848157	0.7781185831968777	0.105	3.254669949495777	0.4277715505406505	0.0886	3.1536672138290527	0.07693687156226325	0.0972	3.1830354110790156	0.010210428250971862	0.0766	3.1372961037448763	0.013606541204934278	0.12	3.136475536271564	0.012890003835047723	0.0883	3.3558134463209472	1.2732041426316234	0.0	3.333944468834605	1.4531001603270657	0.0	3.3523817669528957	1.3339390359313017	0.0	3.516000057862851	1.1708325773609303	-0.2016	3.5522331182308076	0.9411657294967379	-0.1613	3.4644759718697427	0.7012811362625293	-0.12	3.2294886113730175	1.169850014753184	0.2016	3.168778067773164	0.9450047216505286	0.1613	3.132870034507453	0.7615620852260222	0.12
123	2.05	3.4242590127705754	0.8090782308326463	0.0	3.5172521746186107	0.7831483631334897	-0.105	3.6951427619726878	0.41993058056727994	-0.0886	3.902193273851735	0.11026254287113856	-0.0972	3.945644664240439	-0.0032914060946016566	-0.0766	3.9894109299525953	0.01009145285676541	-0.12	3.9252355490791913	0.04385271946981731	-0.0883	3.3227692941449805	0.7748196466344734	0.105	3.2504724494868005	0.42843620106967384	0.0886	3.1535756793609266	0.07732972624137725	0.0972	3.1837307990792745	0.011705662141274303	0.0766	3.137280202598358	0.013973981891023793	0.12	3.136037317460342	0.01296971206835662	0.0883	3.3422365810736885	1.2902900810830682	0.0	3.317696084596578	1.4747718524517432	0.0	3.3407312672266043	1.352470376677833	0.0	3.4993413358723675	1.1842944307405896	-0.2016	3.529350423036393	0.9425987431165326	-0.1613	3.451947878451318	0.6956685550122131	-0.12	3.2148157593309974	1.1806256218960591	0.2016	3.1477934005688093	0.9598992795453809	0.1613	3.1092371883080916	0.7798582385410828	0.12
124	2.0666666666666664	3.4097732137260075	0.8164100038326586	0.0	3.4999434316213036	0.7911278292043646	-0.105	3.6773766201820166	0.4262234170939604	-0.0886	3.876885456420991	0.1166066030907485	-0.0972	3.921920562670832	0.01961932821413752	-0.0766	3.96914742677345	0.023384175557515055	-0.12	3.8996778302499737	0.044659963959528606	-0.0883	3.3085658063984877	0.7810076619213635	0.105	3.244795904022697	0.4298649204667816	0.0886	3.1531161366435203	0.08075358082182338	0.0972	3.183746620776373	0.014596005065878964	0.0766	3.1345130144223297	0.014067237613705763	0.12	3.1357515809687637	0.012881791748554333	0.0883	3.3252069445382033	1.3047408319536336	0.0	3.3028906784108085	1.491645650663362	0.0	3.3386215222553286	1.3766810494772774	0.0	3.4864036907006293	1.1942844899041003	-0.2016	3.5113573108310803	0.9548811728564544	-0.1613	3.427184292651076	0.7028644896914727	-0.12	3.1982393338066415	1.1900904920191928	0.2016	3.119119177480667	0.9697107965031554	0.1613	3.0872641467322683	0.8017197778683817	0.12
125	2.0833333333333335	3.394786234203874	0.8213325642645232	0.0	3.487212855093567	0.7903323856829604	-0.105	3.65693521296651	0.43494324605524837	-0.0886	3.853488483883375	0.11458133727000222	-0.0972	3.8954932891878036	0.04462457705211351	-0.0766	3.9439945138530406	0.033080697349856886	-0.12	3.8714281774436428	0.0450325938048769	-0.0883	3.293841173099916	0.7838817867433912	0.105	3.2418264767469083	0.43450198113694655	0.0886	3.1530781245687947	0.08098564201122921	0.0972	3.184920080104979	0.01587539653463456	0.0766	3.129105455289139	0.014429074419967089	0.12	3.1360578676074824	0.01301135619208564	0.0883	3.30978258020442	1.317662328337285	0.0	3.2875843209429036	1.5074382927372603	0.0	3.3445438349191994	1.3885716258073035	0.0	3.468483042815176	1.2048689765776697	-0.2016	3.495181590795794	0.9681259505126367	-0.1613	3.401283354014101	0.7148684961300665	-0.12	3.178486576852734	1.2005094049829517	0.2016	3.0956563072909704	0.9842840276414134	0.1613	3.066461396691436	0.8125978693147438	0.12
126	2.1	3.3831584771586027	0.8256507583791751	0.0	3.4735216991663838	0.7979752032432628	-0.105	3.6386274660169926	0.4397118960136658	-0.0886	3.8308412165384937	0.11496819873221406	-0.0972	3.869985972078678	0.05167185976456008	-0.0766	3.9186563720061844	0.0367887580695193	-0.12	3.843719556232455	0.043298808591949484	-0.0883	3.28439564728735	0.7894311885751604	0.105	3.2374359715365153	0.4410986352358255	0.0886	3.1530792567007713	0.08332687769974921	0.0972	3.1863527654086634	0.015101361725457035	0.0766	3.1274197282535465	0.01423512520530118	0.12	3.1359290066362657	0.013130533853269177	0.0883	3.297697566874455	1.327234385046031	0.0	3.2778329653636824	1.520338940334177	0.0	3.328291796847188	1.4003283689347534	0.0	3.452039303056214	1.2162248853842859	-0.2016	3.470982368657836	0.9864356484074536	-0.1613	3.379021055648414	0.7286109730903092	-0.12	3.1678574715099272	1.2138442356875991	0.2016	3.0725721658396217	0.9977004445547013	0.1613	3.0429069980201184	0.8316921743458514	0.12
127	2.1166666666666667	3.369556579822186	0.8287897741128457	0.0	3.459682114380688	0.7987667028872427	-0.105	3.6216274026833877	0.4417204629147877	-0.0886	3.8035117064696835	0.11711242977604056	-0.0972	3.854552113276245	0.056399510767899716	-0.0766	3.8981847727629346	0.03924042776228438	-0.12	3.8111562810128294	0.04332227919352895	-0.0883	3.2762908531201678	0.7885442033346648	0.105	3.2320253948227142	0.4434361375677802	0.0886	3.152766535745548	0.08789558753739408	0.0972	3.1883821729989554	0.013847645314031903	0.0766	3.1265795214498806	0.01466332636659845	0.12	3.1343422785348416	0.013292959717211228	0.0883	3.2841042976589265	1.3347148546385321	0.0	3.266599761751051	1.5276275088229767	0.0	3.34461058802453	1.4063692775921557	0.0	3.440251647695403	1.2242791813297904	-0.2016	3.450796311701636	1.008866421632101	-0.1613	3.2935466626698364	0.8396430402146458	-0.12	3.1524059160373867	1.2210714736637063	0.2016	3.053413123444465	1.0186459869006719	0.1613	3.0213409751157787	0.8483169543731099	0.12
128	2.1333333333333333	3.355150172723907	0.8329441551844562	0.0	3.4459041466552605	0.7989255637880932	-0.105	3.6008053231819335	0.4489239696956118	-0.0886	3.778435558335045	0.1159216921087613	-0.0972	3.840602499658735	0.05672151008919826	-0.0766	3.876677192579025	0.03673697737558085	-0.12	3.778457422908776	0.04294864083823076	-0.0883	3.2686965253252556	0.7907045783501249	0.105	3.2268094574683888	0.4467868083182319	0.0886	3.152381789880233	0.08813462926129839	0.0972	3.1902935257646914	0.014234994234267731	0.0766	3.1231713508421652	0.014631405207399889	0.12	3.1339791395646808	0.012853939042138537	0.0883	3.2715031966599333	1.3422745359920545	0.0	3.251810069487462	1.5341014095379975	0.0	3.336908298932158	1.4123099552997378	0.0	3.4286612749550365	1.2337451913509405	-0.2016	3.433084589235602	1.0176731130403864	-0.1613	3.2677032329511992	0.8521138604413946	-0.12	3.139197589432446	1.2256829409888859	0.2016	3.029537382747295	1.0228160934670438	0.1613	2.994776629775242	0.8513845750898288	0.12
129	2.15	3.342962045118989	0.8417975104168074	0.0	3.4340932589088595	0.8124175866488961	-0.105	3.5799077640503407	0.4532178398741585	-0.0886	3.7459505890509144	0.11628652817987167	-0.0972	3.8267288175932372	0.055273565785133344	-0.0766	3.8525724202422853	0.03224356756434499	-0.12	3.745527743887378	0.042718330738070576	-0.0883	3.256274281017318	0.8056493805675347	0.105	3.221743474049152	0.4500942102484836	0.0886	3.1518035479683033	0.0921876959809673	0.0972	3.190163415622712	0.016781020066261754	0.0766	3.125214717988568	0.016386303104184097	0.12	3.133435164312367	0.012863956957716902	0.0883	3.259052123760165	1.3521886268908558	0.0	3.2413978955182414	1.5452387750001335	0.0	3.324863684984359	1.4251190356013435	0.0	3.4190145674598806	1.2458344539177266	-0.2016	3.437847439184416	1.0352329718095392	-0.1613	3.2630249227687673	0.9118218184093068	-0.12	3.128243731866852	1.2340071933421304	0.2016	3.0120492642447627	1.0378862122181147	0.1613	2.9790290863814004	0.8680567287623691	0.12
130	2.1666666666666665	3.3298399300536543	0.8482376449785325	0.0	3.4213589200302565	0.8227428650356053	-0.105	3.559815519764823	0.45807492799632166	-0.0886	3.718559918524416	0.11664811565905958	-0.0972	3.8058421285772748	0.05334064655597981	-0.0766	3.823672679456741	0.02747596558366977	-0.12	3.7081714060923576	0.04034580001911234	-0.0883	3.2450954225422595	0.8140563021367441	0.105	3.215617191589917	0.4509704932547884	0.0886	3.15088403942102	0.09390942246278214	0.0972	3.1881716925098624	0.019772712316598773	0.0766	3.1273637723021794	0.018364399009751217	0.12	3.132521625403185	0.012504503337575482	0.0883	3.247696130765754	1.3582348873523231	0.0	3.2276934838653872	1.5508112628968052	0.0	3.307882100603988	1.4324859574207311	0.0	3.401758894432457	1.2532340236174737	-0.2016	3.431377771312562	1.0381047548718572	-0.1613	3.2592052801045184	0.9109185767068523	-0.12	3.1143198964382957	1.236758418088699	0.2016	2.9896935562373192	1.0365400535032094	0.1613	2.953928599957	0.8682255076517267	0.12
131	2.183333333333333	3.320232531596712	0.8557301443572711	0.0	3.413764288914492	0.8274767483984817	-0.105	3.5415035691778156	0.46048111001679753	-0.0886	3.683873667718417	0.11658702888728509	-0.0972	3.773753705245003	0.052898660221002244	-0.0766	3.7884761060300094	0.024361016673230082	-0.12	3.6758300222090994	0.038383615708024774	-0.0883	3.2362477602016466	0.8202099187003173	0.105	3.207775607136398	0.45139002621235863	0.0886	3.1500191420432575	0.0981000529489886	0.0972	3.1870900902822363	0.02478405354129881	0.0766	3.1328757145929034	0.024316852505524317	0.12	3.131731717154328	0.012883082532526402	0.0883	3.2339354236095996	1.3629830631615907	0.0	3.2136689572239088	1.5617950428939034	0.0	3.2642240061227303	1.4448858752152074	0.0	3.3966435555570262	1.2563560400231286	-0.2016	3.429326691761042	1.0456519900700119	-0.1613	3.2432049422990654	1.0136465002753812	-0.12	3.1036334747781	1.2391827868687688	0.2016	2.971955329579762	1.0446859696457567	0.1613	2.936365973476055	0.8773561481845941	0.12
132	2.2	3.30819164627191	0.8594955423843751	0.0	3.4019719050925117	0.8329899873764706	-0.105	3.5247425887706	0.4640762452800618	-0.0886	3.6493496437202797	0.11568988036657743	-0.0972	3.747489457654397	0.04940740670045113	-0.0766	3.7571354759485174	0.020150776599056258	-0.12	3.6387618266370874	0.036850398597637696	-0.0883	3.226336892257142	0.826696973974459	0.105	3.2023313398264723	0.4539476835254198	0.0886	3.1482627523434217	0.09902540166159929	0.0972	3.1855093958354925	0.02606343957609207	0.0766	3.1303080890720474	0.025352231953239684	0.12	3.1333425138727624	0.01313817874464114	0.0883	3.223757995440543	1.366751824762767	0.0	3.2033671054136397	1.5679424765618486	0.0	3.2559921991514678	1.4486820271646828	0.0	3.3897758370955926	1.2579702501975685	-0.2016	3.4298433800317896	1.0422731649042238	-0.1613	3.268560435808797	1.0228957393177265	-0.12	3.09099697481535	1.2400411877139421	0.2016	2.957730135088584	1.0498793956569168	0.1613	2.924187175754107	0.8887032982648435	0.12
133	2.216666666666667	3.298229813736321	0.8607760642788216	0.0	3.389742472954756	0.833979247486927	-0.105	3.506851795630066	0.4658112541748324	-0.0886	3.6155025635858054	0.11428760368163192	-0.0972	3.7190827703656715	0.04433284391957122	-0.0766	3.7311694181094777	0.01524304580192376	-0.12	3.59974867121956	0.03627250957894984	-0.0883	3.2186159486135204	0.8307284337235008	0.105	3.19551789924036	0.4537500692936491	0.0886	3.1470691901132266	0.09845315484837855	0.0972	3.1861219522696866	0.026556092306985288	0.0766	3.128070217675482	0.02474614562242597	0.12	3.134887935718577	0.013499774808432605	0.0883	3.2137847589734125	1.3696357693983627	0.0	3.193679621965005	1.5669287469774182	0.0	3.259203181201321	1.448042856433391	0.0	3.3775671766166475	1.2639642091454797	-0.2016	3.4129451417789918	1.0469679378136254	-0.1613	3.2333273405825333	0.9988366081253731	-0.12	3.0830281677881892	1.2417597582214652	0.2016	2.942349657907542	1.054237493545844	0.1613	2.9115646488692546	0.8929899557227461	0.12
134	2.2333333333333334	3.289617780799448	0.8635170495623647	0.0	3.3834860454659306	0.839611076151526	-0.105	3.4879660966919372	0.4721088910606206	-0.0886	3.5782658834933563	0.11930587324466414	-0.0972	3.675003738054082	0.038489114596943264	-0.0766	3.6946780724623385	0.010646063405533673	-0.12	3.5624589524303065	0.03776843141737854	-0.0883	3.2077681297113214	0.8340198171991544	0.105	3.191711152739825	0.4548185089216137	0.0886	3.148407838928828	0.09905379326658084	0.0972	3.186060686361386	0.025625334254543414	0.0766	3.122023363243141	0.023925003550538657	0.12	3.1349517148268506	0.013584985882371628	0.0883	3.2053657071307633	1.367048891043588	0.0	3.187060916927545	1.5745708904667535	0.0	3.2216417676659916	1.4570805863750487	0.0	3.3713609465806007	1.266086971419908	-0.2016	3.401081720930303	1.0589715109530882	-0.1613	3.265512749537411	1.065922307734728	-0.12	3.0698777975686156	1.2373080137630048	0.2016	2.927862978311637	1.0569742500787964	0.1613	2.9022135862157823	0.898953443199458	0.12
135	2.25	3.280411348847934	0.863117086666126	0.0	3.374535006020452	0.8411186005081591	-0.105	3.4687451190952583	0.4740107359403002	-0.0886	3.5429512238793945	0.11895534385224099	-0.0972	3.6373059966574046	0.033523794392487455	-0.0766	3.6570163723788376	0.007775762786335377	-0.12	3.524335532006567	0.04084799953624492	-0.0883	3.20065327035877	0.8369415424155116	0.105	3.1875840684933077	0.4554450606855567	0.0886	3.1480021125755098	0.09763312034484227	0.0972	3.186085447561659	0.025094268112789517	0.0766	3.118810319936407	0.023801742819720417	0.12	3.1320595686440194	0.01292688544489852	0.0883	3.1984123650516816	1.36830305879796	0.0	3.177650024577698	1.5746702550238363	0.0	3.2082550276996056	1.4588369579626557	0.0	3.362315323868453	1.2719610168647817	-0.2016	3.3865812921451197	1.0722606729460389	-0.1613	3.2528669834959856	1.0840846983846333	-0.12	3.06246023263777	1.2379447383594915	0.2016	2.915575633835538	1.0594656405258578	0.1613	2.8962708069255156	0.9008154251676095	0.12
136	2.2666666666666666	3.268980274499279	0.8622228564577394	0.0	3.363242632317865	0.8396673972174639	-0.105	3.4546726707528586	0.4753899530833237	-0.0886	3.5078915946240623	0.11769939357310916	-0.0972	3.6003269844979546	0.026852909968991825	-0.0766	3.6170567377048735	0.004085252725048227	-0.12	3.4837885913996787	0.04219259395138107	-0.0883	3.191401911378992	0.835054213981048	0.105	3.1830786946141836	0.45570167596172206	0.0886	3.146636785465092	0.09678521475610388	0.0972	3.185660622644827	0.026784552164503844	0.0766	3.117442212524104	0.02481593218114858	0.12	3.1289537623230332	0.010869440236965955	0.0883	3.1892184762821327	1.3731793188214878	0.0	3.165585664081836	1.5781316527753455	0.0	3.1910768592444927	1.4623394096466906	0.0	3.353413586072601	1.278754235945569	-0.2016	3.3749879708718447	1.0819829533200365	-0.1613	3.242300801970917	1.0898026056524364	-0.12	3.0530970428452022	1.2415754761118454	0.2016	2.9094416374267733	1.0650394040316626	0.1613	2.8844202123365226	0.9006081122584482	0.12
137	2.283333333333333	3.260797232415047	0.8604600272774026	0.0	3.3523907364591037	0.8337164769021523	-0.105	3.4406753790741553	0.47276181732751094	-0.0886	3.474805012999719	0.11882553080318681	-0.0972	3.572577908646789	0.019626842273699624	-0.0766	3.578519770510885	0.0006156910022695194	-0.12	3.4452447371561363	0.047810242077975476	-0.0883	3.1813828114157103	0.8273128416703771	0.105	3.1757877318358334	0.45511129794235794	0.0886	3.144662870582679	0.09631234551958215	0.0972	3.187929324339881	0.02850742031489195	0.0766	3.121730960823935	0.026614405514925554	0.12	3.1264684598684265	0.008741865142830041	0.0883	3.183137919389491	1.3801031036786098	0.0	3.1551278569776278	1.5768181884072165	0.0	3.1775439645602783	1.4625021625409234	0.0	3.3469944539519143	1.2841452836729896	-0.2016	3.3684912325997254	1.0810352519875404	-0.1613	3.218815083018766	1.018743570957688	-0.12	3.0499902644803027	1.2452748946863956	0.2016	2.8998258977146785	1.0654560778226385	0.1613	2.882111446377662	0.9005056694494459	0.12
138	2.3	3.2546310235001927	0.8587922360254703	0.0	3.343698940472569	0.830905355103263	-0.105	3.424490537167505	0.47183420462516623	-0.0886	3.439416685888433	0.1220811932490699	-0.0972	3.5404064880266795	0.016989195004609145	-0.0766	3.540655383143747	-9.295689791877226e-05	-0.12	3.404584522254634	0.051546235594933126	-0.0883	3.1750102229500086	0.8245892125246644	0.105	3.171692450381824	0.45491376518824755	0.0886	3.1435689855712616	0.09590824880771125	0.0972	3.1913627668866944	0.028354137209430474	0.0766	3.13070817042894	0.02810492132619484	0.12	3.125588925690447	0.005796782912139614	0.0883	3.1745676290047236	1.382877664914299	0.0	3.148232615316268	1.5806488442591022	0.0	3.1658872539773957	1.4643309644208753	0.0	3.338194147283984	1.2876314691440465	-0.2016	3.357636518459022	1.080838281700141	-0.1613	3.2006338842491013	1.0774622745093758	-0.12	3.043977119983027	1.2505585086715572	0.2016	2.8932652205686273	1.0647389844987811	0.1613	2.881061417068469	0.8943302502239365	0.12
139	2.3166666666666664	3.245416870784444	0.8574383970207949	0.0	3.3318526526756957	0.8272825987846357	-0.105	3.409836119583807	0.4705624206511927	-0.0886	3.4005110041195676	0.1266445224273914	-0.0972	3.5022041198245173	0.01648383410971077	-0.0766	3.4993989430973595	0.0005292653367949263	-0.12	3.3680386234202766	0.05629410942816607	-0.0883	3.1656986742988034	0.8224064456982646	0.105	3.165051512562859	0.4545733817024781	0.0886	3.143361555382215	0.09588935734883759	0.0972	3.1922667135618354	0.027289573687332272	0.0766	3.1484165135783275	0.028308570480568215	0.12	3.1260364519581385	0.004776294925412428	0.0883	3.1672833804089926	1.3864724659436518	0.0	3.1365586296976278	1.5814966133855377	0.0	3.1540207159473006	1.4659844682697518	0.0	3.326317794860763	1.293302697086785	-0.2016	3.348198451829493	1.0781804513118423	-0.1613	3.173146877066647	0.9811561728843673	-0.12	3.0411717949976724	1.2558702747629649	0.2016	2.8883018963502445	1.0663745375479001	0.1613	2.881276527384094	0.8893550180519234	0.12
140	2.3333333333333335	3.2378362302664545	0.8586807109908868	0.0	3.3196477877462076	0.828169006366764	-0.105	3.394827217910539	0.46967347946036503	-0.0886	3.3688031352777887	0.1311027014514729	-0.0972	3.4761234635818288	0.013600857142786582	-0.0766	3.467893594819545	-0.00042010080984115905	-0.12	3.3335711856642556	0.062348653369212914	-0.0883	3.15803154378445	0.8233162579890289	0.105	3.1600223933366878	0.4560819316636311	0.0886	3.1419921869654805	0.09813871188747009	0.0972	3.1927065896490516	0.02721116124737677	0.0766	3.1487707537904956	0.02899280404507651	0.12	3.1274583400845883	0.003996572827343212	0.0883	3.15979060440631	1.388623600368735	0.0	3.131043030238619	1.586621952731892	0.0	3.1488138309352314	1.4688281355512238	0.0	3.318975174328921	1.2948230965411727	-0.2016	3.3388530418319644	1.0752262636775716	-0.1613	3.1536714546381925	0.965241281959896	-0.12	3.0335761732310793	1.2567013958677278	0.2016	2.885800470491433	1.0624178328966187	0.1613	2.881458107011179	0.8856093424899931	0.12
141	2.35	3.2268349897844866	0.8587843040004756	0.0	3.313014261083106	0.8284448394936281	-0.105	3.380694692905014	0.46926064417746716	-0.0886	3.337962922099355	0.14056548877105676	-0.0972	3.443241536195801	0.01254824604861117	-0.0766	3.4348255308210596	6.0758720463474636e-05	-0.12	3.297370898396324	0.07185616152326313	-0.0883	3.146949476318999	0.8243612570193753	0.105	3.154073379200646	0.4580580451242813	0.0886	3.141061043905706	0.10065148128033043	0.0972	3.1943997038739367	0.025800740393777527	0.0766	3.1526902150689353	0.030154192714351963	0.12	3.127696674632094	0.004240607311873368	0.0883	3.151279259536331	1.3909987367659553	0.0	3.122571722037167	1.5912878867686708	0.0	3.1422335479646817	1.4749294133035389	0.0	3.3130395188281407	1.2950759327391308	-0.2016	3.3331678015942807	1.0782041325080784	-0.1613	3.147389372802915	0.9782153196521288	-0.12	3.0206267716260236	1.255788331007148	0.2016	2.8828876564843267	1.0592859700633825	0.1613	2.881004181409038	0.887810390552639	0.12
142	2.3666666666666667	3.217716635925853	0.8594233681997638	0.0	3.301373269181745	0.8293317602849375	-0.105	3.3660782114641834	0.4694921449172862	-0.0886	3.3042916431808553	0.1486123350007047	-0.0972	3.4071227249733234	0.010645677173728163	-0.0766	3.4036711592232485	0.002726978545916886	-0.12	3.25814604386614	0.08260602292167307	-0.0883	3.1356516853891434	0.8281324938549792	0.105	3.1479070577056456	0.4593912030515133	0.0886	3.1403056617655953	0.10053437039899837	0.0972	3.197857510172065	0.02471973404448552	0.0766	3.1503719025958974	0.028486267769122248	0.12	3.127688875246924	0.0031648873472975014	0.0883	3.1447027847407893	1.3919616370468344	0.0	3.116214542893023	1.5931101104678373	0.0	3.13175357137788	1.4785383430145491	0.0	3.308931437383168	1.295568743926749	-0.2016	3.3331985935320865	1.0757139149246704	-0.1613	3.1452881758411118	0.9831095583550911	-0.12	3.014052186705479	1.256610298554292	0.2016	2.882103245710446	1.0543849367693452	0.1613	2.8831837242635117	0.8776404114437073	0.12
143	2.3833333333333333	3.2098883995632277	0.8604362423995195	0.0	3.2909640991879465	0.8319681524932062	-0.105	3.3530663275669563	0.46855173063097766	-0.0886	3.2772384339229075	0.15606595018627134	-0.0972	3.3753228567155804	0.008218696442569964	-0.0766	3.374295896116393	0.00460408981276926	-0.12	3.2233522141420465	0.08832617164723254	-0.0883	3.1299452762509965	0.8312755514883837	0.105	3.1428556775270278	0.4604418227627259	0.0886	3.1400825298775663	0.10126518296554538	0.0972	3.203068919828378	0.023122541301462657	0.0766	3.1467929138367117	0.027091983946117698	0.12	3.1287071995677564	0.0035243225452019217	0.0883	3.1373828778841015	1.3921251103568266	0.0	3.1111237568395538	1.5957633402053881	0.0	3.131337557544568	1.4805124861578185	0.0	3.3039485049945285	1.2962340622315767	-0.2016	3.321736356762844	1.0799232178280325	-0.1613	3.130882265069124	0.9954743070117039	-0.12	3.006475849377365	1.2554357436771917	0.2016	2.8799040802443887	1.0471066755894372	0.1613	2.885678958856319	0.8693783723923237	0.12
144	2.4	3.200743469992891	0.859044510726089	0.0	3.2816107434551287	0.8292371638251951	-0.105	3.338450581270997	0.4677198288392021	-0.0886	3.2490243489522443	0.15783129049964018	-0.0972	3.344274519639661	0.005681523848300854	-0.0766	3.3430533184921214	0.005120207671883065	-0.12	3.19755371955079	0.09235006284843711	-0.0883	3.120955482624687	0.8286077009501436	0.105	3.1389024131225876	0.4607585490644727	0.0886	3.1394313495453914	0.10089224310953518	0.0972	3.199963202106062	0.017063557260210444	0.0766	3.1452773108334373	0.02201259624221008	0.12	3.1291694219770276	0.004356617714629973	0.0883	3.1332912435783187	1.3923061171061792	0.0	3.1072797969228447	1.5926937266085492	0.0	3.129908767514291	1.4771234129818307	0.0	3.2974349695492635	1.2981788232691343	-0.2016	3.3193776280588456	1.0730525689521402	-0.1613	3.1243902564808037	0.9803957230963307	-0.12	2.9996736166689715	1.2557053730185503	0.2016	2.8789156057902683	1.0422707083622949	0.1613	2.8850722158615874	0.862275709683321	0.12
145	2.4166666666666665	3.190823380674446	0.8570997454307782	0.0	3.272009305597451	0.8280588980026833	-0.105	3.326056596546092	0.46757752931542756	-0.0886	3.225257119547071	0.1593184211041306	-0.0972	3.31064731604618	0.005977250030983983	-0.0766	3.3089253438460284	0.006357477201429859	-0.12	3.1734615501615364	0.09642844310434623	-0.0883	3.1085918281896907	0.8272310751330931	0.105	3.1342500718004787	0.46263445766559297	0.0886	3.139212577916385	0.1014195035131838	0.0972	3.1968855036599146	0.013149521141123971	0.0766	3.147953009318733	0.01606090365826425	0.12	3.1275934191670403	0.004456891556119516	0.0883	3.1285095682020825	1.3919454071448796	0.0	3.102435372608146	1.5922609056259518	0.0	3.1237457351517244	1.478008365829477	0.0	3.292959732353701	1.2984145033674979	-0.2016	3.3106309357077093	1.0758626494108379	-0.1613	3.12271932033992	1.0037499177971303	-0.12	2.987502037649309	1.252378401414632	0.2016	2.875906524672017	1.038020722804263	0.1613	2.8820015372154955	0.8560214247782819	0.12
146	2.433333333333333	3.1805466220964607	0.8548541226040749	0.0	3.263542395652412	0.8217622449365275	-0.105	3.3120466841697813	0.4656904495414707	-0.0886	3.2009882676167276	0.1588208496483789	-0.0972	3.288154046269765	0.0052962912898132375	-0.0766	3.2760852757450265	0.005536134900293269	-0.12	3.1471495208376523	0.0975906962241957	-0.0883	3.101302612464549	0.8211674344434478	0.105	3.1317891234851434	0.462531758701219	0.0886	3.138075220714197	0.10021370837976414	0.0972	3.1975383444095575	0.008726820773417354	0.0766	3.149319198727899	0.01259650048295742	0.12	3.125170774417379	0.0043083435460399555	0.0883	3.1234841759573087	1.3901027508279225	0.0	3.097534135763758	1.5888197003755975	0.0	3.12750954337535	1.4735772937674319	0.0	3.28682942723383	1.2982551951742465	-0.2016	3.3062613098875167	1.0734094305994817	-0.1613	3.112479117997185	1.0024332402623568	-0.12	2.98323079235088	1.251675800158655	0.2016	2.873084525336918	1.0342844716663202	0.1613	2.876634804656468	0.8535999609608356	0.12
147	2.45	3.1730790841906282	0.8533020421528922	0.0	3.253961343553859	0.8188450327215437	-0.105	3.2996700713170384	0.46478434522616663	-0.0886	3.177261168941978	0.1590475896673108	-0.0972	3.259372808006406	0.005049734271829268	-0.0766	3.2495531491046665	0.006253224186944406	-0.12	3.128092389546211	0.10217975513234866	-0.0883	3.093828316352916	0.8200700906795543	0.105	3.1273777917276138	0.46344750743751006	0.0886	3.137723793631286	0.09913745109777641	0.0972	3.205788532626984	0.007763334566906768	0.0766	3.149920002812289	0.011914182529164513	0.12	3.1210876848270352	0.0026482586268088693	0.0883	3.116584337471452	1.3900814214725339	0.0	3.0904874198019208	1.5875573993634349	0.0	3.116321879391202	1.4732282048907452	0.0	3.2801687070560814	1.298016115360234	-0.2016	3.2971545692020325	1.0724226961690595	-0.1613	3.1035218031355463	1.0067215280831985	-0.12	2.978360193693986	1.2509553497396697	0.2016	2.87017504536647	1.0327425449924454	0.1613	2.8709760848715127	0.8504722662856187	0.12
148	2.466666666666667	3.164737967490694	0.8507849485131926	0.0	3.245452343364487	0.8145322208017259	-0.105	3.2883617963117087	0.4610149000207298	-0.0886	3.1528201704044867	0.16379884175727305	-0.0972	3.2263156676383566	0.004300349919423019	-0.0766	3.218582891424033	0.00789274342615108	-0.12	3.1008039829497998	0.11145299856850045	-0.0883	3.085733591444904	0.8189171579747325	0.105	3.1242239994263348	0.4649027910395519	0.0886	3.1354193295122763	0.09993612173492411	0.0972	3.203534881103528	0.010082930930806241	0.0766	3.1496930987890406	0.015445606345885779	0.12	3.1184266243764767	0.0012357178604786162	0.0883	3.1130755418194536	1.3899420472279842	0.0	3.0854278942560525	1.587125403589157	0.0	3.1103235518403567	1.473024980817627	0.0	3.276488172999464	1.29613322003869	-0.2016	3.290501225497081	1.0708947623353386	-0.1613	3.097891643452831	1.1522059648292662	-0.12	2.974908611848686	1.2510164005851265	0.2016	2.865425771539319	1.0317789116450817	0.1613	2.8614546383952546	0.8484354074008196	0.12
149	2.4833333333333334	3.1550926412883467	0.8507148251850469	0.0	3.238302009569528	0.8157998065244093	-0.105	3.2786550192455644	0.45887446893427625	-0.0886	3.136653197436979	0.17418801766110736	-0.0972	3.189310167929255	0.0025761728825000885	-0.0766	3.1741868374563538	0.008696425509991973	-0.12	3.0767135315083576	0.12396284220877904	-0.0883	3.0759342057376533	0.8244887359470778	0.105	3.1198703556116865	0.4662922419370511	0.0886	3.1313391776822415	0.10274190702656824	0.0972	3.197745615699777	0.012851633142586708	0.0766	3.149702524227907	0.01740945871636268	0.12	3.1185794184414504	0.0014871528561019587	0.0883	3.1064261624764526	1.390296800861024	0.0	3.0851366758469725	1.5880420484194004	0.0	3.1041180053647968	1.4732394378697675	0.0	3.2722849866928936	1.2968340747384628	-0.2016	3.2825844358321357	1.0712643946605283	-0.1613	3.100624386000973	1.131106881543969	-0.12	2.961494890400452	1.2499907263969472	0.2016	2.858047358868378	1.0308237159786582	0.1613	2.8536148475216057	0.8482564287956078	0.12
150	2.5	3.1462661835539003	0.8488048791220039	0.0	3.229852456471201	0.8108982233892884	-0.105	3.265026017594396	0.4555984166375825	-0.0886	3.117410144575984	0.1686865746238499	-0.0972	3.15030631383922	-0.0027184405509547843	-0.0766	3.1480805290947314	0.006597781952895343	-0.12	3.0563100365194105	0.1336186874864067	-0.0883	3.0694146752789107	0.8204556561310375	0.105	3.1162329851756363	0.4656522239055076	0.0886	3.127852873530018	0.10428310235193908	0.0972	3.1829864174849014	0.011244349048137897	0.0766	3.14748530649217	0.015661353146022794	0.12	3.121039346701495	-0.003600699646970018	0.0883	3.102506668319951	1.3889696558949693	0.0	3.079070550681123	1.5883835888511941	0.0	3.1066849186139622	1.4729158702705711	0.0	3.2667334513196202	1.2965159154209285	-0.2016	3.283125803390408	1.0699140460897947	-0.1613	3.0897736645967737	1.1558618682970965	-0.12	2.9611657623515617	1.250586251297075	0.2016	2.85347296541274	1.0312567493828781	0.1613	2.848593587740507	0.8496811840845425	0.12
151	2.5166666666666666	3.137245196387402	0.8473098060388313	0.0	3.2209508497055808	0.806424238236422	-0.105	3.2534061246609367	0.4524154442036673	-0.0886	3.1046508695897663	0.17276819610166946	-0.0972	3.111497991813651	-0.005024711612289984	-0.0766	3.1176489132804623	0.00740052445521007	-0.12	3.0383934783942372	0.14212292249883127	-0.0883	3.0606385429648153	0.8155686501706607	0.105	3.112173589984582	0.4649087141894733	0.0886	3.126620543006172	0.10505640566175134	0.0972	3.186434613865934	0.008352025959210849	0.0766	3.1486036572452414	0.012792191139472595	0.12	3.1213429705627767	0.004235201659558957	0.0883	3.096303135110251	1.3886198010166106	0.0	3.0707180045426243	1.5866335121449446	0.0	3.0963082088837592	1.4728449440133935	0.0	3.262881174397911	1.295035639815071	-0.2016	3.277325352770452	1.0739399648057402	-0.1613	3.087452270136989	1.159650562115489	-0.12	2.952870693278804	1.2493585068165742	0.2016	2.8468077581671887	1.0310184076746998	0.1613	2.837272138129043	0.8528609792909003	0.12
152	2.533333333333333	3.1301317701981923	0.8436699527915261	0.0	3.2137840618258475	0.8021925735807222	-0.105	3.2461603490977025	0.4472659092782281	-0.0886	3.0870733228440024	0.16482923471693317	-0.0972	3.0890266969999463	-0.012420905052821313	-0.0766	3.1025559636607327	0.0025587302128426	-0.12	3.0229261965142107	0.14066017037826867	-0.0883	3.0534789434380616	0.8107826658706329	0.105	3.105567570639059	0.4637950118623472	0.0886	3.128602291899921	0.10643598711742279	0.0972	3.1898928494439875	0.009739033661974983	0.0766	3.149318078620613	0.009464687995338616	0.12	3.123536520696996	0.0201542874393736	0.0883	3.0915467372060395	1.387493174380717	0.0	3.068018494745024	1.584746878433327	0.0	3.09116084798991	1.4728996685240248	0.0	3.258699270018863	1.295005530151091	-0.2016	3.2735413499793315	1.0698807825596608	-0.1613	3.079156949693647	1.160840886030632	-0.12	2.9477502254140684	1.2490755188808071	0.2016	2.8390019928025763	1.031012353411172	0.1613	2.8313136412521724	0.8554216284994598	0.12
153	2.55	3.124368859435765	0.8403269352307869	0.0	3.205230050740136	0.7969711103035051	-0.105	3.2347929894384158	0.44612468429982466	-0.0886	3.075890207154483	0.1618290380437729	-0.0972	3.082802920359658	-0.015815578398923127	-0.0766	3.0958538414160204	-0.0006906284166571797	-0.12	3.0127189460265984	0.14065530618357844	-0.0883	3.0482697661397316	0.8045043618608477	0.105	3.10228593729128	0.4629067951118044	0.0886	3.1303812284602	0.10272326285575764	0.0972	3.1894480029289594	0.014885950082020302	0.0766	3.1491957510583592	0.011122516889011641	0.12	3.1204645334398267	0.02106993413281895	0.0883	3.086126286505899	1.3864515570849874	0.0	3.0625399319770876	1.5847729412708538	0.0	3.084818432896789	1.4722437839920182	0.0	3.254743549365958	1.2924998197423798	-0.2016	3.271701730545772	1.0705027531868372	-0.1613	3.091568589685824	1.1740425678083477	-0.12	2.9429670438832876	1.2486227503012859	0.2016	2.831416710500459	1.031484891688484	0.1613	2.8239306131915582	0.8585422927706017	0.12
154	2.5666666666666664	3.1184592533652387	0.8361470177739398	0.0	3.196986020227346	0.7913726018616216	-0.105	3.2236388447837903	0.4419063672103891	-0.0886	3.064585829107296	0.1612234213079804	-0.0972	3.0744416130750243	-0.015271069645140037	-0.0766	3.0814441626919153	-0.004200095458856662	-0.12	3.011476449886514	0.13844958155835413	-0.0883	3.0449028615298976	0.7942722494085971	0.105	3.0991088749098137	0.46192696902698993	0.0886	3.128815153070037	0.10057311318541143	0.0972	3.1872181320753326	0.02104824468278134	0.0766	3.1486663889606183	0.01411964781179241	0.12	3.1218923730444477	0.017866758077422357	0.0883	3.0825802283978416	1.385072699568641	0.0	3.0569358022367403	1.5840572478669297	0.0	3.0717421465580235	1.471069438395062	0.0	3.2470318634519764	1.288995295585878	-0.2016	3.2667789987295444	1.067485533051366	-0.1613	3.1228954774987843	1.176718181199341	-0.12	2.941461364512674	1.2479280848194114	0.2016	2.8227304754698745	1.0317561177164627	0.1613	2.8173523131137177	0.8594386246588946	0.12
155	2.5833333333333335	3.110681935319299	0.8328160636183933	0.0	3.190986469893719	0.789963019650036	-0.105	3.212700051388812	0.43658690932619093	-0.0886	3.0557181713356814	0.1584089037860058	-0.0972	3.0543585531485355	-0.01561704148157636	-0.0766	3.0667137534181648	-0.005752505970845659	-0.12	3.0056330798214312	0.13093443524355014	-0.0883	3.0370941569925956	0.7918343479385686	0.105	3.0961010017812454	0.4614622235070789	0.0886	3.126418436173357	0.0981931790013858	0.0972	3.184950085285114	0.021981194966554346	0.0766	3.147512152069396	0.01669564821787485	0.12	3.119521294838347	0.015376204760414541	0.0883	3.0773227587481604	1.38320011126625	0.0	3.0537302936986004	1.583177358265475	0.0	3.063690361761468	1.471882122063244	0.0	3.243605471916187	1.2854761542025268	-0.2016	3.2641152124229635	1.0711193041448415	-0.1613	3.121198186212448	1.1632631740109864	-0.12	2.9340067257496654	1.2468836172624806	0.2016	2.8144092199813118	1.0318786096894548	0.1613	2.8071860762704968	0.8608399900762307	0.12
156	2.6	3.1070851699055684	0.8293586239962121	0.0	3.182675669333039	0.7885605585404765	-0.105	3.2017430600416836	0.432463626671891	-0.0886	3.0427403160883264	0.1491785421122227	-0.0972	3.0613860731480944	-0.018519310641640294	-0.0766	3.0654749490065814	-0.01338732725456998	-0.12	2.994973404483673	0.1210585921124207	-0.0883	3.031125432111974	0.789852058785274	0.105	3.092890827331174	0.460736778240596	0.0886	3.1256072872816083	0.09374510947474095	0.0972	3.186849431154428	0.020530901349933628	0.0766	3.1477530510980056	0.016495562197574046	0.12	3.1178527480795206	0.013278787131885086	0.0883	3.0739294499133423	1.3817359615912863	0.0	3.0505338883021524	1.5800683788627206	0.0	3.062195663351973	1.4700657803319774	0.0	3.2382934597062407	1.2828369614222526	-0.2016	3.264339639548384	1.0663303858924882	-0.1613	3.1297409997624595	1.11300140761791	-0.12	2.9300246472902702	1.2467126378024247	0.2016	2.808261136555364	1.0313974350101995	0.1613	2.805507407683392	0.8592187821740722	0.12
157	2.6166666666666667	3.1001212331800483	0.8246466069207194	0.0	3.175356827204663	0.7876375816408767	-0.105	3.1939759959658462	0.42833766933033324	-0.0886	3.038119074418958	0.13623401960331977	-0.0972	3.0539992116338808	-0.021080135322670862	-0.0766	3.0611931191574873	-0.019464490233301796	-0.12	2.9874923746260684	0.11119317315105057	-0.0883	3.024186700902481	0.7885711407286802	0.105	3.0882889918822176	0.4601220140078285	0.0886	3.1253642161604387	0.0941930367870738	0.0972	3.1866694556861863	0.017461072023098226	0.0766	3.1486496905400516	0.015003945901323215	0.12	3.1155455054263417	0.012570444214308571	0.0883	3.0694012961941617	1.3808285782193312	0.0	3.0461045061269956	1.5783421834088143	0.0	3.056028238613598	1.4700776378049087	0.0	3.2356925712972022	1.2782499040271917	-0.2016	3.267226936542	1.0710684082850779	-0.1613	3.131538053889886	1.1132594760653536	-0.12	2.9206762213469637	1.2459959953256505	0.2016	2.801072211020989	1.031390381541041	0.1613	2.798794076153387	0.8594279382201461	0.12
158	2.6333333333333333	3.0936603655410644	0.822149233748478	0.0	3.171115430044394	0.786976004854522	-0.105	3.1823731538065108	0.42562125424507374	-0.0886	3.0322555964398608	0.12757058503281543	-0.0972	3.0546660481997443	-0.021574232489855377	-0.0766	3.057842488812491	-0.020794580150181805	-0.12	2.977106764942699	0.09830658070510609	-0.0883	3.020021336521153	0.7879951881476029	0.105	3.0823606603333125	0.4596862095273038	0.0886	3.120955546875946	0.09737077256477943	0.0972	3.186945369245372	0.016235573768210207	0.0766	3.152719985066804	0.015309943297849682	0.12	3.1108667881509735	0.011513037602706125	0.0883	3.0653260018291615	1.3798143390225421	0.0	3.0424347847412276	1.5776692560679828	0.0	3.0564393669120884	1.4710698651788323	0.0	3.2298659407745696	1.2755731750159494	-0.2016	3.2583763537981434	1.0717773560469275	-0.1613	3.12958171356253	1.0701063161638567	-0.12	2.9118112039839446	1.245958118302307	0.2016	2.79230624911929	1.0309053540112212	0.1613	2.792336284400695	0.8581233526087155	0.12
159	2.65	3.0864439922060622	0.8201725898202179	0.0	3.1638521298289035	0.7874621753717426	-0.105	3.171956196705359	0.42284591136806615	-0.0886	3.0290797369508264	0.1251392585122049	-0.0972	3.0532503452624677	-0.023044822418520725	-0.0766	3.0563883818444464	-0.024174480048509944	-0.12	2.9763876156480245	0.08414672304082749	-0.0883	3.012387511482429	0.7899941308401572	0.105	3.079462760839817	0.4591653035820521	0.0886	3.1219369293693533	0.09969148833712309	0.0972	3.182519666312867	0.016669750600276395	0.0766	3.1511445578074873	0.016148612929522632	0.12	3.11330719385151	0.01256944812219471	0.0883	3.058315732187077	1.378946086689885	0.0	3.03966605118715	1.5770851977284195	0.0	3.0519311483258056	1.4724457969728693	0.0	3.227422739345061	1.2714657892680996	-0.2016	3.2576691946767484	1.0768246954595095	-0.1613	3.1290384032486394	1.1438656236172717	-0.12	2.9046576932321138	1.2462491939785438	0.2016	2.7843946686720313	1.0314197839370995	0.1613	2.7841899740451703	0.8582813499022026	0.12
160	2.6666666666666665	3.081609463004181	0.8211166139376033	0.0	3.156788092517742	0.7835872009658498	-0.105	3.1568036383120415	0.424843640553647	-0.0886	3.017308205120114	0.11325999458808968	-0.0972	3.0624865881870584	-0.026690025133323955	-0.0766	3.0579899199869893	-0.03029039518059176	-0.12	2.9646436016505846	0.07347130247907602	-0.0883	3.003091972266309	0.7864396443922737	0.105	3.072876719827801	0.45727049917652945	0.0886	3.1210571975917363	0.0975962631290542	0.0972	3.1797471653643328	0.019040016904052437	0.0766	3.147739774428956	0.015732984451826526	0.12	3.1144001286349985	0.015544975125579993	0.0883	3.053674137960805	1.3789648866895143	0.0	3.0332316274953324	1.5762280159285966	0.0	3.0471194022785624	1.4701879552391082	0.0	3.220844811162773	1.2696340383818652	-0.2016	3.267796889195195	1.0533328114745415	-0.1613	3.183163694819719	1.04902213447668	-0.12	2.904573672420556	1.2461504049271845	0.2016	2.7795961098562048	1.0322373093115231	0.1613	2.774932980994065	0.8591182112428656	0.12
161	2.683333333333333	3.0752644382687797	0.8213334800585721	0.0	3.1505318349303133	0.7832627888227167	-0.105	3.144795943135785	0.42429048696250904	-0.0886	3.007920328020589	0.10684887998351432	-0.0972	3.052746578888129	-0.02833978693780019	-0.0766	3.0505480080769183	-0.03245418927602675	-0.12	2.955674902066781	0.05725523202596182	-0.0883	2.9965753439281024	0.7865693510096492	0.105	3.066624369986033	0.45614533124701406	0.0886	3.1201525509722945	0.09838596266672293	0.0972	3.17846086093178	0.01910669175482481	0.0766	3.144725544256988	0.015648483373194355	0.12	3.1143412397570445	0.016771745700315838	0.0883	3.0497852749318013	1.3792487130272224	0.0	3.0294629472072154	1.575474685503621	0.0	3.0386292928745315	1.470309644870788	0.0	3.2171819620746596	1.2675651464233426	-0.2016	3.280969152028266	1.0576940448396694	-0.1613	3.2131842635895134	1.070484168613759	-0.12	2.900768886950183	1.2466273565522403	0.2016	2.7731037131148577	1.034543094822959	0.1613	2.770464813195361	0.8591466890283734	0.12
162	2.7	3.0670148919058424	0.8203746419914337	0.0	3.144681193988133	0.7844206610478277	-0.105	3.1308159655417866	0.4208360938575717	-0.0886	2.9962877124606515	0.10258482953815595	-0.0972	3.039326056860973	-0.02962936735768386	-0.0766	3.040335207232045	-0.035168937785863774	-0.12	2.946250243422112	0.0450411983026776	-0.0883	2.9906648568969665	0.7884136588747396	0.105	3.060962553305752	0.4552727219137156	0.0886	3.1194205833988815	0.09924139130492719	0.0972	3.1779907311622444	0.019953091026175998	0.0766	3.1442798027498986	0.01705131828260799	0.12	3.114416165696685	0.016312769152853263	0.0883	3.0440597761995614	1.3788753763016552	0.0	3.0264342360266006	1.5752413996395234	0.0	3.032281617256884	1.471712906015169	0.0	3.2133719410875803	1.2641958862914886	-0.2016	3.2688958138582347	1.0484672452691333	-0.1613	3.3656903675005854	1.0769921514708765	-0.12	2.8933600788956233	1.2465403560173083	0.2016	2.767522984616263	1.0360811123535605	0.1613	2.7650365237867818	0.8600648075130799	0.12
163	2.716666666666667	3.0591252742448196	0.8189341735394662	0.0	3.139668715096248	0.781273558525266	-0.105	3.114814818326959	0.42179621304319764	-0.0886	2.980937859793773	0.09714592466371173	-0.0972	3.0308300707468585	-0.03126528809235231	-0.0766	3.034095412982375	-0.03838666724577408	-0.12	2.9290772731349377	0.03624917256845184	-0.0883	2.9830439690795623	0.7869334158328186	0.105	3.0559503058595383	0.455115238947147	0.0886	3.11564771506822	0.09743642003049582	0.0972	3.179891895926674	0.019173853656326803	0.0766	3.155762433684124	0.014061737286049716	0.12	3.1181177590276117	0.01224675120985945	0.0883	3.036772129808649	1.3782282570024658	0.0	3.0238379805950477	1.5746903243596735	0.0	3.023844326625803	1.4711733638677025	0.0	3.201475125371398	1.2646468672095794	-0.2016	3.276989996399911	1.0533034142929503	-0.1613	3.209811107165049	1.1053334574224898	-0.12	2.8901074421640613	1.2481254807803341	0.2016	2.762042832628539	1.0366079923838962	0.1613	2.7596728652458316	0.8613591165144465	0.12
164	2.7333333333333334	3.04905179462676	0.8182161202771208	0.0	3.1335033002837394	0.7832052974305602	-0.105	3.0987697226483246	0.42240990606346446	-0.0886	2.9714143351257656	0.09227331135598564	-0.0972	3.024336926383317	-0.03014825007519363	-0.0766	3.032784824760079	-0.040330664295052984	-0.12	2.922701429302798	0.029286279706207174	-0.0883	2.9737810022755555	0.7897304549892045	0.105	3.051098665836207	0.4552395279884551	0.0886	3.1125087495073753	0.10007035037242945	0.0972	3.181426432910962	0.021918729717951183	0.0766	3.159662778141653	0.01691384369012107	0.12	3.1188735960450202	0.012303567109505212	0.0883	3.031784899367371	1.3779980861557524	0.0	3.01911001888475	1.574624576448856	0.0	3.0273723237653583	1.470890517552334	0.0	3.196755742571521	1.2613492018305683	-0.2016	3.2726874121296823	1.0542390530478538	-0.1613	3.2020885557651493	1.1410098638024981	-0.12	2.8822377530638263	1.2484434177018202	0.2016	2.7522895713606164	1.03590153505611	0.1613	2.752229914006643	0.8603387610097273	0.12
165	2.75	3.0421088178815836	0.8168458824473703	0.0	3.1244902206118725	0.7812461607851704	-0.105	3.088834147666378	0.4234101155723052	-0.0886	2.9654176723341346	0.08706959143567032	-0.0972	3.0332864822881747	-0.028044596242132305	-0.0766	3.03802767042211	-0.04086171122002438	-0.12	2.9193057617678018	0.022691437536731765	-0.0883	2.9692056208189737	0.7875247913390042	0.105	3.0470065144379728	0.454996230866604	0.0886	3.1086259225787347	0.10117728771550695	0.0972	3.181235202880547	0.024618552168019642	0.0766	3.1613517808344658	0.020351947687154384	0.12	3.116303942784196	0.013347161576649919	0.0883	3.029618805963698	1.3779168430857616	0.0	3.0150156391041483	1.5736465040954235	0.0	3.024257597328952	1.469599860428582	0.0	3.190024210933818	1.2598549938424544	-0.2016	3.2677095217935594	1.0569291815088433	-0.1613	3.1935883441121105	1.1301158361449402	-0.12	2.8799391342282443	1.2496772814315305	0.2016	2.7460557274167443	1.0357945983092811	0.1613	2.745949958538135	0.859401548685081	0.12
166	2.7666666666666666	3.0349618113808683	0.8169689262754161	0.0	3.1194637011383355	0.7824439680694512	-0.105	3.0788210305711354	0.4250468557829322	-0.0886	2.9624144307132148	0.08809133723446189	-0.0972	3.0291816303070425	-0.026262867369737597	-0.0766	3.0373244324776847	-0.0410172765625576	-0.12	2.917460236213786	0.015198189973295043	-0.0883	2.9599357731005838	0.7881861700334584	0.105	3.0423680092588756	0.4565640956914303	0.0886	3.106060657039518	0.10793657979305693	0.0972	3.18147160393137	0.02782754706713704	0.0766	3.160411398262396	0.023903088898948377	0.12	3.1128827605892293	0.017092761008032656	0.0883	3.0231233013993584	1.3782465251459	0.0	3.010800046703633	1.5744863156514	0.0	3.02206681368014	1.4713618295678863	0.0	3.1853644435253914	1.2589737734272193	-0.2016	3.261976681796256	1.0648831930983127	-0.1613	3.1903809144218513	1.149913069958304	-0.12	2.8712199351145773	1.249600730151143	0.2016	2.7411688605680204	1.0362784792467319	0.1613	2.738779066416569	0.8600001870310984	0.12
167	2.783333333333333	3.028628892127128	0.8173084227738656	0.0	3.113064683910086	0.7816972101438833	-0.105	3.0695149228594527	0.4253799598151675	-0.0886	2.957149631915002	0.08308352138459647	-0.0972	3.0295492169664495	-0.0264200264569783	-0.0766	3.0370610562776945	-0.04192206944221773	-0.12	2.915946615588812	0.009147719411055286	-0.0883	2.9535885218774793	0.7874635765606467	0.105	3.036131986764479	0.45682565853416557	0.0886	3.1023917103424696	0.10950982060629409	0.0972	3.180954868123787	0.030778068085926896	0.0766	3.159424178944765	0.026958479954337658	0.12	3.1065431360038027	0.020527068884104938	0.0883	3.019047628448605	1.3793471638290258	0.0	3.009083891555233	1.5751678643752947	0.0	3.0185702620044315	1.4730452406901495	0.0	3.1810451374032227	1.258048638858072	-0.2016	3.2482339700930685	1.058898221300384	-0.1613	3.2240705066674997	0.9112734838534056	-0.12	2.8670802082303344	1.2513210054570778	0.2016	2.735129358096258	1.0367177797294869	0.1613	2.732845507608895	0.859413849547951	0.12
168	2.8	3.0237499961554595	0.8197015836587563	0.0	3.105958282408943	0.7842711997879214	-0.105	3.0600190362956234	0.4252296811756063	-0.0886	2.95540922443283	0.07642968160487573	-0.0972	3.0355610674696263	-0.02358123527228391	-0.0766	3.0376244243150285	-0.03962086644516005	-0.12	2.9142920357291784	0.0022221182779475906	-0.0883	2.94897043071506	0.7897489848100823	0.105	3.029273733880957	0.45767973913428917	0.0886	3.095838932689432	0.10922875826399119	0.0972	3.179536713093424	0.03371207226519768	0.0766	3.1595961637690766	0.029905217916554705	0.12	3.099185451759518	0.022675003676396674	0.0883	3.0145981249343423	1.3797430990329393	0.0	3.0048364701594443	1.576472186887031	0.0	3.0161699217733267	1.4731020804948007	0.0	3.1718129076975576	1.2586072450813535	-0.2016	3.233333502957886	1.0346668871703175	-0.1613	3.2382383940522264	0.860099276004396	-0.12	2.862853161666059	1.2538357221677912	0.2016	2.730638385568772	1.0382543664191701	0.1613	2.730766198045868	0.8602882997685691	0.12
169	2.8166666666666664	3.0147231848568836	0.8223670916145343	0.0	3.0990095711491406	0.7854207849052859	-0.105	3.052857832763255	0.42695393724353725	-0.0886	2.9534315535707156	0.06911541313290911	-0.0972	3.0398816756757068	-0.01961120480960693	-0.0766	3.037826008592978	-0.039407983332227725	-0.12	2.913507207615098	-0.004608328911436893	-0.0883	2.9420491694335555	0.7914566292442702	0.105	3.022229927681888	0.45932661510270645	0.0886	3.086748373914239	0.10925709454757582	0.0972	3.174215032387889	0.04123027275636085	0.0766	3.1571468798355156	0.03909260222428951	0.12	3.092013331323592	0.02430738043216367	0.0883	3.0082341293638533	1.3817275901653254	0.0	2.998503100457515	1.5798700231941756	0.0	3.007858503553031	1.4739410083051532	0.0	3.165440365517582	1.2580582716631759	-0.2016	3.2208275315521404	1.0044724716843425	-0.1613	3.2418258227369323	0.8251325103190779	-0.12	2.8577783181006304	1.2551414080785466	0.2016	2.7227698229152875	1.0379112578896799	0.1613	2.7254010074847614	0.8632926520712721	0.12
170	2.8333333333333335	3.009557980280367	0.821894548527145	0.0	3.089121700493574	0.7874684693599234	-0.105	3.0452343920770373	0.42765025772414134	-0.0886	2.9514484741685827	0.059696658922899	-0.0972	3.043189623876114	-0.013225813556178842	-0.0766	3.03987568872522	-0.03785595052181859	-0.12	2.9125613823533056	-0.009282205676703625	-0.0883	2.9368483865167025	0.7934480134392404	0.105	3.0146053813938205	0.45747926381049586	0.0886	3.078876370621088	0.10593176295865533	0.0972	3.1686386727747755	0.053367776386214	0.0766	3.1521923299969306	0.052768525410300346	0.12	3.0841394954112293	0.02617754089311916	0.0883	3.0052590656316913	1.381859167265001	0.0	2.9956628488275063	1.5807258618942481	0.0	3.0046755541467034	1.4738401389958022	0.0	3.1606810332905373	1.2572436768897162	-0.2016	3.2180842785593184	0.996059097760661	-0.1613	3.2450035028824336	0.809569530757037	-0.12	2.850444679465718	1.254662530187975	0.2016	2.7148721751677938	1.0382429269823665	0.1613	2.7198759264927683	0.864908290445799	0.12
171	2.85	3.0046846924397	0.8227803785552317	0.0	3.08194275166865	0.7894542102959153	-0.105	3.0381134446675513	0.43059127791333307	-0.0886	2.949912358810901	0.058508045349356455	-0.0972	3.0418997989874663	-0.0035383376098635094	-0.0766	3.0390511714001684	-0.0356352471526727	-0.12	2.9128994077655035	-0.011819469083214698	-0.0883	2.9320378774919518	0.7937975706629451	0.105	3.0049232539129878	0.4578079941714825	0.0886	3.06664787579762	0.10771952045984835	0.0972	3.163749181920496	0.06248465766475913	0.0766	3.1456458342414177	0.06789666242885373	0.12	3.071605703253487	0.03093603963574891	0.0883	2.9988765850001546	1.3812439275302177	0.0	2.99152688459327	1.581017096529635	0.0	2.998286979250412	1.473640640454262	0.0	3.156312733064742	1.2567386349484633	-0.2016	3.214775264147275	0.9938729793835256	-0.1613	3.2457577597086065	0.8018850792904247	-0.12	2.845072541136192	1.2545376947909472	0.2016	2.709035991128534	1.0389248956947368	0.1613	2.713951420967702	0.8664083026795187	0.12
172	2.8666666666666667	2.997971450579539	0.8251023561964869	0.0	3.0768630228261213	0.7947324153466049	-0.105	3.0334776527363503	0.43400756812880475	-0.0886	2.9492898720544525	0.06108229086419652	-0.0972	3.037305574656535	0.0025768846243134497	-0.0766	3.035951554132576	-0.033729532637276016	-0.12	2.913176458896328	-0.009991162837842349	-0.0883	2.9277314796200615	0.7980202205663329	0.105	2.9974858609485944	0.461448838646796	0.0886	3.0541677048643665	0.11402726771554185	0.0972	3.1586127294526674	0.06996587163941018	0.0766	3.139866254054721	0.07536327638150374	0.12	3.054372525517582	0.03734847180921744	0.0883	2.996503763593889	1.3832346686276584	0.0	2.989261113967958	1.5849730304267764	0.0	2.9958325449696894	1.4769396233896361	0.0	3.149511752451523	1.2568895926190593	-0.2016	3.21483023186229	0.992802987616375	-0.1613	3.248939373474148	0.797176750101813	-0.12	2.8387550379114095	1.256106515848234	0.2016	2.702724648176853	1.03943970391967	0.1613	2.705646213077559	0.8656394475875893	0.12
173	2.8833333333333333	2.9931447094608417	0.8266742652190642	0.0	3.0698589661422315	0.7913693850181103	-0.105	3.0290555918829147	0.4342842074436693	-0.0886	2.949525514398963	0.06021229538371023	-0.0972	3.0432090975258	0.005006739432675822	-0.0766	3.0411005948395617	-0.03204696975000844	-0.12	2.9121800447183994	-0.009169559514357523	-0.0883	2.9233755511645025	0.7947314657006627	0.105	2.9878922341011527	0.46216752940983075	0.0886	3.046392349400025	0.11297231161752402	0.0972	3.146606445142614	0.07319325201203654	0.0766	3.1299685286684658	0.08023152766672523	0.12	3.0487049587379667	0.03936538373047119	0.0883	2.9920499893546144	1.3839364435234565	0.0	2.9850693676608535	1.5859530316852404	0.0	2.99136996836391	1.4773531251881291	0.0	3.146670690002416	1.2579265459189204	-0.2016	3.212807559079418	0.9926763668927593	-0.1613	3.253988579358265	0.7912096120406589	-0.12	2.834192718967224	1.2575401917131583	0.2016	2.6960830029876335	1.0399425393647463	0.1613	2.7013161103268457	0.8648104048085744	0.12
174	2.9	2.987594506860345	0.8309487171332763	0.0	3.063752876671168	0.7955585918081298	-0.105	3.025874884752616	0.43717492778167255	-0.0886	2.9493056551280943	0.06119477861011569	-0.0972	3.0451460180042753	0.005326700383383898	-0.0766	3.041452061029877	-0.030092402981694466	-0.12	2.9118698437864117	-0.00711865571300882	-0.0883	2.917846357049507	0.7967521846193318	0.105	2.9794396374051533	0.468343239630021	0.0886	3.035538268247656	0.11492738363969476	0.0972	3.1325220357515127	0.07639065313432512	0.0766	3.1160656670897464	0.0833984939060015	0.12	3.0452783031588435	0.045206899363058925	0.0883	2.9865938982919644	1.3860622443717678	0.0	2.981843882331709	1.5879135715990116	0.0	2.9857908235915844	1.4777806177866541	0.0	3.1409027944639516	1.2588315044923137	-0.2016	3.209437567111627	0.9931476602662415	-0.1613	3.256921847930996	0.7854872287037632	-0.12	2.8290521023765987	1.2586239825035137	0.2016	2.690639737378849	1.0424849276477537	0.1613	2.6979945202811044	0.866926659007449	0.12
175	2.9166666666666665	2.9841346882548003	0.8331623970847639	0.0	3.057814525101291	0.7938804039941646	-0.105	3.0230673889870086	0.4399549542813408	-0.0886	2.949120462198319	0.061025994047619825	-0.0972	3.0476147052239373	0.006254356241028269	-0.0766	3.043639513344906	-0.028117702146084264	-0.12	2.9117124303758515	-0.006896804930869249	-0.0883	2.9123042488061994	0.7964453706125599	0.105	2.9733307837720555	0.47155330526079586	0.0886	3.0243953766284584	0.11503637693882832	0.0972	3.1185868633153824	0.07560989470450695	0.0766	3.0997110599287807	0.08236237318293405	0.12	3.042146024342451	0.048025100138460945	0.0883	2.983070100091096	1.3883512235070923	0.0	2.978564053761826	1.5891114444354237	0.0	2.9805105324472736	1.4787216597246786	0.0	3.134957597582489	1.2601161832733663	-0.2016	3.204189471999631	0.9937673744483033	-0.1613	3.2612021260747253	0.7848171761478369	-0.12	2.825746365534252	1.2607191561705207	0.2016	2.685170447553707	1.045047684696124	0.1613	2.690558663162826	0.8665516476842148	0.12
176	2.933333333333333	2.9792480533592753	0.8380973466059233	0.0	3.0506759046964516	0.7963751702205847	-0.105	3.0226727011725045	0.44254471724258987	-0.0886	2.949058901155402	0.06029998936822794	-0.0972	3.048640909782529	0.0041333404175369765	-0.0766	3.044427220377519	-0.027080972038534892	-0.12	2.91190266253069	-0.006849817939762637	-0.0883	2.9073572468091284	0.799137951174016	0.105	2.9658431115610098	0.474075758924832	0.0886	3.011566409947591	0.11503273763928201	0.0972	3.107764756199	0.07096773939044018	0.0766	3.0886070920143656	0.07768722697781837	0.12	3.039662894282401	0.05004541175995153	0.0883	2.9782489989197294	1.3907704705212642	0.0	2.97387397333365	1.5895081836582658	0.0	2.979729177504542	1.4797318744495667	0.0	3.129866193159747	1.2612200449355633	-0.2016	3.2036342503607553	0.9936387317436781	-0.1613	3.264102321129159	0.7844722047212023	-0.12	2.8210398760787716	1.2636926762027243	0.2016	2.6803736648149696	1.0453773069660937	0.1613	2.685633423385462	0.8651463970999241	0.12
177	2.95	2.975602905629637	0.8430073451511996	0.0	3.048548945542566	0.8143110463481475	-0.105	3.0192065956876957	0.4449420375808363	-0.0886	2.948841131736505	0.05601491183881748	-0.0972	3.044768591338317	0.0007913598402543437	-0.0766	3.0400851499407113	-0.028125896322817825	-0.12	2.9117692452350874	-0.007391678659437295	-0.0883	2.902982144827793	0.816140198455219	0.105	2.9592061064486512	0.48244842761084544	0.0886	2.9994127429506494	0.11553094798762988	0.0972	3.0890708096940918	0.06643391226930773	0.0766	3.0675617721426924	0.07345942698256681	0.12	3.0350151797573433	0.05995474445018053	0.0883	2.9743041800329864	1.393074647998078	0.0	2.970162815404796	1.5902986388403548	0.0	2.973958562591607	1.4829105394899464	0.0	3.1263056287630984	1.2621239288449244	-0.2016	3.200711385324303	0.9928872332113166	-0.1613	3.264344904366912	0.7824842996103551	-0.12	2.8171479433052498	1.2658515917055275	0.2016	2.6763020047388006	1.0461995592075044	0.1613	2.6814756886723066	0.8670357135773978	0.12
178	2.966666666666667	2.9728617265950508	0.8470344954065535	0.0	3.0438608857043588	0.820433545960181	-0.105	3.0145101691213747	0.4468556634238829	-0.0886	2.9488071529278437	0.05423944229563308	-0.0972	3.044155542621302	-0.002337195249059884	-0.0766	3.0388810650343587	-0.02883241161514745	-0.12	2.9132936666797455	-0.008253982056540779	-0.0883	2.8977900945894985	0.8235790895776762	0.105	2.9517006401091037	0.48540490811260784	0.0886	2.9742704120274635	0.11187204583020045	0.0972	3.071078528107879	0.05700694889618272	0.0766	3.051883831944295	0.06789882656562463	0.12	2.999468113425902	0.060632265198090694	0.0883	2.9675746998326558	1.3943175944765576	0.0	2.9655157942085038	1.5911048742950082	0.0	2.9670499782122333	1.4846270784322817	0.0	3.1217244815363894	1.2629834211247442	-0.2016	3.1963351754399834	0.9932415981211218	-0.1613	3.265045854240543	0.7805621415144557	-0.12	2.8123135412436273	1.2668533242595785	0.2016	2.6710778397981034	1.0466177796235705	0.1613	2.6764404046349393	0.8678217482535912	0.12
179	2.9833333333333334	2.9670420367841843	0.8466530551644043	0.0	3.0400291423787276	0.8197115704069537	-0.105	3.0107972116725783	0.4473584506593214	-0.0886	2.9486551054863632	0.049937543855231116	-0.0972	3.0454479313881344	-0.004379418965203663	-0.0766	3.0392381511291244	-0.029469995966298068	-0.12	2.9178557224897737	-0.010400797294667988	-0.0883	2.8917111592214377	0.8239227815792554	0.105	2.945053783811516	0.4860437047709299	0.0886	2.9563947909970834	0.10955493188220507	0.0972	3.0530245200528006	0.04679832368956184	0.0766	3.0378706511143516	0.06257097137260534	0.12	2.9456262772679707	0.053663835966368346	0.0883	2.9656572821938747	1.3944430726973183	0.0	2.961777544538393	1.5912782150769682	0.0	2.9651211696045348	1.4838374290238368	0.0	3.1179567499286005	1.2629083927853286	-0.2016	3.1928268427511974	0.9935386401485374	-0.1613	3.264430823151463	0.7788305320305015	-0.12	2.807987093235595	1.2676319419414064	0.2016	2.6645258582988776	1.046178082461183	0.1613	2.6721167421735346	0.867580802446162	0.12
180	3.0	2.9636706713458123	0.8458736040141175	0.0	3.0347918147452937	0.8213195032057047	-0.105	3.0077846384346163	0.4463363027839121	-0.0886	2.9487662921125675	0.04715278730032098	-0.0972	3.048103779680705	-0.00499425659152386	-0.0766	3.0418338972779493	-0.030069002274525483	-0.12	2.9221507514456575	-0.012436751636558246	-0.0883	2.888328382686897	0.8242236417722639	0.105	2.9369458860475355	0.4871325284628863	0.0886	2.9329075949434658	0.10907574456887312	0.0972	2.998552514971991	0.055593128386356466	0.0766	2.945894271493906	0.07185101503329247	0.12	2.9133661766607672	0.051254511683425465	0.0883	2.960601723231417	1.394774837363322	0.0	2.9587458307921617	1.5918339112371576	0.0	2.9600770610763614	1.4839108088611521	0.0	3.1129940341368147	1.2624154492754378	-0.2016	3.190380747335478	0.9922027762228063	-0.1613	3.260833138073658	0.776629019114222	-0.12	2.8004404080795435	1.2669610041008954	0.2016	2.658405467370331	1.046013572025523	0.1613	2.6666663935266923	0.867893503168614	0.12
181	3.0166666666666666	2.9562256826404227	0.8430271046683351	0.0	3.029375903367267	0.8168382254637213	-0.105	3.0028274867066926	0.44465509804308123	-0.0886	2.9489786778093166	0.04482466957520083	-0.0972	3.050741258786972	-0.00557740908464692	-0.0766	3.0435579792120526	-0.03080325077682429	-0.12	2.923387152879123	-0.013697580467195283	-0.0883	2.8833500544263773	0.8202118552616602	0.105	2.9291359692793413	0.4852739877085644	0.0886	2.9215595083970283	0.10701604290416361	0.0972	2.9756880723596124	0.05302042322526659	0.0766	2.9324301904692978	0.06941229155377168	0.12	2.906938047517814	0.04577810624431631	0.0883	2.955199721437362	1.3937613303393686	0.0	2.953550943655339	1.5907828675939657	0.0	2.954650638687123	1.48291442597387	0.0	3.1072263340045643	1.262626588276759	-0.2016	3.1850381808021933	0.9917094969515066	-0.1613	3.257748636339436	0.7764966596464178	-0.12	2.7973030332051163	1.267163350243202	0.2016	2.6534102844626926	1.045675042091738	0.1613	2.665488256443991	0.865875965035115	0.12
182	3.033333333333333	2.9515299283365817	0.8406186578584097	0.0	3.02476603313101	0.8138039329674309	-0.105	3.0003554172373175	0.44460917626278146	-0.0886	2.9492440930716617	0.04325954609650884	-0.0972	3.0517048454356717	-0.005203017514113659	-0.0766	3.043291846540449	-0.03125605139200403	-0.12	2.9236279124332203	-0.013859217582698771	-0.0883	2.87874708916819	0.8185341281939378	0.105	2.9240551070380087	0.48541404682577927	0.0886	2.909277292578421	0.10198974835990735	0.0972	2.9550276944714065	0.0456727438049237	0.0766	2.9173489156782617	0.06174234956899772	0.12	2.8968222813689293	0.04287367685515704	0.0883	2.9505862051606315	1.3928096343112688	0.0	2.948743597743848	1.5898113994711083	0.0	2.9498174526824927	1.482149584434667	0.0	3.102133924994224	1.262993064193379	-0.2016	3.1820091964958626	0.9926258547442215	-0.1613	3.2554062267827977	0.7779308687577168	-0.12	2.793145849455537	1.2663497938566126	0.2016	2.6491653333720913	1.0459630877512702	0.1613	2.657239547297144	0.8649346740935143	0.12
183	3.05	2.9479667692798874	0.8408343584124995	0.0	3.0210415306180227	0.8175103825767748	-0.105	2.996555303149245	0.4468190899482897	-0.0886	2.9492770393232943	0.04311047985032837	-0.0972	3.051158675357448	-0.00513238849915558	-0.0766	3.0431744449362155	-0.030888314822221055	-0.12	2.9248716217908775	-0.013743246651757524	-0.0883	2.872856297793698	0.8221529866945619	0.105	2.915642785840122	0.4882365608043466	0.0886	2.897546017536284	0.10490821204563557	0.0972	2.933538362340389	0.03177646818900838	0.0766	2.8980528441442233	0.05692790025214788	0.12	2.8780064399978156	0.045030649415787556	0.0883	2.9468230698904967	1.3930850816142435	0.0	2.9429193525120545	1.5899333099201787	0.0	2.9439869540396044	1.4825594920591902	0.0	3.096160283154383	1.2625750406629366	-0.2016	3.1737728100121916	0.9935525970673199	-0.1613	3.2527874290062395	0.7794019879137453	-0.12	2.789532886972289	1.2658867905571103	0.2016	2.6455436684097657	1.0457866366577437	0.1613	2.653033347097069	0.8656858197019629	0.12
184	3.0666666666666664	2.944152958006369	0.841142542860384	0.0	3.0171123341471735	0.8205949374792774	-0.105	2.990794296237731	0.44763149551512416	-0.0886	2.9496414954194203	0.04222606099540624	-0.0972	3.0486654516578016	-0.0046323613088982835	-0.0766	3.0421534191175916	-0.030599940584294202	-0.12	2.9267731028168518	-0.014896322587994781	-0.0883	2.868620939791262	0.8235840675510945	0.105	2.909060648965612	0.4925161994978877	0.0886	2.8828796525598506	0.11586579449209841	0.0972	2.9163727413500267	0.023905250640259806	0.0766	2.8760616191191124	0.04609759546251245	0.12	2.8655319880136507	0.05455433945086653	0.0883	2.940987153448778	1.392346610018898	0.0	2.938872632481764	1.5895763740687934	0.0	2.9399053412227376	1.4831649556181883	0.0	3.092158128645414	1.2620604830077857	-0.2016	3.1673659125160207	0.9938333611776228	-0.1613	3.248067926585538	0.780210226955455	-0.12	2.7837396363316813	1.266416371107168	0.2016	2.639695919295607	1.0455567545120472	0.1613	2.646764137962262	0.8703079277247281	0.12
185	3.0833333333333335	2.938580076443263	0.83910385826753	0.0	3.0112982970447164	0.819665524514766	-0.105	2.9877236353455054	0.4460698946334705	-0.0886	2.9493671704295896	0.04126814613726966	-0.0972	3.046040436221221	-0.0036131929583621686	-0.0766	3.0419951420822398	-0.030519620905255992	-0.12	2.926789522890427	-0.015636530656763764	-0.0883	2.861134116738804	0.8223838777416791	0.105	2.903306600638075	0.4929423418195094	0.0886	2.868966038756347	0.1219092547159915	0.0972	2.89780375582684	0.015265616091191439	0.0766	2.8548685809927323	0.03651073055733682	0.12	2.8518646948725115	0.06173419472639446	0.0883	2.9373792687636904	1.3910981787203407	0.0	2.933181928050767	1.5892459954525968	0.0	2.9342308795039775	1.482122814309986	0.0	3.0860698007925893	1.2618375641311406	-0.2016	3.163191998479002	0.9912504470535873	-0.1613	3.240468144043787	0.7791395111678733	-0.12	2.780652517507031	1.2667046617793059	0.2016	2.636878536337378	1.0454370279267136	0.1613	2.6420920905169525	0.8715085092933038	0.12
186	3.1	2.9326372206484552	0.8363119004329377	0.0	3.0054811796829024	0.8133888794287616	-0.105	2.9864700363023355	0.44335974521432264	-0.0886	2.948978506887389	0.04015066954605599	-0.0972	3.0451078946422907	-0.004018023098564888	-0.0766	3.042431950957149	-0.030467417203521086	-0.12	2.9249164541994905	-0.016472510102455998	-0.0883	2.8573677943168234	0.8173405104819687	0.105	2.8971796032056445	0.4901679628149764	0.0886	2.8544978810843475	0.12840280252195435	0.0972	2.882404380407013	0.01253764311351277	0.0766	2.836311171840865	0.03578963121609037	0.12	2.839809608083756	0.06824712030380647	0.0883	2.93143114387437	1.389509355819765	0.0	2.9272233676607886	1.587747978301172	0.0	2.928295920026934	1.4805671295906082	0.0	3.0798796086416522	1.2603592433109227	-0.2016	3.1550236588815928	0.9876657211795936	-0.1613	3.2334531150752692	0.7750144566167828	-0.12	2.776931706954096	1.2646517792137262	0.2016	2.6329436268868576	1.0452538492482293	0.1613	2.6403340693853803	0.8712906707917044	0.12
187	3.1166666666666667	2.9294887396554192	0.8339714398942438	0.0	3.0021174328079367	0.8119611151080379	-0.105	2.984110739940959	0.441874987908221	-0.0886	2.9489041849705235	0.04050935067632308	-0.0972	3.0452817495945492	-0.0036078366441878035	-0.0766	3.043505287867098	-0.03021282348148928	-0.12	2.9235804009414172	-0.01601218760373299	-0.0883	2.8547470473159433	0.8157622008233482	0.105	2.8920015069941964	0.49047157665447183	0.0886	2.8433014494008564	0.14176114712276677	0.0972	2.8591746802569675	0.007594523009157472	0.0766	2.8055609716374414	0.032967261473984655	0.12	2.8287818825649462	0.0816346757809623	0.0883	2.9261054243949243	1.3890998318106782	0.0	2.92390491000572	1.5870238915008843	0.0	2.9249750161991326	1.4803198634895967	0.0	3.0739869205806483	1.25842126927461	-0.2016	3.1489828460519864	0.985714225860297	-0.1613	3.2247365577489733	0.7715308418564876	-0.12	2.772297596414666	1.2627761823787078	0.2016	2.6282645247925034	1.0451648062436438	0.1613	2.6381261687466746	0.8715410061911553	0.12
188	3.1333333333333333	2.923524418876042	0.8303840487726944	0.0	2.996097938270312	0.8073661663765174	-0.105	2.9828604066140265	0.43937074229356254	-0.0886	2.948804383790179	0.041013141829109326	-0.0972	3.0468856423928314	-0.0035218077450037133	-0.0766	3.04474943537413	-0.03002386685768825	-0.12	2.921234886260242	-0.01661235689368558	-0.0883	2.851212387082852	0.8100800026949961	0.105	2.8879499869705287	0.48776366114580405	0.0886	2.831027059102201	0.15351669327525344	0.0972	2.844150618356549	0.004303154181918845	0.0766	2.7901944253696036	0.02927185076717302	0.12	2.8168908642527004	0.09345979651583596	0.0883	2.9221444252527333	1.386983177546916	0.0	2.9178956088637586	1.5861753677818766	0.0	2.9192716468408135	1.4783105587561653	0.0	3.0673357172215017	1.2574230070163863	-0.2016	3.1444979452070174	0.9842336073770528	-0.1613	3.217420419640809	0.7695705680460503	-0.12	2.768499393399832	1.2607231695956849	0.2016	2.6222665010151243	1.0444875991813947	0.1613	2.634883886606855	0.8698347566958639	0.12
189	3.15	2.9196919366009952	0.8282342809504012	0.0	2.9923445523544547	0.8034707551959128	-0.105	2.9818568900802753	0.43630018970646467	-0.0886	2.9490152305423813	0.04351727704233424	-0.0972	3.046908671049391	-0.0034118289595709145	-0.0766	3.0448328211456506	-0.02943727710762263	-0.12	2.9203771597444024	-0.015922129941490393	-0.0883	2.8474139786586092	0.8071146364047431	0.105	2.881846321394566	0.48489041570877234	0.0886	2.819142104123012	0.1661315591670166	0.0972	2.832015937139864	0.003206566490434423	0.0766	2.7786467938690693	0.026309409452961313	0.12	2.8092482540676142	0.10884794985049792	0.0883	2.9185516147708337	1.3835121499431045	0.0	2.9142021296309357	1.5857239768127904	0.0	2.9178956157972107	1.4752009673995752	0.0	3.0613654848743446	1.2555463354687366	-0.2016	3.1360743914735405	0.9829878466518998	-0.1613	3.2086364915660464	0.7668720874773914	-0.12	2.764777182644467	1.2594531182409436	0.2016	2.6183891135971122	1.0442192183776813	0.1613	2.6329972740347767	0.8689508274838299	0.12
190	3.1666666666666665	2.9151856088161097	0.8286325802446888	0.0	2.987684223687856	0.8062429479799362	-0.105	2.9797973128526505	0.4350924992680134	-0.0886	2.948936215895106	0.04416390910217525	-0.0972	3.046035413551086	-0.0028569231976974113	-0.0766	3.0441584027372715	-0.029084289415364964	-0.12	2.920509660700972	-0.015738377779671867	-0.0883	2.8407029283611833	0.8088040472359497	0.105	2.8748758270852783	0.4863633539952532	0.0886	2.8113375874711286	0.17253819102480258	0.0972	2.82348363979663	0.00369676679257136	0.0766	2.773796658161355	0.026194906105963395	0.12	2.7970872892633265	0.11588558641998357	0.0883	2.914086289639988	1.3830920382795588	0.0	2.9119689077539115	1.5851761649083362	0.0	2.915844508668408	1.4748502119664297	0.0	3.058749392765904	1.2535576426975505	-0.2016	3.1286100611411753	0.9840027303056582	-0.1613	3.1985199359822443	0.764695396370575	-0.12	2.7604552987682602	1.2587614935471128	0.2016	2.6160288252905173	1.0438824186534843	0.1613	2.629187262159751	0.8702242896437148	0.12
191	3.183333333333333	2.9106113747391733	0.8276446885942982	0.0	2.982966491391854	0.8071187005005264	-0.105	2.975897234537739	0.4335267328742761	-0.0886	2.9495135233472194	0.04413904111690096	-0.0972	3.0456963886011352	-0.0034964340141773326	-0.0766	3.043579856079351	-0.02949164134642361	-0.12	2.9206668454395177	-0.016248260123982214	-0.0883	2.83613588760113	0.8099688273433363	0.105	2.869963079270056	0.4865776602465149	0.0886	2.8016929800511137	0.18272000969178698	0.0972	2.8176604038531643	0.005296646165509594	0.0766	2.772237043993204	0.026372427530062664	0.12	2.789012452202265	0.1279376810024151	0.0883	2.9095236109513625	1.3814431509061986	0.0	2.90786121092006	1.5835430555162704	0.0	2.9115570080169526	1.4738887044592084	0.0	3.051839625720337	1.252354297976495	-0.2016	3.1232126162347655	0.9842182602762563	-0.1613	3.187970422932004	0.7638134385317229	-0.12	2.7560616132820313	1.258059825872614	0.2016	2.6097496190270024	1.0422445428321305	0.1613	2.626960280202339	0.8708210720016879	0.12
192	3.2	2.9063863617865966	0.828506972284403	0.0	2.9790314655286565	0.8071883959816845	-0.105	2.9745874904624947	0.4341667856753532	-0.0886	2.9506351767467045	0.04523531509550417	-0.0972	3.0443117297992357	-0.0036578350516926206	-0.0766	3.0422374907513685	-0.029653987070090662	-0.12	2.920267327486535	-0.015660293449424656	-0.0883	2.8341589180903943	0.8124046354761671	0.105	2.8636283844608084	0.4852522134374018	0.0886	2.7964472458035976	0.19498299006283082	0.0972	2.817659513881192	0.007819781258609645	0.0766	2.7749931020927	0.026721077464410603	0.12	2.7791986398987096	0.14016392832243835	0.0883	2.905319707822538	1.3814985989742314	0.0	2.9061064650585213	1.5835147483688958	0.0	2.907752328234605	1.4751176462927154	0.0	3.047632197159879	1.2518916621915732	-0.2016	3.1143651194972364	0.9850425583082966	-0.1613	3.1762981543560826	0.7628759961529478	-0.12	2.7518826434453536	1.2575495347254895	0.2016	2.6054242522439073	1.0397598984306544	0.1613	2.6240840216968544	0.8716499361817273	0.12
193	3.216666666666667	2.898944463920029	0.8265587319623315	0.0	2.9740552230570683	0.8061465339206003	-0.105	2.9743098210835943	0.43243097064810176	-0.0886	2.950260043629472	0.04482923040682469	-0.0972	3.0407902098310635	-0.004231415312229231	-0.0766	3.042114313144332	-0.02948456933482542	-0.12	2.9202604091275104	-0.016164427077524218	-0.0883	2.8290775146748306	0.8103584621973078	0.105	2.8583356211347253	0.4823149805708401	0.0886	2.78796750943823	0.201185649502248	0.0972	2.8168639400943993	0.011491760763724546	0.0766	2.7760283200574816	0.02743096379413429	0.12	2.770466380964425	0.1464835117543617	0.0883	2.897909164993488	1.3796962400895603	0.0	2.9012484465313206	1.581802288017731	0.0	2.9050071914914057	1.475277678847072	0.0	3.039885273084047	1.2519125464863377	-0.2016	3.1036902428591024	0.9854748459189846	-0.1613	3.1629971302177045	0.7637405176743884	-0.12	2.7466980904626412	1.2571463900512112	0.2016	2.6023077896487368	1.0387817574826543	0.1613	2.618303788256451	0.8706076272379091	0.12
194	3.2333333333333334	2.89376748619854	0.8240779598352935	0.0	2.971412161992715	0.8036186296250472	-0.105	2.9725776707717637	0.43129621650220973	-0.0886	2.950311617294308	0.04372866222431057	-0.0972	3.0390256082278957	-0.004740488812239194	-0.0766	3.0427058741153408	-0.029451191413911615	-0.12	2.920487947583462	-0.016781469313506464	-0.0883	2.821871575014068	0.8071326631304727	0.105	2.8534174224429285	0.4779362158254212	0.0886	2.7781262579705577	0.20085432354763305	0.0972	2.818384695045363	0.012421798257983063	0.0766	2.776347602837218	0.026939787408899837	0.12	2.760413058489186	0.14851261562029913	0.0883	2.892680076958556	1.3785885892867302	0.0	2.896287776745908	1.5797623039144242	0.0	2.902437177788655	1.4745918076443236	0.0	3.0323605828167906	1.2503166143193625	-0.2016	3.0934336998623864	0.9836727907019572	-0.1613	3.1521978543928784	0.7649342257679977	-0.12	2.7418892946383875	1.2545683962345553	0.2016	2.597567553014459	1.0364685036706673	0.1613	2.6135948741132733	0.8650164073777462	0.12
195	3.25	2.888376045904765	0.8222195510257861	0.0	2.9659883171351087	0.8045937685025258	-0.105	2.972070815469132	0.4299024574120704	-0.0886	2.9503404151083545	0.04300774748512608	-0.0972	3.0356559366517093	-0.004707103960730333	-0.0766	3.0423557802663894	-0.029099210290167668	-0.12	2.92056272641757	-0.017357778826055548	-0.0883	2.8163698856918664	0.808007572385012	0.105	2.848029955823313	0.47692579786304246	0.0886	2.7726125159285466	0.20187079369377994	0.0972	2.818429491511987	0.013192599928897722	0.0766	2.776699355814451	0.025626022863055847	0.12	2.7542829475068245	0.15199844936664716	0.0883	2.8873075259507046	1.3761025246757776	0.0	2.8907312520782487	1.5781518842738158	0.0	2.897110899165384	1.4738341145743177	0.0	3.0267390104575154	1.248452986104811	-0.2016	3.0851654641058834	0.9806107282351753	-0.1613	3.1389246137128692	0.7628815922960097	-0.12	2.738732080581637	1.2527651230044528	0.2016	2.59433276850447	1.0336379024080877	0.1613	2.612339067761696	0.8618877648672302	0.12
196	3.2666666666666666	2.882351350196016	0.8201119773453625	0.0	2.957794875324961	0.8058502689712663	-0.105	2.969635251004285	0.4275850577685483	-0.0886	2.9503472713048864	0.04333671758497114	-0.0972	3.0322228606966948	-0.0049502628109483054	-0.0766	3.0426217217865745	-0.02913111621718513	-0.12	2.9205131233820003	-0.01715762541115487	-0.0883	2.812238251112971	0.8094598533815427	0.105	2.841996567860793	0.47530997887491855	0.0886	2.768653422264305	0.19937902969441385	0.0972	2.8185372510008215	0.01210899963663531	0.0766	2.774000448494896	0.021821354871773807	0.12	2.747525302255211	0.14936013527494216	0.0883	2.881358276145451	1.3744585708960397	0.0	2.882714865020705	1.5761881457844698	0.0	2.889110328306368	1.4733889628035493	0.0	3.021094847565645	1.2455873806095554	-0.2016	3.077129172575753	0.9783404530229173	-0.1613	3.128516275309996	0.7556510907348042	-0.12	2.7324876854649185	1.2510537060806033	0.2016	2.587749282169979	1.0293691914673389	0.1613	2.6092511778742415	0.8638126572414047	0.12
197	3.283333333333333	2.8760891773033794	0.8182794394411927	0.0	2.951043518038164	0.8078443890700934	-0.105	2.9683149364002803	0.42315373919963667	-0.0886	2.950955998145615	0.042688907429600645	-0.0972	3.0313514297819917	-0.005258655605315424	-0.0766	3.0427758449010103	-0.029384303794233457	-0.12	2.921425440804296	-0.018677399476257725	-0.0883	2.8063245945365374	0.811314144241482	0.105	2.838298283822903	0.47096995311306533	0.0886	2.765838923963629	0.19025445345717973	0.0972	2.8176708129580166	0.004736599685998252	0.0766	2.7717165598273907	0.012562374634069992	0.12	2.7424246575473528	0.13989214616127105	0.0883	2.8754549028959935	1.370971348321659	0.0	2.87863616923974	1.5733293608254946	0.0	2.884934002509418	1.47204263745803	0.0	3.0120369893154986	1.2429196408573326	-0.2016	3.067562049863492	0.975606413822887	-0.1613	3.1186593023669964	0.749301345076504	-0.12	2.727147533695965	1.2488575964848017	0.2016	2.584305053301758	1.0282710298081408	0.1613	2.60529548565818	0.8619687334563272	0.12
198	3.3	2.8680850346512314	0.8168356740717455	0.0	2.9449254247393046	0.8104513655906672	-0.105	2.9655715557012665	0.4207762725496338	-0.0886	2.9511998181240107	0.04163500552314296	-0.0972	3.0311950472770635	-0.00447946883976684	-0.0766	3.0428947716192494	-0.029284875159099444	-0.12	2.9224663884888815	-0.01857731166715816	-0.0883	2.7981302535280665	0.8152814067881723	0.105	2.83048611881837	0.4681131716976859	0.0886	2.762739297025461	0.17988792492710126	0.0972	2.815150348624799	-0.003602616965784039	0.0766	2.7682126674488305	0.0026168442545188436	0.12	2.739321154964407	0.12514499081754465	0.0883	2.8719247704331465	1.3684940817775315	0.0	2.8732386802223218	1.569279700742222	0.0	2.8795108826043907	1.469030218879899	0.0	3.0057530628868467	1.2410111308510803	-0.2016	3.058759899223229	0.9724348084184747	-0.1613	3.107775550218305	0.7409586552517298	-0.12	2.723953825211492	1.247482587070755	0.2016	2.5750197752125707	1.0261600954975538	0.1613	2.6024870323772715	0.8571484324609967	0.12
199	3.3166666666666664	2.8623923765553143	0.8142761026785101	0.0	2.9373258664606268	0.8062536913994731	-0.105	2.9625156354481312	0.4192375324170028	-0.0886	2.951526591182252	0.0394394375797435	-0.0972	3.031687184784421	-0.001860480864543157	-0.0766	3.0434164484485366	-0.02916677553742493	-0.12	2.9232279563656705	-0.019997752631487425	-0.0883	2.790267414819518	0.8125709609658769	0.105	2.8229133474132984	0.46243666201498057	0.0886	2.757735404047976	0.17153540206089926	0.0972	2.816311953759708	-0.011642930144153019	0.0766	2.7638188004369	-0.00413549153296322	0.12	2.7356503881824343	0.11422226220960408	0.0883	2.86465805360166	1.366083552737624	0.0	2.8678816051070117	1.5668319287301888	0.0	2.8744531479957782	1.463764136042251	0.0	2.997712033092709	1.2387910617700626	-0.2016	3.0482136807494817	0.9670291183737635	-0.1613	3.099082139202762	0.7370289162138766	-0.12	2.719074927388476	1.2455562749884204	0.2016	2.571778838613214	1.0258693552291844	0.1613	2.5986858214198083	0.8600213224136924	0.12
200	3.3333333333333335	2.8536129828950405	0.8119592367491753	0.0	2.9329885647636735	0.797792651870663	-0.105	2.956415492852964	0.4171099920236999	-0.0886	2.952228290075111	0.037034044954047926	-0.0972	3.0308923204900253	-0.0011109768418554877	-0.0766	3.0433512278134773	-0.029062569924344833	-0.12	2.924284641908437	-0.020342301375081737	-0.0883	2.7816571030798647	0.8086244423368278	0.105	2.8167750738312427	0.45753485091109913	0.0886	2.7538157183892933	0.1427350951644951	0.0972	2.8197214821457255	-0.014383471235796821	0.0766	2.7585381860081686	-0.0062496328854852595	0.12	2.7323232198055063	0.09307287049277974	0.0883	2.8602756212993596	1.3640123303151905	0.0	2.861560097319802	1.5654265519365325	0.0	2.870407719246047	1.4624427804263753	0.0	2.990564458731574	1.2359322528152934	-0.2016	3.0406977455398994	0.9628346565494844	-0.1613	3.086769484022633	0.7340905866906572	-0.12	2.713204738417137	1.2425392787940213	0.2016	2.566211828234691	1.024791409456296	0.1613	2.599701050317007	0.8609314473545051	0.12
201	3.35	2.846383344367572	0.8089877995577747	0.0	2.9263185458359935	0.7911938312645868	-0.105	2.9519727694446427	0.4156658449862373	-0.0886	2.9530641627212972	0.036517910309050855	-0.0972	3.0327530973830954	-0.002368017601162231	-0.0766	3.0431417223662147	-0.029259787906875473	-0.12	2.9245801754712755	-0.019240734138463125	-0.0883	2.7747228455938955	0.8007262517258448	0.105	2.8120206200599576	0.45332374149388655	0.0886	2.753032083390399	0.12669762467756432	0.0972	2.820571465806595	-0.014975977332307752	0.0766	2.754500999552458	-0.006385573800427133	0.12	2.7335837425533938	0.0746183336707545	0.0883	2.8536269568264823	1.3618032349518232	0.0	2.857167726415775	1.5635281617554002	0.0	2.866435510129049	1.460574629925328	0.0	2.9836874281567822	1.2349520702361005	-0.2016	3.0315461744312278	0.9602453172304338	-0.1613	3.0772500727886847	0.7310015938928338	-0.12	2.7064951956420154	1.2400254079326156	0.2016	2.558868743910528	1.0224805062332794	0.1613	2.5983448113715633	0.8590250569561698	0.12
202	3.3666666666666667	2.8376621394131716	0.8070096775602013	0.0	2.9175040707968973	0.7775026538376659	-0.105	2.947601370351864	0.41612657357230454	-0.0886	2.954279571532629	0.037915903028550885	-0.0972	3.035483197126992	-0.005036550539930906	-0.0766	3.043636882903034	-0.03016572483519528	-0.12	2.926552683534613	-0.018728807553935425	-0.0883	2.7690388990044963	0.7877952402865175	0.105	2.8040775409378536	0.4516270179470935	0.0886	2.7534796958764542	0.11654998934336339	0.0972	2.8213569400105074	-0.02407737673022825	0.0766	2.7709796705244947	-0.015170115432752818	0.12	2.7350156151446368	0.059635970714259946	0.0883	2.847277488308296	1.3607753936785387	0.0	2.8528976460617668	1.5615857902604897	0.0	2.864330497223644	1.4578397639188556	0.0	2.9762659532382707	1.2346336575598926	-0.2016	3.0236171394144646	0.9593827553426486	-0.1613	3.066931376130185	0.7306394800613241	-0.12	2.703108225747189	1.2397747981425444	0.2016	2.552087360468915	1.0212764967592618	0.1613	2.5987065784128913	0.8608253990324004	0.12
203	3.3833333333333333	2.83085802535159	0.8076467323702907	0.0	2.9105837100862155	0.7753413994148115	-0.105	2.943442309808865	0.41451535029505027	-0.0886	2.9559615965202384	0.039437887163598945	-0.0972	3.0378703620817085	-0.007828794711545559	-0.0766	3.0455080915909636	-0.030552731646395048	-0.12	2.927272449264256	-0.01829495461461858	-0.0883	2.76061206484912	0.7854533194495429	0.105	2.799793099121885	0.44854820767075926	0.0886	2.7548340280949204	0.10312485532863111	0.0972	2.8233930078734177	-0.02282154456379258	0.0766	2.78101128586005	-0.013632803899713844	0.12	2.736707638603307	0.04375791351530547	0.0883	2.842956899875357	1.35938434013713	0.0	2.844481706194112	1.5582606081833426	0.0	2.8557572079568185	1.4547640962548707	0.0	2.9695184332715647	1.23339599726345	-0.2016	3.0144045846098275	0.9595593216523518	-0.1613	3.0595569854261933	0.7293090981049202	-0.12	2.697247455715463	1.2401234562803918	0.2016	2.548206563989996	1.0212590639032364	0.1613	2.6005906639043417	0.8613704227838438	0.12
204	3.4	2.822892615549712	0.8085169540326014	0.0	2.902534292051753	0.7755721721167576	-0.105	2.9380942528629688	0.41382844058662904	-0.0886	2.9589244562484835	0.03862559646913967	-0.0972	3.0423780720354743	-0.0066239508809757125	-0.0766	3.0482020281188884	-0.029999565325300362	-0.12	2.9308038752694228	-0.017101456008708285	-0.0883	2.7549895324919143	0.7874937219815927	0.105	2.792420928009243	0.4453399139864971	0.0886	2.7550876946041316	0.08956257990228635	0.0972	2.825522683616516	-0.01932214109937866	0.0766	2.7924898890822436	-0.009748441482544307	0.12	2.738494484930958	0.031743047657757734	0.0883	2.8354533242308193	1.3586908971423406	0.0	2.8388112512621277	1.5587076167053704	0.0	2.8457158435172363	1.4559309928865052	0.0	2.9639954939456	1.232543248976768	-0.2016	3.008503638418101	0.9587035032792003	-0.1613	3.0493552027488593	0.7261848319046175	-0.12	2.691958484035745	1.2397222802483256	0.2016	2.5434352524119754	1.0189382272503533	0.1613	2.6049755262103944	0.862463539915538	0.12
205	3.4166666666666665	2.813703163320036	0.8083053392101375	0.0	2.8930484693307443	0.7714940724574527	-0.105	2.931469590726403	0.40906993817396486	-0.0886	2.9642094980561637	0.040088270202313314	-0.0972	3.0444707344196074	-0.006607379567422647	-0.0766	3.0501456324685297	-0.029094934315983673	-0.12	2.9327782669587523	-0.014974743145055938	-0.0883	2.748220701123035	0.7842446421407159	0.105	2.785957555271466	0.43971412947323124	0.0886	2.7540365959052933	0.08324753837813852	0.0972	2.827158740854811	-0.017326253451523277	0.0766	2.795817665113975	-0.00756652522598901	0.12	2.739298237230592	0.021845343196887107	0.0883	2.82850771199609	1.3605301211365515	0.0	2.8318578713644986	1.5591917655183	0.0	2.84065845442187	1.4540057805106583	0.0	2.9571277142997263	1.2328321821397248	-0.2016	2.9990841502198404	0.9572287868528087	-0.1613	3.041492202090862	0.7247199331060569	-0.12	2.6854451957927106	1.2402748033973656	0.2016	2.539856594843447	1.0175119965717467	0.1613	2.6086797973176106	0.8629481644485474	0.12
206	3.433333333333333	2.8083851174777896	0.8097348067152896	0.0	2.885374653830017	0.7738563398627893	-0.105	2.9267559481163534	0.41013476171752905	-0.0886	2.9684287445001276	0.04171380237939991	-0.0972	3.04948798674173	-0.0030779211657033095	-0.0766	3.0535971146380887	-0.02547585372596696	-0.12	2.936139218886642	-0.01184266783879101	-0.0883	2.7385568585745528	0.788687111804741	0.105	2.781262585476387	0.43896462119687796	0.0886	2.7530693065149054	0.07526705844439274	0.0972	2.827356743784221	-0.011430213300331116	0.0766	2.7982763612420802	-0.0012359564883467483	0.12	2.7385035098168267	0.01578423834043355	0.0883	2.8237735921935205	1.3617928336180436	0.0	2.824822239560179	1.561540331893576	0.0	2.8338209258767852	1.4570161766477576	0.0	2.9544022158493415	1.2336960259298329	-0.2016	2.993967243479149	0.9555376873296607	-0.1613	3.0321110736530104	0.7227895000766038	-0.12	2.6786095028001236	1.24227648574221	0.2016	2.5371899660097776	1.0177100624159017	0.1613	2.611500198573009	0.866941151979782	0.12
207	3.4499999999999997	2.7989089796461966	0.8094571076971476	0.0	2.8759064441406577	0.7700411233562208	-0.105	2.922757231042047	0.4125053697055385	-0.0886	2.972566873570396	0.044901161589809724	-0.0972	3.0555065567448083	0.0018939332243124302	-0.0766	3.059487063917398	-0.021445170468235186	-0.12	2.9418855023637827	-0.008553229267915657	-0.0883	2.731050371496379	0.7866163645699641	0.105	2.776546939374197	0.43822470816881237	0.0886	2.7532081477919217	0.0699138112783078	0.0972	2.825858755733638	-0.005738990466320801	0.0766	2.7970771546518436	0.00447791205745765	0.12	2.738655603918479	0.010148655934322376	0.0883	2.8191545317805375	1.3634248533738755	0.0	2.8200429598386143	1.5625807399832967	0.0	2.829309264144051	1.457442443531349	0.0	2.9459315981380976	1.2349903611593513	-0.2016	2.9852806087635813	0.9543823424128816	-0.1613	3.0251432083890446	0.7235112111307562	-0.12	2.6757721692630896	1.2438315674363942	0.2016	2.5326324782207705	1.0183378589179517	0.1613	2.6147687035908227	0.8716452727646933	0.12
208	3.466666666666667	2.7899188844966494	0.8101882874505524	0.0	2.8667306638681826	0.7671901386925714	-0.105	2.9210476837728865	0.4154197069682709	-0.0886	2.9784361437157028	0.05180032688966569	-0.0972	3.0581066151436924	0.01037128121298124	-0.0766	3.0640567796875264	-0.013650937764913718	-0.12	2.9461188642993825	-0.0037382739600871767	-0.0883	2.7223868488995158	0.7844317321468236	0.105	2.7702866783438127	0.43855582158670864	0.0886	2.7523221635467223	0.06755967685816677	0.0972	2.824288952682391	0.003761621841323448	0.0766	2.7935661476421614	0.009414357907371856	0.12	2.738025163352595	0.00655307047623617	0.0883	2.812843213294663	1.364476291806062	0.0	2.8136837256075715	1.5644506251705863	0.0	2.825540896486823	1.4556316955517343	0.0	2.9436031770550466	1.2361891982330053	-0.2016	2.980898527795989	0.9549391196607802	-0.1613	3.018208691822267	0.7269496869803116	-0.12	2.669766572605392	1.2448603572046966	0.2016	2.5296351998546136	1.016099427177875	0.1613	2.6237927490846236	0.8767161588712046	0.12
209	3.4833333333333334	2.783627811468053	0.8113828875539816	0.0	2.8586285163920944	0.7684980054761312	-0.105	2.9189745583886872	0.4166142947351356	-0.0886	2.979948242311281	0.05519828586671632	-0.0972	3.0641137014570146	0.01987774502996259	-0.0766	3.070296497457777	-0.0054130046896622985	-0.12	2.9471630855592768	1.439418736533249e-05	-0.0883	2.7156553772569345	0.7852415732664951	0.105	2.7642958184252238	0.43819965816424705	0.0886	2.751321763766684	0.06440834512755303	0.0972	2.8255389353988596	0.007747906134312282	0.0766	2.7938391311943316	0.012611865966903363	0.12	2.737585870820567	0.002848440846036665	0.0883	2.8070902196575287	1.3654137979483947	0.0	2.8079548541672956	1.5656245236722033	0.0	2.822074844473641	1.4563250054057795	0.0	2.936947000041947	1.2369329560551803	-0.2016	2.9763653391566653	0.9541944146409509	-0.1613	3.011531368225766	0.7301756285152311	-0.12	2.663182714719896	1.2460542084058959	0.2016	2.5290468168000535	1.0145521323846807	0.1613	2.6370280185007067	0.8827127227367637	0.12
210	3.5	2.776461289434266	0.8128464892497445	0.0	2.8514571155975896	0.7723620888572938	-0.105	2.9173902320130756	0.4199854284960618	-0.0886	2.9789479404019312	0.058659480105088625	-0.0972	3.0723838816006954	0.0306910407894226	-0.0766	3.0745133441926153	0.003158176521564318	-0.12	2.9461877133851395	0.0013008860058206784	-0.0883	2.708698647091125	0.786802223907015	0.105	2.7599568662922884	0.43811359404269584	0.0886	2.7502748564636526	0.062265401100612024	0.0972	2.8244151453165505	0.01017831103296074	0.0766	2.790871316844448	0.014064136815390038	0.12	2.737945769437906	0.0011799029190069643	0.0883	2.8004254438101537	1.3675466260501166	0.0	2.801029750595871	1.5692744550548097	0.0	2.813826839234669	1.4575494578036	0.0	2.9322821593744095	1.2395405088634959	-0.2016	2.9698684027325806	0.9566700464839667	-0.1613	3.0069217542622027	0.7307286254486699	-0.12	2.658481032188091	1.247985253120553	0.2016	2.527267085080428	1.0137138409764583	0.1613	2.6516106732696683	0.8880423822936709	0.12
211	3.5166666666666666	2.768165611299889	0.8160777487078856	0.0	2.8453755738713036	0.771384310211312	-0.105	2.916584552047675	0.42154347803012404	-0.0886	2.9783671097911832	0.060012730013629195	-0.0972	3.075445674159965	0.03444196715208518	-0.0766	3.0791750332602184	0.008810598461669192	-0.12	2.9456555885806	0.00045779176859957194	-0.0883	2.7028470093481043	0.7855520679097637	0.105	2.7564960180897957	0.4371367424141354	0.0886	2.7499800866160906	0.06123833299518511	0.0972	2.822743367520304	0.009798194834166524	0.0766	2.7863661571732563	0.013652575387859384	0.12	2.73766148639172	-3.193080371921564e-05	0.0883	2.7966757923271475	1.3716195524309296	0.0	2.7950181729090846	1.5726341589217676	0.0	2.8124391719789377	1.45917823491248	0.0	2.9264672169426555	1.2425692774628643	-0.2016	2.9662916462403186	0.958267470897305	-0.1613	3.001608241690133	0.7342234237942397	-0.12	2.652663185840428	1.2501007998965377	0.2016	2.524674799007687	1.0145022359666505	0.1613	2.6657257868229713	0.8929990463383249	0.12
212	3.533333333333333	2.7632212754225693	0.817955034662147	0.0	2.8383381074294314	0.7729410812891755	-0.105	2.9143849710106866	0.424287727064639	-0.0886	2.976540077647344	0.060636992194752354	-0.0972	3.0761656825708372	0.039229732613358395	-0.0766	3.0802089716565737	0.01268711052364424	-0.12	2.9439435847840123	0.00042029040558019815	-0.0883	2.6978567517315675	0.7854579342671493	0.105	2.751782958425872	0.4359087265143742	0.0886	2.7501537947604056	0.062083955013952405	0.0972	2.8201308962347817	0.00932582606332788	0.0766	2.7845678924066855	0.013267647931185483	0.12	2.7374012803670857	-0.00037671190860508186	0.0883	2.791604701265585	1.374502050342713	0.0	2.789699626076877	1.5772378650880967	0.0	2.810106792634621	1.4628680701409054	0.0	2.921232205514142	1.247189704645732	-0.2016	2.9616238989692953	0.9597010770834403	-0.1613	2.998940112250121	0.7378888967051088	-0.12	2.6470871427251037	1.2538164301886698	0.2016	2.524516702213757	1.0157480591229895	0.1613	2.6716391803947195	0.9020954597039818	0.12
213	3.55	2.7611952933731545	0.8182168935716221	0.0	2.836325718566851	0.7727947420418655	-0.105	2.910844324189427	0.42619375072737425	-0.0886	2.972039153097734	0.061425703083116345	-0.0972	3.073214703130642	0.042210098707719426	-0.0766	3.0773187452505217	0.01538741868938713	-0.12	2.941038105619665	0.0004906311612822012	-0.0883	2.6937656179058287	0.7847224593690154	0.105	2.7477742057940975	0.4353614851445144	0.0886	2.750304091331497	0.06431529963368458	0.0972	2.8197449030770763	0.007861896277958386	0.0766	2.7852699027851675	0.012299661018708913	0.12	2.7362373913544853	0.0005998811840370044	0.0883	2.784818306710187	1.377510532993683	0.0	2.7831017686336383	1.5809453754083906	0.0	2.806916506291401	1.4669675323980156	0.0	2.9146586654818227	1.2524688278843714	-0.2016	2.9575607100373027	0.9627045580382065	-0.1613	2.995455423479935	0.7434871961235456	-0.12	2.6380549500857553	1.2566894826543948	0.2016	2.5249505507317673	1.0173452126688567	0.1613	2.6772940259944646	0.9128507871119828	0.12
214	3.5666666666666664	2.756620360563576	0.8187451032051114	0.0	2.8321967073293863	0.7717363738171691	-0.105	2.908768275017594	0.42854172278982916	-0.0886	2.9691722481821095	0.06404137099133297	-0.0972	3.071547458797214	0.04356301895018705	-0.0766	3.075614684730045	0.016369104745477453	-0.12	2.9384197599949595	-0.0003882659177810166	-0.0883	2.691163552960523	0.7835952696666267	0.105	2.7450783267792764	0.4369942173205552	0.0886	2.7490614190825253	0.0649611939147352	0.0972	2.818683617453443	0.0067792172577223475	0.0766	2.7831744175811544	0.011792266197319212	0.12	2.735394854785803	0.0005297276481700669	0.0883	2.777754963238648	1.3815696345150925	0.0	2.7783648840837265	1.5851458000810221	0.0	2.8098450068416843	1.4718988792192709	0.0	2.9099334807795847	1.2568641839317842	-0.2016	2.953405604196321	0.9667295396611625	-0.1613	2.993561628699501	0.7494480041389536	-0.12	2.6326079450083566	1.2603175849027441	0.2016	2.524512838266376	1.0191190477541239	0.1613	2.6816061222259076	0.9413077197124495	0.12
215	3.5833333333333335	2.7507855258584186	0.8219572549992049	0.0	2.8287933674233883	0.775489542459199	-0.105	2.905747219547129	0.43272637498376576	-0.0886	2.9602571689749935	0.06550688814522787	-0.0972	3.0670765613366844	0.04683482778172346	-0.0766	3.069668421135425	0.017324542621533823	-0.12	2.932634854547729	0.0018223024616217248	-0.0883	2.6851755416375034	0.786408721073409	0.105	2.7395381733811783	0.439596449829575	0.0886	2.748415059550736	0.06514596794619915	0.0972	2.8198452407158627	0.007017326661044529	0.0766	2.7826231362918468	0.01260476814555593	0.12	2.7360496203629183	0.0023588078181051714	0.0883	2.77374188249641	1.3869396066263537	0.0	2.7746470253043767	1.5884666193302943	0.0	2.7942010490428855	1.4766211749612226	0.0	2.9042454513158042	1.2619996105891254	-0.2016	2.9502991153333706	0.9710619621584311	-0.1613	2.9913362966007093	0.755556341518539	-0.12	2.6262631719959715	1.2648451544117671	0.2016	2.5205835886096044	1.025268770642854	0.1613	2.6823848191166477	0.9596491641496491	0.12
216	3.6	2.74752711634601	0.8278207750046047	0.0	2.8260039269991166	0.7809980504159038	-0.105	2.903418116929107	0.43460442295169255	-0.0886	2.95312612301143	0.06484734095144236	-0.0972	3.062793798849188	0.04554410503283182	-0.0766	3.0658513913312992	0.01573660258696072	-0.12	2.9260593206984473	0.0012119501831199253	-0.0883	2.679965851202846	0.7895016181526358	0.105	2.7366507457749534	0.4401922445641372	0.0886	2.74824063342915	0.06654192405329894	0.0972	2.821041531426369	0.006505430633766338	0.0766	2.7801923036431813	0.011961274197197336	0.12	2.736231149633788	0.0015931285499746345	0.0883	2.768184995404869	1.3925439342779613	0.0	2.7693916486655823	1.5917830001192772	0.0	2.793265734445421	1.4804250463739592	0.0	2.900863193901235	1.2679714550045615	-0.2016	2.948057734928504	0.9741362011909814	-0.1613	2.991365708907339	0.7583225273788162	-0.12	2.6206931772757187	1.2695558884273939	0.2016	2.5150065303286175	1.0308314667032734	0.1613	2.6769934720875654	0.970769806593973	0.12
217	3.6166666666666667	2.742599759628015	0.8310233767416793	0.0	2.8232298458730942	0.7851945869738677	-0.105	2.9032485603025346	0.4358118941345612	-0.0886	2.9449966964573133	0.06628181087028964	-0.0972	3.0528190498608665	0.04220037905813864	-0.0766	3.055796528045347	0.012566600821071083	-0.12	2.9178153047673936	0.0007271835890386991	-0.0883	2.676756124960568	0.7931162861610263	0.105	2.733813085561713	0.43977678782729657	0.0886	2.747939929390613	0.06848016451598504	0.0972	2.8211475084311948	0.0064684938127365366	0.0766	2.7779340521830447	0.01090256927924485	0.12	2.7361151599200846	0.0011375561849007176	0.0883	2.7605116088218438	1.3974249975305186	0.0	2.7638471457348386	1.5960778951790526	0.0	2.797050685881108	1.4858654383624772	0.0	2.893451539349037	1.2750451792266102	-0.2016	2.947986246909906	0.9793795206213398	-0.1613	2.9915459926555275	0.7624077214092262	-0.12	2.6148581093247363	1.2744126842366583	0.2016	2.5091200955842616	1.0358855748890088	0.1613	2.6657951380126588	1.0162795393482	0.12
218	3.6333333333333333	2.740891582918824	0.8353281258014774	0.0	2.8194816277555277	0.7914839097680475	-0.105	2.9025197716761695	0.4378674122117115	-0.0886	2.938274268992125	0.06851936779523396	-0.0972	3.044096382564822	0.037560003398025524	-0.0766	3.045291124859361	0.009638071894857547	-0.12	2.908621024003811	0.002420814338009017	-0.0883	2.67312147066646	0.7978021094883541	0.105	2.7304311585468977	0.43940247586609926	0.0886	2.747301970565558	0.06967160230770068	0.0972	2.820047891039655	0.007416053019180607	0.0766	2.775301614086041	0.010581368222575258	0.12	2.7356927036571426	0.0009781591157049796	0.0883	2.7565013087279606	1.3986191400318886	0.0	2.7577400951644964	1.597017336004816	0.0	2.794277906432136	1.4886541700688931	0.0	2.8895305891924044	1.277373939535708	-0.2016	2.9470338330608663	0.9875901092397525	-0.1613	2.991078782484117	0.7688985256686255	-0.12	2.608513462525319	1.2785969510671409	0.2016	2.5046154402434455	1.0449309873466794	0.1613	2.6566654653575683	1.0558055276870382	0.12
219	3.65	2.735739242826717	0.8374784580343179	0.0	2.81405926722188	0.7945039129895898	-0.105	2.900198941734266	0.4415294239189674	-0.0886	2.9298591250497696	0.06787675813290163	-0.0972	3.0351599170561476	0.03327811721115767	-0.0766	3.0336728839149507	0.005596364512052476	-0.12	2.899747048172304	0.003780792929977586	-0.0883	2.6700057366491996	0.8010768581372822	0.105	2.727381758465579	0.44003658694939013	0.0886	2.746813617803154	0.06952001635144131	0.0972	2.8203498822825654	0.007024000027253327	0.0766	2.775924843593886	0.009378915746581853	0.12	2.735712662438025	2.9764996636275076e-05	0.0883	2.7511036543360134	1.3999219611703866	0.0	2.752207615963253	1.5968810873013584	0.0	2.788836214547854	1.4902024444905777	0.0	2.884047890779643	1.2791516450548799	-0.2016	2.9444225570365656	0.9897720259970332	-0.1613	2.990962298427405	0.7738790208568075	-0.12	2.603010913282937	1.2804389341194289	0.2016	2.5007057679205342	1.0502430724129543	0.1613	2.652292914385014	1.0772495998271536	0.12
220	3.6666666666666665	2.731654649652348	0.8379053945385909	0.0	2.8097656278331655	0.794651133239631	-0.105	2.900408745338299	0.44154329162318195	-0.0886	2.9173322183549293	0.06801897611651293	-0.0972	3.0247804820579764	0.02833982104544419	-0.0766	3.0205066991940708	0.0011262023202741611	-0.12	2.8871368530012163	0.006146940229636133	-0.0883	2.666054881852065	0.8005702916957794	0.105	2.723680537156895	0.43982888012257537	0.0886	2.745789264520773	0.06953842462773117	0.0972	2.820107715442847	0.0063598773281861865	0.0766	2.7765622795569374	0.008486018748092655	0.12	2.7362188950652637	-0.0004585453005916812	0.0883	2.7464268707367183	1.4016676015895988	0.0	2.7475332878811645	1.5972650115515614	0.0	2.7817913308790363	1.4903076137844957	0.0	2.879326866720357	1.2792361687219151	-0.2016	2.9421762295338416	0.9906963288599636	-0.1613	2.991369883701044	0.7802717453102825	-0.12	2.5986453296778502	1.282050712990316	0.2016	2.495877841191815	1.0608608733178393	0.1613	2.635377535739871	1.109569527331887	0.12
221	3.683333333333333	2.729970034741939	0.8369166683860895	0.0	2.8079288384280496	0.793535319303966	-0.105	2.898990052414679	0.44283854570223813	-0.0886	2.9068067361847527	0.07136250327311613	-0.0972	3.012352408517664	0.02066825347193252	-0.0766	3.007619489784487	-0.004578945556884734	-0.12	2.87656529140157	0.008487028471984681	-0.0883	2.662303094749352	0.799156975438628	0.105	2.72188098438126	0.43907447618435436	0.0886	2.74514470780515	0.06951368315343738	0.0972	2.8167241983476474	0.0057424246388148165	0.0766	2.7699385786004047	0.008723558549962374	0.12	2.735976278108165	-0.0022624127786044917	0.0883	2.7401034467499867	1.4008754307176674	0.0	2.7411787975339177	1.5979918245180065	0.0	2.774356032721355	1.4927338084342912	0.0	2.8748531332380822	1.2770869077690779	-0.2016	2.938338369209003	0.9905399808684723	-0.1613	2.9919701556187706	0.782412562899786	-0.12	2.5927273029132634	1.2811375120856212	0.2016	2.4924586054268136	1.0628854650311292	0.1613	2.629923031872357	1.1268158720414228	0.12
222	3.6999999999999997	2.7264177170132746	0.8361339494908296	0.0	2.804284356198132	0.7935220455015123	-0.105	2.895901597079318	0.44371583337277143	-0.0886	2.8926256243767465	0.07121952458223968	-0.0972	3.0032506256720484	0.012268550752787294	-0.0766	2.9960941018327616	-0.011202267352224834	-0.12	2.857165286654554	0.009713339450180714	-0.0883	2.6584020031574824	0.7985912317561911	0.105	2.7182466223925967	0.4388931017155126	0.0886	2.745507514264109	0.06955714540338395	0.0972	2.8049748676727595	0.005546517077978125	0.0766	2.751568995104258	0.008805278461638075	0.12	2.736467358270271	-0.0031534941696950147	0.0883	2.7360462192691175	1.3978317965854943	0.0	2.7372615545560484	1.5977777410815495	0.0	2.7638079221456175	1.492918013287218	0.0	2.8692601716496045	1.275322631623075	-0.2016	2.9374474021077956	0.9893622440724488	-0.1613	2.991618657711202	0.7852235995777582	-0.12	2.5882448726965777	1.2815419413157272	0.2016	2.4905293294853275	1.0690273885850643	0.1613	2.620877904850696	1.149501992600362	0.12
223	3.716666666666667	2.722472834243425	0.8360849894093261	0.0	2.798028736807099	0.7937162869670545	-0.105	2.892246099093144	0.4437094947154858	-0.0886	2.8798427556655497	0.07365290220770773	-0.0972	2.9888881711392443	0.005855859842328309	-0.0766	2.983893566406428	-0.015830652117261382	-0.12	2.84147512466772	0.012414641865612641	-0.0883	2.654447265433741	0.7978000238033437	0.105	2.7144462887044436	0.4379331117170183	0.0886	2.7447383719815877	0.07006162235717597	0.0972	2.7934639257204807	0.005364190011481626	0.0766	2.7350907389191037	0.009236621368846662	0.12	2.73880244869931	-0.0030896916846924333	0.0883	2.7298080924975205	1.3971315609684172	0.0	2.73333078591979	1.5968652373451475	0.0	2.7611075877944975	1.4937201942244407	0.0	2.8672554374741117	1.275112126801488	-0.2016	2.9361960374360745	0.9877064094447339	-0.1613	2.990963327000306	0.7863681127934213	-0.12	2.5820771745494793	1.2807724279664279	0.2016	2.4866714926142133	1.0754145801423776	0.1613	2.6087881080949535	1.1709658408391095	0.12
224	3.7333333333333334	2.7189075983788635	0.8358166402989485	0.0	2.794248023605812	0.7935595921458913	-0.105	2.8909052994768594	0.44309737804106697	-0.0886	2.8627721082415576	0.07739964559608634	-0.0972	2.9748075054405687	0.0004671849581020654	-0.0766	2.969753823922223	-0.01795052318502667	-0.12	2.824109599060019	0.01664112159023194	-0.0883	2.6508777817257156	0.797708289756604	0.105	2.7115889835769353	0.43634182046247866	0.0886	2.7439323943753666	0.06971076371835594	0.0972	2.792193131386745	0.004952134411475614	0.0766	2.738055339612865	0.009139008744524085	0.12	2.7389317396642956	-0.0034693133050863606	0.0883	2.7260468958716153	1.3968288221840626	0.0	2.7297278984145477	1.5965304435711565	0.0	2.7551554981746804	1.4930323414907085	0.0	2.861561478024984	1.2746675810559647	-0.2016	2.9334660824109386	0.9849459849407723	-0.1613	2.992350313221005	0.7867215241682143	-0.12	2.578566676976659	1.2804624209592814	0.2016	2.4867206494339573	1.0803283637636623	0.1613	2.6099430109133004	1.171550777510264	0.12
225	3.75	2.7134317579424367	0.8355471061178066	0.0	2.788681542529829	0.7934965066569236	-0.105	2.885867900803431	0.4423929137061514	-0.0886	2.845703203479578	0.08028097269297879	-0.0972	2.9657968242918313	-0.006816833930381919	-0.0766	2.9580624179005817	-0.020225303048586704	-0.12	2.804366264086668	0.023725303099742134	-0.0883	2.6456632598137872	0.7988887694289116	0.105	2.7106662449604046	0.4363363744369706	0.0886	2.742730162876179	0.0691812689010444	0.0972	2.800526581545601	0.00420911417508292	0.0766	2.746907332404065	0.009606291937300296	0.12	2.7357972165518163	-0.0037317253554337987	0.0883	2.7205398361582867	1.3964060319505303	0.0	2.723999443463422	1.5961775988724844	0.0	2.7475797191058593	1.4904614560593563	0.0	2.8557574028429187	1.2742665598920913	-0.2016	2.932212722052892	0.9866243673622889	-0.1613	2.9920945919059827	0.7892186626878025	-0.12	2.5753389475827744	1.2805910841923023	0.2016	2.4912475313672773	1.0819539085789567	0.1613	2.610828654292035	1.1761258953543856	0.12
226	3.7666666666666666	2.7082126776673863	0.8354049337994772	0.0	2.783440171460341	0.7939156115437346	-0.105	2.8808556890412405	0.4425232325253625	-0.0886	2.829058871370552	0.08709748630303346	-0.0972	2.950208580109153	-0.009705065097153229	-0.0766	2.9419749695781237	-0.02110318271162763	-0.12	2.787494341880373	0.031185993637994472	-0.0883	2.6426491230060596	0.8002227737351915	0.105	2.7084036711273427	0.4351089924197578	0.0886	2.7437776776661327	0.06949085489388931	0.0972	2.8466689839441615	0.004505811698996151	0.0766	2.8076895597232205	0.012758104694949285	0.12	2.731495528777014	-0.0038940457364064207	0.0883	2.7153601275456123	1.3962046535538442	0.0	2.7167673730320567	1.595936896329013	0.0	2.7444216425604293	1.4884982670687135	0.0	2.850510772772986	1.2740689191139374	-0.2016	2.925337632330876	0.9923283225158783	-0.1613	2.9903005712818334	0.7933762171097433	-0.12	2.5703166298258395	1.2819295749207984	0.2016	2.4897706771398544	1.1007450871541682	0.1613	2.617710414000268	1.1742882717137844	0.12
227	3.783333333333333	2.702465306461685	0.835408493196621	0.0	2.7775630731858167	0.7930648099092186	-0.105	2.877190656693068	0.44441501199126654	-0.0886	2.808984200966659	0.0963883646117636	-0.0972	2.9331930104532855	-0.013050798165076552	-0.0766	2.9194338670167665	-0.020077752775337257	-0.12	2.7648395376328434	0.04071148508810415	-0.0883	2.6375394181803253	0.8002447226909074	0.105	2.7054995312991017	0.4353897250109212	0.0886	2.7439009343443024	0.06944566004735063	0.0972	2.8615971489542678	-0.0002293821169039173	0.0766	2.8376252482413475	0.01229333606753387	0.12	2.7300890553489934	-0.006199096830252576	0.0883	2.709834114021085	1.3958941187360763	0.0	2.7130294047575463	1.5955974621159874	0.0	2.7391900788261374	1.488039436927008	0.0	2.8444338802608096	1.2738708426750454	-0.2016	2.9211881537135214	0.9951429146559155	-0.1613	2.9893317677295506	0.7949450572114694	-0.12	2.5651856793691583	1.282109260090385	0.2016	2.489525051551671	1.107334709892518	0.1613	2.6204750737196076	1.179708910057242	0.12
228	3.8	2.696922407064614	0.8353120442104106	0.0	2.7720181316725547	0.7925128611899606	-0.105	2.874168298924475	0.44611323156155036	-0.0886	2.7893588491191683	0.10347855900583719	-0.0972	2.919114629542525	-0.014903956988236128	-0.0766	2.8998796069731148	-0.018312664858994604	-0.12	2.742352029418311	0.04964893187887749	-0.0883	2.6342909778855503	0.7988362360517521	0.105	2.7027637200390475	0.43631011840327666	0.0886	2.7437684986303745	0.06943278496488513	0.0972	2.854394698943215	-0.0074603266662779805	0.0766	2.8297675629269414	0.005654016575224893	0.12	2.729318691512036	-0.010204105072844763	0.0883	2.7065757834363016	1.3957485579491393	0.0	2.707709890381514	1.595465168339711	0.0	2.7363334961067154	1.489841603755597	0.0	2.838909873216514	1.2737401151661527	-0.2016	2.9160311080351047	0.9983568706194806	-0.1613	2.989015776998206	0.7972283405376894	-0.12	2.56209045666721	1.28227215669941	0.2016	2.4898237130388132	1.1105119537541142	0.1613	2.619966536087824	1.1881122765522887	0.12
229	3.8166666666666664	2.692161797620933	0.8356207937325887	0.0	2.7670953458169927	0.7924884620076895	-0.105	2.8696203941268377	0.4478368137380295	-0.0886	2.773024970840409	0.11091463862738994	-0.0972	2.900601395729331	-0.014186444505340304	-0.0766	2.8836067452107255	-0.015364760359831628	-0.12	2.7233065769276372	0.056830738131334824	-0.0883	2.6297836087258464	0.7979115833278416	0.105	2.7007415084353337	0.4376452752480642	0.0886	2.743293466951597	0.06943039315031761	0.0972	2.852961065214787	-0.007965152516753851	0.0766	2.827525046990747	0.00400335576443199	0.12	2.7273128799687374	-0.016653699683784773	0.0883	2.7017957040678917	1.3960583989497868	0.0	2.7030207711490593	1.595807846186908	0.0	2.7351773723538253	1.4851973927380455	0.0	2.834237425027744	1.2741231732887779	-0.2016	2.9136422625594056	1.0002046627682029	-0.1613	2.9875624580025826	0.80064665950803	-0.12	2.5593364823866156	1.2833024630300807	0.2016	2.4917411241801286	1.1212965763225495	0.1613	2.6206384698692657	1.2195612570922973	0.12
230	3.8333333333333335	2.688522259150666	0.8363872171921192	0.0	2.7610600512208423	0.7924239940653149	-0.105	2.8634024328629475	0.4481107875341567	-0.0886	2.7553410507406175	0.12380164207086128	-0.0972	2.8753116559486798	-0.015702892142361716	-0.0766	2.8610588058149364	-0.014973038057788685	-0.12	2.7051259285662113	0.07432749715061175	-0.0883	2.626265317524167	0.7988837977388016	0.105	2.699384862263655	0.43992978226001717	0.0886	2.7402257590916697	0.06910774108286713	0.0972	2.8455618342384357	-0.008888668894557583	0.0766	2.814999613992242	0.0019233430155908143	0.12	2.7233537577697926	-0.019292341019027617	0.0883	2.6956843737982052	1.3955129152294088	0.0	2.6993807182816645	1.5951729240182815	0.0	2.73816930298781	1.4766871509246366	0.0	2.8304018163965536	1.274425736444497	-0.2016	2.909834169704985	1.0004867348951891	-0.1613	2.986077495381604	0.8046445847864967	-0.12	2.55397547078403	1.2847996644461928	0.2016	2.493495380783832	1.129105486700522	0.1613	2.615969480883042	1.2827124687798845	0.12
231	3.85	2.6839872344090026	0.835825255924091	0.0	2.756069467531352	0.7925261304153914	-0.105	2.8558878655810043	0.44667179523192885	-0.0886	2.739238999112351	0.12773598978735182	-0.0972	2.8535078999296117	-0.016826985390022087	-0.0766	2.8444116818651195	-0.013156081190004762	-0.12	2.6808712030128703	0.08627520659168196	-0.0883	2.6220910051984676	0.800890788771403	0.105	2.6962870962144656	0.4447306324883715	0.0886	2.735328577617639	0.06825616619919131	0.0972	2.8385732146008125	-0.009345878390830217	0.0766	2.8070368124234824	0.0016225442606448842	0.12	2.717167179770085	-0.018490831835044574	0.0883	2.688870428147401	1.3938887129395054	0.0	2.694983904871557	1.5934822398969481	0.0	2.7331670857077417	1.4706550751758372	0.0	2.825320728681772	1.2757177261506418	-0.2016	2.9024950722474183	1.0034136179044149	-0.1613	2.981627908258837	0.8092686161998821	-0.12	2.550191640559946	1.2855601493711277	0.2016	2.4949984265497984	1.131043131064209	0.1613	2.62365454498865	1.3121954386053973	0.12
232	3.8666666666666667	2.678185667649287	0.835748882602599	0.0	2.750034474069976	0.7930434364503367	-0.105	2.8493652605758686	0.4463487595074638	-0.0886	2.719331547780188	0.1310912136494948	-0.0972	2.830332157442955	-0.01680317764961796	-0.0766	2.8213728302853047	-0.010883035219342502	-0.12	2.6528715598745825	0.09303274488566232	-0.0883	2.618628704331281	0.8002643352654313	0.105	2.696813825074208	0.4483777905729306	0.0886	2.7343275816279653	0.06892844018858772	0.0972	2.8386245994472796	-0.008293829211851053	0.0766	2.808653622021234	0.0017583749459983977	0.12	2.714317854720713	-0.0156553969020279	0.0883	2.6850838171990614	1.392276458745661	0.0	2.6910498948119916	1.592183789025677	0.0	2.733649741557732	1.4701952142944705	0.0	2.8192369314307473	1.2745725713799259	-0.2016	2.8984342415722315	1.0019852302164483	-0.1613	2.9797066429075216	0.8112014277843381	-0.12	2.5488491571915675	1.2861656679178848	0.2016	2.496297307245552	1.1359982167242586	0.1613	2.6196673877030507	1.3362846332302292	0.12
233	3.8833333333333333	2.673615080277334	0.8363235160655489	0.0	2.7450178435522528	0.7922060504589029	-0.105	2.841842226754851	0.4456644491271991	-0.0886	2.7006640277501135	0.1356922581226875	-0.0972	2.8006241081611316	-0.01639959634992666	-0.0766	2.791675399605571	-0.01080286094159319	-0.12	2.633901126989764	0.09631860641515821	-0.0883	2.614183408815957	0.7991128833131428	0.105	2.6952887094688567	0.4523487094885958	0.0886	2.732211614118219	0.0703148303976178	0.0972	2.836089508472423	-0.008730150936970646	0.0766	2.8081094211432513	0.0008011076972360837	0.12	2.7120736037804676	-0.013363153751901016	0.0883	2.680308181672795	1.3910132925327423	0.0	2.684318721608292	1.5900340778010333	0.0	2.7299592594371282	1.4708347670902278	0.0	2.8143516236419206	1.2741276430253443	-0.2016	2.8938123294396196	0.9999802454710696	-0.1613	2.97544032160819	0.8124790084139029	-0.12	2.5449825683684586	1.2871650078236163	0.2016	2.495699619499824	1.1385954245149132	0.1613	2.6130928083228824	1.3356098150608957	0.12
234	3.9	2.6714291773464796	0.8363738747524736	0.0	2.7382572092657242	0.7916837427414283	-0.105	2.8325394505583064	0.4428370449674358	-0.0886	2.684954366298683	0.14008202599894706	-0.0972	2.7691673530216674	-0.01776661995041999	-0.0766	2.7600959180307205	-0.012382627015712577	-0.12	2.615689394305443	0.10298762101085782	-0.0883	2.6100735140530555	0.7986860182588678	0.105	2.6941580940621326	0.45404555019229853	0.0886	2.732042683487438	0.07110150330033382	0.0972	2.8277548839751656	-0.00880697580131809	0.0766	2.8043722992559488	0.00038652067963494685	0.12	2.7112772545567974	-0.012928036379215385	0.0883	2.674246873489925	1.388188129079775	0.0	2.679965624009885	1.5865635443667794	0.0	2.7284491661233896	1.4709546066035903	0.0	2.809882623352228	1.273454113772086	-0.2016	2.8894127415788384	0.9986620261084338	-0.1613	2.9712493220575915	0.8156369735082319	-0.12	2.5432354333505387	1.2887080074356076	0.2016	2.49486522836322	1.1671414230574468	0.1613	2.6070739558843807	1.3419743248301435	0.12
235	3.9166666666666665	2.66485954216477	0.8358028469450991	0.0	2.7310668358860695	0.7913617428922236	-0.105	2.824853331814679	0.44130714208662325	-0.0886	2.6640015737005305	0.14198276941487042	-0.0972	2.7465023095980317	-0.020737572472028273	-0.0766	2.7357257487651108	-0.010187769768618168	-0.12	2.5973250508648773	0.10771025257474132	-0.0883	2.605794741248678	0.7991015124712397	0.105	2.69414507910225	0.454963246488263	0.0886	2.732765545057464	0.07209094685329764	0.0972	2.8230474257488423	-0.010065479236363348	0.0766	2.803605056468146	0.00042304556370835467	0.12	2.711308184965658	-0.005439496596460827	0.0883	2.671812701062327	1.3845303685072632	0.0	2.675358448886965	1.5860432557223596	0.0	2.7113989372333114	1.4726291044120652	0.0	2.802800557990508	1.2715939682304875	-0.2016	2.8823854501198167	1.0003921606687463	-0.1613	2.9686761628664255	0.8174039020055517	-0.12	2.5411389390716956	1.2894197353130858	0.2016	2.494555112655874	1.1732927215716724	0.1613	2.602189669022098	1.3416489798999578	0.12
236	3.933333333333333	2.659772232775302	0.8348660211793524	0.0	2.726037829901364	0.7918364050649035	-0.105	2.8172450497930583	0.43904407815529	-0.0886	2.64489169309438	0.13853322951236546	-0.0972	2.7432696967239907	-0.01997566643175433	-0.0766	2.71470443206548	-0.011022357284053028	-0.12	2.580867039031316	0.1066193648931481	-0.0883	2.6024267774719556	0.7988032092203763	0.105	2.6920739590088187	0.4563501266158097	0.0886	2.7327542272463243	0.07291207268188635	0.0972	2.8243935395085558	-0.01194524624129091	0.0766	2.803703277785968	-2.6804694193291456e-05	0.12	2.711048775578409	0.006957118620236971	0.0883	2.667260006520669	1.3821555791990923	0.0	2.6709811730030673	1.5862811050788208	0.0	2.70868706141625	1.4732477787533582	0.0	2.7978325441858796	1.2705489120148583	-0.2016	2.8798731156914137	1.0003386944925916	-0.1613	2.96681842839544	0.8169758546528274	-0.12	2.536701035544334	1.289706070325751	0.2016	2.4953327238105607	1.1789849120041196	0.1613	2.5987728633580818	1.3450836068262884	0.12
237	3.9499999999999997	2.656416378297224	0.8342197610689616	0.0	2.722806242692887	0.793019740330644	-0.105	2.8066290143526214	0.4368114832777057	-0.0886	2.6253786509567276	0.1359483495505852	-0.0972	2.7373950976759778	-0.0221711550349947	-0.0766	2.705709758301875	-0.012732891891159573	-0.12	2.5662450394665375	0.104537455526948	-0.0883	2.5950781743857276	0.7989574266736039	0.105	2.6894438775391007	0.45594717893883596	0.0886	2.7318645994837056	0.07585324475958714	0.0972	2.8253556600619767	-0.011953809892619752	0.0766	2.803064281162129	0.0003688011852123474	0.12	2.7109430366713823	0.010079243192353468	0.0883	2.6639418462522526	1.3821672127212594	0.0	2.6694956544742023	1.587023238991819	0.0	2.7110384916556765	1.4755157687561629	0.0	2.792512649808683	1.2692247552132128	-0.2016	2.874956474128243	1.0002274203776789	-0.1613	2.962411645687493	0.8183953393773482	-0.12	2.5353894685020686	1.290272468723323	0.2016	2.4946180460047644	1.190175158238325	0.1613	2.594145277250669	1.3535913165959166	0.12
238	3.966666666666667	2.6518356983469977	0.8329220496394497	0.0	2.717982821562792	0.7924616275517469	-0.105	2.7959177355753733	0.43456340665745385	-0.0886	2.6096442266332014	0.1325538419190172	-0.0972	2.72683822943365	-0.022229795424899987	-0.0766	2.6951337827070403	-0.014892996124824018	-0.12	2.5479037020605113	0.10317435725333078	-0.0883	2.5927000539243634	0.800260100261394	0.105	2.687491740788115	0.45511892913102364	0.0886	2.730574813368704	0.07581657779860734	0.0972	2.8241919902115047	-0.010954288337478052	0.0766	2.8018684422010955	0.0016620002810844997	0.12	2.711081436373006	0.011280387584415144	0.0883	2.659281634787165	1.3816909253140033	0.0	2.66491012971026	1.5871079264269032	0.0	2.7041544920106797	1.4750376157382663	0.0	2.787080039828371	1.2679140891373768	-0.2016	2.8694493962783354	0.9984890197297538	-0.1613	2.9590513132592675	0.8171093708949455	-0.12	2.533196074925881	1.290094965680619	0.2016	2.4936703688421114	1.1973543370865332	0.1613	2.5804647046322877	1.3680669191575716	0.12
239	3.9833333333333334	2.648511019699449	0.8312419025989163	0.0	2.7144060938137824	0.7917667646372544	-0.105	2.7867895030333347	0.43176596582553894	-0.0886	2.598115156427947	0.1300425780982675	-0.0972	2.715812866701616	-0.024317955964658924	-0.0766	2.683811382690423	-0.016374781734680682	-0.12	2.5314845333639497	0.09861378632732558	-0.0883	2.592103373840752	0.8002537167238049	0.105	2.6868639905468257	0.45450523163223727	0.0886	2.7297334041251164	0.07587544600678482	0.0972	2.8227347216096117	-0.011305264786971705	0.0766	2.80091457440927	0.0024792759075219495	0.12	2.708271592553291	0.010939478487481225	0.0883	2.6557361747914974	1.3810167007805516	0.0	2.661119141234019	1.5875028967455147	0.0	2.7069953156875295	1.4726256841382068	0.0	2.7810724247125833	1.2659804191419022	-0.2016	2.863074823580416	0.9962049444576703	-0.1613	2.9529175486239247	0.8159033906550589	-0.12	2.529001781622921	1.2895221774310381	0.2016	2.493426058050395	1.1965909627687954	0.1613	2.5760466358540657	1.3727874560435283	0.12
240	4.0	2.64303021088411	0.8285072367894855	0.0	2.7083479386807388	0.7911947703725466	-0.105	2.775231994566949	0.4292144611505133	-0.0886	2.58103832789087	0.1240054739537557	-0.0972	2.7080928695750295	-0.02454067125485744	-0.0766	2.6727316415964313	-0.017679766596002594	-0.12	2.5141554933719648	0.09176817751364835	-0.0883	2.589359036748273	0.7995786002254136	0.105	2.6861545744680475	0.4525995163173844	0.0886	2.730259768003903	0.0737500479745681	0.0972	2.8208112405413246	-0.012228191534753519	0.0766	2.800367911058243	0.0024427005046532974	0.12	2.7058508614396697	0.005108431269450306	0.0883	2.650043588696366	1.3795040400782148	0.0	2.6567027136185692	1.5875107564037922	0.0	2.7072184309212863	1.4703678755677858	0.0	2.7771983399499076	1.2651434155244725	-0.2016	2.8569009554243436	0.9956799660449382	-0.1613	2.9489476040355687	0.8151946330895234	-0.12	2.5276527471452788	1.2883380939520566	0.2016	2.4933573014939916	1.2027159822640476	0.1613	2.571872433998137	1.3763304704833514	0.12
241	4.016666666666667	2.6422139976087995	0.8267554795219574	0.0	2.7031215517473846	0.7908429022034694	-0.105	2.764706701189801	0.42623981274662803	-0.0886	2.567153621115289	0.11829037426682355	-0.0972	2.71388162265703	-0.029279121801863747	-0.0766	2.671090677656997	-0.023862973197191772	-0.12	2.5001549323915677	0.08333846774204959	-0.0883	2.5906983869975786	0.7968134341300385	0.105	2.6860555716924677	0.4474815563352908	0.0886	2.7325927510338377	0.06731191780460076	0.0972	2.820339004124947	-0.013138310519229202	0.0766	2.8010008121883985	0.0018786387953667327	0.12	2.7133081353168884	0.007383300340300505	0.0883	2.6469398432103537	1.3789189995802493	0.0	2.6525090153753146	1.5864320701556531	0.0	2.6968379041086243	1.4704389066162225	0.0	2.772395505623992	1.264222410613105	-0.2016	2.852099136367202	0.9939538763999235	-0.1613	2.9423032787141152	0.8136813118342968	-0.12	2.5270477040382695	1.2878390444311538	0.2016	2.4923149359048824	1.2163744997107888	0.1613	2.56668413418886	1.3825481846824224	0.12
242	4.033333333333333	2.637833751435548	0.8259347065419083	0.0	2.698083353874251	0.7902094301671818	-0.105	2.754148662019741	0.4246605000830078	-0.0886	2.553735108602213	0.1131759597433216	-0.0972	2.698968333431501	-0.033729014993254536	-0.0766	2.6534284205170597	-0.02979576342498899	-0.12	2.4868808520415366	0.0764460277468855	-0.0883	2.586986550457419	0.7955768637028907	0.105	2.6846775879821188	0.44224768645707946	0.0886	2.7335421490372735	0.061699391251584856	0.0972	2.8208689744305397	-0.013083572940198768	0.0766	2.8034838747002278	0.0006870339742755666	0.12	2.716949915275422	0.003158821405291168	0.0883	2.6423931691734444	1.3781335418480605	0.0	2.6514613873331307	1.5859794777159448	0.0	2.6935124444339933	1.4700761629538748	0.0	2.7674829781575867	1.2624800872943893	-0.2016	2.847325923095629	0.9916659400511022	-0.1613	2.9375137479986724	0.8122124002157929	-0.12	2.5252424482700127	1.287429183738959	0.2016	2.4933848442804214	1.2325754038214358	0.1613	2.563585775756539	1.386607862179261	0.12
243	4.05	2.6345998314873658	0.8258277962375893	0.0	2.692099148039249	0.7876887918781112	-0.105	2.7398108825164047	0.4229042233999724	-0.0886	2.5415375539050067	0.10492689253772518	-0.0972	2.685475652158567	-0.036053133462752504	-0.0766	2.642764263925996	-0.03840142833863906	-0.12	2.477044437534466	0.07012863835727816	-0.0883	2.5865652153362144	0.7953532541260726	0.105	2.684156173842255	0.43985736248394136	0.0886	2.734186675997042	0.05849120329342577	0.0972	2.821737308806183	-0.013753151176794653	0.0766	2.806542187678301	0.0018247369460459434	0.12	2.7200378533215597	-0.0007449902645138284	0.0883	2.639216460249156	1.3763910273820033	0.0	2.6512468097309263	1.5863340515451116	0.0	2.6901443651374124	1.467842814234466	0.0	2.7606565442942506	1.262352617474831	-0.2016	2.840193568731327	0.9877772597015388	-0.1613	2.9320748352893395	0.8101181984454111	-0.12	2.525175086486377	1.2871146156302349	0.2016	2.4948983990871993	1.2414869802905077	0.1613	2.559780935705419	1.3851811155626443	0.12
244	4.066666666666666	2.627890759456542	0.8258501280057924	0.0	2.6849994427949766	0.787939142573652	-0.105	2.7268697017641412	0.42154192495440734	-0.0886	2.533547871512351	0.09618201955918651	-0.0972	2.677984313336357	-0.039181165796183776	-0.0766	2.6353689312450044	-0.04407380215900393	-0.12	2.4644038099825663	0.05783918058780296	-0.0883	2.5825432067784644	0.7966114397402912	0.105	2.6830639244800434	0.43707495385203193	0.0886	2.7352025332832013	0.056726821276587465	0.0972	2.8231945283254363	-0.013785051794485081	0.0766	2.8108432058337525	0.001894236245240849	0.12	2.7212279716682644	-0.002346776298546363	0.0883	2.635311568443856	1.3749481817350293	0.0	2.6494207150554203	1.5853196716776485	0.0	2.6952058606550033	1.4649480204698755	0.0	2.7537638796916735	1.2619813387981749	-0.2016	2.8337543462490067	0.9851247268091605	-0.1613	2.925909851629513	0.8083776615892109	-0.12	2.521358456868729	1.28569330095586	0.2016	2.5004324586336075	1.2469970872891414	0.1613	2.5583924745557978	1.402444681057485	0.12
245	4.083333333333333	2.623586378907549	0.825909655579543	0.0	2.678586473336981	0.7887663174538799	-0.105	2.70989429109655	0.41963579193289197	-0.0886	2.524028529720036	0.08590984616234285	-0.0972	2.671638892158563	-0.03971216660146233	-0.0766	2.629383097542561	-0.047425066944221425	-0.12	2.457101934025857	0.04655834609120136	-0.0883	2.580352495086771	0.7988653803221477	0.105	2.6837965235485126	0.435066372000546	0.0886	2.735991676718557	0.056928905255890255	0.0972	2.823929227649397	-0.01459853951747593	0.0766	2.8122829518026586	0.001343633321302301	0.12	2.7211487661167904	-0.0036046087583508357	0.0883	2.6338533427488895	1.375530432898892	0.0	2.6487333711235657	1.5849303714898584	0.0	2.6913532729441854	1.4649964945608775	0.0	2.74755862816936	1.2611234601641954	-0.2016	2.8302272133148247	0.9817915411852497	-0.1613	2.9203390201183925	0.8068302281834767	-0.12	2.5193033167724153	1.2851267774064772	0.2016	2.5029564000970126	1.2547125511350938	0.1613	2.5546310130676373	1.3996478401037673	0.12
246	4.1	2.6197884499273925	0.8262015782885299	0.0	2.674604336876608	0.7909219294526326	-0.105	2.697548455360614	0.4191086994280309	-0.0886	2.517197757224655	0.07599854802887487	-0.0972	2.6680321266826126	-0.04046042072789453	-0.0766	2.628096950578301	-0.05162433862684879	-0.12	2.4522926311400832	0.03616453966941831	-0.0883	2.5764399344686923	0.8036338301516499	0.105	2.6833055907518233	0.4346571372444004	0.0886	2.7370537716033554	0.05649327300067909	0.0972	2.8247461926296276	-0.01373515231006274	0.0766	2.814950750967055	0.0019010408043046156	0.12	2.720671929983008	-0.004513194065436668	0.0883	2.6327577859087685	1.3752221017046011	0.0	2.6492215588372026	1.5843804057515314	0.0	2.6900319045080052	1.4634646879092714	0.0	2.741209727467111	1.2600483449835733	-0.2016	2.8219911062824763	0.9824876549940158	-0.1613	2.912143328861203	0.8051225562443912	-0.12	2.517754442208166	1.2845692220919378	0.2016	2.5054340957774506	1.2555816603491827	0.1613	2.5502139112795352	1.4129076656654767	0.12
247	4.116666666666666	2.615433786555233	0.8265626023460195	0.0	2.6695225125525837	0.799497751264169	-0.105	2.6822121525157843	0.41930860610752607	-0.0886	2.508275282877419	0.0651597687433624	-0.0972	2.6653215706723934	-0.04115275843339529	-0.0766	2.625717954354982	-0.055963102737939335	-0.12	2.4440367785163195	0.018826138620683136	-0.0883	2.569907717768444	0.8171122204950799	0.105	2.682247297664806	0.43484018338160024	0.0886	2.736965976001787	0.05564928868051731	0.0972	2.825605702833474	-0.012602297756036718	0.0766	2.816350497773497	0.0028312337292394074	0.12	2.7201262110538065	-0.005023400483518875	0.0883	2.6306914246554145	1.374838696160312	0.0	2.647814760834411	1.5832614881975333	0.0	2.688036311048095	1.4640262932012909	0.0	2.7334653455208167	1.2591580255811452	-0.2016	2.816349070845584	0.9811040549133156	-0.1613	2.906313378521141	0.8013097961482851	-0.12	2.5144926213602794	1.2842243736671641	0.2016	2.5050861136087574	1.2631096435970468	0.1613	2.5458062049687062	1.4176867551066636	0.12
248	4.133333333333333	2.6108696068891892	0.8266049159240138	0.0	2.6622189229593456	0.8091350534177872	-0.105	2.6715948729152674	0.42143325170944546	-0.0886	2.5013193215387526	0.053408577649580555	-0.0972	2.658578187237107	-0.04137773023425406	-0.0766	2.6191586853174114	-0.05866682579319987	-0.12	2.439104738183053	0.006606958962289883	-0.0883	2.567335786030661	0.8255589335129457	0.105	2.683859879642031	0.43595371677500677	0.0886	2.7373009602207534	0.0550179158728887	0.0972	2.826297588307288	-0.012108037299414648	0.0766	2.8182428897391154	0.003584868232636415	0.12	2.7203283516706613	-0.004548360417328895	0.0883	2.6264522142786397	1.3747276130935335	0.0	2.64583624187911	1.581738936713912	0.0	2.685577908654704	1.4646443348512197	0.0	2.7255696110960552	1.2576314237017092	-0.2016	2.8087450842942525	0.9784017185328755	-0.1613	2.898612319467448	0.7953414963997679	-0.12	2.512588440956386	1.28413632760782	0.2016	2.5044629662645304	1.2746456220773117	0.1613	2.5343804779231145	1.418523988793175	0.12
249	4.15	2.604588641357971	0.8263663055102696	0.0	2.657006652890556	0.8177149430810788	-0.105	2.658797100765466	0.42293765200432265	-0.0886	2.4927572956231336	0.04652145418808563	-0.0972	2.6538745490876927	-0.04042050474118504	-0.0766	2.6146985841234223	-0.0589068109019016	-0.12	2.4383734904301058	-0.003255522650418452	-0.0883	2.5628653858872075	0.8365831765484383	0.105	2.681288089998915	0.4378563280302525	0.0886	2.7378209671497444	0.053581860171630136	0.0972	2.826306175007753	-0.011555999202665423	0.0766	2.817182166102978	0.004890941995698769	0.12	2.720944429695088	-0.004588470960223273	0.0883	2.622105192226192	1.3732207255497881	0.0	2.6423314814114964	1.5815563437018778	0.0	2.680792906351603	1.4653638604230148	0.0	2.7160637822826326	1.255436678760551	-0.2016	2.801140046751175	0.9765263343238911	-0.1613	2.8909507555527245	0.7885662030457995	-0.12	2.5091919759000083	1.283871586854866	0.2016	2.5082737462968496	1.2606937374884821	0.1613	2.53137219734517	1.4221839596415267	0.12
250	4.166666666666667	2.6007646826387667	0.8269095964617539	0.0	2.647371022022492	0.8310760937132322	-0.105	2.641979146986041	0.4227724512113091	-0.0886	2.487315233427363	0.044796094407002066	-0.0972	2.641309640389029	-0.03828636039473264	-0.0766	2.6029038196331635	-0.059685648442620504	-0.12	2.4374429437607708	-0.008681883252699571	-0.0883	2.5541608431218656	0.8519727061721305	0.105	2.677347971743629	0.4407515025095379	0.0886	2.7375246436923253	0.05207514393357689	0.0972	2.823153851183873	-0.01110000294984878	0.0766	2.8150040720817775	0.009379716065293545	0.12	2.7216883140898327	-0.00437207638352595	0.0883	2.617335519893131	1.3682491670372294	0.0	2.639284217657937	1.5805123736692956	0.0	2.655203370704161	1.4638014085118736	0.0	2.711051289940262	1.2497960364305059	-0.2016	2.7925905330544993	0.9704296253495135	-0.1613	2.8818228015203915	0.7856621285465756	-0.12	2.5057602712044824	1.2830449039476388	0.2016	2.5093799343223724	1.2814855619990322	0.1613	2.528846669815305	1.412337721830332	0.12
251	4.183333333333334	2.5970416132346346	0.8247018966399323	0.0	2.6338153172614307	0.8288501235518652	-0.105	2.630107657442081	0.4225211224475805	-0.0886	2.4853082751363287	0.051138837240071594	-0.0972	2.637167929591948	-0.03591712516134554	-0.0766	2.600754464591419	-0.06145847917070606	-0.12	2.436075016544575	-0.015468183758248238	-0.0883	2.547712751513093	0.8515856429165938	0.105	2.6691017461588493	0.44693573427112515	0.0886	2.735809027284216	0.06574439750840368	0.0972	2.8168244821481627	-0.01208976414247595	0.0766	2.8149142602730497	0.012248370152581484	0.12	2.7212370276127618	-0.0046680344929304896	0.0883	2.617300153982374	1.362656012433504	0.0	2.638160472276972	1.5814654327385747	0.0	2.6409890742725395	1.46358327789845	0.0	2.7181835742164804	1.2442241784881063	-0.2016	2.788409605900003	0.9673631916215487	-0.1613	2.870405937393408	0.7859357606124725	-0.12	2.5022894323769185	1.2812072246083694	0.2016	2.5204625686219604	1.2558652061067295	0.1613	2.5314711671970174	1.3953946416786809	0.12
252	4.2	2.5908315047513484	0.8220240410772645	0.0	2.627085139647585	0.8242989818245733	-0.105	2.6205887327351802	0.4225485868351197	-0.0886	2.4816570677023955	0.04661950543998578	-0.0972	2.6355141456171283	-0.03474559250607169	-0.0766	2.604463302537552	-0.06169631212007891	-0.12	2.434120608914079	-0.023832654514119617	-0.0883	2.5415711613268215	0.8450137695120421	0.105	2.6623532986740437	0.44782520323138647	0.0886	2.7340798696376027	0.06888461461894113	0.0972	2.813469374561481	-0.01168537178382277	0.0766	2.813131054914485	0.01485510482276134	0.12	2.7210666987915477	-0.004839240504428521	0.0883	2.6121817984267426	1.3609351893502406	0.0	2.6374759146913638	1.5826880855696264	0.0	2.63867425702212	1.4648621323972637	0.0	2.708177109725268	1.24347885033917	-0.2016	2.7799046492470785	0.9641277202899228	-0.1613	2.863474502310816	0.7863304490429177	-0.12	2.498598379363141	1.2787145534277153	0.2016	2.5252869402611706	1.2538259032454737	0.1613	2.530213537848332	1.4025916374575755	0.12
253	4.216666666666667	2.5847355381439345	0.8214042181916342	0.0	2.6229328190172105	0.8240280367795472	-0.105	2.611090149898335	0.4246312714562308	-0.0886	2.4790673338475107	0.04462206311682967	-0.0972	2.6338593131481245	-0.03246362073417036	-0.0766	2.6043312845972006	-0.062053678179878335	-0.12	2.434324169256767	-0.032065227147399344	-0.0883	2.5375180546843916	0.844623237017782	0.105	2.6577965456401484	0.45254232033185976	0.0886	2.7325195175325314	0.07197057889963629	0.0972	2.8111906395752086	-0.010138898734198931	0.0766	2.812337180161617	0.015207197486468482	0.12	2.7210582348646555	-0.005215937144790281	0.0883	2.609382732065698	1.361038838154175	0.0	2.6395985707652496	1.5826438186968756	0.0	2.6383212096777346	1.4666742638429018	0.0	2.699477600258507	1.24230564890544	-0.2016	2.7729534948944297	0.9618454735246142	-0.1613	2.8521328581826544	0.783341915999381	-0.12	2.4956922727201514	1.2773204783607615	0.2016	2.5198620638863454	1.2672924131899215	0.1613	2.52774850892904	1.413835982835658	0.12
254	4.233333333333333	2.5816140298095656	0.820961965074567	0.0	2.61753829317931	0.821923283640718	-0.105	2.600635124072839	0.4274181911272616	-0.0886	2.4787684912490655	0.04724861332156932	-0.0972	2.639808975917633	-0.029296341157206182	-0.0766	2.60675717375999	-0.06150818453282342	-0.12	2.4349117100115305	-0.03553108810924949	-0.0883	2.5330435252625114	0.8417562440859239	0.105	2.6524256746922967	0.459333774330597	0.0886	2.731389100050363	0.07730058036898707	0.0972	2.8065785897154423	-0.005612502247091353	0.0766	2.807663843870512	0.017353033638439833	0.12	2.7212518498542084	-0.005208936596108896	0.0883	2.6102077410682956	1.361003286438837	0.0	2.6480652884434535	1.5823882641050677	0.0	2.644478398938649	1.4693922523656036	0.0	2.6979684294996797	1.240868216449722	-0.2016	2.7617729484925144	0.9577896766380763	-0.1613	2.845536514930675	0.7685166849411675	-0.12	2.4956075030350435	1.27738093704498	0.2016	2.52263604330135	1.2593338615556866	0.1613	2.529148882759045	1.40597936468455	0.12
255	4.25	2.576023431455491	0.8209630261018384	0.0	2.6113455575621165	0.8235909125891545	-0.105	2.594413242229758	0.43035634643268483	-0.0886	2.4770047364975887	0.04670585419202294	-0.0972	2.6477369968443836	-0.02675610616578669	-0.0766	2.608904349116559	-0.06001575471214016	-0.12	2.4352821516075256	-0.039293002422889425	-0.0883	2.5295312720620005	0.8424461635825387	0.105	2.6486044103132946	0.4618568051612293	0.0886	2.7304611833804118	0.07762555892959501	0.0972	2.804410647932924	-0.00019843952479349503	0.0766	2.8027785350331142	0.021735374154917414	0.12	2.7198849221078683	-0.004735865218503443	0.0883	2.6077673178289023	1.360536788676796	0.0	2.651325687636114	1.5809267709619708	0.0	2.6453904781688014	1.4702912940912938	0.0	2.6944270746518106	1.2389475942395392	-0.2016	2.75487493548242	0.9546504918974712	-0.1613	2.8391734402014035	0.7630884930359212	-0.12	2.49459655940556	1.277790131834907	0.2016	2.5187050291404542	1.2668762921434953	0.1613	2.526614597211534	1.4070750665549485	0.12
256	4.266666666666667	2.5715294296707256	0.8211047101344853	0.0	2.6047511145736335	0.8254718906889101	-0.105	2.589915838778882	0.43257270866281494	-0.0886	2.4773094205116424	0.04614288307625718	-0.0972	2.6524020154449826	-0.024573488630474205	-0.0766	2.609326096689372	-0.058291157402938984	-0.12	2.4361666498646617	-0.04197918788261129	-0.0883	2.5250863899201494	0.8458829458204382	0.105	2.644181231905098	0.46422600432791467	0.0886	2.7291893705355292	0.07762308906661083	0.0972	2.8043594832890455	0.011287816771099343	0.0766	2.79495771891708	0.032233505099568474	0.12	2.720202123195537	-0.0049977021975702585	0.0883	2.6061130287038794	1.359430365395111	0.0	2.6556223873657623	1.5802074507458521	0.0	2.6526027183769845	1.4681463828470818	0.0	2.687976963369422	1.2372536443144073	-0.2016	2.7430631229976496	0.957578688988511	-0.1613	2.8299524071562243	0.761661039547065	-0.12	2.4911384088924087	1.2790192336328978	0.2016	2.515908096681271	1.2660361263852749	0.1613	2.523292995324991	1.3988158419638541	0.12
257	4.283333333333333	2.564314438617443	0.8212499427591942	0.0	2.599480671908627	0.8267805624756359	-0.105	2.582755837053854	0.43422502377310235	-0.0886	2.476353508681353	0.04628016852896412	-0.0972	2.65774541917533	-0.02254611851090027	-0.0766	2.6073615554777874	-0.056546788567890346	-0.12	2.436810575942092	-0.0426104281196024	-0.0883	2.5179474926446948	0.8474435181738397	0.105	2.6372773163560317	0.466164251786281	0.0886	2.727001042559889	0.07921990543420476	0.0972	2.8032465664886304	0.01865956887267789	0.0766	2.7904934670795347	0.03662162730690023	0.12	2.7207463335486533	-0.005942141426381664	0.0883	2.6036661314953515	1.358618829593465	0.0	2.6603235731995203	1.5777446409966556	0.0	2.6526201664331106	1.4647847254457629	0.0	2.680247402758859	1.238206561498841	-0.2016	2.7323339085723375	0.9594412138451349	-0.1613	2.817056103745307	0.7601276025969058	-0.12	2.488025801415611	1.2793553165313736	0.2016	2.505948972068224	1.2712788148291037	0.1613	2.51936408493369	1.3945580406347446	0.12
258	4.3	2.5581335257379454	0.8220826747250137	0.0	2.5934963109055764	0.8246533926489976	-0.105	2.57895089349411	0.433613478779041	-0.0886	2.4768485723605953	0.04650901923994089	-0.0972	2.662968886757549	-0.018517814648396608	-0.0766	2.607135035784447	-0.05314649902461957	-0.12	2.437501372117872	-0.0440799971405952	-0.0883	2.511937626574238	0.8451395024895736	0.105	2.633047617614037	0.4667839689497886	0.0886	2.724206222861882	0.07932044486276243	0.0972	2.805304659297815	0.02914625170322019	0.0766	2.787028423286951	0.041852858528030244	0.12	2.7218094332331186	-0.0051637331606726455	0.0883	2.6005257088837035	1.3581246543952128	0.0	2.665231840070934	1.575624637150672	0.0	2.656379602792206	1.4585658150895757	0.0	2.673548788755654	1.2396690908850165	-0.2016	2.723023377477725	0.9607073467419658	-0.1613	2.8077781344142947	0.757574764967381	-0.12	2.4824439953151964	1.2800947856963587	0.2016	2.4940008501211945	1.2645770298064853	0.1613	2.5182668051668062	1.3893415449183457	0.12
259	4.316666666666666	2.5526906004488574	0.8228469693167678	0.0	2.58768256983446	0.8245871588980953	-0.105	2.57348805331459	0.4314952055410828	-0.0886	2.4754273607902397	0.04097132775339433	-0.0972	2.662411527383738	-0.01578919651421365	-0.0766	2.6072888997615147	-0.051564516577667266	-0.12	2.4360138242868854	-0.04576018502248659	-0.0883	2.5066796313707744	0.8449386468829765	0.105	2.627635272939076	0.46274959237467733	0.0886	2.722644913927577	0.08043730631767826	0.0972	2.8047463935282053	0.04267408184200887	0.0766	2.781699749561922	0.05203509989547395	0.12	2.7222736348521765	-0.0029204731255443317	0.0883	2.5980753631903655	1.358828854264224	0.0	2.6683628981480307	1.570237918584077	0.0	2.6595843077706713	1.453453002607356	0.0	2.6646961285023836	1.2415864456703418	-0.2016	2.7114138674236536	0.9613081274288688	-0.1613	2.796010397400392	0.75368392660528	-0.12	2.478214149787204	1.2815655420739855	0.2016	2.4872603090666594	1.2675125931731734	0.1613	2.516500076457172	1.3820459608756073	0.12
260	4.333333333333333	2.548582044221603	0.8229037544371838	0.0	2.581695804870119	0.8226339879443665	-0.105	2.56778278012596	0.4292778842968803	-0.0886	2.475004686418125	0.035558992936996	-0.0972	2.654225211178553	-0.013989434543064797	-0.0766	2.6079545132233464	-0.050504139956160085	-0.12	2.4352214814406006	-0.045867291035715255	-0.0883	2.502483408193348	0.8412825651945848	0.105	2.622787086614171	0.4590402674072443	0.0886	2.7201510083968525	0.08214842799938024	0.0972	2.8027529768032218	0.05875084463006563	0.0766	2.7763758455045013	0.06697656933901797	0.12	2.7232515373430526	0.0025631259324506023	0.0883	2.5935459784520662	1.358336865571036	0.0	2.671395580397363	1.5653316891246776	0.0	2.6686460644299044	1.4413161904351155	0.0	2.655975785840182	1.2432718680932142	-0.2016	2.7000159986234507	0.9615237770418428	-0.1613	2.782116449842807	0.7519515975042412	-0.12	2.473686541094422	1.2828203288015505	0.2016	2.4839453068365285	1.2695839678394045	0.1613	2.5177785649666906	1.381421442109747	0.12
261	4.35	2.541076293500773	0.8236232729102265	0.0	2.5758671992402493	0.8216536031228802	-0.105	2.5639129283150526	0.42811583081190585	-0.0886	2.4747672188298817	0.03325302346075361	-0.0972	2.6518610981805146	-0.012491168228111929	-0.0766	2.6057998781983	-0.04923700256757925	-0.12	2.434509854164446	-0.04541991475434144	-0.0883	2.4948821346604	0.839801483383691	0.105	2.621472797812667	0.459132670415042	0.0886	2.718936311665105	0.08375885354123043	0.0972	2.804992709324828	0.06620984765097362	0.0766	2.7755940422415835	0.07409228095093233	0.12	2.7229849524950414	0.00941934444125496	0.0883	2.5925233733980706	1.3601391118398105	0.0	2.676488306367317	1.563501954362834	0.0	2.6846609744626133	1.4304301209606898	0.0	2.6493957887158173	1.244479180875406	-0.2016	2.6907935896771282	0.9627533877466554	-0.1613	2.770138724895793	0.750401054363929	-0.12	2.4709840899038427	1.2852495850948467	0.2016	2.4864457652432166	1.2535327645123004	0.1613	2.518697301990572	1.3730371732890716	0.12
262	4.366666666666666	2.5384099020389526	0.8237904252458258	0.0	2.5716792915287034	0.8178324977493614	-0.105	2.5569883365381147	0.42552511473594035	-0.0886	2.4748409701449647	0.03161194088629788	-0.0972	2.6489506651078436	-0.011876182364126256	-0.0766	2.6048641336504645	-0.047915701170654565	-0.12	2.4336560449062126	-0.04524338096443793	-0.0883	2.490870977731982	0.8352195841979267	0.105	2.619903557844792	0.4571404986082305	0.0886	2.7176888039815097	0.08657287100399218	0.0972	2.8074592243517036	0.07058437503734018	0.0766	2.78020302438498	0.07758998039358664	0.12	2.72139979662236	0.014442745156009268	0.0883	2.5928753925179002	1.3621815529580386	0.0	2.683686391547406	1.557080391860308	0.0	2.698079778835063	1.4197547363788263	0.0	2.642448445278101	1.245505369434155	-0.2016	2.6806169194844207	0.9631897106765896	-0.1613	2.755232028572151	0.7501396606764482	-0.12	2.4682459276662345	1.2877289109551824	0.2016	2.4925788608494677	1.1055924544765265	0.1613	2.5283586955128916	1.3599393075627375	0.12
263	4.383333333333333	2.5339543743477972	0.8233572789904213	0.0	2.569102673428104	0.8124341301925071	-0.105	2.55015618775125	0.4212866400594924	-0.0886	2.473763389542044	0.02824625984726053	-0.0972	2.643097617466504	-0.014074920146660314	-0.0766	2.601427159456012	-0.047940961618087974	-0.12	2.4337423569982017	-0.04472877123388058	-0.0883	2.4892019011505058	0.8278618317162164	0.105	2.618385913624277	0.4543282239303537	0.0886	2.7178967561259464	0.08652741796859027	0.0972	2.8110357220237123	0.0741000785375223	0.0766	2.7838003226143924	0.08100401343217963	0.12	2.720737235640847	0.016943003509990257	0.0883	2.5932632490711898	1.3640566198796815	0.0	2.6843932546679232	1.5536254993523242	0.0	2.7040257508763834	1.4123808029828688	0.0	2.6376832794346377	1.2462557840473123	-0.2016	2.668302320357667	0.9642494341798249	-0.1613	2.7448529410375953	0.7480531385849283	-0.12	2.4693278163657073	1.290176383741347	0.2016	2.4886527393462408	1.0757425564024623	0.1613	2.535641364016419	1.3556974404135886	0.12
264	4.4	2.527859696074203	0.8213959019753686	0.0	2.5608990978685693	0.8027659815460401	-0.105	2.543862749357554	0.41919029742310043	-0.0886	2.472764438699753	0.027715392008761414	-0.0972	2.6398306969538345	-0.013969044181325135	-0.0766	2.6022021097893	-0.04980994682209994	-0.12	2.432944821328663	-0.04547165845885966	-0.0883	2.4873988600989274	0.817841500450616	0.105	2.6167511166721487	0.44968443927202656	0.0886	2.717029089982928	0.08841457944448378	0.0972	2.8165961886568964	0.07925356129613338	0.0766	2.7871768803035826	0.0861012649007476	0.12	2.719494400672405	0.016936283250557765	0.0883	2.5931952920895767	1.3644254415014805	0.0	2.6866223193823147	1.550785199226669	0.0	2.708044193724437	1.3994575727001195	0.0	2.632321288003275	1.2470896046593265	-0.2016	2.6583583349005067	0.9663330483586339	-0.1613	2.7302619138682296	0.7505552793751731	-0.12	2.4723570265679506	1.2914194083712351	0.2016	2.485509637278932	1.0710062442398958	0.1613	2.535731390943303	1.338033806008512	0.12
265	4.416666666666667	2.5236334449097795	0.8184208685896164	0.0	2.5549819489879066	0.7986825423452927	-0.105	2.539663799078435	0.4186219303782837	-0.0886	2.4720592575421105	0.02941628349105658	-0.0972	2.6362234023549846	-0.013791167078819083	-0.0766	2.5941463851971345	-0.05156479122046316	-0.12	2.432346241261194	-0.0459657942929983	-0.0883	2.483880446761856	0.8120079395987706	0.105	2.613871138030948	0.44740571658918143	0.0886	2.7156274726656653	0.09206974159799121	0.0972	2.8239155925436967	0.07883841084321232	0.0766	2.7906547673738302	0.08753053848911402	0.12	2.7162311798631813	0.01768565160210489	0.0883	2.5937219560456346	1.3648986444745024	0.0	2.6906835394920128	1.549967402280966	0.0	2.7091162827740614	1.3945092576592886	0.0	2.632345645969957	1.2471634204835265	-0.2016	2.647032899833904	0.9686759286646369	-0.1613	2.7179451417304623	0.7526719722233942	-0.12	2.4738526108299617	1.29536126642063	0.2016	2.487118752488643	1.0616420281800285	0.1613	2.585364108579738	0.897532300387179	0.12
266	4.433333333333334	2.5183996472243737	0.8154255739169387	0.0	2.5514071670107756	0.7972412011792702	-0.105	2.533627264193225	0.41839566547481355	-0.0886	2.471803370368252	0.02685119562625328	-0.0972	2.635505893778882	-0.015931940700996933	-0.0766	2.5932884747700973	-0.05386696055026044	-0.12	2.432003098764262	-0.04524669674331716	-0.0883	2.4811085436024682	0.8100696305430304	0.105	2.611990347317842	0.44534344823213234	0.0886	2.7119307241136656	0.09349810880220112	0.0972	2.8282250668429407	0.07314268442841608	0.0766	2.799060070983815	0.08220317156089316	0.12	2.7095828646634903	0.020705011066196835	0.0883	2.593572947099615	1.3644979167853444	0.0	2.6933788837370924	1.5466852516387533	0.0	2.7095208701419904	1.3928481430625226	0.0	2.6265703057738032	1.2484274927163121	-0.2016	2.639738944924139	0.9698782787545068	-0.1613	2.70322256773975	0.7536961628107984	-0.12	2.4744377970852205	1.2973232092091882	0.2016	2.4882742435526737	1.089211474415543	0.1613	2.60475129578005	1.2469689297641033	0.12
267	4.45	2.5153678181642958	0.814537741701229	0.0	2.547559101347464	0.7996254134995668	-0.105	2.5277004409265476	0.4183453568208042	-0.0886	2.471534170959759	0.025881026072720165	-0.0972	2.6374190810526947	-0.01664876066168984	-0.0766	2.594909112413572	-0.054958632021633674	-0.12	2.431716373127708	-0.045469132306509605	-0.0883	2.4811272284387256	0.8121082730092001	0.105	2.6093264754606	0.4445636944977145	0.0886	2.7052264442701963	0.09425157187743405	0.0972	2.8332751946098202	0.06063984534249615	0.0766	2.8070114875170784	0.07050391273741957	0.12	2.6988389248983533	0.02341042279738624	0.0883	2.593368592824926	1.3645018708411407	0.0	2.695525173171797	1.5449829461739863	0.0	2.707949518603141	1.3947808104788135	0.0	2.620805759439009	1.251138477196066	-0.2016	2.628940557166415	0.9719479121136572	-0.1613	2.6893490953874193	0.7537418566375897	-0.12	2.475992444993189	1.298903816283104	0.2016	2.4912797192846847	1.0999933164899194	0.1613	2.6156142374479936	1.2693948145616798	0.12
268	4.466666666666667	2.5128507700268963	0.8138565414364786	0.0	2.5412112034230194	0.7970377201185463	-0.105	2.5218906266105474	0.4181173389426268	-0.0886	2.4709276132007383	0.022456187500574806	-0.0972	2.6383638412588266	-0.01803713363699498	-0.0766	2.5994864703286886	-0.05595707908555768	-0.12	2.4309775682480765	-0.04543808241478721	-0.0883	2.481422234186988	0.8105446696636872	0.105	2.6091298299975922	0.44323692621793387	0.0886	2.701613160196014	0.09363783611372584	0.0972	2.8349922162598302	0.054263740231227875	0.0766	2.8123709538687014	0.0659335185786959	0.12	2.6902265769848825	0.02389143893656756	0.0883	2.594704198829525	1.3649070792552338	0.0	2.696357474687149	1.5408992823721397	0.0	2.7073442113197212	1.3928327405807093	0.0	2.6156002772041793	1.2514747383244649	-0.2016	2.6208208323264484	0.9714406827945733	-0.1613	2.678877372224632	0.7535083983535031	-0.12	2.4794691986968256	1.30162414553243	0.2016	2.4853669050354066	1.0957736525987822	0.1613	2.6135735852623365	1.2654302961383512	0.12
269	4.483333333333333	2.5123712632953166	0.8126333420946558	0.0	2.5375650696722283	0.7937099449606585	-0.105	2.519870090709204	0.41755150825744203	-0.0886	2.4705345154669764	0.020473268809901093	-0.0972	2.6375208402450054	-0.018448292802579133	-0.0766	2.600605094116686	-0.05653619242966863	-0.12	2.4304819286375947	-0.04579812377768805	-0.0883	2.4812097839151264	0.8075107806345719	0.105	2.6096681840080187	0.442285954064237	0.0886	2.6968558463353163	0.09313844846510262	0.0972	2.8344447707914084	0.052181314632248794	0.0766	2.8128596668197594	0.06412516639000823	0.12	2.6826719342279026	0.022536230815292213	0.0883	2.5947314778249493	1.3654988022344872	0.0	2.6964224517216646	1.538664351691888	0.0	2.707251148847967	1.3905487699657477	0.0	2.6101928489775266	1.252121623186914	-0.2016	2.6129921841651766	0.9723449716063003	-0.1613	2.671114076518804	0.7530324422169811	-0.12	2.480297101218831	1.3030667549298371	0.2016	2.4803651077000253	1.0700163029178935	0.1613	2.5957145589923467	0.843420789652032	0.12
