PathFileType	4	(X/Y/Z)	C:\Users\dkfc9\Desktop\pitching_analysis\sports2d_results\rogers_01\rogers_01_Sports2D\rogers_01_Sports2D_px_person00.trc
DataRate	CameraRate	NumFrames	NumMarkers	Units	OrigDataRate	OrigDataStartFrame	OrigNumFrames
60.0	60.0	270	22	m	60.0	0	270
Frame#	Time	Hip			RHip			RKnee			RAnkle			RBigToe			RSmallToe			RHeel			LHip			LKnee			LAnkle			LBigToe			LSmallToe			LHeel			Neck			Head			Nose			RShoulder			RElbow			RWrist			LShoulder			LElbow			LWrist			
		X1	Y1	Z1	X2	Y2	Z2	X3	Y3	Z3	X4	Y4	Z4	X5	Y5	Z5	X6	Y6	Z6	X7	Y7	Z7	X8	Y8	Z8	X9	Y9	Z9	X10	Y10	Z10	X11	Y11	Z11	X12	Y12	Z12	X13	Y13	Z13	X14	Y14	Z14	X15	Y15	Z15	X16	Y16	Z16	X17	Y17	Z17	X18	Y18	Z18	X19	Y19	Z19	X20	Y20	Z20	X21	Y21	Z21	X22	Y22	Z22
0	0.0	493.6772743583525	422.33582084779806	0.0	494.6391906698935	420.9013343740439	0.0	498.94122388801554	488.44105161625885	0.0	486.05597729531087	558.8439453694871	0.0	518.1614110286994	571.749692144012	0.0	513.8129257394004	576.4542260035397	0.0	476.1217919044674	572.6569350390415	0.0	494.1376766354946	419.94385144663727	0.0	499.90671953703276	486.52512101716536	0.0	487.78624474555085	554.0571078536884	0.0	518.508193389675	572.1634625888786	0.0	517.9456504758137	569.1973905385444	0.0	472.58806908590947	568.9116625735033	0.0	507.5785014853318	330.3705771936393	0.0	527.6939310455814	293.9671600974281	0.0	526.7344182380286	320.3107656831881	0.0	504.7037860728652	347.14108891714585	0.0	504.2299555910679	395.9937666031416	0.0	530.5583639279755	414.1776277725918	0.0	496.5606002207486	340.9083571952246	0.0	498.48128246695694	387.36196245702394	0.0	528.1908899448316	405.25201559576544	0.0
1	0.016666666666666666	493.6602354240872	422.32842971126684	0.0	494.62768768390765	420.89877521048123	0.0	498.92283714306075	488.43796806419317	0.0	486.11283244833686	558.8234939723695	0.0	518.221871341585	571.7167241434602	0.0	513.8375372574296	576.2930537050208	0.0	476.25460584686766	572.5566678516125	0.0	494.10220427338305	419.94272322551046	0.0	499.8898333765246	486.52228997949123	0.0	487.63829403470214	554.0401544775841	0.0	518.4388276899924	572.1022404697691	0.0	517.7079104258266	569.0527697715723	0.0	472.5229784237236	568.9073773983043	0.0	507.61160341755095	330.37803228659413	0.0	527.7010935946673	293.99229882679685	0.0	526.7274418086832	320.31530361476564	0.0	504.7191175449161	347.1775291201086	0.0	504.24615227938534	395.99391949999784	0.0	530.5398375047673	414.14222150609424	0.0	496.5899328378567	340.91306812204425	0.0	498.52820475630165	387.32730764981915	0.0	528.2482472836135	404.9548258188921	0.0
2	0.03333333333333333	493.59218870260867	422.3026409257846	0.0	494.5552943823287	420.8872210411755	0.0	498.87213245528307	488.4269241968193	0.0	486.2779104024762	558.7650274583448	0.0	518.3790640168663	571.6483874935068	0.0	513.9254408466185	575.9807457532283	0.0	476.5945640688847	572.3683772775966	0.0	494.00628986351694	419.9365417318478	0.0	499.79261579458796	486.5121832214522	0.0	487.23868288199446	553.9884675805483	0.0	518.2823600450647	571.9752369407744	0.0	517.2520185231124	568.906540509084	0.0	472.2031221643648	568.8982780788126	0.0	507.97634857367274	330.4418359357281	0.0	527.7879482245949	294.315151024263	0.0	526.6511622613431	320.3684646523362	0.0	504.82166979460976	347.4470058450123	0.0	504.2990268824468	395.9944212341246	0.0	530.4787416332681	414.03305637275275	0.0	496.9412681218847	340.95396772479336	0.0	498.8945591399049	387.15039767671186	0.0	528.497295858896	404.66231313874107	0.0
3	0.05	493.5733746493205	422.1563642407851	0.0	494.5523557003713	420.7585559621439	0.0	498.8851744004975	488.396826135727	0.0	486.6114654020001	558.6442593199412	0.0	518.7029168902728	571.5299366081772	0.0	514.0201700574554	575.8039693738464	0.0	477.0424632820956	572.1391142772371	0.0	493.8743272567517	419.80520058656873	0.0	499.63812925102485	486.4839757174968	0.0	486.50984450789946	553.8809338094575	0.0	517.988412530598	571.6956486409106	0.0	517.015565549076	568.7230321010636	0.0	471.9267096435101	568.9180404327991	0.0	508.31102540714	330.5592292471884	0.0	527.93341744469	294.3915938523338	0.0	526.8526203806475	320.31658816977273	0.0	504.9806892158406	347.4869652845441	0.0	504.2565957528164	395.92648514338043	0.0	530.5160857345558	414.06922617431326	0.0	497.0080970074119	340.8979173306898	0.0	499.2040117647831	386.88976080103146	0.0	529.2870020257416	403.648079963977	0.0
4	0.06666666666666667	493.3919260818472	422.0881405284408	0.0	494.35459464275345	420.8186147609139	0.0	498.8763106218155	488.41093274880205	0.0	486.5403401112352	558.5571812568043	0.0	518.8366828212274	571.4462815067018	0.0	513.9414032357246	575.7066986403125	0.0	476.92779839429596	572.0670846552441	0.0	493.8496689387994	419.89630797889663	0.0	499.738537534986	486.49878152499736	0.0	486.53484620982334	553.8304436533255	0.0	518.0870628900351	571.5817153917482	0.0	517.0605518620465	568.6627704316161	0.0	471.84793126525767	568.9177915193693	0.0	508.7942693799383	330.47816493115204	0.0	528.2695306025756	294.51219610339535	0.0	527.2738592043277	320.13181401793724	0.0	505.095732378125	347.78464259524435	0.0	504.2122551297621	396.03629659712055	0.0	530.6665732937099	413.9783810274013	0.0	497.32788344659645	340.8944449865366	0.0	499.3110351817737	386.9927955045838	0.0	529.9221746023569	402.85925967100025	0.0
5	0.08333333333333333	493.2496311461753	422.0771023481641	0.0	494.13244942510295	420.741440148727	0.0	498.81539281056405	488.57063648609676	0.0	486.42163974773587	558.5294424036421	0.0	518.8061765937865	571.4257508502664	0.0	513.9779896978544	575.669650554657	0.0	476.6574055453213	572.1491172205274	0.0	494.0082213579301	419.99578850872604	0.0	499.7877039368533	486.6539686152989	0.0	486.57430954845233	553.9363165603679	0.0	518.2886116066632	571.745914631017	0.0	517.0890505725903	568.7823362728764	0.0	472.0037846044147	568.9057861399316	0.0	509.57277029657484	330.28424437517873	0.0	528.393580732329	294.64835928103514	0.0	527.7223672775984	320.09523273627303	0.0	505.3847556619341	347.7226460332953	0.0	504.113460881709	396.1339843737439	0.0	530.7805626145932	413.89103376345037	0.0	497.7416288276875	340.90914441751613	0.0	499.16599382498873	386.8894365346603	0.0	529.6537019169152	403.39072341005533	0.0
6	0.1	493.2067367281202	422.1785727398329	0.0	493.55669859757427	420.80027552824	0.0	498.67745131163986	488.7506241574167	0.0	486.16090338456945	558.6779715381997	0.0	518.654474758074	571.547821434563	0.0	513.906189438687	575.7134626622544	0.0	476.5256470464541	572.1768889531197	0.0	494.25851820245344	420.21833465143084	0.0	500.0387232676028	486.80346944072494	0.0	487.0128269480107	554.0120480379309	0.0	518.5131629839954	571.9555647835583	0.0	517.2189477138287	568.8294564909854	0.0	472.12296571732145	568.8931193049177	0.0	510.22905144446236	330.3583432140113	0.0	529.1980575097921	295.4255166751793	0.0	528.3009159560913	320.87186401796475	0.0	505.8705393487911	347.9532005549245	0.0	503.9057686119189	396.2115040702138	0.0	531.0767429612671	413.7145922845398	0.0	498.6564268669564	340.948572494869	0.0	499.9773015758983	387.11993533197466	0.0	529.8007591630775	404.0763926719349	0.0
7	0.11666666666666667	493.01716843005096	422.2590243529874	0.0	493.389569285314	420.86417310189347	0.0	498.6405870437791	488.8105646182439	0.0	486.1516682068959	558.7884094072763	0.0	518.623132705748	571.5944896649642	0.0	513.8784801283056	575.8583075331451	0.0	476.5733563814577	572.1813285319553	0.0	494.28107602418504	420.37033534280863	0.0	500.03360041661995	486.714637050089	0.0	487.1148286021429	554.1018450014826	0.0	518.5412988857488	572.116324168109	0.0	517.1652747841674	568.8403582410177	0.0	472.07252082443284	568.8703138628359	0.0	510.8091047233723	330.4677621490773	0.0	531.0041848816802	295.78351013124023	0.0	529.2750243611822	321.72319200624446	0.0	506.11248693284756	348.0998442210558	0.0	503.76334809079333	396.4557071714525	0.0	531.2165590163377	413.34426869216816	0.0	498.9940760080936	341.24182642081547	0.0	500.0064150512276	387.4035112318007	0.0	529.8159415316343	404.14402450007594	0.0
8	0.13333333333333333	492.8935302266459	422.4240341591805	0.0	493.0169234751294	421.0230106876091	0.0	498.6234423881085	488.72330991318427	0.0	486.02471899630643	559.0801758206387	0.0	518.6358667466592	571.6420271872746	0.0	513.8763469487112	575.9376922016993	0.0	476.49687320310034	572.2072525709408	0.0	494.28252567160183	420.5822698158017	0.0	500.03995813462535	486.7156890023439	0.0	487.2948346556217	554.4027055113094	0.0	518.567448044264	572.3963100801079	0.0	517.1228958329125	568.8867875834607	0.0	472.19431334829864	568.8696495361315	0.0	510.9780516095917	330.76948112000935	0.0	531.8083122966914	296.2344822528608	0.0	530.2446542172626	322.657968547777	0.0	506.2968411870534	348.13014465177514	0.0	503.39419868370044	396.50581087739056	0.0	531.016709750741	412.900197447462	0.0	499.4593731218953	341.35209605696747	0.0	499.99342648866957	387.70802219603127	0.0	529.5479542613896	404.0134634805754	0.0
9	0.15	492.55321125660794	422.6213328963076	0.0	492.53377627181936	421.2935083008768	0.0	498.5976078535812	488.7361584589326	0.0	486.0893177581082	559.3329274586915	0.0	518.7957107596649	571.7276443969843	0.0	513.9807835644882	576.0084780974144	0.0	476.4503907733624	572.2585022279251	0.0	494.2079260186716	420.8526157312622	0.0	500.0652255941058	486.77739804780606	0.0	487.1386196777571	554.7595683315831	0.0	518.6191251042111	572.5451958429994	0.0	517.0646396604943	569.0096423136363	0.0	472.18227265009546	568.8436502771431	0.0	511.73833563662043	331.6030209826252	0.0	533.7695920488195	297.621034647853	0.0	531.0698662230341	323.70252059192046	0.0	507.337790939421	348.7404710423834	0.0	502.8972322875097	396.6489945703025	0.0	530.7410760696521	412.32388473177366	0.0	499.9744353585859	341.72263053424115	0.0	499.59421159302644	387.7932541035506	0.0	529.2158216453024	403.48326283997324	0.0
10	0.16666666666666666	492.1128259588497	422.80054850896136	0.0	491.67432551752756	422.10232837065644	0.0	498.5166174876007	489.1750347394956	0.0	485.9622898554268	559.6250760914113	0.0	518.8725075070134	571.9099913879401	0.0	513.8944242597113	576.0815850759247	0.0	476.37295625233065	572.3249539739168	0.0	494.27744521944624	421.65298159298146	0.0	500.3201694959554	487.2788220920392	0.0	487.1837024438521	555.4809934367421	0.0	518.8194979291209	572.9075688878327	0.0	516.9914769981835	569.2698943425836	0.0	472.2130477460546	568.7751870923835	0.0	512.6292625455541	331.96660366090646	0.0	533.9328162242361	298.06146327655654	0.0	531.1623532865556	324.0353956629789	0.0	507.904172968312	349.02613652486343	0.0	502.41315584610555	396.6866827197053	0.0	530.3733256825179	412.09056828314704	0.0	501.19270855481096	342.2728786404041	0.0	499.8120681301116	388.17556674146834	0.0	528.7883731129762	402.39408306896854	0.0
11	0.18333333333333332	491.809955166756	423.5930563626836	0.0	491.0112741054103	423.65696906216243	0.0	498.27385174975996	490.22135499351066	0.0	485.81910967283955	560.2662539126226	0.0	519.100206899116	572.3207040055745	0.0	513.9292267963283	576.152923079097	0.0	476.0988226020485	572.3942321983016	0.0	494.4001956952184	423.2441758900627	0.0	500.9322829640939	488.44144925448376	0.0	487.2475780284073	556.571528761805	0.0	519.0560551242097	573.1459313790708	0.0	516.902135119093	569.7444683481268	0.0	472.6125664121701	568.9103604489121	0.0	513.8731433680529	332.2563082887136	0.0	533.8565063558616	298.76814918735573	0.0	531.8388196818307	324.71325095490033	0.0	508.3099271882784	349.6360673334559	0.0	502.13912308262115	396.6520782428686	0.0	529.7539195387101	411.90345516584665	0.0	502.0860859131036	342.97352512072473	0.0	499.82086185967756	389.12206501055675	0.0	528.7040069787696	402.6490887846675	0.0
12	0.2	491.3279464945471	423.97172022308	0.0	490.65619528420274	424.68356393603983	0.0	498.39997410678393	491.08050133839896	0.0	485.7278437841734	560.9301654286228	0.0	519.4894848981455	572.5532541427741	0.0	513.988098031972	576.1950000774298	0.0	476.12434088323465	572.4365422304627	0.0	494.2769913105219	424.6910121177362	0.0	501.12816155815557	489.64054676386525	0.0	486.7349529343794	557.3918097084413	0.0	519.188166552211	573.1479789910571	0.0	516.8709199725631	569.972295298405	0.0	473.051837025677	569.0022251821626	0.0	515.4459952990195	332.0892631765409	0.0	534.4076435367086	299.4123700121788	0.0	532.8710906613544	325.2894271279733	0.0	508.9828766476781	349.8170965804533	0.0	501.9040430365179	396.79629561146345	0.0	529.0836665702279	411.5796498788327	0.0	503.2140100931058	342.875782131295	0.0	499.7145138264805	389.2505204231489	0.0	528.693133266407	403.14802696070814	0.0
13	0.21666666666666667	491.3039436522256	423.7419917352447	0.0	489.98283138369834	423.81662778611985	0.0	498.2971329026117	490.79065637079594	0.0	484.9831209028708	560.9992840790529	0.0	518.9942862885944	572.7759338524298	0.0	513.7068000401727	576.231247086899	0.0	475.53096853729755	572.5101024437132	0.0	495.29523095276954	423.81448809134974	0.0	502.87872089430243	489.4865765024632	0.0	488.0822199580217	557.2530711757395	0.0	519.8751292640771	573.2592216591395	0.0	517.3070431021474	570.1584594745117	0.0	473.81115149563277	569.1411768605229	0.0	516.7180706000165	332.6011005044551	0.0	535.9135892168946	300.62738859444147	0.0	533.7250277551243	326.04338577218977	0.0	510.05814974436703	350.13186703694174	0.0	501.7395203180391	396.8183197610729	0.0	529.0848565600077	411.3917145564975	0.0	504.0777242393939	343.4416719504734	0.0	499.65982177235475	388.65128995294356	0.0	528.3887736600759	403.22838646186733	0.0
14	0.23333333333333334	490.92638810359836	424.08491937024166	0.0	488.6065300571779	423.7705958288929	0.0	497.8106342864571	490.6089655574957	0.0	484.02867064673325	561.2931741439764	0.0	518.1707586717189	573.0173862592511	0.0	512.8276056764583	576.253793405759	0.0	474.61253976016155	572.6050600177136	0.0	497.21208568039447	424.1388985823477	0.0	504.7892978632297	489.6980218970215	0.0	490.09220496583595	557.4368951151318	0.0	520.1775476964301	573.5559694088101	0.0	517.9671016605362	570.3320621320219	0.0	474.8351246132824	569.3101446257746	0.0	518.0614762438626	333.2583821574795	0.0	537.3098432333053	301.7967870564148	0.0	536.253326542966	326.36154215165044	0.0	510.56987344534014	351.08881864092217	0.0	501.64794722529507	397.1644991242654	0.0	529.2787249973238	411.431116015067	0.0	506.1863367012618	344.4804843336869	0.0	500.6957637849208	388.7970202506865	0.0	528.6677645093258	403.32551019405633	0.0
15	0.25	490.61716726092004	424.40373355330667	0.0	487.34683413873864	423.9946279113407	0.0	496.8547829870057	490.71373219929535	0.0	483.5544795529083	561.6913435895184	0.0	517.1320384373398	573.0448617528832	0.0	511.84866971161523	576.1765177376094	0.0	474.0888340145665	572.6551710182237	0.0	497.66043955250194	424.49758038907527	0.0	506.5218602964652	490.2058469783691	0.0	491.1558842771859	557.847523784302	0.0	520.2215320479975	573.7248413797397	0.0	518.4590126163914	570.4382287460107	0.0	477.3830494361082	569.4041740218314	0.0	519.5956880939739	333.84665097337245	0.0	539.2739083923994	302.87564635926526	0.0	538.3534934820265	327.2868755330557	0.0	511.0846902084195	351.6758095129365	0.0	501.58905906814056	397.2700001895387	0.0	529.1966449510533	411.3775810772411	0.0	507.92357045231995	345.108779609713	0.0	500.99575022444674	388.5610823196715	0.0	528.9326585913795	403.08979183779485	0.0
16	0.26666666666666666	490.295604292308	424.5046295965897	0.0	486.189956725511	424.1353549413651	0.0	495.73785892935064	490.89180817931435	0.0	483.1204998826594	561.8095782649157	0.0	516.1199713163822	573.147378012899	0.0	510.5234707314751	576.1208011911461	0.0	473.5231973237176	572.5828125468714	0.0	498.0650070097171	424.98693104643064	0.0	508.5306225669155	490.46648891421194	0.0	492.1289969475916	558.222572652231	0.0	520.3067200747541	573.7998802342188	0.0	518.6798504035578	570.4496878630308	0.0	484.9819979633573	569.2390790435117	0.0	520.8092695761235	335.42055491044124	0.0	541.3047325917007	305.0635519125447	0.0	540.4159226840528	329.7584086270195	0.0	510.643782858551	352.3831485494041	0.0	501.4286325600449	397.40173411702233	0.0	529.453512349671	411.3093602195652	0.0	511.4150383466366	346.3146485623395	0.0	504.04830011102223	388.4209535920074	0.0	530.1745702866529	402.7673950763323	0.0
17	0.2833333333333333	489.3836848461332	424.5691775057485	0.0	484.727413108652	424.84171337740344	0.0	495.2920765387773	490.99703800906747	0.0	483.0678585821318	562.0155454257106	0.0	516.3831039824737	573.1450875357486	0.0	510.7971147296394	576.0799046118939	0.0	473.72338739572183	572.6126159425759	0.0	497.67962662337055	425.79409270684465	0.0	509.1794349211789	490.59283505227586	0.0	492.1777570103043	558.3569678395722	0.0	520.2686231036005	573.9883557333598	0.0	518.6529592138556	570.4369893268475	0.0	481.4733314725045	569.1488642784287	0.0	522.0214418279547	337.0830928862094	0.0	542.7713325377852	306.73272979160043	0.0	542.3218106772221	330.7768209712346	0.0	510.2290904220974	352.91545865718876	0.0	501.27720765880593	397.67442040367143	0.0	529.1394753834802	410.9534211130128	0.0	515.9050895260013	349.0204786380944	0.0	506.66779507297656	389.45157447291695	0.0	530.8756743866664	402.79791598217537	0.0
18	0.3	488.80670830424964	424.87990860044545	0.0	483.8460364897735	425.36656240496245	0.0	494.8546484040209	491.20289529489924	0.0	482.50096497481525	562.110927924536	0.0	516.1678460734822	573.1434241219804	0.0	510.20236561434353	576.0723884595232	0.0	473.3239210432757	572.6505986815589	0.0	497.54099420944954	426.31201377386355	0.0	509.9713995275735	490.76008729566473	0.0	492.38099511042435	558.4397433665798	0.0	520.2749180298924	574.0671838441629	0.0	518.8387965365508	570.5205841319007	0.0	485.97298548523503	569.1182553111838	0.0	523.2195966074355	338.4054261841799	0.0	544.2793854816715	309.0856841642942	0.0	544.2557863839083	332.86819595431973	0.0	510.39832644447154	353.5493998350603	0.0	501.1295311196742	397.9516071279449	0.0	528.789429478189	411.2289366777285	0.0	518.597848939627	351.15899312142824	0.0	509.7564115441028	390.0172284044422	0.0	532.5347532641347	402.65530847809526	0.0
19	0.31666666666666665	488.12936922819404	425.03911579618443	0.0	483.0680395308345	425.8855162359531	0.0	494.4700237976165	491.1955646190786	0.0	482.07073176080246	562.0616580870249	0.0	514.8296771279159	573.112689035111	0.0	508.0217315324003	576.0906691062186	0.0	472.9895413917191	572.6518712673636	0.0	497.3365268316513	426.85263506436024	0.0	510.7503740087142	490.7363255673587	0.0	492.91678559576656	558.1771829448886	0.0	520.5641474057493	574.1006633927555	0.0	519.2173544153222	570.7936290376259	0.0	488.065832048528	569.0850276963848	0.0	525.1267672611627	339.8585724477714	0.0	547.6929931991383	310.4879935330422	0.0	546.8616341655159	334.4488942047996	0.0	510.67410755198546	354.36027212256954	0.0	500.87645878499336	398.33919184605026	0.0	528.1130484148165	411.25091097615734	0.0	520.6911567849118	352.55759449273523	0.0	511.59402840565235	390.2225278557749	0.0	533.1325241750046	402.5217822922034	0.0
20	0.3333333333333333	487.8762452326506	425.14827663455014	0.0	482.5099585227192	426.12985994368034	0.0	494.2849941572156	491.18629680912824	0.0	481.64480996707516	561.7743197616936	0.0	513.3392535158142	573.0655620449825	0.0	506.2331552162899	576.1565979958461	0.0	472.6436992612792	572.6238368396125	0.0	497.4317429658326	427.4186650356443	0.0	511.7287224545573	490.712411744453	0.0	493.4960206553942	557.7464670984589	0.0	520.7286807315813	574.2739346492918	0.0	519.4737714273425	571.0291755975218	0.0	488.85179523250883	568.9729245442659	0.0	526.9319210222193	341.88504539277267	0.0	550.3526395460887	313.1533695806704	0.0	548.9995012161063	336.96722385515596	0.0	511.18908065625527	355.4073847630677	0.0	500.8223079464523	398.9344537998686	0.0	527.6024192427319	411.2308969400286	0.0	523.3455672690832	354.07265779610873	0.0	513.9679411737065	391.2004183976954	0.0	534.9200460837012	402.38359407476815	0.0
21	0.35	487.7081454344532	425.30844026618655	0.0	482.19574029958613	427.05187893635224	0.0	494.3970663384929	491.02357853736663	0.0	481.4995623447132	561.6047534659738	0.0	513.1554870812517	573.0636720286581	0.0	506.4125877683428	576.2460567007874	0.0	472.5258001162166	572.626292350833	0.0	497.6525933193834	428.4352622196261	0.0	512.6631632304333	490.6008289240128	0.0	493.69379781437624	557.139904421182	0.0	520.9870515643034	574.348092926286	0.0	520.0230899786535	570.9101138615756	0.0	489.1995347670661	568.523549409579	0.0	528.6113269208381	343.7974697466511	0.0	554.3742575121064	316.18758413982476	0.0	551.3587672919706	340.20618479711277	0.0	512.0331046908051	356.6827451701074	0.0	500.6079045392998	399.1779374535249	0.0	527.4424317934674	411.1704006830601	0.0	525.1352053988315	355.439754801486	0.0	517.1041061503258	391.4702040947041	0.0	537.200041001094	403.0121986879737	0.0
22	0.36666666666666664	486.9743187151796	425.5639419245263	0.0	481.354872708145	428.19360340504926	0.0	494.53687823460024	491.6021635328055	0.0	481.4473909004091	561.5632721981543	0.0	513.2645065292336	573.0619974373037	0.0	506.55583697338795	576.4076304911067	0.0	472.43954433318163	572.636019840213	0.0	497.3312884035888	429.89679462717595	0.0	513.6198413856541	490.975095533142	0.0	493.8823159267449	556.672934918622	0.0	521.095809492218	574.3273175339638	0.0	520.2137256754521	570.8866109320619	0.0	489.6534519806552	568.338876945481	0.0	530.3648333481203	345.9874906897335	0.0	557.6813810480274	319.0921098211293	0.0	554.1570471481572	343.73826784909136	0.0	512.7032817039865	357.952927906767	0.0	500.3557958804275	399.9796550817376	0.0	527.8679385083974	411.2693303518439	0.0	527.6765735345386	357.8886320299701	0.0	520.5627478234554	391.9136375344984	0.0	537.8858218054083	403.87273916984003	0.0
23	0.3833333333333333	486.40841970600627	426.1756968457582	0.0	479.4132436889238	429.6295547874557	0.0	494.3161481010198	492.1944962896871	0.0	481.0255277136989	561.5541954577	0.0	511.97491227530173	573.1000719790387	0.0	504.9955112369902	576.5787692374729	0.0	472.32920473992203	572.7096739001508	0.0	496.36566624835007	431.0336721111456	0.0	514.254404362438	491.3968629744964	0.0	494.0848922482968	556.5898598747701	0.0	521.1343629857389	574.2922736929728	0.0	520.3266471525054	571.1111081715117	0.0	490.74150488174774	568.5181735582224	0.0	532.0629733351097	347.64771221848207	0.0	559.4656045231341	322.007949958074	0.0	555.5019249055069	345.5205586179671	0.0	514.1133000357349	359.73739201011693	0.0	499.9633084330234	401.0780960340461	0.0	527.0974972955584	410.9722509173308	0.0	528.6671246143013	359.3879921162006	0.0	521.6308822388419	392.00286339787255	0.0	537.9559880255208	403.43209344386787	0.0
24	0.4	486.0124630283844	426.78663158155183	0.0	478.42786468260397	430.28611341059366	0.0	493.9547483449976	492.87335332828513	0.0	480.7987320249108	561.6588046343113	0.0	510.62022732885225	573.1615325722065	0.0	503.7932022635507	576.8591885079693	0.0	472.2008554696538	572.9186622176251	0.0	495.64552769321966	431.976658657519	0.0	514.4810769703788	491.60521434051043	0.0	493.8599420150598	556.4415608945917	0.0	520.8552361095958	573.8947995935089	0.0	520.3029147635348	570.7858063951296	0.0	490.83155202245104	568.4566052174025	0.0	533.7010517165721	350.07058839477514	0.0	561.5729737321844	325.6288900739536	0.0	556.0589079366447	349.196260610803	0.0	515.1894504518085	361.6100491052727	0.0	499.4209718818573	401.99092942366985	0.0	526.476401526382	411.4281583421681	0.0	530.3113472182483	361.6375348761574	0.0	521.8947422243004	392.5303319594229	0.0	538.0752871521055	402.9301923547836	0.0
25	0.4166666666666667	485.64974436596356	427.18121561800456	0.0	477.7930159743287	430.5922411142102	0.0	494.090589226495	493.640519619574	0.0	480.6015657936082	561.8396346124964	0.0	510.29326938022535	573.2492564650456	0.0	503.6752613752758	577.0630392233247	0.0	472.02697704661307	572.9923173410211	0.0	495.14085180609845	432.32342189896934	0.0	515.2941191896447	491.65136441860585	0.0	493.3312876602888	556.1640640861339	0.0	520.428660941282	573.4344879228184	0.0	519.9249669202444	570.4866898298288	0.0	491.06423981941316	568.3129159925642	0.0	536.3165014319434	352.9959332949951	0.0	564.3075379667473	329.7216416896375	0.0	557.9596725428864	353.0361099135087	0.0	517.1662933213124	363.18046984523136	0.0	498.8165790931268	402.4891779972484	0.0	525.5717298240107	411.8291224872009	0.0	533.0708868484717	363.6508011182877	0.0	524.8472730761664	393.65822196151976	0.0	538.3533807118635	403.6807449877417	0.0
26	0.43333333333333335	485.4543425537409	427.8039697798197	0.0	477.04062570534666	430.8871853337327	0.0	494.31171767856995	494.45376458584263	0.0	480.5399896307999	562.0011047960229	0.0	510.3367169118202	573.2828670841253	0.0	503.4348885721371	577.2256785233259	0.0	471.860747999677	573.2758974966657	0.0	494.83046195708596	432.93428651692795	0.0	516.1048623275433	491.7463259840613	0.0	493.02137273588323	556.164373740027	0.0	519.5396490488997	573.1891021877507	0.0	519.1105810434606	570.0610072137783	0.0	490.8339946274191	568.0447515565518	0.0	537.2013971273561	356.07179245340734	0.0	565.3050141803903	334.2560799432944	0.0	558.5692005612974	358.17825694201036	0.0	517.8338910236623	364.90506536760614	0.0	498.16701309056634	403.6060584709009	0.0	524.6871894362023	411.6094516740106	0.0	535.7766093836742	366.9251339353202	0.0	529.7128910916044	396.9246441195083	0.0	538.7392962878381	406.30969376145595	0.0
27	0.45	485.1740811145098	428.29031516881383	0.0	476.41296121176117	431.5541293533665	0.0	494.7930101449935	494.6368842170272	0.0	480.5903684463899	561.9505698778125	0.0	510.49724123979234	573.548163965792	0.0	503.2636731880837	577.3471845391537	0.0	471.9903019147948	573.3071915486871	0.0	494.6905349102132	433.5896717697438	0.0	516.5951501476621	491.8650962555111	0.0	492.53506830315166	555.7943558291878	0.0	517.4157039847942	572.7095275864024	0.0	516.8631491267552	569.7562111043751	0.0	489.88783882860383	567.0278241269241	0.0	539.9371688691292	359.4187450827479	0.0	568.0241198333243	338.8476216197367	0.0	560.2382626792382	363.9032613576562	0.0	519.6898356391847	367.24236328114836	0.0	497.53757283379514	405.02905190706554	0.0	524.339805203635	411.7707150290053	0.0	536.8475768703782	369.01158719927304	0.0	526.9125513271194	398.98170391689615	0.0	538.0586061515658	408.35317396947596	0.0
28	0.4666666666666667	484.82930433441754	429.1568369056212	0.0	475.4142246878087	432.05135508520925	0.0	495.03360861359454	494.9161077045573	0.0	480.52904275091174	562.105599716212	0.0	510.0912934610001	573.6819777725536	0.0	502.855614681837	577.3407973898769	0.0	472.04614999249213	573.3595640415674	0.0	494.5604344174291	433.78953919628714	0.0	517.5107555130664	492.04692992555897	0.0	491.7269052502397	555.6927008742935	0.0	515.7525567680808	572.3590660914991	0.0	514.1353156353066	569.4655465333124	0.0	487.5468050509786	566.3370287085106	0.0	542.1820431667685	362.3879253094865	0.0	571.3188703998792	343.3334172356144	0.0	563.2611322439082	366.85845738978145	0.0	521.4250930299501	369.62109690978224	0.0	496.19779766139084	405.47084685858516	0.0	523.6397198785522	412.58288283730064	0.0	540.1789450498331	373.69059794985236	0.0	525.7529357665945	402.70102214756383	0.0	537.1088252634775	413.4312905529708	0.0
29	0.48333333333333334	484.9402833377381	430.0384013472963	0.0	474.7443758315123	432.4762774035109	0.0	495.26079259186065	495.6285112678712	0.0	480.31392240931393	562.3617180804201	0.0	509.6409832687157	573.5996706045688	0.0	502.7141550218081	576.9638758928525	0.0	471.9751992846649	573.2912801348828	0.0	494.7396886785027	434.8034828068497	0.0	518.1931361366437	492.1593726094411	0.0	490.0473797029748	555.7571447684227	0.0	514.2551578014966	572.1707736415503	0.0	512.954478793562	569.0529979505113	0.0	483.80942064168926	566.1129037592126	0.0	543.9545566287775	366.3218764018013	0.0	573.2334261891319	347.7770223743612	0.0	565.9730749416194	370.3499140027953	0.0	522.1886464016366	371.88106458663276	0.0	495.0223289567592	405.8712478895906	0.0	522.6696257677444	415.29014169863586	0.0	542.4081180955269	378.92775844584276	0.0	526.1550181410367	405.1201121723935	0.0	536.8419580384946	415.76044744010215	0.0
30	0.5	484.88323554866486	431.08737776296414	0.0	474.4429642152126	433.11719639212123	0.0	495.6292050591635	495.8153015604007	0.0	480.2499808235515	562.1764414910064	0.0	509.6366272910708	573.2608146005346	0.0	502.9628140076702	576.3478733986607	0.0	471.96445387809973	573.0644232109968	0.0	494.655058187288	435.77552798540376	0.0	518.5748379263615	492.18195021043994	0.0	488.14743460076807	555.4445847455773	0.0	511.2035752216642	571.9401331342787	0.0	510.3377697701734	568.4955911107446	0.0	482.3504590012741	565.1958422807915	0.0	546.1858404640624	369.82748922943875	0.0	575.4654333417625	352.6984417390861	0.0	566.6688709411394	374.9272604269811	0.0	523.9017225158262	374.4960209449688	0.0	494.34013022820545	405.8834974430117	0.0	521.8117686484505	419.6366468321464	0.0	544.6871218415813	381.895808815071	0.0	526.9709254979949	408.36854946558856	0.0	536.6626499475879	418.8811562320793	0.0
31	0.5166666666666666	484.3541663917524	432.58362326699535	0.0	474.0128103588252	434.4957458882217	0.0	496.1068967063175	495.98272279717065	0.0	480.08778214763487	561.9793001600003	0.0	509.76464529806674	572.8574615250527	0.0	503.2694201784365	575.8318047947014	0.0	471.762135578914	573.0063873334932	0.0	494.29290649763425	436.90304798322654	0.0	519.1932996676754	492.10118114795495	0.0	485.10573169982774	554.5966037779908	0.0	508.6334605126187	571.7326345551935	0.0	507.8459049887541	568.0061022053144	0.0	474.10482777321886	563.3245948760122	0.0	548.1314827459667	373.01094602564723	0.0	577.8176588229225	357.75804678534956	0.0	570.242802812407	379.8217377238513	0.0	525.6368094285533	377.16821048818053	0.0	492.7410764426479	405.31571162814123	0.0	522.0288727408405	421.483740371297	0.0	546.6534637814939	383.40698211765965	0.0	531.6550776173381	410.7425310165119	0.0	536.2165359371976	421.6862465979009	0.0
32	0.5333333333333333	484.50733252907133	433.0757032970187	0.0	474.4952790635044	434.87497427059884	0.0	496.4489068481122	496.5586417632943	0.0	480.12355712435783	562.279203430993	0.0	510.00356237004667	572.6294144319263	0.0	503.431670417311	575.8023428482445	0.0	471.76497778811813	573.1146787843479	0.0	494.441317045986	437.84684824040886	0.0	519.7144107478757	492.0243097233479	0.0	481.8676376646841	553.5067303725091	0.0	506.71793202499714	571.6028408219906	0.0	505.8871063668304	567.8643728137645	0.0	470.60389332660094	559.4476208941055	0.0	550.3458806958317	377.3809392201583	0.0	580.3032727858678	362.5036017327159	0.0	573.8160420320261	384.21201246906406	0.0	528.2273372785223	380.6794817413558	0.0	492.1553871442351	405.0002684392431	0.0	520.2907674267097	423.9709733880496	0.0	548.5570917582226	388.87100114019313	0.0	534.3809462091599	415.54159961115516	0.0	535.9744960224157	426.02710124017506	0.0
33	0.55	484.15499007562573	433.58446721019675	0.0	474.89480870551944	434.6811962303899	0.0	496.8056839478197	497.0863748159661	0.0	480.1412580167043	562.7978670124185	0.0	510.1604678112715	572.4977485880412	0.0	503.6513261985914	575.6862916032464	0.0	471.49046559692636	573.3891431473261	0.0	493.8414022237875	438.0179758368726	0.0	519.9884419523427	491.8629148347028	0.0	480.176862580572	551.518122469662	0.0	504.90057529797355	570.5759824942777	0.0	503.09503388580356	566.8965737207643	0.0	469.1587476806776	556.196842221118	0.0	551.7928551204436	381.618122321141	0.0	582.8435124449859	368.7985622916315	0.0	574.7426573615503	391.42739547788807	0.0	530.1007535900864	383.05199587323335	0.0	491.79213565744703	403.7737108107407	0.0	519.0853195679451	427.5456101619135	0.0	550.0646333186355	391.2912174202144	0.0	536.6899192700857	421.1450443883943	0.0	536.0739150898291	433.5572077859321	0.0
34	0.5666666666666667	483.8660501103511	434.2661509956447	0.0	475.1398702585611	434.3417857103391	0.0	497.3357062806537	496.87880265839834	0.0	480.34661188844757	562.9381982976421	0.0	510.55034292669006	572.7273173799507	0.0	504.03694516331063	575.8402108621606	0.0	471.5680729278954	573.2691089953108	0.0	493.6859177099436	438.577184283681	0.0	520.4849593651784	491.7824408259793	0.0	479.1566816629804	549.9111719309446	0.0	501.31490253260534	569.4580696281668	0.0	498.86201108988	566.0746486211876	0.0	468.3312529112602	554.0977556362948	0.0	553.4746207787848	385.74153427277423	0.0	584.4333107452144	373.52825424832366	0.0	574.4645993642841	395.13791617889547	0.0	531.208159460088	385.04614158170796	0.0	491.06814351687063	402.83916555581607	0.0	515.6726988214101	428.7388662468825	0.0	552.1082986833554	397.67436278657067	0.0	537.2394492339149	425.5334461288061	0.0	536.1234880415548	440.2636771430234	0.0
35	0.5833333333333334	484.1308717627344	434.81709433662314	0.0	475.9459627650929	433.9367860491951	0.0	498.31685704983494	496.44049608813697	0.0	480.30796942954225	562.8083616082151	0.0	510.71435060371607	572.7053768273842	0.0	504.1480948871279	575.80437234528	0.0	471.7937670710765	573.1754755160979	0.0	494.5808512569008	438.84440111669244	0.0	521.2634924326279	491.5966988617987	0.0	478.9058596687942	548.6712756299186	0.0	502.5382226187199	569.4613895739758	0.0	500.98726428804315	565.6863584677242	0.0	468.01414275918467	553.0156702177289	0.0	554.4686998817051	389.321452465066	0.0	585.6266985019302	377.4132942711879	0.0	575.4507032594486	399.12110430009045	0.0	532.7243964395934	387.85196973979754	0.0	491.72377651731125	400.58049289449474	0.0	508.0138707512889	432.6299203950907	0.0	553.4140036363992	403.99459090688083	0.0	536.8516820098604	431.3124957692913	0.0	536.1220870632332	448.18951289053314	0.0
36	0.6	485.0211914187043	436.19351531089944	0.0	477.1157566878803	435.18583635799246	0.0	499.522750134704	496.02537560256917	0.0	480.36193044973055	562.3725070120731	0.0	511.0649367393995	572.7687582856292	0.0	504.47189586922514	575.770609317934	0.0	472.04620939083463	573.1205227427982	0.0	497.2030101797951	441.5399528450414	0.0	522.2661250335085	491.4148109133595	0.0	479.44476551118305	547.2269664051281	0.0	502.2598041092219	569.32125389888	0.0	498.9958959023489	565.4143494000926	0.0	467.405230387211	552.1127334562717	0.0	555.8306293483679	394.34170043226504	0.0	587.2669515314167	382.2374409749413	0.0	576.4028457765747	404.21958376160205	0.0	534.5162063979467	391.2464454119643	0.0	492.5261474933414	398.50575169029264	0.0	501.06227285153	437.1510414259313	0.0	554.1916119065817	408.59596059491855	0.0	538.8183755619285	434.1122770895415	0.0	535.9717318343131	456.5789054230136	0.0
37	0.6166666666666667	485.4104929788125	437.79136650684563	0.0	477.29552892748615	437.8393571408114	0.0	499.8590736305267	497.33002603042144	0.0	480.4259590036832	561.8684026902395	0.0	510.91654417008306	572.6565251569103	0.0	504.5190542712076	575.8853522389511	0.0	472.09715852883755	573.1308419943521	0.0	497.9314311447173	443.57622101804134	0.0	522.4119577929256	491.5076741267131	0.0	479.7416886175222	547.3284364207707	0.0	505.2088665707659	569.3127325241824	0.0	501.4830607057717	566.1224371915914	0.0	467.8885713741844	551.8662136362069	0.0	557.337392939791	398.6877167597993	0.0	589.2797919726708	387.8889166132767	0.0	576.9571812552014	410.5759772312056	0.0	536.5338596250399	394.1037726554368	0.0	493.54602257462847	395.91227929141843	0.0	488.71321651750077	432.7084131753546	0.0	555.0538996905759	412.25519923891494	0.0	541.7230286504143	437.12650654637457	0.0	535.9856333140523	462.7075860400439	0.0
38	0.6333333333333333	486.06495394831495	439.69751094933815	0.0	477.35986197943544	439.05224444503654	0.0	501.144299437962	498.50420798380264	0.0	480.6662175185169	561.9267275596626	0.0	510.3143119827205	572.5875032009291	0.0	504.30467609383766	575.6509592662993	0.0	472.12959278990394	573.2218437206539	0.0	496.88432910026927	444.3252639835052	0.0	522.3145988235547	491.60259145049395	0.0	481.1349636871508	548.063594415657	0.0	503.57618253697285	567.5254806435602	0.0	501.5691111065034	564.7111630866168	0.0	469.02161435467127	552.1753331229755	0.0	559.6796274772677	402.4668987941259	0.0	592.8622841769123	393.75827290448393	0.0	576.7914511320266	416.50005772949606	0.0	538.3390785977687	398.3949618311054	0.0	494.53344850088905	393.9166356154691	0.0	481.40139377473344	428.85873756199913	0.0	556.0359089478048	415.6190231014823	0.0	542.194924626142	443.47985027926956	0.0	536.1480762697759	472.0655415073211	0.0
39	0.65	487.5641721217461	439.6739493347884	0.0	477.5783052227348	439.25825270437895	0.0	502.7297784868772	499.08890626499	0.0	480.6054087739008	562.4478502376598	0.0	510.68956942028865	572.2251418942689	0.0	504.3130450453657	575.2422433554841	0.0	471.9961538702827	573.2636556756627	0.0	497.4285827915387	445.49387257462797	0.0	525.2979490034561	491.47025095038583	0.0	482.1284980872144	548.4132945338628	0.0	503.8028882625083	566.7008102353234	0.0	502.11047357880193	562.1211529086875	0.0	471.14244619050277	553.3254011995112	0.0	562.6201389333519	406.5501230880422	0.0	596.0100083538491	397.6744520754207	0.0	579.7071461909009	420.22450087637384	0.0	540.5379035163089	401.8162400848384	0.0	496.6882287138252	392.92775838047976	0.0	475.95348838750346	420.8785161799593	0.0	556.6115446315038	419.9129439307132	0.0	543.7197692127469	445.61759519890745	0.0	536.7724467952748	476.8992227664791	0.0
40	0.6666666666666666	487.1468882576361	438.52362347067185	0.0	477.7407322600137	437.86199110810094	0.0	503.49048209814043	499.3551407623394	0.0	480.502177513463	562.7166413524631	0.0	510.83091769879	572.6852296856526	0.0	504.05006135872094	575.6779664408316	0.0	471.8486607406537	573.3279398727216	0.0	496.8992863604242	442.76569121289276	0.0	522.1995321943217	490.4713836738326	0.0	484.139616096242	550.4824179063673	0.0	509.40609014619884	565.3602997933216	0.0	504.46611575756594	562.2165687207358	0.0	473.7686954704017	556.8548964530619	0.0	564.5437128788037	411.5102601676538	0.0	597.6266462834775	403.86746237588284	0.0	582.3324349798121	426.0536752133579	0.0	543.5064615769412	405.93601544973154	0.0	499.4861378412699	392.32544118908595	0.0	463.88806355883537	414.79559309015934	0.0	558.2957512849383	423.92738451478357	0.0	544.6289708878746	450.01944752100746	0.0	537.5639966809529	484.4124707526949	0.0
41	0.6833333333333333	487.51122159116323	438.6083623204619	0.0	479.1503576363633	437.5972670842423	0.0	503.5628536788388	500.20924397932237	0.0	480.4615822474334	563.1419076600373	0.0	511.343993935069	573.2654011809382	0.0	503.6544568122097	575.9829590197344	0.0	471.90594683351515	573.4088892048824	0.0	496.9044448232835	442.5665907518464	0.0	521.7746304104517	489.76609177771974	0.0	489.5173634160582	550.7722238708076	0.0	515.8586861965679	563.405546612896	0.0	512.1172083156928	560.6025715392911	0.0	483.0748533306629	558.49500497544	0.0	565.2346599163407	415.0042252008976	0.0	598.3535457577876	407.44688090754204	0.0	583.7983548686357	429.3549270097645	0.0	546.2448915514082	407.739100373582	0.0	501.2030430674522	393.14691695856783	0.0	461.0429214422419	400.64447873184736	0.0	558.1600919586808	430.06278713956146	0.0	546.3476112703856	452.5358160280188	0.0	538.405594549175	488.8178008130377	0.0
42	0.7	488.10619477754307	439.5411160781835	0.0	479.6869643360132	437.4000900410812	0.0	505.17816960638555	501.22551306978886	0.0	480.5426608775722	563.4888371107262	0.0	511.3602910432558	574.1164129573132	0.0	503.75282797377133	576.7332405038486	0.0	472.2752505129079	573.159830323108	0.0	497.2222744557683	443.1157136642423	0.0	523.1701971487145	491.4351617373417	0.0	494.0831700251049	551.1752516435724	0.0	520.4634913118641	562.1054861380669	0.0	517.3896895595245	558.641642743607	0.0	488.67437227532713	560.4513508397431	0.0	567.4559985817767	418.4756836894489	0.0	599.5428606600041	411.06764356356507	0.0	584.4410275169216	430.70835074960337	0.0	546.270537628913	410.9370580792847	0.0	503.631208092895	394.28051371444315	0.0	459.4719903453409	393.35269092043023	0.0	560.1794909008889	431.2260916129646	0.0	548.1198977442527	456.70438055921164	0.0	539.1474314994546	493.742404530953	0.0
43	0.7166666666666667	488.4169000784984	440.96638335484687	0.0	480.04159016938826	439.42508343164775	0.0	507.2276347261231	502.8241989117452	0.0	480.93513983336163	563.7034402765453	0.0	510.46794736113276	574.6126723346779	0.0	503.8403458372135	576.938908246107	0.0	472.43403942903245	572.8547079573048	0.0	497.99090162547793	446.2977768542274	0.0	524.2368908846325	491.9136145942334	0.0	500.0380853548836	551.4949561559495	0.0	526.4911391874983	558.7292006444261	0.0	523.2088180486778	555.4248282759028	0.0	493.5260953001506	561.4312294439954	0.0	568.3853483351724	421.9685891157291	0.0	600.2743162271173	415.0854665434272	0.0	585.9329908482518	434.5131153313508	0.0	546.1166952829814	414.1054266414285	0.0	508.7005919065141	396.488190423645	0.0	469.5861059546148	383.34301947392555	0.0	561.7361016294478	434.0599107523903	0.0	549.3014495593188	458.37728128753844	0.0	542.1390997445591	493.84458569047166	0.0
44	0.7333333333333333	488.1677961197785	441.37803223550077	0.0	480.7586413927694	441.46813879230666	0.0	508.9163718433368	503.29527884853456	0.0	481.86499007019705	563.5534915257232	0.0	509.91000703835795	574.5632554272745	0.0	503.8151740614955	577.2382492569999	0.0	473.0328330043508	572.2974268243337	0.0	497.79093572570605	447.02398510206314	0.0	524.3742297840915	492.56579020189463	0.0	505.7744362566619	551.7506902013987	0.0	532.8710376584288	556.2267952398424	0.0	529.3331633486476	554.4896910548623	0.0	498.7272935592889	561.8350359174945	0.0	569.2614217532899	425.9532661265326	0.0	601.2602947018045	420.7439838933058	0.0	586.9954806121426	439.3131946138288	0.0	547.5157440938868	417.8332108114567	0.0	511.09873391520114	397.0522086525613	0.0	476.35233362734624	377.51448947309945	0.0	562.10970800872	436.63256796694674	0.0	551.3391609543562	460.47546654980727	0.0	543.9664315172129	492.5533532618153	0.0
45	0.75	488.6155793188419	443.24908098497843	0.0	481.89948254924167	443.47493757719417	0.0	511.17668361359085	504.60660081252854	0.0	482.0603105818418	563.766095777715	0.0	508.7965267306941	574.9955486011563	0.0	502.9745300800193	577.6202043756234	0.0	473.00068211244985	572.0307795225591	0.0	497.8487733657782	448.4567500992073	0.0	524.7379439779143	495.02466469265187	0.0	513.1533688155348	553.4186036197582	0.0	539.6079132086559	553.5033759403667	0.0	536.2866833145936	552.360362692749	0.0	508.0098358101592	563.3501466612014	0.0	570.5397603993949	429.8047694044785	0.0	601.7054446937811	426.22474810287656	0.0	587.4369032164637	443.8344397264175	0.0	549.9920327408709	421.27318141174175	0.0	515.3082812001649	397.49916979242636	0.0	483.05825076822805	371.7582547301495	0.0	562.2958793479033	441.1919494015616	0.0	554.1235576068717	461.5073641873562	0.0	545.2372432632525	489.68490676107706	0.0
46	0.7666666666666666	489.3720082062341	445.5203601027533	0.0	482.14096538164165	444.49709997335117	0.0	512.5517011457924	505.9600377284079	0.0	482.13437421885084	563.899457604219	0.0	508.43101507997324	574.643727734288	0.0	502.69067361707556	577.8876404846075	0.0	472.8653759130618	571.8617018103878	0.0	498.0432441296158	450.7095418245341	0.0	524.0897289336037	495.1938725056266	0.0	519.9562736225071	553.5186749204406	0.0	547.0104708532289	551.0287279024807	0.0	543.052668049641	549.9230868609782	0.0	515.6808955717701	564.1509809891935	0.0	571.3568733902948	434.15030855285966	0.0	603.3030858871922	429.9805432336082	0.0	588.8421591279954	446.48525025652594	0.0	551.0765546314631	421.8259747202392	0.0	522.8145304801432	397.3097429352856	0.0	491.6982890385671	368.83959469417886	0.0	563.2240748209813	445.15926404012305	0.0	555.9824923170925	461.1144293384861	0.0	547.2310314215028	483.49102070946645	0.0
47	0.7833333333333333	490.6032694104311	447.66148961741703	0.0	483.9313171660453	448.10130770727284	0.0	513.8002574072085	508.1387502593309	0.0	482.43996202658616	563.6896347585853	0.0	509.196207210821	574.3993689342268	0.0	503.50852551907093	577.6841939981925	0.0	472.78361846440555	571.8867711863917	0.0	498.60934179837966	453.5557536201788	0.0	525.0286241396528	494.806240978593	0.0	526.5952036262012	552.7875826469965	0.0	554.166191533142	548.2911576584768	0.0	549.1341048722903	547.627753866551	0.0	522.9928609908936	563.8647514695109	0.0	572.8183247049393	435.2596106345103	0.0	605.4402402318154	432.4151405262503	0.0	590.3590076290177	449.3288271850503	0.0	553.1394321310513	422.5704476086442	0.0	528.8329084139611	394.3307600253417	0.0	502.78661654517026	365.67383029846104	0.0	564.230614718465	447.4802638436366	0.0	555.6159426760199	459.44503534181297	0.0	549.4293559276849	475.14207290539457	0.0
48	0.8	490.89236438863566	450.4063277072425	0.0	484.9670335138325	450.7510085505646	0.0	514.7043610927346	509.56041024497233	0.0	482.7418353961741	563.4158585014986	0.0	509.7355856500524	574.4456205847405	0.0	505.168002797688	577.8569547977098	0.0	473.3545553586221	571.7745490570458	0.0	498.6419918335083	455.17296720363436	0.0	525.5338136635371	495.8445065109976	0.0	531.5314589171439	552.0358600997273	0.0	558.8211653199625	546.5006895858675	0.0	553.9502486324559	546.0744994475646	0.0	529.2637169540596	563.3197112493056	0.0	573.7657944157183	436.9143883373477	0.0	606.1507544334477	435.761926484638	0.0	589.547181862379	452.59262392457674	0.0	555.1089289137668	422.83129487776193	0.0	537.2262939755	390.6579098256709	0.0	510.1470626382424	365.2582176153315	0.0	563.0983611045225	446.5769388922033	0.0	542.6786970243363	463.5320785654539	0.0	547.2477799698042	468.1844926844834	0.0
49	0.8166666666666667	492.4116320701564	452.62354931343185	0.0	487.43552332370206	453.7336418114329	0.0	514.4834167260861	511.68291965329695	0.0	483.8330226042358	562.8128501420525	0.0	510.20795920021914	574.4064767232999	0.0	505.2007109583351	577.2410186428235	0.0	473.1134732080066	571.019315593157	0.0	501.9093476979817	456.9367080619927	0.0	527.0017530658561	495.5670232869121	0.0	536.5062722346164	550.4825910130053	0.0	560.6605349456337	545.1897340676617	0.0	555.18621009547	544.2914820194385	0.0	535.2283445470155	563.1273835038942	0.0	575.1838848778489	438.3467913006121	0.0	608.5128667244653	438.5494872235965	0.0	592.4042663105907	456.605050585929	0.0	559.243945006934	424.80376145500577	0.0	549.1324857301952	393.7855169037868	0.0	524.170106811032	371.02061204461484	0.0	563.905978301607	437.58929830377093	0.0	542.3622587584385	399.4551613883074	0.0	541.0049150821035	372.6063010369413	0.0
50	0.8333333333333334	494.0063970312551	455.1244789464472	0.0	489.1516425493412	456.4629361767735	0.0	514.133252159037	514.5445406860551	0.0	484.58443425600575	562.5391488263771	0.0	510.93383930958277	574.6960950408305	0.0	506.08953894075984	577.0780893061662	0.0	473.15247642124655	570.9336697993245	0.0	502.76789531074945	458.9197102885713	0.0	528.5802795255308	495.55855449894483	0.0	540.1031735801492	551.3693216080493	0.0	560.9155973850102	545.3234126185864	0.0	556.1395380580975	545.2859052548755	0.0	538.6720508475362	564.448427516624	0.0	578.3149990475131	439.32796478832404	0.0	609.0187298999504	438.7694887989183	0.0	594.15445061686	457.14218325040974	0.0	562.8468009919228	432.53410328769917	0.0	548.562259898498	422.27281156511344	0.0	533.391240325435	372.31564500762727	0.0	566.7097991132702	425.96822005754075	0.0	536.1440677944686	441.15684674947886	0.0	530.530615245374	380.26981340741514	0.0
51	0.85	495.0613354383752	457.2606023206826	0.0	491.3562756120387	458.3032169003909	0.0	513.2755254976621	517.7095696397901	0.0	485.4521968415403	562.1027684623949	0.0	511.5832936546165	574.9105908989142	0.0	506.70390045120087	576.9202719664037	0.0	473.34662995173016	570.7938810435343	0.0	504.4485131473835	462.0508128532846	0.0	529.5941559508018	495.43243589861186	0.0	542.5743664747192	552.6423234045851	0.0	560.8587252871647	546.8911326507557	0.0	555.3440042810778	547.407218294492	0.0	541.8219969521017	567.27000447148	0.0	580.5844824818812	439.1864321171057	0.0	610.5526293725738	439.5933784660606	0.0	596.3394036001772	457.542828575972	0.0	565.4639854306641	437.1100847114032	0.0	547.8887355336481	409.5950376263244	0.0	570.2680526285037	443.30966725053366	0.0	567.2657795769192	424.83214599126427	0.0	536.8666628951308	431.22615495627883	0.0	533.9508520070016	389.13623662795874	0.0
52	0.8666666666666667	498.0390882874303	459.82497495602377	0.0	494.7638736261927	462.46997594770863	0.0	512.6037997721902	519.7499598699602	0.0	486.2657421554041	561.5066538650862	0.0	511.7972952693702	574.7138073720512	0.0	506.6007465671477	576.5360534982295	0.0	474.1455457053718	570.0639537837351	0.0	502.4112584105889	464.6879248840678	0.0	531.1271661689608	496.8170679245101	0.0	544.0629682481398	555.885842204912	0.0	560.9870555780027	552.3611624522919	0.0	555.8338147609849	551.3997781399484	0.0	543.4288580774578	569.8792917153655	0.0	583.4436921964474	438.09944696216655	0.0	613.7091739536393	439.78877796298985	0.0	599.2826985719311	454.91991007195156	0.0	569.5716220843832	436.84836960085636	0.0	554.9019827181448	447.0060089648431	0.0	574.4555360354154	412.1070972007872	0.0	566.9454576690906	424.49717688671967	0.0	541.9091668174214	427.7801130067567	0.0	538.3491240406222	398.04535629813364	0.0
53	0.8833333333333333	500.0935568680507	461.7815465280859	0.0	497.41163417065553	464.9393388409548	0.0	511.4166690299427	522.9334515409888	0.0	487.1148040297652	561.2240302194192	0.0	511.9242401884519	575.1024045431019	0.0	506.59307324523087	576.5801222383948	0.0	475.420544454879	567.9476051821507	0.0	510.59832746258564	466.4878184794027	0.0	533.0606701179621	498.04687108554657	0.0	545.9196882136534	557.1951830707686	0.0	562.0773361407587	560.022498296175	0.0	558.9381003037614	556.9880274181437	0.0	544.0562302412736	569.8591886163696	0.0	584.0487120314668	440.7608573794185	0.0	615.5536587549842	439.85263072964557	0.0	598.8819105382	456.5850949454638	0.0	572.4424756216636	440.6678309177934	0.0	579.1646733888957	418.8743368409071	0.0	580.562933359081	405.7729308772535	0.0	564.747933020145	424.69343231458663	0.0	550.268686960242	411.2404330729387	0.0	541.3308573120366	404.9652873337648	0.0
54	0.9	502.6882894516306	462.7855101899745	0.0	501.00619488272554	466.5035004046183	0.0	509.60450106013855	525.0917480349065	0.0	488.56266560673976	559.3388393994082	0.0	512.7186374129863	575.293498897234	0.0	507.0242338035937	576.2530238267436	0.0	476.82480461634844	566.3669868727218	0.0	513.0191755226301	467.7844374828418	0.0	534.6861643123925	498.4943587309722	0.0	547.425443908738	558.0393182702014	0.0	563.9559561780957	568.3671874688897	0.0	561.6230688792457	565.154091782121	0.0	543.993288711126	570.4673128442581	0.0	587.9180980396313	440.2369855542701	0.0	619.125618756635	438.5444295263524	0.0	603.0947039689601	455.24702437655515	0.0	575.9778688518368	442.4560495310191	0.0	581.2020640924607	403.79887576071144	0.0	584.6639322418365	423.7383213932214	0.0	567.5318500957125	422.49469133737296	0.0	555.708461010065	404.42143334784663	0.0	540.8501391722766	401.17009401345877	0.0
55	0.9166666666666666	505.1243809526052	463.6334178123904	0.0	505.246411498743	468.3103189289793	0.0	506.1409368435527	524.8442277899686	0.0	490.47269722569104	555.994330588989	0.0	511.8489243104443	576.0626356936575	0.0	506.2649809491653	576.1164461549923	0.0	478.6820547603231	564.4416786310729	0.0	511.5469276861068	468.257972123271	0.0	535.310556012903	498.9070597250909	0.0	548.1893072900987	558.4848380319138	0.0	563.9749901361956	573.9012072765727	0.0	561.6644476101651	571.097831934783	0.0	544.2872359974962	571.0398378940539	0.0	591.2899340091171	439.40736717476886	0.0	624.8211534310906	436.8760087650797	0.0	610.9474732453067	454.0227189191123	0.0	579.3873262807278	441.7325371006028	0.0	583.1670037944881	411.72651287709994	0.0	602.4424157836305	446.40760934615656	0.0	568.097033442612	420.2504766023074	0.0	554.658927199051	399.9749139529524	0.0	537.8776878524855	391.7014793017138	0.0
56	0.9333333333333333	504.9471081067863	464.4121917062146	0.0	510.0577965574365	473.14957387518257	0.0	504.1873141108025	524.8333897858117	0.0	492.019517259433	553.4193921581104	0.0	508.72255000438196	575.2535413769427	0.0	507.5395798437595	576.0813596016343	0.0	481.41021674123743	561.2575728772846	0.0	498.01069370070417	466.49384808041225	0.0	535.0067882800624	498.48733285987544	0.0	547.9765692475744	558.8212367694811	0.0	563.8313452953789	574.1632515925534	0.0	561.8144872621796	571.7288551299066	0.0	544.422016686158	570.994541370512	0.0	594.9620434956606	439.09818029475184	0.0	627.721394889828	433.0796593071451	0.0	615.2408387774009	455.1944914904989	0.0	582.5841455117627	446.33833539352105	0.0	583.6638298072378	433.52200879010115	0.0	606.2114519785903	455.3736359741472	0.0	569.5970648168218	417.32433411684644	0.0	550.6703694983909	395.4420142974254	0.0	530.7368510146508	387.7833947114506	0.0
57	0.95	506.3408462686151	466.07023185515584	0.0	514.1200338795256	479.08524563656454	0.0	504.1519185790582	525.2078363106151	0.0	493.46745200405246	549.9830566895811	0.0	506.18335042029213	575.9467571463445	0.0	506.2062460941256	575.1185845200414	0.0	484.494898592914	559.4681067464101	0.0	497.5143405648923	465.8643848515326	0.0	533.7217204452155	498.6831607282073	0.0	547.7829823395778	558.3788019135318	0.0	563.0078901995091	574.0913794459107	0.0	561.4940689651429	571.6277571879748	0.0	544.5907074669567	570.7458002787229	0.0	596.9901482961844	434.7584234086235	0.0	632.1417095445645	429.1246522466847	0.0	621.7325954433065	448.4415295603229	0.0	584.9127545000955	450.96796210995956	0.0	559.4618264498462	458.1160854007386	0.0	612.6443065348232	462.16274016990496	0.0	570.7849995119868	414.01059235926266	0.0	546.9432199973638	393.99455047412823	0.0	524.1581815738907	388.7639145606218	0.0
58	0.9666666666666667	510.0177885903339	466.6729592579027	0.0	518.9133140648199	481.53206292611554	0.0	505.00116180660274	529.5282550789573	0.0	494.50009422201697	543.5655405455601	0.0	488.6090805902478	575.1839107587593	0.0	492.46351256383696	572.4080256473518	0.0	484.9067161292909	547.770623317142	0.0	498.5403010860415	466.27321744539097	0.0	533.9708083440237	499.7255654564089	0.0	547.4165512495738	558.7019141936034	0.0	563.0116628239136	574.0911383259564	0.0	561.3559055748174	571.8233024756886	0.0	544.5333860355468	571.2926958046282	0.0	599.1448253838959	431.9079399199502	0.0	633.1040577770106	424.79396558787556	0.0	624.9329879251351	444.35873634526246	0.0	587.5716280325755	456.7858254202824	0.0	575.364649788231	473.3165254959925	0.0	577.602025902983	471.90769309232877	0.0	570.0381725113361	409.87164589775097	0.0	534.7269673582526	394.151680629053	0.0	521.6272349966396	390.71412799324	0.0
59	0.9833333333333333	512.2239811788621	465.625564136307	0.0	521.9222171392687	480.07411129928096	0.0	505.29677372105493	532.5808667239695	0.0	494.0725973621103	538.0717400140489	0.0	472.1229200130165	565.5470891179294	0.0	481.20064861479136	565.2339116149874	0.0	485.04792941827066	532.7813799480338	0.0	500.2161217311173	464.9974352409384	0.0	535.0350296350936	497.97774823586576	0.0	547.5653329266306	559.6251728280201	0.0	563.7772254738952	573.9669738472705	0.0	561.5496989734957	571.5675550298438	0.0	543.89441345526	571.433768490992	0.0	598.5565221136407	429.90568411585116	0.0	631.242909277283	420.1768870835924	0.0	620.1113335738318	434.3908270061075	0.0	590.1452794266921	459.04712666236276	0.0	601.1895370360066	492.0126132705702	0.0	627.6960570688033	480.27418534207794	0.0	570.1775685210987	408.00197654621775	0.0	529.0499280305166	395.9616249203239	0.0	516.480753904115	395.2927344553061	0.0
60	1.0	516.8745866157956	465.3986333792429	0.0	527.1125648762691	479.5709994850486	0.0	505.91255217971985	533.0308743587829	0.0	494.8459743680196	533.2207907289395	0.0	467.0268724126422	552.06186427055	0.0	474.7938315179217	553.1849546315783	0.0	484.2937759639658	532.1100419164675	0.0	504.3447256197599	466.04990687299755	0.0	536.035082034745	498.0809588769391	0.0	547.5307357036604	559.4136480601334	0.0	563.9733640255615	573.9509439724371	0.0	561.0839909191902	571.8384548502688	0.0	543.6461825838081	571.5491208598417	0.0	597.5870002260529	428.8296921557471	0.0	630.8323558956073	415.25869393739015	0.0	617.1502214034947	428.71851943696254	0.0	596.1682583750323	464.8527122913589	0.0	607.9121140996787	502.7855881618591	0.0	626.8417570733801	499.05630172413925	0.0	568.0528259052402	406.79663412025735	0.0	515.9893666768618	397.8599711329195	0.0	516.2449660550344	404.4574545686662	0.0
61	1.0166666666666666	517.0287295199507	463.72458343715255	0.0	528.6608847070592	477.88581595526404	0.0	506.01193826862044	534.0218666964865	0.0	492.0355305537068	533.1811086454323	0.0	461.9684772407657	547.2398382631364	0.0	470.74204883507224	547.2296736424563	0.0	480.8652230270553	528.5430137912908	0.0	505.13230318359075	464.2623775554924	0.0	536.692340501117	497.90167027151585	0.0	547.719465260283	558.9640367282864	0.0	564.3130264971652	573.6950881460436	0.0	561.4174693851287	572.0243875976316	0.0	543.3980866397096	572.0647796062185	0.0	594.1696702073118	424.14945674720354	0.0	631.603461259682	411.0310089394281	0.0	613.0808620442061	424.1351540790119	0.0	596.3724976455417	455.3767891547597	0.0	612.7509433186417	498.9651253044579	0.0	630.3771434978204	463.1342894078458	0.0	569.9588172934568	405.6393445375101	0.0	514.6247379076152	405.26939511532294	0.0	527.3587767355447	426.31731675372953	0.0
62	1.0333333333333332	519.4189631800733	461.9356467804307	0.0	529.5325370684704	475.8707383972425	0.0	506.3569830564093	534.2967454987348	0.0	488.8299372682028	531.5863799220293	0.0	459.0871050627852	546.2886620297453	0.0	464.9752212658589	544.8916983395656	0.0	477.8163044141429	522.0490917168767	0.0	507.7194658410216	462.57446434871895	0.0	538.4946231050922	498.17123531751656	0.0	547.7549045799353	559.6258757297561	0.0	564.5267341046974	573.9001198525592	0.0	562.099152279018	571.8125374923802	0.0	543.4111458772595	572.5766541752953	0.0	600.6595790022484	425.21933977887306	0.0	632.3004374342979	413.1116574012794	0.0	616.3567623272439	424.6673399890877	0.0	602.8824868148982	461.7683265301819	0.0	618.0436221469004	500.1327071996864	0.0	639.5004414081594	461.89096376955206	0.0	569.1280809835341	406.825377197182	0.0	518.0573618278746	409.5935229452585	0.0	535.0896392795271	425.12019835114006	0.0
63	1.05	522.1703520451401	460.04919224675837	0.0	531.2085506399224	472.51109313219723	0.0	506.6373897897664	533.0021284441408	0.0	482.27536608576384	527.8773479702751	0.0	456.2343966890298	546.1995951182317	0.0	459.97277807466446	542.5407042536798	0.0	473.238539146265	516.5413713558116	0.0	509.83844513087547	460.607456981522	0.0	539.5743880695466	498.34117659481007	0.0	547.7084361771473	560.1068882654924	0.0	564.4256734065782	573.8842722688997	0.0	562.428427930134	571.714651805972	0.0	543.7700115051106	572.6586983395374	0.0	602.6503320326943	424.99249659646114	0.0	632.5241177339951	413.93388606955307	0.0	618.1262160486228	424.33904783444746	0.0	603.2237126319527	458.545975679172	0.0	618.6913080781248	501.56564010041046	0.0	641.8425119490654	461.94805646035326	0.0	570.3586930430665	407.0193442037919	0.0	521.2442262123642	415.6476957653447	0.0	545.4250619354655	425.3348476829245	0.0
64	1.0666666666666667	523.7472034564128	458.9408964845403	0.0	532.5321684701048	470.99169007525325	0.0	506.8036789271898	529.2525667889106	0.0	477.53246693587744	523.3947828246847	0.0	455.2313553982368	544.2811020136205	0.0	456.4918418666288	541.2979055207294	0.0	469.21603050770295	512.5152644512633	0.0	512.721830631516	458.03106996786113	0.0	539.3267729860152	497.9157546528214	0.0	547.582321282877	559.9882165666631	0.0	564.1157992127945	573.5993198048457	0.0	562.5945718141016	571.6193472347597	0.0	543.4721227405589	572.6430661764854	0.0	601.7791827227528	424.2739807744819	0.0	632.0719931616211	413.29063556241243	0.0	620.7313346819255	422.3309400472251	0.0	599.8167631821788	456.2505017429845	0.0	610.4332291199739	490.344752660121	0.0	628.9604266429868	463.05498309637784	0.0	572.3091200383492	407.0019399309442	0.0	523.989262294764	421.69066519251925	0.0	549.4562000648144	427.79474729985304	0.0
65	1.0833333333333333	526.8835275803617	457.022326530886	0.0	535.4415389675719	469.4478826981427	0.0	506.5661116320525	526.4216877724137	0.0	471.37337380880876	517.2526404917476	0.0	453.9268250774148	540.9122783843849	0.0	453.1759055203407	537.2512014168045	0.0	463.23400236841724	508.1779360369624	0.0	516.557240107632	456.60233949015037	0.0	541.0962002273665	497.05824763306265	0.0	547.7350683715825	560.171953468684	0.0	563.856191978939	573.6040283171023	0.0	562.0596768618358	571.9609613888728	0.0	543.6309042404952	572.5419897166141	0.0	601.2378729514268	424.295138131302	0.0	631.4003299840572	413.1466240817362	0.0	620.1791303491048	424.5049205914039	0.0	599.0895479775734	454.0628537932614	0.0	602.415798817119	477.85816835869497	0.0	580.5189927947487	476.46845700877304	0.0	572.680746120249	407.62490527550443	0.0	525.7595883258556	424.2372008344057	0.0	556.4322102663602	432.63225974916634	0.0
66	1.1	530.1337140504762	453.529000079036	0.0	538.0550253066742	466.2441291511779	0.0	506.168729791308	522.2610937199178	0.0	465.3916740803339	511.6652386934501	0.0	447.75288361030107	538.0515495854771	0.0	446.46254254435223	534.2405898658214	0.0	455.4883200056553	502.4005966734726	0.0	519.2782288015403	452.461007547849	0.0	543.1169374836453	497.1476430529881	0.0	547.965171003801	560.4109300147229	0.0	563.6523314539841	573.9730428499563	0.0	561.7346147529332	572.4403358955465	0.0	543.703795749536	572.3747024531708	0.0	602.6370686872082	422.3828171650284	0.0	630.9847140679735	413.9813888694831	0.0	620.997886447213	427.59084982994756	0.0	600.0281134435112	448.24592875404915	0.0	587.677349556413	466.8121063876509	0.0	576.3648272212898	455.5960691970224	0.0	574.8497640468432	406.97446491615113	0.0	530.8858135889195	424.7466743129822	0.0	564.2543621235945	433.3785591787915	0.0
67	1.1166666666666667	534.3324057724632	451.21908305290236	0.0	540.1914699394755	462.1807976590901	0.0	505.6384850525559	517.1097305868689	0.0	458.98946236287145	505.57765768903676	0.0	443.7907942750916	531.9503421929744	0.0	440.34880445271796	527.0991283550263	0.0	451.00965485882256	496.20589969709505	0.0	524.9734649810277	448.30288320655904	0.0	546.2283308856149	496.4689706369757	0.0	548.8756448423227	560.7538846443492	0.0	563.6062376854215	573.8729840237047	0.0	561.6145352003928	572.5769433554138	0.0	544.0472921058242	572.1050246006768	0.0	603.913726671139	419.80014355288495	0.0	630.7973564373103	413.43433568313486	0.0	623.7141136962309	427.70626961179767	0.0	600.3740001950887	446.95098082965666	0.0	572.0360704814368	466.17485295471226	0.0	574.888929154096	449.87386755194484	0.0	576.5714851396535	404.6105143155265	0.0	543.5666797216367	422.8267374519265	0.0	568.0626523145424	433.1439836174317	0.0
68	1.1333333333333333	537.2038261773519	448.0475947322816	0.0	544.8926722637751	458.99432157415794	0.0	504.61352793940574	511.4129589428831	0.0	456.819148375236	499.1895691920186	0.0	436.9250261672741	520.6505158662009	0.0	434.22554410205174	515.631728098029	0.0	448.72332876973536	488.49887149173696	0.0	527.7188777866029	446.500902368262	0.0	549.0818216044936	493.90675436827433	0.0	549.065752509667	560.6115322276819	0.0	564.5061581255251	573.7736031706709	0.0	561.8453666180345	572.6203003035006	0.0	544.0772916007539	571.8378385481236	0.0	604.6737206514756	418.2053145682976	0.0	630.1682561458681	412.37093283784475	0.0	621.6858724172538	424.7509127162953	0.0	600.5862062457579	442.89529884463985	0.0	573.4203863633829	460.83821135910034	0.0	573.7494690312711	445.7069868314381	0.0	577.7066146250208	401.92598071715435	0.0	545.8446814216182	420.3962434192572	0.0	568.5037067235561	427.55368203308836	0.0
69	1.15	538.9870291496081	445.5862054384928	0.0	548.6272352817554	456.7282771869396	0.0	504.99932779948193	505.93664533955297	0.0	454.8117338979815	491.7537380143491	0.0	429.40404369980223	511.2121768165129	0.0	428.9176253028446	506.44442098471455	0.0	448.7293849458001	479.430368557717	0.0	530.0893014601745	444.04783934717693	0.0	552.4183688451141	492.37328270955527	0.0	549.2605614314135	560.8204589720079	0.0	564.5600265587648	573.8429691414203	0.0	562.123166486472	572.3870152245327	0.0	544.1421658002856	571.5238535959631	0.0	605.2332505841487	416.318567949942	0.0	629.4866733686345	410.74881207044587	0.0	619.3954116164199	423.70439585832156	0.0	600.9261746554489	441.8562366654545	0.0	574.63622037805	458.32557090924615	0.0	577.6124316208177	444.3587522504019	0.0	580.137096519242	400.08995616173826	0.0	547.2379712398122	421.2422336105409	0.0	565.0688060516945	417.66691201998805	0.0
70	1.1666666666666667	542.4213426743161	444.9241844564939	0.0	551.8632492186454	456.1879943032476	0.0	505.63179289999147	500.4755764997711	0.0	455.7005823954712	483.49979460721147	0.0	426.0818304472191	503.5005906447176	0.0	427.92059496381205	498.1370936622607	0.0	450.88341924660557	473.5852464748653	0.0	531.7026463246999	442.60344151116334	0.0	555.2178824946526	491.14560883554236	0.0	549.7088774894626	561.1121145554973	0.0	564.6380356830846	574.3317079032754	0.0	562.3414212438267	572.5033253655695	0.0	544.3628601903156	571.4791031971095	0.0	606.2178390309859	413.8406230575758	0.0	629.0698576487359	406.0122970112053	0.0	618.4658057415244	421.6786124766628	0.0	600.9973438120215	440.69884463994737	0.0	568.3738533860602	457.7810956335874	0.0	580.2321516025963	447.89123485792004	0.0	581.6435553356299	398.5914653795529	0.0	544.9440643371283	421.49175581192867	0.0	521.7805987182841	409.61872835759505	0.0
71	1.1833333333333333	545.7694718376997	444.9502983092174	0.0	555.0769961734155	455.79778766963307	0.0	508.62508508035177	494.99987965146244	0.0	460.3264201216383	479.45997738579945	0.0	427.99641415987344	494.3473227848614	0.0	430.7641269474713	491.8495041160376	0.0	454.322493854799	466.7874551704348	0.0	536.3772562787681	442.52982454123156	0.0	556.9839790111516	492.8313963698406	0.0	550.3246495660034	561.0276835448641	0.0	564.6870683411626	575.0870016947274	0.0	562.5937047701219	573.1481785528628	0.0	544.4965818532338	571.1647946774672	0.0	604.9380013058867	412.14531824282375	0.0	628.5869583449419	402.956959387893	0.0	616.6587126178102	416.48663764886527	0.0	602.4297117422926	439.1397792211291	0.0	572.3839147000615	456.2325417175253	0.0	580.3266167750916	446.06232294609583	0.0	580.4464735091332	397.07385160188653	0.0	543.6812811589426	420.51795617429593	0.0	552.6735587812104	407.685558436863	0.0
72	1.2	549.8492306558833	442.99480712754644	0.0	559.0675498025882	454.6017972779882	0.0	512.2673770394507	492.11283393177126	0.0	463.6890335413662	473.2436899603641	0.0	430.170369560567	489.0210480681483	0.0	433.86932163000455	486.4264553835749	0.0	459.05388430073714	460.80928789318403	0.0	539.8634114828487	440.3022655358479	0.0	558.2159743833846	493.56753520146174	0.0	550.3822114652096	561.5834328228603	0.0	564.9389428127364	575.8715237359044	0.0	561.9846841311335	573.9052741733008	0.0	544.7629608368828	571.0634966957407	0.0	604.5476937472017	410.27454692621075	0.0	628.1996932093251	400.6165606273076	0.0	616.2559184618872	412.8519221753806	0.0	602.9292943524853	435.9023741229021	0.0	571.0651499495641	456.4380889255133	0.0	576.3662843464049	445.0148345599934	0.0	581.1679243919464	394.80241389841984	0.0	544.3196006818699	419.33535227929906	0.0	555.858025365887	408.49998835142264	0.0
73	1.2166666666666666	553.1322679086104	441.595684216463	0.0	563.418218790323	452.82328807974613	0.0	515.1821472955558	489.9280277355871	0.0	469.14554913531447	467.79620589346786	0.0	437.3807279847802	483.9795179193588	0.0	440.15549259571634	480.40366054833066	0.0	463.71762712274295	455.56555541643627	0.0	543.19179399826	438.42139745750455	0.0	558.7350198270951	493.6419807004387	0.0	550.5667482760169	561.5206809798985	0.0	565.1344868505707	575.9564011415828	0.0	562.3086217932373	574.0292241449695	0.0	544.7187534694561	570.9390770990736	0.0	604.447054737581	406.43558218388137	0.0	627.5044441986086	393.5067393531145	0.0	615.6077666713563	408.0114995598992	0.0	605.0499498709245	431.176702609565	0.0	578.7412052361941	456.90059321834974	0.0	580.2563129744477	435.0542231233182	0.0	581.8299514615751	392.5334675100984	0.0	543.9746655700666	418.7402205684838	0.0	560.2123250595969	411.79372415270166	0.0
74	1.2333333333333334	556.1463626873145	439.7991597924962	0.0	566.4956251786092	451.2439412254922	0.0	519.3582605194944	487.9070716974066	0.0	478.28786585879783	462.17616929696254	0.0	446.83476260764263	477.79584873804777	0.0	448.41103677959853	473.59655974104317	0.0	473.15332602421284	451.00799310189717	0.0	545.769754303333	437.42520159643703	0.0	559.2699556448329	493.5529408506979	0.0	550.3401874580513	561.348609676633	0.0	564.7752993888333	575.6872004213628	0.0	561.8604700203069	574.2184697795982	0.0	544.5981943136728	570.6672982162804	0.0	605.4163511990506	404.3178136222901	0.0	626.58952062866	391.2552630126026	0.0	613.7951552153726	405.34824713555264	0.0	606.7097194051601	428.9867633756002	0.0	582.473299558073	456.21388590343247	0.0	584.2226304805341	423.8846347930762	0.0	583.1551731656167	390.5271634766571	0.0	547.78315679622	415.9158633608831	0.0	562.899826408216	415.52439063031693	0.0
75	1.25	559.7057454674234	438.67364835713255	0.0	569.729071890036	449.31823398404373	0.0	524.1256323588678	487.62941628531007	0.0	488.8498797472074	460.37761659783456	0.0	457.7838612828614	472.5229710320948	0.0	458.59691538057064	468.59121118430613	0.0	483.229881121347	448.9452856270821	0.0	548.6599243204176	436.9110742345292	0.0	560.0817875839845	493.22200473054676	0.0	550.2247041429232	560.6397901170948	0.0	564.4310645757002	575.2911767774312	0.0	562.1484323291072	574.2738133031221	0.0	544.5662578150743	570.2658346655688	0.0	604.655330048904	401.9661803261721	0.0	625.7389947931422	388.0207410753548	0.0	613.0339614617013	401.2512345660492	0.0	607.3732581856196	426.5532049752647	0.0	587.3471519835853	452.42664606391514	0.0	587.1699521994691	425.6917513843355	0.0	582.8608684520271	388.8717276664154	0.0	549.924242998928	414.6418423706765	0.0	562.6111729072193	422.7804327713961	0.0
76	1.2666666666666666	561.1939318875908	438.9422601836876	0.0	571.206438998577	448.7134709258316	0.0	527.5583976586945	488.85188888954247	0.0	499.6673042063395	460.81567877332157	0.0	469.87781801989405	470.1599292556539	0.0	469.8994840582677	466.509462157045	0.0	495.63875859915106	449.7433167264102	0.0	550.4715690675404	436.40803057668165	0.0	560.2142222939387	494.16017326454585	0.0	550.4065452251814	560.0866228684876	0.0	564.0300763113241	575.2599933790857	0.0	561.4201777221043	574.1699550677988	0.0	544.8479297356289	570.1593051763729	0.0	605.2742974474112	400.68403875137346	0.0	626.2990228836337	385.9698866960461	0.0	613.8589235638905	399.5943795956696	0.0	609.1967888501327	423.8979364688299	0.0	588.7710654528178	450.6830483014208	0.0	588.9388361449509	430.45290051165034	0.0	583.9112884591176	387.4981582248564	0.0	553.8863072206751	409.96873474027626	0.0	556.6702037038908	428.02779454779846	0.0
77	1.2833333333333332	563.7551296629381	438.3061034213036	0.0	573.6429036772593	447.98476946751646	0.0	530.9068522721275	492.3727519652265	0.0	511.44810647724273	461.3310731686525	0.0	481.8647629441549	467.38370429139525	0.0	483.8154832181975	465.1306149817835	0.0	506.93627625734297	448.8607205552356	0.0	552.6186578299885	435.13492043105737	0.0	560.7811143285218	495.4567924905872	0.0	550.4553293561642	559.6240855402904	0.0	563.7835352576624	575.3237093027988	0.0	561.5929005946515	573.7073458715631	0.0	544.6164711211625	570.0820252734138	0.0	606.5057524341921	399.0416282341616	0.0	627.142794696976	383.2743700256243	0.0	614.9535859209877	400.528742745758	0.0	610.251826145541	422.00009708582627	0.0	590.7807203531822	448.4543742246102	0.0	589.0915297754666	433.7644698632952	0.0	584.9749318674551	386.58408948414956	0.0	554.6124996887046	410.022627723087	0.0	562.7350985930749	426.17194994081717	0.0
78	1.3	565.9060848283466	436.15818529921245	0.0	577.4354992803778	446.7983936850652	0.0	536.447101745496	496.7934738633007	0.0	521.9857537771011	466.4629192806087	0.0	497.3490079742583	461.1476134861196	0.0	504.54301374909346	462.4062123619665	0.0	520.9579711541921	452.0264582393402	0.0	554.3871418035363	434.2414071924086	0.0	560.9509558521602	496.43050141094045	0.0	550.8041736624496	559.0126898875728	0.0	563.7587418167988	575.4229056099039	0.0	561.9654279274027	573.6210795212224	0.0	544.5120554752414	570.0770330269233	0.0	606.8248773834725	397.91339772694755	0.0	626.6512351115512	381.22064514314087	0.0	615.745208949094	396.417726453565	0.0	611.392122724704	420.3462739422398	0.0	592.5629491853429	449.11730282654463	0.0	586.321830573033	437.73198567343013	0.0	585.3251034353666	386.4222614806706	0.0	555.3010065991102	409.10782928850404	0.0	564.7798912204331	422.9423080630721	0.0
79	1.3166666666666667	567.0884760363699	434.7739055573122	0.0	579.8725419353283	445.98940844417484	0.0	541.9016993372359	500.05171733520535	0.0	532.9102095345932	468.353934637802	0.0	500.6815981970128	461.2287637771257	0.0	509.23949995274387	463.193897885922	0.0	532.253306701944	452.60986333685617	0.0	555.5347138315874	433.56631132346763	0.0	560.7946408643706	498.02735902531947	0.0	551.0848162087193	558.9089972366514	0.0	563.558844341815	575.5094469506561	0.0	561.6622190113924	573.7463061251985	0.0	545.0873947722986	570.0790304392858	0.0	607.7612272700809	396.9127612583495	0.0	626.7326549567658	379.9550171517386	0.0	617.0599036655252	395.20616203185494	0.0	612.7901614060578	418.6162305279148	0.0	595.9566211359919	447.13136735855795	0.0	584.5866667857093	437.74645551345407	0.0	585.3153680633792	385.61327669758225	0.0	555.0928661513475	409.5740876367283	0.0	564.6701528793172	420.7267512330113	0.0
80	1.3333333333333333	570.6410550320195	432.77902479788077	0.0	582.8925056036283	445.90736263448935	0.0	555.0016282970024	501.2819778417701	0.0	543.2300789265415	472.61353015312375	0.0	507.47041401399764	470.70616336550455	0.0	516.500493766451	472.2878437496386	0.0	541.2437207024147	459.355544617156	0.0	558.4164782554315	432.7015942923908	0.0	558.9790693715285	499.8123318673927	0.0	551.1220139661343	558.9568051009882	0.0	563.6981938717576	575.8026828252996	0.0	561.7946764539241	573.7851406431564	0.0	545.2374474363953	569.7654278002726	0.0	608.2810448179985	396.6481779428686	0.0	627.6380813764649	379.1116185463309	0.0	617.5114014521375	394.1531982683499	0.0	614.5516932445645	418.5349705277946	0.0	602.9202546521874	450.56259990539434	0.0	587.4228624418508	431.33244211301826	0.0	584.5915080197256	385.28261422290325	0.0	554.803186649906	409.4188297392298	0.0	569.7068956303519	415.8983961920787	0.0
81	1.35	573.3740635834433	431.8704437001891	0.0	585.8749223686394	443.7695005552668	0.0	570.1728191387944	496.8598346736643	0.0	558.4548201566448	477.00717920953986	0.0	515.7292738024821	485.87034945728243	0.0	535.6691953126756	483.5961671180429	0.0	553.0269924808656	466.95199370861	0.0	560.524520091863	431.7024614962869	0.0	558.4305399183588	498.47810159261036	0.0	551.0515744559701	559.1306703354692	0.0	564.3195324720074	576.0275025381219	0.0	561.4010313673975	573.7588459392864	0.0	545.3729355664891	569.5832910340537	0.0	608.9440529582017	396.3814369068803	0.0	628.8282176918742	378.43628993744386	0.0	618.6332940049316	392.8890447544885	0.0	616.4736305248284	418.12474795126377	0.0	602.2151277452484	449.90987913859595	0.0	588.1391458781434	434.5577615112039	0.0	584.1432084163068	385.33401659944445	0.0	554.538465994219	409.9216916047169	0.0	570.3430181024321	412.85264245035506	0.0
82	1.3666666666666667	575.617232718491	428.6208137125301	0.0	589.1092143053183	436.58729646718945	0.0	579.0287745359926	493.38692967106476	0.0	570.2197652572452	481.2496430188133	0.0	535.0197952343566	489.22207439966337	0.0	538.5060764609348	488.15303676694737	0.0	558.1270159834811	472.6986528261289	0.0	561.4874202155553	430.19355052848795	0.0	559.6718659893011	498.65826529246056	0.0	550.7931124076081	559.3011712237911	0.0	564.498017291867	575.7638854514094	0.0	561.2001212363325	573.8046237215378	0.0	544.817408134589	570.2856275356212	0.0	608.3535593719764	396.7886706527207	0.0	631.4093387765575	378.71500730179594	0.0	618.9845580336072	393.14741509442945	0.0	618.4969823456586	417.07622073166726	0.0	606.3513091775295	450.7879578106954	0.0	591.791380215244	438.982152209718	0.0	583.3081583169819	385.43659644804546	0.0	554.5560908140436	411.15304938875175	0.0	570.983238770373	416.24667060865215	0.0
83	1.3833333333333333	576.6861189613852	426.58095666518756	0.0	590.248255439933	436.55484516563365	0.0	587.6245555379918	499.106755459852	0.0	580.6927378572776	483.5189410449532	0.0	562.6940241402897	501.24364511216504	0.0	584.0805939595642	490.50290144656407	0.0	568.2145778352285	473.1378423735208	0.0	562.8286361142393	430.97228446950936	0.0	560.6692561723089	498.51814143218746	0.0	550.8882883771374	559.4572931218622	0.0	564.4273667813982	575.9953279475595	0.0	560.8991891265601	573.7158562450891	0.0	544.6482598624843	570.7847241670024	0.0	610.3893822492225	396.78177711075614	0.0	630.1648978412812	379.75811536331435	0.0	621.3174743913949	393.3073972538855	0.0	619.7327791262707	416.1484031749419	0.0	611.1792400156703	451.4254261864121	0.0	595.1587977915688	439.8877308398677	0.0	583.1228090936419	386.2958770715556	0.0	552.948538498774	412.6051784251046	0.0	572.4729123511349	414.6540865978524	0.0
84	1.4	577.3039818515857	429.0832820457366	0.0	591.290682651973	438.03501650400165	0.0	599.110657860309	503.72479556870684	0.0	585.9825669244675	487.65897402339994	0.0	584.5853618944534	506.44885029999466	0.0	591.1986538178071	499.148768437114	0.0	578.6689386672412	476.94041501239116	0.0	564.2833011661543	432.1571807889243	0.0	560.9735009406435	498.3007488591262	0.0	550.7644157027788	559.595984027834	0.0	564.6309176750938	575.9845089151178	0.0	560.7861109133406	573.5446932672796	0.0	544.646722308118	570.9961541365401	0.0	612.1427593435303	395.85918411567434	0.0	631.9683541477829	380.4873569862443	0.0	625.9539833262207	396.4877597210547	0.0	621.9891684113232	417.9835007738189	0.0	615.6169682641224	451.8219033391659	0.0	600.0316344730677	444.280480910001	0.0	582.4228164872948	388.0232662778527	0.0	552.5014716749072	415.42739242941616	0.0	571.6837706211556	412.5336500764935	0.0
85	1.4166666666666667	577.4486009053335	427.6105868678795	0.0	591.6965866089006	436.80477931691235	0.0	604.8694113729689	484.6978456279137	0.0	599.8008863385778	496.8125644542647	0.0	611.9801698012094	522.4701304448033	0.0	615.3824146034927	516.5944347037708	0.0	588.6929462856153	490.39165193411856	0.0	564.2533765841308	432.85075116224647	0.0	561.7923062375675	497.9446285264138	0.0	550.7418245525171	559.7493156452751	0.0	564.9188026478328	575.6561557907833	0.0	560.4845448177958	573.4303905120961	0.0	544.8427462998031	571.1935231316844	0.0	615.481552167171	396.8174585041665	0.0	632.7885124298052	380.73244359426025	0.0	630.0207980118882	397.2190800432657	0.0	624.2117591828717	419.9482373310757	0.0	621.8917788741252	451.5267830442408	0.0	605.068491899893	445.148974640659	0.0	584.7142972422425	389.13336064813984	0.0	552.1694007502523	419.152023008779	0.0	573.1024088242225	414.4634464119595	0.0
86	1.4333333333333333	578.9095223862469	430.20886776780526	0.0	593.9147032287487	436.6113733856552	0.0	609.417256128971	485.8564444076667	0.0	613.5644569239921	504.62953419376737	0.0	629.0459401361945	536.139187241965	0.0	632.3619372926204	528.7811797472586	0.0	607.1349411906928	509.43866083640006	0.0	565.8406215191112	432.6504990098982	0.0	563.082706364151	497.86718920364206	0.0	551.1060551866424	559.6794784366645	0.0	564.7641281246927	575.3646711989961	0.0	560.6278536334381	573.1512484803013	0.0	545.1532130439593	571.3167802957298	0.0	616.9249327538329	397.92831001825255	0.0	635.4791767767061	381.7284390886849	0.0	630.8418185269894	398.0097859418109	0.0	627.7920008622474	422.4700172904551	0.0	621.9527021651737	452.659410001824	0.0	588.4856358095011	501.88654740636207	0.0	585.7287046561036	390.40292485609547	0.0	553.6119407021713	418.8992482368743	0.0	576.8794630205015	416.045322017142	0.0
87	1.45	581.9761675519803	431.2392948305039	0.0	597.2994771937775	437.9690524217791	0.0	618.7681492950651	487.6079343702553	0.0	622.1305798160863	512.394802190316	0.0	642.602194779483	545.7844996163064	0.0	645.6232011666509	537.9627659560981	0.0	615.0834778592139	517.6529689092299	0.0	567.755921589159	434.3485943233754	0.0	564.083429901077	497.77114862232503	0.0	551.5274437460357	559.6090925085452	0.0	564.5854486790938	575.2898179785539	0.0	560.6079353593118	572.840624223039	0.0	545.6895418802546	571.4680224373296	0.0	618.725050405943	398.0060090345306	0.0	637.3187467055288	382.38387081886594	0.0	634.2414569606832	399.11418826869374	0.0	628.9200650672648	420.86529917473206	0.0	622.5677741865953	456.03901702749147	0.0	591.8790437779796	507.3429404263189	0.0	586.5368859821024	390.97240876196224	0.0	555.2090649059119	420.23810045384255	0.0	581.0031914592105	418.614334370171	0.0
88	1.4666666666666666	583.656240840679	430.9882787334182	0.0	600.6092506912785	437.17440476385326	0.0	626.5462443228183	488.7251289121578	0.0	630.9546896914125	521.9250899605988	0.0	656.167866554057	554.7007284436927	0.0	658.8882882911969	547.5463367437135	0.0	629.2129755909018	532.1331591504261	0.0	568.7507929579527	434.367486903654	0.0	565.5816584476937	497.35410095689156	0.0	552.0983217792609	559.1359156801677	0.0	564.5265887185406	575.2387313938989	0.0	560.0342007808844	572.7468983276159	0.0	546.1476748556006	571.1123017946245	0.0	621.2937789236038	398.44098184679444	0.0	638.7519857898876	383.22188945036277	0.0	636.1819572220475	400.6642097385662	0.0	631.4975415276656	421.2728491458345	0.0	619.3136799098432	462.03529639692	0.0	601.6410971727303	511.3528792781791	0.0	589.337008880779	392.50529281034363	0.0	558.9217619716585	418.2590277356043	0.0	583.5200979534173	420.8980819229383	0.0
89	1.4833333333333334	586.3620661885639	430.47482821891117	0.0	604.0536395690824	436.8952122162828	0.0	633.4087853272584	491.25539844574246	0.0	642.2036683610695	530.5222807984285	0.0	667.5286925413119	561.610240306891	0.0	671.8103271076437	555.7524945169439	0.0	642.1739065325994	542.206380545235	0.0	571.4248096093099	434.2066652344368	0.0	567.0213118484374	496.73411765380894	0.0	552.9867673210045	558.5453676414782	0.0	564.4277397107193	575.1533744847833	0.0	559.4154510773415	572.5836974743268	0.0	546.2744486243089	571.2450606579606	0.0	623.2606469325467	399.1121376439225	0.0	640.3052120231911	382.922310488874	0.0	639.3455793113319	401.4857068521731	0.0	633.9403057362621	421.09765547515667	0.0	624.0403311951295	472.0159910253418	0.0	609.252141044922	514.3684371301857	0.0	593.0037183397849	394.1940551484001	0.0	561.5098032079095	417.4935733067813	0.0	587.4536766611731	426.23336469428403	0.0
90	1.5	589.0909937020507	431.3688144599196	0.0	607.7409709016583	438.0857153681513	0.0	639.5420126531218	492.99815194603434	0.0	653.2606285234891	539.2852898793545	0.0	678.6718303050461	568.1816831134342	0.0	680.9484943846334	562.6177446497958	0.0	653.2444501804529	554.0080737813261	0.0	574.4308439912799	435.3422633786156	0.0	568.7755595185421	496.8406497070699	0.0	553.4361640296592	557.8672329555295	0.0	564.4336250868971	575.0038752951706	0.0	559.721580390668	572.3953367325558	0.0	546.2774808689815	571.0336881123742	0.0	623.4188462759419	399.17372330716	0.0	640.7809943525706	383.3853672408081	0.0	640.4229282786459	401.69909705608063	0.0	636.5611705643669	420.0617635282893	0.0	629.403164205644	474.2793289142277	0.0	616.0304045496548	516.3909163941836	0.0	591.5723262133222	396.5106502518995	0.0	564.0664137620965	426.5995511016219	0.0	589.423905099813	458.939682297567	0.0
91	1.5166666666666666	591.7917011705214	431.3966781888145	0.0	610.666443266069	438.50300465096257	0.0	644.0972991078377	496.2604776692771	0.0	665.1687555670921	548.0801868524879	0.0	685.8894633429794	570.8655953405557	0.0	688.9538411382323	567.645339663821	0.0	665.4937910344906	563.22030067251	0.0	577.3299428212252	435.8930550200552	0.0	570.4958410836472	497.19371869032113	0.0	553.6701955530748	557.5292610018276	0.0	564.4274478514544	574.8342089215769	0.0	559.9876977565458	572.5054197187371	0.0	546.6210988038572	570.9818723520966	0.0	627.2885275025013	399.7341246212819	0.0	643.9871204980536	382.6488756038034	0.0	640.9483978878187	400.29928581912066	0.0	641.5204783667668	421.4968647711507	0.0	635.0272286928517	476.75329041418564	0.0	623.010124709564	516.020487586272	0.0	594.5732062512362	396.36234265642946	0.0	566.2373387632812	429.7259567736192	0.0	585.7361524394365	457.9542960881809	0.0
92	1.5333333333333332	595.7310582463723	430.8425823695554	0.0	613.6963235982786	437.62889705399255	0.0	647.399527365171	498.7529772034808	0.0	675.4254419353861	554.9134719142068	0.0	690.8989016563914	571.5734978676019	0.0	696.1101844011873	571.2695154928591	0.0	676.548665642853	568.6201450960001	0.0	580.383701399933	435.95932783138926	0.0	572.5283438864255	497.7499287775149	0.0	553.9408783708166	557.804008634628	0.0	564.5894393465123	574.7978836659586	0.0	560.1896833596634	572.5663037070199	0.0	546.5400983839442	570.668264377186	0.0	630.8525547955144	400.2520287096067	0.0	645.3790188807843	383.3889649798895	0.0	644.6452208193871	400.9287579232591	0.0	644.1146714137892	422.0670640246923	0.0	639.5184947120874	473.3329686069443	0.0	629.1353159168414	517.0459759710612	0.0	598.3122908024443	397.7878727799787	0.0	567.0001274437947	432.65500029958935	0.0	587.914217763382	458.37853911916534	0.0
93	1.55	599.223624186258	431.2778897165939	0.0	617.5877301253439	437.69133233105885	0.0	649.9834496738399	501.3891923468715	0.0	682.1301967549052	557.914943538035	0.0	691.3010467707735	571.6823001424043	0.0	699.0797209641014	572.3038096267933	0.0	685.526474907205	571.5551814457924	0.0	583.733709750761	435.9366730581157	0.0	574.5138706313564	498.9224482987544	0.0	554.2696667359155	557.4739352479404	0.0	564.5996228327655	574.8795293173391	0.0	560.2907672420279	572.5707748927035	0.0	546.8509716086506	569.9894913974153	0.0	632.3184517152524	400.62841582599026	0.0	646.443527411013	384.42086367315983	0.0	645.3970411873396	401.1016035667471	0.0	646.3392046220147	422.16232513910154	0.0	644.7722482321499	466.96011385533234	0.0	635.3083764868352	515.1471889378789	0.0	600.9965027410831	399.21852484558264	0.0	571.3574140799284	433.162688742733	0.0	589.575284625235	460.82771450864976	0.0
94	1.5666666666666667	605.1457565745227	432.5874214200628	0.0	622.6798590751337	439.7659367609853	0.0	652.310072945504	504.11757225272606	0.0	687.0833250484898	560.1263392498345	0.0	693.4843776342967	575.4784888809634	0.0	702.4763079757258	574.5236409124468	0.0	692.396788574632	573.3641324271305	0.0	587.998440064366	437.05721665106137	0.0	576.1428913479414	499.4471045241584	0.0	554.4962232940037	557.3364878228299	0.0	564.597974535769	575.0227370087058	0.0	560.1232310621112	572.7179421950486	0.0	546.9908203497848	569.5887568831781	0.0	634.8593631567484	401.1598895815039	0.0	647.9859531030014	384.75705333284134	0.0	647.4484113886251	402.02436851504984	0.0	649.2942325246297	422.68347168758	0.0	648.6397480196374	465.20857183758886	0.0	640.723421505988	510.7916546341974	0.0	602.3135434046383	401.346169464769	0.0	572.4727543690841	437.6068694168184	0.0	590.6399855822535	463.41668013761745	0.0
95	1.5833333333333333	610.5299533502618	437.71700788355486	0.0	626.9412904156957	443.3304521370663	0.0	655.1284655994939	507.89773312770393	0.0	690.2275280552134	561.7023875079649	0.0	695.6097308370051	578.029850045891	0.0	705.0437468589555	577.3953600811951	0.0	696.0874787032214	575.2020632193853	0.0	592.3846608475179	441.28116125934207	0.0	578.2711029744526	499.8440705399124	0.0	555.0049384244794	557.212410150802	0.0	564.5855097287406	575.1678440423424	0.0	559.6151291394376	572.9749794174226	0.0	547.3806242347362	569.4519666503552	0.0	636.3923945016181	401.62263055268994	0.0	648.8999013818288	384.89015927958553	0.0	649.407642294234	402.1242703724943	0.0	652.0404741850059	422.64535487976076	0.0	653.6644819937819	464.5090975812194	0.0	644.5398490526359	509.98311426959697	0.0	603.6393241813673	403.80184587706555	0.0	575.9773560960756	439.3710570910945	0.0	591.9188269271336	464.861845867067	0.0
96	1.6	614.3595603136226	442.69007444724434	0.0	631.1968912345435	447.8599178445908	0.0	657.2460721875261	510.9893448280725	0.0	694.3756380003108	563.9453751510233	0.0	698.1423838401832	580.2765707613414	0.0	707.2958792965771	579.3604313266188	0.0	699.8146168507192	576.8634115153261	0.0	597.4673746145189	445.02511572329547	0.0	579.870994317062	500.5889172947203	0.0	555.3127036536431	557.2333936553081	0.0	564.5897648238692	575.3196609049983	0.0	559.3842263549012	573.2779153738264	0.0	547.7016786259569	569.192905628247	0.0	637.3725596454027	402.10454342303126	0.0	649.8414066565688	384.9358562038665	0.0	651.6479847590406	402.1351209153127	0.0	653.7337714733745	422.2866860844647	0.0	657.0112768062062	467.0654714061296	0.0	650.094819627756	512.4652643779237	0.0	605.2547899363436	404.91644930569464	0.0	579.0673104715602	442.18062796344736	0.0	596.0604870230815	465.5790278713611	0.0
97	1.6166666666666667	619.0368121685082	447.35290651373566	0.0	635.7779600846177	452.3050538308831	0.0	659.1636850494929	514.4211886461701	0.0	696.3336418023418	566.5685120909753	0.0	699.2313867918169	581.2768931736751	0.0	708.1318855835443	580.0403650932013	0.0	701.490996627393	577.527583302309	0.0	601.5283304665804	449.210836802701	0.0	581.2129091500856	501.87639339464033	0.0	555.5714693530047	557.6961353667838	0.0	564.6554366901547	575.5049201760419	0.0	559.6119926732647	573.5504376164356	0.0	548.3399158682761	568.8546048976033	0.0	639.460463440286	402.9816242269392	0.0	651.4707833467957	385.07808290347384	0.0	652.9727051043287	402.3233890844995	0.0	658.7297227290912	423.96567593937897	0.0	659.6158647009809	465.746551216305	0.0	653.8222368872077	510.48879913369456	0.0	607.4172070005827	405.7616149630199	0.0	581.4029579338664	446.361467387271	0.0	600.2765027602802	473.313118756737	0.0
98	1.6333333333333333	623.8123564983374	451.6060465357108	0.0	639.7720832522757	457.3959756171736	0.0	661.423884150908	515.2282281542386	0.0	697.3410069012086	567.287912077277	0.0	699.6420793014245	581.7674486123966	0.0	708.8710366522578	580.2089916730398	0.0	701.9625597136145	577.4994936116956	0.0	605.8635815114541	453.5898312127636	0.0	582.2892293401413	502.8845792239467	0.0	555.6568744073841	558.1922782821107	0.0	564.6840878351217	575.5775456434571	0.0	559.7397843894283	573.6584023570422	0.0	549.0248650317272	568.5504348699569	0.0	640.8678661795064	403.3997332253631	0.0	652.1497105300256	384.8567484840554	0.0	652.6768081598215	401.971383739027	0.0	660.1036855763025	425.8062751092095	0.0	662.2189841198734	467.27861187551093	0.0	655.626457659669	512.5791458326936	0.0	609.1518623975371	407.28119623660655	0.0	585.120129634803	447.7680063510758	0.0	601.6732805965505	477.6600695688285	0.0
99	1.65	628.9404507938011	454.24574543684355	0.0	644.3840525522802	459.99157206355915	0.0	663.1508760862425	516.0182599847924	0.0	697.3324942745048	567.2435575158747	0.0	699.689485969121	582.5218657491654	0.0	709.4476272741574	580.1761629034136	0.0	702.2590575551616	577.3063186692151	0.0	609.5442486399184	456.49743859237725	0.0	583.8625044579668	503.34589403428805	0.0	556.1986836333145	558.4026697573199	0.0	564.7971342400931	575.5223727976608	0.0	559.5162951644882	573.6567636393908	0.0	549.6845483479503	569.1755820236808	0.0	641.7433616022088	403.6848008974101	0.0	651.8949938480536	384.69351922314416	0.0	653.3513119961264	401.93044960554505	0.0	661.5412599807747	425.9755253989534	0.0	664.1555254839475	467.6136209641521	0.0	658.2313983368504	511.85594207759596	0.0	610.6054085112166	408.2566817329024	0.0	588.8321232228546	450.8019834204812	0.0	605.9532387424258	480.5201067817976	0.0
100	1.6666666666666667	633.2585201890299	455.935225958177	0.0	648.1582092409133	461.28265900656646	0.0	664.2348097452618	515.5458966060927	0.0	697.0170616622402	566.8565391842997	0.0	699.881141011276	583.1503938317804	0.0	709.5985795407939	580.1594539332657	0.0	702.1587411461531	576.8084685702213	0.0	613.2382177882228	457.64221682915485	0.0	586.0983886445916	503.3863231694496	0.0	557.4938713751795	558.2855750455894	0.0	564.8135093744937	575.222346434342	0.0	555.8805543891692	573.5569193766237	0.0	550.9605180573567	569.2420622093498	0.0	642.6419378445271	404.122615122356	0.0	651.954861268236	384.36531329646834	0.0	653.8033831423561	402.1661354502628	0.0	663.5065262541082	427.0771358788763	0.0	665.876954112132	468.289099993801	0.0	658.7829480735547	513.396798670914	0.0	612.1364496518593	409.1305563678003	0.0	591.8753589945371	452.54596767802724	0.0	608.0901999803137	486.2360757572794	0.0
101	1.6833333333333333	634.4822663455434	456.73792739302564	0.0	649.6015806515056	462.617229609242	0.0	665.1726172723978	515.91800038368	0.0	697.35859168055	567.18757307448	0.0	699.6897274642104	583.5018847649056	0.0	709.6721455511281	580.271510806224	0.0	702.1782518474872	576.8907048717326	0.0	615.1296613068487	458.89048332925387	0.0	587.3678531435501	504.3345041782059	0.0	558.8029040222721	558.4610555457137	0.0	564.6248711131799	574.8976585186075	0.0	554.903248492333	573.5759564095695	0.0	552.1839948800805	568.8769435610542	0.0	643.0077895941583	404.39999126999595	0.0	651.887368853194	383.95379797701946	0.0	654.0361474615216	402.21488152238305	0.0	664.4669463441909	427.6641209279889	0.0	667.4843799861101	467.9705038816582	0.0	660.3862315507466	512.6761083173607	0.0	612.667035791184	410.6897112049257	0.0	593.7283560561086	453.4437191408217	0.0	609.3138167011892	486.7478373888321	0.0
102	1.7	636.0704655214762	457.302496540134	0.0	651.1722232198052	463.23431739851037	0.0	666.3304886365207	516.0227712862724	0.0	697.1572120409895	566.6860199288271	0.0	700.0438498269745	583.0501464061547	0.0	710.0555376951316	580.1804279476352	0.0	701.9525486476235	576.7113958955905	0.0	616.6390977952045	459.2220501221988	0.0	588.2750425601549	504.65851337882674	0.0	559.3439407537923	558.7921736839405	0.0	564.3450632067188	574.4720797380596	0.0	554.5021790658702	573.5296678769599	0.0	553.2059116564449	569.085615486465	0.0	643.654208679476	403.9183057742798	0.0	652.0888127235319	383.0339396183264	0.0	653.3701894736887	401.7757379498523	0.0	665.0992808492074	426.8389508940167	0.0	668.7650934218751	468.29698116898146	0.0	661.2518925191315	513.2655096009419	0.0	613.434978227375	411.116942147059	0.0	595.9058730918788	454.9713546345742	0.0	610.447066201764	487.91700586783656	0.0
103	1.7166666666666666	637.2429548318382	457.78866487316344	0.0	652.2585942162053	464.034775326664	0.0	667.2500412986107	516.4434363843786	0.0	697.0272149413049	566.2127411303122	0.0	699.6142224050088	582.8841893768347	0.0	709.9238052875372	580.244631280903	0.0	701.8018467186123	576.5484750951564	0.0	618.1118060208154	459.9866516783092	0.0	589.4379975020199	505.1075098482162	0.0	559.8043269157797	559.420112337819	0.0	564.2333853923318	574.3121020500587	0.0	554.4969138086633	573.5066210149241	0.0	553.6520676396015	569.453288877513	0.0	644.0646592096581	403.33110795444577	0.0	651.1955707207599	381.941295780987	0.0	654.2020831127733	399.9358390159289	0.0	665.8019413194149	426.0823720493849	0.0	669.4140158033991	469.5265762042289	0.0	659.6529583679007	512.2061435349941	0.0	614.2767957195117	411.0912776912839	0.0	598.2221923461735	454.86727520881385	0.0	611.0564228729324	488.9630740669676	0.0
104	1.7333333333333334	638.4403777398828	458.54791376317917	0.0	653.1164968321968	465.13325670952685	0.0	667.4638096825945	516.3260425692587	0.0	697.1461318477246	566.366044239335	0.0	699.758067676297	583.5438888803802	0.0	710.3641208694755	580.5680613740531	0.0	701.923544950073	576.7404713989462	0.0	619.0702040400206	460.7832616288051	0.0	590.2037964918778	505.33699975352897	0.0	559.6877300201592	559.9083416186933	0.0	564.3226426079618	574.293506109695	0.0	554.5246567120503	573.5125539310915	0.0	553.6778174130043	569.8879249355938	0.0	643.8750916015928	403.1844879687693	0.0	650.5518785761217	380.87010428134647	0.0	651.4858293143898	398.6031653290784	0.0	666.6017378578129	425.9292596640373	0.0	669.2228682025279	469.5538547242359	0.0	660.365437787898	512.5288149750353	0.0	614.1251114639654	411.16761972010687	0.0	599.7895553130904	455.9145416583193	0.0	611.8889662215006	489.789479262364	0.0
105	1.75	639.7443489237028	458.67488096564693	0.0	654.0752328781289	465.25125743522733	0.0	668.1007997822763	516.4661597091289	0.0	697.1803855220832	566.6449533016317	0.0	700.0782889526583	583.7704407811608	0.0	710.3886787029927	580.5722771510617	0.0	701.9625325497766	577.0928494431953	0.0	620.9873410543242	461.2178464350211	0.0	590.5325717053796	505.6635139317716	0.0	559.5775275746307	560.0874451822644	0.0	564.3075191182229	574.2248459385537	0.0	554.4707611195627	573.4568013324247	0.0	553.5825785804922	570.0582670635731	0.0	643.784477346548	402.80997459460406	0.0	649.5400932911067	379.48477327211737	0.0	648.9010760578134	397.1254745912689	0.0	666.6325490701848	425.31200864291964	0.0	669.1539415437094	468.38659036142946	0.0	660.3622393044635	511.1452762735385	0.0	614.3261586102951	410.9212672239951	0.0	601.1186847495949	455.1096410069244	0.0	612.8676871256279	489.62776992958953	0.0
106	1.7666666666666666	640.1155740075073	457.8834006519487	0.0	654.1134546106069	463.77333228648604	0.0	668.4260496224186	516.3182384646929	0.0	697.4678243396295	567.0365456146127	0.0	700.0512047929313	583.6034730286227	0.0	710.3563075044516	580.721649783628	0.0	702.2814856053127	577.7683973036501	0.0	621.7050662893092	460.427708170914	0.0	591.1132655123118	505.3738173634563	0.0	559.5207553600868	560.0257924944615	0.0	564.2067624333507	574.1237509516016	0.0	554.5128468045109	573.3514998813807	0.0	553.5116908507831	570.0867436676402	0.0	643.0773610602196	401.35452315419604	0.0	648.2282177197828	377.80340847331695	0.0	647.6026723146185	394.083726483238	0.0	666.9088727019983	423.8834665536063	0.0	668.4575049847331	468.42086331019664	0.0	660.298671017386	511.1826755978159	0.0	613.6754271440251	410.09060254428914	0.0	601.8188900055469	454.57531971517227	0.0	613.231212526985	488.75467157466727	0.0
107	1.7833333333333332	640.5285807577352	457.3831025423924	0.0	654.5238880285115	462.3265509612237	0.0	668.5133758110576	515.9532294443638	0.0	697.2518690919899	566.814354650374	0.0	699.8265707212346	583.1561860554593	0.0	710.1086473100453	580.6988328313352	0.0	702.3929095304208	577.8409902944697	0.0	622.1378482247692	459.646297446794	0.0	591.1334518308754	505.3117732465469	0.0	559.4820965881933	559.8826627943566	0.0	563.8236506644872	574.0328575401517	0.0	554.1523840422722	573.2110563422406	0.0	553.5860422278612	570.1525817623725	0.0	642.0783083184889	398.8953138467653	0.0	646.926919460973	375.46068021593703	0.0	643.5777670782992	390.27679266392283	0.0	666.270271325671	421.69085978197523	0.0	668.1801259213262	467.0009393335689	0.0	659.3640203623124	510.7685279630487	0.0	613.5999953331783	408.95060956523383	0.0	602.201839126296	454.4022704383515	0.0	613.6202898616035	487.51203878491265	0.0
108	1.8	640.899040146489	456.8923294416118	0.0	654.9010917504055	462.01429880789874	0.0	668.5811449463265	515.7630119970212	0.0	697.3274875678433	567.0100804660956	0.0	699.8568556013782	582.2502996875008	0.0	709.796093887693	580.5722658736595	0.0	702.4612033840466	578.0553244853577	0.0	622.8431745462526	459.41432607306075	0.0	590.7895522445742	505.46207005532483	0.0	559.4042493451435	559.8891373091653	0.0	562.929585103374	573.8800142672379	0.0	553.6395566032709	572.9960184243438	0.0	553.5997326055433	570.405346050519	0.0	640.7579978093399	396.99249546849074	0.0	644.7525644059535	373.6508952261293	0.0	642.522203989966	388.72526264404985	0.0	664.5990597979788	418.80891691985425	0.0	668.5171563234376	462.62435870186766	0.0	659.309467580435	509.06819849790077	0.0	612.6738741963738	407.81040513165425	0.0	602.1958298562143	453.5596368615776	0.0	613.8534533158665	483.9456307007033	0.0
109	1.8166666666666667	640.782923662601	456.98316858807425	0.0	654.7978579023838	461.82986091842025	0.0	668.84969685341	515.3923317558288	0.0	697.6526103061407	567.1267483619822	0.0	699.5869076074158	580.9722427530912	0.0	709.1520386231301	580.3211480485777	0.0	702.4706934480686	578.126907625448	0.0	623.0339591269686	459.2294797882242	0.0	590.2740294350081	505.6273897141561	0.0	559.158455252069	560.1664813308653	0.0	562.3167957987015	573.573240099257	0.0	553.4866287093973	572.8706000917974	0.0	553.6096169151842	570.9156998317944	0.0	639.3993669804896	395.1851760620312	0.0	642.5771520622808	371.1693150370069	0.0	640.6549240259274	386.9636250207825	0.0	663.07712846699	415.5677194349896	0.0	668.1031376124893	459.54996019865814	0.0	658.2044289239831	507.03588566319854	0.0	612.3956953680398	407.0052163692493	0.0	601.3691053262515	452.61848314431506	0.0	608.5346726576021	482.15475919108127	0.0
110	1.8333333333333333	639.7453510286755	456.34919226062846	0.0	653.6641544077818	461.2566766894379	0.0	668.6514211875326	515.0930564800827	0.0	697.6567122461319	567.6837029251708	0.0	700.2559913130343	581.3039232985495	0.0	709.2993235699022	579.9139325767121	0.0	702.5470326833274	578.3137028118678	0.0	621.695032058895	458.57931471142723	0.0	589.6880114996774	505.32161878872773	0.0	558.7105053568127	560.5316024968363	0.0	562.0882152515655	573.5872937665476	0.0	553.5345551438253	572.8846556331615	0.0	553.539588500664	571.1679307081251	0.0	638.4577296550455	392.59143888474716	0.0	639.2600851049559	367.76325372149955	0.0	638.3426182665384	383.87600922145043	0.0	661.1113038329672	412.1884186763554	0.0	666.4968204266457	457.3281523326252	0.0	656.3559476206563	503.9830356033711	0.0	611.0149346770219	404.69957324741415	0.0	600.5902084701398	449.4521495668646	0.0	601.9878080513207	477.3969318389078	0.0
111	1.8499999999999999	639.1725278941677	454.24993831954976	0.0	652.8572001017686	459.19446672364717	0.0	667.9857569119062	514.4995783905139	0.0	697.5640914973103	567.4373981452194	0.0	700.1915272793052	581.3891048788103	0.0	708.9776381359203	580.019563861092	0.0	702.4718575504294	578.3734327650516	0.0	620.9738839560894	456.31897933447254	0.0	589.1238361237083	504.91501060575007	0.0	558.7131254658682	560.6399668261679	0.0	561.8903050990959	573.6993135849207	0.0	553.563921767106	572.9596348509682	0.0	553.5213521527979	571.3871364440138	0.0	635.2843309440665	389.72271615554735	0.0	636.5903632634785	365.3764312247265	0.0	634.6117652620176	380.5721821696394	0.0	659.9285124885079	409.73754257157185	0.0	664.3945956985448	455.98687247929604	0.0	653.0888776398837	501.4086477588372	0.0	609.5889589698025	401.7291776059191	0.0	599.4314089653095	448.1623362763258	0.0	600.036262843633	475.1764707264511	0.0
112	1.8666666666666667	638.39097592792	453.26495984787675	0.0	652.4623711740888	457.310293303923	0.0	667.3654793659589	514.4907589735216	0.0	697.8035332184436	567.6680476788929	0.0	700.0521886143916	582.8687511451935	0.0	709.648275720944	580.5457931514989	0.0	702.3965275779256	578.4643393548312	0.0	619.8845079836115	455.31931256392977	0.0	588.0423991575901	504.5135530293014	0.0	558.5502045179674	560.9177732628978	0.0	561.8438011124628	573.7184048087853	0.0	553.6487627449087	572.9878795500811	0.0	553.5232896169337	571.3603091062722	0.0	631.7439175927868	386.16206212147995	0.0	631.2476417487708	361.2418363036329	0.0	625.4699953136534	376.47503623957897	0.0	658.6714105247837	405.8597668522262	0.0	662.2788152383215	453.6265373848051	0.0	651.3970394294512	497.77808966195477	0.0	607.7612367841689	398.8864503779616	0.0	598.0090078442745	442.88011225100075	0.0	595.4046969454455	468.40751036484374	0.0
113	1.8833333333333333	636.6397265439404	450.4289499548436	0.0	650.5960953586531	453.79823723472487	0.0	666.3577020880825	513.936655475397	0.0	697.5332691073037	567.8372504354094	0.0	699.7568781056599	581.7149856647186	0.0	709.1325947018697	580.3325602060762	0.0	702.4013699494132	578.6756825242798	0.0	618.869634722673	452.4721656675421	0.0	586.8810954512473	504.6093033279695	0.0	558.3343405262738	561.0277140433514	0.0	561.3774666223296	573.8228811611984	0.0	553.6226063701758	573.0461463935774	0.0	553.6016985752503	571.7790403682422	0.0	629.1705869686066	382.0710876355896	0.0	628.3639109972396	355.7888131192658	0.0	624.1539742248489	372.28410520468975	0.0	655.7310338656757	402.3443823664158	0.0	661.0906910819815	446.1567790487276	0.0	648.928472102406	493.1663321873471	0.0	604.9916514871185	395.70742554074326	0.0	595.352459370853	439.4623505004313	0.0	592.6597769319299	465.31172968617875	0.0
114	1.9	634.5839010875155	449.6542659806046	0.0	648.800455631481	454.6648647422492	0.0	665.9668636020483	513.7306049007561	0.0	697.5507312450225	567.7679245759646	0.0	698.4499147760156	582.2031267269653	0.0	707.5213528146769	580.3829488934964	0.0	702.3117941931139	578.0477436748687	0.0	616.8185172981648	453.0420762300565	0.0	585.8055978012568	504.762271417538	0.0	558.1025667332464	561.3309364099445	0.0	560.8922797091952	573.8948846576124	0.0	553.4488817879356	573.0899201787795	0.0	553.7905467495368	571.7969839674647	0.0	625.8374156393693	378.5547106408213	0.0	626.090231956293	353.15644301119613	0.0	623.2182555277096	369.8118574434615	0.0	652.869406682552	398.71993086938886	0.0	659.5554575883089	439.91953172496824	0.0	646.1994590559341	485.9457503240043	0.0	600.7697288324276	393.5632036217687	0.0	593.7346831725905	437.3663683958428	0.0	589.0717306809665	463.03598394902696	0.0
115	1.9166666666666667	632.468058797545	446.9923190896895	0.0	647.290796085825	450.8688895953162	0.0	665.281674169225	513.2705970926695	0.0	697.3133822909118	567.6129488809644	0.0	698.11974668071	581.5673458838007	0.0	706.3783231913043	580.254770490608	0.0	702.3563593201302	577.4244365732716	0.0	614.9279615558736	450.13397920999955	0.0	584.5168222428895	504.35025696398117	0.0	557.9189516583048	561.4543838541739	0.0	561.1259507002478	573.8333988302688	0.0	553.2610776368325	573.0899249584068	0.0	553.9549407350444	571.8877495671713	0.0	622.7140033265148	373.3699557493817	0.0	623.0415780601176	345.4213088679986	0.0	620.1925002889083	364.84300011582366	0.0	649.6184177579229	394.001860774625	0.0	655.3604402870449	435.4924739324459	0.0	643.1732718829246	483.28550775142145	0.0	597.6674729977357	389.2477331714407	0.0	590.5247971137551	430.40316956319447	0.0	584.6970261181524	457.1122870506715	0.0
116	1.9333333333333333	630.222495721391	445.0232920384146	0.0	645.7936008816922	450.58291517372976	0.0	664.2768181266051	511.82679423071545	0.0	697.2700726541052	567.2365616191288	0.0	697.7666992769191	581.5859361957201	0.0	707.0224930196189	580.3622725362931	0.0	702.2055462597679	577.0990451452219	0.0	612.8202104407326	450.1424015822012	0.0	583.3232419575803	503.89641787853304	0.0	557.765084158716	561.4292106525029	0.0	561.5129369938295	573.8564332511	0.0	553.1491533218974	573.1499040544302	0.0	553.9515891874495	572.1694231942809	0.0	618.8194597759808	369.73996106515443	0.0	618.3554547430655	341.11625569674493	0.0	616.3234257386214	361.4824291931734	0.0	645.5105017955361	389.32933951668247	0.0	652.9063102513962	434.12241777838426	0.0	639.4019804248321	479.85522087379445	0.0	595.0904284923513	386.0682266012209	0.0	586.4456949747783	427.3961360521604	0.0	582.325502178167	454.7563437911572	0.0
117	1.95	626.2156630453505	442.1073987352484	0.0	642.5016078657221	448.260562163497	0.0	663.5033298878203	509.9717930434783	0.0	696.9712487011587	565.5552485122269	0.0	698.5210560200193	581.0412664781398	0.0	706.9033290566261	579.9990395833315	0.0	702.3121824567244	576.0538356570895	0.0	609.1771312093198	448.30548331359023	0.0	582.181164283772	503.2243586433261	0.0	557.5419270669121	561.1079984843644	0.0	561.4835574849506	573.8523025343131	0.0	553.0018065210564	573.2679714044085	0.0	553.831142621436	572.2515511371597	0.0	615.6631409778258	367.2381214348882	0.0	614.0167158326499	338.96630610612476	0.0	605.4320633617772	357.32441563799733	0.0	642.2594866735838	384.7286895988882	0.0	650.5732050333792	426.32281799734153	0.0	636.1321440610827	476.4294218655559	0.0	592.8754335735546	382.3056683091182	0.0	584.2500806366661	423.37736743787264	0.0	579.1773571607292	450.72538363478105	0.0
118	1.9666666666666666	623.2083697202847	439.96783092223166	0.0	639.4663820175283	445.3997691979542	0.0	663.025410319346	508.9303008439613	0.0	697.2806802918601	564.7323877501003	0.0	699.0036392068856	580.7993467833038	0.0	707.0852013322489	579.0020128142511	0.0	702.4195593170638	574.9947406195272	0.0	605.4343283697002	445.8671737180647	0.0	580.9897689010457	502.5380157067467	0.0	557.1642212374751	561.33300818159	0.0	561.6464019844967	573.8266989362369	0.0	553.285164222349	573.3386114083489	0.0	553.7143142810863	572.3350225905592	0.0	611.9453066281795	362.6608128366145	0.0	610.2130457544214	332.47617426459186	0.0	607.6442233595222	351.9727572064568	0.0	638.7613668474883	380.4864090023988	0.0	646.5136386389698	422.0480003540261	0.0	633.6666926276794	471.06663647620366	0.0	589.8221089914159	379.2026747203161	0.0	580.6212082513051	419.95485234988644	0.0	574.5768280363294	447.2366706622557	0.0
119	1.9833333333333334	620.6827537342482	437.3617988094858	0.0	637.4550641113981	440.6176006771219	0.0	662.5111972740119	507.23187723218246	0.0	696.8045178126888	563.276468327852	0.0	699.7221229356212	580.8027637859669	0.0	707.0884487257779	579.317466796598	0.0	702.3429485926036	573.8646639503391	0.0	602.9873686013402	441.47552672299	0.0	580.0985912159251	501.24090135370255	0.0	556.9095438651427	561.2184278104371	0.0	561.7148046726892	573.6848926602	0.0	553.1844125731052	573.3225933274427	0.0	553.6790508547577	572.4760641783872	0.0	608.9206496227222	359.3490062272322	0.0	607.1758930012926	327.95446591889646	0.0	609.2938209801742	346.9617612461713	0.0	636.0621908500286	377.41426651530213	0.0	643.0176189419694	416.7819891074884	0.0	631.3432733670052	463.8082218839666	0.0	585.7572814192594	376.1429904435049	0.0	576.7582642742163	414.9917428995067	0.0	570.5937468499708	444.25335153597615	0.0
120	2.0	617.9538072053324	435.62757527882104	0.0	634.4741915366095	439.9795993451722	0.0	661.8257008509406	505.7665397676433	0.0	695.9303239870798	560.7458974749402	0.0	700.4605566217128	581.3334856581929	0.0	706.6903233786461	579.2564572577623	0.0	701.1474363327499	570.9283096880597	0.0	599.7932411404998	440.46591785751997	0.0	578.9458554480832	500.2691939981827	0.0	556.7984586774978	561.4739338116012	0.0	561.922831539424	573.8256185226069	0.0	553.3950830490419	573.2298272386417	0.0	553.5064904087856	572.5052652525253	0.0	605.7645369213217	356.23949783339185	0.0	603.9926163918929	325.0932423845083	0.0	601.9180176918085	345.01792801975506	0.0	633.0940005399594	374.4613378657384	0.0	639.1136005501671	415.9328017327253	0.0	627.4114549661008	462.3540518655612	0.0	582.4040761507151	373.1522057951236	0.0	572.5104274346243	412.11397119176644	0.0	565.1041463777661	442.50279180207815	0.0
121	2.0166666666666666	615.0853297121944	434.87390469687153	0.0	631.6674473136331	440.16866599998355	0.0	660.0907958534284	503.86173475844356	0.0	694.5380069763484	558.7669624315098	0.0	699.203708221181	580.8962016846898	0.0	705.7447981842527	578.2692752011822	0.0	699.0773431435518	569.2906171245712	0.0	597.1788953647377	440.6961556404424	0.0	578.0368228709481	499.8558695525284	0.0	556.736818030944	561.5589699209089	0.0	561.9097165158992	573.7966820208585	0.0	553.2744722954776	573.174630303906	0.0	553.4959023679808	572.5453661706167	0.0	603.6488686648332	353.07172121324174	0.0	601.4514242478893	322.93823386171096	0.0	599.1423898946529	343.4099437653127	0.0	631.4943621579372	372.17028873266634	0.0	634.7646400486965	412.6820366090619	0.0	621.2350669116972	457.5967597424126	0.0	580.1398100473923	370.4566451974286	0.0	569.3158972286681	408.90186950725246	0.0	561.8630402399273	441.07175507300116	0.0
122	2.033333333333333	612.1810483469062	433.1633501945066	0.0	629.2294906885874	435.819734319787	0.0	657.5213719039914	502.4458439672732	0.0	692.9877437766819	557.3636565530694	0.0	698.880778530864	579.9369898155661	0.0	705.2796893413316	577.1118052334156	0.0	697.5608558561308	568.638133546797	0.0	593.7450280571973	437.59372456074556	0.0	577.0679134686848	499.38313133402613	0.0	556.7484274516285	561.4372154396838	0.0	561.7221986174072	573.0845342304875	0.0	553.2225583895618	573.1195635271738	0.0	553.3492677595651	572.560399828141	0.0	600.8571593054137	349.4513907800253	0.0	598.1358867148537	317.5354494184997	0.0	600.6364327599288	338.7012927691007	0.0	628.7303060995615	368.3821190595325	0.0	633.5498511577124	408.566435857786	0.0	616.7013986966548	450.0854787550002	0.0	576.6090223575594	367.0484280011417	0.0	564.5184787839908	406.99615318504664	0.0	557.2357555157411	439.36624322543514	0.0
123	2.05	610.0019502640022	431.86979980844444	0.0	626.4065948708378	436.23975713832937	0.0	655.2465419114468	501.0787237314762	0.0	689.5088739685618	556.4336928865592	0.0	696.5118844440879	577.0148276172038	0.0	703.9927369778295	574.0226778891061	0.0	693.169375830627	568.3800183211416	0.0	591.3463427858933	438.0972174122571	0.0	576.32408751863	499.2377993956991	0.0	556.7346176451179	561.3665531369955	0.0	561.8555440471835	572.8228220048653	0.0	553.2220757374812	573.0537676882916	0.0	553.2716807853083	572.5433886796425	0.0	598.5673529758211	346.34713539581094	0.0	595.4032818312492	313.60420371263683	0.0	598.6960762272004	335.35394456156877	0.0	625.9295777273884	365.94755050595285	0.0	629.5809247358652	408.1744052170311	0.0	614.479457401891	450.98657290499443	0.0	574.0336512557653	365.0108066240202	0.0	560.8470170307297	404.1866566663158	0.0	553.1280307990335	435.9433184011464	0.0
124	2.0666666666666664	607.4896838718162	430.4827689579622	0.0	623.4310326240126	434.7361884179392	0.0	652.1754463145708	499.8651462015304	0.0	685.121365210749	555.164785676264	0.0	692.4973703304292	572.849179853443	0.0	700.5391605316471	571.5753937972738	0.0	688.6994081162512	568.0778920458039	0.0	588.8504789821507	436.9014581519832	0.0	575.3215573734157	498.9468238806963	0.0	556.674589073549	560.7528759965633	0.0	561.8768454244733	572.3084268619014	0.0	552.7279368996249	573.0193196156799	0.0	553.2201951855552	572.5572278662345	0.0	595.6509189132935	343.68645134471694	0.0	592.8951175178635	310.52962427385984	0.0	598.4770591290558	331.0639390789474	0.0	623.7515595194023	364.13727571569535	0.0	626.529754840686	405.92687524850123	0.0	610.2021699310435	449.57524518006863	0.0	571.1066215939009	363.1971503427435	0.0	555.7622018313472	402.24015618452205	0.0	549.3399603264206	431.8936099583925	0.0
125	2.0833333333333335	604.8735981101637	429.5181249577776	0.0	621.2006518134901	434.79528242927137	0.0	648.6512047752991	498.20979608302565	0.0	681.0155379660877	555.3720299271428	0.0	688.0221846374812	568.2993406802982	0.0	696.209598788548	569.7251540372956	0.0	683.7553602859164	567.8349302058342	0.0	586.2403276244561	436.2939394648029	0.0	574.8220356278372	498.10138938871023	0.0	556.669295869763	560.7112383374648	0.0	562.0939096710649	572.0881932083352	0.0	551.7634587307116	572.9198921526898	0.0	553.2756097853548	572.5360986374955	0.0	593.0083376252107	341.30608530228835	0.0	590.2916027731067	307.6428429024511	0.0	599.5986499435595	329.00115233963373	0.0	620.7144271460056	362.1930757196531	0.0	623.8005268896123	403.5234037785308	0.0	605.7565130944188	447.3175494090292	0.0	567.6131545424474	361.1909296987951	0.0	551.6437364636	399.4723642801059	0.0	545.690570411542	429.81511899587196	0.0
126	2.1	602.8470557654086	428.6815564530691	0.0	618.8553522635683	433.37328228696776	0.0	645.4756910455641	497.2596820052681	0.0	677.056026247476	555.1620055695569	0.0	683.5951632731332	566.9033087154056	0.0	691.8101510038678	568.9190217985487	0.0	678.8927934843476	567.9641961110843	0.0	584.5897411135967	435.24269966878705	0.0	574.0817958749445	496.8976151467634	0.0	556.6845022080503	560.2936263194714	0.0	562.3439849359992	572.2351381600253	0.0	551.4608264470113	572.943739459175	0.0	553.2534078683517	572.5140342454172	0.0	590.9343681327116	339.5385632564625	0.0	588.6509794723664	305.302163130925	0.0	596.8024748459231	326.8212775775693	0.0	617.9378220052059	360.12449108105073	0.0	619.7081452968421	400.18934539496775	0.0	601.956873039389	444.779227120372	0.0	565.7833506483062	358.71813287002783	0.0	547.5858051532285	396.9147071464443	0.0	541.6019980687597	426.2499987592371	0.0
127	2.1166666666666667	600.4643141823998	428.04075130796974	0.0	616.4410766339287	433.148003491499	0.0	642.5117773395602	496.8010584335147	0.0	672.2884424209601	554.6151150285558	0.0	680.9193993323174	565.9773506006788	0.0	688.2522655356945	568.3627081721233	0.0	673.191252499674	567.7552339427803	0.0	583.1372151971282	435.3490583520104	0.0	573.1324860034998	496.4463786531859	0.0	556.6580001442694	559.476675902602	0.0	562.6972121467732	572.4712852793518	0.0	551.3133587787961	572.8617854644353	0.0	552.9716684791318	572.4749276409598	0.0	588.5807034851011	338.13093077870354	0.0	586.7129830963088	303.94340645776066	0.0	599.7233933563117	325.8577672859058	0.0	615.9468832723862	358.65654984647193	0.0	616.3391424292251	396.1639535615494	0.0	587.7338613841501	424.86286317695544	0.0	563.0446149942508	357.3151540875223	0.0	544.2811437973372	393.0306069196447	0.0	537.8530588028066	423.13917043202963	0.0
128	2.1333333333333333	597.945906543828	427.21548444680633	0.0	614.0335987600146	433.033700922526	0.0	638.9113449520801	495.4088071716468	0.0	667.8941032605906	554.6658115783969	0.0	678.4760743271273	565.8330468192609	0.0	684.4824779319541	568.6648000490778	0.0	667.4634733625105	567.6149508956531	0.0	581.7953609562479	434.91468792520476	0.0	572.2243524243055	495.81582078048166	0.0	556.5909028360264	559.4315709565274	0.0	563.0399203186763	572.4145590755862	0.0	550.7038163979869	572.8456000422734	0.0	552.9041404709565	572.5508427140846	0.0	586.4027999006436	336.7156029479431	0.0	584.141592018961	302.7059830403219	0.0	598.4005496376559	324.75951322112167	0.0	613.998886561744	356.9453961487853	0.0	613.3151802324937	394.5223956596577	0.0	583.3011700520389	422.52404701502513	0.0	560.6933375382995	356.39826579991404	0.0	540.0214472137038	392.1279049814929	0.0	533.123398441072	422.4200819525111	0.0
129	2.15	595.8491615555797	425.57426069103974	0.0	612.0537179395878	430.60103187145654	0.0	635.2793930890826	494.5255307219828	0.0	662.2134323504218	554.397806844892	0.0	676.034912564635	565.999490581387	0.0	680.2468782647778	569.2979462599734	0.0	661.6961801460152	567.4481196178807	0.0	579.6736422372545	432.16712497432655	0.0	571.3426666977898	495.1939344951478	0.0	556.5137336899328	558.7048970224712	0.0	563.0330429953642	571.9605208972911	0.0	551.080416976341	572.544972382129	0.0	552.8072598422864	572.5455742962475	0.0	584.2663397032622	334.88534019644527	0.0	582.3730499949817	300.6725786894475	0.0	596.3542599935148	322.4204539937421	0.0	612.4037568781924	354.79211515389784	0.0	614.2528172716399	391.49957643423943	0.0	582.8590247766297	412.0728513376531	0.0	558.7725348834806	354.8266532450523	0.0	536.9788802720121	389.30944316717296	0.0	530.4150332335721	419.3381590541105	0.0
130	2.1666666666666665	593.5721199694302	424.35338499311473	0.0	609.8925232661938	428.7161299693171	0.0	631.7919872260067	493.54870619009216	0.0	657.4239444696942	554.1623899411063	0.0	672.3613233685751	566.2067805455714	0.0	675.172610752813	569.9488817301166	0.0	655.1403216133465	567.6285342011804	0.0	577.7319553495073	430.59465439236556	0.0	570.256446708423	494.9985348877866	0.0	556.3607499337463	558.3918901627508	0.0	562.6976389511932	571.415245894214	0.0	551.4773467902166	572.2051186570743	0.0	552.6421515500574	572.6037850858214	0.0	582.298769339481	333.74524773366505	0.0	579.9876440274195	299.60127011343445	0.0	593.4013567344534	321.0113750000935	0.0	609.4619520983107	353.40352369302605	0.0	613.1460809953702	390.95994439121336	0.0	582.1866524224996	412.2065558985701	0.0	556.2802194075977	354.2404879270384	0.0	532.9565041930564	389.4069238552331	0.0	525.9284713078288	419.14674958907176	0.0
131	2.183333333333333	591.9226029310565	422.96892370874764	0.0	608.5946650858564	427.84091915293595	0.0	628.6008758529928	493.0122112845729	0.0	651.3555013420103	553.9550608668886	0.0	666.7334717952766	566.0821605938595	0.0	669.0096128385138	570.2718625185876	0.0	649.4651412695546	567.7686475169608	0.0	576.1919724607473	429.4393870626526	0.0	568.8615995589839	494.8735542392992	0.0	556.2333300644648	557.6388411089303	0.0	562.5371577944516	570.5162833190543	0.0	552.501047424226	571.1763022463836	0.0	552.5038017673304	572.5312586602079	0.0	579.8981877736596	332.8191898261957	0.0	577.5800349128281	297.57206973107157	0.0	585.7682092252294	318.54395737704783	0.0	608.5956480212211	352.83112056208955	0.0	612.8366637755801	389.63513942951835	0.0	580.0380658008622	394.1753428360231	0.0	554.3694153198397	353.7342157777602	0.0	529.8243688135357	387.8300042148852	0.0	522.8471492437736	417.4014935707065	0.0
132	2.2	589.8195765796617	422.2273801822363	0.0	606.567908025594	426.80310802934844	0.0	625.6888039471359	492.2772987202365	0.0	645.3101834378364	553.8950132092283	0.0	662.1073873509752	566.528755962373	0.0	663.5127902568508	570.8102047165445	0.0	642.9650152384203	567.8039145941198	0.0	574.4643287689616	428.2177763351876	0.0	567.9076950162976	494.38286582038677	0.0	555.9259633615981	557.462525233723	0.0	562.2639680654942	570.278436591571	0.0	552.0486396065048	570.9746963945443	0.0	552.7925039468505	572.4961105073864	0.0	578.1243471379174	332.0888785021302	0.0	575.7993120042046	296.4207959154641	0.0	584.3382203917763	317.82115557405376	0.0	607.416537465375	352.5088940301199	0.0	612.905380536948	390.2257339350773	0.0	584.5218001172691	392.7199234613014	0.0	552.0969158234768	353.4976195542463	0.0	527.303910145881	386.8058287245932	0.0	520.7426247698531	415.29453721635593	0.0
133	2.216666666666667	588.068027632536	421.9379641905854	0.0	604.4363392645312	426.55337203977	0.0	622.5672110655875	491.8609692151449	0.0	639.3801160860263	553.9275881870778	0.0	657.0957633969357	567.2394102875201	0.0	658.9497101209405	571.503996998746	0.0	636.1303450325083	567.659672291379	0.0	573.1118723155342	427.4485749031077	0.0	566.6921327850913	494.37445704057563	0.0	555.70939362007	557.5569508492362	0.0	562.3761570848889	570.1946593709358	0.0	551.6446435908733	571.0686818276405	0.0	553.0702372345887	572.4415638447027	0.0	576.3809598331205	331.51615870610124	0.0	574.0816641975529	296.53838170869756	0.0	584.9013574726691	317.954438181361	0.0	605.3398838168251	351.3950832081425	0.0	609.9971507544024	389.3040635484597	0.0	578.22108222183	396.6984236463518	0.0	550.671461322081	353.1361880719484	0.0	524.570646379948	385.9241739797759	0.0	518.5134138435157	414.44705636862125	0.0
134	2.2333333333333334	586.5641784422708	421.3991358066735	0.0	603.3780470685723	425.5295993278759	0.0	619.3001218818807	490.63950836653544	0.0	632.8974230410435	552.8156393385442	0.0	649.3319489868252	567.9861909647568	0.0	652.5514192055688	572.07754280817	0.0	629.610487278595	567.1631566591959	0.0	571.1964713044019	426.7914339095449	0.0	566.0205327779809	494.1596635522985	0.0	555.9520252200916	557.4583906883363	0.0	562.3592988164539	570.3599474049518	0.0	550.5582686841964	571.1766493262637	0.0	553.0821492606945	572.4267862954321	0.0	574.8773861089694	331.91967832763436	0.0	572.961024962349	295.1464546372076	0.0	578.3238004925955	316.1196156906595	0.0	604.2784743957614	350.98891549532954	0.0	608.009811052932	387.1432936834069	0.0	584.2596633165504	385.1906436411527	0.0	548.271929291351	353.8535559711252	0.0	521.9873945201482	385.33937659752036	0.0	516.8798700820412	413.320794129	0.0
135	2.25	584.9353996668617	421.4113577386994	0.0	601.822816978449	425.20985746381996	0.0	615.9466759004131	490.1855996516646	0.0	626.7172259828709	552.6549959666228	0.0	642.6923007663041	568.6191781458103	0.0	645.9596745677072	572.342361613883	0.0	622.9546145477234	566.3841066732349	0.0	569.9450930918388	426.2242253616785	0.0	565.2890124282453	494.02157249200644	0.0	555.8705488093461	557.7092038458943	0.0	562.3603100363581	570.4546383463052	0.0	549.9830258469458	571.1780476596637	0.0	552.5625104252497	572.5255515376549	0.0	573.6570949833848	331.6540108322784	0.0	571.2992989004946	295.069176885392	0.0	575.9702897969097	315.7244087406657	0.0	602.7487580525521	349.91554520768716	0.0	605.5720892021258	384.7425699283731	0.0	582.166280252029	381.94114500057555	0.0	546.9388434327482	353.6907259031873	0.0	519.7974235221052	384.8128184995115	0.0	515.8293376325771	412.94972188155486	0.0
136	2.2666666666666666	582.9105192764305	421.49676932660543	0.0	599.8397245801737	425.39261506522615	0.0	613.4914006087508	489.85558603219744	0.0	620.5759533783267	552.6543510957217	0.0	636.1679030416088	569.5556757025445	0.0	638.9616881755665	572.7359348708305	0.0	615.8634793560065	565.8935969356113	0.0	568.2814707915568	426.50180766056803	0.0	564.4877042222226	493.94698955058414	0.0	555.6215737796041	557.8516994572058	0.0	562.2954990739814	570.151041899191	0.0	549.7449404168296	570.9879354758904	0.0	551.9958340626513	572.8723335188884	0.0	572.0640171780441	330.7343110176648	0.0	569.1901965287697	294.38118352125184	0.0	572.9581358867638	314.9967089765479	0.0	601.2496737492631	348.6839141590966	0.0	603.6174547068302	382.98006186592374	0.0	580.3578409755479	380.87683761970555	0.0	545.2744001657637	352.9755448342098	0.0	518.7320934180866	383.77255038538806	0.0	513.7092711376099	412.9106640210516	0.0
137	2.283333333333333	581.4538645259528	421.7562252697419	0.0	597.905369961665	426.3647179905506	0.0	611.0240753938641	490.2276944955672	0.0	614.7948206536577	552.2493819658549	0.0	631.2580070663047	570.6476284191058	0.0	632.2134100242843	573.0998640488398	0.0	609.1499573096455	564.6674952084861	0.0	566.443247620611	427.8195074253982	0.0	563.1845226604994	494.0055217845768	0.0	555.2664450672542	557.9233974549994	0.0	562.7103584864391	569.8588716136045	0.0	550.5232663485856	570.6939403784417	0.0	551.5392920105005	573.2355868098718	0.0	571.0338783513063	329.4726914198013	0.0	567.3345751348962	294.54682617126514	0.0	570.5686943311316	314.88207408744427	0.0	600.171732246128	347.7105149349286	0.0	602.482157168062	383.1042313836472	0.0	575.8128488480475	393.13270966541126	0.0	544.738283425027	352.2885052395306	0.0	517.0083932615254	383.6357153653195	0.0	513.2958352544505	412.91414903712075	0.0
138	2.3	580.3540699088519	422.0116932894088	0.0	596.368333956144	426.8015308765921	0.0	608.1844285023861	490.2882963142623	0.0	608.6244023294242	551.457403536608	0.0	625.6017774143135	570.9073828529398	0.0	625.599843049431	572.9861013260812	0.0	602.0540323505786	563.7575492341473	0.0	565.2881685952918	428.26484680323017	0.0	562.4533934611942	494.0145033702371	0.0	555.0687329393417	557.9884680050287	0.0	563.3205491080307	569.9081152129165	0.0	552.13785104637	570.4851206637968	0.0	551.3636881180262	573.7548141979033	0.0	569.537615727623	328.92819703759756	0.0	566.1408985399981	293.8264119917482	0.0	568.521238762281	314.48505247900874	0.0	598.6696376585063	347.05213121615526	0.0	600.593967690634	383.0706768256118	0.0	573.0076083255346	382.7695062338656	0.0	543.6884791147874	351.29704838601015	0.0	515.8258786812	383.7221409907638	0.0	513.0684353905455	414.0114901425911	0.0
139	2.3166666666666664	578.7178735905849	422.19236058535955	0.0	594.2747754194772	427.3604107709475	0.0	605.6105792359621	490.4187867141402	0.0	601.8468724302485	550.4145522870177	0.0	618.9017584009135	570.7553654736283	0.0	618.4025489234692	572.6187666955731	0.0	595.6848719840289	562.696310177116	0.0	563.6119065810054	428.59478359338556	0.0	561.2676606336037	494.0326436096942	0.0	555.0316113884567	557.9905084117916	0.0	563.4746480395527	570.1033942930902	0.0	555.3051845631517	570.5624610340476	0.0	551.4369100162858	573.9395463927099	0.0	568.27372741718	328.24697585555566	0.0	564.0841653963925	293.6025721093005	0.0	566.4356063805608	314.1176641641202	0.0	596.6485157741383	345.99626890658817	0.0	598.9366752251183	383.47376066435316	0.0	567.6058730667444	399.4070903032884	0.0	543.2171504537148	350.3212935345787	0.0	514.945324944814	383.3964815983384	0.0	513.0749357663151	414.90237982021836	0.0
140	2.3333333333333335	577.3867001293879	421.9248058410607	0.0	592.1468551948001	427.1288083462348	0.0	602.9770715416039	490.4800150315969	0.0	596.3278766584838	549.4353370129843	0.0	614.3116883873831	571.0964868806103	0.0	612.8974248413214	572.5868994896813	0.0	589.6878613031473	561.4193542436615	0.0	562.2490350148805	428.38319191637095	0.0	560.3810264842436	493.7315862197831	0.0	554.8017650533656	557.5805025521651	0.0	563.5524468274018	570.1201653258584	0.0	555.3729133855086	570.4424042959512	0.0	551.6853198367835	574.0876092298765	0.0	566.9638422890703	327.819443086515	0.0	563.1424078937391	292.66221858620384	0.0	565.5339002110755	313.5823084742326	0.0	595.3865918286285	345.6873314137339	0.0	597.2936390191194	383.9289412914525	0.0	564.1066870586945	402.06285568388563	0.0	541.8532243094829	350.12226513512803	0.0	514.4707019316331	384.0907238448376	0.0	513.0833393886626	415.57322510914514	0.0
141	2.35	575.4440789954741	421.8366880923807	0.0	590.989005295726	427.0389290378039	0.0	600.5000040972544	490.46339478398295	0.0	590.9921255102013	547.5860623912724	0.0	608.5408905191725	571.0739111687163	0.0	607.128502335857	572.2955902861576	0.0	583.4091584483759	559.5268980157666	0.0	560.2774089787562	428.1255644896907	0.0	559.3334418204365	493.3413090254268	0.0	554.6517755803104	557.1263183918088	0.0	563.8448098454595	570.3820559188283	0.0	556.0811231805849	570.2599396622695	0.0	551.7293572778132	574.0456445787888	0.0	565.4754569729716	327.3458779096091	0.0	561.675633173594	291.7842569522806	0.0	564.4102688800929	312.4628064966594	0.0	594.3603997850075	345.60662660874436	0.0	596.3239284717085	383.37576684560264	0.0	563.0915300610609	399.7588774899462	0.0	539.5128422710108	350.2029952298658	0.0	513.9275398762148	384.6342222175141	0.0	513.0163218124757	415.1767900452604	0.0
142	2.3666666666666667	573.837452630677	421.66593342377587	0.0	588.9596568537004	426.8107783118249	0.0	597.94225383239	490.3309130059436	0.0	585.1522042257162	545.9667001246331	0.0	602.1973170045125	571.1799456061751	0.0	601.7073143223582	571.6348337081145	0.0	576.6086824788988	557.3978838343915	0.0	558.2847583602404	427.37987587161535	0.0	558.2430114983011	493.0642284241035	0.0	554.5162833187181	557.1423670580878	0.0	564.4534041399413	570.5965949800169	0.0	555.6559245669386	570.5432515484831	0.0	551.7210794774819	574.2373045153071	0.0	564.3198878347127	327.1340521879807	0.0	560.5642544660338	291.4220305720575	0.0	562.5819711903947	311.7588080500243	0.0	593.6521469915964	345.4957392959492	0.0	596.3137280882397	383.8088530249309	0.0	562.755464769652	398.89142478339653	0.0	538.3329254163347	350.01223028845783	0.0	513.7550944287393	385.50908267988837	0.0	513.3406689521901	417.00905267395694	0.0
143	2.3833333333333333	572.4610872718656	421.43733597013784	0.0	587.1566262203789	426.28454542658716	0.0	595.6580811115396	490.41371645321595	0.0	580.4663282395358	544.4927154613091	0.0	596.6075469249047	571.4051105266768	0.0	596.5917160600538	571.1229709708614	0.0	570.5524183267156	556.1774257548851	0.0	557.2862308948652	426.782189424347	0.0	557.3494777701525	492.844641191146	0.0	554.4811656336436	557.0105779463288	0.0	565.3708478661997	570.9142330250158	0.0	555.0070908945042	570.7695418968361	0.0	551.9048620269903	574.1797679493403	0.0	563.0279240132279	327.05872050148673	0.0	559.681847618378	290.92105092386777	0.0	562.5210145848006	311.40745169871053	0.0	592.793486017552	345.3495397125225	0.0	594.3474485534268	383.0055273665697	0.0	560.3184951803421	396.6428501119586	0.0	536.9594849652681	350.1749023113132	0.0	513.3133128437072	386.80161931924897	0.0	513.733713466521	418.5022278700546	0.0
144	2.4	570.8368781682948	421.62513601583225	0.0	585.5044486784	426.7031956027961	0.0	593.0937699950075	490.4674309463637	0.0	575.5416142291187	544.006548697865	0.0	591.1488254824391	571.6543252712726	0.0	591.141648207063	570.8369555189382	0.0	566.0605274463227	555.3105638560519	0.0	555.6642961307972	427.20078518308503	0.0	556.6469518617234	492.76288047560183	0.0	554.3626208860924	557.0729280576212	0.0	564.779263779128	571.972901785509	0.0	554.703492807468	571.6679359472555	0.0	551.9925663656933	574.0343997312235	0.0	562.3063192419057	327.0007797691511	0.0	558.9833625681124	291.438877375361	0.0	562.2471219798845	311.9970358265303	0.0	591.6777589910952	344.97228134034015	0.0	593.8945003215191	384.1851736752591	0.0	559.0907723912416	399.23406205761205	0.0	535.7349511338358	350.08223628509404	0.0	513.1046499787496	387.6634816553662	0.0	513.5796113437685	419.7681957233232	0.0
145	2.4166666666666665	569.0722336714564	421.90570538117504	0.0	583.8186567107219	426.84886195613257	0.0	590.9228062464367	490.4143791378318	0.0	571.393090438498	543.5970024147705	0.0	585.2558735704766	571.3906935034953	0.0	585.1924648629384	570.4069701518342	0.0	561.8677495135912	554.4448954942429	0.0	553.4483542513972	427.3672371513187	0.0	555.829819640725	492.3987647130508	0.0	554.3269764498801	556.9774756247612	0.0	564.206385169606	572.649937665381	0.0	555.1436425596848	572.7492099477395	0.0	551.7123404296012	574.0064382490002	0.0	561.4593864134181	327.034149519243	0.0	558.1248880066443	291.48458671041607	0.0	561.1640893544525	311.80160277190726	0.0	590.904333173171	344.90363245334356	0.0	592.3915458197249	383.64204623286867	0.0	558.9455740403087	395.1471739205218	0.0	533.519156990373	350.6031741435951	0.0	512.5369918920759	388.40710425306577	0.0	512.9904386139905	420.86665728392916	0.0
146	2.433333333333333	567.2426771062917	422.2371551671431	0.0	582.2990412841594	427.89638007649194	0.0	588.457933044054	490.6566563694704	0.0	567.1443375586376	543.5315096887892	0.0	581.308537520388	571.3683974854945	0.0	579.4551720325651	570.344386443852	0.0	557.2679386210452	554.0758634454844	0.0	552.108220249404	428.4029435965305	0.0	555.3905698486333	492.4013098881834	0.0	554.1163720601874	557.1852709932214	0.0	564.2943091359218	573.4413769334401	0.0	555.365646030992	573.3773767170917	0.0	551.2796366468921	574.0173996111805	0.0	560.5599978977268	327.3277461569532	0.0	557.2372853989741	292.0613418067932	0.0	561.8008134912126	312.6082020263906	0.0	589.8418733778029	344.89307995687966	0.0	591.6166177271829	384.04121688047746	0.0	557.1499182141853	395.3127779211612	0.0	532.7446026194882	350.7021713836006	0.0	512.006235886379	389.0596989197929	0.0	512.0153810740708	421.2651106413396	0.0
147	2.45	565.9137477874586	422.46392499817404	0.0	580.605891403175	428.34615325288627	0.0	586.2852060619417	490.73744878070784	0.0	562.9949122794526	543.3427100591199	0.0	576.2616629685447	571.2303483279709	0.0	574.8285605551965	570.0528321822504	0.0	553.9599867122076	553.152452421927	0.0	550.7668992452868	428.55089857115803	0.0	554.6102424613587	492.20985781999366	0.0	554.0467885869258	557.3749968017584	0.0	565.7567243562428	573.6656462063723	0.0	555.4686792244021	573.5032257329141	0.0	550.5413376404704	574.2871083251089	0.0	559.3410628543526	327.2877242859502	0.0	555.984529885517	292.2395952132682	0.0	559.822389254065	312.59886367831933	0.0	588.6870753988305	344.8930402662857	0.0	590.0273594099148	384.1558704978882	0.0	555.6133366807769	394.5080961440724	0.0	531.8618835313301	350.80050436985584	0.0	511.47392830472177	389.317765297558	0.0	510.9835834494061	421.78795345615896	0.0
148	2.466666666666667	564.4243835504734	422.8556123361784	0.0	579.0913778733727	429.0466190883636	0.0	584.2815223748086	491.3263055027658	0.0	558.7490346026385	542.3578991078112	0.0	570.4620602298874	571.1535137492519	0.0	569.4330704639035	569.5724379352592	0.0	549.2402418762315	551.3570787539187	0.0	549.3144651203212	428.70479776447536	0.0	554.0574895126939	491.93030167613307	0.0	553.6408469436469	557.2177647299317	0.0	565.370397316635	573.238332677347	0.0	555.4507959249818	572.8703947739644	0.0	550.058051166099	574.521806101668	0.0	558.7203784499103	327.2900751794751	0.0	555.0880646991603	292.28379365141944	0.0	558.7615443102843	312.59669341216875	0.0	588.0380735157229	345.19616880583783	0.0	588.8612139666834	384.379928224783	0.0	555.5429703848924	369.0788867894936	0.0	531.2400411210891	350.7671423474582	0.0	510.61503862551166	389.4601386179604	0.0	509.2681867005395	422.0909564009514	0.0
149	2.4833333333333334	562.7201710306239	422.8067853999826	0.0	577.8494155435893	428.78012936207983	0.0	582.5684933840055	491.640011957415	0.0	555.9860624388467	540.438787466819	0.0	563.9641746784678	571.2226917272444	0.0	561.6889034815341	569.1537408417578	0.0	545.1008063089038	549.0151084318852	0.0	547.6008511229121	427.6473295811934	0.0	553.2904765215096	491.65479541397144	0.0	552.9310290707546	556.69113247961	0.0	564.3575845359303	572.7084641048052	0.0	555.4650959555481	572.5193436210409	0.0	550.086891360287	574.4779748501587	0.0	557.5480717470455	327.18521087211997	0.0	555.0424408108576	292.12002768183083	0.0	557.666746644193	312.51942810714866	0.0	587.314647463336	345.04866689048185	0.0	587.4872855544737	384.2662261683836	0.0	555.8876463339216	372.7788103397504	0.0	528.8152239209503	350.8651658014044	0.0	509.2841737996432	389.5840377876344	0.0	507.86538264155024	422.07259628383576	0.0
150	2.5	561.1489285304182	423.08814492001017	0.0	576.3415959557202	429.58388947517346	0.0	580.1615763801611	492.1278812407217	0.0	552.5850784307153	541.2802677088415	0.0	557.0934922775855	571.9051775000188	0.0	557.1189593634551	569.3563352644055	0.0	541.5889866271659	547.1960551816868	0.0	546.411142016154	428.32548464586966	0.0	552.6381232758696	491.7455691729923	0.0	552.3190346811377	556.3938780189612	0.0	561.7200898829094	572.9001775235341	0.0	555.0574567451332	572.8176401639839	0.0	550.4927109921459	575.40045948536	0.0	556.8473026967133	327.39476520706233	0.0	553.9730773007461	292.02119897509186	0.0	558.1181172342335	312.592874464083	0.0	586.3514140346518	345.0692201820945	0.0	587.5729617913578	384.504348973901	0.0	554.148926793283	368.38984957816757	0.0	528.7597472228399	350.75567509997876	0.0	508.4656909457941	389.4767848206999	0.0	506.9767975567612	421.785613993698	0.0
151	2.5166666666666666	559.5459569805636	423.2949859702534	0.0	574.7574400714578	430.31006363762594	0.0	578.1070207007713	492.61209186951635	0.0	550.3786082471478	540.4860267062011	0.0	550.2759076628905	572.0650414083752	0.0	551.8122401070846	569.025375988292	0.0	538.5053741586512	545.5942889984772	0.0	544.8131160327272	429.141605955114	0.0	551.9098937616142	491.85208499914995	0.0	552.1041729167384	556.2480418947474	0.0	562.3153893832817	573.437079086086	0.0	555.2389733880981	573.3377934207215	0.0	550.5969946813791	574.0059252131214	0.0	555.7492792762425	327.41719373694787	0.0	552.4865619872554	292.27732654850536	0.0	556.2847067382833	312.5395476648132	0.0	585.6751794086833	345.3015662781476	0.0	586.5897691476032	383.76826430622333	0.0	553.7674935489638	367.71398573573947	0.0	527.2563920790788	350.92328068929874	0.0	507.26749745939156	389.4765822044415	0.0	504.9730926406891	421.1443834870207	0.0
152	2.533333333333333	558.2663286222439	423.8927910364128	0.0	573.47806335972	431.0047741994581	0.0	576.80596018169	493.4681451962317	0.0	547.2536694220869	541.7643979832101	0.0	546.2901298270319	573.2200575802401	0.0	549.147444098031	569.7758466900991	0.0	535.7879179673779	545.753107320746	0.0	543.5043152551277	429.9500613831033	0.0	550.7254324258395	492.0082703350571	0.0	552.4665099170938	556.0146587853089	0.0	562.9398441419611	573.2123013362685	0.0	555.3453284499931	573.9372975571705	0.0	551.0898489495169	571.1829440839878	0.0	554.9019506481363	327.58601678590423	0.0	551.9977423614242	292.59345254321704	0.0	555.3758151098637	312.49721352748656	0.0	584.9508909853529	345.28076400136666	0.0	585.9066140669621	384.4502696832619	0.0	552.3270333312994	367.4541963936452	0.0	526.3314609948306	350.94113121810005	0.0	505.86602914821	389.42731805780727	0.0	503.9242380040508	420.64829750634544	0.0
153	2.55	557.2271415531106	424.44673350938336	0.0	571.9499748464002	431.86379532803835	0.0	574.8084647347655	493.596453924488	0.0	545.2784228595432	542.218966466624	0.0	545.1777277624659	573.7759416849551	0.0	547.9572300222452	570.3009827856159	0.0	534.000641959023	545.6897461467883	0.0	542.5341249785674	431.0374296599822	0.0	550.1348896673495	492.1455561215072	0.0	552.7600348369656	556.6883188875703	0.0	562.8935759341535	572.2932779958254	0.0	555.3341069745281	573.640113169079	0.0	550.5482363582546	571.0000918124495	0.0	553.9378620673901	327.7356092523079	0.0	551.0301647479265	292.55407929618923	0.0	554.2513171438504	312.5728182689721	0.0	584.2503656978682	345.69002167662995	0.0	585.5907033844607	384.33065796326224	0.0	554.576240790609	365.2277156718614	0.0	525.4662349126908	350.99177376029354	0.0	504.5072330244861	389.2935507278777	0.0	502.6242926819031	420.0429374599795	0.0
154	2.5666666666666664	556.1567306162779	425.1475764652524	0.0	570.4737048546269	432.79067316443184	0.0	572.8289440750813	494.26487342566463	0.0	543.2970133017618	542.253861750537	0.0	543.7154285637131	573.6278285673053	0.0	545.4200523301197	570.8231844314064	0.0	533.7692102487879	546.0681425587719	0.0	541.8674512589395	432.8424327244221	0.0	549.5623970388391	492.2998381849634	0.0	552.4669054600088	557.0618164965824	0.0	562.5360577478633	571.1820959417119	0.0	555.2587159867433	573.1008640977856	0.0	550.7821894599942	571.5800896007029	0.0	553.3027292298891	327.9566681793308	0.0	550.0356992384092	292.64493427863755	0.0	551.9340458565474	312.69726866807287	0.0	582.8932774427417	346.24885898323157	0.0	584.7161019905845	384.82441879962096	0.0	560.061040743421	364.9571520882453	0.0	525.1902974817745	351.1072530332731	0.0	502.94947580095686	389.18882483948806	0.0	501.4539343491364	419.8404288091068	0.0
155	2.5833333333333335	554.7617916405134	425.6866036884186	0.0	569.4160927438248	432.9993967759267	0.0	570.8802023987578	495.1274468982541	0.0	541.7280031095851	542.6905007679647	0.0	540.1927096582838	573.561989700417	0.0	542.8391651150308	571.001775967987	0.0	532.6987843325066	547.3472520678722	0.0	540.4578348658686	433.2275541228785	0.0	549.0233556134489	492.3634055259629	0.0	552.0241372912258	557.4709786779349	0.0	562.1383000547771	571.0015206858113	0.0	555.068900226033	572.6328938713675	0.0	550.3436797814791	572.0087625822798	0.0	552.3621561887478	328.25407918670714	0.0	549.4638883577076	292.7800159134791	0.0	550.5169220063208	312.50261448366257	0.0	582.2781014494558	346.83688626783686	0.0	584.2757308223263	384.1760949047074	0.0	559.6804042256167	367.2950418996362	0.0	523.8396389577525	351.2472616623935	0.0	501.4562867600108	389.11315662484753	0.0	499.6453428941966	419.5245793673877	0.0
156	2.6	554.1045101435272	426.27450522438744	0.0	567.954504249574	433.1923597407001	0.0	568.9357992389962	495.78046701216783	0.0	539.3996235565958	544.2237020718078	0.0	541.4063476319195	574.1150153345469	0.0	542.575055761713	572.3266438738918	0.0	530.7701932698616	549.0094104449315	0.0	539.3796068363513	433.5431426112582	0.0	548.4465905738396	492.4721396122237	0.0	551.8509415729189	558.2592072087948	0.0	562.4671183923622	571.27182778482	0.0	555.1106846322663	572.670214118204	0.0	550.0328892796988	572.3718710308692	0.0	551.7534639501304	328.4911736881758	0.0	548.8795386501918	293.3089056872896	0.0	550.2413685006816	312.813970261889	0.0	581.341902463417	347.26081901040004	0.0	584.2848345218991	385.009991463046	0.0	560.8563267319562	376.1216663427791	0.0	523.1206577995858	351.2522931225017	0.0	500.34937010639453	389.1598873936499	0.0	499.3348045187878	419.8036476210849	0.0
157	2.6166666666666667	552.8444834272614	427.0626479344685	0.0	566.6693277476579	433.3077358495185	0.0	567.5499051113396	496.4540223804686	0.0	538.509816326956	546.4591879963542	0.0	540.0953097323879	574.5174012640438	0.0	541.789563220516	573.3605434517565	0.0	529.3982348588145	550.68974016113	0.0	538.1327154285501	433.7273035760833	0.0	547.6225113015028	492.5522369671816	0.0	551.810454274774	558.177750132737	0.0	562.4154488799194	571.8171226202732	0.0	555.2614108460231	572.9426556414451	0.0	549.6171675650135	572.4833353918013	0.0	550.9478441965623	328.6227177609319	0.0	548.0861695214994	293.5857130241944	0.0	549.1520189362393	312.77273444293945	0.0	580.8630196497343	348.0388925559192	0.0	584.8163481108362	384.20437746407316	0.0	561.1716159026026	376.08789090704704	0.0	521.4307179741248	351.3209365894887	0.0	499.0586413619541	389.11478156947067	0.0	498.13589018771256	419.72312984600137	0.0
158	2.6333333333333333	551.6873748660884	427.462784733431	0.0	565.9237497498198	433.39674549886746	0.0	565.5012698420283	496.8566505265456	0.0	537.4295988049653	547.9379267567368	0.0	540.2090935726836	574.6082158713156	0.0	541.1963788033031	573.5716944456351	0.0	527.4986911599118	552.8807918418	0.0	537.3854364069089	433.803404615291	0.0	546.5631687387568	492.5919461657775	0.0	551.044420648024	557.5826656126345	0.0	562.4567253453026	572.0370323824351	0.0	555.9910930582862	572.9140929151312	0.0	548.7765774719855	572.6418237420799	0.0	550.2215401646654	328.77601108791436	0.0	547.4336727391155	293.681290372426	0.0	549.2309384943143	312.60007485206876	0.0	579.8374804510864	348.4661232747001	0.0	583.282210462768	384.0258573662956	0.0	560.5595199769876	383.6078856538138	0.0	519.8323215663969	351.2703458968465	0.0	497.48169194228564	389.14531743649803	0.0	496.97293952314897	419.91489119709877	0.0
159	2.65	550.400117227698	427.7661442132727	0.0	564.6571324906552	433.2661425889139	0.0	563.6599010438858	497.277056439156	0.0	536.858727922526	548.343304845213	0.0	539.9516602054499	574.8570923866512	0.0	540.9213724635941	574.1525275197215	0.0	527.2836928677651	555.3555975672624	0.0	536.0354958736876	433.3975991441014	0.0	546.043367297386	492.6662266449857	0.0	551.2343482059384	557.1749960258281	0.0	561.6717035668527	571.9314422664152	0.0	555.7148140320819	572.7540296880077	0.0	549.2182595690873	572.4691810126524	0.0	548.977723406487	328.88489034346827	0.0	546.9408920446434	293.76688782329035	0.0	548.4433310786874	312.3284166116513	0.0	579.3888853593104	349.16212215072846	0.0	583.1908037358921	383.14402244509824	0.0	560.9272462167996	370.7299976487362	0.0	518.5445995952182	351.1715383685219	0.0	496.0645832181968	389.001924188548	0.0	495.51749827727957	419.8343151573631	0.0
160	2.6666666666666665	549.5521286442521	427.5687079928157	0.0	563.3979574230952	433.89914677295246	0.0	561.0193996648864	496.83195258601984	0.0	534.7247348917294	550.347490837214	0.0	541.5478058995398	575.554264520493	0.0	541.1625623257693	575.2300869681817	0.0	525.1602087281697	557.150937019079	0.0	534.3532938652403	433.9725127750986	0.0	544.857464972115	492.96174854757925	0.0	551.06399776599	557.5430950564751	0.0	561.1933426418515	571.4917909466848	0.0	555.1034124855641	572.806467987009	0.0	549.4320896759782	571.9458942999707	0.0	548.157943303693	328.8521118015716	0.0	545.7988639925813	293.87746614171795	0.0	547.5790464490539	312.6967082322826	0.0	578.2385148295468	349.43837017168175	0.0	584.804655953454	387.29105375430373	0.0	569.7798817579556	387.6240940323436	0.0	518.5288127879425	351.1888034713669	0.0	495.2083343950736	388.8241944333996	0.0	493.8678418743947	419.62523239093025	0.0
161	2.683333333333333	548.4327085806243	427.49013195288114	0.0	562.3022866891838	433.9165635637905	0.0	558.9134869657839	496.8532674480293	0.0	533.0421109154703	551.4100535983015	0.0	539.8300016632775	575.7821214333765	0.0	539.850027827993	575.5611014402034	0.0	523.4878144190309	559.9338795479308	0.0	533.1908021202704	433.90756168278267	0.0	543.7359614837858	493.12224190503457	0.0	550.9076918873726	557.396434289744	0.0	560.9648000640228	571.4716959802752	0.0	554.5639638692902	572.8022136740639	0.0	549.4294497763885	571.7268878122098	0.0	547.4728089495138	328.77729571436214	0.0	545.1283766599147	293.98661799459717	0.0	546.0801108009442	312.62133064887274	0.0	577.5914180245892	349.773814242046	0.0	587.1217317117117	386.61517686636125	0.0	575.1544808200006	384.06622106600594	0.0	517.8459899962627	351.07817675163125	0.0	494.0575778123283	388.36833975046585	0.0	493.06917352201793	419.5914394761468	0.0
162	2.7	546.9694088914687	427.6071474168128	0.0	561.28682980523	433.6774151840796	0.0	556.4439955277136	497.3701546151612	0.0	530.9802844638492	552.0828970836094	0.0	537.4692758022283	575.9236582664494	0.0	538.05038727082	575.9709066591865	0.0	521.7607600953651	562.0132143600109	0.0	532.1475135237927	433.5404141797835	0.0	542.7213204716206	493.2415053614261	0.0	550.7826089750768	557.2391557133806	0.0	560.8865275788406	571.318025743275	0.0	554.4932821512288	572.5485414883315	0.0	549.4398639089409	571.8091642568252	0.0	546.4590773583684	328.80690594438795	0.0	544.5918992198522	294.00860443805243	0.0	544.9677518854123	312.3331708692874	0.0	576.9107486085711	350.33350285709537	0.0	584.9653016302528	388.1437364825006	0.0	601.8148075438721	383.88666748545035	0.0	516.5097952014281	351.04587377259173	0.0	493.0655475705805	388.0562090935776	0.0	492.1045623420267	419.39242279892017	0.0
163	2.716666666666667	545.566630998641	427.8115231959516	0.0	560.3908514880302	434.1960676109659	0.0	553.6483870201732	497.1013881467612	0.0	528.2607751873239	552.9379069919447	0.0	535.9696347341766	576.1569239761463	0.0	536.9410696062632	576.4934213239906	0.0	518.6985374563192	563.444626459921	0.0	530.777567686988	433.7557826642613	0.0	541.8270253008632	493.23747773519034	0.0	550.0980537896652	557.5369391421999	0.0	561.2199613932316	571.4688929132839	0.0	556.5270260756638	573.1567994805669	0.0	550.0735101938316	572.5574926010121	0.0	545.1676676917521	328.87496351015335	0.0	544.1297946916561	294.0894703278278	0.0	543.4739497599608	312.37492964927185	0.0	574.8536081154621	350.18140446774675	0.0	586.4025815667361	387.35358160687224	0.0	574.7842527401353	377.96222143880846	0.0	515.933689325694	350.73904616735376	0.0	492.0850522597449	387.9262645196593	0.0	491.1539228094281	419.1265632255107	0.0
164	2.7333333333333334	543.7826766426765	427.8744304925632	0.0	559.3252304259493	433.81966551698576	0.0	550.8429042852331	496.89300113015315	0.0	526.5640908828055	553.7304696812737	0.0	534.8384284990843	575.9202131499819	0.0	536.7001188993607	576.8245216073699	0.0	517.5383518623257	564.6236890348288	0.0	529.1419178065114	433.19705506165917	0.0	540.9631579537959	493.1842608743979	0.0	549.5550191879393	557.0469934454354	0.0	561.5106717998273	570.9901045027163	0.0	557.2426784191213	572.6719333326959	0.0	550.2085757907026	572.5522067528298	0.0	544.2852537137373	328.8839700537746	0.0	543.2942219040285	294.07107835092097	0.0	544.0953463446423	312.4472824038653	0.0	574.0159271458785	350.72303919991054	0.0	585.6604736603406	387.16405954795687	0.0	573.6600369550297	371.6865748175754	0.0	514.517031470272	350.6307574862384	0.0	490.32941703663613	387.9901868082784	0.0	489.8166639863541	419.2611796566429	0.0
165	2.75	542.5475607916514	428.07240842590693	0.0	557.7373829095625	434.105528202271	0.0	549.109571853768	496.65537205030705	0.0	525.4823193936211	554.603124211885	0.0	536.4205257707711	575.6078109845383	0.0	537.6119126416886	576.9500933082245	0.0	516.9022976200212	565.7570555402725	0.0	528.3109914556185	433.56145614227796	0.0	540.232293557659	493.20141866488177	0.0	548.8695117674216	556.8246587889531	0.0	561.4938984109997	570.5082988239246	0.0	557.566735303721	572.0680936662943	0.0	549.7573061081871	572.3497686583078	0.0	543.9021155369703	328.8845739554361	0.0	542.564776121858	294.21786197794205	0.0	543.536964456718	312.655498885264	0.0	572.8410598854625	350.9398857422808	0.0	584.8119300957818	386.66532314985784	0.0	572.108030136982	373.5347903258907	0.0	514.110637125084	350.3934330689076	0.0	489.2095171588249	387.96917455624566	0.0	488.687868012603	419.3884016989639	0.0
166	2.7666666666666666	541.2858818109902	428.0053155792528	0.0	556.8662384653957	433.86457482671335	0.0	547.3666667744076	496.30580471639587	0.0	524.9633503250761	554.4055021696752	0.0	535.7121711161608	575.2696225027094	0.0	537.4881888438615	576.9728366562317	0.0	516.5320147476812	567.0574807446162	0.0	526.6604155180388	433.3839343739816	0.0	539.4156547627132	492.8922913077298	0.0	548.4552496506369	555.6025260002983	0.0	561.5565020014938	569.9385926472092	0.0	557.4214178164688	571.4271544317828	0.0	549.1715817710584	571.6603393020978	0.0	542.7568304315964	328.7851148946931	0.0	541.82545624954	294.04276210430817	0.0	543.1611628178118	312.3303578256377	0.0	572.0287341851607	351.0634813755295	0.0	583.8650244736441	385.24680986872335	0.0	571.6723347137465	370.05912410034534	0.0	512.5382777734618	350.3507588916058	0.0	488.3352615389346	387.85077692885307	0.0	487.4096495520969	419.23531030948726	0.0
167	2.783333333333333	540.1693783494393	427.9051547193937	0.0	555.7429598989827	433.9549237188473	0.0	545.7393514873245	496.1889392493556	0.0	524.0108434313544	555.2484850106388	0.0	535.7756188609592	575.2994874690991	0.0	537.4365431257213	577.129114037067	0.0	516.2289233700672	568.1073699202526	0.0	525.522693846515	433.47221899704715	0.0	538.3059406465258	492.8057449369394	0.0	547.8108816626903	555.2983848968092	0.0	561.4833901915939	569.4100795424974	0.0	557.2645420473395	570.8745481298083	0.0	548.0637528246104	571.0077001260399	0.0	542.0438815064987	328.5648300485835	0.0	541.5266369873073	293.91148062759095	0.0	542.5542094393783	312.01080639290694	0.0	571.2750865203469	351.19679881383524	0.0	581.4386417533813	386.20139095838465	0.0	576.0562016926726	411.92427057842093	0.0	511.80312608721783	350.0138211558971	0.0	487.2537767895294	387.7329480944278	0.0	486.345038731188	419.30202550830893	0.0
168	2.8	539.3227496250067	427.45145884468536	0.0	554.5168820956757	433.4603422700522	0.0	544.0757669067875	496.1555156346008	0.0	523.6645524172368	556.4015775612137	0.0	536.8473694261463	574.8397141839315	0.0	537.5493087502113	576.7309784857704	0.0	515.8956452743141	569.3096039118328	0.0	524.7129479658314	433.03461710506383	0.0	537.0891261322893	492.6096153153698	0.0	546.6402248908829	555.3065244430741	0.0	561.2497153592055	568.8787415448089	0.0	557.3142192219173	570.3488138050451	0.0	546.7662533167271	570.5777938271704	0.0	541.2604261191644	328.4666527723462	0.0	540.7846427836113	293.65412671556504	0.0	542.1305698255596	311.98553245394766	0.0	569.6799914186481	351.04264148801883	0.0	578.6970358667713	390.3206479061197	0.0	578.2082429974686	420.94543510113886	0.0	511.0573783701869	349.5330990208409	0.0	486.45738961241	387.4281038019351	0.0	485.9789018288165	419.1323284616008	0.0
169	2.8166666666666664	537.7451542375007	426.9233305365808	0.0	553.3094235517373	433.21574608595506	0.0	542.8327552447846	495.8085657005496	0.0	523.2726031956015	557.6687151053366	0.0	537.6297717285471	574.1709840051036	0.0	537.5858297551132	576.6950845096642	0.0	515.7152555517337	570.5006483876475	0.0	523.4883432698874	432.6853833314499	0.0	535.8443185752124	492.27100493167524	0.0	545.0188727981972	555.243210825952	0.0	560.3505102870055	567.5064275674737	0.0	556.9353340895029	568.690493872751	0.0	545.4985230236772	570.2409560799966	0.0	540.148873169231	328.0757199254763	0.0	539.6874693752153	293.01373244224095	0.0	540.6677504253237	311.784594705555	0.0	568.5731639002354	351.0980529655681	0.0	576.3344400719163	395.4914689295121	0.0	578.6151349797423	427.0712837332199	0.0	510.15096215234655	349.2648450771362	0.0	485.0424726499754	387.4389485330921	0.0	485.03897292069996	418.5607251664223	0.0
170	2.8333333333333335	536.8297643884335	426.9740206364672	0.0	551.5938219428057	432.7956970530976	0.0	541.5023438074525	495.6386896843121	0.0	522.8664803400322	559.3039802086073	0.0	538.2498682210548	573.0724655978366	0.0	537.953328800487	576.4370354826294	0.0	515.5202427110553	571.3130738923671	0.0	522.572691665763	432.2965322239006	0.0	534.4736368543076	492.5514199566922	0.0	543.593388428144	555.7859190773856	0.0	559.4355135249194	565.3102244113448	0.0	556.1373717462675	566.2135878976787	0.0	544.1072587462769	569.8572485312206	0.0	539.624187696373	328.03359680069184	0.0	539.1911938454699	292.84453004614363	0.0	540.1048684481173	311.78221198828595	0.0	567.7440129284427	351.20949290260455	0.0	575.8050115782502	396.93689748568386	0.0	579.0721915679721	429.8076861578549	0.0	508.82578040720944	349.30367510847304	0.0	483.6266864715737	387.32845761999977	0.0	484.0615371893181	418.2363791055898	0.0
171	2.85	535.9745600841925	426.78661794288047	0.0	550.3513679073656	432.4034895519411	0.0	540.274034932316	495.0789491912386	0.0	522.5902793941455	559.50226281664	0.0	538.0847770158273	571.3661373637918	0.0	537.8233380877218	576.0442472063944	0.0	515.563467808	571.7594642264826	0.0	521.7161799171514	432.20327694992915	0.0	532.7501852176772	492.43083687536364	0.0	541.4235808635183	555.3886574335376	0.0	558.6234648087438	563.6561008440028	0.0	555.0641181772213	563.4668187277831	0.0	541.9040124658634	568.928956910419	0.0	538.492870433214	328.10176769908173	0.0	538.4624581136599	292.7668371270297	0.0	538.9751131667243	311.77690694977224	0.0	566.9844952966821	351.26976606943504	0.0	575.2161260363042	397.2962602653006	0.0	579.1556542377921	431.153715763489	0.0	507.8565035033102	349.2913844305931	0.0	482.5832703806723	387.1683721929451	0.0	483.01194672869514	417.9301398014211	0.0
172	2.8666666666666667	534.8034574952643	426.33385440554315	0.0	549.4965491144593	431.4489227458274	0.0	539.483842883232	494.45162686648496	0.0	522.4975607946049	559.0480083031014	0.0	537.3179291494482	570.2652097489291	0.0	537.294259685093	575.6921717415996	0.0	515.623479968926	571.4410786145596	0.0	520.9745014185185	431.42184519921557	0.0	531.4480000673091	491.734339607672	0.0	539.2378479099951	554.1835270670389	0.0	557.7569947974049	562.2915552794108	0.0	554.0787652141025	562.0947582479652	0.0	538.8738533794278	567.675818719983	0.0	538.0863652140874	327.73506066127743	0.0	538.0873345448568	292.05367434935204	0.0	538.562494405218	311.1785918065618	0.0	565.807837515842	351.2013184152614	0.0	575.2189986392473	397.48260855639876	0.0	579.6814691363139	431.9954939966333	0.0	506.72776973875824	348.9676447509206	0.0	481.4534670762688	387.0352333632973	0.0	481.5221429624234	418.0142524346152	0.0
173	2.8833333333333333	533.960829456964	426.0255569112927	0.0	548.2510743091779	431.99281258733686	0.0	538.7113224409846	494.3753720088481	0.0	522.5333161446106	559.2016875754023	0.0	538.3681144228609	569.8764403225846	0.0	538.203562029759	575.430775771799	0.0	515.4541807873278	571.2909510766344	0.0	520.175804248909	431.98100312420365	0.0	529.7428180749873	491.5448241556277	0.0	537.8441534207655	554.3218751655149	0.0	555.6404532162212	561.6402789605019	0.0	552.3404498520829	561.160798728218	0.0	537.8767199118709	567.2800845298634	0.0	537.3040964366879	327.5828322167936	0.0	537.3531165965426	291.8539624568419	0.0	537.7768412495006	311.07722856816963	0.0	565.3223555146824	351.0040945040459	0.0	574.866590884454	397.49198698577175	0.0	580.5253727700559	433.068705845244	0.0	505.91457847455376	348.6796369120494	0.0	480.2642848332369	386.9021134834838	0.0	480.7426505586576	418.13466010031266	0.0
174	2.9	533.0075594739465	425.23528604228676	0.0	547.210001743305	431.2221634716561	0.0	538.1725956568034	493.8492254921057	0.0	522.5010289329589	559.0284287485093	0.0	538.7096697872598	569.8325506311201	0.0	538.2771669536844	575.0918157252763	0.0	515.4127679929964	570.9298952468422	0.0	519.2017140762938	431.58480892929964	0.0	528.2759337220534	490.39006053157476	0.0	535.92057996859	553.9035769702125	0.0	553.1538026471788	560.9810485704173	0.0	549.8751390701282	560.5052800760038	0.0	537.3034402745642	566.2170955597279	0.0	536.3538141613025	327.1727001483251	0.0	536.795803643016	291.4871788149014	0.0	536.7940443093847	310.96630771860345	0.0	564.3292681634211	350.81151767033793	0.0	574.2837025724251	397.3890103948173	0.0	581.0014803711815	434.08592697052194	0.0	504.9948677277003	348.450959349178	0.0	479.3034130611387	386.4105471039978	0.0	480.1623865639894	417.7349645404174	0.0
175	2.9166666666666665	532.4104600181713	424.82230011023285	0.0	546.1614005816202	431.4782253950092	0.0	537.6985182809699	493.3448081798181	0.0	522.4675701615379	559.0567921411638	0.0	539.1482707100663	569.6854818227663	0.0	538.6713643848602	574.7608551739547	0.0	515.3866012285634	570.8900598612432	0.0	518.2103901883029	431.6040342138656	0.0	527.2077635632049	489.7788439049277	0.0	533.9336587254026	553.8127232236094	0.0	550.6682749417541	561.0309060609327	0.0	546.9444888279562	560.5854707558944	0.0	536.7632648427991	565.6947927833701	0.0	535.7458911196233	326.7460071914863	0.0	536.224051169729	291.2547691478159	0.0	535.8672966215004	310.76656926672604	0.0	563.3078431542784	350.552088887341	0.0	573.3752559991927	397.24850256822333	0.0	581.7443889132602	434.22972525983977	0.0	504.41249277309646	348.0518381670845	0.0	478.33800034955345	385.91515589367793	0.0	478.830541472659	417.7542472514597	0.0
176	2.933333333333333	531.5785956280163	423.9195690790598	0.0	544.9291931472991	430.9972903477735	0.0	537.645703682916	492.88888250085347	0.0	522.4522373873169	559.1834134386967	0.0	539.3148047133733	570.0637569854268	0.0	538.8153579882162	574.5848367037474	0.0	515.420205646849	570.8830293753246	0.0	517.3445399212517	431.09163590354797	0.0	525.8894563373242	489.28134520104527	0.0	531.6452610312548	553.7311547490095	0.0	548.7121939761006	561.7880220631871	0.0	544.9292103352856	561.3500003568003	0.0	536.3336688432809	565.318842647084	0.0	534.9096369254579	326.288070208946	0.0	535.3981049533566	291.15492303728934	0.0	535.7356879860123	310.5831643151207	0.0	562.4331283302552	350.3292802547498	0.0	573.2779340443657	397.267397773426	0.0	582.2484464619872	434.30812676717375	0.0	503.583284628709	347.48529937422893	0.0	477.47892317866194	385.8250346024323	0.0	477.9409448834691	417.97385062040377	0.0
177	2.95	530.9658713770323	423.02912447693245	0.0	544.6700337538364	427.84862775895147	0.0	537.0539025256776	492.4473302594324	0.0	522.387207245926	559.9316818813338	0.0	538.6149427401084	570.6252140846789	0.0	538.0509088075956	574.7399953127814	0.0	515.3934360595773	570.9770675275527	0.0	516.6725624289332	428.0283984746924	0.0	524.7602157191536	487.74666344535876	0.0	529.480536538607	553.5643963791285	0.0	545.3555767663161	562.4755111519258	0.0	541.1394187505838	561.9706915107997	0.0	535.568823896501	563.5230875523935	0.0	534.2274405005592	325.85602060063127	0.0	534.7475760404847	290.99174293238593	0.0	534.7365296182362	309.98505634101434	0.0	561.8222359855208	350.15062139668703	0.0	572.765136071524	397.37978122237837	0.0	582.2783221325651	434.6566313322453	0.0	502.8956453946324	347.07089024947703	0.0	476.7532105831714	385.651145059118	0.0	477.2097311683523	417.60935761587314	0.0
178	2.966666666666667	530.5072227972408	422.30036475686546	0.0	543.8889837731397	426.7489328234989	0.0	536.2436410878042	492.0827287068563	0.0	522.3701034771314	560.2420713321569	0.0	538.487771621522	571.1697854867223	0.0	537.8363084549666	574.8557645208086	0.0	515.6549309892275	571.1376431174378	0.0	515.7934089779574	426.66713519938276	0.0	523.4415163652028	487.17169818965203	0.0	524.9723096927704	554.0559242665908	0.0	542.0925658360065	564.0384918369415	0.0	538.3006847382235	562.8641479149205	0.0	529.238127011355	563.1747352209994	0.0	533.0466215179591	325.59375598101866	0.0	533.9318347331113	290.8198359565291	0.0	533.5270789906309	309.637998833778	0.0	561.0343524959642	349.9732999085055	0.0	572.0065987830485	397.29084666568684	0.0	582.3886167301193	434.9965344496468	0.0	502.0306063259354	346.8589891902031	0.0	475.8179736919965	385.54236022908253	0.0	476.3145358789668	417.436480320415	0.0
179	2.9833333333333334	529.4768016987042	422.3308086267968	0.0	543.2146365125253	426.85107339353715	0.0	535.5967005257629	491.9713382756452	0.0	522.3164651009677	560.9936955339753	0.0	538.7014636941988	571.5359249580824	0.0	537.8946384135438	574.9692924449722	0.0	516.440221810965	571.5422406526621	0.0	514.7104249738646	426.5667915276032	0.0	522.2609986170511	487.0152902578966	0.0	521.7688856226113	554.3546804292089	0.0	538.8135681918322	565.7402176948289	0.0	535.7610834664181	563.7266860954453	0.0	519.5980632162315	564.07186768798	0.0	532.7087218159844	325.55942247811447	0.0	533.272603797323	290.7654920945196	0.0	533.1813593498946	309.7652428020773	0.0	560.3814990795486	349.96285193286633	0.0	571.3985733051717	397.2172975029813	0.0	582.2704055005842	435.2949250570534	0.0	501.25569412881094	346.69060045352217	0.0	474.6388096530666	385.5790388735295	0.0	475.5399725805188	417.45178513538104	0.0
180	3.0	528.8763309899862	422.4470960322923	0.0	542.3092172712088	426.53710350997574	0.0	535.0627976215891	492.1313553677748	0.0	522.3184130325892	561.4815634239267	0.0	539.1631588104519	571.6604324628458	0.0	538.3439621532793	575.0901257696371	0.0	517.179454801282	571.9257470831285	0.0	514.1084742555332	426.49138665490864	0.0	520.8229744899149	486.7693228211245	0.0	517.5762724155435	554.2896321826954	0.0	529.1735098409238	563.8263231804506	0.0	519.3764933566728	561.4767190509651	0.0	513.8333892258975	564.2946851389434	0.0	531.8178044664902	325.4687340945761	0.0	532.740603218999	290.64809230166134	0.0	532.2908247972479	309.7202686415059	0.0	559.519133036692	350.01733236035943	0.0	570.9650061193995	397.4342434928564	0.0	581.6286335009413	435.6566311677319	0.0	499.89086120126103	346.76267440104687	0.0	473.538907490837	385.5690950989416	0.0	474.5675285660353	417.3608677158952	0.0
181	3.0166666666666666	527.5431698283691	422.9026574145141	0.0	541.3343371100154	427.2864444122936	0.0	534.1842716173593	492.39453423416114	0.0	522.3409350059441	561.8901823782567	0.0	539.6218333867982	571.7792699030722	0.0	538.6402912114048	575.2290988583868	0.0	517.3880115859997	572.1542908451909	0.0	513.1940312630512	427.1756254849683	0.0	519.4191842444735	487.0505450788851	0.0	515.5388507849575	554.5843056148866	0.0	525.0870645123289	564.138050004649	0.0	516.9536225609521	561.8262445803949	0.0	512.652732149358	565.2295057071838	0.0	530.8571531337775	325.61347819802296	0.0	531.8162987612452	290.80078138414206	0.0	531.3259684449879	309.8618329229051	0.0	558.521763240558	349.944892325658	0.0	570.0331854072881	397.4866259204232	0.0	581.0894122982183	435.6603906083644	0.0	499.32657798407257	346.70587533761284	0.0	472.639900089458	385.5976525450376	0.0	474.34393298197034	417.71400993191526	0.0
182	3.033333333333333	526.6984183769139	423.29828831882935	0.0	540.5094458281277	427.7879055237578	0.0	533.7511469367101	492.387023601082	0.0	522.3775297383046	562.1656554072207	0.0	539.7931071401654	571.7197083163496	0.0	538.5909988937638	575.3064649673803	0.0	517.4291506982811	572.1841074011389	0.0	512.3615668375091	427.44560442170405	0.0	518.5145657078356	486.9930499092901	0.0	513.3157911524588	555.4021601714729	0.0	521.3624162745228	565.3138434818931	0.0	514.2080152574008	563.1006569942476	0.0	510.83134967716126	565.6823485840046	0.0	530.036173558665	325.75230798698584	0.0	530.9609552937765	290.9418736195233	0.0	530.4673718844128	309.9662622799478	0.0	557.6422871645507	349.8497565552964	0.0	569.5123568501128	397.308410161171	0.0	580.6895454777182	435.3953636956641	0.0	498.5718675283777	346.8256139203433	0.0	471.8796293203135	385.5185554151932	0.0	472.863122820278	417.8293148124693	0.0
183	3.05	526.070384591314	423.2375731567204	0.0	539.8816577118483	427.1166029899386	0.0	533.0996851339685	491.9761833232362	0.0	522.3823564642321	562.191940335138	0.0	539.6978089196009	571.7038872269895	0.0	538.5728129225473	575.2415413285532	0.0	517.6476483895021	572.171625453878	0.0	511.33317585030625	426.7617972257109	0.0	517.0333881375395	486.43615351226924	0.0	511.24192186760536	554.8063947134397	0.0	517.4483286045103	567.6500201904543	0.0	510.7271985478759	563.8374699123045	0.0	507.49188785282814	565.1774650912427	0.0	529.3731948010728	325.6797699130717	0.0	529.9329240109863	290.88337582203275	0.0	529.4400637496221	309.8568524648493	0.0	556.6053443011117	349.8849754982234	0.0	568.0863499902338	397.09586523717326	0.0	580.2416673369011	435.12216095147267	0.0	497.91753772393207	346.8856810864965	0.0	471.22826567905383	385.5268734791007	0.0	472.11593301055086	417.6680008887863	0.0
184	3.0666666666666664	525.3986620996986	423.1589307225494	0.0	539.2141819847959	426.55272598798916	0.0	532.0960983561621	491.7976979660243	0.0	522.4405560083368	562.3489524930642	0.0	539.2638986279466	571.6005301186763	0.0	538.396404175095	575.1848033525466	0.0	517.9733355975584	572.3854861047311	0.0	510.58627454842986	426.4791613788064	0.0	515.8877177365488	485.63128619074683	0.0	508.6960249139579	552.7578365280174	0.0	514.3424173211858	568.9413567522595	0.0	506.72587976630285	565.6325284571417	0.0	505.32972840249874	563.4003228991188	0.0	528.337641517736	325.7731774512925	0.0	529.2158389473368	290.92074326893965	0.0	528.722922988589	309.72399853164137	0.0	555.9091659848998	349.9491741281873	0.0	566.9743428142467	397.0070421863659	0.0	579.4229600212778	434.95148813332014	0.0	496.8765829938442	346.7526872716279	0.0	470.17689132408896	385.5304250687211	0.0	471.02476885580154	416.80135655383714	0.0
185	3.0833333333333335	524.4013200172209	423.4836795244896	0.0	538.1920144644904	426.67867810651296	0.0	531.5486313091374	492.0518027240916	0.0	522.3865443846178	562.5148071692595	0.0	538.8101550406411	571.4053380426342	0.0	538.3692810622599	575.1697911899397	0.0	517.9715541005785	572.5151966329187	0.0	509.24205764844254	426.64539569224337	0.0	514.8649552781402	485.5184945043029	0.0	506.2529070078043	551.590661937458	0.0	510.9817853582953	570.3605004630499	0.0	502.87525388284075	567.2104030317926	0.0	502.9399787121964	562.033250426596	0.0	527.6924152686246	325.9708052807581	0.0	528.2085261149024	290.9429861230491	0.0	527.7139621264871	309.8720714906084	0.0	554.8535788725144	349.94989703025266	0.0	566.2326267811409	397.42998113709234	0.0	578.0897245614892	435.09071880560674	0.0	496.32191640874146	346.6807199705612	0.0	469.6702925357039	385.53374696790627	0.0	470.19717848358823	416.55669683813426	0.0
186	3.1	523.333844415886	423.9391398191286	0.0	537.1357251435917	427.7393407581318	0.0	531.3120892727934	492.51843801169366	0.0	522.3115273179944	562.7078571294566	0.0	538.6441317477328	571.4704310079862	0.0	538.4458522095041	575.1634184966283	0.0	517.63832880514	572.6497897150182	0.0	508.5373609653055	427.52156195149024	0.0	513.7552319870714	485.97371424325956	0.0	503.713756516217	550.339648780588	0.0	508.22316847140627	570.7476082125416	0.0	499.5527943578928	567.2201221310675	0.0	500.8332786924946	560.7953580539634	0.0	526.6316445688562	326.2137082519497	0.0	527.1464883645885	291.1697827776014	0.0	526.6557272984676	310.10920442856286	0.0	553.7725439442027	350.1673603877879	0.0	564.7902717029109	398.00212476748845	0.0	576.8394018260873	435.76674287338517	0.0	495.63784646944504	347.0267058921435	0.0	468.9626462992612	385.54125230242255	0.0	469.88146748597745	416.58435085976214	0.0
187	3.1166666666666667	522.7628375314596	424.33258121125505	0.0	536.5387538980177	427.96779691035283	0.0	530.889658775657	492.76356318789817	0.0	522.3007797833995	562.6446418318831	0.0	538.6771917847705	571.3996207167256	0.0	538.6347967735182	575.1257109874499	0.0	517.4072875053241	572.5607842485665	0.0	508.059392232792	427.78650682584265	0.0	512.8343316057393	485.88644761182354	0.0	501.8021968096075	547.8850911878203	0.0	504.0565455086959	571.4789454507584	0.0	494.03692207506947	567.5272006442858	0.0	498.95368850585606	558.3388788753384	0.0	525.6883010311985	326.2522478494709	0.0	526.5557147477684	291.27662630331577	0.0	526.067547707282	310.1318059778221	0.0	552.7401626384337	350.4662639646449	0.0	563.727961815079	398.3036391690781	0.0	575.2961046740196	436.32013479144075	0.0	494.7902786230999	347.33481595245337	0.0	468.1219966403356	385.5270563162728	0.0	469.4883311172159	416.5254115544731	0.0
188	3.1333333333333333	521.6865221343734	424.928412022412	0.0	535.4576496841768	428.73321740725214	0.0	530.6549838184621	493.19416722578313	0.0	522.2864869414846	562.5558806461893	0.0	538.9588943830937	571.3946415960032	0.0	538.8531442259427	575.1005314379693	0.0	516.9928224205826	572.6511158781668	0.0	507.3919536663535	428.7782005726315	0.0	512.0949271487189	486.34311184699055	0.0	499.6880836758211	545.7095253306967	0.0	501.3611332459569	571.9687409389657	0.0	491.26584243570915	568.0891852242613	0.0	496.9102419769055	556.1553219874048	0.0	524.9751898802032	326.60099909399025	0.0	525.4888360431875	291.388373264878	0.0	525.0473424877999	310.45053693427406	0.0	551.5822896018019	350.597736711503	0.0	562.9390691525788	398.5330151736166	0.0	574.006799958422	436.6164141199541	0.0	494.09225582638373	347.6803240755507	0.0	467.04075684523303	385.60995025095895	0.0	468.8976923600957	416.8096402249585	0.0
189	3.15	520.9959022764015	425.2838281312262	0.0	534.7770689943166	429.39058665187235	0.0	530.4599616499128	493.7254788718851	0.0	522.3391121534307	562.1191291262868	0.0	538.9636239528251	571.3755074665694	0.0	538.871377602079	574.9986667669447	0.0	516.8469803720516	572.5248642458944	0.0	506.69485699830926	429.283204224369	0.0	510.98872901945805	486.81610103947594	0.0	497.6489434581131	543.3831736102878	0.0	499.1940826328166	572.0863326527201	0.0	489.1822441926407	568.5446551957846	0.0	495.6467413301456	553.3639803157332	0.0	524.3185207538359	327.19132593487814	0.0	524.8335486036539	291.4446672583085	0.0	524.7845430428935	310.9910877316714	0.0	550.5368627871808	350.88554329229197	0.0	561.4669567248701	398.6969643333066	0.0	572.4566671659736	437.0323405654497	0.0	493.413003888124	347.8851751420391	0.0	466.34288838633705	385.6331236262025	0.0	468.5547121971003	416.9555567380357	0.0
190	3.1666666666666665	520.2024243529664	425.18487262511053	0.0	533.9798249572661	428.8767206330384	0.0	530.0917520664136	493.9239777300701	0.0	522.3293535423983	562.0055098118951	0.0	538.8140377192615	571.2727330918595	0.0	538.755873412594	574.9328243383949	0.0	516.8713366843429	572.493523588517	0.0	505.5076614194625	428.9385736956211	0.0	509.7558734105949	486.5089593994563	0.0	496.2978667749517	542.1903697436696	0.0	497.6784236214665	571.9445065607069	0.0	488.3143664163764	568.5339718937777	0.0	493.52453193828404	552.0318984214102	0.0	523.5270916020603	327.2371962098793	0.0	524.4355916756903	291.5272606764089	0.0	524.420005796618	311.04002852940266	0.0	550.0715119686486	351.2136127071982	0.0	560.1757128870935	398.47391915868303	0.0	570.677200216703	437.34883294329	0.0	492.62939168566095	347.9818655820589	0.0	465.91695509511874	385.6783668307513	0.0	467.88171091576777	416.7034042235628	0.0
191	3.183333333333333	519.3881539411759	425.3303453756127	0.0	533.1606357894457	428.694003801463	0.0	529.3990357308695	494.17359419608334	0.0	522.4301921770095	562.013488837421	0.0	538.7505792167228	571.3827034339445	0.0	538.6523351254176	575.0002982954082	0.0	516.8956514292461	572.5837906161953	0.0	504.69984137549625	428.70134949623804	0.0	508.8816917808334	486.43930831425394	0.0	494.6427570614662	540.3123720596408	0.0	496.6520887618831	571.6224773795138	0.0	488.03666765731754	568.4922150899409	0.0	492.1626410330955	549.8323262858464	0.0	522.7106673737811	327.49950175011173	0.0	523.6996363814809	291.78966668874386	0.0	523.6565519302237	311.1826604794403	0.0	548.8675925334176	351.3789871614716	0.0	559.2387792605218	398.40274101648663	0.0	568.8302812869276	437.4366180869988	0.0	491.83277031765067	348.0799014703823	0.0	464.77903564264807	385.9319232683941	0.0	467.48738846676326	416.5824020615325	0.0
192	3.2	518.6473126243005	425.1512161973224	0.0	532.473206189159	428.6571066176042	0.0	529.173738421716	494.05328781737535	0.0	522.633306204925	561.828755197969	0.0	538.5068334044041	571.4022759958347	0.0	538.4170109094182	575.0202170428862	0.0	516.8293964080606	572.4783268641011	0.0	504.3625431023426	428.25383842048916	0.0	507.74423028255904	486.6349682645845	0.0	493.7856365453958	538.0913372271159	0.0	496.66806691589454	571.1733402944215	0.0	488.5316551780689	568.4475845859947	0.0	490.4919530389352	547.5905827985114	0.0	521.9684343861951	327.46302741616427	0.0	523.3894953178647	291.78353049473674	0.0	522.9922859882287	310.94143178425446	0.0	548.1361938089053	351.4329184472002	0.0	557.7058985216195	398.2041879597351	0.0	566.7870405659481	437.5270468749633	0.0	491.0760966095231	348.1448274582981	0.0	463.98644197762735	386.3501098479772	0.0	466.9784744581023	416.41573598336447	0.0
193	3.216666666666667	517.320398195906	425.4481271322437	0.0	531.5967842131661	428.8079773256398	0.0	529.1142016324375	494.35546574174987	0.0	522.5651275252799	561.8974383495224	0.0	537.8859020189808	571.4806447492612	0.0	538.3965730555466	574.9898731794043	0.0	516.8250135750641	572.5665549589536	0.0	503.442306579271	428.58652236334893	0.0	506.7821420819076	487.1245537086229	0.0	492.3128099461228	536.9305897447438	0.0	496.54993451935775	570.5146204696264	0.0	488.72129889839266	568.327315748684	0.0	488.9761941832211	546.4084230264334	0.0	520.6479843973254	327.7343685892727	0.0	522.5204982748255	292.05519131675135	0.0	522.5083958168053	310.8957414592868	0.0	546.7949357380392	351.3811083812734	0.0	555.8529017583334	398.06236782790506	0.0	564.4708055975797	437.2927336490457	0.0	490.1388342485798	348.18392429818095	0.0	463.4206099106798	386.50562028405557	0.0	465.938347302192	416.5649579416327	0.0
194	3.2333333333333334	516.3901835790704	425.8534796449585	0.0	531.1188839482445	429.23327115508437	0.0	528.8037802026178	494.5432539017006	0.0	522.5672324207999	562.0902973806872	0.0	537.5733629064957	571.5587709784172	0.0	538.5000376880129	574.98775695517	0.0	516.8609728185486	572.6760278088968	0.0	502.1352400560863	429.1161622526103	0.0	505.87757869113557	487.87344853348526	0.0	490.55524762384215	536.9266200863256	0.0	496.82658494942746	570.3587947818446	0.0	488.7752274868992	568.4171827325133	0.0	487.1975295254167	545.9824340715136	0.0	519.7172793775336	327.8968398060647	0.0	521.6312901166162	292.3840550420455	0.0	522.0500711975267	311.00058448136315	0.0	545.4820994024786	351.6106342994687	0.0	554.0586721159627	398.3115736538649	0.0	562.5933081950174	437.0166507974275	0.0	489.25522536513836	348.61752832989947	0.0	462.554637017142	386.89035966990707	0.0	465.06053823330956	417.53434867909937	0.0
195	3.25	515.4260357158687	426.1475357227354	0.0	530.1768860511329	429.02874621395506	0.0	528.7062669211973	494.7840993473916	0.0	522.5677391381653	562.2165961754749	0.0	536.9828731843393	571.5316957408046	0.0	538.4411371307797	574.9241241252477	0.0	516.8704407588358	572.7774075384374	0.0	501.1587109384081	428.92469004279883	0.0	504.9109501531003	488.01902907003915	0.0	489.5782449926399	536.7099704417603	0.0	496.83948857775636	570.2218745004482	0.0	488.8296774043563	568.6543265369295	0.0	486.1273690518109	545.3219537058716	0.0	518.7524847608609	328.3018859951114	0.0	520.6395553100579	292.63325817345014	0.0	521.1044192518507	311.1006217292143	0.0	544.4971245719263	351.89835144141995	0.0	552.6022157184057	398.7922347223759	0.0	560.2636286826136	437.291693051424	0.0	488.67437515258666	348.92216607842806	0.0	461.9556124028893	387.3776933575217	0.0	464.815919154438	418.0856432415821	0.0
196	3.2666666666666666	514.3484471817311	426.48158579608014	0.0	528.7525122444717	428.75764300823926	0.0	528.2652446856034	495.17453247851836	0.0	522.571006266849	562.1590887992655	0.0	536.3795270083418	571.5526989975241	0.0	538.4873563907138	574.9313609886227	0.0	516.8630146285815	572.7420494931353	0.0	500.4304619203267	428.6389348891509	0.0	503.8253284958484	488.2683687086952	0.0	488.85607027267406	537.1290674495815	0.0	496.8517402298532	570.4154502544153	0.0	488.3227078451282	569.3172159973714	0.0	484.90615941151077	545.7488727672538	0.0	517.6911654682153	328.5545202431071	0.0	519.2110637361184	292.9292607612928	0.0	519.6883591240316	311.1284788491768	0.0	543.5020048258161	352.359421459151	0.0	551.1910252632211	399.1367019205088	0.0	558.4015383909237	438.4884840784689	0.0	487.5375748233853	349.1902485512755	0.0	460.7460929918815	388.1016211549506	0.0	464.27620854023314	417.72166191165616	0.0
197	3.283333333333333	513.2306557603201	426.7655459246448	0.0	527.5848565304532	428.36665627009825	0.0	528.006193995774	495.94210838854747	0.0	522.6734260337487	562.2762436446651	0.0	536.2248237353667	571.6012714825506	0.0	538.5126703587204	574.9765207092024	0.0	517.0131967041548	573.0138946629779	0.0	499.3866715376492	428.2699849311196	0.0	503.1384273304503	489.0181707847165	0.0	488.29555538075067	538.7386316117065	0.0	496.65035989070384	571.7222351862384	0.0	487.8549023269428	570.9579326471251	0.0	483.9365224287502	547.403554938217	0.0	516.6262516659899	329.13304390572955	0.0	518.4724525423068	293.40835632819477	0.0	518.9421011508891	311.33979126940125	0.0	541.917031094712	352.7649940797657	0.0	549.5108219981952	399.55222768154	0.0	556.6412107963794	439.53499935063127	0.0	486.56064862028256	349.55156636085616	0.0	460.120640324031	388.2765655775475	0.0	463.5571368256528	418.0259223675451	0.0
198	3.3	511.8076270466952	426.9697772492249	0.0	526.5317484047109	427.87251558821396	0.0	527.5108982070053	496.3411222939149	0.0	522.7094560713424	562.4621471528488	0.0	536.2023175256421	571.4636959078321	0.0	538.5340522218079	574.9599115325657	0.0	517.1960917842241	573.0029182266235	0.0	497.9492942425444	427.5092074621856	0.0	501.7278444789594	489.477285901359	0.0	487.67622114135514	540.5679024161553	0.0	496.1483708986668	573.190540369594	0.0	487.1645656602508	572.713558943655	0.0	483.28900447556396	550.0118535815556	0.0	515.9869609573193	329.5482288181757	0.0	517.493329540567	294.0894405198349	0.0	517.9650334720981	311.8374926211362	0.0	540.8170897539864	353.05636201931895	0.0	547.9608668561917	400.0485967703113	0.0	554.6891636076375	440.9229383123097	0.0	485.9759932124721	349.7787619877423	0.0	458.4399661469213	388.5956631780041	0.0	463.02405789062294	418.86969035230385	0.0
199	3.3166666666666664	510.7858216400336	427.3857762605759	0.0	525.1769341769617	428.5585663832196	0.0	526.9661559159645	496.5913170819905	0.0	522.7528222464161	562.8482966369105	0.0	536.305083670715	571.0076895761694	0.0	538.6258500797377	574.9425691148601	0.0	517.3205031618526	573.2564222486767	0.0	496.5282659781132	427.94263523396705	0.0	500.3418712947637	490.44046814373365	0.0	486.73011960123324	542.0257198279883	0.0	496.3037213701452	574.6291876292674	0.0	486.335624517195	573.8925660825942	0.0	482.5648790855928	551.9349482512389	0.0	514.6880569215739	329.92791102896166	0.0	516.5315116352534	294.48782085354173	0.0	517.0382053159138	312.7356041168797	0.0	539.410965909171	353.3907457267795	0.0	546.0937734059389	400.92244119443706	0.0	553.1471088437906	441.55434513030895	0.0	485.0839675761021	350.09442930140057	0.0	457.8562203823459	388.62695634849274	0.0	462.3629040878885	418.3316371288877	0.0
200	3.3333333333333335	509.22031012185187	427.73931351582826	0.0	524.3656068476158	430.01036895081154	0.0	525.8846953332118	496.92545482998014	0.0	522.8604596248924	563.2735096768866	0.0	536.170465306936	570.8712960620609	0.0	538.6151194947993	574.9239713047875	0.0	517.5033567051826	573.3233987548076	0.0	494.9658737508805	428.59192786908164	0.0	499.2165160095405	491.27476834190986	0.0	485.84636943989244	547.1378709865564	0.0	496.8931084763977	575.1388238943479	0.0	485.3779378959089	574.2366272953236	0.0	481.8365069526128	555.6827919521365	0.0	513.9007914027776	330.26596250535357	0.0	515.4059501525729	294.69594992146074	0.0	516.3152276980866	312.9433365723229	0.0	538.1555711788798	353.8412861327794	0.0	544.7610226131077	401.6046546910996	0.0	550.9795424643628	441.9900071785305	0.0	484.0061714039968	350.6003003063681	0.0	456.849778780569	388.78457824796317	0.0	462.55026025903067	418.1754397872424	0.0
201	3.35	507.92439588404125	428.21831085071994	0.0	523.1582015301249	431.1219932560918	0.0	525.0977320879007	497.15036327719497	0.0	523.0034442116156	563.369056725965	0.0	536.4887404868637	571.1033735918511	0.0	538.577314111152	574.9570813009458	0.0	517.5620332117875	573.1323782710322	0.0	493.6773391018537	429.95740780690153	0.0	498.34220889915264	491.9948319887852	0.0	485.60380795788967	549.9935419636662	0.0	497.0406207236077	575.2497291381685	0.0	484.6552673479561	574.2349987677535	0.0	481.94298722318416	558.9797459434648	0.0	512.7123396192367	330.6139855576551	0.0	514.618025933917	295.00340893006387	0.0	515.6017135156741	313.24812052891633	0.0	536.9587083984703	353.9682234840787	0.0	543.1539616645089	401.9976215642605	0.0	549.2985841626016	442.46948407763705	0.0	482.780318531024	351.01003329745333	0.0	455.51651172919856	389.15210593682957	0.0	462.29553630062236	418.50756616485916	0.0
202	3.3666666666666667	506.371312745504	428.5123810706513	0.0	521.5313881404852	433.4599379562504	0.0	524.3352400912459	497.0421948419636	0.0	523.2248563486537	563.1321292926476	0.0	536.950517197492	571.5883594395776	0.0	538.6580616840797	575.1183153095701	0.0	517.910631324475	573.0551510071476	0.0	492.579725675135	432.2293469860389	0.0	496.91572249787936	492.24636238975387	0.0	485.61861743942563	551.8065009370778	0.0	497.1222317803256	576.8748498328202	0.0	487.5450152043396	575.9114138966403	0.0	482.1022369889215	561.659002193413	0.0	511.5842351163941	330.7552486317404	0.0	513.8514242088736	295.3194129874243	0.0	515.2125236031651	313.71785272568434	0.0	535.6716914088211	353.97718767535343	0.0	541.7702086158762	402.09804491624413	0.0	547.4952136352761	442.4679794002504	0.0	482.1681054771287	351.0332747439935	0.0	454.29123119119186	389.32452770738087	0.0	462.3717801905334	418.1880118422807	0.0
203	3.3833333333333333	505.1734650403795	428.35666856673737	0.0	520.3080916860337	433.79427544810926	0.0	523.5968924796963	497.2981411900573	0.0	523.5286782756108	562.8764434870477	0.0	537.3513986300782	572.0928718639855	0.0	538.9822489284189	575.1976009940747	0.0	518.0393885192473	572.9837132140992	0.0	491.0603787389412	432.59336972691005	0.0	496.13243162212746	492.76763634695135	0.0	485.77415891021906	554.2098965779821	0.0	497.4926942367655	576.6643266258163	0.0	489.34841476118504	575.7010007216819	0.0	482.30211452262733	564.4995507059285	0.0	510.8122104704389	330.97354636305084	0.0	512.3437145768979	295.85336763472105	0.0	513.6786030273477	314.20673409444555	0.0	534.4956517461254	354.1495132529865	0.0	540.1698214514535	402.0098120470771	0.0	546.1996912712375	442.6539475537674	0.0	481.11380677153784	350.93245959716785	0.0	453.59436941786385	389.30262447197293	0.0	462.71213157132377	418.10267106012736	0.0
204	3.4	503.7719637844173	428.15239894440845	0.0	518.9024520483057	433.7033804641935	0.0	522.6561775305685	497.3847693985774	0.0	524.0418993831171	563.0371693579068	0.0	538.149183945156	571.9100544851935	0.0	539.455937031761	575.1179415808796	0.0	518.6652341271918	572.7969526467607	0.0	490.06975242580944	432.19306303538804	0.0	494.7980140370227	493.2922156273422	0.0	485.7324895919002	556.6307010066383	0.0	497.8941680296726	576.0550345239658	0.0	491.4255936268573	575.0802596371065	0.0	482.54362694827853	566.6522261349263	0.0	509.48236468710604	331.04841624270944	0.0	511.34491230559445	295.73841996192607	0.0	511.9122843061816	313.93688432446334	0.0	533.5340440532606	354.2628090799826	0.0	539.1386689516029	402.12172998294585	0.0	544.3994057361239	443.1353020372742	0.0	480.15773296232015	350.9705252144217	0.0	452.72276848686914	389.68852481470617	0.0	463.50311057547214	417.9354020262926	0.0
205	3.4166666666666665	502.1473796800065	428.1314585005208	0.0	517.2186578960217	434.3566821721679	0.0	521.4663279282481	498.1762639109627	0.0	524.9756651110954	562.8145056619019	0.0	538.5161298942443	571.9203295829747	0.0	539.8008608583614	574.9722295046238	0.0	519.0243205265102	572.4369951399983	0.0	488.8405674909011	432.7296624455755	0.0	493.61008357985133	494.2534612784308	0.0	485.5045277313279	557.7504139718857	0.0	498.1981594636942	575.7102192802923	0.0	492.0345730629472	574.7115370040787	0.0	482.62349304148233	568.4212960285267	0.0	508.2671520089875	330.6794524351716	0.0	510.11972760781725	295.6087697347135	0.0	511.00671987174024	314.2448607438502	0.0	532.3466783012932	354.1700552657476	0.0	537.4919955097158	402.3192599691064	0.0	543.0177542890309	443.3416855574725	0.0	478.9871212353813	350.82873168865194	0.0	452.0710645873737	389.9215028658256	0.0	464.16849989803643	417.8725518858105	0.0
206	3.433333333333333	501.21706270718704	427.84520408377364	0.0	515.8920628252339	433.89554745514863	0.0	520.6477125468645	497.9601712486503	0.0	525.7240027950374	562.5566523808868	0.0	539.4178783825415	571.3332188492249	0.0	540.4260034029236	574.3621740537113	0.0	519.6325122685298	571.9097257411557	0.0	487.14390826499465	431.8746277216367	0.0	492.7685430377532	494.35697646856715	0.0	485.2808420267891	559.16773759206	0.0	498.2711128377282	574.6619592618066	0.0	492.5148211543893	573.5955057757639	0.0	482.4430511436743	569.4963896877647	0.0	507.43892246138165	330.42635978214906	0.0	508.8918462330195	295.1492634825413	0.0	509.8180320810596	313.66970496537397	0.0	531.8801294059093	354.0035243752204	0.0	536.5919217499279	402.5812781997743	0.0	541.3681984251572	443.6198062891202	0.0	477.76777387884465	350.4236011159962	0.0	451.59358177078286	389.8687414791382	0.0	464.69840069773124	417.1767737201898	0.0
207	3.4499999999999997	499.54141855035544	427.8341174313743	0.0	514.2129985825134	434.5030061499041	0.0	519.9624881373859	497.5199455742694	0.0	526.4679663467542	562.025061134598	0.0	540.5042413542818	570.4995640827514	0.0	541.4793548041828	573.695566628927	0.0	520.6593552047077	571.3699086166122	0.0	485.7905974354638	432.1961445079842	0.0	491.9233789877333	494.4586491915231	0.0	485.2713002987499	560.1235159584759	0.0	498.0408609479051	573.6393111908242	0.0	492.3371216052504	572.5662359764121	0.0	482.4340720498531	570.5017111820453	0.0	506.63336100053857	330.10876225822966	0.0	508.0542287122311	294.93515246511924	0.0	509.0237894547336	313.5657753631336	0.0	530.4214852162544	353.7267128228089	0.0	535.0746406232182	402.72786654892366	0.0	540.1565030298596	443.45013675102297	0.0	477.26634266837556	350.1248794919062	0.0	450.77939044165527	389.7266302411918	0.0	465.312984713805	416.35673243212995	0.0
208	3.466666666666667	497.95803263822455	427.6479052966582	0.0	512.5911087140607	434.94374764717907	0.0	519.6814959888147	496.99891861521155	0.0	527.5381080853417	560.8550024093714	0.0	541.0134210751041	569.029869355269	0.0	542.3258651191526	572.3637627244661	0.0	521.4308890086106	570.5534624599869	0.0	484.2300065973444	432.5305706479049	0.0	490.8097904056099	494.3595522572743	0.0	485.0981752869277	560.537757999459	0.0	497.82218835198455	571.9381123538739	0.0	491.74110789046114	571.6611094758644	0.0	482.2986953089159	571.1384632154923	0.0	505.525191445484	329.88297980394367	0.0	506.9427894720552	294.5644940327899	0.0	508.3466464910332	313.86171330777773	0.0	530.025774688431	353.50464772982923	0.0	534.31634692818	402.60370841445126	0.0	538.9676659378888	442.8064726536568	0.0	476.19034041372424	349.9005147957446	0.0	450.22682692863896	390.1091792014693	0.0	466.95894171852365	415.50808913295947	0.0
209	3.4833333333333334	496.85434784590774	427.3969629983956	0.0	511.183016339147	434.66423866096653	0.0	519.3260263139504	496.776716231243	0.0	527.8239940444536	560.2700630031603	0.0	542.1263309009719	567.401229859138	0.0	543.466652146682	570.9649850815168	0.0	521.6373353243048	569.902955599658	0.0	483.0335240921582	432.3428265737546	0.0	489.73981394319003	494.38466738138084	0.0	484.89953229968376	561.0934673124376	0.0	498.0701859527452	571.2365268599881	0.0	491.8104531779326	571.0911894328742	0.0	482.19668588415084	571.7958725208537	0.0	504.5149223131735	329.6808659353779	0.0	505.9382815811441	294.3207764901251	0.0	507.7387969921379	313.7172486795692	0.0	528.8778776359082	353.33445693948187	0.0	533.5236563279076	402.7048532747728	0.0	537.8223883137853	442.2015187355442	0.0	475.0111605677097	349.6426480447855	0.0	450.11120915075725	390.38318160241795	0.0	469.3637578508308	414.5209974462516	0.0
210	3.5	495.5977293993968	427.0929477837472	0.0	509.95367869797997	433.94373246660166	0.0	519.0698327294716	496.17649628937056	0.0	527.6707547506652	559.6582697865717	0.0	543.644189469912	565.5577575032721	0.0	544.2564425598244	569.4953540751936	0.0	521.4746450772883	569.6715604704827	0.0	481.8016448371231	432.0196060816379	0.0	488.9659713139082	494.3722226681552	0.0	484.69905601048254	561.4690068289678	0.0	497.8856888963238	570.7967147932347	0.0	491.289174631903	570.8124780995796	0.0	482.2501417240484	572.0955361229035	0.0	503.3511804171319	329.2618216948036	0.0	504.73818316560363	293.6320962832862	0.0	506.28962568821004	313.4486136337036	0.0	528.086377295038	352.8539362852167	0.0	532.4097055004839	402.23391696317344	0.0	537.0212610460898	442.0760868461667	0.0	474.1760668492037	349.26407380879954	0.0	449.7862727873958	390.5222063589524	0.0	472.00518537307744	413.6617947066752	0.0
211	3.5166666666666666	494.15287318496127	426.4695242342772	0.0	508.884445922125	434.076459145281	0.0	518.9385671022859	495.89862835997855	0.0	527.577649132495	559.4178797038093	0.0	544.2045427104592	564.9195077611955	0.0	545.1055748281087	568.5379740315226	0.0	521.3761684975059	569.8158350763808	0.0	480.7490145140247	432.2052479226719	0.0	488.3429211937712	494.5241574873918	0.0	484.639894045552	561.6503215916545	0.0	497.58567259275935	570.8536857230565	0.0	490.48106599652203	570.8571209518057	0.0	482.1917187386173	572.3096833052805	0.0	502.71468399602895	328.5185757722364	0.0	503.6976096622068	293.000480030747	0.0	506.0548426524238	313.15209679337937	0.0	527.0983560332792	352.2933268472433	0.0	531.7979071970641	401.93388487600936	0.0	536.1157188768816	441.43275745857636	0.0	473.1409504567474	348.84500882345776	0.0	449.32594522015137	390.3639381759686	0.0	474.5606265518182	412.86627552694324	0.0
212	3.533333333333333	493.2914110619148	426.1065381084901	0.0	507.6640297489648	433.7601268608506	0.0	518.5707047345522	495.40429956268395	0.0	527.2619493964926	559.2971868815439	0.0	544.3609138134791	564.0847521297851	0.0	545.3103562742475	567.8678237313019	0.0	521.0761681205008	569.8116313445081	0.0	479.8575689866019	432.1900457795404	0.0	487.49509268595426	494.71283685879405	0.0	484.67629871640725	561.5005965257321	0.0	497.1176178757464	570.9210619444715	0.0	490.15708664901035	570.9143898359405	0.0	482.1431383831755	572.3694625137916	0.0	501.83721114712523	327.97722278153503	0.0	502.78734936180126	292.1535193014195	0.0	505.666264417975	312.4855154259836	0.0	526.2206522028051	351.46072783782216	0.0	530.9954303321837	401.65551656785533	0.0	535.6729912684184	440.776227035692	0.0	472.1597892115513	348.1390531320126	0.0	449.3055970697939	390.1392461323671	0.0	475.67629689197065	411.27793802248794	0.0
213	3.55	492.93519988450385	426.0474250801131	0.0	507.3113324063032	433.77306905264226	0.0	517.9627614895896	495.0482997672081	0.0	526.4795089613959	559.1309187978943	0.0	543.8623811090366	563.543711101012	0.0	544.822809518285	567.3783672999226	0.0	520.5678737939119	569.7810368804277	0.0	479.1225181763755	432.29510023494043	0.0	486.7771454727126	494.78469785606444	0.0	484.71740808365934	561.103542348415	0.0	497.0395465682724	571.1791805917707	0.0	490.2763792282235	571.0919629121248	0.0	481.9419685448902	572.1879661984215	0.0	500.6575436109938	327.40272952428467	0.0	501.6454217035512	291.45674510253457	0.0	505.1287436535991	311.7411321459092	0.0	525.1152785217627	350.505747877883	0.0	530.3078535261806	401.1080206349984	0.0	535.099856658912	439.7772063437064	0.0	470.5501092792985	347.5626085186249	0.0	449.39379168452496	389.85529537947554	0.0	476.7563982593564	409.39134710209595	0.0
214	3.5666666666666664	492.1304279184695	425.92508658302205	0.0	506.58290812302704	433.9321461874687	0.0	517.6140355060711	494.6241323947704	0.0	525.9944091976672	558.6553108126217	0.0	543.5786358585749	563.2960449048743	0.0	544.5315268728498	567.1963302366261	0.0	520.10388374024	569.9184561858872	0.0	478.6507778871271	432.47963271682454	0.0	486.3071384355866	494.47644878968924	0.0	484.49988507546504	560.9803666060586	0.0	496.8437078983392	571.3651157897909	0.0	489.8984739923043	571.1692181883088	0.0	481.79136635100843	572.1950738821242	0.0	499.435623035481	326.6408954466733	0.0	500.83534784925376	290.6847122242308	0.0	505.6773357509864	310.8886359206057	0.0	524.3244515446431	349.71529182329635	0.0	529.610678090393	400.3823752212874	0.0	534.8066815099943	438.7248876081084	0.0	469.5916435909063	346.8732678284343	0.0	449.326647918816	389.5340016201519	0.0	477.7101401596744	404.3313102706566	0.0
215	3.5833333333333335	491.1201381752075	425.3206558813643	0.0	506.0115546741663	433.2546939376508	0.0	517.111401969842	493.87243506825087	0.0	524.4440046074483	558.3428967701927	0.0	542.8154986451816	562.694341495335	0.0	543.4996149394818	566.9922710062411	0.0	519.1048783017004	569.4950029168701	0.0	477.59986584388946	431.9389801765309	0.0	485.33643042042496	493.97720216670564	0.0	484.38577448970426	560.9432650745764	0.0	497.05200579952924	571.3301601550736	0.0	489.80513108353216	571.0204120501887	0.0	481.919767259069	571.8732960681185	0.0	498.7608256485055	325.6668652291243	0.0	500.19969413224135	290.0745216070462	0.0	502.9439292130181	309.9551975453866	0.0	523.3715110009222	348.7907018735704	0.0	529.097712075089	399.60983433382467	0.0	534.4565626360159	437.6447388970838	0.0	468.4771576477929	346.01595978275554	0.0	448.660868231267	388.4045488021098	0.0	477.96717819521325	401.05709647557813	0.0
216	3.6	490.5817795297876	424.2642339788654	0.0	505.55853915257666	432.2742529142807	0.0	516.7154125787594	493.52895503669936	0.0	523.1923443816809	558.4134576275428	0.0	542.0566055076146	562.893630127747	0.0	542.823404771052	567.2455041315633	0.0	517.9496910976446	569.5605068824354	0.0	476.6896889887313	431.3534340554588	0.0	484.82564573267916	493.8525304046524	0.0	484.36360746244856	560.6931427411445	0.0	497.2616780707808	571.4289311681293	0.0	489.3663957735805	571.1198459929183	0.0	481.9472159321166	572.010914244859	0.0	497.81481490392576	324.6416403341757	0.0	499.29242237181785	289.45535721684433	0.0	502.80285469288657	309.27733903553815	0.0	522.8230206839162	347.7356296169783	0.0	528.7272763283066	399.06141646859334	0.0	534.4790437828752	437.1620933432805	0.0	467.50353210422514	345.1306498126441	0.0	447.69545813413913	387.36986024304673	0.0	477.0747081525182	399.03423624609536	0.0
217	3.6166666666666667	489.7317276946924	423.6672494859127	0.0	505.0999686819167	431.52324922507586	0.0	516.6933206939156	493.316471709159	0.0	521.7791877757484	558.1114131420794	0.0	540.2869826973562	563.4169587898008	0.0	541.0484767877585	567.7357629913304	0.0	516.5031499461975	569.593525070669	0.0	476.1398846549878	430.68757075000633	0.0	484.31725539556703	493.9084033644841	0.0	484.32239090325055	560.345480837766	0.0	497.2803063107948	571.4361838878494	0.0	488.95584864990855	571.2946229309011	0.0	481.92362774994575	572.091361579711	0.0	496.49035177841586	323.73074186995257	0.0	498.34028893008735	288.6615114071447	0.0	503.50596242303453	308.3403595997172	0.0	521.5836908840267	346.4646986784984	0.0	528.7475972809012	398.14948303839145	0.0	534.5361308848537	436.4501647482394	0.0	466.4830662299858	344.21729149849494	0.0	446.67122264670127	386.4244867537281	0.0	475.3649227316592	390.8257448968678	0.0
218	3.6333333333333333	489.4573122420654	422.8960101264048	0.0	504.4842566927389	430.4002952324503	0.0	516.578647443002	492.9519854818516	0.0	520.6172211683017	557.6777190400582	0.0	538.7286819543448	564.1754746943063	0.0	539.1964226501829	568.1810480155428	0.0	514.9039256302158	569.2391372783501	0.0	475.5210939624393	429.82776347473873	0.0	483.7121288484069	493.95345842609277	0.0	484.21623025452766	560.1288689123453	0.0	497.09062866194574	571.2604807933246	0.0	488.483139124163	571.335140004356	0.0	481.84731891462616	572.1170636085651	0.0	495.7895438483474	323.49435522996293	0.0	497.2674908330714	288.4568087856846	0.0	503.0338723204604	307.83015577252104	0.0	520.9192615824442	346.0370790095834	0.0	528.6333127677789	396.7162241510289	0.0	534.495285802635	435.31428305137945	0.0	465.36637945704643	343.42187355071377	0.0	445.9208145939862	384.7714367980068	0.0	473.98655070998603	383.700358679472	0.0
219	3.65	488.56084076289136	422.48347253314864	0.0	503.55536105846153	429.8383244374136	0.0	516.1953289366238	492.29620244594173	0.0	519.141025580722	557.737245801102	0.0	537.1351604457737	564.8698012136026	0.0	537.1431448274589	568.8136563949049	0.0	513.3586863473251	568.9451855443336	0.0	474.9858885871901	429.22318412546184	0.0	483.17272264249044	493.82092075314193	0.0	484.1281485708981	560.1527784145579	0.0	497.1418773469818	571.3321996683756	0.0	488.58684059212766	571.5541264738401	0.0	481.84480331404393	572.2862098525577	0.0	494.8443609247829	323.22996661927584	0.0	496.2893592222398	288.4457643581143	0.0	502.0824682949669	307.5221303775909	0.0	519.9809858053975	345.6951593537809	0.0	528.1930020037101	396.32061533473905	0.0	534.5061875290289	434.4442210526608	0.0	464.38633172701185	343.0541677664376	0.0	445.2531465906362	383.7924978421964	0.0	473.34254133257633	379.83834547332333	0.0
220	3.6666666666666665	487.8420405320163	422.38213502003305	0.0	502.8057304487444	429.78562315900695	0.0	516.2321507856329	492.2950941590411	0.0	516.9504456364944	557.6336298412699	0.0	535.2845536494397	565.6701076037309	0.0	534.8169908217006	569.5113428941938	0.0	511.16558093410924	568.4515538098512	0.0	474.27734802800273	429.2882744373627	0.0	482.5117580132172	493.83423881179885	0.0	483.94554693420093	560.1429300037773	0.0	497.0945230077845	571.4488682569547	0.0	488.6950704343951	571.7178596370807	0.0	481.9318951214715	572.3764756780733	0.0	494.02932422680254	322.89193260265426	0.0	495.46611419848097	288.34828187860944	0.0	500.83871503205427	307.4588430383983	0.0	519.1640613850918	345.65115431066795	0.0	527.8082783794993	396.1459066722587	0.0	534.6174204664626	433.33094493074486	0.0	463.6097607287499	342.7353264672354	0.0	444.4548418292804	381.8550595982932	0.0	470.52589619983735	373.9512990222215	0.0
221	3.683333333333333	487.5381922660711	422.54609402133735	0.0	502.4776402013097	429.9691384913482	0.0	515.9918992600342	492.05938291534585	0.0	515.1301189694276	556.9825522464117	0.0	533.0576078844142	566.9366509204926	0.0	532.5317863311614	570.4263422009616	0.0	509.3292675058594	567.9753097597586	0.0	473.59852856160074	429.51651105162347	0.0	482.1862096769306	493.9571664129661	0.0	483.830415194378	560.1432124759233	0.0	496.4882901816725	571.5371390016421	0.0	487.51236322816993	571.632842954822	0.0	481.8771068859926	572.696399187425	0.0	492.90731594806874	322.99173173058006	0.0	494.3482584679958	288.179567852581	0.0	499.5407285499787	306.98308792527314	0.0	518.376059121807	345.99546981165474	0.0	527.1401368094309	396.14911568244713	0.0	534.7356217507175	432.96103563540424	0.0	462.5369668970697	342.8616235391586	0.0	443.85401969695147	381.46951324168265	0.0	469.66148321018284	370.83283584937453	0.0
222	3.6999999999999997	486.9057370860477	422.6618102412141	0.0	501.84047836990646	429.94856962380044	0.0	515.4566589428183	491.8863495963002	0.0	512.648357602429	556.9184316952706	0.0	531.4091715324084	568.3517852701175	0.0	530.4785259124519	571.5101464546284	0.0	505.94012520033385	567.6385443675653	0.0	472.8984919890978	429.59248463038983	0.0	481.5373293805945	493.9662196104309	0.0	483.89540954555684	560.1377850076831	0.0	494.3955942543373	571.4968693762723	0.0	484.2286414701723	571.5002347405137	0.0	481.9589193492613	572.8583480079375	0.0	492.17132381549754	323.50361563011313	0.0	493.6549510666241	288.1925233166809	0.0	497.67866068396467	306.88360652728704	0.0	517.3966563493359	346.2661620279595	0.0	526.9778972725173	396.34828609098014	0.0	534.6918973537211	432.4681727318343	0.0	461.731511198858	342.7596817487209	0.0	443.5472604057368	380.35436153542327	0.0	468.19005531689487	366.71874578931113	0.0
223	3.716666666666667	486.2085952911392	422.64542260901123	0.0	500.7481766066055	429.875326502943	0.0	514.8165762160683	491.8644637171997	0.0	510.42740009016023	556.4123883847117	0.0	528.8510594268845	569.3854656507867	0.0	528.3199310441809	572.241506043534	0.0	503.20983935029614	567.0668526342721	0.0	472.1874326304685	429.708363155868	0.0	480.8538838519277	494.11297554666766	0.0	483.76144641145424	560.0428693981248	0.0	492.34541963395867	571.455706953227	0.0	481.2853106733123	571.317267419282	0.0	482.3754769775241	572.861928994477	0.0	491.0649660508681	323.58771648704794	0.0	492.95482197484415	288.3287631382243	0.0	497.2067598532404	306.72477031230227	0.0	517.0482249745249	346.2901396251103	0.0	526.7500209650515	396.6283170186248	0.0	534.5846886850884	432.26429144004345	0.0	460.61463824417126	342.85845825339254	0.0	442.89583379880105	379.1827347842351	0.0	466.1664280846538	362.80362483910204	0.0
224	3.7333333333333334	485.577122654295	422.6701976556579	0.0	500.0862999854058	429.8789729332981	0.0	514.5779643290242	491.9632049158381	0.0	507.4645878072902	555.6496328629684	0.0	526.3487940867017	570.2414118334486	0.0	525.838584405074	572.5228504237263	0.0	500.19579932724	566.2175693930599	0.0	471.549633637464	429.70184520799376	0.0	480.3344632917932	494.3782808913601	0.0	483.61543112337796	560.1002887025084	0.0	492.116576241114	571.5209277334166	0.0	481.8147163588538	571.3537625372446	0.0	482.3960879046412	572.9304112671177	0.0	490.3986603058642	323.61732253006556	0.0	492.31627679739603	288.36503613330086	0.0	496.1510067845997	306.8084991572086	0.0	516.0595444133023	346.33169083275436	0.0	526.2582108619131	397.09113253129595	0.0	534.82899956444	432.21130254425407	0.0	459.9797713800059	342.8916075077931	0.0	442.9363556792478	378.3008423992138	0.0	466.3766673076983	362.7064642037075	0.0
225	3.75	484.6081499245769	422.6830564661459	0.0	499.1128477983982	429.8550403270184	0.0	513.6915322508577	492.05486103660746	0.0	504.49664093254705	555.0382853796691	0.0	524.7233545828594	571.4615417244501	0.0	523.7836165826229	572.8465877140623	0.0	496.7833927085756	564.8529563506356	0.0	470.6263284195698	429.45766556646043	0.0	480.16997720029656	494.3733430167115	0.0	483.39758898280854	560.1870328467854	0.0	493.59522250560667	571.7064853946915	0.0	483.4003411163362	571.3270793984902	0.0	481.8357873558027	572.9571068023772	0.0	489.42320031494205	323.6570546290045	0.0	491.3021530662775	288.39100785392566	0.0	494.79649175355706	307.2145455545849	0.0	515.0520679661265	346.3650206792031	0.0	526.0508121926568	396.7915381510464	0.0	534.8000241849265	431.77383032057634	0.0	459.39872215248204	342.84750648527836	0.0	443.7595872886633	378.0381964683141	0.0	466.5643974701958	361.8941805872279	0.0
226	3.7666666666666666	483.6853400605776	422.67504736909655	0.0	498.1992552918209	429.7488596608578	0.0	512.8147615485912	492.0005130283328	0.0	501.62770344192285	553.7411796901496	0.0	521.9725605991613	571.8696676268013	0.0	520.9700921168783	572.8989315114143	0.0	493.87612662855963	563.4404819993478	0.0	470.0968122418304	429.20019212582264	0.0	479.7588803101572	494.5776003408196	0.0	483.5864241000336	560.1385235259216	0.0	501.8107117272416	571.9487728995349	0.0	494.2876721027226	571.1540125877912	0.0	481.06812096307124	572.9584911099605	0.0	488.5069693822307	323.65975366893514	0.0	490.0231397418179	288.38762795533614	0.0	494.22618423131667	307.54128413522574	0.0	514.1423789598069	346.366602888122	0.0	524.8912872226185	395.757035489913	0.0	534.5129557678948	431.0368901595651	0.0	458.50198756235386	342.57367882721564	0.0	443.61564881837467	374.654944798044	0.0	467.7829640809683	362.2669294545875	0.0
227	3.783333333333333	482.67013683193966	422.6379431884853	0.0	497.1665580005081	429.86067396700275	0.0	512.1849499772815	491.6462247813086	0.0	498.1742102555776	551.9896444048077	0.0	518.9686764731038	572.349003546377	0.0	517.0420363953718	572.5785857711203	0.0	489.9692923899189	561.6300903611428	0.0	469.18478798456397	429.1635012489013	0.0	479.2430997543095	494.50897219625153	0.0	483.608120439014	560.147375104083	0.0	504.4377203899014	572.8871347169493	0.0	499.6368050470589	571.4294003439732	0.0	480.802706491667	573.3602810962345	0.0	487.5288737806984	323.679536483086	0.0	489.36070420795204	288.4238633615229	0.0	493.2991596118314	307.5891308106048	0.0	513.088926434407	346.36309543586776	0.0	524.1875302650902	395.24183662600507	0.0	534.3536923313708	430.75697794515025	0.0	457.57816346622064	342.50805254018917	0.0	443.6140561453652	373.47027459647524	0.0	468.3120695775155	361.31554751714685	0.0
228	3.8	481.69041716646274	422.61980233712404	0.0	496.1938007537797	429.9223330141737	0.0	511.6664469674004	491.3298699133413	0.0	494.78548936215697	550.6259238413261	0.0	516.4890790849245	572.5851917631962	0.0	513.6399642253184	572.1478658929193	0.0	486.0880516281723	559.9237152431032	0.0	468.5958550483812	429.3941040647244	0.0	478.76141472045026	494.3274210280308	0.0	483.5844146285657	560.1488229570376	0.0	503.1094010748384	574.128218217962	0.0	498.1893034381941	572.5659516416691	0.0	480.6397717353277	574.0691026515995	0.0	486.95239270623625	323.68456974410344	0.0	488.4202161804036	288.4134719006564	0.0	492.8060051600348	307.2526636950625	0.0	512.1316255855038	346.3513659689513	0.0	523.3111144124629	394.65092027214655	0.0	534.312855964653	430.35645558557883	0.0	457.02122376386046	342.45863830722845	0.0	443.68817196760915	372.90176601831257	0.0	468.27512890389215	359.8098664065932	0.0
229	3.8166666666666664	480.85145415718563	422.535051273655	0.0	495.3331135183306	429.895680532757	0.0	510.8809947638031	490.9994775042192	0.0	491.9747572776824	549.2223817589057	0.0	513.2482471445456	572.342812279149	0.0	510.8180686285445	571.531267001072	0.0	482.79845536175463	558.5463988449419	0.0	467.78528614347624	429.5302601738152	0.0	478.40956380094707	494.0765196966231	0.0	483.49966524886787	560.1462052392044	0.0	502.85097810125023	574.2089111629439	0.0	497.7777671731825	572.8466638033753	0.0	480.24100848323496	575.2056766064394	0.0	486.109997422029	323.5995023149125	0.0	487.59409665316514	288.3231813873578	0.0	492.5723111308221	308.06568805656246	0.0	511.32496932284096	346.2559715655875	0.0	522.9073836315464	394.31478416883726	0.0	534.0806201688365	429.7506835136742	0.0	456.531421250348	342.2550610787231	0.0	444.1019858213955	370.97788781873834	0.0	468.59727583173077	354.19150692842004	0.0
230	3.8333333333333335	480.21342371590356	422.3765707045336	0.0	494.27770109052926	429.8690451994285	0.0	509.79401251073637	490.91239184526444	0.0	488.9621081034405	546.8567622592002	0.0	508.80543067126376	572.4493638496066	0.0	506.8848454479658	571.3214902805553	0.0	479.72517297612717	555.3684192385981	0.0	467.16344979594186	429.33413854032824	0.0	478.1824093573875	493.66068615486927	0.0	482.9503932841418	560.1840983169085	0.0	501.52796954844166	574.3259805827031	0.0	495.52501883710715	573.1380858823293	0.0	479.51853668449394	575.6505729171429	0.0	485.02701934203844	323.6570722315297	0.0	486.94708176853635	288.41223372469807	0.0	493.0468011703862	309.58794038522916	0.0	510.662711940934	346.1797209625804	0.0	522.2471550184142	394.2419651241189	0.0	533.8464958951154	429.0435443383881	0.0	455.57465621686276	341.95042793968724	0.0	444.4673124413991	369.58720975011386	0.0	468.1681745710614	342.87088618157355	0.0
231	3.85	479.40878245918793	422.44705519907427	0.0	493.40595707421915	429.8198477043348	0.0	508.4692311119335	491.1170736350293	0.0	486.1699224277171	546.0672749611513	0.0	504.9761747236459	572.5090915622561	0.0	503.9905310319259	570.8999480604003	0.0	475.5534373878741	553.1238427499732	0.0	466.4311399092537	428.9490849383198	0.0	477.6610637477151	492.785239178465	0.0	482.07139816869324	560.3046136701289	0.0	500.2810342263442	574.3626709534642	0.0	494.09943952192134	573.140715486599	0.0	478.4211252010639	575.4681189994408	0.0	483.8130839973635	323.90072978668775	0.0	486.15969101525786	288.682974973246	0.0	492.1249183525082	310.62171056233706	0.0	509.79095381784833	345.9244019433983	0.0	520.9896231836873	393.6873244214611	0.0	533.0988311454709	428.2085283287323	0.0	454.8974476107493	341.78882266001995	0.0	444.7496646214197	369.24902491503076	0.0	469.73155079693976	337.649073402544	0.0
232	3.8666666666666667	478.38349874246796	422.42372652556617	0.0	492.3542511247218	429.69151650410174	0.0	507.3251530234678	491.13260222349925	0.0	482.7083750271783	545.3551820475359	0.0	500.913640673199	572.3589523414955	0.0	499.98341866404286	570.3587129463747	0.0	470.69333204040225	551.7644838468606	0.0	465.8090452040217	429.03871052008395	0.0	477.77829123171534	492.1386124710107	0.0	481.89715336433994	560.1782812746615	0.0	500.29690932432993	574.1757292635295	0.0	494.38937692214006	573.1268163362968	0.0	477.931486841498	574.9445565821875	0.0	483.13397823865785	324.1614896575754	0.0	485.45653995595643	288.8873686079694	0.0	492.20725704861565	310.70600435646656	0.0	508.7304139170413	346.08483913855923	0.0	520.2747761507303	393.9102693619401	0.0	532.7756007049389	427.8591128295257	0.0	454.65935186029594	341.6709668060571	0.0	445.014825486801	368.36777860443544	0.0	469.173435931662	333.31662170328764	0.0
233	3.8833333333333333	477.5797889890466	422.29321521923646	0.0	491.47205327796564	429.8063898487592	0.0	506.0036367077156	491.2050931419588	0.0	479.4715733041229	544.4329370258314	0.0	495.7083918052449	572.1010973480142	0.0	494.80031799775975	570.1584801561613	0.0	467.39236235277264	551.069802458925	0.0	465.00810280430807	429.2157520911818	0.0	477.53191044401945	491.4211464996445	0.0	481.52860146068963	559.9174224109953	0.0	499.84285924886507	574.2371838017094	0.0	494.28593171866584	573.2944677868516	0.0	477.5462039588234	574.5216735985177	0.0	482.2823849004449	324.35430920825235	0.0	484.2538905630902	289.2243783028564	0.0	491.5594226516351	310.5696111341873	0.0	507.88174985495084	346.13148725009603	0.0	519.4587907107086	394.2299442928619	0.0	532.0389382224362	427.609359740528	0.0	453.96877092547425	341.46576564312187	0.0	444.9242712935534	367.8976264719501	0.0	467.99365046816166	333.3950384969006	0.0
234	3.9	477.19398682720026	422.2704470334164	0.0	490.2869714325472	429.8552322897717	0.0	504.35702286224875	491.64162349001447	0.0	476.75089537250847	543.5662442297194	0.0	490.18544494008967	572.142613864961	0.0	489.2783007905325	570.2361825893553	0.0	464.2455208930113	549.7875185163148	0.0	464.27168222538376	429.2655943643725	0.0	477.34127644706905	491.11149463844566	0.0	481.5035099512207	559.7760165416735	0.0	498.35876067102	574.197555394724	0.0	493.6151189853148	573.3445850966788	0.0	477.40706830879753	574.439029956774	0.0	481.1937749216944	324.8148832491196	0.0	483.46292611156576	289.80979272350714	0.0	491.29343765327405	310.5388587287192	0.0	507.1037477355847	346.22030771175463	0.0	518.6857429651478	394.43162203750546	0.0	531.3272152117831	427.031863160944	0.0	453.66379823559754	341.1762833826553	0.0	444.95860267538717	362.76716094886103	0.0	466.9584392759464	332.21848318089894	0.0
235	3.9166666666666665	476.02989084226135	422.32962049048194	0.0	489.02802652081726	429.86636067162374	0.0	503.001632544711	491.86114367313655	0.0	473.0973326332391	543.1020297242435	0.0	486.1935742778443	572.5206695517924	0.0	485.0383203072606	569.7002461358431	0.0	461.05971343344027	548.8450777631276	0.0	463.5105169072654	429.163978721077	0.0	477.3448330932049	490.9478587280654	0.0	481.6387918990413	559.6041566130609	0.0	497.5127595149527	574.3914693693947	0.0	493.4781804024484	573.3331265002594	0.0	477.4605296681001	573.1046548065208	0.0	480.7405845784391	325.445548178196	0.0	482.64580455735506	289.87245819281577	0.0	488.29228218415926	310.1348639341593	0.0	505.86590868249164	346.49833603911895	0.0	517.4749402409159	394.0869688626276	0.0	530.8891582385944	426.70731393246876	0.0	453.29046023301464	341.03439676686435	0.0	444.94260418204726	361.66077048211287	0.0	466.0831013606749	332.24527628725076	0.0
236	3.933333333333333	475.12531398694176	422.4628166625268	0.0	488.1519056977699	429.7518020030309	0.0	501.6552585836915	492.20952301657746	0.0	469.73254291369454	543.5853843194878	0.0	485.63169918741175	572.3667485183867	0.0	481.36387441112754	569.7140921234264	0.0	458.1711240777411	548.9325516397032	0.0	462.9073675905563	429.19562922919044	0.0	476.98459685721707	490.68742606123743	0.0	481.6420354678496	559.457615284224	0.0	497.7403529367925	574.7346868373577	0.0	493.4928514876511	573.4141849038863	0.0	477.4936743843237	570.8937259297559	0.0	479.92131706235875	325.83614168443734	0.0	481.8741043014527	289.80266386989024	0.0	487.81717803180936	310.00836940153124	0.0	504.9991905676722	346.64838239896295	0.0	517.0378677018687	394.080571982627	0.0	530.5622115116206	426.77037817194457	0.0	452.4922667340851	340.9540329465133	0.0	445.1189322031803	360.643823615888	0.0	465.49428264954656	331.60926091674855	0.0
237	3.9499999999999997	474.528428452858	422.55567540672706	0.0	487.594435835404	429.52465151993215	0.0	499.78244734219885	492.53364658186393	0.0	466.30265827739095	543.9149401300114	0.0	484.58806031846865	572.7146159566183	0.0	479.7831521571338	569.9562537359794	0.0	455.5977781022866	549.205099310723	0.0	461.59651209168305	429.1209664348932	0.0	476.5132814688681	490.742398812257	0.0	481.5021968355894	558.9272806076924	0.0	497.9115607163104	574.7423644024449	0.0	493.3811482502123	573.3393510103131	0.0	477.494821029949	570.3366381692617	0.0	479.3352651936008	325.81302815808607	0.0	481.6164096010221	289.6621442434962	0.0	488.24693252983496	309.6226708849988	0.0	504.069807668235	346.8445662534112	0.0	516.1824747297691	394.06920769244516	0.0	529.8019217924236	426.4949752582042	0.0	452.25949107692276	340.84342976797615	0.0	445.0628033050133	358.6301423727674	0.0	464.72157902024736	330.05846569348415	0.0
238	3.966666666666667	473.7110531727973	422.75583436270006	0.0	486.7477661859847	429.59191960051083	0.0	497.8928625089978	492.85988170346553	0.0	463.5287212988496	544.409883273945	0.0	482.7370827639866	572.6584061588743	0.0	477.9235987496651	570.266969805698	0.0	452.3777141335329	549.3283882566475	0.0	461.1803341793638	428.8731653173859	0.0	476.1600666445224	490.87751025976763	0.0	481.27189550004584	558.9255551817014	0.0	497.71081371333463	574.5570020909547	0.0	493.1756544468257	573.1004620260735	0.0	477.5271769113931	570.1234619000008	0.0	478.50905445802164	325.86758457816563	0.0	480.8069518590088	289.6180830708447	0.0	487.02789607574636	309.6634436744848	0.0	503.12099187077456	347.03771296626593	0.0	515.214279066707	394.3370117480797	0.0	529.2073205981611	426.6983641353852	0.0	451.86292486479863	340.86122264659434	0.0	444.9389688318766	357.3350960298253	0.0	462.3686521308097	327.3825353203107	0.0
239	3.9833333333333334	473.1131130739574	423.03151857948274	0.0	486.11816753677374	429.69092233862045	0.0	496.2769980845628	493.2922637638496	0.0	461.49602611038625	544.7767427395785	0.0	480.7911962548411	572.9550184935688	0.0	475.93801292055934	570.4546062785076	0.0	449.47409858514044	550.0236330195446	0.0	461.0737761819122	428.87047789451475	0.0	476.0442588697893	490.98286431897543	0.0	481.1221859099292	558.9096621496684	0.0	497.44916754275226	574.6101578731848	0.0	493.01036488205045	572.948216385157	0.0	477.0242366000522	570.1662257386351	0.0	477.87849919485535	325.96417968432644	0.0	480.1398116094527	289.52425547081873	0.0	487.5143969766722	310.1075207039929	0.0	502.0687376010778	347.33515632809446	0.0	514.0918719099222	394.6942565372416	0.0	528.1291261924472	426.8703985342624	0.0	451.1030839055398	340.93731612005337	0.0	444.8901816826273	357.47057458106997	0.0	461.60908046816286	326.5101840355145	0.0
240	4.0	472.1276178698994	423.47979107057546	0.0	485.05557141822226	429.75286222953804	0.0	494.23733771811567	493.6663028506819	0.0	458.47063746246556	545.725547759294	0.0	479.4364859320791	572.945438075107	0.0	473.99589128088496	570.6129044383914	0.0	446.39679354558467	551.1132541158896	0.0	460.57953751895803	428.97339548544886	0.0	475.90562350952433	491.317959912383	0.0	481.20245522796097	559.2921545904788	0.0	497.10087520987224	574.7621421974246	0.0	492.91239351999707	572.9512440861643	0.0	476.55548884201795	571.1899082874434	0.0	476.8633506798915	326.195250995961	0.0	479.3597359027634	289.49483846031666	0.0	487.53947936201286	310.5077599956217	0.0	501.39272874577193	347.45598354019785	0.0	513.0153415970303	394.7469574011162	0.0	527.4317387072475	426.9692138593262	0.0	450.85221583382145	341.14204037275414	0.0	444.917346746248	356.370459077276	0.0	460.8855452320464	325.84992519915176	0.0
241	4.016666666666667	471.97232306126045	423.78404451137703	0.0	484.139756128086	429.78154662106357	0.0	492.37574649529887	494.1209237479306	0.0	456.00570678595363	546.6380845317744	0.0	480.42140466944755	573.8125424145874	0.0	473.6706894761757	571.6818750381826	0.0	443.8923253500366	552.5011835929492	0.0	460.8008979947626	429.47561272611995	0.0	475.8552078903659	492.2294529297767	0.0	481.5773420637486	560.4555112971686	0.0	497.0109940131092	574.9211280285579	0.0	493.0219248784723	573.0561565739082	0.0	477.8990559488971	570.8322404486252	0.0	476.31138665182345	326.27889579830855	0.0	478.6121077899081	289.6587643833867	0.0	485.7062955357548	310.42933338178455	0.0	500.55538335835735	347.5855778754051	0.0	512.1698234379944	395.0170261837484	0.0	526.2624999642462	427.1916919434088	0.0	450.7399086397386	341.2280882075387	0.0	444.8183071246466	353.9115163156166	0.0	459.9978832849097	324.7049501417697	0.0
242	4.033333333333333	471.1933796273884	423.90122826010656	0.0	483.2550688555666	429.86063906706227	0.0	490.5171994639854	494.3310286631928	0.0	453.6261082824244	547.4484668373477	0.0	477.77909392155084	574.4986770851416	0.0	470.5505861698597	572.60666339039	0.0	441.5247315931024	553.6245140045158	0.0	460.1303439632321	429.6725535833305	0.0	475.5761090657428	493.15341394565667	0.0	481.71072220509797	561.4627334297783	0.0	497.1056816021347	574.9147738463066	0.0	493.4582103914456	573.2851503314944	0.0	478.5210279440645	571.6084259989489	0.0	475.5032692323566	326.3887851719476	0.0	478.4241805607275	289.7320623866866	0.0	485.116578318384	310.4723041783001	0.0	499.6939350340464	347.8567019449782	0.0	511.32576891137205	395.38494380577663	0.0	525.4172889333001	427.41805024174306	0.0	450.41180942359387	341.29028360706394	0.0	445.11490001247245	351.0097444981279	0.0	459.4700139045343	323.95922927828076	0.0
243	4.05	470.6214557845773	423.89958915254056	0.0	482.1931610595751	430.2636786552388	0.0	487.99574269873017	494.5483409998798	0.0	451.44040334472055	548.8149036447418	0.0	475.39920287803926	574.8211129078461	0.0	468.6352196014775	574.0418810463935	0.0	439.76267584582473	554.6687815819113	0.0	460.05369463554973	429.7097691529817	0.0	475.4678765216796	493.5760806964644	0.0	481.80512960157193	562.0391264291158	0.0	497.25596746295076	575.0395156997564	0.0	494.01230573348596	573.1013887779	0.0	479.04635000595	572.3239174536416	0.0	474.93107095506116	326.67642516455624	0.0	478.38852748088505	289.66806803072217	0.0	484.5074609816208	310.8454314780413	0.0	498.5111378876762	347.83630595575306	0.0	510.0616087792212	396.01639666996863	0.0	524.4548087707626	427.7494787811984	0.0	450.3976282332811	341.3465564257144	0.0	445.44412433371514	349.4195436340835	0.0	458.78059238239996	324.18987279450477	0.0
244	4.066666666666666	469.4364951587592	423.8530655944634	0.0	480.95366016346804	430.17532599656636	0.0	485.72129546910185	494.7054571156574	0.0	449.98771290480727	550.294525382848	0.0	474.0662778188253	575.3222717394442	0.0	467.30881236475693	574.9856004029573	0.0	437.4720447916845	556.7410914538088	0.0	459.3437707477283	429.45936628687866	0.0	475.25539867229355	494.06496992522796	0.0	481.9750262512762	562.3603594695849	0.0	497.51515622703295	575.0545137469036	0.0	494.78171922616	573.1165909502173	0.0	479.24819120844165	572.6170007325096	0.0	474.23214700052074	326.90650974566677	0.0	478.0595251687321	289.8356606544238	0.0	485.3831608215635	311.3888955322325	0.0	497.31535607487365	347.85771370060303	0.0	508.9256617676698	396.43728952471156	0.0	523.3678128589925	428.0146227613728	0.0	449.7003750897346	341.578065104854	0.0	446.4732396890897	348.4659690971123	0.0	458.6432464680716	321.0944491499974	0.0
245	4.083333333333333	468.67653955231333	423.8152329738135	0.0	479.8378277621495	429.99045388653605	0.0	482.73707192531276	494.93241526725217	0.0	448.2578221632032	552.0317206372899	0.0	472.9505876088675	575.3753908282857	0.0	466.2429853763057	575.5330159232251	0.0	436.1225512048742	558.6703813484427	0.0	458.96714957256563	429.0429506133296	0.0	475.3731017393422	494.4276319710991	0.0	482.1170852748036	562.3293700453742	0.0	497.6407339764332	575.204017594447	0.0	495.0355905799889	573.2242799786131	0.0	479.2260216633921	572.8406587089349	0.0	473.9782586656154	326.7944053037375	0.0	477.9356408437609	289.9000651298664	0.0	484.7029405509288	311.355882702009	0.0	496.23557339665626	347.9676531607787	0.0	508.2916947359071	396.99469360627165	0.0	522.3857355336089	428.2497871227137	0.0	449.32621298184426	341.66688456973935	0.0	446.97615099101245	347.09703305981986	0.0	457.95277962381647	321.57032666206015	0.0
246	4.1	468.00751933267543	423.7395638382591	0.0	479.155263554827	429.58862946913075	0.0	480.57211798049224	494.94703993359224	0.0	447.0005415675163	553.7226825236597	0.0	472.31361263985804	575.4838428377584	0.0	465.9921575392564	576.2579213614662	0.0	435.21507659295526	560.460037011871	0.0	458.29927805209445	428.16661073374	0.0	475.2829868933733	494.4974225835527	0.0	482.3037452076543	562.4138829018134	0.0	497.7916798105427	575.0555549596756	0.0	495.51613949374985	573.1417593590363	0.0	479.13522444838435	572.9995294337066	0.0	473.7827807565153	326.8419165673755	0.0	478.01838485147823	290.00031031307856	0.0	484.45981014799474	311.6180777315238	0.0	495.1295662755812	348.1143137084723	0.0	506.86429601563606	396.82224237336885	0.0	520.9444913935636	428.49645964546835	0.0	449.0433765554919	341.7573663748028	0.0	447.4265969976873	346.95697756374875	0.0	457.2482333017934	319.17126594134146	0.0
247	4.116666666666666	467.2405951137578	423.6481552275457	0.0	478.32078917792626	428.0576053074884	0.0	477.8881350999353	494.81556177880316	0.0	445.37150629254205	555.5627520997125	0.0	471.83409444870114	575.588137273279	0.0	465.5497011357276	577.0003213341672	0.0	433.66043822456163	563.4439792279106	0.0	457.2196193411841	425.7186035109247	0.0	475.0955491258793	494.45802350293724	0.0	482.28267573202993	562.5638664342825	0.0	497.9519222833191	574.859397807464	0.0	495.7723714588004	572.984444084228	0.0	479.03470207574526	573.0869618447127	0.0	473.415341782175	326.896527928864	0.0	477.76278440152646	290.189029706852	0.0	484.1108691922311	311.50620983168074	0.0	493.7830797419884	348.2202953288655	0.0	505.8748556097707	397.0275257845992	0.0	519.9029792795436	429.12540545744946	0.0	448.45311450140855	341.79840739287414	0.0	447.41268035591565	345.60317601130953	0.0	456.49089043047184	318.2885127719315	0.0
248	4.133333333333333	466.4346388837533	423.611714513719	0.0	477.10460286737236	426.327073869576	0.0	476.0425162016083	494.37676624404696	0.0	444.0807605978761	557.5748004676146	0.0	470.6505692969676	575.5851033392702	0.0	464.3878434787035	577.4311141278092	0.0	432.71998956146086	565.5524777192944	0.0	456.81466342990234	424.19423263166954	0.0	475.3900749496105	494.26989435161573	0.0	482.33838242602303	562.6786347549785	0.0	498.0782425735197	574.7758417477178	0.0	496.1155479503136	572.8618597235048	0.0	479.07376832815174	573.0035966893124	0.0	472.6658151772109	326.88924587328177	0.0	477.40363250576706	290.4454193098151	0.0	483.68053501854274	311.3814357168785	0.0	492.4064280296463	348.43550835464634	0.0	504.5361175561622	397.4498015839795	0.0	518.5213525482983	430.1188605850888	0.0	448.10926593839935	341.8019465556405	0.0	447.3752147744407	343.5280132091271	0.0	454.45349450663673	318.0654324870938	0.0
249	4.15	465.3236436891898	423.61400120368353	0.0	476.2473513002696	424.79451935583097	0.0	473.81121205292624	494.0328528801365	0.0	442.5396202454479	558.7258276301416	0.0	469.8320551409995	575.3876781756046	0.0	463.6078402959474	577.4450326605732	0.0	432.52990727884094	567.2747553764616	0.0	456.08733193964395	422.1975545163764	0.0	474.9439113070065	493.914341786031	0.0	482.42193564192706	562.9381246176774	0.0	498.08330158135044	574.6776309621305	0.0	495.93429374060855	572.6215368319434	0.0	479.18330609906445	573.0146897508029	0.0	471.88838611446016	327.12783696788074	0.0	476.7833865973982	290.45543005201534	0.0	482.83987018382675	311.223969637022	0.0	490.74683024762845	348.75639458681354	0.0	503.202361706695	397.7283153010393	0.0	517.1415587629647	431.253421871239	0.0	447.49524960674506	341.8276739770878	0.0	447.9693968268017	346.05748410291676	0.0	453.939162363746	317.391752681057	0.0
250	4.166666666666667	464.6516208280566	423.4937647404347	0.0	474.6468971484122	422.3983893206607	0.0	470.86550942807605	493.95598091096906	0.0	441.57673408330766	558.9934590450819	0.0	467.6428807685957	574.9344283870437	0.0	461.5442128987847	577.5070092210506	0.0	432.3328358470483	568.2190336623362	0.0	454.63213552603105	419.3944451237926	0.0	474.26023860671654	493.3731321364486	0.0	482.3594226060964	563.2049869374564	0.0	497.5250875650151	574.5763007008679	0.0	495.57371219075156	571.80501034137	0.0	479.31726333586346	572.9808879904684	0.0	471.01431097414917	327.97575134051317	0.0	476.23848702606745	290.62049943817806	0.0	478.3097732999087	311.3375610273994	0.0	489.84382130018355	349.70189477820065	0.0	501.67805504823804	398.7347557578437	0.0	515.5300878808115	431.7030767058653	0.0	446.8712406908453	341.95447791050896	0.0	448.302117027196	342.33170296040873	0.0	453.4243826341088	319.13591130065106	0.0
251	4.183333333333334	463.97996019025396	423.86010844418655	0.0	472.26329428313306	422.70236617813106	0.0	468.78534373258265	493.92530595440536	0.0	441.26550055257314	557.871236657028	0.0	466.93176504101507	574.4930184952962	0.0	461.1579312083687	577.8029728254817	0.0	432.0506257166513	569.3986800219843	0.0	453.4785642373831	419.42218540087606	0.0	472.83018844450976	492.21817122963967	0.0	482.14100135964384	560.7557309485102	0.0	496.3920964318198	574.7120042921375	0.0	495.57608189936917	571.2915547542832	0.0	479.23494211239915	573.0307427015518	0.0	470.97256716368463	328.9635116170725	0.0	476.04603520190966	290.44501759661586	0.0	475.79755047337505	311.2858815882845	0.0	491.0441210160365	350.7110380283379	0.0	500.9320999456224	399.2417048744439	0.0	513.5390221847664	431.5837175300903	0.0	446.2336285668872	342.2632869012533	0.0	450.12660364790577	347.00301162074794	0.0	453.7847746751755	322.18197599007044	0.0
252	4.2	462.86600074632105	424.2937174040286	0.0	471.0582333184849	423.455665481472	0.0	467.1188435245756	493.8606163033795	0.0	440.59834779293163	558.6389054514291	0.0	466.64923696012823	574.2772341342031	0.0	461.8038069989634	577.867744774425	0.0	431.6557972787754	570.8509676716598	0.0	452.3400402694367	420.5559802561064	0.0	471.6331701352444	492.016437770733	0.0	481.8526867273115	560.1845111619085	0.0	495.7974558031224	574.6185629044439	0.0	495.27401204029286	570.8140494307805	0.0	479.20349066021026	573.0601636366972	0.0	470.05753065363035	329.23499742920654	0.0	475.9328732520794	290.22470152231995	0.0	475.396773253498	311.0452915796155	0.0	489.30685452423205	350.77784175464967	0.0	499.4334094541926	399.75103246177724	0.0	512.3316347507092	431.47135733724804	0.0	445.5520746760979	342.6887489556607	0.0	450.97960576658016	347.4002630168094	0.0	453.6061568095644	320.88716672113134	0.0
253	4.216666666666667	461.785264740524	424.36451622713616	0.0	470.33067982659736	423.4769496864199	0.0	465.4688338009803	493.4362051454858	0.0	440.1327416336554	558.9720632696016	0.0	466.37351886066955	573.8667843260283	0.0	461.77852252191553	577.929294109332	0.0	431.63964945750183	572.2937361085184	0.0	451.61399031920337	420.5997008068767	0.0	470.85126653080704	491.1465716105116	0.0	481.59413518852773	559.6240505877583	0.0	495.40171930619596	574.3287089950616	0.0	495.13433906452883	570.7460002781676	0.0	479.19957027124383	573.1272425889165	0.0	469.5637564220671	329.19892456768565	0.0	476.30754203864745	290.24599224586836	0.0	475.3459109596887	310.72295287530187	0.0	487.7932268425702	350.92686280714815	0.0	498.2107820509255	400.1043582236806	0.0	510.33324079785683	431.9218716762118	0.0	445.0191435281394	342.9212444716004	0.0	450.0925016383309	344.9475234426066	0.0	453.237669644961	318.86098730748716	0.0
254	4.233333333333333	461.2310692454235	424.4228260827505	0.0	469.37446378227236	423.8109934208841	0.0	463.6557901733316	492.88247242744535	0.0	440.0969705305688	558.510692724556	0.0	467.4364368692931	573.349035689512	0.0	462.2053755905654	577.8492929606873	0.0	431.72072188987397	572.9042895359116	0.0	450.7968260544149	421.08280671561624	0.0	469.9375525469975	489.90180250644255	0.0	481.42665496013825	558.6660639222387	0.0	494.60969835796436	573.4934903619536	0.0	494.31259014299076	570.3323328483068	0.0	479.23412027072237	573.1272346990892	0.0	469.7092618444954	329.2104403694808	0.0	477.8014961627507	290.34486751809845	0.0	476.4507773606481	310.28191890884244	0.0	487.5229700243008	351.16636712537047	0.0	496.2418494963772	400.73957840636984	0.0	509.0888955120694	434.46820728554934	0.0	445.0042531697809	342.90979615750797	0.0	450.53919889351965	346.394277161472	0.0	453.4375712888264	320.2746455486117	0.0
255	4.25	460.24354279486784	424.3871581707257	0.0	468.3024081257556	423.4805878234375	0.0	462.58488108651363	492.32888931875675	0.0	439.785005473826	558.5945578948783	0.0	468.8422097831082	572.9536674484929	0.0	462.5895183722279	577.6022588810583	0.0	431.76191875423524	573.5653148737749	0.0	450.17425700426617	420.93711802101507	0.0	469.27267917418953	489.42767764153575	0.0	481.26321999233085	558.602148897337	0.0	494.2584185974973	572.5158936041835	0.0	493.46730951342334	569.517445415996	0.0	478.99354175390164	573.0341736572453	0.0	469.27522055797857	329.27735531913083	0.0	478.3681435416128	290.62372023486085	0.0	476.61759437890936	310.1288990591311	0.0	486.89783246601354	351.47689395457934	0.0	495.02310787645206	401.2422042571453	0.0	507.94419732756324	435.3757788702519	0.0	444.8246545268448	342.8294801859139	0.0	449.88208607654803	345.01476940697006	0.0	452.99151171555894	320.06246897939354	0.0
256	4.266666666666667	459.4506135602592	424.33360986486355	0.0	467.1614714305156	423.11036452189967	0.0	461.8113711291204	491.9125335094517	0.0	439.83476882554544	558.6949598655353	0.0	469.67372936982065	572.6004381007834	0.0	462.6739485298859	577.303880109117	0.0	431.89989202758846	574.0412186256077	0.0	449.40281642220265	420.29508816054096	0.0	468.49954718500726	488.97711461044616	0.0	481.0363438099095	558.5944387303513	0.0	494.3227707498075	570.4709520033872	0.0	492.13648272975945	567.5902764945532	0.0	479.04839533530725	573.0828680791863	0.0	468.97598213268515	329.4622970108508	0.0	479.12255504911536	290.7780510491964	0.0	477.87796466309413	310.55355214622443	0.0	485.77045083129246	351.7300767493406	0.0	492.9880574605354	400.65939982158375	0.0	506.3257399530912	435.5671099206123	0.0	444.20919344790696	342.5855039055021	0.0	449.3745117287183	345.1475692232863	0.0	452.3445983096622	321.51777630909686	0.0
257	4.283333333333333	458.17706648818904	424.2621660888917	0.0	466.24838396078235	422.84849937016634	0.0	460.56811733164113	491.57818731155464	0.0	439.66840321849446	558.66493471175	0.0	470.62319139598577	572.2786960801737	0.0	462.34198264639986	576.9870853730342	0.0	432.00866962416035	574.1557969403182	0.0	448.13841688683493	419.97071326024286	0.0	467.2815367589665	488.58747151135606	0.0	480.6562331347831	558.2955812385159	0.0	494.1718113132884	569.1516235355075	0.0	491.3665188478148	566.7770600459563	0.0	479.13933476744467	573.2546662810493	0.0	468.538607503834	329.59011900350373	0.0	479.9373507168767	291.2429219928281	0.0	477.85971210551475	311.1474719904716	0.0	484.43799747692873	351.5169922341787	0.0	491.1345475895421	400.26861106373764	0.0	504.0651097730365	435.7538917238744	0.0	443.65024141893963	342.50475571567546	0.0	447.62029125597553	344.1420675663546	0.0	451.6148092060493	322.25377924451374	0.0
258	4.3	457.0905439990471	424.0758439452991	0.0	465.1889202235682	423.1827572165243	0.0	459.89806092537157	491.6613271726145	0.0	439.7564487314161	558.6280109167568	0.0	471.564231043498	571.6054370339479	0.0	462.323768171006	576.3921537937456	0.0	432.1203801229874	574.4174578543284	0.0	447.05078099874913	420.34347127147237	0.0	466.5316846079461	488.449941459057	0.0	480.1583498825645	558.2597361596593	0.0	494.6052297317686	567.2981009407533	0.0	490.7806163340148	565.819524936149	0.0	479.33377965931254	573.1227489539103	0.0	467.98074143609205	329.6574804287592	0.0	480.79090114831945	291.6485533260491	0.0	478.48431755009807	312.26985041848087	0.0	483.28722392227223	351.22208139476356	0.0	489.5239335662975	399.99035844126666	0.0	502.4296568175721	436.14129836909603	0.0	442.64876454919295	342.335293525698	0.0	445.4319228861183	345.2682193191338	0.0	451.38512124707376	323.1793735704409	0.0
259	4.316666666666666	456.133946608715	423.9062943068185	0.0	464.17222565822493	423.15782202707726	0.0	458.92824421772	491.9978514216643	0.0	439.4730136747812	559.5878492521022	0.0	471.48371193080925	571.1236026930999	0.0	462.36054562970577	576.1169880948769	0.0	431.84934702495	574.7022934581686	0.0	446.1108554840946	420.3456035108933	0.0	465.541259304509	489.1342950366862	0.0	479.8870081816061	558.0505093117952	0.0	494.5923719761167	564.886505258743	0.0	489.89332362079847	563.9648414069467	0.0	479.43087112486666	572.7259377247765	0.0	467.5523772115606	329.5175383052024	0.0	481.3097902105698	292.6199439484583	0.0	479.01795406440453	313.1933251824125	0.0	481.7663044974378	350.83501665359046	0.0	487.5095145773481	399.8134103970877	0.0	500.35123100423215	436.74663546281715	0.0	441.8957504795569	342.0427543967861	0.0	444.2406774251399	344.69769510495223	0.0	451.022389270222	324.4723820781831	0.0
260	4.333333333333333	455.408564352058	423.87018890855325	0.0	463.1134344953151	423.4616486756213	0.0	457.91535671775824	492.35019295405436	0.0	439.36505196522927	560.5320336923835	0.0	470.0599943409766	570.7565470989782	0.0	462.48337643387396	575.9360765183258	0.0	431.7099374258321	574.716062701866	0.0	445.3383123307717	420.9713595384393	0.0	464.6534601235451	489.76433006745015	0.0	479.4531224870483	557.7293041731999	0.0	494.3403513194215	562.0120076517994	0.0	489.03745475106194	561.2592993787124	0.0	479.64025987756855	571.7549373680728	0.0	466.74917629293293	329.5756985143628	0.0	481.8143513958603	293.5058357869468	0.0	480.54161304029503	315.3947032034481	0.0	480.26685314103855	350.48893439624896	0.0	485.52948141289676	399.70473452904224	0.0	497.9152175360847	436.96187690644956	0.0	441.0876579743916	341.787220819862	0.0	443.6588709168234	344.3044218027459	0.0	451.24695505055206	324.5922504705569	0.0
261	4.35	454.08730165815206	423.6954569706524	0.0	462.08840017526745	423.59641949822117	0.0	457.23047240016797	492.5293132845616	0.0	439.30901521215196	560.9339505112162	0.0	469.65500414550877	570.4790128578762	0.0	462.1152373920552	575.7013890795586	0.0	431.58814897098705	574.6332522684564	0.0	443.9718625815847	421.1870035588868	0.0	464.4198181885099	489.7394462894488	0.0	479.2467710674193	557.4342588959876	0.0	494.7867392054234	560.6985897457641	0.0	488.9433863745106	559.9820791671701	0.0	479.63665068295785	570.5313466249969	0.0	466.5799794048496	329.2508566261781	0.0	482.7023271889887	293.8613641372714	0.0	483.3014271141595	317.4192757081903	0.0	479.1350305099791	350.2389524987137	0.0	483.93395823991017	399.4333812285195	0.0	495.8148153810753	437.1574051386891	0.0	440.6162048904972	341.3317800142382	0.0	444.0042591593823	347.202347346711	0.0	451.35735680607877	326.09715209293705	0.0
262	4.366666666666666	453.61736637793325	423.6490087484468	0.0	461.332329015171	424.2380706003553	0.0	456.0017449156496	492.9393622997537	0.0	439.31160256637503	561.2215072486595	0.0	469.14868151085454	570.3528759381884	0.0	461.96019194700057	575.464891373354	0.0	431.4397612209116	574.5969707299901	0.0	443.22641874004097	421.97921997617823	0.0	464.127390724831	490.0844446136847	0.0	479.04228049462785	556.9243119347811	0.0	495.25376898024814	559.9356751940018	0.0	489.7898810690102	559.386341199299	0.0	479.3863162874307	569.6259494550973	0.0	466.65512294906506	328.8923102876017	0.0	483.93305552200513	295.0413626347413	0.0	485.6039975936319	319.39015638864095	0.0	477.93847470005664	350.01804717329827	0.0	482.16759377558265	399.2939712604425	0.0	493.2112539821618	437.1095477680433	0.0	440.13863825929934	340.8670815588762	0.0	444.1510916568909	373.80277375547035	0.0	453.0005558015545	328.5009433789019	0.0
263	4.383333333333333	452.8275851397658	423.69724365584176	0.0	460.84801542211517	425.1655567963292	0.0	454.7788377280368	493.63849967198814	0.0	439.10193464545273	561.8035310124558	0.0	468.1088001174772	570.7014486895692	0.0	461.36011930189954	575.4477465534706	0.0	431.45811145732296	574.5074077735795	0.0	442.8812703845608	423.28199278436523	0.0	463.83890742317874	490.57593270956886	0.0	479.07908278184783	556.9337523595774	0.0	495.9128889758224	559.3327346707879	0.0	490.4549621788163	558.799063123635	0.0	479.2842468516571	569.1761225094176	0.0	466.735534647843	328.56355666395257	0.0	484.035990748568	295.65612703602744	0.0	486.6075062659178	320.73043688389157	0.0	477.11804961827784	349.85846780972713	0.0	480.03347010262684	399.03283783810286	0.0	491.3865282833746	437.40865500552263	0.0	440.3495293374418	340.43286805123915	0.0	443.2536579169821	379.1366307153213	0.0	454.2753560273236	329.30611550265183	0.0
264	4.4	451.7385625923627	424.0050251502434	0.0	459.3532577898076	426.8040874694139	0.0	453.6637291498993	493.96595902021045	0.0	438.92384015004995	561.8901229745543	0.0	467.53677911628176	570.6623129817326	0.0	461.48366393065226	575.7788325631781	0.0	431.3137929762254	574.632466889762	0.0	442.4951299503218	425.0592197890095	0.0	463.5178175628776	491.39308383849874	0.0	478.9364066760576	556.5915681818524	0.0	496.9356402696623	558.4509491420886	0.0	491.0913899215064	557.909429175756	0.0	479.0627114767748	569.1693622969652	0.0	466.7258713168261	328.4979760741075	0.0	484.41171084173044	296.1719893380231	0.0	487.23531439894487	323.038722018677	0.0	476.1948024348586	349.6807337342051	0.0	478.3178435418318	398.6085197214193	0.0	488.85539673600226	436.8804100470704	0.0	440.9036747606383	340.22840067035486	0.0	442.65880096431465	379.9667027765687	0.0	454.17798864373424	332.46472581068826	0.0
265	4.416666666666667	450.97314918895233	424.5037185910719	0.0	458.29325678328905	427.48073565932145	0.0	452.92495754329025	494.03906024764035	0.0	438.81116553411925	561.5881344209232	0.0	466.9055443637369	570.6084117997771	0.0	460.06655475243855	576.0346166660142	0.0	431.205875632559	574.7152223247831	0.0	441.82962090736925	426.07803843675356	0.0	462.9899543575506	491.78075858332414	0.0	478.7098173938085	555.9305938986092	0.0	498.23587780710716	558.5716589695863	0.0	491.7223726625886	557.6762336740144	0.0	478.4859534399628	569.014918921018	0.0	466.8219053319849	328.4177311137319	0.0	485.1239018342487	296.34222079489246	0.0	487.39328583837863	323.9196051089124	0.0	476.1994792534561	349.6681039790653	0.0	476.36368816890786	398.1305032221311	0.0	486.7188128208378	436.4337062620085	0.0	441.19882446001617	339.5274646816591	0.0	442.887293921654	381.65831231059906	0.0	460.2221053749604	411.5395812703	0.0
266	4.433333333333334	450.02963239811413	424.99959667111756	0.0	457.65931000216165	427.7102397213292	0.0	451.8665944576765	494.0407029192645	0.0	438.7502777809425	562.0352659839357	0.0	466.7662827959626	570.9791682087289	0.0	459.90237151765285	576.4310737530885	0.0	431.15031664213876	574.5871527764767	0.0	441.3223593887527	426.4062795459888	0.0	462.64155322762633	492.1362546529255	0.0	478.0595617751609	555.6521165340073	0.0	498.96656031884373	559.6130894096882	0.0	493.190912943091	558.6826905715993	0.0	477.3204541560642	568.4342534023745	0.0	466.7930409272077	328.4875706829029	0.0	485.5791821835037	296.93909157671214	0.0	487.45421067502275	324.21559502638456	0.0	475.2073369125642	349.4132999267374	0.0	475.10323287560664	397.87593341708964	0.0	484.15545161911547	436.16260842061195	0.0	441.31702714655853	339.1775634875065	0.0	443.2725849481195	376.71601049658716	0.0	465.9329064675877	349.18931355451883	0.0
267	4.45	449.4884501602389	425.1371835526778	0.0	457.0016179421262	427.2692965599971	0.0	450.8285477223177	494.0122274940495	0.0	438.69708580807935	562.2032967290968	0.0	467.09714788744617	571.1168756757688	0.0	460.1784031924735	576.6317853012366	0.0	431.09871290177483	574.6242965168389	0.0	441.33877038283003	426.042468702585	0.0	462.1618029288137	492.2581657168099	0.0	476.8685107267755	555.4747510694103	0.0	499.78554854555796	561.87095872228	0.0	494.5373739197779	560.8254447192342	0.0	475.42304124984946	567.8833139439307	0.0	466.7569685208207	328.48557530593894	0.0	485.94750293863535	297.25341115870697	0.0	487.1889099491593	323.8642327201611	0.0	474.22606483973584	348.9080286570595	0.0	473.2389916073703	397.4487093430274	0.0	481.7341623821693	436.0676293398367	0.0	441.60753070971407	338.9026872583387	0.0	443.8817294940218	374.7996500647911	0.0	468.01911511306605	345.24963058038634	0.0
268	4.466666666666667	449.03951111603794	425.24153763566846	0.0	455.8757133362677	427.681773628615	0.0	449.80987021972646	494.0156033306574	0.0	438.569447427795	562.7986301405057	0.0	467.25401911917197	571.3662063413049	0.0	460.9711067492757	576.8347669806719	0.0	430.9695466951185	574.614212061604	0.0	441.3814050431668	426.32348932161324	0.0	462.1182610680133	492.4933642703805	0.0	476.2200558059102	555.5610699088077	0.0	500.05040944722936	563.0169202789833	0.0	495.4662198812399	561.6769995080246	0.0	473.8912680680845	567.7424446330845	0.0	466.9954639661154	328.42247494042135	0.0	486.06860535541074	297.98003892312147	0.0	487.06962405846286	324.2045016770918	0.0	473.32682204941773	348.81742117571827	0.0	471.82430877122096	397.4861714810881	0.0	479.9048883315259	436.04270853636405	0.0	442.2519260978737	338.4347958631013	0.0	442.79293739320866	375.5190982396263	0.0	467.628806351018	345.94532758214706	0.0
269	4.483333333333333	448.9470472169755	425.45456256282773	0.0	455.21744604533995	428.2405901170634	0.0	449.45253416086763	494.1019642625409	0.0	438.48821502004853	563.1430538302617	0.0	467.1036523343649	571.4329727238401	0.0	461.162727665542	576.9428647110124	0.0	430.8804973561712	574.674135723688	0.0	441.32402046792515	426.8637250157044	0.0	462.2081176990573	492.66629447612877	0.0	475.3682667369424	555.6196600362833	0.0	499.93964321795295	563.3841018932908	0.0	495.5419794880073	562.0034490278381	0.0	472.53623691083175	567.9355912650435	0.0	467.0040379203866	328.3181250714347	0.0	486.0658991229935	298.37523340652297	0.0	487.03869021822845	324.60735567044253	0.0	472.3945445025796	348.6717725562839	0.0	470.46904199225116	397.2800764420219	0.0	478.5468419643931	436.0771001510983	0.0	442.41052099529503	338.1800901675062	0.0	441.72877827189114	380.11124977202724	0.0	461.725046178847	421.28051414193595	0.0
