frame,frame_idx,time,timestamp_sec,pose_source,nose_x,nose_y,nose_conf,left_shoulder_x,left_shoulder_y,left_shoulder_conf,right_shoulder_x,right_shoulder_y,right_shoulder_conf,left_elbow_x,left_elbow_y,left_elbow_conf,right_elbow_x,right_elbow_y,right_elbow_conf,left_wrist_x,left_wrist_y,left_wrist_conf,right_wrist_x,right_wrist_y,right_wrist_conf,left_hip_x,left_hip_y,left_hip_conf,right_hip_x,right_hip_y,right_hip_conf,left_knee_x,left_knee_y,left_knee_conf,right_knee_x,right_knee_y,right_knee_conf,left_ankle_x,left_ankle_y,left_ankle_conf,right_ankle_x,right_ankle_y,right_ankle_conf,left_big_toe_x,left_big_toe_y,left_big_toe_conf,left_small_toe_x,left_small_toe_y,left_small_toe_conf,left_heel_x,left_heel_y,left_heel_conf,right_big_toe_x,right_big_toe_y,right_big_toe_conf,right_small_toe_x,right_small_toe_y,right_small_toe_conf,right_heel_x,right_heel_y,right_heel_conf,sports2d_core_valid_ratio,timestamp,nose_x_clean,nose_y_clean,nose_invalid,left_shoulder_x_clean,left_shoulder_y_clean,left_shoulder_invalid,right_shoulder_x_clean,right_shoulder_y_clean,right_shoulder_invalid,left_elbow_x_clean,left_elbow_y_clean,left_elbow_invalid,right_elbow_x_clean,right_elbow_y_clean,right_elbow_invalid,left_wrist_x_clean,left_wrist_y_clean,left_wrist_invalid,right_wrist_x_clean,right_wrist_y_clean,right_wrist_invalid,left_hip_x_clean,left_hip_y_clean,left_hip_invalid,right_hip_x_clean,right_hip_y_clean,right_hip_invalid,left_knee_x_clean,left_knee_y_clean,left_knee_invalid,right_knee_x_clean,right_knee_y_clean,right_knee_invalid,left_ankle_x_clean,left_ankle_y_clean,left_ankle_invalid,right_ankle_x_clean,right_ankle_y_clean,right_ankle_invalid,sports2d_ab_prepared,throwing_elbow_angle,left_knee_angle,right_knee_angle,throwing_upper_arm_length,throwing_forearm_length,throwing_total_arm_length,upper_arm_length_ratio,forearm_length_ratio,total_arm_length_ratio,forearm_upperarm_ratio,elbow_angle_conf_valid,upper_arm_length_valid,forearm_length_valid,total_arm_length_valid,elbow_angle_diff,elbow_angle_jump,arm_ratio_diff,arm_ratio_jump,throwing_elbow_angle_valid,throwing_elbow_angle_filtered,elbow_angle_invalid_reason,wrist_dx,wrist_dy,wrist_displacement_px,wrist_speed_px_s,wrist_speed_px_s_smooth,torso_center_x,torso_center_y,torso_speed_px_s,wrist_relative_x,wrist_relative_y,wrist_relative_displacement_px,wrist_relative_speed_px_s,wrist_relative_speed_px_s_smooth,body_scale_px,wrist_speed_body_s,wrist_relative_speed_body_s,wrist_relative_speed_body_s_smooth,wrist_peak_speed_candidate
0,0,0.0,0.0,Sports2D_HALPE26_postprocessed,141.48497415632846,157.17081334438467,1.0,105.42369720137218,192.16167507659904,1.0,168.403756786246,196.7663974778368,1.0,100.87731468641496,238.38088794297863,1.0,169.9137370906828,241.93595969812603,1.0,128.29163691286445,238.88942792675465,1.0,141.98885772153653,237.3538586655685,1.0,117.6405536995622,289.63152700499154,1.0,152.13436588256678,289.13448609809194,1.0,111.54392020692258,357.67890273398547,1.0,153.669112884231,358.701060873924,1.0,104.44199149886308,425.7459274708677,1.0,157.7162669908948,425.701997111009,1.0,101.89499291378525,433.3183919287493,1.0,96.25705901293357,434.3589035057525,1.0,103.98079468781268,437.8321540150678,1.0,167.8950307449973,433.3217174688513,1.0,171.47813893649916,436.8768587389429,1.0,155.71027976204647,436.8704885420329,1.0,1.0,0.0,141.48497415632846,157.17081334438467,False,105.42369720137218,192.16167507659904,False,168.403756786246,196.7663974778368,False,100.87731468641496,238.38088794297863,False,169.9137370906828,241.93595969812603,False,128.29163691286445,238.88942792675465,False,141.98885772153653,237.3538586655685,False,117.6405536995622,289.63152700499154,False,152.13436588256678,289.13448609809194,False,111.54392020692258,357.67890273398547,False,153.669112884231,358.701060873924,False,104.44199149886308,425.7459274708677,False,157.7162669908948,425.701997111009,False,True,78.76692775390511,179.163152181738,177.80710968209596,45.19479385606674,28.2983133358498,73.49310719191654,0.98815444620514,0.7277395151030576,0.8825220849771683,0.6261409981417841,True,True,True,True,,False,,False,True,78.76692775390511,valid,,,,,1.7678618976864608,135.9005933924368,241.92352141437982,,6.088264329099729,-4.569662748811311,,,1.0488179420210908,231.33351661781148,,,0.004830675912427885,False
1,1,0.0166666666666666,0.0166666666666666,Sports2D_HALPE26_postprocessed,141.4904987686295,157.18237312276764,1.0,105.41842979474444,192.147761275718,1.0,168.41452002918408,196.77377114437508,1.0,100.88201743067718,238.38353275985537,1.0,169.919112918849,241.94053514944864,1.0,128.2986517154716,238.90239794673693,1.0,141.99180105772098,237.3245416811621,1.0,117.6501432502271,289.60214498832863,1.0,152.13099164800408,289.1230614799477,1.0,111.55479489652944,357.68092665460205,1.0,153.67480929209776,358.70578392624526,1.0,104.45191611131294,425.7892369853174,1.0,157.709549187957,425.7015796550629,1.0,101.9015896936679,433.3194279157021,1.0,96.22401190187088,434.39014213854654,1.0,104.0497254426564,437.8009472016312,1.0,167.91129806494936,433.3253655889886,1.0,171.51938591376194,436.8843847816168,1.0,155.7180555780988,436.8700748194237,1.0,1.0,0.0166666666666666,141.4904987686295,157.18237312276764,False,105.41842979474444,192.147761275718,False,168.41452002918408,196.77377114437508,False,100.88201743067718,238.38353275985537,False,169.919112918849,241.94053514944864,False,128.2986517154716,238.90239794673693,False,141.99180105772098,237.3245416811621,False,117.6501432502271,289.60214498832863,False,152.13099164800408,289.1230614799477,False,111.55479489652944,357.68092665460205,False,153.67480929209776,358.70578392624526,False,104.45191611131294,425.7892369853174,False,157.709549187957,425.7015796550629,False,True,78.70673524694368,179.1625240600863,177.82459552144076,45.191817516599606,28.30622093264953,73.49803844924914,0.9880893705000215,0.7279428724760701,0.8825813006460794,0.6263572143840475,True,True,True,True,0.0601925069614281,False,0.0002162162422633,False,True,78.70673524694368,valid,0.0029433361844439787,-0.029316984406420943,0.029464364961440895,1.7678618976864608,5.527228885790317,135.90352118053994,241.91168472209236,0.7316045509327933,6.088279877181037,-4.587143040930272,0.01748029903368478,1.0488179420210908,4.246892279963346,231.35825371870692,0.008142469291854759,0.004830675912427885,0.01956045889142725,False
2,2,0.0333333333333333,0.0333333333333333,Sports2D_HALPE26_postprocessed,141.50217695409214,157.20051510311197,1.0,105.411139901674,192.1231005079761,1.0,168.43125175431015,196.784857762184,1.0,100.888672305825,238.3879858674191,1.0,169.9303790447792,241.9491765042013,1.0,128.31077464995548,238.9533717176596,1.0,142.0005065683115,237.1700101007576,1.0,117.66332759850648,289.522946125664,1.0,152.12564829610258,289.09372928399085,1.0,111.57295996626542,357.684677806639,1.0,153.68662963613107,358.71279122814394,1.0,104.46559475442557,425.8734624355544,1.0,157.6969948677623,425.70069984092993,1.0,101.91216272973094,433.32154448407175,1.0,96.16667461187195,434.4598443605462,1.0,104.17863961001022,437.74313331955045,1.0,167.9435587396688,433.3322934342903,1.0,171.59356956809734,436.9024065880099,1.0,155.73024648648874,436.8691791214228,1.0,1.0,0.0333333333333333,141.50217695409214,157.20051510311197,False,105.411139901674,192.1231005079761,False,168.43125175431015,196.784857762184,False,100.888672305825,238.3879858674191,False,169.9303790447792,241.9491765042013,False,128.31077464995548,238.9533717176596,False,142.0005065683115,237.1700101007576,False,117.66332759850648,289.522946125664,False,152.12564829610258,289.09372928399085,False,111.57295996626542,357.684677806639,False,153.68662963613107,358.71279122814394,False,104.46559475442557,425.8734624355544,False,157.6969948677623,425.70069984092993,False,True,78.3888771611174,179.15542402430424,177.8584191503492,45.18919196072843,28.335811406479124,73.52500336720755,0.9880319644475428,0.7287038421077526,0.8829051015646575,0.6270484196996552,True,True,True,True,0.3178580858262734,False,0.0006912053156077,False,True,78.3888771611174,valid,0.008705510590516496,-0.15453158040449466,0.1547765978982365,9.286595873894173,9.286595873894173,135.90784188764832,241.88115841995372,1.8498337968134264,6.092664680663177,-4.711148319196127,0.12408277696509357,7.4449666179056,7.4449666179056,231.4068031115174,0.04277247098769661,0.03429024187042662,0.03429024187042662,False
3,3,0.05,0.05,Sports2D_HALPE26_postprocessed,141.51946777593326,157.23069625836578,1.0,105.396766984173,192.08495093850308,1.0,168.45267534228898,196.8050751818297,1.0,100.89454943356746,238.39996432543248,1.0,169.94726941593098,241.97150989054248,1.0,128.32738558660512,239.1919129317852,1.0,142.0132016231691,237.42498190260875,1.0,117.67954505518914,289.3252429744249,1.0,152.11328026866204,289.028848660799,1.0,111.59751578750164,357.6991900700778,1.0,153.70423695731688,358.72724834577286,1.0,104.4822080819635,425.8337355725606,1.0,157.66771490909034,425.7100385516324,1.0,101.92520264362147,433.3366742609466,1.0,96.07162712155316,434.6205576302451,1.0,104.18897418434511,437.6307769676705,1.0,167.9999979402878,433.35473194353006,1.0,171.7067176797866,436.9609793455559,1.0,155.74648662764304,436.8792928044986,1.0,1.0,0.05,141.51946777593326,157.23069625836578,False,105.396766984173,192.08495093850308,False,168.45267534228898,196.8050751818297,False,100.89454943356746,238.39996432543248,False,169.94726941593098,241.97150989054248,False,128.32738558660512,239.1919129317852,False,142.0132016231691,237.42498190260875,False,117.67954505518914,289.3252429744249,False,152.11328026866204,289.028848660799,False,111.59751578750164,357.6991900700778,False,153.70423695731688,358.72724834577286,False,104.4822080819635,425.8337355725606,False,157.66771490909034,425.7100385516324,False,True,78.86037004798271,179.12141755289636,177.92128998194195,45.191156609909655,28.30164412530977,73.49280073521943,0.988074920209878,0.727825172049383,0.8825184049748713,0.6262650980502611,True,True,True,True,0.4714928868653061,False,0.000783321649394,False,True,78.86037004798271,valid,0.012695054857601917,0.25497180185115553,0.2552876498326201,15.317258989957171,12.074117040569465,135.9105669125783,241.81102943888916,4.210914281445169,6.102634710590792,-4.386047536280415,0.325253624959302,19.515217497558076,15.580063250805575,231.40082610845357,0.07054867301814108,0.08988375133017058,0.07175910445881362,False
4,4,0.0666666666666666,0.0666666666666666,Sports2D_HALPE26_postprocessed,141.54671483510427,157.27668588630186,1.0,105.36860792455354,192.03067621757384,1.0,168.4788366837471,196.845396902471,1.0,100.89857660675511,238.4283302195085,1.0,169.9745901095216,242.02461491006085,1.0,128.35115819857475,239.5792884060941,1.0,142.03454492316024,237.625082135182,1.0,117.70087265165076,289.25049788038393,1.0,152.08950050232144,288.8831679905789,1.0,111.6295144766859,357.7409268781677,1.0,153.73218535580082,358.7545753950608,1.0,104.50399200037408,425.8488626188112,1.0,157.60737900988133,425.7536420709982,1.0,101.94100021042404,433.39008162135406,1.0,96.06179993839623,434.7161212592283,1.0,104.26957360884413,437.6669952048853,1.0,168.09606001283072,433.4148922226168,1.0,171.71380989406734,437.1300011058275,1.0,155.76908114547723,436.9271404175534,1.0,1.0,0.0666666666666666,141.54671483510427,157.27668588630186,False,105.36860792455354,192.03067621757384,False,168.4788366837471,196.845396902471,False,100.89857660675511,238.4283302195085,False,169.9745901095216,242.02461491006085,False,128.35115819857475,239.5792884060941,False,142.03454492316024,237.625082135182,False,117.70087265165076,289.25049788038393,False,152.08950050232144,288.8831679905789,False,111.6295144766859,357.7409268781677,False,153.73218535580082,358.7545753950608,False,104.50399200037408,425.8488626188112,False,157.60737900988133,425.7536420709982,False,True,79.15528590750984,179.09314772762608,178.0365101995926,45.20397126456973,28.28430684413441,73.48827810870414,0.9883551042067176,0.7273793142187052,0.8824640962385237,0.6257040267234943,True,True,True,True,0.2949158595271228,False,0.0005610713267667,False,True,79.15528590750984,valid,0.021343299991144704,0.2001002325732486,0.2012352840094902,12.074117040569465,12.074117040569465,135.9094544405682,241.75243474775192,3.51631504908087,6.125090482592043,-4.127352612569922,0.25966772084675843,15.580063250805575,15.580063250805575,231.43761896933842,0.055611316335148174,0.07175910445881362,0.07175910445881362,False
5,5,0.0833333333333333,0.0833333333333333,Sports2D_HALPE26_postprocessed,141.6065482335178,157.3416803441869,1.0,105.31819948991776,192.0916415414406,1.0,168.51285114604977,196.9199056788948,1.0,100.90408610083428,238.47105952357813,1.0,170.03472299367772,242.11509924199288,1.0,128.3983903782212,239.63219122546565,1.0,142.10693965603255,237.6252773162918,1.0,117.73713515266256,289.26034267940287,1.0,152.0560012000288,288.8898205871667,1.0,111.67555826456038,357.8149192254548,1.0,153.79224812349696,358.79733469155127,1.0,104.5409066991478,425.9272998008,1.0,157.50845888773006,425.8507413018875,1.0,101.96876743841707,433.500321866856,1.0,96.00984986193136,434.7601994834394,1.0,104.27668660953034,437.9012508256675,1.0,168.0685994818025,433.52081593880064,1.0,171.65912153775935,437.48654996943424,1.0,155.81037374171962,437.0372484039274,1.0,1.0,0.0833333333333333,141.6065482335178,157.3416803441869,False,105.31819948991776,192.0916415414406,False,168.51285114604977,196.9199056788948,False,100.90408610083428,238.47105952357813,False,170.03472299367772,242.11509924199288,False,128.3983903782212,239.63219122546565,False,142.10693965603255,237.6252773162918,False,117.73713515266256,289.26034267940287,False,152.0560012000288,288.8898205871667,False,111.67555826456038,357.8149192254548,False,153.79224812349696,358.79733469155127,False,104.5409066991478,425.9272998008,False,157.50845888773006,425.8507413018875,False,True,78.93835738720908,179.0731117061661,178.25054335644035,45.22080953639049,28.28638511862124,73.50719465501173,0.9887232619467236,0.7274327606008039,0.8826912504646248,0.6255169999966137,True,True,True,True,0.2169285203007547,False,0.0001870267268806,False,True,78.93835738720908,valid,0.07239473287231135,0.00019518110980243364,0.07239499598258806,4.343699758955274,5.3123203463305995,135.90604674716474,241.79042762172622,2.288723454193072,6.200892908867814,-4.165150305434423,0.08470344393926929,5.082206636356146,5.082206636356146,231.45822299216383,0.020006337568910605,0.0234077738343392,0.0234077738343392,False
6,6,0.1,0.1,Sports2D_HALPE26_postprocessed,141.65298747919087,157.4037788230117,1.0,105.31504884742556,192.09304233377628,1.0,168.5344763525546,196.9841856024234,1.0,100.88046468724524,238.46924491005703,1.0,170.07999471362564,242.17216906115425,1.0,128.4306434223132,239.65604613450088,1.0,142.18761190781737,237.58879328815345,1.0,117.75821016363597,289.1543961177589,1.0,152.06860762690445,288.8814284785744,1.0,111.70230415112098,357.84502141131,1.0,153.83851166598353,358.8038663051884,1.0,104.56381731143108,425.99476287375023,1.0,157.45198628952022,425.9092364674389,1.0,101.73849861925318,433.58094411770304,1.0,95.96330619829509,434.8486875040753,1.0,104.326138890583,438.0779095053442,1.0,168.03460484638046,433.589338145375,1.0,171.60765140156866,437.6292656588205,1.0,155.83510307164187,437.1194078017435,1.0,1.0,0.1,141.65298747919087,157.4037788230117,False,105.31504884742556,192.09304233377628,False,168.5344763525546,196.9841856024234,False,100.88046468724524,238.46924491005703,False,170.07999471362564,242.17216906115425,False,128.4306434223132,239.65604613450088,False,142.18761190781737,237.58879328815345,False,117.75821016363597,289.1543961177589,False,152.06860762690445,288.8814284785744,False,111.70230415112098,357.84502141131,False,153.83851166598353,358.8038663051884,False,104.56381731143108,425.99476287375023,False,157.45198628952022,425.9092364674389,False,True,78.7094833420296,179.05852691476574,178.367710283559,45.21440562554086,28.26645276758793,73.48085839312878,0.9885832446474012,0.7269201661113835,0.8823749985923676,0.625164753943391,True,True,True,True,0.2288740451794808,False,0.0003522460532227,False,True,78.7094833420296,valid,0.08067225178481863,-0.0364840281383465,0.08853867243884353,5.3123203463305995,5.3123203463305995,135.91908574763016,241.77826313313324,1.0699369781060082,6.268526160187207,-4.189469844979783,0.07187278127170568,4.312366876302331,5.082206636356146,231.48901555800097,0.0244676381934013,0.019862023674731003,0.0234077738343392,False
7,7,0.1166666666666666,0.1166666666666666,Sports2D_HALPE26_postprocessed,141.62663418302932,157.4283439068488,1.0,105.32762840344552,192.10934439543428,1.0,168.50769141421577,197.000498622354,1.0,100.88397512087852,238.5086328927169,1.0,170.0551226034117,242.186060819658,1.0,128.3754132976936,239.4141255845071,1.0,142.19709678927762,236.99152462238484,1.0,117.71192883225166,289.1714420944274,1.0,152.1001498418138,288.7951449578605,1.0,111.6903326694918,357.82127002123855,1.0,153.81681802983968,358.74315705305764,1.0,104.519890687153,426.0503437158244,1.0,157.39611139179146,425.9170590247717,1.0,101.57071489339762,433.6318847797265,1.0,95.86344305072538,434.9662403685864,1.0,104.37758096686852,438.14127787270775,1.0,168.08171562635383,433.6237015042774,1.0,171.62558860891096,437.6813709607077,1.0,155.78562225514477,437.17204993898815,1.0,1.0,0.1166666666666666,141.62663418302932,157.4283439068488,False,105.32762840344552,192.10934439543428,False,168.50769141421577,197.000498622354,False,100.88397512087852,238.5086328927169,False,170.0551226034117,242.186060819658,False,128.3754132976936,239.4141255845071,False,142.19709678927762,236.99152462238484,False,117.71192883225166,289.1714420944274,False,152.1001498418138,288.7951449578605,False,111.6903326694918,357.82127002123855,False,153.81681802983968,358.74315705305764,False,104.519890687153,426.0503437158244,False,157.39611139179146,425.9170590247717,False,True,77.47627073798975,179.0134501098856,178.35581091926957,45.21205120730229,28.338186402198374,73.55023760950067,0.9885317668409512,0.7287649191837108,0.8832081201329592,0.6267839137017835,True,True,True,True,1.2332126040398492,False,0.0016191597583925,False,True,77.47627073798975,valid,0.009484881460252836,-0.5972686657686097,0.5973439730049431,35.840638380296745,35.840638380296745,135.9118496229317,241.76910751751905,0.7001945961913698,6.2852471663459255,-4.777582895134202,0.5883507047747069,35.30104228648256,35.30104228648256,231.50550248747277,0.1650758454571292,0.1625905582128956,0.1625905582128956,False
8,8,0.1333333333333333,0.1333333333333333,Sports2D_HALPE26_postprocessed,141.63919308456394,157.42907528842534,1.0,105.31207509143437,192.16218559981803,1.0,168.50063480558478,196.975187189489,1.0,100.88372273561052,238.5022102959806,1.0,170.06918655875256,242.17865823213043,1.0,128.32665234103004,239.1312613388864,1.0,142.3953837528287,235.2717618219733,1.0,117.6795100352905,288.9776893739395,1.0,152.12130266065986,288.5402522265129,1.0,111.69649231537788,357.8649640003856,1.0,153.83695505125547,358.7037930926179,1.0,104.4913105084459,426.1110371609144,1.0,157.37843812156385,425.8710237342202,1.0,101.37797666668824,433.6724815631523,1.0,95.75144073036812,434.9804464126677,1.0,104.39623733769533,438.18281084213936,1.0,168.1894198264009,433.64702065471664,1.0,171.6896451823497,437.7155842758703,1.0,155.74728368146123,437.2168541251747,1.0,1.0,0.1333333333333333,141.63919308456394,157.42907528842534,False,105.31207509143437,192.16218559981803,False,168.50063480558478,196.975187189489,False,100.88372273561052,238.5022102959806,False,170.06918655875256,242.17865823213043,False,128.32665234103004,239.1312613388864,False,142.3953837528287,235.2717618219733,False,117.6795100352905,288.9776893739395,False,152.12130266065986,288.5402522265129,False,111.69649231537788,357.8649640003856,False,153.83695505125547,358.7037930926179,False,104.4913105084459,426.1110371609144,False,157.37843812156385,425.8710237342202,False,True,73.99891840147514,178.93705156221563,178.3825256970599,45.23067707767914,28.52270288317361,73.75337996085275,0.9889390092478076,0.7335100759992348,0.885647500073642,0.6306052601023138,True,True,True,True,3.4773523365146133,False,0.0038213464005302,False,True,73.99891840147514,valid,0.19828696355108377,-1.7197628004115302,1.7311562060061527,103.86937236036893,44.84560812164235,135.90338064824238,241.66382859743985,6.337140393205101,6.492003104586331,-6.392066775466532,1.6276689521676717,97.66013713006008,45.78226621967698,231.4993734503433,0.47840454953825245,0.44980587491618124,0.2108652815545628,False
9,9,0.15,0.15,Sports2D_HALPE26_postprocessed,141.644136710339,157.4264329873905,1.0,105.34611417041108,192.12686256598144,1.0,168.48789415942343,196.94376701157253,1.0,100.88195384284008,238.48821498784645,1.0,170.09817092438024,242.17616243662536,1.0,128.2698073047006,239.5221096179337,1.0,142.33883345322695,236.01704625626925,1.0,117.65091722026617,288.9785455178451,1.0,152.13786272984214,288.54422238710504,1.0,111.69026321406218,357.8095928390997,1.0,153.86783183543332,358.6735365780156,1.0,104.46978191744742,426.1626694847058,1.0,157.36237504009938,425.915460308899,1.0,101.37885679352004,433.8162571661171,1.0,95.77474787689088,435.0691134787006,1.0,104.41266391963296,438.1833223459269,1.0,168.34474911431275,433.6505985613383,1.0,171.78467663099815,437.7197283889448,1.0,155.66998590801984,437.2419852241472,1.0,1.0,0.15,141.644136710339,157.4264329873905,False,105.34611417041108,192.12686256598144,False,168.48789415942343,196.94376701157253,False,100.88195384284008,238.48821498784645,False,170.09817092438024,242.17616243662536,False,128.2698073047006,239.5221096179337,False,142.33883345322695,236.01704625626925,False,117.65091722026617,288.9785455178451,False,152.13786272984214,288.54422238710504,False,111.69026321406218,357.8095928390997,False,153.86783183543332,358.6735365780156,False,104.46978191744742,426.1626694847058,False,157.36237504009938,425.915460308899,False,True,75.45125279415426,178.91929145551146,178.4381327773396,45.261049337682174,28.434407483900547,73.69545682158272,0.989603078739061,0.7312394088294212,0.8849519457340558,0.6282312915849131,True,True,True,True,1.45233439267912,False,0.0023739685174006,False,True,75.45125279415426,valid,-0.05655029960175284,0.7452844342959395,0.7474268020273735,44.84560812164235,103.86937236036893,135.9056970699857,241.64834937062602,0.9390954055943328,6.433136383241248,-5.6313031143567684,0.7630377703279507,45.78226621967698,97.66013713006008,231.58151356092677,0.2065511946848843,0.2108652815545628,0.44980587491618124,False
10,10,0.1666666666666666,0.1666666666666666,Sports2D_HALPE26_postprocessed,141.71769884474674,157.39645812331042,1.0,105.37369755039546,192.11975177874268,1.0,168.4878620578162,196.8292596634544,1.0,100.87837950301277,238.52299965024872,1.0,170.2142930046555,242.15166824903065,1.0,128.17551447767414,238.3127353468545,1.0,142.59809051410545,233.7866935361049,1.0,117.62126929874142,288.9884549100784,1.0,152.1500476848529,288.62184388082494,1.0,111.69990101617506,357.8093326493613,1.0,153.98784438446796,358.670380056906,1.0,104.45009703168977,426.2338423563,1.0,157.39131219854244,425.9098309275026,1.0,101.3581487147042,433.8085310074756,1.0,95.77099474984246,435.1055280492687,1.0,104.4152966186502,438.1657771012264,1.0,168.41695715058032,433.6519680523775,1.0,171.81427762299762,437.72385448888485,1.0,155.5782483325147,437.2832385506522,1.0,1.0,0.1666666666666666,141.71769884474674,157.39645812331042,False,105.37369755039546,192.11975177874268,False,168.4878620578162,196.8292596634544,False,100.87837950301277,238.52299965024872,False,170.2142930046555,242.15166824903065,False,128.17551447767414,238.3127353468545,False,142.59809051410545,233.7866935361049,False,117.62126929874142,288.9884549100784,False,152.1500476848529,288.62184388082494,False,111.69990101617506,357.8093326493613,False,153.98784438446796,358.670380056906,False,104.45009703168977,426.2338423563,False,157.39131219854244,425.9098309275026,False,True,70.96691965485039,178.86952120658955,178.60519529030867,45.35527845589883,28.855284471773103,74.21056292767193,0.9916633364409616,0.7420629802358621,0.8911374579827517,0.6362056513406817,True,True,True,True,4.484333139303871,False,0.0079743597557686,False,True,70.96691965485039,valid,0.25925706087849676,-2.2303527201643476,2.245370232269026,134.72221393614205,44.84560812164235,135.9082191479515,241.6398275582751,0.5332314570950367,6.6898713661539375,-7.853134022170195,2.2366147264037712,134.19688358422675,45.78226621967698,231.6753001366722,0.6205074566861203,0.6180878750071739,0.2108652815545628,False
11,11,0.1833333333333333,0.1833333333333333,Sports2D_HALPE26_postprocessed,141.74748171722132,157.36748529379383,1.0,105.41878799040302,191.99933388841333,1.0,168.48727789770112,196.6472921406222,1.0,100.89218903353677,238.5553344560438,1.0,170.35038508028646,242.14868990918544,1.0,128.07391749362108,238.34375622033764,1.0,142.65162510746072,234.0776700135095,1.0,117.58501309772092,288.81230267820547,1.0,152.15808494189082,288.388971997593,1.0,111.6595614367788,357.85158379571186,1.0,154.11891779580606,358.6636678392668,1.0,104.46007405602704,426.3028480903547,1.0,157.36723096684688,426.01539816640377,1.0,101.41766629855836,433.8222174443541,1.0,95.82218850137014,435.0527500898072,1.0,104.44884573455236,438.1597143598405,1.0,168.56525463374868,433.6290310943244,1.0,171.84721770064124,437.69322109835537,1.0,155.51518835543305,437.323813999452,1.0,1.0,0.1833333333333333,141.74748171722132,157.36748529379383,False,105.41878799040302,191.99933388841333,False,168.48727789770112,196.6472921406222,False,100.89218903353677,238.5553344560438,False,170.35038508028646,242.14868990918544,False,128.07391749362108,238.34375622033764,False,142.65162510746072,234.0776700135095,False,117.58501309772092,288.81230267820547,False,152.15808494189082,288.388971997593,False,111.6595614367788,357.85158379571186,False,154.11891779580606,358.6636678392668,False,104.46007405602704,426.3028480903547,False,157.36723096684688,426.01539816640377,False,True,71.40990566255941,178.90140336062416,178.8370910313403,45.539525329836415,28.85069611272161,74.39022144255803,0.995691773173313,0.7419449827371554,0.8932948386297169,0.6335308922032027,True,True,True,True,0.4429860077090239,False,0.002674759137479,False,True,71.40990566255941,valid,0.053534593355266225,0.2909764774045982,0.29586020869407625,17.75161252164455,134.72221393614205,135.91229098192895,241.4619751762085,10.673939230636433,6.739334125531769,-7.3843051626990075,0.47143086877963775,28.285852126778224,134.19688358422675,231.91446045290124,0.0817608886913351,0.13027979314314297,0.6180878750071739,False
12,12,0.2,0.2,Sports2D_HALPE26_postprocessed,141.90831297839122,157.3245275540936,1.0,105.44646046489892,191.86275350733897,1.0,168.4854136326,196.5037031086337,1.0,100.89847971506336,238.5776482348959,1.0,170.4367361123808,242.14190003975807,1.0,128.08530471649627,235.76988006917915,1.0,142.9389143977187,230.8930142941887,1.0,117.53796811787478,289.1186614936832,1.0,152.16168143255962,288.6781662441815,1.0,111.63514540839309,357.9135597424156,1.0,154.19445734387193,358.6290586697234,1.0,104.46299691697416,426.38440491295535,1.0,157.3374394470964,426.2680393366092,1.0,101.4580405902017,433.9310810543534,1.0,95.84948699683652,435.0762859270337,1.0,104.46291389426544,438.15366838089824,1.0,168.51411254603482,433.6081392614413,1.0,171.85010409104325,437.664558700956,1.0,155.4162762842494,437.5149823649058,1.0,1.0,0.2,141.90831297839122,157.3245275540936,False,105.44646046489892,191.86275350733897,False,168.4854136326,196.5037031086337,False,100.89847971506336,238.5776482348959,False,170.4367361123808,242.14190003975807,False,128.08530471649627,235.76988006917915,False,142.9389143977187,230.8930142941887,False,117.53796811787478,289.1186614936832,False,152.16168143255962,288.6781662441815,False,111.63514540839309,357.9135597424156,False,154.19445734387193,358.6290586697234,False,104.46299691697416,426.38440491295535,False,157.3374394470964,426.2680393366092,False,True,65.30310769980836,178.92436789525587,179.0040987014794,45.679893591646966,29.70972281203944,75.3896164036864,0.9987608329074036,0.764036323171575,0.9052958025093296,0.6503894925331473,True,True,True,True,6.106797962751045,False,0.0168586003299445,False,True,65.30310769980836,valid,0.28728929025797356,-3.1846557193208014,3.1975877137147655,191.85526282288532,58.885273661726224,135.90788091198334,241.54082108845935,4.738148978676476,7.03103348573535,-10.64780679427065,3.276512080858844,196.59072485153,54.94987053949006,232.22222659253563,0.8836525002662439,0.9054632277905169,0.2530896978122133,False
13,13,0.2166666666666666,0.2166666666666666,Sports2D_HALPE26_postprocessed,141.96935279826562,157.21178288057592,1.0,105.44675408029082,191.7055174921369,1.0,168.4824994081722,196.39460970220017,1.0,100.89217945944355,238.5775897319411,1.0,170.46821074458305,242.10983782147832,1.0,127.99445925957426,235.13795501980425,1.0,143.07983559697294,229.92176312081904,1.0,117.45220252758304,289.1319980954461,1.0,152.16316123855827,288.6512450740063,1.0,111.606860107368,357.96960529035096,1.0,154.2175215003641,358.63374497019163,1.0,104.45164184738682,426.41577016179633,1.0,157.30971161437844,426.377749909273,1.0,101.48980455098628,433.9896250540509,1.0,95.8534647327832,435.07958406718745,1.0,104.4472631843266,438.1449374005404,1.0,168.48089387356703,433.59463642085774,1.0,171.91250780122886,437.6446496843349,1.0,155.33753530990924,437.5866685436759,1.0,1.0,0.2166666666666666,141.96935279826562,157.21178288057592,False,105.44675408029082,191.7055174921369,False,168.4824994081722,196.39460970220017,False,100.89217945944355,238.5775897319411,False,170.46821074458305,242.10983782147832,False,127.99445925957426,235.13795501980425,False,143.07983559697294,229.92176312081904,False,117.45220252758304,289.1319980954461,False,152.16316123855827,288.6512450740063,False,111.606860107368,357.96960529035096,False,154.2175215003641,358.63374497019163,False,104.45164184738682,426.41577016179633,False,157.30971161437844,426.377749909273,False,True,63.52333635674199,178.8857212345568,179.067989841329,45.75833401151304,29.97786280132521,75.73619681283824,1.0004758811029923,0.770932001492281,0.9094576195420236,0.6551344896818714,True,True,True,True,1.779771343066372,False,0.0047449971487241,False,True,63.52333635674199,valid,0.14092119925425095,-0.9712511733696658,0.9814212276954319,58.885273661726224,58.885273661726224,135.88615431365108,241.47084259094737,4.396422031704219,7.193681283321865,-11.549079470128333,0.9158311756581629,54.94987053949006,54.94987053949006,232.42633627364003,0.2712154909614474,0.2530896978122133,0.2530896978122133,False
14,14,0.2333333333333333,0.2333333333333333,Sports2D_HALPE26_postprocessed,142.00272953058052,157.01554420366818,1.0,105.4404392866742,191.5633768035902,1.0,168.48934492994238,196.2830629119936,1.0,100.88503913777356,238.5647379735129,1.0,170.50575769732012,242.04755604076448,1.0,127.98824616077572,234.66258095769115,1.0,143.39241255128246,229.35444579615424,1.0,117.4608012178614,288.8649071642196,1.0,152.16122912217185,288.35410719306964,1.0,111.5801769165132,358.03194895756576,1.0,154.24281373742372,358.6980004849704,1.0,104.43753159834296,426.416871307283,1.0,157.30615102184117,426.41811519630267,1.0,101.61519558031486,434.0003140928354,1.0,95.87927682831946,435.0734843678538,1.0,104.42911216460502,438.13685558141145,1.0,168.4787394902163,433.5871688675221,1.0,171.967136449152,437.6301229830359,1.0,155.31489505760425,437.6125390585024,1.0,1.0,0.2333333333333333,142.00272953058052,157.01554420366818,False,105.4404392866742,191.5633768035902,False,168.48934492994238,196.2830629119936,False,100.88503913777356,238.5647379735129,False,170.50575769732012,242.04755604076448,False,127.98824616077572,234.66258095769115,False,143.39241255128246,229.35444579615424,False,117.4608012178614,288.8649071642196,False,152.16122912217185,288.35410719306964,False,111.5801769165132,358.03194895756576,False,154.24281373742372,358.6980004849704,False,104.43753159834296,426.416871307283,False,157.30615102184117,426.41811519630267,False,True,62.39050326954065,178.8968458185421,179.10495202385746,45.80889380657168,29.937410253560568,75.74630406013225,1.0015813377723055,0.7698916950561505,0.9095789896853758,0.6535283384045782,True,True,True,True,1.132833087201341,False,0.0016061512772931,False,True,62.39050326954065,valid,0.31257695430952026,-0.5673173246647991,0.6477293410292921,38.86376046175741,38.86376046175741,135.88795363916245,241.26636351821824,12.269219352642427,7.504458912120015,-11.911917722064004,0.47773876923391245,28.664326154034658,28.664326154034658,232.57410094211718,0.17899982828974478,0.13202297972843738,0.13202297972843738,False
15,15,0.25,0.25,Sports2D_HALPE26_postprocessed,142.0219528949647,156.91010229090753,1.0,105.44118262165652,191.43738662626063,1.0,168.4993834849192,196.30582839502244,1.0,100.88435703504778,238.55903057024068,1.0,170.5370475553695,242.0497320262607,1.0,127.88807102703,234.13048998869675,1.0,143.4872547837111,228.8384064279864,1.0,117.41923462754022,288.59607156898204,1.0,152.14455512471352,288.0752248905678,1.0,111.56496106676484,358.131381349041,1.0,154.26768120839327,358.74121625584723,1.0,104.43142157900336,426.4255140654855,1.0,157.31146811639547,426.4510161064603,1.0,101.69749643244728,433.99218912714696,1.0,96.01196029497444,435.0799559352557,1.0,104.42313893530432,438.1417957390399,1.0,168.47774286328826,433.5908845580718,1.0,171.99852156625818,437.6303292947273,1.0,155.3283942387913,437.6352789966116,1.0,1.0,0.25,142.0219528949647,156.91010229090753,False,105.44118262165652,191.43738662626063,False,168.4993834849192,196.30582839502244,False,100.88435703504778,238.55903057024068,False,170.5370475553695,242.0497320262607,False,127.88807102703,234.13048998869675,False,143.4872547837111,228.8384064279864,False,117.41923462754022,288.59607156898204,False,152.14455512471352,288.0752248905678,False,111.56496106676484,358.131381349041,False,154.26768120839327,358.74121625584723,False,104.43142157900336,426.4255140654855,False,157.31146811639547,426.4510161064603,False,True,61.41820634612284,178.8493590179247,179.14699850658698,45.78926505511981,30.10366112374507,75.89292617886488,1.0011521680302686,0.7741671204575739,0.9113396617112542,0.6574392728843134,True,True,True,True,0.9722969234178152,False,0.0039109344797351,False,True,61.41820634612284,valid,0.09484223242864687,-0.5160393681678386,0.5246824549678705,31.480947298072184,31.480947298072184,135.87608896470738,241.10362787020824,9.790055254153186,7.61116581900373,-12.265221442221844,0.3690662307148392,22.14397384289032,22.47014496909218,232.6466119315289,0.14499585459051095,0.10199135308664689,0.10349364146248888,False
16,16,0.2666666666666666,0.2666666666666666,Sports2D_HALPE26_postprocessed,142.05163151174207,156.90765379711016,1.0,105.46260707639163,191.42256583674003,1.0,168.51541147458715,196.29396307001883,1.0,100.89736519793615,238.55815794269176,1.0,170.5773342033811,242.03715957729383,1.0,127.85353276010945,233.96878410100928,1.0,143.51431414384936,229.06590974758063,1.0,117.30779487378967,288.318577481928,1.0,152.1068906404397,287.8076350935396,1.0,111.57552967192,358.21376784610294,1.0,154.30684949136372,358.78159756206907,1.0,104.44593831462566,426.4436229564168,1.0,157.33426719713157,426.48546110936223,1.0,101.78334028161832,433.95012426935466,1.0,96.150840843632,435.09779321240205,1.0,104.4427082324023,438.1576938333109,1.0,168.47723803411972,433.6034226215117,1.0,172.0128899403448,437.6395841707189,1.0,155.3948876747139,437.6612122048597,1.0,1.0,0.2666666666666666,142.05163151174207,156.90765379711016,False,105.46260707639163,191.42256583674003,False,168.51541147458715,196.29396307001883,False,100.89736519793615,238.55815794269176,False,170.5773342033811,242.03715957729383,False,127.85353276010945,233.96878410100928,False,143.51431414384936,229.06590974758063,False,117.30779487378967,288.318577481928,False,152.1068906404397,287.8076350935396,False,111.57552967192,358.21376784610294,False,154.30684949136372,358.78159756206907,False,104.44593831462566,426.4436229564168,False,157.33426719713157,426.48546110936223,False,True,61.81077519946402,178.7230657382904,179.21510317486434,45.78964459397663,30.01100426322738,75.80064885720401,1.001160466397777,0.7717842908541328,0.9102315744712411,0.6554102904562653,True,True,True,True,0.3925688533411815,False,0.002028982428048,False,True,61.81077519946402,valid,0.02705936013825294,0.2275033195942342,0.22910689513300977,13.746413707980635,31.480947298072184,135.84817601630203,240.96068537055663,8.738540337103716,7.6661381275473275,-11.894775622975999,0.37450241615153496,22.47014496909218,22.47014496909218,232.6862201122599,0.06331362853446991,0.10349364146248888,0.10349364146248888,False
17,17,0.2833333333333333,0.2833333333333333,Sports2D_HALPE26_postprocessed,142.1037355008841,156.97272340782547,1.0,105.510915078354,191.52704001206564,1.0,168.53938283880112,196.24454584209047,1.0,100.92592292766588,238.56614389336312,1.0,170.63494060537107,242.008474346984,1.0,127.849671063595,233.57100138308925,1.0,143.46445331334652,229.96312743583115,1.0,117.29677958614246,288.42991314740084,1.0,152.0247266850509,287.91200032429185,1.0,111.61432945189128,358.3082432328508,1.0,154.36479135372818,358.8352804320706,1.0,104.4865225959463,426.4834006134305,1.0,157.38139752826328,426.525520617871,1.0,101.90642341754057,433.8426003863417,1.0,96.30133702752188,435.1404340764502,1.0,104.49711368694726,438.1935088088238,1.0,168.46698518892202,433.6277334691182,1.0,172.00512396316992,437.6618223517848,1.0,155.54026818189124,437.6994346358671,1.0,1.0,0.2833333333333333,142.1037355008841,156.97272340782547,False,105.510915078354,191.52704001206564,False,168.53938283880112,196.24454584209047,False,100.92592292766588,238.56614389336312,False,170.63494060537107,242.008474346984,False,127.849671063595,233.57100138308925,False,143.46445331334652,229.96312743583115,False,117.29677958614246,288.42991314740084,False,152.0247266850509,287.91200032429185,False,111.61432945189128,358.3082432328508,False,154.36479135372818,358.8352804320706,False,104.4865225959463,426.4834006134305,False,157.38139752826328,426.525520617871,False,True,63.46933277723902,178.68034937152106,179.33805902328982,45.81188180542291,29.720796791070168,75.53267859649307,1.0016466684021896,0.7643211094778979,0.9070137261283084,0.6487573882536303,True,True,True,True,1.6585575777749997,False,0.006652902202635,False,True,63.46933277723902,valid,-0.04986083050283696,0.897217688250521,0.8986020712907586,53.91612427744535,53.91612427744535,135.84295104708713,241.0283748314622,4.073449191476421,7.621502266259398,-11.065247395631047,0.8307282588638555,49.84369553183117,49.84369553183117,232.69840381785843,0.24832843947790334,0.22957152976237358,0.22957152976237358,False
18,18,0.3,0.3,Sports2D_HALPE26_postprocessed,142.17196815714732,157.02425343885304,1.0,105.56358294821533,191.60681946812755,1.0,168.54445442793786,196.2603947468561,1.0,100.95171088249148,238.4941031144652,1.0,170.6713741416371,242.0141919224277,1.0,127.7497902222709,232.40170283243776,1.0,143.97102233742405,229.18855776570024,1.0,117.3101131527258,288.28539364385136,1.0,151.99225950133078,287.7653211673774,1.0,111.6445297441736,358.37287700512445,1.0,154.40132827321702,358.88795673138566,1.0,104.52918366319318,426.4967727246752,1.0,157.41927822499105,426.5504212222455,1.0,102.01273724613996,433.7906860876234,1.0,96.40084652982232,435.1727907134982,1.0,104.5483818794302,438.2229491078672,1.0,168.35750668834876,433.6499734485122,1.0,171.89161143792444,437.6605191996875,1.0,155.7376845963096,437.725381017528,1.0,1.0,0.3,142.17196815714732,157.02425343885304,False,105.56358294821533,191.60681946812755,False,168.54445442793786,196.2603947468561,False,100.95171088249148,238.4941031144652,False,170.6713741416371,242.0141919224277,False,127.7497902222709,232.40170283243776,False,143.97102233742405,229.18855776570024,False,117.3101131527258,288.28539364385136,False,151.99225950133078,287.7653211673774,False,111.6445297441736,358.37287700512445,False,154.40132827321702,358.88795673138566,False,104.52918366319318,426.4967727246752,False,157.41927822499105,426.5504212222455,False,True,61.68094207149935,178.65874589237262,179.38611139410398,45.80320669398451,29.62103438421686,75.42424107820136,1.0014569927956036,0.7617555486005658,0.9057115835412132,0.6467021966849996,True,True,True,True,1.7883907057396655,False,0.0020551915686306,False,True,61.68094207149935,valid,0.5065690240775211,-0.7745696701309157,0.9255108589538903,55.53065153723343,53.91612427744535,135.85260250755243,240.9794822565531,2.990164619762688,8.118419829871613,-11.79092449085286,0.8795079940261293,52.770479641567775,49.84369553183117,232.66943762527828,0.2557646756742323,0.243051796387615,0.22957152976237358,False
19,19,0.3166666666666666,0.3166666666666666,Sports2D_HALPE26_postprocessed,142.21117224279283,157.05969536371651,1.0,105.5977467484753,191.65493289779133,1.0,168.51228938208845,196.28497236305927,1.0,100.95943292848943,238.447387185999,1.0,170.69090630971812,242.0286931694629,1.0,127.73860087984244,233.3508812272263,1.0,143.98779019166986,228.5183446782013,1.0,117.32582632481612,288.1081816912895,1.0,151.99643168054263,287.594876591636,1.0,111.66321042654016,358.4062213145811,1.0,154.41959955402717,358.93241072845615,1.0,104.5637676196169,426.46819546931965,1.0,157.45207709753112,426.5696053020503,1.0,102.11913353705276,433.7549004273829,1.0,96.45624785636156,435.2011763823049,1.0,104.58459065811353,438.2496776973292,1.0,168.29336933344985,433.66954968010185,1.0,171.83353713286365,437.6191920985114,1.0,155.84789216083976,437.743635481716,1.0,1.0,0.3166666666666666,142.21117224279283,157.05969536371651,False,105.5977467484753,191.65493289779133,False,168.51228938208845,196.28497236305927,False,100.95943292848943,238.447387185999,False,170.69090630971812,242.0286931694629,False,127.73860087984244,233.3508812272263,False,143.98779019166986,228.5183446782013,False,117.32582632481612,288.1081816912895,False,151.99643168054263,287.594876591636,False,111.66321042654016,358.4062213145811,False,154.41959955402717,358.93241072845615,False,104.5637676196169,426.46819546931965,False,157.45207709753112,426.5696053020503,False,True,60.43628804352401,178.6504178085078,179.37834801282193,45.79557145545364,29.92634168703725,75.72191314249089,1.001290053326289,0.7696070479417106,0.9092860979528878,0.653476760654625,True,True,True,True,1.2446540279753435,False,0.0067745639696253,False,True,60.43628804352401,valid,0.016767854245813396,-0.6702130874989507,0.670422809569368,40.22536857416222,40.22536857416222,135.85807353398064,240.910740885944,4.137524548353379,8.129716657689215,-12.392396207742706,0.6015777959143447,36.09466775486081,36.09466775486081,232.62755741434546,0.18527116218596454,0.16624586127359303,0.16624586127359303,False
20,20,0.3333333333333333,0.3333333333333333,Sports2D_HALPE26_postprocessed,142.2273953022101,157.08523351429085,1.0,105.6151700201984,191.69281427830816,1.0,168.42264290585302,196.32200880296136,1.0,100.9376193773641,238.3872577640224,1.0,170.694685233884,242.0538193278337,1.0,127.6562912666338,230.83208973395344,1.0,144.5444977897319,228.33752801102543,1.0,117.34033844901182,287.6546753441943,1.0,152.0346083810444,287.2109014596043,1.0,111.66340686251417,358.4074373542046,1.0,154.4230304965106,358.9712874753592,1.0,104.58362491553268,426.3360701723501,1.0,157.48420446016922,426.5816559481334,1.0,102.30350005506872,433.7280977333621,1.0,96.48768716146492,435.2246579154885,1.0,104.60502025367256,438.27173839966,1.0,168.24915041616458,433.6828767804899,1.0,171.78500599786503,437.49574429551376,1.0,155.89702625402884,437.75026835941554,1.0,1.0,0.3333333333333333,142.2273953022101,157.08523351429085,False,105.6151700201984,191.69281427830816,False,168.42264290585302,196.32200880296136,False,100.9376193773641,238.3872577640224,False,170.694685233884,242.0538193278337,False,127.6562912666338,230.83208973395344,False,144.5444977897319,228.33752801102543,False,117.34033844901182,287.6546753441943,False,152.0346083810444,287.2109014596043,False,111.66340686251417,358.4074373542046,False,154.4230304965106,358.9712874753592,False,104.58362491553268,426.3360701723501,False,157.48420446016922,426.5816559481334,False,True,59.47787618685378,178.6372644427158,179.31389564691926,45.78821540771369,29.52912038737084,75.31733579508453,1.0011292181800135,0.7593918230066744,0.904427840385478,0.6449065578213434,True,True,True,True,0.9584118566702317,False,0.0085702028332815,False,True,59.47787618685378,valid,0.5567075980620473,-0.1808166671758613,0.5853358154671557,35.12014892802924,35.12014892802924,135.8531899390269,240.72009997126702,11.442207315669744,8.691307850705016,-12.382571960241592,0.5616771171339219,33.70062702803521,33.70062702803521,232.52848737331325,0.16175739436778178,0.15521931947915907,0.15521931947915907,False
21,21,0.35,0.35,Sports2D_HALPE26_postprocessed,142.24478980488414,157.08961739757157,1.0,105.62650812032612,191.7070717721096,1.0,168.39925622882146,196.35217896157752,1.0,100.9249837711049,238.268552676748,1.0,170.69692779886148,242.0776540861588,1.0,127.63639940740693,230.6449734139333,1.0,144.6668034103073,228.22382488482344,1.0,117.3739447536153,287.65041533679323,1.0,152.03863318263808,287.2958315166525,1.0,111.64528546826212,358.4248456027782,1.0,154.42337164750455,358.99569119567667,1.0,104.59615998620896,426.2690175370767,1.0,157.53388226790938,426.57785156847206,1.0,102.20109775941718,433.688288653796,1.0,96.52456633246643,435.225131998896,1.0,104.62779484512257,438.2746610155048,1.0,168.23500195742955,433.67920855826816,1.0,171.74973190656308,437.3975300731624,1.0,155.92380396313837,437.7286685668495,1.0,1.0,0.35,142.24478980488414,157.08961739757157,False,105.62650812032612,191.7070717721096,False,168.39925622882146,196.35217896157752,False,100.9249837711049,238.268552676748,False,170.69692779886148,242.0776540861588,False,127.63639940740693,230.6449734139333,False,144.6668034103073,228.22382488482344,False,117.3739447536153,287.65041533679323,False,152.03863318263808,287.2958315166525,False,111.64528546826212,358.4248456027782,False,154.42337164750455,358.99569119567667,False,104.59615998620896,426.2690175370767,False,157.53388226790938,426.57785156847206,False,True,59.100416594071895,178.69573035257582,179.2697424281256,45.783166884920384,29.48721687822327,75.27038376314366,1.001018835549199,0.7583142026175632,0.903864029618651,0.6440624116794219,True,True,True,True,0.3774595927818822,False,0.0008441461419215,False,True,59.100416594071895,valid,0.12230562057538918,-0.1137031262019832,0.16699420867932868,10.019652520759724,23.14026057332598,135.85958557135024,240.7513743967832,1.9153009411209467,8.807217838957058,-12.527549511959762,0.18561685235663114,11.13701114139787,30.77129965414557,232.46991116913898,0.04614880442420771,0.051295166970083954,0.141727339014565,False
22,22,0.3666666666666666,0.3666666666666666,Sports2D_HALPE26_postprocessed,142.2394072830594,157.03821947170894,1.0,105.62038607156246,191.7346654841895,1.0,168.42849326744,196.36942784585915,1.0,100.91743137255902,238.18708371959144,1.0,170.67974379267434,242.09108079024432,1.0,127.66525491319813,230.9900127356767,1.0,144.42379396151009,228.523305327268,1.0,117.42767852464914,287.3876347621382,1.0,152.0865205524832,286.97807917512137,1.0,111.63860593207428,358.4463456322479,1.0,154.40683681591668,358.99772328646225,1.0,104.572845348169,426.2141967073958,1.0,157.6075520671664,426.5513969434829,1.0,102.13845193090312,433.6066920690614,1.0,96.55714181931026,435.16225633070223,1.0,104.63031736964294,438.2323372311213,1.0,168.23330603970248,433.64619962423336,1.0,171.7058931060846,437.32377130611366,1.0,155.91630057662988,437.65674082641385,1.0,1.0,0.3666666666666666,142.2394072830594,157.03821947170894,False,105.62038607156246,191.7346654841895,False,168.42849326744,196.36942784585915,False,100.91743137255902,238.18708371959144,False,170.67974379267434,242.09108079024432,False,127.66525491319813,230.9900127356767,False,144.42379396151009,228.523305327268,False,117.42767852464914,287.3876347621382,False,152.0865205524832,286.97807917512137,False,111.63860593207428,358.4463456322479,False,154.40683681591668,358.99772328646225,False,104.572845348169,426.2141967073958,False,157.6075520671664,426.5513969434829,False,True,59.853454341982754,178.7051449623549,179.13264289579132,45.77704312091568,29.5543471007288,75.33139022164448,1.000884943476407,0.7600405710761754,0.9045966091626432,0.6456150307188654,True,True,True,True,0.7530377479108594,False,0.0015526190394434,False,True,59.853454341982754,valid,-0.24300944879720987,0.29948044244454763,0.3856710095554316,23.14026057332598,23.14026057332598,135.8907696040337,240.61745181682704,8.250316644800026,8.533024357476393,-12.094146489559051,0.5128549942357576,30.77129965414557,15.27742815007459,232.40652461988734,0.10658007923039767,0.141727339014565,0.07036521898757618,False
23,23,0.3833333333333333,0.3833333333333333,Sports2D_HALPE26_postprocessed,142.2105754964266,156.90120240746825,1.0,105.59716116034558,191.7448032618176,1.0,168.5342571001127,196.38450219945616,1.0,100.9131879325831,238.14185199885588,1.0,170.64385354217103,242.0993479956257,1.0,127.76101672498066,231.3966364409011,1.0,144.34873451187238,228.926325092596,1.0,117.55628440087985,287.78273798460816,1.0,152.12893173026768,287.31506516387924,1.0,111.64402993949726,358.43495708622254,1.0,154.3742885918569,359.0008736552427,1.0,104.5554690448532,426.1706499238591,1.0,157.74863309628347,426.5206723449289,1.0,102.0536710140565,433.4728361052473,1.0,96.61029707659516,434.98589697839566,1.0,104.60716266791724,438.1357545566042,1.0,168.2588123044899,433.5944010907464,1.0,171.64770118545175,437.2835778571125,1.0,155.88179894620905,437.5414188723322,1.0,1.0,0.3833333333333333,142.2105754964266,156.90120240746825,False,105.59716116034558,191.7448032618176,False,168.5342571001127,196.38450219945616,False,100.9131879325831,238.14185199885588,False,170.64385354217103,242.0993479956257,False,127.76101672498066,231.3966364409011,False,144.34873451187238,228.926325092596,False,117.55628440087985,287.78273798460816,False,152.12893173026768,287.31506516387924,False,111.64402993949726,358.43495708622254,False,154.3742885918569,359.0008736552427,False,104.5554690448532,426.1706499238591,False,157.74863309628347,426.5206723449289,False,True,60.748433551838936,178.8091538453694,178.9330305920598,45.76349553209308,29.410233205830234,75.17372873792331,1.0005887343561035,0.7563344358465456,0.9027033739103784,0.6426570537035439,True,True,True,True,0.8949792098561815,False,0.0029579770153215,False,True,60.748433551838936,valid,-0.07505944963770617,0.403019765327997,0.4099498167153501,24.596989002920928,24.596989002920928,135.95415859790145,240.8067771524403,11.979319266765861,8.394575913970925,-11.880452059844316,0.25462380250124395,15.27742815007459,25.69850505631108,232.35627432181147,0.11328952102563702,0.07036521898757618,0.1183629154185768,False
24,24,0.4,0.4,Sports2D_HALPE26_postprocessed,142.1649884226065,156.68839121156134,1.0,105.55773194493815,191.7341655361863,1.0,168.67059983963046,196.40262296670272,1.0,100.90978678014744,238.11661281532847,1.0,170.59732668226627,242.1179379224929,1.0,127.78704094664522,230.20109407288865,1.0,144.5012399722252,228.52896739923176,1.0,117.89842473891544,287.8293307808315,1.0,152.16069065812587,287.3791271308463,1.0,111.62320390491084,358.4638706227339,1.0,154.3310270364105,359.0032623370522,1.0,104.53509333864704,426.1238277182282,1.0,157.77733680221212,426.5145304318476,1.0,102.22404028696386,433.316147884604,1.0,96.73971231931966,434.5553551923971,1.0,104.5507886739017,437.9719858609583,1.0,168.13154561816498,433.54736516247976,1.0,171.58373712336265,437.25269583691033,1.0,155.83609664346207,437.4148601297485,1.0,1.0,0.4,142.1649884226065,156.68839121156134,False,105.55773194493815,191.7341655361863,False,168.67059983963046,196.40262296670272,False,100.90978678014744,238.11661281532847,False,170.59732668226627,242.1179379224929,False,127.78704094664522,230.20109407288865,False,144.5012399722252,228.52896739923176,False,117.89842473891544,287.8293307808315,False,152.16069065812587,287.3791271308463,False,111.62320390491084,358.4638706227339,False,154.3310270364105,359.0032623370522,False,104.53509333864704,426.1238277182282,False,157.77733680221212,426.5145304318476,False,True,60.07936086545922,179.09633120865544,178.8133373933788,45.75589904955672,29.422200146488752,75.17809919604548,1.000422642261122,0.7566421861880143,0.9027558553737652,0.6430252876164125,True,True,True,True,0.6690726863797138,False,0.0003682339128686,False,True,60.07936086545922,valid,0.15250546035281332,-0.39735769336422777,0.4256184346491152,25.53710607894683,24.596989002920928,136.07186179540247,240.83631160364172,7.281124599609169,8.429378176822723,-12.307344204409958,0.428308417605186,25.69850505631108,15.27742815007459,232.32719218630163,0.1176195393558623,0.1183629154185768,0.07036521898757618,False
25,25,0.4166666666666667,0.4166666666666667,Sports2D_HALPE26_postprocessed,142.12945288880354,156.63645604112713,1.0,105.53621528882285,191.6440915212609,1.0,168.6921288237658,196.40999998132827,1.0,100.90848643401928,238.0964475170071,1.0,170.58372889862255,242.1210150346689,1.0,127.8083368312508,229.9873199550751,1.0,144.56553733920765,228.3324922985036,1.0,118.07696049830048,287.8428036403719,1.0,152.18700929701325,287.4833666128712,1.0,111.61038152787654,358.4766097837234,1.0,154.31313687182444,359.0063850079317,1.0,104.54062928442606,426.0996540811794,1.0,157.7989996462128,426.4950927637317,1.0,102.33081594964742,433.2722208495208,1.0,96.7951799059012,434.3420158589111,1.0,104.5226585238536,437.8686897007992,1.0,168.06106864227723,433.4674439601076,1.0,171.55590427657864,437.23363222974695,1.0,155.81838338622757,437.3454886794591,1.0,1.0,0.4166666666666667,142.12945288880354,156.63645604112713,False,105.53621528882285,191.6440915212609,False,168.6921288237658,196.40999998132827,False,100.90848643401928,238.0964475170071,False,170.58372889862255,242.1210150346689,False,127.8083368312508,229.9873199550751,False,144.56553733920765,228.3324922985036,False,118.07696049830048,287.8428036403719,False,152.18700929701325,287.4833666128712,False,111.61038152787654,358.4766097837234,False,154.31313687182444,359.0063850079317,False,104.54062928442606,426.0996540811794,False,157.7989996462128,426.4950927637317,False,True,59.70868830855117,179.26249949205857,178.7459406290586,45.750137136952176,29.44604644545946,75.19618358241163,1.0002966618312308,0.7572554345411576,0.9029730168324543,0.64362750120974,True,True,True,True,0.3706725569080547,False,0.0006022135933274,False,True,59.70868830855117,valid,0.06429736698245847,-0.19647510072815066,0.20672836430208094,12.40370185812486,18.886169606427,136.1230784769756,240.84506543895807,3.117563339339062,8.442458862232058,-12.512573140454464,0.20564537563664756,12.338722538198857,19.612312688178033,232.3463804401477,0.057129327589035335,0.056830043964112203,0.09033095515816439,False
26,26,0.4333333333333333,0.4333333333333333,Sports2D_HALPE26_postprocessed,142.1179024747629,156.5279462449646,1.0,105.52429811711684,191.7266470191488,1.0,168.84180812359332,196.42438496223903,1.0,100.9075669675686,238.0931104166356,1.0,170.5963377537459,242.117837566038,1.0,127.82821839389942,229.95379862160263,1.0,144.59412312415273,228.0190235011731,1.0,118.15535331274424,287.844969315244,1.0,152.2069187907964,287.432194595941,1.0,111.60407507594628,358.4888787188231,1.0,154.31086597630272,359.0081523737693,1.0,104.52119887661848,426.09259112147663,1.0,157.81498215597418,426.4604295569181,1.0,102.39658311821104,433.27202885905024,1.0,96.81584527994738,434.2627211986443,1.0,104.50820639278152,437.82073267993866,1.0,168.02784509892325,433.3627135109873,1.0,171.54144393897138,437.2172071039684,1.0,155.81167236724934,437.30551629129417,1.0,1.0,0.4333333333333333,142.1179024747629,156.5279462449646,False,105.52429811711684,191.7266470191488,False,168.84180812359332,196.42438496223903,False,100.9075669675686,238.0931104166356,False,170.5963377537459,242.117837566038,False,127.82821839389942,229.95379862160263,False,144.59412312415273,228.0190235011731,False,118.15535331274424,287.844969315244,False,152.2069187907964,287.432194595941,False,111.60407507594628,358.4888787188231,False,154.31086597630272,359.0081523737693,False,104.52119887661848,426.09259112147663,False,157.81498215597418,426.4604295569181,False,True,59.33379343664954,179.3171759360101,178.70988482678086,45.72712526584965,29.57856865500866,75.3056939208583,0.9997935224028736,0.7606634697612478,0.9042880420899952,0.6468495118169784,True,True,True,True,0.374894871901624,False,0.0032220106072383,False,True,59.33379343664954,valid,0.02858578494507924,-0.3134687973305006,0.31476949344044886,18.886169606427,12.40370185812486,136.1820945860627,240.8570489731432,3.6132288059370077,8.412028538090027,-12.838025471970099,0.32687187813629937,19.612312688178033,12.338722538198857,232.27888744257825,0.0869864644191603,0.09033095515816439,0.056830043964112203,False
27,27,0.45,0.45,Sports2D_HALPE26_postprocessed,142.09503705566144,156.55932357744885,1.0,105.51863477967365,191.80973374838868,1.0,168.9352709602471,196.4480599047706,1.0,100.9052856429611,238.09170723143168,1.0,170.652373644867,242.0816067931859,1.0,127.85001698518464,229.9085627224329,1.0,144.62156823891755,227.9320461912044,1.0,118.19527365538758,287.8014826021097,1.0,152.22554751327112,287.3747322502296,1.0,111.60329585179088,358.49508067013136,1.0,154.32605794864185,359.00923363853144,1.0,104.51047630035114,426.0949978511337,1.0,157.8308313158163,426.4083867738551,1.0,102.46332821636736,433.2916223457312,1.0,96.81477736974122,434.2348824191259,1.0,104.50333474685252,437.804069263838,1.0,168.0181291767887,433.2975447600216,1.0,171.531625444101,437.1950292556816,1.0,155.81162022009886,437.281249222208,1.0,1.0,0.45,142.09503705566144,156.55932357744885,False,105.51863477967365,191.80973374838868,False,168.9352709602471,196.4480599047706,False,100.9052856429611,238.09170723143168,False,170.652373644867,242.0816067931859,False,127.85001698518464,229.9085627224329,False,144.62156823891755,227.9320461912044,False,118.19527365538758,287.8014826021097,False,152.22554751327112,287.3747322502296,False,111.60329585179088,358.49508067013136,False,154.32605794864185,359.00923363853144,False,104.51047630035114,426.0949978511337,False,157.8308313158163,426.4083867738551,False,True,59.31791766065227,179.33750727399203,178.7028662187753,45.66584109864536,29.627907373143223,75.29374847178858,0.9984535843892662,0.7619322992630246,0.904144598398174,0.6487980218987385,True,True,True,True,0.0158757759972729,False,0.0019485100817601,False,True,59.31791766065227,valid,0.02744511476481648,-0.08697730996871655,0.09120464228233204,5.472278536939905,5.472278536939905,136.21868172714485,240.85850212637465,2.1969592551445656,8.402886511772692,-12.926455935170253,0.08890176301390605,5.334105780834347,5.334105780834347,232.2017892750241,0.025204378238945238,0.024567978175663835,0.024567978175663835,False
28,28,0.4666666666666667,0.4666666666666667,Sports2D_HALPE26_postprocessed,142.04622785957002,156.46969789890164,1.0,105.51642567810548,191.9358043712124,1.0,168.9872897572782,196.50440238583388,1.0,100.89728526127097,238.09118229703208,1.0,170.79185933091827,241.94905747222865,1.0,127.87399508587588,229.7196428136641,1.0,144.68317495694996,227.86933216742835,1.0,118.21957322675404,287.5796600173473,1.0,152.2402860512075,287.24114695138366,1.0,111.60433585242596,358.4785785737822,1.0,154.36457791688537,358.9988171646953,1.0,104.5041034588351,426.0974027924208,1.0,157.84439588588407,426.32638056764574,1.0,102.61843739933052,433.3270471731015,1.0,96.78273123781368,434.2103808630601,1.0,104.50601060919148,437.7974311105857,1.0,168.01723168020592,433.2596018148933,1.0,171.516619383731,437.1601165993891,1.0,155.81327444594294,437.2589341691938,1.0,1.0,0.4666666666666667,142.04622785957002,156.46969789890164,False,105.51642567810548,191.9358043712124,False,168.9872897572782,196.50440238583388,False,100.89728526127097,238.09118229703208,False,170.79185933091827,241.94905747222865,False,127.87399508587588,229.7196428136641,False,144.68317495694996,227.86933216742835,False,118.21957322675404,287.5796600173473,False,152.2402860512075,287.24114695138366,False,111.60433585242596,358.4785785737822,False,154.36457791688537,358.9988171646953,False,104.5041034588351,426.0974027924208,False,157.84439588588407,426.32638056764574,False,True,59.38921178182889,179.33625317894567,178.73697768380072,45.48046995433856,29.66314319822043,75.14361315255898,0.994400566224646,0.7628384487551025,0.902341739055063,0.6522171654778767,True,True,True,True,0.0712941211766207,False,0.0034191435791381,False,True,59.38921178182889,valid,0.061606718032408025,-0.06271402377603863,0.08791152646215493,5.274691587729297,5.472278536939905,136.2408936783363,240.81525343144432,2.9171481621728463,8.442281278613649,-12.945921264015965,0.04394140054123264,2.636484032473959,5.334105780834347,232.07138375699267,0.024294326572282768,0.0121431941606855,0.024567978175663835,False
29,29,0.4833333333333333,0.4833333333333333,Sports2D_HALPE26_postprocessed,141.83550601875842,156.5105882051534,1.0,105.50812891977012,192.2046707982112,1.0,168.9967728176737,196.6552497131603,1.0,100.87258386660798,238.0982880668006,1.0,171.08142819118478,242.01369047846265,1.0,127.89787186626891,230.3498443750076,1.0,145.00386983692852,227.7297243856711,1.0,118.23168541166146,286.6433978516545,1.0,152.23356887421755,286.26649695277666,1.0,111.5965359557558,358.39666872165145,1.0,154.43944922415022,358.964212923618,1.0,104.48370320375945,426.1093892187777,1.0,157.84785768903433,426.26909147735967,1.0,103.17054516684873,433.3964089636708,1.0,96.66995806586964,434.1694287446176,1.0,104.50738159596162,437.8067385659483,1.0,168.0088103027984,433.2462605508816,1.0,171.48710438736882,437.112406160054,1.0,155.8095988148508,437.2319584585024,1.0,1.0,0.4833333333333333,141.83550601875842,156.5105882051534,False,105.50812891977012,192.2046707982112,False,168.9967728176737,196.6552497131603,False,100.87258386660798,238.0982880668006,False,171.08142819118478,242.01369047846265,False,127.89787186626891,230.3498443750076,False,145.00386983692852,227.7297243856711,False,118.23168541166146,286.6433978516545,False,152.23356887421755,286.26649695277666,False,111.5965359557558,358.39666872165145,False,154.43944922415022,358.964212923618,False,104.48370320375945,426.1093892187777,False,157.84785768903433,426.26909147735967,False,True,58.65686476042684,179.28661405933838,178.8389454219319,45.40632044865287,29.73332704322979,75.13964749188266,0.992779336045777,0.7646433463378315,0.902294118492236,0.6548279347333005,True,True,True,True,0.7323470214020489,False,0.0026107692554238,False,True,58.65686476042684,valid,0.3206948799785607,-0.13960778175726318,0.34976497647941696,20.985898588765092,20.985898588765092,136.2425390058307,240.44245382895065,22.3681939950282,8.761330831097808,-12.712729443279557,0.39518482030399854,23.711089218239998,23.711089218239998,231.83919311835436,0.0966574566964867,0.10920921825885124,0.10920921825885124,False
30,30,0.5,0.5,Sports2D_HALPE26_postprocessed,141.76750017611369,156.43216354229546,1.0,105.52221784811432,192.4347929703416,1.0,169.0209145485953,196.7200420625914,1.0,100.84241610384863,238.170024167964,1.0,171.32303875289904,242.08224061406904,1.0,127.93532419754897,229.4834281645091,1.0,145.50933154081895,226.59322657452924,1.0,118.27030337376182,287.17079576468564,1.0,152.2379522964415,286.6826078430871,1.0,111.60814655121166,358.18946918076017,1.0,154.60379094651736,358.8634741731035,1.0,104.4808448330536,426.1094211686821,1.0,157.8739689070566,426.252856951015,1.0,103.43487912283604,433.3829567494307,1.0,96.70962624298102,434.0041415610452,1.0,104.50609525810282,437.8022479695841,1.0,168.00292186774385,433.2289233225831,1.0,171.44964857135182,437.0369117135399,1.0,155.81486199972767,437.1642079686484,1.0,1.0,0.5,141.76750017611369,156.43216354229546,False,105.52221784811432,192.4347929703416,False,169.0209145485953,196.7200420625914,False,100.84241610384863,238.170024167964,False,171.32303875289904,242.08224061406904,False,127.93532419754897,229.4834281645091,False,145.50933154081895,226.59322657452924,False,118.27030337376182,287.17079576468564,False,152.2379522964415,286.6826078430871,False,111.60814655121166,358.18946918076017,False,154.60379094651736,358.8634741731035,False,104.4808448330536,426.1094211686821,False,157.8739689070566,426.252856951015,False,True,56.12969563569499,179.36863816703735,179.09909471941396,45.42057720104094,30.104103307490437,75.52468050853138,0.9930910505610724,0.7741784919686819,0.906917683253902,0.6627855734691217,True,True,True,True,2.5271691247318486,False,0.0079576387358212,False,True,56.12969563569499,valid,0.5054617038904325,-1.1364978111418509,1.2438323073590094,74.62993844154033,42.99412306175635,136.26284701672824,240.75205966017643,18.616268952940985,9.246484524090704,-14.158833085647188,1.5253163115542876,91.51897869325697,41.99889511056351,231.68388509057584,0.3437327218876612,0.4215207503521399,0.19343972183411087,False
31,31,0.5166666666666666,0.5166666666666666,Sports2D_HALPE26_postprocessed,141.96662518206222,156.51820271055888,1.0,105.54554567636993,192.3225005188961,1.0,169.03285078702697,196.6684981538733,1.0,100.79010866013334,238.41547276366765,1.0,171.53026683228995,242.22709556299856,1.0,127.98696571496043,228.61830629034856,1.0,146.03219427838476,226.103241590223,1.0,118.32166652316236,287.24005390076314,1.0,152.2177951164241,286.7509058235147,1.0,111.63639843178308,357.7202024302631,1.0,154.8548050564541,358.89566859167155,1.0,104.4802314840384,426.0318666741517,1.0,157.91411128215367,426.2631512301064,1.0,103.71233680734916,433.3927160207322,1.0,96.70424067622784,434.03730923019873,1.0,104.50234372656536,437.71413129159424,1.0,168.01206042970276,433.1682489658516,1.0,171.5180936885959,437.0321505117856,1.0,155.8185624287681,437.2738238732806,1.0,1.0,0.5166666666666666,141.96662518206222,156.51820271055888,False,105.54554567636993,192.3225005188961,False,169.03285078702697,196.6684981538733,False,100.79010866013334,238.41547276366765,False,171.53026683228995,242.22709556299856,False,127.98696571496043,228.61830629034856,False,146.03219427838476,226.103241590223,False,118.32166652316236,287.24005390076314,False,152.2177951164241,286.7509058235147,False,111.63639843178308,357.7202024302631,False,154.8548050564541,358.89566859167155,False,104.4802314840384,426.0318666741517,False,157.91411128215367,426.2631512301064,False,True,54.55486806854172,179.43812062435163,179.49318170738397,45.62699732384208,30.168367057227396,75.79536438106948,0.9976042907980288,0.7758311441786294,0.9101681172699546,0.661195538314837,True,True,True,True,1.574827567153271,False,0.0015900351542846,False,True,54.55486806854172,valid,0.5228627375658164,-0.4899849843062327,0.7165687176959366,42.99412306175635,42.99412306175635,136.27946452574582,240.74548959926182,1.0721503173229263,9.752729752638942,-14.64224800903881,0.699981585176056,41.99889511056351,41.99889511056351,231.7321003877905,0.19802357142190286,0.19343972183411087,0.19343972183411087,False
32,32,0.5333333333333333,0.5333333333333333,Sports2D_HALPE26_postprocessed,143.08157707145102,156.7014930867476,1.0,105.59642084823298,192.39253310022872,1.0,168.8778442869821,196.61905181859527,1.0,100.71030049436604,238.58040813521828,1.0,171.6667358671393,242.46504077701167,1.0,128.05798256585553,229.44134411045545,1.0,145.83929321556383,226.3718157511493,1.0,118.37967982819882,286.8455817577795,1.0,152.51506889024978,286.3762124116995,1.0,111.65444980600404,357.9275513491217,1.0,154.99820761509454,358.962134547963,1.0,104.48655237738328,426.1474679455065,1.0,157.93393982055716,426.5265655622776,1.0,103.29475731238983,433.3896381986586,1.0,96.6174153841151,434.1923333545405,1.0,104.5099056126088,437.8142853353909,1.0,168.05658870653093,433.2620908492824,1.0,171.58237383739544,436.98864921455504,1.0,155.78672204248062,437.5194080771477,1.0,1.0,0.5333333333333333,143.08157707145102,156.7014930867476,False,105.59642084823298,192.39253310022872,False,168.8778442869821,196.61905181859527,False,100.71030049436604,238.58040813521828,False,171.6667358671393,242.46504077701167,False,128.05798256585553,229.44134411045545,False,145.83929321556383,226.3718157511493,False,118.37967982819882,286.8455817577795,False,152.51506889024978,286.3762124116995,False,111.65444980600404,357.9275513491217,False,154.99820761509454,358.962134547963,False,104.48655237738328,426.1474679455065,False,157.93393982055716,426.5265655622776,False,True,54.59162128763689,179.40671244995022,179.4713187009461,45.93073720093234,30.43104805381277,76.36178525474512,1.0042453634621151,0.7825864351676388,0.9169698290155944,0.6625421212093032,True,True,True,True,0.0367532190951678,False,0.0013465828944662,False,True,54.59162128763689,valid,-0.19290106282093689,0.26857416092630615,0.3306703796149822,19.84022277689887,24.177717584928587,136.34225346341591,240.5583447720757,11.843829335587243,9.497039752147913,-14.1865290209264,0.5225487273712378,31.35292364227417,31.35292364227417,231.9095511581689,0.09138067001493112,0.1444061995460018,0.1444061995460018,False
33,33,0.55,0.55,Sports2D_HALPE26_postprocessed,143.6298267698585,156.89081176569204,1.0,105.71890868657133,192.5008841896937,1.0,168.8529732838485,196.66003681043887,1.0,100.71843448299089,238.82722730152352,1.0,171.84697402686646,242.5480682500932,1.0,128.13814842851087,228.9692481068049,1.0,146.19161156908277,226.1762393753308,1.0,118.44164450284056,286.89182467316465,1.0,152.73960894338384,286.42193186632505,1.0,111.70443694131814,358.1177008776957,1.0,155.25912427591064,358.975374727458,1.0,104.48509483327696,426.3693522272444,1.0,157.98326972753316,426.70530022919087,1.0,103.18768809295254,433.4003074601853,1.0,96.57524810031892,434.2584043540073,1.0,104.54291583267722,438.0102967121152,1.0,168.13444082050137,433.3236324150327,1.0,171.65192815349278,436.9859852362189,1.0,155.7445548673968,437.6213286496757,1.0,1.0,0.55,143.6298267698585,156.89081176569204,False,105.71890868657133,192.5008841896937,False,168.8529732838485,196.66003681043887,False,100.71843448299089,238.82722730152352,False,171.84697402686646,242.5480682500932,False,128.13814842851087,228.9692481068049,False,146.19161156908277,226.1762393753308,False,118.44164450284056,286.89182467316465,False,152.73960894338384,286.42193186632505,False,111.70443694131814,358.1177008776957,False,155.25912427591064,358.975374727458,False,104.48509483327696,426.3693522272444,False,157.98326972753316,426.70530022919087,False,True,53.723222921480605,179.36546303819708,179.6856380730297,45.98560067951593,30.43409935491374,76.41970003442967,1.0054449173414697,0.7826649045929116,0.917665282971361,0.6618180235812482,True,True,True,True,0.8683983661562849,False,0.000724097628055,False,True,53.723222921480605,valid,0.3523183535189389,-0.1955763758185185,0.40296195974881105,24.177717584928587,19.84022277689887,136.43828385416106,240.6186693849056,6.804353128333308,9.75332771492171,-14.442430009574792,0.3621723841680473,21.73034305008277,21.73034305008277,232.03579754393246,0.111358428641994,0.10008624045708654,0.10008624045708654,False
34,34,0.5666666666666667,0.5666666666666667,Sports2D_HALPE26_postprocessed,143.96329198819677,156.94658072703223,1.0,105.94526747114443,192.371822932378,1.0,168.93694575243808,196.55429843191968,1.0,100.76551340379616,238.86436797501776,1.0,172.17174276285849,242.5817558842847,1.0,128.2687858026948,228.570333120567,1.0,146.33236048136425,225.884073983312,1.0,118.53262257273867,287.0706627500315,1.0,152.80132574893835,286.616348107101,1.0,111.77008909939428,358.18073834568014,1.0,155.34487358621,358.91167918659085,1.0,104.49825425185696,426.4402500446752,1.0,158.02156712563632,426.8846432934059,1.0,103.14149614124352,433.4542012957533,1.0,96.55081368498726,434.33074496333,1.0,104.53421838068208,438.0833029726937,1.0,168.26740863831702,433.41454024357495,1.0,171.7339489873191,437.0579183676827,1.0,155.7797431133081,437.6270372090296,1.0,1.0,0.5666666666666667,143.96329198819677,156.94658072703223,False,105.94526747114443,192.371822932378,False,168.93694575243808,196.55429843191968,False,100.76551340379616,238.86436797501776,False,172.17174276285849,242.5817558842847,False,128.2687858026948,228.570333120567,False,146.33236048136425,225.884073983312,False,118.53262257273867,287.0706627500315,False,152.80132574893835,286.616348107101,False,111.77008909939428,358.18073834568014,False,155.34487358621,358.91167918659085,False,104.49825425185696,426.4402500446752,False,158.02156712563632,426.8846432934059,False,True,53.10890694547063,179.3515536257519,179.75991768709196,46.14098775739306,30.765016781325983,76.90600453871905,1.00884235361203,0.7911750120533203,0.9235049389807132,0.666761122303815,True,True,True,True,0.6143159760099763,False,0.0049430987225668,False,True,53.10890694547063,valid,0.1407489122814809,-0.2921653920188021,0.3243005898883323,19.45803539330001,24.177717584928587,136.5540403863149,240.65328305535752,7.249251775623998,9.778320095049338,-14.769209072045527,0.3277333897144081,19.664003382864554,21.73034305008277,232.28164377696442,0.08962038034594705,0.09056903364987827,0.10008624045708654,False
35,35,0.5833333333333334,0.5833333333333334,Sports2D_HALPE26_postprocessed,143.80712324441265,156.93974333421266,1.0,106.09704873226072,192.36812139075568,1.0,169.03367700756968,196.6056267627703,1.0,100.9070315934174,239.4197541731367,1.0,172.58013510976383,242.86543598348345,1.0,128.33502373808253,227.3295048132904,1.0,147.45790586121035,224.53670097995928,1.0,118.75475542524124,287.3630335495906,1.0,152.83222805776364,286.99197877271524,1.0,111.95377053260069,357.9493390493069,1.0,155.3852916176051,358.74151995757586,1.0,104.48863098936854,426.4633887534952,1.0,158.121722373202,427.0108280722428,1.0,103.27776001040152,433.470775914161,1.0,96.6404258763112,434.2355477327936,1.0,104.47702966564378,438.0549612868811,1.0,168.1542954916491,433.4567007349808,1.0,171.58420904341853,437.0700965114376,1.0,155.82049550330385,437.6090147218482,1.0,1.0,0.5833333333333334,143.80712324441265,156.93974333421266,False,106.09704873226072,192.36812139075568,False,169.03367700756968,196.6056267627703,False,100.9070315934174,239.4197541731367,False,172.58013510976383,242.86543598348345,False,128.33502373808253,227.3295048132904,False,147.45790586121035,224.53670097995928,False,118.75475542524124,287.3630335495906,False,152.83222805776364,286.99197877271524,False,111.95377053260069,357.9493390493069,False,155.3852916176051,358.74151995757586,False,104.48863098936854,426.4633887534952,False,158.121722373202,427.0108280722428,False,True,49.50222614605052,179.28516405985746,179.74254428603857,46.395552741694935,31.09773189874606,77.49328464044099,1.0144082495841888,0.7997313502118917,0.9305571331202784,0.6702739823336349,True,True,True,True,3.6066807994201113,False,0.0035128600298198,False,True,49.50222614605052,valid,1.125545379846102,-1.3473730033527147,1.7556384628552146,105.33830777131256,28.834108418443247,136.67942730570883,240.83219011895795,13.10826537191,10.778478555501522,-16.295489138998676,1.8247870529989494,109.48722317993662,64.49267857354027,232.3345890742325,0.4851702146000874,0.5042794087930469,0.2970422381531781,False
36,36,0.6,0.6,Sports2D_HALPE26_postprocessed,143.8626511510701,156.91403851193775,1.0,106.26988242828848,192.12450151513465,1.0,169.096667770575,196.6669392891304,1.0,101.13144349404052,239.8779744085157,1.0,172.77935758042904,243.01447534381413,1.0,128.64992763161183,226.4724379209626,1.0,147.73927299339547,224.14711325584148,1.0,119.05078639872276,288.66997148822395,1.0,152.85386397176728,288.570293418733,1.0,112.07569134000283,357.7429505281263,1.0,155.4130219155171,358.4092550933207,1.0,104.47579084959494,426.7215392686175,1.0,158.33069703612728,427.2610717364692,1.0,103.1665209015228,433.4808976870355,1.0,96.70525983743876,434.2988080138451,1.0,104.22841330340528,437.9147227485127,1.0,167.91676357010795,433.4915430338286,1.0,171.37805206907836,437.08383767880105,1.0,155.8488254792225,437.6021753912527,1.0,1.0,0.6,143.8626511510701,156.91403851193775,False,106.26988242828848,192.12450151513465,False,169.096667770575,196.6669392891304,False,101.13144349404052,239.8779744085157,False,172.77935758042904,243.01447534381413,False,128.64992763161183,226.4724379209626,False,147.73927299339547,224.14711325584148,False,119.05078639872276,288.66997148822395,False,152.85386397176728,288.570293418733,False,112.07569134000283,357.7429505281263,False,155.4130219155171,358.4092550933207,False,104.47579084959494,426.7215392686175,False,158.33069703612728,427.2610717364692,False,True,48.45940185731339,179.47891180767587,179.6720674264815,46.493615718459786,31.352562706810165,77.84617842526995,1.0165523320819851,0.8062847601799322,0.9347947626159188,0.6743412449714461,True,True,True,True,1.0428242887371295,False,0.0040672626378112,False,True,48.45940185731339,valid,0.28136713218512455,-0.38958772411780274,0.4805684736407191,28.834108418443247,35.58759428279598,136.8178001423384,241.5079264278055,41.38550185321631,10.921472851057075,-17.360813171964026,1.0748779762256675,64.49267857354027,64.49267857354027,232.68034940563837,0.13280496777629205,0.2970422381531781,0.2970422381531781,False
37,37,0.6166666666666667,0.6166666666666667,Sports2D_HALPE26_postprocessed,144.3277625386669,156.8933912696787,1.0,106.46485884876452,192.10353218021987,1.0,169.11686121950834,196.8555444638898,1.0,101.30066557471972,240.0787525766152,1.0,173.1694460796769,243.34769257692523,1.0,128.77697403138896,225.30790918102988,1.0,148.15888089363244,223.72791361398137,1.0,119.14815039263732,288.38246133863106,1.0,152.87325709612952,288.0097861780305,1.0,112.19824479709888,357.3518904995721,1.0,155.4441201735877,358.2409922678129,1.0,104.4446487317463,426.8364419993347,1.0,158.4114688504323,427.3344765377016,1.0,103.3416565849536,433.45826402081536,1.0,96.7301565349961,434.1791521102704,1.0,104.08523727670097,437.8257450772807,1.0,167.75546831712177,433.5055885722618,1.0,171.2544083475999,437.0845574612955,1.0,155.85498056729384,437.5901995080801,1.0,1.0,0.6166666666666667,144.3277625386669,156.8933912696787,False,106.46485884876452,192.10353218021987,False,169.11686121950834,196.8555444638898,False,101.30066557471972,240.0787525766152,False,173.1694460796769,243.34769257692523,False,128.77697403138896,225.30790918102988,False,148.15888089363244,223.72791361398137,False,119.14815039263732,288.38246133863106,False,152.87325709612952,288.0097861780305,False,112.19824479709888,357.3518904995721,False,155.4441201735877,358.2409922678129,False,104.4446487317463,426.8364419993347,False,158.4114688504323,427.3344765377016,False,True,46.9055331612351,179.38700917922247,179.63725352730756,46.66843987335864,31.78779793380085,78.4562378071595,1.0203747472592184,0.8174775782566446,0.9421204955755978,0.6811412170636408,True,True,True,True,1.5538686960782897,False,0.0067999720921947,False,True,46.9055331612351,valid,0.4196079002369686,-0.4191996418601036,0.5931265713799349,35.58759428279598,28.834108418443247,136.90078188925992,241.3378310401928,11.355451569767233,11.258099004372525,-17.60991742621144,0.4187721296601731,25.126327779610307,25.126327779610307,232.69293005807214,0.16391036765816683,0.11572756482296176,0.11572756482296176,False
38,38,0.6333333333333333,0.6333333333333333,Sports2D_HALPE26_postprocessed,145.2035175394303,156.90106681070998,1.0,106.60086237163756,192.17601703436333,1.0,169.0463351358798,196.91503124764893,1.0,101.46181553642585,240.26891239195697,1.0,173.48616304653413,243.5956148503296,1.0,128.75422215837267,224.34463202526808,1.0,148.17937865609704,223.87244538894524,1.0,119.14125603890356,287.86063831104184,1.0,152.9736451798441,287.4397483661986,1.0,112.42218717871894,357.1248769417888,1.0,155.53759479217223,358.143194173636,1.0,104.32210042964826,426.8191574472488,1.0,158.44121651439528,427.2559938269254,1.0,103.63883024607424,433.36569551140417,1.0,96.69967345244334,433.9634539901479,1.0,104.08614113379905,437.9002717251217,1.0,167.62433888702384,433.4942846260334,1.0,171.19044921178448,437.0652220579101,1.0,155.8310083208146,437.5708060490182,1.0,1.0,0.6333333333333333,145.2035175394303,156.90106681070998,False,106.60086237163756,192.17601703436333,False,169.0463351358798,196.91503124764893,False,101.46181553642585,240.26891239195697,False,173.48616304653413,243.5956148503296,False,128.75422215837267,224.34463202526808,False,148.17937865609704,223.87244538894524,False,119.14125603890356,287.86063831104184,False,152.9736451798441,287.4397483661986,False,112.42218717871894,357.1248769417888,False,155.53759479217223,358.143194173636,False,104.32210042964826,426.8191574472488,False,158.44121651439528,427.2559938269254,False,True,46.635366281212704,178.911364600156,179.6710906308771,46.891246063237496,32.08483675798515,78.97608282122265,1.025246258076858,0.825116439531278,0.9483629137179956,0.6842393719867365,True,True,True,True,0.2701668800223942,False,0.0030981549230956,False,True,46.635366281212704,valid,0.020497762464600555,0.14453177496386616,0.14597805396791957,8.758683238075205,35.58759428279598,136.94052468156627,241.09785873981318,14.59446128376376,11.23885397453077,-17.22541335086794,0.38498539599492604,23.099123759695644,25.126327779610307,232.5812817134041,0.040340995751105245,0.10639061010829708,0.11572756482296176,False
39,39,0.65,0.65,Sports2D_HALPE26_postprocessed,145.4420541654653,156.91621799784045,1.0,106.65214919826894,192.4790781676394,1.0,169.18448913394425,197.39499193191125,1.0,101.48642707211349,240.43277693192755,1.0,174.2270106598471,244.2982947700233,1.0,128.16931851488243,223.5964400345716,1.0,150.2152355658978,222.7834292114608,1.0,119.45741282715304,286.0161532905154,1.0,152.9793075876738,285.8657334025165,1.0,112.69768019525316,356.74212589574216,1.0,155.55545211005366,358.05850386858435,1.0,104.25063979876418,426.588591300304,1.0,158.57217000913136,426.98664257103576,1.0,104.42073985587535,433.1687082137395,1.0,96.80379218117407,433.3009893715479,1.0,103.83842678806047,437.9232279558447,1.0,167.11200425894552,433.4827844565351,1.0,171.05388049354372,437.0435791903493,1.0,155.87884871569943,437.5562620789482,1.0,1.0,0.65,145.4420541654653,156.91621799784045,False,106.65214919826894,192.4790781676394,False,169.18448913394425,197.39499193191125,False,101.48642707211349,240.43277693192755,False,174.2270106598471,244.2982947700233,False,128.16931851488243,223.5964400345716,False,150.2152355658978,222.7834292114608,False,119.45741282715304,286.0161532905154,False,152.9793075876738,285.8657334025165,False,112.69768019525316,356.74212589574216,False,155.55545211005366,358.05850386858435,False,104.25063979876418,426.588591300304,False,158.57217000913136,426.98664257103576,False,True,42.00300685061245,178.5638331872644,179.5376741859726,47.17358201857097,32.24057665683761,79.41415867540857,1.0314193480675955,0.8291215573320448,0.953623429036864,0.6834455913088254,True,True,True,True,4.632359430600253,False,0.000793780677911,False,True,42.00300685061245,valid,2.0358569098007706,-1.0890161774844387,2.3088242878154155,138.5294572689245,89.28102996440533,137.06833968676,240.43898919814563,40.26915313938844,13.146895879137816,-17.655559986684835,1.9559268999737893,117.35561399842699,79.08155531762598,231.9418725759603,0.6380429677825293,0.5405198700528961,0.36423610722565913,False
40,40,0.6666666666666666,0.6666666666666666,Sports2D_HALPE26_postprocessed,145.70884621898713,156.95046757223213,1.0,106.6691853991625,193.0691107259757,1.0,169.31681393480366,197.68771516606955,1.0,101.3590759011822,240.5938279164468,1.0,174.49945938082877,244.61269118954607,1.0,127.49543166819458,222.9006173851866,1.0,151.631022476103,222.3254526712092,1.0,120.02861209776428,285.4475630003116,1.0,152.79854333603586,284.9631831392078,1.0,113.05689363736788,356.77098875340266,1.0,155.63402631854007,357.9140724666523,1.0,104.29250989757116,426.3979024752214,1.0,158.6160907636718,426.79691279236863,1.0,105.0414259347223,433.0851609323632,1.0,96.74938307323843,433.1688577465645,1.0,103.84580176578336,437.89346856019273,1.0,166.25689087747844,433.4966569360893,1.0,171.02125248195233,437.0450670205925,1.0,155.8345162050724,437.55348563195423,1.0,1.0,0.6666666666666666,145.70884621898713,156.95046757223213,False,106.6691853991625,193.0691107259757,False,169.31681393480366,197.68771516606955,False,101.3590759011822,240.5938279164468,False,174.49945938082877,244.61269118954607,False,127.49543166819458,222.9006173851866,False,151.631022476103,222.3254526712092,False,120.02861209776428,285.4475630003116,False,152.79854333603586,284.9631831392078,False,113.05689363736788,356.77098875340266,False,155.63402631854007,357.9140724666523,False,104.29250989757116,426.3979024752214,False,158.6160907636718,426.79691279236863,False,True,39.43490392619749,178.40835801143024,179.74698226197316,47.2103080759176,31.93252898282035,79.14283705873795,1.0322223391593184,0.8211995846597745,0.9503653368430172,0.6763889134438718,True,True,True,True,2.5681029244149585,False,0.0070566778649536,False,True,39.43490392619749,valid,1.4157869102051848,-0.4579765402515932,1.488017166073417,89.28102996440533,138.5294572689245,137.20328869194157,240.2918930078912,11.977256926054507,14.427733784161433,-17.966440336681984,1.3180259219604284,79.08155531762598,117.35561399842699,231.31143096145388,0.4112131415817563,0.36423610722565913,0.5405198700528961,False
41,41,0.6833333333333333,0.6833333333333333,Sports2D_HALPE26_postprocessed,145.37369451974394,156.87530132658145,1.0,106.53323952783605,194.15932288672465,1.0,169.39208772390705,198.604164809216,1.0,101.2957667574552,240.74428664988017,1.0,174.86301561609577,244.89865710745065,1.0,126.94045620401816,221.3188557031092,1.0,153.9856734570994,222.1333960897404,1.0,120.80969042747807,280.1704321123357,1.0,152.49389708700676,280.5460048197216,1.0,113.3427890516908,355.61289244109736,1.0,155.64332288923194,357.1814139017212,1.0,104.4404345063338,425.4362885289453,1.0,158.75791507911595,426.453914485772,1.0,106.88221628156442,432.8426427825237,1.0,96.71684565487676,432.2962134435932,1.0,104.12357454119682,437.5002405567848,1.0,164.94690662064767,433.5473559663143,1.0,170.73662644476963,437.07312341141807,1.0,155.8216400244881,437.558290968348,1.0,1.0,0.6833333333333333,145.37369451974394,156.87530132658145,False,106.53323952783605,194.15932288672465,False,169.39208772390705,198.604164809216,False,101.2957667574552,240.74428664988017,False,174.86301561609577,244.89865710745065,False,126.94045620401816,221.3188557031092,False,153.9856734570994,222.1333960897404,False,120.80969042747807,280.1704321123357,False,152.49389708700676,280.5460048197216,False,113.3427890516908,355.61289244109736,False,155.64332288923194,357.1814139017212,False,104.4404345063338,425.4362885289453,False,158.75791507911595,426.453914485772,False,True,35.783243939730696,178.38652368902274,179.77894821016093,46.61663940217951,30.888841429038496,77.50548083121801,1.0192421640224367,0.7943593745987004,0.9307035877760218,0.6626140756854799,True,True,True,True,3.6516599864667967,False,0.0137748377583918,False,True,35.783243939730696,valid,2.3546509809964107,-0.19205658146881888,2.362470523158511,141.7482313895102,99.1972042795461,137.307228691557,238.36998115699947,115.4832250589886,16.678444765542423,-16.236585067259085,2.8386791250261365,170.32074750156767,90.12432573870824,229.65153857525496,0.6528680904171562,0.7844682088075776,0.41509721756936496,False
42,42,0.7,0.7,Sports2D_HALPE26_postprocessed,145.78483011115844,156.76498600756145,1.0,106.55886575649488,194.42078440187447,1.0,169.9990857641933,199.03706020207312,1.0,101.25864672347586,240.73014998595204,1.0,174.92907365013073,245.1485280279319,1.0,126.67677639851476,221.5227794882152,1.0,155.57900723803954,222.57458142555367,1.0,120.9807675346276,280.07280359156806,1.0,152.21355838063715,280.34385297715187,1.0,113.53581591117624,355.23744795548595,1.0,155.9114554710842,357.19333482921405,1.0,104.4051848871084,424.9774140237072,1.0,158.96221802073072,426.438174519408,1.0,106.9359264760042,432.6055606505389,1.0,96.69453476491526,431.92863277438335,1.0,104.17850142261338,437.26389246416704,1.0,165.0490371472966,433.6045637030752,1.0,170.76593313735108,437.09573530612926,1.0,155.90670762012417,437.55867489861566,1.0,1.0,0.7,145.78483011115844,156.76498600756145,False,106.55886575649488,194.42078440187447,False,169.9990857641933,199.03706020207312,False,101.25864672347586,240.73014998595204,False,174.92907365013073,245.1485280279319,False,126.67677639851476,221.5227794882152,False,155.57900723803954,222.57458142555367,False,120.9807675346276,280.07280359156806,False,152.21355838063715,280.34385297715187,False,113.53581591117624,355.23744795548595,False,155.9114554710842,357.19333482921405,False,104.4051848871084,424.9774140237072,False,158.96221802073072,426.438174519408,False,True,34.5001409201283,178.1976517369568,179.76781058824227,46.37426275005025,29.732274305195062,76.10653705524531,1.0139427579178175,0.7646162733791775,0.9139047501011732,0.6411374012660255,True,True,True,True,1.2831030196023931,False,0.0214766744194544,False,True,34.5001409201283,valid,1.593333780940128,0.44118533581328734,1.6532867379924292,99.1972042795461,99.1972042795461,137.43806935898823,238.46862529316687,9.831571851674253,18.140937879051307,-15.894043867613192,1.5020720956451319,90.12432573870824,90.12432573870824,229.0738340615096,0.45688534310347984,0.41509721756936496,0.41509721756936496,False
43,43,0.7166666666666667,0.7166666666666667,Sports2D_HALPE26_postprocessed,145.82914942810697,156.6439063489565,1.0,106.3756254298564,194.90903010607803,1.0,170.09686621761762,199.2717639151408,1.0,101.21130549849956,241.0703014166011,1.0,175.18928648304998,245.7548314500146,1.0,126.47184655772804,221.0560522237813,1.0,156.8811839241272,222.90026350817527,1.0,120.94342702124726,280.0443553814738,1.0,151.6334898436241,280.6182598364893,1.0,113.86591750944876,354.4549606112556,1.0,155.88725150034932,356.89877566916687,1.0,104.49916150068664,424.0745030588701,1.0,158.9941886471232,426.412258206975,1.0,107.29836835809196,432.43964081233867,1.0,96.65746507706515,431.360106937964,1.0,104.18158855491988,437.0833345722388,1.0,164.76591760926,433.7187968822292,1.0,170.70927178407925,437.12578364599983,1.0,155.92603861349855,437.5466458221779,1.0,1.0,0.7166666666666667,145.82914942810697,156.6439063489565,False,106.3756254298564,194.90903010607803,False,170.09686621761762,199.2717639151408,False,101.21130549849956,241.0703014166011,False,175.18928648304998,245.7548314500146,False,126.47184655772804,221.0560522237813,False,156.8811839241272,222.90026350817527,False,120.94342702124726,280.0443553814738,False,151.6334898436241,280.6182598364893,False,113.86591750944876,354.4549606112556,False,155.88725150034932,356.89877566916687,False,104.49916150068664,424.0745030588701,False,158.9941886471232,426.412258206975,False,True,32.445095055131254,177.7706230996376,179.36738067093225,46.76118381319514,29.28340648073895,76.04459029393409,1.022402532512535,0.7530728697480773,0.9131608791853988,0.6262332150897283,True,True,True,True,2.055045864997048,False,0.0149041861762971,False,True,32.445095055131254,valid,1.3021766860876767,0.32568208262159715,1.3422864600118056,80.5371876007081,80.5371876007081,137.26235212808635,238.71085230979548,17.954991009584255,19.618831796040865,-15.810588801620213,1.4802483500800232,88.81490100480111,88.81490100480111,228.24525945631507,0.3709405003576902,0.40906623138215953,0.40906623138215953,False
44,44,0.7333333333333333,0.7333333333333333,Sports2D_HALPE26_postprocessed,145.95022362891936,156.54994005791755,1.0,106.28195768464644,195.0814524754509,1.0,170.19056236157286,199.50280084902653,1.0,101.178420726066,241.13587432729284,1.0,175.69021741066567,246.1665204574478,1.0,126.20902636832946,221.2915097503653,1.0,157.49686446940217,223.2710925269305,1.0,120.96592053143262,279.85966099850225,1.0,151.1254532307656,280.49967382447926,1.0,114.30839458920724,353.8184380064731,1.0,155.69250152075114,356.47047208406065,1.0,104.43326070450692,423.28585417603415,1.0,159.0424778145768,426.3577553511137,1.0,107.7770226501033,432.20737614873497,1.0,96.66037471879612,430.6926301852346,1.0,104.20649568999792,436.5189503608361,1.0,163.8652348709831,433.9842543041297,1.0,170.71077236756423,437.20611846773136,1.0,155.95795710640076,437.524937971821,1.0,1.0,0.7333333333333333,145.95022362891936,156.54994005791755,False,106.28195768464644,195.0814524754509,False,170.19056236157286,199.50280084902653,False,101.178420726066,241.13587432729284,False,175.69021741066567,246.1665204574478,False,126.20902636832946,221.2915097503653,False,157.49686446940217,223.2710925269305,False,120.96592053143262,279.85966099850225,False,151.1254532307656,280.49967382447926,False,114.30839458920724,353.8184380064731,False,155.69250152075114,356.47047208406065,False,104.43326070450692,423.28585417603415,False,159.0424778145768,426.3577553511137,False,True,31.749932628827374,177.05304652580307,179.30407112764357,46.98668889539219,29.24378072970206,76.23046962509426,1.027333052835839,0.7520538258035518,0.9153929608207724,0.6223843692158927,True,True,True,True,0.6951624263038809,False,0.0038488458738356,False,True,31.749932628827374,valid,0.6156805452749552,0.37082901875521657,0.7187327006481776,43.12396203889081,43.12396203889081,137.1409734521044,238.73589703686474,7.436133189607689,20.35589101729778,-15.464804509934254,0.8141394671778345,48.848368030670244,48.848368030670244,227.62245824920976,0.19862158752575504,0.22498722166446877,0.22498722166446877,False
45,45,0.75,0.75,Sports2D_HALPE26_postprocessed,146.1834492658055,156.50301319400648,1.0,106.16723686393595,195.3844403686274,1.0,170.19993255734482,199.58981165372845,1.0,101.01012021137096,241.1155056681304,1.0,175.76544820633515,246.2869136097466,1.0,126.14456907751908,220.9125934448076,1.0,157.58886563016767,223.36793319728469,1.0,120.68063702229034,279.8776986008321,1.0,150.60414109391476,280.76864282934093,1.0,114.51644305796924,353.1401052956989,1.0,155.58788856098056,356.2528037079249,1.0,104.37278579174044,421.63456023196375,1.0,159.05246923431318,426.2484245985772,1.0,107.97155978495128,432.2446236136655,1.0,96.65311921653458,430.0638125604644,1.0,104.0450090305414,434.98882774139634,1.0,163.63206075066907,434.2143886380842,1.0,170.66155489624242,437.45212976009407,1.0,155.94823965620392,437.4955174179335,1.0,1.0,0.75,146.1834492658055,156.50301319400648,False,106.16723686393595,195.3844403686274,False,170.19993255734482,199.58981165372845,False,101.01012021137096,241.1155056681304,False,175.76544820633515,246.2869136097466,False,126.14456907751908,220.9125934448076,False,157.58886563016767,223.36793319728469,False,120.68063702229034,279.8776986008321,False,150.60414109391476,280.76864282934093,False,114.51644305796924,353.1401052956989,False,155.58788856098056,356.2528037079249,False,104.37278579174044,421.63456023196375,False,159.05246923431318,426.2484245985772,False,True,31.62058601623972,176.38549150985835,179.05626273236123,47.027590790193685,29.25180024024244,76.27939103043613,1.0282273458673556,0.7522600612297681,0.9159804202750256,0.6220135828506465,True,True,True,True,0.1293466125876534,False,0.0003707863652462,False,True,31.62058601623972,valid,0.09200116076550557,0.0968406703541973,0.13357518114099906,8.014510868459919,24.397420651681355,136.91298688437146,238.9051483631322,17.0366073921945,20.67587874579621,-15.537215165847527,0.3280784197099484,19.684705182596844,35.16445238946912,226.54680167800282,0.03691346519831207,0.09066438259587167,0.16196144852765093,False
46,46,0.7666666666666666,0.7666666666666666,Sports2D_HALPE26_postprocessed,145.97324321696922,156.46776322360236,1.0,105.98698410757694,195.39327382008787,1.0,169.92223762882634,199.6915574430076,1.0,100.8569361916464,241.05917645062053,1.0,175.4356379304676,246.57462076180863,1.0,126.09866762654306,220.8270733355301,1.0,157.8702179764222,223.66150375504463,1.0,120.5652643577504,279.9708729171711,1.0,150.09666681188446,280.9464600514118,1.0,114.923379365313,352.4146105269005,1.0,155.36953079965937,356.0937939536732,1.0,104.08768165241976,419.85672117520585,1.0,159.02448649149818,426.15633342168087,1.0,108.3344222736766,432.25396605060826,1.0,96.47971236686767,429.8470149606797,1.0,103.6150717841468,433.6116957035472,1.0,163.29277267909887,434.3044402241316,1.0,170.46286500341088,437.8847343700109,1.0,155.82961433425584,437.49783754605096,1.0,1.0,0.7666666666666666,145.97324321696922,156.46776322360236,False,105.98698410757694,195.39327382008787,False,169.92223762882634,199.6915574430076,False,100.8569361916464,241.05917645062053,False,175.4356379304676,246.57462076180863,False,126.09866762654306,220.8270733355301,False,157.8702179764222,223.66150375504463,False,120.5652643577504,279.9708729171711,False,150.09666681188446,280.9464600514118,False,114.923379365313,352.4146105269005,False,155.36953079965937,356.0937939536732,False,104.08768165241976,419.85672117520585,False,159.02448649149818,426.15633342168087,False,True,30.76700776076057,175.32566468480488,178.97254924873914,47.206135290244255,28.871351009740334,76.07748629998459,1.0321311039447203,0.7424761587320817,0.913555901969934,0.6116016664407383,True,True,True,True,0.8535782554791496,False,0.0104119164099081,False,True,30.76700776076057,valid,0.281352346254522,0.2935705577599492,0.40662367752802114,24.397420651681355,24.397420651681355,136.64278822650954,239.0005410579196,17.192599900686155,21.22742974991266,-15.33903730287497,0.5860742064911499,35.16445238946912,35.16445238946912,225.55488643544086,0.11237034336039017,0.16196144852765093,0.16196144852765093,False
47,47,0.7833333333333333,0.7833333333333333,Sports2D_HALPE26_postprocessed,145.84168385015818,156.39580070369013,1.0,105.88773398041424,195.1394377907803,1.0,169.51619564347348,199.23395682817485,1.0,100.56412646457,240.88020391592056,1.0,175.4989559050841,246.5751597483798,1.0,125.9265524594868,220.6447246287301,1.0,156.49479073404922,223.61767044039868,1.0,120.16591325896653,279.90267936138287,1.0,149.7456680961249,280.857388684434,1.0,115.24990531031742,351.28496979876604,1.0,154.99299608933012,355.75315514179294,1.0,103.75899402446863,417.95791291120463,1.0,158.91021233763712,426.07755925505234,1.0,108.4270413971509,432.3359789107568,1.0,96.4809314951402,429.5682118918588,1.0,102.84584435270024,431.8940047381102,1.0,163.5458085701977,434.3711458365153,1.0,170.55061536024647,438.2476727028167,1.0,155.8061649528468,437.57558446754575,1.0,1.0,0.7833333333333333,145.84168385015818,156.39580070369013,False,105.88773398041424,195.1394377907803,False,169.51619564347348,199.23395682817485,False,100.56412646457,240.88020391592056,False,175.4989559050841,246.5751597483798,False,125.9265524594868,220.6447246287301,False,156.49479073404922,223.61767044039868,False,120.16591325896653,279.90267936138287,False,149.7456680961249,280.857388684434,False,115.24990531031742,351.28496979876604,False,154.99299608933012,355.75315514179294,False,103.75899402446863,417.95791291120463,False,158.91021233763712,426.07755925505234,False,True,32.41530014209284,174.1609519773139,179.18050666373748,47.71774213308849,29.802761770917183,77.52050390400568,1.0433170511154397,0.7664289790877001,0.9308839882792244,0.6245635363005015,True,True,True,True,1.6482923813322683,False,0.0129618698597632,False,True,32.41530014209284,valid,-1.3754272423729788,-0.043833314645951305,1.3761255242653512,82.56753145592081,53.121667140779515,136.32887774474477,238.783365666193,22.902789978520463,20.165912989304445,-15.165695225794309,1.0755767330780237,64.53460398468123,39.338746261560395,224.92118461847357,0.3802919166162851,0.29723533942042657,0.18118753157925185,False
48,48,0.8,0.8,Sports2D_HALPE26_postprocessed,146.08493514100212,156.61424036219512,1.0,105.90525174702246,194.4845901794228,1.0,168.42240221159784,198.862133293068,1.0,100.06440554709934,240.5528017529042,1.0,175.15566819393592,246.78036005489423,1.0,125.86361643427308,220.49548481076,1.0,156.05592075710132,222.8487377681876,1.0,119.95075565210196,280.13884288186046,1.0,149.21984099901397,281.1940209203317,1.0,115.94479416816228,350.4352338007725,1.0,154.4502977119014,355.99792546303246,1.0,103.53450665809724,416.3572314017995,1.0,158.85129204600483,426.0851836257212,1.0,108.0581052955258,432.1889760281469,1.0,96.59828482405304,429.4330303485446,1.0,102.1455781931862,430.5600604479053,1.0,164.70535294616226,434.33073785395976,1.0,170.83541018919837,438.48064719740745,1.0,155.78096782152164,437.63933278864187,1.0,1.0,0.8,146.08493514100212,156.61424036219512,False,105.90525174702246,194.4845901794228,False,168.42240221159784,198.862133293068,False,100.06440554709934,240.5528017529042,False,175.15566819393592,246.78036005489423,False,125.86361643427308,220.49548481076,False,156.05592075710132,222.8487377681876,False,119.95075565210196,280.13884288186046,False,149.21984099901397,281.1940209203317,False,115.94479416816228,350.4352338007725,False,154.4502977119014,355.99792546303246,False,103.53450665809724,416.3572314017995,False,158.85129204600483,426.0851836257212,False,True,30.594658922918963,172.600013772525,179.59332115719204,48.38897939393545,30.618995695882383,79.00797508981783,1.057993212398017,0.7874198301576939,0.9487458833929852,0.6327679583115952,True,True,True,True,1.820641219173876,False,0.0082044220110936,False,True,30.594658922918963,valid,-0.438869976947899,-0.7689326722110934,0.8853611190129946,53.121667140779515,82.56753145592081,135.87456265243407,238.66989681867074,28.096237770447708,20.181358104667254,-15.821159050483146,0.6556457710260086,39.338746261560395,64.53460398468123,224.62721789679136,0.2446693058954318,0.18118753157925185,0.29723533942042657,False
49,49,0.8166666666666667,0.8166666666666667,Sports2D_HALPE26_postprocessed,146.3883874546821,156.8082987197451,1.0,105.80404367504806,194.19980035000447,1.0,167.66015989451355,198.7535594462613,1.0,99.58160987785234,240.3438053331342,1.0,174.56955648876843,246.80836768506373,1.0,125.91808615495007,220.44262621777665,1.0,158.31536847367707,222.95923569536512,1.0,119.2142796176359,280.3401136501807,1.0,148.3620183653147,281.3456798516856,1.0,115.81949533473576,349.6737820836084,1.0,153.95372031700853,355.2748561665836,1.0,102.76499581545946,415.8140196153782,1.0,158.81633057693256,425.6966385839567,1.0,107.6722148405096,432.1814167879773,1.0,96.6228635326922,429.2433357915016,1.0,101.18544337640172,429.6073541936831,1.0,165.44317219043123,434.3753005456379,1.0,171.05412719785755,438.57388121458536,1.0,155.75452844913582,437.69581053295326,1.0,1.0,0.8166666666666667,146.3883874546821,156.8082987197451,False,105.80404367504806,194.19980035000447,False,167.66015989451355,198.7535594462613,False,99.58160987785234,240.3438053331342,False,174.56955648876843,246.80836768506373,False,125.91808615495007,220.44262621777665,False,158.31536847367707,222.95923569536512,False,119.2142796176359,280.3401136501807,False,148.3620183653147,281.3456798516856,False,115.81949533473576,349.6737820836084,False,153.95372031700853,355.2748561665836,False,102.76499581545946,415.8140196153782,False,158.81633057693256,425.6966385839567,False,True,26.09407499277885,171.6378330552325,179.62460874231246,48.54898923937319,28.86138812829357,77.41037736766675,1.0614917224412193,0.7422199462000113,0.929561563576084,0.5944796911423029,True,True,True,True,4.500583930140113,False,0.0382882671692922,False,True,26.09407499277885,valid,2.2594477165757496,0.11049792717753348,2.262148044635872,135.72888267815281,135.72888267815281,135.26012538812805,238.65978832453303,36.87122455679714,23.055243085549023,-15.700552629167902,2.8764145723800447,172.5848743428033,172.5848743428033,224.35733368928888,0.6251440005980737,0.7948963894826355,0.7948963894826355,False
50,50,0.8333333333333334,0.8333333333333334,Sports2D_HALPE26_postprocessed,148.2891696081067,158.01417930907334,1.0,105.7498926809146,193.8301753431816,1.0,165.9204217548935,198.53238405331376,1.0,99.09990145795253,239.94064432189904,1.0,172.9263030905536,246.835440158266,1.0,126.02598946149622,220.45292649288723,1.0,172.66555703066433,223.66022625457137,1.0,118.14610109313207,279.8974174261333,1.0,147.42271164024308,281.2204260387108,1.0,115.86334521465044,349.4967453640993,1.0,153.47375920483017,355.5441685650671,1.0,101.3763351416696,415.6038954118095,1.0,158.67339461566868,425.6585081495357,1.0,107.15614015771608,432.48641231252896,1.0,97.18611839868184,429.6683418442794,1.0,99.29208267405151,429.19799552966674,1.0,167.1761328529058,434.531404165019,1.0,171.56852321894195,438.6572379529673,1.0,155.5818950916358,437.777465580802,1.0,1.0,0.8333333333333334,148.2891696081067,158.01417930907334,False,105.7498926809146,193.8301753431816,False,165.9204217548935,198.53238405331376,False,99.09990145795253,239.94064432189904,False,172.9263030905536,246.835440158266,False,126.02598946149622,220.45292649288723,False,172.66555703066433,223.66022625457137,False,118.14610109313207,279.8974174261333,False,147.42271164024308,281.2204260387108,False,115.86334521465044,349.4967453640993,False,153.47375920483017,355.5441685650671,False,101.3763351416696,415.6038954118095,False,158.67339461566868,425.6585081495357,False,True,7.608027025864224,169.5178944764615,179.58680048695518,48.80847879587639,23.176680693959376,71.98515948983577,1.0671652909460132,0.5960279741673828,0.864414303160274,0.4748494783229645,True,True,True,True,18.486047966914622,False,0.1196302128193384,False,True,7.608027025864224,valid,14.350188556987263,0.7009905592062466,14.367299655300034,862.0379793179993,318.3262212155947,134.3097817922958,238.37010071533487,59.61089413709727,38.35577523836852,-14.709874460763501,15.332570801819779,919.9542481091839,367.4144288874732,224.52511445242376,3.9703993757628986,4.23715179615737,1.6922479683032292,False
51,51,0.85,0.85,Sports2D_HALPE26_postprocessed,148.84854161259773,158.75590350485447,1.0,105.50742383560942,193.4214098114922,1.0,164.5139923429347,198.41589217506595,1.0,98.64809332935712,239.52463671044623,1.0,171.2516649476123,246.96578930964887,1.0,126.32064738505235,221.2589666441848,1.0,175.87695080611667,227.88333079920795,1.0,116.78060997417388,279.82205963109993,1.0,146.16161959749894,281.196612563973,1.0,116.02850198813132,349.0654126935699,1.0,152.76631675989412,354.88823176078233,1.0,99.98369867661674,414.89466449902807,1.0,158.50673627142174,425.1800900576943,1.0,107.28467304495716,432.9193440895091,1.0,97.77551593188868,429.718571816541,1.0,96.95584160661733,428.3791760825986,1.0,167.4871488347694,434.6151905563749,1.0,172.11311087507897,438.6344455942649,1.0,155.36956850878414,437.9025915590612,1.0,1.0,0.85,148.84854161259773,158.75590350485447,False,105.50742383560942,193.4214098114922,False,164.5139923429347,198.41589217506595,False,98.64809332935712,239.52463671044623,False,171.2516649476123,246.96578930964887,False,126.32064738505235,221.2589666441848,False,175.87695080611667,227.88333079920795,False,116.78060997417388,279.82205963109993,False,146.16161959749894,281.196612563973,False,116.02850198813132,349.0654126935699,False,152.76631675989412,354.88823176078233,False,99.98369867661674,414.89466449902807,False,158.50673627142174,425.1800900576943,False,True,21.52577300504453,166.92447892973672,179.54721096510778,49.0151889102389,19.6350068010067,68.6501957112456,1.0716848716577518,0.5049477740536421,0.8243672933159488,0.40059025044184,True,True,True,True,13.91774597918031,False,0.0742592278811244,False,True,21.52577300504453,valid,3.2113937754523363,4.223104544636584,5.305437020259894,318.3262212155947,318.3262212155947,133.24091143755425,238.21399354540776,64.81258999216782,42.63603936856242,-10.330662746199806,6.1235738147911984,367.4144288874732,367.4144288874732,224.1928731108153,1.466156086305245,1.6922479683032292,1.6922479683032292,False
52,52,0.8666666666666667,0.8666666666666667,Sports2D_HALPE26_postprocessed,148.8614777006283,158.65574847863144,1.0,105.22988336504532,193.2920639657337,1.0,164.10293348948994,198.3468528679798,1.0,98.04027746635944,239.30307168734151,1.0,169.85478551850775,247.2163618662916,1.0,126.13647542146715,221.5048415328802,1.0,176.81121616129758,229.9791632551416,1.0,115.54326139358146,279.8535453537129,1.0,145.34126392115382,281.15484682900296,1.0,116.25511502029455,348.1452629468106,1.0,152.39773573917284,353.80415523131444,1.0,98.69393430038268,414.32478205341135,1.0,158.52500598825935,424.885069425363,1.0,108.85363547118692,432.6853490219377,1.0,100.04220703945492,429.6092851850856,1.0,95.02787171894025,427.1238356246234,1.0,166.86338824558425,434.59407312844,1.0,172.18655850082786,438.39643851703966,1.0,155.38026254060787,437.801923277426,1.0,1.0,0.8666666666666667,148.8614777006283,158.65574847863144,False,105.22988336504532,193.2920639657337,False,164.10293348948994,198.3468528679798,False,98.04027746635944,239.30307168734151,False,169.85478551850775,247.2163618662916,False,126.13647542146715,221.5048415328802,False,176.81121616129758,229.9791632551416,False,115.54326139358146,279.8535453537129,False,145.34126392115382,281.15484682900296,False,116.25511502029455,348.1452629468106,False,152.39773573917284,353.80415523131444,False,98.69393430038268,414.32478205341135,False,158.52500598825935,424.885069425363,False,True,28.690291543630675,164.54146327566016,179.37902280540277,49.20683602407082,18.58797846050444,67.79481448457527,1.0758751097687722,0.4780216499495961,0.8140956793856773,0.3777519540458086,True,True,True,True,7.16451853858614,False,0.0228382963960314,False,True,28.690291543630675,valid,0.9342653551809121,2.095832455933646,2.294638410999906,137.67830465999393,137.67830465999393,132.55433554231763,238.16182725410732,41.31329101784067,44.25688061897995,-8.182663998965722,2.690915267557536,161.45491605345165,161.45491605345165,223.86742033205002,0.6341227045594977,0.743633706741824,0.743633706741824,False
53,53,0.8833333333333333,0.8833333333333333,Sports2D_HALPE26_postprocessed,148.8704390576449,158.5050349115824,1.0,104.83467307412162,193.31743304899769,1.0,163.41362798987814,198.3258471452873,1.0,97.63161660371745,238.96669561974423,1.0,168.21135077295574,248.1993528302747,1.0,125.9524006810398,222.03607201616896,1.0,177.73851940529312,231.8724879097713,1.0,114.80008160079588,279.3652064496355,1.0,144.19007706505673,280.9794512747916,1.0,115.85531013654878,348.2405838640952,1.0,151.8144613469662,353.7407712468059,1.0,97.00838448174557,415.92215759529495,1.0,158.59615496113076,425.01978854026777,1.0,111.33481603266073,432.6766250539104,1.0,103.52101297327611,429.5436275642169,1.0,91.50641225319158,426.53179362126593,1.0,166.68046823565308,434.5212202002599,1.0,172.25754178424788,438.33511265683626,1.0,155.2806867472454,437.7507604274482,1.0,1.0,0.8833333333333333,148.8704390576449,158.5050349115824,False,104.83467307412162,193.31743304899769,False,163.41362798987814,198.3258471452873,False,97.63161660371745,238.96669561974423,False,168.21135077295574,248.1993528302747,False,125.9524006810398,222.03607201616896,False,177.73851940529312,231.8724879097713,False,114.80008160079588,279.3652064496355,False,144.19007706505673,280.9794512747916,False,115.85531013654878,348.2405838640952,False,151.8144613469662,353.7407712468059,False,97.00838448174557,415.92215759529495,False,158.59615496113076,425.01978854026777,False,True,35.75954240064517,163.56160907118178,179.45294965508532,50.1037395132712,18.90326586284385,69.00700537611505,1.095485314729388,0.4861298046149806,0.8286519455971253,0.3772825351256837,True,True,True,True,7.069250857014492,False,0.0004694189201248,False,True,35.75954240064517,valid,0.9273032439955387,1.8933246546297084,2.1082147789429224,126.4928867365758,137.67830465999393,131.8096149324631,237.99698447967802,45.76477834847686,45.92890447283003,-6.124496569906711,2.6517384738852074,159.104308433113,161.45491605345165,224.73826772745204,0.582604584237326,0.7328072104013266,0.743633706741824,False
54,54,0.9,0.9,Sports2D_HALPE26_postprocessed,149.23702411482645,158.53328832384184,1.0,104.8314802119976,193.20321617411625,1.0,161.63816075053373,198.3061706373313,1.0,97.21577951355198,238.43742835508613,1.0,167.6136490935668,248.90267311712617,1.0,125.72609334668076,223.4606582972502,1.0,179.64616010009465,234.69037522224744,1.0,114.37334939547397,279.350779945546,1.0,142.84084382421344,281.1081073104579,1.0,115.52211944533552,348.6226157357757,1.0,151.3713770063611,353.7307689440009,1.0,95.10865242841275,415.621575091414,1.0,158.5891927041755,425.06776006389566,1.0,112.6103076256258,432.5041253885157,1.0,105.95442030770715,429.00866242708014,1.0,89.4743993340645,427.530822104905,1.0,167.0777121279568,434.5418160975837,1.0,172.69445410912908,438.158871874942,1.0,155.05129915303684,437.7858047084295,1.0,1.0,0.9,149.23702411482645,158.53328832384184,False,104.8314802119976,193.20321617411625,False,161.63816075053373,198.3061706373313,False,97.21577951355198,238.43742835508613,False,167.6136490935668,248.90267311712617,False,125.72609334668076,223.4606582972502,False,179.64616010009465,234.69037522224744,False,114.37334939547397,279.350779945546,False,142.84084382421344,281.1081073104579,False,115.52211944533552,348.6226157357757,False,151.3713770063611,353.7307689440009,False,95.10865242841275,415.621575091414,False,158.5891927041755,425.06776006389566,False,True,46.98762239040124,162.10481655254478,179.07799687076937,50.948135629536175,18.62178113325865,69.56991676279483,1.1139474805112015,0.4788909434791215,0.8354115146181051,0.3655046627940403,True,True,True,True,11.228079989756075,False,0.0117778723316434,False,True,46.98762239040124,valid,1.907640694801529,2.817887312476131,3.402878476566099,204.1727085939653,126.4928867365758,130.9209585455547,237.99206851686284,53.32019904745778,48.72520155453995,-3.3016932946154043,3.9733481725334316,238.40089035200515,159.104308433113,224.68074281239393,0.9403845470829985,1.0980336933458317,0.7328072104013266,False
55,55,0.9166666666666666,0.9166666666666666,Sports2D_HALPE26_postprocessed,150.0646526744015,159.01731796109465,1.0,105.04009489474149,192.73676804514423,1.0,159.5430581869892,198.2737738726936,1.0,96.92845541590368,237.9925663597171,1.0,166.0865230573482,248.91925150820384,1.0,126.0711747316214,224.2801782424345,1.0,179.62936819508244,235.67565371237816,1.0,113.75933698738804,279.28215491422964,1.0,141.685297503575,281.22233938302986,1.0,115.08108146787508,349.32829169876,1.0,150.80043017406695,354.0386177758397,1.0,92.9630490936803,416.1383306515952,1.0,158.70107093257272,425.1553977796023,1.0,112.92581905751796,432.7181233696904,1.0,107.36157410623235,429.5030630956826,1.0,87.3269026009709,428.2636476138212,1.0,167.78359556994218,434.4715669588513,1.0,173.1144268504724,437.9102377553877,1.0,154.90868794494023,437.86533080435527,1.0,1.0,0.9166666666666666,150.0646526744015,159.01731796109465,False,105.04009489474149,192.73676804514423,False,159.5430581869892,198.2737738726936,False,96.92845541590368,237.9925663597171,False,166.0865230573482,248.91925150820384,False,126.0711747316214,224.2801782424345,False,179.62936819508244,235.67565371237816,False,113.75933698738804,279.28215491422964,False,141.685297503575,281.22233938302986,False,115.08108146787508,349.32829169876,False,150.80043017406695,354.0386177758397,False,92.9630490936803,416.1383306515952,False,158.70107093257272,425.1553977796023,False,True,53.00196834988233,160.60141308923363,179.20405421360576,51.0664404226356,18.94205735927993,70.00849778191552,1.116534137011525,0.4871273942759428,0.8406780960733573,0.3709296595280942,True,True,True,True,6.014345959481091,False,0.0054249967340538,False,True,53.00196834988233,valid,-0.016791905012212283,0.9852784901307245,0.9854215702876711,59.125294217260475,105.92341523693393,130.00694689317345,237.87875905377433,55.260499512860044,49.622421301908986,-2.203105341396167,1.4184141729506896,85.10485037704169,124.12602921227455,225.2342388890472,0.27232098455538095,0.39197837324839296,0.5717032436207093,False
56,56,0.9333333333333332,0.9333333333333332,Sports2D_HALPE26_postprocessed,150.43090688610727,159.37956928364167,1.0,105.2559712736418,192.40851966014392,1.0,158.6116201709016,198.3108093559468,1.0,96.63187356634064,237.5484900579177,1.0,164.69602275240834,249.01138354222428,1.0,126.2800288955521,225.50749924661423,1.0,179.73858535975322,237.437662327476,1.0,113.05166461443864,278.9990265878309,1.0,140.86210128899148,281.01677360070505,1.0,114.39197149818578,348.96105056437096,1.0,150.4347113456967,353.8397820330044,1.0,91.22975222432048,416.5537946113213,1.0,158.8604059488369,425.1407612743197,1.0,112.71789848486092,433.10740085442825,1.0,107.2538324801297,429.4790376773003,1.0,85.56505630153319,428.8329320503693,1.0,168.1391670543412,434.4437629293057,1.0,173.46831293952943,437.5879708190269,1.0,154.94616465847005,437.9434588555082,1.0,1.0,0.9333333333333332,150.43090688610727,159.37956928364167,False,105.2559712736418,192.40851966014392,False,158.6116201709016,198.3108093559468,False,96.63187356634064,237.5484900579177,False,164.69602275240834,249.01138354222428,False,126.2800288955521,225.50749924661423,False,179.73858535975322,237.437662327476,False,113.05166461443864,278.9990265878309,False,140.86210128899148,281.01677360070505,False,114.39197149818578,348.96105056437096,False,150.4347113456967,353.8397820330044,False,91.22975222432048,416.5537946113213,False,158.8604059488369,425.1407612743197,False,True,59.26852523940018,159.98727133671258,179.25081925665998,51.06435329652255,18.97971845293298,70.04407174945553,1.11648850337162,0.4880959136964484,0.8411052764335825,0.3716823425280798,True,True,True,True,6.266556889517844,False,0.0007526829999856,False,True,59.26852523940018,valid,0.10921716467078113,1.762008615097841,1.7653902539488926,105.92341523693393,105.92341523693393,129.44533933699338,237.68378230115664,35.66943134382146,50.29324602275983,-0.24611997368063498,2.0687671535379017,124.12602921227455,124.12602921227455,225.59281511031654,0.4878651194325813,0.5717032436207093,0.5717032436207093,False
57,57,0.95,0.95,Sports2D_HALPE26_postprocessed,150.63168979241397,159.8231250633716,1.0,105.45222276762156,192.22347885180267,1.0,157.3575281351441,198.30414576059707,1.0,96.16622402600017,237.29008906685613,1.0,161.58912143498134,249.0366367682035,1.0,126.70706361483263,227.3971774024037,1.0,178.13576856183784,241.66584096542903,1.0,112.34840869056318,279.42172388235895,1.0,139.69227846607637,281.3697967054212,1.0,113.15066824805996,349.082268064778,1.0,149.80648068681808,353.59535444701794,1.0,89.98398728147649,416.6902148643092,1.0,158.86043314597683,424.98735811341726,1.0,112.36219891661996,433.4851407292398,1.0,106.96997486344225,429.8248252406741,1.0,83.89418192728812,429.663195088406,1.0,168.40813440973528,434.4516507258044,1.0,173.78423404415472,437.4031110737907,1.0,154.8183741053942,438.0761737541031,1.0,1.0,0.95,150.63168979241397,159.8231250633716,False,105.45222276762156,192.22347885180267,False,157.3575281351441,198.30414576059707,False,96.16622402600017,237.29008906685613,False,161.58912143498134,249.0366367682035,False,126.70706361483263,227.3971774024037,False,178.13576856183784,241.66584096542903,False,112.34840869056318,279.42172388235895,False,139.69227846607637,281.3697967054212,False,113.15066824805996,349.082268064778,False,149.80648068681808,353.59535444701794,False,89.98398728147649,416.6902148643092,False,158.86043314597683,424.98735811341726,False,True,70.75715270288711,160.42552678325345,179.25602986960774,50.908663562227744,18.114087388187848,69.0227509504156,1.1130844497175232,0.4658347307121712,0.8288410220641822,0.3558154176655267,True,True,True,True,11.488627463486935,False,0.015866924862553,False,True,70.75715270288711,valid,-1.6028167979153807,4.228178637953022,4.521782423129399,271.3069453877631,185.68124501604717,128.7126095148513,237.829786300045,44.82807798480715,49.42315904698654,3.83605466538404,4.173871240135843,250.4322744081498,173.8513904273607,225.68302238168118,1.2495933502372332,1.1534481888694201,0.800729745775706,False
58,58,0.9666666666666668,0.9666666666666668,Sports2D_HALPE26_postprocessed,150.4185139824923,160.20260619968823,1.0,105.69060192508002,191.99127084715,1.0,155.531838258178,198.28395036597385,1.0,95.87509484153104,237.1495782694865,1.0,159.54004086822857,249.2703018531504,1.0,127.52260249210592,229.3824860025127,1.0,177.25368471996936,244.63215489090035,1.0,111.56807024009863,279.6794357401161,1.0,138.79710404389735,281.6426928926028,1.0,111.72370477047892,349.3718217494014,1.0,149.41619827373154,353.3734262302314,1.0,88.68578418561448,416.53544740704734,1.0,158.9017924185049,424.90999966625606,1.0,112.31674845560896,434.0171188979582,1.0,107.28525334827448,430.18808101512434,1.0,82.49827319903036,429.9917133494475,1.0,168.6233757560029,434.4230287632049,1.0,173.95562124381465,437.2879072688678,1.0,154.59943460010123,438.3126698395765,1.0,1.0,0.9666666666666668,150.4185139824923,160.20260619968823,False,105.69060192508002,191.99127084715,False,155.531838258178,198.28395036597385,False,95.87509484153104,237.1495782694865,False,159.54004086822857,249.2703018531504,False,127.52260249210592,229.3824860025127,False,177.25368471996936,244.63215489090035,False,111.56807024009863,279.6794357401161,False,138.79710404389735,281.6426928926028,False,111.72370477047892,349.3718217494014,False,149.41619827373154,353.3734262302314,False,88.68578418561448,416.53544740704734,False,158.9017924185049,424.90999966625606,False,True,79.82202252637283,160.93947277429328,179.1322686966678,51.14365773130746,18.31080516388461,69.45446289519207,1.1182224426852072,0.4708936646846193,0.8340251180994575,0.3580268986642247,True,True,True,True,9.064869823485722,False,0.002211480998698,False,True,79.82202252637283,valid,-0.8820838418684787,2.9663139254713258,3.09468741693415,185.68124501604717,185.68124501604717,127.8969036168135,237.89933746146068,49.11994008681638,49.35678110315585,6.732817429439677,2.8975231737893736,173.8513904273607,173.8513904273607,225.68810458658825,0.8552160310684332,0.800729745775706,0.800729745775706,False
59,59,0.9833333333333332,0.9833333333333332,Sports2D_HALPE26_postprocessed,150.21368919435147,160.10439305837446,1.0,105.80927864532728,191.44222887145065,1.0,153.60066590647452,198.28029553913748,1.0,95.61284575430672,237.082957348648,1.0,156.22274428939912,249.4460570757974,1.0,129.34672138710576,231.6964687066844,1.0,177.2261042950692,246.74718795710123,1.0,110.7234782931717,279.8501455479863,1.0,137.47679402562355,281.8086988404264,1.0,109.83912460322654,350.1794146720242,1.0,149.06144801279402,353.3866443623526,1.0,87.24050028872443,416.8226783827157,1.0,158.82163024640394,424.7500060572596,1.0,112.20145591845731,434.4746214674306,1.0,107.04625708278006,430.7414523037076,1.0,80.60305982553825,430.5751086838613,1.0,169.07847684613392,434.3939018683915,1.0,174.29802996838578,437.2633667276024,1.0,154.60008877575262,438.271512791669,1.0,1.0,0.9833333333333332,150.21368919435147,160.10439305837446,False,105.80927864532728,191.44222887145065,False,153.60066590647452,198.28029553913748,False,95.61284575430672,237.082957348648,False,156.22274428939912,249.4460570757974,False,129.34672138710576,231.6964687066844,False,177.2261042950692,246.74718795710123,False,110.7234782931717,279.8501455479863,False,137.47679402562355,281.8086988404264,False,109.83912460322654,350.1794146720242,False,149.06144801279402,353.3866443623526,False,87.24050028872443,416.8226783827157,False,158.82163024640394,424.7500060572596,False,True,85.61144294260069,161.9887107621827,178.59446313745778,51.2329039648598,21.17604840492281,72.40895236978261,1.1201737528908178,0.5445782939463878,0.8695033052490346,0.413329067183997,True,True,True,True,5.789420416227856,False,0.0553021685197722,False,True,85.61144294260069,valid,-0.027580424900151,2.11503306620088,2.1152128854942163,126.91277312965512,132.05665759516395,126.90255421764925,237.8453421997502,59.74886088671375,50.32355007741995,8.901845757351026,2.3747265393896533,142.4835923633816,142.4835923633816,226.02363330944317,0.584538509090953,0.6562550371894195,0.6562550371894195,False
60,60,1.0,1.0,Sports2D_HALPE26_postprocessed,150.6925429901514,160.6578579695582,1.0,106.47396758498368,190.73673296304088,1.0,151.58902043213064,198.2825250313429,1.0,95.89321315627056,236.94627936486307,1.0,154.09815021384563,249.75370317906217,1.0,133.33053850748917,238.63859563673407,1.0,176.26741574911978,248.72836741738928,1.0,110.55627702494284,279.9147682532655,1.0,136.8655922631349,281.9816634487485,1.0,108.72905998743924,351.17592561208,1.0,148.97946293759156,353.50866922858177,1.0,85.94027387230028,416.79797313687504,1.0,158.95869486826118,424.81379023919135,1.0,112.2008592493348,435.14778200303584,1.0,107.93325640782896,431.9400228820291,1.0,79.30731382452345,431.4211292766663,1.0,171.17671187673722,434.3401647879158,1.0,174.65383052418326,437.5952901973735,1.0,154.7718145933826,438.3099925217282,1.0,1.0,1.0,150.6925429901514,160.6578579695582,False,106.47396758498368,190.73673296304088,False,151.58902043213064,198.2825250313429,False,95.89321315627056,236.94627936486307,False,154.09815021384563,249.75370317906217,False,133.33053850748917,238.63859563673407,False,176.26741574911978,248.72836741738928,False,110.55627702494284,279.9147682532655,False,136.8655922631349,281.9816634487485,False,108.72905998743924,351.17592561208,False,148.97946293759156,353.50866922858177,False,85.94027387230028,416.79797313687504,False,158.95869486826118,424.81379023919135,False,True,90.1427981541868,162.31805708378977,178.35441730116116,51.53229969810916,22.192963925480065,73.72526362358923,1.1267198437066628,0.5707300153952268,0.8853098726479988,0.430661236845488,True,True,True,True,4.531355211586117,False,0.017332169661491,False,True,90.1427981541868,valid,-0.9586885459494283,1.9811794602880468,2.2009442932527543,132.05665759516395,132.05665759516395,126.37121432629802,237.72892242409947,32.6366713911414,49.89620142282176,10.999444993289814,2.140689007585611,128.4413404551354,142.4835923633816,226.39195399305927,0.6082303604488369,0.591578828543815,0.6562550371894195,False
61,61,1.0166666666666666,1.0166666666666666,Sports2D_HALPE26_postprocessed,149.93179771566986,160.60982511676727,1.0,107.17579088140184,190.59498160592656,1.0,149.74660832128183,198.34597119159395,1.0,95.83840249476224,236.65071583251213,1.0,151.73824420632505,249.956280503594,1.0,133.5265289468097,239.18827674360168,1.0,174.220606624928,251.3101973789229,1.0,109.41448277815374,280.2544087713419,1.0,135.628796163769,282.5036765171916,1.0,107.81056025835936,351.22657232050574,1.0,148.7763752245395,353.5760080638925,1.0,85.52656485512259,416.9427207415958,1.0,159.11581148212318,424.8978044581754,1.0,112.21902729819924,435.1825389278117,1.0,107.92487565068105,432.0972478442868,1.0,78.9018055166744,432.0082002401235,1.0,170.98639989156604,434.2051199208186,1.0,174.80166682960922,437.7153513741991,1.0,154.77584183181892,438.58120752684886,1.0,1.0,1.0166666666666666,149.93179771566986,160.60982511676727,False,107.17579088140184,190.59498160592656,False,149.74660832128183,198.34597119159395,False,95.83840249476224,236.65071583251213,False,151.73824420632505,249.956280503594,False,133.5265289468097,239.18827674360168,False,174.220606624928,251.3101973789229,False,109.41448277815374,280.2544087713419,False,135.628796163769,282.5036765171916,False,107.81056025835936,351.22657232050574,False,148.7763752245395,353.5760080638925,False,85.52656485512259,416.9427207415958,False,159.11581148212318,424.8978044581754,False,True,95.65620467887751,162.56310157765407,177.76804442437273,51.648723515484015,22.52309283439356,74.17181634987757,1.129265373909755,0.5792198447798584,0.8906721801910329,0.4360822746692133,True,True,True,True,5.5134065246907085,False,0.0054210378237252,False,True,95.65620467887751,valid,-2.046809124191782,2.5818299615336286,3.2947342140372218,197.684052842234,171.8467282427561,125.4914195361516,237.9247595215135,54.07964265204075,48.7291870887764,13.385437857409414,2.656103236603765,159.36619419622647,145.45118885104083,226.53301174647663,0.9104989093682933,0.7340134113986534,0.6699232786414261,False
62,62,1.0333333333333332,1.0333333333333332,Sports2D_HALPE26_postprocessed,149.37695236018493,160.73678258504938,1.0,107.507907307902,190.4867566349573,1.0,148.03480300009454,198.4518634952485,1.0,96.11071122654845,236.2952540826639,1.0,148.56842864529673,250.1615952983397,1.0,133.52304018220173,239.44761113984387,1.0,172.39445472596725,253.5166215397327,1.0,108.20414715657878,280.22388688013706,1.0,134.4524126862573,282.3340482192425,1.0,105.78016160852852,351.4066934188824,1.0,148.94788886185654,353.4292277124836,1.0,84.8807761613659,417.997433358726,1.0,159.13146137476303,424.93745990630566,1.0,112.3630923878744,435.3125306121791,1.0,108.67815330205278,432.3678145741414,1.0,78.37195911383608,433.4046068303378,1.0,171.14901586524957,434.2449307914119,1.0,174.70278885218914,437.8800436976953,1.0,154.91753990401548,438.4042504715056,1.0,1.0,1.0333333333333332,149.37695236018493,160.73678258504938,False,107.507907307902,190.4867566349573,False,148.03480300009454,198.4518634952485,False,96.11071122654845,236.2952540826639,False,148.56842864529673,250.1615952983397,False,133.52304018220173,239.44761113984387,False,172.39445472596725,253.5166215397327,False,108.20414715657878,280.22388688013706,False,134.4524126862573,282.3340482192425,False,105.78016160852852,351.4066934188824,False,148.94788886185654,353.4292277124836,False,84.8807761613659,417.997433358726,False,159.13146137476303,424.93745990630566,False,True,98.60657031701656,164.52596490393464,176.58107395256766,51.71248514118076,24.061083098589457,75.77356823977021,1.1306594799240484,0.6187718942541716,0.90990638420683,0.4652857628655838,True,True,True,True,2.950365638139047,False,0.0292034881963704,False,True,98.60657031701656,valid,-1.8261518989607453,2.206424160809803,2.8641121373792577,171.8467282427561,197.684052842234,124.54981753770815,237.87413880739635,56.57770239779568,47.8446371882591,15.642482732336362,2.424186480850672,145.45118885104083,159.36619419622647,227.07133671087496,0.7914966148959428,0.6699232786414261,0.7340134113986534,False
63,63,1.05,1.05,Sports2D_HALPE26_postprocessed,148.83139810542627,161.1289834682665,1.0,108.1591862062794,190.46168702287736,1.0,145.6830708922331,198.6645502185964,1.0,96.5416227524096,235.8902313127629,1.0,144.70109178806226,250.3512567197311,1.0,134.01151760794394,241.7254499733945,1.0,169.89738178377482,256.26536647372444,1.0,106.45647646347912,280.20979302816863,1.0,133.07893059996724,282.300846321562,1.0,103.90662830138484,351.89441382171555,1.0,148.70443758583323,353.6035853169072,1.0,84.19674490127981,419.6092821473992,1.0,159.20081175600507,425.10548343493656,1.0,112.49821688903552,435.3030259573159,1.0,108.93456907920424,432.4172612147783,1.0,78.12313149158598,434.3214156450396,1.0,171.04818681613136,434.2070044039872,1.0,174.48537188467944,438.06900515249146,1.0,155.00378900139188,438.448807937978,1.0,1.0,1.05,148.83139810542627,161.1289834682665,False,108.1591862062794,190.46168702287736,False,145.6830708922331,198.6645502185964,False,96.5416227524096,235.8902313127629,False,144.70109178806226,250.3512567197311,False,134.01151760794394,241.7254499733945,False,169.89738178377482,256.26536647372444,False,106.45647646347912,280.20979302816863,False,133.07893059996724,282.300846321562,False,103.90662830138484,351.89441382171555,False,148.70443758583323,353.6035853169072,False,84.19674490127981,419.6092821473992,False,159.20081175600507,425.10548343493656,False,True,102.12101269710544,165.80838852106558,175.99070525757645,51.69603381203891,25.881068828978528,77.57710264101743,1.1302997824312515,0.6655759393295333,0.9315636388927744,0.5006393512330026,True,True,True,True,3.51444238008888,False,0.0353535883674188,False,True,102.12101269710544,valid,-2.497072942192432,2.7487449339917305,3.713619796206226,222.81718777237137,220.87013111625387,123.34441604048972,237.90921914780108,72.35471124402028,46.5529657432851,18.35614732592336,3.0053935929007545,180.32361557404352,175.16550067869971,227.85411940707777,1.0262578267613875,0.8305397069360214,0.8067823126541722,False
64,64,1.0666666666666669,1.0666666666666669,Sports2D_HALPE26_postprocessed,148.52501740344653,161.86640817988206,1.0,108.59648259848028,190.25316591424505,1.0,143.40920071944842,198.86921173143327,1.0,98.05115656057188,236.3557902176563,1.0,141.4128005695918,250.4909485370653,1.0,138.7045810423636,246.00645657322565,1.0,167.00368867374175,258.5407882591134,1.0,105.15286479783418,279.9898825032887,1.0,131.36412004525042,282.075739047908,1.0,102.17128726824684,352.39522873566625,1.0,148.46537355382503,353.1476605779131,1.0,83.89411146354338,420.4804927271367,1.0,159.32647741889758,425.1895324026733,1.0,112.65040812538146,435.2024015862388,1.0,109.12996473235592,432.41968674740747,1.0,77.99208839092546,435.0650261269426,1.0,171.65305441183028,434.33448819166,1.0,174.52671271206287,438.4169017635064,1.0,154.9844655975835,438.4434616623444,1.0,1.0,1.0666666666666669,148.52501740344653,161.86640817988206,False,108.59648259848028,190.25316591424505,False,143.40920071944842,198.86921173143327,False,98.05115656057188,236.3557902176563,False,141.4128005695918,250.4909485370653,False,138.7045810423636,246.00645657322565,False,167.00368867374175,258.5407882591134,False,105.15286479783418,279.9898825032887,False,131.36412004525042,282.075739047908,False,102.17128726824684,352.39522873566625,False,148.46537355382503,353.1476605779131,False,83.89411146354338,420.4804927271367,False,159.32647741889758,425.1895324026733,False,True,105.24669647542149,167.3315261710856,175.0441407002859,51.66032640613386,26.82710333803832,78.48742974417218,1.1295190634834034,0.6899048343673073,0.9424950555083412,0.5192979836622367,True,True,True,True,3.125683778316045,False,0.018658632429234,False,True,105.24669647542149,valid,-2.8936931100330696,2.2754217853889713,3.6811688519376005,220.87013111625387,220.87013111625387,122.13066704025331,237.79699979921875,73.1355409084797,44.873021633488435,20.74378845989466,2.9194250113116906,175.16550067869971,175.16550067869971,228.3160815117583,1.0172900170853683,0.8067823126541722,0.8067823126541722,False
65,65,1.0833333333333333,1.0833333333333333,Sports2D_HALPE26_postprocessed,147.98053933241803,162.4402955762703,1.0,108.98213879165536,190.25552660480912,1.0,141.35789937775436,199.4410573359673,1.0,101.97741114998746,236.9109655781536,1.0,138.84172971424204,250.6174295495535,1.0,140.91112182330542,251.1277304679429,1.0,165.16909232075793,260.64009528754247,1.0,103.65523143273164,279.477985328519,1.0,129.8134786836329,281.65247236855464,1.0,100.59954202665008,352.6005363586549,1.0,148.35940094526353,352.7124123314594,1.0,83.38228201070467,421.00146833014605,1.0,159.1566878091724,425.14884877186336,1.0,112.69691894765536,435.0642846922434,1.0,109.13139183414089,432.4078540200701,1.0,77.93648785408321,435.257178284356,1.0,172.51384868378378,434.5437105849565,1.0,174.51877562525203,438.83046872056417,1.0,154.98319764306206,438.3203384330839,1.0,1.0,1.0833333333333333,147.98053933241803,162.4402955762703,False,108.98213879165536,190.25552660480912,False,141.35789937775436,199.4410573359673,False,101.97741114998746,236.9109655781536,False,138.84172971424204,250.6174295495535,False,140.91112182330542,251.1277304679429,False,165.16909232075793,260.64009528754247,False,103.65523143273164,279.477985328519,False,129.8134786836329,281.65247236855464,False,100.59954202665008,352.6005363586549,False,148.35940094526353,352.7124123314594,False,83.38228201070467,421.00146833014605,False,159.1566878091724,425.14884877186336,False,True,108.026749153235,168.2644512487814,173.8506912285485,51.2381906659388,28.170620339467664,79.40881100540646,1.1202893431332162,0.724455671357096,0.9535592129891236,0.5497973283860396,True,True,True,True,2.780052677813515,False,0.0304993447238028,False,True,108.026749153235,valid,-1.834596352983823,2.0993070284290525,2.7879802327120546,167.2788139627261,167.2788139627261,120.95218707144357,237.7067604094625,70.91579135607212,44.21690524931435,22.93333487807996,2.285738879874461,137.14433279246998,137.14433279246998,228.2601953824956,0.7704575836222649,0.6316633215388455,0.6316633215388455,False
66,66,1.1,1.1,Sports2D_HALPE26_postprocessed,147.04154721685066,162.73638635056292,1.0,109.05507944049133,190.32583061668976,1.0,139.21111787850916,200.1717080278352,1.0,102.62109419430718,237.6007388950568,1.0,136.20195397544126,250.7655166608192,1.0,141.12600596924824,254.77343351408825,1.0,162.92756177781158,262.1926520287619,1.0,102.4397315378978,279.16225700973814,1.0,128.20368905874216,281.3276150934116,1.0,99.00182552299708,352.6703102027716,1.0,147.85334988937345,352.18709604121534,1.0,82.92256198786379,421.0976756381717,1.0,159.05648617817326,425.07801745997904,1.0,112.74202573352456,434.9339416372154,1.0,109.0782155994919,432.3315117503369,1.0,77.86334006455353,435.4594288277058,1.0,172.97970308744925,434.882421584344,1.0,174.42023269691273,438.6474928033877,1.0,155.12721191978693,438.22843794034895,1.0,1.0,1.1,147.04154721685066,162.73638635056292,False,109.05507944049133,190.32583061668976,False,139.21111787850916,200.1717080278352,False,102.62109419430718,237.6007388950568,False,136.20195397544126,250.7655166608192,False,141.12600596924824,254.77343351408825,False,162.92756177781158,262.1926520287619,False,102.4397315378978,279.16225700973814,False,128.20368905874216,281.3276150934116,False,99.00182552299708,352.6703102027716,False,147.85334988937345,352.18709604121534,False,82.92256198786379,421.0976756381717,False,159.05648617817326,425.07801745997904,False,True,109.7464539550297,169.4540963162416,173.23888990056034,50.6832175319063,29.06608909233241,79.74930662423871,1.108155220524645,0.7474841815112386,0.9576479624642644,0.5734854752272704,True,True,True,True,1.7197048017946912,False,0.0236881468412308,False,True,109.7464539550297,valid,-2.24153054294635,1.5525567412194619,2.726699765223035,163.6019859133805,167.2788139627261,119.7274044789101,237.7468526869187,73.52631666869073,43.20015729890147,24.44579934184324,1.8224503144984594,109.34701886990649,137.14433279246998,227.86076268783862,0.7535227429978891,0.5036336517401346,0.6316633215388455,False
67,67,1.1166666666666667,1.1166666666666667,Sports2D_HALPE26_postprocessed,146.59475085703605,163.23884428926291,1.0,109.04059501667336,190.38885438090333,1.0,136.59681428516691,200.4764953105979,1.0,103.2648534963618,238.93322165551416,1.0,133.07674539666138,251.07084587675496,1.0,140.40673591524617,253.45948457090023,1.0,158.89475867384334,263.3588268976987,1.0,100.4054715900199,278.8702230108147,1.0,126.4665934239706,281.0163412063947,1.0,97.30193618547172,352.7690829109665,1.0,147.23108914887433,351.72737260036195,1.0,82.70547495448979,421.201889416144,1.0,159.08923017941177,425.0093454929988,1.0,112.94176945646046,434.76029504100615,1.0,109.02240867834738,432.1955419182021,1.0,77.73649105802038,435.4870365166869,1.0,173.37885444936774,435.3164672065501,1.0,174.2635314195767,438.5953166322245,1.0,155.38712864507357,438.1496275464342,1.0,1.0,1.1166666666666667,146.59475085703605,163.23884428926291,False,109.04059501667336,190.38885438090333,False,136.59681428516691,200.4764953105979,False,103.2648534963618,238.93322165551416,False,133.07674539666138,251.07084587675496,False,140.40673591524617,253.45948457090023,False,158.89475867384334,263.3588268976987,False,100.4054715900199,278.8702230108147,False,126.4665934239706,281.0163412063947,False,97.30193618547172,352.7690829109665,False,147.23108914887433,351.72737260036195,False,82.70547495448979,421.201889416144,False,159.08923017941177,425.0093454929988,False,True,111.47202427809044,170.3642984530825,172.8266318641857,50.71665598391737,28.593081106306425,79.30973709022379,1.108886330287734,0.735319972347778,0.9523695106954712,0.5637808832540833,True,True,True,True,1.7255703230607509,False,0.0097045919731871,False,True,111.47202427809044,valid,-4.032803103968234,1.1661748689367641,4.198031050422984,251.88186302537994,170.47416510527378,118.12736857895769,237.68797847717767,96.06712129211053,40.767390094885656,25.670848420521025,2.723802767107822,163.4281660264699,109.34701886990649,227.68104969450133,1.1601247459110449,0.7527221583519191,0.5036336517401346,False
68,68,1.1333333333333333,1.1333333333333333,Sports2D_HALPE26_postprocessed,145.88871306297017,163.30267081037735,1.0,109.15822279026423,190.3446124272637,1.0,134.58394199371878,200.72503875722165,1.0,103.1556813100364,239.61479591136705,1.0,130.55699664051622,251.01893258892304,1.0,138.61725995420946,259.4413931018512,1.0,156.3235198473122,264.5676914013319,1.0,98.94330257085728,278.532796249835,1.0,123.65073760120951,280.43512170175256,1.0,95.2813024493408,352.8914437164412,1.0,146.75245274139908,351.2832237565566,1.0,82.40197076086142,421.2973827180143,1.0,158.93739044645454,424.7653123792567,1.0,113.07939207857812,434.6993339231029,1.0,109.09389096274909,432.1624551838087,1.0,77.59612315149408,435.39574131944113,1.0,173.82017204005422,435.44154390924353,1.0,174.01263017974622,438.54609631065136,1.0,155.28929657860212,437.9748323256389,1.0,1.0,1.1333333333333333,145.88871306297017,163.30267081037735,False,109.15822279026423,190.3446124272637,False,134.58394199371878,200.72503875722165,False,103.1556813100364,239.61479591136705,False,130.55699664051622,251.01893258892304,False,138.61725995420946,259.4413931018512,False,156.3235198473122,264.5676914013319,False,98.94330257085728,278.532796249835,False,123.65073760120951,280.43512170175256,False,95.2813024493408,352.8914437164412,False,146.75245274139908,351.2832237565566,False,82.40197076086142,421.2973827180143,False,158.93739044645454,424.7653123792567,False,True,113.15884122759584,172.1567034199137,171.35542651970334,50.45485155693286,29.11155412414774,79.5664056810806,1.1031621486621943,0.7486533925456474,0.9554516459950384,0.5769822569252531,True,True,True,True,1.686816949505399,False,0.0132013736711698,False,True,113.15884122759584,valid,-2.571238826531129,1.2088645036332082,2.8412360850878864,170.47416510527378,170.47416510527378,116.58405123901245,237.50939228401822,93.21693614674422,39.73946860829976,27.05829911731368,1.7267431825883612,103.60459095530204,103.60459095530204,227.49969421630556,0.7851748240294124,0.4771850117097418,0.4771850117097418,False
69,69,1.15,1.15,Sports2D_HALPE26_postprocessed,145.88855129170827,163.92478161978266,1.0,108.54367209425344,190.44060656025704,1.0,132.38761406323667,200.88244482606004,1.0,101.57495921585172,240.0984647300612,1.0,127.42871253237,251.131340922439,1.0,137.01510327135165,260.732268654499,1.0,154.93384487407826,266.15036298949224,1.0,97.75766975077548,278.25704791195164,1.0,121.89447332966802,280.2415907552814,1.0,92.79870884209646,353.0459692627287,1.0,146.45153894720806,350.8330964201213,1.0,82.25290477403905,421.51682477543056,1.0,158.66347026163675,424.69345750007926,1.0,113.27743116584683,434.7229127383687,1.0,109.24212926930085,432.2083194498046,1.0,77.75308559709296,435.11270656023294,1.0,174.7608491686123,435.2946062557565,1.0,173.8640117937976,438.3932221997255,1.0,155.0967877193252,437.10234927906725,1.0,1.0,1.15,145.88855129170827,163.92478161978266,False,108.54367209425344,190.44060656025704,False,132.38761406323667,200.88244482606004,False,101.57495921585172,240.0984647300612,False,127.42871253237,251.131340922439,False,137.01510327135165,260.732268654499,False,154.93384487407826,266.15036298949224,False,97.75766975077548,278.25704791195164,False,121.89447332966802,280.2415907552814,False,92.79870884209646,353.0459692627287,False,146.45153894720806,350.8330964201213,False,82.25290477403905,421.51682477543056,False,158.66347026163675,424.69345750007926,False,True,113.00041141778816,175.03767686882884,170.20670097659053,50.49299221968847,31.33852786883133,81.8315200885198,1.1039960691708972,0.8059238303229458,0.9826516592472327,0.6206510347511484,True,True,True,True,0.1584298098076857,False,0.0436687778258952,False,True,113.00041141778816,valid,-1.3896749732339515,1.5826715881603377,2.1061922721353694,126.37153632812262,157.44471480865462,115.1458573094834,237.45542251338753,86.3523726036184,39.78798756459486,28.694940476104705,1.6373603837962174,98.24162302777339,100.2057754620185,227.44361556679237,0.5820456650278124,0.4524840994268024,0.4615306493305546,False
70,70,1.1666666666666667,1.1666666666666667,Sports2D_HALPE26_postprocessed,145.69296812351365,164.39056875220527,1.0,107.69217092358258,190.4812433895039,1.0,130.26285852854951,200.8277109880803,1.0,100.53538403274396,240.8228863666928,1.0,125.19445876374412,251.39039862422828,1.0,137.5372286565701,261.5517650445263,1.0,152.76877773524544,267.6330202928224,1.0,96.52152832215558,278.19938108025974,1.0,120.24718316021888,280.1789780866554,1.0,91.55457919438231,353.0327625500779,1.0,145.85911016834257,350.81385159798367,1.0,82.06305131436937,421.3935620841439,1.0,158.048519479954,424.253258078026,1.0,113.22355505844143,434.6941511634933,1.0,109.02564609408589,432.190905325921,1.0,77.65975311152184,434.75676210915736,1.0,175.0412431207173,434.9454365875311,1.0,173.8203269714059,438.21299643961527,1.0,153.79325205130698,436.2773554612102,1.0,1.0,1.1666666666666667,145.69296812351365,164.39056875220527,False,107.69217092358258,190.4812433895039,False,130.26285852854951,200.8277109880803,False,100.53538403274396,240.8228863666928,False,125.19445876374412,251.39039862422828,False,137.5372286565701,261.5517650445263,False,152.76877773524544,267.6330202928224,False,96.52152832215558,278.19938108025974,False,120.24718316021888,280.1789780866554,False,91.55457919438231,353.0327625500779,False,145.85911016834257,350.81385159798367,False,82.06305131436937,421.3935620841439,False,158.048519479954,424.253258078026,False,True,114.77596116868736,175.89267517384573,169.49354482914478,50.81608069466349,32.00259091716137,82.81867161182487,1.1110601862035132,0.8230013471012103,0.9945056011177352,0.6297729080968293,True,True,True,True,1.7755497508992022,False,0.0091218733456809,False,True,114.77596116868736,valid,-2.165067138832825,1.482657303330143,2.6240785801442694,157.44471480865462,157.44471480865462,113.68093523362663,237.42182838612482,87.9184332969401,39.08784250161881,30.211191906697564,1.6700962577003244,100.2057754620185,100.2057754620185,227.171491915388,0.725163406243437,0.4615306493305546,0.4615306493305546,False
71,71,1.1833333333333331,1.1833333333333331,Sports2D_HALPE26_postprocessed,145.04677542393426,164.73142623313413,1.0,107.36215917895096,190.58076227274165,1.0,128.5357994414132,200.6150581197417,1.0,99.6596316375874,241.2035450209815,1.0,122.08785350154936,251.51340720074865,1.0,136.9850352830603,260.49418342825044,1.0,149.6426396929516,269.68101031356866,1.0,94.97162925373138,278.4416690879938,1.0,118.64199878821364,280.29455616834616,1.0,90.47425829341373,353.0220560681951,1.0,145.1371341777354,350.12533051339614,1.0,81.79336283701238,421.1619437061476,1.0,156.83956991218574,423.7462493287204,1.0,113.03522729448918,434.7290544012996,1.0,108.98197048400888,432.2409095922966,1.0,77.49995602724914,434.6967483456614,1.0,175.4589010557927,434.6789259488912,1.0,173.6670351752245,437.861437775594,1.0,151.91627053467838,435.7031414130008,1.0,1.0,1.1833333333333331,145.04677542393426,164.73142623313413,False,107.36215917895096,190.58076227274165,False,128.5357994414132,200.6150581197417,False,99.6596316375874,241.2035450209815,False,122.08785350154936,251.51340720074865,False,136.9850352830603,260.49418342825044,False,149.6426396929516,269.68101031356866,False,94.97162925373138,278.4416690879938,False,118.64199878821364,280.29455616834616,False,90.47425829341373,353.0220560681951,False,145.1371341777354,350.12533051339614,False,81.79336283701238,421.1619437061476,False,156.83956991218574,423.7462493287204,False,True,116.17799523302892,176.19062402917007,168.25419886893292,51.30514541462141,33.004970003301615,84.31011541792302,1.121753264681702,0.8487792392829685,1.012415200366912,0.6433072109351348,True,True,True,True,1.4020340643415636,False,0.0135343028383054,False,True,116.17799523302892,valid,-3.1261380422938316,2.0479900207462833,3.7372452668446945,224.23471601068545,163.70389987510634,112.37789666557728,237.48301141220583,78.26845048304247,37.26474302737432,32.19799890136284,2.6964965653679913,161.7897939220822,133.6497768432313,226.86030788365528,1.0327867191855717,0.7451760968829398,0.6155679950076377,False
72,72,1.2,1.2,Sports2D_HALPE26_postprocessed,144.26058668391107,165.13587143603158,1.0,106.75962154941467,190.63485601343496,1.0,126.8287944438074,200.4114803010641,1.0,98.60100193438298,240.465215087425,1.0,119.88137011635403,251.6137260042046,1.0,135.83491250495533,259.7870844867457,1.0,147.88108582915635,271.7645374765607,1.0,94.01319055080506,278.5861952164173,1.0,117.85472237720762,280.2406491107714,1.0,89.77960146866502,352.7870912152741,1.0,144.36810784723403,348.8156933407591,1.0,81.84002174399424,421.12008465912766,1.0,155.48483139462593,422.7702387113357,1.0,112.58895498718854,434.788516854485,1.0,108.65178141791878,432.2972153608666,1.0,77.21907343779606,434.6405038986869,1.0,175.6089494675114,433.47817458498366,1.0,173.49938580933366,437.0460893318036,1.0,150.4279769027725,434.9499394411803,1.0,1.0,1.2,144.26058668391107,165.13587143603158,False,106.75962154941467,190.63485601343496,False,126.8287944438074,200.4114803010641,False,98.60100193438298,240.465215087425,False,119.88137011635403,251.6137260042046,False,135.83491250495533,259.7870844867457,False,147.88108582915635,271.7645374765607,False,94.01319055080506,278.5861952164173,False,117.85472237720762,280.2406491107714,False,89.77960146866502,352.7870912152741,False,144.36810784723403,348.8156933407591,False,81.84002174399424,421.12008465912766,False,155.48483139462593,422.7702387113357,False,True,118.0147364693844,176.63806042402726,167.41044796064458,51.67142991857745,34.496945995148415,86.16837591372587,1.129761834480978,0.8871479530633931,1.0347296185463497,0.6676212763902187,True,True,True,True,1.8367412363554791,False,0.0243140654550839,False,True,118.0147364693844,valid,-1.7615538637952568,2.083527162992027,2.728398331251799,163.70389987510634,163.70389987510634,111.3640822303087,237.46829516042195,60.83527429059417,36.51700359884765,34.296242316138745,2.2274962807205436,133.6497768432313,133.6497768432313,226.42970077668915,0.7539921412607568,0.6155679950076377,0.6155679950076377,False
73,73,1.2166666666666666,1.2166666666666666,Sports2D_HALPE26_postprocessed,143.31381036477217,165.88884849283158,1.0,106.31698891422346,190.51765712792863,1.0,125.1731916342038,200.28922642939463,1.0,98.55778062223828,240.28393073039064,1.0,118.11105390486787,251.55333265125927,1.0,135.7774769678382,260.2070965710625,1.0,147.08137763861407,273.24085787077934,1.0,93.85032486685124,278.7094344743363,1.0,116.65657026306256,280.3162558154263,1.0,89.23643712701309,352.849202679786,1.0,143.21897742833707,348.0987041621044,1.0,81.68149727656937,421.1171423219621,1.0,153.7348062998567,421.96756670199386,1.0,112.56768702794552,435.0585580287104,1.0,108.67387722604954,432.4810629557743,1.0,77.31861564977899,434.6254431832666,1.0,176.5040626276348,432.2156120941817,1.0,173.71689322678446,435.5896761628827,1.0,148.24762800065238,433.84708335785945,1.0,1.0,1.2166666666666666,143.31381036477217,165.88884849283158,False,106.31698891422346,190.51765712792863,False,125.1731916342038,200.28922642939463,False,98.55778062223828,240.28393073039064,False,118.11105390486787,251.55333265125927,False,135.7774769678382,260.2070965710625,False,147.08137763861407,273.24085787077934,False,93.85032486685124,278.7094344743363,False,116.65657026306256,280.3162558154263,False,89.23643712701309,352.849202679786,False,143.21897742833707,348.0987041621044,False,81.68149727656937,421.1171423219621,False,153.7348062998567,421.96756670199386,False,True,118.97526775751878,177.24605671741125,166.70298910617947,51.74825964256896,36.18878842107562,87.93704806364457,1.1314416658705115,0.9306565739505352,1.0559682393235506,0.6993237776697352,True,True,True,True,0.9605312881343764,False,0.0317025012795164,False,True,118.97526775751878,valid,-0.799708190542276,1.4763203942186465,1.6790041978524952,100.74025187115006,103.85837561974073,110.49926891958526,237.4581434617715,51.892373522548766,36.58210871902881,35.78271440900784,1.4878971602743332,89.2738296164603,89.2738296164603,226.14743302260632,0.463992356183488,0.41117997801162126,0.41117997801162126,False
74,74,1.2333333333333334,1.2333333333333334,Sports2D_HALPE26_postprocessed,143.1948709263555,166.19139204223904,1.0,105.84291988926805,190.53863944020844,1.0,124.03541240163668,200.11746096595715,1.0,98.30150865292616,240.3195444644548,1.0,115.54841796846708,251.21180995734983,1.0,135.94631287109243,261.0308721615721,1.0,145.83591501539692,274.4429768865848,1.0,92.92135894635874,278.6081396827115,1.0,115.11708588107828,280.2374237492294,1.0,89.05277771988611,352.9899226217142,1.0,142.13216626977132,347.1976413967707,1.0,81.52160791764283,421.1692853310815,1.0,151.60390828426765,421.0902986403656,1.0,112.24465879646996,435.5377294610015,1.0,108.55520171841354,432.6335283068895,1.0,77.3083726794173,434.69880395711925,1.0,177.26683110386418,430.0053730513607,1.0,174.00638764694216,434.1988082342724,1.0,146.08235671247604,433.0198998883244,1.0,1.0,1.2333333333333334,143.1948709263555,166.19139204223904,False,105.84291988926805,190.53863944020844,False,124.03541240163668,200.11746096595715,False,98.30150865292616,240.3195444644548,False,115.54841796846708,251.21180995734983,False,135.94631287109243,261.0308721615721,False,145.83591501539692,274.4429768865848,False,92.92135894635874,278.6081396827115,False,115.11708588107828,280.2374237492294,False,89.05277771988611,352.9899226217142,False,142.13216626977132,347.1976413967707,False,81.52160791764283,421.1692853310815,False,151.60390828426765,421.0902986403656,False,True,118.0580156513816,176.67385671648034,165.3328835450965,51.7944164303729,38.17092603358955,89.96534246396246,1.1324508536817508,0.9816306319404512,1.0803244636214522,0.7369699026323162,True,True,True,True,0.917252106137184,False,0.037646124962581,False,True,118.0580156513816,valid,-1.2454626232171506,1.202119015805465,1.7309729269956957,103.85837561974073,103.85837561974073,109.47919427958544,237.37541595952663,61.405423204097325,36.35672073581148,37.06756092705817,1.3044655296039187,78.26793177623436,89.2738296164603,225.8075787986584,0.47835390043325576,0.3604886964637771,0.41117997801162126,False
75,75,1.25,1.25,Sports2D_HALPE26_postprocessed,142.22322683944034,166.47161473926857,1.0,105.51613601578282,190.627246338704,1.0,122.4322846398398,200.0489614375427,1.0,97.41874230871628,239.2541401744486,1.0,112.44877373217946,250.67851307329025,1.0,134.0581106861957,260.9542892764156,1.0,141.8474449857034,274.3870863528284,1.0,92.47059431845624,278.1278568175109,1.0,113.44818749367676,279.64986792697687,1.0,88.75352449159107,353.000416977998,1.0,141.33339740686708,346.9482493147684,1.0,81.33225707723949,421.1428524300263,1.0,149.38511214928408,420.10577769364033,1.0,111.3661980626388,436.2317651737516,1.0,108.09320193869902,432.92864025445465,1.0,77.21516612596224,434.7654905387072,1.0,177.6160683275818,429.1376371628821,1.0,174.09614131406977,433.7907154592488,1.0,143.912735597384,432.5565665485583,1.0,1.0,1.25,142.22322683944034,166.47161473926857,False,105.51613601578282,190.627246338704,False,122.4322846398398,200.0489614375427,False,97.41874230871628,239.2541401744486,False,112.44877373217946,250.67851307329025,False,134.0581106861957,260.9542892764156,False,141.8474449857034,274.3870863528284,False,92.47059431845624,278.1278568175109,False,113.44818749367676,279.64986792697687,False,88.75352449159107,353.000416977998,False,141.33339740686708,346.9482493147684,False,81.33225707723949,421.1428524300263,False,149.38511214928408,420.10577769364033,False,True,117.72955963421556,176.6266506809065,163.773929510442,51.60447644226421,37.76742403744271,89.37190047970691,1.1282979407520115,0.971253888155972,1.0731982761833492,0.7318633312692828,True,True,True,True,0.3284560171660331,False,0.0051065713630333,False,True,117.72955963421556,valid,-3.9884700296935307,-0.055890533756382865,3.988861608219454,239.3316964931681,167.2216396787068,108.4668006169389,237.11348313018362,62.74375703539201,33.38064436876449,37.273603222644795,2.983200289968173,178.992017398091,127.97374219167908,225.29046520892206,1.1023208271038518,0.8244065936702328,0.5894251509821795,False
76,76,1.2666666666666666,1.2666666666666666,Sports2D_HALPE26_postprocessed,141.5759425383486,166.8483722013333,1.0,105.01982625750958,190.7079773812558,1.0,121.61028767597551,199.8652626703665,1.0,95.9476716505088,237.6136837947012,1.0,110.65741486023984,249.83015855185369,1.0,132.5871293817036,261.7641585905673,1.0,139.10744222415096,274.8968963111302,1.0,92.3449611005679,278.11934402603583,1.0,112.1757994985749,279.60295453624406,1.0,88.52140598801304,353.1615294181657,1.0,140.1866060063698,346.9752284318644,1.0,81.38972202389962,421.23630738206737,1.0,147.62882220621265,419.9494324253517,1.0,110.93154783256747,436.38818766123984,1.0,107.8854636722982,433.1055588392304,1.0,77.23459716709739,434.7353638492695,1.0,177.92776745440375,428.7151292181711,1.0,174.2886795414636,433.3796577731414,1.0,142.63515357393717,432.56303464667474,1.0,1.0,1.2666666666666666,141.5759425383486,166.8483722013333,False,105.01982625750958,190.7079773812558,False,121.61028767597551,199.8652626703665,False,95.9476716505088,237.6136837947012,False,110.65741486023984,249.83015855185369,False,132.5871293817036,261.7641585905673,False,139.10744222415096,274.8968963111302,False,92.3449611005679,278.11934402603583,False,112.1757994985749,279.60295453624406,False,88.52140598801304,353.1615294181657,False,140.1866060063698,346.9752284318644,False,81.38972202389962,421.23630738206737,False,147.62882220621265,419.9494324253517,False,True,119.01830626426516,176.93618322153085,163.2474649926676,51.15130734756969,37.9176133070059,89.06892065457559,1.1183896965141629,0.9751162620334688,1.0695600249622834,0.7412833664124804,True,True,True,True,1.2887466300496015,False,0.0094200351431975,False,True,119.01830626426516,valid,-2.7400027615524323,0.509809958301787,2.7870273279784366,167.2216396787068,167.2216396787068,107.78771863315697,237.07388465347555,40.81413196672549,31.319723590993988,37.82301165765466,2.132895703194644,127.97374219167908,127.97374219167908,225.309414769695,0.7701942486567226,0.5894251509821795,0.5894251509821795,False
77,77,1.2833333333333332,1.2833333333333332,Sports2D_HALPE26_postprocessed,141.30759507182466,167.22410797035928,1.0,105.25656569908033,190.63868953358204,1.0,120.2228870244901,199.75952345895297,1.0,94.5591252399852,236.3687316757021,1.0,108.745865918852,249.50961649726773,1.0,131.21027625193136,262.65596127376386,1.0,137.12348009487832,275.929523959642,1.0,92.30542760527514,278.1372318821558,1.0,110.7251667876241,279.5601535210172,1.0,88.58294285213518,353.24639395002094,1.0,139.17885870601972,346.56029425242,1.0,81.39423877037635,421.1927606188991,1.0,146.11021411690157,419.3196788038727,1.0,110.78905762936203,436.5606745461084,1.0,107.45659008871372,433.0952559881865,1.0,76.99163511136945,434.6326928064701,1.0,178.2852521806081,428.25016763413794,1.0,174.3421336823043,433.1934805533493,1.0,141.628419713186,432.4215014984177,1.0,1.0,1.2833333333333332,141.30759507182466,167.22410797035928,False,105.25656569908033,190.63868953358204,False,120.2228870244901,199.75952345895297,False,94.5591252399852,236.3687316757021,False,108.745865918852,249.50961649726773,False,131.21027625193136,262.65596127376386,False,137.12348009487832,275.929523959642,False,92.30542760527514,278.1372318821558,False,110.7251667876241,279.5601535210172,False,88.58294285213518,353.24639395002094,False,139.17885870601972,346.56029425242,False,81.39423877037635,421.1927606188991,False,146.11021411690157,419.3196788038727,False,True,119.96341537650628,176.79790621095628,162.43179425352952,51.05677007782844,38.772419277675056,89.8291893555035,1.1163227012818264,0.9970990592136064,1.0786895058717474,0.7593981996623029,True,True,True,True,0.9451091122411128,False,0.0181148332498225,False,True,119.96341537650628,valid,-1.9839621292726406,1.0326276485117774,2.2366102903409417,134.196617420457,134.196617420457,107.12751177911741,237.02389959892702,39.72578186614478,29.995968315760905,38.90562436071497,1.710081370442634,102.60488222655842,102.60488222655842,225.059390750838,0.6180866491024102,0.4725805244275357,0.4725805244275357,False
78,78,1.3,1.3,Sports2D_HALPE26_postprocessed,140.8883295789099,167.34514129719798,1.0,105.28638818835262,190.5720472200072,1.0,119.12328007450222,199.4180753615849,1.0,93.67151340047636,235.20653992559656,1.0,107.18654065055188,248.440241748429,1.0,130.80752622293812,263.2325327870208,1.0,135.55396131399334,276.988369797744,1.0,92.17212993799566,278.3450234759474,1.0,109.23018046772538,279.5541029178807,1.0,88.37431467076306,353.42756085865904,1.0,138.06671247919672,346.1129662726391,1.0,81.34253761564216,421.1505900906153,1.0,144.56203014856104,419.015619018655,1.0,110.620965147484,436.6430158621041,1.0,106.97105106393434,433.06041787785387,1.0,76.85691787394629,434.5444147016122,1.0,177.85439624769973,428.1815544733997,1.0,174.07127453034929,433.2179338561688,1.0,140.58741318651906,432.29070744385695,1.0,1.0,1.3,140.8883295789099,167.34514129719798,False,105.28638818835262,190.5720472200072,False,119.12328007450222,199.4180753615849,False,93.67151340047636,235.20653992559656,False,107.18654065055188,248.440241748429,False,130.80752622293812,263.2325327870208,False,135.55396131399334,276.988369797744,False,92.17212993799566,278.3450234759474,False,109.23018046772538,279.5541029178807,False,88.37431467076306,353.42756085865904,False,138.06671247919672,346.1129662726391,False,81.34253761564216,421.1505900906153,False,144.56203014856104,419.015619018655,False,True,121.49689284115824,176.9678005773449,161.6667642672758,50.45451957292546,40.245573299640434,90.7000928725659,1.1031548900501955,1.0349837338545873,1.089147515024698,0.7976604205193288,True,True,True,True,1.5334774646519662,False,0.0382622208570259,False,True,121.49689284115824,valid,-1.5695187808849766,1.0588458381020018,1.8932891254155013,113.59734752492896,113.59734752492896,106.45299466714397,236.97231224385504,40.58921682385494,29.100966646849372,40.01605755388894,1.4262152235399044,85.57291341239343,85.57291341239343,225.08928428842117,0.5232099379868722,0.39413419146982276,0.39413419146982276,False
79,79,1.3166666666666669,1.3166666666666669,Sports2D_HALPE26_postprocessed,140.72348342395367,167.45704963475788,1.0,105.19174536649012,190.4386384846888,1.0,117.59507354517098,198.93770835594083,1.0,94.70828254454582,235.5285733348656,1.0,105.54189218601164,247.90569736176585,1.0,131.08068472575337,264.06489495095127,1.0,133.84774235791343,277.5859318181459,1.0,91.83460826125553,278.43123193967574,1.0,108.04497497305262,279.5970884037228,1.0,88.25796648292093,353.44535175326416,1.0,136.0312733883218,345.715213543822,1.0,81.239287683978,421.09102247238025,1.0,142.90440296556605,418.7272540765638,1.0,110.24679686683264,436.7743865023271,1.0,106.72614088962436,432.995937524974,1.0,76.66595044110971,434.4232293246615,1.0,176.90657436112198,428.2462264931455,1.0,173.21229594503353,433.5388754802166,1.0,139.3999673608959,431.9843711239785,1.0,1.0,1.3166666666666669,140.72348342395367,167.45704963475788,False,105.19174536649012,190.4386384846888,False,117.59507354517098,198.93770835594083,False,94.70828254454582,235.5285733348656,False,105.54189218601164,247.90569736176585,False,131.08068472575337,264.06489495095127,False,133.84774235791343,277.5859318181459,False,91.83460826125553,278.43123193967574,False,108.04497497305262,279.5970884037228,False,88.25796648292093,353.44535175326416,False,136.0312733883218,345.715213543822,False,81.239287683978,421.09102247238025,False,142.90440296556605,418.7272540765638,False,True,122.52964426278908,176.80615726879898,162.43596550463576,50.42958584156116,41.013869255897376,91.44345509745854,1.1026097304110878,1.054741778089462,1.0980739790928506,0.8132898292037153,True,True,True,True,1.0327514216308344,False,0.0156294086843864,False,True,122.52964426278908,valid,-1.7062189560799084,0.5975620204019378,1.807833923321846,108.4700353993097,113.59734752492896,105.66660053649231,236.85116679600702,47.7402452206478,28.18114182142112,40.7347650221389,1.1673123551099673,70.03874130659736,85.57291341239343,225.22198668217493,0.49959441598979487,0.32258645376963263,0.39413419146982276,False
80,80,1.3333333333333333,1.3333333333333333,Sports2D_HALPE26_postprocessed,140.5145562519246,167.38882385052293,1.0,104.94906162259196,189.9553288408989,1.0,116.68780314443872,198.65539798922805,1.0,92.5341916885084,235.024487499594,1.0,103.83241259757555,246.96883029897143,1.0,130.3010496631197,264.3604266554032,1.0,131.53311795961972,278.01033494027115,1.0,91.80560409065208,278.5225416188444,1.0,106.72501338695552,279.9036412750114,1.0,88.16551128666222,353.4122407440908,1.0,134.21743531226423,345.89028131374846,1.0,81.09195583760695,421.03919183557366,1.0,141.12874971598856,418.7467645114698,1.0,110.10067077052882,436.5844980638813,1.0,106.5918152736282,432.9347166751958,1.0,76.43048152125823,434.2686410461472,1.0,175.9065233938517,428.84785517770666,1.0,171.7547271584757,433.91890656163946,1.0,137.66559681318756,431.75081203124216,1.0,1.0,1.3333333333333333,140.5145562519246,167.38882385052293,False,104.94906162259196,189.9553288408989,False,116.68780314443872,198.65539798922805,False,92.5341916885084,235.024487499594,False,103.83241259757555,246.96883029897143,False,130.3010496631197,264.3604266554032,False,131.53311795961972,278.01033494027115,False,91.80560409065208,278.5225416188444,False,106.72501338695552,279.9036412750114,False,88.16551128666222,353.4122407440908,False,134.21743531226423,345.89028131374846,False,81.09195583760695,421.03919183557366,False,141.12874971598856,418.7467645114698,False,True,123.3548316464394,176.81149552423904,162.80060161608296,49.994487772758845,41.60413546692942,91.59862323968828,1.0930965972703208,1.0699214830103907,1.0999372737287,0.8321744520322661,True,True,True,True,0.8251873836503165,False,0.0188846228285508,False,True,123.3548316464394,valid,-2.3146243982937165,0.42440312212522713,2.3532114472027774,141.19268683216902,141.19268683216902,105.04187056115957,236.7592274309957,37.88753621053498,26.491247398460146,41.25110750927544,1.7670180318199802,106.0210819092006,89.45925348837206,225.58780363735664,0.6503093472798516,0.4883149554072181,0.4120340086262264,False
81,81,1.35,1.35,Sports2D_HALPE26_postprocessed,140.25431384564075,167.46216619127404,1.0,104.49613329133835,190.0693407717308,1.0,115.22488206772204,198.59681799785923,1.0,94.36979142361903,235.79093471198283,1.0,102.71135836707236,246.4669451299584,1.0,130.1615278456067,266.1869853790004,1.0,129.1346134900068,278.309294224267,1.0,91.37980084453008,278.42223197957617,1.0,105.28929808681394,279.8270535504409,1.0,88.34117501410825,353.40705490089374,1.0,132.70805135678717,345.9219350220405,1.0,81.01429930750676,421.0643794619377,1.0,139.63618141251362,419.2304533573168,1.0,109.7242294434326,436.1528856259316,1.0,106.25596673718948,432.9505330886526,1.0,76.28670054785071,434.1137940251709,1.0,174.70745970043632,429.28269423805045,1.0,170.20496116026928,434.5566936800215,1.0,136.1668459827907,431.4730423656474,1.0,1.0,1.35,140.25431384564075,167.46216619127404,False,104.49613329133835,190.0693407717308,False,115.22488206772204,198.59681799785923,False,94.36979142361903,235.79093471198283,False,102.71135836707236,246.4669451299584,False,130.1615278456067,266.1869853790004,False,129.1346134900068,278.309294224267,False,91.37980084453008,278.42223197957617,False,105.28929808681394,279.8270535504409,False,88.34117501410825,353.40705490089374,False,132.70805135678717,345.9219350220405,False,81.01429930750676,421.0643794619377,False,139.63618141251362,419.2304533573168,False,True,125.66397679505582,176.13984219050383,162.8681934027445,49.4786554693037,41.37781539829642,90.85647086760012,1.0818182631821345,1.064101275457723,1.0910253378504735,0.8362760670399987,True,True,True,True,2.309145148616423,False,0.0041016150077325,False,True,125.66397679505582,valid,-2.3985044696129023,0.2989592839958277,2.41706440630786,145.0238643784702,141.19268683216902,104.0975285726011,236.72886107490177,56.6898056529836,25.037084917405707,41.580433149365206,1.4909875581395489,89.45925348837206,89.45925348837206,225.81481524122552,0.6679550952668549,0.4120340086262264,0.4120340086262264,False
82,82,1.3666666666666667,1.3666666666666667,Sports2D_HALPE26_postprocessed,140.27339322030545,167.36637309451567,1.0,104.46667678546297,190.157666048492,1.0,114.26418162160174,198.5583942696268,1.0,94.50143310470672,236.3838659425199,1.0,101.65043019679824,246.43360075471588,1.0,129.62878135420814,268.22489462373227,1.0,127.99485258346648,278.6488726667574,1.0,91.10255126311816,278.50819880934444,1.0,104.6821002325447,279.9251913115327,1.0,88.30781132352935,353.46715120856385,1.0,131.72015485191218,346.232784734383,1.0,81.05565811459631,421.0815363373575,1.0,138.59728303736222,419.14799565760256,1.0,109.5189398546687,435.9750339544076,1.0,106.10018597111888,432.9686055130157,1.0,76.1433854362079,434.0588063164048,1.0,173.27860714934647,429.37039149605584,1.0,169.0432449583806,434.7795428853562,1.0,135.12340428030384,431.3786874065961,1.0,1.0,1.3666666666666667,140.27339322030545,167.36637309451567,False,104.46667678546297,190.157666048492,False,114.26418162160174,198.5583942696268,False,94.50143310470672,236.3838659425199,False,101.65043019679824,246.43360075471588,False,129.62878135420814,268.22489462373227,False,127.99485258346648,278.6488726667574,False,91.10255126311816,278.50819880934444,False,104.6821002325447,279.9251913115327,False,88.30781132352935,353.46715120856385,False,131.72015485191218,346.232784734383,False,81.05565811459631,421.0815363373575,False,138.59728303736222,419.14799565760256,False,True,125.96464267454373,176.01320394182076,163.20399633715266,49.50901050310588,41.6155299768483,91.12454047995418,1.0824819560338343,1.0702145123165825,1.0942443792307208,0.8405647689977082,True,True,True,True,0.3006658794879087,False,0.0042887019577094,False,True,125.96464267454373,valid,-1.1397609065403316,0.3395784424904491,1.189272232368131,71.35633394208811,100.76381258003221,103.62887747568189,236.787362609749,28.337300661902333,24.365975107784593,41.86151005700842,0.7275937084527042,43.655622507162406,79.69247579462143,225.7572066082621,0.3286550599134142,0.2010703246370983,0.3670499023700709,False
83,83,1.3833333333333333,1.3833333333333333,Sports2D_HALPE26_postprocessed,140.39137712794812,167.3414708295945,1.0,104.75992489285844,190.3248411936073,1.0,113.28802091577305,198.4823594395276,1.0,95.16159997827512,237.27837540005368,1.0,99.8897634527628,246.45792888151067,1.0,129.89014376523295,269.0558145856786,1.0,126.31877013011676,278.7543310842172,1.0,91.26802521448651,279.42839079893776,1.0,103.6129937392408,280.762037979179,1.0,87.97448489559036,353.69200876427897,1.0,130.70856932183634,346.57049598189474,1.0,81.08105267740476,421.101275907556,1.0,137.16103214231768,418.69685162733407,1.0,109.51275984215866,435.9078855169565,1.0,106.11436255946548,432.98969320411226,1.0,76.10259531942097,434.110379907496,1.0,171.76840731282223,429.65905964440856,1.0,167.55625235419845,435.1828167390767,1.0,133.63120908792496,431.63041014392326,1.0,1.0,1.3833333333333333,140.39137712794812,167.3414708295945,False,104.75992489285844,190.3248411936073,False,113.28802091577305,198.4823594395276,False,95.16159997827512,237.27837540005368,False,99.8897634527628,246.45792888151067,False,129.89014376523295,269.0558145856786,False,126.31877013011676,278.7543310842172,False,91.26802521448651,279.42839079893776,False,103.6129937392408,280.762037979179,False,87.97448489559036,353.69200876427897,False,130.70856932183634,346.57049598189474,False,81.08105267740476,421.101275907556,False,137.16103214231768,418.69685162733407,False,True,125.10203559925016,176.70045868182845,162.7334749869135,49.81132969844961,41.73188216688301,91.5432118653326,1.089091966425816,1.0732067078355203,1.0992718812382165,0.8377989991337637,True,True,True,True,0.8626070752935675,False,0.0027657698639445,False,True,125.10203559925016,valid,-1.6760824533497214,0.10545841745977214,1.6793968763338643,100.76381258003221,100.76381258003221,103.2322411905897,237.2494073528129,36.53628982369419,23.086528939527057,41.50492373140429,1.3282079299103524,79.69247579462143,79.69247579462143,225.4954843437335,0.4641008727756597,0.3670499023700709,0.3670499023700709,False
84,84,1.4,1.4,Sports2D_HALPE26_postprocessed,140.6962167346828,167.31460899783207,1.0,104.71986398184814,190.9954636750361,1.0,112.42575504512855,198.652087509456,1.0,99.75418917567056,240.74841482723903,1.0,99.31446397253713,246.63808237528048,1.0,130.19506263331022,269.3699440496679,1.0,124.34868326859078,278.6685492559402,1.0,92.34461919463708,282.759302366797,1.0,103.86817455898117,284.2176315302509,1.0,87.72344507701987,353.9906528557246,1.0,129.42748407575323,347.52503221986564,1.0,81.16007373015618,421.1374478062284,1.0,135.8451524849094,419.43628807944543,1.0,109.55557302052527,435.9857398815941,1.0,106.19377138706052,433.0008390242293,1.0,76.11533271996097,434.1635708291054,1.0,170.77683883656923,430.148596031241,1.0,165.8295773289283,435.7537011301548,1.0,131.89743174404987,432.11314691612574,1.0,1.0,1.4,140.6962167346828,167.31460899783207,False,104.71986398184814,190.9954636750361,False,112.42575504512855,198.652087509456,False,99.75418917567056,240.74841482723903,False,99.31446397253713,246.63808237528048,False,130.19506263331022,269.3699440496679,False,124.34868326859078,278.6685492559402,False,92.34461919463708,282.759302366797,False,103.86817455898117,284.2176315302509,False,87.72344507701987,353.9906528557246,False,129.42748407575323,347.52503221986564,False,81.16007373015618,421.1374478062284,False,135.8451524849094,419.43628807944543,False,True,126.7076864323072,178.12916111388782,163.11423690046615,49.74496614586392,40.65295738757446,90.3979235334384,1.087640970991201,1.045460312267415,1.0855189963054308,0.8172275616465482,True,True,True,True,1.605650833057041,False,0.0205714374872154,False,True,126.7076864323072,valid,-1.970086861525985,-0.08578182827699266,1.9719535400256896,118.3172124015418,100.76381258003221,103.33960319514874,239.15612127038503,114.58404962537433,21.009080073442036,39.51242798555518,2.8785123047200525,172.71073828320377,79.69247579462143,225.46310327817827,0.5449488276986859,0.795476097247707,0.3670499023700709,False
85,85,1.4166666666666667,1.4166666666666667,Sports2D_HALPE26_postprocessed,140.60789755695913,167.3809090969997,1.0,105.28584427891084,191.37385348591985,1.0,111.30235241174935,198.84843220978,1.0,103.42503311413616,241.2303794122354,1.0,98.04761042293389,246.71358458788853,1.0,130.01988786710092,269.89489967028385,1.0,123.3645393298548,279.08111988933183,1.0,92.2604220862079,282.91792821475445,1.0,103.0621467426442,284.4674007822517,1.0,87.5260013359275,354.086678154648,1.0,128.2094494395203,348.44815059776363,1.0,81.07350202278045,421.1576685651152,1.0,134.70351549606548,419.61214280131816,1.0,109.34570285724796,436.0714077004108,1.0,106.09272775501456,432.9281140430151,1.0,75.95362282369132,434.23705882300976,1.0,169.92644083434595,430.3177192275122,1.0,164.91862199253416,435.9968194522529,1.0,130.7379716326065,432.5803743929064,1.0,1.0,1.4166666666666667,140.60789755695913,167.3809090969997,False,105.28584427891084,191.37385348591985,False,111.30235241174935,198.84843220978,False,103.42503311413616,241.2303794122354,False,98.04761042293389,246.71358458788853,False,130.01988786710092,269.89489967028385,False,123.3645393298548,279.08111988933183,False,92.2604220862079,282.91792821475445,False,103.0621467426442,284.4674007822517,False,87.5260013359275,354.086678154648,False,128.2094494395203,348.44815059776363,False,81.07350202278045,421.1576685651152,False,134.70351549606548,419.61214280131816,False,True,126.49014376456508,178.31075607267564,163.7570302937907,49.66649773609589,41.092629883815725,90.75912761991162,1.0859253108148128,1.0567672423102537,1.089856417808977,0.8273712010490932,True,True,True,True,0.2175426677421228,False,0.010143639402545,False,True,126.49014376456508,valid,-0.9841439387359827,0.41257063339162414,1.067124088233388,64.02744529400265,64.02744529400265,102.97769137987808,239.4019036731765,26.24882750897649,20.386847949976712,39.67921621615534,0.6441980513311868,38.65188307987083,42.17441336676089,225.2741279528505,0.2948994533026525,0.17802395733630222,0.19424812887830212,False
86,86,1.4333333333333331,1.4333333333333331,Sports2D_HALPE26_postprocessed,140.45606139918482,167.57770758471284,1.0,106.22003783506308,191.7976512241076,1.0,110.83979604316944,198.9195203828061,1.0,100.79482620679391,240.79506959658423,1.0,97.17777928748818,246.3423067318604,1.0,129.557747287424,270.796249967877,1.0,122.81761797454584,279.4390935338575,1.0,91.75743135741112,282.0616244403583,1.0,102.00609863343308,283.6733158540929,1.0,87.62596882016044,354.1221873891693,1.0,127.35695472777462,348.569383775019,1.0,81.13876926048022,421.0291588972233,1.0,134.2575134638188,419.5783045464893,1.0,109.24345221592188,436.0862014824462,1.0,105.94697993676228,432.9495297789288,1.0,75.77356323298743,434.3299599387005,1.0,168.7958236934942,430.3847545618378,1.0,163.86758829046323,435.9772873856067,1.0,130.3577305688332,432.854614709754,1.0,1.0,1.4333333333333331,140.45606139918482,167.57770758471284,False,106.22003783506308,191.7976512241076,False,110.83979604316944,198.9195203828061,False,100.79482620679391,240.79506959658423,False,97.17777928748818,246.3423067318604,False,129.557747287424,270.796249967877,False,122.81761797454584,279.4390935338575,False,91.75743135741112,282.0616244403583,False,102.00609863343308,283.6733158540929,False,87.62596882016044,354.1221873891693,False,127.35695472777462,348.569383775019,False,81.13876926048022,421.0291588972233,False,134.2575134638188,419.5783045464893,False,True,126.16417114783924,177.74335611157687,164.2130092953241,49.35150825395882,41.86643792484844,91.21794617880728,1.0790382729344572,1.0766670392303264,1.0953660162828232,0.8483314777211505,True,True,True,True,0.325972616725835,False,0.0209602766720572,False,True,126.16417114783924,valid,-0.5469213553089531,0.35797364452565716,0.6536574783997837,39.21944870398769,59.79554645124313,102.70584096726918,239.11302797534123,23.800557478504672,20.111777007276658,40.32606555851626,0.7029068894460029,42.17441336676089,42.17441336676089,224.94668373385824,0.18063806744950267,0.19424812887830212,0.19424812887830212,False
87,87,1.45,1.45,Sports2D_HALPE26_postprocessed,140.4561069114374,167.7130318604066,1.0,109.95266117250384,192.5807370033346,1.0,109.9052676189791,199.0059000948156,1.0,103.21521993353365,240.87686996507625,1.0,96.6754031171775,246.40394317699736,1.0,129.37644825666146,271.02105577098774,1.0,122.3572103042551,280.3229607582215,1.0,91.5964586968407,281.7658685341851,1.0,100.82482109691908,283.3266509472355,1.0,87.58520488305471,354.2806248838517,1.0,126.3591676476458,349.12189290982644,1.0,81.1120859441143,421.0443114941978,1.0,133.39471863876224,419.5801938130846,1.0,109.31111329150312,436.2066899543457,1.0,106.07487988965406,432.9681268084064,1.0,75.68495249624075,434.62055140386553,1.0,168.29465749302983,430.4325265539415,1.0,163.74396787939736,435.9814507831945,1.0,129.87978555630684,433.10411743829377,1.0,1.0,1.45,140.4561069114374,167.7130318604066,False,109.95266117250384,192.5807370033346,False,109.9052676189791,199.0059000948156,False,103.21521993353365,240.87686996507625,False,96.6754031171775,246.40394317699736,False,129.37644825666146,271.02105577098774,False,122.3572103042551,280.3229607582215,False,91.5964586968407,281.7658685341851,False,100.82482109691908,283.3266509472355,False,87.58520488305471,354.2806248838517,False,126.3591676476458,349.12189290982644,False,81.1120859441143,421.0443114941978,False,133.39471863876224,419.5801938130846,False,True,127.27317201258204,177.62832619276645,164.49167961634734,49.20979376868379,42.54474085089275,91.75453461957652,1.0759397789096328,1.0941107588129744,1.1018094933327964,0.8645584058100126,True,True,True,True,1.1090008647427965,False,0.0162269280888621,False,True,127.27317201258204,valid,-0.4604076702907349,0.8838672243639962,0.996592440854062,59.79554645124313,39.21944870398769,103.06980214631068,239.1697891448927,22.101639142499003,19.287408157944427,41.153171613328794,1.1677707076549309,70.06624245929517,45.378795059186736,224.53487569645938,0.27540805161652576,0.3227131193715247,0.2090069624524089,False
88,88,1.4666666666666666,1.4666666666666666,Sports2D_HALPE26_postprocessed,140.53622296914114,167.7599545864693,1.0,112.0893580692616,193.2631040671025,1.0,109.30456785698908,199.058564400262,1.0,104.47092187895063,240.73295257142084,1.0,96.39087536119096,246.37583265471085,1.0,129.00071642609657,271.48909494141293,1.0,121.91464045927567,280.53370633888653,1.0,91.54095332298188,281.8055782648827,1.0,100.59916566968178,283.3660710444376,1.0,87.5877927063963,354.5153472155107,1.0,125.3567801102078,349.75161281497617,1.0,81.11268352312678,421.1149166343225,1.0,132.91032080943685,419.6616539955356,1.0,109.2340444356839,436.1608966694132,1.0,106.17439371113277,433.0157741114828,1.0,75.73431062071613,434.86664602884906,1.0,167.86605871306023,430.494014790399,1.0,163.34631021218792,436.0223816669954,1.0,129.41127032763043,433.37822140660927,1.0,1.0,1.4666666666666666,140.53622296914114,167.7599545864693,False,112.0893580692616,193.2631040671025,False,109.30456785698908,199.058564400262,False,104.47092187895063,240.73295257142084,False,96.39087536119096,246.37583265471085,False,129.00071642609657,271.48909494141293,False,121.91464045927567,280.53370633888653,False,91.54095332298188,281.8055782648827,False,100.59916566968178,283.3660710444376,False,87.5877927063963,354.5153472155107,False,125.3567801102078,349.75161281497617,False,81.11268352312678,421.1149166343225,False,132.91032080943685,419.6616539955356,False,True,127.96659352287529,177.55895299939507,165.7143516552516,49.04780656603827,42.64062522297614,91.6884317890144,1.0723980352514522,1.0965765893950934,1.1010157153843658,0.8693686468030847,True,True,True,True,0.6934215102932484,False,0.004810240993072,False,True,127.96659352287529,valid,-0.4425698449794311,0.21074558066504778,0.490185441904353,29.411126514261284,52.255882175832966,103.38351122972858,239.3733294441712,22.437275966957863,18.53112922954709,41.16037689471534,0.7563132509864429,45.378795059186736,70.06624245929517,224.2577366328261,0.13546261435614732,0.2090069624524089,0.3227131193715247,False
89,89,1.4833333333333334,1.4833333333333334,Sports2D_HALPE26_postprocessed,140.80719369739325,167.79619573195615,1.0,116.03446185007266,194.11573274887976,1.0,108.56600418815478,199.1054428612594,1.0,105.7160853334466,240.83565276182657,1.0,96.12332652650916,246.55017395588527,1.0,128.66947245874314,271.8736491601575,1.0,121.52217467494772,281.3111972125824,1.0,91.38355468940615,282.2988357669175,1.0,100.61344313512,283.6760302743048,1.0,87.65787746501817,354.4426939205737,1.0,124.37623176886032,350.3814516619235,1.0,81.1608021781429,421.30045498102834,1.0,132.56574893412912,419.791461685581,1.0,109.3466814708469,436.1853836258426,1.0,106.27996446649036,433.0558573826794,1.0,76.016886646827,434.9939720124128,1.0,167.60899352484748,430.5318109119716,1.0,163.03493464005078,436.0385836743344,1.0,129.00731147680702,433.586317561666,1.0,1.0,1.4833333333333334,140.80719369739325,167.79619573195615,False,116.03446185007266,194.11573274887976,False,108.56600418815478,199.1054428612594,False,105.7160853334466,240.83565276182657,False,96.12332652650916,246.55017395588527,False,128.66947245874314,271.8736491601575,False,121.52217467494772,281.3111972125824,False,91.38355468940615,282.2988357669175,False,100.61344313512,283.6760302743048,False,87.65787746501817,354.4426939205737,False,124.37623176886032,350.3814516619235,False,81.1608021781429,421.30045498102834,False,132.56574893412912,419.791461685581,False,True,129.15027085293812,177.40582455979103,167.1214129883601,49.04918690491182,43.05148342531391,92.10067033022574,1.07242821545317,1.1071425106002493,1.1059659703238902,0.8777206339582095,True,True,True,True,1.1836773300628352,False,0.0083519871551248,False,True,129.15027085293812,valid,-0.3924657843279533,0.7774908736958537,0.8709313695972246,52.255882175832966,38.992279931859066,104.14936596568839,239.79901041284037,52.57238770728472,17.37280870925933,41.51218679974201,1.210568724606158,72.63412347636877,72.63412347636877,224.00136312101353,0.2406816485452437,0.3345403397862083,0.3345403397862083,False
90,90,1.5,1.5,Sports2D_HALPE26_postprocessed,140.73689689082954,167.86342501109624,1.0,118.33498019287237,194.55358495218312,1.0,108.2434788399854,199.1569584748989,1.0,107.6964079027709,240.62177493916448,1.0,95.98048016673948,246.35348069126377,1.0,128.5257296652845,271.515041984818,1.0,120.96952865752482,280.9692686705755,1.0,92.13923692871082,283.17943170245513,1.0,100.56385532396976,284.8064549267129,1.0,87.6369048936604,354.54732891550793,1.0,123.12022118641208,351.0236784684344,1.0,81.15901918914142,421.2045962601003,1.0,132.35641584761947,419.7294523111586,1.0,109.25223313911737,436.3185502387935,1.0,106.26437948509226,433.0646884140375,1.0,76.03311906536335,435.0055689424996,1.0,167.76337291941786,430.5131550445234,1.0,162.9227779186828,435.9946844634811,1.0,128.49820262498935,433.7757609234634,1.0,1.0,1.5,140.73689689082954,167.86342501109624,False,118.33498019287237,194.55358495218312,False,108.2434788399854,199.1569584748989,False,107.6964079027709,240.62177493916448,False,95.98048016673948,246.35348069126377,False,128.5257296652845,271.515041984818,False,120.96952865752482,280.9692686705755,False,92.13923692871082,283.17943170245513,False,100.56385532396976,284.8064549267129,False,87.6369048936604,354.54732891550793,False,123.12022118641208,351.0236784684344,False,81.15901918914142,421.2045962601003,False,132.35641584761947,419.7294523111586,False,True,129.6095703242658,178.05910401022024,168.84543695103764,48.76364266315484,42.69315310331955,91.4567957664744,1.0661849783896478,1.0979274336562628,1.0982341769057435,0.8755119751457356,True,True,True,True,0.4592994713276823,False,0.0022086588124738,False,True,129.6095703242658,valid,-0.5526460174229015,-0.34192854200688316,0.6498713321976488,38.992279931859066,42.645686905523746,104.82038782138459,240.4241075140625,55.02417814381106,16.149140836140234,40.54516115651299,1.5596479276959654,93.57887566175826,74.1220138808814,223.7071222320415,0.17959176697006685,0.4310082831918692,0.3413933083038532,False
91,91,1.5166666666666666,1.5166666666666666,Sports2D_HALPE26_postprocessed,140.7614456554163,167.76284621583167,1.0,118.50463579657784,194.84384501675737,1.0,107.63579793971674,199.0415098832314,1.0,107.09539550471548,240.52674034592087,1.0,95.76122393149336,246.32064142355952,1.0,128.3843059311445,272.01010314740256,1.0,120.399806733746,281.39423780608246,1.0,91.98590562614608,281.46213733950754,1.0,99.89108047100603,283.2126617835817,1.0,87.84636263854264,354.3883136980808,1.0,121.67044329240672,351.0490209123378,1.0,81.29024141720835,421.1602075643801,1.0,131.73654313108182,419.68363763166354,1.0,108.95124519653643,436.1566066305339,1.0,106.10818965227372,433.03289465119457,1.0,75.95469747558126,434.8626436925682,1.0,167.28972546768364,430.3879889139314,1.0,162.76177095038366,435.8359253077689,1.0,128.22952353334745,433.683017919822,1.0,1.0,1.5166666666666666,140.7614456554163,167.76284621583167,False,118.50463579657784,194.84384501675737,False,107.63579793971674,199.0415098832314,False,107.09539550471548,240.52674034592087,False,95.76122393149336,246.32064142355952,False,128.3843059311445,272.01010314740256,False,120.399806733746,281.39423780608246,False,91.98590562614608,281.46213733950754,False,99.89108047100603,283.2126617835817,False,87.84636263854264,354.3883136980808,False,121.67044329240672,351.0490209123378,False,81.29024141720835,421.1602075643801,False,131.73654313108182,419.68363763166354,False,True,130.8139156539668,177.64110414003656,170.54402777171356,48.74753108706555,42.86276852593152,91.61029961299708,1.0658327093739133,1.1022893842764525,1.100077486297078,0.879280808075725,True,True,True,True,1.204345329700999,False,0.0037688329299893,False,True,130.8139156539668,valid,-0.5697219237788147,0.4249691355069558,0.7107614484253932,42.645686905523746,38.992279931859066,104.50435495836167,239.64003850576952,50.72186440770537,15.89545177538433,41.75419930031293,1.2353668980146855,74.1220138808814,74.1220138808814,223.57541224537337,0.19641873412889443,0.3413933083038532,0.3413933083038532,False
92,92,1.5333333333333332,1.5333333333333332,Sports2D_HALPE26_postprocessed,140.66590507995576,167.73279873272,1.0,119.25970244248818,195.23708789229937,1.0,107.2468832451548,199.03356440511504,1.0,107.77998958419508,240.41012203683533,1.0,95.24263256198526,246.1697867508217,1.0,128.24717400896824,272.7162194486452,1.0,120.17609655931642,281.33920379959307,1.0,91.829212777622,280.8508062830963,1.0,99.50475003596227,282.1557020688434,1.0,87.79785097972636,354.29238291411934,1.0,120.64261651805506,351.37833815780664,1.0,81.25041375340902,421.0324647919045,1.0,131.08581986734515,419.62980228507627,1.0,108.6562578318826,435.8339358169339,1.0,105.76312700493776,432.8183145214418,1.0,75.80820946541023,434.9172867350906,1.0,166.95315566028103,430.2794197055492,1.0,162.5509633636306,435.75720899067153,1.0,127.61895809864176,433.6135466930487,1.0,1.0,1.5333333333333332,140.66590507995576,167.73279873272,False,119.25970244248818,195.23708789229937,False,107.2468832451548,199.03356440511504,False,107.77998958419508,240.41012203683533,False,95.24263256198526,246.1697867508217,False,128.24717400896824,272.7162194486452,False,120.17609655931642,281.33920379959307,False,91.829212777622,280.8508062830963,False,99.50475003596227,282.1557020688434,False,87.79785097972636,354.29238291411934,False,120.64261651805506,351.37833815780664,False,81.25041375340902,421.0324647919045,False,131.08581986734515,419.62980228507627,False,True,130.3772750825005,177.53894321699536,171.71878737304476,48.64078012828609,43.11108352218279,91.75186365046888,1.0634986698628464,1.1086752290022506,1.1017774197232313,0.8863156266918586,True,True,True,True,0.4366405714663131,False,0.0070348186161336,False,True,130.3772750825005,valid,-0.22371017442958419,-0.05503400648939305,0.2303800859744382,13.822805158466341,17.93675662173047,104.46013712530682,239.31929016233852,19.42691379673288,15.715959434009605,42.01991363725455,0.32065808810710233,19.23948528642621,40.674458022190215,223.30823575453297,0.06366547447931103,0.08861377596339867,0.18733959131193267,False
93,93,1.55,1.55,Sports2D_HALPE26_postprocessed,140.55753676114583,167.83326207273973,1.0,120.11353803707333,195.6293307520229,1.0,106.98037899804784,199.0510043850524,1.0,109.20605082839876,240.3237573186223,1.0,95.09597107520916,246.23754327809127,1.0,128.4541722944227,272.69359742616183,1.0,120.00794910593338,281.5863780522425,1.0,91.95607439744944,280.1173369398002,1.0,100.22436841154286,281.76055145201417,1.0,87.98382105276632,354.2957777020688,1.0,119.81813006890188,351.7653026728895,1.0,81.16743204774838,420.6429875987497,1.0,130.63843831448656,419.62710484028594,1.0,108.23174890732544,435.4940538486172,1.0,105.23965244490196,432.5181273949366,1.0,75.68230930695941,434.8376944309505,1.0,166.24376922198687,430.3063055731408,1.0,162.22017169834896,435.77907413255286,1.0,127.19860373425276,433.5941298359489,1.0,1.0,1.55,140.55753676114583,167.83326207273973,False,120.11353803707333,195.6293307520229,False,106.98037899804784,199.0510043850524,False,109.20605082839876,240.3237573186223,False,95.09597107520916,246.23754327809127,False,128.4541722944227,272.69359742616183,False,120.00794910593338,281.5863780522425,False,91.95607439744944,280.1173369398002,False,100.22436841154286,281.76055145201417,False,87.98382105276632,354.2957777020688,False,119.81813006890188,351.7653026728895,False,81.16743204774838,420.6429875987497,False,130.63843831448656,419.62710484028594,False,True,130.68934752774425,177.19937830965787,173.422835308108,48.660133624772335,43.24519359759565,91.905327222368,1.0639218213360755,1.1121240989081382,1.10362024548765,0.8887191706267736,True,True,True,True,0.3120724452437571,False,0.002403543934915,False,True,130.68934752774425,valid,-0.1681474533830425,0.2471742526494154,0.29894594369551075,17.93675662173047,13.822805158466341,104.81858996102837,239.13955588222242,24.059390033589903,15.189359144905012,42.446822170020056,0.6779076337031769,40.674458022190215,19.23948528642621,222.92597212050697,0.08261363072479967,0.18733959131193267,0.08861377596339867,False
94,94,1.5666666666666669,1.5666666666666669,Sports2D_HALPE26_postprocessed,140.66628413755325,167.88170025616057,1.0,121.22159559026151,195.61454348368937,1.0,106.88519893094072,198.9799271560247,1.0,112.08363754842128,240.3109420628648,1.0,95.27028222788338,246.30054984291056,1.0,128.90742052592674,273.0357826050091,1.0,120.11792639282332,281.5691157289952,1.0,91.89696651753783,280.0517225812597,1.0,99.77657115394024,282.0228910331038,1.0,88.13745257007733,354.30524257157754,1.0,119.06940274923151,352.095230363224,1.0,81.2062883634027,420.4398723505345,1.0,129.6876955835773,419.9671184547823,1.0,108.24141639896348,435.2850275043007,1.0,104.91869458061828,432.2962103203759,1.0,75.71935489477312,434.7460203433232,1.0,165.41900173008025,430.38729459202864,1.0,161.4021325420131,435.827885485884,1.0,126.21040736661269,433.789928444874,1.0,1.0,1.5666666666666669,140.66628413755325,167.88170025616057,False,121.22159559026151,195.61454348368937,False,106.88519893094072,198.9799271560247,False,112.08363754842128,240.3109420628648,False,95.27028222788338,246.30054984291056,False,128.90742052592674,273.0357826050091,False,120.11792639282332,281.5691157289952,False,91.89696651753783,280.0517225812597,False,99.77657115394024,282.0228910331038,False,88.13745257007733,354.30524257157754,False,119.06940274923151,352.095230363224,False,81.2062883634027,420.4398723505345,False,129.6876955835773,419.9671184547823,False,True,131.04358338498116,176.91547819058633,173.4979403248901,48.72522572029376,43.1425214864473,91.86774720674106,1.0653450171981291,1.109483710009516,1.1031689760419598,0.8854247640453455,True,True,True,True,0.3542358572369153,False,0.0032944065814281,False,True,131.04358338498116,valid,0.10997728688994357,-0.017262323247280165,0.11132381342536979,6.6794288055221225,17.93675662173047,104.94508304817008,239.16727106351937,7.769625250181927,15.172843344653245,42.401844665475835,0.04791396010539812,2.874837606323859,40.674458022190215,223.07234475852783,0.03076430574541395,0.013241009922321906,0.18733959131193267,False
95,95,1.5833333333333333,1.5833333333333333,Sports2D_HALPE26_postprocessed,141.07320080967767,167.88532012501238,1.0,122.04032885407246,195.5081103424476,1.0,106.52635976251078,198.9437463433964,1.0,113.27565536742468,240.37550129343745,1.0,95.5723550708264,246.41683605180785,1.0,129.1718219683799,272.7162024784743,1.0,119.97838311218815,281.167285097054,1.0,92.70767756021534,282.2474648488185,1.0,99.7205702393843,283.112562878464,1.0,88.1291216136766,354.3101918338496,1.0,118.42909402453913,352.52284700812163,1.0,81.18402529020912,420.57277200490273,1.0,128.78109988042513,420.59577081674325,1.0,108.40467126598958,435.221040728845,1.0,105.03046359879602,432.178892454536,1.0,75.64954743885819,434.6458776204561,1.0,164.8069347450548,430.89016243879297,1.0,160.51306955056793,436.1173804974628,1.0,124.96492268525316,434.1466441446439,1.0,1.0,1.5833333333333333,141.07320080967767,167.88532012501238,False,122.04032885407246,195.5081103424476,False,106.52635976251078,198.9437463433964,False,113.27565536742468,240.37550129343745,False,95.5723550708264,246.41683605180785,False,129.1718219683799,272.7162024784743,False,119.97838311218815,281.167285097054,False,92.70767756021534,282.2474648488185,False,99.7205702393843,283.112562878464,False,88.1291216136766,354.3101918338496,False,118.42909402453913,352.52284700812163,False,81.18402529020912,420.57277200490273,False,128.78109988042513,420.59577081674325,False,True,131.92566249409836,177.65201713511183,173.56209374252566,48.72047275271785,42.46466664889746,91.18513940161532,1.0652410966877766,1.092051513788696,1.0949720649788837,0.8715980007917429,True,True,True,True,0.8820791091171998,False,0.0138267632536026,False,True,131.92566249409836,valid,-0.1395432806351664,-0.40183063194120905,0.4253706430122984,25.522238580738332,25.522238580738332,105.24873410404572,239.95297110328164,50.54010940214415,14.729649008142431,41.21431399377235,1.2675371064200802,76.0522263852061,76.0522263852061,223.55190439514618,0.11755106220401698,0.350283536699966,0.350283536699966,False
96,96,1.6,1.6,Sports2D_HALPE26_postprocessed,141.70778657871418,167.74716645945284,1.0,122.63409416723592,195.49715411824823,1.0,106.39571063434543,198.90749033742435,1.0,112.90071933935768,240.56736529098453,1.0,95.80134097588424,246.33258455304173,1.0,128.99057544905108,272.6693359805109,1.0,119.85232227321949,280.3682332426989,1.0,95.19049648543316,283.32278970444463,1.0,100.30425689410195,284.34798991103617,1.0,88.29895739257495,354.307436171334,1.0,117.83335540940932,353.14947727719624,1.0,81.29956566405707,420.7502831967535,1.0,128.42734204789014,420.99271044615904,1.0,108.38778549009103,435.3726610169802,1.0,105.19333814700587,432.1591044353205,1.0,75.54545022038985,434.4145754529092,1.0,164.56329724534783,431.6046807840701,1.0,159.3523149274799,436.761498795419,1.0,124.39187377494338,434.4666768643723,1.0,1.0,1.6,141.70778657871418,167.74716645945284,False,122.63409416723592,195.49715411824823,False,106.39571063434543,198.90749033742435,False,112.90071933935768,240.56736529098453,False,95.80134097588424,246.33258455304173,False,128.99057544905108,272.6693359805109,False,119.85232227321949,280.3682332426989,False,95.19049648543316,283.32278970444463,False,100.30425689410195,284.34798991103617,False,88.29895739257495,354.307436171334,False,117.83335540940932,353.14947727719624,False,81.29956566405707,420.7502831967535,False,128.42734204789014,420.99271044615904,False,True,132.1607681095213,179.53155989193772,174.58168234867733,48.594034920145376,41.67583332208887,90.26986824223424,1.0624766166279065,1.0717653159529557,1.0839812790023549,0.8576326989634594,True,True,True,True,0.2351056154229525,False,0.0139653018282834,False,True,132.1607681095213,valid,-0.1260608389686695,-0.7990518543550706,0.8089346086487843,48.536076518926585,25.522238580738332,106.13113954527911,240.51885601778835,62.89605994865123,13.721182727940374,39.84937722491057,1.697072956974866,101.82437741849095,76.0522263852061,223.87731042337566,0.22354886041701652,0.4689856528823368,0.350283536699966,False
97,97,1.6166666666666667,1.6166666666666667,Sports2D_HALPE26_postprocessed,141.76738753698703,167.79783907071047,1.0,122.27288505580444,195.57517309162367,1.0,106.38259223395742,198.88332268713404,1.0,112.87667073413968,240.6304514943317,1.0,95.5136237723943,246.33209587434703,1.0,129.3141328195911,273.0274694990349,1.0,119.875004869799,280.1973446228224,1.0,95.39942327792768,283.5789925917844,1.0,100.45737711355972,284.57424779824817,1.0,88.37966552738938,354.2080536802811,1.0,117.39416297612289,353.1453914226976,1.0,81.35230780989373,420.7440123761133,1.0,128.42436561087732,421.2455135334647,1.0,108.40447013792992,435.2846958851214,1.0,105.06609547267172,432.1937518603328,1.0,75.52663636450214,434.3571798846663,1.0,164.28288762533813,432.3253657235846,1.0,159.25611708506705,437.6839060119213,1.0,124.33682195167812,434.7167692917933,1.0,1.0,1.6166666666666667,141.76738753698703,167.79783907071047,False,122.27288505580444,195.57517309162367,False,106.38259223395742,198.88332268713404,False,112.87667073413968,240.6304514943317,False,95.5136237723943,246.33209587434703,False,129.3141328195911,273.0274694990349,False,119.875004869799,280.1973446228224,False,95.39942327792768,283.5789925917844,False,100.45737711355972,284.57424779824817,False,88.37966552738938,354.2080536802811,False,117.39416297612289,353.1453914226976,False,81.35230780989373,420.7440123761133,False,128.42436561087732,421.2455135334647,False,True,131.36817923193578,179.6468530420625,175.326191850613,48.67772131468395,41.71728612660584,90.3950074412898,1.0643063646097983,1.072831345701825,1.085483979202177,0.8570098394072023,True,True,True,True,0.7925888775855299,False,0.000622859556257,False,True,131.36817923193578,valid,0.022682596579514325,-0.17088861987650716,0.17238741424734683,10.343244854840846,31.154120691912862,106.12806942031231,240.65293404219756,8.046790184193632,13.746935449486685,39.544410580624856,0.30605204915819545,18.363122949491792,29.149913360834674,223.9645240688115,0.04763921532495921,0.084577401048387,0.13425951128390612,False
98,98,1.6333333333333333,1.6333333333333333,Sports2D_HALPE26_postprocessed,141.86447846570783,167.77893991157688,1.0,121.8605193562303,195.734100893504,1.0,106.39817247468191,198.86711825953864,1.0,110.23594481017962,240.5454325869125,1.0,95.80459464701411,246.40777269495769,1.0,129.40360332887064,272.247030827836,1.0,120.37065389309522,280.0426274968706,1.0,95.78520085755184,283.7184479673094,1.0,100.81896412620024,284.7282089039963,1.0,88.58722387529713,354.275421565286,1.0,117.3924048619764,353.6406070091123,1.0,81.38696800669914,420.6951190367098,1.0,128.5751116209401,421.4860681455483,1.0,108.4011721595704,435.2310738194911,1.0,104.96579668167426,432.19326322828255,1.0,75.71687331943397,434.4826593900064,1.0,164.26631372034566,432.7794467898411,1.0,159.25601826131265,437.97093451489786,1.0,124.8773415652824,434.9463196123141,1.0,1.0,1.6333333333333333,141.86447846570783,167.77893991157688,False,121.8605193562303,195.734100893504,False,106.39817247468191,198.86711825953864,False,110.23594481017962,240.5454325869125,False,95.80459464701411,246.40777269495769,False,129.40360332887064,272.247030827836,False,120.37065389309522,280.0426274968706,False,95.78520085755184,283.7184479673094,False,100.81896412620024,284.7282089039963,False,88.58722387529713,354.275421565286,False,117.3924048619764,353.6406070091123,False,81.38696800669914,420.6951190367098,False,128.5751116209401,421.4860681455483,False,True,131.29444393122634,179.6379512993642,175.83686353493908,48.7066496008377,41.65086703092422,90.35751663176192,1.064938862562438,1.0711232650854552,1.0850337809637816,0.8551371809036906,True,True,True,True,0.0737353007094441,False,0.0018726585035117,False,True,131.29444393122634,valid,0.49564902329622385,-0.15471712595183362,0.5192353448652125,31.154120691912862,31.154120691912862,106.21571420366607,240.76196900608707,8.393618590229716,14.154939689429156,39.28065849078351,0.48583188934724286,29.149913360834674,29.149913360834674,223.97689266928325,0.14349054718618487,0.13425951128390612,0.13425951128390612,False
99,99,1.65,1.65,Sports2D_HALPE26_postprocessed,142.1159490286404,167.78690332468526,1.0,121.44101992408994,195.80067737475048,1.0,106.34919747220756,198.93941107588472,1.0,111.2821788553068,240.35713647930388,1.0,95.40346420096414,246.6120717573151,1.0,130.21171013496215,272.55803433351525,1.0,121.17680948022269,279.78669848117426,1.0,95.4931645855503,283.02372834775434,1.0,100.8358309559756,284.0841542025,1.0,88.98241620611074,354.3937308198133,1.0,117.35336585005436,353.54950439653874,1.0,81.37771758781014,420.5675749156271,1.0,128.8692705274524,421.45668268445166,1.0,108.34541088790972,435.31036774014734,1.0,104.87623977033164,432.2839992117434,1.0,75.52131550222937,434.6232695704117,1.0,164.22799242336563,432.9307908767705,1.0,159.20052411444408,438.2533052863764,1.0,125.16637270936424,434.94747334282977,1.0,1.0,1.65,142.1159490286404,167.78690332468526,False,121.44101992408994,195.80067737475048,False,106.34919747220756,198.93941107588472,False,111.2821788553068,240.35713647930388,False,95.40346420096414,246.6120717573151,False,130.21171013496215,272.55803433351525,False,121.17680948022269,279.78669848117426,False,95.4931645855503,283.02372834775434,False,100.8358309559756,284.0841542025,False,88.98241620611074,354.3937308198133,False,117.35336585005436,353.54950439653874,False,81.37771758781014,420.5675749156271,False,128.8692705274524,421.45668268445166,False,True,129.22529105011577,178.65672322414076,176.24937022078586,48.913103083856825,42.00977487622694,90.92287796008377,1.069452832198622,1.0803531940288311,1.091822769445833,0.8588654619643578,True,True,True,True,2.0691528811105684,False,0.0037282810606671,False,True,129.22529105011577,valid,0.8061555871274635,-0.2559290156963243,0.845805232741034,50.74831396446222,50.74831396446222,106.02980323445585,240.46199275022238,21.17486985081633,15.147006245766832,39.32470573095188,0.9930439122063761,59.58263473238278,44.097176110831356,223.81403712977598,0.23373804741750462,0.2744274166840318,0.20310404495387607,False
100,100,1.6666666666666667,1.6666666666666667,Sports2D_HALPE26_postprocessed,142.26595115142368,167.73732563680102,1.0,121.8610627467931,195.8274176027153,1.0,106.42228540391034,199.1055451572342,1.0,112.93969864625176,240.15168732526007,1.0,95.35415465324728,246.92107515454185,1.0,130.36448770377515,272.2821261154771,1.0,122.07355920065822,279.47208609736225,1.0,95.87278184324911,282.9589639334096,1.0,100.908691419282,283.98815658491674,1.0,89.20264449759712,354.47922328105346,1.0,117.83235744329988,353.56949656639034,1.0,81.3785999821164,420.5735517948143,1.0,129.02775755833218,421.5278619765252,1.0,108.3341654542385,435.3872888205214,1.0,104.88265670703314,432.3450220572462,1.0,75.47076758706237,434.7512731433338,1.0,164.2412923569936,433.0624275735047,1.0,159.16506073560373,438.3790268628966,1.0,125.20267083210696,435.03940275898526,1.0,1.0,1.6666666666666667,142.26595115142368,167.73732563680102,False,121.8610627467931,195.8274176027153,False,106.42228540391034,199.1055451572342,False,112.93969864625176,240.15168732526007,False,95.35415465324728,246.92107515454185,False,130.36448770377515,272.2821261154771,False,122.07355920065822,279.47208609736225,False,95.87278184324911,282.9589639334096,False,100.908691419282,283.98815658491674,False,89.20264449759712,354.47922328105346,False,117.83235744329988,353.56949656639034,False,81.3785999821164,420.5735517948143,False,129.02775755833218,421.5278619765252,False,True,127.58619736445664,178.5770372587503,175.68471063136613,49.07981690305296,42.11288274112588,91.19269964417884,1.0730979202193165,1.083004789080251,1.09506285010534,0.8580488966434243,True,True,True,True,1.6390936856591338,False,0.0008165653209334,False,True,127.58619736445664,valid,0.8967497204355368,-0.31461238381200474,0.9503373154565097,57.020238927390025,57.020238927390025,106.26620535330864,240.47002081956896,14.19230362216997,15.807353847349589,39.00206527779329,0.7349529351805297,44.097176110831356,59.58263473238278,223.76282665648748,0.26262546021727656,0.20310404495387607,0.2744274166840318,False
101,101,1.6833333333333331,1.6833333333333331,Sports2D_HALPE26_postprocessed,142.6327008087031,167.8485408684505,1.0,122.72094509111572,195.79697771365383,1.0,106.77350600913655,199.24211668722245,1.0,113.75392758573062,239.97655015673823,1.0,95.40487704350817,247.0729530371978,1.0,131.9368745539232,271.2311516187891,1.0,123.01697239557429,278.4424037563405,1.0,97.14519763770652,283.4097877264684,1.0,101.30430303843188,284.3840549773616,1.0,89.39905611593537,354.4762348289708,1.0,118.8414119008634,353.54814767753703,1.0,81.41583085334115,420.9575344618064,1.0,129.23876740092769,421.7697904577085,1.0,108.3964744123676,435.5599805430148,1.0,105.13206165559863,432.397372582057,1.0,75.68310362482173,434.8362874671283,1.0,164.32295007153635,433.277056163084,1.0,159.11161757129636,438.4428698037037,1.0,125.13007591836008,435.3001274171412,1.0,1.0,1.6833333333333331,142.6327008087031,167.8485408684505,False,122.72094509111572,195.79697771365383,False,106.77350600913655,199.24211668722245,False,113.75392758573062,239.97655015673823,False,95.40487704350817,247.0729530371978,False,131.9368745539232,271.2311516187891,False,123.01697239557429,278.4424037563405,False,97.14519763770652,283.4097877264684,False,101.30430303843188,284.3840549773616,False,89.39905611593537,354.4762348289708,False,118.8414119008634,353.54814767753703,False,81.41583085334115,420.9575344618064,False,129.23876740092769,421.7697904577085,False,True,125.27483740615288,179.373180839671,174.43756270859316,49.163346412711256,41.790791427685534,90.95413784039678,1.0749242380164736,1.0747216602068057,1.0921981452573075,0.8500396022041425,True,True,True,True,2.311359958303754,False,0.0080092944392817,False,True,125.27483740615288,valid,0.9434131949160616,-1.0296823410217257,1.3965221730261614,83.7913303815711,83.7913303815711,106.98598794409767,240.70823427617657,45.49063050874323,16.030984451476613,37.734169480163956,1.2874666600531248,77.24799960318879,77.24799960318879,224.04223474613445,0.38592852498742136,0.35579106345880857,0.35579106345880857,False
102,102,1.7,1.7,Sports2D_HALPE26_postprocessed,142.52567717865128,167.880094742148,1.0,122.47628984877252,195.7271070333334,1.0,106.59772837064602,199.2916610243101,1.0,113.37669198772416,239.2114473943953,1.0,95.03671992339652,246.89248420334576,1.0,132.39192689080204,270.9675372977132,1.0,124.50132203376344,276.7151351523167,1.0,97.11368099404024,282.9667167073975,1.0,101.47532091677716,283.91214212584794,1.0,89.80216303604797,354.5505102030448,1.0,119.80538919775164,353.1778509557894,1.0,81.43926038013034,420.985555234209,1.0,129.41727446830012,421.579865873866,1.0,108.41977375322722,435.5691920116289,1.0,105.03153153682196,432.4292526222307,1.0,75.59136282860987,434.7074672393675,1.0,164.3521814543352,433.18298789465626,1.0,159.40770052375095,438.4542243447031,1.0,125.37623168105824,435.28836946570607,1.0,1.0,1.7,142.52567717865128,167.880094742148,False,122.47628984877252,195.7271070333334,False,106.59772837064602,199.2916610243101,False,113.37669198772416,239.2114473943953,False,95.03671992339652,246.89248420334576,False,132.39192689080204,270.9675372977132,False,124.50132203376344,276.7151351523167,False,97.11368099404024,282.9667167073975,False,101.47532091677716,283.91214212584794,False,89.80216303604797,354.5505102030448,False,119.80538919775164,353.1778509557894,False,81.43926038013034,420.985555234209,False,129.41727446830012,421.579865873866,False,True,121.69467954621888,178.65722025022365,173.17622121051485,48.9846433450239,41.92318317048929,90.9078265155132,1.0710170129620096,1.0781263402514496,1.0916420282477546,0.8558433890230223,True,True,True,True,3.5801578599340047,False,0.0058037868188797,False,True,121.69467954621888,valid,1.4843496381891583,-1.727268604023834,2.277443891479816,136.64663348878764,136.64663348878764,106.91575503255899,240.47440672272222,14.648848139820439,17.585567001204453,36.24072842959447,2.155711732918946,129.3427039751355,129.3427039751355,223.95863644712142,0.6293710037383916,0.5957303546285186,0.5957303546285186,False
103,103,1.7166666666666666,1.7166666666666666,Sports2D_HALPE26_postprocessed,142.71029473965712,167.87491398512452,1.0,122.51943500173428,195.64934695285183,1.0,106.88555152803887,199.2785037337759,1.0,112.27998313998717,238.9469341484568,1.0,94.92808916619052,246.6346458650304,1.0,133.64663006872718,268.8880052414073,1.0,126.92581230476551,274.99233398640456,1.0,98.28728981541798,282.58751369324955,1.0,101.88184928945049,283.50423674876834,1.0,90.2386391593769,354.5683436221159,1.0,120.96251590721197,352.7135186536327,1.0,81.45181879416084,420.9986720112025,1.0,129.5318498997105,421.4325595711368,1.0,108.42303476432603,435.726771375038,1.0,104.96869156161084,432.4333635580726,1.0,75.53691405111987,434.6217120179677,1.0,164.37469552339806,433.3270121901938,1.0,159.6888526684682,438.4057192375552,1.0,125.46829982789173,434.8908174227761,1.0,1.0,1.7166666666666666,142.71029473965712,167.87491398512452,False,122.51943500173428,195.64934695285183,False,106.88555152803887,199.2785037337759,False,112.27998313998717,238.9469341484568,False,94.92808916619052,246.6346458650304,False,133.64663006872718,268.8880052414073,False,126.92581230476551,274.99233398640456,False,98.28728981541798,282.58751369324955,False,101.88184928945049,283.50423674876834,False,90.2386391593769,354.5683436221159,False,120.96251590721197,352.7135186536327,False,81.45181879416084,420.9986720112025,False,129.5318498997105,421.4325595711368,False,True,117.37765278469703,178.84527320480095,171.69487253893794,48.842451859940425,42.75526589371212,91.59771775365256,1.067908089650063,1.0995247702687143,1.0999264004447324,0.8753709993166643,True,True,True,True,4.317026761521845,False,0.019527610293642,False,True,117.37765278469703,valid,2.424490271002071,-1.7228011659121307,2.974255693690758,178.4553416214461,178.4553416214461,107.39353140866041,240.2549002821614,31.547298376086488,19.532280896105107,34.73743370424316,2.459591433524752,147.57548601148565,147.57548601148565,223.94118695759363,0.8219347569070037,0.6797074277417219,0.6797074277417219,False
104,104,1.7333333333333334,1.7333333333333334,Sports2D_HALPE26_postprocessed,142.63007182960968,167.82387396733174,1.0,123.4051651974709,195.7127133999396,1.0,107.10543034575804,199.16941974702587,1.0,113.03473908614797,238.90431821314496,1.0,94.69500852010508,246.389658778296,1.0,134.42153075410107,266.1791797826862,1.0,129.39784064068797,272.44716673101675,1.0,99.38584694465204,281.9809380394373,1.0,101.91843077842783,282.828322300412,1.0,90.2015400019574,354.5278873250511,1.0,122.19250106250558,352.04650284691127,1.0,81.54651581958146,421.08598397401687,1.0,129.76177449079526,421.0789316362487,1.0,108.50327320174996,435.68967522528,1.0,104.95417367124156,432.3812522676088,1.0,75.61780845841749,434.4768922935388,1.0,164.50202140717252,433.2410996743244,1.0,159.6793599731956,438.2688589048559,1.0,125.70182815034866,434.31271519604377,1.0,1.0,1.7333333333333334,142.63007182960968,167.82387396733174,False,123.4051651974709,195.7127133999396,False,107.10543034575804,199.16941974702587,False,113.03473908614797,238.90431821314496,False,94.69500852010508,246.389658778296,False,134.42153075410107,266.1791797826862,False,129.39784064068797,272.44716673101675,False,99.38584694465204,281.9809380394373,False,101.91843077842783,282.828322300412,False,90.2015400019574,354.5278873250511,False,122.19250106250558,352.04650284691127,False,81.54651581958146,421.08598397401687,False,129.76177449079526,421.0789316362487,False,True,112.17653606008874,179.80615060405952,169.93201790653737,48.823862445129535,43.39677727545521,92.22063972058474,1.067501644320182,1.1160223323792935,1.1074065902753176,0.8888435920903732,True,True,True,True,5.201116724608298,False,0.0134725927737089,False,True,112.17653606008874,valid,2.4720283359224595,-2.5451672553878097,3.5480699614722764,212.8841976883345,212.8841976883345,107.95371831657721,239.92284837170368,39.072294979230534,21.444122324110765,32.52431835931307,2.9245541841114413,175.47325104668477,175.47325104668477,223.8473899861061,0.9805081746865214,0.80819975817079,0.80819975817079,False
105,105,1.75,1.75,Sports2D_HALPE26_postprocessed,142.72754719348694,167.5538024558766,1.0,123.3381857121082,195.86275056103605,1.0,107.29094001716508,199.1752319652044,1.0,114.09561863119556,237.7865087640088,1.0,94.45661807176975,246.0909430156416,1.0,134.68076724268312,265.1492130517577,1.0,132.52019794775697,269.3293793028614,1.0,98.95934478405697,279.5149027378284,1.0,101.62370714265958,279.8830830467448,1.0,90.32016845939717,354.48278600606307,1.0,124.3758550933932,350.2066901540528,1.0,81.52409165253665,420.4211041063097,1.0,130.194317492893,420.0468541977849,1.0,108.4407107261362,435.2439948811372,1.0,104.19030420900953,432.3363730588872,1.0,75.71373430608489,434.3728962910744,1.0,164.66138584725724,433.0905419791271,1.0,160.05969413048496,438.1086193360202,1.0,126.18064666116588,433.575585616991,1.0,1.0,1.75,142.72754719348694,167.5538024558766,False,123.3381857121082,195.86275056103605,False,107.29094001716508,199.1752319652044,False,114.09561863119556,237.7865087640088,False,94.45661807176975,246.0909430156416,False,134.68076724268312,265.1492130517577,False,132.52019794775697,269.3293793028614,False,98.95934478405697,279.5149027378284,False,101.62370714265958,279.8830830467448,False,90.32016845939717,354.48278600606307,False,124.3758550933932,350.2066901540528,False,81.52409165253665,420.4211041063097,False,130.194317492893,420.0468541977849,False,True,106.10515983911824,178.97535972934952,166.83416842401286,48.63952881315949,44.5966482378534,93.2361770510129,1.0634713106805058,1.146879065853076,1.1196013954273332,0.9168807619243984,True,True,True,True,6.0713762209704925,False,0.028037169834025,False,True,106.10515983911824,valid,3.122357307068995,-3.1177874281553386,4.412449841094018,264.746990465642,212.8841976883345,107.80304441399747,238.60899207770342,79.34806582601614,24.7171535337595,30.720387225157992,3.7372317075756345,224.23390245453888,175.47325104668477,222.91561100738,1.2193793207481516,1.032782972085219,0.80819975817079,False
106,106,1.7666666666666666,1.7666666666666666,Sports2D_HALPE26_postprocessed,142.82462223533005,167.12862222495016,1.0,123.44491963870682,195.9243313934781,1.0,107.41371876234722,199.14036717931344,1.0,113.95517875794248,237.516071025859,1.0,94.80148741074656,245.50532246119803,1.0,134.13566948203552,262.33554918383203,1.0,133.7655927592627,266.7199627492014,1.0,98.99778604004788,278.85449355722466,1.0,101.51894331970354,278.9534877410179,1.0,90.39692443527092,354.4618276391055,1.0,125.8715215379643,348.896635802735,1.0,81.52742407666724,420.0607020657418,1.0,130.54436177027767,418.9960679369251,1.0,108.40768417576912,435.0041448272357,1.0,103.65722527615848,432.3112470990445,1.0,75.79202128911277,434.2983651420725,1.0,164.72592840165825,432.7223117995084,1.0,160.18470580060034,437.7232024021399,1.0,126.5649976256982,433.0901157643921,1.0,1.0,1.7666666666666666,142.82462223533005,167.12862222495016,False,123.44491963870682,195.9243313934781,False,107.41371876234722,199.14036717931344,False,113.95517875794248,237.516071025859,False,94.80148741074656,245.50532246119803,False,134.13566948203552,262.33554918383203,False,133.7655927592627,266.7199627492014,False,98.99778604004788,278.85449355722466,False,101.51894331970354,278.9534877410179,False,90.39692443527092,354.4618276391055,False,125.8715215379643,348.896635802735,False,81.52742407666724,420.0607020657418,False,130.54436177027767,418.9960679369251,False,True,103.34936509596238,178.78973771386853,164.616775015907,48.049739416124375,44.36510417163064,92.414843587755,1.0505759533776056,1.1409245142698026,1.109738634848126,0.923316228365283,True,True,True,True,2.7557947431558603,False,0.0064354664408847,False,True,103.34936509596238,valid,1.2453948115057187,-2.609416553660026,2.891377351201384,173.48264107208365,217.10551868853992,107.84384194020137,238.2181699677585,23.576744795627157,25.921750819061316,28.501792781442873,2.52452291046053,151.47137462763231,190.88544702575993,222.19468114779514,0.7990313493649547,0.6976512238396946,0.8791856947102311,False
107,107,1.7833333333333332,1.7833333333333332,Sports2D_HALPE26_postprocessed,143.1878655787508,166.9389270097739,1.0,124.35070251154714,195.9294851565569,1.0,107.71170785456566,198.9489224759848,1.0,114.69213280070916,237.64676149169165,1.0,94.89473910635344,245.49344492412547,1.0,136.14792328871386,259.2570186276397,1.0,134.8187647539881,263.2581957893594,1.0,100.16561053869373,278.2686530956486,1.0,101.67022723839705,278.4915565318993,1.0,90.73466211250522,354.4771429464082,1.0,127.88006394079646,347.4932285211015,1.0,81.69822657567543,420.20493865058825,1.0,130.65077869823494,418.61372115173424,1.0,108.38768967610358,435.1927430441025,1.0,104.0650840542154,432.35391066466383,1.0,75.82974711878965,434.1129242987537,1.0,164.7630119109831,432.363057756252,1.0,160.20484839981643,437.2609260814872,1.0,126.68134496758434,432.9023404267383,1.0,1.0,1.7833333333333332,143.1878655787508,166.9389270097739,False,124.35070251154714,195.9294851565569,False,107.71170785456566,198.9489224759848,False,114.69213280070916,237.64676149169165,False,94.89473910635344,245.49344492412547,False,136.14792328871386,259.2570186276397,False,134.8187647539881,263.2581957893594,False,100.16561053869373,278.2686530956486,False,101.67022723839705,278.4915565318993,False,90.73466211250522,354.4771429464082,False,127.88006394079646,347.4932285211015,False,81.69822657567543,420.20493865058825,False,130.65077869823494,418.61372115173424,False,True,98.59137589253666,179.22649280322398,161.43204752716167,48.27698476311584,43.697988480212885,91.97497324332872,1.0555445234461889,1.1237684935547816,1.1044565708789296,0.9051515684881511,True,True,True,True,4.757989203425723,False,0.0181646598771317,False,True,98.59137589253666,valid,1.0531719947254032,-3.4617669598420093,3.6184253114756526,217.10551868853992,217.10551868853992,108.47456203580089,237.90965431502238,42.12793715712365,26.344202718187205,25.348541474336997,3.1814241170959874,190.88544702575993,190.88544702575993,222.18886439069007,0.999950856640477,0.8791856947102311,0.8791856947102311,False
108,108,1.8,1.8,Sports2D_HALPE26_postprocessed,143.46392673894886,166.93994371700828,1.0,125.65721096070769,196.038204560024,1.0,107.89162185218792,198.7655467297543,1.0,114.47252556948072,237.286564990304,1.0,95.32922909035588,245.1837695583285,1.0,138.69209424342262,254.72864724069103,1.0,135.94298591975704,259.1634266733664,1.0,100.43238642177204,277.59866879168976,1.0,101.62490030773452,277.6326250807073,1.0,90.57575933985264,354.4657408612157,1.0,129.3788372154007,346.547506300544,1.0,81.61833688787915,419.6343302545969,1.0,130.52750887212915,417.88205717155984,1.0,108.33921856620576,435.23746358872336,1.0,103.64121035023383,432.3552063240832,1.0,75.72291546073515,434.232004683404,1.0,164.726793060153,432.0163246809897,1.0,159.955178239797,436.8360597856866,1.0,126.54070928703668,432.688831249758,1.0,1.0,1.8,143.46392673894886,166.93994371700828,False,125.65721096070769,196.038204560024,False,107.89162185218792,198.7655467297543,False,114.47252556948072,237.286564990304,False,95.32922909035588,245.1837695583285,False,138.69209424342262,254.72864724069103,False,135.94298591975704,259.1634266733664,False,100.43238642177204,277.59866879168976,False,101.62490030773452,277.6326250807073,False,90.57575933985264,354.4657408612157,False,129.3788372154007,346.547506300544,False,81.61833688787915,419.6343302545969,False,130.52750887212915,417.88205717155984,False,True,93.85049309836288,179.48086926145135,158.98651574968272,48.08809751347724,42.9523929118246,91.04049042530184,1.0514146279507857,1.104594228609652,1.0932350868996656,0.8932021671222634,True,True,True,True,4.740882794173785,False,0.0119494013658878,False,True,93.85049309836288,valid,1.1242211657689438,-4.0947691159929605,4.246293365142433,254.77760190854352,254.77760190854352,108.90152988560055,237.50876129054387,35.14057971373047,27.041456034156482,21.654665382822543,3.759106644681985,225.5463986809169,225.5463986809169,221.61484948532183,1.1734620235367719,1.038828105040991,1.038828105040991,False
109,109,1.8166666666666669,1.8166666666666669,Sports2D_HALPE26_postprocessed,144.2686735316431,166.64528751217205,1.0,125.2106594484326,196.06746212918,1.0,108.12273566469143,198.60856419776275,1.0,113.8068732565806,237.24267589978,1.0,95.78116094555678,245.04601770841364,1.0,140.01765529059682,251.04654961082505,1.0,137.38624542274638,255.1303498284157,1.0,100.4775719639536,277.2699798495333,1.0,101.98160593388076,277.2593231559812,1.0,90.48873416238476,354.47991541376734,1.0,131.1444105327848,346.0278390150585,1.0,81.55402641901534,419.1658410595377,1.0,130.41635207915976,417.1678190714879,1.0,107.80195580394006,435.1257657709921,1.0,103.16187399933212,432.3861005296204,1.0,75.61579583903644,434.3396057381906,1.0,164.17787922710897,431.777886912918,1.0,159.57986074697422,436.4716245782897,1.0,126.41988995769952,432.2209704506951,1.0,1.0,1.8166666666666669,144.2686735316431,166.64528751217205,False,125.2106594484326,196.06746212918,False,108.12273566469143,198.60856419776275,False,113.8068732565806,237.24267589978,False,95.78116094555678,245.04601770841364,False,140.01765529059682,251.04654961082505,False,137.38624542274638,255.1303498284157,False,100.4775719639536,277.2699798495333,False,101.98160593388076,277.2593231559812,False,90.48873416238476,354.47991541376734,False,131.1444105327848,346.0278390150585,False,81.55402641901534,419.1658410595377,False,130.41635207915976,417.1678190714879,False,True,88.74140156029982,179.50736248125574,156.43320299584772,48.04946987326548,42.809774685935785,90.85924455920129,1.0505700600002552,1.100926557066073,1.0910586449752977,0.890952070831378,True,True,True,True,5.109091538063055,False,0.0022500962908854,False,True,88.74140156029982,valid,1.4432595029893491,-4.0330768449507275,4.283539054362266,257.01234326173346,255.34648096756575,108.9481432527396,237.30133233311432,12.756115480618082,28.438102170006786,17.829017495301372,4.072616135616121,244.35696813696487,244.35696813696487,221.0869986997833,1.1837548596838714,1.125466368108153,1.125466368108153,False
110,110,1.8333333333333333,1.8333333333333333,Sports2D_HALPE26_postprocessed,145.0621682811214,166.33337380551626,1.0,126.57081412246755,196.0638334978748,1.0,108.40247178278702,198.3504354967464,1.0,115.8611762890888,237.46746321613392,1.0,97.36156638481236,245.741228558407,1.0,143.45091466575778,245.77372739307987,1.0,138.7301149568249,251.09232644734485,1.0,101.02101547749928,277.47733019991017,1.0,102.48594676362902,277.50934044755,1.0,90.28005305937972,354.4748624488285,1.0,131.9118331773716,345.7007159700652,1.0,81.38230560308943,419.03793839351385,1.0,130.1377182582047,417.09505711559,1.0,107.98972866265969,435.2825860428667,1.0,103.45551615538476,432.3970620593517,1.0,75.62882385940954,434.5900081857941,1.0,164.1259959863002,431.1681383835431,1.0,159.4915868317827,436.0006671053674,1.0,126.04233935502674,432.29841999961104,1.0,1.0,1.8333333333333333,145.0621682811214,166.33337380551626,False,126.57081412246755,196.0638334978748,False,108.40247178278702,198.3504354967464,False,115.8611762890888,237.46746321613392,False,97.36156638481236,245.741228558407,False,143.45091466575778,245.77372739307987,False,138.7301149568249,251.09232644734485,False,101.02101547749928,277.47733019991017,False,102.48594676362902,277.50934044755,False,90.28005305937972,354.4748624488285,False,131.9118331773716,345.7007159700652,False,81.38230560308943,419.03793839351385,False,130.1377182582047,417.09505711559,False,True,84.2557990389218,179.9054076735042,155.23539634301036,48.65993073382003,41.7132000639121,90.37313079773212,1.0639173852588308,1.0727262656128411,1.0852212794494729,0.8572391993751902,True,True,True,True,4.485602521378027,False,0.0337128714561877,False,True,84.2557990389218,valid,1.3438695340785216,-4.038023381070843,4.2557746827926906,255.34648096756575,257.01234326173346,109.62006203659571,237.35023491052036,40.42176061272361,29.110052920229194,13.74209153682449,4.141796904822428,248.50781428934988,248.50781428934988,221.1704596312983,1.176082183106323,1.1445844549763857,1.1445844549763857,False
111,111,1.85,1.85,Sports2D_HALPE26_postprocessed,146.24799090088555,166.33770672152815,1.0,128.24654720782098,196.04121305871365,1.0,108.8754550135882,198.418585073782,1.0,119.07882616640448,237.5540392960552,1.0,100.99393281555147,246.6670617535881,1.0,145.849216810137,244.80794252125108,1.0,142.02512229842125,247.423998200867,1.0,101.52167269570556,278.3762784734017,1.0,104.10468827785014,278.6683361154016,1.0,90.2087228070471,354.4725855876026,1.0,132.6708291981409,346.3445140139141,1.0,81.45216773621082,419.58860399710784,1.0,129.70281760467924,417.6398248086836,1.0,108.39394237369136,435.938003451345,1.0,103.5446608324044,432.45254025204673,1.0,75.8252804815384,435.1272133903889,1.0,164.2528892694935,430.6694622190796,1.0,159.09403697800568,435.6052321827016,1.0,124.87739863926332,432.1411544019066,1.0,1.0,1.85,146.24799090088555,166.33770672152815,False,128.24654720782098,196.04121305871365,False,108.8754550135882,198.418585073782,False,119.07882616640448,237.5540392960552,False,100.99393281555147,246.6670617535881,False,145.849216810137,244.80794252125108,False,142.02512229842125,247.423998200867,False,101.52167269570556,278.3762784734017,False,104.10468827785014,278.6683361154016,False,90.2087228070471,354.4725855876026,False,132.6708291981409,346.3445140139141,False,81.45216773621082,419.58860399710784,False,129.70281760467924,417.6398248086836,False,True,81.77938019893216,179.20295932856217,154.73153601293245,48.88797289804454,41.038170806754806,89.92614370479934,1.0689033772122036,1.055366734023314,1.0798537559321608,0.8394328579002359,True,True,True,True,2.476418839989634,False,0.0178063414749543,False,True,81.77938019893216,valid,3.295007341596346,-3.6683282464778415,4.930892972381475,295.8535783428856,255.34648096756575,110.68709079874122,237.87610318032475,71.37447820585557,31.338031499680028,9.547895020542256,4.749228670814428,284.95372024886285,248.50781428934988,221.7647099258461,1.3626509399262683,1.3124480592983747,1.1445844549763857,False
112,112,1.8666666666666667,1.8666666666666667,Sports2D_HALPE26_postprocessed,146.43393626584106,166.05608262292077,1.0,127.98972457453078,196.0502520045994,1.0,109.34691449818376,198.40686946718404,1.0,118.1985923090705,237.51807311434743,1.0,102.39075176089791,247.14440677997032,1.0,146.43419223167842,242.3104247336572,1.0,144.76816849296208,244.38995767461955,1.0,101.93385445852036,277.7851447121532,1.0,104.53794093100304,277.7832472657671,1.0,90.38968154636969,354.36379487976853,1.0,133.4174990943744,345.805893665277,1.0,81.27423912783054,419.56567100513394,1.0,129.43472423688675,417.2142239811212,1.0,108.42506172642334,435.9224287952386,1.0,103.51923667387894,433.0010815778105,1.0,75.74695521755727,435.65542487416224,1.0,163.88625909672467,430.4778773200633,1.0,158.8493319260166,435.46220567732735,1.0,124.40588260765492,432.3787284745722,1.0,1.0,1.8666666666666667,146.43393626584106,166.05608262292077,False,127.98972457453078,196.0502520045994,False,109.34691449818376,198.40686946718404,False,118.1985923090705,237.51807311434743,False,102.39075176089791,247.14440677997032,False,146.43419223167842,242.3104247336572,False,144.76816849296208,244.38995767461955,False,101.93385445852036,277.7851447121532,False,104.53794093100304,277.7832472657671,False,90.38968154636969,354.36379487976853,False,133.4174990943744,345.805893665277,False,81.27423912783054,419.56567100513394,False,129.43472423688675,417.2142239811212,False,True,78.15832274527504,179.38581659431674,153.8036173610157,49.23145075399302,42.4668392838106,91.69829003780362,1.0764132946511331,1.0921073868105051,1.101134095496571,0.8625957316597305,True,True,True,True,3.621057453657116,False,0.0231628737594945,False,True,78.15832274527504,valid,2.743046194540824,-3.034040526247452,4.090196124918316,245.41176749509984,245.41176749509984,110.95210861555948,237.50637836242595,27.29379385730577,33.816059877402594,6.8835793121936035,3.638571537643821,218.31429225863002,218.31429225863002,221.56176852242857,1.130324593399349,1.0055182607958268,1.0055182607958268,False
113,113,1.8833333333333333,1.8833333333333333,Sports2D_HALPE26_postprocessed,146.90286950156502,165.79149711233305,1.0,128.13073787001542,196.1034000609086,1.0,109.78859048948168,198.24045832735987,1.0,119.9355518760574,237.65178393736653,1.0,104.3385172034792,247.384758063822,1.0,147.53921544361432,238.6172773260675,1.0,145.48432810479864,241.56498763099933,1.0,102.44784853158448,277.7893995028641,1.0,105.78315932876804,277.8106333327525,1.0,90.821116231896,354.5707429636212,1.0,133.87320891248748,345.9627844608372,1.0,81.36449878641967,419.91722933220046,1.0,129.03892768084694,417.5841879584171,1.0,108.44193463773124,435.8647031778215,1.0,103.75824803076615,433.16835216286415,1.0,75.86193936271769,435.73715198585495,1.0,163.33924356751504,430.3509799947284,1.0,158.42279332292478,435.4029313220944,1.0,123.60668112412604,432.6226317359754,1.0,1.0,1.8833333333333333,146.90286950156502,165.79149711233305,False,128.13073787001542,196.1034000609086,False,109.78859048948168,198.24045832735987,False,119.9355518760574,237.65178393736653,False,104.3385172034792,247.384758063822,False,147.53921544361432,238.6172773260675,False,145.48432810479864,241.56498763099933,False,102.44784853158448,277.7893995028641,False,105.78315932876804,277.8106333327525,False,90.821116231896,354.5707429636212,False,133.87320891248748,345.9627844608372,False,81.36449878641967,419.91722933220046,False,129.03892768084694,417.5841879584171,False,True,75.62113060644498,179.62370976344178,153.73869531497138,49.44558115150463,41.55535443980588,91.00093559131052,1.0810951149741252,1.0686669954865655,1.09276010338218,0.8404260496499666,True,True,True,True,2.537192138830065,False,0.0221696820097638,False,True,75.62113060644498,valid,0.7161596118365594,-2.824970043620226,2.9143336008387153,174.86001605032354,174.86001605032354,111.53758405496241,237.48597280597127,35.14985571466547,33.94674404983623,4.079014825028054,2.8076075786325316,168.45645471795248,168.45645471795248,222.0054880342105,0.805375302746361,0.7758815953614263,0.7758815953614263,False
114,114,1.9,1.9,Sports2D_HALPE26_postprocessed,147.25972772291237,165.7330183711769,1.0,129.5310425611867,196.14935193344863,1.0,109.8222411558496,198.1751752229032,1.0,123.53799798651973,237.9463241385488,1.0,105.73521577091508,247.19191875889675,1.0,149.53444954144345,236.5809859432549,1.0,146.20365326045868,239.0434882584771,1.0,103.19876413891902,277.4409331746017,1.0,106.33128892682998,277.3847279599026,1.0,91.97323261710292,354.3047534762024,1.0,133.76456736343093,346.41228248718244,1.0,81.35995121422494,419.860433431778,1.0,128.67150985422956,417.4182316672592,1.0,108.16940403272756,436.0522244706342,1.0,103.50236511947509,433.1897320009004,1.0,75.86230093631782,435.7153462287713,1.0,162.15041897352597,430.3578243959429,1.0,157.71122160272228,435.66404287993737,1.0,123.17665246585096,432.7081271049759,1.0,1.0,1.9,147.25972772291237,165.7330183711769,False,129.5310425611867,196.14935193344863,False,109.8222411558496,198.1751752229032,False,123.53799798651973,237.9463241385488,False,105.73521577091508,247.19191875889675,False,149.53444954144345,236.5809859432549,False,146.20365326045868,239.0434882584771,False,103.19876413891902,277.4409331746017,False,106.33128892682998,277.3847279599026,False,91.97323261710292,354.3047534762024,False,133.76456736343093,346.41228248718244,False,81.35995121422494,419.860433431778,False,128.67150985422956,417.4182316672592,False,True,73.84925418860874,179.11275272812205,154.22324884794816,49.186836891290994,41.28064137662189,90.46747826791288,1.0754378418825734,1.061602279331178,1.0863542255076493,0.839261964900431,True,True,True,True,1.7718764178362392,False,0.0011640847495355,False,True,73.84925418860874,valid,0.7193251556600444,-2.5214993725222143,2.622096063304178,157.32576379825124,174.86001605032354,112.22083419569631,237.28754707271403,42.68878886960454,33.98281906476237,1.7559411857630778,2.3233537268676376,139.40122361205874,168.45645471795248,221.96178590242874,0.7246155382506305,0.642058174336804,0.7758815953614263,False
115,115,1.9166666666666667,1.9166666666666667,Sports2D_HALPE26_postprocessed,147.8748607325989,165.67274245518897,1.0,129.54341426723175,196.1665504587188,1.0,109.95297490794508,198.03844047972888,1.0,125.94998333876995,238.73051186156167,1.0,107.32392581574948,247.0858125624046,1.0,149.46618680024966,234.6086576844679,1.0,146.53206713432783,235.4786006088597,1.0,103.87404523522449,277.964472952883,1.0,107.35301696624146,277.99491555379643,1.0,93.16774740912216,354.5764162085101,1.0,133.7747568841652,347.170744827941,1.0,81.38902763497423,420.149003716625,1.0,127.92136582850634,417.78712562663287,1.0,108.03287901044,435.9349180480328,1.0,103.7049289574264,433.0155958902855,1.0,75.90009238303978,435.4875037371661,1.0,160.81916631771776,430.806421198203,1.0,156.81559765836948,435.9148555079508,1.0,122.34158519303053,432.85947195937626,1.0,1.0,1.9166666666666667,147.8748607325989,165.67274245518897,False,129.54341426723175,196.1665504587188,False,109.95297490794508,198.03844047972888,False,125.94998333876995,238.73051186156167,False,107.32392581574948,247.0858125624046,False,149.46618680024966,234.6086576844679,False,146.53206713432783,235.4786006088597,False,103.87404523522449,277.964472952883,False,107.35301696624146,277.99491555379643,False,93.16774740912216,354.5764162085101,False,133.7747568841652,347.170744827941,False,81.38902763497423,420.149003716625,False,127.92136582850634,417.78712562663287,False,True,70.44084779414908,177.77203196684684,154.35720583938655,49.11778300519694,40.89016648281255,90.0079494880095,1.0739280240750424,1.051560549758528,1.0808360985370706,0.8324921032874416,True,True,True,True,3.4084063944596608,False,0.0067698616129894,False,True,70.44084779414908,valid,0.32841387386915244,-3.564887649617418,3.5799831880812714,214.79899128487418,214.79899128487418,112.68086284416069,237.5410948612818,31.51644362208427,33.851204290167146,-2.0624942524221126,3.820703030134674,229.2421818080782,229.2421818080782,222.37834737623135,0.9893273862326654,1.0558502495092028,1.0558502495092028,False
116,116,1.933333333333333,1.933333333333333,Sports2D_HALPE26_postprocessed,148.7284772540555,165.61446516454328,1.0,130.95990804051266,196.21870582390125,1.0,110.34405604286366,197.58224657026184,1.0,131.03071133225657,239.25089233666168,1.0,108.99508904547127,246.747363047559,1.0,150.7084477308571,233.3874015856478,1.0,148.2686303747222,230.41092585475724,1.0,105.81254874332616,278.49803842505787,1.0,108.42574438298465,278.6378287485888,1.0,95.15837312787338,354.9529812967886,1.0,133.35430860814475,347.6654351546516,1.0,81.66273504674487,420.8310944872016,1.0,127.32208543458702,418.39803864682807,1.0,107.9660351533326,435.8216166168834,1.0,103.95617266732856,433.0878963470223,1.0,76.20129479757989,435.33443720172846,1.0,160.08405802866346,431.61675077996,1.0,155.87283616601738,436.56970726690656,1.0,121.46972657068468,433.3100987659882,1.0,1.0,1.933333333333333,148.7284772540555,165.61446516454328,False,130.95990804051266,196.21870582390125,False,110.34405604286366,197.58224657026184,False,131.03071133225657,239.25089233666168,False,108.99508904547127,246.747363047559,False,150.7084477308571,233.3874015856478,False,148.2686303747222,230.41092585475724,False,105.81254874332616,278.49803842505787,False,108.42574438298465,278.6378287485888,False,95.15837312787338,354.9529812967886,False,133.35430860814475,347.6654351546516,False,81.66273504674487,420.8310944872016,False,127.32208543458702,418.39803864682807,False,True,65.8427182931208,176.35591154826966,155.2688612138405,49.183619124524064,42.53575235839536,91.71937148291944,1.0753674875283148,1.093879604358858,1.1013872463240268,0.8648357545771996,True,True,True,True,4.598129501028282,False,0.032343651289758,False,True,65.8427182931208,valid,1.7365632403943607,-5.067674754102455,5.356956160102147,321.41736960613855,214.79899128487418,113.88556430242178,237.73420489195243,73.20484625307002,34.38306607230041,-7.323279037195192,5.287601867292384,317.2561120375526,229.2421818080782,223.29956965945814,1.4803933866732817,1.461227346604173,1.0558502495092028,False
117,117,1.95,1.95,Sports2D_HALPE26_postprocessed,148.82861176291547,165.2303363995954,1.0,132.9375144987374,195.9825736503123,1.0,110.62529907488072,197.2478942349344,1.0,137.56045257063283,239.7404361412001,1.0,112.43863551691776,246.21512250176485,1.0,150.073163531261,232.2480240586254,1.0,148.45492126554265,227.35428231478733,1.0,108.91536782246467,278.8809177029317,1.0,109.51942868098268,278.77358233856626,1.0,97.33947368662454,354.8335817650914,1.0,132.63357680313564,348.6393871313091,1.0,81.86918025630312,420.5612653121704,1.0,126.5908477129714,419.65878328608295,1.0,107.40675578316522,435.6704058073082,1.0,103.80831780347286,432.8613353012677,1.0,76.11913570651348,435.350312309322,1.0,159.3800524863389,433.51423538617087,1.0,155.1303190220557,437.9075206130799,1.0,120.98747573606144,434.1423663917142,1.0,1.0,1.95,148.82861176291547,165.2303363995954,False,132.9375144987374,195.9825736503123,False,110.62529907488072,197.2478942349344,False,137.56045257063283,239.7404361412001,False,112.43863551691776,246.21512250176485,False,150.073163531261,232.2480240586254,False,148.45492126554265,227.35428231478733,False,108.91536782246467,278.8809177029317,False,109.51942868098268,278.77358233856626,False,97.33947368662454,354.8335817650914,False,132.63357680313564,348.6393871313091,False,81.86918025630312,420.5612653121704,False,126.5908477129714,419.65878328608295,False,True,64.48084568610396,175.42111054169212,156.83057408029336,49.00079216898335,40.65592369735691,89.65671586634025,1.0713700963779298,1.045536595995605,1.076618404661369,0.8296993150060012,True,True,True,True,1.361872607016835,False,0.0351364395711983,False,True,64.48084568610396,valid,0.1862908908204588,-3.0566435399699117,3.0623151415950765,183.73890849570034,218.1003781613769,115.49940251926637,237.72124198168615,96.83341663850354,32.95551874627628,-10.366959666898822,3.361827351853708,201.70964111121782,201.70964111121782,224.1829001190624,0.8462699615298176,0.9290400798662531,0.9290400798662531,False
118,118,1.9666666666666663,1.9666666666666663,Sports2D_HALPE26_postprocessed,149.58488130948857,164.99954964257,1.0,133.25156724846897,195.716477795224,1.0,111.1021968564689,196.5832889090541,1.0,139.79813628553484,239.3698931027253,1.0,114.17401853286204,244.3609068069809,1.0,153.6259714453427,228.27479487747345,1.0,150.56765947437532,224.3963086702916,1.0,112.11698357950206,279.72571784730536,1.0,110.13411118786324,279.39331098029766,1.0,100.36608859725165,354.5908062968358,1.0,131.71072420333732,349.900812496233,1.0,82.32222252835945,420.4041003327719,1.0,126.06843089568451,421.4376984084534,1.0,107.20821051116329,435.2147788505956,1.0,103.70621791089944,432.2819586462035,1.0,76.36476567402924,434.5103288384549,1.0,159.05899550374642,434.1493793413164,1.0,154.5216314283307,438.35891437402427,1.0,120.2995767531156,434.8288789345759,1.0,1.0,1.9666666666666663,149.58488130948857,164.99954964257,False,133.25156724846897,195.716477795224,False,111.1021968564689,196.5832889090541,False,139.79813628553484,239.3698931027253,False,114.17401853286204,244.3609068069809,False,153.6259714453427,228.27479487747345,False,150.56765947437532,224.3963086702916,False,112.11698357950206,279.72571784730536,False,110.13411118786324,279.39331098029766,False,100.36608859725165,354.5908062968358,False,131.71072420333732,349.900812496233,False,82.32222252835945,420.4041003327719,False,126.06843089568451,421.4376984084534,False,True,64.93070146325753,173.58852165893296,158.47518472172462,47.87626614943833,41.510026255584194,89.38629240502252,1.0467830744827606,1.067501303722025,1.0733710977229691,0.8670272265179806,True,True,True,True,0.4498557771535729,False,0.0373279115119793,False,True,64.93070146325753,valid,2.112738208832667,-2.9579736444957234,3.6350063026895536,218.1003781613769,183.73890849570034,116.65121471807579,237.85469888297027,69.57108241917595,33.916444756299526,-13.458390212678665,3.2373324846422324,194.23994907853722,194.23994907853722,225.4891260669536,1.0045330090800353,0.8946359569676776,0.8946359569676776,False
119,119,1.9833333333333327,1.9833333333333327,Sports2D_HALPE26_postprocessed,149.86637370559953,164.81124626484257,1.0,134.18086267749976,195.4790185155128,1.0,111.64988055370972,196.3890164259525,1.0,141.70364658682183,238.9976349103225,1.0,116.73889429792284,242.5992251239484,1.0,155.87647744488336,223.4967680900465,1.0,150.95853073440446,222.27868629935904,1.0,117.53146622095473,279.8591602756464,1.0,110.8210284407363,279.4228434800555,1.0,104.47360347823856,353.20423115083884,1.0,130.60277322581518,350.7045857003204,1.0,83.33407622836492,419.4330755786784,1.0,125.70879203457338,421.8003672173813,1.0,107.19631622558876,434.8951669559818,1.0,103.43196312937934,431.92042112496864,1.0,76.88420830509361,433.5945893486862,1.0,158.84672630381397,434.19660692249806,1.0,153.881824672538,438.6466525907947,1.0,120.33190375622488,435.5221717143496,1.0,1.0,1.9833333333333327,149.86637370559953,164.81124626484257,False,134.18086267749976,195.4790185155128,False,111.64988055370972,196.3890164259525,False,141.70364658682183,238.9976349103225,False,116.73889429792284,242.5992251239484,False,155.87647744488336,223.4967680900465,False,150.95853073440446,222.27868629935904,False,117.53146622095473,279.8591602756464,False,110.8210284407363,279.4228434800555,False,104.47360347823856,353.20423115083884,False,130.60277322581518,350.7045857003204,False,83.33407622836492,419.4330755786784,False,125.70879203457338,421.8003672173813,False,True,65.58153719904507,172.3922696323821,160.5520472480422,46.48958430445605,39.79833936192093,86.28792366637697,1.0164641878659728,1.0234823484147242,1.036165175375488,0.8560700199271567,True,True,True,True,0.6508357357875383,False,0.0109572065908238,False,True,65.58153719904507,valid,0.39087126002914374,-2.1176223709325654,2.1533937976577415,129.20362785946668,161.5664478034622,118.54580947322512,237.7875096742918,113.74714604599218,32.41272126117934,-15.508823374932774,2.5427269815392775,152.56361889235922,157.29602766726367,225.43436823220145,0.5950897938457189,0.7026819139611242,0.7244785787213021,False
120,120,2.0,2.0,Sports2D_HALPE26_postprocessed,150.54086529651613,164.67843041297692,1.0,134.54514637276773,195.2808549900042,1.0,112.02217483688236,196.30755853544284,1.0,141.99878939291185,238.7875663783093,1.0,119.16586990593106,241.3214909309992,1.0,158.06154990061484,222.5245294740052,1.0,152.27269698409248,219.9283672606561,1.0,120.12494256942462,280.2229020690015,1.0,111.94451083371388,280.3930487293301,1.0,108.9249923662118,352.7968560696696,1.0,129.2050274248675,351.740695806286,1.0,84.38879211934982,418.4349259739012,1.0,125.53009202239248,422.3211491489815,1.0,106.79694242735584,434.34206436362257,1.0,103.51784888197976,431.69365382586767,1.0,77.0564867188013,432.7870092149151,1.0,158.81507827498996,434.1920192453284,1.0,153.10805799729107,438.7208464003253,1.0,119.38262556460823,435.662197007489,1.0,1.0,2.0,150.54086529651613,164.67843041297692,False,134.54514637276773,195.2808549900042,False,112.02217483688236,196.30755853544284,False,141.99878939291185,238.7875663783093,False,119.16586990593106,241.3214909309992,False,158.06154990061484,222.5245294740052,False,152.27269698409248,219.9283672606561,False,120.12494256942462,280.2229020690015,False,111.94451083371388,280.3930487293301,False,108.9249923662118,352.7968560696696,False,129.2050274248675,351.740695806286,False,84.38879211934982,418.4349259739012,False,125.53009202239248,422.3211491489815,False,True,66.14769280377656,168.27667097435383,163.41967793066047,45.57725846243135,39.41735327946152,84.99461174189287,0.9965167833030566,1.0136846398509851,1.020634789197353,0.8648469567767587,True,True,True,True,0.5661556047314917,False,0.008776936849602,False,True,66.14769280377656,valid,1.3141662496880144,-2.350319038702935,2.6927741300578014,161.5664478034622,161.5664478034622,119.65919365319715,238.05109108094467,68.64953142245025,32.61350333089533,-18.12272382028857,2.6216004611211567,157.29602766726367,157.29602766726367,225.33014454596886,0.7441474028912326,0.7244785787213021,0.7244785787213021,False
121,121,2.0166666666666666,2.0166666666666666,Sports2D_HALPE26_postprocessed,151.0834381963493,164.44785411422976,1.0,134.72776806951416,195.0179997541627,1.0,112.19571942640752,196.24228245241048,1.0,141.7021008247289,238.70891402364137,1.0,121.8028756222881,240.3447896036429,1.0,159.23486730090315,219.76365272964267,1.0,154.05143050647007,214.88298906333003,1.0,123.12886028544511,280.1912567591272,1.0,112.09760298466176,280.8207550354698,1.0,114.5639904262023,351.9607914886155,1.0,128.15035784334918,351.51125120045504,1.0,86.85652302406729,415.6846479830372,1.0,125.41044989634425,422.0179411900417,1.0,107.28729899644418,433.9228059042678,1.0,103.7412046783949,431.00778230105,1.0,77.95295570978104,430.10792567168136,1.0,159.14006553026326,434.2918450480764,1.0,153.04261871367365,438.85575558893095,1.0,118.65051242800882,435.8730536333034,1.0,1.0,2.0166666666666666,151.0834381963493,164.44785411422976,False,134.72776806951416,195.0179997541627,False,112.19571942640752,196.24228245241048,False,141.7021008247289,238.70891402364137,False,121.8028756222881,240.3447896036429,False,159.23486730090315,219.76365272964267,False,154.05143050647007,214.88298906333003,False,123.12886028544511,280.1912567591272,False,112.09760298466176,280.8207550354698,False,114.5639904262023,351.9607914886155,False,128.15035784334918,351.51125120045504,False,86.85652302406729,415.6846479830372,False,125.41044989634425,422.0179411900417,False,True,63.996347063717245,163.30575162578089,164.98055047611857,45.13677643780684,41.08859426742139,86.22537070522823,0.986885933508889,1.0566634595341178,1.035414025073048,0.9103129977400276,True,True,True,True,2.15134574005932,False,0.045466040963269,False,True,63.996347063717245,valid,1.7787335223775926,-5.045378197326073,5.349741498211207,320.9844898926736,161.5664478034622,120.53748769150714,238.06807350029254,52.707492380799216,33.51394281496293,-23.185084436962512,5.141817409994185,308.5090445996522,157.29602766726367,223.89272400644145,1.4783996168100542,1.4209398512403704,0.7244785787213021,False
122,122,2.033333333333333,2.033333333333333,Sports2D_HALPE26_postprocessed,151.15287333644264,164.35948789562448,1.0,135.1783037950124,194.945533017598,1.0,112.35658654412543,195.99040994712,1.0,141.667382779136,238.7454588540696,1.0,124.2728551374285,239.61550381920136,1.0,160.10596682277134,218.2970777199314,1.0,154.17744718280596,213.840091856095,1.0,124.57160395056108,280.5906893001577,1.0,111.7608735244798,281.48931699917574,1.0,121.9611847254066,350.0040994233147,1.0,127.15022391306798,350.7718310505659,1.0,89.73187109810198,412.0906891856269,1.0,125.10045473355348,422.3894815305038,1.0,107.4100604326729,434.0950599511836,1.0,103.6879374993208,430.7756002006991,1.0,80.12307592835388,425.5824009392736,1.0,159.2197889418619,434.4055871813106,1.0,152.96267557406765,438.9931306838785,1.0,117.97639408092164,436.24451206034735,1.0,1.0,2.033333333333333,151.15287333644264,164.35948789562448,False,135.1783037950124,194.945533017598,False,112.35658654412543,195.99040994712,False,141.667382779136,238.7454588540696,False,124.2728551374285,239.61550381920136,False,160.10596682277134,218.2970777199314,False,154.17744718280596,213.840091856095,False,124.57160395056108,280.5906893001577,False,111.7608735244798,281.48931699917574,False,121.9611847254066,350.0040994233147,False,127.15022391306798,350.7718310505659,False,89.73187109810198,412.0906891856269,False,125.10045473355348,422.3894815305038,False,True,64.51899159037652,154.7197524562412,165.83710750956948,45.2232934728957,39.4798237998639,84.7031172727596,0.9887775715848988,1.0152911761023269,1.0171344567649927,0.8729975366240385,True,True,True,True,0.5226445266592705,False,0.0373154611159892,False,True,64.51899159037652,valid,0.12601667633589386,-1.042897207235029,1.0504831210321128,63.02898726192699,102.90800242505473,120.96684195354467,238.25398731601288,28.072629109860365,33.21060522926129,-24.41389545991788,1.2656975235165477,75.94185141099314,157.6130250058437,222.37408779855798,0.29030072651521444,0.3497751684618732,0.7259386142016556,False
123,123,2.05,2.05,Sports2D_HALPE26_postprocessed,151.63023137530712,164.8154268673889,1.0,136.63284804818772,194.8024796021965,1.0,113.41183540545832,195.701286444052,1.0,142.62078010029813,238.83485075291435,1.0,127.078693766112,239.29683955367705,1.0,160.74640716218815,216.2985016269721,1.0,154.70735745190808,212.2088721907972,1.0,126.17581374022654,283.2437304791794,1.0,112.62550388429196,282.8546796280526,1.0,132.5221935421072,349.12590428993235,1.0,126.37145063160416,351.2437023028963,1.0,93.34035069649764,410.6464196231958,1.0,125.06202360925596,424.3442858734203,1.0,108.05155708842194,433.3570232381533,1.0,105.00633876872786,430.2606033063316,1.0,83.22708651292658,421.8028751967302,1.0,159.38171934134073,434.688664530799,1.0,153.20396896105706,439.1807357437069,1.0,117.31186416004395,436.5237101677764,1.0,1.0,2.05,151.63023137530712,164.8154268673889,False,136.63284804818772,194.8024796021965,False,113.41183540545832,195.701286444052,False,142.62078010029813,238.83485075291435,False,127.078693766112,239.29683955367705,False,160.74640716218815,216.2985016269721,False,154.70735745190808,212.2088721907972,False,126.17581374022654,283.2437304791794,False,112.62550388429196,282.8546796280526,False,132.5221935421072,349.12590428993235,False,126.37145063160416,351.2437023028963,False,93.34035069649764,410.6464196231958,False,125.06202360925596,424.3442858734203,False,True,62.97195657969854,142.00503769587507,167.6089738367357,45.687583306455466,38.69238985789417,84.37997316434964,0.9989289634647034,0.9950409658405452,1.01325406820614,0.8468907098534821,True,True,True,True,1.547035010677973,False,0.0261068267705563,False,True,62.97195657969854,valid,0.5299102691021176,-1.631219665297806,1.715133373750906,102.90800242505473,69.1266920862542,122.21150026954113,239.15054403837013,92.03671988907072,32.49585718236695,-26.941671847572934,2.6268837500973854,157.6130250058437,84.16842281870325,222.80589931045674,0.47397664417604496,0.7259386142016556,0.38766534820509313,False
124,124,2.0666666666666664,2.0666666666666664,Sports2D_HALPE26_postprocessed,152.02369067404908,165.1956200527747,1.0,138.00824533358727,194.6787038336716,1.0,113.69479331519408,195.2982982221357,1.0,143.1070865402819,238.77511021756047,1.0,127.75682811173688,238.7606974479899,1.0,161.51102350086177,215.6442496887723,1.0,155.14259883513893,211.14213608150143,1.0,128.2421684483658,283.6190541568673,1.0,113.59298559564049,283.51161161021764,1.0,142.05407025560305,347.4632688666898,1.0,125.9528456519782,352.4309253175508,1.0,98.840895723994,406.4474519827591,1.0,125.02924843892922,424.4744469811287,1.0,110.92342939737355,432.0288024718615,1.0,108.53127312241088,428.9893192423871,1.0,87.77006269430915,416.88456570977934,1.0,159.28526800042908,434.8627044444916,1.0,153.2864994912931,439.2762091419973,1.0,117.33111455773772,437.1366191136333,1.0,1.0,2.0666666666666664,152.02369067404908,165.1956200527747,False,138.00824533358727,194.6787038336716,False,113.69479331519408,195.2982982221357,False,143.1070865402819,238.77511021756047,False,127.75682811173688,238.7606974479899,False,161.51102350086177,215.6442496887723,False,155.14259883513893,211.14213608150143,False,128.2421684483658,283.6190541568673,False,113.59298559564049,283.51161161021764,False,142.05407025560305,347.4632688666898,False,125.9528456519782,352.4309253175508,False,98.840895723994,406.4474519827591,False,125.02924843892922,424.4744469811287,False,True,62.68623261115357,131.56552333939769,169.09827230545085,45.68064107569762,38.894284542452176,84.57492561814979,0.9987771761546032,1.0002330328764273,1.0155951019788698,0.8514391135185747,True,True,True,True,0.2857239685449713,False,0.0045484036650925,False,True,62.68623261115357,valid,0.4352413832308457,-1.0667361092957606,1.1521115347708992,69.1266920862542,69.1266920862542,123.3845481731969,239.2769169557231,70.79012215444631,31.758050661942022,-28.13478087422166,1.4028070469783824,84.16842281870325,84.16842281870325,220.9112220580581,0.31838571117824416,0.38766534820509313,0.38766534820509313,False
125,125,2.083333333333333,2.083333333333333,Sports2D_HALPE26_postprocessed,152.08946256147308,165.27985915174497,1.0,138.52985035369903,194.5289792836011,1.0,114.05772325201444,195.11931483022505,1.0,143.50647757137855,238.7150181527659,1.0,128.67759190910309,238.41156029838595,1.0,161.42768595730206,215.047722320793,1.0,155.48019551852573,210.39629769151057,1.0,131.4154513729395,283.3361877656693,1.0,114.34147653072873,283.2768216711843,1.0,149.45993957337484,346.01634760128263,1.0,125.44107963437509,353.59265105860305,1.0,104.73629390996524,400.6956457473801,1.0,124.9922990634196,424.59103155555607,1.0,112.24670628539592,429.7335743080634,1.0,112.58788120377908,426.2315814743854,1.0,92.2191506866819,409.6232728653541,1.0,159.3746231351985,434.9958453429663,1.0,153.44475869835932,439.3435570808019,1.0,117.8582118319778,437.4909235766331,1.0,1.0,2.083333333333333,152.08946256147308,165.27985915174497,False,138.52985035369903,194.5289792836011,False,114.05772325201444,195.11931483022505,False,143.50647757137855,238.7150181527659,False,128.67759190910309,238.41156029838595,False,161.42768595730206,215.047722320793,False,155.48019551852573,210.39629769151057,False,131.4154513729395,283.3361877656693,False,114.34147653072873,283.2768216711843,False,149.45993957337484,346.01634760128263,False,125.44107963437509,353.59265105860305,False,104.73629390996524,400.6956457473801,False,124.9922990634196,424.59103155555607,False,True,62.39264968098358,124.65920181884904,170.6675143348802,45.69419084769989,38.77156818051117,84.46575902821107,0.9990734330086948,0.9970771717947344,1.0142842045322429,0.8485010339659579,True,True,True,True,0.2935829301699897,False,0.0029380795526168,False,True,62.39264968098358,valid,0.33759668338680626,-0.7458383899908654,0.8186857911420826,49.12114746852513,49.12114746852513,124.58612537734543,239.06532588766996,73.20389885377224,30.894070141180308,-28.66902819615939,1.015816194620521,60.948971677231484,60.948971677231484,218.11885172032413,0.22624359706295974,0.28072053077304326,0.28072053077304326,False
126,126,2.1,2.1,Sports2D_HALPE26_postprocessed,152.74070243364977,165.14502415314735,1.0,139.36290930802943,194.5172810345659,1.0,114.42604095968512,194.66000567995567,1.0,144.238997764555,238.607182005038,1.0,129.78530439005328,238.14475305542868,1.0,161.22519443938688,213.44750925996505,1.0,155.7119893109505,210.17224953318484,1.0,132.7754070875288,282.36281684747763,1.0,114.41877827208894,282.3992406346467,1.0,155.30227233222206,342.57757429208726,1.0,125.0315665506358,354.0517242477161,1.0,109.648354693432,397.8333136527064,1.0,124.99479783410632,424.7133477221493,1.0,115.04503159426632,426.84917163540206,1.0,117.52285135301398,421.95209981353145,1.0,96.5957205536743,404.3394997932369,1.0,159.36494446044543,435.0713685392397,1.0,153.52820180820754,439.31884627681336,1.0,117.95898937846268,437.7146135362078,1.0,1.0,2.1,152.74070243364977,165.14502415314735,False,139.36290930802943,194.5172810345659,False,114.42604095968512,194.66000567995567,False,144.238997764555,238.607182005038,False,129.78530439005328,238.14475305542868,False,161.22519443938688,213.44750925996505,False,155.7119893109505,210.17224953318484,False,132.7754070875288,282.36281684747763,False,114.41877827208894,282.3992406346467,False,155.30227233222206,342.57757429208726,False,125.0315665506358,354.0517242477161,False,109.648354693432,397.8333136527064,False,124.99479783410632,424.7133477221493,False,True,62.280051065331286,119.92421968535008,171.5450907655827,46.11756961757798,38.13992585584592,84.25749547342389,1.0083303313854473,0.9808334093621472,1.011783328006291,0.8270150871373904,True,True,True,True,0.1125986156522955,False,0.0214859468285675,False,True,62.280051065331286,valid,0.2317937924247815,-0.22404815832572922,0.32237546348289864,19.342527808973472,49.12114746852513,125.24578390683307,238.48483604916146,52.72214128138758,30.466205404117446,-28.31258651597662,0.5568832055228343,33.41299233136929,60.948971677231484,216.8960444917085,0.0890883721842315,0.1538945233013925,0.28072053077304326,False
127,127,2.1166666666666667,2.1166666666666667,Sports2D_HALPE26_postprocessed,153.46167052789286,164.81852162181784,1.0,140.69918020212688,194.60685777965864,1.0,114.83873810920734,194.3075442478344,1.0,144.91353746653155,238.58606735185225,1.0,130.18408477421727,237.05263750653407,1.0,161.12162959772562,213.3633245231868,1.0,155.7896824356764,209.15508055021365,1.0,133.9325074905057,282.8012503076385,1.0,115.26378254003733,282.6673841834204,1.0,161.57062342616868,339.3806783511496,1.0,124.0912446411796,354.5156588082646,1.0,116.77153245018502,393.3585664704447,1.0,124.91911386072051,424.70386337706566,1.0,125.99847761494634,415.7716224359786,1.0,127.57248361462769,412.2178380735926,1.0,102.69236037148298,398.3463632938544,1.0,159.462696323315,435.1855842559189,1.0,153.3774149580223,439.3272729943069,1.0,117.56276463506362,437.7643362515595,1.0,1.0,2.1166666666666667,153.46167052789286,164.81852162181784,False,140.69918020212688,194.60685777965864,False,114.83873810920734,194.3075442478344,False,144.91353746653155,238.58606735185225,False,130.18408477421727,237.05263750653407,False,161.12162959772562,213.3633245231868,False,155.7896824356764,209.15508055021365,False,133.9325074905057,282.8012503076385,False,115.26378254003733,282.6673841834204,False,161.57062342616868,339.3806783511496,False,124.0912446411796,354.5156588082646,False,116.77153245018502,393.3585664704447,False,124.91911386072051,424.70386337706566,False,True,62.29504219807773,114.27418845725803,173.67136991436476,45.41610575516426,37.86714031626449,83.28324607142875,0.9929932853375362,0.9738182627720984,1.0000843177672587,0.83378219436964,True,True,True,True,0.0149911327464451,False,0.0067671072322496,False,True,62.29504219807773,valid,0.07769312472589718,-1.0171689829711852,1.0201318353763444,61.207910122580884,61.207910122580884,126.18355208546932,238.59575912963797,56.65833664980412,29.606130350207096,-29.440678579424315,1.4185629354993634,85.1137761299621,85.1137761299621,214.6856869493541,0.28191315692924773,0.39201948373850326,0.39201948373850326,False
128,128,2.1333333333333333,2.1333333333333333,Sports2D_HALPE26_postprocessed,153.97087257538465,164.64782382183083,1.0,140.2241697610658,194.417461935206,1.0,114.88525210660232,194.1661520702697,1.0,144.8817112648232,238.5756457833848,1.0,130.86712620791965,236.39662250965927,1.0,161.82415268962757,212.9532402326678,1.0,156.92721748903406,207.5312506955472,1.0,134.28725234547423,281.800555743885,1.0,115.17887298803628,281.33801798325544,1.0,166.8655510850953,336.4095373304482,1.0,123.7504237595688,354.5660488596846,1.0,122.22264170209112,388.64292442881685,1.0,124.86189583576608,424.6009979232772,1.0,137.39842203370864,410.3219098997332,1.0,133.13491600251115,408.2172941935168,1.0,106.3431701713498,393.46691072526767,1.0,159.4938504284798,435.1731949599327,1.0,153.18235400764763,439.3181550318977,1.0,117.53298869609446,437.6881529096504,1.0,1.0,2.1333333333333333,153.97087257538465,164.64782382183083,False,140.2241697610658,194.417461935206,False,114.88525210660232,194.1661520702697,False,144.8817112648232,238.5756457833848,False,130.86712620791965,236.39662250965927,False,161.82415268962757,212.9532402326678,False,156.92721748903406,207.5312506955472,False,134.28725234547423,281.800555743885,False,115.17887298803628,281.33801798325544,False,166.8655510850953,336.4095373304482,False,123.7504237595688,354.5660488596846,False,122.22264170209112,388.64292442881685,False,124.86189583576608,424.6009979232772,False,True,62.80505254961208,108.66089777134076,174.23296751395242,45.15343766893628,38.88879076992433,84.0422284388606,0.9872502203706068,1.000091751121997,1.0091983520891137,0.8612586943004392,True,True,True,True,0.5100103515343477,False,0.0274764999307992,False,True,62.80505254961208,valid,1.1375350533576523,-1.623829854666468,1.982626892414082,118.95761354484534,107.11206984128508,126.14388680029465,237.93054693315406,39.98362370166271,30.78333068873941,-30.399296237606876,1.5181397997615427,91.08838798569289,85.1137761299621,212.36806271986367,0.547898405745841,0.4195375232582776,0.39201948373850326,False
129,129,2.15,2.15,Sports2D_HALPE26_postprocessed,153.2878837889104,164.62418118860683,1.0,139.78539819439277,194.18198814788144,1.0,114.65189872266862,194.1694503177378,1.0,146.179943763942,238.5714270088563,1.0,131.2948569871855,235.4063603578373,1.0,162.7402883855948,212.59103200784105,1.0,157.84490840127086,205.99998109628604,1.0,135.1290236102159,278.83255048608913,1.0,115.07776445439949,277.49460554037387,1.0,171.3491657654439,331.90218113281446,1.0,123.6119760871077,354.9676109986857,1.0,133.43096479478544,389.2342596681965,1.0,124.62826780909424,424.6447706323114,1.0,143.51315761102975,413.7342709883589,1.0,141.47060274031074,410.3204875840068,1.0,126.69024813024004,389.9330504100148,1.0,159.36969813107385,434.9794368496741,1.0,153.03021996399838,439.1492834303033,1.0,118.37617023046,437.8718889948126,1.0,1.0,2.15,153.2878837889104,164.62418118860683,False,139.78539819439277,194.18198814788144,False,114.65189872266862,194.1694503177378,False,146.179943763942,238.5714270088563,False,131.2948569871855,235.4063603578373,False,162.7402883855948,212.59103200784105,False,157.84490840127086,205.99998109628604,False,135.1290236102159,278.83255048608913,False,115.07776445439949,277.49460554037387,False,171.3491657654439,331.90218113281446,False,123.6119760871077,354.9676109986857,False,133.43096479478544,389.2342596681965,False,124.62826780909424,424.6447706323114,False,True,64.05653454354139,112.20658464483851,174.54944187404436,44.46876217582077,39.61868714842488,84.08744932424565,0.9722802409768636,1.018862284554905,1.0097413748511026,0.8909329877854562,True,True,True,True,1.2514819939293105,False,0.0296742934850169,False,True,64.05653454354139,valid,0.9176909122367931,-1.531269599261151,1.7852011640214116,107.11206984128508,107.11206984128508,126.16102124541919,236.16964862302055,105.6589002982092,31.683887155851664,-30.169667526734514,0.9293714517428459,55.76228710457095,55.76228710457095,212.77150292680116,0.49333985907554606,0.25683154944780895,0.25683154944780895,False
130,130,2.1666666666666665,2.1666666666666665,Sports2D_HALPE26_postprocessed,152.9138868394701,164.37888169702697,1.0,140.2158044952,193.96290405847424,1.0,114.59723373035624,194.03403743844547,1.0,147.5864781286592,238.5035922970576,1.0,131.64686321810842,234.89737373040617,1.0,163.71006663602742,211.85701444506032,1.0,158.43631850554274,205.3835095824728,1.0,135.71156179060404,276.9088307350036,1.0,115.01219020432536,276.86514992341944,1.0,175.83780957152806,327.4766940695803,1.0,123.53762318012208,354.4336663439277,1.0,139.07234721687195,384.242685140011,1.0,124.47034199525828,424.7730212207344,1.0,147.60675664433091,412.6751764969544,1.0,147.55853867965556,409.6829295001754,1.0,132.01868037362738,387.20016991707496,1.0,159.39761957600743,434.8965729896236,1.0,153.1895391154467,439.0927252523114,1.0,118.72230417013046,437.73216433277696,1.0,1.0,2.1666666666666665,152.9138868394701,164.37888169702697,False,140.2158044952,193.96290405847424,False,114.59723373035624,194.03403743844547,False,147.5864781286592,238.5035922970576,False,131.64686321810842,234.89737373040617,False,163.71006663602742,211.85701444506032,False,158.43631850554274,205.3835095824728,False,135.71156179060404,276.9088307350036,False,115.01219020432536,276.86514992341944,False,175.83780957152806,327.4766940695803,False,123.53762318012208,354.4336663439277,False,139.07234721687195,384.242685140011,False,124.47034199525828,424.7730212207344,False,True,64.87735245284325,108.63774856895787,174.48759901747042,44.27755773051967,39.85904027369587,84.13659800421553,0.9680996815221576,1.0250433761543334,1.0103315634712084,0.900208645569035,True,True,True,True,0.8208179093018657,False,0.0092756577835788,False,True,64.87735245284325,valid,0.5914101042718869,-0.6164715138132237,0.8542851039190908,51.257106235145635,71.38029507408187,126.3841975551214,235.4427305388357,45.62437110556414,32.05212095042134,-30.05922095636288,0.3844405966726705,23.066435800360313,40.989805816369895,210.55462900029576,0.23608145752515744,0.10624005496286991,0.18879202927313452,False
131,131,2.183333333333333,2.183333333333333,Sports2D_HALPE26_postprocessed,153.7468598942868,164.14252223569278,1.0,141.61741416905053,193.8995602051188,1.0,114.71439005455508,193.6007591707496,1.0,148.6548054387141,238.39835900048084,1.0,132.39166676857025,233.7599162260101,1.0,164.74373007080357,211.63789859664595,1.0,159.00578833489874,204.3389893133627,1.0,137.6706408041815,275.9784831707255,1.0,115.090587125832,276.52923736100763,1.0,179.99355268042484,322.2980019331685,1.0,123.58156961706244,354.0055159048683,1.0,146.19394364267455,381.95662166337456,1.0,124.28457647966076,424.3603101721524,1.0,155.70285701126667,409.2834577587621,1.0,155.69475724252504,408.1603066268015,1.0,137.1818258153695,387.3916777812594,1.0,159.6172531239364,434.8787628876024,1.0,153.3445858260606,438.9330441201098,1.0,118.7224512486263,437.542119429492,1.0,1.0,2.183333333333333,153.7468598942868,164.14252223569278,False,141.61741416905053,193.8995602051188,False,114.71439005455508,193.6007591707496,False,148.6548054387141,238.39835900048084,False,132.39166676857025,233.7599162260101,False,164.74373007080357,211.63789859664595,False,159.00578833489874,204.3389893133627,False,137.6706408041815,275.9784831707255,False,115.090587125832,276.52923736100763,False,179.99355268042484,322.2980019331685,False,123.58156961706244,354.0055159048683,False,146.19394364267455,381.95662166337456,False,124.28457647966076,424.3603101721524,False,True,65.89059810399866,108.04780183883209,174.3181500924184,43.87760257139104,39.67243888578884,83.55004145717987,0.9593549249903698,1.0202446023920475,1.0032880579422458,0.90416149836901,True,True,True,True,1.013245651155401,False,0.0039528527999749,False,True,65.89059810399866,valid,0.5694698293559952,-1.0445202691101088,1.189671584568027,71.38029507408187,51.257106235145635,127.27325803840478,235.0020099769004,59.53811689947065,31.732530296493962,-30.663020663537708,0.6831634302728291,40.989805816369895,40.989805816369895,209.52773351211957,0.3287654207858967,0.18879202927313452,0.18879202927313452,False
132,132,2.2,2.2,Sports2D_HALPE26_postprocessed,155.1904893227332,164.01653121997404,1.0,142.64898252891436,193.737565460526,1.0,115.0137251955714,193.12540506916645,1.0,149.25780431424255,238.28720326541065,1.0,132.69590784462915,233.2245293131932,1.0,165.3778307481134,211.0274752962337,1.0,158.91689368973255,204.51006484628093,1.0,139.172181532679,276.9013647696001,1.0,115.45871780842798,277.6328602036818,1.0,184.03632333982543,317.1791949159356,1.0,123.6650247737914,353.954650490318,1.0,154.78283731545412,378.4993763992549,1.0,124.45092913749572,424.0878584816246,1.0,167.78768417778545,409.9919070909133,1.0,166.33038864340872,408.0184419367376,1.0,145.220444067625,385.014746982117,1.0,159.70521120354823,434.70833269027247,1.0,153.13178442691262,438.7262382919737,1.0,118.95145415098362,437.1725634304927,1.0,1.0,2.2,155.1904893227332,164.01653121997404,False,142.64898252891436,193.737565460526,False,115.0137251955714,193.12540506916645,False,149.25780431424255,238.28720326541065,False,132.69590784462915,233.2245293131932,False,165.3778307481134,211.0274752962337,False,158.91689368973255,204.51006484628093,False,139.172181532679,276.9013647696001,False,115.45871780842798,277.6328602036818,False,184.03632333982543,317.1791949159356,False,123.6650247737914,353.954650490318,False,154.78283731545412,378.4993763992549,False,124.45092913749572,424.0878584816246,False,True,66.19681921668307,106.41264540044122,174.5050170609237,43.82464316309412,38.88522300708432,82.70986617017844,0.95819700235566,1.0,0.9931990404226224,0.8872912635562674,True,True,True,True,0.3062211126844119,False,0.0168702348127425,False,True,66.19681921668307,valid,-0.08889464516619228,0.17107553291822342,0.19279288343317388,11.567573005990166,14.918435212602876,128.07340176639818,235.34929887574359,52.33567075088128,30.84349192333437,-30.83923402946266,0.9063334812754392,54.380008876525096,40.989805816369895,208.1417633158964,0.053278261218155286,0.25046501253709663,0.18879202927313452,False
133,133,2.216666666666667,2.216666666666667,Sports2D_HALPE26_postprocessed,156.32820057453188,164.11230441858723,1.0,143.17815627831908,193.3598020189951,1.0,115.1119819382942,192.879341653972,1.0,149.9975456627012,238.1703100507505,1.0,132.83553457720154,232.91849924159152,1.0,166.17792980359914,210.46217125747265,1.0,159.02008300025886,204.28384789811943,1.0,139.93016364979374,275.9420367987464,1.0,115.32224689560776,277.22576583855863,1.0,186.91213171171708,311.4905924056943,1.0,124.19795711439306,353.38477326575526,1.0,163.58801926382347,376.2709025952563,1.0,124.35706523344454,423.9089496063955,1.0,180.14736604834027,408.8270832262687,1.0,179.1331603952074,405.9003168802505,1.0,153.51129285592478,384.2697698861709,1.0,159.74283031456997,434.5303116109274,1.0,152.8651973740687,438.5772325839179,1.0,119.09028090230336,436.8413364645752,1.0,1.0,2.216666666666667,156.32820057453188,164.11230441858723,False,143.17815627831908,193.3598020189951,False,115.1119819382942,192.879341653972,False,149.9975456627012,238.1703100507505,False,132.83553457720154,232.91849924159152,False,166.17792980359914,210.46217125747265,False,159.02008300025886,204.28384789811943,False,139.93016364979374,275.9420367987464,False,115.32224689560776,277.22576583855863,False,186.91213171171708,311.4905924056943,False,124.19795711439306,353.38477326575526,False,163.58801926382347,376.2709025952563,False,124.35706523344454,423.9089496063955,False,True,66.31775072986603,107.31131680055394,173.48189512140516,43.78651000559817,38.80172462251699,82.58823462811516,0.9573632459445238,0.9978526962658252,0.991738460972357,0.8861570519677439,True,True,True,True,0.1209315131829669,False,0.0011342115885235,False,True,66.31775072986603,valid,0.10318931052631797,-0.2262169481614933,0.24864058687671373,14.918435212602876,14.918435212602876,128.3856371905037,234.85173657756803,35.24504393919156,30.634445809755164,-30.5678886794486,0.3425325919920937,20.551955519525695,50.77049326492263,207.50079880336486,0.06871175896720835,0.0946587891985792,0.2338402014789446,False
134,134,2.2333333333333334,2.2333333333333334,Sports2D_HALPE26_postprocessed,156.4605094990047,164.14870846311624,1.0,142.15541614812946,192.9921386440876,1.0,114.9715924604751,192.7969315191804,1.0,150.79654506835288,237.72078762257613,1.0,132.7662618268482,232.52494295958743,1.0,167.27396684734825,210.37231401215536,1.0,159.43641346616084,203.8362752580104,1.0,140.37464552841018,273.7746428579833,1.0,115.17147866264771,275.8098878464763,1.0,190.18630090132984,306.4610356126853,1.0,124.54857579974276,352.7724228696343,1.0,171.52407426065352,373.3162893827654,1.0,124.26068585155826,423.970444039413,1.0,191.09493758595227,400.2469044592638,1.0,189.6023779085428,398.6933014106654,1.0,161.01114258015508,382.3056833598604,1.0,159.84179513821485,434.47588387744577,1.0,152.63008323288253,438.5889253789516,1.0,119.11135788346056,436.6877157056086,1.0,1.0,2.2333333333333334,156.4605094990047,164.14870846311624,False,142.15541614812946,192.9921386440876,False,114.9715924604751,192.7969315191804,False,150.79654506835288,237.72078762257613,False,132.7662618268482,232.52494295958743,False,167.27396684734825,210.37231401215536,False,159.43641346616084,203.8362752580104,False,140.37464552841018,273.7746428579833,False,115.17147866264771,275.8098878464763,False,190.18630090132984,306.4610356126853,False,124.54857579974276,352.7724228696343,False,171.52407426065352,373.3162893827654,False,124.26068585155826,423.970444039413,False,True,67.03998262081318,107.6761292612522,172.82166011677816,43.53119744353066,39.170609427930025,82.70180687146069,0.9517810046761488,1.0073391997981782,0.99310226251542,0.899828438644325,True,True,True,True,0.7222318909471426,False,0.0136713866765811,False,True,67.03998262081318,valid,0.41633046590197864,-0.44757264010902986,0.6112710732664567,36.67626439598753,28.169565704815362,128.1682831999156,233.84340021693188,61.88978836819464,31.268130266245237,-30.00712495892148,0.8461748877487074,50.77049326492263,42.317614268521105,206.65475352557118,0.16892459584942024,0.2338402014789446,0.19490768771978992,False
135,135,2.25,2.25,Sports2D_HALPE26_postprocessed,157.14444977521876,164.17764960597114,1.0,143.48852722120822,192.9122450282204,1.0,115.0982374722232,192.6043649116291,1.0,151.60612136703736,238.17656303206417,1.0,132.87928006847108,232.2235306575172,1.0,167.39798402092288,210.22831565239505,1.0,159.57981305284665,203.38921820139336,1.0,141.91314334509275,272.8501024536787,1.0,115.36753856060244,276.2631097964302,1.0,192.31789400861544,300.71696578226044,1.0,125.07747727014936,352.56248082483967,1.0,180.4934001189881,368.28642544875146,1.0,124.37507519939072,423.9307077903432,1.0,201.2008810539168,394.0622766600841,1.0,199.68145309463773,392.5404848253576,1.0,172.89734158701197,376.8695349290351,1.0,159.8438988365764,434.603783497569,1.0,152.29641302689146,438.4491066320405,1.0,119.14639132953972,436.526222268932,1.0,1.0,2.25,157.14444977521876,164.17764960597114,False,143.48852722120822,192.9122450282204,False,115.0982374722232,192.6043649116291,False,151.60612136703736,238.17656303206417,False,132.87928006847108,232.2235306575172,False,167.39798402092288,210.22831565239505,False,159.57981305284665,203.38921820139336,False,141.91314334509275,272.8501024536787,False,115.36753856060244,276.2631097964302,False,192.31789400861544,300.71696578226044,False,125.07747727014936,352.56248082483967,False,180.4934001189881,368.28642544875146,False,124.37507519939072,423.9307077903432,False,True,66.97013970396263,109.01041883399056,172.18357968100432,43.426302746258905,39.29804112760718,82.72434387386608,0.9494875511022144,1.0106163238525765,0.9933728920086048,0.9049363782412408,True,True,True,True,0.069842916850547,False,0.0051079395969156,False,True,66.97013970396263,valid,0.14339958668580266,-0.44705705661704087,0.469492761746921,28.169565704815362,36.67626439598753,128.96686164978166,233.65745554748958,49.196449653040546,30.612951403064983,-30.268237346096214,0.7052935711420159,42.317614268521105,42.317614268521105,204.66271789840673,0.1297441977885899,0.19490768771978992,0.19490768771978992,False
136,136,2.2666666666666666,2.2666666666666666,Sports2D_HALPE26_postprocessed,157.48494743470616,164.23659790725767,1.0,144.22568666196833,192.8521392669895,1.0,114.8542996394704,193.1185448257258,1.0,151.9406984966265,239.2102770878584,1.0,132.63861546089908,232.13071306301669,1.0,168.07776523091414,210.7029729929311,1.0,159.97947643334123,202.64811041362708,1.0,141.50419818488865,271.7566930557051,1.0,115.71014710737408,275.8699484618145,1.0,195.0797758097925,295.3397211149587,1.0,125.72646643433532,352.1655349343275,1.0,188.3327395789031,364.2448713079275,1.0,124.37960832763386,423.7424706816346,1.0,211.5008922484933,390.2841645341408,1.0,209.40729018494,387.83495292052817,1.0,181.79630738186907,373.3072109517491,1.0,159.6386781113773,434.78850188238926,1.0,151.64065283608988,438.3791094049616,1.0,119.04690062754634,436.48908961085806,1.0,1.0,2.2666666666666666,157.48494743470616,164.23659790725767,False,144.22568666196833,192.8521392669895,False,114.8542996394704,193.1185448257258,False,151.9406984966265,239.2102770878584,False,132.63861546089908,232.13071306301669,False,168.07776523091414,210.7029729929311,False,159.97947643334123,202.64811041362708,False,141.50419818488865,271.7566930557051,False,115.71014710737408,275.8699484618145,False,195.0797758097925,295.3397211149587,False,125.72646643433532,352.1655349343275,False,188.3327395789031,364.2448713079275,False,124.37960832763386,423.7424706816346,False,True,67.34810104526164,108.16580591593556,171.44280325684386,42.87459807171383,40.20878682198961,83.08338489370344,0.9374248912108982,1.034037706680097,0.997684338911942,0.9378230614485232,True,True,True,True,0.377961341299013,False,0.0328866832072825,False,True,67.34810104526164,valid,0.3996633804945873,-0.741107787766282,0.8420044957102032,50.52026974261237,50.52026974261237,129.07358289842537,233.39933140255872,16.758967652874652,30.90589353491586,-30.751220988931635,0.5648790063897855,33.89274038338725,42.317614268521105,202.78919068696092,0.23268771476650552,0.15610416070943633,0.19490768771978992,False
137,137,2.283333333333333,2.283333333333333,Sports2D_HALPE26_postprocessed,157.8547012464152,164.37405664823206,1.0,143.92458466040208,192.68622674223505,1.0,114.7231444018306,193.06600888850423,1.0,152.36785431344572,239.8461310149785,1.0,133.11228983220087,232.2599370671065,1.0,168.79668321728855,211.3645007341941,1.0,160.19027730727402,203.6636046751207,1.0,142.26963262115072,271.039529066429,1.0,116.17348057951402,275.67388333039986,1.0,197.22654772623525,289.00983527176857,1.0,126.72452513153416,352.31195201351346,1.0,196.2951431876592,359.8190238093171,1.0,124.54625860911186,423.7471406112369,1.0,221.3184816601465,380.5608656557174,1.0,217.0578663235704,379.51604371098006,1.0,190.69860973422624,370.3835024968765,1.0,159.1545751208504,435.2321197559995,1.0,152.38305990804298,438.5496775815226,1.0,119.1478039224144,436.4321545484588,1.0,1.0,2.283333333333333,157.8547012464152,164.37405664823206,False,143.92458466040208,192.68622674223505,False,114.7231444018306,193.06600888850423,False,152.36785431344572,239.8461310149785,False,133.11228983220087,232.2599370671065,False,168.79668321728855,211.3645007341941,False,160.19027730727402,203.6636046751207,False,142.26963262115072,271.039529066429,False,116.17348057951402,275.67388333039986,False,197.22654772623525,289.00983527176857,False,126.72452513153416,352.31195201351346,False,196.2951431876592,359.8190238093171,False,124.54625860911186,423.7471406112369,False,True,68.57301807917663,107.35356546907558,170.4145838761439,43.29347151394471,39.382326391074905,82.6757979050196,0.946583283561484,1.0127838635231696,0.9927899408818858,0.9096597018880772,True,True,True,True,1.2249170339149913,False,0.028163359560446,False,True,68.57301807917663,valid,0.2108008739327829,1.0154942614936147,1.03714300054394,62.228580032636614,50.52026974261237,129.27271056572437,233.11641200689203,20.758197522473516,30.91756674154965,-29.45280733177134,1.2984661292669477,77.90796775601714,77.90796775601714,201.32310775678403,0.28661418782460496,0.35883076380250595,0.35883076380250595,False
138,138,2.3,2.3,Sports2D_HALPE26_postprocessed,158.35928614339227,164.65237199585096,1.0,144.7951506998496,192.70300690865108,1.0,114.73210208356602,192.86193608292257,1.0,153.81726394928486,240.1029016146853,1.0,133.16343941856002,232.2873535615238,1.0,168.97524331251643,211.07116705458665,1.0,160.0423470644514,202.91703954435167,1.0,143.29454848940398,270.79635988388293,1.0,117.90347834516056,276.3188971312732,1.0,198.805742202018,283.01438127480026,1.0,127.14497730457188,352.4275565093864,1.0,203.51220429883367,351.87250311424737,1.0,124.646485238858,423.7941735914927,1.0,233.6848080116125,370.9643653332908,1.0,226.63644067874924,369.4987875717067,1.0,197.4695992648436,364.880752482703,1.0,158.8416371923829,435.5838753116061,1.0,152.31640591093765,438.9619762381276,1.0,119.40386655646762,436.44454888105,1.0,1.0,2.3,158.35928614339227,164.65237199585096,False,144.7951506998496,192.70300690865108,False,114.73210208356602,192.86193608292257,False,153.81726394928486,240.1029016146853,False,133.16343941856002,232.2873535615238,False,168.97524331251643,211.07116705458665,False,160.0423470644514,202.91703954435167,False,143.29454848940398,270.79635988388293,False,117.90347834516056,276.3188971312732,False,198.805742202018,283.01438127480026,False,127.14497730457188,352.4275565093864,False,203.51220429883367,351.87250311424737,False,124.646485238858,423.7941735914927,False,True,67.51993153933732,106.3229840120879,171.0716854030682,43.52100342729173,39.81320160077127,83.334205028063,0.9515581192149768,1.0238645562999056,1.0006962446046923,0.9148043120670484,True,True,True,True,1.0530865398393132,False,0.0051446101789712,False,True,67.51993153933732,valid,-0.14793024282261058,-0.746565130769028,0.7610800557245817,45.664803343475064,45.664803343475064,130.18131990449504,233.17005000168245,54.61147016837331,29.861027159956365,-30.253010457330788,1.3253682241658067,79.52209344994868,77.90796775601714,198.04648239602406,0.21032426765316095,0.3662651504552366,0.35883076380250595,False
139,139,2.3166666666666664,2.3166666666666664,Sports2D_HALPE26_postprocessed,158.8371333409741,164.69920383046755,1.0,145.93740053447442,192.7073936515618,1.0,114.8653943939319,193.06774998276825,1.0,155.39100711498264,240.70510391626087,1.0,132.98958776928043,231.928438135663,1.0,169.49869751304487,211.5281347715021,1.0,160.36249928023216,203.57017709670595,1.0,144.33632214256673,270.0269835785386,1.0,118.6867397510606,276.4877095665581,1.0,199.6741681025402,277.3442546558474,1.0,128.07873602143889,352.2103378521444,1.0,209.7313055315861,344.1804003568598,1.0,124.75548391911492,423.9712750564146,1.0,239.6807225760569,361.7740439828808,1.0,235.55288724655787,361.2070394324117,1.0,204.55662025503824,357.2698731172472,1.0,159.4179027675807,435.657755899436,1.0,152.25051902701082,439.2273539994759,1.0,119.609082469951,436.526766542425,1.0,1.0,2.3166666666666664,158.8371333409741,164.69920383046755,False,145.93740053447442,192.7073936515618,False,114.8653943939319,193.06774998276825,False,155.39100711498264,240.70510391626087,False,132.98958776928043,231.928438135663,False,169.49869751304487,211.5281347715021,False,160.36249928023216,203.57017709670595,False,144.33632214256673,270.0269835785386,False,118.6867397510606,276.4877095665581,False,199.6741681025402,277.3442546558474,False,128.07873602143889,352.2103378521444,False,209.7313055315861,344.1804003568598,False,124.75548391911492,423.9712750564146,False,True,68.99091617104438,106.08982296141173,170.27814796464705,42.87935947776694,39.41404893867188,82.29340841643882,0.9375289962230056,1.0135996630774424,0.9881981202114872,0.9191846477816016,True,True,True,True,1.4709846317070543,False,0.004380335714553,False,True,68.99091617104438,valid,0.3201522157807517,0.6531375523542806,0.7273830514692143,43.64298308815302,43.64298308815302,130.9564642055084,233.07245919485672,46.87580986706757,29.406035074723746,-29.502282098150772,0.8778444434530785,52.6706666071849,56.428676369273774,194.70563878843856,0.20101210963665878,0.2425920746364686,0.25990082433368394,False
140,140,2.333333333333333,2.333333333333333,Sports2D_HALPE26_postprocessed,158.90976627609342,165.21667851620492,1.0,147.5284362932833,192.7744573899897,1.0,115.23078140147167,193.0808725342268,1.0,156.77297601498128,241.01072185018853,1.0,133.3518679611697,232.0102326907012,1.0,170.01016113063207,211.3418233113265,1.0,160.4224454858263,202.9977503613631,1.0,144.91350640160078,269.746647665313,1.0,119.2070941492966,276.89462779049234,1.0,200.11545509762848,271.13292105883204,1.0,128.61513392726064,352.5534732849734,1.0,215.29227125415696,337.1220976861259,1.0,124.93586045231356,424.2616664585713,1.0,246.13438575015928,354.18855341581246,1.0,241.298038681976,351.65429860091155,1.0,210.991609182928,350.7136171952904,1.0,159.7143902687738,435.74566659746176,1.0,151.97423941152675,439.4145149678331,1.0,119.71124781644302,436.61840057360587,1.0,1.0,2.333333333333333,158.90976627609342,165.21667851620492,False,147.5284362932833,192.7744573899897,False,115.23078140147167,193.0808725342268,False,156.77297601498128,241.01072185018853,False,133.3518679611697,232.0102326907012,False,170.01016113063207,211.3418233113265,False,160.4224454858263,202.9977503613631,False,144.91350640160078,269.746647665313,False,119.2070941492966,276.89462779049234,False,200.11545509762848,271.13292105883204,False,128.61513392726064,352.5534732849734,False,215.29227125415696,337.1220976861259,False,124.93586045231356,424.2616664585713,False,True,67.97823250151599,104.39074473920564,169.97454685743153,42.94029413379191,39.68047754788997,82.62077168168187,0.9388612924045262,1.0204513303333955,0.9921291733731502,0.9240849031973298,True,True,True,True,1.0126836695283856,False,0.0049002554157282,False,True,67.97823250151599,valid,0.05994620559414443,-0.5724267353428445,0.5755570474769659,34.53342284861807,43.64298308815302,131.7199545614131,233.12415134500543,45.91429588926783,28.702490924413212,-30.126400983642327,0.9404779394878929,56.428676369273774,52.6706666071849,191.71791618562966,0.1590550344772339,0.25990082433368394,0.2425920746364686,False
141,141,2.35,2.35,Sports2D_HALPE26_postprocessed,159.04489769656888,165.47249349541767,1.0,147.20148959510723,192.9994229468567,1.0,115.40197791837105,192.430724171362,1.0,157.0869913118151,241.1943258785951,1.0,132.29494240369775,232.1235438921961,1.0,170.52081601428426,211.1786915439475,1.0,160.53170148887983,204.00915779179093,1.0,146.52942682691128,271.71140321183174,1.0,120.8348225847214,278.39201269397046,1.0,200.00255178141293,265.97014052471246,1.0,129.38410839833313,353.2433785963781,1.0,219.498012368002,330.54057875695105,1.0,125.23068709641478,424.9686079226679,1.0,249.81950374596465,345.0397808698422,1.0,246.31249142593285,341.1093836234862,1.0,215.1105006016607,343.6375808999281,1.0,159.93309802276673,435.7368133442924,1.0,152.8863815873581,439.66280962812993,1.0,120.00015028869076,436.67131817902833,1.0,1.0,2.35,159.04489769656888,165.47249349541767,False,147.20148959510723,192.9994229468567,False,115.40197791837105,192.430724171362,False,157.0869913118151,241.1943258785951,False,132.29494240369775,232.1235438921961,False,170.52081601428426,211.1786915439475,False,160.53170148887983,204.00915779179093,False,146.52942682691128,271.71140321183174,False,120.8348225847214,278.39201269397046,False,200.00255178141293,265.97014052471246,False,129.38410839833313,353.2433785963781,False,219.498012368002,330.54057875695105,False,125.23068709641478,424.9686079226679,False,True,68.178661783007,100.67218883282104,170.16994578484733,43.13805960509983,39.846370843996176,82.98443044909601,0.9431853043781432,1.0247175601059753,0.9964960712483546,0.9236940930761172,True,True,True,True,0.2004292814910115,False,0.0003908101212126,False,True,68.178661783007,valid,0.109256003053531,1.0114074304278233,1.0172914353949145,61.03748612369346,34.53342284861807,132.49192923127774,233.8833907560052,64.96615847393431,28.039772257602095,-29.874232964214286,0.7090731565657836,42.544389393946034,42.544389393946034,189.54092516240652,0.2811282131622307,0.1959521751298899,0.1959521751298899,False
142,142,2.3666666666666667,2.3666666666666667,Sports2D_HALPE26_postprocessed,159.09188480067883,165.69502203343453,1.0,147.80019136088202,193.1628354308813,1.0,115.43027464525836,192.36977394361568,1.0,157.63401894669084,241.39766742519544,1.0,132.1921737435691,231.90522172636963,1.0,170.6001018931701,211.11125967985245,1.0,160.51290699166944,204.23675606009544,1.0,147.66632228598837,271.7641871062088,1.0,121.5620881168793,279.3291356414952,1.0,199.52183590174943,260.33138067511265,1.0,129.9309269653042,353.3954820196982,1.0,223.2277393147901,321.4275582432035,1.0,125.42411736135796,425.2054190338553,1.0,253.178556909773,333.2262145007803,1.0,249.6650185113416,331.6275814305397,1.0,219.73278228605653,335.0818578966831,1.0,160.0921502800115,435.57957569450485,1.0,153.29460038577304,439.5393413136893,1.0,120.38638948610944,436.8073001045937,1.0,1.0,2.3666666666666667,159.09188480067883,165.69502203343453,False,147.80019136088202,193.1628354308813,False,115.43027464525836,192.36977394361568,False,157.63401894669084,241.39766742519544,False,132.1921737435691,231.90522172636963,False,170.6001018931701,211.11125967985245,False,160.51290699166944,204.23675606009544,False,147.66632228598837,271.7641871062088,False,121.5620881168793,279.3291356414952,False,199.52183590174943,260.33138067511265,False,129.9309269653042,353.3954820196982,False,223.2277393147901,321.4275582432035,False,125.42411736135796,425.2054190338553,False,True,68.64301436967199,98.77339614558475,169.96224047083,42.94197122588592,39.59302873026828,82.5349999561542,0.9388979609202556,1.018202434458329,0.9910992068234016,0.92201237157928,True,True,True,True,0.4643525866649867,False,0.0016817214968372,False,True,68.64301436967199,valid,-0.0187944972103935,0.22759826830451857,0.2283729512455604,13.702377074733672,41.43045372652314,133.11471910225202,234.15648303055025,40.802056439543264,27.398187889417414,-29.919726970454803,0.6431953094533172,38.591718567199166,42.544389393946034,185.5332110993633,0.06311080333958376,0.1777468498894312,0.1959521751298899,False
143,143,2.3833333333333333,2.3833333333333333,Sports2D_HALPE26_postprocessed,159.49355948891304,165.7829125385202,1.0,150.32193854023188,193.2171217049381,1.0,115.41984983183364,192.3764652745701,1.0,159.52081989120308,241.7273882866166,1.0,132.67638489214357,231.6140613845208,1.0,170.9872968288332,210.42101344490737,1.0,160.5119386431036,203.5462491769796,1.0,149.99710569109504,271.3657157932976,1.0,123.38163384150012,280.57492449376457,1.0,199.3329998765328,253.37441992459893,1.0,130.84571926355446,353.43301062520334,1.0,226.20701801211845,311.8890760375888,1.0,125.7564437379932,425.4835715848956,1.0,256.1578600825645,319.86740187844407,1.0,252.1593333854271,317.886514303806,1.0,223.1675256132173,326.0487203503844,1.0,160.36012983230256,435.4946436765265,1.0,153.46873706314005,439.3511129481615,1.0,120.6752120067504,436.7685892033148,1.0,1.0,2.3833333333333333,159.49355948891304,165.7829125385202,False,150.32193854023188,193.2171217049381,False,115.41984983183364,192.3764652745701,False,159.52081989120308,241.7273882866166,False,132.67638489214357,231.6140613845208,False,170.9872968288332,210.42101344490737,False,160.5119386431036,203.5462491769796,False,149.99710569109504,271.3657157932976,False,123.38163384150012,280.57492449376457,False,199.3329998765328,253.37441992459893,False,130.84571926355446,353.43301062520334,False,226.20701801211845,311.8890760375888,False,125.7564437379932,425.4835715848956,False,True,68.50165580569487,94.63252266958928,170.11026731461465,42.86463519937296,39.529990320519744,82.3946255198927,0.93720705955905,1.0165812939614094,0.989413558401387,0.9222052196795087,True,True,True,True,0.1413585639771213,False,0.0001928481002289,False,True,68.50165580569487,valid,-0.0009683485658342761,-0.6905068831158587,0.6905075621087166,41.43045372652314,22.56711626345622,134.78013197616517,234.38355681664262,100.84931909404995,25.73180666693844,-30.837307639663038,1.9023092974422313,114.13855784653428,68.99014823284574,181.09575123878886,0.19082157812060854,0.5257026600880007,0.3177568135619627,False
144,144,2.4,2.4,Sports2D_HALPE26_postprocessed,159.8729724961701,165.90005576153607,1.0,151.04755443282366,193.0587498467121,1.0,115.40420554994613,192.47060508438707,1.0,161.40376194591985,241.1204913880265,1.0,132.23515109101626,232.2798536888724,1.0,171.10396383227098,209.8472253372097,1.0,160.5240350791514,203.92217321292824,1.0,151.424284645472,270.36700579819626,1.0,124.87203705958557,280.25304850195374,1.0,198.41383963577263,247.68186116866235,1.0,131.79525160016323,353.32494297921386,1.0,228.5287291836568,304.542954735995,1.0,125.92174089360152,425.3452998780549,1.0,256.6044016930984,315.4370187478372,1.0,252.60446061359303,313.75715978808046,1.0,225.09693168819928,317.4991597218733,1.0,160.46066334864503,435.4820051495542,1.0,153.57143197233026,439.180791795924,1.0,120.58080022802116,436.6563674950015,1.0,1.0,2.4,159.8729724961701,165.90005576153607,False,151.04755443282366,193.0587498467121,False,115.40420554994613,192.47060508438707,False,161.40376194591985,241.1204913880265,False,132.23515109101626,232.2798536888724,False,171.10396383227098,209.8472253372097,False,160.5240350791514,203.92217321292824,False,151.424284645472,270.36700579819626,False,124.87203705958557,280.25304850195374,False,198.41383963577263,247.68186116866235,False,131.79525160016323,353.32494297921386,False,228.5287291836568,304.542954735995,False,125.92174089360152,425.3452998780549,False,True,67.84856228319796,92.13682793768427,169.92530161738608,43.22102500242429,40.0551994036968,83.27622440612109,0.9449992882300982,1.0300879435974777,1.0,0.9267526487733708,True,True,True,True,0.6530935224969028,False,0.004547429093862,False,True,67.84856228319796,valid,0.01209643604778421,0.37592403594865687,0.3761186043909357,22.56711626345622,22.56711626345622,135.68702042195684,234.0373523078123,58.24341313969856,24.837014657194544,-30.11517909488407,1.1498358038807583,68.99014823284574,68.99014823284574,177.71242554274752,0.10394027464553554,0.3177568135619627,0.3177568135619627,False
145,145,2.4166666666666665,2.4166666666666665,Sports2D_HALPE26_postprocessed,159.9057152253989,165.94377871129555,1.0,151.84447161329433,192.6387366070881,1.0,115.3675468594469,192.7036109244164,1.0,162.36436027374685,240.1865694729523,1.0,132.62886811078275,232.38157757808068,1.0,171.7440944309922,208.4742596759096,1.0,160.77699444985558,203.8893403588864,1.0,151.9889983262405,270.4654560867999,1.0,125.84266525058544,280.37949922131656,1.0,196.63886186495435,243.00319117808053,1.0,132.30021633477222,353.2942521231929,1.0,229.26001345550296,297.53927234093965,1.0,126.20714921140568,425.31956063803966,1.0,257.8023904215962,303.2875458397617,1.0,253.827023596623,303.35516469005256,1.0,227.27181140828068,310.52282921520214,1.0,160.5435417506875,435.3812022645765,1.0,153.40700696560555,438.9588614987176,1.0,120.70086450185516,436.4076530115655,1.0,1.0,2.4166666666666665,159.9057152253989,165.94377871129555,False,151.84447161329433,192.6387366070881,False,115.3675468594469,192.7036109244164,False,162.36436027374685,240.1865694729523,False,132.62886811078275,232.38157757808068,False,171.7440944309922,208.4742596759096,False,160.77699444985558,203.8893403588864,False,151.9889983262405,270.4654560867999,False,125.84266525058544,280.37949922131656,False,196.63886186495435,243.00319117808053,False,132.30021633477222,353.2942521231929,False,229.26001345550296,297.53927234093965,False,126.20714921140568,425.31956063803966,False,True,68.16265865811576,89.29212383042592,170.10342509393152,43.270015589448455,40.05152429253157,83.32153988198002,0.9460704351976958,1.0299934318297406,1.0005441586260917,0.9256184391645624,True,True,True,True,0.3140963749177956,False,0.0011342096088083,False,True,68.16265865811576,valid,0.2529593707041897,-0.03283285404185676,0.25508124104213065,15.304874462527893,18.97320736548927,136.2609205123918,234.04682570990525,34.438696446504814,24.516073937463773,-30.157485351018863,0.32371710626633277,19.423026375980037,34.91926331788804,174.43218483521665,0.07049163200468919,0.08945913480474334,0.1608321496335122,False
146,146,2.433333333333333,2.433333333333333,Sports2D_HALPE26_postprocessed,160.35692638701164,166.47475588955058,1.0,152.3688783631951,192.30578531805745,1.0,115.4361648971544,192.6913599176976,1.0,163.52233450217,238.03476742549108,1.0,132.5093829845709,232.5536010278126,1.0,171.9468035637135,207.2529205725083,1.0,161.01122825926757,203.6769028655724,1.0,153.37126927975325,270.8619503403205,1.0,126.933718667597,280.41917600038875,1.0,195.7189645320327,237.5005283949877,1.0,133.36758199164706,353.44981407806995,1.0,227.90827274009743,290.0001504658592,1.0,126.41605728954356,425.1554872730332,1.0,257.3591779725452,295.4957358808908,1.0,254.3386320927744,297.9116909178464,1.0,226.90219377377207,303.4421347894596,1.0,160.78895028534956,435.3655001778304,1.0,153.30126375430785,438.8950783668454,1.0,120.68293868248084,436.3844622454552,1.0,1.0,2.433333333333333,160.35692638701164,166.47475588955058,False,152.3688783631951,192.30578531805745,False,115.4361648971544,192.6913599176976,False,163.52233450217,238.03476742549108,False,132.5093829845709,232.5536010278126,False,171.9468035637135,207.2529205725083,False,161.01122825926757,203.6769028655724,False,153.37126927975325,270.8619503403205,False,126.933718667597,280.41917600038875,False,195.7189645320327,237.5005283949877,False,133.36758199164706,353.44981407806995,False,227.90827274009743,290.0001504658592,False,126.41605728954356,425.1554872730332,False,True,67.81141130714902,83.28291868095654,169.4280966124328,43.3646519896266,40.57362296881898,83.93827495844559,0.9481395978518437,1.0434200920341143,1.007950054857144,0.9356381547469752,True,True,True,True,0.3512473509667444,False,0.0100197155824126,False,True,67.81141130714902,valid,0.23423380941198957,-0.21243749331398476,0.31622012275815337,18.97320736548927,18.97320736548927,137.02750780192494,234.0695678941161,46.015473548570505,23.983720457342628,-30.39266502854369,0.5819877219647985,34.91926331788804,33.99498255564062,170.65331607898153,0.08738734543895253,0.1608321496335122,0.15657507065381324,False
147,147,2.45,2.45,Sports2D_HALPE26_postprocessed,160.54446703902758,166.98844477400507,1.0,152.3834974470785,192.1395180289989,1.0,115.50438101124811,192.9998766768315,1.0,165.05282780596065,234.5748332675555,1.0,132.53114870176535,232.8423763962736,1.0,172.1930897433327,206.6323877915545,1.0,161.81743375755104,203.61215079882567,1.0,153.65437322497223,270.4434905314438,1.0,127.62431848282456,279.7769766861952,1.0,194.9792612236186,233.4549858115529,1.0,134.53531270471683,353.18827257973726,1.0,227.43022200764744,284.9398545854809,1.0,126.62743281106528,425.1490551431668,1.0,256.3700600217063,289.00833094625426,1.0,253.38718544656209,290.52076647436127,1.0,226.9262574101769,297.94434021489053,1.0,160.8402487522062,435.3047953474893,1.0,153.41173010149618,438.8098476787496,1.0,120.97541673546232,436.29623450396775,1.0,1.0,2.45,160.54446703902758,166.98844477400507,False,152.3834974470785,192.1395180289989,False,115.50438101124811,192.9998766768315,False,165.05282780596065,234.5748332675555,False,132.53114870176535,232.8423763962736,False,172.1930897433327,206.6323877915545,False,161.81743375755104,203.61215079882567,False,153.65437322497223,270.4434905314438,False,127.62431848282456,279.7769766861952,False,194.9792612236186,233.4549858115529,False,134.53531270471683,353.18827257973726,False,227.43022200764744,284.9398545854809,False,126.62743281106528,425.1490551431668,False,True,68.19442275494497,80.39262489577182,168.3508253046337,43.32823100336069,41.37744048206024,84.70567148542094,0.9473432769386771,1.0640916338456354,1.0171651283363752,0.954976455855095,True,True,True,True,0.3830114477959512,False,0.0193383011081198,False,True,68.19442275494497,valid,0.8062054982834752,-0.06475206674673473,0.8088016664241489,48.52809998544781,34.42205824483135,137.29164254153085,233.83996548086736,20.99866528641122,24.525791216020195,-30.227814682041696,0.5665830425940234,33.99498255564062,34.91926331788804,168.09031625257526,0.2235121218691744,0.15657507065381324,0.1608321496335122,False
148,148,2.466666666666667,2.466666666666667,Sports2D_HALPE26_postprocessed,160.70263342357595,167.72214132804675,1.0,151.71502456413495,191.9695823829388,1.0,115.37737125288496,193.87003571079805,1.0,166.00132195687988,232.81026908424604,1.0,132.29037754903464,233.17788044547603,1.0,173.02778609147876,206.4247733774855,1.0,161.6925603115768,204.17209671257697,1.0,154.24367808954554,269.36075247318576,1.0,128.3153819390649,279.28821892306735,1.0,194.5299369478637,229.7205908247832,1.0,136.08218642877304,352.8963185691586,1.0,225.4734995709597,281.2134411954584,1.0,127.0175522754462,425.0023017829855,1.0,251.55143004671007,286.7335776356271,1.0,249.54695750836103,288.1919300914243,1.0,224.95942496019384,294.7299578433344,1.0,160.74483385280365,435.217079893868,1.0,153.4093781082135,438.7528831535268,1.0,121.08102497464355,436.1883555219924,1.0,1.0,2.466666666666667,160.70263342357595,167.72214132804675,False,151.71502456413495,191.9695823829388,False,115.37737125288496,193.87003571079805,False,166.00132195687988,232.81026908424604,False,132.29037754903464,233.17788044547603,False,173.02778609147876,206.4247733774855,False,161.6925603115768,204.17209671257697,False,154.24367808954554,269.36075247318576,False,128.3153819390649,279.28821892306735,False,194.5299369478637,229.7205908247832,False,136.08218642877304,352.8963185691586,False,225.4734995709597,281.2134411954584,False,127.0175522754462,425.0023017829855,False,True,68.66962884252055,76.46604021115684,166.81147134718478,42.79201373690132,41.30162032126153,84.09363405816285,0.9356192390401687,1.06214178876477,1.0098156425542952,0.965171225060751,True,True,True,True,0.4752060875755859,False,0.0101947692056559,False,True,68.66962884252055,valid,-0.12487344597423089,0.5599459137513065,0.5737009707471871,34.42205824483135,34.42205824483135,137.4128639614076,233.62214737249747,14.956660706681532,24.279696350169218,-29.450050659920493,0.8157693038502756,48.94615823101671,45.10201561272631,165.7813257334544,0.15854210817472142,0.22543762658829652,0.2077321636989713,False
149,149,2.4833333333333334,2.4833333333333334,Sports2D_HALPE26_postprocessed,161.13564123216136,168.2188315785359,1.0,151.30462506711672,192.1405034762075,1.0,115.38059713767458,194.4909118876516,1.0,165.60887518520022,230.8409886258712,1.0,132.07982577725105,234.07133210945696,1.0,173.23527168418155,207.05878798724703,1.0,161.65753738802326,204.52136333925708,1.0,154.92728562348256,268.2012683667321,1.0,129.47423202141326,278.49190922344627,1.0,194.0083363305948,225.12890639716508,1.0,137.20286939202347,352.669810604036,1.0,221.4520117428017,278.90232915606595,1.0,126.98042114653202,424.8864123374232,1.0,246.9178084725891,286.8613179600172,1.0,246.325841465918,286.36248656058274,1.0,219.96551081527053,294.2592396895173,1.0,160.71500863284916,435.2451517194181,1.0,153.58073445704795,438.7977056273155,1.0,120.97382776337744,436.2538729642408,1.0,1.0,2.4833333333333334,161.13564123216136,168.2188315785359,False,151.30462506711672,192.1405034762075,False,115.38059713767458,194.4909118876516,False,165.60887518520022,230.8409886258712,False,132.07982577725105,234.07133210945696,False,173.23527168418155,207.05878798724703,False,161.65753738802326,204.52136333925708,False,154.92728562348256,268.2012683667321,False,129.47423202141326,278.49190922344627,False,194.0083363305948,225.12890639716508,False,137.20286939202347,352.669810604036,False,221.4520117428017,278.90232915606595,False,126.98042114653202,424.8864123374232,False,True,67.90207087241629,69.25638930665856,165.99494293458602,42.958979295271305,41.80958835542151,84.76856765069282,0.9392698311723482,1.0752050553446593,1.0179203999126314,0.9732444541582412,True,True,True,True,0.7675579701042636,False,0.0080732290974901,False,True,67.90207087241629,valid,-0.035022923553555074,0.3492666266801052,0.3510182070587481,21.06109242352496,25.046036752897297,137.77168496242177,233.33114823850937,27.71928614344715,23.885852425601485,-28.809784899252293,0.7517002602121026,45.10201561272631,48.94615823101671,163.76154613675297,0.09700378662829319,0.2077321636989713,0.22543762658829652,False
150,150,2.5,2.5,Sports2D_HALPE26_postprocessed,161.64937311908815,168.99575073132178,1.0,151.41064988787426,192.5635552710212,1.0,115.51760022150972,195.4559859474802,1.0,165.068626252815,231.06656673812745,1.0,132.70034517810095,234.95947767599296,1.0,173.9125415953641,207.6158071751959,1.0,161.6012145726288,204.93498011797905,1.0,156.50209297324523,268.7808502325176,1.0,131.4108426859695,278.7656327036606,1.0,193.5257772518817,223.61927372122364,1.0,138.50554660637414,352.3930788836209,1.0,217.53053372133263,278.6283100595129,1.0,127.4677404450281,424.7978117031203,1.0,242.4452908203317,288.5956107942844,1.0,240.99143546580933,286.1285475133925,1.0,215.038275617396,292.15090571226284,1.0,160.7274761495847,435.2746196306196,1.0,153.68407655623548,438.84858252151696,1.0,121.08303972848395,436.3317403607026,1.0,1.0,2.5,161.64937311908815,168.99575073132178,False,151.41064988787426,192.5635552710212,False,115.51760022150972,195.4559859474802,False,165.068626252815,231.06656673812745,False,132.70034517810095,234.95947767599296,False,173.9125415953641,207.6158071751959,False,161.6012145726288,204.93498011797905,False,156.50209297324523,268.7808502325176,False,131.4108426859695,278.7656327036606,False,193.5257772518817,223.61927372122364,False,138.50554660637414,352.3930788836209,False,217.53053372133263,278.6283100595129,False,127.4677404450281,424.7978117031203,False,True,67.41506477127857,62.92048772303659,165.82822716367087,43.07867898378427,41.67410113452647,84.75278011831074,0.9418869861435636,1.0717207697878974,1.0177308196033097,0.9673950575460656,True,True,True,True,0.4870061011377231,False,0.0058493966121757,False,True,67.41506477127857,valid,-0.056322815394452164,0.41361677872197333,0.41743394588162014,25.046036752897297,25.046036752897297,138.71029644214968,233.8915060386699,65.58942404595376,22.890918130479122,-28.956525920690837,1.0056973595388723,60.341841572332555,56.08523557789387,162.46248775240306,0.1153577580975169,0.2779241934337016,0.25831899483611925,False
151,151,2.5166666666666666,2.5166666666666666,Sports2D_HALPE26_postprocessed,163.1131555640325,169.34838564396014,1.0,150.9949054859738,193.00727592881017,1.0,115.85928355368593,197.0450618498168,1.0,165.08963213900728,230.9847993814996,1.0,132.59669490776486,237.19896514452523,1.0,174.13022610884028,209.02728267617883,1.0,162.22043930774328,205.8364039278135,1.0,157.09211603648308,267.33793964707974,1.0,131.84263276766038,278.3694120287931,1.0,193.3341250236828,222.2545940382482,1.0,140.38113370143935,351.61428470983964,1.0,213.7511402210602,281.03000494571825,1.0,127.94715994408932,424.7942525721881,1.0,231.97762155321985,292.4458044723038,1.0,231.83155657521348,289.4938320519358,1.0,209.85249879924467,293.9884171522817,1.0,160.5239126534172,435.2506689452543,1.0,153.51102956363837,438.8762604062265,1.0,121.3065835527444,436.3749351625448,1.0,1.0,2.5166666666666666,163.1131555640325,169.34838564396014,False,150.9949054859738,193.00727592881017,False,115.85928355368593,197.0450618498168,False,165.08963213900728,230.9847993814996,False,132.59669490776486,237.19896514452523,False,174.13022610884028,209.02728267617883,False,162.22043930774328,205.8364039278135,False,157.09211603648308,267.33793964707974,False,131.84263276766038,278.3694120287931,False,193.3341250236828,222.2545940382482,False,140.38113370143935,351.61428470983964,False,213.7511402210602,281.03000494571825,False,127.94715994408932,424.7942525721881,False,True,65.99475958860239,57.951288958165456,163.70776496055086,43.50260783719119,43.14135461882535,86.64396245601654,0.9511559117349224,1.1094537020133746,1.0404405708101232,0.9916958261509784,True,True,True,True,1.4203051826761737,False,0.024300768604913,False,True,65.99475958860239,valid,0.6192247351144715,0.9014238098344549,1.0936197499652478,65.6171849979151,39.58563137398757,138.9472344609508,233.93992236362493,14.510050137472842,23.27320484679248,-28.103518435811424,0.9347539262982278,56.08523557789387,56.08523557789387,162.26024333304395,0.3022215222595599,0.25831899483611925,0.25831899483611925,False
152,152,2.533333333333333,2.533333333333333,Sports2D_HALPE26_postprocessed,163.26437726753213,169.42363483797268,1.0,150.665258406242,194.33749991142128,1.0,115.98916106133773,198.0712817111676,1.0,162.4069314672245,233.18666615930155,1.0,132.7926963086267,237.4557900390162,1.0,173.50557418977343,209.1043948246601,1.0,162.54248003333237,206.412228309582,1.0,157.93337865453003,267.3272303315428,1.0,133.46040575113096,278.28801971235856,1.0,193.52925032398483,222.1017763079975,1.0,141.78765418940188,351.6028913169096,1.0,208.1242954775916,286.0348632288988,1.0,128.28910507871473,424.74784955447336,1.0,216.87590851934223,297.960815713036,1.0,220.209098278115,296.43092533874034,1.0,203.0693508643864,298.4194138165663,1.0,160.5294858818311,435.4612037631909,1.0,153.3418291444279,438.9086722110269,1.0,121.16705733182351,436.405312592532,1.0,1.0,2.533333333333333,163.26437726753213,169.42363483797268,False,150.665258406242,194.33749991142128,False,115.98916106133773,198.0712817111676,False,162.4069314672245,233.18666615930155,False,132.7926963086267,237.4557900390162,False,173.50557418977343,209.1043948246601,False,162.54248003333237,206.412228309582,False,157.93337865453003,267.3272303315428,False,133.46040575113096,278.28801971235856,False,193.52925032398483,222.1017763079975,False,141.78765418940188,351.6028913169096,False,208.1242954775916,286.0348632288988,False,128.28910507871473,424.74784955447336,False,True,66.88652458905653,51.064908972139285,163.0639835224265,42.81936819983754,42.9971203281796,85.81648852801715,0.9362173263831506,1.1057444706012396,1.0305040741221374,1.0041512085725437,True,True,True,True,0.8917650004541429,False,0.0124553824215649,False,True,66.88652458905653,valid,0.32204072558909047,0.5758243817684843,0.6597605228997905,39.58563137398757,65.6171849979151,139.51205096831018,234.50600791662256,47.980141153125565,23.03042906502219,-28.093779607040574,0.24297103736866243,14.578262242119798,56.08523557789387,162.9633973361108,0.18232464214721256,0.06714498049333419,0.25831899483611925,False
153,153,2.55,2.55,Sports2D_HALPE26_postprocessed,163.84218593574428,169.3210940032349,1.0,152.5509205775086,195.7084199875571,1.0,116.19897625612136,198.4865556317177,1.0,163.03599480860962,234.64722095539577,1.0,132.78868097116538,238.17722932899665,1.0,172.3321903680657,209.0275498733364,1.0,162.14631418672764,208.0234582953573,1.0,160.13003725221864,268.63054070240634,1.0,135.5902494198289,278.8101220132276,1.0,194.317321598346,223.82908232423927,1.0,143.07561976129375,351.5555119493161,1.0,205.1426987403375,291.27633341996767,1.0,128.2666683827525,424.6304398906154,1.0,205.72115231556256,305.65863703588707,1.0,210.4787064364397,304.18408314739395,1.0,198.5432649203604,301.2873165675757,1.0,160.76183211150845,435.7737830691774,1.0,153.09291810848387,438.9342471457612,1.0,121.25969874239192,436.4208842717963,1.0,1.0,2.55,163.84218593574428,169.3210940032349,False,152.5509205775086,195.7084199875571,False,116.19897625612136,198.4865556317177,False,163.03599480860962,234.64722095539577,False,132.78868097116538,238.17722932899665,False,172.3321903680657,209.0275498733364,False,162.14631418672764,208.0234582953573,False,160.13003725221864,268.63054070240634,False,135.5902494198289,278.8101220132276,False,194.317321598346,223.82908232423927,False,143.07561976129375,351.5555119493161,False,205.1426987403375,291.27633341996767,False,128.2666683827525,424.6304398906154,False,True,66.91725082997839,46.46496491824944,162.66895267272648,43.01822731210835,42.08468290920857,85.10291022131692,0.9405652500972096,1.0822795821832203,1.0219352621738405,0.9782988639646474,True,True,True,True,0.0307262409218509,False,0.025852344607896,False,True,66.91725082997839,valid,-0.3961658466047311,1.61122998577531,1.659219528898316,99.55317173389932,98.24655945755487,141.1175458764194,235.4089095837272,110.51806709099618,21.028768310308237,-27.385451288369893,2.123293381516757,127.39760289100589,55.94297196499413,164.0726423507944,0.4585248682664826,0.5867715519823361,0.257663752986685,False
154,154,2.5666666666666664,2.5666666666666664,Sports2D_HALPE26_postprocessed,163.8042158575847,170.50483990482925,1.0,151.95771166002933,196.4135906940513,1.0,116.37916079800068,199.39205269150887,1.0,165.57220617425222,235.36337515744023,1.0,133.5512985461088,239.18336494691343,1.0,171.7936942486701,209.50911129828032,1.0,162.1604148903373,209.66084023832929,1.0,160.31825696783957,269.29674503981784,1.0,135.68159795579172,279.35808191841494,1.0,195.56747270851807,226.33632507302195,1.0,144.26410544673703,351.6201116404758,1.0,198.6117854725406,296.1969366094709,1.0,128.4108596388458,424.5230185296813,1.0,194.5832650293954,317.09329919381486,1.0,201.2780670706867,316.4838446784904,1.0,189.5181267201886,304.2919134195788,1.0,161.30390943118147,435.9192649395631,1.0,153.31055013263577,438.9672319443366,1.0,121.41803164542291,436.4264989763955,1.0,1.0,2.5666666666666664,163.8042158575847,170.50483990482925,False,151.95771166002933,196.4135906940513,False,116.37916079800068,199.39205269150887,False,165.57220617425222,235.36337515744023,False,133.5512985461088,239.18336494691343,False,171.7936942486701,209.50911129828032,False,162.1604148903373,209.66084023832929,False,160.31825696783957,269.29674503981784,False,135.68159795579172,279.35808191841494,False,195.56747270851807,226.33632507302195,False,144.26410544673703,351.6201116404758,False,198.6117854725406,296.1969366094709,False,128.4108596388458,424.5230185296813,False,True,67.44265126704747,41.86422761949348,160.9583854124348,43.33856072652977,41.1103515329967,84.44891225952648,0.947569129542632,1.0572229848214318,1.0140819046704908,0.9485859900241436,True,True,True,True,0.5254004370690808,False,0.0297128739405039,False,True,67.44265126704747,valid,0.014100703609670973,1.6373819429719845,1.6374426576259087,98.24655945755487,99.55317173389932,141.08418184541534,236.11511758594824,42.41974120002603,21.076233044921963,-26.454277347618955,0.9323828660832322,55.94297196499413,55.94297196499413,165.08583365497466,0.45250683577739614,0.257663752986685,0.257663752986685,False
155,155,2.583333333333333,2.583333333333333,Sports2D_HALPE26_postprocessed,164.2721838457668,171.81608241670557,1.0,152.0574396635823,197.16286037707223,1.0,116.30836744949566,200.1634111240047,1.0,169.17349622505532,237.23539366468825,1.0,133.21307105865606,240.7519456129588,1.0,170.7218885434272,210.2813331668337,1.0,161.65524656382118,211.4296442153587,1.0,160.9558611638405,270.7414060074016,1.0,136.0497288567622,282.00060576470725,1.0,197.33671914480271,232.27961564247985,1.0,145.01123707413672,352.1287038985149,1.0,191.25518145654328,301.49416474962555,1.0,128.56209663612083,424.6705128360492,1.0,185.71922411021256,322.4429273689356,1.0,191.2958706310411,326.5115210740596,1.0,183.1048900406597,309.5595754261445,1.0,161.39494425628274,435.975242046214,1.0,153.8254258300742,439.0147700517506,1.0,121.56206312311583,436.3832591697856,1.0,1.0,2.583333333333333,164.2721838457668,171.81608241670557,False,152.0574396635823,197.16286037707223,False,116.30836744949566,200.1634111240047,False,169.17349622505532,237.23539366468825,False,133.21307105865606,240.7519456129588,False,170.7218885434272,210.2813331668337,False,161.65524656382118,211.4296442153587,False,160.9558611638405,270.7414060074016,False,136.0497288567622,282.00060576470725,False,197.33671914480271,232.27961564247985,False,145.01123707413672,352.1287038985149,False,191.25518145654328,301.49416474962555,False,128.56209663612083,424.6705128360492,False,True,66.73830427827053,38.38595371962849,159.94177384528152,43.96814910903773,40.850394205176464,84.8185433142142,0.9613346654898842,1.0505377376319565,1.018520519140872,0.9290906038339374,True,True,True,True,0.7043469887769334,False,0.019495386190206,False,True,66.73830427827053,valid,-0.5051683265161273,1.768803977029421,1.8395278055170032,110.37166833102059,98.24655945755487,141.34284928342015,237.51707081829645,85.53697535587776,20.31239728040103,-26.08742660293774,0.8473632892888635,50.84179735733199,50.84179735733199,166.41961361436793,0.508353011766478,0.2341686159233006,0.2341686159233006,False
156,156,2.6,2.6,Sports2D_HALPE26_postprocessed,164.50903100122653,172.92973679897997,1.0,153.24925168748743,197.7652548376675,1.0,116.43514110990304,200.7862602953485,1.0,172.1993287063707,239.3308129768744,1.0,132.7164962045346,241.7606132827889,1.0,169.4702242542521,211.86816661725769,1.0,161.25610535600322,213.00231773510643,1.0,160.31932208695747,273.2042480424872,1.0,135.44945743271916,282.93480675173976,1.0,200.12026885381147,239.1845142879517,1.0,146.2428502106483,352.7305698146705,1.0,185.6064325837553,306.55483080230243,1.0,128.55519275680476,424.79322179092696,1.0,181.46050356291687,341.63166083251485,1.0,182.49390285796628,337.9008053555236,1.0,177.0764535919331,314.30374844593683,1.0,161.63368386341423,435.88908400462736,1.0,153.74951792798387,438.9312492808475,1.0,121.52167683931432,436.3389068582818,1.0,1.0,2.6,164.50903100122653,172.92973679897997,False,153.24925168748743,197.7652548376675,False,116.43514110990304,200.7862602953485,False,172.1993287063707,239.3308129768744,False,132.7164962045346,241.7606132827889,False,169.4702242542521,211.86816661725769,False,161.25610535600322,213.00231773510643,False,160.31932208695747,273.2042480424872,False,135.44945743271916,282.93480675173976,False,200.12026885381147,239.1845142879517,False,146.2428502106483,352.7305698146705,False,185.6064325837553,306.55483080230243,False,128.55519275680476,424.79322179092696,False,True,66.45195817642266,37.320308627804,157.4187386621511,44.09058999896521,40.51603205308296,84.60662205204817,0.9640117550273312,1.0419390431604707,1.0159757200259103,0.918926965006226,True,True,True,True,0.2863461018478688,False,0.0101636388277113,False,True,66.45195817642266,valid,-0.39914120781796214,1.572673519747724,1.622533729539721,97.35202377238102,110.37166833102059,141.36329307926678,238.67264248181073,69.3451494042704,19.892812276736436,-25.670324746704296,0.5916295578937901,35.49777347362659,50.84179735733199,167.87775281451556,0.44838675753116647,0.16349666838596208,0.2341686159233006,False
157,157,2.6166666666666667,2.6166666666666667,Sports2D_HALPE26_postprocessed,164.95998025200905,172.95238659179785,1.0,152.50301606355438,198.81722997840228,1.0,116.15467630829976,202.73020794346027,1.0,173.05372549872965,241.6225148472,1.0,131.79256616258874,243.6390316990523,1.0,169.8159851666917,215.6809161572332,1.0,160.22675283538155,215.9368343408377,1.0,158.3601774988115,272.5441245315226,1.0,134.77260822782594,281.34602444336093,1.0,202.7728597124224,244.4948404516512,1.0,148.4053813029427,352.7240304634984,1.0,177.8436912819049,309.64927462336533,1.0,128.9842708156151,424.8784983107508,1.0,175.86358833502064,346.4780276615312,1.0,176.98165680168563,342.5409518298153,1.0,169.3626552849882,316.6885329895576,1.0,161.38519184688425,435.84930621181456,1.0,153.78486512490957,438.8377332811039,1.0,121.47806715785484,436.3007988163415,1.0,1.0,2.6166666666666667,164.95998025200905,172.95238659179785,False,152.50301606355438,198.81722997840228,False,116.15467630829976,202.73020794346027,False,173.05372549872965,241.6225148472,False,131.79256616258874,243.6390316990523,False,169.8159851666917,215.6809161572332,False,160.22675283538155,215.9368343408377,False,158.3601774988115,272.5441245315226,False,134.77260822782594,281.34602444336093,False,202.7728597124224,244.4948404516512,False,148.4053813029427,352.7240304634984,False,177.8436912819049,309.64927462336533,False,128.9842708156151,424.8784983107508,False,True,66.66702184788562,36.78744145558791,154.12235590652648,43.79583838860681,39.69779225872266,83.49363064732947,0.957567204904382,1.0208966077291186,1.0026106640011456,0.9064284123637136,True,True,True,True,0.215063671462957,False,0.0124985526425123,False,True,66.66702184788562,valid,-1.0293525206216714,2.934516605731261,3.1098158017835575,186.58894810701412,97.35202377238102,140.4476195246229,238.8593967241865,56.071443182695944,19.779133310758652,-22.922562383348804,2.7501128909153407,165.00677345492102,114.07053584040723,167.58048289986124,0.8593967561318515,0.7599929539535881,0.525389362371259,False
158,158,2.6333333333333333,2.6333333333333333,Sports2D_HALPE26_postprocessed,164.75953933205207,173.60798225945388,1.0,156.10090068417878,199.13379720003235,1.0,116.09027218290578,203.96735149202053,1.0,174.5203804304367,242.53571086800687,1.0,130.20935442772355,245.2055953098643,1.0,169.65538029752028,216.40774471176127,1.0,159.4308409902518,217.25468894176464,1.0,158.58406444432944,272.76891273719104,1.0,134.70812244595518,281.5916608836831,1.0,203.21328403128945,256.16605848063784,1.0,151.29261452120463,353.3992209154091,1.0,175.11686365561638,318.6639027152661,1.0,128.87811551119083,425.0934368420198,1.0,167.68517404431182,351.64208659979835,1.0,170.52899896275972,349.5803181732132,1.0,165.4656055168551,323.8165692343464,1.0,161.22185235202176,435.9050424560839,1.0,153.84431509840996,438.8429391685168,1.0,121.73009434061386,436.2423005092876,1.0,1.0,2.6333333333333333,164.75953933205207,173.60798225945388,False,156.10090068417878,199.13379720003235,False,116.09027218290578,203.96735149202053,False,174.5203804304367,242.53571086800687,False,130.20935442772355,245.2055953098643,False,169.65538029752028,216.40774471176127,False,159.4308409902518,217.25468894176464,False,158.58406444432944,272.76891273719104,False,134.70812244595518,281.5916608836831,False,203.21328403128945,256.16605848063784,False,151.29261452120463,353.3992209154091,False,175.11686365561638,318.6639027152661,False,128.87811551119083,425.0934368420198,False,True,65.17320674693482,45.3872213255411,149.6337976943783,43.58831536794991,40.43696877514797,84.02528414309788,0.9530298505311082,1.039905795776996,1.0089948810998417,0.9277020328452728,True,True,True,True,1.4938151009507976,False,0.021273620481559,False,True,65.17320674693482,valid,-0.7959118451297513,1.3178546009269496,1.5395507183597996,92.37304310158831,159.83370067747856,141.3708399393423,239.36543057823178,63.16852304859205,18.060001050909506,-22.11074163646714,1.9011755973401139,114.07053584040723,151.1926416540611,171.06878913901878,0.42545442482479223,0.525389362371259,0.6963674274747742,False
159,159,2.65,2.65,Sports2D_HALPE26_postprocessed,165.26863460998075,174.8450498837332,1.0,159.43879387913358,199.4896073969747,1.0,116.0095725161405,204.83700787526348,1.0,176.48074102337594,242.2957063367575,1.0,128.7757710811882,246.4159610237768,1.0,170.19069887175957,219.21893738151223,1.0,157.79432617734784,219.356629925315,1.0,158.4338169603179,274.01411079656623,1.0,133.94843486236874,282.7847733851888,1.0,203.90371876487995,267.5178995780972,1.0,153.0583070841582,353.8440682973082,1.0,171.56805205577865,325.8333141484914,1.0,128.99752911774266,425.0838114986354,1.0,165.77922655384356,354.89323888193246,1.0,167.7139198755575,352.98729817215855,1.0,162.21177727052572,332.91708867749423,1.0,161.1845932708214,435.82040941740985,1.0,153.9901823145824,438.745402653454,1.0,121.709960325828,436.1879662752321,1.0,1.0,2.65,165.26863460998075,174.8450498837332,False,159.43879387913358,199.4896073969747,False,116.0095725161405,204.83700787526348,False,176.48074102337594,242.2957063367575,False,128.7757710811882,246.4159610237768,False,170.19069887175957,219.21893738151223,False,157.79432617734784,219.356629925315,False,158.4338169603179,274.01411079656623,False,133.94843486236874,282.7847733851888,False,203.90371876487995,267.5178995780972,False,153.0583070841582,353.8440682973082,False,171.56805205577865,325.8333141484914,False,128.99752911774266,425.0838114986354,False,True,64.069285049271,52.861071613835776,146.28558381815782,43.49465680665259,39.67724712432851,83.1719039309811,0.9509820676810332,1.0203682544677677,0.998747295811212,0.9122326749399664,True,True,True,True,1.1039216976638215,False,0.0154693579053063,False,True,64.069285049271,valid,-1.636514812903954,2.1019409835503495,2.6638950112913,159.83370067747856,139.70660848342513,141.95765455449018,240.2813748634983,65.26790309600065,15.836671622857665,-20.924744938183323,2.5198773609010097,151.1926416540611,114.07053584040723,173.74971680562703,0.7361666662271668,0.6963674274747742,0.525389362371259,False
160,160,2.6666666666666665,2.6666666666666665,Sports2D_HALPE26_postprocessed,165.9858795962828,175.691945639629,1.0,159.00985095550536,201.32933727523,1.0,116.0208795251652,207.2115916987636,1.0,177.41226498143735,241.7187043169373,1.0,126.47364597265296,248.6599992446651,1.0,170.61596370319108,219.9641917194536,1.0,156.61302230977054,221.36316180580693,1.0,158.34462404759614,275.4267265680288,1.0,133.26017636633503,283.74238542500694,1.0,204.15658248987745,276.78885956195404,1.0,154.56582761409118,354.3824895912145,1.0,169.0414004334377,335.19181012312504,1.0,128.82439541665198,425.3293192980756,1.0,164.7317648887068,358.43065341916736,1.0,165.66594851550067,359.2936665660911,1.0,158.89202152494653,343.8965107228788,1.0,161.30481324159814,435.8054478010529,1.0,154.17944239007247,438.71885825170233,1.0,121.53507875343011,436.17317518144,1.0,1.0,2.6666666666666665,165.9858795962828,175.691945639629,False,159.00985095550536,201.32933727523,False,116.0208795251652,207.2115916987636,False,177.41226498143735,241.7187043169373,False,126.47364597265296,248.6599992446651,False,170.61596370319108,219.9641917194536,False,156.61302230977054,221.36316180580693,False,158.34462404759614,275.4267265680288,False,133.26017636633503,283.74238542500694,False,204.15658248987745,276.78885956195404,False,154.56582761409118,354.3824895912145,False,169.0414004334377,335.19181012312504,False,128.82439541665198,425.3293192980756,False,True,61.98741662474488,60.68639813769561,143.2741025087144,42.7461204613573,40.663243109150216,83.40936357050751,0.9346158127511992,1.0457248271854316,1.001598765618109,0.9512733008346332,True,True,True,True,2.081868424526121,False,0.0390406258946668,False,True,61.98741662474488,valid,-1.1813038675772987,2.0065318804919343,2.328443474723744,139.70660848342513,159.83370067747856,141.65888272365044,241.92751024175735,100.38174458363277,14.954139586120107,-20.56434843595042,0.9532829772370075,57.196978634220656,102.07368317771173,176.3600732289495,0.6434647247809038,0.2634394930540061,0.4701339125350813,False
161,161,2.683333333333333,2.683333333333333,Sports2D_HALPE26_postprocessed,165.8047279134338,178.2072178517227,1.0,159.4546003470839,203.2754600086805,1.0,116.04176606799768,209.5818648389977,1.0,178.2549735245497,241.0427477088964,1.0,124.35566117985688,250.6645203215887,1.0,170.39704817440827,220.82186587771488,1.0,155.22821355861527,224.06744611851065,1.0,159.2385051756428,279.69337617069976,1.0,133.0818071517274,287.04572203913654,1.0,204.25165257798,284.8701701078205,1.0,156.51132103967436,355.5644810360685,1.0,166.53596172431114,344.6348281107495,1.0,128.96272055738015,425.5524041206053,1.0,164.14995004260928,371.201428302827,1.0,163.26739966414723,370.6730586831244,1.0,156.93488979683573,355.62748421210097,1.0,161.5019711952252,435.8364852390953,1.0,154.76935071160236,438.5853474368305,1.0,121.43481044840158,436.120419717951,1.0,1.0,2.683333333333333,165.8047279134338,178.2072178517227,False,159.4546003470839,203.2754600086805,False,116.04176606799768,209.5818648389977,False,178.2549735245497,241.0427477088964,False,124.35566117985688,250.6645203215887,False,170.39704817440827,220.82186587771488,False,155.22821355861527,224.06744611851065,False,159.2385051756428,279.69337617069976,False,133.0818071517274,287.04572203913654,False,204.25165257798,284.8701701078205,False,156.51132103967436,355.5644810360685,False,166.53596172431114,344.6348281107495,False,128.96272055738015,425.5524041206053,False,True,60.695145332612384,64.30575100153595,139.63667442825226,41.91545578223218,40.749464371243214,82.66492015347539,0.916453875812242,1.047942154371064,0.992659318346801,0.9721823038965204,True,True,True,True,1.2922712921324973,False,0.0209090030618872,False,True,60.695145332612384,valid,-1.3848087511552762,2.70428431270372,3.038231215890533,182.29387295343264,182.29387295343264,141.95416968561295,244.89910576437865,179.17384748864734,13.274043873002313,-20.831659645868,1.7012280529618562,102.07368317771173,102.07368317771173,178.9446530011825,0.8396143751721098,0.4701339125350813,0.4701339125350813,False
162,162,2.7,2.7,Sports2D_HALPE26_postprocessed,166.37166195403933,180.7356025383878,1.0,160.22451034662313,204.63934084073625,1.0,116.33102267340506,211.29770460464448,1.0,179.20364036851288,240.7350014611921,1.0,122.63573957547548,252.67421672027768,1.0,169.74023578732746,222.981804454954,1.0,153.769201425333,227.84996392430924,1.0,160.75409985611674,281.68406289195104,1.0,133.53312007960844,290.5570254513203,1.0,204.37319770855663,294.5165493869849,1.0,157.91975508554506,356.32529369804445,1.0,162.7701442805104,356.24907172788414,1.0,128.9858280148772,425.7263624395845,1.0,161.28123626298776,384.8766015139096,1.0,161.27807371377995,380.6806043054989,1.0,154.17629867650743,365.7714411625915,1.0,161.83955102286566,435.9028895328737,1.0,154.9053122659068,438.672860084479,1.0,121.37675390381852,435.7166103773934,1.0,1.0,2.7,166.37166195403933,180.7356025383878,False,160.22451034662313,204.63934084073625,False,116.33102267340506,211.29770460464448,False,179.20364036851288,240.7350014611921,False,122.63573957547548,252.67421672027768,False,169.74023578732746,222.981804454954,False,153.769201425333,227.84996392430924,False,160.75409985611674,281.68406289195104,False,133.53312007960844,290.5570254513203,False,204.37319770855663,294.5165493869849,False,157.91975508554506,356.32529369804445,False,162.7701442805104,356.24907172788414,False,128.9858280148772,425.7263624395845,False,True,60.09667043206923,72.41658656074722,137.02371004615512,41.854094304743874,39.81878920352401,81.67288350826789,0.915112247460116,1.0240082510590105,0.980746714812213,0.9513714217204032,True,True,True,True,0.5984749005431524,False,0.0208108821761172,False,True,60.09667043206923,valid,-1.4590121332822719,3.782517805798591,4.054153099754408,243.24918598525883,243.24918598525883,142.71068823893833,247.04453344716302,136.49413521795765,11.058513186394663,-19.194569522853783,2.754748680763977,165.2849208458348,146.22446540736706,183.17693316328493,1.1203641131389523,0.7612740532250237,0.6734848580963809,False
163,163,2.716666666666667,2.716666666666667,Sports2D_HALPE26_postprocessed,167.0089102718937,183.1294471007284,1.0,160.85413960327793,207.234987928766,1.0,117.35541283404478,213.9300817196616,1.0,179.38002348881284,240.51162011001696,1.0,119.99725111529476,254.33780103385507,1.0,169.36001591120953,222.8067047253856,1.0,153.30141638463024,232.8582530960514,1.0,161.2587395949335,285.1279394151756,1.0,133.89481232087755,293.21517220873915,1.0,203.99708812724208,302.72315542602684,1.0,159.45764887403777,356.8770612520503,1.0,162.83226390380753,361.4974097887492,1.0,129.76070412839533,425.66527996089866,1.0,161.37458762696917,391.0835844126109,1.0,162.32634355365894,387.7837696927876,1.0,154.64302368423262,370.0244099084412,1.0,161.90059588456373,436.0078434901027,1.0,154.88956197900535,438.7659829276598,1.0,121.47943536741016,435.655164352015,1.0,1.0,2.716666666666667,167.0089102718937,183.1294471007284,False,160.85413960327793,207.234987928766,False,117.35541283404478,213.9300817196616,False,179.38002348881284,240.51162011001696,False,119.99725111529476,254.33780103385507,False,169.36001591120953,222.8067047253856,False,153.30141638463024,232.8582530960514,False,161.2587395949335,285.1279394151756,False,133.89481232087755,293.21517220873915,False,203.99708812724208,302.72315542602684,False,159.45764887403777,356.8770612520503,False,162.83226390380753,361.4974097887492,False,129.76070412839533,425.66527996089866,False,True,60.92062307946425,77.36981450468652,134.7719243563353,40.49398831529098,39.63001897425255,80.12400728954353,0.8853744244473953,1.019153701832507,0.9621474539815248,0.9786642566715962,True,True,True,True,0.8239526473950178,False,0.0272928349511929,False,True,60.92062307946425,valid,-0.4677850407027506,5.008289171742177,5.0300877996408,301.8052679784491,301.8052679784491,143.34077608828343,249.87704531808558,174.10480495527574,9.96064029634681,-17.018792222034165,2.4370744234561093,146.22446540736706,165.2849208458348,183.14006973074748,1.3900634036236,0.6734848580963809,0.7612740532250237,False
164,164,2.7333333333333334,2.7333333333333334,Sports2D_HALPE26_postprocessed,167.89044134157965,186.7207474514109,1.0,161.35414754532582,209.6992958440196,1.0,118.56250628098256,216.73539113962863,1.0,179.60527379849614,240.37346228795383,1.0,116.38072414932128,256.20998990967524,1.0,173.46015675326692,227.78890062505928,1.0,152.20141818424145,239.08894034742377,1.0,162.3239775208122,290.59563145062435,1.0,134.61837898865377,297.23535221917706,1.0,203.600697057186,310.87686006764835,1.0,160.551765166482,358.07660608137417,1.0,164.66932863662325,365.6518480273284,1.0,130.01341768450322,425.8410966300528,1.0,162.8386560526945,398.11429398020937,1.0,165.18322138605313,396.1258705193184,1.0,153.57248001866097,373.0986672681031,1.0,161.96595008379424,436.1346030438029,1.0,155.17511128684663,438.8886168140092,1.0,121.87114212083986,435.8893376755772,1.0,1.0,2.7333333333333334,167.89044134157965,186.7207474514109,False,161.35414754532582,209.6992958440196,False,118.56250628098256,216.73539113962863,False,179.60527379849614,240.37346228795383,False,116.38072414932128,256.20998990967524,False,173.46015675326692,227.78890062505928,False,152.20141818424145,239.08894034742377,False,162.3239775208122,290.59563145062435,False,134.61837898865377,297.23535221917706,False,203.600697057186,310.87686006764835,False,160.551765166482,358.07660608137417,False,164.66932863662325,365.6518480273284,False,130.01341768450322,425.8410966300528,False,True,61.29026822955365,80.76375299388218,132.65512563787203,39.53484692427937,39.70204603362951,79.23689295790888,0.8644034286931956,1.021006000824436,0.9514947816496432,1.004229157878627,True,True,True,True,0.3696451500893971,False,0.0255649012070309,False,True,61.29026822955365,valid,-1.0999982003887965,6.230687251372359,6.3270419364243695,379.6225161854635,336.0552209831223,144.2147525839436,253.56641766336242,227.48866253379785,7.98666560029784,-14.477477315938643,3.2178964483937196,193.07378690362387,146.22446540736706,182.67838472527828,1.7484763287120682,0.8892648136046237,0.6734848580963809,False
165,165,2.75,2.75,Sports2D_HALPE26_postprocessed,168.69476916157524,190.1515774278556,1.0,161.45715535970734,212.7945025019023,1.0,119.66863005048268,220.17994252674544,1.0,179.34251227951228,240.43664609161087,1.0,113.08622336507922,259.42536686024744,1.0,175.34522411889526,231.3103456229782,1.0,152.09907752097223,244.68892562888072,1.0,163.02436438871763,294.9204102491155,1.0,134.96296949210117,301.3555370389542,1.0,203.58238594817865,318.62639231248045,1.0,161.8838591925819,359.1874600624434,1.0,166.76972794861177,372.2354060636192,1.0,130.34129749018314,425.96529208326336,1.0,166.39630476677468,405.8496637941218,1.0,171.24607615872964,402.002448614124,1.0,155.72038359652475,377.7317077733905,1.0,161.88935613839362,436.4049982237773,1.0,155.22065809172662,439.0251864293439,1.0,122.28216785651271,435.89182331747526,1.0,1.0,2.75,168.69476916157524,190.1515774278556,False,161.45715535970734,212.7945025019023,False,119.66863005048268,220.17994252674544,False,179.34251227951228,240.43664609161087,False,113.08622336507922,259.42536686024744,False,175.34522411889526,231.3103456229782,False,152.09907752097223,244.68892562888072,False,163.02436438871763,294.9204102491155,False,134.96296949210117,301.3555370389542,False,203.58238594817865,318.62639231248045,False,161.8838591925819,359.1874600624434,False,166.76972794861177,372.2354060636192,False,130.34129749018314,425.96529208326336,False,True,59.78553037499692,85.82918186095826,129.75417143382307,39.79361015148884,41.70330310124731,81.49691325273614,0.8700611164856381,1.0724717482949648,0.9786336236293852,1.0479899396533396,True,True,True,True,1.5047378545567298,False,0.0437607817747125,False,True,59.78553037499692,valid,-0.1023406632692172,5.599985281456952,5.6009203497186855,336.0552209831223,379.6225161854635,144.7782798227522,257.31259807917934,227.29969283795035,7.320797698220019,-12.623672450298614,1.9697645907285888,118.18587544371574,193.07378690362387,182.78795355927937,1.5478128245217933,0.544343912152181,0.8892648136046237,False
166,166,2.7666666666666666,2.7666666666666666,Sports2D_HALPE26_postprocessed,169.56700776470183,192.713673200395,1.0,162.3813551241652,215.60974621603933,1.0,121.4107523903554,222.9618637437552,1.0,178.99000678334116,240.395981044966,1.0,107.82020130740317,260.885693954766,1.0,176.42487012514556,235.02507518123355,1.0,151.41073330249515,251.78149491535385,1.0,162.82484816279103,296.7401494995258,1.0,135.10536254483827,302.68242351647,1.0,204.5062069061585,324.1946596531844,1.0,163.304949615745,359.8779528189879,1.0,167.3787174982419,380.0749645542169,1.0,130.69116826563763,425.5160214540925,1.0,173.33148754425898,413.8778579173668,1.0,176.17605470320655,408.0687831876552,1.0,156.82133290927058,383.7193475824454,1.0,161.66244481009045,436.540918599747,1.0,155.0665640193701,439.215275987252,1.0,122.15014962084632,435.9802821839416,1.0,1.0,2.7666666666666666,169.56700776470183,192.713673200395,False,162.3813551241652,215.60974621603933,False,121.4107523903554,222.9618637437552,False,178.99000678334116,240.395981044966,False,107.82020130740317,260.885693954766,False,176.42487012514556,235.02507518123355,False,151.41073330249515,251.78149491535385,False,162.82484816279103,296.7401494995258,False,135.10536254483827,302.68242351647,False,204.5062069061585,324.1946596531844,False,163.304949615745,359.8779528189879,False,167.3787174982419,380.0749645542169,False,130.69116826563763,425.5160214540925,False,True,58.48707153064253,89.7714363018227,127.33339801858926,40.28548096537895,44.53112304629618,84.81660401167512,0.8808155483622824,1.1451939735097638,1.018497231551252,1.105388888978784,True,True,True,True,1.2984588443543856,False,0.0573989493254443,False,True,58.48707153064253,valid,-0.6883442184770843,7.092569286473122,7.125893406902231,427.55360441413535,427.55360441413535,145.43057955553746,259.4985457439476,136.87185132156017,5.980153746957683,-7.717050828593756,5.0864783438679755,305.1887006320796,305.1887006320796,183.6484939679461,1.969238716621375,1.4056469152764604,1.4056469152764604,False
167,167,2.783333333333333,2.783333333333333,Sports2D_HALPE26_postprocessed,169.92773503702452,195.3737771210568,1.0,163.5774442864082,218.5761641707093,1.0,122.87278775603146,226.304538641042,1.0,180.06482315658562,240.42029755987284,1.0,106.68123575064676,261.4334180052795,1.0,177.96933893465055,240.92010877858016,1.0,149.79647046141733,260.03347819257954,1.0,162.721268596188,299.76143649207773,1.0,134.36385065024757,304.845340202264,1.0,205.7469569719848,329.2624761009222,1.0,164.36496551325203,360.53813406325287,1.0,168.4809748280488,387.9721473857041,1.0,131.04002351666688,425.1630479394146,1.0,179.70193055092875,420.4018844831455,1.0,181.4758623177531,415.0452478119289,1.0,157.99269273038416,392.0043232680407,1.0,161.4259728414557,436.60084513395,1.0,154.91762245433594,439.172662521124,1.0,122.0996972512256,435.88728207758567,1.0,1.0,2.783333333333333,169.92773503702452,195.3737771210568,False,163.5774442864082,218.5761641707093,False,122.87278775603146,226.304538641042,False,180.06482315658562,240.42029755987284,False,106.68123575064676,261.4334180052795,False,177.96933893465055,240.92010877858016,False,149.79647046141733,260.03347819257954,False,162.721268596188,299.76143649207773,False,134.36385065024757,304.845340202264,False,205.7469569719848,329.2624761009222,False,164.36496551325203,360.53813406325287,False,168.4809748280488,387.9721473857041,False,131.04002351666688,425.1630479394146,False,True,63.39442264250831,92.03156441560394,124.4104575257181,38.68080301299638,43.13795655387512,81.8187595668715,0.8457303202179938,1.109366314962782,0.9824984279769718,1.115229085067887,True,True,True,True,4.907351111865779,False,0.009840196089103,False,True,63.39442264250831,valid,-1.6142628410778173,8.25198327722569,8.408392981283468,504.5035788770099,504.5035788770099,145.88383782221882,262.37186987652325,174.53127128902693,3.912632639198506,-2.338391683943712,5.762344811390348,345.74068868342215,345.74068868342215,184.24319267479498,2.3236571272975284,1.5924224308661286,1.5924224308661286,False
168,168,2.8,2.8,Sports2D_HALPE26_postprocessed,171.157851608725,198.21320633917207,1.0,165.48641359550805,221.3186817387009,1.0,124.65150273685236,229.2518562057676,1.0,185.50168065306383,240.7649229756643,1.0,104.53619883056538,262.6266556708455,1.0,182.3189996240933,248.6968085433872,1.0,142.8438909883757,268.56458107840945,1.0,163.4822876292118,304.4272756943748,1.0,134.96296492585785,309.3163050162286,1.0,207.0792597648845,334.1761285390878,1.0,164.9160353771611,360.9044872022868,1.0,172.0858301887607,394.2513143642264,1.0,131.10869754115436,425.34230849832215,1.0,188.2715018986949,423.6971527455325,1.0,190.5467737005352,419.3966793367725,1.0,161.0719107255075,399.095979710913,1.0,160.9612227987317,436.9526142564954,1.0,154.88187599328785,439.5336933672523,1.0,122.1568428109644,436.2398087537419,1.0,1.0,2.8,171.157851608725,198.21320633917207,False,165.48641359550805,221.3186817387009,False,124.65150273685236,229.2518562057676,False,185.50168065306383,240.7649229756643,False,104.53619883056538,262.6266556708455,False,182.3189996240933,248.6968085433872,False,142.8438909883757,268.56458107840945,False,163.4822876292118,304.4272756943748,False,134.96296492585785,309.3163050162286,False,207.0792597648845,334.1761285390878,False,164.9160353771611,360.9044872022868,False,172.0858301887607,394.2513143642264,False,131.10869754115436,425.34230849832215,False,True,67.7333102194502,94.0875451955784,122.17596802128652,38.96797005973555,38.76516782632775,77.7331378860633,0.852009038845246,0.9969125757428547,0.9334373458980888,0.9947956685170688,True,True,True,True,4.338887576941893,False,0.1204334165508181,False,True,67.7333102194502,valid,-6.952579473041624,8.53110288582991,11.00536586295863,660.3219517775202,531.6523717250366,147.1457922218575,266.078529663768,234.93548149762583,-4.3019012334818,2.4860514146414516,9.526479830288737,571.5887898173263,395.5977488422621,184.62699714806286,3.0413298810966474,2.6326401257624927,1.8220555158128513,False
169,169,2.8166666666666664,2.8166666666666664,Sports2D_HALPE26_postprocessed,172.427397423833,200.88901676852944,1.0,167.5959476809403,225.3563847319598,1.0,125.330262408797,231.56515984556447,1.0,185.05375391379204,240.7861523974035,1.0,103.28284027439196,264.0460501569272,1.0,189.7959100056249,255.99572486094849,1.0,141.2803914914782,277.2864236131733,1.0,164.11994880555844,306.8446664705624,1.0,134.96618224597103,310.9040525598,1.0,207.90794176559604,337.5760362261385,1.0,165.4491156111485,360.59663297261017,1.0,174.83676734827023,401.4529425152824,1.0,131.12182453823493,425.8924439471978,1.0,198.22883202240385,427.7681704032258,1.0,199.62532483479305,422.91148385907576,1.0,165.59763098798885,407.11419870807663,1.0,161.16584086117135,437.1542534938288,1.0,154.65728141765942,439.5547642981179,1.0,122.55008494840013,436.2591845124174,1.0,1.0,2.8166666666666664,172.427397423833,200.88901676852944,False,167.5959476809403,225.3563847319598,False,125.330262408797,231.56515984556447,False,185.05375391379204,240.7861523974035,False,103.28284027439196,264.0460501569272,False,189.7959100056249,255.99572486094849,False,141.2803914914782,277.2864236131733,False,164.11994880555844,306.8446664705624,False,134.96618224597103,310.9040525598,False,207.90794176559604,337.5760362261385,False,165.4491156111485,360.59663297261017,False,174.83676734827023,401.4529425152824,False,131.12182453823493,425.8924439471978,False,True,75.04313304664845,97.68992826755938,120.7419997286886,39.25680906787294,40.23830746634306,79.49511653421601,0.8583243138089383,1.034796880527398,0.9545955895710956,1.0250019912920878,True,True,True,True,7.309822827198246,False,0.030206322775019,False,True,75.04313304664845,valid,-1.5634994968974922,8.72184253476388,8.860872862083912,531.6523717250366,660.3219517775202,148.0030852853167,268.66756590197167,163.63684225074047,-6.722693793838488,8.618857711201656,6.5932958140376785,395.5977488422621,571.5887898173263,185.32651295221333,2.4486998200357304,1.8220555158128513,2.6326401257624927,False
170,170,2.833333333333333,2.833333333333333,Sports2D_HALPE26_postprocessed,173.7800787902955,203.983085136252,1.0,170.38983599879165,228.47217754079563,1.0,126.23937713524856,234.74488228637992,1.0,183.07773511049905,240.7749365843575,1.0,99.89342716228208,266.2643771146895,1.0,191.3840877515974,259.89337922021207,1.0,135.96939074252512,289.0951063761981,1.0,162.6897473941424,307.1801407691105,1.0,134.21990002486552,311.4122589201394,1.0,208.8732185141821,339.1479433498703,1.0,166.7222618279344,360.20909471260626,1.0,184.43628886482247,407.4049134997748,1.0,131.1665217498513,426.19314248267153,1.0,205.88638049447025,429.7288858025439,1.0,206.8208250299479,424.5784138940043,1.0,174.87511074531136,414.8117839501659,1.0,161.30698887405558,436.8866912648513,1.0,154.56801090025763,439.2882435048821,1.0,123.27654457495946,434.95928337671273,1.0,1.0,2.833333333333333,173.7800787902955,203.983085136252,False,170.38983599879165,228.47217754079563,False,126.23937713524856,234.74488228637992,False,183.07773511049905,240.7749365843575,False,99.89342716228208,266.2643771146895,False,191.3840877515974,259.89337922021207,False,135.96939074252512,289.0951063761981,False,162.6897473941424,307.1801407691105,False,134.21990002486552,311.4122589201394,False,208.8732185141821,339.1479433498703,False,166.7222618279344,360.20909471260626,False,184.43628886482247,407.4049134997748,False,131.1665217498513,426.19314248267153,False,True,82.43676631558971,104.99258735656989,118.01523429053375,41.08025844867445,42.69329393306782,83.77355238174226,0.898192835364926,1.0979310553340462,1.0059720283810636,1.039265465829741,True,True,True,True,7.393633268941258,False,0.0142634745376535,False,True,82.43676631558971,valid,-5.3110007489530915,11.808682763024763,12.948039139311344,776.8823483586834,544.1112744507722,148.38471513826204,270.45236487910637,109.50860897840232,-12.415324395736917,18.64274149709172,11.527544808965185,691.6526885379136,495.3155126851969,185.43333014477724,3.578187115844777,3.185633891662485,2.2813384671599506,False
171,171,2.85,2.85,Sports2D_HALPE26_postprocessed,175.25756464012707,206.53025387616287,1.0,170.83364527470826,228.94967200968577,1.0,128.45795157988783,236.66318679161807,1.0,185.5912014932104,241.06507977103377,1.0,98.87104638020593,268.8195601193917,1.0,194.57950196131785,262.8040978011046,1.0,129.6155024197278,295.56551445274954,1.0,162.6903367221676,309.5846960393286,1.0,134.18900501799578,315.065999150587,1.0,209.80082001579376,341.6695147564066,1.0,167.68992514168016,359.9932305256754,1.0,191.95530679019672,411.4593558545853,1.0,132.4905808651824,424.7677723567167,1.0,216.6579481056685,430.8290356802023,1.0,216.87277082891404,426.87923734797545,1.0,183.52673797529343,421.96422618573456,1.0,161.23610921109048,437.1862310147651,1.0,154.60092703876862,439.27845154166073,1.0,123.57485402509728,435.2866747787957,1.0,1.0,2.85,175.25756464012707,206.53025387616287,False,170.83364527470826,228.94967200968577,False,128.45795157988783,236.66318679161807,False,185.5912014932104,241.06507977103377,False,98.87104638020593,268.8195601193917,False,194.57950196131785,262.8040978011046,False,129.6155024197278,295.56551445274954,False,162.6903367221676,309.5846960393286,False,134.18900501799578,315.065999150587,False,209.80082001579376,341.6695147564066,False,167.68992514168016,359.9932305256754,False,191.95530679019672,411.4593558545853,False,132.4905808651824,424.7677723567167,False,True,88.40445080884348,109.9136093062294,114.76894187662812,43.69687980725989,40.75006319465228,84.44694300191216,0.9554035406013756,1.0479575541389643,1.0140582573734578,0.932562310498929,True,True,True,True,5.9676844932537705,False,0.1067031553308123,False,True,88.40445080884348,valid,-6.3538883227973315,6.4704080765514504,9.068521240846412,544.1112744507722,752.050299056989,149.04273464868987,272.56588849780485,132.81527903987254,-19.427232228962083,22.99962595494469,8.255258544753472,495.3155126851969,691.6526885379136,185.733461602909,2.5060833933721245,2.2813384671599506,3.185633891662485,False
172,172,2.8666666666666667,2.8666666666666667,Sports2D_HALPE26_postprocessed,177.1956721915699,208.0375727534127,1.0,171.2149032830181,230.5620755309763,1.0,131.57895645487858,238.58495415181247,1.0,188.4024538710811,242.3950919992511,1.0,98.5673781513747,269.5010542380071,1.0,204.96268725682663,258.7103877935923,1.0,117.33445650765736,298.0717806559074,1.0,161.40772018748436,312.1527931580973,1.0,134.41216265170732,315.9672878238586,1.0,209.7655694121497,344.50349987378524,1.0,168.3578588885948,360.3055160574789,1.0,200.47927843406373,414.01920809998927,1.0,132.8741854346752,423.4413081401026,1.0,228.0009117126653,430.768692539231,1.0,228.9310695885157,426.85779935579706,1.0,193.08192733459143,427.17904197758537,1.0,161.1690906149647,437.2734569328273,1.0,154.74918392463184,439.5480216762738,1.0,123.81347878156328,435.23235546753176,1.0,1.0,2.8666666666666667,177.1956721915699,208.0375727534127,False,171.2149032830181,230.5620755309763,False,131.57895645487858,238.58495415181247,False,188.4024538710811,242.3950919992511,False,98.5673781513747,269.5010542380071,False,204.96268725682663,258.7103877935923,False,117.33445650765736,298.0717806559074,False,161.40772018748436,312.1527931580973,False,134.41216265170732,315.9672878238586,False,209.7655694121497,344.50349987378524,False,168.3578588885948,360.3055160574789,False,200.47927843406373,414.01920809998927,False,132.8741854346752,423.4413081401026,False,True,99.82311409418423,116.17311532677488,113.22512392228492,45.22797305460385,34.183177705961725,79.41115076056558,0.9888798875615136,0.879078864990283,0.9535873093056388,0.755797251066111,True,True,True,True,11.418663285340756,False,0.176765059432818,False,True,99.82311409418423,valid,-12.281045912070425,2.5062662031578498,12.534171650949773,752.050299056989,684.5102299537594,149.6534356442721,274.31677766618617,111.26026653507809,-32.31897913661473,23.75500298972122,12.913858168480841,774.8314901088532,654.8301060255512,184.7895517775765,3.4638149473187885,3.568741213796069,3.0160353796146424,False
173,173,2.8833333333333333,2.8833333333333333,Sports2D_HALPE26_postprocessed,180.28662709081624,210.2951305570304,1.0,172.3977616434082,232.2011895111985,1.0,134.32268196657043,239.73127507351927,1.0,193.7746051432582,242.5698945619808,1.0,102.28695234629646,270.4041791356792,1.0,213.4984804200644,260.26430280180085,1.0,109.47617171912762,306.3422897019068,1.0,159.23680482678617,313.28856175744914,1.0,133.9298527585733,316.213180612904,1.0,208.3421157583888,346.45562240181187,1.0,168.75852578349273,360.1660629772467,1.0,209.3704752830795,416.9527203582451,1.0,133.53631252995626,422.42167677953313,1.0,240.2241805550123,428.5150683675816,1.0,236.8746840740796,424.63122181820034,1.0,204.68669619491004,430.2498525531959,1.0,161.24466089300807,437.2272384175765,1.0,154.889386865313,439.4331895294399,1.0,124.42384720088955,435.0969824428757,1.0,1.0,2.8833333333333333,180.28662709081624,210.2951305570304,False,172.3977616434082,232.2011895111985,False,134.32268196657043,239.73127507351927,False,193.7746051432582,242.5698945619808,False,102.28695234629646,270.4041791356792,False,213.4984804200644,260.26430280180085,False,109.47617171912762,306.3422897019068,False,159.23680482678617,313.28856175744914,False,133.9298527585733,316.213180612904,False,208.3421157583888,346.45562240181187,False,168.75852578349273,360.1660629772467,False,209.3704752830795,416.9527203582451,False,133.53631252995626,422.42167677953313,False,True,122.44262514960953,124.87188950870446,112.1065892511149,44.35217036301343,36.65013869361328,81.0023090566267,0.969731037664119,0.9425209850779604,0.9726943030173298,0.8263437480880733,True,True,True,True,22.61951105542529,False,0.0705464970219623,False,True,122.44262514960953,valid,-7.858284788529744,8.270509045999404,11.408503832562618,684.5102299537594,752.050299056989,149.97177529883453,275.35855173876774,65.35962113027051,-40.49560357970691,30.98373796313905,10.913835100425816,654.8301060255512,774.8314901088532,184.60974060508696,3.152736950014538,3.0160353796146424,3.568741213796069,False
174,174,2.9,2.9,Sports2D_HALPE26_postprocessed,181.25227671070616,211.53289798024613,1.0,173.65149548793104,233.03448474193263,1.0,134.54195001519693,243.2994153967401,1.0,196.29002546845885,241.89280681475856,1.0,105.20363908598976,275.14124306435855,1.0,220.85592808840104,260.1105616023927,1.0,98.53564100845846,319.57736831725254,1.0,157.123520197507,314.4909629850755,1.0,132.3691808982475,317.5356997334436,1.0,206.7528040540604,347.990848279188,1.0,168.91766313888888,360.2552629986208,1.0,219.61198793475816,416.9127865588725,1.0,133.88786765435898,422.1142143300915,1.0,246.08565264913844,425.5358110024758,1.0,242.5410524103692,421.67405867921474,1.0,214.2173308437304,430.38449546327655,1.0,161.2134554437839,437.2740043431106,1.0,154.86648926791742,439.2478436190344,1.0,123.95320978959847,434.8174445420985,1.0,1.0,2.9,181.25227671070616,211.53289798024613,False,173.65149548793104,233.03448474193263,False,134.54195001519693,243.2994153967401,False,196.29002546845885,241.89280681475856,False,105.20363908598976,275.14124306435855,False,220.85592808840104,260.1105616023927,False,98.53564100845846,319.57736831725254,False,157.123520197507,314.4909629850755,False,132.3691808982475,317.5356997334436,False,206.7528040540604,347.990848279188,False,168.91766313888888,360.2552629986208,False,219.61198793475816,416.9127865588725,False,133.88786765435898,422.1142143300915,False,True,145.87727794372978,134.58795103373933,109.929317366225,43.2970954844912,44.9336335705543,88.2307290550455,0.9466625192942508,1.155545219899293,1.0594948280167256,1.037797872299524,True,True,True,True,23.43465279412025,False,0.2114541242114507,False,True,145.87727794372978,valid,-10.940530710669165,13.235078615345742,17.171561320551994,1030.2936792331234,684.5102299537594,149.42153664972062,277.09014071429795,109.01461656201533,-50.88589564126217,42.48722760295459,15.50124004774333,930.0744028646031,654.8301060255512,182.75595484603284,4.745356328866148,4.283763496671226,3.0160353796146424,False
175,175,2.9166666666666665,2.9166666666666665,Sports2D_HALPE26_postprocessed,182.3766559096722,214.1782651014857,1.0,175.0467675994792,233.5515539650532,1.0,136.60417798553925,247.40581809651084,1.0,199.9666796039267,240.7896374320344,1.0,107.41714101587256,284.2987715457523,1.0,229.01370131496017,258.72841056817555,1.0,90.40085001737528,320.9373828171531,1.0,155.57874111714108,316.2113938930886,1.0,130.97544533886682,318.1057472111711,1.0,205.3724218161812,350.29631803699783,1.0,169.51578900164438,360.63600145605903,1.0,224.92644491108555,417.5598703513695,1.0,134.36538748999507,422.7283283751305,1.0,254.5739668047764,419.3234706277341,1.0,250.31678828247868,416.2712989974056,1.0,222.5590937415154,429.8993629576672,1.0,161.16109115718524,437.2893606158279,1.0,154.9941484302689,439.1518995014884,1.0,124.20934770504464,434.1978254109219,1.0,1.0,2.9166666666666665,182.3766559096722,214.1782651014857,False,175.0467675994792,233.5515539650532,False,136.60417798553925,247.40581809651084,False,199.9666796039267,240.7896374320344,False,107.41714101587256,284.2987715457523,False,229.01370131496017,258.72841056817555,False,90.40085001737528,320.9373828171531,False,155.57874111714108,316.2113938930886,False,130.97544533886682,318.1057472111711,False,205.3724218161812,350.29631803699783,False,169.51578900164438,360.63600145605903,False,224.92644491108555,417.5598703513695,False,134.36538748999507,422.7283283751305,False,True,166.56335648434893,140.60208816628338,108.30339828752378,47.042248471736414,40.39730183121588,87.43955030295228,1.0285478264349546,1.038885692486734,1.049994172124417,0.858745131102462,True,True,True,True,20.68607854061915,False,0.179052741197062,False,True,166.56335648434893,valid,-8.134790991083179,1.360014499900558,8.247694460183878,494.8616676110344,494.8616676110344,149.55128301025658,278.8186282914559,104.00102076836794,-59.150432992881306,42.11875452569717,8.272747430265925,496.36484581595727,496.36484581595727,181.23761825868763,2.2792481344340385,2.2861715159435256,2.2861715159435256,False
176,176,2.933333333333333,2.933333333333333,Sports2D_HALPE26_postprocessed,183.5820763390899,217.84098984870087,1.0,175.94679811571143,233.99656253626924,1.0,138.46616850729822,249.3769180893708,1.0,205.3232431467601,238.86290310669688,1.0,108.2516052691048,286.17300277749194,1.0,236.1762448531061,255.45973613000515,1.0,83.63178077123048,319.9790884037953,1.0,154.39569504098426,316.4776636039197,1.0,130.14256985761176,318.5017825396633,1.0,200.7089779513892,352.7110900465374,1.0,169.64337831156277,360.7199953007093,1.0,231.03347933934063,415.0566490274556,1.0,134.62337251232816,423.00654387751376,1.0,258.2759227128672,411.9712404865441,1.0,253.5448793225596,410.2081284596493,1.0,231.05167654826943,428.0644012060624,1.0,161.08107733831824,437.279455708238,1.0,154.81176289925372,439.22664649795297,1.0,124.34476585917702,433.99633700987897,1.0,1.0,2.933333333333333,183.5820763390899,217.84098984870087,False,175.94679811571143,233.99656253626924,False,138.46616850729822,249.3769180893708,False,205.3232431467601,238.86290310669688,False,108.2516052691048,286.17300277749194,False,236.1762448531061,255.45973613000515,False,83.63178077123048,319.9790884037953,False,154.39569504098426,316.4776636039197,False,130.14256985761176,318.5017825396633,False,200.7089779513892,352.7110900465374,False,169.64337831156277,360.7199953007093,False,231.03347933934063,415.0566490274556,False,134.62337251232816,423.00654387751376,False,True,176.673954990507,153.97603244433927,107.55810831970282,47.61167587945391,41.82089410425231,89.43256998370622,1.0409979822320825,1.0754958020076972,1.073926809500415,0.8783747543383467,True,True,True,True,10.110598506158084,False,0.0196296232358846,False,True,176.673954990507,valid,-6.769069246144795,-0.9582944133578053,6.836565412674411,410.19392476046613,410.19392476046613,149.73780788040142,279.5882316923057,47.513064712936455,-66.10602710917094,40.39085671148956,7.167002188286703,430.0201312972037,430.0201312972037,179.1861656002783,1.8892830036319055,1.9805991172438449,1.9805991172438449,False
177,177,2.95,2.95,Sports2D_HALPE26_postprocessed,185.3535289618512,219.91490519056103,1.0,178.5646270789014,235.03862382957232,1.0,139.26353786546045,250.69755759666128,1.0,210.4718292502244,236.5515555934147,1.0,107.4522467641092,286.4731704121306,1.0,243.2754910032627,251.2163802140861,1.0,78.7428188599759,316.99008993690444,1.0,153.95802482273243,316.898395124731,1.0,129.89384824802687,319.107411345788,1.0,196.12537274938416,355.4157600584948,1.0,169.06821090219185,361.1251438626824,1.0,235.92516337668644,408.4369385613624,1.0,134.86251739049726,423.0300590320141,1.0,259.6589200654006,403.6023780101725,1.0,254.1791056361189,403.04981385848606,1.0,236.8668959126669,423.400312529748,1.0,161.59113537685926,437.3162550788738,1.0,154.77826673039283,439.1578856256072,1.0,124.37752233545552,434.642547739813,1.0,1.0,2.95,185.3535289618512,219.91490519056103,False,178.5646270789014,235.03862382957232,False,139.26353786546045,250.69755759666128,False,210.4718292502244,236.5515555934147,False,107.4522467641092,286.4731704121306,False,243.2754910032627,251.2163802140861,False,78.7428188599759,316.99008993690444,False,153.95802482273243,316.898395124731,False,129.89384824802687,319.107411345788,False,196.12537274938416,355.4157600584948,False,169.06821090219185,361.1251438626824,False,235.92516337668644,408.4369385613624,False,134.86251739049726,423.0300590320141,False,True,178.3911834148496,169.3031824511886,108.08275538565972,47.8732985479096,41.89884995872977,89.77214850663937,1.0467181898269189,1.077500570103363,1.0780045462776866,0.8752029049512673,True,True,True,True,1.7172284243425793,False,0.0031718493870793,False,True,178.3911834148496,valid,-4.888961911254583,-2.9889984668908482,5.730275770394816,343.81654622368103,370.8101713083484,150.4200095037803,280.43549697418814,65.26658445304518,-71.67719064380441,36.5545929627163,6.764228165857624,405.8536899514481,405.8536899514481,174.8817511661712,1.5835601600563447,1.8692926250293025,1.8692926250293025,False
178,178,2.966666666666667,2.966666666666667,Sports2D_HALPE26_postprocessed,186.21389734486348,221.8080608689256,1.0,181.0653316645039,235.821251264483,1.0,138.5340698731427,253.98970562957533,1.0,215.4518446527328,235.5352448249352,1.0,103.33757361181053,286.42824255926126,1.0,249.3626570443201,246.6065031192204,1.0,73.61625498135544,313.53859198432195,1.0,152.73666298975516,316.77205798814225,1.0,129.51056563256543,318.6633763146175,1.0,192.2759989144477,357.782647783685,1.0,168.79105402586944,361.604992249848,1.0,237.9372840614373,405.338257740015,1.0,135.65140396803915,422.41941134293455,1.0,260.82210439491905,399.2820521520938,1.0,254.41774682440345,397.2049192702191,1.0,239.7850004379756,418.4575546695769,1.0,161.62073615385563,437.6229874546054,1.0,154.19025855202014,439.1465323627978,1.0,124.39926250621454,434.5607010810016,1.0,1.0,2.966666666666667,186.21389734486348,221.8080608689256,False,181.0653316645039,235.821251264483,False,138.5340698731427,253.98970562957533,False,215.4518446527328,235.5352448249352,False,103.33757361181053,286.42824255926126,False,249.3626570443201,246.6065031192204,False,73.61625498135544,313.53859198432195,False,152.73666298975516,316.77205798814225,False,129.51056563256543,318.6633763146175,False,192.2759989144477,357.782647783685,False,168.79105402586944,361.604992249848,False,237.9372840614373,405.338257740015,False,135.65140396803915,422.41941134293455,False,True,179.70461923008108,179.88221099334234,108.96221466066184,47.86493525758254,40.22844549671196,88.0933807542945,1.0465353319838695,1.034543263115218,1.0578455181238902,0.8404575349412838,True,True,True,True,1.313435815231486,False,0.0347453700099834,False,True,179.70461923008108,valid,-5.126563878620459,-3.4514979525824856,6.180169521805785,370.8101713083484,366.1619999470166,150.4616575399918,281.3115977992045,52.625411848769375,-76.84540255863635,32.22699418511746,6.740810453979981,404.4486272388003,405.8536899514481,171.11605954379195,1.7078881766369283,1.862821146682585,1.8692926250293025,False
179,179,2.9833333333333334,2.9833333333333334,Sports2D_HALPE26_postprocessed,187.15643120187733,224.17190618788533,1.0,182.49381377627515,236.1489797383043,1.0,137.49906616780677,254.9926184611023,1.0,219.1584829960936,232.92489605187225,1.0,102.16815589446183,283.1549585161179,1.0,253.16550493018497,233.9590741332825,1.0,72.67166835738601,307.5094375337344,1.0,151.76424069273256,318.56698862878454,1.0,129.6694467576376,320.29494199162514,1.0,189.6957186694292,360.3010427178309,1.0,168.33587029989667,362.0844562819983,1.0,238.8873622147105,401.8798063298733,1.0,135.64411677783082,422.8284299655701,1.0,260.5327327587352,389.14683557529145,1.0,253.66749505267703,390.020491171551,1.0,241.6545510677832,414.4690879688991,1.0,162.06314431937926,438.16634450604425,1.0,154.40199468784394,439.3356512458352,1.0,124.87601788868818,434.3686011980637,1.0,1.0,2.9833333333333334,187.15643120187733,224.17190618788533,False,182.49381377627515,236.1489797383043,False,137.49906616780677,254.9926184611023,False,219.1584829960936,232.92489605187225,False,102.16815589446183,283.1549585161179,False,253.16550493018497,233.9590741332825,False,72.67166835738601,307.5094375337344,False,151.76424069273256,318.56698862878454,False,129.6694467576376,320.29494199162514,False,189.6957186694292,360.3010427178309,False,168.33587029989667,362.0844562819983,False,238.8873622147105,401.8798063298733,False,135.64411677783082,422.8284299655701,False,True,179.0128227876101,172.47309004494946,108.93429746466792,45.1817509412538,38.25158068948773,83.43333163074152,0.9878692714501686,0.9837048043293682,1.0018865795818774,0.8466157218923009,True,True,True,True,0.6917964424709737,False,0.0061581869510171,False,True,179.0128227876101,valid,-0.9445866239694283,-6.029154450587555,6.102699999116922,366.1619999470166,366.1619999470166,150.356641848613,282.50088220495405,71.63471571452975,-77.684973491227,25.008555328780346,7.267099756679319,436.0259854007607,404.4486272388003,168.9979000142169,1.6864794949845592,2.008261053209301,1.862821146682585,False
180,180,3.0,3.0,Sports2D_HALPE26_postprocessed,189.2491123519284,224.50209598558072,1.0,184.67542308369624,235.53343837856164,1.0,136.47924313531803,255.05963987785603,1.0,221.28851967336232,229.940981926156,1.0,100.38523592383603,280.38631738902046,1.0,254.31035901903263,227.9633534711189,1.0,70.92105183397146,302.4043257076132,1.0,150.62646741257703,319.9977494022971,1.0,130.77076389872408,321.39083097919337,1.0,185.9040624900965,361.29563176179295,1.0,168.37170632532477,363.0903838886628,1.0,236.50552836531008,397.52559508879216,1.0,135.82616594797682,421.9919242377861,1.0,258.51051134691176,382.1434255478895,1.0,252.0978243846057,383.94955866070046,1.0,240.113280054091,411.73471295512365,1.0,162.50696684106694,438.8281604834391,1.0,155.3162990212845,439.3201120320076,1.0,124.88399263285406,434.5928672620517,1.0,1.0,3.0,189.2491123519284,224.50209598558072,False,184.67542308369624,235.53343837856164,False,136.47924313531803,255.05963987785603,False,221.28851967336232,229.940981926156,False,100.38523592383603,280.38631738902046,False,254.31035901903263,227.9633534711189,False,70.92105183397146,302.4043257076132,False,150.62646741257703,319.9977494022971,False,130.77076389872408,321.39083097919337,False,185.9040624900965,361.29563176179295,False,168.37170632532477,363.0903838886628,False,236.50552836531008,397.52559508879216,False,135.82616594797682,421.9919242377861,False,True,178.28677776995664,166.10685958343933,109.03620579156716,44.09328690783934,36.78220812293695,80.87549503077629,0.9640707211662956,0.9459173762803358,0.9711714911132746,0.8341906603564508,True,True,True,True,0.7260450176534619,False,0.0124250615358501,False,True,178.28677776995664,valid,-1.7506165234145499,-5.105111826121174,5.396927363718574,323.8156418231156,323.8156418231156,150.63797438257885,282.99541465947704,34.13732906480824,-79.71692254860739,19.40891104813619,5.956914725051875,357.41488350311374,357.41488350311374,166.44096260977906,1.4914394179870394,1.6461917739074974,1.6461917739074974,False
181,181,3.0166666666666666,3.0166666666666666,Sports2D_HALPE26_postprocessed,189.9882698585253,224.93510134207168,1.0,185.3433444058919,235.0485903524009,1.0,136.96095075635318,254.19653321845595,1.0,219.71699621340144,226.3706680220371,1.0,101.67459795777712,276.66204464661934,1.0,253.5198377657896,222.0066384455776,1.0,71.69055638928778,297.0853976512008,1.0,150.39472559560062,316.8727828389063,1.0,131.72377600888794,321.40826174724754,1.0,185.37693141241144,361.5113587294806,1.0,168.92718505607,364.43033830038365,1.0,233.79008016498804,396.16220676347706,1.0,136.44386929392024,421.6210592031656,1.0,257.5946815655666,378.7492897565992,1.0,251.24034070958385,379.328676185236,1.0,236.56436906731625,409.4982078242688,1.0,162.24144470968105,438.8612210443312,1.0,155.91990287390098,439.263949307894,1.0,125.41349868075817,434.4569270307291,1.0,1.0,3.0166666666666666,189.9882698585253,224.93510134207168,False,185.3433444058919,235.0485903524009,False,136.96095075635318,254.19653321845595,False,219.71699621340144,226.3706680220371,False,101.67459795777712,276.66204464661934,False,253.5198377657896,222.0066384455776,False,71.69055638928778,297.0853976512008,False,150.39472559560062,316.8727828389063,False,131.72377600888794,321.40826174724754,False,185.37693141241144,361.5113587294806,False,168.92718505607,364.43033830038365,False,233.79008016498804,396.16220676347706,False,136.44386929392024,421.6210592031656,False,True,178.22302185276683,163.67748473947992,109.55252973956748,41.83092035270699,36.27886570347321,78.1097860561802,0.9146055642387184,0.932973065291762,0.9379602234997444,0.8672739064208876,True,True,True,True,0.063755917189809,False,0.0330832460644368,False,True,178.22302185276683,valid,0.7695045553163169,-5.318928056412403,5.374303018061374,322.4581810836836,323.8156418231156,151.1056991916834,281.8815420392527,72.485332034106,-79.41514280239564,15.203855611948143,4.215870282235718,252.952216934144,290.84735795321126,166.00795370242898,1.4851871861808175,1.165054612799931,1.339593145737409,False
182,182,3.033333333333333,3.033333333333333,Sports2D_HALPE26_postprocessed,190.88133781655347,224.04475700314856,1.0,184.2440846551484,234.1530750110117,1.0,137.40202687275357,252.59723569922056,1.0,217.35042048043675,221.3995854538841,1.0,102.79538645247568,273.90960531156605,1.0,252.5593593616479,214.14006370380747,1.0,73.94816167387148,291.9791794272508,1.0,150.80632707633677,316.6812747725596,1.0,132.55866371656575,321.12525199060224,1.0,184.54745730932524,360.7120309681235,1.0,169.5108349918545,366.2649264834024,1.0,227.3983268598739,395.6828309774742,1.0,137.2861266880816,421.3628986958659,1.0,254.8430355078099,379.6319465263098,1.0,250.2484321629526,381.3534766366942,1.0,230.48775636488853,409.6520315811503,1.0,161.92560340164803,438.8830756022104,1.0,156.28588513301568,439.5240562381156,1.0,125.95798991933287,434.4241138034304,1.0,1.0,3.033333333333333,190.88133781655347,224.04475700314856,False,184.2440846551484,234.1530750110117,False,137.40202687275357,252.59723569922056,False,217.35042048043675,221.3995854538841,False,102.79538645247568,273.90960531156605,False,252.5593593616479,214.14006370380747,False,73.94816167387148,291.9791794272508,False,150.80632707633677,316.6812747725596,False,132.55866371656575,321.12525199060224,False,184.54745730932524,360.7120309681235,False,169.5108349918545,366.2649264834024,False,227.3983268598739,395.6828309774742,False,137.2861266880816,421.3628986958659,False,True,179.5641209014745,166.6812916576332,110.37386867860442,40.64279345310357,34.03926976522177,74.68206321832534,0.8886279509269267,0.8753780262240057,0.896799341599785,0.8375228883934516,True,True,True,True,1.3410990487076615,False,0.029751018027436,False,True,179.5641209014745,valid,2.257605284583704,-5.106218223950009,5.583031987332641,334.9819192399596,334.9819192399596,151.25277558020113,281.13920936834853,45.40574115752297,-77.30461390632965,10.839970058902281,4.847455965886837,290.84735795321126,257.2972138745331,166.54381005598052,1.5428693804122544,1.339593145737409,1.1850669249644843,False
183,183,3.05,3.05,Sports2D_HALPE26_postprocessed,191.23375716070487,223.70538808552985,1.0,184.5373497665973,231.588044495681,1.0,137.9864072188952,251.39091153181027,1.0,216.4822938992405,216.80934517034848,1.0,104.0227656550925,270.7476780388008,1.0,246.83914541528924,209.24963969175755,1.0,77.65787454448815,287.69256761514,1.0,151.9326620061799,316.90336353878035,1.0,135.3435961099636,321.42876144704667,1.0,183.61033433823903,358.51915788116224,1.0,169.46219331454753,369.28360446322426,1.0,220.7705535150814,397.9782041580981,1.0,137.93512621325723,421.2623348083921,1.0,247.82598863628644,384.23528630331816,1.0,243.8568111414718,385.4683688967934,1.0,223.86569767781324,412.8929095010976,1.0,161.8098520646492,438.35595852085606,1.0,156.04126173248318,439.35388499091977,1.0,126.7754957778816,433.9236175305611,1.0,1.0,3.05,191.23375716070487,223.70538808552985,False,184.5373497665973,231.588044495681,False,137.9864072188952,251.39091153181027,False,216.4822938992405,216.80934517034848,False,104.0227656550925,270.7476780388008,False,246.83914541528924,209.24963969175755,False,77.65787454448815,287.69256761514,False,151.9326620061799,316.90336353878035,False,135.3435961099636,321.42876144704667,False,183.61033433823903,358.51915788116224,False,169.46219331454753,369.28360446322426,False,220.7705535150814,397.9782041580981,False,137.93512621325723,421.2623348083921,False,True,176.95082246112312,173.99669927477242,113.27424676525264,39.0923695608314,31.34065675808904,70.43302631892044,0.8547289521278478,0.8059785783504244,0.8457759321007758,0.8017077785300282,True,True,True,True,2.613298440351372,False,0.0358151098634234,False,True,176.95082246112312,valid,3.70971287061667,-4.286611812110834,5.668951438330294,340.1370862998188,340.1370862998188,152.450003775409,280.32777025332956,86.77810576188213,-74.79212923092084,7.364797361810417,4.288286897908869,257.2972138745331,290.84735795321126,169.10128894689905,1.5666131974684492,1.1850669249644843,1.339593145737409,False
184,184,3.0666666666666664,3.0666666666666664,Sports2D_HALPE26_postprocessed,191.8916845567064,220.5708333163072,1.0,183.84966880557351,230.8279755652489,1.0,138.71460643763174,249.8990263099377,1.0,212.3140168814305,209.19911570736065,1.0,105.28102745335642,267.82707878148545,1.0,242.8658325289248,202.7619620132871,1.0,81.56564695983754,281.63224066333413,1.0,153.13537683136929,318.4400613473815,1.0,139.2395108893563,321.31830845777085,1.0,182.19910469492555,355.11071486633307,1.0,168.71758667730333,372.08417838667606,1.0,217.9822108960371,401.3498511603126,1.0,138.70737367626612,421.0347507950187,1.0,239.08962236622125,390.7779756497505,1.0,236.3993720964884,389.93362332855344,1.0,216.2722154478048,420.3783256845941,1.0,161.84379458092832,437.7526240457828,1.0,157.18813009632282,439.3743918243782,1.0,127.91299026906783,432.8430107908555,1.0,1.0,3.0666666666666664,191.8916845567064,220.5708333163072,False,183.84966880557351,230.8279755652489,False,138.71460643763174,249.8990263099377,False,212.3140168814305,209.19911570736065,False,105.28102745335642,267.82707878148545,False,242.8658325289248,202.7619620132871,False,81.56564695983754,281.63224066333413,False,153.13537683136929,318.4400613473815,False,139.2395108893563,321.31830845777085,False,182.19910469492555,355.11071486633307,False,168.71758667730333,372.08417838667606,False,217.9822108960371,401.3498511603126,False,138.70737367626612,421.0347507950187,False,True,177.99702014671877,179.3362634285392,118.34638477014288,37.93704349472091,27.440877656088617,65.37792115080953,0.8294685074695628,0.705689090457043,0.7850730699794313,0.7233267310328788,True,True,True,True,1.0461976855956436,False,0.0783810474971493,False,True,177.99702014671877,valid,3.9077724153493847,-6.060326951805848,7.210981071459689,432.6588642875829,340.1370862998188,153.7347907409827,280.12134292008477,78.07588133954852,-72.16914378114517,1.5108977432493589,6.414685761120663,384.8811456672411,325.70101845104267,171.6788079738809,1.9927526697196827,1.7726966759737242,1.5001231400111223,False
185,185,3.083333333333333,3.083333333333333,Sports2D_HALPE26_postprocessed,190.7776736287767,217.80466060725504,1.0,179.71295348072732,234.703172124548,1.0,139.74806348916124,248.202001091285,1.0,208.2526154602803,204.29182662117853,1.0,107.34278484625406,266.3697969604257,1.0,241.55033021499804,200.13281342869524,1.0,85.18456975848937,277.578317114788,1.0,151.9844315481133,316.6960823562834,1.0,142.55967047563288,319.96586794680826,1.0,181.313668504822,351.9295399246792,1.0,167.88275066562332,374.9437613866784,1.0,205.8938880108004,405.93469340942346,1.0,140.9127609705929,418.9690156868416,1.0,227.947131064536,400.3688796873614,1.0,224.78112297253185,400.2513941736774,1.0,207.4585572670286,423.0728957030106,1.0,162.29286752561532,437.8587148301618,1.0,158.22958526201296,439.50789113762033,1.0,129.01027078089626,429.8143741985025,1.0,1.0,3.083333333333333,190.7776736287767,217.80466060725504,False,179.71295348072732,234.703172124548,False,139.74806348916124,248.202001091285,False,208.2526154602803,204.29182662117853,False,107.34278484625406,266.3697969604257,False,241.55033021499804,200.13281342869524,False,85.18456975848937,277.578317114788,False,151.9844315481133,316.6960823562834,False,142.55967047563288,319.96586794680826,False,181.313668504822,351.9295399246792,False,167.88275066562332,374.9437613866784,False,205.8938880108004,405.93469340942346,False,140.9127609705929,418.9690156868416,False,True,177.55526007519785,164.69758819627023,123.77722876643502,37.150651281871504,24.831782455683456,61.98243373755496,0.8122745588908168,0.6385917460511791,0.7442992784504653,0.6684077290402896,True,True,True,True,0.4417600715209175,False,0.0549190019925892,False,True,177.55526007519785,valid,3.6189227986518375,-4.053923548546152,5.43423392577639,326.05403554658454,432.6588642875829,153.50127974840868,279.8917808797312,19.64723925866303,-68.3167099899193,-2.313463764943208,5.428350307517358,325.70101845104267,384.8811456672411,171.54502479995435,1.5017490763264596,1.5001231400111223,1.7726966759737242,False
186,186,3.1,3.1,Sports2D_HALPE26_postprocessed,189.8224995832318,217.02213051530424,1.0,178.2766086394805,234.97888504025272,1.0,140.34708760242535,247.47562062152195,1.0,203.6143027444268,199.46495994222133,1.0,110.85961042493976,265.3668157220267,1.0,238.09117720088545,198.9010638855401,1.0,91.67355257394657,273.21479551440217,1.0,150.86785342158987,315.73927152955457,1.0,146.3440744016755,318.3501186143657,1.0,181.8059774213345,357.0711512779287,1.0,167.52320853841886,377.3802569608393,1.0,200.8058189888299,413.47548377281873,1.0,144.2552102673786,416.34382166017787,1.0,216.54202660621328,413.97563423792496,1.0,213.19935965783,411.4815041908568,1.0,200.9780482669318,427.79696662627305,1.0,163.14333468544856,437.98230021244194,1.0,158.90340512115984,439.2313572454034,1.0,131.8215113047069,426.3463207770951,1.0,1.0,3.1,189.8224995832318,217.02213051530424,False,178.2766086394805,234.97888504025272,False,140.34708760242535,247.47562062152195,False,203.6143027444268,199.46495994222133,False,110.85961042493976,265.3668157220267,False,238.09117720088545,198.9010638855401,False,91.67355257394657,273.21479551440217,False,150.86785342158987,315.73927152955457,False,146.3440744016755,318.3501186143657,False,181.8059774213345,357.0711512779287,False,167.52320853841886,377.3802569608393,False,200.8058189888299,413.47548377281873,False,144.2552102673786,416.34382166017787,False,True,171.00000704553543,161.80020581584506,129.41825100094317,34.490667903319256,20.729100382872183,55.21976828619144,0.7541157716039634,0.5330842613168412,0.6630916408613332,0.6010060588266338,True,True,True,True,6.555253029662424,False,0.0674016702136557,False,True,171.00000704553543,valid,6.488982815457192,-4.363521600385809,7.819668710139342,469.1801226083497,469.1801226083497,153.9589060162928,279.13597395142375,53.0131803438172,-62.28535344234622,-5.921178437021581,7.028005902038092,421.6803541222758,421.6803541222758,174.18469845038786,2.160963334119374,1.942187531114505,1.942187531114505,False
187,187,3.1166666666666667,3.1166666666666667,Sports2D_HALPE26_postprocessed,187.7596962162669,214.5383824709824,1.0,174.80791966240008,233.12176768888875,1.0,142.1450149364059,246.1940545786653,1.0,190.70955051533937,199.82737023651973,1.0,118.1309387977926,263.32514110248223,1.0,225.7521392817373,198.12986826420675,1.0,99.22173273536092,263.81700056474426,1.0,150.63977817246231,315.5885225434944,1.0,148.34878048874572,317.2729252140272,1.0,181.66151695619465,369.90026383672335,1.0,167.13914179565757,378.5258389483672,1.0,192.881216578589,421.60316358415696,1.0,147.26735569948926,414.2135704181149,1.0,196.9793858451424,436.373121163721,1.0,201.90808701109907,432.0864815869252,1.0,191.45416884356928,433.1699991523929,1.0,163.01215505356126,438.5296250909289,1.0,159.43290407020186,438.4114457831315,1.0,136.56489986418595,423.8156427850781,1.0,1.0,3.1166666666666667,187.7596962162669,214.5383824709824,False,174.80791966240008,233.12176768888875,False,142.1450149364059,246.1940545786653,False,190.70955051533937,199.82737023651973,False,118.1309387977926,263.32514110248223,False,225.7521392817373,198.12986826420675,False,99.22173273536092,263.81700056474426,False,150.63977817246231,315.5885225434944,False,148.34878048874572,317.2729252140272,False,181.66151695619465,369.90026383672335,False,167.13914179565757,378.5258389483672,False,192.881216578589,421.60316358415696,False,147.26735569948926,414.2135704181149,False,True,145.98683888458385,162.50943325225956,133.835613415272,29.498304667855383,18.915602016381072,48.41390668423646,0.6449610325889853,0.4864470498969473,0.5813652939899359,0.6412436995741523,True,True,True,True,25.01316816095158,True,0.0402376407475184,False,False,,angle_jump,7.548180161414351,-9.397794949657907,12.053778397871136,723.2267038722707,723.2267038722707,153.9853733150035,278.0443175062689,65.51863493493329,-54.76364057964258,-14.227316941524634,11.205717346290221,672.3430407774157,672.3430407774157,178.62736189833373,3.3310584016974594,3.09669695935338,3.09669695935338,False
188,188,3.1333333333333333,3.1333333333333333,Sports2D_HALPE26_postprocessed,186.0022986030232,209.73444196801583,1.0,161.87326304413068,238.52899006007985,1.0,143.26845333674393,247.2629193566601,1.0,145.5490146517078,257.1769973259085,1.0,117.42907599657292,266.65991228675244,1.0,109.76753570427098,246.5294115491956,1.0,107.47015180865982,254.48411162874257,1.0,150.60734040515192,315.77846450035463,1.0,157.48706654354675,317.3972775209329,1.0,179.47482593964986,373.6272251162901,1.0,167.38760510941964,378.1731153944722,1.0,185.70647881161548,423.0619371205732,1.0,151.9490812969108,413.4089558488539,1.0,192.92644670214955,439.2969778468831,1.0,192.21275929608169,433.59394527912616,1.0,181.1224967878776,434.1067130394907,1.0,163.0298827899479,439.5477538430733,1.0,159.32498271422847,437.7375525076467,1.0,140.84478103347118,421.1019317660551,1.0,1.0,3.1333333333333333,186.0022986030232,209.73444196801583,False,161.87326304413068,238.52899006007985,False,143.26845333674393,247.2629193566601,False,145.5490146517078,257.1769973259085,False,117.42907599657292,266.65991228675244,False,109.76753570427098,246.5294115491956,False,107.47015180865982,254.48411162874257,False,150.60734040515192,315.77846450035463,False,157.48706654354675,317.3972775209329,False,179.47482593964986,373.6272251162901,False,167.38760510941964,378.1731153944722,False,185.70647881161548,423.0619371205732,False,151.9490812969108,413.4089558488539,False,True,92.38601559053774,160.66475580599388,147.08709659362282,32.30970064946124,15.729917121339016,48.039617770800255,0.7064303568681173,0.4045217155749178,0.5768707468835388,0.4868481231688945,True,True,False,True,53.60082329404611,True,0.1543955764052578,False,False,,short_forearm|angle_jump,8.248419073298905,-9.332888936001694,12.455490078696382,747.3294047217855,747.3294047217855,153.30903083239332,279.7419128595069,109.64200332731467,-45.8388790237335,-25.25780123076433,14.18883196337868,851.3299178027238,685.6668982665345,176.09152417102018,3.4420713160969205,3.9210798773464637,3.1580643662736687,False
189,189,3.15,3.15,Sports2D_HALPE26_postprocessed,181.204759501002,205.291039947642,1.0,162.44368674829002,237.2745270593562,1.0,146.90570216941208,246.90241121448497,1.0,163.38114988623667,258.5410635084538,1.0,116.96557604828892,268.0838900043716,1.0,115.18955332192502,239.13537987006785,1.0,114.00403181948138,243.10304068625592,1.0,151.5631466972175,315.9376241956237,1.0,165.09226580383208,317.0418996526212,1.0,175.96991541103614,376.2288371390501,1.0,171.5788531600909,378.6899978902181,1.0,182.3056693294232,422.3453260083138,1.0,155.582152978753,414.12203729385,1.0,196.2592799504288,438.5025669158127,1.0,195.26952897965475,432.5481290974733,1.0,179.2575285972577,433.9046988625738,1.0,162.33098342944388,439.2445420704088,1.0,158.81802641848316,438.1598412573089,1.0,141.86479313938335,420.2609818377935,1.0,1.0,3.15,181.204759501002,205.291039947642,False,162.44368674829002,237.2745270593562,False,146.90570216941208,246.90241121448497,False,163.38114988623667,258.5410635084538,False,116.96557604828892,268.0838900043716,False,115.18955332192502,239.13537987006785,False,114.00403181948138,243.10304068625592,False,151.5631466972175,315.9376241956237,False,165.09226580383208,317.0418996526212,False,175.96991541103614,376.2288371390501,False,171.5788531600909,378.6899978902181,False,182.3056693294232,422.3453260083138,False,155.582152978753,414.12203729385,False,True,61.483079073146094,165.7838329950409,149.6954499165989,36.6751441152612,25.15578615097496,61.83093026623615,0.801877907400718,0.6469240550939348,0.7424799900233153,0.6859083108689729,True,True,True,True,30.902936517391645,True,0.1990601877000783,False,False,,angle_jump,6.533880010821562,-11.381070942486645,13.123275650298877,787.3965390179354,749.9721247715845,156.5012003546879,279.28911553052154,193.44740383042148,-42.49716853520653,-36.18607484426562,11.427781637775535,685.6668982665345,763.5787382170183,176.7222296055442,3.6266136782836766,3.1580643662736687,3.516912964741076,False
190,190,3.1666666666666665,3.1666666666666665,Sports2D_HALPE26_postprocessed,178.4080068069428,204.30830940643423,1.0,148.10085561969532,236.6974080955957,1.0,154.70402434920166,246.4099589549236,1.0,144.50759560480176,256.8787566278951,1.0,124.3365726019731,268.4579201967806,1.0,128.56370940710366,232.4993513080585,1.0,122.23092539194326,233.69258864160264,1.0,149.55794058779793,316.23730038243013,1.0,171.7596557450867,317.3318930392604,1.0,173.48915212891865,377.6154829186256,1.0,174.45614907555566,379.6180260809013,1.0,182.47341325484,422.2314160131913,1.0,156.7849369084633,413.0488133719322,1.0,189.96094479219065,436.1986679968131,1.0,187.60129017737287,432.4623250007224,1.0,181.7505173736061,434.02688758482407,1.0,158.43326169576437,440.6709619145077,1.0,157.75347001232834,437.8428182737168,1.0,147.21111020779475,419.68830845601536,1.0,1.0,3.1666666666666665,178.4080068069428,204.30830940643423,False,148.10085561969532,236.6974080955957,False,154.70402434920166,246.4099589549236,False,144.50759560480176,256.8787566278951,False,124.3365726019731,268.4579201967806,False,128.56370940710366,232.4993513080585,False,122.23092539194326,233.69258864160264,False,149.55794058779793,316.23730038243013,False,171.7596557450867,317.3318930392604,False,173.48915212891865,377.6154829186256,False,174.45614907555566,379.6180260809013,False,182.47341325484,422.2314160131913,False,156.7849369084633,413.0488133719322,False,True,57.48490321404029,170.08463248751158,149.66057142694805,37.52725303752838,34.82904001425476,72.35629305178314,0.8205087086135963,0.8956883186168024,0.8688709600823918,0.9280999059383502,True,True,True,True,3.998175859105807,False,0.2421915950693773,False,True,57.48490321404029,valid,8.226893572461876,-9.410452044653283,12.499535412859698,749.9721247715845,749.9721247715845,156.0306190754454,279.1691401180525,29.138068293802334,-33.79969368350214,-45.476551476449856,12.726312303616927,763.5787382170183,685.6668982665345,177.0272439867396,3.4542432322859717,3.516912964741076,3.1580643662736687,False
191,191,3.183333333333333,3.183333333333333,Sports2D_HALPE26_postprocessed,175.15407298037934,203.31371667808835,1.0,140.10932090346478,235.4705463070564,1.0,167.9929483372245,246.8355119445412,1.0,167.60420412807167,241.93006119285448,1.0,139.0424764461325,266.6587095858899,1.0,180.8075364097577,226.270458791376,1.0,130.83031221319317,230.48893368431632,1.0,146.84833035855402,318.85202097655656,1.0,175.93754063815987,319.91817558351363,1.0,167.55663195715212,381.31709785584144,1.0,177.3296951176091,378.27478338235846,1.0,182.6115639961651,423.433050860433,1.0,157.05541237062292,411.2552768868085,1.0,191.05531800422324,433.4138532930607,1.0,184.3973747450088,435.038169221352,1.0,183.2006883886412,434.2426432919317,1.0,155.4823274214993,441.3544299536012,1.0,156.816878032059,438.22631699687577,1.0,148.0253865692104,415.6621961327252,1.0,1.0,3.183333333333333,175.15407298037934,203.31371667808835,False,140.10932090346478,235.4705463070564,False,167.9929483372245,246.8355119445412,False,167.60420412807167,241.93006119285448,False,139.0424764461325,266.6587095858899,False,180.8075364097577,226.270458791376,False,130.83031221319317,230.48893368431632,False,146.84833035855402,318.85202097655656,False,175.93754063815987,319.91817558351363,False,167.55663195715212,381.31709785584144,False,177.3296951176091,378.27478338235846,False,182.6115639961651,423.433050860433,False,157.05541237062292,411.2552768868085,False,True,68.3913213481347,178.67115650838278,147.0528900078247,35.086877710119495,37.09032663861049,72.17720434872999,0.7671515069441232,0.9538411707669304,0.8667204218665888,1.0570996640123718,True,True,True,True,10.906418134094409,False,0.1289997580740215,False,True,68.3913213481347,valid,8.599386821249908,-3.203654957286318,9.17675644151199,550.6053864907213,749.9721247715845,157.7220350593508,280.2690637029169,121.05615111734724,-26.89172284615762,-49.7801300186006,8.138848159172323,488.3308895503411,763.5787382170183,176.89657613338434,2.5359941618163964,2.249168488574424,3.516912964741076,False
192,192,3.2,3.2,Sports2D_HALPE26_postprocessed,169.35963008805567,202.4344620997564,1.0,133.24073583948086,236.38324675221344,1.0,172.29005863596478,245.8143018289157,1.0,161.3904831152065,256.013152318546,1.0,177.2494809682666,252.51033427085804,1.0,168.4500575487438,228.51576672370228,1.0,155.18985370534156,242.02221193059432,1.0,147.57904441856866,316.869582711388,1.0,179.2566320747579,323.4525165213328,1.0,163.36200145639424,380.68951295232864,1.0,179.03098552055047,378.6399534380396,1.0,182.00763945478968,423.3679948159034,1.0,159.21904775362492,409.416077846409,1.0,191.07815269311908,434.1494892453644,1.0,182.95463740268667,436.79854134603374,1.0,183.67536640455384,434.2577912182758,1.0,150.68091705563847,441.47352844720416,1.0,155.08958236491026,438.3394139590801,1.0,150.18107886789213,414.81295648273993,1.0,1.0,3.2,169.35963008805567,202.4344620997564,False,133.24073583948086,236.38324675221344,False,172.29005863596478,245.8143018289157,False,161.3904831152065,256.013152318546,False,177.2494809682666,252.51033427085804,False,168.4500575487438,228.51576672370228,False,155.18985370534156,242.02221193059432,False,147.57904441856866,316.869582711388,False,179.2566320747579,323.4525165213328,False,163.36200145639424,380.68951295232864,False,179.03098552055047,378.6399534380396,False,182.00763945478968,423.3679948159034,False,159.21904775362492,409.416077846409,False,True,28.045988052537115,170.2909455353159,147.4631095662114,8.332629856994632,24.4259670269884,32.75859688398303,0.1821874720348052,0.6281555083929528,0.3933727437524792,2.9313635006221457,True,False,True,False,40.345333295597584,False,1.874263836609774,False,False,,short_upper_arm|short_total_arm,24.359541492148395,11.533278246278002,26.951878762226738,1617.112725733567,741.3586108215648,158.09161774219305,280.6299119534625,30.991775518083198,-2.901764036851489,-38.60770002286819,26.463962584649835,1587.8377550789535,802.4630315750234,176.19953719102793,7.448144409913858,7.313308906141144,3.6960073640362756,False
193,193,3.216666666666667,3.216666666666667,Sports2D_HALPE26_postprocessed,161.94192549187977,205.0532938420332,1.0,129.089644399731,243.3596269313686,1.0,174.81752708665016,242.331517405522,1.0,119.34720609539006,265.5826625326207,1.0,172.4077404535524,246.69431849624368,1.0,138.97491547040173,252.66587847217627,1.0,146.89636360167506,232.8631625397116,1.0,148.5736400735518,319.93514732275474,1.0,182.9189886095663,319.6401305034552,1.0,163.01781924802216,378.5682450000444,1.0,182.07935865196887,377.6016236114321,1.0,182.7029288428725,424.3211871089927,1.0,161.59947710199006,407.55214824282416,1.0,190.93689780380285,431.9712357332313,1.0,182.52165910689484,433.4013607641693,1.0,184.5282509724956,434.2649237738877,1.0,150.54136018777598,440.1306612422448,1.0,154.91452603926737,437.1181972656635,1.0,152.25833283713968,410.9723947983928,1.0,1.0,3.216666666666667,161.94192549187977,205.0532938420332,False,129.089644399731,243.3596269313686,False,174.81752708665016,242.331517405522,False,119.34720609539006,265.5826625326207,False,172.4077404535524,246.69431849624368,False,138.97491547040173,252.66587847217627,False,146.89636360167506,232.8631625397116,False,148.5736400735518,319.93514732275474,False,182.9189886095663,319.6401305034552,False,163.01781924802216,378.5682450000444,False,182.07935865196887,377.6016236114321,False,182.7029288428725,424.3211871089927,False,161.59947710199006,407.55214824282416,False,True,90.44938145258732,170.55947602328115,146.46598228496157,4.984085169242091,29.01949730736933,34.00358247661143,0.1089737445409445,0.746285994092985,0.4083228162552486,5.822432065658743,True,False,True,False,62.403393400050206,False,2.8910685650365977,True,False,,short_upper_arm|short_total_arm|arm_ratio_jump,-8.2934901036665,-9.159049390882728,12.355976847026035,741.3586108215648,1232.6904319443854,158.84995004237481,281.31660554077513,61.38255010407173,-11.953586440699752,-48.45344300106353,13.374383859583675,802.4630315750234,1202.5224263317764,174.26551892360303,3.4145708614266974,3.6960073640362756,5.538612457221326,False
194,194,3.2333333333333334,3.2333333333333334,Sports2D_HALPE26_postprocessed,145.5432113368659,203.86649021193148,1.0,125.65295952231033,245.7316541343963,1.0,179.67423951769854,232.9639026023361,1.0,115.17689083490636,281.78255911152627,1.0,197.6351759320612,221.0528959595523,1.0,137.12364980695656,259.81132479558704,1.0,167.37582477067792,231.225437675972,1.0,149.6507949631962,320.55736320030894,1.0,182.1797887945156,318.30905358380943,1.0,163.3484686634147,376.5297073509382,1.0,183.76410804248505,377.9721394576802,1.0,183.47602325107923,426.85158263904606,1.0,163.65872067353396,405.6980824776161,1.0,191.2664545297123,432.3137852831927,1.0,182.37542953154525,431.86968151145766,1.0,185.5673186428305,434.4359668163346,1.0,150.47770308316586,439.6744823835619,1.0,156.02648660463657,437.2234987025948,1.0,156.71441350643644,406.95154945463577,1.0,1.0,3.2333333333333334,145.5432113368659,203.86649021193148,False,125.65295952231033,245.7316541343963,False,179.67423951769854,232.9639026023361,False,115.17689083490636,281.78255911152627,False,197.6351759320612,221.0528959595523,False,137.12364980695656,259.81132479558704,False,167.37582477067792,231.225437675972,False,149.6507949631962,320.55736320030894,False,182.1797887945156,318.30905358380943,False,163.3484686634147,376.5297073509382,False,183.76410804248505,377.9721394576802,False,183.47602325107923,426.85158263904606,False,163.65872067353396,405.6980824776161,False,True,14.96928164938495,171.95104679006653,142.53126450707842,21.55150380194428,31.923485675599498,53.47498947754377,0.4712094577114551,0.820967020551316,0.6421399368054584,1.481264879192305,True,True,True,True,75.48009980320236,False,4.341167186466438,True,False,,arm_ratio_jump,20.47946116900286,-1.6377248637396065,20.54484053240635,1232.6904319443854,1232.6904319443854,159.28944569943016,279.3904933802127,118.53704971650414,8.086379071247762,-48.16505570424073,20.04204043886287,1202.5224263317764,1202.5224263317764,178.15765548148164,5.6775611271477695,5.538612457221326,5.538612457221326,False
195,195,3.25,3.25,Sports2D_HALPE26_postprocessed,142.24200293760268,202.45285706532263,1.0,121.94844197336788,252.29781830248368,1.0,184.01421560921625,229.29836037173447,1.0,113.74629981163658,288.91926151588245,1.0,213.90968958025576,207.3516204556235,1.0,127.30274840674272,261.33716066699657,1.0,235.96232754122207,216.1663435015922,1.0,151.1303415774217,317.615078726043,1.0,183.2300904301955,311.82978223700087,1.0,164.92434981678588,375.71939532742897,1.0,186.9288085117289,376.56004953148215,1.0,183.584270920458,426.874764733852,1.0,168.1804648598736,402.8283540960614,1.0,190.43373016203785,431.1999827741911,1.0,184.56952135604865,430.2885710850022,1.0,186.1074455390672,433.9820730954399,1.0,153.90534918666486,436.4322038077305,1.0,159.12262607651226,435.993522423528,1.0,161.5986663786787,401.8010821453847,1.0,1.0,3.25,142.24200293760268,202.45285706532263,False,121.94844197336788,252.29781830248368,False,184.01421560921625,229.29836037173447,False,113.74629981163658,288.91926151588245,False,213.90968958025576,207.3516204556235,False,127.30274840674272,261.33716066699657,False,235.96232754122207,216.1663435015922,False,151.1303415774217,317.615078726043,False,183.2300904301955,311.82978223700087,False,164.92434981678588,375.71939532742897,False,186.9288085117289,376.56004953148215,False,183.584270920458,426.874764733852,False,168.1804648598736,402.8283540960614,False,True,121.92979367491412,173.31440548864694,141.21325200966984,37.08636888263017,23.74906700092835,60.83543588355852,0.810869066505447,0.6107478667822379,0.7305258651842398,0.6403718594313907,True,True,True,True,106.96051202552916,False,0.8408930197609144,True,False,,arm_ratio_jump,68.58650277054414,-15.059094174379794,70.22025832796899,4213.215499678155,2379.3052337705267,160.08077239755033,277.7602599093155,108.72852802300356,75.88155514367173,-61.5939164077233,69.11237370026085,4146.742422015665,2246.3511660139234,175.55360445729485,19.405349405963733,19.099185788596213,10.346308957688999,False
196,196,3.2666666666666666,3.2666666666666666,Sports2D_HALPE26_postprocessed,137.4831303574742,204.4804953282202,1.0,122.69680155143976,253.7165035213279,1.0,181.12954972821328,223.915147311299,1.0,113.06886646876129,293.68294454220296,1.0,215.7883924411317,200.4334449170448,1.0,121.4517733131444,259.2213674105843,1.0,236.32163203304447,176.51288408804172,1.0,152.0921462625083,315.2435734341896,1.0,183.84469142279968,309.2954049873335,1.0,164.98668512707297,376.2108479684873,1.0,188.7207928060948,378.8532874298321,1.0,183.49547112106728,426.9787468500625,1.0,170.52570455729114,403.862724056157,1.0,190.42682235388128,434.0602062096266,1.0,184.1890172268416,430.305146495982,1.0,186.62941192663004,434.6930634559551,1.0,155.26781341923612,436.4679104939364,1.0,159.06554235607436,435.4856360213773,1.0,164.43908132419116,403.9151537703634,1.0,1.0,3.2666666666666666,137.4831303574742,204.4804953282202,False,122.69680155143976,253.7165035213279,False,181.12954972821328,223.915147311299,False,113.06886646876129,293.68294454220296,False,215.7883924411317,200.4334449170448,False,121.4517733131444,259.2213674105843,False,236.32163203304447,176.51288408804172,False,152.0921462625083,315.2435734341896,False,183.84469142279968,309.2954049873335,False,164.98668512707297,376.2108479684873,False,188.7207928060948,378.8532874298321,False,183.49547112106728,426.9787468500625,False,170.52570455729114,403.862724056157,False,True,164.76057850331446,171.9113619747271,139.95307588818784,41.86437298624143,31.524707112246592,73.38908009848802,0.9153369840714896,0.8107117479177951,0.8812729037832516,0.7530199275313898,True,True,True,True,42.83078482840034,False,0.112648068099999,False,True,164.76057850331446,valid,0.35930449182239954,-39.65345941355048,39.65508722950864,2379.3052337705267,4213.215499678155,159.94079724124026,275.54265731353746,133.32094937356214,76.3808347918042,-99.02977322549575,37.43918610023192,2246.3511660139234,4146.742422015665,178.37929910224764,10.958672635729714,10.346308957688999,19.099185788596213,False
197,197,3.283333333333333,3.283333333333333,Sports2D_HALPE26_postprocessed,136.56109757479854,205.2064348314574,1.0,123.91629623808136,251.70308397643072,1.0,181.2631358929475,221.97558290378595,1.0,112.14495180266408,295.5945130459098,1.0,217.4088145430834,195.87538205628533,1.0,116.99230726273731,265.3089467056391,1.0,160.6218636801613,165.14976959405908,1.0,153.5269437215909,312.19133508484447,1.0,185.09939215854337,307.3855655990885,1.0,164.8602830137009,374.8528642670997,1.0,191.53272585848853,379.0487180319043,1.0,183.3651509908781,426.5126696393705,1.0,174.56052198607418,401.22855541673874,1.0,190.5747458157573,433.7810928068972,1.0,185.54895315919867,431.8231122658722,1.0,187.13912975345573,435.0623811069853,1.0,158.46934132818967,432.87872621027606,1.0,162.6481322817037,430.2405891876869,1.0,168.02884091872602,403.84031535743856,1.0,1.0,3.283333333333333,136.56109757479854,205.2064348314574,False,123.91629623808136,251.70308397643072,False,181.2631358929475,221.97558290378595,False,112.14495180266408,295.5945130459098,False,217.4088145430834,195.87538205628533,False,116.99230726273731,265.3089467056391,False,160.6218636801613,165.14976959405908,False,153.5269437215909,312.19133508484447,False,185.09939215854337,307.3855655990885,False,164.8602830137009,374.8528642670997,False,191.53272585848853,379.0487180319043,False,183.3651509908781,426.5126696393705,False,174.56052198607418,401.22855541673874,False,True,64.24884203080099,170.54418243382952,137.4466728016568,44.58397211284299,64.56640805780387,109.15038017064686,0.9747992304843296,1.6604355861876068,1.310702796014656,1.4481977490562057,True,True,True,True,100.51173647251348,False,0.6951778215248159,False,True,64.24884203080099,valid,-75.69976835288315,-11.363114493982636,76.54786280284726,4592.871768170852,2379.3052337705267,160.95144200279077,273.31389189103743,146.83212629834313,-0.32957832262945885,-108.16412229697835,77.25233856102203,4635.140313661338,2246.3511660139234,178.9849581846429,21.153981192025462,21.348662877352833,10.346308957688999,False
198,198,3.3,3.3,Sports2D_HALPE26_postprocessed,133.66310026494764,206.69584258402352,1.0,124.85644613200492,247.6622698984605,1.0,182.2922025348728,220.2706934308236,1.0,113.1179154830716,294.64079338160934,1.0,217.30319454149145,194.3598059227634,1.0,115.7269523436391,266.2711810197986,1.0,162.33760167471894,158.39957458584345,1.0,154.9221634814759,311.1988438068439,1.0,186.32877649584225,306.712525958722,1.0,166.04361074052073,374.5806119443091,1.0,193.3235419349133,377.6281450495964,1.0,183.30319108469428,425.8596876531456,1.0,178.54490998729136,398.766204207342,1.0,190.7731157733906,434.80124984664246,1.0,185.82329675848,432.2980769921326,1.0,187.06937244324587,435.0715849210055,1.0,162.75630209218102,432.54773078250753,1.0,167.4290816081993,429.80679838706016,1.0,172.50581458984217,403.98018740966455,1.0,1.0,3.3,133.66310026494764,206.69584258402352,False,124.85644613200492,247.6622698984605,False,182.2922025348728,220.2706934308236,False,113.1179154830716,294.64079338160934,False,217.30319454149145,194.3598059227634,False,115.7269523436391,266.2711810197986,False,162.33760167471894,158.39957458584345,False,154.9221634814759,311.1988438068439,False,186.32877649584225,306.712525958722,False,166.04361074052073,374.5806119443091,False,193.3235419349133,377.6281450495964,False,183.30319108469428,425.8596876531456,False,178.54490998729136,398.766204207342,False,True,69.69833469994546,171.3499662928389,139.40760403432623,43.55621256196255,65.68374712971689,109.23995969167945,0.9523279437899668,1.6891698709751586,1.3117784874460512,1.50802246720318,True,True,True,True,5.449492669144476,False,0.0598247181469742,True,False,,arm_ratio_jump,1.715737994557628,-6.750195008215627,6.964832339325032,417.88994035950344,4592.871768170852,162.09989716104897,271.4610832737125,130.79241752742422,0.2377045136699678,-113.06150868786906,4.930132176528487,295.8079305917103,4635.140313661338,180.4313410674438,1.9247295341368071,1.362440694197983,21.348662877352833,False
199,199,3.3166666666666664,3.3166666666666664,Sports2D_HALPE26_postprocessed,131.2192608047934,208.70638271558067,1.0,124.55487077755724,244.95649301197025,1.0,181.0420013077664,221.417588146624,1.0,114.88011910998402,290.9178695525404,1.0,214.42514153759328,194.67064539844267,1.0,114.85976329335404,263.1898784922846,1.0,243.5642725696109,162.33039291045878,1.0,156.37104742269122,308.3401718670942,1.0,188.2915319240515,302.82840160020703,1.0,167.82794162086358,377.8050686456807,1.0,196.31427006064217,376.42769418605207,1.0,183.10829554011752,426.1170320482604,1.0,183.13441036210065,397.54323004670186,1.0,191.79512251547823,435.6414033108556,1.0,186.85321109955257,433.6044309690742,1.0,186.11775798947303,435.0035495238423,1.0,168.2250781829891,433.0041423404598,1.0,177.4307937334845,429.7759224997672,1.0,176.0396027867283,400.8919904227865,1.0,1.0,3.3166666666666664,131.2192608047934,208.70638271558067,False,124.55487077755724,244.95649301197025,False,181.0420013077664,221.417588146624,False,114.88011910998402,290.9178695525404,False,214.42514153759328,194.67064539844267,False,114.85976329335404,263.1898784922846,False,243.5642725696109,162.33039291045878,False,156.37104742269122,308.3401718670942,False,188.2915319240515,302.82840160020703,False,167.82794162086358,377.8050686456807,False,196.31427006064217,376.42769418605207,False,183.10829554011752,426.1170320482604,False,183.13441036210065,397.54323004670186,False,True,170.7214979900621,171.81413316141817,141.80748268094231,42.776547289125325,43.5313782034022,86.30792549252752,0.9352810753307488,1.1194838253974118,1.0364053618908255,1.0176459055747298,True,True,True,True,101.02316329011664,False,0.4903765616284501,True,False,,arm_ratio_jump,81.22667089489195,3.9308183246153305,81.32172770771794,4879.303662463094,895.918813985297,162.5648628580166,269.38566365647387,127.61196994448578,80.9994097115943,-107.05527074601508,80.98473881349871,4859.0843288099395,1008.0993579798528,181.19832521814425,22.47323746794527,22.380110678127565,4.643133084225369,False
200,200,3.333333333333333,3.333333333333333,Sports2D_HALPE26_postprocessed,130.93039981711564,209.38967734639056,1.0,124.42189948151506,241.86584053112225,1.0,179.56473983589606,221.49187023721376,1.0,118.00615124143796,286.11044120035825,1.0,208.46277011756425,197.8304816189741,1.0,116.90710888187172,276.7451535434704,1.0,233.43184635262529,173.29843615611935,1.0,159.60691323191122,306.59754134528987,1.0,190.6894063467847,301.14316105313884,1.0,169.86761917897576,376.52864452251214,1.0,198.8524753841442,372.1714184043645,1.0,182.8806344880996,425.7210581315305,1.0,185.6316151614972,397.9782321831419,1.0,191.0479806032354,435.5355899973762,1.0,185.9068783487048,433.8408823902487,1.0,181.0685854542377,435.06164464205,1.0,178.49653872907442,433.63878697461695,1.0,185.3176234841281,429.42739142159337,1.0,177.945583563716,399.63933489922886,1.0,1.0,3.333333333333333,130.93039981711564,209.38967734639056,False,124.42189948151506,241.86584053112225,False,179.56473983589606,221.49187023721376,False,118.00615124143796,286.11044120035825,False,208.46277011756425,197.8304816189741,False,116.90710888187172,276.7451535434704,False,233.43184635262529,173.29843615611935,False,159.60691323191122,306.59754134528987,False,190.6894063467847,301.14316105313884,False,169.86761917897576,376.52864452251214,False,198.8524753841442,372.1714184043645,False,182.8806344880996,425.7210581315305,False,185.6316151614972,397.9782321831419,False,True,174.81607312231415,173.52999423333068,146.3178126755869,37.3491293807978,35.00394295824203,72.35307233903983,0.8166141519986639,0.900186246890363,0.8688322850251797,0.9372090739078516,True,True,True,True,4.094575132252061,False,0.0804368316668783,True,False,,arm_ratio_jump,-10.132426216985607,10.968043245660567,14.93198023308823,895.918813985297,4879.303662463094,163.57073972402677,267.77460329169116,113.95741997243381,69.86110662859852,-94.47616713557181,16.80165596633082,1008.0993579798528,4859.0843288099395,183.03661405487276,4.126448700781954,4.643133084225369,22.380110678127565,True
201,201,3.35,3.35,Sports2D_HALPE26_postprocessed,134.64273552174944,209.3513541092209,1.0,125.66948079274091,236.302407971536,1.0,176.87260837430648,223.2702129593989,1.0,120.9095788555166,287.9365844845416,1.0,183.6934190239409,259.7934124160892,1.0,119.7779934569455,258.8759253629247,1.0,149.17895247630904,254.6188929328796,1.0,162.50248326195344,303.5863331738589,1.0,192.58151516183952,299.3059991105116,1.0,171.00343651541465,374.3771115789485,1.0,202.0897248869861,368.681472754407,1.0,183.06702757552995,426.13264439739584,1.0,188.1400138025436,395.7529504221577,1.0,189.81592454185432,435.5148647528673,1.0,183.0171406702713,434.8157995242922,1.0,182.2859334338252,434.8556584407588,1.0,177.97344025516944,429.8170677269971,1.0,185.100505698501,425.0139019622544,1.0,180.49813929975923,393.3743684654749,1.0,1.0,3.35,134.64273552174944,209.3513541092209,False,125.66948079274091,236.302407971536,False,176.87260837430648,223.2702129593989,False,120.9095788555166,287.9365844845416,False,183.6934190239409,259.7934124160892,False,119.7779934569455,258.8759253629247,False,149.17895247630904,254.6188929328796,False,162.50248326195344,303.5863331738589,False,192.58151516183952,299.3059991105116,False,171.00343651541465,374.3771115789485,False,202.0897248869861,368.681472754407,False,183.06702757552995,426.13264439739584,False,188.1400138025436,395.7529504221577,False,True,70.89524398726574,173.7269202799683,144.93430456617625,37.15464380762317,34.90020133107708,72.05484513870024,0.8123618528407717,0.897518353558594,0.8652511044125094,0.9393227267035854,True,True,True,True,103.9208291350484,False,0.0021136527957339,False,True,70.89524398726574,valid,-84.25289387631625,81.32045677676024,117.0963996752878,7025.783980517106,1675.9844766108292,164.4065218977101,265.6162383038263,138.87208699257957,-15.227569421401057,-10.997345370946732,119.20065635369552,7152.039381221566,1842.7192881486565,184.38110444820347,32.35955839504813,32.94106915927255,8.487249618816085,False
202,202,3.3666666666666667,3.3666666666666667,Sports2D_HALPE26_postprocessed,136.95775665438435,208.05649899264287,1.0,125.44663796035212,233.9656818189317,1.0,173.30351254526863,226.522227084312,1.0,123.9974888072231,291.907939123927,1.0,182.76901121174285,263.6847518412913,1.0,132.09998671325005,290.9381895911716,1.0,153.89127384251657,282.1516131856895,1.0,165.93757110446717,298.0641642852876,1.0,194.9028329862871,292.3617066928325,1.0,171.95336709909006,372.8550154802795,1.0,206.2714937872151,365.7175689302725,1.0,183.0185757994816,425.8633234800985,1.0,189.64554925631228,392.7226936959968,1.0,191.2521399983767,435.0234544576073,1.0,183.3729131630297,434.87509192442,1.0,178.56121871811507,434.7941818911496,1.0,173.41131338679668,428.13035021722345,1.0,194.7459207313707,418.365704484951,1.0,180.12078792952363,391.010196185566,1.0,1.0,3.3666666666666667,136.95775665438435,208.05649899264287,False,125.44663796035212,233.9656818189317,False,173.30351254526863,226.522227084312,False,123.9974888072231,291.907939123927,False,182.76901121174285,263.6847518412913,False,132.09998671325005,290.9381895911716,False,153.89127384251657,282.1516131856895,False,165.93757110446717,298.0641642852876,False,194.9028329862871,292.3617066928325,False,171.95336709909006,372.8550154802795,False,206.2714937872151,365.7175689302725,False,183.0185757994816,425.8633234800985,False,189.64554925631228,392.7226936959968,False,True,108.30857274623698,172.80779915121084,139.57151129655702,38.34904055277166,34.27752446544581,72.62656501821746,0.8384765522021673,0.8815051532352262,0.87211644783549,0.8938300403702907,True,True,True,True,37.41332875897123,False,0.0454926863332947,False,True,108.30857274623698,valid,4.712321366207533,27.532720252809895,27.933074610180388,1675.9844766108292,1675.9844766108292,164.89763864909378,262.72844497034095,175.7554141455799,-11.00636480657721,19.42316821534854,30.71198813581083,1842.7192881486565,1842.7192881486565,182.82336474203632,7.719297617244789,8.487249618816085,8.487249618816085,False
203,203,3.3833333333333333,3.3833333333333333,Sports2D_HALPE26_postprocessed,135.3013616517373,206.14324433889848,1.0,126.94944445952052,231.706271328642,1.0,170.20588020426908,227.0209809845745,1.0,126.84375190550028,281.2540010187236,1.0,171.10182478938353,262.9022523255305,1.0,129.6655769615147,298.1986111307142,1.0,146.1715768408705,289.0838448107476,1.0,168.84165744063304,295.2744720137091,1.0,197.6346519835308,289.2002437568269,1.0,174.27174605031942,371.49169639875305,1.0,210.7606625765246,362.0185204758311,1.0,182.7943026071977,425.78109401036886,1.0,192.0029682331462,390.5724814834367,1.0,192.21653080308508,434.83533465878025,1.0,186.0104398576852,435.0096991404709,1.0,179.55389693978503,434.4750521222783,1.0,174.08466528759115,427.5730951523233,1.0,195.82277557382207,417.8961391724606,1.0,181.5948023306359,390.8845570274688,1.0,1.0,3.3833333333333333,135.3013616517373,206.14324433889848,False,126.94944445952052,231.706271328642,False,170.20588020426908,227.0209809845745,False,126.84375190550028,281.2540010187236,False,171.10182478938353,262.9022523255305,False,129.6655769615147,298.1986111307142,False,146.1715768408705,289.0838448107476,False,168.84165744063304,295.2744720137091,False,197.6346519835308,289.2002437568269,False,174.27174605031942,371.49169639875305,False,210.7606625765246,362.0185204758311,False,182.7943026071977,425.78109401036886,False,192.0029682331462,390.5724814834367,False,True,134.97210131748332,175.15344968615008,136.48001008883335,35.892455331767266,36.15235881427814,72.04481414604541,0.7847649318693427,0.9297197243202568,0.8651306499523514,1.0072411731130817,True,True,True,True,26.663528571246346,False,0.1134111327427908,False,True,134.97210131748332,valid,-7.719697001646068,6.932231625058137,10.375430453753689,622.5258272252236,705.845078562928,165.90790852198836,260.8004920209381,130.5968301616936,-19.73633168111786,28.2833527898095,12.438456187328594,746.3073712397182,746.3073712397182,182.9787274779162,2.867247401056244,3.4373640048222835,3.4373640048222835,False
204,204,3.4,3.4,Sports2D_HALPE26_postprocessed,133.39917414592804,205.8065647825256,1.0,127.78033807025898,230.9695849082183,1.0,163.73124816993965,227.80942272080225,1.0,130.31302887421484,276.7026106260826,1.0,165.67452632849756,266.46627323797526,1.0,129.9135662265439,302.208300200098,1.0,144.4657089550442,300.723591467659,1.0,171.9244027635666,297.352531337823,1.0,201.49526294290504,291.2239232206948,1.0,175.7516656705804,368.9246845669295,1.0,215.91285052577723,358.9833986127401,1.0,181.92139394482305,425.510504792237,1.0,196.2003093586148,384.94653326624655,1.0,191.83005659347043,435.018254075353,1.0,184.29962369057563,435.20931393874537,1.0,180.7836725413109,435.1255087228844,1.0,195.83834513882965,420.38692746510486,1.0,200.0164420052901,407.30336245891374,1.0,185.3385392782131,387.3066230099725,1.0,1.0,3.4,133.39917414592804,205.8065647825256,False,127.78033807025898,230.9695849082183,False,163.73124816993965,227.80942272080225,False,130.31302887421484,276.7026106260826,False,165.67452632849756,266.46627323797526,False,129.9135662265439,302.208300200098,False,144.4657089550442,300.723591467659,False,171.9244027635666,297.352531337823,False,201.49526294290504,291.2239232206948,False,175.7516656705804,368.9246845669295,False,215.91285052577723,358.9833986127401,False,181.92139394482305,425.510504792237,False,196.2003093586148,384.94653326624655,False,True,145.36038147538446,176.83837338402745,130.78034415495338,38.7056639512693,40.291162637361545,78.99682658863085,0.8462738882840294,1.0361561416279157,0.9486120096341004,1.0409629631489696,True,True,True,True,10.388280157901136,False,0.0337217900358881,True,False,,arm_ratio_jump,-1.7058678858263079,11.63974665691137,11.764084642715426,705.845078562928,705.845078562928,166.23281298666757,261.83886554688456,65.28106131182119,-21.767104031623376,38.88472592077443,10.794125652479819,647.6475391487915,746.3073712397182,181.09303511210354,3.2510016107744453,2.9829537060363807,3.4373640048222835,False
205,205,3.4166666666666665,3.4166666666666665,Sports2D_HALPE26_postprocessed,128.41223736366462,207.2390430397723,1.0,129.18502319761734,229.95400916643607,1.0,157.37678113387557,228.8308476367916,1.0,133.74502264400144,277.2584535904998,1.0,134.82721416637258,281.5380351177982,1.0,131.09227914852622,304.3234560029979,1.0,102.76136437238812,312.9371714227667,1.0,172.63465645886828,294.8051340191218,1.0,202.7911699541374,287.778472541168,1.0,178.41425311385817,367.9668839477291,1.0,221.0963659811109,354.58968467520697,1.0,182.48640940468064,425.6017131585096,1.0,200.95496201039376,378.0136146766621,1.0,189.02423378282413,434.1451860839836,1.0,180.53250511126768,435.1039058201373,1.0,181.9158903453857,435.4134253728214,1.0,193.552285194378,420.12222535016,1.0,204.3214392521244,396.18376759667785,1.0,190.5434197118564,379.929426899276,1.0,1.0,3.4166666666666665,128.41223736366462,207.2390430397723,False,129.18502319761734,229.95400916643607,False,157.37678113387557,228.8308476367916,False,133.74502264400144,277.2584535904998,False,134.82721416637258,281.5380351177982,False,131.09227914852622,304.3234560029979,False,102.76136437238812,312.9371714227667,False,172.63465645886828,294.8051340191218,False,202.7911699541374,287.778472541168,False,178.41425311385817,367.9668839477291,False,221.0963659811109,354.58968467520697,False,182.48640940468064,425.6017131585096,False,200.95496201039376,378.0136146766621,False,True,157.56067253974777,179.52464075165375,123.98682295092222,57.32827036096485,44.87899824760314,102.207268608568,1.253444930645113,1.1541401791479209,1.2273283201472256,0.7828423562236323,True,True,True,True,12.200291064363311,False,0.2581206069253373,True,False,,arm_ratio_jump,-41.70434458265608,12.213579955107718,43.45599949821341,2607.3599698928138,705.845078562928,165.49690768612464,260.3421158408794,100.07266688590634,-62.73554331373653,52.59505558188732,43.20169159452653,2592.101495671601,647.6475391487915,179.09055270338422,12.009053713667907,11.938775793232281,2.9829537060363807,False
206,206,3.433333333333333,3.433333333333333,Sports2D_HALPE26_postprocessed,123.08986809106926,211.81213620682908,1.0,129.727474902455,230.31788292731085,1.0,151.60078750097315,229.4154205210432,1.0,134.75842317915502,274.9937822739623,1.0,124.99708573817574,288.5668954436238,1.0,132.5523348296618,305.58064334796035,1.0,94.3790255196488,317.00779898407086,1.0,173.73507145286354,292.5601731269461,1.0,203.4128035522908,284.348506010816,1.0,179.05402966735502,367.057445905804,1.0,225.7632420836664,350.3856805043063,1.0,182.78148588607763,425.605236848539,1.0,207.82219079276416,369.91302442731,1.0,184.5688978640526,433.1966585302048,1.0,174.20002144515607,434.9264192173939,1.0,182.1571800637116,435.7022925770483,1.0,195.77344124269123,414.9570407863092,1.0,208.6425913478643,385.08425777082977,1.0,201.4991471618837,365.72825156041154,1.0,1.0,3.433333333333333,123.08986809106926,211.81213620682908,False,129.727474902455,230.31788292731085,False,151.60078750097315,229.4154205210432,False,134.75842317915502,274.9937822739623,False,124.99708573817574,288.5668954436238,False,132.5523348296618,305.58064334796035,False,94.3790255196488,317.00779898407086,False,173.73507145286354,292.5601731269461,False,203.4128035522908,284.348506010816,False,179.05402966735502,367.057445905804,False,225.7632420836664,350.3856805043063,False,182.78148588607763,425.605236848539,False,207.82219079276416,369.91302442731,False,True,157.10489253585337,179.55895467446237,118.72576153102932,64.85872287518893,41.78935995851521,106.64808283370414,1.4180933226162231,1.0746848475294022,1.2806546357529764,0.6443136421130692,True,True,True,True,0.4557800038944037,False,0.1385287141105631,True,False,,arm_ratio_jump,-8.38233885273931,4.07062756130415,9.31845552572914,559.1073315437504,559.1073315437504,164.6190343521456,259.16049564652906,88.32211697615047,-70.2400088324968,57.8473033375418,9.159864038785694,549.5918423271436,549.5918423271436,176.55923515089478,2.5751526654336305,2.5313259508895865,2.5313259508895865,False
207,207,3.45,3.45,Sports2D_HALPE26_postprocessed,118.81947818182266,214.9857298491385,1.0,129.358666611229,230.29703233606728,1.0,149.9486892731381,230.1691422545641,1.0,135.8036183166634,273.8520034316531,1.0,123.19286114146152,289.92589780303285,1.0,134.94022214616018,307.13078489759266,1.0,90.479281346145,318.8330294775422,1.0,174.70563613623062,290.58797110580946,1.0,204.38800287910016,280.71718371179026,1.0,180.02089606294618,366.2321060959181,1.0,230.37667393802803,344.82645395048286,1.0,183.13189505305468,425.4904961325046,1.0,218.0070270551505,358.2832829227408,1.0,181.23635777007144,432.8888953224497,1.0,173.51198531143888,434.6386262914091,1.0,183.8192288835054,435.90676041459017,1.0,203.56606991815804,374.5582654204081,1.0,213.3755195456673,373.88107426210325,1.0,212.8834478299552,353.31237861108053,1.0,1.0,3.45,118.81947818182266,214.9857298491385,False,129.358666611229,230.29703233606728,False,149.9486892731381,230.1691422545641,False,135.8036183166634,273.8520034316531,False,123.19286114146152,289.92589780303285,False,134.94022214616018,307.13078489759266,False,90.479281346145,318.8330294775422,False,174.70563613623062,290.58797110580946,False,204.38800287910016,280.71718371179026,False,180.02089606294618,366.2321060959181,False,230.37667393802803,344.82645395048286,False,183.13189505305468,425.4904961325046,False,218.0070270551505,358.2832829227408,False,True,155.58544585896476,178.98582919429285,115.34378780517814,65.47323249001279,43.65547576962096,109.12870825963375,1.4315291712243146,1.122675206508847,1.3104425547372969,0.6667682976593543,True,True,True,True,1.519446676888606,False,0.0224546555462851,False,True,155.58544585896476,valid,-3.899744173503805,1.825230493471338,4.305748596129888,258.3449157677873,265.76075577094525,164.60024872492448,257.94283235205774,73.06849166757169,-74.12096737877948,60.89019712548446,4.931636831992461,295.8982099195408,318.34428831597,172.75035284566044,1.1898924605473287,1.362856505328655,1.4662393002769876,False
208,208,3.466666666666667,3.466666666666667,Sports2D_HALPE26_postprocessed,115.43994733347397,217.41970004593247,1.0,129.03909746263668,231.05023300020872,1.0,149.0504582634805,231.60254640624768,1.0,138.36533587135145,270.96824661380936,1.0,123.84975503267094,288.73788175110093,1.0,137.70599445602014,307.88364780933875,1.0,90.08307574395938,314.42143945985987,1.0,177.14052906248065,291.5634638304853,1.0,205.3716716261605,280.7913281769793,1.0,181.901183983126,365.44940626298734,1.0,233.1825071767088,341.509320380549,1.0,183.4256491338123,425.0985817664432,1.0,227.82117814027487,344.52859715879566,1.0,180.1988918470001,433.05880116290746,1.0,174.06503638468686,434.449531344515,1.0,184.37567830360504,435.658698176151,1.0,217.33438520288576,365.4008221777332,1.0,230.6670747260329,358.5494810703564,1.0,229.12049596019483,337.1160593855499,1.0,1.0,3.466666666666667,115.43994733347397,217.41970004593247,False,129.03909746263668,231.05023300020872,False,149.0504582634805,231.60254640624768,False,138.36533587135145,270.96824661380936,False,123.84975503267094,288.73788175110093,False,137.70599445602014,307.88364780933875,False,90.08307574395938,314.42143945985987,False,177.14052906248065,291.5634638304853,False,205.3716716261605,280.7913281769793,False,181.901183983126,365.44940626298734,False,233.1825071767088,341.509320380549,False,183.4256491338123,425.0985817664432,False,227.82117814027487,344.52859715879566,False,True,151.05814110394073,177.7773868679466,94.77706027985886,62.44615271012436,42.42444774850762,104.87060045863196,1.3653440625358964,1.0910172159943252,1.2593102197717263,0.6793764852967373,True,True,True,True,4.5273047550240335,False,0.012608187637383,False,True,151.05814110394073,valid,-0.39620560218561707,-4.411590017682329,4.429345929515739,265.76075577094525,265.76075577094525,165.15043910368956,258.75189285348023,58.70466806184725,-75.06736335973018,55.66954660637964,5.305738138599481,318.34428831597,318.34428831597,167.30521579288626,1.2240485502158955,1.4662393002769876,1.4662393002769876,False
209,209,3.4833333333333334,3.4833333333333334,Sports2D_HALPE26_postprocessed,112.5033651011017,219.20140788268603,1.0,127.0021206345386,232.3769710579297,1.0,146.6781249578632,231.8351498461761,1.0,140.2772788486689,268.6075314120269,1.0,124.34996506040538,286.0642501290832,1.0,140.16032902825538,309.0238816994436,1.0,91.6289750840224,308.2865435269315,1.0,177.89673881914788,292.9228358934683,1.0,205.7796323937131,281.4576609974265,1.0,183.62527609978315,366.3583182016808,1.0,235.36849883302085,338.6928873381374,1.0,183.89785892273963,425.028948525827,1.0,232.7326008204064,331.0526271251941,1.0,180.2000439705773,433.07212839890025,1.0,175.05101810838408,434.4250837559293,1.0,184.94153426625803,435.606347423337,1.0,237.6750866059917,336.86145723304463,1.0,243.09715816221063,331.4751186581185,1.0,233.99320206680736,324.3128521854738,1.0,1.0,3.4833333333333334,112.5033651011017,219.20140788268603,False,127.0021206345386,232.3769710579297,False,146.6781249578632,231.8351498461761,False,140.2772788486689,268.6075314120269,False,124.34996506040538,286.0642501290832,False,140.16032902825538,309.0238816994436,False,91.6289750840224,308.2865435269315,False,177.89673881914788,292.9228358934683,False,205.7796323937131,281.4576609974265,False,183.62527609978315,366.3583182016808,False,235.36849883302085,338.6928873381374,False,183.89785892273963,425.028948525827,False,232.7326008204064,331.0526271251941,False,True,146.56099392798745,175.80571113242237,8.303095326971418,58.645903879981546,39.55367882883473,98.19958270881628,1.2822541210229224,1.0171904844580324,1.1792031087999022,0.6744491296405128,True,True,True,True,4.497147175953273,False,0.0049273556562244,False,True,146.56099392798745,valid,1.5458993400630163,-6.134895932928373,6.326669967484345,379.60019804906204,361.4874490503775,164.3391542013157,259.6481544487502,72.53471543965857,-72.7101791172933,48.63838907818132,7.41575982210405,444.9455893262446,382.7086584850887,162.4981094813146,1.7483735351960485,2.0493432221014554,1.7626905718822372,False
210,210,3.5,3.5,Sports2D_HALPE26_postprocessed,108.99171310016332,222.320521179998,1.0,125.474800977419,233.0650155583625,1.0,146.27370355077267,232.5979714499024,1.0,140.6953198637027,267.6626783330018,1.0,123.30566959454045,284.44137414868504,1.0,142.41438105410066,309.9121232002428,1.0,93.54208749192136,302.57356660509373,1.0,179.0060115115066,293.61256082244813,1.0,205.40480907175785,280.3950956413779,1.0,185.29598972659383,365.99357883203487,1.0,239.5496031979422,332.83192933942934,1.0,184.2036356916876,424.9883496251088,1.0,242.5655140346011,312.98758449799413,1.0,180.78217897601183,432.9956773069675,1.0,175.11509570336818,434.4687357454607,1.0,186.259503368377,435.80170512685606,1.0,248.1808325433769,333.0586549215859,1.0,252.6109888725514,323.05786711151364,1.0,241.80111637406424,315.0193472760067,1.0,1.0,3.5,108.99171310016332,222.320521179998,False,125.474800977419,233.0650155583625,False,146.27370355077267,232.5979714499024,False,140.6953198637027,267.6626783330018,False,123.30566959454045,284.44137414868504,False,142.41438105410066,309.9121232002428,False,93.54208749192136,302.57356660509373,False,179.0060115115066,293.61256082244813,False,205.40480907175785,280.3950956413779,False,185.29598972659383,365.99357883203487,False,239.5496031979422,332.83192933942934,False,184.2036356916876,424.9883496251088,False,242.5655140346011,312.98758449799413,False,True,145.2447214482443,173.97264611470337,41.71217537880113,56.703341940337,34.85178937810211,91.55513131843912,1.239781281699838,0.8962733574075845,1.0994150127645494,0.614633779694555,True,True,True,True,1.3162724797431622,False,0.0598153499459578,False,True,145.2447214482443,valid,1.9131124078989643,-5.712976921837765,6.02479081750627,361.4874490503775,379.60019804906204,164.03983127786404,259.9176608680227,24.166516528410117,-70.49774378594267,42.65590573707101,6.378477641418122,382.7086584850887,444.9455893262446,156.6730206544851,1.6649493137080087,1.7626905718822372,2.0493432221014554,False
211,211,3.5166666666666666,3.5166666666666666,Sports2D_HALPE26_postprocessed,107.3719668695771,224.12206503001875,1.0,122.78770796901942,233.71567547178483,1.0,144.5844419549166,232.60373916727943,1.0,140.9473971641537,267.2829933749134,1.0,128.1492116974793,280.27841983057147,1.0,145.18270424337777,310.70162892251005,1.0,99.41784710504432,295.08792960452115,1.0,179.7780482667042,289.6151026061338,1.0,205.1426415536853,277.3984349474178,1.0,185.87638583129217,364.24806612525447,1.0,245.9436101128308,325.3211917499677,1.0,184.74238520531264,425.0503219640798,1.0,255.62992157086725,306.5507709173475,1.0,180.72932345749456,433.08336957006816,1.0,175.04671848909095,434.9100042745581,1.0,187.5040117802356,435.51555392114966,1.0,248.32882241039832,333.7370064355971,1.0,252.801391186573,324.14178704885694,1.0,242.4322802941788,316.4797591877801,1.0,1.0,3.5166666666666666,107.3719668695771,224.12206503001875,False,122.78770796901942,233.71567547178483,False,144.5844419549166,232.60373916727943,False,140.9473971641537,267.2829933749134,False,128.1492116974793,280.27841983057147,False,145.18270424337777,310.70162892251005,False,99.41784710504432,295.08792960452115,False,179.7780482667042,289.6151026061338,False,205.1426415536853,277.3984349474178,False,185.87638583129217,364.24806612525447,False,245.9436101128308,325.3211917499677,False,184.74238520531264,425.0503219640798,False,255.62992157086725,306.5507709173475,False,True,136.28969977989624,174.2602010262368,67.7063499853417,50.42808711384812,32.32356556891795,82.75165268276606,1.1025769617152503,0.8312557591100627,0.9937008224484722,0.6409833769015113,True,True,True,True,8.955021668348053,False,0.0263495972069562,False,True,136.28969977989624,valid,5.875759613122952,-7.485637000572581,9.51626567176159,570.9759403056973,367.44903673856726,163.07320993608138,258.33323804815393,111.3602665488841,-63.65536283103707,36.75469155636722,9.035624269445607,542.1374561667384,382.7086584850887,158.3535783318344,2.6298174458147563,2.496992324218771,1.7626905718822372,False
212,212,3.533333333333333,3.533333333333333,Sports2D_HALPE26_postprocessed,106.97722392186756,226.026874180564,1.0,120.71089249931566,234.56883700181467,1.0,144.34386763044938,233.4331959179403,1.0,140.5554934764039,267.3106442922699,1.0,129.78339069255682,281.2440591504212,1.0,147.16280632323736,311.619263488863,1.0,100.98196689883916,289.16688662267165,1.0,178.4871919866866,288.6715689343203,1.0,204.3445459295924,274.974428006264,1.0,186.3884116624336,363.3009317561342,1.0,247.05044559311324,316.82775404704773,1.0,185.28708323046592,425.0810516678093,1.0,255.92370023399607,307.62259206186985,1.0,180.3557447771674,432.75543312062695,1.0,174.86477986507322,434.9320871669229,1.0,188.05684522787973,435.44464862029736,1.0,248.2832550686809,334.5638084682935,1.0,252.80632753291584,325.4057868514038,1.0,243.04165151724567,318.1158806342019,1.0,1.0,3.533333333333333,106.97722392186756,226.026874180564,False,120.71089249931566,234.56883700181467,False,144.34386763044938,233.4331959179403,False,140.5554934764039,267.3106442922699,False,129.78339069255682,281.2440591504212,False,147.16280632323736,311.619263488863,False,100.98196689883916,289.16688662267165,False,178.4871919866866,288.6715689343203,False,204.3445459295924,274.974428006264,False,186.3884116624336,363.3009317561342,False,247.05044559311324,316.82775404704773,False,185.28708323046592,425.0810516678093,False,255.92370023399607,307.62259206186985,False,True,122.31851796800868,172.9351692669925,89.52587556913376,49.9788568466096,29.871277302793267,79.85013414940286,1.0927548373494351,0.7681909731455354,0.9588587225087212,0.5976782821278082,True,True,True,True,13.97118181188756,False,0.0433050947737031,False,True,122.31851796800868,valid,1.5641197937948448,-5.921042981849496,6.124150612309433,367.44903673856726,396.0290081213999,161.97162451151104,257.91200746508486,70.76250664199779,-60.98965761267188,31.2548791575868,6.111785396510438,366.7071237906276,442.52595008672614,158.97946984002593,1.692407366141465,1.6889902420981593,2.038198777939313,False
213,213,3.55,3.55,Sports2D_HALPE26_postprocessed,106.39325853931228,226.88658705480788,1.0,118.79095319494397,235.85997653936624,1.0,143.38997066631393,233.63914723526952,1.0,139.92326394170243,267.2909782149782,1.0,131.0242492281967,282.5513436806744,1.0,149.1119094934619,312.1299822345029,1.0,105.04458416882746,283.9648175210504,1.0,179.2212165758719,289.31879914532857,1.0,203.8841079501853,274.71549653057576,1.0,187.2744589716172,362.5351635615881,1.0,250.269654697818,310.0454714633178,1.0,186.13320141440684,425.330914595599,1.0,255.98914995941385,308.9348314405931,1.0,179.22297291100114,432.6452523574285,1.0,174.26472004879065,434.9016148700024,1.0,188.9958473379533,435.427909973762,1.0,248.2341101846557,335.39253804749825,1.0,252.80769337603755,326.67196089000447,1.0,243.6700463173491,319.7542580259005,1.0,1.0,3.55,106.39325853931228,226.88658705480788,False,118.79095319494397,235.85997653936624,False,143.38997066631393,233.63914723526952,False,139.92326394170243,267.2909782149782,False,131.0242492281967,282.5513436806744,False,149.1119094934619,312.1299822345029,False,105.04458416882746,283.9648175210504,False,179.2212165758719,289.31879914532857,False,203.8841079501853,274.71549653057576,False,187.2744589716172,362.5351635615881,False,250.269654697818,310.0454714633178,False,186.13320141440684,425.330914595599,False,255.98914995941385,308.9348314405931,False,True,107.30214279731828,172.68194692882813,131.7157424981161,50.451105317911406,26.01808803302885,76.46919335094026,1.10308023960963,0.6690996224526919,0.9182596100660816,0.51570897939855,True,True,True,True,15.016375170690395,False,0.0819693027292581,False,True,107.30214279731828,valid,4.062617269988294,-5.202069101621248,6.6004834686899745,396.0290081213999,367.44903673856726,161.32156209682876,258.38335486263503,48.17777748895845,-56.2769779280013,25.581462658415376,7.37543250144541,442.52595008672614,366.7071237906276,160.0627077109566,1.8240418222329413,2.038198777939313,1.6889902420981593,False
214,214,3.5666666666666664,3.5666666666666664,Sports2D_HALPE26_postprocessed,105.88635950045564,227.0047276299484,1.0,116.96578864803338,236.7177270689263,1.0,143.13444486545902,233.78362830434315,1.0,138.92279163401005,267.2148343068574,1.0,131.2414620895705,286.0997535601949,1.0,149.39577302159356,312.1838076490704,1.0,104.0869837356203,280.50644994535946,1.0,178.55626128736458,288.72688051637084,1.0,202.60624320813767,273.548689103655,1.0,187.4449321111649,362.1611185835759,1.0,253.76729937372696,304.752386893422,1.0,186.71750898975225,425.8333003989055,1.0,256.0502483941296,310.25051585275713,1.0,179.54844626127277,432.5910899724476,1.0,174.81579580961818,435.0373995924439,1.0,189.24677247552705,435.4726753249238,1.0,248.18487445788548,336.22098750770766,1.0,252.80898436983668,327.9376588148088,1.0,244.30948737759124,321.3917367191433,1.0,1.0,3.5666666666666664,105.88635950045564,227.0047276299484,False,116.96578864803338,236.7177270689263,False,143.13444486545902,233.78362830434315,False,138.92279163401005,267.2148343068574,False,131.2414620895705,286.0997535601949,False,149.39577302159356,312.1838076490704,False,104.0869837356203,280.50644994535946,False,178.55626128736458,288.72688051637084,False,202.60624320813767,273.548689103655,False,187.4449321111649,362.1611185835759,False,253.76729937372696,304.752386893422,False,186.71750898975225,425.8333003989055,False,256.0502483941296,310.25051585275713,False,True,91.16829255949376,172.44379809294324,143.92882384343238,53.65090866978446,27.72455121373259,81.37545988351704,1.1730418356112684,0.7129842410491405,0.9771751837194924,0.5167582786784508,True,True,True,True,16.133850237824518,False,0.0010492992799008,False,True,91.16829255949376,valid,-0.9576004332071619,-3.458367575690943,3.5884961861856555,215.30977117114008,396.0290081213999,160.31568450224867,258.19423124832383,61.410153202594124,-56.22870076662838,22.312218697035632,3.2696003981110815,196.17602388666558,442.52595008672614,161.16875302238535,0.9916799509574665,0.9035531861316463,2.038198777939313,False
215,215,3.583333333333333,3.583333333333333,Sports2D_HALPE26_postprocessed,105.96958329220656,226.1461251721589,1.0,115.8118663468068,237.20873652077137,1.0,143.19707187658815,234.07390181338369,1.0,138.2063704977932,267.6500712367461,1.0,132.65091231179082,290.3283725577811,1.0,149.30055280132294,312.98359720583363,1.0,108.27544012224268,275.00534046619924,1.0,179.0645467987688,289.2869927770004,1.0,201.8202490233677,273.7163996180265,1.0,187.36939358647936,361.5346730607432,1.0,256.40298702511484,297.23531086368587,1.0,186.86873803239632,425.99461945009455,1.0,256.111293677914,311.5656204794327,1.0,179.4129104939962,432.6503093049919,1.0,175.60894558586884,435.2073890127182,1.0,189.37292220315504,435.400196641504,1.0,248.13562122571992,337.04908809541206,1.0,252.81027415097088,329.2027511910901,1.0,244.95553259171305,323.02802295849176,1.0,1.0,3.583333333333333,105.96958329220656,226.1461251721589,False,115.8118663468068,237.20873652077137,False,143.19707187658815,234.07390181338369,False,138.2063704977932,267.6500712367461,False,132.65091231179082,290.3283725577811,False,149.30055280132294,312.98359720583363,False,108.27544012224268,275.00534046619924,False,179.0645467987688,289.2869927770004,False,201.8202490233677,273.7163996180265,False,187.36939358647936,361.5346730607432,False,256.40298702511484,297.23531086368587,False,186.86873803239632,425.99461945009455,False,256.111293677914,311.5656204794327,False,True,68.46362983317385,172.9976467839095,112.14441600066849,57.234491002353046,28.791647346810187,86.02613834916323,1.251394506641197,0.7404264427534534,1.0330215972524328,0.5030471459181229,True,True,True,True,22.70466272631991,False,0.0137111327603278,False,True,68.46362983317385,valid,4.188456386622391,-5.50110947916022,6.914142926230578,414.8485755738361,256.008145728056,159.97343351138284,258.57150768229553,30.563110021144542,-51.69799338914015,16.43383278390371,7.4217740658237545,445.30644394942686,307.6260037352204,161.82484694118756,1.9107215285312602,2.0510052567275374,1.4168727161708843,False
216,216,3.6,3.6,Sports2D_HALPE26_postprocessed,107.2888193440048,223.88877773551465,1.0,113.18868037031982,237.79923466911,1.0,144.08023367347295,234.5830123326741,1.0,135.875728707913,268.22994352468567,1.0,135.15230193797564,292.2779041619039,1.0,148.4802391807135,312.72751293131,1.0,112.44351922044108,274.09280575585444,1.0,179.1963405080309,291.40927561350577,1.0,201.54803390155752,275.5844781679348,1.0,186.99655570375884,361.0025676119522,1.0,256.09515577408257,289.5740872608787,1.0,186.8647933483044,425.6421742579206,1.0,256.17236995478703,312.87994870114846,1.0,179.7512031504137,433.0424875737583,1.0,175.99294571375475,435.51570447542457,1.0,189.39482399518133,435.38018116451866,1.0,248.08635524625984,337.87679904513146,1.0,252.8115643273241,330.4671262222611,1.0,245.605829308215,324.6627903422225,1.0,1.0,3.6,107.2888193440048,223.88877773551465,False,113.18868037031982,237.79923466911,False,144.08023367347295,234.5830123326741,False,135.875728707913,268.22994352468567,False,135.15230193797564,292.2779041619039,False,148.4802391807135,312.72751293131,False,112.44351922044108,274.09280575585444,False,179.1963405080309,291.40927561350577,False,201.54803390155752,275.5844781679348,False,186.99655570375884,361.0025676119522,False,256.09515577408257,289.5740872608787,False,186.8647933483044,425.6421742579206,False,256.17236995478703,312.87994870114846,False,True,60.10880164264453,173.4880235970093,104.57434129473651,58.38157678806071,29.092724460763367,87.47430124882408,1.276474782987531,0.7481691555546203,1.0504114694517108,0.4983202931701728,True,True,True,True,8.354828190529325,False,0.0047268527479501,False,True,60.10880164264453,valid,4.16807909819839,-0.9125347103448007,4.266802428801031,256.008145728056,256.008145728056,159.5033221133453,259.8440001958062,81.39331007287657,-47.059802892904216,14.248805560048254,5.127100062253792,307.6260037352204,307.6260037352204,162.28083374772262,1.1791296977344987,1.4168727161708843,1.4168727161708843,False
217,217,3.616666666666666,3.616666666666666,Sports2D_HALPE26_postprocessed,108.02792031325298,223.2486902891048,1.0,112.21863905510205,238.535131852316,1.0,145.83725170810737,234.6857700067256,1.0,133.2441994013581,268.2789786333016,1.0,137.06647727898644,283.3873490410069,1.0,147.10220753756283,312.0457032275934,1.0,113.0026732178906,272.6428682097741,1.0,178.11963780465146,291.6202124934767,1.0,200.7971496325324,273.8683779542964,1.0,187.0606136201404,361.0222425427112,1.0,258.2928535456589,287.9940371986599,1.0,186.82456638193256,426.0749614765003,1.0,256.23347328494856,314.19333673846074,1.0,179.85581383731292,433.0496705918547,1.0,175.97550927041226,435.20760582822027,1.0,189.4796543818232,435.1687142309785,1.0,248.0370798315716,338.704069953701,1.0,252.8128548416641,331.7306398813167,1.0,246.2590197450212,326.295575841217,1.0,1.0,3.616666666666666,108.02792031325298,223.2486902891048,False,112.21863905510205,238.535131852316,False,145.83725170810737,234.6857700067256,False,133.2441994013581,268.2789786333016,False,137.06647727898644,283.3873490410069,False,147.10220753756283,312.0457032275934,False,113.0026732178906,272.6428682097741,False,178.11963780465146,291.6202124934767,False,200.7971496325324,273.8683779542964,False,187.0606136201404,361.0222425427112,False,258.2928535456589,287.9940371986599,False,186.82456638193256,426.0749614765003,False,256.23347328494856,314.19333673846074,False,True,76.14834386236824,172.45119105720315,99.30869852750784,49.48505112171628,26.3535677702952,75.83861889201147,1.0819580999161615,0.6777270575378714,0.9106875273566926,0.5325561391353208,True,True,True,True,16.039542219723707,False,0.034235845965148,True,False,,arm_ratio_jump,0.5591539974495277,-1.4499375460803208,1.5540180437810909,93.24108262687075,109.52345776303612,159.24316955009832,259.67737307670365,18.53640285340779,-46.24049633220771,12.965495133070476,1.5225468440708876,91.35281064425845,154.19583191812714,162.43468456540606,0.42945246629396927,0.4207554087618106,0.7101996077682441,False
218,218,3.633333333333333,3.633333333333333,Sports2D_HALPE26_postprocessed,108.66034077365808,221.26913277152704,1.0,111.4956552477569,238.04742217240263,1.0,145.27891727200617,233.5903427281872,1.0,130.6163001686767,268.415436440198,1.0,170.3454381862067,269.5374517371707,1.0,145.30275785104138,311.8213493500885,1.0,114.60841560610147,273.5109946691525,1.0,178.02777649689187,291.0976640995107,1.0,200.53904289995148,273.058952222054,1.0,186.86144437740472,360.94153810100505,1.0,257.60998836086543,284.5635304189581,1.0,186.87291992220003,425.9360881137736,1.0,256.2945980768288,315.5055657304541,1.0,179.72594094456474,432.9569352357797,1.0,175.98123410519335,435.28845969003606,1.0,189.499838821116,434.9536220177438,1.0,247.9877983331077,339.5308362526121,1.0,252.814145595933,332.9931008779525,1.0,246.9142639517716,327.92569421166274,1.0,1.0,3.633333333333333,108.66034077365808,221.26913277152704,False,111.4956552477569,238.04742217240263,False,145.27891727200617,233.5903427281872,False,130.6163001686767,268.415436440198,False,170.3454381862067,269.5374517371707,False,145.30275785104138,311.8213493500885,False,114.60841560610147,273.5109946691525,False,178.02777649689187,291.0976640995107,False,200.53904289995148,273.058952222054,False,186.86144437740472,360.94153810100505,False,257.60998836086543,284.5635304189581,False,186.87291992220003,425.9360881137736,False,256.2945980768288,315.5055657304541,False,True,59.18905991679397,172.80177159858525,98.96290081186348,43.82379623955229,55.878481811225534,99.70227805077782,0.95817848492938,1.4370107071533391,1.1972478190719866,1.2750716872125636,True,True,True,True,16.959283945574263,False,0.7425155480772427,True,False,,arm_ratio_jump,1.6057423882108708,0.8681264593784022,1.8253909627173108,109.52345776303612,93.24108262687075,158.8353479791516,258.9485953055387,50.10756135060787,-44.22693237305013,14.56239936361385,2.569930531968845,154.19583191812714,91.35281064425845,163.96376780675314,0.5044462990804484,0.7101996077682441,0.4207554087618106,False
219,219,3.65,3.65,Sports2D_HALPE26_postprocessed,109.29596010501996,220.1592523953221,1.0,110.09608404804663,238.07517121773392,1.0,145.12877049763512,232.6626038331068,1.0,128.41260361098048,268.9544024894491,1.0,173.2128050056145,267.26480552494064,1.0,143.2564075683036,311.5421581883122,1.0,115.00410816305012,272.6541285707856,1.0,177.97408263467912,290.2718989613751,1.0,200.89385074525023,272.3187283681268,1.0,186.8707532028293,360.15325976115474,1.0,256.8657017442913,282.5217566171153,1.0,186.95019815413832,425.8898078515945,1.0,256.355739019216,316.8163321737439,1.0,179.8808179526625,432.7015072481362,1.0,175.9470416750184,435.12432725125,1.0,189.38680037719624,434.883350218197,1.0,247.9385141849209,340.35701369171073,1.0,252.8154364920572,334.2542482709731,1.0,247.57101395628527,329.55208244695456,1.0,1.0,3.65,109.29596010501996,220.1592523953221,False,110.09608404804663,238.07517121773392,False,145.12877049763512,232.6626038331068,False,128.41260361098048,268.9544024894491,False,173.2128050056145,267.26480552494064,False,143.2564075683036,311.5421581883122,False,115.00410816305012,272.6541285707856,False,177.97408263467912,290.2718989613751,False,200.89385074525023,272.3187283681268,False,186.8707532028293,360.15325976115474,False,256.8657017442913,282.5217566171153,False,186.95019815413832,425.8898078515945,False,256.355739019216,316.8163321737439,False,True,56.226048798404655,172.81388768930475,99.479003259037,44.56484439743649,58.45765297206211,103.0224973694986,0.9743810155659284,1.5033385037141738,1.237117774060925,1.3117436796306816,True,True,True,True,2.9630111183893177,False,0.036671992418118,True,False,,arm_ratio_jump,0.3956925569486458,-0.8568660983669361,0.943817837379191,56.62907024275015,56.62907024275015,158.52319698140278,258.33210059508565,41.460997386503635,-43.51908881835266,14.322027975699939,0.747543244270469,44.852594656227105,92.77863518582275,165.33396897590268,0.260823804213047,0.2065833734672809,0.42732251253866865,False
220,220,3.6666666666666665,3.6666666666666665,Sports2D_HALPE26_postprocessed,108.814168913473,218.39279739648217,1.0,109.0247086450344,238.0461159832344,1.0,144.58461691317515,230.85032578712764,1.0,126.27809412036794,269.2582320208633,1.0,170.8633348351682,264.0623210699962,1.0,141.00863667833852,312.58402522520936,1.0,115.05870075821902,273.0610730612866,1.0,177.65476103065708,289.42799135617867,1.0,200.49303120868285,270.99844445853853,1.0,186.73423559197167,359.62894161019125,1.0,257.8949243950784,281.75532847012164,1.0,187.06191513337853,425.6665975073983,1.0,256.4168910818284,318.1252014884258,1.0,179.63254165975394,432.26014088668654,1.0,175.88913258272262,434.8974239231644,1.0,189.38756303735872,434.7909908050757,1.0,247.88923091646924,341.18249038944043,1.0,252.81672743265943,335.5137151860144,1.0,248.22889724590584,331.1729911051349,1.0,1.0,3.6666666666666665,108.814168913473,218.39279739648217,False,109.0247086450344,238.0461159832344,False,144.58461691317515,230.85032578712764,False,126.27809412036794,269.2582320208633,False,170.8633348351682,264.0623210699962,False,141.00863667833852,312.58402522520936,False,115.05870075821902,273.0610730612866,False,177.65476103065708,289.42799135617867,False,200.49303120868285,270.99844445853853,False,186.73423559197167,359.62894161019125,False,257.8949243950784,281.75532847012164,False,187.06191513337853,425.6665975073983,False,256.4168910818284,318.1252014884258,False,True,60.80783335988912,172.91483163052033,98.28673811177418,42.35100525717141,56.52552274736564,98.87652800453704,0.9259768786513344,1.4536504712102978,1.1873320231514877,1.334691405885673,True,True,True,True,4.5817845614844686,False,0.0229477262549913,True,False,,arm_ratio_jump,0.05459259516889858,0.40694449050101866,0.41059002642101394,24.635401585260926,56.62907024275015,157.93927944938736,257.33071939626984,69.55146556566852,-42.88057869116834,15.730353665016764,1.5463105864303737,92.77863518582275,92.77863518582275,167.04630878073328,0.1134664428047271,0.42732251253866865,0.42732251253866865,False
221,221,3.683333333333333,3.683333333333333,Sports2D_HALPE26_postprocessed,108.68422357031238,215.0006851296729,1.0,107.36371787738732,237.11513483292745,1.0,145.4706617070918,228.08375014132167,1.0,122.8844786380232,269.3685751309659,1.0,169.3943971721269,263.374926097357,1.0,139.4716295230763,312.5482012846832,1.0,144.7049040582806,277.4616700980725,1.0,177.00786011199804,287.75761315350445,1.0,199.35058469651185,269.2773532810494,1.0,187.0836882168,359.3765794130005,1.0,257.40848627113644,281.8686784768034,1.0,187.1852177277508,425.3892918323283,1.0,256.4780494749468,319.431527671216,1.0,179.30387475475086,431.72865304735,1.0,175.71827426009213,434.6922983180307,1.0,189.35334660981115,434.7543059143928,1.0,247.83995216892825,342.00711505961425,1.0,252.81801832064684,336.77096738928486,1.0,248.8876523567748,332.785309818727,1.0,1.0,3.683333333333333,108.68422357031238,215.0006851296729,False,107.36371787738732,237.11513483292745,False,145.4706617070918,228.08375014132167,False,122.8844786380232,269.3685751309659,False,169.3943971721269,263.374926097357,False,139.4716295230763,312.5482012846832,False,144.7049040582806,277.4616700980725,False,177.00786011199804,287.75761315350445,False,199.35058469651185,269.2773532810494,False,187.0836882168,359.3765794130005,False,257.40848627113644,281.8686784768034,False,187.1852177277508,425.3892918323283,False,256.4780494749468,319.431527671216,False,True,85.57401318732117,172.07993332553045,100.81760637683438,42.63580911582215,28.425471443062445,71.06128055888459,0.9322039277251368,0.7310096032594114,0.853320153088753,0.6667041632971791,True,True,True,True,24.766179827432047,False,0.6679872425884938,True,False,,arm_ratio_jump,29.646203300061572,4.400597036785882,29.971029751891248,1798.2617851134812,710.1462820308681,157.29820609824725,255.55846285220073,113.07840588872894,-12.593302039966659,21.903207245871755,30.90992151845586,1854.5952911073582,736.081515919014,169.266129674185,8.28248596972665,8.541948455601784,3.390265465597728,False
222,222,3.7,3.7,Sports2D_HALPE26_postprocessed,108.54080780441971,211.61808671537392,1.0,106.04874468417904,235.7145966550208,1.0,146.0770938263684,224.9862431879031,1.0,121.0592202214428,269.4815312580601,1.0,168.81876872341445,264.0421086634853,1.0,137.86061099918112,313.28730734576874,1.0,133.913882371299,282.32370000411834,1.0,176.6049529392731,286.70928216247086,1.0,198.3496510848265,267.3863765893799,1.0,186.97766644867653,358.53228547290377,1.0,257.02171556732685,282.2847268829616,1.0,187.3105670928027,425.1129139863589,1.0,256.5392096149895,320.73430583304673,1.0,179.03376925165364,431.5170831141895,1.0,175.72317186430865,434.5866705111806,1.0,189.4283941407429,434.7747081934557,1.0,247.7906817157672,342.8306790385393,1.0,252.8193090587626,338.0251936728172,1.0,249.54709120912392,334.38288728615896,1.0,1.0,3.7,108.54080780441971,211.61808671537392,False,106.04874468417904,235.7145966550208,False,146.0770938263684,224.9862431879031,False,121.0592202214428,269.4815312580601,False,168.81876872341445,264.0421086634853,False,137.86061099918112,313.28730734576874,False,133.913882371299,282.32370000411834,False,176.6049529392731,286.70928216247086,False,198.3496510848265,267.3863765893799,False,186.97766644867653,358.53228547290377,False,257.02171556732685,282.2847268829616,False,187.3105670928027,425.1129139863589,False,256.5392096149895,320.73430583304673,False,True,87.43186701552632,172.06860941478365,103.5287768045595,45.19451742379496,39.4026353585646,84.59715278235956,0.9881484021953076,1.0133061433487474,1.015862010863948,0.8718454716327841,True,True,True,True,1.857853828205151,False,0.205141308335605,True,False,,arm_ratio_jump,-10.791021686981594,4.862029906045848,11.835771367181408,710.1462820308681,941.1095267022664,156.77011063366177,253.69912464869367,115.97277330930412,-22.856228262362777,28.624575355424668,12.268025265317183,736.081515919014,1037.8867345267456,171.80405007708129,3.270812217701125,3.390265465597728,4.780328641828254,False
223,223,3.716666666666667,3.716666666666667,Sports2D_HALPE26_postprocessed,108.3212269561284,207.61496215803427,1.0,105.39878775678608,233.5082864984112,1.0,146.4651235182933,222.64427575223428,1.0,119.00990518496208,269.30247979840414,1.0,170.80719535468998,260.3919356140944,1.0,134.7982798582742,312.23224319080623,1.0,148.06984450618793,289.07891591023866,1.0,175.93640616840642,284.55605572835435,1.0,196.5635434020404,265.5235178882004,1.0,186.85885220284416,357.62796777358125,1.0,256.9130405557204,282.96028563982804,1.0,187.3377724905033,424.6010077190031,1.0,256.60036709695623,322.0318810276842,1.0,178.85650510420407,431.3133789274358,1.0,175.7363493002306,434.4128201003013,1.0,189.4450943630316,434.7677401894059,1.0,247.7414234875729,343.65288784006333,1.0,252.8205995491455,339.27509700546153,1.0,250.2070760215867,335.951494814692,1.0,1.0,3.716666666666667,108.3212269561284,207.61496215803427,False,105.39878775678608,233.5082864984112,False,146.4651235182933,222.64427575223428,False,119.00990518496208,269.30247979840414,False,170.80719535468998,260.3919356140944,False,134.7982798582742,312.23224319080623,False,148.06984450618793,289.07891591023866,False,175.93640616840642,284.55605572835435,False,196.5635434020404,265.5235178882004,False,186.85885220284416,357.62796777358125,False,256.9130405557204,282.96028563982804,False,187.3377724905033,424.6010077190031,False,256.60036709695623,322.0318810276842,False,True,108.7831194332949,171.9083499465283,105.65707723220628,44.91572426595148,36.60505377839577,81.52077804434725,0.982052773141838,0.941361549391831,0.9789201975198482,0.8149719141041295,True,True,True,True,21.351252417768578,False,0.0568735575286546,False,True,108.7831194332949,valid,14.155962134888938,6.755215906120327,15.68515877837105,941.1095267022664,754.1766028864456,156.09096521138156,251.55803396680005,134.7732470696805,-8.021120705193624,37.52088194343861,17.298112242112364,1037.8867345267456,746.5660981464343,174.1201663098242,4.3345893881605875,4.780328641828254,3.4385556566677526,False
224,224,3.733333333333333,3.733333333333333,Sports2D_HALPE26_postprocessed,109.37873864480493,205.0826206488433,1.0,104.99014779315414,231.3602677777024,1.0,147.01110593555703,219.664531403419,1.0,118.04588115832368,269.7647125960593,1.0,170.96656943852366,266.2278589711592,1.0,132.72367413461538,312.567739564303,1.0,135.51762790122115,289.739941676355,1.0,175.60231207486837,282.59663824500933,1.0,195.0053797910972,263.88051715170303,1.0,186.3535070225196,356.93416512113674,1.0,255.5591367846692,284.19113876865777,1.0,187.4128057868112,424.2691315433211,1.0,256.6615176736144,323.3213162335571,1.0,178.71943584037632,431.4033601796148,1.0,175.9514073796904,434.3756391345287,1.0,189.4861854852053,434.6805515411492,1.0,247.69218160120408,344.4733141747461,1.0,252.82188969290883,340.51846187745423,1.0,250.867504575028,337.44965907628193,1.0,1.0,3.733333333333333,109.37873864480493,205.0826206488433,False,104.99014779315414,231.3602677777024,False,147.01110593555703,219.664531403419,False,118.04588115832368,269.7647125960593,False,170.96656943852366,266.2278589711592,False,132.72367413461538,312.567739564303,False,135.51762790122115,289.739941676355,False,175.60231207486837,282.59663824500933,False,195.0053797910972,263.88051715170303,False,186.3535070225196,356.93416512113674,False,255.5591367846692,284.19113876865777,False,187.4128057868112,424.2691315433211,False,256.6615176736144,323.3213162335571,False,True,96.33048072283997,172.67184928444138,110.15592903784508,52.36418342553087,42.53757737872549,94.90176080425636,1.1449084343349418,1.0939265378772745,1.1396021070964977,0.8123410811746893,True,True,True,True,12.452638710454934,False,0.0026308329294402,False,True,96.33048072283997,valid,-12.552216604966787,0.6610257661163246,12.569610048107046,754.1766028864456,754.1766028864456,155.65223639866917,249.37548864445841,133.57227780736116,-20.134608497448028,40.36445303189657,12.442768302440196,746.5660981464343,746.5660981464343,176.66582015431422,3.473608338793066,3.4385556566677526,3.4385556566677526,False
225,225,3.75,3.75,Sports2D_HALPE26_postprocessed,109.4560240576218,202.44402450898872,1.0,103.74800669383676,229.7078355998431,1.0,147.18207516882325,217.14477940724888,1.0,116.45940171384224,269.08963612491976,1.0,171.16639399116224,256.6860802192701,1.0,129.64965382528075,310.9200995515735,1.0,144.0834952378055,290.6303381743581,1.0,175.21856663887618,282.1647592465397,1.0,194.42671099649635,263.49185000377804,1.0,186.2022058463789,356.43772462832663,1.0,253.87560165952337,285.4971647329429,1.0,187.44532415581656,424.1004271661338,1.0,256.7226572414417,324.5968330973982,1.0,179.12590307835325,431.4934305597207,1.0,176.09257666374657,434.2141434766272,1.0,189.38780121652752,434.2971306968101,1.0,247.6429603935008,345.29131631153734,1.0,252.82317938974867,341.751152637071,1.0,251.52830045885608,338.7309750518888,1.0,1.0,3.75,109.4560240576218,202.44402450898872,False,103.74800669383676,229.7078355998431,False,147.18207516882325,217.14477940724888,False,116.45940171384224,269.08963612491976,False,171.16639399116224,256.6860802192701,False,129.64965382528075,310.9200995515735,False,144.0834952378055,290.6303381743581,False,175.21856663887618,282.1647592465397,False,194.42671099649635,263.49185000377804,False,186.2022058463789,356.43772462832663,False,253.87560165952337,285.4971647329429,False,187.44532415581656,424.1004271661338,False,256.7226572414417,324.5968330973982,False,True,110.17541566631212,172.64048564609146,114.47695526616052,46.24675144567836,43.42460193261566,89.67135337829401,1.0111548071030008,1.116737891015935,1.0767941752616592,0.9389762648220252,True,True,True,True,13.844934943472154,False,0.1266351836473359,False,True,110.17541566631212,valid,8.565867336584347,0.8903964980030992,8.612020038969883,516.721202338181,516.721202338181,155.14383987450813,248.1273060643524,80.86492691280007,-11.060344636702638,42.50303211000568,9.322863566938851,559.3718140163181,559.3718140163181,179.20035971401506,2.3799294096416514,2.5763708264302188,2.5763708264302188,False
226,226,3.7666666666666666,3.7666666666666666,Sports2D_HALPE26_postprocessed,109.24896330512983,199.96945627615867,1.0,102.95928095854087,227.11641469111325,1.0,147.3072120419304,214.79042724809315,1.0,115.0343704321702,267.83875320973186,1.0,171.43772952579798,253.215820703266,1.0,128.0885945624336,310.6400830489721,1.0,148.1268723254628,290.4563912109709,1.0,174.29418801309643,280.435455797432,1.0,193.3023554970055,262.88833501516297,1.0,185.6339249316948,355.6107921540715,1.0,251.0273137651405,286.291575342149,1.0,187.3675120294584,423.8057360517087,1.0,256.78378183348303,325.8451998093925,1.0,179.15984192086097,431.5355635109215,1.0,176.0432562076166,434.2547471776367,1.0,189.4710382513731,433.94379633539575,1.0,247.5937644599463,346.10588721522504,1.0,252.82446853759407,342.9644032459779,1.0,252.18940639529777,340.1657124552137,1.0,1.0,3.7666666666666666,109.24896330512983,199.96945627615867,False,102.95928095854087,227.11641469111325,False,147.3072120419304,214.79042724809315,False,115.0343704321702,267.83875320973186,False,171.43772952579798,253.215820703266,False,128.0885945624336,310.6400830489721,False,148.1268723254628,290.4563912109709,False,174.29418801309643,280.435455797432,False,193.3023554970055,262.88833501516297,False,185.6339249316948,355.6107921540715,False,251.0273137651405,286.291575342149,False,187.3675120294584,423.8057360517087,False,256.78378183348303,325.8451998093925,False,True,115.8272094705132,172.87816057100565,120.34939968521692,45.3739213229811,43.93468055140218,89.30860187438327,0.9920709504696046,1.1298554348884131,1.072438172014662,0.9682804410636212,True,True,True,True,5.651793804201077,False,0.0293041762415958,False,True,115.8272094705132,valid,4.043377087657319,-0.17394696338720905,4.047116976202172,242.8270185721312,375.13531995554587,154.4657591276433,246.30765818795035,116.51301565107603,-6.338886802180497,44.148733023020526,5.000049557581247,300.00297345487587,349.2298846927446,181.8637837430035,1.1184196822974302,1.3817623435508206,1.6084930704315552,False
227,227,3.783333333333333,3.783333333333333,Sports2D_HALPE26_postprocessed,110.176608620506,197.24737556709792,1.0,102.30946519683182,225.13541272514027,1.0,147.55580145164382,212.66977562503808,1.0,114.37112027280529,266.3928891344112,1.0,170.92958401395848,250.54822269977723,1.0,125.87697041554551,309.97684129480047,1.0,153.26713878771417,286.8971276016011,1.0,174.0822614590516,280.65900928572245,1.0,193.72113902201343,263.0775120042671,1.0,185.1271105852459,355.12419387418214,1.0,247.6005655330814,287.7002947585427,1.0,187.22814744730093,423.8876142540589,1.0,256.84488761937723,327.02833230216925,1.0,178.27604993386188,431.5754968805761,1.0,176.06308053996202,434.3871617826068,1.0,189.4510410471088,434.00670855685297,1.0,247.54459869887947,346.9153536029685,1.0,252.8257570323116,344.13560825834986,1.0,252.85077952257848,342.2291477132542,1.0,1.0,3.783333333333333,110.176608620506,197.24737556709792,False,102.30946519683182,225.13541272514027,False,147.55580145164382,212.66977562503808,False,114.37112027280529,266.3928891344112,False,170.92958401395848,250.54822269977723,False,125.87697041554551,309.97684129480047,False,153.26713878771417,286.8971276016011,False,174.0822614590516,280.65900928572245,False,193.72113902201343,263.0775120042671,False,185.1271105852459,355.12419387418214,False,247.6005655330814,287.7002947585427,False,187.22814744730093,423.8876142540589,False,256.84488761937723,327.02833230216925,False,True,122.40659765661611,173.31336961202285,127.7879338342906,44.50966708552401,40.41292935351154,84.92259643903554,0.9731745999272242,1.0392875809442803,1.0197700129257234,0.9079584728382556,True,True,True,True,6.579388186102918,False,0.0603219682253656,False,True,122.40659765661611,valid,5.140266462251361,-3.5592636093697934,6.252255332592409,375.13531995554587,375.13531995554587,154.41716678238518,245.38542741004196,55.41060336669491,-1.1500279946710066,41.51170019155913,5.820498078212389,349.2298846927446,349.2298846927446,184.2247297584838,1.7278090709605178,1.6084930704315552,1.6084930704315552,False
228,228,3.8,3.8,Sports2D_HALPE26_postprocessed,110.41065300913186,193.5579634256086,1.0,102.07120400752932,223.4147582562136,1.0,147.5855502125686,210.0170513212873,1.0,113.97455293851569,265.62943725753206,1.0,171.15363218900404,246.1632933701392,1.0,123.51401135995674,309.8176144330378,1.0,161.49919229090742,284.5298840361738,1.0,174.4695731631767,280.71422088738865,1.0,193.94884883635905,263.2532349886769,1.0,184.5021028562356,354.3625262262205,1.0,240.8409217107924,289.0837300671505,1.0,187.07227905913453,423.4765389800142,1.0,256.9059709128532,328.01116393292966,1.0,178.44936932069524,431.6022546402776,1.0,176.11900215207572,434.4551975766702,1.0,189.53260894172777,433.6964594414823,1.0,247.49546836210865,347.71671339932675,1.0,252.82704476747583,345.18659849425,1.0,253.5123879585624,344.0815590328525,1.0,1.0,3.8,110.41065300913186,193.5579634256086,False,102.07120400752932,223.4147582562136,False,147.5855502125686,210.0170513212873,False,113.97455293851569,265.62943725753206,False,171.15363218900404,246.1632933701392,False,123.51401135995674,309.8176144330378,False,161.49919229090742,284.5298840361738,False,174.4695731631767,280.71422088738865,False,193.94884883635905,263.2532349886769,False,184.5021028562356,354.3625262262205,False,240.8409217107924,289.0837300671505,False,187.07227905913453,423.4765389800142,False,256.9059709128532,328.01116393292966,False,True,132.7703693711552,174.37249781070014,141.27372685138005,43.150959459810046,39.56265270531054,82.7136121651206,0.9434673512180488,1.0174212630361616,0.9932440231889388,0.916842943947942,True,True,True,True,10.363771714539084,False,0.0088844711096864,False,True,132.7703693711552,valid,8.232053503193242,-2.367243565427259,8.565660918895453,513.939655133729,513.939655133729,154.51879405490843,244.3498163633916,62.435134602827496,6.98039823599899,40.18006767278223,8.238754508870308,494.3252705322202,494.3252705322202,186.36013186613872,2.367118079341624,2.276777581305312,2.276777581305312,False
229,229,3.8166666666666655,3.8166666666666655,Sports2D_HALPE26_postprocessed,109.6661222977024,190.7305983092426,1.0,102.1141846281757,221.0124570588784,1.0,147.68636668825786,207.5018242041096,1.0,113.00882192380548,265.5112285949126,1.0,171.02692539548022,242.178622516192,1.0,122.0907022672656,310.1617886291425,1.0,170.8316014201255,284.5479627376536,1.0,174.03719057987516,279.21746288682715,1.0,193.7524205364088,262.3779315953934,1.0,183.6244112318503,353.86903196400704,1.0,237.72630225182235,290.4074740178065,1.0,187.02436436905376,423.6459643995527,1.0,256.9670281852823,329.2153663554105,1.0,178.76172235697473,431.5645217918948,1.0,176.1463701655689,434.380380046645,1.0,189.6065348123737,433.6679530397863,1.0,247.4463791130584,348.5039686734086,1.0,252.82833163418096,345.8041075222536,1.0,254.17420822316487,345.8094908343349,1.0,1.0,3.8166666666666655,109.6661222977024,190.7305983092426,False,102.1141846281757,221.0124570588784,False,147.68636668825786,207.5018242041096,False,113.00882192380548,265.5112285949126,False,171.02692539548022,242.178622516192,False,122.0907022672656,310.1617886291425,False,170.8316014201255,284.5479627376536,False,174.03719057987516,279.21746288682715,False,193.7524205364088,262.3779315953934,False,183.6244112318503,353.86903196400704,False,237.72630225182235,290.4074740178065,False,187.02436436905376,423.6459643995527,False,256.9670281852823,329.2153663554105,False,True,145.7918178598359,175.47136641376457,148.8859283638433,41.800263419530445,42.3697904438683,84.17005386339875,0.913935270555736,1.089611609946255,1.01073330910055,1.0136249625659477,True,True,True,True,13.021448488680704,False,0.0967820186180057,False,True,145.7918178598359,valid,9.332409129218092,0.01807870147979429,9.332426640191734,559.9455984115359,513.939655133729,154.39754060817938,242.52741893630215,109.58560676559019,16.434060811946125,42.020543801351465,9.631151980926093,577.8691188555985,494.3252705322202,189.01791670026552,2.579013579138629,2.6615662462947567,2.276777581305312,False
230,230,3.8333333333333335,3.8333333333333335,Sports2D_HALPE26_postprocessed,109.40312943204374,186.9726446799621,1.0,102.00420887797256,218.80866800283871,1.0,147.8245087394773,205.9091719013597,1.0,111.56653894428686,264.4633080095793,1.0,170.5031007209674,240.0965161317968,1.0,120.24271469983066,310.27549417231296,1.0,172.80727036100606,284.38429144130333,1.0,172.8789822848608,277.5454312042116,1.0,193.13404134008616,261.5696814522439,1.0,182.40150509596748,353.2913382462951,1.0,235.05052700126487,293.09532147811666,1.0,186.94020323252937,423.3545569739045,1.0,257.0280559885548,330.869649521552,1.0,178.85314076324,431.55533880426526,1.0,176.1415264320708,434.3305038738312,1.0,189.54185059246765,433.4060284745135,1.0,247.3973370915968,349.263047852228,1.0,252.82961751837016,347.5932677483944,1.0,254.83622324981607,347.4935897598276,1.0,1.0,3.8333333333333335,109.40312943204374,186.9726446799621,False,102.00420887797256,218.80866800283871,False,147.8245087394773,205.9091719013597,False,111.56653894428686,264.4633080095793,False,170.5031007209674,240.0965161317968,False,120.24271469983066,310.27549417231296,False,172.80727036100606,284.38429144130333,False,172.8789822848608,277.5454312042116,False,193.13404134008616,261.5696814522439,False,182.40150509596748,353.2913382462951,False,235.05052700126487,293.09532147811666,False,186.94020323252937,423.3545569739045,False,257.0280559885548,330.869649521552,False,True,149.41946294415015,176.54100113018853,157.1383710661157,41.02551693511377,44.347674568069664,85.37319150318343,0.8969959481705899,1.1404762822111156,1.0251808617887843,1.0809778372374987,True,True,True,True,3.6276450843142527,False,0.067352874671551,False,True,149.41946294415015,valid,1.9756689408805528,-0.16367129635028732,1.9824368986701868,118.94621392020213,163.67065323927264,153.96043531059922,240.95823814016347,97.73536659630219,18.84683505040684,43.42605330113986,2.7922994967902524,167.53796980740233,167.53796980740233,191.2227805716684,0.5478459010260337,0.7716512110825561,0.7716512110825561,False
231,231,3.85,3.85,Sports2D_HALPE26_postprocessed,109.50418635701196,184.87069944728933,1.0,101.98944495513804,217.1381950589928,1.0,148.01157485747325,203.3265921805543,1.0,110.4424349224438,263.74499859774755,1.0,169.81142136898993,238.3742823555621,1.0,118.34149850514288,310.20837175091134,1.0,170.38502201152005,283.1297608416085,1.0,171.9500994845773,276.8220511303314,1.0,192.18733158833044,260.90514326771347,1.0,181.5797009501688,352.3706467048452,1.0,229.12584892676568,295.2116452713217,1.0,186.94217427746744,423.16517176688336,1.0,257.0890448952453,332.3706659688783,1.0,178.72288343295423,431.653668741946,1.0,176.00826111099957,434.3148037533865,1.0,189.65529770678307,433.3417079376634,1.0,247.3483488276028,349.95168362716095,1.0,252.8309021306441,349.15293993418254,1.0,255.4984206542984,349.16101936943795,1.0,1.0,3.85,109.50418635701196,184.87069944728933,False,101.98944495513804,217.1381950589928,False,148.01157485747325,203.3265921805543,False,110.4424349224438,263.74499859774755,False,169.81142136898993,238.3742823555621,False,118.34149850514288,310.20837175091134,False,170.38502201152005,283.1297608416085,False,171.9500994845773,276.8220511303314,False,192.18733158833044,260.90514326771347,False,181.5797009501688,352.3706467048452,False,229.12584892676568,295.2116452713217,False,186.94217427746744,423.16517176688336,False,257.0890448952453,332.3706659688783,False,True,148.85245286804715,177.06782613747194,169.84675342749958,41.27437333902265,44.75915406050561,86.03352739952825,0.9024370297865906,1.1510581809534983,1.033110326663711,1.0844296457964218,True,True,True,True,0.5670100761030028,False,0.003451808558923,False,True,148.85245286804715,valid,-2.4222483494860114,-1.2545305996948173,2.7278442206545344,163.67065323927264,118.94621392020213,153.53461272137974,239.54799540939797,88.38774787152089,16.850409290140306,43.581765432210545,2.002488972258868,120.14933833553252,120.14933833553252,193.59773187227526,0.7538390129470081,0.5533872861415389,0.5533872861415389,False
232,232,3.866666666666666,3.866666666666666,Sports2D_HALPE26_postprocessed,109.51230050045184,182.7826751749272,1.0,101.86220108866326,215.61092245213715,1.0,148.0413556110929,201.69376193728544,1.0,109.35872906663695,262.86765702999054,1.0,168.8792559818966,237.7009531682209,1.0,116.71550560289036,309.5067415685488,1.0,168.80607005897798,283.00646237268336,1.0,171.32643206231393,276.0924024822338,1.0,191.62291137161856,260.0899804163057,1.0,181.01292951562831,351.69717163626547,1.0,222.7093683839027,296.63682160624603,1.0,186.92318054374567,422.7421302709984,1.0,257.1495732533793,333.7748725266613,1.0,178.6822414880149,431.6083003482207,1.0,175.9735875381986,434.3273157933489,1.0,189.71746754172847,433.3014104181637,1.0,247.29940940868727,350.40960763138645,1.0,252.8321728348949,350.53193090188785,1.0,256.1607810265583,350.8205649628006,1.0,1.0,3.866666666666666,109.51230050045184,182.7826751749272,False,101.86220108866326,215.61092245213715,False,148.0413556110929,201.69376193728544,False,109.35872906663695,262.86765702999054,False,168.8792559818966,237.7009531682209,False,116.71550560289036,309.5067415685488,False,168.80607005897798,283.00646237268336,False,171.32643206231393,276.0924024822338,False,191.62291137161856,260.0899804163057,False,181.01292951562831,351.69717163626547,False,222.7093683839027,296.63682160624603,False,186.92318054374567,422.7421302709984,False,257.1495732533793,333.7748725266613,False,True,149.84883645460198,177.45453096504133,177.5427338040052,41.60211427565546,45.30556831621192,86.90768259186737,0.909602869833755,1.1651101578601697,1.0436073826790755,1.0890208131254433,True,True,True,True,0.9963835865548276,False,0.0045911673290215,False,True,149.84883645460198,valid,-1.57895195254207,-0.12329846892515661,1.5837587508442388,95.02552505065972,163.67065323927264,153.21322503342216,238.37176682199055,73.16073707186976,15.592845025555818,44.63469555069281,1.64016149020973,98.40968941258939,120.14933833553252,195.4268879026937,0.43767130265092635,0.4532581844269646,0.5533872861415389,False
233,233,3.883333333333333,3.883333333333333,Sports2D_HALPE26_postprocessed,110.32043567713136,180.40922057325668,1.0,101.59501410910472,214.0628972658473,1.0,147.93913758447425,199.91573864537887,1.0,108.86592262455844,262.003376865077,1.0,168.37502174099333,236.32120804939828,1.0,114.56684730645688,309.2950751626045,1.0,165.2528799816671,279.3165471400565,1.0,170.3261792017891,275.41873291400134,1.0,190.50427842988432,259.6235803662508,1.0,180.12155640103168,351.16637215591123,1.0,215.32331575861,299.22636281308587,1.0,186.77342309937643,421.91832623898006,1.0,257.17893102469185,335.40965181998934,1.0,178.7160228591331,431.5957544785707,1.0,176.10393585391142,434.3543363491033,1.0,189.78636541661032,433.031155386675,1.0,247.2495537551138,351.433170107,1.0,252.8324458706097,351.85473333935306,1.0,256.822547040813,352.4804582205162,1.0,1.0,3.883333333333333,110.32043567713136,180.40922057325668,False,101.59501410910472,214.0628972658473,False,147.93913758447425,199.91573864537887,False,108.86592262455844,262.003376865077,False,168.37502174099333,236.32120804939828,False,114.56684730645688,309.2950751626045,False,165.2528799816671,279.3165471400565,False,170.3261792017891,275.41873291400134,False,190.50427842988432,259.6235803662508,False,180.12155640103168,351.16637215591123,False,215.32331575861,299.22636281308587,False,186.77342309937643,421.91832623898006,False,257.17893102469185,335.40965181998934,False,True,146.5394243350366,178.00260708769272,162.9180617133912,41.74905464541277,43.10854848734776,84.85760313276052,0.9128156243860854,1.108610036246777,1.0189895583993742,1.032563464094734,True,True,True,True,3.3094121195653656,False,0.0564573490307094,False,True,146.5394243350366,valid,-3.5531900773108873,-3.689915232626845,5.1225612880152225,307.35367728090625,156.37850015351802,152.59115233131308,237.25523729786957,76.68771381254574,12.66172765035401,42.061309842186944,3.900482415285599,234.02894491713053,107.46342604137742,197.28609187521985,1.4156184271370438,1.0778972610285122,0.49495814559074197,False
234,234,3.9,3.9,Sports2D_HALPE26_postprocessed,110.7708073306374,178.72775780587082,1.0,101.66064638644204,212.74370604477056,1.0,147.94465741151535,197.98043961939987,1.0,108.06752911792856,262.0066897450505,1.0,167.96713025723182,234.3275213981322,1.0,112.74092263664252,309.17450682465085,1.0,164.32762487929656,276.8800032481314,1.0,169.27320755832517,275.10419750207683,1.0,190.3583783537096,260.13255726079643,1.0,179.13261857052325,350.8456231801436,1.0,211.9310281879698,303.0348175660422,1.0,186.67202988598143,421.0020193493588,1.0,254.69437824609463,349.04916184988406,1.0,179.14430932453794,431.4968269034897,1.0,176.08250133621985,434.3436527322641,1.0,189.7785911182989,432.439961252913,1.0,247.113693614884,352.7417642313773,1.0,252.74652659921145,353.41788940625725,1.0,257.42560145246983,354.3273299029844,1.0,1.0,3.9,110.7708073306374,178.72775780587082,False,101.66064638644204,212.74370604477056,False,147.94465741151535,197.98043961939987,False,108.06752911792856,262.0066897450505,False,167.96713025723182,234.3275213981322,False,112.74092263664252,309.17450682465085,False,164.32762487929656,276.8800032481314,False,169.27320755832517,275.10419750207683,False,190.3583783537096,260.13255726079643,False,179.13261857052325,350.8456231801436,False,211.9310281879698,303.0348175660422,False,186.67202988598143,421.0020193493588,False,254.69437824609463,349.04916184988406,False,True,146.26240385703952,178.71719301720827,163.7919405583649,41.49710559409305,42.70784132908769,84.20494692318074,0.9073069240682649,1.098305166497488,1.0111523129642677,1.0291763899592792,True,True,True,True,0.2770204779970981,False,0.0033870741354546,False,True,146.26240385703952,valid,-0.925255102370528,-2.436543891925112,2.606308335892027,156.37850015351802,241.8950541118304,152.30922242749804,236.49022510676093,48.91851636707601,12.018402451798522,40.38977814137047,1.791057100689665,107.46342604137742,211.3459894033349,203.64690005120622,0.7202526040482335,0.49495814559074197,0.973423450624378,False
235,235,3.9166666666666665,3.9166666666666665,Sports2D_HALPE26_postprocessed,111.97102120126692,176.26569693147297,1.0,101.4622063182012,212.2116885275311,1.0,148.54335723956652,196.42511935364703,1.0,107.71052475649132,261.4644438605552,1.0,167.06440875952202,231.77937553637065,1.0,110.57610619217157,308.6850081286533,1.0,161.48837185750665,274.0177814321732,1.0,168.30151694961623,274.35614205839863,1.0,190.7323770080401,260.1204783466291,1.0,178.24000230455758,350.5110877511545,1.0,206.08365572558287,305.3610004603159,1.0,186.6619002983015,420.0738948489836,1.0,242.08386516753163,357.2792464935095,1.0,179.44516657064096,431.50428005375886,1.0,175.78931366738948,434.42190053474326,1.0,189.59197464828785,432.10786272113273,1.0,238.6987539660433,364.82431356522,1.0,244.44590061380407,365.4257990844463,1.0,252.9802135147781,363.75735846842696,1.0,1.0,3.9166666666666665,111.97102120126692,176.26569693147297,False,101.4622063182012,212.2116885275311,False,148.54335723956652,196.42511935364703,False,107.71052475649132,261.4644438605552,False,167.06440875952202,231.77937553637065,False,110.57610619217157,308.6850081286533,False,161.48837185750665,274.0177814321732,False,168.30151694961623,274.35614205839863,False,190.7323770080401,260.1204783466291,False,178.24000230455758,350.5110877511545,False,206.08365572558287,305.3610004603159,False,186.6619002983015,420.0738948489836,False,242.08386516753163,357.2792464935095,False,True,144.83095695024107,179.46786615385935,164.00589086622108,39.91181253261367,42.60487202364542,82.5166845562591,0.8726455338154863,1.095657134739421,0.9908792713012796,1.067475249058938,True,True,True,True,1.431446906798442,False,0.0382988590996589,False,True,144.83095695024107,valid,-2.839253021789915,-2.8622218159582076,4.031584235197159,241.8950541118304,156.37850015351802,152.259864378856,235.77835707155145,42.8146276343438,9.228507478650641,38.23942436062174,3.5224331567222356,211.3459894033349,107.46342604137742,204.87788700790261,1.1141272135197333,0.973423450624378,0.49495814559074197,False
236,236,3.933333333333333,3.933333333333333,Sports2D_HALPE26_postprocessed,114.52802738343767,173.67388695309145,1.0,101.24028234084976,211.1686584799669,1.0,150.29888669084184,194.6952934510268,1.0,107.2642728639809,260.7212636826744,1.0,169.14908003142472,230.13959466900525,1.0,108.3083810836351,307.82705794618505,1.0,161.3282514090916,273.0540760102141,1.0,167.46242780583992,274.53567415498026,1.0,189.8445216216392,260.8227879951248,1.0,177.85002350513912,350.89034604871205,1.0,201.24229606583268,310.2442075858367,1.0,186.74311995856087,420.35368857989175,1.0,227.4002598194976,364.245485207006,1.0,176.99662657435118,432.1387907574229,1.0,175.17691653362627,434.854436929125,1.0,189.37579772391712,431.93711348987,1.0,221.866257685113,374.1586125918157,1.0,229.03153242408243,372.4365404708271,1.0,232.5351951169868,372.6950414833345,1.0,1.0,3.933333333333333,114.52802738343767,173.67388695309145,False,101.24028234084976,211.1686584799669,False,150.29888669084184,194.6952934510268,False,107.2642728639809,260.7212636826744,False,169.14908003142472,230.13959466900525,False,108.3083810836351,307.82705794618505,False,161.3282514090916,273.0540760102141,False,167.46242780583992,274.53567415498026,False,189.8445216216392,260.8227879951248,False,177.85002350513912,350.89034604871205,False,201.24229606583268,310.2442075858367,False,186.74311995856087,420.35368857989175,False,227.4002598194976,364.245485207006,False,True,141.66644238146588,179.5484615373401,167.1413975494291,40.14509033254432,43.62130292786848,83.7663932604128,0.8777459995004622,1.121796393450574,1.005886060010373,1.086591226138209,True,True,True,True,3.164514568775189,True,0.0191159770792705,False,False,,angle_jump,-0.16012044841505713,-0.963705421959105,0.9769169352171225,58.61501611302756,241.8950541118304,152.21152961479268,235.3056035202747,28.51308139753798,9.116721794298911,37.74847248993939,0.5035174064046698,30.211044384280296,211.3459894033349,206.0828095855461,0.2699707309527326,0.13914689914171763,0.973423450624378,False
237,237,3.95,3.95,Sports2D_HALPE26_postprocessed,115.34532386407976,172.7922909339369,1.0,101.2996389946099,209.78750736996565,1.0,151.34611769279172,193.31818302402263,1.0,106.01139286341578,258.70042840635074,1.0,173.04991572761372,227.38769501848407,1.0,105.96860739220573,305.83455614127485,1.0,150.39722662466545,255.3150342517135,1.0,166.73147301926042,273.90617341149084,1.0,187.9493915611303,261.6923363671236,1.0,176.79112943722723,351.01682313237256,1.0,195.84243665944248,314.55574986610645,1.0,186.6889879506584,420.1904074937525,1.0,212.79085865146223,369.83567942152274,1.0,175.4595179559674,432.9698726773149,1.0,174.64497217552994,434.9768123902189,1.0,188.7063002237251,431.7542684685609,1.0,205.16712434534705,383.2302456034487,1.0,214.6813954596887,382.4905814387566,1.0,216.6992043671264,378.40632611077547,1.0,1.0,3.95,115.34532386407976,172.7922909339369,False,101.2996389946099,209.78750736996565,False,151.34611769279172,193.31818302402263,False,106.01139286341578,258.70042840635074,False,173.04991572761372,227.38769501848407,False,105.96860739220573,305.83455614127485,False,150.39722662466545,255.3150342517135,False,166.73147301926042,273.90617341149084,False,187.9493915611303,261.6923363671236,False,176.79112943722723,351.01682313237256,False,195.84243665944248,314.55574986610645,False,186.6889879506584,420.1904074937525,False,212.79085865146223,369.83567942152274,False,True,108.4545179866001,179.28966042503626,171.44695052608574,40.39537716963533,35.95942992099163,76.35480709062696,0.8832183565972942,0.92475822793765,0.9168860336205952,0.8901867599845523,True,True,True,True,33.21192439486579,True,0.1964044661536563,False,False,,angle_jump,-10.931024784426143,-17.739041758500576,20.836528150043755,1250.1916890025964,351.59941668872455,151.8316553169481,234.6760500431507,44.11701968400142,-1.434428692282637,20.638984208562817,20.101277716629166,1206.0766629977222,353.4011467790141,206.92247534117323,5.758168921428436,5.554982662918005,1.6277051895966186,False
238,238,3.966666666666667,3.966666666666667,Sports2D_HALPE26_postprocessed,115.43942299322704,171.36195069428413,1.0,101.51625817230988,209.3900373065432,1.0,151.60905137796163,192.49426223201075,1.0,105.13591064144543,258.0872066662351,1.0,175.31508757186455,225.84366046038969,1.0,103.27778903927752,305.57417124452746,1.0,152.84171609221715,249.98925193331303,1.0,165.87266738916546,274.03063047410666,1.0,187.0209211408813,262.27519757269226,1.0,175.52965177725622,350.63063693902603,1.0,189.34538238729013,313.44706206679865,1.0,186.6349043582506,420.4633800804965,1.0,199.07900741822664,373.04513020587416,1.0,176.42370491798005,433.0320639627388,1.0,174.85103267914417,435.0730802487856,1.0,188.54410909089623,432.1242309207736,1.0,185.6045296483036,389.936237472297,1.0,192.44426464921543,383.64480277566514,1.0,204.80309651381904,381.7534946514738,1.0,1.0,3.966666666666667,115.43942299322704,171.36195069428413,False,101.51625817230988,209.3900373065432,False,151.60905137796163,192.49426223201075,False,105.13591064144543,258.0872066662351,False,175.31508757186455,225.84366046038969,False,103.27778903927752,305.57417124452746,False,152.84171609221715,249.98925193331303,False,165.87266738916546,274.03063047410666,False,187.0209211408813,262.27519757269226,False,175.52965177725622,350.63063693902603,False,189.34538238729013,313.44706206679865,False,186.6349043582506,420.4633800804965,False,199.07900741822664,373.04513020587416,False,True,101.64763591839768,178.14950739188254,173.32513143407044,40.916482182876365,32.985785017785126,73.9022672006615,0.8946119750174564,0.8482858645757437,0.8874353721928516,0.8061735334517528,True,True,True,True,6.8068820682024125,True,0.0840132265327995,False,False,,angle_jump,2.444489467551705,-5.325782318400485,5.859990278145388,351.59941668872455,921.9110574764286,151.50472452007958,234.54753189633823,21.077058049079966,1.3369915721375776,15.4417200369748,5.8900191129835475,353.4011467790141,933.6966302355304,206.7300533813053,1.6194067292069285,1.6277051895966186,4.3004468559169275,False
239,239,3.983333333333333,3.983333333333333,Sports2D_HALPE26_postprocessed,115.69210340920742,170.475959926865,1.0,101.96717059590983,208.98035241437915,1.0,152.10395474515573,191.7729073254972,1.0,104.19517149143594,257.86769465377745,1.0,177.06914921938687,225.5428836289098,1.0,101.72527451487522,303.6360048034759,1.0,152.5774047406842,234.62634114745464,1.0,165.5574380446371,275.01477813950225,1.0,186.0187479954503,263.2131121204318,1.0,174.95109261373136,350.94259898593464,1.0,182.01873576091364,313.3280598886316,1.0,186.59360171217665,420.0846493315548,1.0,186.4816922727533,375.4703480342181,1.0,176.3875302383477,432.98190087741887,1.0,174.87035718181951,435.3020540673607,1.0,188.69975034263777,432.48269258518,1.0,164.86972000923024,394.7994931997994,1.0,174.44599984389208,384.98006276812754,1.0,189.8703289405652,385.9047859074418,1.0,1.0,3.983333333333333,115.69210340920742,170.475959926865,False,101.96717059590983,208.98035241437915,False,152.10395474515573,191.7729073254972,False,104.19517149143594,257.86769465377745,False,177.06914921938687,225.5428836289098,False,101.72527451487522,303.6360048034759,False,152.5774047406842,234.62634114745464,False,165.5574380446371,275.01477813950225,False,186.0187479954503,263.2131121204318,False,174.95109261373136,350.94259898593464,False,182.01873576091364,313.3280598886316,False,186.59360171217665,420.0846493315548,False,186.4816922727533,375.4703480342181,False,True,73.87425058786336,177.4945861557178,171.3286762142423,41.99609785050548,26.121920834832803,68.11801868533828,0.9182170616023846,0.6717698604962037,0.8179767895472861,0.6220082858131161,True,True,True,True,27.773385330534325,True,0.1841652476386367,False,False,,angle_jump,-0.26431135153296736,-15.36291078585839,15.365184291273346,921.9110574764286,351.59941668872455,151.41182784528826,234.7452874999526,13.109288898084165,1.1655768953959296,-0.11894635249797147,15.561610503925037,933.6966302355304,353.4011467790141,206.17371570295066,4.246164525151447,4.3004468559169275,1.6277051895966186,False
240,240,4.0,4.0,Sports2D_HALPE26_postprocessed,115.71822228776728,168.31345115262397,1.0,102.37548959886,208.7117724904509,1.0,152.5720737314349,190.8849696754708,1.0,103.536288881467,257.7274084620644,1.0,177.66499341839278,226.329387050944,1.0,99.67595251791954,302.94563737112054,1.0,154.97338904850506,234.717767662638,1.0,163.8932928941313,277.73783708414845,1.0,185.1246935629819,267.31902357751625,1.0,176.10619984989825,351.72475394920656,1.0,173.5549342989403,320.18735652011964,1.0,186.5699051234224,420.17813184448886,1.0,176.80535116844922,378.1672112206832,1.0,176.9678637948616,433.2161567565366,1.0,174.6211756635903,435.091354344393,1.0,188.79425414871736,432.1129952619164,1.0,159.1994204826481,390.5771231207029,1.0,164.16227090250015,383.7353148583079,1.0,177.33735904297652,385.6119366442149,1.0,1.0,4.0,115.71822228776728,168.31345115262397,False,102.37548959886,208.7117724904509,False,152.5720737314349,190.8849696754708,False,103.536288881467,257.7274084620644,False,177.66499341839278,226.329387050944,False,99.67595251791954,302.94563737112054,False,154.97338904850506,234.717767662638,False,163.8932928941313,277.73783708414845,False,185.1246935629819,267.31902357751625,False,176.10619984989825,351.72475394920656,False,173.5549342989403,320.18735652011964,False,186.5699051234224,420.17813184448886,False,176.80535116844922,378.1672112206832,False,True,74.9911527580309,179.3176902422926,164.44722842409556,43.42765641273847,24.19243348996028,67.62008990269874,0.949517148129578,0.6221497941660967,0.8119975465377658,0.5570743505022299,True,True,True,True,1.116902170167549,True,0.0649339353108862,False,False,,angle_jump,2.395984307820868,0.09142651518337175,2.3977280102218472,143.8636806133075,306.16727160325024,150.991387446852,236.1634007068966,88.74758986499819,3.982001601653053,-1.4456330442585852,3.113253234818884,186.79519408912873,299.34410664187004,206.61377696083073,0.6626114874357747,0.8603466898218838,1.378727715789827,False
241,241,4.016666666666667,4.016666666666667,Sports2D_HALPE26_postprocessed,115.81642654805702,167.06487304216637,1.0,102.63108610489216,208.317093544159,1.0,152.985557231003,190.9333152594686,1.0,102.812461585051,257.15092208634644,1.0,176.88083410014957,227.7367844274777,1.0,97.96717358835107,301.4663158112918,1.0,151.54109583418773,230.9418164929766,1.0,162.78538964365487,279.1693165840538,1.0,183.23407010980569,267.50991117690035,1.0,175.79930926517443,351.9194069225572,1.0,170.78531947568416,323.6525775318973,1.0,186.54268769796784,419.3377420264774,1.0,166.01439911916333,379.6615155948961,1.0,177.0797180150025,432.97968628267904,1.0,173.07021568658675,434.9950438292459,1.0,188.61753856980525,431.8485597238973,1.0,144.62862650967276,392.2428968728653,1.0,151.882010391191,387.3334546620814,1.0,166.98010993526586,388.8233620968172,1.0,1.0,4.016666666666667,115.81642654805702,167.06487304216637,False,102.63108610489216,208.317093544159,False,152.985557231003,190.9333152594686,False,102.812461585051,257.15092208634644,False,176.88083410014957,227.7367844274777,False,97.96717358835107,301.4663158112918,False,151.54109583418773,230.9418164929766,False,162.78538964365487,279.1693165840538,False,183.23407010980569,267.50991117690035,False,175.79930926517443,351.9194069225572,False,170.78531947568416,323.6525775318973,False,186.54268769796784,419.3377420264774,False,166.01439911916333,379.6615155948961,False,True,64.21429970146174,178.91208479095366,172.3666217012386,43.88028713960024,25.5416241834447,69.42191132304494,0.959413621308811,0.656846539848605,0.8336342313562212,0.5820751377990503,True,True,True,True,10.776853056569166,False,0.0250007872968204,False,True,64.21429970146174,valid,-3.432293214317326,-3.775951169661397,5.1027878600541525,306.16727160325024,143.8636806133075,150.4090257723389,236.4824091411454,39.840700343102476,1.1320700618488218,-5.540592648168797,4.989068444031149,299.34410664187004,186.79519408912873,205.66756654456472,1.4101540456654829,1.378727715789827,0.8603466898218838,False
242,242,4.033333333333333,4.033333333333333,Sports2D_HALPE26_postprocessed,115.5837315831552,166.76744008813668,1.0,102.94299949644382,207.55269318603737,1.0,153.53639160944417,191.086318030356,1.0,101.51049616084468,257.2245509822612,1.0,176.89313845041556,227.68637806474425,1.0,95.685849232629,300.6629673895275,1.0,149.4324232520977,231.97410930600708,1.0,162.36737754576814,280.40200422835017,1.0,181.40043742789857,269.841590813482,1.0,174.67683278192305,352.1895984413059,1.0,163.35701159830805,326.5819095116967,1.0,186.60631084661176,419.6739906999045,1.0,154.96330684284837,381.928623332162,1.0,176.6774729052152,432.90847978614136,1.0,173.57245097751886,435.0352590874825,1.0,188.6323909221608,431.6508148697261,1.0,132.01223205332033,393.5454034843155,1.0,138.4341026276593,389.6285697846527,1.0,156.4439820701955,391.19460276307296,1.0,1.0,4.033333333333333,115.5837315831552,166.76744008813668,False,102.94299949644382,207.55269318603737,False,153.53639160944417,191.086318030356,False,101.51049616084468,257.2245509822612,False,176.89313845041556,227.68637806474425,False,95.685849232629,300.6629673895275,False,149.4324232520977,231.97410930600708,False,162.36737754576814,280.40200422835017,False,181.40043742789857,269.841590813482,False,174.67683278192305,352.1895984413059,False,163.35701159830805,326.5819095116967,False,186.60631084661176,419.6739906999045,False,154.96330684284837,381.928623332162,False,True,66.33008877564687,179.70508110321524,170.98291286388542,43.41776154425801,27.79344380245865,71.21120534671667,0.9493008033374166,0.7147559317686076,0.8551204843225625,0.6401399522664781,True,True,True,True,2.1157890741851304,False,0.0580648144674278,False,True,66.33008877564687,valid,-2.108672582090037,1.032292813030466,2.347792263019157,140.86753578114994,140.86753578114994,150.06180151988866,237.22065156455636,48.94935756440451,-0.629378267790969,-5.246542258549283,1.7858235774079692,107.14941464447853,107.14941464447853,205.92475073083804,0.6488117571956928,0.4935118628466613,0.4935118628466613,False
243,243,4.05,4.05,Sports2D_HALPE26_postprocessed,115.5213326528351,166.87951321728946,1.0,103.29646378270772,206.78894684977453,1.0,153.8774917757043,191.28246448062225,1.0,99.95822413159344,257.03960200492816,1.0,176.06406890339576,228.77607663401807,1.0,93.534838920104,300.0188950239316,1.0,147.54862517344696,233.27905189372905,1.0,161.36310183308905,282.0395812124708,1.0,178.087696438571,272.45471077469267,1.0,173.62942403748423,352.4898193465067,1.0,158.8493324508906,332.06039416094404,1.0,186.63046944207065,419.43916314236094,1.0,144.18169098007044,384.3452770477005,1.0,176.451882863501,432.7497013152382,1.0,174.32046723271912,435.1150033990783,1.0,188.631378439324,431.625229636841,1.0,117.82504678737746,394.1395019369505,1.0,127.55397491019816,390.70323059980586,1.0,147.09008798461278,394.5753754784428,1.0,1.0,4.05,115.5213326528351,166.87951321728946,False,103.29646378270772,206.78894684977453,False,153.8774917757043,191.28246448062225,False,99.95822413159344,257.03960200492816,False,176.06406890339576,228.77607663401807,False,93.534838920104,300.0188950239316,False,147.54862517344696,233.27905189372905,False,161.36310183308905,282.0395812124708,False,178.087696438571,272.45471077469267,False,173.62942403748423,352.4898193465067,False,158.8493324508906,332.06039416094404,False,186.63046944207065,419.43916314236094,False,144.18169098007044,384.3452770477005,False,True,68.35905721821952,178.88732425613415,177.78253443648157,43.56621577498179,28.868794871027184,72.43501064600898,0.9525466574642184,0.7424104232542966,0.8698162190057785,0.6626417823419333,True,True,True,True,2.028968442572648,False,0.0225018300754551,False,True,68.35905721821952,valid,-1.8837980786507273,1.3049425877219676,2.2916305021487817,137.4978301289274,137.4978301289274,149.156188457518,238.14142582939007,77.4897216142837,-1.607563284071034,-4.862373935661026,1.050919229239625,63.05515375437773,107.14941464447853,206.17083147358383,0.6332914697616359,0.2904212449004653,0.4935118628466613,False
244,244,4.066666666666666,4.066666666666666,Sports2D_HALPE26_postprocessed,115.5130010849883,166.70027964984976,1.0,103.88314117689517,205.7338616543573,1.0,153.64749263161167,191.26787861161665,1.0,98.88732054782774,256.12589155102773,1.0,175.61102450161627,229.29997143898964,1.0,90.57003148356796,298.7461954818071,1.0,147.87439347197295,235.5183916008756,1.0,159.5102849102369,282.515232897661,1.0,176.05356742837486,273.04972495820954,1.0,172.6910430311049,352.6884861941678,1.0,154.88225149343623,333.6024727888669,1.0,186.6669673265255,419.0044446657841,1.0,136.26752084163425,386.18903283775927,1.0,175.8189606944703,432.61589057208033,1.0,174.4795438573119,435.193734759924,1.0,188.6997224058096,431.55592223715865,1.0,108.4691657697148,395.8642234038856,1.0,117.68320373231846,392.4425262637904,1.0,139.2024240748368,397.3543908615269,1.0,1.0,4.066666666666666,115.5130010849883,166.70027964984976,False,103.88314117689517,205.7338616543573,False,153.64749263161167,191.26787861161665,False,98.88732054782774,256.12589155102773,False,175.61102450161627,229.29997143898964,False,90.57003148356796,298.7461954818071,False,147.87439347197295,235.5183916008756,False,159.5102849102369,282.515232897661,False,176.05356742837486,273.04972495820954,False,172.6910430311049,352.6884861941678,False,154.88225149343623,333.6024727888669,False,186.6669673265255,419.0044446657841,False,136.26752084163425,386.18903283775927,False,True,72.63005560249212,178.7372169977028,179.77829582407915,43.91852475931568,28.425155235887846,72.34367999520353,0.9602496617176788,0.7310014714512296,0.868719499606493,0.6472247278720014,True,True,True,True,4.270998384272602,False,0.0154170544699319,False,True,72.63005560249212,valid,0.3257682985259862,2.2393397071465415,2.262911246232975,135.77467477397897,137.4978301289274,148.27362153677964,238.1416745304611,52.95401734676718,-0.3992280648066924,-2.623282929585514,2.5443275212917955,152.65965127750826,152.65965127750826,206.6991524620527,0.6253549111531131,0.7031242226890418,0.7031242226890418,False
245,245,4.083333333333333,4.083333333333333,Sports2D_HALPE26_postprocessed,115.58916236180072,166.09393352822178,1.0,104.88816160668246,204.4326199653756,1.0,153.78994530831565,191.34178473819927,1.0,97.94496409179126,254.1220437064269,1.0,175.2968553485717,229.57840932842385,1.0,87.67664606927234,297.1053360712201,1.0,149.64387182121294,244.8831151402275,1.0,156.87166736480302,282.75963039234387,1.0,172.98909392050285,274.7698044135787,1.0,171.49696122986788,352.8446843957012,1.0,148.3195073762135,337.3927947534775,1.0,186.6098839066026,419.23658159567617,1.0,127.21690294846174,389.47003714166607,1.0,176.03273527395274,432.93865396062097,1.0,174.8337078559412,435.3181316285019,1.0,189.034670905482,431.5982415243469,1.0,101.1611112792482,397.8781256617506,1.0,107.11028823249904,394.4482396669236,1.0,130.10019393240873,400.3075200518695,1.0,1.0,4.083333333333333,115.58916236180072,166.09393352822178,False,104.88816160668246,204.4326199653756,False,153.78994530831565,191.34178473819927,False,97.94496409179126,254.1220437064269,False,175.2968553485717,229.57840932842385,False,87.67664606927234,297.1053360712201,False,149.64387182121294,244.8831151402275,False,156.87166736480302,282.75963039234387,False,172.98909392050285,274.7698044135787,False,171.49696122986788,352.8446843957012,False,148.3195073762135,337.3927947534775,False,186.6098839066026,419.23658159567617,False,127.21690294846174,389.47003714166607,False,True,91.46412846700493,178.963440446259,179.4427266500413,43.87011100434365,29.871551413356432,73.74166241770008,0.9591911268035588,0.7681980223673726,0.8855067931283376,0.6809089543994726,True,True,True,True,18.834072864512805,False,0.0336842265274712,False,True,91.46412846700493,valid,1.7694783492399893,9.3647235393519,9.53043024196288,571.8258145177749,135.77467477397897,147.134717050076,238.32595987737437,69.22306167827502,2.5091547711369344,6.557155262853115,9.630116101356066,577.806966081366,152.65965127750826,208.29929805808334,2.6337318209607092,2.6612799812554715,0.7031242226890418,False
246,246,4.1,4.1,Sports2D_HALPE26_postprocessed,116.64643068631858,164.96742001899037,1.0,105.4318587387821,203.61124341608223,1.0,154.26697756332788,191.59458064758576,1.0,96.75279768710811,253.21576373814736,1.0,174.35381710218124,230.9962056378699,1.0,84.9525083047245,295.37849431017656,1.0,149.50594286142044,246.3123159524376,1.0,155.41379307065466,282.31428484966176,1.0,171.50497866604533,274.7799563880921,1.0,170.59341026940268,353.1713640033048,1.0,143.55042303415073,336.6851685045924,1.0,186.4138707272816,419.0155868273976,1.0,121.92539568004749,390.8016988595017,1.0,175.20683171473993,433.3643752880034,1.0,175.3483961844719,435.2894653578172,1.0,189.3699003694924,431.6654753325381,1.0,94.47167830454228,400.9363144615581,1.0,100.9291902780239,397.52520616540255,1.0,123.39984683128394,403.0109484725094,1.0,1.0,4.1,116.64643068631858,164.96742001899037,False,105.4318587387821,203.61124341608223,False,154.26697756332788,191.59458064758576,False,96.75279768710811,253.21576373814736,False,174.35381710218124,230.9962056378699,False,84.9525083047245,295.37849431017656,False,149.50594286142044,246.3123159524376,False,155.41379307065466,282.31428484966176,False,171.50497866604533,274.7799563880921,False,170.59341026940268,353.1713640033048,False,143.55042303415073,336.6851685045924,False,186.4138707272816,419.0155868273976,False,121.92539568004749,390.8016988595017,False,True,94.63711955719384,178.58121513997716,177.47918395284097,44.22634027968657,29.189040570951807,73.41538085063837,0.9669798456418304,0.7506460890203456,0.8815887292464966,0.6599922215214021,True,True,True,True,3.172991090188916,False,0.0209167328780705,False,True,94.63711955719384,valid,-0.13792895979250375,1.429200812210098,1.435840993833038,86.15045962998259,86.15045962998259,146.6544020097025,238.07501632535548,32.51508473788641,2.8515408517179424,8.237299627082109,1.7146758623209444,102.88055173925703,102.88055173925703,208.72742725272892,0.396794270488156,0.47385021101605623,0.47385021101605623,False
247,247,4.116666666666666,4.116666666666666,Sports2D_HALPE26_postprocessed,115.84446408461704,165.36787764393898,1.0,106.1308966147778,202.64414682198085,1.0,154.1536570155061,191.6643101631377,1.0,95.94712311814268,252.08690128134504,1.0,173.67939740603776,231.59357767648177,1.0,82.22625563835635,293.71640076042496,1.0,148.87581334414637,247.5843355562966,1.0,152.7148091317757,282.1277765076169,1.0,168.31676090652002,274.8838350145655,1.0,168.45790855148982,353.31958702525685,1.0,138.79477518875555,339.552490124336,1.0,186.3605057641927,418.4134212332295,1.0,116.27774873398045,394.3899407893842,1.0,174.79965630530612,433.90638401725073,1.0,177.15035524258644,435.35750584642,1.0,189.6483372490841,431.55081337090223,1.0,88.33112793197547,404.2038376448666,1.0,96.18363404291146,401.24532578927455,1.0,117.72717036610156,407.5797826317146,1.0,1.0,4.116666666666666,115.84446408461704,165.36787764393898,False,106.1308966147778,202.64414682198085,False,154.1536570155061,191.6643101631377,False,95.94712311814268,252.08690128134504,False,173.67939740603776,231.59357767648177,False,82.22625563835635,293.71640076042496,False,148.87581334414637,247.5843355562966,False,152.7148091317757,282.1277765076169,False,168.31676090652002,274.8838350145655,False,168.45790855148982,353.31958702525685,False,138.79477518875555,339.552490124336,False,186.3605057641927,418.4134212332295,False,116.27774873398045,394.3899407893842,False,True,96.75067798354578,177.09178944113927,177.78649723989304,44.447732697525,29.511389663758173,73.95912236128316,0.9718204452635448,0.7589358471309687,0.8881181019999138,0.6639571441042587,True,True,True,True,2.113558426351944,False,0.0039649225828565,False,True,96.75067798354578,valid,-0.6301295172740708,1.2720196038590075,1.4195411516196632,85.1724690971801,85.1724690971801,145.3290309171449,237.83001712682525,80.86952024690106,3.5467824270014603,9.75431842947134,1.668744107047322,100.12464642283967,100.12464642283967,210.31632219085412,0.3922898134989024,0.46115698286313667,0.46115698286313667,False
248,248,4.133333333333333,4.133333333333333,Sports2D_HALPE26_postprocessed,116.69952199961548,164.60934808268718,1.0,107.11135283690248,202.1433811767808,1.0,154.36175795746703,192.4754794250433,1.0,95.06923076539564,250.73295715117385,1.0,172.12088115283103,232.979466614168,1.0,79.39432764498368,291.9468173305709,1.0,148.4721324867328,248.33285626217065,1.0,149.59878755613698,282.1600116137722,1.0,164.75100809160526,276.184828027358,1.0,167.19604671950296,353.54417936434413,1.0,133.68571548352054,340.4274114409742,1.0,185.99103579822847,417.99411164895736,1.0,111.99973157383018,397.814456432613,1.0,175.23707353857444,434.0853293492156,1.0,179.01081040477214,435.4450567938725,1.0,190.3649134442018,431.5745613732952,1.0,83.92704812604963,409.5713364540268,1.0,91.43316264693668,406.6203725249723,1.0,113.4438589014393,411.5528039922075,1.0,1.0,4.133333333333333,116.69952199961548,164.60934808268718,False,107.11135283690248,202.1433811767808,False,154.36175795746703,192.4754794250433,False,95.06923076539564,250.73295715117385,False,172.12088115283103,232.979466614168,False,79.39432764498368,291.9468173305709,False,148.4721324867328,248.33285626217065,False,149.59878755613698,282.1600116137722,False,164.75100809160526,276.184828027358,False,167.19604671950296,353.54417936434413,False,133.68571548352054,340.4274114409742,False,185.99103579822847,417.99411164895736,False,111.99973157383018,397.814456432613,False,True,99.31746724572815,177.5903306958655,174.89441074174226,44.22623016813544,28.195565026359706,72.42179519449515,0.9669774381251774,0.7250971666337849,0.8696575248333652,0.6375303732461088,True,True,True,True,2.566789262182368,False,0.0264267708581498,False,True,99.31746724572815,valid,-0.4036808574135762,0.7485207058740571,0.850436053894916,51.026163233695144,85.1724690971801,143.95572661052793,238.24092506073856,86.00765184221873,4.516405876204857,10.09193120143209,1.026719054579252,61.60314327475533,100.12464642283967,211.3849030375634,0.2350177735915084,0.28373353317521743,0.46115698286313667,False
249,249,4.15,4.15,Sports2D_HALPE26_postprocessed,116.29039012466272,164.6012226835569,1.0,107.31337637340243,201.8563772603128,1.0,154.69348740203074,193.3814719008976,1.0,93.64889553490944,249.38176911358065,1.0,170.40947805337163,234.27752695175275,1.0,76.8621292388787,289.61161236088003,1.0,146.77707267490223,250.61246716142747,1.0,147.02122836797275,282.19270810934086,1.0,161.77744879879407,276.6359828991825,1.0,165.2477955320437,353.64808621690554,1.0,129.7169895595529,340.7301774187335,1.0,185.7981914884772,417.990946097531,1.0,107.97331285812083,400.46129558066417,1.0,175.06547288908124,434.2406647118215,1.0,179.3495722797878,435.5175502903525,1.0,190.88987665005104,431.6519572886117,1.0,79.98732242292839,414.27834853418256,1.0,87.84620297106939,411.3139019832001,1.0,109.41657925429772,414.6989937798545,1.0,1.0,4.15,116.29039012466272,164.6012226835569,False,107.31337637340243,201.8563772603128,False,154.69348740203074,193.3814719008976,False,93.64889553490944,249.38176911358065,False,170.40947805337163,234.27752695175275,False,76.8621292388787,289.61161236088003,False,146.77707267490223,250.61246716142747,False,147.02122836797275,282.19270810934086,False,161.77744879879407,276.6359828991825,False,165.2477955320437,353.64808621690554,False,129.7169895595529,340.7301774187335,False,185.7981914884772,417.990946097531,False,107.97331285812083,400.46129558066417,False,True,103.63126749640098,176.59674632661384,173.42821239027433,43.81186689557533,28.72839806926167,72.540264964837,0.9579176576684196,0.7387998794304914,0.8710801370037261,0.6557218421606001,True,True,True,True,4.313800250672827,False,0.0181914689144913,False,True,103.63126749640098,valid,-1.6950598118305606,2.2796108992568236,2.8407487776453517,170.44492665871263,170.44492665871263,142.70138523555,238.51663504243345,77.05710742271145,4.075687439352237,12.095832118994025,2.051792296502593,123.10753779014945,123.10753779014945,212.20238831368962,0.7850401567493622,0.567012246467864,0.567012246467864,False
250,250,4.166666666666667,4.166666666666667,Sports2D_HALPE26_postprocessed,116.16834343365628,164.5749652879286,1.0,107.97721083511968,201.7952980921357,1.0,154.33558533641238,193.83713632008144,1.0,92.9902182911733,248.33797048619164,1.0,169.55163692341057,235.79809751130057,1.0,74.38559639206554,286.9564556660213,1.0,145.86995430555476,254.02395765811625,1.0,143.66790269427833,282.1791448775172,1.0,160.07984285015917,276.17803199354216,1.0,163.2196451713219,353.6110904948115,1.0,126.66884426944551,342.4376187919317,1.0,185.352612383077,417.9175049576722,1.0,104.37713393614752,403.35057719465874,1.0,175.73922283700028,434.4226297433916,1.0,180.52537078526083,435.4506811495913,1.0,190.6861377309346,431.65256860567314,1.0,77.82739953188911,420.15256428671705,1.0,84.25907483391535,417.2223794682946,1.0,105.97732552107333,418.0542146416926,1.0,1.0,4.166666666666667,116.16834343365628,164.5749652879286,False,107.97721083511968,201.7952980921357,False,154.33558533641238,193.83713632008144,False,92.9902182911733,248.33797048619164,False,169.55163692341057,235.79809751130057,False,74.38559639206554,286.9564556660213,False,145.86995430555476,254.02395765811625,False,143.66790269427833,282.1791448775172,False,160.07984285015917,276.17803199354216,False,163.2196451713219,353.6110904948115,False,126.66884426944551,342.4376187919317,False,185.352612383077,417.9175049576722,False,104.37713393614752,403.35057719465874,False,True,107.6506849691928,176.3151647758922,173.34135700716712,44.63463330183399,29.88317368861845,74.51780699045244,0.975906904065294,0.7684969090488223,0.8948269151474059,0.6695064231073359,True,True,True,True,4.019417472791815,False,0.0137845809467357,False,True,107.6506849691928,valid,-0.9071183693474723,3.4114904966887707,3.5300327399339246,211.80196439603623,204.46979564164855,141.51513542899238,238.49740282081916,71.18434192195873,4.354818876562376,15.526554837297084,3.442059373270561,206.5235623962344,123.10753779014945,213.25887659283214,0.9755235933904973,0.9512121772953281,0.567012246467864,False
251,251,4.183333333333334,4.183333333333334,Sports2D_HALPE26_postprocessed,116.2568671252141,163.21750720375246,1.0,107.08223145975704,201.85324962400864,1.0,153.4661325325844,194.2808188810186,1.0,91.61794958175123,247.87208948697065,1.0,167.2945143528152,238.3189630149174,1.0,72.41049434089636,283.1133860339097,1.0,142.60595396125868,255.0035527613354,1.0,142.51502215514765,282.2083252086745,1.0,155.39962964450396,277.5205961592539,1.0,160.37808962209056,353.4961051765696,1.0,123.34780720004396,343.4568729536562,1.0,184.50094223346176,417.8300777049235,1.0,100.99686015532882,406.64292489731145,1.0,175.56359365575778,434.9629897798544,1.0,179.94459451819583,435.77282000670647,1.0,190.9786303774904,431.8188176175042,1.0,76.04503873844573,425.7297884353293,1.0,81.05896559139853,423.6477210430137,1.0,103.89502766837742,421.285019125668,1.0,1.0,4.183333333333334,116.2568671252141,163.21750720375246,False,107.08223145975704,201.85324962400864,False,153.4661325325844,194.2808188810186,False,91.61794958175123,247.87208948697065,False,167.2945143528152,238.3189630149174,False,72.41049434089636,283.1133860339097,False,142.60595396125868,255.0035527613354,False,142.51502215514765,282.2083252086745,False,155.39962964450396,277.5205961592539,False,160.37808962209056,353.4961051765696,False,123.34780720004396,343.4568729536562,False,184.50094223346176,417.8300777049235,False,100.99686015532882,406.64292489731145,False,True,106.61815649972736,173.51316486184905,173.55580560780191,46.15823092931676,29.79766012984597,75.95589105916272,1.0092193642265124,0.7662977816641882,0.9120957584333004,0.6455546395501132,True,True,True,True,1.0325284694654329,False,0.0239517835572227,False,True,106.61815649972736,valid,-3.264000344296079,0.9795951032191681,3.407829927360797,204.46979564164855,211.80196439603623,139.61575394799826,238.96574746823893,117.3762675705644,2.99020001326042,16.037805293096483,1.4572445472996685,87.43467283798041,170.37872538459334,214.5324666220886,0.9417528791715708,0.4027091367025367,0.7847352450125894,False
252,252,4.2,4.2,Sports2D_HALPE26_postprocessed,117.0897329331019,162.2897329142044,1.0,106.8077537341286,202.0951120691958,1.0,153.0456376867208,194.8636206099671,1.0,90.0219437013872,248.1813754555692,1.0,164.89146398041726,241.2149007511046,1.0,69.81377074655845,281.01778044600644,1.0,138.3966605962267,257.1805637850043,1.0,139.24230330022618,282.5976782824964,1.0,152.36139070319987,279.3256830942901,1.0,158.40251538605992,353.81089380246226,1.0,121.22785985936092,345.1079331905641,1.0,184.008121252464,417.774312359823,1.0,99.10847191348604,409.0769043084794,1.0,175.2187420528934,435.59496358707554,1.0,179.91460829301596,436.1171852177884,1.0,191.15950254831608,432.0937955611858,1.0,75.48055598444694,430.8121477809095,1.0,79.96269390896775,428.6066048442192,1.0,101.82959970401652,422.9080376146858,1.0,1.0,4.2,117.0897329331019,162.2897329142044,False,106.8077537341286,202.0951120691958,False,153.0456376867208,194.8636206099671,False,90.0219437013872,248.1813754555692,False,164.89146398041726,241.2149007511046,False,69.81377074655845,281.01778044600644,False,138.3966605962267,257.1805637850043,False,139.24230330022618,282.5976782824964,False,152.36139070319987,279.3256830942901,False,158.40251538605992,353.81089380246226,False,121.22785985936092,345.1079331905641,False,184.008121252464,417.774312359823,False,99.10847191348604,409.0769043084794,False,True,106.7369850025209,173.24201681107195,173.74718551762552,47.84103647813912,30.93342856003756,78.77446503817669,1.0460128008878962,0.7955060089124844,0.9459418411431546,0.6465877589038553,True,True,True,True,0.1188285027935336,False,0.0010331193537421,False,True,106.7369850025209,valid,-4.209293365031982,2.1770110236689106,4.73893739461477,284.3362436768872,204.46979564164855,137.86427135606885,239.72052351398736,114.43147004492529,0.5323892401578405,17.460040271016965,2.8396454230765458,170.37872538459334,87.43467283798041,215.2607281564532,1.3096040679027057,0.7847352450125894,0.4027091367025367,False
253,253,4.216666666666667,4.216666666666667,Sports2D_HALPE26_postprocessed,116.4403486405942,162.2423986758231,1.0,106.4439380614918,202.36461509698185,1.0,151.48755500818797,195.4663944593706,1.0,88.14298055738712,248.37592183393977,1.0,162.85397574976176,242.94063820522487,1.0,67.38493001116775,278.4597106505638,1.0,137.0403382743123,257.81176203743814,1.0,136.7130081647407,282.7774175190161,1.0,147.9728420980657,279.9237786809895,1.0,155.94254412292315,354.17543432028253,1.0,118.3478819292104,346.6177876714423,1.0,183.487086229972,418.0047759874136,1.0,97.52666391240056,411.634142711273,1.0,174.37673665729298,435.4129337692212,1.0,179.1929130118114,436.00704884550464,1.0,190.8643768622173,432.28134887163526,1.0,75.31383353501673,430.7841299263149,1.0,78.16041298471751,429.27115853797113,1.0,99.72815903488032,425.9064601820169,1.0,1.0,4.216666666666667,116.4403486405942,162.2423986758231,False,106.4439380614918,202.36461509698185,False,151.48755500818797,195.4663944593706,False,88.14298055738712,248.37592183393977,False,162.85397574976176,242.94063820522487,False,67.38493001116775,278.4597106505638,False,137.0403382743123,257.81176203743814,False,136.7130081647407,282.7774175190161,False,147.9728420980657,279.9237786809895,False,155.94254412292315,354.17543432028253,False,118.3478819292104,346.6177876714423,False,183.487086229972,418.0047759874136,False,97.52666391240056,411.634142711273,False,True,106.481592499925,171.73187220467202,173.80702818048346,48.81597422683749,29.79084093722349,78.60681516406098,1.0673291736147563,0.7661224144656706,0.9439286630084434,0.6102682863357752,True,True,True,True,0.2553925025958961,False,0.0363194725680801,False,True,106.481592499925,valid,-1.356322321914405,0.6311982524338191,1.4960018298113107,89.76010978867896,284.3362436768872,135.65433583312154,240.1330514390895,134.886543051799,1.3860024411907546,17.67871059834863,0.8811766049056203,52.87059629433741,170.37872538459334,216.21219958032216,0.4134197012471918,0.24351291655307977,0.7847352450125894,False
254,254,4.233333333333333,4.233333333333333,Sports2D_HALPE26_postprocessed,116.0846083242945,162.20198794098926,1.0,106.31087643252624,202.11180721107763,1.0,150.18751915390146,196.340200889266,1.0,87.11443484045597,246.30634655559567,1.0,161.234718021501,244.3847731308771,1.0,65.3995587339075,274.81844965454343,1.0,135.05850714689993,262.6290482232071,1.0,133.72823337382823,282.5885789683132,1.0,144.0198010492678,280.1212674921392,1.0,152.97238320065523,354.323582377149,1.0,116.4490888093204,348.0955382858946,1.0,182.9381926419952,417.3155587047052,1.0,97.1534452561082,414.532467827044,1.0,174.08812228868788,435.2610249937611,1.0,179.3191723977937,436.09592135992574,1.0,190.48375294951487,432.57346778986926,1.0,75.32343083618227,431.3800734780249,1.0,77.11470142055396,429.9657217462102,1.0,99.43382252428616,429.033329571554,1.0,1.0,4.233333333333333,116.0846083242945,162.20198794098926,False,106.31087643252624,202.11180721107763,False,150.18751915390146,196.340200889266,False,87.11443484045597,246.30634655559567,False,161.234718021501,244.3847731308771,False,65.3995587339075,274.81844965454343,False,135.05850714689993,262.6290482232071,False,133.72823337382823,282.5885789683132,False,144.0198010492678,280.1212674921392,False,152.97238320065523,354.323582377149,False,116.4490888093204,348.0955382858946,False,182.9381926419952,417.3155587047052,False,97.1534452561082,414.532467827044,False,True,111.92638885406186,169.5761762307656,174.11744704262773,49.298291295943336,31.9068580307776,81.20514932672094,1.077874719144523,0.8205394122328844,0.9751300554969936,0.6472203638709717,True,True,True,True,5.444796354136855,False,0.0369520775351964,False,True,111.92638885406186,valid,-1.981831127412363,4.817286185768978,5.2090210993219435,312.54126595931774,162.51411485264936,133.56160750238092,240.290463640199,125.91840883061221,1.4968996445190044,22.338584583008128,4.661193381808184,279.67160290849205,107.60244375743076,217.01886431539347,1.4395115726186092,1.288119530980508,0.49559843739490916,False
255,255,4.25,4.25,Sports2D_HALPE26_postprocessed,115.87712389676082,162.03088044918246,1.0,106.0268738279039,202.0148124465355,1.0,148.92309892775057,196.97246922605,1.0,86.15998816559112,244.97930088815872,1.0,158.66268736945528,245.18299510138496,1.0,63.11275321760304,273.92271806432126,1.0,133.12286588612304,264.52368187299135,1.0,129.7592944623229,282.4883350411425,1.0,140.8849577226916,280.14918368072466,1.0,149.37467133954425,354.45024487618593,1.0,115.44851451621514,349.68690808973486,1.0,182.1792827037457,416.76753689247687,1.0,96.68816217441422,416.7330170422695,1.0,173.82708385142743,435.031387706337,1.0,178.84028646250343,435.83564724641536,1.0,190.0227569490042,432.2709937959524,1.0,75.03924538419,431.4678493835745,1.0,76.41069841251732,430.1757757290772,1.0,99.54523804934692,432.1813539953968,1.0,1.0,4.25,115.87712389676082,162.03088044918246,False,106.0268738279039,202.0148124465355,False,148.92309892775057,196.97246922605,False,86.15998816559112,244.97930088815872,False,158.66268736945528,245.18299510138496,False,63.11275321760304,273.92271806432126,False,133.12286588612304,264.52368187299135,False,129.7592944623229,282.4883350411425,False,140.8849577226916,280.14918368072466,False,149.37467133954425,354.45024487618593,False,115.44851451621514,349.68690808973486,False,182.1792827037457,416.76753689247687,False,96.68816217441422,416.7330170422695,False,True,115.714475827865,167.48437743422787,175.54010631047794,49.184493371286536,32.036614150029486,81.22110752131601,1.0753866023588452,0.8238763127112034,0.9753216851573062,0.6513559854767594,True,True,True,True,3.7880869738031455,False,0.0041356216057877,False,True,115.714475827865,valid,-1.9356412607768902,1.8946336497842253,2.7085685808774795,162.51411485264936,162.51411485264936,131.39855623516723,240.40620009861314,129.9687214857625,1.724309650955803,24.117481774378206,1.7933740626238397,107.60244375743076,223.2856786279563,217.5855172367302,0.7485121951054927,0.49559843739490916,1.0284156154495803,False
256,256,4.266666666666667,4.266666666666667,Sports2D_HALPE26_postprocessed,115.96972403594324,161.66728304027106,1.0,105.49338727941264,202.0575704367912,1.0,147.28974527507313,197.620489360196,1.0,85.00671299620407,244.00432082203977,1.0,156.47078448858218,244.6337792064868,1.0,61.36370392260352,270.7184625909997,1.0,134.56501041654585,265.7343468759675,1.0,126.59545151338908,282.31960282676346,1.0,137.75995890899128,280.0817635935894,1.0,145.28181502888924,354.6651246562221,1.0,114.86403329895496,349.98850097830416,1.0,180.6689254969029,414.88298176863447,1.0,97.28277883930856,416.93537669091006,1.0,173.62883997847587,435.1329619426813,1.0,178.36568185468218,436.04614334399855,1.0,189.17784697408788,431.7216453812724,1.0,74.07199558844096,431.529800857008,1.0,76.46293861451153,430.5082772010635,1.0,99.92927017019984,432.9159354686661,1.0,1.0,4.266666666666667,115.96972403594324,161.66728304027106,False,105.49338727941264,202.0575704367912,False,147.28974527507313,197.620489360196,False,85.00671299620407,244.00432082203977,False,156.47078448858218,244.6337792064868,False,61.36370392260352,270.7184625909997,False,134.56501041654585,265.7343468759675,False,126.59545151338908,282.31960282676346,False,137.75995890899128,280.0817635935894,False,145.28181502888924,354.6651246562221,False,114.86403329895496,349.98850097830416,False,180.6689254969029,414.88298176863447,False,97.28277883930856,416.93537669091006,False,True,122.8773815265032,164.04189745442432,176.5797596601119,47.90136640234119,30.4154055318918,78.31677193423299,1.0473318750057992,0.7821841609690795,0.9404457573904664,0.6349590380454208,True,True,True,True,7.162905698638198,False,0.0163969474313386,False,True,122.8773815265032,valid,1.4421445304228087,1.2106650029761568,1.882947316326105,112.97683897956671,162.51411485264936,129.28463574421653,240.519856554335,127.01842179447357,5.280374672329316,25.214490321632496,3.7214279771325915,223.2856786279563,223.2856786279563,216.43630398670186,0.5203519818407741,1.0284156154495803,1.0284156154495803,False
257,257,4.283333333333333,4.283333333333333,Sports2D_HALPE26_postprocessed,115.38578785092636,161.72590428696594,1.0,104.15652576568668,201.9541214357643,1.0,145.45618495638254,198.1562085614597,1.0,84.1295261396495,242.61423905496216,1.0,153.6828578175522,242.4438902197261,1.0,59.52267203933658,268.52130054290484,1.0,139.5552242296472,266.49547447488885,1.0,123.26626004394048,282.2221060561848,1.0,134.59081078464143,279.8120993156035,1.0,140.05736689536917,354.879192140376,1.0,114.86259308844464,350.0075132963667,1.0,178.3407440674232,412.7180816859543,1.0,98.4300629690355,416.5954762866244,1.0,172.54057108226792,435.0715475013664,1.0,177.36058360023398,436.2869593039805,1.0,186.89000113157232,430.1005476230383,1.0,75.06674298185615,431.8037748520784,1.0,77.92147303725511,430.2301518125017,1.0,100.4440298960846,433.21728615438303,1.0,1.0,4.283333333333333,115.38578785092636,161.72590428696594,False,104.15652576568668,201.9541214357643,False,145.45618495638254,198.1562085614597,False,84.1295261396495,242.61423905496216,False,153.6828578175522,242.4438902197261,False,59.52267203933658,268.52130054290484,False,139.5552242296472,266.49547447488885,False,123.26626004394048,282.2221060561848,False,134.59081078464143,279.8120993156035,False,140.05736689536917,354.879192140376,False,114.86259308844464,350.0075132963667,False,178.3407440674232,412.7180816859543,False,98.4300629690355,416.5954762866244,False,True,139.0474392585977,159.51220091329148,178.16456975215854,45.04527603454829,27.89388348683802,72.93915952138632,0.9848853373650622,0.7173389099956085,0.8758701543153179,0.6192410379602136,True,True,True,True,16.170057732094506,False,0.0157180000852071,False,True,139.0474392585977,valid,4.990213813101349,0.7611275989213482,5.047925229468765,302.875513768127,235.5311076993507,126.86744538766278,240.5361338422531,145.03470967911915,12.68777884198441,25.959340632635758,7.444759130987741,446.685547859266,256.84203345749165,215.03079610830514,1.3949927725344824,2.057357173271945,1.182970441877845,False
258,258,4.3,4.3,Sports2D_HALPE26_postprocessed,114.86295800064296,161.92357745451648,1.0,102.88512099372144,201.57721996606955,1.0,144.21784958084237,198.72301582482075,1.0,83.11579162197013,240.4974652655748,1.0,151.5297569017143,243.26492511927307,1.0,57.53502142976487,267.09387956398626,1.0,139.61604053325314,270.4205218083635,1.0,119.76034203707712,282.2682104332863,1.0,133.73202552019126,279.7029493536868,1.0,136.41511815339845,355.5654841202346,1.0,114.2725641625328,352.64017075363023,1.0,175.72695376628477,410.7406632191413,1.0,98.7510721551192,416.9503008469509,1.0,172.91785646471334,435.0071001176791,1.0,175.973656867256,436.119309537032,1.0,184.1945498828481,427.4754579121587,1.0,75.65241140704454,432.3342173046302,1.0,78.64342372087582,431.0770952750965,1.0,100.6767115613964,433.5138605395721,1.0,1.0,4.3,114.86295800064296,161.92357745451648,False,102.88512099372144,201.57721996606955,False,144.21784958084237,198.72301582482075,False,83.11579162197013,240.4974652655748,False,151.5297569017143,243.26492511927307,False,57.53502142976487,267.09387956398626,False,139.61604053325314,270.4205218083635,False,119.76034203707712,282.2682104332863,False,133.73202552019126,279.7029493536868,False,136.41511815339845,355.5654841202346,False,114.2725641625328,352.64017075363023,False,175.72695376628477,410.7406632191413,False,98.7510721551192,416.9503008469509,False,True,146.98954467762096,157.33197751949305,178.6306409392177,45.138073422159245,29.65405653951376,74.792129961673,0.9869142912188184,0.762604769789059,0.8981210482949743,0.6569632749313564,True,True,True,True,7.94210541902325,False,0.0377222369711428,False,True,146.98954467762096,valid,0.06081630360594659,3.9250473334746516,3.925518461655831,235.5311076993507,235.5311076993507,125.14883453295805,240.56784889446584,103.13420776834886,14.467206000295093,29.852672913897663,4.280700557624845,256.84203345749165,256.84203345749165,214.1332694088252,1.0848159656748435,1.182970441877845,1.182970441877845,False
259,259,4.316666666666666,4.316666666666666,Sports2D_HALPE26_postprocessed,112.6081322283002,162.42743003182864,1.0,101.50935692479452,201.16334029328232,1.0,142.51572944758868,199.28809383315289,1.0,82.69159500716619,239.9306818060361,1.0,149.1736783726846,244.43875744156009,1.0,56.133958732165645,265.60876793588073,1.0,137.6491261395017,271.224109052893,1.0,116.98414133418284,282.4640116633227,1.0,130.7019815716809,279.87191835297585,1.0,131.70468596559706,357.0690919893793,1.0,113.56429235984972,354.44080923728274,1.0,172.9262040428008,409.9747421813162,1.0,98.84205552628694,417.132770110794,1.0,172.41999681394657,436.1830781585227,1.0,174.94690586751113,437.05951865808765,1.0,182.2482591081295,423.46671260808046,1.0,75.60176424518014,432.6929347227372,1.0,78.70444732223683,431.29213108523743,1.0,100.6987731317295,433.495353426916,1.0,1.0,4.316666666666666,112.6081322283002,162.42743003182864,False,101.50935692479452,201.16334029328232,False,142.51572944758868,199.28809383315289,False,82.69159500716619,239.9306818060361,False,149.1736783726846,244.43875744156009,False,56.133958732165645,265.60876793588073,False,137.6491261395017,271.224109052893,False,116.98414133418284,282.4640116633227,False,130.7019815716809,279.87191835297585,False,131.70468596559706,357.0690919893793,False,113.56429235984972,354.44080923728274,False,172.9262040428008,409.9747421813162,False,98.84205552628694,417.132770110794,False,True,148.3315045214053,153.23782482693463,179.72759768281352,45.63891659722798,29.159395829099363,74.79831242632734,0.9978648978721384,0.7498837237936619,0.8981952887483382,0.6389151628299268,True,True,True,True,1.3419598437843376,False,0.0180481121014296,False,True,148.3315045214053,valid,-1.9669143937514377,0.803587244529524,2.1247363817464837,127.48418290478948,222.24020027531202,122.92780231956174,240.69684103568343,133.48649008639123,14.721323819939968,30.527268017209593,0.7208705984249174,43.2522359054952,115.68536454033902,213.77856107122676,0.587170324705728,0.19921239499840918,0.5328269869492918,False
260,260,4.333333333333333,4.333333333333333,Sports2D_HALPE26_postprocessed,111.95644582943216,162.57987284226752,1.0,99.37598544351587,200.88691478528497,1.0,141.18551090343564,199.9205112198211,1.0,81.10419818560594,239.8775198406508,1.0,145.59052051112846,246.6623683853637,1.0,54.14695905167114,264.52964962356765,1.0,134.15605207093574,272.45621062291406,1.0,114.31186747630662,282.632807876164,1.0,129.38056744964535,280.1481890565947,1.0,125.57324410747508,358.43525807219766,1.0,113.30917547582725,354.89563190267967,1.0,169.19105751362395,407.6719243246959,1.0,98.76687146218636,417.7709052171897,1.0,172.04985898188392,437.4642229173843,1.0,173.23052495958726,437.957319532382,1.0,179.92141615999736,418.4634216391807,1.0,75.69081583717251,432.9902798413688,1.0,78.28825101526115,431.543989717181,1.0,100.55911991999136,433.3598413699856,1.0,1.0,4.333333333333333,111.95644582943216,162.57987284226752,False,99.37598544351587,200.88691478528497,False,141.18551090343564,199.9205112198211,False,81.10419818560594,239.8775198406508,False,145.59052051112846,246.6623683853637,False,54.14695905167114,264.52964962356765,False,134.15605207093574,272.45621062291406,False,114.31186747630662,282.632807876164,False,129.38056744964535,280.1481890565947,False,125.57324410747508,358.43525807219766,False,113.30917547582725,354.89563190267967,False,169.19105751362395,407.6719243246959,False,98.76687146218636,417.7709052171897,False,True,150.70845879284414,146.91306582452228,179.11154624116648,46.9489650676972,28.214701236862325,75.16366630455953,1.0265082461516135,0.725589287008127,0.9025825419029772,0.6009653502729752,True,True,True,True,2.376954271438848,False,0.0379498125569516,False,True,150.70845879284414,valid,-3.49307406856596,1.2321015700210296,3.7040033379218538,222.24020027531202,143.59980801069702,121.06348281822588,240.89710573446618,112.50269041006568,13.092569252709865,31.559104888447877,1.9280894090056435,115.68536454033902,98.3418101166963,212.75913050773593,1.023600321114177,0.5328269869492918,0.45294554400913245,False
261,261,4.35,4.35,Sports2D_HALPE26_postprocessed,111.4583181394172,162.08959941985236,1.0,97.344809218963,200.5740407640176,1.0,139.7810643635675,201.2443722129524,1.0,79.16166183059006,239.56446287793665,1.0,143.4778247656667,247.04018245467944,1.0,53.12435449584729,264.4640859660409,1.0,132.78125408761662,274.4152817377632,1.0,112.28185445399124,282.89777786412986,1.0,128.05655328239084,280.28065249454073,1.0,118.7511011188282,358.36983370221634,1.0,113.12300890993716,355.133999251604,1.0,165.23539574142094,405.61293382711256,1.0,98.89596297760338,417.7010311527325,1.0,171.9193801128936,437.0527925328252,1.0,172.48594078590955,437.2664270419744,1.0,176.51197694726594,413.972261781244,1.0,75.66267719873517,433.03945166057,1.0,78.7196486154022,431.6075275551058,1.0,100.46281156014877,432.97461697098913,1.0,1.0,4.35,111.4583181394172,162.08959941985236,False,97.344809218963,200.5740407640176,False,139.7810643635675,201.2443722129524,False,79.16166183059006,239.56446287793665,False,143.4778247656667,247.04018245467944,False,53.12435449584729,264.4640859660409,False,132.78125408761662,274.4152817377632,False,112.28185445399124,282.89777786412986,False,128.05655328239084,280.28065249454073,False,118.7511011188282,358.36983370221634,False,113.12300890993716,355.133999251604,False,165.23539574142094,405.61293382711256,False,98.89596297760338,417.7010311527325,False,True,154.04231802064845,140.3631026841174,178.47201296966554,45.94477416602239,29.3906904483242,75.33546461434659,1.004552272472678,0.7558318604208504,0.9046455354045708,0.639696047740279,True,True,True,True,3.333859227804311,False,0.0387306974673038,False,True,154.04231802064845,valid,-1.3747979833191266,1.9590711148491664,2.3933301335116086,143.59980801069702,186.7564517878164,119.36607032972815,241.24921083391013,104.01285384886364,13.415183757888471,33.1660709038531,1.6390301686115991,98.3418101166963,115.68536454033902,211.17989759069502,0.6613961353958164,0.45294554400913245,0.5328269869492918,False
262,262,4.366666666666666,4.366666666666666,Sports2D_HALPE26_postprocessed,111.24635366609192,162.10350569333167,1.0,95.26274896630343,200.5019443750236,1.0,139.09784835082036,202.2389655071249,1.0,77.14394162505677,239.38174551606005,1.0,140.93511780730725,250.80301389063808,1.0,52.21734381668127,264.1901791535162,1.0,130.21887409550774,276.1823511791233,1.0,109.33174978589156,283.0147144070816,1.0,128.275203274841,280.01797672081,1.0,113.20353441335772,358.8206180724416,1.0,111.76677724502166,355.9352829843415,1.0,160.79520385059357,402.8565901846072,1.0,98.4565294245486,418.444473966359,1.0,170.1772217938913,436.9695653574686,1.0,169.70440783294757,436.7904088578662,1.0,172.08471148809198,410.1765560982432,1.0,75.57150140318252,433.1199335815162,1.0,79.08662225395618,431.72610595095466,1.0,100.2183427625274,432.7926238190913,1.0,1.0,4.366666666666666,111.24635366609192,162.10350569333167,False,95.26274896630343,200.5019443750236,False,139.09784835082036,202.2389655071249,False,77.14394162505677,239.38174551606005,False,140.93511780730725,250.80301389063808,False,52.21734381668127,264.1901791535162,False,130.21887409550774,276.1823511791233,False,109.33174978589156,283.0147144070816,False,128.275203274841,280.01797672081,False,113.20353441335772,358.8206180724416,False,111.76677724502166,355.9352829843415,False,160.79520385059357,402.8565901846072,False,98.4565294245486,418.444473966359,False,True,154.9418712226051,135.70153797889702,179.75248066446878,48.59878963978372,27.549022496150013,76.14781213593373,1.062580575445952,0.7084702199375579,0.9144003907354932,0.5668664322783454,True,True,True,True,0.8995532019566497,False,0.0728296154619335,False,True,154.9418712226051,valid,-2.5623799921088732,1.7670694413600927,3.1126075297969287,186.7564517878164,186.7564517878164,117.99188759446409,241.44340025251006,83.27013746054702,12.226986501043655,34.738950926613256,1.9712342040385629,118.2740522423142,118.2740522423142,209.64981003498252,0.8601682494136458,0.544750039393105,0.544750039393105,False
263,263,4.383333333333333,4.383333333333333,Sports2D_HALPE26_postprocessed,110.31704212742004,162.36256732514886,1.0,92.815855609254,200.32943930911324,1.0,137.76799734222675,202.9422855586016,1.0,75.54432808084746,239.8478106778149,1.0,138.2415059654003,252.6802330597435,1.0,52.17434508383092,264.6758664973525,1.0,117.40120744545608,273.999559721165,1.0,106.79077223248096,282.9369216107761,1.0,126.948432366471,279.8203611427787,1.0,105.9330197893912,358.9629285047943,1.0,111.22520699806104,356.10662123167924,1.0,156.8496734877076,400.36786319203,1.0,98.24410180646424,418.432661543258,1.0,165.53576468876096,435.774240488651,1.0,165.36826354694713,435.0029119735297,1.0,167.7161781583765,407.38982549817376,1.0,75.44568742875995,432.9665629747166,1.0,79.30624954238607,431.7779584210483,1.0,100.49069800938976,431.7272439495151,1.0,1.0,4.383333333333333,110.31704212742004,162.36256732514886,False,92.815855609254,200.32943930911324,False,137.76799734222675,202.9422855586016,False,75.54432808084746,239.8478106778149,False,138.2415059654003,252.6802330597435,False,52.17434508383092,264.6758664973525,False,117.40120744545608,273.999559721165,False,106.79077223248096,282.9369216107761,False,126.948432366471,279.8203611427787,False,105.9330197893912,358.9629285047943,False,111.22520699806104,356.10662123167924,False,156.8496734877076,400.36786319203,False,98.24410180646424,418.432661543258,False,True,135.10553765933054,128.47127465813708,179.8808314211009,49.74020136712925,29.8132811293354,79.55348249646465,1.0875367922376296,0.7666995023766189,0.9552964614305592,0.5993799845980814,True,True,True,True,19.836333563274565,False,0.0325135523197359,False,True,135.10553765933054,valid,-12.817666650051663,-2.1827914579583307,13.002198156495789,780.1318893897501,186.7564517878164,116.08076438760818,241.50725190531742,114.73137410167297,1.3204430578478963,32.49230781584757,11.135532997816822,668.1319798690117,259.5587319828939,208.12551490184381,3.593153945602638,3.0773015336260188,1.1954830902624636,False
264,264,4.4,4.4,Sports2D_HALPE26_postprocessed,108.7448707314596,162.58533294140898,1.0,91.3157005074049,199.8916319852321,1.0,137.14670334709973,203.27563531407043,1.0,73.7362531632861,240.43448281322884,1.0,137.67111165697577,252.9059407761773,1.0,52.73721994998023,265.2364003305144,1.0,119.550293959003,276.1591023128499,1.0,103.56312210127676,282.4111785954661,1.0,126.4425796193718,279.57109185515515,1.0,101.51879456277528,358.2737661577566,1.0,110.81883473406212,356.00990006846695,1.0,152.0565749391368,396.3999839697117,1.0,98.41157799378736,418.6828696777013,1.0,162.43953763599987,431.9654956506118,1.0,160.52443131902888,432.2726183499251,1.0,164.75769174203845,404.76352337608745,1.0,75.18816760306957,432.9120604488255,1.0,78.80547664784038,432.4384732096669,1.0,100.29576537366948,431.15687681725024,1.0,1.0,4.4,108.7448707314596,162.58533294140898,False,91.3157005074049,199.8916319852321,False,137.14670334709973,203.27563531407043,False,73.7362531632861,240.43448281322884,False,137.67111165697577,252.9059407761773,False,52.73721994998023,265.2364003305144,False,119.550293959003,276.1591023128499,False,103.56312210127676,282.4111785954661,False,126.4425796193718,279.57109185515515,False,101.51879456277528,358.2737661577566,False,110.81883473406212,356.00990006846695,False,152.0565749391368,396.3999839697117,False,98.41157799378736,418.6828696777013,False,True,141.46590104163772,125.48765523413611,179.64607301294836,49.63307591050047,29.480053519180604,79.11312942968107,1.0851945645773682,0.7581299845910557,0.950008600820596,0.593959833807998,True,True,True,True,6.360363382307185,False,0.0054201507900834,False,True,141.46590104163772,valid,2.1490865135469193,2.1595425916848967,3.0466698291758454,182.80018975054162,208.720609463048,114.61702639378831,241.2873844374809,88.80953904098389,4.933267565214692,34.87171787536897,4.32597886638178,259.5587319828939,259.5587319828939,206.25148682434389,0.8419463836722111,1.1954830902624636,1.1954830902624636,False
265,265,4.416666666666667,4.416666666666667,Sports2D_HALPE26_postprocessed,109.30627486732445,162.02895066584276,1.0,89.34916633203989,199.43406289604948,1.0,134.9867736267623,202.717238269122,1.0,72.65064714897166,240.16380513041764,1.0,136.76397906936654,252.82082256296744,1.0,53.59935072541866,266.0590025087965,1.0,116.09784782341,275.7327126678816,1.0,102.00330767435472,282.00570162965164,1.0,125.15688615976748,279.4362625002889,1.0,96.62372012609369,357.59037159692554,1.0,110.41405251268613,355.0905326306789,1.0,147.17562000943408,393.2964900581502,1.0,98.14470014757026,418.50987145921,1.0,159.0516426796173,428.5368804324476,1.0,156.56384782371856,429.37997178318057,1.0,160.9236359527424,401.1557788771925,1.0,75.25697615772123,432.56703011292456,1.0,79.72256186200704,432.379900176522,1.0,100.67794185907086,430.39341086633306,1.0,1.0,4.416666666666667,109.30627486732445,162.02895066584276,False,89.34916633203989,199.43406289604948,False,134.9867736267623,202.717238269122,False,72.65064714897166,240.16380513041764,False,136.76397906936654,252.82082256296744,False,53.59935072541866,266.0590025087965,False,116.09784782341,275.7327126678816,False,102.00330767435472,282.00570162965164,False,125.15688615976748,279.4362625002889,False,96.62372012609369,357.59037159692554,False,110.41405251268613,355.0905326306789,False,147.17562000943408,393.2964900581502,False,98.14470014757026,418.50987145921,False,True,135.91861752275864,121.16350540495614,179.92230038427485,50.13509367973394,30.85520521491898,80.99029889465292,1.0961708529596517,0.793494361837596,0.9725500822381168,0.6154412598094247,True,True,True,True,5.547283518879084,False,0.0214814260014266,False,True,135.91861752275864,valid,-3.452446135592993,-0.4263896449683102,3.478676824384121,208.720609463048,208.720609463048,112.8740334482311,240.898316323778,107.15332127052875,3.223814375178904,34.83439634410357,1.709860551512762,102.5916330907661,120.71929643146065,205.09608277857117,0.9613314000115937,0.47251950117596053,0.5560124155703772,False
266,266,4.433333333333334,4.433333333333334,Sports2D_HALPE26_postprocessed,109.36507138685258,161.3924553291485,1.0,86.5520153269256,199.06986343944448,1.0,133.98776289133377,202.3946058291488,1.0,70.81744831613376,240.5890866450433,1.0,135.93615501845645,253.67940385706768,1.0,54.18280013095763,268.14495687033,1.0,112.58123374272137,275.88518925217267,1.0,99.667343969289,281.7607080020723,1.0,125.09509395189276,279.30686183332944,1.0,91.30084913149082,356.4985022939878,1.0,110.34392724326592,353.00086151980446,1.0,141.397124546301,391.6882323822073,1.0,98.10324129548604,418.2054045032297,1.0,155.64905516117898,424.9857415158141,1.0,152.20380837449653,426.4809723689548,1.0,156.6073405936921,397.04185005850775,1.0,75.62956831404071,431.5866592289475,1.0,80.68182923145926,432.4435748893578,1.0,100.8748547305154,429.4635181219066,1.0,1.0,4.433333333333334,109.36507138685258,161.3924553291485,False,86.5520153269256,199.06986343944448,False,133.98776289133377,202.3946058291488,False,70.81744831613376,240.5890866450433,False,135.93615501845645,253.67940385706768,False,54.18280013095763,268.14495687033,False,112.58123374272137,275.88518925217267,False,99.667343969289,281.7607080020723,False,125.09509395189276,279.30686183332944,False,91.30084913149082,356.4985022939878,False,110.34392724326592,353.00086151980446,False,141.397124546301,391.6882323822073,False,98.10324129548604,418.2054045032297,False,True,131.37947484892797,118.6984555270279,179.3130696292861,51.3217959608339,32.226530263266646,83.54832622410055,1.1221173179247377,0.8287603303032477,1.0032674610300831,0.6279306805213957,True,True,True,True,4.539142673830668,False,0.012489420711971,False,True,131.37947484892797,valid,-3.5166140806886403,0.1524765842910938,3.519918138430877,211.19508830585337,211.19508830585337,111.32555403486029,240.63300977599874,94.26257904672472,1.255679707861077,35.25217947617392,2.0119882738576704,120.71929643146065,120.71929643146065,204.43451814897682,0.9727284259994576,0.5560124155703772,0.5560124155703772,False
267,267,4.45,4.45,Sports2D_HALPE26_postprocessed,108.27235250044204,161.05633526352034,1.0,84.70759702432079,198.98145806055825,1.0,133.1912062768031,201.95987344772507,1.0,69.50343557914617,240.62727292079364,1.0,135.61935894865516,252.76315779210577,1.0,55.25612640398597,270.1546014640972,1.0,118.00435602969284,285.7776817221716,1.0,97.82520731720068,281.56969562764937,1.0,124.26627409913344,279.06022306121884,1.0,86.59508437774312,353.8920635568189,1.0,109.60596535361542,352.3950520179972,1.0,136.16253107878978,389.97711471259896,1.0,97.99186320659804,418.4917599274903,1.0,150.96137996380995,424.1668055648289,1.0,146.54424917508842,423.654480069206,1.0,152.34044624125474,395.5787798223623,1.0,75.6058490519339,430.8993416558175,1.0,81.31137343495048,431.2819130930994,1.0,101.26590242291368,429.3075735732119,1.0,1.0,4.45,108.27235250044204,161.05633526352034,False,84.70759702432079,198.98145806055825,False,133.1912062768031,201.95987344772507,False,69.50343557914617,240.62727292079364,False,135.61935894865516,252.76315779210577,False,55.25612640398597,270.1546014640972,False,118.00435602969284,285.7776817221716,False,97.82520731720068,281.56969562764937,False,124.26627409913344,279.06022306121884,False,86.59508437774312,353.8920635568189,False,109.60596535361542,352.3950520179972,False,136.16253107878978,389.97711471259896,False,97.99186320659804,418.4917599274903,False,True,149.18132859105367,117.2282545938224,178.66099048159776,50.861278253439714,37.41987597739925,88.28115423083896,1.1120484011028793,0.9623160955147896,1.0601003450914137,0.735724253545841,True,True,True,True,17.8018537421257,False,0.1077935730244453,False,True,149.18132859105367,valid,5.423122286971477,9.892492469998956,11.281474310055081,676.8884586033073,285.07107140640755,109.9975711793645,240.3928125492879,80.97184337754237,8.006784850328344,45.384869172883725,12.175747251584069,730.5448350950467,368.3083357606248,203.92580921090743,3.1176323758100652,3.364764461448618,1.6963651503489197,False
268,268,4.466666666666667,4.466666666666667,Sports2D_HALPE26_postprocessed,106.6029390104176,160.3973162470846,1.0,82.87644720856005,198.93167545600704,1.0,132.53270805697633,201.666970108626,1.0,68.18145433625492,241.6800065829884,1.0,135.41612835940185,251.2063118546176,1.0,56.22252800416957,274.691448463802,1.0,120.97573726668529,289.4850592211898,1.0,95.11889872087669,281.42748311058176,1.0,122.239609389808,278.95476728693507,1.0,82.703708752653,352.7066470135284,1.0,108.8861844338914,351.4659015586963,1.0,131.09649002180032,389.036853166713,1.0,98.04799698273148,418.6696500754902,1.0,145.90546037602533,423.05622377909225,1.0,141.44727643188142,422.5831688337186,1.0,146.88376848369413,393.8436838052892,1.0,76.32457844234506,430.2838412943072,1.0,82.95504602736938,429.6064247902034,1.0,101.8273272195235,429.443008748056,1.0,1.0,4.466666666666667,106.6029390104176,160.3973162470846,False,82.87644720856005,198.93167545600704,False,132.53270805697633,201.666970108626,False,68.18145433625492,241.6800065829884,False,135.41612835940185,251.2063118546176,False,56.22252800416957,274.691448463802,False,120.97573726668529,289.4850592211898,False,95.11889872087669,281.42748311058176,False,122.239609389808,278.95476728693507,False,82.703708752653,352.7066470135284,False,108.8861844338914,351.4659015586963,False,131.09649002180032,389.036853166713,False,98.04799698273148,418.6696500754902,False,True,156.0002428908852,117.01639393812304,178.7269076746984,49.62318503750628,40.91194684764419,90.53513188515046,1.084978307143886,1.0521206690827165,1.087166625658113,0.8244522558703569,True,True,True,True,6.818914299831533,False,0.0887280023245158,False,True,156.0002428908852,valid,2.9713812369924426,3.7073774990181505,4.751184523440109,285.07107140640755,290.24113921248187,108.19191584405527,240.24522399053745,108.7006203357507,12.783821422630012,49.23983523065232,6.138472262677058,368.3083357606248,368.3083357606248,203.66974930067607,1.3129885586427645,1.6963651503489197,1.6963651503489197,False
269,269,4.483333333333333,4.483333333333333,Sports2D_HALPE26_postprocessed,105.01207273617118,160.00741606348436,1.0,80.7195526493682,199.03514800131447,1.0,132.01471994885998,201.2751866443093,1.0,67.45461360515581,242.2905280407033,1.0,134.99324225173245,251.20343003476503,1.0,56.55824815940705,276.851336658625,1.0,123.62099410943318,293.5350707897803,1.0,92.6202304889932,281.32114164928475,1.0,121.1271172588536,278.82714811780147,1.0,76.70444405977635,351.4207182972833,1.0,108.3027729589612,350.91858934602226,1.0,127.10486761400888,388.9094617098583,1.0,97.99272061372744,419.1609630306399,1.0,140.44168414937664,423.118622785548,1.0,135.99873331144283,421.8747425290912,1.0,142.89153369631498,392.8440251255437,1.0,77.37994624865325,430.17381856718697,1.0,83.66250834718487,428.9456674495136,1.0,102.16177631803288,430.0286658595983,1.0,1.0,4.483333333333333,105.01207273617118,160.00741606348436,False,80.7195526493682,199.03514800131447,False,132.01471994885998,201.2751866443093,False,67.45461360515581,242.2905280407033,False,134.99324225173245,251.20343003476503,False,56.55824815940705,276.851336658625,False,123.62099410943318,293.5350707897803,False,92.6202304889932,281.32114164928475,False,121.1271172588536,278.82714811780147,False,76.70444405977635,351.4207182972833,False,108.3027729589612,350.91858934602226,False,127.10486761400888,388.9094617098583,False,97.99272061372744,419.1609630306399,False,True,161.54873441063882,113.8506551142628,178.50444024384203,50.01700793895309,43.83258875336592,93.849596692319,1.0935889858942185,1.1272299697337536,1.126967479152678,0.8763536756709758,True,True,True,True,5.548491519753611,False,0.0519014198006189,False,True,161.54873441063882,valid,2.645256842747898,4.0500115685905484,4.837352320208014,290.24113921248187,285.07107140640755,106.62040508651874,240.11465610317748,94.61553003257829,17.00058902291444,53.42041468660284,5.937876184489203,356.27257106935343,356.27257106935343,203.97373767689737,1.336801005985432,1.6409304783697807,1.6409304783697807,False
270,270,4.5,4.5,Sports2D_HALPE26_postprocessed,103.7702425409728,159.73422538128463,1.0,78.16220321722209,199.0350436326133,1.0,131.39454229071907,200.46777365361703,1.0,67.16598346032576,242.51841202138257,1.0,134.85528285837012,250.2874534359494,1.0,57.1858733148409,278.9965718837135,1.0,123.67041211680616,293.04493802928687,1.0,91.82360293494786,281.12841279163126,1.0,119.61318867805198,278.8192217187097,1.0,72.51825140842193,349.4868574231319,1.0,107.7435929211444,350.7762407950954,1.0,123.08171179600345,388.5493043969145,1.0,97.9836690117542,419.5395139211846,1.0,132.0896720025681,423.7772747658659,1.0,128.60867134635183,421.29027973077,1.0,137.43960730623195,391.9626551014642,1.0,77.05183907676066,430.0478145109757,1.0,83.33693644319641,428.4210125453629,1.0,102.64185215772773,430.817689236737,1.0,1.0,4.5,103.7702425409728,159.73422538128463,False,78.16220321722209,199.0350436326133,False,131.39454229071907,200.46777365361703,False,67.16598346032576,242.51841202138257,False,134.85528285837012,250.2874534359494,False,57.1858733148409,278.9965718837135,False,123.67041211680616,293.04493802928687,False,91.82360293494786,281.12841279163126,False,119.61318867805198,278.8192217187097,False,72.51825140842193,349.4868574231319,False,107.7435929211444,350.7762407950954,False,123.08171179600345,388.5493043969145,False,97.9836690117542,419.5395139211846,False,True,161.36687292409243,111.91722975176702,178.7115071352107,49.93973587125509,44.196196920719146,94.13593279197424,1.0918994829504407,1.1365807754958033,1.1304058687014022,0.8849906021661225,True,True,True,True,0.1818614865463814,False,0.0086369264951466,False,True,161.36687292409243,valid,0.04941800737297797,-0.4901327604934522,0.49261776496757353,29.557065898054518,54.127098764864385,105.24838428023526,239.86261294914283,83.69874933195801,18.422027836570905,53.18232508014404,1.4412407715828766,86.4744462949729,86.4744462949729,204.37402533448233,0.13613478617712707,0.3982864976095768,0.3982864976095768,False
271,271,4.516666666666667,4.516666666666667,Sports2D_HALPE26_postprocessed,101.60464259758362,159.75773980963612,1.0,76.79748188501608,199.351091749651,1.0,129.80279225065928,199.72366048748216,1.0,66.00336756638592,242.8318035698172,1.0,134.20345507063232,250.01985983541644,1.0,57.04615727276442,280.10177907350845,1.0,122.90616613710894,292.5656202508648,1.0,89.67835280967334,280.8646682477447,1.0,118.34521891214992,278.90376337323846,1.0,68.76643770172576,348.33282406533954,1.0,107.42176748124008,351.04154724720905,1.0,118.82692913972552,389.013817812343,1.0,98.10475161300886,419.5502169163084,1.0,125.32136641735204,423.03360610751815,1.0,122.8473690846198,420.0128528854191,1.0,130.77286592174133,391.9090586100338,1.0,77.83890226226295,430.0431644189608,1.0,83.47716651424312,427.81081823039983,1.0,103.57546852547442,430.828338141417,1.0,1.0,4.516666666666667,101.60464259758362,159.75773980963612,False,76.79748188501608,199.351091749651,False,129.80279225065928,199.72366048748216,False,66.00336756638592,242.8318035698172,False,134.20345507063232,250.01985983541644,False,57.04615727276442,280.10177907350845,False,122.90616613710894,292.5656202508648,False,89.67835280967334,280.8646682477447,False,118.34521891214992,278.90376337323846,False,68.76643770172576,348.33282406533954,False,107.42176748124008,351.04154724720905,False,118.82692913972552,389.013817812343,False,98.10475161300886,419.5502169163084,False,True,160.12890337131952,111.87763055050269,179.13398749687843,50.48835016221304,44.0201143407902,94.50846450300324,1.1038945736369536,1.132052510866927,1.1348793149183232,0.8718865678787053,True,True,True,True,1.2379695527729098,False,0.0131040342874171,False,True,160.12890337131952,valid,-0.7642459796972219,-0.47931777842205747,0.9021183127477366,54.127098764864385,54.127098764864385,103.65596146437466,239.7107959645291,95.9786005141056,19.250204672734284,52.85482428633571,0.8905805083779169,53.434830502675204,86.4744462949729,204.80979617568678,0.24930015185397886,0.24611168273544776,0.3982864976095768,False
272,272,4.533333333333333,4.533333333333333,Sports2D_HALPE26_postprocessed,99.68456971509907,159.80943874090096,1.0,74.90218701503963,199.47009916273595,1.0,129.15189014454177,199.4680067841055,1.0,65.06170384814254,243.33309332101004,1.0,134.15365445867633,249.01672143311416,1.0,56.21195611688472,280.0963928451067,1.0,122.69139839689262,291.4186735143942,1.0,88.23600374056454,280.7386970624083,1.0,117.35461427198096,279.327072849861,1.0,65.28229424484545,347.050883100433,1.0,106.969834395042,351.391854168438,1.0,113.92098276682654,389.6899897887716,1.0,98.17145843584558,419.4743051321385,1.0,119.88984620542897,422.2897450163992,1.0,118.3780525458126,418.8061373648849,1.0,125.75384030429738,391.65156072413305,1.0,78.05646354663969,430.3008653526846,1.0,83.73655163749874,427.7128781223845,1.0,104.52673081643414,430.48157923196464,1.0,1.0,4.533333333333333,99.68456971509907,159.80943874090096,False,74.90218701503963,199.47009916273595,False,129.15189014454177,199.4680067841055,False,65.06170384814254,243.33309332101004,False,134.15365445867633,249.01672143311416,False,56.21195611688472,280.0963928451067,False,122.69139839689262,291.4186735143942,False,88.23600374056454,280.7386970624083,False,117.35461427198096,279.327072849861,False,65.28229424484545,347.050883100433,False,106.969834395042,351.391854168438,False,113.92098276682654,389.6899897887716,False,98.17145843584558,419.4743051321385,False,True,159.10885955661038,112.14632587292527,179.1635230345436,49.80052981267402,43.923898441839896,93.72442825451392,1.0888558340256629,1.129578154504543,1.125464427847246,0.881996609414815,True,True,True,True,1.0200438147091404,False,0.0101100415361096,False,True,159.10885955661038,valid,-0.21476774021631684,-1.1469467364706247,1.1668813129612796,70.01287877767703,70.01287877767703,102.41117379303174,239.75096896477768,74.72614522397582,20.280224603860887,51.6677045496165,1.5716851872516775,94.30111123510099,94.30111123510099,205.1524685549004,0.3224673353883727,0.4343347766160016,0.4343347766160016,False
273,273,4.55,4.55,Sports2D_HALPE26_postprocessed,98.68670673516512,159.80048035930366,1.0,72.94633717838116,199.69283563389348,1.0,127.92822616569023,199.4254198268008,1.0,64.02125661670468,243.75612356120592,1.0,134.26674943615794,247.6941682647404,1.0,54.26945856420936,279.62818302612,1.0,124.00075073352993,289.136480806692,1.0,87.2389285997796,280.78499968732143,1.0,116.46301169925624,279.6086422689075,1.0,61.35869316298503,345.68313162260034,1.0,106.56915732439008,352.09416207923925,1.0,109.5690227646352,390.1272972999308,1.0,98.21472039647892,420.6006183996988,1.0,116.55767318619952,421.6808231840975,1.0,114.5327768255127,417.8214967818598,1.0,120.00592915815102,391.1725515768474,1.0,77.39582280105978,430.5271957077314,1.0,83.13177535664447,427.60969482201824,1.0,103.70185840807744,431.1473749808072,1.0,1.0,4.55,98.68670673516512,159.80048035930366,False,72.94633717838116,199.69283563389348,False,127.92822616569023,199.4254198268008,False,64.02125661670468,243.75612356120592,False,134.26674943615794,247.6941682647404,False,54.26945856420936,279.62818302612,False,124.00075073352993,289.136480806692,False,87.2389285997796,280.78499968732143,False,116.46301169925624,279.6086422689075,False,61.35869316298503,345.68313162260034,False,106.56915732439008,352.09416207923925,False,109.5690227646352,390.1272972999308,False,98.21472039647892,420.6006183996988,False,True,158.6057680363273,110.9311117005135,179.180438972935,48.683148552814,42.69491770910398,91.37806626191798,1.064425027602397,1.097972813511333,1.097288774960376,0.8769958184357431,True,True,True,True,0.5030915202830784,False,0.0050007909790718,False,True,158.6057680363273,valid,1.3093523366373034,-2.2821927077021655,2.631122782491632,157.86736694949846,157.86736694949846,101.14412591077681,239.87797435423082,76.4038385001478,22.85662482275312,49.258506452461205,3.5273323573551507,211.6399414413098,211.6399414413098,205.83382203112055,0.7271100696578482,0.9747773433948602,0.9747773433948602,False
274,274,4.566666666666666,4.566666666666666,Sports2D_HALPE26_postprocessed,97.78832045860209,159.7526164891991,1.0,71.52019162808081,199.7466854432933,1.0,126.986530448657,199.34021782824945,1.0,62.63689037635531,243.7368742769193,1.0,133.858344645328,246.69955326293865,1.0,51.84539813135866,277.905380449442,1.0,125.21736098387288,286.55575625748,1.0,85.84645432025549,281.01884199599147,1.0,115.08778967690316,279.93490854533087,1.0,59.00839816853623,344.3849087819119,1.0,106.13453848840942,352.1265482158251,1.0,105.18138249031084,390.4831152643642,1.0,98.29027499450036,420.8563286075442,1.0,115.02454216050798,419.8107883421126,1.0,110.37725065611896,420.97739225383896,1.0,115.07850864844256,391.3894257462511,1.0,76.98975107440106,430.98897802950887,1.0,82.52462963974989,428.2117362201347,1.0,103.13698595930924,431.3451790151168,1.0,1.0,4.566666666666666,97.78832045860209,159.7526164891991,False,71.52019162808081,199.7466854432933,False,126.986530448657,199.34021782824945,False,62.63689037635531,243.7368742769193,False,133.858344645328,246.69955326293865,False,51.84539813135866,277.905380449442,False,125.21736098387288,286.55575625748,False,85.84645432025549,281.01884199599147,False,115.08778967690316,279.93490854533087,False,59.00839816853623,344.3849087819119,False,106.13453848840942,352.1265482158251,False,105.18138249031084,390.4831152643642,False,98.29027499450036,420.8563286075442,False,True,159.51139385094547,111.9989717580204,179.44134674427883,47.85528688837815,40.78214702268167,88.63743391105982,1.0463243767362735,1.0487826446373152,1.0643786331953908,0.8521973155819861,True,True,True,True,0.905625814618162,False,0.024798502853757,False,True,159.51139385094547,valid,1.2166102503429528,-2.5807245492119932,2.8531175405413967,171.18705243248442,157.86736694949846,99.86024151847411,240.01016345321625,77.4402939462435,25.357119465398767,46.54559280426378,3.6894950766297914,221.36970459778826,211.6399414413098,206.1412184735639,0.7884582610320207,1.0195909670282015,0.9747773433948602,False
275,275,4.583333333333333,4.583333333333333,Sports2D_HALPE26_postprocessed,97.20243011643277,159.79248509873338,1.0,70.03297591257437,199.8039212083277,1.0,126.40766061988506,199.35027539469985,1.0,60.63520676362533,243.5847266521789,1.0,133.33024469326728,246.8008879058199,1.0,48.35512331847956,277.24194257970737,1.0,125.94323300728206,284.7857830142963,1.0,84.28538395903098,281.5304771049352,1.0,113.9979413084664,280.53531748901867,1.0,57.505539618765376,343.93335326853787,1.0,105.64239641209356,352.137676492,1.0,101.11418227437368,392.8963684250041,1.0,98.40095369271786,420.8963604551044,1.0,111.32839409869148,421.61127774312536,1.0,94.89805695412728,420.3436339468278,1.0,110.0726582465024,394.0518200768116,1.0,76.77207422406988,430.7513587858129,1.0,82.37385752079474,428.6646417983031,1.0,102.32938299551566,431.6201180026679,1.0,1.0,4.583333333333333,97.20243011643277,159.79248509873338,False,70.03297591257437,199.8039212083277,False,126.40766061988506,199.35027539469985,False,60.63520676362533,243.5847266521789,False,133.33024469326728,246.8008879058199,False,48.35512331847956,277.24194257970737,False,125.94323300728206,284.7857830142963,False,84.28538395903098,281.5304771049352,False,113.9979413084664,280.53531748901867,False,57.505539618765376,343.93335326853787,False,105.64239641209356,352.137676492,False,101.11418227437368,392.8963684250041,False,98.40095369271786,420.8963604551044,False,True,160.6945778254192,115.08399775598592,179.35609051485784,47.95292272566405,38.69651402970089,86.64943675536495,1.0484591201102624,0.9951470259705326,1.0405063074520933,0.806968831724428,True,True,True,True,1.1831839744737351,False,0.045228483857558,False,True,160.6945778254192,valid,0.7258720234091811,-1.7699732431836992,1.913033056681029,114.78198340086215,114.78198340086215,98.68099044998921,240.30499779924534,72.93296474733701,27.26224255729285,44.480785215050986,2.8094348854776485,168.5660931286595,180.26517999215883,207.3249653295916,0.5286661680546385,0.77638657111409,0.8302705626484104,False
276,276,4.6,4.6,Sports2D_HALPE26_postprocessed,96.35598245648885,159.77031414553846,1.0,69.07622764198673,199.77628002535664,1.0,125.65631261426417,199.26397028538287,1.0,58.23885420996199,243.5550362314259,1.0,132.63935475947312,246.50372361376893,1.0,44.87496505010383,275.55650694605805,1.0,126.47274851212836,283.18206738014027,1.0,82.04454033300394,282.7153397075673,1.0,112.27763935766436,282.202816684437,1.0,56.495366183115934,343.5348277953696,1.0,105.34356035358164,352.3976066881214,1.0,94.92378990247596,393.09649113461967,1.0,97.84813402383278,420.7049735309703,1.0,96.87583019898466,424.41055399643534,1.0,88.88139628958075,421.21223842457255,1.0,104.34038940361522,393.2457201896098,1.0,76.1055988613951,430.14546063726914,1.0,82.30353523530488,430.4592470773694,1.0,102.25747152363856,433.4387120202762,1.0,1.0,4.6,96.35598245648885,159.77031414553846,False,69.07622764198673,199.77628002535664,False,125.65631261426417,199.26397028538287,False,58.23885420996199,243.5550362314259,False,132.63935475947312,246.50372361376893,False,44.87496505010383,275.55650694605805,False,126.47274851212836,283.18206738014027,False,82.04454033300394,282.7153397075673,False,112.27763935766436,282.202816684437,False,56.495366183115934,343.5348277953696,False,105.34356035358164,352.3976066881214,False,94.92378990247596,393.09649113461967,False,97.84813402383278,420.7049735309703,False,True,162.0476645091654,119.4248193539437,179.37950614946553,47.75308547233913,37.19311675638253,84.94620222872166,1.0440898099853102,0.956484594407662,1.0200534766616751,0.7788631119538142,True,True,True,True,1.3530866837461986,False,0.0281057197706138,False,True,162.0476645091654,valid,0.5295155048463016,-1.6037156341560603,1.6888725544306795,101.33235326584114,114.78198340086215,97.2636799867298,240.98960167568595,94.43953145186428,29.209068525398564,42.19246570445432,3.00441966653597,180.26517999215883,180.26517999215883,207.38292417018297,0.46671947385611035,0.8302705626484104,0.8302705626484104,False
277,277,4.616666666666666,4.616666666666666,Sports2D_HALPE26_postprocessed,95.0232148222545,159.71136957975773,1.0,67.7383512086573,199.54510092617107,1.0,124.73520295042108,199.51498249980915,1.0,55.89782985938294,243.19433090528136,1.0,132.2008405785852,245.4567157895129,1.0,41.91202358171343,273.55077164879043,1.0,126.79201185691412,278.63944627983767,1.0,81.02455753716984,282.60029659018664,1.0,110.83332409378384,282.0809832945343,1.0,55.2445167358824,342.84250644709334,1.0,105.27980179040928,352.0664905594102,1.0,90.49083279261453,394.0883000709117,1.0,98.39066818441393,420.93207464876434,1.0,86.08121400828152,426.3642007580364,1.0,83.07249574623523,422.03466249079713,1.0,99.41604953275592,395.7769822514486,1.0,77.90046347958568,429.77055333575566,1.0,81.90619236633978,429.92227083072,1.0,101.8705395751638,433.5898487377964,1.0,1.0,4.616666666666666,95.0232148222545,159.71136957975773,False,67.7383512086573,199.54510092617107,False,124.73520295042108,199.51498249980915,False,55.89782985938294,243.19433090528136,False,132.2008405785852,245.4567157895129,False,41.91202358171343,273.55077164879043,False,126.79201185691412,278.63944627983767,False,81.02455753716984,282.60029659018664,False,110.83332409378384,282.0809832945343,False,55.2445167358824,342.84250644709334,False,105.27980179040928,352.0664905594102,False,90.49083279261453,394.0883000709117,False,98.39066818441393,420.93207464876434,False,True,161.51211667636804,122.31220642469984,178.82433964272366,46.54437240802947,33.62066374915734,80.1650361571868,1.0176620937202985,0.8646128567407764,0.962640138033136,0.722335741352855,True,True,True,True,0.5355478327973628,False,0.0565273706009591,False,True,161.51211667636804,valid,0.31926334478575313,-4.542621100302597,4.553826472785075,273.22958836710546,183.51255645531393,96.08285894750802,240.93534082767528,70.92402441108635,30.7091529094061,37.704105452162395,4.732402234964534,283.944134097873,208.52123909122375,207.98790035672687,1.2584487146969698,1.3077980783000431,0.9604131342056452,False
278,278,4.633333333333333,4.633333333333333,Sports2D_HALPE26_postprocessed,94.04262650921078,159.74074872854027,1.0,66.6803336111733,199.44187897067675,1.0,123.83358585319476,199.57218117621628,1.0,54.296269448164566,242.62630898437124,1.0,132.1794203593769,244.482647911651,1.0,38.40702588831768,271.71938573151715,1.0,127.26116922694932,275.6171004616732,1.0,79.13467981833081,282.519400148504,1.0,109.41393901407588,282.042898527013,1.0,54.6881345456594,342.05724488044353,1.0,104.48903476200772,351.9622039299662,1.0,86.05430334473245,393.8781123810935,1.0,98.67841717458234,421.1621415663401,1.0,81.3736471167322,426.563447518212,1.0,79.45340619090601,421.6925183414237,1.0,93.99949955891378,397.69986747290176,1.0,78.86875269532811,429.58012912359993,1.0,82.3308979126968,429.6786463803097,1.0,101.3248720891834,433.5245501112344,1.0,1.0,4.633333333333333,94.04262650921078,159.74074872854027,False,66.6803336111733,199.44187897067675,False,123.83358585319476,199.57218117621628,False,54.296269448164566,242.62630898437124,False,132.1794203593769,244.482647911651,False,38.40702588831768,271.71938573151715,False,127.26116922694932,275.6171004616732,False,79.13467981833081,282.519400148504,False,109.41393901407588,282.042898527013,False,54.6881345456594,342.05724488044353,False,104.48903476200772,351.9622039299662,False,86.05430334473245,393.8781123810935,False,98.67841717458234,421.1621415663401,False,True,160.49592669561943,126.4909861049364,179.22930349727056,45.67934955753167,31.520522359110902,77.19987191664256,0.9987489379592458,0.8106041298353445,0.9270337658459948,0.6900387738536387,True,True,True,True,1.0161899807486066,False,0.0322969674992164,False,True,160.49592669561943,valid,0.4691573700352052,-3.0223458181644673,3.0585426075885547,183.51255645531393,183.51255645531393,94.76563457419368,240.8940897056025,79.07220837318376,32.49553465275564,34.72301075607069,3.475353984853717,208.52123909122375,208.52123909122375,208.03318015968463,0.8452274227769846,0.9604131342056452,0.9604131342056452,False
279,279,4.65,4.65,Sports2D_HALPE26_postprocessed,93.10137472745934,159.68953970998075,1.0,64.91133401403017,199.3742314800664,1.0,122.84602094285404,199.69699915957065,1.0,52.04348282559151,242.0933052207793,1.0,131.30779081743106,242.90915875116144,1.0,35.52457259948075,269.824814004672,1.0,127.73983177812217,273.6070092465751,1.0,77.71524542757564,282.47202529496724,1.0,107.98175530448266,282.1114667368046,1.0,54.12939244916844,341.6496749456201,1.0,103.97923718336123,351.89639071331675,1.0,81.67334629211963,394.5665825827526,1.0,98.11379997936169,420.7809568666619,1.0,74.11915913474442,427.9273008619598,1.0,72.65219044114824,422.5853188585783,1.0,88.17422146413787,398.8353049973177,1.0,79.19774440075919,429.64391460839454,1.0,82.27385454870742,429.8963435755777,1.0,100.2627884375594,433.5805893671293,1.0,1.0,4.65,93.10137472745934,159.68953970998075,False,64.91133401403017,199.3742314800664,False,122.84602094285404,199.69699915957065,False,52.04348282559151,242.0933052207793,False,131.30779081743106,242.90915875116144,False,35.52457259948075,269.824814004672,False,127.73983177812217,273.6070092465751,False,77.71524542757564,282.47202529496724,False,107.98175530448266,282.1114667368046,False,54.12939244916844,341.6496749456201,False,103.97923718336123,351.89639071331675,False,81.67334629211963,394.5665825827526,False,98.11379997936169,420.7809568666619,False,True,162.2909368493432,130.77216757390514,178.41567973099765,44.03285461992456,30.90450382622175,74.9373584461463,0.9627494089331318,0.7947621599236141,0.8998649852410714,0.7018510176770978,True,True,True,True,1.79501015372378,False,0.0118122438234591,False,True,162.2909368493432,valid,0.47866255117284595,-2.0100912150981003,2.0662972997392837,123.97783798435086,123.97783798435086,93.36358892223564,240.91368066785222,84.13095112688377,34.37624285588653,32.693328578722884,2.7670694039664374,166.024164237978,166.024164237978,208.17630118650752,0.571020700191118,0.7646788817512847,0.7646788817512847,False
280,280,4.666666666666667,4.666666666666667,Sports2D_HALPE26_postprocessed,91.8118136822804,159.6412509284507,1.0,63.554076901023336,199.33911698906903,1.0,121.53496919455164,199.81349615747928,1.0,50.19253253832214,241.5385213069377,1.0,130.4160139925591,242.24050930584625,1.0,32.32011441932297,268.2475577963743,1.0,128.15384136539913,272.09226040834903,1.0,75.96466686229108,282.6250098259949,1.0,106.59891267497228,282.1913016932458,1.0,54.62576423872966,341.89870763980485,1.0,103.18115813622737,351.8037075975358,1.0,76.8738785123718,394.84040803884864,1.0,97.77327329862617,420.8054129475729,1.0,68.92876883386326,429.052262469693,1.0,65.89578216568555,423.59395078475154,1.0,83.7696458334064,402.01286511674016,1.0,79.042836542402,430.0986416218558,1.0,81.75231645742983,430.40390538789416,1.0,100.21304511258356,433.4889873248072,1.0,1.0,4.666666666666667,91.8118136822804,159.6412509284507,False,63.554076901023336,199.33911698906903,False,121.53496919455164,199.81349615747928,False,50.19253253832214,241.5385213069377,False,130.4160139925591,242.24050930584625,False,32.32011441932297,268.2475577963743,False,128.15384136539913,272.09226040834903,False,75.96466686229108,282.6250098259949,False,106.59891267497228,282.1913016932458,False,54.62576423872966,341.89870763980485,False,103.18115813622737,351.8037075975358,False,76.8738785123718,394.84040803884864,False,97.77327329862617,420.8054129475729,False,True,163.84364906629648,137.40680945954213,178.32949547733205,43.34656158677316,29.93734238172868,73.28390396850185,0.9477440630902472,0.7698899496159385,0.8800099246948476,0.6906509140707439,True,True,True,True,1.5527122169532674,False,0.0112001036063539,False,True,163.84364906629648,valid,0.4140095872769649,-1.514748838226069,1.5703082440286902,94.21849464172175,94.21849464172175,91.91315640820959,240.99223116644725,87.15347824880239,36.24068495718954,31.10002924190178,2.452498139821061,147.14988838926416,147.14988838926416,208.31204077837057,0.4339542587285645,0.6777471979442701,0.6777471979442701,False
281,281,4.683333333333334,4.683333333333334,Sports2D_HALPE26_postprocessed,90.9226375696392,159.42584777197044,1.0,61.83657309806964,199.24899480187224,1.0,121.02011580769263,200.01871371886864,1.0,47.55962102311184,241.0495295401747,1.0,129.8790454287089,242.38135199057908,1.0,29.97385223103928,267.1470380921111,1.0,127.96684544723848,271.3002455079754,1.0,75.02407681664855,283.04791591137985,1.0,105.23888929989496,282.96937077442016,1.0,54.56797634047857,342.2876747024192,1.0,102.69284697976585,351.75422222769373,1.0,72.10471017307458,394.88645765326135,1.0,97.69754109657522,420.58197992150826,1.0,66.58232586322684,431.91579953116513,1.0,60.66892526656924,426.29247163361663,1.0,77.52408111533138,403.6832733510974,1.0,79.20342461269013,429.9786934344885,1.0,82.33052610234375,430.7622321863367,1.0,100.31285875259498,433.58648560412416,1.0,1.0,4.683333333333334,90.9226375696392,159.42584777197044,False,61.83657309806964,199.24899480187224,False,121.02011580769263,200.01871371886864,False,47.55962102311184,241.0495295401747,False,129.8790454287089,242.38135199057908,False,29.97385223103928,267.1470380921111,False,127.96684544723848,271.3002455079754,False,75.02407681664855,283.04791591137985,False,105.23888929989496,282.96937077442016,False,54.56797634047857,342.2876747024192,False,102.69284697976585,351.75422222769373,False,72.10471017307458,394.88645765326135,False,97.69754109657522,420.58197992150826,False,True,164.40539536969175,142.5109977508279,177.9687391068931,43.27902211660871,28.982044631799894,72.26106674840861,0.9462673569910912,0.7453228344998766,0.8677274607936857,0.6696557180453895,True,True,True,True,0.5617463033952674,False,0.0209951960253543,False,True,164.40539536969175,valid,-0.18699591816064753,-0.7920149003736583,0.8137905601705143,48.82743361023103,93.80029342450122,90.77991375557644,241.3212488016352,70.80232658918797,37.18693169166204,29.978996706340183,1.467002668125564,88.02016008753415,135.8761589095885,208.20270483779754,0.2248908013073175,0.4054057907548146,0.6258223297104634,False
282,282,4.7,4.7,Sports2D_HALPE26_postprocessed,89.91338973888884,159.5034953652091,1.0,60.28560015926904,199.26883469450428,1.0,120.40776342465992,200.28542746326391,1.0,45.50998105048274,240.4944668370299,1.0,128.87059941945247,242.24709842963853,1.0,26.99851161095591,265.4255540876469,1.0,127.86356350282784,269.7403226759832,1.0,72.64111916271963,283.351467409429,1.0,104.0960776856148,283.5029279415795,1.0,55.33296964377554,343.1009370109119,1.0,101.69325303909068,351.81566281048083,1.0,67.11609579705019,394.9360692403451,1.0,97.31990187089312,420.4406382208908,1.0,64.09786780013005,433.98676206794977,1.0,56.626467035767895,427.7480831878056,1.0,70.53886887768267,405.55968037097,1.0,79.68180899080154,429.8119043737448,1.0,82.44034868856815,431.3238392244773,1.0,100.4785185741292,433.7871421064324,1.0,1.0,4.7,89.91338973888884,159.5034953652091,False,60.28560015926904,199.26883469450428,False,120.40776342465992,200.28542746326391,False,45.50998105048274,240.4944668370299,False,128.87059941945247,242.24709842963853,False,26.99851161095591,265.4255540876469,False,127.86356350282784,269.7403226759832,False,72.64111916271963,283.351467409429,False,104.0960776856148,283.5029279415795,False,55.33296964377554,343.1009370109119,False,101.69325303909068,351.81566281048083,False,67.11609579705019,394.9360692403451,False,97.31990187089312,420.4406382208908,False,True,166.49981325599722,151.03801914321278,178.36805495802105,42.80655818172074,27.511661178437876,70.31821936015861,0.9359372437612804,0.7075094097679637,0.8443973038118425,0.6426973423475543,True,True,True,True,2.0944178863054788,False,0.0269583756978352,False,True,166.49981325599722,valid,-0.10328194441063943,-1.5599228319921963,1.5633382237416815,93.80029342450122,85.72080314961126,89.35764010806585,241.60216437719419,86.98501710283831,38.50592339476199,28.138158298788994,2.2646026484931334,135.8761589095885,128.25166171437257,208.07006510108653,0.4320280955064878,0.6258223297104634,0.5907052007315973,False
283,283,4.716666666666667,4.716666666666667,Sports2D_HALPE26_postprocessed,89.35349136216503,159.26039279526125,1.0,58.35171458528531,199.28236589035768,1.0,119.51185150996368,200.65759728719163,1.0,43.0902274125414,239.65017856016885,1.0,128.35444464558745,241.7462136348537,1.0,24.740230592340183,264.81278328359514,1.0,127.920463290195,268.31277614203395,1.0,71.138177242741,283.1680200549787,1.0,102.2755442732023,283.2816099334059,1.0,55.376968122747904,343.730935324557,1.0,100.78296164058116,351.79717522743937,1.0,62.22644768369163,395.56826870984384,1.0,97.19380888746689,420.32915960960594,1.0,62.112181468883065,435.4811238845609,1.0,52.77834630957331,429.0716157929297,1.0,63.24055140841375,407.1330955217947,1.0,79.89558040718258,429.0900278419259,1.0,82.50452881872545,431.1273509402621,1.0,99.79753581439668,433.85977390781903,1.0,1.0,4.716666666666667,89.35349136216503,159.26039279526125,False,58.35171458528531,199.28236589035768,False,119.51185150996368,200.65759728719163,False,43.0902274125414,239.65017856016885,False,128.35444464558745,241.7462136348537,False,24.740230592340183,264.81278328359514,False,127.920463290195,268.31277614203395,False,71.138177242741,283.1680200549787,False,102.2755442732023,283.2816099334059,False,55.376968122747904,343.730935324557,False,100.78296164058116,351.79717522743937,False,62.22644768369163,395.56826870984384,False,97.19380888746689,420.32915960960594,False,True,166.91885806195916,157.88550208227693,178.25001495459122,42.02934506660248,26.57010694868849,68.59945201529098,0.9189439901179748,0.6832957327735475,0.8237579513781209,0.6321798949420635,True,True,True,True,0.4190448059619314,False,0.0105174474054907,False,True,166.91885806195916,valid,0.05689978736715773,-1.4275465339492257,1.428680052493516,85.72080314961126,85.72080314961126,87.81932190279807,241.59739829148347,92.29953530995022,40.101141387396936,26.71537785055048,2.1375276952395352,128.25166171437257,128.25166171437257,208.18307356355652,0.3948153462848298,0.5907052007315973,0.5907052007315973,False
284,284,4.733333333333333,4.733333333333333,Sports2D_HALPE26_postprocessed,87.91272121891664,159.0341547682741,1.0,56.25012096612011,199.31334025198385,1.0,118.48863520853794,200.891664562581,1.0,40.91665428575759,239.1420727487164,1.0,127.41125496452132,241.6968746709603,1.0,22.65689071432973,264.0324410322063,1.0,128.23171666952652,267.7963000490913,1.0,69.52289159355757,283.3714383544625,1.0,101.15739248604169,283.4382281432024,1.0,55.25809142115174,344.5100076414455,1.0,100.15208355583044,351.904089655681,1.0,58.091340626464266,396.3983693723672,1.0,96.84220344525151,420.40281736129896,1.0,60.04817196705897,436.6958129417192,1.0,50.48199451144865,430.79694885334646,1.0,58.56097392050188,407.5175955772442,1.0,79.94610719875868,428.6015829778037,1.0,82.57780707345034,431.1500508804894,1.0,99.21549646741325,434.2387559345466,1.0,1.0,4.733333333333333,87.91272121891664,159.0341547682741,False,56.25012096612011,199.31334025198385,False,118.48863520853794,200.891664562581,False,40.91665428575759,239.1420727487164,False,127.41125496452132,241.6968746709603,False,22.65689071432973,264.0324410322063,False,128.23171666952652,267.7963000490913,False,69.52289159355757,283.3714383544625,False,101.15739248604169,283.4382281432024,False,55.25809142115174,344.5100076414455,False,100.15208355583044,351.904089655681,False,58.091340626464266,396.3983693723672,False,96.84220344525151,420.40281736129896,False,True,169.4661871076597,163.74134169438528,178.0748357175582,41.76934659889768,26.11231821340282,67.8816648123005,0.9132592946044332,0.6715229126664783,0.8151385980379648,0.6251550560307769,True,True,True,True,2.547329045700536,False,0.0070248389112865,False,True,169.4661871076597,valid,0.311253379331518,-0.5164760929426393,0.6030142790403753,36.18085674242265,40.344663072972004,86.35476006356433,241.75366782805744,88.37251595605261,41.87695660596219,26.04263222103387,1.8989750847553717,113.9385050853227,120.70524805027976,208.5333457843226,0.16664283299714042,0.5247812513133404,0.555947711131351,False
285,285,4.75,4.75,Sports2D_HALPE26_postprocessed,86.90193917245901,159.0124840605894,1.0,54.24178856461148,199.2931940912977,1.0,117.09003962659123,201.0742039321008,1.0,38.45185546644871,239.2140572234572,1.0,126.4250735021118,241.6143790788028,1.0,22.00903110414801,262.93687028558725,1.0,128.34549892847454,267.1335857672576,1.0,67.56995025970109,283.6641699457331,1.0,99.68673614195372,283.74892746735424,1.0,55.21396713911664,345.3774696043832,1.0,99.22627202785272,351.9831655174717,1.0,53.575395205516834,399.5232891141041,1.0,96.79772567181304,420.6620794551477,1.0,58.55899045069096,437.46798040654,1.0,47.36494531529844,433.0157855409896,1.0,53.12989891222711,410.681475992177,1.0,79.9991317711378,428.619478136315,1.0,83.08753926032665,431.31018790978897,1.0,98.67958089115156,434.5625857769961,1.0,1.0,4.75,86.90193917245901,159.0124840605894,False,54.24178856461148,199.2931940912977,False,117.09003962659123,201.0742039321008,False,38.45185546644871,239.2140572234572,False,126.4250735021118,241.6143790788028,False,22.00903110414801,262.93687028558725,False,128.34549892847454,267.1335857672576,False,67.56995025970109,283.6641699457331,False,99.68673614195372,283.74892746735424,False,55.21396713911664,345.3774696043832,False,99.22627202785272,351.9831655174717,False,53.575395205516834,399.5232891141041,False,96.79772567181304,420.6620794551477,False,True,171.33637966120364,170.41154193322132,178.3614574298008,41.60106559190992,25.59136463392089,67.1924302258308,0.9095799410533048,0.6581257005844744,0.8068621110648231,0.6151612769961737,True,True,True,True,1.8701925535439443,False,0.0099937790346031,False,True,171.33637966120364,valid,0.11378225894802085,-0.6627142818337006,0.6724110512161977,40.344663072972004,36.18085674242265,84.64712864821438,241.94512385912145,103.09984318647224,43.698370280260164,25.188461908136162,2.0117541341713223,120.70524805027976,113.9385050853227,210.170404556343,0.1858206122275753,0.555947711131351,0.5247812513133404,False
286,286,4.766666666666667,4.766666666666667,Sports2D_HALPE26_postprocessed,86.07467588033809,159.0284461825878,1.0,52.0004744651952,199.07732066847967,1.0,116.21805716862376,201.24300363445727,1.0,36.125167958719466,238.95176094179635,1.0,125.19061389121448,241.6550588875072,1.0,20.692575728884453,263.66815678872723,1.0,128.50116714081284,266.80513766550155,1.0,65.78327018532683,283.5919906461665,1.0,97.94252014082286,283.5773774919435,1.0,54.88830630736692,346.4688728619988,1.0,98.44264328835048,351.93435719285606,1.0,48.37112332117646,400.3405925367896,1.0,96.87170430404012,420.7335920528915,1.0,57.31318385382501,437.5722647273852,1.0,44.29305285775608,434.26130417341824,1.0,48.37799692344443,411.7397767626465,1.0,80.1207790054019,428.5661706706737,1.0,83.54342419202317,431.5247885080545,1.0,98.04748452938972,434.8116922557738,1.0,1.0,4.766666666666667,86.07467588033809,159.0284461825878,False,52.0004744651952,199.07732066847967,False,116.21805716862376,201.24300363445727,False,36.125167958719466,238.95176094179635,False,125.19061389121448,241.6550588875072,False,20.692575728884453,263.66815678872723,False,128.50116714081284,266.80513766550155,False,65.78327018532683,283.5919906461665,False,97.94252014082286,283.5773774919435,False,54.88830630736692,346.4688728619988,False,98.44264328835048,351.93435719285606,False,48.37112332117646,400.3405925367896,False,96.87170430404012,420.7335920528915,False,True,174.98070746513264,177.06759711375653,178.272766281164,41.396146969442334,25.36703028258821,66.76317725203054,0.9050995301337096,0.6523565591475896,0.8017075429169339,0.6127872311718663,True,True,True,True,3.644327803929002,False,0.0023740458243074,False,True,174.98070746513264,valid,0.15566821233829842,-0.32844810175606654,0.36347042229012944,21.808225337407844,21.808225337407844,82.98608048999216,241.87242311026174,99.75830280305246,45.51508665082068,24.932714555239812,1.8346294120546673,110.07776472328044,110.07776472328044,210.69034975580155,0.1004449529412199,0.5069993420573671,0.5069993420573671,False
287,287,4.783333333333333,4.783333333333333,Sports2D_HALPE26_postprocessed,84.91281524898415,159.04622810752608,1.0,50.33583388912649,198.801545821108,1.0,114.59609800940756,201.38414919873887,1.0,33.45731355262802,238.7331209169652,1.0,123.99034320048838,241.70053483008064,1.0,19.72980947090953,263.44395336492965,1.0,128.40443045702693,266.78403322369684,1.0,64.15656316890559,283.5309799049187,1.0,96.33983638136483,283.41613127722246,1.0,54.17667589846056,347.454775628367,1.0,97.77848276529733,352.0136279585795,1.0,44.65791126071784,402.6070067708857,1.0,96.74033333264931,421.1379781198313,1.0,56.50970785932141,437.0583760372974,1.0,43.37123974214569,434.57252790584334,1.0,44.65570730956895,414.481575279724,1.0,80.22337995050894,428.6835881971711,1.0,83.77837731421975,431.73708199223984,1.0,97.89613421611466,434.9719432989578,1.0,1.0,4.783333333333333,84.91281524898415,159.04622810752608,False,50.33583388912649,198.801545821108,False,114.59609800940756,201.38414919873887,False,33.45731355262802,238.7331209169652,False,123.99034320048838,241.70053483008064,False,19.72980947090953,263.44395336492965,False,128.40443045702693,266.78403322369684,False,64.15656316890559,283.5309799049187,False,96.33983638136483,283.41613127722246,False,54.17667589846056,347.454775628367,False,97.77848276529733,352.0136279585795,False,44.65791126071784,402.6070067708857,False,96.74033333264931,421.1379781198313,False,True,176.8638618552514,179.08122668526073,177.93811616274843,41.39641038888767,25.46892337675235,66.86533376564002,0.9051052896266492,0.6549769142924109,0.8029342617594126,0.6152447310646325,True,True,True,True,1.8831543901187613,False,0.0024574998927662,False,True,176.8638618552514,valid,-0.09673668378590605,-0.021104441804709495,0.09901203691361343,5.9407222148168275,21.808225337407844,81.35708286220112,241.783201550497,97.88635006512655,47.04734759482581,25.000831673199826,1.5337742800955667,92.02645680573433,92.02645680573433,212.1062861362748,0.027361949634690557,0.423858107672043,0.423858107672043,False
288,288,4.8,4.8,Sports2D_HALPE26_postprocessed,83.64738087594077,159.27423353247747,1.0,49.42726152762426,198.56053152952109,1.0,112.84162179449145,201.3062805789598,1.0,30.734826537775337,238.63994621572004,1.0,122.7312240645029,241.2723226724744,1.0,19.79523965318142,262.6597703190194,1.0,128.20680088799176,266.14323707146133,1.0,63.297897524150216,283.80495724902886,1.0,95.88825740610164,283.5526028346302,1.0,52.979790737492536,348.4190863807479,1.0,97.40527926367976,352.64823941192986,1.0,41.37241513590223,403.0423228469954,1.0,96.55562869830231,421.5588510785463,1.0,55.221288879690206,437.0315527580732,1.0,44.10692387168448,435.4254588400003,1.0,40.875359733912106,414.4305577155736,1.0,80.04336609971509,428.8708147281635,1.0,84.00960539444762,431.8836094890931,1.0,98.27421449796992,435.0366172678882,1.0,1.0,4.8,83.64738087594077,159.27423353247747,False,49.42726152762426,198.56053152952109,False,112.84162179449145,201.3062805789598,False,30.734826537775337,238.63994621572004,False,122.7312240645029,241.2723226724744,False,19.79523965318142,262.6597703190194,False,128.20680088799176,266.14323707146133,False,63.297897524150216,283.80495724902886,False,95.88825740610164,283.5526028346302,False,52.979790737492536,348.4190863807479,False,97.40527926367976,352.64823941192986,False,41.37241513590223,403.0423228469954,False,96.55562869830231,421.5588510785463,False,True,178.51749596589906,177.07601402139412,178.03584390914048,41.17145556911483,25.46653342313524,66.63798899225007,0.9001868004293816,0.6549154525485326,0.8002042535846756,0.6185482896125539,True,True,True,True,1.6536341106476584,False,0.0033035585479214,False,True,178.51749596589906,valid,-0.19762956903517193,-0.6407961522355095,0.6705797158256892,40.2347829495415,25.083901920747557,80.36375956309189,241.806093048035,59.61522213299266,47.84304132489987,24.337144023426333,1.0361514409298669,62.16908645579223,92.02645680573433,212.71562858375154,0.18531452318748173,0.28634017059330885,0.423858107672043,False
289,289,4.816666666666666,4.816666666666666,Sports2D_HALPE26_postprocessed,82.23953585547258,159.21368677989182,1.0,47.11262039668359,198.51936080896616,1.0,111.01229897205933,201.4153539811468,1.0,28.69661583464712,238.29573886820685,1.0,121.38544181581794,241.33754293999945,1.0,19.44178010762761,261.4962064428113,1.0,127.97188672868832,265.7974138380742,1.0,61.92643720492351,284.72077004656614,1.0,94.10912034545622,283.6919083558148,1.0,52.08515816929136,348.1088088195698,1.0,96.5837216950922,352.7254666326557,1.0,38.50499394002709,403.4087020418007,1.0,96.5387125225457,421.2897313339065,1.0,53.98058502419793,436.6982543952316,1.0,42.85179617480537,435.1708923770798,1.0,37.38461121601026,414.40293484199503,1.0,80.20785320414232,428.841677776918,1.0,84.17670832860277,431.7763276933249,1.0,97.99902583128902,434.75881665321344,1.0,1.0,4.816666666666666,82.23953585547258,159.21368677989182,False,47.11262039668359,198.51936080896616,False,111.01229897205933,201.4153539811468,False,28.69661583464712,238.29573886820685,False,121.38544181581794,241.33754293999945,False,19.44178010762761,261.4962064428113,False,127.97188672868832,265.7974138380742,False,61.92643720492351,284.72077004656614,False,94.10912034545622,283.6919083558148,False,52.08515816929136,348.1088088195698,False,96.5837216950922,352.7254666326557,False,38.50499394002709,403.4087020418007,False,96.5387125225457,421.2897313339065,False,True,179.49442818078958,175.02770131136987,177.9094223023423,41.24782738185559,25.331137774303777,66.57896515615937,0.901856619890554,0.6514335219239662,0.7994954818252493,0.6141205339083297,True,True,True,True,0.9769322148905246,False,0.0044277557042242,False,True,179.49442818078958,valid,-0.23491415930344317,-0.3458232333871365,0.4180650320124578,25.083901920747557,40.2347829495415,78.54011922978066,242.08684829812347,110.70752130110385,49.43176749890766,23.71056553995072,1.7078206732359298,102.46924039415615,102.46924039415615,212.69518037315862,0.11553215857916943,0.47195578136560773,0.47195578136560773,False
290,290,4.833333333333333,4.833333333333333,Sports2D_HALPE26_postprocessed,80.57167143166815,159.30329617760975,1.0,45.3584325249356,198.4082007946728,1.0,109.6550225877574,201.7057089373887,1.0,26.0928290100811,238.13496732651504,1.0,120.0152404820395,241.0599902105861,1.0,19.71390913565337,260.4292571670629,1.0,127.91770849868504,264.9446499410763,1.0,60.77958499428794,284.5786819327983,1.0,92.39290194810454,284.2475367718023,1.0,51.79102257986809,347.80583261079784,1.0,95.78834754442778,352.1031669608171,1.0,36.84402542063061,403.14723864617673,1.0,96.37923803430076,420.876438870044,1.0,53.67060908803166,436.6072046006539,1.0,41.60863745476837,435.0400544616717,1.0,34.30004838309813,414.510996721914,1.0,80.38613201756252,428.8706335122087,1.0,84.37056101569227,431.7641399147843,1.0,97.3669928078282,434.660192235464,1.0,1.0,4.833333333333333,80.57167143166815,159.30329617760975,False,45.3584325249356,198.4082007946728,False,109.6550225877574,201.7057089373887,False,26.0928290100811,238.13496732651504,False,120.0152404820395,241.0599902105861,False,19.71390913565337,260.4292571670629,False,127.91770849868504,264.9446499410763,False,60.77958499428794,284.5786819327983,False,92.39290194810454,284.2475367718023,False,51.79102257986809,347.80583261079784,False,95.78834754442778,352.1031669608171,False,36.84402542063061,403.14723864617673,False,96.37923803430076,420.876438870044,False,True,176.44148382796038,172.97689964124393,177.62761623409057,40.69512955314112,25.1580200173902,65.85314957053131,0.8897722453364519,0.6469815027885214,0.7907797218252715,0.6182071489547165,True,True,True,True,3.0529443528292006,False,0.0040866150463868,False,True,176.44148382796038,valid,-0.0541782300032736,-0.8527638969978852,0.854483203245861,51.268992194751846,25.083901920747557,77.04648551377137,242.23503210916553,90.05798371070058,50.87122298491367,22.709617831910776,1.7532622195277068,105.19573317166278,102.46924039415615,212.23471892889117,0.23613620222055726,0.4845135403989148,0.47195578136560773,False
291,291,4.85,4.85,Sports2D_HALPE26_postprocessed,79.62423579712416,159.21259211311963,1.0,42.60261009343819,198.56391517290007,1.0,108.34330652625312,202.11513151311053,1.0,23.153202671992403,238.6506652543316,1.0,118.30429210939518,240.0870340547354,1.0,19.449535530361963,259.5923420041647,1.0,127.76963713829907,265.00736368888136,1.0,60.27500348772423,284.37444957772885,1.0,91.4659257343224,283.9167157820565,1.0,50.89102768366482,347.6318652295627,1.0,94.99096807448072,351.1417233103508,1.0,35.4463031864156,403.5867536741943,1.0,96.42076696302972,420.3804091991997,1.0,53.070568853102735,436.5312235274602,1.0,41.09399428242766,434.72157633010016,1.0,32.335577234103525,415.8893275673717,1.0,80.46160896898303,429.0010649808247,1.0,84.50839446175561,431.7847031978025,1.0,97.0247358050358,434.59170414118,1.0,1.0,4.85,79.62423579712416,159.21259211311963,False,42.60261009343819,198.56391517290007,False,108.34330652625312,202.11513151311053,False,23.153202671992403,238.6506652543316,False,118.30429210939518,240.0870340547354,False,19.449535530361963,259.5923420041647,False,127.76963713829907,265.00736368888136,False,60.27500348772423,284.37444957772885,False,91.4659257343224,283.9167157820565,False,50.89102768366482,347.6318652295627,False,94.99096807448072,351.1417233103508,False,35.4463031864156,403.5867536741943,False,96.42076696302972,420.3804091991997,False,True,173.9009415361344,173.00743023194025,178.1813667146001,39.25667607450001,26.657373944008228,65.91405001850823,0.8583214059962995,0.6855399527772194,0.7915110283705816,0.6790532620087028,True,True,True,True,2.540542291825972,False,0.0608461130539862,False,True,173.9009415361344,valid,-0.1480713603859698,0.06271374780504857,0.16080467011348576,9.64828020680918,20.619144044057336,75.67171146043448,242.24255301144896,82.48767751681623,52.097925677864595,22.764810677432394,1.2279437068081822,73.6766224084912,73.6766224084912,211.85893401512425,0.04443832711478404,0.33934191142068204,0.33934191142068204,False
292,292,4.866666666666666,4.866666666666666,Sports2D_HALPE26_postprocessed,78.17785515798292,159.06281794604195,1.0,41.05015366732869,198.5221230123857,1.0,106.83928405798451,202.3612836990743,1.0,20.15658397657008,238.58188795539428,1.0,117.20400200816142,239.83778259678533,1.0,20.262648044100352,258.47579351107305,1.0,127.46404818379166,264.85016202408895,1.0,58.81990646159184,284.12316860834994,1.0,89.98422677557826,283.6220566602072,1.0,49.41543795012939,347.8778340821109,1.0,94.38480961076712,350.87684378903447,1.0,34.40630618264904,405.1804479005,1.0,96.36349351925898,419.8613174561813,1.0,51.92409981694716,436.2926005428982,1.0,41.05511063083194,434.7476384385973,1.0,30.88092648305272,418.11388891278153,1.0,80.28686878988452,429.295765768682,1.0,84.53310815312523,431.8281609906031,1.0,96.93257764102836,434.41948385619287,1.0,1.0,4.866666666666666,78.17785515798292,159.06281794604195,False,41.05015366732869,198.5221230123857,False,106.83928405798451,202.3612836990743,False,20.15658397657008,238.58188795539428,False,117.20400200816142,239.83778259678533,False,20.262648044100352,258.47579351107305,False,127.46404818379166,264.85016202408895,False,58.81990646159184,284.12316860834994,False,89.98422677557826,283.6220566602072,False,49.41543795012939,347.8778340821109,False,94.38480961076712,350.87684378903447,False,34.40630618264904,405.1804479005,False,96.36349351925898,419.8613174561813,False,True,173.15624795771544,173.71358983570454,177.89935280496144,38.8833556655911,27.03493429142127,65.91828995701236,0.8501590007622518,0.6952495627065299,0.7915619425244637,0.6952829515006389,True,True,True,True,0.7446935784189748,False,0.0162296894919361,False,True,173.15624795771544,valid,-0.30558895450741375,-0.15720166479241016,0.3436524007342877,20.619144044057336,20.619144044057336,74.17339274062083,242.15715799500427,90.04501464223031,53.290655443170834,22.693004029084676,1.1948893203114714,71.69335921868854,73.61277015670723,212.25185229737133,0.09496824804176139,0.33020734064806273,0.3390478188786983,False
293,293,4.883333333333333,4.883333333333333,Sports2D_HALPE26_postprocessed,77.13745620765094,158.94854864045362,1.0,40.00933163039529,198.4588351732308,1.0,105.29219876714356,202.37724813469976,1.0,17.787722146089266,238.9542693004496,1.0,115.72044922839396,240.4859048276592,1.0,20.839080731327684,258.20149487600844,1.0,127.17668041399008,265.1208152904814,1.0,57.380824456319246,283.62193489687644,1.0,88.46308182773424,283.0771075745152,1.0,47.99044822951259,348.0367241989899,1.0,93.4399245059642,350.62813393464387,1.0,33.55060794715435,406.8087937494303,1.0,96.0596274775431,419.3981784668728,1.0,51.82567394892018,435.9241804713346,1.0,41.08346321832801,434.3465932701516,1.0,30.164957858949965,420.6596388497584,1.0,80.24564111142469,429.5000323491624,1.0,84.5168023363073,431.8102202266576,1.0,96.8694509984703,434.2113223628162,1.0,1.0,4.883333333333333,77.13745620765094,158.94854864045362,False,40.00933163039529,198.4588351732308,False,105.29219876714356,202.37724813469976,False,17.787722146089266,238.9542693004496,False,115.72044922839396,240.4859048276592,False,20.839080731327684,258.20149487600844,False,127.17668041399008,265.1208152904814,False,57.380824456319246,283.62193489687644,False,88.46308182773424,283.0771075745152,False,47.99044822951259,348.0367241989899,False,93.4399245059642,350.62813393464387,False,33.55060794715435,406.8087937494303,False,96.0596274775431,419.3981784668728,False,True,170.36372307295423,174.49043241054272,177.96788014257348,39.50972187480458,27.16843842566393,66.6781603004685,0.8638540860094187,0.6986828497991187,0.8006866398660532,0.6876393236012447,True,True,True,True,2.7925248847612067,False,0.0076436278993942,False,True,170.36372307295423,valid,-0.28736776980157686,0.2706532663924577,0.3947574264401351,23.685445586408193,23.685445586408193,72.78635917039809,241.88378144483056,84.82304349170127,54.390321243592,23.237033845650842,1.2268795026117827,73.61277015670723,73.61277015670723,212.8301023519839,0.10909110808011196,0.3390478188786983,0.3390478188786983,False
294,294,4.9,4.9,Sports2D_HALPE26_postprocessed,76.09175721099517,158.75597858357156,1.0,38.00403253432644,198.32161223731336,1.0,103.8068381054749,202.23738311357943,1.0,16.140918079852494,239.2345003636251,1.0,115.119291688883,241.27991514157205,1.0,21.28846876260392,257.5804717879775,1.0,126.72970251594188,265.402160924227,1.0,56.27867667136831,282.18676087481214,1.0,86.9577621823139,281.7552546616917,1.0,46.90296523705442,348.1039059236781,1.0,92.82618342624968,350.52560990712374,1.0,33.08101314815233,408.5979061909672,1.0,96.19845095892492,419.2628083635286,1.0,51.614005585312455,435.6431077596202,1.0,41.07406368917724,433.8405069133682,1.0,30.0293529691999,423.0064499351773,1.0,80.4048522580675,429.6921754059912,1.0,84.46143175008174,431.9127033849013,1.0,96.79254075713428,434.2883440029197,1.0,1.0,4.9,76.09175721099517,158.75597858357156,False,38.00403253432644,198.32161223731336,False,103.8068381054749,202.23738311357943,False,16.140918079852494,239.2345003636251,False,115.119291688883,241.27991514157205,False,21.28846876260392,257.5804717879775,False,126.72970251594188,265.402160924227,False,56.27867667136831,282.18676087481214,False,86.9577621823139,281.7552546616917,False,46.90296523705442,348.1039059236781,False,92.82618342624968,350.52560990712374,False,33.08101314815233,408.5979061909672,False,96.19845095892492,419.2628083635286,False,True,170.45654975552586,175.22487667274558,177.93125757489108,40.64838143436455,26.77096152871431,67.41934296307886,0.8887501284623731,0.6884610517428955,0.8095869312504915,0.6585984628180515,True,True,True,True,0.0928266825716264,False,0.0290408607831932,False,True,170.45654975552586,valid,-0.4469778980482033,0.28134563374561594,0.5281520680365763,31.689124082193004,31.689124082193004,71.26182737337089,241.12525272184917,102.16861986659148,55.46787514257099,24.276908202377854,1.4974849191171313,89.8490951470234,89.8490951470234,213.74271647476274,0.14595468122408403,0.4138295525759028,0.4138295525759028,False
295,295,4.916666666666667,4.916666666666667,Sports2D_HALPE26_postprocessed,74.56512480226537,158.7203810130331,1.0,35.95613313153835,198.420206215882,1.0,102.18328218141686,202.3932703719415,1.0,14.503559272730216,239.4221075189085,1.0,113.56801254424416,241.719944729154,1.0,22.122515592871046,258.26901747152453,1.0,126.093702886918,266.4940427535637,1.0,54.71880511622803,281.5614319293521,1.0,85.3659371281748,281.1247543105227,1.0,45.81037843027815,348.24009440406104,1.0,91.7856683682152,350.7165881350704,1.0,32.96081713105594,409.5791663706654,1.0,95.84690425469672,419.4268188144473,1.0,51.90337148653919,435.0826214405842,1.0,41.22900591046716,433.4039614187532,1.0,29.86552106912061,424.4574384906874,1.0,80.4424186614751,429.7407741749921,1.0,84.21178721433421,432.00513669865575,1.0,96.3234964671724,434.261701087304,1.0,1.0,4.916666666666667,74.56512480226537,158.7203810130331,False,35.95613313153835,198.420206215882,False,102.18328218141686,202.3932703719415,False,14.503559272730216,239.4221075189085,False,113.56801254424416,241.719944729154,False,22.122515592871046,258.26901747152453,False,126.093702886918,266.4940427535637,False,54.71880511622803,281.5614319293521,False,85.3659371281748,281.1247543105227,False,45.81037843027815,348.24009440406104,False,91.7856683682152,350.7165881350704,False,32.96081713105594,409.5791663706654,False,95.84690425469672,419.4268188144473,False,True,169.32428198525815,175.77832101181798,178.1121055626832,40.94141425784554,27.76056288124599,68.70197713909153,0.8951570984405738,0.7139103426560887,0.8249890965763056,0.6780557873846841,True,True,True,True,1.1322677702677026,False,0.0194573245666326,False,True,169.32428198525815,valid,-0.6359996290238854,1.0918818293366712,1.2636065279010376,75.81639167406253,70.22691148550872,69.5560393893395,240.87491570692458,103.4435718787111,56.53766349757849,25.619127046639107,1.7163911414359128,102.98346848615513,89.8490951470234,214.1470901800854,0.3491973223887956,0.47432422793577833,0.4138295525759028,False
296,296,4.933333333333334,4.933333333333334,Sports2D_HALPE26_postprocessed,73.82397582119098,158.89552344270584,1.0,34.71004135791493,198.4487374626908,1.0,100.49462509718823,202.44949718706624,1.0,12.96359587224124,239.4061906460316,1.0,111.92852041517568,242.2054147010452,1.0,23.34236114183021,259.1706578636888,1.0,125.3889703411655,267.4285489269336,1.0,53.48942478958746,280.91873979324447,1.0,84.13965154814986,280.53124642949336,1.0,44.9671255002057,348.2907386564545,1.0,91.02356017952908,351.00402721465525,1.0,32.89987743823787,410.8283807264876,1.0,95.61814407127504,419.7055845833355,1.0,52.24761844565894,434.9422132744311,1.0,42.21137294793944,433.32120710715697,1.0,30.263641512820005,426.106334617471,1.0,80.57348468780249,429.7634704334018,1.0,84.15091271556989,431.9026014318074,1.0,96.0885746048719,434.2898737859661,1.0,1.0,4.933333333333334,73.82397582119098,158.89552344270584,False,34.71004135791493,198.4487374626908,False,100.49462509718823,202.44949718706624,False,12.96359587224124,239.4061906460316,False,111.92852041517568,242.2054147010452,False,23.34236114183021,259.1706578636888,False,125.3889703411655,267.4285489269336,False,53.48942478958746,280.91873979324447,False,84.13965154814986,280.53124642949336,False,44.9671255002057,348.2907386564545,False,91.02356017952908,351.00402721465525,False,32.89987743823787,410.8283807264876,False,95.61814407127504,419.7055845833355,False,True,167.95852907459465,176.28785498544474,178.24704170302144,41.36746232875537,28.590036942740426,69.95749927149579,0.9044723593289729,0.7352416864764215,0.8400656942649969,0.6911237802195785,True,True,True,True,1.3657529106635025,False,0.0130679928348944,False,True,167.95852907459465,valid,-0.704732545752492,0.9345061733699254,1.1704485247584746,70.22691148550872,70.22691148550872,68.20843569821012,240.5870552181237,82.68033460073552,57.18053464295538,26.841493708809907,1.38110954176154,82.86657250569269,82.86657250569269,214.84388069039645,0.32345313340418647,0.38166924850400663,0.38166924850400663,False
297,297,4.95,4.95,Sports2D_HALPE26_postprocessed,73.17211181738904,159.00233648170752,1.0,33.21888138141018,198.3090410646643,1.0,98.4984655309479,202.28562859458023,1.0,12.32639146373951,239.5465282603597,1.0,110.82224506354216,243.7802063172251,1.0,24.96157456394464,259.09062325876414,1.0,124.80764833615798,268.3827901749306,1.0,51.96877944670308,281.0935185762546,1.0,82.66686897220488,281.0269297836603,1.0,43.166113362714185,348.3162618689425,1.0,90.07673342128447,351.1132559557759,1.0,33.17365288506456,413.3132394392381,1.0,95.48390995395604,419.9035590491945,1.0,52.81613719639789,434.9048613107382,1.0,43.27892682620463,433.2738248743987,1.0,31.169734166319003,428.14931569223,1.0,80.52007373506785,429.7154165663087,1.0,83.84963763203555,431.8811093529398,1.0,95.97361747081284,434.3537885710656,1.0,1.0,4.95,73.17211181738904,159.00233648170752,False,33.21888138141018,198.3090410646643,False,98.4984655309479,202.28562859458023,False,12.32639146373951,239.5465282603597,False,110.82224506354216,243.7802063172251,False,24.96157456394464,259.09062325876414,False,124.80764833615798,268.3827901749306,False,51.96877944670308,281.0935185762546,False,82.66686897220488,281.0269297836603,False,43.166113362714185,348.3162618689425,False,90.07673342128447,351.1132559557759,False,33.17365288506456,413.3132394392381,False,95.48390995395604,419.9035590491945,False,True,166.9251012119288,178.72023446081965,178.45925631439454,43.28597373686544,28.299799242629373,71.5857729794948,0.9464193495964096,0.7277777277366665,0.8596183783547349,0.6537868228323401,True,True,True,True,1.0334278626658602,False,0.0373369573872384,False,True,166.9251012119288,valid,-0.5813220050075216,0.9542412479970039,1.1173681724860631,67.04209034916403,70.22691148550872,66.5882488328165,240.67877950478987,97.36687200896608,58.21939950334148,27.704010670140747,1.3502502385589177,81.01501431353535,82.86657250569269,216.31647454093388,0.3087843924031652,0.3731412884063016,0.38166924850400663,False
298,298,4.966666666666667,4.966666666666667,Sports2D_HALPE26_postprocessed,70.76193624016241,158.63260807871077,1.0,31.971917345328244,198.123092248042,1.0,96.49467067283749,202.13271969996032,1.0,11.529026483305898,239.6075217743704,1.0,108.96437755267624,244.145079527911,1.0,27.093346262705737,259.3405991366985,1.0,124.33207904589185,270.51135146237,1.0,50.32812904377148,280.7784958725513,1.0,81.54976116537806,281.06833536154704,1.0,42.4496422560459,348.33527779798305,1.0,89.47311967782298,350.8772078941737,1.0,33.015527893440144,414.6867458464391,1.0,95.09260281938344,420.2223611590963,1.0,52.331112179745325,434.8000567787436,1.0,43.840057488777184,432.8651028318885,1.0,31.0423909901823,429.1609885011953,1.0,81.03382521230185,429.7084022084344,1.0,87.52289035197307,431.7774985729205,1.0,95.6131735779624,434.16105724111526,1.0,1.0,4.966666666666667,70.76193624016241,158.63260807871077,False,31.971917345328244,198.123092248042,False,96.49467067283749,202.13271969996032,False,11.529026483305898,239.6075217743704,False,108.96437755267624,244.145079527911,False,27.093346262705737,259.3405991366985,False,124.33207904589185,270.51135146237,False,50.32812904377148,280.7784958725513,False,81.54976116537806,281.06833536154704,False,42.4496422560459,348.33527779798305,False,89.47311967782298,350.8772078941737,False,33.015527893440144,414.6867458464391,False,95.09260281938344,420.2223611590963,False,True,166.2954730418038,178.55950001114988,178.15751954933478,43.823874406335904,30.517970851719816,74.34184525805571,0.958180193994699,0.7848218035462954,0.8927139263123381,0.6963777453530589,True,True,True,True,0.6296281701249882,False,0.0425909225207187,False,True,166.2954730418038,valid,-0.4755692902661366,2.128561287439368,2.1810408763317057,130.86245257990282,129.86426477844637,65.08611955682882,240.52566079552517,90.59478860984379,59.245959489063026,29.985690666844818,2.5019770206067267,150.11862123640412,150.11862123640412,217.32672143342762,0.6027300565632971,0.6914206732735317,0.6914206732735317,False
299,299,4.983333333333333,4.983333333333333,Sports2D_HALPE26_postprocessed,68.33248132294125,158.24152357675428,1.0,30.08908205759668,197.81871051612848,1.0,94.10368937668458,201.89088762255068,1.0,10.58204213470724,239.55544344720028,1.0,107.5341810051274,244.4984649819016,1.0,28.551687969561428,256.6320523953853,1.0,123.4977972264823,272.5085045132663,1.0,48.45724056932498,280.1295033424543,1.0,79.73894069979605,280.1730959173838,1.0,41.90076594140917,348.3606455863053,1.0,88.66548580489848,350.4732822047255,1.0,32.83420805835374,415.0593741199464,1.0,94.69419177877296,420.0699645576327,1.0,51.98291798168036,434.78436901420537,1.0,42.87068328712964,432.7236791379923,1.0,30.88788829303213,429.72074771527207,1.0,81.78322088628856,429.81029998312965,1.0,88.86907495095173,431.7905582665653,1.0,95.57086906389527,433.8730463756101,1.0,1.0,4.983333333333333,68.33248132294125,158.24152357675428,False,30.08908205759668,197.81871051612848,False,94.10368937668458,201.89088762255068,False,10.58204213470724,239.55544344720028,False,107.5341810051274,244.4984649819016,False,28.551687969561428,256.6320523953853,False,123.4977972264823,272.5085045132663,False,48.45724056932498,280.1295033424543,False,79.73894069979605,280.1730959173838,False,41.90076594140917,348.3606455863053,False,88.66548580489848,350.4732822047255,False,32.83420805835374,415.0593741199464,False,94.69419177877296,420.0699645576327,False,True,167.81567682040313,177.74787880149603,177.71424988890635,44.67419561463582,32.239717080199675,76.91391269483549,0.9767719080173376,0.8290994518489985,0.9235999019328984,0.7216630682800149,True,True,True,True,1.520203778599324,False,0.025285322926956,False,True,167.81567682040313,valid,-0.83428181940954,1.9971530508963156,2.1644044129740987,129.86426477844637,129.86426477844637,63.09723817585058,240.00304934962935,123.38386740388616,60.40055905063173,32.50545516363695,2.7716986248271582,166.30191748963009,150.11862123640412,217.71625850393266,0.5981325744118352,0.7659581656847467,0.6914206732735317,False
300,300,5.0,5.0,Sports2D_HALPE26_postprocessed,66.5378213635627,158.03296274642406,1.0,29.164762988700392,197.445140353319,1.0,91.9225859134118,201.4561701802246,1.0,10.064376313599023,239.527772371781,1.0,106.33347178248115,244.89931664346267,1.0,28.37135863562903,253.85502739010755,1.0,122.41213122397778,274.0352962837828,1.0,47.59353269039777,280.6686709405488,1.0,78.86663684523724,280.61384578840153,1.0,41.17189087354307,348.40707128000224,1.0,88.35872394283035,350.5322564500058,1.0,32.10648709677314,416.3432943767725,1.0,94.51098857539525,420.13134151976647,1.0,52.1285522061972,434.8852725291063,1.0,42.65435066291667,432.6749374284233,1.0,30.23317159974895,430.39068762499113,1.0,81.70711241356382,429.9981819143946,1.0,88.34877063648037,431.74581230980107,1.0,95.4739655863804,433.454684298464,1.0,1.0,5.0,66.5378213635627,158.03296274642406,False,29.164762988700392,197.445140353319,False,91.9225859134118,201.4561701802246,False,10.064376313599023,239.527772371781,False,106.33347178248115,244.89931664346267,False,28.37135863562903,253.85502739010755,False,122.41213122397778,274.0352962837828,False,47.59353269039777,280.6686709405488,False,78.86663684523724,280.61384578840153,False,41.17189087354307,348.40707128000224,False,88.35872394283035,350.5322564500058,False,32.10648709677314,416.3432943767725,False,94.51098857539525,420.13134151976647,False,True,169.4595630473651,177.81484713394175,177.32039482149344,45.77095810836492,33.27804980819608,79.04900791656101,1.0007518986786723,0.8558019534087101,0.949238614986376,0.7270560019610844,True,True,True,True,1.6438862269619676,False,0.0053929336810695,False,True,169.4595630473651,valid,-1.0856660025045244,1.5267917705165246,1.873436355874183,112.40618135245137,112.40618135245137,61.8868796094368,240.04595681562347,72.66713201816466,60.525251614540984,33.98933946815936,1.4891141207785945,89.34684724671598,101.83649915667284,218.8041346566163,0.5177236304910278,0.41151628471798724,0.46904148353349745,False
301,301,5.016666666666667,5.016666666666667,Sports2D_HALPE26_postprocessed,64.45954083514273,157.69710072669963,1.0,27.590341691649748,196.81497812444104,1.0,89.80931546571108,200.90098318630703,1.0,9.29393208486522,239.0854521153052,1.0,104.28002687940509,244.28798862207384,1.0,28.49314950461578,249.68288541170764,1.0,121.3050216190827,275.04175628512627,1.0,46.46092466740174,280.23074589646404,1.0,76.88713376179153,279.9014736951046,1.0,40.615318288604186,348.5066535616038,1.0,87.8081714737577,350.14847785034453,1.0,31.570446207214985,416.5362974954362,1.0,94.68743817157836,419.8565508042676,1.0,50.37236133079328,434.7443292153205,1.0,43.13774789142406,432.5023702783623,1.0,30.00538095042075,430.7840376670393,1.0,82.17640519245744,429.81216961905113,1.0,88.70579647536522,431.8465502257342,1.0,95.72024855572762,432.8262388202378,1.0,1.0,5.016666666666667,64.45954083514273,157.69710072669963,False,27.590341691649748,196.81497812444104,False,89.80931546571108,200.90098318630703,False,9.29393208486522,239.0854521153052,False,104.28002687940509,244.28798862207384,False,28.49314950461578,249.68288541170764,False,121.3050216190827,275.04175628512627,False,46.46092466740174,280.23074589646404,False,76.88713376179153,279.9014736951046,False,40.615318288604186,348.5066535616038,False,87.8081714737577,350.14847785034453,False,31.570446207214985,416.5362974954362,False,94.68743817157836,419.8565508042676,False,True,169.476404941945,177.32024591067636,176.79926959449838,45.73656884268509,35.1517378142114,80.88830665689649,1.0,0.903987044328054,0.9713253360577538,0.7685696304661346,True,True,True,True,0.0168418945798976,False,0.0415136285050501,False,True,169.476404941945,valid,-1.1071096048950864,1.0064600013434415,1.4962130234546132,89.77278140727711,112.40618135245137,60.18692889663852,239.46204522557917,107.84631016104916,61.118092722444175,35.579711059547094,1.6972749859445413,101.83649915667284,101.83649915667284,219.38315760777283,0.4134780645534255,0.46904148353349745,0.46904148353349745,False
302,302,5.033333333333333,5.033333333333333,Sports2D_HALPE26_postprocessed,62.42767761098852,157.45018946043334,1.0,26.03455975055079,196.37646121565007,1.0,87.31966571257362,199.9382427950644,1.0,8.569071881189508,238.87217001939348,1.0,101.35342484454556,244.08328762549124,1.0,27.992137535307503,246.1055461930855,1.0,119.81209382921809,276.8560603442297,1.0,44.9534169296982,279.1877572116917,1.0,75.30860467309913,278.70822603861075,1.0,40.42054579024102,348.7573915691439,1.0,87.26471706745278,349.63052414688445,1.0,31.317642028019,416.2861340704367,1.0,94.38931264119071,419.0006961286125,1.0,49.67111471453488,434.5636761142218,1.0,42.59084355365253,432.43013188408617,1.0,29.50545904573981,431.1701049095245,1.0,82.2164366890539,429.7059555735172,1.0,88.65942928878097,431.9343842332098,1.0,95.75787432161906,432.25474642256273,1.0,1.0,5.033333333333333,62.42767761098852,157.45018946043334,False,26.03455975055079,196.37646121565007,False,87.31966571257362,199.9382427950644,False,8.569071881189508,238.87217001939348,False,101.35342484454556,244.08328762549124,False,27.992137535307503,246.1055461930855,False,119.81209382921809,276.8560603442297,False,44.9534169296982,279.1877572116917,False,75.30860467309913,278.70822603861075,False,40.42054579024102,348.7573915691439,False,87.26471706745278,349.63052414688445,False,31.317642028019,416.2861340704367,False,94.38931264119071,419.0006961286125,False,True,168.2459223299715,176.05067008009982,176.29497002126615,46.32203987795226,37.61352273265296,83.93556261060522,1.0128009391627288,0.967296052945365,1.0079174843622674,0.8120005688815906,True,True,True,True,1.2304826119734855,False,0.0434309384154559,False,True,168.2459223299715,valid,-1.4929277898646092,1.8143040591034492,2.349581367952444,140.97488207714716,137.90664917688653,58.40406176648043,238.5526718152542,120.08359892814366,61.408032062737654,38.30338852897552,2.7390662238291794,164.34397342975134,127.54897755924551,219.5729477241824,0.6493061758603497,0.7569402104906247,0.5874687577931061,False
303,303,5.05,5.05,Sports2D_HALPE26_postprocessed,60.7611282968409,157.27791381401784,1.0,24.790506745199963,196.2912562191351,1.0,85.18354778440984,199.27006068614725,1.0,8.50196430244823,238.9601401232752,1.0,99.20214742491078,243.91439623758924,1.0,30.16875018540846,243.541684373148,1.0,117.79056043054408,277.9497916833925,1.0,43.77915005200674,277.8817391474718,1.0,73.73129444794031,276.8669360050281,1.0,39.75121087764549,348.58244766756025,1.0,86.69222693891965,348.81834525396926,1.0,30.761414146959872,416.0904104980672,1.0,94.20221492224604,417.5931811378941,1.0,49.20596400835191,434.5360497294752,1.0,42.02564100545796,432.4384997659181,1.0,29.22022429692876,431.0488989123872,1.0,81.91000116609115,429.8207074050637,1.0,88.32750455377759,432.0538004238963,1.0,95.64371190218972,431.43552840760856,1.0,1.0,5.05,60.7611282968409,157.27791381401784,False,24.790506745199963,196.2912562191351,False,85.18354778440984,199.27006068614725,False,8.50196430244823,238.9601401232752,False,99.20214742491078,243.91439623758924,False,30.16875018540846,243.541684373148,False,117.79056043054408,277.9497916833925,False,43.77915005200674,277.8817391474718,False,73.73129444794031,276.8669360050281,False,39.75121087764549,348.58244766756025,False,86.69222693891965,348.81834525396926,False,30.761414146959872,416.0904104980672,False,94.20221492224604,417.5931811378941,False,True,168.79147681025614,175.67546357389992,176.0203824062223,46.79356614653772,38.780629716653685,85.5741958631914,1.0231105509354728,0.9973102046910832,1.027594568239112,0.8287598682949083,True,True,True,True,0.5455544802846362,False,0.0167592994133177,False,True,168.79147681025614,valid,-2.021533398674009,1.0937313391627868,2.298444152948101,137.90664917688653,137.90664917688653,56.87112475738921,237.57749801444555,109.00961121043649,60.919435673154865,40.37229366894695,2.1258162926540844,127.54897755924551,127.54897755924551,219.1893102777041,0.6351744203180616,0.5874687577931061,0.5874687577931061,False
304,304,5.066666666666666,5.066666666666666,Sports2D_HALPE26_postprocessed,59.3331356024628,157.20550282249232,1.0,23.442748064035264,196.01406810093488,1.0,83.27927651672769,199.08612879579223,1.0,8.234072945321715,238.6358776707156,1.0,97.29050126542964,244.2550084858051,1.0,32.21549543552822,242.42417736825635,1.0,116.33327358869452,279.120498660358,1.0,42.87920586800272,277.5025414553976,1.0,72.7840013905445,276.1591095540281,1.0,38.88426953144726,348.32825594368273,1.0,86.3314573623526,348.3304076734579,1.0,30.521936512091425,416.2859907422615,1.0,93.8637172609355,416.4045295976382,1.0,49.12055141194452,434.5841813693938,1.0,41.826441418808514,432.4620898536256,1.0,28.75502309975111,431.2736814727689,1.0,81.887560626155,429.93666556051807,1.0,88.28489420318567,432.3328526413338,1.0,94.98066838117911,430.703108692783,1.0,1.0,5.066666666666666,59.3331356024628,157.20550282249232,False,23.442748064035264,196.01406810093488,False,83.27927651672769,199.08612879579223,False,8.234072945321715,238.6358776707156,False,97.29050126542964,244.2550084858051,False,32.21549543552822,242.42417736825635,False,116.33327358869452,279.120498660358,False,42.87920586800272,277.5025414553976,False,72.7840013905445,276.1591095540281,False,38.88426953144726,348.32825594368273,False,86.3314573623526,348.3304076734579,False,30.521936512091425,416.2859907422615,False,93.8637172609355,416.4045295976382,False,True,168.59129583192836,176.21326399456774,175.68255750878242,47.29209354014151,39.72693774842895,87.01903128857046,1.034010524549989,1.021646133833186,1.0449444833641408,0.8400333919391567,True,True,True,True,0.2001809783277792,False,0.0112735236442483,False,True,168.59129583192836,valid,-1.4572868418495517,1.170706976965505,1.86928857198228,112.1573143189372,137.90664917688653,55.59630795982755,237.1904619765382,79.93645690887168,60.736965628866976,41.93003668381982,1.5683936423766967,94.10361854260213,111.87079239247376,218.97334025363804,0.5165773915337902,0.4334251590796193,0.5152577205851009,False
305,305,5.083333333333333,5.083333333333333,Sports2D_HALPE26_postprocessed,57.613202536589526,157.16295192907052,1.0,22.59097159006252,195.89218272193057,1.0,81.1148588348216,198.85889055034767,1.0,7.840857182436104,238.3388826877048,1.0,94.61903262260022,244.26900244115137,1.0,34.40415880220321,240.522668121605,1.0,114.2000004409624,280.55676122275185,1.0,42.11654903188637,277.45923537028824,1.0,71.6304569811991,275.7653161528773,1.0,38.12032290867213,348.0972951991515,1.0,86.10524980000483,347.9427286390302,1.0,30.578617313416743,416.6826419972622,1.0,93.276068634671,416.2175103515565,1.0,49.2116468408351,434.6354891745949,1.0,41.66015622733137,432.3942857017689,1.0,28.158177827757065,431.6710993077426,1.0,81.97872432686898,429.87823590311854,1.0,88.12610146703918,432.3257126868459,1.0,94.27057948790365,430.3890845971732,1.0,1.0,5.083333333333333,57.613202536589526,157.16295192907052,False,22.59097159006252,195.89218272193057,False,81.1148588348216,198.85889055034767,False,7.840857182436104,238.3388826877048,False,94.61903262260022,244.26900244115137,False,34.40415880220321,240.522668121605,False,114.2000004409624,280.55676122275185,False,42.11654903188637,277.45923537028824,False,71.6304569811991,275.7653161528773,False,38.12032290867213,348.0972951991515,False,86.10524980000483,347.9427286390302,False,30.578617313416743,416.6826419972622,False,93.276068634671,416.2175103515565,False,True,168.21014481883148,176.96287393885055,174.6557910400971,47.37553135982581,41.23367238186962,88.60920374169544,1.0358348376061632,1.0603943913181997,1.064039638847776,0.8703579927936291,True,True,True,True,0.3811510130968827,False,0.0303246008544724,False,True,168.21014481883148,valid,-2.133273147732126,1.4362625623938357,2.57171236163165,154.30274169789956,154.30274169789956,54.3632091094924,236.99390619886094,74.91996405745428,59.836791331469996,43.562855023890904,1.8645132065412227,111.87079239247376,111.87079239247376,219.3060600362627,0.7106920159138889,0.5152577205851009,0.5152577205851009,False
306,306,5.1,5.1,Sports2D_HALPE26_postprocessed,55.86608227554915,157.27561445065385,1.0,21.453093157882915,195.79112830690207,1.0,79.30201537341038,198.2540273509384,1.0,8.012837867512607,238.47363185522275,1.0,91.40609099464542,243.84227305982787,1.0,35.03397723688906,239.5678747413624,1.0,111.41135412947467,281.4507268278077,1.0,41.3503512563764,277.4500904517603,1.0,70.82305559087858,275.5933653348044,1.0,37.41758256991155,347.90612478511207,1.0,85.82343718482284,347.68719417803266,1.0,30.437516449007266,416.4789288727056,1.0,92.87137151514894,415.8047709641571,1.0,49.005385920301,434.6036019743239,1.0,41.589385452135176,432.3100513611714,1.0,27.99054776800692,431.47017278775706,1.0,81.6104461559405,429.7951202208296,1.0,87.85802640222472,432.29104343007066,1.0,93.46470685116007,430.2775324198392,1.0,1.0,5.1,55.86608227554915,157.27561445065385,False,21.453093157882915,195.79112830690207,False,79.30201537341038,198.2540273509384,False,8.012837867512607,238.47363185522275,False,91.40609099464542,243.84227305982787,False,35.03397723688906,239.5678747413624,False,111.41135412947467,281.4507268278077,False,41.3503512563764,277.4500904517603,False,70.82305559087858,275.5933653348044,False,37.41758256991155,347.90612478511207,False,85.82343718482284,347.68719417803266,False,30.437516449007266,416.4789288727056,False,92.87137151514894,415.8047709641571,False,True,166.85937036002832,177.38271173002,174.15352366005683,47.167751626070284,42.598196533562735,89.76594815963301,1.0312918703698102,1.095485463097433,1.077930091088939,0.9031212017750304,True,True,True,True,1.3507744588031585,False,0.0327632089814011,False,True,166.85937036002832,valid,-2.7886463114877245,0.8939656050558824,2.928433498237073,175.706009894225,175.706009894225,53.232128844637074,236.7721528611013,69.1567899057635,58.1792252848376,44.67857396670644,1.9980875752343699,119.88525451406262,119.88525451406262,219.40926061293257,0.809271805580706,0.5521709612636689,0.5521709612636689,False
307,307,5.116666666666666,5.116666666666666,Sports2D_HALPE26_postprocessed,54.463294601085245,157.49361084292158,1.0,20.958037234444628,195.84469596448469,1.0,77.53710971216799,198.0952432811009,1.0,7.2178820163807345,238.5550663158621,1.0,89.51192175706792,243.4717141272975,1.0,35.21160372975046,239.0123469683123,1.0,108.6304222486112,282.80295723666023,1.0,40.55836414863332,277.42446152260845,1.0,70.02832372213463,275.60453998883645,1.0,37.02634112161286,347.71635606640683,1.0,85.54135517087659,346.9328399491713,1.0,30.420876665869628,416.8260604626409,1.0,92.14278546552788,415.5859111314695,1.0,48.64565993457451,434.4406896483416,1.0,41.078357800761566,432.1986354189444,1.0,28.0606119969641,431.8268277483207,1.0,81.09885525714336,429.6073774746226,1.0,87.3787865417257,432.2691968762321,1.0,92.61845080306004,430.2160559398766,1.0,1.0,5.116666666666666,54.463294601085245,157.49361084292158,False,20.958037234444628,195.84469596448469,False,77.53710971216799,198.0952432811009,False,7.2178820163807345,238.5550663158621,False,89.51192175706792,243.4717141272975,False,35.21160372975046,239.0123469683123,False,108.6304222486112,282.80295723666023,False,40.55836414863332,277.42446152260845,False,70.02832372213463,275.60453998883645,False,37.02634112161286,347.71635606640683,False,85.54135517087659,346.9328399491713,False,30.420876665869628,416.8260604626409,False,92.14278546552788,415.5859111314695,False,True,168.85938017474857,177.41686438499642,173.22241781732666,46.929950244661576,43.731724703845536,90.66167494850713,1.02609249955066,1.124636078231524,1.088686183782405,0.9318510775284734,True,True,True,True,2.000009814720244,False,0.0287298757534431,False,True,168.85938017474857,valid,-2.780931880863477,1.3522304088525061,3.0922660307011576,185.53596184207012,175.706009894225,52.270458704345145,236.74223518925763,57.728123934037036,56.35996354426605,46.06072204740261,2.2847421293615437,137.08452776169312,119.88525451406262,219.5660587243882,0.8545468816375419,0.6313878698040486,0.5521709612636689,False
308,308,5.133333333333333,5.133333333333333,Sports2D_HALPE26_postprocessed,52.47990141937366,157.57830314779568,1.0,19.57748574388435,196.02418384700823,1.0,76.3363182583262,198.00228752402745,1.0,7.117242072216088,238.7209613730232,1.0,87.3768120999325,243.18994186205293,1.0,34.85689591223025,238.40505283205687,1.0,106.83207263362183,283.66467589937577,1.0,39.90397786371124,277.39328155774115,1.0,69.3413211029528,275.7272394741585,1.0,36.46977487612093,347.56866758536444,1.0,85.34293254465322,346.5301197328924,1.0,30.1398914171413,417.0639795872544,1.0,91.42103403057511,415.09443580309176,1.0,48.58875675065485,434.31852840492144,1.0,40.76991977639087,431.9204271595459,1.0,27.97202361638329,432.0502183321119,1.0,80.63438755154934,429.5407696381494,1.0,86.85828064575249,432.2194659454802,1.0,91.45889216718962,430.0681508749543,1.0,1.0,5.133333333333333,52.47990141937366,157.57830314779568,False,19.57748574388435,196.02418384700823,False,76.3363182583262,198.00228752402745,False,7.117242072216088,238.7209613730232,False,87.3768120999325,243.18994186205293,False,34.85689591223025,238.40505283205687,False,106.83207263362183,283.66467589937577,False,39.90397786371124,277.39328155774115,False,69.3413211029528,275.7272394741585,False,36.46977487612093,347.56866758536444,False,85.34293254465322,346.5301197328924,False,30.1398914171413,417.0639795872544,False,91.42103403057511,415.09443580309176,False,True,168.05732646572974,177.5973273908399,172.3308934765473,46.51684220623128,44.90780842822047,91.42465063445177,1.0170601639626708,1.1548810822054156,1.097848170788729,0.965409651607966,True,True,True,True,0.8020537090188213,False,0.0335585740794925,False,True,168.05732646572974,valid,-1.7983496149893625,0.861718662715532,1.9941465320794842,119.64879192476948,183.0722919573743,51.28977574221865,236.78674810073383,58.90155937983172,55.54229689140318,46.877927798641934,1.1560294092550594,69.36176455530381,114.53568236609966,219.44098022508282,0.5510818550532169,0.3194684147328045,0.5275317476484235,False
309,309,5.15,5.15,Sports2D_HALPE26_postprocessed,51.06268792711206,157.57041178414818,1.0,18.65421264704752,196.0586974993793,1.0,74.49809663456564,197.7352167755249,1.0,6.927030212567241,238.80035686566143,1.0,84.93127864041585,243.0962691342255,1.0,34.95135959231088,237.22344312038365,1.0,103.88438865097666,284.4527179493281,1.0,38.66735989266429,277.21215241003245,1.0,68.0562368264222,275.2985930968498,1.0,35.742824203940046,347.3741151675416,1.0,84.90475546779604,346.1225016140103,1.0,30.143015662486675,417.5284032705234,1.0,90.08141746260866,415.12255972348976,1.0,48.66593267805347,434.1041017310183,1.0,41.216880132322665,431.6164538768768,1.0,27.68905548757904,432.47753212683153,1.0,79.8201006351312,428.9276371831114,1.0,86.71352076666945,431.9027752239157,1.0,89.59287963763693,430.2998298943337,1.0,1.0,5.15,51.06268792711206,157.57041178414818,False,18.65421264704752,196.0586974993793,False,74.49809663456564,197.7352167755249,False,6.927030212567241,238.80035686566143,False,84.93127864041585,243.0962691342255,False,34.95135959231088,237.22344312038365,False,103.88438865097666,284.4527179493281,False,38.66735989266429,277.21215241003245,False,68.0562368264222,275.2985930968498,False,35.742824203940046,347.3741151675416,False,84.90475546779604,346.1225016140103,False,30.143015662486675,417.5284032705234,False,90.08141746260866,415.12255972348976,False,True,168.3315762262506,177.82310838228383,170.90898554544566,46.54542252312224,45.49259541583244,92.03801793895468,1.0176850537962143,1.1699198795270984,1.1052136260417391,0.9773806520551664,True,True,True,True,0.2742497605208598,False,0.0119710004472003,False,True,168.3315762262506,valid,-2.9476839826451737,0.7880420499523098,3.05120486595639,183.0722919573743,183.0722919573743,49.96897650017491,236.5761649454466,80.24887071520642,53.91541215080175,47.87655300388147,1.9089280394350894,114.53568236609966,114.53568236609966,219.84563283122276,0.8431996398605369,0.5275317476484235,0.5275317476484235,False
310,310,5.166666666666667,5.166666666666667,Sports2D_HALPE26_postprocessed,49.90528612448461,157.64730059131867,1.0,17.59499189386499,196.0034371866637,1.0,73.34667448770222,197.3940950034868,1.0,7.245928237886481,239.2811125338792,1.0,82.420150173687,242.9704556872147,1.0,34.799809496219595,237.4807462778022,1.0,100.3334764885394,284.982528657336,1.0,38.039635374269935,277.3088260411216,1.0,67.44531281693509,275.58126239994664,1.0,35.56287099319293,347.3838928851293,1.0,84.34609888338193,345.94750035063794,1.0,30.05612867686676,418.1866836805884,1.0,88.99823848917629,415.6100085544096,1.0,48.75746626283913,433.74791403389946,1.0,41.61154503013579,431.19004532432575,1.0,27.537345854131104,432.9849002604064,1.0,79.5711447619974,428.1400573735039,1.0,87.41131772670276,431.3427123048207,1.0,88.06340552253468,430.6802239429058,1.0,1.0,5.166666666666667,49.90528612448461,157.64730059131867,False,17.59499189386499,196.0034371866637,False,73.34667448770222,197.3940950034868,False,7.245928237886481,239.2811125338792,False,82.420150173687,242.9704556872147,False,34.799809496219595,237.4807462778022,False,100.3334764885394,284.982528657336,False,38.039635374269935,277.3088260411216,False,67.44531281693509,275.58126239994664,False,35.56287099319293,347.3838928851293,False,84.34609888338193,345.94750035063794,False,30.05612867686676,418.1866836805884,False,88.99823848917629,415.6100085544096,False,True,168.16671809125583,177.57697381827015,170.3149467413752,46.4707716118144,45.671671032590645,92.14244264440504,1.0160528607131565,1.1745251152158735,1.106467581851997,0.9828042326067038,True,True,True,True,0.1648581349947733,False,0.0054235805515374,False,True,168.16671809125583,valid,-3.550912162437257,0.5298107080079149,3.5902195715115646,215.41317429069463,210.53417696922,49.106653643193056,236.57190515780468,51.740002702655424,51.22682284534635,48.41062349953131,2.7411208925789516,164.46725355473768,162.11157937645743,220.6477646122914,0.9921562080263907,0.757508017644176,0.7466581856050537,False
311,311,5.183333333333334,5.183333333333334,Sports2D_HALPE26_postprocessed,48.41326084640693,157.51464154440305,1.0,16.776089271968274,196.0101926637004,1.0,71.88482954766059,197.13828492944333,1.0,7.573897031356452,239.70111125022447,1.0,80.82971501851151,243.2563059799715,1.0,34.61231398779508,234.75605301586,1.0,96.82665323065106,285.1033199933327,1.0,37.52944923768471,277.2179743556271,1.0,66.99641912522145,275.74758851052707,1.0,35.338357622003066,347.4940862312565,1.0,83.78351765651517,346.1055059121696,1.0,29.961738097031144,418.6286277868862,1.0,88.43461761705998,415.3932571086455,1.0,49.16333177886151,433.3294942700876,1.0,43.117837581431786,430.7086102715115,1.0,27.324237500084536,433.14551939135765,1.0,80.08561678226948,427.691202664251,1.0,90.20134310812924,430.3317223946887,1.0,87.84409663684136,430.7139475053148,1.0,1.0,5.183333333333334,48.41326084640693,157.51464154440305,False,16.776089271968274,196.0101926637004,False,71.88482954766059,197.13828492944333,False,7.573897031356452,239.70111125022447,False,80.82971501851151,243.2563059799715,False,34.61231398779508,234.75605301586,False,96.82665323065106,285.1033199933327,False,37.52944923768471,277.2179743556271,False,66.99641912522145,275.74758851052707,False,35.338357622003066,347.4940862312565,False,83.78351765651517,346.1055059121696,False,29.961738097031144,418.6286277868862,False,88.43461761705998,415.3932571086455,False,True,170.0561430404954,177.46339355672353,170.4207175939257,46.977471640176624,44.80038631527033,91.77785795544696,1.0271315236120957,1.1521185388883677,1.1020895652985556,0.9536568221129128,True,True,True,True,1.889424949239583,False,0.0291474104937908,False,True,170.0561430404954,valid,-3.5068232578883425,0.12079133599672787,3.5089029494869877,210.53417696922,210.53417696922,48.29669679563375,236.52851011482448,48.66711013393418,48.52995643501731,48.57480987850823,2.701859656274281,162.11157937645743,164.46725355473768,220.93752367678616,0.9696843815126013,0.7466581856050537,0.757508017644176,False
312,312,5.2,5.2,Sports2D_HALPE26_postprocessed,47.10958522988473,157.51319254870444,1.0,17.10460060076999,195.9711278022581,1.0,70.70071017007336,196.90399809066128,1.0,7.4578530015505535,239.72287108664275,1.0,78.61125121493873,243.54998203113848,1.0,34.57801979907922,234.911210531448,1.0,93.5704503195323,284.1967043038736,1.0,37.15861958058122,277.4172223396432,1.0,67.017155886682,276.25891115541685,1.0,34.307876708864306,347.5137607067859,1.0,83.05646917605124,346.18324966609725,1.0,29.80205594449287,418.85816780808295,1.0,88.102796084628,415.2337160742522,1.0,49.50361909758294,433.177525022142,1.0,43.10307639476024,430.5412330014873,1.0,26.80054973462264,433.3584455921987,1.0,83.92295258238198,427.0115952949283,1.0,93.16923891341052,429.8288484612672,1.0,87.13103702037107,430.5133455399042,1.0,1.0,5.2,47.10958522988473,157.51319254870444,False,17.10460060076999,195.9711278022581,False,70.70071017007336,196.90399809066128,False,7.4578530015505535,239.72287108664275,False,78.61125121493873,243.54998203113848,False,34.57801979907922,234.911210531448,False,93.5704503195323,284.1967043038736,False,37.15861958058122,277.4172223396432,False,67.017155886682,276.25891115541685,False,34.307876708864306,347.5137607067859,False,83.05646917605124,346.18324966609725,False,29.80205594449287,418.85816780808295,False,88.102796084628,415.2337160742522,False,True,169.4199200785046,178.715100514308,171.26076862712532,47.311990841622354,43.31204993264271,90.62404077426508,1.0344455659618033,1.1138434238824315,1.088234263987644,0.9154560854906844,True,True,True,True,0.6362229619908248,False,0.0382007366222285,False,True,169.4199200785046,valid,-3.2562029111187627,-0.9066156894591018,3.380060562586373,202.80363375518309,202.80363375518309,47.99527155952664,236.63781484699487,19.237902972346998,45.575178760005656,47.558889456878745,3.12454883332476,187.47292999948627,162.11157937645743,221.1211262603878,0.9340788227231808,0.8634682254154136,0.7466581856050537,False
313,313,5.216666666666667,5.216666666666667,Sports2D_HALPE26_postprocessed,45.57190926354528,157.50125291961095,1.0,15.714058357177024,196.1804580342332,1.0,69.99148958440203,196.7770985673271,1.0,7.438060734042449,239.77615264152703,1.0,76.0579768686991,243.1183700350408,1.0,34.07695400701251,230.9529084402414,1.0,90.41074122482364,284.1285769946897,1.0,36.15030952576697,277.45275012096715,1.0,65.6045016356074,276.0824329099793,1.0,33.66909359930587,347.4658335987916,1.0,82.33198499854522,345.1398776180754,1.0,29.707547462864195,418.7883778772605,1.0,87.10812170909497,415.38348017372937,1.0,49.382397954730855,432.97015316072736,1.0,42.93879034949309,430.1262454779917,1.0,26.60334305809912,433.31301772721736,1.0,88.02104420748005,427.2911784881956,1.0,95.21311906965704,430.074684103915,1.0,85.65228501967633,430.1393244510846,1.0,1.0,5.216666666666667,45.57190926354528,157.50125291961095,False,15.714058357177024,196.1804580342332,False,69.99148958440203,196.7770985673271,False,7.438060734042449,239.77615264152703,False,76.0579768686991,243.1183700350408,False,34.07695400701251,230.9529084402414,False,90.41074122482364,284.1285769946897,False,36.15030952576697,277.45275012096715,False,65.6045016356074,276.0824329099793,False,33.66909359930587,347.4658335987916,False,82.33198499854522,345.1398776180754,False,29.707547462864195,418.7883778772605,False,87.10812170909497,415.38348017372937,False,True,168.16907932726815,178.8504984448307,170.27353007218434,46.73666343690866,43.449268342926935,90.1859317798356,1.0218664106103694,1.1173722299345206,1.0829733507131314,0.9296613225627566,True,True,True,True,1.2508407512364386,False,0.0142052370720722,False,True,168.16907932726815,valid,-3.15970909470866,-0.06812730918392162,3.160443464680433,189.62660788082667,202.80363375518309,46.865089775738355,236.6231849081267,67.81658822342378,43.545651449085284,47.505392086563006,2.030232271047423,121.81393626284581,141.66843647458546,221.15486623997052,0.8733876970869905,0.5610541392617804,0.6525005686976876,False
314,314,5.233333333333333,5.233333333333333,Sports2D_HALPE26_postprocessed,44.42707267302239,157.40662077094524,1.0,14.550227242234737,196.2810566498847,1.0,68.518829192978,196.43630440534864,1.0,7.70160863900155,240.08000655728347,1.0,73.90729635504961,242.67390026181027,1.0,33.95936901327807,229.84600312886096,1.0,86.89761503476244,284.3432734992383,1.0,35.23469376303718,277.4231855003045,1.0,64.46002818151459,275.9200705244402,1.0,33.07962525514159,347.5455596017636,1.0,81.4457996570938,345.1162792726212,1.0,29.61543077160035,418.6733135598082,1.0,86.01266159732417,415.2657108604212,1.0,49.5095652566745,432.7860096528161,1.0,43.008573707081965,429.935434249968,1.0,26.37760440336828,433.2310540315962,1.0,91.45786012350452,427.2570863391472,1.0,96.71285849372798,430.2968717302709,1.0,84.44576176265299,430.08085635407633,1.0,1.0,5.233333333333333,44.42707267302239,157.40662077094524,False,14.550227242234737,196.2810566498847,False,68.518829192978,196.43630440534864,False,7.70160863900155,240.08000655728347,False,73.90729635504961,242.67390026181027,False,33.95936901327807,229.84600312886096,False,86.89761503476244,284.3432734992383,False,35.23469376303718,277.4231855003045,False,64.46002818151459,275.9200705244402,False,33.07962525514159,347.5455596017636,False,81.4457996570938,345.1162792726212,False,29.61543077160035,418.6733135598082,False,86.01266159732417,415.2657108604212,False,True,169.33245713523633,178.9719941769455,169.9329671898348,46.550519319790645,43.64727993129216,90.1977992510828,1.017796491903562,1.1224644365120464,1.0831158580293774,0.9376325026890904,True,True,True,True,1.1633778079681747,False,0.0079711801263339,False,True,169.33245713523633,valid,-3.5131261900612003,0.21469650454861267,3.5196804139522833,211.18082483713775,189.62660788082667,45.69094459494113,236.51515426999453,70.74627260649542,41.20667043982131,47.82811922924378,2.3611406079097494,141.66843647458546,121.81393626284581,221.21067280056056,0.9726627309040634,0.6525005686976876,0.5610541392617804,False
315,315,5.25,5.25,Sports2D_HALPE26_postprocessed,43.39534730778185,157.5102796786894,1.0,13.2786393623777,196.3201278516347,1.0,67.81638490023447,196.1066312421944,1.0,7.342939979259697,240.1199491421728,1.0,71.78383209367598,241.5664675409849,1.0,33.455834694393666,229.29410597424325,1.0,85.11175370720825,283.7854544495216,1.0,35.02122890351118,277.1694185068841,1.0,63.38026263486178,275.6139068414983,1.0,32.54003612217155,347.5551007048299,1.0,81.19422372645818,345.037797131498,1.0,29.51619467619841,418.5787216903035,1.0,85.3031549897824,415.01069263092745,1.0,49.47291291702823,432.6995454523933,1.0,42.93421762778672,430.107044406908,1.0,26.42406965117137,433.0334976724975,1.0,92.79121415954782,426.3846096064565,1.0,97.18051714288724,430.1585578469452,1.0,82.8928155525178,429.5710766925837,1.0,1.0,5.25,43.39534730778185,157.5102796786894,False,13.2786393623777,196.3201278516347,False,67.81638490023447,196.1066312421944,False,7.342939979259697,240.1199491421728,False,71.78383209367598,241.5664675409849,False,33.455834694393666,229.29410597424325,False,85.11175370720825,283.7854544495216,False,35.02122890351118,277.1694185068841,False,63.38026263486178,275.6139068414983,False,32.54003612217155,347.5551007048299,False,81.19422372645818,345.037797131498,False,29.51619467619841,418.5787216903035,False,85.3031549897824,415.01069263092745,False,True,167.4676249776699,179.5810153768077,168.96921651138965,45.632634742534606,44.272749520666245,89.90538426320086,0.9977275492504046,1.1385494565017769,1.0796044717967843,0.9701992832642468,True,True,True,True,1.8648321575664115,False,0.0325667805751563,False,True,167.4676249776699,valid,-1.785861327554187,-0.557819049716727,1.870952370714037,112.25714224284262,150.1857087995819,44.87412895024629,236.30252111055287,50.64229821487781,40.237624756961964,47.48293333896871,1.0286898630361494,61.721391782169185,116.51154625292416,221.22489602845545,0.5170371818635288,0.28427816555950325,0.5366322384980807,False
316,316,5.266666666666667,5.266666666666667,Sports2D_HALPE26_postprocessed,42.82826134020164,157.5444808911794,1.0,13.107169060819048,196.387618393688,1.0,66.91334235466911,195.46000577891343,1.0,7.363628807600399,240.0255808556936,1.0,69.81057328669317,240.2155241228994,1.0,33.25743353164141,229.4976146849745,1.0,82.78636535616567,282.8591422289033,1.0,34.69980430835973,277.10214481377665,1.0,62.63731519416864,275.559937310243,1.0,32.222671067776986,347.52628676104234,1.0,80.98924455373405,345.01491785732503,1.0,29.43310168142748,418.53814840956994,1.0,84.4466898249584,414.5221048560039,1.0,49.42327710170217,432.9003851541216,1.0,42.74167352524855,430.4098201309735,1.0,26.28551903906025,432.9499502374323,1.0,93.88166094316,425.17452527009976,1.0,97.35717217147072,429.4732202586631,1.0,81.94853109468336,429.0713076296749,1.0,1.0,5.266666666666667,42.82826134020164,157.5444808911794,False,13.107169060819048,196.387618393688,False,66.91334235466911,195.46000577891343,False,7.363628807600399,240.0255808556936,False,69.81057328669317,240.2155241228994,False,33.25743353164141,229.4976146849745,False,82.78636535616567,282.8591422289033,False,34.69980430835973,277.10214481377665,False,62.63731519416864,275.559937310243,False,32.222671067776986,347.52628676104234,False,80.98924455373405,345.01491785732503,False,29.43310168142748,418.53814840956994,False,84.4466898249584,414.5221048560039,False,True,166.779659493687,179.7649174257514,168.04680218961343,44.84919586026424,44.574088268868586,89.42328412913282,0.98059817330257,1.146298897675033,1.073815302829218,0.9938659414930694,True,True,True,True,0.6879654839829072,False,0.0236666582288225,False,True,166.779659493687,valid,-2.3253883510425766,-0.9263122206182857,2.5030951466596894,150.1857087995819,112.25714224284262,44.33940772950413,236.12742657415527,33.7595256204497,38.44695762666154,46.73171565474803,1.9418591042153959,116.51154625292416,89.62770042756647,221.25496317563523,0.6917296671059998,0.5366322384980807,0.4128098463947152,False
317,317,5.283333333333333,5.283333333333333,Sports2D_HALPE26_postprocessed,42.1913000688298,157.70207847598584,1.0,12.709246866469734,196.2921507723385,1.0,66.0625872081384,195.03226172596337,1.0,7.806189646011522,239.7083056669256,1.0,67.54927997994274,239.95072565279327,1.0,33.01321040631084,228.77881205498105,1.0,81.26328612940536,282.1546945045244,1.0,34.74255075782429,277.35446971826855,1.0,62.968642384567005,275.92477583474846,1.0,32.228243948517544,347.5697288327278,1.0,80.55821319737703,345.07047666596054,1.0,29.52679701595213,418.5332687615692,1.0,83.99166158819024,414.0213337500156,1.0,49.22709316569254,433.026404255603,1.0,42.731001074971246,430.6255812709031,1.0,26.3067761071254,432.9173248624089,1.0,94.41530140954116,424.368933404034,1.0,97.82040788572937,428.9216775687602,1.0,81.49916938334587,428.8113894594013,1.0,1.0,5.283333333333333,42.1913000688298,157.70207847598584,False,12.709246866469734,196.2921507723385,False,66.0625872081384,195.03226172596337,False,7.806189646011522,239.7083056669256,False,67.54927997994274,239.95072565279327,False,33.01321040631084,228.77881205498105,False,81.26328612940536,282.1546945045244,False,34.74255075782429,277.35446971826855,False,62.968642384567005,275.92477583474846,False,32.228243948517544,347.5697288327278,False,80.55821319737703,345.07047666596054,False,29.52679701595213,418.5332687615692,False,83.99166158819024,414.0213337500156,False,True,163.89430267176596,179.8707140989912,168.57830621027776,44.94306016443088,44.376220563556224,89.3192807279871,0.98265045458518,1.1412103912962392,1.0725664061376663,0.987387605588031,True,True,True,True,2.88535682192105,False,0.0064783359050384,False,True,163.89430267176596,valid,-1.5230792267603164,-0.7044477243788947,1.6780992006944662,100.68595204166833,126.07597390191219,44.12075680424986,236.15091451282973,13.194532100829194,37.1425293251555,46.00377999169467,1.4937950071261026,89.62770042756647,102.79324205988489,221.29810691426746,0.4637422604635188,0.4128098463947152,0.47344807757786195,False
318,318,5.3,5.3,Sports2D_HALPE26_postprocessed,42.05867483268688,158.05802806790132,1.0,12.231579754827802,196.27567687145608,1.0,65.45633502774834,194.89083027654385,1.0,7.8559899587441375,239.56416543079268,1.0,66.40521512342549,239.64165351869408,1.0,32.53309227683748,227.1161928640422,1.0,79.24011562163896,281.58715519048457,1.0,34.659628338163984,277.3963295018569,1.0,62.47871957416312,276.1245903427428,1.0,32.120681395332205,347.5960913427077,1.0,80.53053461528062,345.0367561668189,1.0,29.44443450759035,418.3934308637623,1.0,83.45300134132324,414.1923116015353,1.0,49.127737005600565,433.0651491414536,1.0,42.7304703463154,430.8415627534015,1.0,26.30412783336137,432.68760791955503,1.0,94.64079654880273,424.161946989348,1.0,97.82173338983478,428.6791518510115,1.0,80.95800889115989,428.9905489588726,1.0,1.0,5.3,42.05867483268688,158.05802806790132,False,12.231579754827802,196.27567687145608,False,65.45633502774834,194.89083027654385,False,7.8559899587441375,239.56416543079268,False,66.40521512342549,239.64165351869408,False,32.53309227683748,227.1161928640422,False,79.24011562163896,281.58715519048457,False,34.659628338163984,277.3963295018569,False,62.47871957416312,276.1245903427428,False,32.120681395332205,347.5960913427077,False,80.53053461528062,345.0367561668189,False,29.44443450759035,418.3934308637623,False,83.45300134132324,414.1923116015353,False,True,164.2011143833498,179.9065031863724,167.7408096113946,44.76088196501657,43.86524571112327,88.62612767613984,0.9786672480608576,1.128069799243061,1.064242865333668,0.9799906477581632,True,True,True,True,0.3068117115838333,False,0.0073969578298678,False,True,164.2011143833498,valid,-2.0231705077663946,-0.5675393140398342,2.101266231698529,126.07597390191219,104.64485218766828,43.70656567372581,236.1718567481499,24.88321384729026,35.53354994791315,45.41529844233466,1.7132207009980753,102.79324205988489,89.62770042756647,221.41062061350442,0.5806843550847711,0.47344807757786195,0.4128098463947152,False
319,319,5.316666666666666,5.316666666666666,Sports2D_HALPE26_postprocessed,41.33660434066032,158.25530405834058,1.0,11.920246076571214,196.34989442560683,1.0,64.60193321270194,194.6155520661571,1.0,7.645494808798491,239.1962744018544,1.0,65.03908671540651,239.23547034063856,1.0,31.77187244408389,227.81828500258896,1.0,77.68533992354868,280.7969080082619,1.0,34.33002677082195,277.6709363639108,1.0,61.75926426868375,276.4101762325443,1.0,31.83445419265293,347.6271540679078,1.0,80.57070772788039,345.0276652114961,1.0,29.51527844202973,418.5402687603615,1.0,83.01360196890096,414.3839971131147,1.0,49.02410661359706,433.11601696543255,1.0,42.81748901784877,430.92419937641614,1.0,26.31365588554389,432.67578916487184,1.0,95.41351595215772,424.1303344597976,1.0,97.86755731917184,428.6369094604783,1.0,80.49829405211183,428.9751216347471,1.0,1.0,5.316666666666666,41.33660434066032,158.25530405834058,False,11.920246076571214,196.34989442560683,False,64.60193321270194,194.6155520661571,False,7.645494808798491,239.1962744018544,False,65.03908671540651,239.23547034063856,False,31.77187244408389,227.81828500258896,False,77.68533992354868,280.7969080082619,False,34.33002677082195,277.6709363639108,False,61.75926426868375,276.4101762325443,False,31.83445419265293,347.6271540679078,False,80.57070772788039,345.0276652114961,False,29.51527844202973,418.5402687603615,False,83.01360196890096,414.3839971131147,False,True,163.63744513882915,179.8300944137143,166.6863269419701,44.62205967911309,43.44284545473725,88.06490513385035,0.9756319900732946,1.1172070543821389,1.057503576343421,0.9735732901426822,True,True,True,True,0.5636692445206393,False,0.0064173576154809,False,True,163.63744513882915,valid,-1.5547756980902818,-0.7902471822226858,1.7440808697944652,104.64485218766828,126.07597390191219,43.152867582194716,236.26163977205476,33.65580551120491,34.532472341353966,44.535268236207116,1.3328951714411579,79.97371028646975,102.79324205988489,221.71156969976857,0.48197627688217065,0.36834522029998507,0.47344807757786195,False
320,320,5.333333333333333,5.333333333333333,Sports2D_HALPE26_postprocessed,41.27632084226253,158.25433574718016,1.0,11.749760676330489,196.31288629137964,1.0,63.87832798122968,194.352159238528,1.0,7.780090943556198,239.1005827121481,1.0,63.86119838675197,238.71875994795133,1.0,31.638846429837525,227.27008566591329,1.0,75.9863713907619,279.53359377429905,1.0,34.00194519998877,277.8942981380582,1.0,61.81840844840104,276.6940967289213,1.0,31.644185610395464,347.74617427448266,1.0,80.59940225753871,344.9850037353691,1.0,29.62851503199988,418.6384663450241,1.0,82.36928814808275,414.2514504292871,1.0,49.47375525216494,433.37435427373214,1.0,42.97949857219876,431.0315471629166,1.0,26.258129396901783,433.03447920992494,1.0,95.82583040271236,424.53710361202894,1.0,97.77152966383775,428.9981132017064,1.0,79.37588046643835,429.0357236592889,1.0,1.0,5.333333333333333,41.27632084226253,158.25433574718016,False,11.749760676330489,196.31288629137964,False,63.87832798122968,194.352159238528,False,7.780090943556198,239.1005827121481,False,63.86119838675197,238.71875994795133,False,31.638846429837525,227.27008566591329,False,75.9863713907619,279.53359377429905,False,34.00194519998877,277.8942981380582,False,61.81840844840104,276.6940967289213,False,31.644185610395464,347.74617427448266,False,80.59940225753871,344.9850037353691,False,29.62851503199988,418.6384663450241,False,82.36928814808275,414.2514504292871,False,True,163.43237321087523,179.69543320223303,166.08666782868647,44.36660401622384,42.57781676706251,86.94442078328635,0.9700466199995595,1.0949613625542394,1.044048543306625,0.9596816729874748,True,True,True,True,0.2050719279539237,False,0.0138916171552074,False,True,163.43237321087523,valid,-1.698968532786779,-1.2633142339628307,2.117181364251243,127.03088185507502,104.64485218766828,42.862110576487495,236.3133600992218,17.71927377169672,33.12426081427441,43.22023367507725,1.9267526052832402,115.60515631699482,79.97371028646975,221.85896019857924,0.5850824976633014,0.53245756160199,0.36834522029998507,False
321,321,5.35,5.35,Sports2D_HALPE26_postprocessed,40.98991429891462,158.52607155244436,1.0,11.278553300037316,196.21738615500783,1.0,62.974355258315775,194.1254193936348,1.0,8.192277305406396,238.4894790490169,1.0,62.86066159923468,238.55131666117057,1.0,31.27362845257949,227.71929083763595,1.0,74.88147238545824,279.0773323381668,1.0,33.29507597052227,278.0427605929,1.0,61.049980643616806,276.9868973977789,1.0,31.5743360496661,347.80677334384603,1.0,80.70399748872742,344.9507577531587,1.0,29.676271909618336,418.7625502321132,1.0,81.47364863521697,414.4800741450501,1.0,49.83940045689726,433.6149984638401,1.0,43.12050315448931,431.2136303523837,1.0,26.285683775611915,433.3569213454378,1.0,96.33786421243364,424.9474348993792,1.0,97.79893277899583,429.37489191059336,1.0,77.5924927598142,429.2691491580376,1.0,1.0,5.35,40.98991429891462,158.52607155244436,False,11.278553300037316,196.21738615500783,False,62.974355258315775,194.1254193936348,False,8.192277305406396,238.4894790490169,False,62.86066159923468,238.55131666117057,False,31.27362845257949,227.71929083763595,False,74.88147238545824,279.0773323381668,False,33.29507597052227,278.0427605929,False,61.049980643616806,276.9868973977789,False,31.5743360496661,347.80677334384603,False,80.70399748872742,344.9507577531587,False,29.676271909618336,418.7625502321132,False,81.47364863521697,414.4800741450501,False,True,163.33198125862248,179.8806282295884,164.50521790592407,44.42604274829978,42.27124127122756,86.69728401952733,0.9713462087876994,1.0870772494612249,1.0410808683727355,0.9514968846250732,True,True,True,True,0.1003919522527496,False,0.0081847883624016,False,True,163.33198125862248,valid,-1.1048990053036647,-0.4562614361322517,1.1953979713980163,71.72387828388123,71.72387828388123,42.14949129312304,236.34311588483035,42.794414814087524,32.7319810923352,42.734216453336444,0.6245767527480987,37.47460516488605,37.47460516488605,222.21703299469817,0.3303479062383234,0.1726016167771855,0.1726016167771855,False
322,322,5.366666666666666,5.366666666666666,Sports2D_HALPE26_postprocessed,40.62186677906404,158.60603671247532,1.0,10.80812487066938,196.24614186969416,1.0,62.02822635824239,194.2726823765585,1.0,8.281395035184408,238.1781552437768,1.0,61.44521452463741,238.0861207135464,1.0,30.34948263507001,228.0282321210576,1.0,74.25562053276525,278.7564514313466,1.0,33.07377633437772,278.1020021695808,1.0,60.43412478211849,277.2881750338219,1.0,31.269596050566427,348.1644391313141,1.0,80.93484665608193,344.89549524808626,1.0,29.628224244912538,419.02234837073047,1.0,80.46387137914532,414.75631859746807,1.0,49.99140053776051,433.7918368080419,1.0,43.33643354979797,431.35146889216776,1.0,26.29906485133593,433.4865674883813,1.0,96.79657059293508,425.3584276001845,1.0,97.7559463252616,429.7487628037565,1.0,76.93071623999738,429.297877321418,1.0,1.0,5.366666666666666,40.62186677906404,158.60603671247532,False,10.80812487066938,196.24614186969416,False,62.02822635824239,194.2726823765585,False,8.281395035184408,238.1781552437768,False,61.44521452463741,238.0861207135464,False,30.34948263507001,228.0282321210576,False,74.25562053276525,278.7564514313466,False,33.07377633437772,278.1020021695808,False,60.43412478211849,277.2881750338219,False,31.269596050566427,348.1644391313141,False,80.93484665608193,344.89549524808626,False,29.628224244912538,419.02234837073047,False,80.46387137914532,414.75631859746807,False,True,161.75415937631362,179.85187800626426,162.7447420264712,43.81731714410599,42.64014895363665,86.45746609774264,0.958036823768295,1.0965643413146489,1.038201079771668,0.9731346356373696,True,True,True,True,1.5778218823088537,False,0.0216377510122964,False,True,161.75415937631362,valid,-0.625851852692989,-0.3208809068202072,0.703317209999162,42.199032599949874,50.33532542270637,41.586063086352,236.47725036241386,34.75048558139301,32.66955744641325,42.279201068932736,0.45927737981991124,27.556642789194772,27.556642789194772,222.41137485542455,0.1943615208522412,0.12692117975463266,0.12692117975463266,False
323,323,5.383333333333333,5.383333333333333,Sports2D_HALPE26_postprocessed,40.39580878176937,158.79180066488922,1.0,10.511077372201568,196.23661925582087,1.0,61.446855195120506,194.2219248529904,1.0,8.060583204909696,237.64635603456315,1.0,60.53726849717075,237.63611362612804,1.0,28.687978842909203,226.72184412313305,1.0,73.5217532965979,278.3499675406387,1.0,32.412778134385825,278.02540257176656,1.0,59.33791051735206,277.4065840410745,1.0,31.20643760781713,348.4017327355575,1.0,81.10614662691631,344.82612667508795,1.0,29.49677365205647,419.127241319449,1.0,79.09652067471319,414.83163772113215,1.0,50.12503533079997,433.9090226711807,1.0,43.56765219232912,431.4771469600208,1.0,26.32970533713786,433.6536671678248,1.0,97.0383023869423,425.7232333310468,1.0,97.13939567209776,430.1429092275075,1.0,75.54627208989197,429.0017264650467,1.0,1.0,5.383333333333333,40.39580878176937,158.79180066488922,False,10.511077372201568,196.23661925582087,False,61.446855195120506,194.2219248529904,False,8.060583204909696,237.64635603456315,False,60.53726849717075,237.63611362612804,False,28.687978842909203,226.72184412313305,False,73.5217532965979,278.3499675406387,False,32.412778134385825,278.02540257176656,False,59.33791051735206,277.4065840410745,False,31.20643760781713,348.4017327355575,False,81.10614662691631,344.82612667508795,False,29.49677365205647,419.127241319449,False,79.09652067471319,414.83163772113215,False,True,161.11119934583053,179.59727259580103,160.46159241793205,43.42371627107376,42.734233888987305,86.15795016006106,0.9494309995232352,1.0989838963043044,1.034604423705455,0.9841219858341388,True,True,True,True,0.6429600304830956,False,0.0109873501967691,False,True,161.11119934583053,valid,-0.7338672361673559,-0.40648389070787516,0.8389220903784365,50.33532542270637,42.199032599949874,40.92715530476499,236.47263268041308,39.53543771659456,32.594597991832906,41.87733486022563,0.4087974676188751,24.52784805713259,24.52784805713259,222.50544758265903,0.23183589288635284,0.11297106966434682,0.11297106966434682,False
324,324,5.4,5.4,Sports2D_HALPE26_postprocessed,40.780398976543886,158.86069682002088,1.0,10.682544034588387,196.25168753811857,1.0,60.22622544575769,194.2159927794277,1.0,8.513762317115976,237.33122737473795,1.0,59.99263022183796,237.8402837177673,1.0,29.157099425320386,227.2852013368191,1.0,73.31086212629342,278.2201569274471,1.0,32.53972148967875,278.05675989599024,1.0,59.74489716769737,277.75046089564387,1.0,31.104580572457223,349.25602905505536,1.0,81.38993224573844,344.72934498447745,1.0,29.62039695829115,419.2296203121898,1.0,78.01906694976479,414.6606337345587,1.0,50.34273908890904,434.0018705061981,1.0,43.84775872540781,431.6290618791803,1.0,26.37154495699116,433.9262345554262,1.0,98.23765910356124,425.9588449834488,1.0,97.6823423124014,430.5447511079585,1.0,73.60952688437041,428.56712786493097,1.0,1.0,5.4,40.780398976543886,158.86069682002088,False,10.682544034588387,196.25168753811857,False,60.22622544575769,194.2159927794277,False,8.513762317115976,237.33122737473795,False,59.99263022183796,237.8402837177673,False,29.157099425320386,227.2852013368191,False,73.31086212629342,278.2201569274471,False,32.53972148967875,278.05675989599024,False,59.74489716769737,277.75046089564387,False,31.104580572457223,349.25602905505536,False,81.38993224573844,344.72934498447745,False,29.62039695829115,419.2296203121898,False,78.01906694976479,414.6606337345587,False,True,161.43943002001063,179.9396392463005,159.3314692274128,43.62491635065376,42.51951859429583,86.14443494494958,0.9538301069480192,1.093462125356704,1.034442129903018,0.9746613208957738,True,True,True,True,0.3282306741801051,False,0.0094606649383648,False,True,161.43943002001063,valid,-0.21089117030447824,-0.129810613191637,0.24764062875380777,14.858437725227727,50.33532542270637,40.79834703443055,236.5687252772951,9.642161980358814,32.512515091862866,41.65143165015198,0.24035362029533208,14.421217217719208,23.65672070369478,222.47062885118766,0.06843542081026299,0.0664216579926944,0.10895880618723665,False
325,325,5.416666666666667,5.416666666666667,Sports2D_HALPE26_postprocessed,40.97817348912236,159.10480700947934,1.0,10.171068207907194,196.4703191125353,1.0,60.09018871303274,194.6047391351765,1.0,8.717330288132832,236.66500229706463,1.0,59.25312385653234,238.3725020608475,1.0,28.59169424272727,227.8815433205313,1.0,72.60091478419331,278.6758603304256,1.0,31.635250543380245,278.0960960243869,1.0,57.92569889073901,277.4416655295307,1.0,30.773452131068154,349.17969574531776,1.0,81.5364241420652,344.38645080127185,1.0,29.51107524827237,419.0886810819487,1.0,76.18519259435328,414.3448313484735,1.0,50.37060367708993,434.06503597326144,1.0,43.635599726358585,431.7878297942124,1.0,26.4062514058052,433.7818394053168,1.0,98.41576328004996,426.3238816378265,1.0,97.10098739941982,431.2198000508322,1.0,71.64749292104644,427.8161411643738,1.0,1.0,5.416666666666667,40.97817348912236,159.10480700947934,False,10.171068207907194,196.4703191125353,False,60.09018871303274,194.6047391351765,False,8.717330288132832,236.66500229706463,False,59.25312385653234,238.3725020608475,False,28.59169424272727,227.8815433205313,False,72.60091478419331,278.6758603304256,False,31.635250543380245,278.0960960243869,False,57.92569889073901,277.4416655295307,False,30.773452131068154,349.17969574531776,False,81.5364241420652,344.38645080127185,False,29.51107524827237,419.0886810819487,False,76.18519259435328,414.3448313484735,False,True,160.58034566148208,179.66010224234344,156.19865638601237,43.77576668765185,42.45614455475815,86.23191124241,0.9571283503627572,1.0918323535658585,1.0354925653434364,0.9698549623971304,True,True,True,True,0.8590843585285484,False,0.0048063584986433,False,True,160.58034566148208,valid,-0.7099473421001079,0.4557034029785427,0.8436176977999168,50.61706186799519,33.921817662818256,39.95555158876479,236.65320495040734,50.821132634512935,32.645363195428516,42.02265538001828,0.3942786783949116,23.65672070369478,23.65672070369478,221.88772047250447,0.23313352272789342,0.10895880618723665,0.10895880618723665,False
326,326,5.433333333333334,5.433333333333334,Sports2D_HALPE26_postprocessed,40.99854699180237,159.67075839800205,1.0,10.242928338987504,196.6909519265788,1.0,59.47520032083952,194.7524176322895,1.0,9.421208261784615,236.56524094734164,1.0,59.254550611449176,238.84837163381604,1.0,29.095933962947733,227.14613351374064,1.0,72.37282987954828,279.19317387926674,1.0,31.86897080475418,278.1058540420195,1.0,57.8119457619198,277.53619035625263,1.0,30.53630422923775,349.3058062056524,1.0,81.73211260859632,344.34652253470745,1.0,29.53635645778636,419.00731438088224,1.0,74.89823318924559,414.02626386388965,1.0,50.5065918899097,434.226595420574,1.0,43.62750793594216,431.9295974875264,1.0,26.412432296652568,433.8135690571862,1.0,98.6785219837903,427.27050258951135,1.0,96.81719724660324,431.7359691700977,1.0,69.47973751454596,427.4238162503731,1.0,1.0,5.433333333333334,40.99854699180237,159.67075839800205,False,10.242928338987504,196.6909519265788,False,59.47520032083952,194.7524176322895,False,9.421208261784615,236.56524094734164,False,59.254550611449176,238.84837163381604,False,29.095933962947733,227.14613351374064,False,72.37282987954828,279.19317387926674,False,31.86897080475418,278.1058540420195,False,57.8119457619198,277.53619035625263,False,30.53630422923775,349.3058062056524,False,81.73211260859632,344.34652253470745,False,29.53635645778636,419.00731438088224,False,74.89823318924559,414.02626386388965,False,True,161.70115385643135,179.7496234027534,154.69965897187316,44.09650604752034,42.42395925865904,86.52046530617937,0.9641411055384176,1.0910046536425937,1.0389575887138782,0.9620707639045394,True,True,True,True,1.1208081949492623,False,0.0077841984925911,False,True,161.70115385643135,valid,-0.22808490464502995,0.5173135488411162,0.5653636277136356,33.921817662818256,33.921817662818256,39.849761306625254,236.7713534892851,9.515375963292621,32.52306857292302,42.42182038998163,0.4174789574012155,25.04873744407302,25.04873744407302,221.47637857722884,0.15623808568127237,0.11537019701878891,0.11537019701878891,False
327,327,5.45,5.45,Sports2D_HALPE26_postprocessed,40.80412458653356,160.59145025205507,1.0,10.190622052879618,196.98348659630105,1.0,59.11517608568381,194.8276071779329,1.0,11.177352641275291,236.15245523257303,1.0,58.39861839716289,239.05293865278924,1.0,30.40830987111918,224.5676338015093,1.0,72.19265350632924,279.6548830242892,1.0,31.091863246062104,278.14742462516074,1.0,56.90929958988649,277.4359610627673,1.0,30.390197648599624,349.384274824327,1.0,81.87706369148458,344.29990297179427,1.0,29.436309682594946,418.9919414545901,1.0,73.20348928914895,413.46142534702574,1.0,50.68248854074197,434.3646623805074,1.0,43.69024517730041,432.1306852193258,1.0,26.46445686353575,433.80730143398034,1.0,98.52979351620311,427.8887356407986,1.0,96.30666990705387,432.14446983000175,1.0,67.72103000282155,426.884509030704,1.0,1.0,5.45,40.80412458653356,160.59145025205507,False,10.190622052879618,196.98348659630105,False,59.11517608568381,194.8276071779329,False,11.177352641275291,236.15245523257303,False,58.39861839716289,239.05293865278924,False,30.40830987111918,224.5676338015093,False,72.19265350632924,279.6548830242892,False,31.091863246062104,278.14742462516074,False,56.90929958988649,277.4359610627673,False,30.390197648599624,349.384274824327,False,81.87706369148458,344.29990297179427,False,29.436309682594946,418.9919414545901,False,73.20348928914895,413.46142534702574,False,True,160.30715954956372,179.77921174056343,152.37562259368124,44.23113608061518,42.881153101791575,87.11228918240676,0.9670847026752712,1.1027621750807306,1.046064345539706,0.9694788988380688,True,True,True,True,1.3939943068676257,False,0.0074081349335293,False,True,160.30715954956372,valid,-0.1801763732190409,0.4617091450224393,0.4956196727973165,29.737180367839095,33.921817662818256,39.32674024362801,236.8486198655405,31.721854467516298,32.86591326270123,42.80626315874866,0.515110399590586,30.90662397543527,30.90662397543527,220.95065534542113,0.13696436259435676,0.14235061967465756,0.14235061967465756,False
328,328,5.466666666666667,5.466666666666667,Sports2D_HALPE26_postprocessed,40.80236514118538,161.19856097447777,1.0,10.629146281178976,196.74311220501005,1.0,58.263815145528255,194.9350945303097,1.0,13.692331301281412,235.58692137663343,1.0,58.693634603284266,239.52795395065883,1.0,34.49494315804032,213.9771746391064,1.0,72.38445775764941,280.23581588084335,1.0,31.154570504924123,278.0987139354565,1.0,57.068686689197534,277.40277552796454,1.0,30.343726541091858,349.49877635736664,1.0,81.84160401093857,344.47707214744275,1.0,29.366886907147496,418.99007579025806,1.0,71.79242711528246,412.6087329854412,1.0,50.79833417876765,434.6015551241953,1.0,43.60659647970243,432.2137405447464,1.0,26.527792084569377,433.8364905816077,1.0,99.00487179582365,428.06526795708646,1.0,95.95975753490748,432.2972114220105,1.0,66.32023968063541,426.3996183870834,1.0,1.0,5.466666666666667,40.80236514118538,161.19856097447777,False,10.629146281178976,196.74311220501005,False,58.263815145528255,194.9350945303097,False,13.692331301281412,235.58692137663343,False,58.693634603284266,239.52795395065883,False,34.49494315804032,213.9771746391064,False,72.38445775764941,280.23581588084335,False,31.154570504924123,278.0987139354565,False,57.068686689197534,277.40277552796454,False,30.343726541091858,349.49877635736664,False,81.84160401093857,344.47707214744275,False,29.366886907147496,418.99007579025806,False,71.79242711528246,412.6087329854412,False,True,161.96347786170804,179.84528875729384,151.3385962263,44.59493083355199,42.94844189922455,87.54337273277653,0.9750388357058468,1.1044926215647517,1.0512408956708392,0.9630790113685148,True,True,True,True,1.6563183121443217,False,0.0063998874695537,False,True,161.96347786170804,valid,0.1918042513201783,0.5809328565541705,0.6117776186235342,36.706657117412185,36.706657117412185,39.27905465520722,236.79492404968516,4.3088004758019425,33.105403102442196,43.44089183115818,0.6783133016412284,40.698798098473844,40.698798098473844,220.5511582430488,0.16906457952191184,0.18745169753694957,0.18745169753694957,False
329,329,5.483333333333333,5.483333333333333,Sports2D_HALPE26_postprocessed,40.92789557339243,161.4475316744284,1.0,10.691841205928398,196.7203603786562,1.0,56.95494145473795,195.12946419602608,1.0,19.736886573662943,231.80307581593337,1.0,57.9750211170547,240.13541250008817,1.0,39.988761021965686,204.4752903147084,1.0,72.84075570028439,281.0102320649126,1.0,29.72236056676732,278.05093004798164,1.0,55.499700612197095,277.4159474558565,1.0,30.24468009797921,349.1803513679551,1.0,81.93449764729328,344.3699139917975,1.0,29.07868428501258,418.9953333277102,1.0,69.33974627043705,411.7129240931905,1.0,50.76684467923444,434.5436960324994,1.0,43.51845020756305,432.1090145377793,1.0,26.495607556407883,433.8470396464143,1.0,98.18254624189272,427.951454990441,1.0,94.72830293402004,432.24866844270895,1.0,63.86729214784823,425.51520533883104,1.0,1.0,5.483333333333333,40.92789557339243,161.4475316744284,False,10.691841205928398,196.7203603786562,False,56.95494145473795,195.12946419602608,False,19.736886573662943,231.80307581593337,False,57.9750211170547,240.13541250008817,False,39.988761021965686,204.4752903147084,False,72.84075570028439,281.0102320649126,False,29.72236056676732,278.05093004798164,False,55.499700612197095,277.4159474558565,False,30.24468009797921,349.1803513679551,False,81.93449764729328,344.3699139917975,False,29.07868428501258,418.9953333277102,False,69.33974627043705,411.7129240931905,False,True,161.3126264266147,178.6224507875024,147.8615781619267,45.01750709741024,43.494148332344494,88.51165542975474,0.984278187816228,1.118526395603299,1.0628682563477123,0.9661607480447671,True,True,True,True,0.6508514350933297,False,0.0030817366762523,False,True,161.3126264266147,valid,0.4562979426349756,0.7744161840692527,0.898848284529316,53.93089707175915,46.935312171210334,38.21721095990769,236.8291755196301,63.74375818216812,34.6235447403767,44.1810565452825,1.688963539234994,101.3378123541,64.99772228985191,219.96796266411124,0.24839648043982032,0.46674461748218626,0.29936838306104296,False
330,330,5.5,5.5,Sports2D_HALPE26_postprocessed,40.78360180427386,161.50561795248944,1.0,10.581095586552271,196.7034841218841,1.0,56.59701706221429,195.45526094867068,1.0,21.09895186486299,229.2002426642975,1.0,58.0474949427,241.26097456700847,1.0,40.85912906654748,203.6458489468485,1.0,73.55094102468748,281.3381954887785,1.0,29.34699832491743,277.96448937863863,1.0,55.01208133435699,277.3358770681669,1.0,30.28113856935983,349.05870651898056,1.0,81.7585151838914,344.1893911767876,1.0,28.876584512914736,419.0086245191874,1.0,67.11877168540428,411.42717914058267,1.0,50.55810399621059,434.7019209716328,1.0,43.25273533667004,432.2296117409503,1.0,26.33469470610449,433.8530651076612,1.0,97.47777148291654,427.919303081039,1.0,93.6631704316496,431.90022727547415,1.0,61.62253047236841,424.8611397469709,1.0,1.0,5.5,40.78360180427386,161.50561795248944,False,10.581095586552271,196.7034841218841,False,56.59701706221429,195.45526094867068,False,21.09895186486299,229.2002426642975,False,58.0474949427,241.26097456700847,False,40.85912906654748,203.6458489468485,False,73.55094102468748,281.3381954887785,False,29.34699832491743,277.96448937863863,False,55.01208133435699,277.3358770681669,False,30.28113856935983,349.05870651898056,False,81.7585151838914,344.1893911767876,False,28.876584512914736,419.0086245191874,False,67.11877168540428,411.42717914058267,False,True,160.66528332456056,178.09689554908843,145.91152436101495,45.82867318793939,42.97139138112072,88.80006456906011,1.0020138009383934,1.1050828067333434,1.066331539431956,0.9376529668423697,True,True,True,True,0.6473431020541511,False,0.0285077812023977,False,True,160.66528332456056,valid,0.7101853244030849,0.32796342386592414,0.7822552028535028,46.935312171210334,46.935312171210334,37.88429807701024,236.8647778793401,20.08866984689714,35.66664294767723,44.47341760943843,1.083295371497528,64.99772228985191,64.99772228985191,219.61171053213934,0.21617601383786186,0.29936838306104296,0.29936838306104296,False
331,331,5.516666666666667,5.516666666666667,Sports2D_HALPE26_postprocessed,40.68772063998202,161.6935591131405,1.0,10.852750120728976,196.2008264486577,1.0,56.104820604532975,195.698650629236,1.0,23.976865980400586,225.0927137409054,1.0,57.66774643105915,241.8167631327787,1.0,42.850393291573134,200.556274145274,1.0,74.03935722602313,281.77451260834926,1.0,29.16909632062134,277.8560700225917,1.0,54.13595644334737,277.20600763278566,1.0,30.26449796945728,349.0266533003967,1.0,81.8244541082426,344.223788357922,1.0,28.79063348850093,419.0179476654351,1.0,65.08575463576109,410.95630370209886,1.0,50.47626997526187,434.7573386128489,1.0,43.71402344637776,432.2659733118711,1.0,26.155984598768026,433.88710774967865,1.0,96.07769136782802,427.939718583139,1.0,91.69824239052971,431.6051995168512,1.0,59.11536660302414,424.0255733637588,1.0,1.0,5.516666666666667,40.68772063998202,161.6935591131405,False,10.852750120728976,196.2008264486577,False,56.104820604532975,195.698650629236,False,23.976865980400586,225.0927137409054,False,57.66774643105915,241.8167631327787,False,42.850393291573134,200.556274145274,False,74.03935722602313,281.77451260834926,False,29.16909632062134,277.8560700225917,False,54.13595644334737,277.20600763278566,False,30.26449796945728,349.0266533003967,False,81.8244541082426,344.223788357922,False,28.79063348850093,419.0179476654351,False,65.08575463576109,410.95630370209886,False,True,159.66094689245332,177.9118717917789,143.47081853873772,46.1445883937504,43.181609316632006,89.32619771038242,1.0089210791580965,1.1104889203995294,1.0726494668485071,0.9357892402932412,True,True,True,True,1.0043364321072374,False,0.0018637265491283,False,True,159.66094689245332,valid,0.488416201335653,0.43631711957073094,0.6549221438901335,39.29532863340815,39.29532863340815,37.56565587230766,236.74038868331778,20.523642370137274,36.47370135371547,45.03412392503148,0.982718089333312,58.96308535999893,59.188619708793645,219.45052437797906,0.18098755741587547,0.2715738783244885,0.27261265092981624,False
332,332,5.533333333333333,5.533333333333333,Sports2D_HALPE26_postprocessed,40.402156528876006,161.55262943196146,1.0,10.98573897096628,195.27657994414704,1.0,55.67821092542111,195.92117922082275,1.0,23.166746119052043,225.6431887417587,1.0,57.62335866592533,241.65267108803096,1.0,41.17087738676246,201.3348674421132,1.0,74.46430685150791,282.16860799763737,1.0,28.7983728276176,277.65585776557066,1.0,53.66821899271541,276.93647585952885,1.0,30.239348027505784,348.9990123341198,1.0,81.6811435729012,344.1382491735835,1.0,28.74076309841802,419.0227970543224,1.0,63.10660989823928,409.98001253547295,1.0,50.5259992214783,434.553615859385,1.0,44.13364269976042,432.07704189403,1.0,25.86575595969076,433.9117726105692,1.0,93.8559107647183,427.9363702434589,1.0,89.22131255389009,431.4292364320596,1.0,56.64345975734639,423.31458016272825,1.0,1.0,5.533333333333333,40.402156528876006,161.55262943196146,False,10.98573897096628,195.27657994414704,False,55.67821092542111,195.92117922082275,False,23.166746119052043,225.6431887417587,False,57.62335866592533,241.65267108803096,False,41.17087738676246,201.3348674421132,False,74.46430685150791,282.16860799763737,False,28.7983728276176,277.65585776557066,False,53.66821899271541,276.93647585952885,False,30.239348027505784,348.9990123341198,False,81.6811435729012,344.1382491735835,False,28.74076309841802,419.0227970543224,False,63.10660989823928,409.98001253547295,False,True,159.86474121099192,177.61690362059815,141.61706255890218,45.77284072605631,43.876630219886806,89.64947094594311,1.0007930608764286,1.128362571352442,1.0765314059957978,0.9585734580574092,True,True,True,True,0.2037943185385984,False,0.0227842177641679,False,True,159.86474121099192,valid,0.42494962548478554,0.39409538928811116,0.5795630768585999,34.77378461151611,34.77378461151611,37.282635429180104,236.44752319751734,24.436340773619797,37.18167142232781,45.721084800120025,0.9864769951465573,59.188619708793645,58.96308535999893,219.2643763681935,0.1601620996138798,0.27261265092981624,0.2715738783244885,False
333,333,5.55,5.55,Sports2D_HALPE26_postprocessed,40.48923945280972,161.4615947100197,1.0,11.139895590500258,194.51454318297,1.0,55.35212122896456,196.22097181533792,1.0,24.528817290480124,224.312659062122,1.0,57.350271632859474,241.3111542261935,1.0,42.89247192761365,200.2816957842072,1.0,74.33880127667328,282.0614822406388,1.0,28.48207316738161,277.1888390807504,1.0,53.33124913969501,276.6560906003177,1.0,30.14920798090248,348.9820290649636,1.0,81.6757698873175,343.9649353096918,1.0,28.656330206264464,419.0263962368002,1.0,60.84856247853869,408.8906074711374,1.0,50.37223968498282,434.4786838554424,1.0,44.80925802373266,432.0088926473375,1.0,25.682476778391543,433.9471414935482,1.0,91.94612126609827,427.9379789159907,1.0,87.23566125293348,431.1217200184944,1.0,53.90901313334469,421.9894011498475,1.0,1.0,5.55,40.48923945280972,161.4615947100197,False,11.139895590500258,194.51454318297,False,55.35212122896456,196.22097181533792,False,24.528817290480124,224.312659062122,False,57.350271632859474,241.3111542261935,False,42.89247192761365,200.2816957842072,False,74.33880127667328,282.0614822406388,False,28.48207316738161,277.1888390807504,False,53.33124913969501,276.6560906003177,False,30.14920798090248,348.9820290649636,False,81.6757698873175,343.9649353096918,False,28.656330206264464,419.0263962368002,False,60.84856247853869,408.8906074711374,False,True,159.9064582291148,177.4487754700742,139.3780043450726,45.134434247931104,44.14973808238984,89.28417233032094,0.9868347230675506,1.135386007027564,1.072144816447253,0.9781830395805524,True,True,True,True,0.0417170181228812,False,0.0196095815231434,False,True,159.9064582291148,valid,-0.12550557483463365,-0.10712575699858462,0.16500780929123213,9.900468557473962,24.33383146016322,37.07633478163536,236.14511116984403,21.964670950686195,37.26246649503792,45.91637107079475,0.211339942481953,12.680396548917226,36.57273931896861,218.89337959721485,0.0455998634903,0.058403735972373694,0.16844777706529088,False
334,334,5.566666666666666,5.566666666666666,Sports2D_HALPE26_postprocessed,40.64411663270636,161.34163493285652,1.0,11.317615823361312,194.03034065454904,1.0,54.99048025863536,196.41872535857564,1.0,25.128761031689223,224.2792564555429,1.0,57.06863830250581,241.3673670282172,1.0,44.44694242906392,198.86977902216952,1.0,74.56468766282777,282.39831659636536,1.0,28.22685941054496,277.0966349229621,1.0,52.98227857577622,276.6262187762167,1.0,30.17091271267934,348.9823720786026,1.0,81.50399249410397,343.85799090658304,1.0,28.655453268375304,419.0440563508189,1.0,58.9975025685986,407.8444349580641,1.0,50.63202778429847,434.47954421945775,1.0,45.57244387859254,432.0154142273576,1.0,25.655702236212,434.0239013213457,1.0,89.10371062189436,427.9540642817576,1.0,83.98841068696476,430.5670726922883,1.0,52.03983111631642,421.2300950404217,1.0,1.0,5.566666666666666,40.64411663270636,161.34163493285652,False,11.317615823361312,194.03034065454904,False,54.99048025863536,196.41872535857564,False,25.128761031689223,224.2792564555429,False,57.06863830250581,241.3673670282172,False,44.44694242906392,198.86977902216952,False,74.56468766282777,282.39831659636536,False,28.22685941054496,277.0966349229621,False,52.98227857577622,276.6262187762167,False,30.17091271267934,348.9823720786026,False,81.50399249410397,343.85799090658304,False,28.655453268375304,419.0440563508189,False,58.9975025685986,407.8444349580641,False,True,159.55319680086066,177.21175500139915,137.63316985662962,44.99665686249524,44.605499276241055,89.60215613873629,0.9838223111415544,1.1471066854397256,1.075963238940384,0.9913069633717562,True,True,True,True,0.3532614282541431,False,0.0131239237912036,False,True,159.55319680086066,valid,0.2258863861544853,0.33683435572658027,0.4055638576693856,24.33383146016322,24.33383146016322,36.879308517079465,236.04297992807588,13.31542346648553,37.6853791457483,46.35533666828948,0.6095456553161414,36.57273931896861,36.57273931896861,218.48053402445913,0.11207746242896229,0.16844777706529088,0.16844777706529088,False
335,335,5.583333333333333,5.583333333333333,Sports2D_HALPE26_postprocessed,40.912550078634936,161.33349313041808,1.0,11.614302623224816,193.627954347048,1.0,54.518248936773794,196.5725669804924,1.0,24.672025057031888,223.8139143072896,1.0,57.03060119663552,242.102482057284,1.0,44.449097938162566,196.5534576026838,1.0,75.69238328963472,282.7487092728418,1.0,28.12512567846004,277.1094729197546,1.0,52.62550849570085,276.6566080051361,1.0,30.151044894818305,348.9852100535917,1.0,81.38606007329332,343.6725183177896,1.0,28.634632277286087,419.0652461713947,1.0,57.414380424533455,407.0206580666097,1.0,50.63585610036401,434.5850328825894,1.0,46.4910303980583,432.1245395484815,1.0,25.606364413664533,434.16044235019257,1.0,86.8546124344778,427.9739425270116,1.0,81.30319549644499,429.7451259595615,1.0,50.42757982199116,419.9692631190517,1.0,1.0,5.583333333333333,40.912550078634936,161.33349313041808,False,11.614302623224816,193.627954347048,False,54.518248936773794,196.5725669804924,False,24.672025057031888,223.8139143072896,False,57.03060119663552,242.102482057284,False,44.449097938162566,196.5534576026838,False,75.69238328963472,282.7487092728418,False,28.12512567846004,277.1094729197546,False,52.62550849570085,276.6566080051361,False,30.151044894818305,348.9852100535917,False,81.38606007329332,343.6725183177896,False,28.634632277286087,419.0652461713947,False,57.414380424533455,407.0206580666097,False,True,158.49725766367203,177.14587533133505,136.04569236974322,45.59917850989736,44.72558437567178,90.32476288556914,0.9969960507256176,1.150194879106735,1.0846404664682416,0.980841888762624,True,True,True,True,1.0559391371886306,False,0.0104650746091322,False,True,158.49725766367203,valid,1.127695626806954,0.35039267647641736,1.1808778321434594,70.85266992860782,66.77541490796708,36.720796433539874,235.99165056310778,9.996940712534336,38.971586856094845,46.757058709734,1.3474831623204986,80.8489897392302,66.08879083637883,218.1700784132734,0.32633526968062365,0.3723766076358512,0.3043936580256939,False
336,336,5.6,5.6,Sports2D_HALPE26_postprocessed,40.76191056137979,161.39844192921586,1.0,11.942893126982272,193.51035317477903,1.0,54.39538057050118,197.02353984935613,1.0,24.23390352909322,222.6765766539889,1.0,57.33050481997725,242.97243469829223,1.0,43.30268300912135,195.6046667222324,1.0,76.79074982409091,282.56929395880195,1.0,28.054013880615365,277.44899184476304,1.0,52.78208648111568,276.8733651860282,1.0,30.14104722331797,348.9788415398682,1.0,81.32086742169568,343.59687653414335,1.0,28.62194923628405,419.079088033023,1.0,55.922505567441874,406.29436361057753,1.0,50.82037603866506,435.0112941175719,1.0,47.26867083719733,432.520856229169,1.0,25.56646268012036,434.3516492923751,1.0,84.29948498724808,427.9672408702968,1.0,78.26448502327317,429.3807888040204,1.0,48.53145888627587,418.29106213915577,1.0,1.0,5.6,40.76191056137979,161.39844192921586,False,11.942893126982272,193.51035317477903,False,54.39538057050118,197.02353984935613,False,24.23390352909322,222.6765766539889,False,57.33050481997725,242.97243469829223,False,43.30268300912135,195.6046667222324,False,76.79074982409091,282.56929395880195,False,28.054013880615365,277.44899184476304,False,52.78208648111568,276.8733651860282,False,30.14104722331797,348.9788415398682,False,81.32086742169568,343.59687653414335,False,28.62194923628405,419.079088033023,False,55.922505567441874,406.29436361057753,False,True,157.48273605960946,177.0873234379019,134.79021711165697,46.04254437146637,44.120430629321206,90.16297500078758,1.006689953718079,1.1346323157586908,1.0826976804457564,0.9582535290265944,True,True,True,True,1.0145216040625655,False,0.0225883597360295,False,True,157.48273605960946,valid,1.09836653445619,-0.17941531403982935,1.1129235817994474,66.77541490796708,66.77541490796708,36.793593514803625,236.2140625137316,14.04134491261118,39.997156309287284,46.35523144507036,1.1014798472729765,66.08879083637883,67.9126015154411,217.6102632981983,0.30755613096844586,0.3043936580256939,0.3127938178276871,False
337,337,5.616666666666666,5.616666666666666,Sports2D_HALPE26_postprocessed,41.28636583442559,161.44428278880036,1.0,12.336761655804391,193.09066140044703,1.0,53.85779675893467,197.40073324309105,1.0,23.734104084272243,224.6069717634462,1.0,56.86621914597092,242.90916329989744,1.0,43.88570526750072,194.5359179751877,1.0,77.69918691975238,282.5416465425651,1.0,27.83155191119061,277.67191995123744,1.0,52.28216496956561,277.0820388918971,1.0,30.098670519411613,348.96535916867765,1.0,81.16637182566451,343.58472468046034,1.0,28.592987726668404,419.1140580928476,1.0,54.315312582536855,405.7940702152589,1.0,50.8796842826124,435.0025130364388,1.0,48.34843878991666,432.5252132137481,1.0,25.659071794207208,434.547108658031,1.0,81.29018841402615,428.0023493668567,1.0,74.87674713404968,429.0924180846485,1.0,47.22234561463281,417.6999165840308,1.0,1.0,5.616666666666666,41.28636583442559,161.44428278880036,False,12.336761655804391,193.09066140044703,False,53.85779675893467,197.40073324309105,False,23.734104084272243,224.6069717634462,False,56.86621914597092,242.90916329989744,False,43.88570526750072,194.5359179751877,False,77.69918691975238,282.5416465425651,False,27.83155191119061,277.67191995123744,False,52.28216496956561,277.0820388918971,False,30.098670519411613,348.96535916867765,False,81.16637182566451,343.58472468046034,False,28.592987726668404,419.1140580928476,False,54.315312582536855,405.7940702152589,False,True,156.05331118675423,176.94900136017793,133.1769817790333,45.607760430589664,44.77439306393499,90.38215349452466,0.9971836887778252,1.1514500779840646,1.0853296260616885,0.9817275095556824,True,True,True,True,1.429424872855236,False,0.023473980529088,False,True,156.05331118675423,valid,0.9084370956614691,-0.027647416236845856,0.9088577096544973,54.531462579270034,66.77541490796708,36.577068823873816,236.31133837166817,14.242328585957106,41.12211809587856,46.23030817089693,1.1318766919240142,67.9126015154411,67.9126015154411,217.3690684388578,0.25116258236726957,0.3127938178276871,0.3127938178276871,False
338,338,5.633333333333333,5.633333333333333,Sports2D_HALPE26_postprocessed,42.0684603279114,161.52358313576713,1.0,12.964282347173247,192.6529400026089,1.0,53.43499086762793,197.2681883687785,1.0,24.56468355490856,224.10394232464125,1.0,56.51018958410747,243.24318385135703,1.0,44.46558861764683,192.5665262344904,1.0,79.69773295515252,282.5863297531133,1.0,28.06232690373476,278.2145923968983,1.0,52.96071432891304,277.49727900065284,1.0,30.1228620739804,348.92765293766354,1.0,80.53075276066308,343.57917211509493,1.0,28.58998832718425,419.16781118954026,1.0,52.904276076192055,404.8903730957669,1.0,51.00100972849411,435.1778198089697,1.0,48.68540081021921,432.7041183799036,1.0,25.767798462264075,434.4855987332941,1.0,79.71555163306459,428.06170341402833,1.0,74.2077645327613,429.0504442532763,1.0,44.4647247971212,416.6804145224655,1.0,1.0,5.633333333333333,42.0684603279114,161.52358313576713,False,12.964282347173247,192.6529400026089,False,53.43499086762793,197.2681883687785,False,24.56468355490856,224.10394232464125,False,56.51018958410747,243.24318385135703,False,44.46558861764683,192.5665262344904,False,79.69773295515252,282.5863297531133,False,28.06232690373476,278.2145923968983,False,52.96071432891304,277.49727900065284,False,30.1228620739804,348.92765293766354,False,80.53075276066308,343.57917211509493,False,28.58998832718425,419.16781118954026,False,52.904276076192055,404.8903730957669,False,True,153.31304381754265,177.0807225373589,133.0975508971645,46.07772842457572,45.66777087871684,91.74549930329256,1.0074592299012215,1.1744248160900823,1.1017009951828332,0.9911029132755548,True,True,True,True,2.74026736921158,False,0.0093754037198725,False,True,153.31304381754265,valid,1.998546035400139,0.04468321054821445,1.9990454834541682,119.94272900725052,102.76143416222865,36.85557861186224,236.40824994223465,17.693343275200178,42.842154343290275,46.17807981087867,1.72082901358629,103.24974081517777,103.24974081517777,217.1997019315341,0.5524356789412544,0.4755506327048244,0.4755506327048244,False
339,339,5.65,5.65,Sports2D_HALPE26_postprocessed,42.30065057050467,161.5411492875324,1.0,13.460784972936176,192.534876401286,1.0,52.88960766925095,197.7575924772725,1.0,24.607750656813977,217.2310136911244,1.0,56.33465646577245,243.81298333201528,1.0,44.49250545896814,191.3601120831532,1.0,81.33495703073537,283.0891282343588,1.0,27.359284816020804,277.40678899458703,1.0,51.94342750968601,276.42239431018174,1.0,30.0877675877864,348.8790652926461,1.0,79.84452290249398,343.5924317475094,1.0,28.56321309893373,419.2616432055598,1.0,51.32266284161266,405.0431465995714,1.0,51.26409606831058,434.66431900764775,1.0,50.10047123203137,432.3364021338467,1.0,25.92214397526481,434.564942092495,1.0,77.30415827482439,428.1873894409256,1.0,72.28133407586002,428.5850959735063,1.0,42.377737009447166,416.4338348162853,1.0,1.0,5.65,42.30065057050467,161.5411492875324,False,13.460784972936176,192.534876401286,False,52.88960766925095,197.7575924772725,False,24.607750656813977,217.2310136911244,False,56.33465646577245,243.81298333201528,False,44.49250545896814,191.3601120831532,False,81.33495703073537,283.0891282343588,False,27.359284816020804,277.40678899458703,False,51.94342750968601,276.42239431018174,False,30.0877675877864,348.8790652926461,False,79.84452290249398,343.5924317475094,False,28.56321309893373,419.2616432055598,False,51.32266284161266,405.0431465995714,False,True,151.80006186283336,176.57288452939218,132.54497883619865,46.184059890762505,46.55781982361684,92.74187971437934,1.0097840974826209,1.197313946615008,1.1136657596542343,1.0080928340587287,True,True,True,True,1.512981954709289,False,0.0169899207831738,False,True,151.80006186283336,valid,1.63722407558285,0.5027984812454633,1.7126905693705627,102.76143416222865,102.76143416222865,36.413276241973485,236.03041304583184,34.90288790477018,44.92168078876188,47.058715188526946,2.258306645648792,135.49839873892077,103.24974081517777,217.11166713478943,0.47330157584588656,0.6240824310264241,0.4755506327048244,False
340,340,5.666666666666667,5.666666666666667,Sports2D_HALPE26_postprocessed,42.606688645329655,161.47666721999414,1.0,13.757329667220436,192.5843228043387,1.0,52.51998917990763,197.9431542149495,1.0,25.145407999933244,214.93335799690863,1.0,55.96223487259052,243.3203346774088,1.0,45.48355122146466,189.43767210909328,1.0,82.02287755701876,282.83865975200524,1.0,26.992810429567868,276.2307733235233,1.0,51.47670831299828,275.71330597465254,1.0,30.10742958267244,348.8145412670676,1.0,78.95273417100877,343.7681113470674,1.0,28.54993873296722,419.24176061570427,1.0,49.94246087344981,405.079972645256,1.0,51.48095524963313,433.7411287833046,1.0,50.24464230328197,432.099798538873,1.0,26.026375321647627,434.41623735588007,1.0,76.30943120530358,428.07153645551216,1.0,71.2760573408423,428.25305904406594,1.0,40.97040484934951,416.0682356852814,1.0,1.0,5.666666666666667,42.606688645329655,161.47666721999414,False,13.757329667220436,192.5843228043387,False,52.51998917990763,197.9431542149495,False,25.145407999933244,214.93335799690863,False,55.96223487259052,243.3203346774088,False,45.48355122146466,189.43767210909328,False,82.02287755701876,282.83865975200524,False,26.992810429567868,276.2307733235233,False,51.47670831299828,275.71330597465254,False,30.10742958267244,348.8145412670676,False,78.95273417100877,343.7681113470674,False,28.54993873296722,419.24176061570427,False,49.94246087344981,405.079972645256,False,True,150.93492361545776,176.27602237822404,132.69280034610472,45.50755500058636,47.33767119141922,92.84522619200558,0.994992762948912,1.2173691580165291,1.114906767857515,1.0402156562972735,True,True,True,True,0.8651382473755973,False,0.032122822238545,False,True,150.93492361545776,valid,0.6879205262833921,-0.2504684823535399,0.7320991129174415,43.92594677504664,47.95584268805382,36.186709397423556,235.61788907936602,28.2388174088222,45.8361681595952,47.22077067263922,0.9287352321003562,55.72411392602157,55.72411392602157,216.9831012695582,0.20231539194296141,0.25665573032159916,0.25665573032159916,False
341,341,5.683333333333334,5.683333333333334,Sports2D_HALPE26_postprocessed,44.04409302527584,161.4800963776426,1.0,14.42542558781043,192.00890674199388,1.0,52.314659807361714,198.3521151162616,1.0,25.894254084577348,214.27250284874367,1.0,55.39025650719806,243.26341520989385,1.0,47.22930273385843,188.08186231067697,1.0,82.43527432217132,282.15400515193073,1.0,26.843918337043533,275.9813792748761,1.0,51.15435431443089,275.4964095763549,1.0,30.085746523527384,348.7298494638747,1.0,77.87510804341201,343.7916998353407,1.0,28.536056600684272,419.3122583829266,1.0,48.75167426000283,405.0729017208224,1.0,51.81863868162404,432.8817154729579,1.0,50.7238962854072,431.52049014554336,1.0,26.09901979944035,434.3252902836126,1.0,75.24207981906494,427.4828264207043,1.0,69.69265775383677,427.9573997753334,1.0,39.77417078894515,416.0229204793362,1.0,1.0,5.683333333333334,44.04409302527584,161.4800963776426,False,14.42542558781043,192.00890674199388,False,52.314659807361714,198.3521151162616,False,25.894254084577348,214.27250284874367,False,55.39025650719806,243.26341520989385,False,47.22930273385843,188.08186231067697,False,82.43527432217132,282.15400515193073,False,26.843918337043533,275.9813792748761,False,51.15435431443089,275.4964095763549,False,30.085746523527384,348.7298494638747,False,77.87510804341201,343.7916998353407,False,28.536056600684272,419.3122583829266,False,48.75167426000283,405.0729017208224,False,True,149.1023394447131,176.190695068668,133.21286194136349,45.01648777015304,47.36993745670224,92.38642522685528,0.9842559008960896,1.218198940200809,1.1093973806533974,1.05227972689841,True,True,True,True,1.832584170744667,False,0.0120640706011361,False,True,149.1023394447131,valid,0.4123967651525646,-0.6846546000745093,0.7992640448008942,47.95584268805382,47.95584268805382,36.18458951166164,235.45970267737164,9.49203635105042,46.25068481050968,46.694302474559095,0.6700692631923126,40.2041557915389,55.72411392602157,217.07614182851228,0.22087640271194375,0.18517345974024116,0.25665573032159916,False
342,342,5.7,5.7,Sports2D_HALPE26_postprocessed,44.93992043000087,161.54984489479057,1.0,14.688168571507594,191.6860384475557,1.0,51.952428830838045,198.531604844304,1.0,25.422368041332344,221.1960951710644,1.0,54.9739265743707,243.6004418944351,1.0,48.48404657248929,187.71198319379823,1.0,83.1663890418829,281.37735039169746,1.0,26.61202134393889,275.89849673810346,1.0,50.563931240048746,275.3632796478402,1.0,30.143741576500275,348.6171666690865,1.0,77.30072703868213,343.6477714591621,1.0,28.529237620309296,419.2800441236032,1.0,47.37154894330399,405.0712262287594,1.0,52.25360773751683,431.7705540634389,1.0,50.64160036609864,430.52116834271806,1.0,26.27246450223758,434.2457107980815,1.0,74.76134351506697,426.8446244361528,1.0,68.34116866876401,427.7708127888129,1.0,38.388045200279365,416.11364419421136,1.0,1.0,5.7,44.93992043000087,161.54984489479057,False,14.688168571507594,191.6860384475557,False,51.952428830838045,198.531604844304,False,25.422368041332344,221.1960951710644,False,54.9739265743707,243.6004418944351,False,48.48404657248929,187.71198319379823,False,83.1663890418829,281.37735039169746,False,26.61202134393889,275.89849673810346,False,50.563931240048746,275.3632796478402,False,30.143741576500275,348.6171666690865,False,77.30072703868213,343.6477714591621,False,28.529237620309296,419.2800441236032,False,47.37154894330399,405.0712262287594,False,True,147.10192775778,175.91064144234474,132.63905954875892,45.17000688139689,47.137137753501925,92.3071446348988,0.9876124953046448,1.2122120977656274,1.108445361124152,1.0435494924158446,True,True,True,True,2.0004116869330915,False,0.0087302344825652,False,True,147.10192775778,valid,0.7311147197115702,-0.7766547602332707,1.0666402158047141,63.998412948283075,53.381149084692204,35.954137496583314,235.36985491945086,14.840845767185614,47.21225154529958,46.0074954722466,1.1816574985502255,70.89944991301378,55.42505744512812,217.11618850745,0.2947657352877999,0.3265507302813626,0.255278327360773,False
343,343,5.716666666666667,5.716666666666667,Sports2D_HALPE26_postprocessed,46.08791426066265,161.45642246235855,1.0,14.977479345019155,191.68732591408133,1.0,51.59665179614437,198.89298274337784,1.0,28.258798601339723,203.63551645528665,1.0,54.61194471046591,243.8990931526264,1.0,51.63018824804601,183.81949581821416,1.0,83.46184899864875,280.5381577625369,1.0,26.434116926344046,275.8035391889267,1.0,50.46581340365916,275.10473007314044,1.0,30.246147549527144,348.521611417138,1.0,76.42160042696966,343.5932167051095,1.0,28.47476834410436,419.30498124912833,1.0,46.15131161024294,405.0448996981957,1.0,52.2758093263255,430.6864412969019,1.0,49.68794015170356,429.61141308523,1.0,26.23777384343185,434.2650826974767,1.0,73.96869384267295,426.5005208820235,1.0,67.5020346541127,427.4034173947372,1.0,37.18771685289723,416.8206039165402,1.0,1.0,5.716666666666667,46.08791426066265,161.45642246235855,False,14.977479345019155,191.68732591408133,False,51.59665179614437,198.89298274337784,False,28.258798601339723,203.63551645528665,False,54.61194471046591,243.8990931526264,False,51.63018824804601,183.81949581821416,False,83.46184899864875,280.5381577625369,False,26.434116926344046,275.8035391889267,False,50.46581340365916,275.10473007314044,False,30.246147549527144,348.521611417138,False,76.42160042696966,343.5932167051095,False,28.47476834410436,419.30498124912833,False,46.15131161024294,405.0448996981957,False,True,145.61575118650276,175.5656362169408,133.0200296708422,45.10700572559243,46.63408659903728,91.7410923246297,0.986235016464438,1.1992752771545434,1.101648075172419,1.0338546274327054,True,True,True,True,1.486176571277241,False,0.0096948649831392,False,True,145.61575118650276,valid,0.29545995676585335,-0.83919262916055,0.8896858180782002,53.381149084692204,63.998412948283075,35.86851536779168,235.37214447988157,5.139164104482128,47.59333363085707,45.16601328265534,0.9237509574187986,55.42505744512812,70.89944991301378,216.92214947085415,0.24586443531298688,0.255278327360773,0.3265507302813626,False
344,344,5.733333333333333,5.733333333333333,Sports2D_HALPE26_postprocessed,47.298192172723816,161.40085152487077,1.0,15.90174868707015,191.72925541640043,1.0,51.22953592460591,198.6656246547365,1.0,33.7069153852537,198.5255202958409,1.0,54.26177473145608,245.4219406371243,1.0,58.50541737301815,179.3224083934922,1.0,83.97548807008255,279.1011684091915,1.0,26.5053715469235,275.5910660735293,1.0,50.20581252743807,275.0240143411032,1.0,30.35193447938127,348.4671039148933,1.0,75.152506047192,343.695468068332,1.0,28.5299834328926,419.2883222407541,1.0,45.69905368088416,405.2838653234289,1.0,52.7685889719485,430.1892722845768,1.0,49.21828573263085,428.6256431485505,1.0,26.089718481460487,434.28714130586445,1.0,73.58432734873831,426.2254578989523,1.0,67.11249134449989,427.2627109198953,1.0,36.73940045299133,417.2734063620244,1.0,1.0,5.733333333333333,47.298192172723816,161.40085152487077,False,15.90174868707015,191.72925541640043,False,51.22953592460591,198.6656246547365,False,33.7069153852537,198.5255202958409,False,54.26177473145608,245.4219406371243,False,58.50541737301815,179.3224083934922,False,83.97548807008255,279.1011684091915,False,26.5053715469235,275.5910660735293,False,50.20581252743807,275.0240143411032,False,30.35193447938127,348.4671039148933,False,75.152506047192,343.695468068332,False,28.5299834328926,419.2883222407541,False,45.69905368088416,405.2838653234289,False,True,142.2899930633598,175.50493255441,134.4765788938652,46.85453613500684,44.913195652200585,91.76773178720742,1.0244436196376492,1.155019623881752,1.1019679679481504,0.9585666481210598,True,True,True,True,3.325758123142976,False,0.0752879793116455,False,True,142.2899930633598,valid,0.5136390714338006,-1.4369893533454388,1.5260286685811375,91.56172011486858,60.28076435740659,35.96061717150941,235.25249012144235,9.05978299241324,48.014870898573136,43.848678287749124,1.3831359864012271,82.98815918407392,64.55490033655047,217.11765959525962,0.42171761002393787,0.38222925593236595,0.29732882094296426,False
345,345,5.75,5.75,Sports2D_HALPE26_postprocessed,48.39387961215244,161.35543034286715,1.0,16.260418163301033,191.89487827437057,1.0,50.58975442363493,198.6456961778368,1.0,36.49579424063871,195.47987211653435,1.0,53.59064266339149,246.20885533701136,1.0,61.87188756028488,177.30488382166016,1.0,84.1376058300939,278.1096551512657,1.0,26.53818161683868,275.57638491532606,1.0,49.97693919648755,275.0807908782001,1.0,30.40851135846089,348.48241207332603,1.0,73.85927783346,343.6431807160583,1.0,28.596913157877395,419.2671602861004,1.0,44.84892644996568,405.1040928252991,1.0,53.3387626937301,430.0841877197665,1.0,49.3750098354209,428.2334376615798,1.0,25.80914891835367,434.34271227112094,1.0,72.80362770001764,425.9264843139473,1.0,66.32780171382788,427.216755668989,1.0,35.979629908718906,417.7469046591733,1.0,1.0,5.75,48.39387961215244,161.35543034286715,False,16.260418163301033,191.89487827437057,False,50.58975442363493,198.6456961778368,False,36.49579424063871,195.47987211653435,False,53.59064266339149,246.20885533701136,False,61.87188756028488,177.30488382166016,False,84.1376058300939,278.1096551512657,False,26.53818161683868,275.57638491532606,False,49.97693919648755,275.0807908782001,False,30.40851135846089,348.48241207332603,False,73.85927783346,343.6431807160583,False,28.596913157877395,419.2671602861004,False,44.84892644996568,405.1040928252991,False,True,139.8521099671597,175.49516278333613,135.52731785701374,47.65773221029804,44.16761242694702,91.82534463724504,1.0420049736179589,1.1358456763614373,1.1026597962634768,0.9267669773301368,True,True,True,True,2.437883096200096,False,0.0317996707909229,False,True,139.8521099671597,valid,0.16211776001135547,-0.9915132579257602,1.004679405956773,60.28076435740659,60.28076435740659,35.84132335006555,235.2994375614334,7.691962080185619,48.29628248002835,42.81021758983232,1.0759150056091706,64.55490033655047,64.55490033655047,216.9404068917003,0.2776428822364766,0.29732882094296426,0.29732882094296426,False
346,346,5.766666666666667,5.766666666666667,Sports2D_HALPE26_postprocessed,48.84749814479025,161.32980028669226,1.0,16.87018904646294,191.7874304217113,1.0,50.477453338626525,199.1051861006365,1.0,37.81985377515498,193.6645958326796,1.0,53.52327568675018,247.4351948159401,1.0,64.5153339870545,176.35982862565297,1.0,83.86361474075551,277.8704909010618,1.0,26.359164995609127,275.72776172495134,1.0,49.88872307453832,275.41599969909225,1.0,30.36065862098906,348.5628007305427,1.0,72.89115763742694,343.8850235065255,1.0,28.63435189329228,419.17678077768,1.0,43.88323650200103,405.5079624585235,1.0,53.6084892648761,429.9922120201344,1.0,49.32485692437437,427.9581619835219,1.0,25.4573896676068,434.2223759867749,1.0,71.94186127606066,425.821983559537,1.0,65.52771015524813,426.9515082096508,1.0,35.4763709704703,417.9594576433069,1.0,1.0,5.766666666666667,48.84749814479025,161.32980028669226,False,16.87018904646294,191.7874304217113,False,50.477453338626525,199.1051861006365,False,37.81985377515498,193.6645958326796,False,53.52327568675018,247.4351948159401,False,64.5153339870545,176.35982862565297,False,83.86361474075551,277.8704909010618,False,26.359164995609127,275.72776172495134,False,49.88872307453832,275.41599969909225,False,30.36065862098906,348.5628007305427,False,72.89115763742694,343.8850235065255,False,28.63435189329228,419.17678077768,False,43.88323650200103,405.5079624585235,False,True,138.69560824034747,175.4549445740487,136.22213447408214,48.425889524072254,42.97491619190231,91.40080571597456,1.0588002281202449,1.105173453269714,1.097561835539416,0.8874367949511739,True,True,True,True,1.1565017268122233,False,0.039330182378963,False,True,138.69560824034747,valid,-0.273991089338395,-0.23916425020388488,0.3636903292808688,21.821419756852205,50.127553724850785,35.89888261380923,235.50909448659783,13.044874181211442,47.96473212694628,42.361396414464,0.558001867459106,33.48011204754648,62.52221563662935,216.91146669821208,0.10050572417866223,0.15420366522507215,0.2879666231543301,False
347,347,5.783333333333333,5.783333333333333,Sports2D_HALPE26_postprocessed,50.35265083035276,161.4972284131422,1.0,17.583121808939637,191.72070835905663,1.0,49.833500745973616,199.5247989698553,1.0,40.06765781466321,192.3044519934288,1.0,52.90717429327554,249.18191692132663,1.0,66.89408467139455,175.36657069650158,1.0,83.6257217417822,277.06961697594073,1.0,26.273995944055784,276.0129648324336,1.0,50.06912223375264,275.5904386257153,1.0,30.32487924770539,348.70604643573586,1.0,71.82509084086881,344.34895024257355,1.0,28.614244793384863,419.1722422935711,1.0,42.7489828444888,406.2797844142414,1.0,53.93440124160652,430.0584790016964,1.0,48.78597088165523,427.89680954470623,1.0,25.185498809788776,434.19499633658734,1.0,71.13531906777331,425.6570948939601,1.0,65.23829375304872,426.9923480826952,1.0,34.73333727317378,418.6597535704808,1.0,1.0,5.783333333333333,50.35265083035276,161.4972284131422,False,17.583121808939637,191.72070835905663,False,49.833500745973616,199.5247989698553,False,40.06765781466321,192.3044519934288,False,52.90717429327554,249.18191692132663,False,66.89408467139455,175.36657069650158,False,83.6257217417822,277.06961697594073,False,26.273995944055784,276.0129648324336,False,50.06912223375264,275.5904386257153,False,30.32487924770539,348.70604643573586,False,71.82509084086881,344.34895024257355,False,28.614244793384863,419.1722422935711,False,42.7489828444888,406.2797844142414,False,True,135.77657337944353,175.4198063633449,137.29230315163264,49.75215404705327,41.48919102226842,91.24134506932168,1.0877981297237258,1.0669654900708605,1.095646995526074,0.8339174819050021,True,True,True,True,2.9190348609039347,False,0.0535193130461717,False,True,135.77657337944353,valid,-0.23789299897330807,-0.8008739251210955,0.8354592287475101,50.127553724850785,50.127553724850785,35.939935183180424,235.7122276967652,12.434399554846841,47.68578655860178,41.35738927917552,1.0420369272771521,62.52221563662935,62.52221563662935,217.11222740947855,0.2308789320107779,0.2879666231543301,0.2879666231543301,False
348,348,5.8,5.8,Sports2D_HALPE26_postprocessed,51.113671443171285,161.89948292867606,1.0,18.247739271299213,191.73422813632044,1.0,49.03053160071561,199.8338850346493,1.0,42.65877584682278,189.26378870023848,1.0,52.0315272219167,249.81073721746364,1.0,69.96824163741007,175.38228590798383,1.0,82.97946412636529,276.4017053868778,1.0,26.621523928153803,276.1612319853374,1.0,50.33704881548198,275.81536052469073,1.0,30.60528081075789,348.8920855584612,1.0,71.28961511221803,344.71460785794807,1.0,28.614420417273383,419.1589483095592,1.0,42.1320167228513,406.6561428697204,1.0,55.66136668148914,430.2725778824717,1.0,47.06929264733888,428.18015700442606,1.0,25.043663515553188,434.1935303031132,1.0,69.06556765495867,425.4805109251519,1.0,64.43335636212657,426.6051198349835,1.0,34.15314922794835,418.8252339647186,1.0,1.0,5.8,51.113671443171285,161.89948292867606,False,18.247739271299213,191.73422813632044,False,49.03053160071561,199.8338850346493,False,42.65877584682278,189.26378870023848,False,52.0315272219167,249.81073721746364,False,69.96824163741007,175.38228590798383,False,82.97946412636529,276.4017053868778,False,26.621523928153803,276.1612319853374,False,50.33704881548198,275.81536052469073,False,30.60528081075789,348.8920855584612,False,71.28961511221803,344.71460785794807,False,28.614420417273383,419.1589483095592,False,42.1320167228513,406.6561428697204,False,True,134.1060592819629,175.2418976439378,137.87758430276054,50.06687256880882,40.80262720497942,90.86949977378823,1.0946792432335313,1.0493093275444447,1.0911817919438365,0.8149625712870883,True,True,True,True,1.670514097480634,False,0.0189549106179138,False,True,134.1060592819629,valid,-0.6462576154169142,-0.6679115890629532,0.9293840951344903,55.76304570806961,50.127553724850785,36.05921090391266,235.88617642024946,12.65485999325047,46.92025322245263,40.515528966628324,1.1378796397676285,68.27277838605795,62.52221563662935,217.13041362658797,0.2568350434456719,0.31445273084146497,0.2879666231543301,False
349,349,5.816666666666666,5.816666666666666,Sports2D_HALPE26_postprocessed,52.01142845303968,162.22599795848964,1.0,19.291188261494835,191.60015510608093,1.0,48.5750287624967,200.6471329521325,1.0,45.19880668259826,188.2305111829699,1.0,51.0786191778789,251.1235915442782,1.0,73.02839876509445,175.23463649152768,1.0,82.60218201593807,276.2318355609746,1.0,26.924697940357625,276.2151210217013,1.0,50.30236833070626,276.2206503323327,1.0,31.24603676783344,348.88475195264584,1.0,70.48630085696352,344.9180252740227,1.0,28.60513942310285,419.26549935865626,1.0,41.548984435396086,407.3396174605652,1.0,56.51936010616257,430.3259028874516,1.0,46.356110337287575,428.1282106591808,1.0,24.79989868084352,434.1794785675737,1.0,68.92055346808914,425.4481489203633,1.0,63.96376524109272,426.8335410327513,1.0,33.68687165676154,419.05138930701065,1.0,1.0,5.816666666666666,52.01142845303968,162.22599795848964,False,19.291188261494835,191.60015510608093,False,48.5750287624967,200.6471329521325,False,45.19880668259826,188.2305111829699,False,51.0786191778789,251.1235915442782,False,73.02839876509445,175.23463649152768,False,82.60218201593807,276.2318355609746,False,26.924697940357625,276.2151210217013,False,50.30236833070626,276.2206503323327,False,31.24603676783344,348.88475195264584,False,70.48630085696352,344.9180252740227,False,28.60513942310285,419.26549935865626,False,41.548984435396086,407.3396174605652,False,True,131.37651340877557,174.44798124618515,138.75528626053045,50.53850845615247,40.30085522178203,90.8393636779345,1.1049912517483345,1.036405403009771,1.0908199107938603,0.7974286628729319,True,True,True,True,2.729545873187334,False,0.0175339084141563,False,True,131.37651340877557,valid,-0.3772821104272168,-0.16986982590316302,0.4137602549796024,24.82561529877623,24.82561529877623,36.273320823763854,236.17076485306183,21.36822598929157,46.328861192174216,40.06107070791279,0.7458396894719257,44.7503813683157,44.7503813683157,217.18192715075332,0.11434253460987032,0.2061125965592389,0.2061125965592389,False
350,350,5.833333333333333,5.833333333333333,Sports2D_HALPE26_postprocessed,52.163799148892096,162.3514988726415,1.0,20.334703131319,191.29219658390872,1.0,48.14297918706339,201.8243228780676,1.0,46.77989694252851,188.0604170748053,1.0,49.59750325453074,251.9386403778475,1.0,75.04168682313008,174.97537378210453,1.0,82.39669954357579,276.1124695604168,1.0,26.83476314102348,276.11460902642847,1.0,49.801597322539294,276.3495684431733,1.0,31.35582663119753,348.8909758628925,1.0,69.85260576587231,345.26655175432666,1.0,28.53702898637485,419.3233114248105,1.0,41.2261106010662,409.237194420504,1.0,56.89166812274421,429.62129542734897,1.0,44.73511516487584,427.4146008894402,1.0,24.66368411826409,434.1680733531125,1.0,67.9674305575145,425.4607918262541,1.0,62.98493629357061,426.9093564849105,1.0,33.61956201005111,420.40354773491975,1.0,1.0,5.833333333333333,52.163799148892096,162.3514988726415,False,20.334703131319,191.29219658390872,False,48.14297918706339,201.8243228780676,False,46.77989694252851,188.0604170748053,False,49.59750325453074,251.9386403778475,False,75.04168682313008,174.97537378210453,False,82.39669954357579,276.1124695604168,False,26.83476314102348,276.11460902642847,False,49.801597322539294,276.3495684431733,False,31.35582663119753,348.8909758628925,False,69.85260576587231,345.26655175432666,False,28.53702898637485,419.3233114248105,False,41.2261106010662,409.237194420504,False,True,128.0536375962243,174.1533686766283,139.66970086174643,50.135421198306375,40.74507693642688,90.88049813473326,1.096178013937852,1.0478293239826275,1.091313862784265,0.8127004014838773,True,True,True,True,3.322875812551274,False,0.0152717386109454,False,True,128.0536375962243,valid,-0.20548247236227724,-0.1193660005578181,0.23763688378970774,14.258213027382515,24.82561529877623,36.27851069548629,236.3951742328945,13.468163062993387,46.1181888480895,39.717295327522294,0.40319269428497667,24.191561657098685,44.7503813683157,217.72294187671372,0.06567088859379672,0.11142219206868856,0.2061125965592389,False
351,351,5.85,5.85,Sports2D_HALPE26_postprocessed,52.48309125043559,162.32496416849537,1.0,21.329856286663748,190.95726044178235,1.0,47.95859033289391,203.37557003924547,1.0,48.39747555407845,186.92352233736105,1.0,47.99178189410691,252.0667540887239,1.0,76.98285951209233,175.08716669587312,1.0,81.87045645386368,275.6747371218611,1.0,26.842105059763394,276.19664114761395,1.0,49.76902838722864,276.6485853561154,1.0,31.62753312936444,348.9283598188765,1.0,68.93397737761674,345.5324599817982,1.0,28.639084036930942,419.4123689268109,1.0,41.19736086911132,411.2038175687323,1.0,57.588306524820304,429.10469905866296,1.0,45.25655987117796,426.9135325370817,1.0,24.490392119651904,434.140463393775,1.0,66.94131708700534,426.0037785742277,1.0,61.962178767999625,427.5196214700512,1.0,33.52945753602983,422.195012475836,1.0,1.0,5.85,52.48309125043559,162.32496416849537,False,21.329856286663748,190.95726044178235,False,47.95859033289391,203.37557003924547,False,48.39747555407845,186.92352233736105,False,47.99178189410691,252.0667540887239,False,76.98285951209233,175.08716669587312,False,81.87045645386368,275.6747371218611,False,26.842105059763394,276.19664114761395,False,49.76902838722864,276.6485853561154,False,31.62753312936444,348.9283598188765,False,68.93397737761674,345.5324599817982,False,28.639084036930942,419.4123689268109,False,41.19736086911132,411.2038175687323,False,True,124.90934656300198,173.8077871704605,141.5553087470097,48.691195362405296,41.292874116714174,89.98406947911947,1.064600965802286,1.0619168651595805,1.0805493419140328,0.8480562822369442,True,True,True,True,3.1442910332223164,False,0.0353558807530668,False,True,124.90934656300198,valid,-0.5262430897121106,-0.4377324385557131,0.6845008964447598,41.07005378668573,41.07005378668573,36.47489501663742,236.7945142461893,26.70096050939341,45.39556143722626,38.88022287567179,1.1058393484489153,66.35036090693515,66.35036090693515,218.14185008693903,0.1891616376881841,0.30559840499714025,0.30559840499714025,False
352,352,5.866666666666666,5.866666666666666,Sports2D_HALPE26_postprocessed,52.608833762457486,162.5243798334539,1.0,22.48387806221908,190.90123635315257,1.0,47.64937723857825,204.8412422585984,1.0,48.29731609738842,185.5049707429441,1.0,46.47454480116871,252.15923618048657,1.0,78.96368539391511,175.98964904697198,1.0,80.68182004933455,275.18852899137033,1.0,27.19778961969932,276.25713896073205,1.0,49.46064866185675,276.8436458037965,1.0,31.86895470459388,348.99810601406455,1.0,68.54561937463345,346.01756397177365,1.0,28.76654162160154,418.8295507330695,1.0,41.37596911755664,411.67907948646393,1.0,60.75341390800904,429.9800157766738,1.0,46.82573941557542,427.9752791610516,1.0,24.28223359189932,434.1879758558271,1.0,62.091928341457965,426.3722741246411,1.0,57.76403819336903,428.221592722149,1.0,33.41602662487399,423.6513643876039,1.0,1.0,5.866666666666666,52.608833762457486,162.5243798334539,False,22.48387806221908,190.90123635315257,False,47.64937723857825,204.8412422585984,False,48.29731609738842,185.5049707429441,False,46.47454480116871,252.15923618048657,False,78.96368539391511,175.98964904697198,False,80.68182004933455,275.18852899137033,False,27.19778961969932,276.25713896073205,False,49.46064866185675,276.8436458037965,False,31.86895470459388,348.99810601406455,False,68.54561937463345,346.01756397177365,False,28.76654162160154,418.8295507330695,False,41.37596911755664,411.67907948646393,False,True,122.52726756712512,173.7818984959837,142.09694279744784,47.33257630900556,41.23694953889292,88.56952584789849,1.0348956536685137,1.060478669014709,1.063563177599924,0.8712170930583198,True,True,True,True,2.382078995876853,False,0.0231608108213756,False,True,122.52726756712512,valid,-1.1886364045291344,-0.48620813049075196,1.2842331752167362,77.05399051300445,41.07005378668573,36.69792339558835,237.21081584406988,28.33681777432829,43.9838966537462,37.97771314730045,1.675506272958334,100.5303763775004,66.35036090693515,217.3830758531494,0.35489749079839095,0.463025705584597,0.30559840499714025,False
353,353,5.883333333333333,5.883333333333333,Sports2D_HALPE26_postprocessed,53.52537574777441,162.70671184804087,1.0,22.843064415886523,190.44585130249493,1.0,46.85221676321527,204.8259447058724,1.0,50.60852286862588,185.0295765620488,1.0,45.93190094654908,252.3089605307572,1.0,81.8580303503675,177.1780487732687,1.0,80.0611664954522,275.02809650063745,1.0,27.40366594434791,276.3966902040695,1.0,49.39830966030586,277.3015160620044,1.0,31.931904455799263,349.00179541405174,1.0,67.64879306584145,346.13087960684675,1.0,28.83385850375564,418.6051177541594,1.0,41.35290762594276,412.9075949688872,1.0,57.06209496086748,429.9413879709248,1.0,50.3644137947834,427.912647401006,1.0,24.30444749468754,434.15755609888834,1.0,61.781916974290326,427.2971648376201,1.0,58.16055972630159,429.8321974897876,1.0,33.306261656213564,424.7981015232328,1.0,1.0,5.883333333333333,53.52537574777441,162.70671184804087,False,22.843064415886523,190.44585130249493,False,46.85221676321527,204.8259447058724,False,50.60852286862588,185.0295765620488,False,45.93190094654908,252.3089605307572,False,81.8580303503675,177.1780487732687,False,80.0611664954522,275.02809650063745,False,27.40366594434791,276.3966902040695,False,49.39830966030586,277.3015160620044,False,31.931904455799263,349.00179541405174,False,67.64879306584145,346.13087960684675,False,28.83385850375564,418.6051177541594,False,41.35290762594276,412.9075949688872,False,True,122.54050550581934,173.88264197459227,143.6555120106795,47.491933768048085,40.99958421893388,88.49151798698196,1.0383798997122131,1.0543744139377664,1.0626264413168751,0.8632957423712622,True,True,True,True,0.0132379386942176,False,0.0079213506870576,False,True,122.54050550581934,valid,-0.6206535538823488,-0.16043249073288735,0.6410533659763028,38.4632019585783,77.05399051300445,36.624314195938894,237.2425005686103,4.808331285596475,43.436852299513305,37.78559593202715,0.5797987149886178,34.78792289931719,100.5303763775004,218.12059678851998,0.17715492438859987,0.1602272181474091,0.463025705584597,False
354,354,5.9,5.9,Sports2D_HALPE26_postprocessed,54.27957244215468,162.61233248723738,1.0,23.60140130159564,190.12569690160083,1.0,46.28688183759832,205.68960791477627,1.0,51.91154297746244,184.6077943646299,1.0,43.09180791724042,252.15872113696224,1.0,83.32217428304948,177.99094289342094,1.0,78.41650526840091,274.37744701838926,1.0,28.20661171414026,276.5793250397491,1.0,49.33185505847806,277.516569771793,1.0,32.303818128287546,349.03194486360746,1.0,66.79050502373791,346.4072593496295,1.0,29.01564213634655,417.6944492627716,1.0,41.86395246928147,412.5621061933228,1.0,55.746970195102,430.395483620656,1.0,50.04297770318778,428.86573737282106,1.0,24.20019516881303,434.1999732348343,1.0,59.08694964002733,428.9969333004351,1.0,55.2220386138154,432.0326603128758,1.0,33.68004763506964,425.1274434873688,1.0,1.0,5.9,54.27957244215468,162.61233248723738,False,23.60140130159564,190.12569690160083,False,46.28688183759832,205.68960791477627,False,51.91154297746244,184.6077943646299,False,43.09180791724042,252.15872113696224,False,83.32217428304948,177.99094289342094,False,78.41650526840091,274.37744701838926,False,28.20661171414026,276.5793250397491,False,49.33185505847806,277.516569771793,False,32.303818128287546,349.03194486360746,False,66.79050502373791,346.4072593496295,False,29.01564213634655,417.6944492627716,False,41.86395246928147,412.5621061933228,False,True,118.23600968345583,174.0216216864058,145.13323137124695,46.57882545763568,41.731355390702085,88.31018084833777,1.018415386992575,1.0731931608852865,1.0604489033708722,0.895929748779465,True,True,True,True,4.304495822363506,False,0.0326340064082028,False,True,118.23600968345583,valid,-1.6446612270512873,-0.6506494822481841,1.7686874513366333,106.12124708019272,78.28061713648262,36.85668747795307,237.4777999069798,19.842057226814564,41.55981779044784,36.89964711140945,2.075611683571022,124.53670101425512,81.28739993663201,217.2211908147,0.48877629903931064,0.5735947276450177,0.37439584996142633,False
355,355,5.916666666666667,5.916666666666667,Sports2D_HALPE26_postprocessed,55.01187718409777,162.81785697020578,1.0,24.571756676313782,189.6117406178736,1.0,45.624327851558014,206.07826022579275,1.0,53.05815053975865,184.482356543026,1.0,42.29898738820231,252.07327807282348,1.0,85.39328820630594,179.01911576338756,1.0,77.11226751577469,274.4112971944792,1.0,28.32784808060809,276.728977917106,1.0,49.09535914408068,277.9511677846723,1.0,32.53422105155419,349.16478256770824,1.0,66.12754076231568,346.7567046966663,1.0,29.08683019895244,417.87763264363394,1.0,41.74330620719859,414.3473392490133,1.0,55.06913216287112,430.42307602354254,1.0,50.630889202374576,429.15062896210856,1.0,24.31787278726923,434.1275926115399,1.0,57.777724966992494,429.9174274439364,1.0,54.29440730370937,432.8213536165582,1.0,33.76178069606586,426.4570441206762,1.0,1.0,5.916666666666667,55.01187718409777,162.81785697020578,False,24.571756676313782,189.6117406178736,False,45.624327851558014,206.07826022579275,False,53.05815053975865,184.482356543026,False,42.29898738820231,252.07327807282348,False,85.39328820630594,179.01911576338756,False,77.11226751577469,274.4112971944792,False,28.32784808060809,276.728977917106,False,49.09535914408068,277.9511677846723,False,32.53422105155419,349.16478256770824,False,66.12754076231568,346.7567046966663,False,29.08683019895244,417.87763264363394,False,41.74330620719859,414.3473392490133,False,True,118.55118462794412,173.8043690731403,146.25884958689662,46.11506864297078,41.363650365028,87.47871900799879,1.0082756492203773,1.063736997406242,1.050464518916984,0.8969660369644266,True,True,True,True,0.315174944488291,False,0.0010362881849615,False,True,118.55118462794412,valid,-1.3042377526262214,0.033850176089913475,1.3046769522747057,78.28061713648262,78.28061713648262,36.90482293814014,237.59253663636116,7.465490107660693,40.20744457763455,36.818760558118015,1.354789998943862,81.28739993663201,91.07543483554623,218.26771575894992,0.360547123061699,0.37439584996142633,0.4194778632659219,False
356,356,5.933333333333334,5.933333333333334,Sports2D_HALPE26_postprocessed,55.65269853778665,162.77905934012523,1.0,24.92577764076298,189.84087351133525,1.0,45.44705858813823,206.31927324004644,1.0,53.74129687782748,184.9808925017529,1.0,41.526600145730974,252.07914756509587,1.0,86.50806096697636,180.12199649138194,1.0,75.94868266485017,274.0772006069911,1.0,29.41374395170553,276.7875447792523,1.0,48.96326663133468,277.9301088451477,1.0,32.50554716585583,349.2335246498077,1.0,65.39035633560084,346.8454145608466,1.0,29.22781959011069,417.4699610459123,1.0,42.23521027916666,413.6762694224213,1.0,53.94283567791096,430.40826490803136,1.0,49.88143299230778,429.8186944142425,1.0,24.19797970181783,434.0623318686597,1.0,57.78889228725985,430.6017442198352,1.0,54.31145352808942,433.19208894823566,1.0,34.28744023470942,427.187569500539,1.0,1.0,5.933333333333334,55.65269853778665,162.77905934012523,False,24.92577764076298,189.84087351133525,False,45.44705858813823,206.31927324004644,False,53.74129687782748,184.9808925017529,False,41.526600145730974,252.07914756509587,False,86.50806096697636,180.12199649138194,False,75.94868266485017,274.0772006069911,False,29.41374395170553,276.7875447792523,False,48.96326663133468,277.9301088451477,False,32.50554716585583,349.2335246498077,False,65.39035633560084,346.8454145608466,False,29.22781959011069,417.4699610459123,False,42.23521027916666,413.6762694224213,False,True,117.68451149080651,174.80616944019093,147.48293777415432,45.92750910557811,40.8508763992535,86.77838550483162,1.0041747832800878,1.0505501380771576,1.0420547536068785,0.8894642273184368,True,True,True,True,0.8666731371376102,False,0.0075018096459897,False,True,117.68451149080651,valid,-1.1635848509245221,-0.3340965874880908,1.210599122365546,72.63594734193302,75.45828223920782,37.18746170298536,237.71945009394543,18.589516120469764,38.76122096186481,36.35775051304566,1.5179239139257652,91.07543483554623,86.18141738608912,217.49372493797645,0.33454874019880204,0.4194778632659219,0.3969368566136741,False
