frame,frame_idx,time,timestamp_sec,pose_source,nose_x,nose_y,nose_conf,left_shoulder_x,left_shoulder_y,left_shoulder_conf,right_shoulder_x,right_shoulder_y,right_shoulder_conf,left_elbow_x,left_elbow_y,left_elbow_conf,right_elbow_x,right_elbow_y,right_elbow_conf,left_wrist_x,left_wrist_y,left_wrist_conf,right_wrist_x,right_wrist_y,right_wrist_conf,left_hip_x,left_hip_y,left_hip_conf,right_hip_x,right_hip_y,right_hip_conf,left_knee_x,left_knee_y,left_knee_conf,right_knee_x,right_knee_y,right_knee_conf,left_ankle_x,left_ankle_y,left_ankle_conf,right_ankle_x,right_ankle_y,right_ankle_conf,left_big_toe_x,left_big_toe_y,left_big_toe_conf,left_small_toe_x,left_small_toe_y,left_small_toe_conf,left_heel_x,left_heel_y,left_heel_conf,right_big_toe_x,right_big_toe_y,right_big_toe_conf,right_small_toe_x,right_small_toe_y,right_small_toe_conf,right_heel_x,right_heel_y,right_heel_conf,sports2d_core_valid_ratio,timestamp,nose_x_clean,nose_y_clean,nose_invalid,left_shoulder_x_clean,left_shoulder_y_clean,left_shoulder_invalid,right_shoulder_x_clean,right_shoulder_y_clean,right_shoulder_invalid,left_elbow_x_clean,left_elbow_y_clean,left_elbow_invalid,right_elbow_x_clean,right_elbow_y_clean,right_elbow_invalid,left_wrist_x_clean,left_wrist_y_clean,left_wrist_invalid,right_wrist_x_clean,right_wrist_y_clean,right_wrist_invalid,left_hip_x_clean,left_hip_y_clean,left_hip_invalid,right_hip_x_clean,right_hip_y_clean,right_hip_invalid,left_knee_x_clean,left_knee_y_clean,left_knee_invalid,right_knee_x_clean,right_knee_y_clean,right_knee_invalid,left_ankle_x_clean,left_ankle_y_clean,left_ankle_invalid,right_ankle_x_clean,right_ankle_y_clean,right_ankle_invalid,sports2d_ab_prepared
0,0,0.0,0.0,Sports2D_HALPE26_postprocessed,141.48497415632846,157.17081334438467,1.0,105.42369720137218,192.16167507659904,1.0,168.403756786246,196.7663974778368,1.0,100.87731468641496,238.38088794297863,1.0,169.9137370906828,241.93595969812603,1.0,128.29163691286445,238.88942792675465,1.0,141.98885772153653,237.3538586655685,1.0,117.6405536995622,289.63152700499154,1.0,152.13436588256678,289.13448609809194,1.0,111.54392020692258,357.67890273398547,1.0,153.669112884231,358.701060873924,1.0,104.44199149886308,425.7459274708677,1.0,157.7162669908948,425.701997111009,1.0,101.89499291378525,433.3183919287493,1.0,96.25705901293357,434.3589035057525,1.0,103.98079468781268,437.8321540150678,1.0,167.8950307449973,433.3217174688513,1.0,171.47813893649916,436.8768587389429,1.0,155.71027976204647,436.8704885420329,1.0,1.0,0.0,141.48497415632846,157.17081334438467,False,105.42369720137218,192.16167507659904,False,168.403756786246,196.7663974778368,False,100.87731468641496,238.38088794297863,False,169.9137370906828,241.93595969812603,False,128.29163691286445,238.88942792675465,False,141.98885772153653,237.3538586655685,False,117.6405536995622,289.63152700499154,False,152.13436588256678,289.13448609809194,False,111.54392020692258,357.67890273398547,False,153.669112884231,358.701060873924,False,104.44199149886308,425.7459274708677,False,157.7162669908948,425.701997111009,False,True
1,1,0.0166666666666666,0.0166666666666666,Sports2D_HALPE26_postprocessed,141.4904987686295,157.18237312276764,1.0,105.41842979474444,192.147761275718,1.0,168.41452002918408,196.77377114437508,1.0,100.88201743067718,238.38353275985537,1.0,169.919112918849,241.94053514944864,1.0,128.2986517154716,238.90239794673693,1.0,141.99180105772098,237.3245416811621,1.0,117.6501432502271,289.60214498832863,1.0,152.13099164800408,289.1230614799477,1.0,111.55479489652944,357.68092665460205,1.0,153.67480929209776,358.70578392624526,1.0,104.45191611131294,425.7892369853174,1.0,157.709549187957,425.7015796550629,1.0,101.9015896936679,433.3194279157021,1.0,96.22401190187088,434.39014213854654,1.0,104.0497254426564,437.8009472016312,1.0,167.91129806494936,433.3253655889886,1.0,171.51938591376194,436.8843847816168,1.0,155.7180555780988,436.8700748194237,1.0,1.0,0.0166666666666666,141.4904987686295,157.18237312276764,False,105.41842979474444,192.147761275718,False,168.41452002918408,196.77377114437508,False,100.88201743067718,238.38353275985537,False,169.919112918849,241.94053514944864,False,128.2986517154716,238.90239794673693,False,141.99180105772098,237.3245416811621,False,117.6501432502271,289.60214498832863,False,152.13099164800408,289.1230614799477,False,111.55479489652944,357.68092665460205,False,153.67480929209776,358.70578392624526,False,104.45191611131294,425.7892369853174,False,157.709549187957,425.7015796550629,False,True
2,2,0.0333333333333333,0.0333333333333333,Sports2D_HALPE26_postprocessed,141.50217695409214,157.20051510311197,1.0,105.411139901674,192.12310050797612,1.0,168.43125175431015,196.784857762184,1.0,100.888672305825,238.3879858674191,1.0,169.9303790447792,241.9491765042013,1.0,128.31077464995548,238.9533717176596,1.0,142.0005065683115,237.1700101007576,1.0,117.66332759850648,289.522946125664,1.0,152.12564829610258,289.09372928399085,1.0,111.57295996626542,357.684677806639,1.0,153.68662963613107,358.71279122814394,1.0,104.46559475442557,425.8734624355544,1.0,157.6969948677623,425.70069984092993,1.0,101.91216272973094,433.32154448407175,1.0,96.16667461187195,434.4598443605462,1.0,104.17863961001022,437.74313331955045,1.0,167.9435587396688,433.3322934342903,1.0,171.59356956809734,436.9024065880099,1.0,155.73024648648874,436.8691791214228,1.0,1.0,0.0333333333333333,141.50217695409214,157.20051510311197,False,105.411139901674,192.12310050797612,False,168.43125175431015,196.784857762184,False,100.888672305825,238.3879858674191,False,169.9303790447792,241.9491765042013,False,128.31077464995548,238.9533717176596,False,142.0005065683115,237.1700101007576,False,117.66332759850648,289.522946125664,False,152.12564829610258,289.09372928399085,False,111.57295996626542,357.684677806639,False,153.68662963613107,358.71279122814394,False,104.46559475442557,425.8734624355544,False,157.6969948677623,425.70069984092993,False,True
3,3,0.05,0.05,Sports2D_HALPE26_postprocessed,141.51946777593326,157.23069625836578,1.0,105.396766984173,192.08495093850308,1.0,168.45267534228898,196.8050751818297,1.0,100.89454943356746,238.39996432543248,1.0,169.94726941593098,241.97150989054248,1.0,128.32738558660512,239.1919129317852,1.0,142.0132016231691,237.42498190260875,1.0,117.67954505518914,289.3252429744249,1.0,152.11328026866204,289.028848660799,1.0,111.59751578750164,357.6991900700778,1.0,153.70423695731688,358.72724834577286,1.0,104.4822080819635,425.8337355725606,1.0,157.66771490909034,425.7100385516324,1.0,101.92520264362147,433.3366742609466,1.0,96.07162712155316,434.6205576302451,1.0,104.18897418434511,437.6307769676705,1.0,167.9999979402878,433.35473194353006,1.0,171.7067176797866,436.9609793455559,1.0,155.74648662764304,436.8792928044986,1.0,1.0,0.05,141.51946777593326,157.23069625836578,False,105.396766984173,192.08495093850308,False,168.45267534228898,196.8050751818297,False,100.89454943356746,238.39996432543248,False,169.94726941593098,241.97150989054248,False,128.32738558660512,239.1919129317852,False,142.0132016231691,237.42498190260875,False,117.67954505518914,289.3252429744249,False,152.11328026866204,289.028848660799,False,111.59751578750164,357.6991900700778,False,153.70423695731688,358.72724834577286,False,104.4822080819635,425.8337355725606,False,157.66771490909034,425.7100385516324,False,True
4,4,0.0666666666666666,0.0666666666666666,Sports2D_HALPE26_postprocessed,141.54671483510427,157.27668588630186,1.0,105.36860792455354,192.03067621757384,1.0,168.4788366837471,196.845396902471,1.0,100.89857660675511,238.4283302195085,1.0,169.9745901095216,242.02461491006085,1.0,128.35115819857475,239.5792884060941,1.0,142.03454492316024,237.625082135182,1.0,117.70087265165076,289.25049788038393,1.0,152.08950050232144,288.8831679905789,1.0,111.6295144766859,357.7409268781677,1.0,153.73218535580082,358.7545753950608,1.0,104.50399200037408,425.8488626188112,1.0,157.60737900988133,425.7536420709982,1.0,101.94100021042404,433.39008162135406,1.0,96.06179993839623,434.7161212592283,1.0,104.26957360884413,437.6669952048853,1.0,168.09606001283072,433.4148922226168,1.0,171.71380989406734,437.1300011058275,1.0,155.76908114547723,436.9271404175534,1.0,1.0,0.0666666666666666,141.54671483510427,157.27668588630186,False,105.36860792455354,192.03067621757384,False,168.4788366837471,196.845396902471,False,100.89857660675511,238.4283302195085,False,169.9745901095216,242.02461491006085,False,128.35115819857475,239.5792884060941,False,142.03454492316024,237.625082135182,False,117.70087265165076,289.25049788038393,False,152.08950050232144,288.8831679905789,False,111.6295144766859,357.7409268781677,False,153.73218535580082,358.7545753950608,False,104.50399200037408,425.8488626188112,False,157.60737900988133,425.7536420709982,False,True
5,5,0.0833333333333333,0.0833333333333333,Sports2D_HALPE26_postprocessed,141.6065482335178,157.3416803441869,1.0,105.31819948991776,192.0916415414406,1.0,168.51285114604977,196.9199056788948,1.0,100.90408610083428,238.47105952357813,1.0,170.03472299367772,242.11509924199288,1.0,128.3983903782212,239.63219122546565,1.0,142.10693965603255,237.6252773162918,1.0,117.73713515266256,289.26034267940287,1.0,152.0560012000288,288.8898205871667,1.0,111.67555826456038,357.8149192254548,1.0,153.79224812349696,358.79733469155127,1.0,104.5409066991478,425.9272998008,1.0,157.50845888773006,425.8507413018875,1.0,101.96876743841707,433.500321866856,1.0,96.00984986193136,434.7601994834394,1.0,104.27668660953034,437.9012508256675,1.0,168.0685994818025,433.52081593880064,1.0,171.65912153775935,437.48654996943424,1.0,155.81037374171962,437.0372484039274,1.0,1.0,0.0833333333333333,141.6065482335178,157.3416803441869,False,105.31819948991776,192.0916415414406,False,168.51285114604977,196.9199056788948,False,100.90408610083428,238.47105952357813,False,170.03472299367772,242.11509924199288,False,128.3983903782212,239.63219122546565,False,142.10693965603255,237.6252773162918,False,117.73713515266256,289.26034267940287,False,152.0560012000288,288.8898205871667,False,111.67555826456038,357.8149192254548,False,153.79224812349696,358.79733469155127,False,104.5409066991478,425.9272998008,False,157.50845888773006,425.8507413018875,False,True
6,6,0.1,0.1,Sports2D_HALPE26_postprocessed,141.65298747919087,157.4037788230117,1.0,105.31504884742556,192.09304233377628,1.0,168.5344763525546,196.9841856024234,1.0,100.88046468724524,238.46924491005703,1.0,170.07999471362564,242.17216906115425,1.0,128.4306434223132,239.65604613450088,1.0,142.18761190781737,237.58879328815345,1.0,117.75821016363597,289.1543961177589,1.0,152.06860762690445,288.8814284785744,1.0,111.70230415112098,357.84502141131,1.0,153.83851166598353,358.8038663051884,1.0,104.56381731143108,425.99476287375023,1.0,157.45198628952022,425.9092364674389,1.0,101.73849861925318,433.58094411770304,1.0,95.96330619829509,434.8486875040753,1.0,104.326138890583,438.0779095053442,1.0,168.03460484638046,433.589338145375,1.0,171.60765140156866,437.6292656588205,1.0,155.83510307164187,437.1194078017435,1.0,1.0,0.1,141.65298747919087,157.4037788230117,False,105.31504884742556,192.09304233377628,False,168.5344763525546,196.9841856024234,False,100.88046468724524,238.46924491005703,False,170.07999471362564,242.17216906115425,False,128.4306434223132,239.65604613450088,False,142.18761190781737,237.58879328815345,False,117.75821016363597,289.1543961177589,False,152.06860762690445,288.8814284785744,False,111.70230415112098,357.84502141131,False,153.83851166598353,358.8038663051884,False,104.56381731143108,425.99476287375023,False,157.45198628952022,425.9092364674389,False,True
7,7,0.1166666666666666,0.1166666666666666,Sports2D_HALPE26_postprocessed,141.62663418302932,157.4283439068488,1.0,105.32762840344552,192.10934439543428,1.0,168.50769141421577,197.000498622354,1.0,100.88397512087852,238.5086328927169,1.0,170.0551226034117,242.186060819658,1.0,128.3754132976936,239.4141255845071,1.0,142.19709678927762,236.99152462238484,1.0,117.71192883225166,289.1714420944274,1.0,152.1001498418138,288.7951449578605,1.0,111.6903326694918,357.82127002123855,1.0,153.81681802983968,358.74315705305764,1.0,104.519890687153,426.0503437158244,1.0,157.39611139179146,425.9170590247717,1.0,101.57071489339762,433.6318847797265,1.0,95.86344305072538,434.9662403685864,1.0,104.37758096686852,438.14127787270775,1.0,168.08171562635383,433.6237015042774,1.0,171.62558860891096,437.6813709607077,1.0,155.78562225514477,437.17204993898815,1.0,1.0,0.1166666666666666,141.62663418302932,157.4283439068488,False,105.32762840344552,192.10934439543428,False,168.50769141421577,197.000498622354,False,100.88397512087852,238.5086328927169,False,170.0551226034117,242.186060819658,False,128.3754132976936,239.4141255845071,False,142.19709678927762,236.99152462238484,False,117.71192883225166,289.1714420944274,False,152.1001498418138,288.7951449578605,False,111.6903326694918,357.82127002123855,False,153.81681802983968,358.74315705305764,False,104.519890687153,426.0503437158244,False,157.39611139179146,425.9170590247717,False,True
8,8,0.1333333333333333,0.1333333333333333,Sports2D_HALPE26_postprocessed,141.63919308456394,157.42907528842534,1.0,105.31207509143437,192.16218559981803,1.0,168.50063480558478,196.975187189489,1.0,100.88372273561052,238.5022102959806,1.0,170.06918655875256,242.17865823213043,1.0,128.32665234103004,239.1312613388864,1.0,142.3953837528287,235.2717618219733,1.0,117.6795100352905,288.9776893739395,1.0,152.12130266065986,288.5402522265129,1.0,111.69649231537788,357.8649640003856,1.0,153.83695505125547,358.7037930926179,1.0,104.4913105084459,426.1110371609144,1.0,157.37843812156385,425.8710237342202,1.0,101.37797666668824,433.6724815631523,1.0,95.75144073036812,434.9804464126677,1.0,104.39623733769533,438.18281084213936,1.0,168.1894198264009,433.64702065471664,1.0,171.6896451823497,437.7155842758703,1.0,155.74728368146123,437.2168541251747,1.0,1.0,0.1333333333333333,141.63919308456394,157.42907528842534,False,105.31207509143437,192.16218559981803,False,168.50063480558478,196.975187189489,False,100.88372273561052,238.5022102959806,False,170.06918655875256,242.17865823213043,False,128.32665234103004,239.1312613388864,False,142.3953837528287,235.2717618219733,False,117.6795100352905,288.9776893739395,False,152.12130266065986,288.5402522265129,False,111.69649231537788,357.8649640003856,False,153.83695505125547,358.7037930926179,False,104.4913105084459,426.1110371609144,False,157.37843812156385,425.8710237342202,False,True
9,9,0.15,0.15,Sports2D_HALPE26_postprocessed,141.644136710339,157.4264329873905,1.0,105.34611417041108,192.12686256598144,1.0,168.48789415942343,196.94376701157253,1.0,100.88195384284008,238.48821498784645,1.0,170.09817092438024,242.17616243662536,1.0,128.2698073047006,239.5221096179337,1.0,142.33883345322695,236.01704625626925,1.0,117.65091722026617,288.9785455178451,1.0,152.13786272984214,288.54422238710504,1.0,111.69026321406218,357.8095928390997,1.0,153.86783183543332,358.6735365780156,1.0,104.46978191744742,426.1626694847058,1.0,157.36237504009938,425.915460308899,1.0,101.37885679352004,433.8162571661171,1.0,95.77474787689088,435.0691134787006,1.0,104.41266391963296,438.1833223459269,1.0,168.34474911431275,433.6505985613383,1.0,171.78467663099815,437.7197283889448,1.0,155.66998590801984,437.2419852241472,1.0,1.0,0.15,141.644136710339,157.4264329873905,False,105.34611417041108,192.12686256598144,False,168.48789415942343,196.94376701157253,False,100.88195384284008,238.48821498784645,False,170.09817092438024,242.17616243662536,False,128.2698073047006,239.5221096179337,False,142.33883345322695,236.01704625626925,False,117.65091722026617,288.9785455178451,False,152.13786272984214,288.54422238710504,False,111.69026321406218,357.8095928390997,False,153.86783183543332,358.6735365780156,False,104.46978191744742,426.1626694847058,False,157.36237504009938,425.915460308899,False,True
10,10,0.1666666666666666,0.1666666666666666,Sports2D_HALPE26_postprocessed,141.71769884474674,157.39645812331042,1.0,105.37369755039546,192.11975177874268,1.0,168.4878620578162,196.8292596634544,1.0,100.87837950301277,238.52299965024872,1.0,170.2142930046555,242.15166824903065,1.0,128.17551447767414,238.3127353468545,1.0,142.59809051410545,233.7866935361049,1.0,117.62126929874142,288.9884549100784,1.0,152.1500476848529,288.62184388082494,1.0,111.69990101617506,357.8093326493613,1.0,153.98784438446796,358.670380056906,1.0,104.45009703168977,426.2338423563,1.0,157.39131219854244,425.9098309275026,1.0,101.3581487147042,433.8085310074756,1.0,95.77099474984246,435.1055280492687,1.0,104.4152966186502,438.1657771012264,1.0,168.41695715058032,433.6519680523775,1.0,171.81427762299762,437.72385448888485,1.0,155.5782483325147,437.2832385506522,1.0,1.0,0.1666666666666666,141.71769884474674,157.39645812331042,False,105.37369755039546,192.11975177874268,False,168.4878620578162,196.8292596634544,False,100.87837950301277,238.52299965024872,False,170.2142930046555,242.15166824903065,False,128.17551447767414,238.3127353468545,False,142.59809051410545,233.7866935361049,False,117.62126929874142,288.9884549100784,False,152.1500476848529,288.62184388082494,False,111.69990101617506,357.8093326493613,False,153.98784438446796,358.670380056906,False,104.45009703168977,426.2338423563,False,157.39131219854244,425.9098309275026,False,True
11,11,0.1833333333333333,0.1833333333333333,Sports2D_HALPE26_postprocessed,141.74748171722132,157.36748529379383,1.0,105.41878799040302,191.99933388841333,1.0,168.48727789770112,196.6472921406222,1.0,100.89218903353677,238.5553344560438,1.0,170.35038508028646,242.14868990918544,1.0,128.07391749362108,238.34375622033764,1.0,142.65162510746072,234.0776700135095,1.0,117.58501309772092,288.81230267820547,1.0,152.15808494189082,288.388971997593,1.0,111.6595614367788,357.85158379571186,1.0,154.11891779580606,358.6636678392668,1.0,104.46007405602704,426.3028480903547,1.0,157.36723096684688,426.01539816640377,1.0,101.41766629855836,433.8222174443541,1.0,95.82218850137014,435.0527500898072,1.0,104.44884573455236,438.1597143598405,1.0,168.56525463374868,433.6290310943244,1.0,171.84721770064124,437.69322109835537,1.0,155.51518835543305,437.323813999452,1.0,1.0,0.1833333333333333,141.74748171722132,157.36748529379383,False,105.41878799040302,191.99933388841333,False,168.48727789770112,196.6472921406222,False,100.89218903353677,238.5553344560438,False,170.35038508028646,242.14868990918544,False,128.07391749362108,238.34375622033764,False,142.65162510746072,234.0776700135095,False,117.58501309772092,288.81230267820547,False,152.15808494189082,288.388971997593,False,111.6595614367788,357.85158379571186,False,154.11891779580606,358.6636678392668,False,104.46007405602704,426.3028480903547,False,157.36723096684688,426.01539816640377,False,True
12,12,0.2,0.2,Sports2D_HALPE26_postprocessed,141.90831297839122,157.3245275540936,1.0,105.44646046489892,191.86275350733897,1.0,168.4854136326,196.5037031086337,1.0,100.89847971506336,238.5776482348959,1.0,170.4367361123808,242.14190003975807,1.0,128.08530471649627,235.76988006917915,1.0,142.9389143977187,230.8930142941887,1.0,117.53796811787478,289.1186614936832,1.0,152.16168143255962,288.6781662441815,1.0,111.63514540839309,357.9135597424156,1.0,154.19445734387193,358.6290586697234,1.0,104.46299691697416,426.38440491295535,1.0,157.3374394470964,426.2680393366092,1.0,101.4580405902017,433.9310810543534,1.0,95.84948699683652,435.0762859270337,1.0,104.46291389426544,438.15366838089824,1.0,168.51411254603482,433.6081392614413,1.0,171.85010409104325,437.664558700956,1.0,155.4162762842494,437.5149823649058,1.0,1.0,0.2,141.90831297839122,157.3245275540936,False,105.44646046489892,191.86275350733897,False,168.4854136326,196.5037031086337,False,100.89847971506336,238.5776482348959,False,170.4367361123808,242.14190003975807,False,128.08530471649627,235.76988006917915,False,142.9389143977187,230.8930142941887,False,117.53796811787478,289.1186614936832,False,152.16168143255962,288.6781662441815,False,111.63514540839309,357.9135597424156,False,154.19445734387193,358.6290586697234,False,104.46299691697416,426.38440491295535,False,157.3374394470964,426.2680393366092,False,True
13,13,0.2166666666666666,0.2166666666666666,Sports2D_HALPE26_postprocessed,141.96935279826562,157.21178288057592,1.0,105.44675408029082,191.7055174921369,1.0,168.4824994081722,196.39460970220017,1.0,100.89217945944355,238.5775897319411,1.0,170.46821074458305,242.10983782147832,1.0,127.99445925957426,235.13795501980425,1.0,143.07983559697294,229.92176312081904,1.0,117.45220252758304,289.1319980954461,1.0,152.16316123855827,288.6512450740063,1.0,111.606860107368,357.96960529035096,1.0,154.2175215003641,358.63374497019163,1.0,104.45164184738682,426.41577016179633,1.0,157.30971161437844,426.377749909273,1.0,101.48980455098628,433.9896250540509,1.0,95.8534647327832,435.07958406718745,1.0,104.4472631843266,438.1449374005404,1.0,168.48089387356703,433.59463642085774,1.0,171.91250780122886,437.6446496843349,1.0,155.33753530990924,437.5866685436759,1.0,1.0,0.2166666666666666,141.96935279826562,157.21178288057592,False,105.44675408029082,191.7055174921369,False,168.4824994081722,196.39460970220017,False,100.89217945944355,238.5775897319411,False,170.46821074458305,242.10983782147832,False,127.99445925957426,235.13795501980425,False,143.07983559697294,229.92176312081904,False,117.45220252758304,289.1319980954461,False,152.16316123855827,288.6512450740063,False,111.606860107368,357.96960529035096,False,154.2175215003641,358.63374497019163,False,104.45164184738682,426.41577016179633,False,157.30971161437844,426.377749909273,False,True
14,14,0.2333333333333333,0.2333333333333333,Sports2D_HALPE26_postprocessed,142.00272953058052,157.01554420366818,1.0,105.4404392866742,191.5633768035902,1.0,168.48934492994238,196.2830629119936,1.0,100.88503913777356,238.5647379735129,1.0,170.50575769732012,242.04755604076448,1.0,127.98824616077572,234.66258095769115,1.0,143.39241255128246,229.35444579615424,1.0,117.4608012178614,288.8649071642196,1.0,152.16122912217185,288.35410719306964,1.0,111.5801769165132,358.03194895756576,1.0,154.24281373742372,358.6980004849704,1.0,104.43753159834296,426.416871307283,1.0,157.30615102184117,426.41811519630267,1.0,101.61519558031486,434.0003140928354,1.0,95.87927682831946,435.0734843678538,1.0,104.42911216460502,438.13685558141145,1.0,168.4787394902163,433.5871688675221,1.0,171.967136449152,437.6301229830359,1.0,155.31489505760425,437.6125390585024,1.0,1.0,0.2333333333333333,142.00272953058052,157.01554420366818,False,105.4404392866742,191.5633768035902,False,168.48934492994238,196.2830629119936,False,100.88503913777356,238.5647379735129,False,170.50575769732012,242.04755604076448,False,127.98824616077572,234.66258095769115,False,143.39241255128246,229.35444579615424,False,117.4608012178614,288.8649071642196,False,152.16122912217185,288.35410719306964,False,111.5801769165132,358.03194895756576,False,154.24281373742372,358.6980004849704,False,104.43753159834296,426.416871307283,False,157.30615102184117,426.41811519630267,False,True
15,15,0.25,0.25,Sports2D_HALPE26_postprocessed,142.0219528949647,156.91010229090753,1.0,105.44118262165652,191.43738662626063,1.0,168.4993834849192,196.30582839502244,1.0,100.88435703504778,238.55903057024068,1.0,170.5370475553695,242.0497320262607,1.0,127.88807102703,234.13048998869675,1.0,143.4872547837111,228.8384064279864,1.0,117.41923462754022,288.59607156898204,1.0,152.14455512471352,288.0752248905678,1.0,111.56496106676484,358.131381349041,1.0,154.26768120839327,358.74121625584723,1.0,104.43142157900336,426.4255140654855,1.0,157.31146811639547,426.4510161064603,1.0,101.69749643244728,433.99218912714696,1.0,96.01196029497444,435.0799559352557,1.0,104.42313893530432,438.1417957390399,1.0,168.47774286328826,433.5908845580718,1.0,171.99852156625818,437.6303292947273,1.0,155.3283942387913,437.6352789966116,1.0,1.0,0.25,142.0219528949647,156.91010229090753,False,105.44118262165652,191.43738662626063,False,168.4993834849192,196.30582839502244,False,100.88435703504778,238.55903057024068,False,170.5370475553695,242.0497320262607,False,127.88807102703,234.13048998869675,False,143.4872547837111,228.8384064279864,False,117.41923462754022,288.59607156898204,False,152.14455512471352,288.0752248905678,False,111.56496106676484,358.131381349041,False,154.26768120839327,358.74121625584723,False,104.43142157900336,426.4255140654855,False,157.31146811639547,426.4510161064603,False,True
16,16,0.2666666666666666,0.2666666666666666,Sports2D_HALPE26_postprocessed,142.05163151174207,156.90765379711016,1.0,105.46260707639163,191.42256583674003,1.0,168.51541147458715,196.29396307001883,1.0,100.89736519793615,238.55815794269176,1.0,170.5773342033811,242.03715957729383,1.0,127.85353276010945,233.96878410100928,1.0,143.51431414384936,229.06590974758063,1.0,117.30779487378967,288.318577481928,1.0,152.1068906404397,287.8076350935396,1.0,111.57552967192,358.21376784610294,1.0,154.30684949136372,358.78159756206907,1.0,104.44593831462566,426.4436229564168,1.0,157.33426719713157,426.48546110936223,1.0,101.78334028161832,433.95012426935466,1.0,96.150840843632,435.09779321240205,1.0,104.4427082324023,438.1576938333109,1.0,168.47723803411972,433.6034226215117,1.0,172.0128899403448,437.6395841707189,1.0,155.3948876747139,437.6612122048597,1.0,1.0,0.2666666666666666,142.05163151174207,156.90765379711016,False,105.46260707639163,191.42256583674003,False,168.51541147458715,196.29396307001883,False,100.89736519793615,238.55815794269176,False,170.5773342033811,242.03715957729383,False,127.85353276010945,233.96878410100928,False,143.51431414384936,229.06590974758063,False,117.30779487378967,288.318577481928,False,152.1068906404397,287.8076350935396,False,111.57552967192,358.21376784610294,False,154.30684949136372,358.78159756206907,False,104.44593831462566,426.4436229564168,False,157.33426719713157,426.48546110936223,False,True
17,17,0.2833333333333333,0.2833333333333333,Sports2D_HALPE26_postprocessed,142.1037355008841,156.97272340782547,1.0,105.510915078354,191.52704001206564,1.0,168.53938283880112,196.24454584209047,1.0,100.92592292766588,238.56614389336312,1.0,170.63494060537107,242.008474346984,1.0,127.849671063595,233.57100138308925,1.0,143.46445331334652,229.96312743583115,1.0,117.29677958614246,288.42991314740084,1.0,152.0247266850509,287.91200032429185,1.0,111.61432945189128,358.3082432328508,1.0,154.36479135372818,358.8352804320706,1.0,104.4865225959463,426.4834006134305,1.0,157.38139752826328,426.525520617871,1.0,101.90642341754057,433.8426003863417,1.0,96.30133702752188,435.1404340764502,1.0,104.49711368694726,438.1935088088238,1.0,168.46698518892202,433.6277334691182,1.0,172.00512396316992,437.6618223517848,1.0,155.54026818189124,437.6994346358671,1.0,1.0,0.2833333333333333,142.1037355008841,156.97272340782547,False,105.510915078354,191.52704001206564,False,168.53938283880112,196.24454584209047,False,100.92592292766588,238.56614389336312,False,170.63494060537107,242.008474346984,False,127.849671063595,233.57100138308925,False,143.46445331334652,229.96312743583115,False,117.29677958614246,288.42991314740084,False,152.0247266850509,287.91200032429185,False,111.61432945189128,358.3082432328508,False,154.36479135372818,358.8352804320706,False,104.4865225959463,426.4834006134305,False,157.38139752826328,426.525520617871,False,True
18,18,0.3,0.3,Sports2D_HALPE26_postprocessed,142.17196815714732,157.02425343885304,1.0,105.56358294821533,191.60681946812755,1.0,168.54445442793786,196.2603947468561,1.0,100.95171088249148,238.4941031144652,1.0,170.6713741416371,242.0141919224277,1.0,127.7497902222709,232.40170283243776,1.0,143.97102233742405,229.18855776570024,1.0,117.3101131527258,288.28539364385136,1.0,151.99225950133078,287.7653211673774,1.0,111.6445297441736,358.37287700512445,1.0,154.40132827321702,358.88795673138566,1.0,104.52918366319318,426.4967727246752,1.0,157.41927822499105,426.5504212222455,1.0,102.01273724613996,433.7906860876234,1.0,96.40084652982232,435.1727907134982,1.0,104.5483818794302,438.2229491078672,1.0,168.35750668834876,433.6499734485122,1.0,171.89161143792444,437.6605191996875,1.0,155.7376845963096,437.725381017528,1.0,1.0,0.3,142.17196815714732,157.02425343885304,False,105.56358294821533,191.60681946812755,False,168.54445442793786,196.2603947468561,False,100.95171088249148,238.4941031144652,False,170.6713741416371,242.0141919224277,False,127.7497902222709,232.40170283243776,False,143.97102233742405,229.18855776570024,False,117.3101131527258,288.28539364385136,False,151.99225950133078,287.7653211673774,False,111.6445297441736,358.37287700512445,False,154.40132827321702,358.88795673138566,False,104.52918366319318,426.4967727246752,False,157.41927822499105,426.5504212222455,False,True
19,19,0.3166666666666666,0.3166666666666666,Sports2D_HALPE26_postprocessed,142.21117224279283,157.05969536371651,1.0,105.5977467484753,191.65493289779133,1.0,168.51228938208845,196.28497236305927,1.0,100.95943292848943,238.447387185999,1.0,170.69090630971812,242.0286931694629,1.0,127.73860087984244,233.3508812272263,1.0,143.98779019166986,228.5183446782013,1.0,117.32582632481612,288.1081816912895,1.0,151.99643168054263,287.594876591636,1.0,111.66321042654016,358.4062213145811,1.0,154.41959955402717,358.93241072845615,1.0,104.5637676196169,426.46819546931965,1.0,157.45207709753112,426.5696053020503,1.0,102.11913353705276,433.7549004273829,1.0,96.45624785636156,435.2011763823049,1.0,104.58459065811353,438.2496776973292,1.0,168.29336933344985,433.66954968010185,1.0,171.83353713286365,437.6191920985114,1.0,155.84789216083976,437.743635481716,1.0,1.0,0.3166666666666666,142.21117224279283,157.05969536371651,False,105.5977467484753,191.65493289779133,False,168.51228938208845,196.28497236305927,False,100.95943292848943,238.447387185999,False,170.69090630971812,242.0286931694629,False,127.73860087984244,233.3508812272263,False,143.98779019166986,228.5183446782013,False,117.32582632481612,288.1081816912895,False,151.99643168054263,287.594876591636,False,111.66321042654016,358.4062213145811,False,154.41959955402717,358.93241072845615,False,104.5637676196169,426.46819546931965,False,157.45207709753112,426.5696053020503,False,True
20,20,0.3333333333333333,0.3333333333333333,Sports2D_HALPE26_postprocessed,142.2273953022101,157.08523351429085,1.0,105.6151700201984,191.69281427830816,1.0,168.42264290585302,196.32200880296136,1.0,100.9376193773641,238.3872577640224,1.0,170.694685233884,242.0538193278337,1.0,127.6562912666338,230.83208973395344,1.0,144.5444977897319,228.33752801102543,1.0,117.34033844901182,287.6546753441943,1.0,152.0346083810444,287.2109014596043,1.0,111.66340686251417,358.4074373542046,1.0,154.4230304965106,358.9712874753592,1.0,104.58362491553268,426.3360701723501,1.0,157.48420446016922,426.5816559481334,1.0,102.30350005506872,433.7280977333621,1.0,96.48768716146492,435.2246579154885,1.0,104.60502025367256,438.27173839966,1.0,168.24915041616458,433.6828767804899,1.0,171.78500599786503,437.49574429551376,1.0,155.89702625402884,437.75026835941554,1.0,1.0,0.3333333333333333,142.2273953022101,157.08523351429085,False,105.6151700201984,191.69281427830816,False,168.42264290585302,196.32200880296136,False,100.9376193773641,238.3872577640224,False,170.694685233884,242.0538193278337,False,127.6562912666338,230.83208973395344,False,144.5444977897319,228.33752801102543,False,117.34033844901182,287.6546753441943,False,152.0346083810444,287.2109014596043,False,111.66340686251417,358.4074373542046,False,154.4230304965106,358.9712874753592,False,104.58362491553268,426.3360701723501,False,157.48420446016922,426.5816559481334,False,True
21,21,0.35,0.35,Sports2D_HALPE26_postprocessed,142.24478980488414,157.08961739757157,1.0,105.62650812032612,191.7070717721096,1.0,168.39925622882146,196.35217896157752,1.0,100.9249837711049,238.268552676748,1.0,170.69692779886148,242.0776540861588,1.0,127.63639940740693,230.6449734139333,1.0,144.6668034103073,228.22382488482344,1.0,117.3739447536153,287.65041533679323,1.0,152.03863318263808,287.2958315166525,1.0,111.64528546826212,358.4248456027782,1.0,154.42337164750455,358.99569119567667,1.0,104.59615998620896,426.2690175370767,1.0,157.53388226790938,426.57785156847206,1.0,102.20109775941718,433.688288653796,1.0,96.52456633246643,435.225131998896,1.0,104.62779484512257,438.2746610155048,1.0,168.23500195742955,433.67920855826816,1.0,171.74973190656308,437.3975300731624,1.0,155.92380396313837,437.7286685668495,1.0,1.0,0.35,142.24478980488414,157.08961739757157,False,105.62650812032612,191.7070717721096,False,168.39925622882146,196.35217896157752,False,100.9249837711049,238.268552676748,False,170.69692779886148,242.0776540861588,False,127.63639940740693,230.6449734139333,False,144.6668034103073,228.22382488482344,False,117.3739447536153,287.65041533679323,False,152.03863318263808,287.2958315166525,False,111.64528546826212,358.4248456027782,False,154.42337164750455,358.99569119567667,False,104.59615998620896,426.2690175370767,False,157.53388226790938,426.57785156847206,False,True
22,22,0.3666666666666666,0.3666666666666666,Sports2D_HALPE26_postprocessed,142.2394072830594,157.03821947170894,1.0,105.62038607156246,191.7346654841895,1.0,168.42849326744,196.36942784585915,1.0,100.91743137255902,238.18708371959144,1.0,170.67974379267434,242.09108079024432,1.0,127.66525491319813,230.9900127356767,1.0,144.42379396151009,228.523305327268,1.0,117.42767852464914,287.3876347621382,1.0,152.0865205524832,286.97807917512137,1.0,111.63860593207428,358.4463456322479,1.0,154.40683681591668,358.99772328646225,1.0,104.572845348169,426.2141967073958,1.0,157.6075520671664,426.5513969434829,1.0,102.13845193090312,433.6066920690614,1.0,96.55714181931026,435.16225633070223,1.0,104.63031736964294,438.2323372311213,1.0,168.23330603970248,433.64619962423336,1.0,171.7058931060846,437.32377130611366,1.0,155.91630057662988,437.65674082641385,1.0,1.0,0.3666666666666666,142.2394072830594,157.03821947170894,False,105.62038607156246,191.7346654841895,False,168.42849326744,196.36942784585915,False,100.91743137255902,238.18708371959144,False,170.67974379267434,242.09108079024432,False,127.66525491319813,230.9900127356767,False,144.42379396151009,228.523305327268,False,117.42767852464914,287.3876347621382,False,152.0865205524832,286.97807917512137,False,111.63860593207428,358.4463456322479,False,154.40683681591668,358.99772328646225,False,104.572845348169,426.2141967073958,False,157.6075520671664,426.5513969434829,False,True
23,23,0.3833333333333333,0.3833333333333333,Sports2D_HALPE26_postprocessed,142.2105754964266,156.90120240746825,1.0,105.59716116034558,191.7448032618176,1.0,168.5342571001127,196.38450219945616,1.0,100.9131879325831,238.14185199885588,1.0,170.64385354217103,242.0993479956257,1.0,127.76101672498066,231.3966364409011,1.0,144.34873451187238,228.926325092596,1.0,117.55628440087985,287.78273798460816,1.0,152.12893173026768,287.31506516387924,1.0,111.64402993949726,358.43495708622254,1.0,154.3742885918569,359.0008736552427,1.0,104.5554690448532,426.1706499238591,1.0,157.74863309628347,426.5206723449289,1.0,102.0536710140565,433.4728361052473,1.0,96.61029707659516,434.98589697839566,1.0,104.60716266791724,438.1357545566042,1.0,168.2588123044899,433.5944010907464,1.0,171.64770118545175,437.2835778571125,1.0,155.88179894620905,437.5414188723322,1.0,1.0,0.3833333333333333,142.2105754964266,156.90120240746825,False,105.59716116034558,191.7448032618176,False,168.5342571001127,196.38450219945616,False,100.9131879325831,238.14185199885588,False,170.64385354217103,242.0993479956257,False,127.76101672498066,231.3966364409011,False,144.34873451187238,228.926325092596,False,117.55628440087985,287.78273798460816,False,152.12893173026768,287.31506516387924,False,111.64402993949726,358.43495708622254,False,154.3742885918569,359.0008736552427,False,104.5554690448532,426.1706499238591,False,157.74863309628347,426.5206723449289,False,True
24,24,0.4,0.4,Sports2D_HALPE26_postprocessed,142.1649884226065,156.68839121156134,1.0,105.55773194493815,191.7341655361863,1.0,168.67059983963046,196.40262296670272,1.0,100.90978678014744,238.11661281532847,1.0,170.59732668226627,242.1179379224929,1.0,127.78704094664522,230.20109407288865,1.0,144.5012399722252,228.52896739923176,1.0,117.89842473891544,287.8293307808315,1.0,152.16069065812587,287.3791271308463,1.0,111.62320390491084,358.4638706227339,1.0,154.3310270364105,359.0032623370522,1.0,104.53509333864704,426.1238277182282,1.0,157.77733680221212,426.5145304318476,1.0,102.22404028696386,433.316147884604,1.0,96.73971231931966,434.5553551923971,1.0,104.5507886739017,437.9719858609583,1.0,168.13154561816498,433.54736516247976,1.0,171.58373712336265,437.25269583691033,1.0,155.83609664346207,437.4148601297485,1.0,1.0,0.4,142.1649884226065,156.68839121156134,False,105.55773194493815,191.7341655361863,False,168.67059983963046,196.40262296670272,False,100.90978678014744,238.11661281532847,False,170.59732668226627,242.1179379224929,False,127.78704094664522,230.20109407288865,False,144.5012399722252,228.52896739923176,False,117.89842473891544,287.8293307808315,False,152.16069065812587,287.3791271308463,False,111.62320390491084,358.4638706227339,False,154.3310270364105,359.0032623370522,False,104.53509333864704,426.1238277182282,False,157.77733680221212,426.5145304318476,False,True
25,25,0.4166666666666667,0.4166666666666667,Sports2D_HALPE26_postprocessed,142.12945288880354,156.63645604112713,1.0,105.53621528882285,191.6440915212609,1.0,168.6921288237658,196.40999998132827,1.0,100.90848643401928,238.0964475170071,1.0,170.58372889862255,242.1210150346689,1.0,127.8083368312508,229.9873199550751,1.0,144.56553733920765,228.3324922985036,1.0,118.07696049830048,287.8428036403719,1.0,152.18700929701325,287.4833666128712,1.0,111.61038152787654,358.4766097837234,1.0,154.31313687182444,359.0063850079317,1.0,104.54062928442606,426.0996540811794,1.0,157.7989996462128,426.4950927637317,1.0,102.33081594964742,433.2722208495208,1.0,96.7951799059012,434.3420158589111,1.0,104.5226585238536,437.8686897007992,1.0,168.06106864227723,433.4674439601076,1.0,171.55590427657864,437.23363222974695,1.0,155.81838338622757,437.3454886794591,1.0,1.0,0.4166666666666667,142.12945288880354,156.63645604112713,False,105.53621528882285,191.6440915212609,False,168.6921288237658,196.40999998132827,False,100.90848643401928,238.0964475170071,False,170.58372889862255,242.1210150346689,False,127.8083368312508,229.9873199550751,False,144.56553733920765,228.3324922985036,False,118.07696049830048,287.8428036403719,False,152.18700929701325,287.4833666128712,False,111.61038152787654,358.4766097837234,False,154.31313687182444,359.0063850079317,False,104.54062928442606,426.0996540811794,False,157.7989996462128,426.4950927637317,False,True
26,26,0.4333333333333333,0.4333333333333333,Sports2D_HALPE26_postprocessed,142.1179024747629,156.5279462449646,1.0,105.52429811711684,191.7266470191488,1.0,168.84180812359332,196.42438496223903,1.0,100.9075669675686,238.0931104166356,1.0,170.5963377537459,242.117837566038,1.0,127.82821839389942,229.95379862160263,1.0,144.59412312415273,228.0190235011731,1.0,118.15535331274424,287.844969315244,1.0,152.2069187907964,287.432194595941,1.0,111.60407507594628,358.4888787188231,1.0,154.31086597630272,359.0081523737693,1.0,104.52119887661848,426.09259112147663,1.0,157.81498215597418,426.4604295569181,1.0,102.39658311821104,433.27202885905024,1.0,96.81584527994738,434.2627211986443,1.0,104.50820639278152,437.82073267993866,1.0,168.02784509892325,433.3627135109873,1.0,171.54144393897138,437.2172071039684,1.0,155.81167236724934,437.30551629129417,1.0,1.0,0.4333333333333333,142.1179024747629,156.5279462449646,False,105.52429811711684,191.7266470191488,False,168.84180812359332,196.42438496223903,False,100.9075669675686,238.0931104166356,False,170.5963377537459,242.117837566038,False,127.82821839389942,229.95379862160263,False,144.59412312415273,228.0190235011731,False,118.15535331274424,287.844969315244,False,152.2069187907964,287.432194595941,False,111.60407507594628,358.4888787188231,False,154.31086597630272,359.0081523737693,False,104.52119887661848,426.09259112147663,False,157.81498215597418,426.4604295569181,False,True
27,27,0.45,0.45,Sports2D_HALPE26_postprocessed,142.09503705566144,156.55932357744885,1.0,105.51863477967365,191.80973374838868,1.0,168.9352709602471,196.4480599047706,1.0,100.9052856429611,238.09170723143168,1.0,170.652373644867,242.0816067931859,1.0,127.85001698518464,229.9085627224329,1.0,144.62156823891755,227.9320461912044,1.0,118.19527365538758,287.8014826021097,1.0,152.22554751327112,287.3747322502296,1.0,111.60329585179088,358.49508067013136,1.0,154.32605794864185,359.00923363853144,1.0,104.51047630035114,426.0949978511337,1.0,157.8308313158163,426.4083867738551,1.0,102.46332821636736,433.2916223457312,1.0,96.81477736974122,434.2348824191259,1.0,104.50333474685252,437.804069263838,1.0,168.0181291767887,433.2975447600216,1.0,171.531625444101,437.1950292556816,1.0,155.81162022009886,437.281249222208,1.0,1.0,0.45,142.09503705566144,156.55932357744885,False,105.51863477967365,191.80973374838868,False,168.9352709602471,196.4480599047706,False,100.9052856429611,238.09170723143168,False,170.652373644867,242.0816067931859,False,127.85001698518464,229.9085627224329,False,144.62156823891755,227.9320461912044,False,118.19527365538758,287.8014826021097,False,152.22554751327112,287.3747322502296,False,111.60329585179088,358.49508067013136,False,154.32605794864185,359.00923363853144,False,104.51047630035114,426.0949978511337,False,157.8308313158163,426.4083867738551,False,True
28,28,0.4666666666666667,0.4666666666666667,Sports2D_HALPE26_postprocessed,142.04622785957002,156.46969789890164,1.0,105.51642567810548,191.9358043712124,1.0,168.9872897572782,196.50440238583388,1.0,100.89728526127097,238.09118229703208,1.0,170.79185933091827,241.94905747222865,1.0,127.87399508587588,229.7196428136641,1.0,144.68317495694996,227.86933216742835,1.0,118.21957322675404,287.5796600173473,1.0,152.2402860512075,287.24114695138366,1.0,111.60433585242596,358.4785785737822,1.0,154.36457791688537,358.9988171646953,1.0,104.5041034588351,426.0974027924208,1.0,157.84439588588407,426.32638056764574,1.0,102.61843739933052,433.3270471731015,1.0,96.78273123781368,434.2103808630601,1.0,104.50601060919148,437.7974311105857,1.0,168.01723168020592,433.2596018148933,1.0,171.516619383731,437.1601165993891,1.0,155.81327444594294,437.2589341691938,1.0,1.0,0.4666666666666667,142.04622785957002,156.46969789890164,False,105.51642567810548,191.9358043712124,False,168.9872897572782,196.50440238583388,False,100.89728526127097,238.09118229703208,False,170.79185933091827,241.94905747222865,False,127.87399508587588,229.7196428136641,False,144.68317495694996,227.86933216742835,False,118.21957322675404,287.5796600173473,False,152.2402860512075,287.24114695138366,False,111.60433585242596,358.4785785737822,False,154.36457791688537,358.9988171646953,False,104.5041034588351,426.0974027924208,False,157.84439588588407,426.32638056764574,False,True
29,29,0.4833333333333333,0.4833333333333333,Sports2D_HALPE26_postprocessed,141.83550601875842,156.5105882051534,1.0,105.50812891977012,192.2046707982112,1.0,168.9967728176737,196.6552497131603,1.0,100.87258386660798,238.0982880668006,1.0,171.08142819118478,242.01369047846265,1.0,127.89787186626891,230.3498443750076,1.0,145.00386983692852,227.7297243856711,1.0,118.23168541166146,286.6433978516545,1.0,152.23356887421755,286.26649695277666,1.0,111.5965359557558,358.39666872165145,1.0,154.43944922415022,358.964212923618,1.0,104.48370320375945,426.1093892187777,1.0,157.84785768903433,426.26909147735967,1.0,103.17054516684873,433.3964089636708,1.0,96.66995806586964,434.1694287446176,1.0,104.50738159596162,437.8067385659483,1.0,168.0088103027984,433.2462605508816,1.0,171.48710438736882,437.112406160054,1.0,155.8095988148508,437.2319584585024,1.0,1.0,0.4833333333333333,141.83550601875842,156.5105882051534,False,105.50812891977012,192.2046707982112,False,168.9967728176737,196.6552497131603,False,100.87258386660798,238.0982880668006,False,171.08142819118478,242.01369047846265,False,127.89787186626891,230.3498443750076,False,145.00386983692852,227.7297243856711,False,118.23168541166146,286.6433978516545,False,152.23356887421755,286.26649695277666,False,111.5965359557558,358.39666872165145,False,154.43944922415022,358.964212923618,False,104.48370320375945,426.1093892187777,False,157.84785768903433,426.26909147735967,False,True
30,30,0.5,0.5,Sports2D_HALPE26_postprocessed,141.76750017611369,156.43216354229546,1.0,105.52221784811432,192.4347929703416,1.0,169.0209145485953,196.7200420625914,1.0,100.84241610384863,238.170024167964,1.0,171.32303875289904,242.08224061406904,1.0,127.93532419754897,229.4834281645091,1.0,145.50933154081895,226.59322657452924,1.0,118.27030337376182,287.17079576468564,1.0,152.2379522964415,286.6826078430871,1.0,111.60814655121166,358.18946918076017,1.0,154.60379094651736,358.8634741731035,1.0,104.4808448330536,426.1094211686821,1.0,157.8739689070566,426.252856951015,1.0,103.43487912283604,433.3829567494307,1.0,96.70962624298102,434.0041415610452,1.0,104.50609525810282,437.8022479695841,1.0,168.00292186774385,433.2289233225831,1.0,171.44964857135182,437.0369117135399,1.0,155.81486199972767,437.1642079686484,1.0,1.0,0.5,141.76750017611369,156.43216354229546,False,105.52221784811432,192.4347929703416,False,169.0209145485953,196.7200420625914,False,100.84241610384863,238.170024167964,False,171.32303875289904,242.08224061406904,False,127.93532419754897,229.4834281645091,False,145.50933154081895,226.59322657452924,False,118.27030337376182,287.17079576468564,False,152.2379522964415,286.6826078430871,False,111.60814655121166,358.18946918076017,False,154.60379094651736,358.8634741731035,False,104.4808448330536,426.1094211686821,False,157.8739689070566,426.252856951015,False,True
31,31,0.5166666666666666,0.5166666666666666,Sports2D_HALPE26_postprocessed,141.96662518206222,156.51820271055888,1.0,105.54554567636993,192.3225005188961,1.0,169.03285078702697,196.6684981538733,1.0,100.79010866013334,238.41547276366765,1.0,171.53026683228995,242.22709556299856,1.0,127.98696571496043,228.61830629034856,1.0,146.03219427838476,226.103241590223,1.0,118.32166652316236,287.24005390076314,1.0,152.2177951164241,286.7509058235147,1.0,111.63639843178308,357.7202024302631,1.0,154.8548050564541,358.89566859167155,1.0,104.4802314840384,426.0318666741517,1.0,157.91411128215367,426.2631512301064,1.0,103.71233680734916,433.3927160207322,1.0,96.70424067622784,434.03730923019873,1.0,104.50234372656536,437.71413129159424,1.0,168.01206042970276,433.1682489658516,1.0,171.5180936885959,437.0321505117856,1.0,155.8185624287681,437.2738238732806,1.0,1.0,0.5166666666666666,141.96662518206222,156.51820271055888,False,105.54554567636993,192.3225005188961,False,169.03285078702697,196.6684981538733,False,100.79010866013334,238.41547276366765,False,171.53026683228995,242.22709556299856,False,127.98696571496043,228.61830629034856,False,146.03219427838476,226.103241590223,False,118.32166652316236,287.24005390076314,False,152.2177951164241,286.7509058235147,False,111.63639843178308,357.7202024302631,False,154.8548050564541,358.89566859167155,False,104.4802314840384,426.0318666741517,False,157.91411128215367,426.2631512301064,False,True
32,32,0.5333333333333333,0.5333333333333333,Sports2D_HALPE26_postprocessed,143.08157707145102,156.7014930867476,1.0,105.59642084823298,192.39253310022872,1.0,168.8778442869821,196.61905181859527,1.0,100.71030049436604,238.58040813521828,1.0,171.6667358671393,242.46504077701167,1.0,128.05798256585553,229.44134411045545,1.0,145.83929321556383,226.3718157511493,1.0,118.37967982819882,286.8455817577795,1.0,152.51506889024978,286.3762124116995,1.0,111.65444980600404,357.9275513491217,1.0,154.99820761509454,358.962134547963,1.0,104.48655237738328,426.1474679455065,1.0,157.93393982055716,426.5265655622776,1.0,103.29475731238983,433.3896381986586,1.0,96.6174153841151,434.1923333545405,1.0,104.5099056126088,437.8142853353909,1.0,168.05658870653093,433.2620908492824,1.0,171.58237383739544,436.98864921455504,1.0,155.78672204248062,437.5194080771477,1.0,1.0,0.5333333333333333,143.08157707145102,156.7014930867476,False,105.59642084823298,192.39253310022872,False,168.8778442869821,196.61905181859527,False,100.71030049436604,238.58040813521828,False,171.6667358671393,242.46504077701167,False,128.05798256585553,229.44134411045545,False,145.83929321556383,226.3718157511493,False,118.37967982819882,286.8455817577795,False,152.51506889024978,286.3762124116995,False,111.65444980600404,357.9275513491217,False,154.99820761509454,358.962134547963,False,104.48655237738328,426.1474679455065,False,157.93393982055716,426.5265655622776,False,True
33,33,0.55,0.55,Sports2D_HALPE26_postprocessed,143.6298267698585,156.89081176569204,1.0,105.71890868657133,192.5008841896937,1.0,168.8529732838485,196.66003681043887,1.0,100.71843448299089,238.82722730152352,1.0,171.84697402686646,242.5480682500932,1.0,128.13814842851087,228.9692481068049,1.0,146.19161156908277,226.1762393753308,1.0,118.44164450284056,286.89182467316465,1.0,152.73960894338384,286.42193186632505,1.0,111.70443694131814,358.1177008776957,1.0,155.25912427591064,358.975374727458,1.0,104.48509483327696,426.3693522272444,1.0,157.98326972753316,426.70530022919087,1.0,103.18768809295254,433.4003074601853,1.0,96.57524810031892,434.2584043540073,1.0,104.54291583267722,438.0102967121152,1.0,168.13444082050137,433.3236324150327,1.0,171.65192815349278,436.9859852362189,1.0,155.7445548673968,437.6213286496757,1.0,1.0,0.55,143.6298267698585,156.89081176569204,False,105.71890868657133,192.5008841896937,False,168.8529732838485,196.66003681043887,False,100.71843448299089,238.82722730152352,False,171.84697402686646,242.5480682500932,False,128.13814842851087,228.9692481068049,False,146.19161156908277,226.1762393753308,False,118.44164450284056,286.89182467316465,False,152.73960894338384,286.42193186632505,False,111.70443694131814,358.1177008776957,False,155.25912427591064,358.975374727458,False,104.48509483327696,426.3693522272444,False,157.98326972753316,426.70530022919087,False,True
34,34,0.5666666666666667,0.5666666666666667,Sports2D_HALPE26_postprocessed,143.96329198819677,156.94658072703223,1.0,105.94526747114443,192.371822932378,1.0,168.93694575243808,196.55429843191968,1.0,100.76551340379616,238.86436797501776,1.0,172.17174276285849,242.5817558842847,1.0,128.2687858026948,228.570333120567,1.0,146.33236048136425,225.884073983312,1.0,118.53262257273867,287.0706627500315,1.0,152.80132574893835,286.616348107101,1.0,111.77008909939428,358.18073834568014,1.0,155.34487358621,358.91167918659085,1.0,104.49825425185696,426.4402500446752,1.0,158.02156712563632,426.8846432934059,1.0,103.14149614124352,433.4542012957533,1.0,96.55081368498726,434.33074496333,1.0,104.53421838068208,438.0833029726937,1.0,168.26740863831702,433.41454024357495,1.0,171.7339489873191,437.0579183676827,1.0,155.7797431133081,437.6270372090296,1.0,1.0,0.5666666666666667,143.96329198819677,156.94658072703223,False,105.94526747114443,192.371822932378,False,168.93694575243808,196.55429843191968,False,100.76551340379616,238.86436797501776,False,172.17174276285849,242.5817558842847,False,128.2687858026948,228.570333120567,False,146.33236048136425,225.884073983312,False,118.53262257273867,287.0706627500315,False,152.80132574893835,286.616348107101,False,111.77008909939428,358.18073834568014,False,155.34487358621,358.91167918659085,False,104.49825425185696,426.4402500446752,False,158.02156712563632,426.8846432934059,False,True
35,35,0.5833333333333334,0.5833333333333334,Sports2D_HALPE26_postprocessed,143.80712324441265,156.93974333421266,1.0,106.09704873226072,192.36812139075568,1.0,169.03367700756968,196.6056267627703,1.0,100.9070315934174,239.4197541731367,1.0,172.58013510976383,242.86543598348345,1.0,128.33502373808253,227.3295048132904,1.0,147.45790586121035,224.53670097995928,1.0,118.75475542524124,287.3630335495906,1.0,152.83222805776364,286.99197877271524,1.0,111.95377053260069,357.9493390493069,1.0,155.3852916176051,358.74151995757586,1.0,104.48863098936854,426.4633887534952,1.0,158.121722373202,427.0108280722428,1.0,103.27776001040152,433.470775914161,1.0,96.6404258763112,434.2355477327936,1.0,104.47702966564378,438.0549612868811,1.0,168.1542954916491,433.4567007349808,1.0,171.58420904341853,437.0700965114376,1.0,155.82049550330385,437.6090147218482,1.0,1.0,0.5833333333333334,143.80712324441265,156.93974333421266,False,106.09704873226072,192.36812139075568,False,169.03367700756968,196.6056267627703,False,100.9070315934174,239.4197541731367,False,172.58013510976383,242.86543598348345,False,128.33502373808253,227.3295048132904,False,147.45790586121035,224.53670097995928,False,118.75475542524124,287.3630335495906,False,152.83222805776364,286.99197877271524,False,111.95377053260069,357.9493390493069,False,155.3852916176051,358.74151995757586,False,104.48863098936854,426.4633887534952,False,158.121722373202,427.0108280722428,False,True
36,36,0.6,0.6,Sports2D_HALPE26_postprocessed,143.8626511510701,156.91403851193775,1.0,106.26988242828848,192.12450151513465,1.0,169.096667770575,196.6669392891304,1.0,101.13144349404052,239.8779744085157,1.0,172.77935758042904,243.01447534381413,1.0,128.64992763161183,226.4724379209626,1.0,147.73927299339547,224.14711325584148,1.0,119.05078639872276,288.66997148822395,1.0,152.85386397176728,288.570293418733,1.0,112.07569134000283,357.7429505281263,1.0,155.4130219155171,358.4092550933207,1.0,104.47579084959494,426.7215392686175,1.0,158.33069703612728,427.2610717364692,1.0,103.1665209015228,433.4808976870355,1.0,96.70525983743876,434.2988080138451,1.0,104.22841330340528,437.9147227485127,1.0,167.91676357010795,433.4915430338286,1.0,171.37805206907836,437.08383767880105,1.0,155.8488254792225,437.6021753912527,1.0,1.0,0.6,143.8626511510701,156.91403851193775,False,106.26988242828848,192.12450151513465,False,169.096667770575,196.6669392891304,False,101.13144349404052,239.8779744085157,False,172.77935758042904,243.01447534381413,False,128.64992763161183,226.4724379209626,False,147.73927299339547,224.14711325584148,False,119.05078639872276,288.66997148822395,False,152.85386397176728,288.570293418733,False,112.07569134000283,357.7429505281263,False,155.4130219155171,358.4092550933207,False,104.47579084959494,426.7215392686175,False,158.33069703612728,427.2610717364692,False,True
37,37,0.6166666666666667,0.6166666666666667,Sports2D_HALPE26_postprocessed,144.3277625386669,156.8933912696787,1.0,106.46485884876452,192.10353218021987,1.0,169.11686121950834,196.8555444638898,1.0,101.30066557471972,240.0787525766152,1.0,173.1694460796769,243.34769257692523,1.0,128.77697403138896,225.30790918102988,1.0,148.15888089363244,223.72791361398137,1.0,119.14815039263732,288.38246133863106,1.0,152.87325709612952,288.0097861780305,1.0,112.19824479709888,357.3518904995721,1.0,155.4441201735877,358.2409922678129,1.0,104.4446487317463,426.8364419993347,1.0,158.4114688504323,427.3344765377016,1.0,103.3416565849536,433.45826402081536,1.0,96.7301565349961,434.1791521102704,1.0,104.08523727670097,437.8257450772807,1.0,167.75546831712177,433.5055885722618,1.0,171.2544083475999,437.0845574612955,1.0,155.85498056729384,437.5901995080801,1.0,1.0,0.6166666666666667,144.3277625386669,156.8933912696787,False,106.46485884876452,192.10353218021987,False,169.11686121950834,196.8555444638898,False,101.30066557471972,240.0787525766152,False,173.1694460796769,243.34769257692523,False,128.77697403138896,225.30790918102988,False,148.15888089363244,223.72791361398137,False,119.14815039263732,288.38246133863106,False,152.87325709612952,288.0097861780305,False,112.19824479709888,357.3518904995721,False,155.4441201735877,358.2409922678129,False,104.4446487317463,426.8364419993347,False,158.4114688504323,427.3344765377016,False,True
38,38,0.6333333333333333,0.6333333333333333,Sports2D_HALPE26_postprocessed,145.2035175394303,156.90106681070998,1.0,106.60086237163756,192.17601703436333,1.0,169.0463351358798,196.91503124764893,1.0,101.46181553642585,240.26891239195697,1.0,173.48616304653413,243.5956148503296,1.0,128.75422215837267,224.34463202526808,1.0,148.17937865609704,223.87244538894524,1.0,119.14125603890356,287.86063831104184,1.0,152.9736451798441,287.4397483661986,1.0,112.42218717871894,357.1248769417888,1.0,155.53759479217223,358.143194173636,1.0,104.32210042964826,426.8191574472488,1.0,158.44121651439528,427.2559938269254,1.0,103.63883024607424,433.36569551140417,1.0,96.69967345244334,433.9634539901479,1.0,104.08614113379905,437.9002717251217,1.0,167.62433888702384,433.4942846260334,1.0,171.19044921178448,437.0652220579101,1.0,155.8310083208146,437.5708060490182,1.0,1.0,0.6333333333333333,145.2035175394303,156.90106681070998,False,106.60086237163756,192.17601703436333,False,169.0463351358798,196.91503124764893,False,101.46181553642585,240.26891239195697,False,173.48616304653413,243.5956148503296,False,128.75422215837267,224.34463202526808,False,148.17937865609704,223.87244538894524,False,119.14125603890356,287.86063831104184,False,152.9736451798441,287.4397483661986,False,112.42218717871894,357.1248769417888,False,155.53759479217223,358.143194173636,False,104.32210042964826,426.8191574472488,False,158.44121651439528,427.2559938269254,False,True
39,39,0.65,0.65,Sports2D_HALPE26_postprocessed,145.4420541654653,156.91621799784045,1.0,106.65214919826894,192.4790781676394,1.0,169.18448913394425,197.39499193191125,1.0,101.48642707211349,240.43277693192755,1.0,174.2270106598471,244.2982947700233,1.0,128.16931851488243,223.5964400345716,1.0,150.2152355658978,222.7834292114608,1.0,119.45741282715304,286.0161532905154,1.0,152.9793075876738,285.8657334025165,1.0,112.69768019525316,356.74212589574216,1.0,155.55545211005366,358.05850386858435,1.0,104.25063979876418,426.588591300304,1.0,158.57217000913136,426.98664257103576,1.0,104.42073985587535,433.1687082137395,1.0,96.80379218117407,433.3009893715479,1.0,103.83842678806047,437.9232279558447,1.0,167.11200425894552,433.4827844565351,1.0,171.05388049354372,437.0435791903493,1.0,155.87884871569943,437.5562620789482,1.0,1.0,0.65,145.4420541654653,156.91621799784045,False,106.65214919826894,192.4790781676394,False,169.18448913394425,197.39499193191125,False,101.48642707211349,240.43277693192755,False,174.2270106598471,244.2982947700233,False,128.16931851488243,223.5964400345716,False,150.2152355658978,222.7834292114608,False,119.45741282715304,286.0161532905154,False,152.9793075876738,285.8657334025165,False,112.69768019525316,356.74212589574216,False,155.55545211005366,358.05850386858435,False,104.25063979876418,426.588591300304,False,158.57217000913136,426.98664257103576,False,True
40,40,0.6666666666666666,0.6666666666666666,Sports2D_HALPE26_postprocessed,145.70884621898713,156.95046757223213,1.0,106.6691853991625,193.0691107259757,1.0,169.31681393480366,197.68771516606955,1.0,101.3590759011822,240.5938279164468,1.0,174.49945938082877,244.61269118954607,1.0,127.49543166819458,222.9006173851866,1.0,151.631022476103,222.3254526712092,1.0,120.02861209776428,285.4475630003116,1.0,152.79854333603586,284.9631831392078,1.0,113.05689363736788,356.77098875340266,1.0,155.63402631854007,357.9140724666523,1.0,104.29250989757116,426.3979024752214,1.0,158.6160907636718,426.79691279236863,1.0,105.0414259347223,433.0851609323632,1.0,96.74938307323843,433.1688577465645,1.0,103.84580176578336,437.89346856019273,1.0,166.25689087747844,433.4966569360893,1.0,171.02125248195233,437.0450670205925,1.0,155.8345162050724,437.55348563195423,1.0,1.0,0.6666666666666666,145.70884621898713,156.95046757223213,False,106.6691853991625,193.0691107259757,False,169.31681393480366,197.68771516606955,False,101.3590759011822,240.5938279164468,False,174.49945938082877,244.61269118954607,False,127.49543166819458,222.9006173851866,False,151.631022476103,222.3254526712092,False,120.02861209776428,285.4475630003116,False,152.79854333603586,284.9631831392078,False,113.05689363736788,356.77098875340266,False,155.63402631854007,357.9140724666523,False,104.29250989757116,426.3979024752214,False,158.6160907636718,426.79691279236863,False,True
41,41,0.6833333333333333,0.6833333333333333,Sports2D_HALPE26_postprocessed,145.37369451974394,156.87530132658145,1.0,106.53323952783605,194.15932288672465,1.0,169.39208772390705,198.604164809216,1.0,101.2957667574552,240.74428664988017,1.0,174.86301561609577,244.89865710745065,1.0,126.94045620401816,221.3188557031092,1.0,153.9856734570994,222.1333960897404,1.0,120.80969042747807,280.1704321123357,1.0,152.49389708700676,280.5460048197216,1.0,113.3427890516908,355.61289244109736,1.0,155.64332288923194,357.1814139017212,1.0,104.4404345063338,425.4362885289453,1.0,158.75791507911595,426.453914485772,1.0,106.88221628156442,432.8426427825237,1.0,96.71684565487676,432.2962134435932,1.0,104.12357454119682,437.5002405567848,1.0,164.94690662064767,433.5473559663143,1.0,170.73662644476963,437.07312341141807,1.0,155.8216400244881,437.558290968348,1.0,1.0,0.6833333333333333,145.37369451974394,156.87530132658145,False,106.53323952783605,194.15932288672465,False,169.39208772390705,198.604164809216,False,101.2957667574552,240.74428664988017,False,174.86301561609577,244.89865710745065,False,126.94045620401816,221.3188557031092,False,153.9856734570994,222.1333960897404,False,120.80969042747807,280.1704321123357,False,152.49389708700676,280.5460048197216,False,113.3427890516908,355.61289244109736,False,155.64332288923194,357.1814139017212,False,104.4404345063338,425.4362885289453,False,158.75791507911595,426.453914485772,False,True
42,42,0.7,0.7,Sports2D_HALPE26_postprocessed,145.78483011115844,156.76498600756145,1.0,106.55886575649488,194.42078440187447,1.0,169.9990857641933,199.03706020207312,1.0,101.25864672347586,240.73014998595204,1.0,174.92907365013073,245.1485280279319,1.0,126.67677639851476,221.5227794882152,1.0,155.57900723803954,222.57458142555367,1.0,120.9807675346276,280.07280359156806,1.0,152.21355838063715,280.34385297715187,1.0,113.53581591117624,355.23744795548595,1.0,155.9114554710842,357.19333482921405,1.0,104.4051848871084,424.9774140237072,1.0,158.96221802073072,426.438174519408,1.0,106.9359264760042,432.6055606505389,1.0,96.69453476491526,431.92863277438335,1.0,104.17850142261338,437.26389246416704,1.0,165.0490371472966,433.6045637030752,1.0,170.76593313735108,437.09573530612926,1.0,155.90670762012417,437.55867489861566,1.0,1.0,0.7,145.78483011115844,156.76498600756145,False,106.55886575649488,194.42078440187447,False,169.9990857641933,199.03706020207312,False,101.25864672347586,240.73014998595204,False,174.92907365013073,245.1485280279319,False,126.67677639851476,221.5227794882152,False,155.57900723803954,222.57458142555367,False,120.9807675346276,280.07280359156806,False,152.21355838063715,280.34385297715187,False,113.53581591117624,355.23744795548595,False,155.9114554710842,357.19333482921405,False,104.4051848871084,424.9774140237072,False,158.96221802073072,426.438174519408,False,True
43,43,0.7166666666666667,0.7166666666666667,Sports2D_HALPE26_postprocessed,145.82914942810697,156.6439063489565,1.0,106.3756254298564,194.90903010607803,1.0,170.09686621761762,199.2717639151408,1.0,101.21130549849956,241.0703014166011,1.0,175.18928648304998,245.7548314500146,1.0,126.47184655772804,221.0560522237813,1.0,156.8811839241272,222.90026350817527,1.0,120.94342702124726,280.0443553814738,1.0,151.6334898436241,280.6182598364893,1.0,113.86591750944876,354.4549606112556,1.0,155.88725150034932,356.89877566916687,1.0,104.49916150068664,424.0745030588701,1.0,158.9941886471232,426.412258206975,1.0,107.29836835809196,432.43964081233867,1.0,96.65746507706515,431.360106937964,1.0,104.18158855491988,437.0833345722388,1.0,164.76591760926,433.7187968822292,1.0,170.70927178407925,437.12578364599983,1.0,155.92603861349855,437.5466458221779,1.0,1.0,0.7166666666666667,145.82914942810697,156.6439063489565,False,106.3756254298564,194.90903010607803,False,170.09686621761762,199.2717639151408,False,101.21130549849956,241.0703014166011,False,175.18928648304998,245.7548314500146,False,126.47184655772804,221.0560522237813,False,156.8811839241272,222.90026350817527,False,120.94342702124726,280.0443553814738,False,151.6334898436241,280.6182598364893,False,113.86591750944876,354.4549606112556,False,155.88725150034932,356.89877566916687,False,104.49916150068664,424.0745030588701,False,158.9941886471232,426.412258206975,False,True
44,44,0.7333333333333333,0.7333333333333333,Sports2D_HALPE26_postprocessed,145.95022362891936,156.54994005791755,1.0,106.28195768464644,195.0814524754509,1.0,170.19056236157286,199.50280084902653,1.0,101.178420726066,241.13587432729284,1.0,175.69021741066567,246.1665204574478,1.0,126.20902636832946,221.2915097503653,1.0,157.49686446940217,223.2710925269305,1.0,120.96592053143262,279.85966099850225,1.0,151.1254532307656,280.49967382447926,1.0,114.30839458920724,353.8184380064731,1.0,155.69250152075114,356.47047208406065,1.0,104.43326070450692,423.28585417603415,1.0,159.0424778145768,426.3577553511137,1.0,107.7770226501033,432.20737614873497,1.0,96.66037471879612,430.6926301852346,1.0,104.20649568999792,436.5189503608361,1.0,163.8652348709831,433.9842543041297,1.0,170.71077236756423,437.20611846773136,1.0,155.95795710640076,437.524937971821,1.0,1.0,0.7333333333333333,145.95022362891936,156.54994005791755,False,106.28195768464644,195.0814524754509,False,170.19056236157286,199.50280084902653,False,101.178420726066,241.13587432729284,False,175.69021741066567,246.1665204574478,False,126.20902636832946,221.2915097503653,False,157.49686446940217,223.2710925269305,False,120.96592053143262,279.85966099850225,False,151.1254532307656,280.49967382447926,False,114.30839458920724,353.8184380064731,False,155.69250152075114,356.47047208406065,False,104.43326070450692,423.28585417603415,False,159.0424778145768,426.3577553511137,False,True
45,45,0.75,0.75,Sports2D_HALPE26_postprocessed,146.1834492658055,156.50301319400648,1.0,106.16723686393595,195.3844403686274,1.0,170.19993255734482,199.58981165372845,1.0,101.01012021137096,241.1155056681304,1.0,175.76544820633515,246.2869136097466,1.0,126.14456907751908,220.9125934448076,1.0,157.58886563016767,223.36793319728469,1.0,120.68063702229034,279.8776986008321,1.0,150.60414109391476,280.76864282934093,1.0,114.51644305796924,353.1401052956989,1.0,155.58788856098056,356.2528037079249,1.0,104.37278579174044,421.63456023196375,1.0,159.05246923431318,426.2484245985772,1.0,107.97155978495128,432.2446236136655,1.0,96.65311921653458,430.0638125604644,1.0,104.0450090305414,434.98882774139634,1.0,163.63206075066907,434.2143886380842,1.0,170.66155489624242,437.45212976009407,1.0,155.94823965620392,437.4955174179335,1.0,1.0,0.75,146.1834492658055,156.50301319400648,False,106.16723686393595,195.3844403686274,False,170.19993255734482,199.58981165372845,False,101.01012021137096,241.1155056681304,False,175.76544820633515,246.2869136097466,False,126.14456907751908,220.9125934448076,False,157.58886563016767,223.36793319728469,False,120.68063702229034,279.8776986008321,False,150.60414109391476,280.76864282934093,False,114.51644305796924,353.1401052956989,False,155.58788856098056,356.2528037079249,False,104.37278579174044,421.63456023196375,False,159.05246923431318,426.2484245985772,False,True
46,46,0.7666666666666666,0.7666666666666666,Sports2D_HALPE26_postprocessed,145.97324321696922,156.46776322360236,1.0,105.98698410757694,195.39327382008787,1.0,169.92223762882634,199.6915574430076,1.0,100.8569361916464,241.05917645062053,1.0,175.4356379304676,246.57462076180863,1.0,126.09866762654306,220.8270733355301,1.0,157.8702179764222,223.66150375504463,1.0,120.5652643577504,279.9708729171711,1.0,150.09666681188446,280.9464600514118,1.0,114.923379365313,352.4146105269005,1.0,155.36953079965937,356.0937939536732,1.0,104.08768165241976,419.85672117520585,1.0,159.02448649149818,426.15633342168087,1.0,108.3344222736766,432.25396605060826,1.0,96.47971236686767,429.8470149606797,1.0,103.6150717841468,433.6116957035472,1.0,163.29277267909887,434.3044402241316,1.0,170.46286500341088,437.8847343700109,1.0,155.82961433425584,437.49783754605096,1.0,1.0,0.7666666666666666,145.97324321696922,156.46776322360236,False,105.98698410757694,195.39327382008787,False,169.92223762882634,199.6915574430076,False,100.8569361916464,241.05917645062053,False,175.4356379304676,246.57462076180863,False,126.09866762654306,220.8270733355301,False,157.8702179764222,223.66150375504463,False,120.5652643577504,279.9708729171711,False,150.09666681188446,280.9464600514118,False,114.923379365313,352.4146105269005,False,155.36953079965937,356.0937939536732,False,104.08768165241976,419.85672117520585,False,159.02448649149818,426.15633342168087,False,True
47,47,0.7833333333333333,0.7833333333333333,Sports2D_HALPE26_postprocessed,145.84168385015818,156.39580070369013,1.0,105.88773398041424,195.1394377907803,1.0,169.51619564347348,199.23395682817485,1.0,100.56412646457,240.88020391592056,1.0,175.4989559050841,246.5751597483798,1.0,125.9265524594868,220.6447246287301,1.0,156.49479073404922,223.61767044039868,1.0,120.16591325896653,279.90267936138287,1.0,149.7456680961249,280.857388684434,1.0,115.24990531031742,351.28496979876604,1.0,154.99299608933012,355.75315514179294,1.0,103.75899402446863,417.95791291120463,1.0,158.91021233763712,426.07755925505234,1.0,108.4270413971509,432.3359789107568,1.0,96.4809314951402,429.5682118918588,1.0,102.84584435270024,431.8940047381102,1.0,163.5458085701977,434.3711458365153,1.0,170.55061536024647,438.2476727028167,1.0,155.8061649528468,437.57558446754575,1.0,1.0,0.7833333333333333,145.84168385015818,156.39580070369013,False,105.88773398041424,195.1394377907803,False,169.51619564347348,199.23395682817485,False,100.56412646457,240.88020391592056,False,175.4989559050841,246.5751597483798,False,125.9265524594868,220.6447246287301,False,156.49479073404922,223.61767044039868,False,120.16591325896653,279.90267936138287,False,149.7456680961249,280.857388684434,False,115.24990531031742,351.28496979876604,False,154.99299608933012,355.75315514179294,False,103.75899402446863,417.95791291120463,False,158.91021233763712,426.07755925505234,False,True
48,48,0.8,0.8,Sports2D_HALPE26_postprocessed,146.08493514100212,156.61424036219512,1.0,105.90525174702246,194.4845901794228,1.0,168.42240221159784,198.862133293068,1.0,100.06440554709934,240.5528017529042,1.0,175.15566819393592,246.78036005489423,1.0,125.86361643427308,220.49548481076,1.0,156.05592075710132,222.8487377681876,1.0,119.95075565210196,280.13884288186046,1.0,149.21984099901397,281.1940209203317,1.0,115.94479416816228,350.4352338007725,1.0,154.4502977119014,355.99792546303246,1.0,103.53450665809724,416.3572314017995,1.0,158.85129204600483,426.0851836257212,1.0,108.0581052955258,432.1889760281469,1.0,96.59828482405304,429.4330303485446,1.0,102.1455781931862,430.5600604479053,1.0,164.70535294616226,434.33073785395976,1.0,170.83541018919837,438.48064719740745,1.0,155.78096782152164,437.63933278864187,1.0,1.0,0.8,146.08493514100212,156.61424036219512,False,105.90525174702246,194.4845901794228,False,168.42240221159784,198.862133293068,False,100.06440554709934,240.5528017529042,False,175.15566819393592,246.78036005489423,False,125.86361643427308,220.49548481076,False,156.05592075710132,222.8487377681876,False,119.95075565210196,280.13884288186046,False,149.21984099901397,281.1940209203317,False,115.94479416816228,350.4352338007725,False,154.4502977119014,355.99792546303246,False,103.53450665809724,416.3572314017995,False,158.85129204600483,426.0851836257212,False,True
49,49,0.8166666666666667,0.8166666666666667,Sports2D_HALPE26_postprocessed,146.3883874546821,156.8082987197451,1.0,105.80404367504806,194.19980035000447,1.0,167.66015989451355,198.7535594462613,1.0,99.58160987785234,240.3438053331342,1.0,174.56955648876843,246.80836768506373,1.0,125.91808615495007,220.44262621777665,1.0,158.31536847367707,222.95923569536512,1.0,119.2142796176359,280.3401136501807,1.0,148.3620183653147,281.3456798516856,1.0,115.81949533473576,349.6737820836084,1.0,153.95372031700853,355.2748561665836,1.0,102.76499581545946,415.8140196153782,1.0,158.81633057693256,425.6966385839567,1.0,107.6722148405096,432.1814167879773,1.0,96.6228635326922,429.2433357915016,1.0,101.18544337640172,429.6073541936831,1.0,165.44317219043123,434.3753005456379,1.0,171.05412719785755,438.57388121458536,1.0,155.75452844913582,437.69581053295326,1.0,1.0,0.8166666666666667,146.3883874546821,156.8082987197451,False,105.80404367504806,194.19980035000447,False,167.66015989451355,198.7535594462613,False,99.58160987785234,240.3438053331342,False,174.56955648876843,246.80836768506373,False,125.91808615495007,220.44262621777665,False,158.31536847367707,222.95923569536512,False,119.2142796176359,280.3401136501807,False,148.3620183653147,281.3456798516856,False,115.81949533473576,349.6737820836084,False,153.95372031700853,355.2748561665836,False,102.76499581545946,415.8140196153782,False,158.81633057693256,425.6966385839567,False,True
50,50,0.8333333333333334,0.8333333333333334,Sports2D_HALPE26_postprocessed,148.2891696081067,158.01417930907334,1.0,105.7498926809146,193.8301753431816,1.0,165.9204217548935,198.53238405331376,1.0,99.09990145795253,239.94064432189904,1.0,172.9263030905536,246.835440158266,1.0,126.02598946149622,220.45292649288723,1.0,172.66555703066433,223.66022625457137,1.0,118.14610109313207,279.8974174261333,1.0,147.42271164024308,281.2204260387108,1.0,115.86334521465044,349.4967453640993,1.0,153.47375920483017,355.5441685650671,1.0,101.3763351416696,415.6038954118095,1.0,158.67339461566868,425.6585081495357,1.0,107.15614015771608,432.48641231252896,1.0,97.18611839868184,429.6683418442794,1.0,99.29208267405151,429.19799552966674,1.0,167.1761328529058,434.531404165019,1.0,171.56852321894195,438.6572379529673,1.0,155.5818950916358,437.777465580802,1.0,1.0,0.8333333333333334,148.2891696081067,158.01417930907334,False,105.7498926809146,193.8301753431816,False,165.9204217548935,198.53238405331376,False,99.09990145795253,239.94064432189904,False,172.9263030905536,246.835440158266,False,126.02598946149622,220.45292649288723,False,172.66555703066433,223.66022625457137,False,118.14610109313207,279.8974174261333,False,147.42271164024308,281.2204260387108,False,115.86334521465044,349.4967453640993,False,153.47375920483017,355.5441685650671,False,101.3763351416696,415.6038954118095,False,158.67339461566868,425.6585081495357,False,True
51,51,0.85,0.85,Sports2D_HALPE26_postprocessed,148.84854161259773,158.75590350485447,1.0,105.50742383560942,193.4214098114922,1.0,164.5139923429347,198.41589217506595,1.0,98.64809332935712,239.52463671044623,1.0,171.2516649476123,246.96578930964887,1.0,126.32064738505235,221.2589666441848,1.0,175.87695080611667,227.88333079920795,1.0,116.78060997417388,279.82205963109993,1.0,146.16161959749894,281.196612563973,1.0,116.02850198813132,349.0654126935699,1.0,152.76631675989412,354.88823176078233,1.0,99.98369867661674,414.89466449902807,1.0,158.50673627142174,425.1800900576943,1.0,107.28467304495716,432.9193440895091,1.0,97.77551593188868,429.718571816541,1.0,96.95584160661733,428.3791760825986,1.0,167.4871488347694,434.6151905563749,1.0,172.11311087507897,438.6344455942649,1.0,155.36956850878414,437.9025915590612,1.0,1.0,0.85,148.84854161259773,158.75590350485447,False,105.50742383560942,193.4214098114922,False,164.5139923429347,198.41589217506595,False,98.64809332935712,239.52463671044623,False,171.2516649476123,246.96578930964887,False,126.32064738505235,221.2589666441848,False,175.87695080611667,227.88333079920795,False,116.78060997417388,279.82205963109993,False,146.16161959749894,281.196612563973,False,116.02850198813132,349.0654126935699,False,152.76631675989412,354.88823176078233,False,99.98369867661674,414.89466449902807,False,158.50673627142174,425.1800900576943,False,True
52,52,0.8666666666666667,0.8666666666666667,Sports2D_HALPE26_postprocessed,148.8614777006283,158.65574847863144,1.0,105.22988336504532,193.2920639657337,1.0,164.10293348948994,198.3468528679798,1.0,98.04027746635944,239.30307168734151,1.0,169.85478551850775,247.2163618662916,1.0,126.13647542146715,221.5048415328802,1.0,176.81121616129758,229.9791632551416,1.0,115.54326139358146,279.8535453537129,1.0,145.34126392115382,281.15484682900296,1.0,116.25511502029455,348.1452629468106,1.0,152.39773573917284,353.80415523131444,1.0,98.69393430038268,414.32478205341135,1.0,158.52500598825935,424.885069425363,1.0,108.85363547118692,432.6853490219377,1.0,100.04220703945492,429.6092851850856,1.0,95.02787171894025,427.1238356246234,1.0,166.86338824558425,434.59407312844,1.0,172.18655850082786,438.39643851703966,1.0,155.38026254060787,437.801923277426,1.0,1.0,0.8666666666666667,148.8614777006283,158.65574847863144,False,105.22988336504532,193.2920639657337,False,164.10293348948994,198.3468528679798,False,98.04027746635944,239.30307168734151,False,169.85478551850775,247.2163618662916,False,126.13647542146715,221.5048415328802,False,176.81121616129758,229.9791632551416,False,115.54326139358146,279.8535453537129,False,145.34126392115382,281.15484682900296,False,116.25511502029455,348.1452629468106,False,152.39773573917284,353.80415523131444,False,98.69393430038268,414.32478205341135,False,158.52500598825935,424.885069425363,False,True
53,53,0.8833333333333333,0.8833333333333333,Sports2D_HALPE26_postprocessed,148.8704390576449,158.5050349115824,1.0,104.83467307412162,193.31743304899769,1.0,163.41362798987814,198.3258471452873,1.0,97.63161660371745,238.96669561974423,1.0,168.21135077295574,248.1993528302747,1.0,125.9524006810398,222.03607201616896,1.0,177.73851940529312,231.8724879097713,1.0,114.80008160079588,279.3652064496355,1.0,144.19007706505673,280.9794512747916,1.0,115.85531013654878,348.2405838640952,1.0,151.8144613469662,353.7407712468059,1.0,97.00838448174557,415.92215759529495,1.0,158.59615496113076,425.01978854026777,1.0,111.33481603266073,432.6766250539104,1.0,103.52101297327611,429.5436275642169,1.0,91.50641225319158,426.53179362126593,1.0,166.68046823565308,434.5212202002599,1.0,172.25754178424788,438.33511265683626,1.0,155.2806867472454,437.7507604274482,1.0,1.0,0.8833333333333333,148.8704390576449,158.5050349115824,False,104.83467307412162,193.31743304899769,False,163.41362798987814,198.3258471452873,False,97.63161660371745,238.96669561974423,False,168.21135077295574,248.1993528302747,False,125.9524006810398,222.03607201616896,False,177.73851940529312,231.8724879097713,False,114.80008160079588,279.3652064496355,False,144.19007706505673,280.9794512747916,False,115.85531013654878,348.2405838640952,False,151.8144613469662,353.7407712468059,False,97.00838448174557,415.92215759529495,False,158.59615496113076,425.01978854026777,False,True
54,54,0.9,0.9,Sports2D_HALPE26_postprocessed,149.23702411482645,158.53328832384184,1.0,104.8314802119976,193.20321617411625,1.0,161.63816075053373,198.3061706373313,1.0,97.21577951355198,238.43742835508613,1.0,167.6136490935668,248.90267311712617,1.0,125.72609334668076,223.4606582972502,1.0,179.64616010009465,234.69037522224744,1.0,114.37334939547397,279.350779945546,1.0,142.84084382421344,281.1081073104579,1.0,115.52211944533552,348.6226157357757,1.0,151.3713770063611,353.7307689440009,1.0,95.10865242841275,415.621575091414,1.0,158.5891927041755,425.06776006389566,1.0,112.6103076256258,432.5041253885157,1.0,105.95442030770715,429.00866242708014,1.0,89.4743993340645,427.530822104905,1.0,167.0777121279568,434.5418160975837,1.0,172.69445410912908,438.158871874942,1.0,155.05129915303684,437.7858047084295,1.0,1.0,0.9,149.23702411482645,158.53328832384184,False,104.8314802119976,193.20321617411625,False,161.63816075053373,198.3061706373313,False,97.21577951355198,238.43742835508613,False,167.6136490935668,248.90267311712617,False,125.72609334668076,223.4606582972502,False,179.64616010009465,234.69037522224744,False,114.37334939547397,279.350779945546,False,142.84084382421344,281.1081073104579,False,115.52211944533552,348.6226157357757,False,151.3713770063611,353.7307689440009,False,95.10865242841275,415.621575091414,False,158.5891927041755,425.06776006389566,False,True
55,55,0.9166666666666666,0.9166666666666666,Sports2D_HALPE26_postprocessed,150.0646526744015,159.01731796109465,1.0,105.04009489474149,192.73676804514423,1.0,159.5430581869892,198.2737738726936,1.0,96.92845541590368,237.9925663597171,1.0,166.0865230573482,248.91925150820384,1.0,126.0711747316214,224.2801782424345,1.0,179.62936819508244,235.67565371237816,1.0,113.75933698738804,279.28215491422964,1.0,141.685297503575,281.22233938302986,1.0,115.08108146787508,349.32829169876,1.0,150.80043017406695,354.0386177758397,1.0,92.9630490936803,416.1383306515952,1.0,158.70107093257272,425.1553977796023,1.0,112.92581905751796,432.7181233696904,1.0,107.36157410623235,429.5030630956826,1.0,87.3269026009709,428.2636476138212,1.0,167.78359556994218,434.4715669588513,1.0,173.1144268504724,437.9102377553877,1.0,154.90868794494023,437.86533080435527,1.0,1.0,0.9166666666666666,150.0646526744015,159.01731796109465,False,105.04009489474149,192.73676804514423,False,159.5430581869892,198.2737738726936,False,96.92845541590368,237.9925663597171,False,166.0865230573482,248.91925150820384,False,126.0711747316214,224.2801782424345,False,179.62936819508244,235.67565371237816,False,113.75933698738804,279.28215491422964,False,141.685297503575,281.22233938302986,False,115.08108146787508,349.32829169876,False,150.80043017406695,354.0386177758397,False,92.9630490936803,416.1383306515952,False,158.70107093257272,425.1553977796023,False,True
56,56,0.9333333333333332,0.9333333333333332,Sports2D_HALPE26_postprocessed,150.43090688610727,159.37956928364167,1.0,105.2559712736418,192.40851966014392,1.0,158.6116201709016,198.3108093559468,1.0,96.63187356634064,237.54849005791772,1.0,164.69602275240834,249.01138354222428,1.0,126.2800288955521,225.50749924661423,1.0,179.73858535975322,237.437662327476,1.0,113.05166461443864,278.9990265878309,1.0,140.86210128899148,281.01677360070505,1.0,114.39197149818578,348.96105056437096,1.0,150.4347113456967,353.8397820330044,1.0,91.22975222432048,416.5537946113213,1.0,158.8604059488369,425.1407612743197,1.0,112.71789848486092,433.10740085442825,1.0,107.2538324801297,429.4790376773003,1.0,85.56505630153319,428.8329320503693,1.0,168.1391670543412,434.4437629293057,1.0,173.46831293952943,437.5879708190269,1.0,154.94616465847005,437.9434588555082,1.0,1.0,0.9333333333333332,150.43090688610727,159.37956928364167,False,105.2559712736418,192.40851966014392,False,158.6116201709016,198.3108093559468,False,96.63187356634064,237.54849005791772,False,164.69602275240834,249.01138354222428,False,126.2800288955521,225.50749924661423,False,179.73858535975322,237.437662327476,False,113.05166461443864,278.9990265878309,False,140.86210128899148,281.01677360070505,False,114.39197149818578,348.96105056437096,False,150.4347113456967,353.8397820330044,False,91.22975222432048,416.5537946113213,False,158.8604059488369,425.1407612743197,False,True
57,57,0.95,0.95,Sports2D_HALPE26_postprocessed,150.63168979241397,159.8231250633716,1.0,105.45222276762156,192.22347885180267,1.0,157.3575281351441,198.30414576059707,1.0,96.16622402600017,237.29008906685613,1.0,161.58912143498134,249.0366367682035,1.0,126.70706361483263,227.3971774024037,1.0,178.13576856183784,241.66584096542903,1.0,112.34840869056318,279.42172388235895,1.0,139.69227846607637,281.3697967054212,1.0,113.15066824805996,349.082268064778,1.0,149.80648068681808,353.59535444701794,1.0,89.98398728147649,416.6902148643092,1.0,158.86043314597683,424.98735811341726,1.0,112.36219891661996,433.4851407292398,1.0,106.96997486344225,429.8248252406741,1.0,83.89418192728812,429.663195088406,1.0,168.40813440973528,434.4516507258044,1.0,173.78423404415472,437.4031110737907,1.0,154.8183741053942,438.0761737541031,1.0,1.0,0.95,150.63168979241397,159.8231250633716,False,105.45222276762156,192.22347885180267,False,157.3575281351441,198.30414576059707,False,96.16622402600017,237.29008906685613,False,161.58912143498134,249.0366367682035,False,126.70706361483263,227.3971774024037,False,178.13576856183784,241.66584096542903,False,112.34840869056318,279.42172388235895,False,139.69227846607637,281.3697967054212,False,113.15066824805996,349.082268064778,False,149.80648068681808,353.59535444701794,False,89.98398728147649,416.6902148643092,False,158.86043314597683,424.98735811341726,False,True
58,58,0.9666666666666668,0.9666666666666668,Sports2D_HALPE26_postprocessed,150.4185139824923,160.20260619968823,1.0,105.69060192508002,191.99127084715,1.0,155.531838258178,198.28395036597385,1.0,95.87509484153104,237.1495782694865,1.0,159.54004086822857,249.2703018531504,1.0,127.52260249210592,229.3824860025127,1.0,177.25368471996936,244.63215489090035,1.0,111.56807024009863,279.6794357401161,1.0,138.79710404389735,281.6426928926028,1.0,111.72370477047892,349.3718217494014,1.0,149.41619827373154,353.3734262302314,1.0,88.68578418561448,416.53544740704734,1.0,158.9017924185049,424.90999966625606,1.0,112.31674845560896,434.0171188979582,1.0,107.28525334827448,430.18808101512434,1.0,82.49827319903036,429.9917133494475,1.0,168.6233757560029,434.4230287632049,1.0,173.95562124381465,437.2879072688678,1.0,154.59943460010123,438.3126698395765,1.0,1.0,0.9666666666666668,150.4185139824923,160.20260619968823,False,105.69060192508002,191.99127084715,False,155.531838258178,198.28395036597385,False,95.87509484153104,237.1495782694865,False,159.54004086822857,249.2703018531504,False,127.52260249210592,229.3824860025127,False,177.25368471996936,244.63215489090035,False,111.56807024009863,279.6794357401161,False,138.79710404389735,281.6426928926028,False,111.72370477047892,349.3718217494014,False,149.41619827373154,353.3734262302314,False,88.68578418561448,416.53544740704734,False,158.9017924185049,424.90999966625606,False,True
59,59,0.9833333333333332,0.9833333333333332,Sports2D_HALPE26_postprocessed,150.21368919435147,160.10439305837446,1.0,105.80927864532728,191.44222887145065,1.0,153.60066590647452,198.28029553913748,1.0,95.61284575430672,237.082957348648,1.0,156.22274428939912,249.4460570757974,1.0,129.34672138710576,231.6964687066844,1.0,177.2261042950692,246.74718795710123,1.0,110.7234782931717,279.8501455479863,1.0,137.47679402562355,281.8086988404264,1.0,109.83912460322654,350.1794146720242,1.0,149.06144801279402,353.3866443623526,1.0,87.24050028872443,416.8226783827157,1.0,158.82163024640394,424.7500060572596,1.0,112.20145591845731,434.4746214674306,1.0,107.04625708278006,430.7414523037076,1.0,80.60305982553825,430.5751086838613,1.0,169.07847684613392,434.3939018683915,1.0,174.29802996838578,437.2633667276024,1.0,154.60008877575262,438.271512791669,1.0,1.0,0.9833333333333332,150.21368919435147,160.10439305837446,False,105.80927864532728,191.44222887145065,False,153.60066590647452,198.28029553913748,False,95.61284575430672,237.082957348648,False,156.22274428939912,249.4460570757974,False,129.34672138710576,231.6964687066844,False,177.2261042950692,246.74718795710123,False,110.7234782931717,279.8501455479863,False,137.47679402562355,281.8086988404264,False,109.83912460322654,350.1794146720242,False,149.06144801279402,353.3866443623526,False,87.24050028872443,416.8226783827157,False,158.82163024640394,424.7500060572596,False,True
60,60,1.0,1.0,Sports2D_HALPE26_postprocessed,150.6925429901514,160.6578579695582,1.0,106.47396758498368,190.73673296304088,1.0,151.58902043213064,198.2825250313429,1.0,95.89321315627056,236.94627936486307,1.0,154.09815021384563,249.75370317906217,1.0,133.33053850748917,238.63859563673407,1.0,176.26741574911978,248.72836741738928,1.0,110.55627702494284,279.9147682532655,1.0,136.8655922631349,281.9816634487485,1.0,108.72905998743924,351.17592561208,1.0,148.97946293759156,353.50866922858177,1.0,85.94027387230028,416.79797313687504,1.0,158.95869486826118,424.81379023919135,1.0,112.2008592493348,435.14778200303584,1.0,107.93325640782896,431.9400228820291,1.0,79.30731382452345,431.4211292766663,1.0,171.17671187673722,434.3401647879158,1.0,174.65383052418326,437.5952901973735,1.0,154.7718145933826,438.3099925217282,1.0,1.0,1.0,150.6925429901514,160.6578579695582,False,106.47396758498368,190.73673296304088,False,151.58902043213064,198.2825250313429,False,95.89321315627056,236.94627936486307,False,154.09815021384563,249.75370317906217,False,133.33053850748917,238.63859563673407,False,176.26741574911978,248.72836741738928,False,110.55627702494284,279.9147682532655,False,136.8655922631349,281.9816634487485,False,108.72905998743924,351.17592561208,False,148.97946293759156,353.50866922858177,False,85.94027387230028,416.79797313687504,False,158.95869486826118,424.81379023919135,False,True
61,61,1.0166666666666666,1.0166666666666666,Sports2D_HALPE26_postprocessed,149.93179771566986,160.60982511676727,1.0,107.17579088140184,190.59498160592656,1.0,149.74660832128183,198.34597119159395,1.0,95.83840249476224,236.65071583251213,1.0,151.73824420632505,249.956280503594,1.0,133.5265289468097,239.18827674360168,1.0,174.220606624928,251.3101973789229,1.0,109.41448277815374,280.2544087713419,1.0,135.628796163769,282.5036765171916,1.0,107.81056025835936,351.22657232050574,1.0,148.7763752245395,353.5760080638925,1.0,85.52656485512259,416.9427207415958,1.0,159.11581148212318,424.8978044581754,1.0,112.21902729819924,435.1825389278117,1.0,107.92487565068105,432.0972478442868,1.0,78.9018055166744,432.0082002401235,1.0,170.98639989156604,434.2051199208186,1.0,174.80166682960922,437.7153513741991,1.0,154.77584183181892,438.58120752684886,1.0,1.0,1.0166666666666666,149.93179771566986,160.60982511676727,False,107.17579088140184,190.59498160592656,False,149.74660832128183,198.34597119159395,False,95.83840249476224,236.65071583251213,False,151.73824420632505,249.956280503594,False,133.5265289468097,239.18827674360168,False,174.220606624928,251.3101973789229,False,109.41448277815374,280.2544087713419,False,135.628796163769,282.5036765171916,False,107.81056025835936,351.22657232050574,False,148.7763752245395,353.5760080638925,False,85.52656485512259,416.9427207415958,False,159.11581148212318,424.8978044581754,False,True
62,62,1.0333333333333332,1.0333333333333332,Sports2D_HALPE26_postprocessed,149.37695236018493,160.73678258504938,1.0,107.507907307902,190.4867566349573,1.0,148.03480300009454,198.4518634952485,1.0,96.11071122654845,236.2952540826639,1.0,148.56842864529673,250.1615952983397,1.0,133.52304018220173,239.44761113984387,1.0,172.39445472596725,253.5166215397327,1.0,108.20414715657878,280.22388688013706,1.0,134.4524126862573,282.3340482192425,1.0,105.78016160852852,351.4066934188824,1.0,148.94788886185654,353.4292277124836,1.0,84.8807761613659,417.997433358726,1.0,159.13146137476303,424.93745990630566,1.0,112.3630923878744,435.3125306121791,1.0,108.67815330205278,432.3678145741414,1.0,78.37195911383608,433.4046068303378,1.0,171.14901586524957,434.2449307914119,1.0,174.70278885218914,437.8800436976953,1.0,154.91753990401548,438.4042504715056,1.0,1.0,1.0333333333333332,149.37695236018493,160.73678258504938,False,107.507907307902,190.4867566349573,False,148.03480300009454,198.4518634952485,False,96.11071122654845,236.2952540826639,False,148.56842864529673,250.1615952983397,False,133.52304018220173,239.44761113984387,False,172.39445472596725,253.5166215397327,False,108.20414715657878,280.22388688013706,False,134.4524126862573,282.3340482192425,False,105.78016160852852,351.4066934188824,False,148.94788886185654,353.4292277124836,False,84.8807761613659,417.997433358726,False,159.13146137476303,424.93745990630566,False,True
63,63,1.05,1.05,Sports2D_HALPE26_postprocessed,148.83139810542627,161.1289834682665,1.0,108.1591862062794,190.46168702287736,1.0,145.6830708922331,198.6645502185964,1.0,96.5416227524096,235.8902313127629,1.0,144.70109178806226,250.3512567197311,1.0,134.01151760794394,241.7254499733945,1.0,169.89738178377482,256.26536647372444,1.0,106.45647646347912,280.20979302816863,1.0,133.07893059996724,282.300846321562,1.0,103.90662830138484,351.89441382171555,1.0,148.70443758583323,353.6035853169072,1.0,84.19674490127981,419.6092821473992,1.0,159.20081175600507,425.10548343493656,1.0,112.49821688903552,435.3030259573159,1.0,108.93456907920424,432.4172612147783,1.0,78.12313149158598,434.3214156450396,1.0,171.04818681613136,434.2070044039872,1.0,174.48537188467944,438.06900515249146,1.0,155.00378900139188,438.448807937978,1.0,1.0,1.05,148.83139810542627,161.1289834682665,False,108.1591862062794,190.46168702287736,False,145.6830708922331,198.6645502185964,False,96.5416227524096,235.8902313127629,False,144.70109178806226,250.3512567197311,False,134.01151760794394,241.7254499733945,False,169.89738178377482,256.26536647372444,False,106.45647646347912,280.20979302816863,False,133.07893059996724,282.300846321562,False,103.90662830138484,351.89441382171555,False,148.70443758583323,353.6035853169072,False,84.19674490127981,419.6092821473992,False,159.20081175600507,425.10548343493656,False,True
64,64,1.0666666666666669,1.0666666666666669,Sports2D_HALPE26_postprocessed,148.52501740344653,161.86640817988206,1.0,108.59648259848028,190.25316591424505,1.0,143.40920071944842,198.86921173143327,1.0,98.05115656057188,236.3557902176563,1.0,141.4128005695918,250.4909485370653,1.0,138.7045810423636,246.00645657322565,1.0,167.00368867374175,258.5407882591134,1.0,105.15286479783418,279.9898825032887,1.0,131.36412004525042,282.075739047908,1.0,102.17128726824684,352.39522873566625,1.0,148.46537355382503,353.1476605779131,1.0,83.89411146354338,420.4804927271367,1.0,159.32647741889758,425.1895324026733,1.0,112.65040812538146,435.2024015862388,1.0,109.12996473235592,432.41968674740747,1.0,77.99208839092546,435.0650261269426,1.0,171.65305441183028,434.33448819166,1.0,174.52671271206287,438.4169017635064,1.0,154.9844655975835,438.4434616623444,1.0,1.0,1.0666666666666669,148.52501740344653,161.86640817988206,False,108.59648259848028,190.25316591424505,False,143.40920071944842,198.86921173143327,False,98.05115656057188,236.3557902176563,False,141.4128005695918,250.4909485370653,False,138.7045810423636,246.00645657322565,False,167.00368867374175,258.5407882591134,False,105.15286479783418,279.9898825032887,False,131.36412004525042,282.075739047908,False,102.17128726824684,352.39522873566625,False,148.46537355382503,353.1476605779131,False,83.89411146354338,420.4804927271367,False,159.32647741889758,425.1895324026733,False,True
65,65,1.0833333333333333,1.0833333333333333,Sports2D_HALPE26_postprocessed,147.98053933241803,162.4402955762703,1.0,108.98213879165536,190.25552660480912,1.0,141.35789937775436,199.4410573359673,1.0,101.97741114998746,236.9109655781536,1.0,138.84172971424204,250.6174295495535,1.0,140.91112182330542,251.1277304679429,1.0,165.16909232075793,260.64009528754247,1.0,103.65523143273164,279.477985328519,1.0,129.8134786836329,281.65247236855464,1.0,100.59954202665008,352.6005363586549,1.0,148.35940094526353,352.7124123314594,1.0,83.38228201070467,421.00146833014605,1.0,159.1566878091724,425.14884877186336,1.0,112.69691894765536,435.0642846922434,1.0,109.13139183414089,432.4078540200701,1.0,77.93648785408321,435.257178284356,1.0,172.51384868378378,434.5437105849565,1.0,174.51877562525203,438.83046872056417,1.0,154.98319764306206,438.3203384330839,1.0,1.0,1.0833333333333333,147.98053933241803,162.4402955762703,False,108.98213879165536,190.25552660480912,False,141.35789937775436,199.4410573359673,False,101.97741114998746,236.9109655781536,False,138.84172971424204,250.6174295495535,False,140.91112182330542,251.1277304679429,False,165.16909232075793,260.64009528754247,False,103.65523143273164,279.477985328519,False,129.8134786836329,281.65247236855464,False,100.59954202665008,352.6005363586549,False,148.35940094526353,352.7124123314594,False,83.38228201070467,421.00146833014605,False,159.1566878091724,425.14884877186336,False,True
66,66,1.1,1.1,Sports2D_HALPE26_postprocessed,147.04154721685066,162.73638635056292,1.0,109.05507944049133,190.32583061668976,1.0,139.21111787850916,200.1717080278352,1.0,102.62109419430718,237.6007388950568,1.0,136.20195397544126,250.7655166608192,1.0,141.12600596924824,254.77343351408825,1.0,162.92756177781158,262.1926520287619,1.0,102.4397315378978,279.16225700973814,1.0,128.20368905874216,281.3276150934116,1.0,99.00182552299708,352.6703102027716,1.0,147.85334988937345,352.18709604121534,1.0,82.92256198786379,421.0976756381717,1.0,159.05648617817326,425.07801745997904,1.0,112.74202573352456,434.9339416372154,1.0,109.0782155994919,432.3315117503369,1.0,77.86334006455353,435.4594288277058,1.0,172.97970308744925,434.882421584344,1.0,174.42023269691273,438.6474928033877,1.0,155.12721191978693,438.22843794034895,1.0,1.0,1.1,147.04154721685066,162.73638635056292,False,109.05507944049133,190.32583061668976,False,139.21111787850916,200.1717080278352,False,102.62109419430718,237.6007388950568,False,136.20195397544126,250.7655166608192,False,141.12600596924824,254.77343351408825,False,162.92756177781158,262.1926520287619,False,102.4397315378978,279.16225700973814,False,128.20368905874216,281.3276150934116,False,99.00182552299708,352.6703102027716,False,147.85334988937345,352.18709604121534,False,82.92256198786379,421.0976756381717,False,159.05648617817326,425.07801745997904,False,True
67,67,1.1166666666666667,1.1166666666666667,Sports2D_HALPE26_postprocessed,146.59475085703605,163.23884428926291,1.0,109.04059501667336,190.38885438090333,1.0,136.59681428516691,200.4764953105979,1.0,103.2648534963618,238.93322165551416,1.0,133.07674539666138,251.07084587675496,1.0,140.40673591524617,253.45948457090023,1.0,158.89475867384334,263.3588268976987,1.0,100.4054715900199,278.8702230108147,1.0,126.4665934239706,281.0163412063947,1.0,97.30193618547172,352.7690829109665,1.0,147.23108914887433,351.72737260036195,1.0,82.70547495448979,421.201889416144,1.0,159.08923017941177,425.0093454929988,1.0,112.94176945646046,434.76029504100615,1.0,109.02240867834738,432.1955419182021,1.0,77.73649105802038,435.4870365166869,1.0,173.37885444936774,435.3164672065501,1.0,174.2635314195767,438.5953166322245,1.0,155.38712864507357,438.1496275464342,1.0,1.0,1.1166666666666667,146.59475085703605,163.23884428926291,False,109.04059501667336,190.38885438090333,False,136.59681428516691,200.4764953105979,False,103.2648534963618,238.93322165551416,False,133.07674539666138,251.07084587675496,False,140.40673591524617,253.45948457090023,False,158.89475867384334,263.3588268976987,False,100.4054715900199,278.8702230108147,False,126.4665934239706,281.0163412063947,False,97.30193618547172,352.7690829109665,False,147.23108914887433,351.72737260036195,False,82.70547495448979,421.201889416144,False,159.08923017941177,425.0093454929988,False,True
68,68,1.1333333333333333,1.1333333333333333,Sports2D_HALPE26_postprocessed,145.88871306297017,163.30267081037735,1.0,109.15822279026423,190.3446124272637,1.0,134.58394199371878,200.72503875722165,1.0,103.1556813100364,239.61479591136705,1.0,130.55699664051622,251.01893258892304,1.0,138.61725995420946,259.4413931018512,1.0,156.3235198473122,264.5676914013319,1.0,98.94330257085728,278.532796249835,1.0,123.65073760120951,280.43512170175256,1.0,95.2813024493408,352.8914437164412,1.0,146.75245274139908,351.2832237565566,1.0,82.40197076086142,421.2973827180143,1.0,158.93739044645454,424.7653123792567,1.0,113.07939207857812,434.6993339231029,1.0,109.09389096274909,432.1624551838087,1.0,77.59612315149408,435.39574131944113,1.0,173.82017204005422,435.44154390924353,1.0,174.01263017974622,438.54609631065136,1.0,155.28929657860212,437.9748323256389,1.0,1.0,1.1333333333333333,145.88871306297017,163.30267081037735,False,109.15822279026423,190.3446124272637,False,134.58394199371878,200.72503875722165,False,103.1556813100364,239.61479591136705,False,130.55699664051622,251.01893258892304,False,138.61725995420946,259.4413931018512,False,156.3235198473122,264.5676914013319,False,98.94330257085728,278.532796249835,False,123.65073760120951,280.43512170175256,False,95.2813024493408,352.8914437164412,False,146.75245274139908,351.2832237565566,False,82.40197076086142,421.2973827180143,False,158.93739044645454,424.7653123792567,False,True
69,69,1.15,1.15,Sports2D_HALPE26_postprocessed,145.88855129170827,163.92478161978266,1.0,108.54367209425344,190.44060656025704,1.0,132.38761406323667,200.88244482606004,1.0,101.57495921585172,240.0984647300612,1.0,127.42871253237,251.131340922439,1.0,137.01510327135165,260.732268654499,1.0,154.93384487407826,266.15036298949224,1.0,97.75766975077548,278.25704791195164,1.0,121.89447332966802,280.2415907552814,1.0,92.79870884209646,353.0459692627287,1.0,146.45153894720806,350.8330964201213,1.0,82.25290477403905,421.51682477543056,1.0,158.66347026163675,424.69345750007926,1.0,113.27743116584683,434.7229127383687,1.0,109.24212926930085,432.2083194498046,1.0,77.75308559709296,435.11270656023294,1.0,174.7608491686123,435.2946062557565,1.0,173.8640117937976,438.3932221997255,1.0,155.0967877193252,437.10234927906725,1.0,1.0,1.15,145.88855129170827,163.92478161978266,False,108.54367209425344,190.44060656025704,False,132.38761406323667,200.88244482606004,False,101.57495921585172,240.0984647300612,False,127.42871253237,251.131340922439,False,137.01510327135165,260.732268654499,False,154.93384487407826,266.15036298949224,False,97.75766975077548,278.25704791195164,False,121.89447332966802,280.2415907552814,False,92.79870884209646,353.0459692627287,False,146.45153894720806,350.8330964201213,False,82.25290477403905,421.51682477543056,False,158.66347026163675,424.69345750007926,False,True
70,70,1.1666666666666667,1.1666666666666667,Sports2D_HALPE26_postprocessed,145.69296812351365,164.39056875220527,1.0,107.69217092358258,190.4812433895039,1.0,130.26285852854951,200.8277109880803,1.0,100.53538403274396,240.8228863666928,1.0,125.19445876374412,251.39039862422828,1.0,137.5372286565701,261.5517650445263,1.0,152.76877773524544,267.6330202928224,1.0,96.52152832215558,278.19938108025974,1.0,120.24718316021888,280.1789780866554,1.0,91.55457919438231,353.0327625500779,1.0,145.85911016834257,350.81385159798367,1.0,82.06305131436937,421.3935620841439,1.0,158.048519479954,424.253258078026,1.0,113.22355505844143,434.6941511634933,1.0,109.02564609408589,432.190905325921,1.0,77.65975311152184,434.75676210915736,1.0,175.0412431207173,434.9454365875311,1.0,173.8203269714059,438.21299643961527,1.0,153.79325205130698,436.2773554612102,1.0,1.0,1.1666666666666667,145.69296812351365,164.39056875220527,False,107.69217092358258,190.4812433895039,False,130.26285852854951,200.8277109880803,False,100.53538403274396,240.8228863666928,False,125.19445876374412,251.39039862422828,False,137.5372286565701,261.5517650445263,False,152.76877773524544,267.6330202928224,False,96.52152832215558,278.19938108025974,False,120.24718316021888,280.1789780866554,False,91.55457919438231,353.0327625500779,False,145.85911016834257,350.81385159798367,False,82.06305131436937,421.3935620841439,False,158.048519479954,424.253258078026,False,True
71,71,1.1833333333333331,1.1833333333333331,Sports2D_HALPE26_postprocessed,145.04677542393426,164.73142623313413,1.0,107.36215917895096,190.58076227274165,1.0,128.5357994414132,200.6150581197417,1.0,99.6596316375874,241.2035450209815,1.0,122.08785350154936,251.51340720074865,1.0,136.9850352830603,260.49418342825044,1.0,149.6426396929516,269.68101031356866,1.0,94.97162925373138,278.4416690879938,1.0,118.64199878821364,280.29455616834616,1.0,90.47425829341373,353.0220560681951,1.0,145.1371341777354,350.12533051339614,1.0,81.79336283701238,421.1619437061476,1.0,156.83956991218574,423.7462493287204,1.0,113.03522729448918,434.7290544012996,1.0,108.98197048400888,432.2409095922966,1.0,77.49995602724914,434.6967483456614,1.0,175.4589010557927,434.6789259488912,1.0,173.6670351752245,437.861437775594,1.0,151.91627053467838,435.7031414130008,1.0,1.0,1.1833333333333331,145.04677542393426,164.73142623313413,False,107.36215917895096,190.58076227274165,False,128.5357994414132,200.6150581197417,False,99.6596316375874,241.2035450209815,False,122.08785350154936,251.51340720074865,False,136.9850352830603,260.49418342825044,False,149.6426396929516,269.68101031356866,False,94.97162925373138,278.4416690879938,False,118.64199878821364,280.29455616834616,False,90.47425829341373,353.0220560681951,False,145.1371341777354,350.12533051339614,False,81.79336283701238,421.1619437061476,False,156.83956991218574,423.7462493287204,False,True
72,72,1.2,1.2,Sports2D_HALPE26_postprocessed,144.26058668391107,165.13587143603158,1.0,106.75962154941467,190.63485601343496,1.0,126.8287944438074,200.4114803010641,1.0,98.60100193438298,240.465215087425,1.0,119.88137011635403,251.6137260042046,1.0,135.83491250495533,259.7870844867457,1.0,147.88108582915635,271.7645374765607,1.0,94.01319055080506,278.5861952164173,1.0,117.85472237720762,280.2406491107714,1.0,89.77960146866502,352.7870912152741,1.0,144.36810784723403,348.8156933407591,1.0,81.84002174399424,421.12008465912766,1.0,155.48483139462593,422.7702387113357,1.0,112.58895498718854,434.788516854485,1.0,108.65178141791878,432.2972153608666,1.0,77.21907343779606,434.6405038986869,1.0,175.6089494675114,433.47817458498366,1.0,173.49938580933366,437.0460893318036,1.0,150.4279769027725,434.9499394411803,1.0,1.0,1.2,144.26058668391107,165.13587143603158,False,106.75962154941467,190.63485601343496,False,126.8287944438074,200.4114803010641,False,98.60100193438298,240.465215087425,False,119.88137011635403,251.6137260042046,False,135.83491250495533,259.7870844867457,False,147.88108582915635,271.7645374765607,False,94.01319055080506,278.5861952164173,False,117.85472237720762,280.2406491107714,False,89.77960146866502,352.7870912152741,False,144.36810784723403,348.8156933407591,False,81.84002174399424,421.12008465912766,False,155.48483139462593,422.7702387113357,False,True
73,73,1.2166666666666666,1.2166666666666666,Sports2D_HALPE26_postprocessed,143.31381036477217,165.88884849283158,1.0,106.31698891422346,190.51765712792863,1.0,125.1731916342038,200.28922642939463,1.0,98.55778062223828,240.28393073039064,1.0,118.11105390486787,251.55333265125932,1.0,135.7774769678382,260.2070965710625,1.0,147.08137763861407,273.24085787077934,1.0,93.85032486685124,278.7094344743363,1.0,116.65657026306256,280.3162558154263,1.0,89.23643712701309,352.849202679786,1.0,143.21897742833707,348.0987041621044,1.0,81.68149727656937,421.1171423219621,1.0,153.7348062998567,421.96756670199386,1.0,112.56768702794552,435.0585580287104,1.0,108.67387722604954,432.4810629557743,1.0,77.31861564977899,434.6254431832666,1.0,176.5040626276348,432.2156120941817,1.0,173.71689322678446,435.5896761628827,1.0,148.24762800065238,433.84708335785945,1.0,1.0,1.2166666666666666,143.31381036477217,165.88884849283158,False,106.31698891422346,190.51765712792863,False,125.1731916342038,200.28922642939463,False,98.55778062223828,240.28393073039064,False,118.11105390486787,251.55333265125932,False,135.7774769678382,260.2070965710625,False,147.08137763861407,273.24085787077934,False,93.85032486685124,278.7094344743363,False,116.65657026306256,280.3162558154263,False,89.23643712701309,352.849202679786,False,143.21897742833707,348.0987041621044,False,81.68149727656937,421.1171423219621,False,153.7348062998567,421.96756670199386,False,True
74,74,1.2333333333333334,1.2333333333333334,Sports2D_HALPE26_postprocessed,143.1948709263555,166.19139204223904,1.0,105.84291988926805,190.53863944020844,1.0,124.03541240163668,200.11746096595715,1.0,98.30150865292616,240.3195444644548,1.0,115.54841796846708,251.21180995734983,1.0,135.94631287109243,261.0308721615721,1.0,145.83591501539692,274.4429768865848,1.0,92.92135894635874,278.6081396827115,1.0,115.11708588107828,280.2374237492294,1.0,89.05277771988611,352.9899226217142,1.0,142.13216626977132,347.1976413967707,1.0,81.52160791764283,421.1692853310815,1.0,151.60390828426765,421.0902986403656,1.0,112.24465879646996,435.5377294610015,1.0,108.55520171841354,432.6335283068895,1.0,77.3083726794173,434.69880395711925,1.0,177.26683110386418,430.0053730513607,1.0,174.00638764694216,434.1988082342724,1.0,146.08235671247604,433.0198998883244,1.0,1.0,1.2333333333333334,143.1948709263555,166.19139204223904,False,105.84291988926805,190.53863944020844,False,124.03541240163668,200.11746096595715,False,98.30150865292616,240.3195444644548,False,115.54841796846708,251.21180995734983,False,135.94631287109243,261.0308721615721,False,145.83591501539692,274.4429768865848,False,92.92135894635874,278.6081396827115,False,115.11708588107828,280.2374237492294,False,89.05277771988611,352.9899226217142,False,142.13216626977132,347.1976413967707,False,81.52160791764283,421.1692853310815,False,151.60390828426765,421.0902986403656,False,True
75,75,1.25,1.25,Sports2D_HALPE26_postprocessed,142.22322683944034,166.47161473926857,1.0,105.51613601578282,190.627246338704,1.0,122.4322846398398,200.0489614375427,1.0,97.41874230871628,239.2541401744486,1.0,112.44877373217946,250.67851307329025,1.0,134.0581106861957,260.9542892764156,1.0,141.8474449857034,274.3870863528284,1.0,92.47059431845624,278.1278568175109,1.0,113.44818749367676,279.64986792697687,1.0,88.75352449159107,353.000416977998,1.0,141.33339740686708,346.9482493147684,1.0,81.33225707723949,421.1428524300263,1.0,149.38511214928408,420.10577769364033,1.0,111.3661980626388,436.2317651737516,1.0,108.09320193869902,432.92864025445465,1.0,77.21516612596224,434.7654905387072,1.0,177.6160683275818,429.1376371628821,1.0,174.09614131406977,433.7907154592488,1.0,143.912735597384,432.5565665485583,1.0,1.0,1.25,142.22322683944034,166.47161473926857,False,105.51613601578282,190.627246338704,False,122.4322846398398,200.0489614375427,False,97.41874230871628,239.2541401744486,False,112.44877373217946,250.67851307329025,False,134.0581106861957,260.9542892764156,False,141.8474449857034,274.3870863528284,False,92.47059431845624,278.1278568175109,False,113.44818749367676,279.64986792697687,False,88.75352449159107,353.000416977998,False,141.33339740686708,346.9482493147684,False,81.33225707723949,421.1428524300263,False,149.38511214928408,420.10577769364033,False,True
76,76,1.2666666666666666,1.2666666666666666,Sports2D_HALPE26_postprocessed,141.5759425383486,166.8483722013333,1.0,105.01982625750958,190.7079773812558,1.0,121.61028767597551,199.8652626703665,1.0,95.9476716505088,237.6136837947012,1.0,110.65741486023984,249.83015855185369,1.0,132.5871293817036,261.7641585905673,1.0,139.10744222415096,274.8968963111302,1.0,92.3449611005679,278.11934402603583,1.0,112.1757994985749,279.60295453624406,1.0,88.52140598801304,353.1615294181657,1.0,140.1866060063698,346.9752284318644,1.0,81.38972202389962,421.23630738206737,1.0,147.62882220621265,419.9494324253517,1.0,110.93154783256747,436.38818766123984,1.0,107.8854636722982,433.1055588392304,1.0,77.23459716709739,434.7353638492695,1.0,177.92776745440375,428.7151292181711,1.0,174.2886795414636,433.3796577731414,1.0,142.63515357393717,432.56303464667474,1.0,1.0,1.2666666666666666,141.5759425383486,166.8483722013333,False,105.01982625750958,190.7079773812558,False,121.61028767597551,199.8652626703665,False,95.9476716505088,237.6136837947012,False,110.65741486023984,249.83015855185369,False,132.5871293817036,261.7641585905673,False,139.10744222415096,274.8968963111302,False,92.3449611005679,278.11934402603583,False,112.1757994985749,279.60295453624406,False,88.52140598801304,353.1615294181657,False,140.1866060063698,346.9752284318644,False,81.38972202389962,421.23630738206737,False,147.62882220621265,419.9494324253517,False,True
77,77,1.2833333333333332,1.2833333333333332,Sports2D_HALPE26_postprocessed,141.30759507182466,167.22410797035928,1.0,105.25656569908033,190.63868953358204,1.0,120.2228870244901,199.75952345895297,1.0,94.5591252399852,236.3687316757021,1.0,108.745865918852,249.50961649726773,1.0,131.21027625193136,262.65596127376386,1.0,137.12348009487832,275.929523959642,1.0,92.30542760527514,278.1372318821558,1.0,110.7251667876241,279.5601535210172,1.0,88.58294285213518,353.24639395002094,1.0,139.17885870601972,346.56029425242,1.0,81.39423877037635,421.1927606188991,1.0,146.11021411690157,419.3196788038727,1.0,110.78905762936203,436.5606745461084,1.0,107.45659008871372,433.0952559881865,1.0,76.99163511136945,434.6326928064701,1.0,178.2852521806081,428.25016763413794,1.0,174.3421336823043,433.1934805533493,1.0,141.628419713186,432.4215014984177,1.0,1.0,1.2833333333333332,141.30759507182466,167.22410797035928,False,105.25656569908033,190.63868953358204,False,120.2228870244901,199.75952345895297,False,94.5591252399852,236.3687316757021,False,108.745865918852,249.50961649726773,False,131.21027625193136,262.65596127376386,False,137.12348009487832,275.929523959642,False,92.30542760527514,278.1372318821558,False,110.7251667876241,279.5601535210172,False,88.58294285213518,353.24639395002094,False,139.17885870601972,346.56029425242,False,81.39423877037635,421.1927606188991,False,146.11021411690157,419.3196788038727,False,True
78,78,1.3,1.3,Sports2D_HALPE26_postprocessed,140.8883295789099,167.34514129719798,1.0,105.28638818835262,190.5720472200072,1.0,119.12328007450222,199.4180753615849,1.0,93.67151340047636,235.20653992559656,1.0,107.18654065055188,248.440241748429,1.0,130.80752622293812,263.2325327870208,1.0,135.55396131399334,276.988369797744,1.0,92.17212993799566,278.3450234759474,1.0,109.23018046772538,279.5541029178807,1.0,88.37431467076306,353.42756085865904,1.0,138.06671247919672,346.1129662726391,1.0,81.34253761564216,421.1505900906153,1.0,144.56203014856104,419.015619018655,1.0,110.620965147484,436.6430158621041,1.0,106.97105106393434,433.06041787785387,1.0,76.85691787394629,434.5444147016122,1.0,177.85439624769973,428.1815544733997,1.0,174.07127453034929,433.2179338561688,1.0,140.58741318651906,432.29070744385695,1.0,1.0,1.3,140.8883295789099,167.34514129719798,False,105.28638818835262,190.5720472200072,False,119.12328007450222,199.4180753615849,False,93.67151340047636,235.20653992559656,False,107.18654065055188,248.440241748429,False,130.80752622293812,263.2325327870208,False,135.55396131399334,276.988369797744,False,92.17212993799566,278.3450234759474,False,109.23018046772538,279.5541029178807,False,88.37431467076306,353.42756085865904,False,138.06671247919672,346.1129662726391,False,81.34253761564216,421.1505900906153,False,144.56203014856104,419.015619018655,False,True
79,79,1.3166666666666669,1.3166666666666669,Sports2D_HALPE26_postprocessed,140.72348342395367,167.45704963475788,1.0,105.19174536649012,190.4386384846888,1.0,117.59507354517098,198.93770835594083,1.0,94.70828254454582,235.5285733348656,1.0,105.54189218601164,247.90569736176585,1.0,131.08068472575337,264.06489495095127,1.0,133.84774235791343,277.5859318181459,1.0,91.83460826125553,278.43123193967574,1.0,108.04497497305262,279.5970884037228,1.0,88.25796648292093,353.44535175326416,1.0,136.0312733883218,345.715213543822,1.0,81.239287683978,421.09102247238025,1.0,142.90440296556605,418.7272540765638,1.0,110.24679686683264,436.7743865023271,1.0,106.72614088962436,432.995937524974,1.0,76.66595044110971,434.4232293246615,1.0,176.90657436112198,428.2462264931455,1.0,173.21229594503353,433.5388754802166,1.0,139.3999673608959,431.9843711239785,1.0,1.0,1.3166666666666669,140.72348342395367,167.45704963475788,False,105.19174536649012,190.4386384846888,False,117.59507354517098,198.93770835594083,False,94.70828254454582,235.5285733348656,False,105.54189218601164,247.90569736176585,False,131.08068472575337,264.06489495095127,False,133.84774235791343,277.5859318181459,False,91.83460826125553,278.43123193967574,False,108.04497497305262,279.5970884037228,False,88.25796648292093,353.44535175326416,False,136.0312733883218,345.715213543822,False,81.239287683978,421.09102247238025,False,142.90440296556605,418.7272540765638,False,True
80,80,1.3333333333333333,1.3333333333333333,Sports2D_HALPE26_postprocessed,140.5145562519246,167.38882385052293,1.0,104.94906162259196,189.9553288408989,1.0,116.68780314443872,198.65539798922805,1.0,92.5341916885084,235.024487499594,1.0,103.83241259757555,246.96883029897143,1.0,130.3010496631197,264.3604266554032,1.0,131.53311795961972,278.01033494027115,1.0,91.80560409065208,278.5225416188444,1.0,106.72501338695552,279.9036412750114,1.0,88.16551128666222,353.4122407440908,1.0,134.21743531226423,345.89028131374846,1.0,81.09195583760695,421.03919183557366,1.0,141.12874971598856,418.7467645114698,1.0,110.10067077052882,436.5844980638813,1.0,106.5918152736282,432.9347166751958,1.0,76.43048152125823,434.2686410461472,1.0,175.9065233938517,428.84785517770666,1.0,171.7547271584757,433.91890656163946,1.0,137.66559681318756,431.75081203124216,1.0,1.0,1.3333333333333333,140.5145562519246,167.38882385052293,False,104.94906162259196,189.9553288408989,False,116.68780314443872,198.65539798922805,False,92.5341916885084,235.024487499594,False,103.83241259757555,246.96883029897143,False,130.3010496631197,264.3604266554032,False,131.53311795961972,278.01033494027115,False,91.80560409065208,278.5225416188444,False,106.72501338695552,279.9036412750114,False,88.16551128666222,353.4122407440908,False,134.21743531226423,345.89028131374846,False,81.09195583760695,421.03919183557366,False,141.12874971598856,418.7467645114698,False,True
81,81,1.35,1.35,Sports2D_HALPE26_postprocessed,140.25431384564075,167.46216619127404,1.0,104.49613329133835,190.0693407717308,1.0,115.22488206772204,198.59681799785923,1.0,94.36979142361903,235.79093471198283,1.0,102.71135836707236,246.4669451299584,1.0,130.1615278456067,266.1869853790004,1.0,129.1346134900068,278.309294224267,1.0,91.37980084453008,278.42223197957617,1.0,105.28929808681394,279.8270535504409,1.0,88.34117501410825,353.40705490089374,1.0,132.70805135678717,345.9219350220405,1.0,81.01429930750676,421.0643794619377,1.0,139.63618141251362,419.2304533573168,1.0,109.7242294434326,436.1528856259316,1.0,106.25596673718948,432.9505330886526,1.0,76.28670054785071,434.1137940251709,1.0,174.70745970043632,429.28269423805045,1.0,170.20496116026928,434.5566936800215,1.0,136.1668459827907,431.4730423656474,1.0,1.0,1.35,140.25431384564075,167.46216619127404,False,104.49613329133835,190.0693407717308,False,115.22488206772204,198.59681799785923,False,94.36979142361903,235.79093471198283,False,102.71135836707236,246.4669451299584,False,130.1615278456067,266.1869853790004,False,129.1346134900068,278.309294224267,False,91.37980084453008,278.42223197957617,False,105.28929808681394,279.8270535504409,False,88.34117501410825,353.40705490089374,False,132.70805135678717,345.9219350220405,False,81.01429930750676,421.0643794619377,False,139.63618141251362,419.2304533573168,False,True
82,82,1.3666666666666667,1.3666666666666667,Sports2D_HALPE26_postprocessed,140.27339322030545,167.36637309451567,1.0,104.46667678546297,190.157666048492,1.0,114.26418162160174,198.5583942696268,1.0,94.50143310470672,236.3838659425199,1.0,101.65043019679824,246.43360075471588,1.0,129.62878135420814,268.22489462373227,1.0,127.99485258346648,278.6488726667574,1.0,91.10255126311816,278.50819880934444,1.0,104.6821002325447,279.9251913115327,1.0,88.30781132352935,353.46715120856385,1.0,131.72015485191218,346.232784734383,1.0,81.05565811459631,421.0815363373575,1.0,138.59728303736222,419.14799565760256,1.0,109.5189398546687,435.9750339544076,1.0,106.10018597111888,432.9686055130157,1.0,76.1433854362079,434.0588063164048,1.0,173.27860714934647,429.37039149605584,1.0,169.0432449583806,434.7795428853562,1.0,135.12340428030384,431.3786874065961,1.0,1.0,1.3666666666666667,140.27339322030545,167.36637309451567,False,104.46667678546297,190.157666048492,False,114.26418162160174,198.5583942696268,False,94.50143310470672,236.3838659425199,False,101.65043019679824,246.43360075471588,False,129.62878135420814,268.22489462373227,False,127.99485258346648,278.6488726667574,False,91.10255126311816,278.50819880934444,False,104.6821002325447,279.9251913115327,False,88.30781132352935,353.46715120856385,False,131.72015485191218,346.232784734383,False,81.05565811459631,421.0815363373575,False,138.59728303736222,419.14799565760256,False,True
83,83,1.3833333333333333,1.3833333333333333,Sports2D_HALPE26_postprocessed,140.39137712794812,167.3414708295945,1.0,104.75992489285844,190.3248411936073,1.0,113.28802091577305,198.4823594395276,1.0,95.16159997827512,237.27837540005368,1.0,99.8897634527628,246.45792888151067,1.0,129.89014376523295,269.0558145856786,1.0,126.31877013011676,278.7543310842172,1.0,91.26802521448651,279.42839079893776,1.0,103.6129937392408,280.762037979179,1.0,87.97448489559036,353.69200876427897,1.0,130.70856932183634,346.57049598189474,1.0,81.08105267740476,421.101275907556,1.0,137.16103214231768,418.69685162733407,1.0,109.51275984215866,435.9078855169565,1.0,106.11436255946548,432.98969320411226,1.0,76.10259531942097,434.110379907496,1.0,171.76840731282223,429.65905964440856,1.0,167.55625235419845,435.1828167390767,1.0,133.63120908792496,431.63041014392326,1.0,1.0,1.3833333333333333,140.39137712794812,167.3414708295945,False,104.75992489285844,190.3248411936073,False,113.28802091577305,198.4823594395276,False,95.16159997827512,237.27837540005368,False,99.8897634527628,246.45792888151067,False,129.89014376523295,269.0558145856786,False,126.31877013011676,278.7543310842172,False,91.26802521448651,279.42839079893776,False,103.6129937392408,280.762037979179,False,87.97448489559036,353.69200876427897,False,130.70856932183634,346.57049598189474,False,81.08105267740476,421.101275907556,False,137.16103214231768,418.69685162733407,False,True
84,84,1.4,1.4,Sports2D_HALPE26_postprocessed,140.6962167346828,167.31460899783207,1.0,104.71986398184814,190.9954636750361,1.0,112.42575504512855,198.652087509456,1.0,99.75418917567056,240.74841482723903,1.0,99.31446397253713,246.63808237528048,1.0,130.19506263331022,269.3699440496679,1.0,124.34868326859078,278.6685492559402,1.0,92.34461919463708,282.759302366797,1.0,103.86817455898117,284.2176315302509,1.0,87.72344507701987,353.9906528557246,1.0,129.42748407575323,347.52503221986564,1.0,81.16007373015618,421.1374478062284,1.0,135.8451524849094,419.43628807944543,1.0,109.55557302052527,435.9857398815941,1.0,106.19377138706052,433.0008390242293,1.0,76.11533271996097,434.1635708291054,1.0,170.77683883656923,430.148596031241,1.0,165.8295773289283,435.7537011301548,1.0,131.89743174404987,432.11314691612574,1.0,1.0,1.4,140.6962167346828,167.31460899783207,False,104.71986398184814,190.9954636750361,False,112.42575504512855,198.652087509456,False,99.75418917567056,240.74841482723903,False,99.31446397253713,246.63808237528048,False,130.19506263331022,269.3699440496679,False,124.34868326859078,278.6685492559402,False,92.34461919463708,282.759302366797,False,103.86817455898117,284.2176315302509,False,87.72344507701987,353.9906528557246,False,129.42748407575323,347.52503221986564,False,81.16007373015618,421.1374478062284,False,135.8451524849094,419.43628807944543,False,True
85,85,1.4166666666666667,1.4166666666666667,Sports2D_HALPE26_postprocessed,140.60789755695913,167.3809090969997,1.0,105.28584427891084,191.37385348591985,1.0,111.30235241174935,198.84843220978,1.0,103.42503311413616,241.2303794122354,1.0,98.04761042293389,246.71358458788853,1.0,130.01988786710092,269.89489967028385,1.0,123.3645393298548,279.08111988933183,1.0,92.2604220862079,282.91792821475445,1.0,103.0621467426442,284.4674007822517,1.0,87.5260013359275,354.086678154648,1.0,128.2094494395203,348.44815059776363,1.0,81.07350202278045,421.1576685651152,1.0,134.70351549606548,419.61214280131816,1.0,109.34570285724796,436.0714077004108,1.0,106.09272775501456,432.9281140430151,1.0,75.95362282369132,434.23705882300976,1.0,169.92644083434595,430.3177192275122,1.0,164.91862199253416,435.9968194522529,1.0,130.7379716326065,432.5803743929064,1.0,1.0,1.4166666666666667,140.60789755695913,167.3809090969997,False,105.28584427891084,191.37385348591985,False,111.30235241174935,198.84843220978,False,103.42503311413616,241.2303794122354,False,98.04761042293389,246.71358458788853,False,130.01988786710092,269.89489967028385,False,123.3645393298548,279.08111988933183,False,92.2604220862079,282.91792821475445,False,103.0621467426442,284.4674007822517,False,87.5260013359275,354.086678154648,False,128.2094494395203,348.44815059776363,False,81.07350202278045,421.1576685651152,False,134.70351549606548,419.61214280131816,False,True
86,86,1.4333333333333331,1.4333333333333331,Sports2D_HALPE26_postprocessed,140.45606139918482,167.57770758471284,1.0,106.22003783506308,191.7976512241076,1.0,110.83979604316944,198.9195203828061,1.0,100.79482620679391,240.79506959658423,1.0,97.17777928748818,246.3423067318604,1.0,129.557747287424,270.796249967877,1.0,122.81761797454584,279.4390935338575,1.0,91.75743135741112,282.0616244403583,1.0,102.00609863343308,283.6733158540929,1.0,87.62596882016044,354.1221873891693,1.0,127.35695472777462,348.569383775019,1.0,81.13876926048022,421.0291588972233,1.0,134.2575134638188,419.5783045464893,1.0,109.24345221592188,436.0862014824462,1.0,105.94697993676228,432.9495297789288,1.0,75.77356323298743,434.3299599387005,1.0,168.7958236934942,430.3847545618378,1.0,163.86758829046323,435.9772873856067,1.0,130.3577305688332,432.854614709754,1.0,1.0,1.4333333333333331,140.45606139918482,167.57770758471284,False,106.22003783506308,191.7976512241076,False,110.83979604316944,198.9195203828061,False,100.79482620679391,240.79506959658423,False,97.17777928748818,246.3423067318604,False,129.557747287424,270.796249967877,False,122.81761797454584,279.4390935338575,False,91.75743135741112,282.0616244403583,False,102.00609863343308,283.6733158540929,False,87.62596882016044,354.1221873891693,False,127.35695472777462,348.569383775019,False,81.13876926048022,421.0291588972233,False,134.2575134638188,419.5783045464893,False,True
87,87,1.45,1.45,Sports2D_HALPE26_postprocessed,140.4561069114374,167.7130318604066,1.0,109.95266117250384,192.5807370033346,1.0,109.9052676189791,199.0059000948156,1.0,103.21521993353365,240.87686996507625,1.0,96.6754031171775,246.40394317699736,1.0,129.37644825666146,271.02105577098774,1.0,122.3572103042551,280.3229607582215,1.0,91.5964586968407,281.7658685341851,1.0,100.82482109691908,283.3266509472355,1.0,87.58520488305471,354.2806248838517,1.0,126.3591676476458,349.12189290982644,1.0,81.1120859441143,421.0443114941978,1.0,133.39471863876224,419.5801938130846,1.0,109.31111329150312,436.2066899543457,1.0,106.07487988965406,432.9681268084064,1.0,75.68495249624075,434.62055140386553,1.0,168.29465749302983,430.4325265539415,1.0,163.74396787939736,435.9814507831945,1.0,129.87978555630684,433.10411743829377,1.0,1.0,1.45,140.4561069114374,167.7130318604066,False,109.95266117250384,192.5807370033346,False,109.9052676189791,199.0059000948156,False,103.21521993353365,240.87686996507625,False,96.6754031171775,246.40394317699736,False,129.37644825666146,271.02105577098774,False,122.3572103042551,280.3229607582215,False,91.5964586968407,281.7658685341851,False,100.82482109691908,283.3266509472355,False,87.58520488305471,354.2806248838517,False,126.3591676476458,349.12189290982644,False,81.1120859441143,421.0443114941978,False,133.39471863876224,419.5801938130846,False,True
88,88,1.4666666666666666,1.4666666666666666,Sports2D_HALPE26_postprocessed,140.53622296914114,167.7599545864693,1.0,112.0893580692616,193.26310406710252,1.0,109.30456785698908,199.058564400262,1.0,104.47092187895063,240.73295257142084,1.0,96.39087536119096,246.37583265471085,1.0,129.00071642609657,271.48909494141293,1.0,121.91464045927567,280.53370633888653,1.0,91.54095332298188,281.8055782648827,1.0,100.59916566968178,283.3660710444376,1.0,87.5877927063963,354.5153472155107,1.0,125.3567801102078,349.75161281497617,1.0,81.11268352312678,421.1149166343225,1.0,132.91032080943685,419.6616539955356,1.0,109.2340444356839,436.1608966694132,1.0,106.17439371113277,433.0157741114828,1.0,75.73431062071613,434.86664602884906,1.0,167.86605871306023,430.494014790399,1.0,163.34631021218792,436.0223816669954,1.0,129.41127032763043,433.37822140660927,1.0,1.0,1.4666666666666666,140.53622296914114,167.7599545864693,False,112.0893580692616,193.26310406710252,False,109.30456785698908,199.058564400262,False,104.47092187895063,240.73295257142084,False,96.39087536119096,246.37583265471085,False,129.00071642609657,271.48909494141293,False,121.91464045927567,280.53370633888653,False,91.54095332298188,281.8055782648827,False,100.59916566968178,283.3660710444376,False,87.5877927063963,354.5153472155107,False,125.3567801102078,349.75161281497617,False,81.11268352312678,421.1149166343225,False,132.91032080943685,419.6616539955356,False,True
89,89,1.4833333333333334,1.4833333333333334,Sports2D_HALPE26_postprocessed,140.80719369739325,167.79619573195615,1.0,116.03446185007266,194.11573274887976,1.0,108.56600418815478,199.1054428612594,1.0,105.7160853334466,240.83565276182657,1.0,96.12332652650916,246.55017395588527,1.0,128.66947245874314,271.8736491601575,1.0,121.52217467494772,281.3111972125824,1.0,91.38355468940615,282.2988357669175,1.0,100.61344313512,283.6760302743048,1.0,87.65787746501817,354.4426939205737,1.0,124.37623176886032,350.3814516619235,1.0,81.1608021781429,421.30045498102834,1.0,132.56574893412912,419.791461685581,1.0,109.3466814708469,436.1853836258426,1.0,106.27996446649036,433.0558573826794,1.0,76.016886646827,434.9939720124128,1.0,167.60899352484748,430.5318109119716,1.0,163.03493464005078,436.0385836743344,1.0,129.00731147680702,433.586317561666,1.0,1.0,1.4833333333333334,140.80719369739325,167.79619573195615,False,116.03446185007266,194.11573274887976,False,108.56600418815478,199.1054428612594,False,105.7160853334466,240.83565276182657,False,96.12332652650916,246.55017395588527,False,128.66947245874314,271.8736491601575,False,121.52217467494772,281.3111972125824,False,91.38355468940615,282.2988357669175,False,100.61344313512,283.6760302743048,False,87.65787746501817,354.4426939205737,False,124.37623176886032,350.3814516619235,False,81.1608021781429,421.30045498102834,False,132.56574893412912,419.791461685581,False,True
90,90,1.5,1.5,Sports2D_HALPE26_postprocessed,140.73689689082954,167.86342501109624,1.0,118.33498019287237,194.55358495218312,1.0,108.2434788399854,199.1569584748989,1.0,107.6964079027709,240.62177493916448,1.0,95.98048016673948,246.35348069126377,1.0,128.5257296652845,271.515041984818,1.0,120.96952865752482,280.9692686705755,1.0,92.13923692871082,283.17943170245513,1.0,100.56385532396976,284.8064549267129,1.0,87.6369048936604,354.54732891550793,1.0,123.12022118641208,351.0236784684344,1.0,81.15901918914142,421.2045962601003,1.0,132.35641584761947,419.7294523111586,1.0,109.25223313911737,436.3185502387935,1.0,106.26437948509226,433.0646884140375,1.0,76.03311906536335,435.0055689424996,1.0,167.76337291941786,430.5131550445234,1.0,162.9227779186828,435.9946844634811,1.0,128.49820262498935,433.7757609234634,1.0,1.0,1.5,140.73689689082954,167.86342501109624,False,118.33498019287237,194.55358495218312,False,108.2434788399854,199.1569584748989,False,107.6964079027709,240.62177493916448,False,95.98048016673948,246.35348069126377,False,128.5257296652845,271.515041984818,False,120.96952865752482,280.9692686705755,False,92.13923692871082,283.17943170245513,False,100.56385532396976,284.8064549267129,False,87.6369048936604,354.54732891550793,False,123.12022118641208,351.0236784684344,False,81.15901918914142,421.2045962601003,False,132.35641584761947,419.7294523111586,False,True
91,91,1.5166666666666666,1.5166666666666666,Sports2D_HALPE26_postprocessed,140.7614456554163,167.76284621583167,1.0,118.50463579657784,194.84384501675737,1.0,107.63579793971674,199.0415098832314,1.0,107.09539550471548,240.52674034592087,1.0,95.76122393149336,246.32064142355952,1.0,128.3843059311445,272.01010314740256,1.0,120.399806733746,281.39423780608246,1.0,91.98590562614608,281.46213733950754,1.0,99.89108047100603,283.2126617835817,1.0,87.84636263854264,354.3883136980808,1.0,121.67044329240672,351.0490209123378,1.0,81.29024141720835,421.1602075643801,1.0,131.73654313108182,419.68363763166354,1.0,108.95124519653643,436.1566066305339,1.0,106.10818965227372,433.03289465119457,1.0,75.95469747558126,434.8626436925682,1.0,167.28972546768364,430.3879889139314,1.0,162.76177095038366,435.8359253077689,1.0,128.22952353334745,433.683017919822,1.0,1.0,1.5166666666666666,140.7614456554163,167.76284621583167,False,118.50463579657784,194.84384501675737,False,107.63579793971674,199.0415098832314,False,107.09539550471548,240.52674034592087,False,95.76122393149336,246.32064142355952,False,128.3843059311445,272.01010314740256,False,120.399806733746,281.39423780608246,False,91.98590562614608,281.46213733950754,False,99.89108047100603,283.2126617835817,False,87.84636263854264,354.3883136980808,False,121.67044329240672,351.0490209123378,False,81.29024141720835,421.1602075643801,False,131.73654313108182,419.68363763166354,False,True
92,92,1.5333333333333332,1.5333333333333332,Sports2D_HALPE26_postprocessed,140.66590507995576,167.73279873272,1.0,119.25970244248818,195.23708789229937,1.0,107.2468832451548,199.03356440511504,1.0,107.77998958419508,240.41012203683533,1.0,95.24263256198526,246.1697867508217,1.0,128.24717400896824,272.7162194486452,1.0,120.17609655931642,281.33920379959307,1.0,91.829212777622,280.8508062830963,1.0,99.50475003596227,282.1557020688434,1.0,87.79785097972636,354.29238291411934,1.0,120.64261651805506,351.37833815780664,1.0,81.25041375340902,421.0324647919045,1.0,131.08581986734515,419.62980228507627,1.0,108.6562578318826,435.8339358169339,1.0,105.76312700493776,432.8183145214418,1.0,75.80820946541023,434.9172867350906,1.0,166.95315566028103,430.2794197055492,1.0,162.5509633636306,435.75720899067153,1.0,127.61895809864176,433.6135466930487,1.0,1.0,1.5333333333333332,140.66590507995576,167.73279873272,False,119.25970244248818,195.23708789229937,False,107.2468832451548,199.03356440511504,False,107.77998958419508,240.41012203683533,False,95.24263256198526,246.1697867508217,False,128.24717400896824,272.7162194486452,False,120.17609655931642,281.33920379959307,False,91.829212777622,280.8508062830963,False,99.50475003596227,282.1557020688434,False,87.79785097972636,354.29238291411934,False,120.64261651805506,351.37833815780664,False,81.25041375340902,421.0324647919045,False,131.08581986734515,419.62980228507627,False,True
93,93,1.55,1.55,Sports2D_HALPE26_postprocessed,140.55753676114583,167.83326207273973,1.0,120.11353803707333,195.6293307520229,1.0,106.98037899804784,199.0510043850524,1.0,109.20605082839876,240.3237573186223,1.0,95.09597107520916,246.23754327809127,1.0,128.4541722944227,272.69359742616183,1.0,120.00794910593338,281.5863780522425,1.0,91.95607439744944,280.1173369398002,1.0,100.22436841154286,281.76055145201417,1.0,87.98382105276632,354.2957777020688,1.0,119.81813006890188,351.7653026728895,1.0,81.16743204774838,420.6429875987497,1.0,130.63843831448656,419.62710484028594,1.0,108.23174890732544,435.4940538486172,1.0,105.23965244490196,432.5181273949366,1.0,75.68230930695941,434.8376944309505,1.0,166.24376922198687,430.3063055731408,1.0,162.22017169834896,435.77907413255286,1.0,127.19860373425276,433.5941298359489,1.0,1.0,1.55,140.55753676114583,167.83326207273973,False,120.11353803707333,195.6293307520229,False,106.98037899804784,199.0510043850524,False,109.20605082839876,240.3237573186223,False,95.09597107520916,246.23754327809127,False,128.4541722944227,272.69359742616183,False,120.00794910593338,281.5863780522425,False,91.95607439744944,280.1173369398002,False,100.22436841154286,281.76055145201417,False,87.98382105276632,354.2957777020688,False,119.81813006890188,351.7653026728895,False,81.16743204774838,420.6429875987497,False,130.63843831448656,419.62710484028594,False,True
94,94,1.5666666666666669,1.5666666666666669,Sports2D_HALPE26_postprocessed,140.66628413755325,167.88170025616057,1.0,121.22159559026151,195.61454348368937,1.0,106.88519893094072,198.9799271560247,1.0,112.08363754842128,240.3109420628648,1.0,95.27028222788338,246.30054984291056,1.0,128.90742052592674,273.0357826050091,1.0,120.11792639282332,281.5691157289952,1.0,91.89696651753783,280.0517225812597,1.0,99.77657115394024,282.0228910331038,1.0,88.13745257007733,354.30524257157754,1.0,119.06940274923151,352.095230363224,1.0,81.2062883634027,420.4398723505345,1.0,129.6876955835773,419.9671184547823,1.0,108.24141639896348,435.2850275043007,1.0,104.91869458061828,432.2962103203759,1.0,75.71935489477312,434.7460203433232,1.0,165.41900173008025,430.38729459202864,1.0,161.4021325420131,435.827885485884,1.0,126.21040736661269,433.789928444874,1.0,1.0,1.5666666666666669,140.66628413755325,167.88170025616057,False,121.22159559026151,195.61454348368937,False,106.88519893094072,198.9799271560247,False,112.08363754842128,240.3109420628648,False,95.27028222788338,246.30054984291056,False,128.90742052592674,273.0357826050091,False,120.11792639282332,281.5691157289952,False,91.89696651753783,280.0517225812597,False,99.77657115394024,282.0228910331038,False,88.13745257007733,354.30524257157754,False,119.06940274923151,352.095230363224,False,81.2062883634027,420.4398723505345,False,129.6876955835773,419.9671184547823,False,True
95,95,1.5833333333333333,1.5833333333333333,Sports2D_HALPE26_postprocessed,141.07320080967767,167.88532012501238,1.0,122.04032885407246,195.5081103424476,1.0,106.52635976251078,198.9437463433964,1.0,113.27565536742468,240.37550129343745,1.0,95.5723550708264,246.41683605180785,1.0,129.1718219683799,272.7162024784743,1.0,119.97838311218815,281.167285097054,1.0,92.70767756021534,282.2474648488185,1.0,99.7205702393843,283.112562878464,1.0,88.1291216136766,354.3101918338496,1.0,118.42909402453913,352.52284700812163,1.0,81.18402529020912,420.57277200490273,1.0,128.78109988042513,420.59577081674325,1.0,108.40467126598958,435.221040728845,1.0,105.03046359879602,432.178892454536,1.0,75.64954743885819,434.6458776204561,1.0,164.8069347450548,430.89016243879297,1.0,160.51306955056793,436.1173804974628,1.0,124.96492268525316,434.1466441446439,1.0,1.0,1.5833333333333333,141.07320080967767,167.88532012501238,False,122.04032885407246,195.5081103424476,False,106.52635976251078,198.9437463433964,False,113.27565536742468,240.37550129343745,False,95.5723550708264,246.41683605180785,False,129.1718219683799,272.7162024784743,False,119.97838311218815,281.167285097054,False,92.70767756021534,282.2474648488185,False,99.7205702393843,283.112562878464,False,88.1291216136766,354.3101918338496,False,118.42909402453913,352.52284700812163,False,81.18402529020912,420.57277200490273,False,128.78109988042513,420.59577081674325,False,True
96,96,1.6,1.6,Sports2D_HALPE26_postprocessed,141.70778657871418,167.74716645945284,1.0,122.63409416723592,195.49715411824823,1.0,106.39571063434543,198.90749033742435,1.0,112.90071933935768,240.56736529098453,1.0,95.80134097588424,246.33258455304173,1.0,128.99057544905108,272.6693359805109,1.0,119.85232227321949,280.3682332426989,1.0,95.19049648543316,283.32278970444463,1.0,100.30425689410195,284.34798991103617,1.0,88.29895739257495,354.307436171334,1.0,117.83335540940932,353.14947727719624,1.0,81.29956566405707,420.7502831967535,1.0,128.42734204789014,420.99271044615904,1.0,108.38778549009103,435.3726610169802,1.0,105.19333814700587,432.1591044353205,1.0,75.54545022038985,434.4145754529092,1.0,164.56329724534783,431.6046807840701,1.0,159.3523149274799,436.761498795419,1.0,124.39187377494338,434.4666768643723,1.0,1.0,1.6,141.70778657871418,167.74716645945284,False,122.63409416723592,195.49715411824823,False,106.39571063434543,198.90749033742435,False,112.90071933935768,240.56736529098453,False,95.80134097588424,246.33258455304173,False,128.99057544905108,272.6693359805109,False,119.85232227321949,280.3682332426989,False,95.19049648543316,283.32278970444463,False,100.30425689410195,284.34798991103617,False,88.29895739257495,354.307436171334,False,117.83335540940932,353.14947727719624,False,81.29956566405707,420.7502831967535,False,128.42734204789014,420.99271044615904,False,True
97,97,1.6166666666666667,1.6166666666666667,Sports2D_HALPE26_postprocessed,141.76738753698703,167.79783907071047,1.0,122.27288505580444,195.57517309162367,1.0,106.38259223395742,198.88332268713404,1.0,112.87667073413968,240.6304514943317,1.0,95.5136237723943,246.33209587434703,1.0,129.3141328195911,273.0274694990349,1.0,119.875004869799,280.1973446228224,1.0,95.39942327792768,283.5789925917844,1.0,100.45737711355972,284.57424779824817,1.0,88.37966552738938,354.2080536802811,1.0,117.39416297612289,353.1453914226976,1.0,81.35230780989373,420.7440123761133,1.0,128.42436561087732,421.2455135334647,1.0,108.40447013792992,435.2846958851214,1.0,105.06609547267172,432.1937518603328,1.0,75.52663636450214,434.3571798846663,1.0,164.28288762533813,432.3253657235846,1.0,159.25611708506705,437.6839060119213,1.0,124.33682195167812,434.7167692917933,1.0,1.0,1.6166666666666667,141.76738753698703,167.79783907071047,False,122.27288505580444,195.57517309162367,False,106.38259223395742,198.88332268713404,False,112.87667073413968,240.6304514943317,False,95.5136237723943,246.33209587434703,False,129.3141328195911,273.0274694990349,False,119.875004869799,280.1973446228224,False,95.39942327792768,283.5789925917844,False,100.45737711355972,284.57424779824817,False,88.37966552738938,354.2080536802811,False,117.39416297612289,353.1453914226976,False,81.35230780989373,420.7440123761133,False,128.42436561087732,421.2455135334647,False,True
98,98,1.6333333333333333,1.6333333333333333,Sports2D_HALPE26_postprocessed,141.86447846570783,167.77893991157688,1.0,121.8605193562303,195.734100893504,1.0,106.39817247468191,198.86711825953864,1.0,110.23594481017962,240.5454325869125,1.0,95.80459464701411,246.40777269495769,1.0,129.40360332887064,272.247030827836,1.0,120.37065389309522,280.0426274968706,1.0,95.78520085755184,283.7184479673094,1.0,100.81896412620024,284.7282089039963,1.0,88.58722387529713,354.275421565286,1.0,117.3924048619764,353.6406070091123,1.0,81.38696800669914,420.6951190367098,1.0,128.5751116209401,421.4860681455483,1.0,108.4011721595704,435.2310738194911,1.0,104.96579668167426,432.19326322828255,1.0,75.71687331943397,434.4826593900064,1.0,164.26631372034566,432.7794467898411,1.0,159.25601826131265,437.97093451489786,1.0,124.8773415652824,434.9463196123141,1.0,1.0,1.6333333333333333,141.86447846570783,167.77893991157688,False,121.8605193562303,195.734100893504,False,106.39817247468191,198.86711825953864,False,110.23594481017962,240.5454325869125,False,95.80459464701411,246.40777269495769,False,129.40360332887064,272.247030827836,False,120.37065389309522,280.0426274968706,False,95.78520085755184,283.7184479673094,False,100.81896412620024,284.7282089039963,False,88.58722387529713,354.275421565286,False,117.3924048619764,353.6406070091123,False,81.38696800669914,420.6951190367098,False,128.5751116209401,421.4860681455483,False,True
99,99,1.65,1.65,Sports2D_HALPE26_postprocessed,142.1159490286404,167.78690332468526,1.0,121.44101992408994,195.80067737475048,1.0,106.34919747220756,198.93941107588472,1.0,111.2821788553068,240.35713647930388,1.0,95.40346420096414,246.6120717573151,1.0,130.21171013496215,272.55803433351525,1.0,121.17680948022269,279.78669848117426,1.0,95.4931645855503,283.02372834775434,1.0,100.8358309559756,284.0841542025,1.0,88.98241620611074,354.3937308198133,1.0,117.35336585005436,353.54950439653874,1.0,81.37771758781014,420.5675749156271,1.0,128.8692705274524,421.45668268445166,1.0,108.34541088790972,435.31036774014734,1.0,104.87623977033164,432.2839992117434,1.0,75.52131550222937,434.6232695704117,1.0,164.22799242336563,432.9307908767705,1.0,159.20052411444408,438.2533052863764,1.0,125.16637270936424,434.94747334282977,1.0,1.0,1.65,142.1159490286404,167.78690332468526,False,121.44101992408994,195.80067737475048,False,106.34919747220756,198.93941107588472,False,111.2821788553068,240.35713647930388,False,95.40346420096414,246.6120717573151,False,130.21171013496215,272.55803433351525,False,121.17680948022269,279.78669848117426,False,95.4931645855503,283.02372834775434,False,100.8358309559756,284.0841542025,False,88.98241620611074,354.3937308198133,False,117.35336585005436,353.54950439653874,False,81.37771758781014,420.5675749156271,False,128.8692705274524,421.45668268445166,False,True
100,100,1.6666666666666667,1.6666666666666667,Sports2D_HALPE26_postprocessed,142.26595115142368,167.73732563680102,1.0,121.8610627467931,195.8274176027153,1.0,106.42228540391034,199.1055451572342,1.0,112.93969864625176,240.15168732526007,1.0,95.35415465324728,246.92107515454185,1.0,130.36448770377515,272.2821261154771,1.0,122.07355920065822,279.47208609736225,1.0,95.87278184324911,282.9589639334096,1.0,100.908691419282,283.98815658491674,1.0,89.20264449759712,354.47922328105346,1.0,117.83235744329988,353.56949656639034,1.0,81.3785999821164,420.5735517948143,1.0,129.02775755833218,421.5278619765252,1.0,108.3341654542385,435.3872888205214,1.0,104.88265670703314,432.3450220572462,1.0,75.47076758706237,434.7512731433338,1.0,164.2412923569936,433.0624275735047,1.0,159.16506073560373,438.3790268628966,1.0,125.20267083210696,435.03940275898526,1.0,1.0,1.6666666666666667,142.26595115142368,167.73732563680102,False,121.8610627467931,195.8274176027153,False,106.42228540391034,199.1055451572342,False,112.93969864625176,240.15168732526007,False,95.35415465324728,246.92107515454185,False,130.36448770377515,272.2821261154771,False,122.07355920065822,279.47208609736225,False,95.87278184324911,282.9589639334096,False,100.908691419282,283.98815658491674,False,89.20264449759712,354.47922328105346,False,117.83235744329988,353.56949656639034,False,81.3785999821164,420.5735517948143,False,129.02775755833218,421.5278619765252,False,True
101,101,1.6833333333333331,1.6833333333333331,Sports2D_HALPE26_postprocessed,142.6327008087031,167.8485408684505,1.0,122.72094509111572,195.79697771365383,1.0,106.77350600913655,199.24211668722245,1.0,113.75392758573062,239.97655015673823,1.0,95.40487704350817,247.0729530371978,1.0,131.9368745539232,271.2311516187891,1.0,123.01697239557429,278.4424037563405,1.0,97.14519763770652,283.4097877264684,1.0,101.30430303843188,284.3840549773616,1.0,89.39905611593537,354.4762348289708,1.0,118.8414119008634,353.54814767753703,1.0,81.41583085334115,420.9575344618064,1.0,129.23876740092769,421.7697904577085,1.0,108.3964744123676,435.5599805430148,1.0,105.13206165559863,432.397372582057,1.0,75.68310362482173,434.8362874671283,1.0,164.32295007153635,433.277056163084,1.0,159.11161757129636,438.4428698037037,1.0,125.13007591836008,435.3001274171412,1.0,1.0,1.6833333333333331,142.6327008087031,167.8485408684505,False,122.72094509111572,195.79697771365383,False,106.77350600913655,199.24211668722245,False,113.75392758573062,239.97655015673823,False,95.40487704350817,247.0729530371978,False,131.9368745539232,271.2311516187891,False,123.01697239557429,278.4424037563405,False,97.14519763770652,283.4097877264684,False,101.30430303843188,284.3840549773616,False,89.39905611593537,354.4762348289708,False,118.8414119008634,353.54814767753703,False,81.41583085334115,420.9575344618064,False,129.23876740092769,421.7697904577085,False,True
102,102,1.7,1.7,Sports2D_HALPE26_postprocessed,142.52567717865128,167.880094742148,1.0,122.47628984877252,195.7271070333334,1.0,106.59772837064602,199.2916610243101,1.0,113.37669198772416,239.2114473943953,1.0,95.03671992339652,246.89248420334576,1.0,132.39192689080204,270.9675372977132,1.0,124.50132203376344,276.7151351523167,1.0,97.11368099404024,282.9667167073975,1.0,101.47532091677716,283.91214212584794,1.0,89.80216303604797,354.5505102030448,1.0,119.80538919775164,353.1778509557894,1.0,81.43926038013034,420.985555234209,1.0,129.41727446830012,421.579865873866,1.0,108.41977375322722,435.5691920116289,1.0,105.03153153682196,432.4292526222307,1.0,75.59136282860987,434.7074672393675,1.0,164.3521814543352,433.18298789465626,1.0,159.40770052375095,438.4542243447031,1.0,125.37623168105824,435.28836946570607,1.0,1.0,1.7,142.52567717865128,167.880094742148,False,122.47628984877252,195.7271070333334,False,106.59772837064602,199.2916610243101,False,113.37669198772416,239.2114473943953,False,95.03671992339652,246.89248420334576,False,132.39192689080204,270.9675372977132,False,124.50132203376344,276.7151351523167,False,97.11368099404024,282.9667167073975,False,101.47532091677716,283.91214212584794,False,89.80216303604797,354.5505102030448,False,119.80538919775164,353.1778509557894,False,81.43926038013034,420.985555234209,False,129.41727446830012,421.579865873866,False,True
103,103,1.7166666666666666,1.7166666666666666,Sports2D_HALPE26_postprocessed,142.71029473965712,167.87491398512452,1.0,122.51943500173428,195.64934695285183,1.0,106.88555152803887,199.2785037337759,1.0,112.27998313998717,238.9469341484568,1.0,94.92808916619052,246.6346458650304,1.0,133.64663006872718,268.8880052414073,1.0,126.92581230476551,274.99233398640456,1.0,98.28728981541798,282.58751369324955,1.0,101.88184928945049,283.50423674876834,1.0,90.2386391593769,354.5683436221159,1.0,120.96251590721197,352.7135186536327,1.0,81.45181879416084,420.9986720112025,1.0,129.5318498997105,421.4325595711368,1.0,108.42303476432603,435.726771375038,1.0,104.96869156161084,432.4333635580726,1.0,75.53691405111987,434.6217120179677,1.0,164.37469552339806,433.3270121901938,1.0,159.6888526684682,438.4057192375552,1.0,125.46829982789173,434.8908174227761,1.0,1.0,1.7166666666666666,142.71029473965712,167.87491398512452,False,122.51943500173428,195.64934695285183,False,106.88555152803887,199.2785037337759,False,112.27998313998717,238.9469341484568,False,94.92808916619052,246.6346458650304,False,133.64663006872718,268.8880052414073,False,126.92581230476551,274.99233398640456,False,98.28728981541798,282.58751369324955,False,101.88184928945049,283.50423674876834,False,90.2386391593769,354.5683436221159,False,120.96251590721197,352.7135186536327,False,81.45181879416084,420.9986720112025,False,129.5318498997105,421.4325595711368,False,True
104,104,1.7333333333333334,1.7333333333333334,Sports2D_HALPE26_postprocessed,142.63007182960968,167.82387396733174,1.0,123.4051651974709,195.7127133999396,1.0,107.10543034575804,199.16941974702587,1.0,113.03473908614797,238.90431821314496,1.0,94.69500852010508,246.389658778296,1.0,134.42153075410107,266.1791797826862,1.0,129.39784064068797,272.44716673101675,1.0,99.38584694465204,281.9809380394373,1.0,101.91843077842783,282.828322300412,1.0,90.2015400019574,354.5278873250511,1.0,122.19250106250558,352.04650284691127,1.0,81.54651581958146,421.08598397401687,1.0,129.76177449079526,421.0789316362487,1.0,108.50327320174996,435.68967522528,1.0,104.95417367124156,432.3812522676088,1.0,75.61780845841749,434.4768922935388,1.0,164.50202140717252,433.2410996743244,1.0,159.6793599731956,438.2688589048559,1.0,125.70182815034866,434.31271519604377,1.0,1.0,1.7333333333333334,142.63007182960968,167.82387396733174,False,123.4051651974709,195.7127133999396,False,107.10543034575804,199.16941974702587,False,113.03473908614797,238.90431821314496,False,94.69500852010508,246.389658778296,False,134.42153075410107,266.1791797826862,False,129.39784064068797,272.44716673101675,False,99.38584694465204,281.9809380394373,False,101.91843077842783,282.828322300412,False,90.2015400019574,354.5278873250511,False,122.19250106250558,352.04650284691127,False,81.54651581958146,421.08598397401687,False,129.76177449079526,421.0789316362487,False,True
105,105,1.75,1.75,Sports2D_HALPE26_postprocessed,142.72754719348694,167.5538024558766,1.0,123.3381857121082,195.86275056103605,1.0,107.29094001716508,199.1752319652044,1.0,114.09561863119556,237.7865087640088,1.0,94.45661807176975,246.0909430156416,1.0,134.68076724268312,265.1492130517577,1.0,132.52019794775697,269.3293793028614,1.0,98.95934478405697,279.5149027378284,1.0,101.62370714265958,279.8830830467448,1.0,90.32016845939717,354.48278600606307,1.0,124.3758550933932,350.2066901540528,1.0,81.52409165253665,420.4211041063097,1.0,130.194317492893,420.0468541977849,1.0,108.4407107261362,435.2439948811372,1.0,104.19030420900953,432.3363730588872,1.0,75.71373430608489,434.3728962910744,1.0,164.66138584725724,433.0905419791271,1.0,160.05969413048496,438.1086193360202,1.0,126.18064666116588,433.575585616991,1.0,1.0,1.75,142.72754719348694,167.5538024558766,False,123.3381857121082,195.86275056103605,False,107.29094001716508,199.1752319652044,False,114.09561863119556,237.7865087640088,False,94.45661807176975,246.0909430156416,False,134.68076724268312,265.1492130517577,False,132.52019794775697,269.3293793028614,False,98.95934478405697,279.5149027378284,False,101.62370714265958,279.8830830467448,False,90.32016845939717,354.48278600606307,False,124.3758550933932,350.2066901540528,False,81.52409165253665,420.4211041063097,False,130.194317492893,420.0468541977849,False,True
106,106,1.7666666666666666,1.7666666666666666,Sports2D_HALPE26_postprocessed,142.82462223533005,167.12862222495016,1.0,123.44491963870682,195.9243313934781,1.0,107.41371876234722,199.14036717931344,1.0,113.95517875794248,237.516071025859,1.0,94.80148741074656,245.50532246119803,1.0,134.13566948203552,262.33554918383203,1.0,133.7655927592627,266.7199627492014,1.0,98.99778604004788,278.85449355722466,1.0,101.51894331970354,278.9534877410179,1.0,90.39692443527092,354.4618276391055,1.0,125.8715215379643,348.896635802735,1.0,81.52742407666724,420.0607020657418,1.0,130.54436177027767,418.9960679369251,1.0,108.40768417576912,435.0041448272357,1.0,103.65722527615848,432.3112470990445,1.0,75.79202128911277,434.2983651420725,1.0,164.72592840165825,432.7223117995084,1.0,160.18470580060034,437.7232024021399,1.0,126.5649976256982,433.0901157643921,1.0,1.0,1.7666666666666666,142.82462223533005,167.12862222495016,False,123.44491963870682,195.9243313934781,False,107.41371876234722,199.14036717931344,False,113.95517875794248,237.516071025859,False,94.80148741074656,245.50532246119803,False,134.13566948203552,262.33554918383203,False,133.7655927592627,266.7199627492014,False,98.99778604004788,278.85449355722466,False,101.51894331970354,278.9534877410179,False,90.39692443527092,354.4618276391055,False,125.8715215379643,348.896635802735,False,81.52742407666724,420.0607020657418,False,130.54436177027767,418.9960679369251,False,True
107,107,1.7833333333333332,1.7833333333333332,Sports2D_HALPE26_postprocessed,143.1878655787508,166.9389270097739,1.0,124.35070251154714,195.92948515655692,1.0,107.71170785456566,198.9489224759848,1.0,114.69213280070916,237.64676149169165,1.0,94.89473910635344,245.49344492412547,1.0,136.14792328871386,259.2570186276397,1.0,134.8187647539881,263.2581957893594,1.0,100.16561053869373,278.2686530956486,1.0,101.67022723839705,278.4915565318993,1.0,90.73466211250522,354.4771429464082,1.0,127.88006394079646,347.4932285211015,1.0,81.69822657567543,420.20493865058825,1.0,130.65077869823494,418.61372115173424,1.0,108.38768967610358,435.1927430441025,1.0,104.0650840542154,432.35391066466383,1.0,75.82974711878965,434.1129242987537,1.0,164.7630119109831,432.363057756252,1.0,160.20484839981643,437.2609260814872,1.0,126.68134496758434,432.9023404267383,1.0,1.0,1.7833333333333332,143.1878655787508,166.9389270097739,False,124.35070251154714,195.92948515655692,False,107.71170785456566,198.9489224759848,False,114.69213280070916,237.64676149169165,False,94.89473910635344,245.49344492412547,False,136.14792328871386,259.2570186276397,False,134.8187647539881,263.2581957893594,False,100.16561053869373,278.2686530956486,False,101.67022723839705,278.4915565318993,False,90.73466211250522,354.4771429464082,False,127.88006394079646,347.4932285211015,False,81.69822657567543,420.20493865058825,False,130.65077869823494,418.61372115173424,False,True
108,108,1.8,1.8,Sports2D_HALPE26_postprocessed,143.46392673894886,166.93994371700828,1.0,125.65721096070769,196.038204560024,1.0,107.89162185218792,198.7655467297543,1.0,114.47252556948072,237.286564990304,1.0,95.32922909035588,245.1837695583285,1.0,138.69209424342262,254.72864724069103,1.0,135.94298591975704,259.1634266733664,1.0,100.43238642177204,277.59866879168976,1.0,101.62490030773452,277.6326250807073,1.0,90.57575933985264,354.4657408612157,1.0,129.3788372154007,346.547506300544,1.0,81.61833688787915,419.6343302545969,1.0,130.52750887212915,417.88205717155984,1.0,108.33921856620576,435.23746358872336,1.0,103.64121035023383,432.3552063240832,1.0,75.72291546073515,434.232004683404,1.0,164.726793060153,432.0163246809897,1.0,159.955178239797,436.8360597856866,1.0,126.54070928703668,432.688831249758,1.0,1.0,1.8,143.46392673894886,166.93994371700828,False,125.65721096070769,196.038204560024,False,107.89162185218792,198.7655467297543,False,114.47252556948072,237.286564990304,False,95.32922909035588,245.1837695583285,False,138.69209424342262,254.72864724069103,False,135.94298591975704,259.1634266733664,False,100.43238642177204,277.59866879168976,False,101.62490030773452,277.6326250807073,False,90.57575933985264,354.4657408612157,False,129.3788372154007,346.547506300544,False,81.61833688787915,419.6343302545969,False,130.52750887212915,417.88205717155984,False,True
109,109,1.8166666666666669,1.8166666666666669,Sports2D_HALPE26_postprocessed,144.2686735316431,166.64528751217205,1.0,125.2106594484326,196.06746212918,1.0,108.12273566469143,198.60856419776275,1.0,113.8068732565806,237.24267589978,1.0,95.78116094555678,245.04601770841364,1.0,140.01765529059682,251.04654961082505,1.0,137.38624542274638,255.1303498284157,1.0,100.4775719639536,277.2699798495333,1.0,101.98160593388076,277.2593231559812,1.0,90.48873416238476,354.47991541376734,1.0,131.1444105327848,346.0278390150585,1.0,81.55402641901534,419.1658410595377,1.0,130.41635207915976,417.1678190714879,1.0,107.80195580394006,435.1257657709921,1.0,103.16187399933212,432.3861005296204,1.0,75.61579583903644,434.3396057381906,1.0,164.17787922710897,431.777886912918,1.0,159.57986074697422,436.4716245782897,1.0,126.41988995769952,432.2209704506951,1.0,1.0,1.8166666666666669,144.2686735316431,166.64528751217205,False,125.2106594484326,196.06746212918,False,108.12273566469143,198.60856419776275,False,113.8068732565806,237.24267589978,False,95.78116094555678,245.04601770841364,False,140.01765529059682,251.04654961082505,False,137.38624542274638,255.1303498284157,False,100.4775719639536,277.2699798495333,False,101.98160593388076,277.2593231559812,False,90.48873416238476,354.47991541376734,False,131.1444105327848,346.0278390150585,False,81.55402641901534,419.1658410595377,False,130.41635207915976,417.1678190714879,False,True
110,110,1.8333333333333333,1.8333333333333333,Sports2D_HALPE26_postprocessed,145.0621682811214,166.33337380551626,1.0,126.57081412246755,196.0638334978748,1.0,108.40247178278702,198.3504354967464,1.0,115.8611762890888,237.46746321613392,1.0,97.36156638481236,245.741228558407,1.0,143.45091466575778,245.77372739307987,1.0,138.7301149568249,251.09232644734485,1.0,101.02101547749928,277.47733019991017,1.0,102.48594676362902,277.50934044755,1.0,90.28005305937972,354.4748624488285,1.0,131.9118331773716,345.7007159700652,1.0,81.38230560308943,419.03793839351385,1.0,130.1377182582047,417.09505711559,1.0,107.98972866265969,435.2825860428667,1.0,103.45551615538476,432.3970620593517,1.0,75.62882385940954,434.5900081857941,1.0,164.1259959863002,431.1681383835431,1.0,159.4915868317827,436.0006671053674,1.0,126.04233935502674,432.29841999961104,1.0,1.0,1.8333333333333333,145.0621682811214,166.33337380551626,False,126.57081412246755,196.0638334978748,False,108.40247178278702,198.3504354967464,False,115.8611762890888,237.46746321613392,False,97.36156638481236,245.741228558407,False,143.45091466575778,245.77372739307987,False,138.7301149568249,251.09232644734485,False,101.02101547749928,277.47733019991017,False,102.48594676362902,277.50934044755,False,90.28005305937972,354.4748624488285,False,131.9118331773716,345.7007159700652,False,81.38230560308943,419.03793839351385,False,130.1377182582047,417.09505711559,False,True
111,111,1.85,1.85,Sports2D_HALPE26_postprocessed,146.24799090088555,166.33770672152815,1.0,128.24654720782098,196.04121305871365,1.0,108.8754550135882,198.418585073782,1.0,119.07882616640448,237.5540392960552,1.0,100.99393281555147,246.6670617535881,1.0,145.849216810137,244.80794252125108,1.0,142.02512229842125,247.423998200867,1.0,101.52167269570556,278.3762784734017,1.0,104.10468827785014,278.6683361154016,1.0,90.2087228070471,354.4725855876026,1.0,132.6708291981409,346.3445140139141,1.0,81.45216773621082,419.58860399710784,1.0,129.70281760467924,417.6398248086836,1.0,108.39394237369136,435.938003451345,1.0,103.5446608324044,432.45254025204673,1.0,75.8252804815384,435.1272133903889,1.0,164.2528892694935,430.6694622190796,1.0,159.09403697800568,435.6052321827016,1.0,124.87739863926332,432.1411544019066,1.0,1.0,1.85,146.24799090088555,166.33770672152815,False,128.24654720782098,196.04121305871365,False,108.8754550135882,198.418585073782,False,119.07882616640448,237.5540392960552,False,100.99393281555147,246.6670617535881,False,145.849216810137,244.80794252125108,False,142.02512229842125,247.423998200867,False,101.52167269570556,278.3762784734017,False,104.10468827785014,278.6683361154016,False,90.2087228070471,354.4725855876026,False,132.6708291981409,346.3445140139141,False,81.45216773621082,419.58860399710784,False,129.70281760467924,417.6398248086836,False,True
112,112,1.8666666666666667,1.8666666666666667,Sports2D_HALPE26_postprocessed,146.43393626584106,166.05608262292077,1.0,127.98972457453078,196.0502520045994,1.0,109.34691449818376,198.40686946718404,1.0,118.1985923090705,237.51807311434743,1.0,102.39075176089791,247.14440677997032,1.0,146.43419223167842,242.3104247336572,1.0,144.76816849296208,244.38995767461955,1.0,101.93385445852036,277.7851447121532,1.0,104.53794093100304,277.7832472657671,1.0,90.38968154636969,354.36379487976853,1.0,133.4174990943744,345.805893665277,1.0,81.27423912783054,419.56567100513394,1.0,129.43472423688675,417.2142239811212,1.0,108.42506172642334,435.9224287952386,1.0,103.51923667387894,433.0010815778105,1.0,75.74695521755727,435.65542487416224,1.0,163.88625909672467,430.4778773200633,1.0,158.8493319260166,435.46220567732735,1.0,124.40588260765492,432.3787284745722,1.0,1.0,1.8666666666666667,146.43393626584106,166.05608262292077,False,127.98972457453078,196.0502520045994,False,109.34691449818376,198.40686946718404,False,118.1985923090705,237.51807311434743,False,102.39075176089791,247.14440677997032,False,146.43419223167842,242.3104247336572,False,144.76816849296208,244.38995767461955,False,101.93385445852036,277.7851447121532,False,104.53794093100304,277.7832472657671,False,90.38968154636969,354.36379487976853,False,133.4174990943744,345.805893665277,False,81.27423912783054,419.56567100513394,False,129.43472423688675,417.2142239811212,False,True
113,113,1.8833333333333333,1.8833333333333333,Sports2D_HALPE26_postprocessed,146.90286950156502,165.79149711233305,1.0,128.13073787001542,196.1034000609086,1.0,109.78859048948168,198.24045832735987,1.0,119.9355518760574,237.65178393736653,1.0,104.3385172034792,247.384758063822,1.0,147.53921544361432,238.6172773260675,1.0,145.48432810479864,241.56498763099933,1.0,102.44784853158448,277.7893995028641,1.0,105.78315932876804,277.8106333327525,1.0,90.821116231896,354.5707429636212,1.0,133.87320891248748,345.9627844608372,1.0,81.36449878641967,419.91722933220046,1.0,129.03892768084694,417.5841879584171,1.0,108.44193463773124,435.8647031778215,1.0,103.75824803076615,433.16835216286415,1.0,75.86193936271769,435.73715198585495,1.0,163.33924356751504,430.3509799947284,1.0,158.42279332292478,435.4029313220944,1.0,123.60668112412604,432.6226317359754,1.0,1.0,1.8833333333333333,146.90286950156502,165.79149711233305,False,128.13073787001542,196.1034000609086,False,109.78859048948168,198.24045832735987,False,119.9355518760574,237.65178393736653,False,104.3385172034792,247.384758063822,False,147.53921544361432,238.6172773260675,False,145.48432810479864,241.56498763099933,False,102.44784853158448,277.7893995028641,False,105.78315932876804,277.8106333327525,False,90.821116231896,354.5707429636212,False,133.87320891248748,345.9627844608372,False,81.36449878641967,419.91722933220046,False,129.03892768084694,417.5841879584171,False,True
114,114,1.9,1.9,Sports2D_HALPE26_postprocessed,147.25972772291237,165.7330183711769,1.0,129.5310425611867,196.14935193344863,1.0,109.8222411558496,198.1751752229032,1.0,123.53799798651973,237.9463241385488,1.0,105.73521577091508,247.19191875889675,1.0,149.53444954144345,236.5809859432549,1.0,146.20365326045868,239.0434882584771,1.0,103.19876413891902,277.4409331746017,1.0,106.33128892682998,277.3847279599026,1.0,91.97323261710292,354.3047534762024,1.0,133.76456736343093,346.41228248718244,1.0,81.35995121422494,419.860433431778,1.0,128.67150985422956,417.4182316672592,1.0,108.16940403272756,436.0522244706342,1.0,103.50236511947509,433.1897320009004,1.0,75.86230093631782,435.7153462287713,1.0,162.15041897352597,430.3578243959429,1.0,157.71122160272228,435.66404287993737,1.0,123.17665246585096,432.7081271049759,1.0,1.0,1.9,147.25972772291237,165.7330183711769,False,129.5310425611867,196.14935193344863,False,109.8222411558496,198.1751752229032,False,123.53799798651973,237.9463241385488,False,105.73521577091508,247.19191875889675,False,149.53444954144345,236.5809859432549,False,146.20365326045868,239.0434882584771,False,103.19876413891902,277.4409331746017,False,106.33128892682998,277.3847279599026,False,91.97323261710292,354.3047534762024,False,133.76456736343093,346.41228248718244,False,81.35995121422494,419.860433431778,False,128.67150985422956,417.4182316672592,False,True
115,115,1.9166666666666667,1.9166666666666667,Sports2D_HALPE26_postprocessed,147.8748607325989,165.67274245518897,1.0,129.54341426723175,196.1665504587188,1.0,109.95297490794508,198.03844047972888,1.0,125.94998333876995,238.73051186156167,1.0,107.32392581574948,247.0858125624046,1.0,149.46618680024966,234.6086576844679,1.0,146.53206713432783,235.4786006088597,1.0,103.87404523522449,277.964472952883,1.0,107.35301696624146,277.99491555379643,1.0,93.16774740912216,354.5764162085101,1.0,133.7747568841652,347.170744827941,1.0,81.38902763497423,420.149003716625,1.0,127.92136582850634,417.78712562663287,1.0,108.03287901044,435.9349180480328,1.0,103.7049289574264,433.0155958902855,1.0,75.90009238303978,435.4875037371661,1.0,160.81916631771776,430.806421198203,1.0,156.81559765836948,435.9148555079508,1.0,122.34158519303053,432.85947195937626,1.0,1.0,1.9166666666666667,147.8748607325989,165.67274245518897,False,129.54341426723175,196.1665504587188,False,109.95297490794508,198.03844047972888,False,125.94998333876995,238.73051186156167,False,107.32392581574948,247.0858125624046,False,149.46618680024966,234.6086576844679,False,146.53206713432783,235.4786006088597,False,103.87404523522449,277.964472952883,False,107.35301696624146,277.99491555379643,False,93.16774740912216,354.5764162085101,False,133.7747568841652,347.170744827941,False,81.38902763497423,420.149003716625,False,127.92136582850634,417.78712562663287,False,True
116,116,1.933333333333333,1.933333333333333,Sports2D_HALPE26_postprocessed,148.7284772540555,165.61446516454328,1.0,130.95990804051266,196.21870582390125,1.0,110.34405604286366,197.58224657026184,1.0,131.03071133225657,239.25089233666168,1.0,108.99508904547127,246.747363047559,1.0,150.7084477308571,233.3874015856478,1.0,148.2686303747222,230.41092585475724,1.0,105.81254874332616,278.49803842505787,1.0,108.42574438298465,278.6378287485888,1.0,95.15837312787338,354.9529812967886,1.0,133.35430860814475,347.6654351546516,1.0,81.66273504674487,420.8310944872016,1.0,127.32208543458702,418.39803864682807,1.0,107.9660351533326,435.8216166168834,1.0,103.95617266732856,433.0878963470223,1.0,76.20129479757989,435.33443720172846,1.0,160.08405802866346,431.61675077996,1.0,155.87283616601738,436.56970726690656,1.0,121.46972657068468,433.3100987659882,1.0,1.0,1.933333333333333,148.7284772540555,165.61446516454328,False,130.95990804051266,196.21870582390125,False,110.34405604286366,197.58224657026184,False,131.03071133225657,239.25089233666168,False,108.99508904547127,246.747363047559,False,150.7084477308571,233.3874015856478,False,148.2686303747222,230.41092585475724,False,105.81254874332616,278.49803842505787,False,108.42574438298465,278.6378287485888,False,95.15837312787338,354.9529812967886,False,133.35430860814475,347.6654351546516,False,81.66273504674487,420.8310944872016,False,127.32208543458702,418.39803864682807,False,True
117,117,1.95,1.95,Sports2D_HALPE26_postprocessed,148.82861176291547,165.2303363995954,1.0,132.9375144987374,195.9825736503123,1.0,110.62529907488072,197.2478942349344,1.0,137.56045257063283,239.7404361412001,1.0,112.43863551691776,246.21512250176485,1.0,150.073163531261,232.2480240586254,1.0,148.45492126554265,227.35428231478733,1.0,108.91536782246467,278.8809177029317,1.0,109.51942868098268,278.77358233856626,1.0,97.33947368662454,354.8335817650914,1.0,132.63357680313564,348.6393871313091,1.0,81.86918025630312,420.5612653121704,1.0,126.5908477129714,419.65878328608295,1.0,107.40675578316522,435.6704058073082,1.0,103.80831780347286,432.8613353012677,1.0,76.11913570651348,435.350312309322,1.0,159.3800524863389,433.51423538617087,1.0,155.1303190220557,437.9075206130799,1.0,120.98747573606144,434.1423663917142,1.0,1.0,1.95,148.82861176291547,165.2303363995954,False,132.9375144987374,195.9825736503123,False,110.62529907488072,197.2478942349344,False,137.56045257063283,239.7404361412001,False,112.43863551691776,246.21512250176485,False,150.073163531261,232.2480240586254,False,148.45492126554265,227.35428231478733,False,108.91536782246467,278.8809177029317,False,109.51942868098268,278.77358233856626,False,97.33947368662454,354.8335817650914,False,132.63357680313564,348.6393871313091,False,81.86918025630312,420.5612653121704,False,126.5908477129714,419.65878328608295,False,True
118,118,1.9666666666666663,1.9666666666666663,Sports2D_HALPE26_postprocessed,149.58488130948857,164.99954964257,1.0,133.25156724846897,195.716477795224,1.0,111.1021968564689,196.58328890905412,1.0,139.79813628553484,239.3698931027253,1.0,114.17401853286204,244.3609068069809,1.0,153.6259714453427,228.27479487747345,1.0,150.56765947437532,224.3963086702916,1.0,112.11698357950206,279.72571784730536,1.0,110.13411118786324,279.39331098029766,1.0,100.36608859725165,354.5908062968358,1.0,131.71072420333732,349.900812496233,1.0,82.32222252835945,420.4041003327719,1.0,126.06843089568451,421.4376984084534,1.0,107.20821051116329,435.2147788505956,1.0,103.70621791089944,432.2819586462035,1.0,76.36476567402924,434.5103288384549,1.0,159.05899550374642,434.1493793413164,1.0,154.5216314283307,438.35891437402427,1.0,120.2995767531156,434.8288789345759,1.0,1.0,1.9666666666666663,149.58488130948857,164.99954964257,False,133.25156724846897,195.716477795224,False,111.1021968564689,196.58328890905412,False,139.79813628553484,239.3698931027253,False,114.17401853286204,244.3609068069809,False,153.6259714453427,228.27479487747345,False,150.56765947437532,224.3963086702916,False,112.11698357950206,279.72571784730536,False,110.13411118786324,279.39331098029766,False,100.36608859725165,354.5908062968358,False,131.71072420333732,349.900812496233,False,82.32222252835945,420.4041003327719,False,126.06843089568451,421.4376984084534,False,True
119,119,1.9833333333333327,1.9833333333333327,Sports2D_HALPE26_postprocessed,149.86637370559953,164.81124626484257,1.0,134.18086267749976,195.4790185155128,1.0,111.64988055370972,196.3890164259525,1.0,141.70364658682183,238.99763491032252,1.0,116.73889429792284,242.5992251239484,1.0,155.87647744488336,223.4967680900465,1.0,150.95853073440446,222.27868629935904,1.0,117.53146622095473,279.8591602756464,1.0,110.8210284407363,279.4228434800555,1.0,104.47360347823856,353.20423115083884,1.0,130.60277322581518,350.7045857003204,1.0,83.33407622836492,419.4330755786784,1.0,125.70879203457338,421.8003672173813,1.0,107.19631622558876,434.8951669559818,1.0,103.43196312937934,431.92042112496864,1.0,76.88420830509361,433.5945893486862,1.0,158.84672630381397,434.19660692249806,1.0,153.881824672538,438.6466525907947,1.0,120.33190375622488,435.5221717143496,1.0,1.0,1.9833333333333327,149.86637370559953,164.81124626484257,False,134.18086267749976,195.4790185155128,False,111.64988055370972,196.3890164259525,False,141.70364658682183,238.99763491032252,False,116.73889429792284,242.5992251239484,False,155.87647744488336,223.4967680900465,False,150.95853073440446,222.27868629935904,False,117.53146622095473,279.8591602756464,False,110.8210284407363,279.4228434800555,False,104.47360347823856,353.20423115083884,False,130.60277322581518,350.7045857003204,False,83.33407622836492,419.4330755786784,False,125.70879203457338,421.8003672173813,False,True
120,120,2.0,2.0,Sports2D_HALPE26_postprocessed,150.54086529651613,164.67843041297692,1.0,134.54514637276773,195.2808549900042,1.0,112.02217483688236,196.30755853544284,1.0,141.99878939291185,238.7875663783093,1.0,119.16586990593106,241.3214909309992,1.0,158.06154990061484,222.5245294740052,1.0,152.27269698409248,219.9283672606561,1.0,120.12494256942462,280.2229020690015,1.0,111.94451083371388,280.3930487293301,1.0,108.9249923662118,352.7968560696696,1.0,129.2050274248675,351.740695806286,1.0,84.38879211934982,418.4349259739012,1.0,125.53009202239248,422.3211491489815,1.0,106.79694242735584,434.34206436362257,1.0,103.51784888197976,431.69365382586767,1.0,77.0564867188013,432.7870092149151,1.0,158.81507827498996,434.1920192453284,1.0,153.10805799729107,438.7208464003253,1.0,119.38262556460823,435.662197007489,1.0,1.0,2.0,150.54086529651613,164.67843041297692,False,134.54514637276773,195.2808549900042,False,112.02217483688236,196.30755853544284,False,141.99878939291185,238.7875663783093,False,119.16586990593106,241.3214909309992,False,158.06154990061484,222.5245294740052,False,152.27269698409248,219.9283672606561,False,120.12494256942462,280.2229020690015,False,111.94451083371388,280.3930487293301,False,108.9249923662118,352.7968560696696,False,129.2050274248675,351.740695806286,False,84.38879211934982,418.4349259739012,False,125.53009202239248,422.3211491489815,False,True
121,121,2.0166666666666666,2.0166666666666666,Sports2D_HALPE26_postprocessed,151.0834381963493,164.44785411422976,1.0,134.72776806951416,195.0179997541627,1.0,112.19571942640752,196.24228245241048,1.0,141.7021008247289,238.70891402364137,1.0,121.8028756222881,240.3447896036429,1.0,159.23486730090315,219.76365272964267,1.0,154.05143050647007,214.88298906333003,1.0,123.12886028544511,280.1912567591272,1.0,112.09760298466176,280.8207550354698,1.0,114.5639904262023,351.9607914886155,1.0,128.15035784334918,351.51125120045504,1.0,86.85652302406729,415.6846479830372,1.0,125.41044989634425,422.0179411900417,1.0,107.28729899644418,433.9228059042678,1.0,103.7412046783949,431.00778230105,1.0,77.95295570978104,430.10792567168136,1.0,159.14006553026326,434.2918450480764,1.0,153.04261871367365,438.85575558893095,1.0,118.65051242800882,435.8730536333034,1.0,1.0,2.0166666666666666,151.0834381963493,164.44785411422976,False,134.72776806951416,195.0179997541627,False,112.19571942640752,196.24228245241048,False,141.7021008247289,238.70891402364137,False,121.8028756222881,240.3447896036429,False,159.23486730090315,219.76365272964267,False,154.05143050647007,214.88298906333003,False,123.12886028544511,280.1912567591272,False,112.09760298466176,280.8207550354698,False,114.5639904262023,351.9607914886155,False,128.15035784334918,351.51125120045504,False,86.85652302406729,415.6846479830372,False,125.41044989634425,422.0179411900417,False,True
122,122,2.033333333333333,2.033333333333333,Sports2D_HALPE26_postprocessed,151.15287333644264,164.35948789562448,1.0,135.1783037950124,194.945533017598,1.0,112.35658654412543,195.99040994712,1.0,141.667382779136,238.7454588540696,1.0,124.2728551374285,239.61550381920136,1.0,160.10596682277134,218.2970777199314,1.0,154.17744718280596,213.840091856095,1.0,124.57160395056108,280.5906893001577,1.0,111.7608735244798,281.48931699917574,1.0,121.9611847254066,350.0040994233147,1.0,127.15022391306798,350.7718310505659,1.0,89.73187109810198,412.0906891856269,1.0,125.10045473355348,422.3894815305038,1.0,107.4100604326729,434.0950599511836,1.0,103.6879374993208,430.7756002006991,1.0,80.12307592835388,425.5824009392736,1.0,159.2197889418619,434.4055871813106,1.0,152.96267557406765,438.9931306838785,1.0,117.97639408092164,436.24451206034735,1.0,1.0,2.033333333333333,151.15287333644264,164.35948789562448,False,135.1783037950124,194.945533017598,False,112.35658654412543,195.99040994712,False,141.667382779136,238.7454588540696,False,124.2728551374285,239.61550381920136,False,160.10596682277134,218.2970777199314,False,154.17744718280596,213.840091856095,False,124.57160395056108,280.5906893001577,False,111.7608735244798,281.48931699917574,False,121.9611847254066,350.0040994233147,False,127.15022391306798,350.7718310505659,False,89.73187109810198,412.0906891856269,False,125.10045473355348,422.3894815305038,False,True
123,123,2.05,2.05,Sports2D_HALPE26_postprocessed,151.63023137530712,164.8154268673889,1.0,136.63284804818772,194.8024796021965,1.0,113.41183540545832,195.701286444052,1.0,142.62078010029813,238.83485075291435,1.0,127.078693766112,239.29683955367705,1.0,160.74640716218815,216.2985016269721,1.0,154.70735745190808,212.2088721907972,1.0,126.17581374022654,283.2437304791794,1.0,112.62550388429196,282.8546796280526,1.0,132.5221935421072,349.12590428993235,1.0,126.37145063160416,351.2437023028963,1.0,93.34035069649764,410.6464196231958,1.0,125.06202360925596,424.3442858734203,1.0,108.05155708842194,433.3570232381533,1.0,105.00633876872786,430.2606033063316,1.0,83.22708651292658,421.8028751967302,1.0,159.38171934134073,434.688664530799,1.0,153.20396896105706,439.1807357437069,1.0,117.31186416004395,436.5237101677764,1.0,1.0,2.05,151.63023137530712,164.8154268673889,False,136.63284804818772,194.8024796021965,False,113.41183540545832,195.701286444052,False,142.62078010029813,238.83485075291435,False,127.078693766112,239.29683955367705,False,160.74640716218815,216.2985016269721,False,154.70735745190808,212.2088721907972,False,126.17581374022654,283.2437304791794,False,112.62550388429196,282.8546796280526,False,132.5221935421072,349.12590428993235,False,126.37145063160416,351.2437023028963,False,93.34035069649764,410.6464196231958,False,125.06202360925596,424.3442858734203,False,True
124,124,2.0666666666666664,2.0666666666666664,Sports2D_HALPE26_postprocessed,152.02369067404908,165.1956200527747,1.0,138.00824533358727,194.6787038336716,1.0,113.69479331519408,195.2982982221357,1.0,143.1070865402819,238.77511021756047,1.0,127.75682811173688,238.7606974479899,1.0,161.51102350086177,215.6442496887723,1.0,155.14259883513893,211.14213608150143,1.0,128.2421684483658,283.6190541568673,1.0,113.59298559564049,283.51161161021764,1.0,142.05407025560305,347.4632688666898,1.0,125.9528456519782,352.4309253175508,1.0,98.840895723994,406.4474519827591,1.0,125.02924843892922,424.4744469811287,1.0,110.92342939737355,432.0288024718615,1.0,108.53127312241088,428.9893192423871,1.0,87.77006269430915,416.88456570977934,1.0,159.28526800042908,434.8627044444916,1.0,153.2864994912931,439.2762091419973,1.0,117.33111455773772,437.1366191136333,1.0,1.0,2.0666666666666664,152.02369067404908,165.1956200527747,False,138.00824533358727,194.6787038336716,False,113.69479331519408,195.2982982221357,False,143.1070865402819,238.77511021756047,False,127.75682811173688,238.7606974479899,False,161.51102350086177,215.6442496887723,False,155.14259883513893,211.14213608150143,False,128.2421684483658,283.6190541568673,False,113.59298559564049,283.51161161021764,False,142.05407025560305,347.4632688666898,False,125.9528456519782,352.4309253175508,False,98.840895723994,406.4474519827591,False,125.02924843892922,424.4744469811287,False,True
125,125,2.083333333333333,2.083333333333333,Sports2D_HALPE26_postprocessed,152.08946256147308,165.27985915174497,1.0,138.52985035369903,194.5289792836011,1.0,114.05772325201444,195.11931483022505,1.0,143.50647757137855,238.7150181527659,1.0,128.67759190910309,238.41156029838595,1.0,161.42768595730206,215.047722320793,1.0,155.48019551852573,210.39629769151057,1.0,131.4154513729395,283.3361877656693,1.0,114.34147653072873,283.2768216711843,1.0,149.45993957337484,346.01634760128263,1.0,125.44107963437509,353.59265105860305,1.0,104.73629390996524,400.6956457473801,1.0,124.9922990634196,424.59103155555607,1.0,112.24670628539592,429.7335743080634,1.0,112.58788120377908,426.2315814743854,1.0,92.2191506866819,409.6232728653541,1.0,159.3746231351985,434.9958453429663,1.0,153.44475869835932,439.3435570808019,1.0,117.8582118319778,437.4909235766331,1.0,1.0,2.083333333333333,152.08946256147308,165.27985915174497,False,138.52985035369903,194.5289792836011,False,114.05772325201444,195.11931483022505,False,143.50647757137855,238.7150181527659,False,128.67759190910309,238.41156029838595,False,161.42768595730206,215.047722320793,False,155.48019551852573,210.39629769151057,False,131.4154513729395,283.3361877656693,False,114.34147653072873,283.2768216711843,False,149.45993957337484,346.01634760128263,False,125.44107963437509,353.59265105860305,False,104.73629390996524,400.6956457473801,False,124.9922990634196,424.59103155555607,False,True
126,126,2.1,2.1,Sports2D_HALPE26_postprocessed,152.74070243364977,165.14502415314735,1.0,139.36290930802943,194.5172810345659,1.0,114.42604095968512,194.66000567995567,1.0,144.238997764555,238.607182005038,1.0,129.78530439005328,238.14475305542868,1.0,161.22519443938688,213.44750925996505,1.0,155.7119893109505,210.17224953318484,1.0,132.7754070875288,282.36281684747763,1.0,114.41877827208894,282.3992406346467,1.0,155.30227233222206,342.57757429208726,1.0,125.0315665506358,354.0517242477161,1.0,109.648354693432,397.8333136527064,1.0,124.99479783410632,424.7133477221493,1.0,115.04503159426632,426.84917163540206,1.0,117.52285135301398,421.95209981353145,1.0,96.5957205536743,404.3394997932369,1.0,159.36494446044543,435.0713685392397,1.0,153.52820180820754,439.31884627681336,1.0,117.95898937846268,437.7146135362078,1.0,1.0,2.1,152.74070243364977,165.14502415314735,False,139.36290930802943,194.5172810345659,False,114.42604095968512,194.66000567995567,False,144.238997764555,238.607182005038,False,129.78530439005328,238.14475305542868,False,161.22519443938688,213.44750925996505,False,155.7119893109505,210.17224953318484,False,132.7754070875288,282.36281684747763,False,114.41877827208894,282.3992406346467,False,155.30227233222206,342.57757429208726,False,125.0315665506358,354.0517242477161,False,109.648354693432,397.8333136527064,False,124.99479783410632,424.7133477221493,False,True
127,127,2.1166666666666667,2.1166666666666667,Sports2D_HALPE26_postprocessed,153.46167052789286,164.81852162181784,1.0,140.69918020212688,194.60685777965864,1.0,114.83873810920734,194.3075442478344,1.0,144.91353746653155,238.58606735185225,1.0,130.18408477421727,237.05263750653407,1.0,161.12162959772562,213.3633245231868,1.0,155.7896824356764,209.15508055021365,1.0,133.9325074905057,282.8012503076385,1.0,115.26378254003733,282.6673841834204,1.0,161.57062342616868,339.3806783511496,1.0,124.0912446411796,354.5156588082646,1.0,116.77153245018502,393.3585664704447,1.0,124.91911386072051,424.70386337706566,1.0,125.99847761494634,415.7716224359786,1.0,127.57248361462769,412.2178380735926,1.0,102.69236037148298,398.3463632938544,1.0,159.462696323315,435.1855842559189,1.0,153.3774149580223,439.3272729943069,1.0,117.56276463506362,437.7643362515595,1.0,1.0,2.1166666666666667,153.46167052789286,164.81852162181784,False,140.69918020212688,194.60685777965864,False,114.83873810920734,194.3075442478344,False,144.91353746653155,238.58606735185225,False,130.18408477421727,237.05263750653407,False,161.12162959772562,213.3633245231868,False,155.7896824356764,209.15508055021365,False,133.9325074905057,282.8012503076385,False,115.26378254003733,282.6673841834204,False,161.57062342616868,339.3806783511496,False,124.0912446411796,354.5156588082646,False,116.77153245018502,393.3585664704447,False,124.91911386072051,424.70386337706566,False,True
128,128,2.1333333333333333,2.1333333333333333,Sports2D_HALPE26_postprocessed,153.97087257538465,164.64782382183083,1.0,140.2241697610658,194.417461935206,1.0,114.88525210660232,194.1661520702697,1.0,144.8817112648232,238.5756457833848,1.0,130.86712620791965,236.39662250965927,1.0,161.82415268962757,212.9532402326678,1.0,156.92721748903406,207.5312506955472,1.0,134.28725234547423,281.800555743885,1.0,115.17887298803628,281.33801798325544,1.0,166.8655510850953,336.4095373304482,1.0,123.7504237595688,354.5660488596846,1.0,122.22264170209112,388.64292442881685,1.0,124.86189583576608,424.6009979232772,1.0,137.39842203370864,410.3219098997332,1.0,133.13491600251115,408.2172941935168,1.0,106.3431701713498,393.46691072526767,1.0,159.4938504284798,435.1731949599327,1.0,153.18235400764763,439.3181550318977,1.0,117.53298869609446,437.6881529096504,1.0,1.0,2.1333333333333333,153.97087257538465,164.64782382183083,False,140.2241697610658,194.417461935206,False,114.88525210660232,194.1661520702697,False,144.8817112648232,238.5756457833848,False,130.86712620791965,236.39662250965927,False,161.82415268962757,212.9532402326678,False,156.92721748903406,207.5312506955472,False,134.28725234547423,281.800555743885,False,115.17887298803628,281.33801798325544,False,166.8655510850953,336.4095373304482,False,123.7504237595688,354.5660488596846,False,122.22264170209112,388.64292442881685,False,124.86189583576608,424.6009979232772,False,True
129,129,2.15,2.15,Sports2D_HALPE26_postprocessed,153.2878837889104,164.62418118860683,1.0,139.78539819439277,194.18198814788144,1.0,114.65189872266862,194.1694503177378,1.0,146.179943763942,238.5714270088563,1.0,131.2948569871855,235.4063603578373,1.0,162.7402883855948,212.59103200784105,1.0,157.84490840127086,205.99998109628604,1.0,135.1290236102159,278.83255048608913,1.0,115.07776445439949,277.49460554037387,1.0,171.3491657654439,331.90218113281446,1.0,123.6119760871077,354.9676109986857,1.0,133.43096479478544,389.2342596681965,1.0,124.62826780909424,424.6447706323114,1.0,143.51315761102975,413.7342709883589,1.0,141.47060274031074,410.3204875840068,1.0,126.69024813024004,389.9330504100148,1.0,159.36969813107385,434.9794368496741,1.0,153.03021996399838,439.1492834303033,1.0,118.37617023046,437.8718889948126,1.0,1.0,2.15,153.2878837889104,164.62418118860683,False,139.78539819439277,194.18198814788144,False,114.65189872266862,194.1694503177378,False,146.179943763942,238.5714270088563,False,131.2948569871855,235.4063603578373,False,162.7402883855948,212.59103200784105,False,157.84490840127086,205.99998109628604,False,135.1290236102159,278.83255048608913,False,115.07776445439949,277.49460554037387,False,171.3491657654439,331.90218113281446,False,123.6119760871077,354.9676109986857,False,133.43096479478544,389.2342596681965,False,124.62826780909424,424.6447706323114,False,True
130,130,2.1666666666666665,2.1666666666666665,Sports2D_HALPE26_postprocessed,152.9138868394701,164.37888169702697,1.0,140.2158044952,193.96290405847424,1.0,114.59723373035624,194.03403743844547,1.0,147.5864781286592,238.5035922970576,1.0,131.64686321810842,234.89737373040617,1.0,163.71006663602742,211.85701444506032,1.0,158.43631850554274,205.3835095824728,1.0,135.71156179060404,276.9088307350036,1.0,115.01219020432536,276.86514992341944,1.0,175.83780957152806,327.4766940695803,1.0,123.53762318012208,354.4336663439277,1.0,139.07234721687195,384.242685140011,1.0,124.47034199525828,424.7730212207344,1.0,147.60675664433091,412.6751764969544,1.0,147.55853867965556,409.6829295001754,1.0,132.01868037362738,387.20016991707496,1.0,159.39761957600743,434.8965729896236,1.0,153.1895391154467,439.0927252523114,1.0,118.72230417013046,437.73216433277696,1.0,1.0,2.1666666666666665,152.9138868394701,164.37888169702697,False,140.2158044952,193.96290405847424,False,114.59723373035624,194.03403743844547,False,147.5864781286592,238.5035922970576,False,131.64686321810842,234.89737373040617,False,163.71006663602742,211.85701444506032,False,158.43631850554274,205.3835095824728,False,135.71156179060404,276.9088307350036,False,115.01219020432536,276.86514992341944,False,175.83780957152806,327.4766940695803,False,123.53762318012208,354.4336663439277,False,139.07234721687195,384.242685140011,False,124.47034199525828,424.7730212207344,False,True
131,131,2.183333333333333,2.183333333333333,Sports2D_HALPE26_postprocessed,153.7468598942868,164.14252223569278,1.0,141.61741416905053,193.8995602051188,1.0,114.71439005455508,193.6007591707496,1.0,148.6548054387141,238.39835900048084,1.0,132.39166676857025,233.7599162260101,1.0,164.74373007080357,211.63789859664595,1.0,159.00578833489874,204.3389893133627,1.0,137.6706408041815,275.9784831707255,1.0,115.090587125832,276.52923736100763,1.0,179.99355268042484,322.2980019331685,1.0,123.58156961706244,354.0055159048683,1.0,146.19394364267455,381.95662166337456,1.0,124.28457647966076,424.3603101721524,1.0,155.70285701126667,409.2834577587621,1.0,155.69475724252504,408.1603066268015,1.0,137.1818258153695,387.3916777812594,1.0,159.6172531239364,434.8787628876024,1.0,153.3445858260606,438.9330441201098,1.0,118.7224512486263,437.542119429492,1.0,1.0,2.183333333333333,153.7468598942868,164.14252223569278,False,141.61741416905053,193.8995602051188,False,114.71439005455508,193.6007591707496,False,148.6548054387141,238.39835900048084,False,132.39166676857025,233.7599162260101,False,164.74373007080357,211.63789859664595,False,159.00578833489874,204.3389893133627,False,137.6706408041815,275.9784831707255,False,115.090587125832,276.52923736100763,False,179.99355268042484,322.2980019331685,False,123.58156961706244,354.0055159048683,False,146.19394364267455,381.95662166337456,False,124.28457647966076,424.3603101721524,False,True
132,132,2.2,2.2,Sports2D_HALPE26_postprocessed,155.1904893227332,164.01653121997404,1.0,142.64898252891436,193.737565460526,1.0,115.0137251955714,193.12540506916645,1.0,149.25780431424255,238.28720326541065,1.0,132.69590784462915,233.2245293131932,1.0,165.3778307481134,211.02747529623372,1.0,158.91689368973255,204.51006484628093,1.0,139.172181532679,276.9013647696001,1.0,115.45871780842798,277.6328602036818,1.0,184.03632333982543,317.1791949159356,1.0,123.6650247737914,353.954650490318,1.0,154.78283731545412,378.4993763992549,1.0,124.45092913749572,424.0878584816246,1.0,167.78768417778545,409.9919070909133,1.0,166.33038864340872,408.0184419367376,1.0,145.220444067625,385.014746982117,1.0,159.70521120354823,434.70833269027247,1.0,153.13178442691262,438.7262382919737,1.0,118.95145415098362,437.1725634304927,1.0,1.0,2.2,155.1904893227332,164.01653121997404,False,142.64898252891436,193.737565460526,False,115.0137251955714,193.12540506916645,False,149.25780431424255,238.28720326541065,False,132.69590784462915,233.2245293131932,False,165.3778307481134,211.02747529623372,False,158.91689368973255,204.51006484628093,False,139.172181532679,276.9013647696001,False,115.45871780842798,277.6328602036818,False,184.03632333982543,317.1791949159356,False,123.6650247737914,353.954650490318,False,154.78283731545412,378.4993763992549,False,124.45092913749572,424.0878584816246,False,True
133,133,2.216666666666667,2.216666666666667,Sports2D_HALPE26_postprocessed,156.32820057453188,164.11230441858723,1.0,143.17815627831908,193.3598020189951,1.0,115.1119819382942,192.879341653972,1.0,149.9975456627012,238.1703100507505,1.0,132.83553457720154,232.91849924159152,1.0,166.17792980359914,210.46217125747265,1.0,159.02008300025886,204.28384789811943,1.0,139.93016364979374,275.9420367987464,1.0,115.32224689560776,277.22576583855863,1.0,186.91213171171708,311.4905924056943,1.0,124.19795711439306,353.38477326575526,1.0,163.58801926382347,376.2709025952563,1.0,124.35706523344454,423.9089496063955,1.0,180.14736604834027,408.8270832262687,1.0,179.1331603952074,405.9003168802505,1.0,153.51129285592478,384.2697698861709,1.0,159.74283031456997,434.5303116109274,1.0,152.8651973740687,438.5772325839179,1.0,119.09028090230336,436.8413364645752,1.0,1.0,2.216666666666667,156.32820057453188,164.11230441858723,False,143.17815627831908,193.3598020189951,False,115.1119819382942,192.879341653972,False,149.9975456627012,238.1703100507505,False,132.83553457720154,232.91849924159152,False,166.17792980359914,210.46217125747265,False,159.02008300025886,204.28384789811943,False,139.93016364979374,275.9420367987464,False,115.32224689560776,277.22576583855863,False,186.91213171171708,311.4905924056943,False,124.19795711439306,353.38477326575526,False,163.58801926382347,376.2709025952563,False,124.35706523344454,423.9089496063955,False,True
134,134,2.2333333333333334,2.2333333333333334,Sports2D_HALPE26_postprocessed,156.4605094990047,164.14870846311624,1.0,142.15541614812946,192.9921386440876,1.0,114.9715924604751,192.7969315191804,1.0,150.79654506835288,237.72078762257613,1.0,132.7662618268482,232.52494295958743,1.0,167.27396684734825,210.37231401215536,1.0,159.43641346616084,203.8362752580104,1.0,140.37464552841018,273.7746428579833,1.0,115.17147866264771,275.8098878464763,1.0,190.18630090132984,306.4610356126853,1.0,124.54857579974276,352.7724228696343,1.0,171.52407426065352,373.3162893827654,1.0,124.26068585155826,423.970444039413,1.0,191.09493758595227,400.2469044592638,1.0,189.6023779085428,398.6933014106654,1.0,161.01114258015508,382.3056833598604,1.0,159.84179513821485,434.47588387744577,1.0,152.63008323288253,438.5889253789516,1.0,119.11135788346056,436.6877157056086,1.0,1.0,2.2333333333333334,156.4605094990047,164.14870846311624,False,142.15541614812946,192.9921386440876,False,114.9715924604751,192.7969315191804,False,150.79654506835288,237.72078762257613,False,132.7662618268482,232.52494295958743,False,167.27396684734825,210.37231401215536,False,159.43641346616084,203.8362752580104,False,140.37464552841018,273.7746428579833,False,115.17147866264771,275.8098878464763,False,190.18630090132984,306.4610356126853,False,124.54857579974276,352.7724228696343,False,171.52407426065352,373.3162893827654,False,124.26068585155826,423.970444039413,False,True
135,135,2.25,2.25,Sports2D_HALPE26_postprocessed,157.14444977521876,164.17764960597114,1.0,143.48852722120822,192.9122450282204,1.0,115.0982374722232,192.6043649116291,1.0,151.60612136703736,238.17656303206417,1.0,132.87928006847108,232.2235306575172,1.0,167.39798402092288,210.22831565239505,1.0,159.57981305284665,203.38921820139336,1.0,141.91314334509275,272.8501024536787,1.0,115.36753856060244,276.2631097964302,1.0,192.31789400861544,300.71696578226044,1.0,125.07747727014936,352.56248082483967,1.0,180.4934001189881,368.28642544875146,1.0,124.37507519939072,423.9307077903432,1.0,201.2008810539168,394.0622766600841,1.0,199.68145309463773,392.5404848253576,1.0,172.89734158701197,376.8695349290351,1.0,159.8438988365764,434.603783497569,1.0,152.29641302689146,438.4491066320405,1.0,119.14639132953972,436.526222268932,1.0,1.0,2.25,157.14444977521876,164.17764960597114,False,143.48852722120822,192.9122450282204,False,115.0982374722232,192.6043649116291,False,151.60612136703736,238.17656303206417,False,132.87928006847108,232.2235306575172,False,167.39798402092288,210.22831565239505,False,159.57981305284665,203.38921820139336,False,141.91314334509275,272.8501024536787,False,115.36753856060244,276.2631097964302,False,192.31789400861544,300.71696578226044,False,125.07747727014936,352.56248082483967,False,180.4934001189881,368.28642544875146,False,124.37507519939072,423.9307077903432,False,True
136,136,2.2666666666666666,2.2666666666666666,Sports2D_HALPE26_postprocessed,157.48494743470616,164.23659790725767,1.0,144.22568666196833,192.8521392669895,1.0,114.8542996394704,193.1185448257258,1.0,151.9406984966265,239.2102770878584,1.0,132.63861546089908,232.13071306301669,1.0,168.07776523091414,210.7029729929311,1.0,159.97947643334123,202.64811041362708,1.0,141.50419818488865,271.7566930557051,1.0,115.71014710737408,275.8699484618145,1.0,195.0797758097925,295.3397211149587,1.0,125.72646643433532,352.1655349343275,1.0,188.3327395789031,364.2448713079275,1.0,124.37960832763386,423.7424706816346,1.0,211.5008922484933,390.2841645341408,1.0,209.40729018494,387.83495292052817,1.0,181.79630738186907,373.3072109517491,1.0,159.6386781113773,434.78850188238926,1.0,151.64065283608988,438.3791094049616,1.0,119.04690062754634,436.48908961085806,1.0,1.0,2.2666666666666666,157.48494743470616,164.23659790725767,False,144.22568666196833,192.8521392669895,False,114.8542996394704,193.1185448257258,False,151.9406984966265,239.2102770878584,False,132.63861546089908,232.13071306301669,False,168.07776523091414,210.7029729929311,False,159.97947643334123,202.64811041362708,False,141.50419818488865,271.7566930557051,False,115.71014710737408,275.8699484618145,False,195.0797758097925,295.3397211149587,False,125.72646643433532,352.1655349343275,False,188.3327395789031,364.2448713079275,False,124.37960832763386,423.7424706816346,False,True
137,137,2.283333333333333,2.283333333333333,Sports2D_HALPE26_postprocessed,157.8547012464152,164.37405664823206,1.0,143.92458466040208,192.68622674223505,1.0,114.7231444018306,193.06600888850423,1.0,152.36785431344572,239.8461310149785,1.0,133.11228983220087,232.2599370671065,1.0,168.79668321728855,211.3645007341941,1.0,160.19027730727402,203.6636046751207,1.0,142.26963262115072,271.039529066429,1.0,116.17348057951402,275.67388333039986,1.0,197.22654772623525,289.00983527176857,1.0,126.72452513153416,352.31195201351346,1.0,196.2951431876592,359.8190238093171,1.0,124.54625860911186,423.7471406112369,1.0,221.3184816601465,380.5608656557174,1.0,217.0578663235704,379.51604371098006,1.0,190.69860973422624,370.3835024968765,1.0,159.1545751208504,435.2321197559995,1.0,152.38305990804298,438.5496775815226,1.0,119.1478039224144,436.4321545484588,1.0,1.0,2.283333333333333,157.8547012464152,164.37405664823206,False,143.92458466040208,192.68622674223505,False,114.7231444018306,193.06600888850423,False,152.36785431344572,239.8461310149785,False,133.11228983220087,232.2599370671065,False,168.79668321728855,211.3645007341941,False,160.19027730727402,203.6636046751207,False,142.26963262115072,271.039529066429,False,116.17348057951402,275.67388333039986,False,197.22654772623525,289.00983527176857,False,126.72452513153416,352.31195201351346,False,196.2951431876592,359.8190238093171,False,124.54625860911186,423.7471406112369,False,True
138,138,2.3,2.3,Sports2D_HALPE26_postprocessed,158.35928614339227,164.65237199585096,1.0,144.7951506998496,192.70300690865108,1.0,114.73210208356602,192.86193608292257,1.0,153.81726394928486,240.1029016146853,1.0,133.16343941856002,232.2873535615238,1.0,168.97524331251643,211.07116705458665,1.0,160.0423470644514,202.91703954435167,1.0,143.29454848940398,270.79635988388293,1.0,117.90347834516056,276.3188971312732,1.0,198.805742202018,283.01438127480026,1.0,127.14497730457188,352.4275565093864,1.0,203.51220429883367,351.87250311424737,1.0,124.646485238858,423.7941735914927,1.0,233.6848080116125,370.9643653332908,1.0,226.63644067874924,369.4987875717067,1.0,197.4695992648436,364.880752482703,1.0,158.8416371923829,435.5838753116061,1.0,152.31640591093765,438.9619762381276,1.0,119.40386655646762,436.44454888105,1.0,1.0,2.3,158.35928614339227,164.65237199585096,False,144.7951506998496,192.70300690865108,False,114.73210208356602,192.86193608292257,False,153.81726394928486,240.1029016146853,False,133.16343941856002,232.2873535615238,False,168.97524331251643,211.07116705458665,False,160.0423470644514,202.91703954435167,False,143.29454848940398,270.79635988388293,False,117.90347834516056,276.3188971312732,False,198.805742202018,283.01438127480026,False,127.14497730457188,352.4275565093864,False,203.51220429883367,351.87250311424737,False,124.646485238858,423.7941735914927,False,True
139,139,2.3166666666666664,2.3166666666666664,Sports2D_HALPE26_postprocessed,158.8371333409741,164.69920383046755,1.0,145.93740053447442,192.7073936515618,1.0,114.8653943939319,193.06774998276825,1.0,155.39100711498264,240.70510391626087,1.0,132.98958776928043,231.928438135663,1.0,169.49869751304487,211.5281347715021,1.0,160.36249928023216,203.57017709670595,1.0,144.33632214256673,270.0269835785386,1.0,118.6867397510606,276.4877095665581,1.0,199.6741681025402,277.3442546558474,1.0,128.07873602143889,352.2103378521444,1.0,209.7313055315861,344.1804003568598,1.0,124.75548391911492,423.9712750564146,1.0,239.6807225760569,361.7740439828808,1.0,235.55288724655787,361.2070394324117,1.0,204.55662025503824,357.2698731172472,1.0,159.4179027675807,435.657755899436,1.0,152.25051902701082,439.2273539994759,1.0,119.609082469951,436.526766542425,1.0,1.0,2.3166666666666664,158.8371333409741,164.69920383046755,False,145.93740053447442,192.7073936515618,False,114.8653943939319,193.06774998276825,False,155.39100711498264,240.70510391626087,False,132.98958776928043,231.928438135663,False,169.49869751304487,211.5281347715021,False,160.36249928023216,203.57017709670595,False,144.33632214256673,270.0269835785386,False,118.6867397510606,276.4877095665581,False,199.6741681025402,277.3442546558474,False,128.07873602143889,352.2103378521444,False,209.7313055315861,344.1804003568598,False,124.75548391911492,423.9712750564146,False,True
140,140,2.333333333333333,2.333333333333333,Sports2D_HALPE26_postprocessed,158.90976627609342,165.21667851620492,1.0,147.5284362932833,192.7744573899897,1.0,115.23078140147167,193.0808725342268,1.0,156.77297601498128,241.01072185018853,1.0,133.3518679611697,232.0102326907012,1.0,170.01016113063207,211.34182331132652,1.0,160.4224454858263,202.9977503613631,1.0,144.91350640160078,269.746647665313,1.0,119.2070941492966,276.89462779049234,1.0,200.11545509762848,271.13292105883204,1.0,128.61513392726064,352.5534732849734,1.0,215.29227125415696,337.1220976861259,1.0,124.93586045231356,424.2616664585713,1.0,246.13438575015928,354.18855341581246,1.0,241.298038681976,351.65429860091155,1.0,210.991609182928,350.7136171952904,1.0,159.7143902687738,435.74566659746176,1.0,151.97423941152675,439.4145149678331,1.0,119.71124781644302,436.61840057360587,1.0,1.0,2.333333333333333,158.90976627609342,165.21667851620492,False,147.5284362932833,192.7744573899897,False,115.23078140147167,193.0808725342268,False,156.77297601498128,241.01072185018853,False,133.3518679611697,232.0102326907012,False,170.01016113063207,211.34182331132652,False,160.4224454858263,202.9977503613631,False,144.91350640160078,269.746647665313,False,119.2070941492966,276.89462779049234,False,200.11545509762848,271.13292105883204,False,128.61513392726064,352.5534732849734,False,215.29227125415696,337.1220976861259,False,124.93586045231356,424.2616664585713,False,True
141,141,2.35,2.35,Sports2D_HALPE26_postprocessed,159.04489769656888,165.47249349541767,1.0,147.20148959510723,192.9994229468567,1.0,115.40197791837105,192.430724171362,1.0,157.0869913118151,241.1943258785951,1.0,132.29494240369775,232.1235438921961,1.0,170.52081601428426,211.1786915439475,1.0,160.53170148887983,204.00915779179093,1.0,146.52942682691128,271.71140321183174,1.0,120.8348225847214,278.39201269397046,1.0,200.00255178141293,265.97014052471246,1.0,129.38410839833313,353.2433785963781,1.0,219.498012368002,330.54057875695105,1.0,125.23068709641478,424.9686079226679,1.0,249.81950374596465,345.0397808698422,1.0,246.31249142593285,341.1093836234862,1.0,215.1105006016607,343.6375808999281,1.0,159.93309802276673,435.7368133442924,1.0,152.8863815873581,439.66280962812993,1.0,120.00015028869076,436.67131817902833,1.0,1.0,2.35,159.04489769656888,165.47249349541767,False,147.20148959510723,192.9994229468567,False,115.40197791837105,192.430724171362,False,157.0869913118151,241.1943258785951,False,132.29494240369775,232.1235438921961,False,170.52081601428426,211.1786915439475,False,160.53170148887983,204.00915779179093,False,146.52942682691128,271.71140321183174,False,120.8348225847214,278.39201269397046,False,200.00255178141293,265.97014052471246,False,129.38410839833313,353.2433785963781,False,219.498012368002,330.54057875695105,False,125.23068709641478,424.9686079226679,False,True
142,142,2.3666666666666667,2.3666666666666667,Sports2D_HALPE26_postprocessed,159.09188480067883,165.69502203343453,1.0,147.80019136088202,193.1628354308813,1.0,115.43027464525836,192.36977394361568,1.0,157.63401894669084,241.39766742519544,1.0,132.1921737435691,231.90522172636963,1.0,170.6001018931701,211.11125967985245,1.0,160.51290699166944,204.23675606009544,1.0,147.66632228598837,271.7641871062088,1.0,121.5620881168793,279.3291356414952,1.0,199.52183590174943,260.33138067511265,1.0,129.9309269653042,353.3954820196982,1.0,223.2277393147901,321.4275582432035,1.0,125.42411736135796,425.2054190338553,1.0,253.178556909773,333.2262145007803,1.0,249.6650185113416,331.6275814305397,1.0,219.73278228605653,335.0818578966831,1.0,160.0921502800115,435.57957569450485,1.0,153.29460038577304,439.5393413136893,1.0,120.38638948610944,436.8073001045937,1.0,1.0,2.3666666666666667,159.09188480067883,165.69502203343453,False,147.80019136088202,193.1628354308813,False,115.43027464525836,192.36977394361568,False,157.63401894669084,241.39766742519544,False,132.1921737435691,231.90522172636963,False,170.6001018931701,211.11125967985245,False,160.51290699166944,204.23675606009544,False,147.66632228598837,271.7641871062088,False,121.5620881168793,279.3291356414952,False,199.52183590174943,260.33138067511265,False,129.9309269653042,353.3954820196982,False,223.2277393147901,321.4275582432035,False,125.42411736135796,425.2054190338553,False,True
143,143,2.3833333333333333,2.3833333333333333,Sports2D_HALPE26_postprocessed,159.49355948891304,165.7829125385202,1.0,150.32193854023188,193.2171217049381,1.0,115.41984983183364,192.3764652745701,1.0,159.52081989120308,241.7273882866166,1.0,132.67638489214357,231.6140613845208,1.0,170.9872968288332,210.42101344490737,1.0,160.5119386431036,203.5462491769796,1.0,149.99710569109504,271.3657157932976,1.0,123.38163384150012,280.57492449376457,1.0,199.3329998765328,253.37441992459893,1.0,130.84571926355446,353.43301062520334,1.0,226.20701801211845,311.8890760375888,1.0,125.7564437379932,425.4835715848956,1.0,256.1578600825645,319.86740187844407,1.0,252.1593333854271,317.886514303806,1.0,223.16752561321732,326.0487203503844,1.0,160.36012983230256,435.4946436765265,1.0,153.46873706314005,439.3511129481615,1.0,120.6752120067504,436.7685892033148,1.0,1.0,2.3833333333333333,159.49355948891304,165.7829125385202,False,150.32193854023188,193.2171217049381,False,115.41984983183364,192.3764652745701,False,159.52081989120308,241.7273882866166,False,132.67638489214357,231.6140613845208,False,170.9872968288332,210.42101344490737,False,160.5119386431036,203.5462491769796,False,149.99710569109504,271.3657157932976,False,123.38163384150012,280.57492449376457,False,199.3329998765328,253.37441992459893,False,130.84571926355446,353.43301062520334,False,226.20701801211845,311.8890760375888,False,125.7564437379932,425.4835715848956,False,True
144,144,2.4,2.4,Sports2D_HALPE26_postprocessed,159.8729724961701,165.90005576153607,1.0,151.04755443282366,193.0587498467121,1.0,115.40420554994613,192.47060508438707,1.0,161.40376194591985,241.1204913880265,1.0,132.23515109101626,232.2798536888724,1.0,171.10396383227098,209.84722533720972,1.0,160.5240350791514,203.92217321292824,1.0,151.424284645472,270.36700579819626,1.0,124.87203705958557,280.25304850195374,1.0,198.41383963577263,247.68186116866235,1.0,131.79525160016323,353.32494297921386,1.0,228.5287291836568,304.542954735995,1.0,125.92174089360152,425.3452998780549,1.0,256.6044016930984,315.4370187478372,1.0,252.60446061359303,313.75715978808046,1.0,225.09693168819928,317.4991597218733,1.0,160.46066334864503,435.4820051495542,1.0,153.57143197233026,439.180791795924,1.0,120.58080022802116,436.6563674950015,1.0,1.0,2.4,159.8729724961701,165.90005576153607,False,151.04755443282366,193.0587498467121,False,115.40420554994613,192.47060508438707,False,161.40376194591985,241.1204913880265,False,132.23515109101626,232.2798536888724,False,171.10396383227098,209.84722533720972,False,160.5240350791514,203.92217321292824,False,151.424284645472,270.36700579819626,False,124.87203705958557,280.25304850195374,False,198.41383963577263,247.68186116866235,False,131.79525160016323,353.32494297921386,False,228.5287291836568,304.542954735995,False,125.92174089360152,425.3452998780549,False,True
145,145,2.4166666666666665,2.4166666666666665,Sports2D_HALPE26_postprocessed,159.9057152253989,165.94377871129555,1.0,151.84447161329433,192.6387366070881,1.0,115.3675468594469,192.7036109244164,1.0,162.36436027374685,240.1865694729523,1.0,132.62886811078275,232.38157757808068,1.0,171.7440944309922,208.4742596759096,1.0,160.77699444985558,203.8893403588864,1.0,151.9889983262405,270.4654560867999,1.0,125.84266525058544,280.37949922131656,1.0,196.63886186495435,243.00319117808053,1.0,132.30021633477222,353.2942521231929,1.0,229.26001345550296,297.53927234093965,1.0,126.20714921140568,425.31956063803966,1.0,257.8023904215962,303.2875458397617,1.0,253.827023596623,303.35516469005256,1.0,227.27181140828068,310.52282921520214,1.0,160.5435417506875,435.3812022645765,1.0,153.40700696560555,438.9588614987176,1.0,120.70086450185516,436.4076530115655,1.0,1.0,2.4166666666666665,159.9057152253989,165.94377871129555,False,151.84447161329433,192.6387366070881,False,115.3675468594469,192.7036109244164,False,162.36436027374685,240.1865694729523,False,132.62886811078275,232.38157757808068,False,171.7440944309922,208.4742596759096,False,160.77699444985558,203.8893403588864,False,151.9889983262405,270.4654560867999,False,125.84266525058544,280.37949922131656,False,196.63886186495435,243.00319117808053,False,132.30021633477222,353.2942521231929,False,229.26001345550296,297.53927234093965,False,126.20714921140568,425.31956063803966,False,True
146,146,2.433333333333333,2.433333333333333,Sports2D_HALPE26_postprocessed,160.35692638701164,166.47475588955058,1.0,152.3688783631951,192.30578531805745,1.0,115.4361648971544,192.6913599176976,1.0,163.52233450217,238.03476742549108,1.0,132.5093829845709,232.5536010278126,1.0,171.9468035637135,207.2529205725083,1.0,161.01122825926757,203.6769028655724,1.0,153.37126927975325,270.8619503403205,1.0,126.933718667597,280.41917600038875,1.0,195.7189645320327,237.5005283949877,1.0,133.36758199164706,353.44981407806995,1.0,227.90827274009743,290.0001504658592,1.0,126.41605728954356,425.1554872730332,1.0,257.3591779725452,295.4957358808908,1.0,254.3386320927744,297.9116909178464,1.0,226.90219377377207,303.4421347894596,1.0,160.78895028534956,435.3655001778304,1.0,153.30126375430785,438.8950783668454,1.0,120.68293868248084,436.3844622454552,1.0,1.0,2.433333333333333,160.35692638701164,166.47475588955058,False,152.3688783631951,192.30578531805745,False,115.4361648971544,192.6913599176976,False,163.52233450217,238.03476742549108,False,132.5093829845709,232.5536010278126,False,171.9468035637135,207.2529205725083,False,161.01122825926757,203.6769028655724,False,153.37126927975325,270.8619503403205,False,126.933718667597,280.41917600038875,False,195.7189645320327,237.5005283949877,False,133.36758199164706,353.44981407806995,False,227.90827274009743,290.0001504658592,False,126.41605728954356,425.1554872730332,False,True
147,147,2.45,2.45,Sports2D_HALPE26_postprocessed,160.54446703902758,166.98844477400507,1.0,152.3834974470785,192.1395180289989,1.0,115.50438101124811,192.9998766768315,1.0,165.05282780596065,234.5748332675555,1.0,132.53114870176535,232.8423763962736,1.0,172.1930897433327,206.6323877915545,1.0,161.81743375755104,203.61215079882567,1.0,153.65437322497223,270.4434905314438,1.0,127.62431848282456,279.7769766861952,1.0,194.9792612236186,233.4549858115529,1.0,134.53531270471683,353.18827257973726,1.0,227.43022200764744,284.9398545854809,1.0,126.62743281106528,425.1490551431668,1.0,256.3700600217063,289.00833094625426,1.0,253.38718544656209,290.52076647436127,1.0,226.9262574101769,297.94434021489053,1.0,160.8402487522062,435.3047953474893,1.0,153.41173010149618,438.8098476787496,1.0,120.97541673546232,436.29623450396775,1.0,1.0,2.45,160.54446703902758,166.98844477400507,False,152.3834974470785,192.1395180289989,False,115.50438101124811,192.9998766768315,False,165.05282780596065,234.5748332675555,False,132.53114870176535,232.8423763962736,False,172.1930897433327,206.6323877915545,False,161.81743375755104,203.61215079882567,False,153.65437322497223,270.4434905314438,False,127.62431848282456,279.7769766861952,False,194.9792612236186,233.4549858115529,False,134.53531270471683,353.18827257973726,False,227.43022200764744,284.9398545854809,False,126.62743281106528,425.1490551431668,False,True
148,148,2.466666666666667,2.466666666666667,Sports2D_HALPE26_postprocessed,160.70263342357595,167.72214132804675,1.0,151.71502456413495,191.9695823829388,1.0,115.37737125288496,193.87003571079805,1.0,166.00132195687988,232.81026908424604,1.0,132.29037754903464,233.17788044547603,1.0,173.02778609147876,206.4247733774855,1.0,161.6925603115768,204.17209671257697,1.0,154.24367808954554,269.36075247318576,1.0,128.3153819390649,279.28821892306735,1.0,194.5299369478637,229.7205908247832,1.0,136.08218642877304,352.8963185691586,1.0,225.4734995709597,281.2134411954584,1.0,127.0175522754462,425.0023017829855,1.0,251.55143004671007,286.7335776356271,1.0,249.54695750836103,288.1919300914243,1.0,224.95942496019384,294.7299578433344,1.0,160.74483385280365,435.217079893868,1.0,153.4093781082135,438.7528831535268,1.0,121.08102497464355,436.1883555219924,1.0,1.0,2.466666666666667,160.70263342357595,167.72214132804675,False,151.71502456413495,191.9695823829388,False,115.37737125288496,193.87003571079805,False,166.00132195687988,232.81026908424604,False,132.29037754903464,233.17788044547603,False,173.02778609147876,206.4247733774855,False,161.6925603115768,204.17209671257697,False,154.24367808954554,269.36075247318576,False,128.3153819390649,279.28821892306735,False,194.5299369478637,229.7205908247832,False,136.08218642877304,352.8963185691586,False,225.4734995709597,281.2134411954584,False,127.0175522754462,425.0023017829855,False,True
149,149,2.4833333333333334,2.4833333333333334,Sports2D_HALPE26_postprocessed,161.13564123216136,168.2188315785359,1.0,151.30462506711672,192.1405034762075,1.0,115.38059713767458,194.4909118876516,1.0,165.60887518520022,230.8409886258712,1.0,132.07982577725105,234.07133210945696,1.0,173.23527168418155,207.05878798724703,1.0,161.65753738802326,204.52136333925708,1.0,154.92728562348256,268.2012683667321,1.0,129.47423202141326,278.49190922344627,1.0,194.0083363305948,225.12890639716508,1.0,137.20286939202347,352.669810604036,1.0,221.4520117428017,278.90232915606595,1.0,126.98042114653202,424.8864123374232,1.0,246.9178084725891,286.8613179600172,1.0,246.325841465918,286.36248656058274,1.0,219.96551081527053,294.2592396895173,1.0,160.71500863284916,435.2451517194181,1.0,153.58073445704795,438.7977056273155,1.0,120.97382776337744,436.2538729642408,1.0,1.0,2.4833333333333334,161.13564123216136,168.2188315785359,False,151.30462506711672,192.1405034762075,False,115.38059713767458,194.4909118876516,False,165.60887518520022,230.8409886258712,False,132.07982577725105,234.07133210945696,False,173.23527168418155,207.05878798724703,False,161.65753738802326,204.52136333925708,False,154.92728562348256,268.2012683667321,False,129.47423202141326,278.49190922344627,False,194.0083363305948,225.12890639716508,False,137.20286939202347,352.669810604036,False,221.4520117428017,278.90232915606595,False,126.98042114653202,424.8864123374232,False,True
150,150,2.5,2.5,Sports2D_HALPE26_postprocessed,161.64937311908815,168.99575073132178,1.0,151.41064988787426,192.5635552710212,1.0,115.51760022150972,195.4559859474802,1.0,165.068626252815,231.06656673812745,1.0,132.70034517810095,234.95947767599296,1.0,173.9125415953641,207.6158071751959,1.0,161.6012145726288,204.93498011797905,1.0,156.50209297324523,268.7808502325176,1.0,131.4108426859695,278.7656327036606,1.0,193.5257772518817,223.61927372122364,1.0,138.50554660637414,352.3930788836209,1.0,217.53053372133263,278.6283100595129,1.0,127.4677404450281,424.7978117031203,1.0,242.4452908203317,288.5956107942844,1.0,240.99143546580933,286.1285475133925,1.0,215.038275617396,292.15090571226284,1.0,160.7274761495847,435.2746196306196,1.0,153.68407655623548,438.84858252151696,1.0,121.08303972848395,436.3317403607026,1.0,1.0,2.5,161.64937311908815,168.99575073132178,False,151.41064988787426,192.5635552710212,False,115.51760022150972,195.4559859474802,False,165.068626252815,231.06656673812745,False,132.70034517810095,234.95947767599296,False,173.9125415953641,207.6158071751959,False,161.6012145726288,204.93498011797905,False,156.50209297324523,268.7808502325176,False,131.4108426859695,278.7656327036606,False,193.5257772518817,223.61927372122364,False,138.50554660637414,352.3930788836209,False,217.53053372133263,278.6283100595129,False,127.4677404450281,424.7978117031203,False,True
151,151,2.5166666666666666,2.5166666666666666,Sports2D_HALPE26_postprocessed,163.1131555640325,169.34838564396014,1.0,150.9949054859738,193.00727592881017,1.0,115.85928355368593,197.0450618498168,1.0,165.08963213900728,230.9847993814996,1.0,132.59669490776486,237.19896514452523,1.0,174.13022610884028,209.02728267617883,1.0,162.22043930774328,205.8364039278135,1.0,157.09211603648308,267.33793964707974,1.0,131.84263276766038,278.3694120287931,1.0,193.3341250236828,222.2545940382482,1.0,140.38113370143935,351.61428470983964,1.0,213.7511402210602,281.03000494571825,1.0,127.94715994408932,424.7942525721881,1.0,231.97762155321985,292.4458044723038,1.0,231.83155657521348,289.4938320519358,1.0,209.85249879924467,293.9884171522817,1.0,160.5239126534172,435.2506689452543,1.0,153.51102956363837,438.8762604062265,1.0,121.3065835527444,436.3749351625448,1.0,1.0,2.5166666666666666,163.1131555640325,169.34838564396014,False,150.9949054859738,193.00727592881017,False,115.85928355368593,197.0450618498168,False,165.08963213900728,230.9847993814996,False,132.59669490776486,237.19896514452523,False,174.13022610884028,209.02728267617883,False,162.22043930774328,205.8364039278135,False,157.09211603648308,267.33793964707974,False,131.84263276766038,278.3694120287931,False,193.3341250236828,222.2545940382482,False,140.38113370143935,351.61428470983964,False,213.7511402210602,281.03000494571825,False,127.94715994408932,424.7942525721881,False,True
152,152,2.533333333333333,2.533333333333333,Sports2D_HALPE26_postprocessed,163.26437726753213,169.42363483797268,1.0,150.665258406242,194.33749991142128,1.0,115.98916106133773,198.0712817111676,1.0,162.4069314672245,233.18666615930155,1.0,132.7926963086267,237.4557900390162,1.0,173.50557418977343,209.1043948246601,1.0,162.54248003333237,206.412228309582,1.0,157.93337865453003,267.3272303315428,1.0,133.46040575113096,278.28801971235856,1.0,193.52925032398483,222.1017763079975,1.0,141.78765418940188,351.6028913169096,1.0,208.1242954775916,286.0348632288988,1.0,128.28910507871473,424.74784955447336,1.0,216.87590851934223,297.960815713036,1.0,220.209098278115,296.43092533874034,1.0,203.0693508643864,298.4194138165663,1.0,160.5294858818311,435.4612037631909,1.0,153.3418291444279,438.9086722110269,1.0,121.16705733182351,436.405312592532,1.0,1.0,2.533333333333333,163.26437726753213,169.42363483797268,False,150.665258406242,194.33749991142128,False,115.98916106133773,198.0712817111676,False,162.4069314672245,233.18666615930155,False,132.7926963086267,237.4557900390162,False,173.50557418977343,209.1043948246601,False,162.54248003333237,206.412228309582,False,157.93337865453003,267.3272303315428,False,133.46040575113096,278.28801971235856,False,193.52925032398483,222.1017763079975,False,141.78765418940188,351.6028913169096,False,208.1242954775916,286.0348632288988,False,128.28910507871473,424.74784955447336,False,True
153,153,2.55,2.55,Sports2D_HALPE26_postprocessed,163.84218593574428,169.3210940032349,1.0,152.5509205775086,195.7084199875571,1.0,116.19897625612136,198.48655563171772,1.0,163.03599480860962,234.64722095539577,1.0,132.78868097116538,238.17722932899665,1.0,172.3321903680657,209.0275498733364,1.0,162.14631418672764,208.0234582953573,1.0,160.13003725221864,268.63054070240634,1.0,135.5902494198289,278.8101220132276,1.0,194.317321598346,223.82908232423932,1.0,143.07561976129375,351.5555119493161,1.0,205.1426987403375,291.27633341996767,1.0,128.2666683827525,424.6304398906154,1.0,205.72115231556256,305.65863703588707,1.0,210.4787064364397,304.18408314739395,1.0,198.5432649203604,301.2873165675757,1.0,160.76183211150845,435.7737830691774,1.0,153.09291810848387,438.9342471457612,1.0,121.25969874239192,436.4208842717963,1.0,1.0,2.55,163.84218593574428,169.3210940032349,False,152.5509205775086,195.7084199875571,False,116.19897625612136,198.48655563171772,False,163.03599480860962,234.64722095539577,False,132.78868097116538,238.17722932899665,False,172.3321903680657,209.0275498733364,False,162.14631418672764,208.0234582953573,False,160.13003725221864,268.63054070240634,False,135.5902494198289,278.8101220132276,False,194.317321598346,223.82908232423932,False,143.07561976129375,351.5555119493161,False,205.1426987403375,291.27633341996767,False,128.2666683827525,424.6304398906154,False,True
154,154,2.5666666666666664,2.5666666666666664,Sports2D_HALPE26_postprocessed,163.8042158575847,170.50483990482925,1.0,151.95771166002933,196.4135906940513,1.0,116.37916079800068,199.39205269150887,1.0,165.57220617425222,235.36337515744023,1.0,133.5512985461088,239.18336494691343,1.0,171.7936942486701,209.50911129828032,1.0,162.1604148903373,209.66084023832929,1.0,160.31825696783957,269.29674503981784,1.0,135.68159795579172,279.35808191841494,1.0,195.56747270851807,226.33632507302195,1.0,144.26410544673703,351.6201116404758,1.0,198.6117854725406,296.1969366094709,1.0,128.4108596388458,424.5230185296813,1.0,194.5832650293954,317.09329919381486,1.0,201.2780670706867,316.4838446784904,1.0,189.5181267201886,304.2919134195788,1.0,161.30390943118147,435.9192649395631,1.0,153.31055013263577,438.9672319443366,1.0,121.41803164542291,436.4264989763955,1.0,1.0,2.5666666666666664,163.8042158575847,170.50483990482925,False,151.95771166002933,196.4135906940513,False,116.37916079800068,199.39205269150887,False,165.57220617425222,235.36337515744023,False,133.5512985461088,239.18336494691343,False,171.7936942486701,209.50911129828032,False,162.1604148903373,209.66084023832929,False,160.31825696783957,269.29674503981784,False,135.68159795579172,279.35808191841494,False,195.56747270851807,226.33632507302195,False,144.26410544673703,351.6201116404758,False,198.6117854725406,296.1969366094709,False,128.4108596388458,424.5230185296813,False,True
155,155,2.583333333333333,2.583333333333333,Sports2D_HALPE26_postprocessed,164.2721838457668,171.81608241670557,1.0,152.0574396635823,197.16286037707223,1.0,116.30836744949566,200.1634111240047,1.0,169.17349622505532,237.23539366468825,1.0,133.21307105865606,240.7519456129588,1.0,170.7218885434272,210.2813331668337,1.0,161.65524656382118,211.4296442153587,1.0,160.9558611638405,270.7414060074016,1.0,136.0497288567622,282.00060576470725,1.0,197.33671914480271,232.27961564247985,1.0,145.01123707413672,352.1287038985149,1.0,191.25518145654328,301.49416474962555,1.0,128.56209663612083,424.6705128360492,1.0,185.71922411021256,322.4429273689356,1.0,191.2958706310411,326.5115210740596,1.0,183.1048900406597,309.5595754261445,1.0,161.39494425628274,435.975242046214,1.0,153.8254258300742,439.0147700517506,1.0,121.56206312311583,436.3832591697856,1.0,1.0,2.583333333333333,164.2721838457668,171.81608241670557,False,152.0574396635823,197.16286037707223,False,116.30836744949566,200.1634111240047,False,169.17349622505532,237.23539366468825,False,133.21307105865606,240.7519456129588,False,170.7218885434272,210.2813331668337,False,161.65524656382118,211.4296442153587,False,160.9558611638405,270.7414060074016,False,136.0497288567622,282.00060576470725,False,197.33671914480271,232.27961564247985,False,145.01123707413672,352.1287038985149,False,191.25518145654328,301.49416474962555,False,128.56209663612083,424.6705128360492,False,True
156,156,2.6,2.6,Sports2D_HALPE26_postprocessed,164.50903100122653,172.92973679897997,1.0,153.24925168748743,197.7652548376675,1.0,116.43514110990304,200.7862602953485,1.0,172.1993287063707,239.3308129768744,1.0,132.7164962045346,241.7606132827889,1.0,169.4702242542521,211.86816661725769,1.0,161.25610535600322,213.00231773510643,1.0,160.31932208695747,273.2042480424872,1.0,135.44945743271916,282.93480675173976,1.0,200.12026885381147,239.1845142879517,1.0,146.2428502106483,352.7305698146705,1.0,185.6064325837553,306.55483080230243,1.0,128.55519275680476,424.79322179092696,1.0,181.46050356291687,341.63166083251485,1.0,182.49390285796628,337.9008053555236,1.0,177.0764535919331,314.30374844593683,1.0,161.63368386341423,435.88908400462736,1.0,153.74951792798387,438.9312492808475,1.0,121.52167683931432,436.3389068582818,1.0,1.0,2.6,164.50903100122653,172.92973679897997,False,153.24925168748743,197.7652548376675,False,116.43514110990304,200.7862602953485,False,172.1993287063707,239.3308129768744,False,132.7164962045346,241.7606132827889,False,169.4702242542521,211.86816661725769,False,161.25610535600322,213.00231773510643,False,160.31932208695747,273.2042480424872,False,135.44945743271916,282.93480675173976,False,200.12026885381147,239.1845142879517,False,146.2428502106483,352.7305698146705,False,185.6064325837553,306.55483080230243,False,128.55519275680476,424.79322179092696,False,True
157,157,2.6166666666666667,2.6166666666666667,Sports2D_HALPE26_postprocessed,164.95998025200905,172.95238659179785,1.0,152.50301606355438,198.81722997840228,1.0,116.15467630829976,202.73020794346027,1.0,173.05372549872965,241.6225148472,1.0,131.79256616258874,243.6390316990523,1.0,169.8159851666917,215.6809161572332,1.0,160.22675283538155,215.9368343408377,1.0,158.3601774988115,272.5441245315226,1.0,134.77260822782594,281.34602444336093,1.0,202.7728597124224,244.4948404516512,1.0,148.4053813029427,352.7240304634984,1.0,177.8436912819049,309.64927462336533,1.0,128.9842708156151,424.8784983107508,1.0,175.86358833502064,346.4780276615312,1.0,176.98165680168563,342.5409518298153,1.0,169.3626552849882,316.6885329895576,1.0,161.38519184688425,435.84930621181456,1.0,153.78486512490957,438.8377332811039,1.0,121.47806715785484,436.3007988163415,1.0,1.0,2.6166666666666667,164.95998025200905,172.95238659179785,False,152.50301606355438,198.81722997840228,False,116.15467630829976,202.73020794346027,False,173.05372549872965,241.6225148472,False,131.79256616258874,243.6390316990523,False,169.8159851666917,215.6809161572332,False,160.22675283538155,215.9368343408377,False,158.3601774988115,272.5441245315226,False,134.77260822782594,281.34602444336093,False,202.7728597124224,244.4948404516512,False,148.4053813029427,352.7240304634984,False,177.8436912819049,309.64927462336533,False,128.9842708156151,424.8784983107508,False,True
158,158,2.6333333333333333,2.6333333333333333,Sports2D_HALPE26_postprocessed,164.75953933205207,173.60798225945388,1.0,156.10090068417878,199.13379720003235,1.0,116.09027218290578,203.96735149202053,1.0,174.5203804304367,242.53571086800687,1.0,130.20935442772355,245.2055953098643,1.0,169.65538029752028,216.40774471176127,1.0,159.4308409902518,217.25468894176464,1.0,158.58406444432944,272.76891273719104,1.0,134.70812244595518,281.5916608836831,1.0,203.21328403128945,256.16605848063784,1.0,151.29261452120463,353.3992209154091,1.0,175.11686365561638,318.6639027152661,1.0,128.87811551119083,425.0934368420198,1.0,167.68517404431182,351.64208659979835,1.0,170.52899896275972,349.5803181732132,1.0,165.4656055168551,323.8165692343464,1.0,161.22185235202176,435.9050424560839,1.0,153.84431509840996,438.8429391685168,1.0,121.73009434061386,436.2423005092876,1.0,1.0,2.6333333333333333,164.75953933205207,173.60798225945388,False,156.10090068417878,199.13379720003235,False,116.09027218290578,203.96735149202053,False,174.5203804304367,242.53571086800687,False,130.20935442772355,245.2055953098643,False,169.65538029752028,216.40774471176127,False,159.4308409902518,217.25468894176464,False,158.58406444432944,272.76891273719104,False,134.70812244595518,281.5916608836831,False,203.21328403128945,256.16605848063784,False,151.29261452120463,353.3992209154091,False,175.11686365561638,318.6639027152661,False,128.87811551119083,425.0934368420198,False,True
159,159,2.65,2.65,Sports2D_HALPE26_postprocessed,165.26863460998075,174.8450498837332,1.0,159.43879387913358,199.4896073969747,1.0,116.0095725161405,204.83700787526348,1.0,176.48074102337594,242.2957063367575,1.0,128.7757710811882,246.4159610237768,1.0,170.19069887175957,219.21893738151223,1.0,157.79432617734784,219.356629925315,1.0,158.4338169603179,274.01411079656623,1.0,133.94843486236874,282.7847733851888,1.0,203.90371876487995,267.5178995780972,1.0,153.0583070841582,353.8440682973082,1.0,171.56805205577865,325.8333141484914,1.0,128.99752911774266,425.0838114986354,1.0,165.77922655384356,354.89323888193246,1.0,167.7139198755575,352.98729817215855,1.0,162.21177727052572,332.91708867749423,1.0,161.1845932708214,435.82040941740985,1.0,153.9901823145824,438.745402653454,1.0,121.709960325828,436.1879662752321,1.0,1.0,2.65,165.26863460998075,174.8450498837332,False,159.43879387913358,199.4896073969747,False,116.0095725161405,204.83700787526348,False,176.48074102337594,242.2957063367575,False,128.7757710811882,246.4159610237768,False,170.19069887175957,219.21893738151223,False,157.79432617734784,219.356629925315,False,158.4338169603179,274.01411079656623,False,133.94843486236874,282.7847733851888,False,203.90371876487995,267.5178995780972,False,153.0583070841582,353.8440682973082,False,171.56805205577865,325.8333141484914,False,128.99752911774266,425.0838114986354,False,True
160,160,2.6666666666666665,2.6666666666666665,Sports2D_HALPE26_postprocessed,165.9858795962828,175.691945639629,1.0,159.00985095550536,201.32933727523,1.0,116.0208795251652,207.2115916987636,1.0,177.41226498143735,241.7187043169373,1.0,126.47364597265296,248.6599992446651,1.0,170.61596370319108,219.9641917194536,1.0,156.61302230977054,221.36316180580693,1.0,158.34462404759614,275.4267265680288,1.0,133.26017636633503,283.74238542500694,1.0,204.15658248987745,276.78885956195404,1.0,154.56582761409118,354.3824895912145,1.0,169.0414004334377,335.19181012312504,1.0,128.82439541665198,425.3293192980756,1.0,164.7317648887068,358.43065341916736,1.0,165.66594851550067,359.2936665660911,1.0,158.89202152494653,343.8965107228788,1.0,161.30481324159814,435.8054478010529,1.0,154.17944239007247,438.71885825170233,1.0,121.53507875343011,436.17317518144,1.0,1.0,2.6666666666666665,165.9858795962828,175.691945639629,False,159.00985095550536,201.32933727523,False,116.0208795251652,207.2115916987636,False,177.41226498143735,241.7187043169373,False,126.47364597265296,248.6599992446651,False,170.61596370319108,219.9641917194536,False,156.61302230977054,221.36316180580693,False,158.34462404759614,275.4267265680288,False,133.26017636633503,283.74238542500694,False,204.15658248987745,276.78885956195404,False,154.56582761409118,354.3824895912145,False,169.0414004334377,335.19181012312504,False,128.82439541665198,425.3293192980756,False,True
161,161,2.683333333333333,2.683333333333333,Sports2D_HALPE26_postprocessed,165.8047279134338,178.2072178517227,1.0,159.4546003470839,203.2754600086805,1.0,116.04176606799768,209.5818648389977,1.0,178.2549735245497,241.0427477088964,1.0,124.35566117985688,250.6645203215887,1.0,170.39704817440827,220.82186587771488,1.0,155.22821355861527,224.06744611851065,1.0,159.2385051756428,279.69337617069976,1.0,133.0818071517274,287.04572203913654,1.0,204.25165257798,284.8701701078205,1.0,156.51132103967436,355.5644810360685,1.0,166.53596172431114,344.6348281107495,1.0,128.96272055738015,425.5524041206053,1.0,164.14995004260928,371.201428302827,1.0,163.26739966414723,370.6730586831244,1.0,156.93488979683573,355.62748421210097,1.0,161.5019711952252,435.8364852390953,1.0,154.76935071160236,438.5853474368305,1.0,121.43481044840158,436.120419717951,1.0,1.0,2.683333333333333,165.8047279134338,178.2072178517227,False,159.4546003470839,203.2754600086805,False,116.04176606799768,209.5818648389977,False,178.2549735245497,241.0427477088964,False,124.35566117985688,250.6645203215887,False,170.39704817440827,220.82186587771488,False,155.22821355861527,224.06744611851065,False,159.2385051756428,279.69337617069976,False,133.0818071517274,287.04572203913654,False,204.25165257798,284.8701701078205,False,156.51132103967436,355.5644810360685,False,166.53596172431114,344.6348281107495,False,128.96272055738015,425.5524041206053,False,True
162,162,2.7,2.7,Sports2D_HALPE26_postprocessed,166.37166195403933,180.7356025383878,1.0,160.22451034662313,204.63934084073625,1.0,116.33102267340506,211.29770460464448,1.0,179.20364036851288,240.7350014611921,1.0,122.63573957547548,252.67421672027768,1.0,169.74023578732746,222.981804454954,1.0,153.769201425333,227.84996392430924,1.0,160.75409985611674,281.68406289195104,1.0,133.53312007960844,290.5570254513203,1.0,204.37319770855663,294.5165493869849,1.0,157.91975508554506,356.32529369804445,1.0,162.7701442805104,356.24907172788414,1.0,128.9858280148772,425.7263624395845,1.0,161.28123626298776,384.8766015139096,1.0,161.27807371377995,380.6806043054989,1.0,154.17629867650743,365.7714411625915,1.0,161.83955102286566,435.9028895328737,1.0,154.9053122659068,438.672860084479,1.0,121.37675390381852,435.7166103773934,1.0,1.0,2.7,166.37166195403933,180.7356025383878,False,160.22451034662313,204.63934084073625,False,116.33102267340506,211.29770460464448,False,179.20364036851288,240.7350014611921,False,122.63573957547548,252.67421672027768,False,169.74023578732746,222.981804454954,False,153.769201425333,227.84996392430924,False,160.75409985611674,281.68406289195104,False,133.53312007960844,290.5570254513203,False,204.37319770855663,294.5165493869849,False,157.91975508554506,356.32529369804445,False,162.7701442805104,356.24907172788414,False,128.9858280148772,425.7263624395845,False,True
163,163,2.716666666666667,2.716666666666667,Sports2D_HALPE26_postprocessed,167.0089102718937,183.1294471007284,1.0,160.85413960327793,207.234987928766,1.0,117.35541283404478,213.9300817196616,1.0,179.38002348881284,240.51162011001696,1.0,119.99725111529476,254.33780103385507,1.0,169.36001591120953,222.8067047253856,1.0,153.30141638463024,232.8582530960514,1.0,161.2587395949335,285.1279394151756,1.0,133.89481232087755,293.21517220873915,1.0,203.99708812724208,302.72315542602684,1.0,159.45764887403777,356.8770612520503,1.0,162.83226390380753,361.4974097887492,1.0,129.76070412839533,425.66527996089866,1.0,161.37458762696917,391.0835844126109,1.0,162.32634355365894,387.7837696927876,1.0,154.64302368423262,370.0244099084412,1.0,161.90059588456373,436.0078434901027,1.0,154.88956197900535,438.7659829276598,1.0,121.47943536741016,435.655164352015,1.0,1.0,2.716666666666667,167.0089102718937,183.1294471007284,False,160.85413960327793,207.234987928766,False,117.35541283404478,213.9300817196616,False,179.38002348881284,240.51162011001696,False,119.99725111529476,254.33780103385507,False,169.36001591120953,222.8067047253856,False,153.30141638463024,232.8582530960514,False,161.2587395949335,285.1279394151756,False,133.89481232087755,293.21517220873915,False,203.99708812724208,302.72315542602684,False,159.45764887403777,356.8770612520503,False,162.83226390380753,361.4974097887492,False,129.76070412839533,425.66527996089866,False,True
164,164,2.7333333333333334,2.7333333333333334,Sports2D_HALPE26_postprocessed,167.89044134157965,186.7207474514109,1.0,161.35414754532582,209.6992958440196,1.0,118.56250628098256,216.73539113962863,1.0,179.60527379849614,240.37346228795383,1.0,116.38072414932128,256.20998990967524,1.0,173.46015675326692,227.78890062505928,1.0,152.20141818424145,239.08894034742377,1.0,162.3239775208122,290.59563145062435,1.0,134.61837898865377,297.23535221917706,1.0,203.600697057186,310.87686006764835,1.0,160.551765166482,358.07660608137417,1.0,164.66932863662325,365.6518480273284,1.0,130.01341768450322,425.8410966300528,1.0,162.8386560526945,398.11429398020937,1.0,165.18322138605313,396.1258705193184,1.0,153.57248001866097,373.0986672681031,1.0,161.96595008379424,436.1346030438029,1.0,155.17511128684663,438.8886168140092,1.0,121.87114212083986,435.8893376755772,1.0,1.0,2.7333333333333334,167.89044134157965,186.7207474514109,False,161.35414754532582,209.6992958440196,False,118.56250628098256,216.73539113962863,False,179.60527379849614,240.37346228795383,False,116.38072414932128,256.20998990967524,False,173.46015675326692,227.78890062505928,False,152.20141818424145,239.08894034742377,False,162.3239775208122,290.59563145062435,False,134.61837898865377,297.23535221917706,False,203.600697057186,310.87686006764835,False,160.551765166482,358.07660608137417,False,164.66932863662325,365.6518480273284,False,130.01341768450322,425.8410966300528,False,True
165,165,2.75,2.75,Sports2D_HALPE26_postprocessed,168.69476916157524,190.1515774278556,1.0,161.45715535970734,212.7945025019023,1.0,119.66863005048268,220.17994252674544,1.0,179.34251227951228,240.43664609161087,1.0,113.08622336507922,259.42536686024744,1.0,175.34522411889526,231.3103456229782,1.0,152.09907752097223,244.68892562888072,1.0,163.02436438871763,294.9204102491155,1.0,134.96296949210117,301.3555370389542,1.0,203.58238594817865,318.62639231248045,1.0,161.8838591925819,359.1874600624434,1.0,166.76972794861177,372.2354060636192,1.0,130.34129749018314,425.96529208326336,1.0,166.39630476677468,405.8496637941218,1.0,171.24607615872964,402.002448614124,1.0,155.72038359652475,377.7317077733905,1.0,161.88935613839362,436.4049982237773,1.0,155.22065809172662,439.0251864293439,1.0,122.28216785651271,435.89182331747526,1.0,1.0,2.75,168.69476916157524,190.1515774278556,False,161.45715535970734,212.7945025019023,False,119.66863005048268,220.17994252674544,False,179.34251227951228,240.43664609161087,False,113.08622336507922,259.42536686024744,False,175.34522411889526,231.3103456229782,False,152.09907752097223,244.68892562888072,False,163.02436438871763,294.9204102491155,False,134.96296949210117,301.3555370389542,False,203.58238594817865,318.62639231248045,False,161.8838591925819,359.1874600624434,False,166.76972794861177,372.2354060636192,False,130.34129749018314,425.96529208326336,False,True
166,166,2.7666666666666666,2.7666666666666666,Sports2D_HALPE26_postprocessed,169.56700776470183,192.713673200395,1.0,162.3813551241652,215.60974621603933,1.0,121.4107523903554,222.9618637437552,1.0,178.99000678334116,240.395981044966,1.0,107.82020130740317,260.885693954766,1.0,176.42487012514556,235.02507518123355,1.0,151.41073330249515,251.78149491535385,1.0,162.82484816279103,296.7401494995258,1.0,135.10536254483827,302.68242351647,1.0,204.5062069061585,324.1946596531844,1.0,163.304949615745,359.8779528189879,1.0,167.3787174982419,380.0749645542169,1.0,130.69116826563763,425.5160214540925,1.0,173.33148754425898,413.8778579173668,1.0,176.17605470320655,408.0687831876552,1.0,156.82133290927058,383.7193475824454,1.0,161.66244481009045,436.540918599747,1.0,155.0665640193701,439.215275987252,1.0,122.15014962084632,435.9802821839416,1.0,1.0,2.7666666666666666,169.56700776470183,192.713673200395,False,162.3813551241652,215.60974621603933,False,121.4107523903554,222.9618637437552,False,178.99000678334116,240.395981044966,False,107.82020130740317,260.885693954766,False,176.42487012514556,235.02507518123355,False,151.41073330249515,251.78149491535385,False,162.82484816279103,296.7401494995258,False,135.10536254483827,302.68242351647,False,204.5062069061585,324.1946596531844,False,163.304949615745,359.8779528189879,False,167.3787174982419,380.0749645542169,False,130.69116826563763,425.5160214540925,False,True
167,167,2.783333333333333,2.783333333333333,Sports2D_HALPE26_postprocessed,169.92773503702452,195.3737771210568,1.0,163.5774442864082,218.5761641707093,1.0,122.87278775603146,226.304538641042,1.0,180.06482315658562,240.42029755987284,1.0,106.68123575064676,261.4334180052795,1.0,177.96933893465055,240.92010877858016,1.0,149.79647046141733,260.03347819257954,1.0,162.721268596188,299.76143649207773,1.0,134.36385065024757,304.845340202264,1.0,205.7469569719848,329.2624761009222,1.0,164.36496551325203,360.53813406325287,1.0,168.4809748280488,387.9721473857041,1.0,131.04002351666688,425.1630479394146,1.0,179.70193055092875,420.4018844831455,1.0,181.4758623177531,415.0452478119289,1.0,157.99269273038416,392.0043232680407,1.0,161.4259728414557,436.60084513395,1.0,154.91762245433594,439.172662521124,1.0,122.0996972512256,435.88728207758567,1.0,1.0,2.783333333333333,169.92773503702452,195.3737771210568,False,163.5774442864082,218.5761641707093,False,122.87278775603146,226.304538641042,False,180.06482315658562,240.42029755987284,False,106.68123575064676,261.4334180052795,False,177.96933893465055,240.92010877858016,False,149.79647046141733,260.03347819257954,False,162.721268596188,299.76143649207773,False,134.36385065024757,304.845340202264,False,205.7469569719848,329.2624761009222,False,164.36496551325203,360.53813406325287,False,168.4809748280488,387.9721473857041,False,131.04002351666688,425.1630479394146,False,True
168,168,2.8,2.8,Sports2D_HALPE26_postprocessed,171.157851608725,198.21320633917207,1.0,165.48641359550805,221.3186817387009,1.0,124.65150273685236,229.2518562057676,1.0,185.50168065306383,240.7649229756643,1.0,104.53619883056538,262.6266556708455,1.0,182.3189996240933,248.6968085433872,1.0,142.8438909883757,268.56458107840945,1.0,163.4822876292118,304.4272756943748,1.0,134.96296492585785,309.3163050162286,1.0,207.0792597648845,334.1761285390878,1.0,164.9160353771611,360.9044872022868,1.0,172.0858301887607,394.2513143642264,1.0,131.10869754115436,425.34230849832215,1.0,188.2715018986949,423.6971527455325,1.0,190.5467737005352,419.3966793367725,1.0,161.0719107255075,399.095979710913,1.0,160.9612227987317,436.9526142564954,1.0,154.88187599328785,439.5336933672523,1.0,122.1568428109644,436.2398087537419,1.0,1.0,2.8,171.157851608725,198.21320633917207,False,165.48641359550805,221.3186817387009,False,124.65150273685236,229.2518562057676,False,185.50168065306383,240.7649229756643,False,104.53619883056538,262.6266556708455,False,182.3189996240933,248.6968085433872,False,142.8438909883757,268.56458107840945,False,163.4822876292118,304.4272756943748,False,134.96296492585785,309.3163050162286,False,207.0792597648845,334.1761285390878,False,164.9160353771611,360.9044872022868,False,172.0858301887607,394.2513143642264,False,131.10869754115436,425.34230849832215,False,True
169,169,2.8166666666666664,2.8166666666666664,Sports2D_HALPE26_postprocessed,172.427397423833,200.88901676852944,1.0,167.5959476809403,225.3563847319598,1.0,125.330262408797,231.56515984556447,1.0,185.05375391379204,240.7861523974035,1.0,103.28284027439196,264.0460501569272,1.0,189.7959100056249,255.99572486094849,1.0,141.2803914914782,277.2864236131733,1.0,164.11994880555844,306.8446664705624,1.0,134.96618224597103,310.9040525598,1.0,207.90794176559604,337.5760362261385,1.0,165.4491156111485,360.59663297261017,1.0,174.83676734827023,401.4529425152824,1.0,131.12182453823493,425.8924439471978,1.0,198.22883202240385,427.7681704032258,1.0,199.62532483479305,422.91148385907576,1.0,165.59763098798885,407.11419870807663,1.0,161.16584086117135,437.1542534938288,1.0,154.65728141765942,439.5547642981179,1.0,122.55008494840013,436.2591845124174,1.0,1.0,2.8166666666666664,172.427397423833,200.88901676852944,False,167.5959476809403,225.3563847319598,False,125.330262408797,231.56515984556447,False,185.05375391379204,240.7861523974035,False,103.28284027439196,264.0460501569272,False,189.7959100056249,255.99572486094849,False,141.2803914914782,277.2864236131733,False,164.11994880555844,306.8446664705624,False,134.96618224597103,310.9040525598,False,207.90794176559604,337.5760362261385,False,165.4491156111485,360.59663297261017,False,174.83676734827023,401.4529425152824,False,131.12182453823493,425.8924439471978,False,True
170,170,2.833333333333333,2.833333333333333,Sports2D_HALPE26_postprocessed,173.7800787902955,203.983085136252,1.0,170.38983599879165,228.47217754079563,1.0,126.23937713524856,234.74488228637992,1.0,183.07773511049905,240.7749365843575,1.0,99.89342716228208,266.2643771146895,1.0,191.3840877515974,259.89337922021207,1.0,135.96939074252512,289.0951063761981,1.0,162.6897473941424,307.1801407691105,1.0,134.21990002486552,311.4122589201394,1.0,208.8732185141821,339.1479433498703,1.0,166.7222618279344,360.20909471260626,1.0,184.43628886482247,407.4049134997748,1.0,131.1665217498513,426.19314248267153,1.0,205.88638049447025,429.7288858025439,1.0,206.8208250299479,424.5784138940043,1.0,174.87511074531136,414.8117839501659,1.0,161.30698887405558,436.8866912648513,1.0,154.56801090025763,439.2882435048821,1.0,123.27654457495946,434.95928337671273,1.0,1.0,2.833333333333333,173.7800787902955,203.983085136252,False,170.38983599879165,228.47217754079563,False,126.23937713524856,234.74488228637992,False,183.07773511049905,240.7749365843575,False,99.89342716228208,266.2643771146895,False,191.3840877515974,259.89337922021207,False,135.96939074252512,289.0951063761981,False,162.6897473941424,307.1801407691105,False,134.21990002486552,311.4122589201394,False,208.8732185141821,339.1479433498703,False,166.7222618279344,360.20909471260626,False,184.43628886482247,407.4049134997748,False,131.1665217498513,426.19314248267153,False,True
171,171,2.85,2.85,Sports2D_HALPE26_postprocessed,175.25756464012707,206.53025387616287,1.0,170.83364527470826,228.94967200968577,1.0,128.45795157988783,236.66318679161807,1.0,185.5912014932104,241.06507977103377,1.0,98.87104638020593,268.8195601193917,1.0,194.57950196131785,262.8040978011046,1.0,129.6155024197278,295.56551445274954,1.0,162.6903367221676,309.5846960393286,1.0,134.18900501799578,315.065999150587,1.0,209.80082001579376,341.6695147564066,1.0,167.68992514168016,359.9932305256754,1.0,191.95530679019672,411.4593558545853,1.0,132.4905808651824,424.7677723567167,1.0,216.6579481056685,430.8290356802023,1.0,216.87277082891404,426.87923734797545,1.0,183.52673797529343,421.96422618573456,1.0,161.23610921109048,437.1862310147651,1.0,154.60092703876862,439.27845154166073,1.0,123.57485402509728,435.2866747787957,1.0,1.0,2.85,175.25756464012707,206.53025387616287,False,170.83364527470826,228.94967200968577,False,128.45795157988783,236.66318679161807,False,185.5912014932104,241.06507977103377,False,98.87104638020593,268.8195601193917,False,194.57950196131785,262.8040978011046,False,129.6155024197278,295.56551445274954,False,162.6903367221676,309.5846960393286,False,134.18900501799578,315.065999150587,False,209.80082001579376,341.6695147564066,False,167.68992514168016,359.9932305256754,False,191.95530679019672,411.4593558545853,False,132.4905808651824,424.7677723567167,False,True
172,172,2.8666666666666667,2.8666666666666667,Sports2D_HALPE26_postprocessed,177.1956721915699,208.0375727534127,1.0,171.2149032830181,230.5620755309763,1.0,131.57895645487858,238.58495415181247,1.0,188.4024538710811,242.3950919992511,1.0,98.5673781513747,269.5010542380071,1.0,204.96268725682663,258.7103877935923,1.0,117.33445650765736,298.0717806559074,1.0,161.40772018748436,312.1527931580973,1.0,134.41216265170732,315.9672878238586,1.0,209.7655694121497,344.50349987378524,1.0,168.3578588885948,360.3055160574789,1.0,200.47927843406373,414.01920809998927,1.0,132.8741854346752,423.4413081401026,1.0,228.0009117126653,430.768692539231,1.0,228.9310695885157,426.85779935579706,1.0,193.08192733459143,427.17904197758537,1.0,161.1690906149647,437.2734569328273,1.0,154.74918392463184,439.5480216762738,1.0,123.81347878156328,435.23235546753176,1.0,1.0,2.8666666666666667,177.1956721915699,208.0375727534127,False,171.2149032830181,230.5620755309763,False,131.57895645487858,238.58495415181247,False,188.4024538710811,242.3950919992511,False,98.5673781513747,269.5010542380071,False,204.96268725682663,258.7103877935923,False,117.33445650765736,298.0717806559074,False,161.40772018748436,312.1527931580973,False,134.41216265170732,315.9672878238586,False,209.7655694121497,344.50349987378524,False,168.3578588885948,360.3055160574789,False,200.47927843406373,414.01920809998927,False,132.8741854346752,423.4413081401026,False,True
173,173,2.8833333333333333,2.8833333333333333,Sports2D_HALPE26_postprocessed,180.28662709081624,210.2951305570304,1.0,172.3977616434082,232.2011895111985,1.0,134.32268196657043,239.73127507351927,1.0,193.7746051432582,242.5698945619808,1.0,102.28695234629646,270.4041791356792,1.0,213.4984804200644,260.26430280180085,1.0,109.47617171912762,306.3422897019068,1.0,159.23680482678617,313.28856175744914,1.0,133.9298527585733,316.213180612904,1.0,208.3421157583888,346.45562240181187,1.0,168.75852578349273,360.1660629772467,1.0,209.3704752830795,416.9527203582451,1.0,133.53631252995626,422.42167677953313,1.0,240.2241805550123,428.5150683675816,1.0,236.8746840740796,424.63122181820034,1.0,204.68669619491004,430.2498525531959,1.0,161.24466089300807,437.2272384175765,1.0,154.889386865313,439.4331895294399,1.0,124.42384720088955,435.0969824428757,1.0,1.0,2.8833333333333333,180.28662709081624,210.2951305570304,False,172.3977616434082,232.2011895111985,False,134.32268196657043,239.73127507351927,False,193.7746051432582,242.5698945619808,False,102.28695234629646,270.4041791356792,False,213.4984804200644,260.26430280180085,False,109.47617171912762,306.3422897019068,False,159.23680482678617,313.28856175744914,False,133.9298527585733,316.213180612904,False,208.3421157583888,346.45562240181187,False,168.75852578349273,360.1660629772467,False,209.3704752830795,416.9527203582451,False,133.53631252995626,422.42167677953313,False,True
174,174,2.9,2.9,Sports2D_HALPE26_postprocessed,181.25227671070616,211.53289798024613,1.0,173.65149548793104,233.03448474193263,1.0,134.54195001519693,243.2994153967401,1.0,196.29002546845885,241.89280681475856,1.0,105.20363908598976,275.14124306435855,1.0,220.85592808840104,260.1105616023927,1.0,98.53564100845846,319.57736831725254,1.0,157.123520197507,314.4909629850755,1.0,132.3691808982475,317.5356997334436,1.0,206.7528040540604,347.990848279188,1.0,168.91766313888888,360.2552629986208,1.0,219.61198793475816,416.9127865588725,1.0,133.88786765435898,422.1142143300915,1.0,246.08565264913844,425.5358110024758,1.0,242.5410524103692,421.67405867921474,1.0,214.2173308437304,430.38449546327655,1.0,161.2134554437839,437.2740043431106,1.0,154.86648926791742,439.2478436190344,1.0,123.95320978959847,434.8174445420985,1.0,1.0,2.9,181.25227671070616,211.53289798024613,False,173.65149548793104,233.03448474193263,False,134.54195001519693,243.2994153967401,False,196.29002546845885,241.89280681475856,False,105.20363908598976,275.14124306435855,False,220.85592808840104,260.1105616023927,False,98.53564100845846,319.57736831725254,False,157.123520197507,314.4909629850755,False,132.3691808982475,317.5356997334436,False,206.7528040540604,347.990848279188,False,168.91766313888888,360.2552629986208,False,219.61198793475816,416.9127865588725,False,133.88786765435898,422.1142143300915,False,True
175,175,2.9166666666666665,2.9166666666666665,Sports2D_HALPE26_postprocessed,182.3766559096722,214.1782651014857,1.0,175.0467675994792,233.5515539650532,1.0,136.60417798553925,247.40581809651084,1.0,199.9666796039267,240.7896374320344,1.0,107.41714101587256,284.2987715457523,1.0,229.01370131496017,258.72841056817555,1.0,90.40085001737528,320.9373828171531,1.0,155.57874111714108,316.2113938930886,1.0,130.97544533886682,318.1057472111711,1.0,205.3724218161812,350.29631803699783,1.0,169.51578900164438,360.63600145605903,1.0,224.92644491108555,417.5598703513695,1.0,134.36538748999507,422.7283283751305,1.0,254.5739668047764,419.3234706277341,1.0,250.31678828247868,416.2712989974056,1.0,222.5590937415154,429.8993629576672,1.0,161.16109115718524,437.2893606158279,1.0,154.9941484302689,439.1518995014884,1.0,124.20934770504464,434.1978254109219,1.0,1.0,2.9166666666666665,182.3766559096722,214.1782651014857,False,175.0467675994792,233.5515539650532,False,136.60417798553925,247.40581809651084,False,199.9666796039267,240.7896374320344,False,107.41714101587256,284.2987715457523,False,229.01370131496017,258.72841056817555,False,90.40085001737528,320.9373828171531,False,155.57874111714108,316.2113938930886,False,130.97544533886682,318.1057472111711,False,205.3724218161812,350.29631803699783,False,169.51578900164438,360.63600145605903,False,224.92644491108555,417.5598703513695,False,134.36538748999507,422.7283283751305,False,True
176,176,2.933333333333333,2.933333333333333,Sports2D_HALPE26_postprocessed,183.5820763390899,217.84098984870087,1.0,175.94679811571143,233.99656253626924,1.0,138.46616850729822,249.3769180893708,1.0,205.3232431467601,238.86290310669688,1.0,108.2516052691048,286.17300277749194,1.0,236.1762448531061,255.45973613000515,1.0,83.63178077123048,319.9790884037953,1.0,154.39569504098426,316.4776636039197,1.0,130.14256985761176,318.5017825396633,1.0,200.7089779513892,352.7110900465374,1.0,169.64337831156277,360.7199953007093,1.0,231.03347933934063,415.0566490274556,1.0,134.62337251232816,423.00654387751376,1.0,258.2759227128672,411.9712404865441,1.0,253.5448793225596,410.2081284596493,1.0,231.05167654826943,428.0644012060624,1.0,161.08107733831824,437.279455708238,1.0,154.81176289925372,439.22664649795297,1.0,124.34476585917702,433.99633700987897,1.0,1.0,2.933333333333333,183.5820763390899,217.84098984870087,False,175.94679811571143,233.99656253626924,False,138.46616850729822,249.3769180893708,False,205.3232431467601,238.86290310669688,False,108.2516052691048,286.17300277749194,False,236.1762448531061,255.45973613000515,False,83.63178077123048,319.9790884037953,False,154.39569504098426,316.4776636039197,False,130.14256985761176,318.5017825396633,False,200.7089779513892,352.7110900465374,False,169.64337831156277,360.7199953007093,False,231.03347933934063,415.0566490274556,False,134.62337251232816,423.00654387751376,False,True
177,177,2.95,2.95,Sports2D_HALPE26_postprocessed,185.3535289618512,219.91490519056103,1.0,178.5646270789014,235.03862382957232,1.0,139.26353786546045,250.69755759666128,1.0,210.4718292502244,236.5515555934147,1.0,107.4522467641092,286.4731704121306,1.0,243.2754910032627,251.2163802140861,1.0,78.7428188599759,316.99008993690444,1.0,153.95802482273243,316.898395124731,1.0,129.89384824802687,319.107411345788,1.0,196.12537274938416,355.4157600584948,1.0,169.06821090219185,361.1251438626824,1.0,235.92516337668644,408.4369385613624,1.0,134.86251739049726,423.0300590320141,1.0,259.6589200654006,403.6023780101725,1.0,254.1791056361189,403.04981385848606,1.0,236.8668959126669,423.400312529748,1.0,161.59113537685926,437.3162550788738,1.0,154.77826673039283,439.1578856256072,1.0,124.37752233545552,434.642547739813,1.0,1.0,2.95,185.3535289618512,219.91490519056103,False,178.5646270789014,235.03862382957232,False,139.26353786546045,250.69755759666128,False,210.4718292502244,236.5515555934147,False,107.4522467641092,286.4731704121306,False,243.2754910032627,251.2163802140861,False,78.7428188599759,316.99008993690444,False,153.95802482273243,316.898395124731,False,129.89384824802687,319.107411345788,False,196.12537274938416,355.4157600584948,False,169.06821090219185,361.1251438626824,False,235.92516337668644,408.4369385613624,False,134.86251739049726,423.0300590320141,False,True
178,178,2.966666666666667,2.966666666666667,Sports2D_HALPE26_postprocessed,186.21389734486348,221.8080608689256,1.0,181.0653316645039,235.821251264483,1.0,138.5340698731427,253.98970562957533,1.0,215.4518446527328,235.5352448249352,1.0,103.33757361181053,286.42824255926126,1.0,249.3626570443201,246.6065031192204,1.0,73.61625498135544,313.53859198432195,1.0,152.73666298975516,316.77205798814225,1.0,129.51056563256543,318.6633763146175,1.0,192.2759989144477,357.782647783685,1.0,168.79105402586944,361.604992249848,1.0,237.9372840614373,405.338257740015,1.0,135.65140396803915,422.41941134293455,1.0,260.82210439491905,399.2820521520938,1.0,254.41774682440345,397.2049192702191,1.0,239.7850004379756,418.4575546695769,1.0,161.62073615385563,437.6229874546054,1.0,154.19025855202014,439.1465323627978,1.0,124.39926250621454,434.5607010810016,1.0,1.0,2.966666666666667,186.21389734486348,221.8080608689256,False,181.0653316645039,235.821251264483,False,138.5340698731427,253.98970562957533,False,215.4518446527328,235.5352448249352,False,103.33757361181053,286.42824255926126,False,249.3626570443201,246.6065031192204,False,73.61625498135544,313.53859198432195,False,152.73666298975516,316.77205798814225,False,129.51056563256543,318.6633763146175,False,192.2759989144477,357.782647783685,False,168.79105402586944,361.604992249848,False,237.9372840614373,405.338257740015,False,135.65140396803915,422.41941134293455,False,True
179,179,2.9833333333333334,2.9833333333333334,Sports2D_HALPE26_postprocessed,187.15643120187733,224.17190618788533,1.0,182.49381377627515,236.1489797383043,1.0,137.49906616780677,254.9926184611023,1.0,219.1584829960936,232.92489605187225,1.0,102.16815589446183,283.1549585161179,1.0,253.16550493018497,233.9590741332825,1.0,72.67166835738601,307.5094375337344,1.0,151.76424069273256,318.56698862878454,1.0,129.6694467576376,320.29494199162514,1.0,189.6957186694292,360.3010427178309,1.0,168.33587029989667,362.0844562819983,1.0,238.8873622147105,401.8798063298733,1.0,135.64411677783082,422.8284299655701,1.0,260.5327327587352,389.14683557529145,1.0,253.66749505267703,390.020491171551,1.0,241.6545510677832,414.4690879688991,1.0,162.06314431937926,438.16634450604425,1.0,154.40199468784394,439.3356512458352,1.0,124.87601788868818,434.3686011980637,1.0,1.0,2.9833333333333334,187.15643120187733,224.17190618788533,False,182.49381377627515,236.1489797383043,False,137.49906616780677,254.9926184611023,False,219.1584829960936,232.92489605187225,False,102.16815589446183,283.1549585161179,False,253.16550493018497,233.9590741332825,False,72.67166835738601,307.5094375337344,False,151.76424069273256,318.56698862878454,False,129.6694467576376,320.29494199162514,False,189.6957186694292,360.3010427178309,False,168.33587029989667,362.0844562819983,False,238.8873622147105,401.8798063298733,False,135.64411677783082,422.8284299655701,False,True
180,180,3.0,3.0,Sports2D_HALPE26_postprocessed,189.2491123519284,224.50209598558072,1.0,184.67542308369624,235.53343837856164,1.0,136.47924313531803,255.05963987785603,1.0,221.28851967336232,229.940981926156,1.0,100.38523592383603,280.38631738902046,1.0,254.31035901903263,227.9633534711189,1.0,70.92105183397146,302.4043257076132,1.0,150.62646741257703,319.9977494022971,1.0,130.77076389872408,321.39083097919337,1.0,185.9040624900965,361.29563176179295,1.0,168.37170632532477,363.0903838886628,1.0,236.50552836531008,397.52559508879216,1.0,135.82616594797682,421.9919242377861,1.0,258.51051134691176,382.1434255478895,1.0,252.0978243846057,383.94955866070046,1.0,240.113280054091,411.73471295512365,1.0,162.50696684106694,438.8281604834391,1.0,155.3162990212845,439.3201120320076,1.0,124.88399263285406,434.5928672620517,1.0,1.0,3.0,189.2491123519284,224.50209598558072,False,184.67542308369624,235.53343837856164,False,136.47924313531803,255.05963987785603,False,221.28851967336232,229.940981926156,False,100.38523592383603,280.38631738902046,False,254.31035901903263,227.9633534711189,False,70.92105183397146,302.4043257076132,False,150.62646741257703,319.9977494022971,False,130.77076389872408,321.39083097919337,False,185.9040624900965,361.29563176179295,False,168.37170632532477,363.0903838886628,False,236.50552836531008,397.52559508879216,False,135.82616594797682,421.9919242377861,False,True
181,181,3.0166666666666666,3.0166666666666666,Sports2D_HALPE26_postprocessed,189.9882698585253,224.93510134207168,1.0,185.3433444058919,235.0485903524009,1.0,136.96095075635318,254.19653321845595,1.0,219.71699621340144,226.3706680220371,1.0,101.67459795777712,276.66204464661934,1.0,253.5198377657896,222.0066384455776,1.0,71.69055638928778,297.0853976512008,1.0,150.39472559560062,316.8727828389063,1.0,131.72377600888794,321.40826174724754,1.0,185.37693141241144,361.5113587294806,1.0,168.92718505607,364.43033830038365,1.0,233.79008016498804,396.16220676347706,1.0,136.44386929392024,421.6210592031656,1.0,257.5946815655666,378.7492897565992,1.0,251.24034070958385,379.328676185236,1.0,236.56436906731625,409.4982078242688,1.0,162.24144470968105,438.8612210443312,1.0,155.91990287390098,439.263949307894,1.0,125.41349868075817,434.4569270307291,1.0,1.0,3.0166666666666666,189.9882698585253,224.93510134207168,False,185.3433444058919,235.0485903524009,False,136.96095075635318,254.19653321845595,False,219.71699621340144,226.3706680220371,False,101.67459795777712,276.66204464661934,False,253.5198377657896,222.0066384455776,False,71.69055638928778,297.0853976512008,False,150.39472559560062,316.8727828389063,False,131.72377600888794,321.40826174724754,False,185.37693141241144,361.5113587294806,False,168.92718505607,364.43033830038365,False,233.79008016498804,396.16220676347706,False,136.44386929392024,421.6210592031656,False,True
182,182,3.033333333333333,3.033333333333333,Sports2D_HALPE26_postprocessed,190.88133781655347,224.04475700314856,1.0,184.2440846551484,234.1530750110117,1.0,137.40202687275357,252.59723569922056,1.0,217.35042048043675,221.3995854538841,1.0,102.79538645247568,273.90960531156605,1.0,252.5593593616479,214.14006370380747,1.0,73.94816167387148,291.9791794272508,1.0,150.80632707633677,316.6812747725596,1.0,132.55866371656575,321.12525199060224,1.0,184.54745730932524,360.7120309681235,1.0,169.5108349918545,366.2649264834024,1.0,227.3983268598739,395.6828309774742,1.0,137.2861266880816,421.3628986958659,1.0,254.8430355078099,379.6319465263098,1.0,250.2484321629526,381.3534766366942,1.0,230.48775636488853,409.6520315811503,1.0,161.92560340164803,438.8830756022104,1.0,156.28588513301568,439.5240562381156,1.0,125.95798991933287,434.4241138034304,1.0,1.0,3.033333333333333,190.88133781655347,224.04475700314856,False,184.2440846551484,234.1530750110117,False,137.40202687275357,252.59723569922056,False,217.35042048043675,221.3995854538841,False,102.79538645247568,273.90960531156605,False,252.5593593616479,214.14006370380747,False,73.94816167387148,291.9791794272508,False,150.80632707633677,316.6812747725596,False,132.55866371656575,321.12525199060224,False,184.54745730932524,360.7120309681235,False,169.5108349918545,366.2649264834024,False,227.3983268598739,395.6828309774742,False,137.2861266880816,421.3628986958659,False,True
183,183,3.05,3.05,Sports2D_HALPE26_postprocessed,191.23375716070487,223.70538808552985,1.0,184.5373497665973,231.588044495681,1.0,137.9864072188952,251.39091153181027,1.0,216.4822938992405,216.80934517034848,1.0,104.0227656550925,270.7476780388008,1.0,246.83914541528924,209.24963969175755,1.0,77.65787454448815,287.69256761514,1.0,151.9326620061799,316.90336353878035,1.0,135.3435961099636,321.42876144704667,1.0,183.61033433823903,358.51915788116224,1.0,169.46219331454753,369.28360446322426,1.0,220.7705535150814,397.9782041580981,1.0,137.93512621325723,421.2623348083921,1.0,247.82598863628644,384.23528630331816,1.0,243.8568111414718,385.4683688967934,1.0,223.86569767781324,412.8929095010976,1.0,161.8098520646492,438.35595852085606,1.0,156.04126173248318,439.35388499091977,1.0,126.7754957778816,433.9236175305611,1.0,1.0,3.05,191.23375716070487,223.70538808552985,False,184.5373497665973,231.588044495681,False,137.9864072188952,251.39091153181027,False,216.4822938992405,216.80934517034848,False,104.0227656550925,270.7476780388008,False,246.83914541528924,209.24963969175755,False,77.65787454448815,287.69256761514,False,151.9326620061799,316.90336353878035,False,135.3435961099636,321.42876144704667,False,183.61033433823903,358.51915788116224,False,169.46219331454753,369.28360446322426,False,220.7705535150814,397.9782041580981,False,137.93512621325723,421.2623348083921,False,True
184,184,3.0666666666666664,3.0666666666666664,Sports2D_HALPE26_postprocessed,191.8916845567064,220.5708333163072,1.0,183.84966880557351,230.8279755652489,1.0,138.71460643763174,249.8990263099377,1.0,212.3140168814305,209.19911570736065,1.0,105.28102745335642,267.82707878148545,1.0,242.8658325289248,202.7619620132871,1.0,81.56564695983754,281.63224066333413,1.0,153.13537683136929,318.4400613473815,1.0,139.2395108893563,321.31830845777085,1.0,182.19910469492555,355.11071486633307,1.0,168.71758667730333,372.08417838667606,1.0,217.9822108960371,401.3498511603126,1.0,138.70737367626612,421.0347507950187,1.0,239.08962236622125,390.7779756497505,1.0,236.3993720964884,389.93362332855344,1.0,216.2722154478048,420.3783256845941,1.0,161.84379458092832,437.7526240457828,1.0,157.18813009632282,439.3743918243782,1.0,127.91299026906783,432.8430107908555,1.0,1.0,3.0666666666666664,191.8916845567064,220.5708333163072,False,183.84966880557351,230.8279755652489,False,138.71460643763174,249.8990263099377,False,212.3140168814305,209.19911570736065,False,105.28102745335642,267.82707878148545,False,242.8658325289248,202.7619620132871,False,81.56564695983754,281.63224066333413,False,153.13537683136929,318.4400613473815,False,139.2395108893563,321.31830845777085,False,182.19910469492555,355.11071486633307,False,168.71758667730333,372.08417838667606,False,217.9822108960371,401.3498511603126,False,138.70737367626612,421.0347507950187,False,True
185,185,3.083333333333333,3.083333333333333,Sports2D_HALPE26_postprocessed,190.7776736287767,217.80466060725504,1.0,179.71295348072732,234.703172124548,1.0,139.74806348916124,248.202001091285,1.0,208.2526154602803,204.29182662117853,1.0,107.34278484625406,266.3697969604257,1.0,241.55033021499804,200.13281342869524,1.0,85.18456975848937,277.578317114788,1.0,151.9844315481133,316.6960823562834,1.0,142.55967047563288,319.96586794680826,1.0,181.313668504822,351.9295399246792,1.0,167.88275066562332,374.9437613866784,1.0,205.8938880108004,405.93469340942346,1.0,140.9127609705929,418.9690156868416,1.0,227.947131064536,400.3688796873614,1.0,224.78112297253185,400.2513941736774,1.0,207.4585572670286,423.0728957030106,1.0,162.29286752561532,437.8587148301618,1.0,158.22958526201296,439.50789113762033,1.0,129.01027078089626,429.8143741985025,1.0,1.0,3.083333333333333,190.7776736287767,217.80466060725504,False,179.71295348072732,234.703172124548,False,139.74806348916124,248.202001091285,False,208.2526154602803,204.29182662117853,False,107.34278484625406,266.3697969604257,False,241.55033021499804,200.13281342869524,False,85.18456975848937,277.578317114788,False,151.9844315481133,316.6960823562834,False,142.55967047563288,319.96586794680826,False,181.313668504822,351.9295399246792,False,167.88275066562332,374.9437613866784,False,205.8938880108004,405.93469340942346,False,140.9127609705929,418.9690156868416,False,True
186,186,3.1,3.1,Sports2D_HALPE26_postprocessed,189.8224995832318,217.02213051530424,1.0,178.2766086394805,234.97888504025272,1.0,140.34708760242535,247.47562062152195,1.0,203.6143027444268,199.46495994222133,1.0,110.85961042493976,265.3668157220267,1.0,238.09117720088545,198.9010638855401,1.0,91.67355257394657,273.21479551440217,1.0,150.86785342158987,315.73927152955457,1.0,146.3440744016755,318.3501186143657,1.0,181.8059774213345,357.0711512779287,1.0,167.52320853841886,377.3802569608393,1.0,200.8058189888299,413.47548377281873,1.0,144.2552102673786,416.34382166017787,1.0,216.54202660621328,413.97563423792496,1.0,213.19935965783,411.4815041908568,1.0,200.9780482669318,427.79696662627305,1.0,163.14333468544856,437.98230021244194,1.0,158.90340512115984,439.2313572454034,1.0,131.8215113047069,426.3463207770951,1.0,1.0,3.1,189.8224995832318,217.02213051530424,False,178.2766086394805,234.97888504025272,False,140.34708760242535,247.47562062152195,False,203.6143027444268,199.46495994222133,False,110.85961042493976,265.3668157220267,False,238.09117720088545,198.9010638855401,False,91.67355257394657,273.21479551440217,False,150.86785342158987,315.73927152955457,False,146.3440744016755,318.3501186143657,False,181.8059774213345,357.0711512779287,False,167.52320853841886,377.3802569608393,False,200.8058189888299,413.47548377281873,False,144.2552102673786,416.34382166017787,False,True
187,187,3.1166666666666667,3.1166666666666667,Sports2D_HALPE26_postprocessed,187.7596962162669,214.5383824709824,1.0,174.80791966240008,233.12176768888875,1.0,142.1450149364059,246.1940545786653,1.0,190.70955051533937,199.82737023651973,1.0,118.1309387977926,263.32514110248223,1.0,225.7521392817373,198.12986826420675,1.0,99.22173273536092,263.81700056474426,1.0,150.63977817246231,315.5885225434944,1.0,148.34878048874572,317.2729252140272,1.0,181.66151695619465,369.90026383672335,1.0,167.13914179565757,378.5258389483672,1.0,192.881216578589,421.60316358415696,1.0,147.26735569948926,414.2135704181149,1.0,196.9793858451424,436.373121163721,1.0,201.90808701109907,432.0864815869252,1.0,191.45416884356928,433.1699991523929,1.0,163.01215505356126,438.5296250909289,1.0,159.43290407020186,438.4114457831315,1.0,136.56489986418595,423.8156427850781,1.0,1.0,3.1166666666666667,187.7596962162669,214.5383824709824,False,174.80791966240008,233.12176768888875,False,142.1450149364059,246.1940545786653,False,190.70955051533937,199.82737023651973,False,118.1309387977926,263.32514110248223,False,225.7521392817373,198.12986826420675,False,99.22173273536092,263.81700056474426,False,150.63977817246231,315.5885225434944,False,148.34878048874572,317.2729252140272,False,181.66151695619465,369.90026383672335,False,167.13914179565757,378.5258389483672,False,192.881216578589,421.60316358415696,False,147.26735569948926,414.2135704181149,False,True
188,188,3.1333333333333333,3.1333333333333333,Sports2D_HALPE26_postprocessed,186.0022986030232,209.73444196801583,1.0,161.87326304413068,238.52899006007985,1.0,143.26845333674393,247.2629193566601,1.0,145.5490146517078,257.1769973259085,1.0,117.42907599657292,266.65991228675244,1.0,109.76753570427098,246.5294115491956,1.0,107.47015180865982,254.48411162874257,1.0,150.60734040515192,315.77846450035463,1.0,157.48706654354675,317.3972775209329,1.0,179.47482593964986,373.6272251162901,1.0,167.38760510941964,378.1731153944722,1.0,185.70647881161548,423.0619371205732,1.0,151.9490812969108,413.4089558488539,1.0,192.92644670214955,439.2969778468831,1.0,192.21275929608169,433.59394527912616,1.0,181.1224967878776,434.1067130394907,1.0,163.0298827899479,439.5477538430733,1.0,159.32498271422847,437.7375525076467,1.0,140.84478103347118,421.1019317660551,1.0,1.0,3.1333333333333333,186.0022986030232,209.73444196801583,False,161.87326304413068,238.52899006007985,False,143.26845333674393,247.2629193566601,False,145.5490146517078,257.1769973259085,False,117.42907599657292,266.65991228675244,False,109.76753570427098,246.5294115491956,False,107.47015180865982,254.48411162874257,False,150.60734040515192,315.77846450035463,False,157.48706654354675,317.3972775209329,False,179.47482593964986,373.6272251162901,False,167.38760510941964,378.1731153944722,False,185.70647881161548,423.0619371205732,False,151.9490812969108,413.4089558488539,False,True
189,189,3.15,3.15,Sports2D_HALPE26_postprocessed,181.204759501002,205.291039947642,1.0,162.44368674829002,237.2745270593562,1.0,146.90570216941208,246.90241121448497,1.0,163.38114988623667,258.5410635084538,1.0,116.96557604828892,268.0838900043716,1.0,115.18955332192502,239.13537987006785,1.0,114.00403181948138,243.10304068625592,1.0,151.5631466972175,315.9376241956237,1.0,165.09226580383208,317.0418996526212,1.0,175.96991541103614,376.2288371390501,1.0,171.5788531600909,378.6899978902181,1.0,182.3056693294232,422.3453260083138,1.0,155.582152978753,414.12203729385,1.0,196.2592799504288,438.5025669158127,1.0,195.26952897965475,432.5481290974733,1.0,179.2575285972577,433.9046988625738,1.0,162.33098342944388,439.2445420704088,1.0,158.81802641848316,438.1598412573089,1.0,141.86479313938335,420.2609818377935,1.0,1.0,3.15,181.204759501002,205.291039947642,False,162.44368674829002,237.2745270593562,False,146.90570216941208,246.90241121448497,False,163.38114988623667,258.5410635084538,False,116.96557604828892,268.0838900043716,False,115.18955332192502,239.13537987006785,False,114.00403181948138,243.10304068625592,False,151.5631466972175,315.9376241956237,False,165.09226580383208,317.0418996526212,False,175.96991541103614,376.2288371390501,False,171.5788531600909,378.6899978902181,False,182.3056693294232,422.3453260083138,False,155.582152978753,414.12203729385,False,True
190,190,3.1666666666666665,3.1666666666666665,Sports2D_HALPE26_postprocessed,178.4080068069428,204.30830940643423,1.0,148.10085561969532,236.6974080955957,1.0,154.70402434920166,246.4099589549236,1.0,144.50759560480176,256.8787566278951,1.0,124.3365726019731,268.4579201967806,1.0,128.56370940710366,232.4993513080585,1.0,122.23092539194326,233.69258864160264,1.0,149.55794058779793,316.23730038243013,1.0,171.7596557450867,317.3318930392604,1.0,173.48915212891865,377.6154829186256,1.0,174.45614907555566,379.6180260809013,1.0,182.47341325484,422.2314160131913,1.0,156.7849369084633,413.0488133719322,1.0,189.96094479219065,436.1986679968131,1.0,187.60129017737287,432.4623250007224,1.0,181.7505173736061,434.02688758482407,1.0,158.43326169576437,440.6709619145077,1.0,157.75347001232834,437.8428182737168,1.0,147.21111020779475,419.68830845601536,1.0,1.0,3.1666666666666665,178.4080068069428,204.30830940643423,False,148.10085561969532,236.6974080955957,False,154.70402434920166,246.4099589549236,False,144.50759560480176,256.8787566278951,False,124.3365726019731,268.4579201967806,False,128.56370940710366,232.4993513080585,False,122.23092539194326,233.69258864160264,False,149.55794058779793,316.23730038243013,False,171.7596557450867,317.3318930392604,False,173.48915212891865,377.6154829186256,False,174.45614907555566,379.6180260809013,False,182.47341325484,422.2314160131913,False,156.7849369084633,413.0488133719322,False,True
191,191,3.183333333333333,3.183333333333333,Sports2D_HALPE26_postprocessed,175.15407298037934,203.31371667808835,1.0,140.10932090346478,235.4705463070564,1.0,167.9929483372245,246.8355119445412,1.0,167.60420412807167,241.93006119285448,1.0,139.0424764461325,266.6587095858899,1.0,180.8075364097577,226.270458791376,1.0,130.83031221319317,230.48893368431632,1.0,146.84833035855402,318.85202097655656,1.0,175.93754063815987,319.91817558351363,1.0,167.55663195715212,381.31709785584144,1.0,177.3296951176091,378.27478338235846,1.0,182.6115639961651,423.433050860433,1.0,157.05541237062292,411.2552768868085,1.0,191.05531800422324,433.4138532930607,1.0,184.3973747450088,435.038169221352,1.0,183.2006883886412,434.2426432919317,1.0,155.4823274214993,441.3544299536012,1.0,156.816878032059,438.22631699687577,1.0,148.0253865692104,415.6621961327252,1.0,1.0,3.183333333333333,175.15407298037934,203.31371667808835,False,140.10932090346478,235.4705463070564,False,167.9929483372245,246.8355119445412,False,167.60420412807167,241.93006119285448,False,139.0424764461325,266.6587095858899,False,180.8075364097577,226.270458791376,False,130.83031221319317,230.48893368431632,False,146.84833035855402,318.85202097655656,False,175.93754063815987,319.91817558351363,False,167.55663195715212,381.31709785584144,False,177.3296951176091,378.27478338235846,False,182.6115639961651,423.433050860433,False,157.05541237062292,411.2552768868085,False,True
192,192,3.2,3.2,Sports2D_HALPE26_postprocessed,169.35963008805567,202.4344620997564,1.0,133.24073583948086,236.38324675221344,1.0,172.29005863596478,245.8143018289157,1.0,161.3904831152065,256.013152318546,1.0,177.2494809682666,252.51033427085804,1.0,168.4500575487438,228.51576672370228,1.0,155.18985370534156,242.02221193059432,1.0,147.57904441856866,316.869582711388,1.0,179.2566320747579,323.4525165213328,1.0,163.36200145639424,380.68951295232864,1.0,179.03098552055047,378.6399534380396,1.0,182.00763945478968,423.3679948159034,1.0,159.21904775362492,409.416077846409,1.0,191.07815269311908,434.1494892453644,1.0,182.95463740268667,436.79854134603374,1.0,183.67536640455384,434.2577912182758,1.0,150.68091705563847,441.47352844720416,1.0,155.08958236491026,438.3394139590801,1.0,150.18107886789213,414.81295648273993,1.0,1.0,3.2,169.35963008805567,202.4344620997564,False,133.24073583948086,236.38324675221344,False,172.29005863596478,245.8143018289157,False,161.3904831152065,256.013152318546,False,177.2494809682666,252.51033427085804,False,168.4500575487438,228.51576672370228,False,155.18985370534156,242.02221193059432,False,147.57904441856866,316.869582711388,False,179.2566320747579,323.4525165213328,False,163.36200145639424,380.68951295232864,False,179.03098552055047,378.6399534380396,False,182.00763945478968,423.3679948159034,False,159.21904775362492,409.416077846409,False,True
193,193,3.216666666666667,3.216666666666667,Sports2D_HALPE26_postprocessed,161.94192549187977,205.0532938420332,1.0,129.089644399731,243.3596269313686,1.0,174.81752708665016,242.331517405522,1.0,119.34720609539006,265.5826625326207,1.0,172.4077404535524,246.69431849624368,1.0,138.97491547040173,252.66587847217627,1.0,146.89636360167506,232.8631625397116,1.0,148.5736400735518,319.93514732275474,1.0,182.9189886095663,319.6401305034552,1.0,163.01781924802216,378.5682450000444,1.0,182.07935865196887,377.6016236114321,1.0,182.7029288428725,424.3211871089927,1.0,161.59947710199006,407.55214824282416,1.0,190.93689780380285,431.9712357332313,1.0,182.52165910689484,433.4013607641693,1.0,184.5282509724956,434.2649237738877,1.0,150.54136018777598,440.1306612422448,1.0,154.91452603926737,437.1181972656635,1.0,152.25833283713968,410.9723947983928,1.0,1.0,3.216666666666667,161.94192549187977,205.0532938420332,False,129.089644399731,243.3596269313686,False,174.81752708665016,242.331517405522,False,119.34720609539006,265.5826625326207,False,172.4077404535524,246.69431849624368,False,138.97491547040173,252.66587847217627,False,146.89636360167506,232.8631625397116,False,148.5736400735518,319.93514732275474,False,182.9189886095663,319.6401305034552,False,163.01781924802216,378.5682450000444,False,182.07935865196887,377.6016236114321,False,182.7029288428725,424.3211871089927,False,161.59947710199006,407.55214824282416,False,True
194,194,3.2333333333333334,3.2333333333333334,Sports2D_HALPE26_postprocessed,145.5432113368659,203.86649021193148,1.0,125.65295952231033,245.7316541343963,1.0,179.67423951769854,232.9639026023361,1.0,115.17689083490636,281.78255911152627,1.0,197.6351759320612,221.0528959595523,1.0,137.12364980695656,259.81132479558704,1.0,167.37582477067792,231.225437675972,1.0,149.6507949631962,320.55736320030894,1.0,182.1797887945156,318.30905358380943,1.0,163.3484686634147,376.5297073509382,1.0,183.76410804248505,377.9721394576802,1.0,183.47602325107923,426.85158263904606,1.0,163.65872067353396,405.6980824776161,1.0,191.2664545297123,432.3137852831927,1.0,182.37542953154525,431.86968151145766,1.0,185.5673186428305,434.4359668163346,1.0,150.47770308316586,439.6744823835619,1.0,156.02648660463657,437.2234987025948,1.0,156.71441350643644,406.95154945463577,1.0,1.0,3.2333333333333334,145.5432113368659,203.86649021193148,False,125.65295952231033,245.7316541343963,False,179.67423951769854,232.9639026023361,False,115.17689083490636,281.78255911152627,False,197.6351759320612,221.0528959595523,False,137.12364980695656,259.81132479558704,False,167.37582477067792,231.225437675972,False,149.6507949631962,320.55736320030894,False,182.1797887945156,318.30905358380943,False,163.3484686634147,376.5297073509382,False,183.76410804248505,377.9721394576802,False,183.47602325107923,426.85158263904606,False,163.65872067353396,405.6980824776161,False,True
195,195,3.25,3.25,Sports2D_HALPE26_postprocessed,142.24200293760268,202.45285706532263,1.0,121.94844197336788,252.29781830248368,1.0,184.01421560921625,229.29836037173447,1.0,113.74629981163658,288.91926151588245,1.0,213.90968958025576,207.3516204556235,1.0,127.30274840674272,261.33716066699657,1.0,235.96232754122207,216.1663435015922,1.0,151.1303415774217,317.615078726043,1.0,183.2300904301955,311.82978223700087,1.0,164.92434981678588,375.71939532742897,1.0,186.9288085117289,376.56004953148215,1.0,183.584270920458,426.874764733852,1.0,168.1804648598736,402.8283540960614,1.0,190.43373016203785,431.1999827741911,1.0,184.56952135604865,430.2885710850022,1.0,186.1074455390672,433.9820730954399,1.0,153.90534918666486,436.4322038077305,1.0,159.12262607651226,435.993522423528,1.0,161.5986663786787,401.8010821453847,1.0,1.0,3.25,142.24200293760268,202.45285706532263,False,121.94844197336788,252.29781830248368,False,184.01421560921625,229.29836037173447,False,113.74629981163658,288.91926151588245,False,213.90968958025576,207.3516204556235,False,127.30274840674272,261.33716066699657,False,235.96232754122207,216.1663435015922,False,151.1303415774217,317.615078726043,False,183.2300904301955,311.82978223700087,False,164.92434981678588,375.71939532742897,False,186.9288085117289,376.56004953148215,False,183.584270920458,426.874764733852,False,168.1804648598736,402.8283540960614,False,True
196,196,3.2666666666666666,3.2666666666666666,Sports2D_HALPE26_postprocessed,137.4831303574742,204.4804953282202,1.0,122.69680155143976,253.7165035213279,1.0,181.12954972821328,223.915147311299,1.0,113.06886646876129,293.68294454220296,1.0,215.7883924411317,200.4334449170448,1.0,121.4517733131444,259.2213674105843,1.0,236.32163203304452,176.51288408804172,1.0,152.0921462625083,315.2435734341896,1.0,183.84469142279968,309.2954049873335,1.0,164.98668512707297,376.2108479684873,1.0,188.7207928060948,378.8532874298321,1.0,183.49547112106728,426.9787468500625,1.0,170.52570455729114,403.862724056157,1.0,190.42682235388128,434.0602062096266,1.0,184.1890172268416,430.305146495982,1.0,186.62941192663004,434.6930634559551,1.0,155.26781341923612,436.4679104939364,1.0,159.06554235607436,435.4856360213773,1.0,164.43908132419116,403.9151537703634,1.0,1.0,3.2666666666666666,137.4831303574742,204.4804953282202,False,122.69680155143976,253.7165035213279,False,181.12954972821328,223.915147311299,False,113.06886646876129,293.68294454220296,False,215.7883924411317,200.4334449170448,False,121.4517733131444,259.2213674105843,False,236.32163203304452,176.51288408804172,False,152.0921462625083,315.2435734341896,False,183.84469142279968,309.2954049873335,False,164.98668512707297,376.2108479684873,False,188.7207928060948,378.8532874298321,False,183.49547112106728,426.9787468500625,False,170.52570455729114,403.862724056157,False,True
197,197,3.283333333333333,3.283333333333333,Sports2D_HALPE26_postprocessed,136.56109757479854,205.2064348314574,1.0,123.91629623808136,251.70308397643072,1.0,181.2631358929475,221.97558290378595,1.0,112.14495180266408,295.5945130459098,1.0,217.4088145430834,195.87538205628533,1.0,116.99230726273731,265.3089467056391,1.0,160.6218636801613,165.14976959405908,1.0,153.5269437215909,312.19133508484447,1.0,185.09939215854337,307.3855655990885,1.0,164.8602830137009,374.8528642670997,1.0,191.53272585848853,379.0487180319043,1.0,183.3651509908781,426.5126696393705,1.0,174.56052198607418,401.22855541673874,1.0,190.5747458157573,433.7810928068972,1.0,185.54895315919867,431.8231122658722,1.0,187.13912975345573,435.0623811069853,1.0,158.46934132818967,432.87872621027606,1.0,162.6481322817037,430.2405891876869,1.0,168.02884091872602,403.84031535743856,1.0,1.0,3.283333333333333,136.56109757479854,205.2064348314574,False,123.91629623808136,251.70308397643072,False,181.2631358929475,221.97558290378595,False,112.14495180266408,295.5945130459098,False,217.4088145430834,195.87538205628533,False,116.99230726273731,265.3089467056391,False,160.6218636801613,165.14976959405908,False,153.5269437215909,312.19133508484447,False,185.09939215854337,307.3855655990885,False,164.8602830137009,374.8528642670997,False,191.53272585848853,379.0487180319043,False,183.3651509908781,426.5126696393705,False,174.56052198607418,401.22855541673874,False,True
198,198,3.3,3.3,Sports2D_HALPE26_postprocessed,133.66310026494764,206.69584258402352,1.0,124.85644613200492,247.6622698984605,1.0,182.2922025348728,220.2706934308236,1.0,113.1179154830716,294.64079338160934,1.0,217.30319454149145,194.3598059227634,1.0,115.7269523436391,266.2711810197986,1.0,162.33760167471894,158.39957458584345,1.0,154.9221634814759,311.1988438068439,1.0,186.32877649584225,306.712525958722,1.0,166.04361074052073,374.5806119443091,1.0,193.3235419349133,377.6281450495964,1.0,183.30319108469428,425.8596876531456,1.0,178.54490998729136,398.766204207342,1.0,190.7731157733906,434.80124984664246,1.0,185.82329675848,432.2980769921326,1.0,187.06937244324587,435.0715849210055,1.0,162.75630209218102,432.54773078250753,1.0,167.4290816081993,429.80679838706016,1.0,172.50581458984217,403.98018740966455,1.0,1.0,3.3,133.66310026494764,206.69584258402352,False,124.85644613200492,247.6622698984605,False,182.2922025348728,220.2706934308236,False,113.1179154830716,294.64079338160934,False,217.30319454149145,194.3598059227634,False,115.7269523436391,266.2711810197986,False,162.33760167471894,158.39957458584345,False,154.9221634814759,311.1988438068439,False,186.32877649584225,306.712525958722,False,166.04361074052073,374.5806119443091,False,193.3235419349133,377.6281450495964,False,183.30319108469428,425.8596876531456,False,178.54490998729136,398.766204207342,False,True
199,199,3.3166666666666664,3.3166666666666664,Sports2D_HALPE26_postprocessed,131.2192608047934,208.70638271558067,1.0,124.55487077755724,244.95649301197025,1.0,181.0420013077664,221.417588146624,1.0,114.88011910998402,290.9178695525404,1.0,214.42514153759328,194.67064539844267,1.0,114.85976329335404,263.1898784922846,1.0,243.5642725696109,162.33039291045878,1.0,156.37104742269122,308.3401718670942,1.0,188.2915319240515,302.82840160020703,1.0,167.82794162086358,377.8050686456807,1.0,196.31427006064217,376.42769418605207,1.0,183.10829554011752,426.1170320482604,1.0,183.13441036210065,397.54323004670186,1.0,191.79512251547823,435.6414033108556,1.0,186.85321109955257,433.6044309690742,1.0,186.11775798947303,435.0035495238423,1.0,168.2250781829891,433.0041423404598,1.0,177.4307937334845,429.7759224997672,1.0,176.0396027867283,400.8919904227865,1.0,1.0,3.3166666666666664,131.2192608047934,208.70638271558067,False,124.55487077755724,244.95649301197025,False,181.0420013077664,221.417588146624,False,114.88011910998402,290.9178695525404,False,214.42514153759328,194.67064539844267,False,114.85976329335404,263.1898784922846,False,243.5642725696109,162.33039291045878,False,156.37104742269122,308.3401718670942,False,188.2915319240515,302.82840160020703,False,167.82794162086358,377.8050686456807,False,196.31427006064217,376.42769418605207,False,183.10829554011752,426.1170320482604,False,183.13441036210065,397.54323004670186,False,True
200,200,3.333333333333333,3.333333333333333,Sports2D_HALPE26_postprocessed,130.93039981711564,209.38967734639056,1.0,124.42189948151506,241.86584053112225,1.0,179.56473983589606,221.49187023721376,1.0,118.00615124143796,286.11044120035825,1.0,208.46277011756425,197.8304816189741,1.0,116.90710888187172,276.7451535434704,1.0,233.43184635262529,173.29843615611935,1.0,159.60691323191122,306.59754134528987,1.0,190.6894063467847,301.14316105313884,1.0,169.86761917897576,376.52864452251214,1.0,198.8524753841442,372.1714184043645,1.0,182.8806344880996,425.7210581315305,1.0,185.6316151614972,397.9782321831419,1.0,191.0479806032354,435.5355899973762,1.0,185.9068783487048,433.8408823902487,1.0,181.0685854542377,435.06164464205,1.0,178.49653872907442,433.63878697461695,1.0,185.3176234841281,429.42739142159337,1.0,177.945583563716,399.63933489922886,1.0,1.0,3.333333333333333,130.93039981711564,209.38967734639056,False,124.42189948151506,241.86584053112225,False,179.56473983589606,221.49187023721376,False,118.00615124143796,286.11044120035825,False,208.46277011756425,197.8304816189741,False,116.90710888187172,276.7451535434704,False,233.43184635262529,173.29843615611935,False,159.60691323191122,306.59754134528987,False,190.6894063467847,301.14316105313884,False,169.86761917897576,376.52864452251214,False,198.8524753841442,372.1714184043645,False,182.8806344880996,425.7210581315305,False,185.6316151614972,397.9782321831419,False,True
201,201,3.35,3.35,Sports2D_HALPE26_postprocessed,134.64273552174944,209.3513541092209,1.0,125.66948079274091,236.302407971536,1.0,176.87260837430648,223.2702129593989,1.0,120.9095788555166,287.9365844845416,1.0,183.6934190239409,259.7934124160892,1.0,119.7779934569455,258.8759253629247,1.0,149.17895247630904,254.6188929328796,1.0,162.50248326195344,303.5863331738589,1.0,192.58151516183952,299.3059991105116,1.0,171.00343651541465,374.3771115789485,1.0,202.0897248869861,368.681472754407,1.0,183.06702757552995,426.13264439739584,1.0,188.1400138025436,395.7529504221577,1.0,189.81592454185432,435.5148647528673,1.0,183.0171406702713,434.8157995242922,1.0,182.2859334338252,434.8556584407588,1.0,177.97344025516944,429.8170677269971,1.0,185.100505698501,425.0139019622544,1.0,180.49813929975923,393.3743684654749,1.0,1.0,3.35,134.64273552174944,209.3513541092209,False,125.66948079274091,236.302407971536,False,176.87260837430648,223.2702129593989,False,120.9095788555166,287.9365844845416,False,183.6934190239409,259.7934124160892,False,119.7779934569455,258.8759253629247,False,149.17895247630904,254.6188929328796,False,162.50248326195344,303.5863331738589,False,192.58151516183952,299.3059991105116,False,171.00343651541465,374.3771115789485,False,202.0897248869861,368.681472754407,False,183.06702757552995,426.13264439739584,False,188.1400138025436,395.7529504221577,False,True
202,202,3.3666666666666667,3.3666666666666667,Sports2D_HALPE26_postprocessed,136.95775665438435,208.05649899264287,1.0,125.44663796035212,233.9656818189317,1.0,173.30351254526863,226.522227084312,1.0,123.9974888072231,291.907939123927,1.0,182.76901121174285,263.6847518412913,1.0,132.09998671325005,290.9381895911716,1.0,153.89127384251657,282.1516131856895,1.0,165.93757110446717,298.0641642852876,1.0,194.9028329862871,292.3617066928325,1.0,171.95336709909006,372.8550154802795,1.0,206.2714937872151,365.7175689302725,1.0,183.0185757994816,425.8633234800985,1.0,189.64554925631228,392.7226936959968,1.0,191.2521399983767,435.0234544576073,1.0,183.3729131630297,434.87509192442,1.0,178.56121871811507,434.7941818911496,1.0,173.41131338679668,428.13035021722345,1.0,194.7459207313707,418.365704484951,1.0,180.12078792952363,391.010196185566,1.0,1.0,3.3666666666666667,136.95775665438435,208.05649899264287,False,125.44663796035212,233.9656818189317,False,173.30351254526863,226.522227084312,False,123.9974888072231,291.907939123927,False,182.76901121174285,263.6847518412913,False,132.09998671325005,290.9381895911716,False,153.89127384251657,282.1516131856895,False,165.93757110446717,298.0641642852876,False,194.9028329862871,292.3617066928325,False,171.95336709909006,372.8550154802795,False,206.2714937872151,365.7175689302725,False,183.0185757994816,425.8633234800985,False,189.64554925631228,392.7226936959968,False,True
203,203,3.3833333333333333,3.3833333333333333,Sports2D_HALPE26_postprocessed,135.3013616517373,206.14324433889848,1.0,126.94944445952052,231.706271328642,1.0,170.20588020426908,227.0209809845745,1.0,126.84375190550028,281.2540010187236,1.0,171.10182478938353,262.9022523255305,1.0,129.6655769615147,298.1986111307142,1.0,146.1715768408705,289.0838448107476,1.0,168.84165744063304,295.2744720137091,1.0,197.6346519835308,289.2002437568269,1.0,174.27174605031942,371.49169639875305,1.0,210.7606625765246,362.0185204758311,1.0,182.7943026071977,425.78109401036886,1.0,192.0029682331462,390.5724814834367,1.0,192.21653080308508,434.83533465878025,1.0,186.0104398576852,435.0096991404709,1.0,179.55389693978503,434.4750521222783,1.0,174.08466528759115,427.5730951523233,1.0,195.82277557382207,417.8961391724606,1.0,181.5948023306359,390.8845570274688,1.0,1.0,3.3833333333333333,135.3013616517373,206.14324433889848,False,126.94944445952052,231.706271328642,False,170.20588020426908,227.0209809845745,False,126.84375190550028,281.2540010187236,False,171.10182478938353,262.9022523255305,False,129.6655769615147,298.1986111307142,False,146.1715768408705,289.0838448107476,False,168.84165744063304,295.2744720137091,False,197.6346519835308,289.2002437568269,False,174.27174605031942,371.49169639875305,False,210.7606625765246,362.0185204758311,False,182.7943026071977,425.78109401036886,False,192.0029682331462,390.5724814834367,False,True
204,204,3.4,3.4,Sports2D_HALPE26_postprocessed,133.39917414592804,205.8065647825256,1.0,127.78033807025898,230.9695849082183,1.0,163.73124816993965,227.80942272080225,1.0,130.31302887421484,276.7026106260826,1.0,165.67452632849756,266.46627323797526,1.0,129.9135662265439,302.208300200098,1.0,144.4657089550442,300.723591467659,1.0,171.9244027635666,297.352531337823,1.0,201.49526294290504,291.2239232206948,1.0,175.7516656705804,368.9246845669295,1.0,215.91285052577723,358.9833986127401,1.0,181.92139394482305,425.510504792237,1.0,196.2003093586148,384.94653326624655,1.0,191.83005659347043,435.018254075353,1.0,184.29962369057563,435.20931393874537,1.0,180.7836725413109,435.1255087228844,1.0,195.83834513882965,420.38692746510486,1.0,200.0164420052901,407.30336245891374,1.0,185.3385392782131,387.3066230099725,1.0,1.0,3.4,133.39917414592804,205.8065647825256,False,127.78033807025898,230.9695849082183,False,163.73124816993965,227.80942272080225,False,130.31302887421484,276.7026106260826,False,165.67452632849756,266.46627323797526,False,129.9135662265439,302.208300200098,False,144.4657089550442,300.723591467659,False,171.9244027635666,297.352531337823,False,201.49526294290504,291.2239232206948,False,175.7516656705804,368.9246845669295,False,215.91285052577723,358.9833986127401,False,181.92139394482305,425.510504792237,False,196.2003093586148,384.94653326624655,False,True
205,205,3.4166666666666665,3.4166666666666665,Sports2D_HALPE26_postprocessed,128.41223736366462,207.2390430397723,1.0,129.18502319761734,229.95400916643607,1.0,157.37678113387557,228.8308476367916,1.0,133.74502264400144,277.2584535904998,1.0,134.82721416637258,281.5380351177982,1.0,131.09227914852622,304.3234560029979,1.0,102.76136437238812,312.9371714227667,1.0,172.63465645886828,294.8051340191218,1.0,202.7911699541374,287.778472541168,1.0,178.41425311385817,367.9668839477291,1.0,221.0963659811109,354.58968467520697,1.0,182.48640940468064,425.6017131585096,1.0,200.95496201039376,378.0136146766621,1.0,189.02423378282413,434.1451860839836,1.0,180.53250511126768,435.1039058201373,1.0,181.9158903453857,435.4134253728214,1.0,193.552285194378,420.12222535016,1.0,204.3214392521244,396.18376759667785,1.0,190.5434197118564,379.929426899276,1.0,1.0,3.4166666666666665,128.41223736366462,207.2390430397723,False,129.18502319761734,229.95400916643607,False,157.37678113387557,228.8308476367916,False,133.74502264400144,277.2584535904998,False,134.82721416637258,281.5380351177982,False,131.09227914852622,304.3234560029979,False,102.76136437238812,312.9371714227667,False,172.63465645886828,294.8051340191218,False,202.7911699541374,287.778472541168,False,178.41425311385817,367.9668839477291,False,221.0963659811109,354.58968467520697,False,182.48640940468064,425.6017131585096,False,200.95496201039376,378.0136146766621,False,True
206,206,3.433333333333333,3.433333333333333,Sports2D_HALPE26_postprocessed,123.08986809106926,211.81213620682908,1.0,129.727474902455,230.31788292731085,1.0,151.60078750097315,229.4154205210432,1.0,134.75842317915502,274.9937822739623,1.0,124.99708573817574,288.5668954436238,1.0,132.5523348296618,305.58064334796035,1.0,94.3790255196488,317.00779898407086,1.0,173.73507145286354,292.5601731269461,1.0,203.4128035522908,284.348506010816,1.0,179.05402966735502,367.057445905804,1.0,225.7632420836664,350.3856805043063,1.0,182.78148588607763,425.605236848539,1.0,207.82219079276416,369.91302442731,1.0,184.5688978640526,433.1966585302048,1.0,174.20002144515607,434.9264192173939,1.0,182.1571800637116,435.7022925770483,1.0,195.77344124269123,414.9570407863092,1.0,208.6425913478643,385.08425777082977,1.0,201.4991471618837,365.72825156041154,1.0,1.0,3.433333333333333,123.08986809106926,211.81213620682908,False,129.727474902455,230.31788292731085,False,151.60078750097315,229.4154205210432,False,134.75842317915502,274.9937822739623,False,124.99708573817574,288.5668954436238,False,132.5523348296618,305.58064334796035,False,94.3790255196488,317.00779898407086,False,173.73507145286354,292.5601731269461,False,203.4128035522908,284.348506010816,False,179.05402966735502,367.057445905804,False,225.7632420836664,350.3856805043063,False,182.78148588607763,425.605236848539,False,207.82219079276416,369.91302442731,False,True
207,207,3.45,3.45,Sports2D_HALPE26_postprocessed,118.81947818182266,214.9857298491385,1.0,129.358666611229,230.29703233606728,1.0,149.9486892731381,230.1691422545641,1.0,135.8036183166634,273.8520034316531,1.0,123.19286114146152,289.92589780303285,1.0,134.94022214616018,307.13078489759266,1.0,90.479281346145,318.8330294775422,1.0,174.70563613623062,290.58797110580946,1.0,204.38800287910016,280.71718371179026,1.0,180.02089606294618,366.2321060959181,1.0,230.37667393802803,344.82645395048286,1.0,183.13189505305468,425.4904961325046,1.0,218.0070270551505,358.2832829227408,1.0,181.23635777007144,432.8888953224497,1.0,173.51198531143888,434.6386262914091,1.0,183.8192288835054,435.90676041459017,1.0,203.56606991815804,374.5582654204081,1.0,213.3755195456673,373.88107426210325,1.0,212.8834478299552,353.31237861108053,1.0,1.0,3.45,118.81947818182266,214.9857298491385,False,129.358666611229,230.29703233606728,False,149.9486892731381,230.1691422545641,False,135.8036183166634,273.8520034316531,False,123.19286114146152,289.92589780303285,False,134.94022214616018,307.13078489759266,False,90.479281346145,318.8330294775422,False,174.70563613623062,290.58797110580946,False,204.38800287910016,280.71718371179026,False,180.02089606294618,366.2321060959181,False,230.37667393802803,344.82645395048286,False,183.13189505305468,425.4904961325046,False,218.0070270551505,358.2832829227408,False,True
208,208,3.466666666666667,3.466666666666667,Sports2D_HALPE26_postprocessed,115.43994733347397,217.41970004593247,1.0,129.03909746263668,231.05023300020872,1.0,149.0504582634805,231.60254640624768,1.0,138.36533587135145,270.96824661380936,1.0,123.84975503267094,288.73788175110093,1.0,137.70599445602014,307.88364780933875,1.0,90.08307574395938,314.42143945985987,1.0,177.14052906248065,291.5634638304853,1.0,205.3716716261605,280.7913281769793,1.0,181.901183983126,365.44940626298734,1.0,233.1825071767088,341.509320380549,1.0,183.4256491338123,425.0985817664432,1.0,227.82117814027487,344.52859715879566,1.0,180.1988918470001,433.05880116290746,1.0,174.06503638468686,434.449531344515,1.0,184.37567830360504,435.658698176151,1.0,217.33438520288576,365.4008221777332,1.0,230.6670747260329,358.5494810703564,1.0,229.12049596019483,337.1160593855499,1.0,1.0,3.466666666666667,115.43994733347397,217.41970004593247,False,129.03909746263668,231.05023300020872,False,149.0504582634805,231.60254640624768,False,138.36533587135145,270.96824661380936,False,123.84975503267094,288.73788175110093,False,137.70599445602014,307.88364780933875,False,90.08307574395938,314.42143945985987,False,177.14052906248065,291.5634638304853,False,205.3716716261605,280.7913281769793,False,181.901183983126,365.44940626298734,False,233.1825071767088,341.509320380549,False,183.4256491338123,425.0985817664432,False,227.82117814027487,344.52859715879566,False,True
209,209,3.4833333333333334,3.4833333333333334,Sports2D_HALPE26_postprocessed,112.5033651011017,219.20140788268603,1.0,127.0021206345386,232.3769710579297,1.0,146.6781249578632,231.8351498461761,1.0,140.2772788486689,268.6075314120269,1.0,124.34996506040538,286.0642501290832,1.0,140.16032902825538,309.0238816994436,1.0,91.6289750840224,308.2865435269315,1.0,177.89673881914788,292.9228358934683,1.0,205.7796323937131,281.4576609974265,1.0,183.62527609978315,366.3583182016808,1.0,235.36849883302085,338.6928873381374,1.0,183.89785892273963,425.028948525827,1.0,232.7326008204064,331.0526271251941,1.0,180.2000439705773,433.07212839890025,1.0,175.05101810838408,434.4250837559293,1.0,184.94153426625803,435.606347423337,1.0,237.6750866059917,336.86145723304463,1.0,243.09715816221063,331.4751186581185,1.0,233.99320206680736,324.3128521854738,1.0,1.0,3.4833333333333334,112.5033651011017,219.20140788268603,False,127.0021206345386,232.3769710579297,False,146.6781249578632,231.8351498461761,False,140.2772788486689,268.6075314120269,False,124.34996506040538,286.0642501290832,False,140.16032902825538,309.0238816994436,False,91.6289750840224,308.2865435269315,False,177.89673881914788,292.9228358934683,False,205.7796323937131,281.4576609974265,False,183.62527609978315,366.3583182016808,False,235.36849883302085,338.6928873381374,False,183.89785892273963,425.028948525827,False,232.7326008204064,331.0526271251941,False,True
210,210,3.5,3.5,Sports2D_HALPE26_postprocessed,108.99171310016332,222.320521179998,1.0,125.474800977419,233.0650155583625,1.0,146.27370355077267,232.5979714499024,1.0,140.6953198637027,267.6626783330018,1.0,123.30566959454045,284.44137414868504,1.0,142.41438105410066,309.9121232002428,1.0,93.54208749192136,302.57356660509373,1.0,179.0060115115066,293.61256082244813,1.0,205.40480907175785,280.3950956413779,1.0,185.29598972659383,365.99357883203487,1.0,239.5496031979422,332.83192933942934,1.0,184.2036356916876,424.9883496251088,1.0,242.5655140346011,312.98758449799413,1.0,180.78217897601183,432.9956773069675,1.0,175.11509570336818,434.4687357454607,1.0,186.259503368377,435.80170512685606,1.0,248.1808325433769,333.0586549215859,1.0,252.6109888725514,323.05786711151364,1.0,241.80111637406424,315.0193472760067,1.0,1.0,3.5,108.99171310016332,222.320521179998,False,125.474800977419,233.0650155583625,False,146.27370355077267,232.5979714499024,False,140.6953198637027,267.6626783330018,False,123.30566959454045,284.44137414868504,False,142.41438105410066,309.9121232002428,False,93.54208749192136,302.57356660509373,False,179.0060115115066,293.61256082244813,False,205.40480907175785,280.3950956413779,False,185.29598972659383,365.99357883203487,False,239.5496031979422,332.83192933942934,False,184.2036356916876,424.9883496251088,False,242.5655140346011,312.98758449799413,False,True
211,211,3.5166666666666666,3.5166666666666666,Sports2D_HALPE26_postprocessed,107.3719668695771,224.12206503001875,1.0,122.78770796901942,233.71567547178483,1.0,144.5844419549166,232.60373916727943,1.0,140.9473971641537,267.2829933749134,1.0,128.1492116974793,280.27841983057147,1.0,145.18270424337777,310.70162892251005,1.0,99.41784710504432,295.08792960452115,1.0,179.7780482667042,289.6151026061338,1.0,205.1426415536853,277.3984349474178,1.0,185.87638583129217,364.24806612525447,1.0,245.9436101128308,325.3211917499677,1.0,184.74238520531264,425.0503219640798,1.0,255.62992157086725,306.5507709173475,1.0,180.72932345749456,433.08336957006816,1.0,175.04671848909095,434.9100042745581,1.0,187.5040117802356,435.51555392114966,1.0,248.32882241039832,333.7370064355971,1.0,252.801391186573,324.14178704885694,1.0,242.4322802941788,316.4797591877801,1.0,1.0,3.5166666666666666,107.3719668695771,224.12206503001875,False,122.78770796901942,233.71567547178483,False,144.5844419549166,232.60373916727943,False,140.9473971641537,267.2829933749134,False,128.1492116974793,280.27841983057147,False,145.18270424337777,310.70162892251005,False,99.41784710504432,295.08792960452115,False,179.7780482667042,289.6151026061338,False,205.1426415536853,277.3984349474178,False,185.87638583129217,364.24806612525447,False,245.9436101128308,325.3211917499677,False,184.74238520531264,425.0503219640798,False,255.62992157086725,306.5507709173475,False,True
212,212,3.533333333333333,3.533333333333333,Sports2D_HALPE26_postprocessed,106.97722392186756,226.026874180564,1.0,120.71089249931566,234.56883700181467,1.0,144.34386763044938,233.4331959179403,1.0,140.5554934764039,267.3106442922699,1.0,129.78339069255682,281.2440591504212,1.0,147.16280632323736,311.619263488863,1.0,100.98196689883916,289.16688662267165,1.0,178.4871919866866,288.6715689343203,1.0,204.3445459295924,274.974428006264,1.0,186.3884116624336,363.3009317561342,1.0,247.05044559311324,316.82775404704773,1.0,185.28708323046592,425.0810516678093,1.0,255.92370023399607,307.62259206186985,1.0,180.3557447771674,432.75543312062695,1.0,174.86477986507322,434.9320871669229,1.0,188.05684522787973,435.44464862029736,1.0,248.2832550686809,334.5638084682935,1.0,252.80632753291584,325.4057868514038,1.0,243.04165151724567,318.1158806342019,1.0,1.0,3.533333333333333,106.97722392186756,226.026874180564,False,120.71089249931566,234.56883700181467,False,144.34386763044938,233.4331959179403,False,140.5554934764039,267.3106442922699,False,129.78339069255682,281.2440591504212,False,147.16280632323736,311.619263488863,False,100.98196689883916,289.16688662267165,False,178.4871919866866,288.6715689343203,False,204.3445459295924,274.974428006264,False,186.3884116624336,363.3009317561342,False,247.05044559311324,316.82775404704773,False,185.28708323046592,425.0810516678093,False,255.92370023399607,307.62259206186985,False,True
213,213,3.55,3.55,Sports2D_HALPE26_postprocessed,106.39325853931228,226.88658705480788,1.0,118.79095319494397,235.85997653936624,1.0,143.38997066631393,233.63914723526952,1.0,139.92326394170243,267.2909782149782,1.0,131.0242492281967,282.5513436806744,1.0,149.1119094934619,312.1299822345029,1.0,105.04458416882746,283.9648175210504,1.0,179.2212165758719,289.31879914532857,1.0,203.8841079501853,274.71549653057576,1.0,187.2744589716172,362.5351635615881,1.0,250.269654697818,310.0454714633178,1.0,186.13320141440684,425.330914595599,1.0,255.98914995941385,308.9348314405931,1.0,179.22297291100114,432.6452523574285,1.0,174.26472004879065,434.9016148700024,1.0,188.9958473379533,435.427909973762,1.0,248.2341101846557,335.39253804749825,1.0,252.80769337603755,326.67196089000447,1.0,243.6700463173491,319.7542580259005,1.0,1.0,3.55,106.39325853931228,226.88658705480788,False,118.79095319494397,235.85997653936624,False,143.38997066631393,233.63914723526952,False,139.92326394170243,267.2909782149782,False,131.0242492281967,282.5513436806744,False,149.1119094934619,312.1299822345029,False,105.04458416882746,283.9648175210504,False,179.2212165758719,289.31879914532857,False,203.8841079501853,274.71549653057576,False,187.2744589716172,362.5351635615881,False,250.269654697818,310.0454714633178,False,186.13320141440684,425.330914595599,False,255.98914995941385,308.9348314405931,False,True
214,214,3.5666666666666664,3.5666666666666664,Sports2D_HALPE26_postprocessed,105.88635950045564,227.0047276299484,1.0,116.96578864803338,236.7177270689263,1.0,143.13444486545902,233.78362830434315,1.0,138.92279163401005,267.2148343068574,1.0,131.2414620895705,286.0997535601949,1.0,149.39577302159356,312.1838076490704,1.0,104.0869837356203,280.50644994535946,1.0,178.55626128736458,288.72688051637084,1.0,202.60624320813767,273.548689103655,1.0,187.4449321111649,362.1611185835759,1.0,253.76729937372696,304.752386893422,1.0,186.71750898975225,425.8333003989055,1.0,256.0502483941296,310.25051585275713,1.0,179.54844626127277,432.5910899724476,1.0,174.81579580961818,435.0373995924439,1.0,189.24677247552705,435.4726753249238,1.0,248.18487445788548,336.22098750770766,1.0,252.80898436983668,327.9376588148088,1.0,244.30948737759124,321.3917367191433,1.0,1.0,3.5666666666666664,105.88635950045564,227.0047276299484,False,116.96578864803338,236.7177270689263,False,143.13444486545902,233.78362830434315,False,138.92279163401005,267.2148343068574,False,131.2414620895705,286.0997535601949,False,149.39577302159356,312.1838076490704,False,104.0869837356203,280.50644994535946,False,178.55626128736458,288.72688051637084,False,202.60624320813767,273.548689103655,False,187.4449321111649,362.1611185835759,False,253.76729937372696,304.752386893422,False,186.71750898975225,425.8333003989055,False,256.0502483941296,310.25051585275713,False,True
215,215,3.583333333333333,3.583333333333333,Sports2D_HALPE26_postprocessed,105.96958329220656,226.1461251721589,1.0,115.8118663468068,237.20873652077137,1.0,143.19707187658815,234.07390181338369,1.0,138.2063704977932,267.6500712367461,1.0,132.65091231179082,290.3283725577811,1.0,149.30055280132294,312.98359720583363,1.0,108.27544012224268,275.00534046619924,1.0,179.0645467987688,289.2869927770004,1.0,201.82024902336772,273.7163996180265,1.0,187.36939358647936,361.5346730607432,1.0,256.40298702511484,297.23531086368587,1.0,186.86873803239632,425.99461945009455,1.0,256.111293677914,311.5656204794327,1.0,179.4129104939962,432.6503093049919,1.0,175.60894558586884,435.2073890127182,1.0,189.37292220315504,435.400196641504,1.0,248.13562122571992,337.04908809541206,1.0,252.81027415097088,329.2027511910901,1.0,244.95553259171305,323.02802295849176,1.0,1.0,3.583333333333333,105.96958329220656,226.1461251721589,False,115.8118663468068,237.20873652077137,False,143.19707187658815,234.07390181338369,False,138.2063704977932,267.6500712367461,False,132.65091231179082,290.3283725577811,False,149.30055280132294,312.98359720583363,False,108.27544012224268,275.00534046619924,False,179.0645467987688,289.2869927770004,False,201.82024902336772,273.7163996180265,False,187.36939358647936,361.5346730607432,False,256.40298702511484,297.23531086368587,False,186.86873803239632,425.99461945009455,False,256.111293677914,311.5656204794327,False,True
216,216,3.6,3.6,Sports2D_HALPE26_postprocessed,107.2888193440048,223.88877773551465,1.0,113.18868037031982,237.79923466911,1.0,144.08023367347295,234.5830123326741,1.0,135.875728707913,268.22994352468567,1.0,135.15230193797564,292.2779041619039,1.0,148.4802391807135,312.72751293131,1.0,112.44351922044108,274.09280575585444,1.0,179.1963405080309,291.40927561350577,1.0,201.54803390155752,275.5844781679348,1.0,186.99655570375884,361.0025676119522,1.0,256.09515577408257,289.5740872608787,1.0,186.8647933483044,425.6421742579206,1.0,256.17236995478703,312.87994870114846,1.0,179.7512031504137,433.0424875737583,1.0,175.99294571375475,435.51570447542457,1.0,189.39482399518133,435.38018116451866,1.0,248.08635524625984,337.87679904513146,1.0,252.8115643273241,330.4671262222611,1.0,245.605829308215,324.6627903422225,1.0,1.0,3.6,107.2888193440048,223.88877773551465,False,113.18868037031982,237.79923466911,False,144.08023367347295,234.5830123326741,False,135.875728707913,268.22994352468567,False,135.15230193797564,292.2779041619039,False,148.4802391807135,312.72751293131,False,112.44351922044108,274.09280575585444,False,179.1963405080309,291.40927561350577,False,201.54803390155752,275.5844781679348,False,186.99655570375884,361.0025676119522,False,256.09515577408257,289.5740872608787,False,186.8647933483044,425.6421742579206,False,256.17236995478703,312.87994870114846,False,True
217,217,3.616666666666666,3.616666666666666,Sports2D_HALPE26_postprocessed,108.02792031325298,223.2486902891048,1.0,112.21863905510205,238.535131852316,1.0,145.83725170810737,234.6857700067256,1.0,133.2441994013581,268.2789786333016,1.0,137.06647727898644,283.3873490410069,1.0,147.10220753756283,312.0457032275934,1.0,113.0026732178906,272.6428682097741,1.0,178.11963780465146,291.6202124934767,1.0,200.7971496325324,273.8683779542964,1.0,187.0606136201404,361.0222425427112,1.0,258.2928535456589,287.9940371986599,1.0,186.82456638193256,426.0749614765003,1.0,256.23347328494856,314.19333673846074,1.0,179.85581383731292,433.0496705918547,1.0,175.97550927041226,435.20760582822027,1.0,189.4796543818232,435.1687142309785,1.0,248.0370798315716,338.704069953701,1.0,252.8128548416641,331.7306398813167,1.0,246.2590197450212,326.295575841217,1.0,1.0,3.616666666666666,108.02792031325298,223.2486902891048,False,112.21863905510205,238.535131852316,False,145.83725170810737,234.6857700067256,False,133.2441994013581,268.2789786333016,False,137.06647727898644,283.3873490410069,False,147.10220753756283,312.0457032275934,False,113.0026732178906,272.6428682097741,False,178.11963780465146,291.6202124934767,False,200.7971496325324,273.8683779542964,False,187.0606136201404,361.0222425427112,False,258.2928535456589,287.9940371986599,False,186.82456638193256,426.0749614765003,False,256.23347328494856,314.19333673846074,False,True
218,218,3.633333333333333,3.633333333333333,Sports2D_HALPE26_postprocessed,108.66034077365808,221.26913277152704,1.0,111.4956552477569,238.04742217240263,1.0,145.27891727200617,233.5903427281872,1.0,130.6163001686767,268.415436440198,1.0,170.3454381862067,269.5374517371707,1.0,145.30275785104138,311.8213493500885,1.0,114.60841560610147,273.5109946691525,1.0,178.02777649689187,291.0976640995107,1.0,200.53904289995148,273.058952222054,1.0,186.86144437740472,360.94153810100505,1.0,257.60998836086543,284.5635304189581,1.0,186.87291992220003,425.9360881137736,1.0,256.2945980768288,315.5055657304541,1.0,179.72594094456474,432.9569352357797,1.0,175.98123410519335,435.28845969003606,1.0,189.499838821116,434.9536220177438,1.0,247.9877983331077,339.5308362526121,1.0,252.814145595933,332.9931008779525,1.0,246.9142639517716,327.92569421166274,1.0,1.0,3.633333333333333,108.66034077365808,221.26913277152704,False,111.4956552477569,238.04742217240263,False,145.27891727200617,233.5903427281872,False,130.6163001686767,268.415436440198,False,170.3454381862067,269.5374517371707,False,145.30275785104138,311.8213493500885,False,114.60841560610147,273.5109946691525,False,178.02777649689187,291.0976640995107,False,200.53904289995148,273.058952222054,False,186.86144437740472,360.94153810100505,False,257.60998836086543,284.5635304189581,False,186.87291992220003,425.9360881137736,False,256.2945980768288,315.5055657304541,False,True
219,219,3.65,3.65,Sports2D_HALPE26_postprocessed,109.29596010501996,220.1592523953221,1.0,110.09608404804663,238.07517121773392,1.0,145.12877049763512,232.6626038331068,1.0,128.41260361098048,268.9544024894491,1.0,173.2128050056145,267.26480552494064,1.0,143.2564075683036,311.5421581883122,1.0,115.00410816305012,272.6541285707856,1.0,177.97408263467912,290.2718989613751,1.0,200.89385074525023,272.3187283681268,1.0,186.8707532028293,360.15325976115474,1.0,256.8657017442913,282.5217566171153,1.0,186.95019815413832,425.8898078515945,1.0,256.355739019216,316.8163321737439,1.0,179.8808179526625,432.7015072481362,1.0,175.9470416750184,435.12432725125,1.0,189.38680037719624,434.883350218197,1.0,247.9385141849209,340.35701369171073,1.0,252.8154364920572,334.2542482709731,1.0,247.57101395628527,329.55208244695456,1.0,1.0,3.65,109.29596010501996,220.1592523953221,False,110.09608404804663,238.07517121773392,False,145.12877049763512,232.6626038331068,False,128.41260361098048,268.9544024894491,False,173.2128050056145,267.26480552494064,False,143.2564075683036,311.5421581883122,False,115.00410816305012,272.6541285707856,False,177.97408263467912,290.2718989613751,False,200.89385074525023,272.3187283681268,False,186.8707532028293,360.15325976115474,False,256.8657017442913,282.5217566171153,False,186.95019815413832,425.8898078515945,False,256.355739019216,316.8163321737439,False,True
220,220,3.6666666666666665,3.6666666666666665,Sports2D_HALPE26_postprocessed,108.814168913473,218.39279739648217,1.0,109.0247086450344,238.0461159832344,1.0,144.58461691317515,230.85032578712764,1.0,126.27809412036794,269.2582320208633,1.0,170.8633348351682,264.0623210699962,1.0,141.00863667833852,312.58402522520936,1.0,115.05870075821902,273.0610730612866,1.0,177.65476103065708,289.42799135617867,1.0,200.49303120868285,270.99844445853853,1.0,186.73423559197167,359.62894161019125,1.0,257.8949243950784,281.75532847012164,1.0,187.06191513337853,425.6665975073983,1.0,256.4168910818284,318.1252014884258,1.0,179.63254165975394,432.26014088668654,1.0,175.88913258272262,434.8974239231644,1.0,189.38756303735872,434.7909908050757,1.0,247.88923091646924,341.18249038944043,1.0,252.81672743265943,335.5137151860144,1.0,248.22889724590584,331.1729911051349,1.0,1.0,3.6666666666666665,108.814168913473,218.39279739648217,False,109.0247086450344,238.0461159832344,False,144.58461691317515,230.85032578712764,False,126.27809412036794,269.2582320208633,False,170.8633348351682,264.0623210699962,False,141.00863667833852,312.58402522520936,False,115.05870075821902,273.0610730612866,False,177.65476103065708,289.42799135617867,False,200.49303120868285,270.99844445853853,False,186.73423559197167,359.62894161019125,False,257.8949243950784,281.75532847012164,False,187.06191513337853,425.6665975073983,False,256.4168910818284,318.1252014884258,False,True
221,221,3.683333333333333,3.683333333333333,Sports2D_HALPE26_postprocessed,108.68422357031238,215.0006851296729,1.0,107.36371787738732,237.11513483292745,1.0,145.4706617070918,228.08375014132167,1.0,122.8844786380232,269.3685751309659,1.0,169.3943971721269,263.374926097357,1.0,139.4716295230763,312.5482012846832,1.0,144.7049040582806,277.4616700980725,1.0,177.00786011199804,287.75761315350445,1.0,199.35058469651185,269.2773532810494,1.0,187.0836882168,359.3765794130005,1.0,257.40848627113644,281.8686784768034,1.0,187.1852177277508,425.3892918323283,1.0,256.4780494749468,319.431527671216,1.0,179.30387475475086,431.72865304735,1.0,175.71827426009213,434.6922983180307,1.0,189.35334660981115,434.7543059143928,1.0,247.83995216892825,342.00711505961425,1.0,252.81801832064684,336.77096738928486,1.0,248.8876523567748,332.785309818727,1.0,1.0,3.683333333333333,108.68422357031238,215.0006851296729,False,107.36371787738732,237.11513483292745,False,145.4706617070918,228.08375014132167,False,122.8844786380232,269.3685751309659,False,169.3943971721269,263.374926097357,False,139.4716295230763,312.5482012846832,False,144.7049040582806,277.4616700980725,False,177.00786011199804,287.75761315350445,False,199.35058469651185,269.2773532810494,False,187.0836882168,359.3765794130005,False,257.40848627113644,281.8686784768034,False,187.1852177277508,425.3892918323283,False,256.4780494749468,319.431527671216,False,True
222,222,3.7,3.7,Sports2D_HALPE26_postprocessed,108.54080780441971,211.61808671537392,1.0,106.04874468417904,235.7145966550208,1.0,146.0770938263684,224.9862431879031,1.0,121.0592202214428,269.4815312580601,1.0,168.81876872341445,264.0421086634853,1.0,137.86061099918112,313.28730734576874,1.0,133.913882371299,282.32370000411834,1.0,176.6049529392731,286.70928216247086,1.0,198.34965108482652,267.3863765893799,1.0,186.97766644867653,358.53228547290377,1.0,257.02171556732685,282.2847268829616,1.0,187.3105670928027,425.1129139863589,1.0,256.5392096149895,320.73430583304673,1.0,179.03376925165364,431.5170831141895,1.0,175.72317186430865,434.5866705111806,1.0,189.4283941407429,434.7747081934557,1.0,247.7906817157672,342.8306790385393,1.0,252.8193090587626,338.0251936728172,1.0,249.54709120912392,334.38288728615896,1.0,1.0,3.7,108.54080780441971,211.61808671537392,False,106.04874468417904,235.7145966550208,False,146.0770938263684,224.9862431879031,False,121.0592202214428,269.4815312580601,False,168.81876872341445,264.0421086634853,False,137.86061099918112,313.28730734576874,False,133.913882371299,282.32370000411834,False,176.6049529392731,286.70928216247086,False,198.34965108482652,267.3863765893799,False,186.97766644867653,358.53228547290377,False,257.02171556732685,282.2847268829616,False,187.3105670928027,425.1129139863589,False,256.5392096149895,320.73430583304673,False,True
223,223,3.716666666666667,3.716666666666667,Sports2D_HALPE26_postprocessed,108.3212269561284,207.61496215803427,1.0,105.39878775678608,233.5082864984112,1.0,146.4651235182933,222.64427575223428,1.0,119.00990518496208,269.30247979840414,1.0,170.80719535468998,260.3919356140944,1.0,134.7982798582742,312.23224319080623,1.0,148.06984450618793,289.07891591023866,1.0,175.93640616840642,284.55605572835435,1.0,196.5635434020404,265.5235178882004,1.0,186.85885220284416,357.62796777358125,1.0,256.9130405557204,282.96028563982804,1.0,187.3377724905033,424.6010077190031,1.0,256.60036709695623,322.0318810276842,1.0,178.85650510420407,431.3133789274358,1.0,175.7363493002306,434.4128201003013,1.0,189.4450943630316,434.7677401894059,1.0,247.7414234875729,343.65288784006333,1.0,252.8205995491455,339.27509700546153,1.0,250.2070760215867,335.951494814692,1.0,1.0,3.716666666666667,108.3212269561284,207.61496215803427,False,105.39878775678608,233.5082864984112,False,146.4651235182933,222.64427575223428,False,119.00990518496208,269.30247979840414,False,170.80719535468998,260.3919356140944,False,134.7982798582742,312.23224319080623,False,148.06984450618793,289.07891591023866,False,175.93640616840642,284.55605572835435,False,196.5635434020404,265.5235178882004,False,186.85885220284416,357.62796777358125,False,256.9130405557204,282.96028563982804,False,187.3377724905033,424.6010077190031,False,256.60036709695623,322.0318810276842,False,True
224,224,3.733333333333333,3.733333333333333,Sports2D_HALPE26_postprocessed,109.37873864480493,205.0826206488433,1.0,104.99014779315414,231.3602677777024,1.0,147.01110593555703,219.664531403419,1.0,118.04588115832368,269.7647125960593,1.0,170.96656943852366,266.2278589711592,1.0,132.72367413461538,312.567739564303,1.0,135.51762790122115,289.739941676355,1.0,175.60231207486837,282.59663824500933,1.0,195.0053797910972,263.88051715170303,1.0,186.3535070225196,356.93416512113674,1.0,255.5591367846692,284.19113876865777,1.0,187.4128057868112,424.2691315433211,1.0,256.6615176736144,323.3213162335571,1.0,178.71943584037632,431.4033601796148,1.0,175.9514073796904,434.3756391345287,1.0,189.4861854852053,434.6805515411492,1.0,247.69218160120408,344.4733141747461,1.0,252.82188969290883,340.51846187745423,1.0,250.867504575028,337.44965907628193,1.0,1.0,3.733333333333333,109.37873864480493,205.0826206488433,False,104.99014779315414,231.3602677777024,False,147.01110593555703,219.664531403419,False,118.04588115832368,269.7647125960593,False,170.96656943852366,266.2278589711592,False,132.72367413461538,312.567739564303,False,135.51762790122115,289.739941676355,False,175.60231207486837,282.59663824500933,False,195.0053797910972,263.88051715170303,False,186.3535070225196,356.93416512113674,False,255.5591367846692,284.19113876865777,False,187.4128057868112,424.2691315433211,False,256.6615176736144,323.3213162335571,False,True
225,225,3.75,3.75,Sports2D_HALPE26_postprocessed,109.4560240576218,202.44402450898872,1.0,103.74800669383676,229.7078355998431,1.0,147.18207516882325,217.14477940724888,1.0,116.45940171384224,269.08963612491976,1.0,171.16639399116224,256.6860802192701,1.0,129.64965382528075,310.9200995515735,1.0,144.0834952378055,290.6303381743581,1.0,175.21856663887618,282.1647592465397,1.0,194.42671099649635,263.49185000377804,1.0,186.2022058463789,356.43772462832663,1.0,253.87560165952337,285.4971647329429,1.0,187.44532415581656,424.1004271661338,1.0,256.7226572414417,324.5968330973982,1.0,179.12590307835325,431.4934305597207,1.0,176.09257666374657,434.2141434766272,1.0,189.38780121652752,434.2971306968101,1.0,247.6429603935008,345.29131631153734,1.0,252.82317938974867,341.751152637071,1.0,251.52830045885608,338.7309750518888,1.0,1.0,3.75,109.4560240576218,202.44402450898872,False,103.74800669383676,229.7078355998431,False,147.18207516882325,217.14477940724888,False,116.45940171384224,269.08963612491976,False,171.16639399116224,256.6860802192701,False,129.64965382528075,310.9200995515735,False,144.0834952378055,290.6303381743581,False,175.21856663887618,282.1647592465397,False,194.42671099649635,263.49185000377804,False,186.2022058463789,356.43772462832663,False,253.87560165952337,285.4971647329429,False,187.44532415581656,424.1004271661338,False,256.7226572414417,324.5968330973982,False,True
226,226,3.7666666666666666,3.7666666666666666,Sports2D_HALPE26_postprocessed,109.24896330512983,199.96945627615867,1.0,102.95928095854087,227.11641469111325,1.0,147.3072120419304,214.79042724809315,1.0,115.0343704321702,267.83875320973186,1.0,171.43772952579798,253.215820703266,1.0,128.0885945624336,310.6400830489721,1.0,148.1268723254628,290.4563912109709,1.0,174.29418801309643,280.435455797432,1.0,193.3023554970055,262.88833501516297,1.0,185.6339249316948,355.6107921540715,1.0,251.0273137651405,286.291575342149,1.0,187.3675120294584,423.8057360517087,1.0,256.78378183348303,325.8451998093925,1.0,179.15984192086097,431.5355635109215,1.0,176.0432562076166,434.2547471776367,1.0,189.4710382513731,433.94379633539575,1.0,247.5937644599463,346.10588721522504,1.0,252.82446853759407,342.9644032459779,1.0,252.18940639529777,340.1657124552137,1.0,1.0,3.7666666666666666,109.24896330512983,199.96945627615867,False,102.95928095854087,227.11641469111325,False,147.3072120419304,214.79042724809315,False,115.0343704321702,267.83875320973186,False,171.43772952579798,253.215820703266,False,128.0885945624336,310.6400830489721,False,148.1268723254628,290.4563912109709,False,174.29418801309643,280.435455797432,False,193.3023554970055,262.88833501516297,False,185.6339249316948,355.6107921540715,False,251.0273137651405,286.291575342149,False,187.3675120294584,423.8057360517087,False,256.78378183348303,325.8451998093925,False,True
227,227,3.783333333333333,3.783333333333333,Sports2D_HALPE26_postprocessed,110.176608620506,197.24737556709792,1.0,102.30946519683182,225.13541272514027,1.0,147.55580145164382,212.66977562503808,1.0,114.37112027280529,266.3928891344112,1.0,170.92958401395848,250.54822269977723,1.0,125.87697041554551,309.97684129480047,1.0,153.26713878771417,286.8971276016011,1.0,174.0822614590516,280.65900928572245,1.0,193.72113902201343,263.0775120042671,1.0,185.1271105852459,355.12419387418214,1.0,247.6005655330814,287.7002947585427,1.0,187.22814744730093,423.8876142540589,1.0,256.84488761937723,327.02833230216925,1.0,178.27604993386188,431.5754968805761,1.0,176.06308053996202,434.3871617826068,1.0,189.4510410471088,434.00670855685297,1.0,247.54459869887947,346.9153536029685,1.0,252.8257570323116,344.13560825834986,1.0,252.85077952257848,342.2291477132542,1.0,1.0,3.783333333333333,110.176608620506,197.24737556709792,False,102.30946519683182,225.13541272514027,False,147.55580145164382,212.66977562503808,False,114.37112027280529,266.3928891344112,False,170.92958401395848,250.54822269977723,False,125.87697041554551,309.97684129480047,False,153.26713878771417,286.8971276016011,False,174.0822614590516,280.65900928572245,False,193.72113902201343,263.0775120042671,False,185.1271105852459,355.12419387418214,False,247.6005655330814,287.7002947585427,False,187.22814744730093,423.8876142540589,False,256.84488761937723,327.02833230216925,False,True
228,228,3.8,3.8,Sports2D_HALPE26_postprocessed,110.41065300913186,193.5579634256086,1.0,102.07120400752932,223.4147582562136,1.0,147.5855502125686,210.0170513212873,1.0,113.97455293851569,265.62943725753206,1.0,171.15363218900404,246.1632933701392,1.0,123.51401135995674,309.8176144330378,1.0,161.49919229090742,284.5298840361738,1.0,174.4695731631767,280.71422088738865,1.0,193.94884883635905,263.2532349886769,1.0,184.5021028562356,354.3625262262205,1.0,240.8409217107924,289.0837300671505,1.0,187.07227905913453,423.4765389800142,1.0,256.9059709128532,328.01116393292966,1.0,178.44936932069524,431.6022546402776,1.0,176.11900215207572,434.4551975766702,1.0,189.53260894172777,433.6964594414823,1.0,247.49546836210865,347.71671339932675,1.0,252.82704476747583,345.18659849425,1.0,253.5123879585624,344.0815590328525,1.0,1.0,3.8,110.41065300913186,193.5579634256086,False,102.07120400752932,223.4147582562136,False,147.5855502125686,210.0170513212873,False,113.97455293851569,265.62943725753206,False,171.15363218900404,246.1632933701392,False,123.51401135995674,309.8176144330378,False,161.49919229090742,284.5298840361738,False,174.4695731631767,280.71422088738865,False,193.94884883635905,263.2532349886769,False,184.5021028562356,354.3625262262205,False,240.8409217107924,289.0837300671505,False,187.07227905913453,423.4765389800142,False,256.9059709128532,328.01116393292966,False,True
229,229,3.8166666666666655,3.8166666666666655,Sports2D_HALPE26_postprocessed,109.6661222977024,190.7305983092426,1.0,102.1141846281757,221.0124570588784,1.0,147.68636668825786,207.5018242041096,1.0,113.00882192380548,265.5112285949126,1.0,171.02692539548022,242.178622516192,1.0,122.0907022672656,310.1617886291425,1.0,170.8316014201255,284.5479627376536,1.0,174.03719057987516,279.21746288682715,1.0,193.7524205364088,262.3779315953934,1.0,183.6244112318503,353.86903196400704,1.0,237.72630225182235,290.4074740178065,1.0,187.02436436905376,423.6459643995527,1.0,256.9670281852823,329.2153663554105,1.0,178.76172235697473,431.5645217918948,1.0,176.1463701655689,434.380380046645,1.0,189.6065348123737,433.6679530397863,1.0,247.4463791130584,348.5039686734086,1.0,252.82833163418096,345.8041075222536,1.0,254.17420822316487,345.8094908343349,1.0,1.0,3.8166666666666655,109.6661222977024,190.7305983092426,False,102.1141846281757,221.0124570588784,False,147.68636668825786,207.5018242041096,False,113.00882192380548,265.5112285949126,False,171.02692539548022,242.178622516192,False,122.0907022672656,310.1617886291425,False,170.8316014201255,284.5479627376536,False,174.03719057987516,279.21746288682715,False,193.7524205364088,262.3779315953934,False,183.6244112318503,353.86903196400704,False,237.72630225182235,290.4074740178065,False,187.02436436905376,423.6459643995527,False,256.9670281852823,329.2153663554105,False,True
230,230,3.8333333333333335,3.8333333333333335,Sports2D_HALPE26_postprocessed,109.40312943204374,186.9726446799621,1.0,102.00420887797256,218.80866800283871,1.0,147.8245087394773,205.9091719013597,1.0,111.56653894428686,264.4633080095793,1.0,170.5031007209674,240.0965161317968,1.0,120.24271469983066,310.27549417231296,1.0,172.80727036100606,284.38429144130333,1.0,172.8789822848608,277.5454312042116,1.0,193.13404134008616,261.5696814522439,1.0,182.40150509596748,353.2913382462951,1.0,235.05052700126487,293.09532147811666,1.0,186.94020323252937,423.3545569739045,1.0,257.0280559885548,330.869649521552,1.0,178.85314076324,431.55533880426526,1.0,176.1415264320708,434.3305038738312,1.0,189.54185059246765,433.4060284745135,1.0,247.3973370915968,349.263047852228,1.0,252.82961751837016,347.5932677483944,1.0,254.83622324981607,347.4935897598276,1.0,1.0,3.8333333333333335,109.40312943204374,186.9726446799621,False,102.00420887797256,218.80866800283871,False,147.8245087394773,205.9091719013597,False,111.56653894428686,264.4633080095793,False,170.5031007209674,240.0965161317968,False,120.24271469983066,310.27549417231296,False,172.80727036100606,284.38429144130333,False,172.8789822848608,277.5454312042116,False,193.13404134008616,261.5696814522439,False,182.40150509596748,353.2913382462951,False,235.05052700126487,293.09532147811666,False,186.94020323252937,423.3545569739045,False,257.0280559885548,330.869649521552,False,True
231,231,3.85,3.85,Sports2D_HALPE26_postprocessed,109.50418635701196,184.87069944728933,1.0,101.98944495513804,217.1381950589928,1.0,148.01157485747325,203.3265921805543,1.0,110.4424349224438,263.74499859774755,1.0,169.81142136898993,238.3742823555621,1.0,118.34149850514288,310.20837175091134,1.0,170.38502201152005,283.1297608416085,1.0,171.9500994845773,276.8220511303314,1.0,192.18733158833044,260.90514326771347,1.0,181.5797009501688,352.3706467048452,1.0,229.12584892676568,295.2116452713217,1.0,186.94217427746744,423.16517176688336,1.0,257.0890448952453,332.3706659688783,1.0,178.72288343295423,431.653668741946,1.0,176.00826111099957,434.3148037533865,1.0,189.65529770678307,433.3417079376634,1.0,247.3483488276028,349.95168362716095,1.0,252.8309021306441,349.15293993418254,1.0,255.4984206542984,349.16101936943795,1.0,1.0,3.85,109.50418635701196,184.87069944728933,False,101.98944495513804,217.1381950589928,False,148.01157485747325,203.3265921805543,False,110.4424349224438,263.74499859774755,False,169.81142136898993,238.3742823555621,False,118.34149850514288,310.20837175091134,False,170.38502201152005,283.1297608416085,False,171.9500994845773,276.8220511303314,False,192.18733158833044,260.90514326771347,False,181.5797009501688,352.3706467048452,False,229.12584892676568,295.2116452713217,False,186.94217427746744,423.16517176688336,False,257.0890448952453,332.3706659688783,False,True
232,232,3.866666666666666,3.866666666666666,Sports2D_HALPE26_postprocessed,109.51230050045184,182.7826751749272,1.0,101.86220108866326,215.61092245213715,1.0,148.0413556110929,201.69376193728544,1.0,109.35872906663695,262.86765702999054,1.0,168.8792559818966,237.7009531682209,1.0,116.71550560289036,309.5067415685488,1.0,168.80607005897798,283.00646237268336,1.0,171.32643206231393,276.0924024822338,1.0,191.62291137161856,260.0899804163057,1.0,181.01292951562831,351.69717163626547,1.0,222.7093683839027,296.63682160624603,1.0,186.92318054374567,422.7421302709984,1.0,257.1495732533793,333.7748725266613,1.0,178.6822414880149,431.6083003482207,1.0,175.9735875381986,434.3273157933489,1.0,189.71746754172847,433.3014104181637,1.0,247.29940940868732,350.40960763138645,1.0,252.8321728348949,350.53193090188785,1.0,256.1607810265583,350.8205649628006,1.0,1.0,3.866666666666666,109.51230050045184,182.7826751749272,False,101.86220108866326,215.61092245213715,False,148.0413556110929,201.69376193728544,False,109.35872906663695,262.86765702999054,False,168.8792559818966,237.7009531682209,False,116.71550560289036,309.5067415685488,False,168.80607005897798,283.00646237268336,False,171.32643206231393,276.0924024822338,False,191.62291137161856,260.0899804163057,False,181.01292951562831,351.69717163626547,False,222.7093683839027,296.63682160624603,False,186.92318054374567,422.7421302709984,False,257.1495732533793,333.7748725266613,False,True
233,233,3.883333333333333,3.883333333333333,Sports2D_HALPE26_postprocessed,110.32043567713136,180.40922057325668,1.0,101.59501410910472,214.0628972658473,1.0,147.93913758447425,199.91573864537887,1.0,108.86592262455844,262.003376865077,1.0,168.37502174099333,236.32120804939828,1.0,114.56684730645688,309.2950751626045,1.0,165.2528799816671,279.3165471400565,1.0,170.3261792017891,275.41873291400134,1.0,190.50427842988432,259.6235803662508,1.0,180.12155640103168,351.16637215591123,1.0,215.32331575861,299.22636281308587,1.0,186.77342309937643,421.91832623898006,1.0,257.17893102469185,335.40965181998934,1.0,178.7160228591331,431.5957544785707,1.0,176.10393585391142,434.3543363491033,1.0,189.78636541661032,433.031155386675,1.0,247.2495537551138,351.433170107,1.0,252.8324458706097,351.85473333935306,1.0,256.822547040813,352.4804582205162,1.0,1.0,3.883333333333333,110.32043567713136,180.40922057325668,False,101.59501410910472,214.0628972658473,False,147.93913758447425,199.91573864537887,False,108.86592262455844,262.003376865077,False,168.37502174099333,236.32120804939828,False,114.56684730645688,309.2950751626045,False,165.2528799816671,279.3165471400565,False,170.3261792017891,275.41873291400134,False,190.50427842988432,259.6235803662508,False,180.12155640103168,351.16637215591123,False,215.32331575861,299.22636281308587,False,186.77342309937643,421.91832623898006,False,257.17893102469185,335.40965181998934,False,True
234,234,3.9,3.9,Sports2D_HALPE26_postprocessed,110.7708073306374,178.72775780587082,1.0,101.66064638644204,212.74370604477056,1.0,147.94465741151535,197.98043961939987,1.0,108.06752911792856,262.0066897450505,1.0,167.96713025723182,234.3275213981322,1.0,112.74092263664252,309.17450682465085,1.0,164.32762487929656,276.8800032481314,1.0,169.27320755832517,275.10419750207683,1.0,190.3583783537096,260.13255726079643,1.0,179.13261857052325,350.8456231801436,1.0,211.9310281879698,303.0348175660422,1.0,186.67202988598143,421.0020193493588,1.0,254.69437824609463,349.04916184988406,1.0,179.14430932453794,431.4968269034897,1.0,176.08250133621985,434.3436527322641,1.0,189.7785911182989,432.439961252913,1.0,247.113693614884,352.7417642313773,1.0,252.74652659921145,353.41788940625725,1.0,257.42560145246983,354.3273299029844,1.0,1.0,3.9,110.7708073306374,178.72775780587082,False,101.66064638644204,212.74370604477056,False,147.94465741151535,197.98043961939987,False,108.06752911792856,262.0066897450505,False,167.96713025723182,234.3275213981322,False,112.74092263664252,309.17450682465085,False,164.32762487929656,276.8800032481314,False,169.27320755832517,275.10419750207683,False,190.3583783537096,260.13255726079643,False,179.13261857052325,350.8456231801436,False,211.9310281879698,303.0348175660422,False,186.67202988598143,421.0020193493588,False,254.69437824609463,349.04916184988406,False,True
235,235,3.9166666666666665,3.9166666666666665,Sports2D_HALPE26_postprocessed,111.97102120126692,176.26569693147297,1.0,101.4622063182012,212.2116885275311,1.0,148.54335723956652,196.42511935364703,1.0,107.71052475649132,261.4644438605552,1.0,167.06440875952202,231.77937553637065,1.0,110.57610619217157,308.6850081286533,1.0,161.48837185750665,274.0177814321732,1.0,168.30151694961623,274.35614205839863,1.0,190.7323770080401,260.1204783466291,1.0,178.24000230455758,350.5110877511545,1.0,206.08365572558287,305.3610004603159,1.0,186.6619002983015,420.0738948489836,1.0,242.08386516753163,357.2792464935095,1.0,179.44516657064096,431.50428005375886,1.0,175.78931366738948,434.42190053474326,1.0,189.59197464828785,432.10786272113273,1.0,238.6987539660433,364.82431356522,1.0,244.44590061380407,365.4257990844463,1.0,252.9802135147781,363.75735846842696,1.0,1.0,3.9166666666666665,111.97102120126692,176.26569693147297,False,101.4622063182012,212.2116885275311,False,148.54335723956652,196.42511935364703,False,107.71052475649132,261.4644438605552,False,167.06440875952202,231.77937553637065,False,110.57610619217157,308.6850081286533,False,161.48837185750665,274.0177814321732,False,168.30151694961623,274.35614205839863,False,190.7323770080401,260.1204783466291,False,178.24000230455758,350.5110877511545,False,206.08365572558287,305.3610004603159,False,186.6619002983015,420.0738948489836,False,242.08386516753163,357.2792464935095,False,True
236,236,3.933333333333333,3.933333333333333,Sports2D_HALPE26_postprocessed,114.52802738343767,173.67388695309145,1.0,101.24028234084976,211.1686584799669,1.0,150.29888669084184,194.6952934510268,1.0,107.2642728639809,260.7212636826744,1.0,169.14908003142472,230.13959466900525,1.0,108.3083810836351,307.82705794618505,1.0,161.3282514090916,273.0540760102141,1.0,167.46242780583992,274.53567415498026,1.0,189.8445216216392,260.8227879951248,1.0,177.85002350513912,350.89034604871205,1.0,201.24229606583268,310.2442075858367,1.0,186.74311995856092,420.35368857989175,1.0,227.4002598194976,364.245485207006,1.0,176.99662657435118,432.1387907574229,1.0,175.17691653362627,434.854436929125,1.0,189.37579772391712,431.93711348987,1.0,221.866257685113,374.1586125918157,1.0,229.03153242408243,372.4365404708271,1.0,232.5351951169868,372.6950414833345,1.0,1.0,3.933333333333333,114.52802738343767,173.67388695309145,False,101.24028234084976,211.1686584799669,False,150.29888669084184,194.6952934510268,False,107.2642728639809,260.7212636826744,False,169.14908003142472,230.13959466900525,False,108.3083810836351,307.82705794618505,False,161.3282514090916,273.0540760102141,False,167.46242780583992,274.53567415498026,False,189.8445216216392,260.8227879951248,False,177.85002350513912,350.89034604871205,False,201.24229606583268,310.2442075858367,False,186.74311995856092,420.35368857989175,False,227.4002598194976,364.245485207006,False,True
237,237,3.95,3.95,Sports2D_HALPE26_postprocessed,115.34532386407976,172.7922909339369,1.0,101.2996389946099,209.78750736996565,1.0,151.34611769279172,193.31818302402263,1.0,106.01139286341578,258.70042840635074,1.0,173.04991572761372,227.38769501848412,1.0,105.96860739220573,305.83455614127485,1.0,150.39722662466545,255.3150342517135,1.0,166.73147301926042,273.90617341149084,1.0,187.9493915611303,261.6923363671236,1.0,176.79112943722723,351.01682313237256,1.0,195.84243665944248,314.55574986610645,1.0,186.6889879506584,420.1904074937525,1.0,212.79085865146223,369.83567942152274,1.0,175.4595179559674,432.9698726773149,1.0,174.64497217552994,434.9768123902189,1.0,188.7063002237251,431.7542684685609,1.0,205.16712434534705,383.2302456034487,1.0,214.6813954596887,382.4905814387566,1.0,216.6992043671264,378.40632611077547,1.0,1.0,3.95,115.34532386407976,172.7922909339369,False,101.2996389946099,209.78750736996565,False,151.34611769279172,193.31818302402263,False,106.01139286341578,258.70042840635074,False,173.04991572761372,227.38769501848412,False,105.96860739220573,305.83455614127485,False,150.39722662466545,255.3150342517135,False,166.73147301926042,273.90617341149084,False,187.9493915611303,261.6923363671236,False,176.79112943722723,351.01682313237256,False,195.84243665944248,314.55574986610645,False,186.6889879506584,420.1904074937525,False,212.79085865146223,369.83567942152274,False,True
238,238,3.966666666666667,3.966666666666667,Sports2D_HALPE26_postprocessed,115.43942299322704,171.36195069428413,1.0,101.51625817230988,209.3900373065432,1.0,151.60905137796163,192.49426223201075,1.0,105.13591064144543,258.0872066662351,1.0,175.31508757186455,225.84366046038969,1.0,103.27778903927752,305.57417124452746,1.0,152.84171609221715,249.98925193331303,1.0,165.87266738916546,274.03063047410666,1.0,187.0209211408813,262.27519757269226,1.0,175.52965177725622,350.63063693902603,1.0,189.34538238729013,313.44706206679865,1.0,186.6349043582506,420.4633800804965,1.0,199.07900741822664,373.04513020587416,1.0,176.42370491798005,433.0320639627388,1.0,174.85103267914417,435.0730802487856,1.0,188.54410909089623,432.1242309207736,1.0,185.6045296483036,389.936237472297,1.0,192.44426464921543,383.64480277566514,1.0,204.80309651381904,381.7534946514738,1.0,1.0,3.966666666666667,115.43942299322704,171.36195069428413,False,101.51625817230988,209.3900373065432,False,151.60905137796163,192.49426223201075,False,105.13591064144543,258.0872066662351,False,175.31508757186455,225.84366046038969,False,103.27778903927752,305.57417124452746,False,152.84171609221715,249.98925193331303,False,165.87266738916546,274.03063047410666,False,187.0209211408813,262.27519757269226,False,175.52965177725622,350.63063693902603,False,189.34538238729013,313.44706206679865,False,186.6349043582506,420.4633800804965,False,199.07900741822664,373.04513020587416,False,True
239,239,3.983333333333333,3.983333333333333,Sports2D_HALPE26_postprocessed,115.69210340920742,170.475959926865,1.0,101.96717059590983,208.98035241437915,1.0,152.10395474515573,191.7729073254972,1.0,104.19517149143594,257.86769465377745,1.0,177.06914921938687,225.5428836289098,1.0,101.72527451487522,303.6360048034759,1.0,152.5774047406842,234.62634114745464,1.0,165.5574380446371,275.01477813950225,1.0,186.0187479954503,263.2131121204318,1.0,174.95109261373136,350.94259898593464,1.0,182.01873576091364,313.3280598886316,1.0,186.59360171217665,420.0846493315548,1.0,186.4816922727533,375.4703480342181,1.0,176.3875302383477,432.98190087741887,1.0,174.87035718181951,435.3020540673607,1.0,188.69975034263777,432.48269258518,1.0,164.86972000923024,394.7994931997994,1.0,174.44599984389208,384.98006276812754,1.0,189.8703289405652,385.9047859074418,1.0,1.0,3.983333333333333,115.69210340920742,170.475959926865,False,101.96717059590983,208.98035241437915,False,152.10395474515573,191.7729073254972,False,104.19517149143594,257.86769465377745,False,177.06914921938687,225.5428836289098,False,101.72527451487522,303.6360048034759,False,152.5774047406842,234.62634114745464,False,165.5574380446371,275.01477813950225,False,186.0187479954503,263.2131121204318,False,174.95109261373136,350.94259898593464,False,182.01873576091364,313.3280598886316,False,186.59360171217665,420.0846493315548,False,186.4816922727533,375.4703480342181,False,True
240,240,4.0,4.0,Sports2D_HALPE26_postprocessed,115.71822228776728,168.31345115262397,1.0,102.37548959886,208.7117724904509,1.0,152.5720737314349,190.8849696754708,1.0,103.536288881467,257.7274084620644,1.0,177.66499341839278,226.329387050944,1.0,99.67595251791954,302.94563737112054,1.0,154.97338904850506,234.717767662638,1.0,163.8932928941313,277.73783708414845,1.0,185.1246935629819,267.31902357751625,1.0,176.10619984989825,351.72475394920656,1.0,173.5549342989403,320.18735652011964,1.0,186.5699051234224,420.17813184448886,1.0,176.80535116844922,378.1672112206832,1.0,176.9678637948616,433.2161567565366,1.0,174.6211756635903,435.091354344393,1.0,188.79425414871736,432.1129952619164,1.0,159.1994204826481,390.5771231207029,1.0,164.16227090250015,383.7353148583079,1.0,177.33735904297652,385.6119366442149,1.0,1.0,4.0,115.71822228776728,168.31345115262397,False,102.37548959886,208.7117724904509,False,152.5720737314349,190.8849696754708,False,103.536288881467,257.7274084620644,False,177.66499341839278,226.329387050944,False,99.67595251791954,302.94563737112054,False,154.97338904850506,234.717767662638,False,163.8932928941313,277.73783708414845,False,185.1246935629819,267.31902357751625,False,176.10619984989825,351.72475394920656,False,173.5549342989403,320.18735652011964,False,186.5699051234224,420.17813184448886,False,176.80535116844922,378.1672112206832,False,True
241,241,4.016666666666667,4.016666666666667,Sports2D_HALPE26_postprocessed,115.81642654805702,167.06487304216637,1.0,102.63108610489216,208.317093544159,1.0,152.985557231003,190.9333152594686,1.0,102.812461585051,257.15092208634644,1.0,176.88083410014957,227.7367844274777,1.0,97.96717358835107,301.4663158112918,1.0,151.54109583418773,230.9418164929766,1.0,162.78538964365487,279.1693165840538,1.0,183.23407010980569,267.50991117690035,1.0,175.79930926517443,351.9194069225572,1.0,170.78531947568416,323.6525775318973,1.0,186.54268769796784,419.3377420264774,1.0,166.01439911916333,379.6615155948961,1.0,177.0797180150025,432.97968628267904,1.0,173.07021568658675,434.9950438292459,1.0,188.61753856980525,431.8485597238973,1.0,144.62862650967276,392.2428968728653,1.0,151.882010391191,387.3334546620814,1.0,166.98010993526586,388.8233620968172,1.0,1.0,4.016666666666667,115.81642654805702,167.06487304216637,False,102.63108610489216,208.317093544159,False,152.985557231003,190.9333152594686,False,102.812461585051,257.15092208634644,False,176.88083410014957,227.7367844274777,False,97.96717358835107,301.4663158112918,False,151.54109583418773,230.9418164929766,False,162.78538964365487,279.1693165840538,False,183.23407010980569,267.50991117690035,False,175.79930926517443,351.9194069225572,False,170.78531947568416,323.6525775318973,False,186.54268769796784,419.3377420264774,False,166.01439911916333,379.6615155948961,False,True
242,242,4.033333333333333,4.033333333333333,Sports2D_HALPE26_postprocessed,115.5837315831552,166.76744008813668,1.0,102.94299949644382,207.55269318603737,1.0,153.53639160944417,191.086318030356,1.0,101.51049616084468,257.2245509822612,1.0,176.89313845041556,227.68637806474425,1.0,95.685849232629,300.6629673895275,1.0,149.4324232520977,231.97410930600708,1.0,162.36737754576814,280.40200422835017,1.0,181.40043742789857,269.841590813482,1.0,174.67683278192305,352.1895984413059,1.0,163.35701159830805,326.5819095116967,1.0,186.60631084661176,419.6739906999045,1.0,154.96330684284837,381.928623332162,1.0,176.6774729052152,432.90847978614136,1.0,173.57245097751886,435.0352590874825,1.0,188.6323909221608,431.6508148697261,1.0,132.01223205332033,393.5454034843155,1.0,138.4341026276593,389.6285697846527,1.0,156.4439820701955,391.19460276307296,1.0,1.0,4.033333333333333,115.5837315831552,166.76744008813668,False,102.94299949644382,207.55269318603737,False,153.53639160944417,191.086318030356,False,101.51049616084468,257.2245509822612,False,176.89313845041556,227.68637806474425,False,95.685849232629,300.6629673895275,False,149.4324232520977,231.97410930600708,False,162.36737754576814,280.40200422835017,False,181.40043742789857,269.841590813482,False,174.67683278192305,352.1895984413059,False,163.35701159830805,326.5819095116967,False,186.60631084661176,419.6739906999045,False,154.96330684284837,381.928623332162,False,True
243,243,4.05,4.05,Sports2D_HALPE26_postprocessed,115.5213326528351,166.87951321728946,1.0,103.29646378270772,206.78894684977453,1.0,153.8774917757043,191.28246448062225,1.0,99.95822413159344,257.03960200492816,1.0,176.06406890339576,228.77607663401812,1.0,93.534838920104,300.0188950239316,1.0,147.54862517344696,233.27905189372905,1.0,161.36310183308905,282.0395812124708,1.0,178.087696438571,272.45471077469267,1.0,173.62942403748423,352.4898193465067,1.0,158.8493324508906,332.06039416094404,1.0,186.63046944207065,419.43916314236094,1.0,144.18169098007044,384.3452770477005,1.0,176.451882863501,432.7497013152382,1.0,174.32046723271912,435.1150033990783,1.0,188.631378439324,431.625229636841,1.0,117.82504678737746,394.1395019369505,1.0,127.55397491019816,390.70323059980586,1.0,147.09008798461278,394.5753754784428,1.0,1.0,4.05,115.5213326528351,166.87951321728946,False,103.29646378270772,206.78894684977453,False,153.8774917757043,191.28246448062225,False,99.95822413159344,257.03960200492816,False,176.06406890339576,228.77607663401812,False,93.534838920104,300.0188950239316,False,147.54862517344696,233.27905189372905,False,161.36310183308905,282.0395812124708,False,178.087696438571,272.45471077469267,False,173.62942403748423,352.4898193465067,False,158.8493324508906,332.06039416094404,False,186.63046944207065,419.43916314236094,False,144.18169098007044,384.3452770477005,False,True
244,244,4.066666666666666,4.066666666666666,Sports2D_HALPE26_postprocessed,115.5130010849883,166.70027964984976,1.0,103.88314117689517,205.7338616543573,1.0,153.64749263161167,191.26787861161665,1.0,98.88732054782774,256.12589155102773,1.0,175.61102450161627,229.29997143898964,1.0,90.57003148356796,298.7461954818071,1.0,147.87439347197295,235.5183916008756,1.0,159.5102849102369,282.515232897661,1.0,176.05356742837486,273.04972495820954,1.0,172.6910430311049,352.6884861941678,1.0,154.88225149343623,333.6024727888669,1.0,186.6669673265255,419.0044446657841,1.0,136.26752084163425,386.18903283775927,1.0,175.8189606944703,432.61589057208033,1.0,174.4795438573119,435.193734759924,1.0,188.6997224058096,431.55592223715865,1.0,108.4691657697148,395.8642234038856,1.0,117.68320373231846,392.4425262637904,1.0,139.2024240748368,397.3543908615269,1.0,1.0,4.066666666666666,115.5130010849883,166.70027964984976,False,103.88314117689517,205.7338616543573,False,153.64749263161167,191.26787861161665,False,98.88732054782774,256.12589155102773,False,175.61102450161627,229.29997143898964,False,90.57003148356796,298.7461954818071,False,147.87439347197295,235.5183916008756,False,159.5102849102369,282.515232897661,False,176.05356742837486,273.04972495820954,False,172.6910430311049,352.6884861941678,False,154.88225149343623,333.6024727888669,False,186.6669673265255,419.0044446657841,False,136.26752084163425,386.18903283775927,False,True
245,245,4.083333333333333,4.083333333333333,Sports2D_HALPE26_postprocessed,115.58916236180072,166.09393352822178,1.0,104.88816160668246,204.4326199653756,1.0,153.78994530831565,191.34178473819927,1.0,97.94496409179126,254.1220437064269,1.0,175.2968553485717,229.57840932842385,1.0,87.67664606927234,297.1053360712201,1.0,149.64387182121294,244.8831151402275,1.0,156.87166736480302,282.75963039234387,1.0,172.98909392050285,274.7698044135787,1.0,171.49696122986788,352.8446843957012,1.0,148.3195073762135,337.3927947534775,1.0,186.6098839066026,419.23658159567617,1.0,127.21690294846174,389.47003714166607,1.0,176.03273527395274,432.93865396062097,1.0,174.8337078559412,435.3181316285019,1.0,189.034670905482,431.5982415243469,1.0,101.1611112792482,397.8781256617506,1.0,107.11028823249904,394.4482396669236,1.0,130.10019393240873,400.3075200518695,1.0,1.0,4.083333333333333,115.58916236180072,166.09393352822178,False,104.88816160668246,204.4326199653756,False,153.78994530831565,191.34178473819927,False,97.94496409179126,254.1220437064269,False,175.2968553485717,229.57840932842385,False,87.67664606927234,297.1053360712201,False,149.64387182121294,244.8831151402275,False,156.87166736480302,282.75963039234387,False,172.98909392050285,274.7698044135787,False,171.49696122986788,352.8446843957012,False,148.3195073762135,337.3927947534775,False,186.6098839066026,419.23658159567617,False,127.21690294846174,389.47003714166607,False,True
246,246,4.1,4.1,Sports2D_HALPE26_postprocessed,116.64643068631858,164.96742001899037,1.0,105.4318587387821,203.61124341608223,1.0,154.26697756332788,191.59458064758576,1.0,96.75279768710811,253.21576373814736,1.0,174.35381710218124,230.9962056378699,1.0,84.9525083047245,295.37849431017656,1.0,149.50594286142044,246.3123159524376,1.0,155.41379307065466,282.31428484966176,1.0,171.50497866604533,274.7799563880921,1.0,170.59341026940268,353.1713640033048,1.0,143.55042303415073,336.6851685045924,1.0,186.4138707272816,419.0155868273976,1.0,121.92539568004749,390.8016988595017,1.0,175.20683171473993,433.3643752880034,1.0,175.3483961844719,435.2894653578172,1.0,189.3699003694924,431.6654753325381,1.0,94.47167830454228,400.9363144615581,1.0,100.9291902780239,397.52520616540255,1.0,123.39984683128394,403.0109484725094,1.0,1.0,4.1,116.64643068631858,164.96742001899037,False,105.4318587387821,203.61124341608223,False,154.26697756332788,191.59458064758576,False,96.75279768710811,253.21576373814736,False,174.35381710218124,230.9962056378699,False,84.9525083047245,295.37849431017656,False,149.50594286142044,246.3123159524376,False,155.41379307065466,282.31428484966176,False,171.50497866604533,274.7799563880921,False,170.59341026940268,353.1713640033048,False,143.55042303415073,336.6851685045924,False,186.4138707272816,419.0155868273976,False,121.92539568004749,390.8016988595017,False,True
247,247,4.116666666666666,4.116666666666666,Sports2D_HALPE26_postprocessed,115.84446408461704,165.36787764393898,1.0,106.1308966147778,202.64414682198085,1.0,154.1536570155061,191.6643101631377,1.0,95.94712311814268,252.08690128134504,1.0,173.67939740603776,231.59357767648177,1.0,82.22625563835635,293.71640076042496,1.0,148.87581334414637,247.5843355562966,1.0,152.7148091317757,282.1277765076169,1.0,168.31676090652002,274.8838350145655,1.0,168.45790855148982,353.31958702525685,1.0,138.79477518875555,339.552490124336,1.0,186.3605057641927,418.4134212332295,1.0,116.27774873398045,394.3899407893842,1.0,174.79965630530612,433.90638401725073,1.0,177.15035524258644,435.35750584642,1.0,189.6483372490841,431.55081337090223,1.0,88.33112793197547,404.2038376448666,1.0,96.18363404291146,401.24532578927455,1.0,117.72717036610156,407.5797826317146,1.0,1.0,4.116666666666666,115.84446408461704,165.36787764393898,False,106.1308966147778,202.64414682198085,False,154.1536570155061,191.6643101631377,False,95.94712311814268,252.08690128134504,False,173.67939740603776,231.59357767648177,False,82.22625563835635,293.71640076042496,False,148.87581334414637,247.5843355562966,False,152.7148091317757,282.1277765076169,False,168.31676090652002,274.8838350145655,False,168.45790855148982,353.31958702525685,False,138.79477518875555,339.552490124336,False,186.3605057641927,418.4134212332295,False,116.27774873398045,394.3899407893842,False,True
248,248,4.133333333333333,4.133333333333333,Sports2D_HALPE26_postprocessed,116.69952199961548,164.60934808268718,1.0,107.11135283690248,202.1433811767808,1.0,154.36175795746703,192.4754794250433,1.0,95.06923076539564,250.73295715117385,1.0,172.12088115283103,232.979466614168,1.0,79.39432764498368,291.9468173305709,1.0,148.4721324867328,248.33285626217065,1.0,149.59878755613698,282.1600116137722,1.0,164.75100809160526,276.184828027358,1.0,167.19604671950296,353.54417936434413,1.0,133.68571548352054,340.4274114409742,1.0,185.99103579822847,417.99411164895736,1.0,111.99973157383018,397.814456432613,1.0,175.23707353857444,434.0853293492156,1.0,179.01081040477214,435.4450567938725,1.0,190.3649134442018,431.5745613732952,1.0,83.92704812604963,409.5713364540268,1.0,91.43316264693668,406.6203725249723,1.0,113.4438589014393,411.5528039922075,1.0,1.0,4.133333333333333,116.69952199961548,164.60934808268718,False,107.11135283690248,202.1433811767808,False,154.36175795746703,192.4754794250433,False,95.06923076539564,250.73295715117385,False,172.12088115283103,232.979466614168,False,79.39432764498368,291.9468173305709,False,148.4721324867328,248.33285626217065,False,149.59878755613698,282.1600116137722,False,164.75100809160526,276.184828027358,False,167.19604671950296,353.54417936434413,False,133.68571548352054,340.4274114409742,False,185.99103579822847,417.99411164895736,False,111.99973157383018,397.814456432613,False,True
249,249,4.15,4.15,Sports2D_HALPE26_postprocessed,116.29039012466272,164.6012226835569,1.0,107.31337637340243,201.8563772603128,1.0,154.69348740203074,193.3814719008976,1.0,93.64889553490944,249.38176911358065,1.0,170.40947805337163,234.27752695175275,1.0,76.8621292388787,289.61161236088003,1.0,146.77707267490223,250.61246716142747,1.0,147.02122836797275,282.19270810934086,1.0,161.77744879879407,276.6359828991825,1.0,165.2477955320437,353.64808621690554,1.0,129.7169895595529,340.7301774187335,1.0,185.7981914884772,417.990946097531,1.0,107.97331285812083,400.46129558066417,1.0,175.06547288908124,434.2406647118215,1.0,179.3495722797878,435.5175502903525,1.0,190.88987665005104,431.6519572886117,1.0,79.98732242292839,414.27834853418256,1.0,87.84620297106939,411.3139019832001,1.0,109.41657925429772,414.6989937798545,1.0,1.0,4.15,116.29039012466272,164.6012226835569,False,107.31337637340243,201.8563772603128,False,154.69348740203074,193.3814719008976,False,93.64889553490944,249.38176911358065,False,170.40947805337163,234.27752695175275,False,76.8621292388787,289.61161236088003,False,146.77707267490223,250.61246716142747,False,147.02122836797275,282.19270810934086,False,161.77744879879407,276.6359828991825,False,165.2477955320437,353.64808621690554,False,129.7169895595529,340.7301774187335,False,185.7981914884772,417.990946097531,False,107.97331285812083,400.46129558066417,False,True
250,250,4.166666666666667,4.166666666666667,Sports2D_HALPE26_postprocessed,116.16834343365628,164.5749652879286,1.0,107.97721083511968,201.7952980921357,1.0,154.33558533641238,193.83713632008144,1.0,92.9902182911733,248.33797048619164,1.0,169.55163692341057,235.79809751130057,1.0,74.38559639206554,286.9564556660213,1.0,145.86995430555476,254.02395765811625,1.0,143.66790269427833,282.1791448775172,1.0,160.07984285015917,276.17803199354216,1.0,163.2196451713219,353.6110904948115,1.0,126.66884426944551,342.4376187919317,1.0,185.352612383077,417.9175049576722,1.0,104.37713393614752,403.35057719465874,1.0,175.73922283700028,434.4226297433916,1.0,180.52537078526083,435.4506811495913,1.0,190.6861377309346,431.65256860567314,1.0,77.82739953188911,420.15256428671705,1.0,84.25907483391535,417.2223794682946,1.0,105.97732552107333,418.0542146416926,1.0,1.0,4.166666666666667,116.16834343365628,164.5749652879286,False,107.97721083511968,201.7952980921357,False,154.33558533641238,193.83713632008144,False,92.9902182911733,248.33797048619164,False,169.55163692341057,235.79809751130057,False,74.38559639206554,286.9564556660213,False,145.86995430555476,254.02395765811625,False,143.66790269427833,282.1791448775172,False,160.07984285015917,276.17803199354216,False,163.2196451713219,353.6110904948115,False,126.66884426944551,342.4376187919317,False,185.352612383077,417.9175049576722,False,104.37713393614752,403.35057719465874,False,True
251,251,4.183333333333334,4.183333333333334,Sports2D_HALPE26_postprocessed,116.2568671252141,163.21750720375246,1.0,107.08223145975704,201.85324962400864,1.0,153.4661325325844,194.2808188810186,1.0,91.61794958175123,247.87208948697065,1.0,167.2945143528152,238.3189630149174,1.0,72.41049434089636,283.1133860339097,1.0,142.60595396125868,255.0035527613354,1.0,142.51502215514765,282.2083252086745,1.0,155.39962964450396,277.5205961592539,1.0,160.37808962209056,353.4961051765696,1.0,123.34780720004396,343.4568729536562,1.0,184.50094223346176,417.8300777049235,1.0,100.99686015532882,406.64292489731145,1.0,175.56359365575778,434.9629897798544,1.0,179.94459451819583,435.77282000670647,1.0,190.9786303774904,431.8188176175042,1.0,76.04503873844573,425.7297884353293,1.0,81.05896559139853,423.6477210430137,1.0,103.89502766837742,421.285019125668,1.0,1.0,4.183333333333334,116.2568671252141,163.21750720375246,False,107.08223145975704,201.85324962400864,False,153.4661325325844,194.2808188810186,False,91.61794958175123,247.87208948697065,False,167.2945143528152,238.3189630149174,False,72.41049434089636,283.1133860339097,False,142.60595396125868,255.0035527613354,False,142.51502215514765,282.2083252086745,False,155.39962964450396,277.5205961592539,False,160.37808962209056,353.4961051765696,False,123.34780720004396,343.4568729536562,False,184.50094223346176,417.8300777049235,False,100.99686015532882,406.64292489731145,False,True
252,252,4.2,4.2,Sports2D_HALPE26_postprocessed,117.0897329331019,162.2897329142044,1.0,106.8077537341286,202.0951120691958,1.0,153.0456376867208,194.8636206099671,1.0,90.0219437013872,248.1813754555692,1.0,164.89146398041726,241.2149007511046,1.0,69.81377074655845,281.01778044600644,1.0,138.3966605962267,257.1805637850043,1.0,139.24230330022618,282.5976782824964,1.0,152.36139070319987,279.3256830942901,1.0,158.40251538605992,353.81089380246226,1.0,121.22785985936092,345.1079331905641,1.0,184.008121252464,417.774312359823,1.0,99.10847191348604,409.0769043084794,1.0,175.2187420528934,435.59496358707554,1.0,179.91460829301596,436.1171852177884,1.0,191.15950254831608,432.0937955611858,1.0,75.48055598444694,430.8121477809095,1.0,79.96269390896775,428.6066048442192,1.0,101.82959970401652,422.9080376146858,1.0,1.0,4.2,117.0897329331019,162.2897329142044,False,106.8077537341286,202.0951120691958,False,153.0456376867208,194.8636206099671,False,90.0219437013872,248.1813754555692,False,164.89146398041726,241.2149007511046,False,69.81377074655845,281.01778044600644,False,138.3966605962267,257.1805637850043,False,139.24230330022618,282.5976782824964,False,152.36139070319987,279.3256830942901,False,158.40251538605992,353.81089380246226,False,121.22785985936092,345.1079331905641,False,184.008121252464,417.774312359823,False,99.10847191348604,409.0769043084794,False,True
253,253,4.216666666666667,4.216666666666667,Sports2D_HALPE26_postprocessed,116.4403486405942,162.2423986758231,1.0,106.4439380614918,202.36461509698185,1.0,151.48755500818797,195.4663944593706,1.0,88.14298055738712,248.37592183393977,1.0,162.85397574976176,242.94063820522487,1.0,67.38493001116775,278.4597106505638,1.0,137.0403382743123,257.81176203743814,1.0,136.7130081647407,282.7774175190161,1.0,147.9728420980657,279.9237786809895,1.0,155.94254412292315,354.17543432028253,1.0,118.3478819292104,346.6177876714423,1.0,183.487086229972,418.0047759874136,1.0,97.52666391240056,411.634142711273,1.0,174.37673665729298,435.4129337692212,1.0,179.1929130118114,436.00704884550464,1.0,190.8643768622173,432.28134887163526,1.0,75.31383353501673,430.7841299263149,1.0,78.16041298471751,429.27115853797113,1.0,99.72815903488032,425.9064601820169,1.0,1.0,4.216666666666667,116.4403486405942,162.2423986758231,False,106.4439380614918,202.36461509698185,False,151.48755500818797,195.4663944593706,False,88.14298055738712,248.37592183393977,False,162.85397574976176,242.94063820522487,False,67.38493001116775,278.4597106505638,False,137.0403382743123,257.81176203743814,False,136.7130081647407,282.7774175190161,False,147.9728420980657,279.9237786809895,False,155.94254412292315,354.17543432028253,False,118.3478819292104,346.6177876714423,False,183.487086229972,418.0047759874136,False,97.52666391240056,411.634142711273,False,True
254,254,4.233333333333333,4.233333333333333,Sports2D_HALPE26_postprocessed,116.0846083242945,162.20198794098926,1.0,106.31087643252624,202.11180721107763,1.0,150.18751915390146,196.340200889266,1.0,87.11443484045597,246.30634655559567,1.0,161.234718021501,244.3847731308771,1.0,65.3995587339075,274.81844965454343,1.0,135.05850714689993,262.6290482232071,1.0,133.72823337382823,282.5885789683132,1.0,144.0198010492678,280.1212674921392,1.0,152.97238320065523,354.323582377149,1.0,116.4490888093204,348.0955382858946,1.0,182.9381926419952,417.3155587047052,1.0,97.1534452561082,414.532467827044,1.0,174.08812228868788,435.2610249937611,1.0,179.3191723977937,436.09592135992574,1.0,190.48375294951487,432.57346778986926,1.0,75.32343083618227,431.3800734780249,1.0,77.11470142055396,429.9657217462102,1.0,99.43382252428616,429.033329571554,1.0,1.0,4.233333333333333,116.0846083242945,162.20198794098926,False,106.31087643252624,202.11180721107763,False,150.18751915390146,196.340200889266,False,87.11443484045597,246.30634655559567,False,161.234718021501,244.3847731308771,False,65.3995587339075,274.81844965454343,False,135.05850714689993,262.6290482232071,False,133.72823337382823,282.5885789683132,False,144.0198010492678,280.1212674921392,False,152.97238320065523,354.323582377149,False,116.4490888093204,348.0955382858946,False,182.9381926419952,417.3155587047052,False,97.1534452561082,414.532467827044,False,True
255,255,4.25,4.25,Sports2D_HALPE26_postprocessed,115.87712389676082,162.03088044918246,1.0,106.0268738279039,202.0148124465355,1.0,148.92309892775057,196.97246922605,1.0,86.15998816559112,244.97930088815872,1.0,158.66268736945528,245.18299510138496,1.0,63.11275321760304,273.92271806432126,1.0,133.12286588612304,264.52368187299135,1.0,129.7592944623229,282.4883350411425,1.0,140.8849577226916,280.14918368072466,1.0,149.37467133954425,354.45024487618593,1.0,115.44851451621514,349.68690808973486,1.0,182.1792827037457,416.76753689247687,1.0,96.68816217441422,416.7330170422695,1.0,173.82708385142743,435.031387706337,1.0,178.84028646250343,435.83564724641536,1.0,190.0227569490042,432.2709937959524,1.0,75.03924538419,431.4678493835745,1.0,76.41069841251732,430.1757757290772,1.0,99.54523804934692,432.1813539953968,1.0,1.0,4.25,115.87712389676082,162.03088044918246,False,106.0268738279039,202.0148124465355,False,148.92309892775057,196.97246922605,False,86.15998816559112,244.97930088815872,False,158.66268736945528,245.18299510138496,False,63.11275321760304,273.92271806432126,False,133.12286588612304,264.52368187299135,False,129.7592944623229,282.4883350411425,False,140.8849577226916,280.14918368072466,False,149.37467133954425,354.45024487618593,False,115.44851451621514,349.68690808973486,False,182.1792827037457,416.76753689247687,False,96.68816217441422,416.7330170422695,False,True
256,256,4.266666666666667,4.266666666666667,Sports2D_HALPE26_postprocessed,115.96972403594324,161.66728304027106,1.0,105.49338727941264,202.0575704367912,1.0,147.28974527507313,197.620489360196,1.0,85.00671299620407,244.00432082203977,1.0,156.47078448858218,244.6337792064868,1.0,61.36370392260352,270.7184625909997,1.0,134.56501041654585,265.7343468759675,1.0,126.59545151338908,282.31960282676346,1.0,137.75995890899128,280.0817635935894,1.0,145.28181502888924,354.6651246562221,1.0,114.86403329895496,349.98850097830416,1.0,180.6689254969029,414.88298176863447,1.0,97.28277883930856,416.93537669091006,1.0,173.62883997847587,435.1329619426813,1.0,178.36568185468218,436.04614334399855,1.0,189.17784697408788,431.7216453812724,1.0,74.07199558844096,431.529800857008,1.0,76.46293861451153,430.5082772010635,1.0,99.92927017019984,432.9159354686661,1.0,1.0,4.266666666666667,115.96972403594324,161.66728304027106,False,105.49338727941264,202.0575704367912,False,147.28974527507313,197.620489360196,False,85.00671299620407,244.00432082203977,False,156.47078448858218,244.6337792064868,False,61.36370392260352,270.7184625909997,False,134.56501041654585,265.7343468759675,False,126.59545151338908,282.31960282676346,False,137.75995890899128,280.0817635935894,False,145.28181502888924,354.6651246562221,False,114.86403329895496,349.98850097830416,False,180.6689254969029,414.88298176863447,False,97.28277883930856,416.93537669091006,False,True
257,257,4.283333333333333,4.283333333333333,Sports2D_HALPE26_postprocessed,115.38578785092636,161.72590428696594,1.0,104.15652576568668,201.9541214357643,1.0,145.45618495638254,198.1562085614597,1.0,84.1295261396495,242.61423905496216,1.0,153.6828578175522,242.4438902197261,1.0,59.52267203933658,268.52130054290484,1.0,139.5552242296472,266.49547447488885,1.0,123.26626004394048,282.2221060561848,1.0,134.59081078464143,279.8120993156035,1.0,140.05736689536917,354.879192140376,1.0,114.86259308844464,350.0075132963667,1.0,178.3407440674232,412.7180816859543,1.0,98.4300629690355,416.5954762866244,1.0,172.54057108226792,435.0715475013664,1.0,177.36058360023398,436.2869593039805,1.0,186.89000113157232,430.1005476230383,1.0,75.06674298185615,431.8037748520784,1.0,77.92147303725511,430.2301518125017,1.0,100.4440298960846,433.21728615438303,1.0,1.0,4.283333333333333,115.38578785092636,161.72590428696594,False,104.15652576568668,201.9541214357643,False,145.45618495638254,198.1562085614597,False,84.1295261396495,242.61423905496216,False,153.6828578175522,242.4438902197261,False,59.52267203933658,268.52130054290484,False,139.5552242296472,266.49547447488885,False,123.26626004394048,282.2221060561848,False,134.59081078464143,279.8120993156035,False,140.05736689536917,354.879192140376,False,114.86259308844464,350.0075132963667,False,178.3407440674232,412.7180816859543,False,98.4300629690355,416.5954762866244,False,True
258,258,4.3,4.3,Sports2D_HALPE26_postprocessed,114.86295800064296,161.92357745451648,1.0,102.88512099372144,201.57721996606955,1.0,144.21784958084237,198.72301582482075,1.0,83.11579162197013,240.4974652655748,1.0,151.5297569017143,243.26492511927307,1.0,57.53502142976487,267.09387956398626,1.0,139.61604053325314,270.4205218083635,1.0,119.76034203707712,282.2682104332863,1.0,133.73202552019126,279.7029493536868,1.0,136.41511815339845,355.5654841202346,1.0,114.2725641625328,352.64017075363023,1.0,175.72695376628477,410.7406632191413,1.0,98.7510721551192,416.9503008469509,1.0,172.91785646471334,435.0071001176791,1.0,175.973656867256,436.119309537032,1.0,184.1945498828481,427.4754579121587,1.0,75.65241140704454,432.3342173046302,1.0,78.64342372087582,431.0770952750965,1.0,100.6767115613964,433.5138605395721,1.0,1.0,4.3,114.86295800064296,161.92357745451648,False,102.88512099372144,201.57721996606955,False,144.21784958084237,198.72301582482075,False,83.11579162197013,240.4974652655748,False,151.5297569017143,243.26492511927307,False,57.53502142976487,267.09387956398626,False,139.61604053325314,270.4205218083635,False,119.76034203707712,282.2682104332863,False,133.73202552019126,279.7029493536868,False,136.41511815339845,355.5654841202346,False,114.2725641625328,352.64017075363023,False,175.72695376628477,410.7406632191413,False,98.7510721551192,416.9503008469509,False,True
259,259,4.316666666666666,4.316666666666666,Sports2D_HALPE26_postprocessed,112.6081322283002,162.42743003182864,1.0,101.50935692479452,201.16334029328232,1.0,142.51572944758868,199.28809383315289,1.0,82.69159500716619,239.9306818060361,1.0,149.1736783726846,244.43875744156009,1.0,56.133958732165645,265.60876793588073,1.0,137.6491261395017,271.224109052893,1.0,116.98414133418284,282.4640116633227,1.0,130.7019815716809,279.87191835297585,1.0,131.70468596559706,357.0690919893793,1.0,113.56429235984972,354.44080923728274,1.0,172.9262040428008,409.9747421813162,1.0,98.84205552628694,417.132770110794,1.0,172.41999681394657,436.1830781585227,1.0,174.94690586751113,437.05951865808765,1.0,182.2482591081295,423.46671260808046,1.0,75.60176424518014,432.6929347227372,1.0,78.70444732223683,431.29213108523743,1.0,100.6987731317295,433.495353426916,1.0,1.0,4.316666666666666,112.6081322283002,162.42743003182864,False,101.50935692479452,201.16334029328232,False,142.51572944758868,199.28809383315289,False,82.69159500716619,239.9306818060361,False,149.1736783726846,244.43875744156009,False,56.133958732165645,265.60876793588073,False,137.6491261395017,271.224109052893,False,116.98414133418284,282.4640116633227,False,130.7019815716809,279.87191835297585,False,131.70468596559706,357.0690919893793,False,113.56429235984972,354.44080923728274,False,172.9262040428008,409.9747421813162,False,98.84205552628694,417.132770110794,False,True
260,260,4.333333333333333,4.333333333333333,Sports2D_HALPE26_postprocessed,111.95644582943216,162.57987284226752,1.0,99.37598544351587,200.88691478528497,1.0,141.18551090343564,199.9205112198211,1.0,81.10419818560594,239.8775198406508,1.0,145.59052051112846,246.6623683853637,1.0,54.14695905167114,264.52964962356765,1.0,134.15605207093574,272.45621062291406,1.0,114.31186747630662,282.632807876164,1.0,129.38056744964535,280.1481890565947,1.0,125.57324410747508,358.43525807219766,1.0,113.30917547582725,354.89563190267967,1.0,169.19105751362395,407.6719243246959,1.0,98.76687146218636,417.7709052171897,1.0,172.04985898188392,437.4642229173843,1.0,173.23052495958726,437.957319532382,1.0,179.92141615999736,418.4634216391807,1.0,75.69081583717251,432.9902798413688,1.0,78.28825101526115,431.543989717181,1.0,100.55911991999136,433.3598413699856,1.0,1.0,4.333333333333333,111.95644582943216,162.57987284226752,False,99.37598544351587,200.88691478528497,False,141.18551090343564,199.9205112198211,False,81.10419818560594,239.8775198406508,False,145.59052051112846,246.6623683853637,False,54.14695905167114,264.52964962356765,False,134.15605207093574,272.45621062291406,False,114.31186747630662,282.632807876164,False,129.38056744964535,280.1481890565947,False,125.57324410747508,358.43525807219766,False,113.30917547582725,354.89563190267967,False,169.19105751362395,407.6719243246959,False,98.76687146218636,417.7709052171897,False,True
261,261,4.35,4.35,Sports2D_HALPE26_postprocessed,111.4583181394172,162.08959941985236,1.0,97.344809218963,200.5740407640176,1.0,139.7810643635675,201.2443722129524,1.0,79.16166183059006,239.56446287793665,1.0,143.4778247656667,247.04018245467944,1.0,53.12435449584729,264.4640859660409,1.0,132.78125408761662,274.4152817377632,1.0,112.28185445399124,282.89777786412986,1.0,128.05655328239084,280.28065249454073,1.0,118.7511011188282,358.36983370221634,1.0,113.12300890993716,355.133999251604,1.0,165.23539574142094,405.61293382711256,1.0,98.89596297760338,417.7010311527325,1.0,171.9193801128936,437.0527925328252,1.0,172.48594078590955,437.2664270419744,1.0,176.51197694726594,413.972261781244,1.0,75.66267719873517,433.03945166057,1.0,78.7196486154022,431.6075275551058,1.0,100.46281156014877,432.97461697098913,1.0,1.0,4.35,111.4583181394172,162.08959941985236,False,97.344809218963,200.5740407640176,False,139.7810643635675,201.2443722129524,False,79.16166183059006,239.56446287793665,False,143.4778247656667,247.04018245467944,False,53.12435449584729,264.4640859660409,False,132.78125408761662,274.4152817377632,False,112.28185445399124,282.89777786412986,False,128.05655328239084,280.28065249454073,False,118.7511011188282,358.36983370221634,False,113.12300890993716,355.133999251604,False,165.23539574142094,405.61293382711256,False,98.89596297760338,417.7010311527325,False,True
262,262,4.366666666666666,4.366666666666666,Sports2D_HALPE26_postprocessed,111.24635366609192,162.10350569333167,1.0,95.26274896630343,200.5019443750236,1.0,139.09784835082036,202.2389655071249,1.0,77.14394162505677,239.38174551606005,1.0,140.93511780730725,250.80301389063808,1.0,52.21734381668127,264.1901791535162,1.0,130.21887409550774,276.1823511791233,1.0,109.33174978589156,283.0147144070816,1.0,128.275203274841,280.01797672081,1.0,113.20353441335772,358.8206180724416,1.0,111.76677724502166,355.9352829843415,1.0,160.79520385059357,402.8565901846072,1.0,98.4565294245486,418.444473966359,1.0,170.1772217938913,436.9695653574686,1.0,169.70440783294757,436.7904088578662,1.0,172.08471148809198,410.1765560982432,1.0,75.57150140318252,433.1199335815162,1.0,79.08662225395618,431.72610595095466,1.0,100.2183427625274,432.7926238190913,1.0,1.0,4.366666666666666,111.24635366609192,162.10350569333167,False,95.26274896630343,200.5019443750236,False,139.09784835082036,202.2389655071249,False,77.14394162505677,239.38174551606005,False,140.93511780730725,250.80301389063808,False,52.21734381668127,264.1901791535162,False,130.21887409550774,276.1823511791233,False,109.33174978589156,283.0147144070816,False,128.275203274841,280.01797672081,False,113.20353441335772,358.8206180724416,False,111.76677724502166,355.9352829843415,False,160.79520385059357,402.8565901846072,False,98.4565294245486,418.444473966359,False,True
263,263,4.383333333333333,4.383333333333333,Sports2D_HALPE26_postprocessed,110.31704212742004,162.36256732514886,1.0,92.815855609254,200.32943930911324,1.0,137.76799734222675,202.9422855586016,1.0,75.54432808084746,239.8478106778149,1.0,138.2415059654003,252.6802330597435,1.0,52.17434508383092,264.6758664973525,1.0,117.40120744545608,273.999559721165,1.0,106.79077223248096,282.9369216107761,1.0,126.948432366471,279.8203611427787,1.0,105.9330197893912,358.9629285047943,1.0,111.22520699806104,356.10662123167924,1.0,156.8496734877076,400.36786319203,1.0,98.24410180646424,418.432661543258,1.0,165.53576468876096,435.774240488651,1.0,165.36826354694713,435.0029119735297,1.0,167.7161781583765,407.38982549817376,1.0,75.44568742875995,432.9665629747166,1.0,79.30624954238607,431.7779584210483,1.0,100.49069800938976,431.7272439495151,1.0,1.0,4.383333333333333,110.31704212742004,162.36256732514886,False,92.815855609254,200.32943930911324,False,137.76799734222675,202.9422855586016,False,75.54432808084746,239.8478106778149,False,138.2415059654003,252.6802330597435,False,52.17434508383092,264.6758664973525,False,117.40120744545608,273.999559721165,False,106.79077223248096,282.9369216107761,False,126.948432366471,279.8203611427787,False,105.9330197893912,358.9629285047943,False,111.22520699806104,356.10662123167924,False,156.8496734877076,400.36786319203,False,98.24410180646424,418.432661543258,False,True
264,264,4.4,4.4,Sports2D_HALPE26_postprocessed,108.7448707314596,162.58533294140898,1.0,91.3157005074049,199.8916319852321,1.0,137.14670334709973,203.27563531407043,1.0,73.7362531632861,240.43448281322884,1.0,137.67111165697577,252.9059407761773,1.0,52.73721994998023,265.2364003305144,1.0,119.550293959003,276.1591023128499,1.0,103.56312210127676,282.4111785954661,1.0,126.4425796193718,279.57109185515515,1.0,101.51879456277528,358.2737661577566,1.0,110.81883473406212,356.00990006846695,1.0,152.0565749391368,396.3999839697117,1.0,98.41157799378736,418.6828696777013,1.0,162.43953763599987,431.9654956506118,1.0,160.52443131902888,432.2726183499251,1.0,164.75769174203845,404.76352337608745,1.0,75.18816760306957,432.9120604488255,1.0,78.80547664784038,432.4384732096669,1.0,100.29576537366948,431.15687681725024,1.0,1.0,4.4,108.7448707314596,162.58533294140898,False,91.3157005074049,199.8916319852321,False,137.14670334709973,203.27563531407043,False,73.7362531632861,240.43448281322884,False,137.67111165697577,252.9059407761773,False,52.73721994998023,265.2364003305144,False,119.550293959003,276.1591023128499,False,103.56312210127676,282.4111785954661,False,126.4425796193718,279.57109185515515,False,101.51879456277528,358.2737661577566,False,110.81883473406212,356.00990006846695,False,152.0565749391368,396.3999839697117,False,98.41157799378736,418.6828696777013,False,True
265,265,4.416666666666667,4.416666666666667,Sports2D_HALPE26_postprocessed,109.30627486732445,162.02895066584276,1.0,89.34916633203989,199.43406289604948,1.0,134.9867736267623,202.717238269122,1.0,72.65064714897166,240.16380513041764,1.0,136.76397906936654,252.82082256296744,1.0,53.59935072541866,266.0590025087965,1.0,116.09784782341,275.7327126678816,1.0,102.00330767435472,282.00570162965164,1.0,125.15688615976748,279.4362625002889,1.0,96.62372012609369,357.59037159692554,1.0,110.41405251268613,355.0905326306789,1.0,147.17562000943408,393.2964900581502,1.0,98.14470014757026,418.50987145921,1.0,159.0516426796173,428.5368804324476,1.0,156.56384782371856,429.37997178318057,1.0,160.9236359527424,401.1557788771925,1.0,75.25697615772123,432.56703011292456,1.0,79.72256186200704,432.379900176522,1.0,100.67794185907086,430.39341086633306,1.0,1.0,4.416666666666667,109.30627486732445,162.02895066584276,False,89.34916633203989,199.43406289604948,False,134.9867736267623,202.717238269122,False,72.65064714897166,240.16380513041764,False,136.76397906936654,252.82082256296744,False,53.59935072541866,266.0590025087965,False,116.09784782341,275.7327126678816,False,102.00330767435472,282.00570162965164,False,125.15688615976748,279.4362625002889,False,96.62372012609369,357.59037159692554,False,110.41405251268613,355.0905326306789,False,147.17562000943408,393.2964900581502,False,98.14470014757026,418.50987145921,False,True
266,266,4.433333333333334,4.433333333333334,Sports2D_HALPE26_postprocessed,109.36507138685258,161.3924553291485,1.0,86.5520153269256,199.06986343944448,1.0,133.98776289133377,202.3946058291488,1.0,70.81744831613376,240.5890866450433,1.0,135.93615501845645,253.67940385706768,1.0,54.18280013095763,268.14495687033,1.0,112.58123374272137,275.88518925217267,1.0,99.667343969289,281.7607080020723,1.0,125.09509395189276,279.30686183332944,1.0,91.30084913149082,356.4985022939878,1.0,110.34392724326592,353.00086151980446,1.0,141.397124546301,391.6882323822073,1.0,98.10324129548604,418.2054045032297,1.0,155.64905516117898,424.9857415158141,1.0,152.20380837449653,426.4809723689548,1.0,156.6073405936921,397.04185005850775,1.0,75.62956831404071,431.5866592289475,1.0,80.68182923145926,432.4435748893578,1.0,100.8748547305154,429.4635181219066,1.0,1.0,4.433333333333334,109.36507138685258,161.3924553291485,False,86.5520153269256,199.06986343944448,False,133.98776289133377,202.3946058291488,False,70.81744831613376,240.5890866450433,False,135.93615501845645,253.67940385706768,False,54.18280013095763,268.14495687033,False,112.58123374272137,275.88518925217267,False,99.667343969289,281.7607080020723,False,125.09509395189276,279.30686183332944,False,91.30084913149082,356.4985022939878,False,110.34392724326592,353.00086151980446,False,141.397124546301,391.6882323822073,False,98.10324129548604,418.2054045032297,False,True
267,267,4.45,4.45,Sports2D_HALPE26_postprocessed,108.27235250044204,161.05633526352034,1.0,84.70759702432079,198.98145806055825,1.0,133.1912062768031,201.95987344772507,1.0,69.50343557914617,240.62727292079364,1.0,135.61935894865516,252.76315779210577,1.0,55.25612640398597,270.1546014640972,1.0,118.00435602969284,285.7776817221716,1.0,97.82520731720068,281.56969562764937,1.0,124.26627409913344,279.06022306121884,1.0,86.59508437774312,353.8920635568189,1.0,109.60596535361542,352.3950520179972,1.0,136.16253107878978,389.97711471259896,1.0,97.99186320659804,418.4917599274903,1.0,150.96137996380995,424.1668055648289,1.0,146.54424917508842,423.654480069206,1.0,152.34044624125474,395.5787798223623,1.0,75.6058490519339,430.8993416558175,1.0,81.31137343495048,431.2819130930994,1.0,101.26590242291368,429.3075735732119,1.0,1.0,4.45,108.27235250044204,161.05633526352034,False,84.70759702432079,198.98145806055825,False,133.1912062768031,201.95987344772507,False,69.50343557914617,240.62727292079364,False,135.61935894865516,252.76315779210577,False,55.25612640398597,270.1546014640972,False,118.00435602969284,285.7776817221716,False,97.82520731720068,281.56969562764937,False,124.26627409913344,279.06022306121884,False,86.59508437774312,353.8920635568189,False,109.60596535361542,352.3950520179972,False,136.16253107878978,389.97711471259896,False,97.99186320659804,418.4917599274903,False,True
268,268,4.466666666666667,4.466666666666667,Sports2D_HALPE26_postprocessed,106.6029390104176,160.3973162470846,1.0,82.87644720856005,198.93167545600704,1.0,132.53270805697633,201.666970108626,1.0,68.18145433625492,241.6800065829884,1.0,135.41612835940185,251.2063118546176,1.0,56.22252800416957,274.691448463802,1.0,120.97573726668529,289.4850592211898,1.0,95.11889872087669,281.42748311058176,1.0,122.239609389808,278.95476728693507,1.0,82.703708752653,352.7066470135284,1.0,108.8861844338914,351.4659015586963,1.0,131.09649002180032,389.036853166713,1.0,98.04799698273148,418.6696500754902,1.0,145.90546037602533,423.05622377909225,1.0,141.44727643188142,422.5831688337186,1.0,146.88376848369413,393.8436838052892,1.0,76.32457844234506,430.2838412943072,1.0,82.95504602736938,429.6064247902034,1.0,101.8273272195235,429.443008748056,1.0,1.0,4.466666666666667,106.6029390104176,160.3973162470846,False,82.87644720856005,198.93167545600704,False,132.53270805697633,201.666970108626,False,68.18145433625492,241.6800065829884,False,135.41612835940185,251.2063118546176,False,56.22252800416957,274.691448463802,False,120.97573726668529,289.4850592211898,False,95.11889872087669,281.42748311058176,False,122.239609389808,278.95476728693507,False,82.703708752653,352.7066470135284,False,108.8861844338914,351.4659015586963,False,131.09649002180032,389.036853166713,False,98.04799698273148,418.6696500754902,False,True
269,269,4.483333333333333,4.483333333333333,Sports2D_HALPE26_postprocessed,105.01207273617118,160.00741606348436,1.0,80.7195526493682,199.03514800131452,1.0,132.01471994885998,201.2751866443093,1.0,67.45461360515581,242.2905280407033,1.0,134.99324225173245,251.20343003476503,1.0,56.55824815940705,276.851336658625,1.0,123.62099410943318,293.5350707897803,1.0,92.6202304889932,281.32114164928475,1.0,121.1271172588536,278.82714811780147,1.0,76.70444405977635,351.4207182972833,1.0,108.3027729589612,350.91858934602226,1.0,127.10486761400888,388.9094617098583,1.0,97.99272061372744,419.1609630306399,1.0,140.44168414937664,423.118622785548,1.0,135.99873331144283,421.8747425290912,1.0,142.89153369631498,392.8440251255437,1.0,77.37994624865325,430.17381856718697,1.0,83.66250834718487,428.9456674495136,1.0,102.16177631803288,430.0286658595983,1.0,1.0,4.483333333333333,105.01207273617118,160.00741606348436,False,80.7195526493682,199.03514800131452,False,132.01471994885998,201.2751866443093,False,67.45461360515581,242.2905280407033,False,134.99324225173245,251.20343003476503,False,56.55824815940705,276.851336658625,False,123.62099410943318,293.5350707897803,False,92.6202304889932,281.32114164928475,False,121.1271172588536,278.82714811780147,False,76.70444405977635,351.4207182972833,False,108.3027729589612,350.91858934602226,False,127.10486761400888,388.9094617098583,False,97.99272061372744,419.1609630306399,False,True
270,270,4.5,4.5,Sports2D_HALPE26_postprocessed,103.7702425409728,159.73422538128463,1.0,78.16220321722209,199.0350436326133,1.0,131.39454229071907,200.46777365361703,1.0,67.16598346032576,242.51841202138257,1.0,134.85528285837012,250.2874534359494,1.0,57.1858733148409,278.9965718837135,1.0,123.67041211680616,293.04493802928687,1.0,91.82360293494786,281.12841279163126,1.0,119.61318867805198,278.8192217187097,1.0,72.51825140842193,349.4868574231319,1.0,107.7435929211444,350.7762407950954,1.0,123.08171179600345,388.5493043969145,1.0,97.9836690117542,419.5395139211846,1.0,132.0896720025681,423.7772747658659,1.0,128.60867134635183,421.29027973077,1.0,137.43960730623195,391.9626551014642,1.0,77.05183907676066,430.0478145109757,1.0,83.33693644319641,428.4210125453629,1.0,102.64185215772773,430.817689236737,1.0,1.0,4.5,103.7702425409728,159.73422538128463,False,78.16220321722209,199.0350436326133,False,131.39454229071907,200.46777365361703,False,67.16598346032576,242.51841202138257,False,134.85528285837012,250.2874534359494,False,57.1858733148409,278.9965718837135,False,123.67041211680616,293.04493802928687,False,91.82360293494786,281.12841279163126,False,119.61318867805198,278.8192217187097,False,72.51825140842193,349.4868574231319,False,107.7435929211444,350.7762407950954,False,123.08171179600345,388.5493043969145,False,97.9836690117542,419.5395139211846,False,True
271,271,4.516666666666667,4.516666666666667,Sports2D_HALPE26_postprocessed,101.60464259758362,159.75773980963612,1.0,76.79748188501608,199.351091749651,1.0,129.80279225065928,199.72366048748216,1.0,66.00336756638592,242.8318035698172,1.0,134.20345507063232,250.01985983541644,1.0,57.04615727276442,280.10177907350845,1.0,122.90616613710894,292.5656202508648,1.0,89.67835280967334,280.8646682477447,1.0,118.34521891214992,278.90376337323846,1.0,68.76643770172576,348.33282406533954,1.0,107.42176748124008,351.04154724720905,1.0,118.82692913972552,389.013817812343,1.0,98.10475161300886,419.5502169163084,1.0,125.32136641735204,423.03360610751815,1.0,122.8473690846198,420.0128528854191,1.0,130.77286592174133,391.9090586100338,1.0,77.83890226226295,430.0431644189608,1.0,83.47716651424312,427.81081823039983,1.0,103.57546852547442,430.828338141417,1.0,1.0,4.516666666666667,101.60464259758362,159.75773980963612,False,76.79748188501608,199.351091749651,False,129.80279225065928,199.72366048748216,False,66.00336756638592,242.8318035698172,False,134.20345507063232,250.01985983541644,False,57.04615727276442,280.10177907350845,False,122.90616613710894,292.5656202508648,False,89.67835280967334,280.8646682477447,False,118.34521891214992,278.90376337323846,False,68.76643770172576,348.33282406533954,False,107.42176748124008,351.04154724720905,False,118.82692913972552,389.013817812343,False,98.10475161300886,419.5502169163084,False,True
272,272,4.533333333333333,4.533333333333333,Sports2D_HALPE26_postprocessed,99.68456971509907,159.80943874090096,1.0,74.90218701503963,199.47009916273595,1.0,129.15189014454177,199.4680067841055,1.0,65.06170384814254,243.33309332101004,1.0,134.15365445867633,249.01672143311416,1.0,56.21195611688472,280.0963928451067,1.0,122.69139839689262,291.4186735143942,1.0,88.23600374056454,280.7386970624083,1.0,117.35461427198096,279.327072849861,1.0,65.28229424484545,347.050883100433,1.0,106.969834395042,351.391854168438,1.0,113.92098276682654,389.6899897887716,1.0,98.17145843584558,419.4743051321385,1.0,119.88984620542897,422.2897450163992,1.0,118.3780525458126,418.8061373648849,1.0,125.75384030429738,391.65156072413305,1.0,78.05646354663969,430.3008653526846,1.0,83.73655163749874,427.7128781223845,1.0,104.52673081643414,430.48157923196464,1.0,1.0,4.533333333333333,99.68456971509907,159.80943874090096,False,74.90218701503963,199.47009916273595,False,129.15189014454177,199.4680067841055,False,65.06170384814254,243.33309332101004,False,134.15365445867633,249.01672143311416,False,56.21195611688472,280.0963928451067,False,122.69139839689262,291.4186735143942,False,88.23600374056454,280.7386970624083,False,117.35461427198096,279.327072849861,False,65.28229424484545,347.050883100433,False,106.969834395042,351.391854168438,False,113.92098276682654,389.6899897887716,False,98.17145843584558,419.4743051321385,False,True
273,273,4.55,4.55,Sports2D_HALPE26_postprocessed,98.68670673516512,159.80048035930366,1.0,72.94633717838116,199.69283563389348,1.0,127.92822616569023,199.4254198268008,1.0,64.02125661670468,243.75612356120592,1.0,134.26674943615794,247.6941682647404,1.0,54.26945856420936,279.62818302612,1.0,124.00075073352993,289.136480806692,1.0,87.2389285997796,280.78499968732143,1.0,116.46301169925624,279.6086422689075,1.0,61.35869316298503,345.68313162260034,1.0,106.56915732439008,352.09416207923925,1.0,109.5690227646352,390.1272972999308,1.0,98.21472039647892,420.6006183996988,1.0,116.55767318619952,421.6808231840975,1.0,114.5327768255127,417.8214967818598,1.0,120.00592915815102,391.1725515768474,1.0,77.39582280105978,430.5271957077314,1.0,83.13177535664447,427.60969482201824,1.0,103.70185840807744,431.1473749808072,1.0,1.0,4.55,98.68670673516512,159.80048035930366,False,72.94633717838116,199.69283563389348,False,127.92822616569023,199.4254198268008,False,64.02125661670468,243.75612356120592,False,134.26674943615794,247.6941682647404,False,54.26945856420936,279.62818302612,False,124.00075073352993,289.136480806692,False,87.2389285997796,280.78499968732143,False,116.46301169925624,279.6086422689075,False,61.35869316298503,345.68313162260034,False,106.56915732439008,352.09416207923925,False,109.5690227646352,390.1272972999308,False,98.21472039647892,420.6006183996988,False,True
274,274,4.566666666666666,4.566666666666666,Sports2D_HALPE26_postprocessed,97.78832045860209,159.7526164891991,1.0,71.52019162808081,199.7466854432933,1.0,126.986530448657,199.34021782824945,1.0,62.63689037635531,243.7368742769193,1.0,133.858344645328,246.69955326293865,1.0,51.84539813135866,277.905380449442,1.0,125.21736098387288,286.55575625748,1.0,85.84645432025549,281.01884199599147,1.0,115.08778967690316,279.93490854533087,1.0,59.00839816853623,344.3849087819119,1.0,106.13453848840942,352.1265482158251,1.0,105.18138249031084,390.4831152643642,1.0,98.29027499450036,420.8563286075442,1.0,115.02454216050798,419.8107883421126,1.0,110.37725065611896,420.97739225383896,1.0,115.07850864844256,391.3894257462511,1.0,76.98975107440106,430.98897802950887,1.0,82.52462963974989,428.2117362201347,1.0,103.13698595930924,431.3451790151168,1.0,1.0,4.566666666666666,97.78832045860209,159.7526164891991,False,71.52019162808081,199.7466854432933,False,126.986530448657,199.34021782824945,False,62.63689037635531,243.7368742769193,False,133.858344645328,246.69955326293865,False,51.84539813135866,277.905380449442,False,125.21736098387288,286.55575625748,False,85.84645432025549,281.01884199599147,False,115.08778967690316,279.93490854533087,False,59.00839816853623,344.3849087819119,False,106.13453848840942,352.1265482158251,False,105.18138249031084,390.4831152643642,False,98.29027499450036,420.8563286075442,False,True
275,275,4.583333333333333,4.583333333333333,Sports2D_HALPE26_postprocessed,97.20243011643277,159.79248509873338,1.0,70.03297591257437,199.8039212083277,1.0,126.40766061988506,199.35027539469985,1.0,60.63520676362533,243.5847266521789,1.0,133.33024469326728,246.8008879058199,1.0,48.35512331847956,277.24194257970737,1.0,125.94323300728206,284.7857830142963,1.0,84.28538395903098,281.5304771049352,1.0,113.9979413084664,280.53531748901867,1.0,57.505539618765376,343.93335326853787,1.0,105.64239641209356,352.137676492,1.0,101.11418227437368,392.8963684250041,1.0,98.40095369271786,420.8963604551044,1.0,111.32839409869148,421.61127774312536,1.0,94.89805695412728,420.3436339468278,1.0,110.0726582465024,394.0518200768116,1.0,76.77207422406988,430.7513587858129,1.0,82.37385752079474,428.6646417983031,1.0,102.32938299551566,431.6201180026679,1.0,1.0,4.583333333333333,97.20243011643277,159.79248509873338,False,70.03297591257437,199.8039212083277,False,126.40766061988506,199.35027539469985,False,60.63520676362533,243.5847266521789,False,133.33024469326728,246.8008879058199,False,48.35512331847956,277.24194257970737,False,125.94323300728206,284.7857830142963,False,84.28538395903098,281.5304771049352,False,113.9979413084664,280.53531748901867,False,57.505539618765376,343.93335326853787,False,105.64239641209356,352.137676492,False,101.11418227437368,392.8963684250041,False,98.40095369271786,420.8963604551044,False,True
276,276,4.6,4.6,Sports2D_HALPE26_postprocessed,96.35598245648885,159.77031414553846,1.0,69.07622764198673,199.77628002535664,1.0,125.65631261426417,199.26397028538287,1.0,58.23885420996199,243.5550362314259,1.0,132.63935475947312,246.50372361376893,1.0,44.87496505010383,275.55650694605805,1.0,126.47274851212836,283.18206738014027,1.0,82.04454033300394,282.7153397075673,1.0,112.27763935766436,282.202816684437,1.0,56.495366183115934,343.5348277953696,1.0,105.34356035358164,352.3976066881214,1.0,94.92378990247596,393.09649113461967,1.0,97.84813402383278,420.7049735309703,1.0,96.87583019898466,424.41055399643534,1.0,88.88139628958075,421.21223842457255,1.0,104.34038940361522,393.2457201896098,1.0,76.1055988613951,430.14546063726914,1.0,82.30353523530488,430.4592470773694,1.0,102.25747152363856,433.4387120202762,1.0,1.0,4.6,96.35598245648885,159.77031414553846,False,69.07622764198673,199.77628002535664,False,125.65631261426417,199.26397028538287,False,58.23885420996199,243.5550362314259,False,132.63935475947312,246.50372361376893,False,44.87496505010383,275.55650694605805,False,126.47274851212836,283.18206738014027,False,82.04454033300394,282.7153397075673,False,112.27763935766436,282.202816684437,False,56.495366183115934,343.5348277953696,False,105.34356035358164,352.3976066881214,False,94.92378990247596,393.09649113461967,False,97.84813402383278,420.7049735309703,False,True
277,277,4.616666666666666,4.616666666666666,Sports2D_HALPE26_postprocessed,95.0232148222545,159.71136957975773,1.0,67.7383512086573,199.54510092617107,1.0,124.73520295042108,199.51498249980915,1.0,55.89782985938294,243.19433090528136,1.0,132.2008405785852,245.4567157895129,1.0,41.91202358171343,273.55077164879043,1.0,126.79201185691412,278.63944627983767,1.0,81.02455753716984,282.60029659018664,1.0,110.83332409378384,282.0809832945343,1.0,55.2445167358824,342.84250644709334,1.0,105.27980179040928,352.0664905594102,1.0,90.49083279261453,394.0883000709117,1.0,98.39066818441393,420.93207464876434,1.0,86.08121400828152,426.3642007580364,1.0,83.07249574623523,422.03466249079713,1.0,99.41604953275592,395.7769822514486,1.0,77.90046347958568,429.77055333575566,1.0,81.90619236633978,429.92227083072,1.0,101.8705395751638,433.5898487377964,1.0,1.0,4.616666666666666,95.0232148222545,159.71136957975773,False,67.7383512086573,199.54510092617107,False,124.73520295042108,199.51498249980915,False,55.89782985938294,243.19433090528136,False,132.2008405785852,245.4567157895129,False,41.91202358171343,273.55077164879043,False,126.79201185691412,278.63944627983767,False,81.02455753716984,282.60029659018664,False,110.83332409378384,282.0809832945343,False,55.2445167358824,342.84250644709334,False,105.27980179040928,352.0664905594102,False,90.49083279261453,394.0883000709117,False,98.39066818441393,420.93207464876434,False,True
278,278,4.633333333333333,4.633333333333333,Sports2D_HALPE26_postprocessed,94.04262650921078,159.74074872854027,1.0,66.6803336111733,199.44187897067675,1.0,123.83358585319476,199.57218117621628,1.0,54.296269448164566,242.62630898437124,1.0,132.1794203593769,244.482647911651,1.0,38.40702588831768,271.71938573151715,1.0,127.26116922694932,275.6171004616732,1.0,79.13467981833081,282.519400148504,1.0,109.41393901407588,282.042898527013,1.0,54.6881345456594,342.05724488044353,1.0,104.48903476200772,351.9622039299662,1.0,86.05430334473245,393.8781123810935,1.0,98.67841717458234,421.1621415663401,1.0,81.3736471167322,426.563447518212,1.0,79.45340619090601,421.6925183414237,1.0,93.99949955891378,397.69986747290176,1.0,78.86875269532811,429.58012912359993,1.0,82.3308979126968,429.6786463803097,1.0,101.3248720891834,433.5245501112344,1.0,1.0,4.633333333333333,94.04262650921078,159.74074872854027,False,66.6803336111733,199.44187897067675,False,123.83358585319476,199.57218117621628,False,54.296269448164566,242.62630898437124,False,132.1794203593769,244.482647911651,False,38.40702588831768,271.71938573151715,False,127.26116922694932,275.6171004616732,False,79.13467981833081,282.519400148504,False,109.41393901407588,282.042898527013,False,54.6881345456594,342.05724488044353,False,104.48903476200772,351.9622039299662,False,86.05430334473245,393.8781123810935,False,98.67841717458234,421.1621415663401,False,True
279,279,4.65,4.65,Sports2D_HALPE26_postprocessed,93.10137472745934,159.68953970998075,1.0,64.91133401403017,199.3742314800664,1.0,122.84602094285404,199.69699915957065,1.0,52.04348282559151,242.0933052207793,1.0,131.30779081743106,242.90915875116144,1.0,35.52457259948075,269.824814004672,1.0,127.73983177812217,273.6070092465751,1.0,77.71524542757564,282.47202529496724,1.0,107.98175530448266,282.1114667368046,1.0,54.12939244916844,341.6496749456201,1.0,103.97923718336123,351.89639071331675,1.0,81.67334629211963,394.5665825827526,1.0,98.11379997936169,420.7809568666619,1.0,74.11915913474442,427.9273008619598,1.0,72.65219044114824,422.5853188585783,1.0,88.17422146413787,398.8353049973177,1.0,79.19774440075919,429.64391460839454,1.0,82.27385454870742,429.8963435755777,1.0,100.2627884375594,433.5805893671293,1.0,1.0,4.65,93.10137472745934,159.68953970998075,False,64.91133401403017,199.3742314800664,False,122.84602094285404,199.69699915957065,False,52.04348282559151,242.0933052207793,False,131.30779081743106,242.90915875116144,False,35.52457259948075,269.824814004672,False,127.73983177812217,273.6070092465751,False,77.71524542757564,282.47202529496724,False,107.98175530448266,282.1114667368046,False,54.12939244916844,341.6496749456201,False,103.97923718336123,351.89639071331675,False,81.67334629211963,394.5665825827526,False,98.11379997936169,420.7809568666619,False,True
280,280,4.666666666666667,4.666666666666667,Sports2D_HALPE26_postprocessed,91.8118136822804,159.6412509284507,1.0,63.554076901023336,199.33911698906903,1.0,121.53496919455164,199.81349615747928,1.0,50.19253253832214,241.5385213069377,1.0,130.4160139925591,242.24050930584625,1.0,32.32011441932297,268.2475577963743,1.0,128.15384136539913,272.09226040834903,1.0,75.96466686229108,282.6250098259949,1.0,106.59891267497228,282.1913016932458,1.0,54.62576423872966,341.89870763980485,1.0,103.18115813622737,351.8037075975358,1.0,76.8738785123718,394.84040803884864,1.0,97.77327329862617,420.8054129475729,1.0,68.92876883386326,429.052262469693,1.0,65.89578216568555,423.59395078475154,1.0,83.7696458334064,402.01286511674016,1.0,79.042836542402,430.0986416218558,1.0,81.75231645742983,430.40390538789416,1.0,100.21304511258356,433.4889873248072,1.0,1.0,4.666666666666667,91.8118136822804,159.6412509284507,False,63.554076901023336,199.33911698906903,False,121.53496919455164,199.81349615747928,False,50.19253253832214,241.5385213069377,False,130.4160139925591,242.24050930584625,False,32.32011441932297,268.2475577963743,False,128.15384136539913,272.09226040834903,False,75.96466686229108,282.6250098259949,False,106.59891267497228,282.1913016932458,False,54.62576423872966,341.89870763980485,False,103.18115813622737,351.8037075975358,False,76.8738785123718,394.84040803884864,False,97.77327329862617,420.8054129475729,False,True
281,281,4.683333333333334,4.683333333333334,Sports2D_HALPE26_postprocessed,90.9226375696392,159.42584777197044,1.0,61.83657309806964,199.24899480187224,1.0,121.02011580769263,200.01871371886864,1.0,47.55962102311184,241.0495295401747,1.0,129.8790454287089,242.38135199057908,1.0,29.97385223103928,267.1470380921111,1.0,127.96684544723848,271.3002455079754,1.0,75.02407681664855,283.04791591137985,1.0,105.23888929989496,282.96937077442016,1.0,54.56797634047857,342.2876747024192,1.0,102.69284697976585,351.75422222769373,1.0,72.10471017307458,394.88645765326135,1.0,97.69754109657522,420.58197992150826,1.0,66.58232586322684,431.91579953116513,1.0,60.66892526656924,426.29247163361663,1.0,77.52408111533138,403.6832733510974,1.0,79.20342461269013,429.9786934344885,1.0,82.33052610234375,430.7622321863367,1.0,100.31285875259498,433.58648560412416,1.0,1.0,4.683333333333334,90.9226375696392,159.42584777197044,False,61.83657309806964,199.24899480187224,False,121.02011580769263,200.01871371886864,False,47.55962102311184,241.0495295401747,False,129.8790454287089,242.38135199057908,False,29.97385223103928,267.1470380921111,False,127.96684544723848,271.3002455079754,False,75.02407681664855,283.04791591137985,False,105.23888929989496,282.96937077442016,False,54.56797634047857,342.2876747024192,False,102.69284697976585,351.75422222769373,False,72.10471017307458,394.88645765326135,False,97.69754109657522,420.58197992150826,False,True
282,282,4.7,4.7,Sports2D_HALPE26_postprocessed,89.91338973888884,159.5034953652091,1.0,60.28560015926904,199.26883469450428,1.0,120.40776342465992,200.28542746326391,1.0,45.50998105048274,240.4944668370299,1.0,128.87059941945247,242.24709842963853,1.0,26.99851161095591,265.4255540876469,1.0,127.86356350282784,269.7403226759832,1.0,72.64111916271963,283.351467409429,1.0,104.0960776856148,283.5029279415795,1.0,55.33296964377554,343.1009370109119,1.0,101.69325303909068,351.81566281048083,1.0,67.11609579705019,394.9360692403451,1.0,97.31990187089312,420.4406382208908,1.0,64.09786780013005,433.98676206794977,1.0,56.626467035767895,427.7480831878056,1.0,70.53886887768267,405.55968037097,1.0,79.68180899080154,429.8119043737448,1.0,82.44034868856815,431.3238392244773,1.0,100.4785185741292,433.7871421064324,1.0,1.0,4.7,89.91338973888884,159.5034953652091,False,60.28560015926904,199.26883469450428,False,120.40776342465992,200.28542746326391,False,45.50998105048274,240.4944668370299,False,128.87059941945247,242.24709842963853,False,26.99851161095591,265.4255540876469,False,127.86356350282784,269.7403226759832,False,72.64111916271963,283.351467409429,False,104.0960776856148,283.5029279415795,False,55.33296964377554,343.1009370109119,False,101.69325303909068,351.81566281048083,False,67.11609579705019,394.9360692403451,False,97.31990187089312,420.4406382208908,False,True
283,283,4.716666666666667,4.716666666666667,Sports2D_HALPE26_postprocessed,89.35349136216503,159.26039279526125,1.0,58.35171458528531,199.28236589035768,1.0,119.51185150996368,200.65759728719163,1.0,43.0902274125414,239.65017856016885,1.0,128.35444464558745,241.7462136348537,1.0,24.740230592340183,264.81278328359514,1.0,127.920463290195,268.31277614203395,1.0,71.138177242741,283.1680200549787,1.0,102.2755442732023,283.2816099334059,1.0,55.376968122747904,343.730935324557,1.0,100.78296164058116,351.79717522743937,1.0,62.22644768369163,395.56826870984384,1.0,97.19380888746689,420.32915960960594,1.0,62.112181468883065,435.4811238845609,1.0,52.77834630957331,429.0716157929297,1.0,63.24055140841375,407.1330955217947,1.0,79.89558040718258,429.0900278419259,1.0,82.50452881872545,431.1273509402621,1.0,99.79753581439668,433.85977390781903,1.0,1.0,4.716666666666667,89.35349136216503,159.26039279526125,False,58.35171458528531,199.28236589035768,False,119.51185150996368,200.65759728719163,False,43.0902274125414,239.65017856016885,False,128.35444464558745,241.7462136348537,False,24.740230592340183,264.81278328359514,False,127.920463290195,268.31277614203395,False,71.138177242741,283.1680200549787,False,102.2755442732023,283.2816099334059,False,55.376968122747904,343.730935324557,False,100.78296164058116,351.79717522743937,False,62.22644768369163,395.56826870984384,False,97.19380888746689,420.32915960960594,False,True
284,284,4.733333333333333,4.733333333333333,Sports2D_HALPE26_postprocessed,87.91272121891664,159.0341547682741,1.0,56.25012096612011,199.31334025198385,1.0,118.48863520853794,200.891664562581,1.0,40.91665428575759,239.1420727487164,1.0,127.41125496452132,241.6968746709603,1.0,22.65689071432973,264.0324410322063,1.0,128.23171666952652,267.7963000490913,1.0,69.52289159355757,283.3714383544625,1.0,101.15739248604169,283.4382281432024,1.0,55.25809142115174,344.5100076414455,1.0,100.15208355583044,351.904089655681,1.0,58.091340626464266,396.3983693723672,1.0,96.84220344525151,420.40281736129896,1.0,60.04817196705897,436.6958129417192,1.0,50.48199451144865,430.79694885334646,1.0,58.56097392050188,407.5175955772442,1.0,79.94610719875868,428.6015829778037,1.0,82.57780707345034,431.1500508804894,1.0,99.21549646741325,434.2387559345466,1.0,1.0,4.733333333333333,87.91272121891664,159.0341547682741,False,56.25012096612011,199.31334025198385,False,118.48863520853794,200.891664562581,False,40.91665428575759,239.1420727487164,False,127.41125496452132,241.6968746709603,False,22.65689071432973,264.0324410322063,False,128.23171666952652,267.7963000490913,False,69.52289159355757,283.3714383544625,False,101.15739248604169,283.4382281432024,False,55.25809142115174,344.5100076414455,False,100.15208355583044,351.904089655681,False,58.091340626464266,396.3983693723672,False,96.84220344525151,420.40281736129896,False,True
285,285,4.75,4.75,Sports2D_HALPE26_postprocessed,86.90193917245901,159.0124840605894,1.0,54.24178856461148,199.2931940912977,1.0,117.09003962659123,201.0742039321008,1.0,38.45185546644871,239.2140572234572,1.0,126.4250735021118,241.6143790788028,1.0,22.00903110414801,262.93687028558725,1.0,128.34549892847454,267.1335857672576,1.0,67.56995025970109,283.6641699457331,1.0,99.68673614195372,283.74892746735424,1.0,55.21396713911664,345.3774696043832,1.0,99.22627202785272,351.9831655174717,1.0,53.575395205516834,399.5232891141041,1.0,96.79772567181304,420.6620794551477,1.0,58.55899045069096,437.46798040654,1.0,47.36494531529844,433.0157855409896,1.0,53.12989891222711,410.681475992177,1.0,79.9991317711378,428.619478136315,1.0,83.08753926032665,431.31018790978897,1.0,98.67958089115156,434.5625857769961,1.0,1.0,4.75,86.90193917245901,159.0124840605894,False,54.24178856461148,199.2931940912977,False,117.09003962659123,201.0742039321008,False,38.45185546644871,239.2140572234572,False,126.4250735021118,241.6143790788028,False,22.00903110414801,262.93687028558725,False,128.34549892847454,267.1335857672576,False,67.56995025970109,283.6641699457331,False,99.68673614195372,283.74892746735424,False,55.21396713911664,345.3774696043832,False,99.22627202785272,351.9831655174717,False,53.575395205516834,399.5232891141041,False,96.79772567181304,420.6620794551477,False,True
286,286,4.766666666666667,4.766666666666667,Sports2D_HALPE26_postprocessed,86.07467588033809,159.0284461825878,1.0,52.0004744651952,199.07732066847967,1.0,116.21805716862376,201.24300363445727,1.0,36.125167958719466,238.95176094179635,1.0,125.19061389121448,241.6550588875072,1.0,20.692575728884453,263.66815678872723,1.0,128.50116714081284,266.80513766550155,1.0,65.78327018532683,283.5919906461665,1.0,97.94252014082286,283.5773774919435,1.0,54.88830630736692,346.4688728619988,1.0,98.44264328835048,351.93435719285606,1.0,48.37112332117646,400.3405925367896,1.0,96.87170430404012,420.7335920528915,1.0,57.31318385382501,437.5722647273852,1.0,44.29305285775608,434.26130417341824,1.0,48.37799692344443,411.7397767626465,1.0,80.1207790054019,428.5661706706737,1.0,83.54342419202317,431.5247885080545,1.0,98.04748452938972,434.8116922557738,1.0,1.0,4.766666666666667,86.07467588033809,159.0284461825878,False,52.0004744651952,199.07732066847967,False,116.21805716862376,201.24300363445727,False,36.125167958719466,238.95176094179635,False,125.19061389121448,241.6550588875072,False,20.692575728884453,263.66815678872723,False,128.50116714081284,266.80513766550155,False,65.78327018532683,283.5919906461665,False,97.94252014082286,283.5773774919435,False,54.88830630736692,346.4688728619988,False,98.44264328835048,351.93435719285606,False,48.37112332117646,400.3405925367896,False,96.87170430404012,420.7335920528915,False,True
287,287,4.783333333333333,4.783333333333333,Sports2D_HALPE26_postprocessed,84.91281524898415,159.04622810752608,1.0,50.33583388912649,198.801545821108,1.0,114.59609800940756,201.38414919873887,1.0,33.45731355262802,238.7331209169652,1.0,123.99034320048838,241.70053483008064,1.0,19.72980947090953,263.44395336492965,1.0,128.40443045702693,266.78403322369684,1.0,64.15656316890559,283.5309799049187,1.0,96.33983638136483,283.41613127722246,1.0,54.17667589846056,347.454775628367,1.0,97.77848276529733,352.0136279585795,1.0,44.65791126071784,402.6070067708857,1.0,96.74033333264931,421.1379781198313,1.0,56.50970785932141,437.0583760372974,1.0,43.37123974214569,434.57252790584334,1.0,44.65570730956895,414.481575279724,1.0,80.22337995050894,428.6835881971711,1.0,83.77837731421975,431.73708199223984,1.0,97.89613421611466,434.9719432989578,1.0,1.0,4.783333333333333,84.91281524898415,159.04622810752608,False,50.33583388912649,198.801545821108,False,114.59609800940756,201.38414919873887,False,33.45731355262802,238.7331209169652,False,123.99034320048838,241.70053483008064,False,19.72980947090953,263.44395336492965,False,128.40443045702693,266.78403322369684,False,64.15656316890559,283.5309799049187,False,96.33983638136483,283.41613127722246,False,54.17667589846056,347.454775628367,False,97.77848276529733,352.0136279585795,False,44.65791126071784,402.6070067708857,False,96.74033333264931,421.1379781198313,False,True
288,288,4.8,4.8,Sports2D_HALPE26_postprocessed,83.64738087594077,159.27423353247747,1.0,49.42726152762426,198.56053152952109,1.0,112.84162179449145,201.3062805789598,1.0,30.734826537775337,238.63994621572004,1.0,122.7312240645029,241.2723226724744,1.0,19.79523965318142,262.6597703190194,1.0,128.20680088799176,266.14323707146133,1.0,63.297897524150216,283.80495724902886,1.0,95.88825740610164,283.5526028346302,1.0,52.979790737492536,348.4190863807479,1.0,97.40527926367976,352.64823941192986,1.0,41.37241513590223,403.0423228469954,1.0,96.55562869830231,421.5588510785463,1.0,55.221288879690206,437.0315527580732,1.0,44.10692387168448,435.4254588400003,1.0,40.875359733912106,414.4305577155736,1.0,80.04336609971509,428.8708147281635,1.0,84.00960539444762,431.8836094890931,1.0,98.27421449796992,435.0366172678882,1.0,1.0,4.8,83.64738087594077,159.27423353247747,False,49.42726152762426,198.56053152952109,False,112.84162179449145,201.3062805789598,False,30.734826537775337,238.63994621572004,False,122.7312240645029,241.2723226724744,False,19.79523965318142,262.6597703190194,False,128.20680088799176,266.14323707146133,False,63.297897524150216,283.80495724902886,False,95.88825740610164,283.5526028346302,False,52.979790737492536,348.4190863807479,False,97.40527926367976,352.64823941192986,False,41.37241513590223,403.0423228469954,False,96.55562869830231,421.5588510785463,False,True
289,289,4.816666666666666,4.816666666666666,Sports2D_HALPE26_postprocessed,82.23953585547258,159.21368677989182,1.0,47.11262039668359,198.51936080896616,1.0,111.01229897205933,201.4153539811468,1.0,28.69661583464712,238.29573886820685,1.0,121.38544181581794,241.33754293999945,1.0,19.44178010762761,261.4962064428113,1.0,127.97188672868832,265.7974138380742,1.0,61.92643720492351,284.72077004656614,1.0,94.10912034545622,283.6919083558148,1.0,52.08515816929136,348.1088088195698,1.0,96.5837216950922,352.7254666326557,1.0,38.50499394002709,403.4087020418007,1.0,96.5387125225457,421.2897313339065,1.0,53.98058502419793,436.6982543952316,1.0,42.85179617480537,435.1708923770798,1.0,37.38461121601026,414.40293484199503,1.0,80.20785320414232,428.841677776918,1.0,84.17670832860277,431.7763276933249,1.0,97.99902583128902,434.75881665321344,1.0,1.0,4.816666666666666,82.23953585547258,159.21368677989182,False,47.11262039668359,198.51936080896616,False,111.01229897205933,201.4153539811468,False,28.69661583464712,238.29573886820685,False,121.38544181581794,241.33754293999945,False,19.44178010762761,261.4962064428113,False,127.97188672868832,265.7974138380742,False,61.92643720492351,284.72077004656614,False,94.10912034545622,283.6919083558148,False,52.08515816929136,348.1088088195698,False,96.5837216950922,352.7254666326557,False,38.50499394002709,403.4087020418007,False,96.5387125225457,421.2897313339065,False,True
290,290,4.833333333333333,4.833333333333333,Sports2D_HALPE26_postprocessed,80.57167143166815,159.30329617760975,1.0,45.3584325249356,198.4082007946728,1.0,109.6550225877574,201.7057089373887,1.0,26.0928290100811,238.13496732651504,1.0,120.0152404820395,241.0599902105861,1.0,19.71390913565337,260.4292571670629,1.0,127.91770849868504,264.9446499410763,1.0,60.77958499428794,284.5786819327983,1.0,92.39290194810454,284.2475367718023,1.0,51.79102257986809,347.80583261079784,1.0,95.78834754442778,352.1031669608171,1.0,36.84402542063061,403.14723864617673,1.0,96.37923803430076,420.876438870044,1.0,53.67060908803166,436.6072046006539,1.0,41.60863745476837,435.0400544616717,1.0,34.30004838309813,414.510996721914,1.0,80.38613201756252,428.8706335122087,1.0,84.37056101569227,431.7641399147843,1.0,97.3669928078282,434.660192235464,1.0,1.0,4.833333333333333,80.57167143166815,159.30329617760975,False,45.3584325249356,198.4082007946728,False,109.6550225877574,201.7057089373887,False,26.0928290100811,238.13496732651504,False,120.0152404820395,241.0599902105861,False,19.71390913565337,260.4292571670629,False,127.91770849868504,264.9446499410763,False,60.77958499428794,284.5786819327983,False,92.39290194810454,284.2475367718023,False,51.79102257986809,347.80583261079784,False,95.78834754442778,352.1031669608171,False,36.84402542063061,403.14723864617673,False,96.37923803430076,420.876438870044,False,True
291,291,4.85,4.85,Sports2D_HALPE26_postprocessed,79.62423579712416,159.21259211311963,1.0,42.60261009343819,198.56391517290012,1.0,108.34330652625312,202.11513151311053,1.0,23.153202671992403,238.6506652543316,1.0,118.30429210939518,240.0870340547354,1.0,19.449535530361963,259.5923420041647,1.0,127.76963713829907,265.00736368888136,1.0,60.27500348772423,284.37444957772885,1.0,91.4659257343224,283.9167157820565,1.0,50.89102768366482,347.6318652295627,1.0,94.99096807448072,351.1417233103508,1.0,35.4463031864156,403.5867536741943,1.0,96.42076696302972,420.3804091991997,1.0,53.070568853102735,436.5312235274602,1.0,41.09399428242766,434.72157633010016,1.0,32.335577234103525,415.8893275673717,1.0,80.46160896898303,429.0010649808247,1.0,84.50839446175561,431.7847031978025,1.0,97.0247358050358,434.59170414118,1.0,1.0,4.85,79.62423579712416,159.21259211311963,False,42.60261009343819,198.56391517290012,False,108.34330652625312,202.11513151311053,False,23.153202671992403,238.6506652543316,False,118.30429210939518,240.0870340547354,False,19.449535530361963,259.5923420041647,False,127.76963713829907,265.00736368888136,False,60.27500348772423,284.37444957772885,False,91.4659257343224,283.9167157820565,False,50.89102768366482,347.6318652295627,False,94.99096807448072,351.1417233103508,False,35.4463031864156,403.5867536741943,False,96.42076696302972,420.3804091991997,False,True
292,292,4.866666666666666,4.866666666666666,Sports2D_HALPE26_postprocessed,78.17785515798292,159.06281794604195,1.0,41.05015366732869,198.5221230123857,1.0,106.83928405798451,202.3612836990743,1.0,20.15658397657008,238.58188795539428,1.0,117.20400200816142,239.83778259678533,1.0,20.262648044100352,258.47579351107305,1.0,127.46404818379166,264.85016202408895,1.0,58.81990646159184,284.12316860834994,1.0,89.98422677557826,283.6220566602072,1.0,49.41543795012939,347.8778340821109,1.0,94.38480961076712,350.87684378903447,1.0,34.40630618264904,405.1804479005,1.0,96.36349351925898,419.8613174561813,1.0,51.92409981694716,436.2926005428982,1.0,41.05511063083194,434.7476384385973,1.0,30.88092648305272,418.11388891278153,1.0,80.28686878988452,429.295765768682,1.0,84.53310815312523,431.8281609906031,1.0,96.93257764102836,434.41948385619287,1.0,1.0,4.866666666666666,78.17785515798292,159.06281794604195,False,41.05015366732869,198.5221230123857,False,106.83928405798451,202.3612836990743,False,20.15658397657008,238.58188795539428,False,117.20400200816142,239.83778259678533,False,20.262648044100352,258.47579351107305,False,127.46404818379166,264.85016202408895,False,58.81990646159184,284.12316860834994,False,89.98422677557826,283.6220566602072,False,49.41543795012939,347.8778340821109,False,94.38480961076712,350.87684378903447,False,34.40630618264904,405.1804479005,False,96.36349351925898,419.8613174561813,False,True
293,293,4.883333333333333,4.883333333333333,Sports2D_HALPE26_postprocessed,77.13745620765094,158.94854864045362,1.0,40.00933163039529,198.4588351732308,1.0,105.29219876714356,202.37724813469976,1.0,17.787722146089266,238.9542693004496,1.0,115.72044922839396,240.4859048276592,1.0,20.839080731327684,258.20149487600844,1.0,127.17668041399008,265.1208152904814,1.0,57.380824456319246,283.62193489687644,1.0,88.46308182773424,283.0771075745152,1.0,47.99044822951259,348.0367241989899,1.0,93.4399245059642,350.62813393464387,1.0,33.55060794715435,406.8087937494303,1.0,96.0596274775431,419.3981784668728,1.0,51.82567394892018,435.9241804713346,1.0,41.08346321832801,434.3465932701516,1.0,30.164957858949965,420.6596388497584,1.0,80.24564111142469,429.5000323491624,1.0,84.5168023363073,431.8102202266576,1.0,96.8694509984703,434.2113223628162,1.0,1.0,4.883333333333333,77.13745620765094,158.94854864045362,False,40.00933163039529,198.4588351732308,False,105.29219876714356,202.37724813469976,False,17.787722146089266,238.9542693004496,False,115.72044922839396,240.4859048276592,False,20.839080731327684,258.20149487600844,False,127.17668041399008,265.1208152904814,False,57.380824456319246,283.62193489687644,False,88.46308182773424,283.0771075745152,False,47.99044822951259,348.0367241989899,False,93.4399245059642,350.62813393464387,False,33.55060794715435,406.8087937494303,False,96.0596274775431,419.3981784668728,False,True
294,294,4.9,4.9,Sports2D_HALPE26_postprocessed,76.09175721099517,158.75597858357156,1.0,38.00403253432644,198.32161223731336,1.0,103.8068381054749,202.23738311357943,1.0,16.140918079852494,239.2345003636251,1.0,115.119291688883,241.27991514157205,1.0,21.28846876260392,257.5804717879775,1.0,126.72970251594188,265.402160924227,1.0,56.27867667136831,282.18676087481214,1.0,86.9577621823139,281.7552546616917,1.0,46.90296523705442,348.1039059236781,1.0,92.82618342624968,350.52560990712374,1.0,33.08101314815233,408.5979061909672,1.0,96.19845095892492,419.2628083635286,1.0,51.614005585312455,435.6431077596202,1.0,41.07406368917724,433.8405069133682,1.0,30.0293529691999,423.0064499351773,1.0,80.4048522580675,429.6921754059912,1.0,84.46143175008174,431.9127033849013,1.0,96.79254075713428,434.2883440029197,1.0,1.0,4.9,76.09175721099517,158.75597858357156,False,38.00403253432644,198.32161223731336,False,103.8068381054749,202.23738311357943,False,16.140918079852494,239.2345003636251,False,115.119291688883,241.27991514157205,False,21.28846876260392,257.5804717879775,False,126.72970251594188,265.402160924227,False,56.27867667136831,282.18676087481214,False,86.9577621823139,281.7552546616917,False,46.90296523705442,348.1039059236781,False,92.82618342624968,350.52560990712374,False,33.08101314815233,408.5979061909672,False,96.19845095892492,419.2628083635286,False,True
295,295,4.916666666666667,4.916666666666667,Sports2D_HALPE26_postprocessed,74.56512480226537,158.7203810130331,1.0,35.95613313153835,198.420206215882,1.0,102.18328218141686,202.3932703719415,1.0,14.503559272730216,239.4221075189085,1.0,113.56801254424416,241.719944729154,1.0,22.122515592871046,258.26901747152453,1.0,126.093702886918,266.4940427535637,1.0,54.71880511622803,281.5614319293521,1.0,85.3659371281748,281.1247543105227,1.0,45.81037843027815,348.24009440406104,1.0,91.7856683682152,350.7165881350704,1.0,32.96081713105594,409.5791663706654,1.0,95.84690425469672,419.4268188144473,1.0,51.90337148653919,435.0826214405842,1.0,41.22900591046716,433.4039614187532,1.0,29.86552106912061,424.4574384906874,1.0,80.4424186614751,429.7407741749921,1.0,84.21178721433421,432.00513669865575,1.0,96.3234964671724,434.261701087304,1.0,1.0,4.916666666666667,74.56512480226537,158.7203810130331,False,35.95613313153835,198.420206215882,False,102.18328218141686,202.3932703719415,False,14.503559272730216,239.4221075189085,False,113.56801254424416,241.719944729154,False,22.122515592871046,258.26901747152453,False,126.093702886918,266.4940427535637,False,54.71880511622803,281.5614319293521,False,85.3659371281748,281.1247543105227,False,45.81037843027815,348.24009440406104,False,91.7856683682152,350.7165881350704,False,32.96081713105594,409.5791663706654,False,95.84690425469672,419.4268188144473,False,True
296,296,4.933333333333334,4.933333333333334,Sports2D_HALPE26_postprocessed,73.82397582119098,158.89552344270584,1.0,34.71004135791493,198.4487374626908,1.0,100.49462509718823,202.44949718706624,1.0,12.96359587224124,239.4061906460316,1.0,111.92852041517568,242.2054147010452,1.0,23.34236114183021,259.1706578636888,1.0,125.3889703411655,267.4285489269336,1.0,53.48942478958746,280.91873979324447,1.0,84.13965154814986,280.53124642949336,1.0,44.9671255002057,348.2907386564545,1.0,91.02356017952908,351.00402721465525,1.0,32.89987743823787,410.8283807264876,1.0,95.61814407127504,419.7055845833355,1.0,52.24761844565894,434.9422132744311,1.0,42.21137294793944,433.32120710715697,1.0,30.263641512820005,426.106334617471,1.0,80.57348468780249,429.7634704334018,1.0,84.15091271556989,431.9026014318074,1.0,96.0885746048719,434.2898737859661,1.0,1.0,4.933333333333334,73.82397582119098,158.89552344270584,False,34.71004135791493,198.4487374626908,False,100.49462509718823,202.44949718706624,False,12.96359587224124,239.4061906460316,False,111.92852041517568,242.2054147010452,False,23.34236114183021,259.1706578636888,False,125.3889703411655,267.4285489269336,False,53.48942478958746,280.91873979324447,False,84.13965154814986,280.53124642949336,False,44.9671255002057,348.2907386564545,False,91.02356017952908,351.00402721465525,False,32.89987743823787,410.8283807264876,False,95.61814407127504,419.7055845833355,False,True
297,297,4.95,4.95,Sports2D_HALPE26_postprocessed,73.17211181738904,159.00233648170752,1.0,33.21888138141018,198.3090410646643,1.0,98.4984655309479,202.28562859458023,1.0,12.32639146373951,239.5465282603597,1.0,110.82224506354216,243.7802063172251,1.0,24.96157456394464,259.09062325876414,1.0,124.80764833615798,268.3827901749306,1.0,51.96877944670308,281.0935185762546,1.0,82.66686897220488,281.0269297836603,1.0,43.166113362714185,348.3162618689425,1.0,90.07673342128447,351.1132559557759,1.0,33.17365288506456,413.3132394392381,1.0,95.48390995395604,419.9035590491945,1.0,52.81613719639789,434.9048613107382,1.0,43.27892682620463,433.2738248743987,1.0,31.169734166319003,428.14931569223,1.0,80.52007373506785,429.7154165663087,1.0,83.84963763203555,431.8811093529398,1.0,95.97361747081284,434.3537885710656,1.0,1.0,4.95,73.17211181738904,159.00233648170752,False,33.21888138141018,198.3090410646643,False,98.4984655309479,202.28562859458023,False,12.32639146373951,239.5465282603597,False,110.82224506354216,243.7802063172251,False,24.96157456394464,259.09062325876414,False,124.80764833615798,268.3827901749306,False,51.96877944670308,281.0935185762546,False,82.66686897220488,281.0269297836603,False,43.166113362714185,348.3162618689425,False,90.07673342128447,351.1132559557759,False,33.17365288506456,413.3132394392381,False,95.48390995395604,419.9035590491945,False,True
298,298,4.966666666666667,4.966666666666667,Sports2D_HALPE26_postprocessed,70.76193624016241,158.63260807871077,1.0,31.971917345328244,198.123092248042,1.0,96.49467067283749,202.13271969996032,1.0,11.529026483305898,239.6075217743704,1.0,108.96437755267624,244.145079527911,1.0,27.093346262705737,259.3405991366985,1.0,124.33207904589185,270.51135146237,1.0,50.32812904377148,280.7784958725513,1.0,81.54976116537806,281.06833536154704,1.0,42.4496422560459,348.33527779798305,1.0,89.47311967782298,350.8772078941737,1.0,33.015527893440144,414.6867458464391,1.0,95.09260281938344,420.2223611590963,1.0,52.331112179745325,434.8000567787436,1.0,43.840057488777184,432.8651028318885,1.0,31.0423909901823,429.1609885011953,1.0,81.03382521230185,429.7084022084344,1.0,87.52289035197307,431.7774985729205,1.0,95.6131735779624,434.16105724111526,1.0,1.0,4.966666666666667,70.76193624016241,158.63260807871077,False,31.971917345328244,198.123092248042,False,96.49467067283749,202.13271969996032,False,11.529026483305898,239.6075217743704,False,108.96437755267624,244.145079527911,False,27.093346262705737,259.3405991366985,False,124.33207904589185,270.51135146237,False,50.32812904377148,280.7784958725513,False,81.54976116537806,281.06833536154704,False,42.4496422560459,348.33527779798305,False,89.47311967782298,350.8772078941737,False,33.015527893440144,414.6867458464391,False,95.09260281938344,420.2223611590963,False,True
299,299,4.983333333333333,4.983333333333333,Sports2D_HALPE26_postprocessed,68.33248132294125,158.24152357675428,1.0,30.08908205759668,197.81871051612848,1.0,94.10368937668458,201.89088762255068,1.0,10.58204213470724,239.55544344720028,1.0,107.5341810051274,244.4984649819016,1.0,28.551687969561428,256.6320523953853,1.0,123.4977972264823,272.5085045132663,1.0,48.45724056932498,280.1295033424543,1.0,79.73894069979605,280.1730959173838,1.0,41.90076594140917,348.3606455863053,1.0,88.66548580489848,350.4732822047255,1.0,32.83420805835374,415.0593741199464,1.0,94.69419177877296,420.0699645576327,1.0,51.98291798168036,434.78436901420537,1.0,42.87068328712964,432.7236791379923,1.0,30.88788829303213,429.72074771527207,1.0,81.78322088628856,429.81029998312965,1.0,88.86907495095173,431.7905582665653,1.0,95.57086906389527,433.8730463756101,1.0,1.0,4.983333333333333,68.33248132294125,158.24152357675428,False,30.08908205759668,197.81871051612848,False,94.10368937668458,201.89088762255068,False,10.58204213470724,239.55544344720028,False,107.5341810051274,244.4984649819016,False,28.551687969561428,256.6320523953853,False,123.4977972264823,272.5085045132663,False,48.45724056932498,280.1295033424543,False,79.73894069979605,280.1730959173838,False,41.90076594140917,348.3606455863053,False,88.66548580489848,350.4732822047255,False,32.83420805835374,415.0593741199464,False,94.69419177877296,420.0699645576327,False,True
300,300,5.0,5.0,Sports2D_HALPE26_postprocessed,66.5378213635627,158.03296274642406,1.0,29.164762988700392,197.445140353319,1.0,91.9225859134118,201.4561701802246,1.0,10.064376313599023,239.527772371781,1.0,106.33347178248115,244.89931664346267,1.0,28.37135863562903,253.85502739010755,1.0,122.41213122397778,274.0352962837828,1.0,47.59353269039777,280.6686709405488,1.0,78.86663684523724,280.61384578840153,1.0,41.17189087354307,348.40707128000224,1.0,88.35872394283035,350.5322564500058,1.0,32.10648709677314,416.3432943767725,1.0,94.51098857539525,420.13134151976647,1.0,52.1285522061972,434.8852725291063,1.0,42.65435066291667,432.6749374284233,1.0,30.23317159974895,430.39068762499113,1.0,81.70711241356382,429.9981819143946,1.0,88.34877063648037,431.74581230980107,1.0,95.4739655863804,433.454684298464,1.0,1.0,5.0,66.5378213635627,158.03296274642406,False,29.164762988700392,197.445140353319,False,91.9225859134118,201.4561701802246,False,10.064376313599023,239.527772371781,False,106.33347178248115,244.89931664346267,False,28.37135863562903,253.85502739010755,False,122.41213122397778,274.0352962837828,False,47.59353269039777,280.6686709405488,False,78.86663684523724,280.61384578840153,False,41.17189087354307,348.40707128000224,False,88.35872394283035,350.5322564500058,False,32.10648709677314,416.3432943767725,False,94.51098857539525,420.13134151976647,False,True
301,301,5.016666666666667,5.016666666666667,Sports2D_HALPE26_postprocessed,64.45954083514273,157.69710072669963,1.0,27.590341691649748,196.81497812444104,1.0,89.80931546571108,200.90098318630703,1.0,9.29393208486522,239.0854521153052,1.0,104.28002687940509,244.28798862207384,1.0,28.49314950461578,249.68288541170764,1.0,121.3050216190827,275.04175628512627,1.0,46.46092466740174,280.23074589646404,1.0,76.88713376179153,279.9014736951046,1.0,40.615318288604186,348.5066535616038,1.0,87.8081714737577,350.14847785034453,1.0,31.570446207214985,416.5362974954362,1.0,94.68743817157836,419.8565508042676,1.0,50.37236133079328,434.7443292153205,1.0,43.13774789142406,432.5023702783623,1.0,30.00538095042075,430.7840376670393,1.0,82.17640519245744,429.81216961905113,1.0,88.70579647536522,431.8465502257342,1.0,95.72024855572762,432.8262388202378,1.0,1.0,5.016666666666667,64.45954083514273,157.69710072669963,False,27.590341691649748,196.81497812444104,False,89.80931546571108,200.90098318630703,False,9.29393208486522,239.0854521153052,False,104.28002687940509,244.28798862207384,False,28.49314950461578,249.68288541170764,False,121.3050216190827,275.04175628512627,False,46.46092466740174,280.23074589646404,False,76.88713376179153,279.9014736951046,False,40.615318288604186,348.5066535616038,False,87.8081714737577,350.14847785034453,False,31.570446207214985,416.5362974954362,False,94.68743817157836,419.8565508042676,False,True
302,302,5.033333333333333,5.033333333333333,Sports2D_HALPE26_postprocessed,62.42767761098852,157.45018946043334,1.0,26.03455975055079,196.37646121565012,1.0,87.31966571257362,199.9382427950644,1.0,8.569071881189508,238.87217001939348,1.0,101.35342484454556,244.08328762549124,1.0,27.992137535307503,246.1055461930855,1.0,119.81209382921809,276.8560603442297,1.0,44.9534169296982,279.1877572116917,1.0,75.30860467309913,278.70822603861075,1.0,40.42054579024102,348.7573915691439,1.0,87.26471706745278,349.63052414688445,1.0,31.317642028019,416.2861340704367,1.0,94.38931264119071,419.0006961286125,1.0,49.67111471453488,434.5636761142218,1.0,42.59084355365253,432.43013188408617,1.0,29.50545904573981,431.1701049095245,1.0,82.2164366890539,429.7059555735172,1.0,88.65942928878097,431.9343842332098,1.0,95.75787432161906,432.25474642256273,1.0,1.0,5.033333333333333,62.42767761098852,157.45018946043334,False,26.03455975055079,196.37646121565012,False,87.31966571257362,199.9382427950644,False,8.569071881189508,238.87217001939348,False,101.35342484454556,244.08328762549124,False,27.992137535307503,246.1055461930855,False,119.81209382921809,276.8560603442297,False,44.9534169296982,279.1877572116917,False,75.30860467309913,278.70822603861075,False,40.42054579024102,348.7573915691439,False,87.26471706745278,349.63052414688445,False,31.317642028019,416.2861340704367,False,94.38931264119071,419.0006961286125,False,True
303,303,5.05,5.05,Sports2D_HALPE26_postprocessed,60.7611282968409,157.27791381401784,1.0,24.790506745199963,196.2912562191351,1.0,85.18354778440984,199.27006068614725,1.0,8.50196430244823,238.9601401232752,1.0,99.20214742491078,243.91439623758924,1.0,30.16875018540846,243.541684373148,1.0,117.79056043054408,277.9497916833925,1.0,43.77915005200674,277.8817391474718,1.0,73.73129444794031,276.8669360050281,1.0,39.75121087764549,348.58244766756025,1.0,86.69222693891965,348.81834525396926,1.0,30.761414146959872,416.0904104980672,1.0,94.20221492224604,417.5931811378941,1.0,49.20596400835191,434.5360497294752,1.0,42.02564100545796,432.4384997659181,1.0,29.22022429692876,431.0488989123872,1.0,81.91000116609115,429.8207074050637,1.0,88.32750455377759,432.0538004238963,1.0,95.64371190218972,431.43552840760856,1.0,1.0,5.05,60.7611282968409,157.27791381401784,False,24.790506745199963,196.2912562191351,False,85.18354778440984,199.27006068614725,False,8.50196430244823,238.9601401232752,False,99.20214742491078,243.91439623758924,False,30.16875018540846,243.541684373148,False,117.79056043054408,277.9497916833925,False,43.77915005200674,277.8817391474718,False,73.73129444794031,276.8669360050281,False,39.75121087764549,348.58244766756025,False,86.69222693891965,348.81834525396926,False,30.761414146959872,416.0904104980672,False,94.20221492224604,417.5931811378941,False,True
304,304,5.066666666666666,5.066666666666666,Sports2D_HALPE26_postprocessed,59.3331356024628,157.20550282249232,1.0,23.442748064035264,196.01406810093488,1.0,83.27927651672769,199.08612879579223,1.0,8.234072945321715,238.6358776707156,1.0,97.29050126542964,244.2550084858051,1.0,32.21549543552822,242.42417736825635,1.0,116.33327358869452,279.120498660358,1.0,42.87920586800272,277.5025414553976,1.0,72.7840013905445,276.1591095540281,1.0,38.88426953144726,348.32825594368273,1.0,86.3314573623526,348.3304076734579,1.0,30.521936512091425,416.2859907422615,1.0,93.8637172609355,416.4045295976382,1.0,49.12055141194452,434.5841813693938,1.0,41.826441418808514,432.4620898536256,1.0,28.75502309975111,431.2736814727689,1.0,81.887560626155,429.93666556051807,1.0,88.28489420318567,432.3328526413338,1.0,94.98066838117911,430.703108692783,1.0,1.0,5.066666666666666,59.3331356024628,157.20550282249232,False,23.442748064035264,196.01406810093488,False,83.27927651672769,199.08612879579223,False,8.234072945321715,238.6358776707156,False,97.29050126542964,244.2550084858051,False,32.21549543552822,242.42417736825635,False,116.33327358869452,279.120498660358,False,42.87920586800272,277.5025414553976,False,72.7840013905445,276.1591095540281,False,38.88426953144726,348.32825594368273,False,86.3314573623526,348.3304076734579,False,30.521936512091425,416.2859907422615,False,93.8637172609355,416.4045295976382,False,True
305,305,5.083333333333333,5.083333333333333,Sports2D_HALPE26_postprocessed,57.613202536589526,157.16295192907052,1.0,22.59097159006252,195.89218272193057,1.0,81.1148588348216,198.85889055034772,1.0,7.840857182436104,238.3388826877048,1.0,94.61903262260022,244.26900244115137,1.0,34.40415880220321,240.522668121605,1.0,114.2000004409624,280.55676122275185,1.0,42.11654903188637,277.45923537028824,1.0,71.6304569811991,275.7653161528773,1.0,38.12032290867213,348.0972951991515,1.0,86.10524980000483,347.9427286390302,1.0,30.578617313416743,416.6826419972622,1.0,93.276068634671,416.2175103515565,1.0,49.2116468408351,434.6354891745949,1.0,41.66015622733137,432.3942857017689,1.0,28.158177827757065,431.6710993077426,1.0,81.97872432686898,429.87823590311854,1.0,88.12610146703918,432.3257126868459,1.0,94.27057948790365,430.3890845971732,1.0,1.0,5.083333333333333,57.613202536589526,157.16295192907052,False,22.59097159006252,195.89218272193057,False,81.1148588348216,198.85889055034772,False,7.840857182436104,238.3388826877048,False,94.61903262260022,244.26900244115137,False,34.40415880220321,240.522668121605,False,114.2000004409624,280.55676122275185,False,42.11654903188637,277.45923537028824,False,71.6304569811991,275.7653161528773,False,38.12032290867213,348.0972951991515,False,86.10524980000483,347.9427286390302,False,30.578617313416743,416.6826419972622,False,93.276068634671,416.2175103515565,False,True
306,306,5.1,5.1,Sports2D_HALPE26_postprocessed,55.86608227554915,157.27561445065385,1.0,21.453093157882915,195.79112830690207,1.0,79.30201537341038,198.2540273509384,1.0,8.012837867512607,238.47363185522275,1.0,91.40609099464542,243.84227305982787,1.0,35.03397723688906,239.5678747413624,1.0,111.41135412947467,281.4507268278077,1.0,41.3503512563764,277.4500904517603,1.0,70.82305559087858,275.5933653348044,1.0,37.41758256991155,347.90612478511207,1.0,85.82343718482284,347.68719417803266,1.0,30.437516449007266,416.4789288727056,1.0,92.87137151514894,415.8047709641571,1.0,49.005385920301,434.6036019743239,1.0,41.589385452135176,432.3100513611714,1.0,27.99054776800692,431.47017278775706,1.0,81.6104461559405,429.7951202208296,1.0,87.85802640222472,432.29104343007066,1.0,93.46470685116007,430.2775324198392,1.0,1.0,5.1,55.86608227554915,157.27561445065385,False,21.453093157882915,195.79112830690207,False,79.30201537341038,198.2540273509384,False,8.012837867512607,238.47363185522275,False,91.40609099464542,243.84227305982787,False,35.03397723688906,239.5678747413624,False,111.41135412947467,281.4507268278077,False,41.3503512563764,277.4500904517603,False,70.82305559087858,275.5933653348044,False,37.41758256991155,347.90612478511207,False,85.82343718482284,347.68719417803266,False,30.437516449007266,416.4789288727056,False,92.87137151514894,415.8047709641571,False,True
307,307,5.116666666666666,5.116666666666666,Sports2D_HALPE26_postprocessed,54.463294601085245,157.49361084292158,1.0,20.958037234444628,195.84469596448469,1.0,77.53710971216799,198.09524328110092,1.0,7.2178820163807345,238.55506631586212,1.0,89.51192175706792,243.4717141272975,1.0,35.21160372975046,239.0123469683123,1.0,108.6304222486112,282.80295723666023,1.0,40.55836414863332,277.42446152260845,1.0,70.02832372213463,275.60453998883645,1.0,37.02634112161286,347.71635606640683,1.0,85.54135517087659,346.9328399491713,1.0,30.420876665869628,416.8260604626409,1.0,92.14278546552788,415.5859111314695,1.0,48.64565993457451,434.4406896483416,1.0,41.078357800761566,432.1986354189444,1.0,28.0606119969641,431.8268277483207,1.0,81.09885525714336,429.6073774746226,1.0,87.3787865417257,432.2691968762321,1.0,92.61845080306004,430.2160559398766,1.0,1.0,5.116666666666666,54.463294601085245,157.49361084292158,False,20.958037234444628,195.84469596448469,False,77.53710971216799,198.09524328110092,False,7.2178820163807345,238.55506631586212,False,89.51192175706792,243.4717141272975,False,35.21160372975046,239.0123469683123,False,108.6304222486112,282.80295723666023,False,40.55836414863332,277.42446152260845,False,70.02832372213463,275.60453998883645,False,37.02634112161286,347.71635606640683,False,85.54135517087659,346.9328399491713,False,30.420876665869628,416.8260604626409,False,92.14278546552788,415.5859111314695,False,True
308,308,5.133333333333333,5.133333333333333,Sports2D_HALPE26_postprocessed,52.47990141937366,157.57830314779568,1.0,19.57748574388435,196.02418384700823,1.0,76.3363182583262,198.00228752402745,1.0,7.117242072216088,238.7209613730232,1.0,87.3768120999325,243.18994186205293,1.0,34.85689591223025,238.40505283205687,1.0,106.83207263362183,283.66467589937577,1.0,39.90397786371124,277.39328155774115,1.0,69.3413211029528,275.7272394741585,1.0,36.46977487612093,347.56866758536444,1.0,85.34293254465322,346.5301197328924,1.0,30.1398914171413,417.0639795872544,1.0,91.42103403057511,415.09443580309176,1.0,48.58875675065485,434.31852840492144,1.0,40.76991977639087,431.9204271595459,1.0,27.97202361638329,432.0502183321119,1.0,80.63438755154934,429.5407696381494,1.0,86.85828064575249,432.2194659454802,1.0,91.45889216718962,430.0681508749543,1.0,1.0,5.133333333333333,52.47990141937366,157.57830314779568,False,19.57748574388435,196.02418384700823,False,76.3363182583262,198.00228752402745,False,7.117242072216088,238.7209613730232,False,87.3768120999325,243.18994186205293,False,34.85689591223025,238.40505283205687,False,106.83207263362183,283.66467589937577,False,39.90397786371124,277.39328155774115,False,69.3413211029528,275.7272394741585,False,36.46977487612093,347.56866758536444,False,85.34293254465322,346.5301197328924,False,30.1398914171413,417.0639795872544,False,91.42103403057511,415.09443580309176,False,True
309,309,5.15,5.15,Sports2D_HALPE26_postprocessed,51.06268792711206,157.57041178414818,1.0,18.65421264704752,196.0586974993793,1.0,74.49809663456564,197.7352167755249,1.0,6.927030212567241,238.80035686566143,1.0,84.93127864041585,243.0962691342255,1.0,34.95135959231088,237.22344312038365,1.0,103.88438865097666,284.4527179493281,1.0,38.66735989266429,277.21215241003245,1.0,68.0562368264222,275.2985930968498,1.0,35.742824203940046,347.3741151675416,1.0,84.90475546779604,346.1225016140103,1.0,30.143015662486675,417.5284032705234,1.0,90.08141746260866,415.12255972348976,1.0,48.66593267805347,434.1041017310183,1.0,41.216880132322665,431.6164538768768,1.0,27.68905548757904,432.47753212683153,1.0,79.8201006351312,428.9276371831114,1.0,86.71352076666945,431.9027752239157,1.0,89.59287963763693,430.2998298943337,1.0,1.0,5.15,51.06268792711206,157.57041178414818,False,18.65421264704752,196.0586974993793,False,74.49809663456564,197.7352167755249,False,6.927030212567241,238.80035686566143,False,84.93127864041585,243.0962691342255,False,34.95135959231088,237.22344312038365,False,103.88438865097666,284.4527179493281,False,38.66735989266429,277.21215241003245,False,68.0562368264222,275.2985930968498,False,35.742824203940046,347.3741151675416,False,84.90475546779604,346.1225016140103,False,30.143015662486675,417.5284032705234,False,90.08141746260866,415.12255972348976,False,True
310,310,5.166666666666667,5.166666666666667,Sports2D_HALPE26_postprocessed,49.90528612448461,157.64730059131867,1.0,17.59499189386499,196.0034371866637,1.0,73.34667448770222,197.3940950034868,1.0,7.245928237886481,239.2811125338792,1.0,82.420150173687,242.9704556872147,1.0,34.799809496219595,237.4807462778022,1.0,100.3334764885394,284.982528657336,1.0,38.039635374269935,277.3088260411216,1.0,67.44531281693509,275.58126239994664,1.0,35.56287099319293,347.3838928851293,1.0,84.34609888338193,345.94750035063794,1.0,30.05612867686676,418.1866836805884,1.0,88.99823848917629,415.6100085544096,1.0,48.75746626283913,433.74791403389946,1.0,41.61154503013579,431.19004532432575,1.0,27.537345854131104,432.9849002604064,1.0,79.5711447619974,428.1400573735039,1.0,87.41131772670276,431.3427123048207,1.0,88.06340552253468,430.6802239429058,1.0,1.0,5.166666666666667,49.90528612448461,157.64730059131867,False,17.59499189386499,196.0034371866637,False,73.34667448770222,197.3940950034868,False,7.245928237886481,239.2811125338792,False,82.420150173687,242.9704556872147,False,34.799809496219595,237.4807462778022,False,100.3334764885394,284.982528657336,False,38.039635374269935,277.3088260411216,False,67.44531281693509,275.58126239994664,False,35.56287099319293,347.3838928851293,False,84.34609888338193,345.94750035063794,False,30.05612867686676,418.1866836805884,False,88.99823848917629,415.6100085544096,False,True
311,311,5.183333333333334,5.183333333333334,Sports2D_HALPE26_postprocessed,48.41326084640693,157.51464154440305,1.0,16.776089271968274,196.0101926637004,1.0,71.88482954766059,197.13828492944333,1.0,7.573897031356452,239.70111125022447,1.0,80.82971501851151,243.2563059799715,1.0,34.61231398779508,234.75605301586,1.0,96.82665323065106,285.1033199933327,1.0,37.52944923768471,277.2179743556271,1.0,66.99641912522145,275.74758851052707,1.0,35.338357622003066,347.4940862312565,1.0,83.78351765651517,346.1055059121696,1.0,29.961738097031144,418.6286277868862,1.0,88.43461761705998,415.3932571086455,1.0,49.16333177886151,433.3294942700876,1.0,43.117837581431786,430.7086102715115,1.0,27.324237500084536,433.14551939135765,1.0,80.08561678226948,427.691202664251,1.0,90.20134310812924,430.3317223946887,1.0,87.84409663684136,430.7139475053148,1.0,1.0,5.183333333333334,48.41326084640693,157.51464154440305,False,16.776089271968274,196.0101926637004,False,71.88482954766059,197.13828492944333,False,7.573897031356452,239.70111125022447,False,80.82971501851151,243.2563059799715,False,34.61231398779508,234.75605301586,False,96.82665323065106,285.1033199933327,False,37.52944923768471,277.2179743556271,False,66.99641912522145,275.74758851052707,False,35.338357622003066,347.4940862312565,False,83.78351765651517,346.1055059121696,False,29.961738097031144,418.6286277868862,False,88.43461761705998,415.3932571086455,False,True
312,312,5.2,5.2,Sports2D_HALPE26_postprocessed,47.10958522988473,157.51319254870444,1.0,17.10460060076999,195.9711278022581,1.0,70.70071017007336,196.90399809066128,1.0,7.4578530015505535,239.72287108664275,1.0,78.61125121493873,243.54998203113848,1.0,34.57801979907922,234.911210531448,1.0,93.5704503195323,284.1967043038736,1.0,37.15861958058122,277.4172223396432,1.0,67.017155886682,276.25891115541685,1.0,34.307876708864306,347.5137607067859,1.0,83.05646917605124,346.18324966609725,1.0,29.80205594449287,418.85816780808295,1.0,88.102796084628,415.2337160742522,1.0,49.50361909758294,433.177525022142,1.0,43.10307639476024,430.5412330014873,1.0,26.80054973462264,433.3584455921987,1.0,83.92295258238198,427.0115952949283,1.0,93.16923891341052,429.8288484612672,1.0,87.13103702037107,430.5133455399042,1.0,1.0,5.2,47.10958522988473,157.51319254870444,False,17.10460060076999,195.9711278022581,False,70.70071017007336,196.90399809066128,False,7.4578530015505535,239.72287108664275,False,78.61125121493873,243.54998203113848,False,34.57801979907922,234.911210531448,False,93.5704503195323,284.1967043038736,False,37.15861958058122,277.4172223396432,False,67.017155886682,276.25891115541685,False,34.307876708864306,347.5137607067859,False,83.05646917605124,346.18324966609725,False,29.80205594449287,418.85816780808295,False,88.102796084628,415.2337160742522,False,True
313,313,5.216666666666667,5.216666666666667,Sports2D_HALPE26_postprocessed,45.57190926354528,157.50125291961095,1.0,15.714058357177024,196.1804580342332,1.0,69.99148958440203,196.7770985673271,1.0,7.438060734042449,239.77615264152703,1.0,76.0579768686991,243.1183700350408,1.0,34.07695400701251,230.9529084402414,1.0,90.41074122482364,284.1285769946897,1.0,36.15030952576697,277.45275012096715,1.0,65.6045016356074,276.0824329099793,1.0,33.66909359930587,347.4658335987916,1.0,82.33198499854522,345.1398776180754,1.0,29.707547462864195,418.7883778772605,1.0,87.10812170909497,415.38348017372937,1.0,49.382397954730855,432.97015316072736,1.0,42.93879034949309,430.1262454779917,1.0,26.60334305809912,433.31301772721736,1.0,88.02104420748005,427.2911784881956,1.0,95.21311906965704,430.074684103915,1.0,85.65228501967633,430.1393244510846,1.0,1.0,5.216666666666667,45.57190926354528,157.50125291961095,False,15.714058357177024,196.1804580342332,False,69.99148958440203,196.7770985673271,False,7.438060734042449,239.77615264152703,False,76.0579768686991,243.1183700350408,False,34.07695400701251,230.9529084402414,False,90.41074122482364,284.1285769946897,False,36.15030952576697,277.45275012096715,False,65.6045016356074,276.0824329099793,False,33.66909359930587,347.4658335987916,False,82.33198499854522,345.1398776180754,False,29.707547462864195,418.7883778772605,False,87.10812170909497,415.38348017372937,False,True
314,314,5.233333333333333,5.233333333333333,Sports2D_HALPE26_postprocessed,44.42707267302239,157.40662077094524,1.0,14.550227242234737,196.2810566498847,1.0,68.518829192978,196.43630440534864,1.0,7.70160863900155,240.08000655728347,1.0,73.90729635504961,242.67390026181027,1.0,33.95936901327807,229.84600312886096,1.0,86.89761503476244,284.3432734992383,1.0,35.23469376303718,277.4231855003045,1.0,64.46002818151459,275.9200705244402,1.0,33.07962525514159,347.5455596017636,1.0,81.4457996570938,345.1162792726212,1.0,29.61543077160035,418.6733135598082,1.0,86.01266159732417,415.2657108604212,1.0,49.5095652566745,432.7860096528161,1.0,43.008573707081965,429.935434249968,1.0,26.37760440336828,433.2310540315962,1.0,91.45786012350452,427.2570863391472,1.0,96.71285849372798,430.2968717302709,1.0,84.44576176265299,430.08085635407633,1.0,1.0,5.233333333333333,44.42707267302239,157.40662077094524,False,14.550227242234737,196.2810566498847,False,68.518829192978,196.43630440534864,False,7.70160863900155,240.08000655728347,False,73.90729635504961,242.67390026181027,False,33.95936901327807,229.84600312886096,False,86.89761503476244,284.3432734992383,False,35.23469376303718,277.4231855003045,False,64.46002818151459,275.9200705244402,False,33.07962525514159,347.5455596017636,False,81.4457996570938,345.1162792726212,False,29.61543077160035,418.6733135598082,False,86.01266159732417,415.2657108604212,False,True
315,315,5.25,5.25,Sports2D_HALPE26_postprocessed,43.39534730778185,157.5102796786894,1.0,13.2786393623777,196.3201278516347,1.0,67.81638490023447,196.1066312421944,1.0,7.342939979259697,240.1199491421728,1.0,71.78383209367598,241.5664675409849,1.0,33.455834694393666,229.29410597424325,1.0,85.11175370720825,283.7854544495216,1.0,35.02122890351118,277.1694185068841,1.0,63.38026263486178,275.6139068414983,1.0,32.54003612217155,347.5551007048299,1.0,81.19422372645818,345.037797131498,1.0,29.51619467619841,418.5787216903035,1.0,85.3031549897824,415.01069263092745,1.0,49.47291291702823,432.6995454523933,1.0,42.93421762778672,430.107044406908,1.0,26.42406965117137,433.0334976724975,1.0,92.79121415954782,426.3846096064565,1.0,97.18051714288724,430.1585578469452,1.0,82.8928155525178,429.5710766925837,1.0,1.0,5.25,43.39534730778185,157.5102796786894,False,13.2786393623777,196.3201278516347,False,67.81638490023447,196.1066312421944,False,7.342939979259697,240.1199491421728,False,71.78383209367598,241.5664675409849,False,33.455834694393666,229.29410597424325,False,85.11175370720825,283.7854544495216,False,35.02122890351118,277.1694185068841,False,63.38026263486178,275.6139068414983,False,32.54003612217155,347.5551007048299,False,81.19422372645818,345.037797131498,False,29.51619467619841,418.5787216903035,False,85.3031549897824,415.01069263092745,False,True
316,316,5.266666666666667,5.266666666666667,Sports2D_HALPE26_postprocessed,42.82826134020164,157.5444808911794,1.0,13.107169060819048,196.387618393688,1.0,66.91334235466911,195.46000577891343,1.0,7.363628807600399,240.0255808556936,1.0,69.81057328669317,240.2155241228994,1.0,33.25743353164141,229.4976146849745,1.0,82.78636535616567,282.8591422289033,1.0,34.69980430835973,277.10214481377665,1.0,62.63731519416864,275.559937310243,1.0,32.222671067776986,347.52628676104234,1.0,80.98924455373405,345.01491785732503,1.0,29.43310168142748,418.53814840956994,1.0,84.4466898249584,414.5221048560039,1.0,49.42327710170217,432.9003851541216,1.0,42.74167352524855,430.4098201309735,1.0,26.28551903906025,432.9499502374323,1.0,93.88166094316,425.17452527009976,1.0,97.35717217147072,429.4732202586631,1.0,81.94853109468336,429.0713076296749,1.0,1.0,5.266666666666667,42.82826134020164,157.5444808911794,False,13.107169060819048,196.387618393688,False,66.91334235466911,195.46000577891343,False,7.363628807600399,240.0255808556936,False,69.81057328669317,240.2155241228994,False,33.25743353164141,229.4976146849745,False,82.78636535616567,282.8591422289033,False,34.69980430835973,277.10214481377665,False,62.63731519416864,275.559937310243,False,32.222671067776986,347.52628676104234,False,80.98924455373405,345.01491785732503,False,29.43310168142748,418.53814840956994,False,84.4466898249584,414.5221048560039,False,True
317,317,5.283333333333333,5.283333333333333,Sports2D_HALPE26_postprocessed,42.1913000688298,157.70207847598584,1.0,12.709246866469734,196.2921507723385,1.0,66.0625872081384,195.03226172596337,1.0,7.806189646011522,239.7083056669256,1.0,67.54927997994274,239.95072565279327,1.0,33.01321040631084,228.77881205498105,1.0,81.26328612940536,282.1546945045244,1.0,34.74255075782429,277.35446971826855,1.0,62.968642384567005,275.92477583474846,1.0,32.228243948517544,347.5697288327278,1.0,80.55821319737703,345.07047666596054,1.0,29.52679701595213,418.5332687615692,1.0,83.99166158819024,414.0213337500156,1.0,49.22709316569254,433.026404255603,1.0,42.731001074971246,430.6255812709031,1.0,26.3067761071254,432.9173248624089,1.0,94.41530140954116,424.368933404034,1.0,97.82040788572937,428.9216775687602,1.0,81.49916938334587,428.8113894594013,1.0,1.0,5.283333333333333,42.1913000688298,157.70207847598584,False,12.709246866469734,196.2921507723385,False,66.0625872081384,195.03226172596337,False,7.806189646011522,239.7083056669256,False,67.54927997994274,239.95072565279327,False,33.01321040631084,228.77881205498105,False,81.26328612940536,282.1546945045244,False,34.74255075782429,277.35446971826855,False,62.968642384567005,275.92477583474846,False,32.228243948517544,347.5697288327278,False,80.55821319737703,345.07047666596054,False,29.52679701595213,418.5332687615692,False,83.99166158819024,414.0213337500156,False,True
318,318,5.3,5.3,Sports2D_HALPE26_postprocessed,42.05867483268688,158.05802806790132,1.0,12.231579754827802,196.27567687145608,1.0,65.45633502774834,194.89083027654385,1.0,7.8559899587441375,239.56416543079268,1.0,66.40521512342549,239.64165351869408,1.0,32.53309227683748,227.1161928640422,1.0,79.24011562163896,281.58715519048457,1.0,34.659628338163984,277.3963295018569,1.0,62.47871957416312,276.1245903427428,1.0,32.120681395332205,347.5960913427077,1.0,80.53053461528062,345.0367561668189,1.0,29.44443450759035,418.3934308637623,1.0,83.45300134132324,414.1923116015353,1.0,49.127737005600565,433.0651491414536,1.0,42.7304703463154,430.8415627534015,1.0,26.30412783336137,432.68760791955503,1.0,94.64079654880273,424.161946989348,1.0,97.82173338983478,428.6791518510115,1.0,80.95800889115989,428.9905489588726,1.0,1.0,5.3,42.05867483268688,158.05802806790132,False,12.231579754827802,196.27567687145608,False,65.45633502774834,194.89083027654385,False,7.8559899587441375,239.56416543079268,False,66.40521512342549,239.64165351869408,False,32.53309227683748,227.1161928640422,False,79.24011562163896,281.58715519048457,False,34.659628338163984,277.3963295018569,False,62.47871957416312,276.1245903427428,False,32.120681395332205,347.5960913427077,False,80.53053461528062,345.0367561668189,False,29.44443450759035,418.3934308637623,False,83.45300134132324,414.1923116015353,False,True
319,319,5.316666666666666,5.316666666666666,Sports2D_HALPE26_postprocessed,41.33660434066032,158.25530405834058,1.0,11.920246076571214,196.34989442560683,1.0,64.60193321270194,194.6155520661571,1.0,7.645494808798491,239.1962744018544,1.0,65.03908671540651,239.23547034063856,1.0,31.77187244408389,227.81828500258896,1.0,77.68533992354868,280.7969080082619,1.0,34.33002677082195,277.6709363639108,1.0,61.75926426868375,276.4101762325443,1.0,31.83445419265293,347.6271540679078,1.0,80.57070772788039,345.0276652114961,1.0,29.51527844202973,418.5402687603615,1.0,83.01360196890096,414.3839971131147,1.0,49.02410661359706,433.11601696543255,1.0,42.81748901784877,430.92419937641614,1.0,26.31365588554389,432.67578916487184,1.0,95.41351595215772,424.1303344597976,1.0,97.86755731917184,428.6369094604783,1.0,80.49829405211183,428.9751216347471,1.0,1.0,5.316666666666666,41.33660434066032,158.25530405834058,False,11.920246076571214,196.34989442560683,False,64.60193321270194,194.6155520661571,False,7.645494808798491,239.1962744018544,False,65.03908671540651,239.23547034063856,False,31.77187244408389,227.81828500258896,False,77.68533992354868,280.7969080082619,False,34.33002677082195,277.6709363639108,False,61.75926426868375,276.4101762325443,False,31.83445419265293,347.6271540679078,False,80.57070772788039,345.0276652114961,False,29.51527844202973,418.5402687603615,False,83.01360196890096,414.3839971131147,False,True
320,320,5.333333333333333,5.333333333333333,Sports2D_HALPE26_postprocessed,41.27632084226253,158.25433574718016,1.0,11.749760676330489,196.31288629137964,1.0,63.87832798122968,194.352159238528,1.0,7.780090943556198,239.1005827121481,1.0,63.86119838675197,238.71875994795133,1.0,31.638846429837525,227.27008566591329,1.0,75.9863713907619,279.53359377429905,1.0,34.00194519998877,277.8942981380582,1.0,61.81840844840104,276.6940967289213,1.0,31.644185610395464,347.74617427448266,1.0,80.59940225753871,344.9850037353691,1.0,29.62851503199988,418.6384663450241,1.0,82.36928814808275,414.2514504292871,1.0,49.47375525216494,433.37435427373214,1.0,42.97949857219876,431.0315471629166,1.0,26.258129396901783,433.03447920992494,1.0,95.82583040271236,424.53710361202894,1.0,97.77152966383775,428.9981132017064,1.0,79.37588046643835,429.0357236592889,1.0,1.0,5.333333333333333,41.27632084226253,158.25433574718016,False,11.749760676330489,196.31288629137964,False,63.87832798122968,194.352159238528,False,7.780090943556198,239.1005827121481,False,63.86119838675197,238.71875994795133,False,31.638846429837525,227.27008566591329,False,75.9863713907619,279.53359377429905,False,34.00194519998877,277.8942981380582,False,61.81840844840104,276.6940967289213,False,31.644185610395464,347.74617427448266,False,80.59940225753871,344.9850037353691,False,29.62851503199988,418.6384663450241,False,82.36928814808275,414.2514504292871,False,True
321,321,5.35,5.35,Sports2D_HALPE26_postprocessed,40.98991429891462,158.52607155244436,1.0,11.278553300037316,196.21738615500783,1.0,62.974355258315775,194.1254193936348,1.0,8.192277305406396,238.4894790490169,1.0,62.86066159923468,238.55131666117057,1.0,31.27362845257949,227.71929083763595,1.0,74.88147238545824,279.0773323381668,1.0,33.29507597052227,278.0427605929,1.0,61.049980643616806,276.9868973977789,1.0,31.5743360496661,347.80677334384603,1.0,80.70399748872742,344.9507577531587,1.0,29.676271909618336,418.7625502321132,1.0,81.47364863521697,414.4800741450501,1.0,49.83940045689726,433.6149984638401,1.0,43.12050315448931,431.2136303523837,1.0,26.285683775611915,433.3569213454378,1.0,96.33786421243364,424.9474348993792,1.0,97.79893277899583,429.37489191059336,1.0,77.5924927598142,429.2691491580376,1.0,1.0,5.35,40.98991429891462,158.52607155244436,False,11.278553300037316,196.21738615500783,False,62.974355258315775,194.1254193936348,False,8.192277305406396,238.4894790490169,False,62.86066159923468,238.55131666117057,False,31.27362845257949,227.71929083763595,False,74.88147238545824,279.0773323381668,False,33.29507597052227,278.0427605929,False,61.049980643616806,276.9868973977789,False,31.5743360496661,347.80677334384603,False,80.70399748872742,344.9507577531587,False,29.676271909618336,418.7625502321132,False,81.47364863521697,414.4800741450501,False,True
322,322,5.366666666666666,5.366666666666666,Sports2D_HALPE26_postprocessed,40.62186677906404,158.60603671247532,1.0,10.80812487066938,196.24614186969416,1.0,62.02822635824239,194.27268237655852,1.0,8.281395035184408,238.1781552437768,1.0,61.44521452463741,238.0861207135464,1.0,30.34948263507001,228.0282321210576,1.0,74.25562053276525,278.7564514313466,1.0,33.07377633437772,278.1020021695808,1.0,60.43412478211849,277.2881750338219,1.0,31.269596050566427,348.1644391313141,1.0,80.93484665608193,344.89549524808626,1.0,29.628224244912538,419.02234837073047,1.0,80.46387137914532,414.75631859746807,1.0,49.99140053776051,433.7918368080419,1.0,43.33643354979797,431.35146889216776,1.0,26.29906485133593,433.4865674883813,1.0,96.79657059293508,425.3584276001845,1.0,97.7559463252616,429.7487628037565,1.0,76.93071623999738,429.297877321418,1.0,1.0,5.366666666666666,40.62186677906404,158.60603671247532,False,10.80812487066938,196.24614186969416,False,62.02822635824239,194.27268237655852,False,8.281395035184408,238.1781552437768,False,61.44521452463741,238.0861207135464,False,30.34948263507001,228.0282321210576,False,74.25562053276525,278.7564514313466,False,33.07377633437772,278.1020021695808,False,60.43412478211849,277.2881750338219,False,31.269596050566427,348.1644391313141,False,80.93484665608193,344.89549524808626,False,29.628224244912538,419.02234837073047,False,80.46387137914532,414.75631859746807,False,True
323,323,5.383333333333333,5.383333333333333,Sports2D_HALPE26_postprocessed,40.39580878176937,158.79180066488922,1.0,10.511077372201568,196.23661925582087,1.0,61.446855195120506,194.2219248529904,1.0,8.060583204909696,237.64635603456315,1.0,60.53726849717075,237.63611362612804,1.0,28.687978842909203,226.72184412313305,1.0,73.5217532965979,278.3499675406387,1.0,32.412778134385825,278.02540257176656,1.0,59.33791051735206,277.4065840410745,1.0,31.20643760781713,348.4017327355575,1.0,81.10614662691631,344.82612667508795,1.0,29.49677365205647,419.127241319449,1.0,79.09652067471319,414.83163772113215,1.0,50.12503533079997,433.9090226711807,1.0,43.56765219232912,431.4771469600208,1.0,26.32970533713786,433.6536671678248,1.0,97.0383023869423,425.7232333310468,1.0,97.13939567209776,430.1429092275075,1.0,75.54627208989197,429.0017264650467,1.0,1.0,5.383333333333333,40.39580878176937,158.79180066488922,False,10.511077372201568,196.23661925582087,False,61.446855195120506,194.2219248529904,False,8.060583204909696,237.64635603456315,False,60.53726849717075,237.63611362612804,False,28.687978842909203,226.72184412313305,False,73.5217532965979,278.3499675406387,False,32.412778134385825,278.02540257176656,False,59.33791051735206,277.4065840410745,False,31.20643760781713,348.4017327355575,False,81.10614662691631,344.82612667508795,False,29.49677365205647,419.127241319449,False,79.09652067471319,414.83163772113215,False,True
324,324,5.4,5.4,Sports2D_HALPE26_postprocessed,40.780398976543886,158.86069682002088,1.0,10.682544034588387,196.25168753811857,1.0,60.22622544575769,194.2159927794277,1.0,8.513762317115976,237.33122737473795,1.0,59.99263022183796,237.8402837177673,1.0,29.157099425320386,227.2852013368191,1.0,73.31086212629342,278.2201569274471,1.0,32.53972148967875,278.05675989599024,1.0,59.74489716769737,277.75046089564387,1.0,31.104580572457223,349.25602905505536,1.0,81.38993224573844,344.72934498447745,1.0,29.62039695829115,419.2296203121898,1.0,78.01906694976479,414.6606337345587,1.0,50.34273908890904,434.0018705061981,1.0,43.84775872540781,431.6290618791803,1.0,26.37154495699116,433.9262345554262,1.0,98.23765910356124,425.9588449834488,1.0,97.6823423124014,430.5447511079585,1.0,73.60952688437041,428.56712786493097,1.0,1.0,5.4,40.780398976543886,158.86069682002088,False,10.682544034588387,196.25168753811857,False,60.22622544575769,194.2159927794277,False,8.513762317115976,237.33122737473795,False,59.99263022183796,237.8402837177673,False,29.157099425320386,227.2852013368191,False,73.31086212629342,278.2201569274471,False,32.53972148967875,278.05675989599024,False,59.74489716769737,277.75046089564387,False,31.104580572457223,349.25602905505536,False,81.38993224573844,344.72934498447745,False,29.62039695829115,419.2296203121898,False,78.01906694976479,414.6606337345587,False,True
325,325,5.416666666666667,5.416666666666667,Sports2D_HALPE26_postprocessed,40.97817348912236,159.10480700947934,1.0,10.171068207907194,196.4703191125353,1.0,60.09018871303274,194.6047391351765,1.0,8.717330288132832,236.66500229706463,1.0,59.25312385653234,238.3725020608475,1.0,28.59169424272727,227.8815433205313,1.0,72.60091478419331,278.6758603304256,1.0,31.635250543380245,278.0960960243869,1.0,57.92569889073901,277.4416655295307,1.0,30.773452131068154,349.17969574531776,1.0,81.5364241420652,344.38645080127185,1.0,29.51107524827237,419.0886810819487,1.0,76.18519259435328,414.3448313484735,1.0,50.37060367708993,434.06503597326144,1.0,43.635599726358585,431.7878297942124,1.0,26.4062514058052,433.7818394053168,1.0,98.41576328004996,426.3238816378265,1.0,97.10098739941982,431.2198000508322,1.0,71.64749292104644,427.8161411643738,1.0,1.0,5.416666666666667,40.97817348912236,159.10480700947934,False,10.171068207907194,196.4703191125353,False,60.09018871303274,194.6047391351765,False,8.717330288132832,236.66500229706463,False,59.25312385653234,238.3725020608475,False,28.59169424272727,227.8815433205313,False,72.60091478419331,278.6758603304256,False,31.635250543380245,278.0960960243869,False,57.92569889073901,277.4416655295307,False,30.773452131068154,349.17969574531776,False,81.5364241420652,344.38645080127185,False,29.51107524827237,419.0886810819487,False,76.18519259435328,414.3448313484735,False,True
326,326,5.433333333333334,5.433333333333334,Sports2D_HALPE26_postprocessed,40.99854699180237,159.67075839800205,1.0,10.242928338987504,196.6909519265788,1.0,59.47520032083952,194.7524176322895,1.0,9.421208261784615,236.56524094734164,1.0,59.254550611449176,238.84837163381604,1.0,29.095933962947733,227.14613351374064,1.0,72.37282987954828,279.19317387926674,1.0,31.86897080475418,278.1058540420195,1.0,57.8119457619198,277.53619035625263,1.0,30.53630422923775,349.3058062056524,1.0,81.73211260859632,344.34652253470745,1.0,29.53635645778636,419.00731438088224,1.0,74.89823318924559,414.02626386388965,1.0,50.5065918899097,434.226595420574,1.0,43.62750793594216,431.9295974875264,1.0,26.412432296652568,433.8135690571862,1.0,98.6785219837903,427.27050258951135,1.0,96.81719724660324,431.7359691700977,1.0,69.47973751454596,427.4238162503731,1.0,1.0,5.433333333333334,40.99854699180237,159.67075839800205,False,10.242928338987504,196.6909519265788,False,59.47520032083952,194.7524176322895,False,9.421208261784615,236.56524094734164,False,59.254550611449176,238.84837163381604,False,29.095933962947733,227.14613351374064,False,72.37282987954828,279.19317387926674,False,31.86897080475418,278.1058540420195,False,57.8119457619198,277.53619035625263,False,30.53630422923775,349.3058062056524,False,81.73211260859632,344.34652253470745,False,29.53635645778636,419.00731438088224,False,74.89823318924559,414.02626386388965,False,True
327,327,5.45,5.45,Sports2D_HALPE26_postprocessed,40.80412458653356,160.59145025205507,1.0,10.190622052879618,196.98348659630105,1.0,59.11517608568381,194.82760717793292,1.0,11.177352641275291,236.15245523257303,1.0,58.39861839716289,239.05293865278924,1.0,30.40830987111918,224.5676338015093,1.0,72.19265350632924,279.6548830242892,1.0,31.091863246062104,278.14742462516074,1.0,56.90929958988649,277.4359610627673,1.0,30.390197648599624,349.384274824327,1.0,81.87706369148458,344.29990297179427,1.0,29.436309682594946,418.9919414545901,1.0,73.20348928914895,413.46142534702574,1.0,50.68248854074197,434.3646623805074,1.0,43.69024517730041,432.1306852193258,1.0,26.46445686353575,433.80730143398034,1.0,98.52979351620311,427.8887356407986,1.0,96.30666990705387,432.14446983000175,1.0,67.72103000282155,426.884509030704,1.0,1.0,5.45,40.80412458653356,160.59145025205507,False,10.190622052879618,196.98348659630105,False,59.11517608568381,194.82760717793292,False,11.177352641275291,236.15245523257303,False,58.39861839716289,239.05293865278924,False,30.40830987111918,224.5676338015093,False,72.19265350632924,279.6548830242892,False,31.091863246062104,278.14742462516074,False,56.90929958988649,277.4359610627673,False,30.390197648599624,349.384274824327,False,81.87706369148458,344.29990297179427,False,29.436309682594946,418.9919414545901,False,73.20348928914895,413.46142534702574,False,True
328,328,5.466666666666667,5.466666666666667,Sports2D_HALPE26_postprocessed,40.80236514118538,161.19856097447777,1.0,10.629146281178976,196.74311220501005,1.0,58.263815145528255,194.9350945303097,1.0,13.692331301281412,235.58692137663343,1.0,58.693634603284266,239.52795395065883,1.0,34.49494315804032,213.9771746391064,1.0,72.38445775764941,280.23581588084335,1.0,31.154570504924123,278.0987139354565,1.0,57.068686689197534,277.40277552796454,1.0,30.343726541091858,349.49877635736664,1.0,81.84160401093857,344.47707214744275,1.0,29.366886907147496,418.99007579025806,1.0,71.79242711528246,412.6087329854412,1.0,50.79833417876765,434.6015551241953,1.0,43.60659647970243,432.2137405447464,1.0,26.527792084569377,433.8364905816077,1.0,99.00487179582365,428.06526795708646,1.0,95.95975753490748,432.2972114220105,1.0,66.32023968063541,426.3996183870834,1.0,1.0,5.466666666666667,40.80236514118538,161.19856097447777,False,10.629146281178976,196.74311220501005,False,58.263815145528255,194.9350945303097,False,13.692331301281412,235.58692137663343,False,58.693634603284266,239.52795395065883,False,34.49494315804032,213.9771746391064,False,72.38445775764941,280.23581588084335,False,31.154570504924123,278.0987139354565,False,57.068686689197534,277.40277552796454,False,30.343726541091858,349.49877635736664,False,81.84160401093857,344.47707214744275,False,29.366886907147496,418.99007579025806,False,71.79242711528246,412.6087329854412,False,True
329,329,5.483333333333333,5.483333333333333,Sports2D_HALPE26_postprocessed,40.92789557339243,161.4475316744284,1.0,10.691841205928398,196.7203603786562,1.0,56.95494145473795,195.12946419602608,1.0,19.736886573662943,231.80307581593337,1.0,57.9750211170547,240.13541250008817,1.0,39.988761021965686,204.4752903147084,1.0,72.84075570028439,281.0102320649126,1.0,29.72236056676732,278.05093004798164,1.0,55.499700612197095,277.4159474558565,1.0,30.24468009797921,349.1803513679551,1.0,81.93449764729328,344.3699139917975,1.0,29.07868428501258,418.9953333277102,1.0,69.33974627043705,411.7129240931905,1.0,50.76684467923444,434.5436960324994,1.0,43.51845020756305,432.1090145377793,1.0,26.495607556407883,433.8470396464143,1.0,98.18254624189272,427.951454990441,1.0,94.72830293402004,432.24866844270895,1.0,63.86729214784823,425.51520533883104,1.0,1.0,5.483333333333333,40.92789557339243,161.4475316744284,False,10.691841205928398,196.7203603786562,False,56.95494145473795,195.12946419602608,False,19.736886573662943,231.80307581593337,False,57.9750211170547,240.13541250008817,False,39.988761021965686,204.4752903147084,False,72.84075570028439,281.0102320649126,False,29.72236056676732,278.05093004798164,False,55.499700612197095,277.4159474558565,False,30.24468009797921,349.1803513679551,False,81.93449764729328,344.3699139917975,False,29.07868428501258,418.9953333277102,False,69.33974627043705,411.7129240931905,False,True
330,330,5.5,5.5,Sports2D_HALPE26_postprocessed,40.78360180427386,161.50561795248944,1.0,10.581095586552271,196.7034841218841,1.0,56.59701706221429,195.45526094867068,1.0,21.09895186486299,229.2002426642975,1.0,58.0474949427,241.26097456700847,1.0,40.85912906654748,203.6458489468485,1.0,73.55094102468748,281.3381954887785,1.0,29.34699832491743,277.96448937863863,1.0,55.01208133435699,277.3358770681669,1.0,30.28113856935983,349.05870651898056,1.0,81.7585151838914,344.1893911767876,1.0,28.876584512914736,419.0086245191874,1.0,67.11877168540428,411.42717914058267,1.0,50.55810399621059,434.7019209716328,1.0,43.25273533667004,432.2296117409503,1.0,26.33469470610449,433.8530651076612,1.0,97.47777148291654,427.919303081039,1.0,93.6631704316496,431.90022727547415,1.0,61.62253047236841,424.8611397469709,1.0,1.0,5.5,40.78360180427386,161.50561795248944,False,10.581095586552271,196.7034841218841,False,56.59701706221429,195.45526094867068,False,21.09895186486299,229.2002426642975,False,58.0474949427,241.26097456700847,False,40.85912906654748,203.6458489468485,False,73.55094102468748,281.3381954887785,False,29.34699832491743,277.96448937863863,False,55.01208133435699,277.3358770681669,False,30.28113856935983,349.05870651898056,False,81.7585151838914,344.1893911767876,False,28.876584512914736,419.0086245191874,False,67.11877168540428,411.42717914058267,False,True
331,331,5.516666666666667,5.516666666666667,Sports2D_HALPE26_postprocessed,40.68772063998202,161.6935591131405,1.0,10.852750120728976,196.2008264486577,1.0,56.104820604532975,195.698650629236,1.0,23.976865980400586,225.0927137409054,1.0,57.66774643105915,241.8167631327787,1.0,42.850393291573134,200.556274145274,1.0,74.03935722602313,281.77451260834926,1.0,29.16909632062134,277.8560700225917,1.0,54.13595644334737,277.20600763278566,1.0,30.26449796945728,349.0266533003967,1.0,81.8244541082426,344.223788357922,1.0,28.79063348850093,419.0179476654351,1.0,65.08575463576109,410.95630370209886,1.0,50.47626997526187,434.7573386128489,1.0,43.71402344637776,432.2659733118711,1.0,26.155984598768026,433.88710774967865,1.0,96.07769136782802,427.939718583139,1.0,91.69824239052971,431.6051995168512,1.0,59.11536660302414,424.0255733637588,1.0,1.0,5.516666666666667,40.68772063998202,161.6935591131405,False,10.852750120728976,196.2008264486577,False,56.104820604532975,195.698650629236,False,23.976865980400586,225.0927137409054,False,57.66774643105915,241.8167631327787,False,42.850393291573134,200.556274145274,False,74.03935722602313,281.77451260834926,False,29.16909632062134,277.8560700225917,False,54.13595644334737,277.20600763278566,False,30.26449796945728,349.0266533003967,False,81.8244541082426,344.223788357922,False,28.79063348850093,419.0179476654351,False,65.08575463576109,410.95630370209886,False,True
332,332,5.533333333333333,5.533333333333333,Sports2D_HALPE26_postprocessed,40.402156528876006,161.55262943196146,1.0,10.98573897096628,195.27657994414704,1.0,55.67821092542111,195.92117922082275,1.0,23.166746119052043,225.6431887417587,1.0,57.62335866592533,241.65267108803096,1.0,41.17087738676246,201.3348674421132,1.0,74.46430685150791,282.16860799763737,1.0,28.7983728276176,277.65585776557066,1.0,53.66821899271541,276.93647585952885,1.0,30.239348027505784,348.9990123341198,1.0,81.6811435729012,344.1382491735835,1.0,28.74076309841802,419.0227970543224,1.0,63.10660989823928,409.98001253547295,1.0,50.5259992214783,434.553615859385,1.0,44.13364269976042,432.07704189403,1.0,25.86575595969076,433.9117726105692,1.0,93.8559107647183,427.9363702434589,1.0,89.22131255389009,431.4292364320596,1.0,56.64345975734639,423.31458016272825,1.0,1.0,5.533333333333333,40.402156528876006,161.55262943196146,False,10.98573897096628,195.27657994414704,False,55.67821092542111,195.92117922082275,False,23.166746119052043,225.6431887417587,False,57.62335866592533,241.65267108803096,False,41.17087738676246,201.3348674421132,False,74.46430685150791,282.16860799763737,False,28.7983728276176,277.65585776557066,False,53.66821899271541,276.93647585952885,False,30.239348027505784,348.9990123341198,False,81.6811435729012,344.1382491735835,False,28.74076309841802,419.0227970543224,False,63.10660989823928,409.98001253547295,False,True
333,333,5.55,5.55,Sports2D_HALPE26_postprocessed,40.48923945280972,161.4615947100197,1.0,11.139895590500258,194.51454318297,1.0,55.35212122896456,196.22097181533792,1.0,24.528817290480124,224.312659062122,1.0,57.350271632859474,241.3111542261935,1.0,42.89247192761365,200.2816957842072,1.0,74.33880127667328,282.0614822406388,1.0,28.48207316738161,277.1888390807504,1.0,53.33124913969501,276.6560906003177,1.0,30.14920798090248,348.9820290649636,1.0,81.6757698873175,343.9649353096918,1.0,28.656330206264464,419.0263962368002,1.0,60.84856247853869,408.8906074711374,1.0,50.37223968498282,434.4786838554424,1.0,44.80925802373266,432.0088926473375,1.0,25.682476778391543,433.9471414935482,1.0,91.94612126609827,427.9379789159907,1.0,87.23566125293348,431.1217200184944,1.0,53.90901313334469,421.9894011498475,1.0,1.0,5.55,40.48923945280972,161.4615947100197,False,11.139895590500258,194.51454318297,False,55.35212122896456,196.22097181533792,False,24.528817290480124,224.312659062122,False,57.350271632859474,241.3111542261935,False,42.89247192761365,200.2816957842072,False,74.33880127667328,282.0614822406388,False,28.48207316738161,277.1888390807504,False,53.33124913969501,276.6560906003177,False,30.14920798090248,348.9820290649636,False,81.6757698873175,343.9649353096918,False,28.656330206264464,419.0263962368002,False,60.84856247853869,408.8906074711374,False,True
334,334,5.566666666666666,5.566666666666666,Sports2D_HALPE26_postprocessed,40.64411663270636,161.34163493285652,1.0,11.317615823361312,194.03034065454904,1.0,54.99048025863536,196.41872535857564,1.0,25.128761031689223,224.2792564555429,1.0,57.06863830250581,241.3673670282172,1.0,44.44694242906392,198.86977902216952,1.0,74.56468766282777,282.39831659636536,1.0,28.22685941054496,277.0966349229621,1.0,52.98227857577622,276.6262187762167,1.0,30.17091271267934,348.9823720786026,1.0,81.50399249410397,343.85799090658304,1.0,28.655453268375304,419.0440563508189,1.0,58.9975025685986,407.8444349580641,1.0,50.63202778429847,434.47954421945775,1.0,45.57244387859254,432.0154142273576,1.0,25.655702236212,434.0239013213457,1.0,89.10371062189436,427.9540642817576,1.0,83.98841068696476,430.5670726922883,1.0,52.03983111631642,421.2300950404217,1.0,1.0,5.566666666666666,40.64411663270636,161.34163493285652,False,11.317615823361312,194.03034065454904,False,54.99048025863536,196.41872535857564,False,25.128761031689223,224.2792564555429,False,57.06863830250581,241.3673670282172,False,44.44694242906392,198.86977902216952,False,74.56468766282777,282.39831659636536,False,28.22685941054496,277.0966349229621,False,52.98227857577622,276.6262187762167,False,30.17091271267934,348.9823720786026,False,81.50399249410397,343.85799090658304,False,28.655453268375304,419.0440563508189,False,58.9975025685986,407.8444349580641,False,True
335,335,5.583333333333333,5.583333333333333,Sports2D_HALPE26_postprocessed,40.912550078634936,161.33349313041808,1.0,11.614302623224816,193.627954347048,1.0,54.518248936773794,196.5725669804924,1.0,24.672025057031888,223.8139143072896,1.0,57.03060119663552,242.102482057284,1.0,44.449097938162566,196.5534576026838,1.0,75.69238328963472,282.7487092728418,1.0,28.12512567846004,277.1094729197546,1.0,52.62550849570085,276.6566080051361,1.0,30.151044894818305,348.9852100535917,1.0,81.38606007329332,343.6725183177896,1.0,28.634632277286087,419.0652461713947,1.0,57.414380424533455,407.0206580666097,1.0,50.63585610036401,434.5850328825894,1.0,46.4910303980583,432.1245395484815,1.0,25.606364413664533,434.16044235019257,1.0,86.8546124344778,427.9739425270116,1.0,81.30319549644499,429.7451259595615,1.0,50.42757982199116,419.9692631190517,1.0,1.0,5.583333333333333,40.912550078634936,161.33349313041808,False,11.614302623224816,193.627954347048,False,54.518248936773794,196.5725669804924,False,24.672025057031888,223.8139143072896,False,57.03060119663552,242.102482057284,False,44.449097938162566,196.5534576026838,False,75.69238328963472,282.7487092728418,False,28.12512567846004,277.1094729197546,False,52.62550849570085,276.6566080051361,False,30.151044894818305,348.9852100535917,False,81.38606007329332,343.6725183177896,False,28.634632277286087,419.0652461713947,False,57.414380424533455,407.0206580666097,False,True
336,336,5.6,5.6,Sports2D_HALPE26_postprocessed,40.76191056137979,161.39844192921586,1.0,11.942893126982272,193.51035317477903,1.0,54.39538057050118,197.02353984935613,1.0,24.23390352909322,222.6765766539889,1.0,57.33050481997725,242.97243469829223,1.0,43.30268300912135,195.6046667222324,1.0,76.79074982409091,282.56929395880195,1.0,28.054013880615365,277.44899184476304,1.0,52.78208648111568,276.8733651860282,1.0,30.14104722331797,348.9788415398682,1.0,81.32086742169568,343.59687653414335,1.0,28.62194923628405,419.079088033023,1.0,55.922505567441874,406.29436361057753,1.0,50.82037603866506,435.0112941175719,1.0,47.26867083719733,432.520856229169,1.0,25.56646268012036,434.3516492923751,1.0,84.29948498724808,427.9672408702968,1.0,78.26448502327317,429.3807888040204,1.0,48.53145888627587,418.29106213915577,1.0,1.0,5.6,40.76191056137979,161.39844192921586,False,11.942893126982272,193.51035317477903,False,54.39538057050118,197.02353984935613,False,24.23390352909322,222.6765766539889,False,57.33050481997725,242.97243469829223,False,43.30268300912135,195.6046667222324,False,76.79074982409091,282.56929395880195,False,28.054013880615365,277.44899184476304,False,52.78208648111568,276.8733651860282,False,30.14104722331797,348.9788415398682,False,81.32086742169568,343.59687653414335,False,28.62194923628405,419.079088033023,False,55.922505567441874,406.29436361057753,False,True
337,337,5.616666666666666,5.616666666666666,Sports2D_HALPE26_postprocessed,41.28636583442559,161.44428278880036,1.0,12.336761655804391,193.09066140044703,1.0,53.85779675893467,197.40073324309105,1.0,23.734104084272243,224.6069717634462,1.0,56.86621914597092,242.90916329989744,1.0,43.88570526750072,194.5359179751877,1.0,77.69918691975238,282.5416465425651,1.0,27.83155191119061,277.67191995123744,1.0,52.28216496956561,277.0820388918971,1.0,30.098670519411613,348.96535916867765,1.0,81.16637182566451,343.58472468046034,1.0,28.592987726668404,419.1140580928476,1.0,54.315312582536855,405.7940702152589,1.0,50.8796842826124,435.0025130364388,1.0,48.34843878991666,432.5252132137481,1.0,25.659071794207208,434.547108658031,1.0,81.29018841402615,428.0023493668567,1.0,74.87674713404968,429.0924180846485,1.0,47.22234561463281,417.6999165840308,1.0,1.0,5.616666666666666,41.28636583442559,161.44428278880036,False,12.336761655804391,193.09066140044703,False,53.85779675893467,197.40073324309105,False,23.734104084272243,224.6069717634462,False,56.86621914597092,242.90916329989744,False,43.88570526750072,194.5359179751877,False,77.69918691975238,282.5416465425651,False,27.83155191119061,277.67191995123744,False,52.28216496956561,277.0820388918971,False,30.098670519411613,348.96535916867765,False,81.16637182566451,343.58472468046034,False,28.592987726668404,419.1140580928476,False,54.315312582536855,405.7940702152589,False,True
338,338,5.633333333333333,5.633333333333333,Sports2D_HALPE26_postprocessed,42.0684603279114,161.52358313576713,1.0,12.964282347173247,192.6529400026089,1.0,53.43499086762793,197.2681883687785,1.0,24.56468355490856,224.10394232464125,1.0,56.51018958410747,243.24318385135703,1.0,44.46558861764683,192.5665262344904,1.0,79.69773295515252,282.5863297531133,1.0,28.06232690373476,278.2145923968983,1.0,52.96071432891304,277.49727900065284,1.0,30.1228620739804,348.92765293766354,1.0,80.53075276066308,343.57917211509493,1.0,28.58998832718425,419.16781118954026,1.0,52.904276076192055,404.8903730957669,1.0,51.00100972849411,435.1778198089697,1.0,48.68540081021921,432.7041183799036,1.0,25.767798462264075,434.4855987332941,1.0,79.71555163306459,428.06170341402833,1.0,74.2077645327613,429.0504442532763,1.0,44.4647247971212,416.6804145224655,1.0,1.0,5.633333333333333,42.0684603279114,161.52358313576713,False,12.964282347173247,192.6529400026089,False,53.43499086762793,197.2681883687785,False,24.56468355490856,224.10394232464125,False,56.51018958410747,243.24318385135703,False,44.46558861764683,192.5665262344904,False,79.69773295515252,282.5863297531133,False,28.06232690373476,278.2145923968983,False,52.96071432891304,277.49727900065284,False,30.1228620739804,348.92765293766354,False,80.53075276066308,343.57917211509493,False,28.58998832718425,419.16781118954026,False,52.904276076192055,404.8903730957669,False,True
339,339,5.65,5.65,Sports2D_HALPE26_postprocessed,42.30065057050467,161.5411492875324,1.0,13.460784972936176,192.534876401286,1.0,52.88960766925095,197.7575924772725,1.0,24.607750656813977,217.2310136911244,1.0,56.33465646577245,243.81298333201528,1.0,44.49250545896814,191.3601120831532,1.0,81.33495703073537,283.0891282343588,1.0,27.359284816020804,277.40678899458703,1.0,51.94342750968601,276.42239431018174,1.0,30.0877675877864,348.8790652926461,1.0,79.84452290249398,343.5924317475094,1.0,28.56321309893373,419.2616432055598,1.0,51.32266284161266,405.0431465995714,1.0,51.26409606831058,434.66431900764775,1.0,50.10047123203137,432.3364021338467,1.0,25.92214397526481,434.564942092495,1.0,77.30415827482439,428.1873894409256,1.0,72.28133407586002,428.5850959735063,1.0,42.377737009447166,416.4338348162853,1.0,1.0,5.65,42.30065057050467,161.5411492875324,False,13.460784972936176,192.534876401286,False,52.88960766925095,197.7575924772725,False,24.607750656813977,217.2310136911244,False,56.33465646577245,243.81298333201528,False,44.49250545896814,191.3601120831532,False,81.33495703073537,283.0891282343588,False,27.359284816020804,277.40678899458703,False,51.94342750968601,276.42239431018174,False,30.0877675877864,348.8790652926461,False,79.84452290249398,343.5924317475094,False,28.56321309893373,419.2616432055598,False,51.32266284161266,405.0431465995714,False,True
340,340,5.666666666666667,5.666666666666667,Sports2D_HALPE26_postprocessed,42.606688645329655,161.47666721999414,1.0,13.757329667220436,192.5843228043387,1.0,52.51998917990763,197.9431542149495,1.0,25.145407999933244,214.93335799690863,1.0,55.96223487259052,243.3203346774088,1.0,45.48355122146466,189.43767210909328,1.0,82.02287755701876,282.83865975200524,1.0,26.992810429567868,276.2307733235233,1.0,51.47670831299828,275.71330597465254,1.0,30.10742958267244,348.8145412670676,1.0,78.95273417100877,343.7681113470674,1.0,28.54993873296722,419.24176061570427,1.0,49.94246087344981,405.079972645256,1.0,51.48095524963313,433.7411287833046,1.0,50.24464230328197,432.099798538873,1.0,26.026375321647627,434.41623735588007,1.0,76.30943120530358,428.07153645551216,1.0,71.2760573408423,428.25305904406594,1.0,40.97040484934951,416.0682356852814,1.0,1.0,5.666666666666667,42.606688645329655,161.47666721999414,False,13.757329667220436,192.5843228043387,False,52.51998917990763,197.9431542149495,False,25.145407999933244,214.93335799690863,False,55.96223487259052,243.3203346774088,False,45.48355122146466,189.43767210909328,False,82.02287755701876,282.83865975200524,False,26.992810429567868,276.2307733235233,False,51.47670831299828,275.71330597465254,False,30.10742958267244,348.8145412670676,False,78.95273417100877,343.7681113470674,False,28.54993873296722,419.24176061570427,False,49.94246087344981,405.079972645256,False,True
341,341,5.683333333333334,5.683333333333334,Sports2D_HALPE26_postprocessed,44.04409302527584,161.4800963776426,1.0,14.42542558781043,192.00890674199388,1.0,52.314659807361714,198.3521151162616,1.0,25.894254084577348,214.27250284874367,1.0,55.39025650719806,243.26341520989385,1.0,47.22930273385843,188.08186231067697,1.0,82.43527432217132,282.15400515193073,1.0,26.843918337043533,275.9813792748761,1.0,51.15435431443089,275.4964095763549,1.0,30.085746523527384,348.7298494638747,1.0,77.87510804341201,343.7916998353407,1.0,28.536056600684272,419.3122583829266,1.0,48.75167426000283,405.0729017208224,1.0,51.81863868162404,432.8817154729579,1.0,50.7238962854072,431.52049014554336,1.0,26.09901979944035,434.3252902836126,1.0,75.24207981906494,427.4828264207043,1.0,69.69265775383677,427.9573997753334,1.0,39.77417078894515,416.0229204793362,1.0,1.0,5.683333333333334,44.04409302527584,161.4800963776426,False,14.42542558781043,192.00890674199388,False,52.314659807361714,198.3521151162616,False,25.894254084577348,214.27250284874367,False,55.39025650719806,243.26341520989385,False,47.22930273385843,188.08186231067697,False,82.43527432217132,282.15400515193073,False,26.843918337043533,275.9813792748761,False,51.15435431443089,275.4964095763549,False,30.085746523527384,348.7298494638747,False,77.87510804341201,343.7916998353407,False,28.536056600684272,419.3122583829266,False,48.75167426000283,405.0729017208224,False,True
342,342,5.7,5.7,Sports2D_HALPE26_postprocessed,44.93992043000087,161.54984489479057,1.0,14.688168571507594,191.6860384475557,1.0,51.952428830838045,198.531604844304,1.0,25.422368041332344,221.1960951710644,1.0,54.9739265743707,243.6004418944351,1.0,48.48404657248929,187.71198319379823,1.0,83.1663890418829,281.37735039169746,1.0,26.61202134393889,275.89849673810346,1.0,50.563931240048746,275.3632796478402,1.0,30.143741576500275,348.6171666690865,1.0,77.30072703868213,343.6477714591621,1.0,28.529237620309296,419.2800441236032,1.0,47.37154894330399,405.0712262287594,1.0,52.25360773751683,431.7705540634389,1.0,50.64160036609864,430.52116834271806,1.0,26.27246450223758,434.2457107980815,1.0,74.76134351506697,426.8446244361528,1.0,68.34116866876401,427.7708127888129,1.0,38.388045200279365,416.11364419421136,1.0,1.0,5.7,44.93992043000087,161.54984489479057,False,14.688168571507594,191.6860384475557,False,51.952428830838045,198.531604844304,False,25.422368041332344,221.1960951710644,False,54.9739265743707,243.6004418944351,False,48.48404657248929,187.71198319379823,False,83.1663890418829,281.37735039169746,False,26.61202134393889,275.89849673810346,False,50.563931240048746,275.3632796478402,False,30.143741576500275,348.6171666690865,False,77.30072703868213,343.6477714591621,False,28.529237620309296,419.2800441236032,False,47.37154894330399,405.0712262287594,False,True
343,343,5.716666666666667,5.716666666666667,Sports2D_HALPE26_postprocessed,46.08791426066265,161.45642246235855,1.0,14.977479345019155,191.68732591408133,1.0,51.59665179614437,198.89298274337784,1.0,28.258798601339723,203.63551645528665,1.0,54.61194471046591,243.8990931526264,1.0,51.63018824804601,183.81949581821416,1.0,83.46184899864875,280.5381577625369,1.0,26.434116926344046,275.8035391889267,1.0,50.46581340365916,275.10473007314044,1.0,30.246147549527144,348.521611417138,1.0,76.42160042696966,343.5932167051095,1.0,28.47476834410436,419.30498124912833,1.0,46.15131161024294,405.0448996981957,1.0,52.2758093263255,430.6864412969019,1.0,49.68794015170356,429.61141308523,1.0,26.23777384343185,434.2650826974767,1.0,73.96869384267295,426.5005208820235,1.0,67.5020346541127,427.4034173947372,1.0,37.18771685289723,416.8206039165402,1.0,1.0,5.716666666666667,46.08791426066265,161.45642246235855,False,14.977479345019155,191.68732591408133,False,51.59665179614437,198.89298274337784,False,28.258798601339723,203.63551645528665,False,54.61194471046591,243.8990931526264,False,51.63018824804601,183.81949581821416,False,83.46184899864875,280.5381577625369,False,26.434116926344046,275.8035391889267,False,50.46581340365916,275.10473007314044,False,30.246147549527144,348.521611417138,False,76.42160042696966,343.5932167051095,False,28.47476834410436,419.30498124912833,False,46.15131161024294,405.0448996981957,False,True
344,344,5.733333333333333,5.733333333333333,Sports2D_HALPE26_postprocessed,47.298192172723816,161.40085152487077,1.0,15.90174868707015,191.72925541640043,1.0,51.22953592460591,198.66562465473652,1.0,33.7069153852537,198.5255202958409,1.0,54.26177473145608,245.4219406371243,1.0,58.50541737301815,179.3224083934922,1.0,83.97548807008255,279.1011684091915,1.0,26.5053715469235,275.5910660735293,1.0,50.20581252743807,275.0240143411032,1.0,30.35193447938127,348.4671039148933,1.0,75.152506047192,343.695468068332,1.0,28.5299834328926,419.2883222407541,1.0,45.69905368088416,405.2838653234289,1.0,52.7685889719485,430.1892722845768,1.0,49.21828573263085,428.6256431485505,1.0,26.089718481460487,434.28714130586445,1.0,73.58432734873831,426.2254578989523,1.0,67.11249134449989,427.2627109198953,1.0,36.73940045299133,417.2734063620244,1.0,1.0,5.733333333333333,47.298192172723816,161.40085152487077,False,15.90174868707015,191.72925541640043,False,51.22953592460591,198.66562465473652,False,33.7069153852537,198.5255202958409,False,54.26177473145608,245.4219406371243,False,58.50541737301815,179.3224083934922,False,83.97548807008255,279.1011684091915,False,26.5053715469235,275.5910660735293,False,50.20581252743807,275.0240143411032,False,30.35193447938127,348.4671039148933,False,75.152506047192,343.695468068332,False,28.5299834328926,419.2883222407541,False,45.69905368088416,405.2838653234289,False,True
345,345,5.75,5.75,Sports2D_HALPE26_postprocessed,48.39387961215244,161.35543034286715,1.0,16.260418163301033,191.89487827437057,1.0,50.58975442363493,198.6456961778368,1.0,36.49579424063871,195.47987211653435,1.0,53.59064266339149,246.20885533701136,1.0,61.87188756028488,177.30488382166016,1.0,84.1376058300939,278.1096551512657,1.0,26.53818161683868,275.57638491532606,1.0,49.97693919648755,275.0807908782001,1.0,30.40851135846089,348.48241207332603,1.0,73.85927783346,343.6431807160583,1.0,28.596913157877395,419.2671602861004,1.0,44.84892644996568,405.1040928252991,1.0,53.3387626937301,430.0841877197665,1.0,49.3750098354209,428.2334376615798,1.0,25.80914891835367,434.34271227112094,1.0,72.80362770001764,425.9264843139473,1.0,66.32780171382788,427.216755668989,1.0,35.979629908718906,417.7469046591733,1.0,1.0,5.75,48.39387961215244,161.35543034286715,False,16.260418163301033,191.89487827437057,False,50.58975442363493,198.6456961778368,False,36.49579424063871,195.47987211653435,False,53.59064266339149,246.20885533701136,False,61.87188756028488,177.30488382166016,False,84.1376058300939,278.1096551512657,False,26.53818161683868,275.57638491532606,False,49.97693919648755,275.0807908782001,False,30.40851135846089,348.48241207332603,False,73.85927783346,343.6431807160583,False,28.596913157877395,419.2671602861004,False,44.84892644996568,405.1040928252991,False,True
346,346,5.766666666666667,5.766666666666667,Sports2D_HALPE26_postprocessed,48.84749814479025,161.32980028669226,1.0,16.87018904646294,191.7874304217113,1.0,50.477453338626525,199.1051861006365,1.0,37.81985377515498,193.6645958326796,1.0,53.52327568675018,247.4351948159401,1.0,64.5153339870545,176.35982862565297,1.0,83.86361474075551,277.8704909010618,1.0,26.359164995609127,275.72776172495134,1.0,49.88872307453832,275.41599969909225,1.0,30.36065862098906,348.5628007305427,1.0,72.89115763742694,343.8850235065255,1.0,28.63435189329228,419.17678077768,1.0,43.88323650200103,405.5079624585235,1.0,53.6084892648761,429.9922120201344,1.0,49.32485692437437,427.9581619835219,1.0,25.4573896676068,434.2223759867749,1.0,71.94186127606066,425.821983559537,1.0,65.52771015524813,426.9515082096508,1.0,35.4763709704703,417.9594576433069,1.0,1.0,5.766666666666667,48.84749814479025,161.32980028669226,False,16.87018904646294,191.7874304217113,False,50.477453338626525,199.1051861006365,False,37.81985377515498,193.6645958326796,False,53.52327568675018,247.4351948159401,False,64.5153339870545,176.35982862565297,False,83.86361474075551,277.8704909010618,False,26.359164995609127,275.72776172495134,False,49.88872307453832,275.41599969909225,False,30.36065862098906,348.5628007305427,False,72.89115763742694,343.8850235065255,False,28.63435189329228,419.17678077768,False,43.88323650200103,405.5079624585235,False,True
347,347,5.783333333333333,5.783333333333333,Sports2D_HALPE26_postprocessed,50.35265083035276,161.4972284131422,1.0,17.583121808939637,191.72070835905663,1.0,49.833500745973616,199.5247989698553,1.0,40.06765781466321,192.3044519934288,1.0,52.90717429327554,249.18191692132663,1.0,66.89408467139455,175.36657069650158,1.0,83.6257217417822,277.06961697594073,1.0,26.273995944055784,276.0129648324336,1.0,50.06912223375264,275.5904386257153,1.0,30.32487924770539,348.70604643573586,1.0,71.82509084086881,344.34895024257355,1.0,28.614244793384863,419.1722422935711,1.0,42.7489828444888,406.2797844142414,1.0,53.93440124160652,430.0584790016964,1.0,48.78597088165523,427.89680954470623,1.0,25.185498809788776,434.19499633658734,1.0,71.13531906777331,425.6570948939601,1.0,65.23829375304872,426.9923480826952,1.0,34.73333727317378,418.6597535704808,1.0,1.0,5.783333333333333,50.35265083035276,161.4972284131422,False,17.583121808939637,191.72070835905663,False,49.833500745973616,199.5247989698553,False,40.06765781466321,192.3044519934288,False,52.90717429327554,249.18191692132663,False,66.89408467139455,175.36657069650158,False,83.6257217417822,277.06961697594073,False,26.273995944055784,276.0129648324336,False,50.06912223375264,275.5904386257153,False,30.32487924770539,348.70604643573586,False,71.82509084086881,344.34895024257355,False,28.614244793384863,419.1722422935711,False,42.7489828444888,406.2797844142414,False,True
348,348,5.8,5.8,Sports2D_HALPE26_postprocessed,51.113671443171285,161.89948292867606,1.0,18.247739271299213,191.73422813632044,1.0,49.03053160071561,199.8338850346493,1.0,42.65877584682278,189.26378870023848,1.0,52.0315272219167,249.81073721746364,1.0,69.96824163741007,175.38228590798383,1.0,82.97946412636529,276.4017053868778,1.0,26.621523928153803,276.1612319853374,1.0,50.33704881548198,275.81536052469073,1.0,30.60528081075789,348.8920855584612,1.0,71.28961511221803,344.71460785794807,1.0,28.614420417273383,419.1589483095592,1.0,42.1320167228513,406.6561428697204,1.0,55.66136668148914,430.2725778824717,1.0,47.06929264733888,428.18015700442606,1.0,25.043663515553188,434.1935303031132,1.0,69.06556765495867,425.4805109251519,1.0,64.43335636212657,426.6051198349835,1.0,34.15314922794835,418.8252339647186,1.0,1.0,5.8,51.113671443171285,161.89948292867606,False,18.247739271299213,191.73422813632044,False,49.03053160071561,199.8338850346493,False,42.65877584682278,189.26378870023848,False,52.0315272219167,249.81073721746364,False,69.96824163741007,175.38228590798383,False,82.97946412636529,276.4017053868778,False,26.621523928153803,276.1612319853374,False,50.33704881548198,275.81536052469073,False,30.60528081075789,348.8920855584612,False,71.28961511221803,344.71460785794807,False,28.614420417273383,419.1589483095592,False,42.1320167228513,406.6561428697204,False,True
349,349,5.816666666666666,5.816666666666666,Sports2D_HALPE26_postprocessed,52.01142845303968,162.22599795848964,1.0,19.291188261494835,191.60015510608093,1.0,48.5750287624967,200.6471329521325,1.0,45.19880668259826,188.2305111829699,1.0,51.0786191778789,251.1235915442782,1.0,73.02839876509445,175.23463649152768,1.0,82.60218201593807,276.2318355609746,1.0,26.924697940357625,276.2151210217013,1.0,50.30236833070626,276.2206503323327,1.0,31.24603676783344,348.88475195264584,1.0,70.48630085696352,344.9180252740227,1.0,28.60513942310285,419.26549935865626,1.0,41.548984435396086,407.3396174605652,1.0,56.51936010616257,430.3259028874516,1.0,46.356110337287575,428.1282106591808,1.0,24.79989868084352,434.1794785675737,1.0,68.92055346808914,425.4481489203633,1.0,63.96376524109272,426.8335410327513,1.0,33.68687165676154,419.05138930701065,1.0,1.0,5.816666666666666,52.01142845303968,162.22599795848964,False,19.291188261494835,191.60015510608093,False,48.5750287624967,200.6471329521325,False,45.19880668259826,188.2305111829699,False,51.0786191778789,251.1235915442782,False,73.02839876509445,175.23463649152768,False,82.60218201593807,276.2318355609746,False,26.924697940357625,276.2151210217013,False,50.30236833070626,276.2206503323327,False,31.24603676783344,348.88475195264584,False,70.48630085696352,344.9180252740227,False,28.60513942310285,419.26549935865626,False,41.548984435396086,407.3396174605652,False,True
350,350,5.833333333333333,5.833333333333333,Sports2D_HALPE26_postprocessed,52.163799148892096,162.3514988726415,1.0,20.334703131319,191.29219658390872,1.0,48.14297918706339,201.8243228780676,1.0,46.77989694252851,188.0604170748053,1.0,49.59750325453074,251.9386403778475,1.0,75.04168682313008,174.97537378210453,1.0,82.39669954357579,276.1124695604168,1.0,26.83476314102348,276.11460902642847,1.0,49.801597322539294,276.3495684431733,1.0,31.35582663119753,348.8909758628925,1.0,69.85260576587231,345.26655175432666,1.0,28.53702898637485,419.3233114248105,1.0,41.2261106010662,409.237194420504,1.0,56.89166812274421,429.62129542734897,1.0,44.73511516487584,427.4146008894402,1.0,24.66368411826409,434.1680733531125,1.0,67.9674305575145,425.4607918262541,1.0,62.98493629357061,426.9093564849105,1.0,33.61956201005111,420.40354773491975,1.0,1.0,5.833333333333333,52.163799148892096,162.3514988726415,False,20.334703131319,191.29219658390872,False,48.14297918706339,201.8243228780676,False,46.77989694252851,188.0604170748053,False,49.59750325453074,251.9386403778475,False,75.04168682313008,174.97537378210453,False,82.39669954357579,276.1124695604168,False,26.83476314102348,276.11460902642847,False,49.801597322539294,276.3495684431733,False,31.35582663119753,348.8909758628925,False,69.85260576587231,345.26655175432666,False,28.53702898637485,419.3233114248105,False,41.2261106010662,409.237194420504,False,True
351,351,5.85,5.85,Sports2D_HALPE26_postprocessed,52.48309125043559,162.32496416849537,1.0,21.329856286663748,190.95726044178235,1.0,47.95859033289391,203.37557003924547,1.0,48.39747555407845,186.92352233736105,1.0,47.99178189410691,252.0667540887239,1.0,76.98285951209233,175.08716669587312,1.0,81.87045645386368,275.6747371218611,1.0,26.842105059763394,276.19664114761395,1.0,49.76902838722864,276.6485853561154,1.0,31.62753312936444,348.9283598188765,1.0,68.93397737761674,345.5324599817982,1.0,28.639084036930942,419.4123689268109,1.0,41.19736086911132,411.2038175687323,1.0,57.588306524820304,429.10469905866296,1.0,45.25655987117796,426.9135325370817,1.0,24.490392119651904,434.140463393775,1.0,66.94131708700534,426.0037785742277,1.0,61.962178767999625,427.5196214700512,1.0,33.52945753602983,422.195012475836,1.0,1.0,5.85,52.48309125043559,162.32496416849537,False,21.329856286663748,190.95726044178235,False,47.95859033289391,203.37557003924547,False,48.39747555407845,186.92352233736105,False,47.99178189410691,252.0667540887239,False,76.98285951209233,175.08716669587312,False,81.87045645386368,275.6747371218611,False,26.842105059763394,276.19664114761395,False,49.76902838722864,276.6485853561154,False,31.62753312936444,348.9283598188765,False,68.93397737761674,345.5324599817982,False,28.639084036930942,419.4123689268109,False,41.19736086911132,411.2038175687323,False,True
352,352,5.866666666666666,5.866666666666666,Sports2D_HALPE26_postprocessed,52.608833762457486,162.5243798334539,1.0,22.48387806221908,190.90123635315257,1.0,47.64937723857825,204.8412422585984,1.0,48.29731609738842,185.5049707429441,1.0,46.47454480116871,252.15923618048657,1.0,78.96368539391511,175.98964904697198,1.0,80.68182004933455,275.18852899137033,1.0,27.19778961969932,276.25713896073205,1.0,49.46064866185675,276.8436458037965,1.0,31.86895470459388,348.99810601406455,1.0,68.54561937463345,346.01756397177365,1.0,28.76654162160154,418.8295507330695,1.0,41.37596911755664,411.67907948646393,1.0,60.75341390800904,429.9800157766738,1.0,46.82573941557542,427.9752791610516,1.0,24.28223359189932,434.1879758558271,1.0,62.091928341457965,426.3722741246411,1.0,57.76403819336903,428.221592722149,1.0,33.41602662487399,423.6513643876039,1.0,1.0,5.866666666666666,52.608833762457486,162.5243798334539,False,22.48387806221908,190.90123635315257,False,47.64937723857825,204.8412422585984,False,48.29731609738842,185.5049707429441,False,46.47454480116871,252.15923618048657,False,78.96368539391511,175.98964904697198,False,80.68182004933455,275.18852899137033,False,27.19778961969932,276.25713896073205,False,49.46064866185675,276.8436458037965,False,31.86895470459388,348.99810601406455,False,68.54561937463345,346.01756397177365,False,28.76654162160154,418.8295507330695,False,41.37596911755664,411.67907948646393,False,True
353,353,5.883333333333333,5.883333333333333,Sports2D_HALPE26_postprocessed,53.52537574777441,162.70671184804087,1.0,22.843064415886523,190.44585130249493,1.0,46.85221676321527,204.8259447058724,1.0,50.60852286862588,185.0295765620488,1.0,45.93190094654908,252.3089605307572,1.0,81.8580303503675,177.1780487732687,1.0,80.0611664954522,275.02809650063745,1.0,27.40366594434791,276.3966902040695,1.0,49.39830966030586,277.3015160620044,1.0,31.931904455799263,349.00179541405174,1.0,67.64879306584145,346.13087960684675,1.0,28.83385850375564,418.6051177541594,1.0,41.35290762594276,412.9075949688872,1.0,57.06209496086748,429.9413879709248,1.0,50.3644137947834,427.912647401006,1.0,24.30444749468754,434.15755609888834,1.0,61.781916974290326,427.2971648376201,1.0,58.16055972630159,429.8321974897876,1.0,33.306261656213564,424.7981015232328,1.0,1.0,5.883333333333333,53.52537574777441,162.70671184804087,False,22.843064415886523,190.44585130249493,False,46.85221676321527,204.8259447058724,False,50.60852286862588,185.0295765620488,False,45.93190094654908,252.3089605307572,False,81.8580303503675,177.1780487732687,False,80.0611664954522,275.02809650063745,False,27.40366594434791,276.3966902040695,False,49.39830966030586,277.3015160620044,False,31.931904455799263,349.00179541405174,False,67.64879306584145,346.13087960684675,False,28.83385850375564,418.6051177541594,False,41.35290762594276,412.9075949688872,False,True
354,354,5.9,5.9,Sports2D_HALPE26_postprocessed,54.27957244215468,162.61233248723738,1.0,23.60140130159564,190.12569690160083,1.0,46.28688183759832,205.68960791477627,1.0,51.91154297746244,184.6077943646299,1.0,43.09180791724042,252.15872113696224,1.0,83.32217428304948,177.99094289342094,1.0,78.41650526840091,274.37744701838926,1.0,28.20661171414026,276.5793250397491,1.0,49.33185505847806,277.516569771793,1.0,32.303818128287546,349.03194486360746,1.0,66.79050502373791,346.4072593496295,1.0,29.01564213634655,417.6944492627716,1.0,41.86395246928147,412.5621061933228,1.0,55.746970195102,430.395483620656,1.0,50.04297770318778,428.86573737282106,1.0,24.20019516881303,434.1999732348343,1.0,59.08694964002733,428.9969333004351,1.0,55.2220386138154,432.0326603128758,1.0,33.68004763506964,425.1274434873688,1.0,1.0,5.9,54.27957244215468,162.61233248723738,False,23.60140130159564,190.12569690160083,False,46.28688183759832,205.68960791477627,False,51.91154297746244,184.6077943646299,False,43.09180791724042,252.15872113696224,False,83.32217428304948,177.99094289342094,False,78.41650526840091,274.37744701838926,False,28.20661171414026,276.5793250397491,False,49.33185505847806,277.516569771793,False,32.303818128287546,349.03194486360746,False,66.79050502373791,346.4072593496295,False,29.01564213634655,417.6944492627716,False,41.86395246928147,412.5621061933228,False,True
355,355,5.916666666666667,5.916666666666667,Sports2D_HALPE26_postprocessed,55.01187718409777,162.81785697020578,1.0,24.571756676313782,189.6117406178736,1.0,45.624327851558014,206.07826022579275,1.0,53.05815053975865,184.482356543026,1.0,42.29898738820231,252.07327807282348,1.0,85.39328820630594,179.01911576338756,1.0,77.11226751577469,274.4112971944792,1.0,28.32784808060809,276.728977917106,1.0,49.09535914408068,277.9511677846723,1.0,32.53422105155419,349.16478256770824,1.0,66.12754076231568,346.7567046966663,1.0,29.08683019895244,417.87763264363394,1.0,41.74330620719859,414.3473392490133,1.0,55.06913216287112,430.42307602354254,1.0,50.630889202374576,429.15062896210856,1.0,24.31787278726923,434.1275926115399,1.0,57.777724966992494,429.9174274439364,1.0,54.29440730370937,432.8213536165582,1.0,33.76178069606586,426.4570441206762,1.0,1.0,5.916666666666667,55.01187718409777,162.81785697020578,False,24.571756676313782,189.6117406178736,False,45.624327851558014,206.07826022579275,False,53.05815053975865,184.482356543026,False,42.29898738820231,252.07327807282348,False,85.39328820630594,179.01911576338756,False,77.11226751577469,274.4112971944792,False,28.32784808060809,276.728977917106,False,49.09535914408068,277.9511677846723,False,32.53422105155419,349.16478256770824,False,66.12754076231568,346.7567046966663,False,29.08683019895244,417.87763264363394,False,41.74330620719859,414.3473392490133,False,True
356,356,5.933333333333334,5.933333333333334,Sports2D_HALPE26_postprocessed,55.65269853778665,162.77905934012523,1.0,24.92577764076298,189.84087351133525,1.0,45.44705858813823,206.31927324004644,1.0,53.74129687782748,184.9808925017529,1.0,41.526600145730974,252.07914756509587,1.0,86.50806096697636,180.12199649138194,1.0,75.94868266485017,274.0772006069911,1.0,29.41374395170553,276.7875447792523,1.0,48.96326663133468,277.9301088451477,1.0,32.50554716585583,349.2335246498077,1.0,65.39035633560084,346.8454145608466,1.0,29.22781959011069,417.4699610459123,1.0,42.23521027916666,413.6762694224213,1.0,53.94283567791096,430.40826490803136,1.0,49.88143299230778,429.8186944142425,1.0,24.19797970181783,434.0623318686597,1.0,57.78889228725985,430.6017442198352,1.0,54.31145352808942,433.19208894823566,1.0,34.28744023470942,427.187569500539,1.0,1.0,5.933333333333334,55.65269853778665,162.77905934012523,False,24.92577764076298,189.84087351133525,False,45.44705858813823,206.31927324004644,False,53.74129687782748,184.9808925017529,False,41.526600145730974,252.07914756509587,False,86.50806096697636,180.12199649138194,False,75.94868266485017,274.0772006069911,False,29.41374395170553,276.7875447792523,False,48.96326663133468,277.9301088451477,False,32.50554716585583,349.2335246498077,False,65.39035633560084,346.8454145608466,False,29.22781959011069,417.4699610459123,False,42.23521027916666,413.6762694224213,False,True
