frame,frame_idx,time,timestamp_sec,pose_source,nose_x,nose_y,nose_conf,left_shoulder_x,left_shoulder_y,left_shoulder_conf,right_shoulder_x,right_shoulder_y,right_shoulder_conf,left_elbow_x,left_elbow_y,left_elbow_conf,right_elbow_x,right_elbow_y,right_elbow_conf,left_wrist_x,left_wrist_y,left_wrist_conf,right_wrist_x,right_wrist_y,right_wrist_conf,left_hip_x,left_hip_y,left_hip_conf,right_hip_x,right_hip_y,right_hip_conf,left_knee_x,left_knee_y,left_knee_conf,right_knee_x,right_knee_y,right_knee_conf,left_ankle_x,left_ankle_y,left_ankle_conf,right_ankle_x,right_ankle_y,right_ankle_conf,left_big_toe_x,left_big_toe_y,left_big_toe_conf,left_small_toe_x,left_small_toe_y,left_small_toe_conf,left_heel_x,left_heel_y,left_heel_conf,right_big_toe_x,right_big_toe_y,right_big_toe_conf,right_small_toe_x,right_small_toe_y,right_small_toe_conf,right_heel_x,right_heel_y,right_heel_conf,sports2d_core_valid_ratio,timestamp,nose_x_clean,nose_y_clean,nose_invalid,left_shoulder_x_clean,left_shoulder_y_clean,left_shoulder_invalid,right_shoulder_x_clean,right_shoulder_y_clean,right_shoulder_invalid,left_elbow_x_clean,left_elbow_y_clean,left_elbow_invalid,right_elbow_x_clean,right_elbow_y_clean,right_elbow_invalid,left_wrist_x_clean,left_wrist_y_clean,left_wrist_invalid,right_wrist_x_clean,right_wrist_y_clean,right_wrist_invalid,left_hip_x_clean,left_hip_y_clean,left_hip_invalid,right_hip_x_clean,right_hip_y_clean,right_hip_invalid,left_knee_x_clean,left_knee_y_clean,left_knee_invalid,right_knee_x_clean,right_knee_y_clean,right_knee_invalid,left_ankle_x_clean,left_ankle_y_clean,left_ankle_invalid,right_ankle_x_clean,right_ankle_y_clean,right_ankle_invalid,sports2d_stage2_prepared,throwing_elbow_angle,left_knee_angle,right_knee_angle,throwing_upper_arm_length,throwing_forearm_length,throwing_total_arm_length,upper_arm_length_ratio,forearm_length_ratio,total_arm_length_ratio,forearm_upperarm_ratio,elbow_angle_conf_valid,upper_arm_length_valid,forearm_length_valid,total_arm_length_valid,elbow_angle_diff,elbow_angle_jump,arm_ratio_diff,arm_ratio_jump,throwing_elbow_angle_valid,throwing_elbow_angle_filtered,elbow_angle_invalid_reason,wrist_dx,wrist_dy,wrist_displacement_px,wrist_speed_px_s,wrist_speed_px_s_smooth,torso_center_x,torso_center_y,torso_speed_px_s,wrist_relative_x,wrist_relative_y,wrist_relative_displacement_px,wrist_relative_speed_px_s,wrist_relative_speed_px_s_smooth,body_scale_px,wrist_speed_body_s,wrist_relative_speed_body_s,wrist_relative_speed_body_s_smooth,wrist_peak_speed_candidate
0,0,0.0,0.0,Sports2D_HALPE26_postprocessed,141.63898151177912,173.02200807215766,1.0,151.10146010350172,200.44783037311987,1.0,189.8999889883785,196.7252266681384,1.0,117.03694635809386,235.4644748557513,1.0,158.67682862434677,221.7145179024733,1.0,122.71565066841484,203.2917422889821,1.0,134.0753531678823,196.2096083574437,1.0,169.08248656926617,295.999478208859,1.0,197.47465570833413,294.07246656030264,1.0,140.68611166618626,368.7262428094028,1.0,200.3136583252028,369.8300308896649,1.0,137.8942810292607,443.5611962425694,1.0,217.3477068207643,444.5917957033627,1.0,105.83123920703304,452.1364574659269,1.0,109.7169851495708,455.02366741422406,1.0,145.43882199173945,453.0728106577012,1.0,188.95799888116773,453.1046144673504,1.0,196.5284275645664,453.0999310626796,1.0,224.91790671770903,455.00111027829314,1.0,1.0,0.0,141.63898151177912,173.02200807215766,False,151.10146010350172,200.44783037311987,False,189.8999889883785,196.7252266681384,False,117.03694635809386,235.4644748557513,False,158.67682862434677,221.7145179024733,False,122.71565066841484,203.2917422889821,False,134.0753531678823,196.2096083574437,False,169.08248656926617,295.999478208859,False,197.47465570833413,294.07246656030264,False,140.68611166618626,368.7262428094028,False,200.3136583252028,369.8300308896649,False,137.8942810292607,443.5611962425694,False,217.3477068207643,444.5917957033627,False,True,34.20036573503608,160.80821176784983,169.31073870841283,48.85239490070147,32.67005361882512,81.52244851952659,0.9975577131460376,0.9560861334611024,0.9861407538788948,0.6687502974057064,True,True,True,True,,False,,False,True,34.20036573503608,valid,,,,,2.7472560456622523,176.88964784237012,246.81125045260498,,-54.173997173955286,-43.519508163622874,,,5.110161313237004,245.5932050277043,,,0.025295003159059224,False
1,1,0.0169491525423728,0.0169491525423728,Sports2D_HALPE26_postprocessed,141.57981801589904,173.0490183092478,1.0,151.07163060465243,200.4265823031445,1.0,189.8188122899253,196.805654692757,1.0,116.9878974222738,235.45008801606207,1.0,158.64779326039394,221.16343771028085,1.0,122.66961267892516,203.28476531806885,1.0,134.0753650760454,197.09550829059336,1.0,169.03461421176232,295.85172063952075,1.0,197.4485521785234,293.7866856714153,1.0,140.6128825294412,368.4638560509983,1.0,200.2768319202684,369.75204137647927,1.0,137.92967371692936,443.50480616021866,1.0,217.3460546261523,444.5695927931464,1.0,105.973402862972,452.11662100264925,1.0,109.85088440832789,455.0576714609482,1.0,145.45736634054003,453.0489115178669,1.0,188.9314721400208,453.06664940820826,1.0,196.5035736047552,453.0087425754834,1.0,224.9159048724466,454.9814962489513,1.0,1.0,0.0169491525423728,141.57981801589904,173.0490183092478,False,151.07163060465243,200.4265823031445,False,189.8188122899253,196.805654692757,False,116.9878974222738,235.45008801606207,False,158.64779326039394,221.16343771028085,False,122.66961267892516,203.28476531806885,False,134.0753650760454,197.09550829059336,False,169.03461421176232,295.85172063952075,False,197.4485521785234,293.7866856714153,False,140.6128825294412,368.4638560509983,False,200.2768319202684,369.75204137647927,False,137.92967371692936,443.50480616021866,False,217.3460546261523,444.5695927931464,False,True,34.20344729116382,160.6715364871077,169.28044469560075,48.87071536278498,32.66328018622291,81.5339955490079,0.997931813910124,0.955887909575018,0.9862804331520834,0.6683609999107151,True,True,True,True,0.0030815561277393,False,0.0003892974949912,False,True,34.20344729116382,valid,-0.04603798948967608,-0.006976970913257219,0.04656366179088541,2.7472560456622523,18.77860881994312,176.84340232121588,246.7176608267094,6.159121398188664,-54.173789642290714,-43.43289550864054,0.0866129036141861,5.110161313237004,18.380481189854756,245.5264570227167,0.013598758648531193,0.025295003159059224,0.09098231959098264,False
2,2,0.0338983050847457,0.0338983050847457,Sports2D_HALPE26_postprocessed,140.9340502408308,173.15537534280335,1.0,150.89870664797405,200.3175401761209,1.0,188.47004260202823,197.03334427461704,1.0,116.4469898933345,235.26364907835293,1.0,158.08191104050022,220.3784602625304,1.0,122.08693550100789,203.1921017425968,1.0,134.0755249470038,197.90187966929588,1.0,168.49306066456208,294.867430992022,1.0,196.83850896588865,292.1633797975365,1.0,140.09318802731,367.9134604240433,1.0,198.9029477168079,368.7412477509405,1.0,138.00187241867548,443.4280466144763,1.0,217.3014861413302,444.1442127782547,1.0,106.35509643808408,452.0784222123432,1.0,110.10554240357234,455.1493022873598,1.0,145.52271158666662,453.0043640673059,1.0,188.3678294798052,452.711676614474,1.0,195.9282700984769,451.9758611991153,1.0,224.86512461713232,454.57205534964993,1.0,1.0,0.0338983050847457,140.9340502408308,173.15537534280335,False,150.89870664797405,200.3175401761209,False,188.47004260202823,197.03334427461704,False,116.4469898933345,235.26364907835293,False,158.08191104050022,220.3784602625304,False,122.08693550100789,203.1921017425968,False,134.0755249470038,197.90187966929588,False,168.49306066456208,294.867430992022,False,196.83850896588865,292.1633797975365,False,140.09318802731,367.9134604240433,False,198.9029477168079,368.7412477509405,False,138.00187241867548,443.4280466144763,False,217.3014861413302,444.1442127782547,False,True,34.61805294933404,160.34056213365585,167.83185391954842,49.07291834350767,32.563678154765626,81.63659649827329,1.0020607648745763,0.952973065226982,0.9875215511422162,0.6635773712666059,True,True,True,True,0.414605658170224,False,0.0047836286441091,False,True,34.61805294933404,valid,-0.5826771779172759,-0.09266357547204507,0.5899993490546445,34.809961594223985,34.809961594223985,176.17507972011327,246.0954238100741,53.875561880863856,-54.08814421910539,-42.90332206747729,0.5364542553639413,31.650801066472503,31.650801066472503,245.24014160811876,0.1723072980517843,0.15666963602290607,0.15666963602290607,False
3,3,0.0508474576271186,0.0508474576271186,Sports2D_HALPE26_postprocessed,138.74778825276238,173.87704886185057,1.0,149.81437713773522,200.1885692185029,1.0,186.8243999493048,197.0614997710889,1.0,115.03599387892682,234.4985677610473,1.0,156.58428691178207,219.6343503283408,1.0,120.07943828724066,203.3063078276238,1.0,133.79034457594636,198.60024858504457,1.0,167.87203088916144,293.5053926573861,1.0,195.45231894588423,291.2739973855443,1.0,139.4193174387794,367.6090468812476,1.0,196.4912009995228,367.7296363042525,1.0,138.120810275557,443.28100894248985,1.0,217.04016007213065,443.3594807079135,1.0,106.45174865739962,451.9445278137265,1.0,110.12857025671543,455.3008133140581,1.0,145.7258210334748,452.8636893296567,1.0,187.8243018757789,452.9100399108276,1.0,195.37541816055767,452.1956160989923,1.0,224.60868913585875,454.4299581075197,1.0,1.0,0.0508474576271186,138.74778825276238,173.87704886185057,False,149.81437713773522,200.1885692185029,False,186.8243999493048,197.0614997710889,False,115.03599387892682,234.4985677610473,False,156.58428691178207,219.6343503283408,False,120.07943828724066,203.3063078276238,False,133.79034457594636,198.60024858504457,False,167.87203088916144,293.5053926573861,False,195.45231894588423,291.2739973855443,False,139.4193174387794,367.6090468812476,False,196.4912009995228,367.7296363042525,False,138.120810275557,443.28100894248985,False,217.04016007213065,443.3594807079135,False,True,36.20382342703895,159.97837370685176,165.57793535376376,48.85398593856968,31.597363992175172,80.45134993074485,0.9975902018725488,0.9246939695695616,0.9731841512620482,0.6467714636817261,True,True,True,True,1.585770477704905,False,0.0168059075848797,False,True,36.20382342703895,valid,-2.0074972137672233,0.11420608502700702,2.010743169363099,118.6338469924227,118.6338469924227,174.9907817305214,245.50736475813054,78.01342185916846,-54.91134344328074,-42.201056930506724,1.0820505003405316,63.8409795200913,63.8409795200913,244.870402191522,0.5872306861764826,0.3160091589389028,0.3160091589389028,False
4,4,0.0677966101694915,0.0677966101694915,Sports2D_HALPE26_postprocessed,136.9187003469089,173.4512748024227,1.0,148.08979841461354,200.0108274780881,1.0,184.33331451935763,196.8542705234032,1.0,113.22859191562992,233.8103875537209,1.0,152.2604153729908,217.71977912869403,1.0,120.32490644203178,200.50385281172225,1.0,132.27477119730557,197.74628663519064,1.0,166.90357022727707,291.43978739382646,1.0,193.18753210585828,289.76313993176456,1.0,138.3123744647963,367.345227431661,1.0,194.6008118363105,367.428153241139,1.0,138.12952383409504,443.18620955008487,1.0,216.1444995609351,442.7061503247365,1.0,106.9095821080662,452.020859356336,1.0,110.25460615853916,455.507288511977,1.0,145.86371461173712,452.90522460048027,1.0,188.2940024960324,452.91724540542623,1.0,195.66687888694184,451.5445764967161,1.0,223.98705391152075,453.8248445128285,1.0,1.0,0.0677966101694915,136.9187003469089,173.4512748024227,False,148.08979841461354,200.0108274780881,False,184.33331451935763,196.8542705234032,False,113.22859191562992,233.8103875537209,False,152.2604153729908,217.71977912869403,False,120.32490644203178,200.50385281172225,False,132.27477119730557,197.74628663519064,False,166.90357022727707,291.43978739382646,False,193.18753210585828,289.76313993176456,False,138.3123744647963,367.345227431661,False,194.6008118363105,367.428153241139,False,138.12952383409504,443.18620955008487,False,216.1444995609351,442.7061503247365,False,True,33.858213085288696,159.49832222839115,165.0719971813338,48.5562970156404,34.054117759495455,82.61041477513585,0.9915114439776728,0.9965906440491462,0.9993013971493716,0.7013326767592334,True,True,True,True,2.345610341750252,False,0.0545612130775072,False,True,33.858213085288696,valid,0.24546815479111217,-2.8024550159015575,2.813184802171438,165.97790332811465,165.97790332811465,173.12855381677664,244.51700633177057,124.44249195584567,-52.80364737474487,-44.01315352004832,2.779582120958087,163.99534513652696,163.99534513652696,244.7575969930779,0.8215810287912859,0.8117674803247577,0.8117674803247577,False
5,5,0.0847457627118644,0.0847457627118644,Sports2D_HALPE26_postprocessed,136.79470179127674,172.45765669659764,1.0,147.88662134601867,198.7957237405488,1.0,182.5057727957501,196.7321376877266,1.0,113.06901153491776,233.50929443221847,1.0,152.82200859226532,219.70579919837368,1.0,117.37305398256332,202.20860385694263,1.0,130.56439193822604,198.238773965342,1.0,166.20812796171768,290.93105142495494,1.0,192.75506299170124,289.5440094319905,1.0,137.33835747996946,367.1566710301049,1.0,192.9674555958972,367.80556215369927,1.0,138.12905917427742,443.02635342204894,1.0,216.399934275968,442.66243899048686,1.0,106.75372382224376,452.1468584146456,1.0,110.18739137810364,455.3794431254833,1.0,145.80381151310377,452.6635520908419,1.0,188.2390329046279,453.6155187361987,1.0,195.0905940812678,452.0756327249262,1.0,224.4322882185328,453.3216466790677,1.0,1.0,0.0847457627118644,136.79470179127674,172.45765669659764,False,147.88662134601867,198.7957237405488,False,182.5057727957501,196.7321376877266,False,113.06901153491776,233.50929443221847,False,152.82200859226532,219.70579919837368,False,117.37305398256332,202.20860385694263,False,130.56439193822604,198.238773965342,False,166.20812796171768,290.93105142495494,False,192.75506299170124,289.5440094319905,False,137.33835747996946,367.1566710301049,False,192.9674555958972,367.80556215369927,False,138.12905917427742,443.02635342204894,False,216.399934275968,442.66243899048686,False,True,37.256299980018944,158.65916083108658,162.77378675966972,49.16602427615658,31.59522134564492,80.76124562180149,1.0039619724088713,0.9246312652146688,0.9769328214253248,0.6426230676733252,True,True,True,True,3.3980868947302483,False,0.0587096090859081,False,True,37.256299980018944,valid,-2.951852459468455,1.7047510452203767,3.4087547680421264,201.11653131448517,201.11653131448517,172.33889627379693,244.0007305713052,55.66360608042198,-54.96584229123361,-41.79212671436258,3.099684972455163,182.88141337485436,163.99534513652696,245.3774203597057,0.9955152064889413,0.905252426585307,0.8117674803247577,False
6,6,0.1016949152542373,0.1016949152542373,Sports2D_HALPE26_postprocessed,134.83769543826847,171.30930499503626,1.0,146.8040475643477,197.671095768343,1.0,179.39087183210495,196.5294962519865,1.0,110.28074785848634,231.12739829677184,1.0,148.97803437446026,221.4093379478912,1.0,114.0027420183984,200.12578049503423,1.0,127.13869433599083,195.5421232187242,1.0,162.48183079983232,290.5119642894658,1.0,187.2257874997493,289.5144109615127,1.0,137.36287759356105,367.0865749663381,1.0,186.25707557286748,367.2946779124836,1.0,138.1745311254553,443.0268936530142,1.0,216.22189268871708,439.6930436437915,1.0,106.48808438522607,452.27336281391246,1.0,109.70377054785196,455.3812510394112,1.0,145.9767439776318,452.61391480195874,1.0,188.3940042492008,453.2196701918741,1.0,195.22040032291991,451.79679783882415,1.0,224.49357672267945,450.9546267162488,1.0,1.0,0.1016949152542373,134.83769543826847,171.30930499503626,False,146.8040475643477,197.671095768343,False,179.39087183210495,196.5294962519865,False,110.28074785848634,231.12739829677184,False,148.97803437446026,221.4093379478912,False,114.0027420183984,200.12578049503423,False,127.13869433599083,195.5421232187242,False,162.48183079983232,290.5119642894658,False,187.2257874997493,289.5144109615127,False,137.36287759356105,367.0865749663381,False,186.25707557286748,367.2946779124836,False,138.1745311254553,443.0268936530142,False,216.22189268871708,439.6930436437915,False,True,40.663444251924936,161.22647701591325,156.80237027512644,49.530552190319135,31.224246137439952,80.75479832775909,1.0114055712983223,0.9137747096497204,0.9768548313805836,0.6304037559981576,True,True,True,True,3.407144271905992,False,0.0122193116751676,False,True,40.663444251924936,valid,-3.3703119641649266,-2.082823361908396,3.961963641012451,233.75585481973448,201.11653131448517,168.97563442400855,243.556741817827,200.1540219998445,-54.97289240561015,-43.43096132279277,1.6388497728288725,96.69213659690341,103.70300931448911,244.66634196430638,1.1570779714521982,0.47862048783848693,0.5133239025975715,False
7,7,0.1186440677966101,0.1186440677966101,Sports2D_HALPE26_postprocessed,133.95824960035662,170.92730969154226,1.0,146.40336121169878,197.11793137162348,1.0,177.866090950465,196.12436048135865,1.0,109.06039084168712,230.30632497183151,1.0,143.44606331589333,221.3791975128429,1.0,112.29883421060585,198.1438601349745,1.0,122.43255328964092,194.5291271659106,1.0,160.73067190930183,290.4801966358443,1.0,184.73273481718715,289.5777732503693,1.0,136.87271741077433,366.8870224293799,1.0,182.76567782191373,366.7312244221513,1.0,138.103297549158,443.0990031331455,1.0,215.33272839079905,439.1457673717511,1.0,106.37927695280015,452.3363284760085,1.0,109.40269506803298,455.4644841427081,1.0,146.22644594601053,452.7399010995428,1.0,188.38673114479988,453.3150970544567,1.0,195.1143828084475,452.06802001858335,1.0,224.0017011990807,448.9430014465114,1.0,1.0,0.1186440677966101,133.95824960035662,170.92730969154226,False,146.40336121169878,197.11793137162348,False,177.866090950465,196.12436048135865,False,109.06039084168712,230.30632497183151,False,143.44606331589333,221.3791975128429,False,112.29883421060585,198.1438601349745,False,122.43255328964092,194.5291271659106,False,160.73067190930183,290.4801966358443,False,184.73273481718715,289.5777732503693,False,136.87271741077433,366.8870224293799,False,182.76567782191373,366.7312244221513,False,138.103297549158,443.0990031331455,False,215.33272839079905,439.1457673717511,False,True,42.62131163110616,161.73401487577644,154.3246208378385,49.95965277919672,32.32509334612598,82.2847461253227,1.0201677333790231,0.9459909026062452,0.9953619285284736,0.6470239793096841,True,True,True,True,1.957867379181224,False,0.0166202233115265,False,True,42.62131163110616,valid,-1.7039078077925467,-1.9819203600597461,2.613677510917473,154.20697314413155,154.20697314413155,167.4332147221632,243.32506543479894,92.02359357061144,-55.13438051155735,-45.181205299824455,1.7576781239743842,103.70300931448911,103.70300931448911,244.93576359611697,0.7633156046807675,0.5133239025975715,0.5133239025975715,False
8,8,0.135593220338983,0.135593220338983,Sports2D_HALPE26_postprocessed,133.12123492674976,170.4496660176908,1.0,145.77002942047906,197.3338187745533,1.0,176.26110557318924,196.0053885931322,1.0,107.40189014319957,229.4894442277104,1.0,136.9287422820852,223.0997765606425,1.0,112.87399714810472,197.0948003706152,1.0,118.41959564164692,194.5727247115075,1.0,159.4562707205409,290.58937852901124,1.0,184.12385635962647,289.82140860848057,1.0,136.49036173736604,367.13301602008494,1.0,178.7396437441138,365.00897421349686,1.0,138.113085903116,443.263513923212,1.0,212.47016999660943,435.6506444213,1.0,106.24631376112836,452.2925404068416,1.0,109.32800396654896,455.62155035386616,1.0,146.3804205753905,453.09730601187846,1.0,188.6275401078468,453.1652700071823,1.0,195.5252654978241,452.2425609811813,1.0,222.0552292788041,445.86532013715606,1.0,1.0,0.135593220338983,133.12123492674976,170.4496660176908,False,145.77002942047906,197.3338187745533,False,176.26110557318924,196.0053885931322,False,107.40189014319957,229.4894442277104,False,136.9287422820852,223.0997765606425,False,112.87399714810472,197.0948003706152,False,118.41959564164692,194.5727247115075,False,159.4562707205409,290.58937852901124,False,184.12385635962647,289.82140860848057,False,136.49036173736604,367.13301602008494,False,178.7396437441138,365.00897421349686,False,138.113085903116,443.263513923212,False,212.47016999660943,435.6506444213,False,True,40.44635159114675,162.0777441598287,150.3801176000207,50.06094645414171,32.85356762516316,82.91451407930487,1.0222361332382248,0.9614566540853656,1.0029799510018784,0.6562714042024484,True,True,True,True,2.1749600399594087,False,0.0092474248927643,False,True,40.44635159114675,valid,0.5751629374988738,-1.0490597643592992,1.1963857211910887,70.58675755027419,154.20697314413155,166.4028155184589,243.4374986262943,61.15439627954485,-53.52881837035419,-46.342698255679124,1.9816396432663812,116.91673895271641,116.91673895271641,243.20683410647692,0.3494003703164749,0.5787311006200917,0.5787311006200917,False
9,9,0.1525423728813559,0.1525423728813559,Sports2D_HALPE26_postprocessed,131.450359472351,170.90851528983558,1.0,146.2967533307989,196.75975909275587,1.0,175.26454663204396,195.74102955988084,1.0,107.96205180253769,227.36485182497609,1.0,144.3644044988348,226.65372831727933,1.0,109.39278056355828,196.59614115511496,1.0,121.429940223001,196.3387238690652,1.0,158.06718277309295,290.14165732007234,1.0,182.1573950572346,289.4747299960908,1.0,136.1222420798536,367.8377608320053,1.0,175.4558862968734,365.8216947472689,1.0,138.14403580493388,443.4940659428963,1.0,211.83483869629225,434.1396397540921,1.0,105.81546365776808,452.3512243432878,1.0,109.0531903029558,455.48760075543055,1.0,147.22851280578294,453.26505502029977,1.0,189.32473498019647,454.45677876254047,1.0,195.5041407788497,452.2641452112833,1.0,221.4553888466732,442.87226977617416,1.0,1.0,0.1525423728813559,131.450359472351,170.90851528983558,False,146.2967533307989,196.75975909275587,False,175.26454663204396,195.74102955988084,False,107.96205180253769,227.36485182497609,False,144.3644044988348,226.65372831727933,False,109.39278056355828,196.59614115511496,False,121.429940223001,196.3387238690652,False,158.06718277309295,290.14165732007234,False,182.1573950572346,289.4747299960908,False,136.1222420798536,367.8377608320053,False,175.4558862968734,365.8216947472689,False,138.14403580493388,443.4940659428963,False,211.83483869629225,434.1396397540921,False,True,48.73504472009915,162.69711451470934,146.94853416691188,49.0532470118816,30.80195677344602,79.85520378532762,1.001659079580921,0.9014164500051736,0.965972836833447,0.6279290087766304,True,True,True,True,8.288693128952396,False,0.028342395425818,False,True,48.73504472009915,valid,-3.481216584546445,-0.4986592155002256,3.5167499088966383,207.48824462490154,81.94325788031972,165.44646944829262,243.02929399219997,61.349470694619406,-56.05368888473434,-46.433152837085004,2.5264902821272868,149.06292664550983,116.91673895271641,242.9822553925525,1.0270548191227171,0.7378528718124462,0.5787311006200917,False
10,10,0.1694915254237288,0.1694915254237288,Sports2D_HALPE26_postprocessed,131.00565162097735,170.2537781086965,1.0,146.08331432798755,196.7829852411809,1.0,173.0565767564461,195.6869245999889,1.0,106.31689262787908,225.71346263984125,1.0,137.6861516608057,227.2829103661345,1.0,108.14033290535772,195.99586509782927,1.0,114.69233018451747,197.7320864117881,1.0,156.7580889420885,290.90891896440814,1.0,179.73703655396662,290.6427899982124,1.0,135.75881340803508,368.8059404890321,1.0,171.13834076580076,365.7221967149282,1.0,138.22526369654864,443.7747527379424,1.0,209.3848286075168,431.57062527776753,1.0,105.52751567975244,452.4423527526515,1.0,108.62668223376316,455.51266387725616,1.0,147.34594356723386,453.4846843102987,1.0,188.898088644512,454.3772154054509,1.0,195.1264282511644,452.35939268716805,1.0,219.0157489176833,440.077406791107,1.0,1.0,0.1694915254237288,131.00565162097735,170.2537781086965,False,146.08331432798755,196.7829852411809,False,173.0565767564461,195.6869245999889,False,106.31689262787908,225.71346263984125,False,137.6861516608057,227.2829103661345,False,108.14033290535772,195.99586509782927,False,114.69233018451747,197.7320864117881,False,156.7580889420885,290.90891896440814,False,179.73703655396662,290.6427899982124,False,135.75881340803508,368.8059404890321,False,171.13834076580076,365.7221967149282,False,138.22526369654864,443.7747527379424,False,209.3848286075168,431.57062527776753,False,True,50.45252221545179,163.02866253151882,143.31735527156093,49.17662877165589,29.77348716752084,78.95011593917673,1.0041785144289883,0.8713183809789059,0.9550243922376488,0.605439777211436,True,True,True,True,1.7174774953526466,False,0.0224892315651943,False,True,50.45252221545179,valid,-1.252447658200552,-0.6002760572856971,1.3888687776325408,81.94325788031972,207.48824462490154,163.9087541451222,243.5054047009476,94.97441980138152,-55.76842123976448,-47.50953960311833,1.1135466309761475,65.69925122759255,149.06292664550983,241.85701877466136,0.4056143906019508,0.3252074964923331,0.7378528718124462,False
11,11,0.1864406779661017,0.1864406779661017,Sports2D_HALPE26_postprocessed,130.71359252226986,169.64800944549197,1.0,145.63219999473233,196.3041344661825,1.0,172.35931134229065,195.2354274480828,1.0,105.58987433670852,223.80962610340063,1.0,132.0604077151634,226.5039907458465,1.0,107.62276541839547,192.36224452499263,1.0,111.82844299202374,195.7591112199931,1.0,156.14769255163506,290.8358463276816,1.0,178.2603360962225,290.85368452668007,1.0,135.29893073788642,368.8402036602217,1.0,166.8269516909561,365.05192576853045,1.0,138.1164037627646,443.9683583956636,1.0,205.2046810239144,427.8810441065706,1.0,105.54912699295768,452.52189017412496,1.0,108.71177278446127,455.7155431181636,1.0,147.63701055531567,453.73646006597687,1.0,188.24678007478195,454.0507444099805,1.0,194.6663736283745,452.4866123601036,1.0,215.7331413286157,434.5753059455348,1.0,1.0,0.1864406779661017,130.71359252226986,169.64800944549197,False,145.63219999473233,196.3041344661825,False,172.35931134229065,195.2354274480828,False,105.58987433670852,223.80962610340063,False,132.0604077151634,226.5039907458465,False,107.62276541839547,192.36224452499263,False,111.82844299202374,195.7591112199931,False,156.14769255163506,290.8358463276816,False,178.2603360962225,290.85368452668007,False,135.29893073788642,368.8402036602217,False,166.8269516909561,365.05192576853045,False,138.1164037627646,443.9683583956636,False,205.2046810239144,427.8810441065706,False,True,51.81572699268103,162.88823314335568,139.8223391393237,48.5792127798332,31.51302039297403,80.09223317280723,0.99197938004037,0.922225661847044,0.9688400757732172,0.6486935170356672,True,True,True,True,1.3632047772292353,False,0.0432537398242312,False,True,51.81572699268103,valid,-0.5175674869622497,-3.6336205728366338,3.6702962511086277,216.5474788154089,216.5474788154089,163.09988499622014,243.30727319215674,49.13412153863027,-55.477119577824666,-50.94502866716411,3.447816956775267,203.42120044974064,203.42120044974064,240.48863292096655,1.0718975047878365,1.0069231855102427,1.0069231855102427,False
12,12,0.2033898305084746,0.2033898305084746,Sports2D_HALPE26_postprocessed,131.43123926451068,168.9720137628415,1.0,144.9121819363748,196.4691815794295,1.0,170.69663591159525,195.1343121048219,1.0,104.57161848331616,222.87561692711785,1.0,126.97366240551914,221.9379762159732,1.0,107.45390576083912,188.19507244414223,1.0,109.40655902331946,191.293167929182,1.0,155.35332784053483,290.37889370281107,1.0,177.0263341677672,291.0396450994239,1.0,134.92029419965263,369.05017257412015,1.0,162.0084908533185,365.51915055742415,1.0,137.9492383811621,444.0605965519852,1.0,201.19033040330203,423.2803605662406,1.0,105.27257193793956,452.5550500925726,1.0,108.97964987852744,456.27956575331234,1.0,147.80165299440878,453.9676499350351,1.0,189.00066878895697,455.258486645893,1.0,195.1023308431679,452.52382903628336,1.0,213.83069133908563,428.82489068016775,1.0,1.0,0.2033898305084746,131.43123926451068,168.9720137628415,False,144.9121819363748,196.4691815794295,False,170.69663591159525,195.1343121048219,False,104.57161848331616,222.87561692711785,False,126.97366240551914,221.9379762159732,False,107.45390576083912,188.19507244414223,False,109.40655902331946,191.293167929182,False,155.35332784053483,290.37889370281107,False,177.0263341677672,291.0396450994239,False,134.92029419965263,369.05017257412015,False,162.0084908533185,365.51915055742415,False,137.9492383811621,444.0605965519852,False,201.19033040330203,423.2803605662406,False,True,52.04082381421792,163.12808576927165,134.4492134863113,48.21473724372969,34.80011128697467,83.01484853070436,0.9845368507021026,1.018422076454988,1.004193652176708,0.7217733265050701,True,True,True,True,0.2250968215368942,False,0.0730798094694028,False,True,52.04082381421792,valid,-0.16885965755635368,-4.167172080850406,4.170591892689711,246.06492166869282,216.5474788154089,161.99711996406802,243.25550812162157,65.13477987137736,-54.5432142032289,-55.06043567747935,4.220041955863788,248.98247539596335,203.42120044974064,238.15952130569306,1.218007140952768,1.232448863282916,1.0069231855102427,False
13,13,0.2203389830508474,0.2203389830508474,Sports2D_HALPE26_postprocessed,131.22867389240997,168.853861270798,1.0,146.1687110257751,196.29520414704683,1.0,169.62128236915723,195.12522043957912,1.0,104.25845094858283,220.4123380314734,1.0,126.65264778214711,225.01356720546485,1.0,106.45206607947097,187.46969277099888,1.0,109.01799652493914,195.06741984968608,1.0,154.29481999279432,290.6891904560373,1.0,173.6646323948748,292.3506683196196,1.0,134.99115122082196,369.92143931287967,1.0,158.2016410612849,366.07505203207086,1.0,138.3642200075694,444.1717982214675,1.0,197.69390513305905,422.05761419937295,1.0,104.67217623555888,452.58066072127735,1.0,109.01039219549833,456.511463708217,1.0,148.16619672120316,454.010739549573,1.0,187.69598858919144,456.3226771436947,1.0,192.526192506213,452.6537982531499,1.0,209.3439814114328,426.79593374723424,1.0,1.0,0.2203389830508474,131.22867389240997,168.853861270798,False,146.1687110257751,196.29520414704683,False,169.62128236915723,195.12522043957912,False,104.25845094858283,220.4123380314734,False,126.65264778214711,225.01356720546485,False,106.45206607947097,187.46969277099888,False,109.01799652493914,195.06741984968608,False,154.29481999279432,290.6891904560373,False,173.6646323948748,292.3506683196196,False,134.99115122082196,369.92143931287967,False,158.2016410612849,366.07505203207086,False,138.3642200075694,444.1717982214675,False,197.69390513305905,422.05761419937295,False,True,56.272214008111085,163.70649490108363,132.9538378952826,48.35396619241542,33.01559970831859,81.36956590073402,0.9873798824907584,0.9661985081909084,0.984291400925334,0.6827898993215837,True,True,True,True,4.231390193893162,False,0.0389834271834863,False,True,56.272214008111085,valid,-1.0018396813681534,-0.7253796731433511,1.2368744549764934,72.97559284361343,171.90965240223693,160.93736144565037,243.61507084057072,66.02660097188866,-54.4852953661794,-56.14537806957185,1.086487269066952,64.10274887495045,182.6003828971568,237.62069148782695,0.36122496695591294,0.3173049021165116,0.9038613419628435,False
14,14,0.2372881355932203,0.2372881355932203,Sports2D_HALPE26_postprocessed,130.91031348316824,168.18759083542045,1.0,146.44972201893484,196.2035330505053,1.0,168.2651123793995,195.02277767062947,1.0,103.73256785553212,219.00905538532004,1.0,124.58673195598172,227.1009818442172,1.0,106.66187343297872,184.56353342557048,1.0,107.9046555030908,195.9805931463464,1.0,153.84309813738602,291.0575428890556,1.0,171.1868330468926,291.9444737613815,1.0,134.67853276202914,370.1409323481023,1.0,153.8567815731177,366.421718018716,1.0,138.4476819091277,444.2801281597491,1.0,193.33021467449487,419.510104877465,1.0,104.70825413692064,452.5225932530844,1.0,108.94408171074538,456.5319526165318,1.0,148.02367780302325,454.1375790029406,1.0,185.9510953366874,455.1071626742136,1.0,191.44864384442008,450.9782103838442,1.0,204.87866743285548,422.3738921373077,1.0,1.0,0.2372881355932203,130.91031348316824,168.18759083542045,False,146.44972201893484,196.2035330505053,False,168.2651123793995,195.02277767062947,False,103.73256785553212,219.00905538532004,False,124.58673195598172,227.1009818442172,False,106.66187343297872,184.56353342557048,False,107.9046555030908,195.9805931463464,False,153.84309813738602,291.0575428890556,False,171.1868330468926,291.9444737613815,False,134.67853276202914,370.1409323481023,False,153.8567815731177,366.421718018716,False,138.4476819091277,444.2801281597491,False,193.33021467449487,419.510104877465,False,True,57.042624055101086,163.46756426893978,130.2686386097703,48.423621392700966,34.569854125316304,82.99347551801728,0.9888022300020076,1.0116836216621004,1.0039351123606612,0.7139047665387356,True,True,True,True,0.7704100469900013,False,0.0311148672171518,False,True,57.042624055101086,valid,0.20980735350775603,-2.9061593454283923,2.913722922071814,171.90965240223693,121.37950307028883,159.93619139565322,243.55708184289296,59.16803440503947,-53.2743179626745,-58.99354841732247,3.094921744019609,182.6003828971568,80.00810468545316,236.4359367597788,0.8509428438831124,0.9038613419628435,0.3960354941294232,False
15,15,0.2542372881355932,0.2542372881355932,Sports2D_HALPE26_postprocessed,131.07031545012163,167.58052209453265,1.0,147.39838483048044,194.9376340943116,1.0,167.68018458918965,194.642056314907,1.0,102.47986740782493,217.31752112513925,1.0,124.78149688552452,226.2557732925569,1.0,106.12499857499576,182.5775411787033,1.0,108.11906262113008,193.3173669294252,1.0,153.69468850592094,290.7495790320255,1.0,169.32458801167462,291.35621982230725,1.0,134.38027941736405,369.8929729024573,1.0,147.65424312254524,366.821362290002,1.0,138.50240899812434,444.31400721862167,1.0,190.0186130398365,417.6110710712374,1.0,104.22720461527516,452.2781246739081,1.0,109.03838386096233,456.3341694412675,1.0,147.86111960132894,454.3734755534066,1.0,185.2709881960945,453.86876356360335,1.0,189.2850221523048,449.67567334745945,1.0,201.62001462396947,419.5285412807545,1.0,1.0,0.2542372881355932,131.07031545012163,167.58052209453265,False,147.39838483048044,194.9376340943116,False,167.68018458918965,194.642056314907,False,102.47986740782493,217.31752112513925,False,124.78149688552452,226.2557732925569,False,106.12499857499576,182.5775411787033,False,108.11906262113008,193.3173669294252,False,153.69468850592094,290.7495790320255,False,169.32458801167462,291.35621982230725,False,134.38027941736405,369.8929729024573,False,147.65424312254524,366.821362290002,False,138.50240899812434,444.31400721862167,False,190.0186130398365,417.6110710712374,False,True,57.52609420344214,163.11509165984893,124.14627615759709,50.18498332132845,34.930691202789724,85.11567452411818,1.0247689452698174,1.0222434857577067,1.029606408620318,0.6960387129977245,True,True,True,True,0.4834701483410555,False,0.0178660535410111,False,True,57.52609420344214,valid,-0.5368748579829656,-1.9859922468671698,2.0572797130557476,121.37950307028883,121.37950307028883,159.52446148431642,242.92137231588782,44.68634147948433,-53.39946290932066,-60.34383113718451,1.3560695709398871,80.00810468545316,182.6003828971568,236.2683140967636,0.6008215250768929,0.3960354941294232,0.9038613419628435,False
16,16,0.2711864406779661,0.2711864406779661,Sports2D_HALPE26_postprocessed,130.4465472619043,168.2906461381749,1.0,147.7756978874672,194.6312421194012,1.0,166.31241049065858,193.79687319383663,1.0,102.41667966961477,216.3365130492617,1.0,124.32960062431948,226.957764495807,1.0,105.71276862055927,180.71841427686235,1.0,118.02445934536614,189.33822742796937,1.0,154.6141533771513,290.82383890048004,1.0,153.7384724068586,291.19112195156646,1.0,135.27299944527846,369.4156805993569,1.0,142.19095340332368,366.45918676732106,1.0,138.7513902881334,444.2141841939015,1.0,184.78454033568704,417.1201276035917,1.0,103.5454076015742,451.875723995189,1.0,109.16100824492034,456.3398467557397,1.0,148.02547997131552,454.9107701603749,1.0,184.02912130239025,453.223404194081,1.0,186.4766442319923,449.1058449944726,1.0,198.22823152779668,418.7164258735551,1.0,1.0,0.2711864406779661,130.4465472619043,168.2906461381749,False,147.7756978874672,194.6312421194012,False,166.31241049065858,193.79687319383663,False,102.41667966961477,216.3365130492617,False,124.32960062431948,226.957764495807,False,105.71276862055927,180.71841427686235,False,118.02445934536614,189.33822742796937,False,154.6141533771513,290.82383890048004,False,153.7384724068586,291.19112195156646,False,135.27299944527846,369.4156805993569,False,142.19095340332368,366.45918676732106,False,138.7513902881334,444.2141841939015,False,184.78454033568704,417.1201276035917,False,True,59.140799563426064,163.5119279939029,131.22206130513425,50.28478218930769,35.7702832324953,86.055065421803,1.026806821421402,1.0468140697773,1.040969801953726,0.7113540454014599,True,True,True,True,1.6147053599839225,False,0.0153153324037353,False,True,59.140799563426064,valid,-0.4122299544364836,-1.8591269018409662,1.9042810644659298,112.3525828034898,112.3525828034898,155.6101835405339,242.61076904132108,231.66833809488628,-49.897414919974636,-61.89235476445873,3.8291337850627585,225.9188933187026,80.00810468545316,236.5002811934858,0.5561387914665484,1.118285464958806,0.3960354941294232,False
17,17,0.288135593220339,0.288135593220339,Sports2D_HALPE26_postprocessed,129.31547817059385,167.93293497377476,1.0,148.71406402538906,194.8583197859812,1.0,165.32744470325255,193.6376377408621,1.0,101.77071884468702,213.51535255242104,1.0,126.95721803735688,226.4443538520748,1.0,105.25468531010806,179.95455299768415,1.0,123.29569557487284,206.5125626877196,1.0,156.2964669671965,290.2838755532049,1.0,146.49663083102,290.4389822331908,1.0,133.85627446695048,369.36885784212586,1.0,123.93700675440444,362.7384039158708,1.0,138.7153116003434,444.1194864291373,1.0,180.01617828437222,415.4057639417062,1.0,101.42614356928505,451.7522274821407,1.0,108.89039122081644,456.4795842468733,1.0,148.1949241149056,454.60130199620016,1.0,180.27250187954115,451.919634295877,1.0,180.2773180524473,447.1611140341827,1.0,190.6012351430283,417.2593211039823,1.0,1.0,0.288135593220339,129.31547817059385,167.93293497377476,False,148.71406402538906,194.8583197859812,False,165.32744470325255,193.6376377408621,False,101.77071884468702,213.51535255242104,False,126.95721803735688,226.4443538520748,False,105.25468531010806,179.95455299768415,False,123.29569557487284,206.5125626877196,False,156.2964669671965,290.2838755532049,False,146.49663083102,290.4389822331908,False,133.85627446695048,369.36885784212586,False,123.93700675440444,362.7384039158708,False,138.7153116003434,444.1194864291373,False,180.01617828437222,415.4057639417062,False,True,62.39860554507649,160.43964215788367,115.87347900380205,50.51497330893634,33.741151270894804,84.25612457983115,1.0315072854897458,0.9874317083620412,1.019208815743152,0.6679435632786097,True,True,True,True,3.257805981650428,False,0.0434104821228501,False,True,62.39860554507649,valid,-0.4580833104512152,-0.7638612791782009,0.8906875844771285,52.55056748415055,112.3525828034898,154.20865163171453,242.30470382830975,84.63914718778723,-48.95396632160647,-62.35015083062561,1.048652705122493,61.870509602227045,144.9632620449964,235.5263205250971,0.2601222718896767,0.30625544672866445,0.7175597689797723,False
18,18,0.3050847457627119,0.3050847457627119,Sports2D_HALPE26_postprocessed,127.20487026869012,168.30816361373027,1.0,149.09678070040354,194.67694383404,1.0,162.40686150204567,194.0652254098553,1.0,101.38130607876678,212.287738246518,1.0,126.76584515935836,226.2560183488316,1.0,104.00990887107672,178.07533880357494,1.0,124.70526209472077,200.40188566771783,1.0,154.813410817702,291.0033796010074,1.0,142.28050349655106,291.2287196760281,1.0,134.8942466073349,369.1571845712928,1.0,118.36547294345216,360.4632327262685,1.0,138.61137835145684,444.1225028784552,1.0,173.86428874401147,413.6199571128424,1.0,100.57743596754092,451.8428803883559,1.0,108.86435811313802,456.7500074777141,1.0,148.0114288484213,454.5455787569552,1.0,172.266563617713,451.6897244111538,1.0,172.14658595523412,446.9083545666002,1.0,183.41852802504755,415.52587002871707,1.0,1.0,0.3050847457627119,127.20487026869012,168.30816361373027,False,149.09678070040354,194.67694383404,False,162.40686150204567,194.0652254098553,False,101.38130607876678,212.287738246518,False,126.76584515935836,226.2560183488316,False,104.00990887107672,178.07533880357494,False,124.70526209472077,200.40188566771783,False,154.813410817702,291.0033796010074,False,142.28050349655106,291.2287196760281,False,134.8942466073349,369.1571845712928,False,118.36547294345216,360.4632327262685,False,138.61137835145684,444.1225028784552,False,173.86428874401147,413.6199571128424,False,True,65.3484292157145,162.86270218912998,114.70919997201706,50.86164171757167,34.31323109652062,85.17487281409228,1.0385861962707046,1.004173572176997,1.030322503970293,0.6746386852209312,True,True,True,True,2.949823670638011,False,0.0066951219423214,False,True,65.3484292157145,valid,-1.244776439031341,-1.8792141941092098,2.2540883679459136,132.99121370880883,73.14784810258882,152.14938912917557,242.74356713023272,124.22495958740109,-48.13948025809886,-64.66822832665778,2.4570044414406187,144.9632620449964,65.46130340400804,234.50064901484845,0.6582988216394531,0.7175597689797723,0.3240296685177698,False
19,19,0.3220338983050847,0.3220338983050847,Sports2D_HALPE26_postprocessed,126.48085331663955,168.22175366095604,1.0,149.7370113472762,194.07017079552168,1.0,161.66054119813182,194.1568988251941,1.0,101.4473030366388,210.4306488691587,1.0,126.39195749855912,227.27375257156675,1.0,103.45426224425896,176.96703104987682,1.0,122.35719563191788,201.70917171799408,1.0,154.58131538339575,291.4809921310081,1.0,140.7984008068738,291.2527589161094,1.0,134.4165404741028,369.9364552387258,1.0,112.24160462847884,358.4998933446993,1.0,138.54409518649766,444.1447155365447,1.0,166.73164690370243,411.9160932396757,1.0,100.07793028208648,452.1703696171187,1.0,108.56373361712149,457.1366713736138,1.0,147.8084412500363,454.4246793082473,1.0,163.0531203436654,448.4711835375993,1.0,163.00172969732756,443.6525431810539,1.0,175.39933775005736,414.680417694067,1.0,1.0,0.3220338983050847,126.48085331663955,168.22175366095604,False,149.7370113472762,194.07017079552168,False,161.66054119813182,194.1568988251941,False,101.4473030366388,210.4306488691587,False,126.39195749855912,227.27375257156675,False,103.45426224425896,176.96703104987682,False,122.35719563191788,201.70917171799408,False,154.58131538339575,291.4809921310081,False,140.7984008068738,291.2527589161094,False,134.4165404741028,369.9364552387258,False,112.24160462847884,358.4998933446993,False,138.54409518649766,444.1447155365447,False,166.73164690370243,411.9160932396757,False,True,67.85153287540544,162.4021443106015,111.42111144983706,50.98589188711324,33.52374684930087,84.5096387364141,1.04112336390062,0.9810693878325358,1.0222754635933058,0.6575102564357426,True,True,True,True,2.503103659690936,False,0.0171284287851886,False,True,67.85153287540544,valid,-0.5556466268177616,-1.1083077536981136,1.2397940356370953,73.14784810258882,73.14784810258882,151.6943171839194,242.74020516695833,26.849977462971715,-48.24005493966044,-65.77317411708151,1.1095136170170823,65.46130340400804,113.65668102413902,233.9368953668223,0.36207762053235887,0.3240296685177698,0.5625940022884843,False
20,20,0.3389830508474576,0.3389830508474576,Sports2D_HALPE26_postprocessed,125.67570179767291,167.5773659328678,1.0,148.83739624397478,193.3339629089845,1.0,160.412864169711,194.29348846485004,1.0,100.7244890168009,209.58438831070083,1.0,125.5151420406346,227.15460643412408,1.0,104.16219161341311,176.08207758766153,1.0,119.58799300662064,220.4431381358497,1.0,155.4661803899904,292.8683683834216,1.0,139.69779797066417,292.6164004867119,1.0,134.55541045347462,370.7166258085621,1.0,109.2764208714256,355.7430500877339,1.0,138.64256744445984,444.1393025607793,1.0,158.94749382166486,412.8893268587179,1.0,100.60451545187668,452.2987844332018,1.0,108.23196291723936,457.1001690200674,1.0,147.82946200065925,453.7642362415432,1.0,148.5037784263509,445.7116008577059,1.0,150.1058320076884,442.3848072217925,1.0,171.57401205701865,414.6189195491804,1.0,1.0,0.3389830508474576,125.67570179767291,167.5773659328678,False,148.83739624397478,193.3339629089845,False,160.412864169711,194.29348846485004,False,100.7244890168009,209.58438831070083,False,125.5151420406346,227.15460643412408,False,104.16219161341311,176.08207758766153,False,119.58799300662064,220.4431381358497,False,155.4661803899904,292.8683683834216,False,139.69779797066417,292.6164004867119,False,134.55541045347462,370.7166258085621,False,109.2764208714256,355.7430500877339,False,138.64256744445984,444.1393025607793,False,158.94749382166486,412.8893268587179,False,True,65.47862444386863,161.77856865488593,113.2732077375153,50.78314846075801,33.6782217898426,84.4613702506006,1.036983377126964,0.9855900828501304,1.021691581216695,0.6631771130903195,True,True,True,True,2.372908431536814,False,0.0056668566545768,False,True,65.47862444386863,valid,0.7079293691541579,-0.884953462215293,1.1332725276815978,66.86307913321423,73.14784810258882,151.1035596935851,243.27805506099202,47.136418634070026,-46.941368080172,-67.19597747333049,1.9263844241379506,113.65668102413902,104.92661551242347,234.7729893933801,0.33096837736179696,0.5625940022884843,0.5193806825591004,False
21,21,0.3559322033898305,0.3559322033898305,Sports2D_HALPE26_postprocessed,126.47178508794975,167.13313995274163,1.0,149.1571610783019,193.8602610028821,1.0,159.87552626315585,194.0518351353199,1.0,100.5533706934929,208.1668976385704,1.0,125.70960219026136,226.22987154761063,1.0,103.53342928354944,174.27899063751943,1.0,119.37998249488751,215.49529673972697,1.0,155.9446022206172,292.3801364433634,1.0,139.10710848519676,292.3773627432404,1.0,132.81378711939306,370.4354880708139,1.0,103.41408126416292,353.25761132231213,1.0,138.63331694208858,444.2142782400252,1.0,151.55602389752465,414.3695090207816,1.0,100.83890724080408,452.839219829492,1.0,108.69042085871496,457.1948202333545,1.0,148.05309665760774,453.75025933612505,1.0,114.55490730788942,436.9503480810157,1.0,123.0826923256792,435.1106847740192,1.0,162.19430546506223,417.2524814087026,1.0,1.0,0.3559322033898305,126.47178508794975,167.13313995274163,False,149.1571610783019,193.8602610028821,False,159.87552626315585,194.0518351353199,False,100.5533706934929,208.1668976385704,False,125.70960219026136,226.22987154761063,False,103.53342928354944,174.27899063751943,False,119.37998249488751,215.49529673972697,False,155.9446022206172,292.3801364433634,False,139.10710848519676,292.3773627432404,False,132.81378711939306,370.4354880708139,False,103.41408126416292,353.25761132231213,False,138.63331694208858,444.2142782400252,False,151.55602389752465,414.3695090207816,False,True,68.57249869207101,158.98336595511282,111.38777140584745,50.6656519902396,34.01868589631364,84.68433788655324,1.034584118898758,0.9955537338112244,1.0243887214106169,0.671434878660342,True,True,True,True,3.0938742482023827,False,0.0082577655700225,False,True,68.57249869207101,valid,-0.628762329863676,-1.8030869501421023,1.9095718413373053,112.66473863890094,112.66473863890094,151.02109951181794,243.16739883120147,8.142103199866016,-47.4876702282685,-68.88840819368204,1.778417212074975,104.92661551242347,113.65668102413902,235.52436844815082,0.557683944810806,0.5193806825591004,0.5625940022884843,False
22,22,0.3728813559322034,0.3728813559322034,Sports2D_HALPE26_postprocessed,127.01095353330858,168.4181336286032,1.0,148.8231356801548,194.87966929852823,1.0,158.71299901923754,194.7350916128981,1.0,100.40990449778552,208.09913123395808,1.0,127.13837713516392,221.2938610404089,1.0,103.43315521588934,171.60685756039643,1.0,114.55265605286009,200.1455491793277,1.0,154.79843605642355,292.3746338320228,1.0,139.83665705448013,294.61818826092593,1.0,133.01024370584187,371.3862312571204,1.0,99.243730257536,348.8801596937678,1.0,138.85045543492765,444.3045134466759,1.0,142.83755108708496,410.0408474338653,1.0,101.83047546085888,453.2121747572761,1.0,109.06953582161292,457.37115296932393,1.0,148.92605499000456,453.51156074532514,1.0,112.80961520092896,423.2369988567173,1.0,118.64356507000336,426.6925636642373,1.0,154.46626891209348,415.5538394640664,1.0,1.0,0.3728813559322034,127.01095353330858,168.4181336286032,False,148.8231356801548,194.87966929852823,False,158.71299901923754,194.7350916128981,False,100.40990449778552,208.09913123395808,False,127.13837713516392,221.2938610404089,False,103.43315521588934,171.60685756039643,False,114.55265605286009,200.1455491793277,False,154.79843605642355,292.3746338320228,False,139.83665705448013,294.61818826092593,False,133.01024370584187,371.3862312571204,False,99.243730257536,348.8801596937678,False,138.85045543492765,444.3045134466759,False,142.83755108708496,410.0408474338653,False,True,69.99149012878306,160.0041135441141,107.71981605997097,50.18560677504867,36.61729212777257,86.80289890282124,1.0247816760902544,1.0716017076900268,1.0500160105274363,0.7296373299202191,True,True,True,True,1.418991436712048,False,0.0582024512598771,False,True,69.99149012878306,valid,-0.10027406766009506,-2.672133077122993,2.6740138500950024,157.76681715560505,112.66473863890094,150.54280695257398,244.15189575109375,64.57732489099173,-47.10965173668464,-72.54503819069731,3.6761176416229184,216.89094085575206,119.21974273028988,232.72443805815053,0.780936626796592,1.0735976220371675,0.5901308362171164,False
23,23,0.3898305084745763,0.3898305084745763,Sports2D_HALPE26_postprocessed,125.03999680975258,169.57686846983657,1.0,149.07700897742396,194.8989982860433,1.0,156.72237311390575,196.0128718710073,1.0,100.43561784316547,205.4240661992194,1.0,126.61880572562164,222.4809854462932,1.0,103.66831637056292,170.21382616855288,1.0,113.60300709749868,202.18490995648213,1.0,154.21533871583347,292.53895476608835,1.0,137.8276086571065,293.71340613251834,1.0,131.73042001581987,371.2208827038465,1.0,93.91030158141136,344.4898581566711,1.0,138.93862808916643,444.2763574954485,1.0,123.78581722915762,413.77459744087326,1.0,101.91194191326788,453.53753998365954,1.0,110.23828426424264,457.0485142835416,1.0,149.75191513313496,453.56438252211296,1.0,102.67043497630584,441.3918838269509,1.0,106.495156633093,435.3365185601862,1.0,137.09840740408796,415.3343719701632,1.0,1.0,0.3898305084745763,125.03999680975258,169.57686846983657,False,149.07700897742396,194.8989982860433,False,156.72237311390575,196.0128718710073,False,100.43561784316547,205.4240661992194,False,126.61880572562164,222.4809854462932,False,103.66831637056292,170.21382616855288,False,113.60300709749868,202.18490995648213,False,154.21533871583347,292.53895476608835,False,137.8276086571065,293.71340613251834,False,131.73042001581987,371.2208827038465,False,93.91030158141136,344.4898581566711,False,138.93862808916643,444.2763574954485,False,123.78581722915762,413.77459744087326,False,True,72.54482261221418,158.41666560118313,115.81732467432876,49.76707733083076,35.358327771349536,85.1254051021803,1.0162353750111173,1.0347582308551966,1.0297241150896417,0.7104762760389188,True,True,True,True,2.55333248343112,False,0.0191610538813002,False,True,72.54482261221418,valid,0.2351611546735768,-1.3930313918435502,1.4127410333564283,83.35172096802921,83.35172096802921,149.4605823660674,244.2910577639143,64.37697941634929,-45.79226599550448,-74.07723159536141,2.0206736055981347,119.21974273028988,119.21974273028988,234.560426493054,0.4125862014840738,0.5901308362171164,0.5901308362171164,False
24,24,0.4067796610169492,0.4067796610169492,Sports2D_HALPE26_postprocessed,125.586557319395,170.02250484741322,1.0,148.88004952399712,194.70623385085287,1.0,156.92721650696552,195.66893753020145,1.0,99.85717646351532,202.4614357708896,1.0,126.71248955514795,223.97283799525937,1.0,104.02100218667104,169.67948592038795,1.0,108.0067009613622,217.75425880229,1.0,152.59833864780515,292.2079125224303,1.0,134.86302998041353,293.5384984668704,1.0,132.54520154620582,371.3144341125525,1.0,90.19939964523796,340.78010304372634,1.0,138.9889289889089,444.55631395996727,1.0,113.4520682932087,414.7251051124749,1.0,102.56870402867204,453.13641188112206,1.0,111.60634986620435,457.0003491178628,1.0,150.1123848039706,453.85290935014,1.0,96.81246053179134,436.794190778106,1.0,98.38415944468268,434.7320652015066,1.0,122.23615033805888,421.4847433061349,1.0,1.0,0.4067796610169492,125.586557319395,170.02250484741322,False,148.88004952399712,194.70623385085287,False,156.92721650696552,195.66893753020145,False,99.85717646351532,202.4614357708896,False,126.71248955514795,223.97283799525937,False,104.02100218667104,169.67948592038795,False,108.0067009613622,217.75425880229,False,152.59833864780515,292.2079125224303,False,134.86302998041353,293.5384984668704,False,132.54520154620582,371.3144341125525,False,90.19939964523796,340.78010304372634,False,138.9889289889089,444.55631395996727,False,113.4520682932087,414.7251051124749,False,True,73.77184811942,160.74755848107864,119.15052346128212,49.63250185034655,33.045327667517824,82.67782951786438,1.0134873662629231,0.9670684942000564,1.000116883269136,0.6658001598863003,True,True,True,True,1.2270255072058234,False,0.0446761161526185,False,True,73.77184811942,valid,0.3526858161081208,-0.5343402481649377,0.6402396314606106,37.774138256176,83.35172096802921,148.31715866479533,244.03039559258877,69.19275222617149,-44.29615647812429,-74.35090967220083,1.5209350340294319,89.73516700773642,94.1769735423439,235.96664370424855,0.18697980121403593,0.4441838904497468,0.46617057608211393,False
25,25,0.423728813559322,0.423728813559322,Sports2D_HALPE26_postprocessed,123.17106163286566,171.51396494931262,1.0,148.72438494378784,195.018199266666,1.0,156.94068614735573,195.76475194920667,1.0,99.29729024057865,202.29581535510383,1.0,119.93084331626328,212.94522270682444,1.0,102.48830322519736,168.27451995921768,1.0,106.04239310028916,190.03821949371104,1.0,153.18714318700938,292.2027743221957,1.0,134.19002418917134,289.94596248311507,1.0,129.87778476696974,370.7566830228688,1.0,83.52048409276347,336.1277800038901,1.0,139.31074548638625,444.22391145790186,1.0,105.49521084781492,407.0772799261169,1.0,103.653236259005,453.20737865617593,1.0,111.8247262434446,456.98151772829135,1.0,150.81171555914472,453.72130806479765,1.0,89.2750118934707,433.4713703373772,1.0,88.32409273829605,427.9003217452063,1.0,115.06197221086506,414.80301468486215,1.0,1.0,0.423728813559322,123.17106163286566,171.51396494931262,False,148.72438494378784,195.018199266666,False,156.94068614735573,195.76475194920667,False,99.29729024057865,202.29581535510383,False,119.93084331626328,212.94522270682444,False,102.48830322519736,168.27451995921768,False,106.04239310028916,190.03821949371104,False,153.18714318700938,292.2027743221957,False,134.19002418917134,289.94596248311507,False,129.87778476696974,370.7566830228688,False,83.52048409276347,336.1277800038901,False,139.31074548638625,444.22391145790186,False,105.49521084781492,407.0772799261169,False,True,76.265629710404,156.15619265798207,115.13804842704576,49.95999786559943,34.17061755781052,84.13061542340995,1.0201747799855083,1.0,1.0176905873731803,0.6839595479914766,True,True,True,True,2.493781590984,False,0.0181593881051763,False,True,76.265629710404,valid,-1.5326989614736846,-1.4049659611702623,2.079205487331541,122.67312375256124,37.774138256176,148.26055961683107,243.23292200529588,47.16929432790355,-45.77225639163372,-74.95840204607819,1.5962198905481975,94.1769735423439,89.73516700773642,232.26110381237152,0.6072248726894123,0.46617057608211393,0.4441838904497468,False
26,26,0.4406779661016949,0.4406779661016949,Sports2D_HALPE26_postprocessed,123.29189517083788,171.28767550159995,1.0,148.50535491725063,195.006911843262,1.0,156.82806323448042,195.75163463144293,1.0,99.59281961118744,200.76215006175,1.0,120.48035421610288,211.7212878656244,1.0,102.91395695448143,167.92100217852294,1.0,109.5165310051377,188.70124625180367,1.0,153.56639944965278,291.99061443277344,1.0,133.59384290945408,288.04081253993303,1.0,129.09622535641765,370.51850998028567,1.0,79.88295314720192,330.99220596952864,1.0,139.2388832845702,443.9001347753796,1.0,94.47342482986026,405.5718856970384,1.0,103.5861334620494,453.2338628764269,1.0,111.57652680447782,456.9345193547573,1.0,150.0973882368705,453.9453714386851,1.0,74.37813402018082,429.6453100962698,1.0,72.46191295402176,423.8577355950808,1.0,105.95047839416422,414.9922655209962,1.0,1.0,0.4406779661016949,123.29189517083788,171.28767550159995,False,148.50535491725063,195.006911843262,False,156.82806323448042,195.75163463144293,False,99.59281961118744,200.76215006175,False,120.48035421610288,211.7212878656244,False,102.91395695448143,167.92100217852294,False,109.5165310051377,188.70124625180367,False,153.56639944965278,291.99061443277344,False,133.59384290945408,288.04081253993303,False,129.09622535641765,370.51850998028567,False,79.88295314720192,330.99220596952864,False,139.2388832845702,443.9001347753796,False,94.47342482986026,405.5718856970384,False,True,77.51467584297151,154.8229344392077,117.57923055233258,49.24996321844741,33.00864958675242,82.25861280519983,1.0056759915370173,0.9659951135184413,0.9950458053933698,0.670226888096202,True,True,True,True,1.2490461325675142,False,0.0137326598952746,False,True,77.51467584297151,valid,0.42565372928407896,-0.3535177806947445,0.5533135806401117,32.64550125776657,97.14491983501205,148.12341512770948,242.69749336185282,32.61010877758196,-45.20945817322804,-74.77649118332988,0.5914671559997531,34.89656220398541,94.1769735423439,232.1355394107211,0.1615933444811743,0.17273596606502636,0.46617057608211393,False
27,27,0.4576271186440678,0.4576271186440678,Sports2D_HALPE26_postprocessed,123.52022231508352,171.8046666946123,1.0,148.60305513816775,195.0048219494908,1.0,156.35944633125072,196.53807393453,1.0,100.23702814719864,200.3906494841656,1.0,114.20804575836245,213.26832562748007,1.0,102.73191303066211,166.28457267914777,1.0,104.6558418924609,182.06046263804328,1.0,151.6373211220855,291.82467510904377,1.0,131.30005819106242,287.18567168022065,1.0,128.6190752959686,370.36452483605126,1.0,76.44213762235555,325.2711605208691,1.0,138.8961692996873,443.4557235943117,1.0,85.34954303107963,401.01376106704464,1.0,103.7778859457926,453.0709163918468,1.0,111.17595492636042,456.7754724523476,1.0,149.63275637937008,453.8604960134613,1.0,60.40237315525479,423.1209286837096,1.0,59.42717878818961,417.33458749385983,1.0,96.85629586055316,409.79727497697024,1.0,1.0,0.4576271186440678,123.52022231508352,171.8046666946123,False,148.60305513816775,195.0048219494908,False,156.35944633125072,196.53807393453,False,100.23702814719864,200.3906494841656,False,114.20804575836245,213.26832562748007,False,102.73191303066211,166.28457267914777,False,104.6558418924609,182.06046263804328,False,151.6373211220855,291.82467510904377,False,131.30005819106242,287.18567168022065,False,128.6190752959686,370.36452483605126,False,76.44213762235555,325.2711605208691,False,138.8961692996873,443.4557235943117,False,85.34954303107963,401.01376106704464,False,True,79.46219477306715,155.66165099209434,118.06334683389858,48.66497410997373,34.19720640069171,82.86218051066544,0.9937306120228602,1.000778120056982,1.002346895128699,0.7027067624327187,True,True,True,True,1.94751893009564,False,0.0324798743365166,False,True,79.46219477306715,valid,-0.18204392381932166,-1.6364294993751685,1.646524065000205,97.14491983501205,32.64550125776657,146.97497019564162,242.6383106683213,67.8481620790871,-44.243057164979504,-76.35373798917354,1.8497671192038776,109.1362600330287,63.848237014052984,230.03135377070183,0.4808617386985448,0.540218179639946,0.3160450831145667,False
28,28,0.4745762711864407,0.4745762711864407,Sports2D_HALPE26_postprocessed,122.43578954143214,172.1673796259843,1.0,148.7424205250736,195.154582927026,1.0,157.6022377232958,197.1540205028967,1.0,99.58816755187196,199.15068103412708,1.0,110.88269477787742,215.86632021886533,1.0,102.7273195678804,166.37784401482944,1.0,100.4412463738516,178.48433930145174,1.0,148.7822204734308,292.892504187663,1.0,129.3148924091149,288.353111124835,1.0,128.48392270417185,370.0441497607931,1.0,73.83600875712813,319.5392025317254,1.0,138.8281578556034,443.4979276976784,1.0,78.52235484080101,394.7900835752577,1.0,104.01240509637276,453.05682866736106,1.0,111.8353725930466,456.5863470543072,1.0,149.28992935820114,453.9021669727894,1.0,48.49720924637308,415.3363900241661,1.0,48.48325643384956,410.5423084855932,1.0,89.64537692307258,406.5521881132357,1.0,1.0,0.4745762711864407,122.43578954143214,172.1673796259843,False,148.7424205250736,195.154582927026,False,157.6022377232958,197.1540205028967,False,99.58816755187196,199.15068103412708,False,110.88269477787742,215.86632021886533,False,102.7273195678804,166.37784401482944,False,100.4412463738516,178.48433930145174,False,148.7822204734308,292.892504187663,False,129.3148924091149,288.353111124835,False,128.48392270417185,370.0441497607931,False,73.83600875712813,319.5392025317254,False,138.8281578556034,443.4979276976784,False,78.52235484080101,394.7900835752577,False,True,79.88084660152187,157.24370075496483,115.77788133311638,49.316421052577205,32.92283586924212,82.23925692181933,1.007033049367445,0.9634837829179592,0.9948116658922204,0.6675836398213577,True,True,True,True,0.4186518284547134,False,0.0351231226113609,False,True,79.88084660152187,valid,-0.004593462781713242,0.09327133568166346,0.09338437749521347,5.509678272217592,97.14491983501205,146.1104427827288,243.3885546856052,67.53564144278285,-43.383123214848396,-77.01071067077575,1.082173508712763,63.848237014052984,71.69772353090515,227.38600999321017,0.027272589015954658,0.3160450831145667,0.35489958771238655,False
29,29,0.4915254237288136,0.4915254237288136,Sports2D_HALPE26_postprocessed,122.21874806267068,171.62044536724417,1.0,148.56647848296026,195.2374046708464,1.0,158.38963474853347,197.97088275794823,1.0,99.65213830158162,198.06482187747864,1.0,113.47610855123804,208.3042932382051,1.0,103.12577976029306,163.71477444805495,1.0,100.26882985015595,179.9177812615385,1.0,148.87678926188576,291.2355900696306,1.0,127.99151169477592,282.7868722833865,1.0,127.21113065876123,367.1682593812838,1.0,70.18422246315049,311.97509283825246,1.0,138.7649848891087,442.94838443720056,1.0,67.95756005021127,389.0395053621681,1.0,104.08646541281618,453.9829176508273,1.0,112.02800581379046,456.54942331704257,1.0,149.0998858854473,452.31492235782775,1.0,35.703503632160626,406.2177264174466,1.0,36.61816983294705,402.358320986099,1.0,79.42748053720577,400.5458815706951,1.0,1.0,0.4915254237288136,122.21874806267068,171.62044536724417,False,148.56647848296026,195.2374046708464,False,158.38963474853347,197.97088275794823,False,99.65213830158162,198.06482187747864,False,113.47610855123804,208.3042932382051,False,103.12577976029306,163.71477444805495,False,100.26882985015595,179.9177812615385,False,148.87678926188576,291.2355900696306,False,127.99151169477592,282.7868722833865,False,127.21113065876123,367.1682593812838,False,70.18422246315049,311.97509283825246,False,138.7649848891087,442.94838443720056,False,67.95756005021127,389.0395053621681,False,True,80.9173941276592,155.40623951283166,118.44526934772097,48.99598925871376,34.52523632630681,83.52122558502057,1.0004898858612254,1.0103778858516776,1.0103190698887476,0.7046543369907899,True,True,True,True,1.0365475261373265,False,0.0370706971694322,False,True,80.9173941276592,valid,0.3984601924126565,-2.6630695667744817,2.69271425190605,158.87014086245685,26.539243649988144,145.95610354703888,241.80768744545293,93.7146206977723,-42.83032378674582,-78.09291299739797,1.2152156530661897,71.69772353090515,63.848237014052984,225.0412782519359,0.7863980153789816,0.35489958771238655,0.3160450831145667,False
30,30,0.5084745762711864,0.5084745762711864,Sports2D_HALPE26_postprocessed,120.9333802144476,172.08106970346643,1.0,148.99885454101607,195.80199497560065,1.0,158.6439219361513,198.33750486655984,1.0,99.86441960595832,198.3730586248425,1.0,112.05673895672383,205.7356976831349,1.0,102.90817041093902,163.32109675704925,1.0,99.39325818826757,177.36285628111963,1.0,147.73571480583095,290.4429891934405,1.0,126.78370439794864,281.595454492475,1.0,125.79833227711596,365.7688609148884,1.0,68.43790478755182,303.4379860726512,1.0,138.79477927771552,443.1424046993121,1.0,59.67509871663428,382.4276470727384,1.0,104.04153424933946,454.2416795175802,1.0,112.2061382526376,456.6054861743932,1.0,148.96335070132125,451.8479137098475,1.0,28.21078288134132,398.584778184017,1.0,29.165687901084787,393.8334704968586,1.0,71.1804765365991,395.70752807411714,1.0,1.0,0.5084745762711864,120.9333802144476,172.08106970346643,False,148.99885454101607,195.80199497560065,False,158.6439219361513,198.33750486655984,False,99.86441960595832,198.3730586248425,False,112.05673895672383,205.7356976831349,False,102.90817041093902,163.32109675704925,False,99.39325818826757,177.36285628111963,False,147.73571480583095,290.4429891934405,False,126.78370439794864,281.595454492475,False,125.79833227711596,365.7688609148884,False,68.43790478755182,303.4379860726512,False,138.79477927771552,443.1424046993121,False,59.67509871663428,382.4276470727384,False,True,82.04175614672059,154.22772183577024,116.85434785940996,49.201657133432775,35.18386632739577,84.38552346082855,1.0046895893801489,1.0296526326418014,1.0207740963790408,0.7150951487666084,True,True,True,True,1.124362019061394,False,0.0104408117758184,False,True,82.04175614672059,valid,-0.21760934935403498,-0.39367769100570627,0.4498176889828487,26.539243649988144,34.86657322923118,145.54054892023674,241.54448588201902,29.021806188990794,-42.63237850929772,-78.22338912496977,0.2370787901313329,13.987648617748679,54.55625121946136,222.5146303626287,0.13136772223346013,0.06923805224255032,0.270050290461095,False
31,31,0.5254237288135594,0.5254237288135594,Sports2D_HALPE26_postprocessed,119.48563746782531,172.90625881463967,1.0,148.99792924755783,196.7743099438184,1.0,157.70121671928115,198.7391197136774,1.0,99.55816766061122,197.3308151507321,1.0,117.19595363812503,207.8852257448837,1.0,102.65998238466698,162.7847805372421,1.0,100.23973580024756,177.75928646967796,1.0,147.066700304912,290.699257642368,1.0,126.7948697175586,281.4682849464364,1.0,124.37933045322208,364.4533252400769,1.0,67.09378711604364,296.2550859423358,1.0,138.72442892052794,443.27012601922,1.0,52.27725982147669,374.1436736649673,1.0,104.06435430507184,454.03353552295056,1.0,112.11427357133604,456.70143112863127,1.0,148.926418790095,451.5420855677728,1.0,18.96578333167445,388.39522776869205,1.0,20.88499794682944,383.64046937736174,1.0,63.01958562811174,386.5699680149849,1.0,1.0,0.5254237288135594,119.48563746782531,172.90625881463967,False,148.99792924755783,196.7743099438184,False,157.70121671928115,198.7391197136774,False,99.55816766061122,197.3308151507321,False,117.19595363812503,207.8852257448837,False,102.65998238466698,162.7847805372421,False,100.23973580024756,177.75928646967796,False,147.066700304912,290.699257642368,False,126.7948697175586,281.4682849464364,False,124.37933045322208,364.4533252400769,False,67.09378711604364,296.2550859423358,False,138.72442892052794,443.27012601922,False,52.27725982147669,374.1436736649673,False,True,84.22438530189973,152.58642320826155,114.6816317796151,49.44289356236591,34.68500774252208,84.12790130488798,1.0096155968126033,1.0150535817458173,1.0176577558901474,0.7015165424889901,True,True,True,True,2.182629155179143,False,0.0135786062776183,False,True,84.22438530189973,valid,-0.2481880262720466,-0.5363162198071336,0.5909588682920561,34.86657322923118,34.86657322923118,145.14017899732738,241.9202430615751,32.39575689691988,-42.48019661266041,-79.13546252433298,0.9246822240586707,54.55625121946136,54.55625121946136,218.73832759541227,0.1725875223732039,0.270050290461095,0.270050290461095,False
32,32,0.5423728813559322,0.5423728813559322,Sports2D_HALPE26_postprocessed,118.43317576465252,174.3637877815402,1.0,149.08660805190635,196.244856263636,1.0,157.64305289479407,198.18049765966424,1.0,99.14313741487707,196.6051784840197,1.0,119.5189622358922,210.262556134443,1.0,102.9838684399547,163.5056977890763,1.0,103.07457475870277,178.21771856877507,1.0,146.26047365953804,291.5723110957605,1.0,124.80323038910012,282.49788622319545,1.0,123.73650286236872,365.6128306821738,1.0,65.49348740431917,289.1549832274217,1.0,138.74897954541026,443.3029716038454,1.0,46.03411893296314,363.5645057503135,1.0,103.99407042551192,453.9348276245835,1.0,112.21154461313036,456.8230947062441,1.0,148.88043064951313,451.92778171682914,1.0,11.49273870859912,376.2916657256382,1.0,14.346484960431804,372.272402915718,1.0,56.43651013712113,377.1554912844077,1.0,1.0,0.5423728813559322,118.43317576465252,174.3637877815402,False,149.08660805190635,196.244856263636,False,157.64305289479407,198.18049765966424,False,99.14313741487707,196.6051784840197,False,119.5189622358922,210.262556134443,False,102.9838684399547,163.5056977890763,False,103.07457475870277,178.21771856877507,False,146.26047365953804,291.5723110957605,False,124.80323038910012,282.49788622319545,False,123.73650286236872,365.6128306821738,False,65.49348740431917,289.1549832274217,False,138.74897954541026,443.3029716038454,False,46.03411893296314,363.5645057503135,False,True,82.96786836539802,152.14287062903762,111.05984897073525,49.94477041066771,33.32156714624816,83.26633755691586,1.0198638379088794,0.9751526172997628,1.007235802926646,0.6671682915401089,True,True,True,True,1.2565169365017113,False,0.0343482509488811,False,True,82.96786836539802,valid,0.32388605528772985,0.7209172518341802,0.7903314879226268,46.629557787435104,36.23887984346591,144.44834124883465,242.12388781056404,42.55003157083852,-41.46447280887995,-78.61819002148775,1.139853362396241,67.2513483813784,61.86083210783402,215.04619810519623,0.2308136160953324,0.33289028770021195,0.30620754369072917,False
33,33,0.559322033898305,0.559322033898305,Sports2D_HALPE26_postprocessed,118.65976595049888,173.5580928751465,1.0,148.4947955940762,196.90966876253745,1.0,156.55558128076734,198.4713562391088,1.0,99.00758474204316,196.5747368564168,1.0,121.28839890775242,208.9353076244807,1.0,103.2886145681989,162.97241182417363,1.0,102.85026082615032,178.4906767776937,1.0,146.04995781665588,292.1312734545203,1.0,125.16305837530068,282.01752027790513,1.0,122.57621614902696,365.7130583109161,1.0,65.10548083760769,281.21770727811025,1.0,138.69252015430334,442.7446052757755,1.0,43.98458823170188,355.56876018353165,1.0,103.99032827631338,455.6353024117516,1.0,113.06383563854445,457.5885426152144,1.0,148.81469645467814,451.0548820570717,1.0,9.9899922881405,364.81889407361376,1.0,12.977692015790188,361.0917683025757,1.0,50.515904593109454,369.71624393072295,1.0,1.0,0.559322033898305,118.65976595049888,173.5580928751465,False,148.4947955940762,196.90966876253745,False,156.55558128076734,198.4713562391088,False,99.00758474204316,196.5747368564168,False,121.28839890775242,208.9353076244807,False,103.2886145681989,162.97241182417363,False,102.85026082615032,178.4906767776937,False,146.04995781665588,292.1312734545203,False,125.16305837530068,282.01752027790513,False,122.57621614902696,365.7130583109161,False,65.10548083760769,281.21770727811025,False,138.69252015430334,442.7446052757755,False,43.98458823170188,355.56876018353165,False,True,83.12724723865803,150.4897017774024,105.09526206176557,49.48834425695928,33.87393487543115,83.36227913239043,1.010543692375812,0.9913176084137946,1.0083963654377703,0.6844830916053054,True,True,True,True,0.1593788732600103,False,0.0173148000651964,False,True,83.12724723865803,valid,0.3047461282441901,-0.5332859649026602,0.6142183024316239,36.23887984346591,46.629557787435104,144.06584826670002,242.38245468351792,27.239713391033064,-40.77723369850112,-79.41004285934429,1.0484886797937942,61.86083210783402,61.86083210783402,210.55265839412337,0.17938036080128808,0.30620754369072917,0.30620754369072917,False
34,34,0.576271186440678,0.576271186440678,Sports2D_HALPE26_postprocessed,118.30817699409988,174.30030094714903,1.0,147.72664854206076,198.4683091852272,1.0,156.40747078650645,198.7398326564064,1.0,98.79263178727167,196.53992953225293,1.0,124.18234241448584,208.14817686765088,1.0,102.63290922577713,163.5011481708032,1.0,104.09534935432444,177.89177250736898,1.0,145.44337132548645,292.64251523777983,1.0,124.13846881476182,280.9026926583284,1.0,121.6212738797226,365.2313390465229,1.0,64.47211441805418,273.27197286341544,1.0,138.69390865637163,442.7211774712157,1.0,41.39724305597567,346.7276878852943,1.0,104.07835925687752,455.8868541134496,1.0,113.52361068567136,457.6857460368396,1.0,148.75208596943258,450.9164183762432,1.0,7.247916484955811,346.81002648800694,1.0,10.922376797976275,345.8892664813524,1.0,47.01071009101592,362.030109170687,1.0,1.0,0.576271186440678,118.30817699409988,174.30030094714903,False,147.72664854206076,198.4683091852272,False,156.40747078650645,198.7398326564064,False,98.79263178727167,196.53992953225293,False,124.18234241448584,208.14817686765088,False,102.63290922577713,163.5011481708032,False,104.09534935432444,177.89177250736898,False,145.44337132548645,292.64251523777983,False,124.13846881476182,280.9026926583284,False,121.6212738797226,365.2313390465229,False,64.47211441805418,273.27197286341544,False,138.69390865637163,442.7211774712157,False,41.39724305597567,346.7276878852943,False,True,85.62668180064999,149.4063143183866,100.15124432654304,48.97199856901885,33.26122073307551,82.23321930209435,1.0,0.9733865850332826,0.9947386314952494,0.6791885507020651,True,True,True,True,2.4994345619919613,False,0.0052945409032403,False,True,85.62668180064999,valid,-0.6557053424217685,0.5287363466295574,0.8423251274464155,49.69718251933832,49.69718251933832,143.42898986720388,242.68833743443545,41.68394378443268,-40.796080641426755,-79.18718926363226,0.22364912783067256,13.19529854200963,35.97253962410665,205.6936089177981,0.24599818122506753,0.06531596516146672,0.1780619921085766,False
35,35,0.5932203389830508,0.5932203389830508,Sports2D_HALPE26_postprocessed,116.28011632135424,175.41099544334273,1.0,147.29179705902786,198.49664813270024,1.0,156.752862807037,198.531978763244,1.0,98.64910473846764,195.3303497772557,1.0,124.93051997977456,204.1723162517289,1.0,101.82992512813011,162.96767031786734,1.0,104.14526631013628,177.3197898749617,1.0,144.1986029432825,294.00129545663435,1.0,122.02377578304656,280.0167907897055,1.0,120.62984565926983,365.73952460158375,1.0,64.64499606039365,265.2528695336896,1.0,138.65093641608627,442.504413283913,1.0,39.68471505251813,338.51601752314866,1.0,103.99068020325568,455.28982787198174,1.0,113.06625843766308,457.8985667263855,1.0,148.55466952856338,450.407138889636,1.0,7.017349125681448,339.30712624286804,1.0,9.783006606406346,340.31717008180607,1.0,44.50094354543828,355.54916597642006,1.0,1.0,0.5932203389830508,116.28011632135424,175.41099544334273,False,147.29179705902786,198.49664813270024,False,156.752862807037,198.531978763244,False,98.64910473846764,195.3303497772557,False,124.93051997977456,204.1723162517289,False,101.82992512813011,162.96767031786734,False,104.14526631013628,177.3197898749617,False,144.1986029432825,294.00129545663435,False,122.02377578304656,280.0167907897055,False,120.62984565926983,365.73952460158375,False,64.64499606039365,265.2528695336896,False,138.65093641608627,442.504413283913,False,39.68471505251813,338.51601752314866,False,True,88.11091674449747,148.6013131837542,94.3840885241792,48.745635306849564,32.518619899104095,81.26425520595366,0.9953777001391876,0.9516544394928904,0.9830175043504864,0.6671083409704723,True,True,True,True,2.4842349438474827,False,0.0120802097315927,False,True,88.11091674449747,valid,-0.8029840976470126,-0.5334778529358459,0.9640446466046203,56.87863414967275,56.87863414967275,142.56675964809847,242.76167828557104,51.05528211998278,-40.736834519968355,-79.79400796770369,0.6097040614255348,35.97253962410665,35.97253962410665,202.0225607841775,0.2815459517436604,0.1780619921085766,0.1780619921085766,False
36,36,0.6101694915254238,0.6101694915254238,Sports2D_HALPE26_postprocessed,114.59221446350868,177.62820832022413,1.0,146.63756006311584,198.3232760286504,1.0,156.58763718524915,198.0358989220556,1.0,98.25747578148386,194.762023406396,1.0,126.36539282773508,200.77089326164983,1.0,101.70603984423248,160.7941618999236,1.0,105.00159846779316,176.0264582134675,1.0,140.55986178492117,296.6876852193773,1.0,120.16099663793246,280.6101795157442,1.0,119.9534098495672,367.465510698553,1.0,67.00805809087491,258.8688411679801,1.0,138.588491316818,442.4686711859773,1.0,38.788116383148825,331.2515322666406,1.0,104.03597804782872,454.7466848376287,1.0,112.85285468707605,457.7136576903844,1.0,148.49034388315278,450.47926335197576,1.0,3.633517138472801,330.3051843356308,1.0,5.377307392283391,332.7257479488618,1.0,44.12431280954172,345.7807023423224,1.0,1.0,0.6101694915254238,114.59221446350868,177.62820832022413,False,146.63756006311584,198.3232760286504,False,156.58763718524915,198.0358989220556,False,98.25747578148386,194.762023406396,False,126.36539282773508,200.77089326164983,False,101.70603984423248,160.7941618999236,False,105.00159846779316,176.0264582134675,False,140.55986178492117,296.6876852193773,False,120.16099663793246,280.6101795157442,False,119.9534098495672,367.465510698553,False,67.00805809087491,258.8688411679801,False,138.588491316818,442.4686711859773,False,38.788116383148825,331.2515322666406,False,True,88.4128907335271,149.81444146417795,89.05317698787539,48.510978915471576,34.14246929291684,82.65344820838843,0.9905860559703822,0.9991762436003372,0.9998219534265734,0.7038091181876317,True,True,True,True,0.3019739890296335,False,0.0367007772171593,False,True,88.4128907335271,valid,-0.12388528389763565,-2.1735084179437365,2.1770361518446775,128.44513295883547,56.87863414967275,140.98651391780464,243.41425992145687,100.87170074303761,-39.280474073572165,-82.62009802153327,3.179272045953563,187.5770507112595,35.97253962410665,198.89646384698617,0.6357959846675468,0.9284955600164366,0.1780619921085766,False
37,37,0.6271186440677966,0.6271186440677966,Sports2D_HALPE26_postprocessed,114.53574006967366,176.9412386142421,1.0,145.90430372499688,199.2183281857892,1.0,157.01553037354606,198.13816970745228,1.0,97.62542041770648,194.58308210752483,1.0,121.98518822801223,200.81664013876687,1.0,102.04986309882794,160.20801939357264,1.0,103.26986982589794,177.65861215675764,1.0,140.9900082744762,295.8128274311985,1.0,121.4797935957692,280.32062662214065,1.0,118.85804410586876,367.7208438314103,1.0,68.84435735149096,251.1231220506156,1.0,138.55219375346584,442.4561300888216,1.0,38.10837214607064,322.7160378418381,1.0,104.1092136445879,455.1029862863624,1.0,113.56137221031592,457.84849174269095,1.0,148.67548563042544,450.1873752635031,1.0,5.43347374790494,321.55571635984325,1.0,9.122124047190429,322.54670141873186,1.0,39.96723632027378,337.5642947156664,1.0,1.0,0.6271186440677966,114.53574006967366,176.9412386142421,False,145.90430372499688,199.2183281857892,False,157.01553037354606,198.13816970745228,False,97.62542041770648,194.58308210752483,False,121.98518822801223,200.81664013876687,False,102.04986309882794,160.20801939357264,False,103.26986982589794,177.65861215675764,False,140.9900082744762,295.8128274311985,False,121.4797935957692,280.32062662214065,False,118.85804410586876,367.7208438314103,False,68.84435735149096,251.1231220506156,False,138.55219375346584,442.4561300888216,False,38.10837214607064,322.7160378418381,False,True,88.14988352062912,148.1296998458448,84.21696761942675,48.500887410490016,34.65862994445504,83.15951735494505,0.990379989130628,1.014281637896034,1.0059436465155718,0.714597851604647,True,True,True,True,0.263007212897989,False,0.0107887334170152,False,True,88.14988352062912,valid,0.34382325459546337,-0.5861425063509671,0.6795421018244642,40.092984007643494,40.092984007643494,141.34740899219707,243.37248798664515,21.434964650526105,-39.29754589336913,-83.16446859307251,0.5446381975120239,32.1336536532095,55.264175748267995,194.4413600106878,0.1984579536662501,0.15905972842081814,0.27355447596423255,False
38,38,0.6440677966101694,0.6440677966101694,Sports2D_HALPE26_postprocessed,114.79298532593695,177.92380986700533,1.0,145.17303643786494,199.5520072277718,1.0,157.37423944666972,197.85015857881297,1.0,97.39819674098874,194.20034710131813,1.0,120.67313401642532,197.389291509826,1.0,102.27271052744044,159.56669597969272,1.0,103.7525359180984,174.0843302124198,1.0,139.5563244277939,296.1641436671836,1.0,121.50399715902071,279.9833670412431,1.0,117.82638882955524,367.87002611996377,1.0,71.93568357457252,242.69504864887367,1.0,138.577032117037,442.5415558656728,1.0,39.846778647790686,313.0142412340199,1.0,104.21615531694812,455.4801978905039,1.0,113.21887782741076,457.9139643160604,1.0,148.86482350079103,450.5922006107832,1.0,5.966420815551287,313.83213964327524,1.0,9.73324301386085,313.11038911787665,1.0,40.83625767957977,327.9667400766989,1.0,1.0,0.6440677966101694,114.79298532593695,177.92380986700533,False,145.17303643786494,199.5520072277718,False,157.37423944666972,197.85015857881297,False,97.39819674098874,194.20034710131813,False,120.67313401642532,197.389291509826,False,102.27271052744044,159.56669597969272,False,103.7525359180984,174.0843302124198,False,139.5563244277939,296.1641436671836,False,121.50399715902071,279.9833670412431,False,117.82638882955524,367.87002611996377,False,71.93568357457252,242.69504864887367,False,138.577032117037,442.5415558656728,False,39.846778647790686,313.0142412340199,False,True,88.38006351986154,147.61075446570317,77.57601251619435,48.073647398250245,34.975000710061074,83.04864810831131,0.9816558197129222,1.023540199438587,1.0046025106144438,0.7275295843546515,True,True,True,True,0.2301799992324191,False,0.0129317327500045,False,True,88.38006351986154,valid,0.2228474286124964,-0.6413234138799169,0.6789379188333738,40.05733721116916,40.092984007643494,140.9018993678373,243.3874191287529,26.299825890730975,-38.629188840396864,-83.82072314906017,0.9366809448858957,55.264175748267995,32.1336536532095,189.52615795831625,0.1982815040839066,0.27355447596423255,0.15905972842081814,False
39,39,0.6610169491525424,0.6610169491525424,Sports2D_HALPE26_postprocessed,114.6518390813418,178.85294784567515,1.0,144.03099072672364,199.31160444260604,1.0,157.4046054883867,197.75983742646247,1.0,97.6059996433217,193.8010487795445,1.0,121.81661505552556,200.957304667624,1.0,100.82589306471374,159.41836486775168,1.0,104.11333246768106,174.14040361642685,1.0,137.53131870866582,296.5771392576882,1.0,120.59972477206556,279.5208517108712,1.0,116.28508430581022,368.0579745943369,1.0,75.20097808555055,236.6802017652145,1.0,138.55134854678624,442.4397906811917,1.0,41.709690688373605,303.9174766234639,1.0,104.3343967181644,455.0236207361197,1.0,112.7199382936088,457.7899894770982,1.0,149.00672563317806,450.7996460777508,1.0,7.862630541944618,308.8869842119356,1.0,11.51930344620235,306.02239761531825,1.0,43.659781757035866,319.320867172503,1.0,1.0,0.6610169491525424,114.6518390813418,178.85294784567515,False,144.03099072672364,199.31160444260604,False,157.4046054883867,197.75983742646247,False,97.6059996433217,193.8010487795445,False,121.81661505552556,200.957304667624,False,100.82589306471374,159.41836486775168,False,104.11333246768106,174.14040361642685,False,137.53131870866582,296.5771392576882,False,120.59972477206556,279.5208517108712,False,116.28508430581022,368.0579745943369,False,75.20097808555055,236.6802017652145,False,138.55134854678624,442.4397906811917,False,41.709690688373605,303.9174766234639,False,True,91.41915340333892,146.78136323203185,73.13873239503435,46.75089326215757,34.53312419436417,81.28401745652174,0.95464540203049,1.0106087235895094,0.9832565594945292,0.7386623395775188,True,True,True,True,3.039089883477388,False,0.0111327552228672,False,True,91.41915340333892,valid,-1.446817462726699,-0.1483311119410473,1.454401213290401,85.80967158413333,40.05733721116916,139.89165992396042,243.29235820940698,59.86742275474845,-39.06576685924668,-83.87399334165531,0.43981596146792157,25.949141726607273,55.264175748267995,184.85390252136054,0.42475291497668205,0.12844675181762977,0.27355447596423255,False
40,40,0.6779661016949152,0.6779661016949152,Sports2D_HALPE26_postprocessed,114.81578564255814,180.78277748405725,1.0,142.5816270069435,199.03099538380604,1.0,157.4678674378749,197.77113297313127,1.0,97.91981805853118,193.55744938119744,1.0,122.97972323990872,201.0578224669664,1.0,100.62277732679055,159.80721787297807,1.0,106.39541939898392,173.57071600307302,1.0,134.4543490910381,296.81074952937905,1.0,119.2024522285457,278.43097514518223,1.0,115.5118285459107,368.2511888096333,1.0,77.78771310168064,232.6618419024428,1.0,138.45973169015576,442.4138451699944,1.0,45.370295229420506,299.1114794577244,1.0,104.08705252935064,454.3863897452841,1.0,111.18948765582896,457.2769302195248,1.0,149.12315559863742,450.70808640938105,1.0,8.474705106481128,303.96650795079194,1.0,11.044247720550656,300.15474738962746,1.0,50.02155136583077,313.7344819619633,1.0,1.0,0.6779661016949152,114.81578564255814,180.78277748405725,False,142.5816270069435,199.03099538380604,False,157.4678674378749,197.77113297313127,False,97.91981805853118,193.55744938119744,False,122.97972323990872,201.0578224669664,False,100.62277732679055,159.80721787297807,False,106.39541939898392,173.57071600307302,False,134.4543490910381,296.81074952937905,False,119.2024522285457,278.43097514518223,False,115.5118285459107,368.2511888096333,False,77.78771310168064,232.6618419024428,False,138.45973169015576,442.4138451699944,False,45.370295229420506,299.1114794577244,False,True,92.40818306497046,147.95621527926218,68.14614890718498,44.99596520119505,33.85829463608988,78.85425983728493,0.9188100652616789,0.9908598982388231,0.9538648636623897,0.7524740159411146,True,True,True,True,0.989029661631534,False,0.0138116763635958,False,True,92.40818306497046,valid,-0.20311573792318427,0.38885300522639454,0.4387056674647344,25.883634380419398,38.29852828856386,138.42657394110054,243.01096325787466,88.02001280764978,-37.80379661430999,-83.20374538489659,1.4289161006318056,84.30604993727675,25.949141726607273,181.89354488202332,0.1281224942399929,0.41731007472646414,0.12844675181762977,False
41,41,0.6949152542372882,0.6949152542372882,Sports2D_HALPE26_postprocessed,114.87820628215128,179.97316661094982,1.0,142.34494611519744,199.2365569495788,1.0,156.9129886014891,198.0091419774104,1.0,97.16382587291332,193.7207233156609,1.0,124.38778690246951,203.06329922729032,1.0,100.03366766575832,160.07982830181044,1.0,105.56534722068936,173.3387405549135,1.0,133.30826217195323,296.39219048816534,1.0,120.4070758566886,279.3807436104687,1.0,113.18622161945602,368.3136393569977,1.0,80.91081435132679,227.6301463958321,1.0,138.3718108399012,442.4293154895167,1.0,47.265374736651765,295.1351516510777,1.0,103.96846276471614,454.2788322072696,1.0,111.03694314692748,457.11561885681687,1.0,149.28485775648556,450.6035726409423,1.0,9.53797170649572,299.7381956948584,1.0,14.012994556904305,297.8558162068594,1.0,50.95861815945298,310.8922234541599,1.0,1.0,0.6949152542372882,114.87820628215128,179.97316661094982,False,142.34494611519744,199.2365569495788,False,156.9129886014891,198.0091419774104,False,97.16382587291332,193.7207233156609,False,124.38778690246951,203.06329922729032,False,100.03366766575832,160.07982830181044,False,105.56534722068936,173.3387405549135,False,133.30826217195323,296.39219048816534,False,120.4070758566886,279.3807436104687,False,113.18622161945602,368.3136393569977,False,80.91081435132679,227.6301463958321,False,138.3718108399012,442.4293154895167,False,47.265374736651765,295.1351516510777,False,True,92.08439055728404,145.60103706139765,63.843325612190725,45.516568928520925,33.7630835269658,79.27965245548673,0.9294407060878268,0.988073553831585,0.9590106487170124,0.7417756725026273,True,True,True,True,0.3237925076864201,False,0.0106983434384873,False,True,92.08439055728404,valid,-0.5891096610322393,0.2726104288323654,0.6491275981112543,38.29852828856386,38.29852828856386,138.2433181863321,243.25465825640583,17.989672184942137,-38.209650520573774,-83.1748299545954,0.4068826554905942,24.006076673944964,84.30604993727675,179.39240412681266,0.18957550156726563,0.11882869210627851,0.41731007472646414,False
42,42,0.711864406779661,0.711864406779661,Sports2D_HALPE26_postprocessed,114.64469663138436,179.88479708340546,1.0,142.42986581111143,199.48560642554173,1.0,156.06787265867175,198.32509140711096,1.0,97.0097968513014,193.90193751296303,1.0,126.14591757532064,199.3527360775895,1.0,100.51031804967975,159.45963551770944,1.0,105.54012612352706,173.18217689116048,1.0,130.9663417643807,296.4657381325617,1.0,119.20423994295662,279.5955579793205,1.0,111.97945623729096,368.41559819503937,1.0,82.52493683318195,223.7282184759421,1.0,138.25996717120208,442.3050239138066,1.0,50.55962984971228,291.8333223667738,1.0,104.0454132692796,454.26214020736273,1.0,111.14536377405182,457.0314953789061,1.0,149.32018479895785,450.5878119268736,1.0,15.101702250178445,295.599400485048,1.0,17.955608989806876,293.7677160123498,1.0,54.35323115306689,308.6486195939158,1.0,1.0,0.711864406779661,114.64469663138436,179.88479708340546,False,142.42986581111143,199.48560642554173,False,156.06787265867175,198.32509140711096,False,97.0097968513014,193.90193751296303,False,126.14591757532064,199.3527360775895,False,100.51031804967975,159.45963551770944,False,105.54012612352706,173.18217689116048,False,130.9663417643807,296.4657381325617,False,119.20423994295662,279.5955579793205,False,111.97945623729096,368.41559819503937,False,82.52493683318195,223.7282184759421,False,138.25996717120208,442.3050239138066,False,50.55962984971228,291.8333223667738,False,True,91.20513997904646,145.63806184065228,58.42974977653802,45.76199321313699,34.619731590417416,80.3817248035544,0.9344522288311794,1.013143281120017,0.9723419271058386,0.7565171261045304,True,True,True,True,0.8792505782375741,False,0.014741453601903,False,True,91.20513997904646,valid,0.476650383921438,-0.6201927841009933,0.7821986179631075,46.14971845982347,38.29852828856386,137.1670800442801,243.46799848613375,64.7335834235135,-36.65676199460036,-84.00836296842431,1.7624528530552517,103.98471833026012,24.006076673944964,176.87960723483002,0.22843843915593973,0.5147183459442826,0.11882869210627851,False
43,43,0.7288135593220338,0.7288135593220338,Sports2D_HALPE26_postprocessed,114.39768163694652,179.40482264023058,1.0,143.0755557964913,199.84412447010152,1.0,155.87643266640305,198.42253873582243,1.0,96.62155268262224,193.7659051558062,1.0,130.02461959578272,199.52841903677427,1.0,100.2574234729692,159.04754275002952,1.0,105.66920151614126,172.4977350466403,1.0,130.05423568003846,296.1494292136517,1.0,118.19255581901164,279.0755105746629,1.0,111.46371845955672,368.4936940705901,1.0,85.10243273567644,220.71733729648847,1.0,138.23948828410673,442.2655270322291,1.0,53.37523626259489,288.658647140274,1.0,104.28592813750174,454.2487594424087,1.0,111.28208147864508,456.9319037512561,1.0,149.36552780451623,450.6143518974209,1.0,18.837898473020708,292.40079176992685,1.0,21.4969183961916,291.42983008528296,1.0,58.52216569080826,306.3545277942156,1.0,1.0,0.7288135593220338,114.39768163694652,179.40482264023058,False,143.0755557964913,199.84412447010152,False,155.87643266640305,198.42253873582243,False,96.62155268262224,193.7659051558062,False,130.02461959578272,199.52841903677427,False,100.2574234729692,159.04754275002952,False,105.66920151614126,172.4977350466403,False,130.05423568003846,296.1494292136517,False,118.19255581901164,279.0755105746629,False,111.46371845955672,368.4936940705901,False,85.10243273567644,220.71733729648847,False,138.23948828410673,442.2655270322291,False,53.37523626259489,288.658647140274,False,True,91.47595880604791,145.63979970856818,54.58561711806762,46.849964304533145,34.90822602973324,81.75819033426639,0.956668416105277,1.0215860445212857,0.9889924176246494,0.7451067796513895,True,True,True,True,0.2708188270014489,False,0.0114103464531408,False,True,91.47595880604791,valid,-0.2528945767105597,-0.41209276767992264,0.48350399802246913,28.526735883325756,46.14971845982347,136.7996949904861,243.37290074855963,22.390119679423123,-36.54227151751691,-84.32535799853011,0.33703696897309887,19.885181169412885,41.956873024398334,174.7729297027247,0.1412056939214879,0.0984304975257511,0.2076840965758336,False
44,44,0.7457627118644068,0.7457627118644068,Sports2D_HALPE26_postprocessed,114.25584485249236,180.96821022971284,1.0,143.53858920686395,199.44857614121727,1.0,155.0882867832629,198.6455520711399,1.0,96.29226859013082,193.7357397393475,1.0,125.88789528557366,199.9738566956653,1.0,99.7146734394538,157.8112074480514,1.0,101.66524118364956,172.69153100865665,1.0,128.7363822618904,295.7329239620073,1.0,116.89776286943848,277.4584528327684,1.0,111.21443936663096,368.25388731676446,1.0,87.47146659805988,218.8978169251653,1.0,138.1762427344695,442.2135976450339,1.0,58.40148863327365,286.0669831482196,1.0,104.5466852087952,454.1167401110572,1.0,111.26918392223256,456.6142375245576,1.0,149.19126730199508,450.5960265209334,1.0,23.611244552880315,290.04275226990194,1.0,25.24893077449525,288.4759191094962,1.0,61.71746168720845,304.42830380815866,1.0,1.0,0.7457627118644068,114.25584485249236,180.96821022971284,False,143.53858920686395,199.44857614121727,False,155.0882867832629,198.6455520711399,False,96.29226859013082,193.7357397393475,False,125.88789528557366,199.9738566956653,False,99.7146734394538,157.8112074480514,False,101.66524118364956,172.69153100865665,False,128.7363822618904,295.7329239620073,False,116.89776286943848,277.4584528327684,False,111.21443936663096,368.25388731676446,False,87.47146659805988,218.8978169251653,False,138.1762427344695,442.2135976450339,False,58.40148863327365,286.0669831482196,False,True,91.45256056432974,146.3877783293566,50.0815569869264,47.5904539962971,36.08718436371903,83.67763836001612,0.9717890914585676,1.0560881524211851,1.0122111255697477,0.7582861967764981,True,True,True,True,0.0233982417181692,False,0.0131794171251086,False,True,91.45256056432974,valid,-0.5427500335153894,-1.23633530197813,1.3502231585179947,79.66316635256138,62.967821463798906,136.06525528036394,242.82137625178322,54.18953142454849,-36.35058184091014,-85.01016880373183,0.7111334410914999,41.956873024398334,41.956873024398334,172.79838062473027,0.3943280693172989,0.2076840965758336,0.2076840965758336,False
45,45,0.7627118644067796,0.7627118644067796,Sports2D_HALPE26_postprocessed,114.52869289370624,180.2687109193461,1.0,142.08739571023295,199.55188811795904,1.0,155.16266918668543,198.29703596370945,1.0,95.20128218637385,193.86648556430387,1.0,123.73443152117386,198.84515060015616,1.0,99.0832714404344,158.67164725626034,1.0,104.84709831441351,172.76984739927042,1.0,129.21638587215656,295.4054957130012,1.0,118.03817868108705,277.20092263838905,1.0,110.1488724672507,368.0458859053638,1.0,88.79171410311287,217.043948818461,1.0,138.17488201728682,442.0428831789145,1.0,59.97305370054272,286.27567407068403,1.0,104.364064198872,454.4088644377101,1.0,111.52452414588302,456.9615570302863,1.0,149.22880645204447,450.3700294833548,1.0,26.13323545544324,290.0040552639965,1.0,28.60779857151756,289.0671248998033,1.0,65.34834925294814,304.75075943244616,1.0,1.0,0.7627118644067796,114.52869289370624,180.2687109193461,False,142.08739571023295,199.55188811795904,False,155.16266918668543,198.29703596370945,False,95.20128218637385,193.86648556430387,False,123.73443152117386,198.84515060015616,False,99.0832714404344,158.67164725626034,False,104.84709831441351,172.76984739927042,False,129.21638587215656,295.4054957130012,False,118.03817868108705,277.20092263838905,False,110.1488724672507,368.0458859053638,False,88.79171410311287,217.043948818461,False,138.17488201728682,442.0428831789145,False,59.97305370054272,286.27567407068403,False,True,90.61964261326976,144.5481876188393,48.52778474114789,47.22956111980412,35.40828270472842,82.63784382453254,0.9644197194288688,1.0362201574151826,0.9996331941444504,0.7497059440148208,True,True,True,True,0.8329179510599829,False,0.0085802527616772,False,True,90.61964261326976,valid,-0.6314019990194026,0.8604398082089517,1.0672512112508261,62.967821463798906,62.967821463798906,136.12615736254048,242.61383560826465,12.761221598076178,-37.04288592210608,-83.94218835200431,1.272740030843958,75.09166181979373,41.956873024398334,172.50464519395928,0.3116870770243725,0.371699386089927,0.2076840965758336,False
46,46,0.7796610169491526,0.7796610169491526,Sports2D_HALPE26_postprocessed,114.32053686064714,180.3046240971739,1.0,142.26258569713988,199.84544461733424,1.0,154.7836019805129,198.19406531479348,1.0,93.79413240288171,193.68207340228,1.0,123.69802315730206,198.773686098007,1.0,98.4154169845958,158.68997637033064,1.0,103.823364356352,173.06998360906815,1.0,128.33719461525934,295.64452334808817,1.0,117.77923242600258,277.3598150662985,1.0,109.60511080062184,368.0548079628388,1.0,89.5870707402613,216.13648051075305,1.0,138.29460974635344,442.3126893161229,1.0,60.776560271061136,285.5973799768419,1.0,104.35379182627472,454.3607286699763,1.0,111.5598853681586,457.1524889494043,1.0,149.42794795061633,450.786240766294,1.0,26.65336639536587,290.3082259462114,1.0,29.43553970579264,289.34948627348547,1.0,67.44946594089663,304.33679978194726,1.0,1.0,0.7796610169491526,114.32053686064714,180.3046240971739,False,142.26258569713988,199.84544461733424,False,154.7836019805129,198.19406531479348,False,93.79413240288171,193.68207340228,False,123.69802315730206,198.773686098007,False,98.4154169845958,158.68997637033064,False,103.823364356352,173.06998360906815,False,128.33719461525934,295.64452334808817,False,117.77923242600258,277.3598150662985,False,109.60511080062184,368.0548079628388,False,89.5870707402613,216.13648051075305,False,138.29460974635344,442.3126893161229,False,60.776560271061136,285.5973799768419,False,True,89.72366491539775,144.3718960181517,47.25251359746282,48.85875673277253,35.29593639328113,84.15469312605366,0.9976876206902864,1.03293235287793,1.0179818446191038,0.7224075836871635,True,True,True,True,0.8959776978720129,False,0.0272983603276573,False,True,89.72366491539775,valid,-0.6678544558386079,0.018329114070297692,0.6681059276836908,39.4182497333376,48.11923752266184,135.79065367972868,242.76096208662858,21.61437616128874,-37.375236695132884,-84.07098571629794,0.3564348431067036,21.02965574329543,21.02965574329543,172.05645150542568,0.1951180580046625,0.10409558052163094,0.10409558052163094,False
47,47,0.7966101694915254,0.7966101694915254,Sports2D_HALPE26_postprocessed,114.36957990351569,179.57189693570277,1.0,142.19590892907155,199.651447172542,1.0,154.88977783904394,197.7799223204549,1.0,93.61880088068284,193.34421961593856,1.0,123.97000730598415,198.1121228175872,1.0,98.28852155064249,157.884328327022,1.0,102.86512783563136,173.7978021705571,1.0,128.0925796526946,295.7278089284594,1.0,117.4611115677354,275.8126074593233,1.0,109.67402390151835,368.0108146469106,1.0,88.04157256847667,216.6421083373198,1.0,138.31008811914023,442.5153738907352,1.0,61.63543486160554,286.58077813235195,1.0,104.09604501968212,454.2013391833531,1.0,111.41676999100844,457.3048282175521,1.0,149.35563062880186,451.3176356201351,1.0,26.35756986688145,293.1523281403188,1.0,29.33494635028423,291.24681515880684,1.0,68.35597221578102,304.32918009145664,1.0,1.0,0.7966101694915254,114.36957990351569,179.57189693570277,False,142.19590892907155,199.651447172542,False,154.88977783904394,197.7799223204549,False,93.61880088068284,193.34421961593856,False,123.97000730598415,198.1121228175872,False,98.28852155064249,157.884328327022,False,102.86512783563136,173.7978021705571,False,128.0925796526946,295.7278089284594,False,117.4611115677354,275.8126074593233,False,109.67402390151835,368.0108146469106,False,88.04157256847667,216.6421083373198,False,138.31008811914023,442.5153738907352,False,61.63543486160554,286.58077813235195,False,True,89.89574479720783,144.6801559555928,47.12113683312475,48.984860373339934,35.76604788563072,84.75090825897065,1.0002626358877913,1.0466901227383736,1.025193993558766,0.7301449389268124,True,True,True,True,0.1720798818100775,False,0.0077373552396489,False,True,89.89574479720783,valid,-0.12689543395330816,-0.8056480433086506,0.8155802969942664,48.11923752266184,39.4182497333376,135.65984449713636,242.24294647019488,31.5223048129024,-37.371322946493876,-84.35861814317289,0.28765905238386424,16.971884090648036,21.02965574329543,172.79882768075214,0.23818744468875458,0.08400984535969352,0.10409558052163094,False
48,48,0.8135593220338984,0.8135593220338984,Sports2D_HALPE26_postprocessed,114.95543312333508,180.04005693266964,1.0,142.18185006084366,199.0910990145083,1.0,154.4632058088256,196.5559213841515,1.0,93.64399948981644,193.6211810288929,1.0,123.21417607438028,196.84474775208977,1.0,98.38473654955546,157.81736798718833,1.0,100.16856593506336,172.30555760030438,1.0,127.900138238812,295.40245643268906,1.0,116.2049343594278,274.91705214472046,1.0,110.9744232173315,368.0341731426455,1.0,85.66666212991213,220.4879773666089,1.0,138.3118062404929,442.634857163441,1.0,62.21593360325764,287.51412305356826,1.0,103.67693713394723,454.3752438265301,1.0,110.8238931871085,457.4618131944193,1.0,149.06134008593443,451.8618648813591,1.0,24.580640967227414,297.8058461005068,1.0,29.79919344209219,293.1146180148142,1.0,68.41112013130449,304.4433460069664,1.0,1.0,0.8135593220338984,114.95543312333508,180.04005693266964,False,142.18185006084366,199.0910990145083,False,154.4632058088256,196.5559213841515,False,93.64399948981644,193.6211810288929,False,123.21417607438028,196.84474775208977,False,98.38473654955546,157.81736798718833,False,100.16856593506336,172.30555760030438,False,127.900138238812,295.40245643268906,False,116.2049343594278,274.91705214472046,False,110.9744232173315,368.0341731426455,False,85.66666212991213,220.4879773666089,False,138.3118062404929,442.634857163441,False,62.21593360325764,287.51412305356826,False,True,88.88716932875047,146.75686790340984,48.5789084075611,48.84509126641823,36.11630679063013,84.96139805704837,0.9974085741585212,1.0569404175832602,1.0277401949048952,0.7394050426406034,True,True,True,True,1.0085754684573516,False,0.0092601037137909,False,True,88.88716932875047,valid,0.09621499891296992,-0.06696033983365623,0.1172220675745891,6.91610198690073,48.11923752266184,135.18753211697725,241.49163224401735,52.35903636634054,-36.802795567421796,-83.67426425682902,0.889698613300329,52.492218184719206,52.492218184719206,174.01874867549685,0.03423430511946269,0.25983344622978577,0.25983344622978577,False
49,49,0.8305084745762712,0.8305084745762712,Sports2D_HALPE26_postprocessed,114.6115121150754,178.8654232917807,1.0,142.24199716825996,199.53249465000349,1.0,154.16764670583547,197.1654373673689,1.0,93.31377712041969,193.5995327964155,1.0,123.67356483888068,196.7545924969713,1.0,97.43094418335902,157.62775505176012,1.0,100.53669042020157,172.08976130068882,1.0,129.22854902203642,294.21620437880927,1.0,116.87479775671594,274.17509503436315,1.0,109.5826176453107,368.12303780574814,1.0,84.92540359867684,220.47252349918097,1.0,138.15807795012483,442.7591257003022,1.0,60.540569326989846,292.3160919689626,1.0,103.95712766003612,454.6476145807137,1.0,111.03559231007858,457.7213089158827,1.0,148.4940009373242,451.8659053773592,1.0,24.80833522997046,300.6833624930032,1.0,28.79915798386571,297.8606968984927,1.0,67.70191640625171,308.9337533834567,1.0,1.0,0.8305084745762712,114.6115121150754,178.8654232917807,False,142.24199716825996,199.53249465000349,False,154.16764670583547,197.1654373673689,False,93.31377712041969,193.5995327964155,False,123.67356483888068,196.7545924969713,False,97.43094418335902,157.62775505176012,False,100.53669042020157,172.08976130068882,False,129.22854902203642,294.21620437880927,False,116.87479775671594,274.17509503436315,False,109.5826176453107,368.12303780574814,False,84.92540359867684,220.47252349918097,False,138.15807795012483,442.7591257003022,False,60.540569326989846,292.3160919689626,False,True,90.38444212874434,144.1638330672118,49.497798944457685,49.2866184010022,36.20662727643983,85.49324567744203,1.0064244842190777,1.0595836383461537,1.0341737187115077,0.7346137440767005,True,True,True,True,1.4972727999938655,False,0.0047912985639028,False,True,90.38444212874434,valid,-0.9537923661964385,-0.18961293542821522,0.9724571677438063,57.37497289688473,9.250536057464188,135.62824766321194,241.2723078576362,29.04414730778787,-38.19730347985292,-83.64455280587609,1.3948243933021598,82.29463920482765,52.492218184719206,176.1012679547748,0.2840027998564919,0.40735370785020264,0.25983344622978577,False
50,50,0.847457627118644,0.847457627118644,Sports2D_HALPE26_postprocessed,113.93628680304018,177.82728669523408,1.0,141.8412000725686,199.65009778596863,1.0,153.59590569583844,196.9727961471687,1.0,92.8637325410932,193.47381865845423,1.0,121.50545921212202,195.22080961430856,1.0,97.2767962489514,157.5990997656662,1.0,99.4275912999224,170.26537511199103,1.0,128.67154507946577,294.58287925499576,1.0,116.26203719539984,274.1878080929127,1.0,110.47636712868294,368.2290464026793,1.0,81.86332651328378,223.4479174457768,1.0,138.0849903583147,442.75018221588965,1.0,59.66566194313527,294.99658485492546,1.0,104.19282615138106,454.69528133073527,1.0,111.28535589068248,457.8660701192304,1.0,148.42349445873114,451.48304238448463,1.0,24.61092700469745,302.5822123939256,1.0,28.13497590821907,300.63795721282776,1.0,66.91599387355535,311.0104762590784,1.0,1.0,0.847457627118644,113.93628680304018,177.82728669523408,False,141.8412000725686,199.65009778596863,False,153.59590569583844,196.9727961471687,False,92.8637325410932,193.47381865845423,False,121.50545921212202,195.22080961430856,False,97.2767962489514,157.5990997656662,False,99.4275912999224,170.26537511199103,False,128.67154507946577,294.58287925499576,False,116.26203719539984,274.1878080929127,False,110.47636712868294,368.2290464026793,False,81.86332651328378,223.4479174457768,False,138.0849903583147,442.75018221588965,False,59.66566194313527,294.99658485492546,False,True,90.1744128187024,145.79360991326777,51.37127726680543,49.365359814931935,36.145132271526926,85.51049208645887,1.0080323706895218,1.0577839926473638,1.03438234084073,0.7321962689431024,True,True,True,True,0.2100293100419463,False,0.0024174751335981,False,True,90.1744128187024,valid,-0.15414793440761798,-0.028655286093908217,0.15678874673668075,9.250536057464188,25.594791238518997,135.09267201081815,241.34839532026146,31.91625062367963,-37.81587576186675,-83.74929555459525,0.3955479079168324,23.337326567093175,41.18386309579646,177.41768514962263,0.04578961885027593,0.11551841772773412,0.20385774210531638,False
51,51,0.864406779661017,0.864406779661017,Sports2D_HALPE26_postprocessed,114.87747023052262,175.83852733314802,1.0,141.97251061209764,199.10131173514387,1.0,153.24915103059027,196.2526263696844,1.0,92.94043333907184,193.8801524794873,1.0,121.3387880919506,193.667455820402,1.0,96.84564130960874,157.55117740560982,1.0,99.16258809823546,171.3506139419083,1.0,129.67849609330267,294.5307056943807,1.0,116.09553843056962,273.8088654103643,1.0,111.09313570744436,368.1216698787202,1.0,79.12064980165817,226.8242848389924,1.0,138.12576509934286,442.6614925205713,1.0,58.96547401863129,298.2172330798911,1.0,104.24288974432028,455.057939212404,1.0,111.55691417824042,457.9103383958408,1.0,148.45783865380665,451.3127680544333,1.0,24.26321532380792,306.6525941257952,1.0,26.972790682577124,303.87940965284616,1.0,65.89993395223846,313.30340558487075,1.0,1.0,0.864406779661017,114.87747023052262,175.83852733314802,False,141.97251061209764,199.10131173514387,False,153.24915103059027,196.2526263696844,False,92.94043333907184,193.8801524794873,False,121.3387880919506,193.667455820402,False,96.84564130960874,157.55117740560982,False,99.16258809823546,171.3506139419083,False,129.67849609330267,294.5307056943807,False,116.09553843056962,273.8088654103643,False,111.09313570744436,368.1216698787202,False,79.12064980165817,226.8242848389924,False,138.12576509934286,442.6614925205713,False,58.96547401863129,298.2172330798911,False,True,89.94272269400473,145.89266231731258,53.96633401773952,49.30928011724468,36.538268694774736,85.84754881201941,1.0068872326652236,1.0692890941452426,1.0384595659422873,0.7410018683683115,True,True,True,True,0.2316901246976641,False,0.008805599425209,False,True,89.94272269400473,valid,-0.4311549393426617,-0.047922360056389834,0.4338100209918491,25.594791238518997,25.594791238518997,135.24892404164004,240.9233773023933,26.716970244201736,-38.4032827320313,-83.37219989678348,0.698031577894858,41.18386309579646,41.18386309579646,179.5946537336106,0.12669273738125783,0.20385774210531638,0.20385774210531638,False
52,52,0.8813559322033898,0.8813559322033898,Sports2D_HALPE26_postprocessed,114.9118987281574,175.62016109466074,1.0,142.1301955603117,197.6369999518224,1.0,152.66044662420853,195.9481810113274,1.0,92.78532775790094,193.82493756048248,1.0,121.30055530870096,195.8976583015374,1.0,96.33675811256626,158.605623803868,1.0,96.8528220882687,171.79885819376602,1.0,130.3306381757909,294.16753096504146,1.0,114.69666427100742,273.14232796569235,1.0,112.56030407846436,368.1042551795146,1.0,76.05081067086483,229.72876384683207,1.0,138.13235648542891,442.3383537872041,1.0,57.98023009046861,301.20999440714587,1.0,104.23057713756953,455.2183836215944,1.0,111.65665287887624,457.8791518287329,1.0,148.4556953452058,451.1470061422692,1.0,23.650361325838244,312.0127627989214,1.0,26.1943320450406,308.23938989657,1.0,65.34108057533118,315.7077115640097,1.0,1.0,0.8813559322033898,114.9118987281574,175.62016109466074,False,142.1301955603117,197.6369999518224,False,152.66044662420853,195.9481810113274,False,92.78532775790094,193.82493756048248,False,121.30055530870096,195.8976583015374,False,96.33675811256626,158.605623803868,False,96.8528220882687,171.79885819376602,False,130.3306381757909,294.16753096504146,False,114.69666427100742,273.14232796569235,False,112.56030407846436,368.1042551795146,False,76.05081067086483,229.72876384683207,False,138.13235648542891,442.3383537872041,False,57.98023009046861,301.20999440714587,False,True,88.65941998370059,147.4778393490273,55.862042197353006,49.49189628730003,35.39791969948081,84.88981598678083,1.0106162242398269,1.035916885013679,1.0268742984798027,0.7152265795999448,True,True,True,True,1.2833027103041417,False,0.0257752887683666,False,True,88.65941998370059,valid,-0.5088831970424792,1.054446398258193,1.1708199327957527,69.0783760349496,44.12663980526789,134.95448615782965,240.2237599734709,44.78399554323838,-38.61772804526339,-81.61813616960288,1.7671237510083821,104.26030130949482,91.51619669969567,181.80454963861013,0.34193396899243667,0.5160824657641927,0.4529998844904418,False
53,53,0.8983050847457628,0.8983050847457628,Sports2D_HALPE26_postprocessed,115.1266387651626,173.00453867622014,1.0,142.30940435648722,197.7920525064188,1.0,152.16601380733874,195.2798335813328,1.0,92.51257201032902,194.5062671939887,1.0,121.65850748503372,193.52611368954348,1.0,95.81923064200213,158.06568546226674,1.0,97.07628505754067,171.05101796527015,1.0,132.32924674831492,291.16990161442067,1.0,116.66165581925198,272.08630371104937,1.0,112.67685160024944,368.0977863493248,1.0,71.8891008635437,233.864908535712,1.0,138.14024708752007,442.1720675140903,1.0,56.51436781589592,306.2009012198876,1.0,104.13666537246075,455.4299943977128,1.0,112.34695160165292,457.9207166713419,1.0,148.42518760618128,450.9854906853207,1.0,22.22719981768245,315.7845107353441,1.0,24.98107932157893,312.6660473920162,1.0,65.26993957710688,319.02226055389383,1.0,1.0,0.8983050847457628,115.1266387651626,173.00453867622014,False,142.30940435648722,197.7920525064188,False,152.16601380733874,195.2798335813328,False,92.51257201032902,194.5062671939887,False,121.65850748503372,193.52611368954348,False,95.81923064200213,158.06568546226674,False,97.07628505754067,171.05101796527015,False,132.32924674831492,291.16990161442067,False,116.66165581925198,272.08630371104937,False,112.67685160024944,368.0977863493248,False,71.8891008635437,233.864908535712,False,138.14024708752007,442.1720675140903,False,56.51436781589592,306.2009012198876,False,True,88.59023932380497,146.69876815562364,61.51273280157661,49.90511894416012,36.59029910034524,86.49541804450536,1.0190541616108677,1.0708117592092403,1.0462965515203837,0.7331973127102832,True,True,True,True,0.0691806598956219,False,0.0179707331103383,False,True,88.59023932380497,valid,-0.5175274705641328,-0.5399383416012711,0.7479091492418316,44.12663980526789,57.56304364307265,135.86658018284822,239.08202285330543,86.21834470143386,-40.0473495408461,-81.01633739103869,1.5511219779609495,91.51619669969567,91.51619669969567,184.52848837857937,0.21842431673959808,0.4529998844904418,0.4529998844904418,False
54,54,0.9152542372881356,0.9152542372881356,Sports2D_HALPE26_postprocessed,115.22180056164626,172.11888754882028,1.0,142.15947446856077,197.62677532049463,1.0,152.6094577907583,195.0050398141728,1.0,92.09183442905749,195.33164863223163,1.0,121.15806304185897,192.2458202800217,1.0,95.47740971909452,158.97949137551268,1.0,95.76616720887635,171.19411524609328,1.0,133.79879154371778,291.0441090625312,1.0,116.47562222022428,272.9493403687002,1.0,113.20804787744387,368.165425047246,1.0,68.5261668384137,236.89644128407247,1.0,138.29568217300252,442.17768475459366,1.0,55.37778277669459,310.39286326819155,1.0,104.4199155789368,455.6537960056124,1.0,112.93667132031754,458.04426464029154,1.0,148.50158232693266,450.62970415955215,1.0,22.16705164279539,320.6748814419709,1.0,24.87669750544621,318.5206533283284,1.0,64.13812225855203,322.66231554445386,1.0,1.0,0.9152542372881356,115.22180056164626,172.11888754882028,False,142.15947446856077,197.62677532049463,False,152.6094577907583,195.0050398141728,False,92.09183442905749,195.33164863223163,False,121.15806304185897,192.2458202800217,False,95.47740971909452,158.97949137551268,False,95.76616720887635,171.19411524609328,False,133.79879154371778,291.0441090625312,False,116.47562222022428,272.9493403687002,False,113.20804787744387,368.165425047246,False,68.5261668384137,236.89644128407247,False,138.29568217300252,442.17768475459366,False,55.37778277669459,310.39286326819155,False,True,87.30386732150933,146.3262949532217,63.20354003629978,50.120217334329766,36.50947078857394,86.6296881229037,1.023446434674147,1.068446326052097,1.0479207568618536,0.7284379982839148,True,True,True,True,1.2863720022956358,False,0.0047593144263684,False,True,87.30386732150933,valid,-0.34182092290760124,0.9138059132459375,0.9756448075097034,57.56304364307265,56.295905754933784,136.2608365058153,239.1563161414747,23.670513297272056,-40.78342678672077,-80.17682476596201,1.1165084681978787,65.87399962367502,75.34056969457727,186.93326679837827,0.28493373918058473,0.3260724909533683,0.3729314656844899,False
55,55,0.9322033898305084,0.9322033898305084,Sports2D_HALPE26_postprocessed,115.25481833143223,171.4480857387197,1.0,141.93428202916783,196.7924376563324,1.0,152.92963235649836,194.83679121736736,1.0,91.59008029088166,195.68476754065048,1.0,120.12505852050832,191.3971256142316,1.0,95.17082280204782,159.88306253072136,1.0,95.8040005857462,171.59660276280033,1.0,134.63711610631975,290.7194692906164,1.0,116.43052380743022,273.24126674732935,1.0,113.765652696535,368.1770376202006,1.0,67.27415175992255,242.37159847350748,1.0,138.41020674377546,442.0413679427167,1.0,54.06965656604027,315.4041605383403,1.0,104.37512913110956,455.7518858664092,1.0,112.87973433051434,458.3117048204288,1.0,148.48683788031957,450.58231518301056,1.0,22.14461897861305,327.78691379544875,1.0,24.19327120478469,327.7031939182241,1.0,63.25096681705533,330.4294112830739,1.0,1.0,0.9322033898305084,115.25481833143223,171.4480857387197,False,141.93428202916783,196.7924376563324,False,152.92963235649836,194.83679121736736,False,91.59008029088166,195.68476754065048,False,120.12505852050832,191.3971256142316,False,95.17082280204782,159.88306253072136,False,95.8040005857462,171.59660276280033,False,134.63711610631975,290.7194692906164,False,116.43052380743022,273.24126674732935,False,113.765652696535,368.1770376202006,False,67.27415175992255,242.37159847350748,False,138.41020674377546,442.0413679427167,False,54.06965656604027,315.4041605383403,False,True,85.5489154603022,146.46835941234343,68.12014853200793,50.35638570976308,35.98032515902624,86.33671086878931,1.028268953303859,1.0529609275616405,1.0443767414956746,0.7145136540657322,True,True,True,True,1.7549518612071324,False,0.0139243442181825,False,True,85.5489154603022,valid,-0.30658691704670105,0.9035711552086809,0.9541678941514176,56.295905754933784,56.295905754933784,136.48288857485403,238.89749122791136,20.1204236702763,-41.31206577280621,-79.01442869719,1.2769588083826622,75.34056969457727,65.87399962367502,189.9368704156213,0.2786614798684549,0.3729314656844899,0.3260724909533683,False
56,56,0.9491525423728814,0.9491525423728814,Sports2D_HALPE26_postprocessed,115.65391519945604,172.25981424039136,1.0,142.17743775223602,195.93464112763644,1.0,152.78030349786238,194.6617423952352,1.0,91.83265456441409,196.1413095636027,1.0,120.23717149653136,193.9128719916844,1.0,95.39351450604322,160.08267407817533,1.0,95.58897319371168,168.86289447071508,1.0,134.60973256725177,291.41356553658727,1.0,114.68791345729616,274.6419971476532,1.0,115.23873956983178,367.9558702293317,1.0,66.30789337101021,248.0109073197147,1.0,138.384751140919,442.066998903218,1.0,53.13047699178563,322.70893107471,1.0,104.17197274983997,455.5282888100783,1.0,112.51830397172697,457.94835183912767,1.0,148.27441251657177,450.8317736715568,1.0,19.761556186108688,332.56066576879044,1.0,21.991633911325632,331.8223989483522,1.0,60.80644699458868,336.50289914718377,1.0,1.0,0.9491525423728814,115.65391519945604,172.25981424039136,False,142.17743775223602,195.93464112763644,False,152.78030349786238,194.6617423952352,False,91.83265456441409,196.1413095636027,False,120.23717149653136,193.9128719916844,False,95.39351450604322,160.08267407817533,False,95.58897319371168,168.86289447071508,False,134.60973256725177,291.41356553658727,False,114.68791345729616,274.6419971476532,False,115.23873956983178,367.9558702293317,False,66.30789337101021,248.0109073197147,False,138.384751140919,442.066998903218,False,53.13047699178563,322.70893107471,False,True,84.12501517751203,148.45365800575,71.17370224488972,50.34520737936455,36.2340298144551,86.57923719381964,1.0280406936713102,1.0603855711168713,1.0473104744409454,0.7197116011743091,True,True,True,True,1.4239002827901714,False,0.0051979471085769,False,True,84.12501517751203,valid,0.22269170399539462,0.19961154745396925,0.2990591327903909,17.644488834632995,56.295905754933784,136.06384681866157,239.16298655177803,29.268029828630592,-40.670332312618356,-79.0803124736027,0.6451065849292434,38.061288510825214,75.34056969457727,194.10737138588647,0.08733919996926857,0.18840117837871795,0.3729314656844899,False
57,57,0.9661016949152542,0.9661016949152542,Sports2D_HALPE26_postprocessed,116.39697816733748,170.1044639570237,1.0,142.44223254729283,196.21322304621128,1.0,152.7767111471168,194.52773277714005,1.0,91.06937852728277,196.7710501200615,1.0,120.1271254984632,192.5606659362741,1.0,94.56374798394329,160.59612253787915,1.0,95.36667213364136,171.48992940230224,1.0,136.3432333291251,289.42823920294825,1.0,115.40678243954328,273.43305066458703,1.0,115.54024819893807,367.2925286491413,1.0,63.42632508582525,253.6611202546586,1.0,138.38516998691512,442.16982351280194,1.0,51.8931206027728,327.91510707125474,1.0,104.0556591416632,455.5287633273721,1.0,112.65070241525066,457.8761420697989,1.0,148.1851521671208,450.84069488590507,1.0,19.5169602310547,338.3416979997221,1.0,20.65788398525445,337.39782285544806,1.0,61.11012394164186,344.00466252299344,1.0,1.0,0.9661016949152542,116.39697816733748,170.1044639570237,False,142.44223254729283,196.21322304621128,False,152.7767111471168,194.52773277714005,False,91.06937852728277,196.7710501200615,False,120.1271254984632,192.5606659362741,False,94.56374798394329,160.59612253787915,False,95.36667213364136,171.48992940230224,False,136.3432333291251,289.42823920294825,False,115.40678243954328,273.43305066458703,False,115.54024819893807,367.2925286491413,False,63.42632508582525,253.6611202546586,False,138.38516998691512,442.16982351280194,False,51.8931206027728,327.91510707125474,False,True,83.86043355663561,148.07482459830445,78.0032608161834,51.37588248590563,36.34330754727448,87.7191900331801,1.0490869065410688,1.063583573981013,1.061099976262938,0.7074001611017551,True,True,True,True,0.2645816208764131,False,0.012311440072554,False,True,83.86043355663561,valid,-0.8297665220999306,0.5134484597038238,0.9757775371313093,57.5708746907474,57.5708746907474,136.7422398657695,238.40056142272167,60.21207136747325,-42.17849188182622,-77.80443888484251,1.9754489871138294,116.55149023971624,108.49760696559859,196.7958281197141,0.2849725024139798,0.5769231406002681,0.5370568838670823,False
58,58,0.9830508474576272,0.9830508474576272,Sports2D_HALPE26_postprocessed,117.18651172310744,168.70114376808056,1.0,142.1042352041543,195.12897062694967,1.0,153.15722348778016,194.0017118309005,1.0,90.97205052384902,197.97126176408287,1.0,119.11587085028704,194.5344395757264,1.0,93.62800428065526,161.55804164530463,1.0,96.0265370541673,174.24491235062754,1.0,136.55669495578798,289.09272405487656,1.0,115.71558318625746,273.264081299572,1.0,115.93869421612852,366.7348886076712,1.0,62.93190804449912,259.51291792906835,1.0,138.38966135541855,442.282754484486,1.0,50.70366766063169,334.4370515350301,1.0,103.84739442107887,455.5824048800291,1.0,112.85746586362347,458.0453948546833,1.0,148.30984817250825,450.9818124835754,1.0,18.93990089285084,344.0765034333566,1.0,20.76888300786732,342.1796359263872,1.0,59.436758158653625,350.7877681023978,1.0,1.0,0.9830508474576272,117.18651172310744,168.70114376808056,False,142.1042352041543,195.12897062694967,False,153.15722348778016,194.0017118309005,False,90.97205052384902,197.97126176408287,False,119.11587085028704,194.5344395757264,False,93.62800428065526,161.55804164530463,False,96.0265370541673,174.24491235062754,False,136.55669495578798,289.09272405487656,False,115.71558318625746,273.264081299572,False,115.93869421612852,366.7348886076712,False,62.93190804449912,259.51291792906835,False,138.38966135541855,442.282754484486,False,50.70366766063169,334.4370515350301,False,True,82.64664180996044,148.5775925561935,84.66734066867394,51.21112114657392,36.509953297380285,87.72107444395421,1.0457225076162526,1.0684604466282188,1.0611227711408535,0.7129301698528199,True,True,True,True,1.2137917466751702,False,0.0055300087510647,False,True,82.64664180996044,valid,-0.9357437032880256,0.9619191074254729,1.3419778863578218,79.17669529511117,79.17669529511117,136.88343420849498,237.8718719530747,32.28590826520892,-43.255429927839714,-76.31383030777008,1.8389424909423562,108.49760696559859,116.55149023971624,200.93344698069538,0.39192006569848575,0.5370568838670823,0.5769231406002681,False
59,59,1.0,1.0,Sports2D_HALPE26_postprocessed,116.82740510908788,168.66944451333643,1.0,142.16504753964085,194.3349223181436,1.0,152.05371283034555,193.7389385978888,1.0,91.14458282414142,198.43930834242457,1.0,119.15455818113142,195.0935497562599,1.0,92.72602151761748,163.31198527085925,1.0,96.68840903939122,174.23074996099194,1.0,136.3085591678739,289.26341354499743,1.0,115.57965926415883,273.55335462022026,1.0,116.76394159289876,366.84019392958095,1.0,61.5346396884281,265.11693897691737,1.0,138.47322052219386,442.4474569073311,1.0,50.80586980469294,340.56428070574515,1.0,103.42302519752656,455.63846847780576,1.0,113.09160287449907,458.0567875882744,1.0,148.33918689152256,451.3854664770951,1.0,18.828798590829745,350.2750052768411,1.0,20.73283849105228,347.3675936741241,1.0,59.47379937982122,356.9279489220016,1.0,1.0,1.0,116.82740510908788,168.66944451333643,False,142.16504753964085,194.3349223181436,False,152.05371283034555,193.7389385978888,False,91.14458282414142,198.43930834242457,False,119.15455818113142,195.0935497562599,False,92.72602151761748,163.31198527085925,False,96.68840903939122,174.23074996099194,False,136.3085591678739,289.26341354499743,False,115.57965926415883,273.55335462022026,False,116.76394159289876,366.84019392958095,False,61.5346396884281,265.11693897691737,False,138.47322052219386,442.4474569073311,False,50.80586980469294,340.56428070574515,False,True,82.82296904986005,149.838765834087,89.22106092358825,51.185288945378,35.162903385746574,86.34819233112458,1.0451950183989294,1.0290391540702266,1.0445156276322978,0.6869728414207138,True,True,True,True,0.1763272398996065,False,0.025957328432106,False,True,82.82296904986005,valid,-0.901982763037779,1.7539436255546264,1.9722806966659117,116.36456110328909,79.17669529511117,136.5267447005048,237.72265727031254,22.811907794192578,-43.80072318288731,-74.41067199945329,1.9797364169291907,116.80444859882256,108.49760696559859,204.32098570553399,0.5759978521785118,0.5781752698581313,0.5370568838670823,False
60,60,1.0169491525423728,1.0169491525423728,Sports2D_HALPE26_postprocessed,116.8949316093356,169.79781404561288,1.0,141.17535939851953,194.09211697843008,1.0,152.87980498260364,193.58420519003283,1.0,90.62671658515096,199.1648955317498,1.0,113.51670560770155,195.12792249332216,1.0,92.98302082893645,163.4405544665946,1.0,94.2320786716127,172.95946775556584,1.0,135.9112829924992,290.6113924615768,1.0,115.35190775972234,278.27699500012847,1.0,118.24895677019757,367.0448345062296,1.0,61.70470091487608,271.6897220709335,1.0,138.49491801043246,442.6378902890749,1.0,51.28510422425279,347.47381312717795,1.0,103.03394064217348,455.6259654635261,1.0,112.4844530679475,457.5747593783221,1.0,148.32689443730504,451.448139518665,1.0,18.093981269302336,359.3470483834226,1.0,19.7682673615618,354.5777208553627,1.0,59.42228130475198,359.576501310135,1.0,1.0,1.0169491525423728,116.8949316093356,169.79781404561288,False,141.17535939851953,194.09211697843008,False,152.87980498260364,193.58420519003283,False,90.62671658515096,199.1648955317498,False,113.51670560770155,195.12792249332216,False,92.98302082893645,163.4405544665946,False,94.2320786716127,172.95946775556584,False,135.9112829924992,290.6113924615768,False,115.35190775972234,278.27699500012847,False,118.24895677019757,367.0448345062296,False,61.70470091487608,271.6897220709335,False,138.49491801043246,442.6378902890749,False,51.28510422425279,347.47381312717795,False,True,80.49565713021273,151.99487905842656,90.82830947167665,50.80254297301011,35.801965228585104,86.60450820159522,1.037379409815415,1.0477412404974722,1.0476161665676131,0.7047278174166524,True,True,True,True,2.3273119196473147,False,0.0177549759959385,False,True,80.49565713021273,valid,0.2569993113189639,0.12856919573533787,0.28736507113853166,16.954539197173414,100.00158192677046,136.3295887833362,239.14117740754205,84.49718395916028,-43.346567954399745,-75.70062294094745,1.3675636742120219,80.6862567785095,116.80444859882256,207.86265979590578,0.08392398913944121,0.39939230779629287,0.5781752698581313,False
61,61,1.0338983050847457,1.0338983050847457,Sports2D_HALPE26_postprocessed,117.25039600956993,168.8839285226618,1.0,141.0758261392408,194.3518276123566,1.0,153.14345819627457,193.35590488827268,1.0,90.66437107215924,200.00872928994207,1.0,115.11834324930588,194.15105776316025,1.0,91.85294782545854,164.70378984283673,1.0,93.64741997604946,173.86456789392545,1.0,136.16298736701964,289.16484746089435,1.0,116.16475719077212,277.0713405587268,1.0,118.7458607309972,366.5714343241162,1.0,61.34246805562605,277.098312238434,1.0,138.58165771131655,442.5963019823554,1.0,50.990332060654,354.1428011253881,1.0,103.2003754837831,455.7670969277235,1.0,112.0197215874075,457.6278800094594,1.0,148.58980193533495,451.658024206264,1.0,19.336481369159376,364.6506290659424,1.0,21.97604813382717,358.9491293241689,1.0,60.2049412989744,366.49410252639456,1.0,1.0,1.0338983050847457,117.25039600956993,168.8839285226618,False,141.0758261392408,194.3518276123566,False,153.14345819627457,193.35590488827268,False,90.66437107215924,200.00872928994207,False,115.11834324930588,194.15105776316025,False,91.85294782545854,164.70378984283673,False,93.64741997604946,173.86456789392545,False,136.16298736701964,289.16484746089435,False,116.16475719077212,277.0713405587268,False,118.7458607309972,366.5714343241162,False,61.34246805562605,277.098312238434,False,138.58165771131655,442.5963019823554,False,50.990332060654,354.1428011253881,False,True,81.66916862781557,152.69601431677074,97.68094064441308,50.7278556472699,35.3249411048661,86.052796752136,1.0358543071460813,1.0337811731117434,1.0409423588671118,0.6963618046560822,True,True,True,True,1.1735114976028314,False,0.0083660127605701,False,True,81.66916862781557,valid,-1.1300730034779036,1.263235376242136,1.694942066555427,100.00158192677046,68.58388382513955,136.63675722332678,238.4859801300626,42.69398842651875,-44.78380939786824,-73.78219028722586,2.3970913236021447,141.42838809252692,88.62670660651972,211.1028886587081,0.4950020509521362,0.7000623472128745,0.438697075527126,False
62,62,1.0508474576271187,1.0508474576271187,Sports2D_HALPE26_postprocessed,117.24923851053438,166.8388837110328,1.0,140.14745224646583,193.81982960262465,1.0,154.9151537307639,193.07273798907104,1.0,90.1255717496628,201.48080705347465,1.0,116.58625657160646,198.71438264169464,1.0,91.665350492702,165.85099121691772,1.0,94.46603643984304,176.02670101723177,1.0,136.1163005775645,288.5274241545525,1.0,116.8933306983585,277.5517260628983,1.0,119.38146033139869,366.0191712685897,1.0,61.09380277703311,283.51152853367824,1.0,138.78411040143257,442.5460105018876,1.0,52.15548570680629,360.6000370186409,1.0,103.36039578620588,455.7107598665938,1.0,111.84189735703129,457.5856018231166,1.0,148.7585834988276,451.4084576972933,1.0,21.01447753327975,371.31465771293387,1.0,23.64728363526743,365.5109613000071,1.0,60.16094285525234,373.1191768376592,1.0,1.0,1.0508474576271187,117.24923851053438,166.8388837110328,False,140.14745224646583,193.81982960262465,False,154.9151537307639,193.07273798907104,False,90.1255717496628,201.48080705347465,False,116.58625657160646,198.71438264169464,False,91.665350492702,165.85099121691772,False,94.46603643984304,176.02670101723177,False,136.1163005775645,288.5274241545525,False,116.8933306983585,277.5517260628983,False,119.38146033139869,366.0191712685897,False,61.09380277703311,283.51152853367824,False,138.78411040143257,442.5460105018876,False,52.15548570680629,360.6000370186409,False,True,78.81810906848963,153.5867477485528,102.710341821378,50.6051292255921,35.663071868874084,86.26820109446618,1.0333482541920684,1.0436765390188982,1.0435480092663807,0.704732354498929,True,True,True,True,2.8510595593259325,False,0.0083705498428467,False,True,78.81810906848963,valid,-0.187597332756539,1.1472013740809928,1.1624387089006825,68.58388382513955,68.58388382513955,137.01805931328818,238.2429294522866,26.678500179306525,-45.35270882058617,-72.39193823536888,1.5021475696020448,88.62670660651972,93.11237374495704,214.53936744630414,0.33948626113302427,0.438697075527126,0.46090086861352986,False
63,63,1.0677966101694916,1.0677966101694916,Sports2D_HALPE26_postprocessed,117.89482817439546,166.3412553687618,1.0,138.99111931016105,193.12323632519983,1.0,155.5170770584577,193.01068841995703,1.0,90.33042148764322,202.6171561495765,1.0,109.9370800574588,202.04593801312188,1.0,91.4985457720056,166.83672242270697,1.0,93.9395334038575,176.4189255260687,1.0,136.06042612675114,287.0904860767588,1.0,117.89201249847407,277.4664149302129,1.0,119.77896340156228,366.1320172729379,1.0,62.26129581218928,288.8432706414576,1.0,138.83496326802356,442.4937182927426,1.0,53.36229469806457,364.3689521218205,1.0,103.47142800335575,455.1231147734551,1.0,111.4645913590016,457.3777760857631,1.0,148.946298147398,451.13935749837134,1.0,23.328226392793685,379.6925523845815,1.0,24.38324849031012,373.95349438222286,1.0,61.79458153243787,376.9493821874813,1.0,1.0,1.0677966101694916,117.89482817439546,166.3412553687618,False,138.99111931016105,193.12323632519983,False,155.5170770584577,193.01068841995703,False,90.33042148764322,202.6171561495765,False,109.9370800574588,202.04593801312188,False,91.4985457720056,166.83672242270697,False,93.9395334038575,176.4189255260687,False,136.06042612675114,287.0904860767588,False,117.89201249847407,277.4664149302129,False,119.77896340156228,366.1320172729379,False,62.26129581218928,288.8432706414576,False,138.83496326802356,442.4937182927426,False,53.36229469806457,364.3689521218205,False,True,77.09015257390995,154.34872919170215,108.27803401753908,49.57820111910157,35.79949653314441,85.37769765224598,1.01237855443511,1.047668994351013,1.0327759857097962,0.7220813931337159,True,True,True,True,1.7279564945796864,False,0.0173490386347868,False,True,77.09015257390995,valid,-0.16680472069640473,0.98573120578925,0.9997448799135379,58.98494791489889,68.58388382513955,137.115158748461,237.67270643803212,34.12743739130715,-45.6166129764554,-70.83598401532515,1.5781758261857084,93.11237374495704,88.62670660651972,216.49492231306394,0.2919720831472532,0.46090086861352986,0.438697075527126,False
64,64,1.0847457627118644,1.0847457627118644,Sports2D_HALPE26_postprocessed,119.11190840355712,165.04280726758432,1.0,138.4354535593927,192.74461008612644,1.0,156.39254176041396,192.89557807478457,1.0,90.32552558863264,203.8536994672993,1.0,107.3744972045911,199.4380843336188,1.0,91.5197177120136,168.5567392231721,1.0,92.02003128167485,175.24563218642518,1.0,136.11585178182733,286.6505661995943,1.0,117.52232245934792,281.8025416896987,1.0,120.34602316740668,366.1320976313001,1.0,63.14287125261945,295.10332885251324,1.0,138.94291328952448,442.6149113065936,1.0,55.43727860301679,370.3300655695997,1.0,103.35427791859608,455.0013469423395,1.0,111.11534236043936,457.2811493296648,1.0,148.79871771208786,451.3816511446937,1.0,24.638193473751187,383.2398357640612,1.0,25.348727683587622,380.731349631456,1.0,64.62785482660192,383.1087817945133,1.0,1.0,1.0847457627118644,119.11190840355712,165.04280726758432,False,138.4354535593927,192.74461008612644,False,156.39254176041396,192.89557807478457,False,90.32552558863264,203.8536994672993,False,107.3744972045911,199.4380843336188,False,91.5197177120136,168.5567392231721,False,92.02003128167485,175.24563218642518,False,136.11585178182733,286.6505661995943,False,117.52232245934792,281.8025416896987,False,120.34602316740668,366.1320976313001,False,63.14287125261945,295.10332885251324,False,138.94291328952448,442.6149113065936,False,55.43727860301679,370.3300655695997,False,True,75.05996360082736,155.11143196047277,109.59275294280098,49.375875042682615,35.31715584957318,84.69303089225579,1.008247089877179,1.0335533383270854,1.0244938768291874,0.7152714927896169,True,True,True,True,2.030188973082588,False,0.006809900344099,False,True,75.05996360082736,valid,0.02117194000800282,1.7200168004651175,1.720147099792911,101.48867888778202,58.98494791489889,137.11654239024546,238.52332401255103,50.186503291514676,-45.596824678231854,-69.96658478937894,0.8696243964048239,51.30783938788475,51.30783938788475,219.47616252817446,0.5023630949624645,0.2539708396365561,0.2539708396365561,False
65,65,1.1016949152542372,1.1016949152542372,Sports2D_HALPE26_postprocessed,119.30509942614736,165.00825725307476,1.0,137.93215571269977,192.2170589528425,1.0,156.97061056617275,193.0330554477277,1.0,89.73885132511072,204.5039351624229,1.0,103.36057611440502,202.1980561915779,1.0,91.41646494770482,168.04933223317516,1.0,91.19726103915602,178.02051757548656,1.0,136.06060196666186,284.6043841412063,1.0,118.9446946996909,280.09041447445964,1.0,119.74529749280047,365.4929559436992,1.0,63.440497877620594,300.28233041294925,1.0,138.77816133763477,442.8479858200711,1.0,57.21378137270339,377.543559235384,1.0,103.2915981721219,454.9798603331915,1.0,111.31618104208324,457.4495027736618,1.0,148.89647161872756,451.71149625927137,1.0,27.3165927591066,392.0325181595687,1.0,28.15508552248661,388.1941481389982,1.0,66.94475736749831,390.1096862036705,1.0,1.0,1.1016949152542372,119.30509942614736,165.00825725307476,False,137.93215571269977,192.2170589528425,False,156.97061056617275,193.0330554477277,False,89.73885132511072,204.5039351624229,False,103.36057611440502,202.1980561915779,False,91.41646494770482,168.04933223317516,False,91.19726103915602,178.02051757548656,False,136.06060196666186,284.6043841412063,False,118.9446946996909,280.09041447445964,False,119.74529749280047,365.4929559436992,False,63.440497877620594,300.28233041294925,False,138.77816133763477,442.8479858200711,False,57.21378137270339,377.543559235384,False,True,73.06229553171663,154.77358503940124,114.59860275522033,49.73491645498525,36.493183777190914,86.22810023217616,1.0155786553185324,1.067969688152432,1.0430629269940983,0.733753796695741,True,True,True,True,1.9976680691107305,False,0.0184823039061241,False,True,73.06229553171663,valid,-0.1032527643087775,-0.5074069899969231,0.5178059354962452,30.55055019427855,101.48867888778202,137.47701573630633,237.48622825405903,64.77943805710221,-46.0605507886015,-69.43689602088386,0.7039972279124369,41.53583644683389,51.30783938788475,223.12071603247966,0.15122345779447857,0.20559998985067313,0.2539708396365561,False
66,66,1.11864406779661,1.11864406779661,Sports2D_HALPE26_postprocessed,119.80553310626,165.04788565770463,1.0,138.03847801636914,192.36980198956448,1.0,157.0890261015486,193.25351311176647,1.0,90.27486272665264,204.3092380157152,1.0,104.10152169342878,202.34077424643823,1.0,91.39216545768878,169.85721320645857,1.0,88.93690921924849,180.43688357302275,1.0,136.1358605205637,286.0379659563987,1.0,119.5819010890308,278.1832887269686,1.0,119.92713700569442,365.4977099163003,1.0,65.48950002395361,305.6827853556878,1.0,138.5872448929479,442.876376884724,1.0,59.847794613073866,382.77447163580376,1.0,103.51788945409234,455.05870088649954,1.0,111.27606759211643,457.5845865258376,1.0,148.69892381920567,451.883495053838,1.0,29.74589601693253,397.4638422470744,1.0,30.66423616257336,393.59290709655625,1.0,69.7481470465797,395.4577805477047,1.0,1.0,1.11864406779661,119.80553310626,165.04788565770463,False,138.03847801636914,192.36980198956448,False,157.0890261015486,193.25351311176647,False,90.27486272665264,204.3092380157152,False,104.10152169342878,202.34077424643823,False,91.39216545768878,169.85721320645857,False,88.93690921924849,180.43688357302275,False,136.1358605205637,286.0379659563987,False,119.5819010890308,278.1832887269686,False,119.92713700569442,365.4977099163003,False,65.48950002395361,305.6827853556878,False,138.5872448929479,442.876376884724,False,59.847794613073866,382.77447163580376,False,True,74.10792339590631,154.91241818641294,121.13341937049636,49.23325175292188,34.47013749392967,83.70338924685154,1.005334746212876,1.0087654235576051,1.012522622579689,0.700139362456065,True,True,True,True,1.045627864189683,False,0.033614434239676,False,True,74.10792339590631,valid,-0.024299490016048253,1.8078809732834031,1.808044269030818,106.67461187281855,106.67461187281855,137.71131643187806,237.46114244617456,13.902747994508168,-46.319150974189284,-67.603929239716,1.8511189256368519,109.21601661257455,109.21601661257455,225.26299234434018,0.5280331635177121,0.5406129700991712,0.5406129700991712,False
67,67,1.1355932203389831,1.1355932203389831,Sports2D_HALPE26_postprocessed,120.48695139719688,164.80581328044374,1.0,137.28986619557176,192.2590680706917,1.0,157.47579814903136,193.1860789673016,1.0,90.90506630008828,206.63213671671,1.0,105.24223867043752,205.46354242697635,1.0,91.38483140594252,172.52797390894025,1.0,89.56488112035275,182.2352127948882,1.0,136.10565638334265,287.08512023178963,1.0,120.36573549295386,279.069533599988,1.0,120.44822825635627,365.6149762987932,1.0,66.78848084839606,311.0561044046564,1.0,138.42013151300864,443.2588056866022,1.0,62.17694039706823,387.071061856516,1.0,103.62489202205762,455.2382789863296,1.0,111.01746669415634,457.6460794033603,1.0,148.39320847888584,452.7743389826008,1.0,32.05542125656246,402.62862701721207,1.0,32.97867178928903,399.68296100845066,1.0,72.8146777931372,399.7371034119105,1.0,1.0,1.1355932203389831,120.48695139719688,164.80581328044374,False,137.28986619557176,192.2590680706917,False,157.47579814903136,193.1860789673016,False,90.90506630008828,206.63213671671,False,105.24223867043752,205.46354242697635,False,91.38483140594252,172.52797390894025,False,89.56488112035275,182.2352127948882,False,136.10565638334265,287.08512023178963,False,120.36573549295386,279.069533599988,False,120.44822825635627,365.6149762987932,False,66.78848084839606,311.0561044046564,False,138.42013151300864,443.2588056866022,False,62.17694039706823,387.071061856516,False,True,71.97760954045808,155.69161458726046,124.3096140511816,48.56062976987838,34.107537222374475,82.66816699225285,0.9915999180927708,0.9981539597483328,1.0,0.7023701583773735,True,True,True,True,2.130313855448236,False,0.0022307959213084,False,True,71.97760954045808,valid,-0.007334051746255454,2.6707607024816866,2.6707707723118976,157.5754755664003,157.5754755664003,137.8092640552249,237.89995021744272,26.526782988374606,-46.42443264928238,-65.37197630850247,2.2344346305638627,131.83164320326654,131.83164320326654,227.37091851203346,0.7799894969886041,0.652559014654326,0.652559014654326,False
68,68,1.152542372881356,1.152542372881356,Sports2D_HALPE26_postprocessed,120.74593556565712,164.09570625405297,1.0,136.96130393746148,192.5312609615136,1.0,157.49436135113712,193.184824503284,1.0,91.2987373103964,209.32836627776152,1.0,109.54598104735445,206.4553499551732,1.0,91.37709700221772,175.60240636375804,1.0,91.62144976718852,183.0797482353016,1.0,136.418516586345,287.2124547709063,1.0,120.10987191776994,280.19088430866265,1.0,120.45875455949816,365.36510098135454,1.0,69.48490336614029,316.8596525232417,1.0,138.28051081244058,443.6210455128021,1.0,66.72566222125351,393.0537509516983,1.0,103.42419801640472,454.6908280230068,1.0,110.9172889027454,457.3913788637015,1.0,148.36093996703977,453.4082932382676,1.0,36.22831626327108,407.50011704050297,1.0,37.10136904552572,404.2814766958522,1.0,75.84634017118407,405.82557440725526,1.0,1.0,1.152542372881356,120.74593556565712,164.09570625405297,False,136.96130393746148,192.5312609615136,False,157.49436135113712,193.184824503284,False,91.2987373103964,209.32836627776152,False,109.54598104735445,206.4553499551732,False,91.37709700221772,175.60240636375804,False,91.62144976718852,183.0797482353016,False,136.418516586345,287.2124547709063,False,120.10987191776994,280.19088430866265,False,120.45875455949816,365.36510098135454,False,69.48490336614029,316.8596525232417,False,138.28051081244058,443.6210455128021,False,66.72566222125351,393.0537509516983,False,True,69.67068849422375,155.62862531341793,127.99059736841828,48.65401050248871,33.72605094525999,82.3800614477487,0.9935067369962044,0.9869897987123468,0.99651491553537,0.693181314283123,True,True,True,True,2.306921046234322,False,0.0091888440942504,False,True,69.67068849422375,valid,-0.0077344037247968345,3.0744324548177815,3.074442183590036,181.3920888318126,157.5754755664003,137.74601344817836,238.27985613609164,22.722978641164296,-46.368916445960636,-62.6774497723336,2.6950983846511885,159.01080469442053,131.83164320326654,229.87223119114105,0.8978803561726721,0.7870942932175441,0.652559014654326,False
69,69,1.1694915254237288,1.1694915254237288,Sports2D_HALPE26_postprocessed,121.14149178312285,164.52426698361722,1.0,137.7141621471544,192.0477048025052,1.0,157.43830177938548,192.2535440465604,1.0,91.86463161258568,210.3910862564712,1.0,107.97217421509048,211.1004139044252,1.0,91.09244628482423,174.48336770598863,1.0,91.63653227369728,184.89884322634413,1.0,136.45834377601858,285.98662769510105,1.0,121.22667756364716,280.02948652784494,1.0,119.81936369672934,365.1695348176187,1.0,71.44378835884217,320.8068016759564,1.0,138.07536359919342,442.9452023526081,1.0,67.9125665303745,399.7098787771335,1.0,103.22813414536358,454.4139219024507,1.0,110.71915815731096,457.2462997517224,1.0,148.4785706159843,452.4042501756551,1.0,35.94444550250902,413.41373239614086,1.0,37.72407335607767,409.528346406516,1.0,78.5180185264573,411.4660278765268,1.0,1.0,1.1694915254237288,121.14149178312285,164.52426698361722,False,137.7141621471544,192.0477048025052,False,157.43830177938548,192.2535440465604,False,91.86463161258568,210.3910862564712,False,107.97217421509048,211.1004139044252,False,91.09244628482423,174.48336770598863,False,91.63653227369728,184.89884322634413,False,136.45834377601858,285.98662769510105,False,121.22667756364716,280.02948652784494,False,119.81936369672934,365.1695348176187,False,71.44378835884217,320.8068016759564,False,138.07536359919342,442.9452023526081,False,67.9125665303745,399.7098787771335,False,True,69.42668518165006,154.92320329514604,131.8835097939246,49.38278134538449,35.91602040428589,85.29880174967037,1.0083881154204215,1.0510790547909314,1.031821617112474,0.7272984515207495,True,True,True,True,0.244003312573696,False,0.0341171372376264,False,True,69.42668518165006,valid,-0.28465071739348957,-1.1190386577694085,1.1546746504946697,68.1258043791857,68.1258043791857,138.20937131655143,237.5793407680029,49.55375878058005,-47.11692503172719,-63.09597306201428,0.8571339384166394,50.57090236658186,50.57090236658186,233.47299075782482,0.33721879435022656,0.25032304397233734,0.25032304397233734,False
70,70,1.1864406779661016,1.1864406779661016,Sports2D_HALPE26_postprocessed,120.36622321798222,164.49528711450483,1.0,137.54562781982747,191.86632821040368,1.0,157.2274578456858,191.93461491717648,1.0,92.44830595356372,211.33311442975125,1.0,103.2448519649873,212.3832735408376,1.0,90.72122724640651,174.30020749261462,1.0,89.70149021169304,185.00130970540656,1.0,136.2185252793305,285.63653028191425,1.0,121.81385828368236,281.2419418597325,1.0,119.90612336327968,364.680200327795,1.0,73.90548416159201,327.6085246658505,1.0,137.90987001842453,442.25966917748576,1.0,70.26405338061711,404.7674538895027,1.0,103.2650217458567,454.3458106779407,1.0,110.52141922528128,457.1462870664421,1.0,148.52226218699258,452.19718005014136,1.0,38.92261047222029,418.4890083620855,1.0,39.936825498068096,414.5875405658948,1.0,80.07342779906891,417.4356930460757,1.0,1.0,1.1864406779661016,120.36622321798222,164.49528711450483,False,137.54562781982747,191.86632821040368,False,157.2274578456858,191.93461491717648,False,92.44830595356372,211.33311442975125,False,103.2448519649873,212.3832735408376,False,90.72122724640651,174.30020749261462,False,89.70149021169304,185.00130970540656,False,136.2185252793305,285.63653028191425,False,121.81385828368236,281.2419418597325,False,119.90612336327968,364.680200327795,False,73.90548416159201,327.6085246658505,False,137.90987001842453,442.25966917748576,False,70.26405338061711,404.7674538895027,False,True,69.32212263524049,155.27418125895468,136.76506344527698,49.119489056984,37.07315736588048,86.19264642286448,1.0030117310355895,1.0849425622220432,1.0426340580521392,0.7547545399519843,True,True,True,True,0.1045625464095678,False,0.0274560884312348,False,True,69.32212263524049,valid,-0.3712190384177205,-0.18316021337400912,0.4139459363817812,24.422810246525156,55.25817300617225,138.20136730713153,237.66985381730672,5.361109033099013,-47.48014006072502,-63.3696463246921,0.4547771014404916,26.831848984989076,46.85294848024295,235.6257141562184,0.12089149920545884,0.1328161017306071,0.2319193871138797,False
71,71,1.2033898305084745,1.2033898305084745,Sports2D_HALPE26_postprocessed,120.55867745183684,164.48580825207048,1.0,137.0181876184914,191.7886420791771,1.0,157.27608150082327,191.8966314936024,1.0,92.92922594848608,213.1166998331757,1.0,106.07491796695844,215.62781108744176,1.0,90.4043036152309,175.1815360445297,1.0,92.5625222112053,185.8206253379924,1.0,135.85937656638788,285.56101689687506,1.0,121.73750644045695,281.80168546267146,1.0,119.7562653617221,364.2056095908885,1.0,76.48078021671147,333.45147068784354,1.0,138.02699216913524,442.1575290866955,1.0,72.67579138045986,409.8260595304691,1.0,103.16194157861216,454.26893522522187,1.0,110.706352599614,456.9738319325975,1.0,148.63921339977423,452.3829764436349,1.0,40.506248912770175,423.62403278218346,1.0,41.56324083123744,419.7109469998399,1.0,81.59356772808596,422.4381887458137,1.0,1.0,1.2033898305084745,120.55867745183684,164.48580825207048,False,137.0181876184914,191.7886420791771,False,157.27608150082327,191.8966314936024,False,92.92922594848608,213.1166998331757,False,106.07491796695844,215.62781108744176,False,90.4043036152309,175.1815360445297,False,92.5625222112053,185.8206253379924,False,135.85937656638788,285.56101689687506,False,121.73750644045695,281.80168546267146,False,119.7562653617221,364.2056095908885,False,76.48078021671147,333.45147068784354,False,138.02699216913524,442.1575290866955,False,72.67579138045986,409.8260595304691,False,True,67.99252747280397,155.2370493481666,141.62653660015454,48.97675559586504,38.01909894329912,86.99585453916416,1.0000971376906231,1.112625456036247,1.0523501089278642,0.7762682211336384,True,True,True,True,1.3295951624365188,False,0.021513681181654,False,True,67.99252747280397,valid,-0.3169236311756123,0.8813285519150895,0.9365792034944425,55.25817300617225,55.25817300617225,137.9727880315399,237.7619939830815,14.540632937197804,-47.56848441630899,-62.5804579385518,0.7941177708515733,46.85294848024295,46.85294848024295,237.85018831880433,0.27352476273778675,0.2319193871138797,0.2319193871138797,False
72,72,1.2203389830508475,1.2203389830508475,Sports2D_HALPE26_postprocessed,120.98203709691138,165.4075354641223,1.0,135.33229300946164,192.1270170456057,1.0,158.42606695833433,192.8443797662016,1.0,92.64910039153696,214.63601215657795,1.0,119.96748228743228,210.72896471687736,1.0,90.517890452826,181.34308853708555,1.0,92.43652977416892,187.9735507795412,1.0,134.9743141522349,285.6810065956776,1.0,124.04743538913937,284.53515674438626,1.0,120.05697916126172,364.91385074457054,1.0,80.97330154171595,336.96122233457555,1.0,138.0998803922191,442.3896602964995,1.0,74.65025123326288,414.9247490058072,1.0,103.32402113964584,454.0453535684399,1.0,110.83188866055984,456.695007899804,1.0,148.75089447428743,452.9624210059748,1.0,42.45257807567927,429.0068125083557,1.0,44.73991124806701,424.94496620854585,1.0,83.36738049991024,426.1757788651742,1.0,1.0,1.2203389830508475,120.98203709691138,165.4075354641223,False,135.33229300946164,192.1270170456057,False,158.42606695833433,192.8443797662016,False,92.64910039153696,214.63601215657795,False,119.96748228743228,210.72896471687736,False,90.517890452826,181.34308853708555,False,92.43652977416892,187.9735507795412,False,134.9743141522349,285.6810065956776,False,124.04743538913937,284.53515674438626,False,120.05697916126172,364.91385074457054,False,80.97330154171595,336.96122233457555,False,138.0998803922191,442.3896602964995,False,74.65025123326288,414.9247490058072,False,True,65.85779172575995,156.22799267212395,145.22959428410184,48.25463493763716,33.361067413022255,81.6157023506594,0.9853515549223364,0.9763085889970043,0.9872688039436984,0.6913546741393256,True,True,True,True,2.1347357470440187,False,0.0849135469943127,False,True,65.85779172575995,valid,0.11358683759509347,6.161552492555842,6.162599377551324,363.5933632755243,123.95904884014762,138.19502737729255,238.79689003796778,62.45088466960133,-47.67713692446655,-57.453801500882236,5.1278076794501315,302.5406530875546,154.48451072865274,239.61962279191613,1.7997661343574114,1.497558747464653,0.7646893996838794,False
73,73,1.2372881355932204,1.2372881355932204,Sports2D_HALPE26_postprocessed,120.43455447474967,165.8262334473733,1.0,135.67059183409884,192.2121277045441,1.0,157.88038302904704,192.5798417250728,1.0,93.76626757886716,217.29465011924785,1.0,114.41964481372332,216.1074575612184,1.0,90.1240180051301,183.4068397268753,1.0,93.50184903665055,189.273226026294,1.0,135.23138519627477,285.3537285248524,1.0,123.93441581524188,282.9330774084896,1.0,119.30973569966211,364.8032589141288,1.0,85.28004328325258,342.7312409903689,1.0,138.1915987506639,442.2056477764578,1.0,75.52520223910744,420.2844566374631,1.0,103.42837248986618,453.854953306321,1.0,110.98566976841764,456.6980355692881,1.0,148.892858149345,452.92536270014375,1.0,42.654393504242485,435.4684140599024,1.0,44.62573981136799,430.9790235351378,1.0,83.31621755646015,431.91815071447263,1.0,1.0,1.2372881355932204,120.43455447474967,165.8262334473733,False,135.67059183409884,192.2121277045441,False,157.88038302904704,192.5798417250728,False,93.76626757886716,217.29465011924785,False,114.41964481372332,216.1074575612184,False,90.1240180051301,183.4068397268753,False,93.50184903665055,189.273226026294,False,135.23138519627477,285.3537285248524,False,123.93441581524188,282.9330774084896,False,119.30973569966211,364.8032589141288,False,85.28004328325258,342.7312409903689,False,138.1915987506639,442.2056477764578,False,75.52520223910744,420.2844566374631,False,True,65.23125622355032,154.95883879695998,154.2899642641327,48.83754008927677,34.08298219268351,82.92052228196027,0.9972543803873436,0.997435359048494,1.0030526295536597,0.6978849084204201,True,True,True,True,0.6265355022096344,False,0.0065302342810944,False,True,65.23125622355032,valid,-0.39387244769589813,2.063751189789741,2.1010008277991066,123.95904884014762,123.95904884014762,138.17919396866563,238.26969384073973,31.118600565976983,-48.05517596353553,-54.862854113864444,2.618381537773768,154.48451072865274,154.48451072865274,242.16162138411124,0.6135901275530022,0.7646893996838794,0.7646893996838794,False
74,74,1.2542372881355932,1.2542372881355932,Sports2D_HALPE26_postprocessed,120.5679607686508,165.2982009116532,1.0,136.54418050326282,192.1733028608618,1.0,157.21334347294024,192.35671991769905,1.0,95.2003531889372,219.18194669496904,1.0,108.52197300438613,218.2998784242849,1.0,89.63674496985088,183.498219568885,1.0,92.57983831864831,191.0698934387821,1.0,135.11214743542567,285.79377111230286,1.0,122.91318394068014,283.9571807599797,1.0,119.09058500991848,365.0144814273133,1.0,89.73942006870413,349.4910135371913,1.0,138.1256615300689,442.1794717180603,1.0,75.33470071685159,424.7281778716824,1.0,103.3944457665987,453.89765388774345,1.0,110.85831630874094,456.84544992263545,1.0,148.8365626540234,453.0588101859678,1.0,42.30910133543468,437.421973915199,1.0,44.31345369616121,432.681105222382,1.0,83.04679386114503,437.2494391727922,1.0,1.0,1.2542372881355932,120.5679607686508,165.2982009116532,False,136.54418050326282,192.1733028608618,False,157.21334347294024,192.35671991769905,False,95.2003531889372,219.18194669496904,False,108.52197300438613,218.2998784242849,False,89.63674496985088,183.498219568885,False,92.57983831864831,191.0698934387821,False,135.11214743542567,285.79377111230286,False,122.91318394068014,283.9571807599797,False,119.09058500991848,365.0144814273133,False,89.73942006870413,349.4910135371913,False,138.1256615300689,442.1794717180603,False,75.33470071685159,424.7281778716824,False,True,65.70654655939968,154.70965487612503,163.98963732503628,49.38399435803504,36.11484622733858,85.49884058537361,1.0084128849353686,1.0568976743320126,1.0342413978210747,0.7313067056808965,True,True,True,True,0.4752903358493654,False,0.0334217972604764,False,True,65.70654655939968,valid,-0.48727303527921606,0.09137984200970095,0.49576737129014253,29.250274906118488,123.95904884014762,137.9457138380772,238.57024366271082,22.45437738754013,-48.30896886822633,-55.07202409382583,0.32888131444099955,19.403997552019025,154.48451072865274,244.50757096139498,0.1447871702674179,0.09604866642962955,0.7646893996838794,False
75,75,1.271186440677966,1.271186440677966,Sports2D_HALPE26_postprocessed,120.557949544063,165.68943171979302,1.0,135.4062135244981,192.1604970535744,1.0,157.5021249535237,192.28761068827325,1.0,96.15232497021046,220.2376541684836,1.0,107.74794439925374,221.74287944079668,1.0,88.99080626968748,186.1128849829888,1.0,91.33202559830865,193.0372726769044,1.0,134.74454300735653,285.4445754460075,1.0,123.54850840520558,284.2773662929124,1.0,119.11876993748292,365.0044001761797,1.0,94.57134599061584,352.2628248272277,1.0,138.05720512136585,442.2583482865796,1.0,77.13808697999461,426.4595282590086,1.0,103.50953616738975,453.9933112895541,1.0,110.55772767707975,457.0104432505158,1.0,148.81167932395272,453.4589456839952,1.0,43.162704101958845,439.2445188327171,1.0,45.96748589156709,434.4977287359154,1.0,84.06525096669947,439.0022321001538,1.0,1.0,1.271186440677966,120.557949544063,165.68943171979302,False,135.4062135244981,192.1604970535744,False,157.5021249535237,192.28761068827325,False,96.15232497021046,220.2376541684836,False,107.74794439925374,221.74287944079668,False,88.99080626968748,186.1128849829888,False,91.33202559830865,193.0372726769044,False,134.74454300735653,285.4445754460075,False,123.54850840520558,284.2773662929124,False,119.11876993748292,365.0044001761797,False,94.57134599061584,352.2628248272277,False,138.05720512136585,442.2583482865796,False,77.13808697999461,426.4595282590086,False,True,66.27721789688749,155.1142315915787,170.1374223094385,48.26172933378714,34.868140501914304,83.12986983570144,0.9854964213022532,1.0204129452130533,1.005585013678746,0.7224801303898525,True,True,True,True,0.5706713374878092,False,0.008826575291044,False,True,66.27721789688749,valid,-0.6459387001633985,2.614665414103797,2.693271622410068,158.90302572219446,152.75900867301803,137.80034747264597,238.5425123701919,8.731283356484557,-48.809541202958485,-52.42962738720311,2.689392685620639,158.67416845161813,90.62527445129321,245.23281109711309,0.7865607935341042,0.7854279632715435,0.4485898708516471,False
76,76,1.2881355932203389,1.2881355932203389,Sports2D_HALPE26_postprocessed,120.05295148163871,165.97318442496456,1.0,134.475657417554,193.08949720943457,1.0,158.13741186754308,193.3807592870711,1.0,95.45837002097224,223.71710167794063,1.0,118.48212560979304,218.94117852828185,1.0,89.70869273174256,188.60050692148465,1.0,91.79668913852414,201.02771567226807,1.0,132.70494580631456,286.5510512346535,1.0,125.55430867736536,285.8546245851336,1.0,119.11539224958388,365.3931187164659,1.0,97.9589632465454,354.83165336240086,1.0,137.89008020186162,442.4679231504155,1.0,79.19071144149268,428.14847498967873,1.0,104.28939693893491,454.1092149892622,1.0,111.09760872738087,457.071548997813,1.0,148.80475440187945,453.493087265862,1.0,44.52748258842711,439.2345612188749,1.0,47.01334796101212,435.2306179856759,1.0,86.1768257760678,440.4710952461665,1.0,1.0,1.2881355932203389,120.05295148163871,165.97318442496456,False,134.475657417554,193.08949720943457,False,158.13741186754308,193.3807592870711,False,95.45837002097224,223.71710167794063,False,118.48212560979304,218.94117852828185,False,89.70869273174256,188.60050692148465,False,91.79668913852414,201.02771567226807,False,132.70494580631456,286.5510512346535,False,125.55430867736536,285.8546245851336,False,119.11539224958388,365.3931187164659,False,97.9589632465454,354.83165336240086,False,137.89008020186162,442.4679231504155,False,79.19071144149268,428.14847498967873,False,True,61.16755688651493,156.5302608613894,172.5540537628897,49.60240791803066,35.58418210693391,85.18659002496457,1.0128728532106637,1.0413678373454005,1.0304642418519785,0.7173881994950275,True,True,True,True,5.109661010372562,False,0.0050919308948249,False,True,61.16755688651493,valid,0.7178864620550769,2.487621938495863,2.589135740220638,152.75900867301803,158.90302572219446,137.71808094219426,239.7189830790732,69.5812669976772,-48.009388210451704,-51.11847615758856,1.5360216008693723,90.62527445129321,158.67416845161813,245.00133236072566,0.7561482642337746,0.4485898708516471,0.7854279632715435,False
77,77,1.305084745762712,1.305084745762712,Sports2D_HALPE26_postprocessed,120.518978225071,165.8244010185727,1.0,133.45542016675844,192.9744593599106,1.0,158.37384143252888,193.11519730919005,1.0,96.55034791652112,225.5520842617743,1.0,118.11703144274644,229.0170685416259,1.0,88.35920851754251,193.4689442154598,1.0,94.26356839609278,201.4614360544544,1.0,133.1907978506655,285.9638199708545,1.0,130.39441125183666,284.73351603363506,1.0,119.00791328886994,364.4252759500672,1.0,102.15956764321248,356.2297452972019,1.0,138.00029944201742,441.909311388098,1.0,80.46570820778636,429.2473284189831,1.0,104.55830652270816,454.1816409733159,1.0,111.32471056400232,457.1261122391052,1.0,148.80296978520704,453.3941569001346,1.0,43.8592230818268,439.73438086849103,1.0,46.71516812911278,435.864262511594,1.0,86.22579924354062,442.80526499691575,1.0,1.0,1.305084745762712,120.518978225071,165.8244010185727,False,133.45542016675844,192.9744593599106,False,158.37384143252888,193.11519730919005,False,96.55034791652112,225.5520842617743,False,118.11703144274644,229.0170685416259,False,88.35920851754251,193.4689442154598,False,94.26356839609278,201.4614360544544,False,133.1907978506655,285.9638199708545,False,130.39441125183666,284.73351603363506,False,119.00791328886994,364.4252759500672,False,102.15956764321248,356.2297452972019,False,138.00029944201742,441.909311388098,False,80.46570820778636,429.2473284189831,False,True,62.88604752714054,155.98128057415124,174.99718168577513,49.2268829202273,33.11227325154419,82.33915617177149,1.0052046957170684,0.9690276505984768,0.9960201026289576,0.6726461495683769,True,True,True,True,1.7184906406256104,False,0.0447420499266506,False,True,62.88604752714054,valid,-1.3494842142000465,4.868437293975148,5.052008445137754,298.06849826312435,152.75900867301803,138.85361767544737,239.19674816839756,73.74228179422472,-50.494409157904855,-45.72780395293776,5.935880383504679,350.2169426267724,114.30218930406926,245.29173710127202,1.475421839551641,1.7335536252355115,0.565789230967027,False
78,78,1.3220338983050848,1.3220338983050848,Sports2D_HALPE26_postprocessed,120.49343770317203,165.75379137767138,1.0,132.22129118421535,192.9326908085613,1.0,158.30448491670003,193.0422548734216,1.0,97.1792800332855,228.57057723372,1.0,119.49200846958536,231.61854426285336,1.0,87.78475387171345,194.81203076724296,1.0,100.0289500009205,204.4956951772927,1.0,133.03877109819427,285.8942944642729,1.0,135.06214139824596,284.8411388776299,1.0,118.79914562385568,364.3674202405663,1.0,105.09805944601705,358.4056153529488,1.0,137.97724395367675,441.2057975517836,1.0,81.7682417077942,430.24236383321,1.0,105.14165721420898,454.2468393342105,1.0,111.78055636623208,457.2054993305531,1.0,148.75837231616362,453.45201458887936,1.0,44.86959306293131,439.8268350078126,1.0,47.849267255232725,435.8863719016748,1.0,86.68802134917631,444.6259551730211,1.0,1.0,1.3220338983050848,120.49343770317203,165.75379137767138,False,132.22129118421535,192.9326908085613,False,158.30448491670003,193.0422548734216,False,97.1792800332855,228.57057723372,False,119.49200846958536,231.61854426285336,False,87.78475387171345,194.81203076724296,False,100.0289500009205,204.4956951772927,False,133.03877109819427,285.8942944642729,False,135.06214139824596,284.8411388776299,False,118.79914562385568,364.3674202405663,False,105.09805944601705,358.4056153529488,False,137.97724395367675,441.2057975517836,False,81.7682417077942,430.24236383321,False,True,60.0681057158749,155.70095932955883,175.82989009908536,49.98001094792201,35.04135530098331,85.02136624890532,1.0205834437710872,1.025482060477826,1.0284656034150728,0.7011073954644703,True,True,True,True,2.8179418112656407,False,0.0284612458960934,False,True,60.0681057158749,valid,-0.5744546458290642,1.3430865517831592,1.4607804851158754,86.18604862183687,298.06849826312435,139.6566721493389,239.17759475597143,47.39368830206273,-51.871918277625454,-44.36556398872847,1.9373252424418468,114.30218930406926,350.2169426267724,245.302921242142,0.4266159595606265,0.565789230967027,1.7335536252355115,False
79,79,1.3389830508474576,1.3389830508474576,Sports2D_HALPE26_postprocessed,120.55639425548893,166.05220319655822,1.0,131.59146068376452,193.23958148515285,1.0,158.43706185388504,193.30455953209056,1.0,98.49672253147048,231.1359756667236,1.0,139.23253324527877,235.2495712500276,1.0,88.69060180771483,201.8912714197071,1.0,108.07244435969498,216.0523247013029,1.0,132.55471584198668,286.13482032563246,1.0,138.86884701719134,285.2927993281708,1.0,118.95511482910324,364.5235699068797,1.0,105.74463387339932,358.5735712345278,1.0,138.02335092701094,441.134751265864,1.0,82.56942683927446,431.35608516616895,1.0,106.08926925830752,454.2761903335785,1.0,112.23033056926224,457.2777138221038,1.0,148.8171580661807,453.6472741189195,1.0,45.662507434519526,439.8749597284533,1.0,49.41986178711749,435.1725167426813,1.0,87.52624086129792,444.74128023533626,1.0,1.0,1.3389830508474576,120.55639425548893,166.05220319655822,False,131.59146068376452,193.23958148515285,False,158.43706185388504,193.30455953209056,False,98.49672253147048,231.1359756667236,False,139.23253324527877,235.2495712500276,False,88.69060180771483,201.8912714197071,False,108.07244435969498,216.0523247013029,False,132.55471584198668,286.13482032563246,False,138.86884701719134,285.2927993281708,False,118.95511482910324,364.5235699068797,False,105.74463387339932,358.5735712345278,False,138.02335092701094,441.134751265864,False,82.56942683927446,431.35608516616895,False,True,59.66751212583559,156.18105848991576,173.33855675241995,50.313004137438426,30.84497901027548,81.1579831477139,1.0273831088704626,0.9026754918342152,0.981731978590012,0.6130617628400251,True,True,True,True,0.4005935900393069,False,0.0880456326244452,False,True,59.66751212583559,valid,0.9058479360013791,7.0792406524641365,7.136960746610479,421.0806840500194,86.18604862183687,140.3630213492069,239.49294016776167,45.63915705425161,-51.67241954149206,-37.60166874805458,6.766836673995443,399.2433637657322,114.30218930406926,245.44119124370107,2.0843250497149355,1.976231576394319,0.565789230967027,False
80,80,1.3559322033898304,1.3559322033898304,Sports2D_HALPE26_postprocessed,118.59134173661658,166.40877281770508,1.0,131.16487617804572,194.22893309520043,1.0,157.83422605707804,194.2018794041072,1.0,99.3170909570146,232.97623883452903,1.0,131.20951030429524,225.5689558854272,1.0,88.87868352822525,201.93490896976056,1.0,104.02505657806498,206.6151338362729,1.0,131.61580658111765,287.3304354460615,1.0,143.54179330760644,286.14123463483213,1.0,119.43842676535218,364.7274199668714,1.0,106.55034659568184,356.6079863456689,1.0,137.88190920674617,441.2410951414042,1.0,84.34589870525767,432.1446192608106,1.0,106.16589571218348,454.2154657432956,1.0,112.4480911688624,457.2643846530922,1.0,148.81546721033538,454.19411263475297,1.0,48.12003375341996,438.0415392695334,1.0,51.339136441126,434.7468936995122,1.0,89.76491409736464,443.5399971915007,1.0,1.0,1.3559322033898304,118.59134173661658,166.40877281770508,False,131.16487617804572,194.22893309520043,False,157.83422605707804,194.2018794041072,False,99.3170909570146,232.97623883452903,False,131.20951030429524,225.5689558854272,False,88.87868352822525,201.93490896976056,False,104.02505657806498,206.6151338362729,False,131.61580658111765,287.3304354460615,False,143.54179330760644,286.14123463483213,False,119.43842676535218,364.7274199668714,False,106.55034659568184,356.6079863456689,False,137.88190920674617,441.2410951414042,False,84.34589870525767,432.1446192608106,False,True,58.004477565873856,157.50607064338217,168.68383724007342,50.15610755971734,32.74941998605123,82.90552754576856,1.024179307059108,0.9584087829447364,1.0028712449078248,0.6529497917488674,True,True,True,True,1.663034559961737,False,0.0398880289088422,False,True,58.004477565873856,valid,0.18808172051042504,0.04363755005346093,0.19307762523096753,11.391579888627115,162.1274819275511,141.03917553096198,240.4756206450503,70.37701919135854,-52.16049200273673,-38.54071167528974,1.0583082474476966,62.44018659941427,178.2362180373307,244.7650213088274,0.05638766207303372,0.3090753149402936,0.8822589781333484,False
81,81,1.3728813559322033,1.3728813559322033,Sports2D_HALPE26_postprocessed,118.10024776474174,166.89850666341488,1.0,130.34944529178478,194.1888558770457,1.0,157.56081601690153,193.67412432192933,1.0,101.37133869181687,235.4525244919911,1.0,145.44513959693958,234.14357772310228,1.0,89.00353485533817,204.67999462999904,1.0,106.59418102289963,214.0857437782708,1.0,133.20719407095015,287.3632056904631,1.0,142.5672193152024,285.6119385798199,1.0,119.27774854070388,364.4834668753426,1.0,106.95045914342946,356.4956480659764,1.0,138.01647952151987,441.1969666419839,1.0,85.2983964439353,430.6951966416,1.0,106.72430611134374,454.31696653187646,1.0,112.89095938682672,457.3562985640365,1.0,148.88809895919195,453.86794235403886,1.0,48.73250225685587,439.18006868528255,1.0,51.64281573529208,435.3003723074615,1.0,90.2600516889432,444.0126707665233,1.0,1.0,1.3728813559322033,118.10024776474174,166.89850666341488,False,130.34944529178478,194.1888558770457,False,157.56081601690153,193.67412432192933,False,101.37133869181687,235.4525244919911,False,145.44513959693958,234.14357772310228,False,89.00353485533817,204.67999462999904,False,106.59418102289963,214.0857437782708,False,133.20719407095015,287.3632056904631,False,142.5672193152024,285.6119385798199,False,119.27774854070388,364.4834668753426,False,106.95045914342946,356.4956480659764,False,138.01647952151987,441.1969666419839,False,85.2983964439353,430.6951966416,False,True,56.97480983081721,156.03484973913447,169.5896551162873,50.42242566242855,33.164908651235734,83.58733431366429,1.0296174780648486,0.9705680207601368,1.0111187577377587,0.6577412374658529,True,True,True,True,1.0296677350566483,False,0.0047914457169855,False,True,56.97480983081721,valid,0.12485132711292124,2.7450856602384874,2.7479234225008584,162.1274819275511,162.1274819275511,140.9211686737097,240.2095311173145,17.173891146295997,-51.91763381837153,-35.529536487315454,3.0209528480903427,178.2362180373307,178.2362180373307,244.1602004244315,0.8025216653933682,0.8822589781333484,0.8822589781333484,False
82,82,1.3898305084745763,1.3898305084745763,Sports2D_HALPE26_postprocessed,118.2206549349591,166.63521710365802,1.0,129.1881891466529,194.34092623578528,1.0,157.2253799239919,193.0712323526541,1.0,102.9430359236812,237.9139052571617,1.0,147.74821533779956,236.93786707028303,1.0,89.18303287119375,208.7922153362696,1.0,111.11870552010988,219.47776282193223,1.0,135.14785559101648,287.3843746898484,1.0,144.12902955442215,285.49620547209804,1.0,119.31739823092666,364.087207419813,1.0,105.57366199664108,355.8309206606904,1.0,138.31484866948836,441.2048987666431,1.0,85.65584896605881,431.3714238514993,1.0,107.03709190739744,454.3485179843684,1.0,113.3484029542194,457.3660677489148,1.0,148.99796971318094,453.7720595882086,1.0,49.72318963097777,439.2069030912348,1.0,52.6239550993342,434.464686358919,1.0,90.712213947218,443.9788748917965,1.0,1.0,1.3898305084745763,118.2206549349591,166.63521710365802,False,129.1881891466529,194.34092623578528,False,157.2253799239919,193.0712323526541,False,102.9430359236812,237.9139052571617,False,147.74821533779956,236.93786707028303,False,89.18303287119375,208.7922153362696,False,111.11870552010988,219.47776282193223,False,135.14785559101648,287.3843746898484,False,144.12902955442215,285.49620547209804,False,119.31739823092666,364.087207419813,False,105.57366199664108,355.8309206606904,False,138.31484866948836,441.2048987666431,False,85.65584896605881,431.3714238514993,False,True,56.35240488305648,154.49973567401796,166.04081171441376,50.86661546136691,32.20885759931656,83.07547306068346,1.038687759285092,0.9425892740985724,1.0049270001168502,0.6332022940228669,True,True,True,True,0.6224049477607281,False,0.024538943442986,False,True,56.35240488305648,valid,0.17949801585557168,4.112220706270563,4.116136377086703,242.85204624811294,220.22799095273461,141.42261355402087,240.07318468759647,30.659417804063132,-52.239580682827125,-31.28096935132686,4.260747879484906,251.3841248896068,178.2362180373307,244.5830013777024,1.2021035933088382,1.2443368894732638,0.8822589781333484,False
83,83,1.4067796610169492,1.4067796610169492,Sports2D_HALPE26_postprocessed,116.92607447130308,166.87710284145942,1.0,128.44954034884623,194.93089246380856,1.0,155.88169307620177,193.10690661913853,1.0,105.13888310623476,240.42230173311205,1.0,149.9079563309088,239.56952483157824,1.0,88.32887390037868,212.4258493445915,1.0,115.18989922280406,227.8509656692068,1.0,136.71467989247282,288.4806859876847,1.0,143.72815921314034,286.66086759092525,1.0,119.220235944734,364.1358092690924,1.0,104.37808243954991,354.1473351807599,1.0,138.1608102629434,441.2343407259154,1.0,85.86665007686184,429.86402756254046,1.0,107.38842663897682,454.04033065424426,1.0,113.23709597551002,457.0701580005298,1.0,149.4118212925422,453.5402313952589,1.0,50.37575092883698,438.4503680743061,1.0,53.23139797607289,434.5734889996372,1.0,91.03170466819071,442.3386138697506,1.0,1.0,1.4067796610169492,116.92607447130308,166.87710284145942,False,128.44954034884623,194.93089246380856,False,155.88169307620177,193.10690661913853,False,105.13888310623476,240.42230173311205,False,149.9079563309088,239.56952483157824,False,88.32887390037868,212.4258493445915,False,115.18989922280406,227.8509656692068,False,136.71467989247282,288.4806859876847,False,143.72815921314034,286.66086759092525,False,119.220235944734,364.1358092690924,False,104.37808243954991,354.1473351807599,False,138.1608102629434,441.2343407259154,False,85.86665007686184,429.86402756254046,False,True,58.11347679918684,153.1774562300256,163.49269563202995,51.11609392735116,32.65543991196051,83.77153383931167,1.0437820677322476,0.9556584646652462,1.0133469373666193,0.6388484996207282,True,True,True,True,1.761071916130362,False,0.0056462055978613,False,True,58.11347679918684,valid,-0.8541589708150639,3.6336340083219056,3.7326778127582037,220.22799095273461,242.85204624811294,141.1935181326653,240.79483816538928,44.67155122345865,-52.86464423228662,-28.368988820797767,2.97831077140103,175.72033551266125,251.3841248896068,243.40504235197477,1.0901158271526226,0.8698055050415129,1.2443368894732638,False
84,84,1.423728813559322,1.423728813559322,Sports2D_HALPE26_postprocessed,112.98204567866432,166.8718521152633,1.0,126.82674013706864,196.5482191822348,1.0,154.0661780314444,193.0746994403542,1.0,104.7668385241697,242.11432886142,1.0,150.7112327028952,243.633279091438,1.0,87.90008147019229,218.2488964843373,1.0,118.86514518437728,289.645814183333,1.0,135.65374204612283,290.0486080569167,1.0,144.89497742474418,288.47464991504467,1.0,119.69423103215355,364.42994409470526,1.0,102.47829733467006,351.51145336127894,1.0,137.99910371637745,441.08520089569424,1.0,85.62835970801683,429.854857022323,1.0,107.73816835032014,453.5980343118362,1.0,113.35239666143777,456.7277928410125,1.0,149.20529269864272,453.4959693827447,1.0,51.26528012412338,437.2046558353604,1.0,53.7216648360042,433.9586933328008,1.0,91.13070854004692,441.10028469386657,1.0,1.0,1.423728813559322,112.98204567866432,166.8718521152633,False,126.82674013706864,196.5482191822348,False,154.0661780314444,193.0746994403542,False,104.7668385241697,242.11432886142,False,150.7112327028952,243.633279091438,False,87.90008147019229,218.2488964843373,False,118.86514518437728,289.645814183333,False,135.65374204612283,290.0486080569167,False,144.89497742474418,288.47464991504467,False,119.69423103215355,364.42994409470526,False,102.47829733467006,351.51145336127894,False,137.99910371637745,441.08520089569424,False,85.62835970801683,429.854857022323,False,True,61.083536725295374,154.45961251120104,158.2020293167504,50.62518751043119,29.224071517552165,79.84925902798335,1.0337578410054558,0.8552397821932924,0.9659009257513396,0.5772634720914489,True,True,True,True,2.970059926108533,False,0.0615850275292793,False,True,61.083536725295374,valid,-0.428792430186391,5.823047139745796,5.838813316067474,344.4899856479819,319.59180273974783,140.360409409845,242.03654414863757,88.22234099758424,-52.460327939652714,-23.787647664300266,4.599147579357189,271.3497071820749,271.3497071820749,242.3558957847866,1.7052055191796307,1.3431653679113602,1.3431653679113602,False
85,85,1.4406779661016949,1.4406779661016949,Sports2D_HALPE26_postprocessed,112.80279473583246,167.01422443252648,1.0,126.34727884180364,195.9844463649902,1.0,154.11300847458443,193.4201847796393,1.0,108.15231170936516,243.6226180062268,1.0,154.88087349530284,245.6333572191388,1.0,86.51874392817446,223.4866192252232,1.0,120.82321880119429,285.7346918510099,1.0,138.45108546845216,289.0787710066938,1.0,143.15958720938107,287.17678296948105,1.0,118.42995376484627,364.8849611214107,1.0,101.29816279026754,350.7392010328494,1.0,137.8979987550917,440.9739286747837,1.0,84.43147951514081,428.4469217159808,1.0,108.16280471702213,453.7756978593096,1.0,113.81208480682628,456.9017896704208,1.0,149.3394182121073,452.87984498052816,1.0,50.893076706298594,437.9269208862729,1.0,53.65916974825418,434.0862959967246,1.0,89.99114912264781,440.83429494923377,1.0,1.0,1.4406779661016949,112.80279473583246,167.01422443252648,False,126.34727884180364,195.9844463649902,False,154.11300847458443,193.4201847796393,False,108.15231170936516,243.6226180062268,False,154.88087349530284,245.6333572191388,False,86.51874392817446,223.4866192252232,False,120.82321880119429,285.7346918510099,False,138.45108546845216,289.0787710066938,False,143.15958720938107,287.17678296948105,False,118.42995376484627,364.8849611214107,False,101.29816279026754,350.7392010328494,False,137.8979987550917,440.9739286747837,False,84.43147951514081,428.4469217159808,False,True,67.95725543412087,150.85370679889456,158.87784896733962,50.99462938653868,29.55452083610815,80.54915022264683,1.0413017821739343,0.8649103513012965,0.9743671978380192,0.5795614399329237,True,True,True,True,6.873718708825493,False,0.0022979678414748,False,True,67.95725543412087,valid,-1.3813375420178318,5.237722740885886,5.416810215927915,319.59180273974783,344.4899856479819,140.51773999855533,241.41504628020107,37.82505206044037,-53.99899607038087,-17.928427054977874,6.057884594908254,357.4151910995879,357.4151910995879,241.76163968861673,1.581960952772847,1.7691845391536134,1.7691845391536134,False
86,86,1.4576271186440677,1.4576271186440677,Sports2D_HALPE26_postprocessed,111.01848658754012,168.5270054211614,1.0,125.30111258581698,196.68421216882032,1.0,153.43174943254346,194.43193316526947,1.0,111.0533875155467,244.91575964215,1.0,156.2965188027473,248.6940896793164,1.0,85.47915301208079,230.3970422949349,1.0,122.56171304226244,286.3538376455875,1.0,139.9580447555699,289.9175545683574,1.0,142.7495738244553,287.99902562322046,1.0,116.4439278940458,365.0309571353687,1.0,99.71134610916889,349.80806584325563,1.0,137.46627743395146,440.88619976259497,1.0,84.05511236440915,426.5736314022903,1.0,108.2840996433597,453.6852209865696,1.0,113.83330768458296,456.9867772255356,1.0,149.45756546559426,452.6068785365359,1.0,51.34409123476557,436.2700126475224,1.0,53.42660096111345,431.5841615933815,1.0,89.12494228535013,439.1192366828293,1.0,1.0,1.4576271186440677,111.01848658754012,168.5270054211614,False,125.30111258581698,196.68421216882032,False,153.43174943254346,194.43193316526947,False,111.0533875155467,244.91575964215,False,156.2965188027473,248.6940896793164,False,85.47915301208079,230.3970422949349,False,122.56171304226244,286.3538376455875,False,139.9580447555699,289.9175545683574,False,142.7495738244553,287.99902562322046,False,116.4439278940458,365.0309571353687,False,99.71134610916889,349.80806584325563,False,137.46627743395146,440.88619976259497,False,84.05511236440915,426.5736314022903,False,True,76.87332039521282,147.1273036283686,156.67744112256537,50.29194608831579,29.408070726359988,79.70001681467578,1.0269531070380284,0.8606245022234917,0.9640956091616834,0.5847471218297575,True,True,True,True,8.916064961091948,False,0.0051856818968337,False,True,76.87332039521282,valid,-1.0395909160936725,6.9104230697116975,6.9881826160474745,412.3027743468021,412.3027743468021,140.3601201495964,242.2581813814169,50.6067600169205,-54.880967137515626,-11.861139086482012,6.131056699780019,361.7323452870221,361.7323452870221,239.88354444628305,2.0408749040027705,1.7905542028717476,1.7905542028717476,False
87,87,1.4745762711864407,1.4745762711864407,Sports2D_HALPE26_postprocessed,108.79085019023324,171.94851077592634,1.0,122.95283400573636,198.9778015868656,1.0,151.9802898898987,196.01201204534257,1.0,112.5601706395446,248.0181123142413,1.0,156.40966991072412,250.86831948769787,1.0,86.48448095788831,239.29245648456893,1.0,122.10337055357869,288.03258933026,1.0,141.7755324057589,291.8543084053199,1.0,141.48629263134134,289.1812832713004,1.0,115.7199469180254,365.5255082599559,1.0,98.45666443365027,346.903188921175,1.0,137.43779920441278,440.5617692653976,1.0,82.98432131528372,424.0586202428456,1.0,108.40451499086956,453.10203582839614,1.0,113.12074300549006,456.8591303372591,1.0,149.23159293166958,452.1184681665324,1.0,49.764998449088736,434.605866410576,1.0,52.485637531857215,430.7131735864545,1.0,88.64271983038472,437.3603354087486,1.0,1.0,1.4745762711864407,108.79085019023324,171.94851077592634,False,122.95283400573636,198.9778015868656,False,151.9802898898987,196.01201204534257,False,112.5601706395446,248.0181123142413,False,156.40966991072412,250.86831948769787,False,86.48448095788831,239.29245648456893,False,122.10337055357869,288.03258933026,False,141.7755324057589,291.8543084053199,False,141.48629263134134,289.1812832713004,False,115.7199469180254,365.5255082599559,False,98.45666443365027,346.903188921175,False,137.43779920441278,440.5617692653976,False,82.98432131528372,424.0586202428456,False,True,83.46346151133413,144.3805337830535,154.63616898267205,50.12942776534103,27.496884587747964,77.62631235308899,1.0236345101311508,0.8046938145390025,0.939010929810064,0.5485178230332609,True,True,True,True,6.590141116121316,False,0.0362292987964966,False,True,83.46346151133413,valid,1.0053279458075224,8.895414189634039,8.95204322396648,528.1705502140169,412.3027743468021,139.54873723318383,244.0063513272071,113.71001283925749,-53.06425627529552,-4.713894842638183,7.374519553033084,435.09665362894737,361.7323452870221,236.3917972808637,2.614413697974387,2.1537032890785155,1.7905542028717476,False
88,88,1.4915254237288136,1.4915254237288136,Sports2D_HALPE26_postprocessed,107.95766324802048,173.2745324612014,1.0,121.4939830490473,203.32365501111832,1.0,151.39767154634177,198.0404187259159,1.0,113.96412100167298,252.0311988434449,1.0,155.72565059877985,252.19593410745145,1.0,87.43215981170279,245.150913053435,1.0,121.4824712076933,291.6674351786563,1.0,140.4146048521825,296.08459313738086,1.0,141.6457389807622,294.40856382684007,1.0,116.37717933935404,366.3457322202529,1.0,97.75887860146636,345.2974307069031,1.0,137.36431633064632,440.6113897813442,1.0,82.05261149539126,420.6196012907831,1.0,107.37649138329564,452.9999399828241,1.0,112.98551919781916,456.872034099168,1.0,149.10687548502287,452.4125080285389,1.0,50.46011475797939,431.8519994747607,1.0,52.87983796183199,428.5482490022565,1.0,88.07822490719292,433.7353300606481,1.0,1.0,1.4915254237288136,107.95766324802048,173.2745324612014,False,121.4939830490473,203.32365501111832,False,151.39767154634177,198.0404187259159,False,113.96412100167298,252.0311988434449,False,155.72565059877985,252.19593410745145,False,87.43215981170279,245.150913053435,False,121.4824712076933,291.6674351786563,False,140.4146048521825,296.08459313738086,False,141.6457389807622,294.40856382684007,False,116.37717933935404,366.3457322202529,False,97.75887860146636,345.2974307069031,False,137.36431633064632,440.6113897813442,False,82.05261149539126,420.6196012907831,False,True,84.2502268467761,145.3333364141315,151.0039242176441,49.286140532917614,27.409547554425203,76.69568808734282,1.006414726232911,0.8021379042404835,0.9277535825190156,0.5561309377860232,True,True,True,True,0.7867653354419701,False,0.0076131147527622,False,True,84.2502268467761,valid,0.9476788538144802,5.858456568866075,5.9346110722824275,350.1420532646641,528.1705502140169,138.73799960708345,247.9643076753138,238.36813391588063,-51.30583979538066,-2.8133946218787855,2.5891947794522285,152.7624919876819,435.09665362894737,231.4827898907056,1.7331829272213017,0.7561655064400428,2.1537032890785155,False
89,89,1.5084745762711864,1.5084745762711864,Sports2D_HALPE26_postprocessed,105.92622360423884,177.4726040218208,1.0,120.55742886312466,204.84260741571805,1.0,150.70111499276078,201.6490136586551,1.0,115.418576447373,255.2290660364071,1.0,154.1555700944303,255.1438374205993,1.0,85.37014450294508,257.0106705585999,1.0,118.00979452503026,283.3589121278714,1.0,144.09374586603633,296.4503850893478,1.0,139.64686353500056,293.81512403501523,1.0,113.34682864012588,365.7616910466806,1.0,97.17314181049308,344.1482578779454,1.0,137.20060400058995,440.3371027074403,1.0,80.70604581243478,420.3128266213448,1.0,107.0114760786376,453.1284420215356,1.0,112.2082181396066,456.8752478615732,1.0,148.6010162375485,450.85585510208574,1.0,47.73560156383404,429.60397255578187,1.0,50.32360987309759,425.7866626775493,1.0,86.54397219032096,432.6407341645004,1.0,1.0,1.5084745762711864,105.92622360423884,177.4726040218208,False,120.55742886312466,204.84260741571805,False,150.70111499276078,201.6490136586551,False,115.418576447373,255.2290660364071,False,154.1555700944303,255.1438374205993,False,85.37014450294508,257.0106705585999,False,118.00979452503026,283.3589121278714,False,144.09374586603633,296.4503850893478,False,139.64686353500056,293.81512403501523,False,113.34682864012588,365.7616910466806,False,97.17314181049308,344.1482578779454,False,137.20060400058995,440.3371027074403,False,80.70604581243478,420.3128266213448,False,True,99.21654737621084,138.3401809603957,152.04039106122872,50.64783328519874,30.10120225161138,80.74903553681013,1.0342202639293565,0.8809089329651585,0.9767851214649216,0.5943235929187936,True,True,True,True,14.96632052943474,False,0.0381926551327703,False,True,99.21654737621084,valid,-2.062015308757708,11.859757505164879,12.03768064100663,710.2231578193931,539.2261337350853,138.74978831423056,249.18928254968404,72.2768642905771,-53.379643811285476,7.8213880089158465,10.835094125139575,639.2705533832366,291.2542955174755,228.640653403146,3.5155635839015567,3.164352292644063,1.4416919297871145,False
90,90,1.5254237288135593,1.5254237288135593,Sports2D_HALPE26_postprocessed,104.36640343619388,180.82073616162813,1.0,119.774011595039,210.3017482231952,1.0,147.864703241082,203.0915375077846,1.0,115.131239011314,259.3495984245694,1.0,149.99300877672337,256.46569227026845,1.0,86.65629060995012,266.0591475419843,1.0,112.2302141031422,278.575578217647,1.0,144.72614389225143,301.4311637159325,1.0,141.22115849990246,299.50125786004526,1.0,113.6027471166494,366.27617904863087,1.0,96.73169211183864,343.2294300761164,1.0,137.44825866926743,440.6937731909489,1.0,78.61060511197518,419.0516585900803,1.0,106.12612817402284,453.2505956905739,1.0,110.86812662479475,456.8846718017047,1.0,148.27675406783274,451.12277777774005,1.0,46.99771611263454,422.4836422339776,1.0,49.79544722119413,420.5729810802024,1.0,84.04253865473726,430.5564020949764,1.0,1.0,1.5254237288135593,104.36640343619388,180.82073616162813,False,119.774011595039,210.3017482231952,False,147.864703241082,203.0915375077846,False,115.131239011314,259.3495984245694,False,149.99300877672337,256.46569227026845,False,86.65629060995012,266.0591475419843,False,112.2302141031422,278.575578217647,False,144.72614389225143,301.4311637159325,False,141.22115849990246,299.50125786004526,False,113.6027471166494,366.27617904863087,False,96.73169211183864,343.2294300761164,False,137.44825866926743,440.6937731909489,False,78.61060511197518,419.0516585900803,False,True,108.66614131267912,136.59364664419596,147.94680679119185,49.267098013183535,29.25475578122877,78.52185379441231,1.006025881172662,0.8561377543655744,0.949843895798136,0.5937990456308264,True,True,True,True,9.449593936468276,False,0.0005245472879671,False,True,108.66614131267912,valid,1.2861461070050382,9.048476983384433,9.139425995509896,539.2261337350853,710.2231578193931,138.3965043070687,253.5814268267394,259.97344905353253,-51.74021369711859,12.477720715244914,4.936513483347029,291.2542955174755,639.2705533832366,224.6612557375704,2.669138197446895,1.4416919297871145,3.164352292644063,False
91,91,1.542372881355932,1.542372881355932,Sports2D_HALPE26_postprocessed,102.74680765397838,182.3976951426739,1.0,118.97119505291286,214.3028915753954,1.0,144.8420533534009,205.1797983420128,1.0,117.42760929174632,261.0432572307651,1.0,151.1083372894683,254.01056454016808,1.0,89.2361644978277,280.0897060921344,1.0,101.89024802008764,274.1113168146088,1.0,147.2916321643304,300.497995812393,1.0,139.69076116665207,297.8650128672319,1.0,111.23052712342812,366.7976442449179,1.0,95.48175894570404,341.577523462238,1.0,136.91290437436624,440.6460625793708,1.0,75.95463590367929,415.2748318730736,1.0,104.9256207612306,453.4200897130421,1.0,110.7683005553823,456.91793552210015,1.0,147.8478397531049,450.82620994054463,1.0,46.63074337400695,417.85344808098336,1.0,49.8864366063371,415.175963757014,1.0,81.31421374729132,427.1902307658685,1.0,1.0,1.542372881355932,102.74680765397838,182.3976951426739,False,118.97119505291286,214.3028915753954,False,144.8420533534009,205.1797983420128,False,117.42760929174632,261.0432572307651,False,151.1083372894683,254.01056454016808,False,89.2361644978277,280.0897060921344,False,101.89024802008764,274.1113168146088,False,147.2916321643304,300.497995812393,False,139.69076116665207,297.8650128672319,False,111.23052712342812,366.7976442449179,False,95.48175894570404,341.577523462238,False,136.91290437436624,440.6460625793708,False,75.95463590367929,415.2748318730736,False,True,125.93487877558093,132.28152696674994,149.51674697512624,46.76584692486324,34.02241575487133,80.78826267973457,0.9549507533157676,0.9956628877810458,0.9772596347431478,0.7275056048815656,True,True,True,True,17.26873746290181,False,0.1337065592507391,False,True,125.93487877558093,valid,2.579873887877582,14.03055855015009,14.265774514779855,841.6806963720137,627.2164025117271,137.69891043432403,254.46142464925828,66.25448808987535,-48.46274593649633,25.62828144287613,13.552824147499102,799.6166247024491,477.36124941117686,219.7008031132663,4.166270802156541,3.9580560784826737,2.362910595520795,False
92,92,1.5593220338983051,1.5593220338983051,Sports2D_HALPE26_postprocessed,101.24595996491556,184.47277794563428,1.0,117.78823276124255,219.205560900727,1.0,142.76425878088173,208.76825289447723,1.0,119.19692675104191,266.0576767004593,1.0,151.1650069476355,259.16687249536415,1.0,94.92200890653692,289.0721776124007,1.0,100.23410712920716,277.997158526315,1.0,147.28959334773214,306.5318778977989,1.0,137.0465914189829,304.21823771331043,1.0,109.92558979271656,369.5233817031268,1.0,95.97530669867793,338.05732133193885,1.0,136.48225658862395,440.6301266394042,1.0,74.78611072651351,409.5969978000634,1.0,104.6064017069269,453.693001884178,1.0,110.11428725906552,456.9239741544932,1.0,148.08430228783268,451.07883404673015,1.0,46.50693819040404,413.26772698345326,1.0,49.47417398808077,410.3194332541154,1.0,79.37897734625274,423.0450544469407,1.0,1.0,1.5593220338983051,101.24595996491556,184.47277794563428,False,117.78823276124255,219.205560900727,False,142.76425878088173,208.76825289447723,False,119.19692675104191,266.0576767004593,False,151.1650069476355,259.16687249536415,False,94.92200890653692,289.0721776124007,False,100.23410712920716,277.997158526315,False,147.28959334773214,306.5318778977989,False,137.0465914189829,304.21823771331043,False,109.92558979271656,369.5233817031268,False,95.97530669867793,338.05732133193885,False,136.48225658862395,440.6301266394042,False,74.78611072651351,409.5969978000634,False,True,131.7510595679489,128.84584571682814,145.9841443274959,46.87328848788425,33.45054392058848,80.32383240847273,0.95714469201871,0.9789271108137332,0.9716416285847996,0.7136376601619221,True,True,True,True,5.816180792367959,False,0.0138679447196434,False,True,131.7510595679489,valid,5.685844408709215,8.982471520266301,10.630786483249723,627.2164025117271,627.2164025117271,136.22216907720986,259.6809823515784,320.041950918283,-41.30016017067294,29.391195260822315,8.090868634087828,477.36124941117686,477.36124941117686,212.55986406825596,3.104684942499011,2.362910595520795,2.362910595520795,False
93,93,1.576271186440678,1.576271186440678,Sports2D_HALPE26_postprocessed,98.73248193819062,190.5616846994339,1.0,117.0895457209222,222.8392626327596,1.0,141.63873415135808,212.0966114588801,1.0,119.79657292862244,269.2820161328359,1.0,152.51252652423187,259.45515641135944,1.0,98.10935295972004,291.9559894700788,1.0,101.69958765805042,279.93339795668487,1.0,150.4104328210203,306.6375081955636,1.0,136.827474057191,303.1665090445346,1.0,106.77291441202205,369.7850729573281,1.0,94.5217560555583,338.68140102789937,1.0,135.92132497160438,440.7166947563031,1.0,71.94431715390853,407.8771203928802,1.0,105.21185872980963,454.1006284371797,1.0,111.51936989199254,456.9644674581463,1.0,148.13544341390784,449.34533996181904,1.0,44.577356258121085,404.83042579593166,1.0,47.39045764921264,403.196328252978,1.0,77.9676198319602,421.7232852399093,1.0,1.0,1.576271186440678,98.73248193819062,190.5616846994339,False,117.0895457209222,222.8392626327596,False,141.63873415135808,212.0966114588801,False,119.79657292862244,269.2820161328359,False,152.51252652423187,259.45515641135944,False,98.10935295972004,291.9559894700788,False,101.69958765805042,279.93339795668487,False,150.4104328210203,306.6375081955636,False,136.827474057191,303.1665090445346,False,106.77291441202205,369.7850729573281,False,94.5217560555583,338.68140102789937,False,135.92132497160438,440.7166947563031,False,71.94431715390853,407.8771203928802,False,True,132.9384077120971,123.01439797686211,148.08351949795818,46.52157939034398,31.375859779097063,77.89743916944104,0.949962851215448,0.9182116690169492,0.9422906301616814,0.6744366848733737,True,True,True,True,1.187348144148217,False,0.0392009752885483,False,True,132.9384077120971,valid,3.187344053183125,2.883811857678097,4.298317454987083,253.60072984423854,627.2164025117271,136.4915466876229,261.1849728329345,90.14751436323925,-38.38219372790286,30.771016637144328,3.2277600889296973,190.43784524685265,477.36124941117686,208.38659992818944,1.2553089558901418,0.9426563276281756,2.362910595520795,False
94,94,1.5932203389830508,1.5932203389830508,Sports2D_HALPE26_postprocessed,100.54754212630098,193.2123223794772,1.0,116.8667032420105,226.8778499423756,1.0,139.85371720273528,216.15518266093355,1.0,121.3964815599918,273.9615112687739,1.0,150.72839464278405,261.36669356134587,1.0,100.03747642622442,307.4381139899541,1.0,100.90934104743896,281.69284306173574,1.0,152.83448532448432,308.3069000378019,1.0,138.13059302565995,304.7614467670654,1.0,105.0036550929685,370.3365257806741,1.0,93.43993294534428,341.3900757386252,1.0,135.56649501171933,440.4862231624481,1.0,71.00321553896823,404.5718866352447,1.0,105.5783177660496,454.3813946710839,1.0,112.8045131803915,456.9926775809035,1.0,147.94671459440406,448.46684943457694,1.0,43.68009512105862,400.7304789448965,1.0,46.37942773692842,399.9273601381688,1.0,76.34856887639556,417.9050972144192,1.0,1.0,1.5932203389830508,100.54754212630098,193.2123223794772,False,116.8667032420105,226.8778499423756,False,139.85371720273528,216.15518266093355,False,121.3964815599918,273.9615112687739,False,150.72839464278405,261.36669356134587,False,100.03747642622442,307.4381139899541,False,100.90934104743896,281.69284306173574,False,152.83448532448432,308.3069000378019,False,138.13059302565995,304.7614467670654,False,105.0036550929685,370.3365257806741,False,93.43993294534428,341.3900757386252,False,135.56649501171933,440.4862231624481,False,71.00321553896823,404.5718866352447,False,True,141.96564729007218,118.82250010511684,148.88881194548708,47.30105765740369,39.7100746669662,87.0111323243699,0.9658796667393468,1.1621117060522512,1.0525349174915666,0.8395176901662932,True,True,True,True,9.02723957797508,False,0.1650810052929194,False,True,141.96564729007218,valid,1.928123466504374,15.482124519875299,15.6017255376131,920.5018067191754,885.0620491090114,136.9213746987225,264.0253448520441,169.4899165143413,-36.88389827249809,43.412769137910004,12.730231559649722,751.0836620193356,701.6290689459945,202.5705163616044,4.556430742913687,3.7178207181609038,3.47302334067308,False
95,95,1.6101694915254237,1.6101694915254237,Sports2D_HALPE26_postprocessed,98.02500694402232,197.7755849013189,1.0,116.15235120729928,231.89694296968727,1.0,137.91749585984158,220.49419428815173,1.0,123.11486350722888,279.2588267326306,1.0,149.25609732737948,262.5542624766394,1.0,102.40723503917962,322.2508043471028,1.0,98.37911652086528,281.4373543593956,1.0,153.31725864911294,309.6778149948384,1.0,143.30020556332033,306.15817278370787,1.0,104.40179374913998,371.1172926609685,1.0,94.69294260928616,342.4276206610138,1.0,134.83684483734152,440.1886309045602,1.0,70.97510202381245,401.1767779818385,1.0,105.43074470660632,454.5358875186113,1.0,112.63564953801114,456.7690411523524,1.0,147.03762397610387,448.1315128137848,1.0,44.56372697125464,395.2983364910412,1.0,47.18791572190705,394.4692537050992,1.0,75.36364418061329,414.321448564112,1.0,1.0,1.6101694915254237,98.02500694402232,197.7755849013189,False,116.15235120729928,231.89694296968727,False,137.91749585984158,220.49419428815173,False,123.11486350722888,279.2588267326306,False,149.25609732737948,262.5542624766394,False,102.40723503917962,322.2508043471028,False,98.37911652086528,281.4373543593956,False,153.31725864911294,309.6778149948384,False,143.30020556332033,306.15817278370787,False,104.40179374913998,371.1172926609685,False,94.69294260928616,342.4276206610138,False,134.83684483734152,440.1886309045602,False,70.97510202381245,401.1767779818385,False,True,145.91866107966405,117.69487610392994,148.71392739175008,47.87091612974653,47.71913678990896,95.59005291965548,0.977516081200556,1.3964961771374715,1.1563102993273529,0.9968294039030672,True,True,True,True,3.953013789591864,False,0.157311713736774,False,True,145.91866107966405,valid,2.3697586129552093,14.81269035714871,15.001051679813711,885.0620491090114,885.0620491090114,137.67182781989354,267.0567812590963,184.25376542910735,-35.26459278071391,55.19402308800653,11.89201811772869,701.6290689459945,701.6290689459945,195.9781932519914,4.381005990982022,3.47302334067308,3.47302334067308,False
96,96,1.6271186440677967,1.6271186440677967,Sports2D_HALPE26_postprocessed,96.5314352983896,199.90161750561904,1.0,115.20993228679032,237.4329825226793,1.0,136.1005101651492,224.83751891108213,1.0,124.22664091025852,286.5877266760697,1.0,148.1925011092467,268.3187237687939,1.0,112.07818471015048,329.0791418955071,1.0,102.87765301059216,280.7520775761634,1.0,152.10093541218947,319.1217426169669,1.0,144.81880522300227,314.8945647896743,1.0,104.9970245184684,372.3898378330218,1.0,99.46030523833844,336.92515044019984,1.0,135.5802584866781,440.292575994996,1.0,72.32866502867107,395.89476669796977,1.0,104.6765797176729,454.346141747917,1.0,111.92322367271856,456.6296577304431,1.0,147.01482353394644,449.16593540852864,1.0,46.757725302115226,389.544515499968,1.0,49.63748356243556,388.8172654397039,1.0,74.73095663653633,410.7210198962516,1.0,1.0,1.6271186440677967,96.5314352983896,199.90161750561904,False,115.20993228679032,237.4329825226793,False,136.1005101651492,224.83751891108213,False,124.22664091025852,286.5877266760697,False,148.1925011092467,268.3187237687939,False,112.07818471015048,329.0791418955071,False,102.87765301059216,280.7520775761634,False,152.10093541218947,319.1217426169669,False,144.81880522300227,314.8945647896743,False,104.9970245184684,372.3898378330218,False,99.46030523833844,336.92515044019984,False,135.5802584866781,440.292575994996,False,72.32866502867107,395.89476669796977,False,True,153.65006429564752,114.26762420720225,140.6127413758409,49.974892768126985,44.19395157028373,94.16884433841072,1.0204789313978009,1.293331953849401,1.139118572052476,0.8843230895028508,True,True,True,True,7.731403215983477,False,0.1125063144002164,False,True,153.65006429564752,valid,9.670949670970856,6.828337548404306,11.838642709930875,698.4799198859143,698.4799198859143,137.0575457717828,274.0717022101006,415.4641520430592,-24.979361061632318,55.007439685406496,10.286923975675524,606.9285145648496,606.9285145648496,188.21363926617025,3.457435234830563,3.004261069699224,3.004261069699224,False
97,97,1.6440677966101696,1.6440677966101696,Sports2D_HALPE26_postprocessed,98.53605087570796,207.86991761149616,1.0,115.1058544697266,242.29764180350685,1.0,135.16220474254706,229.54663693478875,1.0,125.87403036207267,290.44223363060803,1.0,139.94768402362985,265.09793776684893,1.0,117.63244121427502,334.8558483793075,1.0,98.79085453405062,281.70982112900754,1.0,156.1047361784835,316.97972484788875,1.0,156.6143700211644,311.9682059035179,1.0,103.6583131273884,371.06396319095495,1.0,99.4289844408306,335.06043333009893,1.0,135.23428783938422,440.3245401898136,1.0,72.51630054165224,393.7385271930572,1.0,104.7903343805174,454.0145481665636,1.0,111.08935057345448,456.69449517571104,1.0,145.5903557800589,449.8294546668436,1.0,47.93753792362045,387.0125856961495,1.0,50.56014911461297,385.428781376846,1.0,74.9689655404934,404.8808024287319,1.0,1.0,1.6440677966101696,98.53605087570796,207.86991761149616,False,115.1058544697266,242.29764180350685,False,135.16220474254706,229.54663693478875,False,125.87403036207267,290.44223363060803,False,139.94768402362985,265.09793776684893,False,117.63244121427502,334.8558483793075,False,98.79085453405062,281.70982112900754,False,156.1047361784835,316.97972484788875,False,156.6143700211644,311.9682059035179,False,103.6583131273884,371.06396319095495,False,99.4289844408306,335.06043333009893,False,135.23428783938422,440.3245401898136,False,72.51630054165224,393.7385271930572,False,True,156.88005012139317,111.37250732599216,136.6280561464878,49.3341193723642,45.171816066292806,94.505935438657,1.0073944460901467,1.3219490689587403,1.1431962129692983,0.9156303313198894,True,True,True,True,3.2299858257456435,False,0.0313072418170385,False,True,156.88005012139317,valid,5.554256504124538,5.7767064838003535,8.013744637408331,472.8109336070928,472.8109336070928,140.74679135298038,275.19805237242554,227.58402186370435,-23.114350138705362,59.65779600688194,5.010397155847375,295.61343219499594,318.93984694120945,182.3528078842142,2.3403867952758057,1.4632694044048,1.578733809249828,False
98,98,1.6610169491525424,1.6610169491525424,Sports2D_HALPE26_postprocessed,91.94177506286456,214.8976989569078,1.0,115.32133964508346,248.81467491282035,1.0,135.01435765184465,233.0023841157029,1.0,126.82955401497074,295.46179883280644,1.0,142.85742986799914,270.4440503546125,1.0,123.5887679816623,339.1466244794152,1.0,98.07867549415508,276.0629551328726,1.0,155.0970922214621,325.7464313696658,1.0,161.9328963113106,319.8458368256207,1.0,103.82754769738064,372.5659466513431,1.0,103.54434383425529,335.55111279337046,1.0,135.09738320956902,439.8231028139056,1.0,73.80492633427029,387.6502996769491,1.0,104.06147140013778,453.8795859592558,1.0,109.23003810857314,456.7304773049197,1.0,146.26740855694285,449.5420216602911,1.0,49.24778860041676,377.72894142736266,1.0,53.20257334751626,376.95873837609577,1.0,74.30102705044216,400.7206703615062,1.0,1.0,1.6610169491525424,91.94177506286456,214.8976989569078,False,115.32133964508346,248.81467491282035,False,135.01435765184465,233.0023841157029,False,126.82955401497074,295.46179883280644,False,142.85742986799914,270.4440503546125,False,123.5887679816623,339.1466244794152,False,98.07867549415508,276.0629551328726,False,155.0970922214621,325.7464313696658,False,161.9328963113106,319.8458368256207,False,103.82754769738064,372.5659466513431,False,103.54434383425529,335.55111279337046,False,135.09738320956902,439.8231028139056,False,73.80492633427029,387.6502996769491,False,True,161.89866988906803,107.46732411840104,134.77374131349657,48.045740373001,43.80487057266914,91.85061094567014,0.9810859629363008,1.2819455340120558,1.1110759351211672,0.9117326579337096,True,True,True,True,5.018619767674863,False,0.0038976733861798,False,True,161.89866988906803,valid,5.9563267673872815,4.290776100107735,7.340884694718339,433.1121969883831,433.1121969883831,141.8414214574252,281.8523318059525,397.87900059000754,-18.252653475762912,57.294292673462735,5.405760117647604,318.93984694120945,295.61343219499594,174.0653852697651,2.1438803433992737,1.578733809249828,1.4632694044048,False
99,99,1.6779661016949152,1.6779661016949152,Sports2D_HALPE26_postprocessed,92.0099757532867,220.6591515035616,1.0,115.64135500995089,254.720009333858,1.0,134.08429905188265,237.0490418997668,1.0,127.63875535757322,299.7202396586838,1.0,143.52389412847458,269.2190521549818,1.0,127.91717723645388,343.28322891922926,1.0,96.96464774069705,273.6514485819703,1.0,155.81893807026094,328.4164870369087,1.0,166.76608099059726,321.0692449892343,1.0,103.9929400489994,373.43302661497887,1.0,109.0916857480154,332.6764447020656,1.0,134.90551338651483,440.1056131108693,1.0,74.76287011704449,382.3022020777002,1.0,103.59626815167346,453.3579779774184,1.0,108.85541198198575,456.76648949793,1.0,146.01070905968075,450.0102520791555,1.0,51.33501729570596,368.0973160572267,1.0,56.04453348692903,369.6110677106598,1.0,75.15526192338457,395.7832093714396,1.0,1.0,1.6779661016949152,92.0099757532867,220.6591515035616,False,115.64135500995089,254.720009333858,False,134.08429905188265,237.0490418997668,False,127.63875535757322,299.7202396586838,False,143.52389412847458,269.2190521549818,False,127.91717723645388,343.28322891922926,False,96.96464774069705,273.6514485819703,False,155.81893807026094,328.4164870369087,False,166.76608099059726,321.0692449892343,False,103.9929400489994,373.43302661497887,False,109.0916857480154,332.6764447020656,False,134.90551338651483,440.1056131108693,False,74.76287011704449,382.3022020777002,False,True,165.43793265778731,106.10320600776356,136.05270035545445,46.57207687432996,43.5638789831328,90.13595585746276,0.9509940013718952,1.2748929371683309,1.0903345161373874,0.9354076929119034,True,True,True,True,3.539262768719283,False,0.0236750349781939,False,True,165.43793265778731,valid,4.3284092547915805,4.13660443981405,5.987204937903388,353.24509133630085,353.24509133630085,143.07766828067292,285.3136958149419,216.85487530675462,-15.160491044219043,57.969533104287336,3.1650305120917057,186.73680021341113,318.93984694120945,166.52820868717137,1.748542786336006,0.9243363686143139,1.578733809249828,False
100,100,1.694915254237288,1.694915254237288,Sports2D_HALPE26_postprocessed,93.26601262262749,228.1949263359101,1.0,114.85354494425395,258.07251498717574,1.0,134.02097836665885,239.8995953051799,1.0,128.17501421363002,301.09140568346896,1.0,144.23026944668936,276.7125070580026,1.0,133.41509140755971,343.297572844506,1.0,100.27098186671694,269.8096860853634,1.0,158.3460504082738,331.02528636258126,1.0,166.42980002773433,320.990651196817,1.0,104.57238539726347,374.7102453385913,1.0,111.3639111214073,334.2190158604007,1.0,135.06712583219684,440.9133425327837,1.0,77.73505312835715,378.1578119368904,1.0,103.06670557779336,453.7224193840751,1.0,109.25460622334408,456.8931489953294,1.0,146.06305424238514,450.74787570289067,1.0,59.49385460058704,363.9740056580108,1.0,62.817265755695175,364.0283278596143,1.0,74.3471614289048,392.23325031822105,1.0,1.0,1.694915254237288,93.26601262262749,228.1949263359101,False,114.85354494425395,258.07251498717574,False,134.02097836665885,239.8995953051799,False,128.17501421363002,301.09140568346896,False,144.23026944668936,276.7125070580026,False,133.41509140755971,343.297572844506,False,100.27098186671694,269.8096860853634,False,158.3460504082738,331.02528636258126,False,166.42980002773433,320.990651196817,False,104.57238539726347,374.7102453385913,False,111.3639111214073,334.2190158604007,False,135.06712583219684,440.9133425327837,False,77.73505312835715,378.1578119368904,False,True,169.8713488561006,104.35798014979336,140.93696475575118,45.03428138912128,42.530212266384765,87.56449365550604,0.9195924753949356,1.2446427751687927,1.059228683075942,0.9443963788141758,True,True,True,True,4.433416198313296,False,0.0089886859022724,False,True,169.8713488561006,valid,5.497914171105833,0.014343925276762093,5.497932882551286,324.3780400705267,324.3780400705267,143.41259343673022,287.4970119629385,130.32249643455972,-9.997502029170505,55.80056088156755,5.600080005896513,330.40472034789514,248.05048213267563,161.559439679734,1.6056525509399056,1.635484270001257,1.227835550494136,False
101,101,1.7118644067796611,1.7118644067796611,Sports2D_HALPE26_postprocessed,91.4058092000416,230.28900421677824,1.0,115.563338411455,260.2518991916904,1.0,134.85174340529247,243.7874243581207,1.0,128.6537661443645,304.02262810923054,1.0,152.2854156334358,276.0575071545654,1.0,135.85530687150307,341.6695762226198,1.0,108.771961260825,280.76875214972114,1.0,159.9438230842502,331.1773777709284,1.0,165.79062176333687,323.42769750954466,1.0,105.5668592241116,375.4328706794205,1.0,112.67893877274584,339.7985834162677,1.0,134.26286655249712,440.7560240969728,1.0,80.11035183472838,375.3923067304216,1.0,103.17951471927232,453.647651011731,1.0,108.82188077066928,456.7701929783042,1.0,145.00274892624182,450.5957923103449,1.0,64.24575645015757,360.9224675574056,1.0,67.30006111933442,361.65304897774297,1.0,77.40748684431955,387.6127317029302,1.0,1.0,1.7118644067796611,91.4058092000416,230.28900421677824,False,115.563338411455,260.2518991916904,False,134.85174340529247,243.7874243581207,False,128.6537661443645,304.02262810923054,False,152.2854156334358,276.0575071545654,False,135.85530687150307,341.6695762226198,False,108.771961260825,280.76875214972114,False,159.9438230842502,331.1773777709284,False,165.79062176333687,323.42769750954466,False,105.5668592241116,375.4328706794205,False,112.67893877274584,339.7985834162677,False,134.26286655249712,440.7560240969728,False,80.11035183472838,375.3923067304216,False,True,174.179123533241,105.42537701239308,149.58993829754277,45.6862781172127,38.32955636446709,84.01583448167979,0.9329061392670058,1.1217109640942364,1.0163021334385367,0.8389730558950061,True,True,True,True,4.307774677140401,False,0.1054233229191696,False,True,174.179123533241,valid,2.4402154639433604,-1.6279966218862114,2.9334322067062035,173.0725001956642,234.44610295997035,144.03738166608363,289.66109970757105,132.89592641297838,-8.182074794580558,52.008476515048756,4.204245459875902,248.05048213267563,330.40472034789514,157.0915722940531,0.8566988732538594,1.227835550494136,1.635484270001257,False
102,102,1.728813559322034,1.728813559322034,Sports2D_HALPE26_postprocessed,92.9506116282228,234.24676808774683,1.0,115.72072449252228,262.2726931716727,1.0,132.48967025161994,246.93015078838388,1.0,128.6012668456021,302.4579566498708,1.0,152.33186846729765,278.5215155454305,1.0,138.3796659520889,338.6007642409835,1.0,110.42869676836176,294.5985258925608,1.0,159.96416826474027,332.85234823714944,1.0,166.61134708757436,326.673301806162,1.0,105.79098239278846,377.54900969426814,1.0,115.520203970604,342.87057139667195,1.0,133.3087965808975,440.88240874604736,1.0,83.78186172649886,370.2911909631832,1.0,103.489964446693,453.6711701651785,1.0,108.26031810650193,456.74058021880063,1.0,143.83329957451355,450.6290636268229,1.0,70.41318728191617,360.3843625949695,1.0,72.66927156238974,359.6731893481302,1.0,78.61446755074438,378.5993153724875,1.0,1.0,1.728813559322034,92.9506116282228,234.24676808774683,False,115.72072449252228,262.2726931716727,False,132.48967025161994,246.93015078838388,False,128.6012668456021,302.4579566498708,False,152.33186846729765,278.5215155454305,False,138.3796659520889,338.6007642409835,False,110.42869676836176,294.5985258925608,False,159.96416826474027,332.85234823714944,False,166.61134708757436,326.673301806162,False,105.79098239278846,377.54900969426814,False,115.520203970604,342.87057139667195,False,133.3087965808975,440.88240874604736,False,83.78186172649886,370.2911909631832,False,True,177.36672565571175,106.04048248298608,156.7643551671604,42.19909681642117,37.44221721070927,79.64131402713045,0.8616984817752075,1.0957430648528312,0.9633855076839184,0.8872753218770117,True,True,True,True,3.187602122470736,False,0.0483022659820056,False,True,177.36672565571175,valid,2.524359080585839,-3.0688119816363155,3.9736627620333853,234.44610295997035,173.0725001956642,143.6964775241142,292.182123500842,150.0941516031557,-5.316811572025273,46.418640740141484,6.28140090465185,370.60265337446015,275.6857207712829,151.78502505486153,1.1604946598535162,1.8344617152456466,1.3646283845782967,False
103,103,1.7457627118644068,1.7457627118644068,Sports2D_HALPE26_postprocessed,93.4661120280816,236.71568083506924,1.0,116.87877373769474,264.60739296471047,1.0,133.4449146870987,250.6109323224509,1.0,130.6053485480758,301.5637893824507,1.0,149.70592044083247,283.1703459568108,1.0,139.565422443463,337.39095843770434,1.0,116.6746494970877,298.6228375325708,1.0,158.89235925885933,336.06494317117057,1.0,166.30974965018305,330.8628315752244,1.0,105.71406478496851,379.52872333451097,1.0,116.21832707571927,354.14670265763584,1.0,133.92620279271304,441.6984305973876,1.0,90.10324419644708,368.1706148417198,1.0,103.6092105330021,453.8237859143046,1.0,107.94610819061282,456.84499833539616,1.0,144.49384085882673,450.8250251859213,1.0,78.14317919513483,359.99091039711465,1.0,79.63314269939772,359.2580526938593,1.0,86.91051424793756,372.7403361858219,1.0,1.0,1.7457627118644068,93.4661120280816,236.71568083506924,False,116.87877373769474,264.60739296471047,False,133.4449146870987,250.6109323224509,False,130.6053485480758,301.5637893824507,False,149.70592044083247,283.1703459568108,False,139.565422443463,337.39095843770434,False,116.6746494970877,298.6228375325708,False,158.89235925885933,336.06494317117057,False,166.30974965018305,330.8628315752244,False,105.71406478496851,379.52872333451097,False,116.21832707571927,354.14670265763584,False,133.92620279271304,441.6984305973876,False,90.10324419644708,368.1706148417198,False,True,173.6648656542281,104.85169455986038,176.69431071292215,39.4232684110558,36.93059662020807,76.35386503126387,0.8050165311406372,1.0807705350284689,0.923618701239853,0.9367715592513204,True,True,True,True,3.701860001483652,False,0.0494962373743087,False,True,173.6648656542281,valid,1.185756491374093,-1.2098058032791528,1.6940037008471132,99.94621834997994,112.59473679214648,143.88144933345896,295.5365250083891,198.21035769471112,-4.316026889995953,41.854433429315236,4.672639335106477,275.6857207712829,275.6857207712829,147.91081266994627,0.4947280044467577,1.3646283845782967,1.3646283845782967,False
104,104,1.7627118644067796,1.7627118644067796,Sports2D_HALPE26_postprocessed,95.56206903714354,237.82559225885703,1.0,117.88208569030184,264.55679855299985,1.0,134.60968455901573,251.75235809543352,1.0,134.20161736056377,296.65839506155527,1.0,150.21103905016807,284.80294980953425,1.0,140.278531173009,335.6208141899588,1.0,116.94572380029052,298.04214176238173,1.0,159.42578128830564,337.75404702130373,1.0,166.68279569434844,334.3391286554952,1.0,104.671664819029,380.679035051744,1.0,98.34171992609298,365.8425000838849,1.0,133.2002815362181,443.52021271547096,1.0,128.56277256170452,437.4354674032742,1.0,103.57215217762317,454.6308987288989,1.0,109.15802494826988,457.6708809473073,1.0,145.3714497515241,452.1683400269103,1.0,101.5611305362148,451.6851579903517,1.0,105.86536904052534,451.88995203350186,1.0,144.80019816553457,449.64249291091824,1.0,1.0,1.7627118644067796,95.56206903714354,237.82559225885703,False,117.88208569030184,264.55679855299985,False,134.60968455901573,251.75235809543352,False,134.20161736056377,296.65839506155527,False,150.21103905016807,284.80294980953425,False,140.278531173009,335.6208141899588,False,116.94572380029052,298.04214176238173,False,159.42578128830564,337.75404702130373,False,166.68279569434844,334.3391286554952,False,104.671664819029,380.679035051744,False,98.34171992609298,365.8425000838849,False,133.2002815362181,443.52021271547096,False,128.56277256170452,437.4354674032742,False,True,161.91744055379033,103.677912259253,91.86267597498752,36.01165939435143,39.43347544690012,75.44513484125156,0.7353520470192427,1.154017055155231,0.9126261968324736,1.0950196716868152,True,True,True,True,11.747425100437766,False,0.1582481124354947,False,True,161.91744055379033,valid,0.7131087295459793,-1.7701442477455203,1.9083853693584099,112.59473679214648,112.59473679214648,144.65008680799292,297.10058308130806,102.8206192176039,-4.371555634983935,38.52023110865076,3.3346646842890073,196.74521637305196,212.05531987666077,182.3821837400696,0.5573374397151238,0.9738774501687295,1.0496615776650875,False
105,105,1.7796610169491525,1.7796610169491525,Sports2D_HALPE26_postprocessed,97.37188359942168,238.96964117783983,1.0,118.85230360487252,265.6895668617797,1.0,134.27644186503545,252.25803778962288,1.0,137.99946364789275,291.5167757090083,1.0,152.10764063053676,282.3665231790651,1.0,137.85160996915124,334.2610394177634,1.0,117.95368400510442,298.3221834108049,1.0,159.86161788599588,339.4148560004912,1.0,166.43670520376295,335.3841171423196,1.0,103.74226314495714,383.54998058463457,1.0,102.82775456212792,375.996101349904,1.0,133.37740875016485,442.64041805889207,1.0,130.54969131596144,441.27990256676526,1.0,103.16456469714728,454.3645249045426,1.0,109.2348492421782,457.3763689909728,1.0,145.2469493461641,451.4918229505652,1.0,100.5422460168758,456.506452972091,1.0,105.65009223755855,452.51601241245487,1.0,143.9399256988065,449.9992846838856,1.0,1.0,1.7796610169491525,97.37188359942168,238.96964117783983,False,118.85230360487252,265.6895668617797,False,134.27644186503545,252.25803778962288,False,137.99946364789275,291.5167757090083,False,152.10764063053676,282.3665231790651,False,137.85160996915124,334.2610394177634,False,117.95368400510442,298.3221834108049,False,159.86161788599588,339.4148560004912,False,166.43670520376295,335.3841171423196,False,103.74226314495714,383.54998058463457,False,102.82775456212792,375.996101349904,False,133.37740875016485,442.64041805889207,False,130.54969131596144,441.27990256676526,False,True,143.25019666783552,101.54855190719717,99.54885222197036,32.15055916389935,42.74451942312508,74.89507858702443,0.6565090276760476,1.2509144545254138,0.9059724112915571,1.329510917841867,True,True,True,True,18.667243885954804,False,0.2344912461550516,False,True,143.25019666783552,valid,-2.426921203857745,-1.3597747721954079,2.7818939521184842,164.13174317499102,164.13174317499102,144.8567671399167,298.18664444855335,65.22759010255143,-7.005157170765472,36.07439496921006,3.59415796401119,212.05531987666077,212.05531987666077,183.0659944525185,0.8124426427320384,1.0496615776650875,1.0496615776650875,False
106,106,1.7966101694915255,1.7966101694915255,Sports2D_HALPE26_postprocessed,100.84200123991732,238.98648615395297,1.0,119.68140860054037,263.9749803651277,1.0,135.09546690163646,253.06794560678648,1.0,142.06494873404392,284.10292899166603,1.0,149.7221862127153,280.91036364053184,1.0,136.7758011009123,325.3776278634866,1.0,117.81060836906197,296.8344196868796,1.0,160.47613732438464,341.2923966969891,1.0,168.2923963337205,337.6760786427377,1.0,104.62159906861572,386.8902887781569,1.0,107.01069020242348,385.8057352198039,1.0,133.15824159628912,442.6374028703007,1.0,131.6092537970998,442.20607576409606,1.0,103.32924279145948,454.7720417798568,1.0,109.47891025261563,457.6726449654473,1.0,144.86317589778128,451.186074204885,1.0,102.55779293497297,457.65249946977167,1.0,107.69549192442608,454.4854794738412,1.0,145.30735850162787,451.19917720433455,1.0,1.0,1.7966101694915255,100.84200123991732,238.98648615395297,False,119.68140860054037,263.9749803651277,False,135.09546690163646,253.06794560678648,False,142.06494873404392,284.10292899166603,False,149.7221862127153,280.91036364053184,False,136.7758011009123,325.3776278634866,False,117.81060836906197,296.8344196868796,False,160.47613732438464,341.2923966969891,False,168.2923963337205,337.6760786427377,False,104.62159906861572,386.8902887781569,False,107.01069020242348,385.8057352198039,False,133.15824159628912,442.6374028703007,False,131.6092537970998,442.20607576409606,False,True,124.66045368225332,102.11946293562008,104.58147235152698,30.10244483128789,41.61220794003281,71.7146527713207,0.6146868763965783,1.217777462453889,0.8675002165953596,1.3823531003296414,True,True,True,True,18.589742985582205,False,0.0528421824877745,False,True,124.66045368225332,valid,-1.075808868238937,-8.88341155427679,8.948316353574002,527.9506648608606,304.2996546483673,145.88635229007048,299.00285032791027,77.51795373614625,-9.110551189158173,26.374777535576357,9.9254854960115,585.6036442646724,332.30293784064315,183.9681079865735,2.613325278184524,2.898704194182936,1.6448803368829947,False
107,107,1.8135593220338984,1.8135593220338984,Sports2D_HALPE26_postprocessed,102.55402156227537,237.68773498959376,1.0,120.20584522642412,263.528086939854,1.0,135.55044917421492,252.03059642886768,1.0,146.00454812149317,280.6029678911873,1.0,147.42007664910798,282.1279469879668,1.0,136.87014038195076,320.22086946158623,1.0,116.84876352356842,297.3336602821057,1.0,158.9290638568976,342.0871468788647,1.0,169.3010984182019,340.267460163631,1.0,105.15764226977156,392.2811774223155,1.0,108.79702461742164,389.77770369240375,1.0,133.2296482129086,443.7393261980912,1.0,131.85805602085313,442.5084309365882,1.0,103.53712034661692,455.9666803516878,1.0,109.79802127940074,458.8283799733611,1.0,144.91904074657498,451.72738327217456,1.0,102.88973782707085,457.2662157899253,1.0,109.9948118122812,454.7203182641346,1.0,144.86820919430053,451.2091395295972,1.0,1.0,1.8135593220338984,102.55402156227537,237.68773498959376,False,120.20584522642412,263.528086939854,False,135.55044917421492,252.03059642886768,False,146.00454812149317,280.6029678911873,False,147.42007664910798,282.1279469879668,False,136.87014038195076,320.22086946158623,False,116.84876352356842,297.3336602821057,False,158.9290638568976,342.0871468788647,False,169.3010984182019,340.267460163631,False,105.15764226977156,392.2811774223155,False,108.79702461742164,389.77770369240375,False,133.2296482129086,443.7393261980912,False,131.85805602085313,442.5084309365882,False,True,110.51522007775824,104.41543537896416,105.67184890780288,30.937430898027856,40.6572936826104,71.59472458063826,0.6317371518833581,1.1898319839793818,0.8660494986824574,1.3141780846838884,True,True,True,True,14.145233604495075,False,0.068175015645753,False,True,110.51522007775824,valid,0.09433928103845801,-5.15675840190039,5.157621265226551,304.2996546483673,360.4321925104021,145.99661416893463,299.4783226028043,28.797292957432692,-9.126473786983865,20.742546858781907,5.632253183739699,332.30293784064315,415.3189861453902,185.40325281594806,1.5062657035292872,1.6448803368829947,2.0558049780840033,False
108,108,1.8305084745762712,1.8305084745762712,Sports2D_HALPE26_postprocessed,101.46807392588266,236.52178479886803,1.0,120.80979202557664,267.0783174263375,1.0,137.19303607861596,245.7884913788146,1.0,144.8371417152769,282.98641864179706,1.0,151.4658994729077,283.71828575845734,1.0,135.05922867283755,314.3864263233837,1.0,116.63994098034216,296.81082607338175,1.0,155.59703741666374,345.70061871385064,1.0,170.23233175663563,343.258220432179,1.0,106.350544969146,398.0174837804154,1.0,120.70179557405466,390.82268003473126,1.0,130.76297733080662,443.7414921853258,1.0,129.79176619426113,440.2827741089104,1.0,103.7739159456138,455.6787974826185,1.0,109.62609177587017,458.330856691518,1.0,143.1334009127053,452.61810946486776,1.0,101.74448222173136,454.4698031426748,1.0,105.10647493505311,454.4193547034071,1.0,143.35371961833752,450.9808345838426,1.0,1.0,1.8305084745762712,101.46807392588266,236.52178479886803,False,120.80979202557664,267.0783174263375,False,137.19303607861596,245.7884913788146,False,144.8371417152769,282.98641864179706,False,151.4658994729077,283.71828575845734,False,135.05922867283755,314.3864263233837,False,116.63994098034216,296.81082607338175,False,155.59703741666374,345.70061871385064,False,170.23233175663563,343.258220432179,False,106.350544969146,398.0174837804154,False,120.70179557405466,390.82268003473126,False,130.76297733080662,443.7414921853258,False,129.79176619426113,440.2827741089104,False,True,106.21136149033502,108.63345414692226,123.42614253588542,28.81633594668909,32.88720215933862,61.70353810602772,0.5884247486056077,0.9624409656541736,0.7464002209195009,1.1412693903965003,True,True,True,True,4.303858587423221,True,0.1729086942873881,False,False,,angle_jump,-1.8109117091132134,-5.834443138202516,6.109020212040697,360.4321925104021,360.4321925104021,145.958049319373,300.45641198779543,57.75211293561971,-10.898820646535455,13.930014335588282,7.03930484992185,415.3189861453902,415.3189861453902,185.58311515469057,1.7841185217697295,2.0558049780840033,2.0558049780840033,False
109,109,1.847457627118644,1.847457627118644,Sports2D_HALPE26_postprocessed,104.54739215259193,235.7962091782971,1.0,121.80542367182969,264.43302377278394,1.0,143.30582998270964,245.5090261677404,1.0,138.66616863446748,317.4717749731515,1.0,150.5895324141944,283.28367982933946,1.0,130.85711764052792,306.665776758534,1.0,117.13495010767548,293.86964028391,1.0,153.4162077098188,344.48916531387704,1.0,171.0462241423022,342.6078856751278,1.0,108.90764576237795,399.9472441426495,1.0,135.75574510859494,384.3503957786413,1.0,130.10341014912382,443.4898354392647,1.0,131.20173681279434,433.3850374419019,1.0,103.98168726733984,455.3954233653991,1.0,110.28449961342822,457.94080234507794,1.0,141.38517472298884,450.6040074827416,1.0,103.4371227858207,452.6609456132718,1.0,112.35251181562889,453.0322556724501,1.0,136.7122463701908,446.5057589739444,1.0,1.0,1.847457627118644,104.54739215259193,235.7962091782971,False,121.80542367182969,264.43302377278394,False,143.30582998270964,245.5090261677404,False,138.66616863446748,317.4717749731515,False,150.5895324141944,283.28367982933946,False,130.85711764052792,306.665776758534,False,117.13495010767548,293.86964028391,False,153.4162077098188,344.48916531387704,False,171.0462241423022,342.6078856751278,False,108.90764576237795,399.9472441426495,False,135.75574510859494,384.3503957786413,False,130.10341014912382,443.4898354392647,False,131.20173681279434,433.3850374419019,False,True,18.218901710705776,115.29478584507244,145.09375886330568,55.65423478576999,13.3323244350063,68.98655922077629,1.1364501431840384,0.3901692561584646,0.8344996838655111,0.2395563336074327,True,True,False,True,87.99245977962924,True,0.9017130567890675,False,False,,short_forearm|angle_jump,-4.202111032309631,-7.720649564849737,8.790117566396523,518.6169364173962,518.6169364173962,147.39342137666506,299.2597752323823,110.25634321223335,-16.536303736137143,7.40600152615167,8.622294284193622,508.715362767425,508.715362767425,183.47628116417684,2.567123861831646,2.518111644525139,2.518111644525139,False
110,110,1.8644067796610169,1.8644067796610169,Sports2D_HALPE26_postprocessed,108.940994546376,234.94710559808013,1.0,123.78598024641272,254.99755154864,1.0,150.46057314526726,246.20496845776407,1.0,160.46235418703014,257.74409709072444,1.0,154.82565429163924,282.58413942882135,1.0,133.92834317235983,290.6572301681365,1.0,117.35410249444509,295.76083621889563,1.0,150.1725055689861,344.3645108026516,1.0,169.4707330632615,343.97799205134527,1.0,112.35467300916432,402.064619840616,1.0,142.05446456503253,373.8454929190395,1.0,128.0022819234987,443.02229286400006,1.0,140.52868207248497,431.182559211595,1.0,104.00015098215576,455.32708340111446,1.0,109.33612667926988,457.807150440085,1.0,138.4392301298375,449.7443887219808,1.0,103.41520690645008,451.7229610496143,1.0,120.81766357360092,450.52497618913054,1.0,145.18839168526154,451.1653372220106,1.0,1.0,1.8644067796610169,108.940994546376,234.94710559808013,False,123.78598024641272,254.99755154864,False,150.46057314526726,246.20496845776407,False,160.46235418703014,257.74409709072444,False,154.82565429163924,282.58413942882135,False,133.92834317235983,290.6572301681365,False,117.35410249444509,295.76083621889563,False,150.1725055689861,344.3645108026516,False,169.4707330632615,343.97799205134527,False,112.35467300916432,402.064619840616,False,142.05446456503253,373.8454929190395,False,128.0022819234987,443.02229286400006,False,140.52868207248497,431.182559211595,False,True,55.40748336172501,125.8493188502125,138.97457557607612,36.77906901821666,42.27680297158338,79.05587198980004,0.7510224228725719,1.237226775315332,0.95630367608379,1.1494799651030778,True,True,True,True,37.188581651019234,True,0.9099236314956451,False,False,,angle_jump,3.0712255318319137,-16.008546590397486,16.300490489684755,961.7289388914031,961.7289388914031,148.4724480059819,297.3862557151002,127.55977173984562,-14.544104833622072,-6.729025546963726,14.274727556940883,842.2089258595144,842.2089258595144,186.52306002958133,4.760502664446604,4.168885507590677,4.168885507590677,False
111,111,1.88135593220339,1.88135593220339,Sports2D_HALPE26_postprocessed,114.2612425107292,233.03413936856555,1.0,123.95782464648556,258.87216604091515,1.0,158.3964468167578,248.10610074343705,1.0,167.58915900569926,255.0328777107489,1.0,161.08215167084498,260.1468179719379,1.0,129.5355271124996,266.9563173975848,1.0,115.170084226242,297.17755021268954,1.0,143.55428138516763,346.3622460706263,1.0,169.3214625786341,345.23236839124723,1.0,115.2125231116627,403.4396081467298,1.0,148.43959399690334,392.3376399317106,1.0,125.20580671576738,442.8181363910887,1.0,145.83016571477742,433.4081359338484,1.0,103.84518984358245,454.7520093216688,1.0,108.29459508806605,457.3188226694062,1.0,134.2725760633973,449.4976922447209,1.0,137.16748037227617,454.539223785908,1.0,143.54798121374083,447.37951609557416,1.0,151.49244938319438,451.34706886145176,1.0,1.0,1.88135593220339,114.2612425107292,233.03413936856555,False,123.95782464648556,258.87216604091515,False,158.3964468167578,248.10610074343705,False,167.58915900569926,255.0328777107489,False,161.08215167084498,260.1468179719379,False,129.5355271124996,266.9563173975848,False,115.170084226242,297.17755021268954,False,143.55428138516763,346.3622460706263,False,169.3214625786341,345.23236839124723,False,115.2125231116627,403.4396081467298,False,148.43959399690334,392.3376399317106,False,125.20580671576738,442.8181363910887,False,145.83016571477742,433.4081359338484,False,True,12.368746576906506,139.35368081478055,159.72760757793043,43.79992548906508,39.87790508826605,83.67783057733112,0.8943871348712777,1.1670232479936844,1.0122134507370038,0.9104560029039734,True,True,True,True,43.03873678481851,False,0.2390239621991043,False,True,12.368746576906506,valid,-4.392816059860223,-23.700912770551668,24.104565938698524,1422.169390383198,1403.5673016857777,148.80750385676126,299.64322031155643,134.62025762919296,-19.27197674426165,-32.68690291397161,26.38492316085144,1556.7104664902188,1355.6919671665805,184.7107153691235,7.039656288202951,7.70562683913935,6.710596885339347,False
112,112,1.8983050847457628,1.8983050847457628,Sports2D_HALPE26_postprocessed,119.3553046524165,231.0754673246624,1.0,134.34921471567665,255.93325496547348,1.0,156.1935783910592,254.7951185384441,1.0,179.41721379576612,256.3712097638468,1.0,130.8992880794938,292.5772881243002,1.0,150.4419349883273,255.60502775297616,1.0,114.09206499952964,298.3972467801407,1.0,142.3566456740405,346.48206975526887,1.0,169.2237911463834,346.55201124580634,1.0,117.48267052464664,402.9287033617577,1.0,152.35274684019194,396.42232181591584,1.0,121.72145016998356,442.4869166341996,1.0,152.66839230527907,443.24775282338567,1.0,103.1126604279644,454.0329877526982,1.0,108.86093943131452,456.9459194806908,1.0,129.3455748222744,449.0359582275463,1.0,136.42466367394238,454.0945988751263,1.0,145.4140950438766,447.9706442838124,1.0,157.69628885066163,450.70290076110257,1.0,1.0,1.8983050847457628,119.3553046524165,231.0754673246624,False,134.34921471567665,255.93325496547348,False,156.1935783910592,254.7951185384441,False,179.41721379576612,256.3712097638468,False,130.8992880794938,292.5772881243002,False,150.4419349883273,255.60502775297616,False,114.09206499952964,298.3972467801407,False,142.3566456740405,346.48206975526887,False,169.2237911463834,346.55201124580634,False,117.48267052464664,402.9287033617577,False,152.35274684019194,396.42232181591584,False,121.72145016998356,442.4869166341996,False,152.66839230527907,443.24775282338567,False,True,0.9579345160577816,150.1025843759082,160.92318689814954,45.07012697439805,28.9854069635497,74.05553393794776,0.9203244362363182,0.8482552858318003,0.8958168135612319,0.6431179344139584,True,True,True,True,11.410812060848723,False,0.267338068490015,False,True,0.9579345160577816,valid,20.906407875827682,-11.35128964460867,23.789276299758882,1403.5673016857777,1403.5673016857777,150.53080748178994,300.9406136262482,127.26786593052363,-0.08887249346264525,-45.33558587327204,22.97782995197588,1355.6919671665805,1355.6919671665805,187.67700965954288,6.947577024257312,6.710596885339347,6.710596885339347,False
113,113,1.915254237288136,1.915254237288136,Sports2D_HALPE26_postprocessed,125.0666109076308,228.62239998733827,1.0,138.89547135391032,255.05290364621456,1.0,162.7388103894782,254.300993294048,1.0,187.9133727943931,262.9309481302228,1.0,181.163408077428,296.3853052745668,1.0,147.33202965772256,248.59084642116864,1.0,116.27484300498742,297.0815263478986,1.0,139.7210453719415,348.12456403642625,1.0,169.043581927548,348.1754528663512,1.0,118.31163918454904,401.649040460192,1.0,157.59443746780386,390.70492820077,1.0,120.84750113850096,441.7173617473118,1.0,156.59565583556386,450.4300253150491,1.0,105.1432049049607,456.4325858365294,1.0,107.53503845709476,458.73242142679067,1.0,126.99816116144235,447.03024483849737,1.0,141.0606509181426,451.3596248239274,1.0,152.50904144197017,451.5234714673426,1.0,160.63671208214652,456.8572334347939,1.0,1.0,1.915254237288136,125.0666109076308,228.62239998733827,False,138.89547135391032,255.05290364621456,False,162.7388103894782,254.300993294048,False,187.9133727943931,262.9309481302228,False,181.163408077428,296.3853052745668,False,147.33202965772256,248.59084642116864,False,116.27484300498742,297.0815263478986,False,139.7210453719415,348.12456403642625,False,169.043581927548,348.1754528663512,False,118.31163918454904,401.649040460192,False,157.59443746780386,390.70492820077,False,120.84750113850096,441.7173617473118,False,156.59565583556386,450.4300253150491,False,True,10.331352738745172,154.57761398144865,165.89095912917435,49.646935922782745,43.04049172351794,92.68742764630068,1.013782107602014,1.259576056847705,1.121198534074026,0.8669314817425995,True,True,True,True,9.373418222687391,False,0.2238135473286411,False,True,10.331352738745172,valid,-3.1099053306047324,-7.014181331807521,7.672695153647176,452.6890140651727,1035.6072783319785,152.5997272607195,301.41347846075996,125.21393348149684,-5.267697602996947,-52.822632039591326,9.103630584098815,537.1142044618174,1167.8804588906798,191.77856149571434,2.2407844564884236,2.6586842696030435,5.780940773928398,False
114,114,1.9322033898305084,1.9322033898305084,Sports2D_HALPE26_postprocessed,127.62901987032662,227.97163827396548,1.0,140.86566823968832,253.52684153774555,1.0,175.06468415364026,256.83732157048746,1.0,160.67769673491094,259.0799634042932,1.0,200.8328827174833,283.9523757029457,1.0,137.83779414076028,233.82752815143573,1.0,119.01698451201796,295.36696275851824,1.0,136.83477294015648,348.79089038047096,1.0,169.62720075566398,348.8635987441003,1.0,118.14513895762812,405.86154266208274,1.0,160.51335889373453,390.87953599673705,1.0,121.96079460201996,437.09676591102266,1.0,156.657106739033,447.7982474130957,1.0,110.22132679911329,456.7084590978539,1.0,108.61620839709596,458.5030617533402,1.0,127.53538182785492,441.5498606622447,1.0,148.52124647880254,454.5605547754659,1.0,159.55571805408033,454.2487675523106,1.0,157.7369693826694,454.45801002516953,1.0,1.0,1.9322033898305084,127.62901987032662,227.97163827396548,False,140.86566823968832,253.52684153774555,False,175.06468415364026,256.83732157048746,False,160.67769673491094,259.0799634042932,False,200.8328827174833,283.9523757029457,False,137.83779414076028,233.82752815143573,False,119.01698451201796,295.36696275851824,False,136.83477294015648,348.79089038047096,False,169.62720075566398,348.8635987441003,False,118.14513895762812,405.86154266208274,False,160.51335889373453,390.87953599673705,False,121.96079460201996,437.09676591102266,False,156.657106739033,447.7982474130957,False,True,32.21413661641279,154.9026162587594,171.63722201532394,20.57555917977061,34.04917967749075,54.62473885726136,0.4201494686963282,0.9964461315305664,0.6607711389364719,1.6548361762613513,True,False,True,True,21.882783877667613,True,0.7879046945187518,False,False,,short_upper_arm|angle_jump,-9.494235516962277,-14.763318269732906,17.552665734439806,1035.6072783319785,911.3327722418426,155.59808152228726,302.00466305820106,180.30874451557145,-17.76028738152698,-68.17713490676533,19.794584048994,1167.8804588906798,1013.8881131658414,188.19243925232647,5.126196174883294,5.780940773928398,5.018687562568752,False
115,115,1.9491525423728813,1.9491525423728813,Sports2D_HALPE26_postprocessed,140.66888575664925,227.6174287690323,1.0,143.65204764221244,254.4029953891749,1.0,183.4599502801285,264.57183713763595,1.0,145.67471461366458,247.9523948836313,1.0,205.4168543420644,293.7948519451629,1.0,137.79616054703746,218.38126608698576,1.0,188.68626518456583,297.08061001624645,1.0,134.61313336926938,346.9217477708453,1.0,169.58726390782323,348.47196799304567,1.0,117.7035454947488,407.5209268432922,1.0,161.96322516915885,392.70773145597445,1.0,122.2529177833883,433.9261617033801,1.0,156.28198292088396,448.3765736979449,1.0,118.1437513318275,457.4550606800234,1.0,113.74202730174352,458.16633506150856,1.0,128.40992400518826,436.2461423987767,1.0,148.76752271606404,457.79147200914434,1.0,160.1694287934729,458.9401141982315,1.0,156.3255460231001,456.38468113737065,1.0,1.0,1.9491525423728813,140.66888575664925,227.6174287690323,False,143.65204764221244,254.4029953891749,False,183.4599502801285,264.57183713763595,False,145.67471461366458,247.9523948836313,False,205.4168543420644,293.7948519451629,False,137.79616054703746,218.38126608698576,False,188.68626518456583,297.08061001624645,False,134.61313336926938,346.9217477708453,False,169.58726390782323,348.47196799304567,False,117.7035454947488,407.5209268432922,False,161.96322516915885,392.70773145597445,False,122.2529177833883,433.9261617033801,False,156.28198292088396,448.3765736979449,False,True,147.67191828617254,154.63322846184357,176.0482404949357,6.760283171548542,30.60266773483264,37.36295090638118,0.1380438489154351,0.8955842745030418,0.451962977597926,4.526832228511909,True,False,True,False,115.45778166975975,True,2.871996052250557,False,False,,short_upper_arm|short_total_arm|angle_jump,-0.04163359372282116,-15.446262064449968,15.44631817359051,911.3327722418426,911.3327722418426,157.8280987998584,303.5921370726754,161.50328124173544,-20.031938252820936,-85.21087098568967,17.18454429094642,1013.8881131658414,1013.8881131658414,183.280454073345,4.511044552174683,5.018687562568752,5.018687562568752,False
116,116,1.9661016949152543,1.9661016949152543,Sports2D_HALPE26_postprocessed,149.28260671353374,227.54271422966733,1.0,139.70626612426034,254.6624279692187,1.0,187.09904720088943,270.3477974343068,1.0,134.53220600158775,243.73298986657664,1.0,207.3022053819961,304.8615654330076,1.0,145.8467942414243,215.0306195356163,1.0,188.3044593047925,299.1346269816086,1.0,132.92841806140686,345.11502478562164,1.0,169.4386596093474,348.74859321562224,1.0,117.23802798866564,412.0884192138474,1.0,162.71778330053252,394.099010234758,1.0,121.2644117726525,431.0580124722744,1.0,155.99695831983553,448.4242637461548,1.0,124.01965158496988,457.5413576114423,1.0,115.6408706997768,455.7043344118726,1.0,127.08471109639598,432.345771691965,1.0,149.35765387809298,456.977419377324,1.0,159.5311330225599,458.7623597802134,1.0,155.9290087712732,456.9221931574509,1.0,1.0,1.9661016949152543,149.28260671353374,227.54271422966733,False,139.70626612426034,254.6624279692187,False,187.09904720088943,270.3477974343068,False,134.53220600158775,243.73298986657664,False,207.3022053819961,304.8615654330076,False,145.8467942414243,215.0306195356163,False,188.3044593047925,299.1346269816086,False,132.92841806140686,345.11502478562164,False,169.4386596093474,348.74859321562224,False,117.23802798866564,412.0884192138474,False,162.71778330053252,394.099010234758,False,121.2644117726525,431.0580124722744,False,155.99695831983553,448.4242637461548,False,True,133.15229518617528,154.83121322809583,178.62268037505493,12.092291569116028,30.85200106399325,42.94429263310928,0.2469225664146362,0.902880991594525,0.5194779828266152,2.551377535651714,True,False,True,True,14.51962309999726,True,1.9754546928601944,False,False,,short_upper_arm|angle_jump,8.050633694386846,-3.350646551369465,8.720065091121791,514.4838403761803,514.4838403761803,157.293097748976,304.71846085119233,73.56879792786425,-11.446303507551704,-89.68784131557604,9.682788199369908,571.2845037628186,571.2845037628186,178.95882006761002,2.546665275299663,2.827825276272619,2.827825276272619,False
117,117,1.9830508474576272,1.9830508474576272,Sports2D_HALPE26_postprocessed,169.14693940111434,233.1374986102556,1.0,139.58527511707743,257.050221066476,1.0,194.3242724706436,279.14202598951,1.0,112.72583164162654,244.99740077740373,1.0,209.88513257951456,326.78369844303376,1.0,148.81467982739494,218.8504415760733,1.0,184.32613075696145,350.20926156261,1.0,132.48737968080832,343.387032062689,1.0,169.87327023212376,347.1076168745826,1.0,115.71057696042686,404.7094146285067,1.0,162.36851791004386,391.888926653927,1.0,120.09033096067094,428.5547094806173,1.0,156.6724533226699,448.39039942440894,1.0,121.03235960506896,458.017753635914,1.0,113.48273666660268,455.7418046338216,1.0,124.7948974242477,430.119781153909,1.0,142.24808143192533,456.9845649620819,1.0,163.30273167122135,460.0426188252858,1.0,156.4001747690108,455.6680179765325,1.0,1.0,1.9830508474576272,169.14693940111434,233.1374986102556,False,139.58527511707743,257.050221066476,False,194.3242724706436,279.14202598951,False,112.72583164162654,244.99740077740373,False,209.88513257951456,326.78369844303376,False,148.81467982739494,218.8504415760733,False,184.32613075696145,350.20926156261,False,132.48737968080832,343.387032062689,False,169.87327023212376,347.1076168745826,False,115.71057696042686,404.7094146285067,False,162.36851791004386,391.888926653927,False,120.09033096067094,428.5547094806173,False,156.6724533226699,448.39039942440894,False,True,60.09147066002534,154.2914949024255,176.24308686564066,29.439772090347677,44.56532776555645,74.00509985590412,0.6011552101321052,1.304200244264241,0.8952067349314691,1.5137796457387638,True,True,True,True,73.06082452614994,False,1.0375978899129503,False,True,60.09147066002534,valid,2.9678855859706346,3.8198220404570122,4.83729110889281,285.40017542467655,285.40017542467655,159.06754937516328,306.6717239983144,155.6964670123494,-10.252869547768341,-87.8212824222411,2.2154743777917973,130.71298828971638,234.11188438223877,172.75579976839998,1.4127143736662764,0.6470217374848457,1.1588402972098872,False
118,118,2.0,2.0,Sports2D_HALPE26_postprocessed,177.24982357231326,235.87551503947773,1.0,138.44175275119687,255.8527745556638,1.0,196.9840816661641,285.12048921897747,1.0,104.26061572469348,232.44856642981583,1.0,209.10100981860705,335.0763880314704,1.0,149.98456539060317,222.93568361873403,1.0,184.45360440016805,354.75064063232213,1.0,131.8619553786873,341.6437507302411,1.0,168.80344360383398,345.3007520025848,1.0,115.43310619055458,411.32630819528106,1.0,162.6344879853444,390.1401641180812,1.0,117.08447124922584,424.9965503986006,1.0,156.50493005140223,449.2975266024296,1.0,120.06542570834648,457.19656280522935,1.0,111.86113566514967,453.3763401951058,1.0,120.13610753938406,428.6295819746784,1.0,142.59617014519523,457.1910611478745,1.0,159.9129056180855,460.3340664317639,1.0,155.27994114111556,457.0066367317819,1.0,1.0,2.0,177.24982357231326,235.87551503947773,False,138.44175275119687,255.8527745556638,False,196.9840816661641,285.12048921897747,False,104.26061572469348,232.44856642981583,False,209.10100981860705,335.0763880314704,False,149.98456539060317,222.93568361873403,False,184.45360440016805,354.75064063232213,False,131.8619553786873,341.6437507302411,False,168.80344360383398,345.3007520025848,False,115.43310619055458,411.32630819528106,False,162.6344879853444,390.1401641180812,False,117.08447124922584,424.9965503986006,False,156.50493005140223,449.2975266024296,False,True,46.152627984486855,159.8458544189235,178.0820500700434,41.425922879552246,46.70304607226405,88.12896895181629,0.8459103996168033,1.3667603751454276,1.066056889347446,1.1273869795986264,True,True,True,True,13.93884267553848,False,0.3863926661401373,False,True,46.152627984486855,valid,1.1698855632082257,4.085242042660724,4.249451114923643,250.71761578049558,285.40017542467655,159.02280834997057,306.9794416268668,18.346239337621796,-9.038242959367409,-84.04375800813276,3.967998040376918,234.11188438223877,234.11188438223877,169.50406262867378,1.241037707904017,1.1588402972098872,1.1588402972098872,False
119,119,2.016949152542373,2.016949152542373,Sports2D_HALPE26_postprocessed,187.97815751678564,239.30732729855336,1.0,139.3905486965835,253.6931830002013,1.0,199.3806653398023,291.95245760722827,1.0,104.97932506365032,225.30340673450863,1.0,208.7982075024208,344.06926584835446,1.0,121.9858207643546,220.23502310256129,1.0,183.3285507234943,355.6035370859578,1.0,130.0853286895236,342.3155707639211,1.0,167.45485915101355,346.8892801185708,1.0,114.36026454002211,407.2327934598524,1.0,162.5934181994294,390.9328310669089,1.0,112.64263054457076,421.980996105741,1.0,156.38429661440944,449.53543270131297,1.0,119.1158827915966,455.8080980896464,1.0,109.52548463559292,449.9406787319011,1.0,114.8038478620406,424.7683738847139,1.0,138.58217330860944,456.7771894898248,1.0,161.2511610980141,459.7148086239628,1.0,155.54372052110028,457.67937375144834,1.0,1.0,2.016949152542373,187.97815751678564,239.30732729855336,False,139.3905486965835,253.6931830002013,False,199.3806653398023,291.95245760722827,False,104.97932506365032,225.30340673450863,False,208.7982075024208,344.06926584835446,False,121.9858207643546,220.23502310256129,False,183.3285507234943,355.6035370859578,False,130.0853286895236,342.3155707639211,False,167.45485915101355,346.8892801185708,False,114.36026454002211,407.2327934598524,False,162.5934181994294,390.9328310669089,False,112.64263054457076,421.980996105741,False,156.38429661440944,449.53543270131297,False,True,56.11858577501256,173.02634548464928,179.74939625330543,44.61066810003886,17.745687043861242,62.3563551439001,0.9109423630560364,0.5193259095724196,0.7542970578958617,0.3977902102713809,True,True,True,True,9.965957790525708,True,0.7295967693272456,False,False,,angle_jump,-27.998744626248566,-2.7006605161727464,28.128691186571363,1659.5927800077147,1659.5927800077147,159.07785046923073,308.7126228724803,102.30924707572284,-37.092029704876126,-88.47759976991904,28.40200527306198,1675.7183111106613,1675.7183111106613,166.62535532886517,8.214888344973868,8.29470879195936,8.29470879195936,False
120,120,2.0338983050847457,2.0338983050847457,Sports2D_HALPE26_postprocessed,193.49029910319828,246.82262325273896,1.0,143.5068327533496,254.5336283998233,1.0,203.27718358188352,299.61580747830857,1.0,108.0969876957673,227.09002619855312,1.0,196.3553769906073,351.9893707940499,1.0,103.6250601166065,191.2839775197325,1.0,175.88453864369728,351.2345687346725,1.0,128.76034740092098,341.20166448718766,1.0,166.22962079194247,347.2981277232215,1.0,113.3450738499643,406.1582847324349,1.0,162.85813554862148,389.7543216687114,1.0,110.21471754596092,419.81639886141375,1.0,155.9987444424127,449.5483820556491,1.0,114.78883463276,452.32922263724106,1.0,105.76131839902772,448.8611106987144,1.0,110.88041824035238,415.3121788018372,1.0,150.20705143131804,456.8082119967001,1.0,162.8820252966913,460.30908842819247,1.0,155.0176188310868,458.8180943993829,1.0,1.0,2.0338983050847457,193.49029910319828,246.82262325273896,False,143.5068327533496,254.5336283998233,False,203.27718358188352,299.61580747830857,False,108.0969876957673,227.09002619855312,False,196.3553769906073,351.9893707940499,False,103.6250601166065,191.2839775197325,False,175.88453864369728,351.2345687346725,False,128.76034740092098,341.20166448718766,False,166.22962079194247,347.2981277232215,False,113.3450738499643,406.1582847324349,False,162.85813554862148,389.7543216687114,False,110.21471754596092,419.81639886141375,False,155.9987444424127,449.5483820556491,False,True,134.89565143244906,179.5586284887559,177.99619336903473,44.799647641287855,36.0842245068857,80.88387214817355,0.9148012936035136,1.0560015324814571,0.9784161799033658,0.8054577749319187,True,True,True,True,78.7770656574365,True,0.4076675646605378,False,False,,angle_jump,-18.360760647748094,-28.951045582828783,34.28236531954767,2022.6595538533181,1659.5927800077147,160.44349613202414,310.6623070221352,140.44300761587388,-56.81843601541763,-119.37832950240272,36.66041739981383,2162.964626589022,1675.7183111106613,162.67477368646664,10.012047892087375,10.706549893205919,8.29470879195936,False
121,121,2.0508474576271185,2.0508474576271185,Sports2D_HALPE26_postprocessed,200.54125586329693,252.33305212045536,1.0,150.38301659083223,258.2550867047822,1.0,204.6649981732012,302.25553363224213,1.0,114.26679693213828,231.03384076506265,1.0,193.61847850472472,354.2088970214484,1.0,100.19435184850568,190.74439360263395,1.0,170.79031641946142,348.91824398833063,1.0,129.90825654928713,340.31565321774707,1.0,165.89248618346846,349.75767096647576,1.0,110.7856266499014,403.63401518699646,1.0,163.37926497464335,392.7956923967103,1.0,106.03975936212213,420.955292073921,1.0,156.78735073030657,449.5524317788845,1.0,113.34893140264158,452.2318215390992,1.0,102.78921456651128,447.3163865220512,1.0,104.34250247323936,422.3871361829351,1.0,151.8765637259911,456.8956026691513,1.0,163.70212909416094,461.38414005224746,1.0,154.4984193896089,460.1718881793424,1.0,1.0,2.0508474576271185,200.54125586329693,252.33305212045536,False,150.38301659083223,258.2550867047822,False,204.6649981732012,302.25553363224213,False,114.26679693213828,231.03384076506265,False,193.61847850472472,354.2088970214484,False,100.19435184850568,190.74439360263395,False,170.79031641946142,348.91824398833063,False,129.90825654928713,340.31565321774707,False,165.89248618346846,349.75767096647576,False,110.7856266499014,403.63401518699646,False,163.37926497464335,392.7956923967103,False,106.03975936212213,420.955292073921,False,156.78735073030657,449.5524317788845,False,True,146.2592630255477,178.51775199055086,176.71717447213325,45.2258504944432,42.676378282206535,87.90222877664974,0.9235042844066084,1.248920310263805,1.0633141144267466,0.9436279874371868,True,True,True,True,11.363611593098652,True,0.138170212505268,False,False,,angle_jump,-3.4307082681008296,-0.5395839170985539,3.4728820919240566,204.9000434235199,214.53511167326334,162.71218937419724,312.6459861303118,177.80403348841458,-62.51783752569156,-121.90159252767788,6.232979533901382,367.7457925001825,367.7457925001825,161.71185751717712,1.0142433727608098,1.8203204190300737,1.8203204190300737,False
122,122,2.067796610169492,2.067796610169492,Sports2D_HALPE26_postprocessed,206.2255700390028,257.86545273416726,1.0,153.11602774448616,261.3482790236143,1.0,205.43982938811183,304.1218141050488,1.0,122.60367803924076,230.4725860931472,1.0,191.18469832731392,352.1643175110548,1.0,102.75555178200524,193.32550198798413,1.0,165.89492826777547,346.4160430856523,1.0,128.64376057761453,335.2657649570874,1.0,165.37679488102253,347.3191155227124,1.0,109.41036286181244,401.1045140160722,1.0,163.9482183310369,392.1047298820962,1.0,101.94711924221208,422.4216638569078,1.0,157.33349864975327,449.5610599188309,1.0,109.42633658177346,452.471124440303,1.0,97.97386917921456,447.5369300191964,1.0,99.40681633529812,427.1233158807276,1.0,157.03769832530767,456.6216411871432,1.0,165.8257302339747,459.9593272237624,1.0,154.85559610989628,459.27056675304846,1.0,1.0,2.067796610169492,206.2255700390028,257.86545273416726,False,153.11602774448616,261.3482790236143,False,205.43982938811183,304.1218141050488,False,122.60367803924076,230.4725860931472,False,191.18469832731392,352.1643175110548,False,102.75555178200524,193.32550198798413,False,165.89492826777547,346.4160430856523,False,128.64376057761453,335.2657649570874,False,165.37679488102253,347.3191155227124,False,109.41036286181244,401.1045140160722,False,163.9482183310369,392.1047298820962,False,101.94711924221208,422.4216638569078,False,157.33349864975327,449.5610599188309,False,True,163.45523515619692,176.98919399829146,175.25968418310478,43.40866156047296,42.11714583681119,85.52580739728415,0.8863975910498083,1.23255442385718,1.03456760333514,0.970247511044252,True,True,True,True,17.19597213064921,False,0.0266195236070652,False,True,163.45523515619692,valid,2.561199933499566,2.581108385350177,3.636188333445227,214.53511167326334,214.53511167326334,163.14410314780878,312.0137434021158,45.17567914313797,-60.388551365803536,-118.68824141413165,3.854800245099537,227.43321446086733,367.7457925001825,161.09435579224635,1.0619364037388532,1.1257812670924228,1.8203204190300737,False
123,123,2.084745762711864,2.084745762711864,Sports2D_HALPE26_postprocessed,207.908889770458,263.35700990083825,1.0,154.86207410892428,260.8342646219445,1.0,206.1256255999432,304.485666908093,1.0,126.62714616582682,236.48133111955136,1.0,188.5778066676896,350.13234731032395,1.0,120.90855462649772,232.68914381359747,1.0,164.7623219076939,348.75679356906704,1.0,127.1429495914346,327.41899713164327,1.0,163.3894649203333,342.7580792785329,1.0,107.411499624835,392.1033414286523,1.0,164.00327262852144,392.38043119367535,1.0,100.2720684658293,418.04749142105874,1.0,157.38498180181784,449.5789953688185,1.0,106.3331949987178,453.2536100116197,1.0,95.41587480949998,448.5584627140149,1.0,97.17784295160678,424.4679284863345,1.0,155.98954662341038,456.5749989334724,1.0,166.71592068080844,459.7846556111016,1.0,154.9453216458008,459.3487127718613,1.0,1.0,2.084745762711864,207.908889770458,263.35700990083825,False,154.86207410892428,260.8342646219445,False,206.1256255999432,304.485666908093,False,126.62714616582682,236.48133111955136,False,188.5778066676896,350.13234731032395,False,120.90855462649772,232.68914381359747,False,164.7623219076939,348.75679356906704,False,127.1429495914346,327.41899713164327,False,163.3894649203333,342.7580792785329,False,107.411499624835,392.1033414286523,False,164.00327262852144,392.38043119367535,False,100.2720684658293,418.04749142105874,False,157.38498180181784,449.5789953688185,False,True,172.77154672977107,178.42217109313373,172.69112240412576,37.28641208434901,6.861703415123984,44.14811549947299,0.761382283220467,0.2008071233572299,0.5340400919208754,0.1840269157461837,True,True,False,True,9.316311573574154,True,0.7862205952980682,False,False,,short_forearm|angle_jump,18.153002844492477,39.36364182561334,43.34775438298192,2557.517508596007,2557.517508596007,162.88002855515884,308.87425198505343,185.884102133034,-41.971473928661126,-76.18510817145597,46.3217559767583,2732.9836026288185,2732.9836026288185,159.73922222407907,12.659563855980549,13.528110880390678,13.528110880390678,True
124,124,2.101694915254237,2.101694915254237,Sports2D_HALPE26_postprocessed,211.33332712824327,269.4778890644324,1.0,158.10311782035365,263.39597572177723,1.0,206.02816873408025,304.16938438505576,1.0,138.99519536112496,293.8706050424776,1.0,187.4814240339984,348.812554521382,1.0,168.19053200877212,300.15056232201925,1.0,166.069376391838,340.4551132928639,1.0,125.68064918419022,331.0425315999963,1.0,160.39212244736152,341.59737130396303,1.0,100.57262214611528,394.72522676373103,1.0,165.4398669413253,391.4284679951189,1.0,98.21705207922132,417.803210448404,1.0,157.5344956034222,449.564208904135,1.0,102.3394672171208,452.04529519519696,1.0,90.40403285745288,449.4052863306187,1.0,99.12338074703402,423.751565323221,1.0,158.85899648140455,456.3938210328031,1.0,166.00418690469712,458.20315213479415,1.0,155.16207021765192,456.96624572052247,1.0,1.0,2.101694915254237,211.33332712824327,269.4778890644324,False,158.10311782035365,263.39597572177723,False,206.02816873408025,304.16938438505576,False,138.99519536112496,293.8706050424776,False,187.4814240339984,348.812554521382,False,168.19053200877212,300.15056232201925,False,166.069376391838,340.4551132928639,False,125.68064918419022,331.0425315999963,False,160.39212244736152,341.59737130396303,False,100.57262214611528,394.72522676373103,False,165.4398669413253,391.4284679951189,False,98.21705207922132,417.803210448404,False,157.5344956034222,449.564208904135,False,True,70.05127495263908,164.31028363831072,166.47217870599303,35.969650164298066,29.863113457948717,65.83276362224677,0.7344942255849355,0.8739412861773923,0.7963496230467553,0.8302308563342538,True,True,True,True,102.720271777132,True,0.64620394058807,False,False,,angle_jump,47.281977382274405,67.46141850842179,82.38099521337638,4860.47871758922,2557.517508596007,162.55101454649642,310.0513157526981,72.10874982416406,5.639517462275705,-9.900753430678833,81.61140964735903,4815.0731691941955,2732.9836026288185,159.39529676709668,24.059088740993204,23.834333900648755,13.528110880390678,False
125,125,2.1186440677966103,2.1186440677966103,Sports2D_HALPE26_postprocessed,213.90430222549256,271.83376108406384,1.0,165.8600231041761,269.16727716561456,1.0,208.1977604074356,303.4527213050912,1.0,144.72865368710836,301.0736028673142,1.0,188.90344658933324,346.1857422562768,1.0,172.38820375056858,317.4576655231982,1.0,168.49648596411154,349.96149526824894,1.0,124.46594567296162,328.50642819920256,1.0,159.98343500836967,338.8898122321223,1.0,97.03576694150068,393.1038512843588,1.0,165.48991740207015,390.0697695100136,1.0,94.78908328917896,417.54377295777294,1.0,157.66071116432744,449.590061548208,1.0,99.35064675974158,453.291356921445,1.0,88.3555710450368,450.81672575649736,1.0,96.0221173115091,422.7053124948772,1.0,158.09496051800295,455.613249041852,1.0,165.64403607744123,459.2655301035659,1.0,154.90619619634387,457.27386919062224,1.0,1.0,2.1186440677966103,213.90430222549256,271.83376108406384,False,165.8600231041761,269.16727716561456,False,208.1977604074356,303.4527213050912,False,144.72865368710836,301.0736028673142,False,188.90344658933324,346.1857422562768,False,172.38820375056858,317.4576655231982,False,168.49648596411154,349.96149526824894,False,124.46594567296162,328.50642819920256,False,159.98343500836967,338.8898122321223,False,97.03576694150068,393.1038512843588,False,165.48991740207015,390.0697695100136,False,94.78908328917896,417.54377295777294,False,157.66071116432744,449.590061548208,False,True,87.12399822439728,162.2445907550665,166.3655588178524,38.2694185116984,32.14791157797027,70.41733008966867,0.7814551096533926,0.9408056943536884,0.851807081875515,0.8400418095755262,True,True,True,True,17.072723271758207,True,0.0098109532412724,False,False,,angle_jump,4.197671741796455,17.30710320117896,17.80888175232054,1050.7240233868872,2284.7632222588772,164.62679104823573,310.00405972550766,122.50254575863808,7.761412702332848,7.453605797690557,17.483598703844326,1031.5323235267908,2265.599229043508,159.3164324692915,5.201023189233727,5.1060253841093814,11.214585243594986,False
126,126,2.135593220338983,2.135593220338983,Sports2D_HALPE26_postprocessed,215.25621668432515,272.7171042109051,1.0,167.70508945069693,274.66417869099035,1.0,210.3465552717812,302.67971679788167,1.0,147.86193599978645,308.93994503290304,1.0,190.3244462844424,344.028326980442,1.0,197.9903296783238,346.511775598,1.0,199.2880963816364,353.1030145564025,1.0,122.68704774065772,326.72433774320007,1.0,159.17415452291112,336.4433411100109,1.0,94.15125613126658,387.6970469556785,1.0,165.74598825533496,386.3515177416331,1.0,92.59664231225916,415.3191300701367,1.0,157.50695170988607,449.880725142846,1.0,96.49672835703603,453.2758816516284,1.0,85.01383766767864,449.7811185775272,1.0,93.27554398326323,419.8064742152146,1.0,160.4686486683427,454.6668714270337,1.0,166.35878104153528,458.5698089392425,1.0,154.96653360586535,456.82402282218527,1.0,1.0,2.135593220338983,215.25621668432515,272.7171042109051,False,167.70508945069693,274.66417869099035,False,210.3465552717812,302.67971679788167,False,147.86193599978645,308.93994503290304,False,190.3244462844424,344.028326980442,False,197.9903296783238,346.511775598,False,199.2880963816364,353.1030145564025,False,122.68704774065772,326.72433774320007,False,159.17415452291112,336.4433411100109,False,94.15125613126658,387.6970469556785,False,165.74598825533496,386.3515177416331,False,92.59664231225916,415.3191300701367,False,157.50695170988607,449.880725142846,False,True,96.78430502720497,158.14126866781672,165.10914960816316,39.605288752914994,62.64581633918402,102.251105092099,0.808733356003373,1.83332409000799,1.236886080970942,1.5817538089423278,True,True,True,True,9.660306802807682,False,0.7417119993668015,True,False,,arm_ratio_jump,25.602125927755225,29.05411007480177,38.724800377269005,2284.7632222588772,1402.9676151896115,164.97821174651176,310.1278935855207,21.983445292076752,33.01211793181204,36.38388201247926,38.399986932940706,2265.599229043508,1377.8360224675125,157.5053627870364,11.309445902429236,11.214585243594986,6.820208679264624,False
127,127,2.152542372881356,2.152542372881356,Sports2D_HALPE26_postprocessed,213.8586985360748,274.03870229447216,1.0,170.81604705541378,279.4174308292304,1.0,213.0751244953177,302.67404386706284,1.0,174.44125620813654,337.4668186282175,1.0,190.4058416627072,342.90280680628496,1.0,212.88460170278773,365.0484105182101,1.0,179.29650643867708,349.0122015600096,1.0,123.0063549884777,322.3459840610085,1.0,159.90425800580664,333.0852236142393,1.0,90.159198614848,382.7309025404965,1.0,165.89802807998163,381.8725374705514,1.0,89.77841030882551,412.1078080423371,1.0,157.51748888846373,449.4547087352959,1.0,91.2328500773082,449.8498270158884,1.0,80.49111218802985,446.4004013445007,1.0,90.97931104646428,415.2885034164155,1.0,159.82549707199706,453.86433499872646,1.0,166.4382130223124,458.52053878042807,1.0,155.07137257372335,456.45920176536055,1.0,1.0,2.152542372881356,213.8586985360748,274.03870229447216,False,170.81604705541378,279.4174308292304,False,213.0751244953177,302.67404386706284,False,174.44125620813654,337.4668186282175,False,190.4058416627072,342.90280680628496,False,212.88460170278773,365.0484105182101,False,179.29650643867708,349.0122015600096,False,123.0063549884777,322.3459840610085,False,159.90425800580664,333.0852236142393,False,90.159198614848,382.7309025404965,False,165.89802807998163,381.8725374705514,False,89.77841030882551,412.1078080423371,False,157.51748888846373,449.4547087352959,False,True,129.23146056561967,152.19808459917115,165.9271314414714,58.16247557694029,47.31421587649135,105.47669145343164,1.1876679996012174,1.3846462036117502,1.2759045626754524,0.8134835288071893,True,True,True,True,32.447155538414705,False,0.7682702801351384,True,False,,arm_ratio_jump,14.89427202446393,18.536634920210133,23.779112121857757,1402.9676151896115,1402.9676151896115,166.70044613625396,309.3806705928853,110.76350027144971,46.184155566533775,55.66773992532484,23.353152923178115,1377.8360224675125,1377.8360224675125,155.53322136391074,6.944608610760133,6.820208679264624,6.820208679264624,False
128,128,2.169491525423729,2.169491525423729,Sports2D_HALPE26_postprocessed,217.1008352375337,275.4196641621351,1.0,171.10892239388815,281.1764064292737,1.0,214.9299882092352,303.5161246952728,1.0,188.15597984775204,347.5815296534441,1.0,190.3681659697341,342.62121184563017,1.0,218.46417950083708,377.7518765563098,1.0,174.81413690847776,343.4031622859694,1.0,122.14946648857403,321.12522774062387,1.0,159.5393871301236,332.40343590999964,1.0,87.6968846912072,379.7357889632912,1.0,165.99308944092655,381.22845089135126,1.0,85.85314372925689,405.14683071711056,1.0,157.58473652791108,449.9631965085701,1.0,85.9348486140881,444.85795939373423,1.0,77.38864857244712,440.9141635081703,1.0,85.78076467001463,405.7733181595225,1.0,161.51287889153588,454.1303013040504,1.0,166.09606874420777,458.2860714246056,1.0,154.7426043377937,456.59411978875096,1.0,1.0,2.169491525423729,217.1008352375337,275.4196641621351,False,171.10892239388815,281.1764064292737,False,214.9299882092352,303.5161246952728,False,188.15597984775204,347.5815296534441,False,190.3681659697341,342.62121184563017,False,218.46417950083708,377.7518765563098,False,174.81413690847776,343.4031622859694,False,122.14946648857403,321.12522774062387,False,159.5393871301236,332.40343590999964,False,87.6968846912072,379.7357889632912,False,165.99308944092655,381.22845089135126,False,85.85314372925689,405.14683071711056,False,157.58473652791108,449.9631965085701,False,True,149.26707066220857,153.70196727143758,165.4959128066757,68.55831501905942,42.76490147832126,111.32321649738068,1.3999492980143855,1.251510933508028,1.3466273723936957,0.6237741033517596,True,True,True,True,20.035610096588897,False,0.1897094254554296,True,False,,arm_ratio_jump,5.579577798049343,12.703466038099691,13.874787846509129,818.6124829440408,818.6124829440408,166.93194105545524,309.5552986937925,17.1084609709655,51.532238445381836,68.1965778625173,13.622546404232244,803.7302378497045,803.7302378497045,152.85669436872476,4.052084478914074,3.9784182258155645,3.9784182258155645,False
129,129,2.1864406779661016,2.1864406779661016,Sports2D_HALPE26_postprocessed,218.35744710375155,274.30520749431,1.0,175.69557832195443,283.3928917024656,1.0,216.40693425564675,302.17284331565,1.0,187.7620281989711,350.12052369758106,1.0,189.69033349298127,342.62248677406586,1.0,220.1664687154725,383.9531127785429,1.0,178.2140067458449,338.4037267005877,1.0,123.16432429774125,314.91174831023204,1.0,160.0873185731295,329.37654268603825,1.0,87.95472274484786,373.5583980451535,1.0,166.54242050997271,379.0513194528963,1.0,83.14621916926012,398.4833433233261,1.0,157.5982533166336,450.0737927912437,1.0,81.3906584021335,433.8594230888471,1.0,70.80418251371434,433.06037055496336,1.0,80.04608499673321,399.1290755812312,1.0,162.51353085500432,455.57927248723934,1.0,166.752913936966,460.4497463343397,1.0,154.42845067792098,456.6165867603642,1.0,1.0,2.1864406779661016,218.35744710375155,274.30520749431,False,175.69557832195443,283.3928917024656,False,216.40693425564675,302.17284331565,False,187.7620281989711,350.12052369758106,False,189.69033349298127,342.62248677406586,False,220.1664687154725,383.9531127785429,False,178.2140067458449,338.4037267005877,False,123.16432429774125,314.91174831023204,False,160.0873185731295,329.37654268603825,False,87.95472274484786,373.5583980451535,False,166.54242050997271,379.0513194528963,False,83.14621916926012,398.4833433233261,False,157.5982533166336,450.0737927912437,False,True,146.48528002308052,159.94003836986133,165.41833900552564,67.80985241327483,46.84753834630689,114.65739075958172,1.3846658170935535,1.3709889283402414,1.3869593935756033,0.6908662484735885,True,True,True,True,2.781790639128048,False,0.0670921451218288,False,True,146.48528002308052,valid,1.7022892146354138,6.201236222233092,6.430639101535695,379.407706990607,379.407706990607,168.83853886211796,307.4635065035965,166.98886395856888,51.32792985335453,76.48960627494642,8.295544722930067,489.43713865287526,489.43713865287526,151.71826962422733,1.8780462217580323,2.4226855493419137,2.4226855493419137,False
130,130,2.2033898305084745,2.2033898305084745,Sports2D_HALPE26_postprocessed,221.55961950100777,275.12967908061705,1.0,178.43241875095586,284.3664097428756,1.0,217.58804282282435,301.3442599905152,1.0,186.8518322723396,347.53418429135667,1.0,189.74075779586275,339.0182700662362,1.0,215.84969007253545,384.1456122652952,1.0,182.7561086629907,340.0945645538998,1.0,123.25611338494664,314.04110396580285,1.0,160.29887441841848,330.28766958826293,1.0,86.19178226391104,371.35194810741353,1.0,168.25326768251233,378.14238755912135,1.0,77.66829125456181,389.5148672148784,1.0,157.52664927271297,449.7657355010388,1.0,73.94781183761073,424.4703427941504,1.0,64.3067363657051,422.5724679201584,1.0,73.07469051057632,392.0229751604302,1.0,161.9091019692559,455.7113575255431,1.0,165.77534231567958,460.0583649928769,1.0,154.05481678493547,456.4219713585716,1.0,1.0,2.2033898305084745,221.55961950100777,275.12967908061705,False,178.43241875095586,284.3664097428756,False,217.58804282282435,301.3442599905152,False,186.8518322723396,347.53418429135667,False,189.74075779586275,339.0182700662362,False,215.84969007253545,384.1456122652952,False,182.7561086629907,340.0945645538998,False,123.25611338494664,314.04110396580285,False,160.29887441841848,330.28766958826293,False,86.19178226391104,371.35194810741353,False,168.25326768251233,378.14238755912135,False,77.66829125456181,389.5148672148784,False,157.52664927271297,449.7657355010388,False,True,149.21123938193847,172.2479751141187,162.04504493475545,63.72640163583531,46.70409420266352,110.43049583849884,1.3012824368607767,1.3667910485857804,1.335828528154588,0.7328845345694268,True,True,True,True,2.725959358857949,False,0.0420182860958383,False,True,149.21123938193847,valid,-4.316778642937038,0.1924994867522969,4.321068606782035,254.94304780014073,379.407706990607,169.89386234428633,307.5098608218641,62.32412085871124,45.95582772824912,76.6357514434311,5.374089658056843,317.0712898253546,489.43713865287526,150.13540482897673,1.2619533521926725,1.569484559519492,2.4226855493419137,False
131,131,2.220338983050848,2.220338983050848,Sports2D_HALPE26_postprocessed,227.28783402213563,276.9059854805882,1.0,182.8036334531471,285.2921749015351,1.0,217.96656530602704,299.2225185491147,1.0,183.5010840529112,343.78813961277694,1.0,189.7207086050961,336.4863571460149,1.0,209.20934207963407,375.1649454519563,1.0,201.70553918758057,341.9621179592781,1.0,123.24851683016864,313.0693734169438,1.0,159.74443988283286,328.4128226375888,1.0,87.60850994055485,366.1861200760741,1.0,169.65031387381248,376.5139728273169,1.0,73.33338401806414,379.4293173609802,1.0,157.62540240040235,449.9780821072374,1.0,67.30093570349769,412.44465640371095,1.0,56.62658010123669,408.51841120563824,1.0,65.86670902752684,382.6105128244188,1.0,161.6844946489105,454.9583049611363,1.0,165.72862752477272,458.53851144255736,1.0,153.3458878837228,456.1893878533881,1.0,1.0,2.220338983050848,227.28783402213563,276.9059854805882,False,182.8036334531471,285.2921749015351,False,217.96656530602704,299.2225185491147,False,183.5010840529112,343.78813961277694,False,189.7207086050961,336.4863571460149,False,209.20934207963407,375.1649454519563,False,201.70553918758057,341.9621179592781,False,123.24851683016864,313.0693734169438,False,159.74443988283286,328.4128226375888,False,87.60850994055485,366.1861200760741,False,169.65031387381248,376.5139728273169,False,73.33338401806414,379.4293173609802,False,157.62540240040235,449.9780821072374,False,True,141.35398976684635,166.7130541302122,159.06730922476493,58.5001224343844,40.56375815229799,99.0638805866824,1.1945626918194296,1.1870946752329374,1.1983316455530706,0.6933961240473573,True,True,True,True,7.857249615092115,True,0.0394884105220695,False,False,,angle_jump,-6.640347992901383,-8.980666813338871,11.169001650955003,658.9710974063124,658.9710974063124,170.9407888680439,306.49922237629556,85.8535193761209,38.26855321159016,68.66572307566076,11.07319022132006,653.318223057851,653.318223057851,149.00365198691674,3.261868846966538,3.2338874456491853,3.2338874456491853,False
132,132,2.23728813559322,2.23728813559322,Sports2D_HALPE26_postprocessed,232.5546096803828,279.4235391853865,1.0,185.8535995708704,286.02620152229457,1.0,218.92272493782943,296.76978771736947,1.0,177.83398877043612,332.3140065127984,1.0,193.55270244137887,333.1304260668245,1.0,204.1091925785528,340.898532108669,1.0,196.16763482274243,343.4129099003214,1.0,123.41669813081624,312.1993153356975,1.0,159.49175138537316,327.3359403319045,1.0,84.38481219963737,369.6574334140032,1.0,170.9687184101218,375.8270211313168,1.0,66.48015840087255,372.9388910199456,1.0,157.5829088884532,449.6756416442177,1.0,51.661781806749225,389.0787361052711,1.0,43.52085261410014,387.6155499253536,1.0,57.66257670326801,368.97107091564885,1.0,161.99981064348182,454.4593705743804,1.0,166.468514361713,458.52300994340135,1.0,152.5343712958579,456.0771428450839,1.0,1.0,2.23728813559322,232.5546096803828,279.4235391853865,False,185.8535995708704,286.02620152229457,False,218.92272493782943,296.76978771736947,False,177.83398877043612,332.3140065127984,False,193.55270244137887,333.1304260668245,False,204.1091925785528,340.898532108669,False,196.16763482274243,343.4129099003214,False,123.41669813081624,312.1993153356975,False,159.49175138537316,327.3359403319045,False,84.38481219963737,369.6574334140032,False,170.9687184101218,375.8270211313168,False,66.48015840087255,372.9388910199456,False,157.5829088884532,449.6756416442177,False,True,98.26380845592954,134.57423680805522,156.41026219247615,46.97738869104321,27.64200453773616,74.61939322877937,0.9592704007134908,0.8089407366129943,0.9026375682887978,0.588410835679473,True,True,True,True,43.09018131091682,True,0.1049852883678842,False,False,,angle_jump,-5.100149501081262,-34.266413343287354,34.643882697330575,2043.9890791426164,658.9710974063124,171.92119350622232,305.58281122681655,79.1788495921753,32.187999072330484,35.31572088185243,33.89979033810517,2000.0876299483152,653.318223057851,150.1417789166993,10.117627809530779,9.900318173300588,3.2338874456491853,False
133,133,2.254237288135593,2.254237288135593,Sports2D_HALPE26_postprocessed,232.23233919294032,280.33739907283723,1.0,186.84711689965823,286.14055066122603,1.0,220.58405342526987,294.4005905857579,1.0,180.51080865242915,329.23522744558244,1.0,197.9653604690901,321.33179493367834,1.0,198.86865192649475,347.6555800822297,1.0,189.53828879378685,349.144061952009,1.0,125.04426727186244,309.293073906617,1.0,158.97423764749664,323.3096943432841,1.0,81.09459906817919,371.1537638048402,1.0,172.9669104263213,375.7638766144476,1.0,53.85966695796781,361.9083417935258,1.0,157.56174117824082,449.9054350296889,1.0,36.93890646472733,375.72609345888935,1.0,33.24694643881314,369.6852287436973,1.0,50.16831735554919,350.47747002301287,1.0,167.5761374475547,457.7764152838589,1.0,169.02220302604013,461.255206704958,1.0,152.1564325415913,455.9659894565936,1.0,1.0,2.254237288135593,232.23233919294032,280.33739907283723,False,186.84711689965823,286.14055066122603,False,220.58405342526987,294.4005905857579,False,180.51080865242915,329.23522744558244,False,197.9653604690901,321.33179493367834,False,198.86865192649475,347.6555800822297,False,189.53828879378685,349.144061952009,False,125.04426727186244,309.293073906617,False,158.97423764749664,323.3096943432841,False,81.09459906817919,371.1537638048402,False,172.9669104263213,375.7638766144476,False,53.85966695796781,361.9083417935258,False,157.56174117824082,449.9054350296889,False,True,126.73298454803538,106.64157598279404,153.32566779167806,43.55800694880392,26.006149290765684,69.5641562395696,0.8894471988398698,0.7610675823100934,0.8414866177701597,0.5970463552506458,True,True,True,True,28.46917609210584,True,0.0086355195711727,False,False,,angle_jump,-5.240540652058058,6.757047973560702,8.551079677027568,504.51370094462783,1004.0736316848624,172.8624188110718,303.28597737422126,146.4502038496739,26.00623311542296,44.369602708008415,10.962983465643761,646.8160244729836,932.8585288380244,151.58072011279535,2.4973136613370834,3.2017019384482652,4.617595803245982,False
134,134,2.2711864406779663,2.2711864406779663,Sports2D_HALPE26_postprocessed,236.03637677250924,283.9792712777366,1.0,189.03397347098863,284.79901299762963,1.0,222.88421601441925,293.2879509609179,1.0,180.28731879297723,319.79865167243264,1.0,199.26955142684645,315.5882264657744,1.0,204.94825571874887,331.7603779171037,1.0,189.70413059050688,344.4582756981644,1.0,124.90883629211264,308.1350117112856,1.0,157.40289055936694,322.8053354784512,1.0,80.12145227683496,369.8833860496371,1.0,173.69454544770042,376.7523236311962,1.0,50.04379426984647,345.50001111342334,1.0,157.35625160580213,450.9718937905844,1.0,29.211138497842427,352.7279781980168,1.0,29.13618201983677,351.9136333744356,1.0,44.56410934030355,335.5223159687769,1.0,169.63148429838645,462.9429450822079,1.0,169.46966244629343,464.4433362066736,1.0,151.65405478246396,456.1642671788159,1.0,1.0,2.2711864406779663,236.03637677250924,283.9792712777366,False,189.03397347098863,284.79901299762963,False,222.88421601441925,293.2879509609179,False,180.28731879297723,319.79865167243264,False,199.26955142684645,315.5882264657744,False,204.94825571874887,331.7603779171037,False,189.70413059050688,344.4582756981644,False,124.90883629211264,308.1350117112856,False,157.40289055936694,322.8053354784512,False,80.12145227683496,369.8833860496371,False,173.69454544770042,376.7523236311962,False,50.04379426984647,345.50001111342334,False,157.35625160580213,450.9718937905844,False,True,101.84436104248958,86.92314758431218,150.78123726592747,36.07601246566956,27.408843551112103,63.48485601678166,0.7366661259459467,0.8021173016478641,0.7679480303794697,0.7597525801166287,True,True,True,True,24.888623505545795,False,0.1627062248659829,False,True,101.84436104248958,valid,6.079603792254119,-15.895202165125966,17.01819714720146,1004.0736316848624,504.51370094462783,173.55747908422188,302.2568277870711,73.2707233530897,31.390776634526986,29.503550130032636,15.811161505729599,932.8585288380244,646.8160244729836,149.5991757140846,4.9701064464652704,4.617595803245982,3.2017019384482652,False
135,135,2.288135593220339,2.288135593220339,Sports2D_HALPE26_postprocessed,240.19934425109736,287.9989787952758,1.0,194.7503980891701,283.94417413152416,1.0,223.89136921639428,292.7233985524003,1.0,184.9651710555609,318.6534596672231,1.0,199.03058001003427,312.0787298719344,1.0,206.2290505228212,328.2076377306255,1.0,190.55621097776813,342.3536666991417,1.0,126.3212847598946,306.38231916284184,1.0,156.42883522696278,321.71057291037647,1.0,78.51173588315149,367.7536127069267,1.0,175.02154215996973,377.06913028269,1.0,47.54366652375911,337.76374315848915,1.0,157.57455681512667,451.3267453052378,1.0,18.5379374776723,337.7322439441485,1.0,21.09939755937262,340.4404000812068,1.0,44.08867908002839,325.53599512829464,1.0,171.6723906063134,465.03554768908606,1.0,170.00802881063123,466.0727808664129,1.0,150.98833828507566,456.6626435694201,1.0,1.0,2.288135593220339,240.19934425109736,287.9989787952758,False,194.7503980891701,283.94417413152416,False,223.89136921639428,292.7233985524003,False,184.9651710555609,318.6534596672231,False,199.03058001003427,312.0787298719344,False,206.2290505228212,328.2076377306255,False,190.55621097776813,342.3536666991417,False,126.3212847598946,306.38231916284184,False,156.42883522696278,321.71057291037647,False,78.51173588315149,367.7536127069267,False,175.02154215996973,377.06913028269,False,47.54366652375911,337.76374315848915,False,157.57455681512667,451.3267453052378,False,True,98.45091099685058,83.8387063346605,148.21292401945706,36.062240231271765,23.311689953012294,59.37393018428406,0.7363848992286344,0.6822144760355332,0.7182199913764656,0.646429334492573,True,True,True,True,3.393450045639,False,0.1133232456240557,False,True,98.45091099685058,valid,1.2807948040723431,-3.5527401864782178,3.776559037371982,222.81698320494755,352.70331879998895,175.34797182310544,301.1901161892857,122.96565196517365,30.881078699715772,27.017521541339818,2.5377411468762574,149.7267276656996,292.5650258427388,150.59531780278166,1.1029311891704259,0.7411386484980457,1.448179969143588,False
136,136,2.305084745762712,2.305084745762712,Sports2D_HALPE26_postprocessed,244.04638448876509,288.39541390162856,1.0,198.41133195516323,283.5725038851592,1.0,225.685503342512,291.59338592541485,1.0,183.05001312481767,319.1403686444115,1.0,198.5444874124259,310.416641340428,1.0,211.86992176969423,330.18686051335993,1.0,193.5162227755408,340.53994926040525,1.0,125.2958736904267,307.4241723621673,1.0,156.16208412429984,322.6817134580989,1.0,77.04400919369441,366.6419475916558,1.0,175.17528560479826,376.5180952009147,1.0,44.76991527347586,324.52087594227345,1.0,157.69329255361876,452.7316093548383,1.0,12.904895410033353,317.7247347485861,1.0,16.148004335816314,324.2853239601649,1.0,41.67463492422193,314.462869224746,1.0,172.1403001139327,461.50655108554895,1.0,170.41783454570515,465.6199592174957,1.0,151.44818181187688,457.0478986092164,1.0,1.0,2.305084745762712,244.04638448876509,288.39541390162856,False,198.41133195516323,283.5725038851592,False,225.685503342512,291.59338592541485,False,183.05001312481767,319.1403686444115,False,198.5444874124259,310.416641340428,False,211.86992176969423,330.18686051335993,False,193.5162227755408,340.53994926040525,False,125.2958736904267,307.4241723621673,False,156.16208412429984,322.6817134580989,False,77.04400919369441,366.6419475916558,False,175.17528560479826,376.5180952009147,False,44.76991527347586,324.52087594227345,False,157.69329255361876,452.7316093548383,False,True,87.612601946,76.63398990516038,147.62937139189614,38.74329773960899,30.86441505860388,69.60771279821287,0.7911316440354379,0.9032442860122988,0.8420135020622397,0.7966388216625613,True,True,True,True,10.838309050850585,False,0.1502094871699882,False,True,87.612601946,valid,5.640871246873019,1.979222782734439,5.97802235254217,352.70331879998895,222.81698320494755,176.38869827810043,301.31794390771006,61.86429180811322,35.481223491593795,28.868916605649872,4.958729251571831,292.5650258427388,149.7267276656996,149.96704379721868,1.745861043592973,1.448179969143588,0.7411386484980457,False
137,137,2.3220338983050848,2.3220338983050848,Sports2D_HALPE26_postprocessed,245.17350284062385,288.981004705297,1.0,198.97172520764843,282.5691350499628,1.0,227.2135049890037,290.39592788429326,1.0,177.8993546720671,316.7860083290824,1.0,198.1475410912644,307.57935925952535,1.0,211.67259894594548,327.69611838223807,1.0,193.46793952628403,341.200397693181,1.0,124.93258324048692,306.7958091074464,1.0,155.91076350779147,322.8172887772072,1.0,75.88570579052305,364.32540748398594,1.0,174.74542374389102,376.5079498496395,1.0,39.2815571179011,320.6951238922834,1.0,157.65658006301925,453.63191258329607,1.0,6.427111394456873,310.5105920349075,1.0,11.094123211197813,313.1656449127589,1.0,38.27196092271817,307.5762541332672,1.0,169.35158823070103,464.0992684047752,1.0,170.14081350842216,468.3390057596689,1.0,151.6948192761531,457.7113035032032,1.0,1.0,2.3220338983050848,245.17350284062385,288.981004705297,False,198.97172520764843,282.5691350499628,False,227.2135049890037,290.39592788429326,False,177.8993546720671,316.7860083290824,False,198.1475410912644,307.57935925952535,False,211.67259894594548,327.69611838223807,False,193.46793952628403,341.200397693181,False,124.93258324048692,306.7958091074464,False,155.91076350779147,322.8172887772072,False,75.88570579052305,364.32540748398594,False,174.74542374389102,376.5079498496395,False,39.2815571179011,320.6951238922834,False,157.65658006301925,453.63191258329607,False,True,76.2758054701548,80.44463270114292,148.17561522334577,40.18506211253335,35.49172481234221,75.67678692487556,0.8205722308003911,1.0386620830687832,0.9154283889222744,0.8832069168625888,True,True,True,True,11.336796475845205,False,0.0865680952000275,False,True,76.2758054701548,valid,-0.197322823748749,-2.4907421311218627,2.498546109343924,147.4142204512919,303.93974973058835,176.75714423623265,300.64454020472743,45.28898458717682,34.91545470971283,27.051578177510635,1.9033689282276993,112.29876676543456,253.0603735431585,152.56217916362837,0.7296918714379421,0.5558724051884697,1.2526342234296552,False
138,138,2.3389830508474576,2.3389830508474576,Sports2D_HALPE26_postprocessed,246.2907848176685,285.302772263559,1.0,197.6682939424249,280.68970086562894,1.0,227.72829861254985,288.5185455872215,1.0,178.02909088541665,322.168725756162,1.0,197.54008880310508,305.6747356315363,1.0,215.7567099975865,324.55634014083887,1.0,194.4359504995272,341.112961843653,1.0,125.18572925624892,304.6025625590222,1.0,156.35472105324138,321.155123809817,1.0,72.73242594550092,362.1856589357735,1.0,175.01482168252875,376.4568579902691,1.0,36.45684621542917,316.1145094471326,1.0,157.48447830893022,454.5304615573732,1.0,5.143411485679225,304.53515203206183,1.0,9.103392633914549,306.374575017908,1.0,35.46988623872427,301.59557674978555,1.0,170.09125966914598,462.2025047213057,1.0,171.01780212432828,469.4083132432618,1.0,151.72635838585026,459.2695464899247,1.0,1.0,2.3389830508474576,246.2907848176685,285.302772263559,False,197.6682939424249,280.68970086562894,False,227.72829861254985,288.5185455872215,False,178.02909088541665,322.168725756162,False,197.54008880310508,305.6747356315363,False,215.7567099975865,324.55634014083887,False,194.4359504995272,341.112961843653,False,125.18572925624892,304.6025625590222,False,156.35472105324138,321.155123809817,False,72.73242594550092,362.1856589357735,False,175.01482168252875,376.4568579902691,False,36.45684621542917,316.1145094471326,False,157.48447830893022,454.5304615573732,False,True,68.28487098403619,80.5471053818503,148.69931718490005,45.89343964646652,37.803094401422754,83.69653404788927,0.9371363429610996,1.106304102858742,1.012439698290792,0.823714559044461,True,True,True,True,7.990934486118604,False,0.0594923578181277,False,True,68.28487098403619,valid,4.084111051641031,-3.139778241399199,5.151521181874365,303.93974973058835,147.4142204512919,176.73426071611627,298.7414832054224,112.28848004570575,39.022449281470244,25.814856935416458,4.289158873612845,253.0603735431585,238.0834694518925,153.41797083231762,1.5044841949869643,1.2526342234296552,1.1784994137671545,False
139,139,2.3559322033898304,2.3559322033898304,Sports2D_HALPE26_postprocessed,248.3219291677046,280.18007717220786,1.0,201.76182583468844,279.831041308024,1.0,229.5450419144976,287.64227112464584,1.0,180.9204174023203,314.4042305405501,1.0,197.911121404596,303.7652743191337,1.0,215.5348834199108,326.1599653276407,1.0,194.935802836918,342.393870195179,1.0,126.03702289725874,302.38076748089173,1.0,156.4340201166458,317.3554205567672,1.0,72.36145204365009,359.4942604777458,1.0,175.29066872926336,376.3333082210261,1.0,33.802108954199035,310.26048085563446,1.0,157.49554292963148,453.55295420499,1.0,-0.6056632761630109,298.3809022403193,1.0,5.241365842083926,298.37345699999946,1.0,32.7880293996311,295.5650710252576,1.0,170.4731091136997,462.34223924775074,1.0,171.2217742833805,469.0622337803361,1.0,152.02093906652152,459.2844909223947,1.0,1.0,2.3559322033898304,248.3219291677046,280.18007717220786,False,201.76182583468844,279.831041308024,False,229.5450419144976,287.64227112464584,False,180.9204174023203,314.4042305405501,False,197.911121404596,303.7652743191337,False,215.5348834199108,326.1599653276407,False,194.935802836918,342.393870195179,False,126.03702289725874,302.38076748089173,False,156.4340201166458,317.3554205567672,False,72.36145204365009,359.4942604777458,False,175.29066872926336,376.3333082210261,False,33.802108954199035,310.26048085563446,False,157.49554292963148,453.55295420499,False,True,77.67605849039974,81.29025944748645,149.29252206532496,40.369167927427526,36.55623829208005,76.92540621950758,0.8243316406728451,1.0698149727681534,0.9305323804592952,0.9055484709964284,True,True,True,True,9.39118750636355,False,0.0818339119519674,False,True,77.67605849039974,valid,-0.22182657767569935,1.6036251868018212,1.6188949225655411,95.51480043136718,297.7234553477235,178.44447769077266,296.8023751175822,152.54646277543787,37.090405729138155,29.357590210058504,4.035313041557489,238.0834694518925,253.0603735431585,155.04343540913226,0.472792741863155,1.1784994137671545,1.2526342234296552,False
140,140,2.372881355932204,2.372881355932204,Sports2D_HALPE26_postprocessed,250.19001910435583,276.04627783569623,1.0,204.2141485971111,278.006893452018,1.0,232.559026779288,285.50130515184924,1.0,183.0472326856253,322.0990137956019,1.0,200.5191711090117,302.2928182571396,1.0,214.51645540162883,331.1022864162088,1.0,197.39875976760644,342.11265555124595,1.0,128.20911182875068,301.10997885944744,1.0,157.71026411704204,315.42231380257056,1.0,72.23308087885944,355.3862534294106,1.0,176.12698221074402,375.9833706723385,1.0,31.337287465857752,306.26427841226166,1.0,158.09523444273967,452.612494384917,1.0,3.508410882734222,292.8823618970535,1.0,6.124104815477366,292.0752301964039,1.0,29.69674816777362,294.459172826106,1.0,172.9128990897972,461.6754873216568,1.0,171.58006091691232,466.0203826725175,1.0,151.85559885171122,458.22164374856015,1.0,1.0,2.372881355932204,250.19001910435583,276.04627783569623,False,204.2141485971111,278.006893452018,False,232.559026779288,285.50130515184924,False,183.0472326856253,322.0990137956019,False,200.5191711090117,302.2928182571396,False,214.51645540162883,331.1022864162088,False,197.39875976760644,342.11265555124595,False,128.20911182875068,301.10997885944744,False,157.71026411704204,315.42231380257056,False,72.23308087885944,355.3862534294106,False,176.12698221074402,375.9833706723385,False,31.337287465857752,306.26427841226166,False,158.09523444273967,452.612494384917,False,True,80.32184920434506,85.66184363749059,149.8439087681856,48.909645322747885,32.73180252033798,81.64144784308587,0.998726757165463,0.9578932094206865,0.9875802356998772,0.6692300118789537,True,True,True,True,2.645790713945317,False,0.2363184591174747,False,True,80.32184920434506,valid,-1.0184280182819805,4.9423210885681215,5.046160260131157,297.7234553477235,297.7234553477235,180.67313783054794,295.01012281647127,168.73478408689027,33.84331757108089,36.092163599737546,7.476500534820338,441.11353155437797,441.11353155437797,157.5962234955256,1.4737138970621408,2.183486487064301,2.183486487064301,False
141,141,2.389830508474576,2.389830508474576,Sports2D_HALPE26_postprocessed,252.0388190450518,268.94691864768794,1.0,206.74700677638864,276.4842075023354,1.0,234.9526957988701,282.26254198976994,1.0,180.92632341342733,328.1056792868928,1.0,200.82490872613627,302.64426626434147,1.0,208.4427931465061,352.4251964016034,1.0,199.6049360729861,339.2386394878465,1.0,129.12653390079018,299.8571587337203,1.0,158.35171642490735,313.93154450866393,1.0,72.06758061337472,352.9454037840974,1.0,174.74707344795533,376.5095442086571,1.0,29.76246553432397,304.1115958146236,1.0,158.2222855241055,455.2534271606719,1.0,-4.220957389347605,289.1071050552642,1.0,0.7497908244135374,289.05559249418457,1.0,28.71046523434303,290.0605657956519,1.0,171.97308837083685,465.0416505574485,1.0,171.6636437879858,469.2042700562484,1.0,151.88806379238645,460.257981992205,1.0,1.0,2.389830508474576,252.0388190450518,268.94691864768794,False,206.74700677638864,276.4842075023354,False,234.9526957988701,282.26254198976994,False,180.92632341342733,328.1056792868928,False,200.82490872613627,302.64426626434147,False,208.4427931465061,352.4251964016034,False,199.6049360729861,339.2386394878465,False,129.12653390079018,299.8571587337203,False,158.35171642490735,313.93154450866393,False,72.06758061337472,352.9454037840974,False,174.74707344795533,376.5095442086571,False,29.76246553432397,304.1115958146236,False,158.2222855241055,455.2534271606719,False,True,104.89690499349469,87.9672110977208,153.46675292234576,57.71900933430999,36.72322179853154,94.44223113284151,1.178612493279471,1.074701729823948,1.1424256103524355,0.6362413738917398,True,True,True,True,24.57505578914963,False,0.0329886379872138,False,True,104.89690499349469,valid,-6.073662255122741,21.322909985394574,22.171059141018553,1308.0924893201666,572.1902984769596,182.2944882252391,293.1338631836224,146.30486039039081,26.148304921267,59.29133321798099,24.442068051963716,1442.0820150659385,662.9677169668028,161.7242779227682,6.474982221008541,7.138222629533578,3.2816518828065795,False
142,142,2.406779661016949,2.406779661016949,Sports2D_HALPE26_postprocessed,252.4079137607445,268.1171895783834,1.0,207.4732019444296,275.56713753344616,1.0,236.5553291402732,280.67080891967527,1.0,182.2875231779724,333.55845118626024,1.0,202.91249381723367,304.8210598751032,1.0,210.49470519770165,361.9037822161159,1.0,199.09176982935543,334.4078945411883,1.0,129.94764144505174,298.3122368673261,1.0,159.82847431957774,311.0955243872106,1.0,73.61014486827756,350.3333740574491,1.0,174.0623033983976,376.5737637177732,1.0,26.825171714910084,301.5181683059559,1.0,158.2790704609381,454.1343996871001,1.0,-1.4971912693815623,288.9814723574483,1.0,1.673534498159397,286.9406061334297,1.0,24.800094688257776,286.9225071284389,1.0,173.86891909439728,463.1099795716056,1.0,171.9970484521161,467.8457650199521,1.0,152.50608812365198,458.8584394037156,1.0,1.0,2.406779661016949,252.4079137607445,268.1171895783834,False,207.4732019444296,275.56713753344616,False,236.5553291402732,280.67080891967527,False,182.2875231779724,333.55845118626024,False,202.91249381723367,304.8210598751032,False,210.49470519770165,361.9037822161159,False,199.09176982935543,334.4078945411883,False,129.94764144505174,298.3122368673261,False,159.82847431957774,311.0955243872106,False,73.61014486827756,350.3333740574491,False,174.0623033983976,376.5737637177732,False,26.825171714910084,301.5181683059559,False,158.2790704609381,454.1343996871001,False,True,111.66461559173914,91.06452432549858,156.23333166790223,63.2242902222416,39.98878478631524,103.21307500855684,1.2910294059805676,1.1702681322238742,1.2485226026389256,0.6324908456188194,True,True,True,True,6.767710598244449,False,0.0037505282729204,False,True,111.66461559173914,valid,2.0519120511955578,9.478585814512542,9.698140652151832,572.1902984769596,572.1902984769596,183.45116171233306,291.4114269269145,122.41156736811737,27.043543485368588,70.49235528920144,11.236740965539,662.9677169668028,662.9677169668028,163.40744985378677,2.8323089077572656,3.2816518828065795,3.2816518828065795,False
143,143,2.4237288135593222,2.4237288135593222,Sports2D_HALPE26_postprocessed,255.3511177883622,265.15753534643926,1.0,210.98236258882787,273.4467274209292,1.0,238.01346569564285,278.6637363576182,1.0,186.10462624193352,333.8840811295601,1.0,202.96329258327145,307.4802080520015,1.0,213.8847751677777,365.0416267075484,1.0,201.65929935545705,331.97938594213457,1.0,131.46015578555136,297.7182208927928,1.0,161.3119782558574,310.9377901301337,1.0,74.74895964320768,348.2646244015946,1.0,173.99285391959802,376.4839096863573,1.0,25.338036314503903,299.1182004229155,1.0,158.39331987559933,453.7263448571378,1.0,-2.4791285715925,287.7268596249415,1.0,0.6070982138906273,286.6697209626952,1.0,25.192682417739974,284.6749493714567,1.0,174.60834100228186,462.1279992868493,1.0,174.163646110005,466.9268260263696,1.0,152.33186658143117,458.8831687953125,1.0,1.0,2.4237288135593222,255.3511177883622,265.15753534643926,False,210.98236258882787,273.4467274209292,False,238.01346569564285,278.6637363576182,False,186.10462624193352,333.8840811295601,False,202.96329258327145,307.4802080520015,False,213.8847751677777,365.0416267075484,False,201.65929935545705,331.97938594213457,False,131.46015578555136,297.7182208927928,False,161.3119782558574,310.9377901301337,False,74.74895964320768,348.2646244015946,False,173.99285391959802,376.4839096863573,False,25.338036314503903,299.1182004229155,False,158.39331987559933,453.7263448571378,False,True,115.9062593091369,93.44330720717922,157.63292227755238,65.35729101674693,41.74361413182259,107.10090514856952,1.3345849245796129,1.2216230526474952,1.2955519524051666,0.6386986590543716,True,True,True,True,4.241643717397764,False,0.0062078134355522,False,True,115.9062593091369,valid,3.3900699700760413,3.1378444914324746,4.61937684698104,272.54323397187494,272.54323397187494,185.44199058146987,290.1916187003685,137.75371368083808,28.442784586307823,74.8500080071799,4.576790673502847,270.03064973666164,272.7590991052608,166.32754705080924,1.3490732565410617,1.33663610979141,1.3501417764754096,False
144,144,2.440677966101695,2.440677966101695,Sports2D_HALPE26_postprocessed,255.89441900564267,261.1353933702903,1.0,212.49918312464865,269.692766549404,1.0,241.30604079065816,279.3259826396502,1.0,189.1647243967537,327.35735251928725,1.0,207.7175570411554,306.4722985401881,1.0,213.30657327779463,365.7563147902021,1.0,204.52872666342665,326.4181497510879,1.0,135.8248450177216,294.4552003011503,1.0,163.96452038581612,308.2334037618767,1.0,77.68298302941555,346.9540664816035,1.0,174.53629005356163,376.4426038065548,1.0,25.322754253525588,299.31255116301134,1.0,158.4690581037761,452.4218652043353,1.0,2.885745030045741,287.3968523743954,1.0,4.6323865584087285,285.7517209510162,1.0,20.40592239761669,285.6334976624952,1.0,173.17594744045675,457.7829837217808,1.0,172.55084658243624,461.94362402310986,1.0,152.1570539927448,458.3494941871061,1.0,1.0,2.440677966101695,255.89441900564267,261.1353933702903,False,212.49918312464865,269.692766549404,False,241.30604079065816,279.3259826396502,False,189.1647243967537,327.35735251928725,False,207.7175570411554,306.4722985401881,False,213.30657327779463,365.7563147902021,False,204.52872666342665,326.4181497510879,False,135.8248450177216,294.4552003011503,False,163.96452038581612,308.2334037618767,False,77.68298302941555,346.9540664816035,False,174.53629005356163,376.4426038065548,False,25.322754253525588,299.31255116301134,False,158.4690581037761,452.4218652043353,False,True,125.81084341433684,95.6212924853388,159.2494567718373,62.20692436700186,45.35757016064859,107.56449452765044,1.2702549657909168,1.327385145554123,1.301159786665292,0.7291402142477383,True,True,True,True,9.904584105199945,False,0.0904415551933667,False,True,125.81084341433684,valid,-0.5782018899830632,0.7146880826537085,0.9192912928268278,54.23818627678298,211.09435400753975,188.39864732971114,287.9268383130203,219.73876016116338,24.907925948083488,77.8294764771818,4.623035578055256,272.7590991052608,270.03064973666164,168.8200848097856,0.2684758873773812,1.3501417764754096,1.33663610979141,False
145,145,2.457627118644068,2.457627118644068,Sports2D_HALPE26_postprocessed,256.7012914323211,260.04887263959773,1.0,217.2154987918285,267.3610729153986,1.0,243.2361247816793,275.837544314222,1.0,192.31356593834496,324.78381728679113,1.0,209.9399625475632,306.4374161563207,1.0,215.1277631548845,362.6766355731067,1.0,207.86083439691333,329.0502599824377,1.0,135.6118136125917,294.5095385052998,1.0,162.7982470849838,308.8164799304532,1.0,79.573284834948,345.920489095617,1.0,173.95132562753793,376.9587077378801,1.0,25.756797239071712,301.3794891744776,1.0,158.3912097695348,453.02687859757015,1.0,-1.0547392090732894,292.0154555316839,1.0,1.0236777827500274,294.0043666626303,1.0,24.57294634480596,287.9151022407532,1.0,172.88268881534893,456.91029412043616,1.0,172.8157329690704,462.64641376166935,1.0,152.25642912491995,458.0635079838301,1.0,1.0,2.457627118644068,256.7012914323211,260.04887263959773,False,217.2154987918285,267.3610729153986,False,243.2361247816793,275.837544314222,False,192.31356593834496,324.78381728679113,False,209.9399625475632,306.4374161563207,False,215.1277631548845,362.6766355731067,False,207.86083439691333,329.0502599824377,False,135.6118136125917,294.5095385052998,False,162.7982470849838,308.8164799304532,False,79.573284834948,345.920489095617,False,173.95132562753793,376.9587077378801,False,25.756797239071712,301.3794891744776,False,158.3912097695348,453.02687859757015,False,True,125.5046035124767,97.85333985471296,159.1439684598145,62.58975819558416,44.23068247625047,106.82044067183465,1.2780723683835995,1.2944068804557054,1.2921592985344066,0.7066760401603699,True,True,True,True,0.3062399018601383,False,0.0224641740873684,False,True,125.5046035124767,valid,1.8211898770898642,-3.0796792170954177,3.577870406907444,211.09435400753975,97.15139354161663,189.71542106777085,286.6311589163434,108.99326920232615,25.412342087113643,76.0454766567633,1.853939319548332,109.38241985335188,208.28737760714793,173.89105958619334,1.0449048521519027,0.5414366565237537,1.0310104811989944,False
146,146,2.4745762711864407,2.4745762711864407,Sports2D_HALPE26_postprocessed,257.8439698848572,258.9652483027624,1.0,218.76787694853425,265.32466773441325,1.0,245.1592624349333,275.81085646521126,1.0,193.5727001886177,323.303579208692,1.0,211.4200163039271,306.2170038006328,1.0,215.5801122473981,364.2599179651817,1.0,210.3239315261232,328.6069461931724,1.0,137.61820264018127,292.641218688103,1.0,163.97749943313806,305.8194956943857,1.0,85.2932336996925,345.4044975533317,1.0,173.65137385361407,377.3257932213305,1.0,26.107506916728937,302.1959872918699,1.0,158.70142722219217,453.03703127103216,1.0,-4.339087486696486,292.7132030523853,1.0,-1.2161516116896671,294.84500045968707,1.0,25.03630984413523,288.51710320091183,1.0,173.3454701747853,456.94893214761214,1.0,173.2442958220309,462.4643874083213,1.0,152.97934942925235,458.0571643101222,1.0,1.0,2.4745762711864407,257.8439698848572,258.9652483027624,False,218.76787694853425,265.32466773441325,False,245.1592624349333,275.81085646521126,False,193.5727001886177,323.303579208692,False,211.4200163039271,306.2170038006328,False,215.5801122473981,364.2599179651817,False,210.3239315261232,328.6069461931724,False,137.61820264018127,292.641218688103,False,163.97749943313806,305.8194956943857,False,85.2932336996925,345.4044975533317,False,173.65137385361407,377.3257932213305,False,26.107506916728937,302.1959872918699,False,158.70142722219217,453.03703127103216,False,True,128.26143362172297,98.6297335726027,161.12546725203117,63.21669959516781,46.49460043769918,109.711300032867,1.2908744066483862,1.3606602326995905,1.3271287367862947,0.7354797187364264,True,True,True,True,2.756830109246266,False,0.0288036785760564,False,True,128.26143362172297,valid,0.4523490925136002,1.5832823920750343,1.6466337888409555,97.15139354161663,97.15139354161663,191.38071036419672,284.8990596455283,141.76407643140837,24.199401883201375,79.3608583196534,3.5302945357143622,208.28737760714793,195.71521914186815,175.8868312236382,0.48089378317209003,1.0310104811989944,0.9687790234029974,False
147,147,2.4915254237288136,2.4915254237288136,Sports2D_HALPE26_postprocessed,258.98677725314474,256.2234069356442,1.0,218.63332996447784,262.6721735454846,1.0,246.25662068103088,275.3783813699187,1.0,195.9409124060452,322.0558646022452,1.0,213.22820204375216,305.98647654900674,1.0,214.2483268425328,364.9318842859488,1.0,212.04089119392776,329.47476541417944,1.0,140.3693832603346,291.4911020924549,1.0,166.00099931334142,305.41880734756734,1.0,92.0663364075084,345.5621238843969,1.0,173.59209655101796,377.9084099073319,1.0,27.403461864514515,305.25645446196074,1.0,158.77598792970178,453.97351771663824,1.0,-5.505610437138819,295.7520923464117,1.0,-3.348340983151556,299.9171137751665,1.0,25.281085833400898,292.44289517422123,1.0,172.03722283524235,456.8724942050716,1.0,171.96257519823735,463.1399272662366,1.0,152.74792079505468,458.0864280577544,1.0,1.0,2.4915254237288136,258.98677725314474,256.2234069356442,False,218.63332996447784,262.6721735454846,False,246.25662068103088,275.3783813699187,False,195.9409124060452,322.0558646022452,False,213.22820204375216,305.98647654900674,False,214.2483268425328,364.9318842859488,False,212.04089119392776,329.47476541417944,False,140.3693832603346,291.4911020924549,False,166.00099931334142,305.41880734756734,False,92.0663364075084,345.5621238843969,False,173.59209655101796,377.9084099073319,False,27.403461864514515,305.25645446196074,False,158.77598792970178,453.97351771663824,False,True,135.96478386376972,99.83912547414906,162.9996144841277,63.57175928170504,46.62096617688926,110.19272545859432,1.2981246659171972,1.36435831450851,1.332952325759453,0.7333596978227099,True,True,True,True,7.703350242046753,False,0.0021200209137164,False,True,135.96478386376972,valid,-1.3317854048652862,0.6719663207670692,1.4917074447952006,88.01073924291707,97.15139354161663,192.8150833047962,283.74011608885644,108.79983781632329,21.433243537736615,81.19176819709236,3.317207104099451,195.71521914186815,208.28737760714793,177.90438296010657,0.4356480726770894,0.9687790234029974,1.0310104811989944,False
148,148,2.5084745762711864,2.5084745762711864,Sports2D_HALPE26_postprocessed,259.4914171163825,251.7940220256856,1.0,221.4955452345941,260.5175865312489,1.0,247.69739077554115,274.260176230358,1.0,196.91421014883423,320.74411278165684,1.0,220.4208659302029,305.65158511598514,1.0,212.7178113879513,361.6120621175496,1.0,215.4139319316675,325.63593825427773,1.0,142.24420974439855,291.3992338955252,1.0,168.11401017837528,305.4911646392133,1.0,98.11095463505372,343.5201836495725,1.0,172.93759359722162,377.8981277993629,1.0,29.319305126009944,310.3230425592611,1.0,159.36125805675567,452.2362822178797,1.0,4.623610045762407,308.2266861878573,1.0,4.767619059916685,309.2393934102995,1.0,23.50264609528092,299.0616334230585,1.0,174.81608914081153,456.5220274059316,1.0,172.5081695590538,460.41579485665744,1.0,153.1947204193918,455.4270539679352,1.0,1.0,2.5084745762711864,259.4914171163825,251.7940220256856,False,221.4955452345941,260.5175865312489,False,247.69739077554115,274.260176230358,False,196.91421014883423,320.74411278165684,False,220.4208659302029,305.65158511598514,False,212.7178113879513,361.6120621175496,False,215.4139319316675,325.63593825427773,False,142.24420974439855,291.3992338955252,False,168.11401017837528,305.4911646392133,False,98.11095463505372,343.5201836495725,False,172.93759359722162,377.8981277993629,False,29.319305126009944,310.3230425592611,False,159.36125805675567,452.2362822178797,False,True,136.65582830473076,104.49535382623225,165.83888555144893,65.04980014411638,43.81715525962544,108.8669554037418,1.3283060125152586,1.2823050442531427,1.3169150758349843,0.6735940027878565,True,True,True,True,0.6910444409610363,False,0.0597656950348534,False,True,136.65582830473076,valid,-1.5305154545815185,-3.3198221683991846,3.655639039416711,215.68270332558652,215.68270332558652,194.88778898322727,282.9170403240864,131.5787643029753,17.83002240472402,78.69502179346324,4.383713624020564,258.639103817214,258.639103817214,180.67348401431082,1.0676169160928628,1.2802486158638513,1.2802486158638513,False
149,149,2.52542372881356,2.52542372881356,Sports2D_HALPE26_postprocessed,257.7501881792805,245.0119800307361,1.0,220.2718485585284,259.30887256597583,1.0,250.2087670649159,272.87684280219656,1.0,205.31042826128404,309.1664322905919,1.0,219.3048202388544,306.2804529372704,1.0,220.39590477034105,329.80106321237145,1.0,212.05806143537765,328.0420786480259,1.0,143.22567041047122,290.69773347212833,1.0,170.17006335000497,305.7992588579957,1.0,103.6419927037024,345.2986814845545,1.0,172.63954083670302,378.1221861669904,1.0,31.970438263457687,317.93477508136823,1.0,159.03668463477382,451.7307577946598,1.0,1.2313827705443732,315.0259465697438,1.0,2.2210117061307666,316.9300958535666,1.0,26.76667214119636,308.37677208498485,1.0,175.3834851814349,457.1582038164436,1.0,173.21748016165694,460.5700715227197,1.0,152.88075375006048,456.2664883217018,1.0,1.0,2.52542372881356,257.7501881792805,245.0119800307361,False,220.2718485585284,259.30887256597583,False,250.2087670649159,272.87684280219656,False,205.31042826128404,309.1664322905919,False,219.3048202388544,306.2804529372704,False,220.39590477034105,329.80106321237145,False,212.05806143537765,328.0420786480259,False,143.22567041047122,290.69773347212833,False,170.17006335000497,305.7992588579957,False,103.6419927037024,345.2986814845545,False,172.63954083670302,378.1221861669904,False,31.970438263457687,317.93477508136823,False,159.03668463477382,451.7307577946598,False,True,127.1267489418831,105.04407779213253,167.57425465712214,52.05401386064722,25.560899725623337,77.61491358627056,1.0629342355159292,0.7480373944772553,0.9388730440042798,0.4910457009915108,True,True,True,True,9.529079362847668,False,0.1825483017963456,False,True,127.1267489418831,valid,7.678093382389761,-31.810998905178167,32.72449799972406,1930.7453819836235,907.9206571330212,195.96908734598014,282.1706769245741,77.51855669442591,24.426817424360905,47.630386287797364,31.75735007255774,1873.6836542808135,962.4268022713728,183.37263758505108,9.55707805350639,9.274625799256581,4.763957047844483,False
150,150,2.542372881355932,2.542372881355932,Sports2D_HALPE26_postprocessed,259.7053861504619,242.70932077209025,1.0,221.70593568282263,257.38164415463007,1.0,251.3134809945644,271.1270054723568,1.0,207.8805225139899,311.9553980032204,1.0,223.66572604936263,307.02857909646514,1.0,214.85577397565208,344.1576799221453,1.0,212.2387054367867,326.16037273562023,1.0,144.50702386032364,291.937328387885,1.0,171.90863733745397,306.5944997391979,1.0,111.59132103841186,344.2694345889213,1.0,172.43553915186232,378.0350175639028,1.0,36.99280634665924,322.9729771382318,1.0,159.2696790688405,451.5858994066916,1.0,8.611744039365266,324.9828940743587,1.0,8.745929946464276,325.1777977528133,1.0,30.153415395846693,313.78399442830795,1.0,175.31831618771287,456.11003612652416,1.0,173.16620449813217,459.7329453322328,1.0,152.5624100596981,456.4596687007875,1.0,1.0,2.542372881355932,259.7053861504619,242.70932077209025,False,221.70593568282263,257.38164415463007,False,251.3134809945644,271.1270054723568,False,207.8805225139899,311.9553980032204,False,223.66572604936263,307.02857909646514,False,214.85577397565208,344.1576799221453,False,212.2387054367867,326.16037273562023,False,144.50702386032364,291.937328387885,False,171.90863733745397,306.5944997391979,False,111.59132103841186,344.2694345889213,False,172.43553915186232,378.0350175639028,False,36.99280634665924,322.9729771382318,False,159.2696790688405,451.5858994066916,False,True,153.5622078668881,106.23592092260036,169.42877204162795,56.29775002977884,32.949068177102326,89.24681820688116,1.1495906165731713,0.9642514690101356,1.079579013954003,0.5852643872921002,True,True,True,True,26.435458925004998,False,0.0942186863005893,False,True,153.5622078668881,valid,-5.540130794688963,14.356616709773846,15.388485714118156,907.9206571330212,907.9206571330212,197.35876946879114,281.76011943851745,85.49451899495035,17.497004506860947,62.39756048362784,16.312318682564744,962.4268022713728,962.4268022713728,185.15879210009516,4.494154779589003,4.763957047844483,4.763957047844483,False
151,151,2.559322033898305,2.559322033898305,Sports2D_HALPE26_postprocessed,261.87136026104616,242.9209565757957,1.0,223.9085520745141,255.4211832996457,1.0,252.68144918295687,268.7544673903221,1.0,209.44509731056823,310.6131604508899,1.0,227.13397177904943,307.66026284017744,1.0,210.9647637178865,347.0137007292039,1.0,217.1436228187024,329.772693919169,1.0,147.19515152761397,290.3863029185456,1.0,172.92264058098624,305.15326811882096,1.0,119.56779146278336,346.3516766025748,1.0,172.15919192115362,378.4156725862093,1.0,46.57910900545705,331.85892439273,1.0,159.49333362447376,450.02455928474217,1.0,22.673632166862525,338.6349435175537,1.0,22.50028338071427,337.5895146293387,1.0,35.00288142919928,321.85431176906235,1.0,176.70452429190735,455.6963323855757,1.0,173.8157498289299,456.85720550970245,1.0,153.0326749423587,454.4712669468512,1.0,1.0,2.559322033898305,261.87136026104616,242.9209565757957,False,223.9085520745141,255.4211832996457,False,252.68144918295687,268.7544673903221,False,209.44509731056823,310.6131604508899,False,227.13397177904943,307.66026284017744,False,210.9647637178865,347.0137007292039,False,217.1436228187024,329.772693919169,False,147.19515152761397,290.3863029185456,False,172.92264058098624,305.15326811882096,False,119.56779146278336,346.3516766025748,False,172.15919192115362,378.4156725862093,False,46.57910900545705,331.85892439273,False,159.49333362447376,450.02455928474217,False,True,162.92481182057116,105.04262575021298,170.56656513675128,57.05563833287793,36.43224833224943,93.48788666512736,1.165066568652827,1.0661864179250675,1.1308813303419256,0.6385389664680272,True,True,True,True,9.362603953683076,False,0.053274579175927,False,True,162.92481182057116,valid,-3.891010257765572,2.8560208070585986,4.826677498692921,284.7739724228831,334.76401248290244,199.1769483415178,279.9288054318336,152.25527476048035,11.787815376368712,67.08489529737028,7.38687675434297,435.82572850623643,435.82572850623643,186.8107844243207,1.4096147049987633,2.1573121675842577,2.1573121675842577,False
152,152,2.5762711864406778,2.5762711864406778,Sports2D_HALPE26_postprocessed,263.5382653954139,239.1804354042385,1.0,223.4972507804041,253.9053059798329,1.0,253.3744923216076,266.6256176249643,1.0,203.82786493016727,306.89379291627307,1.0,232.61423462470296,312.23658865248063,1.0,205.29126904734983,346.9405437233252,1.0,248.0217875467721,318.8077523611423,1.0,150.53628907980172,291.005929398249,1.0,174.94751875396477,303.8949402903959,1.0,130.06577154099548,347.76409762628487,1.0,172.09371396134534,378.0797077640989,1.0,56.3813253656656,342.65062193629177,1.0,159.43935192204572,448.46794126118994,1.0,42.84898386978354,356.2382105679296,1.0,39.72064623891515,353.0754379342925,1.0,44.186947248353015,334.73237547312675,1.0,175.69314197537983,454.31128345121726,1.0,174.29428409304538,457.5573362042948,1.0,153.49940257354046,454.4691678563472,1.0,1.0,2.5762711864406778,263.5382653954139,239.1804354042385,False,223.4972507804041,253.9053059798329,False,253.3744923216076,266.6256176249643,False,203.82786493016727,306.89379291627307,False,232.61423462470296,312.23658865248063,False,205.29126904734983,346.9405437233252,False,248.0217875467721,318.8077523611423,False,150.53628907980172,291.005929398249,False,174.94751875396477,303.8949402903959,False,130.06577154099548,347.76409762628487,False,172.09371396134534,378.0797077640989,False,56.3813253656656,342.65062193629177,False,159.43935192204572,448.46794126118994,False,True,157.54222387367767,105.86266244096517,172.01128157937688,56.52136310757897,40.07348003121664,96.5948431387956,1.1541567581302692,1.1727467308256732,1.1684647991269468,0.7089970557670994,True,True,True,True,5.382587946893494,False,0.0704580892990721,False,True,157.54222387367767,valid,-5.673494670536684,-0.07315700587867013,5.673966313269518,334.76401248290244,334.76401248290244,200.58888773394455,278.8579483233605,104.55339034765822,4.702381313405283,68.0825953999647,7.155332372106789,422.1646099543017,422.1646099543017,187.99290522724706,1.657062514124518,2.089690420295701,2.089690420295701,False
153,153,2.593220338983051,2.593220338983051,Sports2D_HALPE26_postprocessed,266.8175863747402,236.8821076534388,1.0,228.22131090241004,249.9366292659832,1.0,255.7550874200049,262.8679451175718,1.0,200.3141719225981,300.248659593206,1.0,236.5449140705767,311.3433355672958,1.0,201.24177377083265,340.78978335190794,1.0,256.8345472280964,318.1175904148936,1.0,151.2584531260983,290.3190996841587,1.0,174.3355542929366,303.78990893514907,1.0,137.476889128989,348.69432696478725,1.0,172.22487857938273,377.7783854507402,1.0,66.61061935654682,353.2112949091347,1.0,159.49398403656164,449.41975631333656,1.0,56.53670887780692,373.3084097750074,1.0,54.63562725868923,368.73712663823335,1.0,54.54840557185544,346.86724781842275,1.0,179.89987605773322,455.69345706166166,1.0,174.50480626181965,458.3684005550249,1.0,153.01428358450636,455.60155685236526,1.0,1.0,2.593220338983051,266.8175863747402,236.8821076534388,False,228.22131090241004,249.9366292659832,False,255.7550874200049,262.8679451175718,False,200.3141719225981,300.248659593206,False,236.5449140705767,311.3433355672958,False,201.24177377083265,340.78978335190794,False,256.8345472280964,318.1175904148936,False,151.2584531260983,290.3190996841587,False,174.3355542929366,303.78990893514907,False,137.476889128989,348.69432696478725,False,172.22487857938273,377.7783854507402,False,66.61061935654682,353.2112949091347,False,159.49398403656164,449.41975631333656,False,True,149.67296195041325,106.9305549476408,171.55758757196242,57.53354501233108,40.55173437483573,98.0852793871668,1.1748253429201176,1.1867428004843492,1.1864939426606465,0.7048363587911077,True,True,True,True,7.869261923264418,False,0.0041606969759916,False,True,149.67296195041325,valid,-4.0494952765171774,-6.150760371417277,7.364120119955413,434.4830870773592,334.76401248290244,202.39260143536245,276.7283957507157,164.65521947068942,-1.1508276645297997,64.06138760119222,7.101420104478291,418.9837861642093,418.9837861642093,193.96987478531375,2.1506661701091954,2.073945526370262,2.073945526370262,False
154,154,2.610169491525424,2.610169491525424,Sports2D_HALPE26_postprocessed,269.3699356199584,232.53999113112025,1.0,231.14031804846928,248.2898780077363,1.0,256.4415954253976,262.0174184275203,1.0,203.2882765819928,292.6075233950878,1.0,240.12017386102903,312.8849535819544,1.0,200.97691504247555,336.4655090502947,1.0,264.3711601531054,307.4058800840227,1.0,153.0642916283891,290.87135020216544,1.0,175.57382402913,303.0178302517778,1.0,148.66259603676434,348.44054977707253,1.0,172.69398768668324,377.2125092639993,1.0,86.64376453405211,362.0577602849255,1.0,159.46901449250433,449.0186239452933,1.0,74.67953298787498,375.59599810760426,1.0,71.20627252939532,372.146585274442,1.0,74.39647333666491,362.7863376281468,1.0,177.01073359746903,456.20631513780415,1.0,176.14436721769482,457.33660032222167,1.0,151.96916260919843,456.25839180400857,1.0,1.0,2.610169491525424,269.3699356199584,232.53999113112025,False,231.14031804846928,248.2898780077363,False,256.4415954253976,262.0174184275203,False,203.2882765819928,292.6075233950878,False,240.12017386102903,312.8849535819544,False,200.97691504247555,336.4655090502947,False,264.3711601531054,307.4058800840227,False,153.0642916283891,290.87135020216544,False,175.57382402913,303.0178302517778,False,148.66259603676434,348.44054977707253,False,172.69398768668324,377.2125092639993,False,86.64376453405211,362.0577602849255,False,159.46901449250433,449.0186239452933,False,True,150.86887649941426,106.75596686133812,171.78722666291415,52.34300246001719,43.91884900471202,96.2618514647292,1.068835334262444,1.28528110240938,1.164436747142951,0.8390586504520818,True,True,True,True,1.195914549001003,False,0.1342222916609741,False,True,150.86887649941426,valid,-0.26485872835709756,-4.3242743016132295,4.3323779130610856,255.61029687060474,434.4830870773592,204.0550072828465,276.04911922229996,105.95404252338751,-3.0780922403709496,60.41638982799475,4.123148980076601,243.26578982452008,418.9837861642093,192.85317411423836,1.2652561965278497,1.2041516000997685,2.073945526370262,False
155,155,2.6271186440677967,2.6271186440677967,Sports2D_HALPE26_postprocessed,267.5734960859356,228.72785755962,1.0,229.4535551374865,247.8177674897491,1.0,255.3732507694017,259.38286933219445,1.0,202.6701497325101,288.7562230734143,1.0,244.70214665360967,312.29488961039243,1.0,200.9420348459351,328.53989562698445,1.0,266.62195656943885,302.1544122846185,1.0,156.23019337259305,292.3604412502363,1.0,175.05778566874395,302.4814707638323,1.0,157.92182831972391,350.233148020922,1.0,173.77528440156172,376.6325634651256,1.0,100.32170044137033,372.644291955686,1.0,159.5549048288804,447.5146431925653,1.0,102.6257292784086,400.9729775545685,1.0,98.5726432141206,400.8247708639993,1.0,87.34296237536097,372.73818022043326,1.0,175.19439970184266,454.8018004824281,1.0,174.66385964780338,457.7731208684184,1.0,152.14344169999995,455.27985336797786,1.0,1.0,2.6271186440677967,267.5734960859356,228.72785755962,False,229.4535551374865,247.8177674897491,False,255.3732507694017,259.38286933219445,False,202.6701497325101,288.7562230734143,False,244.70214665360967,312.29488961039243,False,200.9420348459351,328.53989562698445,False,266.62195656943885,302.1544122846185,False,156.23019337259305,292.3604412502363,False,175.05778566874395,302.4814707638323,False,157.92182831972391,350.233148020922,False,173.77528440156172,376.6325634651256,False,100.32170044137033,372.644291955686,False,159.5549048288804,447.5146431925653,False,True,149.2930884734885,109.58579628188984,169.64677811417235,48.92144673517991,39.82118761301444,88.74263434819434,0.998967740028668,1.165363416263817,1.0734801263527562,0.813982215787143,True,True,True,True,1.5757880259257604,False,0.0250764346649388,False,True,149.2930884734885,valid,-0.034880196540456154,-7.925613423310267,7.925690175869014,467.6157203762731,393.8477613664402,204.0286962370563,275.51063720900305,31.808341301714176,-3.086661391121197,53.029258417981396,7.387136380164539,435.84104642970897,402.038235267691,192.70799753627358,2.314670790040282,2.1573879904201485,1.9900660287995855,False
156,156,2.6440677966101696,2.6440677966101696,Sports2D_HALPE26_postprocessed,268.95920385608594,229.78440289827952,1.0,230.84299863427387,246.17672910136912,1.0,256.2556694316868,258.5001836273051,1.0,205.58311068095665,282.3737521657488,1.0,249.0757397742109,312.79664795583057,1.0,201.683639737652,321.9058321983759,1.0,269.1351800625865,300.2617630649532,1.0,159.3108853636739,294.24786027933914,1.0,175.03653292194588,303.7355658054144,1.0,166.51896315958254,351.0789738223545,1.0,175.28997793734612,375.3334472659699,1.0,117.71278502154242,382.5117362324432,1.0,159.53100895437484,446.9324646490728,1.0,121.7335558583294,412.3807835922639,1.0,119.11063470136412,407.9702186140224,1.0,105.35326895723132,385.715918931697,1.0,179.01655873657478,454.2250038754601,1.0,174.94569994732365,458.19331243856,1.0,151.79030157311317,454.178987626654,1.0,1.0,2.6440677966101696,268.95920385608594,229.78440289827952,False,230.84299863427387,246.17672910136912,False,256.2556694316868,258.5001836273051,False,205.58311068095665,282.3737521657488,False,249.0757397742109,312.79664795583057,False,201.683639737652,321.9058321983759,False,269.1351800625865,300.2617630649532,False,159.3108853636739,294.24786027933914,False,175.03653292194588,303.7355658054144,False,166.51896315958254,351.0789738223545,False,175.28997793734612,375.3334472659699,False,117.71278502154242,382.5117362324432,False,159.53100895437484,446.9324646490728,False,True,150.72442641815283,115.55443198568776,167.3842802195733,44.139397573340005,39.72393768678669,83.86333526012669,0.9013190979153528,1.162517406060366,1.0144574182706367,0.8999655607166639,True,True,True,True,1.4313379446643353,True,0.0859833449295208,False,False,,angle_jump,0.7416048917168894,-6.634063428608556,6.67538578587185,393.8477613664402,467.6157203762731,205.36152158789508,275.6650847033569,79.16290661531393,-3.6778818502430966,46.24074749501898,6.814207377418473,402.038235267691,435.84104642970897,193.3344638401926,1.9495236563563376,1.9900660287995855,2.1573879904201485,False
157,157,2.6610169491525424,2.6610169491525424,Sports2D_HALPE26_postprocessed,268.20795050527613,227.0051515416129,1.0,233.5726003401521,244.4846828413796,1.0,258.7214768354738,256.85617027394227,1.0,222.5732253831724,278.3123230737986,1.0,254.35918021927984,311.73289968350593,1.0,260.06639508494663,300.8740743547788,1.0,271.21682287750366,297.593369631413,1.0,163.32226726101445,294.99964880535174,1.0,176.0821532993154,303.40755482904973,1.0,175.63046378393923,353.69319022222555,1.0,176.785209821926,375.693965136503,1.0,132.58734928192638,391.3109064595596,1.0,159.47111438801747,447.0878339862263,1.0,148.6552571757613,417.1371609991489,1.0,145.56335383568043,414.8313863394676,1.0,121.09301013797986,394.3938868390911,1.0,180.67921698710845,454.5639757389728,1.0,175.45740560957117,457.8041817998821,1.0,151.5574757566401,452.21097122618215,1.0,1.0,2.6610169491525424,268.20795050527613,227.0051515416129,False,233.5726003401521,244.4846828413796,False,258.7214768354738,256.85617027394227,False,222.5732253831724,278.3123230737986,False,254.35918021927984,311.73289968350593,False,260.06639508494663,300.8740743547788,False,271.21682287750366,297.593369631413,False,163.32226726101445,294.99964880535174,False,176.0821532993154,303.40755482904973,False,175.63046378393923,353.69319022222555,False,176.785209821926,375.693965136503,False,132.58734928192638,391.3109064595596,False,159.47111438801747,447.0878339862263,False,True,103.02526975324643,119.30850896033928,165.8108449622154,35.57099229903778,43.75808948241289,79.32908178145067,0.7263536988163898,1.2805764896809984,0.9596085732599454,1.23016218143559,True,True,True,True,47.6991566649064,True,0.3301966207189262,False,False,,angle_jump,58.38275534729465,-21.031757843597063,62.05546680135255,3661.2725412798104,840.2808623089556,207.92462443398895,274.9370141874308,157.20575050141625,52.14177065095768,25.937060167348022,59.39758685716649,3504.457624572832,858.3291835460517,196.02443746104254,18.123087476310037,17.346862701719118,4.24867985146972,False
158,158,2.6779661016949152,2.6779661016949152,Sports2D_HALPE26_postprocessed,270.8039423810278,226.12417733105576,1.0,236.18384730512545,243.11745063706755,1.0,259.3686396371857,256.8327210283769,1.0,235.33471037762848,276.9206153474911,1.0,259.3384692896556,310.5399435433183,1.0,263.9393334231046,287.1687361796105,1.0,275.46759243699614,295.03945364009377,1.0,177.43095075532108,299.99356248757334,1.0,174.80993761548564,303.1716533503208,1.0,195.2542908950544,354.1499366987556,1.0,178.2233500077903,375.1561962860442,1.0,145.51358289965182,398.31008157114906,1.0,159.31121063263228,447.09892291381135,1.0,170.8054244530438,414.777089260632,1.0,163.92524435639808,413.2025796031112,1.0,133.9762430280139,402.14724819757726,1.0,181.55061771648195,452.23870419394143,1.0,176.67595747917127,457.090977509446,1.0,151.42556476543373,452.5291735071293,1.0,1.0,2.6779661016949152,270.8039423810278,226.12417733105576,False,236.18384730512545,243.11745063706755,False,259.3686396371857,256.8327210283769,False,235.33471037762848,276.9206153474911,False,259.3384692896556,310.5399435433183,False,263.9393334231046,287.1687361796105,False,275.46759243699614,295.03945364009377,False,177.43095075532108,299.99356248757334,False,174.80993761548564,303.1716533503208,False,195.2542908950544,354.1499366987556,False,178.2233500077903,375.1561962860442,False,145.51358289965182,398.31008157114906,False,159.31121063263228,447.09892291381135,False,True,108.27200683985356,113.38205956434864,162.5565948170804,33.81382820624815,30.385003540620207,64.19883174686835,0.6904727026525682,0.8892143517515966,0.7765846768186437,0.8985969691241775,True,True,True,True,5.246737086607126,True,0.3315652123114125,False,False,,angle_jump,3.872938338157951,-13.705338175168322,14.242048513711074,840.2808623089556,840.2808623089556,211.94834382827946,275.7788468758347,242.53952077269096,51.99098959482512,11.389889303775817,14.547952263492363,858.3291835460517,858.3291835460517,197.30614423183297,4.159341704447728,4.24867985146972,4.24867985146972,False
159,159,2.694915254237288,2.694915254237288,Sports2D_HALPE26_postprocessed,273.9271410091627,224.37834819067533,1.0,239.36321659476937,242.1783461417783,1.0,260.90621229861534,254.6049860884995,1.0,244.70743531842865,279.3646452988456,1.0,262.4806377040763,308.77185683366935,1.0,267.2540927837802,286.44414912887635,1.0,277.9086050527083,295.4475591464128,1.0,188.32538774816192,302.4953650689894,1.0,175.2472601499943,302.74474480598025,1.0,204.5840970732877,357.05927634979844,1.0,179.1226634756343,375.8868081628079,1.0,184.3835560500684,417.1465775168057,1.0,159.25209098770458,446.49904448436166,1.0,200.77494719570288,435.3644032984012,1.0,197.6691360065349,431.45980842792966,1.0,175.85406099678502,423.3589147429558,1.0,184.24426197750853,451.1743180591348,1.0,177.35906895817763,455.77607602975695,1.0,150.28274693492912,453.0780768308804,1.0,1.0,2.694915254237288,273.9271410091627,224.37834819067533,False,239.36321659476937,242.1783461417783,False,260.90621229861534,254.6049860884995,False,244.70743531842865,279.3646452988456,False,262.4806377040763,308.77185683366935,False,267.2540927837802,286.44414912887635,False,277.9086050527083,295.4475591464128,False,188.32538774816192,302.4953650689894,False,175.2472601499943,302.74474480598025,False,204.5840970732877,357.05927634979844,False,179.1226634756343,375.8868081628079,False,184.3835560500684,417.1465775168057,False,159.25209098770458,446.49904448436166,False,True,115.61019909290162,144.8252811559505,161.25022252804956,37.568357946085605,23.63199393490345,61.20035188098906,0.7671395704453131,0.6915881427932165,0.7403134012482021,0.6290398416885229,True,True,True,True,7.338192253048064,False,0.2695571274356546,False,True,115.61019909290162,valid,3.314759360675623,-0.7245870507341579,3.3930305057983627,200.18879984210395,445.1916750154863,215.96051919788522,275.50586052631184,237.2656427300696,51.29357358589499,10.938288602564512,0.8308623729875957,49.02088000626828,230.28168379719722,199.45054604734196,0.9909229893188386,0.24265052287223365,1.1398810256801426,False
160,160,2.711864406779661,2.711864406779661,Sports2D_HALPE26_postprocessed,276.7234866764289,220.30073373388964,1.0,244.1721209455684,240.7398451779821,1.0,262.4888191999652,252.51861707993808,1.0,251.46744335129296,284.1170213312709,1.0,264.5951175682217,305.30073941204046,1.0,274.74647220880627,287.33894298181895,1.0,280.6458882989916,297.1346103922179,1.0,196.3427459745472,307.75497895845325,1.0,175.20836580912007,305.2206277922764,1.0,210.11431585307443,361.6233415882581,1.0,181.9065151924665,375.6609789655428,1.0,199.7206317788448,421.3327656079611,1.0,159.8518085035919,444.9948438263976,1.0,223.7055412001472,444.78410146649367,1.0,221.77020070223065,439.5321974654246,1.0,189.3883568910936,429.2469743977841,1.0,183.5624667436568,451.73535986769946,1.0,175.3623681487642,454.7004974713316,1.0,150.8579435159444,451.58096660132094,1.0,1.0,2.711864406779661,276.7234866764289,220.30073373388964,False,244.1721209455684,240.7398451779821,False,262.4888191999652,252.51861707993808,False,251.46744335129296,284.1170213312709,False,264.5951175682217,305.30073941204046,False,274.74647220880627,287.33894298181895,False,280.6458882989916,297.1346103922179,False,196.3427459745472,307.75497895845325,False,175.20836580912007,305.2206277922764,False,210.11431585307443,361.6233415882581,False,181.9065151924665,375.6609789655428,False,199.7206317788448,421.3327656079611,False,159.8518085035919,444.9948438263976,False,True,107.42678792305942,155.78476654921016,156.92252579870834,43.98637448161549,23.500935378644137,67.48730986025963,0.8981943920386086,0.6877527261216392,0.8163639320390897,0.5342776179124872,True,True,True,True,8.183411169842202,False,0.0947622237760357,False,True,107.42678792305942,valid,7.4923794250260585,0.8947938529425983,7.545621610431951,445.1916750154863,200.18879984210395,219.5530129823002,276.55851725216246,220.8689076119339,55.193459226506064,10.780425729656486,3.9030793863931628,230.28168379719722,49.02088000626828,200.50911161773382,2.2036730615007327,1.1398810256801426,0.24265052287223365,False
161,161,2.7288135593220337,2.7288135593220337,Sports2D_HALPE26_postprocessed,280.1508457505797,220.6112303271912,1.0,245.2693972469749,239.3720543754877,1.0,264.0198939569745,251.58439393649115,1.0,255.4757012705228,282.7162912214822,1.0,267.75079844384874,304.2154998357823,1.0,277.94295566272746,287.1435443187464,1.0,283.2244286152668,297.8097790622212,1.0,200.391331962958,308.63902584522015,1.0,179.1279154687283,305.83455304250987,1.0,218.96082680548707,363.3702277066639,1.0,183.20778292121136,376.1044959182783,1.0,213.6742116525973,421.5775564814337,1.0,160.02494170968063,445.1426707832889,1.0,243.1233619778862,442.9631819592382,1.0,242.3344224785881,436.9305409974202,1.0,204.3658460218851,432.43154267749327,1.0,183.35839666420043,451.192032957294,1.0,174.44355758365674,454.8632694779005,1.0,150.83057581588355,452.0270432899211,1.0,1.0,2.7288135593220337,280.1508457505797,220.6112303271912,False,245.2693972469749,239.3720543754877,False,264.0198939569745,251.58439393649115,False,255.4757012705228,282.7162912214822,False,267.75079844384874,304.2154998357823,False,277.94295566272746,287.1435443187464,False,283.2244286152668,297.8097790622212,False,200.391331962958,308.63902584522015,False,179.1279154687283,305.83455304250987,False,218.96082680548707,363.3702277066639,False,183.20778292121136,376.1044959182783,False,213.6742116525973,421.5775564814337,False,160.02494170968063,445.1426707832889,False,True,114.39763090294537,156.06909202141108,158.1152233515356,44.52966999184654,22.89930326257276,67.4289732544193,0.9092883952671138,0.6701460172275572,0.8156582600983319,0.5142482139832983,True,True,True,True,6.970842979885944,False,0.0200294039291888,False,True,114.39763090294537,valid,3.1964834539211893,-0.19539866307252396,3.2024501727150207,188.94456019018673,257.76314090913667,222.2021346589089,276.35750679992725,156.747476029193,55.74082100381855,10.786037518819171,0.5473905437987514,32.29604208412642,126.79190406209997,199.73926945694097,0.9352646529019989,0.15986354176862735,0.6276125971769703,False
162,162,2.7457627118644066,2.7457627118644066,Sports2D_HALPE26_postprocessed,283.6251221119241,219.8665136240686,1.0,246.1423822932423,239.46997252464155,1.0,266.6192664006323,249.84370510424665,1.0,260.32145429516726,282.6793800901938,1.0,268.9651358420402,300.9694417290336,1.0,282.24275473966594,286.36977111487784,1.0,284.5978169839873,299.07117006306333,1.0,205.3094155925724,312.235998497414,1.0,183.084768112496,307.8811240571819,1.0,225.7256135711464,365.3341439942021,1.0,184.01491819747656,376.56471554902754,1.0,231.3173127224781,427.4594927411445,1.0,160.3775217158194,444.56103606236326,1.0,262.81001501780054,443.0815209260098,1.0,261.2048972033073,438.3429847208953,1.0,221.9238988738802,439.2701046276238,1.0,183.3700191091756,450.45083170598366,1.0,174.97960649155087,453.7348697827109,1.0,151.01411897898492,451.6545177060497,1.0,1.0,2.7457627118644066,283.6251221119241,219.8665136240686,False,246.1423822932423,239.46997252464155,False,266.6192664006323,249.84370510424665,False,260.32145429516726,282.6793800901938,False,268.9651358420402,300.9694417290336,False,282.24275473966594,286.36977111487784,False,284.5978169839873,299.07117006306333,False,205.3094155925724,312.235998497414,False,183.084768112496,307.8811240571819,False,225.7256135711464,365.3341439942021,False,184.01491819747656,376.56471554902754,False,231.3173127224781,427.4594927411445,False,160.3775217158194,444.56103606236326,False,True,117.723121303073,164.11143168839013,160.05525581518668,45.47635632943535,22.22976381100453,67.70612014043988,0.928619571556654,0.6505520063661648,0.8190107825517031,0.488820248701762,True,True,True,True,3.3254904001276344,False,0.0254279652815363,False,True,117.723121303073,valid,4.299799076938484,-0.7737732038685863,4.368866795070101,257.76314090913667,254.19341454668222,225.28895809973574,277.357700045871,191.4444586558886,56.953796639930204,9.012071069006822,2.1490153230864344,126.79190406209997,126.79190406209997,200.69984270670645,1.2759126500950917,0.6276125971769703,0.6276125971769703,False
163,163,2.76271186440678,2.76271186440678,Sports2D_HALPE26_postprocessed,285.09713289616496,216.08806551376165,1.0,248.99703153363544,237.7525893584373,1.0,269.43285615518454,247.8889248918884,1.0,265.3498914689609,281.7103360579817,1.0,270.9732418618305,298.037516587469,1.0,285.9201193701304,284.1250036979544,1.0,287.4071234213192,298.7113996376862,1.0,212.3356075383964,314.59342910098525,1.0,187.9245484458022,309.15042365780846,1.0,234.24686028540447,366.3959345294007,1.0,185.6926606846756,377.76817968615455,1.0,249.23693484483616,432.2661675782097,1.0,160.69135571195923,444.5456911762512,1.0,284.3940199737662,444.6773624129936,1.0,280.51900064540604,440.0036896262506,1.0,241.46407143747604,444.05719813550616,1.0,185.49853641012672,451.25783607016,1.0,176.63716742283802,454.6134848604863,1.0,151.25270540222192,452.1670977813902,1.0,1.0,2.76271186440678,285.09713289616496,216.08806551376165,False,248.99703153363544,237.7525893584373,False,269.43285615518454,247.8889248918884,False,265.3498914689609,281.7103360579817,False,270.9732418618305,298.037516587469,False,285.9201193701304,284.1250036979544,False,287.4071234213192,298.7113996376862,False,212.3356075383964,314.59342910098525,False,187.9245484458022,309.15042365780846,False,234.24686028540447,366.3959345294007,False,185.6926606846756,377.76817968615455,False,249.23693484483616,432.2661675782097,False,160.69135571195923,444.5456911762512,False,True,117.10097587424823,169.89321938658614,161.33721482297764,46.90095439290846,20.71146773450844,67.6124221274169,0.9577096251607632,0.6061192104435448,0.8178773594163897,0.4416001337840594,True,True,True,True,0.6221454288247656,False,0.0472201149177026,False,True,117.10097587424823,valid,3.677364630464467,-2.2447674169234233,4.308362958418444,254.19341454668222,257.76314090913667,229.67251091825463,277.34634175227984,258.63048449549154,56.24760845187578,6.778661945674571,2.3423957968565707,138.20135201453442,138.20135201453442,202.96972372726182,1.2582427109130614,0.6840887051331666,0.6840887051331666,False
164,164,2.7796610169491527,2.7796610169491527,Sports2D_HALPE26_postprocessed,288.59798635639777,215.76663676239104,1.0,251.24068079957303,236.54707119960543,1.0,271.1446311147129,245.89930323058368,1.0,266.2611500661878,282.6235625320718,1.0,272.39305226019883,297.03908634267793,1.0,290.61544828056253,282.15913401077904,1.0,291.305570942772,298.7926596789771,1.0,218.05982696691743,316.5945435378095,1.0,191.3748830789661,313.1649122569764,1.0,242.0826718139513,366.2875120077917,1.0,188.5445465441477,378.3801859456496,1.0,264.1512698544259,434.2826806500577,1.0,160.7771761749369,443.763072675584,1.0,297.6455225606006,445.3333941286478,1.0,294.9699944082183,440.79232611449817,1.0,258.159709406719,446.2533492737513,1.0,184.8201908091604,451.0621292594592,1.0,176.7098335615274,455.06501669230266,1.0,151.35320612259252,451.7130549744336,1.0,1.0,2.7796610169491527,288.59798635639777,215.76663676239104,False,251.24068079957303,236.54707119960543,False,271.1446311147129,245.89930323058368,False,266.2611500661878,282.6235625320718,False,272.39305226019883,297.03908634267793,False,290.61544828056253,282.15913401077904,False,291.305570942772,298.7926596789771,False,218.05982696691743,316.5945435378095,False,191.3748830789661,313.1649122569764,False,242.0826718139513,366.2875120077917,False,188.5445465441477,378.3801859456496,False,264.1512698544259,434.2826806500577,False,160.7771761749369,443.763072675584,False,True,106.96296420637498,172.18111858092473,159.47469095073512,48.46295028679296,24.35872606205192,72.82167634884487,0.9896053194253762,0.7128558920786652,0.8808913878019005,0.5026257361118627,True,True,True,True,10.138011667873258,False,0.0610256023278033,False,True,106.96296420637498,valid,4.695328910432124,-1.9658696871753705,5.090261015320797,300.3253999039278,254.19341454668222,232.95500549004237,278.05145755624375,198.08505488438394,57.660442790520165,4.107676454535294,3.0216327312115956,178.2763311414846,138.20135201453442,203.71346868247306,1.4865933722361242,0.8824575356805757,0.6840887051331666,False
165,165,2.796610169491525,2.796610169491525,Sports2D_HALPE26_postprocessed,290.813250290207,212.87707383881448,1.0,252.089221044143,235.6037131945461,1.0,273.88088667632303,244.3933194339679,1.0,271.46818869582864,279.1322098097194,1.0,276.08858595100367,294.80892026589976,1.0,292.3851830758449,281.56686163357153,1.0,293.92496274194923,297.22621065081347,1.0,223.6013088882817,315.58877851035123,1.0,197.38617506483985,313.1403716745592,1.0,250.46409711759736,367.68662602481095,1.0,191.1030882627689,379.3665555230284,1.0,273.59315153506446,434.56901720463,1.0,161.80720327642908,443.718177735546,1.0,309.1831951370381,443.6978056752109,1.0,306.7958116877902,439.8924869130035,1.0,267.32622423907327,446.3932118051159,1.0,184.2949888065461,452.6777408890989,1.0,176.44030804529262,454.8530856569862,1.0,151.52274504306226,450.98356187600353,1.0,1.0,2.796610169491525,290.813250290207,212.87707383881448,False,252.089221044143,235.6037131945461,False,273.88088667632303,244.3933194339679,False,271.46818869582864,279.1322098097194,False,276.08858595100367,294.80892026589976,False,292.3851830758449,281.56686163357153,False,293.92496274194923,297.22621065081347,False,223.6013088882817,315.58877851035123,False,197.38617506483985,313.1403716745592,False,250.46409711759736,367.68662602481095,False,191.1030882627689,379.3665555230284,False,273.59315153506446,434.56901720463,False,161.80720327642908,443.718177735546,False,True,120.63783486154796,171.7996246021485,160.94234930137327,47.64739662166482,21.058209406239133,68.70560602790395,0.97295185032142,0.6162665737782597,0.8311011182132854,0.4419592863267615,True,True,True,True,13.67487065517298,False,0.0606664497851011,False,True,120.63783486154796,valid,1.7697347952823748,-0.5922723772075074,1.8662121568664645,110.10651725512459,203.76006938303857,236.7393979183969,277.1815457033561,229.1021940347801,55.64578515744802,4.385315930215427,2.0336983692159967,119.98820378374727,119.98820378374727,204.228997412367,0.5450208968133632,0.5939346740185703,0.5939346740185703,False
166,166,2.8135593220338984,2.8135593220338984,Sports2D_HALPE26_postprocessed,294.71038748927566,212.28526821953503,1.0,255.97002152835512,234.89926835224705,1.0,275.0801174930863,244.3593400553967,1.0,271.0286181011038,278.5550708750524,1.0,278.66448992085185,293.6702705887157,1.0,295.827459213252,281.28790804010845,1.0,297.984434463663,297.069875715724,1.0,228.7909777555741,318.30627767698945,1.0,201.2793775521841,317.10763908784355,1.0,258.58443477691173,369.1392570763059,1.0,193.9072270508537,381.2970845703381,1.0,283.94844067865955,436.9293289105095,1.0,163.12370108834114,443.6235803683852,1.0,316.9897184711044,443.1448536347159,1.0,314.647544704489,440.6857242844668,1.0,277.6056861200005,448.2092527404756,1.0,185.75665483476303,453.2325675575622,1.0,177.58419569652534,454.9459870299711,1.0,152.39829485275962,450.2062087805906,1.0,1.0,2.8135593220338984,294.71038748927566,212.28526821953503,False,255.97002152835512,234.89926835224705,False,275.0801174930863,244.3593400553967,False,271.0286181011038,278.5550708750524,False,278.66448992085185,293.6702705887157,False,295.827459213252,281.28790804010845,False,297.984434463663,297.069875715724,False,228.7909777555741,318.30627767698945,False,201.2793775521841,317.10763908784355,False,258.58443477691173,369.1392570763059,False,193.9072270508537,381.2970845703381,False,283.94844067865955,436.9293289105095,False,163.12370108834114,443.6235803683852,False,True,115.31995157029236,170.13882066885776,160.26659441245502,46.17997861250023,24.948966300756474,71.1289449132567,0.9429874206056004,0.730129218722703,0.8604151694801999,0.5402550423443281,True,True,True,True,5.3178832912555976,False,0.0982957560175665,False,True,115.31995157029236,valid,3.4422761374070774,-0.27895359346308624,3.4535604980176844,203.76006938303857,203.76006938303857,240.2801235822999,278.6681312931192,226.56825787294255,55.54733563095209,2.6197767469892597,1.7682819110012389,104.32863274907064,104.32863274907064,204.9935486391053,1.008600567145158,0.5164207024408816,0.5164207024408816,False
167,167,2.830508474576271,2.830508474576271,Sports2D_HALPE26_postprocessed,296.0046094182396,211.22637847618705,1.0,257.9439273817364,234.54466045095927,1.0,275.83376493139303,241.91043780471315,1.0,277.275239410414,279.0115407249308,1.0,279.8068025017598,292.34672694811366,1.0,299.3407957369577,281.7998018384305,1.0,299.7421900959888,297.43852167147674,1.0,236.367636331192,317.4091827085509,1.0,207.3931783058838,316.2978626457702,1.0,266.0713772012613,368.9430013499506,1.0,199.2237653575864,382.85403362524,1.0,292.3675932024849,440.4819983782712,1.0,164.70604795025096,443.6709308529215,1.0,320.6487507015743,446.6373075800903,1.0,319.1824970801288,443.52125830966895,1.0,286.1305900432456,450.8363225804548,1.0,187.28011611790697,454.2877497587708,1.0,179.13807277417234,455.3826085917792,1.0,153.4026891376984,449.4943022757879,1.0,1.0,2.830508474576271,296.0046094182396,211.22637847618705,False,257.9439273817364,234.54466045095927,False,275.83376493139303,241.91043780471315,False,277.275239410414,279.0115407249308,False,279.8068025017598,292.34672694811366,False,299.3407957369577,281.7998018384305,False,299.7421900959888,297.43852167147674,False,236.367636331192,317.4091827085509,False,207.3931783058838,316.2978626457702,False,266.0713772012613,368.9430013499506,False,199.2237653575864,382.85403362524,False,292.3675932024849,440.4819983782712,False,164.70604795025096,443.6709308529215,False,True,120.69814826087722,170.2235013130105,157.41989420183498,48.48714330675517,22.241024617515468,70.72816792427064,0.9900993368367368,0.6508815528395899,0.8555671487296778,0.4586994221706783,True,True,True,True,5.378196690584858,False,0.0815556201736498,False,True,120.69814826087722,valid,3.513336523705732,0.5118937983220349,3.550432197573309,209.4754996568258,209.4754996568258,244.3846267375513,277.5405359024984,251.13783341952103,54.95616899940643,4.259265935932092,1.7428146163357334,102.82606236380855,102.82606236380855,207.42530754862113,1.0368916166774578,0.5089830658747987,0.5089830658747987,False
168,168,2.847457627118644,2.847457627118644,Sports2D_HALPE26_postprocessed,299.1223494807481,209.34943645235123,1.0,259.7099358015194,234.3247067478452,1.0,276.7072755603948,241.7629294999685,1.0,279.45328912281354,276.95973546399387,1.0,280.2907981453187,292.09497893106044,1.0,303.09624790312387,282.52229775752767,1.0,301.4825834727355,295.9282691992424,1.0,242.09928140788537,318.64772421396947,1.0,212.71941874451323,317.9427879857393,1.0,272.10599627940724,368.2882914845261,1.0,204.4492345588136,384.32740165041656,1.0,297.81457244206047,442.0437299338061,1.0,166.27110892375214,442.1382911462345,1.0,321.24943492369255,450.8871379837072,1.0,320.092011636168,447.421257407314,1.0,290.39834765255466,451.841009102201,1.0,190.6090638952872,454.5187823008472,1.0,182.34746016097108,454.7343166766314,1.0,155.1974947755002,448.1227396013337,1.0,1.0,2.847457627118644,299.1223494807481,209.34943645235123,False,259.7099358015194,234.3247067478452,False,276.7072755603948,241.7629294999685,False,279.45328912281354,276.95973546399387,False,280.2907981453187,292.09497893106044,False,303.09624790312387,282.52229775752767,False,301.4825834727355,295.9282691992424,False,242.09928140788537,318.64772421396947,False,212.71941874451323,317.9427879857393,False,272.10599627940724,368.2882914845261,False,204.4492345588136,384.32740165041656,False,297.81457244206047,442.0437299338061,False,166.27110892375214,442.1382911462345,False,True,128.08722917329638,168.06466518202052,153.66066747480332,46.98452589945202,24.28850755309797,71.27303345255,0.959416141312555,0.7108009538313492,0.8621581443704838,0.5169469540902879,True,True,True,True,7.38908091241916,False,0.0582475319196096,False,True,128.08722917329638,valid,3.755452166166151,0.7224959190971845,3.824319720613605,225.6348635162033,209.4754996568258,247.80897787857822,278.16953711188063,205.41681226883122,55.28727002454565,4.352760645647038,0.34404817917396946,20.298842571264252,102.82606236380855,207.22745785921484,1.1168795338519197,0.10047809755737967,0.5089830658747987,False
169,169,2.864406779661017,2.864406779661017,Sports2D_HALPE26_postprocessed,299.5304876232946,209.9194546146379,1.0,261.6032064158164,233.6479462618762,1.0,276.9924081822466,240.24365798766908,1.0,280.0146976441671,277.6013136579237,1.0,280.8072036060016,290.2402849364204,1.0,301.2563178377221,282.67619870362626,1.0,304.4247571762345,296.1172367369684,1.0,247.04779769714395,318.20014620930266,1.0,217.6007119121803,318.1652982051505,1.0,278.0541155696731,368.3002321247875,1.0,212.54788928892623,386.064226111706,1.0,298.4720360608584,442.0918429083205,1.0,170.01836664046414,438.3852803268614,1.0,323.45554084739865,453.8927508520647,1.0,320.847554362272,449.19528502616265,1.0,289.56279773862565,451.462353097871,1.0,191.4437084043817,457.122780202036,1.0,183.26277272640635,455.4864681499813,1.0,158.5598049325114,440.9101594885713,1.0,1.0,2.864406779661017,299.5304876232946,209.9194546146379,False,261.6032064158164,233.6479462618762,False,276.9924081822466,240.24365798766908,False,280.0146976441671,277.6013136579237,False,280.8072036060016,290.2402849364204,False,301.2563178377221,282.67619870362626,False,304.4247571762345,296.1172367369684,False,247.04779769714395,318.20014620930266,False,217.6007119121803,318.1652982051505,False,278.0541155696731,368.3002321247875,False,212.54788928892623,386.064226111706,False,298.4720360608584,442.0918429083205,False,170.01836664046414,438.3852803268614,False,True,126.16496707640252,163.71376114207325,145.14975594608265,47.653767056798,21.839434211406225,69.49320126820423,0.973081933538755,0.639129046305875,0.8406283070812094,0.4582939725494532,True,True,True,True,1.92226209689386,False,0.0586529815408346,False,True,126.16496707640252,valid,-1.8399300654017452,0.15390094609858807,1.8463553684974383,108.93496674134916,108.93496674134916,250.8110310518468,277.5642621659996,180.68533037870606,50.44528678587531,5.1119365376266614,4.9011375943272135,289.16711806530634,289.16711806530634,206.29258650270634,0.5392217894798659,1.4313605220271717,1.4313605220271717,False
170,170,2.8813559322033897,2.8813559322033897,Sports2D_HALPE26_postprocessed,301.8220243870701,207.8548741129056,1.0,264.6366942704692,232.6458192185709,1.0,277.0847843123698,239.17389331849407,1.0,278.55137400016923,277.5171967147713,1.0,282.7776083304036,291.7767562202824,1.0,299.97327405240907,283.00669248922736,1.0,308.918701229348,295.2521221584649,1.0,252.4057840339161,316.0688530558383,1.0,222.5945240112163,316.9403640200226,1.0,284.72639939261,368.4470688914462,1.0,222.4688029096347,387.8007114677427,1.0,297.82779007686537,441.9387103926261,1.0,174.4855081552535,434.76560145316967,1.0,322.30206864280854,454.454323901461,1.0,320.417284030039,449.4987882167,1.0,289.2644937088603,451.1581385672346,1.0,193.5613354170601,457.7734986486652,1.0,185.2599232325945,456.4014489436171,1.0,163.65989740309928,434.7742718151253,1.0,1.0,2.8813559322033897,301.8220243870701,207.8548741129056,False,264.6366942704692,232.6458192185709,False,277.0847843123698,239.17389331849407,False,278.55137400016923,277.5171967147713,False,282.7776083304036,291.7767562202824,False,299.97327405240907,283.00669248922736,False,308.918701229348,295.2521221584649,False,252.4057840339161,316.0688530558383,False,222.5945240112163,316.9403640200226,False,284.72639939261,368.4470688914462,False,222.4688029096347,387.8007114677427,False,297.82779007686537,441.9387103926261,False,174.4855081552535,434.76560145316967,False,True,121.60185437719308,158.4307953787915,134.48712935276612,46.979344720702976,22.114076189294558,69.09342090999753,0.95931034251119,0.6471664186894347,0.8357923421293778,0.4707191281778195,True,True,True,True,4.563112699209441,False,0.0124251556283662,False,True,121.60185437719308,valid,-1.2830437853130547,0.33049378560110654,1.3249254686024428,78.17060264754433,104.3098543459639,254.18044665699284,276.2072324032315,214.3129118968168,45.792827395416225,6.799460085995861,4.949051839107316,291.9940585073324,289.16711806530634,205.39537133111685,0.38693996524009355,1.445353713832349,1.4313605220271717,False
171,171,2.8983050847457625,2.8983050847457625,Sports2D_HALPE26_postprocessed,303.4985608522247,206.93602546540367,1.0,266.3801512286927,232.6908163525856,1.0,277.30218677198445,238.6326786061529,1.0,276.73367214170787,279.6242035743361,1.0,283.1564193973069,291.64947963713405,1.0,298.3023210162975,283.58428348522546,1.0,310.6338127816604,294.93082556822696,1.0,255.71215410291364,315.2623850304808,1.0,225.8456122755143,316.98144466548564,1.0,290.06396698375613,368.03075754401306,1.0,230.69333915584767,390.5303355637132,1.0,297.4118465380452,441.7189551720924,1.0,179.0549655649059,430.4872393465668,1.0,322.132132633321,454.4021051352687,1.0,319.7510906426061,449.4226734805112,1.0,289.0196861950518,451.02749693879286,1.0,195.7172535462902,458.4416798101141,1.0,186.61376071805927,456.1035145913776,1.0,168.22206738700368,429.3708147642224,1.0,1.0,2.8983050847457625,303.4985608522247,206.93602546540367,False,266.3801512286927,232.6908163525856,False,277.30218677198445,238.6326786061529,False,276.73367214170787,279.6242035743361,False,283.1564193973069,291.64947963713405,False,298.3023210162975,283.58428348522546,False,310.6338127816604,294.93082556822696,False,255.71215410291364,315.2623850304808,False,225.8456122755143,316.98144466548564,False,290.06396698375613,368.03075754401306,False,230.69333915584767,390.5303355637132,False,297.4118465380452,441.7189551720924,False,179.0549655649059,430.4872393465668,False,True,112.84405747290974,152.63064781967452,123.96109732615442,48.06181677176815,21.929177986782065,69.99099475855022,0.981414240303713,0.6417553896906267,0.8466498932425748,0.4562702673292079,True,True,True,True,8.757796904283339,False,0.0144488608486115,False,True,112.84405747290974,valid,-1.6709530361115412,0.5775909959980936,1.7679636329824342,104.3098543459639,104.3098543459639,256.3100260947763,275.8918311636762,127.01573008548797,41.99229492152125,7.69245232154924,3.9040340953799166,230.33801162741568,230.33801162741568,203.23930828469034,0.5163277504307999,1.1401598451842605,1.1401598451842605,False
172,172,2.915254237288136,2.915254237288136,Sports2D_HALPE26_postprocessed,304.3259396451822,205.31146589519744,1.0,266.055942100954,232.34772606842657,1.0,277.4922515076953,239.0466774088356,1.0,279.0155481427184,278.7274222093049,1.0,283.6520473775922,290.3270503444699,1.0,299.8697443760424,280.66539541692634,1.0,311.1374619311199,294.5036036800191,1.0,257.02333331921443,315.845740869427,1.0,229.1896746171385,318.54134812979885,1.0,294.46746337713444,367.64605638574926,1.0,237.4913743942826,392.3276267490356,1.0,297.6880843861452,441.9469461702281,1.0,184.1337163017252,426.1302372192805,1.0,322.0719683260424,453.8952311139727,1.0,319.9339367506843,449.1031424658155,1.0,287.59034704746307,451.9403780496976,1.0,197.97865049424345,456.3912227353518,1.0,188.97176469405747,453.4581202665375,1.0,173.08400190195155,421.5775959333666,1.0,1.0,2.915254237288136,304.3259396451822,205.31146589519744,False,266.055942100954,232.34772606842657,False,277.4922515076953,239.0466774088356,False,279.0155481427184,278.7274222093049,False,283.6520473775922,290.3270503444699,False,299.8697443760424,280.66539541692634,False,311.1374619311199,294.5036036800191,False,257.02333331921443,315.845740869427,False,229.1896746171385,318.54134812979885,False,294.46746337713444,367.64605638574926,False,237.4913743942826,392.3276267490356,False,297.6880843861452,441.9469461702281,False,184.1337163017252,426.1302372192805,False,True,110.92087402848682,146.62048729439354,115.93531095016772,48.15628310903927,20.94405024562926,69.10033335466854,0.9833432270723046,0.6129257163759392,0.8358759588941194,0.4349183303496676,True,True,True,True,1.9231834444229177,False,0.0213519369795403,False,True,110.92087402848682,valid,1.5674233597448506,-2.918888068299111,3.313113874277905,195.4737185823918,195.4737185823918,257.44030038625056,276.445373119122,74.25399451668912,42.42944398979182,4.2200222978043485,3.4998385073735583,206.4904719350351,206.4904719350351,200.72828367093547,0.9675836095910997,1.0221159019740904,1.0221159019740904,False
173,173,2.9322033898305087,2.9322033898305087,Sports2D_HALPE26_postprocessed,304.24679200767457,202.90726002271,1.0,271.1120336938057,232.5631268389252,1.0,277.6381245913473,237.63332832467304,1.0,281.5629046377921,279.012913551601,1.0,283.45668420201804,289.01799030975684,1.0,303.0191435477629,282.94993622616454,1.0,313.31415037921647,294.4936577259576,1.0,260.59480166269594,316.6785646783586,1.0,231.60017930393784,319.9984718226738,1.0,298.13487178853467,368.185892123186,1.0,246.3297609594828,392.1504208206137,1.0,297.940112386908,442.48184239744376,1.0,190.0282122822481,421.9682998645413,1.0,323.88143282781465,453.7565648578023,1.0,320.8769678698221,449.70434936798137,1.0,289.2882661228038,452.5979892446326,1.0,201.5191339432452,456.0170470413397,1.0,193.186370898617,452.4779604635533,1.0,179.2821938378163,416.03045345121495,1.0,1.0,2.9322033898305087,304.24679200767457,202.90726002271,False,271.1120336938057,232.5631268389252,False,277.6381245913473,237.63332832467304,False,281.5629046377921,279.012913551601,False,283.45668420201804,289.01799030975684,False,303.0191435477629,282.94993622616454,False,313.31415037921647,294.4936577259576,False,260.59480166269594,316.6785646783586,False,231.60017930393784,319.9984718226738,False,298.13487178853467,368.185892123186,False,246.3297609594828,392.1504208206137,False,297.940112386908,442.48184239744376,False,190.0282122822481,421.9682998645413,False,True,113.07758176061394,143.76412808855503,106.36795530656568,47.61095870848362,21.814452450193947,69.42541115867758,0.9722077942435404,0.6383979573470636,0.8398082803164572,0.4581813313981201,True,True,True,True,2.156707732127117,False,0.0232630010484525,False,True,113.07758176061394,valid,3.1493991717205176,2.2845408092381945,3.890737957240064,229.5535394771644,195.4737185823918,260.2362848129467,276.7183729161577,165.74755869699626,42.782858734816216,6.231563310006834,2.042351396252187,120.49873237887935,206.4904719350351,199.45576018781426,1.1362767533790372,0.5964617610585049,1.0221159019740904,False
174,174,2.949152542372881,2.949152542372881,Sports2D_HALPE26_postprocessed,304.6518399995093,199.89218852223533,1.0,275.30319830105753,231.6559844002021,1.0,277.5143336431386,235.7720017349384,1.0,280.41490849427873,279.9733252670636,1.0,283.37398872501296,289.22081486191377,1.0,302.1890680904789,283.8195737122485,1.0,314.5529645218279,294.186307869611,1.0,264.25150819744704,315.47621925870726,1.0,235.8047023839765,319.4817343685272,1.0,301.2011038270307,368.57808616700703,1.0,255.04277151004243,392.21363592232046,1.0,298.43143708702763,442.4746778397621,1.0,197.96307119258336,416.91234177635215,1.0,323.85786715532345,453.25566051499857,1.0,319.7915831284239,449.26261335099935,1.0,289.503075009197,453.1640851954671,1.0,205.50398596492383,454.5064382772561,1.0,197.13458296507125,450.7079597018556,1.0,187.91718313238297,413.8344714454876,1.0,1.0,2.949152542372881,304.6518399995093,199.89218852223533,False,275.30319830105753,231.6559844002021,False,277.5143336431386,235.7720017349384,False,280.41490849427873,279.9733252670636,False,283.37398872501296,289.22081486191377,False,302.1890680904789,283.8195737122485,False,314.5529645218279,294.186307869611,False,264.25150819744704,315.47621925870726,False,235.8047023839765,319.4817343685272,False,301.2011038270307,368.57808616700703,False,255.04277151004243,392.21363592232046,False,298.43143708702763,442.4746778397621,False,197.96307119258336,416.91234177635215,False,True,106.05666415733342,143.02238783571406,98.58259539652266,48.58698395191831,22.11125625609911,70.69824020801742,0.992138066071412,0.6470838936021819,0.8552051264744122,0.4550860015921221,True,True,True,True,7.020917603280523,False,0.0030953298059979,False,True,106.05666415733342,valid,-0.8300754572840106,0.8696374860839455,1.2022040683626318,70.93004003339732,188.67977578706032,263.21843563140493,275.59648494059377,187.9856675429604,38.970632459073954,8.223088771654716,4.301074614773793,253.76340227166108,120.49873237887935,197.99964742821732,0.3510995987679441,1.2561141750042402,0.5964617610585049,False
175,175,2.9661016949152543,2.9661016949152543,Sports2D_HALPE26_postprocessed,305.8028730875704,199.4258317890886,1.0,280.0144016489526,231.50386205566755,1.0,276.7629661680339,234.1279919040972,1.0,283.1464202868932,280.9397751441512,1.0,282.53910378026944,288.38389907021804,1.0,304.424422519699,281.5326208361652,1.0,315.85603985625033,293.8181792580248,1.0,265.2739819013689,314.9470375919413,1.0,238.29734852785333,319.05529479643,1.0,302.33978648419827,368.2142540633555,1.0,261.8068991161699,391.4555698668344,1.0,298.38767885349625,442.4535949617545,1.0,204.69114701210708,415.6527034309355,1.0,324.3060555850309,453.14238941941136,1.0,320.97758432447057,449.35553980208897,1.0,289.9862251327605,452.58855256678856,1.0,211.3025431098281,451.8501439109162,1.0,203.71719565487453,447.30359722959406,1.0,195.4465252940678,411.4351858999138,1.0,1.0,2.9661016949152543,305.8028730875704,199.4258317890886,False,280.0144016489526,231.50386205566755,False,276.7629661680339,234.1279919040972,False,283.1464202868932,280.9397751441512,False,282.53910378026944,288.38389907021804,False,304.424422519699,281.5326208361652,False,315.85603985625033,293.8181792580248,False,265.2739819013689,314.9470375919413,False,238.29734852785333,319.05529479643,False,302.33978648419827,368.2142540633555,False,261.8068991161699,391.4555698668344,False,298.38767885349625,442.4535949617545,False,204.69114701210708,415.6527034309355,False,True,95.22109310886086,142.12076342124848,94.97052377782866,49.5350284509913,21.286259535997136,70.82128798698844,1.011496975790746,0.6229404399842825,0.8566935806575386,0.4297213547996085,True,True,True,True,10.83557104847256,False,0.0253646467925136,False,True,95.22109310886086,valid,2.2353544292201377,-2.2869528760832623,3.197962301475674,188.67977578706032,137.33251469826894,265.08717456155216,274.90854658703404,117.48919883432596,39.33724795814686,6.6240742491311835,1.6405043027684008,96.78975386333336,230.67612218493392,198.0654708301259,0.9339539854097216,0.47910368766553113,1.1418334729028965,False
176,176,2.983050847457627,2.983050847457627,Sports2D_HALPE26_postprocessed,304.62891700561283,195.81056116360136,1.0,280.63223765624707,231.62953006968067,1.0,275.8273005050619,234.2783350222704,1.0,281.2705552493311,276.9121233982113,1.0,280.8673597142616,286.19054151897603,1.0,305.12347225841984,279.3124010532776,1.0,313.61111330955066,294.2011519740974,1.0,267.00677199861184,317.7762126539774,1.0,239.9185753777716,322.7064471294002,1.0,303.20899974878563,368.3626334707357,1.0,268.1542367479499,388.8658905426626,1.0,298.29957206875486,442.05983563027576,1.0,211.5229998616912,414.7117640723054,1.0,323.6939901111613,452.933445770869,1.0,322.6711078200243,449.4642778758478,1.0,289.60990228385174,452.2835174549697,1.0,218.44393199793777,448.1688248305472,1.0,210.68153844866885,444.0703738340344,1.0,201.635400783956,408.8878945167437,1.0,1.0,2.983050847457627,304.62891700561283,195.81056116360136,False,280.63223765624707,231.62953006968067,False,275.8273005050619,234.2783350222704,False,281.2705552493311,276.9121233982113,False,280.8673597142616,286.19054151897603,False,305.12347225841984,279.3124010532776,False,313.61111330955066,294.2011519740974,False,267.00677199861184,317.7762126539774,False,239.9185753777716,322.7064471294002,False,303.20899974878563,368.3626334707357,False,268.1542367479499,388.8658905426626,False,298.29957206875486,442.05983563027576,False,211.5229998616912,414.7117640723054,False,True,96.55383717889482,140.59935793032193,91.41951607087854,45.2870920672406,23.973380709943385,69.26047277718399,0.9247548270552016,0.7015787955656566,0.8378130941705125,0.5293645411003337,True,True,True,True,1.332744070033968,False,0.0996431863007251,False,True,96.55383717889482,valid,0.6990497387208165,-2.220219782887625,2.32766974064862,137.33251469826894,187.69068510692125,265.8462213844231,276.59763121883213,109.2561320197786,39.27725087399676,2.7147698344454625,3.9097647827954796,230.67612218493392,96.78975386333336,196.81810489192029,0.6797880106320525,1.1418334729028965,0.47910368766553113,False
177,177,3.0,3.0,Sports2D_HALPE26_postprocessed,303.7056412693823,196.1555963854225,1.0,285.87710038014814,232.1667649398661,1.0,275.0422171454565,232.3092433991233,1.0,286.61578502998856,278.8548224730577,1.0,280.7055468355472,285.8849887044792,1.0,307.87213483506935,277.7108783122676,1.0,315.8364421420028,292.53216564295576,1.0,269.64236042644404,314.95041577312946,1.0,242.41542177273573,318.3349231946885,1.0,305.29482927533195,367.77554511785297,1.0,274.3703274172855,387.0982838303765,1.0,298.66936430484816,441.9284625047686,1.0,219.59315528157737,411.761396618561,1.0,325.010607212452,454.1580710228037,1.0,323.536484472963,449.4870607259799,1.0,290.73926197619545,451.0945666676689,1.0,226.19424671598017,445.0714007332104,1.0,218.6560310467822,442.5536855847464,1.0,208.71673232639827,407.5235640996548,1.0,1.0,3.0,303.7056412693823,196.1555963854225,False,285.87710038014814,232.1667649398661,False,275.0422171454565,232.3092433991233,False,286.61578502998856,278.8548224730577,False,280.7055468355472,285.8849887044792,False,307.87213483506935,277.7108783122676,False,315.8364421420028,292.53216564295576,False,269.64236042644404,314.95041577312946,False,242.41542177273573,318.3349231946885,False,305.29482927533195,367.77554511785297,False,274.3703274172855,387.0982838303765,False,298.66936430484816,441.9284625047686,False,219.59315528157737,411.761396618561,False,True,87.82594969975096,140.87825423008152,89.31470219564154,46.69390079265726,21.28710913390928,67.98100992656654,0.9534816253588072,0.6229653033895372,0.8223360018728527,0.4558862886275874,True,True,True,True,8.72788747914386,False,0.0734782524727463,False,True,87.82594969975096,valid,2.748662576649508,-1.601522741010001,3.1811980526596737,187.69068510692125,137.33251469826894,268.24427493119606,274.44033682670187,190.31117323487013,39.627859903873286,3.2705414855657295,0.6571216173737586,38.77017542505186,194.31538402908942,195.77220439377916,0.9290580437074692,0.19191012763406354,0.9618499204981282,False
178,178,3.016949152542373,3.016949152542373,Sports2D_HALPE26_postprocessed,304.4127019860707,195.31489371795607,1.0,289.3903439177949,231.87161420723183,1.0,274.5838933357814,230.22494009054049,1.0,288.322561532905,280.28917987011056,1.0,279.6892423469549,284.41721289300017,1.0,309.411855014019,278.73777614402195,1.0,315.21715402002087,292.2559340179238,1.0,271.7062831944055,311.44664440176354,1.0,245.02962411647985,315.24620286861654,1.0,306.8076584140053,368.2315493357355,1.0,281.61535742571454,382.7194736474541,1.0,299.0163983647697,441.9291384921848,1.0,226.3759315842821,410.59694150924366,1.0,324.21179824134185,455.9098080541471,1.0,323.6225956779693,449.55194501116455,1.0,290.6165274307372,452.1841744421724,1.0,233.1524474057845,443.8139128072062,1.0,226.3236577778224,441.0602478182908,1.0,215.364627948349,406.4166620143612,1.0,1.0,3.016949152542373,304.4127019860707,195.31489371795607,False,289.3903439177949,231.87161420723183,False,274.5838933357814,230.22494009054049,False,288.322561532905,280.28917987011056,False,279.6892423469549,284.41721289300017,False,309.411855014019,278.73777614402195,False,315.21715402002087,292.2559340179238,False,271.7062831944055,311.44664440176354,False,245.02962411647985,315.24620286861654,False,306.8076584140053,368.2315493357355,False,281.61535742571454,382.7194736474541,False,299.0163983647697,441.9291384921848,False,226.3759315842821,410.59694150924366,False,True,84.52932207249654,142.2430168480704,88.31085008354313,48.42933846276093,21.146279886870857,69.57561834963178,0.9889189716140924,0.6188439483452461,0.8416252698109536,0.4366419314839702,True,True,True,True,3.2966276272544235,False,0.0192443571436172,False,True,84.52932207249654,valid,1.5397201789496648,1.0268978317543542,1.850745089504922,109.19396028079069,109.19396028079069,270.1775361411154,272.19735039203806,174.70862436508713,39.2343188729036,6.540425751983889,3.293481085238795,194.31538402908942,38.77017542505186,196.1656048549521,0.5405037925315854,0.9618499204981282,0.19191012763406354,False
179,179,3.0338983050847457,3.0338983050847457,Sports2D_HALPE26_postprocessed,305.80195175723867,192.237139118207,1.0,290.43825046007964,231.01167615808765,1.0,273.6709013067816,228.55312349477708,1.0,290.21363686698874,280.7136848699681,1.0,278.5670178601436,282.6089980833748,1.0,309.8868923519853,277.5908386514302,1.0,314.57940622965083,292.42112758319365,1.0,271.5271809155764,310.05996754265726,1.0,246.4295928776464,313.6215863155677,1.0,307.4889367145897,368.73035722467046,1.0,286.4261907258156,378.3896026585418,1.0,298.8025965293273,441.9189235061245,1.0,232.92891536321773,409.9454019040394,1.0,322.8487952725376,454.4325783737977,1.0,323.3556613947744,449.5563615929472,1.0,290.503225575654,452.2482973855006,1.0,244.90285605147,441.8488047223856,1.0,236.32418860045905,440.0898908161517,1.0,221.6719984998104,406.6125967362002,1.0,1.0,3.0338983050847457,305.80195175723867,192.237139118207,False,290.43825046007964,231.01167615808765,False,273.6709013067816,228.55312349477708,False,290.21363686698874,280.7136848699681,False,278.5670178601436,282.6089980833748,False,309.8868923519853,277.5908386514302,False,314.57940622965083,292.42112758319365,False,271.5271809155764,310.05996754265726,False,246.4295928776464,313.6215863155677,False,307.4889367145897,368.73035722467046,False,286.4261907258156,378.3896026585418,False,298.8025965293273,441.9189235061245,False,232.92891536321773,409.9454019040394,False,True,80.72144324465485,141.72551651737706,88.83773830404897,49.702516246786175,19.91956701041927,69.62208325720545,1.014917048499415,0.5829443081243397,0.8421873351048172,0.4007758261475805,True,True,True,True,3.807878827841691,False,0.0358661053363896,False,True,80.72144324465485,valid,0.47503733796628467,-1.1469374925917464,1.2414209940124004,73.24383864673182,109.19396028079069,270.516481390021,270.8115883777724,84.17007581191586,39.370410961964296,6.779250273657794,0.27487853473429685,16.217833549323558,194.31538402908942,196.8166846796993,0.362552768178099,0.08027733876044277,0.9618499204981282,False
180,180,3.0508474576271185,3.0508474576271185,Sports2D_HALPE26_postprocessed,304.8397700203077,189.8079322341764,1.0,290.14930845990284,229.61653114145665,1.0,272.918064458538,229.29279501306,1.0,288.7751170113738,273.1751627662279,1.0,277.00505004969705,280.3031660570697,1.0,310.70315409025005,271.3452591119958,1.0,312.88466230716665,291.965458080006,1.0,269.41280137197367,314.5966994602423,1.0,245.1453393065824,318.70831549257565,1.0,304.53714713824166,369.590651990375,1.0,288.4340220203808,373.5976494491911,1.0,298.11794817156147,442.1319821102783,1.0,236.9788872993016,408.9220087157273,1.0,323.7447792087805,452.7223658310145,1.0,323.5386084221755,449.4727495007373,1.0,290.32886443394034,452.1964858762842,1.0,252.7972248573778,440.7614510384162,1.0,244.08915109142964,439.2703961762904,1.0,223.9951948676036,408.1375593509278,1.0,1.0,3.0508474576271185,304.8397700203077,189.8079322341764,False,290.14930845990284,229.61653114145665,False,272.918064458538,229.29279501306,False,288.7751170113738,273.1751627662279,False,277.00505004969705,280.3031660570697,False,310.70315409025005,271.3452591119958,False,312.88466230716665,291.965458080006,False,269.41280137197367,314.5966994602423,False,245.1453393065824,318.70831549257565,False,304.53714713824166,369.590651990375,False,288.4340220203808,373.5976494491911,False,298.11794817156147,442.1319821102783,False,236.9788872993016,408.9220087157273,False,True,83.42272387050554,142.3769002351413,86.20869500379325,43.58030278875692,22.004257713368627,65.58456050212554,0.8899024761535284,0.6439525910276978,0.7933472204394192,0.5049129149016699,True,True,True,True,2.7012806258506856,True,0.1041370887540893,False,False,,angle_jump,0.8162617382647568,-6.245579539434402,6.298694071691103,371.62295022977605,350.63589803749903,269.40637839924926,273.05358527683364,147.60473201478715,41.29677569100079,-1.7083261648378425,8.703438106207347,513.5028482662349,513.5028482662349,196.57046382621988,1.8395121257114653,2.5418094210518127,2.5418094210518127,False
181,181,3.067796610169492,3.067796610169492,Sports2D_HALPE26_postprocessed,304.5330277976885,188.021854684028,1.0,292.0499795712816,227.0627281426437,1.0,271.540541198829,226.12759839067857,1.0,298.1328573531678,272.16944950743334,1.0,276.32827485117,279.2808527090293,1.0,313.194836087506,276.7406782640312,1.0,313.1082730915483,292.0998922190572,1.0,272.6350611623134,309.80852418344165,1.0,247.94047876209964,313.4136062679114,1.0,307.72051373415314,369.5444005211114,1.0,295.60812266286007,370.252820740985,1.0,298.56822137327754,442.1647408874183,1.0,242.9537918780325,408.6006357060297,1.0,324.55162435428474,453.3177176825608,1.0,323.4479029127195,449.7572168590792,1.0,290.3595290185482,451.8954515518421,1.0,260.9227007036403,440.4777325820827,1.0,251.4439428942539,438.7566025181552,1.0,230.0087781221815,409.3891719747413,1.0,1.0,3.067796610169492,304.5330277976885,188.021854684028,False,292.0499795712816,227.0627281426437,False,271.540541198829,226.12759839067857,False,298.1328573531678,272.16944950743334,False,276.32827485117,279.2808527090293,False,313.194836087506,276.7406782640312,False,313.1082730915483,292.0998922190572,False,272.6350611623134,309.80852418344165,False,247.94047876209964,313.4136062679114,False,307.72051373415314,369.5444005211114,False,295.60812266286007,370.252820740985,False,298.56822137327754,442.1647408874183,False,242.9537918780325,408.6006357060297,False,True,114.56306092622988,142.3893717689011,86.08106802817582,45.51502734691188,15.740372795420168,61.25540014233205,0.929409227249836,0.4606405713560867,0.7409792955500335,0.345828042141957,True,True,True,True,31.140337055724345,True,0.1590848727597129,False,False,,angle_jump,2.4916819972559665,5.395419152035402,5.942981322669615,350.63589803749903,350.63589803749903,271.0415151736309,269.10311424616884,252.254454358353,42.15332091387512,7.63756401786236,9.385059031562927,553.7184828621996,513.5028482662349,199.0935329527424,1.7356274303051058,2.7408744880416696,2.5418094210518127,False
182,182,3.084745762711864,3.084745762711864,Sports2D_HALPE26_postprocessed,303.3305655433545,184.24736844139755,1.0,294.53484918493467,224.35210447230173,1.0,269.5215231578347,223.4397597282922,1.0,302.52664096281626,265.59502392226284,1.0,274.5271086484745,275.9515823336389,1.0,313.9343114075802,276.37073509693107,1.0,311.42888407696665,291.7513850477208,1.0,272.5605385300671,308.9659036488231,1.0,249.2613526620653,311.70193697598125,1.0,304.2937510164511,368.14921223860966,1.0,299.0425195595205,363.8693789653264,1.0,298.5062284660541,442.24641032866936,1.0,250.0956287662504,409.68965341748,1.0,325.2235369624198,450.92663737686735,1.0,322.8687591862003,449.6267983015001,1.0,291.2565097253977,453.166108878353,1.0,269.2460520023906,441.1800947548719,1.0,259.6109006041812,439.4134662436972,1.0,236.89867971463508,411.4025154542468,1.0,1.0,3.084745762711864,303.3305655433545,184.24736844139755,False,294.53484918493467,224.35210447230173,False,269.5215231578347,223.4397597282922,False,302.52664096281626,265.59502392226284,False,274.5271086484745,275.9515823336389,False,313.9343114075802,276.37073509693107,False,311.42888407696665,291.7513850477208,False,272.5605385300671,308.9659036488231,False,249.2613526620653,311.70193697598125,False,304.2937510164511,368.14921223860966,False,299.0425195595205,363.8693789653264,False,298.5062284660541,442.24641032866936,False,250.0956287662504,409.68965341748,False,True,144.3347052005097,147.33430676437794,89.45120524248004,42.0100837963577,15.692383384821136,57.70246718117883,0.8578388675959518,0.4592361656406254,0.6980010478106566,0.3735384928268502,True,True,True,True,29.771644274279808,True,0.0277104506848931,False,False,,angle_jump,0.7394753200741775,-0.3699431671001321,0.8268504676680564,48.78417759241673,238.40020661018468,271.4695658837254,267.11492620634954,119.99096032441938,42.46474552385479,9.255808890581534,1.6479386383548642,97.2283796629398,97.2283796629398,202.21979135560477,0.2414788596038702,0.4812748600232315,0.4812748600232315,False
183,183,3.101694915254237,3.101694915254237,Sports2D_HALPE26_postprocessed,301.7978070260854,184.36686681847647,1.0,294.97224869530334,221.8162268249181,1.0,267.9411528850817,221.67514119344327,1.0,304.8527329249813,263.22034868400453,1.0,271.89300485530663,274.04228696671555,1.0,314.65797369254693,272.39538358757915,1.0,311.4864924732845,291.8677818000993,1.0,273.93293188022966,305.35921048424586,1.0,250.3243923009929,307.1580078928517,1.0,303.5889330605568,366.7582398839745,1.0,300.27177942431564,360.9733087296364,1.0,299.24005413572013,442.8907437582171,1.0,253.1755872889391,411.4879063362525,1.0,325.4096427665859,450.75273480923306,1.0,323.7565172602086,448.48918666650513,1.0,291.586516721202,452.574652322576,1.0,272.4705465268381,442.0288047466608,1.0,262.84522118474194,440.2894891317947,1.0,239.1848457089119,414.7163883681901,1.0,1.0,3.101694915254237,301.7978070260854,184.36686681847647,False,294.97224869530334,221.8162268249181,False,267.9411528850817,221.67514119344327,False,304.8527329249813,263.22034868400453,False,271.89300485530663,274.04228696671555,False,314.65797369254693,272.39538358757915,False,311.4864924732845,291.8677818000993,False,273.93293188022966,305.35921048424586,False,250.3243923009929,307.1580078928517,False,303.5889330605568,366.7582398839745,False,300.27177942431564,360.9733087296364,False,299.24005413572013,442.8907437582171,False,253.1755872889391,411.4879063362525,False,True,146.52007183771448,150.94992778659545,94.14052270932416,42.566715583128975,13.428477649821051,55.99519323295003,0.8692051953554119,0.3929831712026418,0.6773489151900217,0.3154689636224444,True,True,False,True,2.185366637204794,False,0.0580695292044057,False,False,,short_forearm,0.7236622849667356,-3.975351509351924,4.040681467969221,238.40020661018468,238.40020661018468,271.7926814404019,264.0021465988647,184.64078559917883,42.865292252145025,8.39323698871442,0.9510352083044362,56.111077289961884,97.2283796629398,205.51068192443088,1.1800672443948959,0.27774658964899396,0.4812748600232315,False
184,184,3.1186440677966103,3.1186440677966103,Sports2D_HALPE26_postprocessed,302.529681197418,179.6890427365871,1.0,294.22735821255884,222.40752195477995,1.0,266.40016002982213,221.686771018471,1.0,307.96981509668944,265.5219186070947,1.0,270.77719449755097,272.05832213500446,1.0,317.2842149627771,269.19493485222023,1.0,308.9151635859213,290.59409521514,1.0,273.3959937993161,307.1003957589503,1.0,250.13908145101792,309.2287341716927,1.0,300.95579409299904,365.3412668482006,1.0,300.14495853652613,358.99850202446714,1.0,298.7591670250795,442.6093674787129,1.0,255.35107570973463,413.87587899242266,1.0,323.3437026668165,450.9906938243527,1.0,322.984138382088,448.5939446288298,1.0,291.650586975494,451.75115109455766,1.0,276.84469503465573,442.0125513274112,1.0,267.81007804189977,440.4272482029213,1.0,241.77682248899032,417.3226942876813,1.0,1.0,3.1186440677966103,302.529681197418,179.6890427365871,False,294.22735821255884,222.40752195477995,False,266.40016002982213,221.686771018471,False,307.96981509668944,265.5219186070947,False,270.77719449755097,272.05832213500446,False,317.2842149627771,269.19493485222023,False,308.9151635859213,290.59409521514,False,273.3959937993161,307.1003957589503,False,250.13908145101792,309.2287341716927,False,300.95579409299904,365.3412668482006,False,300.14495853652613,358.99850202446714,False,298.7591670250795,442.6093674787129,False,255.35107570973463,413.87587899242266,False,True,129.20054319576383,153.04790791092347,95.64123252536818,45.25158914231981,10.012446913833324,55.26403605615313,0.9240298632808366,0.2930133439026693,0.6685044324417176,0.2212617745278158,True,True,False,True,17.319528641950654,False,0.0942071890946285,False,False,,short_forearm,2.626241270230196,-3.2004487353589184,4.140050158768709,244.26295936734806,244.26295936734806,271.0406483731788,265.10585572597347,78.79819589465572,46.243566589598345,4.089079126246759,5.471609672129204,322.8249706556154,322.8249706556154,206.22122429986194,1.2090875317054135,1.5979649470956474,1.5979649470956474,False
185,185,3.135593220338983,3.135593220338983,Sports2D_HALPE26_postprocessed,300.8527222417913,180.27132868457056,1.0,296.3141635327244,218.41163584974848,1.0,265.60629365931885,217.5910784060678,1.0,306.1527354060738,262.32066277944983,1.0,269.2719661438926,270.28400319604015,1.0,320.1252280575848,276.65810915855434,1.0,310.2505168955829,291.6981249315535,1.0,276.13098924637177,301.3025264043836,1.0,251.5031761454388,301.3890775218988,1.0,301.63822570141167,363.20194055787374,1.0,301.78697418390993,356.74666420748287,1.0,299.4402470735719,442.6825277582536,1.0,258.0607346379645,414.66322590074856,1.0,323.83087360367745,451.35227432296233,1.0,325.44385298303587,448.8478419092102,1.0,293.6122574973032,452.3511073342886,1.0,279.04182326265266,443.6105881951874,1.0,269.3794543305371,441.8190117518844,1.0,243.8591528972497,418.6077883906756,1.0,1.0,3.135593220338983,300.8527222417913,180.27132868457056,False,296.3141635327244,218.41163584974848,False,265.60629365931885,217.5910784060678,False,306.1527354060738,262.32066277944983,False,269.2719661438926,270.28400319604015,False,320.1252280575848,276.65810915855434,False,310.2505168955829,291.6981249315535,False,276.13098924637177,301.3025264043836,False,251.5031761454388,301.3890775218988,False,301.63822570141167,363.20194055787374,False,301.78697418390993,356.74666420748287,False,299.4402470735719,442.6825277582536,False,258.0607346379645,414.66322590074856,False,True,148.3680819255771,156.02056748715714,100.69738989912224,44.997779305431294,20.01981317520785,65.01759248063915,0.9188471089660252,0.5858780029754493,0.7864888607815896,0.4449066928240931,True,True,True,True,19.16753872981326,False,0.2236449182962772,False,True,148.3680819255771,valid,2.8410130948076926,7.4631743063341105,7.985632481625636,471.1523164159138,244.26295936734806,272.38865564596347,259.67357954552466,330.22478732596284,47.73657241162135,16.98452961302968,12.981591182966149,765.9138797950048,322.8249706556154,210.68310837430553,2.3321767360391497,3.7912294390389274,1.5979649470956474,False
186,186,3.152542372881356,3.152542372881356,Sports2D_HALPE26_postprocessed,299.6894296274179,179.4545723626932,1.0,295.33159346825244,216.1609337959389,1.0,264.9029872842364,216.9278808174745,1.0,304.19793623274546,260.443098617601,1.0,268.39888936672526,269.5565021882599,1.0,320.201726558716,276.18529523228807,1.0,308.93670893362304,291.1468097455991,1.0,276.44319470627806,298.2984694054728,1.0,251.51917169253284,299.1078476612751,1.0,300.59654148683387,362.4470305628766,1.0,302.39647363532686,357.08079495509486,1.0,300.76794851335325,441.7391180189492,1.0,260.91989721647127,416.544692657242,1.0,323.8771500391706,450.99413640413024,1.0,325.4423643339017,448.3050101751412,1.0,295.54808670415827,451.57746360815554,1.0,282.2016424912096,445.1391807395278,1.0,273.26184698512714,443.2904013820697,1.0,246.5228383627052,420.4308486449272,1.0,1.0,3.152542372881356,299.6894296274179,179.4545723626932,False,295.33159346825244,216.1609337959389,False,264.9029872842364,216.9278808174745,False,304.19793623274546,260.443098617601,False,268.39888936672526,269.5565021882599,False,320.201726558716,276.18529523228807,False,308.93670893362304,291.1468097455991,False,276.44319470627806,298.2984694054728,False,251.51917169253284,299.1078476612751,False,300.59654148683387,362.4470305628766,False,302.39647363532686,357.08079495509486,False,300.76794851335325,441.7391180189492,False,260.91989721647127,416.544692657242,False,True,145.8501420998358,159.49139538454276,103.83357321688914,45.16106902311243,22.44856474372236,67.60963376683479,0.922181457623473,0.6569551956660846,0.8178436298602187,0.4970777979642971,True,True,True,True,2.51793982574128,False,0.0521711051402039,False,True,145.8501420998358,valid,0.07649850113119783,-0.4728139262662694,0.4789624510821752,28.258784613848412,81.38328672350976,272.04923678782495,257.62378292004036,122.58478383918288,48.152489770891066,18.561512312247714,1.6309082387966813,96.22358608900446,139.3825318089182,212.59873979866393,0.13987935062380247,0.47630118990423537,0.6899354768491516,False
187,187,3.169491525423729,3.169491525423729,Sports2D_HALPE26_postprocessed,298.6787320502265,177.3731661871694,1.0,294.7503336336244,213.4826612970713,1.0,264.3514933415147,214.3458974678083,1.0,301.94046059046906,257.0905591754975,1.0,267.25054467712386,266.95676859045926,1.0,318.822359793642,276.17979250692497,1.0,307.467479594656,290.30991638720366,1.0,276.0251682443836,296.49348042740183,1.0,251.2165020044505,297.44067903880426,1.0,299.2681179000466,361.9397315019209,1.0,301.9322911610036,356.3969106676949,1.0,301.87402828446324,439.6873596528695,1.0,263.39090263707163,417.9006803335156,1.0,324.09626440107814,450.9654222280474,1.0,323.6653260301309,448.151938983449,1.0,297.45399728317875,449.467941672925,1.0,287.0108361788778,446.4274809386636,1.0,278.79168617826895,444.65533581291527,1.0,249.6352749528509,424.60321772634745,1.0,1.0,3.169491525423729,298.6787320502265,177.3731661871694,False,294.7503336336244,213.4826612970713,False,264.3514933415147,214.3458974678083,False,301.94046059046906,257.0905591754975,False,267.25054467712386,266.95676859045926,False,318.822359793642,276.17979250692497,False,307.467479594656,290.30991638720366,False,276.0251682443836,296.49348042740183,False,251.2165020044505,297.44067903880426,False,299.2681179000466,361.9397315019209,False,301.9322911610036,356.3969106676949,False,301.87402828446324,439.6873596528695,False,263.39090263707163,417.9006803335156,False,True,147.8742618277996,162.36742397526058,107.22361759860014,44.19668181018562,25.48327588611349,69.67995769629911,0.9024888324273082,0.7457657399079891,0.842887416420266,0.5765879890159669,True,True,True,True,2.024119727963779,False,0.0795101910516697,False,True,147.8742618277996,valid,-1.3793667650739962,-0.005502725363101035,1.379377741076433,81.38328672350976,81.38328672350976,271.58587430599334,255.44067955777143,131.67241747305403,47.23648548764868,20.739112949153537,2.362415793371489,139.3825318089182,139.3825318089182,214.90183546798266,0.4028425657392406,0.6899354768491516,0.6899354768491516,False
188,188,3.1864406779661016,3.1864406779661016,Sports2D_HALPE26_postprocessed,297.6714460944047,173.56704661773426,1.0,292.2221887222455,211.8860621722633,1.0,263.71675478243964,212.70982940490865,1.0,298.42687575515737,255.9121108705513,1.0,266.8848347794636,264.67561283356224,1.0,314.62670419020554,277.50028239539864,1.0,305.0093732603317,289.3277381827882,1.0,275.57875835984464,295.54932110094336,1.0,251.76142497971983,296.9424376106296,1.0,297.626299350227,362.0833254261413,1.0,300.39911997358314,356.2729405432244,1.0,301.312530041115,438.4474736536763,1.0,265.3355707661412,423.23115070462114,1.0,322.1122113846677,450.83425724529553,1.0,324.4643622853575,447.1661267022956,1.0,297.506608945967,447.9827362304323,1.0,289.93111043306584,448.9770390434424,1.0,280.27929952213907,447.8679075068889,1.0,252.03602088929887,428.3450532538119,1.0,1.0,3.1864406779661016,297.6714460944047,173.56704661773426,False,292.2221887222455,211.8860621722633,False,263.71675478243964,212.70982940490865,False,298.42687575515737,255.9121108705513,False,266.8848347794636,264.67561283356224,False,314.62670419020554,277.50028239539864,False,305.0093732603317,289.3277381827882,False,275.57875835984464,295.54932110094336,False,251.76142497971983,296.9424376106296,False,297.626299350227,362.0833254261413,False,300.39911997358314,356.2729405432244,False,301.312530041115,438.4474736536763,False,265.3355707661412,423.23115070462114,False,True,151.13731485559285,164.429844068237,113.0165428469752,44.46111902730755,26.99043517824834,71.45155420555588,0.90788859606467,0.7898726188540606,0.8643176304157304,0.6070570369961021,True,True,True,True,3.263053027793262,False,0.0304690479801352,False,True,151.13731485559285,valid,-4.195655603436478,1.3204898884736735,4.398547429346321,259.5142983314336,81.38328672350976,270.8197817110624,254.27191257218624,82.45055541732555,43.80692247914317,23.228369823212404,4.237723706703718,250.02569869552002,139.3825318089182,218.60695399823624,1.2845807781274243,1.237612758322694,0.6899354768491516,False
189,189,3.2033898305084745,3.2033898305084745,Sports2D_HALPE26_postprocessed,297.5500377288251,174.14034431133794,1.0,291.2187521194796,208.66472993107325,1.0,263.22447414179464,210.31238615287089,1.0,297.4134562305924,256.4654419562105,1.0,266.6847102370049,263.5626613792286,1.0,314.5591865029425,276.71600337794143,1.0,303.2254377178034,289.6662958799245,1.0,276.591893060309,293.4171556338634,1.0,252.6791788607846,294.3523363669637,1.0,298.2505162900755,361.8728327829551,1.0,299.1942838086823,357.4245149725908,1.0,302.04552652810014,437.75941685285375,1.0,266.3571871442524,425.59081451355377,1.0,323.5229317169545,451.0275380034663,1.0,324.59154832930074,447.162839224301,1.0,297.58092634555385,446.7534193062885,1.0,291.90512141478234,451.3327834416415,1.0,285.4596317631962,449.9936266604943,1.0,253.7246453114133,432.7086689757365,1.0,1.0,3.2033898305084745,297.5500377288251,174.14034431133794,False,291.2187521194796,208.66472993107325,False,263.22447414179464,210.31238615287089,False,297.4134562305924,256.4654419562105,False,266.6847102370049,263.5626613792286,False,314.5591865029425,276.71600337794143,False,303.2254377178034,289.6662958799245,False,276.591893060309,293.4171556338634,False,252.6791788607846,294.3523363669637,False,298.2505162900755,361.8728327829551,False,299.1942838086823,357.4245149725908,False,302.04552652810014,437.75941685285375,False,266.3571871442524,425.59081451355377,False,True,147.13016043681216,165.30611971259995,117.87052895810476,48.2004401342388,26.53415354722063,74.73459368145943,0.9842449061233912,0.7765195786213002,0.9040310968605738,0.5504960841295784,True,True,True,True,4.007154418780687,False,0.0565609528665237,False,True,147.13016043681216,valid,-0.06751768726303453,-0.7842790174572087,0.787179912927784,46.44361486273938,71.31823598239411,270.92857454559197,251.6866520211928,152.66537013624844,43.63061195735054,25.029351356748634,1.809591082049561,106.76587384092439,106.76587384092439,222.29616105244688,0.22989320936464866,0.5284849049853562,0.5284849049853562,False
190,190,3.220338983050848,3.220338983050848,Sports2D_HALPE26_postprocessed,297.5781931314473,172.51041330488107,1.0,289.6386794167876,207.113156065952,1.0,262.94644309219626,207.96338503214065,1.0,294.58980154629165,256.93271564198324,1.0,265.9324613236412,263.041756014189,1.0,313.836040800041,275.7473867196109,1.0,302.10877889584776,290.28433143521204,1.0,275.9367033404312,293.33082017561526,1.0,254.03639438432373,294.31306840554555,1.0,297.4707103469579,362.2366051291564,1.0,296.63920336576274,360.28776581552387,1.0,302.93305595872766,437.2748704397618,1.0,267.7209867769734,430.0909255552549,1.0,323.82666093641615,451.5743598112418,1.0,325.5933949061687,447.13378658636987,1.0,298.3990110347808,446.24392560090087,1.0,296.6844045686391,452.9363501845576,1.0,289.93403571141465,452.9437107858339,1.0,256.0974818021032,437.3955708094344,1.0,1.0,3.220338983050848,297.5781931314473,172.51041330488107,False,289.6386794167876,207.113156065952,False,262.94644309219626,207.96338503214065,False,294.58980154629165,256.93271564198324,False,265.9324613236412,263.041756014189,False,313.836040800041,275.7473867196109,False,302.10877889584776,290.28433143521204,False,275.9367033404312,293.33082017561526,False,254.03639438432373,294.31306840554555,False,297.4707103469579,362.2366051291564,False,296.63920336576274,360.28776581552387,False,302.93305595872766,437.2748704397618,False,267.7209867769734,430.0909255552549,False,True,140.02583890260257,166.80870935393335,124.64449949016009,50.0649790441481,26.914857851600896,76.979836895749,1.0223184780500405,0.7876608552966832,0.9311908041091932,0.5375985042931296,True,True,True,True,7.104321534209589,False,0.0128975798364487,False,True,140.02583890260257,valid,-0.7231457029014905,-0.968616658330518,1.2087836607186044,71.31823598239411,71.31823598239411,270.6395550584347,250.68010741981337,61.78582704113621,43.196485741606296,25.067279299797548,0.43577987569452836,25.711012665975893,106.76587384092439,226.32501848744772,0.35302114627971687,0.1272680267301591,0.5284849049853562,False
191,191,3.23728813559322,3.23728813559322,Sports2D_HALPE26_postprocessed,297.68751632694733,171.35929631261467,1.0,288.9590416857828,206.5624348994015,1.0,262.6336793364695,206.85903686017605,1.0,293.6359570955157,257.0804123204695,1.0,265.81365404336816,261.1217612171016,1.0,311.53289044467846,278.19782949434966,1.0,299.39277538782665,290.3542882508945,1.0,276.2657933573049,293.66636884364954,1.0,254.4321292457064,294.7977267450043,1.0,295.5341314344361,362.81824107996937,1.0,294.2988005234058,362.34576793089286,1.0,302.85919228259473,437.84396631874574,1.0,268.35375070560804,434.8469031621999,1.0,323.84043782699445,451.4388646572985,1.0,325.60583586937656,446.557868604718,1.0,298.158040530821,445.5149069538383,1.0,298.3026271688295,453.7070666192071,1.0,293.1489406301872,455.1289541706324,1.0,256.8947060113171,442.22349829835,1.0,1.0,3.23728813559322,297.68751632694733,171.35929631261467,False,288.9590416857828,206.5624348994015,False,262.6336793364695,206.85903686017605,False,293.6359570955157,257.0804123204695,False,265.81365404336816,261.1217612171016,False,311.53289044467846,278.19782949434966,False,299.39277538782665,290.3542882508945,False,276.2657933573049,293.66636884364954,False,254.4321292457064,294.7977267450043,False,295.5341314344361,362.81824107996937,False,294.2988005234058,362.34576793089286,False,302.85919228259473,437.84396631874574,False,268.35375070560804,434.8469031621999,False,True,145.00816871195298,170.00648535495836,129.7608982484929,50.73400812537224,27.681140355846274,78.41514848121852,1.03597993971739,0.8100860427533911,0.9485531291454316,0.5456131178802498,True,True,True,True,4.982329809350404,False,0.0080146135871201,False,True,145.00816871195298,valid,-2.303150355362561,2.4504427747387467,3.3629111423996947,198.41175740159292,197.25831140168629,270.57266090631595,250.47139183705787,12.93123636142131,40.96022953836251,27.726437657291797,3.4744733380438846,204.99392694460047,204.99392694460047,229.8441498022852,0.9821267319423694,1.0147080907641663,1.0147080907641663,False
192,192,3.254237288135593,3.254237288135593,Sports2D_HALPE26_postprocessed,295.8793463302072,169.18011058161505,1.0,287.0347288554568,204.95972569797303,1.0,262.00285145148365,207.0225607960707,1.0,290.9621285626401,256.3801988964077,1.0,265.33784408554544,261.3531205873967,1.0,309.4257695799584,280.7936156649189,1.0,299.0847449309041,290.7506283951123,1.0,277.50806490506045,292.66689284351315,1.0,256.2517309340605,294.590337807569,1.0,293.6199516314172,364.6756569383769,1.0,289.94719030069984,365.36773113317616,1.0,304.50204095260625,438.61821595327945,1.0,266.0453501202768,439.8878809566753,1.0,323.86603551151086,452.2691174849755,1.0,324.673794189414,445.8693406474722,1.0,298.3537582268304,446.3356360883561,1.0,297.08537975449235,453.9169490906173,1.0,289.2863303497133,456.13778011191255,1.0,254.00665894296787,447.8727015552947,1.0,1.0,3.254237288135593,295.8793463302072,169.18011058161505,False,287.0347288554568,204.95972569797303,False,262.00285145148365,207.0225607960707,False,290.9621285626401,256.3801988964077,False,265.33784408554544,261.3531205873967,False,309.4257695799584,280.7936156649189,False,299.0847449309041,290.7506283951123,False,277.50806490506045,292.66689284351315,False,256.2517309340605,294.590337807569,False,293.6199516314172,364.6756569383769,False,289.94719030069984,365.36773113317616,False,304.50204095260625,438.61821595327945,False,266.0453501202768,439.8878809566753,False,True,147.267785738628,175.7599526636687,136.7586783937275,51.57023882445109,30.609164606853,82.17940343130408,1.053055630387851,0.8957744048689729,0.9940876448730916,0.5935432005860756,True,True,True,True,2.2596170266750164,False,0.0479300827058257,False,True,147.267785738628,valid,-2.107120864720059,2.5957861705692267,3.3433612101980636,197.25831140168629,197.25831140168629,270.69934403651536,249.80987928628147,39.7384806472948,38.72642554344304,30.983736378637417,3.9496677389114634,233.03039659577695,204.99392694460047,233.50970945774802,0.9764172409061733,1.1534869951714224,1.0147080907641663,False
193,193,3.2711864406779663,3.2711864406779663,Sports2D_HALPE26_postprocessed,296.6843025801208,170.79090020932367,1.0,284.8339057841653,204.54147861520008,1.0,262.3182759650408,205.5359363065752,1.0,289.79420325630934,257.4096450115622,1.0,265.06194473536647,260.3915065496642,1.0,307.6116298228451,282.4011670043837,1.0,297.29152294753754,292.997453519391,1.0,274.9970653500144,293.5919849989545,1.0,257.5336121948108,294.6209445065598,1.0,292.6099113480155,365.5028709868324,1.0,287.1381185678454,366.3789829097871,1.0,303.67708534782594,438.8604532745048,1.0,265.10581538257367,442.57607925078463,1.0,324.2333001391796,451.9654000753736,1.0,325.8584351989011,445.978871515633,1.0,298.0445524300745,446.36454693400015,1.0,299.4753107102092,453.2392513819348,1.0,294.9028167571,456.52853371703856,1.0,254.47040901190653,448.84657373517473,1.0,1.0,3.2711864406779663,296.6843025801208,170.79090020932367,False,284.8339057841653,204.54147861520008,False,262.3182759650408,205.5359363065752,False,289.79420325630934,257.4096450115622,False,265.06194473536647,260.3915065496642,False,307.6116298228451,282.4011670043837,False,297.29152294753754,292.997453519391,False,274.9970653500144,293.5919849989545,False,257.5336121948108,294.6209445065598,False,292.6099113480155,365.5028709868324,False,287.1381185678454,366.3789829097871,False,303.67708534782594,438.8604532745048,False,265.10581538257367,442.57607925078463,False,True,149.87347635438655,174.8169915328584,141.45374294845544,53.10035375706635,30.69261899824736,83.79297275531371,1.084300320768596,0.8982166900062892,1.013606274385717,0.5780115729297364,True,True,True,True,2.605690615758561,False,0.0155316276563391,False,True,149.87347635438655,valid,-1.8141397571133098,1.6075513394648056,2.4239068396607633,143.01050353998167,197.25831140168629,269.92071482350786,249.57258610682237,48.025112250775514,37.690914999337224,32.828580897561324,2.11559291593584,124.81998204021163,233.03039659577695,235.9275872760575,0.7078937272395089,0.6178516971357368,1.1534869951714224,False
194,194,3.288135593220339,3.288135593220339,Sports2D_HALPE26_postprocessed,296.26756555466505,170.7099438919985,1.0,282.44111948691994,204.5048211781325,1.0,262.2285449248061,205.43437917742216,1.0,287.72884570125404,257.30423207803744,1.0,264.2227079051885,260.0109707739402,1.0,303.89140088511454,288.6581693096609,1.0,297.0401180894371,296.3951688221403,1.0,274.5798324223816,292.95290530851173,1.0,257.1195185076375,293.9038961031115,1.0,290.9128881294802,366.6130637633975,1.0,285.2926208920093,367.4031671802045,1.0,303.68979482824784,438.5066212945194,1.0,263.6964685378587,443.580022141267,1.0,326.866867895341,450.86279372224425,1.0,326.13072566796984,445.166467600923,1.0,298.0635721511103,445.9871556713,1.0,298.1446010578493,453.20019240138447,1.0,294.2578543058287,456.1979213053384,1.0,253.2516538745432,450.1360466157888,1.0,1.0,3.288135593220339,296.26756555466505,170.7099438919985,False,282.44111948691994,204.5048211781325,False,262.2285449248061,205.43437917742216,False,287.72884570125404,257.30423207803744,False,264.2227079051885,260.0109707739402,False,303.89140088511454,288.6581693096609,False,297.0401180894371,296.3951688221403,False,274.5798324223816,292.95290530851173,False,257.1195185076375,293.9038961031115,False,290.9128881294802,366.6130637633975,False,285.2926208920093,367.4031671802045,False,303.68979482824784,438.5066212945194,False,263.6964685378587,443.580022141267,False,True,158.4484288419391,177.57515827477297,143.19956346690088,53.0635264555114,35.27460233646749,88.33812879197889,1.08354831344541,1.0323080136549836,1.0685870027849704,0.6647617430033002,True,True,True,True,8.574952487552537,False,0.0867501700735637,False,True,158.4484288419391,valid,-3.7202289377305533,6.257002305277183,7.279435499911499,429.4866944947796,273.4161587336973,269.0922538354363,249.19900044179445,53.619083722575894,34.799147049678254,39.459168867866424,7.233741680944209,426.79075917570947,258.2260196122233,236.34680655514202,2.1259343155916337,2.1125895915736552,1.2782038729233238,False
195,195,3.305084745762712,3.305084745762712,Sports2D_HALPE26_postprocessed,295.8702219907337,169.4243235183003,1.0,279.53539628142386,202.8758219791308,1.0,262.553388276827,203.9766878122133,1.0,283.59880537691726,257.4488203447871,1.0,263.91670471378586,259.4481614019446,1.0,299.53238662440435,290.23123843931535,1.0,295.2897144796776,298.88804697273787,1.0,273.91798007450984,292.8561194630442,1.0,257.6124247592482,293.8505162933117,1.0,288.9354523075911,366.7539113932757,1.0,283.44803668095693,367.8535803437089,1.0,303.60767129307646,438.26205646387024,1.0,262.00028263767166,443.04667837226697,1.0,326.19553087411606,450.2285996687359,1.0,325.3612653006948,444.39299065739056,1.0,297.9874382885196,446.00572025170464,1.0,293.9451221519802,453.100282559343,1.0,287.9388291097064,456.3120389616991,1.0,252.7530664745701,451.2025725350504,1.0,1.0,3.305084745762712,295.8702219907337,169.4243235183003,False,279.53539628142386,202.8758219791308,False,262.553388276827,203.9766878122133,False,283.59880537691726,257.4488203447871,False,263.91670471378586,259.4481614019446,False,299.53238662440435,290.23123843931535,False,295.2897144796776,298.88804697273787,False,273.91798007450984,292.8561194630442,False,257.6124247592482,293.8505162933117,False,288.9354523075911,366.7539113932757,False,283.44803668095693,367.8535803437089,False,303.60767129307646,438.26205646387024,False,262.00028263767166,443.04667837226697,False,True,158.3366581455963,179.89203122160694,144.83507715568584,54.72406640679462,36.44949859044325,91.17356499723786,1.1174562608399383,1.0666912451546209,1.1028860118040609,0.6660597609741521,True,True,True,True,0.111770696342802,False,0.0012980179708519,False,True,158.3366581455963,valid,-4.3590142607101825,1.5730691296544705,4.6341721819270605,273.4161587336973,273.4161587336973,268.4047973480022,248.389786386925,62.6463269324828,31.127589276402148,41.84145205239034,4.376712196817333,258.2260196122233,258.2260196122233,237.51939963491802,1.3533941836614485,1.2782038729233238,1.2782038729233238,False
196,196,3.3220338983050848,3.3220338983050848,Sports2D_HALPE26_postprocessed,293.17694306796864,167.11083684513608,1.0,277.5747767792286,201.752093164965,1.0,262.10349819742214,203.82421363647745,1.0,284.0109220688253,256.95879991059604,1.0,263.66318033353923,259.21189017662465,1.0,299.9904554736439,290.12837215340767,1.0,292.58369987210654,299.9210125537322,1.0,274.8054274408289,291.0467521298988,1.0,257.69610476673444,292.46735935017074,1.0,287.80510350051804,366.9300748400496,1.0,280.3451077002985,368.9073658855013,1.0,300.8236704610458,437.411962378432,1.0,261.33384965510936,443.0279696244777,1.0,321.9997400241379,449.0569901226025,1.0,322.9536588029806,442.2523953032248,1.0,295.860802034324,444.6376714461848,1.0,292.8289067017041,452.29258982130455,1.0,286.7464789328748,456.521723467897,1.0,252.32444201768263,451.9280982513868,1.0,1.0,3.3220338983050848,293.17694306796864,167.11083684513608,False,277.5747767792286,201.752093164965,False,262.10349819742214,203.82421363647745,False,284.0109220688253,256.95879991059604,False,263.66318033353923,259.21189017662465,False,299.9904554736439,290.12837215340767,False,292.58369987210654,299.9210125537322,False,274.8054274408289,291.0467521298988,False,257.69610476673444,292.46735935017074,False,287.80510350051804,366.9300748400496,False,280.3451077002985,368.9073658855013,False,300.8236704610458,437.411962378432,False,261.33384965510936,443.0279696244777,False,True,160.9271059807918,179.2560156662006,149.1098330472231,55.58061205030853,36.81801204039692,92.39862409070544,1.1349467792697048,1.0774757575893232,1.117705006080085,0.6624254516497817,True,True,True,True,2.590447835195505,False,0.0036343093243703,False,True,160.9271059807918,valid,0.4580688492395666,-0.10286628590768032,0.4694768827323678,27.699136081209776,253.13699535325856,268.0449517960535,247.27260457037798,69.24861021757002,31.94550367759041,42.85576758302969,1.3030042069645593,76.8772482109092,195.59465935337266,237.69769614024526,0.1371091227320943,0.38053793552809106,0.9681822594176904,False
197,197,3.3389830508474576,3.3389830508474576,Sports2D_HALPE26_postprocessed,293.6464817025194,168.61220799618235,1.0,275.3229108279928,202.04330717138785,1.0,261.9023713637582,203.0758975591181,1.0,279.9850330959822,255.89287597883805,1.0,263.3986097699358,257.84635267075817,1.0,295.8075432144776,291.08297731073617,1.0,289.3472987553674,300.6220814164362,1.0,273.5723756615376,292.12551028189387,1.0,257.69001631758056,293.25248762892767,1.0,286.66522553459055,366.1809405837976,1.0,279.00620485603685,367.3741544796891,1.0,298.43767270073937,434.642434929857,1.0,262.0183397978043,442.5713807644488,1.0,321.4321526498192,447.2763004794418,1.0,320.50367490054714,441.8298604688879,1.0,292.89934724731137,443.3796905610199,1.0,298.29055047511565,452.4048478842919,1.0,293.26876195060083,454.8711299947463,1.0,252.62028905243503,450.26384597800666,1.0,1.0,3.3389830508474576,293.6464817025194,168.61220799618235,False,275.3229108279928,202.04330717138785,False,261.9023713637582,203.0758975591181,False,279.9850330959822,255.89287597883805,False,263.3986097699358,257.84635267075817,False,295.8075432144776,291.08297731073617,False,289.3472987553674,300.6220814164362,False,273.5723756615376,292.12551028189387,False,257.69001631758056,293.25248762892767,False,286.66522553459055,366.1809405837976,False,279.00620485603685,367.3741544796891,False,298.43767270073937,434.642434929857,False,262.0183397978043,442.5713807644488,False,True,160.73805280569516,179.7308297237881,151.22557958636966,54.05100780549791,38.5836112643587,92.6346190698566,1.1037125170483078,1.1291458575216613,1.1205597322429777,0.7138370371039425,True,True,True,True,0.1890531750966317,False,0.0514115854541608,False,True,160.73805280569516,valid,-4.182912259166301,0.9546051573285013,4.290457548360303,253.13699535325856,200.761018262833,267.12191854271725,247.62430066033187,58.278159824965286,28.685624671760365,43.4586766504043,3.315163717853765,195.59465935337266,162.88721100028386,236.3329158896664,1.2530134969612976,0.9681822594176904,0.8062822803948996,False
198,198,3.3559322033898304,3.3559322033898304,Sports2D_HALPE26_postprocessed,292.4242236448357,167.8240754212373,1.0,274.45455284411827,201.8392993812115,1.0,261.7129106974386,202.87505788884903,1.0,278.7742002271046,255.1480306225337,1.0,263.8387348406202,257.7304817572019,1.0,292.7231065507724,289.64603056406247,1.0,286.84258949694714,301.79437409179104,1.0,273.44408347781285,291.1503485816576,1.0,256.8791002991023,292.76050606683225,1.0,286.58769654333474,364.9455790817952,1.0,278.3125835308241,365.7897837057434,1.0,294.5414899241938,433.638007945799,1.0,262.238115372495,440.2923898143671,1.0,319.9670172656858,446.5046686617588,1.0,318.1346838405054,440.82007358658166,1.0,290.1002418693117,442.8256649246931,1.0,297.76490054822216,451.4077654692551,1.0,291.10976408287365,454.5538610963989,1.0,252.89699891504551,449.90138272638296,1.0,1.0,3.3559322033898304,292.4242236448357,167.8240754212373,False,274.45455284411827,201.8392993812115,False,261.7129106974386,202.87505788884903,False,278.7742002271046,255.1480306225337,False,263.8387348406202,257.7304817572019,False,292.7231065507724,289.64603056406247,False,286.84258949694714,301.79437409179104,False,273.44408347781285,291.1503485816576,False,256.8791002991023,292.76050606683225,False,286.58769654333474,364.9455790817952,False,278.3125835308241,365.7897837057434,False,294.5414899241938,433.638007945799,False,262.238115372495,440.2923898143671,False,True,162.61716742938444,176.50577353899718,151.46813938925789,53.48345706919908,37.21134219014653,90.6947992593456,1.092123226170196,1.0889865284755726,1.0970945958901566,0.6957542430737224,True,True,True,True,1.879114623689276,False,0.0180827940302201,False,True,162.61716742938444,valid,-3.084436663705219,-1.4369467466736978,3.4027291230988554,200.761018262833,200.761018262833,266.622661829618,247.15630297963762,40.37424338220011,26.100444721154417,42.489727584424855,2.760800186445482,162.88721100028386,162.88721100028386,234.83427829053514,0.9937554374301184,0.8062822803948996,0.8062822803948996,False
199,199,3.372881355932204,3.372881355932204,Sports2D_HALPE26_postprocessed,290.4499736140304,166.5859067673423,1.0,271.12388827845416,199.73844836957645,1.0,262.0085300329264,201.6298649580293,1.0,276.597820018339,254.17625151404724,1.0,263.7187504040098,256.0197879942816,1.0,292.1332141866874,288.3459487202,1.0,283.926867482929,301.4272544309366,1.0,271.5754266968779,290.6360574908429,1.0,257.0491394476177,291.6659130753186,1.0,284.9955764217679,362.1698068685784,1.0,277.5598017146562,364.5139993707631,1.0,289.28288720554025,433.8283032157904,1.0,262.1406680716218,440.4800739664232,1.0,314.1540003268645,446.0929631553448,1.0,313.20054840211253,440.19105480174505,1.0,285.41821880583126,442.49624449082944,1.0,299.18412186439457,450.8158490530218,1.0,291.92996286622105,455.11289992233935,1.0,253.0255506370549,450.7609757743074,1.0,1.0,3.372881355932204,290.4499736140304,166.5859067673423,False,271.12388827845416,199.73844836957645,False,262.0085300329264,201.6298649580293,False,276.597820018339,254.17625151404724,False,263.7187504040098,256.0197879942816,False,292.1332141866874,288.3459487202,False,283.926867482929,301.4272544309366,False,271.5754266968779,290.6360574908429,False,257.0491394476177,291.6659130753186,False,284.9955764217679,362.1698068685784,False,277.5598017146562,364.5139993707631,False,289.28288720554025,433.8283032157904,False,262.1406680716218,440.4800739664232,False,True,161.29289627709414,172.79839748655343,152.80154892779012,54.71232347368437,37.53553888152023,92.2478623552046,1.1172164721146796,1.0984741150205102,1.1158813085071728,0.6860527299589851,True,True,True,True,1.3242711522902937,False,0.0097015131147372,False,True,161.29289627709414,valid,-0.5898923640850171,-1.300081843862472,1.4276504480952805,84.23137643761736,130.29645917226674,265.43924611396903,245.91757097344183,101.07665616857078,26.69396807271835,42.42837774675817,0.596685655461408,35.20445367222132,97.62755832783677,236.6468200136554,0.4169404452189005,0.17426001103822533,0.48325077134396466,False
200,200,3.389830508474576,3.389830508474576,Sports2D_HALPE26_postprocessed,288.7072456225977,163.35852898427646,1.0,261.443928477033,197.07732694904004,1.0,262.701910708293,199.5738713817375,1.0,275.9207130265252,253.20670404199385,1.0,264.0452992458892,254.95159742873105,1.0,290.1120512146736,287.45600764390247,1.0,280.89392634859155,301.0386685261002,1.0,265.8282561471632,289.06468619500936,1.0,258.3428670323909,290.5050650004579,1.0,283.9438721362043,362.3652777584453,1.0,277.4025376256332,364.3335459920245,1.0,286.4465573292655,434.67495216422526,1.0,261.82426815417614,440.954831148265,1.0,308.95506924164624,447.29671353200473,1.0,312.3647468621474,440.6945460031697,1.0,280.65790124899,443.9540480093433,1.0,299.2484605175951,450.31978901384286,1.0,288.94324033918383,456.7122479938754,1.0,253.4924091664898,451.4195747131064,1.0,1.0,3.389830508474576,288.7072456225977,163.35852898427646,False,261.443928477033,197.07732694904004,False,262.701910708293,199.5738713817375,False,275.9207130265252,253.20670404199385,False,264.0452992458892,254.95159742873105,False,290.1120512146736,287.45600764390247,False,280.89392634859155,301.0386685261002,False,265.8282561471632,289.06468619500936,False,258.3428670323909,290.5050650004579,False,283.9438721362043,362.3652777584453,False,277.4025376256332,364.3335459920245,False,286.4465573292655,434.67495216422526,False,261.82426815417614,440.954831148265,False,True,171.95555979134824,168.10026056422424,154.03204174824322,57.96623382397224,37.073020874837134,95.03925469880936,1.1836607759080393,1.0849385678241334,1.1496475385466798,0.6395623525830204,True,True,True,True,10.662663514254092,False,0.0464903773759647,False,True,171.95555979134824,valid,-2.0211629720137694,-0.8899410762975322,2.2084145622416873,130.29645917226674,130.29645917226674,262.07924059122,244.0552373815612,226.65465310543968,28.0328106234536,43.40077026234127,1.6547043784378201,97.62755832783677,97.62755832783677,239.79287929115407,0.6449599424267451,0.48325077134396466,0.48325077134396466,False
201,201,3.406779661016949,3.406779661016949,Sports2D_HALPE26_postprocessed,288.8454116306572,164.92829405029465,1.0,262.00297273166194,197.36358324726567,1.0,262.570803201474,198.96659811356253,1.0,273.4613420132579,249.3816790641793,1.0,263.9621135243953,253.0277716583816,1.0,287.55576038569905,288.73993419547526,1.0,278.3191580226072,301.5027601406813,1.0,266.81352311382864,289.08649120905363,1.0,259.0809897140382,290.4679074293014,1.0,282.6373353744982,360.74952455209433,1.0,276.0059144341368,363.5413168911174,1.0,280.3533693199779,434.3318042374388,1.0,264.6177114986591,440.03658581036336,1.0,302.2397799720713,447.4975149886368,1.0,301.52313133419824,441.6474228121579,1.0,279.02184474174607,444.1470456477023,1.0,298.0903772860036,450.18790874407904,1.0,291.98889902891426,454.6032918903181,1.0,255.3609935706134,449.3331736228115,1.0,1.0,3.406779661016949,288.8454116306572,164.92829405029465,False,262.00297273166194,197.36358324726567,False,262.570803201474,198.96659811356253,False,273.4613420132579,249.3816790641793,False,263.9621135243953,253.0277716583816,False,287.55576038569905,288.73993419547526,False,278.3191580226072,301.5027601406813,False,266.81352311382864,289.08649120905363,False,259.0809897140382,290.4679074293014,False,282.6373353744982,360.74952455209433,False,276.0059144341368,363.5413168911174,False,280.3533693199779,434.3318042374388,False,264.6177114986591,440.03658581036336,False,True,172.71979495583182,165.7705313629075,158.4916691104164,53.26515295210397,41.80579955266483,95.0709525047688,1.0876654927005798,1.2234429033053604,1.1500309727888156,0.7848620953037835,True,True,True,True,0.7642351644835799,False,0.145299742720763,False,True,172.71979495583182,valid,-2.556290828974568,1.2839265515727902,2.8606101083742748,168.77599639408265,130.29645917226674,262.6170721902507,243.9711449997958,32.117594847062165,24.93868819544832,44.76878919567946,3.383056222036081,199.6003171001293,187.83316626605313,239.23658740420694,0.8354314277522081,0.9880100337573886,0.9297633172104821,False
202,202,3.4237288135593222,3.4237288135593222,Sports2D_HALPE26_postprocessed,288.14822405846525,165.4139859722378,1.0,260.4578284218265,196.1775658242263,1.0,262.4180221449799,198.9097212807028,1.0,278.5354926470455,248.609521017306,1.0,264.06488849969844,252.39979088723845,1.0,289.6692737001003,289.3281923324714,1.0,275.77056828960013,302.61434309225785,1.0,264.6494496994359,288.6600732478854,1.0,259.3161986139272,290.46290871043675,1.0,282.3487181260524,360.9433184178153,1.0,275.6917689783905,363.75623316134863,1.0,274.9692787377313,435.0957730633846,1.0,263.4051825140354,440.95687318018855,1.0,295.04635343950633,449.0809644781326,1.0,294.08791520132525,444.0923114303489,1.0,270.3840520984576,444.4245897213492,1.0,292.6242228252621,450.4888850426162,1.0,285.9803580981087,454.568783963791,1.0,254.7175897500484,449.6698386548386,1.0,1.0,3.4237288135593222,288.14822405846525,165.4139859722378,False,260.4578284218265,196.1775658242263,False,262.4180221449799,198.9097212807028,False,278.5354926470455,248.609521017306,False,264.06488849969844,252.39979088723845,False,289.6692737001003,289.3281923324714,False,275.77056828960013,302.61434309225785,False,264.6494496994359,288.6600732478854,False,259.3161986139272,290.46290871043675,False,282.3487181260524,360.9433184178153,False,275.6917689783905,363.75623316134863,False,274.9692787377313,435.0957730633846,False,263.4051825140354,440.95687318018855,False,True,176.26934583942713,160.55807269184143,158.36267043271314,55.46090397035449,42.21340159487075,97.67430556522524,1.1325023603476276,1.2353713398200454,1.1815225753630012,0.7611380012384054,True,True,True,True,3.549550883595316,False,0.0237240940653781,False,True,176.26934583942713,valid,2.1135133144012457,0.5882581369961599,2.1938519015406515,129.43726219089538,149.106629292489,261.71037472004235,243.5525672658128,58.92052131239542,27.95889898005794,45.77562506665862,3.183612987560297,187.83316626605313,193.71674168309121,240.60750384419066,0.6407069670261945,0.9297633172104821,0.9588866754839354,False
