PathFileType	4	(X/Y/Z)	C:\Users\dkfc9\Desktop\pitching_analysis\sports2d\raw_results\kershaw_01\kershaw_01_Sports2D\kershaw_01_Sports2D_m_person00.trc
DataRate	CameraRate	NumFrames	NumMarkers	Units	OrigDataRate	OrigDataStartFrame	OrigNumFrames
59.0	59.0	203	22	m	59.0	0	203
Frame#	Time	Hip			RHip			RKnee			RAnkle			RBigToe			RSmallToe			RHeel			LHip			LKnee			LAnkle			LBigToe			LSmallToe			LHeel			Neck			Head			Nose			RShoulder			RElbow			RWrist			LShoulder			LElbow			LWrist			
		X1	Y1	Z1	X2	Y2	Z2	X3	Y3	Z3	X4	Y4	Z4	X5	Y5	Z5	X6	Y6	Z6	X7	Y7	Z7	X8	Y8	Z8	X9	Y9	Z9	X10	Y10	Z10	X11	Y11	Z11	X12	Y12	Z12	X13	Y13	Z13	X14	Y14	Z14	X15	Y15	Z15	X16	Y16	Z16	X17	Y17	Z17	X18	Y18	Z18	X19	Y19	Z19	X20	Y20	Z20	X21	Y21	Z21	X22	Y22	Z22
0	0.0	0.8551216739089802	0.8219826409063989	0.0	0.9278116937235565	0.8105380070048315	0.105	0.985236633714729	0.4290047051673987	0.0886	1.113272922510118	0.06116057230617203	0.0972	0.975091825339795	0.00045929163063516965	0.0766	1.0122575719974876	0.008266339637149608	0.12	1.157766021184418	0.01211815788611062	0.0883	0.7863608517451403	0.7843557287112997	-0.105	0.6819048458208586	0.3936828078854401	-0.0886	0.7105031098491411	0.006153396331226121	-0.0972	0.5506376818071307	-0.05470890688250156	-0.0766	0.5715220494295874	-0.07108584120260507	-0.12	0.7548381096503965	-0.037769964780045115	-0.0883	0.7021347394695809	1.3604434392673963	0.0	0.6085089149645939	1.5419342929074078	0.0	0.575871079621674	1.3964678263223498	0.0	0.8338457834948445	1.292986909102132	0.2016	0.6914540354567603	1.1520365043683847	0.1613	0.5528408679193231	1.2682269655206972	0.12	0.6376153343643409	1.2711015324185326	-0.2016	0.48168859296521693	1.0679876828780948	-0.1613	0.4935467241041337	1.2363342591379891	-0.12
1	0.01694915254237288	0.8547971593068621	0.8232609930846764	0.0	0.9275188305001907	0.8119662388539692	0.105	0.9850063574467645	0.4293783472568278	0.0886	1.1132520505960692	0.06127183405912198	0.0972	0.9749360459449251	0.0006365390381494612	0.0766	1.012080956467152	0.008712077572121557	0.12	1.1577448236321806	0.01221622859652327	0.0883	0.7860289663607805	0.7850900554495173	-0.105	0.6813770967029272	0.3949914735841963	-0.0886	0.7106530333553676	0.006464289636909981	-0.0972	0.5513572727307754	-0.0545253194856099	-0.0766	0.57223309677049	-0.07118425569394483	-0.12	0.7549198390800647	-0.037636282151313316	-0.0883	0.7022048226167226	1.359088590570156	0.0	0.6081323011102112	1.5418818483428547	0.0	0.575584570060852	1.396296303307416	0.0	0.8334847994439855	1.2925394786596525	0.2016	0.690999450294638	1.1547868748604722	0.1613	0.5533394553544859	1.2637607331241958	0.12	0.6374477084390653	1.2711948083064357	-0.2016	0.4814259472319032	1.0680338913475562	-0.1613	0.49330496530086043	1.2363437512315425	-0.12
2	0.03389830508474576	0.8512311204842998	0.8274769071153605	0.0	0.9235237670097703	0.8198186995135204	0.105	0.9774873293261865	0.43371483912230174	0.0886	1.1127869124705996	0.06339618599259841	0.0972	0.9718813420770772	0.0021154102673302533	0.0766	1.0085993412587906	0.013595575654691161	0.12	1.1572568488147235	0.014258368542901204	0.0883	0.7826700546814048	0.7898536389534726	-0.105	0.6783854876728894	0.3975262375846378	-0.0886	0.7109808779493355	0.0069012999532411246	-0.0972	0.5532979375580961	-0.054109842648777176	-0.0766	0.5736009509010837	-0.07151064522865469	-0.12	0.7552306238129426	-0.03736941517913474	-0.0883	0.701570283528368	1.3573932657035641	0.0	0.6043282993524017	1.5414181626228882	0.0	0.5723499862286022	1.395385784655617	0.0	0.826868246707823	1.2906483367134078	0.2016	0.6877186086077706	1.1584106624857888	0.1613	0.5537940351937181	1.2596955249172954	0.12	0.6364841806908826	1.2716619572213061	-0.2016	0.4785134331374878	1.0686875248390935	-0.1613	0.49024264575610776	1.2364864018355206	-0.12
3	0.05084745762711865	0.8440907560981641	0.8295721246403692	0.0	0.9160234728523248	0.8235280600857747	0.105	0.9647188562958801	0.43746956879744264	0.0886	1.111023788564222	0.06721412307739787	0.0972	0.9692412428597617	0.0008037686194579535	0.0766	1.0059358179723923	0.012176578183121914	0.12	1.1558796689683666	0.014832277846717118	0.0883	0.7786839275485072	0.7965192586538081	-0.105	0.6747415388929552	0.39870611487104063	-0.0886	0.711509119370772	0.0077272844008260955	-0.0972	0.5537180565612049	-0.05336591377719971	-0.0766	0.5738071970177159	-0.072279765128752	-0.12	0.7561953509623442	-0.036528548672116495	-0.0883	0.692993479810974	1.3539686295033337	0.0	0.5896239349047643	1.5388005544696126	0.0	0.5616051828526492	1.3904580683396575	0.0	0.8186560210984601	1.2895891507204276	0.2016	0.6797829539718494	1.1613071464126012	0.1613	0.5527493035617269	1.2560142369262677	0.12	0.6307646839431122	1.2717032722576984	-0.2016	0.4707546075604832	1.0718378547602965	-0.1613	0.47994188720732545	1.2347395169530166	-0.12
4	0.06779661016949153	0.8385707333410283	0.8310737399918308	0.0	0.9037367761333808	0.8298801577433029	0.105	0.9549880303913526	0.4379271474355631	0.0886	1.1061294208592294	0.07001028726612428	0.0972	0.9716236995264047	0.0010327610683582011	0.0766	1.007038845723604	0.015622790977405973	0.12	1.1523940460170767	0.01754179009618334	0.0883	0.7725014101592436	0.8066127037885666	-0.105	0.668891496889956	0.3994281665979373	-0.0886	0.7114994944965572	0.0082207307287437	-0.0972	0.55611594944909	-0.05349562870275042	-0.0766	0.5745770517631581	-0.07327334212171802	-0.12	0.7569290602506243	-0.03666312869287225	-0.0883	0.6836597253660331	1.3514557683506716	0.0	0.5837873641460061	1.5396235655492228	0.0	0.5520293808186355	1.3915888728814805	0.0	0.8060853572108215	1.2892350178373484	0.2016	0.6570025080312323	1.1684960290526805	0.1613	0.5446280290917672	1.2594665945540044	0.12	0.6216839839629018	1.2716264485315625	-0.2016	0.46098492012902453	1.0743600286805235	-0.1613	0.4795941192970223	1.249352704997173	-0.12
5	0.0847457627118644	0.8304782059348674	0.8316963797493451	0.0	0.9014296856174376	0.8307428398741321	0.105	0.9469403977259869	0.43509633537326786	0.0886	1.1073955047296198	0.07037523916034288	0.0972	0.9717400238912458	-0.00253409689725774	0.0766	1.004432366635945	0.012621190281774039	0.12	1.1543618080609666	0.020338140118642864	0.0883	0.76862271017691	0.8088356275596175	-0.105	0.6637689938213621	0.3998391521550878	-0.0886	0.7114051661088647	0.009044090553886414	-0.0972	0.55538687385874	-0.05423294172314643	-0.0766	0.5741562681724528	-0.07265189965494541	-0.12	0.7564818284819725	-0.03545347676584851	-0.0883	0.6827783341873866	1.3540398609616238	0.0	0.5822906137831101	1.5448621920204948	0.0	0.550830717449957	1.3965883858141537	0.0	0.7968797924835299	1.288825732778998	0.2016	0.6609348613880051	1.1588401269934099	0.1613	0.5362823412622826	1.2560212425670538	0.12	0.6199202910315288	1.2778337046406922	-0.2016	0.4599832342735844	1.075828841281976	-0.1613	0.46533356898304834	1.238848016087461	-0.12
6	0.1016949152542373	0.8060564326424767	0.828231255678765	0.0	0.873494999070641	0.8277760423198907	0.105	0.9127142859323495	0.43389195856796736	0.0886	1.1048210013206017	0.08527948550483352	0.0972	0.9723010028663709	-0.00044208049422436724	0.0766	1.0049298707717464	0.014099974949540336	0.12	1.1533355036088637	0.03234429113351529	0.0883	0.7491676646728926	0.8088518853869121	-0.105	0.6638549428741265	0.40021409031221583	-0.0886	0.7116397620259524	0.009067458341637746	-0.0972	0.5540936166237159	-0.05503586016149364	-0.0766	0.5716599231504347	-0.07293999719564034	-0.12	0.7573435218424226	-0.03509858893899742	-0.0883	0.6728572721744281	1.3550631680515715	0.0	0.5681793905247469	1.5519464034756163	0.0	0.5401906266304133	1.4013334314422172	0.0	0.7811927153516953	1.2881005177176987	0.2016	0.6425912187649881	1.1481335871910225	0.1613	0.5174942837946459	1.2676885680627874	0.12	0.6136314044130461	1.2830590063793543	-0.2016	0.444147517755021	1.0865652686966176	-0.1613	0.4467289426878206	1.2476609175164137	-0.12
7	0.11864406779661017	0.7972405149395789	0.8297240269860168	0.0	0.8609429738774597	0.8260510588134047	0.105	0.8947384804218428	0.4347706432181051	0.0886	1.1000192778108218	0.08754341117021203	0.0972	0.9723181106295578	-0.0009293963953736772	0.0766	1.0045480128809392	0.012672956285262077	0.12	1.1497121257490304	0.0422406974558205	0.0883	0.7401199114495275	0.8080078072957727	-0.105	0.6612169743070375	0.400959715275245	-0.0886	0.7113142157662116	0.00865496161787599	-0.0972	0.5535702896964392	-0.055422064613604695	-0.0766	0.5701531645790517	-0.07354334911996215	-0.12	0.7587013194956596	-0.03560365756110037	-0.0883	0.6684840766085476	1.3559307425344045	0.0	0.5665311257519755	1.553183116164305	0.0	0.5354855018277069	1.402781733984779	0.0	0.7733429638428158	1.2892751672968985	0.2016	0.6148016368629096	1.145184880277331	0.1613	0.4931983598152203	1.2701472456550433	0.12	0.611224184042815	1.2857057247392403	-0.2016	0.43734475155820934	1.0901162515231997	-0.1613	0.4367876821625414	1.2569132863957944	-0.12
8	0.13559322033898305	0.7926811217491782	0.8314587464835089	0.0	0.8580059806444518	0.8244777555841771	0.105	0.8734045864237954	0.44120812004084087	0.0886	1.0835830994831928	0.10359005529399581	0.0972	0.9734527916284805	-3.4622572487111314e-05	0.0766	1.0067176865791545	0.012024231332537924	0.12	1.1381300805046932	0.05670765932686947	0.0883	0.7336115790902498	0.8067113518976305	-0.105	0.6593899923443144	0.3994736535012486	-0.0886	0.711459259569235	0.00781298168644011	-0.0972	0.5528614893930848	-0.05527322754308915	-0.0766	0.5698579982858387	-0.0743974813572636	-0.12	0.7596993087926838	-0.03735501871937838	-0.0883	0.6614111219605874	1.3550219088529856	0.0	0.5600066453085919	1.5530520677339104	0.0	0.5309424122048556	1.404742269361753	0.0	0.7652519078220443	1.2889742840260405	0.2016	0.5830462806154014	1.1328946926585637	0.1613	0.47299168284894094	1.2676692158853913	0.12	0.6080527703822882	1.2842139075245789	-0.2016	0.4282726323171256	1.0933919167970305	-0.1613	0.43915310331508783	1.262662091030732	-0.12
9	0.15254237288135594	0.7839936540312058	0.8279157615803948	0.0	0.8478816864274067	0.8251199015884441	0.105	0.8572558037507884	0.4352440310332645	0.0886	1.0795204451219138	0.1108669726786075	0.0972	0.9777130899053927	-0.006180268548576423	0.0766	1.0066233331284338	0.0119035274250089	0.12	1.1334065994569098	0.0715068165733164	0.0883	0.726191363362898	0.8082204379545875	-0.105	0.6578999023240463	0.39563416027929216	-0.0886	0.7117513148077735	0.00664290753971937	-0.0972	0.5506798291053653	-0.05582224727854589	-0.0766	0.5683616688071689	-0.07386417821687447	-0.12	0.7641614731202765	-0.03773123690441292	-0.0883	0.6598560576559641	1.356321733245977	0.0	0.5560981782626607	1.5510425567810353	0.0	0.5226777767158689	1.4014492162376155	0.0	0.7601217437236536	1.2897398676516107	0.2016	0.6223678329796041	1.1192192638946146	0.1613	0.4891620392288193	1.2604600097593224	0.12	0.6104611117421763	1.2875082723124665	-0.2016	0.4299474523670148	1.1047321482403183	-0.1613	0.42088889317626876	1.2632305438689053	-0.12
10	0.1694915254237288	0.7727353261546523	0.8235024099729945	0.0	0.8363192997568055	0.8178581305419542	0.105	0.8353636749625507	0.4333098835668998	0.0886	1.0656912737354862	0.12246658434849154	0.0972	0.9755077464412838	-0.006018533886961441	0.0766	1.0047727053984663	0.011210787734725752	0.12	1.1194899471400503	0.08426496961599263	0.0883	0.7198829043451994	0.8035107703034917	-0.105	0.6565853351823743	0.3904412227252982	-0.0886	0.7123312502775354	0.005243439093338395	-0.0972	0.5492515625675508	-0.056456073404254216	-0.0766	0.5661736548636115	-0.07423944407183977	-0.12	0.7648921774989611	-0.03879436023438064	-0.0883	0.6540114310779259	1.3588895067248972	0.0	0.5573386854668039	1.5515085154217523	0.0	0.5200356453667158	1.4045368536774943	0.0	0.7490520672057337	1.2887781422204097	0.2016	0.5891929345748198	1.112318139167229	0.1613	0.4559786661725762	1.2496439196739453	0.12	0.609363534784262	1.2872633475096042	-0.2016	0.4204615309779194	1.1123424699410234	-0.1613	0.4140753310991473	1.2656084137188137	-0.12
11	0.1864406779661017	0.7694570063589344	0.8215321963297855	0.0	0.8289821120470754	0.8159610441329579	0.105	0.8131804673951036	0.43426589204260857	0.0886	1.0424874971755096	0.13875268102541347	0.0972	0.9720252454098947	-0.00473353427901009	0.0766	1.0025249442507296	0.010310524304739138	0.12	1.099781515013683	0.11023948588940424	0.0883	0.7166934713133699	0.8035362392434189	-0.105	0.6542375870729247	0.3900005825659297	-0.0886	0.711881714917402	0.004183318198444724	-0.0972	0.5494083325881828	-0.056852634707018956	-0.0766	0.5667299976995737	-0.07523805288781693	-0.12	0.7665351909592416	-0.03992319454794532	-0.0883	0.6538743837733226	1.3597912349707892	0.0	0.5567512116718731	1.5524937136297698	0.0	0.518200326400091	1.4074615634897845	0.0	0.7453138813203408	1.290646417321201	0.2016	0.5605129722320212	1.1130760523828604	0.1613	0.4404301977411421	1.2579790063203944	0.12	0.606736987965171	1.2894939194658603	-0.2016	0.41559007377035867	1.1217931147731757	-0.1613	0.40930820761970105	1.2840738699173275	-0.12
12	0.2033898305084746	0.7612282355646454	0.8181242907278793	0.0	0.8228562871119354	0.8143266348374577	0.105	0.789074891192793	0.42918276869971966	0.0886	1.0196076172732667	0.15973618922805433	0.0972	0.9765252741254622	-0.010422974894678638	0.0766	1.0047437531894035	0.01036822612959408	0.12	1.0869132489707627	0.13824904450942438	0.0883	0.7123345032415436	0.805435218579739	-0.105	0.6524090505124739	0.388702109797195	-0.0886	0.7110734751570279	0.0036119414375560127	-0.0972	0.5480053760247534	-0.05718186022061436	-0.0766	0.5684384035346148	-0.0779962240268883	-0.12	0.7675155724588604	-0.041018701155006276	-0.0883	0.6455355063758259	1.359345748832867	0.0	0.5604760079372819	1.5552955907700676	0.0	0.5214772379885587	1.411319719548978	0.0	0.7369443501735413	1.2902240581839883	0.2016	0.5324167725851864	1.133148731871799	0.1613	0.42570719406715896	1.2791310510524092	0.12	0.6030847816030489	1.28821638584345	-0.2016	0.40976984172095615	1.1260466387405133	-0.1613	0.406034247230635	1.3054955490891185	-0.12
13	0.22033898305084745	0.7465844707209675	0.8135336212837521	0.0	0.8066215128885897	0.8058124930002984	0.105	0.770135591701618	0.42422224229976035	0.0886	1.0012501408416292	0.1639427522061766	0.0972	0.9705203616795933	-0.016549043075476166	0.0766	0.9918293639705741	0.008263305385689146	0.12	1.0630756249060833	0.14597786003758162	0.0883	0.7070551297007747	0.8032260158262474	-0.105	0.6532744608530487	0.3842576194413478	-0.0886	0.7132755386540378	0.00327765553635867	-0.0972	0.5449329659189128	-0.05765813180623241	-0.0766	0.5687308220982213	-0.07917601023817461	-0.12	0.7694169155841188	-0.041031049453735174	-0.0883	0.6484535943802566	1.3626419637589982	0.0	0.5664769579452182	1.5549689411656846	0.0	0.5203763107399578	1.4118072414716785	0.0	0.7315626878299128	1.2896693732243623	0.2016	0.5325286613314983	1.1175281524347838	0.1613	0.42587217317049353	1.2598846103360635	0.12	0.6095246469924864	1.2898521482229661	-0.2016	0.4067204234692889	1.1386375172684708	-0.1613	0.4004426983757122	1.3086638977849514	-0.12
14	0.23728813559322035	0.738612300500828	0.8105316312856283	0.0	0.7938818661872116	0.8064669575073353	0.105	0.7483571930490714	0.4200162036883192	0.0886	0.9777630703418678	0.17435431491142067	0.0972	0.9609978725667638	-0.011380370044818955	0.0766	0.9854540204172312	0.016104358602011093	0.12	1.0379952193299964	0.16582213171389093	0.0883	0.7049379299373776	0.8010666978318648	-0.105	0.6517912523891347	0.3829480524157376	-0.0886	0.7137678608457736	0.0027675064680976885	-0.0972	0.5450851440733756	-0.05733885474210123	-0.0766	0.5684002088999145	-0.07932003536549517	-0.12	0.7687561442221281	-0.04176587992835952	-0.0883	0.6433911820010415	1.363402997524587	0.0	0.5656977975324213	1.557146820659213	0.0	0.5183723239580201	1.4150256934558472	0.0	0.724724891957425	1.2894247079634322	0.2016	0.5233266955958477	1.1058907973373093	0.1613	0.4207731714413201	1.2546543567683817	0.12	0.6109342048252722	1.290492631190624	-0.2016	0.40318155370848957	1.1456091935106596	-0.1613	0.39985100464207046	1.3237920532973018	-0.12
15	0.2542372881355932	0.7272925883922505	0.8085952547009663	0.0	0.7841476235489154	0.8083875828594593	0.105	0.7172135020738286	0.4144935233399739	0.0886	0.9599580779993936	0.18208247650161674	0.0972	0.9568541179892763	-0.005493992856982627	0.0766	0.9738131998112457	0.02145351482482845	0.12	1.0199077865959205	0.17837326814661966	0.0883	0.7039954391291602	0.8025692290723945	-0.105	0.6501133882421614	0.3840531448619139	-0.0886	0.7140693154094472	0.0026244252360876075	-0.0972	0.5424713795653494	-0.056357938881464356	-0.0766	0.5687731759255045	-0.07824433941166542	-0.12	0.7680548796026242	-0.04307362480056193	-0.0883	0.6434123703524872	1.3623017120635779	0.0	0.5612878685388051	1.5541691071955281	0.0	0.5188429982034699	1.4182145177864522	0.0	0.7215878745727661	1.291001810150721	0.2016	0.5238308521850107	1.1102432229391443	0.1613	0.420355406662686	1.2682015898474406	0.12	0.6151369852186394	1.2976335855437506	-0.2016	0.3957073006210743	1.153654806305503	-0.1613	0.3959338807576326	1.3337381330666795	-0.12
16	0.2711864406779661	0.7233361311319902	0.8056077396743352	0.0	0.7053583243807404	0.8004370050311006	0.105	0.6893784914042923	0.4132410655407788	0.0886	0.9332328476575106	0.1816110696851701	0.0972	0.9502010176609398	-0.002928052637506881	0.0766	0.9593341804138584	0.02274591397960969	0.12	1.002294872865565	0.18056586012873077	0.0883	0.7087791997625422	0.8027155230731252	-0.105	0.6544347737362657	0.3870231763837104	-0.0886	0.715294733333208	0.0032819344016943724	-0.0972	0.5387347710220645	-0.054680184931641736	-0.0766	0.5694096728549074	-0.07820297536195661	-0.12	0.7692096967740493	-0.045745047403086145	-0.0883	0.6341115850022083	1.3652104826133675	0.0	0.5656332996600313	1.5510176561187672	0.0	0.5160645595698623	1.4142356852580413	0.0	0.7142775457090935	1.294464246685062	0.2016	0.5219555375907502	1.1064657132154976	0.1613	0.4680539767544343	1.2938364265219549	0.12	0.6169230863965203	1.29944777058815	-0.2016	0.394811905681516	1.158704772967406	-0.1613	0.392733541054633	1.3431009342657179	-0.12
17	0.288135593220339	0.7114540925979785	0.8078630437819403	0.0	0.6683694600118253	0.8001532238349025	0.105	0.5949587980991691	0.4217541104530461	0.0886	0.9081708515513034	0.18758441088084643	0.0972	0.930442034990495	0.0015504693633315025	0.0766	0.9269860860522533	0.02906163799622781	0.12	0.9628976228437187	0.1836296285610652	0.0883	0.7171429068997954	0.8064679835417059	-0.105	0.6471146906515346	0.38645014191706334	-0.0886	0.7150543837237315	0.003749096795226614	-0.0972	0.5277670806596803	-0.05526150798121163	-0.0766	0.5680927692317731	-0.07908055592620236	-0.12	0.7699041343456665	-0.044054616814038175	-0.0883	0.6340369446340419	1.3626957528562116	0.0	0.5525018625094384	1.5466110220327904	0.0	0.510089307373938	1.4154167558729331	0.0	0.7092640136414041	1.2947106999372446	0.2016	0.534859513828525	1.11051571130591	0.1613	0.5042933722574704	1.2102188201237531	0.12	0.6219397651625777	1.2988109413442783	-0.2016	0.38982982407969247	1.172958664668165	-0.1613	0.38992773440827233	1.3467814235502742	-0.12
18	0.3050847457627119	0.7039783906970575	0.8067370398849216	0.0	0.6475267926008554	0.793789573604152	0.105	0.5654964116077008	0.430115509991295	0.0886	0.8760774487256155	0.19313840513264524	0.0972	0.8897730827503474	-0.0018103713900456953	0.0766	0.8858529967022527	0.025760465470149138	0.12	0.9255914221982149	0.1883418785781504	0.0883	0.7099099621575341	0.8019044433638857	-0.105	0.6523364506467383	0.38813625388536366	-0.0886	0.7145206230138123	0.0036737824361723487	-0.0972	0.5234552327271199	-0.05621472780221744	-0.0766	0.5681142092962228	-0.08049200985775098	-0.12	0.7689275260794188	-0.04387320324520272	-0.0883	0.6311616255525623	1.3613327799529382	0.0	0.5484172091334658	1.5456613104779038	0.0	0.49953321963541364	1.412299935471852	0.0	0.6949002161387348	1.2909428908303064	0.2016	0.5337932059186384	1.11135398817515	0.1613	0.5079609661357681	1.2418188362263352	0.12	0.6238266362044212	1.2999774859851085	-0.2016	0.38710022376380115	1.179098481981364	-0.1613	0.3824165993532448	1.3557680700753831	-0.12
19	0.3220338983050847	0.6972077938593745	0.804641007071466	0.0	0.6400570185874561	0.7928328983282185	0.105	0.5334166333310185	0.43658801600032326	0.0886	0.8390744197109787	0.1977251551603863	0.0972	0.8413005908926569	0.00927957978323285	0.0766	0.83791730536857	0.037028409301011575	0.12	0.8845558969114087	0.1880907154080729	0.0883	0.7089881029352177	0.7993081556666168	-0.105	0.6503250427144864	0.38385013775939175	-0.0886	0.7141867344730062	0.0035206411180239566	-0.0972	0.5210748361358624	-0.05818529175342744	-0.0766	0.5667846786801403	-0.0826619990871929	-0.12	0.7678131257228449	-0.043367478439658075	-0.0883	0.6244504495879061	1.3570658415905879	0.0	0.5470129827987954	1.5462384890872476	0.0	0.49578955906218186	1.412328481229395	0.0	0.6912199008903472	1.2900680267302835	0.2016	0.5324864625755247	1.106035037810274	0.1613	0.49685891278226413	1.2339068505977364	0.12	0.6268068371184619	1.3035080960050274	-0.2016	0.3863676141172247	1.1887657058969454	-0.1613	0.3789084412072099	1.361171022970817	-0.12
20	0.3389830508474576	0.6944668368217837	0.7994438981091867	0.0	0.6352684715344366	0.785327412416257	0.105	0.5168639306301073	0.44885681623637763	0.0886	0.8002892101800854	0.18841677457745287	0.0972	0.7660685583254354	0.015029652481802089	0.0766	0.7721896070200533	0.036162683481554825	0.12	0.8651740321159832	0.1862421977172714	0.0883	0.7143492222215494	0.7926637371181232	-0.105	0.651488232505627	0.3799136840093639	-0.0886	0.7146909802499998	0.00360516245305785	-0.0972	0.5238561282838247	-0.058543349055574935	-0.0766	0.5650503958039969	-0.08266473763750666	-0.12	0.7675418451155155	-0.039955597104790824	-0.0883	0.6178845494605627	1.3559797001916323	0.0	0.5533376365248794	1.5495308591837291	0.0	0.4913140851986727	1.4151580104283643	0.0	0.6850579528213736	1.2886887878911888	0.2016	0.5280177332554796	1.1061418460509336	0.1613	0.4934403263914776	1.137901767548092	0.12	0.6216960481243612	1.3068177568219885	-0.2016	0.3821300362157971	1.1927352415722645	-0.1613	0.38205405147763133	1.3661489204002668	-0.12
21	0.3559322033898305	0.6931889361333571	0.799448137641942	0.0	0.6321512870062266	0.7862014373095239	0.105	0.4858120945298666	0.45811747587951096	0.0886	0.763774206373833	0.1767682162614207	0.0972	0.5892125500567008	0.040205124748472335	0.0766	0.6318598161577584	0.05762808130667582	0.12	0.8192215422359943	0.1676273418707408	0.0883	0.7165350978322338	0.795456554869084	-0.105	0.6423609593949509	0.38036019078863254	-0.0886	0.7146864378784299	0.0032135450828669754	-0.0972	0.525371495631221	-0.06118762936660638	-0.0766	0.5674724008216563	-0.0828892528971461	-0.12	0.7686850316722681	-0.03975514693054934	-0.0883	0.6198863162282644	1.3552853352826515	0.0	0.5478770929225283	1.5468796062475647	0.0	0.49512324442020134	1.4178781894927903	0.0	0.6822364890980657	1.289597132474181	0.2016	0.5284757945031981	1.1108933546436435	0.1613	0.48960732103448723	1.1627291130863608	0.12	0.6236664147768771	1.3042638733096517	-0.2016	0.3804224024615418	1.1999859093767287	-0.1613	0.3777678541250893	1.3750975244646892	-0.12
22	0.3728813559322034	0.6899215766190372	0.7939732940182362	0.0	0.6370977758721736	0.7752983945664667	0.105	0.4622493935865446	0.477902147051546	0.0886	0.7172773305563565	0.19372388310794114	0.0972	0.5726241713378438	0.1086578214411014	0.0766	0.604742907301832	0.09756974258684303	0.12	0.7791769090589019	0.17185567871532245	0.0883	0.7106219746707596	0.7948252509177974	-0.105	0.6439186139621677	0.3755787341596159	-0.0886	0.715857095843475	0.002873503831908833	-0.0972	0.530683982912722	-0.06253619141791264	-0.0766	0.569531765418908	-0.08358130003864025	-0.12	0.7730416560649445	-0.03802478211074027	-0.0883	0.6171403786071588	1.3548395969626497	0.0	0.5528106909852656	1.5439236858230043	0.0	0.4986063556479462	1.4116283418291702	0.0	0.6768053638848511	1.2855321716649197	0.2016	0.5328827545943067	1.1364747492340543	0.1613	0.4566326443819512	1.2373979167689606	0.12	0.6225199509588288	1.298763181278046	-0.2016	0.3796393084288807	1.2002542467387316	-0.1613	0.3757098136863989	1.3888384506970703	-0.12
23	0.3898305084745763	0.68745000320588	0.7949070483915522	0.0	0.6264439125565804	0.7787344735332971	0.105	0.43279718045755816	0.49709522127799305	0.0886	0.6231128725231039	0.164111021289075	0.0972	0.5315445227037698	0.010997695719879165	0.0766	0.5483613155421041	0.04715515046234189	0.12	0.691212500031088	0.1631607960843095	0.0883	0.7077099353257748	0.7936423636198506	-0.105	0.6372351799824167	0.37569452604448916	-0.0886	0.7162951953151253	0.0030692804752953523	-0.0972	0.5312896042858667	-0.064162394925729	-0.0766	0.5753811371778805	-0.08124154170376024	-0.12	0.7773233377741205	-0.037822156968464346	-0.0883	0.6166369634608881	1.3486945240654802	0.0	0.5461751515076799	1.5441685978279114	0.0	0.48920912845096587	1.404593062570762	0.0	0.667565679962482	1.2780325392711727	0.2016	0.5309395443946927	1.130223754146145	0.1613	0.4529926372593695	1.226582136674954	0.12	0.623852738426663	1.2988100766265556	-0.2016	0.37822441822036335	1.2141393684724067	-0.1613	0.3761212202700295	1.3961675240567417	-0.12
24	0.4067796610169492	0.6744110396111009	0.7920795683814257	0.0	0.6113768069602317	0.7779467976000973	0.105	0.41193507105930377	0.5137623914963814	0.0886	0.5714314680103099	0.15347941809156224	0.0972	0.49928333285164916	0.030967681510966332	0.0766	0.5071298085077197	0.04563813813366543	0.12	0.6195165893453104	0.12366403465420758	0.0883	0.699181695083795	0.7944186449851088	-0.105	0.6414833612062625	0.37568111862463244	-0.0886	0.7167153655637367	0.0016557885941338862	-0.0972	0.5344363166861925	-0.06172294061032109	-0.0766	0.5824179780111426	-0.08020425965741168	-0.12	0.7793447367881384	-0.03910029824346507	-0.0883	0.6162369889585089	1.345885427436953	0.0	0.5374539374289167	1.5413006820829325	0.0	0.492251886111404	1.4026304168471284	0.0	0.6683979171856114	1.2798664742369414	0.2016	0.5322458835905878	1.1227865607168526	0.1613	0.433540446763344	1.1449404706310455	0.12	0.6227154450209865	1.299699082337844	-0.2016	0.3735105488468836	1.2291658606255709	-0.1613	0.3776344707959813	1.3991301129662834	-0.12
25	0.423728813559322	0.673245669052712	0.7967376711249924	0.0	0.6059539992732832	0.7957066628859831	0.105	0.3755301489623861	0.5335210781920013	0.0886	0.5269109932228981	0.18763674580073136	0.0972	0.4592384964060965	0.04353294921920135	0.0766	0.4525678057956114	0.07441901944041798	0.12	0.5794600192526248	0.15340774013998917	0.0883	0.7022147801208932	0.7947840259779835	-0.105	0.6274312366446109	0.3770196305996086	-0.0886	0.7181822944745775	0.0035535054857197546	-0.0972	0.5400534843662781	-0.061465387713623	-0.0766	0.583534805179185	-0.07998114227143226	-0.12	0.7828691060559152	-0.03802101107321729	-0.0883	0.6177896524929614	1.3379113900561632	0.0	0.5305453524232852	1.5423014484332997	0.0	0.48077581874172853	1.3936441429113642	0.0	0.6685187360066597	1.2793949353620373	0.2016	0.49201963538648386	1.1743492481298323	0.1613	0.40804064396136097	1.2835647017714127	0.12	0.6220863899137763	1.2979846738343572	-0.2016	0.37051167890472825	1.2297005658020441	-0.1613	0.36890988137826164	1.4055018118175642	-0.12
26	0.4406779661016949	0.6701286579835036	0.8017077210658614	0.0	0.6018700819430011	0.8049900020310603	0.105	0.35423420386884674	0.5574407384533002	0.0886	0.47036765213210985	0.18902699750969743	0.0972	0.38164389373013147	0.054486825946010856	0.0766	0.37032417447244936	0.08587338881722335	0.12	0.533484140834462	0.14730676345638544	0.0883	0.7040482236012457	0.7960962635113444	-0.105	0.6232709780057949	0.3777966276998562	-0.0886	0.7176258325872292	0.0051803723174632665	-0.0972	0.539723656021043	-0.06164007655591114	-0.0766	0.5822260290015937	-0.07988150913011063	-0.12	0.779320666740421	-0.0395848879659198	-0.0883	0.6180698553441412	1.335506597782112	0.0	0.5207370331362098	1.5417452081419825	0.0	0.48126350871605983	1.3948676541341387	0.0	0.6679483196063541	1.2793976662817776	0.2016	0.4940925257666788	1.1808018238106888	0.1613	0.42480304814580994	1.292260034975482	0.12	0.620939654253896	1.297916163311937	-0.2016	0.3711563813387587	1.2378236761129717	-0.1613	0.37090416057327635	1.4075727041299828	-0.12
27	0.4576271186440678	0.658199102975361	0.8058352105541647	0.0	0.5898065265648146	0.8080149614879674	0.105	0.3336026331213289	0.5844324673426947	0.0886	0.4216927769347922	0.20691350078665366	0.0972	0.30718836347030615	0.07962458999424663	0.0766	0.3009391286847913	0.11142454431742241	0.12	0.48455619119797827	0.16844715133302698	0.0883	0.6940058449357462	0.7958416107150583	-0.105	0.6207261682154976	0.3783151514920089	-0.0886	0.7156044828057028	0.007273015864087004	-0.0972	0.5406160866970441	-0.06069218673513269	-0.0766	0.5800658259083886	-0.07929109280901961	-0.12	0.7768800837612981	-0.039414946927695454	-0.0883	0.6219202012977274	1.3339982342535628	0.0	0.5213234009447805	1.5405244447104873	0.0	0.48272305737905247	1.3923596496169726	0.0	0.66604421546957	1.2752040714960144	0.2016	0.46346998032833014	1.1695201833096969	0.1613	0.3965610183040761	1.3230040724086773	0.12	0.6214470256705562	1.29798381141081	-0.2016	0.3742816005011494	1.2401227510339845	-0.1613	0.3690208508001469	1.4159181905883873	-0.12
28	0.4745762711864407	0.6479159656220814	0.8059901806539087	0.0	0.5804411327629769	0.8010015939459242	0.105	0.3171863245894896	0.6119505870042308	0.0886	0.38368390803304586	0.23451163206157868	0.0972	0.2425052929222057	0.112313624691216	0.0766	0.24194340112871351	0.1395090897330845	0.12	0.44625392459402324	0.18078879465094538	0.0883	0.6798987304243544	0.7886923269529138	-0.105	0.6198463214328752	0.37988675378431463	-0.0886	0.7152783391637121	0.007016453743559914	-0.0972	0.5418138496153667	-0.06048515225285271	-0.0766	0.5833620037957696	-0.07793436951042769	-0.12	0.7751392364401148	-0.03982644736120994	-0.0883	0.6193935852429043	1.3366244752031307	0.0	0.5196471749137817	1.5377038555563434	0.0	0.47739610874486815	1.389891172158814	0.0	0.6726017175020416	1.2728180281670263	0.2016	0.44823127038825494	1.1546137477229583	0.1613	0.37330084411760367	1.338661292820165	0.12	0.622259521599828	1.2972851981896667	-0.2016	0.3701996104452558	1.2461764673142384	-0.1613	0.3690508925395284	1.4154338956654124	-0.12
29	0.4915254237288136	0.6390454563521554	0.8177985592089511	0.0	0.5706221415145012	0.8283603876452853	0.105	0.29444731645322564	0.6481445038206455	0.0886	0.3270553629195925	0.25761100488144906	0.0972	0.17256893002077628	0.15125594677413312	0.0766	0.17752048658477254	0.1740915216970743	0.12	0.3911846058663528	0.20539814969873765	0.0883	0.6794327153671696	0.7972902727882156	-0.105	0.6116415628688182	0.393960221603623	-0.0886	0.7146368069841399	0.009811535411654193	-0.0972	0.5427261655698163	-0.06520440207642939	-0.0766	0.5843354664217356	-0.07763266288593944	-0.12	0.7732489078250032	-0.03176489094711128	-0.0883	0.62400502170242	1.3304043022824454	0.0	0.5105650773246678	1.5356237962454313	0.0	0.4759770928052769	1.3925583952510772	0.0	0.6769944522460738	1.269173289834636	0.2016	0.4570136043076384	1.1940314319994765	0.1613	0.37323825993286036	1.3313376113918989	0.12	0.6213917660520549	1.296751831808815	-0.2016	0.36990285022596986	1.2518436818560157	-0.1613	0.3695735082563313	1.4294154915574928	-0.12
30	0.5084745762711864	0.6317360592740755	0.821769558759392	0.0	0.5638522999940717	0.8336952974159633	0.105	0.2807959238265817	0.6903350300971419	0.0886	0.2814738980880645	0.2863498308666663	0.0972	0.13031446190659493	0.1856713315797303	0.0766	0.13515177616032573	0.21287553423191177	0.12	0.3467427223686307	0.22521306042894787	0.0883	0.6730928313743658	0.8007204001041737	-0.105	0.6035644808324664	0.40035238646466675	-0.0886	0.714901899013419	0.008829019370571081	-0.0972	0.5426436509991808	-0.06656068886800773	-0.0766	0.5852876458969982	-0.0778194914305363	-0.12	0.7722777143420945	-0.02943929529319951	-0.0883	0.6229201081174526	1.3305138357448743	0.0	0.508082059111348	1.5319309393780856	0.0	0.4696805994504074	1.3894758582265578	0.0	0.6784704531337308	1.2674821550216442	0.2016	0.44844840734745844	1.2061314108574999	0.1613	0.367386343362951	1.3437254770682572	0.12	0.6239705885947662	1.2940640484329513	-0.2016	0.37118192534464106	1.2503683305395505	-0.1613	0.36822286956912703	1.4313229868650352	-0.12
31	0.5254237288135594	0.6278294575496458	0.8216380145923157	0.0	0.5638370036180317	0.8343436850583738	0.105	0.26994313739745035	0.7259037162723645	0.0886	0.2394193936532305	0.3240369882102814	0.0972	0.07774211426558635	0.23204196965000282	0.0766	0.08766895106173653	0.25960341820166494	0.12	0.30030928966179027	0.26682045420631884	0.0883	0.669790699384534	0.7990139557779993	-0.105	0.5955036529800619	0.4063092683088535	-0.0886	0.7146128861033673	0.008130501596624456	-0.0972	0.5426415261702233	-0.0654773588702676	-0.0766	0.5848685657195096	-0.0783678963382239	-0.12	0.7719118689393146	-0.027886186289489218	-0.0883	0.6170911480679884	1.3272978083151856	0.0	0.5069299787473215	1.5273202146221625	0.0	0.4627632004002997	1.3844405712178143	0.0	0.6739812206220172	1.2649480354077831	0.2016	0.47545386556099367	1.1982198560900932	0.1613	0.37187692132602546	1.3422032287039856	0.12	0.6245307383921958	1.2890020530133082	-0.2016	0.36899079951999114	1.2555951281234101	-0.1613	0.366632106947471	1.4339494327250761	-0.12
32	0.5423728813559322	0.6192158959790145	0.8176254285158255	0.0	0.554361239866043	0.8280226312806069	0.105	0.25784145301754136	0.7609090341179419	0.0886	0.20190513187157638	0.3739732946359128	0.0972	0.03306045406434618	0.2891059518412859	0.0766	0.04830801010512874	0.31323574532521636	0.12	0.2616995593384046	0.31071913638203097	0.0883	0.6661360540287808	0.7940482213722013	-0.105	0.5928607033234022	0.39997085480832806	-0.0886	0.714758268051622	0.00797539045133358	-0.0972	0.5422234894364382	-0.06501016179978628	-0.0766	0.5854409946991945	-0.07894009175130001	-0.12	0.7718967538981946	-0.029898082513555427	-0.0883	0.6117268459018146	1.3318859593645787	0.0	0.5094722803784623	1.5221229789398065	0.0	0.45822296548704144	1.3764037816383912	0.0	0.6733786510052863	1.267708592001845	0.2016	0.48844850739978385	1.1875864884757157	0.1613	0.3864266566540681	1.3414873211346567	0.12	0.6246847218707816	1.2918096905458227	-0.2016	0.3664188956702853	1.2591173598622514	-0.1613	0.3687201743666797	1.4304133516547275	-0.12
33	0.559322033898305	0.6193578263728445	0.8152996839542838	0.0	0.555907327073336	0.8306508545869987	0.105	0.25139832930616257	0.8008327190033071	0.0886	0.18703876321377666	0.4132206349606325	0.0972	0.018966625070231335	0.34635031038851705	0.0766	0.03511553899383422	0.3688323254966499	0.12	0.22755546625083836	0.3450017973735941	0.0883	0.6653722862356343	0.7910448911586134	-0.105	0.5869452399221473	0.3987881713799326	-0.0886	0.7141462520354768	0.010819792250307783	-0.0972	0.5431802072304036	-0.0737557945941762	-0.0766	0.5902833793774919	-0.08240155089198135	-0.12	0.7710568020997004	-0.025442374860455863	-0.0883	0.6112217657332125	1.330943053916634	0.0	0.5057254322705137	1.5254632301005133	0.0	0.45892028810041186	1.380644063129049	0.0	0.6681037989180838	1.265647442887112	0.2016	0.49658801439418976	1.195241365761448	0.1613	0.38544938769063397	1.3399849807273652	0.12	0.6219902894352443	1.2880050853362397	-0.2016	0.36569843533345675	1.259196747879842	-0.1613	0.36998647509739896	1.4333428636247039	-0.12
34	0.576271186440678	0.6152922509866691	0.8182816110646858	0.0	0.5501057403215477	0.8357023106504082	0.105	0.24370952465314133	0.8406606709951004	0.0886	0.16897796811453836	0.4564361546712229	0.0972	-0.005096943765569871	0.4359904774523397	0.0766	0.016198737817156333	0.44431870331532536	0.12	0.2054882911996062	0.3818967265033976	0.0883	0.6625388008100447	0.7880596628781912	-0.105	0.5817524755355489	0.40071929471051826	-0.0886	0.7141399325316525	0.010941297912214001	-0.0972	0.5437772179905165	-0.07499869682297702	-0.0766	0.592713656951006	-0.08263848640603129	-0.12	0.7706549371167526	-0.024765572942686706	-0.0883	0.6115634225065256	1.32884612922272	0.0	0.5021691612286108	1.517810830511655	0.0	0.4575489735686338	1.3766565405455808	0.0	0.6675131045767292	1.264222446898918	0.2016	0.5106756652283879	1.2008147922055197	0.1613	0.3913894410517652	1.3437049950223194	0.12	0.6188972955268356	1.2794451327538012	-0.2016	0.3645637570315785	1.2592528185641885	-0.1613	0.36690522095147193	1.4302345508575043	-0.12
35	0.5932203389830508	0.6091371417625061	0.8200467400748334	0.0	0.5389291047269569	0.8389835205674141	0.105	0.2400568960606219	0.8813148322147092	0.0886	0.1556927206680337	0.49696466680436113	0.0972	-0.01050514408003276	0.47385197262387807	0.0766	0.007319018860955116	0.47176910332749133	0.12	0.1891360194266874	0.41325818226608857	0.0883	0.6569024710037303	0.7803369811323707	-0.105	0.5769407005653622	0.3975335080071332	-0.0886	0.7137938640480325	0.012033418855442846	-0.0972	0.5429837374152392	-0.07197923491634914	-0.0766	0.5904745900847641	-0.08400109910883183	-0.12	0.7693460526852939	-0.02225735948282076	-0.0883	0.6066022837522922	1.332545168241879	0.0	0.4993893612878021	1.504821640529464	0.0	0.4478329994765434	1.369833872216445	0.0	0.6691240063479389	1.2654544408024402	0.2016	0.5122038080855117	1.221194457658177	0.1613	0.3913192209819186	1.3466167191005507	0.12	0.6166501102671031	1.2790449405208544	-0.2016	0.36311951434134027	1.2654414347670184	-0.1613	0.36245116286200757	1.4325265522005053	-0.12
36	0.6101694915254238	0.6000071519807881	0.8208024977231294	0.0	0.5298581271981118	0.8349375829455205	0.105	0.24840413029168934	0.9149360213708562	0.0886	0.14706469498829344	0.5331671647319619	0.0972	-0.032727538506714116	0.5175217918847721	0.0766	-0.019164150565661113	0.5075617965807496	0.12	0.18171645491097366	0.4624509983773471	0.0883	0.6396862489826287	0.7643909168117593	-0.105	0.5744502480020626	0.38825958912867004	-0.0886	0.7134515725181879	0.012181660348492301	-0.0972	0.5429049215554294	-0.06916050929767073	-0.0766	0.5892660041913337	-0.08316924768735977	-0.12	0.7690563623560287	-0.022665600448258105	-0.0883	0.6015741872191324	1.336429716030744	0.0	0.49895682750757797	1.4995938598516605	0.0	0.44048299517604883	1.3575587127857467	0.0	0.6680210496478496	1.2678425468707846	0.2016	0.517501339197286	1.2390750306218905	0.1613	0.3949085912628334	1.353618902129574	0.12	0.6131436926259461	1.2795672955469102	-0.2016	0.36075999094286315	1.2681615546641674	-0.1613	0.3605586054833966	1.4436790028752762	-0.12
37	0.6271186440677966	0.600210435183756	0.8207824903437164	0.0	0.5363537092790742	0.8371428324800737	0.105	0.25331855794605357	0.9551465828274777	0.0886	0.13881556500521988	0.5759145193610969	0.0972	-0.028558512474625423	0.5628430960454271	0.0766	-0.006012876346671185	0.5609865091594036	0.12	0.1560529301299771	0.5016598462407295	0.0883	0.6414006804590286	0.7691495016044676	-0.105	0.5689581183798208	0.38631574062904256	-0.0886	0.7132573440404035	0.012225400899373934	-0.0972	0.5434859769222748	-0.07095050434097103	-0.0766	0.5930024625353991	-0.08345712890682344	-0.12	0.7698417089404158	-0.021056648042143633	-0.0883	0.6027607109108063	1.3375061872901495	0.0	0.4944957977710881	1.5044490106629056	0.0	0.43980354545659817	1.361031949541255	0.0	0.6702175203225186	1.2675700119963524	0.2016	0.4955366083145366	1.236390769883302	0.1613	0.38709660206922236	1.3444159395510205	0.12	0.6098467450001386	1.2744819743138396	-0.2016	0.35737921369511905	1.2687235603201086	-0.1613	0.3619962312132199	1.4469039869141427	-0.12
38	0.6440677966101694	0.6035969454493916	0.8214702409811283	0.0	0.5362858400034188	0.8388593392695434	0.105	0.26419507130143305	0.9995166397101728	0.0886	0.14212777145849415	0.6259192416231588	0.0972	-0.030225296119500734	0.6022535564410908	0.0766	-0.008242086154118533	0.6089033052862862	0.12	0.15502991920273623	0.5506914868151876	0.0883	0.6342104024136189	0.766512857940368	-0.105	0.5637329686872032	0.38495495662152424	-0.0886	0.7134344477227385	0.011799546203007924	-0.0972	0.5442523429022562	-0.07282866998212204	-0.0766	0.5912715821281441	-0.08399264066113658	-0.12	0.7710489875056951	-0.02303179854021699	-0.0883	0.6000809407327727	1.3401314616259317	0.0	0.4986007289341811	1.5001233323833592	0.0	0.4416758353044702	1.3561646988052605	0.0	0.671850270355111	1.2692102107964698	0.2016	0.4870289463661327	1.2528621679634868	0.1613	0.3875185737521875	1.3627071928085568	0.12	0.6062339640219832	1.2723200782655262	-0.2016	0.3559795457887948	1.270576537869785	-0.1613	0.3627773389306146	1.4503441905370695	-0.12
39	0.6610169491525424	0.5959736961574195	0.8194608679337115	0.0	0.5314593863769382	0.840684998352828	0.105	0.27731375252311696	1.0317800277138183	0.0886	0.14641037626251208	0.6729368987671471	0.0972	-0.023418655174324475	0.6283656817386939	0.0766	-0.0032263786358305985	0.6456422908298141	0.12	0.16442935631180838	0.5960132543540474	0.0883	0.6240066015629254	0.7632178422856373	-0.105	0.5559064643474394	0.3831017546122455	-0.0886	0.7132435923785575	0.012309100378617072	-0.0972	0.5445982705695673	-0.07041318324217355	-0.0766	0.5886236304584118	-0.08364003387190755	-0.12	0.7718986638229832	-0.024018141222818437	-0.0883	0.5967318422055576	1.3392117772659267	0.0	0.49755453914923753	1.5050187056383024	0.0	0.4414848173325122	1.3513431902267508	0.0	0.6719516883604351	1.26967874841664	0.2016	0.49476913008519247	1.2355901125036097	0.1613	0.3893690737048753	1.3626275334015505	0.12	0.6001492735119807	1.272907923786768	-0.2016	0.35682590906071987	1.2727671713133533	-0.1613	0.3552205670253943	1.4502762097456994	-0.12
40	0.6779661016949152	0.590864172663164	0.8204695381123589	0.0	0.5237901386844696	0.8454004330438709	0.105	0.2881276881794912	1.0535631318533578	0.0886	0.16219705041085436	0.6992868154676609	0.0972	-0.023100434071439045	0.6536270383426017	0.0766	-0.008923293920135078	0.6749565503545599	0.12	0.19345119646247214	0.627858698537964	0.0883	0.6082753326625867	0.7602423291784755	-0.105	0.5520368345535162	0.3816627787498328	-0.0886	0.7127566332258755	0.01239009002663001	-0.0972	0.5429607504789207	-0.06727863407972282	-0.0766	0.5804247509527054	-0.08187278839004647	-0.12	0.7724454072557743	-0.023479913341333036	-0.0883	0.5963961762756981	1.3378542363859955	0.0	0.4951326073768828	1.5037889511617073	0.0	0.44342056192687507	1.3415892203921098	0.0	0.6722742914664597	1.2696575782935915	0.2016	0.5006647235832526	1.2357372595641238	0.1613	0.4005535660172381	1.366783808642134	0.12	0.592441454311385	1.2735264980155885	-0.2016	0.35831207579849944	1.2742118615065507	-0.1613	0.3543958272293101	1.4481511206560362	-0.12
41	0.6949152542372882	0.5896228808454623	0.8218811133714145	0.0	0.5304077143380423	0.8412838467295217	0.105	0.3010822404284348	1.0807739663509288	0.0886	0.1695303022253012	0.7204485089099353	0.0972	-0.020106332998643298	0.6756385586145907	0.0766	0.004749867744978889	0.6882171653910523	0.12	0.19658597765257962	0.6427628511409532	0.0883	0.6021248831110909	0.761740906331349	-0.105	0.5401006959029123	0.38000495589898486	-0.0886	0.7123125355334362	0.012259818403458952	-0.0972	0.542289255902684	-0.0667936583734856	-0.0766	0.5795440401235251	-0.08112771426117352	-0.12	0.7732177576759572	-0.02284898746453322	-0.0883	0.5984022932703699	1.3352361204628154	0.0	0.49587847588759676	1.5005312484654016	0.0	0.443277945561127	1.3457559777848687	0.0	0.6696328197499684	1.2681579018116877	0.2016	0.5088575979399892	1.2264580250406305	0.1613	0.3962382401088948	1.3674861950716932	0.12	0.5913288365068405	1.2723189078886037	-0.2016	0.354486744505472	1.2729277482542636	-0.1613	0.3515108366081304	1.4464038118886633	-0.12
42	0.711864406779661	0.586451690418747	0.8194269464617757	0.0	0.5244555122271212	0.8395213158519627	0.105	0.3070429228499948	1.101419153525954	0.0886	0.1843141761807694	0.7389910730504753	0.0972	0.0057269897183977875	0.6997404948285454	0.0766	0.02232592592219454	0.7110458546046631	0.12	0.2124881248748386	0.6560266057781284	0.0883	0.5900916111395791	0.760013779526259	-0.105	0.533946959107079	0.37878665293031955	-0.0886	0.7116648022614511	0.012835884106143017	-0.0972	0.5426753391785577	-0.066663667148888	-0.0766	0.580055428110087	-0.08063081176885552	-0.12	0.7733905567325318	-0.022747556172502584	-0.0883	0.5976158051243328	1.3316050160426471	0.0	0.49858406574355135	1.4986046821786367	0.0	0.4420360823208732	1.346073901117221	0.0	0.6655837085048926	1.2661065583903408	0.2016	0.5156047747484763	1.2460717526464502	0.1613	0.39602298472913944	1.3682613134825021	0.12	0.591915603223271	1.2710718051859233	-0.2016	0.3537929815220829	1.2718990052983417	-0.1613	0.35361474640054735	1.4498811916449679	-0.12
43	0.7288135593220338	0.5772970556835123	0.8206692906086147	0.0	0.5190542987774497	0.84157692541848	0.105	0.318378877660097	1.1181017247683398	0.0886	0.19675110700394483	0.7566211400948988	0.0972	0.022837778956922808	0.7180487505740007	0.0766	0.03886372413794892	0.7248250601890226	0.12	0.23227801452347202	0.6699828469245873	0.0883	0.5852064829386939	0.7611197940792217	-0.105	0.5313368607319586	0.37808827050768845	-0.0886	0.7115365739310777	0.013027606425687926	-0.0972	0.5439043365683269	-0.0664568265622538	-0.0766	0.5807040244765741	-0.08003772215394442	-0.12	0.7736392215310046	-0.022858123509819903	-0.0883	0.5954114480701195	1.3281976809739569	0.0	0.49543976725147465	1.5041548888398482	0.0	0.44050225873993115	1.3483823760794251	0.0	0.6646809246387089	1.2655124976584204	0.2016	0.5351758490834008	1.247363314026652	0.1613	0.3962885548490731	1.3717845427200466	0.12	0.5954851083614008	1.269580692951158	-0.2016	0.3517012017240954	1.2723796352243295	-0.1613	0.3520712825034342	1.4518634426430899	-0.12
44	0.7457627118644068	0.566530741909028	0.8273518720990739	0.0	0.5116053694044751	0.8490119204256108	0.105	0.329333088784055	1.1286413142804075	0.0886	0.22068750328913148	0.7725520697730864	0.0972	0.045675393916438434	0.7326868905935809	0.0766	0.05611711613723587	0.741828508439748	0.12	0.24735126074090089	0.6815288835928689	0.0883	0.5781715389152666	0.7625089209504	-0.105	0.5299157964807574	0.37917953502792223	-0.0886	0.7111808488217018	0.013258789377842042	-0.0972	0.5451693244985293	-0.06562835365105871	-0.0766	0.5804543178353532	-0.07840474824522686	-0.12	0.7727316404205088	-0.022863918893785543	-0.0883	0.5933898817292977	1.3277376134242802	0.0	0.49518514852646667	1.5049603315745217	0.0	0.44066896695924873	1.3403240863182768	0.0	0.6608647876850684	1.2639576135111226	0.2016	0.5146574659663953	1.2428088891020694	0.1613	0.3762117595816873	1.368554355052448	0.12	0.5976656286422309	1.2719087960815496	-0.2016	0.3499764018270375	1.272345467556296	-0.1613	0.34855592579067524	1.4579349552940344	-0.12
45	0.7627118644067796	0.5656014457561394	0.824404167444641	0.0	0.5172183303857903	0.8509549495209554	0.105	0.33496367928558785	1.1387625521634996	0.0886	0.22874649615094872	0.7723839489546822	0.0972	0.05842391820145236	0.734308285589922	0.0766	0.07338344429950665	0.7407381157804797	0.12	0.2658970473716421	0.6819478021864636	0.0883	0.5804581213372488	0.7644734998949045	-0.105	0.5243108289223039	0.3796380156984761	-0.0886	0.7110756589735394	0.014137579311872997	-0.0972	0.5443979854154037	-0.06723520801168259	-0.0766	0.581973075248592	-0.08005110456732271	-0.12	0.7727950251452002	-0.02167897025609236	-0.0883	0.5926896936494848	1.3243577930117456	0.0	0.49179626557429257	1.5054697344776087	0.0	0.4416628155742571	1.3440488302478797	0.0	0.6610421846861754	1.2657416478499555	0.2016	0.5032137146529301	1.2472686769588188	0.1613	0.3922970724414768	1.3699500693900937	0.12	0.5901713628528688	1.270527777651071	-0.2016	0.34439529614975123	1.2710361324454154	-0.1613	0.34579136817827866	1.4531277555883186	-0.12
46	0.7796610169491526	0.562978107286181	0.8213585896775991	0.0	0.5160004284515999	0.850006742232921	0.105	0.3384739028929638	1.143801065428417	0.0886	0.23242411854471473	0.776264645729577	0.0972	0.06122958164620361	0.7330620636478565	0.0766	0.07771537226862904	0.7397803983915288	0.12	0.2762900563992984	0.6852276306577135	0.0883	0.5760623357271714	0.7627349866481522	-0.105	0.5215167175469566	0.3792796311249035	-0.0886	0.7118476996957024	0.012816312813017441	-0.0972	0.5443175403068974	-0.06699359963693466	-0.0766	0.5822657325061639	-0.08101668242208564	-0.12	0.7740593127972137	-0.0237070996634922	-0.0883	0.5924063539785891	1.3217602366068497	0.0	0.4908137140188139	1.5012486707455934	0.0	0.44062111208591714	1.3437470164231398	0.0	0.6590894451949872	1.2660449311137265	0.2016	0.5029908826976123	1.2476070545044364	0.1613	0.3873048443814805	1.3678608497903648	0.12	0.5912538992101827	1.2691014421516815	-0.2016	0.3369924799961111	1.2711779128114336	-0.1613	0.342353175374168	1.45264815039398	-0.12
47	0.7966101694915254	0.5651536790093484	0.8232235094747402	0.0	0.5135222057420864	0.8576394976995523	0.105	0.330942994521494	1.1403713849932078	0.0886	0.23731877262017495	0.7717798657562323	0.0972	0.061339289198566	0.7184934328814562	0.0766	0.07827592819732417	0.730158461789227	0.12	0.28087054340567585	0.6857779284151616	0.0883	0.5748489670538804	0.7621647543351066	-0.105	0.5218461969453339	0.3795457035450509	-0.0886	0.7120440141911237	0.011780922381296077	-0.0972	0.5429007812965116	-0.06632198177461131	-0.0766	0.5816145029839846	-0.08188584513939251	-0.12	0.7739923798681767	-0.026484146684078003	-0.0883	0.5921654577103102	1.3201214660994496	0.0	0.49029985985117996	1.5023482979143612	0.0	0.4404540244943593	1.3475138395284623	0.0	0.6593891786003958	1.2681748324854218	0.2016	0.5039856221662511	1.2510807802671284	0.1613	0.3828834918431453	1.363652339621728	0.12	0.5907940855545982	1.2700725675247666	-0.2016	0.33588784879526434	1.2728282137486504	-0.1613	0.34123351568225424	1.4567353222953385	-0.12
48	0.8135593220338984	0.5646223832249893	0.8350431568478409	0.0	0.5066748835845045	0.8614532999413483	0.105	0.32110298513480734	1.119580232236245	0.0886	0.24077853243395184	0.7673909965596372	0.0972	0.05497180499437551	0.6939254664720057	0.0766	0.08166749568979698	0.7210032356255961	0.12	0.28121391344071284	0.6852316507936669	0.0883	0.5736694279054505	0.7637316037710924	-0.105	0.5285539625980158	0.3801726873246534	-0.0886	0.7121215820942398	0.011166296574951634	-0.0972	0.5408456260342469	-0.06745670299160147	-0.0766	0.5786434119591236	-0.08303824285050353	-0.12	0.7727901565776314	-0.029454807911901665	-0.0883	0.5916828572155863	1.3253047853133069	0.0	0.492154628884223	1.4974765249619126	0.0	0.44371011000177246	1.3454586424126498	0.0	0.6565732895033065	1.274056568386658	0.2016	0.4994808334631335	1.257019951272531	0.1613	0.3684491132891239	1.3696579965241082	0.12	0.5903953091213531	1.2729813325282935	-0.2016	0.3361787973625189	1.2714067498370472	-0.1613	0.34169176750643293	1.4571365600493553	-0.12
49	0.8305084745762712	0.5619582975587379	0.8352364454035959	0.0	0.5096389483062903	0.8655770626681466	0.105	0.31734535062875935	1.1192399318310415	0.0886	0.23502121466754583	0.7421811784112745	0.0972	0.05775115539600491	0.6794835199234075	0.0766	0.07929663300483213	0.6965132595725771	0.12	0.2801620309715153	0.6621203812719532	0.0883	0.5798363402714881	0.7706128220794298	-0.105	0.5214401307386506	0.3789154648360074	-0.0886	0.7114009951707901	0.010437617379498249	-0.0972	0.542442629661632	-0.06869636565997715	-0.0766	0.5798861874218278	-0.08425623771349781	-0.12	0.7698719521121158	-0.029801600332878597	-0.0883	0.5923205430760671	1.32437732744355	0.0	0.49194998998658745	1.5022992709762384	0.0	0.4412861464152294	1.3512565626742887	0.0	0.6554357067510616	1.2708441421574501	0.2016	0.5017366260107691	1.2577300002223812	0.1613	0.37018356606707825	1.3709530841182886	0.12	0.5909648835921868	1.2707185634221132	-0.2016	0.3344540618747843	1.271327877446892	-0.1613	0.3366571506853664	1.4575659382177775	-0.12
50	0.847457627118644	0.5612999322492513	0.8353741265018498	0.0	0.5065522083639719	0.8651675271648727	0.105	0.30353859609476863	1.1024632793327658	0.0886	0.23211210500038174	0.728142887456479	0.0972	0.05782479995038449	0.6697568945882302	0.0766	0.07751104128052883	0.6821380224974545	0.12	0.27735950775017015	0.651173364720271	0.0883	0.577175310842437	0.768401558841317	-0.105	0.5261019902801526	0.3788833051989208	-0.0886	0.7110192823654057	0.01044166375342706	-0.0972	0.5436818994536667	-0.0688061828830614	-0.0766	0.5812593917359985	-0.08485981029138868	-0.12	0.7692890086697204	-0.02787122629397852	-0.0883	0.5911839957337521	1.3336906700502644	0.0	0.491902161152315	1.5043773146287067	0.0	0.43724937979097844	1.356169277826508	0.0	0.6524695863110905	1.2714882344118497	0.2016	0.48999236849071637	1.2642152293704971	0.1613	0.3635654276759023	1.379526545227873	0.12	0.5889468381948898	1.269873487229093	-0.2016	0.3320478180544375	1.2717192398431456	-0.1613	0.33584462352898176	1.4576250606073924	-0.12
51	0.864406779661017	0.5631076121746345	0.8374337001731618	0.0	0.505497966950066	0.866987019250081	0.105	0.2915735661120942	1.0838390152959425	0.0886	0.2303905372673608	0.7114736823485226	0.0972	0.05836473144616286	0.6489495110181573	0.0766	0.07347599838127555	0.6651423300531778	0.12	0.27351508831095495	0.6390029302744297	0.0883	0.5823374058369956	0.7692501320031495	-0.105	0.529215361348543	0.37979047586907244	-0.0886	0.7111783601143752	0.010922069675394344	-0.0972	0.5441474574008273	-0.07064216055772699	-0.0766	0.5826872178752374	-0.08493188122326863	-0.12	0.7693679647830062	-0.02697496063654796	-0.0883	0.5896186898844742	1.3402806013498956	0.0	0.4931599694425923	1.5093007739332367	0.0	0.4409192215142634	1.3668533979257027	0.0	0.6503339527883045	1.2748954436368605	0.2016	0.48828513984233135	1.2719202826198468	0.1613	0.3628401241246406	1.3739062180741937	0.12	0.5893115112059604	1.2728065321482056	-0.2016	0.33268068126688904	1.269656785936605	-0.1613	0.333590544229058	1.457624008644118	-0.12
52	0.8813559322033898	0.5592320937313621	0.8418452091663396	0.0	0.49805922215953646	0.8695640589917251	0.105	0.27768752189549323	1.067416632799779	0.0886	0.22710001548030234	0.6957952324400593	0.0972	0.05829108104060084	0.6214612798804928	0.0766	0.07200493744429236	0.642723548374472	0.12	0.2720459348244816	0.6265273039325734	0.0883	0.5854910088709588	0.771498104338665	-0.105	0.5367582107441966	0.380723184839653	-0.0886	0.7110264816965676	0.012590768779392372	-0.0972	0.5441762329493341	-0.07147419870668484	-0.0766	0.5831842860609352	-0.08471334586909922	-0.12	0.7692616847954052	-0.02612288953558463	-0.0883	0.5897156862140335	1.3405330240611717	0.0	0.491555729625433	1.5108089361646253	0.0	0.4409705249902319	1.367987265604649	0.0	0.6472206216615716	1.2760890708727668	0.2016	0.48934296417965584	1.2607023554403123	0.1613	0.3514477480324751	1.370346620054535	0.12	0.5892815092318505	1.2805207391865085	-0.2016	0.3318445011673824	1.2698533073330143	-0.1613	0.3315704923117686	1.451885591766158	-0.12
53	0.8983050847457628	0.5634908847056295	0.84205897541269	0.0	0.5073855462044343	0.8760035072770271	0.105	0.25897465335901737	1.0441487215360403	0.0886	0.22250790085914346	0.6697488574591655	0.0972	0.053216556397872775	0.6015582111772443	0.0766	0.06837939625780098	0.6197239411479578	0.12	0.2735573279240487	0.609723323550284	0.0883	0.5940711102978806	0.7881050280026406	-0.105	0.5373544702311168	0.38082345598388484	-0.0886	0.7109715041227246	0.013452063820682952	-0.0972	0.5438148088061387	-0.07261615606925842	-0.0766	0.5867729028190405	-0.08453009225247207	-0.12	0.7690118315215306	-0.02530897636331876	-0.0883	0.5905802022556076	1.3369652289454739	0.0	0.4886927115559924	1.5258833516218986	0.0	0.44057649864739173	1.3814563215156335	0.0	0.644375543429826	1.2791547596164452	0.2016	0.4898110524091963	1.2728090416395692	0.1613	0.35215349388676676	1.3742425856724698	0.12	0.5903044876734753	1.279817731398519	-0.2016	0.33082458447946106	1.2661627466623762	-0.1613	0.3285867901732157	1.4543754933606947	-0.12
54	0.9152542372881356	0.5623275260031833	0.8430812826674957	0.0	0.5069326380029155	0.87154108033476	0.105	0.2436780084191928	1.0269183064275813	0.0886	0.21912902667863607	0.6479253582600301	0.0972	0.055676063284270064	0.5767612505082316	0.0766	0.07114775331294496	0.5901493739207221	0.12	0.2698879562561939	0.5906742533772184	0.0883	0.6015760978723699	0.7895994477223086	-0.105	0.5401278891625567	0.38078049211104836	-0.0886	0.7117755831425452	0.013512513850054794	-0.0972	0.5453996692175702	-0.07360433031175001	-0.0766	0.58988939152164	-0.08482816853648588	-0.12	0.7692006584200598	-0.02343357610810043	-0.0883	0.5901648902629163	1.3373415403539743	0.0	0.48685673341131497	1.5292281783079864	0.0	0.4405576404269948	1.3860297381937974	0.0	0.6464393303333732	1.2807761633389223	0.2016	0.4865811675860366	1.2789561823384887	0.1613	0.34562909826766486	1.3727839149270857	0.12	0.5894279817109104	1.280590976860238	-0.2016	0.32912075152371423	1.2616396302824195	-0.1613	0.32734837126644634	1.449459630547584	-0.12
55	0.9322033898305084	0.5641531022090767	0.8427742812784836	0.0	0.5068694572277842	0.870041690440207	0.105	0.240436807652877	0.9985209403001931	0.0886	0.21534546994086434	0.6218649166796928	0.0972	0.05958224690283859	0.5407359631442675	0.0766	0.0728696214030215	0.5434712706857232	0.12	0.26978588210996773	0.550890190118307	0.0883	0.6057118891338517	0.7917558804389497	-0.105	0.5430050634360064	0.3810411206871078	-0.0886	0.712287251618763	0.014280723078135271	-0.0972	0.5452256837265901	-0.07413439225763344	-0.0766	0.5897495264643158	-0.08624203134460572	-0.12	0.7690975278457141	-0.023198101155202586	-0.0883	0.589534938222082	1.341886076437478	0.0	0.488875566187001	1.5333849954284993	0.0	0.4403440514621231	1.389471447054688	0.0	0.647946252271226	1.2817960638092236	0.2016	0.48091948036955734	1.2826380881943586	0.1613	0.34604632819237624	1.3707760758452099	0.12	0.5877709313823392	1.2848033348009937	-0.2016	0.32672352136066374	1.2595183110694312	-0.1613	0.32628599914973644	1.4446169284381862	-0.12
56	0.9491525423728814	0.5663512068625244	0.8384903768195574	0.0	0.4988602366410962	0.8619871094126746	0.105	0.23873348712545506	0.969454694700617	0.0886	0.21471983680035756	0.5844234112951073	0.0972	0.05021348995310647	0.5152165863130118	0.0766	0.06408815332520756	0.5214654770920497	0.12	0.2608510975979365	0.5187926012379477	0.0883	0.6059701795996522	0.7881611637378083	-0.105	0.5504613010499886	0.383026131803756	-0.0886	0.7121708371997757	0.014134024942022413	-0.0972	0.5440527663810433	-0.07310130126139502	-0.0766	0.5876736845820335	-0.08457403008907928	-0.12	0.7681473516984298	-0.024604313295575997	-0.0883	0.5899037213175444	1.3493709576322015	0.0	0.49536735206237503	1.532558564020484	0.0	0.44284286108618953	1.3855567507472708	0.0	0.6471019402542544	1.2825879401053606	0.2016	0.48289211414136624	1.2700708684968092	0.1613	0.3434239188806506	1.384436984211985	0.12	0.5885382713524557	1.2894099446849596	-0.2016	0.3282454986411646	1.2572915276469945	-0.1613	0.3275510220468889	1.443714507810734	-0.12
57	0.9661016949152542	0.5671182401197774	0.8393530610547257	0.0	0.5018085462009533	0.8684963790810988	0.105	0.22734965429045473	0.939252063302799	0.0886	0.21140380569980793	0.5574181435540878	0.0972	0.05224243249093919	0.48580540549863227	0.0766	0.06050158066579001	0.49260658889629017	0.12	0.26662204214373897	0.48102276920837195	0.0883	0.6137659422687805	0.7993957843900287	-0.105	0.5516322742365112	0.3866142089450624	-0.0886	0.7122321303361248	0.013604482377733165	-0.0972	0.5434549785206074	-0.07317049738525408	-0.0766	0.588315759606978	-0.08412482828839894	-0.12	0.767692986912906	-0.024701526543187927	-0.0883	0.5915201906873299	1.344295121395953	0.0	0.4931294299821618	1.543831919454168	0.0	0.44540686753652525	1.3969780914146315	0.0	0.6470091899570098	1.2832559610021679	0.2016	0.4815818859158143	1.276797811983548	0.1613	0.3437815204535575	1.3710677662577182	0.12	0.5900785511686553	1.288113625616168	-0.2016	0.32465237159670024	1.2535845645390669	-0.1613	0.32356211505557736	1.4405848109374253	-0.12
58	0.9830508474576272	0.5685482029387825	0.838966922587702	0.0	0.5032724904532908	0.8695235635769348	0.105	0.22815262350047777	0.9093775225448643	0.0886	0.20907197416634077	0.5237911781480467	0.0972	0.052561780042201585	0.4564403886847763	0.0766	0.06375207533993327	0.4685616785810358	0.12	0.2619880908238852	0.4457715326558325	0.0883	0.6146735045975613	0.8012486531891223	-0.105	0.5533630106127869	0.3897138455380745	-0.0886	0.7123202185743888	0.013025210918127597	-0.0972	0.5424149116400987	-0.0735658410719782	-0.0766	0.5894810310579817	-0.08487965933304863	-0.12	0.7684159782320352	-0.025356315867233567	-0.0883	0.591919414578773	1.341902213316486	0.0	0.4933299370037221	1.546728137893764	0.0	0.4486363337203261	1.4045885135661218	0.0	0.648618122299035	1.286098337341002	0.2016	0.4776110556354147	1.2663219942829629	0.1613	0.34865853740908354	1.3575499282203254	0.12	0.587689072830421	1.2935613877521175	-0.2016	0.32484235647865545	1.2473051254011547	-0.1613	0.31928444950035195	1.4350781544467992	-0.12
59	1.0	0.5688266955195489	0.8387893381318867	0.0	0.5027492250584258	0.867986380963043	0.105	0.2242495519262532	0.880246429288575	0.0886	0.213044379102555	0.4928872883768972	0.0972	0.055502640273802764	0.42499075323839514	0.0766	0.06648980628320741	0.4423864549000517	0.12	0.2656418167019281	0.4147375775693359	0.0883	0.6134922869543448	0.8002257152425603	-0.105	0.5576718231067899	0.38964594383848206	-0.0886	0.7128454620958352	0.01222466972069787	-0.0972	0.5402650707787211	-0.07409766798217493	-0.0766	0.590696666476063	-0.08480353287875811	-0.12	0.7687989464055289	-0.027417371983763705	-0.0883	0.5914826025286232	1.344679941887885	0.0	0.49677796852029393	1.545792021286389	0.0	0.44678586409447407	1.4045457289705814	0.0	0.642954102469423	1.2867963037740928	0.2016	0.47811859737544804	1.263536718860819	0.1613	0.35198737635398625	1.3579937864077463	0.12	0.5875442518461803	1.2977302003798574	-0.2016	0.3260078237503727	1.2449781534166817	-0.1613	0.315637650381884	1.425500993857986	-0.12
60	1.0169491525423728	0.5710529401610253	0.836587630531188	0.0	0.5042614752725433	0.8440077700440307	0.105	0.22882012944200283	0.847100623181451	0.0886	0.21936321367248596	0.4582429968586603	0.0972	0.056909393579701754	0.37863807686296347	0.0766	0.06568434360807363	0.4054940070843607	0.12	0.2668764731605117	0.401313050770156	0.0883	0.6122196493835653	0.7930465029616004	-0.105	0.5654341430143403	0.38944578648455225	-0.0886	0.7130667736101544	0.011255977789510499	-0.0972	0.538257303624593	-0.07425668869335367	-0.0766	0.5872835400165102	-0.08266433429500124	-0.12	0.7687716797056607	-0.027747061040479012	-0.0883	0.5899391625914013	1.3538305112841305	0.0	0.503799304993488	1.5401945590713506	0.0	0.4477731177193809	1.3988264546161742	0.0	0.6469980706404557	1.2880309770224234	0.2016	0.4498336003189043	1.2602047959756628	0.1613	0.33888846156207564	1.3630206547146078	0.12	0.5822512739702048	1.2984190803928353	-0.2016	0.3237426210191372	1.240916257304952	-0.1613	0.31703888638954353	1.424985206487594	-0.12
61	1.0338983050847457	0.5721250084350858	0.8346410209468659	0.0	0.5076861592619493	0.8505533842151731	0.105	0.23004141805117212	0.8195422227877956	0.0886	0.22163523606057717	0.42437763550891544	0.0972	0.06619856185270362	0.3524850456937148	0.0766	0.07927475405296544	0.38469807346192275	0.12	0.2747401612707377	0.36676811028397877	0.0883	0.6126849478782046	0.8006501658011376	-0.105	0.5677201380273799	0.39216833913949833	-0.0886	0.7134897650365419	0.011520137884476409	-0.0972	0.5391940767564565	-0.07488683460928429	-0.0766	0.5849143153111938	-0.08320651951322984	-0.12	0.7702456642557757	-0.028676430598054414	-0.0883	0.5913627345831677	1.3515177374988918	0.0	0.5002343859621439	1.5501129658990507	0.0	0.4490664250966515	1.4036922037116204	0.0	0.648188881114767	1.2893195821227152	0.2016	0.4573270387388347	1.266006575769394	0.1613	0.33645025356034736	1.358128610091126	0.12	0.5818840518274396	1.2970093033067636	-0.2016	0.32442623511008484	1.236562763339741	-0.1613	0.31193139700715883	1.4178105595782993	-0.12
62	1.0508474576271187	0.5747089603317826	0.8318016141502014	0.0	0.5116355586695235	0.8485384742663544	0.105	0.23240420957305385	0.7869670436075371	0.0886	0.23116498212594916	0.39240572794709117	0.0972	0.07846185081533955	0.31968937266445474	0.0766	0.09139281612028678	0.35255724946242323	0.12	0.27825775944762954	0.333235984919266	0.0883	0.612077348061342	0.8039100295912397	-0.105	0.5706748102929176	0.3953765679071236	-0.0886	0.7145039394800694	0.011895686667199978	-0.0972	0.539984533905441	-0.07450532026190235	-0.0766	0.583971672961634	-0.08309069647729218	-0.12	0.7709711104978338	-0.027294740109706575	-0.0883	0.5915669118704232	1.3530295277339357	0.0	0.5001099959312221	1.5556129627690658	0.0	0.4478957217077759	1.4141268022766573	0.0	0.6568890313424689	1.2917241311903482	0.2016	0.46725375737344865	1.2439194666027271	0.1613	0.34179399418491163	1.34768894257806	0.12	0.5767422135704583	1.2992392240650728	-0.2016	0.32248453120347065	1.2286181906803724	-0.1613	0.31162390925106076	1.4117783527837067	-0.12
63	1.0677966101694916	0.5775610481385153	0.8313673611058909	0.0	0.5166299477853713	0.8495320678681495	0.105	0.24131869483514623	0.7606608688068502	0.0886	0.23938891221318806	0.3740416839291432	0.0972	0.09491303789738503	0.2785746706116145	0.0766	0.0998540754575006	0.3104086147332332	0.12	0.2886824353683136	0.31478641495661386	0.0883	0.6109622126236033	0.8112871291559213	-0.105	0.572785965008711	0.39502405835819066	-0.0886	0.7147358752117201	0.012194357743904066	-0.0972	0.5402181692015421	-0.07142004723486733	-0.0766	0.5819034970120246	-0.0822349787890005	-0.12	0.7717827956771351	-0.025801615915914483	-0.0883	0.5914014469752508	1.35206606582707	0.0	0.5004090870978537	1.5592538917250343	0.0	0.45090654013111986	1.4170337610583241	0.0	0.6598639184974388	1.2923702947979296	0.2016	0.4357391983814069	1.2234676484471756	0.1613	0.33936036291475086	1.345415271985099	0.12	0.5703180790172544	1.3021935014380053	-0.2016	0.32420434987381685	1.222844767174469	-0.1613	0.3113307209633971	1.4065919526074884	-0.12
64	1.0847457627118644	0.5781174302225415	0.8237414969210364	0.0	0.5172071337723962	0.8274300666723688	0.105	0.24931121037025158	0.7294983337191991	0.0886	0.25323629652133334	0.3450899107833514	0.0972	0.10355116071481514	0.2613529892470121	0.0766	0.10853565132352869	0.2767815614226507	0.12	0.30648936546773103	0.2852338459725301	0.0883	0.6109948066578527	0.8135873804498195	-0.105	0.575705185927891	0.3953494867511709	-0.0886	0.7153617652338292	0.011632017505457698	-0.0972	0.5395459213968565	-0.07086117889877691	-0.0766	0.5800443012949369	-0.0819373133436132	-0.12	0.7711623087832314	-0.02713368528597704	-0.0883	0.5909909370440968	1.3532246753035928	0.0	0.5072987299345448	1.5614874270777712	0.0	0.4563773823694066	1.4243525699481876	0.0	0.6641768543347449	1.2934344135612226	0.2016	0.42141261724813495	1.2351240811307957	0.1613	0.3290229941419722	1.3502502245830428	0.12	0.567205517792209	1.303841597219779	-0.2016	0.32489462340715575	1.2164304437129756	-0.1613	0.312431478235216	1.3977220992019774	-0.12
65	1.1016949152542372	0.5785398683865919	0.8289209472720677	0.0	0.523423931888902	0.8368764462860013	0.105	0.2537401259478186	0.7034735828094864	0.0886	0.26628180942820884	0.30964137473571113	0.0972	0.12208323904201868	0.2183440641615561	0.0766	0.1268834060013223	0.24073731421243666	0.12	0.32215973868719977	0.251133730334278	0.0883	0.6095322410961115	0.8241062733836908	-0.105	0.5722454404361734	0.39829454594063296	-0.0886	0.7146469561158079	0.010336397274170725	-0.0972	0.539211303393018	-0.07078667325171092	-0.0766	0.5811784592437292	-0.08269091531598083	-0.12	0.771855051405096	-0.02877547961379677	-0.0883	0.5932460492107132	1.3525901572018928	0.0	0.5026202144178922	1.5679509688950937	0.0	0.45734350026010456	1.4246389043271772	0.0	0.6671438264242473	1.2930696628105305	0.2016	0.40280778124085603	1.2190185921880945	0.1613	0.3264365482691541	1.3357977174236726	0.12	0.564279028331677	1.3062953611233203	-0.2016	0.3222290401067499	1.2127194227140294	-0.1613	0.3116058154916901	1.4002828010904347	-0.12
66	1.11864406779661	0.5775677901799143	0.830014084565351	0.0	0.5255664299823133	0.8468648863747402	0.105	0.26715162812092097	0.6773175263366807	0.0886	0.28254216957839906	0.2846946961573853	0.0972	0.13745412554628075	0.19221497935741413	0.0766	0.14257129064792282	0.2149316141175275	0.12	0.3393575128447638	0.22566758635504316	0.0883	0.6107453947385559	0.8167576361939246	-0.105	0.5731842662704668	0.3983745609398169	-0.0886	0.7136796248186462	0.010080320619754182	-0.0972	0.5404200949700018	-0.0710621787502709	-0.0766	0.5810491789320478	-0.08341160079746875	-0.12	0.7709369530789036	-0.029774399146841726	-0.0883	0.592768458122421	1.353831570833112	0.0	0.5034183719365525	1.5665637036024174	0.0	0.4599196362461466	1.4247217245349533	0.0	0.6678589191036917	1.2920334975260628	0.2016	0.4066075991162722	1.2187173043575195	0.1613	0.3164008245034977	1.322343697208271	0.12	0.5649212487715358	1.3055620247906077	-0.2016	0.3248955823312585	1.2140391501009438	-0.1613	0.3125224065709111	1.3909330127308297	-0.12
67	1.1355932203389831	0.5807867856224935	0.8276321661728726	0.0	0.530023586833348	0.8428318860755146	0.105	0.2767545832441149	0.6508753044286971	0.0886	0.2967350126645592	0.26429729043372535	0.0972	0.15206785201421444	0.16736784814958178	0.0766	0.15766654139829273	0.18553119727938963	0.12	0.3572827961702224	0.20575546506739836	0.0883	0.6111923442712124	0.8113408292814428	-0.105	0.5759341822988113	0.3980703115110364	-0.0886	0.7130385435523834	0.008013823911182494	-0.0972	0.5410733456090512	-0.07192411937294906	-0.0766	0.5797492252111622	-0.08387820501065416	-0.12	0.7698750823560053	-0.03453591439958073	-0.0883	0.5947777365101127	1.3582869015182266	0.0	0.503302776733446	1.5706703310712744	0.0	0.46325883465552065	1.4263450638598556	0.0	0.6697550806681778	1.2925865097924536	0.2016	0.41408439832275906	1.2036790065761318	0.1613	0.3205787106401379	1.3136308541513217	0.12	0.5609599520730976	1.3057034753214893	-0.2016	0.3295075896286124	1.2023596313488318	-0.1613	0.3140239745022733	1.3771371474679164	-0.12
68	1.152542372881356	0.5875416435067489	0.8260330906666631	0.0	0.5293636815236743	0.8370258436347856	0.105	0.2936679657113079	0.6230460910667484	0.0886	0.32309462500094893	0.23663176602143463	0.0972	0.17595119700581205	0.14505903979226425	0.0766	0.18103874966989383	0.1646679007416986	0.12	0.3760530660844245	0.17667362674759476	0.0883	0.612878827258738	0.8108643234424122	-0.105	0.5758447882425328	0.3993626966745612	-0.0886	0.7125275020601662	0.006067158125456551	-0.0972	0.5397272187347771	-0.06922442620557948	-0.0766	0.5790851027577255	-0.08262069067889584	-0.12	0.7700732417175794	-0.03781790063626658	-0.0883	0.5920075326678473	1.3608635266320381	0.0	0.504605363066421	1.5720631466393287	0.0	0.46417589819377386	1.4301160393701562	0.0	0.6698471934821135	1.2926031418013126	0.2016	0.4362466865802197	1.2011114839925452	0.1613	0.331422092602119	1.3105304572790684	0.12	0.5594077553204829	1.304095642944611	-0.2016	0.33310924119960245	1.1886074932023731	-0.1613	0.3157561535613429	1.36125651626463	-0.12
69	1.1694915254237288	0.5896638443566362	0.8265849837167996	0.0	0.5349116110775219	0.8384701816707507	0.105	0.3058032749155756	0.6041892463204741	0.0886	0.3328464613096938	0.20366710466549545	0.0972	0.17785620394469634	0.11495431039284588	0.0766	0.1871306957845002	0.138566375484096	0.12	0.39274973961923143	0.1496544770939123	0.0883	0.6123786616084613	0.8172079562821161	-0.105	0.57244088364881	0.4000020496756797	-0.0886	0.7110818397694703	0.009431324692730433	-0.0972	0.5385601737424671	-0.06791316054314939	-0.0766	0.5779783438660635	-0.08198571500353549	-0.12	0.770101853280634	-0.032581736749488596	-0.0883	0.591893969074874	1.3578879134124076	0.0	0.5035623519016356	1.5727926460580592	0.0	0.4664383999014353	1.4281545180429958	0.0	0.6690471686433441	1.297228102625561	0.2016	0.4309485672409654	1.1769094832319433	0.1613	0.3325218000757876	1.3013680295320544	0.12	0.5630458429083776	1.3070502809253515	-0.2016	0.33665846626872753	1.1834247947124692	-0.1613	0.3136412156529179	1.3668710863306437	-0.12
70	1.1864406779661016	0.5884608798270357	0.8265011709544671	0.0	0.538559687751757	0.8326792718343651	0.105	0.3220930221650709	0.5711792608663612	0.0886	0.34758141765455386	0.1794369631438933	0.0972	0.19580507489962298	0.09093833768310614	0.0766	0.20113321071726478	0.11430578760087722	0.12	0.40398657184528564	0.12034011112997346	0.0883	0.6109405908943397	0.8188751295713053	-0.105	0.5726063351047428	0.40257095496782197	-0.0886	0.7098349121782777	0.012868222210819513	-0.0972	0.5387107507537914	-0.06754177587522192	-0.0766	0.576899584799049	-0.08158323363716963	-0.12	0.770207784594053	-0.03149068414523337	-0.0883	0.5905065693254736	1.3570772797234234	0.0	0.5041407282284925	1.5735930400906895	0.0	0.4624659280059331	1.4278608236945687	0.0	0.6678149936543272	1.2987050256484014	0.2016	0.4079344251541727	1.1678199062150916	0.1613	0.3228240025661665	1.2997625307270602	0.12	0.5620631355474087	1.3078965228771258	-0.2016	0.34023002972585065	1.1788781748173005	-0.1613	0.31161868971207163	1.3676029413822444	-0.12
71	1.2033898305084745	0.5872957779153901	0.8254856121203462	0.0	0.5384896435767481	0.8298100250804358	0.105	0.3384160493610972	0.5430824140548677	0.0886	0.36262141066674436	0.1552355979607598	0.0972	0.2067263678254647	0.0658316248267127	0.0766	0.2122158599802908	0.08939152280148877	0.12	0.4144990172650147	0.09589743582539578	0.0883	0.609045257001346	0.8190577895252135	-0.105	0.5715621712307993	0.40492799620370507	-0.0886	0.7103796194299784	0.013461836534689575	-0.0972	0.5381366127486575	-0.0672056595479405	-0.0766	0.5777551649000324	-0.08058608975939192	-0.12	0.7709165799981903	-0.03237991937108352	-0.0883	0.5887121251542854	1.3570942434161488	0.0	0.5037728304874883	1.573652341280107	0.0	0.4634425660683778	1.4280188077586242	0.0	0.6680369057339326	1.2989220727046928	0.2016	0.4239606648940535	1.1531169607368061	0.1613	0.3377088713588131	1.2972419789327214	0.12	0.5592723666537105	1.3079944531172392	-0.2016	0.34375586846086376	1.1699086021017515	-0.1613	0.31049011870961984	1.3628691405208542	-0.12
72	1.2203389830508475	0.5920979952228603	0.8172013275025223	0.0	0.551693321293355	0.8173102385678165	0.105	0.36311828721294953	0.5278680030444414	0.0886	0.3754743997325787	0.13058504511061483	0.0972	0.21962422083292957	0.03967536949645959	0.0766	0.23117632151520937	0.06479199054377893	0.12	0.42558035915392173	0.07799541503253184	0.0883	0.6045506856565162	0.8179296903141531	-0.105	0.5735171871916311	0.4014548270602232	-0.0886	0.7108886617693159	0.012307744930342424	-0.0972	0.5388416709278171	-0.06596302665582046	-0.0766	0.5782427094717101	-0.07907390059725851	-0.12	0.7718244361187986	-0.03529858936276613	-0.0883	0.5895806714755245	1.3592034836321498	0.0	0.507408212426866	1.5664825623189698	0.0	0.4661278334667391	1.4235566399784552	0.0	0.6743155680761818	1.2948252823164454	0.2016	0.4909616237386988	1.1854962752800413	0.1613	0.3382852118194458	1.2863171666584092	0.12	0.5506929308376366	1.3052534230633255	-0.2016	0.34318272807018263	1.1618688271627797	-0.1613	0.3146282251346885	1.3311167485976625	-0.12
73	1.2372881355932204	0.5932848887169146	0.8182237370784902	0.0	0.5502197555281274	0.8253356412896999	0.105	0.38815692098520804	0.5011174286100939	0.0886	0.3829186777866249	0.10399537940714965	0.0972	0.22429828254770662	0.007070361332419443	0.0766	0.23399630815883898	0.03430721531300387	0.12	0.4285633999983412	0.048923642367902094	0.0883	0.6056878513027337	0.8197651858583477	-0.105	0.5696068944054551	0.40159476561008717	-0.0886	0.7112553956330488	0.01330858084870859	-0.0972	0.5392689466509498	-0.06492413768618516	-0.0766	0.5790385704662794	-0.0790008950504566	-0.12	0.77253393744415	-0.03502624978733625	-0.0883	0.5896614424742863	1.353782881218948	0.0	0.505300523745027	1.564890885512745	0.0	0.4635726698165608	1.4211083183043294	0.0	0.6714396039509338	1.2958433888273102	0.2016	0.4661232935747304	1.1553851900202265	0.1613	0.344387361804503	1.2803643842262937	0.12	0.5525034242922496	1.3050069427378115	-0.2016	0.350513958397631	1.1487303307415986	-0.1613	0.313783849976344	1.3202326389688526	-0.12
74	1.2542372881355932	0.5898527100655133	0.8150029469415969	0.0	0.5456406020925895	0.819589259086971	0.105	0.41452624538861327	0.4694473461554404	0.0886	0.38446246419389896	0.08143333793415847	0.0972	0.22365402192146974	-0.0030168793745735285	0.0766	0.2333797485701429	0.025550484813423376	0.12	0.43021048156002883	0.021807767168068686	0.0883	0.6053262946728164	0.8174275747206536	-0.105	0.568600097570477	0.4003814826691014	-0.0886	0.7109006131321939	0.013405526874613091	-0.0972	0.5391190098351551	-0.06516316680562323	-0.0766	0.578465895733569	-0.07983554056985871	-0.12	0.7723208205973645	-0.03574555287683545	-0.0883	0.5884670331814033	1.3507473812316515	0.0	0.5008066177035363	1.564470434769757	0.0	0.46395265090509735	1.4238786961855012	0.0	0.6679799958255535	1.2965866939721262	0.2016	0.4377432347699278	1.1410734101396443	0.1613	0.3407501198746774	1.2707876887868428	0.12	0.5570283956958751	1.3057166496187627	-0.2016	0.3590419943568591	1.1397746663489832	-0.1613	0.31132027493071374	1.3194798925559292	-0.12
75	1.271186440677966	0.5916724574807821	0.816806848184632	0.0	0.5490288883021337	0.8183306646558243	0.105	0.44052843483068205	0.45815666597111526	0.0886	0.39455170600298645	0.07370181331568752	0.0972	0.22900645549997395	-0.01176308619807297	0.0766	0.24274078309273964	0.017322812230565338	0.12	0.4363510016196368	0.013517720383041741	0.0883	0.6032298426434644	0.819016551040572	-0.105	0.568739398289231	0.40044957561306904	-0.0886	0.7105932674761409	0.012959761235077513	-0.0972	0.5397656815310545	-0.06558896290647989	-0.0766	0.5770087782382017	-0.08086081645590797	-0.12	0.7724226449147545	-0.03781965259489985	-0.0883	0.5875956096730066	1.350213536755311	0.0	0.49587408897808677	1.5642703193183076	0.0	0.46412440008403777	1.4218766591738947	0.0	0.6693852860510026	1.297093394037074	0.2016	0.4357867038371731	1.1233544250089569	0.1613	0.33556642211276616	1.2601670142016965	0.12	0.5510971832257171	1.3051220921288573	-0.2016	0.3645889766173197	1.1348517730394385	-0.1613	0.3094917955806412	1.305605604707488	-0.12
76	1.2881355932203389	0.5954982782240724	0.8080785173843705	0.0	0.5600453522149194	0.8114973386209943	0.105	0.4591114535074703	0.4470772228808727	0.0886	0.4058764576049763	0.06632513771138104	0.0972	0.23591154298947012	-0.010941281616027698	0.0766	0.2484258895583585	0.014216515887387546	0.12	0.44785983499347226	0.007280800047199401	0.0883	0.5933499371476001	0.8121373576811373	-0.105	0.5689453744490462	0.3984465452333287	-0.0886	0.709852717307804	0.011783853587083656	-0.0972	0.5438420832071154	-0.06573732736259814	-0.0766	0.5798319112122448	-0.08086517236143372	-0.12	0.7724066148168452	-0.037999384344167275	-0.0883	0.5821385232039161	1.3523380945298995	0.0	0.49725660653128545	1.5620459322722682	0.0	0.4617091617188994	1.4201411212252868	0.0	0.6731716876610646	1.2919823792488463	0.2016	0.48810653030202045	1.1434353315207622	0.1613	0.34240551648355366	1.2201449077764732	0.12	0.5467929025858271	1.299745410454487	-0.2016	0.36300456963751554	1.1164091699397773	-0.1613	0.31463279383109566	1.2931734772537906	-0.12
77	1.305084745762712	0.6020629751988381	0.812866834356634	0.0	0.5838517914212874	0.8198857892790972	0.105	0.4811452406800395	0.44237772365643235	0.0886	0.4129389416468021	0.06149165719480279	0.0972	0.23281023457648395	-0.013849882199832526	0.0766	0.24727919880131066	0.01085421879187409	0.12	0.449425260267559	-0.004496958779784795	0.0883	0.5955171458867242	0.8154449203437497	-0.105	0.5678359433153007	0.40336715706418236	-0.0886	0.7100993387921537	0.014725377924276375	-0.0972	0.5452663276270024	-0.06595539042664697	-0.0766	0.5810361011468589	-0.08101603076611337	-0.12	0.7723405826771605	-0.03749113994254791	-0.0883	0.5790712723411816	1.3510976917397455	0.0	0.48736318334778345	1.5601468419571378	0.0	0.4640024155072265	1.421165753915836	0.0	0.6742055891420096	1.2934420933281534	0.2016	0.4919199724840725	1.0926457694142917	0.1613	0.35508628737385745	1.2193465196083764	0.12	0.5414151387279121	1.2997514366584297	-0.2016	0.36972849643054917	1.1075267567038853	-0.1613	0.3104703362893192	1.2672553278728942	-0.12
78	1.3220338983050848	0.6060396496506594	0.8157284676629717	0.0	0.6074804012597204	0.8219730737158174	0.105	0.497234975662294	0.4330321235348948	0.0886	0.42008201479884044	0.057198311717910975	0.0972	0.2379786170082786	-0.013746965862712995	0.0766	0.2530091687499504	0.01138095284996421	0.12	0.4527908709018518	-0.013444423394406498	0.0883	0.5946932375893524	0.8157159143377335	-0.105	0.5667279805270804	0.40354503185576085	-0.0886	0.709575954477145	0.01833683433176108	-0.0972	0.5483032141633215	-0.06595582233777364	-0.0766	0.5834358189240458	-0.08116322872519532	-0.12	0.7721442505934277	-0.03781460316797303	-0.0883	0.5770213467940191	1.3502461451888685	0.0	0.4844854382211412	1.5566777135567091	0.0	0.4638318726279931	1.4215115068701396	0.0	0.6738181098394262	1.2937680863134398	0.2016	0.500280726618303	1.0803558422130475	0.1613	0.3858597788588054	1.2072937745714631	0.12	0.5349665189178057	1.2992517716675946	-0.2016	0.37473649167011314	1.0922398385798127	-0.1613	0.3082780512954711	1.2599885959292259	-0.12
79	1.3389830508474576	0.6126419339017595	0.8149335806389064	0.0	0.6269554864427744	0.821838004400012	0.105	0.5005998369497214	0.4325476944981932	0.0886	0.4247586646802132	0.05202245615584014	0.0972	0.24202083218907736	-0.013542489867349204	0.0766	0.26052556433701857	0.015863662557657716	0.12	0.4570953949419793	-0.013554487467137152	0.0883	0.5923357469902775	0.814197096694609	-0.105	0.5676206227597285	0.4028308093738744	-0.0886	0.7097726523393051	0.01872940268172711	-0.0972	0.5531924822547429	-0.06556287289950159	-0.0766	0.5858000490260447	-0.08127688753770114	-0.12	0.7725590616338787	-0.03878597421407473	-0.0883	0.5740941769899839	1.350038931883682	0.0	0.48542826389775806	1.5558376100943632	0.0	0.46432308780636655	1.4200246579503497	0.0	0.6746273614666523	1.2925305963404599	0.2016	0.6014207675077463	1.07318890393557	0.1613	0.43291415136994804	1.1535577187233654	0.12	0.5318662092070762	1.297288264588944	-0.2016	0.38305218847606304	1.0797007009412778	-0.1613	0.31703630376642106	1.2239539843567673	-0.12
80	1.3559322033898304	0.6167351333756941	0.8060327222146406	0.0	0.6510279476841584	0.820187773605541	0.105	0.5035651041702861	0.44294347207189083	0.0886	0.4341801245807219	0.049039901068544826	0.0972	0.25342854135010284	-0.002869738468485008	0.0766	0.2699620192194937	0.01908947302838429	0.12	0.4677396399983348	-0.0062149989646998055	0.0883	0.5881826032911102	0.8074917777253228	-0.105	0.5702258065735197	0.4020591260155497	-0.0886	0.7091050609443591	0.018100142843303135	-0.0972	0.5535516275590755	-0.0652066613049523	-0.0766	0.5869168678664903	-0.08108253820512729	-0.12	0.7728645707696554	-0.041601939562434756	-0.0883	0.5694714007548052	1.3480830598645	0.0	0.48315382369375914	1.5547178322817827	0.0	0.45449909844258146	1.4170859530339932	0.0	0.6721140663438884	1.2877077112628799	0.2016	0.5557171514350062	1.1172934700780028	0.1613	0.40719871903818106	1.1988574366735603	0.12	0.5302204575548913	1.2918902531237897	-0.2016	0.38837087352909705	1.070633711782664	-0.1613	0.31803269868500855	1.223837054124581	-0.12
81	1.3728813559322033	0.622278430273596	0.8129100666204477	0.0	0.6458088954948897	0.8223109956633085	0.105	0.5055252532433058	0.4437374953678935	0.0886	0.4381756722114715	0.05690122772993485	0.0972	0.2571733526708027	-0.008288643632217617	0.0766	0.27180447176670297	0.01647001764454863	0.12	0.470510714756719	-0.008326089474916532	0.0883	0.5964071071356714	0.8082387296019811	-0.105	0.5692584693916647	0.403222647072349	-0.0886	0.7097730292584374	0.018404898481726016	-0.0972	0.5564811115108547	-0.06540806675748781	-0.0766	0.5892567907510815	-0.08130190420867751	-0.12	0.7730510442756638	-0.03988115885012099	-0.0883	0.5677336622593847	1.346710493770885	0.0	0.4719706619850052	1.5535019065029079	0.0	0.452272129295426	1.414307273704391	0.0	0.6704525280239263	1.2901938118424758	0.2016	0.6319907384607375	1.0822228711591306	0.1613	0.4243548641377106	1.162640308672302	0.12	0.5259523845333601	1.291625069536681	-0.2016	0.400455338431585	1.0589830564262992	-0.1613	0.32025970477587296	1.2097335718687898	-0.12
82	1.3898305084745763	0.6301761775259462	0.8154290216213751	0.0	0.6536294451789226	0.8237755671439541	0.105	0.4981868556228185	0.4463221150432044	0.0886	0.4403633327727746	0.05368579575529284	0.0972	0.2622049811528114	-0.007864578851803656	0.0766	0.2762805875174597	0.021235226394944844	0.12	0.472778512632087	-0.007899897693806071	0.0883	0.6064258893193065	0.8092465257538004	-0.105	0.5692348852333368	0.40528533993515525	-0.0886	0.7113148790447829	0.0185356238565295	-0.0972	0.5581074989651562	-0.06539077952459826	-0.0766	0.5916246311583696	-0.08108867877951817	-0.12	0.773561538407299	-0.03932444561878669	-0.0883	0.562177359532622	1.3452022196063953	0.0	0.4689010148695937	1.5503198269843024	0.0	0.452736569472383	1.4157193426914216	0.0	0.6684389367978232	1.2930209683406217	0.2016	0.645118966253421	1.0694850339454762	0.1613	0.4501994054772619	1.1380027102085875	0.12	0.5199957403608905	1.290158704681307	-0.2016	0.4100291476538556	1.0471304033287776	-0.1613	0.3235569267073468	1.188601790095151	-0.12
83	1.4067796610169492	0.6338483902004882	0.8114055564281715	0.0	0.6522617924024309	0.8176691156115747	0.105	0.49118979498549903	0.45416190479696045	0.0886	0.4405783099801175	0.06142172723041521	0.0972	0.26508170239699586	-0.003664942703554379	0.0766	0.2794042204694172	0.021028530714362337	0.12	0.4734683891119686	0.0005763289948089792	0.0883	0.6151358604451979	0.8044954225201099	-0.105	0.5687626296073406	0.4049793107263801	-0.0886	0.7105381589151251	0.018295341480066507	-0.0972	0.5597371095610497	-0.06360450213936683	-0.0766	0.5908792850872407	-0.07962477764504078	-0.12	0.7755587388601525	-0.03789325057332231	-0.0883	0.5538466219651407	1.344922168096385	0.0	0.46286442081236	1.5456223495803825	0.0	0.4462684798366989	1.4137477167015673	0.0	0.661740635995939	1.2920927076238578	0.2016	0.6574364606726549	1.0574833494908422	0.1613	0.4754361107774841	1.0980804537639335	0.12	0.5164934508063987	1.2866583976045651	-0.2016	0.42286639154069167	1.035395204799605	-0.1613	0.3212405500172832	1.1693455941764637	-0.12
84	1.423728813559322	0.6417549363025574	0.8070094279371867	0.0	0.6591754332715196	0.8091687082534644	0.105	0.480093625000269	0.46642038643993544	0.0886	0.4393690311142695	0.061333663022999585	0.0972	0.26888185169025264	0.003145635597730019	0.0766	0.28152991939094746	0.02440389603004934	0.12	0.4732700280151877	0.0068952524455146574	0.0883	0.610567784529074	0.7958001502156924	-0.105	0.5713717302308554	0.40373749556725386	-0.0886	0.7096192266398906	0.018970756423151804	-0.0972	0.5612815595499492	-0.06112957860061012	-0.0766	0.5912773493959051	-0.07779036588229633	-0.12	0.7744701461554928	-0.03778407159966429	-0.0883	0.5381994103813877	1.3497393284095978	0.0	0.46368332439531446	1.543428218259392	0.0	0.4261402786430023	1.4115281075008046	0.0	0.6526453890758968	1.291240521219874	0.2016	0.663746486857483	1.0375318318238593	0.1613	0.5287389169231059	0.788611689411608	0.12	0.5089855962501044	1.277296350411125	-0.2016	0.421916610054616	1.026406702973791	-0.1613	0.3223827282419671	1.1390285920382852	-0.12
85	1.4406779661016949	0.6465087147384742	0.8105186404152119	0.0	0.6496817657832038	0.8147437527353614	0.105	0.473689146870679	0.4696598335098618	0.0886	0.43252694561217736	0.06777302728288631	0.0972	0.26740538574439776	-0.0007220101894607027	0.0766	0.2812866587562941	0.023725422652041778	0.12	0.46735637673649744	0.007597206516092761	0.0883	0.6244334858857559	0.8024109172077649	-0.105	0.5651248003812658	0.40066863221246624	-0.0886	0.7090343099493208	0.01948591837947431	-0.0972	0.5635669178019936	-0.06179937437541691	-0.0766	0.5937514423382659	-0.07842390774544844	-0.12	0.7748065672855574	-0.03453534217622321	-0.0883	0.5372050131053916	1.3434074201590562	0.0	0.4426572787659171	1.540890580429745	0.0	0.42530670524296293	1.4106995277094936	0.0	0.6530723446602517	1.2895392876359406	0.2016	0.685800549848741	1.0298272421208867	0.1613	0.5364095612474273	0.8094313781104342	0.12	0.5061621430118877	1.2799525192790346	-0.2016	0.4403432573985377	1.0205455763943123	-0.1613	0.31826864022013396	1.1111851157438417	-0.12
86	1.4576271186440677	0.6486392126161548	0.8099154334301519	0.0	0.6480749644735524	0.8103610670830331	0.105	0.4651381831646687	0.47347324783164646	0.0886	0.42956852292322995	0.07702667688507514	0.0972	0.26875265363220097	0.007922855406175495	0.0766	0.2787061298677849	0.03620898673537187	0.12	0.462007187538624	0.015782356245370256	0.0883	0.6326865557866025	0.7989532442792426	-0.105	0.5549848023323667	0.3987758534898348	-0.0886	0.7067594978275159	0.019689638435938704	-0.0972	0.5641386632059479	-0.06126454605383185	-0.0766	0.5939100231984832	-0.07885054507968939	-0.12	0.7752579146239522	-0.03306228888385922	-0.0883	0.5299269171885809	1.3351616465153422	0.0	0.43176988309167275	1.5319620290717788	0.0	0.4170635446418459	1.401963965350567	0.0	0.6502308075541217	1.2841005120093816	0.2016	0.6946228346823679	1.0152544535215662	0.1613	0.5455225454479046	0.8072882848906924	0.12	0.5011228478588367	1.2757019584298128	-0.2016	0.45613378105806957	1.0155196432232823	-0.1613	0.316883463233036	1.0749009062186428	-0.12
87	1.4745762711864407	0.6598578991625771	0.8064253830382032	0.0	0.6423628078513198	0.8036797274529794	0.105	0.4571527655785345	0.4874563469180694	0.0886	0.4227391505353803	0.0891313307881161	0.0972	0.25981614454884333	0.015456939569419107	0.0766	0.27347215380496215	0.04007053419661251	0.12	0.45857530457489126	0.02440602339301292	0.0883	0.6431727353223657	0.7900128517025568	-0.105	0.551541988126059	0.3958139353391379	-0.0886	0.7064261872557422	0.021344824328697692	-0.0972	0.5644231042975696	-0.058196819786721095	-0.0766	0.5901568083189187	-0.0786021107186526	-0.12	0.7738140216494137	-0.030677912963853887	-0.0883	0.5263840704874994	1.322313960571825	0.0	0.4167868343104982	1.5121551459413893	0.0	0.40764536424118514	1.38323624134565	0.0	0.6438555747330037	1.2753903391223493	0.2016	0.6964093001272376	1.0044023643840247	0.1613	0.5441565182202859	0.79856698081374	0.12	0.49023140621637307	1.2623980341849341	-0.2016	0.46574197730893563	1.000305974610708	-0.1613	0.3272022761007462	1.0295450311700176	-0.12
88	1.4915254237288136	0.6759458978130535	0.7919453141308294	0.0	0.646113915098588	0.7773763949555764	0.105	0.45271722897981914	0.495183542271581	0.0886	0.4160913982846848	0.1059835400957913	0.0972	0.261779441088103	0.02979435207932518	0.0766	0.2742412239018544	0.05120676998112304	0.12	0.45367382406381634	0.042421339802403146	0.0883	0.6385901530629299	0.7674170269879981	-0.105	0.5553966783910089	0.39196914996138976	-0.0886	0.7060761183835402	0.02104690395501238	-0.0972	0.5590786261044909	-0.05826188134388053	-0.0766	0.5894659589993778	-0.07874668863539915	-0.12	0.7733409613093821	-0.03226322239895839	-0.0883	0.5112135331964766	1.3249710166800845	0.0	0.4283816854607756	1.5001943275270564	0.0	0.4041491208178884	1.3759953868819237	0.0	0.6420746093348639	1.2649234917277057	0.2016	0.6937192245092364	0.9973538987791073	0.1613	0.543071729017445	0.7798926076031096	0.12	0.4851624201763285	1.2389277017911724	-0.2016	0.47534407874823154	0.9803106262659579	-0.1613	0.33547287440018997	0.9998385822818919	-0.12
89	1.5084745762711864	0.6743718693703604	0.7852839671999626	0.0	0.6356868856941761	0.7792462008059731	0.105	0.4491061331284096	0.5006648142440806	0.0886	0.40911402845734246	0.10677419577787428	0.0972	0.24671294795840704	0.03963758420910809	0.0766	0.2598000304832696	0.06369074774987205	0.12	0.4452961712177098	0.04709127060056612	0.0883	0.65777137407192	0.7676484334004942	-0.105	0.5394610946022004	0.3932344530901633	-0.0886	0.7050748786956792	0.022365961757239365	-0.0972	0.5572755454924094	-0.05913210634737431	-0.0766	0.5854538783549956	-0.07921132471494684	-0.12	0.7698424666582485	-0.024540612329644912	-0.0883	0.5165562888689117	1.2965290211402893	0.0	0.4073449032514837	1.4793468163400771	0.0	0.39617438346158895	1.3534168234468984	0.0	0.6406058557844454	1.2464923790376408	0.2016	0.6874887524392183	0.9816744066019419	0.1613	0.52088882772493	0.819825589523504	0.12	0.4811697095857457	1.2304764946722293	-0.2016	0.484736235197727	0.9645714288318203	-0.1613	0.33166078546133393	0.9374069946985155	-0.12
90	1.5254237288135593	0.683927690953527	0.7683464047520018	0.0	0.646840346054518	0.7514234550465071	0.105	0.44635480365206304	0.5050625711987689	0.0886	0.3978142036946342	0.11196511067123702	0.0972	0.23895211449676967	0.0752751518043577	0.0766	0.2542033895602008	0.0896781580401234	0.12	0.43146811256691264	0.056220924142626555	0.0883	0.6638988883471431	0.7423301107494558	-0.105	0.5410741742884526	0.3907329683077657	-0.0886	0.7065559939113215	0.020670715541846164	-0.0972	0.5527933801372414	-0.0602683255810629	-0.0766	0.5785391632770363	-0.08003242513333574	-0.12	0.7683266163211431	-0.02610098732201653	-0.0883	0.49872357216079544	1.3015257218964416	0.0	0.41581949507378546	1.4577065479397964	0.0	0.39012208023033446	1.3354438695858417	0.0	0.6272293250663664	1.2376970333371333	0.2016	0.6673317867888754	0.972705540689159	0.1613	0.4890594867202678	0.8406882547429682	0.12	0.4802636226911404	1.2016033248655422	-0.2016	0.4856311769737365	0.9430401269580138	-0.1613	0.34351795159650483	0.8914225782122688	-0.12
91	1.542372881355932	0.687311585044376	0.7657021059613984	0.0	0.6381910068701142	0.7588225446327918	0.105	0.43910073345466744	0.5127114613661078	0.0886	0.3822630517586198	0.12955175700383217	0.0972	0.23447688461207822	0.09851326609703448	0.0766	0.2516250163357381	0.11693826900468607	0.12	0.4157688665253129	0.0717055785137448	0.0883	0.6765901840925683	0.7486183568346754	-0.105	0.529161833123312	0.386685393000385	-0.0886	0.7037702481979452	0.020608649215689542	-0.0972	0.5467179008335357	-0.061828839535746624	-0.0766	0.5780428412066224	-0.08026173713438492	-0.12	0.7659482603023261	-0.024820781129660296	-0.0883	0.49046609608358704	1.26967755148285	0.0	0.39683330703986835	1.4497498619633429	0.0	0.3827559519238427	1.326474641234034	0.0	0.6132820127034109	1.2255691731437084	0.2016	0.6715553664366917	0.985656268341531	0.1613	0.43441864568441096	0.8573760338639884	0.12	0.47840937771142106	1.1803085970837404	-0.2016	0.4985180985616702	0.9355875301987371	-0.1613	0.364927543455506	0.8204567218577048	-0.12
92	1.5593220338983051	0.7002102513939057	0.7468719727175562	0.0	0.6284208758171484	0.7252540884792497	0.105	0.43960960950751005	0.530793481378911	0.0886	0.3731558782632637	0.15758336330114314	0.0972	0.23125809860852187	0.12166362599429006	0.0766	0.24681366373064126	0.14119033336954026	0.12	0.4036410017581434	0.09157789610416006	0.0883	0.680052477646569	0.7175047849250508	-0.105	0.5240103828952108	0.37190369284521535	-0.0886	0.7015422558694691	0.020443087592471203	-0.0972	0.5452331767317744	-0.06341530718746609	-0.0766	0.5746690389689978	-0.08066989694835838	-0.12	0.7673106705693408	-0.025985358252060345	-0.0883	0.4846083197901001	1.254508790768373	0.0	0.39837421097358766	1.418764499405243	0.0	0.37627947654839866	1.3150312699852482	0.0	0.6048960592796591	1.2064679068103215	0.2016	0.674729379187324	0.9598013113323512	0.1613	0.4282559602314811	0.8368537049722256	0.12	0.47510009012804366	1.1541000240883426	-0.2016	0.5105941612191953	0.9106117191534249	-0.1613	0.3994664250304051	0.7773491625982739	-0.12
93	1.576271186440678	0.697773125872537	0.7430134518473906	0.0	0.6267217811091568	0.7304409060430818	0.105	0.4326105941174576	0.5268166379367804	0.0886	0.3578259259455905	0.16467121651850797	0.0972	0.2167186087191281	0.16329627392274712	0.0766	0.23230024306127126	0.17592868158628033	0.12	0.3957566607783768	0.09746616868322586	0.0883	0.6962052021156167	0.7187563272757241	-0.105	0.5079310542669426	0.36874494859503	-0.0886	0.6987019526550053	0.019674467012403232	-0.0972	0.5485802603413884	-0.065163745552275	-0.0766	0.5819481365962516	-0.08006910477014408	-0.12	0.7665778676325982	-0.017032359971872607	-0.0883	0.4853268624679372	1.2216511762526592	0.0	0.37890558796350443	1.4065181416152719	0.0	0.36692200390315544	1.2825297799073434	0.0	0.6011261403621683	1.1891985273516246	0.2016	0.6816560120972082	0.9591091389704758	0.1613	0.43673372906709673	0.8279168874474169	0.12	0.4735743959654684	1.134778545702316	-0.2016	0.5155694437601357	0.8942405355384654	-0.1613	0.4175879106854431	0.7642945440134898	-0.12
94	1.5932203389830508	0.7058972876102918	0.7348676952443173	0.0	0.6342002829753592	0.7231222902471758	0.105	0.4286683923729814	0.5125068172499226	0.0886	0.3512061753872502	0.18084209783415403	0.0972	0.2098579012139231	0.18354969595792603	0.0766	0.22536360014057338	0.1918401480644554	0.12	0.3854125486760177	0.11586319463141215	0.0883	0.7096651207377808	0.7115436375264024	-0.105	0.4991399340183852	0.3648894709072649	-0.0886	0.6967412157870108	0.02065786121044145	-0.0972	0.550625657017436	-0.06639706364575909	-0.0766	0.5886007950102895	-0.07947401669803113	-0.12	0.7651015564365867	-0.012618544547881569	-0.0883	0.4805089230299606	1.1903140933513057	0.0	0.36676692541395584	1.3790554436798148	0.0	0.3776934431363156	1.2700381656382391	0.0	0.594466392637237	1.167910151803877	0.2016	0.6737701548759886	0.9485126657154732	0.1613	0.43373982578828774	0.8186019955526316	0.12	0.47476100596500176	1.1136258962601746	-0.2016	0.5265732798909181	0.870903263992559	-0.1613	0.43646859520372483	0.6854572212305376	-0.12
95	1.6101694915254237	0.7181860569402237	0.7254518218096202	0.0	0.6610894854829901	0.7189835870119562	0.105	0.4355912000088011	0.5079667942858191	0.0886	0.3491491574815752	0.19798208297814662	0.0972	0.21126198684678593	0.21155542043192824	0.0766	0.22636809850823428	0.21981200000476098	0.12	0.37840803039226484	0.1334319935789975	0.0883	0.7129434675500353	0.7047526738317285	-0.105	0.4964902455241856	0.3605243107361512	-0.0886	0.6928106904251533	0.021771519749997338	-0.0972	0.54995553586016	-0.067276130592441	-0.0766	0.5875998887214231	-0.07841650633970554	-0.12	0.7602290912144062	-0.011414675106202504	-0.0883	0.4785811126279079	1.1594061906890591	0.0	0.34460692724621717	1.350020393198465	0.0	0.36742079269692723	1.2453164274258128	0.0	0.5872071585545001	1.1451352355555426	0.2016	0.6670441313544514	0.9417255473834286	0.1613	0.4208399988468664	0.8184661871841995	0.12	0.4739587522107027	1.0870835584105285	-0.2016	0.5385489695918309	0.8444311549706695	-0.1613	0.4572439900725899	0.6103313745746625	-0.12
96	1.6271186440677967	0.7351474503472718	0.6978196442207149	0.0	0.6736808280347197	0.675728315982737	0.105	0.4565958303585429	0.5384867940216022	0.0886	0.35300961917437224	0.22543609892887104	0.0972	0.21911945140470948	0.24193063079518046	0.0766	0.23553694968449249	0.24968479564225118	0.12	0.37317553023098704	0.15128451228068815	0.0883	0.7121072228069052	0.6553570625131522	-0.105	0.5002856680041927	0.3543153875991563	-0.0886	0.696700761596117	0.021663505371517712	-0.0972	0.5459688760891837	-0.06673333801381488	-0.0766	0.5838406256677933	-0.0781073852547587	-0.12	0.7607060989270281	-0.016752736142393046	-0.0883	0.46277138400654216	1.1607594885195645	0.0	0.3771103617528312	1.323187776058543	0.0	0.36101046431492306	1.2336172186533925	0.0	0.5805464898606607	1.1224052990169773	0.2016	0.6649347634359579	0.9121896408758949	0.1613	0.44313361188398614	0.8244524769058904	0.12	0.47226965264927645	1.0577176980939496	-0.2016	0.5485552033625887	0.8070741823795943	-0.1613	0.5111200468341349	0.5806446613345415	-0.12
97	1.6440677966101696	0.7497368147618131	0.6999049699311894	0.0	0.731588847098401	0.6971517303102372	0.105	0.455384748025149	0.5478999079042814	0.0886	0.35274156841686294	0.2364376374223724	0.0972	0.22366250498639537	0.255418192652447	0.0766	0.23828172109795293	0.2672869575558568	0.12	0.3710822524028029	0.18095663575615403	0.0883	0.7315191089576946	0.668706301628225	-0.105	0.4926322274274538	0.36037162978661685	-0.0886	0.6949365991459041	0.02129984617048588	-0.0972	0.5463634661249848	-0.06496306570687715	-0.0766	0.5795719308273376	-0.07892285052291748	-0.12	0.7537545378827402	-0.020986873227476346	-0.0883	0.4701522246620534	1.1066237972635993	0.0	0.3446658051851961	1.3013228519637687	0.0	0.3757779317189235	1.1940991134898618	0.0	0.5784832208666515	1.0983368372740072	0.2016	0.621737632783625	0.9237390084088284	0.1613	0.4230690909699835	0.8173242534059071	0.12	0.47455449247233006	1.032333878215378	-0.2016	0.5593277598747008	0.7880419629925141	-0.1613	0.543131597048058	0.5540156202403984	-0.12
98	1.6610169491525424	0.7617760734339832	0.6787779146626737	0.0	0.7628825065003273	0.6603740520063515	0.105	0.4764751529884554	0.5477415187779429	0.0886	0.35581916200999403	0.26792892222325254	0.0972	0.22504992726256884	0.3031675755288786	0.0766	0.2468370326164134	0.31147542244644916	0.12	0.36535548982929344	0.2016200360026279	0.0883	0.7313690982455948	0.6229227389256144	-0.105	0.4943664973279764	0.3527367935641202	-0.0886	0.6939428451806487	0.023804668222698847	-0.0972	0.5425383460928334	-0.06468743706644285	-0.0766	0.5699913001685428	-0.08018037742002045	-0.12	0.7570746845879008	-0.01911820257783456	-0.0883	0.46152697751847527	1.0943924087063128	0.0	0.3762585885921915	1.2557230044861263	0.0	0.3461321120686501	1.1544825228336828	0.0	0.5796726206560705	1.0809761659518	0.2016	0.639341584408344	0.8985299728426515	0.1613	0.41630096843811315	0.8453919978488554	0.12	0.4794629578731013	0.998534186680239	-0.2016	0.5671872713403763	0.7625684819352685	-0.1613	0.5763629143666185	0.5352915842604942	-0.12
99	1.6779661016949152	0.7726141278850572	0.6652179125802588	0.0	0.7879753623788607	0.6569208449889947	0.105	0.5029079811504457	0.5654117425724804	0.0886	0.357643243104171	0.29549373652990746	0.0972	0.23017498714826373	0.3531181552464397	0.0766	0.25702989751474264	0.35011776535930017	0.12	0.36688850849068944	0.22707422088362747	0.0883	0.7366278920513867	0.609570637588575	-0.105	0.4957161616010622	0.3483681779548827	-0.0886	0.6931167474469079	0.022238744235811993	-0.0972	0.5398470002635768	-0.06227243376294924	-0.0766	0.5680775123687861	-0.08058227855563466	-0.12	0.7560223020886038	-0.02167604015279355	-0.0883	0.46240371512163925	1.0689138430013496	0.0	0.37150129948475474	1.2263332835682843	0.0	0.3497616728837267	1.1251223823770262	0.0	0.5772808733748847	1.060224497392593	0.2016	0.6420010312181039	0.9050534257083488	0.1613	0.40932758897469435	0.8569226359035861	0.12	0.4845601336104793	0.9679794756692167	-0.2016	0.5738475936065476	0.740956753514069	-0.1613	0.6010989041535879	0.5164253406876705	-0.12
100	1.694915254237288	0.773117526098651	0.6487637879904194	0.0	0.7862331429695295	0.6571281503383947	0.105	0.515270565358345	0.5588929242975026	0.0886	0.37032441963117935	0.31811218987221046	0.0972	0.26915768882755564	0.37860845611894745	0.0766	0.28803282667561325	0.3820742454849036	0.12	0.3607973237396996	0.24457245427542762	0.0883	0.7511598930813899	0.5975734139853595	-0.105	0.4994330075967932	0.34212612520951663	-0.0886	0.6944139541302567	0.018170022679935255	-0.0972	0.5373332655360988	-0.06445024871997253	-0.0766	0.5702119331631794	-0.08100624246059082	-0.12	0.7567156008854348	-0.025443072475995754	-0.0883	0.4624791458733769	1.0480769073672205	0.0	0.36898428718319637	1.2001406823598204	0.0	0.3604630113047128	1.0873849572689656	0.0	0.5785551397906861	1.045936867192738	0.2016	0.6497465223893615	0.8678291469984869	0.1613	0.42383448122273376	0.8781513631215592	0.12	0.4824071131094176	0.9500699991568471	-0.2016	0.5774216740679873	0.7341576073381663	-0.1613	0.629498050088114	0.5195202961984382	-0.12
101	1.7118644067796611	0.7755941653166502	0.6451515809142783	0.0	0.7843793465216891	0.6444629635523546	0.105	0.525071109444773	0.5314166606635815	0.0886	0.3807672150510167	0.3334263290486917	0.0972	0.2914947478055073	0.3967460870336912	0.0766	0.3092960569892547	0.39657177421140327	0.12	0.3736668963533746	0.26966908533412337	0.0883	0.7594859961506173	0.5977087872743836	-0.105	0.5049677057104611	0.3389775536821193	-0.0886	0.6901796925289508	0.018518039928739766	-0.0972	0.5378703944441532	-0.06400106049065708	-0.0766	0.5679064940383444	-0.08062073065845637	-0.12	0.7511700158481917	-0.025269434710823158	-0.0883	0.46686142687755106	1.0296642582591269	0.0	0.3637502509097109	1.179689416450334	0.0	0.3521636691122825	1.0756399813718918	0.0	0.5848785766942269	1.02696201012109	0.2016	0.6898195043376971	0.875631475565777	0.1613	0.47285898120303244	0.8276853494123733	0.12	0.48736833333773205	0.9391374804187171	-0.2016	0.5816004749956447	0.7192362699795609	-0.1613	0.6411607812519363	0.5293337199094414	-0.12
102	1.728813559322034	0.7828548825179589	0.629741066764845	0.0	0.7903524814474359	0.628538053088643	0.105	0.5411750015660272	0.5174840629394335	0.0886	0.39644253810642144	0.3612736621610925	0.0972	0.3224201147311888	0.40295672266680477	0.0766	0.33525063997248417	0.4095746254133351	0.12	0.37468293455023294	0.31593715255677324	0.0883	0.7605549324016367	0.5890838766516016	-0.105	0.5073374414832432	0.3282126375709425	-0.0886	0.6853367205212682	0.01731817607243112	-0.0972	0.539480160318965	-0.06394381360673917	-0.0766	0.5649895513172459	-0.08079149992888288	-0.12	0.7451690882050215	-0.026112672751504667	-0.0883	0.4727275571705468	1.0107810524169631	0.0	0.3636285659065232	1.1602353263703056	0.0	0.3623005634606672	1.056324558554865	0.0	0.5748225223094858	1.009930657644621	0.2016	0.691433505018697	0.8632872062651381	0.1613	0.4889938712926227	0.7588952458401238	0.12	0.4893618065755839	0.9287095369302774	-0.2016	0.5804227001169778	0.7273187233515854	-0.1613	0.6524275311374391	0.5466359230391535	-0.12
103	1.7457627118644068	0.7816918933920561	0.6112013569695016	0.0	0.7911908549308052	0.6072146147800138	0.105	0.5510714017617699	0.4608492062467599	0.0886	0.42718907305215426	0.37555463279308193	0.0972	0.36133945141143115	0.4093180633407694	0.0766	0.37012518436503394	0.4155863429135124	0.12	0.4133337746819994	0.35025325973790516	0.0883	0.7568773946680378	0.5719019501131181	-0.105	0.5080790530020554	0.31797704442714464	-0.0886	0.6889870833854517	0.013468859434881547	-0.0972	0.540180889972451	-0.06466009250845817	-0.0766	0.5634271785089707	-0.08151182066829218	-0.12	0.7486819960798275	-0.02674188911490892	-0.0883	0.47486494076259905	0.9992446655624692	0.0	0.3733407739214778	1.1462763646689598	0.0	0.3663372289360446	1.0440200419796606	0.0	0.5816527847310009	0.9920604740835381	0.2016	0.6808553296944252	0.8384766940770273	0.1613	0.5227472860755817	0.7421216139047366	0.12	0.49674670212643174	0.9172289717041541	-0.2016	0.5902963784370391	0.7331148673838832	-0.1613	0.6578533635854805	0.5535667592974981	-0.12
104	1.7627118644067796	0.7762485381233999	0.5905251524026522	0.0	0.7950336171752018	0.5898725999999249	0.105	0.46726313046687473	0.39160600918065414	0.0886	0.6605968712192585	0.047244515834761774	0.0972	0.5317452656075123	-0.041750489980214724	0.0766	0.5545014652205491	-0.0366529133742453	0.12	0.7495337825498353	-0.006009587363242683	0.0883	0.7606000343965956	0.5634994656176409	-0.105	0.5033738563680863	0.31145635842736813	-0.0886	0.6862946368016456	0.0036650055856293356	-0.0972	0.5404535726117409	-0.06883136650940139	-0.0766	0.5701614824053939	-0.08507807059702185	-0.12	0.7539715849153328	-0.033152678545605024	-0.0883	0.47988471478622563	0.995827763259118	0.0	0.3800548585259038	1.140081023442012	0.0	0.37766444934536647	1.0395502878836873	0.0	0.5881134557439383	0.9870035794917301	0.2016	0.6843061095558306	0.8305634343593622	0.1613	0.5237871212353649	0.7452017181222346	0.12	0.5019401189735719	0.9180753220421449	-0.2016	0.6061040353603662	0.7606307556383924	-0.1613	0.6605154911211046	0.5631187108800851	-0.12
105	1.7796610169491525	0.786355515553401	0.577791923136871	0.0	0.794380020416243	0.5844576280025994	0.105	0.4956831746070006	0.3427867080136208	0.0886	0.6728053741174762	0.02893886956227544	0.0972	0.5293110566800135	-0.06673956260539207	0.0766	0.553768459836247	-0.03993032272748549	0.12	0.745384251812209	-0.00829977332986126	0.0883	0.7638032109672467	0.5551867120769185	-0.105	0.5002390702959476	0.29614292873268544	-0.0886	0.6867012739619249	0.008299840422834423	-0.0972	0.5382049623765945	-0.0676956561546978	-0.0766	0.570388439918244	-0.08351294771714386	-0.12	0.7529419601089191	-0.02974166847190729	-0.0883	0.49490078460912823	0.9825470328759025	0.0	0.3705053164287903	1.1376032175447928	0.0	0.38755101332380265	1.0347433619916848	0.0	0.5867295115469866	0.9842892866377277	0.2016	0.6924624700644474	0.843858087397835	0.1613	0.529026313086449	0.7443571112423314	0.12	0.5076488587484431	0.9127423604688106	-0.2016	0.6228201565525896	0.7894881376230884	-0.1613	0.647199243532656	0.5687416109140067	-0.12
106	1.7966101694915255	0.7817505218511903	0.5704432640131086	0.0	0.8050413639765759	0.573931075869718	0.105	0.5223761195987762	0.29553591315751687	0.0886	0.6786818484390852	0.024856448169626087	0.0972	0.5401647684885956	-0.07140350094773237	0.0766	0.5651885728396646	-0.04870831526505024	0.12	0.7529776327127048	-0.01359643397014644	0.0883	0.7680524668142141	0.5458592697216613	-0.105	0.5066852129763794	0.27945259158109587	-0.0886	0.6855703245336277	0.008189331100665678	-0.0972	0.5392855901454885	-0.06969650829390392	-0.0766	0.5718195304343437	-0.08490221989812716	-0.12	0.7507907031172761	-0.028388263231233654	-0.0883	0.5037960716044722	0.9831597336241314	0.0	0.37264598159461776	1.1409360258562398	0.0	0.40526759004296675	1.036633883400065	0.0	0.5912764998863821	0.9806969705446619	0.2016	0.6796705341154382	0.8498318179108766	0.1613	0.5274677838104035	0.7517771156254186	0.12	0.5109685608331032	0.9221495217134782	-0.2016	0.6396089188764174	0.8302819400366317	-0.1613	0.636523390060198	0.6139948795452544	-0.12
107	1.8135593220338984	0.780944970065482	0.5565883063140975	0.0	0.8115949037678248	0.5614153600261491	0.105	0.5336527664281022	0.27645613590946017	0.0886	0.6801096109721684	0.023468948551792455	0.0972	0.5416272798687443	-0.06925989057882623	0.0766	0.5769126802293941	-0.04859833921006704	0.12	0.7507621947297873	-0.013894737728418108	0.0883	0.7605327386983881	0.5408708940211621	-0.105	0.512542412330475	0.2520087814434522	-0.0886	0.6865719564075691	0.002552955713446381	-0.0972	0.5410400958592685	-0.07571978165873261	-0.0766	0.5741335711510519	-0.09068642447165266	-0.12	0.751389318023883	-0.031142692810422104	-0.0883	0.5093275098272765	0.9888292226101528	0.0	0.38541690531317296	1.1471348500005254	0.0	0.41326379233816224	1.0442361419639457	0.0	0.5929724033854774	0.9861374635430196	0.2016	0.6687953431370665	0.8424290023328129	0.1613	0.5228996110549722	0.7487189441834043	0.12	0.5134388858925722	0.9247805840757742	-0.2016	0.6580101535227135	0.8507093476451625	-0.1613	0.6340381694415119	0.6406784285963731	-0.12
108	1.8305084745762712	0.7771344270401244	0.5500170868066135	0.0	0.817982379985437	0.5468394702122557	0.105	0.5944509859873913	0.27789170366152866	0.0886	0.6684130839958996	0.03354996915314779	0.0972	0.5342475906576039	-0.05574723489132367	0.0766	0.5520989072031645	-0.04983188107342287	0.12	0.742973553721573	-0.013595043549192026	0.0883	0.7454316072237193	0.5203210628959519	-0.105	0.5219795505252529	0.2231642332261655	-0.0886	0.6738641686710356	0.0011231971009764419	-0.0972	0.542092423641889	-0.07410364338248455	-0.0766	0.5729589631289909	-0.08821634705499437	-0.12	0.7427090826058106	-0.036753966182549794	-0.0883	0.5124292302251398	1.0022972499148532	0.0	0.42132602083768306	1.1582655344475092	0.0	0.40705843252520013	1.049567116740141	0.0	0.5977014208817534	1.0182636557432825	0.2016	0.689998179683529	0.83671208141441	0.1613	0.5215526207896578	0.7512372859751446	0.12	0.5186456477067762	0.9066505206934106	-0.2016	0.6533365793958424	0.8376754854829886	-0.1613	0.6213237332179667	0.6697633017055477	-0.12
109	1.847457627118644	0.7813428997179391	0.5455145051125921	0.0	0.8217253025609558	0.5505817934771017	0.105	0.6669324825307252	0.3191235572332873	0.0886	0.6716472549577243	0.06920023170740039	0.0972	0.5417960944246657	-0.04563117992769735	0.0766	0.587849024298546	-0.03876125843605273	0.12	0.7068569631276646	0.005288924014269003	0.0883	0.7334893808480245	0.5253124799311549	-0.105	0.5362521574945661	0.2146993464851004	-0.0886	0.6703211498728506	0.002040487203521013	-0.0972	0.5429981023952433	-0.07252734616334687	-0.0766	0.5761341098212213	-0.08582262155666079	-0.12	0.7325523302223851	-0.027390381568495298	-0.0883	0.5382949455955052	1.003917157079349	0.0	0.41718414961190453	1.1662424533572786	0.0	0.4223580148031438	1.0550234027332344	0.0	0.6281084049406634	1.0230724113373448	0.2016	0.68535492312532	0.838402874367891	0.1613	0.5223930852533232	0.7663437489954995	0.12	0.5222914264983016	0.9209993079631386	-0.2016	0.6412986814324563	0.6552970579040436	-0.1613	0.5951740769461038	0.7072101246064244	-0.12
110	1.8644067796610169	0.7735855038484737	0.5443293320888829	0.0	0.8145426287338947	0.5427760237234562	0.105	0.6928579471726151	0.3758078167382299	0.0886	0.7175350201049757	0.085590302497948	0.0972	0.5411549648923543	-0.04089397232208678	0.0766	0.6291149086923539	-0.021357238883802282	0.12	0.7523568365038293	-0.013492444946954105	0.0883	0.716692192396742	0.5240883180737473	-0.105	0.5552138359812789	0.20577999888013104	-0.0886	0.6592266157987786	0.0032410349816737877	-0.0972	0.5430538163654465	-0.07216535944531015	-0.0766	0.5711597348335269	-0.08567909879006144	-0.12	0.7168933759285945	-0.024658008886724578	-0.0883	0.557311944325567	1.0155602583693564	0.0	0.4381709032509018	1.1832133236665174	0.0	0.4442936419665886	1.0618585926834507	0.0	0.6642693246417353	1.0235857913204898	0.2016	0.7062299265873194	0.844288696701836	0.1613	0.5245621789393404	0.756932663787698	0.12	0.5271188518549372	0.9712671675843183	-0.2016	0.7197442830811974	0.9776003946233062	-0.1613	0.6018062792556094	0.7916475084162706	-0.12
111	1.88135593220339	0.7633980591971821	0.5323651907851513	0.0	0.8144958972067953	0.5363583929852217	0.105	0.7355899608138325	0.2858884567708434	0.0886	0.745579277484616	0.07733444659061024	0.0972	0.7136553249670637	-0.036077410152429254	0.0766	0.7419390907048597	0.007291666106380934	0.12	0.7843431292454187	-0.010852679711396224	0.0883	0.6837165595331534	0.5099783064908837	-0.105	0.5707158930971413	0.20034384642080402	-0.0886	0.6447009191476395	0.0026846393447635397	-0.0972	0.5419269844843979	-0.06929738638652759	-0.0766	0.5654998574510464	-0.08375774962043983	-0.12	0.6953026864380731	-0.02578223272451559	-0.0883	0.578175373053492	1.0178154902209777	0.0	0.47511540300781463	1.2022762450259172	0.0	0.4703517222772202	1.0746501484691249	0.0	0.7050083685525266	1.018509361755689	0.2016	0.7250665292616698	0.9604389975555025	0.1613	0.5143487488483367	0.7485613160748779	0.12	0.5302647568247465	0.9511974247957539	-0.2016	0.7551277011840741	0.9957827875417511	-0.1613	0.5654607266826598	0.9115054676134259	-0.12
112	1.8983050847457628	0.7434363863426412	0.519808555102116	0.0	0.8147464793138549	0.5296403041381172	0.105	0.7576866080881973	0.267439272225535	0.0886	0.785683438024568	0.031470818179645026	0.0972	0.709642680336564	-0.03424584544566764	0.0766	0.7516796988988124	0.005361638926925025	0.12	0.8153562992149055	-0.004092382542390291	0.0883	0.6776101765282796	0.5086711614531342	-0.105	0.582108841616704	0.20427840502204186	-0.0886	0.6265579751395705	0.002387307002715111	-0.0972	0.537747801281676	-0.06602075117740208	-0.0766	0.5682094801496407	-0.08150565748839154	-0.12	0.6696743511864103	-0.026236390052317135	-0.0883	0.5974240292842163	1.031818398675028	0.0	0.5166315604991831	1.2174098404021043	0.0	0.4952296106614038	1.0875460987335532	0.0	0.6977274534601229	0.9838359940322076	0.2016	0.59171005901902	0.780711186894108	0.1613	0.5096003124823543	0.7418056110616471	0.12	0.5826502465850277	0.9725340925155799	-0.2016	0.817230857726158	0.9956890983594464	-0.1613	0.666877140140203	0.9821733665279496	-0.12
113	1.9152542372881356	0.7368384623381763	0.513522054696508	0.0	0.8147515357117174	0.5213417797705431	0.105	0.7809688199323525	0.29931401524313245	0.0886	0.8095793620985218	-0.002606851385556719	0.0972	0.731571716518457	-0.01777668945204426	0.0766	0.7894479698367721	-0.008557258714145963	0.12	0.8337022953685971	-0.033558834222906925	0.0883	0.6649656168096253	0.4986850753894395	-0.105	0.585640984939565	0.2113423385421001	-0.0886	0.6216125496426604	0.0058496723267739414	-0.0972	0.5495656448127413	-0.07719358459569187	-0.0766	0.5623923612210906	-0.09149529585240561	-0.12	0.6564379452120812	-0.017260280859317523	-0.0883	0.6264825196325563	1.0308311562459918	0.0	0.5561601326351091	1.2319131746980223	0.0	0.5229755199717281	1.1033163657023781	0.0	0.7301767567198896	0.9899593524537179	0.2016	0.8461898525316477	0.78976059890732	0.1613	0.5198643224933541	0.7496671046913205	0.12	0.6058045924073281	0.9797584425205269	-0.2016	0.8650800285366174	0.9665940033561087	-0.1613	0.6467747764335854	1.0166015856522475	-0.12
114	1.9322033898305084	0.7348983149149495	0.5103718664207175	0.0	0.8180861324228298	0.5181961666527786	0.105	0.7958298172442875	0.30007873864700535	0.0886	0.8084054672866691	0.010726460352403114	0.0972	0.7711585049910709	-0.029768188337550766	0.0766	0.826507208852176	-0.018331345187961937	0.12	0.8176819605119681	-0.023061433371644832	0.0883	0.6504666865289973	0.4935881120612251	-0.105	0.5872044306947214	0.18956106686821128	-0.0886	0.6246912384967221	0.03029664012387248	-0.0972	0.5758346164159865	-0.0756975637402495	-0.0766	0.5678432496928628	-0.08968770509537675	-0.12	0.656054401406947	0.011260111886773276	-0.0883	0.6598980469154353	1.036645081168529	0.0	0.5855747337652598	1.2355111491397854	0.0	0.5356800791943725	1.1080964822681465	0.0	0.793219564234128	0.984157054663232	0.2016	0.937971221492495	0.8632012869661985	0.1613	0.5327239043202489	0.7598541283921945	0.12	0.6151738757201367	0.9888472608716242	-0.2016	0.7216339791819929	0.9707985450695368	-0.1613	0.5892374956944602	1.0873658920641907	-0.12
115	1.9491525423728813	0.7301234792267477	0.522915885113178	0.0	0.8176637671269441	0.5201510514074432	0.105	0.8041945671897378	0.29165113577911317	0.0886	0.8068361228628149	0.007592533977895194	0.0972	0.7742316922021947	-0.04598911873808885	0.0766	0.832241201549407	-0.041637277854261995	0.12	0.8116311645955333	-0.033602662017518645	0.0883	0.6379354993631202	0.5019472720716506	-0.105	0.5858846556886685	0.18076495326412056	-0.0886	0.6243729098405691	0.046800552621051594	-0.0972	0.6169985628800922	-0.07498948921965948	-0.0766	0.594118560461578	-0.08499432098301381	-0.12	0.6575088201792105	0.039064895647286886	-0.0883	0.6973254338876959	1.022403407341735	0.0	0.6406972542854947	1.2444750876239856	0.0	0.6020169045816746	1.1173310302138457	0.0	0.8395110342757868	0.9501710627731266	0.2016	0.9665001382787235	0.8163569282152451	0.1613	0.884923914369055	0.7904202070124718	0.12	0.6301876724085174	0.9859054109046974	-0.2016	0.6374031966837019	1.0198120135656734	-0.1613	0.5801191958316952	1.1671054060935377	-0.12
116	1.9661016949152543	0.7283352260289258	0.5281715361643194	0.0	0.8170693485814473	0.5186705840940371	0.105	0.8087961505471251	0.285040718167455	0.0886	0.8054227623080625	0.00719078751508237	0.0972	0.7767597817590073	-0.0415335213957623	0.0766	0.8289232229991583	-0.04110032578743239	0.12	0.8099290668296153	-0.03654506958811539	0.0883	0.6282087708593602	0.5102936061302953	-0.105	0.586112769608931	0.15698440247987103	-0.0886	0.6176303366534145	0.06100962738048971	-0.0972	0.64726073947197	-0.07206083501570779	-0.0766	0.6025049565105989	-0.07118620338525648	-0.12	0.6484457894324515	0.058381603452771755	-0.0883	0.7134624199723792	1.0282279006965453	0.0	0.6913469649026007	1.2516858544501777	0.0	0.6459276156737624	1.1226183969615433	0.0	0.8609294054440484	0.9233231602943233	0.2016	0.9821669500216988	0.7618541505439047	0.1613	0.8841549193797352	0.7798500836607515	0.12	0.6097983577530505	0.982262207349134	-0.2016	0.5771871613603378	1.035240860985184	-0.1613	0.6197608243271814	1.189048358694723	-0.12
117	1.9830508474576272	0.725942391588103	0.5337001019462001	0.0	0.8183389143738511	0.5272010215310269	0.105	0.8057820977381389	0.29602103347604103	0.0886	0.8088170091706216	0.007742909779318546	0.0972	0.7407636682718215	-0.045588087581778194	0.0766	0.8486580766827322	-0.04543230233305581	0.12	0.8116040246272879	-0.029935901821880218	0.0883	0.6249401047641627	0.5189497841185426	-0.105	0.5740094834778635	0.19409318233342054	-0.0886	0.6101414515330728	0.07323217881768054	-0.0972	0.632174129599351	-0.07622486995827445	-0.0766	0.5913820880820019	-0.07262365702093031	-0.12	0.6353793232245111	0.06852474361848516	-0.0883	0.7517549737079312	0.9914833157609144	0.0	0.7500810633887072	1.2272711730194124	0.0	0.7504760443364077	1.1053840058229227	0.0	0.9019622792740274	0.8833857945610255	0.2016	1.0074190662825258	0.6532437656856805	0.1613	0.8928398035496539	0.5201200317179766	0.12	0.6105559643045713	0.9697620708723409	-0.2016	0.46485267161764526	1.0160642728087979	-0.1613	0.6372885616477781	1.1710337462281717	-0.12
118	2.0	0.7210915317930242	0.5395514745304899	0.0	0.8119188947747523	0.5357211652850151	0.105	0.8061400212931774	0.3050155356560472	0.0886	0.8084821471513911	0.0030646116166920118	0.0972	0.7426429694070187	-0.046436962835972234	0.0766	0.831732373819438	-0.048809202763276896	0.12	0.8066939838223273	-0.03733858072533035	0.0883	0.6207118934609066	0.5275786710079003	-0.105	0.5763832661374361	0.1598705458452376	-0.0886	0.5926080335207902	0.08983619923789299	-0.0972	0.6267310493266016	-0.07255743435541495	-0.0766	0.581644777830724	-0.06134324891314201	-0.12	0.6105407200412852	0.07351899293143423	-0.0883	0.7739517663534936	0.9835649066123694	0.0	0.8049698632999853	1.2007069332189382	0.0	0.7933821549775462	1.0960278821735023	0.0	0.918597389544419	0.8549788825835466	0.2016	1.0081295428759374	0.611171761299721	0.1613	0.8960380537870647	0.497296533377115	0.12	0.6039074938779747	0.9753310205668285	-0.2016	0.4136977062987837	1.0762308011125492	-0.1613	0.6456845310449781	1.150612145140077	-0.12
119	2.016949152542373	0.7172698512156459	0.5404903199081275	0.0	0.8060050012413082	0.5269404390721532	0.105	0.8063797906358467	0.3009834425954903	0.0886	0.8080067608433612	0.0017944056231542632	0.0972	0.7220837032384085	-0.046610016377863245	0.0766	0.8381306720355635	-0.0449341483357026	0.12	0.808407874481168	-0.04059213271288371	0.0883	0.6119377716091466	0.5230920382722807	-0.105	0.5685081675357307	0.18032713363908418	-0.0886	0.5679880633270008	0.10281871369998377	-0.0972	0.6210518124444918	-0.06596321403604494	-0.0766	0.5676032915997085	-0.04494799383723054	-0.12	0.5808728745232546	0.09033165301694322	-0.0883	0.7959967970687472	0.9844138039316228	0.0	0.8549643712701605	1.1822208575976278	0.0	0.8500803236149908	1.0846269024437782	0.0	0.934392746976139	0.8221576841640211	0.2016	1.011648813004117	0.5658542578413542	0.1613	0.89084608312122	0.49236357265683217	0.12	0.6075916845876609	0.987124235472532	-0.2016	0.41328890632533916	1.113694486692526	-0.1613	0.49954412515807245	1.1484195601807679	-0.12
120	2.0338983050847457	0.7118701325917225	0.5470763882763345	0.0	0.8000490415515428	0.5241855842692776	0.105	0.8070533001285097	0.3070931858728148	0.0886	0.8060658289303584	0.0015115065640627923	0.0972	0.780965168407113	-0.040196634149893384	0.0766	0.8466870494879353	-0.047012447631326726	0.12	0.8063898925211729	-0.04664838567672716	0.0883	0.6044646844865734	0.528073059145336	-0.105	0.5626646226905482	0.18527526621945395	-0.0886	0.5542338480003797	0.11257506361490144	-0.0972	0.5968063949304901	-0.05055900251629904	-0.0766	0.5475431086138185	-0.0415428585923014	-0.12	0.5552424709531165	0.1367554802254609	-0.0883	0.8260645044690704	0.9614842311522253	0.0	0.8922833984111729	1.1557665660793732	0.0	0.8824876394002164	1.0494181262978857	0.0	0.9581515110562413	0.7860168122552897	0.2016	0.953619156303658	0.5191194319033521	0.1613	0.8508587359010396	0.5102005909070607	0.12	0.6295076502165786	0.9851410135267731	-0.2016	0.4304880389574297	1.1062352171339778	-0.1613	0.388042793719786	1.2873376735923494	-0.12
121	2.0508474576271185	0.7151888033333067	0.5524692699587541	0.0	0.7997329804320614	0.5115770364210727	0.105	0.8114058357916974	0.29200566234627606	0.0886	0.8100530238643608	0.0019358437916745103	0.0972	0.7894683331839049	-0.0396955261752301	0.0766	0.8514265490395434	-0.051970787977323823	0.12	0.8045282373204502	-0.05378850599318989	0.0883	0.6098736833493459	0.5333022633789455	-0.105	0.5480383216539394	0.1967992866516414	-0.0886	0.5333781874896042	0.10430609564161876	-0.0972	0.589346812492584	-0.050884594920457146	-0.0766	0.5313049669039944	-0.03527913776590294	-0.12	0.5256521140766738	0.09657860860095419	-0.0883	0.86021164709435	0.9442339425460026	0.0	0.9237813250218747	1.1172558849820229	0.0	0.9216051601818046	1.025316056556311	0.0	0.9665635517438989	0.7735931441550926	0.2016	0.9411226242591113	0.5064428167263231	0.1613	0.8238728823865195	0.5190115756355426	0.12	0.6674645001649793	0.9697641128575442	-0.2016	0.4647610763982735	1.0893573215916976	-0.1613	0.37001581609162904	1.2881465722377154	-0.12
122	2.0677966101694913	0.7100469433628115	0.5656993596944001	0.0	0.7957548451234204	0.5235989701499921	0.105	0.8138932489301999	0.29582138881513664	0.0886	0.8128176334726418	0.0022002909880623617	0.0972	0.8154474972307686	-0.03539117815171337	0.0766	0.8613308304087361	-0.04359260908870739	0.12	0.8058258780527601	-0.04902829955148817	0.0883	0.6004471176114343	0.5586131302605706	-0.105	0.5395050884610165	0.2090306907291268	-0.0886	0.5131349896061661	0.09439720082741143	-0.0972	0.5693149957448829	-0.054366348167178044	-0.0766	0.5065659529670299	-0.039193600705945957	-0.12	0.5029657908093255	0.06936184535106008	-0.0883	0.8753758276661804	0.9302546053600709	0.0	0.9365099945112941	1.091822680500223	0.0	0.9537616231708	1.0003234723252108	0.0	0.9714791271113014	0.7646944768995017	0.2016	0.9277583331140775	0.5153435682402676	0.1613	0.7977848460203832	0.528871540678049	0.12	0.6834887012137066	0.9552502947237191	-0.2016	0.5076630609782854	1.0970924660347061	-0.1613	0.38472945358722477	1.2762941823103306	-0.12
123	2.084745762711864	0.6983495098149876	0.581287884554838	0.0	0.7831500129460771	0.5455081748127253	0.105	0.8143273257104431	0.2944581106140603	0.0886	0.8130878994772016	0.0021386995253248886	0.0972	0.8101136958549976	-0.035747422845928314	0.0766	0.8657204060791793	-0.042211065339433584	0.12	0.8063237947694485	-0.04937288076675818	0.0883	0.5881922984313959	0.5982094859866764	-0.105	0.524042887962213	0.2542193701059531	-0.0886	0.5019890064862109	0.11597092556190636	-0.0972	0.553859804381806	-0.06016498203801689	-0.0766	0.4939454500527365	-0.04594317176943835	-0.12	0.4899657845305399	0.081750376561285	-0.0883	0.8727348187096006	0.904863760967905	0.0	0.9792226966779494	1.067240137492623	0.0	0.9654789335609898	0.9732604520540911	0.0	0.975111055649458	0.7632580081054916	0.2016	0.913532019623819	0.5240840072386251	0.1613	0.7933920670977234	0.5164333563876724	0.12	0.6922792056475775	0.9589405802564513	-0.2016	0.5320023916714637	1.0682656734581477	-0.1613	0.5011598121880655	1.0834863335198273	-0.12
124	2.1016949152542375	0.6778399576171654	0.5956913533504092	0.0	0.7673618917157632	0.549679462880642	0.105	0.8210554864529374	0.3000836505823394	0.0886	0.8138350684152216	0.002297747986483245	0.0972	0.8245410879587922	-0.033208172754008794	0.0766	0.8612422524114102	-0.03463847884442445	0.12	0.806075031927664	-0.03720084023447745	0.0883	0.5827377934758807	0.578683891586627	-0.105	0.4903435161915519	0.23679239671250707	-0.0886	0.4912604537633568	0.1160476813547722	-0.0972	0.5326314008112248	-0.05624421388052941	-0.0766	0.4685527315442409	-0.053204966943324807	-0.12	0.49956932532762827	0.08655594811792351	-0.0883	0.8946657805381898	0.9160920394926642	0.0	0.9886514475383055	1.0475515118913064	0.0	0.9864390945918701	0.9439778771476125	0.0	0.9744472741310803	0.7647849784852873	0.2016	0.9072881536202925	0.5300954967349104	0.1613	0.7953098940309782	0.5590215653808815	0.12	0.7106391891738693	0.9474886208948204	-0.2016	0.6293453323826262	0.7778597954032109	-0.1613	0.7842060430799939	0.7623734525650753	-0.12
125	2.1186440677966103	0.6725482286397417	0.613977323957295	0.0	0.7637724245947238	0.5631199359509225	0.105	0.8205415984207622	0.30698351443547245	0.0886	0.8144874307322456	0.002238301740404472	0.0972	0.820231117286077	-0.029687493973483414	0.0766	0.8600244002158641	-0.040197096575436936	0.12	0.8049545775751183	-0.03890114252150252	0.0883	0.5750147828524527	0.591061632572366	-0.105	0.47120442118993466	0.24310676133706693	-0.0886	0.47344931896168974	0.11541293406856144	-0.0972	0.5179786686195809	-0.06436658583552934	-0.0766	0.4587881665375643	-0.061674294246347405	-0.12	0.4830035869293045	0.09015982214210413	-0.0883	0.9085236286637298	0.9064913999444193	0.0	0.9960959507817523	1.0357060962494808	0.0	1.0008998538729907	0.9334209114867396	0.0	0.9848949097424898	0.7695789971799428	0.2016	0.9129552500277904	0.5440800151380293	0.1613	0.8128956765526282	0.5124612342572504	0.12	0.7543717674213852	0.9219528553315077	-0.2016	0.6632421628505732	0.7438304594776792	-0.1613	0.8158584574021419	0.675420235857712	-0.12
126	2.135593220338983	0.6650379628192419	0.6275766460900224	0.0	0.7583074594981374	0.5750163730274775	0.105	0.8197376327481075	0.325933107851736	0.0886	0.8138744121952665	0.0006828223498645397	0.0972	0.8317156653376203	-0.02355377380199189	0.0766	0.8632362594038934	-0.036287425872766677	0.12	0.8050057861206038	-0.03659191549089938	0.0883	0.5648165994382145	0.5992267474660751	-0.105	0.45324836780991334	0.26928303509111046	-0.0886	0.4608737939641469	0.1256140787959673	-0.0972	0.5032955364095597	-0.06592497410603608	-0.0766	0.4409347391534457	-0.05825267752755974	-0.12	0.46719921322357794	0.10350416745286745	-0.0883	0.9202549068540864	0.8984684990069995	0.0	1.0012162985026538	1.0328352780997805	0.0	1.008301398968313	0.929683483669415	0.0	0.9952071213095297	0.7746431071689355	0.2016	0.9188802534766253	0.5557074010427202	0.1613	0.9698985417364504	0.513950889215457	0.12	0.7671703881611259	0.8944104074635317	-0.2016	0.6840409692976329	0.704856804685869	-0.1613	0.9648131440726242	0.5401438649936352	-0.12
127	2.152542372881356	0.6627682813306425	0.6326893204707299	0.0	0.7601012423371268	0.5923834082253558	0.105	0.8179780812826639	0.34867135294051893	0.0886	0.8136873698520571	0.0028414715206102614	0.0972	0.8280053923417091	-0.01985355077096125	0.0766	0.8636089873854618	-0.035994332579921795	0.12	0.8053300681171852	-0.03468759350358769	0.0883	0.563943072294786	0.6219865519596084	-0.105	0.4298439701464205	0.2925544146845835	-0.0886	0.4445065588653637	0.1405389958951632	-0.0972	0.4742634503373294	-0.05133003417992223	-0.0766	0.41563101013741427	-0.04340179215942685	-0.12	0.4527827309665595	0.12544218486314243	-0.0883	0.9283428625192311	0.8810460232449097	0.0	1.018195094032725	1.03182996080942	0.0	1.0019230210274892	0.9221437751776881	0.0	1.0088463464406934	0.7761942522677296	0.2016	0.9186581679589039	0.561403571917275	0.1613	0.8668094686040834	0.5233246268903291	0.12	0.7861266001850324	0.8714746315575147	-0.2016	0.8383651645321334	0.5723276524208538	-0.1613	1.0524108283721938	0.4530070015568021	-0.12
128	2.169491525423729	0.6601894566841815	0.6374983153052962	0.0	0.757874714864118	0.5956202022693813	0.105	0.8180952511831758	0.3519824812435583	0.0886	0.8143139837548644	0.0003099591367004828	0.0972	0.8366999738365479	-0.020246581425331908	0.0766	0.8617521337028347	-0.03500480888617838	0.12	0.8037434412437018	-0.03555556440695344	0.0883	0.5588221060223239	0.6277879330310636	-0.105	0.41544714794217413	0.30655811397690896	-0.0886	0.42027909562246724	0.17414660669036186	-0.0972	0.4441572377589218	-0.028703596398946978	-0.0766	0.39644778963420624	-0.01685948632153049	-0.12	0.42055443582957575	0.17143699763948675	-0.0883	0.9457017750780627	0.878330274949416	0.0	1.030202804558221	1.0288220884037897	0.0	1.01925323917144	0.9169437610022493	0.0	1.018590310806422	0.773019165487143	0.2016	0.9183112199209345	0.5627961776268162	0.1613	0.8410553253191217	0.5490800487186978	0.12	0.7886732424721064	0.8624883295223499	-0.2016	0.9153301144917008	0.527820271176133	-0.1613	1.0885457567472752	0.3906232113684265	-0.12
129	2.1864406779661016	0.6594890481629629	0.6595817781369797	0.0	0.7589353628968178	0.6112121742685978	0.105	0.8196444466737581	0.36330342057962806	0.0886	0.814444665598331	-0.00024127161395233465	0.0972	0.8425858615581181	-0.027018040610648178	0.0766	0.8662811767235417	-0.04554328371909354	0.12	0.8021672464942828	-0.035846547069990575	0.0883	0.5604788255430131	0.6604104884072668	-0.105	0.41322484336126547	0.3385069474651947	-0.0886	0.40249998688220967	0.2069221360856729	-0.0972	0.4144795373840172	0.02524051054865517	-0.0766	0.35791905944784236	0.01990167858335636	-0.12	0.38721589766764464	0.20234482268128892	-0.0883	0.9500685524021624	0.8704911321204959	0.0	1.0419222292805281	1.0319404817476399	0.0	1.0250305957189727	0.9233462321647786	0.0	1.0252251257095077	0.7805596140668722	0.2016	0.9149089461385354	0.5624099310199483	0.1613	0.8553823113513837	0.5761977874730694	0.12	0.8138373158375665	0.8536153407880869	-0.2016	0.914756933161719	0.51442755822947	-0.1613	1.100910694800829	0.3595816315974402	-0.12
130	2.2033898305084745	0.6577730035019127	0.6582360893147212	0.0	0.760517036821401	0.6067310110563988	0.105	0.8277839317593414	0.36886615231686065	0.0886	0.8139090879687453	0.0012749872373774424	0.0972	0.8395999206039195	-0.02802849640260638	0.0766	0.861132533239296	-0.04412026023416503	0.12	0.8001676698064742	-0.03507318278048428	0.0883	0.5604510158381194	0.6649526055875916	-0.105	0.4028815146730089	0.34885254612718736	-0.0886	0.36911821760864033	0.2499800411140901	-0.0972	0.3708212738401015	0.06924549646033344	-0.0766	0.3183213798631108	0.07031537656554626	-0.12	0.3472456642947812	0.23491956535907824	-0.0883	0.9596161688920168	0.8646897435781358	0.0	1.0580664660024763	1.0281545151211482	0.0	1.0418399274593897	0.9209630605532197	0.0	1.0306680492895086	0.7853615548916169	0.2016	0.9131423535268129	0.5805327872233389	0.1613	0.8792326824564122	0.5702294792377511	0.12	0.8286498074696023	0.8501378695380207	-0.2016	0.9085406943045651	0.5273109720722556	-0.1613	1.078730083008907	0.3560993626298609	-0.12
131	2.2203389830508473	0.6519944316163941	0.66735016430429	0.0	0.7566609824970797	0.615884874637573	0.105	0.8339302049854168	0.377890515856848	0.0886	0.8145278686843693	0.00025767757888259246	0.0972	0.8380369641893936	-0.024342276343669172	0.0766	0.8600417463129072	-0.03648425023717752	0.12	0.7964508548106675	-0.034297077045494395	0.0883	0.5598525654659314	0.6699587502632679	-0.105	0.4072063349067164	0.37625985861284994	-0.0886	0.34098319958014545	0.29945080625314663	-0.0972	0.32974248737598905	0.1272641924128596	-0.0766	0.2705607107365959	0.13846274637234135	-0.12	0.30473230278778557	0.2792309642820839	-0.0883	0.9769312853921891	0.8664960665941692	0.0	1.0573020169744327	1.0204971507256948	0.0	1.0720810407802026	0.9151617167136358	0.0	1.0313764804211167	0.7961811571023761	0.2016	0.9116228570600197	0.5932327603883524	0.1613	0.9758166315344625	0.5714777808381379	0.12	0.8519424088032117	0.847858637454132	-0.2016	0.8889989782865823	0.54479498163252	-0.1613	1.039263246063749	0.3986474216149678	-0.12
132	2.23728813559322	0.6531644763166073	0.6718896567387391	0.0	0.7547782065801318	0.6211797757138627	0.105	0.8402102270239963	0.38210904082629954	0.0886	0.8141425577258473	0.001761973345232759	0.0972	0.8393516021759478	-0.021637644712686754	0.0766	0.8637631413300385	-0.03598973923577212	0.12	0.7922831235492456	-0.03418751589997804	0.0883	0.5602189929915915	0.674541812112446	-0.105	0.39260569208343904	0.3565374461869171	-0.0886	0.30194062401718175	0.32895010758286464	-0.0972	0.23591875473190826	0.23843102713344416	-0.0766	0.19083505101017184	0.2388495782428461	-0.12	0.2546621739283036	0.34472945424348145	-0.0883	0.9743614628892175	0.8532376030423623	0.0	1.0761623691065354	1.0166860993812863	0.0	1.1003897608142417	0.9053151855444572	0.0	1.0347882798095398	0.8089780233587871	0.2016	0.9289803804416891	0.6122282523196617	0.1613	0.948713857778877	0.5610472791402666	0.12	0.8682457422658425	0.8458097991800262	-0.2016	0.8529742889635031	0.601008606357199	-0.1613	0.9931750586638051	0.5726572409927155	-0.12
133	2.2542372881355934	0.6474113095691317	0.6806154832260934	0.0	0.7498960631764431	0.6412171309414052	0.105	0.8502804241629698	0.38355642121329286	0.0886	0.8141652063787596	0.0005888638185777839	0.0972	0.8694628041864868	-0.03528210710239224	0.0766	0.8781749937608662	-0.04832697938947783	0.12	0.7903088921303676	-0.033838703272974	0.0883	0.5669385088231284	0.6904639617893416	-0.105	0.3765277753781696	0.3469438546933956	-0.0886	0.23057229819554878	0.3785247004572528	-0.0972	0.1525532881177889	0.29863756907126565	-0.0766	0.12744612360882465	0.32551867937626777	-0.12	0.20545710284741364	0.4356238855284444	-0.0883	0.9749075172028033	0.8407845245654886	0.0	1.1108607671083037	1.0019309879208849	0.0	1.0992658175392398	0.900468473529932	0.0	1.0417724250332066	0.8217507812296995	0.2016	0.9445219210578879	0.673934845977253	0.1613	0.9185173230562083	0.5284232716997292	0.12	0.8734840134080936	0.8457918324206954	-0.2016	0.8650717610766718	0.6185213375434251	-0.1613	0.9700080390431405	0.5347436011705374	-0.12
134	2.2711864406779663	0.6402693987457123	0.6841577691217318	0.0	0.7416778831603115	0.642878106697281	0.105	0.8545184358538471	0.37896812399879404	0.0886	0.8137283650949563	-0.004915967929756154	0.0972	0.8827904549353164	-0.060281737996967094	0.0766	0.882224921451388	-0.06414804147883804	0.12	0.7878799787475185	-0.03512513487155962	0.0883	0.5655736647409243	0.6963573097885181	-0.105	0.3707881192607211	0.35292446325833854	-0.0886	0.20147522971954857	0.4608708423387557	-0.0972	0.09961933979626478	0.41245383535247393	-0.0766	0.09597475743006081	0.41492059784334684	-0.12	0.16801475416063405	0.5093892624478837	-0.0883	0.9908704092413716	0.840255043549147	0.0	1.1306600474809578	0.9882407227724113	0.0	1.1207509970350027	0.8840517457980434	0.0	1.0526519037435476	0.828597486663602	0.2016	0.9478508781087917	0.7035006874693926	0.1613	0.9167165511358165	0.5521398537467089	0.12	0.8840883532772409	0.854045985820044	-0.2016	0.8584514740624773	0.667320734314589	-0.1613	0.9922406470817522	0.6203297266411164	-0.12
135	2.288135593220339	0.6380363229101159	0.6891840646709986	0.0	0.7361427585225038	0.6478567323818478	0.105	0.8614085584638242	0.37811499783769753	0.0886	0.815031632729091	-0.0065859384603592225	0.0972	0.8943075775963091	-0.06972434067107731	0.0766	0.8858560264953925	-0.07205988208337741	0.12	0.7847943737380472	-0.038021570996332216	0.0883	0.5718478837827085	0.7062076230706597	-0.105	0.36127763461224516	0.3629633825608833	-0.0886	0.18414463740560408	0.49929259142429366	-0.0972	0.036133424983083556	0.48343305308482903	-0.0766	0.04786008323686887	0.469535197788759	-0.12	0.1598292158465249	0.5605232696209886	-0.0883	1.006264713124669	0.8367304777043901	0.0	1.151763191770677	1.0215154353970624	0.0	1.144282893289134	0.865911472247221	0.0	1.0573724319571396	0.8319822345532436	0.2016	0.9446844836166196	0.720985838571789	0.1613	0.9198279516263596	0.5632296755759613	0.12	0.913348919506809	0.8618174584129444	-0.2016	0.8820433979880106	0.6759659091988405	-0.1613	0.9968067716201019	0.6394141071614392	-0.12
136	2.305084745762712	0.6387472206430646	0.6921420338399792	0.0	0.7353432237887816	0.6428029837743914	0.105	0.8618750424449562	0.3809886462150676	0.0886	0.8164240082911738	-0.013617893666527811	0.0972	0.8946822768007047	-0.05159038735169083	0.0766	0.8876672315049674	-0.06954638246886027	0.12	0.787337592223326	-0.03971045437472458	0.0883	0.5671602145401322	0.7002453577560327	-0.105	0.35308312280586696	0.3678427582296352	-0.0886	0.1622373723791432	0.5659286404071022	-0.0972	-0.004313473209027009	0.5830744825993612	-0.0766	0.012979533733408197	0.5501049711282425	-0.12	0.14103967936055056	0.616137962113344	-0.0883	1.0350239685697182	0.8398569576421868	0.0	1.1526182851886047	0.9786358625149946	0.0	1.1641389976673004	0.8660797416307938	0.0	1.0657121570714654	0.8386333937529634	0.2016	0.9413126991703267	0.7290577849447349	0.1613	0.9337301228760522	0.5740391839251924	0.12	0.9321902225288605	0.8658794119071158	-0.2016	0.8723950865230696	0.6723328689309298	-0.1613	1.0270767052744598	0.632444954818598	-0.12
137	2.3220338983050848	0.6436650077737268	0.6980632999005124	0.0	0.7341506833722378	0.6419768052249376	0.105	0.8596952914536355	0.38079728892164116	0.0886	0.8167462980031964	-0.018187927939957216	0.0972	0.8820267310524228	-0.06629511584051893	0.0766	0.8878007420883846	-0.08341026719556305	0.12	0.7889595167570908	-0.042926485081955845	0.0883	0.5649253314422837	0.7032762838418355	-0.105	0.34578915395910303	0.37910252621273943	-0.0886	0.13175947808511268	0.5824836792932825	-0.0972	-0.041761318190802726	0.6164502767435497	-0.0766	-0.019527827412797037	0.6046132006656756	-0.12	0.1195664810082813	0.6496334326375779	-0.0883	1.0535649794246964	0.8541790286144451	0.0	1.1619801022286904	0.9835683204272703	0.0	1.170223883910017	0.8637336185003144	0.0	1.0726836236979853	0.8454732434676127	0.2016	0.9377299056664349	0.7430796257368972	0.1613	0.9338583620828893	0.5706823813971568	0.12	0.9345243807994907	0.8714281410458897	-0.2016	0.8443262651607494	0.6815592689445568	-0.1613	1.0246220659455807	0.6451932503652029	-0.12
138	2.3389830508474576	0.6472040190855517	0.7093758388154252	0.0	0.7354555012527467	0.6506194945241435	0.105	0.8610289272766172	0.3812077672902694	0.0886	0.8163834620270651	-0.022825461954098625	0.0972	0.8847000788932138	-0.05627256307555663	0.0766	0.8928237923880524	-0.08830763751169987	0.12	0.7899987226536102	-0.05078972274163468	0.0883	0.5649682986977276	0.7147309802781563	-0.105	0.32832680593396635	0.38830583951373787	-0.0886	0.11457137258638277	0.6044598784456521	-0.0972	-0.05179133826676002	0.6464379790359729	-0.0766	-0.033722241490039766	0.6385343847740185	-0.12	0.10170557572885694	0.678810456893272	-0.0883	1.049816876959433	0.8638494251221418	0.0	1.171146101722246	0.9940934219107284	0.0	1.1738300304870242	0.8831389197526088	0.0	1.0742097616826942	0.8551471419746323	0.2016	0.9336129347729244	0.7523011866790847	0.1613	0.9386893583712166	0.5716679209272709	0.12	0.9266472217718691	0.880454312684294	-0.2016	0.8481142372941677	0.6537249090944857	-0.1613	1.0439023701745562	0.6637609679671039	-0.12
139	2.3559322033898304	0.6495871893759039	0.7207310634808727	0.0	0.7337144177059455	0.6698493647588522	0.105	0.8623542751934538	0.3819883417653288	0.0886	0.8158880251579627	-0.0178797733747431	0.0972	0.8867125972521152	-0.05676430103489809	0.0766	0.8936573609536879	-0.08644810543951466	0.12	0.7914970444611747	-0.05069900350111313	0.0883	0.5680790527418148	0.7266771453928201	-0.105	0.32487054151502487	0.40194775870110805	-0.0886	0.0975266737002637	0.6330948448669859	-0.0972	-0.08488400509029702	0.6747822563796414	-0.0766	-0.05827738793146423	0.6776255552167351	-0.12	0.0844348917877923	0.7083130626610549	-0.0883	1.0531470178819466	0.872375765482206	0.0	1.1750425560308753	1.0130471880035967	0.0	1.1812766228422522	0.9104353949605444	0.0	1.0828041370981965	0.8605422705703067	0.2016	0.9344056356683537	0.7620953612514604	0.1613	0.941930162276533	0.5654915429087707	0.12	0.947457479369942	0.8873026875635548	-0.2016	0.8586120347858688	0.695657274432771	-0.1613	1.04368120986613	0.6553520878061178	-0.12
140	2.3728813559322033	0.6573538507779734	0.7266766641097879	0.0	0.7390688541782221	0.6803291413648761	0.105	0.8663863772910116	0.3842302677948852	0.0886	0.8183878781368755	-0.012789284193205755	0.0972	0.8986899061722758	-0.05200913701941577	0.0766	0.8937518949323255	-0.07091107971463739	0.12	0.7900607911218819	-0.04541683915359086	0.0883	0.5785475525829886	0.734479837813106	-0.105	0.3218491679505777	0.4230216602842156	-0.0886	0.08252892638313136	0.652266951662351	-0.0972	-0.06688609331613052	0.7054158029426713	-0.0766	-0.05734931122399274	0.7106580119967473	-0.12	0.0678862671712743	0.7122297125482842	-0.0883	1.0686257286129686	0.8877378874207627	0.0	1.1807266663466671	1.0318749982185342	0.0	1.1884544425914871	0.9325929571163317	0.0	1.0966787116929935	0.8729288118237373	0.2016	0.9466739412584322	0.7709491828054617	0.1613	0.9541888395016593	0.5682952719314538	0.12	0.9591633011351138	0.8982233540737324	-0.2016	0.8740930082304075	0.6569906539466375	-0.1613	1.041270892406711	0.6292432297550125	-0.12
141	2.389830508474576	0.6666277755837561	0.7355026933984666	0.0	0.7414674447477001	0.6882177384790289	0.105	0.859704534875672	0.38079015675835876	0.0886	0.8205194570223069	-0.0260625349103831	0.0972	0.8958336453093029	-0.06958528662705836	0.0766	0.8959649622486399	-0.08691552156381722	0.12	0.7913745839689266	-0.05569759112919895	0.0883	0.5825569778817198	0.7414677549589823	-0.105	0.3195946336399267	0.43549184440761635	-0.0886	0.07317694609142071	0.6624525320522721	-0.0972	-0.10879563110952481	0.7203912405849606	-0.0766	-0.08684246084342888	0.7231534456101367	-0.12	0.06028168035718327	0.7343059707535456	-0.0883	1.0903656287715586	0.9174637913179406	0.0	1.174864721555188	1.056572663023613	0.0	1.193844736061966	0.9698719056551555	0.0	1.1068391432033673	0.8904579652145901	0.2016	0.9484058110916126	0.7693561044701723	0.1613	0.9636939029961025	0.5840260353356721	0.12	0.9714635213237914	0.9076215335843432	-0.2016	0.8665724748595336	0.6246185387756537	-0.1613	1.0221975254029263	0.5156321921137211	-0.12
142	2.406779661016949	0.6694696597257944	0.7447430505362237	0.0	0.747325428135895	0.7033694454818067	0.105	0.856277568050141	0.38007879784978077	0.0886	0.8201752275465406	-0.020375942410378087	0.0972	0.9043416111444564	-0.058732506749547594	0.0766	0.896881333197083	-0.07987903873463395	0.12	0.7937102334824736	-0.04827029878148471	0.0883	0.5859016588806155	0.7499063971818288	-0.105	0.32603470514274246	0.4498247313963259	-0.0886	0.05655162379367433	0.6741253967215567	-0.0972	-0.09486270123058374	0.7226004777264732	-0.0766	-0.08329139670062276	0.734607550952828	-0.12	0.03834890118433576	0.7482130478043109	-0.0883	1.0982004829209924	0.9258016942587487	0.0	1.1825182440781796	1.0733624013854541	0.0	1.195255527927032	0.9743159927228368	0.0	1.1139637157477353	0.899310775371979	0.2016	0.9601061559797777	0.7595975837399526	0.1613	0.9583883581080671	0.6080913204997354	0.12	0.974710917989882	0.9128173672579047	-0.2016	0.8767861428306439	0.5971336646275256	-0.1613	1.0382569750100892	0.4678681125790199	-0.12
143	2.4237288135593222	0.6794764049149861	0.7546559144030508	0.0	0.7547269280548805	0.7050019533879475	0.105	0.8558756029828365	0.3804940281578967	0.0886	0.8205223850152059	-0.018249557738959893	0.0972	0.9075307378975324	-0.05334220783188036	0.0766	0.9072870534775594	-0.07402701260186613	0.12	0.7928430432006925	-0.0484937265336544	0.0883	0.593358723140774	0.7538398401362986	-0.105	0.3307084870200368	0.46112885822312744	-0.0886	0.04750921558638911	0.6856354946970468	-0.0972	-0.1006316811419424	0.7284878669780411	-0.0766	-0.08895454527170045	0.7353916852128776	-0.12	0.039078402789092456	0.7600085179391672	-0.0883	1.115172786662283	0.9525776198015927	0.0	1.1772377946252863	1.0985392531941376	0.0	1.2085880946967336	0.9910945934178621	0.0	1.1201340325238816	0.9101595718269739	0.2016	0.9618513280318982	0.746276070602235	0.1613	0.9699658763932286	0.621779417112759	0.12	0.991746043776476	0.9258943277156778	-0.2016	0.8967663225914202	0.5976544473345268	-0.1613	1.057571750111657	0.45361853796448715	-0.12
144	2.440677966101695	0.6885609289398888	0.763028398124619	0.0	0.7665957809081761	0.7201516852135876	0.105	0.8586007097004384	0.3810097151384467	0.0886	0.8201693271506203	-0.011615165512305098	0.0972	0.8978218100490188	-0.032150312539917916	0.0766	0.8963519459275381	-0.04981192231942	0.12	0.7916576216038316	-0.045893277707235794	0.0883	0.6139862578608251	0.773176995772268	-0.105	0.34505951763543835	0.4695614364533439	-0.0886	0.04754225019273711	0.6846253521683083	-0.0972	-0.07323602735672043	0.7332637748332848	-0.0766	-0.06869735310001979	0.7424523760651837	-0.12	0.014988089587292946	0.7523236698269222	-0.0883	1.0994286269206528	0.9538170891264139	0.0	1.1949847159983458	1.121194566822541	0.0	1.2090695067998931	1.0119278406859098	0.0	1.1369659505756404	0.9086859970743748	0.2016	0.9851548081434861	0.7540003867602943	0.1613	0.9813025064493094	0.651430958626126	0.12	0.9974607156799782	0.9463172028648539	-0.2016	0.9088555695829876	0.6332666578560698	-0.1613	1.054997902407539	0.449594655693262	-0.12
145	2.457627118644068	0.6938718348137947	0.7689019837760458	0.0	0.761035736652452	0.7165503606615153	0.105	0.8559336088066325	0.3780692962372866	0.0886	0.8201171995438133	-0.014716271124520591	0.0972	0.8958436099667241	-0.027897098573918755	0.0766	0.8980828478279713	-0.053205955633469235	0.12	0.7919987749641962	-0.044390759131013854	0.0883	0.6129190822323859	0.772774202243324	-0.105	0.3541967172840349	0.4759684028346989	-0.0886	0.050967280516936345	0.6742254842428319	-0.0972	-0.09084640140716674	0.707254309943861	-0.0766	-0.08257562662226105	0.6977561614112915	-0.12	0.037749940756137676	0.7429728863890107	-0.0883	1.1337233920043097	0.985785774466575	0.0	1.1848612429444998	1.1370582681032468	0.0	1.2125678877031005	1.0179316047596019	0.0	1.1446691935661217	0.9272047634663712	0.2016	0.9962926188990868	0.7554209089798897	0.1613	0.9995824140352193	0.6400363459387489	0.12	1.0206570096723537	0.9611954363723916	-0.2016	0.9236928925951217	0.6484328806352364	-0.1613	1.0626272674557316	0.4665476661087532	-0.12
146	2.4745762711864407	0.695914261316784	0.7750961606683421	0.0	0.7653008594861564	0.7323471245308476	0.105	0.8546238331412039	0.3760434336998508	0.0886	0.8216904875074618	-0.014592600405756856	0.0972	0.8982087960495642	-0.027831179250883936	0.0766	0.9001410024532372	-0.05204710743544211	0.12	0.79565146932292	-0.04395055684244166	0.0883	0.6221892769997273	0.7835625653709328	-0.105	0.38334602306334603	0.48191146151175973	-0.0886	0.05324381618871406	0.6702203347922578	-0.0972	-0.10733337152038766	0.7017816414807635	-0.0766	-0.09365741697819256	0.6921241326788057	-0.12	0.040481134717488904	0.7401401780827562	-0.0883	1.1299718697030516	0.982261266445235	0.0	1.204250998592304	1.142405279116342	0.0	1.2177814369761029	1.0241118545696963	0.0	1.1542696669817167	0.9284114780610231	0.2016	1.0035995611615423	0.7573568638610568	0.1613	1.011750579112836	0.6436573720469037	0.12	1.0275547702139183	0.9726981086822757	-0.2016	0.9293648177267316	0.6568366639111902	-0.1613	1.0658757816029245	0.4586324332417225	-0.12
147	2.4915254237288136	0.7051708817988772	0.7776749255040343	0.0	0.7752919401471952	0.7355106743663313	0.105	0.8546529396629161	0.37306338996099264	0.0886	0.8225954609976243	-0.01928271040408855	0.0972	0.8915411292226554	-0.028183557992638206	0.0766	0.8940593950037443	-0.05617409202972906	0.12	0.7944975056011265	-0.04422921352116137	0.0883	0.6357131898690416	0.7910763355219743	-0.105	0.4183039461020569	0.4849919533986694	-0.0886	0.061681062483313245	0.6551971958478501	-0.0972	-0.1115872682834939	0.6854868030876446	-0.0766	-0.10174431408727487	0.6647030579504801	-0.12	0.04399694187868923	0.7200717889332584	-0.0883	1.1289289953843489	0.9903059451197308	0.0	1.2128652910194087	1.1538116248465435	0.0	1.2220511727122643	1.0387535680756848	0.0	1.159514916120741	0.9311862037496996	0.2016	1.0125481880787137	0.7595274792010911	0.1613	1.020894934761431	0.6402484806116582	0.12	1.0253131363213477	0.986427685245739	-0.2016	0.940921898339099	0.6646766978582326	-0.1613	1.0593858516573937	0.45439479392441007	-0.12
148	2.5084745762711864	0.7225077791532808	0.782888332528725	0.0	0.7860015767467701	0.7363362049578759	0.105	0.8513369905344017	0.37274590902148547	0.0886	0.8245730324697368	-0.010174163832312066	0.0972	0.9054141575509514	-0.02483829225216358	0.0766	0.8952770271274249	-0.04213343128711468	0.12	0.7952559343423667	-0.03052680169380638	0.0883	0.6453274493718424	0.7926290919367112	-0.105	0.44824778598357845	0.49897702474525923	-0.0886	0.07446589405624296	0.6301944178464729	-0.0972	-0.052345353899522926	0.6271585525381613	-0.0766	-0.054460603230942796	0.6212414826897038	-0.12	0.03864508494158357	0.6849782177802636	-0.0883	1.134526792936171	1.010538623271931	0.0	1.1949311340941127	1.1740080423119736	0.0	1.222103353853672	1.0616428350285187	0.0	1.1660944696164897	0.9375811193008856	0.2016	1.0484705497711635	0.7652394154912372	0.1613	1.035739778297092	0.6614999475967602	0.12	1.0389606813277166	0.9993066465848905	-0.2016	0.9452092709148445	0.6720414480962473	-0.1613	1.0495688045474516	0.4706559466496087	-0.12
149	2.5254237288135593	0.7275821597577928	0.7845308695470443	0.0	0.7965564857680764	0.7359393694687206	0.105	0.8499560768754888	0.3714444772743875	0.0886	0.8226477956768635	-0.007802766107273235	0.0972	0.90864680549355	-0.02773894946977906	0.0766	0.8989398131482748	-0.042512058369483435	0.12	0.7941418969932798	-0.03494961132620246	0.0883	0.6499843882807561	0.7968111066152905	-0.105	0.4777430474404662	0.4929996987777707	-0.0886	0.09250289060189264	0.5925011571277295	-0.0972	-0.06588515367763435	0.5902512680589816	-0.0766	-0.06317815982467187	0.5800593080644578	-0.12	0.06079998576503917	0.6389016221535841	-0.0883	1.1327798565439164	1.0135163498954516	0.0	1.211738430199569	1.1984591184138818	0.0	1.209355527968063	1.0952578337103598	0.0	1.1778789106792158	0.9458991244172613	0.2016	1.043219964156369	0.7614568359758316	0.1613	1.0201752742425334	0.6474809921468319	0.12	1.0318883105877175	1.0048876643308426	-0.2016	0.9820430785146091	0.7369312163711114	-0.1613	1.070881961952316	0.6393516088825263	-0.12
150	2.542372881355932	0.7355696141932259	0.7828097035044919	0.0	0.8057829535364641	0.7329039413403299	0.105	0.8488751308489969	0.37177016809348673	0.0886	0.8237434360444365	-0.006939364567668693	0.0972	0.9077243824245979	-0.022468263692599938	0.0766	0.8982102276808415	-0.03832056533576095	0.12	0.7926408852848139	-0.03610636756673245	0.0883	0.6573048581666909	0.79115688961503	-0.105	0.518074081210387	0.5028659906340773	-0.0886	0.12127715134110195	0.5694312156187961	-0.0972	-0.022222258518098545	0.5432905655474987	-0.0766	-0.024729879586537475	0.5412296988175296	-0.12	0.0813411177901028	0.6130125575727587	-0.0883	1.1489817260610704	1.0349570628025633	0.0	1.2111196274116647	1.2215934105075856	0.0	1.218020797419345	1.1081212446714297	0.0	1.1824257331237271	0.9552645467245061	0.2016	1.0655326805974246	0.7601447240715686	0.1613	1.0200270829511062	0.6570692133249294	0.12	1.0382337358594285	1.0157532755050358	-0.2016	0.9969831789133355	0.7239578617701837	-0.1613	1.0505483093121193	0.5620215956151717	-0.12
151	2.559322033898305	0.7466489848961599	0.7880327993733526	0.0	0.8100905194192428	0.7407523824831601	0.105	0.8476923953451446	0.36968900302896524	0.0886	0.8239929368982626	0.001076400567629171	0.0972	0.9145097809518259	-0.019589931158547222	0.0766	0.8998666107540926	-0.02345708326222204	0.12	0.7938967844801944	-0.025784249779147034	0.0883	0.670272908757655	0.8007015688497846	-0.105	0.5603327539316958	0.4967302023714667	-0.0886	0.1757790452854266	0.5291612777493657	-0.0972	0.05791638987455388	0.4811651740091795	-0.0766	0.05345090288480744	0.48506446633043776	-0.12	0.11094221018299602	0.5742549975047728	-0.0883	1.1506557121919383	1.045176176810125	0.0	1.216946905264663	1.2235430163505239	0.0	1.2291936631413503	1.1082750046256058	0.0	1.1879412612264726	0.9678902879654976	0.2016	1.0832986365393558	0.7589169675888336	0.1613	1.0467878648228983	0.6416179711711018	0.12	1.048560487497274	1.0272384368310477	-0.2016	1.0043186852949288	0.7318228869212352	-0.1613	1.0321016059865558	0.5450304876134365	-0.12
152	2.5762711864406778	0.7596347794150097	0.783561852908033	0.0	0.8196052022848882	0.7482470383728183	0.105	0.8471715807582516	0.371351179153255	0.0886	0.8228421758811127	0.00891170810062697	0.0972	0.9086056881661722	-0.013148214638047953	0.0766	0.9026731159609535	-0.026717483823087945	0.12	0.7962561430060052	-0.02551014638822935	0.0883	0.6878573832430455	0.7994295946221969	-0.105	0.6151870503769006	0.4954914965884083	-0.0886	0.2324894014702728	0.4791965121861991	-0.0972	0.1717569224418762	0.402232169894311	-0.0766	0.15130192563869907	0.41502205402650744	-0.12	0.16561931440641015	0.5132389698002242	-0.0883	1.1370544630487074	1.0459035888131776	0.0	1.2252131821542074	1.253007257428346	0.0	1.2355688960503621	1.1283111959012277	0.0	1.1902182761191846	0.9789209607739159	0.2016	1.1133762287702522	0.7390130419990182	0.1613	1.1962888838484884	0.7142736509781269	0.12	1.0455386230763672	1.0348904609640435	-0.2016	0.9730406650028234	0.7478568303210649	-0.1613	1.0027618733859656	0.5421380335759685	-0.12
153	2.593220338983051	0.7601086127470337	0.7870070340655893	0.0	0.8164561223877596	0.7484324578501563	0.105	0.8476648413180533	0.37294916046229976	0.0886	0.823655093947017	0.00413290062890545	0.0972	0.9306881934652824	-0.017769334830398165	0.0766	0.9041908721918731	-0.030687973167056445	0.12	0.7944418625980768	-0.03151123967322465	0.0883	0.691185759360891	0.80338672458131	-0.105	0.6538733696371822	0.49496130893166274	-0.0886	0.2912673268379426	0.43066767016861335	-0.0972	0.25193349251764396	0.32231662380322723	-0.0766	0.23734941575880328	0.342743166206816	-0.12	0.22593031586531198	0.45672524271414255	-0.0883	1.1620743020809312	1.07748082021861	0.0	1.2333306893612555	1.2632791717280716	0.0	1.2509932400479022	1.1419066857471145	0.0	1.2000237431916132	0.9990372779656465	0.2016	1.1326092365789528	0.7457002141224034	0.1613	1.2403297802815763	0.7227123359395634	0.12	1.06782405755477	1.058294631401107	-0.2016	0.9509762090353537	0.780278339029058	-0.1613	0.9783052075229282	0.5715660173624253	-0.12
154	2.610169491525424	0.7662783008842646	0.7826534737775798	0.0	0.8222731657590525	0.7530286562594692	0.105	0.849717907022016	0.3760758991267368	0.0886	0.8233026678382177	0.00614578111793139	0.0972	0.9163485536883405	-0.02199921671906234	0.0766	0.9118760410257923	-0.024563542631530252	0.12	0.7895268200848186	-0.035423292668184475	0.0883	0.7008150204713951	0.8015785170714065	-0.105	0.7113105989654147	0.5026952271610402	-0.0886	0.39957180247993024	0.39660920331638294	-0.0972	0.34653301574149226	0.3209670952068372	-0.0766	0.3248844006318264	0.3346883463588659	-0.12	0.33725052221093915	0.3861822730559985	-0.0883	1.1656030525122991	1.074760140779259	0.0	1.2449199191018543	1.2844791653223937	0.0	1.2615439810361195	1.1655169626451554	0.0	1.2029815001121826	1.0036729013810353	0.2016	1.1514223575213316	0.739964195110018	0.1613	1.2722975377490267	0.7809562364092832	0.12	1.0820623163534187	1.0685630150855854	-0.2016	0.9619746070207797	0.8216189950602383	-0.1613	0.9744449595110574	0.593743628010351	-0.12
155	2.6271186440677967	0.7709545326622251	0.780072610061445	0.0	0.8193653365814302	0.7554459685366486	0.105	0.8548591651224422	0.37961938937490075	0.0886	0.8228883842065109	0.013793999581151017	0.0972	0.9063574921943371	-0.015913897912914074	0.0766	0.9046577502227686	-0.027597382707614	0.12	0.7898558370156404	-0.03037580308768245	0.0883	0.7179963508040285	0.7957224810864514	-0.105	0.7600063848697354	0.4987875965532582	-0.0886	0.47613304412688423	0.3499304663266445	-0.0972	0.50479119549949	0.20652323743422177	-0.0766	0.4827328498218443	0.20237014550410434	-0.12	0.4096142747340165	0.3423916185074349	-0.0883	1.171894647309962	1.088051519143832	0.0	1.250188103788979	1.293529633499739	0.0	1.2502060037920606	1.1839459521362068	0.0	1.196169645082707	1.0162489773477417	0.2016	1.174095018686206	0.7454942113491398	0.1613	1.2806896756039154	0.8086979638579508	0.12	1.0730074255448672	1.0700405228813576	-0.2016	0.9565406436361904	0.8412302815575246	-0.1613	0.9696964751664694	0.6346508849570109	-0.12
156	2.6440677966101696	0.7834467355734783	0.7749613811259205	0.0	0.8199648241249231	0.7491019076157541	0.105	0.8617863359945082	0.3870447423788453	0.0886	0.8224392672308668	0.01672233107705466	0.0972	0.925385432064299	-0.010832907822489385	0.0766	0.9063150967483126	-0.02955716489319364	0.12	0.7874482949924774	-0.025007375020607583	0.0883	0.7349675736361524	0.7877635110945858	-0.105	0.8047497189123436	0.4993734164662506	-0.0886	0.5714119973123823	0.30909214122228656	-0.0972	0.6095869560548456	0.15883330745532714	-0.0766	0.5929084012080156	0.1773097154350824	-0.12	0.5097840269023921	0.28593404317726256	-0.0883	1.1777601997120968	1.0925371843312313	0.0	1.2621780003355185	1.2934746652385347	0.0	1.2578786369989832	1.1793439724122474	0.0	1.2000889750632238	1.0211547258363027	0.2016	1.196333370068817	0.7454260734695676	0.1613	1.2922949587131871	0.8196539808466979	0.12	1.0792867466554632	1.0793904103258687	-0.2016	0.9679504729263283	0.8760093576216238	-0.1613	0.9697021664844675	0.6693362302162059	-0.12
157	2.6610169491525424	0.7966506708034875	0.7717823837329241	0.0	0.825059428815941	0.7513473772639052	0.105	0.8695519829785445	0.3860655197937462	0.0886	0.8222242472873617	0.01590345084567768	0.0972	0.9339960861628577	-0.011609584612401205	0.0766	0.9086758685140665	-0.027307418966369124	0.12	0.7851597180754406	-0.015185282752216783	0.0883	0.7560840830565456	0.7861958318036524	-0.105	0.8531571105854427	0.4911512773936814	-0.0886	0.6531107062338479	0.2723106191454175	-0.0972	0.7507425467267608	0.14982827287734213	-0.0766	0.7334633683122161	0.1571265693804586	-0.12	0.595794804798921	0.2503059924726431	-0.0883	1.1827842604151095	1.1026691578411174	0.0	1.2635222041594252	1.3051000783822075	0.0	1.2524622343658907	1.1930977770698934	0.0	1.2115000969920422	1.030750655667581	0.2016	1.2222622326899961	0.7537272637359202	0.1613	1.301287901355211	0.8342780242372592	0.12	1.0925127225748137	1.089784525915825	-0.2016	1.0536938109298224	0.9069010672732207	-0.1613	1.2590641745964588	0.8115950129721419	-0.12
158	2.6779661016949152	0.8238803841754804	0.7630560514289761	0.0	0.8185029006385564	0.7518214654664346	0.105	0.8765217846217968	0.3895971470965471	0.0886	0.8214224912796674	0.015757226140347066	0.0972	0.9370942648286591	0.0006572222479777207	0.0766	0.9144178173857622	-0.02302609752073108	0.12	0.7846721971291557	-0.016869106703019596	0.0883	0.8317066873758149	0.768566069335988	-0.105	0.9544413334468144	0.5000761667809106	-0.0886	0.7237358380817223	0.2436827176878003	-0.0972	0.8632795418691444	0.17467598629949416	-0.0766	0.8273441467350987	0.17612151365943574	-0.12	0.6665696831135487	0.21779624610123274	-0.0883	1.1912015931320399	1.110878521212693	0.0	1.2730628857964459	1.3114793394390396	0.0	1.2652070350184594	1.1990717276434044	0.0	1.2147227163457737	1.0312290716958457	0.2016	1.246591728694404	0.7625066874802442	0.1613	1.3212808547788333	0.8495455776538969	0.12	1.1053113282663398	1.0984190274455032	-0.2016	1.119056781538233	0.9215028924600259	-0.1613	1.2711639521261286	0.8846008869425601	-0.12
159	2.694915254237288	0.8478879588219664	0.7614622982022842	0.0	0.8204703955879336	0.7542234508000654	0.105	0.8814825048624209	0.38640976611050903	0.0886	0.8207854015360413	0.01875512961619827	0.0972	0.9501322487953431	0.007569333966817263	0.0766	0.9171217624808826	-0.016012648308771346	0.12	0.7792021065803982	-0.02029043352721159	0.0883	0.8893213930591907	0.7619363723745081	-0.105	1.0041421260537147	0.49046020071689067	-0.0886	0.9348386737270173	0.16898578074201032	-0.0972	1.0291922937181694	0.08602083893781429	-0.0766	1.0121190130611548	0.10129250530109654	-0.12	0.8943348833588887	0.1326666465415774	-0.0883	1.1929735424409005	1.1171200292620826	0.0	1.2808929141586172	1.324387297031266	0.0	1.280149419768824	1.2097590580827582	0.0	1.2211670514093458	1.0432254755715553	0.2016	1.2613758558708603	0.7731440034671256	0.1613	1.333816805334623	0.8488617700682759	0.12	1.121316101778611	1.105154987544426	-0.2016	1.1690689583970109	0.914255107445125	-0.1613	1.2878635022032552	0.8902532529631211	-0.12
160	2.711864406779661	0.8651988640630535	0.7430046333134095	0.0	0.8216693958835326	0.7417004867498852	0.105	0.8954343316577743	0.3891234470305808	0.0886	0.8229674168046951	0.026694275379102433	0.0972	0.9469970038666368	0.004343077320807451	0.0766	0.9064501863238982	-0.011713764423998657	0.12	0.7812660675125743	-0.012393856529262726	0.0883	0.9336883296486962	0.7394307169290552	-0.105	1.0352338037237407	0.4701425433411697	-0.0886	1.0162674247930694	0.1562377293348328	-0.0972	1.152502882023906	0.05074735665198202	-0.0766	1.1412283410070347	0.07349918368628297	-0.12	0.9673894763422181	0.11013312746291323	-0.0883	1.2192867610858988	1.149456125695637	0.0	1.2638864950378565	1.3307985470022157	0.0	1.2920958547665833	1.2321586324398641	0.0	1.227915444774733	1.0545402064267555	0.2016	1.2700462285148686	0.7917553105379453	0.1613	1.3485661040296968	0.8418969162493888	0.12	1.1455133652761036	1.1154374392028572	-0.2016	1.2068701437956528	0.893526394347234	-0.1613	1.3270694354310548	0.8899512414743118	-0.12
161	2.7288135593220337	0.8996433389818452	0.7412117603449004	0.0	0.8418056955805804	0.7408097198818505	0.105	0.9022658611013605	0.38761495967728	0.0886	0.8239256566138461	0.026044943220854044	0.0972	0.9456565786881096	0.006978934785862617	0.0766	0.9019096268166803	-0.01305142220900668	0.12	0.781379479976131	-0.014665405094200792	0.0883	0.9550727952782538	0.7372024890620474	-0.105	1.0817786688759767	0.4662330781984324	-0.0886	1.0883012636540181	0.1630012891939843	-0.0972	1.2513001614123582	0.07125467757183254	-0.0766	1.2459210618297756	0.098787297224491	-0.12	1.0463198572691086	0.10234579327662482	-0.0883	1.2200031723268376	1.143001193619677	0.0	1.2805088882136342	1.3446952548548812	0.0	1.3097615024609826	1.2325263826239399	0.0	1.2350491846451885	1.060065640613517	0.2016	1.28528084970231	0.7989720348828294	0.1613	1.3619456824830167	0.839944109114199	0.12	1.1504305596696485	1.1231951514355978	-0.2016	1.2268423194930835	0.9031090041501288	-0.1613	1.3434632432396454	0.8928027375681211	-0.12
162	2.7457627118644066	0.9221148201132576	0.7301921072760764	0.0	0.8629377674356168	0.7327063685286976	0.105	0.906607747792508	0.38574304899630285	0.0886	0.8253792187067327	0.029182871991142396	0.0972	0.945296497791006	0.010738663169302068	0.0766	0.9039771113658762	-0.007060973732330597	0.12	0.7820974704781927	-0.012677684576386919	0.0883	0.9825020629381904	0.7214860906582202	-0.105	1.1177317067257306	0.46001016677108897	-0.0886	1.182586589806105	0.1428424415193536	-0.0972	1.352592725019047	0.08194502954949866	-0.0766	1.3441811293853272	0.10237056876463985	-0.12	1.140633946256796	0.07723136551571409	-0.0883	1.2244656072447075	1.1492221837550833	0.0	1.2870379365608455	1.3508838904195772	0.0	1.3270655369018773	1.2383052963580052	0.0	1.2470741560889562	1.070219472747267	0.2016	1.2895582691485112	0.8159490300599016	0.1613	1.3695794101222725	0.8343576970524523	0.12	1.155031843788926	1.1231926817753801	-0.2016	1.2519462365693366	0.9061049050515386	-0.1613	1.3652211244102477	0.8992768798153775	-0.12
163	2.76271186440678	0.9509741490475662	0.7263280127876144	0.0	0.8880897895495713	0.7290251671367276	0.105	0.9157723044307226	0.38060366251185007	0.0886	0.8269563999507773	0.029437424421972683	0.0972	0.9565306191985683	0.007855356061220398	0.0766	0.9128280852009629	-0.010557717951381787	0.12	0.7835935288796532	-0.015135441753433967	0.0883	1.0200879123281665	0.7133744444283819	-0.105	1.1622084722113182	0.45944061227762434	-0.0886	1.2776782459609897	0.12838269455494825	-0.0972	1.4644890625479856	0.08612732663891419	-0.0766	1.4448751663846746	0.10492754532471552	-0.12	1.243972739872695	0.06381633166370543	-0.0883	1.2345095411726201	1.160616255272074	0.0	1.2953805050070564	1.3637971301887295	0.0	1.3324246796163048	1.2584240115113183	0.0	1.260050696563498	1.0815632781646687	0.2016	1.2979967571651554	0.8317937676278042	0.1613	1.38353999231667	0.8377523659793547	0.12	1.16889404185162	1.13379134975116	-0.2016	1.27745789386925	0.9140396545449626	-0.1613	1.3829169050135903	0.9129883678450208	-0.12
164	2.7796610169491527	0.9711775228973503	0.7149324703773702	0.0	0.9077734869861016	0.7107000847416703	0.105	0.9305411917186401	0.3791184027105458	0.0886	0.8269486362126207	0.03344048392824322	0.0972	0.9529851218931487	0.008462934381337564	0.0766	0.9134485224755137	-0.01279321090691768	0.12	0.7838455002069968	-0.012782316778771188	0.0883	1.0507553459822139	0.7063507134326749	-0.105	1.2024842524180617	0.46450135104840007	-0.0886	1.355681114657901	0.12657034317639015	-0.0972	1.5330020306851895	0.09035962789861476	-0.0766	1.5199537504402698	0.10918470557393077	-0.12	1.3311797955369244	0.062104380162659206	-0.0883	1.25134430096781	1.1832175566205008	0.0	1.2990018596053614	1.3696770664238587	0.0	1.3501054214122492	1.262058149753095	0.0	1.2674989022019483	1.0924663755430142	0.2016	1.3045652656593318	0.8376019219298423	0.1613	1.4032396315699944	0.8395364908858175	0.12	1.1798730548447918	1.1413704430798683	-0.2016	1.2827113158896253	0.9098319636307213	-0.1613	1.4060301463313731	0.925846405753006	-0.12
165	2.7966101694915255	1.0017987995610593	0.7131778763266582	0.0	0.9381114230150455	0.714211896799361	0.105	0.9440378299167673	0.3755742029368404	0.0886	0.8321281495184563	0.03424831329412122	0.0972	0.9512388558934144	-1.4752317408300852e-05	0.0766	0.9119704561865957	-0.011876438266388109	0.12	0.784291139360061	-0.008997086594505432	0.0883	1.0787499213074467	0.7147261265964526	-0.105	1.2464350610881536	0.46211494064537284	-0.0886	1.4044932149255636	0.13052513956970296	-0.0972	1.591387606839643	0.10539133574940128	-0.0766	1.5805028443565283	0.12064788103955118	-0.12	1.3784471846812067	0.0666514781667181	-0.0883	1.2537072870533852	1.1792815302089776	0.0	1.3179038111994614	1.386783946321908	0.0	1.3597634474661904	1.2780644821270948	0.0	1.2803392524438362	1.1015231144439703	0.2016	1.3218685647562793	0.8508691564788398	0.1613	1.4155637235977503	0.84890772364918	0.12	1.1837420531516174	1.1467742100456848	-0.2016	1.3076892183115494	0.9309482767804206	-0.1613	1.414827554996425	0.929924946960675	-0.12
166	2.8135593220338984	1.0233298529472556	0.710902872812522	0.0	0.9600046023838527	0.696374835951129	0.105	0.9593095744682238	0.367393567941018	0.0886	0.838727195671724	0.035468873540839975	0.0972	0.9589537651040784	-0.0019980374889000396	0.0766	0.917789611870355	-0.011701091607956252	0.12	0.7882805133502708	-0.004571225278573843	0.0883	1.1070733773229313	0.7037008527520103	-0.105	1.2890725648814116	0.45930300381875	-0.0886	1.459204223196612	0.12431949625941097	-0.0972	1.6312097564995751	0.11271492313875493	-0.0766	1.6215059189157703	0.12107743404098018	-0.12	1.432406890464073	0.06320951003307258	-0.0883	1.2746285526435273	1.2031582608196136	0.0	1.3062565576384595	1.3803754409332814	0.0	1.3793123091210566	1.2833039849204493	0.0	1.286316243075214	1.1023622818448875	0.2016	1.334162545495913	0.858029123480729	0.1613	1.435941458593548	0.8519802908572811	0.12	1.2035345285221348	1.152696200559461	-0.2016	1.3050760166862085	0.9336863433259477	-0.1613	1.4324424590402687	0.9333495915790075	-0.12
167	2.830508474576271	1.0584297087245162	0.7129140280288752	0.0	0.9904175670159872	0.7039091752152766	0.105	0.9870768691329899	0.36252062131037927	0.0886	0.8467496685563813	0.03612210427357958	0.0972	0.9672643865216072	-0.0064800043231965365	0.0766	0.9258691410603951	-0.013027884788568186	0.12	0.792958484489518	-0.0004036317052403121	0.0883	1.1456244428443827	0.7126872801866654	-0.105	1.327501926607603	0.46461543429855967	-0.0886	1.50462540367876	0.11085698060651286	-0.0972	1.65202816923076	0.09685749725338243	-0.0766	1.6465585403761176	0.10904888762326512	-0.12	1.477800568848185	0.05458439072649461	-0.0883	1.2748901530843413	1.19928705379336	0.0	1.3285628025524088	1.3983941658190373	0.0	1.3853132279530624	1.289444336107621	0.0	1.288717651949999	1.1150269862353561	0.2016	1.3391557166413788	0.8653139710206657	0.1613	1.4450105833768259	0.8511109244583731	0.12	1.2136037960648776	1.1556890821446586	-0.2016	1.3377289983262077	0.9349348218656355	-0.1613	1.4508801629788013	0.9327313103012466	-0.12
168	2.847457627118644	1.0867627293630924	0.7107571869462127	0.0	1.0182374860688044	0.6986055563870601	0.105	1.0143363988625194	0.358018974522171	0.0886	0.8537936255410657	0.044749442261376074	0.0972	0.9842514845569834	-0.005768318384432661	0.0766	0.9416843585798096	-0.007953503268661996	0.12	0.8012616741206688	0.007546489535952786	0.0883	1.1758912656981728	0.7095998642205348	-0.105	1.3581914176134935	0.47145341772601973	-0.0886	1.5335880480902082	0.10594306183628682	-0.0972	1.657555880912957	0.0753505124872767	-0.0766	1.6535031954964297	0.08943379006793273	-0.12	1.5003472560420195	0.05186475732215037	-0.0883	1.2839992733418577	1.2103653483110692	0.0	1.3294849552225196	1.4059239595921578	0.0	1.4001530812411627	1.3007975877124227	0.0	1.293002736840073	1.1162519988496897	0.2016	1.3414444916188193	0.8668490690937731	0.1613	1.4529348538759486	0.859704200222267	0.12	1.2226690792968757	1.1578602118840666	-0.2016	1.3478347108155944	0.9468340162014107	-0.1613	1.4706895288177302	0.9311650498368105	-0.12
169	2.864406779661017	1.1127112634381486	0.7102753110209562	0.0	1.0430091517422386	0.700233122028685	0.105	1.0562757740794593	0.35380688067872784	0.0886	0.870612087623407	0.06582738324253105	0.0972	0.989949603868695	-0.018482219205697648	0.0766	0.9467221430045581	-0.011230374408516874	0.12	0.8141952536606207	0.04592333514534354	0.0883	1.2011496079651025	0.7147558257011608	-0.105	1.3888186837589318	0.474809837642637	-0.0886	1.5370031693234143	0.10607328094950305	-0.0972	1.670624236694673	0.061162438591026685	-0.0766	1.6584273287754545	0.08070832342312866	-0.12	1.4958284694569826	0.05333388104892997	-0.0883	1.287744381311479	1.20869197127397	0.0	1.3442111223110107	1.4090622732136178	0.0	1.4025603547533139	1.298121417304185	0.0	1.2935804653982903	1.1240072321286674	0.2016	1.3429977126884614	0.8764497544943309	0.1613	1.4678740769493135	0.8604071915870285	0.12	1.232131406404374	1.1624832293295968	-0.2016	1.3511169380635848	0.9438323460523009	-0.1613	1.4612769566591262	0.9293097698092737	-0.12
170	2.8813559322033897	1.142666612735693	0.7165576269763986	0.0	1.067533174527482	0.7092324304662188	0.105	1.1074310209065008	0.35062521076750836	0.0886	0.8911434022433443	0.08663762291146958	0.0972	1.0010402470539035	-0.020580309550329898	0.0766	0.9573056122208279	-0.014719356209076759	0.12	0.8365257596395951	0.07983570014250277	0.0883	1.227550229557234	0.7288291683967244	-0.105	1.4232514000127539	0.47788794105058463	-0.0886	1.5335957519019405	0.10649175578170336	-0.0972	1.6650156297939476	0.05761293150654234	-0.0766	1.6563803810646964	0.07889304222921936	-0.12	1.4941180701331445	0.05472849922162863	-0.0883	1.2891719001099133	1.2071380477117446	0.0	1.346828261963889	1.417894017918991	0.0	1.413077464040441	1.3099615515224274	0.0	1.2934453079576527	1.1294074310876812	0.2016	1.3537509396977783	0.8698402402322121	0.1613	1.4900433362254468	0.8672975440668474	0.12	1.2473401638355643	1.169462493144283	-0.2016	1.3434809064791637	0.9434215836209424	-0.1613	1.4548418987632377	0.9268635678038039	-0.12
171	2.8983050847457625	1.1596571625205472	0.7155799162273685	0.0	1.083971479390628	0.7108572897178995	0.105	1.15056750034895	0.34146310206512065	0.0886	0.9118202100102716	0.1108339680940377	0.0972	1.0123346518469958	-0.022745181969058476	0.0766	0.9639632868075433	-0.01245547621565296	0.12	0.8565491308234982	0.1097400103304007	0.0883	1.2441346431132432	0.7348905293475614	-0.105	1.4504895179057182	0.48309813198005847	-0.0886	1.5313263024741237	0.10738478916288206	-0.0972	1.6641118843504672	0.057783897522556665	-0.0766	1.6528963279801636	0.07890209650079712	-0.12	1.4927827930086546	0.05526034472485829	-0.0883	1.294740460817047	1.2079375127157235	0.0	1.351294281610547	1.423655002188076	0.0	1.4211089839569213	1.3156050695313504	0.0	1.294230238636643	1.1322347440770792	0.2016	1.355581398032374	0.8706914986000279	0.1613	1.49850921689346	0.869882505879478	0.12	1.2564420042253406	1.1702412980314023	-0.2016	1.3352755496922566	0.931444722476539	-0.1613	1.4465461303751146	0.9229177786372417	-0.12
172	2.9152542372881354	1.1688894386826942	0.7169552363058252	0.0	1.1017352152598363	0.7048658214000323	0.105	1.185963135467123	0.3362109671992667	0.0886	0.9350261750174094	0.13571494844335483	0.0972	1.0226265662587097	-0.011084294054481109	0.0766	0.9743624387311692	0.002208136082675033	0.12	0.8767394863986507	0.1519001211332984	0.0883	1.2512312040746145	0.7326372324291777	-0.105	1.4729372816179438	0.48760886337597364	-0.0886	1.5328806824374273	0.10636897689823147	-0.0972	1.6635116201987175	0.060355607232645145	-0.0766	1.6536563542606066	0.08065752773282055	-0.12	1.4859494384458065	0.0497397534108093	-0.0883	1.2997297506995824	1.2235656309658065	0.0	1.3537906158912825	1.4306169150198942	0.0	1.4244055517693288	1.3243659662319731	0.0	1.295411578332307	1.1302708919223623	0.2016	1.3573285801172112	0.8776083604587271	0.1613	1.5008079366802514	0.8723197540617332	0.12	1.2545549559118498	1.1718388973145817	-0.2016	1.3465880814015783	0.9374151961885373	-0.1613	1.4529577421809738	0.9388942014641738	-0.12
173	2.9322033898305087	1.1854554275138522	0.7134150533939516	0.0	1.1147273758492293	0.6988671573476227	0.105	1.230563183729618	0.3420966665741589	0.0886	0.9624642099827588	0.16007035412750562	0.0972	1.0403427316914662	-0.007188503826825246	0.0766	0.9950586842181206	0.009521292418840421	0.12	0.9049561625750469	0.18345474313419863	0.0883	1.2701260350215997	0.7303985197136931	-0.105	1.492126982351878	0.48693719008518216	-0.0886	1.5344868291887135	0.10375797295281351	-0.0972	1.6727359223397138	0.06210711203658148	-0.0766	1.6588726456142182	0.07809650173989899	-0.12	1.4950677826227723	0.04733015221301423	-0.0883	1.3083026720030628	1.2258183365552813	0.0	1.343188255402799	1.4385099528358718	0.0	1.4226323202948066	1.3365888364161578	0.0	1.295352146443724	1.137418811664081	0.2016	1.3556142040841972	0.8840708834699541	0.1613	1.5117760521028576	0.873594796310134	0.12	1.280999975437779	1.1736554695459829	-0.2016	1.3599613815183378	0.9374092225040741	-0.1613	1.4705378599068228	0.9289123087117888	-0.12
174	2.9491525423728815	1.2071113885283382	0.718980534644131	0.0	1.13566531196708	0.7038458563694576	0.105	1.2746648670210394	0.34669566030806487	0.0886	0.9997081557841339	0.19009417532119838	0.0972	1.0596666889068458	0.0027129087164663723	0.0766	1.0139674397011884	0.02066649983269657	0.12	0.9473891671517105	0.19943605107191528	0.0883	1.2882890346502358	0.7387027726729911	-0.105	1.5081370415943496	0.4866801174467251	-0.0886	1.5370141620572455	0.10407745101320151	-0.0972	1.672327266896824	0.06466913208669625	-0.0766	1.6530131690936234	0.07975197687964858	-0.12	1.4964988459248845	0.04453945488972408	-0.0883	1.3097982189640516	1.2321181426968029	0.0	1.3419818425770922	1.4474626082398694	0.0	1.4229818646900505	1.3522045564385938	0.0	1.2936944285500411	1.1466560480071941	0.2016	1.3553126994273312	0.8830062825080418	0.1613	1.5178485413674143	0.8758414165714252	0.12	1.302290296263199	1.1808129554405649	-0.2016	1.3545648551739071	0.9317650663298526	-0.1613	1.4667526668208983	0.923943096358735	-0.12
175	2.9661016949152543	1.2151100941112574	0.7232064579827421	0.0	1.1480106577977884	0.7074038334758024	0.105	1.3084464539637481	0.35434808717435184	0.0886	1.0329953534599665	0.20025412551536478	0.0972	1.0875270042027607	0.01944075414595231	0.0766	1.0452377368867056	0.04153376584907749	0.12	0.9841154257490231	0.2158214132705708	0.0883	1.293256626569505	0.7420198683142318	-0.105	1.5137898176174416	0.48920739991222395	-0.0886	1.5367765815184529	0.10416091071803939	-0.0972	1.6745667478361685	0.06550877859986484	-0.0766	1.6591911668996822	0.0799557279379294	-0.12	1.498655286223528	0.04777977702192249	-0.0883	1.3133778180631932	1.2381679685828273	0.0	1.3421479481912553	1.4526730411213302	0.0	1.4285896225559573	1.3552398310818539	0.0	1.2890202145185676	1.1544564939454993	0.2016	1.350652251851208	0.8867400766283705	0.1613	1.5242107992196707	0.8784306132417531	0.12	1.3267264240267713	1.1843422982086667	-0.2016	1.3692871123326935	0.9283348968570432	-0.1613	1.4769776828227936	0.9370412451487711	-0.12
176	2.983050847457627	1.2188016953472594	0.7185274020169651	0.0	1.1582541880692236	0.6898824147265274	0.105	1.3390861385142312	0.371028598842307	0.0886	1.0669867045385	0.20886218990700528	0.0972	1.1216075535450236	0.04211791076447824	0.0766	1.0785288214853812	0.06175305222623984	0.12	1.0139785218840138	0.23219858819694644	0.0883	1.3038197154649138	0.7284291523552917	-0.105	1.5183497138015545	0.4889430200754078	-0.0886	1.5360961751476214	0.10613900692711495	-0.0972	1.6712997156953526	0.06623183829032245	-0.0766	1.6679990913836193	0.08037036730652548	-0.12	1.496542793188347	0.04913378975865637	-0.0883	1.3131421518234763	1.2548475342892191	0.0	1.3273261696956338	1.4553166305145209	0.0	1.4205401212701314	1.3730188354345283	0.0	1.2844259468980717	1.15318261976611	0.2016	1.341030311903444	0.8968147852592263	0.1613	1.513108578806757	0.8752365672692743	0.12	1.3300156350161194	1.184047119464155	-0.2016	1.3572296986788643	0.9481326418051693	-0.1613	1.4793077847226448	0.9489092544044547	-0.12
177	3.0	1.2364262264505717	0.7317903543282446	0.0	1.1683973317066583	0.7133619845819916	0.105	1.369526122099128	0.38347739130910863	0.0886	1.1061019429743058	0.22832255139261232	0.0972	1.1591014919239149	0.062182616241210395	0.0766	1.11787850272012	0.07388692313075745	0.12	1.0490231756809918	0.24309659240702158	0.0883	1.31578316307971	0.7445166736526153	-0.105	1.5287500333878365	0.4931638529554855	-0.0886	1.537925902882654	0.10702855091801083	-0.0972	1.6787723381928656	0.06069072226888722	-0.0766	1.6724809733641788	0.08075152577321083	-0.12	1.5016732957633399	0.055903153573784864	-0.0883	1.3120156974976882	1.2506947135646096	0.0	1.334594824142129	1.4651924282214555	0.0	1.416025440555862	1.370732352371364	0.0	1.2794017348606777	1.1625896040318908	0.2016	1.3400467203128479	0.8982581045113879	0.1613	1.5233883123056753	0.8849029856572291	0.12	1.3576303193368853	1.1842980464116115	-0.2016	1.3860691223295891	0.9411533192227767	-0.1613	1.4925785767820876	0.9587637592205993	-0.12
178	3.016949152542373	1.2495586157687506	0.7386553908257528	0.0	1.179855995427569	0.7304306588262899	0.105	1.4036958729399087	0.40971319011130725	0.0886	1.1397192345603995	0.23803238359778212	0.0972	1.1936244139342553	0.07248288076692913	0.0766	1.1556942123632168	0.08573089305563864	0.12	1.0820209925208057	0.2524479226241494	0.0883	1.324408732430625	0.7637710000254007	-0.105	1.5367999749409418	0.4916856796358571	-0.0886	1.539714315941303	0.10722464961729435	-0.0972	1.6756704100912025	0.05122519441494644	-0.0766	1.672963045776079	0.08046610241521499	-0.12	1.5016675760220635	0.05022359033427412	-0.0883	1.3144648381870168	1.2500030846597616	0.0	1.3408981554933546	1.4753591749409602	0.0	1.419154522566916	1.3754249298937518	0.0	1.2759469678410185	1.172754988054914	0.2016	1.3341219511946378	0.905057402001932	0.1613	1.5201107436453585	0.8859471040181188	0.12	1.3757472712758767	1.1878758559933371	-0.2016	1.395748921411683	0.9347039710893582	-0.1613	1.5011215028619531	0.9543484271360784	-0.12
179	3.0338983050847457	1.2535847358904826	0.7464119262305637	0.0	1.1860089956963218	0.7394225597605029	0.105	1.425582316368104	0.43432731673844527	0.0886	1.172464662165565	0.24502078882119888	0.0972	1.2520132896138294	0.08907485467753341	0.0766	1.205565547206179	0.09625057441866494	0.12	1.1140320587295376	0.2550177239262897	0.0883	1.3226871274330965	0.7708180146781595	-0.105	1.540593760241419	0.48950933362532956	-0.0886	1.538606869602799	0.1071543214565223	-0.0972	1.667814303083922	0.05803852708339549	-0.0766	1.6715871599086358	0.08028943314479609	-0.12	1.5011211702182463	0.049828397557127965	-0.0883	1.3159974021256173	1.2603954751602044	0.0	1.3440010643790965	1.4854197063481969	0.0	1.4244904546399606	1.391921075414435	0.0	1.2704491393729302	1.1806042624777215	0.2016	1.3274746453108446	0.9135064826749123	0.1613	1.5169885167508577	0.884755402034078	0.12	1.3807025570627411	1.192961216559077	-0.2016	1.4057998521127142	0.9335973824513757	-0.1613	1.5029134645693745	0.9605449531933103	-0.12
180	3.0508474576271185	1.2436219888071984	0.746080470038216	0.0	1.1823914677124003	0.7130152340684514	0.105	1.4330317380174584	0.4596960593783318	0.0886	1.1923523687881423	0.25247642517239327	0.0972	1.2913727696043251	0.09904275379742253	0.0766	1.2442512240574757	0.10475165369935785	0.12	1.126642869674573	0.24861654135572242	0.0883	1.31439591008334	0.7462084118409238	-0.105	1.5258925420370646	0.48338446250949946	-0.0886	1.5352018858915475	0.1056628333627929	-0.0972	1.6714397167825525	0.06734631666831369	-0.0766	1.6724836922369564	0.08082665228281778	-0.12	1.5001938299188582	0.049994922941640915	-0.0883	1.3147160910593616	1.2823551527866868	0.0	1.3125000048048359	1.4931050054059112	0.0	1.4181971219128864	1.4037685682590573	0.0	1.267097882371655	1.1764858791131885	0.2016	1.3183407969522634	0.9242073746130486	0.1613	1.508188092449781	0.8860989540810027	0.12	1.3783877948943086	1.2000558569505637	-0.2016	1.393978134923043	0.9718521434452065	-0.1613	1.5035286032355744	0.9932672250322748	-0.12
181	3.0677966101694913	1.2535715025917642	0.7565624081530921	0.0	1.1935204324832407	0.7413241971524702	0.105	1.4674264714055711	0.48066246195110285	0.0886	1.2223629264684681	0.2574704073325387	0.0972	1.3323567078030965	0.10507197531314505	0.0766	1.2810410659667972	0.11148073261640215	0.12	1.1577640370458948	0.24568124160328586	0.0883	1.3282549521172253	0.772752169055595	-0.105	1.5422536617138667	0.48545177702479897	-0.0886	1.5375406692160072	0.10575300535472883	-0.0972	1.6759300377251942	0.06474821750693359	-0.0766	1.672179263253541	0.07930539786053968	-0.12	1.5001787096223549	0.05156219544710902	-0.0883	1.3107820529122265	1.2815693421367684	0.0	1.3121405052929576	1.5065596435072361	0.0	1.4156146102966904	1.4127076815895059	0.0	1.2584440379305857	1.1915425554000625	0.2016	1.314370229411215	0.9289605401478264	0.1613	1.5093910706754958	0.8855470419670809	0.12	1.3867979847483771	1.2144542586742326	-0.2016	1.4419160514421623	0.9824826402914325	-0.1613	1.5195054380617494	0.9668418433508483	-0.12
182	3.084745762711864	1.2525473828001819	0.772229224244176	0.0	1.1992250108356088	0.750711061212187	0.105	1.4811923062253989	0.5148854786942507	0.0886	1.259065624775236	0.25599572613274524	0.0972	1.3748999516849587	0.1062199028370826	0.0766	1.322584189542447	0.11276501055988987	0.12	1.1937473415051367	0.23938809388578006	0.0883	1.3273857213916556	0.7770540667058454	-0.105	1.523811284299574	0.49066501047027444	-0.0886	1.5372682316714337	0.10529656719391839	-0.0972	1.678012550909005	0.07742828446319569	-0.0766	1.6691134280562492	0.0796450494833634	-0.12	1.5055262709327728	0.04553656054790252	-0.0883	1.3051639621242979	1.302361181562546	0.0	1.3027912826108856	1.511974323415036	0.0	1.4073289659534802	1.4312828797975279	0.0	1.2468492342411357	1.2038545110298764	0.2016	1.3034619924287136	0.9446654562814125	0.1613	1.5007283617575895	0.8863589789451192	0.12	1.3981581421770932	1.230008452313203	-0.2016	1.4608928663587526	1.0191140406911803	-0.1613	1.523110804251182	0.9691784437251554	-0.12
183	3.1016949152542375	1.257809408751075	0.7865723020379284	0.0	1.2020315186057475	0.7742530472383448	0.105	1.4857743791676412	0.530226282675962	0.0886	1.2756432561742754	0.24864616636253123	0.0972	1.3917072543765938	0.1037448689506575	0.0766	1.3393828931968217	0.11016863352476863	0.12	1.2071807792930536	0.2239183295498892	0.0883	1.3323863332215105	0.7964410765042607	-0.105	1.5193836661899427	0.4974206158853008	-0.0886	1.5414196835948113	0.10239879476439621	-0.0972	1.678869659480658	0.07842926734981998	-0.0766	1.6730420287869407	0.08603131180849512	-0.12	1.5068852171834821	0.04877085924709505	-0.0883	1.305815931947186	1.3052180703739538	0.0	1.3041333825385777	1.5292215978242931	0.0	1.399575816049573	1.4298001010810384	0.0	1.2379628342038411	1.2117953239696058	0.2016	1.289167808141798	0.9527747696708131	0.1613	1.501084293427272	0.8858045863507964	0.12	1.3989615786219007	1.24346330400743	-0.2016	1.4715793160007296	1.0327729997813608	-0.1613	1.5245563366173325	0.9901240280424526	-0.12
184	3.1186440677966103	1.2529303087471173	0.7915565312634903	0.0	1.202262901354021	0.7636932513284358	0.105	1.484018157499172	0.5401422619086437	0.0886	1.287983126841192	0.2378065384996804	0.0972	1.4138470807662464	0.10629947159206748	0.0766	1.3644905985357414	0.11226802665455515	0.12	1.221761449395817	0.21219983197619838	0.0883	1.330619869734244	0.7871539987637867	-0.105	1.5050142774755852	0.503202024904533	-0.0886	1.5387801865897175	0.1035719689741326	-0.0972	1.6683836009776722	0.07602002009287474	-0.0766	1.6691138965770844	0.08504514512941326	-0.12	1.5067418519428133	0.05304686119792698	-0.0883	1.3023316695798164	1.3202917229474471	0.0	1.3078757469338778	1.5313450776279507	0.0	1.400646002947167	1.454086505468003	0.0	1.2302646173544969	1.2108771673609058	0.2016	1.2824542163663208	0.9621097796232919	0.1613	1.4874042638681564	0.8907788625110629	0.12	1.3954275696752665	1.2399524524840277	-0.2016	1.4890734704220527	1.022643370807814	-0.1613	1.5362733235134813	1.0081647203997668	-0.12
185	3.135593220338983	1.2632711421734302	0.8118816676782648	0.0	1.2047320349999822	0.8040454506091093	0.105	1.491051424926312	0.5524578749788499	0.0886	1.302119409782269	0.23535633179581	0.0972	1.4258757191387221	0.09944945822581147	0.0766	1.3731857589203045	0.1061346345047644	0.12	1.2330186297370564	0.20687584090132224	0.0883	1.3413853089988999	0.8186235780928247	-0.105	1.50729808367199	0.5146072287186554	-0.0886	1.5423313916730657	0.10358671877206893	-0.0972	1.6710960549528906	0.0744404525654675	-0.0766	1.6819620535770579	0.08515182819628436	-0.12	1.5171847969111614	0.05108560541542016	-0.0883	1.302044727726983	1.3216705278819965	0.0	1.30858261498021	1.5445977026430735	0.0	1.3924206310318223	1.4501601265720945	0.0	1.2240096615072062	1.2309119002674993	0.2016	1.2739030736408086	0.9701740606159858	0.1613	1.4947576860568483	0.8859643791697751	0.12	1.403968768332315	1.2619658787433479	-0.2016	1.4777991423049825	1.0381902668167922	-0.1613	1.5552459467798452	0.9712629393020812	-0.12
186	3.152542372881356	1.2619684981187087	0.82626611105226	0.0	1.2035271203637201	0.8155726810953084	0.105	1.4943225894555696	0.5511120878729162	0.0886	1.3176282714360021	0.22746174726572432	0.0972	1.4427398056187088	0.09349520449486602	0.0766	1.3935867333842669	0.10090142632524449	0.12	1.2475198026759504	0.1991592058248657	0.0883	1.341266140726833	0.8342930336948838	-0.105	1.5015017992511674	0.5178948709777599	-0.0886	1.5486295493044966	0.10921102060155419	-0.0972	1.671128451402807	0.0763084822907239	-0.0766	1.6816414752232114	0.08795411857395065	-0.12	1.5267054468228682	0.05618046504701098	-0.0883	1.299176248487377	1.3283466645227597	0.0	1.3093857079364208	1.5507890876211698	0.0	1.3860194932046364	1.4536652150711074	0.0	1.2201231243783741	1.2338352708633629	0.2016	1.2691122021093924	0.9733371470047372	0.1613	1.4878239162447455	0.8880044923958581	0.12	1.3975461498226325	1.273111150195626	-0.2016	1.4665768338298424	1.0467941016198448	-0.1613	1.555368447726939	0.9737486143906094	-0.12
187	3.169491525423729	1.2603352583058418	0.8352224108136101	0.0	1.2010593037301882	0.8238198428921177	0.105	1.4915889203638044	0.5543087862619286	0.0886	1.3308793458639534	0.22200353004644877	0.0972	1.4678198776882805	0.08968993799660711	0.0766	1.4222333561823453	0.09713198573983192	0.12	1.2656168817414515	0.17981393473890483	0.0883	1.3380718153132116	0.843359470629327	-0.105	1.4943716866882808	0.5197430682524311	-0.0886	1.5531484265112474	0.12041841322610974	-0.0972	1.6722386115176517	0.07658188160087939	-0.0766	1.6723767317555696	0.08772027422355536	-0.12	1.5353044875580057	0.0681349146954713	-0.0883	1.2955881388903556	1.3386955182350697	0.0	1.3046239454222486	1.5599160397083938	0.0	1.3796766955097675	1.4637103507468798	0.0	1.2159247730348277	1.246436974981723	0.2016	1.261890208570714	0.9857453290180301	0.1613	1.4799458890247292	0.8913968786488399	0.12	1.3929641404486333	1.2867153538459621	-0.2016	1.452931491598521	1.062870522242235	-0.1613	1.5482423139538832	0.9729819558598496	-0.12
188	3.1864406779661016	1.2607313636182007	0.8397238430299097	0.0	1.2035298843000775	0.8266426394230095	0.105	1.4837649324747286	0.5540702524400014	0.0886	1.3437125265565066	0.19616496033203418	0.0972	1.484048057546716	0.07843051303432773	0.0766	1.431540944529008	0.08177303064658617	0.12	1.2798714269031437	0.16224437171214	0.0883	1.3352265882453143	0.8479708908961159	-0.105	1.4860022579455787	0.5180604425915365	-0.0886	1.5495423513028714	0.12648375901964815	-0.0972	1.6619617466774852	0.07611759032304148	-0.0766	1.6759346766198218	0.09327151464735287	-0.12	1.5347219211761494	0.07581062744718887	-0.0883	1.2888523050399117	1.359333437233229	0.0	1.2991619166971338	1.567285506561609	0.0	1.3723689605911749	1.482558131095007	0.0	1.2118381163398397	1.254262802588144	0.2016	1.258775878189714	0.9969926991692404	0.1613	1.4670007098521354	0.8949652380290871	0.12	1.3788759857295827	1.2935575830997166	-0.2016	1.4340314819073772	1.0669472750584277	-0.1613	1.5273373534068422	0.9637446323785421	-0.12
189	3.2033898305084745	1.2626279576545585	0.8469764000347038	0.0	1.2067039837440745	0.8402376221534075	0.105	1.4783215724625236	0.5475660129499738	0.0886	1.350205792928469	0.18481755678095071	0.0972	1.495375177608133	0.06761765136006685	0.0766	1.4588536586767926	0.07397143571473061	0.12	1.2908753333858134	0.14112804215726146	0.0883	1.3392234268580754	0.8595480482150873	-0.105	1.4890947202791638	0.5195027260992	-0.0886	1.5529232645639983	0.130450386619519	-0.0972	1.6693263053011667	0.0759334405678162	-0.0766	1.6765895623168634	0.09336180167821097	-0.12	1.534398124202096	0.0821815594685848	-0.0883	1.2869682925822896	1.3579820958063582	0.0	1.2994251546496463	1.5773470967256908	0.0	1.37207598307114	1.4795636121876374	0.0	1.2080388112231013	1.2659748832164053	0.2016	1.257147494165737	1.0024680110332604	0.1613	1.458197568450685	0.8922545251341233	0.12	1.3717807573708107	1.3097434175117313	-0.2016	1.4290971357265387	1.0634917234088928	-0.1613	1.5265366338294406	0.9677556816390044	-0.12
190	3.2203389830508473	1.2644737799647612	0.8478884040279201	0.0	1.2135346040450543	0.8412008040043462	0.105	1.4670156428296195	0.5316427352846824	0.0886	1.3596354327922895	0.162847250650923	0.0972	1.5204819852044689	0.062199090158723616	0.0766	1.483071355077548	0.06161657747025853	0.12	1.3055222512024631	0.11876291144397219	0.0883	1.3357953933526137	0.8596161231637436	-0.105	1.4852893762754862	0.5171819678507155	-0.0886	1.5572174183998067	0.13345734015546007	-0.0972	1.6712018565622502	0.0732961177288321	-0.0766	1.6817462880302374	0.09408929727967685	-0.12	1.5383166734183604	0.08527438233832495	-0.0883	1.2834845964354167	1.3651043905097127	0.0	1.3009247209911374	1.5871986121501143	0.0	1.3712912912763533	1.4878967037411523	0.0	1.2053377533011458	1.2775643313641936	0.2016	1.2530789992325073	1.0046616151569256	0.1613	1.452915755623448	0.8885103329783298	0.12	1.3626540250017998	1.3169021445867122	-0.2016	1.4147268951013672	1.0594346929463054	-0.1613	1.522244039822308	0.972340731282205	-0.12
191	3.23728813559322	1.2645075306737728	0.8482698751763427	0.0	1.2158058675278942	0.8389767354678898	0.105	1.4563408615841698	0.519913188728876	0.0886	1.3655153896267929	0.13917169465012444	0.0972	1.5291116594569896	0.05921110883613903	0.0766	1.5005089201675526	0.05240887697743546	0.12	1.3122798932553021	0.09479502486772468	0.0883	1.3376853996690248	0.8580753476132581	-0.105	1.4756542529297565	0.5130749653769898	-0.0886	1.5571641412470865	0.130482706808721	-0.0972	1.6711949292632768	0.07400071243627764	-0.0766	1.6814785702188242	0.09707047203077537	-0.12	1.536657321036017	0.08888873424500537	-0.0883	1.2795365935316378	1.3685080640169307	0.0	1.2990028521435593	1.5921832698406764	0.0	1.3711934929781118	1.4938327799990183	0.0	1.203157663355419	1.2829113384136863	0.2016	1.2514066065958505	1.014234173945504	0.1613	1.4392624690446785	0.8866292559270808	0.12	1.358796122161564	1.3193740590090277	-0.2016	1.4098666823071695	1.0581168394292098	-0.1613	1.5117631664199989	0.9583592531577616	-0.12
192	3.2542372881355934	1.2631904702929366	0.8481069546601416	0.0	1.224876382255223	0.8410493773860377	0.105	1.4360385906652282	0.5021730400815013	0.0886	1.3566940817993842	0.11239708530632539	0.0972	1.5230666118483869	0.05746034700619303	0.0766	1.4816033834891356	0.04514928175309475	0.12	1.3008623784502413	0.06459292834672437	0.0883	1.3435156529590802	0.8639439183758731	-0.105	1.4668675228413526	0.5024132289286494	-0.0886	1.566073869898268	0.1274383520109978	-0.0972	1.671803056955755	0.06974641772568313	-0.0766	1.6762686953128878	0.10008875275167432	-0.12	1.5381364196153915	0.08477627645091348	-0.0883	1.2748491359750276	1.377524722662586	0.0	1.29872938057634	1.5934712978690966	0.0	1.360725737430797	1.5039226390859226	0.0	1.2000948898472488	1.2817416886103299	0.2016	1.24914750155577	1.0128060220974648	0.1613	1.437932577028574	0.8844577787669029	0.12	1.3478477099054291	1.3265989531327813	-0.2016	1.395597599813951	1.0601999547566738	-0.1613	1.5023783534982642	0.9437402234387038	-0.12
193	3.2711864406779663	1.2616612918589725	0.8453599052347456	0.0	1.2313660110733555	0.8416172956853225	0.105	1.4224026037049626	0.49547285203039354	0.0886	1.353462749410216	0.09828340607446046	0.0972	1.5347852671446394	0.062242755580616205	0.0766	1.5101386295334656	0.046339905321726854	0.12	1.3037576534165305	0.059929232728591963	0.0883	1.3311006684083495	0.8577286741565399	-0.105	1.4621432537106884	0.4975744162655653	-0.0886	1.5619627617462397	0.12571583472509193	-0.0972	1.673517141175831	0.07151885441434205	-0.0766	1.682449240075605	0.10020597564085525	-0.12	1.5365613143518686	0.0844497807743258	-0.0883	1.2711675788383903	1.3747448286073216	0.0	1.2974534931694666	1.5992485434189874	0.0	1.365750648821488	1.4961617360641253	0.0	1.200842292720252	1.2893505977565944	0.2016	1.2472235048553806	1.0174790970949892	0.1613	1.4301564682531762	0.8721213645731868	0.12	1.3361481382641411	1.3274973746434684	-0.2016	1.3901376947359205	1.0541863203502226	-0.1613	1.4939368525735357	0.9343932511898745	-0.12
194	3.288135593220339	1.2613944171216875	0.8487081328515902	0.0	1.228871078879509	0.8450043839396972	0.105	1.4136471872683116	0.4892512186696765	0.0886	1.346907429263597	0.09241545695569216	0.0972	1.5280249866373938	0.06168840822206982	0.0766	1.5067010224758224	0.047643735000259785	0.12	1.2983215807400337	0.05271949686299916	0.0883	1.3285814748216425	0.8607838105669117	-0.105	1.454045060041211	0.49088410158866325	-0.0886	1.5618247537085435	0.12754619326280903	-0.0972	1.6864255722335657	0.07869971753695051	-0.0766	1.6833870567996279	0.10455812728377606	-0.12	1.5364423744099391	0.08640342938510366	-0.0883	1.2655540540938455	1.3774520539045625	0.0	1.2899930509684387	1.60788329468913	0.0	1.363578052913333	1.4963374710897075	0.0	1.2003369746797898	1.2898082886623023	0.2016	1.2427969567982649	1.0189192435625387	0.1613	1.4308010331183092	0.8548504058952673	0.12	1.323671011583749	1.3262978621161696	-0.2016	1.3793677858649127	1.0535375461591603	-0.1613	1.4783323967004804	0.8999381309595593	-0.12
195	3.305084745762712	1.2617356336377648	0.8495714122751249	0.0	1.2313297400151995	0.8455517022872596	0.105	1.404572483103847	0.48593194479822355	0.0886	1.33803559888428	0.09415379244052896	0.0972	1.5067039638747988	0.059820736419964035	0.0766	1.4749080562982166	0.04351247388787255	0.12	1.2964019994514189	0.04704391229122705	0.0883	1.3251130721966373	0.8609019359790628	-0.105	1.4439463244748754	0.48902276228948893	-0.0886	1.5612609775940747	0.1287590353478993	-0.0972	1.6826097128386155	0.08157530778982536	-0.0766	1.6789677763777608	0.10810879187341242	-0.12	1.5360611227121075	0.0862641168730075	-0.0883	1.2600345428974447	1.3789528325220608	0.0	1.2838618847397787	1.6110649731671396	0.0	1.3608182750922497	1.5026712958627597	0.0	1.201147617400261	1.2972777935512831	0.2016	1.2409453103102326	1.0215732910667796	0.1613	1.4233792547341342	0.8412976178500249	0.12	1.307598518855449	1.3330893593804047	-0.2016	1.358037165518778	1.0503975623457513	-0.1613	1.456729450471521	0.8893023436023042	-0.12
196	3.3220338983050848	1.2638533768758156	0.8509784177015196	0.0	1.2309727175502223	0.8525825963041908	0.105	1.3894743262664004	0.478850753019326	0.0886	1.3346574903574593	0.09387243873107784	0.0972	1.500595362299529	0.06327968978976539	0.0766	1.4690148540180317	0.04178437761355529	0.12	1.2946437573926	0.04313248328976675	0.0883	1.3286476182090488	0.8707423155849812	-0.105	1.4382286128289419	0.4874663706462923	-0.0886	1.5464280696871477	0.13153787948394807	-0.0972	1.660363409686928	0.08519137441065668	-0.0766	1.665301199612074	0.11777493267554438	-0.12	1.5243276278695774	0.09208454006299926	-0.0883	1.2536842070002863	1.3913373788440293	0.0	1.2819848380821148	1.6054211242041037	0.0	1.345757577060466	1.5129423210168143	0.0	1.1988131480347988	1.2977890608077853	0.2016	1.2395401148006464	1.022617395638039	0.1613	1.410318246193243	0.8345671808454852	0.12	1.2967394224899385	1.3377997894283995	-0.2016	1.3598903917975598	1.0531768390376088	-0.1613	1.459035596116991	0.8900975718323653	-0.12
197	3.3389830508474576	1.2620201279456766	0.8513279950401464	0.0	1.231384466592415	0.8486149538070459	0.105	1.3818372987690863	0.4858491173875359	0.0886	1.3378587595193288	0.09656570624088652	0.0972	1.5283144839068745	0.06579821998146287	0.0766	1.5009679090832948	0.05377611788211112	0.12	1.295200508409061	0.05171670142316076	0.0883	1.322910535560408	0.8644702501242976	-0.105	1.4319301542856921	0.49066785612104374	-0.0886	1.532541914953702	0.1444351182540597	-0.0972	1.6564229972166915	0.09402155013637517	-0.0766	1.652406087745949	0.118544692004241	-0.12	1.5083599320461547	0.09685867345245668	-0.0883	1.2476720334561857	1.386034250438887	0.0	1.2701364382171472	1.6211207803921117	0.0	1.3490086301985518	1.5055487041178053	0.0	1.1973899212777024	1.3014182699653225	0.2016	1.237446641166077	1.0293246753238232	0.1613	1.39439653919479	0.829211524271963	0.12	1.285186377805694	1.3349753999357903	-0.2016	1.3383992041758985	1.0563736519083422	-0.1613	1.4379855435045974	0.8827569990903914	-0.12
198	3.3559322033898304	1.258491769876874	0.8534150462379806	0.0	1.2270127741029409	0.8506420062968068	0.105	1.377434897862295	0.49347049685838235	0.0886	1.337683879872088	0.1082056488277102	0.0972	1.5250892355161398	0.07054996221209868	0.0766	1.4899048447788532	0.054160675043519305	0.12	1.2963953837785798	0.05370612664909129	0.0883	1.3216877696693403	0.8694246203066359	-0.105	1.4308211822492525	0.4969828410747942	-0.0886	1.51188995187459	0.14736950888178835	-0.0972	1.6484467128541507	0.09714822924466988	-0.0766	1.639590722583608	0.12239366814287898	-0.12	1.4936324646062298	0.0981022996509044	-0.0883	1.2430112909772437	1.3896315303115203	0.0	1.2619860447309372	1.6247768650487373	0.0	1.3423229124215998	1.508874149144035	0.0	1.1963305633548007	1.3023166991263475	0.2016	1.2395913116962758	1.0301530320407073	0.1613	1.3824288101077875	0.8218919553979578	0.12	1.2805475365043777	1.335532815669258	-0.2016	1.331689938299607	1.059534904100039	-0.1613	1.4212294456983212	0.8883994149100396	-0.12
199	3.3728813559322033	1.254753662263153	0.8556158825482468	0.0	1.2272544215025443	0.8562645758871389	0.105	1.3729074975954434	0.4994978048090417	0.0886	1.3372973286605117	0.10720229740212384	0.0972	1.5319410731652805	0.07434935480153328	0.0766	1.4943544444449124	0.05180385186740734	0.12	1.297530828603236	0.049431181281415965	0.0883	1.311756447372735	0.8710009431830036	-0.105	1.4210300798842743	0.5103574179341916	-0.0886	1.4849054824486203	0.14336479285735393	-0.0972	1.618321106264422	0.09592884857894676	-0.0766	1.6137485922367039	0.12279781941631904	-0.12	1.4693412457204187	0.097107788059812	-0.0883	1.2337559031080938	1.3935785979039315	0.0	1.2578584462864162	1.6236884149198074	0.0	1.3315436751441176	1.5140676825835042	0.0	1.197113683664733	1.3087074377085972	0.2016	1.2380302980590554	1.0386741568562716	0.1613	1.3675226899321924	0.8221019981574518	0.12	1.2619888090798381	1.3445336591546255	-0.2016	1.3198429598255796	1.0633139923060042	-0.1613	1.4174339051563136	0.8947729375492128	-0.12
200	3.389830508474576	1.2540180882385807	0.8543654125834469	0.0	1.2331323719929326	0.862854975177452	0.105	1.3720102651737718	0.5003216672980821	0.0886	1.335966305786077	0.10462483891672897	0.0972	1.5319864826108252	0.07689757756100273	0.0766	1.4801969785526956	0.042060049455579465	0.12	1.300263840361346	0.046363781241799185	0.0883	1.281218010314021	0.8757955877550664	-0.105	1.4157283178302285	0.50874682370364	-0.0886	1.4707787676780602	0.13737140962334032	-0.0972	1.592280164421864	0.08675557658658348	-0.0766	1.6097227813821535	0.1197160625734872	-0.12	1.4456739239029395	0.08686808737492227	-0.0883	1.2271259819479705	1.4096901501336656	0.0	1.2581792225563129	1.6189375132994965	0.0	1.3208128315850403	1.529543429021751	0.0	1.1994330463402336	1.3193740300957015	0.2016	1.2390711068419393	1.0442198902198097	0.1613	1.352013533105411	0.8223542990020967	0.12	1.2100528070066443	1.3527617551302304	-0.2016	1.3157710201023542	1.0679492251955642	-0.1613	1.4064837818021227	0.8982035275297675	-0.12
201	3.406779661016949	1.2527668696725218	0.8620767266913397	0.0	1.2368383043161169	0.863458586917011	0.105	1.3644996196856476	0.5035399337302188	0.0886	1.3495639478841632	0.11084042700693228	0.0972	1.526047852901311	0.07691081141274056	0.0766	1.4943647948538752	0.05440619161573	0.12	1.3085366212711895	0.05797095391436734	0.0883	1.2863108746785614	0.8762502262403349	-0.105	1.4080739403747629	0.5163138238096249	-0.0886	1.439187476037048	0.13563517852964246	-0.0972	1.5578668007182372	0.0818689693024201	-0.0766	1.5542866136763533	0.10854630334918444	-0.12	1.437362793014171	0.08493450412287717	-0.0883	1.2195273721183832	1.4062455066700377	0.0	1.2432484548804166	1.6341414153116003	0.0	1.3224119435274433	1.5216120781927847	0.0	1.198438618822736	1.3223371256634915	0.2016	1.2375754017640592	1.0538316437401525	0.1613	1.3392940733142527	0.8185656807295534	0.12	1.2131292834577572	1.351596461024947	-0.2016	1.300805393693075	1.0863586397426164	-0.1613	1.3940233210617272	0.8900999532601822	-0.12
202	3.4237288135593222	1.253372026918808	0.8608791427228404	0.0	1.2380230863114987	0.8636163874407379	0.105	1.3630321563868288	0.5022756533710722	0.0886	1.3439559845705553	0.10550621005933943	0.0972	1.4985394540618544	0.07229727118988565	0.0766	1.464053489290929	0.0511989426544429	0.12	1.3054725731931174	0.05590499316133474	0.0883	1.2749068763281786	0.877203423157808	-0.105	1.40669952089602	0.515150345389876	-0.0886	1.4118863787045564	0.12860255417132596	-0.0972	1.52178850317038	0.06959865663645978	-0.0766	1.5173008785723407	0.091635356846033	-0.12	1.3930569808567372	0.07854250045129386	-0.0883	1.2182006785726214	1.403887558396111	0.0	1.2457824981103205	1.6334234470723552	0.0	1.3191310376316048	1.5187366387860997	0.0	1.1976429967461166	1.322536235088851	0.2016	1.2377394630571665	1.0570419499842694	0.1613	1.327070958552709	0.8115274850825799	0.12	1.2043967810809864	1.3568725521386822	-0.2016	1.3266680250137952	1.0932989903723196	-0.1613	1.4052764440603014	0.8882804659539979	-0.12
