PathFileType	4	(X/Y/Z)	C:\Users\dkfc9\Desktop\pitching_analysis\sports2d\raw_results\kershaw_01\kershaw_01_Sports2D\kershaw_01_Sports2D_px_person00.trc
DataRate	CameraRate	NumFrames	NumMarkers	Units	OrigDataRate	OrigDataStartFrame	OrigNumFrames
59.0	59.0	203	22	m	59.0	0	203
Frame#	Time	Hip			RHip			RKnee			RAnkle			RBigToe			RSmallToe			RHeel			LHip			LKnee			LAnkle			LBigToe			LSmallToe			LHeel			Neck			Head			Nose			RShoulder			RElbow			RWrist			LShoulder			LElbow			LWrist			
		X1	Y1	Z1	X2	Y2	Z2	X3	Y3	Z3	X4	Y4	Z4	X5	Y5	Z5	X6	Y6	Z6	X7	Y7	Z7	X8	Y8	Z8	X9	Y9	Z9	X10	Y10	Z10	X11	Y11	Z11	X12	Y12	Z12	X13	Y13	Z13	X14	Y14	Z14	X15	Y15	Z15	X16	Y16	Z16	X17	Y17	Z17	X18	Y18	Z18	X19	Y19	Z19	X20	Y20	Z20	X21	Y21	Z21	X22	Y22	Z22
0	0.0	183.27935236632297	290.2544278100187	0.0	197.47465570833418	294.07246656030264	0.0	200.31365832520282	369.8300308896649	0.0	217.3477068207643	444.5917957033627	0.0	188.95799888116775	453.1046144673504	0.0	196.52842756456639	453.09993106267956	0.0	224.91790671770906	455.00111027829314	0.0	169.08248656926617	295.999478208859	0.0	140.68611166618626	368.72624280940283	0.0	137.8942810292607	443.5611962425694	0.0	105.83123920703304	452.1364574659269	0.0	109.71698514957079	455.02366741422406	0.0	145.43882199173945	453.0728106577012	0.0	165.300605032024	182.72301170779093	0.0	151.09936529470687	145.5702651154362	0.0	141.63898151177912	173.02200807215766	0.0	189.89998898837854	196.72522666813836	0.0	158.67682862434677	221.71451790247337	0.0	134.0753531678823	196.2096083574437	0.0	151.10146010350172	200.44783037311987	0.0	117.03694635809386	235.4644748557513	0.0	122.71565066841484	203.2917422889821	0.0
1	0.01694915254237288	183.24415813062575	289.99997490905344	0.0	197.4485521785234	293.7866856714153	0.0	200.27683192026836	369.75204137647927	0.0	217.3460546261523	444.56959279314634	0.0	188.93147214002076	453.06664940820826	0.0	196.5035736047552	453.00874257548344	0.0	224.9159048724466	454.9814962489513	0.0	169.03461421176232	295.85172063952075	0.0	140.6128825294412	368.4638560509983	0.0	137.92967371692936	443.50480616021866	0.0	105.973402862972	452.11662100264925	0.0	109.85088440832789	455.0576714609482	0.0	145.45736634054003	453.04891151786694	0.0	165.28489801992467	182.9867743152559	0.0	151.02533373063858	145.57227941543454	0.0	141.57981801589904	173.0490183092478	0.0	189.81881228992535	196.805654692757	0.0	158.64779326039394	221.16343771028085	0.0	134.07536507604541	197.09550829059336	0.0	151.07163060465243	200.4265823031445	0.0	116.9878974222738	235.45008801606207	0.0	122.66961267892516	203.28476531806885	0.0
2	0.03389830508474576	182.64499334202898	289.10688356311925	0.0	196.83850896588862	292.1633797975365	0.0	198.9029477168079	368.74124775094054	0.0	217.3014861413302	444.1442127782547	0.0	188.3678294798052	452.711676614474	0.0	195.9282700984769	451.9758611991153	0.0	224.86512461713232	454.57205534964993	0.0	168.49306066456208	294.867430992022	0.0	140.09318802731	367.91346042404325	0.0	138.00187241867548	443.4280466144763	0.0	106.35509643808409	452.07842221234324	0.0	110.10554240357234	455.1493022873598	0.0	145.52271158666662	453.0043640673059	0.0	165.12544606270174	183.3012165847594	0.0	150.27900194049735	145.5798434868048	0.0	140.9340502408308	173.15537534280335	0.0	188.47004260202823	197.03334427461704	0.0	158.08191104050022	220.37846026253038	0.0	134.0755249470038	197.90187966929588	0.0	150.89870664797405	200.3175401761209	0.0	116.4469898933345	235.26364907835293	0.0	122.08693550100787	203.1921017425968	0.0
3	0.05084745762711865	181.30815260497633	288.547054384382	0.0	195.45231894588423	291.2739973855443	0.0	196.49120099952273	367.72963630425244	0.0	217.04016007213065	443.3594807079135	0.0	187.8243018757789	452.91003991082755	0.0	195.37541816055767	452.1956160989923	0.0	224.60868913585875	454.4299581075197	0.0	167.87203088916144	293.50539265738615	0.0	139.4193174387794	367.6090468812476	0.0	138.120810275557	443.28100894248985	0.0	106.45174865739962	451.9445278137265	0.0	110.12857025671545	455.30081331405813	0.0	145.7258210334748	452.8636893296567	0.0	163.39130347885282	183.7787908301186	0.0	147.37622752136144	145.76881658418716	0.0	138.74778825276238	173.87704886185057	0.0	186.82439994930482	197.0614997710889	0.0	156.58428691178207	219.6343503283408	0.0	133.79034457594636	198.60024858504457	0.0	149.81437713773522	200.18856921850298	0.0	115.03599387892682	234.4985677610473	0.0	120.07943828724066	203.3063078276238	0.0
4	0.06779661016949153	180.27212463867235	288.1371332276635	0.0	193.18753210585828	289.76313993176456	0.0	194.6008118363105	367.428153241139	0.0	216.1444995609351	442.70615032473654	0.0	188.29400249603242	452.91724540542623	0.0	195.66687888694182	451.54457649671605	0.0	223.98705391152075	453.8248445128285	0.0	166.90357022727707	291.43978739382646	0.0	138.31237446479633	367.345227431661	0.0	138.12952383409504	443.18620955008487	0.0	106.90958210806619	452.020859356336	0.0	110.25460615853916	455.50728851197704	0.0	145.86371461173712	452.90522460048027	0.0	161.53034290966795	184.06352479577498	0.0	146.2642658668375	145.48340876787935	0.0	136.9187003469089	173.4512748024227	0.0	184.33331451935763	196.85427052340322	0.0	152.2604153729908	217.71977912869403	0.0	132.27477119730557	197.74628663519064	0.0	148.08979841461354	200.01082747808815	0.0	113.22859191562992	233.81038755372094	0.0	120.32490644203178	200.50385281172225	0.0
5	0.0847457627118644	178.71916435868056	287.8417682496707	0.0	192.75506299170124	289.5440094319905	0.0	192.96745559589718	367.80556215369927	0.0	216.39993427596798	442.66243899048686	0.0	188.2390329046279	453.6155187361987	0.0	195.0905940812678	452.0756327249262	0.0	224.4322882185328	453.3216466790677	0.0	166.20812796171768	290.93105142495494	0.0	137.33835747996946	367.1566710301049	0.0	138.12905917427742	443.02635342204894	0.0	106.75372382224376	452.14685841464564	0.0	110.18739137810363	455.37944312548325	0.0	145.80381151310377	452.6635520908419	0.0	161.41556952990555	183.54429729236614	0.0	146.0877349602976	144.43706676818357	0.0	136.79470179127674	172.45765669659764	0.0	182.5057727957501	196.7321376877266	0.0	152.82200859226532	219.70579919837368	0.0	130.56439193822604	198.238773965342	0.0	147.88662134601867	198.7957237405488	0.0	113.06901153491775	233.50929443221847	0.0	117.37305398256333	202.20860385694266	0.0
6	0.1016949152542373	173.91714913643366	287.9848371638988	0.0	187.22578749974926	289.5144109615127	0.0	186.25707557286748	367.2946779124836	0.0	216.22189268871708	439.6930436437915	0.0	188.3940042492008	453.2196701918741	0.0	195.22040032291991	451.79679783882415	0.0	224.49357672267945	450.9546267162488	0.0	162.48183079983232	290.5119642894658	0.0	137.36287759356105	367.0865749663381	0.0	138.1745311254553	443.0268936530142	0.0	106.48808438522607	452.27336281391246	0.0	109.70377054785195	455.3812510394112	0.0	145.9767439776318	452.61391480195874	0.0	159.5173295479377	183.131871151748	0.0	143.50938563903526	142.76094302153786	0.0	134.83769543826847	171.30930499503626	0.0	179.39087183210495	196.5294962519865	0.0	148.97803437446026	221.40933794789117	0.0	127.13869433599085	195.5421232187242	0.0	146.8040475643477	197.671095768343	0.0	110.28074785848634	231.12739829677182	0.0	114.0027420183984	200.12578049503426	0.0
7	0.11864406779661017	172.24296718603358	287.5054176392901	0.0	184.73273481718715	289.5777732503693	0.0	182.76567782191375	366.7312244221513	0.0	215.33272839079905	439.14576737175105	0.0	188.38673114479988	453.31509705445666	0.0	195.1143828084475	452.06802001858335	0.0	224.0017011990807	448.9430014465114	0.0	160.73067190930183	290.4801966358443	0.0	136.87271741077433	366.8870224293799	0.0	138.10329754915801	443.0990031331455	0.0	106.37927695280017	452.33632847600853	0.0	109.40269506803298	455.4644841427081	0.0	146.22644594601053	452.73990109954275	0.0	158.68958582847654	182.86945481770346	0.0	143.21706286233905	142.4859493789906	0.0	133.95824960035662	170.92730969154226	0.0	177.866090950465	196.12436048135862	0.0	143.44606331589333	221.3791975128429	0.0	122.43255328964091	194.5291271659106	0.0	146.40336121169878	197.11793137162348	0.0	109.06039084168711	230.30632497183151	0.0	112.29883421060583	198.14386013497452	0.0
8	0.13559322033898305	171.39791782802467	287.0711312857039	0.0	184.12385635962647	289.82140860848057	0.0	178.7396437441138	365.00897421349686	0.0	212.47016999660943	435.6506444213	0.0	188.6275401078468	453.1652700071823	0.0	195.5252654978241	452.2425609811813	0.0	222.05522927880415	445.86532013715606	0.0	159.4562707205409	290.58937852901124	0.0	136.49036173736604	367.13301602008494	0.0	138.113085903116	443.26351392321203	0.0	106.24631376112836	452.29254040684157	0.0	109.32800396654895	455.62155035386616	0.0	146.3804205753905	453.09730601187846	0.0	157.3008883673536	182.8925548648822	0.0	141.95133427047503	142.3703492673139	0.0	133.12123492674976	170.4496660176908	0.0	176.26110557318924	196.0053885931322	0.0	136.9287422820852	223.09977656064254	0.0	118.41959564164691	194.5727247115075	0.0	145.77002942047906	197.3338187745533	0.0	107.40189014319955	229.48944422771038	0.0	112.87399714810473	197.0948003706152	0.0
9	0.15254237288135594	169.63979779084008	287.56922246873523	0.0	182.1573950572346	289.4747299960908	0.0	175.4558862968734	365.8216947472689	0.0	211.83483869629222	434.1396397540921	0.0	189.32473498019658	454.45677876254047	0.0	195.5041407788497	452.26414521128333	0.0	221.4553888466732	442.87226977617416	0.0	158.06718277309295	290.14165732007234	0.0	136.1222420798536	367.8377608320053	0.0	138.14403580493388	443.4940659428963	0.0	105.81546365776808	452.3512243432878	0.0	109.05319030295581	455.48760075543055	0.0	147.22851280578294	453.26505502029977	0.0	157.02796931626145	182.60735880439773	0.0	141.1513831820308	142.6748706655203	0.0	131.450359472351	170.90851528983558	0.0	175.26454663204396	195.74102955988084	0.0	144.3644044988348	226.65372831727933	0.0	121.429940223001	196.33872386906518	0.0	146.2967533307989	196.75975909275587	0.0	107.96205180253767	227.36485182497609	0.0	109.39278056355828	196.59614115511496	0.0
10	0.1694915254237288	167.36524975369065	288.18023899948895	0.0	179.73703655396662	290.6427899982124	0.0	171.13834076580076	365.7221967149282	0.0	209.38482860751682	431.57062527776753	0.0	188.89808864451194	454.37721540545084	0.0	195.12642825116433	452.35939268716805	0.0	219.01574891768334	440.077406791107	0.0	156.7580889420885	290.90891896440814	0.0	135.75881340803508	368.8059404890321	0.0	138.22526369654864	443.7747527379424	0.0	105.52751567975245	452.4423527526515	0.0	108.62668223376315	455.51266387725616	0.0	147.34594356723386	453.4846843102987	0.0	155.95214523550135	181.98405570964815	0.0	141.40156670399614	142.61148044639538	0.0	131.00565162097735	170.2537781086965	0.0	173.0565767564461	195.6869245999889	0.0	137.6861516608057	227.2829103661345	0.0	114.69233018451749	197.73208641178815	0.0	146.08331432798755	196.78298524118094	0.0	106.31689262787908	225.71346263984125	0.0	108.14033290535772	195.99586509782938	0.0
11	0.1864406779661017	166.68812082620528	288.49076869457383	0.0	178.2603360962225	290.85368452668007	0.0	166.82695169095607	365.05192576853045	0.0	205.20468102391436	427.8810441065706	0.0	188.24678007478195	454.05074440998044	0.0	194.66637362837454	452.4866123601036	0.0	215.7331413286157	434.57530594553475	0.0	156.14769255163506	290.8358463276816	0.0	135.29893073788642	368.84020366022173	0.0	138.1164037627646	443.9683583956636	0.0	105.54912699295767	452.52189017412496	0.0	108.71177278446127	455.7155431181636	0.0	147.63701055531567	453.73646006597687	0.0	155.94510047046614	181.80655358942818	0.0	141.309139522667	142.40808984305207	0.0	130.71359252226986	169.64800944549197	0.0	172.35931134229065	195.23542744808273	0.0	132.0604077151634	226.50399074584647	0.0	111.82844299202374	195.7591112199931	0.0	145.63219999473233	196.30413446618252	0.0	105.58987433670852	223.80962610340066	0.0	107.62276541839549	192.36224452499263	0.0
12	0.2033898305084746	165.02170597255233	288.97262402577564	0.0	177.0263341677672	291.0396450994239	0.0	162.0084908533185	365.51915055742415	0.0	201.19033040330203	423.2803605662406	0.0	189.00066878895697	455.258486645893	0.0	195.1023308431679	452.52382903628336	0.0	213.83069133908563	428.82489068016775	0.0	155.35332784053483	290.37889370281107	0.0	134.92029419965263	369.05017257412015	0.0	137.9492383811621	444.0605965519852	0.0	105.27257193793957	452.5550500925726	0.0	108.97964987852745	456.27956575331234	0.0	147.80165299440878	453.96764993503507	0.0	154.32137832835855	181.71261555715097	0.0	142.09065842391647	141.94622742443855	0.0	131.43123926451068	168.9720137628415	0.0	170.69663591159525	195.1343121048219	0.0	126.97366240551914	221.9379762159732	0.0	109.40655902331946	191.29316792918198	0.0	144.9121819363748	196.4691815794295	0.0	104.57161848331617	222.87561692711782	0.0	107.45390576083912	188.19507244414226	0.0
13	0.22033898305084745	162.08803193938533	289.5448178387528	0.0	173.66463239487481	292.35066831961956	0.0	158.2016410612849	366.07505203207086	0.0	197.69390513305905	422.05761419937295	0.0	187.69598858919142	456.3226771436947	0.0	192.526192506213	452.6537982531499	0.0	209.34398141143274	426.79593374723424	0.0	154.29481999279432	290.6891904560373	0.0	134.99115122082196	369.92143931287967	0.0	138.3642200075694	444.1717982214675	0.0	104.67217623555888	452.58066072127735	0.0	109.01039219549833	456.511463708217	0.0	148.16619672120316	454.01073954957303	0.0	154.95742899244433	181.13763816713328	0.0	143.24516205509644	142.13910962165625	0.0	131.22867389240997	168.853861270798	0.0	169.62128236915723	195.12522043957912	0.0	126.65264778214711	225.01356720546485	0.0	109.01799652493914	195.06741984968608	0.0	146.1687110257751	196.29520414704683	0.0	104.25845094858283	220.4123380314734	0.0	106.45206607947097	187.46969277099888	0.0
14	0.23728813559322035	160.48005553729553	289.95364702368204	0.0	171.1868330468926	291.9444737613815	0.0	153.8567815731177	366.42171801871604	0.0	193.33021467449487	419.51010487746504	0.0	185.9510953366874	455.1071626742136	0.0	191.44864384442008	450.9782103838442	0.0	204.87866743285548	422.37389213730773	0.0	153.84309813738602	291.0575428890556	0.0	134.67853276202914	370.1409323481023	0.0	138.4476819091277	444.2801281597491	0.0	104.70825413692063	452.5225932530844	0.0	108.94408171074538	456.5319526165318	0.0	148.02367780302325	454.1375790029406	0.0	153.99397659402635	180.8809531219445	0.0	143.14140022164267	141.7007186684523	0.0	130.91031348316824	168.18759083542045	0.0	168.2651123793995	195.02277767062947	0.0	124.58673195598173	227.10098184421713	0.0	107.90465550309081	195.9805931463464	0.0	146.44972201893484	196.20353305050534	0.0	103.73256785553212	219.00905538532004	0.0	106.66187343297872	184.56353342557048	0.0
15	0.2542372881355932	158.24714266796622	290.0838868955864	0.0	169.32458801167462	291.35621982230725	0.0	147.65424312254524	366.82136229000196	0.0	190.01861303983654	417.6110710712374	0.0	185.2709881960945	453.86876356360335	0.0	189.28502215230478	449.67567334745945	0.0	201.62001462396947	419.5285412807545	0.0	153.69468850592094	290.7495790320255	0.0	134.38027941736405	369.89297290245725	0.0	138.50240899812434	444.31400721862167	0.0	104.22720461527516	452.2781246739081	0.0	109.03838386096231	456.3341694412675	0.0	147.86111960132894	454.3734755534066	0.0	153.9742837858349	181.09457889216293	0.0	142.22346598590443	142.18181367236164	0.0	131.07031545012163	167.58052209453265	0.0	167.68018458918965	194.642056314907	0.0	124.78149688552452	226.2557732925569	0.0	108.11906262113008	193.31736692942516	0.0	147.39838483048044	194.9376340943116	0.0	102.47986740782493	217.31752112513925	0.0	106.12499857499577	182.57754117870334	0.0
16	0.2711864406779661	157.4167719547355	290.57667671019084	0.0	153.7384724068586	291.19112195156646	0.0	142.19095340332368	366.45918676732106	0.0	184.78454033568704	417.12012760359164	0.0	184.02912130239022	453.223404194081	0.0	186.4766442319923	449.1058449944726	0.0	198.22823152779668	418.71642587355507	0.0	154.6141533771513	290.82383890048004	0.0	135.27299944527846	369.41568059935685	0.0	138.7513902881334	444.2141841939015	0.0	103.5454076015742	451.875723995189	0.0	109.16100824492034	456.33984675573964	0.0	148.02547997131552	454.9107701603749	0.0	152.23684316982045	180.33059855900063	0.0	142.9964906976556	142.88570385512762	0.0	130.4465472619043	168.2906461381749	0.0	166.31241049065858	193.79687319383663	0.0	124.32960062431948	226.957764495807	0.0	118.02445934536614	189.33822742796937	0.0	147.7756978874672	194.63124211940118	0.0	102.41667966961477	216.3365130492617	0.0	105.71276862055929	180.71841427686235	0.0
17	0.288135593220339	155.16557792541403	289.88341333740124	0.0	146.49663083102	290.4389822331908	0.0	123.93700675440445	362.7384039158708	0.0	180.01617828437222	415.4057639417062	0.0	180.27250187954115	451.919634295877	0.0	180.2773180524473	447.1611140341827	0.0	190.6012351430283	417.2593211039823	0.0	156.29646696719647	290.2838755532049	0.0	133.85627446695048	369.36885784212586	0.0	138.7153116003434	444.1194864291373	0.0	101.42614356928505	451.7522274821407	0.0	108.89039122081645	456.4795842468733	0.0	148.1949241149056	454.60130199620016	0.0	152.16806297034856	180.81574422076358	0.0	140.35952338091772	143.4549502127167	0.0	129.31547817059385	167.93293497377476	0.0	165.32744470325255	193.6376377408621	0.0	126.95721803735688	226.4443538520748	0.0	123.29569557487284	206.51256268771957	0.0	148.71406402538906	194.85831978598114	0.0	101.77071884468702	213.51535255242106	0.0	105.25468531010806	179.95455299768417	0.0
18	0.3050847457627119	153.69423142500546	289.93984782381716	0.0	142.28050349655106	291.2287196760281	0.0	118.36547294345215	360.46323272626853	0.0	173.86428874401147	413.6199571128424	0.0	172.266563617713	451.6897244111538	0.0	172.14658595523412	446.9083545666002	0.0	183.41852802504755	415.52587002871707	0.0	154.813410817702	291.0033796010074	0.0	134.8942466073349	369.15718457129276	0.0	138.61137835145684	444.1225028784552	0.0	100.57743596754091	451.84288038835587	0.0	108.86435811313802	456.7500074777141	0.0	148.0114288484213	454.54557875695514	0.0	151.58205990484743	181.01744178061716	0.0	139.54836690922465	143.5505271564461	0.0	127.20487026869013	168.30816361373027	0.0	162.40686150204567	194.06522540985534	0.0	126.76584515935835	226.2560183488316	0.0	124.70526209472077	200.40188566771783	0.0	149.09678070040354	194.67694383403997	0.0	101.38130607876678	212.28773824651793	0.0	104.00990887107673	178.07533880357494	0.0
19	0.3220338983050847	152.33840889618756	290.19927821238434	0.0	140.79840080687381	291.2527589161094	0.0	112.24160462847885	358.4998933446993	0.0	166.73164690370243	411.9160932396757	0.0	163.0531203436654	448.47118353759925	0.0	163.00172969732756	443.6525431810539	0.0	175.39933775005736	414.680417694067	0.0	154.58131538339575	291.4809921310081	0.0	134.4165404741028	369.9364552387258	0.0	138.54409518649766	444.1447155365447	0.0	100.07793028208647	452.1703696171187	0.0	108.56373361712147	457.1366713736138	0.0	147.8084412500363	454.4246793082473	0.0	150.19083503201534	181.69836272085027	0.0	139.28903119297178	143.4084674574142	0.0	126.48085331663955	168.22175366095604	0.0	161.66054119813182	194.1568988251941	0.0	126.39195749855911	227.27375257156675	0.0	122.35719563191788	201.70917171799408	0.0	149.7370113472762	194.07017079552168	0.0	101.44730303663881	210.4306488691587	0.0	103.45426224425896	176.96703104987682	0.0
20	0.3389830508474576	151.69557399059957	291.1460251629138	0.0	139.69779797066417	292.6164004867119	0.0	109.27642087142559	355.7430500877339	0.0	158.94749382166486	412.8893268587179	0.0	148.5037784263509	445.7116008577059	0.0	150.1058320076884	442.3848072217925	0.0	171.57401205701865	414.6189195491804	0.0	155.4661803899904	292.8683683834216	0.0	134.55541045347462	370.7166258085621	0.0	138.64256744445984	444.1393025607793	0.0	100.60451545187668	452.29878443320183	0.0	108.23196291723937	457.1001690200674	0.0	147.82946200065925	453.76423624154324	0.0	148.89645363747744	181.7667382473417	0.0	140.58438344223435	142.90783565411087	0.0	125.67570179767291	167.5773659328678	0.0	160.412864169711	194.29348846485004	0.0	125.5151420406346	227.15460643412408	0.0	119.58799300662065	220.44313813584972	0.0	148.83739624397478	193.33396290898446	0.0	100.7244890168009	209.58438831070083	0.0	104.16219161341311	176.08207758766153	0.0
21	0.3559322033898305	151.44831145739568	291.1175945578105	0.0	139.10710848519676	292.3773627432404	0.0	103.41408126416293	353.25761132231213	0.0	151.55602389752465	414.36950902078155	0.0	114.55490730788942	436.95034808101565	0.0	123.0826923256792	435.11068477401915	0.0	162.19430546506223	417.2524814087026	0.0	155.9446022206172	292.3801364433634	0.0	132.81378711939306	370.4354880708139	0.0	138.63331694208858	444.2142782400252	0.0	100.83890724080409	452.83921982949204	0.0	108.69042085871497	457.1948202333545	0.0	148.05309665760774	453.75025933612505	0.0	149.26891910135873	181.9443911661997	0.0	139.4701426431317	143.30304071448157	0.0	126.47178508794975	167.13313995274163	0.0	159.87552626315585	194.0518351353199	0.0	125.70960219026136	226.22987154761063	0.0	119.37998249488751	215.49529673972697	0.0	149.1571610783019	193.8602610028821	0.0	100.5533706934929	208.1668976385704	0.0	103.53342928354945	174.27899063751943	0.0
22	0.3728813559322034	150.69758391225955	292.10672731333364	0.0	139.83665705448013	294.61818826092593	0.0	99.24373025753601	348.8801596937678	0.0	142.83755108708496	410.0408474338653	0.0	112.80961520092897	423.2369988567173	0.0	118.64356507000335	426.6925636642373	0.0	154.46626891209348	415.55383946406636	0.0	154.79843605642355	292.3746338320228	0.0	133.01024370584187	371.38623125712036	0.0	138.85045543492765	444.30451344667586	0.0	101.83047546085889	453.2121747572761	0.0	109.06953582161293	457.37115296932393	0.0	148.92605499000456	453.51156074532514	0.0	148.72777701448214	181.97134154498906	0.0	140.36123922343623	143.98179120354644	0.0	127.01095353330858	168.41813362860321	0.0	158.71299901923754	194.73509161289815	0.0	127.13837713516392	221.2938610404089	0.0	114.55265605286007	200.1455491793277	0.0	148.8231356801548	194.87966929852823	0.0	100.40990449778552	208.09913123395808	0.0	103.43315521588934	171.60685756039643	0.0
23	0.3898305084745763	150.239353509632	291.8725869616318	0.0	137.8276086571065	293.71340613251834	0.0	93.91030158141136	344.4898581566711	0.0	123.78581722915762	413.77459744087326	0.0	102.67043497630583	441.39188382695085	0.0	106.49515663309299	435.3365185601862	0.0	137.09840740408796	415.33437197016315	0.0	154.21533871583347	292.53895476608835	0.0	131.73042001581987	371.2208827038465	0.0	138.93862808916643	444.27635749544845	0.0	101.91194191326788	453.53753998365954	0.0	110.23828426424265	457.04851428354164	0.0	149.75191513313496	453.56438252211296	0.0	148.49756568919184	183.14992286679637	0.0	139.08213662869946	143.79101959653477	0.0	125.03999680975258	169.57686846983657	0.0	156.72237311390575	196.01287187100738	0.0	126.61880572562164	222.48098544629318	0.0	113.60300709749868	202.18490995648213	0.0	149.07700897742396	194.8989982860433	0.0	100.43561784316549	205.4240661992194	0.0	103.66831637056292	170.21382616855288	0.0
24	0.4067796610169492	147.65440443130058	292.1381656754782	0.0	134.86302998041353	293.5384984668704	0.0	90.19939964523795	340.78010304372634	0.0	113.4520682932087	414.7251051124749	0.0	96.81246053179134	436.794190778106	0.0	98.38415944468268	434.7320652015066	0.0	122.23615033805889	421.48474330613493	0.0	152.59833864780515	292.2079125224303	0.0	132.54520154620582	371.31443411255253	0.0	138.9889289889089	444.55631395996727	0.0	102.56870402867204	453.13641188112206	0.0	111.60634986620435	457.0003491178628	0.0	150.1123848039706	453.85290935013995	0.0	148.35945286546655	183.68501794209337	0.0	137.33206991704287	144.15771333730498	0.0	125.586557319395	170.02250484741322	0.0	156.92721650696552	195.66893753020145	0.0	126.71248955514795	223.97283799525937	0.0	108.0067009613622	217.75425880228997	0.0	148.88004952399712	194.70623385085287	0.0	99.85717646351532	202.46143577088958	0.0	104.02100218667103	169.67948592038795	0.0
25	0.423728813559322	147.52947370825643	291.21135122324665	0.0	134.19002418917134	289.94596248311507	0.0	83.52048409276347	336.1277800038901	0.0	105.49521084781492	407.0772799261169	0.0	89.2750118934707	433.4713703373772	0.0	88.32409273829605	427.90032174520627	0.0	115.06197221086506	414.80301468486215	0.0	153.18714318700938	292.20277432219575	0.0	129.87778476696974	370.75668302286874	0.0	139.31074548638625	444.22391145790186	0.0	103.65323625900501	453.20737865617593	0.0	111.8247262434446	456.98151772829135	0.0	150.81171555914472	453.72130806479765	0.0	148.48770591163117	185.26204198762701	0.0	136.0164466366785	143.81473703951164	0.0	123.17106163286566	171.51396494931262	0.0	156.94068614735573	195.76475194920667	0.0	119.93084331626328	212.94522270682444	0.0	106.04239310028915	190.03821949371104	0.0	148.72438494378784	195.01819926666602	0.0	99.29729024057863	202.29581535510385	0.0	102.48830322519736	168.27451995921768	0.0
26	0.4406779661016949	147.03351768640417	290.1819887387798	0.0	133.59384290945408	288.04081253993303	0.0	79.88295314720192	330.99220596952864	0.0	94.47342482986026	405.57188569703834	0.0	74.37813402018082	429.64531009626984	0.0	72.46191295402176	423.85773559508084	0.0	105.95047839416422	414.9922655209962	0.0	153.56639944965278	291.99061443277344	0.0	129.09622535641765	370.51850998028567	0.0	139.2388832845702	443.90013477537957	0.0	103.5861334620494	453.2338628764269	0.0	111.57652680447782	456.9345193547573	0.0	150.0973882368705	453.9453714386851	0.0	148.48998546651754	185.7335744841124	0.0	134.10590217216844	143.71048852141797	0.0	123.29189517083788	171.28767550159995	0.0	156.82806323448042	195.75163463144293	0.0	120.48035421610287	211.72128786562433	0.0	109.5165310051377	188.70124625180372	0.0	148.50535491725063	195.006911843262	0.0	99.59281961118744	200.76215006175	0.0	102.91395695448143	167.92100217852294	0.0
27	0.4576271186440678	144.8135761807368	289.12531315229137	0.0	131.30005819106242	287.18567168022065	0.0	76.44213762235555	325.2711605208691	0.0	85.34954303107963	401.01376106704464	0.0	60.40237315525479	423.1209286837096	0.0	59.42717878818961	417.33458749385983	0.0	96.85629586055316	409.79727497697024	0.0	151.6373211220855	291.82467510904377	0.0	128.6190752959686	370.36452483605126	0.0	138.8961692996873	443.45572359431173	0.0	103.7778859457926	453.0709163918468	0.0	111.17595492636042	456.77547245234757	0.0	149.63275637937008	453.86049601346133	0.0	149.20268019075573	186.10872723588173	0.0	134.19302571482285	143.95945191105653	0.0	123.52022231508352	171.8046666946123	0.0	156.35944633125072	196.53807393452996	0.0	114.20804575836243	213.26832562748012	0.0	104.6558418924609	182.06046263804328	0.0	148.60305513816775	195.00482194949078	0.0	100.23702814719863	200.39064948416558	0.0	102.73191303066211	166.28457267914777	0.0
28	0.4745762711864407	142.82649079234736	288.8731419107585	0.0	129.3148924091149	288.353111124835	0.0	73.83600875712813	319.5392025317254	0.0	78.52235484080101	394.7900835752577	0.0	48.49720924637308	415.3363900241661	0.0	48.48325643384956	410.5423084855932	0.0	89.64537692307258	406.5521881132357	0.0	148.7822204734308	292.892504187663	0.0	128.48392270417185	370.0441497607931	0.0	138.8281578556034	443.4979276976784	0.0	104.01240509637276	453.05682866736106	0.0	111.8353725930466	456.58634705430717	0.0	149.28992935820114	453.9021669727894	0.0	148.77036299965792	185.5457950793229	0.0	133.8076296712578	144.4691971550178	0.0	122.43578954143214	172.1673796259843	0.0	157.6022377232958	197.1540205028967	0.0	110.88269477787742	215.86632021886535	0.0	100.44124637385161	178.48433930145174	0.0	148.7424205250736	195.154582927026	0.0	99.58816755187196	199.15068103412708	0.0	102.72731956788041	166.37784401482944	0.0
29	0.4915254237288136	141.36461826080438	286.3958242969107	0.0	127.99151169477591	282.7868722833865	0.0	70.18422246315049	311.97509283825246	0.0	67.95756005021127	389.0395053621681	0.0	35.703503632160626	406.21772641744667	0.0	36.61816983294705	402.358320986099	0.0	79.42748053720577	400.5458815706951	0.0	148.87678926188576	291.2355900696306	0.0	127.21113065876123	367.1682593812838	0.0	138.7649848891087	442.94838443720056	0.0	104.08646541281618	453.9829176508273	0.0	112.02800581379046	456.54942331704257	0.0	149.0998858854473	452.31492235782775	0.0	149.52857446576897	186.8494231272736	0.0	132.00473153034818	144.67559398418928	0.0	122.21874806267067	171.62044536724417	0.0	158.38963474853347	197.97088275794823	0.0	113.47610855123803	208.3042932382051	0.0	100.26882985015597	179.9177812615385	0.0	148.56647848296026	195.2374046708464	0.0	99.65213830158162	198.06482187747866	0.0	103.12577976029306	163.71477444805495	0.0
30	0.5084745762711864	140.03558672707328	285.46926127987246	0.0	126.78370439794863	281.595454492475	0.0	68.43790478755182	303.4379860726512	0.0	59.67509871663428	382.4276470727384	0.0	28.210782881341313	398.584778184017	0.0	29.165687901084787	393.8334704968586	0.0	71.1804765365991	395.70752807411714	0.0	147.73571480583095	290.44298919344055	0.0	125.79833227711597	365.76886091488836	0.0	138.79477927771552	443.1424046993121	0.0	104.04153424933946	454.2416795175802	0.0	112.20613825263759	456.60548617439315	0.0	148.96335070132125	451.8479137098475	0.0	149.320942024363	186.80478115542365	0.0	131.4443244836085	145.33674653319002	0.0	120.9333802144476	172.08106970346643	0.0	158.6439219361513	198.33750486655984	0.0	112.05673895672385	205.7356976831349	0.0	99.39325818826755	177.36285628111963	0.0	148.99885454101607	195.80199497560065	0.0	99.86441960595833	198.37305862484254	0.0	102.90817041093902	163.32109675704925	0.0
31	0.5254237288135594	139.2765715561578	285.41031832918225	0.0	126.7948697175586	281.46828494643637	0.0	67.09378711604364	296.2550859423358	0.0	52.27725982147669	374.1436736649673	0.0	18.965783331674455	388.39522776869205	0.0	20.884997946829433	383.64046937736174	0.0	63.01958562811174	386.5699680149849	0.0	147.066700304912	290.69925764236797	0.0	124.37933045322208	364.4533252400769	0.0	138.72442892052794	443.27012601922	0.0	104.06435430507184	454.03353552295056	0.0	112.11427357133604	456.70143112863127	0.0	148.926418790095	451.5420855677728	0.0	148.12318710810004	187.301345680927	0.0	131.12170637947105	146.20432012575415	0.0	119.48563746782533	172.90625881463967	0.0	157.70121671928115	198.7391197136774	0.0	117.19595363812505	207.88522574488374	0.0	100.23973580024757	177.75928646967796	0.0	148.99792924755783	196.77430994381834	0.0	99.55816766061122	197.33081515073215	0.0	102.65998238466698	162.7847805372421	0.0
32	0.5423728813559322	137.52261092488192	286.00090366246104	0.0	124.80323038910012	282.49788622319545	0.0	65.49348740431917	289.1549832274217	0.0	46.03411893296314	363.56450575031346	0.0	11.49273870859912	376.2916657256382	0.0	14.346484960431805	372.272402915718	0.0	56.43651013712113	377.1554912844077	0.0	146.26047365953804	291.5723110957605	0.0	123.73650286236872	365.6128306821738	0.0	138.74897954541026	443.3029716038454	0.0	103.99407042551191	453.9348276245835	0.0	112.21154461313037	456.8230947062441	0.0	148.88043064951313	451.92778171682914	0.0	147.18398775232208	186.2973502586508	0.0	131.50151147422676	147.26524031332752	0.0	118.43317576465253	174.3637877815402	0.0	157.64305289479407	198.18049765966424	0.0	119.51896223589219	210.262556134443	0.0	103.07457475870275	178.21771856877507	0.0	149.08660805190635	196.24485626363602	0.0	99.14313741487707	196.6051784840197	0.0	102.9838684399547	163.5056977890763	0.0
33	0.559322033898305	137.499833949624	286.4541479777896	0.0	125.16305837530068	282.01752027790513	0.0	65.10548083760769	281.21770727811025	0.0	43.98458823170188	355.56876018353165	0.0	9.989992288140499	364.81889407361376	0.0	12.977692015790188	361.0917683025757	0.0	50.515904593109454	369.71624393072295	0.0	146.04995781665588	292.1312734545203	0.0	122.57621614902695	365.7130583109161	0.0	138.69252015430334	442.7446052757755	0.0	103.99032827631338	455.6353024117516	0.0	113.06383563854443	457.5885426152144	0.0	148.81469645467814	451.0548820570717	0.0	147.06585081352628	186.46894911779464	0.0	130.84842937692608	146.53773827193328	0.0	118.65976595049887	173.5580928751465	0.0	156.55558128076734	198.4713562391088	0.0	121.28839890775242	208.9353076244807	0.0	102.85026082615033	178.4906767776937	0.0	148.4947955940762	196.90966876253742	0.0	99.00758474204315	196.57473685641673	0.0	103.2886145681989	162.97241182417363	0.0
34	0.576271186440678	136.7773162279846	285.78911783137914	0.0	124.13846881476182	280.9026926583284	0.0	64.47211441805418	273.27197286341544	0.0	41.397243055975665	346.7276878852943	0.0	7.247916484955811	346.81002648800694	0.0	10.922376797976275	345.88926648135237	0.0	47.01071009101592	362.030109170687	0.0	145.44337132548645	292.64251523777983	0.0	121.6212738797226	365.2313390465229	0.0	138.69390865637163	442.72117747121564	0.0	104.07835925687753	455.88685411344954	0.0	113.52361068567136	457.6857460368396	0.0	148.75208596943258	450.9164183762432	0.0	147.08667727290575	186.88221763770713	0.0	129.99473157963735	147.94212287382368	0.0	118.30817699409987	174.30030094714903	0.0	156.40747078650645	198.7398326564064	0.0	124.18234241448584	208.14817686765088	0.0	104.09534935432445	177.89177250736898	0.0	147.72664854206076	198.4683091852272	0.0	98.79263178727169	196.53992953225293	0.0	102.63290922577711	163.5011481708032	0.0
35	0.5932203389830508	135.6240525065129	285.31446870068265	0.0	122.02377578304657	280.0167907897055	0.0	64.64499606039365	265.2528695336896	0.0	39.68471505251813	338.51601752314866	0.0	7.017349125681448	339.30712624286804	0.0	9.783006606406346	340.31717008180607	0.0	44.50094354543828	355.54916597642006	0.0	144.1986029432825	294.00129545663435	0.0	120.62984565926985	365.73952460158375	0.0	138.65093641608627	442.50441328391304	0.0	103.99068020325569	455.28982787198174	0.0	113.06625843766307	457.8985667263855	0.0	148.55466952856338	450.407138889636	0.0	146.2063054636949	186.05903193987723	0.0	129.17602445994814	150.3962882005457	0.0	116.28011632135423	175.41099544334273	0.0	156.752862807037	198.53197876324398	0.0	124.93051997977457	204.17231625172894	0.0	104.14526631013628	177.3197898749617	0.0	147.29179705902786	198.49664813270024	0.0	98.64910473846764	195.3303497772557	0.0	101.82992512813013	162.96767031786734	0.0
36	0.6101694915254238	133.8731541366466	284.9709218995321	0.0	120.16099663793246	280.6101795157442	0.0	67.00805809087491	258.8688411679801	0.0	38.788116383148825	331.2515322666406	0.0	3.633517138472801	330.30518433563077	0.0	5.377307392283391	332.7257479488618	0.0	44.12431280954172	345.7807023423224	0.0	140.55986178492117	296.6876852193773	0.0	119.95340984956721	367.465510698553	0.0	138.588491316818	442.4686711859773	0.0	104.03597804782873	454.74668483762866	0.0	112.85285468707603	457.71365769038437	0.0	148.49034388315278	450.47926335197576	0.0	145.3169811683708	185.19849195890583	0.0	128.9793519120966	151.39884724730135	0.0	114.59221446350868	177.62820832022413	0.0	156.58763718524915	198.03589892205554	0.0	126.36539282773509	200.77089326164986	0.0	105.00159846779317	176.0264582134675	0.0	146.63756006311584	198.32327602865038	0.0	98.25747578148386	194.76202340639594	0.0	101.70603984423248	160.7941618999236	0.0
37	0.6271186440677966	133.9120699436673	284.9791866692761	0.0	121.47979359576921	280.32062662214065	0.0	68.84435735149096	251.12312205061554	0.0	38.10837214607064	322.7160378418381	0.0	5.43347374790494	321.55571635984325	0.0	9.122124047190427	322.54670141873186	0.0	39.96723632027378	337.5642947156664	0.0	140.9900082744762	295.8128274311985	0.0	118.85804410586876	367.7208438314103	0.0	138.55219375346584	442.4561300888216	0.0	104.1092136445879	455.1029862863624	0.0	113.56137221031591	457.84849174269095	0.0	148.67548563042544	450.1873752635031	0.0	145.56990606284717	185.0157628082859	0.0	128.22076129208847	150.36268645196083	0.0	114.53574006967366	176.9412386142421	0.0	157.01553037354606	198.13816970745228	0.0	121.98518822801225	200.81664013876687	0.0	103.26986982589794	177.65861215675764	0.0	145.90430372499688	199.21832818578918	0.0	97.62542041770647	194.58308210752483	0.0	102.04986309882794	160.20801939357264	0.0
38	0.6440677966101694	134.58243196838382	284.91923173597496	0.0	121.50399715902071	279.9833670412431	0.0	71.93568357457252	242.69504864887375	0.0	39.846778647790686	313.0142412340199	0.0	5.966420815551287	313.83213964327524	0.0	9.73324301386085	313.11038911787665	0.0	40.83625767957977	327.96674007669895	0.0	139.5563244277939	296.1641436671836	0.0	117.82638882955524	367.87002611996377	0.0	138.577032117037	442.54155586567276	0.0	104.21615531694812	455.48019789050386	0.0	113.21887782741075	457.9139643160604	0.0	148.86482350079103	450.59220061078315	0.0	145.10792303491013	184.4497087442324	0.0	128.9218640937987	151.2886672488443	0.0	114.79298532593695	177.92380986700533	0.0	157.37423944666972	197.85015857881297	0.0	120.67313401642532	197.38929150982602	0.0	103.7525359180984	174.0843302124198	0.0	145.17303643786494	199.5520072277718	0.0	97.39819674098874	194.20034710131813	0.0	102.27271052744045	159.56669597969272	0.0
39	0.6610169491525424	133.063439927288	285.14346582453913	0.0	120.59972477206556	279.52085171087117	0.0	75.20097808555055	236.68020176521458	0.0	41.709690688373605	303.9174766234639	0.0	7.862630541944618	308.88698421193556	0.0	11.51930344620235	306.02239761531825	0.0	43.659781757035866	319.320867172503	0.0	137.53131870866582	296.5771392576882	0.0	116.28508430581022	368.0579745943369	0.0	138.55134854678624	442.4397906811917	0.0	104.33439671816441	455.0236207361197	0.0	112.7199382936088	457.7899894770982	0.0	149.00672563317806	450.79964607775077	0.0	144.43979143433359	184.55536574399127	0.0	128.825128748709	150.31850102294052	0.0	114.65183908134179	178.85294784567515	0.0	157.4046054883867	197.75983742646247	0.0	121.81661505552555	200.95730466762393	0.0	104.11333246768106	174.14040361642685	0.0	144.03099072672364	199.31160444260604	0.0	97.6059996433217	193.80104877954454	0.0	100.82589306471374	159.41836486775168	0.0
40	0.6779661016949152	132.09621893373847	284.8378296927768	0.0	119.2024522285457	278.43097514518223	0.0	77.78771310168064	232.66184190244277	0.0	45.370295229420506	299.1114794577244	0.0	8.474705106481128	303.96650795079194	0.0	11.044247720550656	300.15474738962746	0.0	50.02155136583077	313.7344819619633	0.0	134.4543490910381	296.81074952937905	0.0	115.5118285459107	368.2511888096333	0.0	138.45973169015576	442.4138451699944	0.0	104.08705252935064	454.38638974528413	0.0	111.18948765582897	457.27693021952484	0.0	149.12315559863742	450.70808640938105	0.0	144.34548829769238	184.81088294935398	0.0	128.32976291690983	150.50420820904176	0.0	114.81578564255814	180.78277748405725	0.0	157.4678674378749	197.77113297313127	0.0	122.97972323990871	201.05782246696637	0.0	106.39541939898393	173.57071600307302	0.0	142.5816270069435	199.03099538380604	0.0	97.91981805853118	193.55744938119742	0.0	100.62277732679057	159.80721787297807	0.0
41	0.6949152542372882	131.8864490474301	284.5377820998632	0.0	120.4070758566886	279.3807436104687	0.0	80.91081435132679	227.6301463958321	0.0	47.265374736651765	295.1351516510777	0.0	9.53797170649572	299.7381956948584	0.0	14.012994556904305	297.8558162068594	0.0	50.95861815945298	310.8922234541599	0.0	133.30826217195323	296.39219048816534	0.0	113.18622161945602	368.3136393569977	0.0	138.3718108399012	442.4293154895167	0.0	103.96846276471614	454.2788322072696	0.0	111.03694314692748	457.11561885681687	0.0	149.28485775648556	450.6035726409423	0.0	144.67723174138115	185.3609966355147	0.0	128.403750295612	151.15089354990565	0.0	114.87820628215128	179.97316661094982	0.0	156.9129886014891	198.00914197741042	0.0	124.38778690246951	203.06329922729032	0.0	105.56534722068935	173.3387405549135	0.0	142.34494611519744	199.23655694957876	0.0	97.16382587291332	193.7207233156609	0.0	100.03366766575833	160.07982830181044	0.0
42	0.711864406779661	131.2196002205819	284.9443017898533	0.0	119.20423994295662	279.5955579793205	0.0	82.52493683318195	223.7282184759421	0.0	50.55962984971228	291.8333223667738	0.0	15.101702250178443	295.59940048504797	0.0	17.955608989806876	293.7677160123498	0.0	54.35323115306689	308.6486195939158	0.0	130.9663417643807	296.4657381325617	0.0	111.97945623729095	368.41559819503937	0.0	138.25996717120208	442.3050239138066	0.0	104.0454132692796	454.26214020736273	0.0	111.14536377405182	457.03149537890613	0.0	149.32018479895785	450.58781192687354	0.0	144.44654413955584	186.04685098941098	0.0	128.88582715850362	151.58226152830844	0.0	114.64469663138436	179.88479708340546	0.0	156.06787265867177	198.32509140711096	0.0	126.14591757532065	199.3527360775895	0.0	105.54012612352706	173.18217689116048	0.0	142.42986581111143	199.48560642554173	0.0	97.00979685130139	193.90193751296306	0.0	100.51031804967977	159.45963551770944	0.0
43	0.7288135593220338	129.47444456362334	284.50603743458487	0.0	118.19255581901163	279.0755105746629	0.0	85.10243273567644	220.71733729648847	0.0	53.37523626259489	288.65864714027396	0.0	18.837898473020708	292.40079176992685	0.0	21.496918396191596	291.42983008528296	0.0	58.52216569080826	306.3545277942156	0.0	130.05423568003846	296.1494292136517	0.0	111.46371845955673	368.49369407059004	0.0	138.23948828410673	442.2655270322291	0.0	104.28592813750174	454.2487594424087	0.0	111.28208147864508	456.93190375125613	0.0	149.36552780451623	450.61435189742093	0.0	143.94624445748093	186.65875779845737	0.0	128.3971240193997	150.44001267605773	0.0	114.39768163694652	179.40482264023058	0.0	155.87643266640305	198.42253873582243	0.0	130.02461959578272	199.52841903677427	0.0	105.66920151614126	172.4977350466403	0.0	143.0755557964913	199.84412447010152	0.0	96.62155268262225	193.7659051558062	0.0	100.25742347296921	159.04754275002952	0.0
44	0.7457627118644068	127.5348680270105	282.97992358049805	0.0	116.89776286943848	277.4584528327684	0.0	87.47146659805988	218.8978169251653	0.0	58.40148863327365	286.0669831482196	0.0	23.611244552880315	290.04275226990194	0.0	25.24893077449525	288.4759191094962	0.0	61.71746168720845	304.42830380815866	0.0	128.7363822618904	295.7329239620073	0.0	111.21443936663096	368.25388731676446	0.0	138.1762427344695	442.2135976450339	0.0	104.5466852087952	454.1167401110572	0.0	111.26918392223257	456.6142375245576	0.0	149.19126730199508	450.5960265209334	0.0	143.54500416471308	186.70413236108266	0.0	128.36524147255147	150.27860763878454	0.0	114.25584485249237	180.96821022971284	0.0	155.0882867832629	198.6455520711399	0.0	125.88789528557366	199.97385669566535	0.0	101.66524118364957	172.69153100865663	0.0	143.53858920686395	199.44857614121727	0.0	96.29226859013082	193.7357397393475	0.0	99.71467343945379	157.8112074480514	0.0
45	0.7627118644067796	127.29130345386505	283.53041163829636	0.0	118.03817868108703	277.20092263838905	0.0	88.79171410311287	217.043948818461	0.0	59.97305370054272	286.27567407068403	0.0	26.13323545544324	290.0040552639965	0.0	28.607798571517556	289.0671248998033	0.0	65.34834925294814	304.75075943244616	0.0	129.21638587215656	295.4054957130012	0.0	110.1488724672507	368.0458859053638	0.0	138.17488201728682	442.04288317891445	0.0	104.364064198872	454.4088644377101	0.0	111.52452414588302	456.9615570302863	0.0	149.22880645204447	450.37002948335476	0.0	143.33645022855956	187.34321203669606	0.0	127.72028557094397	150.10678682711165	0.0	114.52869289370625	180.26871091934615	0.0	155.16266918668543	198.29703596370945	0.0	123.73443152117386	198.84515060015616	0.0	104.84709831441353	172.76984739927042	0.0	142.08739571023295	199.55188811795904	0.0	95.20128218637385	193.86648556430387	0.0	99.0832714404344	158.67164725626034	0.0
46	0.7796610169491526	126.71772055821341	284.06324326073553	0.0	117.77923242600258	277.3598150662985	0.0	89.5870707402613	216.13648051075302	0.0	60.776560271061136	285.5973799768419	0.0	26.65336639536587	290.3082259462114	0.0	29.435539705792642	289.34948627348547	0.0	67.44946594089663	304.33679978194726	0.0	128.33719461525934	295.64452334808817	0.0	109.60511080062184	368.05480796283877	0.0	138.29460974635344	442.31268931612294	0.0	104.35379182627472	454.3607286699763	0.0	111.5598853681586	457.1524889494043	0.0	149.42794795061633	450.786240766294	0.0	143.22548406105685	187.83988075983802	0.0	127.43890086485999	150.90259930676228	0.0	114.32053686064714	180.3046240971739	0.0	154.7836019805129	198.19406531479348	0.0	123.69802315730206	198.773686098007	0.0	103.82336435635199	173.06998360906817	0.0	142.26258569713988	199.84544461733424	0.0	93.79413240288171	193.68207340228	0.0	98.41541698459581	158.68997637033064	0.0
47	0.7966101694915254	127.1791234468059	283.749268858013	0.0	117.46111156773541	275.8126074593233	0.0	88.04157256847667	216.6421083373198	0.0	61.63543486160554	286.58077813235195	0.0	26.357569866881455	293.15232814031873	0.0	29.33494635028423	291.24681515880684	0.0	68.35597221578102	304.32918009145664	0.0	128.0925796526946	295.7278089284594	0.0	109.67402390151835	368.0108146469106	0.0	138.31008811914023	442.5153738907352	0.0	104.09604501968211	454.2013391833531	0.0	111.41676999100844	457.3048282175521	0.0	149.35563062880186	451.3176356201351	0.0	143.14344863861402	188.1518811490676	0.0	127.36319603253887	150.67865011123743	0.0	114.36957990351567	179.57189693570277	0.0	154.88977783904394	197.77992232045486	0.0	123.97000730598415	198.1121228175872	0.0	102.86512783563137	173.7978021705571	0.0	142.19590892907155	199.65144717254196	0.0	93.61880088068284	193.34421961593856	0.0	98.28852155064249	157.884328327022	0.0
48	0.8135593220338984	127.33165652538949	281.44994489075816	0.0	116.2049343594278	274.91705214472046	0.0	85.66666212991213	220.4879773666089	0.0	62.21593360325764	287.51412305356826	0.0	24.580640967227414	297.80584610050676	0.0	29.79919344209219	293.1146180148142	0.0	68.41112013130449	304.4433460069664	0.0	127.900138238812	295.40245643268906	0.0	110.9744232173315	368.0341731426455	0.0	138.3118062404929	442.634857163441	0.0	103.67693713394725	454.3752438265301	0.0	110.8238931871085	457.4618131944193	0.0	149.06134008593443	451.86186488135905	0.0	143.16202454224046	187.13815603866186	0.0	127.61695220367925	151.66171814706448	0.0	114.95543312333507	180.04005693266964	0.0	154.4632058088256	196.5559213841515	0.0	123.21417607438028	196.84474775208977	0.0	100.16856593506336	172.30555760030438	0.0	142.18185006084366	199.0910990145083	0.0	93.64399948981644	193.62118102889295	0.0	98.38473654955546	157.81736798718833	0.0
49	0.8305084745762712	126.82016458623085	281.3549718621473	0.0	116.87479775671594	274.17509503436315	0.0	84.92540359867684	220.47252349918097	0.0	60.540569326989846	292.3160919689626	0.0	24.80833522997046	300.6833624930032	0.0	28.79915798386571	297.8606968984927	0.0	67.70191640625171	308.9337533834567	0.0	129.22854902203642	294.21620437880927	0.0	109.5826176453107	368.12303780574814	0.0	138.15807795012483	442.7591257003022	0.0	103.95712766003612	454.64761458071365	0.0	111.03559231007858	457.7213089158827	0.0	148.4940009373242	451.86590537735924	0.0	143.26541843803383	187.33145512490896	0.0	127.68154070272774	150.72379218763672	0.0	114.61151211507539	178.8654232917807	0.0	154.16764670583547	197.1654373673689	0.0	123.67356483888068	196.7545924969713	0.0	100.53669042020157	172.08976130068882	0.0	142.24199716825996	199.53249465000349	0.0	93.31377712041967	193.5995327964155	0.0	97.43094418335902	157.62775505176012	0.0
50	0.847457627118644	126.6957042059066	281.3140974437592	0.0	116.26203719539983	274.1878080929127	0.0	81.86332651328378	223.4479174457768	0.0	59.66566194313527	294.99658485492546	0.0	24.610927004697455	302.5822123939256	0.0	28.13497590821907	300.63795721282776	0.0	66.91599387355535	311.0104762590784	0.0	128.67154507946577	294.58287925499576	0.0	110.47636712868294	368.2290464026793	0.0	138.0849903583147	442.75018221588965	0.0	104.19282615138106	454.69528133073527	0.0	111.28535589068248	457.86607011923036	0.0	148.42349445873114	451.48304238448463	0.0	143.24664671780172	185.50418180701533	0.0	127.71718048517974	150.3205267062033	0.0	113.93628680304018	177.82728669523408	0.0	153.59590569583844	196.9727961471687	0.0	121.50545921212202	195.22080961430856	0.0	99.4275912999224	170.26537511199103	0.0	141.8412000725686	199.65009778596863	0.0	92.86373254109321	193.47381865845423	0.0	97.2767962489514	157.5990997656662	0.0
51	0.864406779661017	127.09010254119879	280.95449670326366	0.0	116.09553843056962	273.8088654103643	0.0	79.12064980165817	226.8242848389924	0.0	58.96547401863129	298.2172330798911	0.0	24.263215323807913	306.6525941257952	0.0	26.972790682577124	303.87940965284616	0.0	65.89993395223846	313.30340558487075	0.0	129.67849609330267	294.5307056943807	0.0	111.09313570744436	368.1216698787202	0.0	138.12576509934286	442.6614925205713	0.0	104.24288974432028	455.057939212404	0.0	111.55691417824042	457.91033839584077	0.0	148.45783865380665	451.3127680544333	0.0	143.08604195386346	184.19479616754444	0.0	128.06702045179412	149.3947036452407	0.0	114.87747023052262	175.83852733314802	0.0	153.24915103059027	196.25262636968438	0.0	121.3387880919506	193.667455820402	0.0	99.16258809823546	171.3506139419083	0.0	141.97251061209764	199.10131173514387	0.0	92.94043333907183	193.88015247948726	0.0	96.84564130960874	157.55117740560982	0.0
52	0.8813559322033898	126.43525996115038	280.01685889805685	0.0	114.69666427100742	273.14232796569235	0.0	76.05081067086483	229.72876384683207	0.0	57.98023009046861	301.20999440714587	0.0	23.650361325838244	312.0127627989214	0.0	26.194332045040596	308.23938989657	0.0	65.34108057533118	315.7077115640097	0.0	130.3306381757909	294.16753096504146	0.0	112.56030407846437	368.1042551795146	0.0	138.13235648542891	442.3383537872041	0.0	104.23057713756951	455.2183836215944	0.0	111.65665287887623	457.8791518287329	0.0	148.4556953452058	451.1470061422692	0.0	143.11027062155392	184.14803217918626	0.0	127.78908414010192	149.06811864045065	0.0	114.91189872815741	175.62016109466074	0.0	152.66044662420853	195.9481810113274	0.0	121.30055530870095	195.8976583015374	0.0	96.8528220882687	171.79885819376602	0.0	142.1301955603117	197.63699995182236	0.0	92.78532775790094	193.82493756048248	0.0	96.33675811256626	158.605623803868	0.0
53	0.8983050847457628	127.2642223646694	280.06749601574865	0.0	116.66165581925198	272.08630371104937	0.0	71.8891008635437	233.86490853571198	0.0	56.514367815895916	306.20090121988756	0.0	22.227199817682454	315.7845107353441	0.0	24.981079321578935	312.6660473920162	0.0	65.26993957710688	319.02226055389383	0.0	132.32924674831492	291.16990161442067	0.0	112.67685160024945	368.09778634932474	0.0	138.14024708752007	442.17206751409026	0.0	104.13666537246075	455.4299943977128	0.0	112.34695160165293	457.9207166713419	0.0	148.42518760618128	450.98549068532066	0.0	143.20052398153143	184.85730336792278	0.0	127.56060401934184	146.08841382129003	0.0	115.1266387651626	173.00453867622014	0.0	152.16601380733874	195.2798335813328	0.0	121.65850748503372	193.52611368954348	0.0	97.07628505754067	171.05101796527015	0.0	142.30940435648722	197.7920525064188	0.0	92.51257201032902	194.5062671939887	0.0	95.81923064200213	158.06568546226674	0.0
54	0.9152542372881356	127.06112701325603	279.84448005951276	0.0	116.47562222022428	272.9493403687002	0.0	68.5261668384137	236.89644128407252	0.0	55.37778277669459	310.39286326819155	0.0	22.16705164279539	320.6748814419709	0.0	24.876697505446206	318.52065332832836	0.0	64.13812225855203	322.66231554445386	0.0	133.79879154371778	291.0441090625312	0.0	113.20804787744387	368.165425047246	0.0	138.29568217300252	442.17768475459366	0.0	104.41991557893681	455.65379600561243	0.0	112.93667132031754	458.04426464029154	0.0	148.50158232693266	450.62970415955215	0.0	143.12826548426767	184.77549032714495	0.0	127.27749426382961	145.40131188605366	0.0	115.22180056164626	172.11888754882028	0.0	152.6094577907583	195.0050398141728	0.0	121.15806304185895	192.24582028002177	0.0	95.76616720887635	171.19411524609328	0.0	142.15947446856075	197.62677532049463	0.0	92.09183442905749	195.33164863223163	0.0	95.47740971909451	158.97949137551268	0.0
55	0.9322033898305084	127.40785780058934	279.94334705438496	0.0	116.43052380743022	273.24126674732935	0.0	67.27415175992255	242.37159847350748	0.0	54.06965656604027	315.4041605383403	0.0	22.144618978613046	327.78691379544875	0.0	24.19327120478469	327.7031939182241	0.0	63.25096681705533	330.4294112830739	0.0	134.63711610631975	290.7194692906164	0.0	113.76565269653501	368.1770376202006	0.0	138.41020674377546	442.04136794271665	0.0	104.37512913110956	455.7518858664092	0.0	112.87973433051434	458.31170482042876	0.0	148.48683788031957	450.58231518301056	0.0	143.1045182172693	183.88222627699423	0.0	127.7580764468587	144.64032478699195	0.0	115.25481833143223	171.4480857387197	0.0	152.92963235649836	194.83679121736736	0.0	120.12505852050833	191.39712561423158	0.0	95.8040005857462	171.59660276280033	0.0	141.93428202916783	196.79243765633237	0.0	91.59008029088166	195.68476754065048	0.0	95.17082280204782	159.88306253072136	0.0
56	0.9491525423728814	127.74077233490077	280.8200435942405	0.0	114.68791345729616	274.6419971476532	0.0	66.30789337101021	248.0109073197147	0.0	53.13047699178563	322.70893107471	0.0	19.761556186108688	332.56066576879044	0.0	21.991633911325632	331.8223989483522	0.0	60.80644699458868	336.50289914718377	0.0	134.60973256725177	291.41356553658727	0.0	115.23873956983178	367.9558702293317	0.0	138.384751140919	442.06699890321795	0.0	104.17197274983997	455.5282888100783	0.0	112.51830397172695	457.94835183912767	0.0	148.27441251657177	450.8317736715568	0.0	143.33761732432313	182.44139898395304	0.0	128.996789524491	144.94055105880696	0.0	115.65391519945605	172.25981424039136	0.0	152.78030349786238	194.66174239523514	0.0	120.23717149653137	193.91287199168437	0.0	95.58897319371167	168.86289447071508	0.0	142.17743775223602	195.93464112763644	0.0	91.83265456441407	196.1413095636027	0.0	95.39351450604322	160.08267407817533	0.0
57	0.9661016949152542	127.90788042809861	280.66963227379887	0.0	115.40678243954328	273.43305066458703	0.0	63.42632508582525	253.6611202546586	0.0	51.893120602772804	327.91510707125474	0.0	19.5169602310547	338.3416979997221	0.0	20.657883985254454	337.39782285544806	0.0	61.11012394164186	344.00466252299344	0.0	136.3432333291251	289.42823920294825	0.0	115.54024819893807	367.29252864914133	0.0	138.38516998691512	442.16982351280194	0.0	104.05565914166321	455.52876332737213	0.0	112.65070241525066	457.8761420697989	0.0	148.1851521671208	450.84069488590507	0.0	143.54083858940655	183.45881745534282	0.0	128.80718006924468	142.7100960074302	0.0	116.39697816733748	170.1044639570237	0.0	152.7767111471168	194.52773277714005	0.0	120.1271254984632	192.56066593627406	0.0	95.36667213364137	171.48992940230224	0.0	142.44223254729283	196.21322304621128	0.0	91.06937852728275	196.7710501200615	0.0	94.56374798394329	160.59612253787915	0.0
58	0.9830508474576272	128.1763253357414	280.77526974937655	0.0	115.71558318625746	273.264081299572	0.0	62.93190804449912	259.51291792906835	0.0	50.70366766063169	334.43705153503015	0.0	18.939900892850837	344.0765034333566	0.0	20.768883007867313	342.17963592638716	0.0	59.436758158653625	350.7877681023978	0.0	136.55669495578798	289.09272405487656	0.0	115.93869421612851	366.7348886076712	0.0	138.38966135541855	442.282754484486	0.0	103.84739442107887	455.5824048800291	0.0	112.85746586362349	458.0453948546833	0.0	148.30984817250825	450.9818124835754	0.0	143.56641296586125	183.93062115050648	0.0	128.90856572500388	142.15382774152948	0.0	117.18651172310744	168.70114376808056	0.0	153.15722348778016	194.0017118309005	0.0	119.11587085028705	194.53443957572642	0.0	96.0265370541673	174.24491235062754	0.0	142.1042352041543	195.12897062694975	0.0	90.97205052384902	197.97126176408287	0.0	93.62800428065526	161.55804164530463	0.0
59	1.0	128.22639431695785	280.81566054529054	0.0	115.57965926415883	273.55335462022026	0.0	61.5346396884281	265.11693897691737	0.0	50.80586980469294	340.56428070574515	0.0	18.828798590829745	350.2750052768411	0.0	20.732838491052274	347.3675936741241	0.0	59.47379937982122	356.9279489220016	0.0	136.3085591678739	289.26341354499743	0.0	116.76394159289876	366.84019392958095	0.0	138.47322052219386	442.4474569073311	0.0	103.42302519752656	455.63846847780576	0.0	113.09160287449907	458.05678758827435	0.0	148.33918689152256	451.38546647709506	0.0	143.54187724850897	183.38351837454468	0.0	129.55575112780554	142.40952243313626	0.0	116.82740510908789	168.66944451333643	0.0	152.05371283034557	193.73893859788882	0.0	119.15455818113142	195.0935497562599	0.0	96.68840903939122	174.23074996099194	0.0	142.16504753964085	194.3349223181436	0.0	91.14458282414142	198.43930834242457	0.0	92.72602151761748	163.31198527085925	0.0
60	1.0169491525423728	128.60974311047005	281.2899290598241	0.0	115.35190775972234	278.27699500012847	0.0	61.70470091487608	271.6897220709335	0.0	51.28510422425279	347.47381312717795	0.0	18.093981269302336	359.3470483834226	0.0	19.768267361561797	354.5777208553627	0.0	59.42228130475198	359.576501310135	0.0	135.9112829924992	290.61139246157677	0.0	118.24895677019755	367.04483450622956	0.0	138.49491801043246	442.6378902890749	0.0	103.03394064217349	455.6259654635261	0.0	112.4844530679475	457.57475937832214	0.0	148.32689443730504	451.448139518665	0.0	143.4408293921898	181.57896069199725	0.0	130.79388389453567	143.64468447760922	0.0	116.8949316093356	169.79781404561288	0.0	152.87980498260364	193.58420519003283	0.0	113.51670560770155	195.12792249332216	0.0	94.2320786716127	172.95946775556584	0.0	141.17535939851953	194.09211697843006	0.0	90.62671658515096	199.1648955317498	0.0	92.98302082893643	163.4405544665946	0.0
61	1.0338983050847457	128.77519778904718	281.68988323531016	0.0	116.16475719077212	277.0713405587268	0.0	61.34246805562605	277.098312238434	0.0	50.990332060654	354.1428011253881	0.0	19.336481369159376	364.6506290659424	0.0	21.976048133827174	358.94912932416895	0.0	60.204941298974404	366.49410252639456	0.0	136.16298736701964	289.16484746089435	0.0	118.74586073099721	366.5714343241162	0.0	138.58165771131655	442.5963019823554	0.0	103.2003754837831	455.7670969277235	0.0	112.0197215874075	457.62788000945943	0.0	148.58980193533495	451.65802420626403	0.0	143.66641089278474	182.0573851606402	0.0	130.31814242791327	141.6478264241244	0.0	117.25039600956993	168.8839285226618	0.0	153.14345819627457	193.35590488827268	0.0	115.11834324930588	194.15105776316025	0.0	93.64741997604946	173.86456789392543	0.0	141.0758261392408	194.3518276123566	0.0	90.66437107215923	200.00872928994207	0.0	91.85294782545854	164.70378984283673	0.0
62	1.0508474576271187	129.2140074648574	282.295315169367	0.0	116.8933306983585	277.5517260628983	0.0	61.093802777033105	283.51152853367824	0.0	52.15548570680629	360.60003701864093	0.0	21.01447753327975	371.31465771293387	0.0	23.64728363526743	365.51096130000707	0.0	60.16094285525234	373.11917683765915	0.0	136.1163005775645	288.5274241545525	0.0	119.38146033139867	366.0191712685897	0.0	138.78411040143257	442.5460105018876	0.0	103.36039578620587	455.7107598665938	0.0	111.84189735703129	457.5856018231166	0.0	148.7585834988276	451.4084576972933	0.0	143.7385953810434	181.76917009729232	0.0	130.41289663367033	140.58054367793568	0.0	117.24923851053438	166.8388837110328	0.0	154.9151537307639	193.07273798907104	0.0	116.58625657160646	198.71438264169464	0.0	94.46603643984305	176.02670101723177	0.0	140.14745224646583	193.81982960262462	0.0	90.12557174966281	201.48080705347462	0.0	91.66535049270199	165.85099121691772	0.0
63	1.0677966101694916	129.75668342297914	282.4409919024081	0.0	117.89201249847407	277.4664149302129	0.0	62.261295812189275	288.8432706414576	0.0	53.36229469806457	364.3689521218205	0.0	23.328226392793685	379.6925523845815	0.0	24.383248490310116	373.95349438222286	0.0	61.79458153243787	376.9493821874813	0.0	136.06042612675114	287.0904860767588	0.0	119.77896340156227	366.1320172729379	0.0	138.83496326802356	442.49371829274264	0.0	103.47142800335575	455.1231147734551	0.0	111.46459135900159	457.37777608576306	0.0	148.946298147398	451.13935749837134	0.0	143.68575121353712	181.95208556274275	0.0	130.5494545411671	139.8822570866355	0.0	117.89482817439546	166.3412553687618	0.0	155.5170770584577	193.01068841995703	0.0	109.93708005745881	202.04593801312188	0.0	93.9395334038575	176.4189255260687	0.0	138.99111931016103	193.12323632519985	0.0	90.33042148764322	202.61715614957654	0.0	91.4985457720056	166.83672242270697	0.0
64	1.0847457627118644	129.69961590636936	283.9290971459234	0.0	117.52232245934792	281.8025416896987	0.0	63.14287125261945	295.10332885251324	0.0	55.43727860301679	370.33006556959964	0.0	24.638193473751187	383.2398357640612	0.0	25.348727683587622	380.73134963145594	0.0	64.62785482660192	383.1087817945133	0.0	136.11585178182733	286.6505661995943	0.0	120.34602316740667	366.1320976313001	0.0	138.94291328952448	442.6149113065936	0.0	103.35427791859607	455.0013469423395	0.0	111.11534236043936	457.2811493296648	0.0	148.79871771208786	451.3816511446937	0.0	143.6313243451188	181.71895241076203	0.0	131.93129079982972	139.59878338802403	0.0	119.11190840355711	165.04280726758432	0.0	156.39254176041396	192.89557807478457	0.0	107.3744972045911	199.43808433361878	0.0	92.02003128167483	175.24563218642518	0.0	138.4354535593927	192.74461008612644	0.0	90.32552558863264	203.85369946729935	0.0	91.5197177120136	168.5567392231721	0.0
65	1.1016949152542372	129.8932901052936	282.93567493292625	0.0	118.9446946996909	280.09041447445964	0.0	63.440497877620594	300.28233041294925	0.0	57.21378137270339	377.54355923538395	0.0	27.316592759106598	392.03251815956867	0.0	28.155085522486612	388.1941481389982	0.0	66.94475736749831	390.1096862036705	0.0	136.06060196666186	284.6043841412063	0.0	119.74529749280047	365.49295594369914	0.0	138.77816133763477	442.8479858200711	0.0	103.2915981721219	454.9798603331915	0.0	111.31618104208323	457.44950277366183	0.0	148.89647161872756	451.71149625927137	0.0	144.05412110733494	181.89049492414034	0.0	131.16535348345684	138.24659886409952	0.0	119.30509942614736	165.00825725307476	0.0	156.97061056617275	193.03305544772778	0.0	103.36057611440502	202.1980561915779	0.0	91.19726103915602	178.02051757548656	0.0	137.93215571269977	192.21705895284254	0.0	89.73885132511072	204.50393516242298	0.0	91.41646494770482	168.04933223317516	0.0
66	1.11864406779661	129.72874989194293	282.7030816672928	0.0	119.5819010890308	278.1832887269686	0.0	65.48950002395361	305.6827853556878	0.0	59.847794613073866	382.77447163580376	0.0	29.74589601693253	397.4638422470744	0.0	30.664236162573356	393.59290709655625	0.0	69.7481470465797	395.45778054770466	0.0	136.1358605205637	286.0379659563987	0.0	119.92713700569442	365.4977099163003	0.0	138.58724489294787	442.876376884724	0.0	103.51788945409234	455.05870088649954	0.0	111.27606759211645	457.58458652583755	0.0	148.69892381920567	451.88349505383803	0.0	143.98849886223894	181.63988462391586	0.0	131.28987425554587	138.5323667059449	0.0	119.80553310626001	165.04788565770463	0.0	157.0890261015486	193.25351311176658	0.0	104.10152169342878	202.34077424643823	0.0	88.93690921924849	180.43688357302273	0.0	138.03847801636914	192.36980198956448	0.0	90.27486272665264	204.3092380157152	0.0	91.39216545768878	169.85721320645857	0.0
67	1.1355932203389831	130.30036479748907	283.2336814156863	0.0	120.36573549295386	279.069533599988	0.0	66.78848084839606	311.0561044046564	0.0	62.17694039706823	387.071061856516	0.0	32.05542125656246	402.62862701721207	0.0	32.97867178928903	399.68296100845066	0.0	72.8146777931372	399.7371034119105	0.0	136.10565638334265	287.08512023178963	0.0	120.44822825635627	365.6149762987932	0.0	138.42013151300864	443.2588056866022	0.0	103.62489202205762	455.2382789863296	0.0	111.01746669415634	457.6460794033603	0.0	148.39320847888584	452.77433898260074	0.0	144.4736812766715	180.82090995139555	0.0	131.35622603761868	137.73497856598405	0.0	120.48695139719688	164.80581328044374	0.0	157.47579814903136	193.1860789673016	0.0	105.24223867043753	205.46354242697635	0.0	89.56488112035275	182.2352127948882	0.0	137.28986619557176	192.25906807069174	0.0	90.90506630008828	206.63213671671002	0.0	91.38483140594252	172.52797390894023	0.0
68	1.152542372881356	131.57330530268558	283.6891467658422	0.0	120.10987191776994	280.19088430866265	0.0	69.48490336614029	316.8596525232417	0.0	66.72566222125351	393.0537509516983	0.0	36.22831626327108	407.50011704050297	0.0	37.101369045525715	404.2814766958522	0.0	75.84634017118407	405.82557440725526	0.0	136.418516586345	287.2124547709063	0.0	120.45875455949816	365.36510098135454	0.0	138.28051081244058	443.6210455128021	0.0	103.42419801640472	454.6908280230068	0.0	110.91728890274541	457.3913788637015	0.0	148.36093996703977	453.40829323826756	0.0	143.99314254627245	180.26231868446058	0.0	131.63845120326516	137.49352452059094	0.0	120.74593556565713	164.09570625405297	0.0	157.49436135113712	193.18482450328398	0.0	109.54598104735443	206.4553499551732	0.0	91.62144976718852	183.07974823530154	0.0	136.96130393746148	192.53126096151357	0.0	91.29873731039639	209.32836627776152	0.0	91.37709700221771	175.60240636375804	0.0
69	1.1694915254237288	131.9960086581819	283.62817247828735	0.0	121.22667756364716	280.02948652784494	0.0	71.44378835884217	320.80680167595636	0.0	67.9125665303745	399.7098787771335	0.0	35.94444550250902	413.41373239614086	0.0	37.72407335607767	409.52834640651594	0.0	78.5180185264573	411.4660278765268	0.0	136.45834377601858	285.98662769510105	0.0	119.81936369672934	365.1695348176187	0.0	138.07536359919342	442.94520235260813	0.0	103.22813414536358	454.4139219024507	0.0	110.71915815731097	457.24629975172235	0.0	148.4785706159843	452.4042501756551	0.0	143.90687052761973	180.83583330929912	0.0	131.45232433752997	137.32978548848806	0.0	121.14149178312285	164.52426698361722	0.0	157.43830177938548	192.2535440465604	0.0	107.97217421509049	211.10041390442518	0.0	91.63653227369728	184.89884322634413	0.0	137.7141621471544	192.04770480250522	0.0	91.86463161258567	210.3910862564712	0.0	91.09244628482423	174.48336770598863	0.0
70	1.1864406779661016	131.76134854841447	283.61840457968884	0.0	121.81385828368236	281.2419418597325	0.0	73.90548416159201	327.6085246658505	0.0	70.26405338061711	404.7674538895027	0.0	38.92261047222029	418.4890083620855	0.0	39.936825498068096	414.58754056589476	0.0	80.07342779906891	417.4356930460757	0.0	136.2185252793305	285.63653028191425	0.0	119.90612336327969	364.680200327795	0.0	137.90987001842453	442.25966917748576	0.0	103.2650217458567	454.3458106779407	0.0	110.52141922528128	457.14628706644214	0.0	148.52226218699258	452.19718005014136	0.0	143.62080710306253	180.9627660997503	0.0	131.58156962698965	137.18735516631514	0.0	120.36622321798222	164.49528711450483	0.0	157.2274578456858	191.93461491717648	0.0	103.2448519649873	212.3832735408376	0.0	89.70149021169304	185.00130970540658	0.0	137.54562781982747	191.86632821040368	0.0	92.44830595356373	211.33311442975125	0.0	90.72122724640651	174.30020749261462	0.0
71	1.2033898305084745	131.5138861732445	283.78980617952845	0.0	121.73750644045697	281.80168546267146	0.0	76.48078021671147	333.45147068784354	0.0	72.67579138045986	409.8260595304691	0.0	40.506248912770175	423.62403278218346	0.0	41.563240831237444	419.7109469998399	0.0	81.59356772808596	422.4381887458137	0.0	135.85937656638788	285.56101689687506	0.0	119.7562653617221	364.2056095908885	0.0	138.02699216913524	442.1575290866955	0.0	103.16194157861216	454.26893522522187	0.0	110.706352599614	456.9738319325975	0.0	148.63921339977423	452.38297644363485	0.0	143.27383584306264	180.92071226590267	0.0	131.51163952850044	137.16792795495832	0.0	120.55867745183683	164.48580825207048	0.0	157.27608150082327	191.89663149360234	0.0	106.07491796695844	215.62781108744176	0.0	92.5625222112053	185.8206253379924	0.0	137.0181876184914	191.7886420791771	0.0	92.92922594848608	213.11669983317574	0.0	90.4043036152309	175.1815360445297	0.0
72	1.2203389830508475	132.2644290698771	285.49709158350294	0.0	124.04743538913935	284.53515674438626	0.0	80.97330154171595	336.96122233457555	0.0	74.65025123326288	414.92474900580714	0.0	42.45257807567927	429.0068125083557	0.0	44.73991124806701	424.94496620854585	0.0	83.36738049991024	426.1757788651742	0.0	134.9743141522349	285.6810065956776	0.0	120.05697916126172	364.91385074457054	0.0	138.0998803922191	442.3896602964995	0.0	103.32402113964584	454.04535356843985	0.0	110.83188866055984	456.69500789980395	0.0	148.75089447428743	452.96242100597476	0.0	143.487525860171	180.53120725052418	0.0	132.06040613494366	138.63427609901098	0.0	120.98203709691138	165.4075354641223	0.0	158.42606695833433	192.84437976620157	0.0	119.96748228743229	210.72896471687739	0.0	92.43652977416893	187.9735507795412	0.0	135.33229300946164	192.1270170456057	0.0	92.64910039153695	214.63601215657795	0.0	90.517890452826	181.34308853708555	0.0
73	1.2372881355932204	132.5162575017343	285.3248347576199	0.0	123.93441581524189	282.93307740848957	0.0	85.28004328325258	342.7312409903689	0.0	75.52520223910744	420.28445663746305	0.0	42.654393504242485	435.46841405990244	0.0	44.62573981136799	430.9790235351378	0.0	83.31621755646015	431.91815071447263	0.0	135.23138519627477	285.3537285248524	0.0	119.30973569966213	364.80325891412883	0.0	138.1915987506639	442.2056477764578	0.0	103.42837248986618	453.854953306321	0.0	110.98566976841764	456.6980355692881	0.0	148.892858149345	452.92536270014375	0.0	143.3860440050617	181.58217975594735	0.0	131.61804649979706	138.89682746607437	0.0	120.43455447474969	165.8262334473733	0.0	157.88038302904704	192.5798417250728	0.0	114.41964481372331	216.10745756121838	0.0	93.50184903665057	189.27322602629397	0.0	135.67059183409884	192.21212770454414	0.0	93.76626757886716	217.29465011924785	0.0	90.1240180051301	183.40683972687535	0.0
74	1.2542372881355932	131.78232758224203	285.87410540014713	0.0	122.91318394068014	283.9571807599797	0.0	89.73942006870413	349.49101353719135	0.0	75.33470071685159	424.7281778716824	0.0	42.30910133543468	437.421973915199	0.0	44.31345369616121	432.68110522238203	0.0	83.04679386114503	437.2494391727922	0.0	135.11214743542567	285.79377111230286	0.0	119.09058500991847	365.0144814273133	0.0	138.1256615300689	442.1794717180603	0.0	103.3944457665987	453.89765388774345	0.0	110.85831630874094	456.84544992263545	0.0	148.8365626540234	453.0588101859678	0.0	143.08926648722988	182.1439337654498	0.0	130.73910897654488	138.88111695899	0.0	120.5679607686508	165.2982009116532	0.0	157.21334347294024	192.35671991769902	0.0	108.52197300438611	218.29987842428494	0.0	92.57983831864831	191.06989343878206	0.0	136.54418050326282	192.1733028608618	0.0	95.20035318893721	219.18194669496904	0.0	89.63674496985088	183.498219568885	0.0
75	1.271186440677966	132.17353774377543	285.56425407701124	0.0	123.54850840520558	284.2773662929124	0.0	94.57134599061584	352.2628248272277	0.0	77.13808697999461	426.4595282590086	0.0	43.162704101958845	439.2445188327171	0.0	45.96748589156709	434.4977287359154	0.0	84.06525096669947	439.00223210015383	0.0	134.74454300735653	285.4445754460075	0.0	119.11876993748292	365.0044001761797	0.0	138.05720512136583	442.25834828657963	0.0	103.50953616738977	453.9933112895541	0.0	110.55772767707975	457.0104432505158	0.0	148.81167932395272	453.45894568399524	0.0	142.90905714293677	182.22843848816245	0.0	129.78003089230566	138.81328095207056	0.0	120.55794954406299	165.68943171979302	0.0	157.5021249535237	192.28761068827325	0.0	107.74794439925374	221.74287944079668	0.0	91.33202559830865	193.03727267690434	0.0	135.4062135244981	192.16049705357437	0.0	96.15232497021046	220.2376541684836	0.0	88.99080626968748	186.11288498298873	0.0
76	1.2881355932203389	132.72549256813699	287.3363945672819	0.0	125.55430867736536	285.8546245851336	0.0	97.95896324654541	354.83165336240086	0.0	79.19071144149268	428.14847498967873	0.0	44.527482588427105	439.23456121887494	0.0	47.013347961012116	435.23061798567585	0.0	86.1768257760678	440.4710952461665	0.0	132.70494580631456	286.5510512346535	0.0	119.11539224958388	365.3931187164659	0.0	137.89008020186162	442.4679231504155	0.0	104.28939693893491	454.1092149892622	0.0	111.09760872738087	457.071548997813	0.0	148.80475440187945	453.49308726586196	0.0	141.89867043700914	181.6992985899772	0.0	129.99957543856547	139.2737100178553	0.0	120.05295148163873	165.97318442496456	0.0	158.13741186754308	193.3807592870711	0.0	118.48212560979304	218.94117852828182	0.0	91.79668913852414	201.02771567226807	0.0	134.475657417554	193.08949720943457	0.0	95.45837002097224	223.71710167794063	0.0	89.70869273174256	188.60050692148462	0.0
77	1.305084745762712	134.09962931678518	286.55138929740934	0.0	130.39441125183666	284.73351603363506	0.0	102.15956764321248	356.2297452972019	0.0	80.46570820778636	429.24732841898305	0.0	43.8592230818268	439.73438086849103	0.0	46.71516812911278	435.86426251159395	0.0	86.22579924354062	442.80526499691575	0.0	133.1907978506655	285.9638199708545	0.0	119.00791328886994	364.42527595006715	0.0	138.00029944201742	441.909311388098	0.0	104.55830652270815	454.1816409733159	0.0	111.32471056400232	457.12611223910517	0.0	148.80296978520704	453.3941569001346	0.0	141.27816472198404	181.87312429832124	0.0	128.04354475182114	139.42754867871457	0.0	120.518978225071	165.8244010185727	0.0	158.37384143252888	193.11519730919005	0.0	118.11703144274644	229.0170685416259	0.0	94.26356839609278	201.46143605445442	0.0	133.45542016675844	192.9744593599106	0.0	96.55034791652113	225.5520842617743	0.0	88.35920851754251	193.4689442154598	0.0
78	1.3220338983050848	134.93119356012804	286.0834023178847	0.0	135.06214139824596	284.8411388776299	0.0	105.09805944601705	358.4056153529488	0.0	81.7682417077942	430.24236383321	0.0	44.86959306293131	439.8268350078126	0.0	47.849267255232725	435.8863719016748	0.0	86.68802134917631	444.6259551730211	0.0	133.03877109819427	285.8942944642729	0.0	118.79914562385568	364.3674202405663	0.0	137.97724395367675	441.2057975517836	0.0	105.14165721420898	454.24683933421045	0.0	111.78055636623208	457.2054993305531	0.0	148.75837231616362	453.45201458887936	0.0	140.86297694651034	181.99366194037515	0.0	127.4115670477291	140.03686733566886	0.0	120.49343770317205	165.75379137767138	0.0	158.30448491670003	193.0422548734216	0.0	119.49200846958536	231.61854426285336	0.0	100.0289500009205	204.4956951772927	0.0	132.22129118421537	192.93269080856138	0.0	97.1792800332855	228.57057723372	0.0	87.78475387171345	194.81203076724296	0.0
79	1.3389830508474576	136.19197656080004	286.37991016713084	0.0	138.86884701719134	285.2927993281708	0.0	105.74463387339932	358.5735712345278	0.0	82.56942683927446	431.35608516616895	0.0	45.662507434519526	439.8749597284533	0.0	49.41986178711749	435.1725167426813	0.0	87.52624086129792	444.74128023533626	0.0	132.55471584198668	286.13482032563246	0.0	118.95511482910325	364.52356990687974	0.0	138.02335092701094	441.134751265864	0.0	106.08926925830752	454.2761903335785	0.0	112.23033056926224	457.2777138221038	0.0	148.8171580661807	453.6472741189195	0.0	140.29190854648584	181.97052707622234	0.0	127.57591204020632	140.21985062293462	0.0	120.55639425548891	166.05220319655822	0.0	158.43706185388504	193.30455953209056	0.0	139.23253324527877	235.24957125002754	0.0	108.07244435969498	216.05232470130292	0.0	131.59146068376452	193.23958148515283	0.0	98.49672253147047	231.1359756667236	0.0	88.69060180771483	201.8912714197071	0.0
80	1.3559322033898304	136.7919583941832	288.191222515464	0.0	143.54179330760644	286.14123463483213	0.0	106.55034659568184	356.6079863456689	0.0	84.34589870525767	432.1446192608106	0.0	48.12003375341996	438.0415392695334	0.0	51.339136441125994	434.74689369951227	0.0	89.76491409736464	443.5399971915007	0.0	131.61580658111765	287.3304354460615	0.0	119.43842676535218	364.7274199668714	0.0	137.88190920674617	441.2410951414042	0.0	106.16589571218347	454.2154657432956	0.0	112.44809116886239	457.2643846530922	0.0	148.81546721033538	454.19411263475297	0.0	139.35485262641586	182.24923279017526	0.0	127.1114712275595	140.38745707410177	0.0	118.59134173661658	166.40877281770508	0.0	157.83422605707804	194.20187940410722	0.0	131.20951030429524	225.56895588542713	0.0	104.02505657806498	206.61513383627295	0.0	131.16487617804572	194.22893309520043	0.0	99.31709095701459	232.97623883452906	0.0	88.87868352822525	201.93490896976058	0.0
81	1.3728813559322033	138.01352498908653	286.97979098558613	0.0	142.5672193152024	285.6119385798199	0.0	106.95045914342946	356.4956480659764	0.0	85.2983964439353	430.69519664160003	0.0	48.73250225685587	439.18006868528255	0.0	51.642815735292075	435.3003723074615	0.0	90.26005168894321	444.0126707665233	0.0	133.20719407095015	287.3632056904631	0.0	119.27774854070388	364.48346687534263	0.0	138.01647952151987	441.19696664198386	0.0	106.72430611134374	454.31696653187646	0.0	112.89095938682671	457.3562985640365	0.0	148.88809895919195	453.86794235403886	0.0	138.98883566192984	182.4773655049559	0.0	124.9205553184182	140.38119468893578	0.0	118.10024776474174	166.89850666341488	0.0	157.56081601690153	193.67412432192933	0.0	145.44513959693958	234.14357772310228	0.0	106.59418102289965	214.08574377827074	0.0	130.34944529178478	194.1888558770457	0.0	101.37133869181689	235.4525244919911	0.0	89.00353485533817	204.67999462999904	0.0
82	1.3898305084745763	139.59665953939452	286.6628514802955	0.0	144.12902955442217	285.49620547209804	0.0	105.57366199664108	355.8309206606904	0.0	85.65584896605881	431.3714238514993	0.0	49.72318963097777	439.2069030912348	0.0	52.6239550993342	434.464686358919	0.0	90.71221394721799	443.9788748917965	0.0	135.14785559101648	287.38437468984836	0.0	119.31739823092666	364.08720741981307	0.0	138.31484866948836	441.20489876664305	0.0	107.03709190739745	454.3485179843684	0.0	113.3484029542194	457.3660677489148	0.0	148.99796971318094	453.7720595882086	0.0	137.88075435259435	182.64926336134997	0.0	124.25763441689622	140.93080515469325	0.0	118.2206549349591	166.63521710365802	0.0	157.2253799239919	193.07123235265414	0.0	147.74821533779956	236.93786707028306	0.0	111.11870552010988	219.47776282193226	0.0	129.1881891466529	194.34092623578528	0.0	102.94303592368121	237.9139052571617	0.0	89.18303287119375	208.79221533626958	0.0
83	1.4067796610169492	140.22053364343446	287.5209858404745	0.0	143.72815921314034	286.66086759092525	0.0	104.37808243954993	354.1473351807599	0.0	85.86665007686184	429.86402756254046	0.0	50.37575092883698	438.4503680743061	0.0	53.23139797607289	434.5734889996372	0.0	91.03170466819071	442.3386138697506	0.0	136.71467989247282	288.4806859876847	0.0	119.22023594473399	364.13580926909236	0.0	138.16081026294341	441.2343407259154	0.0	107.38842663897682	454.04033065424426	0.0	113.23709597551002	457.07015800052983	0.0	149.41182129254221	453.54023139525884	0.0	136.2621821168076	182.5234791938844	0.0	122.98768144337458	141.70963731042622	0.0	116.92607447130308	166.87710284145942	0.0	155.88169307620177	193.10690661913853	0.0	149.9079563309088	239.56952483157824	0.0	115.18989922280406	227.8509656692068	0.0	128.44954034884623	194.93089246380856	0.0	105.13888310623476	240.42230173311205	0.0	88.32887390037868	212.4258493445915	0.0
84	1.423728813559322	141.65596583415706	288.5427398836208	0.0	144.89497742474418	288.47464991504467	0.0	102.47829733467006	351.51145336127894	0.0	85.62835970801683	429.854857022323	0.0	51.26528012412338	437.2046558353604	0.0	53.7216648360042	433.95869333280075	0.0	91.13070854004692	441.10028469386657	0.0	135.65374204612283	290.0486080569167	0.0	119.69423103215355	364.42994409470526	0.0	137.99910371637745	441.08520089569424	0.0	107.73816835032014	453.5980343118362	0.0	113.35239666143775	456.7277928410125	0.0	149.20529269864272	453.49596938274465	0.0	133.33754116339682	181.2529862213204	0.0	123.09878494636754	142.15203269464865	0.0	112.98204567866433	166.8718521152633	0.0	154.0661780314444	193.0746994403542	0.0	150.7112327028952	243.63327909143797	0.0	118.86514518437727	289.645814183333	0.0	126.82674013706864	196.54821918223482	0.0	104.7668385241697	242.11432886142	0.0	87.90008147019229	218.24889648433734	0.0
85	1.4406779661016949	142.65193998564575	287.9661955237044	0.0	143.15958720938107	287.17678296948105	0.0	101.29816279026754	350.7392010328494	0.0	84.43147951514081	428.44692171598075	0.0	50.893076706298594	437.9269208862729	0.0	53.65916974825418	434.0862959967246	0.0	89.99114912264781	440.83429494923377	0.0	138.45108546845216	289.0787710066938	0.0	118.42995376484629	364.8849611214107	0.0	137.8979987550917	440.9739286747837	0.0	108.16280471702211	453.77569785930956	0.0	113.81208480682628	456.9017896704208	0.0	149.3394182121073	452.87984498052816	0.0	133.00825720950434	182.45712389948127	0.0	118.97409555968983	142.18894191155883	0.0	112.80279473583246	167.01422443252648	0.0	154.11300847458443	193.4201847796393	0.0	154.88087349530284	245.6333572191388	0.0	120.82321880119427	285.7346918510099	0.0	126.34727884180364	195.9844463649902	0.0	108.15231170936515	243.6226180062268	0.0	86.51874392817446	223.48661922522322	0.0
86	1.4576271186440677	143.05129254762642	288.12898498349784	0.0	142.7495738244553	287.99902562322046	0.0	99.71134610916889	349.80806584325563	0.0	84.05511236440915	426.5736314022903	0.0	51.344091234765564	436.2700126475224	0.0	53.42660096111345	431.58416159338145	0.0	89.12494228535013	439.1192366828293	0.0	139.9580447555699	289.9175545683574	0.0	116.4439278940458	365.0309571353687	0.0	137.46627743395146	440.88619976259497	0.0	108.2840996433597	453.68522098656956	0.0	113.83330768458296	456.98677722553555	0.0	149.45756546559426	452.6068785365359	0.0	131.42133200346547	183.89595091201755	0.0	116.67379199802343	143.6819477524428	0.0	111.01848658754012	168.5270054211614	0.0	153.43174943254346	194.43193316526947	0.0	156.2965188027473	248.69408967931642	0.0	122.56171304226245	286.3538376455875	0.0	125.30111258581698	196.68421216882032	0.0	111.0533875155467	244.91575964215	0.0	85.47915301208079	230.39704229493498	0.0
87	1.4745762711864407	145.14740865282025	289.04691718718044	0.0	141.48629263134134	289.1812832713004	0.0	98.45666443365027	346.903188921175	0.0	82.98432131528372	424.05862024284556	0.0	49.764998449088736	434.60586641057597	0.0	52.485637531857215	430.7131735864545	0.0	88.64271983038472	437.3603354087486	0.0	141.7755324057589	291.8543084053199	0.0	115.7199469180254	365.52550825995587	0.0	137.43779920441278	440.56176926539763	0.0	108.40451499086956	453.10203582839614	0.0	113.12074300549006	456.8591303372591	0.0	149.23159293166958	452.1184681665324	0.0	130.45798465831368	186.30624012089098	0.0	113.34568764641831	147.19210515558703	0.0	108.79085019023324	171.94851077592634	0.0	151.9802898898987	196.01201204534257	0.0	156.40966991072412	250.86831948769787	0.0	122.10337055357869	288.03258933026	0.0	122.95283400573635	198.9778015868656	0.0	112.5601706395446	248.01811231424134	0.0	86.48448095788831	239.29245648456893	0.0
88	1.4915254237288136	147.94859533553955	292.1973140601961	0.0	141.6457389807622	294.40856382684007	0.0	97.75887860146635	345.2974307069031	0.0	82.05261149539126	420.61960129078307	0.0	50.46011475797939	431.85199947476065	0.0	52.87983796183199	428.5482490022565	0.0	88.07822490719292	433.7353300606481	0.0	140.4146048521825	296.08459313738086	0.0	116.37717933935403	366.3457322202529	0.0	137.36431633064632	440.6113897813442	0.0	107.37649138329564	452.9999399828241	0.0	112.98551919781917	456.872034099168	0.0	149.10687548502287	452.4125080285389	0.0	127.57893950350388	185.4641620293558	0.0	115.3315980494495	149.7577908869558	0.0	107.95766324802048	173.2745324612014	0.0	151.39767154634177	198.0404187259159	0.0	155.72565059877985	252.19593410745145	0.0	121.4824712076933	291.6674351786563	0.0	121.4939830490473	203.32365501111832	0.0	113.96412100167298	252.03119884344494	0.0	87.43215981170279	245.150913053435	0.0
89	1.5084745762711864	147.49999854028067	293.45269547671535	0.0	139.64686353500056	293.81512403501523	0.0	97.17314181049308	344.1482578779454	0.0	80.70604581243478	420.3128266213448	0.0	47.73560156383404	429.60397255578187	0.0	50.32360987309759	425.7866626775493	0.0	86.54397219032096	432.6407341645004	0.0	144.09374586603633	296.4503850893478	0.0	113.34682864012588	365.7616910466806	0.0	137.20060400058995	440.3371027074403	0.0	107.01147607863761	453.1284420215356	0.0	112.20821813960661	456.8752478615732	0.0	148.6010162375485	450.85585510208574	0.0	127.99858831584515	191.08491064730063	0.0	110.80923211158242	153.33857986329713	0.0	105.92622360423884	177.4726040218208	0.0	150.70111499276078	201.6490136586551	0.0	154.1555700944303	255.1438374205993	0.0	118.00979452503026	283.3589121278714	0.0	120.55742886312466	204.84260741571805	0.0	115.41857644737301	255.2290660364071	0.0	85.37014450294508	257.0106705585999	0.0
90	1.5254237288135593	148.98370228424557	296.937639351276	0.0	141.22115849990246	299.50125786004526	0.0	96.73169211183864	343.22943007611633	0.0	78.61060511197518	419.0516585900803	0.0	46.99771611263454	422.4836422339776	0.0	49.79544722119413	420.5729810802024	0.0	84.04253865473726	430.5564020949764	0.0	144.72614389225143	301.4311637159325	0.0	113.6027471166494	366.27617904863087	0.0	137.44825866926743	440.6937731909489	0.0	106.12612817402285	453.2505956905739	0.0	110.86812662479475	456.8846718017047	0.0	148.27675406783274	451.12277777774005	0.0	124.65479381082793	189.73244585672842	0.0	111.98204447612838	157.71043225491036	0.0	104.36640343619388	180.82073616162813	0.0	147.864703241082	203.0915375077846	0.0	149.99300877672337	256.46569227026845	0.0	112.2302141031422	278.575578217647	0.0	119.77401159503901	210.3017482231952	0.0	115.131239011314	259.3495984245694	0.0	86.65629060995012	266.0591475419843	0.0
91	1.542372881355932	149.58156652381953	297.522588961104	0.0	139.69076116665207	297.8650128672319	0.0	95.48175894570403	341.577523462238	0.0	75.95463590367929	415.27483187307354	0.0	46.63074337400695	417.85344808098336	0.0	49.8864366063371	415.175963757014	0.0	81.31421374729132	427.19023076586853	0.0	147.2916321643304	300.497995812393	0.0	111.23052712342812	366.7976442449179	0.0	136.91290437436624	440.64606257937083	0.0	104.92562076123059	453.4200897130421	0.0	110.7683005553823	456.91793552210015	0.0	147.8478397531049	450.82620994054463	0.0	122.36834973675582	195.71866041682586	0.0	108.13511324979763	158.84034064298328	0.0	102.74680765397838	182.3976951426739	0.0	144.8420533534009	205.17979834201273	0.0	151.1083372894683	254.01056454016808	0.0	101.89024802008764	274.1113168146088	0.0	118.97119505291286	214.3028915753954	0.0	117.42760929174631	261.0432572307651	0.0	89.2361644978277	280.0897060921344	0.0
92	1.5593220338983051	151.67143052106434	301.4460889124853	0.0	137.0465914189829	304.21823771331043	0.0	95.97530669867791	338.05732133193885	0.0	74.78611072651351	409.5969978000634	0.0	46.506938190404036	413.26772698345326	0.0	49.474173988080764	410.3194332541154	0.0	79.37897734625274	423.0450544469407	0.0	147.28959334773214	306.5318778977989	0.0	109.92558979271656	369.5233817031268	0.0	136.48225658862395	440.63012663940424	0.0	104.6064017069269	453.693001884178	0.0	110.11428725906553	456.9239741544932	0.0	148.08430228783268	451.07883404673015	0.0	120.90676942777978	198.52820776690712	0.0	107.76391338419549	164.87124887660875	0.0	101.24595996491557	184.47277794563428	0.0	142.76425878088173	208.76825289447723	0.0	151.1650069476355	259.16687249536415	0.0	100.23410712920717	277.997158526315	0.0	117.78823276124255	219.205560900727	0.0	119.19692675104193	266.05767670045935	0.0	94.92200890653692	289.0721776124007	0.0
93	1.576271186440678	151.11632730249428	302.1402994077171	0.0	136.827474057191	303.1665090445346	0.0	94.5217560555583	338.68140102789937	0.0	71.94431715390853	407.8771203928802	0.0	44.577356258121085	404.83042579593166	0.0	47.39045764921264	403.196328252978	0.0	77.9676198319602	421.7232852399093	0.0	150.41043282102027	306.63750819556356	0.0	106.77291441202203	369.7850729573281	0.0	135.92132497160438	440.7166947563031	0.0	105.21185872980965	454.10062843717964	0.0	111.51936989199254	456.96446745814626	0.0	148.13544341390784	449.34533996181904	0.0	120.33593956560607	204.90374674970988	0.0	103.73091912648269	166.82105511021325	0.0	98.73248193819062	190.5616846994339	0.0	141.63873415135808	212.0966114588801	0.0	152.51252652423187	259.45515641135944	0.0	101.69958765805042	279.93339795668487	0.0	117.0895457209222	222.83926263275953	0.0	119.79657292862245	269.2820161328359	0.0	98.10935295972003	291.9559894700788	0.0
94	1.5932203389830508	152.51286831438557	303.8925439957476	0.0	138.13059302565995	304.7614467670654	0.0	93.43993294534428	341.3900757386252	0.0	71.00321553896823	404.57188663524465	0.0	43.68009512105862	400.73047894489645	0.0	46.37942773692842	399.92736013816875	0.0	76.34856887639556	417.90509721441924	0.0	152.83448532448432	308.3069000378019	0.0	105.0036550929685	370.3365257806741	0.0	135.56649501171933	440.4862231624481	0.0	105.5783177660496	454.38139467108385	0.0	112.8045131803915	456.9926775809035	0.0	147.94671459440406	448.46684943457694	0.0	118.72630451618129	210.86534747294942	0.0	100.78797281420644	171.87454910585768	0.0	100.54754212630098	193.21232237947717	0.0	139.85371720273528	216.15518266093355	0.0	150.72839464278405	261.36669356134587	0.0	100.90934104743896	281.69284306173574	0.0	116.8667032420105	226.8778499423756	0.0	121.3964815599918	273.9615112687739	0.0	100.03747642622442	307.4381139899541	0.0
95	1.6101694915254237	154.68808093282948	305.98061547488214	0.0	143.30020556332033	306.15817278370787	0.0	94.69294260928615	342.4276206610138	0.0	70.97510202381245	401.1767779818385	0.0	44.56372697125464	395.2983364910412	0.0	47.18791572190705	394.46925370509916	0.0	75.36364418061329	414.32144856411196	0.0	153.31725864911294	309.6778149948384	0.0	104.40179374913998	371.1172926609685	0.0	134.83684483734152	440.1886309045602	0.0	105.43074470660632	454.5358875186113	0.0	112.63564953801114	456.7690411523524	0.0	147.03762397610387	448.1315128137848	0.0	117.68536390888431	216.8063182092436	0.0	95.87129612757441	177.01587381761885	0.0	98.02500694402231	197.7755849013189	0.0	137.91749585984158	220.49419428815173	0.0	149.25609732737948	262.5542624766394	0.0	98.37911652086528	281.43735435939556	0.0	116.15235120729928	231.89694296968727	0.0	123.11486350722889	279.2588267326306	0.0	102.40723503917962	322.25080434710276	0.0
96	1.6271186440677967	157.3741633861435	311.6956426582374	0.0	144.81880522300227	314.8945647896743	0.0	99.46030523833844	336.92515044019984	0.0	72.32866502867107	395.89476669796977	0.0	46.757725302115226	389.54451549996804	0.0	49.637483562435555	388.8172654397039	0.0	74.73095663653633	410.72101989625156	0.0	152.10093541218947	319.1217426169669	0.0	104.99702451846841	372.3898378330218	0.0	135.5802584866781	440.292575994996	0.0	104.6765797176729	454.346141747917	0.0	111.92322367271856	456.6296577304431	0.0	147.01482353394644	449.16593540852864	0.0	114.65442638110069	216.2027891173263	0.0	101.58301583675072	182.91193306769054	0.0	96.5314352983896	199.90161750561904	0.0	136.1005101651492	224.83751891108213	0.0	148.19250110924673	268.3187237687939	0.0	102.87765301059216	280.7520775761634	0.0	115.20993228679033	237.4329825226793	0.0	124.22664091025851	286.5877266760697	0.0	112.07818471015047	329.0791418955071	0.0
97	1.6440677966101696	160.2431777126062	311.60721502017077	0.0	156.6143700211644	311.9682059035179	0.0	99.42898444083059	335.06043333009893	0.0	72.51630054165224	393.7385271930572	0.0	47.937537923620454	387.0125856961495	0.0	50.56014911461297	385.42878137684596	0.0	74.9689655404934	404.8808024287319	0.0	156.10473617848353	316.97972484788875	0.0	103.6583131273884	371.06396319095495	0.0	135.23428783938422	440.32454018981355	0.0	104.79033438051741	454.0145481665636	0.0	111.08935057345448	456.69449517571104	0.0	145.5903557800589	449.8294546668436	0.0	114.9134414947754	226.84091768456324	0.0	94.83054633680025	186.4431820144596	0.0	98.53605087570796	207.86991761149616	0.0	135.16220474254706	229.54663693478875	0.0	139.94768402362985	265.09793776684893	0.0	98.79085453405062	281.70982112900754	0.0	115.10585446972661	242.29764180350685	0.0	125.87403036207267	290.44223363060803	0.0	117.63244121427502	334.8558483793075	0.0
98	1.6610169491525424	162.1170655907229	315.9567456645917	0.0	161.9328963113106	319.8458368256207	0.0	103.54434383425529	335.55111279337046	0.0	73.80492633427029	387.6502996769491	0.0	49.24778860041676	377.72894142736266	0.0	53.202573347516264	376.95873837609577	0.0	74.30102705044216	400.7206703615062	0.0	155.0970922214621	325.7464313696658	0.0	103.82754769738065	372.5659466513431	0.0	135.09738320956902	439.82310281390556	0.0	104.06147140013778	453.8795859592558	0.0	109.23003810857314	456.7304773049197	0.0	146.26740855694283	449.5420216602911	0.0	112.97964566774742	229.02210558109746	0.0	99.9605179173118	195.95220503768417	0.0	91.94177506286455	214.8976989569078	0.0	135.01435765184465	233.00238411570294	0.0	142.85742986799914	270.4440503546125	0.0	98.07867549415508	276.0629551328726	0.0	115.32133964508346	248.81467491282035	0.0	126.82955401497074	295.46179883280644	0.0	123.5887679816623	339.1466244794152	0.0
99	1.6779661016949152	163.92193670352103	318.81562283260644	0.0	166.76608099059726	321.0692449892343	0.0	109.0916857480154	332.6764447020656	0.0	74.76287011704449	382.3022020777002	0.0	51.33501729570596	368.0973160572267	0.0	56.04453348692903	369.6110677106598	0.0	75.15526192338457	395.7832093714396	0.0	155.81893807026094	328.4164870369087	0.0	103.9929400489994	373.43302661497887	0.0	134.90551338651485	440.1056131108693	0.0	103.59626815167346	453.3579779774184	0.0	108.85541198198575	456.76648949793	0.0	146.01070905968075	450.0102520791555	0.0	112.59886627405442	233.9727525783123	0.0	98.40469671532372	201.5381791716064	0.0	92.0099757532867	220.65915150356156	0.0	134.08429905188265	237.04904189976673	0.0	143.52389412847458	269.2190521549818	0.0	96.96464774069703	273.6514485819703	0.0	115.64135500995089	254.72000933385794	0.0	127.63875535757322	299.7202396586838	0.0	127.91717723645387	343.28322891922926	0.0
100	1.694915254237288	163.66387238501542	322.01140678723914	0.0	166.42980002773433	320.990651196817	0.0	111.3639111214073	334.2190158604007	0.0	77.73505312835715	378.1578119368904	0.0	59.493854600587035	363.97400565801075	0.0	62.817265755695175	364.0283278596143	0.0	74.3471614289048	392.23325031822105	0.0	158.3460504082738	331.02528636258126	0.0	104.57238539726349	374.71024533859133	0.0	135.06712583219684	440.9133425327837	0.0	103.06670557779337	453.7224193840751	0.0	109.25460622334408	456.8931489953294	0.0	146.06305424238514	450.74787570289067	0.0	112.1632694709142	238.00763948668396	0.0	97.35158606759659	206.55371245862247	0.0	93.26601262262747	228.1949263359101	0.0	134.02097836665885	239.8995953051799	0.0	144.23026944668936	276.7125070580026	0.0	100.27098186671694	269.8096860853634	0.0	114.85354494425397	258.07251498717574	0.0	128.17501421363002	301.09140568346896	0.0	133.41509140755971	343.297572844506	0.0
101	1.7118644067796611	164.0652133889284	322.7641055955841	0.0	165.79062176333687	323.42769750954466	0.0	112.67893877274585	339.7985834162677	0.0	80.11035183472838	375.3923067304216	0.0	64.24575645015757	360.9224675574056	0.0	67.30006111933442	361.65304897774297	0.0	77.40748684431955	387.6127317029302	0.0	159.9438230842502	331.17737777092833	0.0	105.5668592241116	375.4328706794205	0.0	134.26286655249712	440.7560240969728	0.0	103.17951471927232	453.647651011731	0.0	108.82188077066928	456.77019297830424	0.0	145.00274892624182	450.59579231034485	0.0	112.61369748793773	241.6663272080026	0.0	95.89660624087033	210.39923306656766	0.0	91.40580920004159	230.28900421677824	0.0	134.85174340529247	243.7874243581207	0.0	152.2854156334358	276.0575071545654	0.0	108.77196126082501	280.76875214972114	0.0	115.56333841145499	260.2518991916904	0.0	128.6537661443645	304.02262810923054	0.0	135.85530687150307	341.6695762226198	0.0
102	1.728813559322034	165.13766313714046	325.90388218431485	0.0	166.61134708757436	326.673301806162	0.0	115.520203970604	342.87057139667195	0.0	83.78186172649886	370.2911909631832	0.0	70.41318728191617	360.38436259496945	0.0	72.66927156238974	359.6731893481302	0.0	78.61446755074438	378.5993153724875	0.0	159.96416826474027	332.85234823714944	0.0	105.79098239278846	377.54900969426814	0.0	133.3087965808975	440.88240874604736	0.0	103.489964446693	453.6711701651785	0.0	108.26031810650191	456.74058021880063	0.0	143.83329957451357	450.6290636268229	0.0	113.34117691357622	245.44815690439736	0.0	95.45273254581237	214.16219358197515	0.0	92.95061162822279	234.24676808774683	0.0	132.48967025161994	246.93015078838388	0.0	152.33186846729765	278.5215155454305	0.0	110.42869676836177	294.59852589256076	0.0	115.72072449252227	262.2726931716727	0.0	128.6012668456021	302.4579566498708	0.0	138.3796659520889	338.6007642409835	0.0
103	1.7457627118644068	164.51198748408507	329.4673544775458	0.0	166.30974965018305	330.8628315752244	0.0	116.21832707571927	354.14670265763584	0.0	90.10324419644708	368.1706148417198	0.0	78.14317919513483	359.99091039711465	0.0	79.63314269939772	359.2580526938593	0.0	86.91051424793756	372.7403361858219	0.0	158.89235925885933	336.06494317117057	0.0	105.71406478496851	379.52872333451097	0.0	133.92620279271304	441.6984305973876	0.0	103.6092105330021	453.8237859143046	0.0	107.94610819061282	456.84499833539616	0.0	144.49384085882673	450.82502518592133	0.0	113.50564286171773	247.72735286549673	0.0	97.03106176796295	217.07396977647028	0.0	93.46611202808161	236.71568083506924	0.0	133.4449146870987	250.6109323224509	0.0	149.70592044083247	283.1703459568108	0.0	116.6746494970877	298.62283753257077	0.0	116.87877373769474	264.60739296471047	0.0	130.6053485480758	301.5637893824507	0.0	139.565422443463	337.39095843770434	0.0
104	1.7627118644067796	163.0116313048651	333.3518923671366	0.0	166.68279569434844	334.33912865549513	0.0	98.34171992609298	365.8425000838849	0.0	128.56277256170452	437.4354674032742	0.0	101.5611305362148	451.68515799035174	0.0	105.86536904052534	451.88995203350186	0.0	144.80019816553457	449.64249291091824	0.0	159.42578128830564	337.75404702130373	0.0	104.67166481902899	380.679035051744	0.0	133.2002815362181	443.52021271547096	0.0	103.57215217762317	454.63089872889884	0.0	109.15802494826988	457.6708809473073	0.0	145.3714497515241	452.1683400269103	0.0	114.4034600545499	248.4971942277582	0.0	98.1968043615868	218.4182205977618	0.0	95.56206903714354	237.82559225885703	0.0	134.60968455901573	251.75235809543352	0.0	150.21103905016807	284.80294980953425	0.0	116.94572380029052	298.04214176238173	0.0	117.88208569030184	264.55679855299985	0.0	134.20161736056377	296.65839506155527	0.0	140.27853117300901	335.62081418995876	0.0
105	1.7796610169491525	164.69285608531382	336.03494155221796	0.0	166.43670520376295	335.3841171423196	0.0	102.82775456212792	375.996101349904	0.0	130.54969131596144	441.27990256676526	0.0	100.54224601687581	456.506452972091	0.0	105.65009223755857	452.51601241245487	0.0	143.9399256988065	449.99928468388555	0.0	159.86161788599588	339.41485600049117	0.0	103.74226314495714	383.54998058463457	0.0	133.37740875016485	442.64041805889207	0.0	103.16456469714727	454.3645249045426	0.0	109.23484924217821	457.3763689909728	0.0	145.2469493461641	451.49182295056517	0.0	117.023073706743	251.3922838730742	0.0	96.29483270872517	218.69150691565656	0.0	97.37188359942168	238.96964117783983	0.0	134.27644186503545	252.25803778962288	0.0	152.10764063053676	282.3665231790651	0.0	117.95368400510442	298.3221834108049	0.0	118.85230360487253	265.6895668617797	0.0	137.99946364789275	291.5167757090083	0.0	137.85160996915124	334.2610394177634	0.0
106	1.7966101694915255	163.64272705189538	337.357874848121	0.0	168.2923963337205	337.6760786427377	0.0	107.01069020242349	385.80573521980386	0.0	131.6092537970998	442.20607576409606	0.0	102.55779293497295	457.65249946977167	0.0	107.69549192442608	454.4854794738412	0.0	145.30735850162787	451.19917720433455	0.0	160.47613732438464	341.2923966969891	0.0	104.62159906861571	386.8902887781569	0.0	133.15824159628912	442.63740287030066	0.0	103.32924279145948	454.7720417798568	0.0	109.47891025261563	457.6726449654473	0.0	144.86317589778128	451.186074204885	0.0	118.7581088856411	251.46587700524918	0.0	96.7811938000808	218.09264960969233	0.0	100.84200123991732	238.98648615395297	0.0	135.09546690163646	253.06794560678648	0.0	149.7221862127153	280.91036364053184	0.0	117.81060836906197	296.8344196868796	0.0	119.68140860054035	263.9749803651277	0.0	142.06494873404392	284.10292899166603	0.0	136.7758011009123	325.3776278634866	0.0
107	1.8135593220338984	163.187455529953	340.0222757540338	0.0	169.3010984182019	340.267460163631	0.0	108.79702461742164	389.77770369240375	0.0	131.85805602085313	442.5084309365882	0.0	102.88973782707083	457.26621578992524	0.0	109.9948118122812	454.7203182641346	0.0	144.86820919430053	451.20913952959717	0.0	158.9290638568976	342.0871468788647	0.0	105.15764226977156	392.2811774223155	0.0	133.22964821290861	443.7393261980912	0.0	103.53712034661693	455.9666803516878	0.0	109.79802127940074	458.8283799733611	0.0	144.91904074657498	451.72738327217456	0.0	119.95128347214698	250.48798522778242	0.0	99.38710069130863	217.16871263237454	0.0	102.55402156227535	237.68773498959376	0.0	135.55044917421492	252.03059642886768	0.0	147.42007664910798	282.1279469879668	0.0	116.84876352356842	297.3336602821057	0.0	120.20584522642413	263.528086939854	0.0	146.00454812149317	280.6029678911873	0.0	136.87014038195076	320.22086946158623	0.0
108	1.8305084745762712	162.30789981129908	341.2118902966374	0.0	170.23233175663563	343.258220432179	0.0	120.70179557405466	390.82268003473126	0.0	129.79176619426113	440.28277410891036	0.0	101.74448222173136	454.46980314267483	0.0	105.10647493505311	454.41935470340707	0.0	143.35371961833752	450.9808345838426	0.0	155.59703741666374	345.70061871385064	0.0	106.35054496914601	398.01748378041543	0.0	130.76297733080662	443.7414921853258	0.0	103.7739159456138	455.67879748261845	0.0	109.62609177587015	458.33085669151797	0.0	143.1334009127053	452.61810946486776	0.0	120.842648075375	247.94809010160054	0.0	106.5782590022006	215.79006833181944	0.0	101.46807392588266	236.52178479886805	0.0	137.19303607861596	245.7884913788146	0.0	151.4658994729077	283.71828575845734	0.0	116.63994098034216	296.81082607338175	0.0	120.80979202557663	267.0783174263375	0.0	144.8371417152769	282.98641864179706	0.0	135.05922867283755	314.3864263233837	0.0
109	1.847457627118644	163.0252222772684	342.1743501180153	0.0	171.0462241423022	342.6078856751278	0.0	135.75574510859494	384.3503957786413	0.0	131.20173681279434	433.3850374419019	0.0	103.4371227858207	452.6609456132718	0.0	112.35251181562887	453.0322556724501	0.0	136.7122463701908	446.50575897394435	0.0	153.4162077098188	344.48916531387704	0.0	108.90764576237797	399.9472441426495	0.0	130.10341014912382	443.48983543926465	0.0	103.98168726733985	455.3954233653991	0.0	110.28449961342822	457.94080234507794	0.0	141.38517472298884	450.6040074827416	0.0	125.88428960264703	248.19338411294677	0.0	105.94889372843552	214.15654478322693	0.0	104.54739215259193	235.7962091782971	0.0	143.30582998270964	245.50902616774033	0.0	150.5895324141944	283.28367982933946	0.0	117.13495010767548	293.86964028391	0.0	121.80542367182967	264.43302377278394	0.0	138.66616863446748	317.4717749731515	0.0	130.85711764052792	306.665776758534	0.0
110	1.8644067796610169	161.49807188967037	342.2361513443062	0.0	169.4707330632615	343.97799205134527	0.0	142.05446456503253	373.8454929190395	0.0	140.52868207248497	431.182559211595	0.0	103.41520690645007	451.7229610496143	0.0	120.81766357360092	450.52497618913054	0.0	145.18839168526154	451.16533722201063	0.0	150.1725055689861	344.3645108026516	0.0	112.35467300916433	402.064619840616	0.0	128.0022819234987	443.02229286400006	0.0	104.00015098215577	455.32708340111446	0.0	109.33612667926988	457.807150440085	0.0	138.4392301298375	449.7443887219808	0.0	129.81683236363082	246.35058826554948	0.0	110.37781830075183	211.32504865696995	0.0	108.940994546376	234.94710559808013	0.0	150.46057314526726	246.20496845776415	0.0	154.82565429163924	282.58413942882135	0.0	117.35410249444507	295.76083621889563	0.0	123.78598024641273	254.99755154864002	0.0	160.46235418703014	257.74409709072444	0.0	133.92834317235983	290.6572301681365	0.0
111	1.88135593220339	159.26766669590776	344.3318576621822	0.0	169.3214625786341	345.23236839124723	0.0	148.43959399690334	392.33763993171067	0.0	145.83016571477742	433.4081359338484	0.0	137.16748037227617	454.53922378590795	0.0	143.54798121374085	447.37951609557416	0.0	151.49244938319438	451.34706886145176	0.0	143.55428138516763	346.3622460706263	0.0	115.2125231116627	403.4396081467298	0.0	125.20580671576738	442.8181363910887	0.0	103.84518984358245	454.75200932166877	0.0	108.29459508806603	457.3188226694062	0.0	134.2725760633973	449.4976922447209	0.0	133.9039435654071	246.364828903356	0.0	117.94077040231096	208.43338801472234	0.0	114.2612425107292	233.03413936856555	0.0	158.3964468167578	248.10610074343705	0.0	161.08215167084498	260.1468179719379	0.0	115.170084226242	297.17755021268954	0.0	123.95782464648555	258.87216604091515	0.0	167.58915900569926	255.03287771074892	0.0	129.5355271124996	266.9563173975848	0.0
112	1.8983050847457628	155.13253250946963	346.33106947053716	0.0	169.2237911463834	346.55201124580634	0.0	152.35274684019194	396.42232181591584	0.0	152.66839230527907	443.24775282338567	0.0	136.42466367394238	454.0945988751263	0.0	145.4140950438766	447.9706442838124	0.0	157.69628885066163	450.70290076110257	0.0	142.3566456740405	346.48206975526887	0.0	117.48267052464664	402.9287033617577	0.0	121.72145016998357	442.4869166341996	0.0	103.11266042796439	454.0329877526982	0.0	108.86093943131453	456.9459194806908	0.0	129.34557482227441	449.03595822754625	0.0	137.93231199634312	244.0702671279579	0.0	126.3037297269872	206.40107305185938	0.0	119.3553046524165	231.07546732466236	0.0	156.1935783910592	254.79511853844411	0.0	130.8992880794938	292.5772881243002	0.0	114.09206499952964	298.3972467801407	0.0	134.34921471567665	255.93325496547348	0.0	179.41721379576612	256.3712097638468	0.0	150.4419349883273	255.60502775297616	0.0
113	1.9152542372881356	153.71959488093609	347.4053495387738	0.0	169.043581927548	348.1754528663512	0.0	157.59443746780386	390.70492820077	0.0	156.59565583556386	450.4300253150491	0.0	141.0606509181426	451.3596248239274	0.0	152.50904144197017	451.5234714673426	0.0	160.63671208214652	456.8572334347939	0.0	139.7210453719415	348.12456403642625	0.0	118.31163918454905	401.649040460192	0.0	120.84750113850097	441.7173617473118	0.0	105.1432049049607	456.4325858365294	0.0	107.53503845709476	458.73242142679067	0.0	126.99816116144235	447.03024483849737	0.0	143.535626834062	244.88919077403412	0.0	134.2683490590973	204.44780998504632	0.0	125.0666109076308	228.62239998733827	0.0	162.7388103894782	254.300993294048	0.0	181.16340807742802	296.3853052745668	0.0	116.27484300498742	297.0815263478986	0.0	138.89547135391032	255.05290364621456	0.0	187.9133727943931	262.9309481302228	0.0	147.33202965772256	248.59084642116866	0.0
114	1.9322033898305084	153.2759922212191	347.9731907196161	0.0	169.62720075566398	348.8635987441003	0.0	160.51335889373453	390.87953599673705	0.0	156.657106739033	447.7982474130957	0.0	148.52124647880254	454.5605547754659	0.0	159.55571805408033	454.2487675523106	0.0	157.7369693826694	454.45801002516953	0.0	136.83477294015648	348.79089038047096	0.0	118.14513895762812	405.86154266208274	0.0	121.96079460201996	437.09676591102266	0.0	110.22132679911329	456.7084590978539	0.0	108.61620839709595	458.5030617533402	0.0	127.53538182785493	441.5498606622447	0.0	150.12924651590384	244.48579791652136	0.0	140.03966072335365	204.38689990696545	0.0	127.62901987032662	227.97163827396548	0.0	175.06468415364026	256.83732157048746	0.0	200.8328827174833	283.9523757029457	0.0	119.01698451201796	295.36696275851824	0.0	140.86566823968832	253.52684153774553	0.0	160.67769673491094	259.0799634042932	0.0	137.83779414076028	233.82752815143573	0.0
115	1.9491525423728813	152.62278409287086	345.4419705407885	0.0	169.58726390782323	348.47196799304567	0.0	161.96322516915885	392.70773145597445	0.0	156.28198292088396	448.37657369794493	0.0	148.76752271606404	457.79147200914434	0.0	160.1694287934729	458.9401141982315	0.0	156.3255460231001	456.38468113737065	0.0	134.61313336926938	346.9217477708453	0.0	117.70354549474881	407.5209268432922	0.0	122.2529177833883	433.92616170338005	0.0	118.1437513318275	457.4550606800234	0.0	113.74202730174353	458.16633506150856	0.0	128.40992400518826	436.2461423987767	0.0	157.0660972586401	248.05110361034778	0.0	150.90300679905206	203.8427770015678	0.0	140.66888575664925	227.6174287690323	0.0	183.4599502801285	264.57183713763595	0.0	205.41685434206434	293.7948519451629	0.0	188.68626518456583	297.08061001624645	0.0	143.65204764221244	254.40299538917495	0.0	145.67471461366458	247.9523948836313	0.0	137.79616054703746	218.38126608698576	0.0
116	1.9661016949152543	152.39019688811248	344.38603508024704	0.0	169.4386596093474	348.74859321562224	0.0	162.71778330053252	394.099010234758	0.0	155.99695831983553	448.4242637461548	0.0	149.35765387809298	456.97741937732394	0.0	159.5311330225599	458.7623597802134	0.0	155.9290087712732	456.9221931574509	0.0	132.92841806140686	345.11502478562164	0.0	117.23802798866565	412.0884192138474	0.0	121.2644117726525	431.05801247227436	0.0	124.01965158496989	457.54135761144227	0.0	115.6408706997768	455.7043344118726	0.0	127.08471109639598	432.345771691965	0.0	160.3154611660824	247.2723494424062	0.0	160.86270436022417	203.5413646788687	0.0	149.28260671353374	227.54271422966735	0.0	187.09904720088946	270.3477974343068	0.0	207.3022053819961	304.86156543300757	0.0	188.30445930479246	299.1346269816086	0.0	139.70626612426034	254.6624279692187	0.0	134.53220600158775	243.73298986657664	0.0	145.8467942414243	215.0306195356163	0.0
117	1.9830508474576272	152.04648172416748	343.2642110351048	0.0	169.87327023212376	347.1076168745826	0.0	162.36851791004386	391.888926653927	0.0	156.6724533226699	448.39039942440894	0.0	142.24808143192533	456.9845649620819	0.0	163.30273167122135	460.0426188252858	0.0	156.4001747690108	455.66801797653244	0.0	132.48737968080832	343.387032062689	0.0	115.71057696042686	404.7094146285067	0.0	120.09033096067094	428.5547094806173	0.0	121.03235960506896	458.017753635914	0.0	113.48273666660268	455.7418046338216	0.0	124.7948974242477	430.119781153909	0.0	166.93358404714277	255.2120758777388	0.0	171.7039480953298	209.53613422516622	0.0	169.14693940111434	233.13749861025562	0.0	194.32427247064362	279.14202598951	0.0	209.88513257951456	326.78369844303376	0.0	184.32613075696145	350.20926156261	0.0	139.58527511707743	257.05022106647596	0.0	112.72583164162654	244.99740077740375	0.0	148.81467982739494	218.8504415760733	0.0
118	2.0	151.23395858496795	342.0267961224947	0.0	168.80344360383398	345.3007520025848	0.0	162.6344879853444	390.14016411808115	0.0	156.50493005140225	449.29752660242957	0.0	142.59617014519523	457.1910611478745	0.0	159.9129056180855	460.3340664317639	0.0	155.27994114111556	457.0066367317819	0.0	131.8619553786873	341.6437507302411	0.0	115.43310619055458	411.32630819528106	0.0	117.08447124922584	424.9965503986006	0.0	120.06542570834648	457.19656280522935	0.0	111.86113566514967	453.3763401951058	0.0	120.13610753938406	428.62958197467844	0.0	171.0589759686595	257.2243640315757	0.0	181.75444198491945	215.8638979518439	0.0	177.24982357231326	235.87551503947773	0.0	196.9840816661641	285.12048921897747	0.0	209.10100981860705	335.0763880314704	0.0	184.45360440016805	354.75064063232213	0.0	138.44175275119687	255.8527745556638	0.0	104.26061572469347	232.44856642981586	0.0	149.98456539060317	222.93568361873403	0.0
119	2.016949152542373	150.51450755274783	341.7625002781229	0.0	167.45485915101355	346.8892801185708	0.0	162.5934181994294	390.9328310669089	0.0	156.38429661440944	449.53543270131297	0.0	138.58217330860944	456.7771894898248	0.0	161.2511610980141	459.71480862396277	0.0	155.54372052110028	457.67937375144834	0.0	130.0853286895236	342.3155707639211	0.0	114.36026454002213	407.2327934598524	0.0	112.64263054457075	421.98099610574104	0.0	119.11588279159659	455.8080980896464	0.0	109.52548463559293	449.9406787319011	0.0	114.80384786204061	424.7683738847139	0.0	175.34441655133216	257.53634820926425	0.0	191.0321173626252	220.5222841987689	0.0	187.97815751678564	239.30732729855336	0.0	199.3806653398023	291.95245760722827	0.0	208.79820750242078	344.06926584835446	0.0	183.3285507234943	355.6035370859578	0.0	139.3905486965835	253.69318300020134	0.0	104.97932506365032	225.30340673450866	0.0	121.98582076435459	220.23502310256126	0.0
120	2.0338983050847457	149.6116193660442	340.37101703650245	0.0	166.22962079194247	347.2981277232215	0.0	162.85813554862148	389.7543216687114	0.0	155.9987444424127	449.5483820556491	0.0	150.20705143131804	456.8082119967001	0.0	162.8820252966913	460.30908842819247	0.0	155.0176188310868	458.8180943993829	0.0	128.76034740092098	341.20166448718766	0.0	113.3450738499643	406.1582847324349	0.0	110.21471754596092	419.81639886141375	0.0	114.78883463276	452.32922263724106	0.0	105.76131839902773	448.86111069871436	0.0	110.88041824035238	415.31217880183715	0.0	180.66899807707338	262.62429728643133	0.0	197.68413103249935	226.44915809214447	0.0	193.49029910319828	246.82262325273896	0.0	203.27718358188352	299.61580747830857	0.0	196.35537699060734	351.9893707940499	0.0	175.88453864369728	351.2345687346725	0.0	143.5068327533496	254.5336283998233	0.0	108.0969876957673	227.09002619855312	0.0	103.6250601166065	191.2839775197325	0.0
121	2.0508474576271185	150.37050801153353	339.3988576869823	0.0	165.89248618346846	349.75767096647576	0.0	163.37926497464335	392.7956923967103	0.0	156.78735073030657	449.5524317788845	0.0	151.8765637259911	456.8956026691513	0.0	163.70212909416094	461.38414005224746	0.0	154.4984193896089	460.17188817934243	0.0	129.90825654928713	340.31565321774707	0.0	110.7856266499014	403.63401518699646	0.0	106.03975936212213	420.955292073921	0.0	113.34893140264158	452.23182153909914	0.0	102.78921456651129	447.31638652205123	0.0	104.34250247323935	422.3871361829351	0.0	186.90591194654982	266.70108700350397	0.0	202.94890853850504	234.58393223699122	0.0	200.54125586329698	252.33305212045536	0.0	204.66499817320116	302.25553363224213	0.0	193.61847850472472	354.2088970214484	0.0	170.79031641946142	348.91824398833063	0.0	150.38301659083223	258.2550867047822	0.0	114.26679693213828	231.03384076506262	0.0	100.19435184850569	190.74439360263395	0.0
122	2.0677966101694913	149.66108067985294	336.7269097935491	0.0	165.37679488102253	347.31911552271237	0.0	163.9482183310369	392.1047298820962	0.0	157.33349864975327	449.5610599188309	0.0	157.03769832530767	456.62164118714315	0.0	165.8257302339747	459.95932722376244	0.0	154.85559610989628	459.27056675304846	0.0	128.64376057761453	335.2657649570874	0.0	109.41036286181243	401.1045140160722	0.0	101.94711924221207	422.4216638569078	0.0	109.42633658177346	452.471124440303	0.0	97.97386917921455	447.53693001919635	0.0	99.40681633529813	427.1233158807276	0.0	189.5391004247912	269.7346010323811	0.0	204.86320321987597	239.78186873437306	0.0	206.22557003900278	257.86545273416726	0.0	205.43982938811186	304.1218141050488	0.0	191.18469832731392	352.1643175110548	0.0	165.89492826777547	346.4160430856523	0.0	153.11602774448616	261.3482790236143	0.0	122.60367803924076	230.4725860931472	0.0	102.75555178200523	193.32550198798418	0.0
123	2.084745762711864	147.73369341225433	333.456818403649	0.0	163.3894649203333	342.7580792785329	0.0	164.00327262852144	392.38043119367535	0.0	157.38498180181784	449.5789953688185	0.0	155.98954662341038	456.5749989334724	0.0	166.71592068080844	459.78465561110164	0.0	154.9453216458008	459.3487127718613	0.0	127.14294959143461	327.41899713164327	0.0	107.411499624835	392.1033414286523	0.0	100.2720684658293	418.04749142105874	0.0	106.3331949987178	453.25361001161974	0.0	95.41587480949998	448.5584627140149	0.0	97.17784295160678	424.46792848633453	0.0	188.479311176653	274.5922649254557	0.0	212.59967264559	245.46297594016627	0.0	207.90888977045796	263.35700990083825	0.0	206.12562559994313	304.485666908093	0.0	188.57780666768957	350.13234731032395	0.0	164.7623219076939	348.75679356906704	0.0	154.86207410892428	260.8342646219445	0.0	126.62714616582682	236.48133111955138	0.0	120.90855462649772	232.68914381359747	0.0
124	2.1016949152542375	144.07500311012512	330.2257175358617	0.0	160.39212244736152	341.59737130396303	0.0	165.43986694132533	391.4284679951189	0.0	157.5344956034222	449.564208904135	0.0	158.85899648140457	456.3938210328031	0.0	166.00418690469712	458.20315213479415	0.0	155.16207021765192	456.96624572052247	0.0	125.68064918419022	331.0425315999963	0.0	100.57262214611528	394.72522676373103	0.0	98.21705207922132	417.80321044840395	0.0	102.3394672171208	452.04529519519696	0.0	90.40403285745288	449.4052863306187	0.0	99.12338074703402	423.75156532322103	0.0	192.9669264606821	272.8927216918341	0.0	213.99934146217709	249.47767805159188	0.0	211.33332712824327	269.4778890644324	0.0	206.02816873408025	304.16938438505576	0.0	187.48142403399834	348.812554521382	0.0	166.069376391838	340.4551132928639	0.0	158.10311782035365	263.39597572177723	0.0	138.99519536112496	293.87060504247756	0.0	168.19053200877212	300.15056232201925	0.0
125	2.1186440677966103	143.44580274592033	326.57190077376515	0.0	159.98343500836967	338.8898122321223	0.0	165.48991740207015	390.0697695100136	0.0	157.66071116432744	449.59006154820804	0.0	158.09496051800295	455.61324904185204	0.0	165.64403607744123	459.2655301035659	0.0	154.90619619634387	457.27386919062224	0.0	124.46594567296162	328.50642819920256	0.0	97.03576694150067	393.1038512843588	0.0	94.78908328917896	417.54377295777294	0.0	99.35064675974158	453.291356921445	0.0	88.3555710450368	450.81672575649736	0.0	96.0221173115091	422.70531249487715	0.0	195.44186247372755	275.0504581383306	0.0	215.18439195357826	251.93135475618885	0.0	213.90430222549256	271.83376108406384	0.0	208.19776040743554	303.4527213050912	0.0	188.90344658933324	346.1857422562768	0.0	168.49648596411154	349.96149526824894	0.0	165.8600231041761	269.16727716561456	0.0	144.72865368710836	301.0736028673142	0.0	172.38820375056858	317.4576655231982	0.0
126	2.135593220338983	142.2859175071892	323.7773120369106	0.0	159.17415452291112	336.4433411100109	0.0	165.74598825533496	386.3515177416331	0.0	157.50695170988607	449.880725142846	0.0	160.4686486683427	454.6668714270337	0.0	166.35878104153528	458.56980893924253	0.0	154.96653360586535	456.82402282218527	0.0	122.68704774065772	326.72433774320007	0.0	94.15125613126658	387.6970469556785	0.0	92.59664231225916	415.3191300701367	0.0	96.49672835703605	453.2758816516284	0.0	85.01383766767864	449.78111857752714	0.0	93.27554398326325	419.8064742152146	0.0	197.53926170475054	276.85685684770056	0.0	216.11347503220844	252.59766746865117	0.0	215.25621668432515	272.7171042109051	0.0	210.3465552717812	302.67971679788167	0.0	190.32444628444233	344.028326980442	0.0	199.2880963816364	353.1030145564025	0.0	167.70508945069693	274.66417869099035	0.0	147.86193599978643	308.93994503290304	0.0	197.9903296783238	346.511775598	0.0
127	2.152542372881356	141.95705454162808	322.7386499377041	0.0	159.90425800580664	333.0852236142393	0.0	165.89802807998163	381.8725374705514	0.0	157.51748888846373	449.45470873529587	0.0	159.82549707199706	453.86433499872646	0.0	166.4382130223124	458.52053878042807	0.0	155.07137257372335	456.45920176536055	0.0	123.0063549884777	322.3459840610085	0.0	90.15919861484801	382.7309025404965	0.0	89.77841030882551	412.1078080423371	0.0	91.23285007730819	449.84982701588837	0.0	80.49111218802985	446.4004013445007	0.0	90.97931104646429	415.2885034164155	0.0	198.72836419066545	280.40394760940075	0.0	219.3782188889007	253.15909900140912	0.0	213.8586985360748	274.03870229447216	0.0	213.07512449531774	302.67404386706284	0.0	190.40584166270722	342.90280680628496	0.0	179.29650643867708	349.0122015600096	0.0	170.81604705541378	279.4174308292304	0.0	174.44125620813654	337.4668186282175	0.0	212.88460170278773	365.0484105182101	0.0
128	2.169491525423729	141.56179171652605	321.7520896581476	0.0	159.5393871301236	332.40343590999964	0.0	165.99308944092655	381.22845089135126	0.0	157.58473652791108	449.96319650857004	0.0	161.51287889153588	454.13030130405036	0.0	166.09606874420777	458.28607142460555	0.0	154.7426043377937	456.59411978875096	0.0	122.14946648857403	321.12522774062387	0.0	87.6968846912072	379.73578896329116	0.0	85.85314372925689	405.14683071711056	0.0	85.9348486140881	444.85795939373423	0.0	77.38864857244712	440.9141635081703	0.0	85.78076467001463	405.7733181595225	0.0	202.02972946619062	281.3046677946803	0.0	221.63747855587164	254.0007468940001	0.0	217.1008352375337	275.4196641621351	0.0	214.9299882092352	303.51612469527277	0.0	190.36816596973412	342.62121184563017	0.0	174.81413690847776	343.4031622859694	0.0	171.10892239388815	281.1764064292737	0.0	188.15597984775204	347.5815296534441	0.0	218.46417950083708	377.7518765563098	0.0
129	2.1864406779661016	141.903348167177	317.462418254759	0.0	160.08731857312947	329.37654268603825	0.0	166.54242050997271	379.0513194528963	0.0	157.5982533166336	450.0737927912437	0.0	162.51353085500432	455.57927248723934	0.0	166.752913936966	460.4497463343397	0.0	154.42845067792098	456.6165867603642	0.0	123.16432429774125	314.91174831023204	0.0	87.95472274484786	373.55839804515347	0.0	83.14621916926012	398.48334332332604	0.0	81.3906584021335	433.85942308884705	0.0	70.80418251371434	433.06037055496336	0.0	80.04608499673321	399.1290755812312	0.0	202.70560496505774	282.91638227143005	0.0	223.9732992937476	253.65034854615314	0.0	218.35744710375155	274.30520749430997	0.0	216.40693425564675	302.17284331565	0.0	189.69033349298127	342.62248677406586	0.0	178.2140067458449	338.40372670058775	0.0	175.69557832195443	283.3928917024656	0.0	187.7620281989711	350.12052369758106	0.0	220.16646871547246	383.9531127785429	0.0
130	2.2033898305084745	141.54211102695967	317.68581723894584	0.0	160.29887441841848	330.28766958826293	0.0	168.25326768251233	378.14238755912135	0.0	157.52664927271297	449.7657355010388	0.0	161.9091019692559	455.71135752554306	0.0	165.77534231567958	460.05836499287693	0.0	154.05481678493547	456.42197135857157	0.0	123.25611338494664	314.04110396580285	0.0	86.19178226391104	371.35194810741353	0.0	77.66829125456181	389.51486721487834	0.0	73.94781183761073	424.4703427941504	0.0	64.3067363657051	422.5724679201584	0.0	73.07469051057632	392.0229751604302	0.0	204.4283257762782	284.2455990292433	0.0	227.01642556376734	254.73197929934543	0.0	221.55961950100777	275.12967908061705	0.0	217.58804282282435	301.3442599905152	0.0	189.74075779586275	339.0182700662362	0.0	182.7561086629907	340.0945645538998	0.0	178.43241875095586	284.3664097428756	0.0	186.85183227233958	347.53418429135667	0.0	215.84969007253542	384.14561226529514	0.0
131	2.2203389830508473	140.62051036534172	315.7968203624755	0.0	159.74443988283286	328.41282263758876	0.0	169.65031387381248	376.5139728273169	0.0	157.62540240040235	449.9780821072374	0.0	161.6844946489105	454.9583049611363	0.0	165.72862752477272	458.53851144255736	0.0	153.3458878837228	456.1893878533881	0.0	123.24851683016863	313.0693734169438	0.0	87.60850994055485	366.1861200760741	0.0	73.33338401806414	379.4293173609802	0.0	67.30093570349769	412.44465640371095	0.0	56.62658010123669	408.51841120563824	0.0	65.86670902752684	382.61051282441883	0.0	207.8189164540133	284.27006784348737	0.0	226.70301359414802	256.1976442817036	0.0	227.28783402213563	276.9059854805882	0.0	217.96656530602704	299.2225185491147	0.0	189.72070860509615	336.4863571460149	0.0	201.70553918758057	341.9621179592781	0.0	182.8036334531471	285.2921749015351	0.0	183.5010840529112	343.78813961277694	0.0	209.20934207963407	375.1649454519563	0.0
132	2.23728813559322	140.9450666710842	314.9434228356233	0.0	159.49175138537316	327.3359403319045	0.0	170.9687184101218	375.82702113131677	0.0	157.5829088884532	449.6756416442177	0.0	161.99981064348182	454.4593705743804	0.0	166.468514361713	458.52300994340135	0.0	152.5343712958579	456.0771428450839	0.0	123.41669813081624	312.1993153356975	0.0	84.38481219963737	369.65743341400315	0.0	66.48015840087255	372.93889101994563	0.0	51.661781806749225	389.0787361052711	0.0	43.52085261410014	387.61554992535355	0.0	57.66257670326801	368.97107091564885	0.0	207.03503531640484	286.7808912543061	0.0	230.27133699839806	257.34281418611465	0.0	232.55460968038278	279.4235391853865	0.0	218.92272493782946	296.76978771736947	0.0	193.55270244137887	333.13042606682455	0.0	196.16763482274243	343.4129099003214	0.0	185.85359957087041	286.02620152229457	0.0	177.83398877043612	332.3140065127984	0.0	204.10919257855278	340.898532108669	0.0
133	2.2542372881355934	140.01999510515978	313.13012535231087	0.0	158.97423764749664	323.30969434328415	0.0	172.9669104263213	375.76387661444755	0.0	157.56174117824082	449.9054350296889	0.0	167.5761374475547	457.7764152838589	0.0	169.02220302604013	461.25520670495797	0.0	152.1564325415913	455.96598945659355	0.0	125.04426727186245	309.293073906617	0.0	81.09459906817919	371.1537638048402	0.0	53.859666957967804	361.9083417935258	0.0	36.93890646472733	375.72609345888935	0.0	33.24694643881314	369.6852287436973	0.0	50.16831735554919	350.47747002301287	0.0	206.8716731939642	289.2031428361668	0.0	236.66886359008942	260.9485405206438	0.0	232.23233919294032	280.33739907283723	0.0	220.58405342526987	294.4005905857579	0.0	197.96536046909006	321.33179493367834	0.0	189.53828879378685	349.144061952009	0.0	186.84711689965823	286.14055066122603	0.0	180.51080865242915	329.23522744558244	0.0	198.86865192649475	347.6555800822297	0.0
134	2.2711864406779663	138.71412001703095	312.290164047256	0.0	157.40289055936694	322.8053354784512	0.0	173.69454544770042	376.7523236311962	0.0	157.35625160580213	450.97189379058443	0.0	169.63148429838643	462.94294508220787	0.0	169.46966244629343	464.4433362066736	0.0	151.65405478246396	456.1642671788159	0.0	124.90883629211265	308.1350117112856	0.0	80.12145227683496	369.8833860496371	0.0	50.043794269846465	345.50001111342334	0.0	29.211138497842427	352.7279781980168	0.0	29.136182019836774	351.9136333744356	0.0	44.56410934030355	335.5223159687769	0.0	209.95005664436064	289.65052078575707	0.0	240.20548092755288	264.0262456921207	0.0	236.03637677250924	283.9792712777366	0.0	222.88421601441925	293.2879509609179	0.0	199.26955142684645	315.5882264657744	0.0	189.70413059050688	344.45827569816436	0.0	189.03397347098866	284.79901299762963	0.0	180.28731879297723	319.79865167243264	0.0	204.94825571874898	331.7603779171037	0.0
135	2.288135593220339	138.39047626841128	311.26901257520836	0.0	156.42883522696278	321.71057291037647	0.0	175.02154215996973	377.06913028268997	0.0	157.57455681512667	451.3267453052378	0.0	171.6723906063134	465.03554768908606	0.0	170.00802881063123	466.0727808664129	0.0	150.98833828507566	456.6626435694201	0.0	126.32128475989461	306.38231916284184	0.0	78.51173588315149	367.7536127069267	0.0	47.54366652375911	337.76374315848915	0.0	18.5379374776723	337.7322439441485	0.0	21.09939755937262	340.4404000812068	0.0	44.088679080028385	325.53599512829464	0.0	212.85367151504923	290.66535119875954	0.0	245.0091909733321	258.04144567689747	0.0	240.19934425109736	287.9989787952758	0.0	223.89136921639428	292.7233985524003	0.0	199.03058001003427	312.0787298719344	0.0	190.55621097776813	342.3536666991417	0.0	194.75039808917006	283.94417413152416	0.0	184.96517105556092	318.6534596672231	0.0	206.2290505228212	328.2076377306255	0.0
136	2.305084745762712	138.59198878788297	310.7118190291665	0.0	156.16208412429984	322.68171345809895	0.0	175.17528560479826	376.5180952009147	0.0	157.69329255361876	452.7316093548383	0.0	172.1403001139327	461.50655108554895	0.0	170.41783454570515	465.61995921749565	0.0	151.44818181187688	457.0478986092164	0.0	125.2958736904267	307.4241723621673	0.0	77.04400919369441	366.6419475916558	0.0	44.76991527347586	324.52087594227345	0.0	12.904895410033351	317.7247347485861	0.0	16.148004335816314	324.2853239601649	0.0	41.67463492422193	314.462869224746	0.0	218.48794559699166	290.68154572456103	0.0	244.248260446625	266.3598140156713	0.0	244.04638448876509	288.39541390162856	0.0	225.685503342512	291.59338592541485	0.0	198.5444874124259	310.416641340428	0.0	193.51622277554074	340.53994926040525	0.0	198.41133195516323	283.57250388515916	0.0	183.05001312481767	319.1403686444115	0.0	211.86992176969426	330.18686051335993	0.0
137	2.3220338983050848	139.67182313443797	309.67193417181795	0.0	155.91076350779147	322.8172887772072	0.0	174.74542374389102	376.5079498496395	0.0	157.65658006301925	453.63191258329607	0.0	169.35158823070103	464.09926840477516	0.0	170.14081350842216	468.3390057596689	0.0	151.6948192761531	457.71130350320317	0.0	124.93258324048693	306.79580910744636	0.0	75.88570579052305	364.32540748398594	0.0	39.2815571179011	320.6951238922834	0.0	6.427111394456873	310.5105920349075	0.0	11.094123211197811	313.1656449127589	0.0	38.27196092271817	307.5762541332672	0.0	222.38623589651226	288.3099167330796	0.0	246.16693006888542	265.6073422575657	0.0	245.17350284062383	288.981004705297	0.0	227.2135049890037	290.39592788429326	0.0	198.14754109126437	307.57935925952535	0.0	193.46793952628403	341.200397693181	0.0	198.97172520764843	282.56913504996277	0.0	177.8993546720671	316.7860083290824	0.0	211.67259894594548	327.69611838223807	0.0
138	2.3389830508474576	140.60126010433683	307.5587095692011	0.0	156.35472105324138	321.155123809817	0.0	175.01482168252875	376.4568579902691	0.0	157.48447830893022	454.5304615573732	0.0	170.09125966914598	462.2025047213057	0.0	171.01780212432828	469.4083132432618	0.0	151.72635838585026	459.2695464899247	0.0	125.18572925624893	304.6025625590222	0.0	72.73242594550092	362.1856589357735	0.0	36.45684621542917	316.1145094471326	0.0	5.143411485679225	304.53515203206183	0.0	9.103392633914547	306.374575017908	0.0	35.46988623872427	301.59557674978555	0.0	221.8696784714512	286.35710645671537	0.0	248.16852988207495	263.76811154714625	0.0	246.2907848176685	285.302772263559	0.0	227.72829861254982	288.5185455872215	0.0	197.54008880310508	305.6747356315363	0.0	194.43595049952714	341.112961843653	0.0	197.6682939424249	280.68970086562894	0.0	178.02909088541665	322.168725756162	0.0	215.75670999758654	324.55634014083887	0.0
139	2.3559322033898304	141.30789142006378	305.4122497903547	0.0	156.4340201166458	317.3554205567672	0.0	175.29066872926336	376.33330822102613	0.0	157.49554292963148	453.55295420499	0.0	170.47310911369973	462.34223924775074	0.0	171.2217742833805	469.0622337803361	0.0	152.02093906652152	459.2844909223947	0.0	126.03702289725874	302.38076748089173	0.0	72.36145204365009	359.4942604777458	0.0	33.802108954199035	310.26048085563446	0.0	-0.6056632761630109	298.3809022403193	0.0	5.241365842083926	298.37345699999946	0.0	32.7880293996311	295.56507102525757	0.0	222.6984880090157	284.7786736580387	0.0	249.33224890745996	260.1835518622376	0.0	248.3219291677046	280.18007717220786	0.0	229.54504191449755	287.64227112464584	0.0	197.91112140459595	303.7652743191337	0.0	194.93580283691796	342.393870195179	0.0	201.76182583468844	279.831041308024	0.0	180.9204174023203	314.4042305405501	0.0	215.5348834199108	326.1599653276407	0.0
140	2.3728813559322033	142.93968782794798	304.42920669840777	0.0	157.71026411704204	315.42231380257056	0.0	176.12698221074402	375.9833706723385	0.0	158.09523444273967	452.612494384917	0.0	172.9128990897972	461.6754873216568	0.0	171.58006091691232	466.0203826725175	0.0	151.85559885171122	458.22164374856015	0.0	128.20911182875068	301.10997885944744	0.0	72.23308087885944	355.3862534294106	0.0	31.337287465857752	306.26427841226166	0.0	3.508410882734222	292.8823618970535	0.0	6.124104815477366	292.0752301964039	0.0	29.69674816777362	294.459172826106	0.0	226.02650176178466	282.13956615346444	0.0	250.83927039957416	256.66199618861543	0.0	250.19001910435583	276.04627783569623	0.0	232.55902677928802	285.50130515184924	0.0	200.51917110901175	302.2928182571396	0.0	197.39875976760644	342.11265555124595	0.0	204.2141485971111	278.006893452018	0.0	183.04723268562532	322.0990137956019	0.0	214.51645540162883	331.10228641620876	0.0
141	2.389830508474576	144.9254682642125	302.92118509328884	0.0	158.35171642490735	313.93154450866393	0.0	174.74707344795533	376.5095442086571	0.0	158.2222855241055	455.2534271606719	0.0	171.97308837083685	465.0416505574485	0.0	171.6636437879858	469.2042700562484	0.0	151.88806379238645	460.25798199220503	0.0	129.12653390079018	299.8571587337203	0.0	72.06758061337472	352.9454037840974	0.0	29.762465534323972	304.11159581462357	0.0	-4.220957389347605	289.1071050552642	0.0	0.7497908244135374	289.05559249418457	0.0	28.71046523434303	290.0605657956519	0.0	230.87678946861377	276.8554413401999	0.0	250.23822681538562	251.75479352861302	0.0	252.0388190450518	268.94691864768794	0.0	234.9526957988701	282.26254198976994	0.0	200.82490872613627	302.64426626434147	0.0	199.60493607298613	339.2386394878465	0.0	206.74700677638864	276.4842075023354	0.0	180.92632341342733	328.1056792868928	0.0	208.44279314650615	352.4251964016034	0.0
142	2.406779661016949	145.67519627578218	301.1939960055523	0.0	159.82847431957774	311.0955243872106	0.0	174.0623033983976	376.5737637177732	0.0	158.2790704609381	454.1343996871001	0.0	173.86891909439728	463.10997957160555	0.0	171.9970484521161	467.8457650199521	0.0	152.50608812365198	458.8584394037156	0.0	129.94764144505174	298.3122368673261	0.0	73.61014486827756	350.3333740574491	0.0	26.825171714910084	301.5181683059559	0.0	-1.4971912693815623	288.9814723574483	0.0	1.673534498159397	286.94060613342975	0.0	24.800094688257776	286.92250712843895	0.0	232.57347292050028	275.4108106891825	0.0	252.08241934787563	248.67028350915245	0.0	252.40791376074458	268.1171895783834	0.0	236.5553291402732	280.67080891967527	0.0	202.91249381723375	304.8210598751032	0.0	199.09176982935546	334.4078945411883	0.0	207.4732019444296	275.56713753344616	0.0	182.28752317797236	333.55845118626024	0.0	210.49470519770165	361.9037822161159	0.0
143	2.4237288135593222	147.82630539685954	299.4914367007042	0.0	161.3119782558574	310.9377901301337	0.0	173.99285391959802	376.4839096863573	0.0	158.39331987559933	453.7263448571378	0.0	174.60834100228186	462.12799928684933	0.0	174.163646110005	466.92682602636955	0.0	152.33186658143117	458.88316879531254	0.0	131.46015578555136	297.7182208927928	0.0	74.74895964320768	348.2646244015946	0.0	25.338036314503906	299.1182004229155	0.0	-2.4791285715924998	287.7268596249415	0.0	0.6070982138906273	286.6697209626952	0.0	25.192682417739974	284.6749493714567	0.0	236.4371944942441	270.5946847232539	0.0	251.60428486273736	243.68289167159628	0.0	255.3511177883622	265.15753534643926	0.0	238.01346569564285	278.6637363576182	0.0	202.96329258327145	307.4802080520015	0.0	201.65929935545705	331.97938594213457	0.0	210.98236258882787	273.44672742092916	0.0	186.10462624193352	333.8840811295601	0.0	213.88477516777766	365.0416267075484	0.0
144	2.440677966101695	149.76562568619337	298.0671125357096	0.0	163.96452038581612	308.2334037618767	0.0	174.53629005356163	376.44260380655476	0.0	158.4690581037761	452.4218652043353	0.0	173.17594744045675	457.78298372178074	0.0	172.55084658243624	461.94362402310986	0.0	152.1570539927448	458.34949418710613	0.0	135.8248450177216	294.4552003011503	0.0	77.68298302941555	346.9540664816035	0.0	25.322754253525588	299.31255116301134	0.0	2.8857450300457415	287.3968523743954	0.0	4.6323865584087285	285.7517209510162	0.0	20.405922397616692	285.6334976624952	0.0	233.4164893183408	270.0146052682869	0.0	255.5289147862229	239.68109938182144	0.0	255.89441900564267	261.1353933702903	0.0	241.30604079065816	279.3259826396502	0.0	207.7175570411554	306.4722985401881	0.0	204.52872666342662	326.4181497510879	0.0	212.49918312464865	269.692766549404	0.0	189.1647243967537	327.35735251928725	0.0	213.30657327779466	365.7563147902021	0.0
145	2.457627118644068	150.9205230564942	297.04495045646496	0.0	162.7982470849838	308.8164799304532	0.0	173.95132562753793	376.9587077378801	0.0	158.3912097695348	453.02687859757015	0.0	172.88268881534893	456.91029412043616	0.0	172.8157329690704	462.64641376166935	0.0	152.25642912491995	458.06350798383005	0.0	135.6118136125917	294.5095385052998	0.0	79.573284834948	345.920489095617	0.0	25.756797239071712	301.3794891744776	0.0	-1.0547392090732894	292.0154555316839	0.0	1.0236777827500274	294.0043666626303	0.0	24.572946344805956	287.9151022407532	0.0	240.74538972839014	264.567618367356	0.0	253.91213322721484	236.3917506327233	0.0	256.7012914323211	260.04887263959773	0.0	243.23612478167934	275.83754431422193	0.0	209.93996254756314	306.4374161563207	0.0	207.86083439691333	329.0502599824377	0.0	217.2154987918285	267.3610729153986	0.0	192.31356593834496	324.78381728679113	0.0	215.12776315488458	362.6766355731067	0.0
146	2.4745762711864407	151.4496907730321	295.89011590212453	0.0	163.97749943313806	305.81949569438575	0.0	173.65137385361407	377.3257932213305	0.0	158.70142722219217	453.03703127103216	0.0	173.3454701747853	456.94893214761214	0.0	173.2442958220309	462.4643874083213	0.0	152.97934942925235	458.0571643101222	0.0	137.61820264018127	292.641218688103	0.0	85.2932336996925	345.4044975533317	0.0	26.107506916728937	302.1959872918699	0.0	-4.339087486696486	292.7132030523853	0.0	-1.2161516116896671	294.84500045968707	0.0	25.03630984413523	288.51710320091183	0.0	239.9430846844707	265.16877786123644	0.0	257.78079620465246	235.77569781043738	0.0	257.8439698848572	258.9652483027624	0.0	245.15926243493334	275.81085646521126	0.0	211.4200163039271	306.21700380063277	0.0	210.3239315261232	328.6069461931724	0.0	218.76787694853425	265.32466773441325	0.0	193.57270018861766	323.303579208692	0.0	215.58011224739818	364.2599179651817	0.0
147	2.4915254237288136	153.29714496837994	295.590958893814	0.0	166.00099931334142	305.41880734756734	0.0	173.59209655101796	377.9084099073319	0.0	158.77598792970178	453.97351771663824	0.0	172.03722283524235	456.87249420507163	0.0	171.96257519823737	463.1399272662366	0.0	152.74792079505468	458.08642805775435	0.0	140.3693832603346	291.4911020924549	0.0	92.0663364075084	345.5621238843969	0.0	27.403461864514515	305.25645446196074	0.0	-5.505610437138819	295.7520923464117	0.0	-3.348340983151556	299.9171137751665	0.0	25.281085833400898	292.44289517422123	0.0	239.9150341620071	263.58909465661173	0.0	259.69464594514056	233.75397089091132	0.0	258.98677725314474	256.2234069356442	0.0	246.25662068103088	275.3783813699187	0.0	213.22820204375216	305.98647654900674	0.0	212.04089119392776	329.47476541417944	0.0	218.63332996447784	262.6721735454846	0.0	195.94091240604513	322.0558646022452	0.0	214.24832684253278	364.93188428594874	0.0
148	2.5084745762711864	156.76556417929055	294.9564133228274	0.0	168.11401017837528	305.4911646392133	0.0	172.93759359722162	377.89812779936284	0.0	159.36125805675567	452.2362822178797	0.0	174.81608914081153	456.52202740593157	0.0	172.5081695590538	460.41579485665744	0.0	153.1947204193918	455.4270539679352	0.0	142.24420974439855	291.3992338955252	0.0	98.11095463505373	343.5201836495725	0.0	29.319305126009944	310.3230425592611	0.0	4.623610045762407	308.22668618785735	0.0	4.767619059916685	309.2393934102995	0.0	23.50264609528092	299.0616334230585	0.0	241.43570191757766	259.7937438547438	0.0	256.6596174946405	229.45721354133883	0.0	259.4914171163825	251.79402202568556	0.0	247.69739077554115	274.260176230358	0.0	220.4208659302029	305.65158511598514	0.0	215.4139319316675	325.63593825427773	0.0	221.49554523459418	260.5175865312489	0.0	196.91421014883423	320.74411278165684	0.0	212.71781138795134	361.6120621175496	0.0
149	2.5254237288135593	157.78326410523115	294.74811487874507	0.0	170.17006335000497	305.7992588579957	0.0	172.63954083670302	378.1221861669904	0.0	159.03668463477382	451.7307577946598	0.0	175.3834851814349	457.1582038164436	0.0	173.21748016165694	460.5700715227197	0.0	152.88075375006048	456.2664883217018	0.0	143.22567041047122	290.69773347212833	0.0	103.64199270370239	345.2986814845545	0.0	31.970438263457687	317.93477508136823	0.0	1.2313827705443732	315.0259465697438	0.0	2.2210117061307666	316.9300958535666	0.0	26.76667214119636	308.37677208498485	0.0	241.16189587147565	259.1796226759733	0.0	260.4411696253457	225.08752700561175	0.0	257.7501881792805	245.01198003073614	0.0	250.2087670649159	272.87684280219656	0.0	219.3048202388544	306.2804529372704	0.0	212.05806143537765	328.0420786480259	0.0	220.2718485585284	259.30887256597583	0.0	205.31042826128404	309.1664322905919	0.0	220.39590477034102	329.80106321237145	0.0
150	2.542372881355932	159.2921516865243	295.2538435837287	0.0	171.90863733745397	306.5944997391979	0.0	172.43553915186232	378.0350175639028	0.0	159.2696790688405	451.5858994066916	0.0	175.31831618771287	456.11003612652416	0.0	173.16620449813217	459.7329453322328	0.0	152.5624100596981	456.4596687007875	0.0	144.50702386032364	291.937328387885	0.0	111.59132103841186	344.2694345889213	0.0	36.99280634665924	322.9729771382318	0.0	8.611744039365266	324.9828940743587	0.0	8.745929946464276	325.1777977528133	0.0	30.153415395846693	313.78399442830795	0.0	244.76121876905955	255.37955000660781	0.0	260.8212258593108	220.59621722113457	0.0	259.7053861504619	242.70932077209025	0.0	251.3134809945644	271.12700547235676	0.0	223.66572604936263	307.02857909646514	0.0	212.2387054367867	326.16037273562023	0.0	221.70593568282266	257.38164415463007	0.0	207.8805225139899	311.9553980032204	0.0	214.85577397565208	344.1576799221453	0.0
151	2.559322033898305	161.5495553819184	294.48222412355346	0.0	172.92264058098624	305.15326811882096	0.0	172.15919192115362	378.4156725862093	0.0	159.49333362447376	450.02455928474217	0.0	176.70452429190735	455.6963323855757	0.0	173.8157498289299	456.85720550970245	0.0	153.0326749423587	454.4712669468512	0.0	147.19515152761397	290.3863029185456	0.0	119.56779146278336	346.3516766025748	0.0	46.57910900545705	331.85892439273	0.0	22.673632166862525	338.6349435175537	0.0	22.50028338071427	337.5895146293387	0.0	35.00288142919928	321.85431176906235	0.0	245.30603184930894	253.437676625251	0.0	261.9912931903121	220.34474855405102	0.0	261.87136026104616	242.92095657579574	0.0	252.68144918295695	268.7544673903221	0.0	227.13397177904943	307.66026284017744	0.0	217.14362281870237	329.772693919169	0.0	223.90855207451418	255.42118329964578	0.0	209.44509731056826	310.6131604508899	0.0	210.96476371788654	347.0137007292039	0.0
152	2.5762711864406778	163.96652500229396	295.62820106537765	0.0	174.94751875396477	303.8949402903959	0.0	172.09371396134534	378.0797077640989	0.0	159.43935192204572	448.46794126118994	0.0	175.69314197537983	454.31128345121726	0.0	174.29428409304538	457.55733620429476	0.0	153.49940257354046	454.4691678563472	0.0	150.53628907980172	291.005929398249	0.0	130.06577154099548	347.76409762628487	0.0	56.381325365665596	342.65062193629177	0.0	42.84898386978354	356.23821056792957	0.0	39.72064623891515	353.07543793429255	0.0	44.186947248353015	334.73237547312675	0.0	242.68905123314755	253.00301162518548	0.0	264.22793421950576	214.8201643584602	0.0	263.5382653954139	239.1804354042385	0.0	253.3744923216076	266.6256176249643	0.0	232.61423462470296	312.23658865248063	0.0	248.0217875467721	318.8077523611423	0.0	223.4972507804041	253.90530597983295	0.0	203.82786493016727	306.89379291627307	0.0	205.29126904734986	346.94054372332516	0.0
153	2.593220338983051	164.13267722986402	294.97157941439445	0.0	174.3355542929366	303.78990893514907	0.0	172.22487857938273	377.7783854507402	0.0	159.49398403656164	449.41975631333656	0.0	179.89987605773322	455.69345706166166	0.0	174.50480626181965	458.3684005550249	0.0	153.01428358450636	455.60155685236526	0.0	151.2584531260983	290.3190996841587	0.0	137.476889128989	348.69432696478725	0.0	66.61061935654682	353.2112949091347	0.0	56.53670887780692	373.3084097750074	0.0	54.63562725868923	368.73712663823335	0.0	54.54840557185544	346.86724781842275	0.0	248.21421263801628	247.43140404031175	0.0	266.02111455486596	213.0072878364225	0.0	266.8175863747402	236.88210765343882	0.0	255.7550874200049	262.8679451175718	0.0	236.5449140705767	311.3433355672958	0.0	256.8345472280964	318.1175904148936	0.0	228.22131090241004	249.93662926598316	0.0	200.31417192259812	300.24865959320596	0.0	201.24177377083265	340.78978335190794	0.0
154	2.610169491525424	165.23283791662834	295.9475677336256	0.0	175.57382402913	303.0178302517778	0.0	172.69398768668324	377.2125092639993	0.0	159.46901449250433	449.0186239452933	0.0	177.01073359746903	456.20631513780415	0.0	176.14436721769482	457.33660032222167	0.0	151.96916260919843	456.25839180400857	0.0	153.0642916283891	290.87135020216544	0.0	148.66259603676434	348.44054977707253	0.0	86.64376453405211	362.05776028492545	0.0	74.67953298787498	375.59599810760426	0.0	71.20627252939532	372.146585274442	0.0	74.39647333666491	362.7863376281468	0.0	248.83846542697464	248.03426783642897	0.0	268.72240071645876	209.15414999747378	0.0	269.3699356199584	232.53999113112022	0.0	256.44159542539757	262.0174184275203	0.0	240.12017386102906	312.8849535819544	0.0	264.3711601531054	307.4058800840227	0.0	231.14031804846928	248.2898780077363	0.0	203.28827658199273	292.6075233950878	0.0	200.97691504247553	336.4655090502947	0.0
155	2.6271186440677967	166.0822213162924	296.5481605790341	0.0	175.05778566874395	302.4814707638323	0.0	173.77528440156172	376.6325634651256	0.0	159.5549048288804	447.5146431925653	0.0	175.19439970184266	454.8018004824281	0.0	174.66385964780338	457.7731208684184	0.0	152.14344169999995	455.27985336797786	0.0	156.23019337259305	292.3604412502363	0.0	157.92182831972391	350.233148020922	0.0	100.32170044137033	372.64429195568596	0.0	102.62572927840861	400.97297755456844	0.0	98.57264321412059	400.82477086399933	0.0	87.34296237536097	372.73818022043326	0.0	250.34345465955778	245.59748498124856	0.0	269.9376677462303	207.51613837959366	0.0	267.5734960859356	228.72785755961996	0.0	255.37325076940166	259.38286933219445	0.0	244.70214665360967	312.29488961039243	0.0	266.62195656943885	302.1544122846185	0.0	229.45355513748646	247.8177674897491	0.0	202.6701497325101	288.7562230734143	0.0	200.9420348459351	328.53989562698445	0.0
156	2.6440677966101696	168.3898161498946	297.80740802518864	0.0	175.03653292194588	303.7355658054144	0.0	175.28997793734612	375.3334472659699	0.0	159.53100895437484	446.9324646490728	0.0	179.01655873657478	454.2250038754601	0.0	174.94569994732365	458.19331243856004	0.0	151.79030157311317	454.178987626654	0.0	159.3108853636739	294.24786027933914	0.0	166.51896315958254	351.0789738223545	0.0	117.71278502154242	382.51173623244324	0.0	121.73355585832941	412.38078359226387	0.0	119.11063470136413	407.97021861402243	0.0	105.35326895723132	385.715918931697	0.0	251.57572395904117	244.85595632575647	0.0	272.25727896494186	207.785828771684	0.0	268.95920385608594	229.78440289827952	0.0	256.2556694316868	258.5001836273051	0.0	249.07573977421094	312.79664795583057	0.0	269.1351800625865	300.2617630649532	0.0	230.84299863427387	246.17672910136912	0.0	205.58311068095665	282.3737521657488	0.0	201.68363973765193	321.9058321983759	0.0
157	2.6610169491525424	170.87692322818737	298.7080246812982	0.0	176.0821532993154	303.40755482904973	0.0	176.785209821926	375.693965136503	0.0	159.47111438801747	447.08783398622626	0.0	180.67921698710845	454.56397573897283	0.0	175.45740560957117	457.80418179988214	0.0	151.5574757566401	452.21097122618215	0.0	163.32226726101445	294.99964880535174	0.0	175.63046378393923	353.69319022222555	0.0	132.58734928192638	391.3109064595596	0.0	148.6552571757613	417.1371609991489	0.0	145.56335383568043	414.8313863394676	0.0	121.09301013797986	394.39388683909107	0.0	252.76710437066941	243.0033309470655	0.0	272.7686425659971	205.56462289567665	0.0	268.20795050527613	227.00515154161295	0.0	258.7214768354738	256.85617027394227	0.0	254.35918021927986	311.73289968350593	0.0	271.21682287750366	297.593369631413	0.0	233.57260034015206	244.48468284137954	0.0	222.5732253831724	278.3123230737986	0.0	260.06639508494663	300.87407435477877	0.0
158	2.6779661016949152	175.95904597908938	300.98543673647396	0.0	174.80993761548564	303.1716533503208	0.0	178.2233500077903	375.1561962860442	0.0	159.31121063263228	447.09892291381135	0.0	181.55061771648195	452.23870419394143	0.0	176.67595747917127	457.09097750944596	0.0	151.42556476543373	452.5291735071293	0.0	177.43095075532108	299.99356248757334	0.0	195.2542908950544	354.1499366987556	0.0	145.51358289965182	398.31008157114906	0.0	170.8054244530438	414.777089260632	0.0	163.92524435639808	413.2025796031112	0.0	133.9762430280139	402.14724819757726	0.0	254.57375685640434	241.5961656646417	0.0	274.75319298527296	204.5359682629226	0.0	270.8039423810278	226.12417733105576	0.0	259.3686396371857	256.8327210283769	0.0	259.3384692896556	310.5399435433183	0.0	275.46759243699614	295.03945364009377	0.0	236.18384730512543	243.11745063706755	0.0	235.33471037762848	276.9206153474911	0.0	263.9393334231046	287.1687361796105	0.0
159	2.694915254237288	180.57158693718435	301.8126295891683	0.0	175.2472601499943	302.74474480598025	0.0	179.1226634756343	375.8868081628079	0.0	159.25209098770458	446.49904448436166	0.0	184.24426197750853	451.1743180591348	0.0	177.35906895817763	455.77607602975695	0.0	150.28274693492912	453.0780768308804	0.0	188.32538774816192	302.4953650689894	0.0	204.58409707328775	357.05927634979844	0.0	184.38355605006834	417.1465775168057	0.0	200.77494719570288	435.3644032984012	0.0	197.6691360065349	431.45980842792966	0.0	175.85406099678502	423.3589147429558	0.0	255.05159285421138	240.4263256957422	0.0	276.54768175267344	202.20664042915885	0.0	273.9271410091627	224.37834819067533	0.0	260.90621229861534	254.6049860884995	0.0	262.4806377040763	308.77185683366935	0.0	277.9086050527083	295.4475591464128	0.0	239.36321659476937	242.1783461417783	0.0	244.70743531842862	279.3646452988456	0.0	267.2540927837802	286.44414912887635	0.0
160	2.711864406779661	183.5235440343726	305.7593631774773	0.0	175.20836580912007	305.2206277922764	0.0	181.90651519246651	375.6609789655428	0.0	159.8518085035919	444.99484382639764	0.0	183.56246674365678	451.73535986769946	0.0	175.3623681487642	454.70049747133163	0.0	150.8579435159444	451.58096660132094	0.0	196.34274597454714	307.75497895845325	0.0	210.11431585307443	361.6233415882581	0.0	199.72063177884473	421.3327656079611	0.0	223.7055412001472	444.78410146649367	0.0	221.77020070223062	439.5321974654246	0.0	189.3883568910936	429.24697439778413	0.0	260.8435003754839	234.7357744367095	0.0	273.3943901657887	200.59822419563636	0.0	276.7234866764289	220.30073373388964	0.0	262.4888191999652	252.51861707993808	0.0	264.5951175682217	305.30073941204046	0.0	280.64588829899157	297.1346103922179	0.0	244.1721209455684	240.73984517798215	0.0	251.46744335129296	284.1170213312709	0.0	274.74647220880627	287.33894298181895	0.0
161	2.7288135593220337	190.15197928790843	306.8505951648841	0.0	179.1279154687283	305.83455304250987	0.0	183.20778292121136	376.1044959182783	0.0	160.02494170968063	445.1426707832889	0.0	183.35839666420043	451.192032957294	0.0	174.44355758365674	454.86326947790053	0.0	150.83057581588355	452.0270432899211	0.0	200.39133196295793	308.63902584522015	0.0	218.96082680548707	363.3702277066639	0.0	213.67421165259734	421.57755648143365	0.0	243.1233619778862	442.9631819592382	0.0	242.3344224785881	436.9305409974202	0.0	204.3658460218851	432.43154267749327	0.0	260.84270741632383	236.0006882428131	0.0	276.9121170263448	198.26747655944217	0.0	280.1508457505797	220.6112303271912	0.0	264.0198939569745	251.58439393649113	0.0	267.75079844384874	304.2154998357823	0.0	283.22442861526673	297.8097790622212	0.0	245.2693972469749	239.3720543754877	0.0	255.47570127052282	282.7162912214822	0.0	277.94295566272746	287.1435443187464	0.0
162	2.7457627118644066	194.2635360352936	309.46910385633316	0.0	183.08476811249594	307.8811240571819	0.0	184.01491819747656	376.56471554902754	0.0	160.3775217158194	444.56103606236326	0.0	183.37001910917562	450.45083170598366	0.0	174.97960649155087	453.7348697827109	0.0	151.01411897898492	451.6545177060497	0.0	205.3094155925724	312.235998497414	0.0	225.7256135711464	365.3341439942021	0.0	231.31731272247814	427.4594927411445	0.0	262.81001501780054	443.08152092600983	0.0	261.2048972033073	438.3429847208953	0.0	221.9238988738802	439.2701046276238	0.0	261.84087823953587	234.8929497106341	0.0	278.3096084424044	197.21065138170567	0.0	283.6251221119241	219.8665136240686	0.0	266.6192664006323	249.84370510424665	0.0	268.9651358420402	300.9694417290336	0.0	284.5978169839873	299.07117006306333	0.0	246.1423822932423	239.46997252464155	0.0	260.32145429516726	282.6793800901938	0.0	282.24275473966594	286.36977111487784	0.0
163	2.76271186440678	199.76614410187395	310.8405762289279	0.0	187.9245484458022	309.15042365780846	0.0	185.6926606846756	377.76817968615455	0.0	160.69135571195923	444.54569117625124	0.0	185.49853641012672	451.25783607015995	0.0	176.63716742283802	454.6134848604863	0.0	151.25270540222192	452.1670977813902	0.0	212.3356075383964	314.59342910098525	0.0	234.24686028540452	366.3959345294007	0.0	249.23693484483616	432.2661675782097	0.0	284.3940199737662	444.6773624129936	0.0	280.51900064540604	440.0036896262506	0.0	241.46407143747604	444.05719813550616	0.0	264.03118830594394	232.90448708447454	0.0	280.20342006745204	194.89137492195664	0.0	285.09713289616496	216.08806551376165	0.0	269.43285615518454	247.8889248918884	0.0	270.9732418618305	298.037516587469	0.0	287.40712342131917	298.7113996376862	0.0	248.99703153363546	237.75258935843738	0.0	265.3498914689609	281.71033605798175	0.0	285.9201193701304	284.1250036979544	0.0
164	2.7796610169491527	203.4305581155509	313.482839007724	0.0	191.37488307896606	313.1649122569764	0.0	188.54454654414772	378.38018594564954	0.0	160.7771761749369	443.763072675584	0.0	184.8201908091604	451.0621292594592	0.0	176.7098335615274	455.06501669230266	0.0	151.35320612259252	451.7130549744336	0.0	218.05982696691746	316.5945435378095	0.0	242.08267181395138	366.2875120077917	0.0	264.1512698544259	434.2826806500577	0.0	297.6455225606006	445.3333941286478	0.0	294.9699944082183	440.79232611449817	0.0	258.159709406719	446.2533492737513	0.0	267.7780906365579	228.89344164177848	0.0	281.03142024414325	193.83147960130384	0.0	288.59798635639777	215.76663676239104	0.0	271.1446311147129	245.89930323058366	0.0	272.39305226019883	297.03908634267793	0.0	291.30557094277196	298.7926596789771	0.0	251.24068079957303	236.54707119960545	0.0	266.2611500661878	282.6235625320718	0.0	290.61544828056253	282.15913401077904	0.0
165	2.7966101694915255	209.31979116677394	314.4840585934653	0.0	197.38617506483982	313.1403716745592	0.0	191.10308826276898	379.3665555230284	0.0	161.80720327642908	443.718177735546	0.0	184.29498880654606	452.6777408890989	0.0	176.44030804529262	454.8530856569862	0.0	151.52274504306226	450.98356187600353	0.0	223.6013088882817	315.58877851035123	0.0	250.46409711759736	367.68662602481095	0.0	273.59315153506446	434.56901720463	0.0	309.1831951370381	443.6978056752109	0.0	306.7958116877902	439.8924869130035	0.0	267.32622423907327	446.39321180511587	0.0	268.15043625728896	229.70636429178342	0.0	285.0597431261738	190.92861337879089	0.0	290.813250290207	212.87707383881448	0.0	273.88088667632303	244.3933194339679	0.0	276.08858595100367	294.80892026589976	0.0	293.92496274194923	297.22621065081347	0.0	252.089221044143	235.60371319454615	0.0	271.46818869582864	279.1322098097194	0.0	292.3851830758449	281.56686163357153	0.0
166	2.8135593220338984	213.43825063327267	315.3896091381245	0.0	201.27937755218414	317.10763908784355	0.0	193.90722705085378	381.29708457033814	0.0	163.12370108834114	443.6235803683852	0.0	185.75665483476303	453.2325675575622	0.0	177.58419569652534	454.9459870299711	0.0	152.39829485275962	450.2062087805906	0.0	228.79097775557418	318.30627767698945	0.0	258.58443477691173	369.1392570763059	0.0	283.94844067865955	436.9293289105095	0.0	316.98971847110437	443.1448536347159	0.0	314.647544704489	440.6857242844668	0.0	277.6056861200005	448.20925274047556	0.0	272.7158909909658	225.53673507231383	0.0	282.66680674311965	191.9174145849664	0.0	294.71038748927566	212.28526821953506	0.0	275.0801174930863	244.3593400553967	0.0	278.66448992085185	293.6702705887157	0.0	297.984434463663	297.069875715724	0.0	255.97002152835512	234.89926835224705	0.0	271.0286181011038	278.55507087505237	0.0	295.827459213252	281.28790804010845	0.0
167	2.830508474576271	220.27573213085088	315.7586824806965	0.0	207.3931783058838	316.2978626457702	0.0	199.22376535758642	382.85403362524	0.0	164.70604795025096	443.67093085292146	0.0	187.28011611790697	454.28774975877076	0.0	179.13807277417234	455.38260859177916	0.0	153.4026891376984	449.4943022757879	0.0	236.36763633119202	317.4091827085509	0.0	266.0713772012613	368.9430013499506	0.0	292.36759320248495	440.4819983782712	0.0	320.6487507015743	446.6373075800903	0.0	319.1824970801288	443.52125830966895	0.0	286.1305900432456	450.83632258045475	0.0	272.68288683517176	226.29170910561155	0.0	287.37377551305076	188.91160129842922	0.0	296.00460941823957	211.22637847618705	0.0	275.83376493139303	241.91043780471313	0.0	279.8068025017598	292.34672694811366	0.0	299.7421900959888	297.43852167147674	0.0	257.9439273817364	234.54466045095927	0.0	277.275239410414	279.0115407249308	0.0	299.3407957369577	281.7998018384305	0.0
168	2.847457627118644	225.7133529222551	316.78832269565027	0.0	212.71941874451323	317.9427879857393	0.0	204.44923455881357	384.32740165041656	0.0	166.27110892375214	442.13829114623445	0.0	190.60906389528714	454.51878230084714	0.0	182.34746016097108	454.7343166766314	0.0	155.1974947755002	448.12273960133365	0.0	242.09928140788537	318.64772421396947	0.0	272.10599627940724	368.2882914845261	0.0	297.81457244206047	442.0437299338061	0.0	321.24943492369255	450.8871379837072	0.0	320.09201163616797	447.421257407314	0.0	290.39834765255466	451.84100910220104	0.0	274.685429084302	224.3441718430167	0.0	287.71495679546325	187.47403655627392	0.0	299.1223494807481	209.34943645235123	0.0	276.7072755603948	241.76292949996855	0.0	280.2907981453187	292.09497893106044	0.0	301.4825834727355	295.9282691992424	0.0	259.7099358015194	234.3247067478452	0.0	279.45328912281354	276.95973546399387	0.0	303.09624790312387	282.52229775752767	0.0
169	2.864406779661017	230.72561449890551	317.44223324417936	0.0	217.6007119121803	318.1652982051505	0.0	212.54788928892623	386.06422611170603	0.0	170.01836664046414	438.3852803268614	0.0	191.44370840438174	457.12278020203604	0.0	183.26277272640633	455.48646814998125	0.0	158.5598049325114	440.9101594885713	0.0	247.04779769714395	318.20014620930266	0.0	278.0541155696731	368.3002321247875	0.0	298.47203606085833	442.09184290832053	0.0	323.45554084739865	453.8927508520647	0.0	320.847554362272	449.19528502616265	0.0	289.56279773862565	451.462353097871	0.0	275.3741884029616	224.74899133951212	0.0	290.633201622977	187.18474527352066	0.0	299.5304876232946	209.9194546146379	0.0	276.9924081822466	240.24365798766908	0.0	280.8072036060016	290.2402849364204	0.0	304.42475717623455	296.1172367369684	0.0	261.6032064158164	233.6479462618762	0.0	280.0146976441671	277.6013136579237	0.0	301.2563178377221	282.67619870362626	0.0
170	2.8813559322033897	236.6595921157656	316.87341756861224	0.0	222.5945240112163	316.9403640200226	0.0	222.4688029096347	387.8007114677427	0.0	174.4855081552535	434.76560145316967	0.0	193.56133541706018	457.77349864866517	0.0	185.2599232325945	456.4014489436171	0.0	163.65989740309928	434.7742718151253	0.0	252.40578403391612	316.0688530558383	0.0	284.72639939261	368.4470688914462	0.0	297.82779007686537	441.9387103926261	0.0	322.30206864280854	454.454323901461	0.0	320.417284030039	449.49878821669995	0.0	289.2644937088603	451.1581385672346	0.0	275.6169293787872	225.08061585083513	0.0	291.3305990714107	185.53179261221777	0.0	301.8220243870701	207.8548741129056	0.0	277.0847843123698	239.17389331849412	0.0	282.7776083304036	291.7767562202824	0.0	308.91870122934796	295.2521221584649	0.0	264.6366942704692	232.64581921857092	0.0	278.55137400016923	277.5171967147713	0.0	299.97327405240907	283.00669248922736	0.0
171	2.8983050847457625	239.92720761954044	317.42975945921944	0.0	225.8456122755143	316.98144466548564	0.0	230.69333915584772	390.53033556371315	0.0	179.0549655649059	430.48723934656675	0.0	195.7172535462902	458.4416798101141	0.0	186.61376071805932	456.1035145913776	0.0	168.22206738700368	429.3708147642224	0.0	255.71215410291364	315.2623850304808	0.0	290.06396698375613	368.03075754401306	0.0	297.4118465380452	441.71895517209236	0.0	322.132132633321	454.4021051352687	0.0	319.7510906426061	449.42267348051115	0.0	289.0196861950518	451.02749693879286	0.0	276.71206903220684	225.04618197622807	0.0	292.3195249982713	184.5131715888375	0.0	303.4985608522247	206.93602546540367	0.0	277.30218677198445	238.63267860615295	0.0	283.1564193973069	291.64947963713405	0.0	310.6338127816604	294.93082556822696	0.0	266.3801512286927	232.69081635258556	0.0	276.73367214170787	279.6242035743361	0.0	298.3023210162975	283.58428348522546	0.0
172	2.9152542372881354	241.74394834480017	317.3630187012094	0.0	229.1896746171385	318.54134812979885	0.0	237.4913743942826	392.3276267490356	0.0	184.1337163017252	426.13023721928045	0.0	197.97865049424345	456.3912227353518	0.0	188.97176469405747	453.4581202665375	0.0	173.08400190195155	421.57759593336664	0.0	257.02333331921443	315.845740869427	0.0	294.46746337713444	367.64605638574926	0.0	297.6880843861452	441.94694617022805	0.0	322.0719683260424	453.8952311139727	0.0	319.9339367506843	449.1031424658155	0.0	287.59034704746307	451.94037804969764	0.0	278.01546737352487	222.12895576995672	0.0	292.9531399117924	183.21953887171765	0.0	304.3259396451822	205.31146589519744	0.0	277.4922515076953	239.0466774088356	0.0	283.6520473775922	290.3270503444699	0.0	311.1374619311199	294.5036036800191	0.0	266.055942100954	232.34772606842657	0.0	279.01554814271833	278.7274222093049	0.0	299.8697443760424	280.66539541692634	0.0
173	2.9322033898305087	244.87402050451985	318.40618711799266	0.0	231.60017930393784	319.9984718226738	0.0	246.3297609594828	392.1504208206137	0.0	190.02821228224818	421.9682998645413	0.0	201.5191339432452	456.0170470413397	0.0	193.186370898617	452.4779604635533	0.0	179.28219383781627	416.03045345121495	0.0	260.59480166269594	316.6785646783586	0.0	298.13487178853467	368.185892123186	0.0	297.94011238690797	442.48184239744376	0.0	323.88143282781465	453.7565648578023	0.0	320.8769678698221	449.70434936798137	0.0	289.2882661228038	452.5979892446326	0.0	279.72353803907777	221.87813990070117	0.0	291.0714514482532	181.46266794291972	0.0	304.24679200767457	202.90726002270998	0.0	277.6381245913473	237.63332832467302	0.0	283.45668420201804	289.01799030975684	0.0	313.31415037921647	294.4936577259576	0.0	271.1120336938057	232.56312683892514	0.0	281.5629046377921	279.012913551601	0.0	303.01914354776295	282.94993622616454	0.0
174	2.9491525423728815	249.18605691943227	317.7968096105245	0.0	235.8047023839765	319.4817343685272	0.0	255.04277151004243	392.21363592232046	0.0	197.96307119258336	416.91234177635215	0.0	205.50398596492383	454.5064382772561	0.0	197.13458296507125	450.7079597018556	0.0	187.91718313238297	413.8344714454876	0.0	264.25150819744704	315.47621925870726	0.0	301.2011038270307	368.57808616700703	0.0	298.43143708702763	442.4746778397621	0.0	323.85786715532345	453.25566051499857	0.0	319.7915831284239	449.26261335099935	0.0	289.503075009197	453.1640851954671	0.0	280.1491323770975	220.6910437084384	0.0	291.0313634505579	179.7037007816128	0.0	304.6518399995093	199.89218852223533	0.0	277.5143336431386	235.77200173493836	0.0	283.37398872501296	289.22081486191377	0.0	314.5529645218279	294.186307869611	0.0	275.30319830105753	231.6559844002021	0.0	280.41490849427873	279.97332526706356	0.0	302.1890680904789	283.8195737122485	0.0
175	2.9661016949152543	250.8256135671464	317.1516456853122	0.0	238.29734852785333	319.05529479642996	0.0	261.8068991161699	391.45556986683437	0.0	204.69114701210708	415.6527034309355	0.0	211.30254310982818	451.8501439109162	0.0	203.71719565487453	447.30359722959406	0.0	195.4465252940678	411.4351858999138	0.0	265.2739819013689	314.9470375919413	0.0	302.33978648419827	368.2142540633555	0.0	298.38767885349625	442.45359496175445	0.0	324.3060555850309	453.14238941941136	0.0	320.97758432447057	449.35553980208897	0.0	289.9862251327605	452.58855256678856	0.0	280.97272083080037	219.59736190007177	0.0	291.17609058459556	178.69874324673293	0.0	305.8028730875704	199.4258317890886	0.0	276.7629661680339	234.1279919040972	0.0	282.53910378026944	288.38389907021804	0.0	315.85603985625033	293.81817925802477	0.0	280.0144016489526	231.50386205566755	0.0	283.1464202868932	280.9397751441512	0.0	304.424422519699	281.53262083616517	0.0
176	2.983050847457627	251.4390760536564	318.1370969845719	0.0	239.91857537777153	322.7064471294002	0.0	268.1542367479499	388.86589054266267	0.0	211.5229998616912	414.7117640723054	0.0	218.44393199793777	448.16882483054724	0.0	210.68153844866885	444.0703738340344	0.0	201.63540078395602	408.88789451674364	0.0	267.00677199861184	317.7762126539774	0.0	303.20899974878563	368.3626334707357	0.0	298.29957206875486	442.05983563027576	0.0	323.6939901111613	452.93344577086907	0.0	322.6711078200243	449.4642778758478	0.0	289.60990228385174	452.2835174549697	0.0	281.2874789419079	216.3637254619299	0.0	288.3642612266338	177.8668070028509	0.0	304.62891700561283	195.81056116360136	0.0	275.8273005050619	234.2783350222704	0.0	280.8673597142616	286.19054151897603	0.0	313.61111330955066	294.2011519740974	0.0	280.63223765624707	231.62953006968067	0.0	281.2705552493311	276.91212339821135	0.0	305.12347225841984	279.3124010532776	0.0
177	3.0	255.13708685586823	315.9506728237982	0.0	242.41542177273573	318.3349231946885	0.0	274.3703274172855	387.09828383037654	0.0	219.59315528157737	411.761396618561	0.0	226.19424671598017	445.07140073321034	0.0	218.6560310467822	442.55368558474635	0.0	208.71673232639827	407.5235640996548	0.0	269.64236042644404	314.95041577312946	0.0	305.29482927533195	367.77554511785297	0.0	298.66936430484816	441.9284625047686	0.0	325.01060721245193	454.1580710228037	0.0	323.536484472963	449.48706072597986	0.0	290.73926197619545	451.0945666676689	0.0	280.97971444247474	217.14321950313578	0.0	289.9845767892762	176.11226385608464	0.0	303.7056412693823	196.15559638542254	0.0	275.0422171454565	232.30924339912332	0.0	280.7055468355472	285.8849887044792	0.0	315.8364421420028	292.53216564295576	0.0	285.87710038014814	232.1667649398661	0.0	286.61578502998856	278.8548224730577	0.0	307.87213483506935	277.7108783122676	0.0
178	3.016949152542373	257.8273540781696	314.90559159937493	0.0	245.02962411647985	315.24620286861654	0.0	281.61535742571454	382.7194736474541	0.0	226.3759315842821	410.59694150924366	0.0	233.1524474057845	443.8139128072062	0.0	226.3236577778224	441.0602478182908	0.0	215.364627948349	406.4166620143612	0.0	271.7062831944055	311.44664440176354	0.0	306.8076584140053	368.2315493357355	0.0	299.0163983647697	441.9291384921848	0.0	324.21179824134185	455.9098080541471	0.0	323.6225956779693	449.55194501116455	0.0	290.61652743073716	452.18417444217243	0.0	281.4388340022971	217.3300086774275	0.0	291.42432780659936	174.28054726290833	0.0	304.4127019860707	195.31489371795607	0.0	274.5838933357814	230.22494009054049	0.0	279.6892423469549	284.41721289300017	0.0	315.21715402002087	292.2559340179238	0.0	289.39034391779495	231.87161420723183	0.0	288.322561532905	280.28917987011056	0.0	309.411855014019	278.73777614402195	0.0
179	3.0338983050847457	258.77424714552666	313.4912016062058	0.0	246.4295928776464	313.62158631556775	0.0	286.42619072581556	378.38960265854183	0.0	232.92891536321775	409.9454019040394	0.0	244.90285605147	441.8488047223856	0.0	236.32418860045902	440.08989081615164	0.0	221.67199849981034	406.6125967362002	0.0	271.5271809155764	310.05996754265726	0.0	307.4889367145897	368.73035722467046	0.0	298.8025965293273	441.91892350612454	0.0	322.84879527253753	454.4325783737977	0.0	323.35566139477436	449.55636159294716	0.0	290.50322557565397	452.2482973855006	0.0	281.9600167631061	215.35153986890964	0.0	292.2423009893895	172.40024251795322	0.0	305.80195175723867	192.237139118207	0.0	273.67090130678156	228.55312349477708	0.0	278.5670178601436	282.6089980833748	0.0	314.57940622965083	292.42112758319365	0.0	290.43825046007964	231.01167615808765	0.0	290.21363686698874	280.7136848699681	0.0	309.88689235198535	277.5908386514302	0.0
180	3.0508474576271185	256.8386678193861	313.3401067049367	0.0	245.14533930658237	318.70831549257565	0.0	288.4340220203808	373.59764944919107	0.0	236.9788872993016	408.9220087157273	0.0	252.7972248573778	440.7614510384162	0.0	244.08915109142964	439.2703961762904	0.0	223.9951948676036	408.1375593509278	0.0	269.41280137197367	314.5966994602423	0.0	304.53714713824166	369.590651990375	0.0	298.11794817156147	442.1319821102783	0.0	323.7447792087805	452.7223658310145	0.0	323.5386084221755	449.4727495007373	0.0	290.32886443394034	452.19648587628427	0.0	282.1864575760858	211.07327785687542	0.0	286.31091189391833	170.23205025914086	0.0	304.8397700203077	189.80793223417638	0.0	272.91806445853797	229.29279501305993	0.0	277.00505004969705	280.3031660570697	0.0	312.88466230716665	291.96545808000593	0.0	290.14930845990284	229.61653114145665	0.0	288.7751170113738	273.1751627662279	0.0	310.70315409025005	271.3452591119958	0.0
181	3.0677966101694913	258.9909943350029	311.5261592256465	0.0	247.94047876209964	313.4136062679114	0.0	295.60812266286007	370.25282074098504	0.0	242.95379187803246	408.6006357060297	0.0	260.9227007036403	440.4777325820827	0.0	251.44394289425387	438.7566025181552	0.0	230.0087781221815	409.3891719747413	0.0	272.6350611623134	309.80852418344165	0.0	307.72051373415314	369.5444005211114	0.0	298.56822137327754	442.16474088741825	0.0	324.55162435428474	453.31771768256084	0.0	323.4479029127195	449.7572168590792	0.0	290.3595290185482	451.89545155184214	0.0	281.4079958213337	211.1403838235436	0.0	286.5320235361604	167.61996457109578	0.0	304.5330277976885	188.02185468402797	0.0	271.540541198829	226.12759839067857	0.0	276.32827485116997	279.2808527090293	0.0	313.1082730915483	292.0998922190572	0.0	292.0499795712816	227.06272814264378	0.0	298.1328573531678	272.16944950743334	0.0	313.194836087506	276.7406782640312	0.0
182	3.084745762711864	259.13125590563914	308.47151839309237	0.0	249.26135266206538	311.70193697598125	0.0	299.0425195595205	363.8693789653264	0.0	250.0956287662504	409.68965341748	0.0	269.2460520023906	441.18009475487185	0.0	259.6109006041812	439.4134662436972	0.0	236.89867971463508	411.4025154542468	0.0	272.5605385300671	308.9659036488231	0.0	304.2937510164511	368.14921223860966	0.0	298.50622846605415	442.24641032866936	0.0	325.2235369624198	450.92663737686735	0.0	322.8687591862003	449.6267983015001	0.0	291.2565097253977	453.16610887835304	0.0	280.76976507482397	206.994472599894	0.0	284.8393492749002	166.3698866933069	0.0	303.3305655433545	184.24736844139753	0.0	269.5215231578347	223.4397597282922	0.0	274.5271086484745	275.9515823336389	0.0	311.42888407696665	291.75138504772076	0.0	294.53484918493467	224.35210447230173	0.0	302.52664096281626	265.59502392226284	0.0	313.9343114075802	276.37073509693107	0.0
183	3.1016949152542375	260.45968157559616	305.8089209766213	0.0	250.3243923009929	307.1580078928517	0.0	300.27177942431564	360.9733087296364	0.0	253.1755872889391	411.4879063362525	0.0	272.4705465268381	442.02880474666074	0.0	262.84522118474194	440.2894891317947	0.0	239.1848457089119	414.7163883681901	0.0	273.93293188022966	305.35921048424586	0.0	303.58893306055677	366.7582398839745	0.0	299.24005413572013	442.8907437582171	0.0	325.4096427665859	450.75273480923306	0.0	323.7565172602086	448.48918666650513	0.0	291.586516721202	452.57465232257596	0.0	280.95768742275567	206.45557127743356	0.0	285.47177010788494	163.06045173065283	0.0	301.7978070260854	184.36686681847647	0.0	267.9411528850817	221.67514119344338	0.0	271.89300485530663	274.04228696671555	0.0	311.4864924732845	291.86778180009935	0.0	294.97224869530334	221.81622682491815	0.0	304.85273292498135	263.22034868400453	0.0	314.65797369254693	272.39538358757915	0.0
184	3.1186440677966103	259.62295690714257	304.7387426751304	0.0	250.13908145101792	309.2287341716927	0.0	300.14495853652613	358.99850202446714	0.0	255.35107570973463	413.87587899242266	0.0	276.84469503465573	442.01255132741124	0.0	267.81007804189977	440.42724820292125	0.0	241.77682248899032	417.3226942876813	0.0	273.3959937993161	307.1003957589503	0.0	300.95579409299904	365.3412668482006	0.0	298.7591670250795	442.6093674787129	0.0	323.3437026668165	450.99069382435266	0.0	322.984138382088	448.5939446288298	0.0	291.650586975494	451.75115109455766	0.0	280.60894098683303	203.46259168199157	0.0	286.2420322709615	162.73028142346394	0.0	302.529681197418	179.6890427365871	0.0	266.40016002982213	221.686771018471	0.0	270.77719449755097	272.05832213500446	0.0	308.9151635859213	290.59409521514	0.0	294.22735821255884	222.40752195477995	0.0	307.96981509668944	265.5219186070947	0.0	317.2842149627771	269.19493485222023	0.0
185	3.135593220338983	262.063697952753	301.02797218208246	0.0	251.50317614543874	301.3890775218988	0.0	301.78697418390993	356.74666420748287	0.0	258.0607346379645	414.66322590074856	0.0	279.04182326265266	443.6105881951874	0.0	269.3794543305371	441.8190117518844	0.0	243.85915289724971	418.6077883906756	0.0	276.13098924637177	301.30252640438357	0.0	301.63822570141167	363.20194055787374	0.0	299.4402470735719	442.6825277582536	0.0	323.83087360367745	451.35227432296233	0.0	325.44385298303587	448.8478419092102	0.0	293.6122574973032	452.3511073342886	0.0	280.58318979656616	203.1895066437237	0.0	286.66518844171793	160.18033762852494	0.0	300.85272224179135	180.27132868457056	0.0	265.60629365931885	217.5910784060678	0.0	269.2719661438926	270.28400319604015	0.0	310.2505168955829	291.6981249315535	0.0	296.3141635327244	218.41163584974848	0.0	306.1527354060738	262.32066277944983	0.0	320.12522805758476	276.65810915855434	0.0
186	3.152542372881356	262.1223409557708	298.2155333771161	0.0	251.51917169253284	299.1078476612751	0.0	302.39647363532686	357.08079495509486	0.0	260.91989721647127	416.54469265724197	0.0	282.2016424912096	445.1391807395278	0.0	273.26184698512714	443.2904013820697	0.0	246.52283836270513	420.4308486449272	0.0	276.44319470627806	298.2984694054728	0.0	300.59654148683387	362.4470305628766	0.0	300.76794851335325	441.73911801894917	0.0	323.8771500391706	450.99413640413024	0.0	325.4423643339017	448.30501017514115	0.0	295.54808670415827	451.57746360815554	0.0	280.1722015744567	201.83527882620842	0.0	286.95440687226784	158.99926676777335	0.0	299.6894296274179	179.4545723626932	0.0	264.90298728423636	216.92788081747454	0.0	268.39888936672526	269.5565021882599	0.0	308.93670893362304	291.1468097455991	0.0	295.33159346825244	216.16093379593886	0.0	304.19793623274546	260.443098617601	0.0	320.20172655871596	276.18529523228807	0.0
187	3.169491525423729	261.99971383827193	296.44663889096836	0.0	251.2165020044505	297.44067903880426	0.0	301.9322911610036	356.3969106676949	0.0	263.39090263707163	417.9006803335156	0.0	287.0108361788778	446.4274809386636	0.0	278.79168617826895	444.65533581291527	0.0	249.63527495285095	424.60321772634745	0.0	276.0251682443836	296.49348042740183	0.0	299.2681179000466	361.93973150192085	0.0	301.87402828446324	439.6873596528695	0.0	324.09626440107814	450.9654222280474	0.0	323.6653260301309	448.151938983449	0.0	297.45399728317875	449.467941672925	0.0	279.70127139837837	199.7546011868142	0.0	286.22990097528793	157.12974628131542	0.0	298.6787320502265	177.3731661871694	0.0	264.3514933415147	214.3458974678083	0.0	267.25054467712386	266.95676859045926	0.0	307.46747959465597	290.30991638720366	0.0	294.7503336336244	213.4826612970713	0.0	301.94046059046906	257.0905591754975	0.0	318.822359793642	276.17979250692497	0.0
188	3.1864406779661016	262.1736418917425	295.5838868768271	0.0	251.76142497971986	296.9424376106296	0.0	300.39911997358314	356.2729405432244	0.0	265.3355707661412	423.23115070462114	0.0	289.93111043306584	448.9770390434424	0.0	280.27929952213907	447.8679075068889	0.0	252.03602088929887	428.3450532538119	0.0	275.57875835984464	295.54932110094336	0.0	297.626299350227	362.0833254261413	0.0	301.312530041115	438.4474736536763	0.0	322.1122113846677	450.83425724529553	0.0	324.4643622853575	447.16612670229557	0.0	297.506608945967	447.9827362304323	0.0	278.84336152636746	195.61433357861998	0.0	285.331877769575	155.58527992073357	0.0	297.6714460944047	173.56704661773426	0.0	263.71675478243964	212.70982940490862	0.0	266.8848347794636	264.67561283356224	0.0	305.0093732603317	289.3277381827882	0.0	292.2221887222455	211.88606217226334	0.0	298.42687575515737	255.91211087055132	0.0	314.62670419020554	277.50028239539864	0.0
189	3.2033898305084745	262.69744894139376	294.2210384066453	0.0	252.6791788607846	294.35233636696375	0.0	299.1942838086823	357.4245149725908	0.0	266.3571871442524	425.59081451355377	0.0	291.90512141478234	451.3327834416415	0.0	285.4596317631962	449.9936266604943	0.0	253.7246453114133	432.70866897573654	0.0	276.591893060309	293.4171556338634	0.0	298.2505162900755	361.8728327829551	0.0	302.04552652810014	437.75941685285375	0.0	323.5229317169545	451.02753800346625	0.0	324.59154832930074	447.162839224301	0.0	297.58092634555385	446.7534193062885	0.0	278.4494899278077	195.83519762880687	0.0	285.60021895719626	153.64341705025967	0.0	297.5500377288251	174.14034431133794	0.0	263.22447414179464	210.31238615287089	0.0	266.6847102370049	263.5626613792286	0.0	303.2254377178034	289.6662958799245	0.0	291.2187521194796	208.66472993107325	0.0	297.4134562305924	256.46544195621055	0.0	314.5591865029425	276.71600337794143	0.0
190	3.2203389830508473	263.0744361352184	294.0843886469257	0.0	254.03639438432373	294.31306840554555	0.0	296.63920336576274	360.28776581552387	0.0	267.7209867769734	430.0909255552549	0.0	296.6844045686391	452.93635018455757	0.0	289.93403571141465	452.9437107858339	0.0	256.0974818021032	437.3955708094344	0.0	275.93670334043117	293.33082017561526	0.0	297.4707103469579	362.23660512915643	0.0	302.93305595872766	437.2748704397618	0.0	323.82666093641615	451.57435981124183	0.0	325.5933949061687	447.13378658636987	0.0	298.3990110347808	446.24392560090087	0.0	277.929058126997	194.3813179578843	0.0	286.1033286024212	151.76892863909148	0.0	297.5781931314473	172.51041330488107	0.0	262.94644309219626	207.96338503214065	0.0	265.9324613236412	263.041756014189	0.0	302.10877889584776	290.28433143521204	0.0	289.63867941678757	207.11315606595193	0.0	294.58980154629165	256.93271564198324	0.0	313.836040800041	275.7473867196109	0.0
191	3.23728813559322	263.0892109856259	294.0112792036554	0.0	254.43212924570642	294.7977267450043	0.0	294.2988005234058	362.34576793089286	0.0	268.35375070560804	434.84690316219985	0.0	298.3026271688295	453.7070666192071	0.0	293.1489406301872	455.12895417063237	0.0	256.8947060113171	442.22349829835	0.0	276.2657933573049	293.66636884364954	0.0	295.5341314344361	362.81824107996937	0.0	302.85919228259473	437.84396631874574	0.0	323.84043782699445	451.4388646572985	0.0	325.60583586937656	446.55786860471795	0.0	298.158040530821	445.51490695383825	0.0	277.23841021573577	193.6371936066982	0.0	285.83902335646303	150.7625605677007	0.0	297.68751632694733	171.35929631261467	0.0	262.6336793364695	206.85903686017605	0.0	265.81365404336816	261.1217612171016	0.0	299.39277538782665	290.3542882508945	0.0	288.9590416857828	206.5624348994015	0.0	293.6359570955157	257.0804123204695	0.0	311.53289044467846	278.19782949434966	0.0
192	3.2542372881355934	262.8307569733515	294.0143585041428	0.0	256.2517309340605	294.590337807569	0.0	289.94719030069984	365.36773113317616	0.0	266.0453501202768	439.88788095667525	0.0	297.08537975449235	453.9169490906173	0.0	289.2863303497133	456.13778011191255	0.0	254.00665894296787	447.8727015552947	0.0	277.50806490506045	292.66689284351315	0.0	293.61995163141717	364.6756569383769	0.0	304.50204095260625	438.61821595327945	0.0	323.86603551151086	452.2691174849755	0.0	324.67379418941397	445.8693406474722	0.0	298.3537582268304	446.3356360883561	0.0	276.52590402865127	191.79062724943532	0.0	285.81391821125294	150.50733760386026	0.0	295.87934633020717	169.18011058161505	0.0	262.00285145148365	207.0225607960707	0.0	265.33784408554544	261.3531205873967	0.0	299.0847449309041	290.7506283951123	0.0	287.0347288554568	204.95972569797303	0.0	290.9621285626401	256.3801988964077	0.0	309.4257695799584	280.7936156649189	0.0
193	3.2711864406779663	262.4754127656541	294.51304625879436	0.0	257.53361219481076	294.6209445065598	0.0	287.1381185678454	366.37898290978706	0.0	265.10581538257367	442.57607925078463	0.0	299.4753107102092	453.2392513819348	0.0	294.90281675709997	456.52853371703856	0.0	254.47040901190655	448.84657373517473	0.0	274.9970653500144	293.5919849989545	0.0	292.6099113480155	365.50287098683236	0.0	303.67708534782594	438.86045327450483	0.0	324.2333001391796	451.9654000753736	0.0	325.8584351989011	445.978871515633	0.0	298.0445524300745	446.36454693400015	0.0	275.75322957828826	192.2491687722426	0.0	285.69177543682326	149.36151085410097	0.0	296.6843025801208	170.79090020932367	0.0	262.3182759650408	205.53593630657514	0.0	265.06194473536647	260.3915065496642	0.0	297.29152294753754	292.997453519391	0.0	284.8339057841653	204.54147861520008	0.0	289.79420325630934	257.4096450115622	0.0	307.6116298228451	282.4011670043837	0.0
194	3.288135593220339	262.49609665674996	293.8591876685665	0.0	257.1195185076375	293.9038961031115	0.0	285.2926208920093	367.4031671802045	0.0	263.6964685378587	443.580022141267	0.0	298.1446010578493	453.20019240138447	0.0	294.2578543058287	456.19792130533835	0.0	253.25165387454314	450.1360466157888	0.0	274.5798324223816	292.95290530851173	0.0	290.9128881294802	366.61306376339746	0.0	303.68979482824784	438.5066212945194	0.0	326.866867895341	450.86279372224425	0.0	326.13072566796984	445.166467600923	0.0	298.0635721511103	445.98715567129994	0.0	274.7251511924907	191.60386610852535	0.0	284.43427097800225	147.52895520355594	0.0	296.26756555466505	170.70994389199853	0.0	262.2285449248061	205.43437917742216	0.0	264.2227079051885	260.0109707739402	0.0	297.0401180894371	296.3951688221403	0.0	282.44111948691994	204.50482117813254	0.0	287.72884570125404	257.30423207803744	0.0	303.89140088511454	288.6581693096609	0.0
195	3.305084745762712	262.5807952967118	293.6994610563112	0.0	257.6124247592482	293.8505162933117	0.0	283.44803668095693	367.8535803437089	0.0	262.00028263767166	443.04667837226697	0.0	293.9451221519802	453.100282559343	0.0	287.9388291097064	456.3120389616991	0.0	252.75306647457012	451.20257253505036	0.0	273.91798007450984	292.8561194630442	0.0	288.9354523075911	366.7539113932757	0.0	303.60767129307646	438.26205646387024	0.0	326.19553087411606	450.22859966873585	0.0	325.3612653006948	444.39299065739056	0.0	297.9874382885196	446.00572025170464	0.0	273.68920416709767	191.19411796508632	0.0	283.3162473298984	146.78063199114496	0.0	295.8702219907337	169.4243235183003	0.0	262.553388276827	203.9766878122133	0.0	263.91670471378586	259.4481614019446	0.0	295.28971447967757	298.88804697273787	0.0	279.53539628142386	202.87582197913073	0.0	283.59880537691726	257.4488203447871	0.0	299.53238662440435	290.23123843931535	0.0
196	3.3220338983050848	263.0211111590034	293.4728724486095	0.0	257.69610476673444	292.46735935017074	0.0	280.3451077002985	368.90736588550124	0.0	261.33384965510936	443.0279696244777	0.0	292.8289067017041	452.29258982130455	0.0	286.7464789328748	456.521723467897	0.0	252.32444201768266	451.9280982513868	0.0	274.8054274408289	291.0467521298988	0.0	287.80510350051804	366.93007484004954	0.0	300.8236704610458	437.41196237843195	0.0	321.9997400241379	449.0569901226025	0.0	322.9536588029806	442.2523953032248	0.0	295.860802034324	444.63767144618475	0.0	272.7275921700205	188.65972587023225	0.0	282.83098125341326	147.83251664300883	0.0	293.17694306796864	167.11083684513608	0.0	262.10349819742214	203.82421363647742	0.0	263.66318033353923	259.21189017662465	0.0	292.58369987210654	299.9210125537322	0.0	277.5747767792286	201.752093164965	0.0	284.0109220688253	256.95879991059604	0.0	299.9904554736439	290.12837215340767	0.0
197	3.3389830508474576	262.6738151019668	293.36559855563775	0.0	257.69001631758056	293.25248762892767	0.0	279.00620485603685	367.3741544796891	0.0	262.0183397978043	442.5713807644488	0.0	298.29055047511565	452.4048478842919	0.0	293.26876195060083	454.8711299947463	0.0	252.62028905243506	450.26384597800666	0.0	273.5723756615376	292.12551028189387	0.0	286.66522553459055	366.18094058379756	0.0	298.43767270073937	434.642434929857	0.0	321.43215264981916	447.27630047944183	0.0	320.50367490054714	441.8298604688879	0.0	292.89934724731137	443.37969056101986	0.0	271.4492805636764	189.55631719835282	0.0	280.87677358589	144.53765261495096	0.0	293.6464817025194	168.61220799618235	0.0	261.9023713637582	203.07589755911806	0.0	263.3986097699358	257.84635267075817	0.0	289.3472987553674	300.6220814164362	0.0	275.3229108279928	202.04330717138782	0.0	279.9850330959822	255.89287597883805	0.0	295.80754321447756	291.08297731073617	0.0
198	3.3559322033898304	262.0359482533205	292.8853901410252	0.0	256.8791002991023	292.76050606683225	0.0	278.3125835308241	365.7897837057434	0.0	262.238115372495	440.2923898143671	0.0	297.76490054822216	451.4077654692551	0.0	291.10976408287365	454.5538610963989	0.0	252.89699891504551	449.90138272638296	0.0	273.44408347781285	291.15034858165757	0.0	286.58769654333474	364.9455790817952	0.0	294.5414899241938	433.638007945799	0.0	319.9670172656858	446.5046686617588	0.0	318.1346838405054	440.82007358658166	0.0	290.1002418693117	442.8256649246931	0.0	270.6248557396259	188.75931857707027	0.0	279.37815240033234	143.65387508116237	0.0	292.4242236448357	167.8240754212373	0.0	261.7129106974386	202.87505788884906	0.0	263.8387348406202	257.7304817572019	0.0	286.84258949694714	301.79437409179104	0.0	274.45455284411827	201.8392993812115	0.0	278.7742002271046	255.1480306225337	0.0	292.7231065507724	289.64603056406247	0.0
199	3.3728813559322033	261.35994009115285	292.3786253589403	0.0	257.0491394476177	291.6659130753186	0.0	277.5598017146562	364.5139993707631	0.0	262.1406680716218	440.4800739664232	0.0	299.18412186439457	450.8158490530218	0.0	291.92996286622105	455.11289992233935	0.0	253.0255506370549	450.76097577430744	0.0	271.5754266968779	290.6360574908429	0.0	284.9955764217679	362.1698068685784	0.0	289.28288720554025	433.82830321579036	0.0	314.1540003268645	446.0929631553448	0.0	313.20054840211253	440.19105480174505	0.0	285.41821880583126	442.49624449082944	0.0	268.918635565664	187.7953433291862	0.0	278.5556858082533	143.77537880223204	0.0	290.4499736140304	166.5859067673423	0.0	262.0085300329264	201.6298649580293	0.0	263.7187504040098	256.0197879942816	0.0	283.926867482929	301.4272544309366	0.0	271.12388827845416	199.73844836957645	0.0	276.597820018339	254.17625151404724	0.0	292.1332141866874	288.3459487202	0.0
200	3.389830508474576	261.19054294015694	292.60477730013775	0.0	258.3428670323909	290.5050650004579	0.0	277.40253762563316	364.3335459920245	0.0	261.82426815417614	440.95483114826504	0.0	299.2484605175951	450.31978901384286	0.0	288.94324033918383	456.7122479938754	0.0	253.4924091664898	451.41957471310644	0.0	265.8282561471632	289.06468619500936	0.0	283.9438721362043	362.3652777584453	0.0	286.4465573292655	434.67495216422526	0.0	308.95506924164624	447.29671353200473	0.0	312.3647468621474	440.6945460031697	0.0	280.65790124899	443.9540480093433	0.0	267.98343095874236	184.53350060875633	0.0	278.51512944413287	144.70190758796141	0.0	288.7072456225977	163.35852898427646	0.0	262.701910708293	199.5738713817375	0.0	264.04529924588917	254.95159742873102	0.0	280.89392634859155	301.0386685261002	0.0	261.443928477033	197.07732694904004	0.0	275.9207130265252	253.20670404199385	0.0	290.11205121467356	287.45600764390247	0.0
201	3.406779661016949	261.11496211827534	291.0851196680419	0.0	259.0809897140382	290.4679074293014	0.0	276.0059144341368	363.5413168911174	0.0	264.6177114986591	440.03658581036336	0.0	298.09037728600356	450.18790874407904	0.0	291.98889902891426	454.60329189031813	0.0	255.3609935706134	449.3331736228115	0.0	266.81352311382864	289.08649120905363	0.0	282.6373353744982	360.74952455209433	0.0	280.3533693199779	434.3318042374388	0.0	302.2397799720713	447.4975149886368	0.0	301.52313133419824	441.6474228121579	0.0	279.02184474174607	444.14704564770227	0.0	266.43819812458366	185.03608211953662	0.0	275.95357866535767	141.43640632863708	0.0	288.84541163065717	164.92829405029465	0.0	262.570803201474	198.96659811356258	0.0	263.9621135243953	253.0277716583816	0.0	278.3191580226072	301.5027601406813	0.0	262.00297273166194	197.36358324726567	0.0	273.4613420132579	249.3816790641793	0.0	287.55576038569905	288.73993419547526	0.0
202	3.4237288135593222	261.2062234079484	291.33000233386826	0.0	259.31619861392716	290.46290871043675	0.0	275.6917689783905	363.75623316134863	0.0	263.4051825140354	440.95687318018855	0.0	292.6242228252621	450.4888850426162	0.0	285.9803580981087	454.568783963791	0.0	254.7175897500484	449.6698386548386	0.0	264.6494496994359	288.6600732478854	0.0	282.3487181260524	360.9433184178153	0.0	274.9692787377313	435.0957730633846	0.0	295.04635343950633	449.0809644781326	0.0	294.08791520132525	444.0923114303489	0.0	270.3840520984576	444.4245897213492	0.0	266.13045429201435	185.46382917225446	0.0	276.4285631242548	141.63012820237117	0.0	288.14822405846525	165.4139859722378	0.0	262.4180221449799	198.90972128070277	0.0	264.06488849969844	252.39979088723845	0.0	275.77056828960013	302.61434309225785	0.0	260.4578284218265	196.1775658242263	0.0	278.5354926470455	248.609521017306	0.0	289.6692737001003	289.3281923324714	0.0
