frame,frame_idx,time,timestamp_sec,pose_source,nose_x,nose_y,nose_conf,left_shoulder_x,left_shoulder_y,left_shoulder_conf,right_shoulder_x,right_shoulder_y,right_shoulder_conf,left_elbow_x,left_elbow_y,left_elbow_conf,right_elbow_x,right_elbow_y,right_elbow_conf,left_wrist_x,left_wrist_y,left_wrist_conf,right_wrist_x,right_wrist_y,right_wrist_conf,left_hip_x,left_hip_y,left_hip_conf,right_hip_x,right_hip_y,right_hip_conf,left_knee_x,left_knee_y,left_knee_conf,right_knee_x,right_knee_y,right_knee_conf,left_ankle_x,left_ankle_y,left_ankle_conf,right_ankle_x,right_ankle_y,right_ankle_conf,left_big_toe_x,left_big_toe_y,left_big_toe_conf,left_small_toe_x,left_small_toe_y,left_small_toe_conf,left_heel_x,left_heel_y,left_heel_conf,right_big_toe_x,right_big_toe_y,right_big_toe_conf,right_small_toe_x,right_small_toe_y,right_small_toe_conf,right_heel_x,right_heel_y,right_heel_conf,sports2d_core_valid_ratio,timestamp,nose_x_clean,nose_y_clean,nose_invalid,left_shoulder_x_clean,left_shoulder_y_clean,left_shoulder_invalid,right_shoulder_x_clean,right_shoulder_y_clean,right_shoulder_invalid,left_elbow_x_clean,left_elbow_y_clean,left_elbow_invalid,right_elbow_x_clean,right_elbow_y_clean,right_elbow_invalid,left_wrist_x_clean,left_wrist_y_clean,left_wrist_invalid,right_wrist_x_clean,right_wrist_y_clean,right_wrist_invalid,left_hip_x_clean,left_hip_y_clean,left_hip_invalid,right_hip_x_clean,right_hip_y_clean,right_hip_invalid,left_knee_x_clean,left_knee_y_clean,left_knee_invalid,right_knee_x_clean,right_knee_y_clean,right_knee_invalid,left_ankle_x_clean,left_ankle_y_clean,left_ankle_invalid,right_ankle_x_clean,right_ankle_y_clean,right_ankle_invalid,sports2d_stage2_prepared,throwing_elbow_angle,left_knee_angle,right_knee_angle
0,0,0.0,0.0,Sports2D_HALPE26_postprocessed,189.6674999405806,166.94613812158298,1.0,137.70024442233745,186.93105906670263,1.0,174.66954095572882,194.9548813943749,1.0,154.24864718869142,229.92330192862923,1.0,195.6668281475475,241.93507491664664,1.0,181.8603351199484,206.9283163268003,1.0,199.6647936028518,206.92797247128908,1.0,117.6715769120288,281.9308149834208,1.0,143.67598751510698,284.93925436904266,1.0,135.6770780001413,366.9064888407267,1.0,165.670061768805,367.01123534482247,1.0,106.6656991616492,439.897966641664,1.0,172.66835119637483,452.0509868747747,1.0,136.62699303973116,465.0954910628441,1.0,128.62963921702084,461.9977238074644,1.0,95.65724799571666,450.8965250576039,1.0,200.69443058944032,465.8928605606874,1.0,197.6856842056788,469.83022929892417,1.0,165.6685670878347,463.83722299165805,1.0,1.0,0.0,189.6674999405806,166.94613812158298,False,137.70024442233745,186.93105906670263,False,174.66954095572882,194.9548813943749,False,154.24864718869142,229.92330192862923,False,195.6668281475475,241.93507491664664,False,181.8603351199484,206.9283163268003,False,199.6647936028518,206.92797247128908,False,117.6715769120288,281.9308149834208,False,143.67598751510698,284.93925436904266,False,135.6770780001413,366.9064888407267,False,165.670061768805,367.01123534482247,False,106.6656991616492,439.897966641664,False,172.66835119637483,452.0509868747747,False,True,30.59694016340554,146.36057379417085,169.70259313904998
1,1,0.0169491525423728,0.0169491525423728,Sports2D_HALPE26_postprocessed,189.65234954917688,167.03307136261688,1.0,137.7134579137007,186.9550445983633,1.0,174.62358744749451,195.07470948010047,1.0,154.53509529070152,229.96144034045497,1.0,195.61232485541268,242.1016887653629,1.0,182.3647142199839,207.04824702809685,1.0,199.6218979778234,207.06666712404635,1.0,117.60802354577214,282.0035148675872,1.0,143.6558112252264,285.0212366133927,1.0,135.65070074505465,366.9537040934528,1.0,165.64395260581077,367.0959889418094,1.0,106.5282577484769,440.0317169822348,1.0,172.64968101588033,452.16647904369415,1.0,136.3471726085761,465.2792807770125,1.0,128.42436598434375,462.20275431754953,1.0,95.48854795963848,451.0348996317774,1.0,200.7586312303551,465.9119070114081,1.0,197.7436500252754,469.7404720798325,1.0,165.64674179487366,463.7866109454511,1.0,1.0,0.0169491525423728,189.65234954917688,167.03307136261688,False,137.7134579137007,186.9550445983633,False,174.62358744749451,195.07470948010047,False,154.53509529070152,229.96144034045497,False,195.61232485541268,242.1016887653629,False,182.3647142199839,207.04824702809685,False,199.6218979778234,207.06666712404635,False,117.60802354577214,282.0035148675872,False,143.6558112252264,285.0212366133927,False,135.65070074505465,366.9537040934528,False,165.64395260581077,367.0959889418094,False,106.5282577484769,440.0317169822348,False,172.64968101588033,452.16647904369415,False,True,30.580607116518543,146.28120211909072,169.7102253843656
2,2,0.0338983050847457,0.0338983050847457,Sports2D_HALPE26_postprocessed,189.5364613682506,167.58003924554825,1.0,137.734303096813,187.08179510039392,1.0,173.8031254435877,195.68379991162,1.0,155.57097524013224,230.28244603770864,1.0,194.0606010708404,243.81919210248503,1.0,183.8985934472255,209.487547632099,1.0,199.00624216638107,210.47143865073653,1.0,117.12408182732146,282.33697837682814,1.0,143.38335934484567,285.33467894496107,1.0,135.2474417134021,367.2062801636112,1.0,165.42934552277325,367.2894724671294,1.0,105.2658852921134,441.4104155978403,1.0,172.54574334597692,452.2913425425424,1.0,134.49579450132228,465.47474643443365,1.0,127.3543156462586,462.6997303290357,1.0,94.24924766870711,452.4712568704461,1.0,201.0075244475613,465.9593926246696,1.0,198.02876000665952,469.4763604611173,1.0,165.5288717119665,463.67404291426647,1.0,1.0,0.0338983050847457,189.5364613682506,167.58003924554825,False,137.734303096813,187.08179510039392,False,173.8031254435877,195.68379991162,False,155.57097524013224,230.28244603770864,False,194.0606010708404,243.81919210248503,False,183.8985934472255,209.487547632099,False,199.00624216638107,210.47143865073653,False,117.12408182732146,282.33697837682814,False,143.38335934484567,285.33467894496107,False,135.2474417134021,367.2062801636112,False,165.42934552277325,367.2894724671294,False,105.2658852921134,441.4104155978403,False,172.54574334597692,452.2913425425424,False,True,31.25925126176283,145.94510481365964,169.72941555605803
3,3,0.0508474576271186,0.0508474576271186,Sports2D_HALPE26_postprocessed,189.1572069104812,167.84911645600206,1.0,137.65689143645898,187.4986081706384,1.0,172.91491738546418,195.7210770077581,1.0,155.63892065123713,231.39828998476136,1.0,192.1128287066076,243.9293443527237,1.0,184.62454590078863,209.138895159884,1.0,199.2703742942179,210.8839181208025,1.0,115.9010457217496,282.2314495205716,1.0,142.85944428575274,285.2109331082249,1.0,133.0968673535898,367.7015980150878,1.0,164.82522658499894,367.5674861461424,1.0,103.74278838383916,442.9436770004714,1.0,172.60115799952877,452.6317798793326,1.0,133.4271827989935,466.00370199710426,1.0,126.56826493515564,463.3489411812052,1.0,93.4009971614948,453.96779659820425,1.0,200.5348278599763,466.0140673531545,1.0,197.5502687045774,469.5765724181047,1.0,165.62029286839154,463.9914304161507,1.0,1.0,0.0508474576271186,189.1572069104812,167.84911645600206,False,137.65689143645898,187.4986081706384,False,172.91491738546418,195.7210770077581,False,155.63892065123713,231.39828998476136,False,192.1128287066076,243.9293443527237,False,184.62454590078863,209.138895159884,False,199.2703742942179,210.8839181208025,False,115.9010457217496,282.2314495205716,False,142.85944428575274,285.2109331082249,False,133.0968673535898,367.7015980150878,False,164.82522658499894,367.5674861461424,False,103.74278838383916,442.9436770004714,False,172.60115799952877,452.6317798793326,False,True,33.93518093495991,147.31229627647028,170.28899100647237
4,4,0.0677966101694915,0.0677966101694915,Sports2D_HALPE26_postprocessed,189.558387024563,169.11442462608642,1.0,137.5493914912388,188.0219686361978,1.0,170.63397204874818,195.8123625675354,1.0,157.91822323423742,232.2429993617309,1.0,189.7321944719004,245.08477564565555,1.0,189.2644108662429,212.90646781912832,1.0,198.8622794387141,215.6862562316752,1.0,114.76916104351167,282.4794814199056,1.0,141.40750361083155,285.3138896687402,1.0,130.57749153351153,367.8609841914967,1.0,163.25684388893373,368.5806488583671,1.0,102.04365107807644,444.4892085850117,1.0,172.61996091925272,453.66318732770577,1.0,132.0430647248134,464.8442330577328,1.0,125.73298978852986,463.0666454042288,1.0,91.4033672900496,455.4737142478744,1.0,200.73374877220053,465.9697206580968,1.0,197.9621993103005,469.4247358531401,1.0,165.83101952314396,464.64085748463935,1.0,1.0,0.0677966101694915,189.558387024563,169.11442462608642,False,137.5493914912388,188.0219686361978,False,170.63397204874818,195.8123625675354,False,157.91822323423742,232.2429993617309,False,189.7321944719004,245.08477564565555,False,189.2644108662429,212.90646781912832,False,198.8622794387141,215.6862562316752,False,114.76916104351167,282.4794814199056,False,141.40750361083155,285.3138896687402,False,130.57749153351153,367.8609841914967,False,163.25684388893373,368.5806488583671,False,102.04365107807644,444.4892085850117,False,172.61996091925272,453.66318732770577,False,True,38.439416267210454,149.08682531450307,171.57694969029313
5,5,0.0847457627118644,0.0847457627118644,Sports2D_HALPE26_postprocessed,189.2587913231828,170.48991463790946,1.0,137.30150050484116,187.817199092811,1.0,168.2854581618388,195.73547818722872,1.0,157.36132957420298,231.7437122902898,1.0,186.2920498543848,247.1525262876644,1.0,186.89769067304755,214.48427139097515,1.0,197.4353549641544,222.05631184866908,1.0,114.90290142432492,282.64404902846445,1.0,139.47679407460222,285.7345133723056,1.0,129.10731621466516,368.4098511965459,1.0,163.00697215516493,367.66521211361663,1.0,101.11587097120916,446.1830873238134,1.0,172.35735084825205,452.8223432061919,1.0,132.80108484454294,465.2051255172778,1.0,125.97784149123176,463.4748738506351,1.0,91.12008042198585,457.9914803038992,1.0,200.7820484869405,466.3372515474224,1.0,197.4200082377116,469.9722118633781,1.0,165.89606015389046,464.14587372277504,1.0,1.0,0.0847457627118644,189.2587913231828,170.48991463790946,False,137.30150050484116,187.817199092811,False,168.2854581618388,195.73547818722872,False,157.36132957420298,231.7437122902898,False,186.2920498543848,247.1525262876644,False,186.89769067304755,214.48427139097515,False,197.4353549641544,222.05631184866908,False,114.90290142432492,282.64404902846445,False,139.47679407460222,285.7345133723056,False,129.10731621466516,368.4098511965459,False,163.00697215516493,367.66521211361663,False,101.11587097120916,446.1830873238134,False,172.35735084825205,452.8223432061919,False,True,43.24293151146709,150.8017494794162,170.24219988146788
6,6,0.1016949152542373,0.1016949152542373,Sports2D_HALPE26_postprocessed,188.42208537737696,171.5254926736489,1.0,137.04398620662775,188.3361975135936,1.0,166.2825596213905,196.29164631515857,1.0,157.9423810175645,232.4835280840352,1.0,183.3402229083532,248.67827614826305,1.0,188.73785539535143,220.1649315237833,1.0,196.36005720647697,224.60355176629508,1.0,114.00043763352708,283.8437364437675,1.0,139.002216511958,287.2483835574821,1.0,126.16199065304168,370.25696084436265,1.0,162.22185734441786,367.60874057587984,1.0,100.08215507330928,448.8744478298079,1.0,172.27130776509048,452.4851624990194,1.0,132.8439241111808,465.671078808412,1.0,125.930376147375,463.6458568294301,1.0,90.71814943221358,460.0211392553695,1.0,200.5475019778553,466.2178039133194,1.0,196.6207700950989,469.55859305861736,1.0,165.61711590794852,463.638282154439,1.0,1.0,0.1016949152542373,188.42208537737696,171.5254926736489,False,137.04398620662775,188.3361975135936,False,166.2825596213905,196.29164631515857,False,157.9423810175645,232.4835280840352,False,183.3402229083532,248.67827614826305,False,188.73785539535143,220.1649315237833,False,196.36005720647697,224.60355176629508,False,114.00043763352708,283.8437364437675,False,139.002216511958,287.2483835574821,False,126.16199065304168,370.25696084436265,False,162.22185734441786,367.60874057587984,False,100.08215507330928,448.8744478298079,False,172.27130776509048,452.4851624990194,False,True,46.44075350699771,153.63670030519665,170.63610794731702
7,7,0.1186440677966101,0.1186440677966101,Sports2D_HALPE26_postprocessed,186.72352103393263,172.1082507696624,1.0,136.59533835705463,188.9496923938794,1.0,164.55712843861343,196.83668231245625,1.0,157.82196665960606,233.85355466956645,1.0,180.50621749541864,250.592708004254,1.0,187.6009483194784,221.97423286837503,1.0,194.4061967746725,228.3975122435504,1.0,112.71363930209466,283.16352434342576,1.0,136.8058499513927,286.490962501428,1.0,123.69956512953088,370.1737165645487,1.0,161.47100223331586,367.2159119806569,1.0,99.69870862973224,449.5070050693727,1.0,172.35361899790516,452.38993414915376,1.0,132.34670202212573,465.7936120200185,1.0,125.68436981223252,463.2701314750364,1.0,89.86761673154072,460.71068129065486,1.0,200.3717642792144,466.1900824151974,1.0,196.4752526317405,469.20141340801104,1.0,165.57826900144295,463.5778885900022,1.0,1.0,0.1186440677966101,186.72352103393263,172.1082507696624,False,136.59533835705463,188.9496923938794,False,164.55712843861343,196.83668231245625,False,157.82196665960606,233.85355466956645,False,180.50621749541864,250.592708004254,False,187.6009483194784,221.97423286837503,False,194.4061967746725,228.3975122435504,False,112.71363930209466,283.16352434342576,False,136.8058499513927,286.490962501428,False,123.69956512953088,370.1737165645487,False,161.47100223331586,367.2159119806569,False,99.69870862973224,449.5070050693727,False,172.35361899790516,452.38993414915376,False,True,48.582602905276545,155.97165595325114,170.29088425120162
8,8,0.135593220338983,0.135593220338983,Sports2D_HALPE26_postprocessed,185.85594447144223,172.333414671851,1.0,135.75271098391312,189.95850635078904,1.0,162.6890457305966,197.5718217692028,1.0,159.59015463354518,237.46143486221808,1.0,177.68698173967064,251.89819112709608,1.0,187.4551076019877,227.6719167630316,1.0,190.43564040261555,227.6450311646865,1.0,111.2913842439942,283.17251386304366,1.0,134.57270547801426,286.27745419984967,1.0,121.18331598376352,370.8125257199981,1.0,160.2452301981169,367.2206529455653,1.0,98.88384424796855,450.0958962851639,1.0,172.46739657955513,452.3250591418861,1.0,131.23540305105195,465.12144245776096,1.0,125.44206454286204,462.82216642242537,1.0,89.42616731633039,461.7352505092907,1.0,200.1192098894803,466.0919933307009,1.0,196.85704556289687,468.63857130907513,1.0,165.72388574966732,463.9234369945978,1.0,1.0,0.135593220338983,185.85594447144223,172.333414671851,False,135.75271098391312,189.95850635078904,False,162.6890457305966,197.5718217692028,False,159.59015463354518,237.46143486221808,False,177.68698173967064,251.89819112709608,False,187.4551076019877,227.6719167630316,False,190.43564040261555,227.6450311646865,False,111.2913842439942,283.17251386304366,False,134.57270547801426,286.27745419984967,False,121.18331598376352,370.8125257199981,False,160.2452301981169,367.2206529455653,False,98.88384424796855,450.0958962851639,False,172.46739657955513,452.3250591418861,False,True,43.1619186797236,157.85095388156105,170.5752656849597
9,9,0.1525423728813559,0.1525423728813559,Sports2D_HALPE26_postprocessed,184.30250323652123,172.59651186963896,1.0,136.05023935401337,190.22010181328272,1.0,160.29777066894715,198.13490256226967,1.0,157.52321574417846,236.2672405520996,1.0,175.16282299990064,253.4470059654551,1.0,186.466237243242,224.29542013125192,1.0,189.9544770166043,228.7581262227397,1.0,110.68329538790006,283.4226511102213,1.0,132.6766931468845,286.6892112204037,1.0,119.44225319575484,370.9091306237471,1.0,159.3310532127196,367.2370136098082,1.0,98.6757619939483,450.79036592489416,1.0,172.75073207889358,452.3563462868651,1.0,132.00026466509826,465.390326525995,1.0,125.41855824132408,462.7608967212887,1.0,89.90446176582451,461.5756723823118,1.0,199.91594426623465,466.0112270794471,1.0,196.2539545952978,469.0354863537116,1.0,165.97588623226716,463.93503347887577,1.0,1.0,0.1525423728813559,184.30250323652123,172.59651186963896,False,136.05023935401337,190.22010181328272,False,160.29777066894715,198.13490256226967,False,157.52321574417846,236.2672405520996,False,175.16282299990064,253.4470059654551,False,186.466237243242,224.29542013125192,False,189.9544770166043,228.7581262227397,False,110.68329538790006,283.4226511102213,False,132.6766931468845,286.6892112204037,False,119.44225319575484,370.9091306237471,False,159.3310532127196,367.2370136098082,False,98.6757619939483,450.79036592489416,False,172.75073207889358,452.3563462868651,False,True,45.969485704930996,159.71027251661877,170.64926955793769
10,10,0.1694915254237288,0.1694915254237288,Sports2D_HALPE26_postprocessed,184.3747466625313,172.86748559593494,1.0,135.25633671375542,190.75547447930447,1.0,157.93129206190795,198.9549180129859,1.0,157.1340375970095,238.0944352561497,1.0,172.70625977485264,253.76856657241348,1.0,186.6219752112168,227.6616419094731,1.0,189.58394285252683,230.88833422837533,1.0,110.23617431916064,284.85305786047525,1.0,131.91160803020497,288.3308905073209,1.0,117.01690938438315,371.9989952130511,1.0,158.86147434109012,367.3085791979565,1.0,97.99480550429485,451.1613764970892,1.0,172.73843724929426,452.72229643672176,1.0,131.74475780622168,464.8198684713018,1.0,125.12428424851647,462.4311001002043,1.0,90.08606483693052,461.8791227950917,1.0,199.74740934500736,465.638394075992,1.0,196.43369068858,468.9770719054493,1.0,166.45469075933374,463.6084673853133,1.0,1.0,0.1694915254237288,184.3747466625313,172.86748559593494,False,135.25633671375542,190.75547447930447,False,157.93129206190795,198.9549180129859,False,157.1340375970095,238.0944352561497,False,172.70625977485264,253.76856657241348,False,186.6219752112168,227.6616419094731,False,189.58394285252683,230.88833422837533,False,110.23617431916064,284.85305786047525,False,131.91160803020497,288.3308905073209,False,117.01690938438315,371.9989952130511,False,158.86147434109012,367.3085791979565,False,97.99480550429485,451.1613764970892,False,172.73843724929426,452.72229643672176,False,True,51.49996127018646,162.03927606599416,170.3866965142906
11,11,0.1864406779661017,0.1864406779661017,Sports2D_HALPE26_postprocessed,182.77848000750336,172.54507488635377,1.0,135.0886079827994,190.21962675520385,1.0,156.7793174949826,199.2277601683388,1.0,156.32947954004473,240.4301302576911,1.0,167.73535312910624,253.8856121213116,1.0,187.2390489060972,227.9173471685179,1.0,188.49778474611608,233.41916587730043,1.0,108.59940355358536,284.64460749739305,1.0,130.08458927987272,288.01010287330075,1.0,115.83932762627144,372.1961265551111,1.0,158.65489088958887,366.7966554087509,1.0,97.26119814190788,451.0446037222989,1.0,173.2524801517861,452.65475691131405,1.0,130.99193436888095,464.529944700844,1.0,125.04160107894846,462.220877606284,1.0,89.85063217871455,461.69215304600255,1.0,200.0301297679677,465.4957481920079,1.0,196.46928285433216,468.5763009962436,1.0,166.58873534058932,463.1841762207128,1.0,1.0,0.1864406779661017,182.77848000750336,172.54507488635377,False,135.0886079827994,190.21962675520385,False,156.7793174949826,199.2277601683388,False,156.32947954004473,240.4301302576911,False,167.73535312910624,253.8856121213116,False,187.2390489060972,227.9173471685179,False,188.49778474611608,233.41916587730043,False,108.59940355358536,284.64460749739305,False,130.08458927987272,288.01010287330075,False,115.83932762627144,372.1961265551111,False,158.65489088958887,366.7966554087509,False,97.26119814190788,451.0446037222989,False,173.2524801517861,452.65475691131405,False,True,56.745913827730895,162.01467007020008,169.7170343345429
12,12,0.2033898305084746,0.2033898305084746,Sports2D_HALPE26_postprocessed,182.30265627053777,172.82482925773945,1.0,135.2465607340934,190.47633391321105,1.0,155.0947051148532,200.24075531793048,1.0,155.08654397863668,242.91054503926773,1.0,161.1890580911466,254.4249838035857,1.0,186.55412601406016,233.1127281221728,1.0,185.93486764996825,234.52077001678649,1.0,107.49368815010452,285.845480415064,1.0,128.6362669903047,288.5042387376326,1.0,114.4169057620138,372.22307616893687,1.0,157.82328569491108,366.8150442532315,1.0,96.98137950237684,451.3617801226141,1.0,172.94398395431838,452.5517177566031,1.0,130.49137847830124,464.23207119266056,1.0,124.68605325341198,461.9782865893451,1.0,88.61561311085356,461.7960838277321,1.0,199.89120902454624,465.28599452794055,1.0,196.663175478138,468.0893925652858,1.0,166.25587437291523,463.8168294170532,1.0,1.0,0.2033898305084746,182.30265627053777,172.82482925773945,False,135.2465607340934,190.47633391321105,False,155.0947051148532,200.24075531793048,False,155.08654397863668,242.91054503926773,False,161.1890580911466,254.4249838035857,False,186.55412601406016,233.1127281221728,False,185.93486764996825,234.52077001678649,False,107.49368815010452,285.845480415064,False,128.6362669903047,288.5042387376326,False,114.4169057620138,372.22307616893687,False,157.82328569491108,366.8150442532315,False,96.98137950237684,451.3617801226141,False,172.94398395431838,452.5517177566031,False,True,57.606003486523484,162.99281453566664,169.5611524161311
13,13,0.2203389830508474,0.2203389830508474,Sports2D_HALPE26_postprocessed,180.8771841864786,173.62180999997292,1.0,135.14902311948345,190.61989894727435,1.0,151.994443158026,200.31763525840373,1.0,149.60865775215103,240.7245913746565,1.0,159.82080021868438,254.6875699103834,1.0,182.55184098333464,232.2333630711014,1.0,184.5684254683296,238.16638497104177,1.0,107.54262896282523,285.43161694640224,1.0,126.30686336857804,288.4517938675193,1.0,113.65242176131191,372.0574046576876,1.0,157.84515150202884,366.81952225207954,1.0,96.60482224860776,450.93612854108886,1.0,172.8547625604084,452.1488833621372,1.0,131.4014058768795,464.03471432494166,1.0,124.59686280849188,461.9795892824121,1.0,88.65347723418074,461.9147260859519,1.0,199.6883168475982,465.5573323388497,1.0,195.9623191903032,468.48117109919815,1.0,166.08793401204122,463.1658951861856,1.0,1.0,0.2203389830508474,180.8771841864786,173.62180999997292,False,135.14902311948345,190.61989894727435,False,151.994443158026,200.31763525840373,False,149.60865775215103,240.7245913746565,False,159.82080021868438,254.6875699103834,False,182.55184098333464,232.2333630711014,False,184.5684254683296,238.16638497104177,False,107.54262896282523,285.43161694640224,False,126.30686336857804,288.4517938675193,False,113.65242176131191,372.0574046576876,False,157.84515150202884,366.81952225207954,False,96.60482224860776,450.93612854108886,False,172.8547625604084,452.1488833621372,False,True,64.46470986537041,163.77012861921935,168.05457286286253
14,14,0.2372881355932203,0.2372881355932203,Sports2D_HALPE26_postprocessed,181.11505901455365,173.5728510961913,1.0,135.0735865892118,190.4607312825012,1.0,150.03795901226093,201.02334022416431,1.0,149.07605850733495,239.6020328003764,1.0,157.70941418010403,254.37654318098936,1.0,180.62168437493693,231.120345311948,1.0,182.5108323885717,240.56982862776417,1.0,107.93310170869782,286.7332053494652,1.0,125.27475302128596,288.9465559238352,1.0,112.79739672406848,372.27580235006064,1.0,157.7868945593554,366.9890145370347,1.0,96.5810370543131,450.94437407161206,1.0,172.73597931024568,451.9478902362754,1.0,131.25527754200598,464.2927834544695,1.0,124.86737757002872,462.1183654228396,1.0,88.68426528263487,462.0963728200991,1.0,200.233019606525,465.9880850780727,1.0,196.27252618407303,468.9670760433776,1.0,165.8646256156969,462.6722717371314,1.0,1.0,0.2372881355932203,181.11505901455365,173.5728510961913,False,135.0735865892118,190.4607312825012,False,150.03795901226093,201.02334022416431,False,149.07605850733495,239.6020328003764,False,157.70941418010403,254.37654318098936,False,180.62168437493693,231.120345311948,False,182.5108323885717,240.56982862776417,False,107.93310170869782,286.7332053494652,False,125.27475302128596,288.9465559238352,False,112.79739672406848,372.27580235006064,False,157.7868945593554,366.9890145370347,False,96.5810370543131,450.94437407161206,False,172.73597931024568,451.9478902362754,False,True,69.07799074053486,165.0979073361381,167.3630304881936
15,15,0.2542372881355932,0.2542372881355932,Sports2D_HALPE26_postprocessed,179.71534489467308,173.4161076727745,1.0,134.29573293946976,190.5999795347363,1.0,149.837025707179,201.1064547224898,1.0,143.46626602470064,241.4724348738245,1.0,152.9332360035123,254.5827954679932,1.0,178.85926003553513,235.8925403270542,1.0,181.5749574521679,242.811019502076,1.0,106.25178058667896,285.4856531751407,1.0,124.03965311009355,288.30300019339506,1.0,112.95680588408987,372.3278738858636,1.0,157.69505800102817,366.81011390635575,1.0,96.48133517305806,450.8394512220551,1.0,172.6407051158644,451.2501372839205,1.0,131.13206039057977,464.06900662778224,1.0,124.61981800796734,462.0365017898728,1.0,88.44894853291386,461.83372857391714,1.0,200.33066807041504,465.4547463206844,1.0,195.87880692398977,468.86603866795866,1.0,165.11154963628815,461.5411789301706,1.0,1.0,0.2542372881355932,179.71534489467308,173.4161076727745,False,134.29573293946976,190.5999795347363,False,149.837025707179,201.1064547224898,False,143.46626602470064,241.4724348738245,False,152.9332360035123,254.5827954679932,False,178.85926003553513,235.8925403270542,False,181.5749574521679,242.811019502076,False,106.25178058667896,285.4856531751407,False,124.03965311009355,288.30300019339506,False,112.95680588408987,372.3278738858636,False,157.69505800102817,366.81011390635575,False,96.48133517305806,450.8394512220551,False,172.6407051158644,451.2501372839205,False,True,70.97094034638604,163.73357421967734,166.8327910958615
16,16,0.2711864406779661,0.2711864406779661,Sports2D_HALPE26_postprocessed,178.74433486042855,172.624875571148,1.0,133.56710590736603,191.22283284265288,1.0,148.09985804770247,201.737527599974,1.0,141.29348156403643,242.4929227662119,1.0,148.14574865991747,254.24770999766864,1.0,177.834831156659,237.4158670803415,1.0,178.73303238647986,241.97120027214424,1.0,104.07929556760403,284.9856226796359,1.0,121.8481512515564,287.25128906043625,1.0,112.67587904735456,371.6974180005935,1.0,156.52346761411803,366.05955543820494,1.0,96.4636981953105,450.6019937568348,1.0,170.91627858680357,450.6077940653606,1.0,130.97451182863975,463.9358510027749,1.0,124.91976305704262,461.97641612880926,1.0,88.29833368498407,462.4796062606704,1.0,200.18458402580785,465.11094840665606,1.0,195.7514155199405,468.51144378303576,1.0,163.32633952186063,461.6398446084916,1.0,1.0,0.2711864406779661,178.74433486042855,172.624875571148,False,133.56710590736603,191.22283284265288,False,148.09985804770247,201.737527599974,False,141.29348156403643,242.4929227662119,False,148.14574865991747,254.24770999766864,False,177.834831156659,237.4158670803415,False,178.73303238647986,241.97120027214424,False,104.07929556760403,284.9856226796359,False,121.8481512515564,287.25128906043625,False,112.67587904735456,371.6974180005935,False,156.52346761411803,366.05955543820494,False,96.4636981953105,450.6019937568348,False,170.91627858680357,450.6077940653606,False,True,68.18152456807086,162.72748486430874,165.91166185839944
17,17,0.288135593220339,0.288135593220339,Sports2D_HALPE26_postprocessed,178.50720475670298,173.31454940576776,1.0,134.0446137739275,191.4561697416478,1.0,145.92010923945958,201.4401234673068,1.0,139.3070627990868,241.8974389867132,1.0,143.98935229799037,254.3195181191525,1.0,176.49964800935123,236.87578082463745,1.0,176.5788609103829,244.7326431432136,1.0,105.46207994631564,286.6050738316322,1.0,121.15844928514836,288.1098103602424,1.0,112.56746424430564,371.7579023802455,1.0,155.95357660281118,364.0319322192111,1.0,96.64904061592571,450.70778415974814,1.0,168.96177317527187,448.69900470819584,1.0,131.10934229161518,464.4618197179837,1.0,125.09646742846226,462.5046386613942,1.0,88.4585651237683,462.0740530960357,1.0,199.66094142768773,464.3826633242054,1.0,193.8613881373562,467.6610480625528,1.0,161.04424510993064,459.8328894037726,1.0,1.0,0.288135593220339,178.50720475670298,173.31454940576776,False,134.0446137739275,191.4561697416478,False,145.92010923945958,201.4401234673068,False,139.3070627990868,241.8974389867132,False,143.98935229799037,254.3195181191525,False,176.49964800935123,236.87578082463745,False,176.5788609103829,244.7326431432136,False,105.46207994631564,286.6050738316322,False,121.15844928514836,288.1098103602424,False,112.56746424430564,371.7579023802455,False,155.95357660281118,364.0319322192111,False,96.64904061592571,450.70778415974814,False,168.96177317527187,448.69900470819584,False,True,71.51658670084451,163.8305974627957,164.11259036277167
18,18,0.3050847457627119,0.3050847457627119,Sports2D_HALPE26_postprocessed,178.1717940709978,173.2160597041663,1.0,134.67480863967236,191.90334647666097,1.0,143.22764087321258,201.7349695685087,1.0,139.5812283254918,241.15013609857647,1.0,140.06305622106348,254.1081460566976,1.0,174.15096087619878,237.2711435615089,1.0,174.3185652035324,247.0843452657984,1.0,106.39292234188278,287.73546273684354,1.0,119.5118532153565,288.8462507558861,1.0,112.71390564501246,371.6979345253322,1.0,155.85287982208737,362.6509854352932,1.0,96.67321837612688,450.6997840590946,1.0,166.76385128131022,448.0428681485677,1.0,131.0961032467644,464.47550110049104,1.0,125.11356067266392,462.5722977516293,1.0,88.26440240582474,462.2268167115524,1.0,199.17685966773288,462.64301222111504,1.0,193.19686306621625,466.6686686664318,1.0,158.8614574766961,459.22939222613593,1.0,1.0,0.3050847457627119,178.1717940709978,173.2160597041663,False,134.67480863967236,191.90334647666097,False,143.22764087321258,201.7349695685087,False,139.5812283254918,241.15013609857647,False,140.06305622106348,254.1081460566976,False,174.15096087619878,237.2711435615089,False,174.3185652035324,247.0843452657984,False,106.39292234188278,287.73546273684354,False,119.5118532153565,288.8462507558861,False,112.71390564501246,371.6979345253322,False,155.85287982208737,362.6509854352932,False,96.67321837612688,450.6997840590946,False,166.76385128131022,448.0428681485677,False,True,74.95476940577414,164.21727840403773,161.0661582827985
19,19,0.3220338983050847,0.3220338983050847,Sports2D_HALPE26_postprocessed,176.9664033918628,172.57197257743445,1.0,134.02046095317004,192.0420730034756,1.0,143.34707677552208,201.7309493581795,1.0,142.76695894148497,240.57071637269985,1.0,136.66591336047392,254.24268858898017,1.0,169.54500352268676,239.14614023794505,1.0,170.22114560495945,249.5746550187822,1.0,105.46790757915782,287.6123303830976,1.0,118.7953549504663,289.1891833895225,1.0,112.89747156668416,371.7381626529493,1.0,156.04826917053248,362.2705273270861,1.0,96.57790762848371,450.44966969502246,1.0,164.25029245971686,447.8217336885954,1.0,130.61254466784112,464.0396926161122,1.0,124.78294081843762,462.4717468648767,1.0,88.30116515355483,462.6189515355695,1.0,198.59812073889464,461.4286918150552,1.0,192.61822852175683,465.9264159434953,1.0,156.3771493158867,459.4676826845141,1.0,1.0,0.3220338983050847,176.9664033918628,172.57197257743445,False,134.02046095317004,192.0420730034756,False,143.34707677552208,201.7309493581795,False,142.76695894148497,240.57071637269985,False,136.66591336047392,254.24268858898017,False,169.54500352268676,239.14614023794505,False,170.22114560495945,249.5746550187822,False,105.46790757915782,287.6123303830976,False,118.7953549504663,289.1891833895225,False,112.89747156668416,371.7381626529493,False,156.04826917053248,362.2705273270861,False,96.57790762848371,450.44966969502246,False,164.25029245971686,447.8217336885954,False,True,74.82924459421962,163.23962660971043,158.46633606721477
20,20,0.3389830508474576,0.3389830508474576,Sports2D_HALPE26_postprocessed,176.35293955544498,172.00116729420554,1.0,134.13595538046528,192.8002442085122,1.0,141.3331242736085,201.71027376473108,1.0,140.7643410468412,241.28613847697105,1.0,134.663173307906,254.36913508352265,1.0,169.9944712481502,242.1371076265685,1.0,169.32204785640016,248.4327348324948,1.0,105.90559698762613,288.5605959656568,1.0,117.42581669077288,289.6011765319499,1.0,112.66282889466754,371.8470447214895,1.0,154.83406898553756,362.4355883711664,1.0,96.64653885831532,450.4714009571389,1.0,161.30307158474022,448.39488612708703,1.0,129.39301915488076,463.0553370229206,1.0,124.12928025938209,462.0092047202127,1.0,88.1444998247539,462.5576757575778,1.0,197.1232219460052,461.0119980750647,1.0,191.141208910592,465.7326702105104,1.0,153.7895154338243,460.4549866017072,1.0,1.0,0.3389830508474576,176.35293955544498,172.00116729420554,False,134.13595538046528,192.8002442085122,False,141.3331242736085,201.71027376473108,False,140.7643410468412,241.28613847697105,False,134.663173307906,254.36913508352265,False,169.9944712481502,242.1371076265685,False,169.32204785640016,248.4327348324948,False,105.90559698762613,288.5605959656568,False,117.42581669077288,289.6011765319499,False,112.66282889466754,371.8470447214895,False,154.83406898553756,362.4355883711664,False,96.64653885831532,450.4714009571389,False,161.30307158474022,448.39488612708703,False,True,73.0618086237626,163.84763042288702,157.11842920831742
21,21,0.3559322033898305,0.3559322033898305,Sports2D_HALPE26_postprocessed,176.9970701906259,171.90341162018973,1.0,137.18291286336142,194.1594994800995,1.0,139.34392638407454,201.4293630082313,1.0,140.4736121987897,241.3918638080796,1.0,131.48458560728278,254.0079649936833,1.0,168.58056923936158,242.5813690582665,1.0,166.63449460091852,251.029186375063,1.0,107.36224423337248,289.15649388883566,1.0,116.924447477548,290.1499939471664,1.0,112.97820827360484,371.7499805761872,1.0,154.72769294961552,361.79862299039365,1.0,96.6172960357064,450.4421144733972,1.0,158.7903522605034,448.2932759085736,1.0,129.3593871424372,462.27765940592496,1.0,123.69796115532866,461.94876248837727,1.0,88.37904558660843,462.3585458586317,1.0,196.7928939498628,461.4671514750146,1.0,190.05528045321347,465.53066910646,1.0,151.05704742723228,460.3658399363395,1.0,1.0,0.3559322033898305,176.9970701906259,171.90341162018973,False,137.18291286336142,194.1594994800995,False,139.34392638407454,201.4293630082313,False,140.4736121987897,241.3918638080796,False,131.48458560728278,254.0079649936833,False,168.58056923936158,242.5813690582665,False,166.63449460091852,251.029186375063,False,107.36224423337248,289.15649388883566,False,116.924447477548,290.1499939471664,False,112.97820827360484,371.7499805761872,False,154.72769294961552,361.79862299039365,False,96.6172960357064,450.4421144733972,False,158.7903522605034,448.2932759085736,False,True,76.65453430601048,164.36508488690407,154.8721871186008
22,22,0.3728813559322034,0.3728813559322034,Sports2D_HALPE26_postprocessed,175.97762357745805,171.3483302780752,1.0,137.89663878226733,193.8628608744534,1.0,138.67509127115258,201.21592766327103,1.0,141.80410142427127,241.43907811347248,1.0,129.85032300042982,253.77478140403605,1.0,168.06315476845782,245.16682473457143,1.0,165.13108272417224,251.2317913808521,1.0,107.53950182118076,289.3338611024358,1.0,117.12788342555834,290.3265246014716,1.0,113.18723095676324,372.01847223409175,1.0,153.55257023588638,361.8115285503211,1.0,96.77629311747458,450.4792198515258,1.0,156.23983919714885,448.2115067642388,1.0,128.95437938853723,462.20344258546606,1.0,123.47230287525149,461.8958965797248,1.0,88.46202833397741,462.4838220895599,1.0,195.45306839607213,462.0407894817024,1.0,188.54392508668303,465.92218919254594,1.0,149.40346564251655,460.6035545460784,1.0,1.0,0.3728813559322034,175.97762357745805,171.3483302780752,False,137.89663878226733,193.8628608744534,False,138.67509127115258,201.21592766327103,False,141.80410142427127,241.43907811347248,False,129.85032300042982,253.77478140403605,False,168.06315476845782,245.16682473457143,False,165.13108272417224,251.2317913808521,False,107.53950182118076,289.3338611024358,False,117.12788342555834,290.3265246014716,False,113.18723095676324,372.01847223409175,False,153.55257023588638,361.8115285503211,False,96.77629311747458,450.4792198515258,False,156.23983919714885,448.2115067642388,False,True,76.34611812873355,164.27877381133493,154.78067622298016
23,23,0.3898305084745763,0.3898305084745763,Sports2D_HALPE26_postprocessed,175.46629169680494,171.19470189153878,1.0,142.20734081408682,195.0313637511113,1.0,137.0966093462496,200.7853076106578,1.0,143.70336435985746,241.716374812848,1.0,126.46657720407676,254.0187582584529,1.0,167.69153754339885,246.0862835714099,1.0,163.7728082685054,252.37810441788443,1.0,108.40637844217515,289.587571669608,1.0,116.43497531518896,290.4669367935785,1.0,112.97607412681069,372.0469143333589,1.0,152.8784032754516,362.27003812155897,1.0,96.82313244086691,450.5206919526313,1.0,152.97709809625582,447.9549902237944,1.0,128.46860274600198,462.2006794269074,1.0,123.63422129062688,461.763559503896,1.0,88.06948984232184,462.7749156383776,1.0,193.0229632618823,462.1456772808773,1.0,186.0138642597624,465.9590010867427,1.0,146.9079421073066,460.4761013265756,1.0,1.0,0.3898305084745763,175.46629169680494,171.19470189153878,False,142.20734081408682,195.0313637511113,False,137.0966093462496,200.7853076106578,False,143.70336435985746,241.716374812848,False,126.46657720407676,254.0187582584529,False,167.69153754339885,246.0862835714099,False,163.7728082685054,252.37810441788443,False,108.40637844217515,289.587571669608,False,116.43497531518896,290.4669367935785,False,112.97607412681069,372.0469143333589,False,152.8784032754516,362.27003812155897,False,96.82313244086691,450.5206919526313,False,152.97709809625582,447.9549902237944,False,True,76.18917631550313,165.19681661878482,153.15607346178308
24,24,0.4067796610169492,0.4067796610169492,Sports2D_HALPE26_postprocessed,174.6845645813599,171.47440046975044,1.0,150.45268345625482,197.8474495415594,1.0,134.13186890136717,200.78708845465965,1.0,143.9839813441072,242.3325040577409,1.0,123.95806685592072,253.91724187833017,1.0,167.43772337822423,252.5551239549912,1.0,162.74401929240523,253.15540910171435,1.0,113.70920474489188,289.6322265987121,1.0,114.82793890428324,290.4451655796539,1.0,113.24497293721836,372.0807066647866,1.0,151.46063851180494,362.5023014507699,1.0,96.7564474889372,450.545433092754,1.0,151.1317320554209,448.25764110829687,1.0,128.1166832522814,462.1487420930039,1.0,123.8391771741403,461.8974656186657,1.0,87.873527404219,462.9964858970952,1.0,188.91663941978896,462.2054890508901,1.0,181.5844982898381,465.8797495941317,1.0,143.83862872420153,460.4525172291092,1.0,1.0,0.4067796610169492,174.6845645813599,171.47440046975044,False,150.45268345625482,197.8474495415594,False,134.13186890136717,200.78708845465965,False,143.9839813441072,242.3325040577409,False,123.95806685592072,253.91724187833017,False,167.43772337822423,252.5551239549912,False,162.74401929240523,253.15540910171435,False,113.70920474489188,289.6322265987121,False,114.82793890428324,290.4451655796539,False,113.24497293721836,372.0807066647866,False,151.46063851180494,362.5023014507699,False,96.7564474889372,450.545433092754,False,151.1317320554209,448.25764110829687,False,True,78.03449629210759,168.45517936575973,152.83219036208502
25,25,0.423728813559322,0.423728813559322,Sports2D_HALPE26_postprocessed,175.28222231932284,171.16539151360627,1.0,149.21648963771577,196.98546372522748,1.0,134.7598451768788,200.4478786356816,1.0,145.39690773416237,242.6630865785648,1.0,123.14966003670224,253.84670327821823,1.0,165.86400212951963,248.06600387780188,1.0,161.3668226054591,254.2410397399546,1.0,112.3687235933006,289.86899978572245,1.0,114.26480797096588,290.63288223417607,1.0,113.51923223081904,371.8983902295908,1.0,151.48598501877748,362.1617745039473,1.0,96.7737416971328,450.8218960175857,1.0,149.7483540437618,448.34589382330967,1.0,127.99391693211268,462.0793746745419,1.0,123.96083119639144,461.9589428679813,1.0,87.99306494017037,462.9905459924508,1.0,189.0167127660249,462.08001941234136,1.0,182.1171111493984,465.9032333982596,1.0,143.00510807719098,459.7738522048948,1.0,1.0,0.423728813559322,175.28222231932284,171.16539151360627,False,149.21648963771577,196.98546372522748,False,134.7598451768788,200.4478786356816,False,145.39690773416237,242.6630865785648,False,123.14966003670224,253.84670327821823,False,165.86400212951963,248.06600387780188,False,161.3668226054591,254.2410397399546,False,112.3687235933006,289.86899978572245,False,114.26480797096588,290.63288223417607,False,113.51923223081904,371.8983902295908,False,151.48598501877748,362.1617745039473,False,96.7737416971328,450.8218960175857,False,149.7483540437618,448.34589382330967,False,True,78.32461296042902,167.217437873021,151.35404852649933
26,26,0.4406779661016949,0.4406779661016949,Sports2D_HALPE26_postprocessed,176.20055428421838,170.93636054985515,1.0,152.0431684665877,197.44436042586327,1.0,132.71932890985056,199.8274490593176,1.0,147.47801485273936,243.20663119611768,1.0,120.62935447827084,254.1973788415212,1.0,166.67581025122183,250.3459479834329,1.0,159.10557007645906,254.68948419562903,1.0,115.35553886237176,290.31074878731465,1.0,113.4255426035202,290.8173793941971,1.0,113.70378250235404,371.7187447022473,1.0,150.33093526099304,362.02899480137086,1.0,96.76159367192406,450.7269117893846,1.0,149.2421157978178,448.4089461072059,1.0,127.5744242113524,462.0954477000992,1.0,123.72932223035455,462.008824429185,1.0,88.06705555822873,463.0288396507581,1.0,189.43245418518848,462.0928756459412,1.0,182.52854482871868,465.91925674826064,1.0,143.28037535612046,460.1464707484959,1.0,1.0,0.4406779661016949,176.20055428421838,170.93636054985515,False,152.0431684665877,197.44436042586327,False,132.71932890985056,199.8274490593176,False,147.47801485273936,243.20663119611768,False,120.62935447827084,254.1973788415212,False,166.67581025122183,250.3459479834329,False,159.10557007645906,254.68948419562903,False,115.35553886237176,290.31074878731465,False,113.4255426035202,290.8173793941971,False,113.70378250235404,371.7187447022473,False,150.33093526099304,362.02899480137086,False,96.76159367192406,450.7269117893846,False,149.2421157978178,448.4089461072059,False,True,78.19615687437806,169.05937848731142,151.88239288825608
27,27,0.4576271186440678,0.4576271186440678,Sports2D_HALPE26_postprocessed,174.29314997629552,170.47723852529992,1.0,152.17868862714795,197.52848836119708,1.0,132.67879161938913,199.2671469765939,1.0,147.82837256716377,242.5868819094722,1.0,117.37601324198933,254.07647169058305,1.0,165.8272303739859,249.43159101556043,1.0,157.5864573148625,256.16915514025203,1.0,115.23396881102916,290.08313132909973,1.0,112.1272446519593,290.8246067077267,1.0,113.58000623980296,371.5191468321465,1.0,149.62970129815338,362.3294021851427,1.0,96.76258290359588,451.0170242218679,1.0,148.75013520209902,448.5087753992898,1.0,127.23203143270918,462.0995148143305,1.0,123.45240280376603,462.0313445751217,1.0,87.94190514374877,462.9936312476757,1.0,188.7778521944157,462.0917184861789,1.0,181.80720956580987,465.89173319274255,1.0,142.76345329540135,460.6999030059545,1.0,1.0,0.4576271186440678,174.29314997629552,170.47723852529992,False,152.17868862714795,197.52848836119708,False,132.67879161938913,199.2671469765939,False,147.82837256716377,242.5868819094722,False,117.37601324198933,254.07647169058305,False,165.8272303739859,249.43159101556043,False,157.5864573148625,256.16915514025203,False,115.23396881102916,290.08313132909973,False,112.1272446519593,290.8246067077267,False,113.58000623980296,371.5191468321465,False,149.62970129815338,362.3294021851427,False,96.76258290359588,451.0170242218679,False,148.75013520209902,448.5087753992898,False,True,77.37942479434159,169.21894855778262,151.73937295141064
28,28,0.4745762711864407,0.4745762711864407,Sports2D_HALPE26_postprocessed,172.2670009234483,169.14392923542002,1.0,155.37105718250365,198.17025665274645,1.0,129.47131984271107,198.79344702878467,1.0,148.240709743067,242.3399562271393,1.0,115.93065976692256,253.82902038969831,1.0,166.71156162189018,250.23631297270305,1.0,156.52112112940992,257.43008735230933,1.0,119.87944278533593,289.5284515120486,1.0,111.7048596244027,290.15170613712354,1.0,113.69218239853689,370.7351115378663,1.0,148.4374545195741,362.7953514211554,1.0,96.76361514426996,450.6751437657611,1.0,148.3596132358805,448.56257537096855,1.0,127.12879937898296,462.0358856572286,1.0,123.43278625991378,462.0074929044658,1.0,87.85475823501594,462.7001973844317,1.0,187.1076832227977,461.9589376956383,1.0,179.91012321657473,465.78031361443664,1.0,141.75067362513795,461.05492302016114,1.0,1.0,0.4745762711864407,172.2670009234483,169.14392923542002,False,155.37105718250365,198.17025665274645,False,129.47131984271107,198.79344702878467,False,148.240709743067,242.3399562271393,False,115.93065976692256,253.82902038969831,False,166.71156162189018,250.23631297270305,False,156.52112112940992,257.43008735230933,False,119.87944278533593,289.5284515120486,False,111.7048596244027,290.15170613712354,False,113.69218239853689,370.7351115378663,False,148.4374545195741,362.7953514211554,False,96.76361514426996,450.6751437657611,False,148.3596132358805,448.56257537096855,False,True,81.24762708087387,172.40038966472952,153.12434585074863
29,29,0.4915254237288136,0.4915254237288136,Sports2D_HALPE26_postprocessed,173.4043005873234,169.4487690833578,1.0,154.34439648454995,198.0889753354249,1.0,129.1534440103094,198.93035702199165,1.0,148.30815962036445,243.8900071219615,1.0,114.25863341227448,254.05886805847337,1.0,163.86929375041342,255.29532822382308,1.0,154.71517846945446,259.31467659939443,1.0,118.469629637262,289.8135472275195,1.0,111.51947873022064,290.06108027278304,1.0,114.0200518581643,370.6178694488905,1.0,147.91861170186849,362.73564790015234,1.0,96.71190719182312,450.6743707334952,1.0,148.04961473957093,448.3802460010064,1.0,127.40535700860472,461.9513629751275,1.0,123.33048986714806,461.9863477769827,1.0,87.82021961130445,462.7810969561321,1.0,188.32620462030843,461.69817735134905,1.0,181.5164047712628,465.8045011632207,1.0,141.2968895284034,461.0313267516309,1.0,1.0,0.4915254237288136,173.4043005873234,169.4487690833578,False,154.34439648454995,198.0889753354249,False,129.1534440103094,198.93035702199165,False,148.30815962036445,243.8900071219615,False,114.25863341227448,254.05886805847337,False,163.86929375041342,255.29532822382308,False,154.71517846945446,259.31467659939443,False,118.469629637262,289.8135472275195,False,111.51947873022064,290.06108027278304,False,114.0200518581643,370.6178694488905,False,147.91861170186849,362.73564790015234,False,96.71190719182312,450.6743707334952,False,148.04961473957093,448.3802460010064,False,True,82.28260799737681,170.95233851598974,153.48359344668214
30,30,0.5084745762711864,0.5084745762711864,Sports2D_HALPE26_postprocessed,173.17508046805375,169.74932161740816,1.0,155.9084401928855,198.0413956102861,1.0,128.2889329708891,198.89126978405383,1.0,148.8937112280436,243.65970174126096,1.0,111.37034317690951,253.948083966763,1.0,163.01428720114396,257.1504061930209,1.0,152.2980327349824,260.2774476598463,1.0,117.65270502390965,289.8956521146773,1.0,111.48595053876002,289.962005892448,1.0,113.80652142689944,370.3455024631493,1.0,147.12721950215746,362.4531593047655,1.0,96.67834525943692,450.4204736020041,1.0,147.9094665016239,448.6049650735941,1.0,127.75814384305608,461.968742994824,1.0,123.17838327755936,462.0246550822761,1.0,87.80453643190538,462.8738891362802,1.0,188.36696268598087,461.5910369688903,1.0,182.3051786306832,465.8628145850168,1.0,141.9075320178246,461.2446956248428,1.0,1.0,0.5084745762711864,173.17508046805375,169.74932161740816,False,155.9084401928855,198.0413956102861,False,128.2889329708891,198.89126978405383,False,148.8937112280436,243.65970174126096,False,111.37034317690951,253.948083966763,False,163.01428720114396,257.1504061930209,False,152.2980327349824,260.2774476598463,False,117.65270502390965,289.8956521146773,False,111.48595053876002,289.962005892448,False,113.80652142689944,370.3455024631493,False,147.12721950215746,362.4531593047655,False,96.67834525943692,450.4204736020041,False,147.9094665016239,448.6049650735941,False,True,81.70916533487284,170.6634174512364,154.33855299280745
31,31,0.5254237288135594,0.5254237288135594,Sports2D_HALPE26_postprocessed,170.04982250847394,168.9711127965135,1.0,156.3256704859095,198.1130607152128,1.0,127.93462533027056,198.75508327879368,1.0,149.04041019421834,243.8505811952732,1.0,109.4449074291744,254.29798199299103,1.0,163.02446592882563,257.0616383930432,1.0,152.90389732161032,260.85482902693246,1.0,118.0728862690887,289.9360234880548,1.0,111.48552539220286,289.84558565086706,1.0,114.12827677427194,370.3788149446378,1.0,146.91029354643132,362.5527900134553,1.0,96.66455241256162,450.2728316724564,1.0,147.01171106171316,448.55576953468073,1.0,127.30786866935765,461.99672466023816,1.0,122.78666522805368,462.08585685425146,1.0,87.82771008944877,462.9519932723079,1.0,187.19719490802285,461.347266146475,1.0,181.18903116467408,465.8906241129283,1.0,141.0079961538748,461.77257228736505,1.0,1.0,0.5254237288135594,170.04982250847394,168.9711127965135,False,156.3256704859095,198.1130607152128,False,127.93462533027056,198.75508327879368,False,149.04041019421834,243.8505811952732,False,109.4449074291744,254.29798199299103,False,163.02446592882563,257.0616383930432,False,152.90389732161032,260.85482902693246,False,118.0728862690887,289.9360234880548,False,111.48552539220286,289.84558565086706,False,114.12827677427194,370.3788149446378,False,146.91029354643132,362.5527900134553,False,96.66455241256162,450.2728316724564,False,147.01171106171316,448.55576953468073,False,True,80.16762965109969,170.47719214463754,154.0910632776625
32,32,0.5423728813559322,0.5423728813559322,Sports2D_HALPE26_postprocessed,169.6451300377667,167.92963213558463,1.0,158.39923550616962,198.93145744663843,1.0,125.80450474822192,198.69501175091,1.0,149.177457158757,243.53809766972444,1.0,108.0265660795354,253.66130651833373,1.0,163.3650763527139,257.92029130600554,1.0,152.8146372031841,261.2013089316712,1.0,121.78662003453276,290.6752907789519,1.0,111.41950949470422,290.0111977064238,1.0,114.08555991211828,370.41220175694286,1.0,146.33617874474933,362.7946061363175,1.0,96.6175398307133,450.0386888907376,1.0,146.3249638263472,448.7019714022756,1.0,126.90308548758397,461.97436991584806,1.0,122.98999821495732,462.13888906414337,1.0,87.82647480089312,462.88946087669865,1.0,184.6908503153906,461.3479950178626,1.0,178.06075448350035,465.8505451343766,1.0,139.69567748169064,461.8204833493809,1.0,1.0,0.5423728813559322,169.6451300377667,167.92963213558463,False,158.39923550616962,198.93145744663843,False,125.80450474822192,198.69501175091,False,149.177457158757,243.53809766972444,False,108.0265660795354,253.66130651833373,False,163.3650763527139,257.92029130600554,False,152.8146372031841,261.2013089316712,False,121.78662003453276,290.6752907789519,False,111.41950949470422,290.0111977064238,False,114.08555991211828,370.41220175694286,False,146.33617874474933,362.7946061363175,False,96.6175398307133,450.0386888907376,False,146.3249638263472,448.7019714022756,False,True,81.63310873437884,173.14333647360888,154.36390655734778
33,33,0.559322033898305,0.559322033898305,Sports2D_HALPE26_postprocessed,171.46125926549257,168.57294980671776,1.0,157.73771602556417,199.5660063321293,1.0,125.9531217693855,198.6645976925111,1.0,149.79538325061768,244.87888069603827,1.0,106.96042932590704,253.7385320076566,1.0,162.5215456229286,259.6845914205549,1.0,151.61679323468337,262.81301454138605,1.0,119.80679332850193,290.846398741524,1.0,111.33867467816783,290.1588147780941,1.0,114.20494575845,370.32534975138526,1.0,145.98427227274155,362.8929973163947,1.0,96.49261195966956,450.1052254131216,1.0,145.80300957568892,448.4402465566171,1.0,127.30898602265128,461.9048065458528,1.0,123.09000502480932,462.2152804643261,1.0,87.56974830811143,462.8144522028243,1.0,186.61118963809287,461.4653162294769,1.0,179.73204899338498,465.7989586669991,1.0,138.90216252832164,461.6932978789329,1.0,1.0,0.559322033898305,171.46125926549257,168.57294980671776,False,157.73771602556417,199.5660063321293,False,125.9531217693855,198.6645976925111,False,149.79538325061768,244.87888069603827,False,106.96042932590704,253.7385320076566,False,162.5215456229286,259.6845914205549,False,151.61679323468337,262.81301454138605,False,119.80679332850193,290.846398741524,False,111.33867467816783,290.1588147780941,False,114.20494575845,370.32534975138526,False,145.98427227274155,362.8929973163947,False,96.49261195966956,450.1052254131216,False,145.80300957568892,448.4402465566171,False,True,82.4593307864456,171.51416643134007,154.40865734447627
34,34,0.576271186440678,0.576271186440678,Sports2D_HALPE26_postprocessed,169.27464756266352,168.45777206235522,1.0,157.4797533785685,199.6062061959108,1.0,125.51210986291888,198.59439663277453,1.0,150.05067724919033,245.13982226356444,1.0,104.85585950489632,253.64380627869247,1.0,162.06141184148697,258.95777641507465,1.0,150.10468660019558,262.7061063077447,1.0,120.70276849173548,291.1102862564343,1.0,111.46755798201048,290.54048206151987,1.0,114.36406460850056,370.505144884428,1.0,146.15286151796315,363.1032579282573,1.0,96.41986813039424,450.3461395561818,1.0,145.24565870526865,448.522847964011,1.0,126.71330110649043,461.93699107871794,1.0,122.26172583876522,462.4536574020184,1.0,87.41498047627569,462.7991586127114,1.0,184.84753797361,461.32340623356015,1.0,177.86791304025897,465.80663949303215,1.0,138.32034001126817,461.5364765002562,1.0,1.0,0.576271186440678,169.27464756266352,168.45777206235522,False,157.4797533785685,199.6062061959108,False,125.51210986291888,198.59439663277453,False,150.05067724919033,245.13982226356444,False,104.85585950489632,253.64380627869247,False,162.06141184148697,258.95777641507465,False,150.10468660019558,262.7061063077447,False,120.70276849173548,291.1102862564343,False,111.46755798201048,290.54048206151987,False,114.36406460850056,370.505144884428,False,146.15286151796315,363.1032579282573,False,96.41986813039424,450.3461395561818,False,145.24565870526865,448.522847964011,False,True,80.75754023391603,171.8979786678024,153.8435200441689
35,35,0.5932203389830508,0.5932203389830508,Sports2D_HALPE26_postprocessed,168.83098923409975,167.61692298146585,1.0,158.64267744895315,199.6839541841134,1.0,124.96024530981754,198.73515911657472,1.0,149.96247683838192,245.7074162966274,1.0,104.3456773447558,253.36349777270152,1.0,161.9028594053952,260.3018591182494,1.0,148.7719559438165,263.4835144333479,1.0,121.52740973257964,291.1658797156939,1.0,111.40862322564598,290.54462475846583,1.0,114.36410069843592,370.4799634798912,1.0,145.7004459388877,363.3427135393893,1.0,96.76316171150114,450.2334538923535,1.0,144.45639800277146,449.0382104369679,1.0,126.41294405900116,461.9751352962327,1.0,122.35773495190163,462.506552459971,1.0,87.48185534641284,462.6682637404005,1.0,183.7531440560145,461.6527140834132,1.0,176.71357317302454,465.8365509286224,1.0,137.47092772199386,461.7808968824705,1.0,1.0,0.5932203389830508,168.83098923409975,167.61692298146585,False,158.64267744895315,199.6839541841134,False,124.96024530981754,198.73515911657472,False,149.96247683838192,245.7074162966274,False,104.3456773447558,253.36349777270152,False,161.9028594053952,260.3018591182494,False,148.7719559438165,263.4835144333479,False,121.52740973257964,291.1658797156939,False,111.40862322564598,290.54462475846583,False,114.36410069843592,370.4799634798912,False,145.7004459388877,363.3427135393893,False,96.76316171150114,450.2334538923535,False,144.45639800277146,449.0382104369679,False,True,82.15811733026892,172.7154896960057,153.94532883133508
36,36,0.6101694915254238,0.6101694915254238,Sports2D_HALPE26_postprocessed,166.99819500807052,167.07343407398486,1.0,159.24339599081475,199.46953028755672,1.0,124.10833067020678,198.4598021494592,1.0,150.09869139592115,245.3673595514,1.0,103.86769440666978,252.9201707462691,1.0,162.1228348821342,261.305452502052,1.0,148.3833186981869,265.9737453555474,1.0,123.38445476643946,291.44181666027606,1.0,111.4861175588182,290.7010133289812,1.0,114.41564988630311,370.4453495727764,1.0,145.06141886747574,363.3822197606425,1.0,96.9149960710177,450.0141727469394,1.0,142.42520381623092,449.485908900228,1.0,125.42798077415318,462.015865897519,1.0,121.66947199527893,462.0432312663076,1.0,87.41068325454745,462.75458341113927,1.0,181.5366333205075,461.6709617523097,1.0,174.6676231969276,465.7732642157644,1.0,135.16328540732778,461.7515082993767,1.0,1.0,0.6101694915254238,166.99819500807052,167.07343407398486,False,159.24339599081475,199.46953028755672,False,124.10833067020678,198.4598021494592,False,150.09869139592115,245.3673595514,False,103.86769440666978,252.9201707462691,False,162.1228348821342,261.305452502052,False,148.3833186981869,265.9737453555474,False,123.38445476643946,291.44181666027606,False,111.4861175588182,290.7010133289812,False,114.41564988630311,370.4453495727764,False,145.06141886747574,363.3822197606425,False,96.9149960710177,450.0141727469394,False,142.42520381623092,449.485908900228,False,True,85.9550355684168,174.0723868514863,153.45161951315004
37,37,0.6271186440677966,0.6271186440677966,Sports2D_HALPE26_postprocessed,166.49189325341172,167.27613021054395,1.0,160.16771468481937,199.9119935702195,1.0,124.20954245975308,198.2252044762737,1.0,149.65611261789056,246.24734469176013,1.0,103.56366943742144,252.74526342858027,1.0,161.90101464197414,262.62313428585486,1.0,148.85762567150516,266.63853924059606,1.0,122.62971011558146,291.3019371394323,1.0,111.59665468148832,290.7039519889574,1.0,115.04986294891862,370.421884752866,1.0,145.2580867763194,363.0825856687185,1.0,96.8975940988177,449.9152039635367,1.0,142.0557590024135,449.1811390392529,1.0,125.01823484025928,461.9509890322762,1.0,120.92210381571068,462.4706588834265,1.0,87.07239929717781,462.5449895567523,1.0,182.15447223296167,461.6532700866401,1.0,175.2031046604799,465.7307075343408,1.0,135.3188031458207,461.7232332035457,1.0,1.0,0.6271186440677966,166.49189325341172,167.27613021054395,False,160.16771468481937,199.9119935702195,False,124.20954245975308,198.2252044762737,False,149.65611261789056,246.24734469176013,False,103.56366943742144,252.74526342858027,False,161.90101464197414,262.62313428585486,False,148.85762567150516,266.63853924059606,False,122.62971011558146,291.3019371394323,False,111.59665468148832,290.7039519889574,False,115.04986294891862,370.421884752866,False,145.2580867763194,363.0825856687185,False,96.8975940988177,449.9152039635367,False,142.0557590024135,449.1811390392529,False,True,86.3117748493981,172.60942477327606,152.92801606963334
38,38,0.6440677966101694,0.6440677966101694,Sports2D_HALPE26_postprocessed,166.62636203139937,167.193541710838,1.0,160.25624097563076,199.8508835522857,1.0,123.39148757118592,197.9465158667996,1.0,149.58792847854556,246.08381957872604,1.0,103.37617208373683,252.27010621776355,1.0,161.51065450614385,262.3818945541991,1.0,147.2604547573918,266.1670610831064,1.0,122.57527088385336,291.09947069783266,1.0,111.742587273419,290.7135246016051,1.0,115.30389332735692,370.4350965166952,1.0,145.1414651959654,363.1084277130236,1.0,96.97018610490916,449.8133090076007,1.0,141.2708252375109,449.00302558035503,1.0,125.4630293460383,461.8891296001325,1.0,120.853881298395,461.9049792028172,1.0,87.05521530038087,462.081560512676,1.0,182.53925712268628,461.6444871882513,1.0,175.6081018609991,465.7749695499821,1.0,135.17377377645525,461.7655604831323,1.0,1.0,0.6440677966101694,166.62636203139937,167.193541710838,False,160.25624097563076,199.8508835522857,False,123.39148757118592,197.9465158667996,False,149.58792847854556,246.08381957872604,False,103.37617208373683,252.27010621776355,False,161.51065450614385,262.3818945541991,False,147.2604547573918,266.1670610831064,False,122.57527088385336,291.09947069783266,False,111.742587273419,290.7135246016051,False,115.30389332735692,370.4350965166952,False,145.1414651959654,363.1084277130236,False,96.97018610490916,449.8133090076007,False,141.2708252375109,449.00302558035503,False,True,87.34545018302285,172.23137357208313,152.65393976843583
39,39,0.6610169491525424,0.6610169491525424,Sports2D_HALPE26_postprocessed,167.176469225459,167.17538806522043,1.0,160.65983397709698,199.87593995942507,1.0,122.73051450156343,197.8718118059909,1.0,149.98430268191365,246.45547358701444,1.0,102.189755155842,251.97255340571468,1.0,161.2297771973257,263.10164111661044,1.0,146.82488758064054,266.4725697479223,1.0,122.62834392735822,291.12181100040914,1.0,111.97052511218752,290.69735071928056,1.0,115.2125376824151,370.2822084942726,1.0,144.5977053502922,363.3272507145183,1.0,97.09038816386231,449.5762763890881,1.0,141.03200557704068,448.7082956889116,1.0,125.6124070265826,461.86896613246745,1.0,121.1668910318435,461.2957749015855,1.0,87.08795332112507,461.783497044731,1.0,181.8473876435868,461.5103643614111,1.0,175.02763222690498,465.832990645134,1.0,134.62831743865215,461.774617344282,1.0,1.0,0.6610169491525424,167.176469225459,167.17538806522043,False,160.65983397709698,199.87593995942507,False,122.73051450156343,197.8718118059909,False,149.98430268191365,246.45547358701444,False,102.189755155842,251.97255340571468,False,161.2297771973257,263.10164111661044,False,146.82488758064054,266.4725697479223,False,122.62834392735822,291.12181100040914,False,111.97052511218752,290.69735071928056,False,115.2125376824151,370.2822084942726,False,144.5977053502922,363.3272507145183,False,97.09038816386231,449.5762763890881,False,141.03200557704068,448.7082956889116,False,True,87.20615529371135,172.47840771965014,153.41777533716777
40,40,0.6779661016949152,0.6779661016949152,Sports2D_HALPE26_postprocessed,166.97146439595105,167.24705347648185,1.0,160.6661044383781,199.8935500527921,1.0,122.00652732260492,197.7934567209031,1.0,150.56631794206413,245.8487622851519,1.0,102.09029422955275,251.2302645953904,1.0,161.62295797522776,262.6476919279422,1.0,146.71754221489306,267.01924827653454,1.0,125.1058672099947,291.0763155468072,1.0,111.96329781092692,290.3192331831686,1.0,115.25750974055572,369.3261303394459,1.0,143.56128655284016,363.38543586071023,1.0,97.1458467076896,449.02037276599606,1.0,141.16793039521173,449.02841838963616,1.0,125.44425070274188,461.7849481942726,1.0,121.48609360964012,460.4996610304327,1.0,87.04689988061347,461.39586465785897,1.0,179.8311008351695,461.9729955819197,1.0,173.6923347092114,465.84909728705634,1.0,134.0205059295949,462.25928125354505,1.0,1.0,0.6779661016949152,166.97146439595105,167.24705347648185,False,160.6661044383781,199.8935500527921,False,122.00652732260492,197.7934567209031,False,150.56631794206413,245.8487622851519,False,102.09029422955275,251.2302645953904,False,161.62295797522776,262.6476919279422,False,146.71754221489306,267.01924827653454,False,125.1058672099947,291.0763155468072,False,111.96329781092692,290.3192331831686,False,115.25750974055572,369.3261303394459,False,143.56128655284016,363.38543586071023,False,97.1458467076896,449.02037276599606,False,141.16793039521173,449.02841838963616,False,True,89.0428837102087,174.36959754505807,155.01283836758518
41,41,0.6949152542372882,0.6949152542372882,Sports2D_HALPE26_postprocessed,166.63928852628186,167.43803296667846,1.0,161.6982177506295,199.9505944053792,1.0,122.06795868400538,197.6310515173704,1.0,150.36711172022137,246.0770149094073,1.0,101.14116374129546,251.30247424031148,1.0,161.5288419110115,263.2055294498283,1.0,146.2623744179025,269.2804664407555,1.0,124.08767856479164,291.0615181941623,1.0,112.21821814938096,290.07906002555984,1.0,115.40842314666868,369.2617409677051,1.0,143.0938482268218,363.3911305453418,1.0,97.03169840063012,448.9711866516769,1.0,141.35151240265884,449.2794654577009,1.0,125.57555916422068,462.2412232972596,1.0,121.47864252201424,461.3025961318222,1.0,86.93417438438085,461.3166315759216,1.0,180.3343703143728,461.83135262325794,1.0,174.28356272209368,465.69207467846144,1.0,134.37450659400608,462.1133922194559,1.0,1.0,0.6949152542372882,166.63928852628186,167.43803296667846,False,161.6982177506295,199.9505944053792,False,122.06795868400538,197.6310515173704,False,150.36711172022137,246.0770149094073,False,101.14116374129546,251.30247424031148,False,161.5288419110115,263.2055294498283,False,146.2623744179025,269.2804664407555,False,124.08767856479164,291.0615181941623,False,112.21821814938096,290.07906002555984,False,115.40842314666868,369.2617409677051,False,143.0938482268218,363.3911305453418,False,97.03169840063012,448.9711866516769,False,141.35151240265884,449.2794654577009,False,True,90.42310728542178,173.35070776735162,155.99929413207454
42,42,0.711864406779661,0.711864406779661,Sports2D_HALPE26_postprocessed,166.4047543165817,167.11858132184162,1.0,162.15974723846028,200.1164655424737,1.0,121.45610090116,197.30635541366323,1.0,149.95827970279004,246.2898511472763,1.0,100.92203384783828,251.4829531483514,1.0,161.43131811577797,263.9373297416184,1.0,145.59980197288908,270.46609646727444,1.0,125.01004043864354,291.0632924473431,1.0,112.02706566244336,289.826717247982,1.0,115.4707273547942,369.2692924936349,1.0,142.2163397294634,363.60891031570105,1.0,97.01651971586853,448.7887338714223,1.0,141.06375583309705,449.5210078079088,1.0,125.70356574670993,461.996624345268,1.0,121.45225518088546,461.3725478804109,1.0,87.17028451454475,461.25928656885,1.0,180.1844597407072,461.8327983180885,1.0,174.21960493337403,465.6968295941514,1.0,134.24624151604695,462.30633310492175,1.0,1.0,0.711864406779661,166.4047543165817,167.11858132184162,False,162.15974723846028,200.1164655424737,False,121.45610090116,197.30635541366323,False,149.95827970279004,246.2898511472763,False,100.92203384783828,251.4829531483514,False,161.43131811577797,263.9373297416184,False,145.59980197288908,270.46609646727444,False,125.01004043864354,291.0632924473431,False,112.02706566244336,289.826717247982,False,115.4707273547942,369.2692924936349,False,142.2163397294634,363.60891031570105,False,97.01651971586853,448.7887338714223,False,141.06375583309705,449.5210078079088,False,True,92.26240131494222,173.88895199583786,156.97859264576104
43,43,0.7288135593220338,0.7288135593220338,Sports2D_HALPE26_postprocessed,166.38193556985846,166.3236293646345,1.0,162.01389881931246,200.13975695730807,1.0,121.28544180867542,197.2092145714232,1.0,149.99419964344526,246.51329496409323,1.0,101.03471421928936,251.3580682727042,1.0,161.24361296061917,264.3585956090134,1.0,145.625625070678,270.34859840957324,1.0,126.57417076264542,291.08466615256646,1.0,112.51234606305844,289.6809998276578,1.0,115.3395333459414,369.420140891674,1.0,142.00006770310353,364.457773515364,1.0,97.08100177149974,448.7035440278492,1.0,140.3378313198368,450.1986644118579,1.0,125.8706554702188,461.78428161715226,1.0,121.33896383726602,461.3524235766429,1.0,87.17240278028729,461.0487878402504,1.0,180.057092983164,462.039359096819,1.0,174.03193620838078,465.8434738054892,1.0,133.7560473908853,462.95236250075016,1.0,1.0,0.7288135593220338,166.38193556985846,166.3236293646345,False,162.01389881931246,200.13975695730807,False,121.28544180867542,197.2092145714232,False,149.99419964344526,246.51329496409323,False,101.03471421928936,251.3580682727042,False,161.24361296061917,264.3585956090134,False,145.625625070678,270.34859840957324,False,126.57417076264542,291.08466615256646,False,112.51234606305844,289.6809998276578,False,115.3395333459414,369.420140891674,False,142.00006770310353,364.457773515364,False,97.08100177149974,448.7035440278492,False,140.3378313198368,450.1986644118579,False,True,92.56343056341225,175.1927455648232,157.36789468526604
44,44,0.7457627118644068,0.7457627118644068,Sports2D_HALPE26_postprocessed,167.1269831758226,165.8523451734893,1.0,162.00914651888982,199.91491939433712,1.0,121.36958134575244,197.11785237409083,1.0,150.03163494324411,246.21063634661465,1.0,100.99514205016531,250.82252090787924,1.0,161.47293740725988,264.7170498543997,1.0,145.20626320570352,269.4736983941797,1.0,127.41084175548384,291.1035185706145,1.0,112.42539395929929,289.0667357236059,1.0,115.41410868592187,369.12464221446805,1.0,141.88679369635236,364.5637671430968,1.0,97.14984508252066,448.58387088283257,1.0,140.42611177961243,450.2157065715461,1.0,125.88907962033689,461.4865933975913,1.0,121.44266655859232,461.9842162322416,1.0,87.18344407617232,461.0856953123365,1.0,179.12715699274122,462.5853320703585,1.0,172.07664133901284,466.1962168888093,1.0,133.36573109917936,463.2662673389464,1.0,1.0,0.7457627118644068,167.1269831758226,165.8523451734893,False,162.00914651888982,199.91491939433712,False,121.36958134575244,197.11785237409083,False,150.03163494324411,246.21063634661465,False,100.99514205016531,250.82252090787924,False,161.47293740725988,264.7170498543997,False,145.20626320570352,269.4736983941797,False,127.41084175548384,291.1035185706145,False,112.42539395929929,289.0667357236059,False,115.41410868592187,369.12464221446805,False,141.88679369635236,364.5637671430968,False,97.14984508252066,448.58387088283257,False,140.42611177961243,450.2157065715461,False,True,92.09752868658292,175.79650207599443,157.70564182922504
45,45,0.7627118644067796,0.7627118644067796,Sports2D_HALPE26_postprocessed,167.05322852109632,166.4264006327606,1.0,162.5375849116008,199.867267709195,1.0,121.30525366919876,197.3766689961269,1.0,150.91902138032324,246.2269198466863,1.0,100.58619198150336,251.21871149554767,1.0,161.3758842808665,265.2105088660194,1.0,145.28217526228144,271.75833220292856,1.0,125.8208045846424,291.18598326679665,1.0,112.39409476193886,289.706261145184,1.0,116.01357043139488,369.4704157710663,1.0,142.14053908391017,364.7208100297242,1.0,97.1644563044733,449.0664204129076,1.0,140.17842468767563,450.0039219639666,1.0,126.03348742230192,462.6429805477904,1.0,122.07235223976728,462.4883607306604,1.0,87.18309088062898,461.48436992823576,1.0,179.66476417394426,462.6148466294616,1.0,172.80356713002195,466.4787189903354,1.0,133.3661019077426,462.9273345811816,1.0,1.0,0.7627118644067796,167.05322852109632,166.4264006327606,False,162.5375849116008,199.867267709195,False,121.30525366919876,197.3766689961269,False,150.91902138032324,246.2269198466863,False,100.58619198150336,251.21871149554767,False,161.3758842808665,265.2105088660194,False,145.28217526228144,271.75833220292856,False,125.8208045846424,291.18598326679665,False,112.39409476193886,289.706261145184,False,116.01357043139488,369.4704157710663,False,142.14053908391017,364.7208100297242,False,97.1644563044733,449.0664204129076,False,140.17842468767563,450.0039219639666,False,True,93.6333818363518,173.81786045915712,157.05160264701186
46,46,0.7796610169491526,0.7796610169491526,Sports2D_HALPE26_postprocessed,167.87798918424537,166.69667673133637,1.0,162.89165006969802,199.708861139948,1.0,121.32929969273624,197.31267375449065,1.0,151.19889520237913,246.2876574197853,1.0,101.13950538454488,251.4138858916044,1.0,161.36498973913052,265.41564625316335,1.0,145.2972660976707,271.7227365476632,1.0,125.79215158081335,291.298224631152,1.0,112.68457863156502,289.9711471247568,1.0,116.32845187664742,370.0145133945496,1.0,142.10531507433654,365.12720483148695,1.0,97.1804139780632,449.1571912033255,1.0,140.11072548603502,450.0190429377594,1.0,126.07011717068156,462.85036875305127,1.0,122.0437561725213,462.6222630068373,1.0,87.19587806093435,461.5953521441372,1.0,179.83286263094186,462.6306772016033,1.0,172.50255348597028,466.6181834314636,1.0,133.4095452043348,462.8830696315224,1.0,1.0,0.7796610169491526,167.87798918424537,166.69667673133637,False,162.89165006969802,199.708861139948,False,121.32929969273624,197.31267375449065,False,151.19889520237913,246.2876574197853,False,101.13950538454488,251.4138858916044,False,161.36498973913052,265.41564625316335,False,145.2972660976707,271.7227365476632,False,125.79215158081335,291.298224631152,False,112.68457863156502,289.9711471247568,False,116.32845187664742,370.0145133945496,False,142.10531507433654,365.12720483148695,False,97.1804139780632,449.1571912033255,False,140.11072548603502,450.0190429377594,False,True,94.23359602978731,173.25454222709962,157.27559317673308
47,47,0.7966101694915254,0.7966101694915254,Sports2D_HALPE26_postprocessed,167.9990388046723,166.0839306391779,1.0,162.72899999234193,199.5871881854165,1.0,121.36773678509698,197.013162153309,1.0,151.32666854681997,246.19165435180616,1.0,101.13989217596938,251.4867743348489,1.0,161.48100663655808,265.13887077351774,1.0,145.32574843377836,271.73924696664,1.0,126.97015887479478,290.9828544297396,1.0,112.8301967048442,289.8412746879101,1.0,116.569891558166,370.11009904995535,1.0,141.95740107103683,364.9595363236128,1.0,97.17759747897745,449.1984128821118,1.0,140.00610458417333,450.0845046077352,1.0,126.06341539295906,463.02764153882913,1.0,122.13428499288467,462.6247560103607,1.0,87.20131990571079,461.6582591559834,1.0,179.57521540972806,462.53768423249903,1.0,171.87265852421322,466.59498089752776,1.0,133.50013261607802,462.89118110002,1.0,1.0,0.7966101694915254,167.9990388046723,166.0839306391779,False,162.72899999234193,199.5871881854165,False,121.36773678509698,197.013162153309,False,151.32666854681997,246.19165435180616,False,101.13989217596938,251.4867743348489,False,161.48100663655808,265.13887077351774,False,145.32574843377836,271.73924696664,False,126.97015887479478,290.9828544297396,False,112.8301967048442,289.8412746879101,False,116.569891558166,370.11009904995535,False,141.95740107103683,364.9595363236128,False,97.17759747897745,449.1984128821118,False,140.00610458417333,450.0845046077352,False,True,94.25261289479297,173.7108761225096,157.4929867825588
48,48,0.8135593220338984,0.8135593220338984,Sports2D_HALPE26_postprocessed,167.92306929993688,165.03020184917315,1.0,162.7558811567526,198.55420095865665,1.0,121.2046381089506,196.86530761380595,1.0,151.0714371397094,246.1634371917396,1.0,101.38197320006796,251.31758003873423,1.0,161.38869210394344,264.36855253230823,1.0,145.02857558936435,270.9180780912488,1.0,127.57565807266452,290.59967935456854,1.0,113.18145908932024,289.5669745758962,1.0,116.5418970904548,369.96914480930354,1.0,142.153664856666,365.1528153115411,1.0,97.24259041087232,449.2384877374354,1.0,140.18771431566327,450.4313229209866,1.0,125.86617495593312,463.13925928745823,1.0,121.82435431578142,462.38212270246174,1.0,87.27697601128112,461.6541961074048,1.0,179.53598296825714,462.7036018100323,1.0,171.92446204042142,466.9558187121626,1.0,133.35268811078112,462.8477526952644,1.0,1.0,0.8135593220338984,167.92306929993688,165.03020184917315,False,162.7558811567526,198.55420095865665,False,121.2046381089506,196.86530761380595,False,151.0714371397094,246.1634371917396,False,101.38197320006796,251.31758003873423,False,161.38869210394344,264.36855253230823,False,145.02857558936435,270.9180780912488,False,127.57565807266452,290.59967935456854,False,113.18145908932024,289.5669745758962,False,116.5418970904548,369.96914480930354,False,142.153664856666,365.1528153115411,False,97.24259041087232,449.2384877374354,False,140.18771431566327,450.4313229209866,False,True,94.1801480228134,174.23110372991923,157.70744808385254
49,49,0.8305084745762712,0.8305084745762712,Sports2D_HALPE26_postprocessed,167.52726620524965,164.83737002081602,1.0,163.31848202873434,198.50474949692008,1.0,121.2710569713649,196.8475110094037,1.0,151.44608572788815,246.1767846866436,1.0,101.20307812707496,251.2778169455463,1.0,161.41428214322258,264.52324742227023,1.0,145.19063673776097,272.1420712141608,1.0,127.2099038785482,290.89468933739766,1.0,113.3539257851042,289.850754100245,1.0,116.76378086401635,369.9416317999208,1.0,142.162797923804,365.0632275079679,1.0,97.2096141567732,449.23399027432,1.0,140.15996430688867,450.26781564799353,1.0,125.96173048563256,463.2143923493202,1.0,121.84901143088968,462.3338043514922,1.0,87.33974999458931,461.4984240621071,1.0,179.48870468191353,462.808754160734,1.0,172.5439031502051,467.1023321896116,1.0,133.19527110949528,462.90963873515614,1.0,1.0,0.8305084745762712,167.52726620524965,164.83737002081602,False,163.31848202873434,198.50474949692008,False,121.2710569713649,196.8475110094037,False,151.44608572788815,246.1767846866436,False,101.20307812707496,251.2778169455463,False,161.41428214322258,264.52324742227023,False,145.19063673776097,272.1420712141608,False,127.2099038785482,290.89468933739766,False,113.3539257851042,289.850754100245,False,116.76378086401635,369.9416317999208,False,142.162797923804,365.0632275079679,False,97.2096141567732,449.23399027432,False,140.15996430688867,450.26781564799353,False,True,95.13751076270272,173.67485896271114,157.694946352104
50,50,0.847457627118644,0.847457627118644,Sports2D_HALPE26_postprocessed,167.22768313564012,164.77221108117334,1.0,163.44856454791764,198.17964686993213,1.0,121.37960339856538,196.7637978147429,1.0,151.92867950363248,246.14805245699256,1.0,101.2997670724872,251.2231321630515,1.0,161.60089291407678,264.7047194069137,1.0,145.22819567990277,272.159794261516,1.0,126.9668167002594,290.8837903999475,1.0,113.9987054052427,289.8573960104176,1.0,116.70423718916304,369.9806826992468,1.0,142.10692789215273,365.1604299015037,1.0,97.22231042847392,449.25101632719975,1.0,140.11647371643005,450.18760531084655,1.0,125.9870327969598,463.2795193301092,1.0,121.82266910825882,462.33787238496575,1.0,87.4463550865947,461.4469783931481,1.0,179.5176822301641,462.6517984468328,1.0,172.73674809933925,467.1220146062721,1.0,133.14651574380187,462.7763127873974,1.0,1.0,0.847457627118644,167.22768313564012,164.77221108117334,False,163.44856454791764,198.17964686993213,False,121.37960339856538,196.7637978147429,False,151.92867950363248,246.14805245699256,False,101.2997670724872,251.2231321630515,False,161.60089291407678,264.7047194069137,False,145.22819567990277,272.159794261516,False,126.9668167002594,290.8837903999475,False,113.9987054052427,289.8573960104176,False,116.70423718916304,369.9806826992468,False,142.10692789215273,365.1604299015037,False,97.22231042847392,449.25101632719975,False,140.11647371643005,450.18760531084655,False,True,95.24330520160953,173.58497427751695,158.1899718240493
51,51,0.864406779661017,0.864406779661017,Sports2D_HALPE26_postprocessed,167.91075866926406,164.7214032147819,1.0,163.59642988188102,197.87553993584828,1.0,121.53079868799996,196.6430820043413,1.0,151.90463652307,246.0882845902512,1.0,101.60521393845364,251.1524567665924,1.0,162.16220000154357,264.9559481998777,1.0,145.2224691799378,272.0075108542777,1.0,126.47701840619322,291.3742120706347,1.0,114.4828593314453,290.3868215637197,1.0,116.52165339040768,370.1394896289041,1.0,141.93337483931995,365.3966684113524,1.0,97.29420613887834,449.2622137071951,1.0,140.02516214645283,450.02035200896574,1.0,125.96504729193848,463.2813400364846,1.0,121.74179607387232,462.3361049388646,1.0,87.38718870089886,461.4315870293482,1.0,179.56154004575507,462.6061933700984,1.0,172.36440342104868,467.056218956672,1.0,133.09937549891058,462.7757130749947,1.0,1.0,0.864406779661017,167.91075866926406,164.7214032147819,False,163.59642988188102,197.87553993584828,False,121.53079868799996,196.6430820043413,False,151.90463652307,246.0882845902512,False,101.60521393845364,251.1524567665924,False,162.16220000154357,264.9559481998777,False,145.2224691799378,272.0075108542777,False,126.47701840619322,291.3742120706347,False,114.4828593314453,290.3868215637197,False,116.52165339040768,370.1394896289041,False,141.93337483931995,365.3966684113524,False,97.29420613887834,449.2622137071951,False,140.02516214645283,450.02035200896574,False,True,95.47463041850922,173.54500174291553,158.60768851123765
52,52,0.8813559322033898,0.8813559322033898,Sports2D_HALPE26_postprocessed,168.31988493849826,164.7303978519953,1.0,163.33215100346763,197.3158485716893,1.0,121.54630238440814,196.3996129246224,1.0,151.94909265576004,245.98131629991445,1.0,101.72975541059024,251.05875536239407,1.0,162.56541101974025,264.8256436109877,1.0,144.74857998189358,271.80698191858653,1.0,127.59826136504532,292.2419464030911,1.0,114.68403471683683,291.34171663305256,1.0,116.3467823479317,370.6026026654904,1.0,142.0704748309596,365.6174030126999,1.0,97.30927841980122,449.21776826675807,1.0,140.23932440049825,450.071248982249,1.0,126.10253913018111,463.1368971956852,1.0,121.68447923843176,462.2907260562423,1.0,87.33079073256923,461.40707139916105,1.0,179.4365867032471,463.4323412659128,1.0,172.0842193518473,467.0638087328933,1.0,133.40414694600895,462.8750023594604,1.0,1.0,0.8813559322033898,168.31988493849826,164.7303978519953,False,163.33215100346763,197.3158485716893,False,121.54630238440814,196.3996129246224,False,151.94909265576004,245.98131629991445,False,101.72975541059024,251.05875536239407,False,162.56541101974025,264.8256436109877,False,144.74857998189358,271.80698191858653,False,127.59826136504532,292.2419464030911,False,114.68403471683683,291.34171663305256,False,116.3467823479317,370.6026026654904,False,142.0704748309596,365.6174030126999,False,97.30927841980122,449.21776826675807,False,140.23932440049825,450.071248982249,False,True,95.82028393593585,174.55828069011213,158.5182865761152
53,53,0.8983050847457628,0.8983050847457628,Sports2D_HALPE26_postprocessed,166.70529901917783,164.72470718800258,1.0,163.54845516328882,197.7934467739559,1.0,121.4637747293606,196.705068603216,1.0,152.34411474439148,245.9954083921885,1.0,101.52147097332636,250.96900982684795,1.0,162.6343693595062,264.7615555085449,1.0,144.8022185797832,271.5446250049723,1.0,126.8587346853995,292.34136303706146,1.0,114.525725069347,291.3783526375098,1.0,116.37206745051152,370.7305797615145,1.0,142.36925291104262,365.66147552914094,1.0,97.3237816334807,449.1560916975707,1.0,140.3154301422395,449.5384196836284,1.0,126.2275571246783,463.0948120800993,1.0,121.60583402667734,462.2353087888293,1.0,87.29604619200457,461.3268069702922,1.0,179.66137511308747,463.353187759424,1.0,172.57624863418994,467.1319978720709,1.0,133.43743238353392,462.5361543867816,1.0,1.0,0.8983050847457628,166.70529901917783,164.72470718800258,False,163.54845516328882,197.7934467739559,False,121.4637747293606,196.705068603216,False,152.34411474439148,245.9954083921885,False,101.52147097332636,250.96900982684795,False,162.6343693595062,264.7615555085449,False,144.8022185797832,271.5446250049723,False,126.8587346853995,292.34136303706146,False,114.525725069347,291.3783526375098,False,116.37206745051152,370.7305797615145,False,142.36925291104262,365.66147552914094,False,97.3237816334807,449.1560916975707,False,140.3154301422395,449.5384196836284,False,True,95.24769396618434,173.96775205623635,158.0498325969353
54,54,0.9152542372881356,0.9152542372881356,Sports2D_HALPE26_postprocessed,166.3397289569148,164.6905225733558,1.0,163.58565366076851,198.1061396732798,1.0,121.44269307768948,196.79338930912007,1.0,152.43456561235485,245.96918814760107,1.0,101.52526018298774,250.82843822218047,1.0,162.68835557260178,264.9434115549851,1.0,144.9122690244916,271.73006473385567,1.0,126.70875570376111,292.4825528173627,1.0,114.50359479603662,291.512321990307,1.0,116.36996192007454,370.93682607360415,1.0,142.42825736945372,365.7327457020424,1.0,97.33104698623956,449.1474486994657,1.0,140.38018993481407,449.4723571220843,1.0,126.24190871795167,463.0865483196725,1.0,121.59269922683998,462.226569795438,1.0,87.26282990340847,461.3342115564301,1.0,179.72506821591926,463.3938228221336,1.0,172.66113337126026,467.19302907336896,1.0,133.4275217956876,462.4528414701755,1.0,1.0,0.9152542372881356,166.3397289569148,164.6905225733558,False,163.58565366076851,198.1061396732798,False,121.44269307768948,196.79338930912007,False,152.43456561235485,245.96918814760107,False,101.52526018298774,250.82843822218047,False,162.68835557260178,264.9434115549851,False,144.9122690244916,271.73006473385567,False,126.70875570376111,292.4825528173627,False,114.50359479603662,291.512321990307,False,116.36996192007454,370.93682607360415,False,142.42825736945372,365.7327457020424,False,97.33104698623956,449.1474486994657,False,140.38018993481407,449.4723571220843,False,True,95.48837960989177,173.82576451751373,157.98067641069636
55,55,0.9322033898305084,0.9322033898305084,Sports2D_HALPE26_postprocessed,167.5095324949051,164.7110514769734,1.0,163.5110841534433,198.06354629208244,1.0,121.4369255477188,196.86200598079503,1.0,152.3613392849849,245.88096581160488,1.0,101.6908788077317,250.67856079307217,1.0,162.73911291120135,264.906360275663,1.0,144.62129621035592,272.30771677966385,1.0,127.04419043358703,292.8737274730446,1.0,114.60000524894213,291.9212674371323,1.0,116.34142943305984,371.2833267835952,1.0,142.37486942536114,365.8484122907447,1.0,97.34396807479482,449.1507461190048,1.0,140.3538404123967,449.5422117111278,1.0,126.16574209866944,463.0473134556123,1.0,121.66542745614775,462.2284599117387,1.0,87.23396666197931,461.3966460290708,1.0,179.75912628583524,463.4738268992831,1.0,172.69260738696312,467.2299877524961,1.0,133.39493214087523,462.5010869333767,1.0,1.0,0.9322033898305084,167.5095324949051,164.7110514769734,False,163.5110841534433,198.06354629208244,False,121.4369255477188,196.86200598079503,False,152.3613392849849,245.88096581160488,False,101.6908788077317,250.67856079307217,False,162.73911291120135,264.906360275663,False,144.62129621035592,272.30771677966385,False,127.04419043358703,292.8737274730446,False,114.60000524894213,291.9212674371323,False,116.34142943305984,371.2833267835952,False,142.37486942536114,365.8484122907447,False,97.34396807479482,449.1507461190048,False,140.3538404123967,449.5422117111278,False,True,96.59103593485908,174.06201251164003,158.02520093110758
56,56,0.9491525423728814,0.9491525423728814,Sports2D_HALPE26_postprocessed,168.58102495859328,164.9619340946174,1.0,163.34927519535302,197.6658827229968,1.0,121.42620059846476,196.7666429204129,1.0,152.41883801105672,245.8734678141079,1.0,101.9317917357138,250.5423882413964,1.0,162.81934614304632,265.00643725484707,1.0,144.55184715412014,272.19286288603763,1.0,128.8467037738349,293.2100766906957,1.0,114.86528198356498,292.29180237510207,1.0,116.22792169309986,371.5443971135696,1.0,142.16467080082373,365.7086134983676,1.0,97.34387675317409,449.0858514414333,1.0,140.27786679868828,449.67400976647497,1.0,125.92258123674496,462.9342806844278,1.0,121.4373391028834,462.1898685343501,1.0,87.17935973900924,461.4571290949332,1.0,179.8466703727276,463.6031600991637,1.0,172.7458015111854,467.2031205011245,1.0,133.34771993997066,462.6182768129833,1.0,1.0,0.9491525423728814,168.58102495859328,164.9619340946174,False,163.34927519535302,197.6658827229968,False,121.42620059846476,196.7666429204129,False,152.41883801105672,245.8734678141079,False,101.9317917357138,250.5423882413964,False,162.81934614304632,265.00643725484707,False,144.55184715412014,272.19286288603763,False,128.8467037738349,293.2100766906957,False,114.86528198356498,292.29180237510207,False,116.22792169309986,371.5443971135696,False,142.16467080082373,365.7086134983676,False,97.34387675317409,449.0858514414333,False,140.27786679868828,449.67400976647497,False,True,97.00377983918233,175.46401381788633,158.3155074315363
57,57,0.9661016949152542,0.9661016949152542,Sports2D_HALPE26_postprocessed,168.39719196701498,165.0534252698025,1.0,163.24117546908906,197.96951396670687,1.0,121.3160348786503,196.98883837907624,1.0,152.58991728409606,245.838502156804,1.0,101.8324556130373,250.7446828234319,1.0,162.79361911989568,264.8286986953362,1.0,144.53754775218636,272.1585595389909,1.0,127.74195800382996,293.52180854379384,1.0,114.86929316872548,292.49796565120005,1.0,116.19889488859263,371.7771630764777,1.0,142.14478879079638,365.7982376866222,1.0,97.33768344459357,449.14185080879736,1.0,140.20582822758055,449.5853195134711,1.0,126.09169050266748,462.9169289395296,1.0,121.4876496784994,462.1375082100697,1.0,87.08724109473194,461.4959930593464,1.0,179.8922159065292,463.4407433951021,1.0,172.83062136815028,467.1203091432076,1.0,133.24091348549925,462.5907684890798,1.0,1.0,0.9661016949152542,168.39719196701498,165.0534252698025,False,163.24117546908906,197.96951396670687,False,121.3160348786503,196.98883837907624,False,152.58991728409606,245.838502156804,False,101.8324556130373,250.7446828234319,False,162.79361911989568,264.8286986953362,False,144.53754775218636,272.1585595389909,False,127.74195800382996,293.52180854379384,False,114.86929316872548,292.49796565120005,False,116.19889488859263,371.7771630764777,False,142.14478879079638,365.7982376866222,False,97.33768344459357,449.14185080879736,False,140.20582822758055,449.5853195134711,False,True,96.70800620602816,174.6897006496401,158.2637722850299
58,58,0.9830508474576272,0.9830508474576272,Sports2D_HALPE26_postprocessed,169.16088330566964,165.09924752188977,1.0,163.27264160801232,198.2988160106892,1.0,121.44953138086912,197.1535534719649,1.0,152.14444949218506,246.1677218222221,1.0,101.781730135738,250.6343997929117,1.0,162.68160406596297,264.9106893394494,1.0,144.52265726065235,272.3785060768655,1.0,128.086353176572,293.5245433006898,1.0,114.83712215724948,292.47253286930527,1.0,116.40375210234473,371.6838672990786,1.0,142.28474962311014,365.5667908280541,1.0,97.3393684081971,449.1918462315739,1.0,140.2772089878239,449.5274558287016,1.0,126.38955408524632,463.0363758808812,1.0,122.03970223356626,462.4019110211874,1.0,87.13023031074778,461.5361790569458,1.0,179.72130959886226,463.5214410104634,1.0,172.7080078915727,467.1634829159485,1.0,133.3134431213722,462.57526938922217,1.0,1.0,0.9830508474576272,169.16088330566964,165.09924752188977,False,163.27264160801232,198.2988160106892,False,121.44953138086912,197.1535534719649,False,152.14444949218506,246.1677218222221,False,101.781730135738,250.6343997929117,False,162.68160406596297,264.9106893394494,False,144.52265726065235,272.3785060768655,False,128.086353176572,293.5245433006898,False,114.83712215724948,292.47253286930527,False,116.40375210234473,371.6838672990786,False,142.28474962311014,365.5667908280541,False,97.3393684081971,449.1918462315739,False,140.2772089878239,449.5274558287016,False,True,96.77314754576545,174.68261400627483,158.048629799435
59,59,1.0,1.0,Sports2D_HALPE26_postprocessed,170.14702630959346,165.0291082479269,1.0,163.02967163047543,198.26910178740405,1.0,121.48453659498506,197.0678753121101,1.0,152.1182026004289,246.13156410774616,1.0,101.9012612296064,250.42872070310628,1.0,162.62098103475418,265.0937018157904,1.0,144.5412640905572,272.2373203858505,1.0,129.8089325974148,293.4000744267295,1.0,115.14622842257964,292.3274814915206,1.0,116.73761655561968,371.5840087338008,1.0,142.20812548661794,365.135597726042,1.0,97.2828446331597,449.2709797586293,1.0,140.20267536776913,449.418589128097,1.0,126.6339732946191,463.18522648380826,1.0,122.27596340114935,462.5154000098836,1.0,87.11285289444979,461.5415767934138,1.0,179.75114577731637,463.5393246434707,1.0,172.74938868711374,467.30067068523385,1.0,133.2634514279867,462.49795901305697,1.0,1.0,1.0,170.14702630959346,165.0291082479269,False,163.02967163047543,198.26910178740405,False,121.48453659498506,197.0678753121101,False,152.1182026004289,246.13156410774616,False,101.9012612296064,250.42872070310628,False,162.62098103475418,265.0937018157904,False,144.5412640905572,272.2373203858505,False,129.8089325974148,293.4000744267295,False,115.14622842257964,292.3274814915206,False,116.73761655561968,371.5840087338008,False,142.20812548661794,365.135597726042,False,97.2828446331597,449.2709797586293,False,140.20267536776913,449.418589128097,False,True,96.93487736363106,175.43214370757104,158.2474553510924
60,60,1.0169491525423728,1.0169491525423728,Sports2D_HALPE26_postprocessed,169.2189995037752,164.78159174376765,1.0,162.9177892443825,197.91142247716817,1.0,121.638750837775,196.80210685507484,1.0,152.16719058830597,245.82906540395248,1.0,101.89305889018368,250.21099912227967,1.0,162.5618615122812,264.972292172117,1.0,144.19628045659118,272.1512266237568,1.0,131.57556574902705,293.40548601797684,1.0,115.4625576090756,292.2527509762812,1.0,116.84785182570452,371.1135235304536,1.0,142.4723403037914,364.6647137235176,1.0,97.26079485166882,449.44617665349216,1.0,140.30696799003147,449.3298209359064,1.0,126.62333436953416,463.0830695043194,1.0,122.08378679939295,462.482605310962,1.0,87.09550788327951,461.4378352376239,1.0,179.6942416621838,463.3599549526246,1.0,172.70143282433014,467.1777126759324,1.0,133.39190668548463,462.2093137763359,1.0,1.0,1.0169491525423728,169.2189995037752,164.78159174376765,False,162.9177892443825,197.91142247716817,False,121.638750837775,196.80210685507484,False,152.16719058830597,245.82906540395248,False,101.89305889018368,250.21099912227967,False,162.5618615122812,264.972292172117,False,144.19628045659118,272.1512266237568,False,131.57556574902705,293.40548601797684,False,115.4625576090756,292.2527509762812,False,116.84785182570452,371.1135235304536,False,142.4723403037914,364.6647137235176,False,97.26079485166882,449.44617665349216,False,140.30696799003147,449.3298209359064,False,True,97.1233971654423,176.6928434706221,158.07933858288357
61,61,1.0338983050847457,1.0338983050847457,Sports2D_HALPE26_postprocessed,168.3953138809073,165.04108411258554,1.0,163.19353539411742,198.9071648368445,1.0,121.71889024454362,196.77785471533224,1.0,152.2023838619175,246.4131622536084,1.0,101.98093755089556,250.168790599614,1.0,162.55619652549709,264.634536628919,1.0,144.48886370577367,272.18861009568553,1.0,130.08366093185774,293.5122987020728,1.0,115.29156358041226,292.1758712539439,1.0,116.99870668063262,371.11293693291447,1.0,142.5263633408518,364.7664378358035,1.0,97.17229280417808,449.954446074656,1.0,140.3208635381204,449.36155499754113,1.0,126.66304540576203,463.1317209239284,1.0,122.10220798998655,462.5169852931933,1.0,87.03475436785465,461.49694471077,1.0,179.64259060083015,463.19261265640006,1.0,172.67918065659194,467.1629486871715,1.0,133.35740523506965,462.252800530377,1.0,1.0,1.0338983050847457,168.3953138809073,165.04108411258554,False,163.19353539411742,198.9071648368445,False,121.71889024454362,196.77785471533224,False,152.2023838619175,246.4131622536084,False,101.98093755089556,250.168790599614,False,162.55619652549709,264.634536628919,False,144.48886370577367,272.18861009568553,False,130.08366093185774,293.5122987020728,False,115.29156358041226,292.1758712539439,False,116.99870668063262,371.11293693291447,False,142.5263633408518,364.7664378358035,False,97.17229280417808,449.954446074656,False,140.3208635381204,449.36155499754113,False,True,97.09620036438872,175.45555181571459,157.94129222204162
62,62,1.0508474576271187,1.0508474576271187,Sports2D_HALPE26_postprocessed,167.93003606600797,165.2050013579859,1.0,163.17089821545315,199.1066446659381,1.0,121.61836315717126,196.90977362776425,1.0,152.09310234548695,246.57468051705905,1.0,102.0382197485082,250.3263004804054,1.0,162.56993718130042,264.6502691247548,1.0,144.87358720464368,272.1996953807406,1.0,130.10735375035506,293.658210557545,1.0,115.2938474011116,291.9013425367739,1.0,117.04607861747468,371.1234508435931,1.0,142.8744933502494,364.78212071790495,1.0,97.16377331899886,449.7951079994149,1.0,140.34093539451737,449.3131361202318,1.0,126.53301772982677,462.8943263607072,1.0,122.11296853392288,462.4540471134909,1.0,87.06827686441164,461.4926473357296,1.0,179.5968045864369,462.8974066356998,1.0,172.71822202103962,466.8640487097722,1.0,133.38328063990502,462.13954999603686,1.0,1.0,1.0508474576271187,167.93003606600797,165.2050013579859,False,163.17089821545315,199.1066446659381,False,121.61836315717126,196.90977362776425,False,152.09310234548695,246.57468051705905,False,102.0382197485082,250.3263004804054,False,162.56993718130042,264.6502691247548,False,144.87358720464368,272.1996953807406,False,130.10735375035506,293.658210557545,False,115.2938474011116,291.9013425367739,False,117.04607861747468,371.1234508435931,False,142.8744933502494,364.78212071790495,False,97.16377331899886,449.7951079994149,False,140.34093539451737,449.3131361202318,False,True,96.91990453419795,175.3874202736011,157.5548460104881
63,63,1.0677966101694916,1.0677966101694916,Sports2D_HALPE26_postprocessed,168.09475314139712,165.40883917412046,1.0,162.89776305915922,199.3178488675561,1.0,121.77320086471268,197.0019413451139,1.0,151.8190802453932,247.08889640887008,1.0,102.04365125506332,250.56992527503155,1.0,162.70336400099723,264.8332599692877,1.0,144.90380120665333,272.13232162197835,1.0,130.06978643597938,293.86877141346264,1.0,115.38719605304684,292.69097851309675,1.0,116.97344918447833,371.2302833609804,1.0,143.01739367856533,364.8151556191988,1.0,97.17603192693556,449.886193746053,1.0,140.39946148178143,449.3792888606319,1.0,126.47105146239832,462.66927506772186,1.0,122.10267616652172,462.4693146635272,1.0,87.10205774969563,461.4886924687475,1.0,179.68180309508202,463.0953434274851,1.0,172.48865245845903,466.9629429816073,1.0,133.4631336250916,462.0769086382471,1.0,1.0,1.0677966101694916,168.09475314139712,165.40883917412046,False,162.89776305915922,199.3178488675561,False,121.77320086471268,197.0019413451139,False,151.8190802453932,247.08889640887008,False,102.04365125506332,250.56992527503155,False,162.70336400099723,264.8332599692877,False,144.90380120665333,272.13232162197835,False,130.06978643597938,293.86877141346264,False,115.38719605304684,292.69097851309675,False,116.97344918447833,371.2302833609804,False,143.01739367856533,364.8151556191988,False,97.17603192693556,449.886193746053,False,140.39946148178143,449.3792888606319,False,True,96.48720033229566,175.48067294347987,157.26536821093254
64,64,1.0847457627118644,1.0847457627118644,Sports2D_HALPE26_postprocessed,167.82941057790444,165.42722655930342,1.0,162.1043001570249,198.74812556193945,1.0,121.85469476787802,197.2265334516349,1.0,151.36526450261275,246.6429969855328,1.0,101.97998211751454,250.69876835573416,1.0,162.49539752968022,264.9934074351954,1.0,144.740535843985,272.1600861849457,1.0,130.26743270109722,293.91236701178656,1.0,115.59423230467291,293.03231980147694,1.0,116.6668286467216,371.4054450448208,1.0,142.90800758297237,364.7588172193912,1.0,97.18318137966456,450.32867086523686,1.0,140.44459374623966,449.26843740692425,1.0,125.93737841672886,462.6574236613847,1.0,121.6280762405776,462.5317343168608,1.0,87.11051454112526,461.5581247187733,1.0,179.4809626447186,463.2084245659845,1.0,172.24586438168294,466.9841326387449,1.0,133.510587477861,461.99027847589423,1.0,1.0,1.0847457627118644,167.82941057790444,165.42722655930342,False,162.1043001570249,198.74812556193945,False,121.85469476787802,197.2265334516349,False,151.36526450261275,246.6429969855328,False,101.97998211751454,250.69876835573416,False,162.49539752968022,264.9934074351954,False,144.740535843985,272.1600861849457,False,130.26743270109722,293.91236701178656,False,115.59423230467291,293.03231980147694,False,116.6668286467216,371.4054450448208,False,142.90800758297237,364.7588172193912,False,97.18318137966456,450.32867086523686,False,140.44459374623966,449.26843740692425,False,True,96.2626191625664,176.08720346384322,157.48326890091977
65,65,1.1016949152542372,1.1016949152542372,Sports2D_HALPE26_postprocessed,166.7832839069329,165.44053485883455,1.0,162.03618207934392,200.0728223486736,1.0,121.4577681786588,197.387178416315,1.0,150.7653686801816,246.9257520673956,1.0,101.85922637713196,251.33316698242064,1.0,162.30106688608603,264.58314183728857,1.0,144.8471600133189,272.15913715152334,1.0,129.19283534005308,294.02963724516223,1.0,115.65768228950694,293.22055582258446,1.0,116.22810946025744,371.55305963353845,1.0,142.91943887208998,364.72410988897855,1.0,97.2418230928014,450.4396751753189,1.0,140.33154600025605,448.9897900494065,1.0,126.13415416737296,462.9584005543271,1.0,121.56621325452817,462.568431035625,1.0,87.13662676720539,461.6980289534608,1.0,179.58901553310227,463.1001181958087,1.0,172.40400734866762,466.9382745594367,1.0,133.5609998440542,461.88070922933855,1.0,1.0,1.1016949152542372,166.7832839069329,165.44053485883455,False,162.03618207934392,200.0728223486736,False,121.4577681786588,197.387178416315,False,150.7653686801816,246.9257520673956,False,101.85922637713196,251.33316698242064,False,162.30106688608603,264.58314183728857,False,144.8471600133189,272.15913715152334,False,129.19283534005308,294.02963724516223,False,115.65768228950694,293.22055582258446,False,116.22810946025744,371.55305963353845,False,142.91943887208998,364.72410988897855,False,97.2418230928014,450.4396751753189,False,140.33154600025605,448.9897900494065,False,True,95.88232115684721,175.96160382184436,157.3708696963884
66,66,1.11864406779661,1.11864406779661,Sports2D_HALPE26_postprocessed,166.65310377402983,165.5516482828664,1.0,161.9619142593276,200.7423651575973,1.0,121.5319103696692,197.51890637607943,1.0,150.99213639965677,247.58215629260224,1.0,101.87454969417678,251.5230026866656,1.0,162.22663709224298,264.31504588880614,1.0,144.9028000485562,272.219978162492,1.0,128.39840625128113,294.04261545591004,1.0,115.6664906312772,293.4884134815092,1.0,116.078205874301,371.5913631296638,1.0,142.93974471334604,364.699751029456,1.0,97.14407078946644,450.5965665672874,1.0,140.46302817116708,449.1551173095109,1.0,126.08520785259986,463.1220322904902,1.0,121.25601970785276,462.6379933331479,1.0,86.97109344541609,462.0452933144209,1.0,179.49145655220195,463.2038784814736,1.0,172.41098451236226,467.0266816388173,1.0,133.55113974535928,461.9565746305541,1.0,1.0,1.11864406779661,166.65310377402983,165.5516482828664,False,161.9619142593276,200.7423651575973,False,121.5319103696692,197.51890637607943,False,150.99213639965677,247.58215629260224,False,101.87454969417678,251.5230026866656,False,162.22663709224298,264.31504588880614,False,144.9028000485562,272.219978162492,False,128.39840625128113,294.04261545591004,False,115.6664906312772,293.4884134815092,False,116.078205874301,371.5913631296638,False,142.93974471334604,364.699751029456,False,97.14407078946644,450.5965665672874,False,140.46302817116708,449.1551173095109,False,True,95.68658921140208,175.5500204299609,157.36388303019655
67,67,1.1355932203389831,1.1355932203389831,Sports2D_HALPE26_postprocessed,167.46308408259165,165.56047108839243,1.0,161.96902858833568,200.9460152254473,1.0,121.4821737833901,197.5068159599493,1.0,151.42209153255288,247.9420573639992,1.0,101.88823007358975,251.52163986400245,1.0,162.6607467999368,264.4739230485794,1.0,145.01600270133133,272.46964706623896,1.0,128.4809433788879,294.2799057833969,1.0,115.55441325805016,293.46847927837666,1.0,116.22185116820523,371.5553376941946,1.0,143.1164542862999,364.6789598791377,1.0,97.1796071370912,450.7150295229935,1.0,140.515639623728,449.70006926721777,1.0,126.19122158878396,463.3505938510481,1.0,121.51778101060478,462.71982380657664,1.0,86.71170932579886,461.83160919867726,1.0,179.2087712436426,463.4634538750746,1.0,172.25521246288054,467.1668079564795,1.0,133.49384334063268,462.1105418464487,1.0,1.0,1.1355932203389831,167.46308408259165,165.56047108839243,False,161.96902858833568,200.9460152254473,False,121.4821737833901,197.5068159599493,False,151.42209153255288,247.9420573639992,False,101.88823007358975,251.52163986400245,False,162.6607467999368,264.4739230485794,False,145.01600270133133,272.46964706623896,False,128.4809433788879,294.2799057833969,False,115.55441325805016,293.46847927837666,False,116.22185116820523,371.5553376941946,False,143.1164542862999,364.6789598791377,False,97.1796071370912,450.7150295229935,False,140.515639623728,449.70006926721777,False,True,95.96845516926614,175.4885826448346,157.08890953081095
68,68,1.152542372881356,1.152542372881356,Sports2D_HALPE26_postprocessed,167.75405819127673,165.5301602360301,1.0,161.7996153107004,200.67484588191644,1.0,121.49946439407417,197.4416744352632,1.0,151.9291204197346,247.75796924138848,1.0,101.79304192702182,251.4147127791217,1.0,162.7850076226414,264.595390812769,1.0,145.05145955981865,272.56769975897026,1.0,128.89646350003397,294.01009756754974,1.0,115.58723022155532,293.16364103923326,1.0,116.33846907440667,371.3193155704373,1.0,143.04513187074411,364.62279049122185,1.0,97.15657179113884,450.7525197762252,1.0,140.6385774802793,449.9975905560661,1.0,126.30389048071837,463.3726718946239,1.0,121.28504146016849,462.7727572400897,1.0,86.82024212172064,461.5785016099369,1.0,178.90581317481474,463.66912860750654,1.0,172.0582976084146,467.09720800986406,1.0,133.46739351299095,462.12085705681807,1.0,1.0,1.152542372881356,167.75405819127673,165.5301602360301,False,161.7996153107004,200.67484588191644,False,121.49946439407417,197.4416744352632,False,151.9291204197346,247.75796924138848,False,101.79304192702182,251.4147127791217,False,162.7850076226414,264.595390812769,False,145.05145955981865,272.56769975897026,False,128.89646350003397,294.01009756754974,False,115.58723022155532,293.16364103923326,False,116.33846907440667,371.3193155704373,False,143.04513187074411,364.62279049122185,False,97.15657179113884,450.7525197762252,False,140.6385774802793,449.9975905560661,False,True,96.00027851951728,175.65031795641676,157.3662893184783
69,69,1.1694915254237288,1.1694915254237288,Sports2D_HALPE26_postprocessed,166.99726248632857,165.60463024318472,1.0,161.69602830594488,200.92913839836828,1.0,121.44345879411313,197.5820489325257,1.0,151.75394352400144,248.02945953585467,1.0,101.60957513075404,251.67717651611883,1.0,162.70997465004638,264.53390662773404,1.0,144.95428047215069,272.868000372718,1.0,129.02158265575213,294.02737667562207,1.0,115.50673733623378,293.0935861159641,1.0,116.35489633970523,371.4741959308616,1.0,143.29240499505028,364.5538634697641,1.0,97.10646939044744,450.8985469454366,1.0,140.5610596893515,449.7176540695557,1.0,126.3852649850026,463.6587345738394,1.0,121.71929002209389,462.9115932871813,1.0,86.88676168778696,461.6878741910221,1.0,179.04382271456794,463.370391928083,1.0,172.1281716949846,467.08799742092793,1.0,133.4384995993155,462.1243982285637,1.0,1.0,1.1694915254237288,166.99726248632857,165.60463024318472,False,161.69602830594488,200.92913839836828,False,121.44345879411313,197.5820489325257,False,151.75394352400144,248.02945953585467,False,101.60957513075404,251.67717651611883,False,162.70997465004638,264.53390662773404,False,144.95428047215069,272.868000372718,False,129.02158265575213,294.02737667562207,False,115.50673733623378,293.0935861159641,False,116.35489633970523,371.4741959308616,False,143.29240499505028,364.5538634697641,False,97.10646939044744,450.8985469454366,False,140.5610596893515,449.7176540695557,False,True,95.91820652492804,175.66574277403714,156.91564506756356
70,70,1.1864406779661016,1.1864406779661016,Sports2D_HALPE26_postprocessed,167.16089495579345,165.81013792716567,1.0,161.65932389697304,201.1283842948064,1.0,121.379355613314,197.68816918519025,1.0,151.57857023809055,248.2440520305593,1.0,101.55885025796286,251.7672803526777,1.0,162.66109623867158,264.94582660044887,1.0,145.10635619496625,273.0394429471381,1.0,128.78095206364628,293.9827821682845,1.0,115.50767880270608,293.02776395165654,1.0,116.37020891352677,371.8018565734632,1.0,143.3544430744503,364.5320515223509,1.0,96.8436791914913,451.0635349922908,1.0,140.48120920683002,449.7413132807077,1.0,126.47932698812842,463.76869391594016,1.0,121.7700144947476,463.0479195121168,1.0,86.73779912996844,461.73501762589154,1.0,178.98914466558767,463.2418975548734,1.0,172.08982674001123,467.09844750139297,1.0,133.39690672672336,462.16316250440354,1.0,1.0,1.1864406779661016,167.16089495579345,165.81013792716567,False,161.65932389697304,201.1283842948064,False,121.379355613314,197.68816918519025,False,151.57857023809055,248.2440520305593,False,101.55885025796286,251.7672803526777,False,162.66109623867158,264.94582660044887,False,145.10635619496625,273.0394429471381,False,128.78095206364628,293.9827821682845,False,115.50767880270608,293.02776395165654,False,116.37020891352677,371.8018565734632,False,143.3544430744503,364.5320515223509,False,96.8436791914913,451.0635349922908,False,140.48120920683002,449.7413132807077,False,True,95.90630288236207,175.22180709309012,156.79071090760564
71,71,1.2033898305084745,1.2033898305084745,Sports2D_HALPE26_postprocessed,167.5066411260845,165.73702147959574,1.0,161.70980809738518,201.4365185725447,1.0,121.22127136940512,197.62051885456123,1.0,151.29172382679943,248.47350265364827,1.0,101.57301127360893,251.62138026214865,1.0,162.71697970878816,265.6412371980253,1.0,145.08532859105642,273.0519234670228,1.0,128.88809912449344,293.7980031811428,1.0,115.53847585975872,292.87309269023234,1.0,116.29134483845056,371.90214334735526,1.0,143.2232309420005,364.46274289599177,1.0,96.89032152865576,451.1316888977529,1.0,140.35751401878025,450.01956880309774,1.0,126.6634634930005,463.4241634395824,1.0,122.23682376116864,463.1147979047386,1.0,86.8104674559808,461.950356732048,1.0,178.8435627786763,463.13802255841216,1.0,171.98888104452027,467.0984456308987,1.0,133.32097273749002,462.2179361927263,1.0,1.0,1.2033898305084745,167.5066411260845,165.73702147959574,False,161.70980809738518,201.4365185725447,False,121.22127136940512,197.62051885456123,False,151.29172382679943,248.47350265364827,False,101.57301127360893,251.62138026214865,False,162.71697970878816,265.6412371980253,False,145.08532859105642,273.0519234670228,False,128.88809912449344,293.7980031811428,False,115.53847585975872,292.87309269023234,False,116.29134483845056,371.90214334735526,False,143.2232309420005,364.46274289599177,False,96.89032152865576,451.1316888977529,False,140.35751401878025,450.01956880309774,False,True,96.22705614389115,175.40252392562545,156.93939260655623
72,72,1.2203389830508475,1.2203389830508475,Sports2D_HALPE26_postprocessed,168.02740245633169,165.3634386741346,1.0,161.65595243077115,201.04091090292968,1.0,121.24566630401948,197.43102604963275,1.0,151.1920286488884,248.1091798637992,1.0,101.353472930866,251.6921654344155,1.0,162.4746623206895,265.6305649387151,1.0,145.11294325501467,272.9422929475914,1.0,129.01246368685233,293.39344340106646,1.0,115.91536261342772,292.5656296544239,1.0,116.77257157360204,371.5077570018545,1.0,143.3264138477229,364.5300559453693,1.0,96.9264534067638,450.91215089145066,1.0,140.4456028477637,450.27344187538233,1.0,126.48373429714152,463.1153885106196,1.0,121.571839715992,462.9469681181728,1.0,86.84270885415522,461.89363554789867,1.0,178.53719999477752,463.0336414671094,1.0,171.8602058627708,467.0305488783188,1.0,133.43761380292295,462.2523788980864,1.0,1.0,1.2203389830508475,168.02740245633169,165.3634386741346,False,161.65595243077115,201.04091090292968,False,121.24566630401948,197.43102604963275,False,151.1920286488884,248.1091798637992,False,101.353472930866,251.6921654344155,False,162.4746623206895,265.6305649387151,False,145.11294325501467,272.9422929475914,False,129.01246368685233,293.39344340106646,False,115.91536261342772,292.5656296544239,False,116.77257157360204,371.5077570018545,False,143.3264138477229,364.5300559453693,False,96.9264534067638,450.91215089145066,False,140.4456028477637,450.27344187538233,False,True,95.76877792003394,174.8725204255667,157.22399814316003
73,73,1.2372881355932204,1.2372881355932204,Sports2D_HALPE26_postprocessed,167.49673883207032,165.36909813941065,1.0,161.6448415358341,200.88640180951728,1.0,121.11783070459802,197.44011799544825,1.0,151.3018390965969,248.1199767490251,1.0,101.20439034148082,251.7523793755107,1.0,162.53213328155206,264.91354974141825,1.0,145.16816873257918,272.89166010726314,1.0,129.08244465293512,293.13173254115065,1.0,115.85274687828051,292.20431671772,1.0,116.94861734039986,370.6871802302369,1.0,143.397398016514,364.5585051552584,1.0,96.9145352452833,450.84725759773175,1.0,140.33682248583807,449.9866291341467,1.0,126.43528199832517,463.0980689218232,1.0,121.48286710593766,462.8920174196807,1.0,86.83437807360256,461.8834063397403,1.0,178.68440658948236,462.9326188342324,1.0,172.06181635604685,466.9796691622186,1.0,133.3243721898526,462.1232817788532,1.0,1.0,1.2372881355932204,167.49673883207032,165.36909813941065,False,161.6448415358341,200.88640180951728,False,121.11783070459802,197.44011799544825,False,151.3018390965969,248.1199767490251,False,101.20439034148082,251.7523793755107,False,162.53213328155206,264.91354974141825,False,145.16816873257918,272.89166010726314,False,129.08244465293512,293.13173254115065,False,115.85274687828051,292.20431671772,False,116.94861734039986,370.6871802302369,False,143.397398016514,364.5585051552584,False,96.9145352452833,450.84725759773175,False,140.33682248583807,449.9866291341467,False,True,95.54450935710602,174.85979571210572,157.10675821666584
74,74,1.2542372881355932,1.2542372881355932,Sports2D_HALPE26_postprocessed,167.0557956813904,165.1159480483135,1.0,161.6703601908286,200.99103009919213,1.0,120.91123076813392,197.61133251404823,1.0,151.27554153540711,248.26896636049133,1.0,101.32650264950864,251.86009401793763,1.0,162.63378431095825,264.7289796370061,1.0,145.0294158252415,272.81897483155154,1.0,129.05542344153875,293.5301218891101,1.0,115.56291458408074,292.5952725044556,1.0,116.85966555032992,370.9007302737348,1.0,143.63885341417455,364.4997260354807,1.0,96.83805279284228,450.8932810017303,1.0,140.09160656471843,449.87400650649545,1.0,126.55114069616997,463.3246664093277,1.0,122.02482075446218,462.9189927237794,1.0,86.79665752087863,461.90696660008535,1.0,178.79819619157996,462.94063455805343,1.0,172.1117580985762,466.9917634686865,1.0,133.14740001617233,462.0971672400434,1.0,1.0,1.2542372881355932,167.0557956813904,165.1159480483135,False,161.6703601908286,200.99103009919213,False,120.91123076813392,197.61133251404823,False,151.27554153540711,248.26896636049133,False,101.32650264950864,251.86009401793763,False,162.63378431095825,264.7289796370061,False,145.0294158252415,272.81897483155154,False,129.05542344153875,293.5301218891101,False,115.56291458408074,292.5952725044556,False,116.85966555032992,370.9007302737348,False,143.63885341417455,364.4997260354807,False,96.83805279284228,450.8932810017303,False,140.09160656471843,449.87400650649545,False,True,95.77082470982108,174.90563538110976,156.29202179518853
75,75,1.271186440677966,1.271186440677966,Sports2D_HALPE26_postprocessed,166.7744309071079,164.64301831960546,1.0,161.63004110815427,200.8007698365061,1.0,120.8225718448888,197.82423466224265,1.0,151.09351872942753,248.2768059293099,1.0,101.0549084037191,252.0971603316328,1.0,162.68151569133252,264.49599822188657,1.0,144.84045831815516,273.03236753900126,1.0,129.4652680877722,293.42530304663467,1.0,115.55013186095243,292.5264079772432,1.0,116.85259078790506,370.7879247543717,1.0,143.77445993439045,364.3804712741011,1.0,96.8285318696252,450.97488174165534,1.0,140.00788550592745,449.6540807791751,1.0,126.45391612825156,463.3400060259935,1.0,121.89773730256844,462.9720487796756,1.0,86.80747825623006,461.95030900423376,1.0,178.8907519946381,462.9599581354447,1.0,172.12149208712083,467.021716384614,1.0,133.20493909555503,462.1384559154748,1.0,1.0,1.271186440677966,166.7744309071079,164.64301831960546,False,161.63004110815427,200.8007698365061,False,120.8225718448888,197.82423466224265,False,151.09351872942753,248.2768059293099,False,101.0549084037191,252.0971603316328,False,162.68151569133252,264.49599822188657,False,144.84045831815516,273.03236753900126,False,129.4652680877722,293.42530304663467,False,115.55013186095243,292.5264079772432,False,116.85259078790506,370.7879247543717,False,143.77445993439045,364.3804712741011,False,96.8285318696252,450.97488174165534,False,140.00788550592745,449.6540807791751,False,True,95.54089785919184,175.23865896315232,156.02592719996247
76,76,1.2881355932203389,1.2881355932203389,Sports2D_HALPE26_postprocessed,166.56517149501036,164.29196233772495,1.0,161.52614799961495,200.87556866222764,1.0,120.761882754838,197.8356638442592,1.0,151.37711407867135,248.33109057420893,1.0,101.05083985897022,252.1898623019655,1.0,162.6812811870048,264.7389102259984,1.0,144.45941634379471,273.08377224092385,1.0,129.86791206799242,293.3802159573589,1.0,115.3523569234323,292.49541074302164,1.0,116.99901298606125,370.2629572591627,1.0,144.13660450375033,364.39113615834754,1.0,96.84511592253963,450.9016318651624,1.0,140.21073464780622,449.8667999389128,1.0,125.52453244486772,463.5158192603723,1.0,121.6491944490857,462.9259924827767,1.0,86.83677356935885,461.8263651415144,1.0,179.09370498203276,462.914109087125,1.0,172.19229709366422,467.03980454025776,1.0,133.6605367097584,462.2169667719255,1.0,1.0,1.2881355932203389,166.56517149501036,164.29196233772495,False,161.52614799961495,200.87556866222764,False,120.761882754838,197.8356638442592,False,151.37711407867135,248.33109057420893,False,101.05083985897022,252.1898623019655,False,162.6812811870048,264.7389102259984,False,144.45941634379471,273.08377224092385,False,129.86791206799242,293.3802159573589,False,115.3523569234323,292.49541074302164,False,116.99901298606125,370.2629572591627,False,144.13660450375033,364.39113615834754,False,96.84511592253963,450.9016318651624,False,140.21073464780622,449.8667999389128,False,True,95.77026762998187,175.4698929132927,155.55103112277055
77,77,1.305084745762712,1.305084745762712,Sports2D_HALPE26_postprocessed,166.2400435650021,164.62020585908863,1.0,161.4469747265814,200.95100996376,1.0,120.89457256697683,197.8559127354452,1.0,151.66304763116392,248.3744604479259,1.0,100.96427505309524,252.2980250400707,1.0,162.59634388075816,264.0281230518368,1.0,144.3446441290428,273.4532233920565,1.0,129.9858408988551,293.30613811150806,1.0,115.1844670435561,292.4685322921505,1.0,117.01760180619982,370.5753679630908,1.0,145.00315855222155,364.37128045377983,1.0,96.83798344230514,450.75895691116585,1.0,140.25805081136252,449.5753348304856,1.0,125.80466923875608,463.5711988605156,1.0,121.37043557033503,462.8351226299145,1.0,86.81296393790937,461.7366617911114,1.0,179.3202822071986,462.7880461681237,1.0,172.23551393274417,466.9216611770122,1.0,133.99484091052298,462.2682725122041,1.0,1.0,1.305084745762712,166.2400435650021,164.62020585908863,False,161.4469747265814,200.95100996376,False,120.89457256697683,197.8559127354452,False,151.66304763116392,248.3744604479259,False,100.96427505309524,252.2980250400707,False,162.59634388075816,264.0281230518368,False,144.3446441290428,273.4532233920565,False,129.9858408988551,293.30613811150806,False,115.1844670435561,292.4685322921505,False,117.01760180619982,370.5753679630908,False,145.00315855222155,364.37128045377983,False,96.83798344230514,450.75895691116585,False,140.25805081136252,449.5753348304856,False,True,95.89020201879823,175.4011277338545,154.2882196081817
78,78,1.3220338983050848,1.3220338983050848,Sports2D_HALPE26_postprocessed,166.4747871401525,164.8628987491516,1.0,161.3439156529151,201.08088308638065,1.0,120.93569868256822,197.84981821485576,1.0,150.893727605537,248.37606791231337,1.0,101.02790718342465,252.3171891590189,1.0,162.4445190568723,263.6315984875922,1.0,144.2418182832748,273.42943801891465,1.0,129.68884594280885,293.397344007479,1.0,115.16667247115916,292.70044314242404,1.0,117.0884255387772,371.0540438573851,1.0,145.27192788035904,364.2398072283007,1.0,96.85997860364698,450.7607142822224,1.0,140.39349418836974,449.1450015941909,1.0,125.92769123971615,463.668648548746,1.0,121.5746545191916,462.8201454965984,1.0,86.91075240081689,461.7534380557077,1.0,179.34686876075574,462.81858089942943,1.0,172.1653360043233,466.9074288986048,1.0,134.06719409935334,462.1299079625296,1.0,1.0,1.3220338983050848,166.4747871401525,164.8628987491516,False,161.3439156529151,201.08088308638065,False,120.93569868256822,197.84981821485576,False,150.893727605537,248.37606791231337,False,101.02790718342465,252.3171891590189,False,162.4445190568723,263.6315984875922,False,144.2418182832748,273.42943801891465,False,129.68884594280885,293.397344007479,False,115.16667247115916,292.70044314242404,False,117.0884255387772,371.0540438573851,False,145.27192788035904,364.2398072283007,False,96.85997860364698,450.7607142822224,False,140.39349418836974,449.1450015941909,False,True,95.96059324286219,174.976147299573,153.88917518655091
79,79,1.3389830508474576,1.3389830508474576,Sports2D_HALPE26_postprocessed,166.35927397181763,164.93206795909708,1.0,161.33134267359378,201.11013498252973,1.0,120.83134860016564,197.92378198481373,1.0,150.55907492492196,248.3709460134233,1.0,100.9677938594499,252.2920158281214,1.0,162.37791556615704,263.5655504537127,1.0,144.13285375688162,273.37301820548,1.0,130.03150600438323,293.4576492102672,1.0,115.1647315874829,292.6451311378071,1.0,117.1109737905386,371.2722668314913,1.0,146.0750139230962,363.9563945732657,1.0,96.91921290618929,450.8002132113276,1.0,140.94818865693713,449.13152079886027,1.0,125.9773756642292,463.71325359443216,1.0,121.42120741483338,462.8415190053325,1.0,86.9557433113134,461.799663754474,1.0,179.40748686717154,462.9047629321535,1.0,172.1004401836873,466.9317584395856,1.0,134.10508992052394,462.1144306977421,1.0,1.0,1.3389830508474576,166.35927397181763,164.93206795909708,False,161.33134267359378,201.11013498252973,False,120.83134860016564,197.92378198481373,False,150.55907492492196,248.3709460134233,False,100.9677938594499,252.2920158281214,False,162.37791556615704,263.5655504537127,False,144.13285375688162,273.37301820548,False,130.03150600438323,293.4576492102672,False,115.1647315874829,292.6451311378071,False,117.1109737905386,371.2722668314913,False,146.0750139230962,363.9563945732657,False,96.91921290618929,450.8002132113276,False,140.94818865693713,449.13152079886027,False,True,95.96012385774299,175.1814235369007,153.12083137303566
80,80,1.3559322033898304,1.3559322033898304,Sports2D_HALPE26_postprocessed,166.11928018762265,164.96842622679327,1.0,161.39571312753424,201.0667579577897,1.0,120.45642472547895,197.9205633610173,1.0,150.95876045165116,248.39931729618377,1.0,100.55404800649988,252.24692998495584,1.0,162.47056598382585,264.0296870791992,1.0,143.60861985742352,273.1025208037836,1.0,130.63945784731436,293.5102823352571,1.0,115.2293169729883,292.62933639521503,1.0,117.09993244085398,370.7731383923168,1.0,146.61660113597705,363.6509536572245,1.0,96.89195973226808,450.77792052221855,1.0,141.37346620059827,449.3718515014348,1.0,125.80662667101493,463.4185991139281,1.0,121.67880858713616,462.82446122074657,1.0,86.90269225481843,461.8152795023391,1.0,179.49555749143028,463.0069706487597,1.0,171.9934896236191,466.9576389496498,1.0,134.09681998728215,462.22028875184,1.0,1.0,1.3559322033898304,166.11928018762265,164.96842622679327,False,161.39571312753424,201.0667579577897,False,120.45642472547895,197.9205633610173,False,150.95876045165116,248.39931729618377,False,100.55404800649988,252.24692998495584,False,162.47056598382585,264.0296870791992,False,143.60861985742352,273.1025208037836,False,130.63945784731436,293.5102823352571,False,115.2293169729883,292.62933639521503,False,117.09993244085398,370.7731383923168,False,146.61660113597705,363.6509536572245,False,96.89195973226808,450.77792052221855,False,141.37346620059827,449.3718515014348,False,True,95.7252737260661,175.76404272397673,152.6573069731789
81,81,1.3728813559322033,1.3728813559322033,Sports2D_HALPE26_postprocessed,165.32281285277435,164.9702257063017,1.0,161.4197133271588,201.06347527015072,1.0,120.10353327947485,197.9337959993386,1.0,151.09536793057526,248.41846568116853,1.0,100.68712428303311,252.33631616948367,1.0,162.46780917444894,264.22053080632367,1.0,143.99088690268,272.9752372517641,1.0,130.9621479161001,293.568207485221,1.0,115.08050552494154,292.6436845513732,1.0,117.03041595836982,370.8468201804208,1.0,147.29384138106303,363.62299271676807,1.0,96.82618029907884,450.76018656457137,1.0,141.52803813509777,449.3652896650375,1.0,125.83576861879337,463.6202551025328,1.0,121.3748582390177,462.84751762816137,1.0,86.7947012104553,461.8357250122582,1.0,179.60951266314834,463.10773927219657,1.0,172.2904540231712,466.9612845815994,1.0,134.1479167808396,462.06026054847393,1.0,1.0,1.3728813559322033,165.32281285277435,164.9702257063017,False,161.4197133271588,201.06347527015072,False,120.10353327947485,197.9337959993386,False,151.09536793057526,248.41846568116853,False,100.68712428303311,252.33631616948367,False,162.46780917444894,264.22053080632367,False,143.99088690268,272.9752372517641,False,130.9621479161001,293.568207485221,False,115.08050552494154,292.6436845513732,False,117.03041595836982,370.8468201804208,False,147.29384138106303,363.62299271676807,False,96.82618029907884,450.76018656457137,False,141.52803813509777,449.3652896650375,False,True,95.84122168793618,176.03089702852213,151.74238996602577
82,82,1.3898305084745763,1.3898305084745763,Sports2D_HALPE26_postprocessed,165.88155274196652,165.12891640796286,1.0,161.41929535556895,201.2407718596997,1.0,120.00425168328486,197.9846392175616,1.0,151.10832051618067,248.5047750145937,1.0,100.81149328350936,252.3834973711891,1.0,162.4508962516178,264.494712218321,1.0,144.1221928140926,272.97603877215704,1.0,131.0122995612452,293.8412666195123,1.0,115.05516317700956,292.86511615385984,1.0,117.03057847709655,371.16363478495686,1.0,148.08700490855486,363.52485186888265,1.0,96.85645758513334,450.77067322602375,1.0,142.0892424437056,449.07092365493145,1.0,125.4304236232487,463.8494884019768,1.0,121.22227725031098,462.9278011655051,1.0,86.81780609589742,461.9220660353453,1.0,179.67188227970905,463.40954583148687,1.0,172.4496175862701,466.9834039960063,1.0,134.1984464815577,461.9355425104013,1.0,1.0,1.3898305084745763,165.88155274196652,165.12891640796286,False,161.41929535556895,201.2407718596997,False,120.00425168328486,197.9846392175616,False,151.10832051618067,248.5047750145937,False,100.81149328350936,252.3834973711891,False,162.4508962516178,264.494712218321,False,144.1221928140926,272.97603877215704,False,131.0122995612452,293.8412666195123,False,115.05516317700956,292.86511615385984,False,117.03057847709655,371.16363478495686,False,148.08700490855486,363.52485186888265,False,96.85645758513334,450.77067322602375,False,142.0892424437056,449.07092365493145,False,True,95.9956278673438,176.02909300855057,150.93443611053567
83,83,1.4067796610169492,1.4067796610169492,Sports2D_HALPE26_postprocessed,165.98584840054517,165.3014655877539,1.0,161.53671638727738,201.5040450190208,1.0,119.954846797541,197.89662432689016,1.0,150.766211955009,248.46799274305727,1.0,100.86755528671,252.21734298149937,1.0,162.79500757917265,264.71980031841457,1.0,144.122939360963,273.47098746257177,1.0,130.59275607079508,294.3323290076104,1.0,115.09267758936616,293.28941555009976,1.0,117.05989591936162,371.6275106832366,1.0,148.30192519479496,363.5619984726684,1.0,96.91957054433036,450.9460091194934,1.0,142.32033078720048,448.6993044448709,1.0,125.33729251733313,464.0244734883474,1.0,121.30073577337892,463.0340179872128,1.0,86.92636305077657,462.0459855590159,1.0,179.83082798297102,463.9042500381176,1.0,172.71312965003858,466.992002302142,1.0,134.2885539080316,461.6850982402264,1.0,1.0,1.4067796610169492,165.98584840054517,165.3014655877539,False,161.53671638727738,201.5040450190208,False,119.954846797541,197.89662432689016,False,150.766211955009,248.46799274305727,False,100.86755528671,252.21734298149937,False,162.79500757917265,264.71980031841457,False,144.122939360963,273.47098746257177,False,130.59275607079508,294.3323290076104,False,115.09267758936616,293.28941555009976,False,117.05989591936162,371.6275106832366,False,148.30192519479496,363.5619984726684,False,96.91957054433036,450.9460091194934,False,142.32033078720048,448.6993044448709,False,True,96.80678525739519,175.68342621438103,150.6867370128922
84,84,1.423728813559322,1.423728813559322,Sports2D_HALPE26_postprocessed,165.03960081872242,165.19426951490934,1.0,161.25678959569402,201.28750238293745,1.0,119.8598155490337,197.83503902173544,1.0,151.69040014253326,248.44512436993523,1.0,100.48021994528506,252.182983473153,1.0,163.07236820814754,264.5193614825388,1.0,144.04055781742915,273.2190364633965,1.0,131.12584562570487,293.9488692098263,1.0,115.18405860787244,293.00386847533974,1.0,116.99270604798122,371.1416437583717,1.0,149.1449987415042,363.1486709462108,1.0,96.8633004704882,450.8792936643072,1.0,142.5746422330329,447.80471154931615,1.0,126.2666512132339,463.91317037028347,1.0,122.90032136206716,462.94795141038094,1.0,87.21925589909239,462.00084438351263,1.0,179.72537595726612,464.0413007352689,1.0,172.52582509986672,467.0126819010452,1.0,134.512553623892,461.0921770266575,1.0,1.0,1.423728813559322,165.03960081872242,165.19426951490934,False,161.25678959569402,201.28750238293745,False,119.8598155490337,197.83503902173544,False,151.69040014253326,248.44512436993523,False,100.48021994528506,252.182983473153,False,163.07236820814754,264.5193614825388,False,144.04055781742915,273.2190364633965,False,131.12584562570487,293.9488692098263,False,115.18405860787244,293.00386847533974,False,116.99270604798122,371.1416437583717,False,149.1449987415042,363.1486709462108,False,96.8633004704882,450.8792936643072,False,142.5746422330329,447.80471154931615,False,True,96.15130347899597,176.20726874947354,149.72786913897218
85,85,1.4406779661016949,1.4406779661016949,Sports2D_HALPE26_postprocessed,165.91538585452582,165.13840293248603,1.0,161.496013470035,201.21509105589425,1.0,119.97591907874644,197.95867978417527,1.0,152.2004972164726,248.41483700961385,1.0,100.30894186044829,252.07250117216904,1.0,163.4103424273653,264.07405185342344,1.0,144.24864860126948,272.92171240696905,1.0,131.286465963815,293.8686149834315,1.0,115.19661327390236,292.89464037236314,1.0,116.67629601903658,370.79306846051605,1.0,150.56915333369182,363.2872898487703,1.0,96.4441669327695,450.93564057753855,1.0,142.81135680502032,447.3705418324327,1.0,126.34380687942742,463.9724532192155,1.0,122.64030779990055,462.9579438678803,1.0,86.64217298851828,462.0469741729331,1.0,179.8739338836121,463.8863074416006,1.0,172.7210675991049,467.0594630248144,1.0,134.601836941189,460.8925529447728,1.0,1.0,1.4406779661016949,165.91538585452582,165.13840293248603,False,161.496013470035,201.21509105589425,False,119.97591907874644,197.95867978417527,False,152.2004972164726,248.41483700961385,False,100.30894186044829,252.07250117216904,False,163.4103424273653,264.07405185342344,False,144.24864860126948,272.92171240696905,False,131.286465963815,293.8686149834315,False,115.19661327390236,292.89464037236314,False,116.67629601903658,370.79306846051605,False,150.56915333369182,363.2872898487703,False,96.4441669327695,450.93564057753855,False,142.81135680502032,447.3705418324327,False,True,95.41111956883822,176.58565393864143,148.04894727832564
86,86,1.4576271186440677,1.4576271186440677,Sports2D_HALPE26_postprocessed,167.80909086074092,165.1859483179236,1.0,161.88620524280287,201.25164497531387,1.0,119.91698735675028,198.1727858559943,1.0,151.70557256311474,248.40418230795268,1.0,100.56413165073084,251.84675817634616,1.0,163.2465749094028,264.2921971439104,1.0,144.63822852629082,273.17959911756844,1.0,131.1340189219813,293.8366151408624,1.0,115.0965860773816,292.8386562776043,1.0,116.71746572966148,371.2673667803237,1.0,151.38052663266942,363.47197859884585,1.0,96.0372418995144,451.0498423118534,1.0,143.15848029260331,447.2876449945116,1.0,126.7355378775534,463.7594333351768,1.0,123.5288683746232,462.6497754861449,1.0,86.09809391029324,462.1617372313602,1.0,180.1383957833246,464.0433810335492,1.0,173.04626897312636,467.1049690198563,1.0,134.9573394783297,460.5205823525994,1.0,1.0,1.4576271186440677,167.80909086074092,165.1859483179236,False,161.88620524280287,201.25164497531387,False,119.91698735675028,198.1727858559943,False,151.70557256311474,248.40418230795268,False,100.56413165073084,251.84675817634616,False,163.2465749094028,264.2921971439104,False,144.63822852629082,273.17959911756844,False,131.1340189219813,293.8366151408624,False,115.0965860773816,292.8386562776043,False,116.71746572966148,371.2673667803237,False,151.38052663266942,363.47197859884585,False,96.0372418995144,451.0498423118534,False,143.15848029260331,447.2876449945116,False,True,96.00057761174406,176.01524912490345,147.20808349058885
87,87,1.4745762711864407,1.4745762711864407,Sports2D_HALPE26_postprocessed,167.58985487752258,165.15516924272342,1.0,162.47481302715326,200.92333248192853,1.0,119.89224355296798,198.24889014141883,1.0,151.90434795601686,248.4166259609344,1.0,100.65725545520722,251.73343365719424,1.0,163.8559293351228,264.42193157728394,1.0,145.499575992411,272.80144559093065,1.0,131.99487577696237,293.8170469457358,1.0,115.48662607214364,292.77686148686865,1.0,116.2005567750334,371.1744548324738,1.0,152.5254505593327,363.2438256252594,1.0,95.88059252707284,450.7658541303734,1.0,143.76009037197292,447.3176155165096,1.0,127.55493282287962,463.59055428002506,1.0,123.79406866597662,462.555346743434,1.0,85.92491597867917,462.2761616452595,1.0,180.6274200415897,464.0663093294658,1.0,173.63405284984162,467.06507773588953,1.0,135.57030286817442,460.48814993095766,1.0,1.0,1.4745762711864407,167.58985487752258,165.15516924272342,False,162.47481302715326,200.92333248192853,False,119.89224355296798,198.24889014141883,False,151.90434795601686,248.4166259609344,False,100.65725545520722,251.73343365719424,False,163.8559293351228,264.42193157728394,False,145.499575992411,272.80144559093065,False,131.99487577696237,293.8170469457358,False,115.48662607214364,292.77686148686865,False,116.2005567750334,371.1744548324738,False,152.5254505593327,363.2438256252594,False,95.88059252707284,450.7658541303734,False,143.76009037197292,447.3176155165096,False,True,95.38484752468362,177.21778476033654,146.32066350293613
88,88,1.4915254237288136,1.4915254237288136,Sports2D_HALPE26_postprocessed,166.97428791700474,165.07012338953933,1.0,162.31138995870523,199.14448789845832,1.0,119.8926040441392,198.2112941222468,1.0,152.58031992148534,248.1378320271336,1.0,100.68531166938178,251.6432074340705,1.0,165.13428569083428,264.041331201481,1.0,145.43724946172776,270.3645411993532,1.0,135.89825187329734,293.8089190825567,1.0,116.3024819000069,292.6718239368085,1.0,115.99334172506704,370.9408018166287,1.0,153.0450616957324,363.1664004853495,1.0,96.18476137882016,450.1280564920868,1.0,143.9306586013647,447.2650644951418,1.0,127.5941760867258,463.3065689101177,1.0,124.10439165087178,462.6548907088685,1.0,87.02180570563856,462.0269636039648,1.0,180.32753289131887,463.7912708548318,1.0,173.4340918209604,466.7529740074091,1.0,135.43707166495756,460.5629434209263,1.0,1.0,1.4915254237288136,166.97428791700474,165.07012338953933,False,162.31138995870523,199.14448789845832,False,119.8926040441392,198.2112941222468,False,152.58031992148534,248.1378320271336,False,100.68531166938178,251.6432074340705,False,165.13428569083428,264.041331201481,False,145.43724946172776,270.3645411993532,False,135.89825187329734,293.8089190825567,False,116.3024819000069,292.6718239368085,False,115.99334172506704,370.9408018166287,False,153.0450616957324,363.1664004853495,False,96.18476137882016,450.1280564920868,False,143.9306586013647,447.2650644951418,False,True,92.92919417770564,179.57402600141248,146.2855273395429
89,89,1.5084745762711864,1.5084745762711864,Sports2D_HALPE26_postprocessed,166.70866942410242,165.045596969151,1.0,162.91273243824293,199.87963369154448,1.0,119.85811322797252,198.2229406687103,1.0,152.97541557488054,248.2839312038145,1.0,100.72845984699931,251.983543511831,1.0,165.27889151120976,263.1761038220752,1.0,145.94473821811528,271.6376248051951,1.0,133.19497723815186,293.85197717990394,1.0,116.6683964218303,292.6769787238504,1.0,115.88545298756146,371.3619934414732,1.0,153.40092179099366,362.8774160668028,1.0,95.83889327408126,450.374307596972,1.0,144.8136403367119,447.4505095045363,1.0,127.16597865186894,462.9361295340171,1.0,123.36816110348204,462.6463415193287,1.0,86.81859417854012,462.31359737605374,1.0,180.619283842854,463.50439159165785,1.0,174.89645311781854,466.5335627061987,1.0,135.81506802497591,460.58306238617206,1.0,1.0,1.5084745762711864,166.70866942410242,165.045596969151,False,162.91273243824293,199.87963369154448,False,119.85811322797252,198.2229406687103,False,152.97541557488054,248.2839312038145,False,100.72845984699931,251.983543511831,False,165.27889151120976,263.1761038220752,False,145.94473821811528,271.6376248051951,False,133.19497723815186,293.85197717990394,False,116.6683964218303,292.6769787238504,False,115.88545298756146,371.3619934414732,False,153.40092179099366,362.8774160668028,False,95.83889327408126,450.374307596972,False,144.8136403367119,447.4505095045363,False,True,93.90595418020415,178.35235609815695,146.581332364646
90,90,1.5254237288135593,1.5254237288135593,Sports2D_HALPE26_postprocessed,167.00080167964933,165.10694442510373,1.0,163.06102045586505,200.06265847845663,1.0,119.84056782494686,198.31462887586764,1.0,153.0896548367147,248.3378474563993,1.0,101.39891884402616,252.21673703743704,1.0,165.892160775431,262.7727467292348,1.0,146.82593684819335,271.58533828089713,1.0,132.76861855519087,293.7599405351472,1.0,116.91954577422868,292.50305404558804,1.0,116.28342750897882,372.18919721683625,1.0,154.01471281041827,362.8030727400592,1.0,95.88027763805286,451.0943149307184,1.0,144.8727418690203,447.6166432795952,1.0,127.06760179732125,463.32502017312765,1.0,123.17847998342876,462.7095537915079,1.0,86.32843136119621,462.6003623158056,1.0,182.2733964348318,463.3050937514424,1.0,175.6959116609302,466.3700014074661,1.0,135.85712058390953,460.5834365920756,1.0,1.0,1.5254237288135593,167.00080167964933,165.10694442510373,False,163.06102045586505,200.06265847845663,False,119.84056782494686,198.31462887586764,False,153.0896548367147,248.3378474563993,False,101.39891884402616,252.21673703743704,False,165.892160775431,262.7727467292348,False,146.82593684819335,271.58533828089713,False,132.76861855519087,293.7599405351472,False,116.91954577422868,292.50305404558804,False,116.28342750897882,372.18919721683625,False,154.01471281041827,362.8030727400592,False,95.88027763805286,451.0943149307184,False,144.8727418690203,447.6166432795952,False,True,94.20435005979296,177.37241761941524,146.02865882136692
91,91,1.542372881355932,1.542372881355932,Sports2D_HALPE26_postprocessed,166.2133342784385,165.05871992607476,1.0,163.22080589045686,199.87457331699247,1.0,119.7451376370756,198.24654704182416,1.0,154.26721297659054,248.0467771396756,1.0,101.49720037578562,252.5586674650041,1.0,166.4770300002828,262.95493044378185,1.0,148.12388144529223,271.2072459907931,1.0,135.07743998864836,293.50971044349154,1.0,117.41218387578544,292.2870090059216,1.0,116.3511832340668,371.68128792231,1.0,154.42341687290102,362.9761051440612,1.0,95.6670418417158,450.9869419351235,1.0,144.46903892810326,447.5714866485797,1.0,127.32633549165952,463.5501609787451,1.0,123.36854816721208,462.8004412615803,1.0,85.83065257851618,462.8076272950624,1.0,181.4836073812022,462.6793286494821,1.0,175.20920584283678,466.0352817384543,1.0,135.46157361720782,460.2401039420379,1.0,1.0,1.542372881355932,166.2133342784385,165.05871992607476,False,163.22080589045686,199.87457331699247,False,119.7451376370756,198.24654704182416,False,154.26721297659054,248.0467771396756,False,101.49720037578562,252.5586674650041,False,166.4770300002828,262.95493044378185,False,148.12388144529223,271.2072459907931,False,135.07743998864836,293.50971044349154,False,117.41218387578544,292.2870090059216,False,116.3511832340668,371.68128792231,False,154.42341687290102,362.9761051440612,False,95.6670418417158,450.9869419351235,False,144.46903892810326,447.5714866485797,False,True,93.22772931359496,178.85355694369184,145.65328965301035
92,92,1.5593220338983051,1.5593220338983051,Sports2D_HALPE26_postprocessed,166.5922735986203,164.91908460871667,1.0,163.14418600443383,198.71583510679432,1.0,119.86952466656538,198.17278513984184,1.0,155.93898807058903,246.57365395937128,1.0,102.04242111575844,252.30439651243785,1.0,168.42995193247856,262.0561820514905,1.0,147.9157892474317,269.0801395273551,1.0,137.95714883339562,293.5838775462912,1.0,118.17593321616629,292.18320854342664,1.0,116.51928677969278,371.41784923700754,1.0,154.58293412032057,363.16556537278063,1.0,96.021198587355,450.0208895933166,1.0,143.89281000673418,447.466245983925,1.0,127.46581732386164,463.2867788509453,1.0,123.89207035413942,462.8010922673143,1.0,86.22295755780206,462.4761374106504,1.0,180.2144913516978,462.8340902847299,1.0,172.89018116188382,465.6180835599166,1.0,134.5164500225339,460.3100216700133,1.0,1.0,1.5593220338983051,166.5922735986203,164.91908460871667,False,163.14418600443383,198.71583510679432,False,119.86952466656538,198.17278513984184,False,155.93898807058903,246.57365395937128,False,102.04242111575844,252.30439651243785,False,168.42995193247856,262.0561820514905,False,147.9157892474317,269.0801395273551,False,137.95714883339562,293.5838775462912,False,118.17593321616629,292.18320854342664,False,116.51928677969278,371.41784923700754,False,154.58293412032057,363.16556537278063,False,96.021198587355,450.0208895933166,False,143.89281000673418,447.466245983925,False,True,91.85909590597889,179.21687172403688,145.61954337607125
93,93,1.576271186440678,1.576271186440678,Sports2D_HALPE26_postprocessed,166.9089190830626,164.7894412624836,1.0,163.7333947975366,199.1886603527536,1.0,119.94447941850362,198.2767684856865,1.0,157.1511698972643,246.9612818789076,1.0,102.014712102898,252.3307974835133,1.0,168.4677948993588,261.43459484249263,1.0,148.92243735215715,269.2071472541661,1.0,137.27605600561407,293.5444983133008,1.0,118.88775070249766,291.90092953926563,1.0,118.3547963358286,370.4628412142267,1.0,155.07542653468454,363.050898327625,1.0,96.37397678519322,449.6208096041742,1.0,143.92181251752135,446.8777504111641,1.0,127.1943365094493,463.90687456019,1.0,123.44890066560744,463.14254328849097,1.0,85.99808177003759,462.4614360633502,1.0,180.2949211867772,463.0463767165628,1.0,173.11536621897514,465.58411187560455,1.0,134.49806562311073,460.4419064489143,1.0,1.0,1.576271186440678,166.9089190830626,164.7894412624836,False,163.7333947975366,199.1886603527536,False,119.94447941850362,198.2767684856865,False,157.1511698972643,246.9612818789076,False,102.014712102898,252.3307974835133,False,168.4677948993588,261.43459484249263,False,148.92243735215715,269.2071472541661,False,137.27605600561407,293.5444983133008,False,118.88775070249766,291.90092953926563,False,118.3547963358286,370.4628412142267,False,155.07542653468454,363.050898327625,False,96.37397678519322,449.6208096041742,False,143.92181251752135,446.8777504111641,False,True,91.43686935352848,178.3008133265082,145.46260281640693
94,94,1.5932203389830508,1.5932203389830508,Sports2D_HALPE26_postprocessed,167.11520524846622,164.75353549725816,1.0,163.72071857228104,199.32424081179755,1.0,120.02954409906675,198.3663934697373,1.0,158.85801004252275,247.26153683890504,1.0,103.51457977256976,252.4802454449761,1.0,170.8429432968939,261.6823033727489,1.0,149.15329144547763,268.86016430778164,1.0,137.97508660504766,293.63882424802944,1.0,119.85231489911332,292.01804785708134,1.0,119.70294816808769,370.86555926629694,1.0,155.04677796150483,363.1778041549426,1.0,96.66807349525853,449.58244560603873,1.0,143.2826677200058,447.382965692773,1.0,126.6420581007835,463.7683733617937,1.0,123.29076747373408,462.9633215697015,1.0,85.92564020298536,462.04405161198656,1.0,180.44847157245547,462.89229830529246,1.0,173.27187570057535,465.6839613636454,1.0,133.3900594897737,460.6054267536708,1.0,1.0,1.5932203389830508,167.11520524846622,164.75353549725816,False,163.72071857228104,199.32424081179755,False,120.02954409906675,198.3663934697373,False,158.85801004252275,247.26153683890504,False,103.51457977256976,252.4802454449761,False,170.8429432968939,261.6823033727489,False,149.15329144547763,268.86016430778164,False,137.97508660504766,293.63882424802944,False,119.85231489911332,292.01804785708134,False,119.70294816808769,370.86555926629694,False,155.04677796150483,363.1778041549426,False,96.66807349525853,449.58244560603873,False,143.2826677200058,447.382965692773,False,True,92.77164420131685,177.00057439020136,145.7305616976097
95,95,1.6101694915254237,1.6101694915254237,Sports2D_HALPE26_postprocessed,167.49154236187275,164.85973720058547,1.0,163.57143015059677,199.5266557024619,1.0,120.16606278175767,198.29730978276976,1.0,158.61244771642927,246.9654481225728,1.0,104.3558080785746,252.4277567225516,1.0,170.77189735159683,261.3146364483927,1.0,150.4066728121875,267.6454740013845,1.0,138.57975609168832,293.618780552961,1.0,120.5401498537697,292.1906238007406,1.0,121.26079554695828,370.79576215300494,1.0,154.58392091138455,363.5691078968761,1.0,97.20236432328464,449.0588363960875,1.0,141.89686656846652,447.9101254873136,1.0,125.91149369516422,463.37844540357537,1.0,122.87128806267656,462.8961696378705,1.0,86.1224747536093,461.2513159686095,1.0,178.96607525799786,462.9432343649352,1.0,171.10565342383757,465.8370413540524,1.0,132.43263174231774,460.8692826780301,1.0,1.0,1.6101694915254237,167.49154236187275,164.85973720058547,False,163.57143015059677,199.5266557024619,False,120.16606278175767,198.29730978276976,False,158.61244771642927,246.9654481225728,False,104.3558080785746,252.4277567225516,False,170.77189735159683,261.3146364483927,False,150.4066728121875,267.6454740013845,False,138.57975609168832,293.618780552961,False,120.5401498537697,292.1906238007406,False,121.26079554695828,370.79576215300494,False,154.58392091138455,363.5691078968761,False,97.20236432328464,449.0588363960875,False,141.89686656846652,447.9101254873136,False,True,92.00450663303849,175.56030300463493,145.94670386446737
96,96,1.6271186440677967,1.6271186440677967,Sports2D_HALPE26_postprocessed,167.9500196598513,164.889743021498,1.0,163.39337566296956,197.9705356880304,1.0,120.18109591002064,198.2037049847829,1.0,158.38705609816714,244.68118955215937,1.0,105.64783988875853,252.39488420820064,1.0,172.37396786263736,258.2329438574384,1.0,151.42095635711385,267.1099325257314,1.0,140.26392585112004,293.8073797134555,1.0,121.82367630275776,292.2557699369198,1.0,122.53367889775556,371.8449548223183,1.0,154.01157821643065,365.2564107487444,1.0,97.93972344275754,449.6737525218994,1.0,140.13794673167737,449.4485092857979,1.0,125.43413481681236,463.9946625302352,1.0,122.20186541214964,462.4527834848453,1.0,87.45631877509656,461.653911700046,1.0,177.26121602193015,463.21809152463567,1.0,169.49883178433265,466.068055133921,1.0,130.8736384367457,461.6190797182516,1.0,1.0,1.6271186440677967,167.9500196598513,164.889743021498,False,163.39337566296956,197.9705356880304,False,120.18109591002064,198.2037049847829,False,158.38705609816714,244.68118955215937,False,105.64783988875853,252.39488420820064,False,172.37396786263736,258.2329438574384,False,151.42095635711385,267.1099325257314,False,140.26392585112004,293.8073797134555,False,121.82367630275776,292.2557699369198,False,122.53367889775556,371.8449548223183,False,154.01157821643065,365.2564107487444,False,97.93972344275754,449.6737525218994,False,140.13794673167737,449.4485092857979,False,True,92.80885421303682,175.26380718086855,146.84863955861817
97,97,1.6440677966101696,1.6440677966101696,Sports2D_HALPE26_postprocessed,167.72516395351016,164.95473419496318,1.0,163.30257838875048,198.3832025532891,1.0,120.21124261461792,198.3600100768716,1.0,160.3901741829222,243.64836089045752,1.0,107.06647301688074,252.79947535005624,1.0,173.60545988814263,257.0332173165533,1.0,154.22261001973868,266.0753854368372,1.0,141.5202404545515,293.9614675269405,1.0,123.27766677590029,292.2874283163096,1.0,124.20978136208365,373.2415533470441,1.0,153.57025165910258,365.7538999769197,1.0,98.10255957234332,449.8754753019474,1.0,140.1782921250598,449.4826212807014,1.0,125.35856299950258,464.2711009991779,1.0,122.26600536239562,462.8385548023142,1.0,87.22466770935661,461.4948529684103,1.0,177.37713770616395,463.33073606129415,1.0,169.41018268852662,466.2227247768757,1.0,131.26226390187824,462.2319520414652,1.0,1.0,1.6440677966101696,167.72516395351016,164.95473419496318,False,163.30257838875048,198.3832025532891,False,120.21124261461792,198.3600100768716,False,160.3901741829222,243.64836089045752,False,107.06647301688074,252.79947535005624,False,173.60545988814263,257.0332173165533,False,154.22261001973868,266.0753854368372,False,141.5202404545515,293.9614675269405,False,123.27766677590029,292.2874283163096,False,124.20978136208365,373.2415533470441,False,153.57025165910258,365.7538999769197,False,98.10255957234332,449.8754753019474,False,140.1782921250598,449.4826212807014,False,True,92.1489315250395,173.50430721659373,148.5048901313607
98,98,1.6610169491525424,1.6610169491525424,Sports2D_HALPE26_postprocessed,167.46466114967342,164.90714476611998,1.0,162.9005093507375,197.99197074404955,1.0,120.19536031297903,198.6212869729465,1.0,161.37852174336086,242.37275167527577,1.0,108.32946932348185,253.6330586611341,1.0,174.4498518984957,255.7829600834358,1.0,154.5118160463089,263.968117197495,1.0,144.25283974913572,293.83557654353456,1.0,124.36234159927352,292.4022784598668,1.0,128.0952718249891,372.8404518648628,1.0,152.8489300843528,366.6915995071758,1.0,98.35464965134229,449.7016347514653,1.0,139.6168694364311,449.8283878060514,1.0,124.65915606010304,465.1741952416346,1.0,121.67222910485292,463.9826656321272,1.0,87.3736447568488,461.4947567219813,1.0,176.6117626167035,463.5045511999089,1.0,168.36977291010044,466.3685096065499,1.0,131.2900096837943,462.6644572787855,1.0,1.0,1.6610169491525424,167.46466114967342,164.90714476611998,False,162.9005093507375,197.99197074404955,False,120.19536031297903,198.6212869729465,False,161.37852174336086,242.37275167527577,False,108.32946932348185,253.6330586611341,False,174.4498518984957,255.7829600834358,False,154.5118160463089,263.968117197495,False,144.25283974913572,293.83557654353456,False,124.36234159927352,292.4022784598668,False,128.0952718249891,372.8404518648628,False,152.8489300843528,366.6915995071758,False,98.35464965134229,449.7016347514653,False,139.6168694364311,449.8283878060514,False,True,90.44221196591116,170.40495748858288,149.977094499525
99,99,1.6779661016949152,1.6779661016949152,Sports2D_HALPE26_postprocessed,166.99979919696017,164.84250312760344,1.0,162.54128643763792,197.2632036322088,1.0,120.03480033623104,198.75618434124144,1.0,162.93597844742533,241.1210751203748,1.0,109.74210500864147,254.8146225388137,1.0,176.87058467082247,252.3658796230725,1.0,156.833118231057,261.3279911664328,1.0,146.0565519938775,293.5587188195407,1.0,125.03439475037123,292.31392589010704,1.0,130.76325732692862,372.5901076831631,1.0,152.49576214904764,367.7258188730309,1.0,98.72846804942388,448.1946720079797,1.0,139.67349455579168,450.4742166812872,1.0,124.82930600957738,464.85684066663225,1.0,121.78500134568615,463.3435373423689,1.0,87.69267279316388,460.1203743392803,1.0,176.6588176696065,463.73915688737713,1.0,167.58920770722378,466.5171158993626,1.0,131.0068012401091,463.2029368886978,1.0,1.0,1.6779661016949152,166.99979919696017,164.84250312760344,False,162.54128643763792,197.2632036322088,False,120.03480033623104,198.75618434124144,False,162.93597844742533,241.1210751203748,False,109.74210500864147,254.8146225388137,False,176.87058467082247,252.3658796230725,False,156.833118231057,261.3279911664328,False,146.0565519938775,293.5587188195407,False,125.03439475037123,292.31392589010704,False,130.76325732692862,372.5901076831631,False,152.49576214904764,367.7258188730309,False,98.72846804942388,448.1946720079797,False,139.67349455579168,450.4742166812872,False,True,87.47087026491195,167.9887912262674,151.1826125283707
100,100,1.694915254237288,1.694915254237288,Sports2D_HALPE26_postprocessed,168.71243029404934,164.74753257782916,1.0,163.0214298875981,197.020281760843,1.0,119.7873223842991,198.5598242111044,1.0,164.37119936653997,242.1388150536468,1.0,111.2280402004493,255.4773718441756,1.0,177.94833916808042,250.90163434441897,1.0,158.38107400681724,259.29505155392195,1.0,148.99339544328475,293.2596289281734,1.0,126.44304274144476,292.1800582633191,1.0,134.68691370902016,372.36426118940784,1.0,151.9323344931685,369.30044956370216,1.0,100.73599276773612,446.625119200547,1.0,139.23177722015308,450.56929381516863,1.0,125.47314314295632,464.2608021632444,1.0,120.85818435832871,461.4555340261552,1.0,90.42824746580708,457.6646946441408,1.0,175.8510684345772,464.1643593865709,1.0,165.98806626726622,466.5235381375583,1.0,131.0238247680109,462.8527205790977,1.0,1.0,1.694915254237288,168.71243029404934,164.74753257782916,False,163.0214298875981,197.020281760843,False,119.7873223842991,198.5598242111044,False,164.37119936653997,242.1388150536468,False,111.2280402004493,255.4773718441756,False,177.94833916808042,250.90163434441897,False,158.38107400681724,259.29505155392195,False,148.99339544328475,293.2596289281734,False,126.44304274144476,292.1800582633191,False,134.68691370902016,372.36426118940784,False,151.9323344931685,369.30044956370216,False,100.73599276773612,446.625119200547,False,139.23177722015308,450.56929381516863,False,True,86.07669781274932,165.6822768423317,152.8283657084162
101,101,1.7118644067796611,1.7118644067796611,Sports2D_HALPE26_postprocessed,169.36956830680705,164.70170599519946,1.0,163.70089396051569,197.6025867293551,1.0,119.45867064665,198.3041804717953,1.0,166.20296078098113,243.13888361770023,1.0,114.12021380154412,254.9499295779688,1.0,180.3789636562537,252.0794995198185,1.0,159.62036776314542,258.57675851683587,1.0,149.6281668712004,293.8066520304466,1.0,127.549075696915,292.0873808267761,1.0,140.31021391394364,372.9705016306052,1.0,150.85062469751054,369.3529133708841,1.0,102.9251883729572,444.0342101305524,1.0,139.26045741293473,450.6351750473021,1.0,125.7801243938577,464.6021334097268,1.0,122.7961978005472,461.7372138761065,1.0,91.03784245293888,454.1774144851773,1.0,176.37772455193863,464.9027611971427,1.0,166.55366542821082,467.5215559270581,1.0,129.75916971230174,463.2059503210702,1.0,1.0,1.7118644067796611,169.36956830680705,164.70170599519946,False,163.70089396051569,197.6025867293551,False,119.45867064665,198.3041804717953,False,166.20296078098113,243.13888361770023,False,114.12021380154412,254.9499295779688,False,180.3789636562537,252.0794995198185,False,159.62036776314542,258.57675851683587,False,149.6281668712004,293.8066520304466,False,127.549075696915,292.0873808267761,False,140.31021391394364,372.9705016306052,False,150.85062469751054,369.3529133708841,False,102.9251883729572,444.0342101305524,False,139.26045741293473,450.6351750473021,False,True,89.17360939942438,158.9652384248513,155.10267739366287
102,102,1.728813559322034,1.728813559322034,Sports2D_HALPE26_postprocessed,169.34537721259585,164.5181583727284,1.0,163.0982777735007,196.3562530891124,1.0,119.11607059681668,197.34021273365525,1.0,164.3849125233264,240.43151071409525,1.0,115.836099976916,255.895796471475,1.0,179.43882855953223,245.37203887910084,1.0,161.90288288432063,256.2214153184957,1.0,151.06089418307755,292.06939994193027,1.0,128.83719890686174,291.7703818507419,1.0,147.97311414251962,372.3886721625382,1.0,150.2390984405564,369.4606539518158,1.0,104.63419925862917,440.2160988509683,1.0,138.95082783861352,450.5397293084403,1.0,125.84727128464652,466.4070584965859,1.0,122.87998663585078,462.1755250055602,1.0,91.69147877971676,452.0218136041059,1.0,176.2405384539577,465.42853679785503,1.0,166.79858793272527,468.005064683124,1.0,129.78871228502953,463.98769900743446,1.0,1.0,1.728813559322034,169.34537721259585,164.5181583727284,False,163.0982777735007,196.3562530891124,False,119.11607059681668,197.34021273365525,False,164.3849125233264,240.43151071409525,False,115.836099976916,255.895796471475,False,179.43882855953223,245.37203887910084,False,161.90288288432063,256.2214153184957,False,151.06089418307755,292.06939994193027,False,128.83719890686174,291.7703818507419,False,147.97311414251962,372.3886721625382,False,150.2390984405564,369.4606539518158,False,104.63419925862917,440.2160988509683,False,138.95082783861352,450.5397293084403,False,True,87.19893046080234,149.62469293821567,156.67225169370616
103,103,1.7457627118644068,1.7457627118644068,Sports2D_HALPE26_postprocessed,170.50148546288025,164.24498860775535,1.0,163.0220584051703,195.28660102813828,1.0,119.18885345651223,196.47367506225527,1.0,165.09147012639153,239.84336493935,1.0,118.06622251100964,255.79335210448704,1.0,182.0551336073361,240.9218512079945,1.0,162.87037735622502,251.97584965184217,1.0,152.56646720432616,291.5190281828321,1.0,129.1657608172154,291.9504065543915,1.0,162.47147805288006,368.9645567513807,1.0,150.36958295616074,370.5631600588779,1.0,107.8859741471701,436.1067058868003,1.0,138.76232887496727,450.954975489331,1.0,127.68600908451153,465.2922246991736,1.0,125.7034315096784,460.6006601683818,1.0,95.62196732160652,445.21516371902425,1.0,176.47432608142418,465.8953300324743,1.0,166.37382188830213,468.2619321576186,1.0,129.54839932364598,464.2318718457101,1.0,1.0,1.7457627118644068,170.50148546288025,164.24498860775535,False,163.0220584051703,195.28660102813828,False,119.18885345651223,196.47367506225527,False,165.09147012639153,239.84336493935,False,118.06622251100964,255.79335210448704,False,182.0551336073361,240.9218512079945,False,162.87037735622502,251.97584965184217,False,152.56646720432616,291.5190281828321,False,129.1657608172154,291.9504065543915,False,162.47147805288006,368.9645567513807,False,150.36958295616074,370.5631600588779,False,107.8859741471701,436.1067058868003,False,138.76232887496727,450.954975489331,False,True,84.04572199756701,133.60107466728934,156.68932314445266
104,104,1.7627118644067796,1.7627118644067796,Sports2D_HALPE26_postprocessed,170.6737174776629,164.24337011317724,1.0,163.41229761595267,194.3431537589285,1.0,119.19737489954426,196.14995185422205,1.0,170.17521604583746,239.82491080916083,1.0,118.42330537131129,254.9664806922605,1.0,185.8739370962868,240.3213373755534,1.0,165.74251312232772,248.77212782268387,1.0,153.1410972810341,291.7472518789877,1.0,128.80111401753803,291.9386502041899,1.0,168.29857399437174,369.601193615059,1.0,149.698948350889,371.1727678822032,1.0,112.96328693720278,433.48900299997774,1.0,139.132587392026,451.0534337185126,1.0,127.2536250378944,459.7504722943356,1.0,128.23619945731613,456.0177462282248,1.0,101.01164724090872,438.69369943103817,1.0,175.74207507083338,465.8730550708357,1.0,165.24250989120526,468.43056574634863,1.0,129.82781471741046,464.3197084137479,1.0,1.0,1.7627118644067796,170.6737174776629,164.24337011317724,False,163.41229761595267,194.3431537589285,False,119.19737489954426,196.14995185422205,False,170.17521604583746,239.82491080916083,False,118.42330537131129,254.9664806922605,False,185.8739370962868,240.3213373755534,False,165.74251312232772,248.77212782268387,False,153.1410972810341,291.7472518789877,False,128.80111401753803,291.9386502041899,False,168.29857399437174,369.601193615059,False,149.698948350889,371.1727678822032,False,112.96328693720278,433.48900299997774,False,139.132587392026,451.0534337185126,False,True,81.78805298281345,128.0859471603515,157.68966578306996
105,105,1.7796610169491525,1.7796610169491525,Sports2D_HALPE26_postprocessed,170.10560972174338,164.191155651416,1.0,163.2790716412984,193.1735753599877,1.0,119.2975335705962,195.48522589775416,1.0,168.40927663144242,239.55165674766067,1.0,120.40607177690693,253.89798792378696,1.0,186.31927679838665,240.478498459264,1.0,167.88640893485706,244.8838123422049,1.0,153.99228170066442,291.2397886693764,1.0,129.6026139120699,291.8796501097144,1.0,173.01822273959732,366.3113565204392,1.0,148.7490448265456,370.67078012881456,1.0,118.34137232329591,427.5996460346901,1.0,138.83806788629,451.289676260281,1.0,137.9882942957637,456.8843858570774,1.0,137.214769589988,450.9310976366804,1.0,104.2524647282333,432.6061819110042,1.0,174.49703471542148,466.4759348080559,1.0,164.31483938295636,469.3454206776971,1.0,129.19376908397382,464.77892915681815,1.0,1.0,1.7796610169491525,170.10560972174338,164.191155651416,False,163.2790716412984,193.1735753599877,False,119.2975335705962,195.48522589775416,False,168.40927663144242,239.55165674766067,False,120.40607177690693,253.89798792378696,False,186.31927679838665,240.478498459264,False,167.88640893485706,244.8838123422049,False,153.99228170066442,291.2397886693764,False,129.6026139120699,291.8796501097144,False,173.01822273959732,366.3113565204392,False,148.7490448265456,370.67078012881456,False,118.34137232329591,427.5996460346901,False,138.83806788629,451.289676260281,False,True,80.33749892843882,124.04157677488703,159.33316751575944
106,106,1.7966101694915255,1.7966101694915255,Sports2D_HALPE26_postprocessed,169.60508016031935,164.17842830889322,1.0,163.34491229020995,192.4025326901409,1.0,118.9817545437183,195.04469606026672,1.0,170.77980750542957,238.772028242448,1.0,120.82710298625108,252.58999797241472,1.0,188.3168401036956,235.90037702290024,1.0,168.87602319167055,242.03199981932067,1.0,155.51723124374467,290.2628122822906,1.0,129.91175435205204,291.3670817271664,1.0,177.98939931334684,363.8278889777597,1.0,147.45916520875858,370.17092434805113,1.0,125.60563469023484,424.9709476591623,1.0,138.8284107863151,451.27213686556354,1.0,149.9953567161689,454.5920294517144,1.0,147.02598933800215,448.4455392071736,1.0,108.3092547636418,431.05238758991567,1.0,174.70244409388204,466.73921805429495,1.0,164.44706991729143,469.7577133214935,1.0,127.51473842549528,465.5367123427767,1.0,1.0,1.7966101694915255,169.60508016031935,164.17842830889322,False,163.34491229020995,192.4025326901409,False,118.9817545437183,195.04469606026672,False,170.77980750542957,238.772028242448,False,120.82710298625108,252.58999797241472,False,188.3168401036956,235.90037702290024,False,168.87602319167055,242.03199981932067,False,155.51723124374467,290.2628122822906,False,129.91175435205204,291.3670817271664,False,177.98939931334684,363.8278889777597,False,147.45916520875858,370.17092434805113,False,125.60563469023484,424.9709476591623,False,138.8284107863151,451.27213686556354,False,True,79.44381774854641,122.42546771197684,161.37210762112818
107,107,1.8135593220338984,1.8135593220338984,Sports2D_HALPE26_postprocessed,171.2976406191629,164.0968563111629,1.0,163.03780029765272,192.56266824938007,1.0,119.21640461084854,194.7238860196245,1.0,172.90073797748926,237.536368018608,1.0,122.87406133307309,251.05042478897528,1.0,190.33005293358227,232.48005278965684,1.0,170.75412777148478,239.5984423776905,1.0,156.49010505918247,289.847244850502,1.0,130.01903865165693,291.1144928317055,1.0,183.04240829461423,360.1837919987938,1.0,146.98857365216557,370.3627290761551,1.0,130.8511839646202,422.19556229876304,1.0,138.23628626780973,451.0763711757118,1.0,161.18158437491127,448.1472039985404,1.0,158.15785809548572,442.93225235837656,1.0,113.49048757984582,429.12710587650673,1.0,174.5197412338606,466.7923278438051,1.0,165.10047302526124,469.874707764116,1.0,126.5902471937007,465.59600346406654,1.0,1.0,1.8135593220338984,171.2976406191629,164.0968563111629,False,163.03780029765272,192.56266824938007,False,119.21640461084854,194.7238860196245,False,172.90073797748926,237.536368018608,False,122.87406133307309,251.05042478897528,False,190.33005293358227,232.48005278965684,False,170.75412777148478,239.5984423776905,False,156.49010505918247,289.847244850502,False,130.01903865165693,291.1144928317055,False,183.04240829461423,360.1837919987938,False,146.98857365216557,370.3627290761551,False,130.8511839646202,422.19556229876304,False,138.23628626780973,451.0763711757118,False,True,80.26404641079864,119.23318421657693,161.72493682350932
108,108,1.8305084745762712,1.8305084745762712,Sports2D_HALPE26_postprocessed,171.7886236483174,163.5807757253486,1.0,163.1227897533437,192.5374908268585,1.0,118.68192667535276,194.423175026394,1.0,175.41331890833638,240.5447953705316,1.0,126.10867513351604,249.75356920759063,1.0,192.16241511521085,230.6954658194148,1.0,171.98374475508783,237.5059628905492,1.0,156.9828191985408,290.9171970486216,1.0,130.21885847447828,291.7822841134582,1.0,188.2211133841248,357.40454509285706,1.0,145.6598142771394,372.7818115234606,1.0,135.47479007816088,420.1680526393126,1.0,137.96670595039035,451.1914034449216,1.0,159.38863694223818,451.1917215721222,1.0,158.44621583933326,445.36607968324194,1.0,120.13178540892493,422.9968219389208,1.0,173.84230828339287,466.36139611662463,1.0,164.89369558751162,469.5676023532613,1.0,126.99934870879169,464.5749753790836,1.0,1.0,1.8305084745762712,171.7886236483174,163.5807757253486,False,163.1227897533437,192.5374908268585,False,118.68192667535276,194.423175026394,False,175.41331890833638,240.5447953705316,False,126.10867513351604,249.75356920759063,False,192.16241511521085,230.6954658194148,False,171.98374475508783,237.5059628905492,False,156.9828191985408,290.9171970486216,False,130.21885847447828,291.7822841134582,False,188.2211133841248,357.40454509285706,False,145.6598142771394,372.7818115234606,False,135.47479007816088,420.1680526393126,False,137.96670595039035,451.1914034449216,False,True,82.69682356733767,114.79044530607952,163.6035826473463
109,109,1.847457627118644,1.847457627118644,Sports2D_HALPE26_postprocessed,173.22852184600453,163.16240048292633,1.0,163.26787303850725,192.1602162417841,1.0,119.04114259978766,193.4108692192545,1.0,178.96728673387105,241.53178813779584,1.0,132.30287573402555,247.3840429501077,1.0,193.12383596505697,225.0548263190408,1.0,175.26056014531065,228.07036559578472,1.0,159.75140436757022,288.6481959887268,1.0,130.59661124700085,291.54285240167053,1.0,203.02159809851025,343.5963840341465,1.0,143.9049839274029,371.9866800009789,1.0,164.91514799330247,413.7563141589728,1.0,136.7927783969739,451.4115091244668,1.0,184.3068855007793,445.4119430743907,1.0,182.3327988301245,440.2398536141001,1.0,153.62765215162705,421.6692969678832,1.0,173.0982301997594,466.4812952629485,1.0,164.16117008596086,469.46026696321,1.0,126.83804945753334,464.41831431952505,1.0,1.0,1.847457627118644,173.22852184600453,163.16240048292633,False,163.26787303850725,192.1602162417841,False,119.04114259978766,193.4108692192545,False,178.96728673387105,241.53178813779584,False,132.30287573402555,247.3840429501077,False,193.12383596505697,225.0548263190408,False,175.26056014531065,228.07036559578472,False,159.75140436757022,288.6481959887268,False,130.59661124700085,291.54285240167053,False,203.02159809851025,343.5963840341465,False,143.9049839274029,371.9866800009789,False,164.91514799330247,413.7563141589728,False,136.7927783969739,451.4115091244668,False,True,79.59608010067309,113.2725165399745,165.4892693026244
110,110,1.8644067796610169,1.8644067796610169,Sports2D_HALPE26_postprocessed,173.5485134318522,163.75840877139842,1.0,163.85153659532446,192.07128851686628,1.0,119.25426186667352,193.1749579249065,1.0,177.73133215467314,241.75300557912155,1.0,131.84413262201122,245.52108642388,1.0,191.2108099561732,224.68718558211737,1.0,174.9650011419347,225.74099564257045,1.0,159.32103057198924,288.407134712748,1.0,130.63656701968725,291.4895515890957,1.0,206.59110359429303,338.73982490054505,1.0,143.6508320252154,372.24474372206754,1.0,171.59090862390448,412.4160666656357,1.0,136.6106394903856,451.79632679864,1.0,191.06147123518625,441.21677821726905,1.0,191.0167700449261,436.1040149019104,1.0,160.29775688380326,419.6678363998956,1.0,172.78148490828636,466.4296032552961,1.0,163.63542799397405,468.95956816690807,1.0,126.9426834270926,464.0341053792604,1.0,1.0,1.8644067796610169,173.5485134318522,163.75840877139842,False,163.85153659532446,192.07128851686628,False,119.25426186667352,193.1749579249065,False,177.73133215467314,241.75300557912155,False,131.84413262201122,245.52108642388,False,191.2108099561732,224.68718558211737,False,174.9650011419347,225.74099564257045,False,159.32103057198924,288.407134712748,False,130.63656701968725,291.4895515890957,False,206.59110359429303,338.73982490054505,False,143.6508320252154,372.24474372206754,False,171.59090862390448,412.4160666656357,False,136.6106394903856,451.79632679864,False,True,78.88194072342097,111.38701588611227,165.78768540646536
111,111,1.88135593220339,1.88135593220339,Sports2D_HALPE26_postprocessed,173.9432042971216,163.96255136684636,1.0,163.88197692657025,191.9496960659545,1.0,120.34921984997868,192.6507350904897,1.0,177.5334625061462,241.0910896621137,1.0,134.25727778221366,244.01113988912164,1.0,191.3458474646122,222.2068112211501,1.0,177.34490876742285,221.31565173666684,1.0,159.45491348653223,287.1037879949404,1.0,130.910706475699,291.1394779337618,1.0,210.9019387522896,333.0641926493024,1.0,143.30195196739086,371.2713453199551,1.0,181.22334844282207,409.7016697664096,1.0,136.47173172101856,451.13764569575466,1.0,203.7445022184519,436.43282107941695,1.0,202.71502061579744,432.2927075108535,1.0,168.91293469018578,418.8727501890948,1.0,172.8667876327322,465.6409290435523,1.0,163.8908565806426,468.5521766503068,1.0,126.71574176561248,463.80161438218136,1.0,1.0,1.88135593220339,173.9432042971216,163.96255136684636,False,163.88197692657025,191.9496960659545,False,120.34921984997868,192.6507350904897,False,177.5334625061462,241.0910896621137,False,134.25727778221366,244.01113988912164,False,191.3458474646122,222.2068112211501,False,177.34490876742285,221.31565173666684,False,159.45491348653223,287.1037879949404,False,130.910706475699,291.1394779337618,False,210.9019387522896,333.0641926493024,False,143.30195196739086,371.2713453199551,False,181.22334844282207,409.7016697664096,False,136.47173172101856,451.13764569575466,False,True,77.37487590840539,110.60676785536914,166.32157228564728
112,112,1.8983050847457628,1.8983050847457628,Sports2D_HALPE26_postprocessed,173.94486964192652,163.8928173035656,1.0,164.19640673120685,191.85758940663715,1.0,120.86097513786623,191.4061216403294,1.0,174.12219951104925,240.8730282812857,1.0,136.08554613851243,242.5801066955872,1.0,191.0734538405374,224.24668338145867,1.0,179.28789667509403,217.9920735256018,1.0,158.78668573626302,285.70631694172187,1.0,130.5682333158973,290.32419088906016,1.0,212.4401873784979,328.064803629565,1.0,142.99770536682323,371.37499020345206,1.0,189.239858249723,407.3175627968407,1.0,136.63794388265126,450.9987811055972,1.0,217.24342246136555,435.3645436573615,1.0,214.7171557547088,431.1107092684148,1.0,174.7977216925706,418.2973551067896,1.0,172.73806309918683,464.1656399767722,1.0,164.1680505535565,467.4418128254697,1.0,127.30313706486544,463.3217046898629,1.0,1.0,1.8983050847457628,173.94486964192652,163.8928173035656,False,164.19640673120685,191.85758940663715,False,120.86097513786623,191.4061216403294,False,174.12219951104925,240.8730282812857,False,136.08554613851243,242.5801066955872,False,191.0734538405374,224.24668338145867,False,179.28789667509403,217.9920735256018,False,158.78668573626302,285.70631694172187,False,130.5682333158973,290.32419088906016,False,212.4401873784979,328.064803629565,False,142.99770536682323,371.37499020345206,False,189.239858249723,407.3175627968407,False,136.63794388265126,450.9987811055972,False,True,76.92227843654608,111.97368308445476,166.71471100188506
113,113,1.915254237288136,1.915254237288136,Sports2D_HALPE26_postprocessed,174.96511237426776,164.0457957253441,1.0,164.29508229175585,191.2279955536212,1.0,121.8450690901748,190.6657854270333,1.0,179.06153095805277,240.374040608161,1.0,135.66898734893738,241.04119913904785,1.0,192.5414580322058,220.6048350538317,1.0,178.45413536603684,217.14164498526463,1.0,159.72330563552572,285.94742793031406,1.0,131.0740602172644,290.89343368747967,1.0,215.3975480512318,323.96306616222097,1.0,142.64208060696788,371.0241589356634,1.0,198.8942910195352,404.70686528328775,1.0,136.36436105198254,450.9572205796246,1.0,225.4803266046892,431.4203404616353,1.0,223.42357134220683,427.3219558895263,1.0,186.5830587069377,414.9886113022895,1.0,172.4200405031694,463.8225155183161,1.0,164.03370659529384,467.1013396786856,1.0,127.01495481435109,463.4813732650998,1.0,1.0,1.915254237288136,174.96511237426776,164.0457957253441,False,164.29508229175585,191.2279955536212,False,121.8450690901748,190.6657854270333,False,179.06153095805277,240.374040608161,False,135.66898734893738,241.04119913904785,False,192.5414580322058,220.6048350538317,False,178.45413536603684,217.14164498526463,False,159.72330563552572,285.94742793031406,False,131.0740602172644,290.89343368747967,False,215.3975480512318,323.96306616222097,False,142.64208060696788,371.0241589356634,False,198.8942910195352,404.70686528328775,False,136.36436105198254,450.9572205796246,False,True,76.15775155665443,112.7745465021976,167.2946530002531
114,114,1.9322033898305084,1.9322033898305084,Sports2D_HALPE26_postprocessed,174.8675286028257,163.68250474876714,1.0,165.9268398606333,190.881801475686,1.0,122.52141360293194,190.4119064189896,1.0,180.6703338992915,239.43690408903183,1.0,138.06332631124175,240.12876728268907,1.0,193.2639396020853,219.06355337175523,1.0,178.85034964130665,215.21013682645955,1.0,159.66333869721214,284.7332902542222,1.0,130.95603016261072,290.822282506027,1.0,217.695397278615,318.3749008094113,1.0,142.8567830675454,370.1499638112178,1.0,208.61412317235403,399.06715233643934,1.0,136.16170860087104,450.8854545429692,1.0,235.18435542149948,427.5906662588531,1.0,233.1359544198096,423.4830405853983,1.0,197.3561333983824,410.2650724404344,1.0,172.72596325087164,463.3823163589191,1.0,164.04583963636043,466.7013221928439,1.0,126.67042597696624,463.3353047108964,1.0,1.0,1.9322033898305084,174.8675286028257,163.68250474876714,False,165.9268398606333,190.881801475686,False,122.52141360293194,190.4119064189896,False,180.6703338992915,239.43690408903183,False,138.06332631124175,240.12876728268907,False,193.2639396020853,219.06355337175523,False,178.85034964130665,215.21013682645955,False,159.66333869721214,284.7332902542222,False,130.95603016261072,290.822282506027,False,217.695397278615,318.3749008094113,False,142.8567830675454,370.1499638112178,False,208.61412317235403,399.06715233643934,False,136.16170860087104,450.8854545429692,False,True,75.93704927821109,113.68001666786014,166.72763808079537
115,115,1.9491525423728813,1.9491525423728813,Sports2D_HALPE26_postprocessed,175.72920673836842,163.2609902960004,1.0,165.58873852554407,190.7028058240829,1.0,122.79842857669084,189.809599528718,1.0,180.76033687356585,239.9334035803928,1.0,139.68785152183932,238.7406484338648,1.0,194.8558396849084,217.8904779376104,1.0,179.30899588134525,214.97948138217296,1.0,160.49084196121805,283.615321561065,1.0,131.22683314015134,290.5554430951153,1.0,218.5101476182548,314.177896966234,1.0,142.36971940705462,367.8000517763479,1.0,217.717169747836,396.3558333529657,1.0,136.38188545471166,450.7177991776158,1.0,246.1298456885406,424.7728345602141,1.0,244.15179172029207,419.7688521022485,1.0,207.3403767640853,407.5218451243288,1.0,173.0577962352293,462.8519043398167,1.0,163.2752938073077,466.6343925713835,1.0,126.24554370353638,463.237200173252,1.0,1.0,1.9491525423728813,175.72920673836842,163.2609902960004,False,165.58873852554407,190.7028058240829,False,122.79842857669084,189.809599528718,False,180.76033687356585,239.9334035803928,False,139.68785152183932,238.7406484338648,False,194.8558396849084,217.8904779376104,False,179.30899588134525,214.97948138217296,False,160.49084196121805,283.615321561065,False,131.22683314015134,290.5554430951153,False,218.5101476182548,314.177896966234,False,142.36971940705462,367.8000517763479,False,217.717169747836,396.3558333529657,False,136.38188545471166,450.7177991776158,False,True,78.09151980527533,117.22585963523761,167.66105317011375
116,116,1.9661016949152543,1.9661016949152543,Sports2D_HALPE26_postprocessed,176.84533996031723,163.02529071063313,1.0,164.95334306892056,191.4954058103204,1.0,122.35529495153376,190.3683010618805,1.0,180.5913792769288,242.4730668558488,1.0,142.85962042566402,238.2468683278205,1.0,194.95541668017296,216.49211415708487,1.0,181.5512915313862,214.3564311128374,1.0,160.78078518106955,281.7088310964091,1.0,131.94373152069247,289.0203576994702,1.0,219.0601376911434,310.15080265716426,1.0,142.44672528629275,364.4464861197534,1.0,225.55804969929423,391.62177792860433,1.0,136.44651168349444,450.1690519592776,1.0,254.3800346493953,418.7395343398994,1.0,253.5806725727269,415.2768663156926,1.0,212.80680074602787,402.7190553211329,1.0,173.35740193359743,463.398137094052,1.0,164.67008921405142,466.8594181994323,1.0,126.33668063468834,462.94151300921385,1.0,1.0,1.9661016949152543,176.84533996031723,163.02529071063313,False,164.95334306892056,191.4954058103204,False,122.35529495153376,190.3683010618805,False,180.5913792769288,242.4730668558488,False,142.85962042566402,238.2468683278205,False,194.95541668017296,216.49211415708487,False,181.5512915313862,214.3564311128374,False,160.78078518106955,281.7088310964091,False,131.94373152069247,289.0203576994702,False,219.0601376911434,310.15080265716426,False,142.44672528629275,364.4464861197534,False,225.55804969929423,391.62177792860433,False,136.44651168349444,450.1690519592776,False,True,81.48982254586078,120.57379271455946,168.0686807224906
117,117,1.9830508474576272,1.9830508474576272,Sports2D_HALPE26_postprocessed,176.475506447716,163.31234715837556,1.0,165.15933113202806,190.5108925883356,1.0,123.21546661194311,190.0602130669347,1.0,180.58432866724883,242.27277999756933,1.0,144.3707770924531,238.15019733058008,1.0,195.1460299306417,212.9083062321196,1.0,182.221605978735,211.8888453371296,1.0,160.30639183110594,281.78291839525417,1.0,131.74552280897,289.4546941237318,1.0,220.1629610861716,304.5632881175801,1.0,142.78202919677938,363.99452584971993,1.0,234.7998047936425,387.26971976417815,1.0,136.49617950750633,449.88745302876055,1.0,263.5910784584137,411.80441354815775,1.0,262.7272626485619,407.7630633852506,1.0,227.59550166273743,400.49286042956567,1.0,173.23516641839484,462.5478234463021,1.0,165.48776872515015,466.1875275035908,1.0,126.53615035840872,462.779136285772,1.0,1.0,1.9830508474576272,176.475506447716,163.31234715837556,False,165.15933113202806,190.5108925883356,False,123.21546661194311,190.0602130669347,False,180.58432866724883,242.27277999756933,False,144.3707770924531,238.15019733058008,False,195.1460299306417,212.9083062321196,False,182.221605978735,211.8888453371296,False,160.30639183110594,281.78291839525417,False,131.74552280897,289.4546941237318,False,220.1629610861716,304.5632881175801,False,142.78202919677938,363.99452584971993,False,234.7998047936425,387.26971976417815,False,136.49617950750633,449.88745302876055,False,True,78.99184971889447,120.87187463163882,167.3922880782316
118,118,2.0,2.0,Sports2D_HALPE26_postprocessed,175.90290913204373,163.35867097129778,1.0,165.4280344971421,190.42895949907648,1.0,123.95660572010428,189.64530410157943,1.0,180.65895673423864,241.69060997417563,1.0,145.20500664322515,238.06363958890017,1.0,196.54594993094864,212.7654859071256,1.0,182.8067304291729,212.3755433881136,1.0,160.5166397880673,280.23790987587915,1.0,132.17407204301563,288.4088853256159,1.0,221.2594784857989,300.38780665847634,1.0,143.1931567104098,364.01305132264207,1.0,238.77291399229296,381.2624398165357,1.0,136.34210410031628,449.8141722042775,1.0,269.95622339443304,403.4893668230269,1.0,268.9745423606646,400.437016530188,1.0,229.8833000444308,394.45869585201046,1.0,172.8763077983439,463.27165678686265,1.0,165.61614386593558,465.6389852266864,1.0,126.947733131302,462.4699571519548,1.0,1.0,2.0,175.90290913204373,163.35867097129778,False,165.4280344971421,190.42895949907648,False,123.95660572010428,189.64530410157943,False,180.65895673423864,241.69060997417563,False,145.20500664322515,238.06363958890017,False,196.54594993094864,212.7654859071256,False,182.8067304291729,212.3755433881136,False,160.5166397880673,280.23790987587915,False,132.17407204301563,288.4088853256159,False,221.2594784857989,300.38780665847634,False,143.1931567104098,364.01305132264207,False,238.77291399229296,381.2624398165357,False,136.34210410031628,449.8141722042775,False,True,79.35484912531223,120.57071557963572,167.14242473100543
119,119,2.016949152542373,2.016949152542373,Sports2D_HALPE26_postprocessed,176.4816233826151,164.2291538472814,1.0,165.65339904870055,190.46480061671065,1.0,124.09035949260524,190.04333606205137,1.0,180.47959509774844,242.29612503178475,1.0,145.21820348480725,238.5082024231214,1.0,196.0373359940261,213.9246812552693,1.0,183.0164761365063,211.23392077354043,1.0,160.7236253823597,279.1335399731,1.0,132.45135031883268,287.2133040511422,1.0,221.5271169349749,295.3753886685444,1.0,143.25720161479663,363.822607859407,1.0,243.5251819672609,375.306929893235,1.0,136.32269510995758,449.63898804450014,1.0,275.8463714548961,396.4608980153717,1.0,274.8462747856445,393.4140135380725,1.0,236.2803154888716,389.47946425163127,1.0,172.90961496303038,463.65714547445697,1.0,165.7849818984874,466.43805332967673,1.0,127.12776452010246,462.5683841951181,1.0,1.0,2.016949152542373,176.4816233826151,164.2291538472814,False,165.65339904870055,190.46480061671065,False,124.09035949260524,190.04333606205137,False,180.47959509774844,242.29612503178475,False,145.21820348480725,238.5082024231214,False,196.0373359940261,213.9246812552693,False,183.0164761365063,211.23392077354043,False,160.7236253823597,279.1335399731,False,132.45135031883268,287.2133040511422,False,221.5271169349749,295.3753886685444,False,143.25720161479663,363.822607859407,False,243.5251819672609,375.306929893235,False,136.32269510995758,449.63898804450014,False,True,77.7411151778412,120.3431888805677,167.35149045317812
120,120,2.0338983050847457,2.0338983050847457,Sports2D_HALPE26_postprocessed,176.47074431640263,164.2142147487399,1.0,167.3697371520222,191.289961503807,1.0,124.57170725641804,189.79439691290008,1.0,178.7896964427212,244.08828626957188,1.0,144.9908458136077,238.0509062114693,1.0,196.53009561266649,217.4663330515171,1.0,183.539626171772,208.66434721388976,1.0,161.7169976180869,278.22612342593897,1.0,133.56973678557534,286.20459802680045,1.0,222.26902595005475,291.4136813977816,1.0,143.30530394128994,363.7030555245773,1.0,246.86711662312788,371.1265465946263,1.0,136.53927031358336,450.0037921320073,1.0,279.89941321540067,390.6418972466569,1.0,279.00654124436,387.2071334248202,1.0,237.7244039112188,385.6287416330193,1.0,173.563623890193,465.043487145813,1.0,166.07357744908535,467.7553267389161,1.0,127.42073571633696,462.54965556682566,1.0,1.0,2.0338983050847457,176.47074431640263,164.2142147487399,False,167.3697371520222,191.289961503807,False,124.57170725641804,189.79439691290008,False,178.7896964427212,244.08828626957188,False,144.9908458136077,238.0509062114693,False,196.53009561266649,217.4663330515171,False,183.539626171772,208.66434721388976,False,161.7169976180869,278.22612342593897,False,133.56973678557534,286.20459802680045,False,222.26902595005475,291.4136813977816,False,143.30530394128994,363.7030555245773,False,246.86711662312788,371.1265465946263,False,136.53927031358336,450.0037921320073,False,True,75.61599614801256,119.43589599873175,168.35699958590098
121,121,2.0508474576271185,2.0508474576271185,Sports2D_HALPE26_postprocessed,177.59723874555362,165.61919693704783,1.0,167.51301516688025,190.8750049358128,1.0,125.61732148230548,189.6456316330277,1.0,181.4319743841163,242.54496069769823,1.0,145.12727161707153,237.58850071741568,1.0,196.16787063206905,214.2489036672195,1.0,184.7589465962718,209.6694856396167,1.0,161.7601300023391,276.37445158682266,1.0,133.4903739793562,284.9844916031117,1.0,222.7793975118743,286.3801639691327,1.0,143.71692225548227,363.608254270419,1.0,250.1701545863479,363.9167071124093,1.0,136.978905015726,449.9970444645727,1.0,282.87189760583504,384.1262376193864,1.0,280.8546994160806,379.9260974635076,1.0,243.9987459132668,379.221702697524,1.0,174.19802469306,465.252994890306,1.0,165.8316882086625,467.7255143821488,1.0,128.16455175355628,462.1513861299581,1.0,1.0,2.0508474576271185,177.59723874555362,165.61919693704783,False,167.51301516688025,190.8750049358128,False,125.61732148230548,189.6456316330277,False,181.4319743841163,242.54496069769823,False,145.12727161707153,237.58850071741568,False,196.16787063206905,214.2489036672195,False,184.7589465962718,209.6694856396167,False,161.7601300023391,276.37445158682266,False,133.4903739793562,284.9844916031117,False,222.7793975118743,286.3801639691327,False,143.71692225548227,363.608254270419,False,250.1701545863479,363.9167071124093,False,136.978905015726,449.9970444645727,False,True,76.98020853354483,118.76868231503623,168.1293386030395
122,122,2.067796610169492,2.067796610169492,Sports2D_HALPE26_postprocessed,178.78886859971487,166.33464033043614,1.0,167.83980068990405,191.04774924763552,1.0,126.91071881147872,189.84264843432425,1.0,182.0172505987196,242.64674932403017,1.0,145.39073610256386,237.640731098468,1.0,196.2815616057128,213.52531804622427,1.0,184.9949750195348,207.4322111726129,1.0,162.74362162123185,276.3115659670405,1.0,134.9072406320047,285.27607320968696,1.0,223.5618717042224,283.1841167444473,1.0,143.48534827746062,362.9691901001872,1.0,251.9400832683052,359.4673299385328,1.0,137.14845106238516,449.9907017428512,1.0,286.425544592862,378.5434772441683,1.0,284.3962179206357,373.31628809228266,1.0,245.845540068098,373.7196043376512,1.0,174.5141806546621,465.5760668542905,1.0,165.74739683542754,468.25578868914135,1.0,128.34312893242603,461.9033388851602,1.0,1.0,2.067796610169492,178.78886859971487,166.33464033043614,False,167.83980068990405,191.04774924763552,False,126.91071881147872,189.84264843432425,False,182.0172505987196,242.64674932403017,False,145.39073610256386,237.640731098468,False,196.2815616057128,213.52531804622427,False,184.9949750195348,207.4322111726129,False,162.74362162123185,276.3115659670405,False,134.9072406320047,285.27607320968696,False,223.5618717042224,283.1841167444473,False,143.48534827746062,362.9691901001872,False,251.9400832683052,359.4673299385328,False,137.14845106238516,449.9907017428512,False,True,73.80290433727106,116.85292332979074,169.53456327271724
123,123,2.084745762711864,2.084745762711864,Sports2D_HALPE26_postprocessed,180.06200277510283,165.8224471944391,1.0,169.7344446548434,191.3104050896556,1.0,127.30369718056988,189.2543126327844,1.0,183.73463558019867,243.0105641815065,1.0,145.59470472077768,237.0240855380341,1.0,197.2691395649023,213.5952064708684,1.0,185.314513762627,206.4755051426937,1.0,163.32070291033227,275.6408793302696,1.0,134.93960433401992,285.0175316708821,1.0,223.9550712513836,278.07871233174546,1.0,143.54846556181585,363.5202005728288,1.0,252.58218277093715,355.9717296214722,1.0,137.34236888245115,449.9937068055056,1.0,287.2636169851647,374.5885409139378,1.0,285.2329057999861,369.63746700652734,1.0,246.392051925806,369.3616045913399,1.0,174.52855164449576,465.8784122867785,1.0,165.65725641037687,468.7425705623799,1.0,128.57407684367917,461.6978819144331,1.0,1.0,2.084745762711864,180.06200277510283,165.8224471944391,False,169.7344446548434,191.3104050896556,False,127.30369718056988,189.2543126327844,False,183.73463558019867,243.0105641815065,False,145.59470472077768,237.0240855380341,False,197.2691395649023,213.5952064708684,False,185.314513762627,206.4755051426937,False,163.32070291033227,275.6408793302696,False,134.93960433401992,285.0175316708821,False,223.9550712513836,278.07871233174546,False,143.54846556181585,363.5202005728288,False,252.58218277093715,355.9717296214722,False,137.34236888245115,449.9937068055056,False,True,73.38785003153056,112.48166870748463,169.6367544435886
124,124,2.101694915254237,2.101694915254237,Sports2D_HALPE26_postprocessed,180.044434300469,165.30514207351672,1.0,169.90389476254134,192.7329510304833,1.0,128.00335836368302,188.8189398597788,1.0,180.67293857846173,244.4503556969821,1.0,145.52779954214046,236.3383703554124,1.0,196.3889270960593,213.5306706630856,1.0,185.1795554912761,205.49934825354,1.0,163.89910203110082,274.94749483844424,1.0,135.43085304254927,284.9921251976806,1.0,223.154879068812,270.1389350782476,1.0,143.5282383584796,364.3417642065141,1.0,251.04674567360487,351.65778414438,1.0,137.4615757129012,449.9758013955558,1.0,286.6306914729251,369.54395336410914,1.0,284.94039754639607,366.1393689879105,1.0,241.8735942249494,365.34719529488166,1.0,174.734519140646,465.6960032157842,1.0,166.2131983363266,468.5572626660528,1.0,128.3901942360279,461.8172955408013,1.0,1.0,2.101694915254237,180.044434300469,165.30514207351672,False,169.90389476254134,192.7329510304833,False,128.00335836368302,188.8189398597788,False,180.67293857846173,244.4503556969821,False,145.52779954214046,236.3383703554124,False,196.3889270960593,213.5306706630856,False,185.1795554912761,205.49934825354,False,163.89910203110082,274.94749483844424,False,135.43085304254927,284.9921251976806,False,223.154879068812,270.1389350782476,False,143.5282383584796,364.3417642065141,False,251.04674567360487,351.65778414438,False,137.4615757129012,449.9758013955558,False,True,72.36933107772525,104.24916140048701,170.12101732389726
125,125,2.1186440677966103,2.1186440677966103,Sports2D_HALPE26_postprocessed,181.52845292821567,165.36438862969052,1.0,171.98616750904796,192.31145731650315,1.0,127.92649079752476,189.5617128182107,1.0,185.1276385176401,244.64277552635616,1.0,146.6724542044596,237.5244650802392,1.0,197.69037726398616,213.34560751525115,1.0,186.43910476317552,204.23395321609664,1.0,164.01684156468644,274.33480703100633,1.0,135.77329767452972,284.5018093016976,1.0,223.17634903682543,268.17483696292504,1.0,144.1082555572243,363.9083315671261,1.0,248.6759931923484,347.23570945058805,1.0,137.61730476608813,449.6448030373323,1.0,283.24520344151256,368.2768578989745,1.0,282.2298547438501,363.5941817028078,1.0,242.45700236508048,359.9148809602911,1.0,174.813821265882,465.5988065163551,1.0,165.32955290269578,468.5390460967716,1.0,128.48595760462072,461.5887489085038,1.0,1.0,2.1186440677966103,181.52845292821567,165.36438862969052,False,171.98616750904796,192.31145731650315,False,127.92649079752476,189.5617128182107,False,185.1276385176401,244.64277552635616,False,146.6724542044596,237.5244650802392,False,197.69037726398616,213.34560751525115,False,186.43910476317552,204.23395321609664,False,164.01684156468644,274.33480703100633,False,135.77329767452972,284.5018093016976,False,223.17634903682543,268.17483696292504,False,144.1082555572243,363.9083315671261,False,248.6759931923484,347.23570945058805,False,137.61730476608813,449.6448030373323,False,True,71.41348772209557,101.93167254904714,169.678354227183
126,126,2.135593220338983,2.135593220338983,Sports2D_HALPE26_postprocessed,183.1135604311372,165.36828433080578,1.0,171.20936775286322,192.11868188576256,1.0,129.88949869182355,189.67963842031844,1.0,186.27468789465087,244.4627917372708,1.0,145.35785119783844,238.2080821222964,1.0,198.25318991109268,214.13112757954053,1.0,186.0034315790001,205.07775725595656,1.0,163.87009235157225,274.1941886328946,1.0,135.95786062319445,284.2202361513756,1.0,222.6353174848732,264.6758620078002,1.0,145.05030298879348,363.7927215053375,1.0,246.150020625642,343.58025211283746,1.0,137.51441747808911,449.5357460705425,1.0,278.7782335478159,365.7198510351332,1.0,278.7444889305349,361.6865074512884,1.0,238.0896777054778,354.3692011855434,1.0,174.95552646506843,465.6101257337957,1.0,165.20533089239743,468.5533316525266,1.0,128.4823442203572,461.4138080840869,1.0,1.0,2.135593220338983,183.1135604311372,165.36828433080578,False,171.20936775286322,192.11868188576256,False,129.88949869182355,189.67963842031844,False,186.27468789465087,244.4627917372708,False,145.35785119783844,238.2080821222964,False,198.25318991109268,214.13112757954053,False,186.0034315790001,205.07775725595656,False,163.87009235157225,274.1941886328946,False,135.95786062319445,284.2202361513756,False,222.6353174848732,264.6758620078002,False,145.05030298879348,363.7927215053375,False,246.150020625642,343.58025211283746,False,137.51441747808911,449.5357460705425,False,True,68.49601385318402,97.39443826221044,168.45853045024543
127,127,2.152542372881356,2.152542372881356,Sports2D_HALPE26_postprocessed,185.0561320371558,165.46522427673463,1.0,172.8014167471232,191.85691686612563,1.0,130.30929674329798,189.5696723369917,1.0,188.82720273184907,243.20356558418337,1.0,143.9239881623954,237.3550465167964,1.0,198.3559143155242,214.7374861096781,1.0,184.50440557272367,207.57926401460983,1.0,163.43031494701154,273.823461455001,1.0,135.5721396878087,283.167179767143,1.0,221.4945724503428,260.4873917409822,1.0,146.15321513595995,363.5056636998772,1.0,242.09134437913067,340.57062081399044,1.0,137.6485059039015,449.64597386374425,1.0,273.60426281632385,364.0451400352596,1.0,273.5928991847307,360.0203474459821,1.0,234.8765260831437,352.47329717379625,1.0,175.1222555553721,465.61548131658105,1.0,166.01587301472733,468.4724291972462,1.0,128.59354335173822,461.09466337394446,1.0,1.0,2.152542372881356,185.0561320371558,165.46522427673463,False,172.8014167471232,191.85691686612563,False,130.30929674329798,189.5696723369917,False,188.82720273184907,243.20356558418337,False,143.9239881623954,237.3550465167964,False,198.3559143155242,214.7374861096781,False,184.50440557272367,207.57926401460983,False,163.43031494701154,273.823461455001,False,135.5721396878087,283.167179767143,False,221.4945724503428,260.4873917409822,False,146.15321513595995,363.5056636998772,False,242.09134437913067,340.57062081399044,False,137.6485059039015,449.64597386374425,False,True,69.63369202282823,91.4881892668212,166.85838695138395
128,128,2.169491525423729,2.169491525423729,Sports2D_HALPE26_postprocessed,185.9731389082163,165.4440873136381,1.0,173.7121099538607,191.8609345710128,1.0,130.9683408615744,189.6540354479789,1.0,188.160304282468,239.9663716949516,1.0,144.50833201481407,236.59902468773743,1.0,198.50948242182068,214.07741394678783,1.0,184.94015537661187,209.02719577263733,1.0,163.82098056573204,273.6274252600941,1.0,135.6362643160191,283.0558127580426,1.0,219.61106503411145,257.4892755505369,1.0,146.12763014589024,364.4317160511496,1.0,238.4131257238028,337.90415076370294,1.0,138.1601065451994,449.9589224971204,1.0,268.11975538959297,361.9040672819253,1.0,268.13119445520454,357.7276658068917,1.0,228.4149078054703,349.10236708789006,1.0,175.40114376267428,465.86047272067367,1.0,167.5108313558999,468.8228217308514,1.0,128.76063751474925,461.3665986223828,1.0,1.0,2.169491525423729,185.9731389082163,165.4440873136381,False,173.7121099538607,191.8609345710128,False,130.9683408615744,189.6540354479789,False,188.160304282468,239.9663716949516,False,144.50833201481407,236.59902468773743,False,198.50948242182068,214.07741394678783,False,184.94015537661187,209.02719577263733,False,163.82098056573204,273.6274252600941,False,135.6362643160191,283.0558127580426,False,219.61106503411145,257.4892755505369,False,146.12763014589024,364.4317160511496,False,238.4131257238028,337.90415076370294,False,138.1601065451994,449.9589224971204,False,True,71.79735058468621,87.0267599869571,167.3314946993505
129,129,2.1864406779661016,2.1864406779661016,Sports2D_HALPE26_postprocessed,187.3446239609765,165.7587605096029,1.0,172.54535912124393,191.6626720904796,1.0,133.22643840045444,188.8206319674372,1.0,192.2396972690592,238.91796463636592,1.0,146.17218515183976,236.32679990168324,1.0,198.42720929390123,210.2664228645345,1.0,185.15971985116943,206.20834868861647,1.0,163.93696713183294,272.8867551230977,1.0,135.32448126516664,283.05408389483944,1.0,218.13346843319005,253.65384932270243,1.0,146.5541434469874,364.59288842727767,1.0,233.44464426545835,335.1540572104473,1.0,138.3130406776607,449.7696289689161,1.0,259.62669932728784,362.5520543772591,1.0,261.17745688640974,359.5165261068524,1.0,223.3122810173713,348.2472678525783,1.0,175.29901099450367,465.35042492856144,1.0,168.14078978911067,468.6735254828834,1.0,128.76503227981263,460.95926535767967,1.0,1.0,2.1864406779661016,187.3446239609765,165.7587605096029,False,172.54535912124393,191.6626720904796,False,133.22643840045444,188.8206319674372,False,192.2396972690592,238.91796463636592,False,146.17218515183976,236.32679990168324,False,198.42720929390123,210.2664228645345,False,185.15971985116943,206.20834868861647,False,163.93696713183294,272.8867551230977,False,135.32448126516664,283.05408389483944,False,218.13346843319005,253.65384932270243,False,146.5541434469874,364.59288842727767,False,233.44464426545835,335.1540572104473,False,138.3130406776607,449.7696289689161,False,True,67.55673186830644,81.10152241127601,166.6321219885293
130,130,2.2033898305084745,2.2033898305084745,Sports2D_HALPE26_postprocessed,188.1103420578196,165.74461395837685,1.0,174.50860854450912,191.3693030083951,1.0,134.2006969148973,188.96798791201,1.0,193.166183884942,236.1489047228967,1.0,144.64848440640296,235.818466193962,1.0,197.36584717625863,210.4323324882361,1.0,184.1398140076996,210.3307565815201,1.0,163.97858713429008,271.2943703569186,1.0,135.0607494560201,282.3923078260688,1.0,218.02742533467529,251.8015766607462,1.0,147.12521758475654,365.0100951326324,1.0,228.99302191990688,334.82714248072426,1.0,138.25639826503863,450.1312992156249,1.0,256.0830195662648,362.3439811039744,1.0,255.4052314959579,360.27320671513064,1.0,218.8746350998328,346.98543811531624,1.0,175.39996863749877,465.0242518535154,1.0,169.14765140156604,468.6346253994613,1.0,128.52769555258757,461.6131671524112,1.0,1.0,2.2033898305084745,188.1103420578196,165.74461395837685,False,174.50860854450912,191.3693030083951,False,134.2006969148973,188.96798791201,False,193.166183884942,236.1489047228967,False,144.64848440640296,235.818466193962,False,197.36584717625863,210.4323324882361,False,184.1398140076996,210.3307565815201,False,163.97858713429008,271.2943703569186,False,135.0607494560201,282.3923078260688,False,218.02742533467529,251.8015766607462,False,147.12521758475654,365.0100951326324,False,228.99302191990688,334.82714248072426,False,138.25639826503863,450.1312992156249,False,True,69.73321570510697,77.69187629624541,165.74374967382983
131,131,2.220338983050848,2.220338983050848,Sports2D_HALPE26_postprocessed,189.5169388199396,165.6805325073357,1.0,175.47449422239708,192.13929033049584,1.0,135.02609395505195,188.9321010461024,1.0,190.09319746775407,236.4919448826135,1.0,144.28070969473504,236.39500336479992,1.0,197.0910786493596,213.7317288146349,1.0,183.94105133546728,211.12412371625203,1.0,163.58948902769515,271.0671967676602,1.0,134.80981298385683,282.32085263089266,1.0,217.1594839490545,248.88317405317264,1.0,146.61063763179695,366.105702909678,1.0,226.09116970284043,332.9899353352412,1.0,138.192379134213,450.5115530816085,1.0,247.50206947884385,363.2338397444902,1.0,248.8179486762667,361.1493995950308,1.0,213.1718561867124,345.0557507067824,1.0,174.9881062015579,464.4073034045938,1.0,168.67005267737852,468.5652850025289,1.0,128.3980388517913,462.1939638839479,1.0,1.0,2.220338983050848,189.5169388199396,165.6805325073357,False,175.47449422239708,192.13929033049584,False,135.02609395505195,188.9321010461024,False,190.09319746775407,236.4919448826135,False,144.28070969473504,236.39500336479992,False,197.0910786493596,213.7317288146349,False,183.94105133546728,211.12412371625203,False,163.58948902769515,271.0671967676602,False,134.80981298385683,282.32085263089266,False,217.1594839490545,248.88317405317264,False,146.61063763179695,366.105702909678,False,226.09116970284043,332.9899353352412,False,138.192379134213,450.5115530816085,False,True,68.52887463939085,73.5667109655316,166.2872247676783
132,132,2.23728813559322,2.23728813559322,Sports2D_HALPE26_postprocessed,188.65203461184151,165.64924481022902,1.0,174.47471849751926,192.6191891756669,1.0,134.8072728406615,188.7778455864412,1.0,187.4907993398092,236.1963877106949,1.0,143.41657289867902,236.1275376397496,1.0,196.6406060703609,219.01834930430672,1.0,184.18322299431568,215.27004819474985,1.0,163.26866729474057,270.649448183564,1.0,134.55672675545637,282.9535798900462,1.0,216.30526808682183,250.18528530484124,1.0,147.09409961202653,367.2329007991044,1.0,215.4652447695474,332.9595627528774,1.0,138.09060027702884,450.9088773764332,1.0,238.6860814614726,361.8796551732845,1.0,239.70081776576944,358.5444052111125,1.0,203.53912930468115,343.18931929180536,1.0,174.7695512850559,464.6636367938952,1.0,168.32030044675457,468.99307439669246,1.0,128.370175341241,462.14012566764166,1.0,1.0,2.23728813559322,188.65203461184151,165.64924481022902,False,174.47471849751926,192.6191891756669,False,134.8072728406615,188.7778455864412,False,187.4907993398092,236.1963877106949,False,143.41657289867902,236.1275376397496,False,196.6406060703609,219.01834930430672,False,184.18322299431568,215.27004819474985,False,163.26866729474057,270.649448183564,False,134.55672675545637,282.9535798900462,False,216.30526808682183,250.18528530484124,False,147.09409961202653,367.2329007991044,False,215.4652447695474,332.9595627528774,False,138.09060027702884,450.9088773764332,False,True,73.2094557466461,68.31946260789233,165.3973697668673
133,133,2.254237288135593,2.254237288135593,Sports2D_HALPE26_postprocessed,188.3134998263833,168.00408561894818,1.0,174.6989258825884,192.9865172006214,1.0,136.1769994729684,188.9460222876931,1.0,180.6974840864899,231.4318642041193,1.0,143.26330910255945,237.41331130112084,1.0,197.59316985887745,216.2096588027944,1.0,183.10135874281747,217.2396791788705,1.0,162.90173013485438,271.3681932350315,1.0,134.33706174519824,282.72705017681125,1.0,215.63957893686205,248.1897533734249,1.0,147.30442276530803,367.4188783848267,1.0,208.50874022292635,332.5728574842012,1.0,138.10316593946618,451.0177298280669,1.0,229.7520785534599,364.9388079989855,1.0,231.90180322713616,361.9046492109717,1.0,197.29142095744376,343.68541776450405,1.0,174.23250547765497,464.2813494770873,1.0,167.88553242251857,468.787808586101,1.0,128.20216830292517,462.1231456157572,1.0,1.0,2.254237288135593,188.3134998263833,168.00408561894818,False,174.6989258825884,192.9865172006214,False,136.1769994729684,188.9460222876931,False,180.6974840864899,231.4318642041193,False,143.26330910255945,237.41331130112084,False,197.59316985887745,216.2096588027944,False,183.10135874281747,217.2396791788705,False,162.90173013485438,271.3681932350315,False,134.33706174519824,282.72705017681125,False,215.63957893686205,248.1897533734249,False,147.30442276530803,367.4188783848267,False,208.50874022292635,332.5728574842012,False,138.10316593946618,451.0177298280669,False,True,71.46092233030362,61.44403598178104,165.01397274487732
134,134,2.2711864406779663,2.2711864406779663,Sports2D_HALPE26_postprocessed,189.59442473352564,168.18376013967122,1.0,174.0719378375004,193.1635518041267,1.0,137.65716875588305,188.4905678895112,1.0,178.13193558260195,233.33459791128817,1.0,142.66383873719846,238.71199808970232,1.0,195.20101238864504,218.2650875307053,1.0,180.60630800645657,219.01691544968804,1.0,162.8291568809639,271.4476047561636,1.0,134.1369418826351,282.5001413110621,1.0,215.42399939954367,249.43174322845945,1.0,147.713660725833,368.5833531585325,1.0,201.87418649252595,333.55467131723816,1.0,138.00307583936126,451.4952234005007,1.0,217.9566476876208,365.64220199271216,1.0,222.98163768301103,363.6074411276731,1.0,190.84771905940065,343.62292552556295,1.0,174.04865354531353,464.7901814556597,1.0,167.68360175651696,469.171043178804,1.0,128.10631672309904,462.50033512581706,1.0,1.0,2.2711864406779663,189.59442473352564,168.18376013967122,False,174.0719378375004,193.1635518041267,False,137.65716875588305,188.4905678895112,False,178.13193558260195,233.33459791128817,False,142.66383873719846,238.71199808970232,False,195.20101238864504,218.2650875307053,False,180.60630800645657,219.01691544968804,False,162.8291568809639,271.4476047561636,False,134.1369418826351,282.5001413110621,False,215.42399939954367,249.43174322845945,False,147.713660725833,368.5833531585325,False,201.87418649252595,333.55467131723816,False,138.00307583936126,451.4952234005007,False,True,68.26030348110052,58.135997802164994,164.35734045062975
135,135,2.288135593220339,2.288135593220339,Sports2D_HALPE26_postprocessed,188.9667955145892,168.84568299525407,1.0,174.48470139129873,193.33315776175908,1.0,138.06049979558958,189.10957902487849,1.0,177.54781366032745,236.45821964395844,1.0,140.71269419024918,239.3648271909084,1.0,193.096697909214,218.5995300184248,1.0,179.640990036121,218.6478163692511,1.0,162.66435515195366,271.70680797300827,1.0,134.02152480635868,282.00817563794647,1.0,215.43227278166896,253.5534501828196,1.0,148.21268442435587,369.1084229376335,1.0,194.27191791793564,333.302268967514,1.0,138.10758541925287,451.4651100294399,1.0,208.239467752491,365.5235653331271,1.0,212.44298095744875,364.4414698582335,1.0,183.17037805208733,343.2667341106108,1.0,174.02056442061885,465.63019919727776,1.0,167.08877291390652,469.8447032520494,1.0,128.36885284650555,462.3653778347543,1.0,1.0,2.288135593220339,188.9667955145892,168.84568299525407,False,174.48470139129873,193.33315776175908,False,138.06049979558958,189.10957902487849,False,177.54781366032745,236.45821964395844,False,140.71269419024918,239.3648271909084,False,193.096697909214,218.5995300184248,False,179.640990036121,218.6478163692511,False,162.66435515195366,271.70680797300827,False,134.02152480635868,282.00817563794647,False,215.43227278166896,253.5534501828196,False,148.21268442435587,369.1084229376335,False,194.27191791793564,333.302268967514,False,138.10758541925287,451.4651100294399,False,True,64.99976474375536,56.15532775670896,163.750984315856
136,136,2.305084745762712,2.305084745762712,Sports2D_HALPE26_postprocessed,191.1757374619654,167.8119578334183,1.0,177.70258731888873,194.8338047984732,1.0,137.98060614050084,190.49027161669173,1.0,180.16525824324933,237.45868322749536,1.0,139.50724937437087,239.65162637523747,1.0,194.57941398680856,225.4713684376165,1.0,179.53661296558195,222.6472095092828,1.0,162.78667014064465,270.9471579099918,1.0,133.72947269767053,281.74383134282425,1.0,215.594967612372,256.3911705367415,1.0,150.02802890560983,368.6981305019903,1.0,186.874721243746,335.23556757452,1.0,138.31243751619945,451.5839991472328,1.0,197.9947294577999,367.19091752493466,1.0,201.73533568565608,366.3112615056102,1.0,174.96800074269137,342.14995849976594,1.0,173.9181934751763,465.9837828879728,1.0,165.88651353062295,469.94605677328514,1.0,128.39551196576178,462.474961103672,1.0,1.0,2.305084745762712,191.1757374619654,167.8119578334183,False,177.70258731888873,194.8338047984732,False,137.98060614050084,190.49027161669173,False,180.16525824324933,237.45868322749536,False,139.50724937437087,239.65162637523747,False,194.57941398680856,225.4713684376165,False,179.53661296558195,222.6472095092828,False,162.78667014064465,270.9471579099918,False,133.72947269767053,281.74383134282425,False,215.594967612372,256.3911705367415,False,150.02802890560983,368.6981305019903,False,186.874721243746,335.23556757452,False,138.31243751619945,451.5839991472328,False,True,68.7629593868416,54.57484896519495,161.33852843551193
137,137,2.3220338983050848,2.3220338983050848,Sports2D_HALPE26_postprocessed,191.345765276712,170.89246968457977,1.0,180.02722031800172,194.86991448818213,1.0,139.3915998217623,191.4841724915897,1.0,182.3928652598105,233.3328283178461,1.0,137.4977075448247,240.25485270848745,1.0,197.5366678879793,224.4030100025335,1.0,177.4105795759888,228.8792189503724,1.0,162.83002984727273,271.6984866834309,1.0,133.4386909913698,281.9313061560873,1.0,215.7557454309707,260.378675478098,1.0,150.65030215627692,367.8564563999833,1.0,181.9091118818834,335.7362694329516,1.0,138.59524544973863,451.50131675587534,1.0,188.4619453892913,369.9082972294825,1.0,190.4047298613405,369.64670057658265,1.0,168.64633112407637,343.81504820170085,1.0,173.56747649357078,466.0498354625928,1.0,165.65825480392803,469.80020497096393,1.0,128.4390352468239,462.3114892032983,1.0,1.0,2.3220338983050848,191.345765276712,170.89246968457977,False,180.02722031800172,194.86991448818213,False,139.3915998217623,191.4841724915897,False,182.3928652598105,233.3328283178461,False,137.4977075448247,240.25485270848745,False,197.5366678879793,224.4030100025335,False,177.4105795759888,228.8792189503724,False,162.83002984727273,271.6984866834309,False,133.4386909913698,281.9313061560873,False,215.7557454309707,260.378675478098,False,150.65030215627692,367.8564563999833,False,181.9091118818834,335.7362694329516,False,138.59524544973863,451.50131675587534,False,True,71.86800372737301,53.740321775327814,160.47191966384926
138,138,2.3389830508474576,2.3389830508474576,Sports2D_HALPE26_postprocessed,191.935742602996,171.39633363785222,1.0,183.0614536568811,195.755368938306,1.0,139.60316346657447,191.7882085402419,1.0,188.5955757675988,235.35955872438169,1.0,134.73244487221737,240.40526075073063,1.0,198.166746636074,225.19688758313453,1.0,177.08225557430055,230.2660703275179,1.0,162.8944739857335,272.4549349588464,1.0,132.8518765522349,281.8895485047317,1.0,216.11297920923528,263.2490033098137,1.0,151.56211202372458,368.3704202469056,1.0,177.46174228863606,337.28426975197823,1.0,139.23129185470006,451.5310384123173,1.0,179.38264717089424,371.1844479303858,1.0,182.17062977966788,371.6754711226632,1.0,164.7366509876835,346.37661129075485,1.0,173.709319141837,466.7522823430828,1.0,165.4603793667075,469.94543634048586,1.0,128.5728964451941,462.5195484708554,1.0,1.0,2.3389830508474576,191.935742602996,171.39633363785222,False,183.0614536568811,195.755368938306,False,139.60316346657447,191.7882085402419,False,188.5955757675988,235.35955872438169,False,134.73244487221737,240.40526075073063,False,198.166746636074,225.19688758313453,False,177.08225557430055,230.2660703275179,False,162.8944739857335,272.4549349588464,False,132.8518765522349,281.8895485047317,False,216.11297920923528,263.2490033098137,False,151.56211202372458,368.3704202469056,False,177.46174228863606,337.28426975197823,False,139.23129185470006,451.5310384123173,False,True,70.81483989571119,52.618392733277176,159.3579441041374
139,139,2.3559322033898304,2.3559322033898304,Sports2D_HALPE26_postprocessed,191.5738085819657,170.35870565894098,1.0,187.354368567368,197.86306428778656,1.0,140.33133002659156,192.88652571813995,1.0,200.83725663329287,238.29882975048605,1.0,134.16149508472606,241.82574885438,1.0,201.0850026912404,229.1174936593661,1.0,177.97995316296502,234.9389857332802,1.0,163.35612011862642,273.2043724473734,1.0,133.15825007658205,282.6311695345285,1.0,216.22214647823228,267.3100333011245,1.0,152.3619096802127,367.68444664536304,1.0,175.46562577116782,336.06146542786576,1.0,139.35482596903032,451.4858774166805,1.0,182.25492625668767,362.5181167587321,1.0,181.3879899476725,369.3635168751531,1.0,163.37996662325142,346.8424297533228,1.0,173.62159512507057,466.9335340423918,1.0,165.86404037216548,470.13213637414754,1.0,128.89624026321033,462.48281797573975,1.0,1.0,2.3559322033898304,191.5738085819657,170.35870565894098,False,187.354368567368,197.86306428778656,False,140.33133002659156,192.88652571813995,False,200.83725663329287,238.29882975048605,False,134.16149508472606,241.82574885438,False,201.0850026912404,229.1174936593661,False,177.97995316296502,234.9389857332802,False,163.35612011862642,273.2043724473734,False,133.15825007658205,282.6311695345285,False,216.22214647823228,267.3100333011245,False,152.3619096802127,367.68444664536304,False,175.46562577116782,336.06146542786576,False,139.35482596903032,451.4858774166805,False,True,73.88267793063754,52.978161280196154,158.4542159436308
140,140,2.372881355932204,2.372881355932204,Sports2D_HALPE26_postprocessed,192.12730915419544,169.59054055052746,1.0,190.10952754519832,200.3485028004177,1.0,140.6013082098282,193.881212834465,1.0,203.4441943305881,239.40740567364688,1.0,132.6640852097947,242.8475034219003,1.0,204.1454710209348,243.04324724938007,1.0,175.77924276269087,239.48365783590089,1.0,164.39387069470845,274.049894610115,1.0,133.11944215023752,283.06181640331545,1.0,216.08367588257428,274.66717686325774,1.0,153.67282667035715,367.51168054575646,1.0,175.42195999953074,330.64829523724444,1.0,139.42326913656586,451.5717034887501,1.0,181.29958775458616,354.73610995216575,1.0,181.0959295014796,361.6745280517717,1.0,162.92522865323275,339.061826481712,1.0,173.7659865022938,466.9236608937855,1.0,165.85289968600665,470.3845557272056,1.0,128.79124729138223,462.7164633737671,1.0,1.0,2.372881355932204,192.12730915419544,169.59054055052746,False,190.10952754519832,200.3485028004177,False,140.6013082098282,193.881212834465,False,203.4441943305881,239.40740567364688,False,132.6640852097947,242.8475034219003,False,204.1454710209348,243.04324724938007,False,175.77924276269087,239.48365783590089,False,164.39387069470845,274.049894610115,False,133.11944215023752,283.06181640331545,False,216.08367588257428,274.66717686325774,False,153.67282667035715,367.51168054575646,False,175.42195999953074,330.64829523724444,False,139.42326913656586,451.5717034887501,False,True,76.33150561358914,54.6915306590754,156.70019366879416
141,141,2.389830508474576,2.389830508474576,Sports2D_HALPE26_postprocessed,193.176517360104,171.19421979093087,1.0,189.73878989100723,201.65355968721835,1.0,141.37748474792545,196.3908218923956,1.0,202.6714199930925,239.9468711854344,1.0,130.47735477875517,244.6678332814809,1.0,204.57341010387023,240.1526619036339,1.0,175.65169517503097,242.7590757609092,1.0,165.1701812222697,277.4541553858014,1.0,133.2289309267403,285.4479086717038,1.0,215.88020093160333,283.6240379476579,1.0,154.3813485141305,366.8770125573672,1.0,170.16172666895866,338.99124933186715,1.0,138.90038908127164,451.6237231878928,1.0,182.2097714092219,360.0084316618697,1.0,179.239119361436,367.1677451939088,1.0,155.34696877671593,348.1057747835728,1.0,173.7596684067393,467.37751271316506,1.0,165.63020376732985,470.57537346532393,1.0,128.56998137740857,462.8142402474716,1.0,1.0,2.389830508474576,193.176517360104,171.19421979093087,False,189.73878989100723,201.65355968721835,False,141.37748474792545,196.3908218923956,False,202.6714199930925,239.9468711854344,False,130.47735477875517,244.6678332814809,False,204.57341010387023,240.1526619036339,False,175.65169517503097,242.7590757609092,False,165.1701812222697,277.4541553858014,False,133.2289309267403,285.4479086717038,False,215.88020093160333,283.6240379476579,False,154.3813485141305,366.8770125573672,False,170.16172666895866,338.99124933186715,False,138.90038908127164,451.6237231878928,False,True,74.85743395513904,57.389499000600715,155.0861404816036
142,142,2.406779661016949,2.406779661016949,Sports2D_HALPE26_postprocessed,192.20755555283336,172.08420407553757,1.0,191.0295500384377,203.904332205458,1.0,142.07184443708522,197.9571812155552,1.0,202.96952602941164,243.70848618407285,1.0,130.2576673798224,246.7066365662783,1.0,204.8455857213624,244.77762280634207,1.0,177.35719144591744,245.798809086637,1.0,165.07893870451457,282.19081914642425,1.0,133.12699922287632,290.0635666776205,1.0,215.8162741141456,292.3992103353839,1.0,155.05307783637147,366.5713455214221,1.0,163.3700601489658,346.43833565264674,1.0,138.75633375567168,451.68752792234864,1.0,177.22287851013067,367.1629803759758,1.0,173.31849274841105,379.14546883864887,1.0,149.34869887695805,353.1968145508733,1.0,174.00612338922787,467.6336439702796,1.0,165.34971502181418,470.7088754088883,1.0,128.31569819551123,463.197841086532,1.0,1.0,2.406779661016949,192.20755555283336,172.08420407553757,False,191.0295500384377,203.904332205458,False,142.07184443708522,197.9571812155552,False,202.96952602941164,243.70848618407285,False,130.2576673798224,246.7066365662783,False,204.8455857213624,244.77762280634207,False,177.35719144591744,245.798809086637,False,165.07893870451457,282.19081914642425,False,133.12699922287632,290.0635666776205,False,215.8162741141456,292.3992103353839,False,155.05307783637147,366.5713455214221,False,163.3700601489658,346.43833565264674,False,138.75633375567168,451.68752792234864,False,True,75.27308408198641,57.233092481914596,153.16948235702597
143,143,2.4237288135593222,2.4237288135593222,Sports2D_HALPE26_postprocessed,192.64962728069213,173.6462878999848,1.0,192.8901360407609,205.52661614704616,1.0,142.31084157601543,199.53059822163112,1.0,205.70403466447453,248.8873475103883,1.0,128.9674475446504,248.9574566238916,1.0,205.75618469462657,249.0931823059508,1.0,176.91735136699575,249.14905867901533,1.0,165.11124340521016,282.88150025932936,1.0,132.6271189794148,290.7798248805768,1.0,215.72146314253703,298.6171189810092,1.0,156.0911121246602,366.9147709327941,1.0,166.03946564433224,347.9740106084332,1.0,139.0400902751199,451.6307777078158,1.0,179.83460941055725,367.2039486741493,1.0,177.86105345498368,377.2377485915736,1.0,151.24398345584692,356.47265333682003,1.0,174.34426523397082,467.59188577922464,1.0,165.3836752091,470.7174961910234,1.0,127.83525535260996,464.0485970636647,1.0,1.0,2.4237288135593222,192.64962728069213,173.6462878999848,False,192.8901360407609,205.52661614704616,False,142.31084157601543,199.53059822163112,False,205.70403466447453,248.8873475103883,False,128.9674475446504,248.9574566238916,False,205.75618469462657,249.0931823059508,False,176.91735136699575,249.14905867901533,False,165.11124340521016,282.88150025932936,False,132.6271189794148,290.7798248805768,False,215.72146314253703,298.6171189810092,False,156.0911121246602,366.9147709327941,False,166.03946564433224,347.9740106084332,False,139.0400902751199,451.6307777078158,False,True,75.12137790207942,62.083320980450665,151.49121731229346
144,144,2.440677966101695,2.440677966101695,Sports2D_HALPE26_postprocessed,192.38441768292665,174.34740792985662,1.0,194.63838663943915,207.6028770841393,1.0,142.7199407369021,201.1340301996834,1.0,209.88173367095388,251.08968903937304,1.0,128.0871996633707,249.94923690289784,1.0,211.1677468770164,253.02265333923265,1.0,173.97450426681905,255.41433238872432,1.0,165.30046295978366,286.2767116326057,1.0,132.3353486727055,293.5548843632373,1.0,215.64120155854857,306.5707063221266,1.0,157.26758320257784,368.3205382143871,1.0,167.66283867786427,352.5393559812848,1.0,139.21171728932174,451.6614140918057,1.0,179.8419500730562,376.0183950406297,1.0,179.33157618959868,381.8597844351485,1.0,153.9605656394102,358.47417803165337,1.0,174.88221388339818,466.9318301299977,1.0,165.80672595615763,470.2557065377956,1.0,127.78352821541904,464.85583895420615,1.0,1.0,2.440677966101695,192.38441768292665,174.34740792985662,False,194.63838663943915,207.6028770841393,False,142.7199407369021,201.1340301996834,False,209.88173367095388,251.08968903937304,False,128.0871996633707,249.94923690289784,False,211.1677468770164,253.02265333923265,False,173.97450426681905,255.41433238872432,False,165.30046295978366,286.2767116326057,False,132.3353486727055,293.5548843632373,False,215.64120155854857,306.5707063221266,False,157.26758320257784,368.3205382143871,False,167.66283867786427,352.5393559812848,False,139.21171728932174,451.6614140918057,False,True,80.10531783712361,65.73048857809246,149.33365974688292
145,145,2.457627118644068,2.457627118644068,Sports2D_HALPE26_postprocessed,193.1602495192471,175.66174996579147,1.0,195.531049286852,209.99205282694604,1.0,143.382620261501,204.0343923105484,1.0,211.1610030115279,257.8522401916947,1.0,127.65662358482498,253.9523763622317,1.0,209.4349677253321,255.28944800493684,1.0,172.95842295604456,260.01284299762006,1.0,165.17999792500046,291.1902131949992,1.0,132.5616953196233,297.11382312730046,1.0,215.3639568588844,312.97634894475607,1.0,159.03611565222266,368.11105803674894,1.0,165.1171931288309,358.812618446907,1.0,138.9750960465182,451.5614467912006,1.0,177.86413237266143,377.6583154060763,1.0,175.91900228245723,386.3513215697661,1.0,154.25113596740357,367.42530524190136,1.0,175.06389681057647,466.8210484703346,1.0,166.48314105069647,470.0637154156252,1.0,127.01048539073332,464.3568744551029,1.0,1.0,2.457627118644068,193.1602495192471,175.66174996579147,False,195.531049286852,209.99205282694604,False,143.382620261501,204.0343923105484,False,211.1610030115279,257.8522401916947,False,127.65662358482498,253.9523763622317,False,209.4349677253321,255.28944800493684,False,172.95842295604456,260.01284299762006,False,165.17999792500046,291.1902131949992,False,132.5616953196233,297.11382312730046,False,215.3639568588844,312.97634894475607,False,159.03611565222266,368.11105803674894,False,165.1171931288309,358.812618446907,False,138.9750960465182,451.5614467912006,False,True,80.1334369975575,65.83869350944354,146.03272552843615
146,146,2.4745762711864407,2.4745762711864407,Sports2D_HALPE26_postprocessed,192.2268538340448,178.30471776463395,1.0,196.45312844387203,212.574719484004,1.0,143.50061674060368,206.7534297970739,1.0,213.04650683300343,258.66393617993066,1.0,126.99991938026524,255.86232987395147,1.0,211.95125003771824,261.5660818967846,1.0,171.20546036097235,264.6486076745309,1.0,165.4536554615502,292.9492280033413,1.0,132.68053781568997,298.8116592802737,1.0,215.2685451936117,318.36456132110794,1.0,160.23848829939314,368.2725702742445,1.0,164.28105402807134,365.9957935372049,1.0,138.85202194633064,451.58247066152114,1.0,177.8862814098628,383.6074194033656,1.0,174.98456877138258,389.6433907503107,1.0,154.44356547324853,372.8688265283936,1.0,175.4201900108169,466.6053775846729,1.0,166.67024524373625,469.7479952772146,1.0,126.20560869041054,464.3912168995412,1.0,1.0,2.4745762711864407,192.2268538340448,178.30471776463395,False,196.45312844387203,212.574719484004,False,143.50061674060368,206.7534297970739,False,213.04650683300343,258.66393617993066,False,126.99991938026524,255.86232987395147,False,211.95125003771824,261.5660818967846,False,171.20546036097235,264.6486076745309,False,165.4536554615502,292.9492280033413,False,132.68053781568997,298.8116592802737,False,215.2685451936117,318.36456132110794,False,160.23848829939314,368.2725702742445,False,164.28105402807134,365.9957935372049,False,138.85202194633064,451.58247066152114,False,True,82.66912204079784,70.08129445997146,143.96227550461853
147,147,2.4915254237288136,2.4915254237288136,Sports2D_HALPE26_postprocessed,195.06908078137064,181.61044234788088,1.0,197.2981725060653,213.6361888479855,1.0,143.4367651693633,209.6799159663655,1.0,215.75035798181503,253.4384729217493,1.0,127.08556358585766,260.70520303689545,1.0,216.51931954313443,265.6505071560425,1.0,172.19798216245314,274.3428371368246,1.0,167.42522114408018,295.6133889584717,1.0,132.72817193429913,301.38425711908525,1.0,215.59526577758743,322.7014043257298,1.0,163.43029113768227,368.8923805977462,1.0,169.24464070842026,367.1365181666746,1.0,138.7772146561133,451.6480718537098,1.0,181.59412655858912,389.0125882374308,1.0,178.7583507733184,390.2640485027605,1.0,159.51819497774434,372.0018958138797,1.0,175.25585552241773,466.6484305225244,1.0,166.64692580967875,470.2090654446994,1.0,126.1611204535654,464.65435958932494,1.0,1.0,2.4915254237288136,195.06908078137064,181.61044234788088,False,197.2981725060653,213.6361888479855,False,143.4367651693633,209.6799159663655,False,215.75035798181503,253.4384729217493,False,127.08556358585766,260.70520303689545,False,216.51931954313443,265.6505071560425,False,172.19798216245314,274.3428371368246,False,167.42522114408018,295.6133889584717,False,132.72817193429913,301.38425711908525,False,215.59526577758743,322.7014043257298,False,163.43029113768227,368.8923805977462,False,169.24464070842026,367.1365181666746,False,138.7772146561133,451.6480718537098,False,True,89.0520336559051,73.14213587721159,138.95547054205213
148,148,2.5084745762711864,2.5084745762711864,Sports2D_HALPE26_postprocessed,195.52875111881167,183.956471560032,1.0,196.96225323869865,215.38624985482824,1.0,143.3878198497384,212.1778435434199,1.0,217.92287407116737,250.094041693629,1.0,127.4013311531596,262.6218468428472,1.0,219.4504397300477,267.5071600680105,1.0,172.21143576373822,282.2256002917041,1.0,168.62321535585923,299.21327967014025,1.0,132.4498417749908,304.6627062128889,1.0,216.2672082322314,329.28522417362257,1.0,163.86416315155594,371.13459697756855,1.0,171.4424043199665,377.0305734487366,1.0,138.97337130677118,451.59865972963314,1.0,174.3999899466034,396.13562281542585,1.0,172.73340716478708,396.8951526151096,1.0,161.2345039077063,378.60045355369664,1.0,175.09828406539037,466.4592665365669,1.0,166.67205040717445,469.7038322265462,1.0,126.5813023470485,465.3257077706815,1.0,1.0,2.5084745762711864,195.52875111881167,183.956471560032,False,196.96225323869865,215.38624985482824,False,143.3878198497384,212.1778435434199,False,217.92287407116737,250.094041693629,False,127.4013311531596,262.6218468428472,False,219.4504397300477,267.5071600680105,False,172.21143576373822,282.2256002917041,False,168.62321535585923,299.21327967014025,False,132.4498417749908,304.6627062128889,False,216.2672082322314,329.28522417362257,False,163.86416315155594,371.13459697756855,False,171.4424043199665,377.0305734487366,False,138.97337130677118,451.59865972963314,False,True,96.04444373409494,79.06636494568924,137.5158341014799
149,149,2.52542372881356,2.52542372881356,Sports2D_HALPE26_postprocessed,193.8122826962648,187.93358864188195,1.0,198.3844342677708,218.2906169800657,1.0,144.5888837688791,214.5362749609126,1.0,220.64065524491764,255.0078530783698,1.0,126.94276143064909,266.5589225163235,1.0,225.05721328499385,275.9529780838888,1.0,169.64709574360225,291.3181832102944,1.0,169.59658967160576,298.9790726509798,1.0,132.43888487015005,303.7793146576747,1.0,218.1616103591164,334.81323277738915,1.0,167.24294187334507,370.8978164376859,1.0,173.82556789845927,386.9076582364672,1.0,139.0067334996985,451.7005141235878,1.0,183.62182109451564,414.587364794469,1.0,180.1982135557112,412.5337820310578,1.0,163.39151658114315,386.9436127638539,1.0,174.54584642213683,466.53703186343046,1.0,166.58391913389863,469.66389413887714,1.0,126.77237930217404,464.4490224005041,1.0,1.0,2.52542372881356,193.8122826962648,187.93358864188195,False,198.3844342677708,218.2906169800657,False,144.5888837688791,214.5362749609126,False,220.64065524491764,255.0078530783698,False,126.94276143064909,266.5589225163235,False,225.05721328499385,275.9529780838888,False,169.64709574360225,291.3181832102944,False,169.59658967160576,298.9790726509798,False,132.43888487015005,303.7793146576747,False,218.1616103591164,334.81323277738915,False,167.24294187334507,370.8978164376859,False,173.82556789845927,386.9076582364672,False,139.0067334996985,451.7005141235878,False,True,101.36746644202144,86.02197757598188,133.32938413915502
150,150,2.542372881355932,2.542372881355932,Sports2D_HALPE26_postprocessed,195.48810003537184,191.4179715794372,1.0,197.71943121136604,221.6235653034068,1.0,145.6441249266888,217.85591921679023,1.0,225.8448149714125,258.2883109213756,1.0,127.90146321591833,268.9452253033829,1.0,229.5870806662228,278.3597428064353,1.0,169.2962313682538,299.13952526432564,1.0,169.23999202907905,302.6357221643716,1.0,132.77744896219983,307.2950487132371,1.0,219.78892578885672,339.41214401315386,1.0,168.42201808934328,371.4533551162494,1.0,174.95855916906086,400.7022269851952,1.0,139.16871376332648,451.505015774247,1.0,179.1730636553714,438.0439017562285,1.0,180.74582102464063,429.4386075434372,1.0,164.5230676942179,406.14703639381145,1.0,173.93221900081275,466.6946357047433,1.0,165.86320222627836,469.005330572503,1.0,125.5819451375679,464.4274430915918,1.0,1.0,2.542372881355932,195.48810003537184,191.4179715794372,False,197.71943121136604,221.6235653034068,False,145.6441249266888,217.85591921679023,False,225.8448149714125,258.2883109213756,False,127.90146321591833,268.9452253033829,False,229.5870806662228,278.3597428064353,False,169.2962313682538,299.13952526432564,False,169.23999202907905,302.6357221643716,False,132.77744896219983,307.2950487132371,False,219.78892578885672,339.41214401315386,False,168.42201808934328,371.4533551162494,False,174.95855916906086,400.7022269851952,False,139.16871376332648,451.505015774247,False,True,106.95641564169685,89.85398272271416,130.87083244022497
151,151,2.559322033898305,2.559322033898305,Sports2D_HALPE26_postprocessed,196.6271194245743,193.63022466640533,1.0,197.92259056093803,225.0864967358728,1.0,145.85109329547168,221.4089734334707,1.0,228.41844906121904,260.23203814916803,1.0,128.97194177043755,273.4627325847856,1.0,233.8085900162916,282.95371424827886,1.0,166.49064488611697,308.0095019039186,1.0,167.51264210324797,306.62584504299133,1.0,132.83234550039933,310.3646725729946,1.0,219.2247951875409,342.7256097068033,1.0,169.95055948602325,373.0860346318334,1.0,178.42321576321766,412.9081344534954,1.0,139.94582460099022,451.8077630075082,1.0,185.18187028114133,448.9924246920506,1.0,186.76682786860297,443.4643339852984,1.0,167.0483050502369,417.6284558368836,1.0,173.89422411578164,467.0142015208197,1.0,165.06156192559814,469.1147776660047,1.0,126.1780336732444,465.0294118325105,1.0,1.0,2.559322033898305,196.6271194245743,193.63022466640533,False,197.92259056093803,225.0864967358728,False,145.85109329547168,221.4089734334707,False,228.41844906121904,260.23203814916803,False,128.97194177043755,273.4627325847856,False,233.8085900162916,282.95371424827886,False,166.49064488611697,308.0095019039186,False,167.51264210324797,306.62584504299133,False,132.83234550039933,310.3646725729946,False,219.2247951875409,342.7256097068033,False,169.95055948602325,373.0860346318334,False,178.42321576321766,412.9081344534954,False,139.94582460099022,451.8077630075082,False,True,114.67249325599364,94.7463595184948,128.51883608133133
152,152,2.5762711864406778,2.5762711864406778,Sports2D_HALPE26_postprocessed,197.0643981832557,195.08465134916173,1.0,199.28582874148265,227.43218948202184,1.0,145.93394041229396,224.43486203790565,1.0,231.234346917578,260.85931908153987,1.0,129.33988212085077,277.75092747526656,1.0,237.99537455071223,290.87301837208486,1.0,164.74388669824367,317.51144608396066,1.0,167.25240758032135,311.160984422854,1.0,132.90036202367224,314.8644938154829,1.0,219.7312798867912,345.25409737719474,1.0,171.60714782227194,374.5057226427229,1.0,182.679451858526,414.95518141642935,1.0,140.39410275320697,452.37968981503786,1.0,194.0029497631025,452.6250053620789,1.0,196.48778094690192,447.3336760514046,1.0,170.50091578385968,422.43261262962113,1.0,175.80254406661788,466.78424216301744,1.0,165.09153206268326,468.6971471798768,1.0,126.65501341781707,466.7658167098522,1.0,1.0,2.5762711864406778,197.0643981832557,195.08465134916173,False,199.28582874148265,227.43218948202184,False,145.93394041229396,224.43486203790565,False,231.234346917578,260.85931908153987,False,129.33988212085077,277.75092747526656,False,237.99537455071223,290.87301837208486,False,164.74388669824367,317.51144608396066,False,167.25240758032135,311.160984422854,False,132.90036202367224,314.8644938154829,False,219.7312798867912,345.25409737719474,False,171.60714782227194,374.5057226427229,False,182.679451858526,414.95518141642935,False,140.39410275320697,452.37968981503786,False,True,121.02893769698164,95.01563298331686,125.17503270432269
153,153,2.593220338983051,2.593220338983051,Sports2D_HALPE26_postprocessed,196.8407234743169,198.9592702612104,1.0,199.28680856270648,230.00398852573824,1.0,147.24485408907347,228.14492006836235,1.0,233.00153291601697,263.75118588262586,1.0,130.4404539501576,282.962855372811,1.0,242.94974292090592,298.4618828046247,1.0,160.2086966405967,324.673579506395,1.0,167.3641981317313,313.819387352697,1.0,132.8742532023386,316.5477421146251,1.0,220.0760722648368,348.3943889840371,1.0,174.56888447442557,375.4261670047978,1.0,187.91287619343137,422.2544172310322,1.0,140.75000425363515,453.367860217694,1.0,205.1974457723993,454.9545548835168,1.0,207.1097472352082,448.7562781175037,1.0,175.9937119959458,430.4318121007543,1.0,172.41434790938123,467.045121114667,1.0,164.2047750355674,468.9394519680414,1.0,126.99340384746884,465.9699238515417,1.0,1.0,2.593220338983051,196.8407234743169,198.9592702612104,False,199.28680856270648,230.00398852573824,False,147.24485408907347,228.14492006836235,False,233.00153291601697,263.75118588262586,False,130.4404539501576,282.962855372811,False,242.94974292090592,298.4618828046247,False,160.2086966405967,324.673579506395,False,167.3641981317313,313.819387352697,False,132.8742532023386,316.5477421146251,False,220.0760722648368,348.3943889840371,False,174.56888447442557,375.4261670047978,False,187.91287619343137,422.2544172310322,False,140.75000425363515,453.367860217694,False,True,127.44230329035575,99.73057475691913,121.2398538575441
154,154,2.610169491525424,2.610169491525424,Sports2D_HALPE26_postprocessed,199.4715348507285,201.35973544377185,1.0,199.6883318198774,233.17724672893763,1.0,148.67584851380198,231.3780665904708,1.0,234.4473048340949,266.7091893258409,1.0,131.8504725687294,286.4070947920514,1.0,247.72531304448904,300.7730497936948,1.0,153.57028044460142,329.59936422968644,1.0,167.6999730085351,318.23010262699603,1.0,133.23363717462374,320.11179461140256,1.0,220.26246112866724,353.5449804628714,1.0,176.0901540311192,375.3471950428433,1.0,193.9534260765818,428.9434246908346,1.0,140.2117650659333,453.2892379356118,1.0,221.09025840022824,457.6084852529984,1.0,220.26113843773155,451.41998659107935,1.0,182.96674197764307,438.17230145214944,1.0,170.4639975879701,467.0273140409556,1.0,161.38888882808644,468.7821997300052,1.0,127.12301497844048,465.51387399048286,1.0,1.0,2.610169491525424,199.4715348507285,201.35973544377185,False,199.6883318198774,233.17724672893763,False,148.67584851380198,231.3780665904708,False,234.4473048340949,266.7091893258409,False,131.8504725687294,286.4070947920514,False,247.72531304448904,300.7730497936948,False,153.57028044460142,329.59936422968644,False,167.6999730085351,318.23010262699603,False,133.23363717462374,320.11179461140256,False,220.26246112866724,353.5449804628714,False,176.0901540311192,375.3471950428433,False,193.9534260765818,428.9434246908346,False,140.2117650659333,453.2892379356118,False,True,136.30260357837759,104.66017275563438,117.47489522300391
155,155,2.6271186440677967,2.6271186440677967,Sports2D_HALPE26_postprocessed,201.66976050983027,201.8706860535232,1.0,200.52236048917624,236.3432355464153,1.0,148.53485555817082,234.5918858830192,1.0,237.8026439436017,268.5062763316028,1.0,132.27406909691942,288.84981345226913,1.0,253.22229205296807,304.8685650093107,1.0,147.49852103460995,335.3038610335146,1.0,167.750735734608,320.6345352572835,1.0,133.92443974216758,323.3702149416941,1.0,218.911677063165,356.0960578892043,1.0,177.67291720586377,375.710213163594,1.0,199.7736307068378,432.87097177422754,1.0,140.29693934218227,453.5682806407344,1.0,230.0715048327855,457.1667013638901,1.0,228.374492354596,452.7403431311928,1.0,188.2300676095348,445.2524960203338,1.0,171.4063665248774,467.2563430992973,1.0,162.453380693502,468.9378052628355,1.0,127.71755752656276,465.86667175620266,1.0,1.0,2.6271186440677967,201.66976050983027,201.8706860535232,False,200.52236048917624,236.3432355464153,False,148.53485555817082,234.5918858830192,False,237.8026439436017,268.5062763316028,False,132.27406909691942,288.84981345226913,False,253.22229205296807,304.8685650093107,False,147.49852103460995,335.3038610335146,False,167.750735734608,320.6345352572835,False,133.92443974216758,323.3702149416941,False,218.911677063165,356.0960578892043,False,177.67291720586377,375.710213163594,False,199.7736307068378,432.87097177422754,False,140.29693934218227,453.5682806407344,False,True,145.1712345439118,110.7301209829928,114.46591662510876
156,156,2.6440677966101696,2.6440677966101696,Sports2D_HALPE26_postprocessed,204.18907905049207,204.7626590149929,1.0,200.28935730857287,239.11258019747007,1.0,150.74655004041102,237.58891901048497,1.0,240.96808457114048,270.60930599159343,1.0,132.60705139763144,290.8635399223382,1.0,258.7530398804884,308.98448731195475,1.0,141.41339359109256,346.1305459420061,1.0,167.440351234612,322.9369792798034,1.0,135.99811377016383,327.08403443484946,1.0,216.91213149281364,358.5993171954307,1.0,179.45696923439962,378.0171140414883,1.0,206.56465151473623,437.6662110171432,1.0,140.2328803762579,453.8541406112077,1.0,237.67852013656088,456.9499833095093,1.0,236.4428000133168,453.2194496470733,1.0,196.26986665755533,449.5111712948782,1.0,172.41500475492634,466.6602576443604,1.0,163.6903555975018,468.4863218430267,1.0,128.7505665115923,466.2389941509464,1.0,1.0,2.6440677966101696,204.18907905049207,204.7626590149929,False,200.28935730857287,239.11258019747007,False,150.74655004041102,237.58891901048497,False,240.96808457114048,270.60930599159343,False,132.60705139763144,290.8635399223382,False,258.7530398804884,308.98448731195475,False,141.41339359109256,346.1305459420061,False,167.440351234612,322.9369792798034,False,135.99811377016383,327.08403443484946,False,216.91213149281364,358.5993171954307,False,179.45696923439962,378.0171140414883,False,206.56465151473623,437.6662110171432,False,140.2328803762579,453.8541406112077,False,True,152.1432822816576,118.3304872409125,112.17868987525335
157,157,2.6610169491525424,2.6610169491525424,Sports2D_HALPE26_postprocessed,205.16259762949807,207.93852382772693,1.0,202.55321080137333,242.71139304532733,1.0,151.006290014511,240.26449551617296,1.0,242.10749771785427,272.081534217498,1.0,132.58576857615483,292.5148590814189,1.0,265.6093561985176,310.5544517200247,1.0,133.37667302995797,349.74660527661064,1.0,167.57038959918353,325.2972446665418,1.0,137.74928613877094,327.2625691231145,1.0,214.82202214926207,360.2309855134281,1.0,180.70445915930893,378.472509684627,1.0,214.0023412181333,438.9583867099036,1.0,141.1468464866949,453.0259311464728,1.0,248.3561715351309,454.9884069442387,1.0,247.81930110707825,450.61721836903416,1.0,205.9880366981457,452.7581612227263,1.0,171.6522670133212,466.8085968830241,1.0,162.15776802645948,468.7315028981965,1.0,128.55022397755778,465.6523618358424,1.0,1.0,2.6610169491525424,205.16259762949807,207.93852382772693,False,202.55321080137333,242.71139304532733,False,151.006290014511,240.26449551617296,False,242.10749771785427,272.081534217498,False,132.58576857615483,292.5148590814189,False,265.6093561985176,310.5544517200247,False,133.37667302995797,349.74660527661064,False,167.57038959918353,325.2972446665418,False,137.74928613877094,327.2625691231145,False,214.82202214926207,360.2309855134281,False,180.70445915930893,378.472509684627,False,214.0023412181333,438.9583867099036,False,141.1468464866949,453.0259311464728,False,True,159.78849452827788,125.87947304087787,112.05973326190771
158,158,2.6779661016949152,2.6779661016949152,Sports2D_HALPE26_postprocessed,206.2779106007362,210.27530928367057,1.0,204.603122350584,244.312342008222,1.0,151.15438645724248,243.4764483291169,1.0,244.24166157353028,273.6616737770192,1.0,132.06270875816296,295.3775576519397,1.0,271.1678061191961,310.21259444883736,1.0,124.53372180756448,350.8973933068003,1.0,168.15570236488483,325.1475605731388,1.0,139.5775834290597,328.58835255765257,1.0,211.31279374996944,361.5331492126502,1.0,182.3387815300489,378.8983393050955,1.0,220.72400471870893,439.7527237771656,1.0,142.14928466152898,452.5783532880856,1.0,254.08187078036065,452.4142051829722,1.0,251.71038997563983,448.0283221749373,1.0,214.1788793046524,453.71456333785807,1.0,172.58870479950218,466.7966267057696,1.0,163.04557316744524,468.8531544556399,1.0,129.2476015101596,464.57733818683386,1.0,1.0,2.6779661016949152,206.2779106007362,210.27530928367057,False,204.603122350584,244.312342008222,False,151.15438645724248,243.4764483291169,False,244.24166157353028,273.6616737770192,False,132.06270875816296,295.3775576519397,False,271.1678061191961,310.21259444883736,False,124.53372180756448,350.8973933068003,False,168.15570236488483,325.1475605731388,False,139.5775834290597,328.58835255765257,False,211.31279374996944,361.5331492126502,False,182.3387815300489,378.8983393050955,False,220.72400471870893,439.7527237771656,False,142.14928466152898,452.5783532880856,False,True,167.52680695849241,136.99484316989268,111.02627955199608
159,159,2.694915254237288,2.694915254237288,Sports2D_HALPE26_postprocessed,207.99303968412903,210.92549155884143,1.0,206.5621137891657,246.278488099032,1.0,151.92231479070128,246.3011260560476,1.0,246.1559265128873,274.8361118133265,1.0,130.98923650206376,296.0952601032283,1.0,276.3440143882113,309.9293248502687,1.0,116.7402024010783,346.14618570973374,1.0,168.16692628446123,327.33180100223444,1.0,139.80075158593633,330.7906086253033,1.0,208.6436377890791,364.3519854069969,1.0,182.8919873201532,380.484467138526,1.0,227.30024007933133,440.4853756285654,1.0,142.38396480147406,452.8162074967006,1.0,261.493877169875,447.3097021380436,1.0,258.8111954859,443.6414612096071,1.0,222.8938851496759,454.6453647495621,1.0,174.08837900101787,465.7337851879255,1.0,165.0489833753619,468.8855292481306,1.0,130.16266862175064,464.8882241061239,1.0,1.0,2.694915254237288,207.99303968412903,210.92549155884143,False,206.5621137891657,246.278488099032,False,151.92231479070128,246.3011260560476,False,246.1559265128873,274.8361118133265,False,130.98923650206376,296.0952601032283,False,276.3440143882113,309.9293248502687,False,116.7402024010783,346.14618570973374,False,168.16692628446123,327.33180100223444,False,139.80075158593633,330.7906086253033,False,208.6436377890791,364.3519854069969,False,182.8919873201532,380.484467138526,False,227.30024007933133,440.4853756285654,False,142.38396480147406,452.8162074967006,False,True,173.08964408441796,146.2152633042929,109.82014653008054
160,160,2.711864406779661,2.711864406779661,Sports2D_HALPE26_postprocessed,209.39194789358413,212.0388452496732,1.0,207.20862184633745,248.1584459169337,1.0,153.46103219696647,248.2925915559993,1.0,249.9726221075394,276.19603844907795,1.0,128.42700979603376,295.702099808683,1.0,282.0673513319436,309.68253983196115,1.0,110.20007734404184,343.22669833182044,1.0,167.4068906285358,330.89343736033544,1.0,138.91017324378575,333.6911923922388,1.0,204.4626532115175,370.0901938440721,1.0,182.78519384200493,381.957862318704,1.0,231.0939233587546,439.8927509596382,1.0,142.33457517001898,453.8672679666215,1.0,266.4404286657077,439.10104422484153,1.0,262.83038202635885,436.3525814952228,1.0,227.531927277244,454.8126444005268,1.0,175.78456947736663,465.7479690694499,1.0,167.94586004667283,468.80813111634063,1.0,130.25035795872907,465.6932572007778,1.0,1.0,2.711864406779661,209.39194789358413,212.0388452496732,False,207.20862184633745,248.1584459169337,False,153.46103219696647,248.2925915559993,False,249.9726221075394,276.19603844907795,False,128.42700979603376,295.702099808683,False,282.0673513319436,309.68253983196115,False,110.20007734404184,343.22669833182044,False,167.4068906285358,330.89343736033544,False,138.91017324378575,333.6911923922388,False,204.4626532115175,370.0901938440721,False,182.78519384200493,381.957862318704,False,231.0939233587546,439.8927509596382,False,142.33457517001898,453.8672679666215,False,True,173.14737449404072,157.49130556487984,108.37005285192339
161,161,2.7288135593220337,2.7288135593220337,Sports2D_HALPE26_postprocessed,209.3519015504684,213.28748031494013,1.0,208.5306268846581,248.99164233861305,1.0,154.1763398818323,249.90007429386745,1.0,251.5871549669337,275.03546299701094,1.0,124.90379645696294,296.149464361931,1.0,287.1663952444411,305.51032004921325,1.0,102.38183059041826,342.6592355340453,1.0,167.1671268961416,330.3418849986727,1.0,139.04568127061387,332.8817246739471,1.0,201.06254958687552,373.3399835850549,1.0,183.75212161713543,381.7200785634651,1.0,233.8927580005838,437.9753488324561,1.0,142.99895527315104,453.6829965156512,1.0,270.895468928334,433.6836816057583,1.0,265.8449493808333,433.2188720434023,1.0,233.1343177216009,452.5437114979568,1.0,175.26512671147924,465.6698556309557,1.0,168.32165292730923,468.8060873124394,1.0,131.14229996491147,465.9940940107563,1.0,1.0,2.7288135593220337,209.3519015504684,213.28748031494013,False,208.5306268846581,248.99164233861305,False,154.1763398818323,249.90007429386745,False,251.5871549669337,275.03546299701094,False,124.90379645696294,296.149464361931,False,287.1663952444411,305.51032004921325,False,102.38183059041826,342.6592355340453,False,167.1671268961416,330.3418849986727,False,139.04568127061387,332.8817246739471,False,201.06254958687552,373.3399835850549,False,183.75212161713543,381.7200785634651,False,233.8927580005838,437.9753488324561,False,142.99895527315104,453.6829965156512,False,True,173.50732280863912,168.6786281639789,108.00591631356768
162,162,2.7457627118644066,2.7457627118644066,Sports2D_HALPE26_postprocessed,209.6243944137317,214.0171688191513,1.0,209.9638700037686,250.8851416918277,1.0,155.22903758769877,251.75339078928613,1.0,254.4631054674522,274.48259734538493,1.0,121.88451176517547,295.4141672620936,1.0,293.993719974892,300.61706759376034,1.0,95.4856705779139,338.4460185219078,1.0,167.55473005066156,333.5529344428171,1.0,141.52572802549895,335.16375131051655,1.0,198.73388434637468,378.0436308544749,1.0,183.93370744190145,382.2260580045949,1.0,236.91646140125053,436.3993298816227,1.0,142.73787711130822,453.710786833222,1.0,272.1414284909261,429.2074611555405,1.0,267.09118370352576,430.38523872050393,1.0,237.69313116812785,447.7857210586913,1.0,174.59038406425532,466.03960344779534,1.0,167.3517218364037,468.8497995498652,1.0,130.9553247699279,465.7818201217514,1.0,1.0,2.7457627118644066,209.6243944137317,214.0171688191513,False,209.9638700037686,250.8851416918277,False,155.22903758769877,251.75339078928613,False,254.4631054674522,274.48259734538493,False,121.88451176517547,295.4141672620936,False,293.993719974892,300.61706759376034,False,95.4856705779139,338.4460185219078,False,167.55473005066156,333.5529344428171,False,141.52572802549895,335.16375131051655,False,198.73388434637468,378.0436308544749,False,183.93370744190145,382.2260580045949,False,236.91646140125053,436.3993298816227,False,142.73787711130822,453.710786833222,False,True,174.15832738761165,178.17419286515758,108.02354053055971
163,163,2.76271186440678,2.76271186440678,Sports2D_HALPE26_postprocessed,210.8799269726245,216.07072799026085,1.0,210.88851947346296,251.2767919960495,1.0,157.0826552435098,252.0626307891624,1.0,254.93709452391536,270.51919027536724,1.0,121.25453168754385,291.39401707685647,1.0,294.9523864056853,293.7862399082663,1.0,91.20688163255684,330.0404823858752,1.0,169.88307656379317,336.4976088776893,1.0,144.4977119614235,336.6598833674957,1.0,198.50134857422967,380.61593613414425,1.0,184.7860519304513,383.1202726420224,1.0,238.84009693457992,432.9759608704779,1.0,142.95601679027092,453.4729518501077,1.0,269.9032400744689,421.84430324689,1.0,264.86886196355124,422.0374578299072,1.0,238.9376578271265,444.45777312847616,1.0,174.71046721496649,466.34926868206026,1.0,167.33012116761645,468.94067427012624,1.0,131.9174251220588,465.7412314558646,1.0,1.0,2.76271186440678,210.8799269726245,216.07072799026085,False,210.88851947346296,251.2767919960495,False,157.0826552435098,252.0626307891624,False,254.93709452391536,270.51919027536724,False,121.25453168754385,291.39401707685647,False,294.9523864056853,293.7862399082663,False,91.20688163255684,330.0404823858752,False,169.88307656379317,336.4976088776893,False,144.4977119614235,336.6598833674957,False,198.50134857422967,380.61593613414425,False,184.7860519304513,383.1202726420224,False,238.84009693457992,432.9759608704779,False,142.95601679027092,453.4729518501077,False,True,175.53377144168837,175.35924038872213,108.33494288838878
164,164,2.7796610169491527,2.7796610169491527,Sports2D_HALPE26_postprocessed,212.44627774590987,216.9445102158145,1.0,213.2688360235985,252.2835147235044,1.0,157.7166805947383,252.3627305518055,1.0,256.0567901780435,269.4925130272959,1.0,117.68108456205545,287.0215956055644,1.0,294.7685066563586,287.8395655475171,1.0,84.95070520434734,323.59114808202486,1.0,170.20170191894118,338.9641497655314,1.0,147.42115625733447,339.53320913317555,1.0,197.89843521108247,382.5061948042412,1.0,185.5539862273353,385.4889787559932,1.0,235.8537504778125,429.2043508314805,1.0,142.46127443354743,453.60884733338736,1.0,266.76859939367466,413.9772383384741,1.0,260.6339854626464,414.7681907061353,1.0,237.31380366979613,440.13883189413497,1.0,174.78985769626976,467.1830220777358,1.0,167.7076340987293,469.1244090611078,1.0,130.4870491074361,465.5955687659233,1.0,1.0,2.7796610169491527,212.44627774590987,216.9445102158145,False,213.2688360235985,252.2835147235044,False,157.7166805947383,252.3627305518055,False,256.0567901780435,269.4925130272959,False,117.68108456205545,287.0215956055644,False,294.7685066563586,287.8395655475171,False,84.95070520434734,323.59114808202486,False,170.20170191894118,338.9641497655314,False,147.42115625733447,339.53320913317555,False,197.89843521108247,382.5061948042412,False,185.5539862273353,385.4889787559932,False,235.8537504778125,429.2043508314805,False,142.46127443354743,453.60884733338736,False,True,172.71187035662868,173.3565887663479,107.9975533922453
165,165,2.796610169491525,2.796610169491525,Sports2D_HALPE26_postprocessed,212.23094109094887,218.53354902108404,1.0,213.7824630247925,251.0224937819963,1.0,159.81861028325687,251.8065335156425,1.0,258.8640937957555,267.73438639082207,1.0,116.46067165305044,282.392855310168,1.0,296.47306374654846,277.8892179475582,1.0,81.43991059168457,315.43938334971455,1.0,172.51509036286205,338.2296336324636,1.0,149.56155332700342,338.28172807327866,1.0,197.62083821895123,382.5327080190463,1.0,186.3820544715872,386.68924856852647,1.0,233.1739599999078,427.6285204808559,1.0,142.74994553649228,453.1227599038215,1.0,260.7244876420144,412.438779727864,1.0,254.7807884375966,414.1238643321806,1.0,234.02946064706137,439.359176702387,1.0,175.09917724084386,467.1348016269474,1.0,168.33101116897998,469.4073535990837,1.0,130.7702705513175,464.8827599782013,1.0,1.0,2.796610169491525,212.23094109094887,218.53354902108404,False,213.7824630247925,251.0224937819963,False,159.81861028325687,251.8065335156425,False,258.8640937957555,267.73438639082207,False,116.46067165305044,282.392855310168,False,296.47306374654846,277.8892179475582,False,81.43991059168457,315.43938334971455,False,172.51509036286205,338.2296336324636,False,149.56155332700342,338.28172807327866,False,197.62083821895123,382.5327080190463,False,186.3820544715872,386.68924856852647,False,233.1739599999078,427.6285204808559,False,142.74994553649228,453.1227599038215,False,True,171.8619318263893,171.2875209462374,109.44602320717378
166,166,2.8135593220338984,2.8135593220338984,Sports2D_HALPE26_postprocessed,213.51809591780008,219.85733936553493,1.0,215.1687283754817,250.6156058645585,1.0,161.72783560048254,251.46374548323223,1.0,259.8263038096005,263.44272491427324,1.0,115.4996721188812,276.2294168738683,1.0,295.87678487107763,271.9637717182813,1.0,80.43951417722793,306.24122788366014,1.0,174.81584372777033,339.1882871933657,1.0,151.25490863771805,339.11439219614,1.0,197.8818909400164,383.815832224784,1.0,187.1389725278125,388.0251065910212,1.0,227.68909031459955,423.79059730635663,1.0,143.2734848680793,452.9260306100717,1.0,254.0600643910436,412.7068672225376,1.0,248.0360898258688,415.26390912092177,1.0,228.45567507633828,434.3324743626823,1.0,175.1376402216196,467.5931434468076,1.0,168.66347909034047,470.0303199993736,1.0,130.4849838563569,464.4299023805153,1.0,1.0,2.8135593220338984,213.51809591780008,219.85733936553493,False,215.1687283754817,250.6156058645585,False,161.72783560048254,251.46374548323223,False,259.8263038096005,263.44272491427324,False,115.4996721188812,276.2294168738683,False,295.87678487107763,271.9637717182813,False,80.43951417722793,306.24122788366014,False,174.81584372777033,339.1882871933657,False,151.25490863771805,339.11439219614,False,197.8818909400164,383.815832224784,False,187.1389725278125,388.0251065910212,False,227.68909031459955,423.79059730635663,False,143.2734848680793,452.9260306100717,False,True,167.61532896826137,170.62241880428732,109.67969214677876
167,167,2.830508474576271,2.830508474576271,Sports2D_HALPE26_postprocessed,215.18285984825724,219.41536271321297,1.0,216.1724625855561,250.17970343412088,1.0,163.38633746372307,251.06455300003023,1.0,259.96434126512605,259.8727451601985,1.0,115.36812373300694,268.6435811499447,1.0,300.9345610292295,266.49438135652,1.0,81.15280501162768,296.75341525039363,1.0,176.64117740277058,340.6308745625693,1.0,153.76105404681368,339.90269634707454,1.0,198.4165794702308,386.6448521596597,1.0,187.2068879140677,389.3843802773898,1.0,225.0816794034497,424.5674101339183,1.0,144.09473265413288,451.9421876320682,1.0,249.72228113225057,417.69657957425727,1.0,242.61967731463824,420.12899894004727,1.0,225.71938303453229,430.9071390140948,1.0,176.009754180115,468.167430420913,1.0,168.1159039136596,470.0377625930439,1.0,130.92102717301185,463.93291518141865,1.0,1.0,2.830508474576271,215.18285984825724,219.41536271321297,False,216.1724625855561,250.17970343412088,False,163.38633746372307,251.06455300003023,False,259.96434126512605,259.8727451601985,False,115.36812373300694,268.6435811499447,False,300.9345610292295,266.49438135652,False,81.15280501162768,296.75341525039363,False,176.64117740277058,340.6308745625693,False,153.76105404681368,339.90269634707454,False,198.4165794702308,386.6448521596597,False,187.2068879140677,389.3843802773898,False,225.0816794034497,424.5674101339183,False,144.09473265413288,451.9421876320682,False,True,160.70216186482733,170.21230670644542,111.37137060037414
168,168,2.847457627118644,2.847457627118644,Sports2D_HALPE26_postprocessed,216.3538032930396,218.77679704057115,1.0,218.573776273002,250.74268015478725,1.0,162.9989298217935,251.5221933033898,1.0,261.2858826330766,255.07298700541887,1.0,115.57536485000838,260.1591001034128,1.0,298.4764299794123,259.65631712624526,1.0,80.93925191289492,289.71573053234727,1.0,178.15028080940786,342.85692323462166,1.0,154.97941741189385,342.5854892016175,1.0,198.17266819996453,385.8789874525014,1.0,187.2972668825821,390.6207341866135,1.0,224.1665224628173,429.5239463819103,1.0,146.01537519829844,449.9509865913972,1.0,249.28329786504736,416.67903262808073,1.0,241.7376377295448,419.1400524527887,1.0,222.69954947103872,439.24908159454935,1.0,175.3161494052379,468.8924244707145,1.0,167.93849721852757,469.96551643955104,1.0,130.7496496262203,460.9575336695987,1.0,1.0,2.847457627118644,216.3538032930396,218.77679704057115,False,218.573776273002,250.74268015478725,False,162.9989298217935,251.5221933033898,False,261.2858826330766,255.07298700541887,False,115.57536485000838,260.1591001034128,False,298.4764299794123,259.65631712624526,False,80.93925191289492,289.71573053234727,False,178.15028080940786,342.85692323462166,False,154.97941741189385,342.5854892016175,False,198.17266819996453,385.8789874525014,False,187.2972668825821,390.6207341866135,False,224.1665224628173,429.5239463819103,False,146.01537519829844,449.9509865913972,False,True,149.8460421240526,174.18020136567782,111.23741750133225
169,169,2.864406779661017,2.864406779661017,Sports2D_HALPE26_postprocessed,217.0109913501712,219.8212507895853,1.0,218.03690200105905,248.42476051814177,1.0,165.563987324591,249.98248608633463,1.0,262.9709087792222,250.10480839255337,1.0,116.1259390084306,253.3425946755708,1.0,301.00873166165377,254.43181462846937,1.0,81.75334522978417,286.8684667568438,1.0,182.06109104274464,342.26850966204245,1.0,158.53162200996758,341.45039974625985,1.0,202.09163838396336,388.9339505632697,1.0,187.80927570113604,395.6126094528551,1.0,221.14153340885133,434.6739850608816,1.0,148.65058489610135,449.7681889388812,1.0,238.90613026009515,422.64052239886433,1.0,235.2901772224477,426.91040064926574,1.0,219.2665790090713,445.1898904175875,1.0,174.97737798752087,468.55664669899534,1.0,167.2998262514304,469.6411402093553,1.0,133.3584859984401,458.86193973305626,1.0,1.0,2.864406779661017,217.0109913501712,219.8212507895853,False,218.03690200105905,248.42476051814177,False,165.563987324591,249.98248608633463,False,262.9709087792222,250.10480839255337,False,116.1259390084306,253.3425946755708,False,301.00873166165377,254.43181462846937,False,81.75334522978417,286.8684667568438,False,182.06109104274464,342.26850966204245,False,158.53162200996758,341.45039974625985,False,202.09163838396336,388.9339505632697,False,187.80927570113604,395.6126094528551,False,221.14153340885133,434.6739850608816,False,148.65058489610135,449.7681889388812,False,True,139.60265266329807,179.3800287366906,115.73648708172232
170,170,2.8813559322033897,2.8813559322033897,Sports2D_HALPE26_postprocessed,217.2399278320024,220.9646663382762,1.0,219.0518895387444,247.88185775369217,1.0,166.40050662215555,248.8792239672148,1.0,262.8284835540595,246.10647062242523,1.0,115.63248611600972,247.7468940532957,1.0,300.3249010203876,251.4098888623744,1.0,87.68745387990636,280.0861743171809,1.0,185.45504385733017,343.84583620797054,1.0,161.84605371240875,342.8710932875064,1.0,203.1736308652098,392.6966483678333,1.0,187.8827671782624,396.40313548339344,1.0,219.26549138596783,439.0103809058407,1.0,151.09345571413172,447.9102315795535,1.0,231.94506862557049,439.3576438339535,1.0,229.9176071136732,442.91501062389455,1.0,218.16384410760543,448.8454410154063,1.0,174.91947604402478,468.3375858171752,1.0,167.41316110946474,469.3996510991335,1.0,135.03727996688755,456.0666823044991,1.0,1.0,2.8813559322033897,217.2399278320024,220.9646663382762,False,219.0518895387444,247.88185775369217,False,166.40050662215555,248.8792239672148,False,262.8284835540595,246.10647062242523,False,115.63248611600972,247.7468940532957,False,300.3249010203876,251.4098888623744,False,87.68745387990636,280.0861743171809,False,185.45504385733017,343.84583620797054,False,161.84605371240875,342.8710932875064,False,203.1736308652098,392.6966483678333,False,187.8827671782624,396.40313548339344,False,219.26549138596783,439.0103809058407,False,151.09345571413172,447.9102315795535,False,True,129.5532523891434,179.22383315419782,118.52621854892749
171,171,2.8983050847457625,2.8983050847457625,Sports2D_HALPE26_postprocessed,216.69101430483693,221.53639018353087,1.0,220.7221972531746,247.6051638796256,1.0,168.09579859317807,249.2342063448916,1.0,262.3446762858339,240.858268793754,1.0,118.28589533682648,242.4838717865323,1.0,297.90933328967,248.55440216759672,1.0,95.8280157194132,264.0299507674774,1.0,187.1394164553817,346.43025804217064,1.0,165.50473702122076,344.90569140627065,1.0,203.6250184532471,398.17827519214046,1.0,188.85917835574176,401.5431499009918,1.0,215.6414881996756,446.4057026728495,1.0,155.83149363205678,444.8217277808568,1.0,230.9676146294288,452.7445687608416,1.0,224.3875151609361,452.0874534501283,1.0,216.0217680844968,455.0224587334564,1.0,176.36104099055174,467.5341640039479,1.0,169.36887091186702,467.8614077909767,1.0,141.82593097462782,454.736219816668,1.0,1.0,2.8983050847457625,216.69101430483693,221.53639018353087,False,220.7221972531746,247.6051638796256,False,168.09579859317807,249.2342063448916,False,262.3446762858339,240.858268793754,False,118.28589533682648,242.4838717865323,False,297.90933328967,248.55440216759672,False,95.8280157194132,264.0299507674774,False,187.1394164553817,346.43025804217064,False,165.50473702122076,344.90569140627065,False,203.6250184532471,398.17827519214046,False,188.85917835574176,401.5431499009918,False,215.6414881996756,446.4057026728495,False,155.83149363205678,444.8217277808568,False,True,128.46923371236855,176.32051991557526,120.24244988759871
172,172,2.915254237288136,2.915254237288136,Sports2D_HALPE26_postprocessed,217.78381789565253,221.3650785588472,1.0,219.99394307582773,248.05643685966385,1.0,170.53841440060486,249.48956587572383,1.0,257.42865954529225,240.6000983584628,1.0,119.61769779535476,241.40896769478155,1.0,293.4487186830653,250.6661688182896,1.0,102.40267360324148,259.0046970955529,1.0,187.58576324731308,348.61444567956414,1.0,171.2320267366864,347.57282547725185,1.0,203.879488711358,401.9525319437614,1.0,190.398682020127,411.2981139563129,1.0,214.49621135706687,451.0197798394324,1.0,161.6167916412514,441.92445453116056,1.0,230.37585029241555,451.7643423760104,1.0,223.68397035122763,452.30359447420585,1.0,212.7555325109676,458.3837212502727,1.0,178.38574579115146,467.6638317570599,1.0,170.94178798692778,468.3763156732359,1.0,149.90294790492587,447.1264797963378,1.0,1.0,2.915254237288136,217.78381789565253,221.3650785588472,False,219.99394307582773,248.05643685966385,False,170.53841440060486,249.48956587572383,False,257.42865954529225,240.6000983584628,False,119.61769779535476,241.40896769478155,False,293.4487186830653,250.6661688182896,False,102.40267360324148,259.0046970955529,False,187.58576324731308,348.61444567956414,False,171.2320267366864,347.57282547725185,False,203.879488711358,401.9525319437614,False,190.398682020127,411.2981139563129,False,214.49621135706687,451.0197798394324,False,161.6167916412514,441.92445453116056,False,True,125.35634726993227,175.2220625877374,120.03858271226757
173,173,2.9322033898305087,2.9322033898305087,Sports2D_HALPE26_postprocessed,217.3319250855032,219.84000713841988,1.0,217.71778531061256,248.2675861571857,1.0,171.45011028159644,249.91449917071049,1.0,248.30862373796435,240.13529143182544,1.0,126.18096162408044,244.1464319552701,1.0,280.7816345975174,246.03735445539905,1.0,117.25729859281036,249.95181149123337,1.0,180.19751525137573,350.35376326499045,1.0,175.4825943983675,348.80623879498927,1.0,203.533365193805,414.0573389645489,1.0,190.9340555935399,415.4149666210006,1.0,212.6787595286082,461.4922147449108,1.0,167.38829702469602,438.94900195996,1.0,221.05012542651275,465.01315220356815,1.0,216.8918811792148,463.2625638890381,1.0,209.55585385970087,465.9007812343192,1.0,177.04310654025352,467.71323491783727,1.0,169.6689710709164,465.7686359919737,1.0,157.5323835243171,446.4150845783335,1.0,1.0,2.9322033898305087,217.3319250855032,219.84000713841988,False,217.71778531061256,248.2675861571857,False,171.45011028159644,249.91449917071049,False,248.30862373796435,240.13529143182544,False,126.18096162408044,244.1464319552701,False,280.7816345975174,246.03735445539905,False,117.25729859281036,249.95181149123337,False,180.19751525137573,350.35376326499045,False,175.4825943983675,348.80623879498927,False,203.533365193805,414.0573389645489,False,190.9340555935399,415.4149666210006,False,212.6787595286082,461.4922147449108,False,167.38829702469602,438.94900195996,False,True,139.69223746978722,170.79390981733715,121.92562142524139
174,174,2.949152542372881,2.949152542372881,Sports2D_HALPE26_postprocessed,215.87508028140644,220.9443919095293,1.0,219.4438521159572,249.45249438291472,1.0,173.11762073139616,251.1527444738424,1.0,243.89754343503824,242.44403394166977,1.0,134.21722329304265,247.186468808892,1.0,270.018963457415,248.71041101467,1.0,124.27049217442703,246.7645371147356,1.0,179.17547804807586,353.6178656284967,1.0,179.23309661825624,352.19245660750136,1.0,202.2167686021315,419.49853996098193,1.0,188.49048730628937,417.6350360053403,1.0,212.36396160966964,465.0196027705345,1.0,177.0259911780814,435.0771552802672,1.0,221.0876456171009,467.12311522099,1.0,217.2463505414974,465.8488599804388,1.0,209.3325622801497,467.69984376436287,1.0,174.2523278852065,467.8113783085997,1.0,169.46369308786325,462.1176984760357,1.0,168.83537446260829,444.9488946622146,1.0,1.0,2.949152542372881,215.87508028140644,220.9443919095293,False,219.4438521159572,249.45249438291472,False,173.11762073139616,251.1527444738424,False,243.89754343503824,242.44403394166977,False,134.21722329304265,247.186468808892,False,270.018963457415,248.71041101467,False,124.27049217442703,246.7645371147356,False,179.17547804807586,353.6178656284967,False,179.23309661825624,352.19245660750136,False,202.2167686021315,419.49853996098193,False,188.49048730628937,417.6350360053403,False,212.36396160966964,465.0196027705345,False,177.0259911780814,435.0771552802672,False,True,176.6072346463594,173.28954978824942,138.63202299273806
175,175,2.9661016949152543,2.9661016949152543,Sports2D_HALPE26_postprocessed,215.54533512215903,223.08868437209185,1.0,218.73795184225816,253.11068477767327,1.0,173.59444610324329,254.03371522187493,1.0,246.35900820011383,267.4129448622596,1.0,128.9927050663578,255.7151206681065,1.0,254.09041128675,256.219542914155,1.0,145.9560082791599,237.14645862939105,1.0,179.56889647298928,353.5373122661747,1.0,196.64801508772143,354.28792889845977,1.0,201.18313948195947,416.8803580913321,1.0,190.94257851543625,412.0010433665679,1.0,212.143639006778,463.02711039184777,1.0,178.9595408751485,436.9094620866867,1.0,219.23971896298656,467.2697617153185,1.0,217.6176066715269,466.05965520233474,1.0,209.60433618846497,467.4617591913172,1.0,169.54449594077428,467.921848638709,1.0,170.1918352457694,464.822087045953,1.0,169.9479067976695,441.9378319344312,1.0,1.0,2.9661016949152543,215.54533512215903,223.08868437209185,False,218.73795184225816,253.11068477767327,False,173.59444610324329,254.03371522187493,False,246.35900820011383,267.4129448622596,False,128.9927050663578,255.7151206681065,False,254.09041128675,256.219542914155,False,145.9560082791599,237.14645862939105,False,179.56889647298928,353.5373122661747,False,196.64801508772143,354.28792889845977,False,201.18313948195947,416.8803580913321,False,190.94257851543625,412.0010433665679,False,212.143639006778,463.02711039184777,False,178.9595408751485,436.9094620866867,False,True,45.42797825101387,174.52004349484687,159.95437956635993
176,176,2.983050847457627,2.983050847457627,Sports2D_HALPE26_postprocessed,213.26089761072032,224.44929565234463,1.0,176.12885025381604,257.75992358098495,1.0,212.0645853430996,256.799068708218,1.0,135.3828820897743,261.92495740318606,1.0,134.33962265972912,259.4118273523516,1.0,152.89043054059192,232.065284723083,1.0,151.60166422004949,231.8121505250022,1.0,173.2032062230787,355.07532790822853,1.0,202.77793746594105,357.0526428694155,1.0,200.7278691393008,416.73703025402295,1.0,193.81109108221733,415.8761341516256,1.0,210.83565398916937,461.790152614837,1.0,180.6500583758135,436.4737005758787,1.0,215.59951470418736,466.0450579578674,1.0,213.1716944766117,464.8039546105904,1.0,209.2639593051433,468.1284862589344,1.0,165.7869364803347,467.9175809102292,1.0,169.5806932636139,465.1759000402929,1.0,168.7992124897998,439.08514732354206,1.0,1.0,2.983050847457627,213.26089761072032,224.44929565234463,False,176.12885025381604,257.75992358098495,False,212.0645853430996,256.799068708218,False,135.3828820897743,261.92495740318606,False,134.33962265972912,259.4118273523516,False,152.89043054059192,232.065284723083,False,151.60166422004949,231.8121505250022,False,173.2032062230787,355.07532790822853,False,202.77793746594105,357.0526428694155,False,200.7278691393008,416.73703025402295,False,193.81109108221733,415.8761341516256,False,210.83565398916937,461.790152614837,False,180.6500583758135,436.4737005758787,False,True,56.051045247400225,168.58995643618763,156.09027167963185
177,177,3.0,3.0,Sports2D_HALPE26_postprocessed,194.3099528491675,230.79041922705872,1.0,180.12005107381583,263.87616321628127,1.0,212.258397794033,263.9959439229768,1.0,151.46088897949878,269.4803243082385,1.0,156.54219920462316,251.4925997496184,1.0,155.9303767578166,229.6119789412877,1.0,156.3295587362297,230.2952587789411,1.0,175.0432042230821,354.46138144720953,1.0,208.5737944376695,356.6723464060113,1.0,200.39674959854568,413.4358685279864,1.0,198.0580992547356,413.4298810868671,1.0,210.2066958273088,457.5464129838268,1.0,185.9756216580935,436.5335731003913,1.0,212.7116067524846,466.73190864235033,1.0,208.7075515132717,466.28241124246586,1.0,211.0878665743761,463.3947182132662,1.0,159.7424672500109,467.86246569236215,1.0,164.34285637191,465.5504814990126,1.0,179.2784407282173,443.1761506129389,1.0,1.0,3.0,194.3099528491675,230.79041922705872,False,180.12005107381583,263.87616321628127,False,212.258397794033,263.9959439229768,False,151.46088897949878,269.4803243082385,False,156.54219920462316,251.4925997496184,False,155.9303767578166,229.6119789412877,False,156.3295587362297,230.2952587789411,False,175.0432042230821,354.46138144720953,False,208.5737944376695,356.6723464060113,False,200.39674959854568,413.4358685279864,False,198.0580992547356,413.4298810868671,False,210.2066958273088,457.5464129838268,False,185.9756216580935,436.5335731003913,False,True,103.2230159047254,169.27501018326356,162.88829642376083
178,178,3.016949152542373,3.016949152542373,Sports2D_HALPE26_postprocessed,204.00972260782493,231.4191145181036,1.0,177.456429554694,264.9351231468964,1.0,205.14883682447976,266.29893416456565,1.0,173.61074659164422,243.3205797358095,1.0,173.64493383729484,273.9874678622935,1.0,164.57491458347536,222.90366046441568,1.0,164.96939692665055,223.71225377204087,1.0,177.0204393138303,355.5134943028863,1.0,210.2208338092813,354.8489191381294,1.0,199.2394942260504,418.5538458023347,1.0,203.63606837819003,415.2470611242583,1.0,209.44154029874232,457.87675757823126,1.0,187.9328856135197,437.5474766313604,1.0,214.56142776666525,467.3362905391816,1.0,212.2897767835629,466.4181407386384,1.0,210.5197884571776,464.8384372238716,1.0,155.01148062381657,467.9117588403909,1.0,162.12482217592407,465.9864040084312,1.0,177.8187018584823,441.41919969230526,1.0,1.0,3.016949152542373,204.00972260782493,231.4191145181036,False,177.456429554694,264.9351231468964,False,205.14883682447976,266.29893416456565,False,173.61074659164422,243.3205797358095,False,173.64493383729484,273.9874678622935,False,164.57491458347536,222.90366046441568,False,164.96939692665055,223.71225377204087,False,177.0204393138303,355.5134943028863,False,210.2208338092813,354.8489191381294,False,199.2394942260504,418.5538458023347,False,203.63606837819003,415.2470611242583,False,209.44154029874232,457.87675757823126,False,187.9328856135197,437.5474766313604,False,True,86.07564167181897,175.12891162796154,151.07007965387106
179,179,3.0338983050847457,3.0338983050847457,Sports2D_HALPE26_postprocessed,172.79966110467322,232.15846255631297,1.0,172.24629092948396,274.05370453442424,1.0,206.93316606606933,261.55109345513466,1.0,165.2801012670506,301.6222131549011,1.0,190.00986245009827,258.8968233592923,1.0,158.11226017691646,302.5303934008375,1.0,170.9410625020537,226.87416616074177,1.0,177.52933309772624,355.1409061477888,1.0,212.3812347846041,352.86264230031327,1.0,195.99069352254503,416.07972111628425,1.0,206.811190973664,415.3662664425215,1.0,209.2047641936215,458.2919789618876,1.0,187.96440127609725,435.4229082961141,1.0,213.87235670304727,467.8983395909943,1.0,212.5397413752344,466.5207133389582,1.0,210.9529168211293,465.0325589124162,1.0,154.11574359694362,468.473413595057,1.0,159.83703224519044,466.1604705374348,1.0,179.24004940088497,444.5799719024863,1.0,1.0,3.0338983050847457,172.79966110467322,232.15846255631297,False,172.24629092948396,274.05370453442424,False,206.93316606606933,261.55109345513466,False,165.2801012670506,301.6222131549011,False,190.00986245009827,258.8968233592923,False,158.11226017691646,302.5303934008375,False,170.9410625020537,226.87416616074177,False,177.52933309772624,355.1409061477888,False,212.3812347846041,352.86264230031327,False,195.99069352254503,416.07972111628425,False,206.811190973664,415.3662664425215,False,209.2047641936215,458.2919789618876,False,187.96440127609725,435.4229082961141,False,True,129.68660226062903,179.47199850668315,141.87375059749104
180,180,3.0508474576271185,3.0508474576271185,Sports2D_HALPE26_postprocessed,190.8042418616961,236.7023882473545,1.0,162.61419075063426,285.7222873154899,1.0,214.85577393576293,259.4993255985377,1.0,155.73912392993415,328.72179822634024,1.0,254.77363692541644,258.23581086439174,1.0,158.4282883729783,315.4987102221271,1.0,291.7613188310962,256.3269193953162,1.0,176.97446356866206,353.9442092859508,1.0,211.89287959908503,350.26566049759055,1.0,195.79837998543667,416.13436151451015,1.0,207.7906622309114,415.61927790068495,1.0,208.3837483259853,457.7617642568342,1.0,187.0492367789512,438.5614495294944,1.0,216.195282260452,467.5252713383412,1.0,213.5602962917896,466.6013503790481,1.0,209.746267399289,465.2479883168289,1.0,154.4337327647907,468.3762593780689,1.0,160.28931826030612,465.4829008944642,1.0,178.4918335462879,442.75252945735457,1.0,1.0,3.0508474576271185,190.8042418616961,236.7023882473545,False,162.61419075063426,285.7222873154899,False,214.85577393576293,259.4993255985377,False,155.73912392993415,328.72179822634024,False,254.77363692541644,258.23581086439174,False,158.4282883729783,315.4987102221271,False,291.7613188310962,256.3269193953162,False,176.97446356866206,353.9442092859508,False,211.89287959908503,350.26566049759055,False,195.79837998543667,416.13436151451015,False,207.7906622309114,415.61927790068495,False,208.3837483259853,457.7617642568342,False,187.0492367789512,438.5614495294944,False,True,178.85862246078207,179.9816542725101,141.47579744601515
181,181,3.067796610169492,3.067796610169492,Sports2D_HALPE26_postprocessed,196.12488152762623,239.3350989729244,1.0,160.7150702719191,290.8064209218456,1.0,218.6893632724213,263.60068119728186,1.0,150.64502259228357,343.2221476561452,1.0,257.53144468495566,250.5942977674019,1.0,164.35069024702048,322.40707654388666,1.0,232.45196953890263,243.4652697606,1.0,178.2613061590644,352.7227580620074,1.0,215.5172628172656,348.05956443874845,1.0,193.8895216876877,412.6734752418308,1.0,208.65385538601927,415.2831852337512,1.0,207.2330447520584,457.4211706924223,1.0,187.14997959919552,440.43694870936895,1.0,217.2288340510368,468.9767700847935,1.0,213.4833177601985,468.0771146618446,1.0,207.88572103244096,463.3576974479415,1.0,152.51448079799826,468.1181131200645,1.0,160.08931321973503,465.5332827630961,1.0,175.05126838344643,446.91858953594885,1.0,1.0,3.067796610169492,196.12488152762623,239.3350989729244,False,160.7150702719191,290.8064209218456,False,218.6893632724213,263.60068119728186,False,150.64502259228357,343.2221476561452,False,257.53144468495566,250.5942977674019,False,164.35069024702048,322.40707654388666,False,232.45196953890263,243.4652697606,False,178.2613061590644,352.7227580620074,False,215.5172628172656,348.05956443874845,False,193.8895216876877,412.6734752418308,False,208.65385538601927,415.2831852337512,False,207.2330447520584,457.4211706924223,False,187.14997959919552,440.43694870936895,False,True,34.381467234136366,178.0066405925075,145.30256162381048
182,182,3.084745762711864,3.084745762711864,Sports2D_HALPE26_postprocessed,186.7762159543155,246.43959508973825,1.0,160.11994817033653,296.29308793385337,1.0,219.60629365308708,264.20971930742,1.0,146.94290769402653,349.4375646640648,1.0,265.5224505978672,246.84750270891,1.0,160.46290769404118,346.4787305647776,1.0,255.3676237085253,244.691364293145,1.0,180.32202495981176,350.93868733447306,1.0,216.6353210442548,348.8717210624076,1.0,191.47031257888764,404.53237547588753,1.0,210.4686879413956,416.4540240340132,1.0,207.1075158396436,459.0004015361823,1.0,192.1626147395102,439.3003998757158,1.0,219.1328366560936,468.2952494247888,1.0,216.6224558490468,467.1473807636972,1.0,206.79099567554908,463.3805569022437,1.0,157.98629290591816,468.31108316405897,1.0,163.09684028764278,465.8365578851941,1.0,183.6888895015976,442.66503844238,1.0,1.0,3.084745762711864,186.7762159543155,246.43959508973825,False,160.11994817033653,296.29308793385337,False,219.60629365308708,264.20971930742,False,146.94290769402653,349.4375646640648,False,265.5224505978672,246.84750270891,False,160.46290769404118,346.4787305647776,False,255.3676237085253,244.691364293145,False,180.32202495981176,350.93868733447306,False,216.6353210442548,348.8717210624076,False,191.47031257888764,404.53237547588753,False,210.4686879413956,416.4540240340132,False,207.1075158396436,459.0004015361823,False,192.1626147395102,439.3003998757158,False,True,32.700429081012324,175.73258243785818,146.5095035861016
183,183,3.101694915254237,3.101694915254237,Sports2D_HALPE26_postprocessed,187.699476907289,250.4453006606054,1.0,157.15040877984154,299.66696693423324,1.0,219.31117004490025,265.3055349316846,1.0,145.9527382985006,354.12379306215456,1.0,265.3141607015985,246.7570889812045,1.0,153.48138778803985,326.90301796845307,1.0,285.1990122362328,229.4510346269812,1.0,181.55894485711733,349.76627580130366,1.0,217.56420761952808,347.7153659586303,1.0,190.0697802128172,402.7142683569178,1.0,212.18397888331,417.1951765130657,1.0,201.48122021180697,455.3272914683107,1.0,201.06771850733924,443.5642673141856,1.0,215.86028599547527,466.7488857751701,1.0,212.0875985437453,464.7706825346327,1.0,205.49090758571936,462.3857094068231,1.0,162.94474260450318,467.1685633732378,1.0,169.04261781004695,465.77692696025343,1.0,197.2610910312629,449.7394591462003,1.0,1.0,3.101694915254237,187.699476907289,250.4453006606054,False,157.15040877984154,299.66696693423324,False,219.31117004490025,265.3055349316846,False,145.9527382985006,354.12379306215456,False,265.3141607015985,246.7570889812045,False,153.48138778803985,326.90301796845307,False,285.1990122362328,229.4510346269812,False,181.55894485711733,349.76627580130366,False,217.56420761952808,347.7153659586303,False,190.0697802128172,402.7142683569178,False,212.18397888331,417.1951765130657,False,201.48122021180697,455.3272914683107,False,201.06771850733924,443.5642673141856,False,True,160.92584454198695,176.89403247485762,161.56937300173098
184,184,3.1186440677966103,3.1186440677966103,Sports2D_HALPE26_postprocessed,176.4088635137893,256.2248490036918,1.0,156.50466712709087,301.09798404544745,1.0,221.47027836586875,267.7180428288978,1.0,145.91276151047208,358.9983775962628,1.0,271.2994092697572,254.30864443881308,1.0,153.1037919565815,330.597564319119,1.0,298.328203125982,232.32977558910005,1.0,182.744079459596,349.6607742239363,1.0,220.30696407364687,346.5126733734125,1.0,190.3095320161939,397.0485335217138,1.0,212.9691651332812,416.9194460044673,1.0,197.6683016001769,454.4414552999935,1.0,210.25043425103345,450.7339191689717,1.0,211.51610214763687,464.7215175281384,1.0,177.08163239408916,463.4921244608583,1.0,203.5620912078618,462.919541250126,1.0,170.17599878610162,466.8948456218547,1.0,212.16827718243016,465.66973493828425,1.0,207.10644873488707,458.05870108003313,1.0,1.0,3.1186440677966103,176.4088635137893,256.2248490036918,False,156.50466712709087,301.09798404544745,False,221.47027836586875,267.7180428288978,False,145.91276151047208,358.9983775962628,False,271.2994092697572,254.30864443881308,False,153.1037919565815,330.597564319119,False,298.328203125982,232.32977558910005,False,182.744079459596,349.6607742239363,False,220.30696407364687,346.5126733734125,False,190.3095320161939,397.0485335217138,False,212.9691651332812,416.9194460044673,False,197.6683016001769,454.4414552999935,False,210.25043425103345,450.7339191689717,False,True,155.94510674905706,178.23573059235056,178.64688251782653
185,185,3.135593220338983,3.135593220338983,Sports2D_HALPE26_postprocessed,174.17101265867612,257.52605479059565,1.0,157.42088638519297,300.1257782103042,1.0,221.024363525264,275.1172170013588,1.0,145.70225995820465,357.9912799094288,1.0,268.0288322293463,259.5575396459126,1.0,149.7383320242036,346.86998577362675,1.0,292.38891315881983,243.29462203221627,1.0,184.3032077781509,345.1971641713368,1.0,220.9275753321255,341.6330192764887,1.0,191.4647135846102,396.50940232544247,1.0,213.67795540364543,415.4415986723354,1.0,199.0849642177029,453.9653808110096,1.0,210.041163188674,453.663562096087,1.0,212.3739141632532,464.0850004093971,1.0,179.47713826967902,463.6230712562692,1.0,203.45820041011947,462.87332534433926,1.0,182.22648895572183,465.7373332836184,1.0,216.1081540813159,465.7751893269669,1.0,204.45998549683915,460.9170989297887,1.0,1.0,3.135593220338983,174.17101265867612,257.52605479059565,False,157.42088638519297,300.1257782103042,False,221.024363525264,275.1172170013588,False,145.70225995820465,357.9912799094288,False,268.0288322293463,259.5575396459126,False,149.7383320242036,346.86998577362675,False,292.38891315881983,243.29462203221627,False,184.3032077781509,345.1971641713368,False,220.9275753321255,341.6330192764887,False,191.4647135846102,396.50940232544247,False,213.67795540364543,415.4415986723354,False,199.0849642177029,453.9653808110096,False,210.041163188674,453.663562096087,False,True,164.58857886587626,179.60962404961018,179.82558153389343
186,186,3.152542372881356,3.152542372881356,Sports2D_HALPE26_postprocessed,172.22921503949664,262.8771157964071,1.0,160.8045410570498,299.2355416606091,1.0,223.1609012850995,278.73404062939693,1.0,145.96529856331148,352.84573604259,1.0,267.0959728978196,267.1089833733209,1.0,135.88902947626653,356.26450055991995,1.0,292.904475236656,260.3746615015958,1.0,188.5154058060456,341.15971426247114,1.0,224.6348795819348,338.34719497198734,1.0,193.2070810997283,398.7582411063119,1.0,216.06107524438272,411.7724546389615,1.0,203.46133357172573,452.5470322488689,1.0,209.40690575728308,449.1259491882568,1.0,209.8468692575475,463.6956758944332,1.0,183.78103759814675,464.5673084908942,1.0,206.0558924137469,461.462534520988,1.0,185.1582303639889,461.41696500892107,1.0,195.34962620880864,462.93130397350166,1.0,205.8946127139676,459.5558019350302,1.0,1.0,3.152542372881356,172.22921503949664,262.8771157964071,False,160.8045410570498,299.2355416606091,False,223.1609012850995,278.73404062939693,False,145.96529856331148,352.84573604259,False,267.0959728978196,267.1089833733209,False,135.88902947626653,356.26450055991995,False,292.904475236656,260.3746615015958,False,188.5154058060456,341.15971426247114,False,224.6348795819348,338.34719497198734,False,193.2070810997283,398.7582411063119,False,216.06107524438272,411.7724546389615,False,203.46133357172573,452.5470322488689,False,209.40690575728308,449.1259491882568,False,True,179.8037310961013,173.8634235450899,176.55947593643896
187,187,3.169491525423729,3.169491525423729,Sports2D_HALPE26_postprocessed,172.4861019826433,267.43023699857224,1.0,165.4143902425036,298.2683333305463,1.0,224.6702032715725,280.76041947826667,1.0,147.34341375922102,342.58086070831047,1.0,255.4075637674504,279.7932469020266,1.0,133.4999580602977,372.9448464501178,1.0,230.4574396805803,280.0774024032556,1.0,193.54923925118783,338.16377861526666,1.0,230.04113409052744,338.0503725662886,1.0,194.25003511609447,397.8022998560262,1.0,215.30969402525585,411.4081438527098,1.0,200.85718105839163,452.2078350177565,1.0,210.64526920976024,448.9012628168947,1.0,191.4698327959806,462.872585655364,1.0,185.56035857533104,464.1430022975872,1.0,203.94216877986952,462.3180972201165,1.0,190.49977539482472,463.2850357600877,1.0,198.0276544134088,463.4701971340176,1.0,207.44117070654144,460.7805053289455,1.0,1.0,3.169491525423729,172.4861019826433,267.43023699857224,False,165.4143902425036,298.2683333305463,False,224.6702032715725,280.76041947826667,False,147.34341375922102,342.58086070831047,False,255.4075637674504,279.7932469020266,False,133.4999580602977,372.9448464501178,False,230.4574396805803,280.0774024032556,False,193.54923925118783,338.16377861526666,False,230.04113409052744,338.0503725662886,False,194.25003511609447,397.8022998560262,False,215.30969402525585,411.4081438527098,False,200.85718105839163,452.2078350177565,False,210.64526920976024,448.9012628168947,False,True,1.1497471252087574,173.7489987955993,175.73668788245786
188,188,3.1864406779661016,3.1864406779661016,Sports2D_HALPE26_postprocessed,174.24040207575015,276.31026448723486,1.0,168.16289181936537,296.8042273298042,1.0,225.8611532039614,283.9165687520648,1.0,146.73622412434338,344.7746666873437,1.0,235.7018297458144,322.91371002342464,1.0,128.41453626055085,384.1083445994408,1.0,212.5267514814317,312.6624139370433,1.0,195.68325775699125,334.2192302250712,1.0,233.4923908723365,336.735124824851,1.0,195.5313904110129,393.5687032314993,1.0,215.12227568330235,409.9720830920194,1.0,200.66099062004687,453.1214365796838,1.0,214.9161790333169,446.9731226410376,1.0,186.33283226612096,461.9365400665992,1.0,184.5423781796865,463.3362073123097,1.0,204.7347773537574,463.2524774545124,1.0,204.9598725659836,464.21628603360057,1.0,214.412918342753,463.0077425383653,1.0,217.5894369058663,455.3332327294331,1.0,1.0,3.1864406779661016,174.24040207575015,276.31026448723486,False,168.16289181936537,296.8042273298042,False,225.8611532039614,283.9165687520648,False,146.73622412434338,344.7746666873437,False,235.7018297458144,322.91371002342464,False,128.41453626055085,384.1083445994408,False,212.5267514814317,312.6624139370433,False,195.68325775699125,334.2192302250712,False,233.4923908723365,336.735124824851,False,195.5313904110129,393.5687032314993,False,215.12227568330235,409.9720830920194,False,200.66099062004687,453.1214365796838,False,214.9161790333169,446.9731226410376,False,True,51.97566066843382,174.93034278506062,166.23807722112946
189,189,3.2033898305084745,3.2033898305084745,Sports2D_HALPE26_postprocessed,172.24913705818392,277.1007363758369,1.0,168.62363773539732,298.3261014912282,1.0,221.25713815946423,285.267493323288,1.0,145.0568901194025,348.426264123187,1.0,230.8577756873053,324.51547273997966,1.0,125.60543671165289,388.5463647305995,1.0,184.2286553909992,345.6229245641982,1.0,198.6663527193284,331.1671383692839,1.0,237.43301781138024,331.3130183994572,1.0,198.6954963124712,389.0412625534962,1.0,216.58330896150028,403.3749339821667,1.0,200.62577494789323,453.91524991722576,1.0,215.25667923103737,445.501974978463,1.0,185.19332219257427,461.5321491592017,1.0,183.6787093535039,462.3807294291189,1.0,204.5465981472761,463.5399610179809,1.0,197.4560317985305,464.8949618784935,1.0,209.16364508018253,463.6595861207076,1.0,218.4236235944421,455.61709712598633,1.0,1.0,3.2033898305084745,172.24913705818392,277.1007363758369,False,168.62363773539732,298.3261014912282,False,221.25713815946423,285.267493323288,False,145.0568901194025,348.426264123187,False,230.8577756873053,324.51547273997966,False,125.60543671165289,388.5463647305995,False,184.2286553909992,345.6229245641982,False,198.6663527193284,331.1671383692839,False,237.43301781138024,331.3130183994572,False,198.6954963124712,389.0412625534962,False,216.58330896150028,403.3749339821667,False,200.62577494789323,453.91524991722576,False,215.25667923103737,445.501974978463,False,True,100.60920164331904,178.32456064737642,165.66694690002674
190,190,3.220338983050848,3.220338983050848,Sports2D_HALPE26_postprocessed,172.41333054405305,281.2050438236459,1.0,169.50082882307433,300.07190231443,1.0,218.74686338306847,287.3464331896659,1.0,144.94428085339828,349.7870084305004,1.0,202.23029756485107,354.5392292975647,1.0,123.76599260330345,391.5595364116514,1.0,161.6741909894802,380.2069798717743,1.0,203.2755133450628,329.6895779064509,1.0,241.8886091604748,328.67747101361243,1.0,201.97714016748944,389.31321645172864,1.0,219.83329715896969,398.7720720562329,1.0,201.75957654252213,453.4746753492488,1.0,213.6293870251832,454.5760395993255,1.0,205.34006284438823,461.46550236420313,1.0,182.3039473744033,462.61382409449175,1.0,205.1697627458568,464.6843286748465,1.0,191.6102843729348,465.1352065076644,1.0,212.7212035525033,464.9028423592989,1.0,215.4833761633424,463.9008968770583,1.0,1.0,3.220338983050848,172.41333054405305,281.2050438236459,False,169.50082882307433,300.07190231443,False,218.74686338306847,287.3464331896659,False,144.94428085339828,349.7870084305004,False,202.23029756485107,354.5392292975647,False,123.76599260330345,391.5595364116514,False,161.6741909894802,380.2069798717743,False,203.2755133450628,329.6895779064509,False,241.8886091604748,328.67747101361243,False,201.97714016748944,389.31321645172864,False,219.83329715896969,398.7720720562329,False,201.75957654252213,453.4746753492488,False,213.6293870251832,454.5760395993255,False,True,136.13950595057503,178.94679799124322,168.87749410533377
191,191,3.23728813559322,3.23728813559322,Sports2D_HALPE26_postprocessed,172.00552186118563,282.5109870515832,1.0,170.81590461153817,297.78610071075445,1.0,216.6985502394808,288.74369512941735,1.0,146.53093670524953,349.73941074673576,1.0,194.23763008744675,359.97515282806097,1.0,124.6919255130906,393.17994795651833,1.0,152.05721966039852,394.1175916106987,1.0,206.29926048303685,325.94046046949825,1.0,244.70906658425207,326.49382639205743,1.0,204.4684882305474,385.7449862507521,1.0,223.5123271071044,392.1894855366375,1.0,201.869263308144,450.6718162281403,1.0,214.08388547053207,452.6599487430437,1.0,207.6284202448857,461.1482636282272,1.0,185.5278226480128,462.04270436211664,1.0,203.78877363012808,463.2009751263871,1.0,198.6278440093304,463.4311414038355,1.0,210.98750457690065,464.59512684423856,1.0,212.2862768980996,462.6197286248619,1.0,1.0,3.23728813559322,172.00552186118563,282.5109870515832,False,170.81590461153817,297.78610071075445,False,216.6985502394808,288.74369512941735,False,146.53093670524953,349.73941074673576,False,194.23763008744675,359.97515282806097,False,124.6919255130906,393.17994795651833,False,152.05721966039852,394.1175916106987,False,206.29926048303685,325.94046046949825,False,244.70906658425207,326.49382639205743,False,204.4684882305474,385.7449862507521,False,223.5123271071044,392.1894855366375,False,201.869263308144,450.6718162281403,False,214.08388547053207,452.6599487430437,False,True,146.48929752661965,179.46091957222475,170.9797732869231
192,192,3.254237288135593,3.254237288135593,Sports2D_HALPE26_postprocessed,173.05540465818925,284.09927313595057,1.0,170.75332485667587,298.4355980480232,1.0,215.18120265142207,289.8443061228038,1.0,152.47287961549006,344.60859660101147,1.0,189.8780972945341,366.6975512015078,1.0,126.74164733441556,389.4712526874784,1.0,147.81422993731388,398.25092848493625,1.0,207.27836432600128,326.4474396599635,1.0,245.9494491476203,327.40836058243514,1.0,205.3514643094187,384.7451452894306,1.0,228.5667156484764,386.3234474236689,1.0,207.10637361757537,456.2802036314514,1.0,217.7187847044543,427.4627742761496,1.0,214.0788866060233,461.02580913779536,1.0,208.65028684456155,462.93891474321424,1.0,208.6696462935681,466.49812308874624,1.0,213.6061846649692,462.8195311421681,1.0,214.9217355615084,455.8231066181902,1.0,213.9546475828432,423.8337487399184,1.0,1.0,3.254237288135593,173.05540465818925,284.09927313595057,False,170.75332485667587,298.4355980480232,False,215.18120265142207,289.8443061228038,False,152.47287961549006,344.60859660101147,False,189.8780972945341,366.6975512015078,False,126.74164733441556,389.4712526874784,False,147.81422993731388,398.25092848493625,False,207.27836432600128,326.4474396599635,False,245.9494491476203,327.40836058243514,False,205.3514643094187,384.7451452894306,False,228.5667156484764,386.3234474236689,False,207.10637361757537,456.2802036314514,False,217.7187847044543,427.4627742761496,False,True,145.09824596693173,176.7015983902495,178.3333951840664
193,193,3.2711864406779663,3.2711864406779663,Sports2D_HALPE26_postprocessed,169.81842740358027,283.8058036817514,1.0,168.45917328069925,300.0977704210641,1.0,212.2886078256728,291.57475084109814,1.0,154.41363490510622,342.69830179550473,1.0,189.06582975972603,369.6450394234193,1.0,127.51941575207354,388.60268032895823,1.0,143.33732625702285,401.8253625815768,1.0,210.34826479591104,326.207703817215,1.0,250.02139635107144,325.78969489196186,1.0,205.4766378060673,386.403493253805,1.0,232.1744906500031,383.5151423025996,1.0,208.9922400945404,461.7537510429952,1.0,218.2881568629333,420.0473683592041,1.0,213.79535238697144,464.1909271083316,1.0,208.4016877545538,466.5146146822562,1.0,209.69717860862588,468.9622614621409,1.0,213.37653790725275,443.5488219515956,1.0,210.9983890806744,439.6652188393248,1.0,211.60480938559965,424.5782355960831,1.0,1.0,3.2711864406779663,169.81842740358027,283.8058036817514,False,168.45917328069925,300.0977704210641,False,212.2886078256728,291.57475084109814,False,154.41363490510622,342.69830179550473,False,189.06582975972603,369.6450394234193,False,127.51941575207354,388.60268032895823,False,143.33732625702285,401.8253625815768,False,210.34826479591104,326.207703817215,False,250.02139635107144,325.78969489196186,False,205.4766378060673,386.403493253805,False,232.1744906500031,383.5151423025996,False,208.9922400945404,461.7537510429952,False,218.2881568629333,420.0473683592041,False,True,141.7006653711973,172.7018529148433,176.36758259168
194,194,3.288135593220339,3.288135593220339,Sports2D_HALPE26_postprocessed,167.98113823019554,283.6349812405053,1.0,169.12858439249646,299.6825228990619,1.0,209.80128864196035,293.9504686059483,1.0,155.46776553318566,341.4536804111782,1.0,181.91878019505705,366.7720111268442,1.0,132.49652335408646,381.5752420192066,1.0,145.99583373514972,397.3452181390498,1.0,213.0274687148924,326.2836473466722,1.0,254.3102748256801,327.4114256564592,1.0,205.12187667408864,389.011042760891,1.0,233.65869567195853,389.3857037756503,1.0,210.47923639852536,463.03231932657775,1.0,214.610757567068,457.0016382829245,1.0,211.53439223369745,468.5715660038545,1.0,208.4759838882651,471.2047252677529,1.0,212.43398983059177,470.03685564277714,1.0,214.89800031505425,454.6790604997403,1.0,209.00497406819272,461.85524699825976,1.0,213.277749103234,456.3918739951479,1.0,1.0,3.288135593220339,167.98113823019554,283.6349812405053,False,169.12858439249646,299.6825228990619,False,209.80128864196035,293.9504686059483,False,155.46776553318566,341.4536804111782,False,181.91878019505705,366.7720111268442,False,132.49652335408646,381.5752420192066,False,145.99583373514972,397.3452181390498,False,213.0274687148924,326.2836473466722,False,254.3102748256801,327.4114256564592,False,205.12187667408864,389.011042760891,False,233.65869567195853,389.3857037756503,False,210.47923639852536,463.03231932657775,False,214.610757567068,457.0016382829245,False,True,151.35160724976828,168.6772137851181,177.30341472598732
195,195,3.305084745762712,3.305084745762712,Sports2D_HALPE26_postprocessed,165.63108578965085,286.73082274524364,1.0,169.08952663758112,299.23257018563146,1.0,206.2433633297661,295.34607772602027,1.0,159.7671401404829,334.1773469965099,1.0,185.6120501908839,360.74072693973216,1.0,136.9579096652826,375.0198839683133,1.0,153.0291680636297,394.0131310111762,1.0,213.30076325082368,325.7319606514212,1.0,255.71093082333687,326.75768776006703,1.0,204.1970206924599,389.1878971606446,1.0,245.14260534610165,389.5076641706548,1.0,210.7570169998662,462.65032547149593,1.0,212.72297672936435,458.64005106970825,1.0,212.73833611674945,469.4048736870464,1.0,210.56211510628947,471.2336113920738,1.0,212.2290634783008,469.6454219602152,1.0,211.1843827968016,466.61991362770857,1.0,221.32528852454,432.8188138737952,1.0,227.6373834668748,403.4218247187216,1.0,1.0,3.305084745762712,165.63108578965085,286.73082274524364,False,169.08952663758112,299.23257018563146,False,206.2433633297661,295.34607772602027,False,159.7671401404829,334.1773469965099,False,185.6120501908839,360.74072693973216,False,136.9579096652826,375.0198839683133,False,153.0291680636297,394.0131310111762,False,213.30076325082368,325.7319606514212,False,255.71093082333687,326.75768776006703,False,204.1970206924599,389.1878971606446,False,245.14260534610165,389.5076641706548,False,210.7570169998662,462.65032547149593,False,212.72297672936435,458.64005106970825,False,True,153.10980851043942,166.7329133884156,164.43578899381023
196,196,3.3220338983050848,3.3220338983050848,Sports2D_HALPE26_postprocessed,161.54715526860045,290.82197550394375,1.0,169.07460924028214,297.3933398522663,1.0,205.6234613489824,294.5598213097901,1.0,168.27858472901286,322.63406733150805,1.0,186.42407682632376,355.20280036974503,1.0,140.6285307568822,368.2660435681076,1.0,158.43264394001957,388.566367244641,1.0,213.241366288262,326.4528658801463,1.0,254.5463588411787,323.0721435276955,1.0,202.95644676078635,389.7930632149336,1.0,249.9375902181329,383.0534985874812,1.0,210.8266781517011,461.9213027889858,1.0,243.41523182575185,361.65087828538,1.0,213.21854202362783,468.74523603520527,1.0,211.06311792001105,470.06231641727896,1.0,211.8743205338864,468.80114465906615,1.0,226.1628563441695,417.0668155174612,1.0,234.4236501160121,396.8719503027428,1.0,242.3120973439057,345.7519732259158,1.0,1.0,3.3220338983050848,161.54715526860045,290.82197550394375,False,169.07460924028214,297.3933398522663,False,205.6234613489824,294.5598213097901,False,168.27858472901286,322.63406733150805,False,186.42407682632376,355.20280036974503,False,140.6285307568822,368.2660435681076,False,158.43264394001957,388.566367244641,False,213.241366288262,326.4528658801463,False,254.5463588411787,323.0721435276955,False,202.95644676078635,389.7930632149336,False,249.9375902181329,383.0534985874812,False,210.8266781517011,461.9213027889858,False,243.41523182575185,361.65087828538,False,True,157.57158473128462,164.54988257098572,21.342163971977648
197,197,3.3389830508474576,3.3389830508474576,Sports2D_HALPE26_postprocessed,158.94049317742602,292.3062859315319,1.0,169.24111809837137,296.79458131476974,1.0,203.0232546486884,293.5673292790225,1.0,170.91347949821775,318.1413615536153,1.0,188.03768497936537,356.738064073762,1.0,144.89536351767924,362.3943358614318,1.0,161.58071662213274,386.7633304679988,1.0,213.8655985946603,325.5150445628927,1.0,253.88757173993065,320.4259622546918,1.0,202.40386286715068,389.2952973388399,1.0,255.6409633635205,379.6422714405703,1.0,210.6564327522321,462.475068536716,1.0,246.97901682984087,350.143048758773,1.0,213.7227617524032,469.1632210065114,1.0,211.38318405496628,469.98547582743487,1.0,211.2509725351492,469.09138681298725,1.0,241.7393799058169,365.00496729506415,1.0,247.406989950211,361.5846295786604,1.0,247.4939288090368,335.4028931803883,1.0,1.0,3.3389830508474576,158.94049317742602,292.3062859315319,False,169.24111809837137,296.79458131476974,False,203.0232546486884,293.5673292790225,False,170.91347949821775,318.1413615536153,False,188.03768497936537,356.738064073762,False,144.89536351767924,362.3943358614318,False,161.58071662213274,386.7633304679988,False,213.8655985946603,325.5150445628927,False,253.88757173993065,320.4259622546918,False,202.40386286715068,389.2952973388399,False,255.6409633635205,379.6422714405703,False,210.6564327522321,462.475068536716,False,246.97901682984087,350.143048758773,False,True,151.96009995411254,163.3781770872466,14.667952587733208
198,198,3.3559322033898304,3.3559322033898304,Sports2D_HALPE26_postprocessed,158.0998248123609,293.9217273470312,1.0,167.50366033889816,297.0168093622316,1.0,200.812804777592,292.7950404398279,1.0,173.239510454201,314.07390009412075,1.0,192.25263728778148,352.4298380138991,1.0,149.23284060254483,357.4443984012226,1.0,167.881374148624,379.4873119204857,1.0,211.4904948691804,323.3119363183075,1.0,251.2726163441126,315.29756283756353,1.0,201.60266453882485,389.70320360541496,1.0,258.44706557578854,375.6021857572266,1.0,210.77724938561585,462.61146674944393,1.0,253.46625183566584,333.7836392544232,1.0,213.3912669267768,468.6549461543429,1.0,210.089606634904,469.61629075447047,1.0,210.92645412190907,468.47190822250593,1.0,250.55754371979145,356.86343860419964,1.0,256.08875967258604,350.0848092844821,1.0,250.47911159977312,329.3485257267353,1.0,1.0,3.3559322033898304,158.0998248123609,293.9217273470312,False,167.50366033889816,297.0168093622316,False,200.812804777592,292.7950404398279,False,173.239510454201,314.07390009412075,False,192.25263728778148,352.4298380138991,False,149.23284060254483,357.4443984012226,False,167.881374148624,379.4873119204857,False,211.4904948691804,323.3119363183075,False,251.2726163441126,315.29756283756353,False,201.60266453882485,389.70320360541496,False,258.44706557578854,375.6021857572266,False,210.77724938561585,462.61146674944393,False,253.46625183566584,333.7836392544232,False,True,146.15855799507258,164.35679848088273,0.007640425231587525
199,199,3.372881355932204,3.372881355932204,Sports2D_HALPE26_postprocessed,157.8195733512888,293.4602395130724,1.0,165.54396333906277,295.6692728699348,1.0,199.5631619097215,292.3231544264107,1.0,175.25273869546936,309.75722653603896,1.0,194.4262332041677,351.77969284040023,1.0,154.1114500548887,348.811688228239,1.0,173.9407786453601,372.6260847752981,1.0,210.30374092507373,318.6313707578731,1.0,251.89013162962263,311.16679916386727,1.0,201.6094621030604,389.4600141236522,1.0,261.6057635629543,372.9112095290753,1.0,210.8285371606869,462.5537434809934,1.0,262.37053538853735,318.8059276554792,1.0,212.5014678590056,467.85393568936576,1.0,209.18488888036848,469.5057591086714,1.0,210.9558229403765,467.3185971152019,1.0,269.3627046777962,308.6304641564012,1.0,274.03482641176447,303.91221445727297,1.0,262.22776531867555,307.1818206975033,1.0,1.0,3.372881355932204,157.8195733512888,293.4602395130724,False,165.54396333906277,295.6692728699348,False,199.5631619097215,292.3231544264107,False,175.25273869546936,309.75722653603896,False,194.4262332041677,351.77969284040023,False,154.1114500548887,348.811688228239,False,173.9407786453601,372.6260847752981,False,210.30374092507373,318.6313707578731,False,251.89013162962263,311.16679916386727,False,201.6094621030604,389.4600141236522,False,261.6057635629543,372.9112095290753,False,210.8285371606869,462.5537434809934,False,262.37053538853735,318.8059276554792,False,True,140.43831341833462,165.81332796987837,9.752122226258093
200,200,3.389830508474576,3.389830508474576,Sports2D_HALPE26_postprocessed,154.62320696253758,289.3732679488718,1.0,164.7100877500847,294.038433782576,1.0,198.8175806307492,290.8229210721646,1.0,175.5624399653101,306.808475025213,1.0,202.76527352149736,337.6866403180426,1.0,159.2088828085354,343.3074037441064,1.0,185.47778483962225,359.7379703501734,1.0,211.43529297852285,317.6274995116763,1.0,247.2610020935836,311.0678588447357,1.0,202.4863362854868,388.0907947493197,1.0,266.30079107539126,368.7297290867946,1.0,210.30820149481983,461.4014507353909,1.0,277.1171221715958,300.05690695013595,1.0,212.47261282950143,467.6316321116058,1.0,208.0533766821702,469.2685544716831,1.0,211.5742843428868,467.18874402266624,1.0,287.1069700355492,280.6619408303479,1.0,289.1902654416346,281.16558935130536,1.0,273.4013580939295,291.26624528652803,1.0,1.0,3.389830508474576,154.62320696253758,289.3732679488718,False,164.7100877500847,294.038433782576,False,198.8175806307492,290.8229210721646,False,175.5624399653101,306.808475025213,False,202.76527352149736,337.6866403180426,False,159.2088828085354,343.3074037441064,False,185.47778483962225,359.7379703501734,False,211.43529297852285,317.6274995116763,False,247.2610020935836,311.0678588447357,False,202.4863362854868,388.0907947493197,False,266.30079107539126,368.7297290867946,False,210.30820149481983,461.4014507353909,False,277.1171221715958,300.05690695013595,False,True,137.08966933278828,166.67196686935472,27.2239323197219
201,201,3.406779661016949,3.406779661016949,Sports2D_HALPE26_postprocessed,154.27613779950747,288.23543553536285,1.0,163.72766315649926,293.1920947627103,1.0,196.925334128355,288.1385197328639,1.0,174.5045940568782,301.33430924798427,1.0,206.86136461438429,333.8091516980506,1.0,161.35138811252136,338.46303963810226,1.0,191.11943852988804,352.1629212542479,1.0,211.72157423547105,314.840604722271,1.0,247.86353589145563,308.00792095960776,1.0,204.3989683686518,388.1033890069523,1.0,271.9922909683385,363.3885766330112,1.0,210.4961487724994,460.586757334225,1.0,285.380235459865,295.91488001637435,1.0,212.5732954095388,467.2804409528678,1.0,207.3516573593783,469.6575458823221,1.0,212.1589203324564,467.09421613266136,1.0,297.7270740934649,277.4366443679439,1.0,300.6575039191088,276.29375466092176,1.0,282.7997508184704,284.8681556684217,1.0,1.0,3.406779661016949,154.27613779950747,288.23543553536285,False,163.72766315649926,293.1920947627103,False,196.925334128355,288.1385197328639,False,174.5045940568782,301.33430924798427,False,206.86136461438429,333.8091516980506,False,161.35138811252136,338.46303963810226,False,191.11943852988804,352.1629212542479,False,211.72157423547105,314.840604722271,False,247.86353589145563,308.00792095960776,False,204.3989683686518,388.1033890069523,False,271.9922909683385,363.3885766330112,False,210.4961487724994,460.586757334225,False,285.380235459865,295.91488001637435,False,True,127.10657564401512,169.48394460919351,34.76494648832677
202,202,3.4237288135593222,3.4237288135593222,Sports2D_HALPE26_postprocessed,153.06268268571955,286.4258458409155,1.0,163.4101956662686,289.583325555154,1.0,194.480471781102,286.42027219879367,1.0,174.94286734255655,299.4283807463185,1.0,208.6884974854995,329.08553204838523,1.0,163.26485773276806,335.582904497325,1.0,191.67003402475925,353.8016484151037,1.0,213.683483085841,312.71939430782146,1.0,251.12677313420244,305.80357233509784,1.0,205.92997694728328,387.4452297403059,1.0,278.3050456283027,358.330545971306,1.0,210.88382967629244,460.3715329034781,1.0,296.3756011073491,279.8391097268543,1.0,212.80022178564383,467.2181033689949,1.0,207.1525870886928,469.8115015481187,1.0,212.39145830196003,466.942871922894,1.0,298.7051670334543,265.9640963095445,1.0,306.4776191729613,268.97340544969325,1.0,293.20003064226063,272.9178075728884,1.0,1.0,3.4237288135593222,153.06268268571955,286.4258458409155,False,163.4101956662686,289.583325555154,False,194.480471781102,286.42027219879367,False,174.94286734255655,299.4283807463185,False,208.6884974854995,329.08553204838523,False,163.26485773276806,335.582904497325,False,191.67003402475925,353.8016484151037,False,213.683483085841,312.71939430782146,False,251.12677313420244,305.80357233509784,False,205.92997694728328,387.4452297403059,False,278.3050456283027,358.330545971306,False,210.88382967629244,460.3715329034781,False,296.3756011073491,279.8391097268543,False,True,127.03200405601878,170.1901155310035,40.32266163604776
203,203,3.440677966101695,3.440677966101695,Sports2D_HALPE26_postprocessed,152.8988994961844,282.3505150180569,1.0,162.34239441599397,288.0506326328489,1.0,193.2669979576924,283.5719538173,1.0,175.72944104341343,297.30607651338846,1.0,209.9333489719655,324.56037077173204,1.0,165.4075819363839,333.4853932941855,1.0,192.9542177357447,355.16644300377345,1.0,216.03995236642257,312.0349897877835,1.0,252.70184809424177,304.93076213363923,1.0,206.51652727219863,387.8516656305284,1.0,284.4785510122033,353.94945395537366,1.0,210.95043757183507,460.1019876187488,1.0,298.7021798391197,288.4597861643334,1.0,213.36189558496736,467.1638959448376,1.0,207.1631891722202,469.9332343976929,1.0,212.455011877848,466.7832772364141,1.0,298.4524945089282,272.7299699916436,1.0,309.4828648966484,270.18486869790775,1.0,295.5204745754009,281.39127478372586,1.0,1.0,3.440677966101695,152.8988994961844,282.3505150180569,False,162.34239441599397,288.0506326328489,False,193.2669979576924,283.5719538173,False,175.72944104341343,297.30607651338846,False,209.9333489719655,324.56037077173204,False,165.4075819363839,333.4853932941855,False,192.9542177357447,355.16644300377345,False,216.03995236642257,312.0349897877835,False,252.70184809424177,304.93076213363923,False,206.51652727219863,387.8516656305284,False,284.4785510122033,353.94945395537366,False,210.95043757183507,460.1019876187488,False,298.7021798391197,288.4597861643334,False,True,128.85287497819903,169.32873983341895,45.20730037159797
204,204,3.457627118644068,3.457627118644068,Sports2D_HALPE26_postprocessed,153.03603938084382,282.1457275361048,1.0,161.34678082372557,287.62870591647624,1.0,192.77109667768383,281.89982113392097,1.0,177.3130198508347,296.52040645305897,1.0,203.66643423468224,326.1291181162881,1.0,167.4573260723868,331.8174862609756,1.0,189.3368714449593,353.54837067023175,1.0,218.1587480023469,312.80539299849903,1.0,253.62772099317743,304.89688757768386,1.0,206.900711700168,386.42083452212086,1.0,288.8154611406378,347.51639955550684,1.0,210.9123819053208,459.1942330369232,1.0,302.2191054432616,294.9139130534839,1.0,212.5152846292984,467.05877349719015,1.0,207.1542381752136,470.0635115595635,1.0,212.76807008088872,466.1774295441659,1.0,298.1791249242675,279.643560543676,1.0,326.9518539043401,275.27157990941976,1.0,306.1432489254531,281.3527036593772,1.0,1.0,3.457627118644068,153.03603938084382,282.1457275361048,False,161.34678082372557,287.62870591647624,False,192.77109667768383,281.89982113392097,False,177.3130198508347,296.52040645305897,False,203.66643423468224,326.1291181162881,False,167.4573260723868,331.8174862609756,False,189.3368714449593,353.54837067023175,False,218.1587480023469,312.80539299849903,False,253.62772099317743,304.89688757768386,False,206.900711700168,386.42083452212086,False,288.8154611406378,347.51639955550684,False,210.9123819053208,459.1942330369232,False,302.2191054432616,294.9139130534839,False,True,138.56942684594284,168.14983728557957,53.83927131967393
205,205,3.4745762711864407,3.4745762711864407,Sports2D_HALPE26_postprocessed,153.67488423972895,277.4522644896956,1.0,161.50829819851575,284.5905814888312,1.0,191.7724850675609,278.3750181698037,1.0,177.78822860818445,291.78127708687026,1.0,202.9051549382268,333.7617984167634,1.0,168.15880556953852,330.7800092972702,1.0,188.4523547321332,373.1551386534644,1.0,218.632304967677,309.6144898106602,1.0,253.5994621252616,302.87363516896943,1.0,207.8268472109416,387.3724119704818,1.0,292.7290217613776,343.14646724432083,1.0,211.27910610088213,459.4697988523553,1.0,302.526258939668,304.2552281473912,1.0,211.67067483062604,467.0243316959806,1.0,207.00647142617288,470.3395684149693,1.0,212.84192341775747,466.5856021682208,1.0,297.90542018900857,286.55498937860415,1.0,326.28451382985924,282.34346660015376,1.0,302.6177354189305,289.34871389481765,1.0,1.0,3.4745762711864407,153.67488423972895,277.4522644896956,False,161.50829819851575,284.5905814888312,False,191.7724850675609,278.3750181698037,False,177.78822860818445,291.78127708687026,False,202.9051549382268,333.7617984167634,False,168.15880556953852,330.7800092972702,False,188.4523547321332,373.1551386534644,False,218.632304967677,309.6144898106602,False,253.5994621252616,302.87363516896943,False,207.8268472109416,387.3724119704818,False,292.7290217613776,343.14646724432083,False,211.27910610088213,459.4697988523553,False,302.526258939668,304.2552281473912,False,True,148.48776147463644,169.3472677102214,58.31448155318909
206,206,3.4915254237288136,3.4915254237288136,Sports2D_HALPE26_postprocessed,153.8854234372992,273.83490399936574,1.0,161.56838060697478,282.0124323362531,1.0,190.1591893280244,277.3614478037451,1.0,177.50205814864822,292.0982083077369,1.0,202.47853564789307,335.60900637225507,1.0,167.38515965254263,330.78334454061684,1.0,189.1339339957716,373.0614936155697,1.0,221.06202447851427,309.90909559860506,1.0,256.1866174391646,302.0643617305396,1.0,209.3051349693502,385.0866300341848,1.0,295.6609194508627,339.54580712542554,1.0,211.4423171779765,459.1644293244384,1.0,302.83925929430325,310.0226235958948,1.0,212.84097319613795,467.1511281351905,1.0,208.22177252325628,470.5943149156591,1.0,212.97999092287964,466.8116162135928,1.0,297.631698560091,293.46107847323054,1.0,325.38217334511023,289.43191084635134,1.0,302.8865889249832,295.4719778667075,1.0,1.0,3.4915254237288136,153.8854234372992,273.83490399936574,False,161.56838060697478,282.0124323362531,False,190.1591893280244,277.3614478037451,False,177.50205814864822,292.0982083077369,False,202.47853564789307,335.60900637225507,False,167.38515965254263,330.78334454061684,False,189.1339339957716,373.0614936155697,False,221.06202447851427,309.90909559860506,False,256.1866174391646,302.0643617305396,False,209.3051349693502,385.0866300341848,False,295.6609194508627,339.54580712542554,False,211.4423171779765,459.1644293244384,False,302.83925929430325,310.0226235958948,False,True,148.44657963141336,169.45904984689403,60.14926365618055
207,207,3.5084745762711864,3.5084745762711864,Sports2D_HALPE26_postprocessed,153.69886726748555,268.7778239635488,1.0,160.978182415424,279.3150400720524,1.0,191.2302134992645,275.1836743390234,1.0,177.82460593116582,290.7274188687802,1.0,199.93600090563768,340.0220119989872,1.0,166.7608481432456,330.72240207719176,1.0,187.786102818514,380.9550034214405,1.0,222.83272610935623,309.81408319456204,1.0,257.2980644424392,301.4126522453863,1.0,210.4902775448245,381.370872820401,1.0,297.92284001416067,337.1465582462203,1.0,211.73155902393063,458.4736846998651,1.0,303.1524583716198,315.71570830875515,1.0,211.72192976036453,467.0097753522221,1.0,208.058036300526,470.82358766798006,1.0,212.72485494237588,467.02566079006033,1.0,297.35796107866577,300.35871573434605,1.0,324.4766330054867,296.51245877598427,1.0,303.24292835933534,301.5569897268872,1.0,1.0,3.5084745762711864,153.69886726748555,268.7778239635488,False,160.978182415424,279.3150400720524,False,191.2302134992645,275.1836743390234,False,177.82460593116582,290.7274188687802,False,199.93600090563768,340.0220119989872,False,166.7608481432456,330.72240207719176,False,187.786102818514,380.9550034214405,False,222.83272610935623,309.81408319456204,False,257.2980644424392,301.4126522453863,False,210.4902775448245,381.370872820401,False,297.92284001416067,337.1465582462203,False,211.73155902393063,458.4736846998651,False,303.1524583716198,315.71570830875515,False,True,155.82052490568685,169.2913222924893,62.37833614006826
208,208,3.52542372881356,3.52542372881356,Sports2D_HALPE26_postprocessed,153.95060670672842,269.3582183699633,1.0,159.89074827340465,278.67514193114,1.0,191.9632821129852,275.16034007549206,1.0,178.0632273986125,289.96625941290665,1.0,197.3670649519278,344.6934891390589,1.0,167.27717059382513,332.3549116779058,1.0,189.4260418379672,388.8426819890381,1.0,223.0817445131205,308.7253111020063,1.0,258.9689249123559,299.9264881667539,1.0,211.8603544192237,381.833408507693,1.0,297.4204050626299,333.8940826615293,1.0,211.4977176052525,457.5482193983929,1.0,303.4657716671276,321.38806132761874,1.0,211.7900199708535,466.8506811297209,1.0,208.03228636207007,470.0744786850515,1.0,212.39172437344203,466.9740858561827,1.0,297.0842017890344,307.2418712259061,1.0,323.57125700906755,303.5790805504898,1.0,303.6011191875309,307.62586902826934,1.0,1.0,3.52542372881356,153.95060670672842,269.3582183699633,False,159.89074827340465,278.67514193114,False,191.9632821129852,275.16034007549206,False,178.0632273986125,289.96625941290665,False,197.3670649519278,344.6934891390589,False,167.27717059382513,332.3549116779058,False,189.4260418379672,388.8426819890381,False,223.0817445131205,308.7253111020063,False,258.9689249123559,299.9264881667539,False,211.8603544192237,381.833408507693,False,297.4204050626299,333.8940826615293,False,211.4977176052525,457.5482193983929,False,303.4657716671276,321.38806132761874,False,True,165.3595358903995,171.54816807658912,74.34195075783609
209,209,3.542372881355932,3.542372881355932,Sports2D_HALPE26_postprocessed,153.33836116558209,265.6051689756401,1.0,159.14863511414887,277.23039266258115,1.0,190.6341049647827,272.9172378895386,1.0,178.06091173143272,289.08120153940627,1.0,197.2764939167288,346.8732886558131,1.0,166.40120048550727,333.5950023877856,1.0,189.1713711555172,393.2247242431155,1.0,222.18683306316973,307.2640627548709,1.0,258.63450215725334,299.8318048083256,1.0,213.0919378592636,382.3533533557916,1.0,303.20154491380754,331.44200898543585,1.0,211.6696824004311,457.67664353116766,1.0,303.7792287519748,327.01965239933213,1.0,211.6163618086812,466.8177302585081,1.0,208.07440886380195,470.4403956482229,1.0,212.94884339267884,467.3145379233016,1.0,296.8104126210226,314.0969857314728,1.0,322.6661400888744,310.61899542370185,1.0,303.95942335742967,313.66399175511606,1.0,1.0,3.542372881355932,153.33836116558209,265.6051689756401,False,159.14863511414887,277.23039266258115,False,190.6341049647827,272.9172378895386,False,178.06091173143272,289.08120153940627,False,197.2764939167288,346.8732886558131,False,166.40120048550727,333.5950023877856,False,189.1713711555172,393.2247242431155,False,222.18683306316973,307.2640627548709,False,258.63450215725334,299.8318048083256,False,213.0919378592636,382.3533533557916,False,303.20154491380754,331.44200898543585,False,211.6696824004311,457.67664353116766,False,303.7792287519748,327.01965239933213,False,True,164.94913490327409,174.17564545965212,62.09524397747518
210,210,3.559322033898305,3.559322033898305,Sports2D_HALPE26_postprocessed,154.40188689095143,261.4816947880213,1.0,159.83225118591733,275.77106417848097,1.0,190.4140611224462,271.0465659440556,1.0,178.49288924045888,289.3389178184063,1.0,198.87124285481835,348.81323593557886,1.0,165.66383288272766,334.14056955372376,1.0,186.87152483723324,397.1531169553084,1.0,222.76095488716444,304.65926136933865,1.0,257.4587978065615,296.6306869314389,1.0,213.1659039274813,381.6609930417815,1.0,302.95062060728384,330.33924681559387,1.0,211.6680228643282,457.69138794825824,1.0,304.09287170345846,332.53840530563247,1.0,213.23674642004613,466.8965586445897,1.0,208.09725628445497,470.8571082375312,1.0,212.959521846221,467.8027642864468,1.0,296.5365827445028,320.8851927054628,1.0,321.7613350052536,317.59645288689705,1.0,304.31782492407075,319.6261514281865,1.0,1.0,3.559322033898305,154.40188689095143,261.4816947880213,False,159.83225118591733,275.77106417848097,False,190.4140611224462,271.0465659440556,False,178.49288924045888,289.3389178184063,False,198.87124285481835,348.81323593557886,False,165.66383288272766,334.14056955372376,False,186.87152483723324,397.1531169553084,False,222.76095488716444,304.65926136933865,False,257.4587978065615,296.6306869314389,False,213.1659039274813,381.6609930417815,False,302.95062060728384,330.33924681559387,False,211.6680228643282,457.69138794825824,False,304.09287170345846,332.53840530563247,False,True,159.8523323853914,174.0257279305409,153.9852620156561
211,211,3.5762711864406778,3.5762711864406778,Sports2D_HALPE26_postprocessed,155.21084090360773,258.9174741932791,1.0,159.95281995722985,273.5696302555971,1.0,191.01488320525425,269.3843088687277,1.0,178.40026419221653,288.36634541069134,1.0,199.3114121119246,349.3485307830442,1.0,164.97616665357137,335.88783727216173,1.0,186.97476054447424,398.7117996748662,1.0,223.94775870003423,304.3268624908408,1.0,258.5174330835314,296.5704822004943,1.0,213.5692099934216,381.8442283960644,1.0,302.04362790693784,330.3132556368755,1.0,211.6408921925908,457.4485300636611,1.0,304.4067571450099,337.56787559730884,1.0,213.7158735983406,466.9908346880976,1.0,208.04063219139428,470.90193335958224,1.0,212.79158579713567,467.67582126003686,1.0,296.262697480788,327.4182190367481,1.0,320.85690755083994,324.35084662974987,1.0,304.67635332284,325.2905433128254,1.0,1.0,3.5762711864406778,155.21084090360773,258.9174741932791,False,159.95281995722985,273.5696302555971,False,191.01488320525425,269.3843088687277,False,178.40026419221653,288.36634541069134,False,199.3114121119246,349.3485307830442,False,164.97616665357137,335.88783727216173,False,186.97476054447424,398.7117996748662,False,223.94775870003423,304.3268624908408,False,258.5174330835314,296.5704822004943,False,213.5692099934216,381.8442283960644,False,302.04362790693784,330.3132556368755,False,211.6408921925908,457.4485300636611,False,304.4067571450099,337.56787559730884,False,True,160.0448914500052,173.83523883643375,145.82645295109145
212,212,3.593220338983051,3.593220338983051,Sports2D_HALPE26_postprocessed,153.44697645891142,258.1151925514609,1.0,159.36596811192854,271.4072857591053,1.0,191.79560367248484,267.74471587027443,1.0,178.79547083618843,288.2714423486749,1.0,199.5894693328549,346.6668962121963,1.0,164.37898158158285,336.83942123919235,1.0,188.26218584124,400.0481320092017,1.0,224.14326693819663,305.09497834773777,1.0,259.83692994441583,296.91492751814013,1.0,214.03216296862087,381.9341705101399,1.0,301.11617795004963,328.54861963945126,1.0,211.96283170850216,457.4794474039028,1.0,304.7209628662233,342.95230304813043,1.0,212.54879460223367,467.12134034289903,1.0,208.06329591659565,470.8317512758941,1.0,212.5558238322293,467.58967302890056,1.0,295.9887366750032,331.34864570032727,1.0,319.95294247174587,329.1955921734053,1.0,305.03504855528644,328.7115973115373,1.0,1.0,3.593220338983051,153.44697645891142,258.1151925514609,False,159.36596811192854,271.4072857591053,False,191.79560367248484,267.74471587027443,False,178.79547083618843,288.2714423486749,False,199.5894693328549,346.6668962121963,False,164.37898158158285,336.83942123919235,False,188.26218584124,400.0481320092017,False,224.14326693819663,305.09497834773777,False,259.83692994441583,296.91492751814013,False,214.03216296862087,381.9341705101399,False,301.11617795004963,328.54861963945126,False,211.96283170850216,457.4794474039028,False,304.7209628662233,342.95230304813043,False,True,162.37987862443566,174.07269092526084,141.5148830412045
213,213,3.610169491525424,3.610169491525424,Sports2D_HALPE26_postprocessed,152.617797137639,254.3027110192238,1.0,159.81647680030358,270.04429460495487,1.0,191.5515383823304,264.9606396418985,1.0,178.7628964282842,289.003440085877,1.0,199.3831492253593,344.03696183850093,1.0,163.23828469857116,338.05603362334256,1.0,189.9052394232612,397.27958925575336,1.0,223.6884705873165,305.0161671885453,1.0,259.78908047489386,296.8980940129248,1.0,214.20183429387225,382.4139731177531,1.0,305.2669386288599,327.01102906556173,1.0,212.62576956217885,458.0367478142441,1.0,305.0355990320787,349.574206550544,1.0,210.5997497852344,467.4726880980626,1.0,207.70825827000704,471.2093830273874,1.0,213.28295134548583,468.0580724166673,1.0,295.7146721883382,341.0754841288399,1.0,319.0495507894444,338.27181713101777,1.0,305.3939639880439,337.5048248366849,1.0,1.0,3.610169491525424,152.617797137639,254.3027110192238,False,159.81647680030358,270.04429460495487,False,191.5515383823304,264.9606396418985,False,178.7628964282842,289.003440085877,False,199.3831492253593,344.03696183850093,False,163.23828469857116,338.05603362334256,False,189.9052394232612,397.27958925575336,False,223.6884705873165,305.0161671885453,False,259.78908047489386,296.8980940129248,False,214.20183429387225,382.4139731177531,False,305.2669386288599,327.01102906556173,False,212.62576956217885,458.0367478142441,False,305.0355990320787,349.574206550544,False,True,164.25025588836854,174.20605692570612,122.9229026683318
214,214,3.6271186440677967,3.6271186440677967,Sports2D_HALPE26_postprocessed,154.4084446295697,251.8102414989256,1.0,160.61407496292935,268.13766201237485,1.0,190.4857472516265,264.2595220240301,1.0,178.66943092894132,289.2450272383959,1.0,200.20746960957464,345.35362816027987,1.0,162.24224500563977,339.0267547271261,1.0,190.752970880614,392.64907058871984,1.0,226.630617608986,305.0713165162239,1.0,259.83293343551105,296.51000954989905,1.0,213.7989403795088,381.7189523942272,1.0,303.4889440908387,327.9521409832451,1.0,212.73254941117025,458.1997932195236,1.0,305.35082865072434,355.57242891482053,1.0,210.6155003407808,467.62068952510685,1.0,207.7309469825703,471.395245210409,1.0,213.6157233213013,468.840095313786,1.0,295.44046386967494,348.54007838349105,1.0,318.1468807441084,345.93158916831976,1.0,305.7531719742873,344.09153827856017,1.0,1.0,3.6271186440677967,154.4084446295697,251.8102414989256,False,160.61407496292935,268.13766201237485,False,190.4857472516265,264.2595220240301,False,178.66943092894132,289.2450272383959,False,200.20746960957464,345.35362816027987,False,162.24224500563977,339.0267547271261,False,190.752970880614,392.64907058871984,False,226.630617608986,305.0713165162239,False,259.83293343551105,296.51000954989905,False,213.7989403795088,381.7189523942272,False,303.4889440908387,327.9521409832451,False,212.73254941117025,458.1997932195236,False,305.35082865072434,355.57242891482053,False,True,161.85930649852057,171.29501105959233,129.61883639652672
215,215,3.6440677966101696,3.6440677966101696,Sports2D_HALPE26_postprocessed,153.29300924701332,247.5614230124885,1.0,160.16315602160535,268.2804974225785,1.0,190.66273355129647,262.3069717104584,1.0,179.9595758797026,289.4685425262498,1.0,203.09915655677128,343.1185490265226,1.0,161.18608047795502,339.4209612091539,1.0,190.43251329421216,388.3825766635241,1.0,227.0476717805748,305.90965621205135,1.0,259.6509227888112,296.9020839124114,1.0,213.81943542235464,381.6870880518232,1.0,304.06595243358925,327.17720608682527,1.0,213.09078715639168,458.4079544082374,1.0,305.66690871699825,361.4016254898333,1.0,211.0293549441924,467.5203790137277,1.0,207.7268843877059,471.3596506051648,1.0,213.80680967530185,469.0863652337258,1.0,295.16605272005745,355.60261460932287,1.0,317.2451346829069,353.19490416674,1.0,306.11277290008434,350.3255110835209,1.0,1.0,3.6440677966101696,153.29300924701332,247.5614230124885,False,160.16315602160535,268.2804974225785,False,190.66273355129647,262.3069717104584,False,179.9595758797026,289.4685425262498,False,203.09915655677128,343.1185490265226,False,161.18608047795502,339.4209612091539,False,190.43251329421216,388.3825766635241,False,227.0476717805748,305.90965621205135,False,259.6509227888112,296.9020839124114,False,213.81943542235464,381.6870880518232,False,304.06595243358925,327.17720608682527,False,213.09078715639168,458.4079544082374,False,305.66690871699825,361.4016254898333,False,True,155.6174598439121,170.6419742406456,126.95820152151344
216,216,3.6610169491525424,3.6610169491525424,Sports2D_HALPE26_postprocessed,154.0026377808559,247.0604926825653,1.0,160.4019038382038,265.9186469069583,1.0,190.0341666839328,259.71944529703194,1.0,179.81486104327598,288.9822475017058,1.0,202.54798967772257,338.34247462796515,1.0,160.4268240551582,338.9936234309324,1.0,192.8197871626904,386.9998363518504,1.0,231.344650153868,305.7332129974204,1.0,263.316869293261,297.2924763132087,1.0,214.70821549940152,381.3584856693278,1.0,303.8592260353241,322.9716538548053,1.0,212.9278195100796,457.8002772754692,1.0,305.9842806612739,367.1843727836783,1.0,210.1329476111353,467.7176289838988,1.0,207.69189613755333,471.1091877206568,1.0,214.0528425171611,468.60275993032246,1.0,294.8913484653722,362.5941846304576,1.0,316.34459604142086,360.37616965961695,1.0,306.4729107109262,356.49842385300946,1.0,1.0,3.6610169491525424,154.0026377808559,247.0604926825653,False,160.4019038382038,265.9186469069583,False,190.0341666839328,259.71944529703194,False,179.81486104327598,288.9822475017058,False,202.54798967772257,338.34247462796515,False,160.4268240551582,338.9936234309324,False,192.8197871626904,386.9998363518504,False,231.344650153868,305.7332129974204,False,263.316869293261,297.2924763132087,False,214.70821549940152,381.3584856693278,False,303.8592260353241,322.9716538548053,False,212.9278195100796,457.8002772754692,False,305.9842806612739,367.1843727836783,False,True,159.6502970625779,168.92762214725994,125.10158080799717
217,217,3.6779661016949152,3.6779661016949152,Sports2D_HALPE26_postprocessed,154.47924738085058,244.2664727836572,1.0,161.25050302105103,264.0312681913132,1.0,192.0745623712991,257.94438135636415,1.0,180.2181775873011,288.5745478167321,1.0,203.6064890479826,332.3205807152395,1.0,158.49116134033915,339.22571088208895,1.0,194.26009978361108,382.3719500969912,1.0,232.93170005172183,305.4847474594544,1.0,266.73780193281453,296.7043960614744,1.0,215.4316144129261,382.2899626310912,1.0,304.77319644913007,324.8926408210836,1.0,212.90468972511505,457.3927760350998,1.0,306.303780301302,372.94849654631577,1.0,210.1299385283976,467.5607962969577,1.0,207.8096361414512,471.18483998812746,1.0,214.23095801868328,468.60237839483386,1.0,294.6162051358601,369.5622194942172,1.0,315.44567425963146,367.53009092257,1.0,306.83380203495926,362.6507642539002,1.0,1.0,3.6779661016949152,154.47924738085058,244.2664727836572,False,161.25050302105103,264.0312681913132,False,192.0745623712991,257.94438135636415,False,180.2181775873011,288.5745478167321,False,203.6064890479826,332.3205807152395,False,158.49116134033915,339.22571088208895,False,194.26009978361108,382.3719500969912,False,232.93170005172183,305.4847474594544,False,266.73780193281453,296.7043960614744,False,215.4316144129261,382.2899626310912,False,304.77319644913007,324.8926408210836,False,212.90468972511505,457.3927760350998,False,306.303780301302,372.94849654631577,False,True,160.6091884414539,169.09133338097297,128.3666119135703
218,218,3.694915254237288,3.694915254237288,Sports2D_HALPE26_postprocessed,157.13750119123512,243.12530461561423,1.0,162.21561939101986,262.9394115321531,1.0,191.3521197343642,256.877069498334,1.0,180.98759030161887,289.5258524891339,1.0,203.94568762177087,331.2925995907027,1.0,157.66968685919315,339.55263635628586,1.0,193.6226886824853,380.200597735998,1.0,235.8229550266274,306.2238497834019,1.0,265.8844103027293,297.1405601594434,1.0,216.42895767532173,382.3238610290621,1.0,303.21240215225,326.1692734166084,1.0,212.8435440393181,457.4859868351886,1.0,306.6271215830292,378.7032195251175,1.0,210.45651582892,467.4977758326776,1.0,207.75780382856027,471.27985710705946,1.0,215.12498556536485,468.7118286051305,1.0,294.3403695151387,376.51877369648,1.0,314.5489833746828,374.67105207687786,1.0,307.1957966230211,368.79279275534816,1.0,1.0,3.694915254237288,157.13750119123512,243.12530461561423,False,162.21561939101986,262.9394115321531,False,191.3521197343642,256.877069498334,False,180.98759030161887,289.5258524891339,False,203.94568762177087,331.2925995907027,False,157.66968685919315,339.55263635628586,False,193.6226886824853,380.200597735998,False,235.8229550266274,306.2238497834019,False,265.8844103027293,297.1405601594434,False,216.42895767532173,382.3238610290621,False,303.21240215225,326.1692734166084,False,212.8435440393181,457.4859868351886,False,306.6271215830292,378.7032195251175,False,True,158.4761984213599,168.43365786687121,131.59000403468903
219,219,3.711864406779661,3.711864406779661,Sports2D_HALPE26_postprocessed,159.4826485000672,239.29710514188795,1.0,163.01149221165974,261.07862782168013,1.0,192.35858922187825,254.7803468673902,1.0,181.33264287963567,289.8392966514035,1.0,205.33844629621,324.6025189380976,1.0,157.24104396861037,339.059770892512,1.0,194.31009171360265,373.4225915961984,1.0,237.66966640925327,304.696369344431,1.0,268.90930102362535,295.84139784531584,1.0,217.9912502112386,382.1820835166448,1.0,304.0491105567319,329.18222515953687,1.0,213.06604091511625,457.4476795421174,1.0,306.9579011501946,384.4528035577361,1.0,210.3012069512495,467.7002586040627,1.0,207.71165434678835,471.3726846795081,1.0,215.29677000949465,468.6167355632501,1.0,294.0633673752095,383.46892340289406,1.0,313.6554883215821,381.80493944797337,1.0,307.5595144864293,374.92889091764505,1.0,1.0,3.711864406779661,159.4826485000672,239.29710514188795,False,163.01149221165974,261.07862782168013,False,192.35858922187825,254.7803468673902,False,181.33264287963567,289.8392966514035,False,205.33844629621,324.6025189380976,False,157.24104396861037,339.059770892512,False,194.31009171360265,373.4225915961984,False,237.66966640925327,304.696369344431,False,268.90930102362535,295.84139784531584,False,217.9912502112386,382.1820835166448,False,304.0491105567319,329.18222515953687,False,213.06604091511625,457.4476795421174,False,306.9579011501946,384.4528035577361,False,True,156.73965333551357,169.49427886389705,136.50778337300844
220,220,3.7288135593220337,3.7288135593220337,Sports2D_HALPE26_postprocessed,158.2637732410631,239.3509422240731,1.0,163.4265791289942,260.4754401573952,1.0,196.60916238343145,253.194149511882,1.0,182.8905234446188,289.51424148830137,1.0,206.3083830915852,320.9205014116868,1.0,158.5683387974584,335.79701838448494,1.0,193.7781556846539,367.3105600177462,1.0,239.52290192635897,305.0901886060699,1.0,271.3596494009811,295.551283187959,1.0,219.4517896100276,381.8572930295052,1.0,304.21170617218223,320.9115178455857,1.0,213.03225540568616,457.5356135804691,1.0,307.3030972823906,390.1996841719949,1.0,210.1652275462983,467.4999250411663,1.0,207.6076732066525,470.5492807068914,1.0,215.0253980778621,468.6918843636985,1.0,293.7842534916864,390.4153751950371,1.0,312.7667995911561,388.9348176746593,1.0,307.92617121790545,381.0614090275219,1.0,1.0,3.7288135593220337,158.2637732410631,239.3509422240731,False,163.4265791289942,260.4754401573952,False,196.60916238343145,253.194149511882,False,182.8905234446188,289.51424148830137,False,206.3083830915852,320.9205014116868,False,158.5683387974584,335.79701838448494,False,193.7781556846539,367.3105600177462,False,239.52290192635897,305.0901886060699,False,271.3596494009811,295.551283187959,False,219.4517896100276,381.8572930295052,False,304.21170617218223,320.9115178455857,False,213.03225540568616,457.5356135804691,False,307.3030972823906,390.1996841719949,False,True,156.73474907258813,170.19634508376427,130.221082600436
221,221,3.745762711864407,3.745762711864407,Sports2D_HALPE26_postprocessed,158.62404052920235,234.65707298242043,1.0,164.11942357986467,261.00037983889564,1.0,198.21228383659684,251.0210542121669,1.0,185.1437412683964,287.905393216236,1.0,207.1178588016272,318.2584335955096,1.0,158.17691611214622,333.2379774455032,1.0,194.58141688729043,363.6127240641778,1.0,240.15446637040924,304.03941335367244,1.0,272.25686945879994,294.7024288741112,1.0,220.6370271123142,381.06752432565,1.0,304.4206390508558,330.2336083075903,1.0,213.0462066515613,457.7326453392478,1.0,307.6727417684379,395.9455376972608,1.0,210.29671089948795,467.0701230396776,1.0,207.7275118300849,470.4899787186629,1.0,214.9596339348052,468.9057289012244,1.0,293.5011049881018,397.35981370919376,1.0,311.8858295517764,396.0625696204953,1.0,308.2983248785926,387.19178976145656,1.0,1.0,3.745762711864407,158.62404052920235,234.65707298242043,False,164.11942357986467,261.00037983889564,False,198.21228383659684,251.0210542121669,False,185.1437412683964,287.905393216236,False,207.1178588016272,318.2584335955096,False,158.17691611214622,333.2379774455032,False,194.58141688729043,363.6127240641778,False,240.15446637040924,304.03941335367244,False,272.25686945879994,294.7024288741112,False,220.6370271123142,381.06752432565,False,304.4206390508558,330.2336083075903,False,213.0462066515613,457.7326453392478,False,307.6727417684379,395.9455376972608,False,True,157.0036983985718,171.43617402414714,140.6810407189079
222,222,3.76271186440678,3.76271186440678,Sports2D_HALPE26_postprocessed,158.4737066024843,232.31899317479463,1.0,165.33389425291796,259.918574983582,1.0,196.24658806036933,249.70255693625427,1.0,186.7728880203674,287.5215282367488,1.0,207.45483995861804,316.68708662036914,1.0,159.37304493077113,329.60656501358346,1.0,194.66038260146,359.506298458003,1.0,241.50740939734,304.2774167609889,1.0,273.8967564545105,294.0907820273704,1.0,221.73291813083,381.2257698229504,1.0,305.9348927782401,333.58300982663644,1.0,213.154698112161,457.7836423902572,1.0,308.06716627460065,401.69178530000215,1.0,210.38506133303505,466.8789309474765,1.0,207.7897822302407,470.3938625300492,1.0,214.77991221294872,469.0584422590168,1.0,293.210214933192,404.303461529857,1.0,311.0184413675557,403.18955987647786,1.0,308.68132587310185,393.3210340325478,1.0,1.0,3.76271186440678,158.4737066024843,232.31899317479463,False,165.33389425291796,259.918574983582,False,196.24658806036933,249.70255693625427,False,186.7728880203674,287.5215282367488,False,207.45483995861804,316.68708662036914,False,159.37304493077113,329.60656501358346,False,194.66038260146,359.506298458003,False,241.50740939734,304.2774167609889,False,273.8967564545105,294.0907820273704,False,221.73291813083,381.2257698229504,False,305.9348927782401,333.58300982663644,False,213.154698112161,457.7836423902572,False,308.06716627460065,401.69178530000215,False,True,153.86468705792703,171.9810259054824,142.74241626574363
223,223,3.7796610169491527,3.7796610169491527,Sports2D_HALPE26_postprocessed,158.08591892187923,230.77451697966944,1.0,166.37051465686554,258.59021085635953,1.0,197.47773800702328,249.0237663117472,1.0,188.68765415025933,286.6358379603171,1.0,209.30344411361008,312.91374616818007,1.0,160.04944191424053,326.49848571276,1.0,194.33800434686364,356.0177096381241,1.0,243.98162061730127,303.75103769923214,1.0,275.9019446122037,294.4847045567939,1.0,223.05012870622443,380.5835257903856,1.0,305.8934243123882,342.0988377418294,1.0,213.37791994814216,457.7660931735302,1.0,308.4316490637036,407.4399438776713,1.0,210.14257293089048,466.8084196612133,1.0,207.9453899022633,470.20878854576944,1.0,214.95794313000263,469.1383642784704,1.0,292.90571849563617,411.2473771697528,1.0,310.1780709815518,410.316984823973,1.0,309.0847994648476,399.4499368507994,1.0,1.0,3.7796610169491527,158.08591892187923,230.77451697966944,False,166.37051465686554,258.59021085635953,False,197.47773800702328,249.0237663117472,False,188.68765415025933,286.6358379603171,False,209.30344411361008,312.91374616818007,False,160.04944191424053,326.49848571276,False,194.33800434686364,356.0177096381241,False,243.98162061730127,303.75103769923214,False,275.9019446122037,294.4847045567939,False,223.05012870622443,380.5835257903856,False,305.8934243123882,342.0988377418294,False,213.37791994814216,457.7660931735302,False,308.4316490637036,407.4399438776713,False,True,150.36683028958026,171.9035650868985,150.0183245435968
224,224,3.7966101694915255,3.7966101694915255,Sports2D_HALPE26_postprocessed,158.93713017286828,228.8857510575856,1.0,167.85541268141154,255.45972490703684,1.0,199.9416612844797,246.4490031123796,1.0,190.19648988853564,285.4700902218292,1.0,209.65535963859395,308.2615140365519,1.0,162.6522713467327,322.28325956771573,1.0,193.70905567542405,351.26058813024406,1.0,246.449924871221,303.52112030467634,1.0,277.44983308325664,294.34639918054046,1.0,223.729432159446,379.30958243275353,1.0,304.61296160813754,339.0845975914714,1.0,213.45710135921007,457.6459086112541,1.0,308.6219696172341,413.19203210723686,1.0,208.8976777123042,466.7568467932722,1.0,208.09038646913004,469.8947108444164,1.0,214.8806587814697,469.0821595572618,1.0,292.5833934184671,418.192673626034,1.0,309.39850280309287,417.44613570762704,1.0,309.51811146273224,405.57923521247614,1.0,1.0,3.7966101694915255,158.93713017286828,228.8857510575856,False,167.85541268141154,255.45972490703684,False,199.9416612844797,246.4490031123796,False,190.19648988853564,285.4700902218292,False,209.65535963859395,308.2615140365519,False,162.6522713467327,322.28325956771573,False,193.70905567542405,351.26058813024406,False,246.449924871221,303.52112030467634,False,277.44983308325664,294.34639918054046,False,223.729432159446,379.30958243275353,False,304.61296160813754,339.0845975914714,False,213.45710135921007,457.6459086112541,False,308.6219696172341,413.19203210723686,False,True,150.72172220608442,170.78252012818058,151.83218468965273
225,225,3.8135593220338975,3.8135593220338975,Sports2D_HALPE26_postprocessed,159.40948066954354,225.1953550373176,1.0,169.90335977860985,255.9886483384317,1.0,201.70532342729783,244.00015439168124,1.0,195.11837968957,284.6960734435578,1.0,211.5126864389351,305.17684229027014,1.0,164.89216642832392,318.10697915948583,1.0,193.65059383413288,347.5998154708445,1.0,246.9843679732681,302.0732610258578,1.0,278.0479440875152,292.54374199030235,1.0,224.60712837763973,379.9218596169957,1.0,305.9650839420407,346.0583878588873,1.0,213.33862422598727,458.15383202368514,1.0,308.8574741212349,418.95130524354425,1.0,209.40125620993788,466.7101408548757,1.0,208.51658094775988,470.0255538876749,1.0,214.6307406409968,469.07870955209967,1.0,292.25826418830246,425.1407624645975,1.0,308.7456933810646,424.57870979183815,1.0,309.9594906294772,411.7097334921836,1.0,1.0,3.8135593220338975,159.40948066954354,225.1953550373176,False,169.90335977860985,255.9886483384317,False,201.70532342729783,244.00015439168124,False,195.11837968957,284.6960734435578,False,211.5126864389351,305.17684229027014,False,164.89216642832392,318.10697915948583,False,193.65059383413288,347.5998154708445,False,246.9843679732681,302.0732610258578,False,278.0479440875152,292.54374199030235,False,224.60712837763973,379.9218596169957,False,305.9650839420407,346.0583878588873,False,213.33862422598727,458.15383202368514,False,308.8574741212349,418.95130524354425,False,True,148.0588774450988,172.15942166648614,154.7224756615178
226,226,3.830508474576271,3.830508474576271,Sports2D_HALPE26_postprocessed,160.73896511970145,221.89305916523853,1.0,171.64295084400786,253.69714949745327,1.0,202.63319931384373,242.2051793451094,1.0,197.7284125201228,283.1500675836482,1.0,213.1640103412142,303.4643105486606,1.0,167.35812635050468,314.89503832165855,1.0,193.1583617633928,345.0734661252123,1.0,248.8381300492388,301.2162055436997,1.0,279.31209829703846,293.53536640507184,1.0,224.6247051575708,379.9694358194533,1.0,304.77529432243585,352.10003129886945,1.0,213.27737828563144,458.4752707918685,1.0,309.1242455572475,424.72406409317415,1.0,208.5376905852295,466.7197631317503,1.0,208.2152312699214,470.2776960002834,1.0,214.87100213108977,469.1237754538925,1.0,291.99761479552853,432.09375179608713,1.0,307.8431339457084,431.7173532348302,1.0,310.28906104734705,417.8424550318794,1.0,1.0,3.830508474576271,160.73896511970145,221.89305916523853,False,171.64295084400786,253.69714949745327,False,202.63319931384373,242.2051793451094,False,197.7284125201228,283.1500675836482,False,213.1640103412142,303.4643105486606,False,167.35812635050468,314.89503832165855,False,193.1583617633928,345.0734661252123,False,248.8381300492388,301.2162055436997,False,279.31209829703846,293.53536640507184,False,224.6247051575708,379.9694358194533,False,304.77529432243585,352.10003129886945,False,213.27737828563144,458.4752707918685,False,309.1242455572475,424.72406409317415,False,True,144.56764068909945,171.13409873524103,159.92814462140853
227,227,3.847457627118644,3.847457627118644,Sports2D_HALPE26_postprocessed,161.30868544990994,220.31206686705707,1.0,174.98041672395914,251.622783758668,1.0,204.0080812491575,240.0614054559373,1.0,200.68350712748364,282.12611069275897,1.0,214.68531062790487,301.88926935386024,1.0,170.04768918452464,313.5023728141708,1.0,193.1888959757929,341.5115418443096,1.0,251.7203190522881,301.32829112684794,1.0,281.0274580267553,293.8399553951389,1.0,223.85007854584765,379.2902147603007,1.0,303.9298247924237,354.92400195145507,1.0,213.2196399551578,458.8635307376927,1.0,309.4045968065732,430.52527482526057,1.0,207.7974005681273,466.725802125227,1.0,207.76167945975715,470.62715390317896,1.0,215.25028671602604,469.12322581057714,1.0,291.84380083709027,439.0552900632173,1.0,306.7043334277813,438.8669028489196,1.0,310.5213833244177,423.9788882026875,1.0,1.0,3.847457627118644,161.30868544990994,220.31206686705707,False,174.98041672395914,251.622783758668,False,204.0080812491575,240.0614054559373,False,200.68350712748364,282.12611069275897,False,214.68531062790487,301.88926935386024,False,170.04768918452464,313.5023728141708,False,193.1888959757929,341.5115418443096,False,251.7203190522881,301.32829112684794,False,281.0274580267553,293.8399553951389,False,223.85007854584765,379.2902147603007,False,303.9298247924237,354.92400195145507,False,213.2196399551578,458.8635307376927,False,309.4045968065732,430.52527482526057,False,True,141.72074797441502,167.9380387848187,163.5892920550698
228,228,3.864406779661017,3.864406779661017,Sports2D_HALPE26_postprocessed,165.61871862066712,219.4850130923404,1.0,177.02383762826906,249.8102267252655,1.0,206.4736034202081,238.2130691050697,1.0,203.7975177629841,280.95535298561026,1.0,216.92685297090512,300.0120773551901,1.0,172.77829034442522,313.2054033927478,1.0,192.65633080835832,338.24024440153875,1.0,253.542003777076,302.5889718344557,1.0,282.3682244972569,295.20840131749924,1.0,223.1312889490428,378.0799391723712,1.0,303.836326960594,364.6001157590047,1.0,213.2697346788448,458.4141967039198,1.0,309.68740758000087,436.3954350211194,1.0,205.81669283371232,466.6955651671682,1.0,207.20936772709027,470.7973350990465,1.0,215.18105950407,468.84439824197307,1.0,291.65510432373804,446.03278656647433,1.0,305.6551732561319,446.03804586908745,1.0,310.81464693297573,430.121477734054,1.0,1.0,3.864406779661017,165.61871862066712,219.4850130923404,False,177.02383762826906,249.8102267252655,False,206.4736034202081,238.2130691050697,False,203.7975177629841,280.95535298561026,False,216.92685297090512,300.0120773551901,False,172.77829034442522,313.2054033927478,False,192.65633080835832,338.24024440153875,False,253.542003777076,302.5889718344557,False,282.3682244972569,295.20840131749924,False,223.1312889490428,378.0799391723712,False,303.836326960594,364.6001157590047,False,213.2697346788448,458.4141967039198,False,309.68740758000087,436.3954350211194,False,True,137.98845629729365,165.0569130506659,167.46832862188592
229,229,3.8813559322033897,3.8813559322033897,Sports2D_HALPE26_postprocessed,169.61757737986048,217.97830460561704,1.0,181.24606278445785,247.1012475677929,1.0,208.200560089896,237.1765116992601,1.0,206.3957768378182,279.29291452388827,1.0,220.24675913143057,292.45506484672933,1.0,178.35367135853454,311.335816021666,1.0,191.6066427759933,332.8252908752911,1.0,255.35898276689315,299.9121438340907,1.0,282.27016926434635,292.51258549497845,1.0,221.1538454832113,378.20141938197565,1.0,302.2136875718693,371.8651217536852,1.0,213.07643585039705,458.42892919565,1.0,309.9474937071798,442.3702637257044,1.0,203.5369008089948,466.6286600142271,1.0,207.1189827241685,471.2322836539778,1.0,215.5878008300325,468.6973978394564,1.0,291.4779870951646,453.0445448262302,1.0,304.6751258396546,453.2616090109153,1.0,311.13216615366605,436.2748003406909,1.0,1.0,3.8813559322033897,169.61757737986048,217.97830460561704,False,181.24606278445785,247.1012475677929,False,208.200560089896,237.1765116992601,False,206.3957768378182,279.29291452388827,False,220.24675913143057,292.45506484672933,False,178.35367135853454,311.335816021666,False,191.6066427759933,332.8252908752911,False,255.35898276689315,299.9121438340907,False,282.27016926434635,292.51258549497845,False,221.1538454832113,378.20141938197565,False,302.2136875718693,371.8651217536852,False,213.07643585039705,458.42892919565,False,309.9474937071798,442.3702637257044,False,True,132.35312162687538,162.14838283981948,172.15198972237656
230,230,3.8983050847457625,3.8983050847457625,Sports2D_HALPE26_postprocessed,170.34160671651824,214.4978493060832,1.0,183.2410289843193,248.3569596041773,1.0,211.9867307642452,235.8128781266402,1.0,212.9876673568637,278.2973408871468,1.0,220.0199208755552,298.6834444919972,1.0,182.28449224287908,308.7887851912112,1.0,191.96907866333083,331.19201722244003,1.0,258.2241181569465,300.7319180055804,1.0,284.6082003870554,294.57827704169364,1.0,220.19321207030063,375.2029903543736,1.0,301.2309095573264,374.69292437475406,1.0,212.96209188714937,458.1821398258786,1.0,310.06266013257016,447.43354352061095,1.0,204.85616536384816,466.4842525085217,1.0,207.7872584962076,470.62482405188194,1.0,215.81774259130464,467.7957462349073,1.0,291.3845457518434,460.139422871731,1.0,303.71693161824186,460.6447769920694,1.0,311.46081936523154,442.44909143821104,1.0,1.0,3.8983050847457625,170.34160671651824,214.4978493060832,False,183.2410289843193,248.3569596041773,False,211.9867307642452,235.8128781266402,False,212.9876673568637,278.2973408871468,False,220.0199208755552,298.6834444919972,False,182.28449224287908,308.7887851912112,False,191.96907866333083,331.19201722244003,False,258.2241181569465,300.7319180055804,False,284.6082003870554,294.57827704169364,False,220.19321207030063,375.2029903543736,False,301.2309095573264,374.69292437475406,False,212.96209188714937,458.1821398258786,False,310.06266013257016,447.43354352061095,False,True,131.92847865385485,157.9278878330185,175.2008621355136
231,231,3.915254237288136,3.915254237288136,Sports2D_HALPE26_postprocessed,171.95893707420993,213.4037514462134,1.0,186.68694605672675,247.2441763114995,1.0,214.3254670236323,235.44129946038817,1.0,217.9798955920456,276.36048197234487,1.0,224.45296851808789,300.7717004319639,1.0,187.27109027713453,307.19805050699443,1.0,191.74066010122792,325.8494915404602,1.0,259.9749049522113,302.6912021392713,1.0,285.68408678006944,299.6260197613766,1.0,217.60525978485703,374.8769240627264,1.0,297.52924897499884,380.2112929727237,1.0,212.7954937002733,458.19811079100015,1.0,309.3343463336771,447.5602955601792,1.0,204.0720198835495,466.4994938096347,1.0,207.3321010067795,470.14616643582985,1.0,216.7083214736788,467.8284096496476,1.0,291.5878343438308,467.294910601726,1.0,302.7199382545218,468.26993591103167,1.0,311.7906132311674,448.6740060693609,1.0,1.0,3.915254237288136,171.95893707420993,213.4037514462134,False,186.68694605672675,247.2441763114995,False,214.3254670236323,235.44129946038817,False,217.9798955920456,276.36048197234487,False,224.45296851808789,300.7717004319639,False,187.27109027713453,307.19805050699443,False,191.74066010122792,325.8494915404602,False,259.9749049522113,302.6912021392713,False,285.68408678006944,299.6260197613766,False,217.60525978485703,374.8769240627264,False,297.52924897499884,380.2112929727237,False,212.7954937002733,458.19811079100015,False,309.3343463336771,447.5602955601792,False,True,118.6625272814198,152.89282477272758,178.42003316669923
232,232,3.9322033898305087,3.9322033898305087,Sports2D_HALPE26_postprocessed,174.23361604420987,213.8247660238282,1.0,191.71284584578245,245.72680061825787,1.0,215.95953235167684,235.63836910304545,1.0,222.89040484703312,276.36021418630224,1.0,228.36831620948035,303.541671948217,1.0,191.90765387394515,305.70982006125365,1.0,192.9310861514139,330.27371082653343,1.0,258.4444697528958,308.56480920403857,1.0,286.31872942552457,303.04221655132505,1.0,215.3044365421636,375.0322545579302,1.0,297.23735912819336,385.060809874336,1.0,212.62806650486368,457.8014332139595,1.0,308.3455010254139,450.00675389820015,1.0,204.8425555255796,466.5809109593555,1.0,207.17119405751865,469.7956636210739,1.0,217.02093371153688,467.5593920790175,1.0,292.6280080044138,472.49761008044425,1.0,301.4221912986996,472.5185486758852,1.0,312.0920441273512,455.0508124330929,1.0,1.0,3.9322033898305087,174.23361604420987,213.8247660238282,False,191.71284584578245,245.72680061825787,False,215.95953235167684,235.63836910304545,False,222.89040484703312,276.36021418630224,False,228.36831620948035,303.541671948217,False,191.90765387394515,305.70982006125365,False,192.9310861514139,330.27371082653343,False,258.4444697528958,308.56480920403857,False,286.31872942552457,303.04221655132505,False,215.3044365421636,375.0322545579302,False,297.23735912819336,385.060809874336,False,212.62806650486368,457.8014332139595,False,308.3455010254139,450.00675389820015,False,True,116.67296563317059,148.86684856363962,177.87708213563204
233,233,3.9491525423728815,3.9491525423728815,Sports2D_HALPE26_postprocessed,176.81322560197626,213.54660144338283,1.0,195.64447010174663,245.50702602148533,1.0,219.28286827550403,234.4246545429624,1.0,229.8842646888261,274.1774223769329,1.0,230.33070663733696,293.0012236080146,1.0,195.253121734874,305.5812499188719,1.0,190.9269513348676,316.93515143499724,1.0,260.6172131574098,308.9714435455894,1.0,286.51526333594893,303.74056097605785,1.0,213.27352960957865,374.43097464867947,1.0,293.9150514237274,384.66322737622056,1.0,212.71708226890505,457.7842948275429,1.0,309.4859483125538,449.4727255731557,1.0,205.4617464788689,466.7179818871258,1.0,208.1690857669106,470.547154901349,1.0,217.86177498798736,466.9715356573148,1.0,293.67713996836244,471.1483422039386,1.0,298.6036648246703,468.34176095723546,1.0,312.1945695016702,461.66458147558086,1.0,1.0,3.9491525423728815,176.81322560197626,213.54660144338283,False,195.64447010174663,245.50702602148533,False,219.28286827550403,234.4246545429624,False,229.8842646888261,274.1774223769329,False,230.33070663733696,293.0012236080146,False,195.253121734874,305.5812499188719,False,190.9269513348676,316.93515143499724,False,260.6172131574098,308.9714435455894,False,286.51526333594893,303.74056097605785,False,213.27352960957865,374.43097464867947,False,293.9150514237274,384.66322737622056,False,212.71708226890505,457.7842948275429,False,309.4859483125538,449.4727255731557,False,True,110.59377877174873,144.50610807174823,171.7151279269087
234,234,3.9661016949152543,3.9661016949152543,Sports2D_HALPE26_postprocessed,177.7333140885646,212.40500097223185,1.0,196.7742727817676,244.7485197019508,1.0,221.9184999838407,234.47618249743675,1.0,231.62213596837785,273.66790737944604,1.0,230.55667099200943,298.79619500579213,1.0,198.1164661083396,306.7116221172114,1.0,192.7433706063996,319.0913834988945,1.0,262.01736134916285,309.6351955209416,1.0,286.1073440739099,304.8474521226301,1.0,211.7881610297709,374.5278346872232,1.0,293.7035523342087,384.9410438074034,1.0,212.6338804366076,457.5816372185661,1.0,309.07919715115213,449.6896450512692,1.0,205.31537430318832,466.9105586799819,1.0,208.9773757869248,470.9059188639857,1.0,217.80668041064104,466.9438696643828,1.0,293.8968353908857,478.1722355442445,1.0,299.2625928059087,474.3940992387299,1.0,310.9718973882408,465.5354840775291,1.0,1.0,3.9661016949152543,177.7333140885646,212.40500097223185,False,196.7742727817676,244.7485197019508,False,221.9184999838407,234.47618249743675,False,231.62213596837785,273.66790737944604,False,230.55667099200943,298.79619500579213,False,198.1164661083396,306.7116221172114,False,192.7433706063996,319.0913834988945,False,262.01736134916285,309.6351955209416,False,286.1073440739099,304.8474521226301,False,211.7881610297709,374.5278346872232,False,293.7035523342087,384.9410438074034,False,212.6338804366076,457.5816372185661,False,309.07919715115213,449.6896450512692,False,True,110.5743357647225,141.67544959455145,172.05940145299203
235,235,3.983050847457627,3.983050847457627,Sports2D_HALPE26_postprocessed,178.9745544473273,212.1537378924648,1.0,198.3799130314724,243.36889844314777,1.0,222.21711916673107,233.44461719141805,1.0,233.80870627463403,272.49369443679643,1.0,230.41988342040727,294.4314478630816,1.0,203.19392306521183,307.4822510910247,1.0,194.30591906831373,320.63598070820734,1.0,260.9646967382614,311.60058776056667,1.0,285.89119168656555,306.6088407571473,1.0,210.44305922350915,374.4271832455497,1.0,293.1833065040629,385.6703778476445,1.0,212.5044647023633,457.51519323686034,1.0,308.389669889802,452.1758935056814,1.0,204.74604236329105,467.15202716966775,1.0,207.57312728169623,470.6430725569834,1.0,217.8009067540882,466.9873983634544,1.0,294.4857961573455,475.8173717401023,1.0,300.5334503253848,474.5771772182906,1.0,310.3502068554848,464.7699168234393,1.0,1.0,3.983050847457627,178.9745544473273,212.1537378924648,False,198.3799130314724,243.36889844314777,False,222.21711916673107,233.44461719141805,False,233.80870627463403,272.49369443679643,False,230.41988342040727,294.4314478630816,False,203.19392306521183,307.4822510910247,False,194.30591906831373,320.63598070820734,False,260.9646967382614,311.60058776056667,False,285.89119168656555,306.6088407571473,False,210.44305922350915,374.4271832455497,False,293.1833065040629,385.6703778476445,False,212.5044647023633,457.51519323686034,False,308.389669889802,452.1758935056814,False,True,118.30454501012653,139.7744920098525,172.3904963085079
236,236,4.0,4.0,Sports2D_HALPE26_postprocessed,181.4200582946607,210.6692243748067,1.0,199.93963375272847,243.56573882696048,1.0,223.0826394127964,231.47216958548915,1.0,236.05502441121232,272.0251120062471,1.0,236.3565603459556,280.7690675917472,1.0,204.6860005043401,308.13750704138977,1.0,196.74482871913432,310.0217976101774,1.0,257.1805905493765,313.9035819346142,1.0,285.24365351794063,305.4309559259704,1.0,208.5941567591857,374.5358230825155,1.0,293.6695674701961,384.2948367778933,1.0,212.4375854935838,457.3366054532969,1.0,308.4711608215284,451.8048281787532,1.0,204.4764183728644,467.2374437073109,1.0,206.51239655581296,470.5210080525399,1.0,217.84688765703496,466.8221010038346,1.0,295.2426038124083,473.811684372489,1.0,301.4663625526119,474.4910436136592,1.0,311.20338773525145,464.78487539229855,1.0,1.0,4.0,181.4200582946607,210.6692243748067,False,199.93963375272847,243.56573882696048,False,223.0826394127964,231.47216958548915,False,236.05502441121232,272.0251120062471,False,236.3565603459556,280.7690675917472,False,204.6860005043401,308.13750704138977,False,196.74482871913432,310.0217976101774,False,257.1805905493765,313.9035819346142,False,285.24365351794063,305.4309559259704,False,208.5941567591857,374.5358230825155,False,293.6695674701961,384.2948367778933,False,212.4375854935838,457.3366054532969,False,308.4711608215284,451.8048281787532,False,True,111.3750602855334,138.63612098484796,173.7319706107191
237,237,4.016949152542373,4.016949152542373,Sports2D_HALPE26_postprocessed,182.2844532052512,208.3503731452423,1.0,199.9457215834683,243.3080907354144,1.0,224.7371105422069,229.5075913934396,1.0,240.222705960494,270.8659652864312,1.0,239.0192809036366,283.48756594670215,1.0,206.6032161539032,308.90946990931064,1.0,197.2831925883312,313.2516404327514,1.0,259.3258233205202,311.8139829127831,1.0,285.1018899552914,306.03235985823466,1.0,207.62160360623008,374.63225847470574,1.0,293.741622076714,381.952653703,1.0,212.5495817816087,457.18179653871465,1.0,310.0426611666693,446.8872307715969,1.0,204.54693761327303,467.3369640489666,1.0,207.5744229037376,470.3662876201847,1.0,218.0872608347616,466.76114293724027,1.0,296.5780963193555,473.5820104428926,1.0,298.89973221077946,473.42218426216334,1.0,311.4470318849154,463.82395118222325,1.0,1.0,4.016949152542373,182.2844532052512,208.3503731452423,False,199.9457215834683,243.3080907354144,False,224.7371105422069,229.5075913934396,False,240.222705960494,270.8659652864312,False,239.0192809036366,283.48756594670215,False,206.6032161539032,308.90946990931064,False,197.2831925883312,313.2516404327514,False,259.3258233205202,311.8139829127831,False,285.1018899552914,306.03235985823466,False,207.62160360623008,374.63225847470574,False,293.741622076714,381.952653703,False,212.5495817816087,457.18179653871465,False,310.0426611666693,446.8872307715969,False,True,110.67466427359115,137.12667661108657,172.4001333115587
238,238,4.033898305084746,4.033898305084746,Sports2D_HALPE26_postprocessed,182.7709998623453,207.89533366042176,1.0,200.88057959195635,241.3515103305127,1.0,227.16771446020755,229.71234478007813,1.0,241.2019212634369,271.0053471594365,1.0,247.7821258820192,277.2660537687689,1.0,211.236415637624,307.6814881375027,1.0,200.648557251016,305.69368923909553,1.0,257.210987583961,313.6101516429477,1.0,283.53363219322574,307.55890260343693,1.0,206.77679807135,375.037771115415,1.0,293.660084320462,383.09607378667937,1.0,212.48222019079088,457.027808939818,1.0,308.606386488641,450.1330415944548,1.0,205.2856915494397,467.1869668124449,1.0,208.172108918981,470.1977249936496,1.0,218.0949768691013,466.64842101862746,1.0,291.75845524462534,474.8552748494892,1.0,295.71391190017783,473.0370162933001,1.0,310.1845705529348,467.01496944306456,1.0,1.0,4.033898305084746,182.7709998623453,207.89533366042176,False,200.88057959195635,241.3515103305127,False,227.16771446020755,229.71234478007813,False,241.2019212634369,271.0053471594365,False,247.7821258820192,277.2660537687689,False,211.236415637624,307.6814881375027,False,200.648557251016,305.69368923909553,False,257.210987583961,313.6101516429477,False,283.53363219322574,307.55890260343693,False,206.77679807135,375.037771115415,False,293.660084320462,383.09607378667937,False,212.48222019079088,457.027808939818,False,308.606386488641,450.1330415944548,False,True,97.65880010936183,136.63221521610294,175.06662979413233
239,239,4.050847457627119,4.050847457627119,Sports2D_HALPE26_postprocessed,183.7343956749617,205.9628262808826,1.0,200.6780905355228,240.4682324540381,1.0,227.67481856338952,227.77272870144063,1.0,241.4449006836928,271.1346738160946,1.0,247.14602573788343,275.20951910955444,1.0,210.79805055587323,309.1517431006094,1.0,202.48189473465024,309.27174262671895,1.0,255.49485580462328,313.3429459607893,1.0,282.6553398932905,307.6321693721727,1.0,205.69800201393124,375.14530973038205,1.0,292.75569988987144,384.0454152249525,1.0,212.45023547180847,456.72221716546494,1.0,308.35684177493425,449.397298825406,1.0,205.23121376271283,466.82753473284765,1.0,208.47546821583097,469.7946294500414,1.0,218.5202114150958,466.2833519134889,1.0,291.7440437583712,478.71319645534686,1.0,295.4523994074247,476.3848715318753,1.0,310.0423265603735,468.1220288789934,1.0,1.0,4.050847457627119,183.7343956749617,205.9628262808826,False,200.6780905355228,240.4682324540381,False,227.67481856338952,227.77272870144063,False,241.4449006836928,271.1346738160946,False,247.14602573788343,275.20951910955444,False,210.79805055587323,309.1517431006094,False,202.48189473465024,309.27174262671895,False,255.49485580462328,313.3429459607893,False,282.6553398932905,307.6321693721727,False,205.69800201393124,375.14530973038205,False,292.75569988987144,384.0454152249525,False,212.45023547180847,456.72221716546494,False,308.35684177493425,449.397298825406,False,True,105.01374316527446,136.40843027981165,174.10309781949962
240,240,4.067796610169491,4.067796610169491,Sports2D_HALPE26_postprocessed,185.1221241875947,203.0464630942576,1.0,200.7517396734013,238.84181152352417,1.0,226.85164665046705,225.07100521618764,1.0,239.65499214614607,270.05859646339275,1.0,240.67805163365887,277.23756507014264,1.0,212.50909147541435,308.9725422649306,1.0,206.3172594290596,307.64681863871203,1.0,254.06774471019875,314.60348926904896,1.0,282.134352207393,306.9390653141139,1.0,204.8803036394131,375.89933490823273,1.0,294.03710502496307,384.9384208926632,1.0,212.38776137496347,456.5850833436048,1.0,309.0398192214377,449.3152490266544,1.0,205.1839648397305,466.88456274110496,1.0,208.2071156702938,469.3885949834158,1.0,218.43145221309803,466.5943431310874,1.0,292.42434911148075,473.9060533852976,1.0,298.59526630543104,475.08694189038624,1.0,310.92851427608525,464.913051237476,1.0,1.0,4.067796610169491,185.1221241875947,203.0464630942576,False,200.7517396734013,238.84181152352417,False,226.85164665046705,225.07100521618764,False,239.65499214614607,270.05859646339275,False,240.67805163365887,277.23756507014264,False,212.50909147541435,308.9725422649306,False,206.3172594290596,307.64681863871203,False,254.06774471019875,314.60348926904896,False,282.134352207393,306.9390653141139,False,204.8803036394131,375.89933490823273,False,294.03710502496307,384.9384208926632,False,212.38776137496347,456.5850833436048,False,309.0398192214377,449.3152490266544,False,True,116.66423095821833,135.93854672311792,175.558069683603
241,241,4.084745762711864,4.084745762711864,Sports2D_HALPE26_postprocessed,186.07513214795,200.46383966171024,1.0,199.58215413805144,236.63883981617968,1.0,228.62411641593448,223.90259787806173,1.0,238.42559307047728,268.447646559853,1.0,249.17217613425728,270.979208745634,1.0,213.00025102961985,308.34366803777255,1.0,205.1680396937186,306.93108917167194,1.0,252.5103097229028,312.8263409527784,1.0,280.203774845232,306.29249488963706,1.0,204.67298557567543,376.3222460321091,1.0,293.7092208193004,383.3118282107452,1.0,212.16837491503497,456.827535309482,1.0,311.0558134538396,447.70386959897314,1.0,205.0786274097699,467.29840080618544,1.0,208.39902573109336,470.38427420004456,1.0,218.39440839338545,466.4357493700827,1.0,292.1663995484411,474.0221330319959,1.0,298.8006423890706,474.24238715171447,1.0,312.2606564562743,462.6259033709553,1.0,1.0,4.084745762711864,186.07513214795,200.46383966171024,False,199.58215413805144,236.63883981617968,False,228.62411641593448,223.90259787806173,False,238.42559307047728,268.447646559853,False,249.17217613425728,270.979208745634,False,213.00025102961985,308.34366803777255,False,205.1680396937186,306.93108917167194,False,252.5103097229028,312.8263409527784,False,280.203774845232,306.29249488963706,False,204.67298557567543,376.3222460321091,False,293.7092208193004,383.3118282107452,False,212.16837491503497,456.827535309482,False,311.0558134538396,447.70386959897314,False,True,105.66884503518602,137.68676274809874,174.86876683747727
242,242,4.101694915254237,4.101694915254237,Sports2D_HALPE26_postprocessed,185.5637151360177,198.53821297582004,1.0,198.8792125174092,234.88818071384944,1.0,229.9018907647253,222.16327715755187,1.0,237.02876450240103,268.48922208934346,1.0,252.2363524159538,266.7045928731484,1.0,211.6291843186292,309.211399189972,1.0,206.90074871044905,303.11700932277006,1.0,249.30132510991007,312.1094032638891,1.0,277.4420488002884,305.7520701166802,1.0,204.3079126030775,377.0623576997092,1.0,294.0814395145193,384.300277479004,1.0,211.87044455180725,456.8047599696581,1.0,310.59470925383323,449.6542633804784,1.0,205.0927850061519,467.5695597531014,1.0,208.39943084257163,471.0553850076042,1.0,218.1552860342876,466.4906500459533,1.0,292.2499626218804,476.9263907320372,1.0,297.5509540751429,473.4138675327558,1.0,313.0045828757441,466.9261344185424,1.0,1.0,4.101694915254237,185.5637151360177,198.53821297582004,False,198.8792125174092,234.88818071384944,False,229.9018907647253,222.16327715755187,False,237.02876450240103,268.48922208934346,False,252.2363524159538,266.7045928731484,False,211.6291843186292,309.211399189972,False,206.90074871044905,303.11700932277006,False,249.30132510991007,312.1094032638891,False,277.4420488002884,305.7520701166802,False,204.3079126030775,377.0623576997092,False,294.0814395145193,384.300277479004,False,211.87044455180725,456.8047599696581,False,310.59470925383323,449.6542633804784,False,True,102.13988157428582,139.87179787722738,177.78016759223516
243,243,4.11864406779661,4.11864406779661,Sports2D_HALPE26_postprocessed,185.9109129603259,196.1911243855808,1.0,197.8476302577848,233.31450958180795,1.0,230.7212605336088,220.2628776244432,1.0,235.0396229786263,268.60546919345103,1.0,251.83619085387835,264.9649559745812,1.0,210.81456582927763,309.9193158961586,1.0,207.06652396330293,302.976160740606,1.0,247.15106317472345,310.9518740322385,1.0,275.1122915536833,305.01391681534466,1.0,204.13034011139823,377.43892658793806,1.0,294.2436471695732,381.1831895334998,1.0,211.8405138080613,456.9880836524154,1.0,309.62124439967727,447.71694554714753,1.0,204.8678929602005,467.52738511427873,1.0,207.3186748473666,471.0077279879896,1.0,218.1850334584373,466.7040776566729,1.0,292.32027621103106,475.2284940506209,1.0,295.14410372345816,472.5885357101042,1.0,312.2188030023926,465.3689836543782,1.0,1.0,4.11864406779661,185.9109129603259,196.1911243855808,False,197.8476302577848,233.31450958180795,False,230.7212605336088,220.2628776244432,False,235.0396229786263,268.60546919345103,False,251.83619085387835,264.9649559745812,False,210.81456582927763,309.9193158961586,False,207.06652396330293,302.976160740606,False,247.15106317472345,310.9518740322385,False,275.1122915536833,305.01391681534466,False,204.13034011139823,377.43892658793806,False,294.2436471695732,381.1831895334998,False,211.8405138080613,456.9880836524154,False,309.62124439967727,447.71694554714753,False,True,105.04895695034344,141.5589371101991,178.91469289766943
244,244,4.135593220338983,4.135593220338983,Sports2D_HALPE26_postprocessed,186.2608086874144,193.85244717428668,1.0,196.86520539497053,231.73322634850192,1.0,229.75339220137823,217.30085808151213,1.0,233.91936680561213,268.7511864378121,1.0,246.04105357844296,265.3536803307595,1.0,210.36383500920792,309.0198789440259,1.0,207.31151204421224,303.81917806696066,1.0,244.68403193035888,310.87166268853895,1.0,273.9028083345026,304.4103549740095,1.0,203.7353064394229,378.1592804996171,1.0,294.2822505917832,379.8545288544111,1.0,211.9088537665353,457.0964292210136,1.0,309.9299959107028,446.5031175136978,1.0,203.6159084506287,467.66121161743496,1.0,205.4845307868445,471.02939950113625,1.0,218.1848869684837,467.376305846588,1.0,292.3867770430433,471.9014677139306,1.0,292.9482967838391,471.78057462999095,1.0,312.1812528740335,464.8931755411115,1.0,1.0,4.135593220338983,186.2608086874144,193.85244717428668,False,196.86520539497053,231.73322634850192,False,229.75339220137823,217.30085808151213,False,233.91936680561213,268.7511864378121,False,246.04105357844296,265.3536803307595,False,210.36383500920792,309.0198789440259,False,207.31151204421224,303.81917806696066,False,244.68403193035888,310.87166268853895,False,273.9028083345026,304.4103549740095,False,203.7353064394229,378.1592804996171,False,294.2822505917832,379.8545288544111,False,211.9088537665353,457.0964292210136,False,309.9299959107028,446.5031175136978,False,True,116.07976438048541,142.76524674455018,178.09628654075672
245,245,4.152542372881356,4.152542372881356,Sports2D_HALPE26_postprocessed,186.3114270751919,191.8851743933958,1.0,195.00341951659044,231.5897848576486,1.0,230.8364699094629,215.12498733075964,1.0,231.8873979903062,269.2301823584148,1.0,250.03088605415743,260.717095779427,1.0,207.76751788125347,309.3928506742331,1.0,205.1303204636906,297.86193711934027,1.0,243.65680791425825,309.5539513194403,1.0,270.8351091672129,303.0727823423149,1.0,203.76772638845392,378.4121235255649,1.0,293.92720098812265,378.561328081942,1.0,211.94008325990427,457.3502142658977,1.0,309.78325026688094,447.35254879733753,1.0,204.4703395678407,468.028638673261,1.0,206.2277350015501,471.5599883500276,1.0,218.4461209676612,467.514093944445,1.0,292.7389834017377,474.429355936765,1.0,292.6154767735252,471.1180864686689,1.0,312.38930747109225,464.37360810150426,1.0,1.0,4.152542372881356,186.3114270751919,191.8851743933958,False,195.00341951659044,231.5897848576486,False,230.8364699094629,215.12498733075964,False,231.8873979903062,269.2301823584148,False,250.03088605415743,260.717095779427,False,207.76751788125347,309.3928506742331,False,205.1303204636906,297.86193711934027,False,243.65680791425825,309.5539513194403,False,270.8351091672129,303.0727823423149,False,203.76772638845392,378.4121235255649,False,293.92720098812265,378.561328081942,False,211.94008325990427,457.3502142658977,False,309.78325026688094,447.35254879733753,False,True,106.7686557559749,144.00587283496046,175.9707387514497
246,246,4.169491525423728,4.169491525423728,Sports2D_HALPE26_postprocessed,186.37832940603835,189.30327085457844,1.0,193.6916667908428,228.68994321478388,1.0,231.4189739810359,213.5549632218002,1.0,229.27274268814065,267.14213368212216,1.0,251.134775193652,260.5500721923378,1.0,206.2448037848625,308.5063685469538,1.0,204.3936024199633,297.31612029800704,1.0,240.0608971542282,306.2728242666822,1.0,269.085129253943,301.4016501471877,1.0,203.4770995317487,378.5510772777624,1.0,293.560942549052,377.5954581651989,1.0,211.7737457644785,457.3696518952816,1.0,310.0873850759384,444.33936156891286,1.0,205.5245637391447,468.3232460942494,1.0,206.73484862404763,471.9941438819741,1.0,218.2904671570517,467.6430378496211,1.0,293.83773129112353,473.7513431968246,1.0,294.19983377040853,471.7425903762055,1.0,313.7600647712512,462.6636265828269,1.0,1.0,4.169491525423728,186.37832940603835,189.30327085457844,False,193.6916667908428,228.68994321478388,False,231.4189739810359,213.5549632218002,False,229.27274268814065,267.14213368212216,False,251.134775193652,260.5500721923378,False,206.2448037848625,308.5063685469538,False,204.3936024199633,297.31612029800704,False,240.0608971542282,306.2728242666822,False,269.085129253943,301.4016501471877,False,203.4770995317487,378.5510772777624,False,293.560942549052,377.5954581651989,False,211.7737457644785,457.3696518952816,False,310.0873850759384,444.33936156891286,False,True,105.42871544267112,147.14467372107805,176.0986484727436
247,247,4.186440677966102,4.186440677966102,Sports2D_HALPE26_postprocessed,186.39228235107623,187.28370389188527,1.0,192.38007815295,225.42011023204464,1.0,231.47826537189488,210.1516632003177,1.0,225.08512032505504,265.7828388139376,1.0,251.4434892778912,258.28578108840907,1.0,204.9784931958505,306.0967478512644,1.0,204.781621849939,296.93075537346965,1.0,237.07704517044576,303.9159507761998,1.0,267.2842459170179,299.16039596575854,1.0,203.9521867735552,378.8179570350543,1.0,292.9510827653872,376.5972392655474,1.0,211.62250783877187,457.5944963471623,1.0,309.62974688799966,443.762909122146,1.0,206.9345784870663,468.85110741670974,1.0,207.34869865663,472.55446484429945,1.0,217.99920768791992,467.9377220365572,1.0,293.1503514610269,471.9734715880516,1.0,296.8766819070887,469.7237545258122,1.0,313.6006220170102,461.5897213439519,1.0,1.0,4.186440677966102,186.39228235107623,187.28370389188527,False,192.38007815295,225.42011023204464,False,231.47826537189488,210.1516632003177,False,225.08512032505504,265.7828388139376,False,251.4434892778912,258.28578108840907,False,204.9784931958505,306.0967478512644,False,204.781621849939,296.93075537346965,False,237.07704517044576,303.9159507761998,False,267.2842459170179,299.16039596575854,False,203.9521867735552,378.8179570350543,False,292.9510827653872,376.5972392655474,False,211.62250783877187,457.5944963471623,False,309.62974688799966,443.762909122146,False,True,107.1034213745334,150.58169370598168,175.60764017315438
248,248,4.203389830508475,4.203389830508475,Sports2D_HALPE26_postprocessed,186.52375485239529,183.31606750862449,1.0,190.12076691084528,224.7805831866513,1.0,231.86198290198465,208.2002221061452,1.0,220.7527313232208,265.13699977406054,1.0,254.912027315538,255.16127081990103,1.0,202.90822222415363,306.0007844452812,1.0,205.09152617944503,292.32656146184894,1.0,234.40199630179933,301.6612922689885,1.0,264.95999991612234,295.5948962872636,1.0,204.4316038609609,379.374026325783,1.0,291.73451128901326,376.0046802522326,1.0,211.6013182270412,457.53844512660754,1.0,309.4828822693694,442.8290544318128,1.0,206.3237910813048,468.2740292899173,1.0,205.2811971119711,471.634262570824,1.0,217.97121832504047,467.8426666874051,1.0,292.8031858475792,469.1880986129476,1.0,302.4894318565124,468.1183568713345,1.0,312.34822023212024,458.80975627800746,1.0,1.0,4.203389830508475,186.52375485239529,183.31606750862449,False,190.12076691084528,224.7805831866513,False,231.86198290198465,208.2002221061452,False,220.7527313232208,265.13699977406054,False,254.912027315538,255.16127081990103,False,202.90822222415363,306.0007844452812,False,205.09152617944503,292.32656146184894,False,234.40199630179933,301.6612922689885,False,264.95999991612234,295.5948962872636,False,204.4316038609609,379.374026325783,False,291.73451128901326,376.0046802522326,False,211.6013182270412,457.53844512660754,False,309.4828822693694,442.8290544318128,False,True,100.57900530021543,153.66971016353384,176.4576878796309
249,249,4.220338983050848,4.220338983050848,Sports2D_HALPE26_postprocessed,186.484305611855,180.3737551587465,1.0,187.45473287144105,223.92331617208123,1.0,231.68636723901813,205.13449271784032,1.0,217.58089595972152,265.4175828032616,1.0,260.1653715209309,250.4952508042421,1.0,200.78677034958395,304.57562704433366,1.0,224.4929901506194,279.50574297055323,1.0,232.5306681011865,300.51081222889604,1.0,263.73138225795174,294.7138869614209,1.0,204.32572227088832,379.1286473429119,1.0,291.2210728106815,374.5468281784473,1.0,211.5487376036044,457.7019264223832,1.0,307.89766149538906,443.1527565291608,1.0,205.6623198497782,468.6065251501793,1.0,204.68226143236325,472.15028107787526,1.0,217.964366774888,467.9606753108772,1.0,292.5455224500649,471.9039809173138,1.0,293.8415866201304,470.9667859443806,1.0,311.58570910085655,461.6457134450844,1.0,1.0,4.220338983050848,186.484305611855,180.3737551587465,False,187.45473287144105,223.92331617208123,False,231.68636723901813,205.13449271784032,False,217.58089595972152,265.4175828032616,False,260.1653715209309,250.4952508042421,False,200.78677034958395,304.57562704433366,False,224.4929901506194,279.50574297055323,False,232.5306681011865,300.51081222889604,False,263.73138225795174,294.7138869614209,False,204.32572227088832,379.1286473429119,False,291.2210728106815,374.5468281784473,False,211.5487376036044,457.7019264223832,False,307.89766149538906,443.1527565291608,False,True,96.99768440975039,155.0117623941395,174.6617209715169
250,250,4.237288135593221,4.237288135593221,Sports2D_HALPE26_postprocessed,186.6909054769317,176.9948278786143,1.0,185.2037709186216,222.1999001524456,1.0,231.6702330682801,203.97294312171107,1.0,211.4246189710007,266.61165062747347,1.0,263.20259147841773,248.18752703672013,1.0,197.18283228589948,304.11405591695166,1.0,233.07478851530053,271.58826748661266,1.0,229.48351763947187,298.4054839914703,1.0,261.27930565164337,291.69332796272306,1.0,204.5163693526431,378.94171447389294,1.0,288.54900766129555,372.0179768892775,1.0,211.3186029936712,458.1414569361814,1.0,307.55729915904345,442.2179779127263,1.0,204.281125883506,468.30262194601954,1.0,204.1150912495073,471.98438723040255,1.0,217.24217258946257,468.03046674646777,1.0,291.5970739584956,467.25472267510463,1.0,295.46896281711594,465.6407863030236,1.0,311.8656379325556,456.9600521840768,1.0,1.0,4.237288135593221,186.6909054769317,176.9948278786143,False,185.2037709186216,222.1999001524456,False,231.6702330682801,203.97294312171107,False,211.4246189710007,266.61165062747347,False,263.20259147841773,248.18752703672013,False,197.18283228589948,304.11405591695166,False,233.07478851530053,271.58826748661266,False,229.48351763947187,298.4054839914703,False,261.27930565164337,291.69332796272306,False,204.5163693526431,378.94171447389294,False,288.54900766129555,372.0179768892775,False,211.3186029936712,458.1414569361814,False,307.55729915904345,442.2179779127263,False,True,92.34185980132683,157.86704894872426,176.39884789719787
251,251,4.254237288135593,4.254237288135593,Sports2D_HALPE26_postprocessed,186.4837166893572,175.80803934055322,1.0,183.24270922075348,220.24220157992548,1.0,232.5576470564067,203.5832762988888,1.0,208.2531059241648,267.713083601627,1.0,264.0525746709744,246.04836804050743,1.0,193.10657909678395,303.0665643065936,1.0,234.80863235181124,271.0281124275819,1.0,227.48063263217617,296.6777280447055,1.0,259.3297036189408,289.75802345504246,1.0,205.17284340108384,379.0888965344594,1.0,286.49740623699006,371.00490744822673,1.0,211.28063713932,458.2930927392954,1.0,306.05109235964426,440.15513197336,1.0,205.27119649327483,468.0194698024875,1.0,204.4642645106317,471.6194044917339,1.0,216.5782258478556,468.0454065183694,1.0,292.0797489410225,464.72048449315577,1.0,299.01648063894595,461.8012565992663,1.0,310.0699528523371,454.9488374532778,1.0,1.0,4.254237288135593,186.4837166893572,175.80803934055322,False,183.24270922075348,220.24220157992548,False,232.5576470564067,203.5832762988888,False,208.2531059241648,267.713083601627,False,264.0525746709744,246.04836804050743,False,193.10657909678395,303.0665643065936,False,234.80863235181124,271.0281124275819,False,227.48063263217617,296.6777280447055,False,259.3297036189408,289.75802345504246,False,205.17284340108384,379.0888965344594,False,286.49740623699006,371.00490744822673,False,211.28063713932,458.2930927392954,False,306.05109235964426,440.15513197336,False,True,93.94038177560151,160.4440320092557,177.30023174859897
252,252,4.271186440677966,4.271186440677966,Sports2D_HALPE26_postprocessed,186.9243388929552,174.7391997101205,1.0,182.3833811883385,218.9135518972838,1.0,233.4474944006309,201.22063011638508,1.0,204.92568595793784,266.447975793725,1.0,263.83341331131214,242.90076906219704,1.0,190.5687344199424,301.1790332352258,1.0,247.52010373278003,274.6340181214112,1.0,225.7305210009717,296.7970374095614,1.0,257.6326325208558,288.94486454300187,1.0,205.6422121550556,379.8951199453461,1.0,284.175645997657,371.30722620824,1.0,211.3679822764375,457.77982675810654,1.0,306.8670780884363,439.2501707657592,1.0,209.1876327564784,466.82379101585377,1.0,204.5959435488219,469.62187762028265,1.0,217.1197141930108,467.7964115029509,1.0,294.22114567110407,464.21654005824536,1.0,301.2272796337754,461.93571474035247,1.0,309.0940031918925,451.7129295129433,1.0,1.0,4.271186440677966,186.9243388929552,174.7391997101205,False,182.3833811883385,218.9135518972838,False,233.4474944006309,201.22063011638508,False,204.92568595793784,266.447975793725,False,263.83341331131214,242.90076906219704,False,190.5687344199424,301.1790332352258,False,247.52010373278003,274.6340181214112,False,225.7305210009717,296.7970374095614,False,257.6326325208558,288.94486454300187,False,205.6422121550556,379.8951199453461,False,284.175645997657,371.30722620824,False,211.3679822764375,457.77982675810654,False,306.8670780884363,439.2501707657592,False,True,116.70034630916678,162.20533157677517,179.39446122361016
253,253,4.288135593220339,4.288135593220339,Sports2D_HALPE26_postprocessed,187.33049994662667,172.75430581770178,1.0,179.87246946383345,218.39133852914404,1.0,233.2677336742052,199.839954999606,1.0,200.2481831381976,266.6483205942305,1.0,266.09123867870375,242.2375124046453,1.0,185.8952026567229,299.816831886434,1.0,245.18838399831955,274.4709756495599,1.0,224.3916019803225,294.065823390685,1.0,255.4637102413092,287.0961465141587,1.0,206.14176485320448,379.3897852928272,1.0,280.70954515624487,369.7242703270185,1.0,211.4736580898131,457.2432795724487,1.0,304.3327892053431,439.9398986416445,1.0,207.5846573110184,467.20074109426935,1.0,204.21725305522529,470.5608220962175,1.0,217.2444087660197,467.6472850372752,1.0,293.47848424316663,461.7310042773551,1.0,300.2427241710123,458.3793634596559,1.0,308.0027076838117,453.05543321746046,1.0,1.0,4.288135593220339,187.33049994662667,172.75430581770178,False,179.87246946383345,218.39133852914404,False,233.2677336742052,199.839954999606,False,200.2481831381976,266.6483205942305,False,266.09123867870375,242.2375124046453,False,185.8952026567229,299.816831886434,False,245.18838399831955,274.4709756495599,False,224.3916019803225,294.065823390685,False,255.4637102413092,287.0961465141587,False,206.14176485320448,379.3897852928272,False,280.70954515624487,369.7242703270185,False,211.4736580898131,457.2432795724487,False,304.3327892053431,439.9398986416445,False,True,109.29081609332094,164.00913466242253,178.3948550065801
254,254,4.305084745762712,4.305084745762712,Sports2D_HALPE26_postprocessed,187.2499735971881,171.00925832717084,1.0,178.10562784612006,217.94656785379763,1.0,233.4356304847107,198.46029846638123,1.0,196.6687191396869,266.1485582954807,1.0,266.51264519497454,239.5675418481926,1.0,183.9197322580493,299.36786354385845,1.0,249.78112293800265,274.06860248091925,1.0,223.1545321753688,293.356037175046,1.0,254.55099278759752,286.21620445999906,1.0,207.29282118627413,379.15343943579177,1.0,277.2467291374467,369.3060744226084,1.0,211.38951626465845,457.2893709373468,1.0,304.536516248948,439.9730118384998,1.0,207.9331576299241,467.64812070606615,1.0,204.04964648958787,471.4648112534661,1.0,217.11561398640163,467.55249490840833,1.0,293.59739134639574,462.13251808293256,1.0,300.63785496270174,460.00807594557375,1.0,309.1172239011751,452.8327123128513,1.0,1.0,4.305084745762712,187.2499735971881,171.00925832717084,False,178.10562784612006,217.94656785379763,False,233.4356304847107,198.46029846638123,False,196.6687191396869,266.1485582954807,False,266.51264519497454,239.5675418481926,False,183.9197322580493,299.36786354385845,False,249.78112293800265,274.06860248091925,False,223.1545321753688,293.356037175046,False,254.55099278759752,286.21620445999906,False,207.29282118627413,379.15343943579177,False,277.2467291374467,369.3060744226084,False,211.38951626465845,457.2893709373468,False,304.536516248948,439.9730118384998,False,True,115.30666592623518,166.524470779798,174.16219007559224
255,255,4.322033898305085,4.322033898305085,Sports2D_HALPE26_postprocessed,186.7079532161343,170.03782934152528,1.0,177.52211695678625,215.5765361507085,1.0,234.2312553775053,197.6607538116271,1.0,193.4527814832913,265.04392052596944,1.0,266.8850597197044,238.2326209185024,1.0,181.5140723877126,298.4066868682976,1.0,252.28370052054933,273.789272024094,1.0,221.9745494119269,291.5358551131382,1.0,253.65060402258425,284.278302959142,1.0,208.45541718141467,378.8049683344084,1.0,274.4073723657377,368.7264820376863,1.0,211.28185324066897,456.77347348994834,1.0,303.1822783876622,440.0028381410679,1.0,210.8440487924851,467.41614656470114,1.0,204.45710012323315,470.86112871773526,1.0,216.45655866352973,467.4237225906888,1.0,293.38424350001134,461.4699747392947,1.0,300.9978332161008,459.5480459769015,1.0,308.1015229355179,452.8259178398759,1.0,1.0,4.322033898305085,186.7079532161343,170.03782934152528,False,177.52211695678625,215.5765361507085,False,234.2312553775053,197.6607538116271,False,193.4527814832913,265.04392052596944,False,266.8850597197044,238.2326209185024,False,181.5140723877126,298.4066868682976,False,252.28370052054933,273.789272024094,False,221.9745494119269,291.5358551131382,False,253.65060402258425,284.278302959142,False,208.45541718141467,378.8049683344084,False,274.4073723657377,368.7264820376863,False,211.28185324066897,456.77347348994834,False,303.1822783876622,440.0028381410679,False,True,118.8460142910922,169.11800708299006,171.8247807802782
256,256,4.338983050847458,4.338983050847458,Sports2D_HALPE26_postprocessed,186.68412287924224,169.4642512303342,1.0,176.87776639236426,214.4757782644228,1.0,234.60429902641795,197.0547881979928,1.0,192.29871898906643,264.34067430749064,1.0,267.5292046124294,234.99929527147253,1.0,178.72428517985017,297.78648383891027,1.0,257.6602124022695,273.38765321995606,1.0,220.2699534446084,290.86497391743046,1.0,252.84516767383383,283.99425619919066,1.0,208.7807528277271,378.39909017883696,1.0,270.8785609732038,367.8968050105235,1.0,211.2531551590617,455.9587310181415,1.0,299.0865145145385,440.53333499244286,1.0,212.240479722558,466.2367576303041,1.0,204.34212463094485,469.0080236333161,1.0,216.08763397904224,467.0542456077633,1.0,291.8306912634454,462.0744498549732,1.0,300.43904139633423,459.7936811833213,1.0,302.5726389206616,453.21963512888766,1.0,1.0,4.338983050847458,186.68412287924224,169.4642512303342,False,176.87776639236426,214.4757782644228,False,234.60429902641795,197.0547881979928,False,192.29871898906643,264.34067430749064,False,267.5292046124294,234.99929527147253,False,178.72428517985017,297.78648383891027,False,257.6602124022695,273.38765321995606,False,220.2699534446084,290.86497391743046,False,252.84516767383383,283.99425619919066,False,208.7807528277271,378.39909017883696,False,270.8785609732038,367.8968050105235,False,211.2531551590617,455.9587310181415,False,299.0865145145385,440.53333499244286,False,True,124.63387684308178,170.69662171066486,170.9068121151934
257,257,4.3559322033898304,4.3559322033898304,Sports2D_HALPE26_postprocessed,185.99663783344104,168.12807585365314,1.0,175.63447849367017,213.23334972580253,1.0,234.41824957739703,195.50592015114225,1.0,187.4487159938493,263.6532755694799,1.0,267.48431362613906,234.7224089070706,1.0,177.43194266470886,296.4090182577555,1.0,257.60849921409005,273.3536010898572,1.0,218.81517055220968,288.7885565610875,1.0,251.21925339924616,282.87721283105463,1.0,209.0552425779284,376.9089782466094,1.0,266.9403988892796,365.5263310659943,1.0,211.1850763833652,454.3177508360926,1.0,297.4483669145266,439.0513914451808,1.0,211.3064482002568,464.3074320364999,1.0,203.6929211160287,468.0576475135227,1.0,215.26430437001105,466.0808738804836,1.0,289.1404343704022,461.6170766133404,1.0,299.31242795818264,459.2135183136602,1.0,302.270741670377,450.7964522313285,1.0,1.0,4.3559322033898304,185.99663783344104,168.12807585365314,False,175.63447849367017,213.23334972580253,False,234.41824957739703,195.50592015114225,False,187.4487159938493,263.6532755694799,False,267.48431362613906,234.7224089070706,False,177.43194266470886,296.4090182577555,False,257.60849921409005,273.3536010898572,False,218.81517055220968,288.7885565610875,False,251.21925339924616,282.87721283105463,False,209.0552425779284,376.9089782466094,False,266.9403988892796,365.5263310659943,False,211.1850763833652,454.3177508360926,False,297.4483669145266,439.0513914451808,False,True,125.52333863952413,172.1038221053586,168.23471382545446
258,258,4.372881355932203,4.372881355932203,Sports2D_HALPE26_postprocessed,185.68445723649896,167.1623544970926,1.0,174.80196352951677,211.5112685685228,1.0,234.33774637096823,194.70292609840607,1.0,184.6465148297252,263.7033376090665,1.0,267.9274737241385,234.044534226164,1.0,173.05153897997434,295.44119636207165,1.0,259.0300362544704,273.668095310851,1.0,217.2935381874504,287.6782181145782,1.0,249.74449606279785,281.59609520712087,1.0,209.30447258914933,376.39560629930816,1.0,263.7058815522404,363.4477675026967,1.0,211.26310962443983,454.1805451686074,1.0,293.4034705145541,439.25664263031575,1.0,211.3233565938329,464.1404847251866,1.0,203.5722917400549,468.03609331335065,1.0,215.2166287316396,465.8666428079336,1.0,289.9144991135686,460.6577588284972,1.0,298.6846620165902,458.7209947177586,1.0,299.27709466303344,451.7784996178642,1.0,1.0,4.372881355932203,185.68445723649896,167.1623544970926,False,174.80196352951677,211.5112685685228,False,234.33774637096823,194.70292609840607,False,184.6465148297252,263.7033376090665,False,267.9274737241385,234.044534226164,False,173.05153897997434,295.44119636207165,False,259.0300362544704,273.668095310851,False,217.2935381874504,287.6782181145782,False,249.74449606279785,281.59609520712087,False,209.30447258914933,376.39560629930816,False,263.7058815522404,363.4477675026967,False,211.26310962443983,454.1805451686074,False,293.4034705145541,439.25664263031575,False,True,126.85362145520732,173.41194020450442,168.2873367929531
259,259,4.389830508474576,4.389830508474576,Sports2D_HALPE26_postprocessed,185.8986204874201,166.80737825614085,1.0,173.74926541299405,210.6108497461801,1.0,234.4688187050236,194.4700491664728,1.0,181.53078886227,263.4471457797196,1.0,268.2167564067051,233.29227585500064,1.0,171.43251182958488,295.19967158909805,1.0,259.6657396043264,273.866110396444,1.0,216.18914370948536,288.031485933806,1.0,248.1188308742909,281.1571339749609,1.0,209.30948706121703,376.31523389250106,1.0,262.6265673836565,362.79696472246445,1.0,211.2773673331494,454.179490029701,1.0,289.56543949091474,439.6785858838132,1.0,211.142791307005,464.31002067072825,1.0,203.57023443005303,468.28240656780986,1.0,214.9469253331465,465.6084483588531,1.0,286.81441781629934,456.1419297798841,1.0,295.04191635237606,456.2498983874218,1.0,294.6153448697281,452.09487240841617,1.0,1.0,4.389830508474576,185.8986204874201,166.80737825614085,False,173.74926541299405,210.6108497461801,False,234.4688187050236,194.4700491664728,False,181.53078886227,263.4471457797196,False,268.2167564067051,233.29227585500064,False,171.43251182958488,295.19967158909805,False,259.6657396043264,273.866110396444,False,216.18914370948536,288.031485933806,False,248.1188308742909,281.1571339749609,False,209.30948706121703,376.31523389250106,False,262.6265673836565,362.79696472246445,False,211.2773673331494,454.179490029701,False,289.56543949091474,439.6785858838132,False,True,127.09871597830158,174.09639633602043,170.7663449178083
260,260,4.406779661016949,4.406779661016949,Sports2D_HALPE26_postprocessed,186.8456421757728,165.1600830508743,1.0,173.64047291801936,209.960445690684,1.0,234.65018258697563,193.9587793628256,1.0,179.4176224246365,264.21186899637627,1.0,268.97685889389527,232.3972130941616,1.0,166.6033643387771,296.4097492628572,1.0,261.1763963297891,272.9015871458149,1.0,214.9512051784648,288.7350320749684,1.0,248.7139373212562,282.0853379769434,1.0,209.3360720339132,376.5556996683064,1.0,260.4991125180512,361.5631607723989,1.0,211.29684736108453,454.168297675764,1.0,284.543312065368,439.8530467694064,1.0,214.03278825300444,463.1364153596591,1.0,204.0036819066677,466.8321915845604,1.0,214.0941375422881,466.090711573793,1.0,282.33774396578355,458.4370327730254,1.0,290.72660164585943,458.0003342704547,1.0,289.5420296389317,452.3533193566648,1.0,1.0,4.406779661016949,186.8456421757728,165.1600830508743,False,173.64047291801936,209.960445690684,False,234.65018258697563,193.9587793628256,False,179.4176224246365,264.21186899637627,False,268.97685889389527,232.3972130941616,False,166.6033643387771,296.4097492628572,False,261.1763963297891,272.9015871458149,False,214.9512051784648,288.7350320749684,False,248.7139373212562,282.0853379769434,False,209.3360720339132,376.5556996683064,False,260.4991125180512,361.5631607723989,False,211.29684736108453,454.168297675764,False,284.543312065368,439.8530467694064,False,True,127.33343889001301,174.89437528431196,171.36186275642083
261,261,4.423728813559322,4.423728813559322,Sports2D_HALPE26_postprocessed,187.5399401833836,163.77380744129005,1.0,172.62821178201338,209.4650520867812,1.0,235.07256011020831,193.69509312291623,1.0,176.57229248893378,264.12121671557964,1.0,269.7767237920936,232.5991857970579,1.0,166.520413942384,294.37328673429465,1.0,261.01708047097543,273.2762163933754,1.0,212.4558796714112,289.93219797841766,1.0,247.0817929018404,283.9035426453743,1.0,209.3967445604569,376.4669126470054,1.0,259.0652118187444,360.5460216234676,1.0,211.3260476158179,453.8137081388249,1.0,279.0103838400213,437.6081980503456,1.0,214.6946215537203,462.5952838574991,1.0,204.2458529717464,466.1538313304827,1.0,213.34417546905587,465.8700707191309,1.0,279.9299685547594,460.5254947822737,1.0,289.7628642228344,458.6928570527938,1.0,283.9229586507103,448.6053093569788,1.0,1.0,4.423728813559322,187.5399401833836,163.77380744129005,False,172.62821178201338,209.4650520867812,False,235.07256011020831,193.69509312291623,False,176.57229248893378,264.12121671557964,False,269.7767237920936,232.5991857970579,False,166.520413942384,294.37328673429465,False,261.01708047097543,273.2762163933754,False,212.4558796714112,289.93219797841766,False,247.0817929018404,283.9035426453743,False,209.3967445604569,376.4669126470054,False,259.0652118187444,360.5460216234676,False,211.3260476158179,453.8137081388249,False,279.0103838400213,437.6081980503456,False,True,126.11279595828762,176.54648590513077,174.37569231554488
262,262,4.440677966101695,4.440677966101695,Sports2D_HALPE26_postprocessed,187.82741860590764,163.01971900125142,1.0,171.6317691835876,208.37809915133485,1.0,235.029730743219,193.6035422229892,1.0,174.53169207219682,263.3663208381096,1.0,269.1841502219189,233.37811765601467,1.0,163.75298871834008,294.23396070394386,1.0,260.7514416604768,274.1868301188019,1.0,211.21208275684484,290.0437706427948,1.0,245.25491580986267,284.2217970398116,1.0,209.33087840260765,376.3675451290328,1.0,257.948624935313,360.44219466098593,1.0,211.28772634678984,453.213780444396,1.0,274.03819478017164,434.6132195459997,1.0,215.23821801677084,462.0069426477198,1.0,204.62027464734788,465.6236901107956,1.0,213.11317545290703,465.5395885131743,1.0,274.158498949512,461.2622020794997,1.0,284.1977985170063,459.5920515563829,1.0,276.1720288303911,446.2939125493226,1.0,1.0,4.440677966101695,187.82741860590764,163.01971900125142,False,171.6317691835876,208.37809915133485,False,235.029730743219,193.6035422229892,False,174.53169207219682,263.3663208381096,False,269.1841502219189,233.37811765601467,False,163.75298871834008,294.23396070394386,False,260.7514416604768,274.1868301188019,False,211.21208275684484,290.0437706427948,False,245.25491580986267,284.2217970398116,False,209.33087840260765,376.3675451290328,False,257.948624935313,360.44219466098593,False,211.28772634678984,453.213780444396,False,274.03819478017164,434.6132195459997,False,True,127.67205309675919,177.29289275001946,177.21595989367552
263,263,4.457627118644068,4.457627118644068,Sports2D_HALPE26_postprocessed,187.470687656032,163.20790258507526,1.0,170.9878456291107,207.24096606387653,1.0,234.59446740621703,193.53538504878867,1.0,173.00914038858525,262.93843265423146,1.0,269.2996077735657,233.525698000887,1.0,162.73981745320876,295.15417820665823,1.0,259.497685819182,275.1956841024786,1.0,208.71357481460217,290.0251810511061,1.0,244.5412837654348,284.89785308154325,1.0,208.9686211488532,376.06785974590025,1.0,255.571983148444,360.3184488405494,1.0,211.09534976926648,452.9294600072581,1.0,269.5230859254607,433.3355790954216,1.0,215.2316879132932,461.49909208234254,1.0,205.5095714260461,464.7991073436849,1.0,212.9156112629132,465.9046690697991,1.0,268.6769344061048,461.6902126322214,1.0,279.590144870934,459.8802674404583,1.0,272.4537871112225,444.2466550749871,1.0,1.0,4.457627118644068,187.470687656032,163.20790258507526,False,170.9878456291107,207.24096606387653,False,234.59446740621703,193.53538504878867,False,173.00914038858525,262.93843265423146,False,269.2996077735657,233.525698000887,False,162.73981745320876,295.15417820665823,False,259.497685819182,275.1956841024786,False,208.71357481460217,290.0251810511061,False,244.5412837654348,284.89785308154325,False,208.9686211488532,376.06785974590025,False,255.571983148444,360.3184488405494,False,211.09534976926648,452.9294600072581,False,269.5230859254607,433.3355790954216,False,True,125.81039409947601,178.58488866589894,177.50393120040945
264,264,4.47457627118644,4.47457627118644,Sports2D_HALPE26_postprocessed,187.9473475414816,162.2337470211179,1.0,170.13654075124603,206.2059752091037,1.0,234.14406180687857,193.50539577021584,1.0,171.91731265840278,261.3572950576238,1.0,268.1218357414008,234.7810583848691,1.0,157.94868996549476,296.6398140877569,1.0,258.98697988190094,276.82663402672824,1.0,206.1981407937644,289.92151262564494,1.0,242.93212708486675,284.8703151142768,1.0,208.5205549358049,376.3083259010551,1.0,253.64368628796905,360.7930920671285,1.0,210.98957585404065,454.5528476093791,1.0,264.4501526747518,431.6132157396736,1.0,214.2783097976921,461.9519233034149,1.0,206.68395542146817,465.7419032860487,1.0,213.7626752421997,467.2266949730168,1.0,264.3778000169321,464.86774979846,1.0,274.4855289857238,461.59445115067615,1.0,266.14615605477604,441.5147449938874,1.0,1.0,4.47457627118644,187.9473475414816,162.2337470211179,False,170.13654075124603,206.2059752091037,False,234.14406180687857,193.50539577021584,False,171.91731265840278,261.3572950576238,False,268.1218357414008,234.7810583848691,False,157.94868996549476,296.6398140877569,False,258.98697988190094,276.82663402672824,False,206.1981407937644,289.92151262564494,False,242.93212708486675,284.8703151142768,False,208.5205549358049,376.3083259010551,False,253.64368628796905,360.7930920671285,False,210.98957585404065,454.5528476093791,False,264.4501526747518,431.6132157396736,False,True,128.28144513596604,179.73258327044647,179.35470834310752
265,265,4.491525423728813,4.491525423728813,Sports2D_HALPE26_postprocessed,188.28302930707272,161.5360351214575,1.0,168.32309917870504,206.0812194828806,1.0,234.177120864292,193.2877626433829,1.0,169.92436040829008,261.0257473066668,1.0,268.0471585222856,237.38713998242253,1.0,155.92909980527116,297.3263130247845,1.0,259.22201750894567,278.4295275451443,1.0,204.8524803318384,291.2537721937995,1.0,242.1252024780488,286.5135557967357,1.0,208.26426821957767,376.0266865141791,1.0,252.05654922207944,360.724871405214,1.0,210.4740171700741,455.24995401839294,1.0,259.1786411379167,428.6461476724887,1.0,215.5912456434079,462.7605366071798,1.0,205.71670566331187,465.9528259187904,1.0,213.6243645335145,467.1549342583351,1.0,257.3170149297988,466.588025465994,1.0,268.338177891063,461.1583008725875,1.0,260.15503676605334,437.5815700747134,1.0,1.0,4.491525423728813,188.28302930707272,161.5360351214575,False,168.32309917870504,206.0812194828806,False,234.177120864292,193.2877626433829,False,169.92436040829008,261.0257473066668,False,268.0471585222856,237.38713998242253,False,155.92909980527116,297.3263130247845,False,259.22201750894567,278.4295275451443,False,204.8524803318384,291.2537721937995,False,242.1252024780488,286.5135557967357,False,208.26426821957767,376.0266865141791,False,252.05654922207944,360.724871405214,False,210.4740171700741,455.24995401839294,False,259.1786411379167,428.6461476724887,False,True,130.33908372564832,179.29302462928982,178.36371465685957
266,266,4.508474576271187,4.508474576271187,Sports2D_HALPE26_postprocessed,188.0333212758428,161.73224532385558,1.0,168.02792424232183,205.63335790855743,1.0,234.08303731587856,193.22217894983035,1.0,167.907824167075,259.7961577346184,1.0,267.017801278517,239.0662406173562,1.0,153.92496300839466,298.1008477664884,1.0,259.0174336916985,281.7597468255267,1.0,202.87618881355888,291.72401526601857,1.0,240.7916104459311,287.2600644070124,1.0,207.47118345154183,375.325800678072,1.0,249.95983760343543,360.8844663473916,1.0,210.1561832575728,455.3365805280231,1.0,254.87603138798096,427.5599260464796,1.0,215.06258806424464,463.650391354488,1.0,205.4769551644705,466.61157456908506,1.0,213.793893770142,467.25723866267856,1.0,253.7715724853226,467.0808697471186,1.0,264.7371623081028,461.57043173279743,1.0,254.7558402252583,436.4659615792602,1.0,1.0,4.508474576271187,188.0333212758428,161.73224532385558,False,168.02792424232183,205.63335790855743,False,234.08303731587856,193.22217894983035,False,167.907824167075,259.7961577346184,False,267.017801278517,239.0662406173562,False,153.92496300839466,298.1008477664884,False,259.0174336916985,281.7597468255267,False,202.87618881355888,291.72401526601857,False,240.7916104459311,287.2600644070124,False,207.47118345154183,375.325800678072,False,249.95983760343543,360.8844663473916,False,210.1561832575728,455.3365805280231,False,254.87603138798096,427.5599260464796,False,True,133.69260446441177,178.77603359935895,177.11863740836202
267,267,4.52542372881356,4.52542372881356,Sports2D_HALPE26_postprocessed,188.369541136872,161.50677314045674,1.0,167.37839894470014,205.00477215769604,1.0,233.9000166446771,193.5994640615341,1.0,166.42368333883306,258.97298415647174,1.0,265.93051905593086,240.0940543460248,1.0,152.33753091030707,299.9512452169662,1.0,258.5526933353052,283.60099511449687,1.0,201.9201716927999,291.8078940946133,1.0,238.6005799909072,287.73790383116443,1.0,206.5805132415266,375.3594323882068,1.0,248.39902031554192,360.98584253808144,1.0,209.783703573173,455.1980647833568,1.0,250.23330185888,426.1461659653764,1.0,216.06182940809109,463.8607928705324,1.0,205.5564455389961,466.81365522682233,1.0,213.51770130629777,467.1039467186423,1.0,248.33312508711973,466.70309342398855,1.0,258.40292493780544,461.59511034761454,1.0,248.32192275690952,435.3712221418585,1.0,1.0,4.52542372881356,188.369541136872,161.50677314045674,False,167.37839894470014,205.00477215769604,False,233.9000166446771,193.5994640615341,False,166.42368333883306,258.97298415647174,False,265.93051905593086,240.0940543460248,False,152.33753091030707,299.9512452169662,False,258.5526933353052,283.60099511449687,False,201.9201716927999,291.8078940946133,False,238.6005799909072,287.73790383116443,False,206.5805132415266,375.3594323882068,False,248.39902031554192,360.98584253808144,False,209.783703573173,455.1980647833568,False,250.23330185888,426.1461659653764,False,True,135.81217543196672,179.1049821577845,173.9931936210611
268,268,4.5423728813559325,4.5423728813559325,Sports2D_HALPE26_postprocessed,188.44145769295145,162.14474815323422,1.0,166.9665332075143,204.8762307186825,1.0,233.8251845977866,194.54016486903404,1.0,166.0827250202504,258.4237227021988,1.0,265.40283150649293,240.38991299827973,1.0,151.89748873621556,301.1883237179041,1.0,257.98962538883325,285.41719907513544,1.0,201.94407967361613,292.21604098125044,1.0,237.93201658657736,288.6564326967864,1.0,205.6738715698073,375.2615621039232,1.0,247.1317506976428,360.3295529961836,1.0,209.61498263198536,455.2367942956988,1.0,246.3346969722916,423.8300099633193,1.0,216.74423070949388,464.08643173396,1.0,206.2233495168586,466.8723032039495,1.0,213.11118490461595,467.0782743887751,1.0,245.48193663463223,467.5848470343816,1.0,255.50740550501752,462.4486816378534,1.0,245.45910918759827,434.5386803062543,1.0,1.0,4.5423728813559325,188.44145769295145,162.14474815323422,False,166.9665332075143,204.8762307186825,False,233.8251845977866,194.54016486903404,False,166.0827250202504,258.4237227021988,False,265.40283150649293,240.38991299827973,False,151.89748873621556,301.1883237179041,False,257.98962538883325,285.41719907513544,False,201.94407967361613,292.21604098125044,False,237.93201658657736,288.6564326967864,False,205.6738715698073,375.2615621039232,False,247.1317506976428,360.3295529961836,False,209.61498263198536,455.2367942956988,False,246.3346969722916,423.8300099633193,False,True,136.09483385223794,179.75037059871008,171.96655439135384
