Coordinates
version=1
nRows=269
nColumns=24
inDegrees=yes

Units are S.I. units (second, meters, Newtons, ...)
If the header above contains a line with 'inDegrees', this indicates whether rotational values are in degrees (yes) or radians (no).

endheader
time	right ankle	left ankle	right knee	left knee	right hip	left hip	right shoulder	left shoulder	right elbow	left elbow	right foot	left foot	right shank	left shank	right thigh	left thigh	pelvis	trunk	shoulders	head	right arm	left arm	right forearm	left forearm
0.0	-8.031234024374674	2.8452304499150767	10.311951158796354	33.623812049139325	32.78364271092515	29.720016566550612	41.834195090357305	38.3080315827592	149.4037376264333	108.9788554375753	-2.73682528009456	-18.198177977787907	-84.63683292947715	-111.02330524364754	-74.33483681885511	-77.39866311542357	-5.919148434859206	72.8744415642924	-11.557627219691275	57.28566993836073	-65.28434913355284	-68.85458475960506	84.12392931179649	40.041566595280976
0.01694915254237288	-8.197104245770156	3.051887176076837	10.316441356756236	33.63715781112429	32.78600001684693	29.712993983489138	41.760699250431266	38.59220231751505	149.38439352010485	108.77510415124348	-2.961387508032237	-18.09029186944608	-84.6066426282882	-111.03790256281637	-74.3269187297958	-77.40067245605871	-5.909642428449779	72.86432184359478	-11.61193704520865	57.23809997471185	-65.346915882893	-68.58813603979317	84.08069754025941	39.95549052737713
0.03389830508474576	-8.898227588949895	4.669450693994084	10.336567863386463	33.80676716423319	32.802814133047065	29.667275940255525	40.718527307819905	39.73295469682679	148.93408915589103	104.7532347810977	-3.5820293350462102	-16.68682078410347	-84.47798340668172	-111.14996627093896	-74.27795388248228	-77.41566551124849	-5.893965367409697	72.83457968924648	-13.111681901985166	57.050321131705566	-66.28411736358557	-67.31300743909412	82.52557556405444	37.91756305271671
0.05084745762711865	-8.687069280560399	4.576770654806042	10.27695574082202	32.84645774103259	32.898687657499465	29.388247381268744	39.85681391783884	39.96007712907466	145.34479179190055	106.27527783580535	-3.5825643168132593	-16.633160171766367	-83.97824786836733	-110.79406648963766	-74.31554549199879	-77.87940065983109	-5.866721645979911	72.62929202993068	-12.597242225574853	59.245765249199685	-67.41578433730521	-67.40813139755628	77.5839891768918	38.628230733595515
0.06779661016949153	-8.216904258039929	8.991581163838282	10.022589805479694	31.180518216150894	33.27247831608298	29.234599891251673	39.993772262277204	43.46305203095306	141.51526055771433	96.69651232493148	-4.024862965878119	-10.67067509887474	-83.04352939043021	-109.976665510872	-74.45166525982856	-78.6381279731297	-5.884697555292195	72.19759395979362	-12.496005254262949	61.189246177508316	-68.02769174554886	-64.75701375961083	73.40521532573483	32.61226186180474
0.0847457627118644	-10.708687781953845	9.200362083213795	10.103070077671235	29.15477836482636	34.22358865581651	27.69719111984584	37.637449301548706	42.81217346049094	137.32008694730604	95.2027238111114	-4.159207250923641	-9.901565943559383	-82.89902416227815	-109.19391232688741	-73.4834752097641	-79.93952637140805	-6.4206618616555655	72.288418629925	-13.438340488600087	57.03812170077041	-69.96399038747396	-64.80795873566818	67.14599909852545	30.838108672087184
0.1016949152542373	-11.681138719625963	9.581926085724952	9.76096027054355	26.48651107730544	34.59459792840286	26.4779693321684	36.604508838195024	43.71425839793905	133.59532750301264	86.19736092567713	-4.2214785959725685	-7.580598624819871	-82.13862789047653	-107.86359689349042	-73.18237627235445	-81.28339922417662	-7.553324949810744	72.20131226836553	-14.477617865862824	56.99470964836453	-71.15798498550814	-64.04007180635811	62.334068321647294	22.36475989347773
0.11864406779661017	-12.115453774494036	9.039835353345538	9.598104165011545	23.906344070616353	35.07170139322917	25.497919672345738	34.87917339139334	43.23167297696574	131.48891744095016	86.29356947469088	-4.2454635867034884	-6.667866227224943	-81.55510039128461	-106.17677159619043	-72.61204728904313	-82.2087415204085	-6.864668580128177	72.09166007979789	-15.118551295761893	55.47198413786311	-72.6998703070059	-64.2830986482395	58.5139536877418	22.356020843644988
0.13559322033898305	-12.3011339218201	9.134426321058791	8.738912830244622	22.206005512780443	36.20291099015194	25.574287206446144	34.902861297524346	43.10145192146652	136.44016775583574	85.01649108171821	-4.257983411080087	-3.2394098536570897	-80.80248423981564	-105.10083697123213	-72.36125272072609	-82.95729995441027	-6.6092924659262575	71.64276221158107	-14.790991214037836	58.77678415121823	-73.76494193058899	-64.38590411741167	62.89501240945581	20.819112316117753
0.15254237288135594	-12.672452148356802	8.821528101191959	8.958982054581423	20.11958809793423	36.8079478325849	24.31682725601558	33.772353002453706	42.465674976208994	134.02694231094884	87.87905324631018	-4.272361061072315	-4.988698219905325	-80.19960377250614	-103.7863674942306	-71.31662941704526	-83.76215968571812	-7.249066002602566	71.7096458070199	-17.344116550844507	58.443782214554645	-74.28785487050203	-65.29562687635108	59.729259820927325	22.182654327493424
0.1694915254237288	-13.44716141919022	10.444174095690311	9.005533153154815	17.60728610358465	37.63369495242736	23.200521072872114	33.789993485697615	43.46256774149356	128.37171174979733	87.79431675532534	-4.302892006236208	-2.3310345947030267	-79.60047939230073	-102.77323119912525	-70.52676160032304	-85.05164554766633	-9.26984180840964	71.57501541786499	-18.417168690013874	58.66156450967687	-74.32311748640383	-64.60745685577191	54.185112000957105	19.378923514596362
0.1864406779661017	-14.611039267787728	10.637188029852743	9.39123280880297	17.8518074767303	38.78741486372398	23.625549538405714	30.36387236116557	42.304715119743385	122.58618015302636	87.87158945172646	-4.3837773370273325	-2.2590211372452083	-79.54002971463419	-102.51888430597285	-69.58845123172684	-84.8085613026988	-8.025387640526299	71.33485821053866	-21.33709674471483	57.550547937303854	-77.96600033560587	-65.56622512017442	44.44279168266856	20.978119152710143
0.2033898305084746	-14.81565087921825	11.22563650924237	9.6674681130976	17.31838627792979	39.69932832072966	24.361617946078006	26.257386074212906	40.61079380413116	122.1709061058349	88.62922817920874	-4.464488796328494	-2.5216955063084345	-79.32782940985605	-101.69787728620277	-69.27004003846588	-84.5500375907817	-7.086484385599986	71.10273505364941	-25.58875756869028	56.93836626849876	-82.7278446010559	-68.5462222599617	39.32578787280391	19.525764258722734
0.22033898305084745	-15.032528167217421	9.80796913328534	11.406115239489225	17.222066101738303	41.74005104531615	24.543066899633516	27.964503185908185	36.152191190112596	116.21196112171498	89.55183685244631	-4.658225825042953	-2.1542305927446876	-79.43309838392749	-101.51523770171215	-67.61611072558958	-84.75743820260915	-7.78882788134648	70.8836757359683	-27.247769350445928	55.82841918004846	-81.36751846339422	-73.35091660661617	34.933579362136626	16.11697843744289
0.23728813559322035	-16.046860569193008	9.273037379389994	12.730244510757787	17.153331225411428	42.37056655245897	24.526913518396032	27.316613944665484	36.125420590252766	114.19816251255085	87.60869210043502	-5.368173165915216	-2.390386255558815	-79.4511323361271	-100.98822815931464	-66.52892219543791	-84.7715452971416	-8.85755377345634	71.05489119780897	-35.12881402075208	56.953831347585904	-81.50396214052122	-72.73774271919393	32.97682730672663	14.977950586273359
0.2542372881355932	-16.12812853563512	9.169683291491573	13.044865006376998	16.818441450299456	42.86247615258496	24.337076566335142	22.866460636948208	31.98604966778299	109.79872008622057	86.62080891827141	-5.545183597099701	-3.307705573987841	-79.42862540653935	-101.10338052279295	-66.21492349249138	-84.67436215040232	-8.766290592334684	71.00294818095026	-31.666972391272243	56.931675310371666	-86.11413823094463	-77.02123486963026	23.359222422694824	9.359100829579097
0.2711864406779661	-14.13880645491263	9.751766615719811	14.037736214610321	17.334641740851183	43.82529692434004	25.053232543696936	19.863248658054953	28.833649574574796	111.67828636145984	89.44202486176351	-5.334458580479263	-3.9244551263662086	-79.8831277482736	-100.95442074524362	-65.60201846522368	-83.94160698480998	-8.121158425774409	70.8824597605748	-35.092674557846365	56.78001171879496	-89.32461825624017	-80.37868862792104	22.50037106137605	9.65921902293863
0.288135593220339	-15.291584089402544	7.435958506687023	16.118057272104906	16.044610706108912	45.3878739981846	24.742120468194212	17.855526334527198	25.61258859351566	108.73144016687381	90.74352438991212	-6.124927234349995	-4.284653676441321	-80.49835850075539	-100.75215070668699	-64.14531628714336	-84.57495758090784	-6.83744713159269	70.7870787615993	-44.04120434681553	56.685296531365545	-91.53857558179209	-83.73564585612576	17.35474221304917	9.53243683557889
0.3050847457627119	-13.933373578451294	7.659488468963714	19.073161337482816	15.601988213846006	45.904365935472505	23.90031927800685	15.96935573140704	23.60858142315306	104.56090168227729	91.40425923386034	-5.127989507413938	-3.0634117129266674	-81.57159847703821	-100.76640713667734	-62.75172808743779	-85.0275384555919	-4.517567824848474	71.01215835858324	-50.37996915369753	56.51966180141536	-92.88707878607836	-84.67935390585689	11.743841476399405	6.9877163345322355
0.3220338983050847	-9.438634845572066	9.706679990322067	21.809614970204436	16.85573056729087	46.59635560894386	24.451375104197187	12.17027084835275	18.976789041120767	103.58866561404031	92.84852691321393	-3.3238921208947794	-0.8299587565681286	-83.68993314193969	-101.07338703913953	-62.42345160246001	-84.42958331763998	-6.052213116802726	71.04019798901358	-44.72404574164312	56.852831283890374	-96.77141038735826	-84.45478255148599	6.279373625852571	2.29829185838938
0.3389830508474576	-3.8584904294251534	11.08906745641385	22.643656265227307	15.916558760278537	46.45875515235732	24.160975095656614	12.35584796306767	26.04390920512831	107.19167967731309	82.11980925554437	0.2516105927862359	-0.10684187642960952	-84.97284898000377	-100.93844420459016	-62.61357063141269	-84.82079687585326	-4.113384659209098	71.05808401647724	-50.1408040708589	61.11508832018154	-96.6425641561114	-82.26338076905787	10.928362268667804	-0.8089422952887053
0.3559322033898305	-3.684327620226861	11.72159446890252	25.455408147964935	15.405561095073773	47.08840179042199	23.06758151680764	10.808457253686491	22.14044792335041	103.3635590816314	84.6374510089788	-0.5946277867304248	0.45950473633036637	-86.74344484679312	-101.1850971252742	-62.466055658039764	-85.65771107285317	-5.14622961774136	71.18384581661502	-80.61428845778278	60.67206790042015	-97.86328218098652	-86.4606051385445	5.458446243367584	-1.5091812151553405
0.3728813559322034	-3.208723661753415	11.87062064827914	25.819439523636632	15.655319334436513	46.454936019335044	23.257092639035985	9.776284033408391	23.789110850307672	103.00410628285238	77.5997779670841	-0.9299789486713925	1.0273494266974381	-87.81156165756252	-101.27297738426239	-62.39329703533823	-85.57863263593825	-5.133125258110702	71.2107394305777	-82.7589719382113	61.765460689267385	-99.10766482986328	-85.07466989185392	3.8539525339501455	-7.557001249868126
0.3898305084745763	-3.2011918350627075	11.765385401883135	27.299609030360095	13.855833790901894	46.10895772780235	21.712146209893728	7.882451587247351	20.931865876368956	103.96608618098284	78.3919941626331	-1.6911665999318246	1.485214310476597	-89.43037473788686	-101.25633655358843	-62.22578366070213	-86.81848809879457	-5.646873413221478	71.42065013389265	-129.5660889866302	62.75426490073624	-100.51498333564025	-87.61196776298907	3.5318587439930407	-8.901612233502812
0.4067796610169492	-1.516991920445229	12.445011652714086	28.03601271542242	11.525426815720776	46.35808744255717	18.143091352806465	7.764031024448533	11.328775654263145	101.89091149779827	83.1215225460134	-0.7687848485447422	1.7300715484169233	-89.83462290634154	-101.28678690958054	-61.64396843139376	-89.76511625712888	-6.207839136635409	71.81318929319204	-172.01373968168784	62.871079647427685	-100.22406106530033	-96.18907989369913	1.7323782600309463	-12.783727994625778
0.423728813559322	-2.0683555166357426	13.274363943561948	28.578682733740525	12.647024080493237	46.04007958138014	19.291241712984533	6.117196320234872	14.47828713841497	101.250519607385	79.92218075365223	-0.6225136770605773	2.0026373077731714	-90.17471041623702	-101.24138497724519	-61.8637064969384	-88.66484500472919	-15.741462281325736	72.0578099385811	-164.1392857568795	62.6608735021265	-101.77731949530667	-93.43343981810743	-0.790071444992984	-13.57154560161937
0.4406779661016949	-1.5879295001737566	13.46566431760893	27.941213338179395	11.273564272861709	45.483038285602944	16.994451121927113	5.552258471296379	13.153340018328281	102.08170889593893	75.06405860894067	-0.57684648231466	2.0655917204890546	-89.81383773349219	-101.23830165155917	-62.04341436545409	-90.41346511996363	14.760995767298173	72.42120760144763	-173.60443342989396	63.52161901573172	-101.88626710096794	-94.26203792180254	-1.5261266464900443	-19.393429883314614
0.4576271186440678	-0.8080872803403597	13.0853211971118	27.964432278887145	11.000943994652527	45.87903912687198	17.355028367726625	2.7959693953007116	12.852277437830594	102.57468204640799	73.91907840555842	-0.5385746943440362	2.07525987465318	-89.68268376556966	-101.23073615845053	-61.87530041549744	-90.34314846982642	26.240753855641476	72.38934851081554	-174.0275756883381	64.66221254982143	-104.73535158628454	-94.89621721691226	-2.3511840674533406	-20.651762158118057
0.4745762711864407	-1.0565408983177802	12.920221662245597	26.342148342557962	10.328659939742483	44.80112697761993	15.77291892642821	3.3979612941035384	8.289036508810415	98.1283317309405	75.48242347863648	-0.4354511355942794	2.076809065673698	-89.38147489927351	-101.24752987462136	-62.84246322964167	-91.43166036054733	21.02259865539867	72.62902781971871	-178.60164824843557	65.65606187469191	-103.34460994478985	-98.3360174255798	-5.184162971085193	-23.177632707066167
0.4915254237288136	-1.1748664820694388	13.346638608699113	26.27407080866736	9.706667947056351	44.6076217241383	15.095985171353608	2.575094280280956	10.16812768667924	97.97788885516162	62.76118728170443	-0.35993435684345454	2.0769783093134446	-89.24291963125793	-101.26780987127783	-62.86411592593736	-92.04240303683167	15.007295136870608	72.78590267638393	-177.14764657471227	65.29027148017805	-104.6155372397488	-97.00078194931157	-6.4836239045157935	-34.083820012624294
0.5084745762711864	-1.1939319162676538	13.083795039279448	25.79217491444598	9.376489268592536	44.3171953373439	15.073912994984346	0.6648085090328939	9.33280042441845	97.56094179549257	54.3161496260616	0.08085138873926478	2.076621276064966	-88.98373176228338	-101.31528662308558	-63.07242799187811	-92.0825281149441	9.216512846327394	72.83800813835012	-177.38691742447577	65.38960574853913	-106.6374979233386	-97.91261766282466	-8.771548591030898	-43.91889117422415
0.5254237288135594	0.9243744891448413	13.401109037740001	25.818809629597546	9.958967884525421	43.720800024554855	14.8965099294368	-0.7405240011132279	9.148443758030686	97.7366660906356	55.70662011805378	1.5908188146609037	2.0749800900533595	-89.29302799262273	-101.48558567930368	-63.31512898090875	-91.81190962200517	4.971525539801025	73.12437355601494	-177.75697799831661	66.45395182684037	-107.66850124890351	-97.89914114005762	-7.426553635359205	-42.47825653973992
0.5423728813559322	1.0137448972706586	13.138955628410567	25.69547888258431	9.06598329770874	42.32108904497852	11.586156604466279	-1.6476582756229443	8.133057042998056	97.46852453342775	56.946737241671805	1.6830156068680067	2.067876119006299	-89.40399883169427	-101.41310075764707	-63.562854704089126	-92.81007672828841	-3.9451630226862204	73.85222005301604	-179.8079511393477	68.02109017923559	-107.6201087574366	-98.17740813396352	-9.806765103661734	-44.65547431835906
0.559322033898305	0.9585517857371848	13.589689935810188	25.812500267119578	8.863346480948648	42.56319294303195	13.111284844623647	-1.9017840374253046	7.549855647175637	97.6226414844706	50.79065837052168	1.7038517949975098	2.0352685615051214	-89.57778135600309	-101.47611398184938	-63.75362351911688	-93.08239620685322	-5.979918575573256	73.60311620778737	-181.03798100536858	66.92888113650308	-108.63693977464449	-98.97602293932002	-10.61489239536929	-48.37667884710819
0.576271186440678	1.0539008826537877	13.708950217310745	26.470903004849532	8.572195114898268	42.77505733541473	12.584544479356234	-3.664779186341798	7.8439005818003	99.10517879475029	49.968751327198	1.704580646161834	1.9757099275174972	-90.09902802046568	-101.81189998918993	-63.93168329704397	-93.67753427534825	-5.487068660040279	73.69899077898293	-180.96389406738496	68.27698360297715	-109.8918369806268	-98.4683144251373	-10.588731552999972	-48.80550849095593
0.5932203389830508	1.6040096504986865	12.169937108526996	26.069972510254185	7.679304536637456	42.237773265971555	12.319933749899395	-3.821437278414867	6.373037559917724	98.06981705516655	51.28564174470462	1.7037123320058558	1.591218876099197	-90.49564520475343	-101.66389021298085	-64.1907996956189	-94.21050060528731	-4.65837720643562	73.57311827423389	-180.7429454369676	70.45819356521622	-109.95543658326812	-100.08935982784762	-12.19075783625066	-49.29493030601246
0.6101694915254238	2.3397691572958856	12.319853547029272	26.444968958131998	8.250340446541587	41.070138735159304	12.028409971628962	-4.278131630043384	5.2330224275949675	93.8891681440132	51.09659382154088	1.7081816438438067	0.11517175189835593	-91.12813169707297	-101.71960335798676	-64.4260248388674	-94.29333076307019	-3.8464544991029483	73.75498811222029	-180.23050682339652	70.68667054715561	-109.77956620685782	-100.38377813254345	-15.992115505489666	-53.41120339419936
0.6271186440677966	2.213217514024193	12.393107841127701	27.10509590397516	8.347004166278115	41.7523040048291	11.883962751855837	-4.1275745620178235	3.633845576668298	93.79222664974024	52.0403124242124	1.725852556941022	-0.863624335529428	-91.35811280024933	-102.29907124911065	-64.29097034629392	-94.33614500408922	-4.032838294368791	73.81406960563795	-182.4477092008034	71.33753200878434	-109.83775287639119	-102.53135347239957	-16.353499005446462	-50.5798975196184
0.6440677966101694	2.4901455588063044	12.762827884990056	27.39961630617219	8.259629518737965	41.73387933712951	11.856786535486826	-4.134546731591039	3.2296696005352636	92.56193618071677	51.24687237183525	1.7470593249952282	-1.4221026093202878	-91.53016114384923	-102.56908009161182	-64.4553661518422	-94.4498304317879	-3.6443713268211986	73.83139084434386	-182.44356626533366	71.53680314889064	-109.68510028460243	-102.67731138049089	-16.963713331652162	-51.78088388354648
0.6610169491525424	2.37974046779925	12.71392990621584	26.931696362235964	7.837741007193413	40.93008624902484	11.273612109777694	-4.204240353455541	2.571385584669664	93.09033966215263	52.95343706520561	1.7692345046987388	-1.6085270275701662	-90.9980036752211	-102.66364574380097	-65.04356693549629	-94.8525019437277	-3.4692361278339194	74.08494786779147	-182.4377505204224	71.35149115079312	-109.91500243096718	-102.62541646375209	-16.968169363477934	-51.05143699510723
0.6779661016949152	1.7293571378836026	12.513529563178428	25.907085349823852	7.440654871354548	38.80655728423297	8.789397286806931	-4.435279719726681	3.6877704866659724	89.9873919898382	44.92567900432522	1.791445665848934	-1.7739410081251328	-90.78674962217895	-102.69788271022637	-66.15337568832597	-96.10590921878799	-3.4733125713607005	74.80555440913801	-182.51318860150639	71.26733882000924	-109.79053879227348	-101.62734402961074	-19.288923686683024	-57.1393940173498
0.6949152542372882	1.4987481030596408	12.322133718529429	24.567160450780154	7.103126843465921	38.90709646961907	9.752086864993016	-5.16602024919152	2.020017476674071	89.51931737645874	46.398732504887484	1.812839662203697	-1.7127951102809957	-90.61583914385062	-102.7127592649833	-66.44254052069384	-95.70275565474	-4.0879623087713615	74.69649383668558	-182.60269189430556	71.16532685454581	-110.45982792345873	-103.85086223741521	-21.278867555994832	-56.71265722888553
0.711864406779661	1.5279154133794624	11.960912156564444	23.332783810130437	6.361479677647628	38.38383870395547	9.289555813471617	-4.936820212919328	0.7478864030743696	87.95353418200048	47.16509516830506	1.8315110872449825	-1.066576350497184	-90.48268964271483	-102.72296313106887	-66.9515240516326	-96.04675846833989	-3.95416274812576	74.80023518493022	-183.0891747596695	70.90734993839295	-110.10643391508268	-104.57136938571283	-22.226649022338272	-57.48802527060461
0.7288135593220338	1.4574939936712075	11.671309185958396	22.57606266933459	5.850496717698087	36.663077660194354	8.108038620601198	-5.034299917143436	0.9900470027607405	87.21881438488916	47.32524004724699	1.8419265322611666	-0.9441436644892527	-90.61660855010588	-102.73609283934758	-68.057730564082	-96.4649583000886	-3.8137807900404677	75.26401235532198	-182.08648482740142	71.2222960464085	-109.93141207828168	-103.80062312997416	-22.383520085459935	-56.459517210031585
0.7457627118644068	1.4965066089561245	11.673890777969559	22.47238393532176	6.6502640897235565	36.46351600855519	8.744634902774516	-5.562601512933821	1.0368606403180765	87.31946959153467	47.85463976745845	1.8268492326665062	-0.8690853415549284	-90.66713390345348	-102.76015111352596	-68.26914617141749	-96.10736242852025	-3.7922559997551963	75.48027049116686	-181.9208752919983	70.91640767387983	-110.121430770172	-103.74788862001031	-22.80657396496692	-56.15262907620133
0.7627118644067796	1.3997252975315653	11.342165768099045	22.811259302429242	6.774594749532746	37.28793143885199	9.078895821421058	-5.486765915457731	1.7199052464655638	86.45976042186568	41.85989907139718	1.8064654697059832	-0.7906610443923037	-90.69123131906628	-102.80867800903209	-68.30017787089619	-96.01651866940108	-3.799572642579195	75.17018011902097	-182.0953204164512	71.05660408756658	-110.42423869863043	-103.18007196318659	-24.19981515164298	-61.33048063246037
0.7796610169491526	1.36978760873294	11.595813300335575	22.5196693105691	6.849199597873664	36.342044648621375	8.621590280329524	-5.287314104629294	1.0206082682197444	85.88615263094552	42.03133914728016	1.8286248661718933	-0.6684413332392158	-90.70262140081368	-102.90520005818122	-68.39595978116347	-96.06529248697468	-3.8228731299040155	75.43532984174459	-182.048942117313	71.12047340758187	-109.80694385501829	-103.34589809338634	-24.17019934720882	-61.41308198582045
0.7966101694915254	1.3474395286949452	11.727615175012726	22.398402512246868	6.889791168243138	35.72569392346999	7.819760302469666	-5.529363135196823	0.936969786806559	85.75071210470645	42.012246134610734	1.8605171355287977	-0.36401144712005506	-90.7034271584463	-103.0763735640095	-68.59544919411651	-96.40469363559824	-3.711413886104166	75.7880724781796	-181.99375097689446	70.842049287453	-109.7076714334305	-103.02436117061288	-24.541984050975696	-61.16289250187793
0.8135593220338984	1.3239593454925656	11.456093945137265	22.273191393852603	6.898309483557283	35.29690588172002	7.682011510352545	-5.542303202406852	0.6182862981032377	84.92943751940378	42.95216884466531	1.8663576567529874	0.6731743450762059	-90.70437089308089	-103.04039287494103	-68.90040801528565	-96.5086748359627	-3.7751274869268188	75.95665571556522	-181.7539456361128	70.80818355378895	-109.68617947462289	-103.29682546678896	-24.639790760464958	-60.636990220185645
0.8305084745762712	1.2735015249677675	11.285980634729171	22.087943974835913	6.90265109638162	35.722288429018874	7.6203084347862555	-5.484709740440392	0.6559700272771654	84.8846099259495	42.39171559366544	1.8485649683291767	-1.3585465103396968	-90.70593335025015	-103.21560428719772	-68.69864592563665	-96.60574054871428	-3.824169008523232	75.83779779362688	-181.30927256282553	71.10789412085308	-109.6807782122369	-103.35880589486638	-24.712537192018075	-60.96044451337281
0.847457627118644	1.1385626787403278	11.196095711743432	21.81817764503451	6.908981357799892	35.257951492879485	7.569691045094567	-5.5683396049916745	0.7201303202476899	84.91738131904638	41.3492891143421	1.7668267983450292	-2.1050802984217802	-90.70888407527767	-103.19301477955128	-68.95273427526696	-96.60459522918785	-4.024253438664514	75.86751202938669	-180.80171068471105	71.43020989284442	-109.67950954079598	-102.9276962574607	-24.598153300267906	-61.839969077001605
0.864406779661017	0.7838791522276755	11.103067858480241	21.545511520576646	6.807262659887373	35.08582928716403	7.507287607399078	-5.664407785735214	0.8392973091981425	84.99188150049191	43.606071304102855	1.4225145198244644	-2.2371092965164308	-90.71474474206877	-103.06621685605545	-69.14425707221069	-96.64494663762174	-4.221420201413581	75.91539382568293	-180.71884427773972	72.51554237258794	-109.67959218423786	-103.06225430332492	-24.405450228049215	-59.578790700822815
0.8813559322033898	0.3483483803855234	10.926851564751223	21.52478559826994	6.517789949432296	35.31718653994315	7.492018257245446	-5.723960063210443	1.0751701288550144	85.15883295943058	43.81174442074301	0.040665523284065475	-2.2561238575670304	-90.71846036988208	-103.00102398020205	-69.10180884700047	-96.65676501782102	-4.155049524832785	75.88420500948504	-180.69183573391047	72.52050001232914	-109.68046733578339	-102.75623946407794	-24.1450591843226	-59.54165770257555
0.8983050847457628	0.22530353238856216	10.875118695452155	22.14050379420263	6.42546471981585	35.38588887276609	7.480553543861178	-5.627877176631069	1.563518632404978	85.33234037947491	41.28873942484793	-0.45720667298228057	-2.2523250133256396	-90.72216364511762	-103.02007201692513	-68.79771386357861	-96.66184505569808	-4.134907990367569	75.89422081513416	-180.95780275132822	72.73233762585728	-109.68234351524603	-102.4066344173662	-24.122281188723658	-60.57160327546202
0.9152542372881356	0.17066503023599974	10.93603495482406	22.061993955648433	6.390885492389245	35.25970977924217	7.444195877888294	-5.688690058236051	1.6880407789148337	85.35312986803002	40.38431421704357	-0.5585488314999332	-2.2379833779986207	-90.72807937398116	-103.03455976518244	-68.75822223643618	-96.66811576433109	-4.13067115388214	75.96427291181365	-181.38428314437	72.59028781612236	-109.68603663195034	-102.27546937463856	-23.895737315265865	-61.77070809363416
0.9322033898305084	0.14318914261506904	11.159199171856663	21.942396358693834	6.364716626762025	34.86062553716904	7.286094622185355	-5.9524826384978375	1.8670431160672085	84.56890525533046	38.31340243358652	-0.5783503471809179	-2.2164868270697955	-90.73091092228273	-103.04849298244578	-68.80966634963306	-96.68477715191943	-4.135744329836646	76.19958349221048	-180.8220432278386	72.49294563650335	-109.69340391816263	-102.12927455696362	-23.933763433803303	-63.21948932088987
0.9491525423728814	0.12513076530905248	11.633317185700037	21.623562617100674	6.3108135955812426	34.24344748379033	6.912276743396982	-6.055691094064611	1.3973469160883267	85.12665822620684	41.91468834637615	-0.5772025666797631	-2.1800993058027083	-90.73185041671769	-103.06711705638415	-68.97324087836034	-96.73812104944086	-4.153440298002575	76.72472808017073	-180.63666937216465	72.3366690534014	-109.48132042398416	-102.17573523208884	-23.744714281569404	-59.64022834551884
0.9661016949152542	0.12848470966748105	11.770852328322189	21.731521497785607	6.150852298768846	34.41030039260369	6.654191189254989	-5.895198757676797	1.5588733615742285	84.2950175808048	40.65100075192406	-0.5782279103604293	-2.1417902904839665	-90.73100131686498	-103.09898695825464	-68.94135538405585	-96.9164493917776	-4.199774976455995	76.64077614203795	-180.7025443043019	72.32663627823683	-109.46366521939336	-102.26728748360348	-24.845170856679275	-60.85751539117747
0.9830508474576272	0.12764533075784695	11.697519364925304	21.950129956816625	5.672029644704314	34.435641267872384	5.880211854524469	-6.5446091240784305	1.2393452199059118	83.4735190871083	42.62340204843218	-0.5809154280289903	-2.140552223758498	-90.72711056022564	-103.15919891120006	-68.79851516909704	-97.49006085854076	-3.905285449970292	76.72874880473702	-180.71356964331628	72.12794763282278	-109.6059791197799	-102.52870172467894	-26.175634814232392	-59.003546714453385
1.0	0.1162513608188078	11.461403910065846	21.78966236424414	5.529183310842854	34.24352781369531	5.043556179804169	-6.764755592964458	0.8082935347119946	82.97829815405416	43.01732956252201	-0.5859196432875464	-2.1664736863433776	-90.72679390373048	-103.31966696395531	-68.97227861942802	-98.0305304505498	-3.7012364625104825	76.9250793792421	-180.70995401979394	71.99654855752871	-109.58155673098753	-102.43150793191495	-26.42844513054025	-59.02488599884217
1.0169491525423728	0.10617464713022874	11.32904709171542	21.787048958913562	5.390771573984625	34.42620799296153	4.8817729478743805	-7.15417670527307	0.7135678047489684	83.33785469285205	40.10857564007273	-0.5948650618738858	-2.162483804477738	-90.75314715654436	-103.35289038048853	-69.09765804425999	-98.25317962049057	-3.5563375508219344	76.89119332153572	-180.6830308918795	71.86416071296699	-109.7070408360591	-102.4092443494144	-26.524308663548045	-61.73110634509445
1.0338983050847457	0.08635199823135914	11.229173042039413	21.969052309891616	5.209623758505529	34.487041892305776	4.78678170376159	-6.776448285670945	0.6388925207229457	83.15451071444897	41.96501000825054	-0.5981269964418514	-2.194899391905014	-90.82158131819679	-103.44751196858147	-68.87168268613677	-98.32181684376562	-3.4863404128188713	76.88856311608518	-181.03160524070577	72.01239421322731	-109.75927168677588	-102.44819501476555	-26.775819945305084	-60.23169496640724
1.0508474576271187	0.038447953851256655	11.025280496262372	22.406015055293302	5.0135521257503495	34.589364069816355	4.584034233292906	-6.623303030552757	0.6189309544158077	83.26934687163498	42.409319453788804	-0.5993793152353324	-2.210074273752189	-91.01025317510324	-103.47686991902276	-68.66813855710166	-98.41514387425622	-3.4547972761304524	76.91160404236658	-182.28348282095016	72.08722654539453	-109.60546052715162	-102.45799965800433	-26.275937986649335	-59.976458267118254
1.0677966101694916	-0.08770680995941582	11.965470835617694	22.51015322843577	4.926457052600257	34.5783141601539	4.641535899195992	-6.852603453017491	0.6129805015763273	84.62581550442773	44.03830877735291	-0.5998825538607104	-2.219109377900464	-90.89652358204067	-103.41581381556493	-68.55022868001646	-98.26974280866145	-3.5091023999255415	76.98558950162415	-183.41944248100043	71.85323864650897	-109.60510574963328	-102.42536458365271	-25.409411752464106	-57.927028548987046
1.0847457627118644	-0.47165187344823983	12.01892143320529	22.585758974099136	4.712667977725176	34.471338015887554	4.506037093208627	-7.022549708296027	0.5717564621542037	85.23568905872801	40.12515502299637	-0.6000936088546096	-2.2273523799145227	-90.86772859587609	-103.30314197120772	-68.71578905171614	-98.23771491093754	-3.5783677348377654	77.05942112291183	-183.56909880307586	71.40929544677402	-109.57171195104365	-102.4626230994498	-24.75324623036094	-60.72834934454241
1.1016949152542372	-0.0824105651034572	11.876914001414926	22.719895321772594	4.443151424282948	34.36411185268014	4.505938234426163	-6.715468599629428	0.5294558160920195	84.80704832113885	48.466980406891935	-0.6001860111048385	-2.2386185530121914	-91.0737561423448	-103.2029637830739	-68.62263473768978	-98.23269197612547	-3.706548113886353	77.2127911184042	-183.62156820147493	71.97750275616897	-109.30898525279909	-102.48254150873909	-24.56544848989282	-55.192607347727645
1.11864406779661	0.11794295317007142	12.24652971304997	22.65174734351497	4.594661455720965	34.474143734053655	4.6007797845533345	-6.711875788538807	0.4633915978932014	84.54172251628005	48.42736418476574	-0.6002286889778925	-2.2265730526067817	-91.03171631426197	-103.0676482384421	-68.48839973413936	-98.23829357484219	-3.7632872060976417	77.18379629927759	-183.6752253779288	72.54759804134811	-109.41722747644403	-102.48214457731183	-24.519752090280633	-54.55909542995711
1.1355932203389831	0.5145428306832517	11.531164648386929	23.18159571516318	4.516196569975053	34.551889165245626	4.322552052870033	-6.730207049911714	0.3968096589615167	84.17431721843519	48.78980146680093	-0.6002505534300158	-2.2029360069710537	-91.2029378650679	-102.98706086999366	-68.16067697164122	-98.30038434551906	-3.7451776854636987	77.35691897209624	-183.69982598385462	72.59166987132113	-109.45234403289959	-102.44090848700637	-24.66382532364185	-53.45127546459087
1.152542372881356	0.6817678638221389	11.401672826671266	23.284472913048376	4.259984423331019	34.55593724179349	4.195246297943983	-6.9229443017019925	0.6502146144032124	84.50917236545322	47.57442849985779	-0.60026517470123	-2.1709056880914397	-91.2968337173784	-102.96437640272786	-68.09116151400355	-98.39694838046836	-3.714916529490574	77.37658134290028	-183.72705274169414	72.6071547873373	-109.38938998209383	-102.27896614151067	-24.345528586777903	-54.55869870992594
1.1694915254237288	0.7538470316831272	11.395666147645294	23.436347597952654	4.184294402870538	34.59899185609782	4.043565627736396	-7.011849043659771	0.8446724546690737	84.55303264778587	46.75840469840783	-0.600281407747882	-2.1723797273106005	-91.35048462725442	-103.01328952210801	-67.98031842721687	-98.61283801650832	-3.648807699271049	77.39980681427745	-183.77271738210118	72.61414183403227	-109.47069080930791	-101.74357694117484	-24.709102778450458	-54.93093363948557
1.1864406779661016	0.7791542409994311	11.720334670366753	23.37748334934651	4.564749978596433	34.56123516094071	4.223852581582365	-7.059022359363838	0.9294303622779422	84.73184033208776	46.300850672254086	-0.6003101868422238	-2.1120833959116125	-91.3730821807133	-103.21433436366166	-68.01805365512593	-98.4713868870931	-3.6398160077321093	77.45484381307094	-183.86123237191802	72.61889957866332	-109.50360636270314	-101.512902173806	-24.771209162231273	-55.68902230496457
1.2033898305084745	0.7836189030853571	11.77586654751999	23.459521205594402	4.121814959040458	34.60470131240693	4.21172258094384	-7.053309863462575	0.977273326885775	84.89798618891223	47.75056561356425	-0.600373915461653	-2.0375338519972095	-91.3746658422291	-103.39624022167607	-67.96965667514831	-98.65084991438091	-3.5713895876055015	77.47331404170512	-184.06386502400034	72.51361318601975	-109.41170353290129	-101.44135970970018	-24.7689054505431	-54.94250758134349
1.2203389830508475	0.8296732167656858	11.633299494978894	23.46818876613868	3.4560612457261826	34.47571688795839	4.217861042072943	-7.049332854238116	1.2353282931980478	85.04485161819173	47.635943469212556	-0.6005284092619452	-1.8816892516629222	-91.40891900713876	-103.52035007597408	-68.08348179204293	-98.65917931997522	-3.541630704387886	77.47118190218217	-183.2125814785924	72.36692405078378	-109.50586671873278	-100.7522245739341	-24.612982524285368	-57.09604394715293
1.2372881355932204	0.9341768348682917	11.491148019018109	23.337768425694392	4.242567353719903	34.31264182029948	4.24641652946203	-7.044959704796451	0.4756632141339164	84.71861715075715	49.58558236018283	-0.6009235897090481	-1.419760741787265	-91.49112562244018	-103.53639957609755	-68.27013068036304	-98.4594989985568	-3.5641505029120704	77.43856362115957	-183.57695251784625	72.04301785856191	-109.57668498681653	-101.34675865093533	-24.7646637553596	-55.36188808720779
1.2542372881355932	1.3022889038975178	11.40842626330837	24.45929119791531	4.790861866635412	34.90712910033969	4.101529339126891	-7.038431654607873	-0.017368435496981194	84.17687645661302	51.61141480913623	-0.6019825357848116	-1.7422117860526716	-91.80870523274541	-103.53518740982113	-67.5915074290521	-98.44586846797684	-3.4973780450751284	77.47147597120409	-183.93105370690463	71.94316671781834	-109.620664108695	-102.67021649700533	-25.09766951171451	-51.41695462039976
1.271186440677966	1.5361842746387402	11.354120333955525	24.105086412093	4.699557513367728	35.0331791325075	3.766299520657456	-7.244162236941799	0.5712281826641664	84.32584594335059	46.69668307075314	-0.6049546170816762	-1.9638292834961146	-91.93708982791972	-103.50987021937593	-67.87480503606405	-98.64554713547818	-3.4245538144479695	77.49485983066062	-183.15014455343118	72.4582634062481	-109.64531782599836	-102.3835351898315	-25.263923304546022	-52.89110336572424
1.2881355932203389	1.865613785316217	11.311597940550115	23.702367210201864	4.72516959280793	35.30386184984787	3.6092427204273294	-7.642244246427213	1.1770441827989293	84.16969180767272	41.99077959643655	-0.6136970361300482	-2.1340249369523487	-91.92040479991091	-103.5742156810002	-68.19568650227154	-98.74360718293754	-3.2951330249909687	77.53863182593422	-182.9802160576658	72.78823394837936	-109.65632321097387	-102.12083815670768	-25.334374473102585	-56.91989040087007
1.305084745762712	2.5352673085990016	11.291150132226413	25.404161656534818	4.751211162430743	35.513766715751	3.4606638170399964	-7.512967787640529	1.1150465534811973	84.19340826401046	44.58540142546348	-0.6175968222258779	-2.218356772798862	-92.49364356448947	-103.5681860979939	-67.25324100390691	-98.79104083441733	-3.22798351007097	77.69476567351288	-183.50924423586272	72.90929788514295	-109.64891589413321	-101.17958195971323	-25.362734489381303	-55.88165195993713
1.3220338983050848	2.328325874567411	11.281112799500882	26.150200849876867	5.109801230943344	35.87545494899864	3.548381435627542	-7.291267115212062	0.6595866675250626	84.1077661676426	50.27646959421742	-0.6158623145599764	-2.257247327481947	-92.68094128528966	-103.56489847935549	-66.58187888171119	-98.59304694538118	-3.192495904138785	77.6177299392687	-184.2302969199111	72.94457262455016	-109.5727050477553	-101.70270663707873	-25.37083511907333	-51.63416354804469
1.3389830508474576	2.25623985228059	11.275950446593116	26.586882912215	4.909578375962118	36.05125666871716	3.1611435422801195	-7.275631531306674	0.27178908567106375	84.18945722440621	49.696895755370335	-0.6267814099684359	-2.275275158533881	-92.75013330988492	-103.56245748763145	-66.08646102074026	-98.72665376756036	-3.1662413251852066	77.67204404721484	-183.9099199099331	72.9421820413933	-109.61387380158813	-101.84305139619725	-25.34519591914416	-51.35113879900993
1.3559322033898304	2.306639646183962	11.273065100519336	26.726542124439923	4.739028996601402	35.75834587728665	2.850440191108663	-7.235052910059969	0.22111125805842516	84.22656242341023	43.297662056000306	-0.6496459082380825	-2.2849220457331474	-92.8210266140902	-103.55855181287974	-65.71537008368853	-98.91704661196391	-3.1257009022439255	77.9152008303873	-183.7814766354336	72.9089996651331	-109.66018134467464	-100.09912747753054	-25.081777362514217	-55.49156575609264
1.3728813559322033	2.4753324105775567	11.271175072408404	28.236622818404065	4.317133580692055	36.35454563387709	2.231973501445659	-7.213814238554938	0.14567097480314609	84.22992446201799	45.17053761842619	-0.7260438426805882	-2.2954058270384614	-93.23224903733056	-103.54636497394772	-64.63848289894564	-99.3796555547224	-3.020331269064574	78.2250543483042	-183.69677629253985	72.82225046311132	-109.19990787900993	-100.70567730275457	-24.695735021379054	-55.09757518802972
1.3898305084745763	2.3505273991007325	11.269570837789422	29.241946291912463	4.010064889322042	37.18887567493657	2.1374228253273504	-7.216440380262737	-0.08349478108534908	83.96861248608666	46.24647767149471	-1.0194505752326368	-2.3287056983334797	-93.37029056030816	-103.49785106631134	-64.25864219576	-99.51422627674971	-2.9720068771948696	78.33146713898755	-183.64612054724242	73.0006863396243	-108.9373320824474	-101.19512278614258	-24.840048170150848	-54.765606940659104
1.4067796610169492	1.82755479248906	11.340668078226471	29.6976560815136	4.2332638849686255	37.575829992172295	2.4911684493933413	-7.2857469415397595	-1.0186878197825089	83.21141340381348	51.60788127008101	-2.0997938530645417	-2.3311049038040434	-93.49637571155124	-103.48961293536513	-64.09288490977488	-99.26365340292594	-2.9502538656246418	78.33843070681712	-183.60690881665772	73.19169779793026	-108.85017498962168	-102.7624585458984	-25.705225699411052	-51.406160772136225
1.423728813559322	1.0834480157202853	11.475903966806008	30.701261751206175	3.9055274929488832	36.89330433734867	1.9138840250749483	-8.155923031926461	-0.16833768829133142	85.5887119246537	45.589050211868795	-3.1683145588773787	-2.257277467950072	-93.92669741625105	-103.36433557042221	-63.94908198628317	-99.56854302660454	-2.9404040330978094	79.19998841388987	-183.57838556794866	72.9625602186808	-109.00715289127659	-100.69143091041283	-25.098045833479873	-54.4583592933263
1.4406779661016949	1.7780051717663534	11.773233048161263	31.919996861839607	3.257636689903932	37.96302929151715	0.9843950439568816	-8.359493551882046	0.24506949469296785	85.54609886137625	46.56790692722048	-3.1568107290230203	-2.109637109586131	-94.65237317175017	-103.38296450217352	-62.96205588093806	-100.1804799779564	-2.9360303719577496	78.97580244060919	-183.55113977672605	73.15115024208157	-109.18784659475936	-100.4988209578594	-24.30395121571874	-53.933269061745776
1.4576271186440677	1.0646857548102686	12.79604849307336	32.387736124427335	3.743111198299173	38.765020633130625	1.4352234036713245	-8.000328822705205	-0.24206381395589036	84.45119511168087	50.60287079337699	-4.051673077809539	-1.2998190747552236	-94.80378361770448	-103.43541851528191	-62.52224349792163	-99.88895920736057	-2.934740385226197	78.75179166054957	-183.4930303003028	73.46603574941595	-109.14616879184487	-101.32257859071728	-24.82590279345903	-51.47532158269098
1.4745762711864407	0.7208570764235723	12.897247665654604	32.65483165955817	2.9259641654423163	38.825787008031135	0.3020184205710869	-7.998204717899907	-0.9246008868754453	84.69439786286446	50.09049817589662	-4.192388110213596	-0.9190092547045912	-94.81681834075671	-103.4598280142337	-62.267606084256734	-100.75832666583638	-2.937306327819872	78.92728403206739	-183.41837309148656	73.83265606392416	-109.08364954361727	-101.92199915262248	-24.517886203775124	-52.12846788527079
1.4915254237288136	1.1653201705751222	13.211691033604259	32.833200130865784	2.7395678859664625	38.10345915938577	0.05291454858555157	-7.994052255610156	-0.5930332381961336	85.7001810340164	49.04297638040541	-3.6759328372576845	-0.8084419558240683	-94.87696087524733	-103.3620216392134	-62.5708682470917	-101.0017490407277	-2.952268360659142	79.37763347099914	-183.35152706116565	73.9756873537614	-108.68555982096089	-100.11463814221268	-22.61255653199618	-51.31492965064863
1.5084745762711864	1.5817491784612683	13.31766880630916	33.18104675700178	2.698113941194774	38.99194485796011	-0.007959735646202979	-7.9545267810879965	-0.46964769177573074	85.34579636726174	52.09422304885164	-3.1946038819445945	-0.771531659751602	-94.98001706386779	-103.5423699638506	-61.98232531978115	-101.04572939732994	-3.0228160184108037	79.15173102834667	-183.18154738106506	74.7463734234801	-108.79933557645406	-100.54443876033444	-23.518234950285567	-50.846252803419326
1.5254237288135593	2.3939051460924525	13.422494066822914	34.38345200206743	3.0865657429285234	39.5045889464574	-0.10739106455490824	-7.665667134110873	-0.45419217147596086	85.57665857424463	54.070884349317886	-2.969442522969227	-0.7570405836315846	-95.53478552663078	-103.91924215180248	-62.08753935919844	-100.7448763639381	-3.0130306604003936	79.39954490756394	-182.3745826730393	74.4068905749993	-108.13280045423103	-100.75528282482685	-22.532409072642523	-50.999772107127384
1.542372881355932	4.080520233695796	13.36673054788492	34.39308253814039	1.5311455212449474	38.5801942639631	-2.5933347452801816	-7.569265834536708	-0.03252388875039838	86.71323126174877	50.96649547914979	-2.614366512905952	-0.7284910154704696	-96.34293243487207	-103.99617802753994	-61.96981298042106	-102.54418916213555	-2.758263732475822	79.89212550468724	-182.07295608191865	74.3714204445558	-107.6372950348638	-100.19626377337624	-20.697952536242504	-50.78043607075345
1.5593220338983051	4.699554528638905	13.326889420755895	34.390734289213036	-0.3408527470254074	36.99307692165457	-3.4554483944080436	-7.602856029320672	1.933343489875856	87.0728631274869	46.33116580992616	-2.4409307167273386	-0.6604724254424561	-96.99821449812015	-103.99411535409004	-62.68551765539658	-102.52520894714317	-2.548623214829359	80.71520960063056	-181.95534149392276	74.02857157242528	-106.98892947927011	-97.14020793694571	-19.831221120690646	-50.98316548756026
1.576271186440678	6.185598174814135	13.441619700963367	34.4234257849061	1.339176365738488	36.68402312328316	-3.595326852678509	-7.5245067905695135	1.6363307630157577	88.10885987856307	46.56732835140802	-2.0309048363467115	-1.2553008464032827	-97.4410512083055	-104.68429180632978	-62.5741787246101	-102.6377176841528	-4.520394755622306	80.94127039612522	-181.77689602115788	73.99253976203059	-107.42758827162379	-97.50917413330183	-19.323036929793087	-51.078698298275775
1.5932203389830508	6.41480081705479	13.561417107297546	34.37583429460865	2.3143679238024144	35.61920459761963	-3.9721522245679513	-7.47395663450713	2.7672220204883358	87.39669384843995	46.555285371997044	-1.7676607194233176	-1.8427670252896946	-97.72385372413609	-105.56944070037477	-62.93716362392335	-102.52660012690255	-3.7487883442991357	81.46888212249499	-181.00547485412775	74.20768215098201	-106.2162982785834	-95.66069502749507	-18.937697765659742	-49.21138512486141
1.6101694915254237	6.747915293322396	13.952307086053963	34.3133880628245	4.0809788262939675	34.31025541025576	-3.9174477903412313	-7.581460761712711	2.5312960902048283	88.07418561908703	46.64584384215189	-1.5632483788081442	-2.175922520328629	-98.22021893962317	-106.31764671533934	-63.409979050733945	-102.05036368314612	-2.9706263982853467	82.0252320592795	-181.126699040799	74.27346884557882	-105.85806641843078	-95.45795922046989	-17.642866780724987	-48.72323355303863
1.6271186440677967	7.4339935309297225	13.771240619660283	33.46493301772644	4.663587545803152	31.784590222590786	-4.659280181475893	-7.22172413804709	2.161167423218736	87.24843180741249	46.657232351564865	-1.1911858553063688	-2.9966311467900093	-98.71513814632422	-106.90646737666057	-65.17044775277337	-102.05872187658088	-2.6742530901207937	82.70693760413903	-179.05055101553404	75.19725793925029	-104.44729766655726	-95.3223715075437	-17.661317191688546	-43.23896623956471
1.6440677966101696	7.626308523775124	14.226005800470501	32.50600255629226	6.474115691213415	29.60601243594436	-5.140176407256025	-6.826745388124806	2.9615519260373975	87.97074431749182	47.56808971146559	-0.9450727080063754	-3.7434020903194294	-98.32174854873597	-108.33315079861222	-66.56965409131756	-101.74348800743441	-2.554671600197081	83.6959746488178	-179.4330812770007	74.97455466266307	-103.05355017626822	-93.35376035921665	-15.030312467780345	-44.22291506804409
1.6610169491525424	7.677944565434278	14.89731418084143	30.233200189276502	9.513365558804491	26.74214499248119	-5.507641374597913	-6.481799593650415	4.485018207198264	89.88363650856081	46.71668730810198	-1.006641521142309	-5.2907565095525495	-98.16951419678983	-110.78490968093013	-68.41674613871669	-101.39188983779349	-2.3063584651358955	84.72263568891358	-177.657753556027	74.158200894877	-101.73104727696617	-90.71898178793874	-11.736875555973416	-44.30108962089563
1.6779661016949152	7.859411315911738	15.225865390278924	28.30114456130363	12.135537546436943	25.02067421533679	-5.476572334405558	-5.154585562306089	6.2182040963047305	92.57581038294687	46.216202023273794	-1.246027326329339	-6.94507325203225	-97.82181299554998	-113.13205356886621	-69.57426347741531	-100.56576086081803	-2.093504490404881	85.43599210981125	-177.0293465851864	73.47963801558532	-99.62238239925152	-88.24643707008157	-6.838080023529853	-42.28978288250226
1.694915254237288	6.786682732210318	14.299660273124816	26.96465703612652	14.18073221854779	22.456897885704663	-5.7434567917353325	-4.064378195241151	5.609906589213563	93.67575230903964	55.870329495086466	-1.4155394127225933	-9.872299286146692	-97.9600032557055	-115.39021883385787	-71.20326529861774	-99.80617095237292	-1.5093632945612252	86.37456865722825	-177.35052045245993	73.74896438145643	-97.7197825539503	-88.17378855440833	-3.675170520669717	-31.85818277124672
1.7118644067796611	6.07795658763693	11.297584899456405	25.05406745045346	21.09678531605555	20.336709093813422	-4.063419060638757	-2.113957289933	5.625240136225299	91.13525120968994	60.73368113637441	-1.533191785571756	-16.94115128032313	-97.43663383116348	-117.69331276164701	-72.2166207776023	-96.40376587521226	-0.09917129091232246	87.48942145266686	-177.83559345197597	72.64473240958874	-94.57314485230313	-86.97521303455169	-4.1710229264201875	-26.04019276719533
1.728813559322034	6.241337567699569	8.903345838212886	23.264531093890117	30.25883372488911	18.006460154991537	-0.39909587611546	-0.3672354754451541	5.352664510057597	92.9151098899076	68.88446690562839	-1.5427221472293282	-24.249113272981162	-97.32910076918658	-121.9101091151264	-73.92420252670713	-91.74314722469711	1.4850924407315937	88.11358359179661	-177.87788561846037	72.07850699993229	-92.30466629984168	-86.73954691206472	0.6673713399149085	-17.804495385029586
1.7457627118644068	6.034350245420009	7.973095331174779	23.560709761060334	46.20940810271897	17.319096654043587	8.954458389933864	0.9906746497738168	5.291324352731617	96.03313170496727	83.49076454605535	-1.5471093994113017	-31.31716904552948	-97.53733963800391	-128.00213533074867	-74.1524953817827	-82.28425605219248	2.913328626245452	88.72039331024743	-177.73900997154152	72.13564965755337	-90.44382655972828	-86.33575992118705	5.707995600680832	-3.000203273199388
1.7627118644067796	5.612208539832125	3.023415227304816	22.212459868067672	52.072358661479	16.442391699822245	12.661889733966788	1.0245038838106302	9.344839152277046	97.90796161734214	81.70874435896857	-1.423644594484124	-37.47275306271158	-97.10440251624115	-130.18105323566226	-74.60553689116502	-78.390466342068	3.0528890967044173	89.32159651977686	-177.24526741734246	71.96713601509131	-90.08104120698711	-81.52995207705436	7.817984379630207	1.7233959086105703
1.7796610169491525	4.9431549441997245	6.001418359440327	20.657361661032226	55.93416758034408	14.549502595186343	15.336613574379994	1.9731344077583897	7.734746339649496	98.79991662599029	84.02858964532737	-1.2045906941087015	-34.24835560963734	-96.5622624297723	-130.79562458119483	-75.73414262176797	-75.04303880792929	3.02530836547371	89.98787200245111	-176.88255964672155	72.04861441923134	-88.39752675162698	-82.84753318747408	10.329750113722277	6.189528816150025
1.7966101694915255	4.7714894965454615	8.938387622422482	18.42712357964377	57.5681347003013	12.851460004214049	17.478440745211383	2.5646007518894636	9.337179690130608	99.88037681358135	91.1025728637947	-0.5521547853246394	-29.794378613182722	-95.52129195108526	-129.76849739530567	-76.81269324048156	-72.3922793464848	2.9439351524347295	90.30332342401422	-177.04594607531476	71.57499084855554	-87.29209606142363	-80.37716396906696	12.628296034190123	10.63015687401707
1.8135593220338984	4.961188039183405	17.548859717490302	18.533363573852455	60.891790409544896	11.881898890262804	20.586969373482965	3.3385720022663055	12.806930493583582	100.06015798030693	90.66960029230535	-0.2084722505346629	-34.414749936198554	-95.38227588189939	-129.28453904824104	-77.03287310286984	-68.73560444752121	2.865795592846936	90.71380307647209	-176.82643610530064	69.63174418355021	-85.95110270931278	-76.24813805971398	13.878960153190585	14.276500874823213
1.8305084745762712	4.995920572473277	5.112776159247629	16.47958309325162	65.60148269737664	9.754575111269121	25.288289793062017	7.5315061792344995	13.610443165305265	100.18189799511589	109.55381584938556	0.6279201274656644	-35.80331249708985	-94.82704560045937	-129.1585500389406	-78.36641790050561	-63.57937736012938	2.855298190155303	91.05546188831386	-177.19137289390187	68.88135575978082	-81.17974918766764	-74.97180455212172	15.719846490360503	33.971826357712146
1.847457627118644	3.257803217241868	-8.578652507922934	14.401236678706614	66.38113762238207	8.878969761710957	37.09237934899375	12.86097416125779	16.541587783274565	100.71550303560923	122.58698433648462	-1.0452447820132098	-36.62382100832342	-94.48062338372424	-124.09809472182718	-79.98178305420602	-51.651773883951016	6.1355401490840045	91.17192325426508	-177.70519186340795	69.74842183562997	-75.85474409127313	-72.55912731783198	24.739138406821464	51.11442109176161
1.8644067796610169	3.072663933768063	-9.340672885723873	13.972356510594807	68.48120821096907	8.700575496378613	42.62129717339894	12.880584514487648	14.85679779908346	101.50827819685652	127.62319342046887	-2.1035363631132458	-34.06556402602164	-94.36008044421143	-115.42291746585224	-80.2834967662289	-46.1474849755119	6.865839127819225	91.19175351818461	-177.93788524183321	69.07534769233838	-75.80099090234184	-73.6947014332888	25.46336404196366	53.36043779285925
1.88135593220339	3.0240779108292166	-5.750468208875118	13.47368413080496	68.87794709052969	8.352631673179664	47.450609894602756	14.229552540677812	16.047489380255076	102.95519797977003	127.59138201234093	-1.4746234369588183	-26.972864109010956	-94.27035292303844	-110.6515797876192	-80.70304785658476	-41.33656849423551	8.657673015570664	91.19292540009312	-178.26925380920557	68.23597003493967	-74.43543396846357	-72.62805573246891	28.65832213289132	54.79945906053917
1.8983050847457628	3.429693475776451	-5.929672434788367	13.084682925682053	67.6922516301604	8.83616007930901	51.56635434255415	16.25971284276449	16.743010619019753	103.08361743000097	127.72871296031524	-0.9953436453046374	-23.224001281213013	-94.15175018923793	-105.61580974558775	-80.83333528162369	-37.73223771859989	9.550283049247337	91.16514240808196	-179.66228814230493	66.76650252378951	-73.05396234800688	-72.50063029481586	30.363377797655968	54.96807427024231
1.9152542372881356	3.7603405196983113	-11.522394451335023	12.78983269173513	66.96164379400075	8.876749383080018	55.11920499772259	14.916421088405336	16.87806369130349	103.29146936379253	128.4771021750011	-0.5539092978197462	-22.5872556405977	-93.93762586229344	-100.76465771791766	-81.03415224669793	-33.70456510033918	12.510295784899093	91.04419761661529	-179.53174293844737	65.82672693304627	-73.5649285513206	-72.25337738407883	30.63987979769733	56.42453593746357
1.9322033898305084	4.180115057044207	-18.480687714868328	13.47891837556	66.13673900446082	9.24346978714501	60.42584227480135	18.00989966705562	17.220427779100838	102.85427496902544	130.73602198658492	0.4213436492832906	-23.28130935664108	-94.09231800943968	-95.65992754545783	-80.94791032582496	-29.43435360706259	12.926577141323042	90.33035588741059	-179.6843176894229	65.68474206381839	-71.30087243761915	-72.53045787994044	32.188294117557874	58.007159624897874
1.9491525423728813	5.079117560876605	-23.69254191441462	13.130695642306039	62.93643512662169	8.828506361238912	62.79221761149308	20.86457342389468	17.70531111977222	102.51327492972649	127.99474370188818	1.3875055048261142	-23.071248469915194	-93.96185102342918	-89.70145837859162	-81.19128163274142	-27.115261162458623	14.126493227549728	90.11636157939422	-180.54941228205558	65.58480798757401	-70.20916780968663	-72.34115201414625	31.43065915066581	55.67420088177913
1.9661016949152543	3.644086431049944	-25.336432974192313	13.009409400687693	59.6323515748332	8.730273860454732	64.53746242479407	23.767119979883173	17.314578702793813	102.45261726185802	130.8576392880667	0.395044674699254	-20.252067588595455	-93.55684213919426	-84.20832916601519	-81.38038336910887	-25.715581152356815	14.328403139125975	89.83573777380546	-180.9690610558412	65.30357817821807	-66.50364200815443	-72.76202968840249	31.707307404191454	55.16356112945428
1.9830508474576272	4.213497748547893	-25.414361763278762	12.853462483356275	60.04336276422805	9.684269558080798	70.30548165209521	23.516945297132345	17.443990994878156	102.42664403248182	132.29375218293367	1.210159633812729	-13.738624978156102	-93.55622819230342	-79.33812512322842	-80.88914094508186	-20.158162953902774	16.419007229602908	89.62177543974364	-180.25444651867616	64.15887174126301	-67.13449662511675	-72.93037873883935	34.805813653716925	64.29941611117329
2.0	3.632879794333946	-25.12398794231789	12.98365354610123	59.618605118124485	10.02775259913095	73.32831370242107	25.232211480888548	18.549568301674054	102.55648255168933	132.4871018704259	0.16672682094749064	-11.922208070879156	-93.77006401170206	-76.9237333262233	-80.94695047109543	-17.678501634816207	16.57837484731126	89.32550040507786	-180.52801372467894	63.18362737984456	-65.81795253891445	-72.76234988649362	34.93745764709612	60.24855025583379
2.016949152542373	1.4951296917900532	-25.843117107371157	12.880074692544198	59.56665380499193	10.457645842571877	77.35287969342896	25.717279671248043	18.775768644235033	102.96359456442377	134.22880244220835	-2.5002763752211172	-9.402442147906662	-93.54532938627501	-73.74909580144218	-80.90460548622124	-14.214440689751845	16.603001029291107	88.84697844324705	-180.46069427136194	62.69192749304189	-65.79265113127713	-73.12256678356289	36.78996422445011	61.079506390945866
2.0338983050847457	1.2009243763680535	-25.977793507393415	11.725018034986203	60.78062546957253	8.91506171608843	79.59403041976202	24.364397296407947	18.179391712238534	104.47465128761131	134.79084668958384	-2.7531846927472694	-6.448483229653624	-93.4609001837104	-72.09358383799507	-81.12837571650607	-11.212854647029019	16.64913210888327	88.93391334021027	-181.7844800156452	62.97627154247552	-66.52592691495221	-73.38378468003646	38.23225114621057	56.737951799026355
2.0508474576271185	0.7579874585073956	-27.08679764236384	12.091265864894856	61.04103333101299	10.11793267333701	82.97078395591383	24.230187626054086	18.189322057527896	104.21172643546751	135.89718647947174	-3.4810005701849733	-6.803618342902503	-93.38538288489836	-69.82748947517358	-81.43957894164203	-8.644886407107142	16.849698876815577	88.54922400786658	-181.23904352086976	63.100932066815794	-67.33730591555148	-73.50606476329537	35.75101560430576	62.28737397085623
2.0677966101694913	0.38197473938938453	-27.762736873926	10.348139592002967	63.648663287749095	8.268297962449683	86.1771068506881	22.9688277950832	17.650204318333966	106.32927377889081	137.85542785940407	-4.361076540176116	-6.572085561057724	-93.36620835183746	-68.93083968378693	-82.92545090378042	-4.923686664744629	17.747944277465347	88.38232606944815	-181.19543094471607	63.37170008967511	-68.27470300959229	-73.67743717899562	38.057866710496924	64.10578942548831
2.084745762711864	0.3477678101755512	-28.695161438816314	10.602455411862943	66.87319568054981	8.856182862222841	89.81246701667803	23.48328423443253	17.938454415541045	106.70337125786648	139.2742930303267	-4.920379827588	-7.609212996605388	-93.3885448670877	-69.17004869906822	-82.80106792355416	-1.7299827024369834	19.495533427820337	88.29644097273352	-181.79161890767975	62.995294640668014	-68.25951400531197	-73.74688101163225	38.322381592751114	65.10883671285207
2.1016949152542375	0.5934726156264403	-28.792552786834435	10.22323485759524	73.83346665242615	8.623047250743209	95.7673601676734	25.336683325270304	17.955605638629535	107.12324632914999	138.41088535334222	-3.729631970133999	-5.211812965234733	-93.42202037687606	-70.20960142540721	-83.13608856575048	4.310249978743784	20.016823797526488	88.20161131614886	-181.9789062036719	64.24173215527644	-66.43888387838759	-73.85343651990966	40.44160264732635	59.63131778623082
2.1186440677966103	0.002295661351198325	-29.076289714681426	11.175046886263356	77.18807018368551	9.343633657500979	98.46817626636305	24.81045717856255	17.546806651890464	108.57035599649213	144.1826984295293	-4.112596885849369	-9.872289477042496	-93.81783547432642	-71.56353646591215	-82.83106545313733	7.1110194378446145	20.254882180899546	87.76681006387939	-182.00823149948326	64.06272642095844	-67.39240384487627	-74.19786416950629	40.819718133874034	69.07267484613236
2.135593220338983	0.4393269560967086	-29.227889768118132	11.863975392695078	82.55645305562508	9.993925353872307	103.79517937936703	21.774021704594578	19.541450623500022	111.66166109454797	142.51335441799168	-4.011685150458954	-11.599259223062896	-94.3739333783539	-72.9191845831615	-82.6755314200544	10.407866237299901	20.249400293195396	87.10769927136981	-182.14724352506065	63.71156900865163	-70.56911136759408	-73.07981857415416	40.102337807231315	69.2094111414468
2.152542372881356	1.0827382963859526	-30.288703206328638	12.649239566544827	88.44171167329479	11.785382577697359	108.32458280734808	20.843879589027736	21.90673478043925	110.42971832108215	144.65958799317397	-3.5471140258259575	-14.257855527738467	-94.9611391006389	-75.00684325822235	-81.91233259080592	13.587033105476799	20.12044241664523	86.07883216025964	-182.18781459689757	63.68799905385842	-72.78765816850566	-71.99285273498208	36.96407094173387	72.48830534149987
2.169491525423729	2.5388940610083623	-30.695702921399747	12.426766165862793	93.22014741661407	11.989467811209316	111.39071057004158	21.026181270323747	22.35312229201152	108.51408253014192	144.8032387253698	-2.734347903455896	-16.772959875593436	-94.71734990414201	-76.26102268094617	-82.12129552579461	16.87828452227955	19.59140912876123	85.72758253453118	-182.47467297244575	64.19789620491528	-73.0634457027697	-71.82819327621432	35.0117454756394	71.38670568431917
2.1864406779661016	0.6292479868597465	-30.671260243644674	12.843507478839058	99.27435956364491	13.006075188195533	115.10013047161839	20.828386405679257	27.641629328965323	112.14625389471362	145.10453267226075	-3.772893274370499	-20.838159248185498	-94.85362385405742	-78.44668879389755	-81.75097579647274	20.27455517455024	20.39270497594321	85.23119457618321	-183.42399294711745	63.51872167442773	-73.81394284076684	-70.93557344032695	38.3514306672219	79.75716223247295
2.2033898305084745	2.682354578744467	-30.733183444900213	13.877913190520191	103.6051228005847	14.19468613400926	116.0567292373221	19.29446356748521	27.49044249220423	109.99090697314486	144.26794805676298	-2.569956278563283	-23.205062084107364	-95.21334065866722	-80.94620854985003	-81.48838452767421	20.495022413544596	21.34978920408624	84.47893578791057	-183.32445688720838	63.87237308910258	-76.67030516563901	-67.56316749699343	35.316492865066735	80.87483876317287
2.2203389830508473	3.8194829026680592	-30.487051556323983	13.509339996494392	111.44865717286646	15.281540595054985	120.22569408103777	18.865907951180862	25.649611437205657	111.55518655271075	143.35474023376062	-1.3324863906563211	-26.444188664180093	-95.07818332845085	-85.09838074648512	-81.59964092978667	23.04301341528722	21.925566147308732	83.00163200417732	-185.0198829228976	64.44456107946722	-78.31966225843708	-74.6712227224356	33.83832731575758	71.81585042117723
2.23728813559322	3.755312067151503	-27.466143785558817	14.490997038321748	113.09444879190045	16.291457291165706	118.91924306785165	18.148515901818566	22.53278695203832	111.74141087630369	133.5275173479043	-1.7216379485610145	-27.84623118453432	-95.4857035490932	-90.12337650732574	-81.25905633176471	21.66454938778285	21.559504690090243	82.70081261663671	-185.21823426547988	64.31253741938471	-79.21274311891344	-76.67317170714772	26.683023348741102	54.91404481965025
2.2542372881355934	3.785100179569649	-28.345522342425628	15.03618889281544	118.74700132054794	17.431515216494823	122.37840423896816	16.897613612976798	17.17065882526903	111.0881606668321	133.0126480552558	-1.914923772739789	-35.758992583701975	-95.62602717765904	-94.04195235827413	-80.76299632878693	24.370866262135195	21.93882526377799	82.01194403867804	-185.16542117562287	64.25782102450091	-81.1784017602699	-81.25717734840244	29.106294098086178	51.614564707051734
2.2711864406779663	4.072672693284705	-29.962706166799187	15.88603215665001	121.73800772259025	18.25092404464813	121.91648651428542	13.91099018089964	15.057757236980112	113.05886039516204	125.93466321353935	-2.250735373503744	-38.62442403788879	-96.05476373751826	-98.16525778199971	-80.32658058537524	23.49967057638468	21.427916505315277	81.49750111802676	-184.97502413478645	64.40860528031695	-84.67426249975063	-83.46975889391273	28.51598751740731	42.161630133276624
2.288135593220339	3.3395182146331237	-27.9357420408941	16.091546847932634	123.33353899489371	19.1145375998294	119.06545520642915	12.466215932315098	14.959195759452447	115.50150467785183	116.63724432418361	-3.7571850043653137	-41.12003690787025	-96.23177012125109	-103.64388489906884	-80.13942883860892	19.82695537521674	20.63078038803738	80.73484820827403	-184.71977617275894	64.5242338056107	-86.8722457535353	-84.31052309604742	28.755551161759442	32.133863294697264
2.305084745762712	3.205897241112019	-27.482840837419136	18.072314910617386	124.95227524228417	20.830204590953908	115.29751192491364	11.88128792386223	13.615331704697175	111.81862918821936	125.33227899069415	-4.553607340332633	-46.38404435679638	-96.74120840933955	-109.3457939759309	-78.80351571610021	15.96686688691848	20.825948725819302	80.40656034518354	-184.87244957257298	66.92688753857088	-87.55518262735514	-85.79974422379765	23.64091622050735	40.09834497245577
2.3220338983050848	3.0694686283200863	-28.75569067621924	19.50570912944315	125.37865928280513	22.55558562618289	113.23399785477348	8.907676113943227	17.393343390947344	109.60667987292751	114.83330090055979	-4.918686493962271	-51.18522641562292	-97.40393701991303	-113.2397181654172	-78.02120556503542	12.904877096538163	19.94801776792532	79.41969116335113	-184.75026559307182	66.6847622096957	-91.67161613388487	-82.20418700795769	16.783642556319005	32.7403588775176
2.3389830508474576	3.009415180118414	-31.90173035383832	20.663420330883557	127.04709367008711	24.17581807634023	111.47654868511269	6.066469789302656	19.262636768492435	109.3452145430986	131.20251492501566	-5.087792368737269	-41.90174431672317	-97.66291702756945	-118.15340641848938	-77.06666617346579	10.633078224800952	18.256562032265915	78.73630780448781	-185.0381180653896	68.74211880235084	-95.16962317375975	-80.85156169481237	14.098005693740353	42.729249349143075
2.3559322033898304	2.6835770894781614	-7.378892159430289	21.526985154568273	126.16758944439415	25.407709149713682	107.65299433383677	5.618483162766607	30.670906743420314	106.52421522323122	160.7186539376997	-5.541659278624479	-38.21941671646585	-98.12201490351717	-122.0871484684057	-76.6089851581985	6.9119836748905765	17.53422376102664	78.10764566658686	-185.55368732621795	73.53888293512048	-96.38719792282498	-71.8426011111997	9.804669016464551	90.01404892233364
2.3728813559322033	3.5094424713144194	-3.2005673225483875	23.42200056816463	125.07041710757467	26.244579377987094	103.30521859733244	3.5486164728898815	31.12549037239533	103.62105350660512	173.4102876918622	-5.492922574484954	-40.24301218285766	-98.92013111748321	-125.5771796981485	-75.57015588684789	0.3094091701678613	16.78094356718121	78.23129942327208	-186.39947014162811	73.21688627991952	-98.19728019991699	-70.71279136408128	5.293770012685902	104.95057092224977
2.389830508474576	4.067299792866914	16.180576503635592	25.27414391623884	122.1252768979617	27.03385665365637	96.04931650283125	-0.3182555816817786	31.078769970982936	105.10917033690235	189.8952830263025	-5.556808354039935	-22.933540450403328	-99.87625903361813	-128.39381191390595	-74.68040117723072	-5.908987675347808	15.022227293816742	78.1971345539749	-185.80392329119016	74.68587586725725	-102.05214260655177	-70.59515919732534	3.254354037328489	179.52712243870758
2.406779661016949	4.778942566967742	18.779607857481825	27.217275172371643	122.21300393324191	28.97557523885029	91.88375870232247	0.0704449919282327	29.769375929118617	104.0683095583971	225.2992170862739	-5.370900039995595	-22.078889126820275	-100.45629785643287	-132.71427842200217	-73.31344226236452	-10.436266539187079	14.682512864325533	77.73588821226157	-186.15419611134817	77.35582373849292	-102.15465360581533	-72.17528656435691	1.8454818654715006	155.10214785815893
2.4237288135593222	5.693848440278998	25.567467855056098	28.714459278945238	117.94876517168491	30.4403611128281	85.8744114498503	-1.477089901169503	29.762561233679147	104.37828810746576	182.45137228783102	-4.897263014182675	-19.50557733851537	-100.80864533008808	-134.34287694883776	-72.10567229617047	-16.693277748687105	14.194498269100645	77.49034115901091	-186.13191530164104	76.27535953699558	-103.99184496816508	-70.77443791290172	-2.211934231182655	179.52040418745474
2.440677966101695	11.369412050339944	18.9702704435858	30.631466384315104	114.67093480564664	31.644459176808674	81.33736128348525	-3.4582664695655194	32.53052507606095	100.07232693890487	193.6520753133325	-3.8718900904669495	-23.47659775531587	-101.55262481406474	-135.3554336745239	-70.89850240753657	-21.207120666529207	12.971924798079012	77.39572473900964	-186.2939111567211	77.24707109716215	-106.0084240862719	-69.85147965211904	-6.319126762598518	125.2060665104769
2.457627118644068	10.712518477416472	24.458246231155297	34.277506535956256	114.08497165892993	34.078556127677345	80.14130391467678	-3.8778746198184875	31.85182986267193	99.94294765021033	193.42901712150152	-3.3562423575165163	-23.97064554661567	-103.08222797845694	-136.62069477288279	-68.90984231700307	-22.81810180312223	11.17149683867942	77.10708469080315	-185.92955395869464	77.84784761659745	-106.82794293220566	-70.94267743267885	-6.834390130440616	117.67858681125118
2.4745762711864407	12.296877643535783	21.797502401016427	36.18508429574642	111.6118700679334	35.260275724253276	76.61347106255417	-4.997991547594806	33.16316075425306	97.57441706149946	136.98712610853366	-2.9182319693048964	-26.454886084403725	-103.96815602737	-136.06348786472438	-67.69258926149742	-26.360529423231377	10.851781669169714	77.11595256521383	-185.54049538787262	77.1832582842562	-107.97953206200496	-69.85821167262297	-10.600947403843772	66.88024530235403
2.4915254237288136	13.813950049397391	8.616605200924443	41.19011198713158	107.58157619620043	37.78829408540057	74.00660706852989	-4.473735255543628	38.0915123276669	91.44626034717143	149.93641920670197	-2.7685973369931123	-36.98978475441689	-105.99080576189411	-135.51110355902026	-64.93499274013386	-28.688027184811055	10.057733679020972	77.31713377260836	-184.17390312795618	76.99604725831541	-107.17410296077949	-64.73882942339623	-15.86772570285981	89.91650990521713
2.5084745762711864	16.671363300232926	-9.488466910344638	42.47695093325257	101.53550401419935	38.29729727526653	70.80360304155516	-4.530178006761809	44.65806815963112	83.92759932270428	152.673542178667	-2.6854171558759896	-52.64208749259161	-106.59718372650337	-132.53662553337773	-63.98379310967662	-31.475612340011548	9.164625503455516	77.57929824762914	-183.64408450887385	77.13225857112835	-106.83913563374256	-57.73518967649051	-22.919643248567848	95.30355320346973
2.5254237288135593	16.427727754637655	-15.141116402367539	46.71674353528341	94.17392106192086	40.292081320455594	66.37962890046981	-6.131718247215888	43.6227366349268	79.109582575586	161.04627540616707	-2.6377710428384797	-52.49278471930222	-108.52349525513264	-129.98792604059008	-61.836859653096106	-35.83956333693954	7.915921119152726	77.60027232629263	-183.45982356299808	76.57141703869877	-108.22408468264524	-58.45782097903832	-29.29207097398373	102.90720075076494
2.542372881355932	17.687272198621763	-28.571693666580572	48.91714191952958	90.18586433222346	42.54942022227472	67.69214109005478	-5.468472928253902	51.22669959734232	73.36935559350765	154.80615568026928	-2.6859834124563977	-64.41316748102965	-109.57865154709634	-126.22416855884808	-60.570834928446146	-35.55976909438148	7.769558192676602	76.67926429101327	-183.4460303532347	77.98932455686133	-107.23549082233595	-51.95244908350754	-35.335634605469195	101.63482759535201
2.559322033898305	19.577252455532854	-29.831071903366034	51.37214431225037	84.78842532336053	46.2106940227298	71.06460578511962	-2.7367678100227057	56.47453228207841	65.1557866943397	153.52754486808476	-2.668827714414057	-58.75222398987676	-110.11496117513568	-120.55861915720983	-58.42261841077752	-33.7329612863054	6.990253716504368	75.35383312869425	-183.25618410030137	77.71778320655433	-107.1626101890945	-48.39905163476495	-42.04556681389117	104.46047513866922
2.5762711864406778	22.779384487928635	-22.589646117920577	55.197257721642785	84.72670362941415	48.83635288932601	72.48203665063117	-2.192619916071254	58.99892676636403	59.508226046330925	150.4746658643549	-2.0394111564684416	-50.38829408993158	-111.24403968396334	-117.34644590309308	-55.47778558662731	-32.212126470341545	6.584148882018772	75.24980029051201	-182.50970549927064	77.4193486450707	-106.82268506114778	-45.72960886499444	-47.23856872465619	103.81543429748918
2.593220338983051	21.314303073484055	-15.456835612104236	60.52838955676977	80.23895623352035	52.25994627536245	71.96554706849443	-1.8632121467157345	60.19473971408741	52.24163489535618	151.42209929468675	-1.7965843683333778	-43.99516141089178	-112.89342895723723	-113.04948881933618	-53.40619887987818	-32.595554306513506	5.096585886198545	75.1612054578174	-181.57786331188618	79.18091072225391	-106.37514500042002	-44.364485882788614	-53.959859616538424	107.54465456428166
2.610169491525424	22.515674363150126	-10.846458849146952	62.97168062944137	75.4024647950359	53.76059154558338	71.74262219552791	-1.2550006672007414	61.57592805154456	42.189707783744275	155.3377407840288	-1.7858709132249198	-27.783053096006444	-114.64356254527664	-108.77212660145565	-51.536206148629795	-33.27680953142964	4.559756435570523	74.70134844123606	-181.39797825209692	80.39064982204145	-106.09471899958928	-43.450380539815974	-63.69813997366568	112.49897111010222
2.6271186440677967	23.53498965736995	-3.8160264637149672	65.39160366804077	68.73203070568495	55.968645534091735	71.28825452846542	-0.6658389692058196	65.12217834875815	34.29557507179427	155.03697263623332	-1.726762903519801	-16.266799466969765	-115.88089168144555	-103.17276252454657	-49.71888610477855	-34.3830294082334	5.555021936613736	74.32700855640245	-181.2814932811405	79.86079028930862	-105.91222529499298	-40.56223606570209	-71.29062212709563	114.30156758026706
2.6440677966101696	27.839669174438775	-4.940732903245929	67.49160533435555	60.77701901079899	56.23252156320942	70.04589355773285	-2.2782450283116424	68.12867908188623	27.19863347762403	154.0057771890927	-1.7634346739382707	-11.372530177952072	-116.90167065543125	-96.28360077906264	-49.292758654819814	-35.47514489998491	7.365709837871506	74.27111113804423	-181.18125869707217	79.14482052168638	-107.97498948992754	-37.3838454674179	-80.39959104500181	115.95067825957445
2.6610169491525424	24.716502673677265	-3.3096778291655244	67.70181724448585	54.04341771541372	56.30275592343472	69.88538268873404	-2.653634995730618	70.30444000931165	18.04118056173581	155.83991015977867	-2.3486056197029264	-3.0770034697059194	-117.42829614854884	-89.90456566345547	-49.57435762721149	-35.9987965252634	5.029637036428587	74.10031451105851	-181.2988316147014	80.14238548882726	-108.58380356283747	-35.583840225114116	-88.54215918782558	120.57752385665616
2.6779661016949152	24.48305199609214	-4.764410666056661	68.91677626769622	43.0262665052869	56.62725183302494	65.99740052204305	-3.626104702226089	71.4999690947369	12.765902114235438	158.8006441420391	-3.1221550715265876	2.121222911057605	-118.09533494321522	-82.76489100606811	-49.141243826416556	-39.78780064856033	6.798307703875455	74.01618770977393	-179.84554447556016	80.58582450446148	-109.45906204254679	-34.25337001606862	-96.49905621959519	124.94056813375653
2.694915254237288	28.894561477959414	-2.882742666494983	70.02376564508836	34.74045305058214	57.51927720560933	64.1862882982557	-6.425234915431238	71.74144897781957	10.510546986099165	165.07488458599516	-1.851142059537815	10.901942557777138	-118.54050077592058	-76.02053129288143	-48.52844849244698	-41.80932595006386	7.180166907940389	73.67806266859478	-179.4192372573215	81.1919461664238	-112.48829202261449	-34.28272625362451	-102.10088817124442	131.02330171910035
2.711864406779661	29.99079586366059	0.5766756609581469	71.49631097482427	24.102213987364415	60.430366807901194	62.82059324246778	-9.575678861315518	75.2401089558728	8.478884678986436	166.9476991505209	0.9009547189144622	22.172857751786715	-118.5972362896932	-66.78795973290963	-47.11080672632263	-44.93142259093796	6.631778922627472	72.74589776896838	-179.14309022334305	81.16128542370572	-117.3588270632923	-32.537866557495505	-109.13145909805935	134.48381676898398
2.7288135593220337	30.45800475667148	-0.9855391063345842	71.8489449710072	12.091251866967838	57.88040169466839	57.80654757729101	-13.414132161712836	77.70053381474217	7.139612054411561	170.572046370688	1.5217418903755529	27.815555987076316	-118.86024541632617	-62.30187317294052	-46.983231340225935	-50.474639292892896	5.883533414178416	73.50029085860265	-178.5931458866821	81.40095512491752	-121.70301405236295	-30.511773850462106	-114.7820035345834	140.18365160645547
2.7457627118644066	29.025715524813336	0.44276734236525883	71.71786137587668	1.3513844340757515	59.63085672747034	53.14075569500434	-19.259902722462684	79.6875217893671	6.207555423999928	175.88867064783418	0.07582354735626506	34.403431656976124	-119.36679735151444	-56.45426435591607	-47.59190852284908	-54.37444345223263	4.51575484398284	73.66348636702577	-178.49362404033943	81.26028650891894	-126.80876873913486	-27.780071040456715	-120.82549186034767	148.1378565028887
2.76271186440678	29.57287742891333	-0.040510570942485	71.4109701096805	-5.680609296213071	57.67843359011696	49.76123186814244	-25.455773955267684	82.44873710711147	4.616918720610155	177.65308040621355	-0.32587677559715944	38.07464802795809	-120.19038632823752	-52.067289083559814	-48.663510029809366	-56.58311139808925	3.516149903894988	73.71575636287797	-178.46595812636897	80.92316257554901	-131.81210095610427	-24.04660836167093	-127.4872304124815	153.24592788952506
2.7796610169491527	29.53359337550368	2.4230132229933186	72.08422126174321	-7.055973610214356	56.622784540603426	49.503128377971954	-32.82962533651211	87.83568758046134	8.004957752296177	178.02563998785405	-1.3187029662229608	42.57308214432684	-121.73710531892719	-50.20115772164695	-49.60203699046382	-56.77890410134546	2.5279764948915235	73.77605590472886	-178.45819867615367	82.14042183082654	-139.10514135307326	-19.515482746219725	-131.3392511429118	157.1103253184726
2.7966101694915255	30.127564675983706	7.061810025328668	70.66197190577213	-9.29408950933215	54.2577642391545	45.946843991279074	-40.34150961786341	89.21631679934404	10.665817181310135	177.8191426823585	-2.267544221884162	46.2033042690197	-122.79560591137682	-50.990058691151745	-51.67908399274053	-60.161526044444656	1.1104114243721306	73.95829509083312	-178.44419924620215	83.19579449397563	-146.4322182090077	-16.698059601717578	-135.92638310011907	161.1353947047886
2.8135593220338984	29.769449194286562	3.0157962438251853	70.24666769866272	-9.969475045002808	52.88468685047577	43.25174008915907	-46.14371065908062	91.12204487929343	12.702779870091087	178.07176824860045	-3.3900648065061234	40.119899521211096	-123.37020348982854	-52.32010312035638	-52.62660525048665	-62.333037172889085	-0.33451762781539274	74.38484922826689	-178.42098726552734	83.18971400814061	-151.68832337802783	-14.377522472754803	-139.07182894145362	166.6331134441977
2.830508474576271	29.159484587328944	-0.2651224056964535	68.54955573301724	-9.339548138774044	50.38523351121561	40.860561776279376	-54.06026902402668	93.59884686545962	17.831049844070904	182.42320667520178	-4.775989430540495	34.30613916730934	-123.91312324466156	-54.482570903317686	-54.74461131108197	-64.0828832874012	-1.44517164153523	75.12342177906545	-178.40676143891386	83.17610626427879	-158.83983713087514	-11.30305892603582	-140.80494848619642	171.63488776516155
2.847457627118644	26.086155643144036	8.802859867011804	68.93691526508114	-6.591935409497913	48.79367187258414	38.49397831593038	-65.13720037440132	99.07156652928529	26.628600745508418	178.3396994305905	-10.195488441195115	41.94431780693146	-124.11309204127585	-57.573776993022435	-55.16077203636296	-65.3197683492571	-1.5619707603033635	77.00146151378591	-178.4106394990201	83.23750738416535	-168.01127387601778	-4.728834788544452	-140.4400112949965	173.36630991486643
2.864406779661017	22.943140121779418	23.277674416797627	65.58350136836313	2.9928784289751365	41.529197355902646	37.415828413454605	-73.48136839578943	100.99906857520166	40.05103897781095	175.88160446601452	-12.69449941232704	45.15782185166105	-125.02859390140705	-67.3416341075266	-60.76507818478287	-65.12377552233987	-1.6079845268776785	77.60079824282461	-178.39521469902851	83.42136251944598	-176.6632238166616	-1.5488324261323116	-134.99626459971347	173.6705339713708
2.8813559322033897	17.509852209790864	16.97105665542841	62.09516839509269	3.465808317365293	36.70851660082163	33.33060448148556	-80.01495580020972	103.94167306948236	50.092159223740445	172.44648869603398	-15.314596198360679	33.73347225520539	-124.66965159833944	-71.2123190678091	-63.71469582134052	-67.6961771020514	-1.7094320692668954	78.9294191875946	-178.33563270051155	83.66149365369824	-179.67193139464416	2.521821535495965	-129.6993028729907	171.8148973104642
2.8983050847457625	-16.93001160967071	14.542040090089783	61.230457857399074	-3.3902733999338746	26.900092382227868	25.808161719927163	-92.86129665853191	104.2732099408044	42.631672058253514	200.26875461315277	16.09037608748074	7.902605867007857	-124.83871535232828	-75.06014239023418	-71.98555553644373	-73.67502558948293	-1.8554646940498758	80.31696320916777	-177.91801382573047	84.50088711158338	-175.84300920590812	-7.402785762088222	-134.57170870801386	168.7157757012996
2.9152542372881354	4.898353037278534	9.471417878060747	59.59511998050073	2.0624417159912656	25.657403089946897	24.908534623278886	-89.18638937657235	111.4370710831272	62.758806923215865	155.08656612921936	-35.00518830621358	17.106429231035232	-131.29187574899655	-77.33251546559161	-72.7106860319894	-74.30362214251222	-2.384961361217879	80.78316821753268	-177.77679367198115	84.97625591716496	-188.12757029548965	11.674105594525477	-125.64455329798683	166.1384763940544
2.9322033898305087	-6.537649154668897	-9.800415746456483	57.9606489498404	-5.633341406648693	19.92495704322286	13.582562360195825	-90.17153580622441	113.05440168529653	42.22251706880389	153.66437583666945	-53.07089622860806	13.676765472808276	-133.97153714818947	-78.00765536143724	-76.88273417290183	-82.23796300627802	-3.4392237795698306	83.24896390577746	-177.43718450400613	86.51452106264819	-186.71713833126455	16.464546574826272	-147.68679591668064	171.9054450373522
2.9491525423728815	-46.01872246535928	-9.36986942682606	41.06501594250747	-12.352717766955385	13.335700600138878	6.008276965429429	-89.80869876997217	112.50792514178477	8.744019804086447	149.34442070144144	-76.34342631574935	9.773879892308114	-125.85762089278893	-76.65570661116425	-84.83669370309161	-88.60025956556544	-2.8961209315597674	84.54652380882585	-177.41361115845885	91.24986352618708	-185.50315105302118	17.223133961512524	-174.77815839899978	172.9258604865886
2.9661016949152543	-66.1390710779409	-17.875858216403973	20.083724021341535	-15.94147656662685	-1.1301912153417857	3.067167054873414	-83.5459754514365	69.94986049375743	29.516812294312604	217.71667467481436	-90.24912968426804	18.958620662019406	-115.68069870909882	-75.9939623063802	-93.53784303335033	-89.91666708778774	-2.340235845785173	86.61880911103468	-177.95477077571664	91.00062035585502	-186.30321952343616	-22.754044532384004	-141.76669878786151	192.93068649744072
2.983050847457627	-62.744362541136724	11.153261627672881	23.959015646145875	-4.694725356424998	8.71076599434823	16.805927800529332	-84.6067430765315	91.68111547057633	56.895839233262414	237.7696575178211	-54.194784298691545	26.59702568510949	-119.07187494003894	-77.56490765609156	-82.06760002516222	-74.35871965537348	-2.882061982357424	88.66168070546176	-177.588494761939	94.87111410585584	-176.63535418324858	2.5368958650158664	-123.50030987394616	241.84574163080572
3.0	-73.45684201307608	-61.28191844159122	-17.26624941893442	-5.141319948049218	9.989980792883616	-53.45088554633409	-98.63174635769933	76.97752822638226	96.18733169130631	290.45362868822224	-46.1326699719468	27.162783932408555	-62.87894500127634	-96.85653957809443	-79.71187365968052	-142.02030191066024	-2.8860658157258103	88.4308458301043	-178.1108499393667	85.42341872667673	-187.6692124714679	-7.763090352225559	-91.49201239517977	278.93592069473226
3.016949152542373	-77.57503612178199	-137.9534919483165	-21.682543826367343	-4.909422000561465	9.071049167327587	-17.82214736836601	-104.63454351673755	-3.983514912658615	51.468915349127684	343.8795400853328	-48.9448943434508	27.19118132938351	-61.08737930488147	-103.33235931045459	-82.88018036609124	-109.50470767416788	-2.8117207875770864	88.3952239430642	-176.35411383890016	83.10388142339625	-195.70124090372178	-95.17777789141415	-98.57282246794314	243.98492287300206
3.0338983050847457	-89.01126102658574	-100.37098683700938	-29.786418955479537	-0.41747753531081927	8.401225791750978	-14.083046244425963	-99.11987807958539	16.28265960263285	39.00805948706219	424.0292881939084	-52.891785199815004	26.71107447519285	-54.00220442527266	-106.42577059316585	-84.33415191145892	-106.27021821569237	-3.683029321154152	87.99378385380233	-200.50444893521401	82.32201463837998	-175.1351331330431	-75.99614892811667	-115.80584620071258	175.14242447539914
3.0508474576271185	-88.71460280306158	-158.6642145938686	-37.96641666963026	-1.4995674814744588	5.607311075186548	-16.768638279396587	-102.09289137338618	11.729359488817071	18.237936174029453	412.1035858330974	-46.789443362894175	9.27030754077696	-47.904488883433274	-103.81492339631275	-84.97402858948993	-107.967857392836	-5.535291356497924	88.52103250398342	-207.4449746602548	79.42256568957897	-195.44164582348395	-79.63823555496234	-162.36297201629117	152.75801452493027
3.0677966101694913	-80.51243647001995	-130.0000907636072	-33.71621501828246	2.3895182282095186	10.821239173937942	-9.27225462750989	-104.38771196459025	15.515629785045745	30.58241401735708	384.89975802173467	-41.27263078831582	32.513794717567286	-49.8513082412042	-106.08354144708534	-83.80344280301188	-103.75973643376548	-6.9578949338823985	85.93372407490234	-204.11321022696401	79.80652082581274	-199.00346108693142	-79.01766531592754	-167.57626036436764	127.05581506478158
3.084745762711864	-85.59118678253941	-142.8006741296918	-33.90076722217739	4.748118614746653	12.50034648840167	-4.3906231396181905	-103.55882354497933	21.310150823580436	27.98632682519532	431.6356251721231	-44.64247159119429	24.109871802045998	-50.22892815815837	-105.62816062435813	-83.94351865867979	-100.97018440450917	-4.01969179336565	84.4360865665521	-206.23919585164262	77.17368179063158	-200.27826487054446	-75.54982476493028	-172.1980568560613	153.3725843813927
3.1016949152542375	-49.494288187751	-135.29273720894432	-17.403595327596772	4.938467253466682	13.957583779632655	0.552644277765674	-102.11967861042582	21.438120996859926	-19.990048636743648	364.34083836811436	-21.19886397741649	29.223751193503585	-67.17938375674059	-104.45259822294777	-83.730258082723	-98.44585232360532	-3.9211781167282074	81.64025383925521	-208.16086273045084	76.75863079018144	-201.14939706077254	-77.7469807433988	-219.3822898693197	106.74850101888973
3.1186440677966103	-16.733697350264595	-197.18271043185567	0.006641457463900588	3.3139347130501724	17.646214494588484	3.331036996144684	-90.91308336809956	23.065532875684696	-27.76448921234499	364.4212991079612	-12.124023956142821	-24.011668185828984	-80.93798245247534	-98.62754219174788	-83.46778916603108	-98.32319782146455	-5.142652402467725	78.28982128581102	-206.56924928125494	75.5590771330526	-192.87149025262514	-79.02405981615493	-218.31465130874443	106.41515178926419
3.135593220338983	-15.968941694910173	-194.58189563167062	-0.34369189174484666	5.357246717282295	18.85106287652644	5.891819825431055	-92.09593940369662	25.778581158456458	-9.854087396039313	372.1026148128639	-10.237307502901087	-20.972276203624155	-82.0819314148843	-98.54563328478768	-83.4050835366375	-97.06219979884928	-4.422038869243016	76.20062353246928	-201.15251682380068	70.60621688149085	-195.90665620895297	-78.05370066233938	-210.02021054933877	114.31276016913236
3.152542372881356	-14.648974130693345	-125.04910080044458	-2.280869155437668	7.117707558831971	24.349055852723485	13.046712735027432	-87.04505890376717	33.2878123400661	0.09929142499341918	364.2032415960339	-3.656266465804166	42.682028791204644	-79.98279703120396	-101.54208393062703	-82.36034434488727	-94.42920048747925	-3.4054986956948494	72.26821263142878	-198.02725189856042	68.8820179859536	-193.54549020847696	-74.17060660890714	-192.81169186797365	115.65364976505987
3.169491525423729	-16.414032294649004	-175.97080193378994	5.482122862611063	5.7149693351094015	33.272017111938254	21.242217391660343	-69.38269982964526	41.264712629461194	0.48660005330069045	364.1128855850141	-8.34099703444047	0.2845361935292553	-81.34802510340023	-96.79921972646474	-79.79623743507223	-91.11159076629795	1.8634976478344734	68.42079000427151	-196.41152669508406	66.71259758920372	-181.6690451432934	-67.84774884785159	-181.43662464333616	116.49930432007777
3.1864406779661016	-17.09032144459182	-170.84652396555114	12.942231908657199	3.823314822488313	40.81975732966076	26.148006361103505	13.458725058374961	49.38050792383055	12.78072659477263	361.3827964571758	-10.928214954731283	5.172925847736753	-88.23576147455645	-95.12061037852219	-75.87774518915575	-90.10229314642518	3.7921848875537503	63.90558456592785	-193.37114578759588	66.69284774382935	-102.97015669930111	-65.85531623282776	-190.90319160623764	115.7253576809948
3.2033898305084745	-18.435269338027698	-173.275318579348	13.990424687048156	1.0105867170126528	49.757426222151025	33.12592463654854	19.708944713381157	58.21167224860309	27.210789034568542	361.04286194105947	-18.419074327866646	6.095052745700949	-87.31129381666378	-90.46705696686837	-73.55750418404638	-89.72969994078987	1.5921062176446092	56.88000046327676	-193.83592423982043	66.77455211088123	-104.02785651135801	-64.63124255010302	-201.19771640934826	116.52534094954632
3.2203389830508473	-8.989533633859942	-171.32991804123932	11.38519871567837	0.48159466096272124	57.83498937763827	41.74068981895507	55.66120802000289	66.62668394934339	42.10154965513911	360.66669643228425	-3.2453006182026294	8.664166456021109	-84.5693664771904	-88.34173816057351	-72.19691490617515	-88.41364809311632	0.7213544145427502	50.05660188660568	-193.82433311295406	66.18598016341157	-103.8813372225802	-63.306619906727626	-211.37096511990117	117.4721186080798
3.23728813559322	-14.092446759292155	-189.28119259536672	9.298637082279521	-1.3311219413805895	63.21514611310392	47.55797048077789	63.0110507637472	70.77212339089684	36.97639811926936	360.90080338754933	-46.59215519957671	-5.120365907591317	-82.93409940398635	-86.76221249156866	-71.72952359805943	-88.29917579898142	1.3385409023937849	44.935439465879284	-189.47589591159075	66.81065115910715	-100.50004445904182	-64.14832692546084	-216.71506139504413	117.22963584011589
3.2542372881355934	-73.18733689251746	-140.56993124245489	0.6598289021597538	-3.944394947261068	71.11008080993912	64.98482854407943	114.20972434142402	72.94425975423572	29.629346706803055	352.0403808490823	-88.55199226969117	49.22283550236951	-104.01439329338652	-87.00731923394837	-73.18416620380161	-90.1185982320504	1.5514131286877124	33.87831796461217	-170.3991268581846	69.23138696901529	-74.49418257939747	-71.43322967865946	-211.72871745879922	117.2447115010984
3.2711864406779663	-63.5685608310973	-146.83495435755088	3.6661935517646023	-5.1350155956864	71.36037083288228	120.243684728006	110.10460212372502	73.06760421511966	27.970185605479713	347.85240544777156	-83.96408407116223	36.256900445557704	-109.82069059916041	-87.97585320059004	-77.1321680193285	-91.56383478040308	1.6174254027888064	31.12029921770106	-183.93075112057073	69.59050071502729	-73.35149828165635	-105.5464125349699	-216.93904210068567	117.68951370283716
3.288135593220339	-75.0144822497532	-142.0275448887468	2.6226652101940626	9.214045051553882	74.34618173043856	64.85754020868472	77.88732476393832	75.22640650494475	28.717219987243126	370.7665592186532	-109.43667371717368	34.38863344723204	-104.37070036106198	-91.64118658462394	-73.07393154622592	-83.37650167537244	1.7675821069803042	33.43914264183776	-186.32156541503778	70.20449206925512	-69.12532178756292	-74.43847892134814	-219.99737839502706	120.0574107669446
3.305084745762712	-103.85592641467146	-91.58392715860364	3.564950468095822	12.741551561914132	71.34082862647094	68.83800385693344	78.3611026420975	73.02245778617463	27.7879653501283	377.4385153479616	-99.43915510820221	26.674920723233114	-104.05868712100322	-94.17263580139252	-78.14244967340538	-81.83558959648433	0.20574123073115747	29.370199819522437	-185.29929951803723	69.57301242284684	-72.35188677491944	-77.71274550683383	-224.90195833634743	119.77284686428189
3.3220338983050848	-83.61956474937638	-171.11661690901988	18.305220519682912	15.750195324527345	65.0788017186254	69.50686801155872	78.24942868936577	62.73649461842859	23.145255596957007	391.2611925639895	-88.97943555107386	3.7980503249689894	-104.09372772155416	-95.59298301971819	-83.8676031034346	-80.37276877686637	-2.344034751081294	30.598084987216623	-183.0484626672022	67.08149219648668	-71.79073480084632	-88.86683103229701	-229.61406915938778	121.6311741493954
3.3389830508474576	-63.979086768176366	-173.68231556424254	17.146874089905054	14.656141499286658	64.47820224863317	76.27119736645996	84.19046349366948	62.41022531468194	25.702834887414944	392.96084986260576	-78.78809136553349	-12.525335041998794	-104.91914825452986	-94.10169332636613	-88.11515946166428	-81.63870955904565	-0.21115268599514314	24.95064732695992	-179.0143041962664	67.19506052899416	-75.93805415542046	-92.4371047819684	-230.15673916981666	118.84371620343978
3.3559322033898304	-95.86824988272744	-188.2950873936083	2.7343993268745046	-16.29593037763569	123.82454707889836	107.15242435480573	109.27802751785134	135.10916176000978	-32.64860776769532	313.8010597025962	-88.5826084799087	-28.3881785090757	-85.70410233260357	-82.42232005336216	-82.81657829371403	-97.06662510416882	11.023853131932249	-25.9990808281641	-172.74658578969968	116.73790240771503	-76.5620430517646	-82.10055982604707	-310.0288835114966	61.9256438028641
3.3728813559322033	-37.42888002093966	-232.16960592923294	16.49082756282287	-14.647230695478306	135.0131370206779	107.87677151919328	112.83466119858302	152.58360112845213	-31.727783375634203	297.5313295608095	-36.95370109028889	-44.078098808955346	-90.86580231220934	-81.97188117472002	-73.73637293854688	-96.38220008451715	13.339005468357465	-27.232721756664603	-174.14084133284928	119.16906381637287	-76.95098687678501	-55.53424506828763	-306.29725941320953	62.71627428286369
3.389830508474576	46.342626293959526	-230.7483139757658	27.241789881825373	-12.54388545472123	134.260836027194	108.34946740673976	120.81732988220246	153.34093595980931	-43.37531627000181	298.07374733232103	39.59144727387634	-44.49706728034461	-97.11581205093225	-83.81462195575911	-70.85381856473303	-96.32785683993535	11.323835924011979	-24.780609793669957	-175.21670409978245	118.41344396928068	-83.08087882469404	-51.74852899718348	-307.4384691336041	66.5716430773408
3.406779661016949	44.04962637521502	-269.64446685901186	34.42099417713935	-9.917850239181645	137.7140069607373	108.63375376722311	126.79523812457619	164.19418848320993	-48.31078237667767	290.52832050383313	39.60609944098219	-66.68317319416805	-100.03169381819315	-85.15713866312171	-66.04929861804527	-94.9282257580435	11.325925883890772	-23.383798092614494	-171.3690481916004	117.98237871905052	-76.62151209152609	-39.24340373513251	-304.91027929851816	71.27847384265154
3.4237288135593222	63.305138255588844	-273.51325508113314	38.73356885844002	-7.822024138856621	142.06674954899086	107.03031926602412	129.69988563556626	159.76315932810778	-53.643402661311676	295.6235051212395	50.98238609533374	-89.72177068093342	-100.88538197994544	-87.57399550160373	-63.35819637222972	-94.40000469861927	10.213440407662212	-22.60906407016638	-173.13444802076185	118.88750761503465	-73.71054451176525	-43.145366763690234	-304.1363077000421	73.24301667267366
3.440677966101695	61.17812253297305	-354.6400003796473	-45.353437366071404	10.589928527616978	213.61916905556248	79.61266743399626	53.68168885146815	190.0999236523885	-129.24701487075788	254.5185291025465	48.82435872598448	-177.3836829490618	-78.2441607616296	-91.80729048165718	-121.14576864762071	-83.29113851654877	-9.117663736143973	-5.074911505771119	-187.07052598913313	64.2084570364337	-107.2974376421281	35.46090478751107	-260.61093997791255	100.7775340929344
3.457627118644068	58.76858354575009	-268.79343068120727	-53.91830493889451	11.455075133233265	208.07354578244463	77.80548971496317	56.389122817047664	187.70922343658418	-148.2065198014169	258.0843605560603	46.37551927130977	-91.32561369450147	-75.13495255043856	-92.23571228681541	-129.12186213785523	-80.82156324605947	-11.548959991745738	21.981163263244767	-189.5126948731607	66.52155964864102	-104.51168572345766	29.832227270176283	-249.2183135853428	107.09815288704569
3.4745762711864407	56.356366717133604	-345.1295056987825	-58.078784755878715	10.427093946459204	203.28328672847516	77.3246462680374	56.95651278484236	189.81737003750098	-149.21129461928618	259.0205374598042	43.92368770321	-167.27819852760354	-75.16715779563133	-92.02535078597138	-133.913068538978	-81.36137069349961	-10.395447971365131	23.141824587367278	-189.49173653868007	67.08315508949723	-100.29717750484537	24.742474219231323	-249.0519199224754	104.48512751710184
3.4915254237288136	53.94499092455304	-332.2560695316041	-55.9853137361372	10.025577418054672	201.36144740774438	76.83365087071348	54.82656849531805	191.26927267918137	-146.01621093438823	250.9671361679019	41.472920269202284	-153.1526479488114	-75.99476060811845	-91.09835358877227	-136.52888993116036	-80.4444461346888	-12.151001741993726	22.95665746401742	-188.50102004643531	65.31120629684064	-101.33970688599999	34.2991234684536	-249.05027972790054	105.0398571791006
3.5084745762711864	51.53475231062468	-358.57425302362276	-53.784024818972725	9.527804057514349	198.24690719431757	76.33808379272715	57.27334348843659	190.82554413900223	-156.31133440490134	251.67574144367399	39.02362060437734	-179.1244895773237	-76.86769057313613	-90.60142810911779	-137.61551881220117	-79.64529430628353	-13.012844755632306	23.2136652919556	-187.34097943450294	68.3067858655437	-95.68767205682016	35.35875925569313	-252.1047800087752	106.76476076836306
3.5254237288135593	49.12600437031679	-360.3322930262423	-51.58209924387931	8.30138487576929	199.32107895350174	75.88203144958548	57.86660552201093	189.86537820764457	-160.70922978452393	252.09545404060128	36.57629100472747	-179.2621321483706	-77.7400404715313	-89.84944286474021	-138.15157611169735	-80.60097569813416	-13.062033388653516	23.283525858622742	-186.26480404601577	68.67616335014316	-93.66541300096873	32.69141127741826	-253.30353357902914	105.15277962982918
3.542372881355932	46.719259155132086	-350.3224738170673	-49.38215071194927	6.4701748627418585	190.57878917917236	72.82188664896462	59.65554851006033	191.61476043426973	-158.84713537761317	251.51451026743717	34.13168593574079	-168.5706939917248	-78.60674174990989	-88.7160162679678	-144.48156537520723	-82.20764616093307	-12.59427865984643	25.052261569675043	-187.13534918758606	71.92207024675567	-94.58280356157806	32.555817198010544	-253.4346718453414	104.71377432092217
3.559322033898305	44.31528919634955	-405.4336045604632	-47.18502460577024	6.257321478153617	191.9779916686736	72.79319569150584	59.448038904231275	192.72265804854982	-157.79330306653947	248.0097939345643	31.690996185541007	-223.7402321872671	-79.4637552980238	-88.42029651699843	-143.10935199433482	-82.13107007372824	-12.6066903045371	24.82200282667208	-187.98388776078272	71.11277761598795	-95.62316561461644	37.270551743473646	-253.64414853117177	106.10121636131746
3.5762711864406778	41.915317665652175	-388.83822524936596	-44.991995746287444	6.131191099727754	191.60253269753477	72.096863736917	58.859682796935715	193.62935358962392	-159.80987429038228	246.34332401915668	29.256219365598138	-206.59619769046543	-80.3029934742956	-88.28422477619739	-141.8878048274234	-81.76419782994986	-12.145861617251242	26.19584238406042	-187.311336727818	71.79242071631234	-95.34501508175342	39.673068614042506	-254.56416411598514	106.2837957053454
3.593220338983051	39.52140494976729	-452.52970760151754	-42.80522954837197	5.933946373420731	190.20111491175453	71.67142868275452	57.59319550663548	194.07992841642152	-162.55389313362554	245.3907445502401	26.8309901706325	-270.04744348153093	-81.10433769549324	-88.24249297582944	-141.08956070487946	-81.82877961934581	-12.272473011243683	28.18156748465216	-186.7662209460028	74.06336480637437	-95.06318042594972	41.376958422751855	-256.87412245743445	106.98433592625838
3.610169491525424	37.13732124142119	-539.0549506921261	-40.628738069347385	5.970959561092695	184.36285544479836	71.54729902946877	56.05059556747972	197.60529955382552	-164.60213094737125	242.92764179730628	24.422725813700374	-358.11632871966526	-81.8106108376008	-88.21578308887902	-146.37600340082037	-82.26284783054892	-11.75125410664999	29.31462018541764	-188.1592779765783	74.28537180710525	-95.16689144805774	46.14300712509075	-259.1525812620034	108.82965386132656
3.6271186440677967	34.770825357840295	-532.1062078657433	-38.47093243436619	8.08467965785888	188.0359959267759	71.46145188349709	54.1643510633959	201.5075771702119	-159.72917204087304	238.63022505704174	22.049432606387807	-354.98797202791496	-82.29830850318396	-88.19537475872649	-142.91596009768008	-80.11275167878131	-13.454304642862668	29.020356621151812	-187.6569357358027	74.7271098165185	-96.70919684462265	50.024723731703105	-257.57206561406986	109.21339963532516
3.6440677966101696	32.44101250262449	-540.0294304888791	-36.35313166149144	9.576647888462482	186.38178904929399	71.54333936570688	52.36325534863062	198.52484988357367	-154.8854756169381	244.2888304183471	19.76769884130528	-359.23450780018027	-83.50268465976531	-88.00946426470551	-144.8253239386903	-79.50520454085533	-14.836364415947093	28.88458625614061	-190.12851784804545	74.74910714060283	-97.47543586115374	47.68509372647119	-257.53767116755284	111.51434762361271
3.6610169491525424	30.20919408625979	-540.4358721036897	-34.34642348289845	11.082844161160928	183.50958318132666	71.47384356723252	50.11502340736316	199.23201599768765	-160.0670904105725	241.40925730659458	17.794758168308018	-358.5894256451657	-84.6171666191377	-87.86516805448653	-145.2233222311477	-76.92803035349509	-14.441515270427962	31.629032013230113	-191.0641562335822	75.26610984441082	-97.98712497824317	52.058177355321874	-258.35856313068297	112.14663381318253
3.6779661016949152	28.31584801898228	-534.813672818977	-32.73325423558978	11.523820697775282	186.31576346601003	71.29458672075276	48.961370590191095	200.4915736769719	-160.8263142550556	240.27434637790574	15.492839175910163	-349.5240509149982	-85.60589627458496	-87.41990988470437	-145.76382064401727	-75.98369517547934	-15.308155295175913	33.31895086240574	-190.64288126737037	75.11572184441575	-97.99903403560424	54.39512366781058	-258.4597841595363	113.99432065055248
3.694915254237288	25.933307525015664	-538.9349454972962	-30.327690370629497	11.739528728463819	185.32478727043943	72.039688235511	48.16901723269783	203.14704687734516	-157.72830875471556	239.57339565644085	12.50382539332995	-353.985776411723	-86.54050994758663	-86.44602135173724	-142.30774372415252	-74.79141163459381	-15.778314198446994	32.809856637785906	-191.3360122696108	74.8445752959001	-98.72917240287227	56.47218748806055	-257.45907343922386	115.7545512661979
3.711864406779661	23.025149518325012	-541.1723845396475	-27.696552009269663	11.527724517637832	190.95091027784102	72.04248969905446	48.309895226929356	200.59477509341843	-157.66259912910976	238.63954913350327	9.824709134232794	-357.5948613291713	-87.45510306495636	-85.68427330155838	-136.6453562883485	-74.722360735649	-14.966064908024348	32.91098164366487	-191.10723008689018	73.29339540325421	-98.66890207024453	58.48274704446178	-256.9977207163935	117.20449087167587
3.7288135593220337	20.403204827541753	-520.5811445631118	-25.31161481316808	10.857596770514824	187.30996932492494	71.84309813063045	49.34261876767062	203.0919414441722	-156.66402886296552	241.75977277702677	7.2790306753097305	-333.056170986255	-88.36146685477866	-84.45914239509148	-139.47251372477783	-74.2378136296198	-15.89095150862932	33.42931329341834	-191.6911340429619	73.45065764399598	-98.06593853572426	56.488600668638234	-254.40111843206319	118.66624919905993
3.7457627118644066	17.90252153309359	-518.9837970544725	-23.02591126782458	9.51179666577205	195.93991557995926	71.51400827412047	49.640311903177896	199.0171227346517	-157.12064279622072	248.79591391233845	4.775327249194397	-332.50305680321594	-89.26375794173849	-83.5900211192214	-135.93831270171125	-75.01596194483554	-15.49319997489489	33.484947602330024	-195.6424420901603	73.57189236329259	-97.38429602175454	52.48985063491354	-253.98557553830054	121.7209424084484
3.76271186440678	15.440781827682432	-515.8126046562023	-20.772837125303813	8.692504225211437	198.91064632300584	71.30854431971015	46.68545483238205	198.66170393222387	-153.55347812732657	250.27626383550572	2.287690950307497	-328.67563995632287	-90.16375046968503	-82.88637544788341	-127.72646456346143	-74.85795130335507	-17.57211924006732	34.22162290479942	-197.61600004956392	73.97638290792432	-98.47345662687746	52.8574808996529	-252.93997272270042	123.51007957894
3.7796610169491527	12.994275195299057	-520.4101083722585	-18.532610258526674	8.332243952742484	204.37220012744135	71.79274584385817	46.35530646659139	198.3096617642131	-150.2815176416633	252.61667851730766	-0.19207778082131854	-332.7128676060476	-91.06240301054072	-82.3279825190218	-121.793179397001	-74.16227138356109	-16.49162891613192	33.914027202329066	-196.46206343910902	74.69990938688618	-99.34281335932499	52.32704873900287	-250.29457247696456	125.84379600121162
3.7966101694915255	10.555305539983005	-520.3383706351777	-16.29840024635831	8.30634222122182	201.23903028873795	71.87158724315172	45.979183776131215	198.07932081897516	-150.65453397276082	253.16911028357572	-2.6674591348843624	-332.58530027201414	-91.96034833953817	-81.9277880864137	-123.05009382091467	-72.52565765848829	-17.176939487385038	35.82537685294811	-195.526378491561	74.54199146736867	-98.75460788037078	53.63886909830072	-248.8610444815102	127.90218133144805
3.8135593220338984	8.12054262726708	-517.8586486611184	-14.06694921480855	7.722778274702121	208.45621206177194	71.9896151364872	46.32102983766267	194.50876210855938	-148.14872047364685	263.0469918077437	-5.140336222381892	-328.89619777791194	-92.85808693355011	-81.18870668818175	-117.07872768100236	-73.39656077977637	-16.745729001645635	35.21894820846374	-199.8799321656375	74.81995326875715	-98.69054081086031	49.490144526113944	-246.50830600931758	132.83894307231253
3.830508474576271	5.688159172926378	-527.7190471703734	-11.836108084815685	8.214166561259393	212.50118220487803	72.29338078465486	45.3372945002957	193.65686339486376	-144.88639614083098	264.7336938162375	-7.611927466408394	-338.76829577882916	-93.75612850262532	-81.14223135160064	-113.324307731533	-72.6441912503539	-15.434308436225285	35.591308247244484	-199.95248562107088	74.58127098123671	-98.94681329242746	49.45621066057244	-243.37192860480536	134.16858501134348
3.847457627118644	3.2569550719898026	-529.7750681591478	-9.603781407682247	10.735564071879045	213.71161211265883	73.15528677209545	44.80710348801001	194.4296947963115	-143.60425917956866	264.60098816315514	-10.083166777538416	-341.44879672889857	-94.65538651767	-81.68493991426001	-110.57149870593015	-70.31226595451376	-14.043957378598456	36.0779661010408	-200.8632361604612	74.23312443267494	-99.05835621463177	50.49325152656896	-240.82691114713896	134.781239829398
3.864406779661017	0.825991000516145	-537.1409998636458	-7.365338993493738	14.12106414794425	215.190636553061	73.81232495915037	42.81958195492742	192.42372435114677	-137.97499999396638	264.9939279519414	-12.554917642332558	-350.04345145083505	-95.55954661385974	-82.34902632354522	-106.68105403890856	-67.97671078795537	-12.482200501092196	38.22725234633458	-200.64341238748153	73.16523963904	-98.96473472337667	50.24031794792459	-236.22211359598884	134.44016791878224
3.8813559322033897	-1.6056402028242405	-536.1228476911316	-5.0905334947966105	17.633637891030116	218.30373927372653	75.50973220241391	39.87919857161051	194.01807486719233	-131.91286413905857	265.18336431625755	-15.02817099706952	-352.37513507511534	-96.49059604680123	-83.33812827169052	-102.95117035006922	-65.85403345141071	-12.098651433735494	38.455577319098346	-200.0267274880903	71.82150385764858	-99.07847897364161	52.10956228826351	-233.2717688144495	134.5288898295218
3.8983050847457625	-4.039262058596441	-538.4339706975068	-2.502636232195993	22.776582073613888	221.15263227873817	79.19379633542492	44.0940789017783	188.44380303944953	-132.237514986017	269.2926082082904	-17.504595461164104	-353.4161925492893	-97.58414147100981	-83.91805927610585	-99.43965012045007	-61.397237627008515	-11.676442347623041	38.5899806447301	-202.33232678426765	70.9478817062318	-99.10507078390285	46.04328454328179	-227.8999722552924	135.4518822354572
3.9152542372881354	-6.480703202568751	-535.8291393530234	2.5764007171663836	29.093276004700545	221.4726067652722	81.23262445037024	41.060120462911556	182.80681736673037	-118.2521816610662	270.77603016087266	-19.991401651634305	-352.50555336218264	-99.5736535506541	-85.9489779039941	-97.12163294576291	-56.66131596598732	-10.58073484467551	40.91033327758213	-202.1333439416686	72.12398171584665	-98.84715734543656	45.129022185252914	-216.50361090257712	134.4731546558672
3.9322033898305087	-8.991956021908882	-535.6912146770254	3.37465726141976	32.04914852966997	219.20998887808773	80.0161538070635	36.59305194692121	181.5292716719769	-116.63094764946639	271.43592861278637	-22.557416719480667	-354.0030208175795	-99.08676910228469	-87.34478073334665	-96.45063314452668	-55.74090147964107	-10.186244552339282	43.72075658295737	-201.84776822155015	71.92620375601078	-99.42687121247019	44.72393047816115	-216.97300588068026	136.7297806412647
3.9491525423728815	-12.296658657270555	-539.7305869337729	8.867704226683141	36.212487180740325	220.60587838795033	81.07873078630188	34.90368616927632	177.326116833031	-110.23138443011285	273.2853262139613	-25.922359167341753	-360.9089310399801	-102.72708909723916	-89.179596005036	-94.40736515324615	-53.66431427802646	-9.331928175712166	44.97978877494414	-202.70970136994254	70.03901455945616	-99.83860218346247	42.73022996625846	-216.0889462162644	135.82694352031723
3.9661016949152543	-23.064337665394707	-538.8234171132149	7.977009307224325	38.2549418316416	219.19885475990975	81.98299412169031	36.8639314244636	174.06313274126012	-110.67716163213697	276.4433111533555	-35.70015259159938	-367.1287016934101	-102.35677561251543	-89.98698159894559	-94.77392164280728	-51.87068621736897	-9.548147545781982	46.03629260213186	-202.4554617342967	69.21724904941345	-97.92934773488037	40.679573106522966	-216.01488554654426	136.8285825426601
3.983050847457627	-23.318120116006497	-538.8947356094233	7.40892851089563	40.02925023066448	217.30200020916575	81.23569046428194	34.84249537860298	171.01941928389482	-110.88511617560754	274.1176791934546	-35.25524256734102	-357.9050512544488	-101.97345973204514	-90.78256349862454	-94.60985494085364	-50.67946136139811	-9.835304658000423	48.19461005355824	-203.62548274558975	71.29593572045789	-97.504490228614	40.179991625492555	-216.19281811587328	134.32268304154746
4.0	-23.253315046867733	-539.8857940578955	5.948389280112161	41.20002893527624	214.40276275239867	79.30547925904433	25.067144047930054	167.6579088093813	-110.06672148014333	272.87368688301325	-34.810904411706446	-352.57821430998064	-101.58950023681834	-92.08635164142956	-95.31223979337634	-50.71871704028682	-10.764085838199014	50.35548963127071	-206.95840544277425	72.99309818501462	-103.81598149866416	39.42284752741385	-216.00195443562242	132.45092358593627
4.016949152542373	-22.987271009850822	-539.9080865066128	6.448107355903007	42.92514804015742	215.8084015649569	79.9075288252947	25.78551952828266	165.02962763404955	-106.13407753517771	273.15720190906904	-35.303260490060374	-362.6118140905607	-102.14353642785821	-93.25144008980945	-94.29261319438064	-50.081787189125436	-11.346346008157598	50.01509294000419	-208.43611396521428	72.14124903758939	-104.57448467214658	39.1941058904661	-215.3543624446064	132.17810033274222
4.033898305084746	-21.85359618604762	-539.7719938601248	6.2683751392258165	43.35748041215794	212.88765085224514	78.7160600983959	15.451397049457094	165.32561564300565	-97.59777716875604	273.1543208332844	-34.01524265251659	-363.36815063787384	-102.29409695934234	-93.91231772502906	-95.97274369220227	-50.23490438604043	-11.668345970827179	51.63901479342916	-204.0748487633563	74.40912224188185	-112.62545300980604	37.40981838434353	-216.219772667123	131.03838879894903
4.0508474576271185	-18.430046349795873	-535.9885375206296	4.708579754844935	42.903996910714405	210.91847427667324	76.80206362984482	14.915090652650166	164.53293708082768	-103.98951349468737	272.00241052400315	-30.474781299279257	-359.97985313593443	-102.00702590807228	-94.19584086959162	-96.93862044981977	-50.910521112579076	-11.90871564288734	53.26110755575691	-204.1754193706981	74.97387470551605	-112.56204662675847	37.7560699395038	-216.8737241391143	130.17985465661502
4.067796610169491	-16.224558354414825	-538.6274056479849	3.9867909922275464	42.50360871936786	207.14123528047028	73.21036839004269	20.426868884646982	164.35546881473846	-104.3810896048881	267.7217906966529	-29.502162827354393	-363.0500198449623	-102.8597697179762	-94.52068966949676	-98.45154353569735	-51.99635998404805	-13.325239685409507	55.2306832382255	-203.34282354749394	75.74890515182167	-113.33135769798903	39.29146605670926	-220.86530793255073	126.13163891809302
4.084745762711864	-14.222319365041475	-538.8955212486755	4.392189484983215	41.349740498745916	204.37699856698043	71.20488504733477	11.080282312516825	164.06247955554952	-105.2964895956341	263.8589610521569	-28.536261587394748	-363.44448725097413	-103.91652415761143	-94.55842552857914	-100.04836123500473	-53.08808202266001	-12.737751013115675	55.89931569557076	-203.04223373401018	74.98577757216067	-113.78260447784504	39.70317989959776	-218.7830773457684	123.40388968667011
4.101694915254237	-15.274476918109205	-542.4091098388242	1.3560697614530879	39.59776961542816	200.95054072924503	67.65156273172668	6.333721906537013	164.5773861424904	-105.29237393120732	260.7349898251603	-25.73498691026437	-367.11165337949586	-102.89225319849683	-94.67360434176514	-101.6183661700998	-54.812034743568866	-12.275008624700712	57.479930568496286	-202.4516305801732	74.56157626004604	-114.90462921333963	40.62792294110333	-218.15971989484453	122.49290825835068
4.11864406779661	-15.759083003865458	-539.0336406720805	-0.9363947729569835	38.080007212149646	197.4779537333086	64.46195365003689	6.138395761465081	165.24108988764755	-104.4535442671685	256.7806818435696	-26.80212038515371	-363.64375522770763	-101.9290231548021	-94.84067068536777	-103.0669510847478	-56.194917579253584	-11.44761188035723	58.89656082101377	-201.28747684302434	73.98120740278972	-114.36259248025036	43.47714872081615	-219.0990496823293	120.87573032198414
4.135593220338983	-15.398131721964448	-538.6734871749481	-1.8574709533005036	37.35042263242798	195.86118972184516	62.46126482890992	6.474014835489032	166.03698071188467	-105.3225249753572	255.43488323159968	-26.97628920537042	-363.4413851149575	-102.53905608303377	-95.29359028069275	-104.81163693504747	-56.9585423431888	-11.754700435557739	59.53933764882347	-201.73577212100793	73.8110217075059	-112.8145924961747	45.337363955003575	-218.6441463997325	121.00287472514721
4.1525423728813555	-14.991262064854261	-537.9385613520227	-3.6898994537368934	36.09711042036658	193.0306697834164	59.90732102835785	6.799988257874995	165.83911896817273	-105.91706096064624	255.33491511415932	-27.107579430109467	-363.21654592556223	-102.4936725617669	-95.32412638454835	-106.09932337842454	-59.02731447281509	-11.740813217235557	60.59884402126933	-201.09910514755506	73.52416699749838	-112.54787943407362	46.269003781929285	-218.53864767867836	121.51707713797497
4.169491525423728	-15.287833367400905	-538.3117691232288	-3.746570542669761	34.74141611448554	191.1736408072645	56.14954751867041	6.395282072788967	166.49601912327267	-105.33714941216431	251.48409362812623	-28.622295084770496	-363.7637466501658	-103.25677249191949	-95.33146490862106	-107.05537136994538	-62.16559192157913	-9.35894273575341	61.484881687181094	-200.78941469514052	72.07332227868585	-112.2695793616298	47.7993881466931	-217.529700363341	119.26388986477642
4.186440677966102	-13.399086036145196	-540.0154418760233	-4.754805126950658	29.97256299004815	188.97809038761375	51.43899975409188	4.909644944724668	168.56469260183036	-106.92144982775613	244.0746774797058	-26.20816825550295	-364.9061486199909	-103.13958999514267	-94.87041651070541	-107.66510982871098	-65.30424919911718	-9.290542835273298	63.11461827506	-200.42273948376274	72.38035395571076	-112.61932247946346	51.9619747690133	-218.8634129994117	116.21332071035536
4.203389830508475	-13.304842300184033	-538.1317623592948	-3.5265869732567947	26.35134382102006	188.29097060008277	47.84001972768747	0.8572766495476398	169.26993594556623	-101.48050067926	241.00683883688367	-26.70710845347173	-363.3327922702657	-103.98269582026265	-94.65454377970346	-107.70509020346037	-68.35468539723989	-9.956086013366845	63.70751576563428	-200.5405643449139	76.46998211021962	-117.77030936445107	53.17318065779811	-216.66746315032464	114.34870535774445
4.220338983050848	-12.379574202879184	-538.4488397811618	-3.3681615852094557	25.278981032532734	187.14711649210284	46.34961557655517	-5.733533150497761	169.9771036470617	-98.84935170924885	240.7101421342815	-25.430492733475035	-363.3193885862814	-103.67583600245541	-94.72111064666473	-108.25079385386701	-69.5905942709931	-9.99360920940521	64.11479734460261	-200.5771402653969	75.6326765551176	-121.40708368243763	54.17650026394373	-219.20198838271875	114.88350679228243
4.237288135593221	-11.650441405091827	-535.922525231316	-3.2633671186155357	22.023467136757034	186.4528191622497	42.86042838115045	-10.352594139034352	174.6548785873397	-92.46603789020942	231.78805334732604	-25.659906915766225	-360.04290463224726	-105.22612320542564	-94.34209663126731	-108.02173658014935	-72.33306915273945	-10.583048041104036	64.84228315168646	-200.5577291016398	76.77851450004505	-124.85767868292099	60.013707812499476	-217.52650187251206	114.49506467342563
4.254237288135593	-12.220506726778606	-535.7705555416146	-2.589038956868122	19.05628428838323	186.03554566706674	38.944871425069145	-13.066136879590097	176.62503187711033	-92.56548465315282	231.31979524651442	-27.73416165956365	-358.84437377247616	-105.89218624139724	-93.9067947846455	-107.78660243805989	-74.65605675095756	-11.073357037872983	66.35234247926941	-198.4007300922018	76.72423294155708	-126.05468938723766	63.11189143841714	-218.7313106016472	114.48215654126892
4.271186440677966	-13.014480203053274	-535.7309801349012	0.6364458073169753	17.67933401142334	186.2519064429772	37.03225118562463	-13.305659156086609	178.19918642625439	-116.60675528772505	227.73683222163262	-28.596094081851152	-337.9022270621333	-108.13388096460727	-93.6925413066561	-107.24094442871872	-75.8895639277321	-11.488070706697409	67.09651598479292	-198.35110745610618	77.07455697650428	-125.03214100672362	65.28716707256692	-242.3908993161538	113.14422729882824
4.288135593220339	-18.460235221071503	-535.8198635271353	3.1654064773824304	16.315544516958983	186.88101034570218	35.13746512031602	-14.943444497711553	180.20777433729555	-111.32232238720843	226.4791050660483	-37.509757185800844	-354.9311898811527	-109.11386065861086	-93.50072266089882	-106.59279520072428	-77.26009195200564	-11.627212057947592	67.65021872632495	-198.42330192999466	76.27132493480433	-126.9680685711289	67.83226802496135	-236.47644317951872	114.10730473289117
4.305084745762712	-14.929838026761834	-541.5893716160904	6.926950007284118	13.276307147859743	187.37452858089463	32.89908064620877	-16.468460016879767	181.67972552714798	-114.61517227463011	222.10957226656035	-34.191433534209	-363.7474916573905	-110.48771544895683	-92.6268339862564	-105.49403821271528	-78.9830786982502	-11.67153726553963	68.16438181101005	-198.69317422474637	76.32807290384838	-128.21679124260865	69.57049629948418	-243.24362116240286	111.73685169694254
4.322033898305085	-7.489196803442849	-513.5560472774035	7.981841547371882	11.13738587843277	187.99914396551645	30.719331300430056	-16.835635215726388	184.33488984355142	-118.39292838973957	217.4262064866725	-31.525463758399912	-337.9421664261254	-111.12908678073889	-91.75196048580341	-103.61534214057028	-80.41299488737609	-11.68483563943486	68.92206469615004	-197.16912547464813	76.69942749756056	-127.68376343641899	72.78785166876159	-246.48864178532884	110.40153052939047
4.338983050847458	-19.482714654762372	-529.1724673570562	8.508838719388752	9.25605465187773	188.83051128472647	28.576350851415096	-19.760720165725377	185.9095862157756	-124.28686584367398	218.93498016970025	-40.00778846470203	-356.11858968690876	-110.32914223887435	-91.23710174002241	-101.72679218398955	-81.90189014760483	-11.679099949388956	69.57712081746459	-196.0670834175536	76.98579303689962	-130.11904064380758	73.58875260274216	-254.72948599732013	112.30011121146698
4.3559322033898304	9.282134891846885	-513.1128684994715	8.735784674104115	7.767593978357761	189.34248898120518	26.569196514321195	-19.472111234067224	187.1900014846605	-125.99909407872474	209.98972418897247	-12.981330583921874	-334.1692047517094	-111.79023071476988	-90.9072279237304	-100.23697289435432	-83.07238941485967	-11.57907484264116	70.42638265580906	-195.99273359500128	77.01900038993973	-129.01371133444107	77.44500849119376	-255.09813334193115	111.32965284897055
4.372881355932203	8.661952397974717	-512.2661223174414	8.759387293960707	6.508681414316739	189.79348872088994	24.752797656912055	-20.720015139820436	189.05021049715552	-126.84868598275175	210.99873117747052	-12.061338819947064	-333.62127063103947	-110.70610976906939	-90.83103250181486	-99.14169899349942	-84.31848877235451	-10.534246305138828	70.97079744785329	-195.2365460302231	77.79962654860954	-129.6752900375978	80.06573591669016	-256.54138861264784	111.07624124815149
4.389830508474576	-0.56526431532762	-537.3569634137565	8.760601547041611	5.877960318882402	189.18504268356975	23.60760923047937	-21.912631039319024	190.6271146625865	-125.42165306799076	206.18157898826095	-19.286118561021855	-355.50971734598517	-108.96037670877946	-90.8129963884586	-99.33672827909675	-85.01543626148069	-9.993579946664104	71.49569476200561	-194.19883412187173	77.872081213423	-130.36508529851767	82.27403790206111	-255.92471829965547	108.50580044751699
4.406779661016949	-15.569682353493793	-626.6870957690115	8.295049692669954	5.230793423139515	189.77744731880543	22.200735441966604	-22.52066482808947	192.3987459705294	-128.296560118719	207.60214421063242	-31.720403750334437	-269.8844386552621	-107.92446048299324	-90.81112493759517	-97.86116903819133	-85.9889821898032	-10.150948861742565	72.11169002469252	-193.66118320578303	78.34245733473811	-130.3831595406156	84.8100565678272	-258.6502952552992	111.57750099981818
4.423728813559322	-59.03276949429679	-610.0561302653334	5.418745654226063	3.2573405521627667	188.12145690318144	18.80534386451636	-24.974909733041255	192.6086604348531	-126.01731012356657	202.77972820156631	-73.07434085386342	-250.87441704350098	-104.49202917372014	-90.8229046644384	-98.21451111077894	-87.74362875858708	-9.4049422864803	73.76023265385805	-193.54548441927568	78.73964217388291	-131.14276196782026	86.84039496325107	-257.16286356597266	109.4620810041207
4.440677966101695	-72.5292015821831	-595.5878910891086	2.1090298637341527	2.009723037491546	186.87744371631862	17.423665828725774	-24.12403651185402	193.04676220623745	-128.36411956655024	202.66070108335813	-84.11239554271869	-236.69934250070932	-101.65329415017905	-90.8371536454994	-98.67622796798022	-88.83482745068946	-9.227376315518447	74.40663159375967	-192.57156696414108	79.23145602856066	-129.8938594529258	88.7329297056422	-258.2900382238133	110.06287823244067
4.4576271186440675	-111.97462644097293	-628.0582664141115	-1.3420514962027976	-0.23276391811687813	186.61701923312123	14.08987596652239	-22.59763160735405	192.6179516172072	-127.93256434339726	202.57799604356825	-101.0346270139998	-296.8966235730474	-98.22634175794632	-90.84470477523338	-97.49707460226999	-89.53912884535484	-7.4591542884168085	75.4977737053975	-190.6906483856087	82.16128890269576	-129.3468172906407	91.64428880276398	-258.8795906463257	110.16952519877483
4.47457627118644	-79.84229448128565	-642.1282412851765	0.3638190741485436	0.8443868796375374	186.08984549620214	12.91004567074528	-23.512837534442866	192.3807406823969	-126.76225566899882	202.00711906760841	-87.47002891255855	-284.808068742806	-96.61144423180576	-90.8638103135428	-96.51871314909799	-89.97795977796555	-6.344034645727049	76.63153977223364	-189.4046200191328	83.61942607318191	-128.10642482478673	89.54156941811652	-258.532381452802	110.45078405153407
4.491525423728813	-100.10427961398763	-665.7376499024238	1.0341761902713635	0.36403589821398236	180.34875842436236	-4.651744284965067	13.69011369909317	176.28019009914652	-51.80974404560651	162.14729066122936	-93.96522212657743	-301.57120269962365	-85.33271868315931	-88.82946465693973	-88.63616658524887	-89.06512908303945	2.819107949562946	95.97700895038786	-173.4964276022914	95.11989863674421	-60.63026553613679	89.99628546319566	-277.2061406273248	75.38277401294249
4.508474576271187	-85.48262936768529	-629.3143953560409	-1.5610218519153614	0.06432653935232327	183.08891608257835	8.651709227458282	-17.499998773451626	190.26149052476063	-130.83313648531484	196.50388857588385	-88.27130129566729	-271.210159976626	-91.65881024827127	-89.50902072424515	-92.99207361902987	-90.91955422621821	-2.4710837632882514	81.42114543675679	-185.54735107323498	87.06526553918265	-113.70459895335216	90.18158134663693	-261.9643051425787	90.11353880909323
4.52542372881356	-90.9456339115975	-666.4438907313023	4.38692597275273	0.5126879715822874	175.57754294503542	-9.051737516709428	20.8078613759763	167.55366541906278	-222.44487057717066	162.8576943255975	-89.33839363550597	-300.0990471835555	-88.54451290527307	-87.33339772130023	-82.18269558951731	-86.9273268514319	6.562109560679078	102.59447798475888	-170.28241406585425	96.27492704634628	-55.9028769481339	89.71281341356476	-277.84207971571993	72.67412235158108
4.5423728813559325	-89.30568602968275	-691.7438536195231	7.514745016723126	-0.4894424094276313	175.27531618410893	-9.778877030818725	21.71905946843821	167.0158669638672	-222.3591908240591	162.79549661993204	-89.35332620522826	-327.53050926931763	-89.931593615011	-86.62848848523315	-82.00861093542784	-86.98692348204963	7.195890901783166	102.78306870423854	-170.7727693698245	95.59831864072443	-55.44365292663951	89.74268552389285	-277.78835177848407	72.55902281190852
