PathFileType	4	(X/Y/Z)	C:\Users\dkfc9\Desktop\pitching_analysis\sports2d\raw_results\wheeler_01\wheeler_01_Sports2D\wheeler_01_Sports2D_px_person00.trc
DataRate	CameraRate	NumFrames	NumMarkers	Units	OrigDataRate	OrigDataStartFrame	OrigNumFrames
59.0	59.0	269	22	m	59.0	0	269
Frame#	Time	Hip			RHip			RKnee			RAnkle			RBigToe			RSmallToe			RHeel			LHip			LKnee			LAnkle			LBigToe			LSmallToe			LHeel			Neck			Head			Nose			RShoulder			RElbow			RWrist			LShoulder			LElbow			LWrist			
		X1	Y1	Z1	X2	Y2	Z2	X3	Y3	Z3	X4	Y4	Z4	X5	Y5	Z5	X6	Y6	Z6	X7	Y7	Z7	X8	Y8	Z8	X9	Y9	Z9	X10	Y10	Z10	X11	Y11	Z11	X12	Y12	Z12	X13	Y13	Z13	X14	Y14	Z14	X15	Y15	Z15	X16	Y16	Z16	X17	Y17	Z17	X18	Y18	Z18	X19	Y19	Z19	X20	Y20	Z20	X21	Y21	Z21	X22	Y22	Z22
0	0.0	130.67624264640403	280.9233188618195	0.0	143.67598751510698	284.93925436904266	0.0	165.670061768805	367.01123534482247	0.0	172.66835119637483	452.0509868747747	0.0	200.69443058944032	465.8928605606874	0.0	197.68568420567877	469.83022929892417	0.0	165.6685670878347	463.83722299165805	0.0	117.6715769120288	281.9308149834208	0.0	135.6770780001413	366.9064888407267	0.0	106.66569916164921	439.897966641664	0.0	136.62699303973116	465.0954910628441	0.0	128.62963921702084	461.99772380746435	0.0	95.65724799571666	450.89652505760387	0.0	163.67071570077502	177.90542315941337	0.0	188.66834381378345	139.95225453954168	0.0	189.6674999405806	166.94613812158298	0.0	174.66954095572882	194.9548813943749	0.0	195.6668281475475	241.93507491664664	0.0	199.6647936028518	206.92797247128908	0.0	137.70024442233745	186.93105906670263	0.0	154.24864718869142	229.92330192862923	0.0	181.86033511994836	206.9283163268003	0.0
1	0.01694915254237288	130.6444596512227	280.98671324050605	0.0	143.6558112252264	285.0212366133927	0.0	165.64395260581077	367.0959889418094	0.0	172.64968101588033	452.16647904369415	0.0	200.7586312303551	465.9119070114081	0.0	197.7436500252754	469.74047207983244	0.0	165.64674179487366	463.7866109454511	0.0	117.60802354577214	282.0035148675872	0.0	135.65070074505465	366.95370409345276	0.0	106.5282577484769	440.0317169822348	0.0	136.3471726085761	465.27928077701245	0.0	128.42436598434375	462.20275431754953	0.0	95.48854795963848	451.0348996317774	0.0	163.64658412066314	177.84105149794667	0.0	188.6533327810248	140.03106445233462	0.0	189.65234954917688	167.03307136261688	0.0	174.62358744749451	195.07470948010055	0.0	195.61232485541268	242.10168876536287	0.0	199.6218979778234	207.06666712404635	0.0	137.71345791370067	186.9550445983633	0.0	154.53509529070152	229.96144034045497	0.0	182.3647142199839	207.04824702809685	0.0
2	0.03389830508474576	130.311995883321	281.35834298114554	0.0	143.38335934484567	285.33467894496107	0.0	165.42934552277325	367.2894724671294	0.0	172.54574334597692	452.29134254254234	0.0	201.00752444756134	465.9593926246696	0.0	198.02876000665952	469.47636046111734	0.0	165.5288717119665	463.67404291426647	0.0	117.12408182732146	282.33697837682814	0.0	135.2474417134021	367.2062801636112	0.0	105.26588529211341	441.4104155978403	0.0	134.49579450132228	465.47474643443365	0.0	127.35431564625861	462.6997303290357	0.0	94.24924766870711	452.47125687044604	0.0	163.44754002310864	177.54743455915028	0.0	188.50359487608847	140.45665443844058	0.0	189.5364613682506	167.58003924554825	0.0	173.8031254435877	195.68379991162	0.0	194.0606010708404	243.81919210248503	0.0	199.00624216638107	210.47143865073653	0.0	137.734303096813	187.08179510039392	0.0	155.57097524013224	230.28244603770864	0.0	183.8985934472255	209.487547632099	0.0
3	0.05084745762711865	129.76413378773898	281.3359750438747	0.0	142.85944428575274	285.2109331082249	0.0	164.82522658499894	367.5674861461424	0.0	172.60115799952877	452.6317798793326	0.0	200.5348278599763	466.0140673531545	0.0	197.5502687045774	469.57657241810466	0.0	165.62029286839154	463.9914304161507	0.0	115.9010457217496	282.2314495205716	0.0	133.0968673535898	367.7015980150878	0.0	103.74278838383916	442.9436770004714	0.0	133.4271827989935	466.00370199710426	0.0	126.56826493515564	463.3489411812052	0.0	93.40099716149481	453.96779659820425	0.0	163.0352850890318	178.0404918433627	0.0	187.70185803619188	140.725577095437	0.0	189.15720691048122	167.84911645600206	0.0	172.91491738546418	195.7210770077581	0.0	192.11282870660762	243.9293443527237	0.0	199.2703742942179	210.8839181208025	0.0	137.65689143645898	187.49860817063836	0.0	155.63892065123713	231.39828998476136	0.0	184.62454590078863	209.13889515988396	0.0
4	0.06779661016949153	128.13815179868877	282.24310020307394	0.0	141.40750361083155	285.3138896687402	0.0	163.25684388893373	368.5806488583671	0.0	172.61996091925272	453.66318732770577	0.0	200.73374877220053	465.9697206580968	0.0	197.96219931030046	469.4247358531401	0.0	165.83101952314396	464.64085748463935	0.0	114.76916104351167	282.4794814199056	0.0	130.57749153351153	367.8609841914967	0.0	102.04365107807645	444.4892085850117	0.0	132.0430647248134	464.8442330577328	0.0	125.73298978852986	463.0666454042288	0.0	91.4033672900496	455.47371424787434	0.0	163.12824909698455	178.20854713455503	0.0	183.84441441000473	141.6017671723889	0.0	189.558387024563	169.11442462608642	0.0	170.63397204874818	195.8123625675354	0.0	189.73219447190033	245.08477564565555	0.0	198.8622794387141	215.6862562316752	0.0	137.5493914912388	188.0219686361978	0.0	157.91822323423742	232.24299936173094	0.0	189.2644108662429	212.90646781912832	0.0
5	0.0847457627118644	127.23267742226867	282.5493574402783	0.0	139.47679407460222	285.7345133723056	0.0	163.00697215516493	367.66521211361663	0.0	172.35735084825203	452.8223432061919	0.0	200.7820484869405	466.3372515474224	0.0	197.4200082377116	469.97221186337805	0.0	165.89606015389046	464.14587372277504	0.0	114.90290142432491	282.64404902846445	0.0	129.10731621466516	368.4098511965459	0.0	101.11587097120915	446.1830873238134	0.0	132.80108484454294	465.2051255172778	0.0	125.97784149123177	463.47487385063505	0.0	91.12008042198585	457.9914803038992	0.0	161.65774392770183	178.2020685885441	0.0	185.69899659843188	142.5764041280949	0.0	189.25879132318278	170.48991463790946	0.0	168.2854581618388	195.73547818722872	0.0	186.2920498543848	247.15252628766441	0.0	197.43535496415433	222.05631184866908	0.0	137.30150050484116	187.817199092811	0.0	157.36132957420298	231.7437122902898	0.0	186.89769067304755	214.48427139097515	0.0
6	0.1016949152542373	126.12638255504486	284.0988021757811	0.0	139.002216511958	287.2483835574821	0.0	162.22185734441786	367.60874057587984	0.0	172.27130776509048	452.4851624990194	0.0	200.54750197785535	466.2178039133194	0.0	196.62077009509895	469.55859305861736	0.0	165.61711590794852	463.638282154439	0.0	114.00043763352707	283.8437364437675	0.0	126.16199065304167	370.25696084436265	0.0	100.08215507330927	448.8744478298079	0.0	132.8439241111808	465.67107880841195	0.0	125.930376147375	463.6458568294301	0.0	90.71814943221358	460.02113925536946	0.0	161.69670791987	177.5466515941481	0.0	182.9463433250105	143.48698355269624	0.0	188.42208537737696	171.5254926736489	0.0	166.2825596213905	196.29164631515857	0.0	183.34022290835318	248.67827614826305	0.0	196.36005720647697	224.60355176629508	0.0	137.04398620662775	188.33619751359356	0.0	157.9423810175645	232.48352808403519	0.0	188.73785539535146	220.16493152378334	0.0
7	0.11864406779661017	124.75456772446536	283.8506940448712	0.0	136.8058499513927	286.49096250142793	0.0	161.47100223331586	367.2159119806569	0.0	172.35361899790516	452.38993414915376	0.0	200.3717642792144	466.1900824151974	0.0	196.4752526317405	469.20141340801104	0.0	165.57826900144295	463.5778885900022	0.0	112.71363930209466	283.16352434342576	0.0	123.69956512953088	370.1737165645487	0.0	99.69870862973224	449.50700506937267	0.0	132.34670202212573	465.7936120200185	0.0	125.68436981223252	463.27013147503635	0.0	89.86761673154072	460.71068129065486	0.0	159.1589097222253	179.2894750470966	0.0	184.3588382772979	144.0789884682522	0.0	186.72352103393263	172.1082507696624	0.0	164.55712843861343	196.83668231245622	0.0	180.50621749541864	250.59270800425398	0.0	194.4061967746725	228.39751224355038	0.0	136.59533835705463	188.9496923938794	0.0	157.82196665960606	233.85355466956645	0.0	187.6009483194784	221.97423286837503	0.0
8	0.13559322033898305	123.04878886832981	285.03634988394845	0.0	134.57270547801426	286.27745419984967	0.0	160.2452301981169	367.2206529455653	0.0	172.46739657955513	452.3250591418861	0.0	200.1192098894803	466.0919933307009	0.0	196.85704556289687	468.63857130907513	0.0	165.72388574966732	463.9234369945978	0.0	111.2913842439942	283.17251386304366	0.0	121.18331598376352	370.8125257199981	0.0	98.88384424796855	450.09589628516386	0.0	131.23540305105195	465.12144245776096	0.0	125.44206454286204	462.82216642242537	0.0	89.42616731633039	461.7352505092907	0.0	159.69050681178084	180.1553135651941	0.0	181.45445485490603	144.1402106923597	0.0	185.85594447144226	172.333414671851	0.0	162.6890457305966	197.5718217692028	0.0	177.68698173967064	251.89819112709606	0.0	190.43564040261555	227.64503116468646	0.0	135.75271098391312	189.95850635078904	0.0	159.59015463354518	237.46143486221808	0.0	187.45510760198778	227.67191676303153	0.0
9	0.15254237288135594	122.61445811460577	284.57181617617084	0.0	132.6766931468845	286.6892112204037	0.0	159.3310532127196	367.2370136098082	0.0	172.75073207889358	452.3563462868651	0.0	199.91594426623465	466.0112270794471	0.0	196.2539545952978	469.0354863537116	0.0	165.97588623226716	463.93503347887577	0.0	110.68329538790006	283.4226511102213	0.0	119.44225319575484	370.9091306237471	0.0	98.6757619939483	450.79036592489416	0.0	132.00026466509826	465.390326525995	0.0	125.41855824132409	462.76089672128865	0.0	89.90446176582451	461.5756723823118	0.0	157.6559501572959	180.84394262637835	0.0	181.60965337955315	144.3973940370019	0.0	184.30250323652123	172.59651186963896	0.0	160.29777066894715	198.13490256226967	0.0	175.16282299990064	253.4470059654551	0.0	189.9544770166043	228.75812622273966	0.0	136.05023935401337	190.22010181328272	0.0	157.52321574417846	236.26724055209962	0.0	186.466237243242	224.29542013125192	0.0
10	0.1694915254237288	121.91557412173677	285.3320347259296	0.0	131.91160803020495	288.3308905073209	0.0	158.86147434109012	367.30857919795653	0.0	172.73843724929426	452.72229643672176	0.0	199.74740934500736	465.638394075992	0.0	196.43369068858001	468.97707190544924	0.0	166.45469075933374	463.60846738531325	0.0	110.23617431916065	284.85305786047525	0.0	117.01690938438315	371.9989952130511	0.0	97.99480550429485	451.1613764970892	0.0	131.74475780622168	464.8198684713018	0.0	125.12428424851649	462.4311001002043	0.0	90.08606483693053	461.8791227950917	0.0	157.59758547437212	180.50899707845878	0.0	179.19699623146462	144.3616759114316	0.0	184.37474666253127	172.86748559593494	0.0	157.93129206190795	198.9549180129859	0.0	172.70625977485264	253.76856657241348	0.0	189.58394285252683	230.88833422837533	0.0	135.25633671375542	190.75547447930447	0.0	157.1340375970095	238.0944352561497	0.0	186.62197521121678	227.6616419094731	0.0
11	0.1864406779661017	120.11934649814353	285.52456430600444	0.0	130.08458927987272	288.01010287330075	0.0	158.65489088958887	366.79665540875084	0.0	173.2524801517861	452.65475691131405	0.0	200.0301297679677	465.49574819200785	0.0	196.46928285433216	468.5763009962436	0.0	166.58873534058932	463.1841762207128	0.0	108.59940355358536	284.64460749739305	0.0	115.83932762627143	372.1961265551111	0.0	97.26119814190787	451.0446037222989	0.0	130.99193436888095	464.52994470084394	0.0	125.04160107894846	462.22087760628403	0.0	89.85063217871455	461.69215304600255	0.0	156.11905163680552	180.90662814882305	0.0	180.01881191877442	144.31795795746052	0.0	182.77848000750336	172.54507488635375	0.0	156.7793174949826	199.22776016833873	0.0	167.73535312910624	253.88561212131157	0.0	188.49778474611608	233.41916587730043	0.0	135.0886079827994	190.21962675520382	0.0	156.32947954004473	240.4301302576911	0.0	187.2390489060972	227.9173471685179	0.0
12	0.2033898305084746	118.59529313960888	286.9020529244832	0.0	128.6362669903047	288.5042387376326	0.0	157.82328569491108	366.8150442532315	0.0	172.94398395431838	452.5517177566031	0.0	199.89120902454624	465.28599452794055	0.0	196.663175478138	468.08939256528583	0.0	166.25587437291523	463.8168294170532	0.0	107.49368815010452	285.845480415064	0.0	114.41690576201381	372.22307616893687	0.0	96.98137950237684	451.3617801226141	0.0	130.49137847830124	464.23207119266056	0.0	124.68605325341198	461.9782865893451	0.0	88.61561311085356	461.7960838277321	0.0	156.41172408900403	181.1809789372424	0.0	177.4595571384331	144.31478250365308	0.0	182.30265627053777	172.82482925773945	0.0	155.0947051148532	200.24075531793048	0.0	161.1890580911466	254.42498380358577	0.0	185.93486764996823	234.52077001678646	0.0	135.2465607340934	190.47633391321102	0.0	155.08654397863668	242.91054503926773	0.0	186.55412601406016	233.11272812217274	0.0
13	0.22033898305084745	116.48033652489768	286.9120503887248	0.0	126.30686336857805	288.4517938675193	0.0	157.84515150202884	366.81952225207954	0.0	172.8547625604084	452.1488833621372	0.0	199.6883168475982	465.55733233884973	0.0	195.96231919030322	468.48117109919815	0.0	166.08793401204122	463.1658951861856	0.0	107.54262896282523	285.43161694640224	0.0	113.65242176131193	372.0574046576876	0.0	96.60482224860776	450.93612854108886	0.0	131.40140587687947	464.03471432494166	0.0	124.59686280849189	461.9795892824121	0.0	88.65347723418074	461.9147260859519	0.0	154.1529504648123	182.98062976688038	0.0	179.63058267249886	144.6238104559958	0.0	180.8771841864786	173.62180999997292	0.0	151.994443158026	200.31763525840375	0.0	159.82080021868438	254.6875699103834	0.0	184.56842546832962	238.16638497104177	0.0	135.14902311948345	190.61989894727435	0.0	149.60865775215103	240.72459137465654	0.0	182.55184098333464	232.2333630711014	0.0
14	0.23728813559322035	116.17850018374766	287.32072238289686	0.0	125.27475302128597	288.9465559238352	0.0	157.7868945593554	366.9890145370347	0.0	172.73597931024568	451.9478902362754	0.0	200.233019606525	465.9880850780727	0.0	196.27252618407303	468.96707604337763	0.0	165.8646256156969	462.6722717371314	0.0	107.93310170869782	286.7332053494652	0.0	112.79739672406848	372.27580235006064	0.0	96.5810370543131	450.94437407161206	0.0	131.25527754200598	464.2927834544695	0.0	124.86737757002871	462.1183654228396	0.0	88.68426528263487	462.0963728200991	0.0	153.623635654426	182.46297134942915	0.0	176.98453166188958	144.94243214591054	0.0	181.11505901455365	173.5728510961913	0.0	150.03795901226093	201.02334022416431	0.0	157.70941418010403	254.37654318098936	0.0	182.5108323885717	240.56982862776417	0.0	135.0735865892118	190.46073128250114	0.0	149.07605850733495	239.60203280037638	0.0	180.62168437493693	231.12034531194797	0.0
15	0.2542372881355932	115.0226581490997	286.9709299617278	0.0	124.03965311009355	288.30300019339506	0.0	157.69505800102817	366.81011390635575	0.0	172.6407051158644	451.25013728392054	0.0	200.33066807041504	465.4547463206844	0.0	195.87880692398977	468.86603866795866	0.0	165.11154963628817	461.5411789301706	0.0	106.25178058667896	285.4856531751407	0.0	112.95680588408987	372.3278738858636	0.0	96.48133517305806	450.8394512220551	0.0	131.13206039057977	464.06900662778224	0.0	124.61981800796734	462.0365017898728	0.0	88.44894853291386	461.83372857391714	0.0	152.00771397112882	183.83856599480558	0.0	177.4543528340314	144.97759309246243	0.0	179.71534489467308	173.4161076727745	0.0	149.837025707179	201.1064547224898	0.0	152.9332360035123	254.5827954679932	0.0	181.57495745216787	242.81101950207602	0.0	134.29573293946976	190.5999795347363	0.0	143.46626602470064	241.4724348738245	0.0	178.85926003553513	235.8925403270542	0.0
16	0.2711864406779661	114.0123150565996	287.29784448364717	0.0	121.8481512515564	287.25128906043625	0.0	156.52346761411803	366.05955543820494	0.0	170.91627858680357	450.6077940653606	0.0	200.18458402580785	465.11094840665606	0.0	195.75141551994054	468.51144378303576	0.0	163.32633952186063	461.6398446084916	0.0	104.07929556760403	284.9856226796359	0.0	112.67587904735457	371.6974180005935	0.0	96.4636981953105	450.6019937568348	0.0	130.97451182863975	463.93585100277494	0.0	124.91976305704262	461.97641612880926	0.0	88.29833368498407	462.4796062606704	0.0	151.36974982662585	184.32984603706564	0.0	176.4765340395698	145.0876626504196	0.0	178.74433486042855	172.624875571148	0.0	148.09985804770247	201.73752759997402	0.0	148.14574865991747	254.24770999766866	0.0	178.73303238647986	241.97120027214422	0.0	133.56710590736603	191.22283284265288	0.0	141.29348156403645	242.4929227662119	0.0	177.834831156659	237.4158670803415	0.0
17	0.288135593220339	113.31200632595221	287.8726966321095	0.0	121.15844928514835	288.10981036024236	0.0	155.95357660281118	364.0319322192111	0.0	168.96177317527187	448.69900470819584	0.0	199.66094142768773	464.3826633242054	0.0	193.8613881373562	467.6610480625528	0.0	161.04424510993064	459.8328894037726	0.0	105.46207994631564	286.6050738316322	0.0	112.56746424430565	371.75790238024547	0.0	96.64904061592573	450.70778415974814	0.0	131.10934229161518	464.46181971798364	0.0	125.09646742846226	462.5046386613942	0.0	88.4585651237683	462.07405309603564	0.0	150.7582531813439	184.80706063753993	0.0	177.3414382651175	144.8833649902718	0.0	178.50720475670298	173.31454940576776	0.0	145.92010923945958	201.44012346730682	0.0	143.98935229799037	254.31951811915252	0.0	176.5788609103829	244.73264314321358	0.0	134.0446137739275	191.4561697416478	0.0	139.3070627990868	241.8974389867132	0.0	176.49964800935123	236.87578082463742	0.0
18	0.3050847457627119	113.16846508826751	287.8765378302789	0.0	119.5118532153565	288.8462507558861	0.0	155.85287982208735	362.6509854352932	0.0	166.76385128131022	448.0428681485677	0.0	199.17685966773286	462.64301222111504	0.0	193.19686306621622	466.6686686664318	0.0	158.8614574766961	459.22939222613593	0.0	106.39292234188278	287.73546273684354	0.0	112.71390564501246	371.69793452533224	0.0	96.67321837612687	450.6997840590946	0.0	131.09610324676441	464.47550110049104	0.0	125.11356067266392	462.5722977516293	0.0	88.26440240582474	462.22681671155243	0.0	149.8931402901317	183.85477608737995	0.0	177.29811948839486	144.86725225811497	0.0	178.1717940709978	173.2160597041663	0.0	143.22764087321258	201.7349695685087	0.0	140.06305622106348	254.10814605669754	0.0	174.3185652035324	247.0843452657984	0.0	134.67480863967236	191.90334647666097	0.0	139.5812283254918	241.15013609857655	0.0	174.15096087619878	237.2711435615089	0.0
19	0.3220338983050847	112.91319533070978	287.5993471381097	0.0	118.7953549504663	289.1891833895225	0.0	156.04826917053248	362.27052732708614	0.0	164.25029245971686	447.8217336885954	0.0	198.59812073889464	461.42869181505523	0.0	192.61822852175683	465.9264159434953	0.0	156.3771493158867	459.4676826845141	0.0	105.46790757915782	287.61233038309757	0.0	112.89747156668415	371.7381626529493	0.0	96.57790762848373	450.44966969502246	0.0	130.61254466784112	464.03969261611223	0.0	124.78294081843762	462.47174686487665	0.0	88.30116515355483	462.61895153556947	0.0	149.49775771736785	183.71782842644816	0.0	176.54065290281713	144.72101028503795	0.0	176.9664033918628	172.57197257743445	0.0	143.34707677552208	201.7309493581795	0.0	136.66591336047392	254.24268858898017	0.0	170.22114560495945	249.5746550187822	0.0	134.02046095317004	192.04207300347562	0.0	142.76695894148497	240.57071637269982	0.0	169.54500352268676	239.14614023794502	0.0
20	0.3389830508474576	112.6155738564064	287.9199552073907	0.0	117.42581669077289	289.6011765319499	0.0	154.83406898553756	362.43558837116643	0.0	161.30307158474022	448.39488612708703	0.0	197.12322194600515	461.0119980750647	0.0	191.14120891059193	465.7326702105104	0.0	153.7895154338243	460.4549866017072	0.0	105.90559698762611	288.5605959656568	0.0	112.66282889466754	371.8470447214895	0.0	96.64653885831532	450.47140095713894	0.0	129.39301915488076	463.0553370229206	0.0	124.12928025938209	462.00920472021267	0.0	88.1444998247539	462.55767575757784	0.0	149.5133055604768	183.68496539391157	0.0	171.770535684478	144.43948277550032	0.0	176.35293955544498	172.00116729420554	0.0	141.3331242736085	201.71027376473108	0.0	134.663173307906	254.36913508352262	0.0	169.32204785640016	248.43273483249473	0.0	134.13595538046528	192.8002442085122	0.0	140.7643410468412	241.28613847697105	0.0	169.9944712481502	242.1371076265685	0.0
21	0.3559322033898305	112.78508194356326	288.25881548184657	0.0	116.92444747754799	290.14999394716637	0.0	154.72769294961552	361.79862299039365	0.0	158.7903522605034	448.2932759085736	0.0	196.7928939498628	461.4671514750146	0.0	190.05528045321347	465.53066910646004	0.0	151.05704742723228	460.3658399363395	0.0	107.36224423337248	289.15649388883566	0.0	112.97820827360485	371.74998057618717	0.0	96.6172960357064	450.4421144733972	0.0	129.3593871424372	462.27765940592496	0.0	123.69796115532866	461.94876248837727	0.0	88.37904558660843	462.3585458586317	0.0	149.18716975781317	183.69097781076823	0.0	172.1988402239158	144.60943677257643	0.0	176.9970701906259	171.90341162018973	0.0	139.34392638407454	201.42936300823132	0.0	131.48458560728278	254.0079649936833	0.0	166.63449460091852	251.029186375063	0.0	137.18291286336142	194.1594994800995	0.0	140.4736121987897	241.39186380807953	0.0	168.58056923936158	242.58136905826655	0.0
22	0.3728813559322034	112.62039794721952	288.3805219570754	0.0	117.12788342555834	290.3265246014716	0.0	153.55257023588638	361.8115285503211	0.0	156.23983919714885	448.21150676423883	0.0	195.45306839607213	462.04078948170235	0.0	188.54392508668303	465.92218919254594	0.0	149.40346564251655	460.60355454607844	0.0	107.53950182118075	289.3338611024358	0.0	113.18723095676324	372.01847223409175	0.0	96.77629311747458	450.4792198515258	0.0	128.95437938853723	462.20344258546606	0.0	123.47230287525149	461.89589657972476	0.0	88.46202833397741	462.4838220895599	0.0	149.39532036054365	183.68864770344737	0.0	170.92977458538226	144.60112191001423	0.0	175.97762357745805	171.3483302780752	0.0	138.67509127115258	201.21592766327106	0.0	129.85032300042982	253.77478140403605	0.0	165.13108272417224	251.2317913808521	0.0	137.89663878226733	193.8628608744534	0.0	141.80410142427127	241.43907811347248	0.0	168.06315476845782	245.16682473457146	0.0
23	0.3898305084745763	112.9660767578329	288.49607468711116	0.0	116.43497531518896	290.46693679357855	0.0	152.8784032754516	362.27003812155897	0.0	152.97709809625582	447.9549902237944	0.0	193.0229632618823	462.1456772808773	0.0	186.01386425976239	465.9590010867427	0.0	146.9079421073066	460.4761013265756	0.0	108.40637844217517	289.587571669608	0.0	112.97607412681069	372.0469143333589	0.0	96.82313244086691	450.5206919526313	0.0	128.46860274600198	462.20067942690747	0.0	123.63422129062687	461.76355950389603	0.0	88.06948984232184	462.7749156383776	0.0	149.1432382556531	183.68234625071022	0.0	169.3756614734906	144.54016048444714	0.0	175.46629169680494	171.19470189153878	0.0	137.0966093462496	200.7853076106578	0.0	126.46657720407677	254.0187582584529	0.0	163.7728082685054	252.37810441788443	0.0	142.20734081408682	195.0313637511113	0.0	143.70336435985746	241.71637481284802	0.0	167.69153754339885	246.08628357140987	0.0
24	0.4067796610169492	113.41249929906817	288.4663469100629	0.0	114.82793890428324	290.4451655796539	0.0	151.46063851180494	362.5023014507699	0.0	151.1317320554209	448.25764110829687	0.0	188.91663941978896	462.20548905089004	0.0	181.58449828983814	465.8797495941317	0.0	143.83862872420153	460.4525172291092	0.0	113.70920474489189	289.6322265987121	0.0	113.24497293721836	372.0807066647866	0.0	96.7564474889372	450.545433092754	0.0	128.1166832522814	462.1487420930039	0.0	123.8391771741403	461.8974656186657	0.0	87.873527404219	462.99648589709517	0.0	149.18419960653694	183.6718359310212	0.0	167.02576264749524	144.53905741740985	0.0	174.6845645813599	171.47440046975044	0.0	134.13186890136717	200.78708845465965	0.0	123.95806685592072	253.91724187833017	0.0	162.74401929240523	253.15540910171433	0.0	150.45268345625482	197.8474495415594	0.0	143.9839813441072	242.33250405774098	0.0	167.43772337822423	252.5551239549912	0.0
25	0.423728813559322	112.93033240764382	288.5409090739848	0.0	114.26480797096588	290.63288223417607	0.0	151.48598501877748	362.1617745039473	0.0	149.7483540437618	448.34589382330967	0.0	189.01671276602494	462.08001941234136	0.0	182.11711114939834	465.9032333982596	0.0	143.00510807719098	459.7738522048948	0.0	112.3687235933006	289.86899978572245	0.0	113.51923223081903	371.89839022959075	0.0	96.7737416971328	450.8218960175857	0.0	127.99391693211268	462.0793746745419	0.0	123.96083119639144	461.95894286798125	0.0	87.99306494017037	462.9905459924508	0.0	148.05696211953693	183.69202801173978	0.0	168.83039737819823	144.19352180851743	0.0	175.28222231932284	171.16539151360627	0.0	134.7598451768788	200.44787863568158	0.0	123.14966003670224	253.84670327821823	0.0	161.36682260545913	254.2410397399546	0.0	149.21648963771577	196.98546372522748	0.0	145.39690773416237	242.66308657856473	0.0	165.86400212951963	248.06600387780188	0.0
26	0.4406779661016949	113.42239596455376	288.5616307561603	0.0	113.4255426035202	290.8173793941971	0.0	150.33093526099304	362.02899480137086	0.0	149.2421157978178	448.4089461072059	0.0	189.43245418518848	462.09287564594115	0.0	182.52854482871868	465.91925674826064	0.0	143.28037535612046	460.14647074849586	0.0	115.35553886237177	290.31074878731465	0.0	113.70378250235403	371.71874470224725	0.0	96.76159367192406	450.7269117893846	0.0	127.5744242113524	462.0954477000992	0.0	123.72932223035457	462.00882442918504	0.0	88.06705555822873	463.02883965075813	0.0	148.12692854955498	183.68869275125513	0.0	167.85617417862161	144.18928237660825	0.0	176.20055428421838	170.93636054985515	0.0	132.71932890985056	199.82744905931762	0.0	120.62935447827083	254.19737884152113	0.0	159.10557007645906	254.68948419562903	0.0	152.0431684665877	197.44436042586338	0.0	147.47801485273936	243.20663119611766	0.0	166.67581025122183	250.3459479834329	0.0
27	0.4576271186440678	113.03722192561922	288.39054083607937	0.0	112.1272446519593	290.8246067077267	0.0	149.62970129815338	362.3294021851427	0.0	148.75013520209902	448.5087753992898	0.0	188.7778521944157	462.0917184861789	0.0	181.80720956580987	465.89173319274255	0.0	142.76345329540135	460.6999030059545	0.0	115.23396881102917	290.08313132909973	0.0	113.58000623980297	371.5191468321465	0.0	96.76258290359588	451.0170242218679	0.0	127.23203143270918	462.0995148143305	0.0	123.45240280376605	462.0313445751217	0.0	87.94190514374877	462.9936312476757	0.0	147.727841834931	183.68181381407132	0.0	166.62465816552876	143.90056690236491	0.0	174.29314997629552	170.47723852529992	0.0	132.67879161938913	199.2671469765939	0.0	117.37601324198931	254.07647169058302	0.0	157.5864573148625	256.16915514025203	0.0	152.17868862714795	197.52848836119708	0.0	147.82837256716377	242.5868819094722	0.0	165.8272303739859	249.43159101556043	0.0
28	0.4745762711864407	113.9447258071351	288.21249684722943	0.0	111.7048596244027	290.15170613712354	0.0	148.4374545195741	362.79535142115543	0.0	148.3596132358805	448.56257537096855	0.0	187.1076832227977	461.95893769563827	0.0	179.91012321657473	465.78031361443664	0.0	141.75067362513795	461.05492302016114	0.0	119.87944278533593	289.5284515120486	0.0	113.69218239853689	370.73511153786626	0.0	96.76361514426995	450.6751437657611	0.0	127.12879937898296	462.0358856572286	0.0	123.43278625991378	462.0074929044658	0.0	87.85475823501594	462.70019738443165	0.0	147.34290623578636	183.6705738769501	0.0	166.63211182377628	142.46381219042306	0.0	172.2670009234483	169.14392923542002	0.0	129.47131984271107	198.79344702878467	0.0	115.93065976692255	253.82902038969831	0.0	156.52112112940992	257.43008735230933	0.0	155.37105718250365	198.17025665274645	0.0	148.24070974306701	242.33995622713934	0.0	166.71156162189018	250.23631297270305	0.0
29	0.4915254237288136	113.44667410460808	288.1807185663454	0.0	111.51947873022064	290.06108027278304	0.0	147.91861170186849	362.73564790015234	0.0	148.04961473957093	448.3802460010064	0.0	188.32620462030843	461.69817735134905	0.0	181.5164047712628	465.8045011632207	0.0	141.2968895284034	461.03132675163084	0.0	118.46962963726199	289.8135472275195	0.0	114.0200518581643	370.61786944889053	0.0	96.71190719182312	450.67437073349515	0.0	127.40535700860471	461.9513629751275	0.0	123.33048986714806	461.9863477769827	0.0	87.82021961130445	462.78109695613205	0.0	146.74797483957113	183.72750158572967	0.0	166.60794287868933	142.1031137871979	0.0	173.4043005873234	169.4487690833578	0.0	129.15344401030939	198.93035702199163	0.0	114.25863341227449	254.05886805847337	0.0	154.71517846945446	259.31467659939443	0.0	154.34439648454997	198.0889753354249	0.0	148.30815962036445	243.8900071219615	0.0	163.86929375041342	255.29532822382308	0.0
30	0.5084745762711864	112.77271258013576	288.3089705523953	0.0	111.48595053876002	289.962005892448	0.0	147.12721950215746	362.4531593047655	0.0	147.9094665016239	448.60496507359414	0.0	188.36696268598087	461.5910369688903	0.0	182.30517863068314	465.86281458501674	0.0	141.9075320178246	461.2446956248428	0.0	117.65270502390963	289.8956521146773	0.0	113.80652142689945	370.3455024631493	0.0	96.67834525943692	450.4204736020041	0.0	127.75814384305608	461.96874299482397	0.0	123.17838327755936	462.0246550822761	0.0	87.80453643190538	462.87388913628024	0.0	146.11914186033104	183.8791817554212	0.0	165.7288457507431	142.36453725781865	0.0	173.17508046805375	169.74932161740816	0.0	128.2889329708891	198.89126978405383	0.0	111.37034317690951	253.948083966763	0.0	152.2980327349824	260.2774476598463	0.0	155.9084401928855	198.04139561028614	0.0	148.8937112280436	243.65970174126096	0.0	163.01428720114396	257.1504061930209	0.0
31	0.5254237288135594	112.81398138441277	288.6660415819666	0.0	111.48552539220286	289.84558565086706	0.0	146.91029354643132	362.55279001345525	0.0	147.01171106171316	448.55576953468073	0.0	187.19719490802285	461.347266146475	0.0	181.18903116467408	465.8906241129283	0.0	141.00799615387479	461.77257228736505	0.0	118.0728862690887	289.93602348805473	0.0	114.12827677427194	370.3788149446378	0.0	96.66455241256162	450.2728316724564	0.0	127.30786866935765	461.99672466023816	0.0	122.78666522805369	462.08585685425146	0.0	87.82771008944877	462.95199327230785	0.0	146.0392375294447	183.89369851005435	0.0	164.7259136809008	142.15373658304938	0.0	170.04982250847394	168.9711127965135	0.0	127.93462533027056	198.75508327879368	0.0	109.44490742917439	254.29798199299103	0.0	152.90389732161032	260.85482902693246	0.0	156.3256704859095	198.1130607152128	0.0	149.04041019421834	243.8505811952732	0.0	163.02446592882563	257.0616383930432	0.0
32	0.5423728813559322	113.74015013658476	288.91179824805795	0.0	111.41950949470422	290.0111977064238	0.0	146.33617874474933	362.7946061363175	0.0	146.3249638263472	448.7019714022756	0.0	184.6908503153906	461.3479950178626	0.0	178.06075448350035	465.8505451343766	0.0	139.69567748169064	461.8204833493809	0.0	121.78662003453275	290.6752907789519	0.0	114.08555991211828	370.41220175694286	0.0	96.6175398307133	450.0386888907376	0.0	126.90308548758395	461.97436991584806	0.0	122.98999821495732	462.13888906414337	0.0	87.82647480089312	462.88946087669865	0.0	146.01469606388025	183.89943254904745	0.0	163.9898760090336	141.24132123144938	0.0	169.6451300377667	167.92963213558465	0.0	125.80450474822192	198.69501175091	0.0	108.0265660795354	253.66130651833373	0.0	152.8146372031841	261.2013089316712	0.0	158.39923550616962	198.93145744663843	0.0	149.177457158757	243.53809766972444	0.0	163.3650763527139	257.92029130600554	0.0
33	0.559322033898305	113.59248958170791	288.8908216378961	0.0	111.33867467816785	290.1588147780941	0.0	145.98427227274155	362.8929973163947	0.0	145.80300957568892	448.4402465566171	0.0	186.61118963809298	461.4653162294769	0.0	179.73204899338498	465.79895866699906	0.0	138.90216252832164	461.6932978789329	0.0	119.80679332850191	290.846398741524	0.0	114.20494575845001	370.32534975138526	0.0	96.49261195966955	450.1052254131216	0.0	127.30898602265128	461.9048065458528	0.0	123.09000502480933	462.2152804643261	0.0	87.56974830811143	462.8144522028243	0.0	145.88417909993888	184.01839411997128	0.0	164.1591066248742	141.87578803736028	0.0	171.46125926549257	168.57294980671776	0.0	125.9531217693855	198.6645976925111	0.0	106.96042932590704	253.7385320076566	0.0	151.61679323468337	262.81301454138605	0.0	157.73771602556417	199.56600633212935	0.0	149.79538325061768	244.87888069603827	0.0	162.5215456229286	259.6845914205549	0.0
34	0.576271186440678	113.74368810575601	288.98315316002277	0.0	111.46755798201049	290.54048206151987	0.0	146.15286151796317	363.1032579282573	0.0	145.24565870526865	448.522847964011	0.0	184.84753797361	461.32340623356015	0.0	177.86791304025897	465.80663949303215	0.0	138.32034001126817	461.5364765002562	0.0	120.70276849173547	291.1102862564343	0.0	114.36406460850057	370.50514488442803	0.0	96.41986813039424	450.3461395561818	0.0	126.71330110649043	461.93699107871794	0.0	122.26172583876522	462.4536574020184	0.0	87.41498047627569	462.7991586127114	0.0	145.83669090046476	184.28366230806296	0.0	162.86048920306564	141.87642746677267	0.0	169.27464756266352	168.45777206235522	0.0	125.51210986291889	198.59439663277453	0.0	104.85585950489633	253.64380627869252	0.0	150.10468660019558	262.7061063077447	0.0	157.4797533785685	199.6062061959108	0.0	150.05067724919033	245.13982226356444	0.0	162.06141184148697	258.95777641507465	0.0
35	0.5932203389830508	114.19921727874447	288.8898471465761	0.0	111.40862322564598	290.54462475846583	0.0	145.7004459388877	363.34271353938925	0.0	144.45639800277146	449.0382104369679	0.0	183.7531440560145	461.6527140834132	0.0	176.71357317302454	465.8365509286224	0.0	137.47092772199386	461.78089688247053	0.0	121.52740973257963	291.1658797156939	0.0	114.36410069843592	370.47996347989124	0.0	96.76316171150114	450.23345389235345	0.0	126.41294405900115	461.9751352962327	0.0	122.35773495190163	462.506552459971	0.0	87.48185534641284	462.66826374040045	0.0	146.23149407426845	184.1828920712046	0.0	162.05283704459518	141.2421296678105	0.0	168.83098923409977	167.61692298146585	0.0	124.96024530981754	198.73515911657472	0.0	104.3456773447558	253.36349777270152	0.0	148.77195594381647	263.4835144333479	0.0	158.64267744895315	199.6839541841134	0.0	149.96247683838192	245.7074162966274	0.0	161.9028594053952	260.3018591182494	0.0
36	0.6101694915254238	115.0437649493311	288.90490488903373	0.0	111.48611755881821	290.7010133289812	0.0	145.06141886747574	363.3822197606425	0.0	142.42520381623092	449.48590890022797	0.0	181.5366333205075	461.6709617523097	0.0	174.6676231969276	465.7732642157644	0.0	135.16328540732778	461.7515082993767	0.0	123.38445476643946	291.44181666027606	0.0	114.41564988630313	370.44534957277637	0.0	96.9149960710177	450.0141727469394	0.0	125.42798077415318	462.015865897519	0.0	121.66947199527893	462.0432312663076	0.0	87.41068325454745	462.75458341113927	0.0	146.10008183345298	183.84496115266052	0.0	161.55782355674683	140.99129328093656	0.0	166.99819500807052	167.07343407398486	0.0	124.10833067020678	198.45980214945916	0.0	103.86769440666978	252.9201707462691	0.0	148.3833186981869	265.9737453555474	0.0	159.24339599081475	199.46953028755672	0.0	150.09869139592115	245.3673595514	0.0	162.1228348821342	261.305452502052	0.0
37	0.6271186440677966	114.77022829380721	288.5621237629259	0.0	111.59665468148832	290.7039519889574	0.0	145.2580867763194	363.0825856687185	0.0	142.0557590024135	449.1811390392529	0.0	182.15447223296167	461.6532700866401	0.0	175.2031046604799	465.7307075343408	0.0	135.3188031458207	461.72323320354565	0.0	122.62971011558146	291.3019371394323	0.0	115.04986294891862	370.421884752866	0.0	96.8975940988177	449.91520396353667	0.0	125.01823484025927	461.9509890322762	0.0	120.92210381571067	462.4706588834265	0.0	87.07239929717781	462.5449895567523	0.0	146.25828685452126	183.68141486112216	0.0	161.42684657168587	141.18118621946365	0.0	166.49189325341172	167.27613021054395	0.0	124.20954245975307	198.22520447627375	0.0	103.56366943742145	252.74526342858027	0.0	148.85762567150516	266.63853924059606	0.0	160.16771468481937	199.91199357021947	0.0	149.65611261789056	246.24734469176013	0.0	161.90101464197414	262.62313428585486	0.0
38	0.6440677966101694	114.79961986985967	288.4035430100413	0.0	111.74258727341899	290.7135246016051	0.0	145.1414651959654	363.10842771302356	0.0	141.2708252375109	449.00302558035503	0.0	182.53925712268628	461.64448718825133	0.0	175.6081018609991	465.7749695499821	0.0	135.17377377645525	461.7655604831323	0.0	122.57527088385336	291.09947069783266	0.0	115.30389332735692	370.43509651669524	0.0	96.97018610490915	449.8133090076007	0.0	125.4630293460383	461.8891296001325	0.0	120.85388129839501	461.90497920281723	0.0	87.05521530038087	462.081560512676	0.0	146.28335795117295	183.65139171469804	0.0	161.60355361414736	140.51235863904267	0.0	166.62636203139937	167.193541710838	0.0	123.39148757118592	197.9465158667996	0.0	103.37617208373683	252.27010621776355	0.0	147.2604547573918	266.1670610831064	0.0	160.25624097563076	199.85088355228572	0.0	149.58792847854556	246.08381957872604	0.0	161.51065450614385	262.3818945541991	0.0
39	0.6610169491525424	115.20849799682881	288.31907908620815	0.0	111.97052511218752	290.69735071928056	0.0	144.5977053502922	363.3272507145183	0.0	141.03200557704068	448.70829568891156	0.0	181.84738764358673	461.5103643614111	0.0	175.02763222690498	465.83299064513403	0.0	134.62831743865215	461.774617344282	0.0	122.62834392735822	291.12181100040914	0.0	115.2125376824151	370.2822084942726	0.0	97.09038816386233	449.5762763890881	0.0	125.61240702658259	461.86896613246745	0.0	121.1668910318435	461.29577490158545	0.0	87.08795332112507	461.783497044731	0.0	146.29803349166136	183.44145045195154	0.0	162.16295185884846	139.92101770165183	0.0	167.176469225459	167.17538806522043	0.0	122.73051450156345	197.87181180599092	0.0	102.189755155842	251.97255340571468	0.0	146.82488758064054	266.4725697479223	0.0	160.65983397709698	199.87593995942507	0.0	149.98430268191365	246.45547358701444	0.0	161.2297771973257	263.10164111661044	0.0
40	0.6779661016949152	116.23009682385873	288.25821854093067	0.0	111.96329781092693	290.3192331831686	0.0	143.56128655284016	363.38543586071023	0.0	141.16793039521173	449.02841838963616	0.0	179.8311008351695	461.9729955819197	0.0	173.6923347092114	465.84909728705634	0.0	134.0205059295949	462.25928125354505	0.0	125.1058672099947	291.0763155468072	0.0	115.25750974055573	369.3261303394459	0.0	97.14584670768961	449.02037276599606	0.0	125.44425070274187	461.7849481942726	0.0	121.48609360964011	460.4996610304327	0.0	87.04689988061347	461.39586465785897	0.0	146.06933835566332	183.5488756899953	0.0	162.48916987825487	138.78131022394027	0.0	166.97146439595105	167.24705347648185	0.0	122.00652732260492	197.7934567209031	0.0	102.09029422955275	251.2302645953904	0.0	146.71754221489306	267.01924827653454	0.0	160.6661044383781	199.89355005279214	0.0	150.56631794206413	245.8487622851519	0.0	161.62295797522776	262.6476919279422	0.0
41	0.6949152542372882	115.82699442596402	288.1636746575964	0.0	112.21821814938095	290.07906002555984	0.0	143.0938482268218	363.3911305453418	0.0	141.35151240265884	449.2794654577009	0.0	180.3343703143728	461.83135262325794	0.0	174.28356272209368	465.69207467846144	0.0	134.37450659400608	462.1133922194559	0.0	124.08767856479164	291.0615181941623	0.0	115.40842314666867	369.2617409677051	0.0	97.03169840063012	448.97118665167693	0.0	125.57555916422069	462.2412232972596	0.0	121.47864252201423	461.3025961318222	0.0	86.93417438438085	461.31663157592163	0.0	145.9496587341991	183.65063448343582	0.0	161.4770444100115	139.17297708038228	0.0	166.63928852628186	167.43803296667846	0.0	122.06795868400538	197.6310515173704	0.0	101.14116374129546	251.30247424031148	0.0	146.2623744179025	269.2804664407555	0.0	161.6982177506295	199.9505944053792	0.0	150.36711172022137	246.0770149094073	0.0	161.5288419110115	263.2055294498283	0.0
42	0.711864406779661	115.98471770571055	288.14752018698925	0.0	112.02706566244336	289.826717247982	0.0	142.2163397294634	363.60891031570105	0.0	141.06375583309705	449.52100780790875	0.0	180.1844597407072	461.8327983180885	0.0	174.21960493337403	465.6968295941514	0.0	134.24624151604695	462.30633310492175	0.0	125.01004043864354	291.0632924473431	0.0	115.4707273547942	369.26929249363485	0.0	97.01651971586851	448.78873387142227	0.0	125.70356574670993	461.99662434526795	0.0	121.45225518088546	461.37254788041093	0.0	87.17028451454475	461.25928656885003	0.0	146.1401514612586	183.7573936155752	0.0	161.92682217094625	138.79738255793035	0.0	166.4047543165817	167.11858132184162	0.0	121.45610090116	197.30635541366325	0.0	100.92203384783829	251.4829531483514	0.0	145.59980197288908	270.46609646727444	0.0	162.15974723846028	200.11646554247375	0.0	149.95827970279004	246.2898511472763	0.0	161.43131811577797	263.9373297416184	0.0
43	0.7288135593220338	116.97265687059561	288.6580484156923	0.0	112.51234606305843	289.6809998276578	0.0	142.00006770310353	364.457773515364	0.0	140.3378313198368	450.1986644118579	0.0	180.057092983164	462.039359096819	0.0	174.03193620838078	465.8434738054892	0.0	133.7560473908853	462.95236250075016	0.0	126.57417076264542	291.08466615256646	0.0	115.33953334594139	369.42014089167395	0.0	97.08100177149974	448.70354402784915	0.0	125.8706554702188	461.78428161715226	0.0	121.33896383726602	461.3524235766429	0.0	87.17240278028729	461.0487878402504	0.0	146.18083949939427	183.32542661420004	0.0	161.80973539610665	138.8563098549368	0.0	166.38193556985846	166.3236293646345	0.0	121.28544180867542	197.20921457142322	0.0	101.03471421928936	251.3580682727042	0.0	145.625625070678	270.34859840957324	0.0	162.01389881931246	200.13975695730818	0.0	149.99419964344526	246.51329496409323	0.0	161.24361296061915	264.3585956090134	0.0
44	0.7457627118644068	117.55717995163306	289.0584942503249	0.0	112.42539395929927	289.0667357236059	0.0	141.88679369635236	364.5637671430968	0.0	140.42611177961243	450.2157065715461	0.0	179.12715699274122	462.5853320703585	0.0	172.07664133901284	466.1962168888093	0.0	133.36573109917936	463.2662673389464	0.0	127.41084175548384	291.1035185706145	0.0	115.41410868592189	369.12464221446805	0.0	97.14984508252066	448.58387088283257	0.0	125.88907962033689	461.4865933975913	0.0	121.44266655859231	461.98421623224164	0.0	87.18344407617232	461.0856953123365	0.0	146.26560677733747	182.54100599731908	0.0	162.1581352542663	138.2897671183385	0.0	167.1269831758226	165.8523451734893	0.0	121.36958134575244	197.11785237409083	0.0	100.99514205016533	250.82252090787924	0.0	145.20626320570352	269.4736983941797	0.0	162.00914651888982	199.91491939433712	0.0	150.03163494324411	246.21063634661465	0.0	161.47293740725988	264.7170498543997	0.0
45	0.7627118644067796	116.87855813417573	289.15180683767846	0.0	112.39409476193886	289.706261145184	0.0	142.14053908391017	364.7208100297242	0.0	140.17842468767563	450.0039219639666	0.0	179.66476417394426	462.61484662946157	0.0	172.80356713002195	466.4787189903354	0.0	133.3661019077426	462.9273345811816	0.0	125.82080458464239	291.18598326679665	0.0	116.01357043139487	369.4704157710663	0.0	97.1644563044733	449.06642041290763	0.0	126.03348742230193	462.6429805477904	0.0	122.07235223976727	462.4883607306604	0.0	87.18309088062898	461.48436992823576	0.0	146.22099226609404	182.93248687402263	0.0	162.14578458021865	138.34228585473306	0.0	167.05322852109632	166.4264006327606	0.0	121.30525366919875	197.3766689961269	0.0	100.58619198150336	251.21871149554767	0.0	145.28217526228144	271.75833220292856	0.0	162.5375849116008	199.867267709195	0.0	150.91902138032324	246.2269198466863	0.0	161.3758842808665	265.2105088660194	0.0
46	0.7796610169491526	117.29670150946798	289.2218974038216	0.0	112.68457863156502	289.9711471247568	0.0	142.10531507433654	365.12720483148695	0.0	140.11072548603502	450.0190429377594	0.0	179.83286263094186	462.6306772016033	0.0	172.50255348597028	466.6181834314636	0.0	133.4095452043348	462.8830696315224	0.0	125.79215158081337	291.298224631152	0.0	116.32845187664742	370.01451339454957	0.0	97.1804139780632	449.1571912033255	0.0	126.07011717068156	462.85036875305127	0.0	122.0437561725213	462.62226300683733	0.0	87.19587806093435	461.5953521441372	0.0	146.16843596797577	183.1230304954015	0.0	161.91704692069652	138.10993969631053	0.0	167.87798918424537	166.69667673133637	0.0	121.32929969273624	197.31267375449065	0.0	101.13950538454489	251.41388589160437	0.0	145.2972660976707	271.7227365476632	0.0	162.89165006969802	199.708861139948	0.0	151.19889520237913	246.28765741978538	0.0	161.36498973913052	265.41564625316335	0.0
47	0.7966101694915254	117.83467962567718	288.986426728286	0.0	112.83019670484421	289.8412746879101	0.0	141.95740107103683	364.95953632361284	0.0	140.00610458417333	450.0845046077352	0.0	179.57521540972806	462.53768423249903	0.0	171.87265852421322	466.59498089752776	0.0	133.50013261607802	462.89118110002	0.0	126.97015887479478	290.9828544297396	0.0	116.569891558166	370.11009904995535	0.0	97.17759747897745	449.1984128821118	0.0	126.06341539295906	463.02764153882913	0.0	122.13428499288467	462.6247560103607	0.0	87.20131990571079	461.65825915598344	0.0	146.08476714292527	182.93494182886047	0.0	162.48025646117895	138.09757774826713	0.0	167.9990388046723	166.0839306391779	0.0	121.36773678509698	197.013162153309	0.0	101.13989217596938	251.48677433484886	0.0	145.32574843377836	271.73924696664	0.0	162.72899999234193	199.58718818541652	0.0	151.32666854681997	246.19165435180616	0.0	161.48100663655808	265.13887077351774	0.0
48	0.8135593220338984	118.26704223269992	288.9418413407699	0.0	113.18145908932023	289.5669745758962	0.0	142.153664856666	365.1528153115411	0.0	140.18771431566327	450.43132292098664	0.0	179.53598296825714	462.7036018100323	0.0	171.92446204042142	466.9558187121626	0.0	133.35268811078112	462.8477526952644	0.0	127.57565807266451	290.59967935456854	0.0	116.54189709045481	369.96914480930354	0.0	97.24259041087231	449.23848773743543	0.0	125.86617495593312	463.13925928745823	0.0	121.82435431578142	462.38212270246174	0.0	87.27697601128112	461.65419610740474	0.0	146.22872625515703	182.3157959504357	0.0	162.29942426427056	137.94413853532456	0.0	167.92306929993688	165.03020184917315	0.0	121.2046381089506	196.86530761380595	0.0	101.38197320006796	251.31758003873426	0.0	145.02857558936435	270.91807809124873	0.0	162.7558811567526	198.55420095865665	0.0	151.0714371397094	246.1634371917396	0.0	161.38869210394344	264.36855253230823	0.0
49	0.8305084745762712	118.18962691358253	288.8579743929871	0.0	113.3539257851042	289.850754100245	0.0	142.162797923804	365.0632275079679	0.0	140.15996430688867	450.26781564799353	0.0	179.48870468191353	462.808754160734	0.0	172.5439031502051	467.1023321896116	0.0	133.19527110949528	462.90963873515614	0.0	127.2099038785482	290.89468933739766	0.0	116.76378086401637	369.94163179992074	0.0	97.20961415677321	449.23399027432004	0.0	125.96173048563256	463.2143923493202	0.0	121.84901143088968	462.3338043514922	0.0	87.33974999458931	461.4984240621071	0.0	146.32777750746382	182.353319073434	0.0	162.23150410475102	137.80388230757504	0.0	167.52726620524965	164.83737002081602	0.0	121.2710569713649	196.8475110094037	0.0	101.20307812707497	251.2778169455463	0.0	145.19063673776097	272.1420712141608	0.0	163.31848202873434	198.50474949692006	0.0	151.44608572788815	246.17678468664357	0.0	161.41428214322258	264.52324742227023	0.0
50	0.847457627118644	118.23195821174659	288.8494852499225	0.0	113.9987054052427	289.8573960104176	0.0	142.10692789215273	365.1604299015037	0.0	140.11647371643005	450.18760531084655	0.0	179.5176822301641	462.6517984468328	0.0	172.73674809933925	467.12201460627205	0.0	133.14651574380187	462.7763127873974	0.0	126.96681670025939	290.8837903999475	0.0	116.70423718916305	369.98068269924676	0.0	97.22231042847393	449.25101632719975	0.0	125.9870327969598	463.27951933010917	0.0	121.82266910825882	462.33787238496575	0.0	87.4463550865947	461.44697839314813	0.0	146.4003247866247	182.00912617164064	0.0	162.0067461510861	137.68905735681358	0.0	167.22768313564012	164.77221108117334	0.0	121.37960339856538	196.7637978147429	0.0	101.29976707248719	251.2231321630515	0.0	145.22819567990277	272.159794261516	0.0	163.44856454791764	198.17964686993213	0.0	151.92867950363248	246.14805245699256	0.0	161.60089291407678	264.7047194069137	0.0
51	0.864406779661017	118.47342472561127	288.98517076945745	0.0	114.4828593314453	290.3868215637197	0.0	141.93337483931995	365.3966684113524	0.0	140.02516214645283	450.02035200896574	0.0	179.56154004575507	462.60619337009837	0.0	172.36440342104868	467.05621895667196	0.0	133.09937549891058	462.7757130749947	0.0	126.47701840619322	291.3742120706347	0.0	116.52165339040768	370.13948962890413	0.0	97.29420613887834	449.2622137071951	0.0	125.96504729193849	463.2813400364846	0.0	121.74179607387231	462.3361049388646	0.0	87.38718870089886	461.4315870293482	0.0	146.52569785476697	181.82008218890297	0.0	161.20430639722628	137.63857605908873	0.0	167.91075866926406	164.7214032147819	0.0	121.53079868799995	196.6430820043413	0.0	101.60521393845364	251.15245676659242	0.0	145.2224691799378	272.0075108542777	0.0	163.59642988188102	197.87553993584828	0.0	151.90463652307	246.08828459025113	0.0	162.16220000154357	264.9559481998777	0.0
52	0.8813559322033898	118.46439465352813	288.9520725265997	0.0	114.68403471683683	291.34171663305256	0.0	142.0704748309596	365.6174030126999	0.0	140.23932440049825	450.071248982249	0.0	179.4365867032471	463.43234126591284	0.0	172.0842193518473	467.06380873289334	0.0	133.40414694600895	462.8750023594604	0.0	127.59826136504532	292.2419464030911	0.0	116.3467823479317	370.6026026654904	0.0	97.30927841980122	449.21776826675807	0.0	126.10253913018111	463.13689719568515	0.0	121.68447923843175	462.29072605624225	0.0	87.33079073256923	461.40707139916105	0.0	146.64878205340983	181.73750878185905	0.0	161.06376978803274	137.7899894886639	0.0	168.31988493849826	164.7303978519953	0.0	121.54630238440814	196.39961292462237	0.0	101.72975541059023	251.05875536239415	0.0	144.74857998189358	271.80698191858653	0.0	163.33215100346763	197.31584857168934	0.0	151.94909265576004	245.98131629991445	0.0	162.56541101974025	264.82564361098775	0.0
53	0.8983050847457628	118.47609406085584	288.78667840446525	0.0	114.525725069347	291.3783526375098	0.0	142.36925291104262	365.66147552914094	0.0	140.3154301422395	449.5384196836284	0.0	179.66137511308747	463.35318775942403	0.0	172.57624863418994	467.1319978720709	0.0	133.43743238353392	462.5361543867816	0.0	126.8587346853995	292.34136303706146	0.0	116.37206745051151	370.7305797615145	0.0	97.3237816334807	449.1560916975707	0.0	126.2275571246783	463.0948120800993	0.0	121.60583402667734	462.23530878882934	0.0	87.29604619200457	461.3268069702922	0.0	146.59852629964314	181.68056458865877	0.0	160.74963027420557	137.88547355242298	0.0	166.70529901917783	164.72470718800258	0.0	121.46377472936061	196.70506860321598	0.0	101.52147097332636	250.96900982684795	0.0	144.8022185797832	271.5446250049723	0.0	163.54845516328882	197.7934467739559	0.0	152.34411474439148	245.9954083921885	0.0	162.6343693595062	264.7615555085449	0.0
54	0.9152542372881356	118.55959418129052	288.7427957188859	0.0	114.50359479603662	291.512321990307	0.0	142.42825736945372	365.7327457020424	0.0	140.38018993481407	449.4723571220843	0.0	179.72506821591926	463.39382282213364	0.0	172.66113337126026	467.19302907336896	0.0	133.4275217956876	462.4528414701755	0.0	126.70875570376113	292.4825528173627	0.0	116.36996192007454	370.93682607360415	0.0	97.33104698623957	449.1474486994657	0.0	126.24190871795167	463.0865483196725	0.0	121.59269922683998	462.22656979543797	0.0	87.26282990340847	461.3342115564301	0.0	146.5618747672276	181.6102015775637	0.0	160.70078929751384	138.24906940341083	0.0	166.3397289569148	164.6905225733558	0.0	121.44269307768948	196.79338930912007	0.0	101.52526018298774	250.82843822218058	0.0	144.9122690244916	271.73006473385567	0.0	163.58565366076851	198.1061396732798	0.0	152.43456561235485	245.96918814760107	0.0	162.68835557260178	264.9434115549851	0.0
55	0.9322033898305084	118.90294309932219	289.0190033037894	0.0	114.60000524894213	291.9212674371323	0.0	142.37486942536114	365.8484122907447	0.0	140.3538404123967	449.5422117111278	0.0	179.75912628583524	463.4738268992831	0.0	172.69260738696312	467.2299877524961	0.0	133.39493214087523	462.50108693337665	0.0	127.04419043358705	292.8737274730446	0.0	116.34142943305983	371.28332678359516	0.0	97.34396807479482	449.1507461190048	0.0	126.16574209866945	463.0473134556123	0.0	121.66542745614777	462.2284599117387	0.0	87.23396666197931	461.3966460290708	0.0	146.5093146462612	181.5027194292857	0.0	160.71691084950567	138.39734275099548	0.0	167.5095324949051	164.7110514769734	0.0	121.43692554771881	196.86200598079506	0.0	101.6908788077317	250.67856079307217	0.0	144.62129621035592	272.30771677966385	0.0	163.51108415344333	198.06354629208244	0.0	152.3613392849849	245.88096581160488	0.0	162.73911291120137	264.906360275663	0.0
56	0.9491525423728814	119.9859735966129	289.3561290692744	0.0	114.86528198356498	292.29180237510207	0.0	142.16467080082373	365.7086134983676	0.0	140.27786679868828	449.67400976647497	0.0	179.8466703727276	463.6031600991637	0.0	172.7458015111854	467.20312050112454	0.0	133.34771993997066	462.6182768129833	0.0	128.8467037738349	293.2100766906957	0.0	116.22792169309986	371.5443971135696	0.0	97.34387675317407	449.08585144143325	0.0	125.92258123674495	462.9342806844278	0.0	121.43733910288341	462.1898685343501	0.0	87.17935973900924	461.4571290949332	0.0	146.41879313818893	181.4239458396974	0.0	160.82986133506716	138.58382200507225	0.0	168.58102495859328	164.9619340946174	0.0	121.42620059846475	196.7666429204129	0.0	101.93179173571379	250.5423882413964	0.0	144.55184715412014	272.19286288603763	0.0	163.34927519535302	197.6658827229968	0.0	152.41883801105672	245.8734678141079	0.0	162.81934614304632	265.00643725484707	0.0
57	0.9661016949152542	119.50070873881828	289.4557740032286	0.0	114.86929316872548	292.49796565120005	0.0	142.14478879079638	365.7982376866222	0.0	140.20582822758055	449.5853195134711	0.0	179.8922159065292	463.4407433951021	0.0	172.83062136815028	467.1203091432076	0.0	133.24091348549925	462.5907684890798	0.0	127.74195800382995	293.52180854379384	0.0	116.19889488859263	371.77716307647773	0.0	97.33768344459357	449.14185080879736	0.0	126.09169050266749	462.91692893952956	0.0	121.4876496784994	462.1375082100697	0.0	87.08724109473194	461.49599305934635	0.0	146.30318917810763	181.65165226269923	0.0	160.4916460071869	138.95743821707296	0.0	168.39719196701498	165.0534252698025	0.0	121.3160348786503	196.98883837907624	0.0	101.8324556130373	250.7446828234319	0.0	144.53754775218636	272.1585595389909	0.0	163.24117546908906	197.96951396670687	0.0	152.58991728409606	245.83850215680394	0.0	162.79361911989568	264.8286986953362	0.0
58	0.9830508474576272	119.76234788429906	289.43929170810475	0.0	114.83712215724947	292.47253286930527	0.0	142.28474962311014	365.5667908280541	0.0	140.2772089878239	449.5274558287016	0.0	179.72130959886226	463.52144101046343	0.0	172.7080078915727	467.1634829159485	0.0	133.3134431213722	462.57526938922217	0.0	128.086353176572	293.5245433006898	0.0	116.40375210234473	371.6838672990786	0.0	97.3393684081971	449.1918462315739	0.0	126.38955408524632	463.0363758808812	0.0	122.03970223356626	462.4019110211874	0.0	87.13023031074778	461.5361790569458	0.0	146.30118965503866	181.60730988407443	0.0	160.5659431997879	139.30463569502163	0.0	169.16088330566964	165.09924752188977	0.0	121.44953138086912	197.1535534719649	0.0	101.781730135738	250.63439979291167	0.0	144.52265726065235	272.3785060768655	0.0	163.27264160801232	198.29881601068922	0.0	152.14444949218506	246.16772182222212	0.0	162.68160406596297	264.9106893394494	0.0
59	1.0	120.31414785070507	289.2623892797418	0.0	115.14622842257965	292.3274814915206	0.0	142.20812548661794	365.13559772604196	0.0	140.20267536776913	449.418589128097	0.0	179.75114577731637	463.5393246434707	0.0	172.74938868711374	467.30067068523385	0.0	133.2634514279867	462.49795901305697	0.0	129.8089325974148	293.4000744267295	0.0	116.73761655561967	371.58400873380083	0.0	97.2828446331597	449.2709797586293	0.0	126.6339732946191	463.18522648380826	0.0	122.27596340114937	462.5154000098836	0.0	87.11285289444979	461.5415767934138	0.0	146.2094858463254	181.47565219891422	0.0	160.68146519347562	139.30275073347673	0.0	170.14702630959346	165.0291082479269	0.0	121.48453659498506	197.06787531211012	0.0	101.9012612296064	250.42872070310628	0.0	144.5412640905572	272.2373203858505	0.0	163.02967163047543	198.26910178740405	0.0	152.1182026004289	246.13156410774616	0.0	162.62098103475418	265.0937018157904	0.0
60	1.0169491525423728	120.81155427963436	289.16245589485885	0.0	115.46255760907559	292.25275097628116	0.0	142.4723403037914	364.6647137235176	0.0	140.30696799003147	449.32982093590635	0.0	179.6942416621838	463.3599549526246	0.0	172.70143282433014	467.1777126759324	0.0	133.39190668548463	462.2093137763359	0.0	131.57556574902705	293.40548601797684	0.0	116.84785182570452	371.1135235304536	0.0	97.26079485166882	449.44617665349216	0.0	126.62333436953416	463.0830695043194	0.0	122.08378679939295	462.482605310962	0.0	87.09550788327951	461.4378352376239	0.0	146.251458988916	181.26588655722867	0.0	160.59757314035875	138.9334664394839	0.0	169.2189995037752	164.78159174376765	0.0	121.638750837775	196.80210685507484	0.0	101.89305889018368	250.21099912227967	0.0	144.19628045659118	272.15122662375677	0.0	162.9177892443825	197.91142247716817	0.0	152.16719058830597	245.82906540395248	0.0	162.5618615122812	264.972292172117	0.0
61	1.0338983050847457	120.40928065978314	288.9203543248069	0.0	115.29156358041226	292.1758712539439	0.0	142.5263633408518	364.7664378358035	0.0	140.3208635381204	449.36155499754113	0.0	179.64259060083015	463.19261265640006	0.0	172.67918065659194	467.1629486871715	0.0	133.35740523506965	462.252800530377	0.0	130.08366093185774	293.5122987020728	0.0	116.99870668063262	371.11293693291447	0.0	97.17229280417807	449.95444607465595	0.0	126.66304540576203	463.1317209239284	0.0	122.10220798998655	462.51698529319333	0.0	87.03475436785465	461.49694471077	0.0	146.2725309089331	181.42836725332376	0.0	160.53101306405392	138.7023490280415	0.0	168.3953138809073	165.04108411258554	0.0	121.71889024454362	196.77785471533224	0.0	101.98093755089555	250.16879059961394	0.0	144.48886370577367	272.18861009568553	0.0	163.19353539411742	198.90716483684452	0.0	152.2023838619175	246.4131622536084	0.0	162.55619652549709	264.634536628919	0.0
62	1.0508474576271187	120.28696447277773	288.7771327286795	0.0	115.2938474011116	291.9013425367739	0.0	142.8744933502494	364.78212071790495	0.0	140.34093539451737	449.3131361202318	0.0	179.5968045864369	462.8974066356998	0.0	172.71822202103962	466.8640487097722	0.0	133.38328063990502	462.13954999603686	0.0	130.10735375035506	293.658210557545	0.0	117.04607861747468	371.1234508435931	0.0	97.16377331899886	449.7951079994149	0.0	126.53301772982675	462.8943263607072	0.0	122.11296853392287	462.4540471134909	0.0	87.06827686441164	461.49264733572954	0.0	146.25699889839916	181.60457195805023	0.0	160.5137874920054	138.34722058699177	0.0	167.93003606600797	165.2050013579859	0.0	121.61836315717126	196.90977362776425	0.0	102.0382197485082	250.3263004804054	0.0	144.87358720464368	272.1996953807406	0.0	163.17089821545315	199.10664466593812	0.0	152.09310234548695	246.57468051705905	0.0	162.56993718130042	264.6502691247548	0.0
63	1.0677966101694916	120.27268688599692	288.91403617499475	0.0	115.38719605304684	292.69097851309675	0.0	143.01739367856533	364.81515561919883	0.0	140.39946148178143	449.37928886063185	0.0	179.68180309508202	463.0953434274851	0.0	172.48865245845903	466.9629429816073	0.0	133.46313362509161	462.0769086382471	0.0	130.06978643597938	293.86877141346264	0.0	116.97344918447831	371.23028336098037	0.0	97.17603192693555	449.886193746053	0.0	126.47105146239832	462.66927506772186	0.0	122.10267616652172	462.46931466352714	0.0	87.10205774969563	461.4886924687475	0.0	146.21260894837792	181.63718875042395	0.0	160.65120118281715	138.2446586551425	0.0	168.09475314139712	165.40883917412046	0.0	121.77320086471269	197.0019413451139	0.0	102.04365125506332	250.56992527503155	0.0	144.90380120665333	272.13232162197835	0.0	162.89776305915922	199.3178488675561	0.0	151.8190802453932	247.08889640887008	0.0	162.70336400099723	264.8332599692877	0.0
64	1.0847457627118644	120.3112546327219	289.05198813273	0.0	115.59423230467291	293.03231980147694	0.0	142.90800758297237	364.7588172193912	0.0	140.44459374623966	449.26843740692425	0.0	179.4809626447186	463.20842456598444	0.0	172.24586438168294	466.9841326387449	0.0	133.510587477861	461.99027847589423	0.0	130.26743270109722	293.91236701178656	0.0	116.66682864672161	371.4054450448208	0.0	97.18318137966457	450.32867086523686	0.0	125.93737841672886	462.65742366138466	0.0	121.6280762405776	462.53173431686076	0.0	87.11051454112526	461.5581247187733	0.0	146.11090417527384	181.5986273143859	0.0	160.41180070096368	137.90297356372037	0.0	167.82941057790444	165.42722655930342	0.0	121.85469476787802	197.2265334516349	0.0	101.97998211751454	250.69876835573416	0.0	144.740535843985	272.1600861849457	0.0	162.1043001570249	198.74812556193942	0.0	151.36526450261277	246.64299698553282	0.0	162.49539752968022	264.9934074351954	0.0
65	1.1016949152542372	120.45081248689552	289.21210591393526	0.0	115.65768228950694	293.22055582258446	0.0	142.91943887208998	364.72410988897855	0.0	140.33154600025603	448.98979004940645	0.0	179.58901553310227	463.10011819580865	0.0	172.40400734866762	466.93827455943665	0.0	133.5609998440542	461.88070922933855	0.0	129.19283534005308	294.02963724516223	0.0	116.22810946025743	371.55305963353845	0.0	97.24182309280141	450.4396751753189	0.0	126.13415416737297	462.9584005543271	0.0	121.56621325452817	462.568431035625	0.0	87.13662676720539	461.69802895346083	0.0	145.97436722336306	182.05490398753898	0.0	160.17448491079702	138.4669463077626	0.0	166.7832839069329	165.44053485883455	0.0	121.45776817865881	197.387178416315	0.0	101.85922637713196	251.33316698242066	0.0	144.8471600133189	272.15913715152334	0.0	162.03618207934392	200.07282234867358	0.0	150.7653686801816	246.92575206739554	0.0	162.30106688608603	264.58314183728857	0.0
66	1.11864406779661	120.20917532303488	289.48366277406524	0.0	115.66649063127721	293.48841348150916	0.0	142.93974471334604	364.69975102945597	0.0	140.46302817116708	449.15511730951084	0.0	179.49145655220195	463.2038784814736	0.0	172.41098451236226	467.0266816388173	0.0	133.55113974535928	461.9565746305541	0.0	128.39840625128113	294.04261545591004	0.0	116.078205874301	371.5913631296638	0.0	97.14407078946644	450.5965665672874	0.0	126.08520785259986	463.1220322904902	0.0	121.25601970785276	462.6379933331479	0.0	86.97109344541609	462.0452933144209	0.0	145.83062792143795	182.41281449557212	0.0	160.0667514334694	138.7864190269753	0.0	166.65310377402983	165.5516482828664	0.0	121.53191036966919	197.51890637607946	0.0	101.87454969417678	251.52300268666556	0.0	144.9028000485562	272.219978162492	0.0	161.9619142593276	200.7423651575973	0.0	150.99213639965677	247.58215629260224	0.0	162.22663709224298	264.31504588880614	0.0
67	1.1355932203389831	120.28928888255729	289.587458739493	0.0	115.55441325805015	293.46847927837666	0.0	143.1164542862999	364.6789598791377	0.0	140.515639623728	449.70006926721777	0.0	179.2087712436426	463.4634538750746	0.0	172.25521246288054	467.1668079564795	0.0	133.49384334063268	462.11054184644865	0.0	128.4809433788879	294.2799057833969	0.0	116.22185116820525	371.5553376941946	0.0	97.17960713709121	450.71502952299346	0.0	126.19122158878397	463.3505938510481	0.0	121.51778101060478	462.71982380657664	0.0	86.71170932579886	461.83160919867726	0.0	145.67206542624282	182.43291134348533	0.0	160.14888000748124	138.98265255102774	0.0	167.46308408259165	165.56047108839243	0.0	121.4821737833901	197.50681595994934	0.0	101.88823007358975	251.52163986400245	0.0	145.01600270133133	272.46964706623896	0.0	161.96902858833568	200.9460152254473	0.0	151.42209153255288	247.94205736399914	0.0	162.6607467999368	264.4739230485794	0.0
68	1.152542372881356	120.32921449381699	289.61094270447387	0.0	115.58723022155533	293.16364103923326	0.0	143.04513187074411	364.62279049122185	0.0	140.6385774802793	449.99759055606614	0.0	178.90581317481474	463.66912860750654	0.0	172.0582976084146	467.09720800986406	0.0	133.46739351299095	462.12085705681807	0.0	128.89646350003395	294.01009756754974	0.0	116.33846907440667	371.3193155704373	0.0	97.15657179113884	450.7525197762252	0.0	126.30389048071837	463.37267189462386	0.0	121.28504146016849	462.7727572400897	0.0	86.82024212172064	461.5785016099369	0.0	145.7597795941028	182.3687164011461	0.0	160.07150570697522	138.75998403216005	0.0	167.75405819127673	165.5301602360301	0.0	121.49946439407415	197.44167443526317	0.0	101.79304192702182	251.41471277912174	0.0	145.05145955981865	272.56769975897026	0.0	161.7996153107004	200.67484588191644	0.0	151.9291204197346	247.75796924138848	0.0	162.7850076226414	264.595390812769	0.0
69	1.1694915254237288	120.3685935131438	289.67194229020174	0.0	115.50673733623378	293.0935861159641	0.0	143.29240499505028	364.5538634697641	0.0	140.5610596893515	449.71765406955564	0.0	179.04382271456794	463.370391928083	0.0	172.1281716949846	467.08799742092793	0.0	133.4384995993155	462.1243982285637	0.0	129.02158265575213	294.02737667562207	0.0	116.35489633970525	371.4741959308616	0.0	97.10646939044744	450.8985469454366	0.0	126.3852649850026	463.6587345738394	0.0	121.71929002209387	462.9115932871813	0.0	86.88676168778696	461.6878741910221	0.0	145.62596347518723	182.56908031654478	0.0	159.8022871312251	138.99310377268495	0.0	166.99726248632857	165.60463024318472	0.0	121.44345879411313	197.5820489325257	0.0	101.60957513075405	251.67717651611883	0.0	144.95428047215069	272.868000372718	0.0	161.69602830594488	200.92913839836828	0.0	151.75394352400144	248.02945953585467	0.0	162.70997465004638	264.53390662773404	0.0
70	1.1864406779661016	120.37707712452027	289.82413754799535	0.0	115.50767880270607	293.02776395165654	0.0	143.3544430744503	364.5320515223509	0.0	140.48120920683002	449.7413132807077	0.0	178.98914466558767	463.2418975548734	0.0	172.08982674001123	467.09844750139297	0.0	133.39690672672336	462.16316250440354	0.0	128.78095206364628	293.9827821682845	0.0	116.37020891352677	371.8018565734632	0.0	96.8436791914913	451.0635349922908	0.0	126.47932698812842	463.76869391594016	0.0	121.7700144947476	463.04791951211683	0.0	86.73779912996844	461.73501762589154	0.0	145.56102772027782	182.70131909430364	0.0	159.74806285872154	139.1758895672667	0.0	167.16089495579345	165.81013792716567	0.0	121.379355613314	197.68816918519025	0.0	101.55885025796286	251.76728035267774	0.0	145.10635619496625	273.0394429471381	0.0	161.65932389697304	201.12838429480638	0.0	151.57857023809055	248.24405203055926	0.0	162.66109623867158	264.94582660044887	0.0
71	1.2033898305084745	120.23147806875669	289.84205086788836	0.0	115.53847585975873	292.87309269023234	0.0	143.2232309420005	364.46274289599177	0.0	140.35751401878025	450.01956880309774	0.0	178.8435627786763	463.13802255841216	0.0	171.98888104452027	467.0984456308987	0.0	133.32097273749002	462.21793619272626	0.0	128.88809912449344	293.7980031811428	0.0	116.29134483845056	371.90214334735526	0.0	96.89032152865576	451.1316888977529	0.0	126.6634634930005	463.42416343958234	0.0	122.23682376116864	463.1147979047386	0.0	86.8104674559808	461.950356732048	0.0	145.56000806670107	182.58662669772784	0.0	159.87172380093517	139.4736149525806	0.0	167.5066411260845	165.73702147959574	0.0	121.22127136940513	197.62051885456125	0.0	101.57301127360893	251.62138026214865	0.0	145.08532859105642	273.0519234670228	0.0	161.70980809738518	201.4365185725447	0.0	151.29172382679945	248.47350265364827	0.0	162.71697970878816	265.6412371980253	0.0
72	1.2203389830508475	120.29135255602681	289.68272435180575	0.0	115.91536261342772	292.5656296544239	0.0	143.3264138477229	364.5300559453693	0.0	140.4456028477637	450.27344187538233	0.0	178.53719999477752	463.0336414671094	0.0	171.8602058627708	467.03054887831877	0.0	133.43761380292295	462.25237889808636	0.0	129.01246368685233	293.39344340106646	0.0	116.77257157360204	371.5077570018545	0.0	96.92645340676381	450.91215089145066	0.0	126.48373429714151	463.1153885106196	0.0	121.57183971599201	462.9469681181728	0.0	86.84270885415522	461.89363554789867	0.0	145.32335301695468	182.32359687082072	0.0	159.9159180420022	139.06091494103578	0.0	168.02740245633169	165.3634386741346	0.0	121.24566630401947	197.43102604963275	0.0	101.35347293086599	251.6921654344155	0.0	145.11294325501467	272.9422929475914	0.0	161.65595243077115	201.04091090292968	0.0	151.1920286488884	248.10917986379917	0.0	162.4746623206895	265.6305649387151	0.0
73	1.2372881355932204	120.23241776520834	289.63199765393387	0.0	115.85274687828053	292.20431671772	0.0	143.397398016514	364.55850515525844	0.0	140.33682248583807	449.9866291341467	0.0	178.68440658948236	462.9326188342324	0.0	172.06181635604685	466.97966916221867	0.0	133.3243721898526	462.1232817788532	0.0	129.08244465293512	293.13173254115065	0.0	116.94861734039986	370.6871802302369	0.0	96.9145352452833	450.84725759773175	0.0	126.43528199832515	463.0980689218232	0.0	121.48286710593766	462.89201741968066	0.0	86.83437807360256	461.8834063397403	0.0	145.2765571377655	182.27910877271052	0.0	160.02008399867418	138.8548373265184	0.0	167.49673883207032	165.36909813941065	0.0	121.11783070459802	197.44011799544825	0.0	101.20439034148082	251.7523793755107	0.0	145.16816873257918	272.89166010726314	0.0	161.6448415358341	200.88640180951728	0.0	151.3018390965969	248.1199767490251	0.0	162.53213328155206	264.91354974141825	0.0
74	1.2542372881355932	120.18064825284243	289.58515861353806	0.0	115.56291458408074	292.5952725044556	0.0	143.63885341417455	364.49972603548065	0.0	140.09160656471843	449.87400650649545	0.0	178.79819619157996	462.94063455805343	0.0	172.1117580985762	466.9917634686865	0.0	133.14740001617233	462.0971672400434	0.0	129.05542344153875	293.5301218891101	0.0	116.85966555032991	370.9007302737348	0.0	96.83805279284229	450.89328100173026	0.0	126.55114069616997	463.32466640932773	0.0	122.02482075446218	462.9189927237794	0.0	86.79665752087863	461.90696660008535	0.0	145.18271730238658	182.34747256441875	0.0	159.90021090860827	138.6816877501225	0.0	167.0557956813904	165.1159480483135	0.0	120.91123076813392	197.61133251404823	0.0	101.32650264950865	251.86009401793763	0.0	145.0294158252415	272.81897483155154	0.0	161.6703601908286	200.99103009919213	0.0	151.27554153540711	248.26896636049133	0.0	162.63378431095825	264.7289796370061	0.0
75	1.271186440677966	120.64658026472556	289.53386941427135	0.0	115.55013186095243	292.5264079772432	0.0	143.77445993439045	364.3804712741011	0.0	140.00788550592745	449.65408077917505	0.0	178.8907519946381	462.9599581354447	0.0	172.12149208712083	467.02171638461397	0.0	133.20493909555503	462.13845591547476	0.0	129.4652680877722	293.42530304663467	0.0	116.85259078790506	370.7879247543717	0.0	96.82853186962521	450.97488174165534	0.0	126.45391612825156	463.3400060259935	0.0	121.89773730256843	462.97204877967556	0.0	86.80747825623006	461.95030900423376	0.0	145.2801482818487	182.37450755684688	0.0	159.77800377685304	137.8869509708097	0.0	166.7744309071079	164.64301831960546	0.0	120.8225718448888	197.82423466224265	0.0	101.0549084037191	252.09716033163278	0.0	144.84045831815516	273.03236753900126	0.0	161.63004110815427	200.8007698365061	0.0	151.09351872942753	248.2768059293099	0.0	162.68151569133252	264.49599822188657	0.0
76	1.2881355932203389	121.59709160544782	289.54792920927014	0.0	115.3523569234323	292.49541074302164	0.0	144.13660450375033	364.39113615834754	0.0	140.21073464780622	449.8667999389128	0.0	179.09370498203276	462.914109087125	0.0	172.19229709366422	467.03980454025776	0.0	133.6605367097584	462.21696677192546	0.0	129.86791206799242	293.3802159573589	0.0	116.99901298606125	370.2629572591627	0.0	96.84511592253965	450.90163186516236	0.0	125.52453244486773	463.5158192603723	0.0	121.6491944490857	462.9259924827767	0.0	86.83677356935885	461.82636514151443	0.0	145.1863192709637	182.44173198020724	0.0	159.6266109489045	137.4066238331315	0.0	166.56517149501036	164.29196233772495	0.0	120.76188275483801	197.83566384425916	0.0	101.05083985897022	252.1898623019655	0.0	144.45941634379471	273.08377224092385	0.0	161.52614799961495	200.87556866222764	0.0	151.37711407867135	248.33109057420893	0.0	162.6812811870048	264.7389102259984	0.0
77	1.305084745762712	121.21325945320021	289.6025954099822	0.0	115.1844670435561	292.4685322921505	0.0	145.00315855222155	364.37128045377983	0.0	140.25805081136252	449.57533483048564	0.0	179.3202822071986	462.7880461681237	0.0	172.23551393274417	466.9216611770122	0.0	133.99484091052298	462.26827251220413	0.0	129.9858408988551	293.30613811150806	0.0	117.01760180619982	370.5753679630908	0.0	96.83798344230514	450.75895691116585	0.0	125.80466923875608	463.57119886051555	0.0	121.37043557033505	462.8351226299145	0.0	86.81296393790937	461.7366617911114	0.0	145.19614708032316	182.49869121098837	0.0	159.47989056134452	137.95336709365392	0.0	166.2400435650021	164.62020585908863	0.0	120.89457256697683	197.8559127354452	0.0	100.96427505309524	252.2980250400707	0.0	144.3446441290428	273.4532233920565	0.0	161.4469747265814	200.95100996375993	0.0	151.66304763116392	248.3744604479259	0.0	162.59634388075816	264.02812305183676	0.0
78	1.3220338983050848	120.85341179843228	289.61861212817894	0.0	115.16667247115916	292.70044314242404	0.0	145.27192788035904	364.2398072283007	0.0	140.39349418836974	449.14500159419094	0.0	179.34686876075574	462.81858089942943	0.0	172.1653360043233	466.9074288986048	0.0	134.06719409935334	462.12990796252956	0.0	129.68884594280885	293.397344007479	0.0	117.08842553877719	371.0540438573851	0.0	96.85997860364698	450.7607142822224	0.0	125.92769123971615	463.668648548746	0.0	121.57465451919161	462.8201454965984	0.0	86.91075240081689	461.75343805570765	0.0	145.16385998420094	182.47629785954763	0.0	159.37629492045014	138.04507033664567	0.0	166.4747871401525	164.8628987491516	0.0	120.93569868256822	197.84981821485576	0.0	101.02790718342463	252.3171891590189	0.0	144.2418182832748	273.42943801891465	0.0	161.3439156529151	201.08088308638065	0.0	150.893727605537	248.37606791231337	0.0	162.4445190568723	263.6315984875922	0.0
79	1.3389830508474576	120.74848457096229	289.6702226936987	0.0	115.1647315874829	292.6451311378071	0.0	146.0750139230962	363.9563945732657	0.0	140.94818865693713	449.13152079886027	0.0	179.40748686717154	462.90476293215346	0.0	172.1004401836873	466.93175843958556	0.0	134.10508992052394	462.11443069774214	0.0	130.03150600438323	293.4576492102672	0.0	117.1109737905386	371.2722668314913	0.0	96.91921290618927	450.80021321132756	0.0	125.97737566422919	463.71325359443216	0.0	121.42120741483338	462.84151900533254	0.0	86.9557433113134	461.799663754474	0.0	145.1227534171761	182.49002859483946	0.0	159.39545747408835	138.05970469154587	0.0	166.35927397181763	164.93206795909708	0.0	120.83134860016563	197.92378198481373	0.0	100.9677938594499	252.2920158281214	0.0	144.13285375688162	273.37301820548	0.0	161.33134267359378	201.11013498252973	0.0	150.55907492492196	248.37094601342326	0.0	162.37791556615704	263.5655504537127	0.0
80	1.3559322033898304	122.13980687632511	289.7295469616083	0.0	115.2293169729883	292.62933639521503	0.0	146.61660113597705	363.6509536572245	0.0	141.37346620059827	449.3718515014348	0.0	179.49555749143028	463.00697064875965	0.0	171.9934896236191	466.9576389496498	0.0	134.09681998728215	462.22028875184003	0.0	130.63945784731436	293.5102823352571	0.0	117.09993244085398	370.77313839231675	0.0	96.89195973226808	450.77792052221855	0.0	125.80662667101491	463.4185991139281	0.0	121.67880858713616	462.82446122074657	0.0	86.90269225481843	461.8152795023391	0.0	145.05886049023908	182.57226119287282	0.0	159.51812805935594	138.07999814007886	0.0	166.11928018762265	164.96842622679327	0.0	120.45642472547895	197.92056336101734	0.0	100.55404800649987	252.24692998495584	0.0	143.60861985742352	273.1025208037836	0.0	161.39571312753424	201.06675795778966	0.0	150.95876045165116	248.39931729618377	0.0	162.47056598382585	264.02968707919916	0.0
81	1.3728813559322033	121.67031346265942	289.7926927967806	0.0	115.08050552494154	292.64368455137316	0.0	147.29384138106303	363.62299271676807	0.0	141.52803813509777	449.3652896650375	0.0	179.60951266314834	463.10773927219657	0.0	172.2904540231712	466.96128458159944	0.0	134.1479167808396	462.06026054847393	0.0	130.96214791610007	293.568207485221	0.0	117.03041595836982	370.8468201804208	0.0	96.82618029907883	450.76018656457137	0.0	125.83576861879335	463.62025510253284	0.0	121.3748582390177	462.84751762816137	0.0	86.7947012104553	461.8357250122582	0.0	145.0543012069226	182.6800665574233	0.0	159.35138809184974	138.04261393482892	0.0	165.32281285277435	164.9702257063017	0.0	120.10353327947483	197.9337959993386	0.0	100.68712428303311	252.33631616948367	0.0	143.99088690268	272.9752372517641	0.0	161.4197133271588	201.06347527015072	0.0	151.09536793057526	248.41846568116853	0.0	162.46780917444894	264.22053080632367	0.0
82	1.3898305084745763	121.86187419988187	289.840748418128	0.0	115.05516317700955	292.86511615385984	0.0	148.08700490855486	363.52485186888265	0.0	142.08924244370561	449.07092365493145	0.0	179.67188227970905	463.40954583148687	0.0	172.4496175862701	466.98340399600625	0.0	134.1984464815577	461.9355425104013	0.0	131.0122995612452	293.8412666195123	0.0	117.03057847709657	371.16363478495686	0.0	96.85645758513334	450.77067322602375	0.0	125.4304236232487	463.84948840197677	0.0	121.22227725031098	462.9278011655051	0.0	86.81780609589742	461.9220660353453	0.0	145.06766045529463	182.86895868188134	0.0	159.09839365645436	138.41827132788393	0.0	165.88155274196652	165.12891640796286	0.0	120.00425168328486	197.9846392175616	0.0	100.81149328350936	252.3834973711891	0.0	144.1221928140926	272.97603877215704	0.0	161.41929535556895	201.24077185969978	0.0	151.10832051618067	248.5047750145937	0.0	162.4508962516178	264.494712218321	0.0
83	1.4067796610169492	121.79968237055012	289.8527729393304	0.0	115.09267758936615	293.28941555009976	0.0	148.30192519479496	363.5619984726684	0.0	142.32033078720048	448.6993044448709	0.0	179.83082798297102	463.90425003811754	0.0	172.71312965003858	466.992002302142	0.0	134.2885539080316	461.68509824022635	0.0	130.59275607079508	294.3323290076104	0.0	117.05989591936162	371.6275106832366	0.0	96.91957054433036	450.9460091194934	0.0	125.33729251733313	464.02447348834744	0.0	121.30073577337893	463.0340179872128	0.0	86.92636305077657	462.0459855590159	0.0	145.0382012972799	182.84611515509846	0.0	158.7800871402434	138.8016489942334	0.0	165.98584840054517	165.3014655877539	0.0	119.95484679754101	197.89662432689016	0.0	100.86755528670999	252.21734298149937	0.0	144.122939360963	273.47098746257177	0.0	161.53671638727738	201.5040450190208	0.0	150.766211955009	248.46799274305727	0.0	162.79500757917265	264.71980031841457	0.0
84	1.423728813559322	123.05178952405547	289.7711119707102	0.0	115.18405860787244	293.00386847533974	0.0	149.1449987415042	363.14867094621076	0.0	142.5746422330329	447.80471154931615	0.0	179.72537595726612	464.0413007352689	0.0	172.52582509986672	467.0126819010452	0.0	134.512553623892	461.0921770266575	0.0	131.12584562570487	293.9488692098263	0.0	116.99270604798122	371.1416437583717	0.0	96.86330047048821	450.8792936643072	0.0	126.2666512132339	463.91317037028347	0.0	122.90032136206716	462.94795141038094	0.0	87.21925589909239	462.00084438351263	0.0	144.98727154221527	182.82604098033352	0.0	158.8727691551564	137.9711839339654	0.0	165.03960081872242	165.19426951490934	0.0	119.8598155490337	197.83503902173544	0.0	100.48021994528506	252.182983473153	0.0	144.04055781742915	273.2190364633965	0.0	161.25678959569402	201.28750238293745	0.0	151.69040014253326	248.44512436993523	0.0	163.07236820814754	264.5193614825388	0.0
85	1.4406779661016949	122.61118527940538	289.7537736435883	0.0	115.19661327390237	292.89464037236314	0.0	150.56915333369182	363.2872898487703	0.0	142.81135680502032	447.3705418324327	0.0	179.8739338836121	463.8863074416006	0.0	172.7210675991049	467.05946302481436	0.0	134.601836941189	460.8925529447728	0.0	131.286465963815	293.8686149834315	0.0	116.67629601903658	370.79306846051605	0.0	96.4441669327695	450.93564057753855	0.0	126.34380687942742	463.9724532192155	0.0	122.64030779990057	462.9579438678803	0.0	86.64217298851828	462.0469741729331	0.0	145.01154060927843	182.82572465171398	0.0	158.68906835156034	138.09313159201744	0.0	165.91538585452582	165.13840293248603	0.0	119.97591907874644	197.95867978417527	0.0	100.30894186044827	252.07250117216904	0.0	144.24864860126948	272.92171240696905	0.0	161.496013470035	201.21509105589422	0.0	152.2004972164726	248.41483700961382	0.0	163.4103424273653	264.07405185342344	0.0
86	1.4576271186440677	122.37183820726581	289.7582792876404	0.0	115.09658607738159	292.8386562776043	0.0	151.38052663266942	363.47197859884585	0.0	143.15848029260331	447.2876449945116	0.0	180.1383957833246	464.0433810335492	0.0	173.04626897312636	467.1049690198563	0.0	134.9573394783297	460.5205823525994	0.0	131.1340189219813	293.83661514086236	0.0	116.71746572966148	371.26736678032364	0.0	96.0372418995144	451.0498423118534	0.0	126.73553787755341	463.7594333351768	0.0	123.5288683746232	462.6497754861449	0.0	86.09809391029324	462.16173723136023	0.0	145.0183111126663	182.81604067923237	0.0	158.60142574007273	138.14842820770684	0.0	167.80909086074092	165.1859483179236	0.0	119.91698735675027	198.1727858559943	0.0	100.56413165073084	251.84675817634616	0.0	144.63822852629082	273.17959911756844	0.0	161.88620524280287	201.25164497531387	0.0	151.70557256311474	248.40418230795268	0.0	163.2465749094028	264.29219714391036	0.0
87	1.4745762711864407	122.73028774362386	289.76223553025375	0.0	115.48662607214365	292.77686148686865	0.0	152.5254505593327	363.2438256252594	0.0	143.76009037197292	447.3176155165096	0.0	180.62742004158974	464.0663093294658	0.0	173.63405284984162	467.06507773588953	0.0	135.57030286817442	460.48814993095766	0.0	131.99487577696235	293.8170469457358	0.0	116.20055677503339	371.1744548324738	0.0	95.88059252707284	450.7658541303734	0.0	127.55493282287962	463.59055428002506	0.0	123.79406866597662	462.555346743434	0.0	85.92491597867917	462.2761616452595	0.0	145.04424290706342	183.01547850838415	0.0	158.34787052850024	138.15180080356146	0.0	167.58985487752258	165.15516924272342	0.0	119.89224355296798	198.24889014141883	0.0	100.65725545520722	251.73343365719424	0.0	145.499575992411	272.80144559093065	0.0	162.47481302715326	200.92333248192853	0.0	151.90434795601686	248.4166259609344	0.0	163.8559293351228	264.42193157728394	0.0
88	1.4915254237288136	123.76821516616255	289.77627958149105	0.0	116.3024819000069	292.67182393680855	0.0	153.0450616957324	363.1664004853495	0.0	143.9306586013647	447.26506449514187	0.0	180.32753289131892	463.7912708548318	0.0	173.4340918209604	466.7529740074091	0.0	135.43707166495756	460.5629434209263	0.0	135.89825187329734	293.8089190825567	0.0	115.99334172506705	370.9408018166287	0.0	96.18476137882016	450.1280564920868	0.0	127.59417608672581	463.3065689101177	0.0	124.10439165087178	462.6548907088685	0.0	87.02180570563856	462.02696360396476	0.0	145.09588009902978	182.97452671158874	0.0	158.36726636065467	137.3295752992438	0.0	166.97428791700474	165.07012338953933	0.0	119.8926040441392	198.21129412224678	0.0	100.68531166938178	251.64320743407052	0.0	145.43724946172776	270.3645411993532	0.0	162.31138995870523	199.14448789845832	0.0	152.58031992148534	248.1378320271336	0.0	165.13428569083428	264.041331201481	0.0
89	1.5084745762711864	123.29741106455452	289.82732936908	0.0	116.6683964218303	292.67697872385037	0.0	153.40092179099366	362.8774160668028	0.0	144.8136403367119	447.4505095045363	0.0	180.619283842854	463.50439159165785	0.0	174.89645311781854	466.5335627061987	0.0	135.81506802497591	460.58306238617206	0.0	133.19497723815186	293.85197717990394	0.0	115.88545298756146	371.36199344147315	0.0	95.83889327408126	450.37430759697196	0.0	127.16597865186894	462.9361295340171	0.0	123.36816110348204	462.6463415193287	0.0	86.81859417854012	462.31359737605374	0.0	145.10070588463594	183.04517274547885	0.0	157.81544337902398	137.88118508848365	0.0	166.70866942410242	165.045596969151	0.0	119.85811322797252	198.2229406687103	0.0	100.72845984699931	251.983543511831	0.0	145.94473821811528	271.6376248051951	0.0	162.91273243824293	199.87963369154448	0.0	152.97541557488054	248.28393120381455	0.0	165.27889151120976	263.17610382207516	0.0
90	1.5254237288135593	123.85326824061967	289.75928737838336	0.0	116.91954577422868	292.50305404558804	0.0	154.01471281041827	362.8030727400592	0.0	144.8727418690203	447.6166432795952	0.0	182.2733964348318	463.30509375144237	0.0	175.6959116609302	466.37000140746613	0.0	135.85712058390953	460.5834365920756	0.0	132.76861855519087	293.75994053514717	0.0	116.28342750897882	372.18919721683625	0.0	95.88027763805286	451.0943149307184	0.0	127.06760179732123	463.32502017312765	0.0	123.17847998342877	462.70955379150786	0.0	86.32843136119621	462.60036231580557	0.0	145.11579730984275	183.2372666935429	0.0	158.0388436285497	138.53018691917615	0.0	167.00080167964933	165.10694442510373	0.0	119.84056782494686	198.31462887586764	0.0	101.39891884402616	252.21673703743704	0.0	146.82593684819335	271.58533828089713	0.0	163.06102045586505	200.06265847845663	0.0	153.0896548367147	248.3378474563993	0.0	165.892160775431	262.77274672923477	0.0
91	1.542372881355932	125.21441708408426	289.72809786806744	0.0	117.41218387578543	292.2870090059216	0.0	154.42341687290102	362.9761051440612	0.0	144.46903892810326	447.5714866485797	0.0	181.4836073812022	462.67932864948204	0.0	175.20920584283678	466.0352817384543	0.0	135.46157361720782	460.2401039420379	0.0	135.07743998864836	293.50971044349154	0.0	116.3511832340668	371.68128792231	0.0	95.66704184171579	450.9869419351235	0.0	127.32633549165952	463.5501609787451	0.0	123.36854816721207	462.8004412615803	0.0	85.83065257851618	462.8076272950624	0.0	145.17926819807923	183.1818244072584	0.0	158.39973062412605	137.82019344463663	0.0	166.2133342784385	165.05871992607476	0.0	119.7451376370756	198.24654704182416	0.0	101.49720037578562	252.55866746500413	0.0	148.12388144529223	271.2072459907931	0.0	163.22080589045686	199.87457331699255	0.0	154.26721297659054	248.04677713967556	0.0	166.4770300002828	262.95493044378185	0.0
92	1.5593220338983051	126.4896018258476	289.67449988136354	0.0	118.17593321616627	292.18320854342664	0.0	154.58293412032057	363.16556537278063	0.0	143.89281000673418	447.466245983925	0.0	180.2144913516978	462.8340902847299	0.0	172.89018116188382	465.6180835599166	0.0	134.5164500225339	460.3100216700133	0.0	137.95714883339562	293.5838775462912	0.0	116.51928677969278	371.41784923700754	0.0	96.02119858735499	450.0208895933166	0.0	127.46581732386164	463.2867788509453	0.0	123.89207035413942	462.8010922673143	0.0	86.22295755780206	462.4761374106504	0.0	145.14789599614465	182.9989306602194	0.0	158.9336233022727	136.72095784260642	0.0	166.5922735986203	164.91908460871667	0.0	119.86952466656538	198.17278513984184	0.0	102.04242111575844	252.30439651243782	0.0	147.9157892474317	269.0801395273551	0.0	163.14418600443383	198.71583510679432	0.0	155.93898807058903	246.57365395937128	0.0	168.42995193247856	262.0561820514905	0.0
93	1.576271186440678	126.9891855648974	289.6951271255538	0.0	118.88775070249766	291.90092953926563	0.0	155.07542653468454	363.050898327625	0.0	143.92181251752137	446.87775041116413	0.0	180.2949211867772	463.0463767165628	0.0	173.11536621897514	465.58411187560455	0.0	134.49806562311073	460.44190644891427	0.0	137.27605600561407	293.5444983133008	0.0	118.35479633582861	370.4628412142267	0.0	96.37397678519322	449.6208096041742	0.0	127.1943365094493	463.90687456019	0.0	123.44890066560743	463.14254328849097	0.0	85.99808177003759	462.4614360633502	0.0	145.0700618125509	182.87677411644924	0.0	158.93767393099353	136.81698624456908	0.0	166.90891908306259	164.7894412624836	0.0	119.94447941850362	198.2767684856865	0.0	102.01471210289799	252.33079748351332	0.0	148.92243735215715	269.2071472541661	0.0	163.7333947975366	199.18866035275354	0.0	157.1511698972643	246.96128187890756	0.0	168.4677948993588	261.43459484249263	0.0
94	1.5932203389830508	127.9037919567632	289.69326507136554	0.0	119.85231489911332	292.01804785708134	0.0	155.04677796150483	363.1778041549426	0.0	143.2826677200058	447.38296569277304	0.0	180.44847157245547	462.89229830529246	0.0	173.27187570057535	465.6839613636454	0.0	133.3900594897737	460.6054267536708	0.0	137.97508660504766	293.63882424802944	0.0	119.70294816808769	370.86555926629694	0.0	96.66807349525851	449.58244560603873	0.0	126.6420581007835	463.7683733617937	0.0	123.29076747373409	462.96332156970146	0.0	85.92564020298536	462.04405161198656	0.0	144.95457505503754	182.68896892558996	0.0	158.68336861469442	137.0068317635877	0.0	167.11520524846622	164.75353549725816	0.0	120.02954409906675	198.36639346973726	0.0	103.51457977256975	252.4802454449761	0.0	149.15329144547763	268.86016430778164	0.0	163.72071857228104	199.32424081179755	0.0	158.85801004252275	247.26153683890504	0.0	170.8429432968939	261.6823033727489	0.0
95	1.6101694915254237	128.5692388055046	289.63153314984083	0.0	120.5401498537697	292.1906238007406	0.0	154.58392091138455	363.5691078968761	0.0	141.89686656846652	447.91012548731356	0.0	178.96607525799786	462.94323436493517	0.0	171.10565342383757	465.8370413540524	0.0	132.43263174231774	460.8692826780301	0.0	138.57975609168832	293.618780552961	0.0	121.26079554695828	370.79576215300494	0.0	97.20236432328463	449.0588363960875	0.0	125.91149369516422	463.37844540357537	0.0	122.87128806267657	462.8961696378705	0.0	86.1224747536093	461.25131596860945	0.0	144.7821060376978	182.61548580215722	0.0	158.4762472158015	137.1002777517989	0.0	167.49154236187275	164.85973720058547	0.0	120.16606278175769	198.29730978276976	0.0	104.35580807857461	252.42775672255158	0.0	150.4066728121875	267.6454740013845	0.0	163.57143015059677	199.5266557024619	0.0	158.61244771642927	246.9654481225728	0.0	170.77189735159683	261.3146364483927	0.0
96	1.6271186440677967	130.169648737033	289.72315978336496	0.0	121.82367630275776	292.2557699369198	0.0	154.01157821643065	365.25641074874443	0.0	140.13794673167737	449.4485092857979	0.0	177.26121602193015	463.21809152463567	0.0	169.49883178433265	466.068055133921	0.0	130.87363843674567	461.61907971825156	0.0	140.26392585112004	293.8073797134555	0.0	122.53367889775555	371.8449548223183	0.0	97.93972344275754	449.6737525218994	0.0	125.43413481681236	463.9946625302352	0.0	122.20186541214963	462.4527834848453	0.0	87.45631877509656	461.65391170004597	0.0	144.7380051226965	181.69008121527838	0.0	157.83851154343165	137.21885763650275	0.0	167.9500196598513	164.889743021498	0.0	120.18109591002064	198.20370498478295	0.0	105.64783988875853	252.39488420820064	0.0	151.42095635711385	267.1099325257314	0.0	163.39337566296956	197.9705356880304	0.0	158.38705609816714	244.68118955215937	0.0	172.37396786263736	258.2329438574384	0.0
97	1.6440677966101696	131.4174206129414	289.88923589885394	0.0	123.27766677590029	292.2874283163096	0.0	153.57025165910258	365.7538999769197	0.0	140.1782921250598	449.4826212807014	0.0	177.37713770616395	463.33073606129415	0.0	169.41018268852662	466.22272477687574	0.0	131.26226390187824	462.2319520414652	0.0	141.5202404545515	293.9614675269405	0.0	124.20978136208363	373.2415533470441	0.0	98.10255957234332	449.8754753019474	0.0	125.35856299950258	464.2711009991779	0.0	122.26600536239562	462.8385548023142	0.0	87.22466770935661	461.4948529684103	0.0	144.59502742657241	182.06117587938525	0.0	157.96794817213677	138.12334825760706	0.0	167.72516395351016	164.95473419496318	0.0	120.21124261461793	198.36001007687162	0.0	107.06647301688074	252.79947535005624	0.0	154.22261001973868	266.0753854368372	0.0	163.30257838875048	198.3832025532891	0.0	160.3901741829222	243.64836089045752	0.0	173.60545988814263	257.0332173165533	0.0
98	1.6610169491525424	133.266585186358	289.8747141724814	0.0	124.36234159927352	292.4022784598668	0.0	152.8489300843528	366.6915995071758	0.0	139.6168694364311	449.8283878060514	0.0	176.6117626167035	463.5045511999089	0.0	168.36977291010044	466.3685096065499	0.0	131.2900096837943	462.66445727878545	0.0	144.25283974913572	293.83557654353456	0.0	128.0952718249891	372.84045186486276	0.0	98.35464965134229	449.7016347514653	0.0	124.65915606010304	465.1741952416346	0.0	121.67222910485292	463.98266563212724	0.0	87.3736447568488	461.4947567219813	0.0	144.41242455743105	182.22223085918068	0.0	158.12176926682918	137.94107541646406	0.0	167.46466114967342	164.90714476611998	0.0	120.19536031297903	198.6212869729465	0.0	108.32946932348185	253.6330586611341	0.0	154.51181604630887	263.968117197495	0.0	162.9005093507375	197.99197074404955	0.0	161.37852174336086	242.37275167527577	0.0	174.4498518984957	255.7829600834358	0.0
99	1.6779661016949152	134.09070187130683	290.03977463217484	0.0	125.03439475037123	292.31392589010704	0.0	152.49576214904764	367.7258188730309	0.0	139.67349455579168	450.4742166812872	0.0	176.6588176696065	463.73915688737713	0.0	167.58920770722378	466.5171158993626	0.0	131.0068012401091	463.2029368886978	0.0	146.0565519938775	293.5587188195407	0.0	130.76325732692862	372.5901076831631	0.0	98.72846804942388	448.19467200797965	0.0	124.82930600957738	464.85684066663225	0.0	121.78500134568615	463.34353734236885	0.0	87.69267279316388	460.1203743392803	0.0	144.19771864135657	181.9315418216754	0.0	158.00982147803063	137.67941941248787	0.0	166.99979919696017	164.84250312760344	0.0	120.03480033623103	198.75618434124146	0.0	109.74210500864147	254.81462253881367	0.0	156.833118231057	261.3279911664328	0.0	162.54128643763792	197.26320363220879	0.0	162.93597844742533	241.12107512037474	0.0	176.87058467082247	252.36587962307246	0.0
100	1.694915254237288	136.41981059162742	290.13644469246606	0.0	126.44304274144476	292.1800582633191	0.0	151.9323344931685	369.30044956370216	0.0	139.23177722015308	450.56929381516863	0.0	175.8510684345772	464.1643593865709	0.0	165.98806626726622	466.52353813755826	0.0	131.0238247680109	462.8527205790977	0.0	148.99339544328475	293.2596289281734	0.0	134.68691370902016	372.36426118940784	0.0	100.73599276773612	446.625119200547	0.0	125.47314314295633	464.26080216324436	0.0	120.85818435832871	461.45553402615514	0.0	90.42824746580709	457.66469464414075	0.0	144.24701132687048	181.13615658928754	0.0	157.77325271956863	137.0662011753918	0.0	168.71243029404934	164.74753257782916	0.0	119.7873223842991	198.5598242111044	0.0	111.2280402004493	255.4773718441756	0.0	158.38107400681724	259.29505155392195	0.0	163.0214298875981	197.020281760843	0.0	164.37119936653997	242.1388150536468	0.0	177.94833916808042	250.90163434441897	0.0
101	1.7118644067796611	137.42673021662335	289.8396576619849	0.0	127.549075696915	292.0873808267761	0.0	150.85062469751054	369.3529133708841	0.0	139.26045741293473	450.63517504730214	0.0	176.37772455193863	464.9027611971427	0.0	166.55366542821082	467.5215559270581	0.0	129.75916971230174	463.2059503210702	0.0	149.6281668712004	293.8066520304466	0.0	140.31021391394364	372.9705016306052	0.0	102.92518837295721	444.0342101305524	0.0	125.7801243938577	464.6021334097268	0.0	122.7961978005472	461.7372138761065	0.0	91.03784245293888	454.17741448517734	0.0	143.69852471431483	181.00815313033488	0.0	157.67439686441682	137.81781661415536	0.0	169.36956830680703	164.70170599519946	0.0	119.45867064665	198.30418047179532	0.0	114.12021380154411	254.94992957796882	0.0	159.62036776314542	258.57675851683587	0.0	163.70089396051569	197.6025867293551	0.0	166.20296078098113	243.13888361770023	0.0	180.37896365625366	252.07949951981854	0.0
102	1.728813559322034	138.085825952998	288.752547799689	0.0	128.83719890686174	291.7703818507419	0.0	150.2390984405564	369.4606539518158	0.0	138.95082783861352	450.5397293084403	0.0	176.2405384539577	465.42853679785503	0.0	166.79858793272527	468.00506468312403	0.0	129.78871228502953	463.98769900743446	0.0	151.06089418307755	292.06939994193027	0.0	147.97311414251962	372.3886721625382	0.0	104.63419925862917	440.2160988509683	0.0	125.84727128464652	466.4070584965859	0.0	122.87998663585078	462.1755250055602	0.0	91.69147877971675	452.0218136041059	0.0	143.26073949338524	180.50183922094513	0.0	157.8309397327921	137.2497672794983	0.0	169.34537721259585	164.5181583727284	0.0	119.11607059681668	197.34021273365525	0.0	115.836099976916	255.895796471475	0.0	161.90288288432063	256.2214153184957	0.0	163.0982777735007	196.35625308911239	0.0	164.3849125233264	240.43151071409523	0.0	179.43882855953223	245.37203887910084	0.0
103	1.7457627118644068	139.4999971086043	287.6279247180397	0.0	129.1657608172154	291.9504065543915	0.0	150.36958295616074	370.5631600588779	0.0	138.76232887496727	450.954975489331	0.0	176.47432608142418	465.89533003247425	0.0	166.37382188830213	468.2619321576186	0.0	129.54839932364598	464.2318718457101	0.0	152.56646720432616	291.5190281828321	0.0	162.47147805288006	368.9645567513807	0.0	107.8859741471701	436.1067058868003	0.0	127.68600908451153	465.29222469917363	0.0	125.70343150967841	460.6006601683818	0.0	95.62196732160652	445.21516371902425	0.0	143.4529884510041	178.86079557604796	0.0	157.7671327650438	136.65446057725654	0.0	170.50148546288025	164.24498860775537	0.0	119.18885345651223	196.47367506225532	0.0	118.06622251100963	255.79335210448704	0.0	162.87037735622502	251.97584965184217	0.0	163.0220584051703	195.28660102813828	0.0	165.09147012639153	239.84336493934998	0.0	182.0551336073361	240.92185120799454	0.0
104	1.7627118644067796	140.50260437211807	287.6034323654984	0.0	128.80111401753805	291.9386502041899	0.0	149.698948350889	371.1727678822032	0.0	139.132587392026	451.0534337185126	0.0	175.74207507083338	465.8730550708357	0.0	165.24250989120526	468.43056574634863	0.0	129.82781471741046	464.3197084137479	0.0	153.1410972810341	291.7472518789877	0.0	168.29857399437174	369.601193615059	0.0	112.96328693720278	433.48900299997774	0.0	127.2536250378944	459.75047229433557	0.0	128.23619945731613	456.01774622822484	0.0	101.01164724090872	438.69369943103817	0.0	143.61571356561598	177.85551881466878	0.0	157.91599571076114	135.98864842311326	0.0	170.6737174776629	164.24337011317724	0.0	119.19737489954426	196.14995185422205	0.0	118.42330537131129	254.96648069226052	0.0	165.74251312232772	248.77212782268387	0.0	163.41229761595267	194.34315375892854	0.0	170.17521604583746	239.82491080916083	0.0	185.8739370962868	240.3213373755534	0.0
105	1.7796610169491525	141.74536841314972	287.10235767226186	0.0	129.6026139120699	291.87965010971436	0.0	148.7490448265456	370.67078012881456	0.0	138.83806788629	451.289676260281	0.0	174.49703471542148	466.47593480805585	0.0	164.31483938295636	469.3454206776971	0.0	129.19376908397382	464.77892915681815	0.0	153.99228170066442	291.23978866937637	0.0	173.01822273959732	366.3113565204392	0.0	118.34137232329591	427.5996460346901	0.0	137.9882942957637	456.8843858570774	0.0	137.214769589988	450.93109763668036	0.0	104.2524647282333	432.6061819110042	0.0	143.62883179844422	177.46972757524804	0.0	157.88509602120325	135.29000789089304	0.0	170.10560972174338	164.191155651416	0.0	119.2975335705962	195.48522589775416	0.0	120.40607177690693	253.89798792378696	0.0	167.88640893485706	244.88381234220498	0.0	163.2790716412984	193.1735753599877	0.0	168.40927663144242	239.55165674766067	0.0	186.31927679838662	240.47849845926402	0.0
106	1.7966101694915255	142.35269503189826	286.1300365619778	0.0	129.91175435205204	291.3670817271664	0.0	147.45916520875858	370.17092434805113	0.0	138.8284107863151	451.27213686556354	0.0	174.70244409388204	466.73921805429495	0.0	164.44706991729143	469.7577133214935	0.0	127.51473842549527	465.5367123427767	0.0	155.51723124374467	290.2628122822906	0.0	177.98939931334684	363.82788897775964	0.0	125.60563469023484	424.9709476591623	0.0	149.9953567161689	454.5920294517144	0.0	147.02598933800215	448.44553920717357	0.0	108.30925476364179	431.05238758991567	0.0	143.37762072620984	177.49765131255205	0.0	157.80334632333387	135.4159018947642	0.0	169.60508016031935	164.17842830889322	0.0	118.9817545437183	195.04469606026672	0.0	120.82710298625109	252.58999797241472	0.0	168.87602319167055	242.03199981932067	0.0	163.34491229020995	192.4025326901409	0.0	170.77980750542955	238.77202824244796	0.0	188.31684010369557	235.90037702290024	0.0
107	1.8135593220338984	143.17758742098638	285.7703939508933	0.0	130.01903865165693	291.1144928317055	0.0	146.98857365216557	370.36272907615506	0.0	138.23628626780973	451.0763711757118	0.0	174.5197412338606	466.7923278438051	0.0	165.10047302526124	469.874707764116	0.0	126.5902471937007	465.59600346406654	0.0	156.49010505918247	289.84724485050197	0.0	183.04240829461423	360.1837919987938	0.0	130.8511839646202	422.19556229876304	0.0	161.18158437491127	448.1472039985404	0.0	158.15785809548572	442.93225235837656	0.0	113.49048757984582	429.12710587650673	0.0	143.32385533470796	177.33194212104854	0.0	158.81885353438224	135.1388125213973	0.0	171.2976406191629	164.0968563111629	0.0	119.21640461084854	194.7238860196245	0.0	122.87406133307307	251.05042478897528	0.0	170.75412777148478	239.5984423776905	0.0	163.03780029765272	192.56266824938007	0.0	172.90073797748926	237.53636801860802	0.0	190.33005293358227	232.48005278965684	0.0
108	1.8305084745762712	143.34086653082193	286.4529393358337	0.0	130.21885847447828	291.7822841134582	0.0	145.6598142771394	372.7818115234606	0.0	137.96670595039035	451.19140344492155	0.0	173.84230828339287	466.36139611662463	0.0	164.89369558751162	469.56760235326124	0.0	126.99934870879167	464.5749753790836	0.0	156.9828191985408	290.9171970486216	0.0	188.22111338412478	357.40454509285706	0.0	135.47479007816088	420.1680526393126	0.0	159.38863694223818	451.1917215721222	0.0	158.44621583933326	445.36607968324194	0.0	120.13178540892493	422.9968219389208	0.0	143.55619459068373	177.15460591639055	0.0	158.9917592771341	134.5366679457797	0.0	171.7886236483174	163.5807757253486	0.0	118.68192667535276	194.42317502639398	0.0	126.10867513351603	249.75356920759063	0.0	171.98374475508783	237.5059628905492	0.0	163.1227897533437	192.53749082685846	0.0	175.41331890833638	240.54479537053155	0.0	192.16241511521085	230.69546581941478	0.0
109	1.847457627118644	144.8563281991913	285.2046125257865	0.0	130.59661124700085	291.54285240167053	0.0	143.9049839274029	371.9866800009789	0.0	136.7927783969739	451.41150912446676	0.0	173.0982301997594	466.4812952629485	0.0	164.16117008596086	469.46026696320996	0.0	126.83804945753334	464.41831431952505	0.0	159.75140436757022	288.6481959887268	0.0	203.02159809851022	343.5963840341465	0.0	164.91514799330247	413.7563141589728	0.0	184.30688550077926	445.4119430743907	0.0	182.33279883012452	440.2398536141001	0.0	153.62765215162705	421.66929696788316	0.0	143.71060442384046	177.75286144327845	0.0	159.98203752675792	134.1526799007079	0.0	173.22852184600453	163.16240048292633	0.0	119.04114259978766	193.41086921925452	0.0	132.30287573402555	247.3840429501077	0.0	175.26056014531065	228.07036559578472	0.0	163.26787303850725	192.1602162417841	0.0	178.96728673387105	241.53178813779584	0.0	193.12383596505697	225.05482631904079	0.0
110	1.8644067796610169	145.0097016668962	284.51699572571715	0.0	130.63656701968725	291.48955158909575	0.0	143.6508320252154	372.24474372206754	0.0	136.6106394903856	451.79632679863994	0.0	172.78148490828636	466.4296032552961	0.0	163.63542799397405	468.95956816690807	0.0	126.94268342709259	464.0341053792604	0.0	159.32103057198924	288.407134712748	0.0	206.59110359429306	338.73982490054505	0.0	171.59090862390448	412.41606666563564	0.0	191.06147123518625	441.21677821726905	0.0	191.01677004492612	436.10401490191043	0.0	160.29775688380326	419.66783639989563	0.0	143.79835878764456	177.88664855784577	0.0	161.11760865210232	133.83714918196685	0.0	173.5485134318522	163.75840877139842	0.0	119.25426186667353	193.17495792490647	0.0	131.84413262201122	245.52108642387998	0.0	174.9650011419347	225.74099564257043	0.0	163.85153659532446	192.07128851686628	0.0	177.73133215467314	241.75300557912155	0.0	191.2108099561732	224.68718558211737	0.0
111	1.88135593220339	145.2101240770345	284.1407557956916	0.0	130.910706475699	291.1394779337618	0.0	143.30195196739086	371.2713453199551	0.0	136.47173172101856	451.13764569575466	0.0	172.8667876327322	465.6409290435523	0.0	163.8908565806426	468.55217665030676	0.0	126.71574176561248	463.80161438218136	0.0	159.45491348653223	287.1037879949404	0.0	210.90193875228954	333.06419264930236	0.0	181.22334844282207	409.70166976640957	0.0	203.7445022184519	436.43282107941695	0.0	202.71502061579744	432.2927075108535	0.0	168.91293469018578	418.87275018909475	0.0	144.1113422310066	177.92053503044684	0.0	162.6597016601394	133.47307052038724	0.0	173.9432042971216	163.96255136684636	0.0	120.34921984997868	192.65073509048977	0.0	134.25727778221366	244.01113988912164	0.0	177.34490876742285	221.31565173666684	0.0	163.88197692657025	191.9496960659545	0.0	177.5334625061462	241.09108966211366	0.0	191.3458474646122	222.2068112211501	0.0
112	1.8983050847457628	145.03540296058242	284.39635167984545	0.0	130.5682333158973	290.32419088906016	0.0	142.99770536682323	371.37499020345206	0.0	136.63794388265126	450.99878110559723	0.0	172.73806309918683	464.16563997677224	0.0	164.1680505535565	467.4418128254697	0.0	127.30313706486544	463.32170468986294	0.0	158.78668573626302	285.70631694172187	0.0	212.4401873784979	328.064803629565	0.0	189.239858249723	407.3175627968407	0.0	217.24342246136555	435.3645436573615	0.0	214.71715575470878	431.1107092684148	0.0	174.7977216925706	418.29735510678955	0.0	144.5109530534137	176.9312899966302	0.0	164.22193150855142	132.52237523839426	0.0	173.94486964192652	163.8928173035656	0.0	120.86097513786625	191.4061216403294	0.0	136.08554613851243	242.5801066955872	0.0	179.28789667509403	217.9920735256018	0.0	164.19640673120685	191.85758940663715	0.0	174.12219951104925	240.8730282812857	0.0	191.0734538405374	224.24668338145867	0.0
113	1.9152542372881356	145.31712010020988	284.10027582649934	0.0	131.0740602172644	290.89343368747967	0.0	142.64208060696788	371.0241589356634	0.0	136.36436105198254	450.9572205796246	0.0	172.4200405031694	463.8225155183161	0.0	164.03370659529384	467.10133967868563	0.0	127.01495481435109	463.4813732650998	0.0	159.72330563552572	285.94742793031406	0.0	215.3975480512318	323.96306616222097	0.0	198.8942910195352	404.70686528328775	0.0	225.4803266046892	431.42034046163525	0.0	223.42357134220683	427.3219558895263	0.0	186.58305870693772	414.9886113022895	0.0	144.65744529611723	177.50222111022111	0.0	165.02892743767686	133.50917485405472	0.0	174.96511237426776	164.0457957253441	0.0	121.8450690901748	190.66578542703334	0.0	135.66898734893738	241.04119913904782	0.0	178.45413536603684	217.14164498526463	0.0	164.29508229175585	191.22799555362116	0.0	179.06153095805277	240.374040608161	0.0	192.5414580322058	220.60483505383178	0.0
114	1.9322033898305084	145.12672413824535	283.5745153331287	0.0	130.95603016261072	290.822282506027	0.0	142.8567830675454	370.14996381121784	0.0	136.16170860087104	450.8854545429692	0.0	172.72596325087164	463.38231635891907	0.0	164.04583963636043	466.7013221928439	0.0	126.67042597696624	463.3353047108964	0.0	159.66333869721214	284.7332902542222	0.0	217.695397278615	318.3749008094113	0.0	208.61412317235403	399.06715233643934	0.0	235.18435542149948	427.5906662588531	0.0	233.13595441980956	423.4830405853983	0.0	197.35613339838238	410.2650724404344	0.0	145.76318929636898	177.49515621990668	0.0	166.3681761668717	133.62243017226692	0.0	174.8675286028257	163.68250474876714	0.0	122.52141360293194	190.41190641898962	0.0	138.06332631124175	240.12876728268907	0.0	178.85034964130665	215.21013682645955	0.0	165.92683986063327	190.88180147568593	0.0	180.6703338992915	239.43690408903183	0.0	193.26393960208532	219.06355337175523	0.0
115	1.9491525423728813	145.0736439941112	282.6242408327956	0.0	131.22683314015134	290.5554430951153	0.0	142.36971940705462	367.80005177634786	0.0	136.38188545471166	450.7177991776158	0.0	173.0577962352293	462.85190433981666	0.0	163.2752938073077	466.6343925713835	0.0	126.24554370353638	463.23720017325195	0.0	160.49084196121805	283.615321561065	0.0	218.51014761825476	314.17789696623396	0.0	217.71716974783598	396.3558333529657	0.0	246.1298456885406	424.7728345602141	0.0	244.15179172029215	419.7688521022485	0.0	207.34037676408533	407.5218451243288	0.0	146.1900316900461	177.28983794526044	0.0	166.61578391110868	133.53799115906975	0.0	175.72920673836842	163.26099029600041	0.0	122.79842857669085	189.80959952871797	0.0	139.68785152183932	238.7406484338648	0.0	179.30899588134523	214.97948138217296	0.0	165.58873852554407	190.7028058240829	0.0	180.76033687356582	239.9334035803928	0.0	194.85583968490837	217.89047793761034	0.0
116	1.9661016949152543	144.72398157402148	281.42679749082436	0.0	131.94373152069247	289.0203576994702	0.0	142.44672528629275	364.4464861197534	0.0	136.44651168349444	450.1690519592776	0.0	173.35740193359743	463.398137094052	0.0	164.67008921405142	466.8594181994323	0.0	126.33668063468834	462.94151300921385	0.0	160.78078518106955	281.7088310964091	0.0	219.0601376911434	310.15080265716426	0.0	225.55804969929423	391.62177792860433	0.0	254.3800346493953	418.7395343398994	0.0	253.58067257272694	415.2768663156926	0.0	212.80680074602787	402.7190553211329	0.0	146.47070067959578	177.23867325545106	0.0	167.05065016365526	133.37353405266637	0.0	176.84533996031723	163.02529071063313	0.0	122.35529495153375	190.36830106188052	0.0	142.85962042566402	238.2468683278205	0.0	181.5512915313862	214.3564311128374	0.0	164.95334306892056	191.49540581032034	0.0	180.59137927692876	242.4730668558488	0.0	194.95541668017296	216.49211415708487	0.0
117	1.9830508474576272	144.08318962127353	280.76924378727097	0.0	131.74552280897	289.4546941237318	0.0	142.78202919677938	363.99452584971993	0.0	136.49617950750633	449.88745302876055	0.0	173.23516641839484	462.5478234463021	0.0	165.48776872515015	466.1875275035908	0.0	126.53615035840872	462.779136285772	0.0	160.30639183110594	281.78291839525417	0.0	220.1629610861716	304.5632881175801	0.0	234.79980479364252	387.26971976417815	0.0	263.5910784584137	411.80441354815775	0.0	262.7272626485619	407.7630633852506	0.0	227.59550166273746	400.49286042956567	0.0	146.13559993895615	177.31704713343424	0.0	168.29513928912894	134.0299939947542	0.0	176.475506447716	163.31234715837556	0.0	123.21546661194311	190.0602130669347	0.0	144.3707770924531	238.15019733058006	0.0	182.221605978735	211.88884533712954	0.0	165.15933113202806	190.5108925883356	0.0	180.58432866724883	242.27277999756933	0.0	195.1460299306417	212.90830623211954	0.0
118	2.0	144.21535854861662	279.8681627580696	0.0	132.17407204301563	288.4088853256159	0.0	143.1931567104098	364.01305132264207	0.0	136.34210410031628	449.8141722042775	0.0	172.8763077983439	463.27165678686265	0.0	165.61614386593558	465.6389852266864	0.0	126.94773313130199	462.46995715195476	0.0	160.5166397880673	280.23790987587915	0.0	221.25947848579887	300.38780665847634	0.0	238.77291399229298	381.2624398165357	0.0	269.95622339443304	403.4893668230269	0.0	268.9745423606646	400.43701653018803	0.0	229.88330004443077	394.45869585201046	0.0	147.0940770817624	176.68477136318634	0.0	169.52855655168167	133.98130020736582	0.0	175.90290913204373	163.35867097129778	0.0	123.95660572010428	189.64530410157943	0.0	145.20500664322515	238.06363958890017	0.0	182.80673042917294	212.37554338811358	0.0	165.4280344971421	190.42895949907648	0.0	180.65895673423864	241.69060997417563	0.0	196.54594993094864	212.76548590712554	0.0
119	2.016949152542373	144.0026207641906	279.24391426927116	0.0	132.45135031883268	287.2133040511422	0.0	143.25720161479663	363.822607859407	0.0	136.32269510995758	449.63898804450014	0.0	172.90961496303038	463.65714547445697	0.0	165.7849818984874	466.43805332967673	0.0	127.12776452010246	462.56838419511814	0.0	160.7236253823597	279.13353997309997	0.0	221.5271169349749	295.37538866854436	0.0	243.5251819672609	375.306929893235	0.0	275.8463714548961	396.46089801537164	0.0	274.8462747856445	393.4140135380725	0.0	236.28031548887154	389.47946425163127	0.0	147.40093181022266	177.35346101802537	0.0	170.3088245227442	134.2358273311911	0.0	176.4816233826151	164.2291538472814	0.0	124.09035949260524	190.04333606205137	0.0	145.21820348480725	238.5082024231214	0.0	183.0164761365063	211.23392077354043	0.0	165.65339904870055	190.46480061671062	0.0	180.47959509774844	242.29612503178473	0.0	196.0373359940261	213.9246812552693	0.0
120	2.0338983050847457	145.948459794851	279.1004551785049	0.0	133.56973678557534	286.20459802680045	0.0	143.30530394128994	363.70305552457734	0.0	136.53927031358336	450.00379213200733	0.0	173.56362389019299	465.043487145813	0.0	166.07357744908535	467.7553267389161	0.0	127.42073571633695	462.54965556682566	0.0	161.7169976180869	278.22612342593897	0.0	222.26902595005473	291.4136813977816	0.0	246.86711662312788	371.1265465946263	0.0	279.89941321540067	390.6418972466569	0.0	279.00654124436	387.2071334248202	0.0	237.72440391121873	385.62874163301933	0.0	148.86549993644564	177.36854930855566	0.0	169.26090111930253	134.39885426120918	0.0	176.47074431640263	164.2142147487399	0.0	124.57170725641805	189.79439691290008	0.0	144.9908458136077	238.05090621146934	0.0	183.53962617177194	208.66434721388976	0.0	167.3697371520222	191.289961503807	0.0	178.7896964427212	244.08828626957188	0.0	196.53009561266646	217.4663330515171	0.0
121	2.0508474576271185	145.54432425610713	278.435669712732	0.0	133.4903739793562	284.9844916031117	0.0	143.71692225548227	363.608254270419	0.0	136.978905015726	449.9970444645727	0.0	174.19802469306	465.252994890306	0.0	165.8316882086625	467.72551438214884	0.0	128.16455175355628	462.15138612995804	0.0	161.7601300023391	276.37445158682266	0.0	222.77939751187427	286.3801639691327	0.0	250.1701545863479	363.9167071124093	0.0	282.87189760583504	384.1262376193864	0.0	280.8546994160806	379.9260974635076	0.0	243.99874591326676	379.22170269752394	0.0	149.12637833497635	178.6826302860239	0.0	172.32766370908743	134.4089054868331	0.0	177.59723874555362	165.61919693704783	0.0	125.61732148230548	189.6456316330277	0.0	145.12727161707153	237.58850071741568	0.0	184.7589465962718	209.6694856396167	0.0	167.51301516688025	190.87500493581274	0.0	181.4319743841163	242.54496069769823	0.0	196.16787063206903	214.2489036672195	0.0
122	2.0677966101694913	146.36162615092115	278.3045980526002	0.0	134.9072406320047	285.27607320968696	0.0	143.48534827746062	362.96919010018723	0.0	137.14845106238516	449.9907017428512	0.0	174.5141806546621	465.57606685429045	0.0	165.74739683542754	468.25578868914135	0.0	128.34312893242605	461.9033388851602	0.0	162.74362162123185	276.3115659670405	0.0	223.56187170422237	283.18411674444735	0.0	251.9400832683052	359.4673299385328	0.0	286.425544592862	378.5434772441683	0.0	284.3962179206357	373.31628809228266	0.0	245.84554006809796	373.71960433765116	0.0	149.4735649837151	179.6112044210082	0.0	172.95887376140422	134.3547037451988	0.0	178.78886859971487	166.33464033043614	0.0	126.91071881147872	189.84264843432425	0.0	145.39073610256386	237.64073109846794	0.0	184.9949750195348	207.43221117261294	0.0	167.83980068990405	191.04774924763552	0.0	182.0172505987196	242.64674932403017	0.0	196.28156160571282	213.52531804622427	0.0
123	2.084745762711864	146.8162903789764	277.9500541217078	0.0	134.93960433401992	285.0175316708821	0.0	143.54846556181585	363.5202005728288	0.0	137.34236888245115	449.99370680550555	0.0	174.52855164449576	465.8784122867785	0.0	165.65725641037687	468.7425705623799	0.0	128.57407684367917	461.6978819144331	0.0	163.32070291033227	275.64087933026957	0.0	223.95507125138357	278.07871233174546	0.0	252.58218277093715	355.9717296214722	0.0	287.2636169851647	374.5885409139378	0.0	285.2329057999861	369.63746700652734	0.0	246.39205192580596	369.3616045913399	0.0	150.61760364904677	179.7569722039803	0.0	174.64077224031146	134.33423726490747	0.0	180.06200277510283	165.8224471944391	0.0	127.30369718056988	189.25431263278438	0.0	145.59470472077768	237.02408553803411	0.0	185.314513762627	206.47550514269375	0.0	169.7344446548434	191.31040508965557	0.0	183.73463558019867	243.0105641815065	0.0	197.2691395649023	213.59520647086842	0.0
124	2.1016949152542375	147.33881552348208	278.11620589015115	0.0	135.43085304254927	284.9921251976806	0.0	143.5282383584796	364.3417642065141	0.0	137.4615757129012	449.9758013955558	0.0	174.734519140646	465.69600321578423	0.0	166.2131983363266	468.5572626660528	0.0	128.3901942360279	461.8172955408013	0.0	163.89910203110082	274.94749483844424	0.0	223.15487906881197	270.1389350782476	0.0	251.04674567360487	351.65778414438	0.0	286.6306914729251	369.54395336410914	0.0	284.94039754639607	366.1393689879105	0.0	241.87359422494941	365.34719529488166	0.0	151.7285383704344	179.04924687929594	0.0	172.7849667097273	134.7736842047922	0.0	180.044434300469	165.30514207351672	0.0	128.00335836368302	188.81893985977877	0.0	145.52779954214046	236.33837035541234	0.0	185.1795554912761	205.49934825354	0.0	169.90389476254134	192.73295103048335	0.0	180.67293857846178	244.45035569698214	0.0	196.38892709605932	213.53067066308557	0.0
125	2.1186440677966103	147.1623199149499	277.31111906715716	0.0	135.77329767452972	284.5018093016976	0.0	144.1082555572243	363.90833156712614	0.0	137.61730476608813	449.6448030373323	0.0	174.813821265882	465.5988065163551	0.0	165.32955290269578	468.5390460967716	0.0	128.48595760462072	461.5887489085038	0.0	164.01684156468644	274.33480703100633	0.0	223.17634903682546	268.17483696292504	0.0	248.67599319234841	347.23570945058805	0.0	283.24520344151256	368.2768578989745	0.0	282.2298547438501	363.5941817028078	0.0	242.45700236508046	359.9148809602911	0.0	152.14181841728262	179.40179278471817	0.0	174.4341581317145	134.94458122812028	0.0	181.52845292821567	165.36438862969052	0.0	127.92649079752475	189.5617128182107	0.0	146.6724542044596	237.52446508023917	0.0	186.43910476317552	204.23395321609664	0.0	171.98616750904796	192.31145731650315	0.0	185.1276385176401	244.64277552635616	0.0	197.69037726398616	213.34560751525115	0.0
126	2.135593220338983	147.301867760633	276.4036499922208	0.0	135.95786062319445	284.2202361513756	0.0	145.05030298879348	363.79272150533745	0.0	137.51441747808911	449.53574607054253	0.0	174.95552646506843	465.6101257337957	0.0	165.20533089239743	468.5533316525266	0.0	128.4823442203572	461.4138080840869	0.0	163.87009235157223	274.1941886328946	0.0	222.63531748487318	264.6758620078002	0.0	246.15002062564193	343.58025211283746	0.0	278.7782335478159	365.7198510351332	0.0	278.7444889305349	361.6865074512884	0.0	238.0896777054778	354.3692011855434	0.0	153.47171735476724	179.49248633394913	0.0	175.92930844478627	135.53102340241992	0.0	183.1135604311372	165.36828433080578	0.0	129.88949869182355	189.67963842031844	0.0	145.35785119783844	238.2080821222964	0.0	186.0034315790001	205.07775725595658	0.0	171.20936775286322	192.11868188576258	0.0	186.27468789465092	244.46279173727078	0.0	198.25318991109268	214.13112757954053	0.0
127	2.152542372881356	147.1667804540196	276.02236418580094	0.0	135.5721396878087	283.167179767143	0.0	146.15321513595995	363.50566369987723	0.0	137.6485059039015	449.64597386374425	0.0	175.12225555537213	465.61548131658105	0.0	166.01587301472733	468.4724291972462	0.0	128.59354335173822	461.09466337394446	0.0	163.43031494701154	273.823461455001	0.0	221.4945724503428	260.4873917409822	0.0	242.09134437913067	340.57062081399044	0.0	273.60426281632385	364.0451400352596	0.0	273.5928991847307	360.0203474459821	0.0	234.87652608314366	352.47329717379625	0.0	154.7124737178504	179.3991530216301	0.0	176.99749804144034	135.6231429071172	0.0	185.0561320371558	165.46522427673463	0.0	130.30929674329798	189.56967233699172	0.0	143.9239881623954	237.3550465167964	0.0	184.50440557272367	207.57926401460986	0.0	172.8014167471232	191.85691686612563	0.0	188.82720273184907	243.20356558418337	0.0	198.3559143155242	214.73748610967814	0.0
128	2.169491525423729	148.04959523534592	276.80263643849804	0.0	135.6362643160191	283.0558127580426	0.0	146.12763014589024	364.4317160511496	0.0	138.1601065451994	449.9589224971204	0.0	175.40114376267428	465.86047272067367	0.0	167.5108313558999	468.8228217308514	0.0	128.76063751474925	461.36659862238275	0.0	163.82098056573204	273.6274252600941	0.0	219.61106503411145	257.4892755505369	0.0	238.4131257238028	337.90415076370294	0.0	268.11975538959297	361.9040672819253	0.0	268.13119445520454	357.7276658068917	0.0	228.4149078054703	349.10236708789006	0.0	156.8176057988939	179.23797603043852	0.0	177.62375418644478	135.70724683700416	0.0	185.9731389082163	165.4440873136381	0.0	130.9683408615744	189.6540354479789	0.0	144.50833201481407	236.59902468773745	0.0	184.94015537661187	209.02719577263733	0.0	173.7121099538607	191.8609345710128	0.0	188.160304282468	239.96637169495162	0.0	198.50948242182068	214.07741394678786	0.0
129	2.1864406779661016	147.84298636447744	276.1858466206515	0.0	135.32448126516664	283.05408389483944	0.0	146.5541434469874	364.59288842727767	0.0	138.3130406776607	449.7696289689161	0.0	175.29901099450367	465.35042492856144	0.0	168.14078978911067	468.6735254828834	0.0	128.76503227981263	460.95926535767967	0.0	163.93696713183294	272.8867551230977	0.0	218.13346843319005	253.65384932270243	0.0	233.44464426545835	335.1540572104473	0.0	259.62669932728784	362.5520543772591	0.0	261.17745688640974	359.5165261068524	0.0	223.3122810173713	348.2472678525783	0.0	156.95535612702227	179.35127099400444	0.0	179.35817952029691	136.29344728850003	0.0	187.34462396097655	165.75876050960287	0.0	133.22643840045444	188.8206319674372	0.0	146.17218515183976	236.32679990168324	0.0	185.15971985116943	206.20834868861652	0.0	172.54535912124393	191.66267209047956	0.0	192.23969726905918	238.91796463636592	0.0	198.42720929390123	210.2664228645345	0.0
130	2.2033898305084745	147.9444090587986	276.23878670501176	0.0	135.0607494560201	282.39230782606876	0.0	147.12521758475654	365.0100951326324	0.0	138.25639826503865	450.1312992156249	0.0	175.39996863749877	465.0242518535154	0.0	169.14765140156604	468.63462539946124	0.0	128.52769555258757	461.61316715241117	0.0	163.97858713429008	271.2943703569186	0.0	218.02742533467526	251.8015766607462	0.0	228.99302191990688	334.82714248072426	0.0	256.0830195662648	362.34398110397444	0.0	255.4052314959579	360.27320671513064	0.0	218.87463509983277	346.98543811531624	0.0	158.5349891373988	180.4759347379425	0.0	180.8394671164752	136.39009235052302	0.0	188.11034205781962	165.74461395837685	0.0	134.2006969148973	188.96798791200996	0.0	144.64848440640296	235.81846619396202	0.0	184.13981400769956	210.33075658152018	0.0	174.50860854450912	191.3693030083951	0.0	193.16618388494197	236.1489047228967	0.0	197.36584717625865	210.43233248823614	0.0
131	2.2203389830508473	147.4846852562969	276.9292653322411	0.0	134.80981298385683	282.32085263089266	0.0	146.61063763179695	366.105702909678	0.0	138.192379134213	450.51155308160844	0.0	174.9881062015579	464.4073034045938	0.0	168.67005267737852	468.5652850025289	0.0	128.3980388517913	462.1939638839479	0.0	163.58948902769515	271.0671967676602	0.0	217.1594839490545	248.88317405317264	0.0	226.09116970284043	332.98993533524117	0.0	247.50206947884382	363.2338397444902	0.0	248.8179486762667	361.1493995950308	0.0	213.17185618671238	345.0557507067824	0.0	160.36090991317442	181.41222043913706	0.0	181.42943995052013	136.97937052891723	0.0	189.51693881993958	165.6805325073357	0.0	135.02609395505195	188.9321010461024	0.0	144.28070969473504	236.39500336479992	0.0	183.94105133546728	211.12412371625203	0.0	175.47449422239708	192.13929033049584	0.0	190.09319746775418	236.4919448826135	0.0	197.09107864935953	213.73172881463492	0.0
132	2.23728813559322	147.22970496578873	277.07661522372797	0.0	134.55672675545637	282.9535798900462	0.0	147.09409961202653	367.2329007991044	0.0	138.09060027702884	450.9088773764332	0.0	174.7695512850559	464.6636367938952	0.0	168.32030044675457	468.99307439669246	0.0	128.370175341241	462.14012566764166	0.0	163.26866729474057	270.649448183564	0.0	216.30526808682185	250.18528530484124	0.0	215.4652447695474	332.9595627528774	0.0	238.6860814614726	361.8796551732845	0.0	239.70081776576944	358.5444052111125	0.0	203.53912930468113	343.18931929180536	0.0	160.70554206896	180.49314108783688	0.0	180.7110213889778	136.71063155121612	0.0	188.65203461184151	165.64924481022902	0.0	134.8072728406615	188.77784558644115	0.0	143.41657289867902	236.12753763974953	0.0	184.18322299431566	215.27004819474985	0.0	174.47471849751926	192.61918917566697	0.0	187.4907993398092	236.19638771069495	0.0	196.6406060703609	219.01834930430672	0.0
133	2.2542372881355934	146.84569127666032	275.9246036718594	0.0	134.33706174519824	282.72705017681125	0.0	147.30442276530803	367.4188783848267	0.0	138.10316593946618	451.0177298280669	0.0	174.23250547765497	464.28134947708725	0.0	167.88553242251857	468.787808586101	0.0	128.20216830292517	462.12314561575715	0.0	162.90173013485438	271.3681932350315	0.0	215.63957893686205	248.1897533734249	0.0	208.50874022292635	332.5728574842012	0.0	229.7520785534599	364.93880799898545	0.0	231.90180322713616	361.9046492109717	0.0	197.29142095744376	343.68541776450405	0.0	160.68122709769887	181.56367892238086	0.0	182.1611165122792	138.79120403990672	0.0	188.31349982638335	168.00408561894818	0.0	136.1769994729684	188.9460222876931	0.0	143.26330910255945	237.41331130112084	0.0	183.10135874281747	217.2396791788705	0.0	174.6989258825884	192.9865172006214	0.0	180.6974840864899	231.43186420411934	0.0	197.59316985887742	216.20965880279437	0.0
134	2.2711864406779663	146.80649564939463	276.2945058330141	0.0	134.1369418826351	282.5001413110621	0.0	147.713660725833	368.58335315853253	0.0	138.00307583936126	451.49522340050066	0.0	174.04865354531353	464.79018145565965	0.0	167.68360175651696	469.171043178804	0.0	128.10631672309904	462.50033512581706	0.0	162.8291568809639	271.44760475616357	0.0	215.42399939954367	249.43174322845942	0.0	201.87418649252595	333.55467131723816	0.0	217.95664768762077	365.64220199271216	0.0	222.98163768301106	363.6074411276731	0.0	190.84771905940065	343.62292552556295	0.0	161.77520856729262	182.14311687901437	0.0	183.10856747717136	139.0813009323657	0.0	189.59442473352564	168.18376013967122	0.0	137.65716875588305	188.4905678895112	0.0	142.66383873719846	238.71199808970232	0.0	180.60630800645657	219.01691544968804	0.0	174.0719378375004	193.1635518041267	0.0	178.13193558260195	233.33459791128817	0.0	195.20101238864504	218.2650875307053	0.0
135	2.288135593220339	146.7120223862758	275.98517984593946	0.0	134.02152480635868	282.00817563794647	0.0	148.21268442435587	369.10842293763346	0.0	138.10758541925287	451.46511002943987	0.0	174.02056442061885	465.63019919727776	0.0	167.08877291390652	469.8447032520494	0.0	128.36885284650555	462.3653778347543	0.0	162.66435515195366	271.70680797300827	0.0	215.43227278166898	253.5534501828196	0.0	194.27191791793564	333.302268967514	0.0	208.239467752491	365.52356533312707	0.0	212.44298095744875	364.4414698582335	0.0	183.17037805208733	343.2667341106108	0.0	162.43005887671572	183.7578854666788	0.0	183.4964758799532	139.7248865672547	0.0	188.96679551458922	168.84568299525407	0.0	138.06049979558958	189.10957902487846	0.0	140.71269419024918	239.36482719090836	0.0	179.640990036121	218.6478163692511	0.0	174.48470139129873	193.33315776175908	0.0	177.54781366032745	236.45821964395844	0.0	193.09669790921401	218.59953001842473	0.0
136	2.305084745762712	147.3469123245199	276.43376397924555	0.0	133.72947269767053	281.74383134282425	0.0	150.02802890560983	368.6981305019903	0.0	138.31243751619945	451.5839991472328	0.0	173.9181934751763	465.98378288797284	0.0	165.88651353062295	469.94605677328514	0.0	128.39551196576178	462.47496110367194	0.0	162.78667014064465	270.9471579099918	0.0	215.594967612372	256.3911705367415	0.0	186.87472124374602	335.23556757452	0.0	197.9947294577999	367.19091752493466	0.0	201.73533568565608	366.3112615056102	0.0	174.96800074269137	342.14995849976594	0.0	164.53939740365894	182.53064659456786	0.0	183.0843989867402	138.77321261355303	0.0	191.1757374619654	167.8119578334183	0.0	137.98060614050084	190.49027161669173	0.0	139.50724937437087	239.65162637523747	0.0	179.53661296558195	222.64720950928273	0.0	177.70258731888873	194.8338047984732	0.0	180.16525824324935	237.45868322749536	0.0	194.57941398680856	225.47136843761652	0.0
137	2.3220338983050848	147.5491999683639	276.7385205052731	0.0	133.4386909913698	281.9313061560873	0.0	150.65030215627692	367.8564563999833	0.0	138.59524544973863	451.50131675587534	0.0	173.56747649357078	466.0498354625928	0.0	165.65825480392803	469.80020497096393	0.0	128.4390352468239	462.31148920329827	0.0	162.83002984727273	271.6984866834309	0.0	215.7557454309707	260.378675478098	0.0	181.9091118818834	335.7362694329516	0.0	188.46194538929134	369.9082972294825	0.0	190.4047298613405	369.64670057658265	0.0	168.64633112407637	343.81504820170085	0.0	165.8977616629811	184.28277939799335	0.0	182.88240527578802	141.64063512091082	0.0	191.345765276712	170.89246968457977	0.0	139.3915998217623	191.4841724915897	0.0	137.4977075448247	240.25485270848745	0.0	177.4105795759888	228.87921895037238	0.0	180.02722031800172	194.86991448818213	0.0	182.39286525981058	233.33282831784607	0.0	197.53666788797932	224.4030100025335	0.0
138	2.3389830508474576	147.69486672121252	276.8230864003719	0.0	132.8518765522349	281.8895485047317	0.0	151.56211202372458	368.3704202469056	0.0	139.23129185470006	451.53103841231734	0.0	173.709319141837	466.7522823430828	0.0	165.4603793667075	469.94543634048586	0.0	128.5728964451941	462.5195484708554	0.0	162.8944739857335	272.4549349588464	0.0	216.11297920923528	263.2490033098137	0.0	177.46174228863606	337.28426975197823	0.0	179.38264717089424	371.1844479303858	0.0	182.17062977966788	371.67547112266317	0.0	164.7366509876835	346.37661129075485	0.0	167.01244923469164	184.70956125668266	0.0	183.44544986907448	142.16274707709914	0.0	191.93574260299593	171.39633363785222	0.0	139.60316346657447	191.7882085402419	0.0	134.73244487221737	240.40526075073066	0.0	177.08225557430055	230.2660703275179	0.0	183.0614536568811	195.755368938306	0.0	188.59557576759875	235.35955872438166	0.0	198.166746636074	225.19688758313458	0.0
139	2.3559322033898304	148.25026123491753	278.2727242349425	0.0	133.15825007658205	282.6311695345285	0.0	152.3619096802127	367.68444664536304	0.0	139.35482596903032	451.4858774166805	0.0	173.62159512507057	466.9335340423918	0.0	165.86404037216548	470.13213637414754	0.0	128.89624026321033	462.48281797573975	0.0	163.35612011862642	273.2043724473734	0.0	216.22214647823228	267.3100333011245	0.0	175.46562577116782	336.06146542786576	0.0	182.25492625668767	362.5181167587321	0.0	181.3879899476725	369.3635168751531	0.0	163.37996662325142	346.8424297533228	0.0	169.23913725603205	185.86449741576794	0.0	182.81651065119433	142.0967294943571	0.0	191.5738085819657	170.35870565894098	0.0	140.33133002659156	192.88652571813995	0.0	134.16149508472606	241.82574885438	0.0	177.97995316296502	234.9389857332802	0.0	187.35436856736794	197.86306428778659	0.0	200.83725663329287	238.29882975048605	0.0	201.0850026912404	229.11749365936612	0.0
140	2.3728813559322033	148.7519635830394	279.8836244829172	0.0	133.11944215023752	283.06181640331545	0.0	153.67282667035715	367.51168054575646	0.0	139.42326913656586	451.5717034887501	0.0	173.7659865022938	466.9236608937855	0.0	165.85289968600665	470.3845557272056	0.0	128.79124729138223	462.71646337376706	0.0	164.39387069470843	274.049894610115	0.0	216.08367588257428	274.66717686325774	0.0	175.42195999953074	330.64829523724444	0.0	181.29958775458616	354.73610995216575	0.0	181.09592950147953	361.67452805177174	0.0	162.92522865323275	339.061826481712	0.0	169.57367192832893	185.81229112007412	0.0	183.313715787172	141.8398780441581	0.0	192.12730915419544	169.59054055052746	0.0	140.6013082098282	193.881212834465	0.0	132.66408520979473	242.8475034219003	0.0	175.77924276269087	239.48365783590089	0.0	190.10952754519832	200.34850280041766	0.0	203.44419433058806	239.40740567364688	0.0	204.14547102093476	243.04324724938007	0.0
141	2.389830508474576	149.21591406230073	280.8588695611328	0.0	133.2289309267403	285.4479086717038	0.0	154.3813485141305	366.8770125573672	0.0	138.90038908127164	451.6237231878928	0.0	173.7596684067393	467.37751271316506	0.0	165.63020376732985	470.57537346532393	0.0	128.56998137740857	462.8142402474716	0.0	165.1701812222697	277.4541553858014	0.0	215.88020093160335	283.6240379476579	0.0	170.16172666895866	338.99124933186715	0.0	182.2097714092219	360.0084316618697	0.0	179.239119361436	367.1677451939088	0.0	155.34696877671593	348.10577478357277	0.0	169.66690244122321	188.27722844214483	0.0	182.78472702402826	144.22199043495075	0.0	193.17651736010396	171.19421979093087	0.0	141.37748474792545	196.39082189239556	0.0	130.47735477875517	244.6678332814809	0.0	175.65169517503097	242.75907576090916	0.0	189.73878989100723	201.65355968721835	0.0	202.6714199930925	239.94687118543436	0.0	204.57341010387023	240.1526619036339	0.0
142	2.406779661016949	149.15030116208914	283.34866143245864	0.0	133.12699922287632	290.0635666776205	0.0	155.05307783637147	366.57134552142213	0.0	138.75633375567168	451.68752792234864	0.0	174.00612338922787	467.6336439702796	0.0	165.34971502181418	470.7088754088883	0.0	128.31569819551123	463.197841086532	0.0	165.07893870451457	282.19081914642425	0.0	215.8162741141456	292.3992103353839	0.0	163.3700601489658	346.43833565264674	0.0	177.22287851013067	367.1629803759758	0.0	173.31849274841105	379.14546883864887	0.0	149.34869887695805	353.1968145508733	0.0	170.90379528559893	188.28855807876175	0.0	182.96068611251548	146.1290128373598	0.0	192.20755555283336	172.08420407553757	0.0	142.07184443708522	197.9571812155552	0.0	130.2576673798224	246.7066365662783	0.0	177.35719144591744	245.798809086637	0.0	191.02955003843766	203.90433220545802	0.0	202.96952602941164	243.70848618407285	0.0	204.8455857213624	244.77762280634215	0.0
143	2.4237288135593222	149.20197051408465	284.79653772136186	0.0	132.6271189794148	290.77982488057677	0.0	156.0911121246602	366.9147709327941	0.0	139.0400902751199	451.6307777078158	0.0	174.34426523397082	467.59188577922464	0.0	165.3836752091	470.71749619102343	0.0	127.83525535260995	464.0485970636647	0.0	165.11124340521016	282.88150025932936	0.0	215.72146314253706	298.6171189810092	0.0	166.03946564433224	347.9740106084332	0.0	179.83460941055725	367.2039486741493	0.0	177.86105345498368	377.23774859157356	0.0	151.24398345584692	356.47265333682003	0.0	171.11529349194987	191.39518883088041	0.0	182.84835930214646	147.09733600471927	0.0	192.64962728069213	173.6462878999848	0.0	142.31084157601543	199.53059822163112	0.0	128.9674475446504	248.95745662389155	0.0	176.91735136699575	249.14905867901535	0.0	192.89013604076095	205.52661614704616	0.0	205.70403466447453	248.8873475103883	0.0	205.75618469462657	249.09318230595082	0.0
144	2.440677966101695	149.21274842295622	289.29830315975755	0.0	132.3353486727055	293.5548843632373	0.0	157.26758320257784	368.3205382143871	0.0	139.21171728932174	451.6614140918057	0.0	174.88221388339818	466.9318301299977	0.0	165.80672595615763	470.25570653779556	0.0	127.78352821541903	464.85583895420615	0.0	165.30046295978366	286.2767116326057	0.0	215.64120155854857	306.5707063221266	0.0	167.66283867786427	352.5393559812848	0.0	179.8419500730562	376.0183950406297	0.0	179.33157618959868	381.8597844351485	0.0	153.9605656394102	358.47417803165337	0.0	171.94977343366938	192.25052484879927	0.0	182.60753465478172	148.33678015262717	0.0	192.38441768292665	174.34740792985662	0.0	142.7199407369021	201.1340301996834	0.0	128.0871996633707	249.94923690289784	0.0	173.97450426681903	255.41433238872432	0.0	194.63838663943915	207.60287708413932	0.0	209.88173367095388	251.08968903937304	0.0	211.16774687701633	253.02265333923265	0.0
145	2.457627118644068	149.32644584771964	291.38055774871486	0.0	132.5616953196233	297.11382312730046	0.0	159.03611565222266	368.11105803674894	0.0	138.9750960465182	451.5614467912006	0.0	175.06389681057647	466.82104847033463	0.0	166.48314105069647	470.0637154156252	0.0	127.01048539073332	464.3568744551029	0.0	165.17999792500046	291.1902131949992	0.0	215.36395685888434	312.97634894475607	0.0	165.1171931288309	358.812618446907	0.0	177.86413237266143	377.6583154060763	0.0	175.91900228245723	386.3513215697661	0.0	154.25113596740357	367.42530524190136	0.0	172.80632580639164	194.28111041019503	0.0	182.7672684875318	149.30181485570498	0.0	193.1602495192471	175.66174996579147	0.0	143.382620261501	204.03439231054838	0.0	127.65662358482498	253.95237636223175	0.0	172.95842295604456	260.01284299762006	0.0	195.531049286852	209.99205282694604	0.0	211.1610030115279	257.8522401916947	0.0	209.43496772533206	255.28944800493684	0.0
146	2.4745762711864407	149.44516903732415	293.86248106193193	0.0	132.68053781568997	298.8116592802737	0.0	160.23848829939314	368.2725702742445	0.0	138.85202194633064	451.58247066152114	0.0	175.4201900108169	466.6053775846729	0.0	166.67024524373625	469.7479952772146	0.0	126.20560869041054	464.39121689954123	0.0	165.4536554615502	292.9492280033413	0.0	215.2685451936117	318.36456132110794	0.0	164.28105402807134	365.9957935372049	0.0	177.8862814098628	383.60741940336555	0.0	174.98456877138258	389.6433907503107	0.0	154.44356547324853	372.8688265283936	0.0	172.92377696518832	196.92192203798172	0.0	183.26159824622448	152.82769347530385	0.0	192.2268538340448	178.30471776463395	0.0	143.50061674060368	206.7534297970739	0.0	126.99991938026525	255.86232987395147	0.0	171.20546036097235	264.6486076745309	0.0	196.45312844387203	212.57471948400394	0.0	213.04650683300346	258.66393617993066	0.0	211.95125003771824	261.5660818967846	0.0
147	2.4915254237288136	149.9127839653139	296.59127866470203	0.0	132.72817193429913	301.38425711908525	0.0	163.43029113768227	368.8923805977462	0.0	138.7772146561133	451.6480718537098	0.0	175.25585552241773	466.6484305225244	0.0	166.64692580967875	470.2090654446994	0.0	126.16112045356539	464.65435958932494	0.0	167.42522114408018	295.6133889584717	0.0	215.59526577758746	322.7014043257298	0.0	169.24464070842026	367.1365181666746	0.0	181.59412655858912	389.01258823743075	0.0	178.7583507733184	390.2640485027605	0.0	159.51819497774434	372.0018958138797	0.0	173.2641130858681	199.11676378999107	0.0	183.73046881921687	155.67111845113163	0.0	195.06908078137064	181.61044234788088	0.0	143.4367651693633	209.6799159663655	0.0	127.08556358585766	260.70520303689545	0.0	172.19798216245314	274.3428371368246	0.0	197.2981725060653	213.6361888479855	0.0	215.75035798181503	253.4384729217493	0.0	216.51931954313443	265.6505071560425	0.0
148	2.5084745762711864	149.5518783263184	300.79500170652165	0.0	132.4498417749908	304.6627062128889	0.0	163.86416315155594	371.13459697756855	0.0	138.97337130677118	451.59865972963314	0.0	175.09828406539037	466.4592665365669	0.0	166.67205040717445	469.7038322265462	0.0	126.5813023470485	465.3257077706815	0.0	168.62321535585923	299.21327967014025	0.0	216.2672082322314	329.28522417362257	0.0	171.4424043199665	377.0305734487366	0.0	174.3999899466034	396.13562281542585	0.0	172.73340716478708	396.8951526151096	0.0	161.2345039077063	378.60045355369664	0.0	173.1324317709532	201.96294076835497	0.0	183.554909740232	158.7345062378976	0.0	195.52875111881167	183.95647156003199	0.0	143.3878198497384	212.1778435434199	0.0	127.40133115315959	262.6218468428472	0.0	172.21143576373822	282.22560029170415	0.0	196.96225323869865	215.38624985482824	0.0	217.92287407116737	250.094041693629	0.0	219.45043973004778	267.5071600680105	0.0
149	2.5254237288135593	149.50984510457704	301.72961112573404	0.0	132.43888487015005	303.7793146576747	0.0	167.24294187334507	370.8978164376859	0.0	139.0067334996985	451.7005141235878	0.0	174.54584642213683	466.53703186343046	0.0	166.58391913389863	469.66389413887714	0.0	126.77237930217404	464.4490224005041	0.0	169.59658967160576	298.9790726509798	0.0	218.16161035911637	334.81323277738915	0.0	173.82556789845927	386.90765823646717	0.0	183.62182109451564	414.587364794469	0.0	180.19821355571116	412.5337820310578	0.0	163.39151658114315	386.9436127638539	0.0	173.1983440491998	205.03145245514426	0.0	184.1697547230297	161.49479552103236	0.0	193.81228269626473	187.93358864188193	0.0	144.5888837688791	214.5362749609126	0.0	126.94276143064909	266.5589225163235	0.0	169.64709574360225	291.31818321029436	0.0	198.38443426777076	218.2906169800657	0.0	220.64065524491764	255.0078530783698	0.0	225.05721328499385	275.9529780838888	0.0
150	2.542372881355932	150.1649138478284	304.5395670005895	0.0	132.77744896219983	307.2950487132371	0.0	168.42201808934328	371.4533551162494	0.0	139.16871376332648	451.505015774247	0.0	173.93221900081275	466.6946357047433	0.0	165.86320222627836	469.005330572503	0.0	125.5819451375679	464.4274430915918	0.0	169.23999202907905	302.6357221643716	0.0	219.78892578885672	339.41214401315386	0.0	174.95855916906086	400.70222698519524	0.0	179.1730636553714	438.0439017562285	0.0	180.74582102464066	429.43860754343723	0.0	164.5230676942179	406.14703639381145	0.0	174.00273894256497	208.40687843010144	0.0	183.83613378855463	165.01585789529184	0.0	195.48810003537184	191.41797157943714	0.0	145.6441249266888	217.85591921679026	0.0	127.90146321591831	268.9452253033829	0.0	169.2962313682538	299.13952526432564	0.0	197.71943121136604	221.62356530340682	0.0	225.84481497141257	258.28831092137557	0.0	229.58708066622273	278.35974280643535	0.0
151	2.559322033898305	149.86086133650218	307.60232940472383	0.0	132.83234550039933	310.3646725729946	0.0	169.95055948602325	373.0860346318334	0.0	139.94582460099022	451.80776300750824	0.0	173.89422411578164	467.0142015208197	0.0	165.06156192559814	469.11477766600467	0.0	126.17803367324439	465.0294118325105	0.0	167.51264210324797	306.62584504299133	0.0	219.2247951875409	342.7256097068033	0.0	178.42321576321766	412.9081344534954	0.0	185.18187028114133	448.9924246920506	0.0	186.76682786860297	443.4643339852984	0.0	167.0483050502369	417.6284558368836	0.0	174.56938524094608	211.21354131253864	0.0	184.66614910604528	166.8726138718412	0.0	196.6271194245743	193.63022466640535	0.0	145.85109329547168	221.4089734334707	0.0	128.97194177043755	273.46273258478556	0.0	166.49064488611697	308.0095019039186	0.0	197.92259056093803	225.08649673587274	0.0	228.41844906121906	260.23203814916803	0.0	233.80859001629162	282.95371424827886	0.0
152	2.5762711864406778	149.18668287342976	311.93490449693854	0.0	132.90036202367224	314.8644938154829	0.0	171.60714782227194	374.50572264272284	0.0	140.39410275320697	452.37968981503786	0.0	175.80254406661788	466.78424216301744	0.0	165.09153206268326	468.69714717987677	0.0	126.65501341781709	466.7658167098522	0.0	167.25240758032135	311.16098442285397	0.0	219.73127988679113	345.25409737719474	0.0	182.67945185852602	414.95518141642935	0.0	194.00294976310252	452.6250053620789	0.0	196.48778094690192	447.3336760514046	0.0	170.50091578385968	422.43261262962113	0.0	175.22969686381748	213.1783432636406	0.0	185.46601761694393	170.00270354464345	0.0	197.0643981832557	195.08465134916173	0.0	145.93394041229396	224.43486203790565	0.0	129.33988212085075	277.75092747526656	0.0	164.74388669824367	317.51144608396066	0.0	199.28582874148265	227.43218948202184	0.0	231.234346917578	260.85931908153987	0.0	237.99537455071226	290.87301837208486	0.0
153	2.593220338983051	149.19449989205688	314.64936174456477	0.0	132.8742532023386	316.5477421146251	0.0	174.56888447442557	375.4261670047978	0.0	140.75000425363515	453.367860217694	0.0	172.41434790938123	467.045121114667	0.0	164.2047750355674	468.9394519680414	0.0	126.99340384746883	465.9699238515417	0.0	167.3641981317313	313.819387352697	0.0	220.07607226483674	348.3943889840371	0.0	187.91287619343137	422.2544172310322	0.0	205.1974457723993	454.9545548835168	0.0	207.1097472352082	448.7562781175037	0.0	175.9937119959458	430.4318121007543	0.0	175.63389460810765	217.2075009735956	0.0	184.83933212113686	172.7325314507348	0.0	196.84072347431695	198.95927026121038	0.0	147.24485408907347	228.14492006836235	0.0	130.4404539501576	282.962855372811	0.0	160.2086966405967	324.673579506395	0.0	199.28680856270648	230.00398852573824	0.0	233.00153291601697	263.75118588262586	0.0	242.94974292090592	298.4618828046247	0.0
154	2.610169491525424	149.43852973199654	317.33956019489585	0.0	133.23363717462374	320.11179461140256	0.0	176.0901540311192	375.3471950428433	0.0	140.2117650659333	453.2892379356118	0.0	170.4639975879701	467.0273140409556	0.0	161.38888882808644	468.7821997300052	0.0	127.12301497844047	465.51387399048286	0.0	167.6999730085351	318.23010262699603	0.0	220.26246112866724	353.5449804628714	0.0	193.9534260765818	428.9434246908346	0.0	221.09025840022824	457.6084852529984	0.0	220.26113843773155	451.41998659107935	0.0	182.96674197764307	438.17230145214944	0.0	176.8707920185696	220.42494473738495	0.0	184.56299243340953	177.7893417317431	0.0	199.4715348507285	201.35973544377185	0.0	148.67584851380198	231.3780665904708	0.0	131.8504725687294	286.4070947920514	0.0	153.57028044460142	329.59936422968644	0.0	199.6883318198774	233.17724672893763	0.0	234.44730483409495	266.70918932584095	0.0	247.72531304448904	300.7730497936948	0.0
155	2.6271186440677967	149.4048702502898	318.9545311967412	0.0	133.92443974216758	323.3702149416941	0.0	177.67291720586377	375.710213163594	0.0	140.29693934218227	453.56828064073443	0.0	171.4063665248774	467.25634309929734	0.0	162.453380693502	468.9378052628355	0.0	127.71755752656276	465.86667175620266	0.0	167.75073573460799	320.6345352572835	0.0	218.911677063165	356.0960578892043	0.0	199.7736307068378	432.87097177422754	0.0	230.0715048327855	457.1667013638901	0.0	228.37449235459593	452.7403431311928	0.0	188.23006760953473	445.2524960203338	0.0	177.6336971719118	222.1438518041916	0.0	185.56348632569242	179.64029927750906	0.0	201.66976050983027	201.87068605352317	0.0	148.53485555817082	234.59188588301913	0.0	132.27406909691942	288.84981345226913	0.0	147.49852103460995	335.3038610335146	0.0	200.52236048917626	236.34323554641526	0.0	237.8026439436017	268.5062763316028	0.0	253.22229205296807	304.8685650093107	0.0
156	2.6440677966101696	149.94429404650245	322.1168663422113	0.0	135.99811377016385	327.08403443484946	0.0	179.45696923439962	378.0171140414883	0.0	140.2328803762579	453.85414061120764	0.0	172.41500475492634	466.6602576443604	0.0	163.6903555975018	468.4863218430267	0.0	128.7505665115923	466.2389941509464	0.0	167.440351234612	322.9369792798034	0.0	216.91213149281364	358.5993171954307	0.0	206.56465151473623	437.6662110171432	0.0	237.67852013656088	456.9499833095093	0.0	236.44280001331677	453.2194496470733	0.0	196.26986665755533	449.5111712948782	0.0	178.70373815117168	223.80542829988545	0.0	187.19252330410268	182.7900904299955	0.0	204.18907905049207	204.76265901499292	0.0	150.74655004041102	237.58891901048497	0.0	132.60705139763144	290.8635399223382	0.0	141.41339359109256	346.1305459420061	0.0	200.28935730857287	239.11258019747007	0.0	240.96808457114048	270.60930599159343	0.0	258.75303988048836	308.98448731195475	0.0
157	2.6610169491525424	150.787993271039	323.7157755270555	0.0	137.74928613877094	327.2625691231145	0.0	180.70445915930893	378.472509684627	0.0	141.1468464866949	453.02593114647283	0.0	171.6522670133212	466.8085968830241	0.0	162.15776802645948	468.73150289819654	0.0	128.55022397755778	465.6523618358424	0.0	167.57038959918353	325.2972446665418	0.0	214.82202214926212	360.23098551342815	0.0	214.0023412181333	438.9583867099036	0.0	248.3561715351309	454.9884069442387	0.0	247.81930110707822	450.61721836903416	0.0	205.98803669814566	452.7581612227263	0.0	179.7362660447265	227.14668847864488	0.0	187.6596821640175	184.50091581678026	0.0	205.16259762949807	207.93852382772695	0.0	151.006290014511	240.26449551617299	0.0	132.58576857615483	292.5148590814189	0.0	133.37667302995797	349.74660527661064	0.0	202.55321080137338	242.71139304532733	0.0	242.10749771785427	272.08153421749796	0.0	265.60935619851756	310.5544517200247	0.0
158	2.6779661016949152	152.48777751700044	325.10292769079615	0.0	139.5775834290597	328.58835255765257	0.0	182.33878153004895	378.8983393050955	0.0	142.14928466152898	452.57835328808557	0.0	172.58870479950218	466.79662670576954	0.0	163.04557316744524	468.8531544556399	0.0	129.2476015101596	464.57733818683386	0.0	168.15570236488483	325.1475605731388	0.0	211.31279374996944	361.5331492126502	0.0	220.72400471870893	439.75272377716556	0.0	254.08187078036065	452.4142051829722	0.0	251.71038997563986	448.02832217493733	0.0	214.17887930465233	453.71456333785807	0.0	180.70628672160237	230.2885645467502	0.0	188.4690907584342	186.94266757542957	0.0	206.2779106007362	210.27530928367057	0.0	151.15438645724248	243.47644832911692	0.0	132.06270875816296	295.3775576519397	0.0	124.53372180756449	350.8973933068003	0.0	204.60312235058393	244.312342008222	0.0	244.24166157353028	273.6616737770192	0.0	271.1678061191961	310.21259444883736	0.0
159	2.694915254237288	153.3693565910581	327.2245046792422	0.0	139.80075158593633	330.7906086253033	0.0	182.89198732015313	380.484467138526	0.0	142.38396480147406	452.8162074967006	0.0	174.08837900101787	465.7337851879255	0.0	165.0489833753619	468.8855292481306	0.0	130.16266862175064	464.8882241061239	0.0	168.16692628446125	327.33180100223444	0.0	208.6436377890791	364.3519854069969	0.0	227.30024007933133	440.4853756285654	0.0	261.493877169875	447.3097021380436	0.0	258.81119548589993	443.6414612096071	0.0	222.8938851496759	454.6453647495621	0.0	182.088663503811	231.63621692688739	0.0	189.17768865036774	189.3764136759395	0.0	207.99303968412903	210.92549155884146	0.0	151.92231479070128	246.30112605604754	0.0	130.98923650206376	296.0952601032283	0.0	116.7402024010783	346.14618570973374	0.0	206.56211378916572	246.27848809903196	0.0	246.1559265128873	274.8361118133265	0.0	276.3440143882113	309.9293248502687	0.0
160	2.711864406779661	152.01668636321915	328.94516088692933	0.0	138.91017324378575	333.6911923922388	0.0	182.78519384200493	381.957862318704	0.0	142.33457517001898	453.8672679666215	0.0	175.78456947736663	465.7479690694499	0.0	167.94586004667283	468.80813111634063	0.0	130.25035795872907	465.6932572007778	0.0	167.4068906285358	330.89343736033544	0.0	204.4626532115175	370.0901938440721	0.0	231.0939233587546	439.8927509596382	0.0	266.4404286657077	439.10104422484153	0.0	262.83038202635885	436.35258149522275	0.0	227.53192727724402	454.8126444005268	0.0	183.3271312769281	233.3745386905003	0.0	190.453817054125	191.46994751327782	0.0	209.39194789358413	212.03884524967316	0.0	153.46103219696647	248.2925915559993	0.0	128.42700979603376	295.702099808683	0.0	110.20007734404183	343.22669833182044	0.0	207.20862184633745	248.1584459169337	0.0	249.9726221075394	276.19603844907795	0.0	282.0673513319436	309.68253983196115	0.0
161	2.7288135593220337	151.8479274684538	329.4295158666033	0.0	139.04568127061387	332.8817246739471	0.0	183.75212161713546	381.7200785634651	0.0	142.99895527315104	453.6829965156512	0.0	175.26512671147924	465.66985563095574	0.0	168.32165292730923	468.8060873124394	0.0	131.14229996491147	465.9940940107563	0.0	167.1671268961416	330.3418849986727	0.0	201.06254958687552	373.3399835850549	0.0	233.8927580005838	437.9753488324561	0.0	270.89546892833397	433.6836816057583	0.0	265.8449493808333	433.21887204340226	0.0	233.13431772160087	452.54371149795674	0.0	183.87972521515437	235.3418072401641	0.0	191.02961910031317	193.10168470004842	0.0	209.35190155046834	213.28748031494018	0.0	154.1763398818323	249.90007429386745	0.0	124.90379645696294	296.149464361931	0.0	102.38183059041826	342.6592355340453	0.0	208.53062688465815	248.99164233861305	0.0	251.5871549669337	275.03546299701094	0.0	287.1663952444411	305.51032004921325	0.0
162	2.7457627118644066	153.2981538768444	331.86114303690584	0.0	141.52572802549895	335.16375131051655	0.0	183.93370744190145	382.2260580045949	0.0	142.73787711130822	453.710786833222	0.0	174.59038406425532	466.03960344779534	0.0	167.3517218364037	468.84979954986517	0.0	130.9553247699279	465.7818201217514	0.0	167.55473005066156	333.5529344428171	0.0	198.73388434637468	378.0436308544749	0.0	236.91646140125053	436.3993298816227	0.0	272.1414284909261	429.2074611555405	0.0	267.09118370352576	430.38523872050393	0.0	237.69313116812782	447.7857210586913	0.0	184.7609869070998	236.68861740505716	0.0	192.25016363855278	195.41126759087825	0.0	209.6243944137317	214.01716881915138	0.0	155.22903758769877	251.75339078928613	0.0	121.88451176517547	295.4141672620936	0.0	95.4856705779139	338.4460185219078	0.0	209.9638700037686	250.8851416918277	0.0	254.4631054674522	274.48259734538493	0.0	293.993719974892	300.61706759376034	0.0
163	2.76271186440678	156.03211740451653	333.9235621754501	0.0	144.4977119614235	336.65988336749575	0.0	184.78605193045135	383.12027264202237	0.0	142.95601679027092	453.47295185010773	0.0	174.71046721496649	466.34926868206026	0.0	167.33012116761643	468.94067427012624	0.0	131.9174251220588	465.7412314558646	0.0	169.88307656379317	336.4976088776893	0.0	198.50134857422978	380.61593613414425	0.0	238.84009693457992	432.9759608704779	0.0	269.9032400744689	421.84430324689	0.0	264.86886196355124	422.03745782990717	0.0	238.93765782712654	444.45777312847616	0.0	185.7603371839161	237.84846094597413	0.0	193.1579933471716	196.96056225686857	0.0	210.8799269726245	216.07072799026085	0.0	157.0826552435098	252.06263078916234	0.0	121.25453168754385	291.39401707685647	0.0	91.20688163255684	330.0404823858752	0.0	210.88851947346296	251.2767919960495	0.0	254.93709452391536	270.51919027536724	0.0	294.9523864056853	293.7862399082663	0.0
164	2.7796610169491527	157.56452577583417	335.31088590051974	0.0	147.42115625733447	339.53320913317555	0.0	185.55398622733526	385.4889787559932	0.0	142.46127443354743	453.60884733338736	0.0	174.78985769626976	467.1830220777358	0.0	167.7076340987293	469.1244090611078	0.0	130.4870491074361	465.5955687659233	0.0	170.20170191894118	338.9641497655314	0.0	197.89843521108247	382.50619480424115	0.0	235.8537504778125	429.20435083148044	0.0	266.76859939367466	413.9772383384741	0.0	260.63398546264636	414.76819070613533	0.0	237.31380366979613	440.13883189413497	0.0	187.2764458547799	238.5718562100766	0.0	193.53922207677778	198.22355626243623	0.0	212.44627774590987	216.9445102158145	0.0	157.7166805947383	252.3627305518055	0.0	117.68108456205545	287.0215956055644	0.0	84.95070520434734	323.59114808202486	0.0	213.2688360235985	252.28351472350434	0.0	256.0567901780435	269.4925130272959	0.0	294.7685066563586	287.8395655475171	0.0
165	2.7966101694915255	159.76034652215594	335.6212985853606	0.0	149.56155332700342	338.28172807327866	0.0	186.38205447158722	386.68924856852647	0.0	142.74994553649228	453.1227599038215	0.0	175.09917724084386	467.1348016269474	0.0	168.33101116897998	469.4073535990837	0.0	130.7702705513175	464.88275997820125	0.0	172.51509036286205	338.22963363246356	0.0	197.62083821895123	382.5327080190463	0.0	233.1739599999078	427.62852048085585	0.0	260.7244876420144	412.438779727864	0.0	254.7807884375966	414.1238643321806	0.0	234.02946064706137	439.359176702387	0.0	189.04457079701024	239.08976487308678	0.0	194.22987197489502	198.1717932931605	0.0	212.23094109094887	218.53354902108404	0.0	159.81861028325687	251.80653351564254	0.0	116.46067165305043	282.392855310168	0.0	81.43991059168457	315.43938334971455	0.0	213.78246302479252	251.0224937819963	0.0	258.8640937957555	267.73438639082207	0.0	296.47306374654846	277.8892179475582	0.0
166	2.8135593220338984	161.69717002246875	336.4535592209289	0.0	151.25490863771805	339.11439219614	0.0	187.13897252781254	388.0251065910212	0.0	143.2734848680793	452.9260306100717	0.0	175.1376402216196	467.5931434468076	0.0	168.66347909034047	470.0303199993736	0.0	130.4849838563569	464.42990238051533	0.0	174.81584372777033	339.1882871933657	0.0	197.88189094001638	383.81583222478395	0.0	227.68909031459953	423.79059730635663	0.0	254.06006439104354	412.70686722253754	0.0	248.03608982586874	415.26390912092177	0.0	228.45567507633828	434.33247436268226	0.0	190.06964816446046	240.01208779448308	0.0	195.12479837407233	199.77886250698077	0.0	213.51809591780008	219.85733936553495	0.0	161.72783560048254	251.46374548323223	0.0	115.4996721188812	276.2294168738683	0.0	80.43951417722793	306.24122788366014	0.0	215.16872837548175	250.6156058645585	0.0	259.8263038096005	263.44272491427324	0.0	295.87678487107763	271.96377171828135	0.0
167	2.830508474576271	163.48109470597487	336.9654186598434	0.0	153.76105404681368	339.90269634707454	0.0	187.20688791406772	389.3843802773898	0.0	144.09473265413288	451.9421876320682	0.0	176.009754180115	468.167430420913	0.0	168.1159039136596	470.03776259304385	0.0	130.92102717301185	463.93291518141865	0.0	176.64117740277058	340.6308745625693	0.0	198.41657947023077	386.6448521596597	0.0	225.0816794034497	424.5674101339183	0.0	249.72228113225057	417.69657957425727	0.0	242.61967731463824	420.12899894004727	0.0	225.71938303453229	430.9071390140948	0.0	191.07858185258021	239.64008242469762	0.0	195.97088044507916	200.10293999762047	0.0	215.18285984825724	219.41536271321297	0.0	163.38633746372307	251.06455300003023	0.0	115.36812373300694	268.6435811499447	0.0	81.15280501162768	296.75341525039363	0.0	216.1724625855561	250.17970343412088	0.0	259.96434126512605	259.8727451601985	0.0	300.9345610292295	266.49438135652	0.0
168	2.847457627118644	165.93212780884485	337.75001731032035	0.0	154.97941741189385	342.5854892016175	0.0	187.2972668825821	390.6207341866135	0.0	146.01537519829844	449.95098659139717	0.0	175.31614940523787	468.89242447071445	0.0	167.93849721852757	469.96551643955104	0.0	130.7496496262203	460.9575336695987	0.0	178.15028080940786	342.85692323462166	0.0	198.17266819996453	385.8789874525014	0.0	224.16652246281734	429.52394638191026	0.0	249.28329786504736	416.67903262808073	0.0	241.73763772954482	419.14005245278867	0.0	222.69954947103872	439.24908159454935	0.0	192.00414296949535	239.92910579680301	0.0	196.731792078021	199.7596470389688	0.0	216.3538032930396	218.77679704057115	0.0	162.9989298217935	251.5221933033898	0.0	115.57536485000838	260.1591001034128	0.0	80.93925191289492	289.71573053234727	0.0	218.57377627300198	250.74268015478725	0.0	261.2858826330766	255.07298700541887	0.0	298.4764299794123	259.65631712624526	0.0
169	2.864406779661017	169.19468312601666	338.71694261894737	0.0	158.53162200996758	341.45039974625985	0.0	187.80927570113604	395.6126094528551	0.0	148.65058489610135	449.7681889388812	0.0	174.97737798752087	468.55664669899534	0.0	167.2998262514304	469.6411402093553	0.0	133.3584859984401	458.86193973305626	0.0	182.06109104274466	342.26850966204245	0.0	202.09163838396336	388.9339505632697	0.0	221.14153340885133	434.6739850608816	0.0	238.90613026009513	422.64052239886433	0.0	235.2901772224477	426.91040064926574	0.0	219.26657900907134	445.1898904175875	0.0	192.72614105223803	240.20321876566183	0.0	197.5775602617408	199.5633901713137	0.0	217.0109913501712	219.82125078958526	0.0	165.563987324591	249.98248608633463	0.0	116.12593900843059	253.3425946755708	0.0	81.75334522978417	286.8684667568438	0.0	218.03690200105902	248.42476051814177	0.0	262.9709087792222	250.10480839255337	0.0	301.00873166165377	254.43181462846937	0.0
170	2.8813559322033897	172.55057623816768	340.4216324456962	0.0	161.84605371240875	342.8710932875064	0.0	187.8827671782624	396.40313548339344	0.0	151.09345571413172	447.91023157955345	0.0	174.91947604402478	468.3375858171752	0.0	167.41316110946474	469.39965109913345	0.0	135.03727996688755	456.06668230449907	0.0	185.45504385733017	343.84583620797054	0.0	203.1736308652098	392.6966483678333	0.0	219.26549138596786	439.0103809058407	0.0	231.94506862557046	439.3576438339535	0.0	229.9176071136732	442.91501062389455	0.0	218.16384410760543	448.8454410154063	0.0	193.54477065010622	240.62791671465317	0.0	198.4362863763668	200.4466674990857	0.0	217.23992783200237	220.9646663382762	0.0	166.40050662215555	248.87922396721476	0.0	115.63248611600973	247.7468940532957	0.0	87.68745387990636	280.0861743171809	0.0	219.0518895387444	247.88185775369217	0.0	262.8284835540595	246.10647062242523	0.0	300.3249010203876	251.40988886237434	0.0
171	2.8983050847457625	175.00054706453437	342.5590064546151	0.0	165.50473702122076	344.90569140627065	0.0	188.85917835574176	401.5431499009918	0.0	155.83149363205678	444.8217277808568	0.0	176.36104099055174	467.53416400394786	0.0	169.36887091186702	467.8614077909767	0.0	141.82593097462782	454.736219816668	0.0	187.13941645538173	346.43025804217064	0.0	203.6250184532471	398.17827519214046	0.0	215.6414881996756	446.4057026728495	0.0	230.96761462942874	452.7445687608416	0.0	224.38751516093618	452.0874534501283	0.0	216.02176808449678	455.0224587334564	0.0	194.8761384425817	240.58114878135925	0.0	198.4709577287396	200.8181480500695	0.0	216.69101430483698	221.53639018353087	0.0	168.09579859317807	249.23420634489153	0.0	118.28589533682648	242.4838717865323	0.0	95.8280157194132	264.0299507674774	0.0	220.7221972531746	247.60516387962556	0.0	262.3446762858339	240.858268793754	0.0	297.90933328967	248.55440216759672	0.0
172	2.9152542372881354	176.9575703736308	343.62603790832634	0.0	171.2320267366864	347.57282547725185	0.0	190.398682020127	411.29811395631293	0.0	161.6167916412514	441.92445453116056	0.0	178.38574579115146	467.6638317570599	0.0	170.94178798692778	468.3763156732359	0.0	149.90294790492587	447.1264797963378	0.0	187.58576324731308	348.61444567956414	0.0	203.879488711358	401.9525319437614	0.0	214.49621135706687	451.0197798394324	0.0	230.37585029241555	451.7643423760104	0.0	223.68397035122763	452.30359447420585	0.0	212.75553251096758	458.3837212502727	0.0	195.29449724792755	240.02835778750278	0.0	199.27604012124098	200.87373473431924	0.0	217.78381789565253	221.36507855884713	0.0	170.53841440060486	249.48956587572383	0.0	119.61769779535476	241.40896769478155	0.0	102.40267360324148	259.0046970955529	0.0	219.99394307582773	248.05643685966385	0.0	257.42865954529225	240.60009835846273	0.0	293.4487186830653	250.66616881828958	0.0
173	2.9322033898305087	181.98917386393012	345.27015017865455	0.0	175.4825943983675	348.80623879498927	0.0	190.9340555935399	415.4149666210006	0.0	167.38829702469602	438.94900195995996	0.0	177.04310654025352	467.71323491783727	0.0	169.6689710709164	465.7686359919737	0.0	157.5323835243171	446.4150845783335	0.0	180.19751525137573	350.35376326499045	0.0	203.533365193805	414.05733896454893	0.0	212.6787595286082	461.49221474491077	0.0	221.05012542651275	465.01315220356815	0.0	216.8918811792148	463.2625638890381	0.0	209.55585385970087	465.9007812343192	0.0	195.3112150625935	240.82871900675488	0.0	198.46195592443047	200.790535180643	0.0	217.33192508550314	219.84000713841988	0.0	171.45011028159644	249.91449917071046	0.0	126.18096162408044	244.1464319552701	0.0	117.25729859281036	249.95181149123337	0.0	217.71778531061258	248.26758615718578	0.0	248.30862373796435	240.13529143182544	0.0	280.7816345975174	246.03735445539903	0.0
174	2.9491525423728815	184.67138425159348	348.0032822066441	0.0	179.23309661825624	352.19245660750136	0.0	188.49048730628937	417.6350360053403	0.0	177.0259911780814	435.07715528026716	0.0	174.2523278852065	467.8113783085997	0.0	169.46369308786325	462.1176984760357	0.0	168.83537446260829	444.9488946622146	0.0	179.17547804807586	353.6178656284967	0.0	202.2167686021315	419.49853996098193	0.0	212.36396160966964	465.01960277053445	0.0	221.08764561710097	467.12311522099003	0.0	217.2463505414974	465.84885998043876	0.0	209.33256228014972	467.69984376436287	0.0	195.88702961510742	241.34237941375923	0.0	196.10549896853865	201.43205452555642	0.0	215.87508028140644	220.9443919095293	0.0	173.11762073139616	251.1527444738424	0.0	134.21722329304265	247.18646880889193	0.0	124.27049217442705	246.76453711473553	0.0	219.44385211595718	249.45249438291472	0.0	243.89754343503824	242.44403394166977	0.0	270.018963457415	248.71041101466997	0.0
175	2.9661016949152543	187.94519297928653	348.6689567839523	0.0	196.64801508772143	354.28792889845977	0.0	190.94257851543622	412.0010433665679	0.0	178.9595408751485	436.9094620866867	0.0	169.54449594077428	467.92184863870904	0.0	170.1918352457694	464.822087045953	0.0	169.9479067976695	441.93783193443124	0.0	179.56889647298928	353.5373122661747	0.0	201.18313948195947	416.8803580913321	0.0	212.14363900677793	463.02711039184777	0.0	219.23971896298656	467.2697617153185	0.0	217.61760667152694	466.05965520233474	0.0	209.60433618846497	467.4617591913172	0.0	195.25887076929493	241.95933912013697	0.0	195.3805355623266	202.89067102607095	0.0	215.54533512215903	223.08868437209185	0.0	173.59444610324329	254.03371522187493	0.0	128.99270506635781	255.71512066810647	0.0	145.9560082791599	237.14645862939105	0.0	218.73795184225816	253.11068477767327	0.0	246.35900820011386	267.4129448622596	0.0	254.09041128674997	256.219542914155	0.0
176	2.983050847457627	191.32397406994883	350.99666115794787	0.0	202.77793746594102	357.0526428694155	0.0	193.81109108221733	415.87613415162554	0.0	180.6500583758135	436.4737005758787	0.0	165.7869364803347	467.91758091022916	0.0	169.5806932636139	465.17590004029285	0.0	168.7992124897998	439.08514732354206	0.0	173.2032062230787	355.07532790822853	0.0	200.72786913930082	416.73703025402295	0.0	210.83565398916937	461.790152614837	0.0	215.59951470418736	466.04505795786747	0.0	213.17169447661166	464.8039546105904	0.0	209.26395930514335	468.1284862589344	0.0	194.78561712628	243.17019075352283	0.0	192.0965275843673	205.40752407785007	0.0	213.26089761072032	224.44929565234466	0.0	212.06458534309957	256.799068708218	0.0	134.33962265972912	259.41182735235157	0.0	151.60166422004949	231.8121505250022	0.0	176.12885025381604	257.75992358098495	0.0	135.3828820897743	261.92495740318606	0.0	152.89043054059192	232.065284723083	0.0
177	3.0	194.90144624507906	350.34312787912796	0.0	208.5737944376695	356.6723464060113	0.0	198.0580992547356	413.4298810868671	0.0	185.9756216580935	436.5335731003913	0.0	159.7424672500109	467.86246569236215	0.0	164.34285637191	465.5504814990126	0.0	179.2784407282173	443.17615061293884	0.0	175.0432042230821	354.46138144720953	0.0	200.39674959854568	413.43586852798643	0.0	210.2066958273088	457.5464129838268	0.0	212.7116067524846	466.73190864235033	0.0	208.70755151327174	466.28241124246586	0.0	211.0878665743761	463.3947182132662	0.0	195.39599915934988	246.3226249806488	0.0	189.57998741298647	206.99565916468953	0.0	194.3099528491675	230.79041922705872	0.0	212.258397794033	263.9959439229768	0.0	156.54219920462316	251.49259974961836	0.0	156.3295587362297	230.2952587789411	0.0	180.12005107381583	263.87616321628127	0.0	151.46088897949878	269.4803243082385	0.0	155.9303767578166	229.6119789412877	0.0
178	3.016949152542373	196.57509830359538	350.0705163089675	0.0	210.22083380928134	354.8489191381294	0.0	203.63606837819003	415.24706112425827	0.0	187.93288561351966	437.5474766313604	0.0	155.01148062381657	467.9117588403909	0.0	162.12482217592407	465.98640400843124	0.0	177.8187018584823	441.41919969230526	0.0	177.0204393138303	355.5134943028863	0.0	199.23949422605037	418.5538458023347	0.0	209.44154029874232	457.87675757823126	0.0	214.56142776666525	467.33629053918156	0.0	212.2897767835629	466.4181407386384	0.0	210.51978845717758	464.83843722387155	0.0	193.22265922621438	248.72174857659917	0.0	187.3560366922252	209.2050297621103	0.0	204.00972260782493	231.41911451810356	0.0	205.14883682447976	266.29893416456565	0.0	173.64493383729484	273.9874678622935	0.0	164.96939692665057	223.71225377204095	0.0	177.456429554694	264.93512314689633	0.0	173.61074659164422	243.3205797358095	0.0	164.57491458347536	222.90366046441568	0.0
179	3.0338983050847457	195.77643016268527	349.6161975495262	0.0	212.38123478460412	352.86264230031327	0.0	206.81119097366397	415.3662664425215	0.0	187.96440127609725	435.42290829611414	0.0	154.11574359694362	468.473413595057	0.0	159.83703224519044	466.16047053743483	0.0	179.24004940088497	444.57997190248625	0.0	177.52933309772624	355.14090614778877	0.0	195.99069352254503	416.07972111628425	0.0	209.2047641936215	458.2919789618876	0.0	213.87235670304727	467.8983395909943	0.0	212.5397413752344	466.5207133389582	0.0	210.95291682112938	465.0325589124162	0.0	191.91488756665692	250.23856504254186	0.0	185.50677811435384	211.50484970051875	0.0	172.79966110467322	232.15846255631297	0.0	206.93316606606933	261.55109345513466	0.0	190.00986245009827	258.8968233592923	0.0	170.9410625020537	226.87416616074177	0.0	172.24629092948396	274.05370453442424	0.0	165.2801012670506	301.6222131549011	0.0	158.11226017691646	302.5303934008375	0.0
180	3.0508474576271185	193.16868147644644	348.1739635309044	0.0	211.89287959908503	350.26566049759055	0.0	207.7906622309114	415.61927790068495	0.0	187.04923677895118	438.56144952949444	0.0	154.4337327647907	468.3762593780689	0.0	160.28931826030612	465.4829008944642	0.0	178.4918335462879	442.75252945735457	0.0	176.97446356866206	353.9442092859508	0.0	195.79837998543667	416.13436151451015	0.0	208.3837483259853	457.7617642568342	0.0	216.19528226045202	467.5252713383412	0.0	213.56029629178957	466.6013503790481	0.0	209.746267399289	465.2479883168289	0.0	190.13862788325414	253.1006997466549	0.0	181.96641865815587	215.3102893776799	0.0	190.8042418616961	236.70238824735452	0.0	214.85577393576293	259.4993255985377	0.0	254.77363692541644	258.23581086439174	0.0	291.7613188310962	256.3269193953162	0.0	162.61419075063426	285.7222873154899	0.0	155.73912392993415	328.72179822634024	0.0	158.4282883729783	315.4987102221271	0.0
181	3.0677966101694913	196.1942134596974	347.3649533654001	0.0	215.51726281726556	348.05956443874845	0.0	208.65385538601927	415.28318523375117	0.0	187.14997959919552	440.43694870936895	0.0	152.51448079799826	468.11811312006444	0.0	160.08931321973503	465.5332827630961	0.0	175.05126838344643	446.91858953594885	0.0	178.2613061590644	352.7227580620074	0.0	193.8895216876877	412.67347524183083	0.0	207.23304475205842	457.4211706924223	0.0	217.2288340510368	468.9767700847935	0.0	213.4833177601985	468.0771146618446	0.0	207.88572103244098	463.3576974479415	0.0	188.00754118437408	256.171672446929	0.0	180.62874670012073	218.43538870827538	0.0	196.12488152762623	239.3350989729244	0.0	218.6893632724213	263.60068119728186	0.0	257.53144468495566	250.5942977674019	0.0	232.45196953890266	243.4652697606	0.0	160.7150702719191	290.8064209218456	0.0	150.64502259228357	343.2221476561452	0.0	164.35069024702048	322.40707654388666	0.0
182	3.084745762711864	198.17561593559148	346.84776450990654	0.0	216.63532104425482	348.8717210624076	0.0	210.4686879413956	416.4540240340132	0.0	192.1626147395102	439.3003998757158	0.0	157.98629290591816	468.31108316405897	0.0	163.09684028764278	465.8365578851941	0.0	183.68888950159757	442.66503844238	0.0	180.32202495981176	350.93868733447306	0.0	191.47031257888764	404.53237547588753	0.0	207.1075158396436	459.00040153618227	0.0	219.13283665609356	468.2952494247888	0.0	216.62245584904673	467.1473807636972	0.0	206.79099567554908	463.3805569022437	0.0	186.5895595805327	258.8949797488031	0.0	178.22397019387603	224.30485438089266	0.0	186.7762159543155	246.43959508973825	0.0	219.60629365308708	264.20971930742	0.0	265.5224505978672	246.84750270890999	0.0	255.3676237085253	244.691364293145	0.0	160.11994817033653	296.29308793385337	0.0	146.94290769402653	349.4375646640648	0.0	160.46290769404118	346.4787305647776	0.0
183	3.1016949152542375	198.90230784253168	344.8632169771519	0.0	217.56420761952808	347.7153659586303	0.0	212.18397888331	417.1951765130657	0.0	201.06771850733924	443.5642673141856	0.0	162.94474260450318	467.1685633732378	0.0	169.04261781004695	465.77692696025343	0.0	197.2610910312629	449.7394591462003	0.0	181.55894485711738	349.76627580130366	0.0	190.0697802128172	402.7142683569178	0.0	201.48122021180697	455.3272914683107	0.0	215.86028599547535	466.7488857751701	0.0	212.08759854374526	464.77068253463267	0.0	205.49090758571938	462.3857094068231	0.0	185.01000271565758	262.403589855839	0.0	176.4195411225553	228.75667341870718	0.0	187.699476907289	250.4453006606054	0.0	219.31117004490022	265.3055349316846	0.0	265.31416070159855	246.7570889812045	0.0	285.19901223623276	229.45103462698117	0.0	157.15040877984154	299.66696693423324	0.0	145.9527382985006	354.12379306215456	0.0	153.48138778803985	326.90301796845307	0.0
184	3.1186440677966103	201.213696771889	343.7880180963457	0.0	220.30696407364687	346.51267337341255	0.0	212.96916513328117	416.9194460044673	0.0	210.25043425103343	450.73391916897174	0.0	170.17599878610162	466.8948456218547	0.0	212.16827718243016	465.66973493828425	0.0	207.10644873488707	458.05870108003313	0.0	182.74407945959598	349.6607742239363	0.0	190.3095320161939	397.0485335217138	0.0	197.6683016001769	454.4414552999935	0.0	211.51610214763687	464.7215175281384	0.0	177.08163239408916	463.4921244608583	0.0	203.5620912078618	462.91954125012603	0.0	185.0744104496759	266.86781765593946	0.0	175.56313651724247	233.17615270669208	0.0	176.4088635137893	256.2248490036918	0.0	221.47027836586875	267.7180428288978	0.0	271.2994092697572	254.30864443881308	0.0	298.32820312598193	232.32977558910005	0.0	156.50466712709087	301.09798404544745	0.0	145.91276151047208	358.9983775962628	0.0	153.1037919565815	330.597564319119	0.0
185	3.135593220338983	202.30817067416933	338.79883564484277	0.0	220.9275753321255	341.6330192764887	0.0	213.67795540364546	415.4415986723354	0.0	210.041163188674	453.663562096087	0.0	182.22648895572186	465.73733328361834	0.0	216.1081540813159	465.77518932696694	0.0	204.45998549683915	460.9170989297887	0.0	184.30320777815092	345.1971641713368	0.0	191.4647135846102	396.50940232544247	0.0	199.08496421770286	453.9653808110096	0.0	212.37391416325318	464.0850004093971	0.0	179.47713826967902	463.6230712562692	0.0	203.45820041011947	462.87332534433926	0.0	187.11238536667892	269.6517867905384	0.0	175.63236968845337	240.2212214252339	0.0	174.17101265867612	257.52605479059565	0.0	221.024363525264	275.1172170013588	0.0	268.0288322293463	259.5575396459126	0.0	292.38891315881983	243.29462203221627	0.0	157.42088638519297	300.1257782103042	0.0	145.70225995820465	357.9912799094288	0.0	149.7383320242036	346.86998577362675	0.0
186	3.152542372881356	206.59840888785214	334.1620709869989	0.0	224.63487958193474	338.34719497198734	0.0	216.06107524438272	411.7724546389615	0.0	209.40690575728308	449.1259491882568	0.0	185.15823036398893	461.41696500892107	0.0	195.34962620880862	462.93130397350166	0.0	205.89461271396758	459.5558019350302	0.0	188.51540580604558	341.15971426247114	0.0	193.2070810997283	398.75824110631186	0.0	203.46133357172573	452.5470322488689	0.0	209.8468692575475	463.6956758944332	0.0	183.78103759814675	464.5673084908942	0.0	206.0558924137469	461.462534520988	0.0	186.4106034345628	272.57814196312734	0.0	175.34477914609172	245.0659974086025	0.0	172.22921503949664	262.8771157964071	0.0	223.1609012850995	278.73404062939693	0.0	267.0959728978196	267.1089833733209	0.0	292.90447523665597	260.3746615015958	0.0	160.8045410570498	299.2355416606091	0.0	145.96529856331148	352.84573604259	0.0	135.88902947626653	356.26450055991995	0.0
187	3.169491525423729	211.8652093614966	331.3386807335407	0.0	230.04113409052744	338.0503725662886	0.0	215.30969402525585	411.4081438527098	0.0	210.64526920976022	448.9012628168947	0.0	190.49977539482472	463.28503576008774	0.0	198.02765441340878	463.4701971340176	0.0	207.44117070654144	460.7805053289455	0.0	193.54923925118783	338.16377861526666	0.0	194.25003511609455	397.8022998560262	0.0	200.85718105839163	452.2078350177565	0.0	191.4698327959806	462.872585655364	0.0	185.56035857533104	464.1430022975872	0.0	203.94216877986952	462.31809722011644	0.0	187.60409266519846	274.43290758116257	0.0	176.97716121538593	249.20725625972506	0.0	172.4861019826433	267.43023699857224	0.0	224.6702032715725	280.76041947826667	0.0	255.40756376745037	279.7932469020266	0.0	230.4574396805803	280.0774024032556	0.0	165.4143902425036	298.2683333305463	0.0	147.34341375922102	342.58086070831047	0.0	133.4999580602977	372.9448464501178	0.0
188	3.1864406779661016	215.6750156560229	326.85400007193056	0.0	233.4923908723365	336.735124824851	0.0	215.12227568330235	409.97208309201943	0.0	214.91617903331698	446.9731226410376	0.0	204.95987256598357	464.21628603360057	0.0	214.412918342753	463.00774253836533	0.0	217.5894369058663	455.3332327294331	0.0	195.68325775699125	334.21923022507116	0.0	195.53139041101286	393.5687032314993	0.0	200.66099062004687	453.1214365796838	0.0	186.33283226612096	461.9365400665992	0.0	184.5423781796865	463.3362073123097	0.0	204.7347773537574	463.25247745451236	0.0	188.71580913321162	275.68985473432076	0.0	178.29808394456677	253.62231273898124	0.0	174.24040207575015	276.31026448723486	0.0	225.8611532039614	283.9165687520648	0.0	235.7018297458144	322.91371002342464	0.0	212.5267514814317	312.6624139370433	0.0	168.16289181936537	296.8042273298042	0.0	146.73622412434338	344.7746666873437	0.0	128.41453626055085	384.1083445994408	0.0
189	3.2033898305084745	219.38818124889386	322.12399772490227	0.0	237.43301781138024	331.3130183994572	0.0	216.58330896150028	403.3749339821667	0.0	215.25667923103737	445.501974978463	0.0	197.45603179853046	464.8949618784935	0.0	209.16364508018253	463.6595861207076	0.0	218.42362359444218	455.61709712598633	0.0	198.66635271932833	331.1671383692839	0.0	198.69549631247114	389.0412625534962	0.0	200.62577494789323	453.91524991722576	0.0	185.19332219257427	461.5321491592017	0.0	183.6787093535039	462.38072942911884	0.0	204.54659814727614	463.5399610179809	0.0	188.8215952093393	277.69252495821354	0.0	179.0100574514452	256.0072963299895	0.0	172.24913705818392	277.1007363758369	0.0	221.25713815946423	285.267493323288	0.0	230.85777568730538	324.51547273997966	0.0	184.2286553909992	345.6229245641982	0.0	168.62363773539732	298.3261014912282	0.0	145.0568901194025	348.426264123187	0.0	125.60543671165289	388.5463647305995	0.0
190	3.2203389830508473	224.530865343558	320.31181390099715	0.0	241.8886091604748	328.67747101361243	0.0	219.83329715896969	398.7720720562329	0.0	213.6293870251832	454.5760395993255	0.0	191.6102843729348	465.1352065076644	0.0	212.7212035525033	464.9028423592989	0.0	215.48337616334237	463.9008968770583	0.0	203.27551334506282	329.68957790645095	0.0	201.97714016748944	389.31321645172864	0.0	201.75957654252215	453.4746753492488	0.0	205.34006284438823	461.46550236420313	0.0	182.30394737440332	462.61382409449175	0.0	205.16976274585673	464.6843286748465	0.0	188.9971539589086	280.0627433352952	0.0	178.8651447120113	257.21088438946816	0.0	172.41333054405305	281.2050438236459	0.0	218.74686338306847	287.3464331896659	0.0	202.23029756485107	354.5392292975647	0.0	161.6741909894802	380.2069798717743	0.0	169.50082882307433	300.07190231443	0.0	144.94428085339828	349.7870084305004	0.0	123.76599260330343	391.55953641165144	0.0
191	3.23728813559322	227.5101128513395	319.42148395640663	0.0	244.70906658425207	326.49382639205743	0.0	223.5123271071044	392.18948553663745	0.0	214.08388547053212	452.65994874304374	0.0	198.62784400933037	463.4311414038355	0.0	210.98750457690062	464.59512684423856	0.0	212.2862768980996	462.6197286248619	0.0	206.29926048303685	325.94046046949825	0.0	204.4684882305474	385.74498625075205	0.0	201.86926330814396	450.6718162281403	0.0	207.62842024488572	461.1482636282272	0.0	185.52782264801274	462.04270436211664	0.0	203.78877363012808	463.2009751263871	0.0	188.67603125017345	281.1854580823635	0.0	178.39422838751585	258.22517530226526	0.0	172.00552186118563	282.51098705158313	0.0	216.69855023948082	288.74369512941735	0.0	194.23763008744675	359.97515282806097	0.0	152.05721966039852	394.1175916106987	0.0	170.81590461153817	297.78610071075445	0.0	146.53093670524953	349.73941074673576	0.0	124.6919255130906	393.17994795651833	0.0
192	3.2542372881355934	229.21351027861124	320.38009268026093	0.0	245.9494491476203	327.40836058243514	0.0	228.56671564847636	386.3234474236689	0.0	217.7187847044543	427.46277427614956	0.0	213.60618466496913	462.81953114216805	0.0	214.9217355615084	455.8231066181902	0.0	213.95464758284317	423.83374873991835	0.0	207.27836432600128	326.4474396599635	0.0	205.3514643094187	384.74514528943064	0.0	207.10637361757537	456.2802036314514	0.0	214.0788866060233	461.02580913779536	0.0	208.65028684456155	462.93891474321424	0.0	208.6696462935681	466.49812308874624	0.0	187.9528569734254	282.30869703903494	0.0	178.60110818136664	259.4155906193932	0.0	173.05540465818925	284.09927313595057	0.0	215.18120265142207	289.8443061228038	0.0	189.87809729453414	366.6975512015078	0.0	147.81422993731388	398.25092848493625	0.0	170.75332485667587	298.43559804802317	0.0	152.47287961549006	344.60859660101147	0.0	126.74164733441556	389.47125268747834	0.0
193	3.2711864406779663	233.52118246218055	319.4564110300597	0.0	250.02139635107142	325.78969489196186	0.0	232.17449065000307	383.5151423025996	0.0	218.28815686293333	420.0473683592041	0.0	213.37653790725275	443.5488219515956	0.0	210.99838908067437	439.6652188393248	0.0	211.60480938559965	424.5782355960831	0.0	210.34826479591104	326.207703817215	0.0	205.4766378060673	386.403493253805	0.0	208.9922400945404	461.7537510429952	0.0	213.79535238697144	464.1909271083316	0.0	208.4016877545538	466.5146146822562	0.0	209.69717860862588	468.9622614621409	0.0	185.436273278084	283.97062305232254	0.0	176.843533423577	260.5338981162005	0.0	169.81842740358027	283.8058036817514	0.0	212.28860782567273	291.57475084109814	0.0	189.06582975972603	369.6450394234193	0.0	143.33732625702285	401.8253625815768	0.0	168.45917328069925	300.0977704210641	0.0	154.41363490510622	342.69830179550473	0.0	127.51941575207354	388.60268032895823	0.0
194	3.288135593220339	238.78222189627525	321.02813906647276	0.0	254.3102748256801	327.41142565645913	0.0	233.65869567195858	389.3857037756503	0.0	214.61075756706802	457.0016382829245	0.0	214.89800031505425	454.6790604997403	0.0	209.00497406819272	461.85524699825976	0.0	213.27774910323402	456.3918739951479	0.0	213.02746871489242	326.2836473466722	0.0	205.12187667408864	389.011042760891	0.0	210.47923639852536	463.03231932657775	0.0	211.53439223369745	468.5715660038545	0.0	208.4759838882651	471.20472526775285	0.0	212.43398983059177	470.03685564277714	0.0	184.01180819353846	285.79975647282026	0.0	175.0552702907965	261.66981764591776	0.0	167.98113823019554	283.6349812405053	0.0	209.80128864196035	293.9504686059483	0.0	181.91878019505702	366.77201112684423	0.0	145.99583373514972	397.3452181390498	0.0	169.12858439249646	299.6825228990619	0.0	155.46776553318566	341.4536804111782	0.0	132.49652335408646	381.5752420192066	0.0
195	3.305084745762712	240.2918957852268	319.9892024358531	0.0	255.71093082333687	326.75768776006703	0.0	245.14260534610165	389.50766417065483	0.0	212.72297672936435	458.64005106970825	0.0	211.1843827968016	466.61991362770857	0.0	221.32528852453996	432.81881387379514	0.0	227.63738346687478	403.42182471872155	0.0	213.30076325082368	325.7319606514212	0.0	204.1970206924599	389.1878971606446	0.0	210.7570169998662	462.65032547149593	0.0	212.73833611674945	469.4048736870464	0.0	210.56211510628947	471.23361139207384	0.0	212.22906347830082	469.6454219602152	0.0	182.0507726525382	287.6800512829387	0.0	172.35867453798335	262.83476157255245	0.0	165.63108578965085	286.73082274524364	0.0	206.24336332976614	295.34607772602027	0.0	185.6120501908839	360.74072693973216	0.0	153.0291680636297	394.0131310111762	0.0	169.08952663758112	299.23257018563146	0.0	159.76714014048287	334.1773469965099	0.0	136.9579096652826	375.0198839683133	0.0
196	3.3220338983050848	237.42338368010968	320.58808219905546	0.0	254.5463588411787	323.0721435276955	0.0	249.9375902181329	383.0534985874812	0.0	243.41523182575182	361.65087828538	0.0	226.1628563441695	417.0668155174612	0.0	234.42365011601214	396.8719503027428	0.0	242.31209734390572	345.7519732259158	0.0	213.24136628826193	326.4528658801463	0.0	202.95644676078635	389.79306321493357	0.0	210.8266781517011	461.9213027889858	0.0	213.21854202362783	468.74523603520527	0.0	211.06311792001105	470.06231641727896	0.0	211.87432053388642	468.80114465906615	0.0	180.54531755160994	287.7146422183535	0.0	170.02915340858024	264.1358570381267	0.0	161.54715526860045	290.82197550394375	0.0	205.6234613489824	294.55982130979015	0.0	186.42407682632376	355.20280036974503	0.0	158.43264394001955	388.56636724464107	0.0	169.07460924028214	297.3933398522663	0.0	168.27858472901286	322.63406733150805	0.0	140.6285307568822	368.2660435681076	0.0
197	3.3389830508474576	237.3677115981585	318.1147447115879	0.0	253.88757173993065	320.4259622546918	0.0	255.64096336352054	379.64227144057025	0.0	246.97901682984087	350.143048758773	0.0	241.73937990581686	365.00496729506415	0.0	247.406989950211	361.5846295786604	0.0	247.49392880903673	335.4028931803883	0.0	213.8655985946603	325.5150445628927	0.0	202.40386286715068	389.2952973388399	0.0	210.6564327522321	462.475068536716	0.0	213.7227617524032	469.1632210065114	0.0	211.38318405496628	469.98547582743487	0.0	211.25097253514917	469.09138681298725	0.0	178.45265888499404	287.27795683842646	0.0	167.69433558185912	265.28081207024417	0.0	158.94049317742602	292.3062859315319	0.0	203.0232546486884	293.5673292790225	0.0	188.03768497936537	356.738064073762	0.0	161.58071662213274	386.7633304679988	0.0	169.24111809837135	296.79458131476974	0.0	170.91347949821775	318.14136155361535	0.0	144.89536351767924	362.3943358614318	0.0
198	3.3559322033898304	232.00216606769663	315.9461057167217	0.0	251.2726163441126	315.29756283756353	0.0	258.44706557578854	375.6021857572266	0.0	253.46625183566584	333.7836392544232	0.0	250.55754371979143	356.86343860419964	0.0	256.08875967258604	350.0848092844821	0.0	250.47911159977312	329.3485257267353	0.0	211.4904948691804	323.3119363183075	0.0	201.60266453882485	389.70320360541496	0.0	210.77724938561585	462.61146674944393	0.0	213.39126692677678	468.6549461543429	0.0	210.08960663490402	469.61629075447047	0.0	210.92645412190907	468.47190822250593	0.0	176.75230693564941	287.10582658013084	0.0	165.90543703521047	266.36505697228284	0.0	158.0998248123609	293.9217273470312	0.0	200.81280477759196	292.7950404398279	0.0	192.25263728778148	352.4298380138991	0.0	167.881374148624	379.4873119204857	0.0	167.50366033889816	297.0168093622316	0.0	173.239510454201	314.07390009412075	0.0	149.23284060254485	357.4443984012226	0.0
199	3.3728813559322033	226.22158731243366	313.4864519145751	0.0	251.89013162962263	311.16679916386727	0.0	261.6057635629543	372.9112095290753	0.0	262.37053538853735	318.8059276554792	0.0	269.3627046777962	308.6304641564012	0.0	274.03482641176447	303.91221445727297	0.0	262.22776531867555	307.1818206975033	0.0	210.30374092507375	318.6313707578731	0.0	201.6094621030604	389.4600141236522	0.0	210.82853716068686	462.5537434809934	0.0	212.50146785900557	467.85393568936576	0.0	209.18488888036848	469.50575910867144	0.0	210.95582294037655	467.3185971152019	0.0	174.62777902611572	286.76212873995286	0.0	163.35046897220238	266.28619807286634	0.0	157.8195733512888	293.4602395130724	0.0	199.5631619097215	292.3231544264107	0.0	194.4262332041677	351.77969284040023	0.0	173.9407786453601	372.6260847752981	0.0	165.54396333906277	295.66927286993473	0.0	175.25273869546936	309.75722653603896	0.0	154.11145005488873	348.811688228239	0.0
200	3.389830508474576	228.13916020065616	311.8097159819484	0.0	247.2610020935836	311.0678588447357	0.0	266.30079107539126	368.7297290867946	0.0	277.1171221715958	300.05690695013595	0.0	287.1069700355492	280.6619408303479	0.0	289.1902654416346	281.16558935130536	0.0	273.4013580939295	291.26624528652803	0.0	211.43529297852285	317.6274995116763	0.0	202.48633628548677	388.09079474931974	0.0	210.30820149481985	461.40145073539094	0.0	212.47261282950146	467.6316321116058	0.0	208.0533766821702	469.26855447168305	0.0	211.5742843428868	467.18874402266624	0.0	173.17689577235043	285.89247584556784	0.0	162.17650235611936	265.3551774578268	0.0	154.62320696253758	289.3732679488718	0.0	198.81758063074918	290.8229210721646	0.0	202.76527352149736	337.6866403180426	0.0	185.47778483962225	359.7379703501734	0.0	164.7100877500847	294.038433782576	0.0	175.5624399653101	306.808475025213	0.0	159.2088828085354	343.3074037441064	0.0
201	3.406779661016949	229.0737169123323	309.3454107451457	0.0	247.86353589145563	308.00792095960776	0.0	271.9922909683385	363.3885766330112	0.0	285.380235459865	295.91488001637435	0.0	297.7270740934649	277.4366443679439	0.0	300.65750391910876	276.29375466092176	0.0	282.7997508184704	284.8681556684217	0.0	211.72157423547105	314.840604722271	0.0	204.3989683686518	388.1033890069523	0.0	210.4961487724994	460.586757334225	0.0	212.57329540953873	467.2804409528678	0.0	207.3516573593783	469.6575458823221	0.0	212.15892033245638	467.09421613266136	0.0	171.42052563974204	284.00910373353304	0.0	161.28213885310637	264.58687722698807	0.0	154.27613779950747	288.23543553536285	0.0	196.925334128355	288.1385197328639	0.0	206.86136461438429	333.8091516980506	0.0	191.11943852988804	352.1629212542479	0.0	163.72766315649926	293.1920947627103	0.0	174.5045940568782	301.33430924798427	0.0	161.35138811252136	338.46303963810226	0.0
202	3.4237288135593222	231.19785237002614	307.57330305392344	0.0	251.12677313420244	305.80357233509784	0.0	278.3050456283027	358.330545971306	0.0	296.3756011073491	279.8391097268543	0.0	298.7051670334543	265.9640963095445	0.0	306.4776191729613	268.97340544969325	0.0	293.20003064226063	272.9178075728884	0.0	213.683483085841	312.71939430782146	0.0	205.92997694728328	387.4452297403059	0.0	210.88382967629244	460.3715329034781	0.0	212.80022178564383	467.2181033689949	0.0	207.15258708869277	469.8115015481187	0.0	212.39145830196003	466.94287192289397	0.0	170.76405095430948	281.8174742207685	0.0	160.5906072589255	262.7307599780898	0.0	153.06268268571955	286.4258458409155	0.0	194.48047178110198	286.42027219879367	0.0	208.6884974854995	329.08553204838523	0.0	191.67003402475925	353.8016484151037	0.0	163.4101956662686	289.583325555154	0.0	174.94286734255655	299.4283807463185	0.0	163.26485773276806	335.582904497325	0.0
203	3.440677966101695	233.4889047723611	305.4164022563093	0.0	252.70184809424177	304.93076213363923	0.0	284.4785510122033	353.94945395537366	0.0	298.7021798391197	288.4597861643334	0.0	298.4524945089282	272.7299699916436	0.0	309.4828648966484	270.18486869790775	0.0	295.5204745754009	281.39127478372586	0.0	216.03995236642257	312.0349897877835	0.0	206.51652727219866	387.8516656305284	0.0	210.95043757183507	460.1019876187488	0.0	213.36189558496739	467.16389594483763	0.0	207.1631891722202	469.9332343976929	0.0	212.455011877848	466.78327723641405	0.0	170.40655404407107	280.11995195949294	0.0	160.56843476229406	260.7807031226587	0.0	152.8988994961844	282.3505150180569	0.0	193.2669979576924	283.57195381729997	0.0	209.9333489719655	324.56037077173204	0.0	192.9542177357447	355.16644300377345	0.0	162.34239441599397	288.0506326328489	0.0	175.72944104341343	297.30607651338846	0.0	165.4075819363839	333.4853932941855	0.0
204	3.457627118644068	233.0558769283034	303.53391888818857	0.0	253.62772099317743	304.89688757768386	0.0	288.8154611406378	347.51639955550684	0.0	302.2191054432616	294.9139130534839	0.0	298.1791249242675	279.643560543676	0.0	326.9518539043401	275.27157990941976	0.0	306.1432489254531	281.3527036593772	0.0	218.1587480023469	312.80539299849903	0.0	206.90071170016793	386.42083452212086	0.0	210.91238190532079	459.19423303692315	0.0	212.5152846292984	467.05877349719015	0.0	207.1542381752136	470.0635115595635	0.0	212.76807008088872	466.1774295441659	0.0	170.07856218157247	278.7233140534277	0.0	160.89291504648412	257.9950250324147	0.0	153.03603938084382	282.1457275361048	0.0	192.77109667768383	281.89982113392097	0.0	203.66643423468224	326.1291181162881	0.0	189.33687144495934	353.54837067023175	0.0	161.34678082372557	287.62870591647624	0.0	177.31301985083473	296.52040645305897	0.0	167.4573260723868	331.8174862609756	0.0
205	3.4745762711864407	233.10007866982733	302.5794320837045	0.0	253.59946212526154	302.87363516896943	0.0	292.7290217613776	343.14646724432083	0.0	302.526258939668	304.2552281473912	0.0	297.90542018900857	286.55498937860415	0.0	326.28451382985924	282.34346660015376	0.0	302.6177354189305	289.34871389481765	0.0	218.632304967677	309.6144898106602	0.0	207.82684721094157	387.37241197048183	0.0	211.27910610088213	459.4697988523553	0.0	211.67067483062604	467.0243316959806	0.0	207.00647142617288	470.3395684149693	0.0	212.84192341775747	466.5856021682208	0.0	169.43461577063812	276.85658177868606	0.0	160.591750482052	256.9526863884742	0.0	153.67488423972895	277.4522644896956	0.0	191.77248506756092	278.37501816980375	0.0	202.90515493822676	333.7617984167634	0.0	188.45235473213322	373.1551386534644	0.0	161.50829819851577	284.59058148883116	0.0	177.78822860818445	291.78127708687026	0.0	168.15880556953852	330.7800092972702	0.0
206	3.4915254237288136	237.51763319695107	300.31805264757895	0.0	256.1866174391646	302.06436173053953	0.0	295.6609194508627	339.54580712542554	0.0	302.83925929430325	310.0226235958948	0.0	297.631698560091	293.46107847323054	0.0	325.38217334511023	289.43191084635134	0.0	302.8865889249832	295.4719778667075	0.0	221.06202447851427	309.90909559860506	0.0	209.3051349693502	385.0866300341848	0.0	211.44231717797646	459.1644293244384	0.0	212.84097319613795	467.15112813519045	0.0	208.22177252325628	470.5943149156591	0.0	212.97999092287964	466.81161621359274	0.0	169.42761225880693	272.6344312555864	0.0	159.8575247970604	252.8986852190018	0.0	153.8854234372992	273.83490399936574	0.0	190.15918932802438	277.3614478037451	0.0	202.47853564789307	335.60900637225507	0.0	189.1339339957716	373.06149361556965	0.0	161.56838060697478	282.0124323362531	0.0	177.50205814864822	292.0982083077369	0.0	167.38515965254265	330.78334454061684	0.0
207	3.5084745762711864	236.58559447309767	300.2245695573278	0.0	257.29806444243917	301.4126522453863	0.0	297.92284001416067	337.1465582462203	0.0	303.1524583716198	315.71570830875515	0.0	297.35796107866577	300.35871573434605	0.0	324.4766330054867	296.51245877598427	0.0	303.24292835933534	301.5569897268872	0.0	222.83272610935623	309.81408319456204	0.0	210.49027754482447	381.370872820401	0.0	211.73155902393063	458.4736846998651	0.0	211.72192976036453	467.00977535222205	0.0	208.05803630052594	470.82358766798006	0.0	212.72485494237588	467.02566079006033	0.0	168.83835796639374	270.88053774540913	0.0	159.58157993506032	248.66070450750456	0.0	153.69886726748555	268.7778239635488	0.0	191.2302134992645	275.1836743390234	0.0	199.93600090563768	340.0220119989872	0.0	187.78610281851402	380.9550034214405	0.0	160.978182415424	279.3150400720524	0.0	177.82460593116582	290.7274188687802	0.0	166.7608481432456	330.72240207719176	0.0
208	3.5254237288135593	238.23530779012995	297.55017586891756	0.0	258.9689249123559	299.9264881667539	0.0	297.4204050626299	333.89408266152935	0.0	303.4657716671276	321.38806132761874	0.0	297.0842017890344	307.24187122590615	0.0	323.57125700906755	303.5790805504898	0.0	303.6011191875309	307.62586902826934	0.0	223.0817445131205	308.7253111020063	0.0	211.86035441922374	381.833408507693	0.0	211.49771760525257	457.5482193983929	0.0	211.7900199708535	466.8506811297209	0.0	208.03228636207015	470.0744786850515	0.0	212.39172437344203	466.9740858561827	0.0	169.30134606152427	269.09294441449305	0.0	159.95698307815684	245.83688908955793	0.0	153.95060670672842	269.3582183699633	0.0	191.96328211298518	275.16034007549206	0.0	197.3670649519278	344.69348913905895	0.0	189.4260418379672	388.8426819890381	0.0	159.89074827340465	278.67514193114	0.0	178.0632273986125	289.96625941290665	0.0	167.27717059382513	332.3549116779058	0.0
209	3.542372881355932	236.42840129920552	297.20819621492075	0.0	258.63450215725334	299.83180480832556	0.0	303.20154491380754	331.44200898543585	0.0	303.7792287519748	327.01965239933213	0.0	296.8104126210226	314.0969857314728	0.0	322.66614008887433	310.61899542370185	0.0	303.95942335742967	313.66399175511606	0.0	222.18683306316973	307.2640627548709	0.0	213.09193785926354	382.35335335579157	0.0	211.6696824004311	457.67664353116766	0.0	211.61636180868118	466.81773025850805	0.0	208.07440886380195	470.4403956482229	0.0	212.94884339267884	467.31453792330154	0.0	168.61652231045133	267.03804319284677	0.0	160.7936260374918	244.19433386706862	0.0	153.33836116558209	265.6051689756401	0.0	190.63410496478267	272.9172378895386	0.0	197.27649391672878	346.8732886558131	0.0	189.17137115551716	393.2247242431155	0.0	159.14863511414887	277.23039266258115	0.0	178.06091173143272	289.08120153940627	0.0	166.40120048550727	333.5950023877856	0.0
210	3.559322033898305	238.44395909591725	296.4756480892313	0.0	257.4587978065615	296.6306869314389	0.0	302.95062060728384	330.33924681559387	0.0	304.09287170345846	332.53840530563247	0.0	296.5365827445028	320.8851927054628	0.0	321.76133500525356	317.59645288689705	0.0	304.31782492407075	319.6261514281865	0.0	222.76095488716444	304.65926136933865	0.0	213.16590392748134	381.6609930417815	0.0	211.6680228643282	457.69138794825824	0.0	213.23674642004613	466.89655864458973	0.0	208.09725628445497	470.8571082375312	0.0	212.959521846221	467.80276428644675	0.0	168.82452230592435	265.4329515523857	0.0	160.09344742817856	240.78893143273987	0.0	154.40188689095143	261.4816947880213	0.0	190.4140611224462	271.0465659440556	0.0	198.87124285481835	348.81323593557886	0.0	186.87152483723324	397.15311695530835	0.0	159.83225118591733	275.77106417848097	0.0	178.49288924045888	289.3389178184063	0.0	165.66383288272766	334.14056955372376	0.0
211	3.5762711864406778	239.38353025741068	296.4027043359794	0.0	258.5174330835314	296.5704822004943	0.0	302.04362790693784	330.3132556368755	0.0	304.4067571450099	337.56787559730884	0.0	296.262697480788	327.4182190367481	0.0	320.85690755083994	324.35084662974987	0.0	304.67635332284	325.2905433128254	0.0	223.94775870003426	304.32686249084077	0.0	213.56920999342162	381.84422839606435	0.0	211.6408921925908	457.4485300636611	0.0	213.7158735983406	466.9908346880976	0.0	208.04063219139428	470.90193335958224	0.0	212.79158579713578	467.67582126003686	0.0	168.51529357436584	262.40809318444843	0.0	160.161490766404	238.42580288279154	0.0	155.21084090360773	258.9174741932791	0.0	191.01488320525422	269.3843088687277	0.0	199.3114121119246	349.3485307830442	0.0	186.97476054447424	398.7117996748662	0.0	159.95281995722985	273.5696302555971	0.0	178.40026419221653	288.36634541069134	0.0	164.97616665357137	335.88783727216173	0.0
212	3.593220338983051	239.07498471586604	296.6843895113109	0.0	259.83692994441583	296.91492751814013	0.0	301.11617795004963	328.54861963945126	0.0	304.7209628662233	342.95230304813043	0.0	295.98873667500317	331.34864570032727	0.0	319.95294247174587	329.1955921734053	0.0	305.03504855528644	328.7115973115373	0.0	224.14326693819663	305.09497834773777	0.0	214.03216296862092	381.9341705101399	0.0	211.96283170850216	457.4794474039028	0.0	212.54879460223367	467.12134034289903	0.0	208.06329591659565	470.83175127589413	0.0	212.5558238322293	467.58967302890056	0.0	168.25271576172642	260.1058745049708	0.0	160.7901073246559	235.03764616705843	0.0	153.44697645891142	258.11519255146095	0.0	191.79560367248484	267.74471587027443	0.0	199.58946933285497	346.6668962121963	0.0	188.26218584124	400.0481320092017	0.0	159.36596811192854	271.4072857591053	0.0	178.79547083618843	288.2714423486749	0.0	164.37898158158285	336.83942123919235	0.0
213	3.610169491525424	238.1936395102179	296.567450954096	0.0	259.78908047489386	296.89809401292473	0.0	305.2669386288599	327.01102906556173	0.0	305.0355990320787	349.574206550544	0.0	295.7146721883382	341.0754841288399	0.0	319.04955078944437	338.27181713101777	0.0	305.3939639880439	337.5048248366849	0.0	223.68847058731652	305.0161671885453	0.0	214.20183429387222	382.4139731177531	0.0	212.62576956217885	458.0367478142441	0.0	210.59974978523442	467.4726880980626	0.0	207.70825827000704	471.2093830273874	0.0	213.28295134548586	468.0580724166673	0.0	168.76057981313735	258.7106243535869	0.0	160.64765712042436	231.57017912569802	0.0	152.617797137639	254.3027110192238	0.0	191.55153838233036	264.9606396418985	0.0	199.38314922535938	344.03696183850093	0.0	189.90523942326118	397.27958925575336	0.0	159.81647680030358	270.04429460495487	0.0	178.7628964282842	289.003440085877	0.0	163.23828469857116	338.05603362334256	0.0
214	3.6271186440677967	241.22783404306887	296.52732821392397	0.0	259.83293343551105	296.51000954989905	0.0	303.4889440908387	327.9521409832451	0.0	305.35082865072434	355.57242891482053	0.0	295.44046386967494	348.54007838349105	0.0	318.1468807441084	345.93158916831976	0.0	305.7531719742873	344.09153827856017	0.0	226.63061760898597	305.0713165162239	0.0	213.79894037950882	381.71895239422724	0.0	212.73254941117023	458.1997932195236	0.0	210.61550034078073	467.62068952510685	0.0	207.7309469825703	471.39524521040903	0.0	213.6157233213013	468.840095313786	0.0	168.4070643969333	256.5240751963707	0.0	160.74727552475997	229.16732252868943	0.0	154.4084446295697	251.8102414989256	0.0	190.48574725162652	264.2595220240301	0.0	200.20746960957464	345.35362816027987	0.0	190.75297088061401	392.64907058871984	0.0	160.61407496292935	268.13766201237485	0.0	178.66943092894132	289.2450272383959	0.0	162.24224500563975	339.0267547271261	0.0
215	3.6440677966101696	241.80436389599097	297.0660721694821	0.0	259.65092278881116	296.9020839124114	0.0	304.06595243358925	327.17720608682527	0.0	305.66690871699825	361.40162548983324	0.0	295.16605272005745	355.60261460932287	0.0	317.24513468290695	353.19490416674	0.0	306.11277290008434	350.32551108352095	0.0	227.04767178057475	305.90965621205135	0.0	213.81943542235462	381.68708805182314	0.0	213.09078715639168	458.4079544082374	0.0	211.02935494419236	467.52037901372773	0.0	207.7268843877059	471.3596506051648	0.0	213.80680967530185	469.0863652337258	0.0	168.69946032083325	258.28446945075734	0.0	159.56143875309033	226.31723833708097	0.0	153.29300924701332	247.56142301248858	0.0	190.66273355129647	262.30697171045836	0.0	203.09915655677128	343.1185490265226	0.0	190.43251329421219	388.38257666352405	0.0	160.16315602160537	268.2804974225785	0.0	179.9595758797026	289.4685425262498	0.0	161.18608047795502	339.4209612091539	0.0
216	3.6610169491525424	243.41370239939909	296.7861722759885	0.0	263.316869293261	297.2924763132087	0.0	303.8592260353241	322.9716538548053	0.0	305.9842806612739	367.1843727836783	0.0	294.8913484653722	362.59418463045756	0.0	316.34459604142086	360.37616965961695	0.0	306.4729107109262	356.49842385300946	0.0	231.344650153868	305.73321299742037	0.0	214.70821549940152	381.3584856693278	0.0	212.92781951007953	457.8002772754692	0.0	210.13294761113534	467.71762898389875	0.0	207.69189613755333	471.1091877206568	0.0	214.0528425171611	468.60275993032246	0.0	168.65487194018698	251.22587736949376	0.0	161.0785843747029	224.09694119724804	0.0	154.00263778085593	247.0604926825653	0.0	190.03416668393277	259.71944529703194	0.0	202.54798967772257	338.34247462796515	0.0	192.81978716269037	386.99983635185043	0.0	160.4019038382038	265.9186469069583	0.0	179.81486104327598	288.9822475017058	0.0	160.4268240551582	338.99362343093236	0.0
217	3.6779661016949152	245.7356760320449	297.32187550317366	0.0	266.73780193281453	296.7043960614744	0.0	304.77319644913007	324.8926408210836	0.0	306.303780301302	372.94849654631577	0.0	294.6162051358601	369.56221949421723	0.0	315.44567425963146	367.53009092256997	0.0	306.83380203495926	362.6507642539002	0.0	232.93170005172183	305.4847474594544	0.0	215.43161441292614	382.2899626310912	0.0	212.90468972511502	457.3927760350998	0.0	210.12993852839753	467.56079629695773	0.0	207.80963614145122	471.18483998812746	0.0	214.23095801868328	468.60237839483386	0.0	169.80881283783782	249.54382801543215	0.0	161.77051350865793	222.07186716562592	0.0	154.47924738085058	244.26647278365718	0.0	192.0745623712991	257.94438135636415	0.0	203.6064890479826	332.3205807152395	0.0	194.26009978361108	382.37195009699116	0.0	161.25050302105103	264.0312681913132	0.0	180.2181775873011	288.57454781673215	0.0	158.49116134033915	339.22571088208895	0.0
218	3.694915254237288	248.0572034323867	296.0640901192886	0.0	265.88441030272935	297.1405601594434	0.0	303.21240215225	326.1692734166084	0.0	306.6271215830292	378.70321952511745	0.0	294.3403695151387	376.51877369648	0.0	314.5489833746828	374.67105207687786	0.0	307.1957966230211	368.79279275534816	0.0	235.8229550266274	306.2238497834019	0.0	216.42895767532178	382.32386102906213	0.0	212.84354403931815	457.4859868351886	0.0	210.45651582891998	467.4977758326776	0.0	207.75780382856027	471.27985710705946	0.0	215.12498556536485	468.71182860513045	0.0	170.28937550322067	248.48562645616465	0.0	162.36432435589455	219.61729598007366	0.0	157.13750119123512	243.12530461561425	0.0	191.3521197343642	256.877069498334	0.0	203.94568762177087	331.2925995907027	0.0	193.62268868248532	380.20059773599803	0.0	162.21561939101986	262.9394115321531	0.0	180.98759030161895	289.5258524891339	0.0	157.66968685919315	339.55263635628586	0.0
219	3.711864406779661	250.85192376311554	295.3909455188602	0.0	268.90930102362535	295.84139784531584	0.0	304.0491105567319	329.18222515953687	0.0	306.9579011501946	384.4528035577361	0.0	294.0633673752095	383.46892340289406	0.0	313.6554883215821	381.80493944797337	0.0	307.5595144864293	374.92889091764505	0.0	237.66966640925338	304.696369344431	0.0	217.9912502112386	382.18208351664475	0.0	213.06604091511622	457.4476795421174	0.0	210.3012069512495	467.7002586040627	0.0	207.71165434678835	471.3726846795081	0.0	215.29677000949462	468.61673556325013	0.0	171.87077749370022	246.07987083272354	0.0	162.49188443799176	215.7172559907104	0.0	159.4826485000672	239.29710514188793	0.0	192.35858922187822	254.7803468673902	0.0	205.33844629620998	324.6025189380976	0.0	194.31009171360262	373.4225915961984	0.0	163.01149221165974	261.07862782168013	0.0	181.33264287963567	289.8392966514035	0.0	157.24104396861037	339.059770892512	0.0
220	3.7288135593220337	252.4801426195923	294.75711987144035	0.0	271.3596494009811	295.551283187959	0.0	304.21170617218223	320.9115178455857	0.0	307.3030972823906	390.1996841719949	0.0	293.7842534916864	390.4153751950371	0.0	312.7667995911561	388.9348176746593	0.0	307.92617121790545	381.0614090275219	0.0	239.52290192635897	305.0901886060699	0.0	219.45178961002756	381.8572930295052	0.0	213.03225540568616	457.5356135804691	0.0	210.1652275462983	467.4999250411663	0.0	207.60767320665258	470.5492807068914	0.0	215.02539807786215	468.6918843636985	0.0	172.0322733417835	243.0044856971939	0.0	162.76898581243347	213.58937517931415	0.0	158.2637732410631	239.3509422240731	0.0	196.60916238343142	253.194149511882	0.0	206.3083830915852	320.9205014116868	0.0	193.7781556846539	367.3105600177462	0.0	163.4265791289942	260.4754401573952	0.0	182.89052344461882	289.51424148830137	0.0	158.5683387974584	335.79701838448494	0.0
221	3.7457627118644066	252.68627859727496	294.1265556551291	0.0	272.25686945879994	294.7024288741112	0.0	304.4206390508558	330.2336083075903	0.0	307.6727417684379	395.94553769726076	0.0	293.5011049881018	397.35981370919376	0.0	311.8858295517764	396.0625696204953	0.0	308.2983248785926	387.19178976145656	0.0	240.15446637040924	304.03941335367244	0.0	220.6370271123142	381.06752432565	0.0	213.0462066515613	457.7326453392478	0.0	210.29671089948795	467.0701230396776	0.0	207.72751183008495	470.4899787186629	0.0	214.9596339348052	468.9057289012244	0.0	173.25476576452894	243.01618240957475	0.0	163.28605559726057	211.84687097745208	0.0	158.62404052920235	234.65707298242043	0.0	198.21228383659684	251.0210542121669	0.0	207.1178588016272	318.2584335955096	0.0	194.58141688729043	363.6127240641778	0.0	164.11942357986467	261.00037983889564	0.0	185.14374126839638	287.905393216236	0.0	158.17691611214622	333.2379774455032	0.0
222	3.76271186440678	254.11232029145268	294.3781547169139	0.0	273.8967564545105	294.0907820273704	0.0	305.9348927782401	333.58300982663644	0.0	308.06716627460065	401.69178530000215	0.0	293.210214933192	404.303461529857	0.0	311.0184413675557	403.18955987647786	0.0	308.68132587310185	393.3210340325478	0.0	241.50740939733993	304.2774167609889	0.0	221.73291813082997	381.22576982295044	0.0	213.15469811216101	457.7836423902572	0.0	210.38506133303505	466.87893094747653	0.0	207.7897822302407	470.3938625300492	0.0	214.77991221294872	469.05844225901683	0.0	173.45981762171357	240.98709731213006	0.0	163.891912926463	209.3786079591513	0.0	158.4737066024843	232.31899317479463	0.0	196.24658806036933	249.70255693625427	0.0	207.45483995861804	316.68708662036914	0.0	194.66038260145996	359.506298458003	0.0	165.33389425291796	259.918574983582	0.0	186.7728880203674	287.5215282367488	0.0	159.37304493077113	329.60656501358346	0.0
223	3.7796610169491527	256.69629594551304	293.38019999225753	0.0	275.90194461220375	294.4847045567939	0.0	305.8934243123882	342.0988377418294	0.0	308.4316490637036	407.4399438776713	0.0	292.90571849563617	411.24737716975284	0.0	310.1780709815518	410.316984823973	0.0	309.0847994648476	399.4499368507994	0.0	243.98162061730127	303.75103769923214	0.0	223.05012870622443	380.58352579038564	0.0	213.37791994814216	457.7660931735302	0.0	210.14257293089048	466.8084196612133	0.0	207.9453899022633	470.20878854576944	0.0	214.95794313000266	469.13836427847036	0.0	174.30891868257257	239.37679392019464	0.0	165.36951232178438	206.84683489034822	0.0	158.08591892187923	230.77451697966944	0.0	197.47773800702328	249.0237663117472	0.0	209.30344411361006	312.91374616818007	0.0	194.33800434686364	356.0177096381241	0.0	166.37051465686554	258.59021085635953	0.0	188.68765415025933	286.6358379603171	0.0	160.04944191424053	326.49848571276	0.0
224	3.7966101694915255	259.22479398777	294.55688808871645	0.0	277.44983308325664	294.34639918054046	0.0	304.61296160813754	339.0845975914714	0.0	308.6219696172341	413.19203210723686	0.0	292.5833934184671	418.192673626034	0.0	309.39850280309287	417.44613570762704	0.0	309.51811146273224	405.57923521247614	0.0	246.449924871221	303.52112030467634	0.0	223.72943215944602	379.30958243275353	0.0	213.45710135921007	457.6459086112541	0.0	208.8976777123042	466.7568467932722	0.0	208.09038646913004	469.8947108444164	0.0	214.88065878146972	469.08215955726183	0.0	175.24302723401757	235.23211561537266	0.0	165.9574956188078	204.17117559414393	0.0	158.93713017286828	228.8857510575856	0.0	199.94166128447966	246.44900311237961	0.0	209.65535963859395	308.2615140365519	0.0	193.70905567542405	351.26058813024406	0.0	167.85541268141154	255.45972490703684	0.0	190.19648988853564	285.4700902218292	0.0	162.6522713467327	322.28325956771573	0.0
225	3.8135593220338984	260.0792012203586	294.7438065409794	0.0	278.0479440875152	292.54374199030235	0.0	305.9650839420407	346.0583878588873	0.0	308.8574741212349	418.95130524354425	0.0	292.25826418830246	425.1407624645975	0.0	308.7456933810646	424.57870979183815	0.0	309.95949062947716	411.7097334921836	0.0	246.98436797326815	302.0732610258578	0.0	224.60712837763978	379.9218596169957	0.0	213.33862422598727	458.15383202368514	0.0	209.40125620993788	466.71014085487565	0.0	208.51658094775988	470.0255538876749	0.0	214.6307406409968	469.07870955209967	0.0	176.4732070224132	234.89429383165754	0.0	167.4274775621368	202.33146971754135	0.0	159.40948066954354	225.1953550373176	0.0	201.70532342729786	244.00015439168124	0.0	211.5126864389351	305.17684229027014	0.0	193.65059383413288	347.5998154708445	0.0	169.90335977860985	255.9886483384317	0.0	195.11837968956993	284.6960734435578	0.0	164.89216642832392	318.10697915948583	0.0
226	3.830508474576271	262.62236100012444	294.5506664478036	0.0	279.31209829703846	293.53536640507184	0.0	304.77529432243585	352.10003129886945	0.0	309.1242455572475	424.72406409317415	0.0	291.99761479552853	432.09375179608713	0.0	307.84313394570836	431.7173532348302	0.0	310.28906104734705	417.8424550318794	0.0	248.83813004923877	301.2162055436997	0.0	224.62470515757073	379.96943581945334	0.0	213.27737828563144	458.4752707918685	0.0	208.5376905852295	466.71976313175026	0.0	208.2152312699214	470.2776960002834	0.0	214.87100213108977	469.12377545389245	0.0	178.0182063167016	233.24445459307015	0.0	168.31418829904945	199.8161344081563	0.0	160.73896511970145	221.89305916523858	0.0	202.63319931384373	242.2051793451094	0.0	213.1640103412142	303.4643105486606	0.0	193.15836176339278	345.0734661252123	0.0	171.64295084400786	253.69714949745327	0.0	197.72841252012273	283.1500675836482	0.0	167.35812635050468	314.89503832165855	0.0
227	3.847457627118644	265.29719054760545	292.63339976806986	0.0	281.0274580267553	293.8399553951389	0.0	303.9298247924237	354.92400195145507	0.0	309.4045968065732	430.52527482526057	0.0	291.84380083709027	439.05529006321734	0.0	306.7043334277813	438.86690284891955	0.0	310.5213833244177	423.9788882026875	0.0	251.72031905228806	301.32829112684794	0.0	223.85007854584765	379.2902147603007	0.0	213.2196399551578	458.8635307376927	0.0	207.7974005681273	466.725802125227	0.0	207.76167945975715	470.62715390317896	0.0	215.25028671602604	469.12322581057714	0.0	179.2722905741057	231.69095478316166	0.0	169.36263927298432	197.9538994172492	0.0	161.30868544990994	220.31206686705707	0.0	204.0080812491575	240.06140545593732	0.0	214.68531062790487	301.88926935386024	0.0	193.18889597579286	341.5115418443096	0.0	174.98041672395914	251.62278375866796	0.0	200.68350712748364	282.12611069275897	0.0	170.04768918452464	313.5023728141708	0.0
228	3.864406779661017	268.1571906525178	294.74127199497036	0.0	282.3682244972569	295.20840131749924	0.0	303.83632696059396	364.60011575900467	0.0	309.68740758000087	436.3954350211194	0.0	291.65510432373804	446.03278656647433	0.0	305.6551732561319	446.03804586908745	0.0	310.81464693297573	430.121477734054	0.0	253.542003777076	302.5889718344557	0.0	223.13128894904276	378.07993917237116	0.0	213.26973467884477	458.4141967039198	0.0	205.81669283371232	466.6955651671682	0.0	207.20936772709027	470.79733509904645	0.0	215.18105950406994	468.84439824197307	0.0	181.80735170366907	229.0023495764943	0.0	171.1354887971629	195.3022607253816	0.0	165.61871862066712	219.48501309234038	0.0	206.47360342020818	238.21306910506974	0.0	216.92685297090512	300.0120773551901	0.0	192.65633080835832	338.24024440153875	0.0	177.02383762826906	249.81022672526547	0.0	203.79751776298414	280.95535298561026	0.0	172.77829034442522	313.2054033927478	0.0
229	3.8813559322033897	268.8604910078175	295.2484694291665	0.0	282.27016926434635	292.51258549497845	0.0	302.2136875718693	371.86512175368523	0.0	309.9474937071798	442.3702637257044	0.0	291.4779870951646	453.0445448262302	0.0	304.6751258396546	453.2616090109153	0.0	311.13216615366605	436.27480034069094	0.0	255.35898276689315	299.9121438340907	0.0	221.15384548321134	378.20141938197565	0.0	213.07643585039705	458.42892919565	0.0	203.53690080899477	466.6286600142271	0.0	207.11898272416852	471.2322836539778	0.0	215.5878008300325	468.6973978394564	0.0	186.76583464738428	232.0991023040799	0.0	171.03412021696408	192.46350116585418	0.0	169.61757737986048	217.97830460561704	0.0	208.20056008989602	237.17651169926017	0.0	220.24675913143057	292.45506484672933	0.0	191.60664277599332	332.8252908752911	0.0	181.24606278445782	247.10124756779294	0.0	206.3957768378182	279.29291452388827	0.0	178.35367135853454	311.335816021666	0.0
230	3.8983050847457625	271.11625133178285	295.80042211775765	0.0	284.6082003870554	294.57827704169364	0.0	301.2309095573264	374.69292437475406	0.0	310.06266013257016	447.43354352061095	0.0	291.3845457518434	460.139422871731	0.0	303.71693161824186	460.6447769920694	0.0	311.46081936523154	442.44909143821104	0.0	258.2241181569465	300.7319180055804	0.0	220.19321207030066	375.2029903543736	0.0	212.96209188714937	458.1821398258786	0.0	204.85616536384816	466.48425250852165	0.0	207.7872584962076	470.62482405188194	0.0	215.81774259130464	467.7957462349073	0.0	187.41994641442915	230.59791178802394	0.0	172.89848758398645	192.17065118493508	0.0	170.34160671651824	214.49784930608322	0.0	211.98673076424518	235.81287812664021	0.0	220.01992087555516	298.6834444919972	0.0	191.96907866333083	331.19201722244003	0.0	183.24102898431934	248.35695960417735	0.0	212.9876673568637	278.2973408871468	0.0	182.28449224287908	308.78878519121116	0.0
231	3.9152542372881354	272.92038865235287	299.73346078301006	0.0	285.68408678006944	299.6260197613766	0.0	297.52924897499884	380.21129297272364	0.0	309.3343463336771	447.56029556017916	0.0	291.5878343438308	467.294910601726	0.0	302.7199382545218	468.26993591103167	0.0	311.7906132311674	448.6740060693609	0.0	259.9749049522113	302.6912021392713	0.0	217.60525978485703	374.8769240627264	0.0	212.79549370027334	458.19811079100015	0.0	204.0720198835495	466.4994938096347	0.0	207.3321010067795	470.14616643582985	0.0	216.70832147367878	467.8284096496476	0.0	188.96531984531538	228.56580945339687	0.0	176.9269583292132	191.27751507069962	0.0	171.95893707420993	213.4037514462134	0.0	214.3254670236323	235.44129946038817	0.0	224.45296851808789	300.7717004319639	0.0	191.74066010122792	325.8494915404602	0.0	186.68694605672673	247.2441763114995	0.0	217.9798955920456	276.36048197234487	0.0	187.27109027713453	307.19805050699443	0.0
232	3.9322033898305087	273.6135278189401	304.1419673966776	0.0	286.31872942552457	303.04221655132505	0.0	297.23735912819336	385.060809874336	0.0	308.3455010254139	450.00675389820015	0.0	292.6280080044138	472.49761008044425	0.0	301.4221912986996	472.5185486758852	0.0	312.09204412735113	455.0508124330929	0.0	258.4444697528958	308.56480920403857	0.0	215.30443654216353	375.0322545579302	0.0	212.62806650486368	457.8014332139595	0.0	204.84255552557954	466.5809109593555	0.0	207.17119405751862	469.7956636210739	0.0	217.02093371153688	467.55939207901747	0.0	191.3042160116779	226.19085846327653	0.0	180.25614642316359	191.22626336529368	0.0	174.23361604420987	213.8247660238282	0.0	215.95953235167684	235.63836910304542	0.0	228.36831620948033	303.541671948217	0.0	192.93108615141387	330.27371082653343	0.0	191.71284584578245	245.72680061825787	0.0	222.89040484703312	276.36021418630224	0.0	191.90765387394515	305.70982006125365	0.0
233	3.9491525423728815	273.70578814777406	305.6486553254792	0.0	286.51526333594893	303.74056097605785	0.0	293.9150514237274	384.66322737622056	0.0	309.4859483125538	449.47272557315574	0.0	293.67713996836244	471.1483422039386	0.0	298.6036648246703	468.34176095723546	0.0	312.1945695016702	461.66458147558086	0.0	260.6172131574098	308.9714435455894	0.0	213.27352960957865	374.43097464867947	0.0	212.71708226890502	457.7842948275429	0.0	205.46174647886886	466.7179818871258	0.0	208.1690857669106	470.547154901349	0.0	217.86177498798736	466.9715356573148	0.0	195.11526408371753	228.1297728503833	0.0	180.44711067390622	190.23984657020853	0.0	176.81322560197626	213.54660144338285	0.0	219.28286827550403	234.42465454296237	0.0	230.33070663733696	293.0012236080146	0.0	190.9269513348676	316.93515143499724	0.0	195.64447010174663	245.50702602148533	0.0	229.88426468882614	274.17742237693295	0.0	195.25312173487396	305.5812499188719	0.0
234	3.9661016949152543	274.86099521208337	307.233445943098	0.0	286.1073440739099	304.8474521226301	0.0	293.7035523342087	384.9410438074034	0.0	309.07919715115213	449.68964505126917	0.0	293.8968353908857	478.1722355442445	0.0	299.2625928059087	474.3940992387299	0.0	310.9718973882408	465.5354840775291	0.0	262.01736134916285	309.6351955209416	0.0	211.78816102977095	374.5278346872232	0.0	212.6338804366076	457.5816372185661	0.0	205.31537430318832	466.9105586799819	0.0	208.97737578692482	470.9059188639857	0.0	217.80668041064106	466.94386966438276	0.0	197.36397627011206	228.37610373155422	0.0	181.48525710690916	188.52336445638602	0.0	177.7333140885646	212.40500097223185	0.0	221.9184999838407	234.47618249743675	0.0	230.55667099200943	298.79619500579213	0.0	192.74337060639962	319.0913834988945	0.0	196.7742727817676	244.74851970195073	0.0	231.62213596837782	273.66790737944604	0.0	198.1164661083396	306.7116221172114	0.0
235	3.983050847457627	274.28838271768404	308.64541832208624	0.0	285.89119168656555	306.6088407571473	0.0	293.1833065040629	385.67037784764454	0.0	308.389669889802	452.1758935056814	0.0	294.4857961573455	475.8173717401023	0.0	300.5334503253848	474.5771772182906	0.0	310.3502068554848	464.7699168234393	0.0	260.9646967382614	311.60058776056667	0.0	210.44305922350915	374.4271832455497	0.0	212.5044647023633	457.51519323686034	0.0	204.74604236329105	467.15202716966775	0.0	207.57312728169626	470.6430725569834	0.0	217.8009067540882	466.98739836345436	0.0	198.4841627154213	225.58544273393727	0.0	185.9421783138859	188.21544374179612	0.0	178.9745544473273	212.15373789246482	0.0	222.21711916673107	233.44461719141805	0.0	230.41988342040727	294.4314478630816	0.0	194.30591906831373	320.63598070820734	0.0	198.3799130314724	243.36889844314777	0.0	233.80870627463403	272.49369443679643	0.0	203.19392306521183	307.4822510910247	0.0
236	4.0	271.9466311544893	308.69865127761295	0.0	285.24365351794063	305.4309559259704	0.0	293.6695674701961	384.2948367778933	0.0	308.4711608215284	451.8048281787532	0.0	295.2426038124083	473.811684372489	0.0	301.4663625526119	474.4910436136592	0.0	311.20338773525145	464.78487539229855	0.0	257.1805905493765	313.9035819346142	0.0	208.59415675918575	374.5358230825155	0.0	212.4375854935838	457.3366054532969	0.0	204.47641837286437	467.23744370731094	0.0	206.51239655581298	470.52100805253986	0.0	217.84688765703498	466.8221010038346	0.0	199.89134569019575	223.14464696627627	0.0	188.18518700482713	186.38543771564164	0.0	181.4200582946607	210.6692243748067	0.0	223.08263941279634	231.47216958548915	0.0	236.3565603459556	280.76906759174716	0.0	196.74482871913432	310.0217976101774	0.0	199.93963375272847	243.56573882696048	0.0	236.05502441121232	272.0251120062471	0.0	204.68600050434011	308.13750704138977	0.0
237	4.016949152542373	273.50227006091626	308.64645143339493	0.0	285.1018899552914	306.03235985823466	0.0	293.741622076714	381.952653703	0.0	310.0426611666693	446.8872307715969	0.0	296.5780963193555	473.5820104428926	0.0	298.89973221077946	473.42218426216334	0.0	311.4470318849154	463.82395118222325	0.0	259.3258233205202	311.8139829127831	0.0	207.62160360623008	374.63225847470574	0.0	212.5495817816087	457.18179653871465	0.0	204.54693761327306	467.3369640489666	0.0	207.57442290373757	470.3662876201847	0.0	218.08726083476157	466.76114293724027	0.0	201.65428861770118	224.65025206142857	0.0	187.5476127757861	184.56357173677037	0.0	182.28445320525117	208.3503731452423	0.0	224.73711054220692	229.50759139343958	0.0	239.0192809036366	283.48756594670215	0.0	197.28319258833122	313.2516404327514	0.0	199.9457215834683	243.30809073541442	0.0	240.222705960494	270.8659652864312	0.0	206.60321615390316	308.90946990931064	0.0
238	4.033898305084746	271.99071122138275	309.4199521061332	0.0	283.53363219322574	307.55890260343693	0.0	293.660084320462	383.09607378667937	0.0	308.606386488641	450.13304159445477	0.0	291.75845524462534	474.8552748494892	0.0	295.71391190017783	473.0370162933001	0.0	310.18457055293476	467.01496944306456	0.0	257.210987583961	313.6101516429477	0.0	206.77679807135	375.037771115415	0.0	212.48222019079088	457.027808939818	0.0	205.28569154943972	467.1869668124449	0.0	208.172108918981	470.19772499364956	0.0	218.09497686910132	466.64842101862746	0.0	201.7564150999765	222.08677992642254	0.0	190.71113867344417	184.21336113472458	0.0	182.77099986234535	207.89533366042176	0.0	227.16771446020755	229.71234478007813	0.0	247.78212588201916	277.2660537687689	0.0	200.648557251016	305.69368923909553	0.0	200.88057959195635	241.3515103305127	0.0	241.2019212634369	271.00534715943655	0.0	211.23641563762402	307.6814881375027	0.0
239	4.0508474576271185	270.69611067971863	309.4844453791743	0.0	282.6553398932905	307.6321693721727	0.0	292.75569988987144	384.0454152249525	0.0	308.35684177493425	449.397298825406	0.0	291.7440437583712	478.71319645534686	0.0	295.4523994074247	476.3848715318753	0.0	310.0423265603735	468.1220288789934	0.0	255.49485580462326	313.3429459607893	0.0	205.69800201393124	375.14530973038205	0.0	212.45023547180847	456.72221716546494	0.0	205.23121376271283	466.82753473284765	0.0	208.47546821583097	469.7946294500414	0.0	218.5202114150958	466.2833519134889	0.0	202.214812124045	220.41815418412915	0.0	190.9244667955769	181.49257513090458	0.0	183.73439567496172	205.9628262808826	0.0	227.67481856338952	227.77272870144063	0.0	247.14602573788343	275.20951910955444	0.0	202.48189473465024	309.27174262671895	0.0	200.67809053552276	240.46823245403814	0.0	241.44490068369282	271.1346738160946	0.0	210.79805055587323	309.1517431006094	0.0
240	4.067796610169491	268.4278925383347	309.1158572898042	0.0	282.134352207393	306.9390653141139	0.0	294.03710502496307	384.93842089266315	0.0	309.0398192214377	449.31524902665444	0.0	292.42434911148075	473.9060533852976	0.0	298.59526630543104	475.08694189038624	0.0	310.92851427608525	464.913051237476	0.0	254.06774471019875	314.60348926904896	0.0	204.8803036394131	375.89933490823273	0.0	212.38776137496347	456.5850833436048	0.0	205.18396483973058	466.88456274110496	0.0	208.2071156702938	469.3885949834158	0.0	218.43145221309805	466.5943431310874	0.0	201.912363899002	216.44420901044626	0.0	192.17633902290785	178.86590320318365	0.0	185.1221241875947	203.0464630942576	0.0	226.85164665046702	225.07100521618764	0.0	240.67805163365892	277.23756507014264	0.0	206.31725942905962	307.64681863871203	0.0	200.75173967340132	238.84181152352417	0.0	239.65499214614607	270.05859646339275	0.0	212.50909147541435	308.9725422649306	0.0
241	4.084745762711864	267.54398492863174	308.9106812649874	0.0	280.203774845232	306.29249488963706	0.0	293.7092208193004	383.3118282107452	0.0	311.05581345383956	447.70386959897314	0.0	292.1663995484411	474.0221330319959	0.0	298.8006423890706	474.24238715171447	0.0	312.2606564562743	462.6259033709553	0.0	252.51030972290278	312.8263409527784	0.0	204.67298557567545	376.3222460321091	0.0	212.16837491503497	456.827535309482	0.0	205.07862740976987	467.29840080618544	0.0	208.39902573109336	470.38427420004456	0.0	218.39440839338542	466.4357493700827	0.0	202.32634467972028	216.53702453224713	0.0	190.6026280318011	176.00869080391317	0.0	186.07513214794994	200.46383966171024	0.0	228.62411641593448	223.90259787806178	0.0	249.17217613425728	270.979208745634	0.0	205.1680396937186	306.93108917167194	0.0	199.58215413805146	236.63883981617968	0.0	238.42559307047728	268.447646559853	0.0	213.00025102961982	308.34366803777255	0.0
242	4.101694915254237	264.8357113231458	308.4327482395398	0.0	277.4420488002884	305.7520701166802	0.0	294.0814395145193	384.300277479004	0.0	310.59470925383323	449.6542633804784	0.0	292.2499626218804	476.9263907320372	0.0	297.55095407514295	473.4138675327558	0.0	313.0045828757441	466.92613441854235	0.0	249.30132510991007	312.1094032638891	0.0	204.3079126030775	377.0623576997092	0.0	211.87044455180725	456.80475996965805	0.0	205.0927850061519	467.5695597531014	0.0	208.39943084257163	471.05538500760423	0.0	218.15528603428754	466.4906500459533	0.0	202.62009983299927	214.0732502431176	0.0	190.4957569560007	173.2120031051651	0.0	185.5637151360177	198.53821297582004	0.0	229.9018907647253	222.16327715755187	0.0	252.2363524159538	266.70459287314833	0.0	206.90074871044902	303.11700932277006	0.0	198.87921251740914	234.88818071384944	0.0	237.02876450240103	268.48922208934346	0.0	211.62918431862917	309.211399189972	0.0
243	4.11864406779661	262.16808558994944	307.65589475441266	0.0	275.1122915536833	305.01391681534466	0.0	294.2436471695732	381.1831895334998	0.0	309.62124439967727	447.71694554714753	0.0	292.32027621103106	475.2284940506209	0.0	295.14410372345816	472.5885357101042	0.0	312.2188030023926	465.3689836543782	0.0	247.15106317472342	310.95187403223855	0.0	204.13034011139825	377.43892658793806	0.0	211.8405138080613	456.9880836524154	0.0	204.86789296020055	467.52738511427873	0.0	207.3186748473666	471.0077279879896	0.0	218.18503345843735	466.7040776566729	0.0	203.0010260150185	212.69390085515587	0.0	190.09149846923447	171.95442470205518	0.0	185.9109129603259	196.19112438558082	0.0	230.7212605336088	220.26287762444318	0.0	251.83619085387835	264.96495597458113	0.0	207.06652396330293	302.976160740606	0.0	197.8476302577848	233.31450958180795	0.0	235.0396229786263	268.60546919345103	0.0	210.81456582927763	309.9193158961586	0.0
244	4.135593220338983	260.41770569688026	306.2706741849429	0.0	273.9028083345026	304.4103549740095	0.0	294.2822505917832	379.8545288544111	0.0	309.92999591070276	446.5031175136978	0.0	292.3867770430433	471.9014677139306	0.0	292.9482967838391	471.78057462999095	0.0	312.1812528740335	464.8931755411115	0.0	244.68403193035886	310.87166268853895	0.0	203.73530643942294	378.1592804996171	0.0	211.9088537665353	457.0964292210136	0.0	203.6159084506287	467.66121161743496	0.0	205.48453078684454	471.02939950113625	0.0	218.18488696848374	467.376305846588	0.0	201.93477606083428	207.82913355792942	0.0	189.65792098141281	168.92789383919657	0.0	186.26080868741434	193.85244717428668	0.0	229.75339220137826	217.30085808151213	0.0	246.04105357844298	265.3536803307595	0.0	207.31151204421226	303.81917806696066	0.0	196.86520539497053	231.73322634850192	0.0	233.91936680561213	268.7511864378121	0.0	210.36383500920792	309.0198789440259	0.0
245	4.1525423728813555	257.817178029868	304.63463424461537	0.0	270.8351091672129	303.0727823423149	0.0	293.92720098812265	378.56132808194195	0.0	309.78325026688094	447.35254879733753	0.0	292.7389834017377	474.429355936765	0.0	292.6154767735252	471.11808646866893	0.0	312.38930747109225	464.37360810150426	0.0	243.65680791425825	309.5539513194403	0.0	203.76772638845392	378.4121235255649	0.0	211.94008325990427	457.3502142658977	0.0	204.4703395678407	468.028638673261	0.0	206.22773500155012	471.5599883500276	0.0	218.44612096766116	467.514093944445	0.0	202.86525803007194	209.29745075689397	0.0	189.38454583180368	166.82208478622437	0.0	186.3114270751919	191.8851743933958	0.0	230.8364699094629	215.12498733075964	0.0	250.03088605415743	260.717095779427	0.0	205.1303204636906	297.86193711934027	0.0	195.00341951659044	231.5897848576486	0.0	231.8873979903062	269.2301823584148	0.0	207.76751788125347	309.3928506742331	0.0
246	4.169491525423728	255.91017753621068	301.5371645917519	0.0	269.085129253943	301.40165014718775	0.0	293.56094254905196	377.5954581651989	0.0	310.08738507593836	444.33936156891286	0.0	293.83773129112353	473.7513431968246	0.0	294.19983377040853	471.7425903762055	0.0	313.7600647712512	462.66362658282685	0.0	240.0608971542282	306.2728242666822	0.0	203.4770995317487	378.5510772777624	0.0	211.77374576447846	457.36965189528155	0.0	205.5245637391447	468.3232460942494	0.0	206.73484862404763	471.9941438819741	0.0	218.29046715705178	467.6430378496211	0.0	203.12233635667388	207.0481402355237	0.0	188.98405279614929	163.92863986212714	0.0	186.37832940603835	189.30327085457844	0.0	231.4189739810359	213.5549632218002	0.0	251.13477519365193	260.5500721923378	0.0	204.39360241996326	297.31612029800704	0.0	193.69166679084282	228.68994321478388	0.0	229.27274268814062	267.14213368212216	0.0	206.2448037848625	308.5063685469538	0.0
247	4.186440677966102	253.14065875362235	299.9679199452887	0.0	267.2842459170179	299.16039596575854	0.0	292.9510827653872	376.5972392655474	0.0	309.62974688799966	443.762909122146	0.0	293.1503514610269	471.97347158805155	0.0	296.8766819070887	469.7237545258122	0.0	313.6006220170102	461.58972134395185	0.0	237.07704517044576	303.9159507761998	0.0	203.95218677355513	378.8179570350543	0.0	211.62250783877187	457.59449634716225	0.0	206.9345784870663	468.85110741670974	0.0	207.34869865662998	472.55446484429945	0.0	217.99920768791992	467.9377220365572	0.0	202.5632396443629	203.36516544238765	0.0	189.74663122542398	161.83804522696602	0.0	186.39228235107623	187.28370389188527	0.0	231.47826537189488	210.1516632003177	0.0	251.4434892778912	258.28578108840907	0.0	204.781621849939	296.93075537346965	0.0	192.38007815294998	225.42011023204464	0.0	225.08512032505504	265.7828388139376	0.0	204.97849319585046	306.0967478512644	0.0
248	4.203389830508475	250.11548641056666	297.0278610193775	0.0	264.95999991612234	295.59489628726357	0.0	291.73451128901326	376.0046802522326	0.0	309.4828822693694	442.82905443181284	0.0	292.80318584757913	469.1880986129476	0.0	302.4894318565124	468.1183568713345	0.0	312.34822023212024	458.80975627800746	0.0	234.40199630179933	301.6612922689885	0.0	204.4316038609609	379.374026325783	0.0	211.6013182270412	457.53844512660754	0.0	206.32379108130476	468.2740292899173	0.0	205.2811971119711	471.634262570824	0.0	217.97121832504058	467.8426666874051	0.0	200.49583383800092	198.5192686388489	0.0	190.37626781224532	159.7476042004973	0.0	186.52375485239526	183.31606750862449	0.0	231.86198290198462	208.2002221061452	0.0	254.91202731553793	255.16127081990103	0.0	205.09152617944503	292.32656146184894	0.0	190.12076691084528	224.7805831866513	0.0	220.7527313232208	265.13699977406054	0.0	202.90822222415363	306.0007844452812	0.0
249	4.220338983050848	248.65984318292504	295.7795039959304	0.0	263.73138225795174	294.7138869614209	0.0	291.2210728106815	374.5468281784473	0.0	307.89766149538906	443.1527565291608	0.0	292.5455224500649	471.9039809173138	0.0	293.8415866201304	470.9667859443806	0.0	311.58570910085655	461.64571344508437	0.0	232.53066810118654	300.51081222889604	0.0	204.32572227088832	379.12864734291185	0.0	211.54873760360437	457.7019264223832	0.0	205.6623198497782	468.6065251501793	0.0	204.68226143236325	472.15028107787526	0.0	217.964366774888	467.96067531087715	0.0	200.331355617005	199.14418057487586	0.0	189.2728572295596	156.89682595242095	0.0	186.484305611855	180.37375515874646	0.0	231.68636723901818	205.13449271784032	0.0	260.1653715209309	250.49525080424212	0.0	224.4929901506194	279.50574297055323	0.0	187.45473287144102	223.92331617208123	0.0	217.58089595972152	265.4175828032616	0.0	200.78677034958395	304.57562704433366	0.0
250	4.237288135593221	246.73291745540507	293.5724365608571	0.0	261.27930565164337	291.69332796272306	0.0	288.54900766129555	372.0179768892775	0.0	307.55729915904345	442.21797791272627	0.0	291.5970739584956	467.25472267510463	0.0	295.46896281711594	465.64078630302356	0.0	311.86563793255556	456.96005218407674	0.0	229.48351763947187	298.4054839914703	0.0	204.5163693526431	378.94171447389294	0.0	211.31860299367116	458.1414569361814	0.0	204.281125883506	468.30262194601954	0.0	204.11509124950732	471.98438723040255	0.0	217.24217258946257	468.03046674646777	0.0	199.9270498711983	196.2714555677805	0.0	189.54917966949904	155.5663169998837	0.0	186.6909054769317	176.9948278786143	0.0	231.67023306828014	203.97294312171107	0.0	263.20259147841773	248.18752703672013	0.0	233.07478851530055	271.58826748661266	0.0	185.20377091862161	222.1999001524456	0.0	211.4246189710007	266.61165062747347	0.0	197.18283228589948	304.11405591695166	0.0
251	4.254237288135593	243.96047341906737	291.7382577288472	0.0	259.3297036189408	289.75802345504246	0.0	286.49740623699006	371.00490744822673	0.0	306.05109235964426	440.15513197335997	0.0	292.0797489410225	464.72048449315577	0.0	299.01648063894595	461.80125659926625	0.0	310.0699528523371	454.9488374532778	0.0	227.48063263217617	296.6777280447055	0.0	205.17284340108384	379.0888965344594	0.0	211.28063713932	458.2930927392954	0.0	205.27119649327483	468.0194698024875	0.0	204.46426451063178	471.6194044917339	0.0	216.57822584785558	468.0454065183694	0.0	200.13206866663563	194.98098628461014	0.0	189.37889591194948	152.72199681874145	0.0	186.4837166893572	175.80803934055322	0.0	232.55764705640667	203.58327629888882	0.0	264.05257467097437	246.04836804050743	0.0	234.80863235181124	271.0281124275819	0.0	183.24270922075348	220.24220157992548	0.0	208.25310592416474	267.713083601627	0.0	193.10657909678395	303.0665643065936	0.0
252	4.271186440677966	242.42438536379248	291.1761060446253	0.0	257.6326325208558	288.94486454300187	0.0	284.175645997657	371.30722620824	0.0	306.8670780884363	439.25017076575915	0.0	294.22114567110407	464.21654005824536	0.0	301.2272796337754	461.93571474035247	0.0	309.0940031918925	451.71292951294333	0.0	225.7305210009717	296.7970374095614	0.0	205.64221215505557	379.8951199453461	0.0	211.3679822764375	457.77982675810654	0.0	209.18763275647837	466.82379101585377	0.0	204.5959435488219	469.62187762028265	0.0	217.1197141930108	467.7964115029509	0.0	199.62294281211842	192.56953645980718	0.0	189.00091242612604	151.55344392861855	0.0	186.92433889295518	174.7391997101205	0.0	233.44749440063086	201.22063011638508	0.0	263.83341331131214	242.90076906219704	0.0	247.52010373278003	274.6340181214112	0.0	182.38338118833857	218.9135518972838	0.0	204.92568595793784	266.447975793725	0.0	190.56873441994233	301.1790332352258	0.0
253	4.288135593220339	239.964863234307	288.191973437019	0.0	255.46371024130914	287.0961465141587	0.0	280.70954515624487	369.72427032701853	0.0	304.3327892053431	439.9398986416445	0.0	293.47848424316663	461.73100427735505	0.0	300.2427241710123	458.3793634596559	0.0	308.0027076838117	453.05543321746046	0.0	224.3916019803225	294.065823390685	0.0	206.14176485320448	379.38978529282724	0.0	211.4736580898131	457.24327957244867	0.0	207.58465731101842	467.20074109426935	0.0	204.21725305522526	470.56082209621746	0.0	217.24440876601975	467.6472850372752	0.0	199.36795758669052	192.0946994186018	0.0	188.37814970700717	149.57426554103898	0.0	187.33049994662667	172.75430581770178	0.0	233.2677336742052	199.83995499960602	0.0	266.09123867870375	242.23751240464534	0.0	245.18838399831955	274.4709756495599	0.0	179.87246946383345	218.39133852914404	0.0	200.2481831381976	266.6483205942305	0.0	185.89520265672292	299.81683188643393	0.0
254	4.305084745762712	238.85428718484027	287.48435245185755	0.0	254.55099278759752	286.21620445999906	0.0	277.2467291374467	369.3060744226084	0.0	304.536516248948	439.9730118384998	0.0	293.59739134639574	462.13251808293256	0.0	300.63785496270174	460.00807594557375	0.0	309.1172239011751	452.8327123128513	0.0	223.15453217536881	293.356037175046	0.0	207.29282118627418	379.15343943579177	0.0	211.38951626465843	457.28937093734675	0.0	207.9331576299241	467.64812070606615	0.0	204.04964648958787	471.4648112534661	0.0	217.11561398640163	467.55249490840833	0.0	199.10781870742298	190.64333168567018	0.0	188.1330556944181	148.39515341748978	0.0	187.2499735971881	171.00925832717084	0.0	233.4356304847107	198.46029846638123	0.0	266.51264519497454	239.5675418481926	0.0	249.78112293800265	274.06860248091925	0.0	178.10562784612006	217.94656785379763	0.0	196.66871913968694	266.1485582954807	0.0	183.91973225804932	299.36786354385845	0.0
255	4.322033898305085	237.8075144587322	286.3534699104856	0.0	253.65060402258422	284.27830295914197	0.0	274.4073723657377	368.7264820376863	0.0	303.1822783876622	440.00283814106785	0.0	293.38424350001134	461.4699747392947	0.0	300.9978332161008	459.5480459769015	0.0	308.1015229355179	452.8259178398759	0.0	221.97454941192694	291.5358551131382	0.0	208.45541718141467	378.8049683344084	0.0	211.28185324066897	456.77347348994834	0.0	210.8440487924851	467.41614656470114	0.0	204.45710012323315	470.86112871773526	0.0	216.45655866352973	467.4237225906888	0.0	199.04525405224277	189.64856671750857	0.0	187.9232675490133	147.28641488489143	0.0	186.7079532161343	170.03782934152528	0.0	234.2312553775053	197.6607538116271	0.0	266.8850597197044	238.23262091850236	0.0	252.28370052054933	273.789272024094	0.0	177.52211695678625	215.57653615070853	0.0	193.45278148329132	265.04392052596944	0.0	181.5140723877126	298.4066868682976	0.0
256	4.338983050847458	236.5241469507285	285.71661114842607	0.0	252.84516767383383	283.99425619919066	0.0	270.8785609732038	367.8968050105235	0.0	299.0865145145385	440.53333499244286	0.0	291.8306912634454	462.0744498549732	0.0	300.43904139633423	459.7936811833213	0.0	302.5726389206616	453.21963512888766	0.0	220.2699534446084	290.86497391743046	0.0	208.7807528277271	378.39909017883696	0.0	211.25315515906175	455.9587310181415	0.0	212.240479722558	466.2367576303041	0.0	204.34212463094485	469.0080236333161	0.0	216.08763397904224	467.0542456077633	0.0	198.69386162115973	187.8634462540066	0.0	188.12253791977568	146.51206395189712	0.0	186.68412287924224	169.4642512303342	0.0	234.60429902641795	197.05478819799282	0.0	267.5292046124294	234.99929527147253	0.0	257.6602124022695	273.38765321995606	0.0	176.87776639236426	214.4757782644228	0.0	192.29871898906643	264.34067430749064	0.0	178.72428517985017	297.78648383891027	0.0
257	4.3559322033898304	234.5497535884919	285.0425691782844	0.0	251.21925339924616	282.87721283105463	0.0	266.9403988892796	365.52633106599427	0.0	297.4483669145266	439.0513914451808	0.0	289.1404343704022	461.6170766133404	0.0	299.31242795818264	459.21351831366024	0.0	302.270741670377	450.79645223132854	0.0	218.81517055220968	288.7885565610875	0.0	209.05524257792842	376.9089782466094	0.0	211.18507638336519	454.3177508360926	0.0	211.3064482002568	464.3074320364999	0.0	203.6929211160287	468.0576475135227	0.0	215.26430437001102	466.0808738804836	0.0	198.81227318367056	188.65350569185009	0.0	188.29171936678557	144.553427579555	0.0	185.99663783344104	168.12807585365314	0.0	234.41824957739706	195.50592015114225	0.0	267.48431362613906	234.7224089070706	0.0	257.60849921409005	273.3536010898572	0.0	175.63447849367017	213.23334972580253	0.0	187.4487159938493	263.6532755694799	0.0	177.43194266470886	296.4090182577555	0.0
258	4.372881355932203	233.06495988791792	284.49424706302807	0.0	249.74449606279785	281.59609520712087	0.0	263.7058815522404	363.4477675026967	0.0	293.4034705145541	439.25664263031575	0.0	289.9144991135686	460.65775882849715	0.0	298.6846620165902	458.72099471775863	0.0	299.27709466303344	451.7784996178642	0.0	217.29353818745034	287.6782181145782	0.0	209.30447258914933	376.39560629930816	0.0	211.26310962443983	454.1805451686074	0.0	211.3233565938329	464.14048472518664	0.0	203.5722917400549	468.03609331335065	0.0	215.21662873163962	465.86664280793354	0.0	198.63341600877672	187.77847121377388	0.0	188.50543819144167	143.4846764072816	0.0	185.68445723649896	167.1623544970926	0.0	234.33774637096826	194.70292609840612	0.0	267.9274737241385	234.044534226164	0.0	259.0300362544704	273.668095310851	0.0	174.80196352951677	211.51126856852278	0.0	184.64651482972513	263.7033376090665	0.0	173.05153897997434	295.44119636207165	0.0
259	4.389830508474576	232.07071165586683	284.22844983617733	0.0	248.1188308742909	281.1571339749609	0.0	262.62656738365655	362.79696472246445	0.0	289.56543949091474	439.6785858838132	0.0	286.81441781629934	456.1419297798841	0.0	295.04191635237606	456.2498983874218	0.0	294.6153448697281	452.09487240841617	0.0	216.18914370948536	288.031485933806	0.0	209.30948706121706	376.31523389250106	0.0	211.2773673331494	454.179490029701	0.0	211.142791307005	464.31002067072825	0.0	203.57023443005303	468.28240656780986	0.0	214.94692533314654	465.6084483588531	0.0	198.42005791673242	186.64607834067493	0.0	188.55328821149462	143.10501886467446	0.0	185.8986204874201	166.80737825614085	0.0	234.46881870502358	194.47004916647273	0.0	268.2167564067051	233.29227585500064	0.0	259.6657396043264	273.86611039644396	0.0	173.74926541299405	210.61084974618015	0.0	181.53078886227001	263.4471457797196	0.0	171.43251182958488	295.19967158909805	0.0
260	4.406779661016949	231.43979862323124	285.27751190665	0.0	248.7139373212562	282.0853379769434	0.0	260.4991125180512	361.56316077239893	0.0	284.543312065368	439.8530467694064	0.0	282.33774396578355	458.4370327730254	0.0	290.72660164585943	458.0003342704547	0.0	289.54202963893175	452.3533193566648	0.0	214.95120517846482	288.73503207496833	0.0	209.33607203391318	376.55569966830643	0.0	211.29684736108453	454.16829767576394	0.0	214.03278825300444	463.13641535965905	0.0	204.00368190666774	466.8321915845604	0.0	214.09413754228814	466.090711573793	0.0	198.1198118585969	184.43714793835707	0.0	188.7508830696053	142.00036756503943	0.0	186.8456421757728	165.16008305087433	0.0	234.65018258697563	193.95877936282557	0.0	268.97685889389527	232.3972130941616	0.0	261.1763963297891	272.9015871458149	0.0	173.64047291801936	209.96044569068394	0.0	179.4176224246365	264.21186899637627	0.0	166.6033643387771	296.4097492628572	0.0
261	4.423728813559322	229.31449535549038	286.071004883499	0.0	247.0817929018404	283.9035426453743	0.0	259.06521181874433	360.5460216234676	0.0	279.0103838400213	437.60819805034555	0.0	279.9299685547594	460.5254947822737	0.0	289.7628642228344	458.69285705279384	0.0	283.9229586507103	448.60530935697875	0.0	212.45587967141117	289.93219797841766	0.0	209.3967445604569	376.4669126470054	0.0	211.3260476158179	453.8137081388249	0.0	214.6946215537203	462.5952838574991	0.0	204.2458529717464	466.1538313304827	0.0	213.34417546905587	465.8700707191309	0.0	198.30155399296837	183.80998202505242	0.0	189.3458583850236	140.80951980156004	0.0	187.5399401833836	163.77380744129005	0.0	235.07256011020831	193.69509312291626	0.0	269.7767237920936	232.5991857970579	0.0	261.01708047097543	273.2762163933754	0.0	172.62821178201338	209.4650520867812	0.0	176.57229248893378	264.12121671557964	0.0	166.520413942384	294.37328673429465	0.0
262	4.440677966101695	228.1121235085032	286.309583511823	0.0	245.25491580986267	284.2217970398116	0.0	257.948624935313	360.44219466098593	0.0	274.03819478017164	434.6132195459997	0.0	274.15849894951197	461.26220207949973	0.0	284.1977985170063	459.59205155638284	0.0	276.1720288303911	446.29391254932267	0.0	211.21208275684484	290.0437706427948	0.0	209.33087840260765	376.3675451290328	0.0	211.28772634678984	453.21378044439604	0.0	215.23821801677084	462.0069426477198	0.0	204.62027464734788	465.62369011079556	0.0	213.11317545290706	465.5395885131743	0.0	198.27625832065976	183.4861319437359	0.0	189.61793821976715	139.93581609542395	0.0	187.82741860590764	163.01971900125142	0.0	235.029730743219	193.6035422229892	0.0	269.1841502219189	233.37811765601467	0.0	260.75144166047676	274.1868301188019	0.0	171.6317691835876	208.37809915133485	0.0	174.53169207219682	263.3663208381096	0.0	163.75298871834008	294.23396070394386	0.0
263	4.4576271186440675	225.8766616957719	286.88401603632775	0.0	244.54128376543477	284.89785308154325	0.0	255.57198314844402	360.3184488405494	0.0	269.5230859254607	433.3355790954216	0.0	268.6769344061048	461.6902126322214	0.0	279.590144870934	459.8802674404583	0.0	272.4537871112225	444.2466550749871	0.0	208.71357481460217	290.0251810511061	0.0	208.9686211488532	376.06785974590025	0.0	211.09534976926648	452.9294600072581	0.0	215.23168791329317	461.49909208234254	0.0	205.50957142604614	464.7991073436849	0.0	212.91561126291313	465.9046690697991	0.0	197.91874173981125	182.38011887565193	0.0	190.163191252705	139.80245463238788	0.0	187.47068765603194	163.20790258507526	0.0	234.59446740621706	193.53538504878867	0.0	269.29960777356575	233.525698000887	0.0	259.497685819182	275.1956841024786	0.0	170.9878456291107	207.24096606387653	0.0	173.00914038858525	262.93843265423146	0.0	162.73981745320876	295.15417820665823	0.0
264	4.47457627118644	225.17602944112994	286.84659097575815	0.0	242.93212708486675	284.87031511427676	0.0	253.64368628796902	360.79309206712844	0.0	264.4501526747518	431.61321573967354	0.0	264.3778000169321	464.86774979846	0.0	274.4855289857238	461.59445115067615	0.0	266.14615605477604	441.5147449938874	0.0	206.1981407937644	289.92151262564494	0.0	208.5205549358049	376.3083259010551	0.0	210.98957585404065	454.5528476093791	0.0	214.2783097976921	461.95192330341484	0.0	206.68395542146817	465.7419032860487	0.0	213.7626752421997	467.2266949730168	0.0	197.32119862552713	181.2556394321419	0.0	191.11906683753682	139.77217221441487	0.0	187.94734754148158	162.2337470211179	0.0	234.14406180687857	193.50539577021584	0.0	268.1218357414008	234.7810583848691	0.0	258.98697988190094	276.82663402672824	0.0	170.13654075124603	206.2059752091037	0.0	171.91731265840278	261.3572950576238	0.0	157.94868996549476	296.6398140877569	0.0
265	4.491525423728813	223.16889327837143	288.2051811457078	0.0	242.1252024780488	286.5135557967357	0.0	252.05654922207944	360.724871405214	0.0	259.1786411379167	428.6461476724887	0.0	257.3170149297988	466.588025465994	0.0	268.338177891063	461.1583008725875	0.0	260.15503676605334	437.5815700747134	0.0	204.8524803318384	291.2537721937995	0.0	208.26426821957767	376.0266865141791	0.0	210.47401717007406	455.24995401839294	0.0	215.5912456434079	462.7605366071798	0.0	205.71670566331187	465.9528259187904	0.0	213.6243645335145	467.15493425833506	0.0	197.03118305646166	181.16396803907097	0.0	191.3391473199301	139.24008509331776	0.0	188.28302930707272	161.5360351214575	0.0	234.17712086429202	193.2877626433829	0.0	268.0471585222856	237.38713998242253	0.0	259.22201750894567	278.4295275451443	0.0	168.32309917870504	206.0812194828806	0.0	169.92436040829008	261.0257473066668	0.0	155.92909980527116	297.32631302478455	0.0
266	4.508474576271187	221.9171706838256	288.40472918303465	0.0	240.7916104459311	287.2600644070124	0.0	249.95983760343546	360.8844663473916	0.0	254.87603138798096	427.5599260464796	0.0	253.7715724853226	467.08086974711864	0.0	264.73716230810277	461.57043173279743	0.0	254.7558402252583	436.46596157926024	0.0	202.87618881355888	291.72401526601857	0.0	207.47118345154183	375.325800678072	0.0	210.15618325757276	455.3365805280231	0.0	215.06258806424466	463.65039135448797	0.0	205.4769551644705	466.61157456908506	0.0	213.79389377014198	467.25723866267856	0.0	196.5222370148058	180.8712105617327	0.0	191.56766451356583	139.1693174505449	0.0	188.0333212758428	161.73224532385558	0.0	234.08303731587858	193.22217894983035	0.0	267.017801278517	239.0662406173562	0.0	259.0174336916985	281.7597468255267	0.0	168.02792424232183	205.63335790855746	0.0	167.907824167075	259.79615773461836	0.0	153.92496300839466	298.1008477664884	0.0
267	4.52542372881356	220.42256958874964	288.3669488329976	0.0	238.60057999090714	287.73790383116443	0.0	248.39902031554192	360.98584253808144	0.0	250.23330185888	426.1461659653764	0.0	248.33312508711978	466.70309342398855	0.0	258.40292493780544	461.59511034761454	0.0	248.32192275690952	435.3712221418585	0.0	201.9201716927999	291.8078940946133	0.0	206.5805132415266	375.35943238820676	0.0	209.783703573173	455.1980647833568	0.0	216.06182940809109	463.86079287053235	0.0	205.5564455389961	466.81365522682233	0.0	213.51770130629777	467.10394671864225	0.0	196.46764478546407	180.43088065970855	0.0	192.05283336976453	139.26713260790802	0.0	188.369541136872	161.50677314045674	0.0	233.9000166446771	193.5994640615341	0.0	265.93051905593086	240.09405434602473	0.0	258.5526933353052	283.60099511449687	0.0	167.37839894470014	205.00477215769604	0.0	166.42368333883306	258.97298415647174	0.0	152.33753091030707	299.9512452169662	0.0
268	4.5423728813559325	219.5724695718832	287.97614755431255	0.0	237.93201658657736	288.6564326967864	0.0	247.13175069764273	360.32955299618357	0.0	246.3346969722916	423.8300099633193	0.0	245.48193663463226	467.5848470343816	0.0	255.50740550501752	462.4486816378534	0.0	245.45910918759827	434.5386803062543	0.0	201.94407967361613	292.21604098125044	0.0	205.67387156980732	375.2615621039232	0.0	209.61498263198536	455.2367942956988	0.0	216.74423070949388	464.08643173396	0.0	206.2233495168586	466.8723032039495	0.0	213.11118490461593	467.07827438877507	0.0	196.26155844119407	179.13806070209057	0.0	192.5515175085329	139.63945333372072	0.0	188.44145769295142	162.14474815323422	0.0	233.8251845977866	194.54016486903404	0.0	265.40283150649293	240.38991299827973	0.0	257.98962538883325	285.41719907513544	0.0	166.9665332075143	204.8762307186825	0.0	166.0827250202504	258.4237227021988	0.0	151.89748873621556	301.18832371790415	0.0
