PathFileType	4	(X/Y/Z)	C:\Users\dkfc9\Desktop\pitching_analysis\sports2d_results\verlander_01\verlander_01_pitcher_roi_Sports2D\verlander_01_pitcher_roi_Sports2D_px_person00.trc
DataRate	CameraRate	NumFrames	NumMarkers	Units	OrigDataRate	OrigDataStartFrame	OrigNumFrames
60.0	60.0	357	22	m	60.0	0	357
Frame#	Time	Hip			RHip			RKnee			RAnkle			RBigToe			RSmallToe			RHeel			LHip			LKnee			LAnkle			LBigToe			LSmallToe			LHeel			Neck			Head			Nose			RShoulder			RElbow			RWrist			LShoulder			LElbow			LWrist			
		X1	Y1	Z1	X2	Y2	Z2	X3	Y3	Z3	X4	Y4	Z4	X5	Y5	Z5	X6	Y6	Z6	X7	Y7	Z7	X8	Y8	Z8	X9	Y9	Z9	X10	Y10	Z10	X11	Y11	Z11	X12	Y12	Z12	X13	Y13	Z13	X14	Y14	Z14	X15	Y15	Z15	X16	Y16	Z16	X17	Y17	Z17	X18	Y18	Z18	X19	Y19	Z19	X20	Y20	Z20	X21	Y21	Z21	X22	Y22	Z22
0	0.0	134.88962182210852	281.02058802333266	0.0	152.13436588256678	289.13448609809194	0.0	153.669112884231	358.701060873924	0.0	157.7162669908948	425.701997111009	0.0	167.8950307449973	433.3217174688513	0.0	171.47813893649916	436.87685873894293	0.0	155.71027976204647	436.8704885420329	0.0	117.6405536995622	289.63152700499154	0.0	111.54392020692258	357.67890273398547	0.0	104.44199149886309	425.7459274708677	0.0	101.89499291378525	433.3183919287493	0.0	96.25705901293355	434.35890350575244	0.0	103.98079468781268	437.8321540150678	0.0	138.42849384988065	175.42088098711463	0.0	139.96156342711222	138.447504324362	0.0	141.48497415632846	157.17081334438467	0.0	168.403756786246	196.76639747783676	0.0	169.9137370906828	241.93595969812603	0.0	141.98885772153653	237.3538586655685	0.0	105.42369720137218	192.16167507659904	0.0	100.87731468641495	238.38088794297863	0.0	128.29163691286445	238.88942792675465	0.0
1	0.016666666666666666	134.89421589675234	281.0208833401837	0.0	152.13099164800408	289.12306147994775	0.0	153.67480929209776	358.70578392624526	0.0	157.709549187957	425.7015796550629	0.0	167.91129806494936	433.3253655889886	0.0	171.51938591376194	436.88438478161675	0.0	155.7180555780988	436.8700748194237	0.0	117.6501432502271	289.60214498832863	0.0	111.55479489652944	357.68092665460205	0.0	104.45191611131294	425.7892369853174	0.0	101.9015896936679	433.31942791570214	0.0	96.22401190187087	434.39014213854654	0.0	104.04972544265641	437.8009472016312	0.0	138.42566387578182	175.41660560283734	0.0	139.9669136419916	138.4928812864473	0.0	141.4904987686295	157.18237312276764	0.0	168.41452002918408	196.77377114437508	0.0	169.919112918849	241.94053514944866	0.0	141.99180105772098	237.3245416811621	0.0	105.41842979474444	192.147761275718	0.0	100.88201743067718	238.38353275985537	0.0	128.2986517154716	238.90239794673693	0.0
2	0.03333333333333333	134.90088028834492	281.02133618596275	0.0	152.12564829610258	289.09372928399085	0.0	153.68662963613107	358.71279122814394	0.0	157.6969948677623	425.70069984092993	0.0	167.9435587396688	433.33229343429025	0.0	171.59356956809734	436.9024065880099	0.0	155.73024648648874	436.8691791214228	0.0	117.66332759850648	289.522946125664	0.0	111.57295996626542	357.684677806639	0.0	104.46559475442555	425.87346243555436	0.0	101.91216272973094	433.32154448407175	0.0	96.16667461187195	434.4598443605462	0.0	104.17863961001022	437.74313331955045	0.0	138.42107940674242	175.40927374389386	0.0	139.97856037967125	138.5508908815586	0.0	141.50217695409214	157.20051510311197	0.0	168.43125175431015	196.784857762184	0.0	169.9303790447792	241.94917650420126	0.0	142.0005065683115	237.17001010075762	0.0	105.411139901674	192.12310050797618	0.0	100.888672305825	238.3879858674191	0.0	128.31077464995548	238.95337171765956	0.0
3	0.05	134.90708902574391	281.0259213840404	0.0	152.11328026866204	289.028848660799	0.0	153.70423695731688	358.72724834577286	0.0	157.66771490909034	425.7100385516324	0.0	167.9999979402878	433.35473194353006	0.0	171.7067176797866	436.96097934555587	0.0	155.74648662764304	436.8792928044986	0.0	117.67954505518914	289.32524297442495	0.0	111.59751578750164	357.6991900700778	0.0	104.4822080819635	425.8337355725606	0.0	101.92520264362147	433.3366742609466	0.0	96.07162712155315	434.6205576302451	0.0	104.18897418434511	437.6307769676705	0.0	138.40913653465242	175.40051241620603	0.0	139.99610134461943	138.6535952301286	0.0	141.51946777593326	157.23069625836578	0.0	168.45267534228898	196.8050751818297	0.0	169.94726941593098	241.97150989054248	0.0	142.0132016231691	237.42498190260875	0.0	105.39676698417301	192.08495093850308	0.0	100.89454943356746	238.39996432543248	0.0	128.32738558660512	239.19191293178517	0.0
4	0.06666666666666667	134.91168869179822	281.04101526859756	0.0	152.08950050232144	288.8831679905789	0.0	153.73218535580082	358.7545753950608	0.0	157.60737900988133	425.7536420709982	0.0	168.09606001283072	433.4148922226168	0.0	171.71380989406734	437.1300011058275	0.0	155.76908114547723	436.9271404175534	0.0	117.70087265165077	289.25049788038393	0.0	111.6295144766859	357.7409268781677	0.0	104.50399200037407	425.84886261881115	0.0	101.94100021042405	433.39008162135406	0.0	96.06179993839623	434.7161212592283	0.0	104.26957360884413	437.6669952048853	0.0	138.38219166005126	175.3927742242546	0.0	140.02452481629723	138.7150455830238	0.0	141.54671483510427	157.27668588630186	0.0	168.4788366837471	196.845396902471	0.0	169.9745901095216	242.02461491006085	0.0	142.03454492316024	237.625082135182	0.0	105.36860792455354	192.03067621757384	0.0	100.89857660675513	238.4283302195085	0.0	128.35115819857475	239.57928840609412	0.0
5	0.08333333333333333	134.9180164642757	281.0659310643068	0.0	152.0560012000288	288.8898205871667	0.0	153.79224812349696	358.79733469155127	0.0	157.50845888773006	425.8507413018875	0.0	168.0685994818025	433.52081593880064	0.0	171.65912153775935	437.48654996943424	0.0	155.81037374171962	437.0372484039274	0.0	117.73713515266257	289.26034267940287	0.0	111.67555826456038	357.8149192254548	0.0	104.5409066991478	425.92729980080003	0.0	101.96876743841709	433.500321866856	0.0	96.00984986193137	434.7601994834394	0.0	104.27668660953034	437.9012508256675	0.0	138.33114356230095	175.37648494810668	0.0	140.08932309450765	138.69599791091233	0.0	141.6065482335178	157.3416803441869	0.0	168.51285114604977	196.9199056788948	0.0	170.03472299367772	242.11509924199288	0.0	142.10693965603255	237.6252773162918	0.0	105.31819948991776	192.0916415414406	0.0	100.90408610083428	238.47105952357813	0.0	128.3983903782212	239.63219122546565	0.0
6	0.1	134.8968836195807	281.03084064147873	0.0	152.06860762690445	288.8814284785744	0.0	153.83851166598353	358.8038663051884	0.0	157.45198628952022	425.9092364674389	0.0	168.03460484638046	433.589338145375	0.0	171.60765140156866	437.62926565882054	0.0	155.83510307164187	437.1194078017435	0.0	117.75821016363597	289.1543961177589	0.0	111.70230415112098	357.84502141131	0.0	104.56381731143108	425.99476287375023	0.0	101.73849861925318	433.58094411770304	0.0	95.96330619829507	434.8486875040753	0.0	104.326138890583	438.0779095053442	0.0	138.34160304594337	175.41192829292498	0.0	140.14619262960755	138.70545290659885	0.0	141.65298747919087	157.4037788230117	0.0	168.5344763525546	196.9841856024234	0.0	170.07999471362564	242.17216906115422	0.0	142.18761190781737	237.58879328815345	0.0	105.31504884742557	192.09304233377628	0.0	100.88046468724524	238.46924491005706	0.0	128.4306434223132	239.65604613450088	0.0
7	0.11666666666666667	134.90353960263954	281.02623693956485	0.0	152.1001498418138	288.7951449578605	0.0	153.81681802983968	358.74315705305764	0.0	157.39611139179146	425.91705902477173	0.0	168.08171562635385	433.6237015042774	0.0	171.62558860891096	437.6813709607077	0.0	155.78562225514477	437.17204993898815	0.0	117.71192883225166	289.1714420944274	0.0	111.69033266949181	357.82127002123855	0.0	104.51989068715301	426.0503437158244	0.0	101.57071489339762	433.63188477972653	0.0	95.86344305072538	434.96624036858634	0.0	104.37758096686852	438.14127787270775	0.0	138.3859836323948	175.49652721362253	0.0	140.13747225471158	138.69839982115923	0.0	141.62663418302932	157.4283439068488	0.0	168.50769141421577	197.00049862235397	0.0	170.0551226034117	242.186060819658	0.0	142.19709678927762	236.99152462238484	0.0	105.32762840344552	192.10934439543428	0.0	100.88397512087852	238.50863289271695	0.0	128.3754132976936	239.4141255845071	0.0
8	0.13333333333333333	134.90723502392154	281.0222588831297	0.0	152.12130266065986	288.5402522265129	0.0	153.83695505125547	358.7037930926179	0.0	157.37843812156385	425.8710237342202	0.0	168.1894198264009	433.64702065471664	0.0	171.6896451823497	437.7155842758703	0.0	155.74728368146123	437.2168541251747	0.0	117.6795100352905	288.9776893739395	0.0	111.69649231537787	357.8649640003856	0.0	104.4913105084459	426.1110371609144	0.0	101.37797666668823	433.6724815631523	0.0	95.75144073036812	434.98044641266773	0.0	104.39623733769531	438.18281084213936	0.0	138.41244843287316	175.51548373421673	0.0	140.1946877145274	138.6879495016519	0.0	141.63919308456394	157.42907528842534	0.0	168.50063480558478	196.975187189489	0.0	170.06918655875256	242.17865823213043	0.0	142.3953837528287	235.2717618219733	0.0	105.31207509143437	192.16218559981803	0.0	100.88372273561052	238.5022102959806	0.0	128.32665234103004	239.13126133888633	0.0
9	0.15	134.91002309353675	280.9961853512068	0.0	152.13786272984214	288.54422238710504	0.0	153.86783183543332	358.6735365780156	0.0	157.36237504009938	425.915460308899	0.0	168.34474911431275	433.6505985613383	0.0	171.78467663099815	437.71972838894476	0.0	155.66998590801984	437.24198522414724	0.0	117.65091722026617	288.9785455178451	0.0	111.69026321406218	357.8095928390997	0.0	104.46978191744742	426.1626694847058	0.0	101.37885679352004	433.8162571661171	0.0	95.77474787689087	435.0691134787006	0.0	104.41266391963296	438.1833223459269	0.0	138.43351795303715	175.453972109878	0.0	140.30052368153835	138.6787573877611	0.0	141.644136710339	157.4264329873905	0.0	168.48789415942343	196.94376701157253	0.0	170.09817092438024	242.17616243662536	0.0	142.33883345322695	236.01704625626923	0.0	105.34611417041108	192.12686256598144	0.0	100.88195384284008	238.48821498784645	0.0	128.2698073047006	239.5221096179337	0.0
10	0.16666666666666666	134.91278420194607	281.0041148468858	0.0	152.1500476848529	288.62184388082494	0.0	153.98784438446796	358.67038005690597	0.0	157.39131219854244	425.9098309275026	0.0	168.41695715058032	433.65196805237747	0.0	171.81427762299762	437.72385448888485	0.0	155.5782483325147	437.28323855065224	0.0	117.62126929874142	288.9884549100784	0.0	111.69990101617506	357.8093326493613	0.0	104.45009703168975	426.2338423563	0.0	101.3581487147042	433.8085310074756	0.0	95.77099474984246	435.1055280492687	0.0	104.41529661865019	438.16577710122635	0.0	138.45127224769723	175.42889462718125	0.0	140.29805427526833	138.65642337112595	0.0	141.71769884474674	157.39645812331042	0.0	168.4878620578162	196.82925966345437	0.0	170.2142930046555	242.15166824903065	0.0	142.59809051410545	233.7866935361049	0.0	105.37369755039546	192.11975177874268	0.0	100.87837950301275	238.52299965024872	0.0	128.17551447767414	238.31273534685454	0.0
11	0.18333333333333332	134.91532941009862	280.9926405428302	0.0	152.15808494189082	288.388971997593	0.0	154.11891779580606	358.6636678392668	0.0	157.36723096684688	426.01539816640377	0.0	168.56525463374868	433.62903109432443	0.0	171.84721770064124	437.69322109835537	0.0	155.51518835543305	437.323813999452	0.0	117.58501309772092	288.81230267820547	0.0	111.65956143677879	357.85158379571186	0.0	104.46007405602705	426.3028480903547	0.0	101.41766629855837	433.8222174443541	0.0	95.82218850137014	435.0527500898072	0.0	104.44884573455235	438.1597143598405	0.0	138.46825643689385	175.30338449907242	0.0	140.28362212811828	138.643083505304	0.0	141.74748171722132	157.36748529379383	0.0	168.48727789770112	196.6472921406222	0.0	170.35038508028646	242.14868990918546	0.0	142.65162510746072	234.0776700135095	0.0	105.41878799040302	191.99933388841333	0.0	100.89218903353677	238.5553344560438	0.0	128.07391749362108	238.34375622033764	0.0
12	0.2	134.91530747272589	281.0590660689476	0.0	152.16168143255962	288.6781662441815	0.0	154.19445734387193	358.6290586697234	0.0	157.3374394470964	426.2680393366092	0.0	168.51411254603482	433.60813926144124	0.0	171.85010409104325	437.66455870095604	0.0	155.4162762842494	437.5149823649058	0.0	117.53796811787478	289.1186614936832	0.0	111.63514540839307	357.9135597424156	0.0	104.46299691697415	426.38440491295535	0.0	101.4580405902017	433.9310810543534	0.0	95.84948699683653	435.0762859270337	0.0	104.46291389426545	438.15366838089824	0.0	138.4838953924111	175.1826869369647	0.0	140.4122616568958	138.59494919624018	0.0	141.90831297839122	157.3245275540936	0.0	168.4854136326	196.50370310863366	0.0	170.4367361123808	242.14190003975807	0.0	142.9389143977187	230.8930142941887	0.0	105.44646046489892	191.86275350733897	0.0	100.89847971506336	238.5776482348959	0.0	128.08530471649627	235.76988006917915	0.0
13	0.21666666666666667	134.90440162710757	281.07904654393656	0.0	152.16316123855827	288.6512450740063	0.0	154.2175215003641	358.63374497019163	0.0	157.30971161437844	426.377749909273	0.0	168.48089387356703	433.59463642085774	0.0	171.91250780122886	437.6446496843349	0.0	155.33753530990924	437.5866685436759	0.0	117.45220252758304	289.1319980954461	0.0	111.606860107368	357.96960529035096	0.0	104.45164184738682	426.41577016179633	0.0	101.48980455098629	433.9896250540509	0.0	95.85346473278321	435.07958406718745	0.0	104.4472631843266	438.1449374005404	0.0	138.48102945438387	175.05245134119713	0.0	140.45788535087988	138.47394758150833	0.0	141.96935279826562	157.21178288057592	0.0	168.4824994081722	196.39460970220017	0.0	170.46821074458305	242.10983782147832	0.0	143.07983559697294	229.92176312081904	0.0	105.44675408029082	191.7055174921369	0.0	100.89217945944355	238.5775897319411	0.0	127.99445925957426	235.13795501980422	0.0
14	0.23333333333333334	134.89159181516192	281.0262134565086	0.0	152.16122912217185	288.35410719306964	0.0	154.24281373742372	358.6980004849704	0.0	157.30615102184117	426.41811519630267	0.0	168.4787394902163	433.5871688675221	0.0	171.967136449152	437.6301229830359	0.0	155.31489505760425	437.6125390585024	0.0	117.46080121786139	288.8649071642196	0.0	111.58017691651321	358.03194895756576	0.0	104.43753159834296	426.416871307283	0.0	101.61519558031486	434.0003140928354	0.0	95.87927682831946	435.0734843678538	0.0	104.42911216460502	438.13685558141145	0.0	138.48235907084347	174.92987901829494	0.0	140.48423368974989	138.2176869023029	0.0	142.00272953058052	157.01554420366818	0.0	168.48934492994238	196.2830629119936	0.0	170.50575769732012	242.04755604076448	0.0	143.39241255128246	229.35444579615424	0.0	105.4404392866742	191.5633768035902	0.0	100.88503913777355	238.5647379735129	0.0	127.98824616077573	234.66258095769115	0.0
15	0.25	134.87461597237882	280.9865548878965	0.0	152.14455512471352	288.0752248905678	0.0	154.26768120839327	358.74121625584723	0.0	157.31146811639547	426.4510161064603	0.0	168.47774286328826	433.5908845580718	0.0	171.99852156625818	437.6303292947273	0.0	155.3283942387913	437.6352789966116	0.0	117.41923462754022	288.59607156898204	0.0	111.56496106676484	358.131381349041	0.0	104.43142157900337	426.42551406548546	0.0	101.69749643244728	433.99218912714696	0.0	96.01196029497444	435.0799559352557	0.0	104.42313893530432	438.1417957390399	0.0	138.48901272094676	174.93696713515595	0.0	140.50210442827247	138.0482450761225	0.0	142.0219528949647	156.91010229090753	0.0	168.4993834849192	196.30582839502244	0.0	170.5370475553695	242.0497320262607	0.0	143.4872547837111	228.8384064279864	0.0	105.44118262165651	191.43738662626063	0.0	100.88435703504778	238.55903057024068	0.0	127.88807102703001	234.13048998869675	0.0
16	0.26666666666666666	134.8525487153189	280.9770453422484	0.0	152.1068906404397	287.8076350935396	0.0	154.30684949136372	358.78159756206907	0.0	157.33426719713157	426.48546110936223	0.0	168.47723803411972	433.60342262151164	0.0	172.0128899403448	437.6395841707189	0.0	155.3948876747139	437.6612122048597	0.0	117.30779487378967	288.318577481928	0.0	111.57552967192001	358.21376784610294	0.0	104.44593831462566	426.4436229564168	0.0	101.78334028161832	433.95012426935466	0.0	96.150840843632	435.09779321240205	0.0	104.4427082324023	438.1576938333109	0.0	138.51406726683786	174.92417330131914	0.0	140.53681979217734	138.0249768163633	0.0	142.05163151174207	156.90765379711016	0.0	168.51541147458715	196.29396307001883	0.0	170.5773342033811	242.03715957729386	0.0	143.51431414384936	229.06590974758063	0.0	105.46260707639165	191.42256583674003	0.0	100.89736519793615	238.55815794269176	0.0	127.85353276010945	233.96878410100928	0.0
17	0.2833333333333333	134.8153041314181	281.00784067595544	0.0	152.0247266850509	287.91200032429185	0.0	154.36479135372818	358.8352804320706	0.0	157.38139752826328	426.525520617871	0.0	168.46698518892202	433.6277334691182	0.0	172.00512396316992	437.6618223517848	0.0	155.54026818189124	437.6994346358671	0.0	117.29677958614246	288.42991314740084	0.0	111.61432945189128	358.3082432328508	0.0	104.4865225959463	426.4834006134305	0.0	101.90642341754057	433.8426003863417	0.0	96.30133702752187	435.1404340764502	0.0	104.49711368694726	438.1935088088238	0.0	138.56884933500504	174.8926011515888	0.0	140.60706372129357	138.09875142762905	0.0	142.1037355008841	156.97272340782547	0.0	168.53938283880112	196.24454584209047	0.0	170.63494060537107	242.00847434698397	0.0	143.46445331334652	229.96312743583113	0.0	105.51091507835399	191.52704001206564	0.0	100.92592292766587	238.56614389336312	0.0	127.849671063595	233.57100138308923	0.0
18	0.3	134.86057907591186	281.03057829572583	0.0	151.99225950133078	287.7653211673774	0.0	154.40132827321702	358.88795673138566	0.0	157.41927822499105	426.5504212222455	0.0	168.35750668834876	433.6499734485122	0.0	171.89161143792444	437.6605191996875	0.0	155.7376845963096	437.725381017528	0.0	117.31011315272579	288.28539364385136	0.0	111.64452974417361	358.37287700512445	0.0	104.52918366319318	426.4967727246752	0.0	102.01273724613996	433.7906860876234	0.0	96.40084652982233	435.1727907134982	0.0	104.5483818794302	438.2229491078672	0.0	138.61744977462814	174.91202819426408	0.0	140.65957841112845	138.14744810255414	0.0	142.17196815714732	157.02425343885304	0.0	168.54445442793786	196.26039474685615	0.0	170.6713741416371	242.0141919224277	0.0	143.97102233742405	229.18855776570024	0.0	105.56358294821533	191.60681946812753	0.0	100.95171088249148	238.49410311446513	0.0	127.7497902222709	232.40170283243776	0.0
19	0.31666666666666665	134.8892055056707	281.02103337411364	0.0	151.99643168054263	287.594876591636	0.0	154.41959955402717	358.93241072845615	0.0	157.45207709753112	426.56960530205026	0.0	168.29336933344985	433.66954968010185	0.0	171.83353713286363	437.6191920985114	0.0	155.84789216083976	437.74363548171596	0.0	117.32582632481612	288.1081816912895	0.0	111.66321042654016	358.4062213145811	0.0	104.5637676196169	426.46819546931965	0.0	102.11913353705275	433.75490042738284	0.0	96.45624785636156	435.2011763823049	0.0	104.58459065811351	438.2496776973292	0.0	138.65287284701185	174.9344817281335	0.0	140.69244905102246	138.13279427179094	0.0	142.21117224279283	157.05969536371651	0.0	168.51228938208845	196.28497236305935	0.0	170.69090630971812	242.02869316946294	0.0	143.98779019166986	228.5183446782013	0.0	105.5977467484753	191.65493289779133	0.0	100.95943292848945	238.447387185999	0.0	127.73860087984245	233.3508812272263	0.0
20	0.3333333333333333	134.9884169062506	280.94274526069256	0.0	152.0346083810444	287.2109014596043	0.0	154.4230304965106	358.9712874753592	0.0	157.48420446016922	426.5816559481334	0.0	168.24915041616458	433.6828767804899	0.0	171.78500599786503	437.49574429551376	0.0	155.89702625402884	437.75026835941554	0.0	117.34033844901182	287.6546753441943	0.0	111.66340686251417	358.4074373542046	0.0	104.58362491553268	426.33607017235005	0.0	102.30350005506871	433.7280977333621	0.0	96.48768716146493	435.2246579154885	0.0	104.60502025367256	438.27173839965997	0.0	138.6756143416244	174.96010999857378	0.0	140.70753786174754	138.0257085240269	0.0	142.2273953022101	157.08523351429085	0.0	168.42264290585302	196.32200880296136	0.0	170.694685233884	242.05381932783374	0.0	144.54449778973193	228.33752801102543	0.0	105.61517002019839	191.69281427830816	0.0	100.9376193773641	238.38725776402242	0.0	127.65629126663381	230.83208973395344	0.0
21	0.35	135.04345788131334	280.86467828282525	0.0	152.03863318263808	287.2958315166525	0.0	154.42337164750455	358.99569119567667	0.0	157.53388226790938	426.57785156847206	0.0	168.23500195742957	433.67920855826816	0.0	171.74973190656308	437.39753007316244	0.0	155.92380396313837	437.7286685668495	0.0	117.3739447536153	287.65041533679323	0.0	111.64528546826213	358.4248456027782	0.0	104.59615998620897	426.2690175370767	0.0	102.20109775941718	433.688288653796	0.0	96.52456633246645	435.22513199889596	0.0	104.62779484512257	438.2746610155048	0.0	138.7046438779809	174.9718450699204	0.0	140.7292028855262	137.9894396425794	0.0	142.24478980488414	157.08961739757157	0.0	168.39925622882146	196.35217896157752	0.0	170.69692779886148	242.07765408615876	0.0	144.6668034103073	228.22382488482344	0.0	105.62650812032611	191.7070717721096	0.0	100.9249837711049	238.26855267674793	0.0	127.63639940740693	230.6449734139333	0.0
22	0.36666666666666664	135.0752853983206	280.8149854991452	0.0	152.0865205524832	286.97807917512137	0.0	154.40683681591668	358.99772328646225	0.0	157.6075520671664	426.5513969434829	0.0	168.23330603970248	433.64619962423336	0.0	171.7058931060846	437.32377130611366	0.0	155.91630057662988	437.65674082641385	0.0	117.42767852464914	287.3876347621382	0.0	111.63860593207428	358.4463456322479	0.0	104.572845348169	426.2141967073958	0.0	102.13845193090313	433.6066920690614	0.0	96.55714181931026	435.16225633070223	0.0	104.63031736964294	438.2323372311213	0.0	138.7310851324873	174.96332975169423	0.0	140.73760663317555	137.97884557966373	0.0	142.2394072830594	157.03821947170894	0.0	168.42849326744	196.36942784585915	0.0	170.67974379267434	242.09108079024432	0.0	144.42379396151009	228.523305327268	0.0	105.62038607156246	191.7346654841895	0.0	100.91743137255902	238.18708371959144	0.0	127.66525491319811	230.9900127356767	0.0
23	0.3833333333333333	135.083487029787	280.79428031999305	0.0	152.12893173026768	287.31506516387924	0.0	154.3742885918569	359.0008736552427	0.0	157.74863309628347	426.5206723449289	0.0	168.2588123044899	433.5944010907464	0.0	171.64770118545175	437.2835778571125	0.0	155.88179894620905	437.5414188723322	0.0	117.55628440087985	287.78273798460816	0.0	111.64402993949726	358.43495708622254	0.0	104.5554690448532	426.1706499238591	0.0	102.0536710140565	433.4728361052473	0.0	96.61029707659516	434.98589697839566	0.0	104.60716266791724	438.1357545566042	0.0	138.77657873837762	174.9325318270553	0.0	140.74843260388693	137.98560694588772	0.0	142.2105754964266	156.90120240746825	0.0	168.5342571001127	196.38450219945616	0.0	170.64385354217103	242.0993479956257	0.0	144.34873451187238	228.92632509259596	0.0	105.59716116034558	191.74480326181754	0.0	100.9131879325831	238.14185199885588	0.0	127.76101672498066	231.3966364409011	0.0
24	0.4	135.08572957136298	280.78133656961677	0.0	152.16069065812587	287.3791271308463	0.0	154.3310270364105	359.0032623370522	0.0	157.77733680221212	426.51453043184756	0.0	168.13154561816498	433.54736516247976	0.0	171.58373712336265	437.25269583691033	0.0	155.83609664346207	437.4148601297485	0.0	117.89842473891545	287.8293307808315	0.0	111.62320390491084	358.4638706227339	0.0	104.53509333864704	426.1238277182282	0.0	102.22404028696386	433.316147884604	0.0	96.73971231931966	434.5553551923971	0.0	104.5507886739017	437.9719858609583	0.0	138.89549335831762	174.86653288516234	0.0	140.82408307872703	137.99566316174165	0.0	142.1649884226065	156.68839121156134	0.0	168.67059983963046	196.40262296670272	0.0	170.59732668226627	242.1179379224929	0.0	144.5012399722252	228.52896739923176	0.0	105.55773194493815	191.7341655361863	0.0	100.90978678014743	238.11661281532847	0.0	127.78704094664522	230.20109407288865	0.0
25	0.4166666666666667	135.13656145882572	280.77087853943	0.0	152.18700929701325	287.4833666128712	0.0	154.31313687182444	359.0063850079317	0.0	157.7989996462128	426.4950927637317	0.0	168.06106864227723	433.46744396010763	0.0	171.55590427657864	437.23363222974695	0.0	155.81838338622757	437.3454886794591	0.0	118.07696049830047	287.8428036403719	0.0	111.61038152787654	358.4766097837234	0.0	104.54062928442606	426.09965408117944	0.0	102.33081594964742	433.27222084952075	0.0	96.7951799059012	434.34201585891105	0.0	104.52265852385361	437.8686897007992	0.0	138.9581365001398	174.91896427901185	0.0	140.70903601751866	137.98974675444123	0.0	142.12945288880354	156.63645604112713	0.0	168.6921288237658	196.40999998132827	0.0	170.58372889862255	242.12101503466886	0.0	144.56553733920765	228.3324922985036	0.0	105.53621528882283	191.64409152126095	0.0	100.90848643401927	238.0964475170071	0.0	127.80833683125081	229.98731995507507	0.0
26	0.43333333333333335	135.26983957203282	280.76955564646084	0.0	152.2069187907964	287.432194595941	0.0	154.31086597630272	359.0081523737693	0.0	157.81498215597418	426.4604295569181	0.0	168.02784509892325	433.3627135109873	0.0	171.54144393897138	437.21720710396835	0.0	155.81167236724934	437.30551629129417	0.0	118.15535331274425	287.84496931524393	0.0	111.60407507594627	358.4888787188231	0.0	104.52119887661847	426.09259112147663	0.0	102.39658311821103	433.27202885905024	0.0	96.81584527994738	434.2627211986443	0.0	104.50820639278153	437.82073267993866	0.0	138.98811388991913	174.94561418700158	0.0	140.65709580536156	137.9906921798586	0.0	142.1179024747629	156.5279462449646	0.0	168.84180812359332	196.42438496223906	0.0	170.5963377537459	242.11783756603796	0.0	144.59412312415273	228.0190235011731	0.0	105.52429811711684	191.72664701914874	0.0	100.90756696756861	238.0931104166356	0.0	127.82821839389942	229.95379862160266	0.0
27	0.45	135.32466345333356	280.7690046871341	0.0	152.22554751327112	287.37473225022956	0.0	154.32605794864185	359.00923363853144	0.0	157.8308313158163	426.4083867738551	0.0	168.0181291767887	433.2975447600216	0.0	171.531625444101	437.19502925568156	0.0	155.81162022009886	437.281249222208	0.0	118.19527365538758	287.8014826021097	0.0	111.60329585179089	358.49508067013136	0.0	104.51047630035114	426.0949978511337	0.0	102.46332821636736	433.2916223457312	0.0	96.81477736974122	434.2348824191259	0.0	104.50333474685252	437.804069263838	0.0	139.00064912378497	174.95993158579157	0.0	140.64235809924372	137.9861747579227	0.0	142.09503705566144	156.55932357744885	0.0	168.9352709602471	196.4480599047706	0.0	170.652373644867	242.0816067931859	0.0	144.62156823891755	227.93204619120434	0.0	105.51863477967365	191.80973374838868	0.0	100.9052856429611	238.09170723143166	0.0	127.85001698518465	229.90856272243295	0.0
28	0.4666666666666667	135.26998684143706	280.7664697032923	0.0	152.2402860512075	287.24114695138366	0.0	154.36457791688537	358.9988171646953	0.0	157.84439588588407	426.32638056764574	0.0	168.01723168020592	433.25960181489324	0.0	171.516619383731	437.1601165993891	0.0	155.81327444594294	437.2589341691938	0.0	118.21957322675405	287.57966001734735	0.0	111.60433585242595	358.4785785737822	0.0	104.5041034588351	426.0974027924208	0.0	102.61843739933053	433.3270471731015	0.0	96.78273123781369	434.2103808630601	0.0	104.50601060919148	437.7974311105857	0.0	139.01473408473274	174.96665313178886	0.0	140.67702568428808	137.9769442426305	0.0	142.04622785957002	156.46969789890164	0.0	168.9872897572782	196.50440238583388	0.0	170.79185933091827	241.94905747222862	0.0	144.68317495694996	227.86933216742835	0.0	105.51642567810549	191.9358043712124	0.0	100.89728526127095	238.09118229703208	0.0	127.87399508587588	229.7196428136641	0.0
29	0.48333333333333334	135.36438848021098	280.76334008545564	0.0	152.23356887421755	286.26649695277666	0.0	154.43944922415022	358.964212923618	0.0	157.84785768903433	426.26909147735967	0.0	168.0088103027984	433.2462605508816	0.0	171.48710438736882	437.112406160054	0.0	155.8095988148508	437.2319584585024	0.0	118.23168541166146	286.6433978516545	0.0	111.5965359557558	358.39666872165145	0.0	104.48370320375943	426.1093892187777	0.0	103.17054516684871	433.39640896367075	0.0	96.66995806586965	434.16942874461756	0.0	104.50738159596162	437.8067385659483	0.0	139.0310959569954	174.9678270241862	0.0	140.8622754566798	137.9566963843081	0.0	141.83550601875842	156.5105882051534	0.0	168.9967728176737	196.6552497131603	0.0	171.08142819118478	242.01369047846265	0.0	145.00386983692852	227.7297243856711	0.0	105.50812891977012	192.20467079821117	0.0	100.87258386660798	238.0982880668006	0.0	127.89787186626893	230.34984437500754	0.0
30	0.5	135.44256385954392	280.76789637988054	0.0	152.23795229644153	286.6826078430871	0.0	154.60379094651736	358.8634741731035	0.0	157.8739689070566	426.252856951015	0.0	168.00292186774385	433.2289233225831	0.0	171.44964857135182	437.0369117135399	0.0	155.81486199972767	437.1642079686484	0.0	118.27030337376182	287.17079576468564	0.0	111.60814655121166	358.18946918076017	0.0	104.4808448330536	426.10942116868205	0.0	103.43487912283604	433.3829567494307	0.0	96.70962624298102	434.00414156104523	0.0	104.50609525810282	437.8022479695841	0.0	139.0674809678893	174.95558006533426	0.0	141.06034840980234	137.92546053164776	0.0	141.76750017611369	156.43216354229546	0.0	169.0209145485953	196.7200420625914	0.0	171.32303875289904	242.08224061406906	0.0	145.50933154081895	226.59322657452924	0.0	105.52221784811431	192.4347929703416	0.0	100.84241610384865	238.17002416796396	0.0	127.93532419754897	229.4834281645091	0.0
31	0.5166666666666666	135.5168633080761	280.767561563209	0.0	152.2177951164241	286.7509058235147	0.0	154.8548050564541	358.89566859167155	0.0	157.91411128215367	426.26315123010636	0.0	168.01206042970276	433.1682489658516	0.0	171.5180936885959	437.0321505117856	0.0	155.8185624287681	437.2738238732806	0.0	118.32166652316236	287.24005390076314	0.0	111.63639843178309	357.7202024302631	0.0	104.4802314840384	426.0318666741517	0.0	103.71233680734916	433.3927160207322	0.0	96.70424067622783	434.03730923019873	0.0	104.50234372656537	437.71413129159424	0.0	139.11894832992797	174.91077447631142	0.0	141.44938197294425	137.84566059873333	0.0	141.96662518206222	156.51820271055888	0.0	169.03285078702697	196.66849815387332	0.0	171.53026683228995	242.22709556299856	0.0	146.03219427838476	226.103241590223	0.0	105.54554567636991	192.3225005188961	0.0	100.79010866013334	238.41547276366765	0.0	127.98696571496043	228.61830629034858	0.0
32	0.5333333333333333	135.53844910624406	280.7754801440275	0.0	152.51506889024978	286.3762124116995	0.0	154.99820761509454	358.962134547963	0.0	157.93393982055716	426.5265655622776	0.0	168.05658870653093	433.26209084928234	0.0	171.58237383739544	436.98864921455504	0.0	155.78672204248062	437.5194080771477	0.0	118.37967982819882	286.8455817577795	0.0	111.65444980600404	357.9275513491217	0.0	104.48655237738328	426.1474679455065	0.0	103.29475731238983	433.38963819865864	0.0	96.6174153841151	434.1923333545405	0.0	104.5099056126088	437.8142853353909	0.0	139.15250705575147	174.93995710199314	0.0	141.57707038846024	137.8101993208021	0.0	143.08157707145102	156.7014930867476	0.0	168.8778442869821	196.61905181859532	0.0	171.6667358671393	242.46504077701175	0.0	145.83929321556383	226.37181575114934	0.0	105.59642084823298	192.39253310022872	0.0	100.71030049436604	238.58040813521828	0.0	128.05798256585553	229.44134411045542	0.0
33	0.55	135.59938813532398	280.7624542114824	0.0	152.73960894338384	286.42193186632505	0.0	155.25912427591064	358.975374727458	0.0	157.98326972753316	426.70530022919087	0.0	168.13444082050137	433.3236324150327	0.0	171.65192815349278	436.9859852362189	0.0	155.7445548673968	437.6213286496757	0.0	118.44164450284057	286.89182467316465	0.0	111.70443694131814	358.1177008776957	0.0	104.48509483327695	426.3693522272444	0.0	103.18768809295254	433.40030746018533	0.0	96.57524810031892	434.2584043540073	0.0	104.54291583267722	438.01029671211523	0.0	139.22962410116114	174.9329678763636	0.0	141.6879930417146	137.60483466009472	0.0	143.6298267698585	156.89081176569204	0.0	168.8529732838485	196.66003681043895	0.0	171.84697402686646	242.5480682500932	0.0	146.19161156908277	226.1762393753308	0.0	105.71890868657133	192.50088418969375	0.0	100.71843448299089	238.82722730152352	0.0	128.13814842851087	228.9692481068049	0.0
34	0.5666666666666667	135.64617996219468	280.7452524383461	0.0	152.80132574893835	286.616348107101	0.0	155.34487358620999	358.91167918659085	0.0	158.02156712563632	426.8846432934059	0.0	168.26740863831702	433.41454024357495	0.0	171.7339489873191	437.0579183676827	0.0	155.7797431133081	437.6270372090296	0.0	118.53262257273867	287.0706627500315	0.0	111.77008909939428	358.18073834568014	0.0	104.49825425185696	426.44025004467517	0.0	103.14149614124351	433.45420129575325	0.0	96.55081368498726	434.33074496332995	0.0	104.53421838068208	438.08330297269373	0.0	139.3207132889599	174.89532877595116	0.0	141.74466918088223	137.59962213881946	0.0	143.96329198819677	156.94658072703223	0.0	168.93694575243808	196.55429843191968	0.0	172.17174276285849	242.5817558842847	0.0	146.33236048136425	225.88407398331202	0.0	105.94526747114443	192.37182293237802	0.0	100.76551340379615	238.86436797501779	0.0	128.2687858026948	228.570333120567	0.0
35	0.5833333333333334	135.87793857899234	280.72983398561746	0.0	152.83222805776364	286.99197877271524	0.0	155.3852916176051	358.74151995757586	0.0	158.121722373202	427.0108280722428	0.0	168.15429549164907	433.45670073498076	0.0	171.58420904341853	437.07009651143755	0.0	155.82049550330385	437.60901472184827	0.0	118.75475542524124	287.3630335495906	0.0	111.95377053260069	357.9493390493069	0.0	104.48863098936854	426.4633887534952	0.0	103.27776001040152	433.470775914161	0.0	96.64042587631121	434.23554773279363	0.0	104.47702966564378	438.0549612868811	0.0	139.49961462911696	174.8455142749777	0.0	142.02528974915515	137.41744779437647	0.0	143.80712324441265	156.93974333421266	0.0	169.03367700756968	196.6056267627703	0.0	172.58013510976383	242.86543598348345	0.0	147.45790586121035	224.53670097995928	0.0	106.09704873226073	192.36812139075568	0.0	100.9070315934174	239.4197541731367	0.0	128.33502373808253	227.3295048132904	0.0
36	0.6	135.97769841413256	280.70582313242517	0.0	152.85386397176728	288.570293418733	0.0	155.4130219155171	358.4092550933207	0.0	158.33069703612728	427.2610717364692	0.0	167.91676357010795	433.4915430338286	0.0	171.37805206907836	437.08383767880105	0.0	155.8488254792225	437.6021753912527	0.0	119.05078639872275	288.66997148822395	0.0	112.07569134000283	357.7429505281263	0.0	104.47579084959494	426.72153926861745	0.0	103.1665209015228	433.4808976870355	0.0	96.70525983743877	434.2988080138451	0.0	104.22841330340528	437.91472274851265	0.0	139.7430145643103	174.7905601885954	0.0	142.14423815415017	137.5980241018473	0.0	143.8626511510701	156.91403851193775	0.0	169.096667770575	196.66693928913037	0.0	172.77935758042904	243.01447534381418	0.0	147.73927299339547	224.14711325584148	0.0	106.26988242828847	192.12450151513465	0.0	101.13144349404051	239.87797440851574	0.0	128.64992763161183	226.4724379209626	0.0
37	0.6166666666666667	135.9965602589579	280.66237842401824	0.0	152.87325709612952	288.0097861780305	0.0	155.4441201735877	358.2409922678129	0.0	158.4114688504323	427.3344765377016	0.0	167.75546831712177	433.5055885722618	0.0	171.25440834759993	437.0845574612955	0.0	155.85498056729384	437.5901995080801	0.0	119.14815039263732	288.38246133863106	0.0	112.19824479709887	357.3518904995721	0.0	104.4446487317463	426.8364419993347	0.0	103.3416565849536	433.45826402081536	0.0	96.7301565349961	434.17915211027037	0.0	104.08523727670095	437.8257450772807	0.0	140.01553792029512	174.74825736800307	0.0	142.2747924764622	137.49602469511717	0.0	144.3277625386669	156.8933912696787	0.0	169.11686121950834	196.8555444638898	0.0	173.1694460796769	243.34769257692523	0.0	148.15888089363244	223.72791361398137	0.0	106.46485884876451	192.10353218021987	0.0	101.30066557471973	240.07875257661516	0.0	128.77697403138896	225.30790918102988	0.0
38	0.6333333333333333	135.91038458246658	280.56827453855794	0.0	152.9736451798441	287.4397483661986	0.0	155.53759479217223	358.143194173636	0.0	158.44121651439528	427.2559938269254	0.0	167.62433888702384	433.4942846260334	0.0	171.19044921178448	437.0652220579101	0.0	155.8310083208146	437.5708060490182	0.0	119.14125603890355	287.86063831104184	0.0	112.42218717871894	357.1248769417888	0.0	104.32210042964826	426.81915744724876	0.0	103.63883024607425	433.36569551140417	0.0	96.69967345244334	433.96345399014785	0.0	104.08614113379903	437.9002717251217	0.0	140.23002116672131	174.75542569254873	0.0	142.78373652855396	137.32657002450088	0.0	145.20351753943027	156.90106681070998	0.0	169.04633513587981	196.91503124764898	0.0	173.48616304653413	243.5956148503296	0.0	148.17937865609704	223.87244538894524	0.0	106.60086237163755	192.17601703436333	0.0	101.46181553642583	240.26891239195697	0.0	128.75422215837267	224.34463202526808	0.0
39	0.65	136.10212739232006	280.28327841028585	0.0	152.9793075876738	285.8657334025165	0.0	155.55545211005366	358.05850386858435	0.0	158.57217000913136	426.98664257103576	0.0	167.11200425894552	433.4827844565351	0.0	171.05388049354372	437.04357919034925	0.0	155.87884871569943	437.5562620789482	0.0	119.45741282715304	286.0161532905154	0.0	112.69768019525316	356.74212589574216	0.0	104.25063979876418	426.58859130030396	0.0	104.42073985587535	433.1687082137395	0.0	96.80379218117409	433.30098937154787	0.0	103.83842678806049	437.9232279558447	0.0	140.32684528830836	174.80395631551033	0.0	143.23275427858678	136.6854058482661	0.0	145.4420541654653	156.91621799784045	0.0	169.18448913394425	197.39499193191125	0.0	174.2270106598471	244.2982947700233	0.0	150.21523556589779	222.7834292114608	0.0	106.65214919826894	192.4790781676394	0.0	101.48642707211349	240.43277693192755	0.0	128.16931851488243	223.59644003457157	0.0
40	0.6666666666666666	136.25727301145326	280.0452427452475	0.0	152.79854333603586	284.9631831392078	0.0	155.63402631854007	357.9140724666523	0.0	158.6160907636718	426.79691279236863	0.0	166.25689087747844	433.4966569360893	0.0	171.02125248195233	437.0450670205925	0.0	155.8345162050724	437.55348563195423	0.0	120.02861209776428	285.44756300031156	0.0	113.05689363736788	356.77098875340266	0.0	104.29250989757116	426.3979024752214	0.0	105.0414259347223	433.08516093236324	0.0	96.74938307323845	433.1688577465645	0.0	103.84580176578336	437.89346856019273	0.0	140.47910779659043	174.99526241193757	0.0	143.44237829477356	136.17033561458152	0.0	145.70884621898713	156.95046757223213	0.0	169.31681393480366	197.68771516606955	0.0	174.49945938082877	244.61269118954607	0.0	151.631022476103	222.32545267120918	0.0	106.6691853991625	193.06911072597572	0.0	101.3590759011822	240.5938279164468	0.0	127.49543166819458	222.9006173851866	0.0
41	0.6833333333333333	136.32480144040142	279.5108998203768	0.0	152.49389708700676	280.5460048197216	0.0	155.64332288923194	357.18141390172116	0.0	158.75791507911595	426.453914485772	0.0	164.94690662064767	433.5473559663143	0.0	170.73662644476963	437.07312341141807	0.0	155.8216400244881	437.558290968348	0.0	120.80969042747807	280.1704321123357	0.0	113.3427890516908	355.61289244109736	0.0	104.44043450633379	425.43628852894534	0.0	106.88221628156442	432.84264278252374	0.0	96.71684565487676	432.29621344359316	0.0	104.12357454119682	437.5002405567848	0.0	140.7550813153176	175.5067156412495	0.0	144.820190824512	134.52392835176323	0.0	145.37369451974394	156.87530132658145	0.0	169.39208772390705	198.604164809216	0.0	174.86301561609577	244.89865710745065	0.0	153.9856734570994	222.13339608974033	0.0	106.53323952783603	194.15932288672462	0.0	101.29576675745521	240.74428664988017	0.0	126.94045620401815	221.31885570310914	0.0
42	0.7	136.58877640766306	279.65896662635885	0.0	152.21355838063715	280.34385297715187	0.0	155.9114554710842	357.19333482921405	0.0	158.96221802073072	426.438174519408	0.0	165.0490371472966	433.60456370307514	0.0	170.76593313735108	437.09573530612926	0.0	155.90670762012417	437.55867489861566	0.0	120.98076753462759	280.07280359156806	0.0	113.53581591117623	355.23744795548595	0.0	104.40518488710839	424.97741402370724	0.0	106.93592647600421	432.6055606505389	0.0	96.69453476491526	431.92863277438335	0.0	104.17850142261338	437.26389246416704	0.0	140.81373159769106	175.92733891958022	0.0	145.29601156530663	134.2816855655151	0.0	145.78483011115844	156.76498600756145	0.0	169.9990857641933	199.03706020207312	0.0	174.92907365013073	245.1485280279319	0.0	155.57900723803954	222.57458142555367	0.0	106.55886575649487	194.42078440187447	0.0	101.25864672347586	240.73014998595204	0.0	126.67677639851476	221.52277948821518	0.0
43	0.7166666666666667	136.3233774450076	279.89213136339157	0.0	151.6334898436241	280.6182598364893	0.0	155.88725150034932	356.89877566916687	0.0	158.9941886471232	426.412258206975	0.0	164.76591760926	433.7187968822292	0.0	170.70927178407925	437.12578364599983	0.0	155.92603861349855	437.5466458221779	0.0	120.94342702124726	280.0443553814738	0.0	113.86591750944876	354.4549606112556	0.0	104.49916150068665	424.0745030588701	0.0	107.29836835809196	432.43964081233867	0.0	96.65746507706517	431.360106937964	0.0	104.18158855491987	437.08333457223875	0.0	140.7604817815743	176.3616105435545	0.0	145.87698540250534	134.19018485654036	0.0	145.82914942810697	156.6439063489565	0.0	170.09686621761762	199.2717639151408	0.0	175.18928648304998	245.7548314500146	0.0	156.88118392412719	222.90026350817527	0.0	106.3756254298564	194.90903010607803	0.0	101.21130549849956	241.0703014166011	0.0	126.47184655772804	221.05605222378134	0.0
44	0.7333333333333333	136.06550353095963	279.8087533865818	0.0	151.1254532307656	280.49967382447926	0.0	155.69250152075114	356.47047208406065	0.0	159.0424778145768	426.3577553511137	0.0	163.8652348709831	433.9842543041297	0.0	170.71077236756423	437.20611846773136	0.0	155.95795710640076	437.52493797182103	0.0	120.96592053143262	279.85966099850225	0.0	114.30839458920724	353.8184380064731	0.0	104.43326070450692	423.28585417603415	0.0	107.7770226501033	432.20737614873497	0.0	96.66037471879613	430.69263018523463	0.0	104.20649568999791	436.51895036083613	0.0	140.79756175215692	176.69211252278916	0.0	145.98806259670266	134.1453324261373	0.0	145.95022362891936	156.54994005791755	0.0	170.19056236157286	199.50280084902653	0.0	175.69021741066567	246.1665204574478	0.0	157.49686446940217	223.2710925269305	0.0	106.28195768464644	195.0814524754509	0.0	101.178420726066	241.13587432729284	0.0	126.20902636832946	221.29150975036535	0.0
45	0.75	135.66238360012798	279.7653605380852	0.0	150.60414109391476	280.76864282934093	0.0	155.58788856098056	356.2528037079249	0.0	159.05246923431318	426.2484245985772	0.0	163.63206075066907	434.2143886380842	0.0	170.66155489624242	437.45212976009407	0.0	155.94823965620392	437.49551741793346	0.0	120.68063702229034	279.8776986008321	0.0	114.51644305796923	353.1401052956989	0.0	104.37278579174045	421.63456023196375	0.0	107.97155978495128	432.24462361366545	0.0	96.65311921653458	430.0638125604644	0.0	104.0450090305414	434.98882774139634	0.0	140.8181302231264	176.78864114761714	0.0	146.1059223255901	134.15610746710212	0.0	146.1834492658055	156.50301319400648	0.0	170.19993255734482	199.58981165372845	0.0	175.76544820633515	246.2869136097466	0.0	157.58886563016767	223.36793319728469	0.0	106.16723686393595	195.3844403686274	0.0	101.01012021137096	241.11550566813037	0.0	126.14456907751908	220.91259344480753	0.0
46	0.7666666666666666	135.3871789413438	279.83559121311754	0.0	150.09666681188446	280.9464600514118	0.0	155.36953079965937	356.0937939536732	0.0	159.02448649149818	426.15633342168087	0.0	163.29277267909887	434.3044402241316	0.0	170.46286500341088	437.8847343700109	0.0	155.82961433425584	437.49783754605096	0.0	120.56526435775041	279.9708729171711	0.0	114.923379365313	352.4146105269005	0.0	104.08768165241975	419.85672117520585	0.0	108.33442227367661	432.25396605060826	0.0	96.47971236686767	429.84701496067964	0.0	103.61507178414679	433.61169570354724	0.0	140.81306432165576	176.83926948659416	0.0	146.3393813090357	134.17172564909387	0.0	145.97324321696922	156.46776322360236	0.0	169.92223762882634	199.69155744300758	0.0	175.4356379304676	246.57462076180866	0.0	157.8702179764222	223.66150375504463	0.0	105.98698410757694	195.39327382008787	0.0	100.8569361916464	241.05917645062058	0.0	126.09866762654306	220.82707333553006	0.0
47	0.7833333333333333	134.73211821233707	279.6195944008527	0.0	149.7456680961249	280.857388684434	0.0	154.99299608933012	355.75315514179294	0.0	158.91021233763712	426.07755925505234	0.0	163.5458085701977	434.3711458365153	0.0	170.55061536024647	438.2476727028167	0.0	155.8061649528468	437.57558446754575	0.0	120.16591325896651	279.90267936138287	0.0	115.24990531031742	351.28496979876604	0.0	103.75899402446865	417.95791291120463	0.0	108.4270413971509	432.3359789107568	0.0	96.4809314951402	429.5682118918588	0.0	102.84584435270023	431.8940047381102	0.0	140.70845777105188	176.71697136994794	0.0	146.3792219147145	134.2198048039148	0.0	145.84168385015818	156.39580070369013	0.0	169.51619564347348	199.23395682817483	0.0	175.4989559050841	246.5751597483798	0.0	156.49479073404922	223.61767044039868	0.0	105.88773398041425	195.1394377907803	0.0	100.56412646457	240.88020391592056	0.0	125.9265524594868	220.6447246287301	0.0
48	0.8	134.07924129192475	279.5322623799291	0.0	149.21984099901397	281.1940209203317	0.0	154.4502977119014	355.99792546303246	0.0	158.85129204600483	426.0851836257212	0.0	164.70535294616226	434.33073785395976	0.0	170.83541018919837	438.48064719740745	0.0	155.78096782152164	437.63933278864187	0.0	119.95075565210195	280.13884288186046	0.0	115.94479416816229	350.43523380077255	0.0	103.53450665809724	416.3572314017995	0.0	108.0581052955258	432.1889760281469	0.0	96.59828482405305	429.4330303485446	0.0	102.1455781931862	430.56006044790524	0.0	140.8715158279383	176.48663623140536	0.0	146.01745867626744	135.00102121127344	0.0	146.08493514100212	156.61424036219512	0.0	168.42240221159784	198.862133293068	0.0	175.15566819393592	246.78036005489426	0.0	156.05592075710132	222.84873776818756	0.0	105.90525174702246	194.4845901794228	0.0	100.06440554709934	240.5528017529042	0.0	125.86361643427307	220.49548481076002	0.0
49	0.8166666666666667	133.1496853967124	278.97797019060704	0.0	148.3620183653147	281.3456798516856	0.0	153.95372031700853	355.2748561665836	0.0	158.81633057693256	425.69663858395666	0.0	165.44317219043123	434.3753005456379	0.0	171.05412719785755	438.57388121458536	0.0	155.75452844913582	437.69581053295326	0.0	119.2142796176359	280.3401136501807	0.0	115.81949533473576	349.6737820836084	0.0	102.76499581545946	415.8140196153782	0.0	107.6722148405096	432.18141678797724	0.0	96.62286353269221	429.24333579150164	0.0	101.18544337640172	429.6073541936831	0.0	140.7165860011724	176.3446245093262	0.0	146.23762212711236	135.3002261487501	0.0	146.3883874546821	156.8082987197451	0.0	167.66015989451355	198.75355944626133	0.0	174.56955648876843	246.80836768506373	0.0	158.31536847367707	222.95923569536512	0.0	105.80404367504806	194.19980035000455	0.0	99.58160987785234	240.3438053331342	0.0	125.91808615495009	220.44262621777665	0.0
50	0.8333333333333334	131.80109345317797	278.68920263682685	0.0	147.42271164024308	281.2204260387108	0.0	153.47375920483017	355.5441685650671	0.0	158.67339461566868	425.6585081495357	0.0	167.1761328529058	434.531404165019	0.0	171.56852321894195	438.6572379529673	0.0	155.5818950916358	437.77746558080196	0.0	118.14610109313207	279.8974174261333	0.0	115.86334521465044	349.4967453640993	0.0	101.37633514166961	415.6038954118095	0.0	107.15614015771607	432.48641231252896	0.0	97.18611839868183	429.66834184427944	0.0	99.29208267405153	429.19799552966674	0.0	140.49954848424744	176.2070419193115	0.0	145.71646932564306	136.4481201935641	0.0	148.2891696081067	158.01417930907334	0.0	165.9204217548935	198.53238405331376	0.0	172.9263030905536	246.83544015826598	0.0	172.66555703066433	223.66022625457137	0.0	105.74989268091461	193.83017534318154	0.0	99.09990145795251	239.94064432189904	0.0	126.02598946149622	220.45292649288723	0.0
51	0.85	130.88056287172068	277.69314141251135	0.0	146.16161959749894	281.196612563973	0.0	152.76631675989412	354.88823176078233	0.0	158.50673627142174	425.1800900576943	0.0	167.4871488347694	434.6151905563749	0.0	172.11311087507895	438.6344455942649	0.0	155.36956850878414	437.9025915590612	0.0	116.78060997417387	279.82205963109993	0.0	116.02850198813132	349.0654126935699	0.0	99.98369867661674	414.89466449902807	0.0	107.28467304495717	432.9193440895091	0.0	97.77551593188868	429.71857181654104	0.0	96.95584160661733	428.3791760825986	0.0	140.22735893072417	176.2536262607763	0.0	145.72684499388694	136.5113789638202	0.0	148.84854161259773	158.75590350485447	0.0	164.5139923429347	198.41589217506595	0.0	171.2516649476123	246.96578930964887	0.0	175.87695080611667	227.88333079920795	0.0	105.50742383560942	193.4214098114922	0.0	98.64809332935712	239.52463671044626	0.0	126.32064738505235	221.2589666441848	0.0
52	0.8666666666666667	130.11343169965429	277.40355648145703	0.0	145.34126392115382	281.15484682900296	0.0	152.39773573917284	353.80415523131444	0.0	158.52500598825935	424.885069425363	0.0	166.86338824558425	434.59407312843996	0.0	172.18655850082786	438.39643851703966	0.0	155.38026254060787	437.801923277426	0.0	115.54326139358146	279.8535453537129	0.0	116.25511502029455	348.1452629468106	0.0	98.69393430038267	414.32478205341135	0.0	108.85363547118692	432.6853490219377	0.0	100.04220703945492	429.60928518508564	0.0	95.02787171894025	427.12383562462344	0.0	139.89484898340004	175.975218343031	0.0	146.2656830204187	136.10834204298058	0.0	148.8614777006283	158.65574847863144	0.0	164.10293348948994	198.3468528679798	0.0	169.85478551850775	247.21636186629158	0.0	176.81121616129758	229.97916325514157	0.0	105.22988336504531	193.29206396573366	0.0	98.04027746635943	239.30307168734151	0.0	126.13647542146715	221.5048415328802	0.0
53	0.8833333333333333	129.03965008419772	277.1820195630031	0.0	144.19007706505673	280.9794512747916	0.0	151.8144613469662	353.7407712468059	0.0	158.59615496113076	425.01978854026777	0.0	166.68046823565308	434.5212202002599	0.0	172.25754178424788	438.33511265683626	0.0	155.2806867472454	437.7507604274482	0.0	114.80008160079589	279.3652064496355	0.0	115.85531013654878	348.2405838640952	0.0	97.00838448174557	415.92215759529495	0.0	111.33481603266071	432.6766250539104	0.0	103.52101297327613	429.5436275642169	0.0	91.50641225319158	426.53179362126593	0.0	139.30275043926582	176.08823699464054	0.0	146.91786200134442	135.7411841967973	0.0	148.8704390576449	158.5050349115824	0.0	163.41362798987814	198.3258471452873	0.0	168.21135077295574	248.1993528302747	0.0	177.73851940529312	231.87248790977134	0.0	104.83467307412162	193.31743304899766	0.0	97.63161660371745	238.96669561974426	0.0	125.9524006810398	222.03607201616896	0.0
54	0.9	128.53771440771013	277.1080331492791	0.0	142.84084382421344	281.1081073104579	0.0	151.3713770063611	353.7307689440009	0.0	158.5891927041755	425.06776006389566	0.0	167.0777121279568	434.5418160975837	0.0	172.69445410912908	438.15887187494195	0.0	155.05129915303684	437.7858047084295	0.0	114.37334939547397	279.350779945546	0.0	115.52211944533553	348.6226157357757	0.0	95.10865242841277	415.621575091414	0.0	112.61030762562581	432.5041253885157	0.0	105.95442030770715	429.00866242708014	0.0	89.4743993340645	427.53082210490504	0.0	138.8135955489646	176.2737670335537	0.0	147.0814794532547	135.44211265306674	0.0	149.23702411482643	158.53328832384184	0.0	161.63816075053373	198.30617063733132	0.0	167.6136490935668	248.90267311712617	0.0	179.64616010009465	234.69037522224744	0.0	104.8314802119976	193.20321617411622	0.0	97.21577951355198	238.43742835508613	0.0	125.72609334668077	223.4606582972502	0.0
55	0.9166666666666666	127.49796475156369	277.20664054134073	0.0	141.68529750357501	281.22233938302986	0.0	150.80043017406697	354.0386177758397	0.0	158.70107093257272	425.15539777960225	0.0	167.78359556994218	434.4715669588513	0.0	173.1144268504724	437.91023775538764	0.0	154.90868794494023	437.86533080435527	0.0	113.75933698738804	279.28215491422964	0.0	115.08108146787507	349.32829169876	0.0	92.9630490936803	416.1383306515952	0.0	112.92581905751796	432.71812336969043	0.0	107.36157410623235	429.5030630956826	0.0	87.3269026009709	428.26364761382115	0.0	138.1749737828707	176.2343635521002	0.0	146.58941562594083	135.5269402709593	0.0	150.0646526744015	159.01731796109465	0.0	159.5430581869892	198.27377387269354	0.0	166.0865230573482	248.91925150820384	0.0	179.62936819508244	235.67565371237816	0.0	105.04009489474149	192.73676804514423	0.0	96.92845541590367	237.9925663597171	0.0	126.0711747316214	224.28017824243454	0.0
56	0.9333333333333333	126.72029680879604	277.2208337386212	0.0	140.86210128899148	281.01677360070505	0.0	150.4347113456967	353.8397820330044	0.0	158.8604059488369	425.14076127431974	0.0	168.13916705434121	434.44376292930565	0.0	173.46831293952943	437.58797081902685	0.0	154.94616465847005	437.9434588555082	0.0	113.05166461443864	278.9990265878309	0.0	114.39197149818578	348.96105056437096	0.0	91.22975222432049	416.5537946113213	0.0	112.71789848486091	433.10740085442825	0.0	107.2538324801297	429.4790376773003	0.0	85.56505630153319	428.8329320503693	0.0	137.42510585084605	176.47520673532915	0.0	146.84474478226107	135.29326841820495	0.0	150.43090688610727	159.37956928364167	0.0	158.6116201709016	198.31080935594673	0.0	164.69602275240834	249.01138354222428	0.0	179.73858535975322	237.437662327476	0.0	105.25597127364179	192.40851966014392	0.0	96.63187356634063	237.54849005791777	0.0	126.2800288955521	225.50749924661423	0.0
57	0.95	125.96406521630179	277.74005749666287	0.0	139.69227846607637	281.3697967054212	0.0	149.80648068681808	353.59535444701794	0.0	158.86043314597683	424.98735811341726	0.0	168.40813440973528	434.45165072580437	0.0	173.78423404415472	437.4031110737907	0.0	154.8183741053942	438.0761737541031	0.0	112.34840869056318	279.42172388235895	0.0	113.15066824805996	349.08226806477796	0.0	89.98398728147649	416.69021486430916	0.0	112.36219891661995	433.4851407292398	0.0	106.96997486344225	429.82482524067404	0.0	83.89418192728812	429.663195088406	0.0	136.66814919516943	176.82204380327312	0.0	147.04565014974912	135.19811511261824	0.0	150.63168979241397	159.8231250633716	0.0	157.35752813514407	198.30414576059707	0.0	161.58912143498134	249.0366367682035	0.0	178.13576856183784	241.66584096542906	0.0	105.45222276762155	192.22347885180267	0.0	96.16622402600017	237.29008906685618	0.0	126.70706361483265	227.39717740240374	0.0
58	0.9666666666666667	124.73382761424442	278.13353117772874	0.0	138.79710404389735	281.6426928926028	0.0	149.41619827373154	353.3734262302314	0.0	158.9017924185049	424.90999966625606	0.0	168.6233757560029	434.4230287632049	0.0	173.95562124381465	437.2879072688678	0.0	154.59943460010123	438.31266983957653	0.0	111.56807024009863	279.6794357401161	0.0	111.72370477047893	349.3718217494014	0.0	88.68578418561448	416.53544740704734	0.0	112.31674845560896	434.0171188979582	0.0	107.28525334827447	430.18808101512434	0.0	82.49827319903036	429.9917133494475	0.0	135.84303122470303	176.95103516796087	0.0	146.84570227431226	135.23098203874122	0.0	150.4185139824923	160.20260619968823	0.0	155.531838258178	198.28395036597385	0.0	159.54004086822857	249.2703018531504	0.0	177.25368471996936	244.63215489090035	0.0	105.69060192508002	191.99127084714996	0.0	95.87509484153105	237.14957826948654	0.0	127.52260249210592	229.3824860025127	0.0
59	0.9833333333333333	123.7395234530272	278.44175498770073	0.0	137.47679402562355	281.80869884042636	0.0	149.06144801279402	353.3866443623526	0.0	158.82163024640394	424.7500060572596	0.0	169.07847684613392	434.3939018683915	0.0	174.29802996838578	437.2633667276024	0.0	154.60008877575262	438.271512791669	0.0	110.7234782931717	279.8501455479863	0.0	109.83912460322654	350.1794146720242	0.0	87.24050028872443	416.8226783827157	0.0	112.20145591845731	434.4746214674306	0.0	107.04625708278006	430.74145230370755	0.0	80.60305982553825	430.57510868386134	0.0	135.04163150649953	176.9901084436024	0.0	146.32231961421263	135.57204214910976	0.0	150.21368919435147	160.10439305837446	0.0	153.60066590647452	198.28029553913748	0.0	156.22274428939912	249.4460570757974	0.0	177.2261042950692	246.74718795710123	0.0	105.80927864532728	191.44222887145065	0.0	95.61284575430673	237.08295734864794	0.0	129.34672138710576	231.6964687066844	0.0
60	1.0	122.34535165709836	278.64976008515725	0.0	136.8655922631349	281.9816634487485	0.0	148.97946293759156	353.50866922858177	0.0	158.95869486826118	424.81379023919135	0.0	171.17671187673722	434.3401647879158	0.0	174.65383052418326	437.5952901973735	0.0	154.7718145933826	438.3099925217282	0.0	110.55627702494283	279.9147682532655	0.0	108.72905998743924	351.17592561208	0.0	85.94027387230028	416.79797313687504	0.0	112.20085924933481	435.14778200303584	0.0	107.93325640782896	431.9400228820291	0.0	79.30731382452345	431.42112927666625	0.0	135.19200040048304	176.930126281574	0.0	144.53197944006448	137.5777519309064	0.0	150.6925429901514	160.6578579695582	0.0	151.58902043213064	198.28252503134294	0.0	154.09815021384563	249.75370317906217	0.0	176.26741574911978	248.72836741738928	0.0	106.47396758498368	190.73673296304088	0.0	95.89321315627056	236.94627936486307	0.0	133.33053850748917	238.63859563673407	0.0
61	1.0166666666666666	121.49429517186474	278.77169027466834	0.0	135.628796163769	282.5036765171916	0.0	148.7763752245395	353.5760080638925	0.0	159.11581148212318	424.8978044581754	0.0	170.98639989156604	434.2051199208186	0.0	174.80166682960922	437.7153513741991	0.0	154.77584183181892	438.58120752684886	0.0	109.41448277815374	280.2544087713419	0.0	107.81056025835936	351.22657232050574	0.0	85.52656485512259	416.9427207415958	0.0	112.21902729819924	435.1825389278117	0.0	107.92487565068105	432.09724784428676	0.0	78.9018055166744	432.0082002401235	0.0	134.13085055859648	177.491199620801	0.0	145.04047919958157	137.11620491591822	0.0	149.93179771566986	160.60982511676727	0.0	149.74660832128183	198.34597119159395	0.0	151.73824420632505	249.95628050359394	0.0	174.220606624928	251.31019737892294	0.0	107.17579088140184	190.59498160592656	0.0	95.83840249476225	236.65071583251213	0.0	133.5265289468097	239.18827674360168	0.0
62	1.0333333333333332	120.7504087181085	278.66124058370485	0.0	134.4524126862573	282.3340482192425	0.0	148.94788886185654	353.42922771248357	0.0	159.13146137476303	424.93745990630566	0.0	171.14901586524957	434.2449307914119	0.0	174.70278885218914	437.8800436976953	0.0	154.91753990401548	438.4042504715056	0.0	108.20414715657878	280.22388688013706	0.0	105.78016160852853	351.4066934188824	0.0	84.8807761613659	417.997433358726	0.0	112.3630923878744	435.3125306121791	0.0	108.67815330205278	432.3678145741414	0.0	78.37195911383608	433.4046068303378	0.0	132.95058076102973	177.88606632792965	0.0	144.98324697818893	136.91048743837183	0.0	149.37695236018493	160.73678258504938	0.0	148.03480300009454	198.45186349524855	0.0	148.56842864529673	250.1615952983397	0.0	172.39445472596725	253.5166215397327	0.0	107.507907307902	190.48675663495726	0.0	96.11071122654843	236.2952540826639	0.0	133.52304018220173	239.44761113984387	0.0
63	1.05	119.03485385957015	278.5494637531209	0.0	133.07893059996724	282.300846321562	0.0	148.70443758583323	353.60358531690713	0.0	159.20081175600507	425.10548343493656	0.0	171.04818681613136	434.2070044039872	0.0	174.48537188467944	438.06900515249146	0.0	155.00378900139188	438.44880793797796	0.0	106.45647646347913	280.20979302816863	0.0	103.90662830138483	351.89441382171555	0.0	84.19674490127981	419.60928214739914	0.0	112.49821688903552	435.3030259573159	0.0	108.93456907920424	432.41726121477825	0.0	78.12313149158598	434.32141564503956	0.0	131.64587165998677	178.48382053671986	0.0	144.74049192469099	137.2862398516442	0.0	148.83139810542627	161.1289834682665	0.0	145.6830708922331	198.66455021859642	0.0	144.70109178806226	250.3512567197311	0.0	169.89738178377482	256.26536647372444	0.0	108.1591862062794	190.46168702287736	0.0	96.54162275240961	235.89023131276286	0.0	134.01151760794394	241.72544997339446	0.0
64	1.0666666666666667	117.73590192758753	278.507969415776	0.0	131.36412004525042	282.075739047908	0.0	148.46537355382503	353.1476605779131	0.0	159.32647741889758	425.1895324026733	0.0	171.65305441183028	434.33448819166	0.0	174.52671271206287	438.4169017635064	0.0	154.98446559758347	438.4434616623444	0.0	105.15286479783418	279.9898825032887	0.0	102.17128726824683	352.39522873566625	0.0	83.89411146354338	420.4804927271367	0.0	112.65040812538146	435.2024015862388	0.0	109.12996473235592	432.41968674740747	0.0	77.99208839092546	435.0650261269426	0.0	130.84625316893516	178.59714840302252	0.0	144.39541119916518	137.72851804028346	0.0	148.52501740344653	161.86640817988206	0.0	143.40920071944842	198.86921173143332	0.0	141.4128005695918	250.49094853706532	0.0	167.00368867374175	258.5407882591134	0.0	108.59648259848029	190.25316591424505	0.0	98.05115656057188	236.3557902176563	0.0	138.7045810423636	246.00645657322565	0.0
65	1.0833333333333333	116.24704617648199	278.40295969263764	0.0	129.8134786836329	281.65247236855464	0.0	148.35940094526353	352.7124123314594	0.0	159.1566878091724	425.14884877186336	0.0	172.51384868378378	434.5437105849565	0.0	174.51877562525203	438.83046872056417	0.0	154.98319764306206	438.32033843308386	0.0	103.65523143273163	279.477985328519	0.0	100.59954202665008	352.60053635865495	0.0	83.38228201070467	421.00146833014605	0.0	112.69691894765535	435.0642846922434	0.0	109.13139183414089	432.4078540200701	0.0	77.93648785408321	435.257178284356	0.0	130.24081524434416	178.79520321673374	0.0	143.60950488155393	138.25020014640486	0.0	147.98053933241803	162.4402955762703	0.0	141.35789937775436	199.4410573359673	0.0	138.84172971424204	250.6174295495535	0.0	165.16909232075793	260.64009528754247	0.0	108.98213879165536	190.25552660480912	0.0	101.97741114998746	236.9109655781536	0.0	140.91112182330542	251.12773046794294	0.0
66	1.1	115.07938786884539	278.3197928075534	0.0	128.20368905874216	281.32761509341157	0.0	147.85334988937345	352.18709604121534	0.0	159.05648617817326	425.07801745997904	0.0	172.97970308744925	434.88242158434394	0.0	174.42023269691273	438.64749280338765	0.0	155.12721191978693	438.22843794034895	0.0	102.43973153789779	279.16225700973814	0.0	99.00182552299708	352.6703102027716	0.0	82.92256198786379	421.0976756381717	0.0	112.74202573352457	434.9339416372154	0.0	109.0782155994919	432.3315117503369	0.0	77.86334006455353	435.4594288277058	0.0	129.23705965033378	179.24011442814742	0.0	143.17756165079442	138.58927315445217	0.0	147.04154721685066	162.73638635056292	0.0	139.21111787850916	200.17170802783517	0.0	136.20195397544126	250.76551666081915	0.0	162.92756177781158	262.1926520287619	0.0	109.05507944049133	190.32583061668979	0.0	102.62109419430718	237.60073889505676	0.0	141.12600596924824	254.77343351408825	0.0
67	1.1166666666666667	113.39897351821372	278.24352450428415	0.0	126.46659342397061	281.0163412063947	0.0	147.23108914887433	351.72737260036195	0.0	159.08923017941177	425.00934549299876	0.0	173.37885444936774	435.3164672065501	0.0	174.2635314195767	438.5953166322245	0.0	155.38712864507357	438.1496275464342	0.0	100.4054715900199	278.8702230108147	0.0	97.30193618547172	352.7690829109665	0.0	82.70547495448979	421.201889416144	0.0	112.94176945646046	434.76029504100615	0.0	109.02240867834738	432.1955419182021	0.0	77.73649105802038	435.4870365166869	0.0	128.51357985547347	179.50122768838762	0.0	142.2060102309477	139.10580729731902	0.0	146.59475085703605	163.23884428926291	0.0	136.59681428516691	200.4764953105979	0.0	133.07674539666138	251.07084587675496	0.0	158.89475867384334	263.3588268976987	0.0	109.04059501667336	190.38885438090335	0.0	103.26485349636181	238.93322165551416	0.0	140.40673591524617	253.45948457090026	0.0
68	1.1333333333333333	111.09615609635607	278.0978134910452	0.0	123.65073760120951	280.43512170175256	0.0	146.75245274139908	351.2832237565566	0.0	158.93739044645454	424.7653123792567	0.0	173.82017204005422	435.44154390924353	0.0	174.01263017974622	438.54609631065136	0.0	155.28929657860212	437.9748323256389	0.0	98.94330257085727	278.532796249835	0.0	95.2813024493408	352.89144371644113	0.0	82.40197076086142	421.2973827180143	0.0	113.07939207857811	434.6993339231029	0.0	109.09389096274907	432.1624551838087	0.0	77.59612315149408	435.39574131944113	0.0	127.61069925801618	179.7187160912914	0.0	141.50804631499514	139.2399645213071	0.0	145.88871306297017	163.30267081037735	0.0	134.58394199371878	200.72503875722165	0.0	130.55699664051622	251.01893258892306	0.0	156.3235198473122	264.5676914013319	0.0	109.15822279026425	190.3446124272637	0.0	103.15568131003639	239.61479591136703	0.0	138.61725995420946	259.4413931018512	0.0
69	1.15	109.85505639706369	278.0018767651825	0.0	121.89447332966802	280.2415907552814	0.0	146.45153894720806	350.8330964201213	0.0	158.66347026163675	424.69345750007926	0.0	174.7608491686123	435.2946062557565	0.0	173.8640117937976	438.39322219972547	0.0	155.0967877193252	437.10234927906725	0.0	97.75766975077548	278.25704791195164	0.0	92.79870884209646	353.0459692627287	0.0	82.25290477403905	421.51682477543056	0.0	113.27743116584683	434.7229127383687	0.0	109.24212926930085	432.2083194498046	0.0	77.75308559709296	435.11270656023294	0.0	126.84544961616355	179.8546374818107	0.0	140.47536540760115	139.88685561250975	0.0	145.88855129170827	163.92478161978266	0.0	132.38761406323667	200.88244482606004	0.0	127.42871253236999	251.131340922439	0.0	154.93384487407826	266.15036298949224	0.0	108.54367209425345	190.44060656025704	0.0	101.57495921585173	240.09846473006118	0.0	137.01510327135165	260.732268654499	0.0
70	1.1666666666666667	108.66306318544288	277.89727411487064	0.0	120.24718316021887	280.1789780866554	0.0	145.85911016834257	350.81385159798367	0.0	158.048519479954	424.25325807802597	0.0	175.0412431207173	434.94543658753105	0.0	173.8203269714059	438.21299643961527	0.0	153.79325205130698	436.2773554612102	0.0	96.52152832215558	278.19938108025974	0.0	91.55457919438233	353.0327625500779	0.0	82.06305131436937	421.3935620841439	0.0	113.22355505844145	434.6941511634933	0.0	109.02564609408589	432.190905325921	0.0	77.65975311152184	434.75676210915736	0.0	125.72264068322065	179.82679199273213	0.0	139.97017676660235	140.35959830057158	0.0	145.69296812351365	164.39056875220527	0.0	130.26285852854951	200.8277109880803	0.0	125.19445876374411	251.39039862422828	0.0	152.76877773524544	267.6330202928224	0.0	107.69217092358258	190.4812433895039	0.0	100.53538403274396	240.82288636669279	0.0	137.5372286565701	261.5517650445263	0.0
71	1.1833333333333333	107.08275973846102	277.8197747138623	0.0	118.64199878821364	280.29455616834616	0.0	145.1371341777354	350.12533051339614	0.0	156.83956991218574	423.7462493287204	0.0	175.4589010557927	434.6789259488912	0.0	173.6670351752245	437.86143777559397	0.0	151.91627053467838	435.7031414130008	0.0	94.97162925373138	278.4416690879938	0.0	90.47425829341373	353.0220560681951	0.0	81.79336283701238	421.16194370614755	0.0	113.03522729448918	434.72905440129955	0.0	108.98197048400887	432.2409095922966	0.0	77.49995602724914	434.6967483456614	0.0	124.5211068458875	180.1395903460534	0.0	140.05029885634426	140.64940977245067	0.0	145.04677542393426	164.73142623313413	0.0	128.5357994414132	200.61505811974172	0.0	122.08785350154936	251.51340720074862	0.0	149.6426396929516	269.68101031356866	0.0	107.36215917895095	190.58076227274165	0.0	99.65963163758741	241.2035450209815	0.0	136.9850352830603	260.49418342825044	0.0
72	1.2	105.92476470712364	277.69081078841054	0.0	117.85472237720762	280.2406491107714	0.0	144.36810784723403	348.8156933407591	0.0	155.48483139462593	422.77023871133565	0.0	175.6089494675114	433.47817458498366	0.0	173.49938580933366	437.0460893318036	0.0	150.4279769027725	434.9499394411803	0.0	94.01319055080506	278.5861952164173	0.0	89.77960146866502	352.7870912152741	0.0	81.84002174399424	421.12008465912766	0.0	112.58895498718854	434.788516854485	0.0	108.65178141791878	432.2972153608666	0.0	77.21907343779606	434.6405038986869	0.0	123.38264837289776	180.22737141264975	0.0	140.06384565187736	140.71418703970852	0.0	144.26058668391107	165.13587143603158	0.0	126.8287944438074	200.4114803010641	0.0	119.88137011635405	251.6137260042046	0.0	147.88108582915635	271.7645374765607	0.0	106.75962154941469	190.63485601343498	0.0	98.60100193438298	240.465215087425	0.0	135.83491250495533	259.78708448674575	0.0
73	1.2166666666666666	105.1609677370196	277.60596206337635	0.0	116.65657026306256	280.3162558154263	0.0	143.21897742833707	348.0987041621044	0.0	153.7348062998567	421.96756670199386	0.0	176.5040626276348	432.2156120941817	0.0	173.71689322678446	435.5896761628827	0.0	148.24762800065238	433.84708335785945	0.0	93.85032486685124	278.7094344743363	0.0	89.23643712701309	352.849202679786	0.0	81.68149727656937	421.1171423219621	0.0	112.56768702794551	435.0585580287104	0.0	108.67387722604954	432.4810629557743	0.0	77.31861564977899	434.6254431832666	0.0	122.70888898609729	180.19538341172526	0.0	139.4696953294744	141.12228694888378	0.0	143.31381036477217	165.88884849283158	0.0	125.17319163420379	200.28922642939466	0.0	118.11105390486789	251.55333265125938	0.0	147.08137763861407	273.24085787077934	0.0	106.31698891422346	190.51765712792866	0.0	98.55778062223828	240.28393073039064	0.0	135.7774769678382	260.20709657106255	0.0
74	1.2333333333333334	104.18758008677295	277.57609064000883	0.0	115.11708588107828	280.2374237492294	0.0	142.13216626977132	347.1976413967707	0.0	151.60390828426765	421.09029864036563	0.0	177.26683110386418	430.0053730513607	0.0	174.00638764694216	434.19880823427235	0.0	146.08235671247604	433.01989988832435	0.0	92.92135894635874	278.6081396827115	0.0	89.05277771988611	352.9899226217142	0.0	81.52160791764283	421.1692853310815	0.0	112.24465879646996	435.5377294610015	0.0	108.55520171841354	432.6335283068895	0.0	77.3083726794173	434.69880395711925	0.0	122.40109366720142	180.28858200939493	0.0	139.74614866545363	141.54796659242092	0.0	143.1948709263555	166.19139204223904	0.0	124.03541240163669	200.11746096595715	0.0	115.54841796846709	251.21180995734983	0.0	145.83591501539692	274.4429768865848	0.0	105.84291988926805	190.53863944020844	0.0	98.30150865292617	240.31954446445482	0.0	135.94631287109243	261.0308721615721	0.0
75	1.25	103.45460172470341	277.5843015871799	0.0	113.44818749367677	279.64986792697687	0.0	141.33339740686708	346.9482493147684	0.0	149.38511214928408	420.10577769364033	0.0	177.6160683275818	429.1376371628821	0.0	174.09614131406977	433.79071545924876	0.0	143.912735597384	432.5565665485583	0.0	92.47059431845624	278.1278568175109	0.0	88.75352449159107	353.00041697799793	0.0	81.33225707723949	421.1428524300263	0.0	111.3661980626388	436.2317651737516	0.0	108.09320193869902	432.92864025445465	0.0	77.21516612596224	434.76549053870724	0.0	121.33119967272937	180.44168912680635	0.0	139.79210667486257	141.48716520785604	0.0	142.22322683944034	166.47161473926855	0.0	122.43228463983979	200.0489614375427	0.0	112.44877373217946	250.67851307329022	0.0	141.8474449857034	274.3870863528284	0.0	105.51613601578282	190.62724633870397	0.0	97.41874230871628	239.2541401744486	0.0	134.0581106861957	260.9542892764156	0.0
76	1.2666666666666666	102.75761894485181	277.5817765027761	0.0	112.1757994985749	279.60295453624406	0.0	140.1866060063698	346.97522843186437	0.0	147.62882220621265	419.9494324253517	0.0	177.92776745440375	428.7151292181711	0.0	174.2886795414636	433.3796577731414	0.0	142.63515357393717	432.56303464667474	0.0	92.3449611005679	278.11934402603583	0.0	88.52140598801304	353.1615294181657	0.0	81.38972202389962	421.23630738206737	0.0	110.93154783256749	436.38818766123984	0.0	107.88546367229819	433.1055588392304	0.0	77.23459716709739	434.73536384926945	0.0	120.58562592453572	180.33681744652836	0.0	139.7451571298554	141.50874386786302	0.0	141.5759425383486	166.8483722013333	0.0	121.61028767597551	199.86526267036646	0.0	110.65741486023984	249.83015855185366	0.0	139.10744222415096	274.8968963111302	0.0	105.01982625750958	190.7079773812558	0.0	95.9476716505088	237.61368379470116	0.0	132.5871293817036	261.7641585905673	0.0
77	1.2833333333333332	102.21083685977105	277.5590361100353	0.0	110.7251667876241	279.5601535210172	0.0	139.17885870601972	346.56029425242	0.0	146.11021411690155	419.31967880387265	0.0	178.2852521806081	428.25016763413794	0.0	174.3421336823043	433.19348055334933	0.0	141.628419713186	432.4215014984177	0.0	92.30542760527514	278.1372318821558	0.0	88.58294285213518	353.24639395002094	0.0	81.39423877037635	421.1927606188991	0.0	110.78905762936205	436.56067454610843	0.0	107.45659008871371	433.0952559881865	0.0	76.99163511136945	434.6326928064701	0.0	120.00625700398743	180.12889057298253	0.0	140.00263954942415	141.8820629742919	0.0	141.30759507182466	167.22410797035928	0.0	120.2228870244901	199.75952345895297	0.0	108.745865918852	249.50961649726773	0.0	137.12348009487832	275.929523959642	0.0	105.25656569908031	190.63868953358204	0.0	94.5591252399852	236.36873167570212	0.0	131.21027625193136	262.65596127376386	0.0
78	1.3	101.26013356845408	277.5426970173783	0.0	109.23018046772538	279.5541029178807	0.0	138.06671247919672	346.1129662726391	0.0	144.56203014856104	419.015619018655	0.0	177.85439624769973	428.18155447339973	0.0	174.07127453034929	433.21793385616877	0.0	140.58741318651906	432.29070744385695	0.0	92.17212993799566	278.3450234759474	0.0	88.37431467076306	353.42756085865904	0.0	81.34253761564216	421.1505900906153	0.0	110.62096514748399	436.64301586210405	0.0	106.97105106393434	433.06041787785387	0.0	76.85691787394629	434.5444147016122	0.0	119.34829160579417	180.05612795771827	0.0	139.97099851552665	142.14623421244778	0.0	140.8883295789099	167.34514129719798	0.0	119.12328007450222	199.4180753615849	0.0	107.18654065055188	248.440241748429	0.0	135.55396131399334	276.988369797744	0.0	105.28638818835262	190.57204722000716	0.0	93.67151340047637	235.20653992559656	0.0	130.80752622293812	263.2325327870208	0.0
79	1.3166666666666667	100.54157660502761	277.5216890447721	0.0	108.04497497305262	279.5970884037228	0.0	136.0312733883218	345.71521354382196	0.0	142.90440296556605	418.7272540765638	0.0	176.90657436112198	428.24622649314546	0.0	173.21229594503353	433.5388754802166	0.0	139.3999673608959	431.9843711239785	0.0	91.83460826125553	278.43123193967574	0.0	88.25796648292093	353.44535175326416	0.0	81.239287683978	421.09102247238025	0.0	110.24679686683263	436.7743865023271	0.0	106.72614088962436	432.99593752497395	0.0	76.66595044110971	434.42322932466146	0.0	118.7535614048872	179.9855504994628	0.0	139.51201338602792	142.05151177698372	0.0	140.72348342395367	167.45704963475788	0.0	117.59507354517098	198.93770835594083	0.0	105.54189218601165	247.90569736176582	0.0	133.84774235791343	277.5859318181459	0.0	105.19174536649012	190.43863848468877	0.0	94.70828254454582	235.5285733348656	0.0	131.08068472575337	264.06489495095127	0.0
80	1.3333333333333333	99.65823968869073	277.5094722278231	0.0	106.72501338695551	279.9036412750114	0.0	134.21743531226423	345.89028131374846	0.0	141.12874971598856	418.7467645114698	0.0	175.9065233938517	428.84785517770666	0.0	171.7547271584757	433.91890656163946	0.0	137.66559681318756	431.75081203124216	0.0	91.80560409065207	278.5225416188444	0.0	88.16551128666222	353.4122407440908	0.0	81.09195583760695	421.03919183557366	0.0	110.10067077052882	436.5844980638813	0.0	106.59181527362819	432.9347166751958	0.0	76.43048152125823	434.2686410461472	0.0	118.561708860052	179.858942152651	0.0	139.00582817890162	142.20266609828377	0.0	140.5145562519246	167.38882385052293	0.0	116.68780314443873	198.65539798922805	0.0	103.83241259757555	246.96883029897143	0.0	131.53311795961972	278.01033494027115	0.0	104.94906162259196	189.95532884089886	0.0	92.53419168850839	235.02448749959393	0.0	130.3010496631197	264.36042665540316	0.0
81	1.35	98.60583127569734	277.60820025926836	0.0	105.28929808681394	279.8270535504409	0.0	132.70805135678717	345.9219350220405	0.0	139.63618141251362	419.23045335731683	0.0	174.70745970043632	429.28269423805045	0.0	170.20496116026928	434.55669368002145	0.0	136.1668459827907	431.4730423656474	0.0	91.37980084453008	278.42223197957617	0.0	88.34117501410825	353.40705490089374	0.0	81.01429930750676	421.0643794619377	0.0	109.72422944343259	436.1528856259316	0.0	106.25596673718947	432.9505330886526	0.0	76.28670054785071	434.1137940251709	0.0	118.2469233187057	179.81748932695973	0.0	139.41185842713645	142.10758331265416	0.0	140.25431384564075	167.46216619127404	0.0	115.22488206772205	198.59681799785923	0.0	102.71135836707236	246.46694512995833	0.0	129.1346134900068	278.309294224267	0.0	104.49613329133837	190.0693407717308	0.0	94.36979142361905	235.79093471198283	0.0	130.1615278456067	266.18698537900036	0.0
82	1.3666666666666667	97.989980445098	277.6849431951591	0.0	104.6821002325447	279.9251913115327	0.0	131.72015485191218	346.232784734383	0.0	138.59728303736222	419.14799565760256	0.0	173.27860714934647	429.37039149605584	0.0	169.0432449583806	434.7795428853562	0.0	135.12340428030384	431.3786874065961	0.0	91.10255126311816	278.50819880934444	0.0	88.30781132352935	353.46715120856385	0.0	81.05565811459631	421.0815363373575	0.0	109.5189398546687	435.9750339544076	0.0	106.10018597111888	432.9686055130157	0.0	76.1433854362079	434.05880631640474	0.0	118.10636584398053	179.81856944399465	0.0	139.34481206397442	142.32069770474226	0.0	140.27339322030545	167.36637309451567	0.0	114.26418162160174	198.55839426962675	0.0	101.65043019679824	246.43360075471588	0.0	127.99485258346648	278.6488726667574	0.0	104.46667678546297	190.15766604849193	0.0	94.50143310470673	236.3838659425199	0.0	129.62878135420814	268.22489462373227	0.0
83	1.3833333333333333	97.51143464249627	277.8552229454501	0.0	103.61299373924079	280.762037979179	0.0	130.70856932183634	346.57049598189474	0.0	137.16103214231768	418.69685162733407	0.0	171.76840731282223	429.65905964440856	0.0	167.55625235419845	435.18281673907666	0.0	133.63120908792496	431.63041014392326	0.0	91.26802521448651	279.42839079893776	0.0	87.97448489559036	353.69200876427897	0.0	81.08105267740476	421.101275907556	0.0	109.51275984215866	435.9078855169565	0.0	106.11436255946549	432.98969320411226	0.0	76.10259531942097	434.11037990749594	0.0	118.54124438660986	179.85486374507644	0.0	138.01009205721095	142.88188287407084	0.0	140.39137712794812	167.3414708295945	0.0	113.28802091577305	198.4823594395276	0.0	99.88976345276281	246.45792888151067	0.0	126.31877013011675	278.7543310842172	0.0	104.75992489285845	190.32484119360734	0.0	95.16159997827512	237.27837540005368	0.0	129.89014376523295	269.0558145856786	0.0
84	1.4	97.10596825646803	278.2547930787823	0.0	103.86817455898117	284.2176315302509	0.0	129.42748407575323	347.52503221986564	0.0	135.8451524849094	419.43628807944543	0.0	170.77683883656923	430.148596031241	0.0	165.8295773289283	435.7537011301548	0.0	131.89743174404987	432.11314691612574	0.0	92.34461919463708	282.759302366797	0.0	87.72344507701987	353.9906528557246	0.0	81.16007373015618	421.13744780622835	0.0	109.55557302052529	435.9857398815941	0.0	106.19377138706051	433.0008390242293	0.0	76.11533271996097	434.1635708291054	0.0	119.65681336728181	179.937213882522	0.0	132.759220320834	143.34281269196327	0.0	140.6962167346828	167.31460899783207	0.0	112.42575504512855	198.652087509456	0.0	99.31446397253711	246.63808237528048	0.0	124.34868326859078	278.6685492559402	0.0	104.71986398184814	190.99546367503612	0.0	99.75418917567055	240.74841482723903	0.0	130.19506263331022	269.3699440496679	0.0
85	1.4166666666666667	96.83790403900151	278.5285513227098	0.0	103.0621467426442	284.4674007822517	0.0	128.2094494395203	348.44815059776363	0.0	134.70351549606548	419.61214280131816	0.0	169.92644083434595	430.31771922751227	0.0	164.91862199253416	435.9968194522529	0.0	130.7379716326065	432.58037439290644	0.0	92.2604220862079	282.91792821475445	0.0	87.5260013359275	354.086678154648	0.0	81.07350202278045	421.1576685651152	0.0	109.34570285724797	436.07140770041076	0.0	106.09272775501456	432.92811404301506	0.0	75.95362282369132	434.23705882300976	0.0	119.39777641365085	179.98671422037364	0.0	132.80901051421057	143.55827649820145	0.0	140.60789755695913	167.3809090969997	0.0	111.30235241174935	198.84843220977996	0.0	98.04761042293387	246.71358458788853	0.0	123.36453932985481	279.08111988933183	0.0	105.28584427891084	191.37385348591982	0.0	103.42503311413616	241.2303794122354	0.0	130.01988786710092	269.89489967028385	0.0
86	1.4333333333333333	96.62205695899613	278.7963946686336	0.0	102.00609863343308	283.6733158540929	0.0	127.35695472777462	348.569383775019	0.0	134.2575134638188	419.5783045464893	0.0	168.79582369349419	430.3847545618378	0.0	163.86758829046323	435.9772873856067	0.0	130.3577305688332	432.85461470975395	0.0	91.75743135741111	282.0616244403583	0.0	87.62596882016044	354.1221873891693	0.0	81.13876926048022	421.0291588972233	0.0	109.24345221592188	436.0862014824462	0.0	105.94697993676229	432.94952977892876	0.0	75.77356323298743	434.3299599387005	0.0	119.00732496564896	180.0168980360503	0.0	134.60093864706687	143.48220667165708	0.0	140.45606139918482	167.57770758471284	0.0	110.83979604316943	198.9195203828061	0.0	97.17777928748818	246.34230673186033	0.0	122.81761797454583	279.4390935338575	0.0	106.22003783506307	191.79765122410757	0.0	100.79482620679391	240.79506959658426	0.0	129.557747287424	270.796249967877	0.0
87	1.45	96.54048335302232	279.0057564409934	0.0	100.82482109691907	283.3266509472355	0.0	126.35916764764579	349.12189290982644	0.0	133.39471863876224	419.5801938130846	0.0	168.29465749302983	430.4325265539415	0.0	163.74396787939736	435.98145078319453	0.0	129.87978555630684	433.10411743829377	0.0	91.5964586968407	281.7658685341851	0.0	87.58520488305471	354.2806248838517	0.0	81.1120859441143	421.0443114941978	0.0	109.31111329150313	436.20668995434573	0.0	106.07487988965406	432.9681268084064	0.0	75.68495249624075	434.62055140386553	0.0	118.61584680192783	180.15215918407716	0.0	135.27930266523924	143.367834674723	0.0	140.4561069114374	167.7130318604066	0.0	109.9052676189791	199.00590009481562	0.0	96.6754031171775	246.40394317699736	0.0	122.3572103042551	280.3229607582215	0.0	109.95266117250385	192.5807370033346	0.0	103.21521993353363	240.87686996507625	0.0	129.37644825666146	271.02105577098774	0.0
88	1.4666666666666666	96.48657592744345	279.21548502609903	0.0	100.59916566968178	283.3660710444376	0.0	125.35678011020781	349.75161281497617	0.0	132.91032080943685	419.6616539955356	0.0	167.86605871306023	430.494014790399	0.0	163.34631021218792	436.02238166699544	0.0	129.41127032763043	433.37822140660927	0.0	91.54095332298189	281.8055782648827	0.0	87.5877927063963	354.5153472155107	0.0	81.11268352312678	421.1149166343225	0.0	109.2340444356839	436.1608966694132	0.0	106.17439371113275	433.01577411148276	0.0	75.73431062071613	434.86664602884906	0.0	118.59436610318511	180.26124534322327	0.0	135.35437977399002	143.33560848491385	0.0	140.53622296914114	167.7599545864693	0.0	109.30456785698907	199.05856440026193	0.0	96.39087536119095	246.37583265471085	0.0	121.91464045927567	280.53370633888653	0.0	112.0893580692616	193.26310406710257	0.0	104.47092187895065	240.73295257142084	0.0	129.00071642609657	271.48909494141293	0.0
89	1.4833333333333334	96.27124198439671	279.4655644048654	0.0	100.61344313512001	283.67603027430476	0.0	124.37623176886032	350.3814516619235	0.0	132.56574893412912	419.791461685581	0.0	167.60899352484748	430.53181091197155	0.0	163.03493464005078	436.03858367433435	0.0	129.00731147680702	433.58631756166596	0.0	91.38355468940617	282.2988357669175	0.0	87.65787746501817	354.4426939205737	0.0	81.1608021781429	421.30045498102834	0.0	109.3466814708469	436.1853836258426	0.0	106.27996446649036	433.0558573826794	0.0	76.016886646827	434.99397201241277	0.0	118.80090621837118	180.39815228736546	0.0	134.7705778212878	143.34056928094293	0.0	140.80719369739325	167.79619573195617	0.0	108.56600418815478	199.1054428612594	0.0	96.12332652650915	246.55017395588527	0.0	121.52217467494773	281.31119721258233	0.0	116.03446185007266	194.11573274887976	0.0	105.71608533344659	240.83565276182657	0.0	128.66947245874314	271.8736491601575	0.0
90	1.5	96.49423959631261	279.5604925505045	0.0	100.56385532396976	284.8064549267129	0.0	123.12022118641208	351.0236784684344	0.0	132.35641584761947	419.7294523111586	0.0	167.76337291941786	430.5131550445234	0.0	162.9227779186828	435.9946844634811	0.0	128.49820262498935	433.7757609234634	0.0	92.13923692871082	283.17943170245513	0.0	87.6369048936604	354.54732891550793	0.0	81.15901918914142	421.2045962601003	0.0	109.25223313911737	436.3185502387935	0.0	106.26437948509226	433.0646884140375	0.0	76.03311906536335	435.0055689424996	0.0	119.34046361417722	180.3335172043376	0.0	133.58767571840042	143.40558598232116	0.0	140.73689689082954	167.86342501109624	0.0	108.2434788399854	199.15695847489894	0.0	95.98048016673948	246.35348069126377	0.0	120.96952865752482	280.9692686705755	0.0	118.33498019287237	194.55358495218312	0.0	107.6964079027709	240.62177493916448	0.0	128.5257296652845	271.515041984818	0.0
91	1.5166666666666666	96.41656481816563	279.44425364419743	0.0	99.89108047100605	283.2126617835817	0.0	121.67044329240673	351.0490209123378	0.0	131.73654313108182	419.68363763166354	0.0	167.28972546768364	430.3879889139314	0.0	162.76177095038366	435.8359253077689	0.0	128.22952353334745	433.68301791982196	0.0	91.98590562614608	281.46213733950754	0.0	87.84636263854264	354.3883136980808	0.0	81.29024141720835	421.1602075643801	0.0	108.95124519653643	436.1566066305339	0.0	106.10818965227371	433.03289465119457	0.0	75.95469747558126	434.8626436925682	0.0	118.9127570380477	180.42040511720825	0.0	135.5827883016325	143.23322328747756	0.0	140.7614456554163	167.76284621583167	0.0	107.63579793971674	199.0415098832314	0.0	95.76122393149336	246.32064142355952	0.0	120.399806733746	281.39423780608246	0.0	118.50463579657784	194.84384501675737	0.0	107.09539550471547	240.52674034592087	0.0	128.3843059311445	272.01010314740256	0.0
92	1.5333333333333332	96.28907024919155	279.38238515563165	0.0	99.50475003596229	282.1557020688434	0.0	120.64261651805506	351.37833815780664	0.0	131.08581986734515	419.62980228507627	0.0	166.95315566028103	430.2794197055492	0.0	162.5509633636306	435.75720899067153	0.0	127.61895809864176	433.61354669304865	0.0	91.82921277762199	280.8508062830963	0.0	87.79785097972636	354.29238291411934	0.0	81.25041375340902	421.0324647919045	0.0	108.65625783188261	435.8339358169339	0.0	105.76312700493776	432.81831452144183	0.0	75.80820946541023	434.91728673509067	0.0	118.43880566715006	180.62376407794073	0.0	136.29771562292402	143.0608641241965	0.0	140.66590507995576	167.73279873272	0.0	107.24688324515479	199.03356440511504	0.0	95.24263256198526	246.1697867508217	0.0	120.17609655931642	281.33920379959307	0.0	119.25970244248818	195.23708789229937	0.0	107.77998958419508	240.41012203683533	0.0	128.24717400896824	272.7162194486452	0.0
93	1.55	96.46220409651514	279.375780484451	0.0	100.22436841154286	281.76055145201417	0.0	119.81813006890188	351.7653026728895	0.0	130.63843831448656	419.62710484028594	0.0	166.24376922198687	430.3063055731408	0.0	162.22017169834896	435.77907413255286	0.0	127.19860373425276	433.59412983594893	0.0	91.95607439744943	280.1173369398002	0.0	87.98382105276632	354.2957777020688	0.0	81.16743204774838	420.6429875987497	0.0	108.23174890732544	435.4940538486172	0.0	105.23965244490195	432.5181273949366	0.0	75.68230930695941	434.83769443095053	0.0	118.57789244846818	180.58238139883346	0.0	136.25162603307172	142.90973587282082	0.0	140.55753676114583	167.83326207273973	0.0	106.98037899804783	199.0510043850524	0.0	95.09597107520915	246.23754327809127	0.0	120.00794910593338	281.5863780522425	0.0	120.11353803707331	195.6293307520229	0.0	109.20605082839877	240.3237573186223	0.0	128.4541722944227	272.69359742616183	0.0
94	1.5666666666666667	96.36256960206111	279.4327304801042	0.0	99.77657115394025	282.0228910331038	0.0	119.06940274923151	352.095230363224	0.0	129.6876955835773	419.9671184547823	0.0	165.41900173008025	430.38729459202864	0.0	161.40213254201313	435.82788548588394	0.0	126.21040736661269	433.789928444874	0.0	91.89696651753783	280.05172258125975	0.0	88.13745257007733	354.30524257157754	0.0	81.2062883634027	420.43987235053453	0.0	108.24141639896347	435.2850275043007	0.0	104.91869458061828	432.29621032037585	0.0	75.71935489477312	434.74602034332315	0.0	119.04890672015611	180.68978505047997	0.0	136.45861871980537	142.9655013790972	0.0	140.66628413755325	167.88170025616057	0.0	106.88519893094072	198.9799271560247	0.0	95.27028222788338	246.30054984291056	0.0	120.11792639282332	281.5691157289952	0.0	121.22159559026151	195.61454348368937	0.0	112.08363754842128	240.3109420628648	0.0	128.90742052592674	273.0357826050091	0.0
95	1.5833333333333333	96.96781644816195	279.5979092001552	0.0	99.7205702393843	283.112562878464	0.0	118.42909402453913	352.52284700812163	0.0	128.78109988042513	420.59577081674325	0.0	164.8069347450548	430.89016243879297	0.0	160.51306955056793	436.1173804974628	0.0	124.96492268525316	434.14664414464386	0.0	92.70767756021534	282.2474648488185	0.0	88.1291216136766	354.31019183384956	0.0	81.18402529020912	420.57277200490273	0.0	108.40467126598958	435.221040728845	0.0	105.03046359879602	432.17889245453597	0.0	75.64954743885819	434.64587762045613	0.0	119.57240280617017	180.4613731294345	0.0	135.25281707436244	142.9796369591719	0.0	141.07320080967767	167.88532012501238	0.0	106.52635976251078	198.9437463433964	0.0	95.5723550708264	246.41683605180782	0.0	119.97838311218815	281.167285097054	0.0	122.04032885407246	195.50811034244762	0.0	113.27565536742468	240.37550129343742	0.0	129.1718219683799	272.7162024784743	0.0
96	1.6	97.59006184372666	279.7571351776808	0.0	100.30425689410197	284.34798991103617	0.0	117.83335540940931	353.14947727719624	0.0	128.42734204789014	420.99271044615904	0.0	164.56329724534783	431.6046807840701	0.0	159.3523149274799	436.761498795419	0.0	124.39187377494338	434.4666768643723	0.0	95.19049648543316	283.32278970444463	0.0	88.29895739257495	354.30743617133396	0.0	81.29956566405707	420.7502831967535	0.0	108.38778549009103	435.3726610169802	0.0	105.19333814700589	432.1591044353205	0.0	75.54545022038985	434.41457545290916	0.0	120.23773503936181	180.09961329079957	0.0	133.10954755113053	143.18907712124954	0.0	141.70778657871418	167.74716645945284	0.0	106.39571063434543	198.90749033742435	0.0	95.80134097588424	246.33258455304173	0.0	119.85232227321947	280.3682332426989	0.0	122.63409416723592	195.49715411824823	0.0	112.90071933935768	240.56736529098453	0.0	128.99057544905108	272.6693359805109	0.0
97	1.6166666666666667	97.78192604766235	280.06286451385904	0.0	100.45737711355972	284.57424779824817	0.0	117.39416297612289	353.1453914226976	0.0	128.42436561087732	421.24551353346465	0.0	164.28288762533813	432.3253657235846	0.0	159.25611708506705	437.6839060119213	0.0	124.33682195167813	434.7167692917933	0.0	95.39942327792768	283.5789925917844	0.0	88.37966552738938	354.2080536802811	0.0	81.35230780989373	420.7440123761133	0.0	108.40447013792993	435.2846958851214	0.0	105.06609547267172	432.19375186033284	0.0	75.52663636450214	434.35717988466627	0.0	120.28986422333078	180.07773843125858	0.0	133.29566814489073	143.12805919027488	0.0	141.76738753698703	167.79783907071047	0.0	106.38259223395742	198.88332268713404	0.0	95.5136237723943	246.33209587434703	0.0	119.875004869799	280.19734462282236	0.0	122.27288505580445	195.57517309162372	0.0	112.87667073413967	240.63045149433174	0.0	129.3141328195911	273.0274694990349	0.0
98	1.6333333333333333	97.90084258231919	280.3177370231683	0.0	100.81896412620023	284.7282089039963	0.0	117.39240486197639	353.6406070091123	0.0	128.5751116209401	421.4860681455483	0.0	164.26631372034566	432.7794467898411	0.0	159.25601826131265	437.97093451489786	0.0	124.87734156528239	434.94631961231414	0.0	95.78520085755183	283.7184479673094	0.0	88.58722387529713	354.275421565286	0.0	81.38696800669914	420.6951190367098	0.0	108.4011721595704	435.2310738194911	0.0	104.96579668167426	432.19326322828255	0.0	75.71687331943397	434.4826593900064	0.0	120.29855957870545	180.23253248344406	0.0	133.52010906982815	143.1468223011446	0.0	141.86447846570783	167.77893991157688	0.0	106.39817247468193	198.86711825953864	0.0	95.80459464701411	246.40777269495766	0.0	120.37065389309522	280.0426274968706	0.0	121.8605193562303	195.73410089350398	0.0	110.23594481017962	240.54543258691254	0.0	129.40360332887064	272.247030827836	0.0
99	1.65	98.16221786280101	280.31053943942175	0.0	100.8358309559756	284.0841542025	0.0	117.35336585005436	353.54950439653874	0.0	128.86927052745241	421.45668268445166	0.0	164.22799242336563	432.9307908767705	0.0	159.20052411444408	438.2533052863764	0.0	125.16637270936424	434.94747334282977	0.0	95.4931645855503	283.02372834775434	0.0	88.98241620611074	354.3937308198133	0.0	81.37771758781014	420.56757491562706	0.0	108.34541088790971	435.31036774014734	0.0	104.87623977033165	432.28399921174343	0.0	75.52131550222937	434.6232695704117	0.0	120.13300473416803	180.51466373478948	0.0	134.56144258879806	143.01120710868477	0.0	142.1159490286404	167.78690332468526	0.0	106.34919747220755	198.93941107588472	0.0	95.40346420096414	246.6120717573151	0.0	121.17680948022269	279.78669848117426	0.0	121.44101992408994	195.80067737475048	0.0	111.2821788553068	240.35713647930388	0.0	130.21171013496215	272.55803433351525	0.0
100	1.6666666666666667	98.86658522257784	280.60634170297664	0.0	100.90869141928201	283.98815658491674	0.0	117.83235744329988	353.56949656639034	0.0	129.02775755833218	421.5278619765252	0.0	164.2412923569936	433.0624275735047	0.0	159.16506073560373	438.3790268628966	0.0	125.20267083210697	435.03940275898526	0.0	95.87278184324913	282.95896393340956	0.0	89.20264449759712	354.47922328105346	0.0	81.3785999821164	420.5735517948143	0.0	108.3341654542385	435.3872888205214	0.0	104.88265670703314	432.3450220572462	0.0	75.47076758706237	434.7512731433338	0.0	120.26890102911798	180.73085425842913	0.0	134.9498340967558	142.85725390709814	0.0	142.26595115142368	167.73732563680102	0.0	106.42228540391034	199.1055451572342	0.0	95.35415465324728	246.92107515454185	0.0	122.07355920065822	279.47208609736225	0.0	121.8610627467931	195.8274176027153	0.0	112.93969864625176	240.15168732526007	0.0	130.36448770377515	272.2821261154771	0.0
101	1.6833333333333333	99.67986865776084	280.7044767350029	0.0	101.30430303843187	284.3840549773616	0.0	118.8414119008634	353.54814767753703	0.0	129.23876740092769	421.7697904577085	0.0	164.32295007153635	433.277056163084	0.0	159.11161757129636	438.4428698037037	0.0	125.13007591836009	435.3001274171412	0.0	97.14519763770652	283.4097877264684	0.0	89.39905611593537	354.4762348289708	0.0	81.41583085334115	420.9575344618064	0.0	108.3964744123676	435.55998054301483	0.0	105.13206165559865	432.397372582057	0.0	75.68310362482173	434.8362874671283	0.0	120.6091209519753	180.78503448073195	0.0	134.94938183993568	142.83709333875106	0.0	142.6327008087031	167.8485408684505	0.0	106.77350600913657	199.24211668722245	0.0	95.40487704350817	247.0729530371978	0.0	123.01697239557429	278.4424037563405	0.0	122.72094509111572	195.79697771365386	0.0	113.75392758573062	239.97655015673826	0.0	131.9368745539232	271.2311516187891	0.0
102	1.7	100.34730511574332	280.6606340203612	0.0	101.47532091677715	283.91214212584794	0.0	119.80538919775165	353.1778509557894	0.0	129.41727446830012	421.57986587386597	0.0	164.3521814543352	433.18298789465626	0.0	159.40770052375095	438.45422434470305	0.0	125.37623168105823	435.28836946570607	0.0	97.11368099404025	282.9667167073975	0.0	89.80216303604797	354.5505102030448	0.0	81.43926038013034	420.985555234209	0.0	108.41977375322722	435.5691920116289	0.0	105.03153153682197	432.4292526222307	0.0	75.59136282860987	434.7074672393675	0.0	120.51738216920454	181.1277561435133	0.0	136.28213407342346	142.63812880050926	0.0	142.52567717865128	167.880094742148	0.0	106.59772837064602	199.29166102431014	0.0	95.03671992339653	246.89248420334576	0.0	124.50132203376344	276.7151351523167	0.0	122.47628984877252	195.7271070333334	0.0	113.37669198772416	239.21144739439532	0.0	132.39192689080204	270.9675372977132	0.0
103	1.7166666666666666	101.202272248447	280.33613580211613	0.0	101.88184928945049	283.50423674876834	0.0	120.96251590721197	352.7135186536327	0.0	129.5318498997105	421.43255957113684	0.0	164.37469552339806	433.3270121901938	0.0	159.6888526684682	438.4057192375552	0.0	125.46829982789171	434.8908174227761	0.0	98.28728981541798	282.58751369324955	0.0	90.2386391593769	354.5683436221159	0.0	81.45181879416084	420.99867201120253	0.0	108.42303476432603	435.726771375038	0.0	104.96869156161085	432.4333635580726	0.0	75.53691405111987	434.6217120179677	0.0	120.5244283715825	181.17785915227455	0.0	136.74172404115794	142.47213636453034	0.0	142.71029473965712	167.87491398512452	0.0	106.88555152803889	199.2785037337759	0.0	94.92808916619053	246.6346458650304	0.0	126.92581230476553	274.99233398640456	0.0	122.51943500173427	195.64934695285183	0.0	112.27998313998717	238.9469341484568	0.0	133.64663006872718	268.8880052414073	0.0
104	1.7333333333333334	101.48024553199772	279.9527706563113	0.0	101.91843077842785	282.82832230041197	0.0	122.19250106250558	352.04650284691127	0.0	129.76177449079526	421.0789316362487	0.0	164.50202140717252	433.24109967432435	0.0	159.6793599731956	438.2688589048559	0.0	125.70182815034866	434.31271519604377	0.0	99.38584694465203	281.9809380394373	0.0	90.2015400019574	354.5278873250511	0.0	81.54651581958146	421.08598397401687	0.0	108.50327320174995	435.68967522528004	0.0	104.95417367124156	432.38125226760883	0.0	75.61780845841749	434.4768922935388	0.0	120.89916578110002	181.45912829763478	0.0	137.07627720841924	142.24369575069926	0.0	142.63007182960968	167.82387396733174	0.0	107.10543034575805	199.16941974702587	0.0	94.69500852010508	246.389658778296	0.0	129.39784064068795	272.44716673101675	0.0	123.4051651974709	195.71271339993962	0.0	113.03473908614795	238.90431821314496	0.0	134.42153075410107	266.1791797826862	0.0
105	1.75	101.0280548552187	278.54863951620524	0.0	101.62370714265958	279.8830830467448	0.0	124.3758550933932	350.2066901540528	0.0	130.194317492893	420.0468541977849	0.0	164.66138584725724	433.0905419791271	0.0	160.05969413048496	438.1086193360202	0.0	126.18064666116587	433.575585616991	0.0	98.95934478405695	279.5149027378284	0.0	90.32016845939717	354.48278600606307	0.0	81.52409165253665	420.4211041063097	0.0	108.44071072613619	435.24399488113716	0.0	104.19030420900951	432.3363730588872	0.0	75.71373430608489	434.3728962910744	0.0	121.17995852178174	181.98181204945084	0.0	139.23186594216187	141.6295398564824	0.0	142.72754719348694	167.5538024558766	0.0	107.29094001716508	199.17523196520438	0.0	94.45661807176977	246.09094301564153	0.0	132.52019794775697	269.3293793028614	0.0	123.33818571210819	195.86275056103605	0.0	114.09561863119555	237.78650876400877	0.0	134.68076724268312	265.1492130517577	0.0
106	1.7666666666666666	101.00093135341068	277.56244449900726	0.0	101.51894331970354	278.9534877410179	0.0	125.8715215379643	348.896635802735	0.0	130.54436177027767	418.9960679369251	0.0	164.72592840165825	432.72231179950836	0.0	160.18470580060034	437.7232024021399	0.0	126.56499762569821	433.0901157643921	0.0	98.99778604004788	278.85449355722466	0.0	90.39692443527093	354.4618276391055	0.0	81.52742407666724	420.0607020657418	0.0	108.40768417576913	435.00414482723573	0.0	103.65722527615848	432.3112470990445	0.0	75.79202128911277	434.2983651420725	0.0	121.34467422849865	182.07844075478383	0.0	139.2270871375153	141.4955736522096	0.0	142.82462223533005	167.12862222495016	0.0	107.41371876234722	199.14036717931344	0.0	94.80148741074656	245.50532246119803	0.0	133.7655927592627	266.7199627492014	0.0	123.44491963870682	195.9243313934781	0.0	113.95517875794249	237.516071025859	0.0	134.13566948203552	262.33554918383203	0.0
107	1.7833333333333332	101.67895564517956	276.89921105536934	0.0	101.67022723839705	278.4915565318993	0.0	127.88006394079646	347.4932285211015	0.0	130.65077869823494	418.61372115173424	0.0	164.7630119109831	432.363057756252	0.0	160.20484839981643	437.26092608148724	0.0	126.68134496758434	432.9023404267383	0.0	100.16561053869371	278.2686530956486	0.0	90.73466211250522	354.4771429464082	0.0	81.69822657567543	420.20493865058825	0.0	108.38768967610358	435.1927430441025	0.0	104.06508405421539	432.35391066466383	0.0	75.82974711878965	434.1129242987537	0.0	121.7209528276599	181.9918916820459	0.0	139.0662036352869	141.5092108424636	0.0	143.1878655787508	166.9389270097739	0.0	107.71170785456566	198.94892247598474	0.0	94.89473910635343	245.49344492412547	0.0	134.8187647539881	263.2581957893594	0.0	124.35070251154714	195.92948515655698	0.0	114.69213280070917	237.64676149169165	0.0	136.14792328871386	259.2570186276397	0.0
108	1.8	101.94624776329158	276.1684953246968	0.0	101.62490030773453	277.6326250807073	0.0	129.37883721540067	346.547506300544	0.0	130.52750887212915	417.88205717155984	0.0	164.726793060153	432.0163246809897	0.0	159.955178239797	436.83605978568664	0.0	126.54070928703668	432.688831249758	0.0	100.43238642177205	277.59866879168976	0.0	90.57575933985265	354.4657408612157	0.0	81.61833688787915	419.63433025459693	0.0	108.33921856620577	435.23746358872336	0.0	103.64121035023383	432.3552063240832	0.0	75.72291546073515	434.232004683404	0.0	121.95070087063839	182.08627930364835	0.0	139.4542272967368	141.2893687911016	0.0	143.46392673894886	166.93994371700828	0.0	107.89162185218791	198.7655467297543	0.0	95.32922909035587	245.18376955832855	0.0	135.94298591975704	259.16342667336636	0.0	125.65721096070767	196.03820456002396	0.0	114.47252556948072	237.286564990304	0.0	138.69209424342262	254.72864724069106	0.0
109	1.8166666666666667	102.37635113744847	275.8898265080084	0.0	101.98160593388077	277.2593231559812	0.0	131.1444105327848	346.0278390150585	0.0	130.41635207915976	417.1678190714879	0.0	164.17787922710895	431.777886912918	0.0	159.57986074697422	436.4716245782897	0.0	126.41988995769951	432.22097045069506	0.0	100.47757196395361	277.2699798495333	0.0	90.48873416238476	354.47991541376734	0.0	81.55402641901534	419.1658410595377	0.0	107.80195580394006	435.12576577099213	0.0	103.16187399933213	432.3861005296204	0.0	75.61579583903644	434.3396057381906	0.0	122.38825335277998	182.11326789949126	0.0	139.7700525395244	141.2253951481561	0.0	144.2686735316431	166.64528751217205	0.0	108.12273566469145	198.60856419776275	0.0	95.78116094555678	245.04601770841364	0.0	137.38624542274638	255.13034982841566	0.0	125.21065944843261	196.06746212917994	0.0	113.8068732565806	237.24267589978	0.0	140.01765529059682	251.04654961082502	0.0
110	1.8333333333333333	102.98812745652906	276.2580651493904	0.0	102.48594676362902	277.50934044755	0.0	131.9118331773716	345.7007159700652	0.0	130.1377182582047	417.09505711558995	0.0	164.1259959863002	431.16813838354307	0.0	159.4915868317827	436.0006671053674	0.0	126.04233935502674	432.29841999961104	0.0	101.02101547749929	277.47733019991017	0.0	90.28005305937971	354.4748624488285	0.0	81.38230560308943	419.03793839351385	0.0	107.98972866265967	435.2825860428667	0.0	103.45551615538476	432.39706205935164	0.0	75.62882385940954	434.5900081857941	0.0	123.04143379004881	182.135795781608	0.0	139.68998121458367	141.24020117202144	0.0	145.0621682811214	166.33337380551626	0.0	108.40247178278702	198.3504354967464	0.0	97.36156638481236	245.741228558407	0.0	138.73011495682493	251.09232644734485	0.0	126.57081412246757	196.06383349787478	0.0	115.86117628908879	237.46746321613392	0.0	143.45091466575778	245.77372739307987	0.0
111	1.8499999999999999	103.53835646355867	276.73574056700875	0.0	104.10468827785014	278.66833611540153	0.0	132.6708291981409	346.3445140139141	0.0	129.70281760467924	417.63982480868356	0.0	164.2528892694935	430.66946221907955	0.0	159.09403697800568	435.60523218270157	0.0	124.87739863926332	432.1411544019066	0.0	101.52167269570555	278.3762784734017	0.0	90.2087228070471	354.4725855876026	0.0	81.45216773621082	419.58860399710784	0.0	108.39394237369135	435.938003451345	0.0	103.5446608324044	432.45254025204673	0.0	75.8252804815384	435.12721339038893	0.0	123.90026801962057	182.1914353965022	0.0	139.87116181614465	141.3218888691738	0.0	146.24799090088555	166.33770672152815	0.0	108.87545501358821	198.41858507378197	0.0	100.99393281555147	246.66706175358806	0.0	142.02512229842125	247.423998200867	0.0	128.24654720782098	196.04121305871365	0.0	119.07882616640447	237.55403929605518	0.0	145.849216810137	244.80794252125108	0.0
112	1.8666666666666667	104.3848753304399	276.57895082611236	0.0	104.53794093100305	277.7832472657671	0.0	133.4174990943744	345.805893665277	0.0	129.43472423688675	417.21422398112117	0.0	163.88625909672467	430.4778773200633	0.0	158.8493319260166	435.46220567732735	0.0	124.40588260765493	432.3787284745722	0.0	101.93385445852036	277.7851447121532	0.0	90.38968154636967	354.36379487976853	0.0	81.27423912783054	419.56567100513394	0.0	108.42506172642334	435.9224287952386	0.0	103.51923667387894	433.0010815778105	0.0	75.74695521755727	435.65542487416224	0.0	124.35113868383296	182.3292463036311	0.0	140.23311406041074	140.9426402447182	0.0	146.43393626584106	166.05608262292077	0.0	109.34691449818376	198.40686946718404	0.0	102.39075176089793	247.14440677997032	0.0	144.76816849296208	244.38995767461955	0.0	127.98972457453078	196.0502520045994	0.0	118.1985923090705	237.51807311434743	0.0	146.43419223167842	242.3104247336572	0.0
113	1.8833333333333333	105.38403001124146	276.722575402576	0.0	105.78315932876805	277.8106333327525	0.0	133.87320891248748	345.9627844608372	0.0	129.03892768084694	417.5841879584171	0.0	163.33924356751504	430.3509799947284	0.0	158.42279332292478	435.4029313220944	0.0	123.60668112412603	432.6226317359754	0.0	102.44784853158447	277.7893995028641	0.0	90.821116231896	354.5707429636212	0.0	81.36449878641967	419.91722933220046	0.0	108.44193463773124	435.8647031778215	0.0	103.75824803076615	433.16835216286415	0.0	75.86193936271769	435.73715198585495	0.0	124.55167687407719	182.21561101171466	0.0	140.1809489421188	140.91709580678895	0.0	146.90286950156502	165.79149711233305	0.0	109.78859048948169	198.24045832735987	0.0	104.3385172034792	247.38475806382198	0.0	145.48432810479864	241.56498763099938	0.0	128.13073787001542	196.1034000609086	0.0	119.9355518760574	237.65178393736653	0.0	147.53921544361432	238.6172773260675	0.0
114	1.9	106.23888129766962	276.9859776376451	0.0	106.33128892682998	277.3847279599026	0.0	133.76456736343093	346.41228248718244	0.0	128.67150985422956	417.4182316672592	0.0	162.15041897352597	430.35782439594294	0.0	157.71122160272228	435.66404287993737	0.0	123.17665246585096	432.7081271049759	0.0	103.19876413891902	277.4409331746017	0.0	91.97323261710292	354.3047534762024	0.0	81.35995121422494	419.860433431778	0.0	108.16940403272756	436.0522244706342	0.0	103.50236511947507	433.1897320009004	0.0	75.86230093631782	435.7153462287713	0.0	125.15696137414312	182.16844488411385	0.0	140.61205914250303	140.81353934006177	0.0	147.25972772291237	165.7330183711769	0.0	109.8222411558496	198.17517522290322	0.0	105.73521577091509	247.19191875889675	0.0	146.20365326045868	239.0434882584771	0.0	129.5310425611867	196.14935193344866	0.0	123.53799798651973	237.94632413854876	0.0	149.53444954144345	236.58098594325492	0.0
115	1.9166666666666667	107.30732464762484	277.1035348316377	0.0	107.35301696624146	277.99491555379643	0.0	133.77475688416519	347.170744827941	0.0	127.92136582850634	417.78712562663287	0.0	160.81916631771776	430.806421198203	0.0	156.81559765836948	435.9148555079508	0.0	122.34158519303051	432.85947195937626	0.0	103.87404523522449	277.964472952883	0.0	93.16774740912216	354.5764162085101	0.0	81.38902763497423	420.14900371662503	0.0	108.03287901044	435.9349180480328	0.0	103.70492895742639	433.0155958902855	0.0	75.90009238303978	435.4875037371661	0.0	125.41723285338793	182.338460852217	0.0	140.70700001750143	140.75086780832578	0.0	147.8748607325989	165.67274245518897	0.0	109.95297490794508	198.03844047972888	0.0	107.32392581574948	247.0858125624046	0.0	146.53206713432783	235.47860060885972	0.0	129.54341426723175	196.16655045871877	0.0	125.94998333876995	238.73051186156175	0.0	149.46618680024966	234.6086576844679	0.0
116	1.9333333333333333	108.37578868570536	277.18531003041755	0.0	108.42574438298465	278.63782874858873	0.0	133.35430860814475	347.66543515465156	0.0	127.32208543458702	418.39803864682807	0.0	160.08405802866346	431.61675077995994	0.0	155.87283616601738	436.56970726690656	0.0	121.46972657068468	433.3100987659882	0.0	105.81254874332615	278.49803842505787	0.0	95.15837312787338	354.9529812967886	0.0	81.66273504674487	420.83109448720154	0.0	107.9660351533326	435.8216166168834	0.0	103.95617266732856	433.0878963470223	0.0	76.20129479757989	435.33443720172846	0.0	125.98259779667757	182.079229137804	0.0	140.50664501077785	140.72066436964747	0.0	148.7284772540555	165.61446516454328	0.0	110.34405604286366	197.58224657026184	0.0	108.99508904547129	246.747363047559	0.0	148.2686303747222	230.41092585475724	0.0	130.95990804051266	196.21870582390125	0.0	131.03071133225657	239.25089233666168	0.0	150.7084477308571	233.3874015856478	0.0
117	1.95	109.5594603549023	277.2059448692639	0.0	109.51942868098267	278.77358233856626	0.0	132.63357680313564	348.6393871313091	0.0	126.5908477129714	419.65878328608295	0.0	159.3800524863389	433.51423538617087	0.0	155.1303190220557	437.9075206130799	0.0	120.98747573606144	434.1423663917142	0.0	108.91536782246467	278.8809177029317	0.0	97.33947368662454	354.8335817650914	0.0	81.86918025630312	420.5612653121704	0.0	107.40675578316522	435.6704058073082	0.0	103.80831780347286	432.86133530126773	0.0	76.11913570651348	435.35031230932196	0.0	126.96532951077847	181.81785600211686	0.0	140.51928513568143	140.54485731839526	0.0	148.82861176291547	165.2303363995954	0.0	110.62529907488072	197.24789423493436	0.0	112.43863551691777	246.21512250176485	0.0	148.45492126554265	227.35428231478733	0.0	132.9375144987374	195.9825736503123	0.0	137.56045257063283	239.74043614120012	0.0	150.073163531261	232.2480240586254	0.0
118	1.9666666666666666	111.12878446078481	277.26877755182034	0.0	110.13411118786325	279.39331098029766	0.0	131.71072420333732	349.900812496233	0.0	126.06843089568451	421.4376984084534	0.0	159.05899550374642	434.1493793413164	0.0	154.5216314283307	438.35891437402427	0.0	120.29957675311559	434.8288789345759	0.0	112.11698357950206	279.72571784730536	0.0	100.36608859725163	354.5908062968358	0.0	82.32222252835945	420.40410033277186	0.0	107.20821051116327	435.21477885059556	0.0	103.70621791089944	432.2819586462035	0.0	76.36476567402924	434.51032883845494	0.0	127.20004589917653	181.32665008973706	0.0	140.18285984328838	140.65085381664366	0.0	149.58488130948857	164.99954964257	0.0	111.1021968564689	196.58328890905418	0.0	114.17401853286205	244.3609068069809	0.0	150.56765947437532	224.39630867029157	0.0	133.25156724846897	195.71647779522397	0.0	139.79813628553484	239.3698931027253	0.0	153.6259714453427	228.27479487747345	0.0
119	1.9833333333333334	113.59986922161853	277.28036610052186	0.0	110.8210284407363	279.4228434800555	0.0	130.60277322581518	350.7045857003204	0.0	125.70879203457338	421.8003672173813	0.0	158.84672630381397	434.19660692249806	0.0	153.881824672538	438.6466525907947	0.0	120.33190375622489	435.5221717143496	0.0	117.53146622095471	279.8591602756464	0.0	104.47360347823857	353.20423115083884	0.0	83.33407622836492	419.43307557867837	0.0	107.19631622558876	434.8951669559818	0.0	103.43196312937934	431.92042112496864	0.0	76.88420830509361	433.5945893486862	0.0	127.70099863792143	181.22281419668147	0.0	140.81762322359776	140.64697328992918	0.0	149.86637370559953	164.81124626484257	0.0	111.64988055370972	196.3890164259525	0.0	116.73889429792284	242.59922512394837	0.0	150.95853073440446	222.27868629935904	0.0	134.18086267749976	195.4790185155128	0.0	141.70364658682183	238.99763491032257	0.0	155.87647744488336	223.49676809004646	0.0
120	2.0	115.09423711863326	277.4053488938438	0.0	111.94451083371389	280.3930487293301	0.0	129.2050274248675	351.740695806286	0.0	125.53009202239247	422.3211491489815	0.0	158.81507827498996	434.1920192453284	0.0	153.10805799729107	438.72084640032534	0.0	119.38262556460825	435.662197007489	0.0	120.12494256942462	280.2229020690015	0.0	108.9249923662118	352.79685606966956	0.0	84.38879211934982	418.4349259739012	0.0	106.79694242735583	434.34206436362257	0.0	103.51784888197977	431.69365382586767	0.0	77.0564867188013	432.7870092149151	0.0	128.03886618457148	180.64850439480537	0.0	140.44029969094086	140.54487758149074	0.0	150.54086529651613	164.67843041297692	0.0	112.02217483688236	196.30755853544284	0.0	119.16586990593106	241.32149093099918	0.0	152.27269698409248	219.9283672606561	0.0	134.54514637276773	195.2808549900042	0.0	141.99878939291185	238.78756637830935	0.0	158.06154990061484	222.52452947400513	0.0
121	2.0166666666666666	116.65041773712271	277.44872667147973	0.0	112.09760298466176	280.8207550354698	0.0	128.15035784334918	351.51125120045504	0.0	125.41044989634423	422.0179411900417	0.0	159.14006553026326	434.2918450480764	0.0	153.04261871367365	438.85575558893095	0.0	118.65051242800882	435.87305363330347	0.0	123.12886028544513	280.1912567591272	0.0	114.5639904262023	351.9607914886155	0.0	86.85652302406729	415.6846479830372	0.0	107.28729899644418	433.9228059042678	0.0	103.7412046783949	431.00778230105	0.0	77.95295570978104	430.10792567168136	0.0	128.231737975504	180.5574790168364	0.0	140.67849343465727	140.62334112879546	0.0	151.08343819634933	164.44785411422976	0.0	112.19571942640752	196.24228245241048	0.0	121.8028756222881	240.3447896036429	0.0	154.05143050647007	214.88298906333003	0.0	134.72776806951416	195.0179997541627	0.0	141.7021008247289	238.70891402364137	0.0	159.23486730090315	219.76365272964267	0.0
122	2.033333333333333	117.60434966528948	277.5808371703984	0.0	111.7608735244798	281.48931699917574	0.0	127.15022391306798	350.7718310505659	0.0	125.10045473355348	422.3894815305038	0.0	159.2197889418619	434.40558718131064	0.0	152.96267557406765	438.9931306838785	0.0	117.97639408092164	436.24451206034735	0.0	124.57160395056108	280.5906893001577	0.0	121.9611847254066	350.0040994233147	0.0	89.73187109810198	412.09068918562684	0.0	107.4100604326729	434.0950599511836	0.0	103.68793749932081	430.7756002006991	0.0	80.12307592835388	425.5824009392736	0.0	128.62576505389833	180.37988482437515	0.0	141.13443803865786	140.94805895063718	0.0	151.15287333644264	164.35948789562448	0.0	112.35658654412543	195.99040994711993	0.0	124.2728551374285	239.61550381920136	0.0	154.17744718280596	213.840091856095	0.0	135.1783037950124	194.945533017598	0.0	141.667382779136	238.7454588540696	0.0	160.10596682277134	218.2970777199314	0.0
123	2.05	119.13223883822474	278.10394581006295	0.0	112.62550388429196	282.8546796280526	0.0	126.37145063160415	351.2437023028963	0.0	125.06202360925597	424.3442858734203	0.0	159.38171934134073	434.688664530799	0.0	153.20396896105706	439.1807357437069	0.0	117.31186416004397	436.5237101677764	0.0	126.17581374022654	283.2437304791794	0.0	132.5221935421072	349.12590428993235	0.0	93.34035069649765	410.6464196231958	0.0	108.05155708842194	433.3570232381533	0.0	105.00633876872786	430.26060330633163	0.0	83.22708651292658	421.8028751967302	0.0	129.4788806035081	180.07353337426696	0.0	140.50650481701146	141.5326378788484	0.0	151.63023137530712	164.8154268673889	0.0	113.41183540545833	195.70128644405202	0.0	127.078693766112	239.29683955367702	0.0	154.70735745190808	212.20887219079717	0.0	136.63284804818772	194.8024796021965	0.0	142.62078010029813	238.83485075291435	0.0	160.74640716218815	216.2985016269721	0.0
124	2.0666666666666664	120.62858783388211	278.54780148175604	0.0	113.59298559564049	283.51161161021764	0.0	125.9528456519782	352.43092531755076	0.0	125.02924843892922	424.4744469811287	0.0	159.28526800042908	434.86270444449156	0.0	153.2864994912931	439.27620914199724	0.0	117.33111455773772	437.13661911363334	0.0	128.2421684483658	283.6190541568673	0.0	142.05407025560305	347.4632688666898	0.0	98.840895723994	406.4474519827591	0.0	110.92342939737355	432.02880247186147	0.0	108.53127312241088	428.9893192423871	0.0	87.77006269430915	416.88456570977934	0.0	129.71388286237894	179.98899787657558	0.0	140.48386463734516	141.62171585567995	0.0	152.02369067404908	165.1956200527747	0.0	113.69479331519409	195.29829822213574	0.0	127.75682811173687	238.7606974479899	0.0	155.14259883513893	211.14213608150146	0.0	138.00824533358727	194.67870383367153	0.0	143.1070865402819	238.77511021756047	0.0	161.51102350086177	215.6442496887723	0.0
125	2.0833333333333335	121.95196802872721	278.7815172617106	0.0	114.34147653072873	283.2768216711843	0.0	125.44107963437509	353.59265105860305	0.0	124.99229906341961	424.59103155555607	0.0	159.3746231351985	434.9958453429663	0.0	153.44475869835932	439.3435570808019	0.0	117.8582118319778	437.4909235766331	0.0	131.4154513729395	283.3361877656693	0.0	149.45993957337484	346.01634760128263	0.0	104.73629390996524	400.6956457473801	0.0	112.24670628539593	429.7335743080634	0.0	112.58788120377909	426.2315814743854	0.0	92.2191506866819	409.6232728653541	0.0	130.47332629948684	180.21331071923748	0.0	141.1263718519717	141.64978011379384	0.0	152.08946256147308	165.27985915174497	0.0	114.05772325201445	195.11931483022505	0.0	128.67759190910309	238.41156029838595	0.0	155.48019551852573	210.39629769151057	0.0	138.52985035369903	194.5289792836011	0.0	143.50647757137855	238.7150181527659	0.0	161.42768595730206	215.047722320793	0.0
126	2.1	122.81075251288178	278.7836270468091	0.0	114.41877827208894	282.3992406346467	0.0	125.0315665506358	354.05172424771615	0.0	124.99479783410632	424.7133477221493	0.0	159.36494446044543	435.07136853923964	0.0	153.52820180820754	439.31884627681336	0.0	117.95898937846269	437.7146135362078	0.0	132.7754070875288	282.36281684747763	0.0	155.30227233222206	342.57757429208726	0.0	109.64835469343201	397.83331365270635	0.0	115.04503159426633	426.84917163540206	0.0	117.52285135301398	421.95209981353145	0.0	96.5957205536743	404.3394997932369	0.0	131.2442713706539	180.22429011842988	0.0	141.85089158225725	141.523187161596	0.0	152.74070243364977	165.14502415314735	0.0	114.42604095968512	194.66000567995567	0.0	129.78530439005328	238.14475305542868	0.0	155.7119893109505	210.17224953318484	0.0	139.36290930802943	194.5172810345659	0.0	144.238997764555	238.60718200503794	0.0	161.22519443938688	213.44750925996505	0.0
127	2.1166666666666667	123.89641315039876	278.5854460693543	0.0	115.26378254003731	282.6673841834204	0.0	124.09124464117961	354.5156588082646	0.0	124.91911386072051	424.70386337706566	0.0	159.462696323315	435.1855842559189	0.0	153.3774149580223	439.3272729943069	0.0	117.56276463506362	437.7643362515595	0.0	133.9325074905057	282.8012503076385	0.0	161.57062342616868	339.3806783511496	0.0	116.77153245018502	393.35856647044466	0.0	125.99847761494634	415.7716224359786	0.0	127.57248361462769	412.2178380735926	0.0	102.69236037148298	398.3463632938544	0.0	131.90255083774366	180.0849472638369	0.0	141.74551098281663	141.4760822875611	0.0	153.46167052789286	164.81852162181784	0.0	114.83873810920734	194.30754424783436	0.0	130.18408477421727	237.05263750653407	0.0	155.7896824356764	209.15508055021365	0.0	140.69918020212688	194.60685777965864	0.0	144.91353746653155	238.58606735185225	0.0	161.12162959772562	213.3633245231868	0.0
128	2.1333333333333333	124.22794706318298	278.1158506962119	0.0	115.17887298803629	281.33801798325544	0.0	123.7504237595688	354.5660488596846	0.0	124.86189583576609	424.6009979232772	0.0	159.4938504284798	435.1731949599327	0.0	153.18235400764763	439.31815503189773	0.0	117.53298869609446	437.68815290965034	0.0	134.28725234547423	281.800555743885	0.0	166.8655510850953	336.4095373304482	0.0	122.22264170209111	388.64292442881685	0.0	137.39842203370864	410.32190989973316	0.0	133.13491600251115	408.2172941935168	0.0	106.34317017134981	393.46691072526767	0.0	132.16884993955796	180.06894222096523	0.0	142.6316475615462	141.26409558121227	0.0	153.97087257538465	164.64782382183085	0.0	114.88525210660232	194.1661520702697	0.0	130.86712620791963	236.39662250965935	0.0	156.92721748903406	207.53125069554721	0.0	140.2241697610658	194.417461935206	0.0	144.8817112648232	238.5756457833848	0.0	161.82415268962757	212.9532402326678	0.0
129	2.15	124.62282563246897	277.4803833446066	0.0	115.07776445439947	277.49460554037387	0.0	123.6119760871077	354.9676109986857	0.0	124.62826780909425	424.6447706323114	0.0	159.36969813107385	434.97943684967413	0.0	153.03021996399838	439.1492834303033	0.0	118.37617023045999	437.8718889948126	0.0	135.1290236102159	278.83255048608913	0.0	171.3491657654439	331.90218113281446	0.0	133.43096479478544	389.2342596681965	0.0	143.51315761102975	413.7342709883589	0.0	141.47060274031074	410.3204875840068	0.0	126.69024813024005	389.9330504100148	0.0	132.19705718381363	180.12621796978272	0.0	143.85783919283776	140.91954606568757	0.0	153.2878837889104	164.62418118860685	0.0	114.65189872266862	194.1694503177378	0.0	131.2948569871855	235.40636035783726	0.0	157.84490840127086	205.99998109628604	0.0	139.78539819439277	194.18198814788144	0.0	146.179943763942	238.5714270088563	0.0	162.7402883855948	212.59103200784105	0.0
130	2.1666666666666665	125.1010838509234	276.83761849596743	0.0	115.01219020432536	276.86514992341944	0.0	123.53762318012208	354.4336663439277	0.0	124.47034199525828	424.77302122073434	0.0	159.39761957600743	434.8965729896236	0.0	153.18953911544673	439.0927252523114	0.0	118.72230417013046	437.73216433277696	0.0	135.71156179060404	276.9088307350036	0.0	175.83780957152806	327.4766940695803	0.0	139.07234721687195	384.242685140011	0.0	147.60675664433091	412.6751764969544	0.0	147.55853867965556	409.6829295001754	0.0	132.01868037362738	387.20016991707496	0.0	132.51611293052792	179.97368655309722	0.0	144.11428669468472	140.11991197733258	0.0	152.9138868394701	164.37888169702697	0.0	114.59723373035625	194.03403743844547	0.0	131.64686321810842	234.89737373040617	0.0	158.43631850554274	205.3835095824728	0.0	140.2158044952	193.96290405847424	0.0	147.5864781286592	238.50359229705754	0.0	163.71006663602742	211.85701444506032	0.0
131	2.183333333333333	126.06895124219125	276.1686177911199	0.0	115.090587125832	276.52923736100763	0.0	123.58156961706243	354.0055159048683	0.0	124.28457647966077	424.3603101721524	0.0	159.6172531239364	434.8787628876024	0.0	153.3445858260606	438.9330441201098	0.0	118.7224512486263	437.542119429492	0.0	137.6706408041815	275.9784831707255	0.0	179.99355268042484	322.2980019331685	0.0	146.19394364267455	381.95662166337456	0.0	155.70285701126667	409.2834577587621	0.0	155.69475724252504	408.1603066268015	0.0	137.1818258153695	387.39167778125943	0.0	132.68905177637262	179.95389093407942	0.0	144.58742692689734	139.72619995168012	0.0	153.7468598942868	164.14252223569278	0.0	114.71439005455507	193.6007591707496	0.0	132.39166676857025	233.75991622601015	0.0	159.00578833489874	204.3389893133627	0.0	141.61741416905053	193.89956020511877	0.0	148.65480543871413	238.39835900048084	0.0	164.74373007080357	211.63789859664595	0.0
132	2.2	126.65342209056436	275.81764253861826	0.0	115.45871780842798	277.6328602036818	0.0	123.66502477379139	353.95465049031793	0.0	124.45092913749573	424.0878584816246	0.0	159.70521120354823	434.70833269027247	0.0	153.13178442691262	438.7262382919737	0.0	118.95145415098362	437.1725634304927	0.0	139.172181532679	276.9013647696001	0.0	184.03632333982546	317.17919491593557	0.0	154.78283731545412	378.4993763992549	0.0	167.78768417778545	409.99190709091334	0.0	166.33038864340872	408.01844193673764	0.0	145.220444067625	385.014746982117	0.0	133.12540965388757	179.7028467540687	0.0	144.81736906097814	140.03534982127215	0.0	155.19048932273319	164.01653121997404	0.0	115.0137251955714	193.12540506916645	0.0	132.69590784462915	233.22452931319313	0.0	158.91689368973255	204.51006484628095	0.0	142.64898252891436	193.73756546052593	0.0	149.25780431424255	238.28720326541065	0.0	165.3778307481134	211.02747529623377	0.0
133	2.216666666666667	127.2939317826137	275.1898610507849	0.0	115.32224689560776	277.22576583855863	0.0	124.19795711439306	353.38477326575526	0.0	124.35706523344454	423.9089496063955	0.0	159.74283031456997	434.53031161092747	0.0	152.8651973740687	438.5772325839179	0.0	119.09028090230336	436.8413364645752	0.0	139.93016364979374	275.94203679874636	0.0	186.91213171171708	311.4905924056943	0.0	163.58801926382347	376.2709025952563	0.0	180.14736604834027	408.8270832262687	0.0	179.1331603952074	405.9003168802505	0.0	153.51129285592478	384.26976988617093	0.0	133.40765759423152	179.7786567891699	0.0	145.6458768135062	139.9237514535609	0.0	156.32820057453188	164.11230441858723	0.0	115.1119819382942	192.879341653972	0.0	132.83553457720154	232.91849924159152	0.0	159.02008300025886	204.28384789811943	0.0	143.17815627831908	193.3598020189951	0.0	149.99754566270119	238.17031005075052	0.0	166.17792980359914	210.46217125747262	0.0
134	2.2333333333333334	127.30149336732806	274.59574990994633	0.0	115.17147866264773	275.8098878464763	0.0	124.54857579974276	352.7724228696343	0.0	124.26068585155826	423.970444039413	0.0	159.84179513821485	434.47588387744577	0.0	152.63008323288253	438.58892537895156	0.0	119.11135788346056	436.6877157056086	0.0	140.37464552841018	273.7746428579833	0.0	190.18630090132984	306.46103561268535	0.0	171.52407426065352	373.3162893827654	0.0	191.09493758595227	400.2469044592638	0.0	189.6023779085428	398.6933014106654	0.0	161.01114258015508	382.3056833598604	0.0	133.71317522567853	179.97508661337486	0.0	147.51993606945086	139.3765075093003	0.0	156.4605094990047	164.14870846311624	0.0	114.9715924604751	192.79693151918036	0.0	132.7662618268482	232.52494295958743	0.0	159.43641346616084	203.8362752580104	0.0	142.15541614812946	192.9921386440876	0.0	150.79654506835288	237.72078762257615	0.0	167.27396684734825	210.37231401215536	0.0
135	2.25	128.35267220188925	273.95981059960707	0.0	115.36753856060245	276.2631097964302	0.0	125.07747727014936	352.56248082483967	0.0	124.37507519939072	423.93070779034315	0.0	159.8438988365764	434.603783497569	0.0	152.29641302689146	438.4491066320405	0.0	119.14639132953971	436.526222268932	0.0	141.91314334509275	272.8501024536787	0.0	192.31789400861544	300.71696578226044	0.0	180.4934001189881	368.28642544875146	0.0	201.20088105391676	394.0622766600841	0.0	199.68145309463773	392.5404848253576	0.0	172.89734158701197	376.86953492903507	0.0	134.0861881117277	179.9321512983874	0.0	147.87997299685708	139.68889215329023	0.0	157.14444977521876	164.17764960597114	0.0	115.0982374722232	192.6043649116291	0.0	132.87928006847108	232.2235306575172	0.0	159.57981305284665	203.38921820139336	0.0	143.48852722120822	192.9122450282204	0.0	151.60612136703736	238.17656303206417	0.0	167.39798402092288	210.22831565239505	0.0
136	2.2666666666666666	128.36575335217384	273.2212870348577	0.0	115.71014710737408	275.8699484618145	0.0	125.72646643433532	352.1655349343275	0.0	124.37960832763386	423.7424706816346	0.0	159.6386781113773	434.78850188238926	0.0	151.64065283608988	438.3791094049616	0.0	119.04690062754634	436.48908961085806	0.0	141.50419818488865	271.7566930557051	0.0	195.07977580979247	295.3397211149587	0.0	188.3327395789031	364.2448713079275	0.0	211.5008922484933	390.2841645341408	0.0	209.40729018493997	387.83495292052817	0.0	181.79630738186907	373.3072109517491	0.0	134.70609619428805	180.10334910475734	0.0	149.00585720100113	139.3348336472128	0.0	157.48494743470616	164.23659790725767	0.0	114.8542996394704	193.1185448257258	0.0	132.63861546089908	232.13071306301669	0.0	159.97947643334123	202.64811041362708	0.0	144.22568666196833	192.8521392669895	0.0	151.9406984966265	239.2102770878584	0.0	168.07776523091414	210.7029729929311	0.0
137	2.283333333333333	128.73233175762655	272.53280574028463	0.0	116.17348057951402	275.67388333039986	0.0	126.72452513153415	352.31195201351346	0.0	124.54625860911186	423.7471406112369	0.0	159.1545751208504	435.2321197559995	0.0	152.38305990804298	438.5496775815226	0.0	119.1478039224144	436.4321545484588	0.0	142.26963262115072	271.039529066429	0.0	197.22654772623525	289.00983527176857	0.0	196.2951431876592	359.8190238093171	0.0	221.31848166014652	380.5608656557174	0.0	217.0578663235704	379.51604371098006	0.0	190.69860973422624	370.38350249687653	0.0	134.71896466787004	180.2889066412548	0.0	149.7844981772704	139.38866349881408	0.0	157.8547012464152	164.37405664823206	0.0	114.7231444018306	193.06600888850423	0.0	133.11228983220087	232.25993706710653	0.0	160.19027730727402	203.6636046751207	0.0	143.92458466040208	192.68622674223505	0.0	152.36785431344572	239.8461310149785	0.0	168.79668321728857	211.3645007341941	0.0
138	2.3	129.712122063046	272.09295096092217	0.0	117.90347834516056	276.31889713127316	0.0	127.14497730457187	352.42755650938636	0.0	124.646485238858	423.7941735914927	0.0	158.8416371923829	435.5838753116061	0.0	152.31640591093765	438.9619762381276	0.0	119.40386655646762	436.44454888104997	0.0	143.29454848940398	270.79635988388293	0.0	198.80574220201794	283.01438127480026	0.0	203.51220429883367	351.87250311424737	0.0	233.68480801161246	370.9643653332908	0.0	226.63644067874924	369.4987875717067	0.0	197.46959926484357	364.880752482703	0.0	134.83615517525197	180.46462978667904	0.0	150.11627740679842	139.74087537872384	0.0	158.35928614339227	164.65237199585096	0.0	114.73210208356602	192.86193608292257	0.0	133.16343941856002	232.2873535615238	0.0	160.0423470644514	202.91703954435167	0.0	144.79515069984961	192.70300690865108	0.0	153.81726394928486	240.10290161468532	0.0	168.97524331251643	211.07116705458662	0.0
139	2.3166666666666664	130.75006099103416	271.9115885522354	0.0	118.6867397510606	276.4877095665581	0.0	128.07873602143889	352.2103378521444	0.0	124.75548391911492	423.9712750564146	0.0	159.4179027675807	435.657755899436	0.0	152.25051902701082	439.2273539994759	0.0	119.609082469951	436.526766542425	0.0	144.33632214256673	270.0269835785386	0.0	199.6741681025402	277.3442546558474	0.0	209.73130553158606	344.1804003568598	0.0	239.68072257605695	361.7740439828808	0.0	235.55288724655787	361.20703943241165	0.0	204.55662025503824	357.26987311724713	0.0	135.3794268946251	180.50879856325258	0.0	149.92314231312682	140.00769575079048	0.0	158.8371333409741	164.69920383046755	0.0	114.8653943939319	193.06774998276822	0.0	132.98958776928043	231.928438135663	0.0	160.36249928023216	203.57017709670595	0.0	145.93740053447442	192.7073936515618	0.0	155.39100711498264	240.70510391626092	0.0	169.49869751304487	211.5281347715021	0.0
140	2.3333333333333335	131.27723979890348	271.5837653378163	0.0	119.2070941492966	276.89462779049234	0.0	128.61513392726064	352.5534732849734	0.0	124.93586045231356	424.2616664585713	0.0	159.7143902687738	435.74566659746176	0.0	151.97423941152675	439.4145149678331	0.0	119.71124781644302	436.61840057360587	0.0	144.91350640160078	269.746647665313	0.0	200.11545509762846	271.13292105883204	0.0	215.29227125415696	337.1220976861259	0.0	246.13438575015928	354.18855341581246	0.0	241.29803868197598	351.65429860091155	0.0	210.99160918292802	350.7136171952904	0.0	136.15422499155807	180.2752240318755	0.0	149.89326143119843	140.3603182007339	0.0	158.90976627609342	165.21667851620492	0.0	115.23078140147169	193.08087253422676	0.0	133.3518679611697	232.01023269070117	0.0	160.4224454858263	202.9977503613631	0.0	147.52843629328333	192.77445738998975	0.0	156.77297601498128	241.01072185018853	0.0	170.01016113063207	211.34182331132658	0.0
141	2.35	132.45347418306702	272.4422976376278	0.0	120.83482258472141	278.39201269397046	0.0	129.38410839833313	353.2433785963781	0.0	125.23068709641478	424.9686079226679	0.0	159.93309802276673	435.7368133442924	0.0	152.8863815873581	439.66280962812993	0.0	120.00015028869075	436.67131817902833	0.0	146.52942682691128	271.71140321183174	0.0	200.00255178141293	265.97014052471246	0.0	219.498012368002	330.54057875695105	0.0	249.81950374596465	345.0397808698422	0.0	246.31249142593285	341.1093836234862	0.0	215.1105006016607	343.6375808999281	0.0	136.55255664706232	179.94553710020313	0.0	148.90799600553405	142.03811944637545	0.0	159.04489769656888	165.47249349541767	0.0	115.40197791837105	192.430724171362	0.0	132.29494240369775	232.1235438921961	0.0	160.53170148887983	204.00915779179095	0.0	147.20148959510723	192.9994229468567	0.0	157.0869913118151	241.1943258785951	0.0	170.52081601428426	211.1786915439475	0.0
142	2.3666666666666667	133.07143544154758	272.41093109493363	0.0	121.5620881168793	279.3291356414952	0.0	129.9309269653042	353.3954820196982	0.0	125.42411736135796	425.2054190338553	0.0	160.0921502800115	435.57957569450485	0.0	153.29460038577304	439.5393413136893	0.0	120.38638948610944	436.8073001045937	0.0	147.66632228598837	271.7641871062088	0.0	199.52183590174943	260.33138067511265	0.0	223.22773931479014	321.4275582432035	0.0	253.178556909773	333.2262145007803	0.0	249.6650185113416	331.6275814305397	0.0	219.73278228605653	335.0818578966831	0.0	137.00007407452404	179.84449693947687	0.0	148.8674120180067	142.71948208135535	0.0	159.09188480067883	165.69502203343453	0.0	115.43027464525835	192.36977394361568	0.0	132.1921737435691	231.90522172636963	0.0	160.51290699166944	204.23675606009544	0.0	147.80019136088202	193.1628354308813	0.0	157.63401894669084	241.39766742519544	0.0	170.6001018931701	211.11125967985245	0.0
143	2.3833333333333333	134.47246797475458	272.3076995504822	0.0	123.38163384150013	280.57492449376457	0.0	130.84571926355446	353.43301062520334	0.0	125.7564437379932	425.48357158489557	0.0	160.36012983230256	435.4946436765265	0.0	153.46873706314005	439.3511129481615	0.0	120.67521200675039	436.7685892033148	0.0	149.99710569109504	271.36571579329757	0.0	199.33299987653277	253.37441992459893	0.0	226.20701801211845	311.8890760375888	0.0	256.1578600825645	319.86740187844407	0.0	252.1593333854271	317.886514303806	0.0	223.16752561321738	326.0487203503844	0.0	137.4752044941512	179.5159858197522	0.0	148.36133032787814	143.58025817039083	0.0	159.49355948891304	165.7829125385202	0.0	115.41984983183363	192.3764652745701	0.0	132.67638489214357	231.61406138452074	0.0	160.5119386431036	203.54624917697956	0.0	150.32193854023188	193.2171217049381	0.0	159.52081989120308	241.7273882866166	0.0	170.9872968288332	210.42101344490737	0.0
144	2.4	135.8607449571566	271.3801909709404	0.0	124.87203705958555	280.25304850195374	0.0	131.79525160016325	353.32494297921386	0.0	125.92174089360152	425.3452998780549	0.0	160.46066334864503	435.4820051495542	0.0	153.57143197233026	439.18079179592394	0.0	120.58080022802116	436.6563674950015	0.0	151.424284645472	270.36700579819626	0.0	198.41383963577266	247.68186116866235	0.0	228.52872918365676	304.542954735995	0.0	256.6044016930984	315.4370187478372	0.0	252.60446061359303	313.75715978808046	0.0	225.09693168819928	317.4991597218733	0.0	137.92793577373143	179.18539420208404	0.0	148.77981159533664	143.8187764716084	0.0	159.8729724961701	165.90005576153607	0.0	115.40420554994613	192.47060508438707	0.0	132.23515109101626	232.27985368887238	0.0	160.5240350791514	203.92217321292824	0.0	151.04755443282366	193.05874984671206	0.0	161.40376194591985	241.12049138802647	0.0	171.10396383227098	209.84722533720978	0.0
145	2.4166666666666665	136.455911769697	271.4172247209399	0.0	125.84266525058543	280.37949922131656	0.0	132.30021633477222	353.2942521231929	0.0	126.20714921140569	425.31956063803966	0.0	160.5435417506875	435.3812022645765	0.0	153.40700696560555	438.9588614987176	0.0	120.70086450185516	436.40765301156546	0.0	151.9889983262405	270.4654560867999	0.0	196.63886186495435	243.00319117808053	0.0	229.26001345550296	297.53927234093965	0.0	257.8023904215962	303.2875458397617	0.0	253.827023596623	303.35516469005256	0.0	227.27181140828068	310.52282921520214	0.0	138.2727877516916	179.32573892794264	0.0	148.83367277041742	143.54822086283505	0.0	159.9057152253989	165.94377871129555	0.0	115.3675468594469	192.70361092441638	0.0	132.62886811078275	232.38157757808068	0.0	160.77699444985558	203.88934035888636	0.0	151.84447161329433	192.6387366070881	0.0	162.36436027374685	240.1865694729523	0.0	171.7440944309922	208.47425967590962	0.0
146	2.433333333333333	137.96577030208005	271.4884384303291	0.0	126.93371866759699	280.41917600038875	0.0	133.36758199164706	353.44981407806995	0.0	126.41605728954356	425.15548727303315	0.0	160.78895028534956	435.3655001778304	0.0	153.30126375430785	438.8950783668454	0.0	120.68293868248085	436.3844622454552	0.0	153.37126927975325	270.8619503403205	0.0	195.7189645320327	237.5005283949877	0.0	227.90827274009746	290.0001504658592	0.0	257.3591779725452	295.4957358808908	0.0	254.33863209277433	297.9116909178464	0.0	226.90219377377207	303.4421347894596	0.0	138.44478733660574	179.51740038039148	0.0	149.05334551839454	143.9901075649086	0.0	160.35692638701164	166.47475588955058	0.0	115.43616489715441	192.69135991769758	0.0	132.5093829845709	232.5536010278126	0.0	161.01122825926757	203.67690286557234	0.0	152.3688783631951	192.30578531805745	0.0	163.52233450217	238.03476742549108	0.0	171.9468035637135	207.2529205725083	0.0
147	2.45	139.08482868091164	271.078873764321	0.0	127.62431848282455	279.7769766861952	0.0	134.53531270471683	353.18827257973726	0.0	126.62743281106528	425.14905514316683	0.0	160.8402487522062	435.3047953474893	0.0	153.41173010149618	438.80984767874963	0.0	120.97541673546232	436.29623450396775	0.0	153.65437322497223	270.4434905314438	0.0	194.9792612236186	233.45498581155294	0.0	227.43022200764742	284.9398545854809	0.0	256.3700600217063	289.00833094625426	0.0	253.38718544656206	290.52076647436127	0.0	226.9262574101769	297.94434021489053	0.0	138.58060419998824	179.7990276266922	0.0	150.0506005581485	143.70865031850974	0.0	160.54446703902758	166.98844477400507	0.0	115.50438101124811	192.9998766768315	0.0	132.53114870176537	232.84237639627358	0.0	161.81743375755104	203.61215079882572	0.0	152.3834974470785	192.13951802899894	0.0	165.05282780596065	234.5748332675555	0.0	172.1930897433327	206.63238779155446	0.0
148	2.466666666666667	139.75610468153548	270.7847114206012	0.0	128.31538193906493	279.28821892306735	0.0	136.08218642877304	352.8963185691586	0.0	127.0175522754462	425.00230178298546	0.0	160.74483385280365	435.21707989386795	0.0	153.4093781082135	438.7528831535268	0.0	121.08102497464357	436.18835552199243	0.0	154.24367808954554	269.36075247318576	0.0	194.52993694786375	229.7205908247832	0.0	225.47349957095972	281.21344119545836	0.0	251.55143004671007	286.7335776356271	0.0	249.54695750836103	288.1919300914243	0.0	224.95942496019384	294.7299578433344	0.0	138.68821371312916	180.8242069145827	0.0	151.5613596500179	143.54749940025857	0.0	160.70263342357595	167.72214132804677	0.0	115.37737125288496	193.87003571079805	0.0	132.29037754903464	233.17788044547603	0.0	161.6925603115768	204.17209671257697	0.0	151.71502456413495	191.96958238293874	0.0	166.00132195687988	232.81026908424604	0.0	173.02778609147876	206.4247733774855	0.0
149	2.4833333333333334	140.47690687549638	270.52310942424964	0.0	129.47423202141326	278.49190922344627	0.0	137.20286939202347	352.669810604036	0.0	126.98042114653202	424.88641233742317	0.0	160.71500863284916	435.2451517194181	0.0	153.58073445704795	438.7977056273155	0.0	120.97382776337744	436.2538729642408	0.0	154.92728562348256	268.2012683667321	0.0	194.00833633059477	225.12890639716508	0.0	221.45201174280172	278.90232915606595	0.0	246.9178084725891	286.8613179600172	0.0	246.32584146591793	286.36248656058274	0.0	219.96551081527053	294.2592396895173	0.0	138.76629999463856	181.5014171904385	0.0	152.6165277234794	143.80124878124468	0.0	161.13564123216136	168.2188315785359	0.0	115.38059713767458	194.4909118876516	0.0	132.07982577725105	234.07133210945696	0.0	161.65753738802326	204.52136333925708	0.0	151.30462506711672	192.1405034762075	0.0	165.60887518520022	230.8409886258712	0.0	173.23527168418155	207.05878798724706	0.0
150	2.5	142.10839601117917	270.92582008809006	0.0	131.4108426859695	278.7656327036606	0.0	138.50554660637414	352.3930788836209	0.0	127.4677404450281	424.7978117031203	0.0	160.7274761495847	435.27461963061955	0.0	153.68407655623548	438.84858252151696	0.0	121.08303972848397	436.3317403607026	0.0	156.50209297324523	268.7808502325176	0.0	193.52577725188166	223.61927372122364	0.0	217.53053372133263	278.6283100595129	0.0	242.44529082033173	288.5956107942844	0.0	240.99143546580933	286.1285475133925	0.0	215.03827561739598	292.15090571226284	0.0	138.97046325520765	182.10890719541536	0.0	153.17948243834863	144.0425196095793	0.0	161.64937311908815	168.99575073132178	0.0	115.51760022150972	195.4559859474802	0.0	132.70034517810097	234.95947767599299	0.0	161.6012145726288	204.93498011797905	0.0	151.41064988787426	192.56355527102122	0.0	165.068626252815	231.06656673812742	0.0	173.9125415953641	207.6158071751959	0.0
151	2.5166666666666666	143.14398925075488	271.02927655558113	0.0	131.84263276766038	278.3694120287931	0.0	140.38113370143935	351.61428470983964	0.0	127.94715994408932	424.7942525721881	0.0	160.5239126534172	435.2506689452543	0.0	153.51102956363837	438.8762604062265	0.0	121.3065835527444	436.37493516254483	0.0	157.09211603648308	267.33793964707974	0.0	193.33412502368276	222.2545940382482	0.0	213.7511402210602	281.03000494571825	0.0	231.97762155321985	292.4458044723038	0.0	231.83155657521348	289.4938320519358	0.0	209.85249879924467	293.9884171522817	0.0	139.03038053883103	184.00842387935532	0.0	155.78141643155445	143.68807801410307	0.0	163.1131555640325	169.34838564396014	0.0	115.85928355368591	197.04506184981676	0.0	132.59669490776486	237.19896514452523	0.0	162.22043930774328	205.8364039278135	0.0	150.9949054859738	193.00727592881017	0.0	165.08963213900728	230.98479938149956	0.0	174.13022610884028	209.02728267617883	0.0
152	2.533333333333333	144.02749511563735	271.4420465471686	0.0	133.46040575113096	278.28801971235856	0.0	141.78765418940188	351.60289131690956	0.0	128.28910507871473	424.74784955447336	0.0	160.5294858818311	435.46120376319084	0.0	153.3418291444279	438.90867221102684	0.0	121.16705733182351	436.405312592532	0.0	157.93337865453003	267.3272303315428	0.0	193.52925032398483	222.1017763079975	0.0	208.12429547759155	286.03486322889876	0.0	216.87590851934226	297.960815713036	0.0	220.209098278115	296.43092533874034	0.0	203.0693508643864	298.4194138165663	0.0	139.35759356319585	184.6682933282239	0.0	155.58739405076918	143.4428140894458	0.0	163.26437726753213	169.42363483797268	0.0	115.98916106133773	198.07128171116761	0.0	132.7926963086267	237.4557900390162	0.0	162.54248003333237	206.41222830958196	0.0	150.665258406242	194.33749991142128	0.0	162.4069314672245	233.18666615930155	0.0	173.50557418977343	209.10439482466012	0.0
153	2.55	145.7604341971351	271.71643356353377	0.0	135.59024941982887	278.81012201322756	0.0	143.07561976129375	351.5555119493161	0.0	128.2666683827525	424.63043989061543	0.0	160.76183211150843	435.7737830691774	0.0	153.09291810848387	438.9342471457612	0.0	121.25969874239193	436.4208842717963	0.0	160.13003725221864	268.63054070240634	0.0	194.31732159834593	223.82908232423938	0.0	205.14269874033747	291.27633341996767	0.0	205.72115231556256	305.65863703588707	0.0	210.4787064364397	304.18408314739395	0.0	198.54326492036037	301.2873165675757	0.0	139.89669529036692	184.28121504595273	0.0	154.09348071171382	144.42851916124644	0.0	163.84218593574428	169.3210940032349	0.0	116.19897625612137	198.48655563171778	0.0	132.78868097116538	238.17722932899662	0.0	162.14631418672764	208.0234582953573	0.0	152.5509205775086	195.7084199875571	0.0	163.03599480860962	234.64722095539577	0.0	172.3321903680657	209.0275498733364	0.0
154	2.5666666666666664	145.67873052070468	271.8532041446265	0.0	135.68159795579172	279.35808191841494	0.0	144.26410544673703	351.6201116404758	0.0	128.4108596388458	424.5230185296813	0.0	161.30390943118147	435.91926493956305	0.0	153.31055013263577	438.9672319443366	0.0	121.41803164542293	436.4264989763955	0.0	160.31825696783955	269.29674503981784	0.0	195.56747270851815	226.33632507302195	0.0	198.6117854725406	296.1969366094709	0.0	194.5832650293954	317.09329919381486	0.0	201.2780670706867	316.48384467849036	0.0	189.5181267201886	304.2919134195788	0.0	139.50671896019497	185.34229780258542	0.0	154.05629352011596	144.1353706652453	0.0	163.8042158575847	170.50483990482923	0.0	116.37916079800067	199.39205269150887	0.0	133.5512985461088	239.18336494691343	0.0	162.1604148903373	209.66084023832926	0.0	151.95771166002933	196.41359069405127	0.0	165.57220617425222	235.36337515744023	0.0	171.7936942486701	209.50911129828032	0.0
155	2.5833333333333335	145.5909380576618	272.3154951253422	0.0	136.0497288567622	282.00060576470725	0.0	145.01123707413672	352.1287038985149	0.0	128.56209663612083	424.6705128360492	0.0	161.39494425628274	435.975242046214	0.0	153.8254258300742	439.0147700517506	0.0	121.56206312311585	436.38325916978556	0.0	160.9558611638405	270.74140600740157	0.0	197.33671914480271	232.27961564247983	0.0	191.25518145654326	301.49416474962555	0.0	185.71922411021256	322.44292736893556	0.0	191.2958706310411	326.5115210740596	0.0	183.1048900406597	309.5595754261445	0.0	139.56508790656846	184.9829710220412	0.0	153.28228937406155	145.4320790899401	0.0	164.2721838457668	171.81608241670557	0.0	116.30836744949566	200.1634111240047	0.0	133.21307105865606	240.75194561295882	0.0	161.65524656382118	211.4296442153587	0.0	152.0574396635823	197.16286037707223	0.0	169.17349622505532	237.23539366468822	0.0	170.7218885434272	210.28133316683375	0.0
156	2.6	145.23406800023645	273.4578397539121	0.0	135.44945743271916	282.93480675173976	0.0	146.2428502106483	352.7305698146705	0.0	128.55519275680476	424.79322179092696	0.0	161.63368386341423	435.88908400462736	0.0	153.74951792798387	438.9312492808475	0.0	121.52167683931431	436.3389068582818	0.0	160.31932208695747	273.20424804248717	0.0	200.12026885381147	239.1845142879517	0.0	185.60643258375526	306.55483080230243	0.0	181.46050356291687	341.63166083251485	0.0	182.49390285796628	337.9008053555236	0.0	177.0764535919331	314.30374844593683	0.0	139.84044513503204	185.10756032971716	0.0	153.3240122145462	147.43035730141813	0.0	164.50903100122653	172.92973679897997	0.0	116.43514110990303	200.7862602953485	0.0	132.7164962045346	241.7606132827889	0.0	161.25610535600322	213.00231773510643	0.0	153.24925168748743	197.7652548376675	0.0	172.1993287063707	239.3308129768744	0.0	169.4702242542521	211.86816661725766	0.0
157	2.6166666666666667	144.36182171381154	274.4649771405341	0.0	134.77260822782594	281.34602444336093	0.0	148.4053813029427	352.72403046349837	0.0	128.9842708156151	424.8784983107508	0.0	161.38519184688423	435.84930621181456	0.0	153.78486512490957	438.83773328110385	0.0	121.47806715785485	436.3007988163415	0.0	158.3601774988115	272.5441245315226	0.0	202.7728597124224	244.49484045165116	0.0	177.8436912819049	309.64927462336533	0.0	175.86358833502064	346.4780276615312	0.0	176.98165680168563	342.5409518298153	0.0	169.3626552849882	316.68853298955753	0.0	140.819782814963	187.76274729296938	0.0	156.3562360173328	145.96129279924222	0.0	164.95998025200905	172.95238659179785	0.0	116.15467630829977	202.73020794346027	0.0	131.79256616258874	243.6390316990523	0.0	160.22675283538155	215.93683434083766	0.0	152.50301606355438	198.81722997840228	0.0	173.05372549872965	241.62251484720002	0.0	169.8159851666917	215.68091615723313	0.0
158	2.6333333333333333	144.83405445401638	274.75477182923527	0.0	134.70812244595518	281.5916608836831	0.0	151.29261452120463	353.3992209154091	0.0	128.87811551119083	425.0934368420198	0.0	161.22185235202176	435.9050424560839	0.0	153.84431509840996	438.84293916851675	0.0	121.73009434061386	436.2423005092876	0.0	158.58406444432944	272.76891273719104	0.0	203.21328403128945	256.16605848063784	0.0	175.11686365561638	318.6639027152661	0.0	167.68517404431182	351.64208659979835	0.0	170.52899896275972	349.58031817321313	0.0	165.4656055168551	323.8165692343464	0.0	141.48447377650479	188.32849248025778	0.0	155.572666903917	146.96079900744294	0.0	164.75953933205207	173.60798225945388	0.0	116.09027218290578	203.96735149202055	0.0	130.20935442772355	245.2055953098643	0.0	159.4308409902518	217.25468894176464	0.0	156.10090068417878	199.13379720003235	0.0	174.5203804304367	242.53571086800687	0.0	169.65538029752028	216.40774471176132	0.0
159	2.65	144.70575749648688	276.47083862866714	0.0	133.94843486236874	282.7847733851888	0.0	153.0583070841582	353.8440682973082	0.0	128.99752911774266	425.08381149863544	0.0	161.1845932708214	435.82040941740985	0.0	153.9901823145824	438.745402653454	0.0	121.70996032582799	436.1879662752321	0.0	158.4338169603179	274.01411079656623	0.0	203.90371876487993	267.5178995780972	0.0	171.56805205577865	325.8333141484914	0.0	165.77922655384356	354.89323888193246	0.0	167.7139198755575	352.98729817215855	0.0	162.21177727052572	332.91708867749423	0.0	142.1656863592114	189.15116164089295	0.0	155.69809383656138	148.3493533627241	0.0	165.26863460998075	174.8450498837332	0.0	116.0095725161405	204.83700787526348	0.0	128.7757710811882	246.4159610237768	0.0	157.79432617734784	219.356629925315	0.0	159.43879387913358	199.4896073969747	0.0	176.48074102337594	242.2957063367575	0.0	170.19069887175957	219.21893738151226	0.0
160	2.6666666666666665	144.5169234452679	278.77460100995177	0.0	133.26017636633503	283.74238542500694	0.0	154.56582761409118	354.3824895912145	0.0	128.82439541665198	425.3293192980756	0.0	161.30481324159814	435.8054478010529	0.0	154.17944239007247	438.71885825170233	0.0	121.53507875343013	436.17317518144	0.0	158.34462404759614	275.42672656802876	0.0	204.15658248987745	276.78885956195404	0.0	169.0414004334377	335.19181012312504	0.0	164.7317648887068	358.43065341916736	0.0	165.66594851550067	359.2936665660911	0.0	158.89202152494653	343.89651072287876	0.0	142.35741574463097	191.14226023004707	0.0	156.65439572653096	149.31235719621316	0.0	165.9858795962828	175.691945639629	0.0	116.0208795251652	207.21159169876358	0.0	126.47364597265296	248.6599992446651	0.0	156.61302230977054	221.36316180580695	0.0	159.00985095550536	201.32933727522993	0.0	177.41226498143735	241.7187043169373	0.0	170.61596370319108	219.9641917194536	0.0
161	2.683333333333333	145.10029683826883	282.7282312199204	0.0	133.0818071517274	287.04572203913654	0.0	156.51132103967436	355.5644810360685	0.0	128.96272055738015	425.5524041206053	0.0	161.5019711952252	435.8364852390953	0.0	154.76935071160236	438.5853474368305	0.0	121.43481044840158	436.120419717951	0.0	159.2385051756428	279.69337617069976	0.0	204.25165257797997	284.8701701078205	0.0	166.53596172431114	344.6348281107495	0.0	164.14995004260928	371.201428302827	0.0	163.26739966414723	370.6730586831244	0.0	156.93488979683573	355.62748421210097	0.0	142.91687227370824	193.65689804019948	0.0	156.53735860036855	151.2460615689395	0.0	165.8047279134338	178.2072178517227	0.0	116.04176606799768	209.58186483899775	0.0	124.35566117985687	250.6645203215887	0.0	155.22821355861527	224.06744611851062	0.0	159.4546003470839	203.2754600086805	0.0	178.2549735245497	241.04274770889637	0.0	170.39704817440827	220.82186587771486	0.0
162	2.7	145.97023454181365	285.43975417098335	0.0	133.53312007960844	290.5570254513203	0.0	157.91975508554506	356.32529369804445	0.0	128.9858280148772	425.72636243958453	0.0	161.83955102286566	435.9028895328737	0.0	154.9053122659068	438.672860084479	0.0	121.37675390381852	435.7166103773934	0.0	160.75409985611674	281.68406289195104	0.0	204.37319770855663	294.5165493869849	0.0	162.7701442805104	356.24907172788414	0.0	161.28123626298776	384.8766015139096	0.0	161.27807371377997	380.6806043054989	0.0	154.17629867650743	365.7714411625915	0.0	143.17605301089722	196.00935180125134	0.0	156.50609459432638	154.45360874836985	0.0	166.37166195403933	180.7356025383878	0.0	116.33102267340506	211.29770460464448	0.0	122.63573957547547	252.67421672027766	0.0	153.769201425333	227.84996392430924	0.0	160.22451034662313	204.63934084073625	0.0	179.20364036851288	240.7350014611921	0.0	169.74023578732746	222.98180445495393	0.0
163	2.716666666666667	146.43254885255206	287.9826610515328	0.0	133.89481232087755	293.21517220873915	0.0	159.45764887403777	356.8770612520503	0.0	129.76070412839533	425.66527996089866	0.0	161.90059588456373	436.0078434901027	0.0	154.88956197900535	438.7659829276598	0.0	121.47943536741015	435.655164352015	0.0	161.2587395949335	285.1279394151756	0.0	203.99708812724208	302.72315542602684	0.0	162.83226390380753	361.49740978874917	0.0	161.37458762696917	391.0835844126109	0.0	162.32634355365894	387.7837696927876	0.0	154.64302368423262	370.0244099084412	0.0	144.1597448687451	198.70361913404284	0.0	156.78691335863664	156.64021652079956	0.0	167.0089102718937	183.1294471007284	0.0	117.35541283404478	213.93008171966153	0.0	119.99725111529476	254.33780103385507	0.0	153.30141638463024	232.8582530960514	0.0	160.85413960327793	207.23498792876597	0.0	179.38002348881284	240.51162011001696	0.0	169.36001591120953	222.8067047253856	0.0
164	2.7333333333333334	147.13094540954427	291.1831539847475	0.0	134.61837898865375	297.23535221917706	0.0	160.551765166482	358.07660608137417	0.0	130.01341768450322	425.8410966300528	0.0	161.96595008379424	436.13460304380294	0.0	155.17511128684663	438.8886168140092	0.0	121.87114212083986	435.8893376755772	0.0	162.3239775208122	290.59563145062435	0.0	203.600697057186	310.87686006764835	0.0	164.66932863662325	365.65184802732836	0.0	162.8386560526945	398.11429398020937	0.0	165.18322138605313	396.1258705193184	0.0	153.57248001866097	373.0986672681031	0.0	144.95409983574237	200.8433208650617	0.0	155.86027116466704	162.29466373740635	0.0	167.89044134157965	186.72074745141092	0.0	118.56250628098256	216.73539113962866	0.0	116.38072414932128	256.20998990967524	0.0	152.20141818424145	239.08894034742377	0.0	161.35414754532582	209.69929584401956	0.0	179.60527379849614	240.37346228795383	0.0	173.46015675326692	227.78890062505928	0.0
165	2.75	147.57904527740953	294.94378234174883	0.0	134.96296949210117	301.3555370389542	0.0	161.8838591925819	359.1874600624434	0.0	130.34129749018314	425.96529208326336	0.0	161.88935613839362	436.40499822377734	0.0	155.22065809172662	439.0251864293439	0.0	122.28216785651271	435.89182331747526	0.0	163.02436438871763	294.9204102491155	0.0	203.58238594817863	318.62639231248045	0.0	166.76972794861177	372.23540606361917	0.0	166.39630476677468	405.8496637941218	0.0	171.24607615872964	402.00244861412403	0.0	155.72038359652475	377.7317077733905	0.0	145.56445043188018	204.0454600669654	0.0	155.9526472711281	166.5128055426799	0.0	168.69476916157524	190.15157742785553	0.0	119.66863005048269	220.17994252674546	0.0	113.08622336507922	259.42536686024744	0.0	152.09907752097223	244.68892562888072	0.0	161.45715535970734	212.7945025019023	0.0	179.34251227951228	240.43664609161095	0.0	175.34522411889526	231.3103456229782	0.0
166	2.7666666666666666	147.69245863759335	296.7543090955914	0.0	135.10536254483827	302.68242351647	0.0	163.304949615745	359.8779528189879	0.0	130.69116826563763	425.51602145409254	0.0	161.66244481009045	436.540918599747	0.0	155.0665640193701	439.21527598725197	0.0	122.15014962084632	435.9802821839416	0.0	162.82484816279103	296.7401494995258	0.0	204.5062069061585	324.1946596531844	0.0	167.3787174982419	380.07496455421693	0.0	173.33148754425898	413.8778579173668	0.0	176.17605470320655	408.0687831876552	0.0	156.82133290927058	383.7193475824454	0.0	145.85743431841024	207.40276973340212	0.0	157.03472256975112	167.96818244771075	0.0	169.56700776470183	192.713673200395	0.0	121.4107523903554	222.96186374375517	0.0	107.82020130740317	260.885693954766	0.0	151.41073330249515	251.78149491535385	0.0	162.3813551241652	215.60974621603935	0.0	178.99000678334116	240.39598104496602	0.0	176.42487012514556	235.02507518123355	0.0
167	2.783333333333333	147.71450916182104	299.6661895019698	0.0	134.36385065024757	304.84534020226397	0.0	164.36496551325203	360.53813406325287	0.0	131.04002351666688	425.1630479394146	0.0	161.4259728414557	436.60084513395003	0.0	154.91762245433594	439.172662521124	0.0	122.09969725122559	435.88728207758567	0.0	162.721268596188	299.76143649207773	0.0	205.74695697198476	329.2624761009222	0.0	168.4809748280488	387.9721473857041	0.0	179.70193055092875	420.4018844831455	0.0	181.4758623177531	415.04524781192885	0.0	157.99269273038416	392.00432326804065	0.0	146.24790806331893	211.55459645364	0.0	157.67577900242952	169.17912132648334	0.0	169.92773503702452	195.37377712105678	0.0	122.87278775603146	226.30453864104197	0.0	106.68123575064675	261.4334180052795	0.0	149.79647046141733	260.03347819257954	0.0	163.5774442864082	218.5761641707093	0.0	180.06482315658562	240.42029755987284	0.0	177.96933893465055	240.92010877858016	0.0
168	2.8	148.04314221305577	302.6577177618477	0.0	134.96296492585785	309.3163050162286	0.0	164.9160353771611	360.90448720228676	0.0	131.10869754115436	425.34230849832215	0.0	160.9612227987317	436.9526142564954	0.0	154.88187599328785	439.5336933672523	0.0	122.1568428109644	436.2398087537419	0.0	163.4822876292118	304.42727569437477	0.0	207.0792597648845	334.1761285390878	0.0	172.0858301887607	394.2513143642264	0.0	188.2715018986949	423.6971527455325	0.0	190.5467737005352	419.39667933677254	0.0	161.0719107255075	399.09597971091307	0.0	147.71529001620252	212.2852672692739	0.0	156.88793862199947	174.71714076469618	0.0	171.157851608725	198.21320633917207	0.0	124.65150273685236	229.2518562057676	0.0	104.53619883056538	262.6266556708455	0.0	142.8438909883757	268.56458107840945	0.0	165.48641359550805	221.3186817387009	0.0	185.50168065306383	240.7649229756643	0.0	182.31899962409335	248.69680854338716	0.0
169	2.8166666666666664	148.02246962177693	304.69237829654327	0.0	134.96618224597105	310.9040525598	0.0	165.4491156111485	360.59663297261017	0.0	131.12182453823493	425.8924439471978	0.0	161.16584086117135	437.1542534938288	0.0	154.65728141765942	439.5547642981179	0.0	122.55008494840011	436.2591845124174	0.0	164.11994880555844	306.8446664705624	0.0	207.90794176559604	337.5760362261385	0.0	174.83676734827023	401.45294251528236	0.0	198.22883202240385	427.7681704032258	0.0	199.62532483479305	422.91148385907576	0.0	165.59763098798885	407.11419870807663	0.0	149.32086604580553	215.17643762831668	0.0	157.82179825542178	177.97820352729178	0.0	172.42739742383299	200.88901676852942	0.0	125.33026240879701	231.56515984556447	0.0	103.28284027439197	264.0460501569272	0.0	141.2803914914782	277.2864236131733	0.0	167.5959476809403	225.3563847319598	0.0	185.05375391379204	240.7861523974035	0.0	189.7959100056249	255.99572486094849	0.0
170	2.8333333333333335	146.88134839107158	305.5072752499499	0.0	134.21990002486552	311.4122589201394	0.0	166.7222618279344	360.20909471260626	0.0	131.1665217498513	426.19314248267153	0.0	161.30698887405558	436.8866912648513	0.0	154.56801090025763	439.2882435048821	0.0	123.27654457495946	434.95928337671273	0.0	162.6897473941424	307.18014076911055	0.0	208.8732185141821	339.1479433498703	0.0	184.43628886482247	407.4049134997748	0.0	205.88638049447025	429.72888580254386	0.0	206.8208250299479	424.5784138940043	0.0	174.87511074531136	414.8117839501659	0.0	151.24812909479726	219.698474578932	0.0	160.68291863022714	177.83974538913162	0.0	173.7800787902955	203.983085136252	0.0	126.23937713524856	234.74488228637992	0.0	99.89342716228207	266.2643771146895	0.0	135.96939074252512	289.0951063761981	0.0	170.38983599879163	228.47217754079563	0.0	183.07773511049905	240.7749365843575	0.0	191.3840877515974	259.89337922021207	0.0
171	2.85	146.4365837914157	308.546996905823	0.0	134.18900501799578	315.065999150587	0.0	167.68992514168016	359.9932305256754	0.0	132.4905808651824	424.76777235671665	0.0	161.23610921109048	437.1862310147651	0.0	154.60092703876862	439.27845154166073	0.0	123.57485402509727	435.2866747787957	0.0	162.6903367221676	309.5846960393286	0.0	209.80082001579376	341.6695147564066	0.0	191.95530679019672	411.45935585458534	0.0	216.65794810566854	430.82903568020225	0.0	216.87277082891404	426.87923734797545	0.0	183.52673797529346	421.96422618573456	0.0	152.86249293534257	221.4000023519603	0.0	162.34406398153249	182.57899823010283	0.0	175.25756464012707	206.53025387616287	0.0	128.45795157988783	236.66318679161807	0.0	98.87104638020591	268.8195601193917	0.0	129.6155024197278	295.56551445274954	0.0	170.83364527470826	228.94967200968577	0.0	185.59120149321038	241.06507977103377	0.0	194.57950196131782	262.8040978011046	0.0
172	2.8666666666666667	146.01295128113776	309.9045977675863	0.0	134.41216265170732	315.9672878238586	0.0	168.3578588885948	360.3055160574789	0.0	132.8741854346752	423.4413081401026	0.0	161.1690906149647	437.2734569328273	0.0	154.74918392463184	439.5480216762738	0.0	123.81347878156328	435.23235546753176	0.0	161.40772018748436	312.1527931580973	0.0	209.76556941214972	344.50349987378524	0.0	200.47927843406373	414.01920809998927	0.0	228.0009117126653	430.768692539231	0.0	228.9310695885157	426.85779935579706	0.0	193.08192733459143	427.17904197758537	0.0	154.1914453184675	223.07590701535668	0.0	163.259397969731	185.5640199747628	0.0	177.1956721915699	208.0375727534127	0.0	131.57895645487858	238.58495415181247	0.0	98.5673781513747	269.5010542380071	0.0	117.33445650765736	298.0717806559074	0.0	171.2149032830181	230.5620755309763	0.0	188.4024538710811	242.3950919992511	0.0	204.96268725682663	258.7103877935923	0.0
173	2.8833333333333333	145.39395052663818	310.37765390224354	0.0	133.9298527585733	316.213180612904	0.0	168.75852578349273	360.1660629772467	0.0	133.53631252995626	422.42167677953313	0.0	161.24466089300807	437.2272384175765	0.0	154.889386865313	439.43318952943986	0.0	124.42384720088957	435.0969824428757	0.0	159.23680482678617	313.28856175744914	0.0	208.34211575838873	346.45562240181187	0.0	209.3704752830795	416.9527203582451	0.0	240.2241805550123	428.5150683675816	0.0	236.87468407407954	424.63122181820034	0.0	204.68669619491004	430.24985255319586	0.0	155.71301083225967	224.61064568374962	0.0	164.4026612750949	188.51388061930075	0.0	180.28662709081624	210.29513055703038	0.0	134.32268196657043	239.73127507351927	0.0	102.28695234629646	270.40417913567916	0.0	109.47617171912762	306.3422897019068	0.0	172.3977616434082	232.20118951119855	0.0	193.7746051432582	242.5698945619808	0.0	213.49848042006442	260.26430280180085	0.0
174	2.9	143.72244156060768	311.83619103951224	0.0	132.3691808982475	317.5356997334436	0.0	168.91766313888888	360.2552629986208	0.0	133.88786765435898	422.1142143300915	0.0	161.2134554437839	437.2740043431106	0.0	154.86648926791742	439.24784361903437	0.0	123.95320978959847	434.8174445420985	0.0	157.123520197507	314.4909629850755	0.0	206.75280405406036	347.99084827918796	0.0	219.61198793475816	416.9127865588725	0.0	246.08565264913844	425.5358110024758	0.0	242.5410524103692	421.67405867921474	0.0	214.2173308437304	430.38449546327655	0.0	157.62517956267777	227.21429321770128	0.0	166.49618581651964	190.2353469681297	0.0	181.25227671070618	211.53289798024613	0.0	134.54195001519693	243.2994153967401	0.0	105.20363908598975	275.14124306435855	0.0	98.53564100845846	319.57736831725254	0.0	173.65149548793104	233.03448474193266	0.0	196.29002546845885	241.89280681475856	0.0	220.85592808840104	260.1105616023927	0.0
175	2.9166666666666665	142.33260894769896	313.355085149563	0.0	130.97544533886682	318.1057472111711	0.0	169.51578900164438	360.63600145605903	0.0	134.36538748999507	422.7283283751305	0.0	161.16109115718524	437.2893606158279	0.0	154.9941484302689	439.1518995014884	0.0	124.20934770504465	434.1978254109219	0.0	155.57874111714108	316.2113938930886	0.0	205.3724218161812	350.29631803699783	0.0	224.92644491108555	417.5598703513695	0.0	254.5739668047764	419.32347062773414	0.0	250.31678828247868	416.27129899740555	0.0	222.5590937415154	429.8993629576672	0.0	159.30186667752264	229.64588207383707	0.0	168.56622825582622	192.58998762578813	0.0	182.3766559096722	214.1782651014857	0.0	136.60417798553925	247.40581809651084	0.0	107.41714101587257	284.2987715457523	0.0	90.40085001737529	320.9373828171531	0.0	175.0467675994792	233.55155396505313	0.0	199.9666796039267	240.7896374320344	0.0	229.01370131496017	258.72841056817555	0.0
176	2.933333333333333	141.59586464568693	313.7492309508817	0.0	130.14256985761176	318.5017825396633	0.0	169.64337831156277	360.71999530070934	0.0	134.62337251232816	423.00654387751376	0.0	161.08107733831824	437.279455708238	0.0	154.81176289925372	439.22664649795297	0.0	124.34476585917702	433.99633700987897	0.0	154.39569504098426	316.4776636039197	0.0	200.70897795138916	352.7110900465374	0.0	231.03347933934066	415.0566490274556	0.0	258.27592271286716	411.9712404865441	0.0	253.54487932255958	410.2081284596493	0.0	231.05167654826943	428.0644012060624	0.0	161.0354760205301	232.1248163188074	0.0	169.89014631799458	195.57947108781238	0.0	183.5820763390899	217.84098984870087	0.0	138.46616850729822	249.3769180893708	0.0	108.25160526910479	286.17300277749194	0.0	83.63178077123048	319.9790884037953	0.0	175.94679811571143	233.99656253626924	0.0	205.32324314676006	238.86290310669688	0.0	236.1762448531061	255.45973613000515	0.0
177	2.95	140.86292569453732	314.0901878356122	0.0	129.89384824802687	319.10741134578797	0.0	169.06821090219185	361.1251438626824	0.0	134.86251739049726	423.0300590320141	0.0	161.59113537685926	437.31625507887384	0.0	154.77826673039283	439.1578856256072	0.0	124.37752233545551	434.64254773981304	0.0	153.95802482273245	316.898395124731	0.0	196.12537274938418	355.4157600584948	0.0	235.92516337668644	408.4369385613624	0.0	259.6589200654006	403.6023780101725	0.0	254.1791056361189	403.04981385848606	0.0	236.8668959126669	423.400312529748	0.0	162.02405764826005	234.39340815667884	0.0	171.1884916624151	197.06687340829424	0.0	185.35352896185117	219.91490519056106	0.0	139.26353786546045	250.69755759666128	0.0	107.45224676410919	286.4731704121306	0.0	78.7428188599759	316.99008993690444	0.0	178.5646270789014	235.03862382957232	0.0	210.4718292502244	236.5515555934147	0.0	243.2754910032627	251.21638021408614	0.0
178	2.966666666666667	140.07544493473455	314.7866511789872	0.0	129.51056563256543	318.6633763146175	0.0	168.79105402586944	361.604992249848	0.0	135.65140396803915	422.41941134293455	0.0	161.62073615385563	437.6229874546054	0.0	154.19025855202014	439.1465323627978	0.0	124.39926250621454	434.56070108100164	0.0	152.73666298975516	316.77205798814225	0.0	192.27599891444774	357.782647783685	0.0	237.9372840614373	405.338257740015	0.0	260.82210439491905	399.2820521520938	0.0	254.41774682440345	397.2049192702191	0.0	239.78500043797558	418.4575546695769	0.0	163.26067499542154	237.12612000205795	0.0	173.74970503746906	198.1220103999552	0.0	186.21389734486348	221.80806086892554	0.0	138.5340698731427	253.98970562957533	0.0	103.33757361181051	286.42824255926126	0.0	73.61625498135544	313.53859198432195	0.0	181.0653316645039	235.821251264483	0.0	215.45184465273277	235.5352448249352	0.0	249.3626570443201	246.60650311922038	0.0
179	2.9833333333333334	139.80162800315307	315.9700439474026	0.0	129.6694467576376	320.29494199162514	0.0	168.33587029989667	362.08445628199826	0.0	135.64411677783082	422.82842996557014	0.0	162.06314431937926	438.16634450604425	0.0	154.40199468784394	439.33565124583515	0.0	124.87601788868818	434.3686011980637	0.0	151.76424069273256	318.56698862878454	0.0	189.69571866942917	360.3010427178309	0.0	238.88736221471055	401.8798063298733	0.0	260.5327327587352	389.14683557529145	0.0	253.66749505267703	390.020491171551	0.0	241.6545510677832	414.4690879688991	0.0	163.6540157210675	238.36589606916857	0.0	175.0142161796996	200.07659053969297	0.0	187.15643120187738	224.17190618788533	0.0	137.49906616780675	254.9926184611023	0.0	102.16815589446183	283.1549585161179	0.0	72.67166835738601	307.5094375337344	0.0	182.49381377627515	236.1489797383043	0.0	219.15848299609362	232.92489605187225	0.0	253.16550493018497	233.9590741332825	0.0
180	3.0	139.5595529859124	315.6862424392644	0.0	130.77076389872408	321.39083097919337	0.0	168.37170632532477	363.0903838886628	0.0	135.82616594797682	421.9919242377861	0.0	162.50696684106694	438.8281604834391	0.0	155.3162990212845	439.3201120320076	0.0	124.88399263285406	434.5928672620517	0.0	150.62646741257703	319.9977494022971	0.0	185.9040624900965	361.29563176179295	0.0	236.50552836531008	397.52559508879216	0.0	258.51051134691176	382.1434255478895	0.0	252.0978243846057	383.94955866070046	0.0	240.113280054091	411.73471295512365	0.0	163.87746862706604	237.83348280840463	0.0	174.86947178082218	201.93415124159435	0.0	189.2491123519284	224.50209598558072	0.0	136.47924313531803	255.05963987785603	0.0	100.38523592383605	280.38631738902046	0.0	70.92105183397146	302.4043257076132	0.0	184.67542308369624	235.53343837856164	0.0	221.28851967336232	229.94098192615593	0.0	254.31035901903263	227.96335347111895	0.0
181	3.0166666666666666	139.74466431484092	316.31620686030107	0.0	131.72377600888794	321.40826174724754	0.0	168.92718505607	364.43033830038365	0.0	136.44386929392024	421.62105920316554	0.0	162.24144470968105	438.86122104433116	0.0	155.91990287390098	439.263949307894	0.0	125.41349868075815	434.4569270307291	0.0	150.39472559560062	316.8727828389063	0.0	185.37693141241144	361.5113587294806	0.0	233.79008016498804	396.16220676347706	0.0	257.5946815655666	378.7492897565992	0.0	251.24034070958382	379.32867618523596	0.0	236.56436906731625	409.49820782426883	0.0	164.8127718302106	238.2716258887042	0.0	176.2922050845365	201.7054129963372	0.0	189.9882698585253	224.93510134207168	0.0	136.96095075635318	254.19653321845595	0.0	101.67459795777712	276.66204464661934	0.0	71.69055638928778	297.08539765120076	0.0	185.3433444058919	235.04859035240094	0.0	219.71699621340142	226.3706680220371	0.0	253.51983776578962	222.00663844557758	0.0
182	3.033333333333333	140.46114608244326	316.0549834947101	0.0	132.55866371656575	321.12525199060224	0.0	169.5108349918545	366.26492648340235	0.0	137.2861266880816	421.3628986958659	0.0	161.92560340164803	438.88307560221034	0.0	156.28588513301568	439.5240562381156	0.0	125.95798991933289	434.4241138034304	0.0	150.80632707633677	316.6812747725596	0.0	184.54745730932524	360.7120309681235	0.0	227.3983268598739	395.6828309774742	0.0	254.8430355078099	379.6319465263098	0.0	250.2484321629526	381.3534766366942	0.0	230.48775636488855	409.6520315811503	0.0	165.10940451911054	238.400577820822	0.0	178.08515251298144	201.30797045889753	0.0	190.88133781655347	224.04475700314856	0.0	137.40202687275357	252.59723569922056	0.0	102.79538645247567	273.90960531156605	0.0	73.94816167387148	291.9791794272508	0.0	184.2440846551484	234.1530750110117	0.0	217.35042048043675	221.3995854538841	0.0	252.5593593616479	214.14006370380747	0.0
183	3.05	141.71581429015936	315.7606391964691	0.0	135.3435961099636	321.42876144704667	0.0	169.46219331454753	369.28360446322426	0.0	137.93512621325723	421.2623348083921	0.0	161.8098520646492	438.35595852085606	0.0	156.04126173248318	439.35388499091977	0.0	126.77549577788159	433.9236175305611	0.0	151.9326620061799	316.90336353878035	0.0	183.61033433823903	358.51915788116224	0.0	220.7705535150814	397.9782041580981	0.0	247.82598863628644	384.23528630331816	0.0	243.8568111414718	385.4683688967934	0.0	223.86569767781324	412.8929095010976	0.0	165.54536894314407	237.19010768413222	0.0	177.9872614085919	200.69825860186765	0.0	191.23375716070487	223.70538808552982	0.0	137.9864072188952	251.39091153181027	0.0	104.0227656550925	270.7476780388008	0.0	77.65787454448815	287.69256761514	0.0	184.53734976659734	231.588044495681	0.0	216.48229389924046	216.80934517034848	0.0	246.83914541528924	209.24963969175755	0.0
184	3.0666666666666664	145.19659016101033	315.86881856200364	0.0	139.2395108893563	321.31830845777085	0.0	168.71758667730333	372.08417838667606	0.0	138.70737367626612	421.0347507950187	0.0	161.84379458092832	437.7526240457828	0.0	157.18813009632282	439.3743918243782	0.0	127.91299026906783	432.8430107908555	0.0	153.13537683136929	318.4400613473815	0.0	182.19910469492555	355.11071486633307	0.0	217.9822108960371	401.3498511603126	0.0	239.08962236622125	390.7779756497505	0.0	236.3993720964884	389.93362332855344	0.0	216.27221544780477	420.3783256845941	0.0	166.29167948506858	235.86005094598812	0.0	178.78407200151503	198.3744309807108	0.0	191.8916845567064	220.57083331630716	0.0	138.71460643763174	249.89902630993774	0.0	105.28102745335642	267.82707878148545	0.0	81.56564695983754	281.63224066333413	0.0	183.84966880557351	230.8279755652489	0.0	212.3140168814305	209.19911570736065	0.0	242.86583252892478	202.7619620132871	0.0
185	3.0833333333333335	148.276847061335	315.7688984147076	0.0	142.55967047563288	319.96586794680826	0.0	167.88275066562332	374.94376138667843	0.0	140.9127609705929	418.9690156868416	0.0	162.29286752561532	437.8587148301618	0.0	158.22958526201296	439.50789113762033	0.0	129.01027078089626	429.8143741985025	0.0	151.9844315481133	316.6960823562834	0.0	181.313668504822	351.9295399246792	0.0	205.89388801080037	405.93469340942346	0.0	227.94713106453597	400.3688796873614	0.0	224.78112297253182	400.2513941736774	0.0	207.4585572670286	423.0728957030106	0.0	165.50564582355395	234.85511943595517	0.0	180.24621077072683	196.4317793750823	0.0	190.7776736287767	217.80466060725504	0.0	139.74806348916124	248.202001091285	0.0	107.34278484625406	266.3697969604257	0.0	85.18456975848937	277.578317114788	0.0	179.71295348072732	234.70317212454802	0.0	208.2526154602803	204.29182662117853	0.0	241.55033021499804	200.13281342869524	0.0
186	3.1	152.16234450250596	315.59369429789297	0.0	146.3440744016755	318.3501186143657	0.0	167.52320853841886	377.3802569608393	0.0	144.2552102673786	416.34382166017787	0.0	163.14333468544856	437.98230021244194	0.0	158.90340512115984	439.2313572454034	0.0	131.8215113047069	426.34632077709506	0.0	150.86785342158987	315.73927152955457	0.0	181.80597742133455	357.0711512779287	0.0	200.8058189888299	413.47548377281873	0.0	216.54202660621326	413.97563423792496	0.0	213.19935965783	411.4815041908568	0.0	200.9780482669318	427.79696662627305	0.0	164.57732881442658	234.38504957968593	0.0	180.87552418467814	194.99118040051673	0.0	189.8224995832318	217.02213051530424	0.0	140.34708760242535	247.47562062152193	0.0	110.85961042493976	265.3668157220267	0.0	91.67355257394655	273.21479551440217	0.0	178.2766086394805	234.97888504025272	0.0	203.61430274442674	199.46495994222133	0.0	238.09117720088545	198.9010638855401	0.0
187	3.1166666666666667	155.15759800226658	315.54269661348434	0.0	148.34878048874572	317.27292521402717	0.0	167.13914179565757	378.52583894836715	0.0	147.26735569948926	414.2135704181149	0.0	163.01215505356126	438.52962509092885	0.0	159.43290407020186	438.4114457831315	0.0	136.56489986418597	423.8156427850781	0.0	150.63977817246231	315.5885225434944	0.0	181.66151695619465	369.90026383672335	0.0	192.881216578589	421.60316358415696	0.0	196.97938584514236	436.373121163721	0.0	201.90808701109907	432.0864815869252	0.0	191.45416884356928	433.16999915239285	0.0	164.51344337417623	231.77344588589068	0.0	177.9790440953941	192.0497956098528	0.0	187.7596962162669	214.53838247098236	0.0	142.1450149364059	246.19405457866534	0.0	118.1309387977926	263.32514110248223	0.0	99.22173273536093	263.81700056474426	0.0	174.80791966240008	233.12176768888875	0.0	190.70955051533937	199.82737023651973	0.0	225.7521392817373	198.12986826420675	0.0
188	3.1333333333333333	156.13889584476323	315.71852371362576	0.0	157.48706654354675	317.3972775209329	0.0	167.38760510941964	378.17311539447223	0.0	151.9490812969108	413.4089558488539	0.0	163.0298827899479	439.54775384307334	0.0	159.32498271422847	437.7375525076467	0.0	140.84478103347118	421.1019317660551	0.0	150.60734040515192	315.77846450035463	0.0	179.47482593964986	373.6272251162901	0.0	185.70647881161548	423.0619371205732	0.0	192.92644670214955	439.2969778468831	0.0	192.21275929608166	433.59394527912616	0.0	181.1224967878776	434.1067130394907	0.0	163.07089768444553	230.09941185230343	0.0	175.2869342547099	187.7171137216497	0.0	186.00229860302318	209.73444196801586	0.0	143.26845333674393	247.26291935666012	0.0	117.42907599657292	266.65991228675244	0.0	107.47015180865982	254.48411162874257	0.0	161.87326304413068	238.52899006007982	0.0	145.5490146517078	257.1769973259085	0.0	109.76753570427098	246.5294115491956	0.0
189	3.15	160.22005338833884	315.22248670015165	0.0	165.09226580383208	317.0418996526212	0.0	171.5788531600909	378.6899978902181	0.0	155.582152978753	414.12203729385	0.0	162.33098342944388	439.24454207040884	0.0	158.81802641848316	438.1598412573089	0.0	141.86479313938335	420.26098183779345	0.0	151.5631466972175	315.9376241956237	0.0	175.96991541103614	376.2288371390501	0.0	182.3056693294232	422.3453260083138	0.0	196.2592799504288	438.5025669158127	0.0	195.26952897965475	432.54812909747324	0.0	179.2575285972577	433.9046988625738	0.0	162.12664474692667	226.8527567925088	0.0	172.45547299815905	185.83993287371027	0.0	181.20475950100194	205.29103994764193	0.0	146.90570216941208	246.90241121448497	0.0	116.96557604828891	268.0838900043716	0.0	114.00403181948138	243.10304068625592	0.0	162.44368674829002	237.2745270593562	0.0	163.38114988623667	258.5410635084538	0.0	115.18955332192502	239.13537987006782	0.0
190	3.1666666666666665	161.45867211098474	315.5246637476704	0.0	171.7596557450867	317.3318930392604	0.0	174.45614907555566	379.61802608090125	0.0	156.78493690846327	413.0488133719322	0.0	158.43326169576437	440.67096191450764	0.0	157.75347001232834	437.84281827371683	0.0	147.21111020779477	419.68830845601536	0.0	149.55794058779793	316.23730038243013	0.0	173.48915212891865	377.6154829186256	0.0	182.47341325484	422.2314160131913	0.0	189.96094479219062	436.1986679968131	0.0	187.60129017737287	432.46232500072244	0.0	181.7505173736061	434.02688758482407	0.0	161.46211965650136	224.9508344380062	0.0	165.14720669961557	185.8158676969788	0.0	178.4080068069428	204.30830940643426	0.0	154.70402434920166	246.40995895492358	0.0	124.3365726019731	268.4579201967806	0.0	122.23092539194326	233.69258864160264	0.0	148.10085561969532	236.6974080955957	0.0	144.50759560480176	256.8787566278951	0.0	128.56370940710366	232.49935130805855	0.0
191	3.183333333333333	161.71513158814957	316.27434047544995	0.0	175.93754063815987	319.91817558351363	0.0	177.3296951176091	378.27478338235846	0.0	157.05541237062292	411.2552768868085	0.0	155.4823274214993	441.3544299536012	0.0	156.816878032059	438.22631699687577	0.0	148.0253865692104	415.66219613272517	0.0	146.84833035855402	318.85202097655656	0.0	167.55663195715212	381.31709785584144	0.0	182.6115639961651	423.433050860433	0.0	191.05531800422324	433.4138532930607	0.0	184.39737474500882	435.038169221352	0.0	183.20068838864114	434.2426432919317	0.0	158.13354618169762	223.6169163514985	0.0	159.7397949330244	185.9095029532617	0.0	175.15407298037934	203.31371667808835	0.0	167.9929483372245	246.83551194454117	0.0	139.0424764461325	266.6587095858899	0.0	130.83031221319317	230.48893368431632	0.0	140.10932090346478	235.47054630705634	0.0	167.60420412807167	241.93006119285448	0.0	180.80753640975766	226.270458791376	0.0
192	3.2	162.0237304160399	315.90298149193535	0.0	179.2566320747579	323.45251652133277	0.0	179.03098552055047	378.6399534380396	0.0	159.21904775362492	409.416077846409	0.0	150.68091705563847	441.47352844720416	0.0	155.08958236491026	438.33941395908005	0.0	150.18107886789213	414.81295648273993	0.0	147.57904441856866	316.869582711388	0.0	163.36200145639424	380.68951295232864	0.0	182.00763945478968	423.36799481590344	0.0	191.07815269311908	434.1494892453644	0.0	182.95463740268667	436.79854134603374	0.0	183.67536640455384	434.2577912182758	0.0	156.31238152801973	223.2327314438627	0.0	153.79276528289114	185.50479907141013	0.0	169.35963008805567	202.4344620997564	0.0	172.29005863596478	245.81430182891566	0.0	177.2494809682666	252.51033427085804	0.0	155.18985370534156	242.02221193059432	0.0	133.24073583948086	236.38324675221344	0.0	161.3904831152065	256.013152318546	0.0	168.4500575487438	228.51576672370228	0.0
193	3.216666666666667	164.60208447891566	314.35330954844926	0.0	182.9189886095663	319.6401305034552	0.0	182.07935865196887	377.60162361143205	0.0	161.59947710199006	407.55214824282416	0.0	150.54136018777598	440.13066124224474	0.0	154.91452603926737	437.1181972656635	0.0	152.25833283713968	410.97239479839277	0.0	148.5736400735518	319.93514732275474	0.0	163.01781924802216	378.5682450000444	0.0	182.7029288428725	424.32118710899266	0.0	190.93689780380285	431.9712357332313	0.0	182.52165910689484	433.40136076416934	0.0	184.52825097249553	434.26492377388774	0.0	152.57446059151243	223.5729344993683	0.0	148.82965895587472	185.1577780104039	0.0	161.94192549187977	205.05329384203318	0.0	174.81752708665016	242.33151740552194	0.0	172.4077404535524	246.69431849624368	0.0	146.89636360167506	232.8631625397116	0.0	129.089644399731	243.3596269313686	0.0	119.34720609539006	265.5826625326207	0.0	138.97491547040173	252.66587847217627	0.0
194	3.2333333333333334	166.14185281767743	313.5789867009119	0.0	182.17978879451556	318.30905358380943	0.0	183.76410804248505	377.9721394576802	0.0	163.65872067353396	405.6980824776161	0.0	150.47770308316586	439.6744823835619	0.0	156.02648660463657	437.2234987025948	0.0	156.71441350643644	406.95154945463577	0.0	149.6507949631962	320.55736320030894	0.0	163.3484686634147	376.5297073509382	0.0	183.47602325107923	426.85158263904606	0.0	191.2664545297123	432.31378528319266	0.0	182.37542953154525	431.86968151145766	0.0	185.56731864283051	434.4359668163346	0.0	151.29736380596756	222.97532031780383	0.0	144.62970423417462	184.46210835405478	0.0	145.5432113368659	203.86649021193148	0.0	179.67423951769854	232.9639026023361	0.0	197.63517593206114	221.0528959595523	0.0	167.37582477067792	231.22543767597202	0.0	125.65295952231031	245.7316541343963	0.0	115.17689083490636	281.78255911152627	0.0	137.12364980695656	259.81132479558704	0.0
195	3.25	166.72357123959875	310.635906644139	0.0	183.2300904301955	311.82978223700087	0.0	186.9288085117289	376.56004953148215	0.0	168.1804648598736	402.8283540960614	0.0	153.90534918666486	436.43220380773045	0.0	159.12262607651226	435.99352242352796	0.0	161.5986663786787	401.8010821453847	0.0	151.1303415774217	317.615078726043	0.0	164.92434981678588	375.71939532742897	0.0	183.58427092045798	426.874764733852	0.0	190.43373016203785	431.1999827741911	0.0	184.56952135604863	430.2885710850022	0.0	186.10744553906721	433.9820730954399	0.0	150.5216509543665	222.6524048107686	0.0	138.9827516710682	183.14770035301487	0.0	142.24200293760268	202.45285706532266	0.0	184.01421560921625	229.29836037173447	0.0	213.90968958025576	207.3516204556235	0.0	235.96232754122212	216.1663435015922	0.0	121.94844197336789	252.29781830248368	0.0	113.74629981163658	288.91926151588245	0.0	127.30274840674272	261.33716066699657	0.0
196	3.2666666666666666	167.81084530589155	308.7720128149623	0.0	183.84469142279968	309.2954049873335	0.0	188.7207928060948	378.85328742983205	0.0	170.52570455729114	403.862724056157	0.0	155.26781341923612	436.46791049393636	0.0	159.06554235607436	435.48563602137733	0.0	164.43908132419116	403.9151537703634	0.0	152.0921462625083	315.2435734341896	0.0	164.98668512707295	376.2108479684873	0.0	183.49547112106728	426.9787468500625	0.0	190.42682235388128	434.0602062096266	0.0	184.1890172268416	430.305146495982	0.0	186.62941192663004	434.6930634559551	0.0	147.49557011152734	223.0501462305042	0.0	134.61618077436572	184.29773945594567	0.0	137.4831303574742	204.4804953282202	0.0	181.12954972821328	223.915147311299	0.0	215.78839244113175	200.43344491704482	0.0	236.32163203304458	176.51288408804172	0.0	122.69680155143976	253.71650352132787	0.0	113.06886646876127	293.68294454220296	0.0	121.4517733131444	259.2213674105843	0.0
197	3.283333333333333	169.61070072818515	306.4156092371538	0.0	185.09939215854337	307.3855655990885	0.0	191.53272585848853	379.0487180319043	0.0	174.56052198607418	401.22855541673874	0.0	158.46934132818967	432.87872621027606	0.0	162.6481322817037	430.2405891876869	0.0	168.02884091872602	403.84031535743856	0.0	153.5269437215909	312.19133508484447	0.0	164.86028301370087	374.8528642670997	0.0	183.36515099087813	426.5126696393705	0.0	190.5747458157573	433.78109280689716	0.0	185.54895315919867	431.8231122658722	0.0	187.13912975345573	435.0623811069853	0.0	146.21563911122843	222.1249016863967	0.0	132.9360821554982	185.19698447084855	0.0	136.56109757479854	205.2064348314574	0.0	181.2631358929475	221.97558290378595	0.0	217.4088145430834	195.87538205628533	0.0	160.6218636801613	165.14976959405908	0.0	123.91629623808137	251.70308397643072	0.0	112.14495180266408	295.5945130459098	0.0	116.99230726273733	265.3089467056391	0.0
198	3.3	170.45395223245026	305.65544486262945	0.0	186.32877649584225	306.712525958722	0.0	193.32354193491335	377.6281450495964	0.0	178.54490998729136	398.766204207342	0.0	162.75630209218102	432.54773078250753	0.0	167.4290816081993	429.80679838706016	0.0	172.50581458984215	403.98018740966455	0.0	154.9221634814759	311.1988438068439	0.0	166.04361074052073	374.5806119443091	0.0	183.30319108469428	425.85968765314556	0.0	190.7731157733906	434.80124984664246	0.0	185.82329675847998	432.2980769921326	0.0	187.06937244324587	435.0715849210055	0.0	146.30920301005344	221.6117423636257	0.0	132.59858179301105	185.84472554786612	0.0	133.66310026494764	206.69584258402352	0.0	182.29220253487279	220.27069343082357	0.0	217.30319454149142	194.3598059227634	0.0	162.33760167471894	158.39957458584345	0.0	124.85644613200493	247.66226989846052	0.0	113.11791548307161	294.64079338160934	0.0	115.7269523436391	266.2711810197986	0.0
199	3.3166666666666664	172.3173775033018	302.2152841392484	0.0	188.2915319240515	302.82840160020703	0.0	196.31427006064217	376.42769418605207	0.0	183.13441036210062	397.54323004670186	0.0	168.2250781829891	433.0041423404598	0.0	177.4307937334845	429.7759224997672	0.0	176.0396027867283	400.89199042278653	0.0	156.37104742269122	308.3401718670942	0.0	167.82794162086358	377.80506864568065	0.0	183.10829554011752	426.1170320482604	0.0	191.79512251547823	435.6414033108556	0.0	186.85321109955257	433.6044309690742	0.0	186.11775798947303	435.00354952384225	0.0	146.03321949151388	222.0903536988295	0.0	131.80161766337054	186.32655204683098	0.0	131.2192608047934	208.70638271558067	0.0	181.04200130776636	221.417588146624	0.0	214.42514153759328	194.67064539844267	0.0	243.56427256961092	162.33039291045878	0.0	124.55487077755724	244.95649301197022	0.0	114.88011910998402	290.91786955254037	0.0	114.85976329335404	263.1898784922846	0.0
200	3.3333333333333335	174.72193423638356	299.05068338584823	0.0	190.6894063467847	301.14316105313884	0.0	198.8524753841442	372.1714184043645	0.0	185.63161516149722	397.9782321831419	0.0	178.49653872907442	433.63878697461695	0.0	185.3176234841281	429.42739142159337	0.0	177.94558356371599	399.63933489922886	0.0	159.60691323191122	306.59754134528987	0.0	169.86761917897576	376.52864452251214	0.0	182.88063448809956	425.7210581315305	0.0	191.0479806032354	435.5355899973762	0.0	185.9068783487048	433.8408823902487	0.0	181.0685854542377	435.06164464205	0.0	146.45181840237507	221.5618991423434	0.0	132.1680671122703	187.0458332436841	0.0	130.93039981711564	209.38967734639056	0.0	179.56473983589606	221.49187023721376	0.0	208.46277011756422	197.83048161897406	0.0	233.43184635262529	173.29843615611935	0.0	124.42189948151506	241.86584053112225	0.0	118.00615124143796	286.11044120035825	0.0	116.90710888187171	276.7451535434704	0.0
201	3.35	177.79052412609758	297.16703582198045	0.0	192.58151516183952	299.3059991105116	0.0	202.0897248869861	368.681472754407	0.0	188.14001380254356	395.7529504221577	0.0	177.97344025516944	429.8170677269971	0.0	185.100505698501	425.0139019622544	0.0	180.49813929975923	393.3743684654749	0.0	162.50248326195344	303.5863331738589	0.0	171.00343651541465	374.3771115789485	0.0	183.06702757552995	426.13264439739584	0.0	189.81592454185432	435.5148647528673	0.0	183.01714067027135	434.8157995242922	0.0	182.28593343382522	434.8556584407588	0.0	146.03184276866727	219.3704751138887	0.0	136.51717143547532	188.74994239123936	0.0	134.64273552174944	209.3513541092209	0.0	176.87260837430648	223.27021295939892	0.0	183.6934190239409	259.7934124160892	0.0	149.17895247630904	254.61889293287956	0.0	125.66948079274091	236.30240797153593	0.0	120.90957885551659	287.9365844845416	0.0	119.7779934569455	258.8759253629247	0.0
202	3.3666666666666667	181.1146241864073	290.9953019443028	0.0	194.9028329862871	292.3617066928325	0.0	206.2714937872151	365.71756893027253	0.0	189.64554925631228	392.72269369599684	0.0	173.41131338679668	428.13035021722345	0.0	194.7459207313707	418.365704484951	0.0	180.12078792952363	391.01019618556603	0.0	165.93757110446717	298.0641642852876	0.0	171.95336709909006	372.8550154802795	0.0	183.0185757994816	425.86332348009853	0.0	191.2521399983767	435.0234544576073	0.0	183.37291316302972	434.87509192441996	0.0	178.56121871811507	434.7941818911496	0.0	145.10166474110386	218.8994537509537	0.0	137.54186668831383	188.2618802471689	0.0	136.95775665438435	208.05649899264287	0.0	173.30351254526863	226.52222708431196	0.0	182.76901121174285	263.6847518412913	0.0	153.89127384251657	282.1516131856895	0.0	125.44663796035212	233.9656818189317	0.0	123.9974888072231	291.907939123927	0.0	132.09998671325005	290.9381895911716	0.0
203	3.3833333333333333	184.28065885214258	287.6020324604747	0.0	197.63465198353074	289.2002437568269	0.0	210.7606625765246	362.01852047583105	0.0	192.0029682331462	390.5724814834367	0.0	174.08466528759115	427.57309515232333	0.0	195.82277557382207	417.8961391724606	0.0	181.5948023306359	390.88455702746876	0.0	168.84165744063304	295.2744720137091	0.0	174.27174605031942	371.49169639875305	0.0	182.79430260719766	425.78109401036886	0.0	192.21653080308508	434.83533465878025	0.0	186.01043985768518	435.00969914047084	0.0	179.55389693978503	434.4750521222783	0.0	143.6526061572073	218.48332728274454	0.0	138.093728926641	187.92613652790112	0.0	135.3013616517373	206.14324433889846	0.0	170.20588020426908	227.02098098457446	0.0	171.10182478938353	262.9022523255305	0.0	146.1715768408705	289.08384481074756	0.0	126.94944445952052	231.70627132864198	0.0	126.84375190550027	281.2540010187236	0.0	129.6655769615147	298.1986111307142	0.0
204	3.4	188.30945693015488	289.20101978721976	0.0	201.49526294290504	291.2239232206948	0.0	215.91285052577723	358.9833986127401	0.0	196.20030935861482	384.94653326624655	0.0	195.83834513882965	420.38692746510486	0.0	200.0164420052901	407.30336245891374	0.0	185.3385392782131	387.3066230099725	0.0	171.9244027635666	297.352531337823	0.0	175.7516656705804	368.9246845669295	0.0	181.92139394482305	425.51050479223704	0.0	191.83005659347043	435.01825407535307	0.0	184.29962369057563	435.20931393874537	0.0	180.78367254131095	435.12550872288443	0.0	141.53853674235745	217.01109872261006	0.0	136.8552439947857	188.19336924812347	0.0	133.39917414592804	205.80656478252558	0.0	163.73124816993965	227.80942272080222	0.0	165.67452632849756	266.46627323797526	0.0	144.4657089550442	300.723591467659	0.0	127.78033807025898	230.9695849082183	0.0	130.31302887421484	276.7026106260826	0.0	129.9135662265439	302.208300200098	0.0
205	3.4166666666666665	189.6227944844284	287.3561914960472	0.0	202.7911699541374	287.77847254116796	0.0	221.09636598111095	354.58968467520697	0.0	200.95496201039379	378.0136146766621	0.0	193.55228519437802	420.12222535015997	0.0	204.32143925212438	396.18376759667785	0.0	190.54341971185642	379.92942689927594	0.0	172.63465645886828	294.8051340191218	0.0	178.41425311385817	367.9668839477291	0.0	182.48640940468064	425.60171315850954	0.0	189.02423378282418	434.1451860839836	0.0	180.53250511126768	435.1039058201373	0.0	181.91589034538566	435.4134253728214	0.0	139.3809651787981	219.04598022087436	0.0	133.97932568680145	188.12266124142002	0.0	128.41223736366462	207.2390430397723	0.0	157.37678113387557	228.83084763679153	0.0	134.82721416637258	281.5380351177982	0.0	102.76136437238812	312.9371714227667	0.0	129.18502319761734	229.95400916643607	0.0	133.74502264400144	277.2584535904998	0.0	131.09227914852622	304.3234560029979	0.0
206	3.433333333333333	189.94565696091655	285.6092735703969	0.0	203.41280355229077	284.348506010816	0.0	225.7632420836664	350.3856805043063	0.0	207.82219079276416	369.91302442731	0.0	195.77344124269123	414.9570407863092	0.0	208.6425913478643	385.08425777082977	0.0	201.4991471618837	365.72825156041154	0.0	173.73507145286354	292.5601731269461	0.0	179.05402966735502	367.057445905804	0.0	182.78148588607763	425.605236848539	0.0	184.5688978640526	433.1966585302048	0.0	174.20002144515607	434.9264192173939	0.0	182.15718006371156	435.7022925770483	0.0	137.026652930933	221.79949250289803	0.0	130.56951746398246	189.00078648163475	0.0	123.08986809106926	211.81213620682908	0.0	151.60078750097315	229.41542052104313	0.0	124.99708573817574	288.5668954436238	0.0	94.3790255196488	317.00779898407086	0.0	129.72747490245501	230.31788292731085	0.0	134.75842317915502	274.9937822739623	0.0	132.5523348296618	305.58064334796035	0.0
207	3.4499999999999997	190.41498393959228	283.5081336015048	0.0	204.38800287910016	280.71718371179026	0.0	230.37667393802803	344.82645395048286	0.0	218.0070270551505	358.2832829227408	0.0	203.56606991815804	374.55826542040813	0.0	213.37551954566726	373.88107426210325	0.0	212.88344782995514	353.31237861108053	0.0	174.70563613623062	290.58797110580946	0.0	180.02089606294618	366.23210609591814	0.0	183.13189505305468	425.4904961325046	0.0	181.23635777007146	432.8888953224497	0.0	173.51198531143888	434.6386262914091	0.0	183.8192288835054	435.90676041459017	0.0	135.92029442945454	223.8442938453901	0.0	124.70109234715503	191.26832270948302	0.0	118.81947818182266	214.98572984913852	0.0	149.9486892731381	230.16914225456406	0.0	123.19286114146153	289.92589780303285	0.0	90.479281346145	318.8330294775422	0.0	129.358666611229	230.29703233606728	0.0	135.8036183166634	273.8520034316531	0.0	134.94022214616018	307.13078489759266	0.0
208	3.466666666666667	191.5358321671367	283.19605926576764	0.0	205.37167162616055	280.7913281769793	0.0	233.18250717670878	341.509320380549	0.0	227.82117814027492	344.52859715879566	0.0	217.33438520288576	365.4008221777332	0.0	230.66707472603295	358.5494810703564	0.0	229.12049596019483	337.1160593855499	0.0	177.14052906248065	291.5634638304853	0.0	181.901183983126	365.44940626298734	0.0	183.4256491338123	425.0985817664432	0.0	180.1988918470001	433.05880116290746	0.0	174.06503638468686	434.449531344515	0.0	184.37567830360504	435.658698176151	0.0	134.55803486673523	225.95712815960474	0.0	119.6542960703143	193.9915560773086	0.0	115.43994733347395	217.41970004593247	0.0	149.0504582634805	231.60254640624768	0.0	123.84975503267094	288.73788175110093	0.0	90.08307574395938	314.42143945985987	0.0	129.03909746263668	231.05023300020872	0.0	138.36533587135145	270.96824661380936	0.0	137.70599445602014	307.88364780933875	0.0
209	3.4833333333333334	192.1505083926012	283.27773074503926	0.0	205.7796323937131	281.4576609974265	0.0	235.36849883302085	338.6928873381374	0.0	232.7326008204064	331.0526271251941	0.0	237.67508660599174	336.86145723304463	0.0	243.09715816221063	331.4751186581185	0.0	233.99320206680736	324.3128521854738	0.0	177.89673881914788	292.9228358934683	0.0	183.62527609978315	366.3583182016808	0.0	183.89785892273963	425.028948525827	0.0	180.2000439705773	433.07212839890025	0.0	175.05101810838408	434.42508375592934	0.0	184.94153426625803	435.606347423337	0.0	130.10149198068697	225.84832869425605	0.0	116.51258399959426	195.6487543255208	0.0	112.5033651011017	219.20140788268603	0.0	146.6781249578632	231.83514984617614	0.0	124.34996506040538	286.0642501290832	0.0	91.6289750840224	308.2865435269315	0.0	127.0021206345386	232.37697105792972	0.0	140.2772788486689	268.6075314120269	0.0	140.16032902825538	309.0238816994436	0.0
210	3.5	192.92741700484254	283.64309358509195	0.0	205.40480907175785	280.3950956413779	0.0	239.5496031979422	332.83192933942934	0.0	242.5655140346011	312.98758449799413	0.0	248.18083254337694	333.0586549215859	0.0	252.6109888725514	323.05786711151364	0.0	241.80111637406424	315.0193472760067	0.0	179.00601151150659	293.61256082244813	0.0	185.29598972659386	365.99357883203487	0.0	184.20363569168754	424.98834962510875	0.0	180.78217897601186	432.9956773069675	0.0	175.11509570336818	434.4687357454607	0.0	186.259503368377	435.80170512685606	0.0	127.85469928291914	226.53079210878724	0.0	111.79450472488864	198.5635304183165	0.0	108.99171310016331	222.32052117999794	0.0	146.27370355077267	232.5979714499024	0.0	123.30566959454043	284.44137414868504	0.0	93.54208749192135	302.57356660509373	0.0	125.474800977419	233.06501555836252	0.0	140.6953198637027	267.6626783330018	0.0	142.41438105410066	309.9121232002428	0.0
211	3.5166666666666666	193.09573116142778	282.24996702831197	0.0	205.1426415536853	277.3984349474178	0.0	245.9436101128308	325.3211917499677	0.0	255.62992157086723	306.5507709173475	0.0	248.32882241039832	333.7370064355971	0.0	252.801391186573	324.14178704885694	0.0	242.43228029417878	316.4797591877801	0.0	179.7780482667042	289.6151026061338	0.0	185.87638583129217	364.24806612525447	0.0	184.74238520531262	425.0503219640798	0.0	180.72932345749456	433.08336957006816	0.0	175.04671848909095	434.9100042745581	0.0	187.5040117802356	435.51555392114966	0.0	126.61029692111686	228.31173021707767	0.0	109.35682916124671	200.1173239792331	0.0	107.3719668695771	224.12206503001875	0.0	144.5844419549166	232.60373916727946	0.0	128.1492116974793	280.27841983057147	0.0	99.41784710504433	295.08792960452115	0.0	122.78770796901942	233.71567547178483	0.0	140.9473971641537	267.2829933749134	0.0	145.18270424337777	310.70162892251005	0.0
212	3.533333333333333	191.6809706763092	280.81710703547964	0.0	204.34454592959239	274.974428006264	0.0	247.05044559311324	316.82775404704773	0.0	255.92370023399607	307.62259206186985	0.0	248.2832550686809	334.5638084682935	0.0	252.80632753291584	325.4057868514038	0.0	243.04165151724567	318.1158806342019	0.0	178.4871919866866	288.6715689343203	0.0	186.3884116624336	363.3009317561342	0.0	185.28708323046592	425.08105166780933	0.0	180.3557447771674	432.75543312062695	0.0	174.86477986507322	434.9320871669229	0.0	188.05684522787973	435.44464862029736	0.0	125.77441327627886	229.53272910828437	0.0	108.47413053740763	201.08197457111456	0.0	106.97722392186756	226.02687418056396	0.0	144.34386763044938	233.4331959179403	0.0	129.78339069255682	281.2440591504212	0.0	100.98196689883916	289.16688662267165	0.0	120.71089249931566	234.56883700181467	0.0	140.5554934764039	267.3106442922699	0.0	147.16280632323736	311.619263488863	0.0
213	3.55	190.8243119996387	279.9741357717778	0.0	203.8841079501853	274.71549653057576	0.0	250.26965469781794	310.0454714633178	0.0	255.98914995941382	308.9348314405931	0.0	248.23411018465572	335.39253804749825	0.0	252.80769337603755	326.67196089000447	0.0	243.6700463173491	319.7542580259005	0.0	179.2212165758719	289.31879914532857	0.0	187.2744589716172	362.5351635615881	0.0	186.13320141440684	425.330914595599	0.0	179.22297291100114	432.6452523574285	0.0	174.26472004879065	434.9016148700024	0.0	188.9958473379533	435.427909973762	0.0	125.10810926905071	229.9635005276055	0.0	108.56130952096947	201.54639213528236	0.0	106.39325853931227	226.88658705480788	0.0	143.38997066631393	233.63914723526952	0.0	131.0242492281967	282.5513436806744	0.0	105.04458416882746	283.9648175210504	0.0	118.79095319494395	235.85997653936622	0.0	139.92326394170243	267.2909782149782	0.0	149.1119094934619	312.1299822345029	0.0
214	3.5666666666666664	189.1958935333154	279.0099630764216	0.0	202.60624320813767	273.548689103655	0.0	253.76729937372698	304.752386893422	0.0	256.0502483941296	310.25051585275713	0.0	248.18487445788548	336.22098750770766	0.0	252.80898436983668	327.9376588148088	0.0	244.30948737759124	321.39173671914335	0.0	178.55626128736458	288.72688051637084	0.0	187.44493211116492	362.1611185835759	0.0	186.71750898975222	425.8333003989055	0.0	179.54844626127277	432.59108997244755	0.0	174.81579580961818	435.0373995924439	0.0	189.24677247552702	435.4726753249238	0.0	122.81857919102698	228.83029272314496	0.0	110.57392244672714	201.6740851013962	0.0	105.88635950045564	227.00472762994838	0.0	143.13444486545902	233.78362830434315	0.0	131.2414620895705	286.0997535601949	0.0	104.0869837356203	280.50644994535946	0.0	116.96578864803338	236.7177270689263	0.0	138.92279163401005	267.2148343068574	0.0	149.39577302159356	312.18380764907033	0.0
215	3.5833333333333335	188.25977726995464	278.62456147384876	0.0	201.82024902336778	273.7163996180265	0.0	256.40298702511484	297.23531086368587	0.0	256.111293677914	311.5656204794327	0.0	248.13562122571992	337.04908809541206	0.0	252.81027415097086	329.2027511910901	0.0	244.95553259171302	323.02802295849176	0.0	179.0645467987688	289.2869927770004	0.0	187.36939358647936	361.53467306074316	0.0	186.86873803239632	425.99461945009455	0.0	179.4129104939962	432.6503093049919	0.0	175.60894558586884	435.2073890127182	0.0	189.37292220315504	435.40019664150395	0.0	122.18061364762889	228.2252879861336	0.0	111.80377842094937	201.6010626416478	0.0	105.96958329220655	226.14612517215895	0.0	143.19707187658815	234.07390181338369	0.0	132.65091231179082	290.3283725577811	0.0	108.27544012224267	275.00534046619924	0.0	115.81186634680681	237.20873652077137	0.0	138.2063704977932	267.6500712367461	0.0	149.30055280132294	312.98359720583363	0.0
216	3.6	187.11715422176002	278.71512425376403	0.0	201.54803390155752	275.5844781679348	0.0	256.09515577408257	289.5740872608787	0.0	256.17236995478703	312.87994870114846	0.0	248.08635524625984	337.87679904513146	0.0	252.81156432732413	330.4671262222611	0.0	245.605829308215	324.6627903422225	0.0	179.1963405080309	291.40927561350577	0.0	186.99655570375884	361.0025676119522	0.0	186.86479334830437	425.6421742579206	0.0	179.7512031504137	433.04248757375825	0.0	175.99294571375475	435.51570447542457	0.0	189.39482399518133	435.38018116451866	0.0	121.70859982624543	227.0317728974196	0.0	112.85897453841102	202.04925669881422	0.0	107.2888193440048	223.88877773551462	0.0	144.08023367347295	234.58301233267406	0.0	135.15230193797564	292.2779041619039	0.0	112.44351922044108	274.09280575585444	0.0	113.18868037031982	237.79923466911	0.0	135.875728707913	268.22994352468567	0.0	148.4802391807135	312.72751293131	0.0
217	3.6166666666666667	186.26297604101865	278.48601453622615	0.0	200.7971496325324	273.8683779542964	0.0	258.2928535456589	287.9940371986599	0.0	256.23347328494856	314.19333673846074	0.0	248.03707983157156	338.704069953701	0.0	252.81285484166412	331.7306398813167	0.0	246.25901974502113	326.295575841217	0.0	178.11963780465146	291.6202124934767	0.0	187.0606136201404	361.0222425427112	0.0	186.82456638193258	426.0749614765003	0.0	179.85581383731292	433.0496705918547	0.0	175.97550927041226	435.20760582822027	0.0	189.47965438182322	435.1687142309785	0.0	122.72907654239478	227.40165347454925	0.0	112.7250162792508	200.68057335446122	0.0	108.02792031325298	223.2486902891048	0.0	145.83725170810735	234.6857700067256	0.0	137.06647727898644	283.3873490410069	0.0	113.00267321789059	272.6428682097741	0.0	112.21863905510205	238.53513185231597	0.0	133.2441994013581	268.2789786333016	0.0	147.10220753756283	312.0457032275934	0.0
218	3.6333333333333333	185.87492992872885	277.46193049130113	0.0	200.53904289995148	273.05895222205396	0.0	257.60998836086543	284.5635304189581	0.0	256.2945980768288	315.5055657304541	0.0	247.98779833310766	339.5308362526121	0.0	252.814145595933	332.9931008779525	0.0	246.9142639517716	327.92569421166274	0.0	178.02777649689187	291.0976640995107	0.0	186.86144437740472	360.94153810100505	0.0	186.87291992220003	425.93608811377356	0.0	179.72594094456474	432.9569352357797	0.0	175.98123410519335	435.28845969003606	0.0	189.49983882111596	434.9536220177438	0.0	122.3328053536195	226.64292762953443	0.0	112.83578539351342	199.05450008057213	0.0	108.66034077365809	221.26913277152704	0.0	145.27891727200617	233.5903427281872	0.0	170.3454381862067	269.5374517371707	0.0	114.60841560610149	273.5109946691525	0.0	111.4956552477569	238.04742217240266	0.0	130.6163001686767	268.415436440198	0.0	145.30275785104138	311.8213493500885	0.0
219	3.65	185.71289841873292	276.4929360244072	0.0	200.89385074525023	272.3187283681268	0.0	256.8657017442913	282.5217566171153	0.0	256.355739019216	316.8163321737439	0.0	247.9385141849209	340.35701369171073	0.0	252.81543649205716	334.2542482709731	0.0	247.57101395628527	329.55208244695456	0.0	177.97408263467912	290.2718989613751	0.0	186.87075320282935	360.15325976115474	0.0	186.95019815413832	425.8898078515945	0.0	179.8808179526625	432.7015072481362	0.0	175.9470416750184	435.12432725124995	0.0	189.38680037719624	434.883350218197	0.0	121.91664619663311	225.0714019524257	0.0	112.8903681932949	197.80454660619358	0.0	109.29596010501997	220.15925239532214	0.0	145.12877049763512	232.66260383310674	0.0	173.2128050056145	267.26480552494064	0.0	115.00410816305013	272.6541285707856	0.0	110.09608404804663	238.07517121773392	0.0	128.41260361098048	268.9544024894491	0.0	143.2564075683036	311.5421581883122	0.0
220	3.6666666666666665	185.13483306831992	275.92255241802826	0.0	200.49303120868285	270.99844445853853	0.0	257.8949243950784	281.75532847012164	0.0	256.4168910818284	318.1252014884258	0.0	247.88923091646924	341.18249038944043	0.0	252.81672743265943	335.5137151860144	0.0	248.22889724590584	331.1729911051349	0.0	177.65476103065708	289.42799135617867	0.0	186.73423559197167	359.62894161019125	0.0	187.06191513337853	425.6665975073983	0.0	179.63254165975394	432.26014088668654	0.0	175.88913258272262	434.8974239231644	0.0	189.38756303735872	434.7909908050757	0.0	121.9441106531598	224.35373941817565	0.0	111.93280463610066	194.43356465119177	0.0	108.81416891347301	218.39279739648217	0.0	144.58461691317515	230.85032578712764	0.0	170.8633348351682	264.0623210699962	0.0	115.05870075821902	273.0610730612866	0.0	109.0247086450344	238.0461159832344	0.0	126.27809412036794	269.2582320208633	0.0	141.00863667833852	312.58402522520936	0.0
221	3.683333333333333	183.8994852110356	274.80403675341523	0.0	199.35058469651182	269.2773532810494	0.0	257.40848627113644	281.8686784768034	0.0	256.4780494749468	319.431527671216	0.0	247.83995216892822	342.00711505961425	0.0	252.81801832064684	336.77096738928486	0.0	248.8876523567748	332.785309818727	0.0	177.00786011199804	287.75761315350445	0.0	187.08368821679997	359.3765794130005	0.0	187.18521772775082	425.3892918323283	0.0	179.30387475475086	431.72865304735	0.0	175.71827426009213	434.6922983180307	0.0	189.35334660981113	434.75430591439283	0.0	121.04581618914173	221.55120604790318	0.0	112.07269238983329	192.44099347657735	0.0	108.68422357031238	215.00068512967295	0.0	145.4706617070918	228.08375014132167	0.0	169.3943971721269	263.374926097357	0.0	144.7049040582806	277.4616700980725	0.0	107.36371787738733	237.11513483292742	0.0	122.88447863802321	269.3685751309659	0.0	139.4716295230763	312.54820128468316	0.0
222	3.6999999999999997	182.96183685941122	273.84610305045936	0.0	198.34965108482658	267.3863765893799	0.0	257.02171556732685	282.2847268829616	0.0	256.5392096149895	320.73430583304673	0.0	247.79068171576722	342.8306790385393	0.0	252.8193090587626	338.0251936728172	0.0	249.54709120912392	334.38288728615896	0.0	176.6049529392731	286.70928216247086	0.0	186.97766644867653	358.53228547290377	0.0	187.3105670928027	425.1129139863589	0.0	179.03376925165364	431.5170831141895	0.0	175.72317186430865	434.5866705111806	0.0	189.4283941407429	434.7747081934557	0.0	120.60819393128786	219.4697682896643	0.0	111.65074894388793	189.50249478261523	0.0	108.54080780441973	211.61808671537392	0.0	146.0770938263684	224.9862431879031	0.0	168.81876872341445	264.04210866348535	0.0	133.913882371299	282.32370000411834	0.0	106.04874468417904	235.7145966550208	0.0	121.0592202214428	269.4815312580601	0.0	137.86061099918112	313.28730734576874	0.0
223	3.716666666666667	181.97349047258314	272.72445379916746	0.0	196.5635434020404	265.5235178882004	0.0	256.91304055572033	282.96028563982804	0.0	256.60036709695623	322.0318810276842	0.0	247.74142348757294	343.65288784006333	0.0	252.8205995491455	339.27509700546153	0.0	250.2070760215867	335.951494814692	0.0	175.93640616840642	284.55605572835435	0.0	186.85885220284416	357.62796777358125	0.0	187.3377724905033	424.6010077190031	0.0	178.85650510420407	431.3133789274358	0.0	175.73634930023061	434.4128201003013	0.0	189.44509436303161	434.7677401894059	0.0	120.32871720598138	216.79919878979132	0.0	111.3765171362939	186.06971289280105	0.0	108.3212269561284	207.61496215803427	0.0	146.4651235182933	222.64427575223428	0.0	170.80719535468998	260.3919356140944	0.0	148.06984450618793	289.07891591023866	0.0	105.39878775678609	233.50828649841122	0.0	119.00990518496207	269.30247979840414	0.0	134.7982798582742	312.23224319080623	0.0
224	3.7333333333333334	181.18898365874693	271.6672526358866	0.0	195.0053797910972	263.88051715170303	0.0	255.55913678466914	284.19113876865777	0.0	256.66151767361436	323.3213162335571	0.0	247.69218160120408	344.4733141747461	0.0	252.82188969290883	340.51846187745423	0.0	250.86750457502797	337.44965907628193	0.0	175.60231207486837	282.59663824500933	0.0	186.35350702251958	356.93416512113674	0.0	187.41280578681113	424.2691315433211	0.0	178.71943584037632	431.40336017961477	0.0	175.9514073796904	434.3756391345287	0.0	189.48618548520534	434.68055154114916	0.0	119.69963871424937	213.68789905310783	0.0	111.55698065499281	183.6611272182991	0.0	109.37873864480491	205.08262064884335	0.0	147.01110593555705	219.664531403419	0.0	170.96656943852366	266.2278589711592	0.0	135.51762790122115	289.739941676355	0.0	104.99014779315414	231.36026777770238	0.0	118.04588115832367	269.7647125960593	0.0	132.72367413461538	312.567739564303	0.0
225	3.75	180.99414337117054	270.5982892496804	0.0	194.42671099649635	263.49185000377804	0.0	253.87560165952337	285.4971647329429	0.0	256.7226572414417	324.5968330973982	0.0	247.64296039350074	345.29131631153734	0.0	252.82317938974867	341.751152637071	0.0	251.52830045885608	338.7309750518888	0.0	175.21856663887618	282.1647592465397	0.0	186.2022058463789	356.43772462832663	0.0	187.44532415581656	424.1004271661338	0.0	179.12590307835325	431.49343055972065	0.0	176.09257666374657	434.21414347662716	0.0	189.38780121652752	434.29713069681014	0.0	119.4293220402464	210.7593152493877	0.0	111.22702254789299	180.41322009848886	0.0	109.4560240576218	202.44402450898872	0.0	147.18207516882325	217.14477940724888	0.0	171.16639399116224	256.6860802192701	0.0	144.08349523780547	290.6303381743581	0.0	103.74800669383677	229.70783559984307	0.0	116.45940171384225	269.08963612491976	0.0	129.64965382528075	310.9200995515735	0.0
226	3.7666666666666666	180.55285356364237	269.243015061836	0.0	193.3023554970055	262.88833501516297	0.0	251.02731376514046	286.291575342149	0.0	256.78378183348303	325.8451998093925	0.0	247.5937644599463	346.10588721522504	0.0	252.82446853759407	342.9644032459779	0.0	252.18940639529777	340.1657124552137	0.0	174.29418801309643	280.435455797432	0.0	185.63392493169482	355.6107921540715	0.0	187.36751202945834	423.80573605170866	0.0	179.15984192086097	431.5355635109215	0.0	176.0432562076166	434.2547471776367	0.0	189.4710382513731	433.94379633539575	0.0	119.32441434431257	209.44102258740483	0.0	110.81397108057905	178.1274419964068	0.0	109.24896330512985	199.96945627615867	0.0	147.3072120419304	214.79042724809315	0.0	171.43772952579798	253.21582070326602	0.0	148.1268723254628	290.4563912109709	0.0	102.95928095854087	227.11641469111325	0.0	115.0343704321702	267.83875320973186	0.0	128.0885945624336	310.6400830489721	0.0
227	3.783333333333333	180.90371637407515	268.6991316750203	0.0	193.72113902201343	263.0775120042671	0.0	247.6005655330814	287.7002947585427	0.0	256.84488761937723	327.02833230216925	0.0	247.54459869887947	346.9153536029685	0.0	252.82575703231154	344.13560825834986	0.0	252.85077952257848	342.2291477132542	0.0	174.0822614590516	280.65900928572245	0.0	185.1271105852459	355.12419387418214	0.0	187.22814744730093	423.8876142540589	0.0	178.27604993386188	431.5754968805761	0.0	176.06308053996202	434.3871617826068	0.0	189.4510410471088	434.00670855685297	0.0	119.06539262424421	206.1206684711059	0.0	110.8566577859671	174.7775155871895	0.0	110.17660862050599	197.24737556709792	0.0	147.55580145164382	212.66977562503808	0.0	170.92958401395848	250.54822269977723	0.0	153.26713878771415	286.8971276016011	0.0	102.30946519683182	225.13541272514027	0.0	114.37112027280529	266.3928891344112	0.0	125.87697041554553	309.97684129480047	0.0
228	3.8	181.00131125294777	267.1616969421287	0.0	193.94884883635902	263.2532349886769	0.0	240.84092171079234	289.0837300671505	0.0	256.9059709128532	328.01116393292966	0.0	247.49546836210865	347.71671339932675	0.0	252.82704476747583	345.18659849425	0.0	253.5123879585624	344.0815590328525	0.0	174.4695731631767	280.71422088738865	0.0	184.50210285623558	354.36252622622055	0.0	187.07227905913453	423.4765389800142	0.0	178.44936932069524	431.6022546402776	0.0	176.11900215207572	434.4551975766702	0.0	189.53260894172777	433.69645944148226	0.0	118.86374266438209	202.91229352607184	0.0	110.91684574578451	171.19308749095273	0.0	110.41065300913186	193.5579634256086	0.0	147.5855502125686	210.0170513212873	0.0	171.15363218900404	246.1632933701392	0.0	161.49919229090742	284.5298840361738	0.0	102.07120400752933	223.41475825621353	0.0	113.97455293851569	265.62943725753206	0.0	123.51401135995674	309.8176144330378	0.0
229	3.8166666666666664	180.70435150921875	265.88640946314985	0.0	193.7524205364088	262.3779315953934	0.0	237.72630225182235	290.4074740178065	0.0	256.9670281852823	329.2153663554105	0.0	247.44637911305836	348.5039686734086	0.0	252.82833163418098	345.8041075222536	0.0	254.17420822316492	345.80949083433495	0.0	174.03719057987516	279.21746288682715	0.0	183.6244112318503	353.86903196400704	0.0	187.02436436905376	423.6459643995527	0.0	178.76172235697473	431.5645217918948	0.0	176.1463701655689	434.380380046645	0.0	189.6065348123737	433.6679530397863	0.0	118.67721098830349	200.30183753307853	0.0	110.95544410929352	168.2262294588497	0.0	109.6661222977024	190.7305983092426	0.0	147.68636668825786	207.50182420410957	0.0	171.02692539548022	242.17862251619198	0.0	170.8316014201255	284.5479627376536	0.0	102.1141846281757	221.01245705887837	0.0	113.00882192380547	265.5112285949126	0.0	122.09070226726561	310.1617886291425	0.0
230	3.8333333333333335	180.0146236328888	265.16128560348113	0.0	193.13404134008616	261.5696814522439	0.0	235.05052700126492	293.09532147811666	0.0	257.0280559885548	330.869649521552	0.0	247.39733709159677	349.263047852228	0.0	252.82961751837016	347.5932677483944	0.0	254.83622324981607	347.4935897598276	0.0	172.8789822848608	277.5454312042116	0.0	182.40150509596748	353.2913382462951	0.0	186.94020323252937	423.35455697390444	0.0	178.85314076324	431.55533880426526	0.0	176.1415264320708	434.33050387383116	0.0	189.54185059246765	433.40602847451345	0.0	118.90741655416551	198.623182234215	0.0	110.4773576942937	165.07175623283337	0.0	109.40312943204374	186.9726446799621	0.0	147.8245087394773	205.90917190135974	0.0	170.5031007209674	240.09651613179673	0.0	172.80727036100606	284.38429144130333	0.0	102.00420887797256	218.80866800283871	0.0	111.56653894428686	264.46330800957935	0.0	120.24271469983066	310.27549417231296	0.0
231	3.85	179.66970053995806	264.6166101509829	0.0	192.18733158833044	260.90514326771347	0.0	229.12584892676566	295.2116452713217	0.0	257.0890448952453	332.3706659688783	0.0	247.34834882760282	349.95168362716095	0.0	252.83090213064412	349.15293993418254	0.0	255.49842065429837	349.16101936943795	0.0	171.9500994845773	276.8220511303314	0.0	181.57970095016876	352.37064670484517	0.0	186.94217427746742	423.16517176688336	0.0	178.72288343295423	431.653668741946	0.0	176.00826111099957	434.3148037533865	0.0	189.65529770678307	433.34170793766344	0.0	118.47291532154777	195.53659326533935	0.0	110.79623671193798	162.74940625792604	0.0	109.50418635701196	184.87069944728935	0.0	148.01157485747325	203.3265921805543	0.0	169.81142136898993	238.37428235556214	0.0	170.38502201152005	283.1297608416085	0.0	101.98944495513805	217.1381950589928	0.0	110.44243492244381	263.74499859774755	0.0	118.34149850514288	310.20837175091134	0.0
232	3.8666666666666667	179.54304725838156	264.2419266667856	0.0	191.62291137161856	260.0899804163057	0.0	222.7093683839027	296.63682160624603	0.0	257.1495732533793	333.7748725266613	0.0	247.29940940868738	350.40960763138645	0.0	252.8321728348949	350.53193090188785	0.0	256.1607810265583	350.8205649628006	0.0	171.32643206231393	276.0924024822338	0.0	181.01292951562831	351.69717163626547	0.0	186.92318054374567	422.74213027099836	0.0	178.6822414880149	431.60830034822067	0.0	175.97358753819861	434.32731579334893	0.0	189.71746754172852	433.30141041816364	0.0	118.5701322173247	193.8672720285801	0.0	110.75631264556236	160.57061090592447	0.0	109.51230050045183	182.78267517492716	0.0	148.0413556110929	201.69376193728544	0.0	168.8792559818966	237.70095316822093	0.0	168.80607005897798	283.00646237268336	0.0	101.86220108866326	215.61092245213715	0.0	109.35872906663697	262.86765702999054	0.0	116.71550560289037	309.50674156854876	0.0
233	3.8833333333333333	178.78754155212323	264.1496897495288	0.0	190.50427842988432	259.6235803662508	0.0	215.32331575861	299.22636281308587	0.0	257.17893102469185	335.40965181998934	0.0	247.2495537551138	351.433170107	0.0	252.8324458706097	351.85473333935306	0.0	256.822547040813	352.4804582205162	0.0	170.3261792017891	275.41873291400134	0.0	180.12155640103168	351.16637215591123	0.0	186.77342309937643	421.91832623898006	0.0	178.7160228591331	431.5957544785707	0.0	176.10393585391142	434.3543363491033	0.0	189.78636541661032	433.031155386675	0.0	118.6444879506646	192.02079532848703	0.0	110.8424657279222	157.94223907514618	0.0	110.32043567713136	180.40922057325668	0.0	147.93913758447425	199.91573864537892	0.0	168.37502174099333	236.32120804939828	0.0	165.2528799816671	279.3165471400565	0.0	101.59501410910471	214.0628972658473	0.0	108.86592262455844	262.003376865077	0.0	114.56684730645689	309.2950751626045	0.0
234	3.9	178.5736396110841	263.9055933252448	0.0	190.3583783537096	260.13255726079643	0.0	211.9310281879698	303.0348175660422	0.0	254.69437824609466	349.04916184988406	0.0	247.11369361488394	352.7417642313773	0.0	252.74652659921145	353.41788940625725	0.0	257.42560145246983	354.3273299029844	0.0	169.27320755832517	275.10419750207683	0.0	179.13261857052325	350.8456231801436	0.0	186.67202988598143	421.00201934935876	0.0	179.14430932453794	431.4968269034897	0.0	176.08250133621985	434.3436527322641	0.0	189.77859111829892	432.439961252913	0.0	118.51490947221488	190.0642738798842	0.0	111.08301414355073	156.17572085567667	0.0	110.77080733063741	178.72775780587082	0.0	147.94465741151535	197.98043961939987	0.0	167.96713025723182	234.3275213981322	0.0	164.32762487929656	276.8800032481314	0.0	101.66064638644204	212.74370604477056	0.0	108.06752911792856	262.0066897450505	0.0	112.74092263664252	309.17450682465085	0.0
235	3.9166666666666665	178.1463756410518	263.36372055102345	0.0	190.73237700804015	260.1204783466291	0.0	206.08365572558287	305.3610004603159	0.0	242.08386516753163	357.2792464935095	0.0	238.69875396604334	364.82431356522	0.0	244.44590061380407	365.4257990844463	0.0	252.98021351477806	363.75735846842696	0.0	168.30151694961623	274.35614205839863	0.0	178.24000230455758	350.5110877511545	0.0	186.6619002983015	420.0738948489836	0.0	179.44516657064096	431.50428005375886	0.0	175.78931366738948	434.42190053474326	0.0	189.59197464828782	432.10786272113273	0.0	118.75782672834595	188.50344950273674	0.0	110.82554523080009	154.07707213089859	0.0	111.97102120126692	176.26569693147295	0.0	148.54335723956652	196.42511935364706	0.0	167.06440875952202	231.77937553637065	0.0	161.48837185750665	274.0177814321732	0.0	101.4622063182012	212.2116885275311	0.0	107.71052475649132	261.4644438605552	0.0	110.57610619217155	308.68500812865335	0.0
236	3.933333333333333	177.0588909553468	262.9296687839173	0.0	189.84452162163916	260.82278799512477	0.0	201.24229606583268	310.2442075858367	0.0	227.4002598194976	364.24548520700597	0.0	221.866257685113	374.1586125918157	0.0	229.03153242408243	372.4365404708271	0.0	232.53519511698673	372.69504148333453	0.0	167.46242780583992	274.53567415498026	0.0	177.85002350513912	350.89034604871205	0.0	186.74311995856098	420.35368857989175	0.0	176.99662657435118	432.13879075742284	0.0	175.17691653362627	434.854436929125	0.0	189.37579772391712	431.93711348987	0.0	119.36403819574821	186.52137153733904	0.0	111.25744194300833	152.02380367262285	0.0	114.52802738343769	173.67388695309143	0.0	150.29888669084184	194.69529345102677	0.0	169.14908003142472	230.13959466900525	0.0	161.3282514090916	273.0540760102141	0.0	101.24028234084975	211.16865847996692	0.0	107.2642728639809	260.72126368267436	0.0	108.3083810836351	307.82705794618505	0.0
237	3.9499999999999997	175.92733423904244	263.7363464635147	0.0	187.9493915611303	261.6923363671236	0.0	195.84243665944248	314.55574986610645	0.0	212.79085865146223	369.83567942152274	0.0	205.16712434534705	383.2302456034487	0.0	214.6813954596887	382.4905814387566	0.0	216.69920436712636	378.40632611077547	0.0	166.73147301926042	273.90617341149084	0.0	176.79112943722723	351.01682313237256	0.0	186.68898795065834	420.19040749375245	0.0	175.4595179559674	432.9698726773149	0.0	174.64497217552994	434.9768123902189	0.0	188.7063002237251	431.7542684685609	0.0	120.09389958610478	185.86083386835608	0.0	111.08276055071859	149.87937442090475	0.0	115.34532386407975	172.7922909339369	0.0	151.34611769279172	193.31818302402263	0.0	173.04991572761372	227.38769501848418	0.0	150.39722662466545	255.3150342517135	0.0	101.2996389946099	209.78750736996565	0.0	106.01139286341578	258.70042840635074	0.0	105.96860739220573	305.83455614127485	0.0
238	3.966666666666667	175.43892526488978	264.63024061180005	0.0	187.0209211408813	262.27519757269226	0.0	189.34538238729013	313.44706206679865	0.0	199.07900741822664	373.04513020587416	0.0	185.6045296483036	389.936237472297	0.0	192.44426464921543	383.64480277566514	0.0	204.80309651381904	381.7534946514738	0.0	165.87266738916546	274.03063047410666	0.0	175.52965177725622	350.63063693902603	0.0	186.6349043582506	420.46338008049645	0.0	176.42370491798005	433.0320639627388	0.0	174.85103267914417	435.0730802487856	0.0	188.54410909089623	432.1242309207736	0.0	120.57477158847357	185.72287472266984	0.0	110.39283375559702	148.60374597951738	0.0	115.43942299322703	171.36195069428413	0.0	151.60905137796163	192.49426223201073	0.0	175.31508757186455	225.84366046038969	0.0	152.84171609221715	249.98925193331303	0.0	101.51625817230988	209.3900373065432	0.0	105.13591064144543	258.0872066662351	0.0	103.27778903927752	305.57417124452746	0.0
239	3.9833333333333334	174.83213375463407	265.0909418048428	0.0	186.0187479954503	263.2131121204318	0.0	182.01873576091364	313.32805988863157	0.0	186.4816922727533	375.4703480342181	0.0	164.86972000923024	394.79949319979943	0.0	174.44599984389208	384.98006276812754	0.0	189.8703289405652	385.9047859074418	0.0	165.5574380446371	275.01477813950225	0.0	174.95109261373136	350.94259898593464	0.0	186.59360171217665	420.08464933155483	0.0	176.38753023834767	432.98190087741887	0.0	174.87035718181951	435.3020540673607	0.0	188.69975034263777	432.48269258518	0.0	120.90492141673278	184.97313709126777	0.0	110.96915572488192	147.3427048295157	0.0	115.69210340920742	170.475959926865	0.0	152.10395474515573	191.77290732549721	0.0	177.06914921938687	225.5428836289098	0.0	152.5774047406842	234.62634114745464	0.0	101.96717059590983	208.98035241437913	0.0	104.19517149143594	257.86769465377745	0.0	101.72527451487522	303.6360048034759	0.0
240	4.0	173.55921983896204	265.86698935515943	0.0	185.1246935629819	267.31902357751625	0.0	173.5549342989403	320.18735652011964	0.0	176.80535116844922	378.16721122068316	0.0	159.1994204826481	390.57712312070294	0.0	164.16227090250015	383.73531485830785	0.0	177.33735904297652	385.61193664421484	0.0	163.8932928941313	277.73783708414845	0.0	176.10619984989825	351.72475394920656	0.0	186.5699051234224	420.17813184448886	0.0	176.96786379486161	433.2161567565366	0.0	174.6211756635903	435.09135434439304	0.0	188.79425414871739	432.11299526191635	0.0	120.98565233395325	183.10512610082304	0.0	112.2434610115468	148.09572308716702	0.0	115.71822228776728	168.31345115262397	0.0	152.5720737314349	190.88496967547076	0.0	177.66499341839278	226.329387050944	0.0	154.97338904850506	234.71776766263798	0.0	102.37548959886001	208.7117724904509	0.0	103.53628888146699	257.7274084620644	0.0	99.67595251791954	302.94563737112054	0.0
241	4.016666666666667	172.0482535846796	266.7702276951062	0.0	183.23407010980566	267.50991117690035	0.0	170.78531947568416	323.6525775318973	0.0	166.01439911916333	379.6615155948961	0.0	144.62862650967276	392.2428968728653	0.0	151.882010391191	387.3334546620814	0.0	166.98010993526586	388.82336209681716	0.0	162.78538964365487	279.1693165840538	0.0	175.79930926517443	351.91940692255713	0.0	186.54268769796784	419.3377420264774	0.0	177.0797180150025	432.97968628267904	0.0	173.07021568658675	434.9950438292459	0.0	188.61753856980525	431.8485597238973	0.0	121.24422948309208	182.89605740737937	0.0	112.87468311976338	146.12388597372862	0.0	115.81642654805702	167.06487304216637	0.0	152.985557231003	190.9333152594686	0.0	176.88083410014957	227.73678442747772	0.0	151.54109583418773	230.9418164929766	0.0	102.63108610489215	208.317093544159	0.0	102.81246158505101	257.15092208634644	0.0	97.96717358835109	301.4663158112918	0.0
242	4.033333333333333	170.73136479669634	268.33622109925017	0.0	181.40043742789857	269.84159081348196	0.0	163.35701159830805	326.5819095116967	0.0	154.96330684284837	381.928623332162	0.0	132.01223205332033	393.5454034843155	0.0	138.4341026276593	389.62856978465265	0.0	156.4439820701955	391.19460276307296	0.0	162.36737754576814	280.40200422835017	0.0	174.67683278192303	352.1895984413059	0.0	186.60631084661176	419.67399069990444	0.0	176.6774729052152	432.90847978614136	0.0	173.57245097751886	435.0352590874825	0.0	188.63239092216082	431.65081486972605	0.0	121.49778239716704	182.03455367880622	0.0	113.39717594351907	145.59848313257493	0.0	115.58373158315521	166.76744008813668	0.0	153.53639160944417	191.086318030356	0.0	176.89313845041556	227.68637806474425	0.0	149.4324232520977	231.97410930600708	0.0	102.94299949644382	207.55269318603737	0.0	101.51049616084467	257.2245509822612	0.0	95.68584923262901	300.6629673895275	0.0
243	4.05	169.2088052990667	270.3717286454794	0.0	178.087696438571	272.45471077469267	0.0	158.84933245089059	332.06039416094404	0.0	144.18169098007044	384.34527704770045	0.0	117.82504678737746	394.1395019369505	0.0	127.55397491019816	390.70323059980586	0.0	147.09008798461278	394.57537547844277	0.0	161.36310183308905	282.0395812124708	0.0	173.62942403748423	352.4898193465067	0.0	186.63046944207065	419.43916314236094	0.0	176.451882863501	432.7497013152382	0.0	174.32046723271912	435.1150033990783	0.0	188.63137843932398	431.625229636841	0.0	121.82530847051021	181.05790643096367	0.0	114.57259815922258	144.9738768551126	0.0	115.5213326528351	166.87951321728946	0.0	153.8774917757043	191.28246448062225	0.0	176.06406890339576	228.77607663401818	0.0	147.54862517344696	233.27905189372905	0.0	103.29646378270772	206.78894684977453	0.0	99.95822413159344	257.03960200492816	0.0	93.534838920104	300.0188950239316	0.0
244	4.066666666666666	167.31229729483334	271.3588411241633	0.0	176.05356742837486	273.04972495820954	0.0	154.88225149343623	333.6024727888669	0.0	136.26752084163425	386.18903283775927	0.0	108.4691657697148	395.8642234038856	0.0	117.68320373231846	392.44252626379034	0.0	139.2024240748368	397.3543908615269	0.0	159.5102849102369	282.515232897661	0.0	172.6910430311049	352.6884861941678	0.0	186.6669673265255	419.0044446657841	0.0	175.8189606944703	432.61589057208033	0.0	174.4795438573119	435.19373475992404	0.0	188.69972240580958	431.55592223715865	0.0	122.20823156798124	179.8760104162692	0.0	115.41850212395781	144.79541132228076	0.0	115.5130010849883	166.70027964984976	0.0	153.64749263161167	191.26787861161665	0.0	175.61102450161627	229.29997143898964	0.0	147.87439347197295	235.51839160087562	0.0	103.88314117689515	205.7338616543573	0.0	98.88732054782774	256.12589155102773	0.0	90.57003148356796	298.7461954818071	0.0
245	4.083333333333333	164.68594445659863	272.78674169959584	0.0	172.98909392050285	274.7698044135787	0.0	148.3195073762135	337.3927947534775	0.0	127.21690294846174	389.47003714166607	0.0	101.1611112792482	397.8781256617506	0.0	107.11028823249903	394.4482396669236	0.0	130.10019393240873	400.30752005186946	0.0	156.87166736480302	282.75963039234387	0.0	171.49696122986788	352.84468439570117	0.0	186.6098839066026	419.23658159567617	0.0	176.03273527395274	432.93865396062097	0.0	174.8337078559412	435.3181316285019	0.0	189.03467090548196	431.5982415243469	0.0	122.47283995478872	179.45656269222616	0.0	116.12014990767432	144.61327507812246	0.0	115.58916236180073	166.09393352822178	0.0	153.78994530831565	191.34178473819935	0.0	175.2968553485717	229.57840932842382	0.0	149.64387182121294	244.8831151402275	0.0	104.88816160668246	204.43261996537558	0.0	97.94496409179126	254.1220437064269	0.0	87.67664606927234	297.1053360712201	0.0
246	4.1	163.21478609311973	272.91568586252237	0.0	171.50497866604533	274.7799563880921	0.0	143.55042303415073	336.6851685045924	0.0	121.92539568004747	390.8016988595017	0.0	94.47167830454228	400.9363144615581	0.0	100.9291902780239	397.52520616540255	0.0	123.39984683128394	403.0109484725094	0.0	155.41379307065466	282.31428484966176	0.0	170.59341026940268	353.1713640033048	0.0	186.41387072728156	419.01558682739756	0.0	175.20683171473993	433.36437528800343	0.0	175.3483961844719	435.2894653578172	0.0	189.36990036949234	431.66547533253805	0.0	122.9823437775383	179.22314878527817	0.0	116.3701067084422	144.1570043416953	0.0	116.64643068631858	164.96742001899037	0.0	154.26697756332788	191.59458064758576	0.0	174.35381710218124	230.9962056378699	0.0	149.50594286142044	246.3123159524376	0.0	105.4318587387821	203.61124341608226	0.0	96.75279768710811	253.21576373814736	0.0	84.9525083047245	295.37849431017656	0.0
247	4.116666666666666	160.06045718799692	273.6324002873048	0.0	168.31676090652002	274.8838350145655	0.0	138.79477518875555	339.552490124336	0.0	116.27774873398043	394.3899407893842	0.0	88.33112793197547	404.2038376448666	0.0	96.18363404291146	401.24532578927455	0.0	117.72717036610156	407.5797826317146	0.0	152.7148091317757	282.1277765076169	0.0	168.45790855148982	353.31958702525685	0.0	186.3605057641927	418.4134212332295	0.0	174.79965630530612	433.90638401725073	0.0	177.15035524258644	435.35750584641994	0.0	189.64833724908414	431.55081337090223	0.0	123.25638424745827	178.877806340839	0.0	116.63300713195886	144.02534285602508	0.0	115.84446408461704	165.36787764393898	0.0	154.1536570155061	191.66431016313774	0.0	173.67939740603776	231.59357767648177	0.0	148.87581334414637	247.5843355562966	0.0	106.1308966147778	202.64414682198083	0.0	95.94712311814268	252.08690128134504	0.0	82.22625563835635	293.71640076042496	0.0
248	4.133333333333333	156.91826296024925	274.3703142934584	0.0	164.75100809160526	276.184828027358	0.0	133.68571548352054	340.4274114409742	0.0	111.99973157383018	397.81445643261304	0.0	83.92704812604963	409.5713364540268	0.0	91.43316264693667	406.6203725249723	0.0	113.4438589014393	411.5528039922075	0.0	149.59878755613698	282.1600116137722	0.0	167.19604671950296	353.54417936434413	0.0	185.99103579822855	417.99411164895736	0.0	175.23707353857444	434.0853293492156	0.0	179.01081040477214	435.4450567938725	0.0	190.3649134442018	431.5745613732952	0.0	123.49602446522607	178.8900992036884	0.0	117.0752009833917	143.8202683162612	0.0	116.69952199961548	164.60934808268718	0.0	154.36175795746703	192.47547942504332	0.0	172.12088115283103	232.97946661416793	0.0	148.4721324867328	248.33285626217062	0.0	107.11135283690247	202.14338117678074	0.0	95.06923076539564	250.73295715117385	0.0	79.39432764498368	291.9468173305709	0.0
249	4.15	153.9082039784644	275.4135756106375	0.0	161.77744879879407	276.6359828991825	0.0	129.7169895595529	340.7301774187335	0.0	107.97331285812085	400.46129558066417	0.0	79.98732242292839	414.27834853418256	0.0	87.84620297106939	411.3139019832001	0.0	109.41657925429773	414.6989937798545	0.0	147.02122836797275	282.19270810934086	0.0	165.2477955320437	353.64808621690554	0.0	185.79819148847713	417.990946097531	0.0	175.06547288908124	434.2406647118215	0.0	179.3495722797878	435.5175502903525	0.0	190.88987665005104	431.6519572886117	0.0	123.84310675311096	179.26918520210532	0.0	117.24202294137369	143.57993337548066	0.0	116.29039012466272	164.6012226835569	0.0	154.69348740203074	193.38147190089762	0.0	170.40947805337163	234.27752695175275	0.0	146.77707267490223	250.61246716142747	0.0	107.31337637340243	201.8563772603128	0.0	93.64889553490943	249.38176911358065	0.0	76.8621292388787	289.61161236088003	0.0
250	4.166666666666667	150.9342785470384	276.337428673877	0.0	160.07984285015917	276.17803199354216	0.0	126.66884426944553	342.43761879193175	0.0	104.37713393614752	403.35057719465874	0.0	77.82739953188911	420.15256428671705	0.0	84.25907483391535	417.2223794682946	0.0	105.97732552107331	418.0542146416926	0.0	143.66790269427833	282.17914487751716	0.0	163.2196451713219	353.6110904948115	0.0	185.352612383077	417.9175049576722	0.0	175.73922283700028	434.42262974339155	0.0	180.52537078526083	435.4506811495913	0.0	190.6861377309346	431.65256860567314	0.0	123.89375428061719	179.30332862848684	0.0	117.78835688113162	143.58974797355077	0.0	116.16834343365628	164.5749652879286	0.0	154.33558533641238	193.83713632008144	0.0	169.55163692341057	235.79809751130057	0.0	145.86995430555476	254.02395765811622	0.0	107.97721083511968	201.79529809213574	0.0	92.9902182911733	248.33797048619164	0.0	74.38559639206554	286.9564556660213	0.0
251	4.183333333333334	148.46612255374836	277.2439545817138	0.0	155.39962964450396	277.5205961592539	0.0	123.34780720004397	343.4568729536562	0.0	100.99686015532882	406.64292489731145	0.0	76.04503873844573	425.72978843532934	0.0	81.05896559139853	423.6477210430137	0.0	103.89502766837742	421.28501912566804	0.0	142.51502215514765	282.2083252086745	0.0	160.37808962209056	353.4961051765696	0.0	184.50094223346176	417.8300777049235	0.0	175.56359365575778	434.96298977985435	0.0	179.94459451819583	435.77282000670647	0.0	190.9786303774904	431.81881761750424	0.0	123.90122514150262	179.58921782023856	0.0	117.45510167700763	143.17600968290972	0.0	116.2568671252141	163.21750720375246	0.0	153.4661325325844	194.2808188810186	0.0	167.2945143528152	238.31896301491741	0.0	142.60595396125868	255.0035527613354	0.0	107.08223145975703	201.85324962400864	0.0	91.61794958175123	247.87208948697065	0.0	72.41049434089636	283.1133860339097	0.0
252	4.2	145.55256496240074	277.9419173702674	0.0	152.36139070319987	279.3256830942901	0.0	121.22785985936093	345.1079331905641	0.0	99.10847191348603	409.07690430847947	0.0	75.48055598444694	430.8121477809095	0.0	79.96269390896775	428.6066048442192	0.0	101.82959970401652	422.90803761468584	0.0	139.24230330022618	282.5976782824964	0.0	158.40251538605992	353.81089380246226	0.0	184.008121252464	417.774312359823	0.0	175.2187420528934	435.59496358707554	0.0	179.91460829301596	436.1171852177884	0.0	191.15950254831608	432.0937955611858	0.0	123.57579728940672	179.6105596278103	0.0	118.32170037197825	143.36421825496512	0.0	117.0897329331019	162.2897329142044	0.0	153.0456376867208	194.8636206099671	0.0	164.89146398041726	241.2149007511046	0.0	138.3966605962267	257.1805637850043	0.0	106.8077537341286	202.0951120691958	0.0	90.0219437013872	248.1813754555692	0.0	69.81377074655845	281.01778044600644	0.0
253	4.216666666666667	142.11104815170128	278.8499258436916	0.0	147.9728420980657	279.9237786809895	0.0	118.34788192921039	346.6177876714423	0.0	97.52666391240055	411.634142711273	0.0	75.31383353501673	430.7841299263149	0.0	78.16041298471751	429.27115853797113	0.0	99.72815903488032	425.90646018201693	0.0	136.7130081647407	282.7774175190161	0.0	155.94254412292315	354.17543432028253	0.0	183.48708622997196	418.0047759874136	0.0	174.37673665729298	435.4129337692212	0.0	179.1929130118114	436.00704884550464	0.0	190.8643768622173	432.28134887163526	0.0	123.45595983144526	180.10918157991046	0.0	118.4867492131108	143.22799603422294	0.0	116.4403486405942	162.2423986758231	0.0	151.48755500818797	195.4663944593706	0.0	162.85397574976176	242.94063820522487	0.0	137.0403382743123	257.81176203743814	0.0	106.44393806149179	202.36461509698182	0.0	88.14298055738712	248.37592183393977	0.0	67.38493001116775	278.4597106505638	0.0
254	4.233333333333333	138.63662670508558	279.32483661501226	0.0	144.0198010492678	280.1212674921392	0.0	116.4490888093204	348.0955382858946	0.0	97.1534452561082	414.53246782704394	0.0	75.32343083618227	431.3800734780249	0.0	77.11470142055396	429.9657217462102	0.0	99.43382252428617	429.03332957155396	0.0	133.72823337382823	282.5885789683132	0.0	152.97238320065523	354.323582377149	0.0	182.93819264199522	417.3155587047052	0.0	174.08812228868788	435.2610249937611	0.0	179.3191723977937	436.09592135992574	0.0	190.48375294951492	432.57346778986926	0.0	123.1535789582071	180.63495349754808	0.0	118.54958534426127	143.32480186177395	0.0	116.0846083242945	162.20198794098926	0.0	150.18751915390146	196.34020088926593	0.0	161.234718021501	244.3847731308771	0.0	135.05850714689993	262.6290482232071	0.0	106.31087643252623	202.11180721107763	0.0	87.11443484045597	246.30634655559575	0.0	65.3995587339075	274.81844965454343	0.0
255	4.25	135.08613851792103	279.5574624921346	0.0	140.8849577226916	280.14918368072466	0.0	115.44851451621514	349.68690808973486	0.0	96.68816217441422	416.73301704226947	0.0	75.03924538419	431.4678493835745	0.0	76.41069841251732	430.1757757290772	0.0	99.54523804934692	432.18135399539676	0.0	129.7592944623229	282.4883350411425	0.0	149.37467133954425	354.45024487618593	0.0	182.1792827037457	416.76753689247687	0.0	173.82708385142743	435.031387706337	0.0	178.84028646250343	435.83564724641536	0.0	190.0227569490042	432.2709937959524	0.0	122.9588345725637	181.0466701677363	0.0	118.84583863717617	143.54111341247406	0.0	115.87712389676082	162.03088044918246	0.0	148.92309892775057	196.97246922604998	0.0	158.66268736945528	245.18299510138496	0.0	133.12286588612304	264.52368187299135	0.0	106.0268738279039	202.0148124465355	0.0	86.15998816559112	244.97930088815872	0.0	63.11275321760304	273.92271806432126	0.0
256	4.266666666666667	131.94365800316822	279.7442644731074	0.0	137.75995890899128	280.0817635935894	0.0	114.86403329895496	349.98850097830416	0.0	97.28277883930855	416.93537669091006	0.0	74.07199558844096	431.529800857008	0.0	76.46293861451153	430.5082772010635	0.0	99.92927017019983	432.91593546866613	0.0	126.59545151338907	282.31960282676346	0.0	145.28181502888924	354.6651246562221	0.0	180.6689254969029	414.88298176863447	0.0	173.62883997847587	435.1329619426813	0.0	178.36568185468218	436.04614334399855	0.0	189.17784697408788	431.7216453812724	0.0	122.24481594653803	181.30327783526627	0.0	118.75381306152279	143.29925450422735	0.0	115.96972403594324	161.66728304027106	0.0	147.28974527507313	197.620489360196	0.0	156.47078448858218	244.63377920648674	0.0	134.56501041654585	265.7343468759675	0.0	105.49338727941263	202.05757043679122	0.0	85.00671299620407	244.00432082203977	0.0	61.36370392260352	270.7184625909997	0.0
257	4.283333333333333	128.65202792787795	279.6443417143031	0.0	134.59081078464143	279.8120993156035	0.0	114.86259308844465	350.0075132963667	0.0	98.4300629690355	416.59547628662443	0.0	75.06674298185615	431.8037748520784	0.0	77.92147303725511	430.23015181250173	0.0	100.4440298960846	433.21728615438303	0.0	123.26626004394049	282.22210605618477	0.0	140.05736689536917	354.879192140376	0.0	178.3407440674232	412.7180816859543	0.0	172.54057108226792	435.07154750136635	0.0	177.36058360023398	436.2869593039805	0.0	186.89000113157232	430.1005476230383	0.0	121.21408886553218	181.51173786203285	0.0	118.50308239615927	143.11869087991784	0.0	115.38578785092636	161.72590428696594	0.0	145.45618495638254	198.15620856145966	0.0	153.6828578175522	242.44389021972611	0.0	139.5552242296472	266.49547447488885	0.0	104.15652576568668	201.9541214357643	0.0	84.1295261396495	242.61423905496216	0.0	59.522672039336584	268.52130054290484	0.0
258	4.3	126.05172135125834	279.72776849270235	0.0	133.73202552019126	279.7029493536868	0.0	114.27256416253279	352.64017075363023	0.0	98.75107215511919	416.9503008469509	0.0	75.65241140704454	432.3342173046302	0.0	78.64342372087582	431.0770952750965	0.0	100.67671156139639	433.5138605395721	0.0	119.76034203707711	282.2682104332863	0.0	136.41511815339845	355.5654841202346	0.0	175.72695376628477	410.7406632191413	0.0	172.91785646471334	435.0071001176791	0.0	175.973656867256	436.11930953703194	0.0	184.1945498828481	427.4754579121587	0.0	120.42480352360091	181.60623839845601	0.0	118.68080891129553	143.41465776577945	0.0	114.86295800064295	161.92357745451648	0.0	144.21784958084237	198.72301582482075	0.0	151.5297569017143	243.26492511927307	0.0	139.61604053325314	270.4205218083635	0.0	102.88512099372143	201.57721996606955	0.0	83.11579162197013	240.49746526557476	0.0	57.53502142976487	267.09387956398626	0.0
259	4.316666666666666	123.33080695429514	279.9454287160046	0.0	130.7019815716809	279.87191835297585	0.0	113.56429235984972	354.44080923728274	0.0	98.84205552628694	417.13277011079396	0.0	75.60176424518014	432.6929347227372	0.0	78.70444732223683	431.29213108523743	0.0	100.6987731317295	433.49535342691604	0.0	116.98414133418284	282.4640116633227	0.0	131.70468596559706	357.0690919893793	0.0	172.9262040428008	409.9747421813162	0.0	172.41999681394657	436.1830781585227	0.0	174.94690586751113	437.05951865808765	0.0	182.2482591081295	423.46671260808046	0.0	119.57634574929294	181.69078320558174	0.0	118.5118713203953	143.5894907303716	0.0	112.6081322283002	162.42743003182864	0.0	142.51572944758868	199.28809383315286	0.0	149.1736783726846	244.43875744156009	0.0	137.6491261395017	271.224109052893	0.0	101.50935692479452	201.16334029328232	0.0	82.69159500716619	239.9306818060361	0.0	56.133958732165645	265.60876793588073	0.0
260	4.333333333333333	121.10541799267938	280.06017855332914	0.0	129.38056744964535	280.1481890565947	0.0	113.30917547582725	354.89563190267967	0.0	98.76687146218637	417.7709052171897	0.0	75.69081583717251	432.99027984136876	0.0	78.28825101526115	431.54398971718103	0.0	100.55911991999136	433.3598413699856	0.0	114.31186747630662	282.632807876164	0.0	125.57324410747508	358.43525807219766	0.0	169.19105751362397	407.67192432469585	0.0	172.04985898188392	437.4642229173843	0.0	173.23052495958726	437.957319532382	0.0	179.92141615999736	418.4634216391807	0.0	118.36052929882987	181.8236692541119	0.0	118.27499550165031	144.02926439529435	0.0	111.95644582943217	162.57987284226752	0.0	141.18551090343564	199.92051121982107	0.0	145.59052051112846	246.66236838536372	0.0	134.15605207093574	272.45621062291406	0.0	99.37598544351587	200.88691478528497	0.0	81.10419818560594	239.87751984065073	0.0	54.14695905167114	264.52964962356765	0.0
261	4.35	119.13198934406338	280.05977455861307	0.0	128.05655328239084	280.28065249454073	0.0	113.12300890993716	355.133999251604	0.0	98.89596297760338	417.7010311527325	0.0	75.66267719873517	433.03945166056997	0.0	78.7196486154022	431.6075275551058	0.0	100.46281156014875	432.97461697098913	0.0	112.28185445399123	282.89777786412986	0.0	118.7511011188282	358.36983370221634	0.0	165.23539574142094	405.61293382711256	0.0	171.9193801128936	437.0527925328252	0.0	172.48594078590955	437.2664270419744	0.0	176.51197694726594	413.972261781244	0.0	116.9091057247699	181.90564738936484	0.0	117.75001149462771	143.8786054742401	0.0	111.45831813941719	162.08959941985236	0.0	139.7810643635675	201.24437221295236	0.0	143.4778247656667	247.04018245467944	0.0	132.78125408761662	274.4152817377632	0.0	97.34480921896301	200.57404076401758	0.0	79.16166183059006	239.56446287793665	0.0	53.12435449584729	264.4640859660409	0.0
262	4.366666666666666	117.14255315441672	279.95842107227185	0.0	128.275203274841	280.01797672081	0.0	111.76677724502166	355.9352829843415	0.0	98.45652942454859	418.444473966359	0.0	75.57150140318252	433.1199335815162	0.0	79.08662225395618	431.72610595095466	0.0	100.21834276252741	432.7926238190913	0.0	109.33174978589156	283.0147144070816	0.0	113.20353441335772	358.82061807244156	0.0	160.79520385059357	402.85659018460717	0.0	170.1772217938913	436.9695653574686	0.0	169.70440783294757	436.7904088578662	0.0	172.08471148809198	410.17655609824317	0.0	115.76496137339278	181.97701768709913	0.0	117.16683840635145	143.745189402279	0.0	111.24635366609192	162.10350569333167	0.0	139.09784835082036	202.2389655071249	0.0	140.93511780730725	250.80301389063808	0.0	130.21887409550774	276.1823511791233	0.0	95.26274896630345	200.5019443750236	0.0	77.14394162505677	239.38174551606005	0.0	52.21734381668127	264.1901791535162	0.0
263	4.383333333333333	115.63818278284488	280.1938380640462	0.0	126.94843236647101	279.8203611427787	0.0	111.22520699806105	356.10662123167924	0.0	98.24410180646424	418.43266154325795	0.0	75.44568742875995	432.9665629747166	0.0	79.30624954238607	431.7779584210483	0.0	100.49069800938975	431.72724394951507	0.0	106.79077223248096	282.9369216107761	0.0	105.9330197893912	358.9629285047943	0.0	156.8496734877076	400.36786319203003	0.0	165.53576468876096	435.774240488651	0.0	165.36826354694713	435.00291197352965	0.0	167.71617815837647	407.38982549817376	0.0	114.29867710269069	182.06597948732966	0.0	116.0704868084352	143.14353358062147	0.0	110.31704212742004	162.36256732514886	0.0	137.76799734222675	202.9422855586016	0.0	138.2415059654003	252.6802330597435	0.0	117.40120744545607	273.999559721165	0.0	92.81585560925399	200.32943930911324	0.0	75.54432808084746	239.8478106778149	0.0	52.17434508383092	264.6758664973525	0.0
264	4.4	114.2517402450814	280.17272017521805	0.0	126.44257961937181	279.57109185515515	0.0	110.81883473406211	356.00990006846695	0.0	98.41157799378735	418.6828696777013	0.0	75.18816760306957	432.9120604488255	0.0	78.80547664784038	432.43847320966694	0.0	100.29576537366947	431.15687681725024	0.0	103.56312210127675	282.4111785954661	0.0	101.51879456277528	358.2737661577566	0.0	152.0565749391368	396.3999839697117	0.0	162.43953763599987	431.9654956506118	0.0	160.52443131902888	432.2726183499251	0.0	164.75769174203845	404.76352337608745	0.0	112.88959710158628	182.00595073115585	0.0	115.01854665761047	143.45553371691366	0.0	108.74487073145961	162.58533294140898	0.0	137.14670334709973	203.27563531407043	0.0	137.67111165697577	252.90594077617732	0.0	119.55029395900299	276.1591023128499	0.0	91.3157005074049	199.8916319852321	0.0	73.7362531632861	240.43448281322884	0.0	52.73721994998023	265.2364003305144	0.0
265	4.416666666666667	112.81761653951686	279.8301817777141	0.0	125.15688615976748	279.4362625002889	0.0	110.41405251268611	355.0905326306789	0.0	98.14470014757026	418.50987145921	0.0	75.25697615772123	432.56703011292456	0.0	79.72256186200704	432.37990017652197	0.0	100.67794185907086	430.39341086633306	0.0	102.00330767435472	282.00570162965164	0.0	96.62372012609369	357.59037159692554	0.0	147.17562000943408	393.2964900581502	0.0	159.0516426796173	428.53688043244756	0.0	156.56384782371856	429.37997178318057	0.0	160.9236359527424	401.1557788771925	0.0	111.43925157886096	181.87150048990716	0.0	113.94869381052074	142.84735962552543	0.0	109.30627486732443	162.02895066584276	0.0	134.9867736267623	202.717238269122	0.0	136.76397906936654	252.82082256296744	0.0	116.09784782341	275.7327126678816	0.0	89.34916633203989	199.43406289604948	0.0	72.65064714897166	240.16380513041764	0.0	53.59935072541866	266.0590025087965	0.0
266	4.433333333333334	111.44264241184757	279.2170658753116	0.0	125.09509395189276	279.30686183332944	0.0	110.34392724326591	353.00086151980446	0.0	98.10324129548604	418.2054045032297	0.0	75.62956831404071	431.5866592289475	0.0	80.68182923145926	432.4435748893578	0.0	100.87485473051541	429.4635181219066	0.0	99.66734396928899	281.7607080020723	0.0	91.30084913149082	356.4985022939878	0.0	141.397124546301	391.68823238220733	0.0	155.64905516117898	424.9857415158141	0.0	152.20380837449653	426.4809723689548	0.0	156.6073405936921	397.04185005850775	0.0	110.02425442722559	181.86295621634295	0.0	112.14778838231811	141.7452606704258	0.0	109.36507138685258	161.3924553291485	0.0	133.98776289133377	202.3946058291488	0.0	135.93615501845645	253.67940385706768	0.0	112.58123374272137	275.88518925217267	0.0	86.5520153269256	199.06986343944448	0.0	70.81744831613376	240.5890866450433	0.0	54.18280013095763	268.14495687032996	0.0
267	4.45	110.5454198959934	279.06978243482246	0.0	124.26627409913343	279.06022306121884	0.0	109.60596535361542	352.3950520179972	0.0	97.99186320659805	418.4917599274903	0.0	75.6058490519339	430.89934165581747	0.0	81.31137343495048	431.28191309309943	0.0	101.26590242291368	429.30757357321187	0.0	97.82520731720068	281.56969562764937	0.0	86.59508437774312	353.8920635568189	0.0	136.16253107878978	389.97711471259896	0.0	150.96137996380997	424.1668055648289	0.0	146.54424917508842	423.654480069206	0.0	152.34044624125474	395.5787798223623	0.0	108.72726463561814	181.80597688417834	0.0	110.73792960243043	140.96437101784593	0.0	108.27235250044204	161.05633526352034	0.0	133.1912062768031	201.95987344772507	0.0	135.61935894865516	252.76315779210577	0.0	118.00435602969284	285.7776817221716	0.0	84.70759702432079	198.98145806055823	0.0	69.50343557914617	240.62727292079364	0.0	55.25612640398597	270.1546014640972	0.0
268	4.466666666666667	108.40191844056635	279.08983737590114	0.0	122.23960938980801	278.95476728693507	0.0	108.8861844338914	351.4659015586963	0.0	98.04799698273149	418.6696500754902	0.0	76.32457844234506	430.2838412943072	0.0	82.95504602736938	429.6064247902034	0.0	101.8273272195235	429.44300874805595	0.0	95.11889872087667	281.42748311058176	0.0	82.703708752653	352.70664701352837	0.0	131.09649002180032	389.036853166713	0.0	145.90546037602533	423.05622377909225	0.0	141.44727643188142	422.5831688337186	0.0	146.88376848369413	393.84368380528923	0.0	107.46265358368491	181.63409935428487	0.0	109.03146981620509	140.17034258455578	0.0	106.60293901041759	160.3973162470846	0.0	132.53270805697633	201.66697010862597	0.0	135.41612835940185	251.20631185461758	0.0	120.97573726668529	289.4850592211898	0.0	82.87644720856005	198.93167545600704	0.0	68.18145433625492	241.68000658298837	0.0	56.22252800416957	274.691448463802	0.0
269	4.483333333333333	106.39259898764912	278.8747386333344	0.0	121.1271172588536	278.82714811780147	0.0	108.3027729589612	350.91858934602226	0.0	97.99272061372744	419.1609630306399	0.0	77.37994624865325	430.17381856718697	0.0	83.66250834718487	428.9456674495136	0.0	102.16177631803289	430.0286658595983	0.0	92.62023048899319	281.32114164928475	0.0	76.70444405977635	351.4207182972833	0.0	127.10486761400888	388.9094617098583	0.0	140.44168414937664	423.118622785548	0.0	135.99873331144283	421.87474252909124	0.0	142.89153369631498	392.8440251255437	0.0	105.91142243068977	181.38040576090518	0.0	107.40269450356172	139.83887990816154	0.0	105.01207273617118	160.00741606348436	0.0	132.01471994885998	201.27518664430931	0.0	134.99324225173243	251.20343003476506	0.0	123.62099410943318	293.5350707897803	0.0	80.7195526493682	199.03514800131458	0.0	67.45461360515581	242.29052804070335	0.0	56.55824815940705	276.851336658625	0.0
270	4.5	105.21611332261266	278.64097696480076	0.0	119.61318867805198	278.8192217187097	0.0	107.7435929211444	350.7762407950954	0.0	97.98366901175419	419.5395139211846	0.0	77.05183907676066	430.04781451097574	0.0	83.33693644319641	428.42101254536294	0.0	102.64185215772773	430.817689236737	0.0	91.82360293494786	281.12841279163126	0.0	72.51825140842193	349.4868574231319	0.0	123.08171179600345	388.5493043969145	0.0	132.0896720025681	423.7772747658659	0.0	128.60867134635185	421.29027973076995	0.0	137.43960730623195	391.9626551014642	0.0	104.33159808441714	181.04459313597926	0.0	105.38272196776275	139.75281138315862	0.0	103.77024254097279	159.73422538128463	0.0	131.39454229071907	200.46777365361706	0.0	134.85528285837012	250.2874534359494	0.0	123.67041211680615	293.04493802928687	0.0	78.16220321722209	199.03504363261334	0.0	67.16598346032576	242.51841202138257	0.0	57.1858733148409	278.9965718837135	0.0
271	4.516666666666667	103.56088707400983	278.4625984739057	0.0	118.34521891214993	278.90376337323846	0.0	107.42176748124007	351.04154724720905	0.0	98.10475161300886	419.5502169163084	0.0	77.83890226226295	430.0431644189608	0.0	83.47716651424312	427.81081823039983	0.0	103.57546852547442	430.828338141417	0.0	89.67835280967334	280.8646682477447	0.0	68.76643770172576	348.33282406533954	0.0	118.82692913972552	389.013817812343	0.0	125.32136641735204	423.03360610751815	0.0	122.84736908461981	420.0128528854191	0.0	130.77286592174133	391.9090586100338	0.0	103.02458022978055	180.96196892556068	0.0	104.02897807768137	139.69785714921548	0.0	101.60464259758362	159.75773980963612	0.0	129.80279225065928	199.72366048748216	0.0	134.20345507063232	250.01985983541644	0.0	122.90616613710894	292.5656202508648	0.0	76.79748188501608	199.351091749651	0.0	66.00336756638592	242.8318035698172	0.0	57.04615727276442	280.10177907350845	0.0
272	4.533333333333333	102.97656357472692	278.31772310576105	0.0	117.35461427198095	279.327072849861	0.0	106.96983439504201	351.39185416843793	0.0	98.17145843584558	419.4743051321385	0.0	78.05646354663969	430.3008653526846	0.0	83.73655163749874	427.71287812238444	0.0	104.52673081643414	430.48157923196464	0.0	88.23600374056454	280.7386970624083	0.0	65.28229424484545	347.050883100433	0.0	113.92098276682654	389.6899897887716	0.0	119.88984620542895	422.2897450163992	0.0	118.37805254581261	418.8061373648849	0.0	125.75384030429738	391.65156072413305	0.0	101.57709245471932	180.8834992035319	0.0	102.57743790367087	139.8363371993343	0.0	99.68456971509907	159.80943874090096	0.0	129.15189014454177	199.4680067841055	0.0	134.15365445867633	249.01672143311416	0.0	122.69139839689262	291.4186735143942	0.0	74.90218701503963	199.47009916273595	0.0	65.06170384814254	243.33309332101004	0.0	56.211956116884714	280.0963928451067	0.0
273	4.55	101.6238667277983	278.22550135855045	0.0	116.46301169925623	279.6086422689075	0.0	106.56915732439009	352.09416207923925	0.0	98.21472039647892	420.60061839969876	0.0	77.39582280105978	430.5271957077314	0.0	83.13177535664447	427.60969482201824	0.0	103.70185840807744	431.14737498080723	0.0	87.2389285997796	280.78499968732143	0.0	61.35869316298503	345.68313162260034	0.0	109.56902276463519	390.1272972999308	0.0	116.55767318619952	421.68082318409745	0.0	114.5327768255127	417.8214967818598	0.0	120.00592915815102	391.1725515768474	0.0	100.16839153101526	180.68906909647592	0.0	101.19769115571589	139.81562037090265	0.0	98.68670673516513	159.80048035930366	0.0	127.92822616569025	199.4254198268008	0.0	134.26674943615794	247.69416826474034	0.0	124.00075073352993	289.136480806692	0.0	72.94633717838116	199.69283563389348	0.0	64.02125661670468	243.75612356120592	0.0	54.26945856420936	279.62818302612	0.0
274	4.566666666666666	100.2338883281269	278.13052130904686	0.0	115.08778967690316	279.93490854533087	0.0	106.13453848840942	352.1265482158251	0.0	98.29027499450036	420.85632860754424	0.0	76.98975107440106	430.98897802950887	0.0	82.52462963974989	428.2117362201347	0.0	103.13698595930924	431.34517901511674	0.0	85.84645432025549	281.01884199599147	0.0	59.008398168536225	344.3849087819119	0.0	105.18138249031085	390.48311526436424	0.0	115.02454216050798	419.8107883421126	0.0	110.37725065611897	420.97739225383896	0.0	115.07850864844256	391.3894257462511	0.0	98.77405250476313	180.51447044645556	0.0	100.20178412185277	139.92234094824232	0.0	97.78832045860207	159.7526164891991	0.0	126.986530448657	199.34021782824942	0.0	133.858344645328	246.69955326293865	0.0	125.21736098387288	286.55575625747997	0.0	71.52019162808081	199.7466854432933	0.0	62.63689037635531	243.73687427691934	0.0	51.845398131358664	277.905380449442	0.0
275	4.583333333333333	99.17088521136735	278.2205175382166	0.0	113.99794130846641	280.53531748901867	0.0	105.64239641209355	352.137676492	0.0	98.40095369271786	420.8963604551044	0.0	76.77207422406988	430.7513587858129	0.0	82.37385752079474	428.6646417983031	0.0	102.32938299551566	431.6201180026679	0.0	84.28538395903098	281.5304771049352	0.0	57.505539618765376	343.93335326853787	0.0	101.11418227437368	392.8963684250041	0.0	111.32839409869149	421.61127774312536	0.0	94.89805695412727	420.3436339468278	0.0	110.07265824650241	394.05182007681157	0.0	97.70243530655605	180.41100677757282	0.0	98.72816133447729	139.96131778769387	0.0	97.20243011643277	159.79248509873338	0.0	126.40766061988506	199.35027539469985	0.0	133.33024469326728	246.8008879058199	0.0	125.94323300728206	284.7857830142963	0.0	70.03297591257437	199.8039212083277	0.0	60.635206763625334	243.58472665217892	0.0	48.355123318479556	277.24194257970737	0.0
276	4.6	97.85809566154725	278.415557460375	0.0	112.27763935766437	282.202816684437	0.0	105.34356035358165	352.3976066881214	0.0	97.84813402383278	420.7049735309703	0.0	76.1055988613951	430.14546063726914	0.0	82.30353523530488	430.4592470773694	0.0	102.25747152363857	433.4387120202762	0.0	82.04454033300394	282.7153397075673	0.0	56.495366183115934	343.5348277953696	0.0	94.92378990247596	393.09649113461967	0.0	96.87583019898466	424.41055399643534	0.0	88.88139628958075	421.21223842457255	0.0	104.34038940361522	393.24572018960987	0.0	96.41939634632757	179.92571523574648	0.0	97.38254711183937	139.93431069104287	0.0	96.35598245648883	159.77031414553846	0.0	125.65631261426417	199.26397028538292	0.0	132.63935475947312	246.50372361376895	0.0	126.47274851212836	283.18206738014027	0.0	69.07622764198673	199.77628002535664	0.0	58.23885420996199	243.5550362314259	0.0	44.87496505010383	275.55650694605805	0.0
277	4.616666666666666	96.44972207756018	278.64707110577	0.0	110.83332409378384	282.0809832945343	0.0	105.27980179040927	352.0664905594102	0.0	98.39066818441393	420.93207464876434	0.0	77.90046347958568	429.77055333575566	0.0	81.90619236633978	429.92227083072004	0.0	101.8705395751638	433.5898487377964	0.0	81.02455753716984	282.60029659018664	0.0	55.2445167358824	342.84250644709334	0.0	90.49083279261451	394.0883000709117	0.0	86.08121400828152	426.3642007580364	0.0	83.07249574623523	422.03466249079713	0.0	99.41604953275592	395.7769822514486	0.0	95.47667096701797	179.89848373394022	0.0	95.97292481306046	139.92320987573993	0.0	95.0232148222545	159.71136957975773	0.0	124.73520295042107	199.51498249980915	0.0	132.2008405785852	245.45671578951294	0.0	126.79201185691412	278.63944627983767	0.0	67.7383512086573	199.54510092617107	0.0	55.89782985938294	243.19433090528136	0.0	41.91202358171343	273.55077164879043	0.0
278	4.633333333333333	94.98382920423929	278.726724727661	0.0	109.41393901407588	282.042898527013	0.0	104.48903476200772	351.9622039299662	0.0	98.67841717458234	421.1621415663401	0.0	78.86875269532811	429.58012912359993	0.0	82.3308979126968	429.6786463803097	0.0	101.32487208918339	433.52455011123436	0.0	79.13467981833081	282.51940014850396	0.0	54.6881345456594	342.05724488044353	0.0	86.05430334473245	393.8781123810935	0.0	81.3736471167322	426.563447518212	0.0	79.45340619090601	421.6925183414237	0.0	93.99949955891378	397.69986747290176	0.0	94.50395223558569	179.78167975649848	0.0	94.56250892506007	139.9717890647157	0.0	94.04262650921078	159.74074872854027	0.0	123.83358585319476	199.57218117621628	0.0	132.1794203593769	244.48264791165101	0.0	127.26116922694933	275.6171004616732	0.0	66.6803336111733	199.44187897067675	0.0	54.296269448164566	242.62630898437124	0.0	38.40702588831768	271.71938573151715	0.0
279	4.65	93.13826698887846	278.67824504397805	0.0	107.98175530448266	282.1114667368046	0.0	103.97923718336123	351.89639071331675	0.0	98.11379997936169	420.7809568666619	0.0	79.19774440075919	429.64391460839454	0.0	82.27385454870742	429.89634357557765	0.0	100.26278843755941	433.5805893671293	0.0	77.71524542757564	282.47202529496724	0.0	54.12939244916844	341.6496749456201	0.0	81.67334629211963	394.5665825827526	0.0	74.11915913474442	427.9273008619598	0.0	72.65219044114824	422.58531885857826	0.0	88.17422146413787	398.83530499731773	0.0	93.13522910935616	179.8290640637808	0.0	93.59088954656436	140.01106247150554	0.0	93.10137472745934	159.68953970998075	0.0	122.84602094285404	199.69699915957062	0.0	131.30779081743106	242.90915875116144	0.0	127.73983177812217	273.6070092465751	0.0	64.91133401403017	199.37423148006638	0.0	52.04348282559151	242.0933052207793	0.0	35.52457259948075	269.82481400467196	0.0
280	4.666666666666667	91.78404009065326	278.64993764515964	0.0	106.59891267497228	282.1913016932458	0.0	103.18115813622737	351.8037075975358	0.0	97.77327329862617	420.8054129475729	0.0	79.042836542402	430.0986416218558	0.0	81.75231645742983	430.40390538789416	0.0	100.21304511258356	433.4889873248072	0.0	75.96466686229108	282.6250098259949	0.0	54.62576423872966	341.89870763980485	0.0	76.8738785123718	394.84040803884864	0.0	68.92876883386326	429.052262469693	0.0	65.89578216568555	423.59395078475154	0.0	83.7696458334064	402.01286511674016	0.0	91.80587639728031	179.58692245140173	0.0	92.29484197872337	140.02261163320583	0.0	91.81181368228039	159.6412509284507	0.0	121.53496919455165	199.81349615747928	0.0	130.4160139925591	242.24050930584622	0.0	128.15384136539913	272.09226040834903	0.0	63.554076901023336	199.33911698906903	0.0	50.19253253832214	241.5385213069377	0.0	32.32011441932297	268.2475577963743	0.0
281	4.683333333333334	90.87311012047266	278.6600245137969	0.0	105.23888929989496	282.96937077442016	0.0	102.69284697976583	351.75422222769373	0.0	97.69754109657522	420.58197992150826	0.0	79.20342461269013	429.9786934344885	0.0	82.33052610234375	430.7622321863367	0.0	100.31285875259498	433.58648560412416	0.0	75.02407681664855	283.04791591137985	0.0	54.56797634047857	342.28767470241917	0.0	72.10471017307458	394.88645765326135	0.0	66.58232586322684	431.91579953116513	0.0	60.66892526656924	426.29247163361663	0.0	77.52408111533138	403.6832733510974	0.0	90.89122877853598	179.2862385642076	0.0	91.4075863302059	140.02157272263318	0.0	90.92263756963919	159.42584777197044	0.0	121.02011580769265	200.01871371886864	0.0	129.8790454287089	242.38135199057908	0.0	127.96684544723848	271.3002455079754	0.0	61.83657309806964	199.24899480187224	0.0	47.55962102311184	241.0495295401747	0.0	29.97385223103928	267.1470380921111	0.0
282	4.7	89.33798076733555	278.7249621064623	0.0	104.09607768561479	283.5029279415795	0.0	101.69325303909069	351.81566281048083	0.0	97.31990187089313	420.44063822089083	0.0	79.68180899080154	429.81190437374477	0.0	82.44034868856815	431.32383922447724	0.0	100.47851857412921	433.7871421064324	0.0	72.64111916271963	283.351467409429	0.0	55.33296964377554	343.1009370109119	0.0	67.11609579705019	394.9360692403451	0.0	64.09786780013005	433.98676206794977	0.0	56.626467035767895	427.7480831878056	0.0	70.53886887768267	405.55968037097	0.0	89.41735431715004	178.8322541296514	0.0	90.36665471807434	140.08258127312297	0.0	89.91338973888884	159.5034953652091	0.0	120.40776342465992	200.28542746326391	0.0	128.87059941945247	242.24709842963853	0.0	127.86356350282784	269.7403226759832	0.0	60.28560015926904	199.26883469450428	0.0	45.50998105048274	240.4944668370299	0.0	26.99851161095591	265.4255540876469	0.0
283	4.716666666666667	87.47868429911779	278.8773168993755	0.0	102.2755442732023	283.2816099334059	0.0	100.78296164058116	351.79717522743937	0.0	97.19380888746687	420.32915960960594	0.0	79.89558040718258	429.0900278419259	0.0	82.50452881872545	431.1273509402621	0.0	99.79753581439667	433.85977390781903	0.0	71.138177242741	283.1680200549787	0.0	55.376968122747904	343.730935324557	0.0	62.22644768369163	395.56826870984384	0.0	62.112181468883065	435.4811238845609	0.0	52.77834630957331	429.0716157929297	0.0	63.24055140841375	407.1330955217947	0.0	88.40588901007794	178.84761421333096	0.0	89.38680130053349	140.1221802071634	0.0	89.35349136216503	159.26039279526123	0.0	119.51185150996368	200.65759728719163	0.0	128.35444464558745	241.7462136348537	0.0	127.920463290195	268.31277614203395	0.0	58.35171458528531	199.28236589035768	0.0	43.090227412541395	239.65017856016885	0.0	24.740230592340183	264.81278328359514	0.0
284	4.733333333333333	86.31143975270041	279.166734824771	0.0	101.15739248604167	283.43822814320237	0.0	100.15208355583044	351.904089655681	0.0	96.84220344525153	420.40281736129896	0.0	79.94610719875868	428.6015829778037	0.0	82.57780707345034	431.1500508804894	0.0	99.21549646741323	434.2387559345466	0.0	69.52289159355757	283.3714383544625	0.0	55.25809142115174	344.5100076414455	0.0	58.091340626464266	396.39836937236714	0.0	60.04817196705897	436.69581294171917	0.0	50.48199451144865	430.79694885334646	0.0	58.56097392050188	407.5175955772442	0.0	86.91445675046559	178.5854201551175	0.0	87.93180283702834	140.17563130046432	0.0	87.91272121891664	159.0341547682741	0.0	118.48863520853794	200.891664562581	0.0	127.41125496452132	241.6968746709603	0.0	128.23171666952652	267.7963000490913	0.0	56.25012096612011	199.31334025198382	0.0	40.91665428575759	239.14207274871634	0.0	22.656890714329734	264.0324410322063	0.0
285	4.75	84.42047668959896	279.4470547810239	0.0	99.68673614195372	283.74892746735424	0.0	99.22627202785273	351.9831655174717	0.0	96.79772567181303	420.6620794551477	0.0	79.9991317711378	428.619478136315	0.0	83.08753926032665	431.31018790978897	0.0	98.67958089115156	434.5625857769961	0.0	67.56995025970109	283.6641699457331	0.0	55.21396713911664	345.3774696043832	0.0	53.575395205516834	399.5232891141041	0.0	58.558990450690956	437.46798040653994	0.0	47.364945315298435	433.01578554098955	0.0	53.12989891222711	410.68147599217707	0.0	85.8789817071638	178.34440201202062	0.0	87.32494274440637	140.300749054129	0.0	86.90193917245901	159.0124840605894	0.0	117.09003962659125	201.07420393210077	0.0	126.42507350211179	241.61437907880278	0.0	128.34549892847454	267.1335857672576	0.0	54.241788564611475	199.29319409129775	0.0	38.45185546644871	239.21405722345713	0.0	22.009031104148015	262.93687028558725	0.0
286	4.766666666666667	83.05239118254956	279.6737147428943	0.0	97.94252014082286	283.5773774919435	0.0	98.44264328835048	351.93435719285606	0.0	96.87170430404012	420.7335920528915	0.0	80.1207790054019	428.5661706706737	0.0	83.54342419202317	431.5247885080545	0.0	98.04748452938972	434.8116922557738	0.0	65.78327018532683	283.5919906461665	0.0	54.88830630736692	346.46887286199876	0.0	48.37112332117646	400.3405925367896	0.0	57.31318385382501	437.5722647273852	0.0	44.293052857756074	434.26130417341824	0.0	48.37799692344443	411.7397767626465	0.0	84.62177069617722	178.32146611123125	0.0	86.10147171767316	140.26685285198482	0.0	86.07467588033809	159.0284461825878	0.0	116.21805716862377	201.24300363445735	0.0	125.19061389121448	241.6550588875072	0.0	128.50116714081284	266.80513766550155	0.0	52.0004744651952	199.07732066847967	0.0	36.125167958719466	238.95176094179635	0.0	20.692575728884453	263.66815678872723	0.0
287	4.783333333333333	81.00442334282084	279.9752691728044	0.0	96.33983638136483	283.41613127722246	0.0	97.77848276529733	352.0136279585795	0.0	96.74033333264931	421.13797811983125	0.0	80.22337995050894	428.68358819717105	0.0	83.77837731421975	431.73708199223984	0.0	97.89613421611466	434.9719432989578	0.0	64.15656316890559	283.5309799049187	0.0	54.17667589846056	347.454775628367	0.0	44.65791126071784	402.6070067708857	0.0	56.50970785932141	437.0583760372974	0.0	43.37123974214569	434.57252790584334	0.0	44.65570730956895	414.481575279724	0.0	83.42472887714138	178.33534849133588	0.0	84.88081553133642	140.2300686785719	0.0	84.91281524898415	159.04622810752608	0.0	114.59609800940757	201.38414919873892	0.0	123.99034320048838	241.70053483008064	0.0	128.40443045702693	266.78403322369684	0.0	50.33583388912649	198.801545821108	0.0	33.45731355262802	238.73312091696516	0.0	19.72980947090953	263.44395336492965	0.0
288	4.8	80.1230379082254	280.55957366021187	0.0	95.88825740610163	283.5526028346302	0.0	97.40527926367976	352.64823941192986	0.0	96.55562869830233	421.5588510785463	0.0	80.04336609971509	428.8708147281635	0.0	84.00960539444762	431.8836094890931	0.0	98.27421449796991	435.0366172678882	0.0	63.297897524150216	283.80495724902886	0.0	52.979790737492536	348.4190863807479	0.0	41.37241513590223	403.04232284699543	0.0	55.221288879690206	437.0315527580732	0.0	44.10692387168448	435.4254588400003	0.0	40.875359733912106	414.4305577155736	0.0	82.1342740350602	178.18954282591108	0.0	83.2080073433004	141.19458223266372	0.0	83.64738087594077	159.27423353247747	0.0	112.84162179449143	201.3062805789598	0.0	122.7312240645029	241.2723226724744	0.0	128.20680088799176	266.14323707146133	0.0	49.42726152762426	198.56053152952109	0.0	30.734826537775337	238.63994621572004	0.0	19.79523965318142	262.6597703190194	0.0
289	4.816666666666666	78.73693535540819	280.3527693361939	0.0	94.10912034545622	283.6919083558148	0.0	96.58372169509221	352.72546663265575	0.0	96.5387125225457	421.28973133390645	0.0	80.20785320414232	428.841677776918	0.0	84.17670832860277	431.7763276933249	0.0	97.99902583128902	434.75881665321344	0.0	61.92643720492351	284.72077004656614	0.0	52.085158169291354	348.1088088195698	0.0	38.50499394002709	403.4087020418007	0.0	53.98058502419793	436.6982543952316	0.0	42.85179617480537	435.1708923770798	0.0	37.38461121601026	414.40293484199503	0.0	80.31097369522054	178.14576452360893	0.0	82.23007937543404	141.32853155512862	0.0	82.23953585547258	159.21368677989182	0.0	111.01229897205931	201.41535398114678	0.0	121.38544181581794	241.33754293999942	0.0	127.97188672868832	265.7974138380742	0.0	47.11262039668359	198.51936080896616	0.0	28.69661583464712	238.29573886820685	0.0	19.441780107627615	261.4962064428113	0.0
290	4.833333333333333	77.11125702078076	280.3085270067467	0.0	92.39290194810454	284.2475367718023	0.0	95.78834754442778	352.1031669608171	0.0	96.37923803430077	420.87643887004396	0.0	80.38613201756252	428.87063351220866	0.0	84.37056101569227	431.7641399147843	0.0	97.36699280782821	434.660192235464	0.0	60.779584994287944	284.5786819327983	0.0	51.79102257986809	347.80583261079784	0.0	36.84402542063061	403.14723864617673	0.0	53.67060908803166	436.6072046006539	0.0	41.60863745476837	435.04005446167173	0.0	34.30004838309813	414.510996721914	0.0	78.99923278205655	177.96507706312315	0.0	80.99998447776446	140.63538247432845	0.0	80.57167143166815	159.30329617760975	0.0	109.6550225877574	201.7057089373887	0.0	120.0152404820395	241.05999021058614	0.0	127.91770849868504	264.9446499410763	0.0	45.358432524935594	198.4082007946728	0.0	26.0928290100811	238.13496732651504	0.0	19.713909135653374	260.4292571670629	0.0
291	4.85	76.60564025392219	280.64053440664526	0.0	91.46592573432241	283.9167157820565	0.0	94.99096807448072	351.1417233103508	0.0	96.42076696302973	420.38040919919973	0.0	80.46160896898303	429.0010649808247	0.0	84.50839446175561	431.7847031978025	0.0	97.02473580503579	434.59170414117995	0.0	60.27500348772423	284.37444957772885	0.0	50.89102768366482	347.6318652295627	0.0	35.4463031864156	403.58675367419426	0.0	53.070568853102735	436.5312235274602	0.0	41.09399428242766	434.72157633010016	0.0	32.335577234103525	415.8893275673717	0.0	77.20820948147497	177.87516771904586	0.0	79.65695979010009	139.33283542392223	0.0	79.62423579712416	159.21259211311963	0.0	108.34330652625312	202.11513151311055	0.0	118.30429210939518	240.0870340547354	0.0	127.76963713829909	265.00736368888136	0.0	42.60261009343819	198.56391517290018	0.0	23.153202671992403	238.6506652543316	0.0	19.449535530361963	259.5923420041647	0.0
292	4.866666666666666	75.1516521682202	280.53996497749273	0.0	89.98422677557826	283.6220566602072	0.0	94.38480961076712	350.87684378903447	0.0	96.36349351925898	419.8613174561813	0.0	80.28686878988452	429.29576576868203	0.0	84.53310815312523	431.8281609906031	0.0	96.93257764102837	434.41948385619287	0.0	58.819906461591835	284.12316860834994	0.0	49.41543795012939	347.87783408211095	0.0	34.40630618264904	405.1804479005	0.0	51.92409981694716	436.2926005428982	0.0	41.05511063083194	434.7476384385973	0.0	30.88092648305272	418.11388891278153	0.0	75.67055187332441	177.70171965650977	0.0	78.17669568957604	138.73559668905432	0.0	78.17785515798292	159.06281794604197	0.0	106.83928405798453	202.3612836990743	0.0	117.20400200816142	239.83778259678533	0.0	127.46404818379166	264.85016202408895	0.0	41.05015366732869	198.52212301238575	0.0	20.156583976570076	238.58188795539428	0.0	20.262648044100352	258.47579351107305	0.0
293	4.883333333333333	73.65557188580908	280.14632757981485	0.0	88.46308182773424	283.0771075745152	0.0	93.43992450596419	350.62813393464387	0.0	96.0596274775431	419.39817846687276	0.0	80.24564111142469	429.5000323491624	0.0	84.5168023363073	431.81022022665763	0.0	96.8694509984703	434.2113223628162	0.0	57.380824456319246	283.62193489687644	0.0	47.99044822951259	348.0367241989899	0.0	33.55060794715435	406.8087937494303	0.0	51.82567394892018	435.9241804713346	0.0	41.08346321832801	434.3465932701516	0.0	30.164957858949965	420.65963884975844	0.0	74.1680471520101	177.56660256050196	0.0	77.10942535150915	138.37667241208737	0.0	77.13745620765094	158.94854864045362	0.0	105.29219876714356	202.37724813469978	0.0	115.72044922839395	240.48590482765917	0.0	127.17668041399008	265.1208152904814	0.0	40.00933163039529	198.45883517323077	0.0	17.787722146089266	238.9542693004496	0.0	20.839080731327684	258.20149487600844	0.0
294	4.9	72.13397717930386	279.76918776862084	0.0	86.9577621823139	281.7552546616917	0.0	92.82618342624967	350.52560990712374	0.0	96.19845095892492	419.2628083635286	0.0	80.4048522580675	429.6921754059912	0.0	84.46143175008174	431.9127033849013	0.0	96.79254075713428	434.28834400291964	0.0	56.27867667136831	282.18676087481214	0.0	46.90296523705442	348.1039059236781	0.0	33.08101314815233	408.59790619096714	0.0	51.614005585312455	435.6431077596202	0.0	41.07406368917724	433.84050691336824	0.0	30.0293529691999	423.0064499351773	0.0	72.6225213858689	177.3969706645948	0.0	75.62652951929728	138.29256439787753	0.0	76.09175721099517	158.75597858357156	0.0	103.8068381054749	202.23738311357943	0.0	115.119291688883	241.27991514157205	0.0	126.72970251594187	265.402160924227	0.0	38.00403253432644	198.32161223731336	0.0	16.140918079852494	239.2345003636251	0.0	21.288468762603916	257.5804717879775	0.0
295	4.916666666666667	70.5115917574051	279.3276711459533	0.0	85.3659371281748	281.1247543105227	0.0	91.7856683682152	350.7165881350704	0.0	95.84690425469671	419.4268188144473	0.0	80.4424186614751	429.7407741749921	0.0	84.21178721433421	432.00513669865575	0.0	96.3234964671724	434.261701087304	0.0	54.71880511622803	281.5614319293521	0.0	45.81037843027815	348.24009440406104	0.0	32.96081713105594	409.5791663706654	0.0	51.903371486539186	435.0826214405842	0.0	41.22900591046716	433.4039614187532	0.0	29.86552106912061	424.4574384906874	0.0	70.56027496090442	177.3551817615267	0.0	74.03518997387114	138.209474344762	0.0	74.56512480226537	158.7203810130331	0.0	102.18328218141686	202.3932703719415	0.0	113.56801254424416	241.71994472915398	0.0	126.093702886918	266.4940427535637	0.0	35.95613313153835	198.420206215882	0.0	14.503559272730215	239.42210751890855	0.0	22.122515592871046	258.26901747152453	0.0
296	4.933333333333334	68.84667669827638	278.94849862047107	0.0	84.13965154814986	280.53124642949336	0.0	91.02356017952907	351.00402721465525	0.0	95.61814407127505	419.7055845833355	0.0	80.57348468780249	429.76347043340184	0.0	84.15091271556989	431.9026014318074	0.0	96.0885746048719	434.28987378596605	0.0	53.48942478958746	280.91873979324447	0.0	44.967125500205704	348.2907386564545	0.0	32.89987743823787	410.8283807264876	0.0	52.24761844565894	434.9422132744311	0.0	42.21137294793944	433.32120710715697	0.0	30.263641512820005	426.106334617471	0.0	68.86923872343367	177.36745516047463	0.0	72.81018571579682	138.1323327712953	0.0	73.82397582119098	158.89552344270584	0.0	100.49462509718825	202.44949718706624	0.0	111.92852041517568	242.20541470104519	0.0	125.3889703411655	267.4285489269336	0.0	34.71004135791493	198.44873746269076	0.0	12.963595872241239	239.40619064603158	0.0	23.34236114183021	259.1706578636888	0.0
297	4.95	67.3068859493763	279.0867017255026	0.0	82.66686897220488	281.0269297836603	0.0	90.07673342128449	351.1132559557759	0.0	95.48390995395604	419.9035590491945	0.0	80.52007373506785	429.7154165663087	0.0	83.84963763203555	431.8811093529398	0.0	95.97361747081284	434.35378857106554	0.0	51.96877944670308	281.0935185762546	0.0	43.166113362714185	348.3162618689425	0.0	33.17365288506456	413.3132394392381	0.0	52.81613719639789	434.9048613107382	0.0	43.27892682620463	433.2738248743987	0.0	31.169734166319003	428.14931569222995	0.0	67.33214492242698	177.38369952361012	0.0	71.30510686817688	138.47272893218474	0.0	73.17211181738904	159.00233648170752	0.0	98.4984655309479	202.28562859458023	0.0	110.82224506354217	243.78020631722507	0.0	124.80764833615798	268.3827901749306	0.0	33.21888138141018	198.3090410646643	0.0	12.32639146373951	239.5465282603597	0.0	24.96157456394464	259.09062325876414	0.0
298	4.966666666666667	65.70786009217802	278.82837638925287	0.0	81.54976116537806	281.06833536154704	0.0	89.47311967782298	350.8772078941737	0.0	95.09260281938343	420.2223611590963	0.0	81.03382521230185	429.7084022084344	0.0	87.52289035197307	431.77749857292054	0.0	95.6131735779624	434.16105724111526	0.0	50.328129043771476	280.7784958725513	0.0	42.4496422560459	348.33527779798305	0.0	33.015527893440144	414.68674584643907	0.0	52.331112179745325	434.8000567787436	0.0	43.840057488777184	432.8651028318885	0.0	31.0423909901823	429.1609885011953	0.0	65.74011578164583	177.34811724371644	0.0	69.72535825481408	138.17364469153407	0.0	70.76193624016241	158.63260807871075	0.0	96.49467067283749	202.13271969996032	0.0	108.96437755267625	244.145079527911	0.0	124.33207904589183	270.51135146236993	0.0	31.971917345328244	198.12309224804196	0.0	11.529026483305898	239.6075217743704	0.0	27.093346262705737	259.3405991366985	0.0
299	4.983333333333333	63.8105067861227	278.04325654141155	0.0	79.73894069979605	280.1730959173838	0.0	88.66548580489848	350.4732822047255	0.0	94.69419177877297	420.0699645576327	0.0	81.78322088628856	429.81029998312965	0.0	88.86907495095173	431.7905582665653	0.0	95.57086906389527	433.8730463756101	0.0	48.45724056932498	280.1295033424543	0.0	41.90076594140917	348.3606455863053	0.0	32.83420805835374	415.0593741199464	0.0	51.98291798168036	434.78436901420537	0.0	42.87068328712964	432.7236791379923	0.0	30.887888293032134	429.72074771527207	0.0	63.80862496595948	177.34139695993173	0.0	67.77289445005529	137.92381648580977	0.0	68.33248132294125	158.24152357675428	0.0	94.10368937668458	201.89088762255068	0.0	107.53418100512741	244.49846498190158	0.0	123.4977972264823	272.5085045132663	0.0	30.089082057596677	197.81871051612848	0.0	10.58204213470724	239.55544344720028	0.0	28.551687969561428	256.6320523953853	0.0
300	5.0	62.50866418654601	277.9660659989124	0.0	78.86663684523724	280.61384578840153	0.0	88.35872394283035	350.5322564500058	0.0	94.51098857539525	420.13134151976647	0.0	81.70711241356382	429.9981819143946	0.0	88.34877063648037	431.74581230980107	0.0	95.47396558638039	433.454684298464	0.0	47.59353269039777	280.6686709405488	0.0	41.17189087354307	348.40707128000224	0.0	32.10648709677314	416.3432943767725	0.0	52.1285522061972	434.88527252910626	0.0	42.65435066291667	432.6749374284233	0.0	30.23317159974895	430.39068762499113	0.0	62.071925236816014	177.2929894247133	0.0	65.59884326865917	137.96267747819974	0.0	66.5378213635627	158.03296274642406	0.0	91.92258591341181	201.4561701802246	0.0	106.33347178248117	244.89931664346267	0.0	122.41213122397778	274.03529628378277	0.0	29.164762988700392	197.445140353319	0.0	10.064376313599025	239.527772371781	0.0	28.37135863562903	253.85502739010755	0.0
301	5.016666666666667	60.92927294519401	277.34690515159	0.0	76.88713376179153	279.9014736951046	0.0	87.8081714737577	350.14847785034453	0.0	94.68743817157836	419.85655080426756	0.0	82.17640519245744	429.81216961905113	0.0	88.70579647536522	431.8465502257342	0.0	95.72024855572762	432.8262388202378	0.0	46.46092466740174	280.23074589646404	0.0	40.615318288604186	348.5066535616038	0.0	31.570446207214985	416.5362974954362	0.0	50.372361330793275	434.7443292153205	0.0	43.13774789142406	432.5023702783623	0.0	30.00538095042075	430.7840376670393	0.0	60.43782041241661	177.3100051136808	0.0	63.970916935799906	137.4230554453183	0.0	64.45954083514273	157.69710072669963	0.0	89.80931546571108	200.90098318630703	0.0	104.28002687940509	244.28798862207384	0.0	121.3050216190827	275.04175628512627	0.0	27.590341691649748	196.81497812444104	0.0	9.29393208486522	239.0854521153052	0.0	28.49314950461578	249.68288541170764	0.0
302	5.033333333333333	59.40162023881124	276.35508719347706	0.0	75.30860467309913	278.70822603861075	0.0	87.26471706745278	349.63052414688445	0.0	94.38931264119071	419.0006961286125	0.0	82.2164366890539	429.7059555735172	0.0	88.65942928878097	431.93438423320987	0.0	95.75787432161906	432.25474642256273	0.0	44.9534169296982	279.1877572116917	0.0	40.42054579024102	348.7573915691439	0.0	31.317642028019	416.2861340704367	0.0	49.67111471453488	434.56367611422183	0.0	42.59084355365253	432.43013188408617	0.0	29.505459045739812	431.1701049095245	0.0	58.43028196490561	177.26954535159308	0.0	62.40863774871105	136.8790599555146	0.0	62.42767761098852	157.45018946043334	0.0	87.31966571257362	199.9382427950644	0.0	101.35342484454556	244.08328762549124	0.0	119.81209382921807	276.8560603442297	0.0	26.03455975055079	196.37646121565018	0.0	8.569071881189508	238.87217001939348	0.0	27.992137535307506	246.1055461930855	0.0
303	5.05	58.19768587232962	275.40606121326914	0.0	73.73129444794031	276.86693600502815	0.0	86.69222693891965	348.81834525396926	0.0	94.20221492224603	417.5931811378941	0.0	81.91000116609115	429.8207074050637	0.0	88.32750455377759	432.0538004238963	0.0	95.64371190218972	431.43552840760856	0.0	43.77915005200674	277.8817391474718	0.0	39.751210877645484	348.58244766756025	0.0	30.761414146959872	416.0904104980672	0.0	49.20596400835191	434.53604972947517	0.0	42.02564100545796	432.43849976591804	0.0	29.220224296928762	431.04889891238724	0.0	56.76222903752213	177.2019923546515	0.0	60.74012661085006	136.67702793932773	0.0	60.7611282968409	157.27791381401784	0.0	85.18354778440984	199.27006068614725	0.0	99.20214742491078	243.91439623758924	0.0	117.79056043054409	277.9497916833925	0.0	24.790506745199963	196.2912562191351	0.0	8.50196430244823	238.9601401232752	0.0	30.16875018540846	243.54168437314797	0.0
304	5.066666666666666	56.88324180885645	275.00447613740994	0.0	72.7840013905445	276.1591095540281	0.0	86.3314573623526	348.3304076734579	0.0	93.8637172609355	416.4045295976382	0.0	81.887560626155	429.93666556051807	0.0	88.28489420318567	432.33285264133383	0.0	94.98066838117913	430.703108692783	0.0	42.87920586800272	277.5025414553976	0.0	38.88426953144726	348.32825594368273	0.0	30.521936512091422	416.28599074226145	0.0	49.12055141194452	434.5841813693938	0.0	41.826441418808514	432.46208985362557	0.0	28.75502309975111	431.2736814727689	0.0	55.33351479475508	177.17243504707687	0.0	58.87277741819416	136.53395910417606	0.0	59.3331356024628	157.20550282249232	0.0	83.27927651672769	199.08612879579226	0.0	97.29050126542964	244.2550084858051	0.0	116.33327358869452	279.120498660358	0.0	23.442748064035264	196.01406810093488	0.0	8.234072945321715	238.6358776707156	0.0	32.21549543552822	242.42417736825635	0.0
305	5.083333333333333	56.107311881930485	274.9149334425661	0.0	71.6304569811991	275.7653161528773	0.0	86.10524980000483	347.9427286390302	0.0	93.27606863467099	416.21751035155654	0.0	81.97872432686898	429.87823590311854	0.0	88.12610146703918	432.3257126868459	0.0	94.27057948790365	430.3890845971732	0.0	42.11654903188637	277.45923537028824	0.0	38.12032290867213	348.0972951991515	0.0	30.578617313416746	416.6826419972622	0.0	49.2116468408351	434.6354891745949	0.0	41.66015622733137	432.3942857017689	0.0	28.158177827757065	431.6710993077426	0.0	53.646039480291165	177.1607256154026	0.0	57.1285476883587	136.27680297084842	0.0	57.613202536589526	157.16295192907052	0.0	81.1148588348216	198.85889055034778	0.0	94.61903262260022	244.26900244115137	0.0	114.20000044096241	280.55676122275185	0.0	22.59097159006252	195.89218272193057	0.0	7.840857182436104	238.33888268770474	0.0	34.40415880220321	240.522668121605	0.0
306	5.1	55.28944819490132	274.824251551986	0.0	70.82305559087858	275.5933653348044	0.0	85.82343718482284	347.68719417803266	0.0	92.87137151514894	415.8047709641571	0.0	81.6104461559405	429.79512022082963	0.0	87.85802640222472	432.29104343007066	0.0	93.46470685116007	430.2775324198392	0.0	41.3503512563764	277.4500904517603	0.0	37.41758256991155	347.90612478511207	0.0	30.437516449007266	416.47892887270564	0.0	49.005385920300995	434.60360197432385	0.0	41.589385452135176	432.3100513611714	0.0	27.99054776800692	431.47017278775706	0.0	52.34546179918287	177.26010735060063	0.0	55.38105388793354	136.36416440078924	0.0	55.86608227554915	157.27561445065385	0.0	79.30201537341038	198.25402735093837	0.0	91.40609099464542	243.84227305982787	0.0	111.41135412947467	281.4507268278077	0.0	21.453093157882915	195.79112830690207	0.0	8.012837867512607	238.47363185522275	0.0	35.03397723688906	239.56787474136235	0.0
307	5.116666666666666	54.13082036246386	274.578775377281	0.0	70.02832372213463	275.60453998883645	0.0	85.54135517087659	346.93283994917135	0.0	92.14278546552787	415.58591113146946	0.0	81.09885525714336	429.6073774746226	0.0	87.3787865417257	432.2691968762321	0.0	92.61845080306003	430.2160559398766	0.0	40.558364148633316	277.42446152260845	0.0	37.02634112161286	347.71635606640683	0.0	30.420876665869628	416.8260604626409	0.0	48.64565993457451	434.4406896483416	0.0	41.078357800761566	432.1986354189444	0.0	28.0606119969641	431.8268277483207	0.0	51.00953757516911	177.44668525875318	0.0	53.985233577543404	136.61945443908573	0.0	54.463294601085245	157.49361084292158	0.0	77.53710971216799	198.09524328110098	0.0	89.51192175706792	243.4717141272975	0.0	108.63042224861121	282.80295723666023	0.0	20.958037234444628	195.84469596448469	0.0	7.2178820163807345	238.55506631586218	0.0	35.21160372975046	239.0123469683123	0.0
308	5.133333333333333	53.85199607304804	274.57639724974854	0.0	69.3413211029528	275.7272394741585	0.0	85.34293254465322	346.53011973289233	0.0	91.42103403057513	415.09443580309176	0.0	80.63438755154934	429.5407696381494	0.0	86.85828064575249	432.21946594548024	0.0	91.45889216718962	430.0681508749543	0.0	39.90397786371124	277.39328155774115	0.0	36.46977487612093	347.56866758536444	0.0	30.1398914171413	417.06397958725444	0.0	48.58875675065485	434.31852840492144	0.0	40.76991977639087	431.9204271595459	0.0	27.97202361638329	432.05021833211185	0.0	49.47235188365339	177.56986293650456	0.0	51.962970391008824	136.74995762883913	0.0	52.47990141937366	157.57830314779568	0.0	76.3363182583262	198.00228752402742	0.0	87.3768120999325	243.18994186205293	0.0	106.83207263362185	283.66467589937577	0.0	19.57748574388435	196.02418384700826	0.0	7.117242072216088	238.72096137302316	0.0	34.85689591223025	238.40505283205692	0.0
309	5.15	52.61624162583297	274.3215772087975	0.0	68.0562368264222	275.2985930968498	0.0	84.90475546779604	346.1225016140103	0.0	90.08141746260866	415.12255972348976	0.0	79.8201006351312	428.9276371831114	0.0	86.71352076666945	431.90277522391574	0.0	89.59287963763693	430.2998298943337	0.0	38.66735989266429	277.21215241003245	0.0	35.742824203940046	347.3741151675416	0.0	30.143015662486675	417.5284032705234	0.0	48.66593267805347	434.10410173101826	0.0	41.216880132322665	431.6164538768768	0.0	27.689055487579033	432.47753212683153	0.0	48.08555938244461	177.69502343293738	0.0	50.11066510013496	136.82418745528201	0.0	51.06268792711206	157.57041178414818	0.0	74.49809663456564	197.73521677552495	0.0	84.93127864041585	243.0962691342255	0.0	103.88438865097666	284.4527179493281	0.0	18.654212647047522	196.05869749937932	0.0	6.927030212567241	238.80035686566143	0.0	34.95135959231088	237.22344312038365	0.0
310	5.166666666666667	51.9900542144551	274.4991187509594	0.0	67.44531281693509	275.58126239994664	0.0	84.34609888338193	345.94750035063794	0.0	88.99823848917629	415.61000855440955	0.0	79.5711447619974	428.1400573735039	0.0	87.41131772670276	431.3427123048207	0.0	88.06340552253468	430.6802239429058	0.0	38.039635374269935	277.30882604112156	0.0	35.56287099319293	347.3838928851293	0.0	30.056128676866756	418.18668368058843	0.0	48.75746626283913	433.74791403389946	0.0	41.61154503013579	431.19004532432575	0.0	27.537345854131104	432.9849002604064	0.0	46.93527213778759	177.74616322239385	0.0	48.935968544326286	136.71850696019328	0.0	49.90528612448461	157.64730059131867	0.0	73.34667448770222	197.3940950034868	0.0	82.420150173687	242.9704556872147	0.0	100.33347648853939	284.982528657336	0.0	17.59499189386499	196.0034371866637	0.0	7.245928237886481	239.28111253387914	0.0	34.799809496219595	237.4807462778022	0.0
311	5.183333333333334	51.438723202583574	274.5516915477822	0.0	66.99641912522145	275.74758851052707	0.0	83.78351765651517	346.1055059121696	0.0	88.43461761705998	415.39325710864546	0.0	80.08561678226948	427.691202664251	0.0	90.20134310812925	430.33172239468865	0.0	87.84409663684136	430.71394750531476	0.0	37.52944923768471	277.2179743556271	0.0	35.338357622003066	347.4940862312565	0.0	29.961738097031144	418.6286277868862	0.0	49.163331778861505	433.3294942700876	0.0	43.117837581431786	430.7086102715115	0.0	27.324237500084536	433.14551939135765	0.0	45.46143450881283	177.71063857407643	0.0	47.40231396778105	136.6793581506109	0.0	48.41326084640693	157.51464154440305	0.0	71.88482954766059	197.13828492944333	0.0	80.82971501851151	243.2563059799715	0.0	96.82665323065106	285.1033199933327	0.0	16.776089271968274	196.0101926637004	0.0	7.573897031356452	239.70111125022447	0.0	34.61231398779508	234.75605301586	0.0
312	5.2	50.7324817425366	274.7688100535649	0.0	67.017155886682	276.25891115541685	0.0	83.05646917605124	346.18324966609725	0.0	88.102796084628	415.23371607425224	0.0	83.92295258238198	427.0115952949283	0.0	93.16923891341052	429.82884846126717	0.0	87.13103702037107	430.5133455399042	0.0	37.158619580581224	277.41722233964316	0.0	34.307876708864306	347.5137607067859	0.0	29.80205594449287	418.85816780808295	0.0	49.50361909758294	433.177525022142	0.0	43.103076394760244	430.5412330014873	0.0	26.800549734622642	433.3584455921987	0.0	44.286689606993335	177.66777995192078	0.0	45.689602227488386	136.9607537658239	0.0	47.10958522988473	157.51319254870444	0.0	70.70071017007336	196.90399809066128	0.0	78.61125121493873	243.54998203113848	0.0	93.5704503195323	284.1967043038736	0.0	17.10460060076999	195.97112780225814	0.0	7.4578530015505535	239.72287108664275	0.0	34.57801979907922	234.911210531448	0.0
313	5.216666666666667	50.034290483674155	274.5659926652751	0.0	65.6045016356074	276.0824329099793	0.0	82.33198499854522	345.1398776180754	0.0	87.10812170909497	415.38348017372937	0.0	88.02104420748005	427.2911784881956	0.0	95.21311906965704	430.074684103915	0.0	85.65228501967633	430.1393244510846	0.0	36.15030952576697	277.45275012096715	0.0	33.66909359930587	347.4658335987916	0.0	29.707547462864195	418.78837787726053	0.0	49.382397954730855	432.97015316072736	0.0	42.93879034949309	430.1262454779917	0.0	26.60334305809912	433.31301772721736	0.0	43.610904668633175	177.6835489026266	0.0	44.15155065163212	137.1392717448681	0.0	45.57190926354528	157.50125291961095	0.0	69.99148958440203	196.7770985673271	0.0	76.0579768686991	243.1183700350408	0.0	90.41074122482365	284.12857699468975	0.0	15.714058357177024	196.18045803423317	0.0	7.438060734042449	239.77615264152703	0.0	34.07695400701251	230.9529084402414	0.0
314	5.233333333333333	48.6899588341858	274.3646664977942	0.0	64.46002818151459	275.9200705244402	0.0	81.4457996570938	345.1162792726212	0.0	86.01266159732417	415.2657108604212	0.0	91.45786012350453	427.25708633914724	0.0	96.71285849372798	430.29687173027094	0.0	84.44576176265299	430.08085635407633	0.0	35.23469376303718	277.4231855003045	0.0	33.07962525514159	347.54555960176356	0.0	29.61543077160035	418.6733135598082	0.0	49.5095652566745	432.7860096528161	0.0	43.008573707081965	429.93543424996795	0.0	26.37760440336828	433.2310540315962	0.0	42.544086490048066	177.68619443641967	0.0	43.091211599347325	137.32253522931853	0.0	44.42707267302239	157.40662077094524	0.0	68.518829192978	196.43630440534864	0.0	73.90729635504961	242.67390026181027	0.0	86.89761503476244	284.3432734992383	0.0	14.550227242234737	196.2810566498847	0.0	7.70160863900155	240.08000655728347	0.0	33.95936901327807	229.84600312886096	0.0
315	5.25	48.38277321700133	273.97648333893835	0.0	63.38026263486178	275.6139068414983	0.0	81.19422372645818	345.037797131498	0.0	85.3031549897824	415.01069263092745	0.0	92.79121415954782	426.38460960645654	0.0	97.18051714288723	430.1585578469452	0.0	82.8928155525178	429.5710766925837	0.0	35.02122890351118	277.1694185068841	0.0	32.54003612217155	347.5551007048299	0.0	29.51619467619841	418.5787216903035	0.0	49.472912917028225	432.6995454523933	0.0	42.93421762778672	430.107044406908	0.0	26.424069651171372	433.0334976724975	0.0	41.4626741144737	177.71950499641287	0.0	42.40311680431792	137.29995135847133	0.0	43.39534730778185	157.51027967868941	0.0	67.81638490023447	196.10663124219434	0.0	71.78383209367598	241.5664675409849	0.0	85.11175370720825	283.7854544495216	0.0	13.2786393623777	196.3201278516347	0.0	7.342939979259697	240.1199491421728	0.0	33.455834694393666	229.29410597424325	0.0
316	5.266666666666667	47.64504732829505	273.7985761336456	0.0	62.637315194168636	275.559937310243	0.0	80.98924455373405	345.01491785732503	0.0	84.4466898249584	414.52210485600386	0.0	93.88166094316	425.17452527009976	0.0	97.35717217147072	429.4732202586631	0.0	81.94853109468336	429.0713076296749	0.0	34.69980430835973	277.10214481377665	0.0	32.222671067776986	347.52628676104234	0.0	29.433101681427473	418.53814840956994	0.0	49.42327710170217	432.90038515412164	0.0	42.74167352524855	430.40982013097346	0.0	26.28551903906025	432.9499502374323	0.0	40.58914476618167	177.75705733151125	0.0	41.46872478387474	137.27693399474333	0.0	42.828261340201635	157.5444808911794	0.0	66.91334235466911	195.46000577891343	0.0	69.81057328669317	240.2155241228994	0.0	82.78636535616567	282.8591422289033	0.0	13.107169060819048	196.38761839368794	0.0	7.363628807600399	240.02558085569362	0.0	33.25743353164141	229.4976146849745	0.0
317	5.283333333333333	47.59843731589629	273.7027721355447	0.0	62.968642384567005	275.92477583474846	0.0	80.55821319737703	345.07047666596054	0.0	83.99166158819024	414.02133375001563	0.0	94.41530140954117	424.36893340403395	0.0	97.82040788572937	428.9216775687602	0.0	81.49916938334587	428.8113894594013	0.0	34.74255075782429	277.35446971826855	0.0	32.228243948517544	347.5697288327278	0.0	29.52679701595213	418.53326876156916	0.0	49.22709316569254	433.026404255603	0.0	42.731001074971246	430.6255812709031	0.0	26.306776107125394	432.9173248624089	0.0	40.149620714579285	177.7541283449828	0.0	40.556522643938756	137.30472570535	0.0	42.1913000688298	157.70207847598584	0.0	66.0625872081384	195.03226172596337	0.0	67.54927997994274	239.95072565279327	0.0	81.26328612940536	282.1546945045244	0.0	12.709246866469734	196.29215077233846	0.0	7.806189646011522	239.70830566692558	0.0	33.01321040631084	228.77881205498105	0.0
318	5.3	47.128086800481604	273.4900798678326	0.0	62.47871957416312	276.1245903427428	0.0	80.53053461528062	345.0367561668189	0.0	83.45300134132324	414.1923116015353	0.0	94.64079654880273	424.161946989348	0.0	97.82173338983478	428.6791518510115	0.0	80.95800889115989	428.9905489588726	0.0	34.659628338163984	277.3963295018569	0.0	32.120681395332205	347.5960913427077	0.0	29.44443450759035	418.39343086376226	0.0	49.127737005600565	433.06514914145356	0.0	42.7304703463154	430.8415627534015	0.0	26.30412783336137	432.68760791955503	0.0	39.57405680519465	177.78663058309994	0.0	39.61054865671076	137.30026776310285	0.0	42.05867483268688	158.05802806790132	0.0	65.45633502774834	194.89083027654382	0.0	66.40521512342549	239.64165351869406	0.0	79.24011562163896	281.58715519048457	0.0	12.231579754827802	196.27567687145608	0.0	7.8559899587441375	239.56416543079268	0.0	32.53309227683748	227.1161928640422	0.0
319	5.316666666666666	46.7495644075846	273.32833189576104	0.0	61.75926426868375	276.4101762325443	0.0	80.57070772788039	345.0276652114961	0.0	83.01360196890096	414.3839971131147	0.0	95.41351595215771	424.1303344597976	0.0	97.86755731917185	428.63690946047825	0.0	80.49829405211183	428.9751216347471	0.0	34.33002677082195	277.67093636391076	0.0	31.834454192652938	347.6271540679078	0.0	29.515278442029732	418.54026876036147	0.0	49.02410661359706	433.11601696543255	0.0	42.81748901784877	430.92419937641614	0.0	26.313655885543895	432.67578916487184	0.0	38.817983459593826	177.8467030701657	0.0	39.10618285274534	137.20051248827286	0.0	41.336604340660315	158.25530405834058	0.0	64.60193321270194	194.6155520661571	0.0	65.03908671540651	239.23547034063859	0.0	77.68533992354868	280.7969080082619	0.0	11.920246076571214	196.34989442560683	0.0	7.645494808798491	239.1962744018544	0.0	31.771872444083886	227.81828500258896	0.0
320	5.333333333333333	46.43014692579661	273.40315774230316	0.0	61.81840844840104	276.69409672892135	0.0	80.59940225753871	344.9850037353691	0.0	82.36928814808275	414.25145042928705	0.0	95.82583040271237	424.53710361202894	0.0	97.77152966383775	428.9981132017064	0.0	79.37588046643835	429.0357236592889	0.0	34.00194519998877	277.8942981380582	0.0	31.644185610395464	347.74617427448266	0.0	29.628515031999882	418.6384663450241	0.0	49.47375525216494	433.37435427373214	0.0	42.97949857219876	431.0315471629166	0.0	26.258129396901786	433.03447920992494	0.0	38.49894956614653	177.67548686799685	0.0	38.42628484565582	137.06966940870115	0.0	41.27632084226253	158.25433574718016	0.0	63.87832798122968	194.352159238528	0.0	63.86119838675197	238.71875994795133	0.0	75.9863713907619	279.53359377429905	0.0	11.749760676330489	196.31288629137964	0.0	7.780090943556198	239.10058271214814	0.0	31.638846429837525	227.27008566591326	0.0
321	5.35	45.643929464690856	273.44063029554997	0.0	61.049980643616806	276.9868973977789	0.0	80.70399748872742	344.9507577531587	0.0	81.47364863521697	414.48007414505014	0.0	96.33786421243364	424.94743489937923	0.0	97.79893277899583	429.37489191059336	0.0	77.5924927598142	429.26914915803764	0.0	33.29507597052227	278.0427605929	0.0	31.5743360496661	347.80677334384603	0.0	29.676271909618336	418.7625502321132	0.0	49.83940045689726	433.6149984638401	0.0	43.12050315448931	431.2136303523837	0.0	26.285683775611915	433.3569213454378	0.0	38.0045171537632	177.4657525894739	0.0	37.95467474772908	137.1491330518104	0.0	40.98991429891462	158.52607155244436	0.0	62.974355258315775	194.1254193936348	0.0	62.86066159923468	238.55131666117057	0.0	74.88147238545824	279.0773323381668	0.0	11.278553300037316	196.21738615500783	0.0	8.192277305406396	238.48947904901695	0.0	31.273628452579494	227.71929083763595	0.0
322	5.366666666666666	45.10768254037576	273.45493368327425	0.0	60.43412478211849	277.2881750338219	0.0	80.93484665608193	344.89549524808626	0.0	80.46387137914532	414.75631859746807	0.0	96.79657059293507	425.3584276001845	0.0	97.75594632526159	429.74876280375645	0.0	76.93071623999738	429.297877321418	0.0	33.07377633437772	278.1020021695808	0.0	31.269596050566427	348.1644391313141	0.0	29.628224244912538	419.02234837073047	0.0	49.99140053776051	433.7918368080419	0.0	43.336433549797974	431.35146889216776	0.0	26.29906485133593	433.4865674883813	0.0	37.11476006494914	177.46567406214533	0.0	37.5129286349635	137.16747440043147	0.0	40.62186677906404	158.60603671247532	0.0	62.028226358242385	194.27268237655858	0.0	61.445214524637414	238.08612071354634	0.0	74.25562053276525	278.7564514313466	0.0	10.808124870669381	196.24614186969416	0.0	8.281395035184408	238.17815524377679	0.0	30.349482635070014	228.0282321210576	0.0
323	5.383333333333333	44.636986617101634	273.52820426569247	0.0	59.33791051735206	277.40658404107455	0.0	81.10614662691631	344.82612667508795	0.0	79.09652067471319	414.83163772113215	0.0	97.0383023869423	425.7232333310468	0.0	97.13939567209775	430.1429092275075	0.0	75.54627208989197	429.0017264650467	0.0	32.412778134385825	278.02540257176656	0.0	31.20643760781713	348.4017327355575	0.0	29.49677365205647	419.127241319449	0.0	50.12503533079997	433.90902267118065	0.0	43.56765219232912	431.47714696002083	0.0	26.32970533713786	433.65366716782484	0.0	36.60834106964082	177.4717368962286	0.0	37.30243371489773	137.17982560829617	0.0	40.39580878176937	158.79180066488922	0.0	61.446855195120506	194.2219248529904	0.0	60.53726849717075	237.63611362612804	0.0	73.5217532965979	278.3499675406387	0.0	10.511077372201568	196.23661925582087	0.0	8.060583204909696	237.64635603456315	0.0	28.687978842909203	226.72184412313305	0.0
324	5.4	44.13497557572426	273.5311326713846	0.0	59.74489716769737	277.75046089564387	0.0	81.38993224573844	344.72934498447745	0.0	78.01906694976479	414.6606337345587	0.0	98.23765910356123	425.9588449834488	0.0	97.68234231240139	430.5447511079585	0.0	73.60952688437041	428.56712786493097	0.0	32.53972148967875	278.05675989599024	0.0	31.104580572457223	349.25602905505536	0.0	29.62039695829115	419.2296203121898	0.0	50.34273908890904	434.00187050619814	0.0	43.847758725407814	431.6290618791803	0.0	26.371544956991162	433.9262345554262	0.0	36.151204921694216	177.23612465744236	0.0	37.0495029391857	137.31786904305807	0.0	40.780398976543886	158.86069682002088	0.0	60.22622544575769	194.2159927794277	0.0	59.99263022183796	237.84028371776733	0.0	73.31086212629342	278.2201569274471	0.0	10.682544034588387	196.25168753811857	0.0	8.513762317115976	237.33122737473795	0.0	29.157099425320382	227.2852013368191	0.0
325	5.416666666666667	43.41815567954791	273.5320826871498	0.0	57.925698890739014	277.4416655295307	0.0	81.5364241420652	344.38645080127185	0.0	76.18519259435328	414.34483134847346	0.0	98.41576328004996	426.32388163782645	0.0	97.10098739941982	431.2198000508322	0.0	71.64749292104644	427.8161411643738	0.0	31.635250543380245	278.0960960243869	0.0	30.773452131068154	349.17969574531776	0.0	29.51107524827237	419.08868108194866	0.0	50.37060367708993	434.06503597326144	0.0	43.635599726358585	431.7878297942124	0.0	26.406251405805193	433.78183940531676	0.0	35.73198292627281	177.699403253222	0.0	36.804421805809056	137.43300479515898	0.0	40.978173489122355	159.10480700947934	0.0	60.09018871303274	194.60473913517654	0.0	59.25312385653234	238.3725020608475	0.0	72.60091478419331	278.67586033042556	0.0	10.171068207907194	196.47031911253535	0.0	8.717330288132832	236.66500229706463	0.0	28.59169424272727	227.88154332053134	0.0
326	5.433333333333334	43.41219012530365	273.7678761083953	0.0	57.811945761919795	277.53619035625263	0.0	81.73211260859632	344.34652253470745	0.0	74.89823318924559	414.02626386388965	0.0	98.6785219837903	427.27050258951135	0.0	96.81719724660323	431.7359691700977	0.0	69.47973751454596	427.4238162503731	0.0	31.86897080475418	278.1058540420195	0.0	30.53630422923775	349.3058062056524	0.0	29.536356457786358	419.00731438088224	0.0	50.5065918899097	434.22659542057403	0.0	43.627507935942155	431.9295974875264	0.0	26.412432296652568	433.8135690571862	0.0	35.40877401658102	177.88106233812127	0.0	36.66739141843712	137.80767352343707	0.0	40.99854699180237	159.67075839800205	0.0	59.47520032083952	194.7524176322895	0.0	59.254550611449176	238.84837163381604	0.0	72.37282987954828	279.19317387926674	0.0	10.242928338987504	196.69095192657878	0.0	9.421208261784617	236.56524094734164	0.0	29.095933962947733	227.14613351374066	0.0
327	5.45	42.810048406034845	273.8915569676659	0.0	56.90929958988649	277.4359610627673	0.0	81.87706369148458	344.29990297179427	0.0	73.20348928914895	413.46142534702574	0.0	98.52979351620313	427.8887356407986	0.0	96.30666990705389	432.14446983000175	0.0	67.72103000282155	426.884509030704	0.0	31.091863246062104	278.14742462516074	0.0	30.390197648599624	349.384274824327	0.0	29.436309682594946	418.9919414545901	0.0	50.68248854074197	434.3646623805074	0.0	43.69024517730041	432.13068521932587	0.0	26.46445686353575	433.80730143398034	0.0	35.04639227541045	178.1194246903492	0.0	36.71127410460057	137.86130075607497	0.0	40.80412458653356	160.59145025205507	0.0	59.115176085683814	194.82760717793298	0.0	58.39861839716289	239.05293865278924	0.0	72.19265350632924	279.6548830242892	0.0	10.190622052879618	196.98348659630102	0.0	11.177352641275291	236.15245523257303	0.0	30.40830987111918	224.56763380150934	0.0
328	5.466666666666667	42.351995830015056	273.9831584951852	0.0	57.068686689197534	277.40277552796454	0.0	81.84160401093857	344.47707214744275	0.0	71.79242711528246	412.6087329854412	0.0	99.00487179582365	428.06526795708646	0.0	95.95975753490748	432.2972114220105	0.0	66.32023968063541	426.3996183870834	0.0	31.154570504924123	278.0987139354565	0.0	30.343726541091858	349.49877635736664	0.0	29.366886907147496	418.99007579025806	0.0	50.79833417876765	434.60155512419533	0.0	43.60659647970243	432.2137405447464	0.0	26.527792084569377	433.8364905816077	0.0	34.671539587440975	177.9989821593186	0.0	36.46061731227031	138.03064783034205	0.0	40.80236514118538	161.19856097447777	0.0	58.263815145528255	194.9350945303097	0.0	58.693634603284266	239.52795395065883	0.0	72.38445775764941	280.23581588084335	0.0	10.629146281178977	196.74311220501005	0.0	13.692331301281412	235.58692137663343	0.0	34.49494315804032	213.97717463910638	0.0
329	5.483333333333333	41.51954499937355	273.9901764185428	0.0	55.499700612197095	277.41594745585655	0.0	81.93449764729328	344.3699139917975	0.0	69.33974627043705	411.7129240931905	0.0	98.18254624189272	427.951454990441	0.0	94.72830293402004	432.24866844270895	0.0	63.867292147848225	425.51520533883104	0.0	29.722360566767318	278.05093004798164	0.0	30.244680097979206	349.1803513679551	0.0	29.07868428501258	418.9953333277102	0.0	50.76684467923444	434.5436960324994	0.0	43.51845020756305	432.1090145377793	0.0	26.495607556407883	433.84703964641426	0.0	34.46210339517282	178.25135927070502	0.0	36.14869751761231	138.06745051582348	0.0	40.92789557339243	161.4475316744284	0.0	56.95494145473795	195.12946419602608	0.0	57.9750211170547	240.13541250008817	0.0	72.84075570028439	281.0102320649126	0.0	10.691841205928398	196.7203603786562	0.0	19.736886573662943	231.80307581593337	0.0	39.988761021965686	204.4752903147084	0.0
330	5.5	41.14758718684335	273.9702590647054	0.0	55.01208133435699	277.3358770681669	0.0	81.7585151838914	344.1893911767876	0.0	67.11877168540428	411.42717914058267	0.0	97.47777148291654	427.919303081039	0.0	93.6631704316496	431.90022727547415	0.0	61.62253047236841	424.8611397469709	0.0	29.34699832491743	277.96448937863863	0.0	30.28113856935983	349.05870651898056	0.0	28.876584512914736	419.0086245191874	0.0	50.55810399621059	434.70192097163283	0.0	43.25273533667004	432.22961174095025	0.0	26.33469470610449	433.8530651076612	0.0	34.27936214483026	178.49981249892903	0.0	36.24995764600957	138.0371769712176	0.0	40.78360180427386	161.50561795248944	0.0	56.59701706221429	195.45526094867068	0.0	58.0474949427	241.26097456700847	0.0	73.55094102468748	281.3381954887785	0.0	10.581095586552273	196.7034841218841	0.0	21.09895186486299	229.2002426642975	0.0	40.85912906654748	203.6458489468485	0.0
331	5.516666666666667	40.6511633779717	273.9686677631489	0.0	54.13595644334737	277.20600763278566	0.0	81.8244541082426	344.223788357922	0.0	65.08575463576109	410.95630370209886	0.0	96.07769136782802	427.939718583139	0.0	91.69824239052971	431.6051995168512	0.0	59.11536660302414	424.0255733637588	0.0	29.16909632062134	277.8560700225917	0.0	30.264497969457278	349.0266533003967	0.0	28.79063348850093	419.0179476654351	0.0	50.47626997526187	434.7573386128489	0.0	43.71402344637776	432.2659733118711	0.0	26.155984598768022	433.88710774967865	0.0	34.16570128715551	178.7642099502384	0.0	36.17062567337922	138.18228214445267	0.0	40.68772063998202	161.6935591131405	0.0	56.104820604532975	195.69865062923594	0.0	57.66774643105915	241.8167631327787	0.0	74.03935722602313	281.77451260834926	0.0	10.852750120728977	196.20082644865772	0.0	23.976865980400586	225.0927137409054	0.0	42.850393291573134	200.556274145274	0.0
332	5.533333333333333	40.2434912277278	273.8370011356891	0.0	53.66821899271541	276.93647585952885	0.0	81.6811435729012	344.1382491735835	0.0	63.106609898239284	409.98001253547295	0.0	93.8559107647183	427.9363702434589	0.0	89.22131255389009	431.42923643205955	0.0	56.64345975734639	423.31458016272825	0.0	28.7983728276176	277.65585776557066	0.0	30.239348027505784	348.9990123341198	0.0	28.74076309841802	419.02279705432244	0.0	50.5259992214783	434.553615859385	0.0	44.13364269976042	432.07704189402995	0.0	25.86575595969076	433.9117726105692	0.0	33.94846716667929	178.75837461709972	0.0	35.84102352202456	138.28505342425336	0.0	40.402156528876006	161.55262943196146	0.0	55.678210925421105	195.92117922082275	0.0	57.62335866592533	241.65267108803096	0.0	74.46430685150791	282.16860799763737	0.0	10.985738970966281	195.27657994414704	0.0	23.166746119052043	225.6431887417587	0.0	41.17087738676246	201.33486744211316	0.0
333	5.55	39.96246557607907	273.7084825739125	0.0	53.331249139695004	276.6560906003177	0.0	81.6757698873175	343.9649353096918	0.0	60.84856247853869	408.8906074711374	0.0	91.94612126609829	427.9379789159907	0.0	87.23566125293348	431.1217200184944	0.0	53.90901313334469	421.9894011498475	0.0	28.482073167381614	277.1888390807504	0.0	30.149207980902478	348.9820290649636	0.0	28.656330206264464	419.0263962368002	0.0	50.37223968498282	434.47868385544234	0.0	44.80925802373266	432.00889264733746	0.0	25.682476778391543	433.9471414935482	0.0	34.04726671942404	178.9259024843224	0.0	35.59674323128709	138.29939004097514	0.0	40.48923945280972	161.4615947100197	0.0	55.352121228964556	196.22097181533792	0.0	57.350271632859474	241.3111542261935	0.0	74.33880127667328	282.0614822406388	0.0	11.139895590500258	194.51454318296996	0.0	24.528817290480124	224.312659062122	0.0	42.89247192761365	200.28169578420713	0.0
334	5.566666666666666	39.80666016493274	273.6535235574913	0.0	52.98227857577622	276.6262187762167	0.0	81.50399249410397	343.85799090658304	0.0	58.9975025685986	407.8444349580641	0.0	89.10371062189436	427.95406428175755	0.0	83.98841068696476	430.5670726922883	0.0	52.03983111631642	421.23009504042165	0.0	28.22685941054496	277.0966349229621	0.0	30.17091271267934	348.9823720786026	0.0	28.655453268375304	419.0440563508189	0.0	50.63202778429847	434.47954421945775	0.0	45.57244387859254	432.0154142273576	0.0	25.655702236211994	434.0239013213457	0.0	34.145503277339174	179.04179295634358	0.0	35.70803266640553	138.36434915548665	0.0	40.64411663270636	161.34163493285652	0.0	54.99048025863536	196.41872535857564	0.0	57.06863830250581	241.36736702821722	0.0	74.56468766282777	282.39831659636536	0.0	11.317615823361312	194.03034065454906	0.0	25.128761031689226	224.2792564555429	0.0	44.44694242906392	198.86977902216952	0.0
335	5.583333333333333	39.16910350799472	273.6883886917633	0.0	52.62550849570085	276.6566080051361	0.0	81.38606007329332	343.6725183177896	0.0	57.414380424533455	407.0206580666097	0.0	86.8546124344778	427.97394252701156	0.0	81.30319549644499	429.7451259595615	0.0	50.42757982199116	419.96926311905173	0.0	28.12512567846004	277.1094729197546	0.0	30.151044894818305	348.9852100535917	0.0	28.634632277286087	419.0652461713947	0.0	50.63585610036401	434.5850328825894	0.0	46.4910303980583	432.1245395484815	0.0	25.606364413664533	434.16044235019257	0.0	34.11839806534889	179.07491184737887	0.0	35.96782878196769	138.40991574310516	0.0	40.912550078634936	161.33349313041808	0.0	54.518248936773794	196.5725669804924	0.0	57.030601196635516	242.10248205728394	0.0	75.69238328963472	282.7487092728418	0.0	11.614302623224816	193.62795434704793	0.0	24.672025057031888	223.81391430728962	0.0	44.449097938162566	196.5534576026838	0.0
336	5.6	39.104723594574665	273.8208805041054	0.0	52.78208648111568	276.8733651860282	0.0	81.32086742169568	343.59687653414335	0.0	55.922505567441874	406.29436361057753	0.0	84.29948498724808	427.9672408702968	0.0	78.26448502327317	429.38078880402037	0.0	48.53145888627587	418.29106213915577	0.0	28.054013880615365	277.44899184476304	0.0	30.14104722331797	348.9788415398682	0.0	28.621949236284046	419.079088033023	0.0	50.82037603866506	435.0112941175719	0.0	47.268670837197334	432.520856229169	0.0	25.566462680120353	434.3516492923751	0.0	34.12570124634716	179.05028994682468	0.0	35.74673098489434	138.4652299151578	0.0	40.76191056137979	161.39844192921586	0.0	54.39538057050118	197.02353984935613	0.0	57.33050481997725	242.97243469829226	0.0	76.79074982409091	282.56929395880195	0.0	11.942893126982272	193.51035317477903	0.0	24.23390352909322	222.67657665398886	0.0	43.30268300912135	195.60466672223234	0.0
337	5.616666666666666	39.074949567656375	273.88699775365933	0.0	52.28216496956561	277.0820388918971	0.0	81.16637182566451	343.58472468046034	0.0	54.315312582536855	405.7940702152589	0.0	81.29018841402615	428.0023493668567	0.0	74.87674713404968	429.09241808464844	0.0	47.22234561463281	417.6999165840308	0.0	27.831551911190612	277.67191995123744	0.0	30.098670519411613	348.96535916867765	0.0	28.592987726668404	419.1140580928476	0.0	50.8796842826124	435.0025130364388	0.0	48.34843878991666	432.5252132137481	0.0	25.659071794207208	434.547108658031	0.0	34.07114352278695	179.36717416091187	0.0	35.959070758172516	138.5450394419575	0.0	41.28636583442559	161.44428278880036	0.0	53.85779675893467	197.40073324309105	0.0	56.866219145970916	242.90916329989744	0.0	77.69918691975238	282.5416465425651	0.0	12.336761655804393	193.09066140044703	0.0	23.734104084272243	224.6069717634462	0.0	43.88570526750072	194.5359179751877	0.0
338	5.633333333333333	39.162983890931855	273.90503522212947	0.0	52.960714328913035	277.49727900065284	0.0	80.53075276066308	343.57917211509493	0.0	52.904276076192055	404.89037309576685	0.0	79.71555163306459	428.06170341402833	0.0	74.2077645327613	429.0504442532763	0.0	44.4647247971212	416.6804145224655	0.0	28.062326903734753	278.2145923968983	0.0	30.122862073980393	348.92765293766354	0.0	28.58998832718425	419.16781118954026	0.0	51.00100972849411	435.17781980896973	0.0	48.68540081021921	432.7041183799036	0.0	25.767798462264075	434.4855987332941	0.0	34.18215955133408	179.17807299526737	0.0	36.14560180348968	138.61350324017343	0.0	42.068460327911396	161.52358313576713	0.0	53.43499086762793	197.2681883687785	0.0	56.51018958410747	243.24318385135706	0.0	79.69773295515252	282.5863297531133	0.0	12.964282347173247	192.65294000260886	0.0	24.564683554908562	224.10394232464125	0.0	44.46558861764683	192.56652623449037	0.0
339	5.65	38.7265110493431	273.66787363642436	0.0	51.94342750968601	276.42239431018174	0.0	79.84452290249398	343.5924317475094	0.0	51.32266284161266	405.0431465995714	0.0	77.30415827482439	428.1873894409256	0.0	72.28133407586002	428.5850959735063	0.0	42.377737009447166	416.4338348162853	0.0	27.359284816020804	277.40678899458703	0.0	30.087767587786402	348.8790652926461	0.0	28.56321309893373	419.2616432055598	0.0	51.26409606831058	434.66431900764775	0.0	50.10047123203137	432.3364021338467	0.0	25.92214397526481	434.564942092495	0.0	34.45306810284127	179.5215576453666	0.0	36.734159703011684	138.70816988955852	0.0	42.30065057050467	161.5411492875324	0.0	52.88960766925095	197.75759247727254	0.0	56.334656465772454	243.81298333201528	0.0	81.33495703073537	283.0891282343588	0.0	13.460784972936175	192.534876401286	0.0	24.607750656813977	217.23101369112436	0.0	44.49250545896814	191.3601120831532	0.0
340	5.666666666666667	38.463679667503975	273.273649961284	0.0	51.47670831299828	275.71330597465254	0.0	78.95273417100877	343.7681113470674	0.0	49.942460873449804	405.07997264525596	0.0	76.30943120530358	428.07153645551216	0.0	71.2760573408423	428.25305904406594	0.0	40.97040484934951	416.0682356852814	0.0	26.992810429567868	276.2307733235233	0.0	30.107429582672438	348.8145412670676	0.0	28.54993873296722	419.24176061570427	0.0	51.48095524963313	433.7411287833046	0.0	50.244642303281964	432.099798538873	0.0	26.026375321647627	434.41623735588007	0.0	34.62636233707363	179.87379938844467	0.0	37.18359316998735	138.72134394761724	0.0	42.606688645329655	161.47666721999414	0.0	52.51998917990763	197.9431542149495	0.0	55.96223487259052	243.32033467740882	0.0	82.02287755701876	282.83865975200524	0.0	13.757329667220437	192.5843228043387	0.0	25.145407999933244	214.93335799690865	0.0	45.48355122146466	189.43767210909326	0.0
341	5.683333333333334	38.324900158342324	273.0898465605567	0.0	51.15435431443089	275.49640957635495	0.0	77.87510804341201	343.7916998353407	0.0	48.75167426000283	405.07290172082236	0.0	75.24207981906494	427.4828264207043	0.0	69.69265775383677	427.9573997753334	0.0	39.77417078894515	416.0229204793362	0.0	26.843918337043533	275.9813792748761	0.0	30.085746523527384	348.7298494638747	0.0	28.536056600684272	419.31225838292664	0.0	51.81863868162404	432.8817154729579	0.0	50.7238962854072	431.52049014554336	0.0	26.09901979944035	434.3252902836126	0.0	34.87576123515986	179.9963160652216	0.0	37.65519561222385	138.7032772561173	0.0	44.044093025275835	161.4800963776426	0.0	52.314659807361714	198.3521151162616	0.0	55.39025650719806	243.26341520989382	0.0	82.43527432217132	282.15400515193073	0.0	14.42542558781043	192.00890674199388	0.0	25.894254084577348	214.27250284874367	0.0	47.22930273385843	188.08186231067697	0.0
342	5.7	38.14585219652006	273.030750135798	0.0	50.563931240048746	275.3632796478402	0.0	77.30072703868213	343.6477714591621	0.0	47.37154894330399	405.0712262287594	0.0	74.76134351506697	426.8446244361528	0.0	68.34116866876401	427.7708127888129	0.0	38.388045200279365	416.11364419421136	0.0	26.612021343938892	275.89849673810346	0.0	30.143741576500275	348.6171666690865	0.0	28.529237620309296	419.28004412360315	0.0	52.25360773751683	431.7705540634389	0.0	50.64160036609864	430.52116834271806	0.0	26.27246450223758	434.24571079808146	0.0	35.02988278769297	179.99439348373522	0.0	39.09569221044613	138.60052511928083	0.0	44.93992043000087	161.54984489479057	0.0	51.952428830838045	198.53160484430393	0.0	54.9739265743707	243.6004418944351	0.0	83.1663890418829	281.37735039169746	0.0	14.688168571507594	191.68603844755575	0.0	25.422368041332344	221.19609517106434	0.0	48.48404657248929	187.71198319379823	0.0
343	5.716666666666667	38.14259279576384	273.01801835307566	0.0	50.465813403659155	275.10473007314044	0.0	76.42160042696966	343.5932167051095	0.0	46.15131161024294	405.04489969819565	0.0	73.96869384267295	426.5005208820235	0.0	67.5020346541127	427.4034173947372	0.0	37.18771685289723	416.8206039165402	0.0	26.434116926344046	275.8035391889267	0.0	30.246147549527144	348.521611417138	0.0	28.474768344104362	419.30498124912833	0.0	52.2758093263255	430.6864412969019	0.0	49.68794015170356	429.61141308522997	0.0	26.23777384343185	434.2650826974767	0.0	35.199603242167626	179.84317900075672	0.0	39.988110596087054	138.58609079455067	0.0	46.08791426066265	161.45642246235855	0.0	51.596651796144364	198.89298274337784	0.0	54.611944710465906	243.8990931526264	0.0	83.46184899864875	280.5381577625369	0.0	14.977479345019157	191.68732591408133	0.0	28.258798601339723	203.63551645528665	0.0	51.63018824804601	183.81949581821416	0.0
344	5.733333333333333	38.04546751346329	273.0012340720076	0.0	50.20581252743807	275.0240143411032	0.0	75.152506047192	343.695468068332	0.0	45.69905368088416	405.2838653234289	0.0	73.58432734873831	426.2254578989523	0.0	67.11249134449989	427.2627109198953	0.0	36.73940045299133	417.2734063620244	0.0	26.5053715469235	275.5910660735293	0.0	30.35193447938127	348.4671039148933	0.0	28.529983432892596	419.28832224075404	0.0	52.7685889719485	430.18927228457676	0.0	49.218285732630854	428.6256431485505	0.0	26.089718481460487	434.28714130586445	0.0	35.48967086339673	179.7824617704536	0.0	40.39020411265216	138.5803191711161	0.0	47.298192172723816	161.40085152487077	0.0	51.22953592460591	198.66562465473658	0.0	54.26177473145608	245.4219406371243	0.0	83.97548807008255	279.1011684091915	0.0	15.90174868707015	191.72925541640043	0.0	33.7069153852537	198.5255202958409	0.0	58.50541737301815	179.3224083934922	0.0
345	5.75	38.16132863184772	273.0422799680658	0.0	49.97693919648755	275.0807908782001	0.0	73.85927783346	343.6431807160583	0.0	44.84892644996568	405.10409282529906	0.0	72.80362770001764	425.9264843139473	0.0	66.32780171382788	427.216755668989	0.0	35.979629908718906	417.7469046591733	0.0	26.538181616838678	275.57638491532606	0.0	30.408511358460892	348.48241207332603	0.0	28.596913157877395	419.26716028610036	0.0	53.338762693730104	430.0841877197665	0.0	49.3750098354209	428.2334376615798	0.0	25.80914891835367	434.34271227112094	0.0	35.84440388599841	179.7825565498133	0.0	41.00641006312268	138.59227305544732	0.0	48.39387961215244	161.35543034286715	0.0	50.58975442363493	198.6456961778368	0.0	53.59064266339149	246.20885533701136	0.0	84.1376058300939	278.1096551512657	0.0	16.260418163301033	191.89487827437057	0.0	36.49579424063871	195.47987211653435	0.0	61.871887560284875	177.30488382166016	0.0
346	5.766666666666667	38.3420022528138	273.2994123929577	0.0	49.88872307453832	275.41599969909225	0.0	72.89115763742694	343.8850235065255	0.0	43.883236502001026	405.5079624585235	0.0	71.94186127606066	425.821983559537	0.0	65.52771015524813	426.9515082096508	0.0	35.4763709704703	417.9594576433069	0.0	26.359164995609127	275.72776172495134	0.0	30.36065862098906	348.5628007305427	0.0	28.634351893292276	419.17678077767994	0.0	53.6084892648761	429.9922120201344	0.0	49.32485692437437	427.9581619835219	0.0	25.457389667606797	434.2223759867749	0.0	36.12611533328277	179.9417653246216	0.0	41.667752982889965	138.68094983439886	0.0	48.84749814479025	161.32980028669226	0.0	50.477453338626525	199.1051861006365	0.0	53.52327568675018	247.43519481594015	0.0	83.86361474075551	277.8704909010618	0.0	16.87018904646294	191.78743042171135	0.0	37.81985377515498	193.66459583267954	0.0	64.5153339870545	176.35982862565297	0.0
347	5.783333333333333	38.60717424223182	273.51297993990283	0.0	50.069122233752644	275.5904386257153	0.0	71.82509084086881	344.34895024257355	0.0	42.7489828444888	406.2797844142414	0.0	71.13531906777331	425.6570948939601	0.0	65.23829375304872	426.9923480826952	0.0	34.73333727317378	418.65975357048075	0.0	26.273995944055784	276.01296483243357	0.0	30.32487924770539	348.70604643573586	0.0	28.614244793384863	419.1722422935711	0.0	53.93440124160652	430.05847900169636	0.0	48.78597088165523	427.89680954470623	0.0	25.185498809788776	434.19499633658734	0.0	36.40688760890423	180.28752273698709	0.0	42.46830162645035	138.7783393012577	0.0	50.35265083035276	161.4972284131422	0.0	49.833500745973616	199.5247989698553	0.0	52.90717429327554	249.18191692132666	0.0	83.6257217417822	277.06961697594073	0.0	17.583121808939637	191.72070835905663	0.0	40.06765781466321	192.30445199342878	0.0	66.89408467139455	175.36657069650158	0.0
348	5.8	38.885035400399914	274.0775606103863	0.0	50.33704881548198	275.81536052469073	0.0	71.28961511221803	344.71460785794807	0.0	42.132016722851304	406.6561428697204	0.0	69.06556765495867	425.4805109251519	0.0	64.43335636212657	426.6051198349835	0.0	34.15314922794835	418.8252339647186	0.0	26.621523928153803	276.1612319853374	0.0	30.60528081075789	348.8920855584612	0.0	28.614420417273383	419.15894830955915	0.0	55.66136668148914	430.27257788247164	0.0	47.069292647338884	428.18015700442606	0.0	25.043663515553188	434.1935303031132	0.0	36.639339186249515	180.7551840490669	0.0	43.48037349748477	139.05326556944215	0.0	51.113671443171285	161.89948292867606	0.0	49.03053160071561	199.8338850346493	0.0	52.0315272219167	249.81073721746364	0.0	82.97946412636529	276.4017053868778	0.0	18.247739271299213	191.73422813632044	0.0	42.65877584682278	189.26378870023848	0.0	69.96824163741007	175.38228590798383	0.0
349	5.816666666666666	38.95082018172037	274.66382065898387	0.0	50.30236833070626	276.2206503323327	0.0	70.48630085696352	344.9180252740227	0.0	41.548984435396086	407.3396174605652	0.0	68.92055346808914	425.4481489203633	0.0	63.963765241092716	426.8335410327513	0.0	33.68687165676154	419.05138930701065	0.0	26.924697940357625	276.2151210217013	0.0	31.246036767833438	348.88475195264584	0.0	28.605139423102855	419.26549935865626	0.0	56.51936010616257	430.32590288745155	0.0	46.356110337287575	428.12821065918075	0.0	24.79989868084352	434.1794785675737	0.0	37.13285913480312	180.95580706501204	0.0	44.20850966016599	139.21187749787225	0.0	52.01142845303968	162.22599795848964	0.0	48.5750287624967	200.6471329521325	0.0	51.0786191778789	251.1235915442782	0.0	82.60218201593807	276.2318355609746	0.0	19.291188261494835	191.60015510608093	0.0	45.19880668259826	188.2305111829699	0.0	73.02839876509445	175.23463649152768	0.0
350	5.833333333333333	38.89419774935302	275.26867685497524	0.0	49.801597322539294	276.3495684431733	0.0	69.85260576587231	345.26655175432666	0.0	41.226110601066196	409.23719442050395	0.0	67.9674305575145	425.4607918262541	0.0	62.98493629357061	426.9093564849105	0.0	33.61956201005111	420.40354773491975	0.0	26.834763141023473	276.11460902642847	0.0	31.35582663119753	348.8909758628925	0.0	28.537028986374846	419.3233114248105	0.0	56.89166812274421	429.62129542734897	0.0	44.73511516487584	427.41460088944024	0.0	24.66368411826409	434.1680733531125	0.0	37.6243614619959	181.31350525164206	0.0	45.17417708972972	139.17814554604146	0.0	52.163799148892096	162.3514988726415	0.0	48.14297918706339	201.8243228780676	0.0	49.59750325453074	251.9386403778475	0.0	82.39669954357579	276.1124695604168	0.0	20.334703131319	191.29219658390872	0.0	46.77989694252851	188.06041707480534	0.0	75.04168682313008	174.97537378210453	0.0
351	5.85	38.97661164455744	275.8188979324335	0.0	49.769028387228644	276.6485853561154	0.0	68.93397737761674	345.5324599817982	0.0	41.19736086911132	411.2038175687323	0.0	66.94131708700534	426.0037785742277	0.0	61.962178767999625	427.51962147005116	0.0	33.52945753602983	422.195012475836	0.0	26.842105059763394	276.19664114761395	0.0	31.62753312936444	348.9283598188765	0.0	28.639084036930946	419.4123689268109	0.0	57.588306524820304	429.10469905866296	0.0	45.25655987117796	426.9135325370817	0.0	24.490392119651904	434.140463393775	0.0	37.9934329247241	181.43164619463826	0.0	46.10664975077019	139.1598679125725	0.0	52.483091250435585	162.32496416849537	0.0	47.95859033289391	203.37557003924547	0.0	47.99178189410691	252.0667540887239	0.0	81.87045645386368	275.6747371218611	0.0	21.329856286663748	190.95726044178235	0.0	48.397475554078454	186.92352233736102	0.0	76.98285951209233	175.08716669587312	0.0
352	5.866666666666666	38.99661741603703	276.23275708661527	0.0	49.46064866185675	276.8436458037965	0.0	68.54561937463345	346.01756397177365	0.0	41.375969117556636	411.67907948646393	0.0	62.091928341457965	426.3722741246411	0.0	57.764038193369025	428.221592722149	0.0	33.41602662487399	423.65136438760385	0.0	27.19778961969932	276.25713896073205	0.0	31.868954704593882	348.99810601406455	0.0	28.76654162160154	418.8295507330695	0.0	60.75341390800904	429.98001577667384	0.0	46.82573941557542	427.97527916105156	0.0	24.282233591899313	434.1879758558271	0.0	38.123281338081284	181.5275119922051	0.0	46.972838949977586	139.1594805965538	0.0	52.608833762457486	162.5243798334539	0.0	47.64937723857825	204.84124225859833	0.0	46.47454480116871	252.15923618048657	0.0	80.68182004933455	275.18852899137033	0.0	22.483878062219073	190.90123635315257	0.0	48.29731609738842	185.5049707429441	0.0	78.96368539391511	175.98964904697198	0.0
353	5.883333333333333	39.04465319558346	276.56566502086923	0.0	49.39830966030586	277.3015160620044	0.0	67.64879306584145	346.13087960684675	0.0	41.35290762594276	412.9075949688872	0.0	61.781916974290326	427.29716483762013	0.0	58.160559726301585	429.83219748978763	0.0	33.306261656213564	424.7981015232328	0.0	27.40366594434791	276.3966902040695	0.0	31.931904455799263	349.00179541405174	0.0	28.833858503755636	418.60511775415944	0.0	57.062094960867476	429.9413879709248	0.0	50.3644137947834	427.912647401006	0.0	24.30444749468754	434.15755609888834	0.0	38.620332124850115	181.70419203529153	0.0	47.723734416518035	139.38709116021863	0.0	53.52537574777441	162.70671184804087	0.0	46.85221676321527	204.82594470587242	0.0	45.93190094654908	252.30896053075713	0.0	80.0611664954522	275.02809650063745	0.0	22.843064415886523	190.44585130249493	0.0	50.60852286862588	185.02957656204873	0.0	81.8580303503675	177.1780487732687	0.0
354	5.9	39.109539912216974	276.8354540951274	0.0	49.33185505847806	277.516569771793	0.0	66.79050502373791	346.4072593496295	0.0	41.86395246928147	412.5621061933228	0.0	59.08694964002733	428.9969333004351	0.0	55.2220386138154	432.0326603128758	0.0	33.68004763506964	425.1274434873688	0.0	28.20661171414026	276.5793250397491	0.0	32.303818128287546	349.03194486360746	0.0	29.01564213634655	417.6944492627716	0.0	55.746970195101994	430.395483620656	0.0	50.04297770318778	428.86573737282106	0.0	24.20019516881303	434.19997323483426	0.0	39.21246443320747	181.8130933157638	0.0	48.79178398070188	139.34452971937367	0.0	54.27957244215468	162.61233248723738	0.0	46.286881837598315	205.68960791477627	0.0	43.09180791724042	252.15872113696224	0.0	78.41650526840091	274.37744701838926	0.0	23.601401301595637	190.12569690160083	0.0	51.91154297746244	184.6077943646299	0.0	83.32217428304948	177.99094289342094	0.0
355	5.916666666666667	39.16238428947083	277.0378891497508	0.0	49.09535914408068	277.9511677846723	0.0	66.12754076231568	346.7567046966663	0.0	41.74330620719859	414.3473392490133	0.0	57.777724966992494	429.9174274439364	0.0	54.29440730370937	432.8213536165582	0.0	33.76178069606586	426.4570441206762	0.0	28.327848080608092	276.72897791710596	0.0	32.53422105155419	349.16478256770824	0.0	29.086830198952434	417.87763264363394	0.0	55.069132162871114	430.42307602354254	0.0	50.630889202374576	429.15062896210856	0.0	24.31787278726923	434.12759261153985	0.0	39.6278421604366	181.64424097428986	0.0	49.42609951628758	139.4779224616255	0.0	55.01187718409777	162.81785697020578	0.0	45.624327851558014	206.07826022579275	0.0	42.298987388202306	252.07327807282348	0.0	77.11226751577469	274.4112971944792	0.0	24.571756676313782	189.61174061787358	0.0	53.05815053975865	184.48235654302596	0.0	85.39328820630594	179.01911576338756	0.0
356	5.933333333333334	39.36982197353093	276.9689019607174	0.0	48.963266631334676	277.9301088451477	0.0	65.39035633560084	346.8454145608466	0.0	42.23521027916666	413.67626942242134	0.0	57.78889228725985	430.6017442198352	0.0	54.31145352808942	433.19208894823566	0.0	34.28744023470942	427.187569500539	0.0	29.41374395170553	276.7875447792523	0.0	32.50554716585583	349.2335246498077	0.0	29.227819590110695	417.4699610459123	0.0	53.94283567791096	430.40826490803136	0.0	49.88143299230778	429.8186944142425	0.0	24.19797970181783	434.0623318686597	0.0	40.18371828130623	181.61729297144944	0.0	49.75750063614879	139.45219349122124	0.0	55.65269853778665	162.77905934012523	0.0	45.44705858813823	206.31927324004644	0.0	41.526600145730974	252.07914756509587	0.0	75.94868266485017	274.0772006069911	0.0	24.92577764076298	189.84087351133525	0.0	53.74129687782748	184.98089250175292	0.0	86.50806096697636	180.12199649138194	0.0
