Coordinates
version=1
nRows=357
nColumns=24
inDegrees=yes

Units are S.I. units (second, meters, Newtons, ...)
If the header above contains a line with 'inDegrees', this indicates whether rotational values are in degrees (yes) or radians (no).

endheader
time	right ankle	left ankle	right knee	left knee	right hip	left hip	right shoulder	left shoulder	right elbow	left elbow	right foot	left foot	right shank	left shank	right thigh	left thigh	pelvis	trunk	shoulders	head	right arm	left arm	right forearm	left forearm
0.0	12.788494577174724	120.00746418131365	-2.2101201495781897	0.848562740805395	3.181837703134793	-3.1838222060489745	3.8580896082303298	-3.7068817302566495	258.7703305633772	94.58394646084413	16.384138911689472	114.17402002955309	-86.41256803740346	-95.83638143391052	-88.62120729682725	-94.98821329130175		88.19654226122117	-4.040312716227494	87.76870570346	-87.94537206970992	-95.50156725945014	170.82456252623632	-0.94017761423518
0.016666666666666666	12.783812899498068	120.50197571258867	-2.2045064656579334	0.8495900386239603	3.181741899017407	-3.1791054817285715	3.8580956074026966	-3.6970239080175293	258.7221159827605	94.56843160412242	16.384051948235715	114.6930035285001	-86.41806612577867	-95.83440034336311	-88.62091191405719	-94.98474541069749	0.9665342730758613	88.1965555570898	-4.048057159889958	87.76616791064393	-87.94534542789778	-95.48536860668216	170.77507131548896	-0.9552916785603821
0.03333333333333333	12.77197912243685	124.0530723666158	-2.1892776951146864	0.8514515109856027	3.1815525519176875	-3.1703795058579773	3.858107821344631	-3.6799900408645945	258.22925515552197	94.4733006273395	16.38385398799757	118.27638330072654	-86.4305299920772	-95.83138319870196	-88.62032237680934	-94.97875264469741	0.9665342910820776	88.19657540222624	-4.060356903045107	87.76004013874709	-87.94529285908536	-95.45788284382974	170.28508148531552	-1.0485501391926682
0.05	12.740439033837832	123.86172092999668	-2.1464865853517616	0.8659436931413723	3.1811676587505264	-3.1541137632652423	3.858133311841317	-3.6510909425627838	258.50639155760757	93.83150470043527	16.383386993485658	118.1612855011634	-86.4594420690355	-95.83379080908571	-88.61911310255988	-94.96834424173966	0.9665343184239407	88.19660520342	-4.0794555037207205	87.74472521061523	-87.9451863094679	-95.41330285638713	170.56314897650452	-1.6814340836291293
0.06666666666666667	12.65027955332534	126.87774825578713	-2.024070247130489	0.8797906207389836	3.1803615577265023	-3.133863781723772	3.8581883886470125	-3.604375884046316	259.2025822247613	92.83696921815773	16.38223996050502	121.06474022778059	-86.52703552491701	-95.83527353780454	-88.61656090004865	-94.9588094053025	0.9665343602194484	88.19665018522547	-4.107758621858994	87.7206467190928	-87.94496387280469	-95.34797910654824	171.25659120792497	-2.6022316521851594
0.08333333333333333	12.980401488597597	126.27114818089743	-1.6818173624563337	0.8958590842404888	3.1816076150460892	-3.1035021275396293	3.858311590109667	-3.536632154986279	258.99915849536774	92.86457948418108	16.379299794953315	120.23410242399137	-86.68009691094119	-95.83604329431068	-88.60798864194513	-94.94827197801267	0.9665344245757849	88.19671848670087	-4.146061655236767	87.66845261902927	-87.94448482181508	-95.27171412096348	171.0529535069713	-2.27577653226159
0.1	13.361858880197975	126.75609176837747	-1.5670570810389135	0.9187565258168577	3.183442031741972	-3.0535535689078386	3.858597349517889	-3.4674895380539645	258.809537840185	92.69186493965827	16.37140738978618	120.66599399015817	-86.76774708601198	-95.83617840161341	-88.5898936130539	-94.934075808048	0.966534521015589	88.19682289107067	-4.207108464348598	87.53798338811806	-87.94341871895483	-95.11964921941595	170.85936921411135	-2.756096122527261
0.11666666666666667	13.249783925378196	129.29324997173353	-1.6091821390770606	0.9451148903165905	3.186971382504167	-2.98245196994295	3.8592855195830014	-3.3114039689651302	257.12785872476195	93.3857930202782	16.349087099224608	123.13041626138204	-86.81651159962595	-95.83563810721651	-88.54646543043664	-94.92179280151274	0.9665346659840716	88.19698368763609	-4.207472680981389	87.21713028088999	-87.9409636350441	-95.03353333487189	169.16961895247957	-2.6076827481811904
0.13333333333333333	13.134469628976166	128.23249808511724	-1.5208928128654595	0.9710096530047443	3.198474122068604	-2.9893795317753415	3.861009552301653	-3.2511392609827334	252.56864562767672	94.08371994235384	16.28177823564223	122.26427024856336	-86.8511602991235	-95.83423718053463	-88.44794680808803	-94.90869944870684	0.9665348835284632	88.1972334247087	-4.125385545719708	87.07630387238329	-87.93510905264296	-95.07383265830211	164.61824142648945	-2.6187474475145325
0.15	12.880419538003085	132.7032014717529	-1.526400687702613	1.0032426011844628	3.2328618949442767	-2.97143564822452	3.8755467331449465	-3.2918728053073325	255.62168703068212	92.00673971972672	16.059080260666757	126.50420192428984	-86.8898159355271	-95.83158673771524	-88.43358557222206	-94.90155187056679	0.9665352336323666	88.19762502180112	-4.0864608896026695	87.02007342116929	-87.92066712817629	-95.24276829352365	167.65426381373632	-3.4378941838559594
0.16666666666666666	12.426980805183318	133.1326043375977	-1.348990791998437	1.050279145676581	3.314366077341937	-3.0362383420788257	3.907012033661794	-3.4772128933146265	250.72480980451013	96.42060947901177	16.00361296166027	126.94461090898393	-86.95047538768908	-95.82694942837796	-88.32924143545344	-94.89919379206354	0.9665357970827609	88.19824562307863	-4.060899079567041	86.99470274384467	-87.88401764357133	-95.32947609515682	162.78791287840255	0.8452145601396145
0.18333333333333332	11.018873697412399	132.8273079636653	-1.154104474292784	1.0229699640416396	3.4358931806284163	-3.032980390421976	3.9927694717792845	-3.5571277635009215	252.32225203521392	95.74121094464877	16.286998939815103	126.98776193367078	-87.05391479586075	-95.81893525975508	-88.27852490742573	-94.88069656613627	0.9665367146064122	88.19924121670017	-4.044557106764588	86.97823525017162	-87.78995326407141	-95.38317603988568	164.3771079002507	0.38029397994026226
0.2	13.11675883523152	132.78319691669668	-0.8264893649532856	1.0257010410838225	3.5085878458021584	-3.016048289107032	4.23556597109465	-3.609051564665921	245.01883203635788	102.17166076580688	16.813486296160193	126.9815879422924	-87.20836892572983	-95.81400556890628	-88.24498070111531	-94.85910354683594	0.9665382294437811	88.20086120448981	-4.038268275536708	86.95954790823643	-87.54770599102288	-95.41764065962647	157.6644743732144	6.6940998716475795
0.21666666666666667	14.184368400203041	132.60534906370174	-0.8509548655718026	1.0856895167098797	3.5560804638499874	-2.9351589623257377	4.362545581612055	-3.639436371981006	243.5695669960594	103.00294549099273	17.06932223796208	126.80711059563107	-87.2564796925001	-95.81208221360876	-88.2186989355973	-94.79921474890025	0.9665407725322871	88.20184107100889	-4.034353681131698	86.95168008072277	-87.42578581182404	-95.43911322568336	156.23956260777004	7.535278540423036
0.23333333333333334	14.445100122869736	129.63287555313622	-0.8493623111351465	1.0876307701362935	3.587806514791115	-2.9076991961098875	4.4220327169398335	-3.6586485611889805	242.96548457353072	103.08727783496833	17.172881906732346	123.76096148019707	-87.27562810579727	-95.8135478153865	-88.19878087672362	-94.7176836693564	0.9665451091238609	88.20223810629138	-4.0319869291778385	86.94857422939293	-87.37175546798038	-95.45379347967622	155.6314302954854	7.6220566066035875
0.25	14.531406271659542	128.91474269130015	-0.8108864939700944	1.1431181446166863	3.639254212181539	-2.8259630294868385	4.453893554595047	-3.6742435697922806	241.48089054468483	104.0549770303051	17.22713702424151	123.14971105194027	-87.28335397642712	-95.81968213290276	-88.16207336562059	-94.6130577740927	0.9665526311637439	88.20200626629025	-4.030648531628392	86.94799863746331	-87.34684619558627	-95.46695601438563	154.18197912314614	8.597639185670266
0.26666666666666666	14.624930487704333	128.19216389360278	-0.7377502491626524	1.2385353849649965	3.741771602615291	-2.7016449558807585	4.481827425591295	-3.692632747316579	241.66897958231223	104.26394184979543	17.301873288246558	122.39609177417123	-87.28542263997262	-95.8221906687382	-88.08856385260128	-94.53469332260535	0.9665659084977944	88.20094813982408	-4.030056020627204	86.9495741011626	-87.33275503045633	-95.48444583247898	154.35628507093625	8.887991145529634
0.2833333333333333	14.884229341075702	125.59886999798465	-0.6377564907450954	1.263027310911692	3.9645514475630903	-2.611505695692602	4.521427428371464	-3.7251673494478617	244.4823811258366	105.26950373318796	17.527349672201343	119.77009359811932	-87.2839036861256	-95.8208876569638	-87.94207202175281	-94.49500443545833	0.9665898114113477	88.20060042933973	-4.030118441515024	86.95447700064585	-87.31987041562836	-95.51550525712082	157.11226931332655	10.718956612512127
0.3	15.657681671808568	125.12267264552463	-0.6100860891070021	1.2568052226368498	3.955705322407623	-2.607544493986681	4.58465981420801	-3.784160830565415	242.27848262441356	105.3567376828435	18.294214307320182	119.2846861207238	-87.27867715333258	-95.8139772138235	-87.88945676779005	-94.4697309672523	0.9666337375612801	88.20106869077934	-4.030937122436925	86.96657464040521	-87.29977428051163	-95.57727978957843	154.96474001729885	13.315657078543238
0.31666666666666665	15.785166418608984	125.03770976497566	-0.621995782374055	1.2163639488898776	3.943257677455968	-2.5897046605309635	4.756483769187879	-3.8812311781597857	244.05454244655593	105.04146420691787	18.48833396028943	119.19870106644893	-87.26776153440967	-95.79668728649833	-87.87496405514125	-94.4643877363506	0.9667163138123284	88.20057846323814	-4.032871815869626	86.96888011004103	-87.2591439207948	-95.69885250499765	156.72225450980258	10.167101717115857
0.3333333333333333	15.787928322262415	125.0050275515267	-0.6664481339285773	1.1396782507237784	3.936263166054703	-2.6913071637799524	4.942519419564419	-4.069856962311903	239.38127303315238	112.45528461996159	18.538700390869966	119.18231348284588	-87.24669654957998	-95.75726253840097	-87.88103426400122	-94.47727897892668	0.9668753335711547	88.20092188686428	-4.036712292806347	86.95978670248505	-87.17205470973747	-95.90559842346295	152.6652069719504	16.41887453605889
0.35	15.737943565847587	124.65490397749876	-0.7319563739771309	0.9460259472606124	3.9298049196118554	-2.808989876486578	4.97593941293969	-4.153494305638674	238.28174556537968	112.84248838921769	18.552823173508354	119.1715774617569	-87.20729621957608	-95.66404859325499	-87.89460767663107	-94.53866407242297	0.9671896413562042	88.20014552666305	-4.034836429600889	86.95744877373377	-86.99532611127646	-95.9583929344674	151.59169593087032	16.879443170326432
0.36666666666666664	15.604096818724198	124.10822328326286	-0.8102884028836431	0.6910083645288384	3.922352099649383	-2.87557480042255	4.910315361300535	-4.131954648049328	239.2500477474199	112.14886557657672	18.557113057687545	118.9975307149179	-87.13727078646036	-95.41645173219638	-87.91564051613258	-94.66565985250651	0.9678285500378593	88.20005060971761	-4.034636649500672	86.96358840016246	-87.02985454472355	-95.93616104301044	152.5106405587982	16.918339287077078
0.3833333333333333	15.223176144858988	120.45048963475163	-0.9432832508404089	0.776230347230412	3.907954874392518	-2.9209934051787116	4.686134950549368	-4.03779546017858	239.4053387613448	112.41671732593602	18.558701735230184	114.65625992094061	-87.02720758626748	-95.4758774699927	-87.95518720755003	-94.77730950295428	0.9691673546917853	88.20091468083669	-4.0266872167206325	86.95569418754937	-87.25546165717105	-95.88559568383755	152.26575231608402	16.92200673189806
0.4	15.33149091624613	120.02886066698868	-1.1143290546895042	0.7222665715502613	3.858645686594867	-3.028305497328211	4.5145022225465326	-3.831374451692832	240.0354149574505	112.43687973241904	18.559933495847613	114.1542066738826	-86.96477604923012	-95.62502174143359	-88.0537678885675	-95.0117845632725	0.972067592425469	88.20072162863353	-4.01550943736845	86.95111617888293	-87.53779342658451	-95.76760748889893	152.23251550780344	16.922592869131233
0.4166666666666667	15.377614603249356	119.97890055660403	-1.2528988733731368	0.6947084457530153	3.8129440217204995	-3.1361961229830233	4.462204590419133	-3.7467221424593466	239.62622939504593	112.39983461569096	18.562550725772844	114.09516395760635	-86.92409338244002	-95.72192592713972	-88.11889404667966	-95.10116139138378	0.9741320388652305	88.20176642114555	-4.007422715030045	86.94853551440508	-87.74984819699415	-95.6942849241857	152.2276612847172	16.924112725641947
0.43333333333333335	15.4096769155542	119.97242944058446	-1.32411863591313	0.6813712359744201	3.728916144646192	-3.267262236910156	4.115397899712095	-3.7632509963090373	239.40662296923796	112.45004759819484	18.570659276552277	114.08761218746588	-86.90741596037184	-95.79023022337722	-88.16936600563928	-95.15879211255509	0.9755743664211046	88.20203543909147	-4.000977524226649	86.94738067574973	-87.86327778785348	-95.6351659713332	152.2268873701935	16.93503556679196
0.45	15.438188936602373	119.96875491448735	-1.3641185460748277	0.6763449819063097	3.657932210441719	-3.302413452239415	3.836981887321719	-3.790303285547475	240.01407258678458	112.52277756548773	18.59837186443173	114.08405153494805	-86.91458014994697	-95.8301384721179	-88.20285654630499	-95.18511708743206	0.9765400560481808	88.20111467441555	-3.9942546883086396	86.94803586827501	-87.8941168844674	-95.5965330831148	152.2265516085116	17.02223031710157
0.4666666666666667	15.548230540806012	119.88065669333989	-1.3723933996703352	0.6800279807002545	3.610924680603708	-3.3453969195850775	3.90174637215867	-3.767688398862793	240.11249175691648	113.1227829158593	18.697884742738125	114.000598699547	-86.9396175665178	-95.84866682880731	-88.22411372153178	-95.1918652060873	0.9770875806722307	88.20135652879438	-3.983793508925467	86.95354452596162	-87.8592323953086	-95.58088498923266	152.22213126788728	17.768055248705117
0.48333333333333334	15.98353012033867	116.84513583467752	-1.353346780244452	0.7065571126438879	3.569986220377115	-3.320838564795817	4.167600851450817	-3.751678601653512	239.55362964320145	111.6834344891636	19.0600822666834	111.00279672222355	-86.99657449726055	-95.84520312779814	-88.24975804528731	-95.18279858606253	0.9771203265612397	88.19995222610532	-3.9614027498923874	86.97757509144489	-87.62320622926823	-95.59481173647453	152.11932546012653	17.713220755478677
0.5	17.47442769193287	114.52376156113044	-1.2314826243352854	0.7302737250842274	3.5437796064702156	-3.3043003863484453	4.369245213765061	-3.7215299434306486	236.78798649139063	113.61600887067499	20.233481860506892	108.68962408906128	-87.08209084575587	-95.84336024845722	-88.26459493820457	-95.15186684355895	0.9761586959445584	88.19893229513208	-3.904210461391329	86.9488185320811	-87.38798062922433	-95.6226379739517	149.491409189559	18.43252250117873
0.5166666666666666	19.123019506675025	110.36072865956994	-0.7395509701705085	0.6920209592936598	3.5510150073790956	-3.352609827360024	4.921508066592673	-3.9548060872598585	233.72537169803974	116.89695187433415	21.724097993924833	104.55717002830825	-87.17978816242322	-95.84264619047723	-88.24882622445782	-95.17978972573668	0.9725956485970301	88.19816220520221	-3.759551123157876	86.68106544045884	-86.83347838112252	-95.69427408380827	147.07482256867434	18.48231647452825
0.5333333333333333	17.695665893932713	112.45095044487012	-0.43136489768303143	0.8201319154369776	3.5641997332150224	-3.352096973533576	5.471618479803819	-4.15960070209769	234.74310467071476	114.49903813288346	20.1859529693457	106.6051308447412	-87.29890795099514	-95.84360975338478	-88.22511995383903	-95.17432876260979	0.9684880980835572	88.19749388905619	-3.6656520396760315	86.41411470301598	-86.28785404136704	-95.88988470139384	148.53387808296424	17.97611076151201
0.55	17.45203638819876	113.03774828091723	-0.24903938818253668	0.9157074179379299	3.680516024035539	-3.3658702296378724	5.739660984017415	-4.341565312614728	233.72190043602552	116.31056121789356	19.69556900516208	106.82889618166543	-87.47089007710434	-95.85020480886345	-88.10001583864748	-95.18645987083886	0.968263197083814	88.19665878470921	-3.6243869169643728	86.31660568624302	-86.00177562434152	-96.00200896343338	147.6774669156776	20.050808229199117
0.5666666666666667	16.964581544249352	114.10752705525378	-0.1703822014034373	0.8454587201959656	3.7720280918564075	-3.4270553924151477	6.134019011224488	-4.5829426892246925	234.08092328840738	116.40180551033107	19.465490628596896	108.21311630561034	-87.49004308493093	-95.88223794580473	-87.9927891465704	-95.23177062730407	0.9689177658040343	88.19493148386083	-3.6301854728626695	86.25074427317676	-85.58871160479308	-96.03236639463839	148.47924650591082	19.763841984204976
0.5833333333333334	16.780842133310827	109.35819766905796	-0.143987335516223	0.842268212944944	3.770341688421289	-3.619831809798363	6.149666466407062	-4.421828574668401	229.0140009652617	120.29821656169264	19.17437502716206	103.15760343527717	-87.62664590561714	-96.0402668670709	-87.91460566925431	-95.33948742116714	0.972324317606169	88.18399012709573	-3.692070900941769	86.21958192485637	-85.42452326673447	-96.03396009118836	143.5965639689505	24.249855479581097
0.6	16.761885385246988	110.11491382308074	-0.15799090738994043	0.6225446073298976	3.9233234869738842	-3.826057886048239	6.446059818890543	-4.131250357126539	228.53607640309403	121.40417620161593	19.231647239056375	103.95038011689245	-87.69114365349424	-96.10907527718388	-87.83944678923082	-95.59716876402996	0.9759984970640276	88.14885382097205	-4.022217273889773	86.1843930681669	-85.20115858365263	-95.99654019295008	143.08611196340397	26.04830830638655
0.6166666666666667	16.775838304814034	103.81833487030956	-0.22068376903515546	0.516993676257649	4.140119931423974	-3.725165549618554	7.210129262675497	-3.9622665856051915	226.64319307595989	123.60824451464619	19.260136921901132	97.68031788941941	-87.7221710052146	-96.15918183514785	-87.81381878970922	-95.65941845091297	0.9778188174806662	88.02519539054889	-4.246540187356362	86.18654091744285	-84.61680261486575	-95.97789977940376	141.77560938878233	28.0472039707158
0.6333333333333333	16.859050596642074	102.78530828452975	-0.04446205177940045	0.7405095017514607	4.387019040190565	-3.5026245698323772	7.957199077332137	-3.819481592916379	227.00226098737483	124.90591806693607	19.27452013629782	96.28646160237766	-87.74597378756826	-96.38234898778555	-87.77520940775649	-95.52903818185301	0.969122666001477	87.86701684720444	-4.213683262404008	86.1394093476919	-84.09036952264124	-95.97085455083896	142.64857407533646	30.314302796727137
0.65	17.40359245943363	85.93261705806435	0.20119610564860585	0.8555016695446248	4.541298011787321	-3.500449266128395	8.274964947941585	-3.814775850088891	221.6782151049048	128.66666903453063	20.06164617043575	79.38034548304184	-87.74873885933688	-96.5213899769222	-87.5950576940165	-95.56268013718463	0.9308346084267595	87.87869750930408	-4.330629653723064	85.80726431447563	-83.909513357676	-95.97807814747202	138.02823461105183	32.45041058870368
0.6666666666666666	17.76474966969954	84.30245820301545	0.380646153879231	1.1348374144049764	4.68204334008998	-3.496828508969867	8.208837257749058	-3.7889673437953295	219.59852750301567	130.36046058020196	20.643214446562794	77.336980944048	-87.74408543398496	-96.83021691857367	-87.44298988174191	-95.59448673673576	0.7229602674601612	87.85868871018661	-4.203147396019138	85.8831660726977	-83.97113615418834	-96.0230282645807	135.86832922940945	33.78864501025591
0.6833333333333333	19.822192810772833	65.5931790501895	0.6757747654677527	1.2696504461597957	5.287095206791521	-3.4017656676439834	7.836439982380308	-3.7314342330369104	217.40867724553718	133.87338111340003	22.175647780354783	58.62110755676067	-87.7172297962089	-96.95042483663674	-87.04825875908776	-95.60687297970462	-0.33261331425482554	87.74163163359088	-4.1124180641277235	84.91552227067717	-84.13940338946023	-96.05537377155748	132.65149953324124	37.72613227865695
0.7	21.164869192155173	68.2584544000362	0.6257885749019518	1.564590583867969	5.333661330549652	-3.40320105825779	8.063078794151414	-3.712452145269482	215.24719016535633	133.5447141247749	23.73657538568105	60.91693515208187	-87.56804607730615	-97.23956563069957	-86.87371466770279	-95.60258293189312	-0.6970478414195777	87.76616876101048	-4.074490411298852	84.50111920981666	-83.96424991440553	-96.09711819381052	131.00875221948493	36.85054376112771
0.7166666666666667	21.439595930011087	63.84277345803676	0.7390995215186574	1.9505354504811885	5.81295790379438	-3.1317356904609897	8.800476655780109	-3.6320035111923965	212.5997499136898	134.83443893354817	23.871278882313078	56.47087385972234	-87.46165703326857	-97.40827962648845	-86.56908288768035	-95.46254405306028	-0.8475059606596685	87.64019956485286	-4.031475280414038	83.5264644239924	-83.60891916343613	-96.12176133492332	128.92034958052102	38.65630096230642
0.7333333333333333	21.824686899357506	60.13303009367959	0.6171154780498419	2.9524073761163403	6.202421395592031	-2.523395240535051	9.683930504807313	-3.519851841774487	211.88534404890424	134.83854917640403	22.772853535996383	51.995633474081465	-87.21381599673077	-98.00026368930777	-86.43312264383914	-95.21131941559582	-1.0456907913067295	87.40669491277747	-3.977216302293534	83.36560392172407	-83.18832799718571	-96.14198248218172	128.79292489943336	38.77476640331978
0.75	19.93090318437177	40.40441323255812	0.5760149176903211	3.6479264907602196	6.777015400645503	-1.8393936995137115	10.280985371880256	-3.4764564377662603	211.82111726166707	135.5381161263429	22.193369961988967	32.117246467577274	-87.02999464275463	-98.33647679998889	-86.14986354185616	-94.8101386630647	-1.6386828917520384	87.15471812754518	-3.767451857728298	83.2667507869418	-83.04031723007796	-96.18499029645926	128.78477266720697	38.78300953251606
0.7666666666666666	19.454035149057994	25.457874120914862	0.5556768487745223	4.878337675443845	6.954404902436574	-1.3126795978597867	10.967825003752344	-3.3701939469829965	210.38045930570019	135.04597462335425	22.009428720274908	16.31474684402743	-86.73074837174755	-99.13755828490187	-86.04887162144527	-94.33988297888622	-1.7909267360970267	87.01301867790522	-3.8312908144452673	82.80597746738286	-82.85040590079133	-96.24224998446812	128.80271376408757	38.78161275557779
0.7833333333333333	18.75445963071419	4.262464872175873	0.5340409911216585	6.20860418535571	7.2563258551692975	-0.30931833529673586	11.459313270210169	-3.305362680910851	212.04971989332608	135.02509162468684	21.838688783319018	-5.0884578229907405	-86.56767232924975	-99.75864449650398	-85.99985165719747	-93.60545879306495	-1.8148372787291098	86.73290320154919	-3.7117611509255406	82.37054068007473	-82.08039129521444	-96.45139169234969	130.1344605572729	38.73660383868121
0.8	16.727638738314635	-1.1919306920517108	0.43463813877248714	7.7298297928930175	7.871120626400918	0.8386455019040229	12.139892380405641	-3.4696832473956034	210.1002585362579	135.44340363736393	20.861757885055162	-11.796098560246913	-86.22666838864208	-100.61709864285781	-85.85341545644172	-92.89229646846594	-1.8313691443529492	86.2841364101802	-3.8855076826101667	83.09237697829144	-81.67475080076795	-97.50841952062272	128.6042967705373	37.645871826148266
0.8166666666666667	15.727798602195232	-6.76840985881989	0.41490031545492867	8.976097633911788	8.568809945364801	1.8286153151317341	12.196950717578991	-3.4324490561587484	207.00043357347258	134.5003345283986	19.898251691938217	-18.55308559031376	-85.88054409220086	-101.32292405526896	-85.5482125380664	-92.16670528926505	-1.813818573805587	85.88450283946284	-4.1973000541942636	82.16037525251598	-81.9437659853933	-97.60868887829602	125.08726257816801	37.04078195759359
0.8333333333333334	10.573443012548639	-17.98016834058478	0.5965581595552154	11.25035820155978	9.571941529819263	3.2420161979286806	12.459207789934005	-3.4506826420888435	172.8081871789321	134.29735818213035	15.148817058194313	-30.460771051756513	-85.69855315994066	-102.63264858011968	-85.06164305638693	-91.08381415125987	-1.726539092066008	85.41125012762953	-4.261896916768488	82.47447912640014	-82.11647840686997	-98.28879574384803	90.69833603362378	35.92260996292889
0.85	10.916925091869976	-12.367018103827718	0.6570693275006996	14.507414463740329	10.299625792507568	5.073469566019875	12.64145919244379	-3.3111699809771524	156.93304552746622	131.56726176294669	15.583006150793734	-26.185308281288858	-85.3407403755667	-104.19887710190831	-84.67903754059758	-89.9045419607028	-1.430289016964324	85.04424469716395	-4.579708231450334	82.34275765755292	-82.23092560883326	-98.17860788773795	74.76987067622774	34.014343808904776
0.8666666666666667	10.287931043193879	-5.182881961958107	0.6932293070274768	16.092538616362262	10.98409531154012	6.3543757044822	12.194116581416974	-3.247042657278231	150.46230316836935	131.29411354628263	15.400679285680232	-20.155666881187162	-84.92144534266295	-105.65807424446243	-84.30624006381956	-89.18647497658023	-1.855992701200282	84.72490618027257	-4.739945589139768	80.82620559025511	-82.81926961332792	-98.45962493930709	67.13575321362073	33.31319503986604
0.8833333333333333	9.437037346965543	-1.9115566772453714	0.6993866545866214	16.96328078488467	11.6626151531859	6.533484908465031	12.587089244617871	-3.097458560017434	143.88585645668581	130.40191588921797	15.345390616427201	-17.865800857329976	-84.26737387167559	-106.19038200252396	-83.9291897515776	-89.05953967812863	-2.6675440473376706	84.44260619108026	-5.115030728184662	79.17669787099356	-82.88964097506336	-98.37813703936784	59.379014261173026	31.557448597497654
0.9	8.495014709789094	5.689537839725224	0.6903506913426796	17.735849369282022	12.480806192767261	6.544967434621632	12.729400169357639	-3.555578622689184	132.534397937802	126.67960187508513	15.220248761771499	-11.203709128188514	-84.02312182844302	-106.8985399470835	-83.22203045374403	-89.04617231010982	-3.144203455424408	84.3285259033135	-5.38147689038098	78.52956682711039	-82.90050161487872	-98.99539787069452	49.574458631665316	27.623097903391162
0.9166666666666666	8.478412047155576	8.107531394553417	0.6707371800528126	18.296990496575987	13.107683807207206	6.479725931980104	13.201812125269413	-4.169294914271991	126.46659979198552	125.22143412013801	15.203364012833696	-9.827578409847618	-83.35961488740887	-107.69443870983014	-82.76913506939613	-89.07083897415217	-3.879887477967189	84.16384236182992	-5.666402847484224	78.46811639991401	-82.70227818103311	-100.17029633697142	44.00278393718752	25.27442334896397
0.9333333333333333	8.128128453114893	9.819113548751396	0.6434835019242913	19.248500044295014	13.5051267583031	6.531348876461953	12.837659328259075	-4.716313259986608	120.42676475086819	123.01644726658192	15.220218140890282	-9.086281823277819	-82.90836152330078	-108.3548371682463	-82.4281774504486	-89.14498078653268	-4.03527498345508	84.08609391759752	-6.213964226735591	77.12431538412066	-83.00141823217736	-101.26996994328478	37.4095405704455	22.386474223685187
0.95	7.527610037555011	11.553315776374056	0.6753964031943005	18.96624096736863	13.979344127831649	6.152746946250214	11.75038888038662	-5.7331691326584515	108.32985985780746	119.58379252570191	15.321934494721079	-7.127486163806956	-82.48736992135407	-108.44116002077968	-81.96057920186801	-89.48912719378023	-4.109080595818734	84.04487272380459	-6.504452643711775	75.98170023389677	-84.61083380068786	-101.9708802079422	23.10196651277344	17.636197675348743
0.9666666666666667	8.349398923081779	11.772927746393787	0.7850781528246585	18.626355444096678	14.664545307225477	5.889290922588916	11.154336136853187	-6.21889996547097	99.7934183974403	116.18931797309557	17.743693885987952	-7.307493089031508	-82.13515225626992	-108.52539066667828	-81.47252074153619	-89.91161905271744	-4.143188256144282	83.86478938092759	-6.805313919764432	75.28006063679067	-85.28675537122965	-102.43084058674702	14.446893366070759	13.616864316369835
0.9833333333333333	8.179571982753618	12.878950454994694	1.2692579957893182	17.746611167184568	15.511003076264057	5.615619662137478	9.698352837788846	-6.2124830749539495	93.8580864079228	111.75735627839401	17.769312406776784	-5.569029040180294	-81.88381716770807	-108.35471524103762	-80.71636197707056	-90.47874233994983	-4.191180345438931	83.70310822353757	-7.5523250672651	74.70734308163514	-86.71841244585983	-102.49076136240292	6.877866644606773	9.264224893698545
1.0	7.867625675535239	13.235930299189821	1.376920092448762	17.68847352264451	16.789919634118316	5.608792620660974	9.886066801789934	-5.9266501563185106	89.58237720227554	100.28133361991014	16.97447047973144	-5.833198382581228	-81.5910604178976	-108.42306667702658	-80.25954560664772	-90.85912230460929	-4.217962648128971	83.0692254321632	-9.154553731099046	74.58774765326636	-87.06279111080971	-102.72331228631697	2.562968884650158	-2.555804283704731
1.0166666666666666	8.537356335490427	13.436150608388289	1.9260784512240035	17.330502867441567	17.58996965196588	5.5582225344580545	9.275512204478941	-6.79711082398627	83.76091373897299	100.30890823490925	17.053447986458657	-4.8776557820031785	-81.5005525146672	-108.40924595629778	-79.38309509873919	-91.09833443284053	-4.259218366986512	83.06888518049018	-9.909675980652205	74.2344232935097	-87.68037152921922	-102.87322809010877	-3.8740300674435795	-3.6933267111593677
1.0333333333333332	7.8302447720885855	13.588720309603328	3.2770991301796424	15.573102321915314	18.45905214772673	5.152185966272597	7.571005868625654	-6.787059514930442	80.60029905619447	98.8711615204903	16.304311067522583	-3.11192452887669	-81.56488325180862	-107.17757371952173	-78.32856721670551	-91.62564897823584	-4.271505964041949	83.15304519405973	-10.92068168333531	73.6938648141977	-89.23839578243974	-103.43523124124623	-8.693461893734904	-4.681698989151175
1.05	7.546846715918498	13.650580144998008	3.878083747592492	14.696788660441847	19.529866546475468	5.179263334983507	6.174842891769667	-6.986529924656529	76.94892422190777	95.04664811686781	16.112886893810927	-1.8223410251885634	-81.42010957730912	-106.35735756346531	-77.52418997938635	-91.89573137997787	-4.277242239557208	82.92688130481693	-11.842663480051556	72.56657350460762	-90.90147000670949	-103.9072238445441	-14.022510055884087	-9.287441846843864
1.0666666666666667	5.076333816793736	14.037880028448052	4.838308646747774	13.191227467555237	21.004322259423006	5.2130578291720715	5.343282574583343	-5.4284989438047875	74.29884845509234	88.374120699579	14.023548981329233	-0.041596151150706195	-81.29608353501692	-105.6788350666308	-76.3385058952515	-92.1818304024832	-4.284368581002278	82.63770033662419	-13.399163670276458	71.83698819068059	-92.03291726394558	-102.19517416961749	-17.749188829964837	-14.256806604520593
1.0833333333333333	2.965612200004642	14.034091923200473	6.1479311638354	11.91377038380637	22.60161021688893	5.532049401003869	5.177752128540315	-0.31942517863688524	71.64009329625809	77.93503890815032	11.598273310281193	0.33585162818932957	-81.33644803452076	-104.35247011869872	-75.27623715436931	-92.32872778429703	-4.300763106492782	82.16808184524882	-15.427509244256877	71.94602365361405	-92.67982408794558	-98.36280291159387	-21.011526365651445	-19.977805612458493
1.1	0.8482612983763208	14.015208485015815	6.773941795981826	10.64667200661249	23.636549608751345	5.611774186825681	4.767795346957829	1.2901840730208294	69.83826854866712	73.7752688054366	9.826612205971305	0.9582660777638293	-81.10215952159868	-103.25216400419586	-74.36651384816636	-92.55670196854672	-4.344647028594761	81.92024220476873	-17.34588602528592	71.2223616234343	-93.27671096583006	-97.6991561668359	-23.41472319518953	-23.870094977608847
1.1166666666666667	-1.5532709287172353	13.58487896383866	7.155137847596956	9.609901246265268	25.180645624646694	6.186725108381312	4.727048978482498	1.993005347495025	68.57521278337062	75.60669413628204	8.2451926147257	1.5093115597731923	-80.68871084140757	-101.9696060780767	-73.36707165441916	-92.64949890794787	-4.369808303793011	81.36318746362736	-19.750823747369108	71.38897590692658	-93.8546120039004	-96.74266938139633	-25.223795790802743	-20.71546352703403
1.1333333333333333	-3.141788773031611	12.285214645116346	8.68955527428155	7.834441594163758	27.667160107793592	6.500515281893093	4.828645918848951	2.15335688608634	66.74536550653731	67.25674614039286	7.272584768598838	1.5395125096155697	-80.59924469445987	-100.56413928564677	-71.7256834520323	-93.07024991489723	-4.50519756183935	80.6393142612927	-22.49487952899783	71.13450584484028	-94.50488310528598	-97.12433301222643	-27.78157832900725	-29.956978236703552
1.15	-4.7607806048440455	9.577868737678122	9.899697538392358	4.913116731899658	29.057517036923358	6.218104445657151	4.226199817636489	1.4301446771006383	66.89776345641012	68.36886127434707	4.091888869611886	1.0046200670768037	-80.64563187623125	-98.61468729183817	-70.59694454549972	-93.42939242709241	-4.597681537589984	80.33256989505428	-23.878451877238202	71.27072954818819	-95.48106817101142	-98.0712153458577	-28.59481878695953	-30.117563862914476
1.1666666666666667	-5.429703354199037	7.949357970896923	10.581894072370005	3.987399795543244	29.797671523740163	6.209210694076556	3.9894961115522296	1.4493600069579404	65.30442954935529	69.20261405229081	3.7503843680279716	0.5537153080910882	-80.65124513193234	-97.6732725288799	-69.82904970500091	-93.48215174950262	-4.64190617874952	80.23849186683516	-24.817154524102527	70.29532677796016	-95.70849088215544	-98.229410315913	-30.259660215643432	-29.403104185573863
1.1833333333333333	-6.0732442183311415	7.313170936005595	11.865542022431157	3.633173208637249	30.91974429501692	6.6044505083408565	2.9746323879404937	1.6349964432350874	63.82751842423228	69.47424313011538	3.0905374401961727	0.1273921349216224	-80.94881455252019	-97.06444812850972	-68.9363154806901	-93.3156363597632	-4.570606844207303	80.02436068067126	-24.819670224775702	68.68408274440085	-97.04375560774844	-98.25819479589121	-33.21308274452294	-31.3425611166183
1.2	-4.204659012263626	6.481330972891728	12.70175009891757	3.1549264881832793	31.3622938471551	6.867590143317882	2.4800837291686344	1.5048959197629028	62.10281874504778	71.68378000690316	4.281748857225784	-0.2932754472239043	-81.30032607013271	-96.42247834682553	-68.49426806967712	-93.22622016241078	-4.260627325697524	79.93471568735936	-24.8196148105962	67.287847910984	-97.5828669733667	-98.33672887471977	-35.461985799659914	-27.898440071149366
1.2166666666666666	-4.417729379349402	5.42752461677545	13.631136018601191	2.937197455671239	31.84746995979832	6.751185103446513	2.1975654166011838	1.7321051732054467	61.31728150425103	70.14879466868057	4.030423799301727	-0.715441805900262	-81.69015278751456	-96.15067431074647	-68.16621162667886	-93.33043840612913	-4.122345663770694	79.85542425769461	-27.436034833305275	67.17228037721472	-97.84218766137629	-98.33343868030212	-36.516348054744824	-28.26257861390714
1.2333333333333334	-1.7094011476075042	5.000183946468739	15.656557846842421	3.3736921951266092	32.889128583879184	7.431004744039779	1.0526747143744486	2.2665402840167053	61.7566766615658	69.38567677218526	5.450276557383591	-1.1455806708119398	-82.49752113815202	-96.11885422929714	-67.74225246089085	-93.05394523945327	-4.466795349134148	79.57800224574373	-28.2206177839193	67.01585291253613	-99.39299303975515	-98.1690692809681	-37.6327626826099	-28.436449086128817
1.25	-0.5925273899653093	3.744648823257629	16.269903397658968	3.5388482251829405	33.00969783355559	7.66903963735747	-0.928652499293794	0.7669088195516962	61.853755449520776	68.03986071311712	5.671231356364248	-2.459773286215467	-83.6409020234502	-96.1071483224575	-67.49342283636463	-92.94250735054493	-4.320698807639749	79.61282612087658	-28.95450141023543	64.71401589254032	-101.18748066796906	-99.1958551581077	-39.25371592663093	-31.25059584403144
1.2666666666666666	0.051587045137859694	3.014320957123287	16.72452516952104	3.194535725358659	33.13141940426601	7.579701756986028	-2.284216694325224	-1.1725416078092699	60.58882637224691	68.25510254179676	6.3869800973088	-2.897461761461676	-84.16734683975326	-95.78743860342801	-67.38674339605141	-92.88227487354251	-4.261619176794408	79.64066303809503	-26.821134837443356	63.29327027605942	-102.40367585258578	-101.96169647628892	-41.74584062073207	-32.49960723571712
1.2833333333333332	0.8245980425258359	2.8156663414014753	17.322065034526034	3.302204915025569	33.47216648244486	7.718982594456137	-2.8199284144631465	-2.4987596376432797	60.27566455976433	67.82821560375513	6.790666389726238	-3.1704581466160158	-84.34323509380647	-95.76591005038665	-67.08580311939923	-92.83521450252921	-4.223232222878248	79.62687298863837	-31.82582070924763	62.56525659817621	-103.10992553975625	-103.11077956689303	-42.62345387023552	-35.52163287547991
1.3	1.2994516840776955	2.6858200139598774	17.19795110435832	3.156131378131449	33.88976912726495	7.790496181216609	-3.0941433844512094	-3.827532710380485	58.583629622622084	67.34891984437556	6.697639839524986	-3.246355200235492	-84.39157906983587	-95.76699038645339	-67.20101829293208	-92.78924636284216	-3.7018120605758176	79.46449219315713	-32.57571325005037	61.91499642249195	-103.83241734925551	-104.3774095672458	-45.07972586053747	-37.38511910199913
1.3166666666666667	0.6782588578300442	2.8729244288367695	17.322204836749464	3.2605829969384232	33.579923400578316	8.052021860755891	-3.2286068080531614	-2.71068029439379	57.52335100359465	65.17150866600815	5.873619617612115	-3.283431519493925	-84.41273915467329	-95.77528020012193	-67.11132400910836	-92.70898389458591	-3.676174649069943	79.36657956765764	-34.01834723772207	62.005835545929706	-104.16943647424473	-102.66680134493998	-46.25281700094816	-37.48603958386619
1.3333333333333333	-0.6531001671723958	2.9099581255513582	17.12592766125596	3.3329822332277965	33.5747508907706	8.287864628556113	-3.7256706488471814	-4.359693451180595	55.499891074452336	67.8339080201594	4.229451890069163	-3.290289071041854	-84.40318827564053	-95.79070271270054	-67.27124372885197	-92.62878077479192	-4.800898813146568	79.158538794785	-36.571160220087556	61.79090590079152	-104.61197077614761	-102.26175499721272	-48.90074095127805	-37.575357508648395
1.35	-2.1275935275645117	2.951393393085923	16.914492994618804	3.7865020543094534	33.658654189833605	8.96776574244437	-3.478037820102882	-2.9012110535029785	54.26164078349383	62.09132684125712	3.323560718228251	-3.291025029106701	-84.40144205936967	-95.81714803824488	-67.45467241568434	-92.40028329557194	-5.625109386972857	78.88901782914618	-37.53672796192522	60.72017247084031	-104.61710905114163	-101.7323080949798	-50.26240534781057	-39.79774334077214
1.3666666666666667	-2.323520186717963	2.9441717990839393	16.581870384794026	3.7684463201581435	33.69178054116091	9.200254045233894	-3.5310650765027125	-1.099355983491994	53.9975379101081	60.120626533305256	3.187226564852828	-3.289395780757841	-84.44301165698283	-95.86033793258139	-67.78303032594862	-92.22731095005832	-5.795920111422838	78.6099550063164	-40.102401991208346	60.349949099619735	-104.78833730246721	-101.41006445113565	-50.670267292507944	-41.869605517698766
1.3833333333333333	-2.2317736564491186	2.911045245841447	16.99301547486758	2.7325260355148666	33.79119664772554	9.229619603617234	-3.883993885621755	1.607686169482966	54.58253616974298	58.35534187027154	3.189388751137976	-3.283853123653845	-84.61819263170344	-95.69579313874411	-67.68282740151024	-92.54604832269075	-5.40268710454047	77.9790060738805	-42.93722574242696	61.7843151959128	-105.32740094866787	-99.35138809815822	-50.70947569722844	-42.79286726145778
1.4	-2.2557962920341024	2.2843152483493467	16.681838329897502	1.8669351024159637	33.86342165584126	9.265014930819536	-3.0745721138663464	8.234942865200122	53.60802368342247	48.05591269137851	3.2630720359326344	-3.266847582891053	-84.64663701676795	-95.46625581206709	-67.99831352391742	-93.23363894271824	-6.891384543673141	77.21097568690487	-41.33636644652868	70.53707295960672	-104.98942702586376	-95.11652426198945	-51.317115476233155	-43.41252557452849
1.4166666666666667	-2.197810385284616	2.1780292592444805	16.0766197083633	1.765082775652723	34.22448473239838	9.323738844040678	-2.4055390465387787	10.756463290005305	53.47252846557965	45.655806184647105	3.474029832452365	-3.2130363167409666	-84.56283085422686	-95.40841376954538	-68.47006176876921	-93.33179910761514	-7.512547784725251	77.1405980538605	-53.14755785300008	70.76706689458993	-105.06271266365823	-92.41128194260747	-51.479056845760006	-46.6842116334912
1.4333333333333333	-2.01456753897875	2.3427398304595997	15.617335532261672	2.2453854691496016	33.82027630126737	9.448479864348194	-2.8792536007882594	5.344881457600522	53.03396084384107	50.7295804624222	4.114286661326837	-3.038944963622625	-84.3367612985805	-95.41003882803966	-68.69839148956265	-93.2096802860732	-7.808786005017304	77.38677895445011	-57.393129701814374	67.91707498780673	-105.53727311594257	-96.4863410718723	-52.57924954865603	-46.41930839184924
1.45	-2.004509631560359	3.0190660947107766	15.344710373760696	2.377854836347646	33.497052844199054	9.430200443925804	-2.791784633364733	4.3363692424048805	52.20360156297084	48.981740624802306	4.377046891820066	-2.500291100566207	-84.12572389612137	-95.40120906767089	-68.8536652069284	-93.1262958921044	-8.733843455360455	77.5045122330367	-93.92166974112047	65.69446526335572	-105.23864793619228	-97.40992797602172	-53.01474742902033	-50.05796071345786
1.4666666666666666	-1.9132622438383127	3.5364167084350973	14.771738708219832	2.4383591190245886	32.98929316422839	9.453085823862045	-2.729529073479235	3.3598635127234826	51.86986143619948	47.58848151902054	4.500991334003143	-2.091238155388607	-83.7374036333739	-95.43089804630836	-69.18695211939126	-93.07766794885293	-9.191307872825487	77.49631112142427	-112.90396215457368	64.81097169842222	-105.17870456190704	-98.99039865615464	-53.3821823157963	-51.77775581663386
1.4833333333333334	-2.1406659124768237	3.5366694124833433	13.342663364586357	2.424354094435126	32.57964891229843	9.48984773443266	-2.128958727225409	1.5141924948742038	51.13696528129082	48.81584287668694	4.572351299217528	-1.8491740081142016	-83.12037575588187	-95.41687801753794	-69.9858153714728	-93.05830790577906	-9.143178016655586	77.41272003457684	-146.18756876880374	65.40841796623825	-104.61651613499242	-102.50827734553343	-53.3952520854131	-53.43481248684757
1.5	-2.520152569664707	3.186476659114225	11.552689934221252	2.437863129055933	32.25565519894502	9.514945366734727	-1.8317813194157602	-0.0010825219432512023	51.14539056559562	47.45354144821282	4.652162967599586	-1.8082921976571393	-82.49007122070682	-95.40089987160323	-70.79288163726419	-93.04943228681283	-9.972455681505787	77.44038886994116	-153.61331957835554	65.31671984923487	-104.45025594926851	-102.86957863315537	-53.267098366944644	-55.04729026910647
1.5166666666666666	-3.130141284045215	3.243503468077371	9.918584586902128	2.438663459080532	31.482348438539304	9.56177269790769	-1.6957544746235778	-0.9382172184179812	49.25823467717449	48.06932301501503	4.830642532970061	-1.6660889433677029	-82.03361124136983	-95.42511064779904	-71.59697686749041	-93.06097658674712	-10.800774710020702	77.43154867548512	-159.15356875905056	64.96549656864913	-104.1920276596916	-103.72729853954564	-54.759470026390765	-55.701445410450596
1.5333333333333332	-3.763360216610753	3.960637756234717	8.506334704626644	2.49044318401543	30.349612143707816	9.553039774088122	-1.8724404879315713	-1.2176870568843154	49.941301203547006	46.38929199149979	4.9834198657946	-1.1641381414199186	-81.52857568152791	-95.47284482035766	-72.53729017622081	-93.10452400281613	-11.814473756563016	77.4749070817852	-161.1372192518874	63.32513290964103	-104.52933879257701	-103.84754271561849	-54.724745130114286	-57.61422669082845
1.55	-4.396154768832491	4.637566315781598	7.370829931095276	2.62134149091866	29.29148977529792	9.621170998385008	-1.6824496871818526	-0.5880366554359351	49.51275227893941	44.5600500933375	5.066410991315741	-0.8967864146121701	-80.88719840046102	-95.6520745930688	-73.71066722063084	-93.24943490209267	-12.607318359020875	77.45569712793484	-165.21494962544844	62.81589468977057	-104.27518891932493	-103.30702750534613	-54.72168821773736	-59.03305127653835
1.5666666666666667	-4.300429750774767	4.902655878197679	6.4248184312765195	2.5622679415185976	28.51495893061308	9.841983502876772	-1.104292130575222	0.8585116396716127	49.303686229143416	38.93860784642341	5.060628589686432	-0.802369227994637	-80.7832325447376	-95.72600887988658	-74.58676594631481	-93.6075366343315	-13.605647251757633	77.4188007408118	-167.62725406706764	64.56346407709499	-104.04957386410739	-101.83407310613045	-54.713585665504674	-62.47295006167806
1.5833333333333333	-4.7660163219958545	4.986653459074384	6.1057584863636984	1.6902869908554792	27.77422370775797	8.734005692488395	-0.20066583666445853	1.3585194472656699	48.37050654237773	37.088811570654755	4.73017522766977	-0.7661075684533738	-80.75996468419766	-95.7652820553446	-74.91604084423008	-94.39201864484991	-13.484490734250064	77.4207572652647	-167.3030791148302	68.01232432730009	-103.54868036000458	-101.62968237547359	-54.52315687334014	-63.58723823272144
1.6	-5.196265722333216	4.997067974713746	5.533630043087337	0.3513392133762457	26.913836316102696	7.3248832469935365	0.11452557655152701	0.9184606103973999	47.79255512679501	38.81944757905818	4.048129007387148	-0.7605403202591684	-80.75303853839334	-95.80746352765827	-75.54589888813697	-95.42865506840839	-12.211574099875236	77.36081558188526	-167.8134825281952	71.43834789380757	-102.84962995354331	-102.0640084739963	-54.62572577665448	-63.31106886574342
1.6166666666666667	-5.512230745937604	4.9697878175093955	4.847139564828013	0.36284665186931875	26.466017043627033	7.039905727177633	-0.13733645896149646	0.6985019689503831	48.686909467906325	38.4095764876727	3.783021097619458	-0.758663509539906	-80.74148869875603	-95.86765170210573	-75.96923175339248	-95.49438285153434	-11.33818714120718	77.4617839541905	-167.57151183619183	70.71116671546082	-102.87492188283956	-102.33235944109072	-54.14429920223557	-62.830388851356204
1.6333333333333333	-5.5977927579411	5.4831008583230805	4.290011715250339	0.7416002602556455	26.031597009460747	6.913738361040737	0.05302324028704315	0.04090111955517506	48.85125537546418	45.827158168268525	3.682122526576284	-0.7583161197933834	-80.66861352768014	-96.09464584807344	-76.37202193547647	-95.42684424306984	-11.162533603659961	77.55240961747802	-167.68053233593255	70.19658253221397	-102.8212367576709	-104.50716406475729	-53.38111346299935	-58.11890972956928
1.65	-5.65392570970328	5.684562516994302	3.80513569093357	1.448068059303703	25.664800406395205	6.754666615112877	-0.4173597526558094	-0.6932516974967154	50.66419738693688	44.05169077063972	3.5380420501394956	-0.7599718839484358	-80.42199993868138	-96.48855589378584	-76.50591387058796	-94.99860901190459	-11.095966479778737	77.76120703091006	-168.27027098639746	68.87652055888967	-102.80467726571106	-103.43012916309523	-52.01706733274108	-58.789269546474976
1.6666666666666667	-6.0341876484754415	5.626494837508866	4.462308530442652	1.5001004650856475	25.99896220031924	6.4882669488231235	-0.7474650610625098	-2.4922413602009628	51.97148286552416	46.19068854583685	3.1923702036642654	-0.8072959698271442	-80.66106349556983	-96.6712504253237	-76.18592506933547	-95.1733263634834	-11.347888395427438	78.01729838520774	-167.2403149915968	68.85679020919349	-102.8289915465668	-104.57768671074011	-50.81922525053607	-57.812923175624356
1.6833333333333333	-5.494604494877452	5.468174692598417	5.689680311426422	0.9178541232780916	26.07084219546931	5.715995079946408	-1.3117661420999147	-0.9122544283343839	55.23673891190424	43.64145824567389	3.0714105664949405	-1.1088190893944758	-81.17925201149511	-96.75833487247088	-75.67448373583485	-95.8881659000764	-11.612053966963032	78.24858438966842	-167.5308052008408	69.01571646317115	-103.06201401201203	-103.53057381381028	-48.09832647545255	-58.175889382796626
1.7	-4.7901336995981625	5.477543042761436	6.612069877063653	1.266774242235646	26.239639104647416	5.760676292480688	-2.0540840119085844	-0.9646350736690545	59.14302504720017	42.84534725281594	3.02932544447214	-1.4336747285738394	-81.53767384473927	-97.01537414835872	-75.13919392809763	-95.65463305335416	-9.23291105244547	78.50521482727274	-167.55044153955347	68.21683910358587	-103.2593155143305	-102.40898424599138	-44.399530288891945	-58.991868019446805
1.7166666666666666	-4.586242940024568	5.444245090386962	7.526459427943944	1.2371859704355659	26.609399277216156	5.638581964333892	-3.176013341142933	-2.182567662369995	62.87828475688333	48.42502978734366	2.0079247072527457	-2.0978992071921234	-82.83597344260673	-97.10519752026583	-74.54356313974965	-96.03376151823757	-14.190230152428457	78.49129415890653	-167.63495949592286	67.53343327645055	-103.8383551907817	-102.89575843211234	-41.339369780992754	-57.07909869975874
1.7333333333333334	-4.259825107130409	5.591262318860563	11.195319767091384	0.3064860905819218	28.35357656324739	5.481275013344075	-3.5290570537520263	-1.9989560651041016	67.99692660945982	52.58498491191973	1.4674736855512007	-2.244516235516765	-84.2895724060966	-97.12260626980036	-73.28680147091072	-96.22447518756579	-20.467192002417868	78.66740916232862	-168.28326184223255	67.72003497608362	-104.40646201225613	-102.90376169362786	-36.699061170652506	-50.710239091500924
1.75	-3.9813919784267258	6.074598874266194	13.78034551771687	0.6759120776253442	30.13859028899278	5.489675924675652	-3.420726528805215	-1.377819204339901	74.34631200130785	49.965932123061044	1.0229511750577658	-1.7214530343393133	-85.24992388241046	-97.22085625256189	-71.18054837910844	-96.28269174328408	-15.256843129946471	78.39278936366053	-170.86942347979053	67.24722264152443	-105.07648376678745	-102.56776830501286	-31.008488333258132	-52.665437283721424
1.7666666666666666	-3.8399516950534736	6.186663655814832	15.44969120665125	0.8080700257098802	31.253136250346838	4.843050842289511	-3.2142995893630553	-1.2926901453595636	76.43714524185265	51.65319799505303	0.9236944112648291	-1.1964625473907577	-85.89501819430107	-97.29029768052479	-70.23296295637317	-96.34477108559805	-15.297711908364539	78.27082427924574	-170.80628726427787	67.09521438034433	-105.0892120997174	-102.79238517964072	-28.735766390086173	-51.33525623489455
1.7833333333333332	-2.043591671442487	6.0450258241726935	18.906064005037386	0.7473733170351384	32.48026780351274	4.688810208507898	-3.533465880663003	-1.2897984438450503	81.77487845677211	57.93365640176944	0.9436639586410295	-0.9373719306820397	-87.41664133532795	-97.5652751000111	-69.12685639268473	-96.84012074619154	-17.56470801566798	78.22094305698684	-169.93944694866374	67.09181378167214	-105.25075967577258	-102.81868019867706	-23.62851306057647	-44.63439773942187
1.8	-0.4799117663849467	6.271084676870838	21.430695393905772	0.6074217960524567	33.60168058471637	4.6335068869635165	-3.193710217845735	-2.9173655450447273	86.03897453085405	69.75748438328618	1.0900673070485345	-0.8349967436587041	-88.74054779472506	-97.69811376149094	-68.2265152767438	-97.16383383158694	-16.951595796028727	78.18236737644861	-171.81690977861481	67.06571802170944	-105.02948043196872	-104.72870396807406	-19.00894160484803	-35.73955078978355
1.8166666666666667	1.5973464867956086	6.738426595343182	22.491071171167903	0.5750316695955143	34.14799964178232	4.643555358927888	-3.034185189298044	-3.334980355858615	91.05204743692799	77.79913594322903	1.6508331595553147	-0.7975901587828634	-90.05329592469637	-97.77493022502348	-67.74721247622232	-97.25054862502657	-16.052851335329464	78.15653761915725	-171.60092932385427	67.1952417666284	-104.96316051818349	-105.27217511591114	-14.06417300604505	-27.813734913610702
1.8333333333333333	3.724260996146451	6.884851296343307	24.197211551934362	0.09074140570471156	34.84430623281666	4.066835006873398	-1.1458765497723604	-2.5280602706060833	95.36942500779179	87.74965640404469	2.1790683781132336	-0.7987511981421512	-91.4272114037731	-97.77686591420192	-67.04279123640123	-97.81487433278228	-14.426524442491289	78.14216952598855	-173.2523390229099	68.10333669292248	-103.11564170795133	-104.4335221939147	-6.9756536508162394	-16.342515510532984
1.8499999999999999	5.347518231494469	6.7344375778466015	25.384317042266357	-0.9297020731972776	34.95428210642586	3.457064909922979	2.680826830018167	-0.6768293546654875	98.83613774500846	90.01998792909362	2.544931159036604	-1.0912798003011206	-92.76173003817429	-97.54775856948477	-66.9199930058104	-98.41599665368118	-12.610733681153727	78.14474121498515	-172.58472219839518	70.89092672730422	-99.21734308682595	-102.58216633734925	-1.3607964559637693	-11.693172341992472
1.8666666666666667	6.516342149150917	7.79601169768935	26.10241245551292	-0.4694688643640554	34.88471102805897	3.4739924577291874	3.799105939697305	-1.0308457634007369	102.26778281022155	93.66520297707395	2.977002728909531	-0.9382669445878503	-93.43090212721316	-97.9207471480199	-66.98141124503108	-98.38043812491355	-10.953102711146029	78.17965054686854	-172.40891069884597	69.89965601529451	-98.07699398247495	-102.90674656991864	4.161536864926405	-9.711635496107526
1.8833333333333333	7.456984219236009	8.183398086016624	26.27319980368585	-0.304812772730557	33.947268706651315	3.019545108049099	4.987424540566741	0.22054684983116027	104.72945632870187	98.74558886090196	3.311307220911053	-0.8609023454574025	-93.87671022326342	-98.13374792159853	-67.46232547099564	-98.36106671218633	-9.375058075257613	78.446330295613	-173.57224412679605	69.67252297529276	-96.34363483830712	-101.17436689100718	8.446490558275682	-2.061706166434786
1.9	7.655847736771735	8.58305163875028	25.68020173481687	0.44726684973701375	33.20036986952625	3.1755962497263095	6.594147453504004	2.93276033242164	106.20440564074505	100.56433819453092	3.3224926071301906	-0.8152426963642166	-94.10869616832352	-99.09118434182739	-68.13869529952194	-98.10009559323345	-7.8244567866679	78.66935992140087	-174.18840007158028	69.8207656973718	-94.63671528857328	-98.34769215687605	11.43041857526854	2.4189679683965926
1.9166666666666667	7.617843390038161	9.417618466856462	25.658313630686802	2.0599450224303695	32.42076459479825	3.0406576035800112	7.802428084233641	6.306768645177479	109.92206422408461	105.60501770354614	2.782505608597882	-0.7937638963976745	-94.64755992368515	-100.10280740735335	-68.76729719792604	-97.80654598439777	-6.281880313237592	79.13512495701981	-174.5305582962968	69.99748498576712	-92.89773487832863	-94.56978006032408	16.673805914232723	11.059744163797445
1.9333333333333333	6.791901532905612	10.634599233064142	24.813569908303485	3.3905384477329488	31.00485002766135	2.6192744622641593	8.828723512118087	11.263193685707073	114.05056204202549	111.92055918927981	2.2652295962851103	-0.7977686861987174	-94.6575605308197	-101.34462596561684	-69.41366728699475	-97.78377696359345	-4.738039901086723	79.56319553760513	-176.9533442457186	70.7149102965275	-91.52469135237622	-89.61177569936783	22.32320242180214	22.097788992127175
1.95	5.710910144407843	12.971783200222706	23.15347414436125	4.521523200887025	28.855620830531016	1.9630837718082117	12.521514281794156	16.361450947661808	114.74726253735287	117.89596042937886	1.7033347102228866	-0.9675912841543884	-94.61364040450337	-103.11023566034328	-71.1846656703528	-98.26549191044361	-3.1843525020152037	79.77848059295137	-177.13145678593705	71.97400169446495	-87.71642243688018	-83.65770930666508	27.567115524452873	33.83473088369543
1.9666666666666666	5.345654127922394	13.406241576860168	21.773663385906033	6.184793761186397	26.606058029961098	0.769030919882417	13.129963909813723	17.753537025437865	114.45027271349383	120.17363485706363	2.059547761516574	-1.402967124042541	-94.14186510130108	-105.16386568802781	-72.66075367679	-98.60215074351703	-1.6121043921290186	80.62415397634487	-177.27890805336511	72.6390482471569	-86.19359624730492	-80.70962025540382	28.376863963093957	38.70839927811571
1.9833333333333334	5.473250692993012	14.7463771792734	19.959450589921637	7.583499205843148	23.60986038950535	-1.2502516440030373	14.659120944519511	18.00132463640075	114.34038296693984	127.60360864603778	2.2084652018356725	-2.3324859555219866	-93.37394778871939	-107.75891057154149	-74.6535714633663	-99.53181514256853	-0.04551594709953197	81.65143182249679	-177.32897967886294	72.78212275223837	-83.6388773314435	-80.30777046966658	30.691332909839293	47.546149672186914
2.0	4.748703718273633	17.24353074055124	16.030322028291398	11.547174797279865	20.723223015800755	-1.0916388372497392	16.5972844285723	17.248923263138646	114.46133325465703	124.51889756429205	2.292732160469431	-2.8131147370430045	-92.46117296199108	-111.1418754795586	-76.67325719416122	-98.84624605376042	1.2891899449575646	82.5133334362254	-177.33891027949105	73.31679591047224	-80.90742098159504	-80.53775731125802	32.970010308868396	44.45116284196106
2.0166666666666666	4.418264479686663	15.769095950262958	14.815084243406709	16.526066420789792	19.48055200340595	-0.10460970978194728	19.23484125794608	15.757446072300962	115.87314370821903	127.49322204755047	2.4093166735431324	-7.361687952725139	-91.98691564823034	-114.91377177384948	-77.20513726853353	-97.72843399328862	1.732103450309262	83.26654945952842	-177.36104233095406	73.40632153954473	-77.52665718728095	-81.36782856007358	38.42083583275505	46.73389974445712
2.033333333333333	4.3607097688566006	12.776692026327837	14.459043759943363	25.171167821441394	19.08294720731271	2.593286735398749	22.06738372207098	14.488230599293507	115.92657418728197	129.12911541594687	2.680423519285522	-18.041629623707493	-91.63708180143212	-117.6756419510568	-77.34739574089168	-92.57125214600055	0.1765860955857422	83.65709938074441	-177.44695903882297	73.90532254739077	-74.34721777840089	-81.74596551759113	41.100229280963795	47.656880795879474
2.05	3.9198947410114116	8.275226935861337	12.723145121187727	38.00020536466021	17.627792163738143	11.054191305687073	23.233602412318447	12.669956551208394	117.13394322337983	134.20974921833223	2.8066611840619022	-25.080734662350263	-91.11043730941475	-122.29126561953802	-78.30948139884121	-84.60948620751286	-1.6333331290235578	84.16773400126073	-177.64754969964432	74.69152424061501	-72.59131826756555	-82.42624975742471	45.049497976247224	51.92214128273705
2.0666666666666664	3.748027170363118	3.50996444502085	10.699579007813927	48.51318370698364	15.43865704866544	17.289803860549362	23.246536989078383	11.934931732358617	117.20952899996638	134.92077912206113	3.23338462704235	-35.41433246591786	-90.72984953731093	-125.9528799333679	-79.70832470376526	-77.72360814828495	-1.8274970786958955	84.88155597959175	-178.4390002630722	74.5795727988245	-71.89239523610705	-83.29359895836738	46.074358485873375	51.45319925128251
2.0833333333333335	3.662526206376725	-5.5978706901898185	8.573931778106335	55.35569252286461	13.857206865949516	20.892661402551525	23.830772745571068	11.4841948952329	117.41516631574385	136.60952455130854	3.5075321425117836	-44.97124000266184	-90.32412877440443	-128.97221897157132	-81.06891012509986	-73.89094553822083	-1.7676777398538306	85.16225703730433	-178.16684458473188	74.311521558506	-71.08400681334751	-83.46058988340485	46.52057129786537	52.91313110326389
2.1	3.477939418349367	-9.412855753045447	7.807202896572694	59.97262580686161	13.241743946973367	25.244024125011563	24.565712222046606	11.292438157765496	117.5240165533198	139.74178580340111	3.871987107729024	-49.59798829763493	-89.85182476581912	-129.21605903527401	-81.82516339772344	-69.528915449868	-1.6648895781836797	85.25403442528942	-179.55417122047967	74.36052617518726	-70.28444122577046	-83.5622331803236	47.245109514408014	56.073869108994
2.1166666666666667	2.7906300762737404	1.9383338918695752	6.078719550689524	65.88524553851454	11.434995102361524	30.678340737726735	24.722893788612083	10.718024202820244	117.64199545926675	141.3919342703487	3.622454495891174	-38.20052490834533	-89.21121060122996	-129.38723554159813	-83.12031183363206	-63.8257678247476	-1.5538130013660483	85.44750695913935	-180.74206983959456	74.37767142798407	-70.15461171788004	-84.44789617650616	47.36373694647314	58.42859187142894
2.1333333333333333	2.0270011445298968	10.091371753762802	5.512083091714996	70.85893945156884	11.11637175655883	35.38776168378822	25.632706435573834	10.871586364116474	117.28295880053209	139.4357497513959	3.4992515100481234	-49.07954947612561	-88.83337107230575	-130.16400627806266	-83.33210497261555	-59.1544264623924	-1.4351718478258257	85.49697453232842	-180.7778742087273	74.40429002585088	-69.21752230925213	-84.00783184481406	47.6532550355646	58.3435357308085
2.15	2.693829686425988	-23.18523308201336	5.444278480268806	67.4318241005164	10.633914469013284	38.37715862472108	26.32662695188667	12.4012801403692	115.43073895192914	139.3041869848178	3.912680749225786	-55.28114058646659	-88.99939681979947	-123.67491186711122	-83.58058592433838	-55.94231353565858	-1.2426541139981042	85.67595826331353	-180.3966462276363	73.79164416395784	-67.53907824110175	-81.7089052269628	47.3215026140323	57.85702104210345
2.1666666666666665	2.3765697496308906	-24.701889885478728	5.485655042487812	71.16161449103546	10.49239104760036	42.74917723016268	26.566906040556184	13.44159825470796	115.42824417930105	139.340693161137	3.7389217837391815	-58.22321745134445	-89.08334382909975	-122.75634128981277	-83.60840081657875	-51.547073784102544	-0.09178447449011737	85.79747464757651	-180.89994898788905	73.89963946296704	-67.29508950903036	-80.56806783730543	47.70756648442715	58.91966947359452
2.183333333333333	2.7340453212357563	-21.191497143240234	5.760848374016345	71.46660068063616	10.291669529126516	46.02552527411845	27.192355863271487	12.972462522643024	114.66575845692196	139.52214340266266	3.674938396538822	-49.5133462554122	-89.30860707441556	-119.9240959499471	-83.60299456818707	-47.7535951521298	1.2569241424451931	86.16212727201506	-181.10086547153603	73.70686303987785	-66.51949285879792	-80.88097696001773	48.06984048122467	58.580154173030586
2.2	2.785877566047702	-22.542326515063635	5.440210151052932	71.54804001896268	10.341537116101067	52.19820043677723	27.238913784915994	12.507696561595633	114.18132810475392	140.6054588505118	3.6565629697990905	-47.803731037036876	-89.20412792866472	-116.81846281013014	-83.57237199390168	-41.53399303444115	2.458948391568713	86.27476437635887	-181.6141125584943	73.53391911183161	-66.27722799291297	-81.35121075916688	47.824200117415884	59.076036414964136
2.216666666666667	3.1041474278584813	-22.662727850661113	6.65925580224009	72.58822175195316	10.624829853074079	56.619297679710655	27.24678676207754	12.299732684082343	114.37284346085465	141.704843481926	3.622916210097912	-42.75586829158233	-89.60044894699872	-110.13194373678017	-83.01126968566234	-36.878635171158635	3.4915593915070025	86.41429965289035	-180.85280708645848	72.95743018073183	-66.28699429016271	-81.25776188272542	48.15798416999918	60.16726332179146
2.2333333333333334	3.488473302046205	-21.775167249605502	7.402197206630232	72.20764084683206	11.0017474679342	60.660537459055895	27.26721101247553	12.984329022670405	113.8865812312348	140.50318912834402	3.434890799641903	-34.82288863699794	-89.88925287837745	-105.55399279706191	-82.65706350035482	-33.14354449836501	3.7589870601610116	86.31609959102799	-180.21835518682167	71.54630469115233	-66.42067996771	-78.87750014541447	47.331118588204475	58.48018595577665
2.25	3.3795217594009284	-21.91930915707001	8.181940212934434	71.2191118380208	11.123819098341011	64.78041984281055	27.403823670813058	13.359894712936464	113.63473932135935	140.5021102241332	2.7766759630612365	-31.678089997798278	-90.37991999884348	-99.7467751292049	-82.32506741556855	-28.473176607535816	6.408456262460896	86.56911371766068	-180.4234952446535	71.21306466628255	-65.9166471023639	-79.65017727410182	47.66675511701105	60.60007119214731
2.2666666666666666	3.9497763766236873	-22.412184901767077	8.971056121176067	71.93055567954084	11.685318009490949	70.52449874972022	28.375044821674333	13.366227131741693	112.95097092586778	141.2078208315572	2.562221864594603	-29.547879026034803	-91.17491853602579	-95.23990419424187	-82.18235314581406	-23.32601721761858	7.976779375667537	86.30942600346563	-179.42378296549037	71.02503476830942	-65.36193266877886	-80.3356716925884	47.274704599335124	60.76604638496382
2.283333333333333	3.677619324599755	-18.093151045601495	9.484788569181456	72.03420752173733	11.515077074821516	75.35808809411128	28.962248026506415	13.759808623206407	112.7583331308741	140.1083660745836	1.734294794106587	-18.16693775128419	-91.70698558071749	-90.177359492599	-82.2674963628993	-18.259635770921086	10.035141091571287	86.45526562332407	-179.17176500041728	70.65623957617105	-64.61562079363982	-79.77200203725786	48.04849377711068	60.2509978681275
2.3	3.4213040393353467	-15.32656944855639	9.62420394007976	73.38644907566106	10.142185121984076	80.73940278239591	28.324439483498907	13.924467844611408	112.6292305370368	141.80914112497663	1.3646686849331127	-9.022191447812586	-91.92463746644015	-85.5207981605322	-82.78624428640514	-12.28489435606535	12.592490074694394	86.88936101282552	-179.13339760516612	69.71837521060583	-64.75598956422945	-79.13348802987561	48.00864361743508	62.710574512978226
2.3166666666666664	3.8750808318692127	-17.562798558257985	9.837094553787109	74.54225144755527	9.995864488689568	85.17627893691532	28.061450604365596	13.981548820020194	111.3766487937043	143.180228930866	1.566260200476996	-6.447421836725368	-92.49136696576946	-81.63981230608336	-82.73630530378784	-7.5508896773273	14.568474822742575	87.16073315215884	-179.1941321747005	70.28680523231299	-64.72734610643748	-78.79921240686754	46.10386805154338	64.36218745517114
2.3333333333333335	4.245145825660542	-17.31464279081177	9.941607165261809	76.32720989977223	9.819346891827117	91.28906920595976	29.04263373821712	13.907122466929025	111.3954415862152	145.24393028042454	1.69493845235468	-4.752458596137542	-92.6884058136595	-76.73862349112224	-82.82592145454542	-1.7593103614600307	16.245551956130516	87.10248187920554	-179.54890823321503	71.04122239727737	-64.01229076835217	-79.07342056364655	47.33049673158937	66.20130601079232
2.35	5.09441240963325	-18.63138981280041	9.851803164241792	79.84871601554862	8.676456074345271	98.99719739369553	26.50961283455605	14.129032738057	111.6376477881107	144.25424011378465	1.8922982916350175	-1.9170201970337306	-93.04122726300169	-72.58344648374079	-83.2393976651436	6.640038294611474	15.766353764542853	87.54331305903034	-181.10915356583533	71.81303384746384	-66.71382074084725	-78.28794034728406	45.21145515235354	65.96627162527689
2.3666666666666667	5.642249066767825	-18.69584884134424	10.012555119014392	80.9554457066299	8.331507082897035	104.74133039366646	26.01611233041146	14.172127316397265	111.48007855937246	145.2642208939367	1.7313171313074263	2.6260332009630676	-93.41758079349171	-68.60946059698425	-83.41063003984695	12.398564689386111	16.91790372941	87.73582350102805	-181.5083241992619	72.65719498888308	-66.97085875501206	-78.21512802942564	45.54761866137135	66.81584013383511
2.3833333333333333	6.032844930324559	-19.99944839374325	9.956025008976157	84.04323742080813	7.609571068546392	111.12928454093083	25.89452528103574	13.908103028141184	111.48850994933238	149.38944501016238	1.6579380639504813	4.462549685543593	-93.82132787413863	-65.39931499172563	-83.89444781928665	19.194376997539063	20.216394523936813	88.25834721671427	-181.42953920167054	73.0984874413957	-66.06708230262369	-78.95471982511947	45.59762553787701	70.02791325856366
2.4	6.164750986974596	-21.164125923106347	10.106121063799419	87.0140664392435	6.765059306059072	119.91319273127989	24.33693538959941	13.737632532583408	111.92070370953476	150.58064954802268	1.5987754372643748	5.888570438178879	-94.48340962516423	-62.46774223153527	-84.32308427422743	26.47474033752906	20.68989108672997	88.79327297571854	-180.84976947271744	73.05768782513167	-66.95082000971402	-77.80661821178454	45.26144785365693	72.93332149931794
2.4166666666666665	6.261084713871675	-17.963128317373354	10.013323511896973	90.54854220470827	6.274475691808545	122.37479774014446	24.75215041702636	13.735567426562922	111.86984746867566	150.77500350624982	1.5794222253573025	13.698229922508485	-94.65807126862813	-59.8782691259494	-84.65974371867229	31.673625271154307	20.66346665036212	89.06766005502283	-180.14282471785805	73.51075048924099	-66.26672317829951	-77.41913301871864	45.52288728237738	73.39897620042936
2.433333333333333	6.940570168303588	-17.360865285562458	10.471740150870927	96.82275742159122	5.465911826954208	128.60720783690144	23.675562530819143	13.867766975300475	112.17408077782943	150.8963537428103	1.5591192425344325	14.841545952483454	-95.40811991134281	-58.529364535381205	-84.74616988949006	38.46925414921301	20.124460073678808	89.86165616556096	-179.30400140501595	73.28699102378211	-66.65827883571212	-76.43560211235294	45.23656759943401	74.80520667056287
2.45	7.657577687235486	-15.889572953073689	11.46029540844911	99.67521145017184	5.207780944390847	131.4573818445215	23.11286623417477	15.323104244993083	112.31204238329371	150.01865940855055	1.5593270637680414	17.00545457909336	-96.11042126226717	-57.69580445424752	-84.46535787261084	41.90923399549652	20.220489682316956	90.54501465292364	-177.7353403854759	72.35370954866897	-66.61168798211463	-74.072148475689	45.15883148424351	76.57550778708914
2.466666666666667	8.487900395494998	-14.492046423699119	12.946351966921219	104.00191710825183	5.42502528816628	133.70930327923156	22.691173717766926	18.386028216554358	112.11745836644889	146.35973133086515	1.5648858830965975	16.896335815822553	-96.91326631558393	-58.90387259680884	-83.97872103972642	44.48665066925087	20.668890890281837	91.10502136931902	-176.23880575387923	71.22089355603151	-66.59604439755066	-70.648737703039	45.13714380365123	75.28544329595098
2.4833333333333334	9.547496801138477	-12.02726416117758	14.09896688272456	113.47420389259901	5.039558917797842	136.48078748369036	21.69873126293649	19.33771784683614	112.35559835125532	143.795254433578	1.5595928207223382	15.551436254221926	-97.98774901531357	-62.77274535826715	-83.89571747216647	47.60036706361596	21.717194985144616	91.77516700575961	-175.95305956370615	70.48549149152714	-66.57187836226028	-69.45208301395628	45.16910016936042	72.59584474322553
2.5	10.162000158996221	-14.629891879155405	14.2635425681289	117.75563674556514	3.8101312554387676	138.8765488263981	21.801461312974943	17.997990377143186	112.47467816495212	140.03101930770828	1.5548039146111146	7.961385612161272	-98.57454741065436	-66.16387001832244	-84.17012885382618	50.93458434511568	22.876743298061154	92.23617831347292	-175.87010716463365	70.53107332754026	-66.19792593620589	-70.1301579522075	46.227274452132654	69.66638106835083
2.5166666666666666	11.208719210488495	-14.738343309954356	16.46938623530486	122.2135706685945	4.248818586821855	138.34451457813606	19.924316484143418	18.22099971983497	112.53827474255449	136.18897192007165	1.5412581988488105	4.621993390375732	-99.58989046788199	-70.27146478801365	-83.68193835484149	51.08195510292905	23.485657997768158	92.73836037656622	-175.67164178644603	70.51179259817405	-66.80793974402526	-69.20099624824194	46.10825384749275	67.70266975230666
2.533333333333333	11.987597945025213	-11.821058266688418	17.41835656816948	129.1200691823607	4.168111266610145	138.64291854035238	20.44496794422417	15.921738041674406	112.61677437033505	137.59174727700352	1.4767806682763922	2.0690152083308067	-100.46147242351887	-74.25828330206188	-83.35494393962742	51.371058836797665	24.112663260494255	93.02052079896882	-174.6284605173247	70.57492778085336	-66.71907346572226	-72.61138425426016	46.076509918820626	65.38357108884311
2.55	12.31116685735268	-37.53155403136934	17.52879838065254	135.241083302833	2.3777999888914008	138.88240962008052	18.848335901679036	11.274356689889283	112.87251799393185	144.9447467279024	1.0932055861953902	-26.72015743873662	-101.3660146290049	-81.70511682377936	-83.50910436300079	51.00617220993571	23.298447526482562	93.90920327589123	-175.56166216182584	70.87671548421466	-66.99579108538337	-73.82703783312674	46.06817377991374	70.39588153805634
2.5666666666666664	12.960826240801568	-68.20996649307573	19.567667539273025	138.3923331493086	3.022216580186339	136.16142163650932	19.219529101204895	13.960527998103322	112.6506230522126	147.67591616474235	0.9279922710689859	-66.76782395933016	-102.17401148875605	-87.7498668387578	-82.89813190009176	50.47803352580564	22.299153429388806	94.33827818893567	-175.16333805752086	70.71312825474368	-66.66316702195853	-71.05122238224685	46.09740655421735	76.82446124617069
2.5833333333333335	13.011753022509376	-71.69697195907668	19.693852960722026	142.45701865850222	2.5385812964719383	133.1784819119056	18.16188429401207	17.81811232317538	113.19685216683925	155.45625199904	0.861810758828097	-76.5979913588533	-102.66228506101525	-94.85375098868774	-82.89657503488877	47.781882063698816	23.415021221078856	94.48936869206666	-175.11450526196808	70.96532851035921	-66.96539864262928	-66.94422622140046	46.10082543991309	88.75684859554751
2.6	14.765999023788863	-68.75136756849275	21.868836704500268	142.8153716585433	3.969648242461547	128.24017609869063	17.435820194878836	20.33398935097085	114.06182842838794	162.23502515013777	0.8342477133815754	-79.78173273496532	-103.78054048866339	-101.68307761835254	-82.04581339133082	42.12118561639582	21.18023975801508	93.85167284772663	-175.0500356397648	70.99754386678481	-68.25011931532161	-65.34961293555178	45.81145477920447	97.17540405780373
2.6166666666666667	16.996003333228682	-64.18167716338904	25.584175034518776	137.66566041075214	7.567455738723528	120.05435075898922	18.25552925064962	20.30161896594482	113.74241534924326	161.06483504690308	0.8319469495355002	-82.32416876169077	-104.86083102919349	-111.25301564374524	-79.42861321646262	31.690433268030873	20.45218298460765	92.63417509128989	-173.7938155921348	71.06390819799438	-69.16586001863399	-63.72005835445315	44.91675717267492	96.97827411532163
2.6333333333333333	18.152524217609383	-61.787750852879036	30.009407318804872	133.43535429733146	10.055513330358922	108.2017737414542	16.43816667087726	20.2778000235403	114.78958179409845	168.81116790409254	0.8277840181561292	-85.46321736635765	-107.26803294733257	-114.15314293123484	-77.36158103075067	20.783793656402384	20.551086588032017	92.42679403601032	-173.04996310990023	71.35066966189812	-71.09277324370021	-66.79222150670043	44.0456950230034	100.57262416519598
2.65	20.351350683699874	-52.25191206211334	33.66826920410473	127.27151064454745	13.186360501843899	96.6554544778065	15.47159520342256	19.804229956246427	115.79598068720583	172.00507279059144	0.8333054384487693	-80.63441335379808	-108.59438863051606	-118.87683022848765	-74.9572792835594	8.466483201847344	20.113434389941954	92.05795644398687	-172.8103389767635	71.71229185585884	-72.68846482309092	-68.1607929509597	43.34577754790751	103.30265888798347
2.6666666666666665	20.97539968964648	-42.3018934945118	36.85306891789315	120.42658230315496	15.498948223313528	87.10874457030171	12.83892609257253	22.934132654561438	117.88137551525939	172.373151753231	0.8256920232993191	-67.7804665959736	-109.92294324952191	-120.84928026933551	-73.0169633067849	-1.4553687168032685	19.074741220186105	91.83505902016734	-172.14998619497314	71.58142532631888	-75.7109913863496	-65.6339915064877	42.441232992971194	106.34699452691227
2.683333333333333	22.03466220399559	-33.680739102543214	40.46443508143974	118.18425349695148	17.649186157708073	82.49031611701086	10.224745521870572	25.090276401497956	119.1857865148999	175.05652143244492	0.8085131409866383	-65.01646620907859	-111.40208367093182	-122.09958658437682	-70.91088765340106	-6.075706613456038	16.73151496242946	91.60748478508324	-171.66783057587244	72.12151593013996	-78.37758483697097	-63.54342063306671	41.05898543474232	112.25535062523791
2.7	22.1444620499547	-35.231731616205295	42.9710495732979	108.63626314188045	18.51839372413616	71.81286954124549	6.805909011539112	25.90181062606522	120.0249158372604	173.38541345288715	0.7079365753390107	-69.2142202680161	-112.56772125818665	-123.94458932075308	-69.55527301891173	-16.207978477214958	17.793307691704552	91.47720356132628	-171.26307231723064	72.41064466880462	-81.25842466323587	-62.223905279691564	39.02626897395933	119.13783853222425
2.716666666666667	22.755368581843495	-36.84671665992143	45.12932341599321	103.2343882913045	20.62311549603437	66.50254825028804	2.2314505786345826	27.769784804597826	119.45746437846789	180.02103845106345	-0.16479720537457995	-72.05137106363696	-113.19907075255105	-124.90300539013204	-67.94986601682005	-22.066917184765877	16.72208130631276	91.40253193593328	-171.04223266392643	73.33003412317245	-86.34293765438366	-60.83696915573802	33.27766254405522	113.01600396040878
2.7333333333333334	24.60232200328147	-34.32887541346828	47.179407408435694	99.4238075742199	21.77806621755065	62.47771637344817	-4.45313290389025	29.66067086631446	118.89268027809585	172.18911592394576	-0.43230818056243614	-69.32908216033897	-114.23795495290668	-125.18051081515455	-66.82974326106357	-26.086253598369833	13.874042603053988	91.35124742726818	-170.48541368650461	74.70832107211844	-93.08475001400254	-59.020668867358026	25.849000307834853	113.01994622583175
2.75	24.605977850499674	-34.40380526783923	50.08373381173244	94.06487688678146	23.663792312680247	58.19112210615222	-9.931656253600758	31.701963031744626	119.62514685004773	169.40994337487024	-0.5094359438509705	-68.78038300605654	-115.42289056359493	-124.15934628074226	-64.9696948494319	-30.37005001301299	13.049610446598507	91.31334728678641	-169.86480598940062	74.7640683227994	-98.53860961381064	-57.01573247557039	21.34418421037153	112.01448215482209
2.7666666666666666	25.83403256568176	-26.443804812451383	52.73927003894878	90.31060524210046	24.950566693774544	55.44160964372132	-17.996954396020286	32.43324285109715	119.3326767541539	170.50732025986366	-0.533374635469284	-60.649962068396185	-116.83925559050505	-123.46176549683317	-63.61954747938776	-33.278496129382894	12.158148851776788	91.26797208098806	-169.6019725433363	74.51892023955352	-106.56676879291231	-56.31098785284738	12.870318318951377	113.05731998587574
2.783333333333333	26.617976864256633	-15.68652760996086	55.982169400643514	88.11528802592913	27.908098562203	55.11484973149759	-25.21591394349213	31.974543230003924	117.65422654647416	180.53346004357726	-0.5574242281924368	-49.889973474890986	-117.41435194177107	-122.32620051749599	-61.1398799415716	-34.21758998157607	10.202480960403337	90.90539280002403	-169.08672048359082	75.4504072719022	-114.28920886599408	-57.72184364697189	2.164730469640103	125.7042509525073
2.8	26.91817732731273	-10.7930161903781	57.636356789073034	85.82328349470963	29.640583222990507	55.485207856142374	-31.610385469167372	34.26876409186079	113.3756457100712	181.12420049756102	-0.5894795836525378	-41.41127848949795	-117.6010110060862	-120.01629183665254	-59.35472441504418	-34.12307570608745	9.735884618734948	90.52119875132996	-168.7583913039422	76.94179946498691	-121.08308290135083	-55.38957232454297	-8.509007781875647	126.18417093953687
2.8166666666666664	26.25659077060188	-7.898291594281272	59.165513210230664	80.07957886192881	31.915452396553594	55.57986210314597	-33.881652829472955	30.135587552261676	105.62669561802191	181.3122790805186	-1.1131353628694631	-33.28479636067214	-117.70294770384871	-115.59906573255569	-56.55146550860589	-34.26275691344088	8.197099903887574	89.82729796488199	-169.13136655459925	77.1557097428996	-123.87049566426408	-59.70197353820202	-18.61856480054366	127.62865428985822
2.8333333333333335	26.173705143308915	-6.669624736691729	62.727440532623206	74.8641178722765	37.28719601939942	58.404675726225626	-37.34182275804736	34.51942047139041	99.14070202640474	185.1146737613932	-2.761038455588759	-27.114694575488546	-118.18716538177324	-112.58185508282823	-55.55713122401628	-34.41257197074823	8.486274078123419	87.48712277663856	-169.07482553784487	77.14997151816335	-130.00387230357236	-58.146407341311786	-31.103436625119702	127.52785604495487
2.85	26.16320835664554	-1.8392385144162462	66.38214739313942	70.25301936546772	42.15192539547036	59.9306437039821	-38.7085827935674	41.473766501504635	92.56846621685264	175.52911510399682	-3.0591590667424358	-16.976734394576614	-118.60095589894411	-105.20946428816924	-53.19079602392142	-34.25291777718693	10.37625119721971	85.9337391416481	-169.05611114828335	77.03384229030014	-132.55137621763674	-52.7471571717913	-40.07193605141294	122.09579393463936
2.8666666666666667	26.16186472058809	0.20514165756104372	67.08094702571337	64.31119332584407	43.50316840361104	61.77294219724949	-41.44393702704419	59.12844516188426	81.94168051590005	173.58001537813095	-3.173544140700726	-7.6614162503387275	-119.28000575970624	-97.99074129647306	-52.60382040229349	-33.50534005991551	8.385821734332493	84.67272915598988	-168.16008501181523	76.7270962004774	-137.1030804682217	-36.24167787303444	-55.37547045102	136.9285190653981
2.8833333333333333	26.16388725356268	2.1821672831050445	68.35681926540431	55.76832102556142	45.94612101572773	62.929930362468525	-40.155545734586696	68.3770446359804	59.966658937139236	168.6446963057648	-3.194230229291563	3.073198164435836	-119.35362089196994	-89.61560073990073	-51.2245220824283	-33.8111181537046	6.122630826819344	83.01681091718292	-167.992399016694	76.77833570106466	-137.89376340295027	-28.402134713513956	-78.23109507520181	139.0541671212254
2.9	26.218913730372023	-0.09491821656488217	69.87972961930471	46.954475777931286	49.80570905203916	64.72154300558748	-33.386085525418046	77.64786921184096	38.12609195951304	164.84527927884113	-3.149400108647721	8.81853963709422	-119.35430899299831	-81.32269973894739	-49.6410122927046	-34.47265907624958	5.741313583610714	80.24286816288938	-163.8309119645971	76.88816494324126	-132.8694485470221	-21.717247409966195	-94.7269584048862	142.6110241367848
2.9166666666666665	26.088801405030676	1.091904404242234	71.7542748974101	37.42840633823374	53.524284889232874	65.63205586708213	-26.310976453021777	86.88034293392747	11.92569939775111	161.77560955956966	-3.257228710192919	20.46171100766438	-119.3053336507902	-72.34309024197674	-47.62565617613547	-35.35672819963183	5.118454103105037	77.8054242431877	-161.32273323091923	76.46320504490967	-127.00307510377189	-14.311623984009975	-114.80096909638347	147.0271528648745
2.933333333333333	24.721194375515534	4.593972413500836	72.44048276626232	25.258018604114984	56.026480777764576	64.43127085276424	-26.0384837732928	92.98495418374831	2.5269021710854678	162.6462706605242	-4.823151184756178	31.510243714936337	-119.15616255074505	-61.91930012866357	-46.73339017627861	-38.369124537100106	5.19853582193268	76.78613084695726	-157.7906360115842	75.8080470160345	-128.6570262870756	-10.1164711375204	-126.1713465943421	152.2882732685577
2.95	25.735443131310625	4.818151895739951	71.88474752581058	10.854544454651926	57.62323374398296	62.018323861390414	-26.700757019839497	103.2363280774153	-1.925914089139855	161.16520669690385	-3.380018198884851	40.80757370687545	-118.78596665857903	-53.50429582986702	-46.838650869691726	-42.601902346458736	5.366125739584681	75.30034142387657	-158.25753104009493	75.39511202738609	-131.06184300466487	-3.2911537099145347	-133.11661884054766	156.96291371991072
2.966666666666667	24.68490247197485	0.718701061173121	70.8363002159624	-3.6800534701879757	58.91789157621156	59.6923660352987	-30.696547063470305	106.34123323672155	0.34991562553733174	164.89669148284085	-4.523290348220328	44.15688644461675	-118.50582802328856	-46.08726930300141	-47.633067675895376	-47.01431706073353	5.341549918162519	73.44636040160718	-158.25760464131397	75.07360307185759	-137.37178411664084	2.35385092270961	-137.21344679978375	164.62446848427044
2.9833333333333334	22.58832202940078	3.918730690409156	70.79420167716066	-8.141153790648406	59.74743936199071	59.1461453528987	-34.38367563320375	112.98613869427115	1.2445630955403992	169.67751868359056	-5.9115997362295065	53.863438827366416	-118.1931877085994	-40.174675714125044	-47.2427709508988	-47.874543806941844	4.871165842960264	73.02941575886501	-157.7990114402921	73.96888619650792	-141.39532877174645	6.2197682740718845	-140.25860270816244	177.22801522038935
3.0	22.746876212939327	3.3886784094029547	70.63263445383724	-13.926883736929474	58.9959292042936	58.27533378928811	-37.728973319068025	117.42643237269631	2.0158251425216496	172.0117402041891	-6.058487819612917	58.379415465969565	-118.79722727237765	-35.0888416905483	-48.160502425392366	-48.96058540544504	4.80136446039352	72.78526200838282	-158.6249857053058	73.17505619500253	-144.9462046652905	10.336736073603575	-143.01343396553486	183.22249073445798
3.0166666666666666	22.561996865773825	1.0043082911523973	69.71093233083718	-13.705262341708824	57.91100832381856	58.61431992513736	-40.15780339863653	122.899864845508	2.3255894852708923	171.96416946589835	-6.843766066353318	55.612750801109115	-119.38691632019328	-35.261299425516974	-49.641687614132024	-49.068526894077735	4.782701870529481	72.36763661904202	-158.72933444922052	72.61582311530572	-147.8497347632862	15.302547250244855	-145.58913447512302	189.2940881256214
3.033333333333333	22.779073683331678	0.1905708053820478	69.34258177560486	-11.069290129142722	56.782516328031015	57.138957195361705	-41.87910148620541	129.75293081203284	1.4146864879821741	170.15801059783448	-7.122822085944525	50.931150019041034	-119.98618277726845	-38.96710534838003	-50.511379677043514	-50.313221677731605	4.747398112203045	72.66746910785272	-158.91678887447853	71.03459399001231	-149.2275346192813	22.370531365659886	-147.85294574328748	191.98547073887985
3.05	23.143156475752416	7.099903680082467	66.68983006117772	-2.3355060382494095	52.474435982059425	55.97403331577462	-45.17597040086744	130.56273796564847	2.548965243911384	169.84174152633824	-7.172208531250179	50.032231504663365	-120.56520259196812	-47.18628817493334	-52.89095444685384	-50.39282416253272	5.354471678347575	73.77035127789827	-156.50443060353257	71.26919459958195	-151.43588073997202	24.406109137303968	-148.9283651697209	193.68690962129614
3.0666666666666664	23.17729246707586	18.3363336239928	63.136828131857214	6.178695956275758	49.316934672776554	51.07580880258351	-46.97381961694877	140.74756069969396	-0.16580882644294362	156.06124438857427	-7.243681461825587	52.15337094304737	-120.57692613822748	-56.1195937533657	-58.68689711732494	-53.319843585354434	7.756942496413271	75.61489324342391	-155.93375569264637	71.67586754215665	-151.20732636786406	36.548581136790645	-151.38944217100203	190.75395199841896
3.0833333333333335	17.35430366445216	22.222758521819834	54.9416764694941	8.93885897889119	36.80397955198664	45.09068625248487	-48.41503012922122	142.44170117131887	-3.5766255440728805	146.46759306328946	-13.896270856231398	46.36957338634455	-120.8906691499811	-64.11311413274021	-65.23082454145248	-56.823690485793726	11.132765939249122	77.65006209794478	-153.88563944397544	71.08551664045075	-150.1630083927447	40.76054998646949	-153.72722420145985	185.43962184572692
3.1	10.085295092656365	21.22646835672595	48.74850472177106	7.411994963610608	27.962189229715136	34.46730458022109	-49.81430347182311	146.25702621690974	-8.853165418947487	132.956573019233	-20.543790102062996	40.38743933907448	-120.49015983989574	-70.32382516741554	-70.41452659796255	-64.08490793536426	9.36764705224175	80.99378292960441	-150.3698941243178	67.99392378493623	-148.37866464049426	47.895877523699326	-157.14758708058642	181.12699201118403
3.1166666666666667	-1.7093687098207981	-36.39104161980826	43.723677644746296	8.080840276634628	22.419746462073526	25.596909249241143	-47.68015742746731	157.45569863982948	-33.98066095627701	121.30327851899705	-29.876058857073154	-22.347212585302703	-119.04310491968884	-77.43047550328579	-73.72029582415165	-70.19650190231353	4.2585635406769855	84.05915996730364	-152.5562158020697	70.96441841623535	-144.08279848430536	61.29458548710957	-177.54901359414637	181.6156915018755
3.1333333333333333	-17.10964962363751	-43.69330504911332	32.963915984951484	17.59304099564926	13.537638716874003	31.239393048387218	-47.985419841269085	141.77094443683794	-93.20833451128442	114.53839314417498	-40.632177371257285	-34.298687506818744	-114.3170904704337	-81.9467422366648	-80.59638057053891	-63.32975812194095	-11.455793582924285	87.24181102154562	-155.72055592525834	73.38637519781429	-142.48348596685634	47.323664013205935	-234.02838153562166	169.8172669768081
3.15	-23.550551643561583	-24.287109018224896	31.58389276769348	13.674912262410556	7.124501778207834	21.748533841444758	-52.1938448714804	184.54226887427416	-120.92747490353439	64.05953371864238	-48.581098416126885	-16.1701687461204	-114.79852875992171	-81.98414247128872	-83.37537108842447	-68.91261360378502	-4.1740657123331415	89.35756812342791	-151.31249428865263	77.42529841940612	-143.05191045420017	93.8754682027074	-264.0130881695236	158.67419045658335
3.1666666666666665	-35.86439053929103	-28.79974662444575	31.109048113235954	12.255360405356026	1.570987594487823	22.06487830094017	-52.99500485166301	164.4645798788262	-123.50191433785376	49.68847163660973	-64.7357808550736	-19.732875639907974	-116.66291973139639	-79.75377647004404	-87.09604948810566	-67.35695222982032	-2.044886743558301	90.83873044222602	-233.6291362153604	85.7419606944948	-142.37294492972538	75.08284304227345	-264.5177460904228	127.11688893944924
3.183333333333333	-39.17051494877078	-2.588379023024896	32.851316065501756	-1.9854937762977047	-2.683303537315679	17.11009158502767	-58.50231127255848	87.65389321327332	-112.41301309309956	34.81545968855747	-77.78041241485293	16.377738346999728	-124.45560545521533	-75.02119725902655	-88.36988785569616	-70.2177065383761	-0.8834515638977288	92.7189325578231	-206.09751994943588	88.19187808449666	-146.09201865320955	1.5011542916652194	-254.6980166872333	214.73652626621984
3.2	-56.832141647537924	-27.196314288513	32.95176127710668	-7.954858955953955	-4.527455798490211	12.111230345969076	-60.13352454286761	49.13389949213669	-120.04143115141247	117.00743478204637	-89.82259112349905	-3.7272324646399673	-123.08555374938155	-67.17357048037542	-89.86239115412437	-74.21909345910026	1.1718160011568768	93.85600177776601	-195.81603885177228	93.83481780043263	-219.64156400090866	-36.73338407241964	-200.31703222480203	255.40031178531848
3.216666666666667	-59.375714890915184	-5.5323260774328284	33.559681971394355	-9.51572643061209	-8.25012752560421	5.847043933885219	-111.95619530056885	-28.11465678101638	-99.897521701012	142.10201059727575	-92.43260460531681	18.81420590611098	-124.0784181633448	-66.66721122915655	-90.49675344444901	-76.29783309032439	3.5684839530396517	97.75976258477117	-199.49626508539123	95.3928000316315	-311.3902132250529	-109.90147234526131	-210.6193141686062	214.58117000796452
3.2333333333333334	-70.19131108951646	-10.008383809408201	33.03964549320869	-7.778698985869953	-5.554629299066395	3.5550869503769276	-121.360262046247	-26.194665013546345	-165.50502810570447	150.1877053193014	-78.13738843245079	11.030859036667502	-121.466484972388	-69.49532945745582	-88.61078806829063	-78.7922755909867	4.686721881479482	98.20466478126804	-199.68773903926382	99.09016441707429	-382.28504593453994	-106.31028480651925	-190.3726326493399	223.4430119930356
3.25	-112.90120879074672	-16.024214419980574	-37.791684990205205	5.430558125066046	6.387872072647296	5.565019910805031	-117.36669052551026	21.998742690994842	-119.55015006947434	197.56195680035353	-77.12405566547422	-35.79540082743205	-55.65667090897233	-108.81100356452906	-93.10591874912294	-101.84668816967447	-8.443638935002806	80.48764490720352	-200.1026840928464	76.81459310335788	-397.643014786946	-78.1249186303298	-210.77329280301646	299.8481702507977
3.2666666666666666	-111.11973614745887	-19.811752552440833	-40.2930257124408	7.591314921995386	9.241469447730726	2.2278730509206155	-112.05578008582798	26.14999965398635	-192.32441852248823	181.9931017303298	-74.65204721911688	-40.10040387439959	-53.614534932591106	-110.07970616528748	-93.9780055286874	-101.22927690499718	-8.528687834782598	76.79994341066438	-205.6071410459835	72.50723064293051	-395.43201515416854	-77.28119248268949	-227.99225774728077	284.51786200561247
3.283333333333333	-111.49831339678965	-14.880086705976714	-42.953212014487015	8.772541847970315	10.307372275032115	5.683612505429976	-110.37295195137737	29.65766371756037	-193.9478304784934	175.40307379438906	-74.44488126449377	-33.35797125373239	-52.21717835707263	-109.5318708871795	-95.08832954619245	-99.7586628975025	-7.5480508134817486	74.68040974749924	-206.7483854179854	70.48882068392142	-395.9033255818127	-75.86596971314434	-229.82658650000218	279.4576781189809
3.3	-106.67443603847545	-1.007679461328424	-40.47400446031505	8.778156310345318	10.129262728029081	6.019840209919665	-110.36878154237101	29.959785972811424	-193.36538452475625	171.41376802657226	-75.51018680074895	-19.130299390531185	-55.23813729411314	-108.5807149965126	-95.59521274280257	-99.48602610626307	-6.4510348755387055	75.00596018605388	-205.2086428215069	69.07816628534395	-396.18383002085193	-75.81211890070311	-229.5501734596066	275.6373816948608
3.3166666666666664	-106.74484452319709	-6.009016899371456	-37.66184017321201	7.839098247250408	10.277959926387203	8.451023921048941	-108.80962791351327	28.1870643888265	-188.21751892049988	168.44161381174624	-77.86774688942948	-14.333015394447935	-59.7349978941967	-106.21770309787496	-95.56353058645985	-97.25914081411179	-4.5670844367516565	81.2763489346606	-200.4614484851101	71.25170686527527	-397.97955370756625	-78.67466206348713	-227.73043930857887	270.2973757019644
3.3333333333333335	-65.9256104570947	-9.994296283916555	29.028054748602564	-0.8737686828070541	-12.87568178351442	-11.252693222427096	-73.31326628370996	-27.234564504245338	-175.68046080416588	195.1215802593724	-87.98453627764188	-9.757928479701183	-113.39171454809373	-82.52412161174706	-86.51021379680522	-83.4607941059426	8.60785228799877	108.96194381706019	-162.56497054134874	111.13429878643352	-321.0341919138819	-96.8851275081758	-315.3287896478708	278.0637204994839
3.35	-67.11637334739015	-9.538984411583948	34.72102819568332	0.5885301431005723	-14.254239472380682	-14.839051236575761	-34.08973372028785	-27.535342292778	-95.90082786811661	188.1808544420829	-93.93528273617447	-4.766564114046761	-116.83051489649895	-83.65759251851415	-83.11002931936171	-82.96252933014871	8.319906395008001	112.06724702124038	-165.67700409046674	107.5804567655257	-284.22883346727184	-95.0436559439386	-314.201755750029	272.7295995630368
3.3666666666666667	-68.87368461427086	-12.825984415780587	40.43571878185161	-0.6783459262144472	-17.43000122588643	-20.95640204052994	-13.029562148926416	-27.744346917297484	-70.68623071348078	99.27968494798615	-100.53077324557526	-5.896521346824979	-121.34294104055539	-83.70915855612704	-81.21191757378736	-84.33556113961572	11.342539692289858	116.46762115890793	-170.67199252020535	103.857951956509	-258.5530648374146	-91.13888555314504	-325.73846195788263	188.7095805841293
3.3833333333333333	-66.95496984044193	-10.235137803962678	43.701655085562024	-0.8880638154422424	-19.54242913848439	-25.613756987858952	-22.882638834072228	-30.75027724739179	-51.56919790236229	8.469531106763919	-101.43718837740856	-4.122393948136975	-123.03051292113092	-84.16148492074569	-79.43940552160264	-85.21268281704988	11.746219055128632	120.35344117391847	-171.87505869326978	100.21693001454346	-261.4439735399665	-90.20554618228084	-313.8839284282297	99.69361737081908
3.4	-35.47912894234473	-9.368327147912792	49.927773502162474	-0.8385930444136568	-18.983383528533043	-28.78387185447505	-27.094235953182206	-29.165198657971914	-39.10309541547279	-1.9145965085911074	-77.66048521332975	-2.327247917984017	-126.95102236250841	-84.38042504320902	-77.18692764592672	-86.54700419414495	12.49691710574722	122.02685924577642	-172.75734484427096	99.50909698956576	-260.0574778255118	-87.13316698925414	-304.2647762087645	89.99693791890557
3.4166666666666665	-46.18706772303841	-1.5945735192541952	56.22920389852841	-0.8859015554372639	-18.707193721243343	-29.661109085967272	-53.96649893611394	-31.496795519008923	-23.787041440581504	12.391726897796051	-84.93747863892715	2.626439632082449	-129.99146496377895	-86.52607968501715	-75.26241179223678	-85.91567974552518	12.645010502144991	125.20923059237462	-176.65822238811458	99.39520172415449	-255.5478768463782	-86.84032622369045	-316.8261108808646	88.70811238945966
3.433333333333333	-124.0011154523192	-36.38099707789727	117.9246010433072	-0.7094134612810846	18.284003226682163	32.95337828102444	-115.08306350177702	27.240948119377038	22.354114555678297	13.075068691814812	-82.88054969906051	-39.92156106840949	-112.8148077024157	-92.47796868718099	-107.45911497778627	-93.603057121159	-14.194244569777272	52.08852227107358	-180.25997772735124	80.46962527411017	-246.02263384336595	-96.90681054418759	-402.17425461840446	95.22770078077558
3.4499999999999997	-109.1996074901454	-124.5808035391689	115.52001629309788	-1.359423647727072	20.26120062159258	37.99546905872197	-112.98844627801631	31.82082918944893	24.103443135647655	15.877297332162676	-67.39293731991815	-127.64475075993037	-48.18784229789946	-92.4950405409324	-111.90656110910679	-94.19887332194575	-17.356704648474842	47.340016328953595	-178.76394956570076	71.23670157136269	-245.46276648660373	-100.20686495115102	-401.20722461354757	94.2939504068445
3.466666666666667	-123.08635564498067	-149.7804265330152	97.85546162385987	-2.8218446586566266	20.433594692271587	40.50471303317903	-110.67528977783095	30.9717047856868	28.492739870679998	17.33068398335893	-66.20160210703654	-151.150872377295	-32.29128424394579	-91.14928477869967	-114.3974488914836	-94.28849098890888	-19.7435388270517	44.46274411110505	-176.1269130104275	65.75425021608908	-245.5676134192012	-103.95496847515244	-396.9265634805297	92.52410439513308
3.4833333333333334	-80.52981246688306	-151.76642256665298	175.05067101208246	-3.6171850720268015	19.86864978896577	42.11528890196759	-110.55173106261435	26.708759412039495	33.454478443491126	20.45642665800988	-66.19041843375683	-152.2541705752216	-56.50095602031397	-90.473492893203	-116.84196468266397	-94.28807503196788	-21.599516549169664	41.12231410783358	-177.4230141020785	66.07604450224461	-247.5550847653109	-110.419276481835	-393.69569198714345	90.32273226958506
3.5	-59.692866017934705	-158.63029307506042	223.8299362709521	-4.094518619360062	13.453158270024996	-43.46812090818681	-110.5295794123785	23.516097012485922	33.73211810226383	20.738604210821165	-68.59105064592032	-158.00120665060706	-60.48931102883889	-90.14665661968739	-117.30471840810696	-94.32972102190452	-21.92233424743809	39.10567032403058	-179.46005830625396	64.31346684172101	-250.61136630691368	-111.83740056155578	-387.65986052179824	92.29678509936497
3.5166666666666666	-61.381417470955284	-161.62055007008775	288.2712393792789	-5.650786663482426	12.443505548008508	-132.6798588412655	-109.97314095141442	22.22165155437354	43.41893273190926	22.798695165261652	-66.18541981799221	-162.32021787851193	-57.26092091446784	-89.68102363676223	-128.49109712286673	-94.53187249573469	-25.334105783000254	38.85984262075662	-182.58384914134885	59.1625854300166	-250.88865406973716	-119.04252345751615	-386.4006071778133	84.00849003833449
3.533333333333333	-64.2242995973429	-159.0063672300336	292.65489176884836	-6.6883395910022685	8.854384510254802	-133.85213308343776	-110.34801726296594	20.41660320126051	57.56752588072568	22.917217634668766	-62.96958126962103	-158.27402130525178	-60.75989167356824	-89.53563112216375	-135.1713402648026	-95.89701536717803	-27.356401160315553	37.93166676889143	-183.76130646364106	58.74458575381543	-252.24112496424667	-121.77938769316265	-372.73499681616147	80.85358145421186
3.55	-67.08384810992295	-164.9007248913942	296.73364882936863	-7.268694711872889	0.5935874705335069	-133.6484101496666	-113.14903657313404	18.601926279083862	74.62501893208106	22.19903150537788	-59.697899537199696	-164.71011005426405	-64.46125728584332	-89.2639822876525	-143.00826992894125	-96.2548119393945	-30.70896221829114	37.49496147144676	-186.1074351652202	59.09527243706694	-255.11156789171136	-124.1296813377467	-361.8942957645039	77.39099863463642
3.5666666666666664	-69.81382505534033	-163.78558856547141	300.8109057287388	-7.496566310214496	-5.963258150392763	-134.26852170491853	-114.46345479431498	17.21784256050548	94.60385022712353	21.878810354824864	-56.44366143239325	-163.12558489642754	-68.1354513551546	-89.25298653971909	-150.8820220846526	-96.69873622109523	-32.07350918847061	37.412745771238846	-186.67950675329004	64.6653859131377	-256.50734137543526	-125.56546080615385	-345.1457490196386	75.6420241531981
3.5833333333333335	-71.93753099209505	-162.55632587388516	304.8884084244033	-6.922767673470858	-16.7958444926674	-134.05614448747983	-117.01915734545112	17.034361581233497	112.95407379846618	20.721253124407774	-53.20231980583695	-161.68844596578052	-71.71403102350372	-89.3744169279816	-156.4028312078015	-96.47117971843919	-34.443823327482434	37.65647549714832	-186.52355236766252	66.91273442068183	-258.3594939482586	-125.31455867064592	-336.46990114741897	74.94034037416546
3.6	-75.33359816695017	-168.34239628188527	308.9662417917828	-6.722955440695062	-21.533554417123852	-134.88480716565434	-120.12802402814766	15.728175438112707	120.71178403920544	19.49280760461663	-49.96830651992648	-168.18009300443518	-74.94750736591108	-89.57651845192711	-162.8567384868889	-96.47383847091565	-35.98911173584286	38.63214317155922	-185.99300228205172	70.3754343449261	-261.0482696724469	-125.82401572501844	-321.6342725477647	73.52705560165042
3.6166666666666667	-78.77480997667826	-168.9343198530805	313.04450176454543	-7.574611164439878	-24.802302493413375	-136.50618330438382	-118.03221728063124	16.067316715900784	103.60374707578251	17.29069462047508	-46.73854602077976	-168.35876248865773	-78.23238579300099	-89.58720308685636	-165.6366970182239	-97.21569477423307	-38.34952258987639	39.13444477629479	-186.60463420404812	69.63614086962356	-260.4606330752145	-124.83016528456179	-329.5590733375125	72.52069491345786
3.6333333333333333	-81.9154533492378	-170.2929638523903	317.1233128290996	-7.244644951611006	-27.72438838777445	-136.4101512345556	-164.49875287776567	18.304514001268718	118.30960847248782	14.276402160981043	-43.51124746749	-168.5300537217131	-82.8249067827551	-89.73690749153332	-168.39232136407247	-97.16020433207714	-38.692840585521296	39.3473386338716	-188.10589264765028	70.62265151086415	-305.4166889519913	-121.6820454410927	-365.766751032914	72.63350731303174
3.65	-84.9555872030151	-166.95111204115798	321.20283923416343	-7.23410314317196	-28.92777067794796	-136.53429322068433	-167.81052573937657	19.250447234233288	111.6012941326459	11.593969080308351	-40.28521945853004	-167.31082107857551	-86.87940195536258	-89.83913101515016	-169.56979953776627	-97.31181275886658	-38.72513995519269	39.404412174576535	-190.35697640322675	72.32154264401065	-308.6394893268208	-120.16300186678916	-376.9479801886185	71.56106882122054
3.6666666666666665	-87.96315271685897	-164.81853049468288	325.28330211547114	-7.181280721463286	-29.216706718323085	-137.1415204679455	-167.48638206697075	21.324181396890005	120.0878076857976	9.630346905440746	-37.0595360961707	-165.97803951962715	-90.75968057127659	-90.0404469835069	-169.38778474654944	-97.62124528893904	-39.195268094381305	39.884342763813216	-192.20963212216995	72.06740174336664	-308.4453903744824	-118.38991277014635	-369.2641160863124	71.58808197185267
3.683333333333333	-90.95664889536044	-163.37728420704553	329.3650068036119	-7.968862001477645	-28.839537443336553	-138.94579776717904	-164.62791426092505	24.344144199626143	85.1410679801144	2.997678444111881	-33.833338463210566	-163.52723023476807	-94.59993406161699	-89.98323441866923	-168.0121041943226	-98.17727123735648	-40.38588005435537	40.83372848501594	-192.57536724544838	72.97498401241512	-303.2837617153397	-114.78035259089671	-399.2225432911984	69.18121602674914
3.6999999999999997	-93.94244618909431	-161.70150910465983	333.4483883001137	-7.973946940843399	-27.52864922920529	-139.74415712881174	-160.60114368702986	25.375859180724518	97.06684856569787	1.2994856283278406	-30.605666926461506	-162.03191089087179	-98.43988741033938	-90.13661821510199	-166.0554960353616	-98.32331113175624	-41.81778896438178	41.49515368138755	-194.38978742698842	73.53895992313234	-300.04935687678625	-113.3843512590208	-381.9946142439292	69.32903022949695
3.716666666666667	-96.92343719956547	-160.08567393273984	337.5340910626988	-8.304832962033784	-26.988362026309993	-141.43483275606138	-165.77882646028652	26.932167895821422	69.96492787553623	0.4058751444113702	-27.375246213862308	-160.308996912971	-102.31801167568126	-90.25884458035243	-164.3621286100723	-98.53176104301284	-41.854583580497305	42.61117300776796	-194.67973120657538	73.41030096481644	-302.8286646792061	-111.15567093974573	-415.0258282635622	70.22027073001628
3.7333333333333334	-99.90118283065141	-161.55417813572194	341.6231184223508	-7.628405791222191	-25.66967484646052	-142.13854304156655	-165.83482147819697	28.15049902909471	68.47550021818049	-0.6075563877069674	-24.140097698656422	-162.56471788103508	-106.35858965279415	-90.74053650555962	-162.00352831175462	-98.36172797329874	-42.223956683985385	43.60192796795231	-195.43684919999012	75.2520486361961	-302.21766906360955	-109.35476050895181	-413.0731665081825	71.23453061369236
3.75	-102.87661534383543	-160.1422378830537	345.71713775363133	-7.500957219423587	-24.393604065040005	-143.0246881754652	-165.9785597981303	28.047900061991186	68.18855242955709	0.4229734745586255	-20.896623330837766	-161.0328986578052	-110.891795040939	-90.96865990298409	-159.91736407856249	-98.28460749949969	-42.09500442259304	44.37378325319169	-195.73546386969088	75.59738423155548	-301.94518916353286	-108.07370730663922	-413.369982883553	72.87820025175783
3.7666666666666666	-105.85033117728764	-163.58339835854625	349.81918913111167	-6.959530097246178	-22.504680455474507	-143.1773598582882	-167.34542769164818	28.843613026129116	65.40948986437054	-0.27967306592189506	-17.6366964286663	-165.20580796294013	-114.29316001629698	-91.54238053827319	-157.7477475659523	-98.01500665528104	-42.09218292410302	44.709592366623916	-195.5666538663052	75.62358344972841	-302.75177249026166	-106.43693031914474	-417.95642823686364	73.36988318748305
3.783333333333333	-108.82273243741909	-165.15233550007628	353.9357250331641	-6.468620857974631	-20.26142712859786	-143.67707539149865	-169.9307749572344	28.28361848477221	64.16417061082448	1.3673481013827087	-14.33537436049613	-167.05624963871736	-117.47991109648683	-91.95329628035742	-154.5407045772909	-97.66013314135623	-41.603459229636826	45.49175728667294	-195.71703872935385	75.45830772072091	-304.0564331236588	-106.11494840465285	-420.6962622082801	75.41568850914197
3.8	-111.79410207089168	-167.95583973230572	358.0846692140644	-5.527212068309517	-18.398992086804082	-143.7213576233636	-169.76093213342708	28.146243614828954	42.620378429028655	1.3619109545319252	-10.898649592033093	-170.44528217344592	-121.06520002106149	-92.13629287758576	-151.86254140592234	-97.36106495712447	-41.92027119589857	46.11818397195298	-196.2845224068498	76.08098389450984	-303.2617789057679	-105.79663660506311	-431.1240620645476	77.91484964525677
3.8166666666666664	-114.76464661244742	-165.5766608293377	362.33469073870975	-4.545921804165523	-14.96417906869669	-143.9373655747338	-170.69375821273326	29.983949155606105	34.67925272077377	1.912028187888512	-7.09250035035092	-168.34585119584523	-124.7412154200574	-92.74560602668566	-148.46288572934796	-97.2200952487587	-40.69818052141514	46.446362111708595	-196.433662750023	77.07531033547787	-303.77480170596425	-103.70819493764864	-449.6379989524567	78.65533949450776
3.8333333333333335	-117.73452185127225	-166.5393579792003	366.9368577223686	-3.6405862466806935	-10.808375157904361	-144.9063591378813	-171.22525812156178	31.077858398196966	30.92658157932793	1.1268880977234412	-3.9247644814215046	-170.0901785027559	-128.4520372911347	-93.5091364195879	-143.14575489352052	-97.16469842711346	-38.98252656285241	47.26562316350458	-196.50119522834515	76.99174133577036	-303.3209271263322	-101.84358015698793	-452.68956537657266	79.41058805446325
3.85	-120.70385146940023	-167.96876761690106	371.6956612610559	-2.9598038460619636	-5.161464809984678	-145.78297675907055	-170.608815535968	31.65107928347448	32.18787132160729	0.4649175937033896	-1.361112487944222	-172.48308857936271	-132.17957476158713	-94.2442826026785	-136.65711393199817	-97.18695228911767	-39.077948579751215	48.22911866549087	-196.6342413708327	77.207216487756	-301.88593949831784	-100.0544912541961	-449.9098891853787	80.38282638416773
3.8666666666666667	-123.67286833796614	-166.0033264342797	374.56109921042776	-2.4412384568383154	1.5616170075114193	-146.34927439614847	-169.63225517085507	32.08379614170151	31.235437799396767	-0.33892401577781184	1.6573785811584678	-170.6638267470365	-135.9104022052084	-94.71396975298865	-129.3172547040637	-97.17884766764344	-38.52824415087894	49.005866271929456	-196.78726664321493	76.96746282295861	-300.23028740971466	-98.44447305028415	-449.2042539864672	80.95344372029865
3.8833333333333333	-126.64866666917194	-167.57168878506974	377.9221558928501	-2.0724976629693224	7.987946387640486	-147.6341793760469	-169.73354208222963	31.27939807475502	33.75250981224608	1.8569110597813896	4.720588488316312	-172.74046086896377	-139.41578783289086	-95.16915338066798	-121.6854796773908	-97.23149964794334	-38.16041548861166	50.16164008530938	-196.96820078540713	77.00600455630916	-299.21789990549786	-98.6296580104508	-445.5059090297113	82.20700158899577
3.9	-130.00774322188158	-168.52437849309166	375.9613635530164	-1.3546291446281402	12.771386783087122	-148.2558459838488	-170.15978406097096	31.525336756998232	34.405179050345794	1.7096177549866063	6.933274564534344	-174.55607199032045	-132.55746855000172	-95.94356065398668	-116.39362035483411	-97.27167467203716	-36.332277544150024	50.837625339993416	-197.6096010913361	77.02509637604147	-298.8166622065174	-97.1043006817744	-444.7568565590115	83.7687778151789
3.9166666666666665	-154.72844194354522	-167.96651530394757	375.1932467250549	-0.5865150689648657	20.125866078688325	-148.93969345631726	-169.6979773463532	30.752003280791467	30.297723800286327	3.720888180016529	-8.563973431293059	-174.34601383913542	-124.35332023578876	-96.75514726540808	-108.37190463812769	-97.28476043318307	-32.510499699233534	51.52117182144886	-198.16266317795632	77.06980289057282	-298.35052280087655	-97.0055222578027	-444.55755143943173	86.2447752612414
3.933333333333333	-162.81898490432542	-175.90423748296953	372.09029697426365	-0.3850019778143763	24.18141896627344	-150.71084661555508	-169.30227985024115	30.261332152274775	34.07847696461924	5.474109470594168	-12.653718050055302	-182.08261979035046	-117.93894740713831	-97.22218275856979	-102.86338790203371	-97.27234050394651	-31.486926595279403	52.908039151554284	-198.05611085580156	77.25671168391438	-298.97285168775915	-96.90915742778684	-441.5338310548076	88.66699940131139
3.9499999999999997	-186.09216110739482	-179.11076242377197	368.07744986357966	0.12912179115260375	27.117210248992958	-151.9213185009839	-178.06623546843994	30.130704483135112	74.38009227585022	5.7311799855032035	-19.93193887094688	-187.32507180580788	-107.64183977094608	-97.41978061573896	-98.45504567702957	-97.26461591727455	-29.62407387085017	54.52095897714637	-197.56749407084814	76.61896565905536	-302.4835355121312	-95.55994060242381	-411.1442861362852	90.07051892190965
3.966666666666667	-194.00547271779877	-174.90009588376998	367.0040506173706	0.9282818563316413	32.80490667729354	-152.5964585028745	-181.98535052059262	30.38259014079997	76.61495864563616	6.301396132389016	-22.379111680658493	-184.27025276723916	-99.31487213954777	-98.0009751959768	-92.37836640196387	-97.25199113950829	-28.737863772847266	55.47587385264379	-197.96633431019595	76.75731575946543	-305.8285720167442	-94.42221500699657	-411.1464827959205	92.24532497334677
3.9833333333333334	-194.79618790367763	-170.3414001670739	368.3111698392634	1.4717952655708626	40.52728924652096	-153.1847905486861	-182.7888679137293	30.93062936827895	107.11718565963085	6.124794669971472	-20.23214701015037	-178.43400462511264	-94.07555348842077	-98.51100518218344	-85.09168402515692	-97.56012922761305	-29.49152255105786	56.19425919345179	-198.46994882134229	76.32252125093781	-306.6708680003629	-92.80144521438491	-379.9571309010204	93.17562702526354
4.0	-192.09613418898476	-173.3210916702869	368.0847212040349	-0.5020273091055475	44.81714873810501	-157.39909936606063	-182.61878957484606	31.00493569549183	103.84551645102641	6.3928994429974395	-16.266975022162	-181.90157215111037	-92.86837207724403	-98.41811914919458	-77.39011573323691	-99.46924792632991	-29.555966078375242	57.544826339712884	-199.24002561097458	77.48598990931079	-305.37974896287835	-91.61663901577337	-380.6221997415454	94.94457787414815
4.016666666666667	-193.71188283035346	-171.7551370922121	367.3828221835055	0.6687355714360959	43.472544175005694	-159.21574088625863	-182.21229407289334	31.119063338313	116.1518820324948	6.45324649499281	-8.8371287927945	-180.3516649825425	-84.90400554338625	-98.92198330810369	-77.13662883160912	-99.9557238561646	-30.2597826794743	59.04181106295877	-198.94545703491184	77.51263568373517	-303.2792807355844	-90.41652979552694	-366.66929652576505	96.34207402212165
4.033333333333333	-194.33750446547225	-176.03417570771276	368.0262754976441	0.666437306254646	45.39619496438036	-160.08974667424542	-182.90990464531416	31.402759901445997	113.65126285865519	6.001732415968862	-4.630141973623105	-186.34106970543843	-80.71322116744966	-99.96192628840896	-72.18174211196029	-99.9766731492675	-28.54669208314819	60.510466586366945	-198.17154322769554	77.56501279856656	-302.65311569068973	-88.22858656496241	-368.783054490608	97.72320561994152
4.05	-195.08864251899408	-175.1846339200422	361.7027951339213	1.2264019374945327	45.63011942615201	-161.9171249462513	-182.8342216264744	31.857018355151446	111.58936364878147	4.97085382904746	1.3265611333435314	-186.66915453780084	-72.90179844734624	-100.93914816081353	-71.62275176135577	-100.40635535254388	-28.971822060771142	62.151089616017515	-197.43758499590817	78.46338121767891	-301.44879733270153	-85.99993249822364	-368.6784879822688	98.59177379721129
4.066666666666666	-196.78097947871717	-171.42410879319564	360.04688881574174	1.4707113922032835	45.45879864063308	-164.33818456576762	-183.41337428752587	32.3559807933155	107.74349929653997	4.970981823570299	3.058422202928664	-186.24809081319114	-69.97855210751896	-101.90642356510972	-69.60404208062309	-100.77034542215942	-28.930297502861315	63.79681471498253	-197.00625697418639	78.62849967808499	-300.2943032958229	-83.75883470894122	-372.2527788269173	101.1089450918592
4.083333333333333	-197.2343697494457	-173.08846137265232	359.910384233257	1.080147051572466	45.563838947133036	-167.62992716309816	-183.3301968101439	32.70904584024175	88.58758719895815	5.019409423103802	4.787678630441922	-186.1990384179377	-67.92670606057506	-102.65483600756176	-67.64988802117122	-101.62385221551494	-27.307844843610116	65.79518246697322	-195.6169793478554	79.42348794621117	-299.3715697692394	-81.43826487187563	-389.5374511593874	103.49827671084776
4.1	-197.26776999943758	-172.5206488046018	362.63922335558465	1.3679686662772759	45.44568201999189	-168.98111933733685	-183.26932814349428	33.160179074292586	85.20371295617643	5.356388259996926	4.311334773427142	-185.7678216183415	-68.17754048971564	-103.34542320279436	-65.58770856047472	-101.97600263518353	-25.877472988710817	66.94417695941046	-194.19303653069525	79.19527734031809	-296.5250731424637	-79.72160291254781	-391.1627447599187	105.72428807935188
4.116666666666666	-196.1570631834885	-173.38043793026077	363.26040389614684	2.812208325218305	45.39047398457162	-171.44206352508607	-183.44877854419872	33.01105334158317	83.21834232854681	5.779571882259899	6.38966115804832	-188.78910007833238	-67.7749629408919	-105.23974213318468	-65.38977413329948	-102.41117428762357	-24.830941822762366	68.97573121740629	-193.1427312408821	79.10494275883156	-294.80523605632953	-77.99314401287418	-392.23871656764356	108.35724878873798
4.133333333333333	-197.87676504818643	-172.98705663233986	365.31622886089883	2.4795046477365257	44.8813780623711	-174.81067238092356	-183.3103411368159	33.310139351656815	80.58726956023963	6.263605226485823	3.7969792722075733	-189.0013002473854	-69.29715898550144	-106.05904510675936	-64.1418860974365	-103.56356473417085	-21.297638992252562	70.91209753061861	-191.6889892305645	79.55222096701401	-292.5511772268087	-75.60667320568625	-392.4122162901397	110.94928868470043
4.15	-200.62320951498089	-171.7004973319262	366.5678153946037	3.357325703993516	43.83639760673534	-177.35479525150737	-183.19658964605765	33.37820493715942	75.9151500817908	6.468302639743749	0.5436266752347113	-188.58516243084892	-70.00378650906592	-107.5655526121705	-63.34844200315912	-104.10711668142963	-20.176411693526003	72.8502039305296	-190.00956116555548	79.46524852861312	-290.1113596576648	-73.62192106564272	-393.8218292065403	112.77263355248608
4.166666666666667	-204.24620304150773	-171.4235513218364	366.5909015505715	3.676894665566465	42.12932129090197	-180.14684542384992	-183.66991081477352	33.446375094690474	71.23612272288267	7.538085847701668	-5.400038662144838	-189.887629320753	-70.0270489080352	-108.78951722468483	-63.386583830275534	-104.9398228102886	-20.571458317114335	74.61045230379354	-189.52538254378624	80.32083258616784	-289.56917347600154	-71.81645711106471	-393.8373257434781	115.88869490341062
4.183333333333334	-207.7283428888936	-170.92996746691747	366.48275905672364	5.939166694198818	39.98123997051032	-181.32634844394835	-183.4112607587696	32.74510698336855	73.39114371312118	9.957855340609376	-7.989182772089946	-190.42634417960497	-70.68529694776338	-110.07363596113633	-64.1826842681787	-104.11339812137143	-18.76814304226874	76.06281449448775	-188.95621494098168	80.01260173220493	-287.63944026764705	-71.26500947759848	-393.9435971676349	118.75065798318985
4.2	-215.32138545226658	-170.3597617645188	366.4290620791305	6.691865014441664	38.08187125495357	-182.86739383628793	-182.9069037162795	32.614983424311525	73.47076047992846	11.624080657044203	-15.949533755141003	-190.04202169297545	-71.28444026901965	-111.63071704609149	-64.78558821551168	-104.78758474609876	-14.937666245015519	77.5430220984795	-188.4447632319303	81.93452770795564	-284.8942992153723	-69.36085249274666	-392.6012383590026	121.91880178016295
4.216666666666667	-208.8363484018611	-167.23706387410851	366.1332951547479	8.140353221482183	35.683237957714574	-184.54663763524883	-183.86643817680107	32.40709850023959	73.9209775976451	13.084685815930502	-11.622174829428808	-189.87527023312325	-72.33443335517255	-113.18523066096456	-66.13971834048638	-104.89972038098188	-16.303604370129293	79.48723111504984	-187.94368623294903	82.51674394826684	-284.0108812892685	-66.96496809058496	-390.6283127759896	125.33119416750918
4.233333333333333	-202.3199499824638	-163.58247492415893	365.7666058409736	10.346048794989436	31.937805789266445	-186.10132975275084	-184.46413899001334	32.403190766484116	68.10373969728832	13.881975474219782	-8.639475583784872	-188.73718476290074	-73.65718071807066	-115.333099595527	-67.84176358736067	-104.86231231410821	-13.331740627576236	81.21443053781856	-186.97979778404357	83.32658909764932	-283.07298648315737	-66.21265287951498	-394.014100556455	128.5063444428393
4.25	-196.06684609991902	-163.08045007065712	364.3773832801237	12.248745630241187	27.55433323955182	-188.1531459058727	-184.72006712399627	32.04512152401672	65.06698546563518	14.502905010974445	-0.8616725561427327	-190.34039565648348	-74.06053569214413	-117.54197282278916	-69.7587216176298	-105.08956589238713	-11.918220551693821	83.10775075990145	-186.37139937915077	84.17257973749292	-281.3787872396541	-65.2912563391921	-396.03274030911024	129.10997308599713
4.266666666666667	-192.54246842381508	-164.0398633713594	363.36724310829555	15.73490942533454	24.262368738466428	-188.5239122745394	-185.31126691593303	31.610137411041435	58.27515548954324	16.263592575479223	3.203851241634418	-194.09392795830178	-74.77439823238112	-120.27355920467001	-71.5672520212629	-104.50129348923693	-9.82044487459922	84.35880758288393	-185.83223342070065	85.59973165614835	-280.93827950420734	-64.4353209534414	-402.70502198379944	131.37676452803765
4.283333333333333	-191.44170711462516	-166.77270846818564	362.34403325623435	20.11868733006394	20.40039295275495	-188.37367014477886	-186.04077175607455	30.432144345541424	38.210050046920614	17.34606544014948	4.221651336402916	-200.4988382652799	-75.51084900539973	-123.15675016365938	-73.68975251725325	-103.57225108878151	-9.37128571845807	85.72946073401346	-185.15887607682234	86.59764938151906	-280.5303492956193	-64.31906270094956	-424.93038851943606	132.98046970984961
4.3	-190.91176157774711	-178.2262792802813	361.22540370257235	22.63692516252162	18.328731965044916	-188.37195583164473	-185.92072992854588	29.74927899845549	32.49442186151393	18.027180178492337	3.3143996348237312	-214.10893246561932	-76.19257417252088	-125.3798969424058	-74.60522194558582	-103.10376729896096	-7.634416635417077	86.92560825156002	-183.8771379231941	87.93790396979234	-279.18077056989097	-63.722154734006004	-426.46121968550796	134.1405709824991
4.316666666666666	-191.10170135169804	-195.29787255068715	359.6924084603369	27.04032568332783	15.14718025363672	-188.47660269493025	-185.8104686735903	28.162909420496387	31.738251034403163	19.988918926421935	2.152814736462728	-233.45192068203133	-76.558468236377	-128.28578290500823	-75.90904922633885	-101.25896818218914	-6.945242753732658	88.0009459672664	-182.57325237166674	88.8892122605414	-278.0448904480665	-64.24135525417421	-426.201702613262	135.72694921151904
4.333333333333333	-191.54354945365998	-206.59536863348117	359.1832285459667	33.354509182524346	13.768443406186563	-186.65075279439168	-183.73462078604368	26.740826061385718	30.414503069553284	22.534949242081883	0.781369957106289	-248.6713463539383	-76.74672827708552	-132.60284009054953	-77.35887806975343	-98.55048544279971	-8.75529311574674	88.56214862500511	-181.51736084365422	90.30229692180265	-274.8140162361068	-64.97710377807634	-425.62199819607963	137.6554829997082
4.35	-192.27491093591692	-214.78818766486475	358.9625578389077	39.71303188063594	12.75556275613502	-183.72851048287515	-182.4893335619908	26.28316375838568	30.705690084088545	21.292568369161174	-0.5884350954493601	-260.91181136829624	-77.0061607294375	-135.11385732135656	-78.2680631733931	-94.98486680146371	-8.722082474291376	88.90896983342813	-179.30821756273824	91.28136021148774	-273.1879408889592	-65.03442599600078	-428.08906617053117	136.24246424477056
4.366666666666666	-192.38122097418267	-218.2362386074406	360.01091247262406	44.815863983462904	13.09830801116842	-182.26464460467324	-181.85262059477392	25.885123521641166	28.262112863393355	20.03486591824234	-1.0595689554773213	-265.46361518993655	-77.33808331508102	-137.4346054777882	-77.81067860089607	-92.80530809649326	-8.531635184260292	89.24202482688128	-177.21336317381883	92.2090154953153	-271.9885200464579	-64.93453746388988	-420.6717535141976	135.10230742367693
4.383333333333333	-193.79773935413442	-214.28611022349446	360.11360599357585	52.47544374647842	12.619896390161449	-180.42326127855625	-180.4238838169324	24.6512027048246	44.46697858959479	19.510374617013234	-1.7283990664833309	-264.79354976826096	-77.69681029721411	-140.63098719847056	-78.13807541146444	-89.33660473819367	-7.927747256550499	89.26325876947794	-176.5566457913663	92.56830152363506	-270.82212521941665	-66.08583569889475	-408.3023614106929	133.39113707910005
4.4	-193.650534455843	-214.05698260744182	360.5950384532825	55.29243940077418	12.85384386096261	-178.1652297028196	-181.1121640657796	24.26333545091703	34.76560096632959	17.506739126265018	-2.200782803246127	-264.81156992694525	-78.46920364366525	-142.40400678141515	-78.35091592551208	-88.20057146214708	-6.119685094951275	89.26550358346609	-175.80378951467802	93.11750458137465	-272.02461791126774	-66.45530105015848	-415.1547099572728	130.9066777563378
4.416666666666667	-195.08642958407287	-212.10622488868245	360.6554093919018	58.33428937488611	12.341484074608214	-175.1685870295809	-181.29593387016035	23.3376258940743	43.08891596456413	14.739535942163982	-3.731115441566067	-265.9508649801661	-78.82395422666579	-143.7156029339216	-78.4213526734639	-85.58121620654586	-5.888031124684038	89.26268856259267	-176.08904257455734	93.48421708139	-272.1259946381343	-67.28492094368727	-409.6436065144242	127.29194467686479
4.433333333333334	-195.92597104344253	-214.56350845116935	360.7367274509666	59.975054821594156	12.193440015046479	-172.7003496090209	-181.35381706782957	21.68120253125624	47.78196746308615	7.930591853758385	-4.998670893529998	-267.76947709122066	-79.1932001358102	-143.2170163192143	-78.55243030150723	-83.31471846344377	-5.540283190755722	89.25583318449647	-175.90678589307234	92.92806933741583	-272.185836747622	-68.52004737700547	-401.79097911170334	121.99736919739338
4.45	-194.739882867695	-213.72951894350658	360.8574461971722	62.319366209145144	12.182050103974294	-170.07353112962474	-181.59780603161587	21.270047658601676	31.94433326565771	5.429277039235594	-4.374650215369768	-267.00659557454384	-79.71603581086356	-143.25460051857098	-78.72738409829549	-80.93221949602756	-5.973368368989619	89.25403706546592	-176.3939031466007	92.70693862567282	-272.70544555930405	-69.0178766042274	-419.66013730223665	115.09441836997486
4.466666666666667	-192.94068046967857	-214.93792071733876	360.99509086634464	62.91883093226514	10.901599006512297	-169.29471759459548	-182.2080311780189	19.544309395156674	24.13673477168961	1.6857859370853374	-3.453474863472084	-267.66095622182564	-80.53354353858457	-142.86085179235363	-79.43836637807168	-79.73320334690234	-5.264127459700881	89.57856321380493	-176.61986857577426	92.19891744433733	-273.26024355234114	-70.45659234061489	-428.8544328935523	110.18873072849551
4.483333333333333	-189.96081481891977	-212.08656196675994	361.2067157121013	65.99795218385515	10.3627909716704	-166.42319720360013	-182.8619056585524	17.35335504920731	18.18595161523	-0.03360891715538662	-1.2548029974737973	-264.8295257717976	-81.22424533573063	-143.120156295926	-79.79947365273541	-76.60814149398911	-5.564129062383064	89.65670647553205	-177.26014629653247	92.00009674705798	-273.4338032629767	-72.59026684911584	-435.25646169567506	107.10246740933835
4.5	-186.17580030556093	-208.5407158425002	361.2024840756436	67.94901345832128	9.873620384826683	-162.6187631134987	-183.48938940008355	14.60131093003989	18.609546266609623	1.0441352972305067	2.0679015039535984	-260.4201361195457	-81.73646297982046	-142.1457463623962	-80.4487761070471	-73.17786180063081	-4.836397703355781	89.56712068046147	-178.10118501147008	91.60664327214559	-274.0676304682475	-75.65502274956049	-435.5488339385436	105.22631079515634
4.516666666666667	-185.03637401117643	-209.13499281684713	361.1253526552747	67.95720749838259	8.990848962833535	-161.90544214237144	-184.6368934967452	14.04238812641656	20.0609929792165	-0.1903941619959824	3.14720423593052	-259.9486259065489	-82.20705400123191	-140.85761701330642	-81.19914173749393	-72.13526046488732	-3.5962822939199017	89.5552892920262	-179.44855675615244	91.52195602920312	-275.0427851130417	-76.23181314959207	-434.91065112402373	103.73264421583647
4.533333333333333	-186.17263318826141	-210.3228987610928	361.28000350764796	67.61021204772823	9.065127896751607	-160.01504527098248	-185.46167537893425	13.257459272428832	21.099256890471032	1.1607013045382224	2.9684677146655156	-259.65127630973905	-83.03429714932528	-138.86793401139735	-81.59841049416954	-70.63679611052063	-1.9940505611631534	89.31588074464612	-179.83764019343093	91.5085251418663	-276.04088897251336	-77.45267335924916	-434.6752627841163	103.91231727506626
4.55	-185.30188164358813	-215.88745033412312	360.9795814069689	68.8746258298896	8.569872047284289	-157.66093972700276	-187.01387992452447	12.432772889534757	21.40494593540922	3.7705214562930545	3.147899240809025	-263.7291323274984	-82.95472377215404	-137.56441485331794	-82.14509251346504	-68.36565940110782	-1.831524148434924	89.26949505913828	-180.02567309608514	91.50381668197939	-276.9483876650895	-78.25204687790762	-436.1843494080498	105.66753894440365
4.566666666666666	-186.2293491016564	-224.10349829196028	360.6019838409196	67.97318996437828	7.907733653714903	-156.47984205055914	-187.42385842755738	12.524599438309448	20.15245365249813	5.8101252523308204	5.363621673749692	-269.72553602077585	-83.36629614138491	-135.8979250646416	-82.81264732042138	-67.21311137377438	-1.7953983210390254	89.26936972034582	-180.16967719167562	91.49913731087236	-277.7846916344973	-78.14123869205787	-438.1380064047711	107.95218478639241
4.583333333333333	-185.67274898451524	-216.78384287632923	360.1973957821634	64.64415854517742	7.430368968168762	-156.27190176955327	-187.54308795344494	13.28276294725881	18.786580168607394	6.720927307875848	6.259400056838943	-272.25120553589	-83.89459523132236	-132.45410345310927	-83.32095812755371	-67.01507963521128	-1.7257855974381417	89.29561902701467	-180.25350628005708	91.48736054035425	-278.1036233226346	-77.42545611113871	-439.46310110023893	110.11807920594289
4.6	-184.8632560823779	-218.86508571396539	359.229498459604	61.0439962835751	6.38482588859573	-156.28990783904297	-187.8113299457953	14.781867428334927	18.394149339607726	8.765303093166697	7.949529106781299	-257.92506253398886	-83.50759765396575	-128.19681128292038	-84.32364729800796	-67.00865228779286	-1.542087023934332	89.3808215826044	-180.26483316934767	91.42485399967737	-278.33010230094857	-76.04901657784865	-439.9867088775677	112.4504576850395
4.616666666666666	-175.6504569675263	-213.6998592386125	358.94798453907174	57.99275422681412	4.978387092159303	-156.40985089538853	-188.81586159432575	15.921762661604937	18.771759730829483	9.132678422184915	10.155500823861356	-247.2738481723637	-84.2074823857412	-124.43114530427985	-85.46045750863883	-66.86515779920994	-0.9193598061610172	89.62624034689476	-180.19221249596796	91.10005033352769	-279.1159273957452	-74.9200424058319	-440.63347896327235	114.17803875515295
4.633333333333333	-168.03969004593682	-214.93589701644152	359.0012524671041	56.3001515733209	4.072210819972533	-157.4428727692406	-190.1896537778043	16.494819144570084	19.452197703860804	11.717499628079683	16.674603946887803	-245.67958001380833	-85.10140456811868	-121.17612668903733	-86.1503787442478	-67.63509897709707	-0.8216502540704774	89.88682501444856	-179.98265460773206	90.98333680134587	-280.2581845702531	-74.36047921326875	-441.63442821115507	118.3032459118886
4.65	-171.3847386900146	-215.55139202279977	358.54858417049525	49.90866159454313	3.0606224381181875	-158.22883323488244	-191.0302630513768	16.762981567373412	17.498317041403464	13.560174966524087	13.706004242268628	-243.03254058801068	-85.12499296335658	-117.31866789664414	-86.98142166449593	-68.16431020427397	-0.7851442740546138	90.0920784150687	-179.57425676210548	90.93299636923587	-280.8890058394411	-73.46914350927335	-444.455227981747	121.1055254486995
4.666666666666667	-176.95436229468544	-217.7543507609387	358.3865288021702	42.577629720133835	2.380082489847488	-160.0926156759596	-191.82656122650644	17.30367880450462	15.82368176597916	15.733247010070752	8.194119305243358	-241.64378324668638	-85.44874355318666	-112.53921096948861	-87.58632880155305	-70.0836713050889	-0.7169466213335348	90.16298347587866	-179.38254987950702	90.93216626500035	-281.6660392866684	-72.50178469153418	-446.02051746332205	124.25337493159785
4.683333333333334	-174.99405909935155	-229.82960145417346	358.33991518288525	37.73198764573457	1.646973869990223	-160.7813418385644	-191.78507290109368	18.089362442114968	15.467010648081743	14.85001149705999	9.189912244930351	-251.14151658822695	-85.86484725848169	-108.32464770560804	-87.89005861171239	-70.77771199176244	-0.49287719531196483	90.24112057740086	-179.0830497787076	91.0060535541076	-281.65640800823314	-71.29058584580548	-446.3151180539272	124.60606054164953
4.7	-174.0955828445101	-244.0138051781581	358.31010262996466	29.20147929020521	1.4218006889590318	-162.21423558219544	-191.39083929869696	19.205375105678986	13.349061111723575	16.51700936841787	9.701425306129247	-256.73044099065106	-86.33496553953762	-102.52822786546002	-88.11353694109262	-72.89562347952113	0.3244425610950284	90.39690962864023	-178.89770384030308	91.32982013974653	-281.24717569253903	-70.36511057044014	-447.87947029855826	126.13578537049227
4.716666666666667	-170.36212538789636	-260.18036818831206	358.33074050488995	21.950163344223007	0.6815036565188024	-165.35480795546005	-192.59451364029982	19.93535785120064	12.834492896008403	14.781141153945674	12.563802068508966	-267.4020887931562	-87.0852730575368	-96.85882732516738	-88.67429825207029	-73.97661251149917	0.9448850720247098	90.69549227940243	-178.62338226672117	91.47611627673295	-281.95073973576996	-69.33741485236409	-449.0921848988252	125.16204374162106
4.733333333333333	-167.26935556065507	-269.68364125518315	358.30016153462566	16.14409573370832	0.3264278389086407	-166.9837872630014	-192.60218356995884	20.687007956908893	9.682404925150962	13.594148084381299	15.629663989216064	-272.84081089243654	-87.52829750543194	-91.330139349537	-89.10052590738286	-76.18293612559103	1.0110534570592837	90.78290281504792	-178.52904414520413	91.56860315164724	-282.11827633349424	-68.78113567687615	-452.0142612853549	124.23453542942269
4.75	-164.60631650142915	-283.03372916481686	358.28756727702483	9.066240542200884	-0.49307209072957	-169.3264601891281	-193.6804574435414	20.712093359844214	6.956660950375649	12.911075590718681	17.547800940090365	-281.2397660383721	-88.22673514378496	-87.46147875828362	-89.55255645966886	-78.29030487167546	1.0179608055070877	90.93741191928595	-178.43864990163294	91.71458295044188	-282.748435688275	-68.38959884740649	-454.3263653431037	123.14792831306787
4.766666666666667	-161.54223927822602	-295.62818864236056	358.05311634764854	1.204058198086263	-1.3371155972871922	-170.99344349807086	-193.33874289818067	20.735076766633895	4.315623604794137	11.442948221167061	19.802830643438643	-288.56358415119763	-88.68069506291178	-82.92206139434195	-90.29139586252776	-79.94141424960908	1.0165252296722693	91.04063517419186	-178.10535228670264	92.12558628632846	-282.38374009211753	-68.29555557724744	-457.62037432036	121.74715258473523
4.783333333333333	-160.56547670574685	-307.5674792118546	357.9807711831021	-1.0324501022644315	-2.4817129488116962	-172.3611911597998	-194.17386432531632	21.280743339355183	2.474633523109898	7.105477854841527	20.38078117001133	-297.7552216849181	-89.03675798175432	-80.26025364612602	-91.01994017390048	-80.88392698978524	1.0143004399207618	91.17879395584828	-177.52328445147063	92.20040124780351	-282.7214047614794	-67.23856478481981	-460.2095993924158	120.161196364611
4.8	-163.0709150433134	-314.1917612120834	357.9742313337631	-2.485566496676074	-2.4221146166400502	-171.75511300512082	-194.82207404639158	23.121817277545524	1.5483456999190686	0.9757416929405226	17.9538658488728	-302.02806291037894	-89.1955088272859	-77.98622548101845	-91.1910433940698	-80.53563609720229	1.0131844556351473	90.87632810637083	-177.71327648619035	91.96932527952097	-283.5299894066933	-65.54649548120061	-462.00750104691923	115.64715143072668
4.816666666666666	-162.45721423528235	-321.3886525330511	358.3611909470472	-3.386690985851115	-2.575537344394124	-172.9605428840483	-194.047032359724	22.74031249891352	-0.09440861660809446	-2.440187925025318	17.68111274404528	-305.231008163084	-89.6633776102282	-77.0387032887149	-91.57809137214925	-82.06571433498324	1.0147161124368884	90.42000340913619	-178.36692021881993	92.28478870477485	-283.09332300592234	-66.27034350439345	-463.8029187320894	110.51051627316325
4.833333333333333	-198.46813802155938	-393.3370208615473	361.4975382253771	6.460782595747388	0.392694367057309	-187.2065957156453	-164.94458008495027	-24.757529603320165	2.752600604336487	3.692964147122369	-18.10322029802199	-230.85331791735226	-89.34965105293418	-93.29302218241467	-88.80691136482069	-97.44022336950817	1.0215394851626576	90.15075247537793	-182.3013228104518	87.99784485772926	-255.4734169610742	-115.11842523311311	-434.1906337365167	75.32380668721818
4.85	-200.89291554415567	-389.6745822377324	361.742496046961	6.552951772791689	2.651890636501591	-188.11457881064797	-164.7112358442686	-26.689784099739967	5.430583424049984	16.174652776362784	-19.533796227462876	-224.89257385040202	-88.71037019214026	-104.06422645212442	-87.61333255952026	-98.3023670403579	1.0262975322134094	90.00806287963448	-183.01805465176832	86.63338294289218	-254.62848211927462	-116.82854238376345	-429.54404665998516	80.28137861496575
4.866666666666666	-198.1280517752346	-386.6394431676972	362.04056275267095	5.975265297364275	3.8651443371329357	-188.05921375550454	-164.16415436351275	-27.560029834584952	6.11205847259218	27.389942132788505	-16.336601528661745	-221.11259662503426	-88.25991095447236	-104.2442747410685	-86.43432335951978	-98.22454435607229	1.0239562831132145	89.9298448981986	-183.24960315580074	86.221080202347	-254.29109886039228	-117.69230387148777	-428.04341578945866	89.83211118942616
4.883333333333333	-197.0144728529355	-381.332241518733	362.0817291993718	5.278424771283348	4.453165784494308	-187.9212780220117	-164.28081502716566	-28.59150571009079	8.646728067190228	37.374150455385404	-14.81134159807134	-215.0060328826676	-87.82853085575334	-103.52234954652205	-85.78284758063013	-98.08464586776584	1.0158691392785313	89.89865071135429	-183.31506920353607	85.57844661666141	-254.31129074132153	-118.75976995091841	-424.98013438869117	98.04847161235506
4.9	-198.1073764262036	-378.0314359389621	362.02651262595117	4.571789863479008	5.0775867605246745	-187.7281808732485	-163.75989344201201	-27.39090737061123	9.304601177252556	43.13712786833318	-15.131425332413986	-210.83390455652986	-87.28986858353618	-102.6692926682169	-85.09347295703	-97.85977652937973	0.9975253153057874	89.90962739186855	-183.31411535428728	85.16010815648539	-253.84685988667277	-117.52062751959973	-423.7496963018798	104.0457023686459
4.916666666666667	-198.97915948845727	-373.01421902934305	361.9780665270929	3.927605432511053	5.29031486505551	-187.48828116140103	-163.90323394748813	-27.21752346553824	9.828188434535114	49.16033013477668	-15.571568103684202	-204.82356243941913	-86.67001805437272	-101.74762919998328	-84.663225711172	-97.4143817185679	0.9437929742420239	90.0035437085465	-183.30849064450686	84.87990193823069	-253.7694817697292	-117.09295338057287	-422.6179720754333	110.95694500116322
4.933333333333334	-199.78805270115757	-370.4126451309822	361.9065961335694	3.136849274039265	5.590519906430125	-187.10969887355412	-163.72364388305792	-28.028580715394835	10.564626856892449	55.30808394974589	-15.963142233384803	-201.45643171491733	-85.93053224788184	-100.96786768069933	-84.32768621516443	-97.00969799683719	0.8050347588071828	90.05037214872374	-183.32581113744382	84.46889392692262	-253.57716504971938	-117.92182163479511	-422.2803088066893	116.82663108771152
4.95	-198.66837170310762	-368.49097333146324	361.9888521118041	1.8317695983260533	6.046211491496767	-187.08782031534037	-163.45241071245673	-26.57167595645684	11.273267953144202	60.27782845840051	-14.179296295976748	-197.33353448122108	-85.49281607779768	-99.41526483811039	-83.87131299820709	-97.06956164941653	0.3958980276781674	90.07807489580684	-183.34869641031597	84.3250870405063	-253.31678223184102	-116.45853319172336	-421.31566943126717	123.52518055589918
4.966666666666667	-198.96178420576712	-366.053807299918	362.064546931417	2.1056461692476884	6.561366075100828	-186.24678255731288	-163.45974688727964	-25.94218415909984	11.139497000857876	65.60861945189224	-16.932177505416153	-194.18796623589463	-85.29825899755134	-98.8087811212319	-83.36106634994016	-96.2903684402019	-0.1435982597377883	90.10067451864992	-183.37365828817835	84.358359860531	-253.27785654743533	-115.83278824719943	-420.20342631039955	129.53031977801697
4.983333333333333	-198.56024900277365	-365.4249212739941	362.2898141490549	2.729385926950825	7.196257423057251	-185.31531928362472	-162.60503901346658	-24.91181164223006	11.457864749041194	72.30022008399852	-18.050563023988236	-193.17857405589123	-85.01403922994731	-98.15553386336695	-82.69469458842974	-95.27390433644015	-0.08725378377611606	90.1379737806036	-183.35677389001347	84.41825652282259	-252.42617508604494	-114.778034179984	-420.60760445455946	137.35788391887104
5.0	-197.20423722343452	-364.5385499917568	362.7116186891462	2.868832278354578	7.625305022599111	-185.1580923618448	-162.24130943090825	-24.326061361353123	11.070910508729195	76.36270263283129	-12.848585564827056	-192.22914470165887	-84.81626403715254	-97.77680855343205	-82.08577357758669	-95.09245189983754	0.1978960655243945	90.25716393894123	-183.22279373576717	84.47533410835119	-251.84595024096765	-113.95122210616243	-420.97116886994195	142.274838661229
5.016666666666667	-198.1211551496352	-362.9967793690594	363.09992025689843	3.183252205789933	8.56029242353624	-184.70854233634992	-161.98897274091556	-23.49387643078424	10.892287966956118	83.28039179384346	-12.47590427176274	-190.65208087528197	-84.31709804497423	-97.60201140245513	-81.05573768863486	-94.57938942773313	0.7283163908884323	90.37171694658865	-183.34430124501145	84.50563928085215	-251.57354016037291	-113.079276426916	-421.0642255743898	150.04947319979544
5.033333333333333	-198.18950734179117	-361.35332342991467	363.6881790562346	3.868353652443745	9.058055896457773	-184.3624932240174	-163.01713777418348	-22.866415843747713	11.36674058972488	90.6389914252707	-12.329996864323507	-188.52035447681538	-84.15878718865909	-97.5002944925463	-80.28875037295572	-93.67984434327008	1.1409140121921626	90.59341432006602	-183.1190826543187	84.59237034202326	-252.33160456828452	-112.20112912173235	-420.76694544602617	158.2086170874778
5.05	-194.79312408790688	-362.3461776466201	363.9863598555979	4.149149422642706	9.426403328031999	-184.22626021708118	-163.39460073136553	-21.394344094043852	11.180922044347373	99.71743135505422	-7.806542530797926	-189.72996817008305	-84.07065464130265	-97.39874191447761	-79.6521123391592	-93.26425575792653	1.9419809456032162	90.85973762159448	-182.7930448615933	84.97593105650088	-252.44221398822293	-110.47239466336401	-421.49904253476586	169.37827754015848
5.066666666666666	-189.49170498243362	-362.6390630885419	364.35022017081536	3.7118588868648565	9.754521284340264	-184.31757450196338	-163.80737184705652	-20.52410662692524	11.544178743041034	100.12145115258511	-2.7649221218760394	-189.59338575816142	-84.04952297623372	-96.98749870384243	-79.18344327716713	-93.15185146388833	2.505122546741616	91.04965896539663	-182.76609999033414	85.13607778697607	-252.79314828522692	-109.5149273312467	-421.13937222612697	170.62056730606974
5.083333333333333	-188.40313604196052	-362.0511717143919	365.35653575007166	2.956373359592807	9.938652768462825	-184.69086352932828	-164.84092720475257	-20.872089187369223	11.761468111097042	104.24124424638234	-2.3237228792036597	-188.01979868356565	-84.04694407191018	-96.23158544475463	-78.51434644881489	-93.11012912207953	3.4877620411383745	91.47404861073173	-182.73573133436628	85.27580416328334	-253.4002080222186	-109.40239946943413	-421.4558745860428	174.784125900217
5.1	-188.30131389594592	-363.06696026424925	365.82043798371603	2.6198504016849844	10.057774262029646	-184.8665883166851	-166.2811040153564	-19.20246929180557	11.754984843017217	104.88671960444324	-2.2912063504683307	-188.8291508768689	-84.06477375202118	-95.7481103816768	-78.1211415184658	-93.04358262587043	3.8327839701530144	91.80563344894962	-182.5722227244497	85.59105279248568	-254.7294469169008	-107.78721071762611	-421.94674968435055	177.94467524431937
5.116666666666666	-189.68171327912572	-361.63564053480104	366.7703438974566	2.5334331943689	10.346653461365566	-184.81784237542354	-166.71293230487237	-19.614147455756815	11.779115997270432	107.02165878578552	-4.1702947236742895	-186.88831887077959	-84.37760577101588	-95.3239708828228	-77.59224073304094	-92.84598632925794	3.9356385704279004	92.04516075171054	-182.40540075858058	85.82134692792543	-254.9668790497437	-107.79876426138162	-423.4839174473838	179.1862277095286
5.133333333333333	-185.59205436996925	-361.390218343535	367.76014867811296	2.4807545337455768	10.30276677146316	-185.00966096520483	-168.13925101705001	-19.047341488957397	11.863149593989629	107.40355688542834	-5.576489252898697	-186.60301557817562	-84.69997079188465	-95.08649018562735	-77.043750007793	-92.71781596637703	3.899982076008351	92.63393047175536	-182.01395632292045	86.42628747083963	-255.7361790425193	-106.9304910863966	-424.05792119767165	181.20466805128672
5.15	-187.9585439126111	-360.3412330740989	369.0975889238478	2.4525810698390713	10.558444733357883	-185.12255171042972	-169.44632923119346	-18.57623677843887	11.731676404965594	108.66162484871045	-7.561619493991257	-184.9443337607233	-85.17552226688755	-94.46914420278704	-76.54336110015547	-92.48788760322495	3.7233193931991093	92.87587417875609	-181.58405325653658	87.09817079373775	-256.2755343939923	-105.92500120232754	-424.86671413977206	183.14566320552052
5.166666666666667	-202.10262338120617	-357.6861354368896	369.78907860388534	2.3801713346006053	10.458991040585984	-185.19737235350792	-171.45811007158756	-17.243371767581202	11.734174692198817	108.1212172327604	-18.454382072668558	-182.24140181403166	-85.83123090474949	-94.29806873071672	-76.36334387480986	-92.1391541473688	3.2248462808093716	93.21334950349485	-181.366480214777	87.38268016332916	-258.06222412824144	-103.67247769758295	-426.63888349170946	184.50156828037092
5.183333333333334	-204.43883130216253	-356.8515567401066	369.77875402480976	2.3242716411005775	10.112280355362302	-185.40107752475126	-172.57407116704402	-15.667597661837913	11.647348939176707	113.02473477846667	-20.58807685853018	-180.5020660546665	-86.05832071932494	-94.12796690144182	-76.37731043870987	-91.88438988549763	3.0999241350401245	93.66267058492647	-181.05174600108037	87.68161641082237	-258.85527490261495	-101.807096149595	-428.9665899043377	191.33695490152923
5.2	-242.19737600809367	-356.29964060079305	369.90936510089176	1.2649254982597165	10.163241931530543	-185.63102124992707	-174.23505041827994	-16.13157989485641	11.467832190317061	113.49310442804986	-57.82409992726731	-179.23557759102957	-86.16900316824604	-93.51070572786158	-76.28097505227097	-92.02815564524676	3.0589437888347066	93.89245590345308	-180.9833667224359	88.40778265299915	-260.256759704499	-102.32253737828046	-430.1317637833447	189.79492961171744
5.216666666666667	-318.87237451557996	-355.71831911384237	370.16504864548597	0.9551955479545987	10.074876698256606	-185.87940072190287	-176.26675053385156	-15.070825799503929	11.546739436596962	119.76714412234396	-134.90966456289152	-178.44162603701065	-86.223029850839	-93.01505758148403	-76.07061533206772	-91.96872538762925	3.0716393398960524	93.97326673784112	-180.17956547856076	89.17289194517568	-262.25089913282267	-101.02013068530923	-431.1557048573203	198.86918415409875
5.233333333333333	-344.4245491614746	-355.38461235009754	370.18283018584594	0.711392487980754	10.180806506967333	-186.1007163756172	-177.01608973974584	-12.924817108007208	11.079086802123811	120.62583771762921	-160.36891310279188	-177.82178063804452	-86.25718224770011	-92.62636398407162	-76.00189787743312	-91.93552598976015	3.1069635467544203	94.00934957105378	-179.54837794703528	89.2485229183169	-263.246732282395	-99.09946232587333	-432.3988244128539	201.77112394027395
5.25	-347.07289416500123	-356.33368826350306	371.1164506372995	0.439168450291739	10.21612527415881	-186.18840057072183	-179.1979841953982	-12.153534313188315	11.962712065019687	120.66000151355017	-164.8627748444331	-179.00625147396605	-86.55778592393196	-92.3257526982247	-75.46122867183658	-91.91886752968799	3.119660587743429	94.34807789629758	-179.25649650507236	89.13599730391705	-264.900040731771	-97.87796558133563	-432.3934806313312	202.94129786820258
5.266666666666667	-345.215737241147	-357.4684343030424	372.4244651955471	0.3798117408330908	10.172552639203055	-186.24012181939105	-180.70383370681031	-11.972944795974065	12.95913952987335	119.86707914411068	-162.80109575928125	-180.1754215337919	-87.15641156229809	-92.2693263712442	-74.97384558513791	-91.9070168281638	3.1193859924955207	94.47491887524006	-178.89793590045383	89.392537260025	-266.3055218365796	-97.67694589141999	-432.88458570632145	202.2295425309656
5.283333333333333	-343.6442147639042	-358.00522506730016	371.47972678855155	0.3481928966789658	9.932479319488268	-186.40915130917867	-182.9059841001231	-11.094752259768352	15.970604690792424	119.77673567126155	-160.73826881746064	-180.67500415334112	-87.05721070015923	-92.22383903238065	-75.51751120899912	-91.90487083881172	3.060193557395849	94.58577809340812	-178.7638635723981	89.55289368174246	-268.15041460919065	-96.53982235485333	-432.5458149726177	203.19358228431622
5.3	-342.3568706309187	-359.02964332857306	371.9291451888855	0.30935657437071357	10.018509082694989	-186.5011040531861	-183.91602486713344	-10.47781395263276	16.180282304539638	122.6275289988825	-159.67166310114996	-181.0435435494139	-87.3185967006094	-92.11340209586056	-75.3501566765531	-91.89851179235936	2.933366122756628	94.6821044667414	-178.5783237255696	89.88514543608092	-269.0223731216511	-95.87382474195489	-432.5031538128863	206.8012036005522
5.316666666666666	-343.9079231609259	-359.39645099026916	373.1509187839687	0.18414787971635949	10.40150111588589	-186.69665375462142	-184.29459230640725	-10.767042088323404	16.67432808695994	120.90570325535022	-161.5859181290857	-181.11684843406337	-87.7196660684771	-91.77503671935132	-74.6687804667308	-91.87514944123687	2.6515125391734284	94.8328046603427	-177.8905909490214	89.68697196952348	-269.68327976441276	-95.90871495726502	-432.5514632635718	204.9666568153192
5.333333333333333	-346.5355463009028	-359.57908920244216	373.5024845663758	-0.14348507986055836	10.501059137577586	-186.62695303442587	-184.67309977867265	-10.662019761825285	16.812458275215675	122.21965095866337	-164.69180923581732	-181.08982870015242	-88.153622993586	-91.47457562453098	-74.62682503724163	-91.78248501637378	2.5156589391695188	94.85470730723016	-177.71560187943706	89.98083589737317	-269.9473781559411	-95.8050509585314	-432.96554463105076	206.46151952786423
5.35	-347.6659002000256	-359.6421188908679	374.97622511282157	0.11251147804822903	11.281615103294317	-186.1403540962313	-184.65639522535088	-9.319737218784416	17.279654502321712	119.35594180404352	-166.64746102746852	-181.07203591142607	-88.93900042713692	-91.33624825223622	-73.97488505407162	-91.40367164603349	2.5568690081178898	94.86087873227541	-177.66570619126648	89.96155123802889	-270.1321075378572	-94.68392366593206	-432.68650729415776	204.75923319984162
5.366666666666666	-348.7156756530708	-359.7301334214758	377.05567216107147	-0.09811728230096449	11.967296323310823	-186.20295098623853	-185.19227630877666	-8.307526169940115	18.65133060630911	118.26336256102712	-168.73713634451624	-181.06941839923337	-90.12181943527632	-91.1707781108421	-73.10966067334289	-91.33871245673292	2.767927263450112	94.8631095869454	-177.6539195841349	89.51403402253018	-270.5825839982243	-93.44257750353215	-431.9759702472559	204.78518027787032
5.383333333333333	-350.88085248156983	-359.4357015429347	379.1784665161039	0.36055254172201767	12.770660556464334	-185.94932009464236	-184.819913538888	-8.219948967586742	18.833203793523563	121.2459094184059	-172.0346504278759	-181.0681140117061	-91.3735708788212	-91.16487826516334	-72.26290188871135	-90.94838361999871	3.024868490154214	94.86511698919055	-177.64381915939407	89.10992993924798	-270.91071926744866	-93.31311445929308	-432.14398881568525	208.01788453325779
5.4	-352.22153877172525	-359.1314880487272	380.7051579146748	0.20329817310403736	13.282297177741487	-185.84737691662946	-184.88132767167696	-7.512966845011227	18.61506129635621	118.77893019790818	-174.31726708290677	-181.0647233056729	-92.66039842413055	-90.9971631793054	-71.81002055867522	-90.92679139257027	3.164947008403401	94.8023800208994	-177.58650377621598	88.94204285550634	-270.2685527968674	-92.67513052674428	-431.6891253297779	206.12501016380276
5.416666666666667	-353.1922401727297	-359.77375542051357	383.76370196745773	0.3832005009694824	14.74224118533647	-185.41827655091924	-185.5452724395151	-6.105763693730691	19.401244652469284	115.68304328902033	-176.9045150123247	-181.0526146065616	-94.22795783121443	-90.91347869892633	-70.47365399238346	-90.58249084395378	3.277518617477206	94.71925899270826	-177.5940052907755	88.84473178438765	-270.8564629597668	-91.43900510393956	-431.5737161113843	203.97907668294653
5.433333333333334	-354.32262684906755	-360.22480704364193	385.474316553968	-0.03885445721649326	15.162859348557149	-185.51665315231367	-184.96092336941592	-5.4481578158880755	18.33156523692174	116.603883119403	-179.99998395339864	-181.06137310519185	-95.55144718109862	-90.7698602481151	-69.88657508061786	-90.7708523543728	3.3230806466253724	94.75435846951012	-177.53392135227915	88.68861840377892	-270.2146969820121	-90.60133107174846	-431.8586888547994	206.15598707246943
5.45	-354.5781248789265	-360.32730068143366	388.0368319443902	0.2094895879005	16.19331184411318	-185.1683353022604	-185.38055545330027	-2.5048868434878724	19.662708046821106	117.57638172981416	-181.86353938826466	-181.04851089994156	-97.12335084993514	-90.73738307423201	-69.04270460879239	-90.45355665004828	3.2198260223002975	94.64298685325923	-177.19711096279897	88.28266842566177	-270.6888220993746	-87.87098036731584	-431.45677675010023	210.7923886568581
5.466666666666667	-354.8328665702693	-360.361601776709	388.84790475615716	0.20909693313774258	16.296717869844375	-185.01540492488604	-183.9550465266537	0.0461888273200185	18.37940049591346	118.1623977411498	-183.4727668177463	-181.04590317401238	-98.3255233263978	-90.76167705006674	-68.82317124943403	-90.3855768160735	2.987482066788168	94.54947770040286	-177.7581905186574	88.04911743279683	-269.411332354387	-85.40538731353016	-431.37253951974225	229.7204450302876
5.483333333333333	-353.63640553872517	-360.45383805922233	392.7041999431328	0.7046472979392204	17.744800119373437	-184.05437677838725	-183.10934883926913	10.61850491668869	18.769707994682314	127.34565337032302	-184.81052767157095	-181.0454090185113	-100.73813223558612	-90.83367105811101	-67.95903327504007	-89.62957109385803	1.8326817614822624	94.42732937352392	-177.93768209564337	88.00110008475667	-268.7329893315748	-75.08320766094053	-430.3415451034423	233.05654003396182
5.5	-351.91730384651606	-360.9021537897107	395.2040471322103	1.5746268105011105	18.400930967033986	-183.48443196505892	-182.58405055997892	13.854799433335163	19.44160238257561	124.12433186516155	-184.81529219955033	-181.04566627507646	-102.70147973343464	-91.0069509421234	-67.56804958893146	-89.18051679856765	1.4127279942757922	94.34296780078209	-178.2806548148327	87.91657621773898	-268.26712593294724	-71.84293585745695	-428.8438138652265	232.10311563684894
5.516666666666667	-351.7636107721386	-360.4706943504649	396.86963209245255	1.9641288841873141	18.80689502667329	-183.10166791782413	-182.24366673120574	20.659830100573725	20.32125281481194	119.05390143264023	-186.2142692625623	-181.04771490485666	-104.16548003926269	-91.06504792958499	-67.39055494180067	-89.00533777421951	1.3141648842233034	94.19008393029057	-179.38796638057292	87.82115672529636	-267.9844625284535	-65.34518531735506	-427.7188442218793	232.45933586153552
5.533333333333333	-351.29873197747713	-360.15021084432937	398.3476089477634	2.3073504051154714	18.916286549593853	-182.7159578906403	-181.74660083554699	17.565809012031742	20.093001164067125	121.95227512445993	-187.14184560393508	-181.05963872510156	-105.67616356138019	-91.08499851889071	-67.39262167328366	-88.73285696279007	1.2855167334391773	94.0546826336598	-180.8352435069822	87.47671948110519	-267.5650338245615	-68.43727429770357	-427.42400587187996	233.66178914724043
5.55	-351.17213366017995	-360.0302758298835	400.81861783648026	2.4266096316824335	19.19725541854927	-182.4190953456714	-181.2432152548314	20.489649864935956	20.0243346039521	119.39619955766233	-189.0046122576284	-181.04471982655855	-107.72834724930792	-91.09066803970785	-67.1621747096944	-88.62415376464332	1.2778709727262025	93.85451426485054	-182.2143873625159	87.38570655733344	-267.23233943545944	-65.76267973712918	-427.346069184909	232.5759066343388
5.566666666666666	-351.13354969374063	-359.9609283276505	402.6688262879837	2.5893104032899834	19.423816299627294	-182.06707115076927	-180.82374693781378	20.983204559187975	20.32008795015253	118.89734589815097	-190.24394590606155	-181.0133628854979	-109.2403897378597	-91.09327888987349	-67.07171635886444	-88.43432639523552	1.2787636933706694	93.68342559839635	-183.03417563011337	87.37758616166751	-267.03800141165726	-65.30189591561799	-426.97619264867046	232.81630579791744
5.583333333333333	-351.5678265087683	-359.92201990903345	404.4825949248608	2.368467382876515	20.01429739448921	-181.79918856327194	-179.8622090493654	20.107342979265677	21.55333729920048	120.32988585564281	-192.37080435474806	-181.00195120819282	-110.56245697907812	-91.09483503305617	-66.8053358754265	-88.503217876536	1.2876035922197464	93.3257724552674	-183.79529359214513	87.39787521458291	-266.73623765801875	-66.7243197292299	-425.21052626725333	234.0908844481936
5.6	-352.3631414386615	-359.83388360504534	405.4458870841525	2.7664574520763576	20.231484411149367	-181.41473640958785	-179.25346740701158	19.54902530713049	22.98380812625672	122.06498688993092	-194.98837364122645	-180.88464808240977	-112.15881636678112	-91.09641522404264	-66.64908038472203	-88.2537587751863	1.2909278616854967	93.19135764986889	-184.56977554617296	87.64080449412995	-266.34756119065526	-67.44102896693093	-423.2105829094496	235.01103836181673
5.616666666666666	-353.2519098896517	-359.2652571547471	406.8101727741029	3.0999998292865154	20.429847801171682	-181.17458793706456	-179.05935124162554	19.95922191130559	24.410670795363515	126.59460745611219	-196.52097378375143	-180.11486990846942	-113.60422544817919	-91.0991355012597	-66.36750684121338	-88.0334306749181	1.2922588579012988	93.16856083624255	-185.88873986235708	87.45702339221342	-266.1863364572788	-70.55664425742212	-421.6550173405029	236.22722596508447
5.633333333333333	-353.8633546768964	-358.51140054958506	406.5959717127062	3.23259827752796	19.4837490421734	-181.36968590297127	-178.94723781294078	16.933586610863628	26.82504974395896	127.96243953292402	-197.90970824842938	-179.71279470812988	-114.32491945204885	-91.10512892713393	-67.2239584024893	-88.07902105535024	1.292882287064257	93.19201789428982	-186.2754133551294	87.21256882458775	-266.16943603588174	-70.06267891347554	-419.27063475811406	237.79091851484867
5.65	-354.17816203748936	-356.90885500892534	407.0142353452469	3.336837930814367	19.546833887105354	-180.76210778257538	-178.49441760938345	21.197044961003566	27.914537464026957	121.25339772424608	-198.7991764608096	-177.96777834722712	-114.72820503266853	-91.11956407927445	-67.49101177288546	-87.84221645815005	1.2933838200311245	92.89875060434704	-187.58903289977104	86.7554021043098	-266.1180811698019	-65.95717632475886	-417.67702453908754	232.4722866601389
5.666666666666667	-353.9660938552166	-356.1976165811205	406.9083789000206	3.738492737685859	19.30758990467514	-180.14678269399138	-178.19342359220855	24.90652802296901	28.24732718942543	114.3925294428233	-199.0992886872746	-177.52949326557265	-115.11770544061454	-91.16174111621487	-67.94675789521429	-87.55653025116534	1.2943468723439848	92.5954013232679	-187.38973177149504	86.16667847527472	-266.08134228140835	-62.51920924169681	-417.23974691500064	231.42466271209412
5.683333333333334	-352.56000278104244	-355.40222523247326	406.42722085372554	3.7315056662591743	19.099025684564886	-179.69869803542304	-178.23540724757186	25.27926446882703	31.076578950309592	113.16063027462677	-197.7378711377462	-176.47377810944724	-115.22706946702748	-91.2653372132317	-68.31801801556362	-87.37402989420522	1.2972444392274662	92.28439088373105	-189.39512852545508	85.8032852378863	-266.0737481102414	-62.43250811011511	-414.8972271468526	230.88156413872989
5.7	-350.7562662395885	-353.9561766413732	407.19185491762835	4.061043241654232	19.404782771021427	-179.06449096495288	-178.0805219786252	18.042552255688953	33.32538348809773	127.06267398430214	-196.4392222709733	-174.93855740631489	-115.54724106216838	-91.33435959910423	-68.4129442138728	-87.0522720878709	1.3072424502731959	92.0024994175741	-190.38920677017003	84.24873007394334	-266.09197063832937	-69.45155869683079	-412.74093597984836	236.38863944195973
5.716666666666667	-348.607719518068	-350.70241722165855	406.7180859175763	4.578303066320091	18.991255838871535	-178.6011534291589	-177.96349048913532	47.27705018125171	34.40492063371198	80.26279030808544	-194.30256736325035	-171.90860112695023	-115.18840787904438	-91.3620683142102	-68.92835939019801	-86.8104666453311	1.3121006195248166	91.81845164784612	-191.21243558470306	83.50064962835546	-266.09443528556534	-40.80046857839711	-411.6152025400356	221.68225929743073
5.733333333333333	-348.05620056900415	-349.9711921977591	405.3112323437097	4.685016766320768	18.70573350322869	-178.1851014654425	-177.69885984830984	67.53018413424027	38.11005349122271	58.54676360121353	-193.40458599741916	-171.3245899273596	-115.23759795034262	-91.3297515563984	-69.807630130052	-86.7602236837335	1.3144285162852654	91.46053690802404	-191.0319454969533	83.7440353176557	-266.19573635772423	-21.120931184473122	-408.0903728215338	217.65055695287177
5.75	-347.25227882938333	-349.8986922176533	404.36018337621323	4.715352122039349	18.37245698471925	-178.11567210939265	-177.66420400539198	79.11931928638249	40.40605516705604	44.17758708597626	-192.18166580178058	-171.0500769361723	-114.97280280234082	-91.38900381771538	-70.54862000262958	-86.73673888470977	1.3150831364888287	91.37093112844371	-190.70495113024705	83.23962281946356	-266.2562644793201	-9.533612025819497	-405.86525763099075	214.72125873894325
5.766666666666667	-346.7035510619693	-350.1402709311315	403.8390864590716	4.703467573563801	17.72117634299204	-178.0968899280267	-177.69005592230323	83.48620354004373	41.16280520055688	37.65058487641736	-191.91540068979936	-171.42930054679414	-114.91561100113304	-91.41635739622147	-71.14107408147582	-86.71073580364859	1.3129000729572518	91.34125349232747	-192.19099236942589	82.57697129713118	-266.30492827868613	-5.16185620854879	-405.09414020088303	212.52332597829124
5.783333333333333	-345.9203552963954	-349.5828725826838	402.76175914257897	4.638842820870591	16.487121410143697	-178.08512780648113	-177.79455134410932	86.78030610970386	44.364558854835145	35.04238714941888	-190.34773833915213	-171.01629176963812	-114.77346012412954	-91.41712878074313	-72.23723129777939	-86.66870884925471	1.2785359694819298	91.3237795058916	-193.5749715953455	81.88242051292498	-266.37424502819846	-1.8069193060378295	-402.01469792030804	212.72087709904218
5.8	-345.6881552181013	-349.39416279520725	402.0646111952788	5.037359419145947	15.496852402260071	-178.08157954050733	-178.02385576418425	94.47218287279202	45.63655493685133	21.150280089459688	-190.3524376612184	-171.03244913007356	-114.68213160428115	-91.6217088069998	-73.02845590364511	-86.59915263215434	1.1108635938309062	91.28256146988926	-194.38977294664718	80.79223469278148	-266.4498622675035	6.115305509786432	-400.7399989042166	207.32214953864906
5.816666666666666	-345.32442267710485	-349.64420394137267	401.4009319496697	5.802132892378813	15.266569619462544	-177.53209426086065	-178.29443488233687	96.36098306479363	48.313090314063864	17.390309827289425	-189.75217421997323	-171.9516623570445	-114.25643877400049	-92.0463146194854	-73.52428357187776	-86.49824595700468	0.23584430986703453	91.16859681849338	-196.80705002442585	80.46672827387547	-266.81754959046873	7.566486118507538	-398.6361748835657	205.1855320582137
5.833333333333333	-343.8013075923024	-349.29455688748715	400.71747189780024	5.9599183906604525	15.441619819039115	-177.08441412791205	-178.76250453962817	96.15772012800727	51.81260773305023	18.700363767389888	-187.8951172308438	-171.59697901057896	-113.95153501855813	-92.2208662600811	-73.66367568509898	-86.38558061196213	-0.8218883065512238	90.8293377666929	-200.42296930558783	79.97172203438042	-267.94250588956595	6.993622777417833	-396.36138056981554	205.3269209945302
5.85	-343.79046881288286	-348.7091887256057	398.70867826358784	6.047143511392131	14.92416227248275	-176.9164477917962	-180.2549765846623	97.5957824749963	54.58309087529235	15.86649496975835	-186.8244578516687	-170.95146617193382	-113.07241003829014	-92.29768411950835	-74.36664682808683	-86.29873515420799	-1.0749754264444968	90.69776394138067	-204.7441767180016	79.21995890597086	-269.72596097082226	8.586654184012138	-395.26852278709356	203.5243337224528
5.866666666666666	-343.4368105702562	-350.3301454372372	398.171672304323	5.92639231988488	14.816699941052754	-177.00508355899996	-181.88678047366744	101.13673441691267	57.085083419188855	5.724246936210011	-186.10260505662595	-172.6077738258567	-112.69857918561284	-92.36435594728114	-74.51831260178166	-86.49274529281271	-1.2389787323231465	90.56553704459762	-208.55823563462997	78.23608238965372	-271.330066986764	11.76433058373724	-394.242528154676	198.0035755876126
5.883333333333333	-343.8479146020461	-350.15329930859707	396.6073945058346	6.091902567852982	14.545582908011333	-176.6992405964929	-181.73679927286787	100.73170907332914	57.3337337020773	4.418677200320892	-185.6599994895733	-172.4726325744273	-112.06193188928951	-92.44858736423029	-75.08029393707668	-86.47396334836725	-1.4272745554815063	90.299879757067	-209.90817937605053	77.82320006252964	-271.2317282238419	10.789120868210555	-393.3541716295779	195.0034364348503
5.9	-347.65395816093616	-350.54096373744517	394.97677369629764	6.246980107475316	14.211646646885054	-176.6114001565282	-183.82623941942887	101.29075194543762	61.62123847715135	0.3380324531326382	-187.864852684365	-172.98650539540108	-110.93247429319221	-92.57277562315558	-75.75536845673665	-86.52492351103828	-1.905983035185042	90.03988463537394	-213.09003877861704	77.50025020517916	-273.8307814544747	11.377194522403135	-392.34923453367264	192.205056171964
5.916666666666667	-348.26653488897534	-350.49434670427735	393.9839108852995	6.60175045776184	14.146807701714621	-176.24797552549757	-183.8990176591891	100.16800992442961	61.08218540700987	-0.8949831648737722	-188.05566592899052	-173.07286263495268	-109.94734833511257	-92.68974310065765	-75.99075075333515	-86.35507816546975	-3.1308447578237213	89.88349434642149	-218.29697715384802	77.17735497752574	-274.04345471953684	10.000984112144652	-392.767635771502	189.261320705601
5.933333333333334	-349.18448938688476	-350.5800623279391	392.5576162307557	5.928623299359322	13.834433672069641	-177.05603154267027	-184.47777535105422	100.08864204400219	62.34072604618579	-1.9802290221190055	-188.18080041728777	-173.07925219025046	-109.14273485253682	-92.58288229364382	-76.37654377331376	-86.808439529937	-2.978963927977818	89.85689555253327	-218.6701185843973	77.42310026170131	-274.68534280587613	9.915275658525232	-392.45224042403055	187.98071770378758
