PathFileType	4	(X/Y/Z)	C:\Users\dkfc9\Desktop\pitching_analysis\sports2d_results\verlander_01\verlander_01_pitcher_roi_Sports2D\verlander_01_pitcher_roi_Sports2D_m_person00.trc
DataRate	CameraRate	NumFrames	NumMarkers	Units	OrigDataRate	OrigDataStartFrame	OrigNumFrames
60.0	60.0	357	22	m	60.0	0	357
Frame#	Time	Hip			RHip			RKnee			RAnkle			RBigToe			RSmallToe			RHeel			LHip			LKnee			LAnkle			LBigToe			LSmallToe			LHeel			Neck			Head			Nose			RShoulder			RElbow			RWrist			LShoulder			LElbow			LWrist			
		X1	Y1	Z1	X2	Y2	Z2	X3	Y3	Z3	X4	Y4	Z4	X5	Y5	Z5	X6	Y6	Z6	X7	Y7	Z7	X8	Y8	Z8	X9	Y9	Z9	X10	Y10	Z10	X11	Y11	Z11	X12	Y12	Z12	X13	Y13	Z13	X14	Y14	Z14	X15	Y15	Z15	X16	Y16	Z16	X17	Y17	Z17	X18	Y18	Z18	X19	Y19	Z19	X20	Y20	Z20	X21	Y21	Z21	X22	Y22	Z22
0	0.0	0.7086267074066506	0.7997735001949613	0.0	0.8006486719661573	0.7562956851628533	-0.105	0.809428288716041	0.38686426030125703	-0.0886	0.8318186270475105	0.03024911585559615	-0.0972	0.885637461207527	-0.008401436037491935	-0.0766	0.9056026009119809	-0.030992094997869053	-0.12	0.8211677718265735	-0.028388563603853466	-0.0883	0.6186798781382845	0.7552067057463493	0.105	0.5875033566967852	0.39980985201163166	0.0886	0.5513268745375691	0.045148200450887445	0.0972	0.5378069404089886	0.0038782829751737307	0.0766	0.509164588971708	0.002089478965347842	0.12	0.5489285113028916	-0.0186642348273507	0.0883	0.7260594474816973	1.355921974265642	0.0	0.7337114582248021	1.5506482805469268	0.0	0.741947438418303	1.4520651388265542	0.0	0.8880057478267502	1.2518497309027092	-0.2016	0.8958398729223592	1.0085605122258285	-0.1613	0.7461414170376324	1.032002522380101	-0.12	0.5552805808851721	1.258915538010862	0.2016	0.5316752753328733	1.0210845862925195	0.1613	0.6736391263686514	1.0194771048830122	0.12
1	0.016666666666666666	0.708650904043362	0.7997719973638566	0.0	0.8006305844411229	0.7563564422350987	-0.105	0.8094586071792623	0.38683923294266104	-0.0886	0.8317829011487087	0.03025125831220608	-0.0972	0.8857238261154728	-0.00842060805707267	-0.0766	0.9058225087225055	-0.031031728394970568	-0.12	0.821209077574267	-0.028386276211729334	-0.0883	0.6187295168995512	0.7553599205094788	0.105	0.5875601403484482	0.3997994109460743	0.0886	0.551379120265864	0.04492245323416173	0.0972	0.5378414259164619	0.003872943676181056	0.0766	0.5089929967766049	0.0019265723345417267	0.12	0.5492879558971375	-0.018500566204649176	0.0883	0.7260444955688201	1.3559444569959942	0.0	0.7337401506835745	1.5504093778179768	0.0	0.7419766638363984	1.4520043258053423	0.0	0.8880636575453857	1.2518102420904227	-0.2016	0.8958686926907041	1.0085360906360095	-0.1613	0.7461567650407355	1.0321587978115212	-0.12	0.5552532455484955	1.258987274726142	0.2016	0.5316996710697262	1.0210709355819179	0.1613	0.6736757704168908	1.0194097009183027	0.12
2	0.03333333333333333	0.7086860051583362	0.7997696885530812	0.0	0.800601812032386	0.7565124715370058	-0.105	0.8095214874549008	0.3868021401313888	-0.0886	0.8317161349630041	0.03025579213018581	-0.0972	0.885895097895963	-0.00845700034415777	-0.0766	0.9062180698143213	-0.031126917832349634	-0.12	0.8212738337994923	-0.028381377465571827	-0.0883	0.618797325920426	0.7557727661778669	0.105	0.5876549958830662	0.3997800369013821	0.0886	0.5514514051042305	0.044483371671014287	0.0972	0.5378967029690281	0.003862002394046077	0.0766	0.5086954560304893	0.001563266268913167	0.12	0.5499601947003053	-0.018197339281690206	0.0883	0.7260202693140415	1.355983015705289	0.0	0.7338021458163888	1.550104021009545	0.0	0.742038370165312	1.4519089197958157	0.0	0.8881536752520629	1.2517508753807083	-0.2016	0.895929079321506	1.0084899800738711	-0.1613	0.746201377555131	1.0329824564281553	-0.12	0.5552153541085151	1.2591144434580994	0.2016	0.5317342015564861	1.0210479375631318	0.1613	0.673739420025633	1.0191446211183943	0.12
3	0.05	0.7087187538125265	0.7997456127957278	0.0	0.800535248479134	0.7568575903582102	-0.105	0.8096151987298743	0.38672553412181776	-0.0886	0.8315605498467418	0.030205797700828735	-0.0972	0.8861948518753833	-0.008575422722365025	-0.0766	0.9068217552278748	-0.031437769428687215	-0.12	0.8213602289393732	-0.02843492159396957	-0.0883	0.6188796036134618	0.7568031594786296	0.105	0.5877833297169843	0.3997045670913287	0.0886	0.5515375952453693	0.04469073489161393	0.0972	0.5379650187472038	0.0037830839236737994	0.0766	0.5082027341698503	0.0007260054318724825	0.12	0.550012868633911	-0.017610757235219054	0.0883	0.7259572760163617	1.356029018397215	0.0	0.7338956905048022	1.549563360313209	0.0	0.7421297709280468	1.451750177175113	0.0	0.8882690054905211	1.251642509304243	-0.2016	0.8960197206210762	1.0083706667582222	-0.1613	0.7462719754438917	1.0316237601105924	-0.12	0.5551407634473624	1.2593111356222857	0.2016	0.5317647867331534	1.0209859401267642	0.1613	0.6738285329432906	1.0179036792259437	0.12
4	0.06666666666666667	0.7087431485697949	0.7996661779567652	0.0	0.8004070268919444	0.7576325539925091	-0.105	0.8097639985750004	0.3865806710264767	-0.0886	0.8312402229191422	0.029973246929501332	-0.0972	0.8867052990294729	-0.008893561688986005	-0.0766	0.9068615020045956	-0.03233846956006557	-0.12	0.8214808168083562	-0.028688861350894403	-0.0883	0.6189898964782227	0.7571928888683922	0.105	0.5879508193941574	0.39948708198982913	0.0886	0.5516513691838583	0.044612093184461674	0.0972	0.5380481785576249	0.0035041636909086886	0.0766	0.5081526795465634	0.00022867759767929543	0.12	0.5504339817924686	-0.017798894628838262	0.0883	0.725815290982499	1.3560694620679057	0.0	0.7340460743270625	1.5492400750424098	0.0	0.742273783315902	1.4515082976130773	0.0	0.888410022399838	1.2514261908445488	-0.2016	0.8961665323662893	1.0080868111192538	-0.1613	0.7463880302204831	1.0305575952366577	-0.12	0.5549948558749727	1.2595908799835949	0.2016	0.531785970611557	1.0208390145986985	0.1613	0.6739565840944866	1.0158884339414442	0.12
5	0.08333333333333333	0.7087767558149402	0.7995350387630524	0.0	0.8002288374750928	0.7575967664619194	-0.105	0.8100835946579914	0.38635418802315896	-0.0886	0.8307153447863155	0.0294557952035959	-0.0972	0.886560795494615	-0.00945596437371281	-0.0766	0.9065741594664223	-0.03423928634727576	-0.12	0.8217014576973856	-0.029273356205000302	-0.0883	0.6191789676027362	0.7571419976355078	0.105	0.5881919823028829	0.3991013967472635	0.0886	0.5518447647834761	0.04420345972827658	0.0972	0.5381945328588533	0.0029283786467582647	0.0766	0.5078828798908653	-1.246246159779512e-06	0.12	0.5504737559344309	-0.01902155592066907	0.0883	0.7255462763262757	1.3561546626437722	0.0	0.7343870972752322	1.5493411222811724	0.0	0.7425896181811247	1.4511667064240423	0.0	0.8885936265965322	1.2510262986467438	-0.2016	0.8964893594579002	1.007603313806287	-0.1613	0.7467738518346803	1.030557390103721	-0.12	0.5547354280325533	1.2592757344878964	0.2016	0.5318149958343474	1.0206176853258107	0.1613	0.6742029286845636	1.0156137126859528	0.12
6	0.1	0.7086650662730895	0.7997195907286825	0.0	0.8002958257303342	0.7576415701408828	-0.105	0.8103294609623999	0.3863200185359372	-0.0886	0.8304157318744975	0.029144104389720395	-0.0972	0.8863811889736084	-0.009819969903241112	-0.0766	0.906301501527321	-0.035000466821640465	-0.12	0.8218337817039846	-0.02970955931124311	-0.0883	0.619287592368638	0.7576943117530347	0.105	0.5883319233728784	0.3989445795841222	0.0886	0.5519650051651348	0.043851898213258696	0.0972	0.536992094186749	0.002504454249473401	0.0766	0.5076417098905952	-0.00046217319439803583	0.12	0.5507338772847462	-0.019943100727501138	0.0883	0.7256017619418411	1.3559681304681035	0.0	0.7346866908299102	1.549291978678957	0.0	0.7428348838824516	1.4508402133439242	0.0	0.8887105523540565	1.2506812154333085	-0.2016	0.8967322754670709	1.0072984499013087	-0.1613	0.7472033644402606	1.0307527580576965	-0.12	0.5547191862868734	1.2592684711788806	0.2016	0.5316925871181624	1.0206268223900503	0.1613	0.6743710097770768	1.015489958903664	0.12
7	0.11666666666666667	0.7087000654722361	0.799743910563754	0.0	0.8004626833665917	0.7581010899107203	-0.105	0.8102135078587405	0.3866423081448448	-0.0886	0.8301187139778152	0.029101865842777477	-0.0972	0.8866315783781639	-0.010001778984529907	-0.0766	0.906397696827737	-0.03527794910373246	-0.12	0.8215715107515006	-0.02998979966564067	-0.0883	0.6190466174541168	0.757604964976747	0.105	0.5882691695234231	0.3990684154749693	0.0886	0.5517365550536631	0.043561548154668915	0.0972	0.5361158575893741	0.0022363481709934485	0.0766	0.5071234461431241	-0.001074924851818995	0.12	0.5510031048598095	-0.020273282778735583	0.0883	0.7258364428138742	1.3555231223177273	0.0	0.7346406872859003	1.5493290221726217	0.0	0.742696382408177	1.450710548564478	0.0	0.8885668438005699	1.2505932646224176	-0.2016	0.8965993423705899	1.0072238251759429	-0.1613	0.7472470236167003	1.0339359417974254	-0.12	0.5547842791609534	1.2591844926454143	0.2016	0.5317112172456812	1.0204227829091501	0.1613	0.674080923328023	1.0167480485646594	0.12
8	0.13333333333333333	0.7087194809212467	0.7997649018860703	0.0	0.8005723119870752	0.7594577414292059	-0.105	0.8103200401563471	0.38685167446379687	-0.0886	0.8300242087141833	0.029346449462920875	-0.0972	0.8872033816871226	-0.010124285712940056	-0.0766	0.9067394735788037	-0.035459546130324204	-0.12	0.8213683449614787	-0.030228271289517845	-0.0883	0.6188755012829357	0.7586142244583278	0.105	0.588301813605019	0.3988404229512248	0.0886	0.5515881944060285	0.043244709076750876	0.0972	0.5351090954881119	0.0020220154078618895	0.0766	0.5065408585107649	-0.0011501001316539736	0.12	0.5511009545420632	-0.020489861222423196	0.0883	0.7259760275534236	1.355423595323243	0.0	0.7349418756637153	1.5493847076882226	0.0	0.7427625283081581	1.4507068401172707	0.0	0.8885286388652672	1.2507291646113392	-0.2016	0.896674514741242	1.0072636002999316	-0.1613	0.7482839338723105	1.0431035061141407	-0.12	0.5547046138470586	1.2589116570712797	0.2016	0.5317098375509786	1.0204560571357686	0.1613	0.6738240348541569	1.01821924095631	0.12
9	0.15	0.7087338662380416	0.7999022418418515	0.0	0.800660481876689	0.7594368050133081	-0.105	0.810483735914573	0.38701277779902166	-0.0886	0.8299393066601501	0.02910997855166941	-0.0972	0.8880276821785296	-0.010141487962868073	-0.0766	0.9072459805041309	-0.03548053552874914	-0.12	0.8209579747812575	-0.030362673868342134	-0.0883	0.6187265167774358	0.7586094407012373	0.105	0.5882686750804963	0.3991293641128061	0.0886	0.551476505532528	0.04297520336492943	0.0972	0.535115321111521	0.00127067546407939	0.0766	0.5066631240038953	-0.0016111720418308948	0.12	0.5511867019812482	-0.020492345535378164	0.0883	0.7260862825392552	1.3557477673857528	0.0	0.7354991232190573	1.5494343214337867	0.0	0.7427885322644189	1.4507208113247698	0.0	0.8884598262220967	1.2508978168635811	-0.2016	0.8968295850538323	1.0072772913302872	-0.1613	0.7479911523282047	1.0391309465485024	-0.12	0.5548798618057154	1.2590943049234338	0.2016	0.5317005155350192	1.0205285504404362	0.1613	0.6735326718220822	1.016185018824027	0.12
10	0.16666666666666666	0.7087484971409238	0.7998605150810684	0.0	0.8007262179588955	0.759023883730164	-0.105	0.8111213081208665	0.38703092794904237	-0.0886	0.8300931116683323	0.029140245131501253	-0.0972	0.8884108719586636	-0.010147925870264586	-0.0766	0.9074037831641978	-0.03550218365862183	-0.12	0.8204710757850332	-0.030582894893268556	-0.0883	0.618572136328657	0.7585574695163481	0.105	0.5883189769548733	0.3991308310604583	0.0886	0.551374652146669	0.04260381445224871	0.0972	0.5350070163854896	0.001310816994878119	0.0766	0.5066440065745368	-0.0018006791673516082	0.12	0.5512002456370805	-0.02040073505964809	0.0883	0.7261794941961056	1.3558800325429998	0.0	0.7354858642913564	1.5495519084658844	0.0	0.74317558279692	1.4508795031253743	0.0	0.8884583222858434	1.2515129907920364	-0.2016	0.8974506861532197	1.0074097079223965	-0.1613	0.7493471060946714	1.051020344118899	-0.12	0.5550221132866002	1.2591313048136357	0.2016	0.5316823860821274	1.020348282446344	0.1613	0.6730284475125655	1.0224763263084269	0.12
11	0.18333333333333332	0.708761769906111	0.7999209699586054	0.0	0.8007663059425785	0.7602632005705633	-0.105	0.8118176041268209	0.3870680961658944	-0.0886	0.829966277626742	0.0285786271204464	-0.0972	0.8891975534397538	-0.010024506980218784	-0.0766	0.9075789801499005	-0.03533854658504413	-0.12	0.8201365242021164	-0.03079918480811124	-0.0883	0.6183812223524331	0.7594749714172441	0.105	0.5881089005557204	0.39890984414258973	0.0886	0.5514274612435749	0.04224406197021729	0.0972	0.535318201222964	0.0012399669023266718	0.0766	0.5069097731044286	-0.0015254991540894433	0.12	0.5513752931183501	-0.020368710412239345	0.0883	0.7262675055927164	1.3565411863312211	0.0	0.7354097098113549	1.5496219942373306	0.0	0.7433320948324177	1.451032419022286	0.0	0.8884530680772407	1.2524905784127482	-0.2016	0.8981788985646904	1.007427221625218	-0.1613	0.7496357688928409	1.0494702361215862	-0.12	0.5552534361671031	1.2597531675721823	0.2016	0.531754299273585	1.020180902709796	0.1613	0.6725001881588152	1.0223137807181306	0.12
12	0.2	0.7087624115026008	0.7995711602567617	0.0	0.8007887754815415	0.7587242991043616	-0.105	0.8122185363362815	0.38725283807754696	-0.0886	0.8298107724811156	0.027234895773634114	-0.0972	0.8889259265086659	-0.009914231245863625	-0.0766	0.9075940322175982	-0.03518576035629435	-0.12	0.8196132331604865	-0.031815940551130364	-0.0883	0.6181395311292437	0.7578780371567069	0.105	0.5879821604687643	0.3985860828934602	0.0886	0.5514436245264038	0.04181877590409028	0.0972	0.5355304225913476	0.0006715185458817184	0.0766	0.5070520721077191	-0.001647648601703306	0.12	0.5514486562426703	-0.02033699334424724	0.0883	0.7263484875869355	1.3571769808986698	0.0	0.7360866013933045	1.549876944904416	0.0	0.7441785732015282	1.451260475814396	0.0	0.8884413829478024	1.2532619682119066	-0.2016	0.8986408958518062	1.007464555235949	-0.1613	0.7511301094463948	1.066445804592984	-0.12	0.5553947014243402	1.260458234638227	0.2016	0.5317871430769162	1.0200653600660907	0.1613	0.672530450655892	1.0357057759500443	0.12
13	0.21666666666666667	0.7087052069846275	0.7994658149704431	0.0	0.800796340175864	0.7588675767557993	-0.105	0.8123411265958885	0.38722820568873	-0.0886	0.829664595770255	0.026651204124529086	-0.0972	0.8887494955688549	-0.009842959557468951	-0.0766	0.9079263759320993	-0.035078937735618536	-0.12	0.8191957310240354	-0.03219769246047445	-0.0883	0.6176927660452975	0.7578075742252397	0.105	0.5878351575943509	0.3982932318372685	0.0886	0.551384761835245	0.04165507787605277	0.0972	0.5356970784992683	0.00036593559290532744	0.0766	0.5070728053927678	-0.001664764016863356	0.12	0.5513668657556352	-0.02029159714876118	0.0883	0.7263319105777324	1.3578627936450016	0.0	0.7363254852564788	1.5505146824389804	0.0	0.7444987354283248	1.4518549064405113	0.0	0.88842445817267	1.2538480230023792	-0.2016	0.8988089494780439	1.0076364889927514	-0.1613	0.7518699294582204	1.0716236009869984	-0.12	0.555394460429962	1.2612695794922886	0.2016	0.5317544992434117	1.0200655925318676	0.1613	0.6720506658243786	1.0389926563377871	0.12
14	0.23333333333333334	0.7086371458837643	0.7997438980482634	0.0	0.8007826360871337	0.7604487693240973	-0.105	0.8124762393000708	0.3868871167037926	-0.0886	0.8296461273139707	0.026436525676119996	-0.0972	0.8887379775030636	-0.00980335751175149	-0.0766	0.9082173454349576	-0.03500088922662507	-0.12	0.8190757478457765	-0.03233539483565346	-0.0883	0.6177345605628161	0.7591994540454845	0.105	0.5876965881351607	0.397967525646945	0.0886	0.5513111892760745	0.041649176132912163	0.0972	0.5363524742540284	0.0003114945354536103	0.0766	0.5072070369288574	-0.001632736628790241	0.12	0.551272031761237	-0.02024961762051854	0.0883	0.726337515502799	1.3585082979604288	0.0	0.7364613197418549	1.5518645002256273	0.0	0.7446722669051253	1.452888717059594	0.0	0.8884599377063606	1.2544473717301605	-0.2016	0.8990091469033515	1.0079702020007804	-0.1613	0.7535292282953571	1.0746506586364921	-0.12	0.555360288476987	1.2620029582974928	0.2016	0.5317173593542333	1.020132100587226	0.1613	0.6720129857697915	1.041465955654475	0.12
15	0.25	0.7085472958364136	0.7999525541200592	0.0	0.8006906935603484	0.7619326453094741	-0.105	0.8126088533490907	0.38665780380841275	-0.0886	0.8296747789650315	0.026261640309589777	-0.0972	0.8887327315493139	-0.009823086378692152	-0.0766	0.9083846111694436	-0.03500162671839039	-0.12	0.819147726299082	-0.03245604986820104	-0.0883	0.6175149293854474	0.7605998593433159	0.105	0.5876182918209666	0.39744836323170324	0.0886	0.5512794230614282	0.04160403515927593	0.0972	0.5367824743564328	0.00035488528199746107	0.0766	0.5078974613367585	-0.0016649139797335472	0.12	0.5512409091688597	-0.020275471192513262	0.0883	0.7263726356803393	1.358471046427962	0.0	0.7365534991391836	1.5527570167947575	0.0	0.7447722989630127	1.4534442133319625	0.0	0.8885141331167089	1.2543251841651615	-0.2016	0.8991766083225771	1.0079589204079278	-0.1613	0.7540287265773684	1.0774019248056825	-0.12	0.5553627170088339	1.2626530789082266	0.2016	0.5317137612077893	1.020161664401259	0.1613	0.6714857829291999	1.0442332946695856	0.12
16	0.26666666666666666	0.70843097707402	0.800002381671583	0.0	0.8004871805338747	0.7633561866314318	-0.105	0.8128174128534781	0.38644371444047754	-0.0886	0.8297964067072577	0.026078745616741224	-0.0972	0.8887301966630301	-0.009889625776268576	-0.0766	0.908461292512297	-0.03505078377347224	-0.12	0.8195012835507235	-0.03259306039116385	-0.0883	0.6169310988250805	0.7620445950773691	0.105	0.5876743857179152	0.3970184636920682	0.0886	0.5513553322783332	0.0415097610970585	0.0972	0.5372306057479153	0.0005756809263862491	0.0766	0.5086202571293569	-0.0017561572844288697	0.12	0.5513432344348586	-0.020358233228705516	0.0883	0.7265044318582672	1.3585387067632757	0.0	0.7367360516335915	1.5528799475634518	0.0	0.7449285642944471	1.4534574458448801	0.0	0.8886001032236981	1.2543891152928255	-0.2016	0.899392041953481	1.0080266638614064	-0.1613	0.7541755605263992	1.0761897842800905	-0.12	0.5554731021815665	1.2627297938087794	0.2016	0.5317811499205133	1.0201663315761036	0.1613	0.6713042594513101	1.0450742607905896	0.12
17	0.2833333333333333	0.7082351910202888	0.7998397830719258	0.0	0.8000511483178439	0.7627998622614843	-0.105	0.8131258664983486	0.386159171756494	-0.0886	0.8300474775100567	0.025866276502925913	-0.0972	0.8886760688602076	-0.010018749756149064	-0.0766	0.9084201611484263	-0.03516938916895522	-0.12	0.8202740847158178	-0.032794452652526736	-0.0883	0.6168749550031932	0.7614643123622791	0.105	0.5878779696962881	0.39652578473931144	0.0886	0.551567428400213	0.041302778591032666	0.0972	0.5378726037170832	0.0011389768970642734	0.0766	0.5094037683446428	-0.0019763227423721655	0.12	0.5516276186424853	-0.02054456164581336	0.0883	0.7267925647848128	1.35870559611732	0.0	0.7371068104099396	1.5524922370770768	0.0	0.7452036954772435	1.4531153707863937	0.0	0.888728311322836	1.2546548809965623	-0.2016	0.8996999692884001	1.0081808295598451	-0.1613	0.753920182261788	1.0714075911571155	-0.12	0.5557235394171105	1.262191244099033	0.2016	0.5319292041142057	1.0201252746497307	0.1613	0.6712796875120617	1.047143879143344	0.12
18	0.3	0.7084738766523376	0.7997205584895359	0.0	0.7998766852677264	0.7635800392683944	-0.105	0.8133205873477807	0.38587973069349557	-0.0886	0.8302491900530505	0.02573430655250942	-0.0972	0.8880953734376751	-0.010138024257830355	-0.0766	0.9078151942311253	-0.03516375352016049	-0.12	0.8213231953981958	-0.03293002771560611	-0.0883	0.6169428048732577	0.7622175387250554	0.105	0.5880363312527317	0.3961887678905049	0.0886	0.551790056919653	0.041233524521091414	0.0972	0.5384275967692208	0.0014114757846086087	0.0766	0.5099218802522371	-0.002143553585678375	0.12	0.5518955552982119	-0.02069765167281281	0.0883	0.7270487253723853	1.3586038435676715	0.0	0.7373839178007967	1.552236389693083	0.0	0.7455636089629846	1.4528447815648806	0.0	0.8887557419967406	1.2545697940009373	-0.2016	0.8998949962364264	1.008150656018984	-0.1613	0.7566109487924927	1.0755414139004373	-0.12	0.5559961978769319	1.2617801684197651	0.2016	0.5320620099839797	1.020498824875746	0.1613	0.6707468400916832	1.0532266098914007	0.12
19	0.31666666666666665	0.7086245200812634	0.7997711501478578	0.0	0.7998969243193115	0.7644871056018094	-0.105	0.813418171075571	0.3856437634398413	-0.0886	0.830423814827639	0.025632675035357468	-0.0972	0.8877552515332631	-0.010242642743777213	-0.0766	0.9075052172316204	-0.034944175388532575	-0.12	0.8219089039949751	-0.033025740790708046	-0.0883	0.6170226858999089	0.7631411488502862	0.105	0.5881342123602157	0.3960149372471211	0.0886	0.5519700897893052	0.04138294534631985	0.0972	0.5389832031843212	0.0015996897410855207	0.0766	0.5102104527850535	-0.0022906202127492884	0.12	0.5520848558515359	-0.020836757549861706	0.0883	0.7272355259344706	1.3584860027433188	0.0	0.7375568538156503	1.5523139342142969	0.0	0.7457704691024953	1.45265858449998	0.0	0.8885832256869647	1.254437380273009	-0.2016	0.8999996834336218	1.0080732841258189	-0.1613	0.756692580327953	1.0791134305142083	-0.12	0.5561730212426562	1.2615322835304588	0.2016	0.5321014959251466	1.020740958213777	0.1613	0.6706993109663356	1.0482879126122706	0.12
20	0.3333333333333333	0.7091460938489611	0.8001845610587439	0.0	0.8000956585343564	0.7665308632759342	-0.105	0.8134368461995122	0.3854372566220293	-0.0886	0.8305947868328751	0.025568966950040146	-0.0972	0.887520755625488	-0.010313871261863687	-0.0766	0.9072451522043352	-0.034286834387507396	-0.12	0.8221700145003583	-0.03306041423883458	-0.0883	0.617093192235602	0.7655044865528821	0.105	0.5881352514017133	0.3960085923088969	0.0886	0.5520721543074179	0.04207220327334031	0.0972	0.5399463720038225	0.0017418419559684607	0.0766	0.5103742957922704	-0.0024124404857763073	0.12	0.5521917412301582	-0.02095167676869628	0.0883	0.7273555790823977	1.3583512986069615	0.0	0.7376350937912071	1.552878040108443	0.0	0.7458561939039667	1.4525242806543865	0.0	0.8881020435075399	1.254237364916168	-0.2016	0.9000201959716737	1.0079388744576	-0.1613	0.7596574034452106	1.0800834935839816	-0.12	0.5562633488088703	1.261337009294888	0.2016	0.5319878002349403	1.0210522589495512	0.1613	0.6702426895363133	1.0613922474487973	0.12
21	0.35	0.7094350602770971	0.8005963039701048	0.0	0.800118054659515	0.7660789555949319	-0.105	0.8134389393028878	0.3853076072735818	-0.0886	0.8308588987071762	0.025589768007897848	-0.0972	0.8874456342855249	-0.0102945682340584	-0.0766	0.9070560301249448	-0.03376381992052847	-0.12	0.8223120278143786	-0.03294535331429096	-0.0883	0.6172682631195807	0.7655270640298841	0.105	0.5880408628721978	0.39591752468450075	0.0886	0.5521367678939587	0.04242202444014104	0.0972	0.5394107825793146	0.001948720031832914	0.0766	0.5105661833056546	-0.0024144918325953516	0.12	0.552310650548556	-0.020966674622248563	0.0883	0.7275085878981921	1.3582898303704645	0.0	0.7377487725308896	1.5530692858744	0.0	0.7459478466305444	1.452501392555182	0.0	0.8879767527542627	1.254075008129984	-0.2016	0.9000324722892428	1.0078113574498286	-0.1613	0.760307905568002	1.080690872032124	-0.12	0.5563220129067268	1.2612635669152121	0.2016	0.5319210008591301	1.0216671575701908	0.1613	0.670137085102882	1.0623655888819146	0.12
22	0.36666666666666664	0.7096021036319972	0.8008583583906853	0.0	0.8003692267948987	0.7677704215176575	-0.105	0.8133511156131381	0.38529662094790657	-0.0886	0.8312503243794432	0.025731285091678945	-0.0972	0.8874362557284705	-0.010119424840879644	-0.0766	0.9068215455077044	-0.0333712367690976	-0.12	0.8222713375666264	-0.03256330976196694	-0.0883	0.6175453004248497	0.7668969920850344	0.105	0.5880062417088857	0.3958052291395918	0.0886	0.5520145632134146	0.042707652060904364	0.0972	0.5390824818854094	0.002374423065159354	0.0766	0.5107349653679293	-0.002086983148209187	0.12	0.5523233391939816	-0.020745729102898843	0.0883	0.7276477355142051	1.3583349750347868	0.0	0.7377929075121589	1.5531251720107606	0.0	0.7459189154098811	1.452772002456074	0.0	0.8881340251177439	1.2539826809376067	-0.2016	0.8999406738798847	1.0077393103359011	-0.1613	0.7590162692544816	1.079092022545437	-0.12	0.5562907311640932	1.261121114332373	0.2016	0.531880956409703	1.0220891836258368	0.1613	0.6702911057697948	1.0605706756645363	0.12
23	0.3833333333333333	0.7096450589837922	0.8009674892841095	0.0	0.8005987985684602	0.7659776440629371	-0.105	0.813178228052731	0.38527950924162196	-0.0886	0.8320001518677803	0.02589628306335406	-0.0972	0.8875710105408149	-0.009844261462640676	-0.0766	0.9065109547661055	-0.03315770166240737	-0.12	0.822086715024056	-0.03195103662316143	-0.0883	0.6182199082916175	0.764839601082698	0.105	0.5880344238302734	0.39586473329219335	0.0886	0.5519234542183519	0.04293455252724538	0.0972	0.5386379154215128	0.003072975469522644	0.0766	0.5110095459177622	-0.0011687875686630172	0.12	0.5522013877003037	-0.020241859100274703	0.0883	0.7278869624568092	1.3584976813017227	0.0	0.7378499961990898	1.5530896887656882	0.0	0.7457655200086788	1.4534932317443408	0.0	0.8887024014194105	1.2539029259419507	-0.2016	0.8997487160973084	1.0076946557356405	-0.1613	0.7586208973633013	1.0769433094802787	-0.12	0.5561710032919143	1.2610685437764562	0.2016	0.5318584628626644	1.0223234927341498	0.1613	0.6707939331906475	1.0584560926055424	0.12
24	0.4	0.7096567211003794	0.8010356790955815	0.0	0.8007685410813182	0.7656371050482376	-0.105	0.8129484134259652	0.38526632106967706	-0.0886	0.8321527096221535	0.025929272280875902	-0.0972	0.886895125931506	-0.00959612564338443	-0.0766	0.9061697094695664	-0.03299385732023415	-0.12	0.8218424575660868	-0.03127919469687856	-0.0883	0.6200032912149709	0.764600669698973	0.105	0.5879260483209687	0.39571358289800057	0.0886	0.5518166663582399	0.04317850047383571	0.0972	0.539526467617447	0.003893731792296996	0.0766	0.5116780444340933	0.0010727769509927846	0.12	0.5519052827797875	-0.01938767420783277	0.0883	0.7285124371972086	1.3588465996771664	0.0	0.7382485006065131	1.553037593090231	0.0	0.7455230241721184	1.4546134163647775	0.0	0.889435093934829	1.2538071600931002	-0.2016	0.8994999599515582	1.0075946396791073	-0.1613	0.7594290741299642	1.0790627405151771	-0.12	0.5559674287982841	1.2611229943367481	0.2016	0.5318405576157178	1.0224542250244335	0.1613	0.670915873754283	1.0646767876810264	0.12
25	0.4166666666666667	0.7099242922844166	0.8010913324566757	0.0	0.8009097959317938	0.7650826993237626	-0.105	0.8128534015978353	0.385249525072022	-0.0886	0.8322676754365662	0.026032879015101543	-0.0972	0.8865202198775026	-0.009172830906291575	-0.0766	0.9060211576332221	-0.0328925810765267	-0.12	0.8217475548279936	-0.030910849323629985	-0.0883	0.6209337742916478	0.7645324776365567	0.105	0.5878592654327884	0.39564694558775915	0.0886	0.551845263476261	0.04330462854423282	0.0972	0.5400839644877967	0.004124495652762189	0.0766	0.5119642395812705	0.002183405259890986	0.12	0.5517572851446518	-0.018848818103127107	0.0883	0.7288429255108164	1.3585711999979495	0.0	0.7376425734695774	1.5530674387015422	0.0	0.7453352953330257	1.454886511811571	0.0	0.8895508410926363	1.2537677784761856	-0.2016	0.8994272320307154	1.0075780161516552	-0.1613	0.7597694732066054	1.0801105735199363	-0.12	0.5558553963690691	1.261587538090046	0.2016	0.5318335940637847	1.022558691823608	0.1613	0.671024268780806	1.0657892933533981	0.12
26	0.43333333333333335	0.7106261450938776	0.8010998181760122	0.0	0.8010151546208348	0.7653552397647168	-0.105	0.8128413569967806	0.3852401092117442	-0.0886	0.8323522615407617	0.02621738031243331	-0.0972	0.8863427153064162	-0.008617457307719923	-0.0766	0.9059439034736724	-0.03280521206459368	-0.12	0.8217114416293047	-0.03069856556023281	-0.0883	0.6213422954543529	0.7645220766766847	0.105	0.5878264873101402	0.3955828362474154	0.0886	0.5517438541237465	0.043341242582289476	0.0972	0.5404276517490644	0.004126242843161092	0.0766	0.512070868476689	0.0025962077690195456	0.12	0.5516813077140865	-0.018598660607290287	0.0883	0.7290010959033439	1.3584311981992327	0.0	0.7373690572115993	1.5530618678932866	0.0	0.7452732318539314	1.4554578133795992	0.0	0.8903551389260083	1.2536922376791313	-0.2016	0.8994946669004025	1.007595165246233	-0.1613	0.7599182020291595	1.0817814989831258	-0.12	0.5557948254832817	1.261161416664777	0.2016	0.5318287926584684	1.0225759718521608	0.1613	0.6711273349756555	1.0659639286053033	0.12
27	0.45	0.7109148517980679	0.8011033445190899	0.0	0.8011136252539336	0.7656612393452858	-0.105	0.8129220820793043	0.3852345393091351	-0.0886	0.8324359385539785	0.026494293843204182	-0.0972	0.8862904089942756	-0.008271749020586234	-0.0766	0.9058913211217918	-0.03268713103989544	-0.12	0.8217108855474917	-0.030569642729648676	-0.0883	0.6215498257144578	0.7647491316169326	0.105	0.5878224901889161	0.39555045616292484	0.0886	0.5516879630240483	0.043328570451676714	0.0972	0.5407766733136291	0.00402460513635723	0.0766	0.5120649986436052	0.0027410407979656854	0.12	0.5516556909803081	-0.018511737783000692	0.0883	0.7290672720192701	1.3583559429321406	0.0	0.7372913941588114	1.553085489514798	0.0	0.7451531758499929	1.4552923137584528	0.0	0.8908575298975475	1.253566134218964	-0.2016	0.8997941028296369	1.0077896899629044	-0.1613	0.7600634643266635	1.0822453510806167	-0.12	0.5557665304638455	1.260732623917717	0.2016	0.5318169568176808	1.0225832165173245	0.1613	0.6712402435414229	1.0661995362824315	0.12
28	0.4666666666666667	0.7106268854687651	0.8011160710181382	0.0	0.8011905175625635	0.7663722812846211	-0.105	0.8131266130590838	0.38529032340093644	-0.0886	0.8325071226960237	0.026930507913765153	-0.0972	0.8862852106133225	-0.00807041398342716	-0.0766	0.9058109453449896	-0.03250124116536103	-0.12	0.8217194173431526	-0.030451070735434037	-0.0883	0.6216739464313741	0.7659052999103594	0.105	0.5878277320796406	0.39563660112710863	0.0886	0.5516547557830217	0.04331595674410045	0.0972	0.5415876514960588	0.003841234664878136	0.0766	0.5118979868321478	0.00286816141218566	0.12	0.5516695831573456	-0.018477058452500715	0.0883	0.7291415227146313	1.3583207065341563	0.0	0.7374738550438631	1.5531344943071697	0.0	0.7448951157821225	1.45576374329393	0.0	0.8911376485647856	1.2532640471888492	-0.2016	0.900538974223557	1.0085005946273085	-0.1613	0.7603910668143383	1.0825802888471383	-0.12	0.5557565394400227	1.2600820718362213	0.2016	0.5317754989812434	1.0225858466138085	0.1613	0.6713628740177352	1.0671827558128932	0.12
29	0.48333333333333334	0.7111239867780562	0.8011336281773702	0.0	0.8011435464291397	0.7715587894152514	-0.105	0.813523995063012	0.3854750314442552	-0.0886	0.8325248710781543	0.027235175476296416	-0.0972	0.8862403690989386	-0.007999714899461049	-0.0766	0.905653098250008	-0.03224731434339943	-0.12	0.8216995796663052	-0.030307799395424766	-0.0883	0.6217265022260179	0.7707842005041706	0.105	0.5877860949291286	0.3960640440817429	0.0886	0.5515485036900885	0.04325321723379721	0.0972	0.5444736690371534	0.0034850050320064238	0.0766	0.5113107673098667	0.0030799651436446305	0.12	0.5516768444331545	-0.018525624992747205	0.0883	0.7292277008253966	1.358314711087351	0.0	0.7384491847852555	1.5532432348694314	0.0	0.7437858805688322	1.4555460053431244	0.0	0.8911903489774439	1.2524537518294439	-0.2016	0.9020892445147582	1.008158088526728	-0.1613	0.7620985627627347	1.0833280115534194	-0.12	0.5557167307469901	1.258694622023199	0.2016	0.5316475946520309	1.0225487528621195	0.1613	0.6714942016928137	1.0639040885723001	0.12
30	0.5	0.7115357251241717	0.8011105249130464	0.0	0.8011716654069644	0.7693445119774386	-0.105	0.814395959352143	0.3860121309490437	-0.0886	0.8326635274411239	0.02732180109217313	-0.0972	0.8862089228218761	-0.007907782022625065	-0.0766	0.9054526109900304	-0.031845407462080706	-0.12	0.8217267622955672	-0.029947801483887055	-0.0883	0.6219336845778587	0.768036420820166	0.105	0.5878443560496581	0.39714565982201433	0.0886	0.5515335976395145	0.043253018351721406	0.0972	0.5458548867876536	0.003558294119550002	0.0766	0.5115152993241414	0.003940400392962327	0.12	0.5516700794165046	-0.018502200005475058	0.0883	0.7294191716199144	1.358379620620447	0.0	0.7394919185928512	1.5534099864588438	0.0	0.7434268549798116	1.4559582293952913	0.0	0.8913208003598174	1.2521059449431384	-0.2016	0.903382928901279	1.0077940658934785	-0.1613	0.7647792531724068	1.0893906757265988	-0.12	0.5557920000222641	1.2575073434957367	0.2016	0.5314920925009645	1.0221767321304223	0.1613	0.6716793090501251	1.0684124703032132	0.12
31	0.5166666666666666	0.7119269963324238	0.8011131349917	0.0	0.8010651859118846	0.7689808331232061	-0.105	0.8157299295205866	0.3858439733031743	-0.0886	0.8328770980796906	0.02726752451688259	-0.0972	0.886256719999454	-0.007585706818692243	-0.0766	0.9058173264130372	-0.03181924368352459	-0.12	0.8217476819723636	-0.03053011432159648	-0.0883	0.6222021136848404	0.7676761032277755	0.105	0.5879865162902596	0.3995953316715014	0.0886	0.5515295236432554	0.04365745833391353	0.0972	0.5473049497294189	0.0035104318782780966	0.0766	0.5114876517534207	0.003767768498724137	0.12	0.5516495020943314	-0.018042300671824236	0.0883	0.729689697837992	1.358616162000979	0.0	0.7415397337484314	1.5538346623122659	0.0	0.7444764658066652	1.4555074004152486	0.0	0.8913843267433859	1.2523829959916353	-0.2016	0.904493511780764	1.0070213277790188	-0.1613	0.7675601378072912	1.092008025219304	-0.12	0.5559111180562015	1.2580870357454845	0.2016	0.531223827255381	1.020904415863462	0.1613	0.671938257260249	1.0729142773960987	0.12
32	0.5333333333333333	0.7120407615068096	0.8010716802757988	0.0	0.8026428082604665	0.7709781824765232	-0.105	0.8164925698996085	0.3854924987345711	-0.0886	0.8329855655029039	0.025867079271076215	-0.0972	0.8864940884092012	-0.008083170086612673	-0.0766	0.9061593982569188	-0.03158666708526174	-0.12	0.8215813477539468	-0.031835193340452414	-0.0883	0.6224999659240921	0.7697323105052224	0.105	0.5880830784486344	0.3985132713419597	0.0886	0.5515637919438009	0.04305466872715038	0.0972	0.5451227066370464	0.003521792976059265	0.0766	0.5110376458889913	0.0029602008541016024	0.12	0.5516901042759145	-0.01856498827256617	0.0883	0.7298667570952397	1.358462863249605	0.0	0.7422117610351946	1.5540228635466875	0.0	0.750350103628609	1.4545548667411803	0.0	0.8905510016026457	1.252646836941571	-0.2016	0.9052265317092446	1.0057496316745123	-0.1613	0.7665351918469838	1.0905744651810092	-0.12	0.5561744172958676	1.2577262341500737	0.2016	0.530812171096633	1.0200489500589673	0.1613	0.6723170261135354	1.068632814754826	0.12
33	0.55	0.712361529551411	0.8011409719009343	0.0	0.8038382214048602	0.7707374732738854	-0.105	0.8178789328657501	0.3854251559612618	-0.0886	0.8332499282738874	0.024917247301277822	-0.0972	0.8869079197514823	-0.00840884803950998	-0.0766	0.9065300492181867	-0.03157166742211475	-0.12	0.8213584985543003	-0.03237715067805986	-0.0883	0.6228233788929787	0.7694920423830979	0.105	0.5883461360218232	0.397521344556416	0.0886	0.5515586953176371	0.04189752512745551	0.0972	0.5445632995120451	0.0034648259691047963	0.0766	0.5108189937303058	0.0026159588582350757	0.12	0.5518646218055654	-0.019587733905769497	0.0883	0.7302727904570079	1.3585005488263817	0.0	0.7427935600589355	1.5551056172057438	0.0	0.753239448661589	1.4535641275666396	0.0	0.8904178622736366	1.2524263617557259	-0.2016	0.9061919718362499	1.0053074280609384	-0.1613	0.7684105758539435	1.0916208308134934	-0.12	0.556807667548351	1.257168507932863	0.2016	0.5308570831812766	1.0187702103313905	0.1613	0.6727288123542537	1.0710900310857525	0.12
34	0.5666666666666667	0.7126077481424642	0.8012320930458716	0.0	0.8041688857071493	0.7697036009737924	-0.105	0.8183337735303456	0.3857645467627751	-0.0886	0.8334556340321047	0.02396405328173745	-0.0972	0.8876145614668264	-0.008889725897808563	-0.0766	0.9069679995113599	-0.031954080635721076	-0.12	0.8215455084592457	-0.032407073868122534	-0.0883	0.6232994730829026	0.7685611620001724	0.105	0.588689521682444	0.39719306017117983	0.0886	0.5516281219658712	0.04152794134592257	0.0972	0.5443225168288762	0.00318266234088799	0.0766	0.5106926762170131	0.002239295803200236	0.12	0.5518200485878225	-0.019968902190801364	0.0883	0.7307520544280444	1.3586998017275196	0.0	0.743091967972458	1.555133713332637	0.0	0.7549961755706234	1.4532742384716262	0.0	0.890867762804658	1.2529954024459757	-0.2016	0.9079302429654605	1.0051309224689864	-0.1613	0.7691573108334591	1.0931795160245377	-0.12	0.5579742428627424	1.2578369951271573	0.2016	0.5311014271790631	1.0185783032998679	0.1613	0.6734040257742234	1.0731670552594985	0.12
35	0.5833333333333334	0.7138280573483795	0.8013159311510454	0.0	0.8043376583051691	0.7677050438886364	-0.105	0.8185465517410855	0.38666904175398176	-0.0886	0.8339896495375263	0.023294233847488948	-0.0972	0.8870148074834132	-0.009114750922922386	-0.0766	0.9061701182575219	-0.03202070987301835	-0.12	0.8217618060636893	-0.03231085736943962	-0.0883	0.6244602815612047	0.7670401537170097	0.105	0.5896456386106521	0.3984029312013449	0.0886	0.5515781977982868	0.04140716429442852	0.0972	0.5450347989964457	0.003097587100553162	0.0766	0.5111578560347946	0.0027356157502353203	0.12	0.5515212210530104	-0.019821613470630117	0.0883	0.7316936151153978	1.3589641734923985	0.0	0.7445676928107728	1.556096276605341	0.0	0.7541736833362173	1.4533084654599533	0.0	0.8913880344352378	1.252720773128632	-0.2016	0.9101188906190598	1.0036176422689134	-0.1613	0.7751402331231856	1.1003731677364808	-0.12	0.5587573964370427	1.257857790306414	0.2016	0.5318408960281824	1.015702297515532	0.1613	0.673734688146191	1.079623825748627	0.12
36	0.6	0.714353137932829	0.8014435139394721	0.0	0.8044709721350937	0.7593063151294399	-0.105	0.8186900578826367	0.3884346335457024	-0.0886	0.8351037267328599	0.021965998871727278	-0.0972	0.8857547375891914	-0.009302370742673474	-0.0766	0.9050715869888217	-0.03209631982587814	-0.12	0.8219122358173805	-0.0322741963636175	-0.0883	0.6260176080856609	0.7602331758911123	0.105	0.5902796765427528	0.39948155998226337	0.0886	0.551514150251174	0.040060763707941774	0.0972	0.5444535944574385	0.0030434340231695156	0.0766	0.5114958992597324	0.002407202883188367	0.12	0.5502219364538276	-0.019092420541660222	0.0883	0.7329747790876993	1.3592563464509366	0.0	0.7451961559519084	1.5551466832147574	0.0	0.7544658108662943	1.4534444648530254	0.0	0.8917271562067198	1.2523921128235536	-0.2016	0.9111866828785968	1.0028224200888187	-0.1613	0.7766352529038685	1.1024526760179736	-0.12	0.559646501599204	1.2591168049099546	0.2016	0.5330087679875974	1.0133306621248181	0.1613	0.6753634801227996	1.0840866874793331	0.12
37	0.6166666666666667	0.7144519728085142	0.8016725170238976	0.0	0.8045677165757477	0.7622892694544152	-0.105	0.8188533433555559	0.3893289460635744	-0.0886	0.8355340657685125	0.02157660742294448	-0.0972	0.884898980942038	-0.00937875633944273	-0.0766	0.9044126503662148	-0.03210158203502488	-0.12	0.8219447981887374	-0.03221050142585978	-0.0883	0.6265217189983529	0.7617324592473455	0.105	0.5909149303604359	0.4015240946993214	0.0886	0.5513530409592553	0.039461194136987045	0.0972	0.5453685714643782	0.0031636951115958274	0.0766	0.5116240891940897	0.0030300524249338512	0.12	0.5494735968036142	-0.018629602228382263	0.0883	0.7344094567319317	1.3594822273889196	0.0	0.7458825172425115	1.5556853195539213	0.0	0.7569149405387411	1.4535584985296182	0.0	0.8918378356882153	1.2513790933840212	-0.2016	0.9132779579294703	1.0010438480631778	-0.1613	0.7788666693136321	1.1046915921793152	-0.12	0.5606523503706049	1.2592271847288297	0.2016	0.5338878008730418	1.012292278635823	0.1613	0.6760113879160208	1.0901471564163203	0.12
38	0.6333333333333333	0.7139970827064467	0.8021671037427425	0.0	0.8050953647193567	0.765323873451917	-0.105	0.8193488352662339	0.3898496074015178	-0.0886	0.83569134208174	0.021994271987046097	-0.0972	0.88420300896561	-0.009320277690377118	-0.0766	0.9040715645121505	-0.03199927399601059	-0.12	0.8218172180599468	-0.03210774562794645	-0.0883	0.6264799079195518	0.7644515465790513	0.105	0.592081240131703	0.4027115290591576	0.0886	0.5507137561264801	0.039549949887092845	0.0972	0.5469205097598222	0.0036508056225517424	0.0766	0.5114630568013239	0.004151985575199772	0.12	0.5494791566164925	-0.01901859799306482	0.0883	0.735539047998134	1.3594469223240386	0.0	0.7485607819436271	1.5565835010528126	0.0	0.761526920389898	1.4535280595887132	0.0	0.8914596361246269	1.251058689104476	-0.2016	0.9149756242135492	0.9997208509963764	-0.1613	0.7789775769219804	1.1039215632254993	-0.12	0.5613549413120922	1.258854680085206	0.2016	0.5347248910436858	1.0113088209274714	0.1613	0.6758821622671242	1.0951588272686235	0.12
39	0.65	0.7150035883982162	0.8036701330463473	0.0	0.8051073680264519	0.7737000359306676	-0.105	0.8194427346338423	0.3902997595126136	-0.0886	0.8363845713255108	0.02342802142695669	-0.0972	0.881484158231345	-0.009265136063467244	-0.0766	0.9033434876631609	-0.031885506133816584	-0.12	0.8220712120399306	-0.03202992791152269	-0.0883	0.6281065649734745	0.7740665303854736	0.105	0.5935148606971703	0.4047124225495942	0.0886	0.5503384862720786	0.04075154639006131	0.0972	0.5510044249093325	0.004689075910025729	0.0766	0.5119973259084462	0.0075999587646955	0.12	0.5481864239443827	-0.019141220928579276	0.0883	0.736049495389666	1.3591924544433118	0.0	0.7509180867642453	1.5599651114628161	0.0	0.7627832723162691	1.4534509894135945	0.0	0.892207429574889	1.248481775613278	-0.2016	0.9189481373047649	0.9959692971639108	-0.1613	0.7898148794204976	1.1097488323950744	-0.12	0.5616229672296452	1.25729145022173	0.2016	0.5348542470900914	1.0104600743508851	0.1613	0.6728304854126911	1.0990450803378624	0.12
40	0.6666666666666666	0.7158179015831444	0.8049254424833315	0.0	0.8041350383960706	0.7785008617595076	-0.105	0.8198585266824585	0.3910680052137725	-0.0886	0.836615930985073	0.02443739176571782	-0.0972	0.876946633456721	-0.009348572083294131	-0.0766	0.903169617607816	-0.03189381171231357	-0.12	0.8218356552011677	-0.03201568727458253	-0.0883	0.6310766117044048	0.7770358369856983	0.105	0.5953901127158028	0.4045658300132163	0.0886	0.550554686595606	0.041746461744203836	0.0972	0.554247092978784	0.0051327019980741545	0.0766	0.5117127475711967	0.008286826347459503	0.12	0.548224582835051	-0.01898580279941849	0.0883	0.7368535192325113	1.3581867356602575	0.0	0.7520161358877986	1.5626799585669409	0.0	0.7641886403815227	1.4532736655568401	0.0	0.8929217293292246	1.246910700682554	-0.2016	0.9204096881802647	0.9942900753353527	-0.1613	0.7973548694585094	1.1122058963286494	-0.12	0.5617174640834162	1.2542470584647885	0.2016	0.5341962153414114	1.0096242013554113	0.1613	0.6693164190656425	1.1026578538742553	0.12
41	0.6833333333333333	0.7161674286523523	0.8077401636284766	0.0	0.802462991945695	0.8020033017672336	-0.105	0.8198994930717548	0.39496061614772004	-0.0886	0.8373661168929387	0.026262875488606906	-0.0972	0.8699957460787845	-0.009632653633591249	-0.0766	0.9016530596606097	-0.032046618123033485	-0.12	0.8217673032926075	-0.0320413645996918	-0.0883	0.6350872114452927	0.8045432220964297	0.105	0.5968692697856972	0.4106137802254163	0.0886	0.5513152598351931	0.046762950822221996	0.0972	0.5638640462466779	0.006420886489120454	0.0766	0.5115336284134535	0.01282682464265622	0.12	0.5496700280648819	-0.016930136523775532	0.0883	0.738312677840619	1.3554964712641624	0.0	0.7592531928028717	1.5713659566936	0.0	0.7624228110517223	1.4536656852169292	0.0	0.8933367833078173	1.241988081711906	-0.2016	0.9223584382754082	0.992764044125188	-0.1613	0.8099014944117192	1.1132566002262103	-0.12	0.5610281559580018	1.2486200195259813	0.2016	0.5338698823388139	1.008843927605298	0.1613	0.6664110713311935	1.1108815036392443	0.12
42	0.7	0.717559258702564	0.8069634244776965	0.0	0.8009688453472649	0.8030758209248526	-0.105	0.8213241779637271	0.3949003653368596	-0.0886	0.8384522916139252	0.026348922126011403	-0.0972	0.8705383617505541	-0.0099350551497211	-0.0766	0.9018095071167691	-0.03216678755459507	-0.12	0.822219245524365	-0.032042426134297405	-0.0883	0.6359775752222926	0.8050538835573492	0.105	0.5978725381721081	0.41257560526484066	0.0886	0.551126253526788	0.04915558477421694	0.0972	0.5641420461480032	0.007660449922092909	0.0766	0.51141340551096	0.01473909409876159	0.12	0.5499540592168335	-0.015695852287279516	0.0883	0.7386263356743604	1.3532820575961788	0.0	0.7617561942039599	1.5726470767087088	0.0	0.7645866718744984	1.4542513128167798	0.0	0.896602826850972	1.2396694713983698	-0.2016	0.9227148176398565	0.9914277164749485	-0.1613	0.818398071675245	1.1109237328257724	-0.12	0.561163307983807	1.2472711580956828	0.2016	0.5336773957606614	1.0089167568736992	0.1613	0.6650414428365963	1.1098175196506743	0.12
43	0.7166666666666667	0.7161642749260403	0.805732509598387	0.0	0.7978851797893872	0.8016088878120281	-0.105	0.8211921987788011	0.39646503523554144	-0.0886	0.8386219932369495	0.026487096888749676	-0.0972	0.8690372916739035	-0.010544488583031038	-0.0766	0.9015078835853972	-0.03232758028960179	-0.12	0.822321806792527	-0.03197829709118537	-0.0883	0.6357826768717957	0.8052017030567232	0.105	0.5995866741071118	0.4166635519578346	0.0886	0.5516061504181496	0.05386532871411474	0.0972	0.5660342367909978	0.008531621791538931	0.0766	0.5112141297412878	0.017696714227779242	0.12	0.5499681332500911	-0.014753361242289863	0.0883	0.7383508618757002	1.3509944936994371	0.0	0.764814669975196	1.5731355588227283	0.0	0.7648186857506174	1.4548894464778384	0.0	0.8971308674114409	1.2384096963451228	-0.2016	0.9241142734852398	0.9881863195022567	-0.1613	0.8253416285357923	1.1092030682127074	-0.12	0.5602232364116007	1.2447497521793263	0.2016	0.5334359237370266	1.0071538175660009	0.1613	0.6639699377672984	1.1122435919070117	0.12
44	0.7333333333333333	0.7148053115100798	0.8061686546139623	0.0	0.7951803046525155	0.8022340900752437	-0.105	0.8201525965342819	0.39873830789742853	-0.0886	0.8388781377049206	0.026777464902844363	-0.0972	0.8642608413266895	-0.011963490820400787	-0.0766	0.9015168074216211	-0.03275569812942036	-0.12	0.8224911302578354	-0.03186260297661773	-0.0883	0.6358978051396326	0.8061643798136683	0.105	0.6018890064073277	0.41999090057971405	0.0886	0.5512535758801267	0.05797739099638098	0.0972	0.568532985778379	0.00975081629335642	0.0766	0.5112217519431281	0.021169625785170527	0.12	0.5500917646775465	-0.011807169401956719	0.0883	0.738549899136839	1.3492544300697256	0.0	0.7653991123707353	1.573373026315977	0.0	0.7654552144807172	1.455385670847123	0.0	0.8976369229683989	1.2371695730452696	-0.2016	0.9267995900554381	0.9859891182807303	-0.1613	0.8286271043093143	1.1072338795921863	-0.12	0.5597418342827911	1.243859002547885	0.2016	0.5332662749736944	1.0068136993742784	0.1613	0.6626051369624887	1.1110155476720007	0.12
45	0.75	0.7126819107035509	0.8063925748159773	0.0	0.7924092477739186	0.8007967711658531	-0.105	0.8195943007359824	0.39989354407470523	-0.0886	0.8389300075833133	0.02735893277904189	-0.0972	0.8630261392350992	-0.013187383470775419	-0.0766	0.901257346298687	-0.034067354598725876	-0.12	0.8224391661527699	-0.031706412414265105	-0.0883	0.6344114261177067	0.8060671702199376	0.105	0.6029672588059578	0.4235338300159564	0.0886	0.5509195604213336	0.06658821092193117	0.0972	0.5695500291835411	0.009558366949478444	0.0766	0.5111769202945208	0.024441279586585127	0.12	0.549231567977669	-0.0038222285126131295	0.0883	0.7386593168563234	1.3487463264167	0.0	0.7660199069295686	1.573317626274873	0.0	0.7666828901582731	1.4556354549583213	0.0	0.8976882747501543	1.2367022289339653	-0.2016	0.9272035544933414	0.9853457497308925	-0.1613	0.8291185309062427	1.1067188396499648	-0.12	0.5591532559772128	1.2422942965841897	0.2016	0.5323940401007422	1.0069173470594428	0.1613	0.6622654988562998	1.112986321774245	0.12
46	0.7666666666666666	0.7112334311325782	0.8060195899241613	0.0	0.7897107789707861	0.7998446744962582	-0.105	0.8184323705467189	0.4007358279166681	-0.0886	0.8387801529110872	0.027848294283855275	-0.0972	0.8612267314618326	-0.013669141691772751	-0.0766	0.900203441504084	-0.03637516273261566	-0.12	0.8218089731965437	-0.03172010257603235	-0.0883	0.63381128211484	0.8055803474078187	0.105	0.6050830797914627	0.42732517016230726	0.0886	0.549412674569338	0.07585642850963475	0.0972	0.5714464002040636	0.009513649015914583	0.0766	0.5102722437494672	0.025567323818408726	0.12	0.5469718709145903	0.0033611162134897315	0.0883	0.7386332159212683	1.3484796502148186	0.0	0.7672495243473562	1.5732380389406815	0.0	0.7655755033513229	1.4558186920620113	0.0	0.8961975816673269	1.236152385279773	-0.2016	0.925442027779004	0.9838023704269608	-0.1613	0.830621352013893	1.1051575346443032	-0.12	0.5582232461255214	1.242246702650418	0.2016	0.5315997242449743	1.0072074847817298	0.1613	0.6620257107291079	1.1134307656402953	0.12
47	0.7833333333333333	0.7077812948223589	0.8071496037820801	0.0	0.7878419186141821	0.80031462373749	-0.105	0.8164279816120519	0.4025412605575571	-0.0886	0.8381716074927639	0.028265851101773883	-0.0972	0.8625702399391926	-0.014020210756484342	-0.0766	0.9006752833287605	-0.038308388448655056	-0.12	0.821685287877755	-0.03213341755404986	-0.0883	0.6317295362933755	0.8059311928396695	0.105	0.606774630669854	0.4332250545570674	0.0886	0.5476771352890717	0.08575500891131482	0.0972	0.5719313415840046	0.00908610961004196	0.0766	0.5102754471854587	0.0270179487643622	0.12	0.5429373369287457	0.012318239759604239	0.0883	0.7380809439715176	1.3491225030400007	0.0	0.767459880562446	1.5729852990748703	0.0	0.7648818664748717	1.4561961608530216	0.0	0.8940108584334622	1.2386060575425202	-0.2016	0.9257808569758778	0.9838002195815393	-0.1613	0.8232906658612239	1.1053752738852296	-0.12	0.5577082781974999	1.2435553941398134	0.2016	0.5300805978311814	1.0081315019697086	0.1613	0.661128142742468	1.1143775869700412	0.12
48	0.8	0.7043421253938973	0.8076020692735154	0.0	0.785047614769826	0.7985171839465195	-0.105	0.813547521924552	0.4012345923785501	-0.0886	0.8378583938060812	0.028224631339130724	-0.0972	0.8687229318970644	-0.013792466810110197	-0.0766	0.9021957517837564	-0.039546714029702536	-0.12	0.8215521563384574	-0.03247238239597365	-0.0883	0.630611036105689	0.8046981428621237	0.105	0.6103920255606355	0.437668128763334	0.0886	0.5464883657041956	0.09410003359417113	0.0972	0.5700016737220707	0.009850151843367632	0.0766	0.5108845137525715	0.027722619326954245	0.12	0.5392670947332477	0.019273103823346793	0.0883	0.7389370133294062	1.3503373502266787	0.0	0.7655636709171588	1.5688671415170063	0.0	0.7661653638190928	1.4550485886690427	0.0	0.8881302866143904	1.2405909076742334	-0.2016	0.9239462551141739	0.9826981893532785	-0.1613	0.8209428895140476	1.1094681494044774	-0.12	0.5577913567641072	1.2469346190191495	0.2016	0.5274877490118349	1.0098222493036757	0.1613	0.6607990062294005	1.1151533723862186	0.12
49	0.8166666666666667	0.6994405894265708	0.8105104822007785	0.0	0.7804844711300764	0.7977002530076077	-0.105	0.8109009667907614	0.4050704399067998	-0.0886	0.8376680187655839	0.030290269645047194	-0.0972	0.8726387030609398	-0.014020465898950778	-0.0766	0.903362454246389	-0.040041071082578025	-0.12	0.8214123415544363	-0.032772735197018316	-0.0883	0.6267756067125988	0.8036410357246984	0.105	0.6097294221419681	0.4416411346367788	0.0886	0.5424692331295606	0.09692419888936546	0.0972	0.5679849821469645	0.009885290592199255	0.0766	0.5110102604660173	0.028709876112813674	0.12	0.5342447257931661	0.024235087791342872	0.0883	0.7381195047409973	1.3510834450584697	0.0	0.7667265038740234	1.5672939808590542	0.0	0.7677656132974021	1.4540300992276989	0.0	0.8840339866281607	1.2411653418472992	-0.2016	0.920810217337897	0.9825415284766919	-0.1613	0.8329856295915815	1.1089053258566277	-0.12	0.5572659400934394	1.248403010985791	0.2016	0.5249839219038445	1.0108996970971933	0.1613	0.6610818167052248	1.115429008827015	0.12
50	0.8333333333333334	0.6923353564148848	0.8120158157033093	0.0	0.7754845216958642	0.7983559706129848	-0.105	0.8083541029059836	0.4036341048064764	-0.0886	0.8369075354597834	0.030491378530050402	-0.0972	0.8818365022821614	-0.014828930597059935	-0.0766	0.9061048299037786	-0.040479377707105024	-0.12	0.8204961328642627	-0.033208528265417564	-0.0883	0.62120444750783	0.8059358320006249	0.105	0.6099562979820344	0.44256567878423114	0.0886	0.5352249921123908	0.09800432299255318	0.0972	0.5652915024091929	0.008285592184640799	0.0766	0.5139456593284897	0.02650491435214716	0.12	0.5243573457417872	0.026350422889997265	0.0883	0.7369749757295727	1.3518055073307143	0.0	0.7639950978986155	1.561243012402537	0.0	0.7777892382766385	1.4477013679879314	0.0	0.8746849212421908	1.2423333454935312	-0.2016	0.9120172620813828	0.9823776280175989	-0.1613	0.9094713869989248	1.1053350049211248	-0.12	0.556982391599141	1.2503096800307019	0.2016	0.522483550698262	1.0129831716951776	0.1613	0.6616433531585035	1.1153766316689837	0.12
51	0.85	0.6874763141511679	0.8172507712454046	0.0	0.7687733648355948	0.798468168721373	-0.105	0.8045880256463639	0.407110862818178	-0.0886	0.8360158440787241	0.033033390091621914	-0.0972	0.8834878799818837	-0.015269973390301046	-0.0766	0.9090068839775062	-0.040351626729531374	-0.12	0.819369546208133	-0.03387572535899914	-0.0883	0.6140881665301078	0.806313113026881	0.105	0.6108134661972003	0.44481889912645534	0.0886	0.5279543837746223	0.10168724510015968	0.0972	0.5659680929327527	0.006024608969152268	0.0766	0.5170128579169515	0.02625020539269389	0.12	0.5121536417585248	0.03059801281138014	0.0883	0.7355421047536567	1.3515570828943608	0.0	0.7640504591685497	1.5609099979518866	0.0	0.7807434518457668	1.4438016830908946	0.0	0.8671277264274185	1.2429428276397938	-0.2016	0.9030575589988565	0.9816607167390613	-0.1613	0.9266348518809283	1.0828655002167418	-0.12	0.5557266813851794	1.252416211926419	0.2016	0.5201379562080329	1.0151335430041484	0.1613	0.66318553417456	1.1111861263163236	0.12
52	0.8666666666666667	0.6834331548142324	0.8187670367432774	0.0	0.7644073732360454	0.7986809758076938	-0.105	0.8026173446270032	0.4128661589572646	-0.0886	0.8361095957091831	0.03460233643504945	-0.0972	0.8801776336764598	-0.015165077270464709	-0.0766	0.9093955692357952	-0.039082348308677434	-0.12	0.8194252027346662	-0.03334078295620285	-0.0883	0.607640827908367	0.80613508892583	0.105	0.6119858850958206	0.44962420997596286	0.0886	0.5212218265323185	0.10464462570918724	0.0972	0.574164610354328	0.007265178520141512	0.0766	0.5288052116904405	0.026844349160760984	0.12	0.5020760550822629	0.03712871936970918	0.0883	0.73378787082879	1.3530194419583632	0.0	0.7668834888365248	1.563038608731354	0.0	0.7808104341711161	1.4443292659505955	0.0	0.8649185689243951	1.2433089516802283	-0.2016	0.8955855723774024	0.9803036909123426	-0.1613	0.9316380862350473	1.071706779948764	-0.12	0.5542931213904156	1.2530805399128753	0.2016	0.5169862277104599	1.0162747098258467	0.1613	0.662230057077207	1.1099047662700285	0.12
53	0.8833333333333333	0.6777758915468173	0.8199214532434622	0.0	0.7582793293101894	0.7996010815620817	-0.105	0.7995177672319096	0.4131962013646815	-0.0886	0.8364894721219392	0.033886802884838564	-0.0972	0.8792061265637757	-0.014780581987583107	-0.0766	0.9097731590573909	-0.03875470044224226	-0.12	0.8188955990446168	-0.03307011555701373	-0.0883	0.6037626882457616	0.8086713898850919	0.105	0.6099001676749128	0.4491221627959653	0.0886	0.5124497095558816	0.09629528252821731	0.0972	0.5871307919458386	0.007338832720785175	0.0766	0.5469046852239939	0.02722514134837987	0.12	0.483688440837175	0.04017921148723124	0.0883	0.7306710554984317	1.352417515466446	0.0	0.7703138024751345	1.5649795653492815	0.0	0.7808559085372827	1.4451230543960703	0.0	0.8612151297568285	1.243413786766928	-0.2016	0.8868027180803609	0.9750245406029777	-0.1613	0.936601880925467	1.0616272212988742	-0.12	0.5522541102269459	1.2529452210188463	0.2016	0.5148650828470147	1.018012974339104	0.1613	0.6612782993048452	1.1071387033370355	0.12
54	0.9	0.6751317595255474	0.8203053586686493	0.0	0.7511008864786527	0.7989009002461454	-0.105	0.7971636121954766	0.41324424703263757	-0.0886	0.836453003270845	0.033631640055610604	-0.0972	0.8813143494189566	-0.014885312220419085	-0.0766	0.9120995998920706	-0.03781040584453746	-0.12	0.817677336689698	-0.03325893264252785	-0.0883	0.6015388687546065	0.8087417520326358	0.105	0.6081653841421755	0.44712437124345333	0.0886	0.5025392088409546	0.09784137831309371	0.0972	0.5937943700386281	0.008254717075493806	0.0766	0.5595596691472569	0.030035966066029877	0.12	0.4730932503880177	0.03494163628769302	0.0883	0.7280971875145389	1.3514349035795346	0.0	0.7711720342511613	1.5665563978923989	0.0	0.7827867371914451	1.4449784449170617	0.0	0.8516764579079674	1.243498851105651	-0.2016	0.8836124822197128	0.9712540571067494	-0.1613	0.9468009354605124	1.046631620851055	-0.12	0.5522363593757956	1.2535345471486008	0.2016	0.5127045930554095	1.020750575218066	0.1613	0.6601168658629325	1.0997240382796227	0.12
55	0.9166666666666666	0.6696573640548661	0.8197742222507295	0.0	0.7449529795857923	0.7982797066733495	-0.105	0.7941337980874973	0.41160212744618224	-0.0886	0.8370489106583032	0.03316692482665997	-0.0972	0.8850593336588054	-0.014504425776567397	-0.0766	0.9143349281277066	-0.036480494715162334	-0.12	0.8169206019107154	-0.03368307003185414	-0.0883	0.5983385404890763	0.8090924248039831	0.105	0.605871344513347	0.4434360907331069	0.0886	0.4913557142329761	0.09512227859631277	0.0972	0.5954456062949264	0.007139964156229989	0.0766	0.5668866521477506	0.02747944779963901	0.12	0.4618922628564154	0.031092253342967405	0.0883	0.7247336347323311	1.3516351307494439	0.0	0.768581699438456	1.566104070947562	0.0	0.7871507035695683	1.4424388861748842	0.0	0.8404204432220957	1.2436485365251064	-0.2016	0.8754408184739102	0.9711476568632971	-0.1613	0.9467228099807711	1.041380499305907	-0.12	0.5533076066700361	1.2559437604468462	0.2016	0.5112109072969924	1.0230522927631256	0.1613	0.6619215517404967	1.0954639654484077	0.12
56	0.9333333333333333	0.6655621785644696	0.8196906142604513	0.0	0.7405699854960534	0.7993641405631919	-0.105	0.7921885028978812	0.4126543062224476	-0.0886	0.837895986643258	0.03324658641533906	-0.0972	0.8869458647741486	-0.014352799008931438	-0.0766	0.9162172058437	-0.03475892829720454	-0.12	0.8171206024672731	-0.03409770926196604	-0.0883	0.59464774071384	0.8105597954237809	0.105	0.6022703644194904	0.44534513254669716	0.0886	0.48232125568478706	0.0929360686776181	0.0972	0.5943634473581488	0.005103306228679988	0.0766	0.5663258023542761	0.02760323864222637	0.12	0.4527024033271121	0.028100860906103715	0.0883	0.7207874327575121	1.3503582577006212	0.0	0.7699236479198353	1.567337541618325	0.0	0.7890835968604554	1.4405353764173243	0.0	0.8354168567383774	1.2434387380767784	-0.2016	0.8680011323536492	0.9706385413556298	-0.1613	0.947325194739986	1.0319913378151515	-0.12	0.5544178679432623	1.2576399408828218	0.2016	0.509669263654721	1.0253498356176516	0.1613	0.6630220403167936	1.0890805712946359	0.12
57	0.95	0.6615856373450955	0.8169476636352492	0.0	0.7343488567438852	0.7974720596248672	-0.105	0.7888479978333992	0.413945688920088	-0.0886	0.8378943657651701	0.03406228924841415	-0.0972	0.888373238486584	-0.014391566638807373	-0.0766	0.9178987385334987	-0.03377009554571137	-0.12	0.8164432168460779	-0.03480425188559983	-0.0883	0.5909879151692544	0.8083492325420141	0.105	0.5957927121455292	0.444698410852009	0.0886	0.4758261278478998	0.09221057537791331	0.0972	0.5925088868896425	0.003125270640096377	0.0766	0.5648527863610664	0.02580091077226017	0.12	0.44399033740497873	0.02374826890032506	0.0883	0.7168051083418019	1.3485231199016545	0.0	0.7709805692244126	1.5678409269532467	0.0	0.7901460135055955	1.4382018158739478	0.0	0.8286793496919821	1.2434599548850962	-0.2016	0.8513759801690518	0.9704674240759055	-0.1613	0.9388319392366062	1.0094392601300652	-0.12	0.5554284637271125	1.2585969476438337	0.2016	0.5072537208335407	1.0266834529541955	0.1613	0.6652651804213138	1.0792533926087329	0.12
58	0.9666666666666667	0.6551114570355803	0.8148615340734591	0.0	0.7295883424967854	0.7960095362204316	-0.105	0.7867719344953766	0.4151202720562079	-0.0886	0.838113398323805	0.03447410931481792	-0.0972	0.8895150942357521	-0.014237211230560208	-0.0766	0.9188107979499891	-0.03315415325519681	-0.12	0.8152827783921862	-0.03606319994278644	-0.0883	0.586924559889617	0.8069975221073162	0.105	0.5883479021347425	0.4431709556863116	0.0886	0.46905424817905833	0.09300303491492243	0.0972	0.592277386624509	0.00034471784119505786	0.0766	0.5664972697472468	0.023914442920024627	0.12	0.436707838407902	0.022017735341975448	0.0883	0.7124613504602666	1.3478344220933693	0.0	0.7699279803104716	1.5676655644503228	0.0	0.789027714506671	1.4362009662561548	0.0	0.8188708578933782	1.2435472228863982	-0.2016	0.84041378217188	0.9691933186498554	-0.1613	0.9341651913160993	0.9936204581524377	-0.12	0.5566559124788675	1.25979780875245	0.2016	0.5057437330436566	1.027408209245854	0.1613	0.6695307829798294	1.0689330241751391	0.12
59	0.9833333333333333	0.6498787754057915	0.8132270357298145	0.0	0.722564244351723	0.7951109310319375	-0.105	0.7848873520637061	0.41504596682763983	-0.0886	0.8376853044474145	0.03532393316022007	-0.0972	0.8919297669139192	-0.014077421504417913	-0.0766	0.9206353426069787	-0.03301941764390092	-0.12	0.8152857805718245	-0.03584453775841032	-0.0883	0.5825254051330775	0.8060984455572227	0.105	0.5785203996331276	0.43893440855555904	0.0886	0.4615203306835912	0.09148881124924682	0.0972	0.5916800596903763	-0.002047426529557757	0.0766	0.5652600048406389	0.02103256298096578	0.12	0.4268220035529673	0.018951181692235412	0.0883	0.7082414725125672	1.3476195203828634	0.0	0.7671756351249821	1.5658635115014736	0.0	0.7879479487831308	1.4367158407267226	0.0	0.8084958689620125	1.24354440252496	-0.2016	0.8226645198941593	0.9682144082666935	-0.1613	0.9340426012135546	0.9823483157061077	-0.12	0.5572621553177104	1.262632203809624	0.2016	0.5043842087741615	1.0277504477404116	0.1613	0.6790477245058898	1.0569139236502147	0.12
60	1.0	0.6425391724740525	0.8121157504638354	0.0	0.7193137354101302	0.7941834627670908	-0.105	0.7844531809425744	0.4143967244366026	-0.0886	0.8384148628704081	0.03498634604234265	-0.0972	0.9030634951256791	-0.013768165091945683	-0.0766	0.9225353692390623	-0.0347842613132396	-0.12	0.816198549179142	-0.036046994032787764	-0.0883	0.5816548656938483	0.8057598176537171	0.105	0.572737639836575	0.4337205476091975	0.0886	0.4547393674412081	0.09160297315322904	0.0972	0.591684555544852	-0.005565270030874493	0.0766	0.5698885561258304	0.014806393966505049	0.12	0.4200681693557177	0.01452057812524026	0.0883	0.7090326600210085	1.3479371117694587	0.0	0.757770224545148	1.5552806559666523	0.0	0.7904759923615043	1.4338066472688962	0.0	0.7976886181451167	1.2435090337736778	-0.2016	0.8112990958497616	0.9665435459211014	-0.1613	0.9289562339989675	0.9717787903936335	-0.12	0.5606840868614703	1.2662800028980299	0.2016	0.5058353286599842	1.0284617541686059	0.1613	0.6998536858834276	1.0208389288065831	0.12
61	1.0166666666666666	0.6380587369575915	0.811463942497727	0.0	0.7127381557459405	0.7913913328642025	-0.105	0.7833749810034544	0.41403662808220526	-0.0886	0.8392512781296926	0.034541418955685375	-0.0972	0.9020520479826661	-0.013053731370496147	-0.0766	0.9233246306320866	-0.035422408211406714	-0.12	0.8162230632753145	-0.03748782913731028	-0.0883	0.5757089261780216	0.8039771089195725	0.105	0.5679440735332891	0.4334458191397363	0.0886	0.45258350757001026	0.09084344434072367	0.0972	0.5917798921910233	-0.0057466990513709995	0.0766	0.5698467216375166	0.013988258758271269	0.12	0.4179581742097129	0.011451668665316075	0.0883	0.7034508383225534	1.3449702978118803	0.0	0.7604428202277854	1.5577170462302756	0.0	0.7864692156033231	1.4340509263767764	0.0	0.7877912611157453	1.2431467550760382	-0.2016	0.7986732692733283	0.9654321953047091	-0.1613	0.9180777823194536	0.957995616341359	-0.12	0.5643039286288992	1.2670192814324654	0.2016	0.505548026596832	1.029992527030132	0.1613	0.7008796134513969	1.017981147381024	0.12
62	1.0333333333333332	0.6341400305236129	0.8120371127024473	0.0	0.7064760947991297	0.7922804580416081	-0.105	0.7842845191558607	0.41481842211218667	-0.0886	0.839334950906099	0.03433073607947671	-0.0972	0.9029154316340676	-0.013263121210421478	-0.0766	0.9227995715787974	-0.0363012574598497	-0.12	0.8169738265148362	-0.03654608170407957	-0.0883	0.569401649907554	0.80412250465598	0.105	0.5573483782356626	0.43248273377036706	0.0886	0.4492276225698267	0.08533582590237095	0.0972	0.5925342252091477	-0.006424386757422681	0.0766	0.5737690690818227	0.012588984060190964	0.12	0.41520831619967835	0.0041568736719703216	0.0883	0.6972398138510141	1.3428774018465364	0.0	0.7601390796844096	1.5587997412486878	0.0	0.783548741523962	1.4333760200401917	0.0	0.7785960638859848	1.2425579592388103	-0.2016	0.7817135400120737	0.9642968158096924	-0.1613	0.9083709675735565	0.9462156693691877	-0.12	0.5660164485943828	1.2675814340256597	0.2016	0.5069549390366034	1.031837315710893	0.1613	0.7008643818644652	1.0166317922991446	0.12
63	1.05	0.6251043183738585	0.8126061967312574	0.0	0.6991667478572188	0.7924413220227865	-0.105	0.7829931043326827	0.4138892870970136	-0.0886	0.8397056468239932	0.03343808968849111	-0.0972	0.902379943744413	-0.013063021789082245	-0.0766	0.9216430526170851	-0.037310813568204204	-0.12	0.8174325536387504	-0.036781809984197715	-0.0883	0.5602945621953487	0.8041762353270406	0.105	0.5475749215439327	0.42991589619776777	0.0886	0.44567859103256613	0.07692230912123436	0.0972	0.5932402582327228	-0.006373188484919027	0.0766	0.5751037561457748	0.012334600966432173	0.12	0.413919870803128	-0.000631394964579883	0.0883	0.6903757808705479	1.33971464334898	0.0	0.7588649682638677	1.5568181906491683	0.0	0.780680219411081	1.4313043973433448	0.0	0.7659641935822304	1.2413879847247702	-0.2016	0.7610210996675066	0.9632371209727767	-0.1613	0.8950948122479054	0.9315377475354536	-0.12	0.5693767832019149	1.2677180674886903	0.2016	0.509183055861395	1.033940670860465	0.1613	0.7034315793088383	1.0047857071324364	0.12
64	1.0666666666666667	0.6182633175400805	0.8128099082557331	0.0	0.6900388162198269	0.7936194762768369	-0.105	0.7817177506195362	0.416308797197851	-0.0886	0.8403748259033669	0.03299261586499621	-0.0972	0.9055911554868192	-0.01373257109315162	-0.0766	0.9218673867137192	-0.03916441149306387	-0.12	0.8173298328973652	-0.03675362907014233	-0.0883	0.5534990982391584	0.8053074633743303	0.105	0.5385229117385254	0.4272822725788843	0.0886	0.4441101904102037	0.07237552760965278	0.0972	0.5940344488404153	-0.005845619101766656	0.0766	0.5761204262377378	0.012324181338103165	0.12	0.4132442673651073	-0.004514291385831288	0.0883	0.6861661295628431	1.33910872314659	0.0	0.7570527486620184	1.5544851363509578	0.0	0.7790751655933376	1.4274174864366385	0.0	0.7537505320394167	1.240262029870368	-0.2016	0.7434266312705565	0.9624515266346924	-0.1613	0.8796994558611657	0.9193777717710424	-0.12	0.5716309141538878	1.2687989252155198	0.2016	0.5170095435160852	1.0315454236539547	0.1613	0.7278977786736757	0.982564497421014	0.12
65	1.0833333333333333	0.6104215231304171	0.8133459393424571	0.0	0.6817822261555141	0.795854023726188	-0.105	0.7811497292495193	0.4186199866502017	-0.0886	0.83947152222639	0.03320699200420673	-0.0972	0.9101613884019923	-0.014832929277357326	-0.0766	0.9218298573587288	-0.04136856035145258	-0.12	0.8173216808882293	-0.03609952802530043	-0.0883	0.545689314408605	0.807958014989714	0.105	0.5303214569842897	0.42619290679173183	0.0886	0.4414468787848646	0.06965286122395928	0.0972	0.594275945266735	-0.005123314700965924	0.0766	0.5761277181906145	0.012385763040641717	0.12	0.4129562206405591	-0.00551789416523228	0.0883	0.6829800357666429	1.338058828011634	0.0	0.7529199627177532	1.551728901362671	0.0	0.7762143817444095	1.4243890802789234	0.0	0.7427368591780241	1.237166019154101	-0.2016	0.7296699519971341	0.9617449318712558	-0.1613	0.8699464017935749	0.9081685957718051	-0.12	0.5736209356399813	1.2687910511147509	0.2016	0.5373586622619322	1.0287129531385655	0.1613	0.7394360734267721	0.9559433789773317	0.12
66	1.1	0.6042714645021616	0.8137706029217057	0.0	0.6732120129413344	0.7975642057371175	-0.105	0.778455115962428	0.4214050934577979	-0.0886	0.8389378971380599	0.03358247562352279	-0.0972	0.9126373486102355	-0.01662495856198194	-0.0766	0.9213025736105197	-0.0403945480234876	-0.12	0.8180857274470721	-0.03560963316068112	-0.0883	0.539351910981914	0.8095895332745294	0.105	0.5219829132676462	0.42581067046191895	0.0886	0.4390505235028248	0.0691459508548857	0.0972	0.5945101923358493	-0.004441651106118179	0.0766	0.5758501827483324	0.012782372721923113	0.12	0.4125766967877038	-0.006574405624459497	0.0883	0.6776991390672243	1.335704400091855	0.0	0.7506491323058653	1.549938355105619	0.0	0.771272845571772	1.422819107258972	0.0	0.7312120794294953	1.2332157406571247	-0.2016	0.7155458739395244	0.9609219242476807	-0.1613	0.8580183323050229	0.8998685683210833	-0.12	0.5739980962965887	1.268429095364818	0.2016	0.5407014780584283	1.0251462859513367	0.1613	0.7405951700862637	0.9369772209406199	0.12
67	1.1166666666666667	0.5954212136779677	0.8141530928274944	0.0	0.6639644991357078	0.7992006376709029	-0.105	0.7751438524709463	0.4238403790853353	-0.0886	0.8391112190182538	0.033948007243486254	-0.0972	0.9147604421358896	-0.01892364991362994	-0.0766	0.9204668504173639	-0.04011828867422091	-0.12	0.8194656783760766	-0.03518794921188288	-0.0883	0.5287483019912936	0.8110883486464129	0.105	0.5131114028071067	0.4252759193863357	0.0886	0.4379195903087153	0.06860002538964086	0.0972	0.5955520592228111	-0.003531940589648464	0.0766	0.5755582883715433	0.013489194739477644	0.12	0.411914896230962	-0.0067199422614872524	0.0883	0.6738921330803747	1.3343210817368603	0.0	0.745538645274697	1.547207114274685	0.0	0.7689256580309046	1.4201679755913257	0.0	0.7171706524178356	1.2315479159559533	-0.2016	0.6988260009680943	0.9592518708371287	-0.1613	0.8365394258481805	0.8936070563513505	-0.12	0.5739240601929109	1.2681037294776398	0.2016	0.5440518964502495	1.0182495835581906	0.1613	0.7368380141967219	0.9438055919602034	0.12
68	1.1333333333333333	0.5832924784135748	0.8148941870545591	0.0	0.6489732698392051	0.8022611563101056	-0.105	0.7725958224095201	0.42619457078125544	-0.0886	0.8383010212917898	0.035243875935611096	-0.0972	0.9171037433590998	-0.019582304385035013	-0.0766	0.9191291335052404	-0.039858868766002024	-0.12	0.8189439169539952	-0.034260441225810734	-0.0883	0.5211252868949547	0.8128301532077585	0.105	0.5025660232633131	0.4246144260125158	0.0886	0.4363378929524354	0.06809860181674454	0.0972	0.5962705650428375	-0.0032118102454448856	0.0766	0.5759298378029656	0.01366214986507595	0.12	0.4111811879146331	-0.006244995457020568	0.0883	0.6691398711135419	1.3331654553530676	0.0	0.7418645637042722	1.5464926613799488	0.0	0.7652082562486835	1.419823805525148	0.0	0.7063596748052666	1.230189246552952	-0.2016	0.6853418869657595	0.9595004822531291	-0.1613	0.8228502497260987	0.8871348938284153	-0.12	0.5745305281930687	1.2683333327103627	0.2016	0.543493891764672	1.0147169550431014	0.1613	0.7275947421850067	0.9126615947342245	0.12
69	1.15	0.5767555178999269	0.8153852619534191	0.0	0.6396251065514428	0.8032708001542718	-0.105	0.7709919369385198	0.4285825689460155	-0.0886	0.8368436572895934	0.03562280294607941	-0.0972	0.9220937863497243	-0.018791771405595716	-0.0766	0.9183353256122448	-0.03904585814863282	-0.12	0.8179111445090549	-0.02962742233646877	-0.0883	0.5149439685734064	0.8142536768561676	0.105	0.4896097928903465	0.42377982895447974	0.0886	0.43556299031982976	0.06695252832560816	0.0972	0.5973057545272099	-0.0033327896511375537	0.0766	0.576701637591453	0.013425187633474242	0.12	0.4119972856105835	-0.004765868568657023	0.0883	0.6651114702237839	1.3324409450944257	0.0	0.7364336429852512	1.5430742393125754	0.0	0.7652144951936639	1.4165476498603338	0.0	0.6945620483563114	1.2293180664426961	-0.2016	0.6686033220305716	0.9588627386774577	-0.1613	0.8154623934249614	0.878684198805466	-0.12	0.5713605040878594	1.2678311372250877	0.2016	0.535309204900185	1.012193221098866	0.1613	0.7192732645024853	0.9059271322009973	0.12
70	1.1666666666666667	0.5704770627134679	0.8159225329775485	0.0	0.6308583552141747	0.8035850194631203	-0.105	0.7678442312318534	0.4286780013995315	-0.0886	0.8335686656303581	0.037956432076842454	-0.0972	0.9235776946901965	-0.01693567194352113	-0.0766	0.9181004335228523	-0.0380858696850326	-0.12	0.8109763764284653	-0.025259474408637784	-0.0883	0.5085019147966434	0.8145402309835919	0.105	0.4831158695428968	0.4238347067726584	0.0886	0.43457151269751715	0.06759320067488378	0.0972	0.5970238806945722	-0.003183095322099986	0.0766	0.5755750804182466	0.013513355367480929	0.12	0.41150609774105906	-0.0029090034012732757	0.0883	0.6591982274882816	1.332574786878928	0.0	0.7337786118914401	1.540578928245977	0.0	0.7641898261133103	1.414092496977555	0.0	0.6831464676044078	1.229587409783953	-0.2016	0.656650531548561	0.9574506092994802	-0.1613	0.8039410205330366	0.8707575743250413	-0.12	0.5669671916564946	1.2676119404119597	0.2016	0.5299310334349897	1.008428155997624	0.1613	0.7219991093179141	0.9016691756717405	0.12
71	1.1833333333333333	0.5621540009125243	0.8163126471493258	0.0	0.6223177216095355	0.8029514843037574	-0.105	0.7640005647559108	0.4323277076371897	-0.0886	0.8271343892768221	0.040638475373757185	-0.0972	0.9257909477311473	-0.015516628504345669	-0.0766	0.9172794274339857	-0.03621404660926509	-0.12	0.8009979516145956	-0.022230435700634658	-0.0883	0.5004282858612138	0.8132602132085482	0.105	0.47747697938910866	0.4238783851182512	0.0886	0.433162472194176	0.06879804711215645	0.0972	0.5960401026167996	-0.003367624577670158	0.0766	0.5753483995119357	0.01325269153190564	0.12	0.41067132854549765	-0.002597555473979717	0.0883	0.6528742871189028	1.3309138361015533	0.0	0.7342038533435296	1.539053639162709	0.0	0.7607907375971708	1.4122901113163104	0.0	0.6738656177077916	1.2307097748194746	-0.2016	0.6400280957899634	0.9567563934878387	-0.1613	0.7873042523506405	0.8598069886510409	-0.12	0.5652654346673893	1.2670947349440336	0.2016	0.5253978131842872	1.0064460487935802	0.1613	0.7191141397356612	0.9071655500465874	0.12
72	1.2	0.5560543089368782	0.8169785967944785	0.0	0.618127620988647	0.8032292822567972	-0.105	0.7598997846975598	0.4392767685800855	-0.0886	0.8199195003612708	0.04581270079858421	-0.0972	0.9265733929193253	-0.009143082998691886	-0.0766	0.916376554591963	-0.031870675110756246	-0.12	0.7930824471470989	-0.018246020118898237	-0.0883	0.4954355922850545	0.8124962930586953	0.105	0.4738485416456493	0.42509694402268333	0.0886	0.43340532604933424	0.06901686881132009	0.0972	0.5937086225364959	-0.0036834141862267886	0.0766	0.5736310612389485	0.012956014494087025	0.12	0.40920457316957737	-0.002307150163845652	0.0883	0.6468799488493445	1.3304385880821252	0.0	0.7342759316807171	1.538712664162829	0.0	0.7566551280882269	1.4101512649347252	0.0	0.6646926110537986	1.231783618638574	-0.2016	0.6282220698439502	0.9561940188291611	-0.1613	0.7779402877699467	0.8486827521551116	-0.12	0.5621569303150958	1.2668088806440776	0.2016	0.5199045119351942	1.0102596464781715	0.1613	0.7131220928163149	0.9108316310514313	0.12
73	1.2166666666666666	0.5520310417393205	0.817416720502937	0.0	0.6117525431208278	0.8028131422830064	-0.105	0.7537863840583481	0.44307280961796935	-0.0886	0.8106047184139049	0.05006067010676961	-0.0972	0.9313088360066932	-0.00243297759296638	-0.0766	0.9175189357334358	-0.02410638051702917	-0.12	0.7814862465665233	-0.012411958167207738	-0.0883	0.4945883062213582	0.8118522693431496	0.105	0.47101417981800037	0.424766615090713	0.0886	0.43257858729868204	0.069030423797507	0.0972	0.593600533718841	-0.005094849721276816	0.0766	0.5737480959993599	0.011999705043563095	0.12	0.40972398248063396	-0.0022274133319438376	0.0883	0.6433314391970121	1.3305993634203674	0.0	0.7311516746529757	1.536556760270546	0.0	0.7516778064416729	1.4061751531461482	0.0	0.6557967009043808	1.232421158915511	-0.2016	0.6187481714497334	0.9564966880774792	-0.1613	0.7736953645149834	0.8408056487072981	-0.12	0.5598716264884559	1.2674086862304803	0.2016	0.5196785386998128	1.011198440726987	0.1613	0.7128279858332689	0.9086456631108313	0.12
74	1.2333333333333334	0.5469046568002278	0.8175629343570469	0.0	0.603559291870031	0.8032149145554212	-0.105	0.7480019595413975	0.44784752236621855	-0.0886	0.7992638328418958	0.05470091137360789	-0.0972	0.9353311037424538	0.009304481053981415	-0.0766	0.9190457193413004	-0.01669057134791593	-0.12	0.7699733185651572	-0.0080422861506341	-0.0883	0.4897464197600124	0.812369628641416	0.105	0.47005715344331517	0.42403004807552974	0.0886	0.43174535239886924	0.06875669314329833	0.0972	0.5919178560610108	-0.007602581992459053	0.0766	0.5731323447798493	0.011205092010835886	0.12	0.40967134614168305	-0.002610449526639978	0.0883	0.6417115928025694	1.3301050536097772	0.0	0.7326123824165482	1.5343182013565635	0.0	0.7510548971546991	1.4045805456040832	0.0	0.6496821479273228	1.233330714294874	-0.2016	0.6050312081738393	0.9582945414603348	-0.1613	0.767071681651851	0.8343847281090833	-0.12	0.5574256533907302	1.2672951224620834	0.2016	0.5183511298335663	1.0110110433013875	0.1613	0.7137157151207185	0.9043614634223234	0.12
75	1.25	0.5430447469537036	0.8175113394084266	0.0	0.5946715065573107	0.806322362184631	-0.105	0.7437553537311117	0.4491633196508816	-0.0886	0.7874543254268453	0.05991044511398992	-0.0972	0.9371743749818935	0.013913157983327679	-0.0766	0.9195193438501148	-0.014514652768264656	-0.12	0.7584414650884707	-0.005605687321499972	-0.0883	0.4873921157240125	0.8148672483993379	0.105	0.46849531028393127	0.4239718917612097	0.0886	0.43075758888256116	0.06889240353971383	0.0972	0.5873350011061393	-0.01123944537341295	0.0766	0.5707318851742411	0.009664423049574015	0.12	0.40918559024157974	-0.0029595857836793456	0.0883	0.6360790727058561	1.3292865676873613	0.0	0.7328537130148226	1.534638916842136	0.0	0.7459412286264774	1.403093764726933	0.0	0.641068777492492	1.233680077246022	-0.2016	0.5884384205176726	0.9611123846066351	-0.1613	0.7458149468526188	0.8346365838547923	-0.12	0.5557404304252793	1.2668342591445196	0.2016	0.5137653521155826	1.0165212660241334	0.1613	0.7038905445192751	0.9047386602575719	0.12
76	1.2666666666666666	0.5393742743178935	0.8175166927238124	0.0	0.5878999723951998	0.8065573560490684	-0.105	0.737662934877088	0.44900679666556265	-0.0886	0.7781136694000912	0.06072157903414394	-0.0972	0.9388235628272856	0.01615878870093636	-0.0766	0.9205407125951514	-0.012321747433351836	-0.12	0.7516541414362959	-0.005654740878544205	-0.0883	0.4867373581863694	0.8149101907226426	0.105	0.46728558049435254	0.4231283380082877	0.0886	0.4310583235920132	0.06840568432726886	0.0972	0.5850653529632306	-0.012061802233237575	0.0766	0.5696530161633256	0.008741576981053756	0.12	0.4092866738927618	-0.002802114292443445	0.0883	0.6321515442370816	1.3298303437952135	0.0	0.7326067137381391	1.5345247443809604	0.0	0.7425368007197342	1.4011023104962497	0.0	0.6366505806964505	1.234657414458693	-0.2016	0.578842793927033	0.9656312957854846	-0.1613	0.7312182993535654	0.8318880050812189	-0.12	0.5531803619060259	1.266412142117226	0.2016	0.5061249759633883	1.0250043780055746	0.1613	0.6962461550365191	0.9005083484035806	0.12
77	1.2833333333333332	0.5364945566869105	0.8176302156951706	0.0	0.5801799589893334	0.8067684129900876	-0.105	0.732304154689481	0.4511996909959614	-0.0886	0.7700314091300513	0.06405273933901331	-0.0972	0.9407152256953307	0.018630226759145815	-0.0766	0.9208234427356178	-0.011328920869969228	-0.12	0.7463040484521034	-0.004914395196732607	-0.0883	0.48653155503332507	0.814816533105532	0.105	0.4676077328298532	0.42268608008017544	0.0886	0.4310813869128967	0.068632831800411	0.0972	0.5843226713304144	-0.012964804689949868	0.0766	0.5674214726536344	0.008790353000936247	0.12	0.40801732743502417	-0.0022689481539551505	0.0883	0.6290981073652521	1.3309187225618946	0.0	0.7339669202393231	1.532561709780249	0.0	0.7411279145959133	1.3991205558443547	0.0	0.6291957401981161	1.235209350708544	-0.2016	0.5686101272756483	0.9673244197987758	-0.1613	0.7206569136577387	0.8263618506588718	-0.12	0.5544011692237336	1.2667723130315032	0.2016	0.49891661355331823	1.0314392103615728	0.1613	0.6890924367343185	0.8958527975734984	0.12
78	1.3	0.5314877861379939	0.8177054242804288	0.0	0.5722243417940368	0.8067833923049698	-0.105	0.7263903463131663	0.45356348819387243	-0.0886	0.761795631110437	0.06565172217421245	-0.0972	0.9384280880695735	0.018989375954049408	-0.0766	0.9193802122512411	-0.01146236624061091	-0.12	0.7407719988831073	-0.004231497088877179	-0.0883	0.4858392984189424	0.8137322495118693	0.105	0.4665208380789714	0.42173811676525136	0.0886	0.43081128925615375	0.06885216765749994	0.0972	0.5834451763853455	-0.013397009404059117	0.0766	0.5648948227883822	0.00896614774748423	0.12	0.4073131479433763	-0.0018096857975258135	0.0883	0.6256323071083082	1.3312944047938249	0.0	0.7338033035806031	1.5311701731594085	0.0	0.7389213623304954	1.3984783925120334	0.0	0.6232842892881543	1.237030945559599	-0.2016	0.560253583706096	0.9730287271829373	-0.1613	0.7123045583163564	0.8207007499659003	-0.12	0.5545543096966441	1.267116522019275	0.2016	0.4943046447338429	1.037450858435678	0.1613	0.687003422936278	0.8928483628818582	0.12
79	1.3166666666666667	0.5277034890797275	0.8178078660956586	0.0	0.5659177834464577	0.8065409947787154	-0.105	0.7155717928038937	0.45565328259086785	-0.0886	0.7529780828306979	0.0671659900366422	-0.0972	0.9333991863599935	0.018635305899764504	-0.0766	0.9148060871583117	-0.013182695724873293	-0.12	0.7344599441140907	-0.002617681099288755	-0.0883	0.4840814806399556	0.8132792195439182	0.105	0.46591375600812696	0.4216439422314069	0.0886	0.4302721682181213	0.0691616475416245	0.0972	0.5814913145512973	-0.014087764942364099	0.0766	0.5636198300294962	0.009298880752006973	0.12	0.4063149881187602	-0.0011792931743983526	0.0883	0.622499540331452	1.331659300332696	0.0	0.7313851209564664	1.5316637679715608	0.0	0.7380545266710603	1.3978871829981243	0.0	0.6150686332915382	1.2395938786232403	-0.2016	0.5514466586603796	0.975870097530038	-0.1613	0.7032183543498465	0.8174964312570692	-0.12	0.5540644605399103	1.2678038572656456	0.2016	0.49968001259634304	1.0357939505153775	0.1613	0.6884340389748345	0.8885206620947469	0.12
80	1.3333333333333333	0.523051529657622	0.8178621338398882	0.0	0.5588971582624904	0.8048944752367936	-0.105	0.7059371588324218	0.4547023166050608	-0.0886	0.7435364886918379	0.06704180994337318	-0.0972	0.9280992966615055	0.015431259767926968	-0.0766	0.9070425263496346	-0.015224840290689176	-0.12	0.7252430843511204	-0.0013967969334515529	-0.0883	0.48393137277402526	0.8128030872582768	0.105	0.465430809121457	0.42181572171967263	0.0886	0.4295032472014603	0.06943028148103148	0.0972	0.5807255335414132	-0.013097089027272218	0.0766	0.5629202449775709	0.00961589990058212	0.12	0.40508416697402755	-0.0003750505223658497	0.0883	0.6214877652573499	1.3323238572135085	0.0	0.7287211762688703	1.5308619910376156	0.0	0.736953498811895	1.3982440915847512	0.0	0.610191170546871	1.2411000009613655	-0.2016	0.5422881539262014	0.9808635994804984	-0.1613	0.6908877265256338	0.8152079250218949	-0.12	0.5528068089141434	1.2702950361511631	0.2016	0.4884098590074547	1.0383813627563876	0.1613	0.684380929029473	0.8869742321557658	0.12
81	1.35	0.5175104721412923	0.8173302178266237	0.0	0.5512561384898749	0.8052854994649895	-0.105	0.6979183943831195	0.45451678875163687	-0.0886	0.735605506247573	0.06445267598521341	-0.0972	0.9217414244835885	0.013110001905981498	-0.0766	0.8987905843325896	-0.01864172934966662	-0.12	0.7172774908844073	6.1673652151417e-05	-0.0883	0.4817114253682641	0.8133209878964283	0.105	0.46634763293260584	0.4218447738806029	0.0886	0.42909855248028056	0.06929805140816894	0.0972	0.5787534253374994	-0.010845804514478329	0.0766	0.5611730045411655	0.009529825077435031	0.12	0.40433192553563	0.0004315785228279336	0.0883	0.6198295722557543	1.3325385677281694	0.0	0.7308583250051442	1.5313673430289987	0.0	0.7355838487747501	1.3978548906103732	0.0	0.6023311557579863	1.2413977029258567	-0.2016	0.5362834299423486	0.9835362702115636	-0.1613	0.6781086225790233	0.8135869896817117	-0.12	0.5504709612796715	1.2697016734456632	0.2016	0.4979291488357639	1.0344307956319867	0.1613	0.6836755670036487	0.877469083455346	0.12
82	1.3666666666666667	0.5142681592805644	0.816919055421507	0.0	0.5480260744494481	0.8047562672727757	-0.105	0.6926734242975316	0.4528539314129421	-0.0886	0.7300803423825005	0.06487917816818047	-0.0972	0.9141601839730884	0.012628222933040832	-0.0766	0.8926019226157602	-0.019842778656448228	-0.12	0.7117329229824962	0.000550954117847137	-0.0883	0.4802676764338735	0.812869896829986	0.105	0.4661741690046438	0.4215307223845239	0.0886	0.4293144324290686	0.0692090450835236	0.0972	0.577678600868088	-0.009918700135701038	0.0766	0.5603626813767951	0.009434040034986766	0.12	0.4035832439042846	0.0007169782078953907	0.0883	0.6190893821771416	1.332531277542388	0.0	0.7305076752003936	1.5302442779158991	0.0	0.7356832325332843	1.3983595727416802	0.0	0.5971694836377447	1.2415929580073124	-0.2016	0.530605875154789	0.9837024128378488	-0.1613	0.6720383155255667	0.8117640986458851	-0.12	0.5503199514513186	1.2692455839400003	0.2016	0.4986178660977768	1.0313601490221413	0.1613	0.6809266387020763	0.8668598506465601	0.12
83	1.3833333333333333	0.5117499869460143	0.8160168753775616	0.0	0.5423464787092439	0.800290686453013	-0.105	0.6873029068898822	0.4510480904032133	-0.0886	0.7224380619991203	0.06726155168441765	-0.0972	0.9061495799463533	0.011079051762958626	-0.0766	0.8846818190731527	-0.02200913229051987	-0.12	0.7038082460751377	-0.0008035292353192564	-0.0883	0.48114032213152624	0.8080767391249697	0.105	0.46443690137828947	0.4203533056250788	0.0886	0.4294470879510184	0.06910638980548155	0.0972	0.5776455455426829	-0.00956786229793391	0.0766	0.5604366795821765	0.009324480511931722	0.12	0.40337091480075626	0.0004473192424727398	0.0883	0.6213799489627653	1.3323451016278105	0.0	0.7234851822671151	1.5272737568675638	0.0	0.7363042743885888	1.3984920575930526	0.0	0.5919243161535057	1.2419900935685715	-0.2016	0.5211845935896032	0.9835518378713809	-0.1613	0.6631070442275306	0.8111827368407721	-0.12	0.5518349857138288	1.2683862312972949	0.2016	0.5020483846331887	1.0267328782741758	0.1613	0.6822958634826461	0.8625395207911631	0.12
84	1.4	0.5096192781837657	0.8139080415397765	0.0	0.543744220318317	0.7819047357837033	-0.105	0.6805076711992295	0.4459620526126387	-0.0886	0.7154495431538693	0.06331454463754634	-0.0972	0.9008934154112461	0.008469924103768034	-0.0766	0.8754862891274269	-0.025071511614418396	-0.12	0.6946027743033419	-0.0033880965682624056	-0.0883	0.486787907816217	0.7907318504052735	0.105	0.46312996489171104	0.4187916873012182	0.0886	0.42985959124387957	0.06891864518593102	0.0972	0.5778701614318416	-0.00997423336848163	0.0766	0.5608499689009454	0.0092673831020095	0.12	0.4034380009996359	0.00016982303677644099	0.0883	0.6272556859807372	1.3319241454790873	0.0	0.6958383469251633	1.5247865629884665	0.0	0.7379093115519131	1.3986369916905705	0.0	0.5872938900287736	1.2410682275567912	-0.2016	0.5181081756172243	0.9825811493472832	-0.1613	0.6526067044845063	0.8116171765292084	-0.12	0.5516357601646681	1.2649253559452462	0.2016	0.5258826351682383	1.0088052509103624	0.1613	0.6838858925997495	0.8609085402669144	0.12
85	1.4166666666666667	0.5082107213562665	0.8124633231552636	0.0	0.5394578320404106	0.7805663087898675	-0.105	0.6740470525771557	0.4410436581786348	-0.0886	0.7093810521749594	0.062366319751151825	-0.0972	0.8963826960476627	0.007562699784413393	-0.0766	0.8706342622661752	-0.026377690348220857	-0.12	0.6884482939658475	-0.005883663902198661	-0.0883	0.4863509545557882	0.7899043181339399	0.105	0.46210048582962165	0.4182882496697752	0.0886	0.4294083477859151	0.06881221671269365	0.0972	0.5767743801680784	-0.010424294428555103	0.0766	0.5603234203228139	0.00964463299720398	0.12	0.4025947557452366	-0.00021558839351249663	0.0883	0.6258921123336444	1.3316605147655323	0.0	0.696103007423201	1.5236524571250687	0.0	0.7374449616607683	1.398286836092676	0.0	0.5812608536005714	1.2400003310556407	-0.2016	0.5113299472239112	0.9821624543061991	-0.1613	0.6473665820314826	0.809407077065102	-0.12	0.5545604579126451	1.2629791765591099	0.2016	0.5449075873685868	1.0063492392387285	0.1613	0.6829803706934565	0.858175225643752	0.12
86	1.4333333333333333	0.507077082485654	0.8110503489230394	0.0	0.5338289416335963	0.784779856646694	-0.105	0.669519271307321	0.44038976177628475	-0.0886	0.7070091015527804	0.06254111755178503	-0.0972	0.8903838131320837	0.007193989259357011	-0.0766	0.8650326743104028	-0.02628571997007653	-0.12	0.6864313442460866	-0.0073449901440246716	-0.0883	0.48372026487245134	0.7943607544013059	0.105	0.4626226704345563	0.4181040374352024	0.0886	0.4297472660876804	0.06948313167880141	0.0972	0.5762402008664628	-0.010502761063923685	0.0766	0.5595653361945704	0.009531565702526296	0.12	0.40165595009815097	-0.000702537599907002	0.0883	0.6238362647987414	1.3314971106591744	0.0	0.705538774668867	1.524073479821024	0.0	0.7366476067043956	1.3972487271944918	0.0	0.5787766624669674	1.2396130415047089	-0.2016	0.5066710643200786	0.9841391374759723	-0.1613	0.6444559570428555	0.8074929892398574	-0.12	0.5593856519561823	1.2608028035000083	0.2016	0.5312749553503391	1.0085751909823166	0.1613	0.6805860055346393	0.8534802994624829	0.12
87	1.45	0.5066498866851764	0.8099468802364694	0.0	0.5275387979609208	0.7866110231414707	-0.105	0.6642245329485325	0.43744289078058657	-0.0886	0.7024213174845302	0.0625211418229413	-0.0972	0.8877249087480892	0.006934729705193141	-0.0766	0.864373901639522	-0.02630933425903267	-0.12	0.6838950392241467	-0.008676016702549263	-0.0883	0.4828781175637261	0.7959000919087177	0.105	0.46241169165383494	0.4172766073937075	0.0886	0.4296082835500582	0.06940380966121525	0.0972	0.5765951503918452	-0.011131650583870693	0.0766	0.5602310085484897	0.00943624575386583	0.12	0.40119671248404515	-0.0022203359501238064	0.0883	0.621776208062524	1.3307803376369116	0.0	0.7091098649639512	1.5246835165467705	0.0	0.7366493888162815	1.3965360843446082	0.0	0.5737570469766295	1.2391381123309781	-0.2016	0.5039834960812827	0.983803494129251	-0.1613	0.6420124628433556	0.8027772102760138	-0.12	0.5786548228025208	1.2568037492752722	0.2016	0.5438165292261556	1.0081785059367236	0.1613	0.6796452390297402	0.852308594134515	0.12
88	1.4666666666666666	0.5063683904325288	0.8088417951853183	0.0	0.5263384299859374	0.7863986506364851	-0.105	0.6589062409076856	0.4340857577507219	-0.0886	0.6998465288675129	0.06208241241263495	-0.0972	0.8854512430342714	0.006603517964636456	-0.0766	0.8622551031874898	-0.026532057594932167	-0.12	0.6814091146090466	-0.010137633606362792	-0.0883	0.48258933274160376	0.7956925426538881	0.105	0.4624278505577622	0.4160514959749526	0.0886	0.4296121968663878	0.06903561040362635	0.0972	0.5761918820668487	-0.010893213401064715	0.0766	0.5607493151214391	0.009189457686928717	0.12	0.40145712681370355	-0.0035043159090523486	0.0883	0.6216643299900363	1.330205624340842	0.0	0.7095048679786551	1.5248540815245548	0.0	0.7370718300393286	1.396289893515004	0.0	0.5705304860484662	1.2388481960542126	-0.2016	0.5024606244141617	0.9839506219170486	-0.1613	0.6396562689167085	0.8016489610820464	-0.12	0.5896878504351285	1.253306582252881	0.2016	0.5503210166265797	1.0089382591483462	0.1613	0.6776955785920276	0.8498691570348054	0.12
89	1.4833333333333334	0.5052372513637571	0.8075223752308557	0.0	0.5264179773394628	0.7847493716408599	-0.105	0.6537039785769668	0.43072824393127596	-0.0886	0.6980158040605301	0.06138821028942125	-0.0972	0.884087553216382	0.006399999251427666	-0.0766	0.8605958499464448	-0.02662199599058528	-0.12	0.6792653990516623	-0.011247829104644579	-0.0883	0.4817747081148104	0.7931204543204416	0.105	0.4627928394075321	0.4164315039052743	0.0886	0.4298652300100791	0.06806857053700405	0.0972	0.5767807834116168	-0.011019904579563677	0.0766	0.561299050715587	0.008982093455573967	0.12	0.4029335244419058	-0.004165725651944135	0.0883	0.6227535699866917	1.3294870004981099	0.0	0.7064305124253153	1.5248213028131994	0.0	0.7384992265003841	1.3961021292949831	0.0	0.5665632037803418	1.2385877603350928	-0.2016	0.501030954008006	0.9830145995571767	-0.1613	0.6375736361119683	0.7975008862854194	-0.12	0.6100542020935033	1.2489510580407686	0.2016	0.5567736671315873	1.0084201076823944	0.1613	0.6759764481744863	0.8478645927852241	0.12
90	1.5	0.506412681190369	0.8070250073073121	0.0	0.5261671164880763	0.7787332624959206	-0.105	0.6470383695136883	0.4273017472019094	-0.0886	0.6969019873538296	0.061715528358073236	-0.0972	0.8849065577077107	0.006500770262349938	-0.0766	0.8599976172901714	-0.026389333930115767	-0.12	0.6765628395875618	-0.012260137173218512	-0.0883	0.4857224207437653	0.7885402841018886	0.105	0.4626845544765896	0.41588512130212474	0.0886	0.42985484973306826	0.06856845390884493	0.0972	0.5762887167053999	-0.011716881758275706	0.0766	0.561218061570504	0.008935970128785758	0.12	0.4030183836451695	-0.0042260746438951115	0.0883	0.6255942451182493	1.3298335310496692	0.0	0.700201866079605	1.524465429698158	0.0	0.7381297964337037	1.3957472858789306	0.0	0.5648310816295898	1.2383072498123524	-0.2016	0.5002642859374224	0.9840654770991313	-0.1613	0.634624428932885	0.7993167802485784	-0.12	0.6219298214687388	1.246717423113594	0.2016	0.5670318080587454	1.0095504691778292	0.1613	0.6752245166321674	0.8497288057093481	0.12
91	1.5166666666666666	0.506002306138946	0.807636258148904	0.0	0.5225685981841676	0.7872068601916702	-0.105	0.6393362104711277	0.42715043555422255	-0.0886	0.693605362827724	0.06195200827664158	-0.0972	0.8823916961065651	0.007159527964759227	-0.0766	0.8591377179960831	-0.025545102547054412	-0.12	0.6751343642732479	-0.01177051175265803	-0.0883	0.4849040590835178	0.7974871956559141	0.105	0.4637760294100391	0.4167174725339471	0.0886	0.430538672990631	0.06880142222306972	0.0972	0.5747139668168926	-0.010873992971334527	0.0766	0.5604050484757267	0.009099634046047694	0.12	0.4026074325934582	-0.003480935151397651	0.0883	0.6233428513116387	1.3293710877482203	0.0	0.7107065437249017	1.5253958648601231	0.0	0.7382579284918778	1.396277232749099	0.0	0.5615650607448794	1.2389204147839263	-0.2016	0.4990906361434162	0.9842386650060424	-0.1613	0.6315930637322601	0.7970453846951463	-0.12	0.6228084901228248	1.245221569045163	0.2016	0.5639167489302557	1.010036126947008	0.1613	0.6744942645562186	0.8471514119083081	0.12
92	1.5333333333333332	0.5053301903133399	0.8079606161822499	0.0	0.5205005727111577	0.7928270059637726	-0.105	0.633879309268423	0.4253890038474998	-0.0886	0.6901446019865672	0.0622307820555048	-0.0972	0.8806044316460501	0.007731788004146016	-0.0766	0.8580133353429383	-0.025128024665095047	-0.12	0.6718898201879909	-0.01140845333664951	-0.0883	0.4840806542466405	0.8006710104557632	0.105	0.4635217375303067	0.4172176382627013	0.0886	0.43032952974418776	0.06946715159167367	0.0972	0.5731687571082487	-0.009191099863995422	0.0766	0.5586072724950765	0.010212207724003502	0.12	0.40184342796166256	-0.003767809814971447	0.0883	0.6208492511672956	1.328294758659512	0.0	0.7144695223851303	1.5263116897816338	0.0	0.7377544511704642	1.3964343795306318	0.0	0.5594755799491382	1.2389585784812025	-0.2016	0.4963138371485161	0.9850399022600678	-0.1613	0.6304001914009845	0.7973361016100928	-0.12	0.6267090438074341	1.2432008592628434	0.2016	0.5674624918316438	1.0106480323426412	0.1613	0.6737887195142217	0.8434759474228053	0.12
93	1.55	0.5062418707954142	0.8079973710285036	0.0	0.52432545996663	0.794938082489727	-0.105	0.629503387317392	0.42332363914720744	-0.0886	0.6877656743277232	0.06223997653601462	-0.0972	0.8768403606104351	0.0075809697904125695	-0.0766	0.8562506716006244	-0.02524836804353411	-0.12	0.6696563842320266	-0.01131013111760912	-0.0883	0.48473344449314526	0.804494473101861	0.105	0.46449245257523014	0.4172020199789065	0.0886	0.4298923837789403	0.07149733960213038	0.0972	0.5709464923368309	-0.007419728811671456	0.0766	0.5558802560230354	0.011768185103889942	0.12	0.4011853690134823	-0.0033537850327672375	0.0883	0.6215812369232984	1.328514273037905	0.0	0.7142250832701719	1.5271070345590245	0.0	0.7371849080849252	1.3959040852885023	0.0	0.5580440269010704	1.2388617858176953	-0.2016	0.49552981665968787	0.98467562939466	-0.1613	0.6295069200969297	0.7960168754390782	-0.12	0.6311192364458136	1.241186412665772	0.2016	0.5748502981626541	1.011111501402195	0.1613	0.6748654759863075	0.8435959807810596	0.12
94	1.5666666666666667	0.5057178257215388	0.8076963258809173	0.0	0.5219455350704597	0.7935368886865741	-0.105	0.6255293062817381	0.42156217362014003	-0.0886	0.6827141294673942	0.06042105381877984	-0.0972	0.8724646380430339	0.007141726430674841	-0.0766	0.8518915894821466	-0.02551793846765597	-0.12	0.6644086540956076	-0.012361711539252428	-0.0883	0.4844246995033757	0.8048357160034176	0.105	0.46529444407722764	0.41715435338053347	0.0886	0.43009272695438316	0.07255702477014046	0.0972	0.5709946489618343	-0.006327278905196278	0.0766	0.5542078145056781	0.012919204326469891	0.12	0.40137769980531085	-0.0028748562222403995	0.0883	0.6240629118390297	1.3279540336389337	0.0	0.7153157817387824	1.526815722116133	0.0	0.7377581445499969	1.3956502401140807	0.0	0.5575318591682873	1.2392425312945143	-0.2016	0.49646330869829886	0.9843404916939424	-0.1613	0.630092832220017	0.7961101415672451	-0.12	0.636836674602868	1.241275090425357	0.2016	0.5897596405986791	1.0112101702923812	0.1613	0.6772275781131099	0.8418206968687367	0.12
95	1.5833333333333333	0.5089070534237009	0.8068333619778265	0.0	0.5216600776038363	0.7877375711347749	-0.105	0.6221323601577508	0.4192829481791381	-0.0886	0.6779006529232845	0.057067837994869745	-0.0972	0.8692224623593647	0.004466213709373626	-0.0766	0.8471567702914519	-0.027071023883825956	-0.12	0.6577958810892428	-0.014271153164617674	-0.0883	0.48867399419245217	0.7934030767648103	0.105	0.465251016298335	0.4171284264336382	0.0886	0.42997812504144844	0.07186370141244096	0.0972	0.5718470708556496	-0.0059910470048052155	0.0766	0.5547880270951995	0.013530867362285875	0.12	0.40101219519183795	-0.002352930927962832	0.0883	0.6268171383190191	1.3291628610948245	0.0	0.7089659621008348	1.5267275376506542	0.0	0.7399010863829016	1.395635815261505	0.0	0.5556036265059588	1.2394327349899992	-0.2016	0.4980810877172466	0.9837217272146555	-0.1613	0.6293445173764537	0.798250041873583	-0.12	0.6410601690241378	1.2418334318105595	0.2016	0.5959365027441705	1.0108890405545792	0.1613	0.678599658841693	0.8434864484512355	0.12
96	1.6	0.5121857308699475	0.8060019400995031	0.0	0.524780386811875	0.7811699872801996	-0.105	0.6189744967472254	0.41594690599750195	-0.0886	0.676024157297967	0.054953088781104845	-0.0972	0.8679377993743428	0.0006718029958913193	-0.0766	0.8409780924726293	-0.03051716704565978	-0.12	0.6547551294863538	-0.01597797731818181	-0.0883	0.5016238312479274	0.7878276738824063	0.105	0.4661374484011788	0.4171447283506105	0.0886	0.43058267203209316	0.07093928418871116	0.0972	0.5717605432453843	-0.006783583051424275	0.0766	0.5556352398589598	0.013635658522841793	0.12	0.40046622689389616	-0.0011467814175881769	0.0883	0.6303167810121152	1.3310755407002386	0.0	0.6976814844480543	1.5256001567923725	0.0	0.7432413610281556	1.3963705917888856	0.0	0.5549013112268373	1.239625996011903	-0.2016	0.4993054461401677	0.9841752203546205	-0.1613	0.6286634737613187	0.8025070422992844	-0.12	0.6441238897876077	1.241896597528582	0.2016	0.5939960183625438	1.0098907412718077	0.1613	0.6776561061718589	0.8437282535764348	0.12
97	1.6166666666666667	0.5131996089768536	0.8043940981605028	0.0	0.5255978197683739	0.7799677228930789	-0.105	0.6166410868587301	0.4159635632246149	-0.0886	0.6760112399341057	0.053608805070984374	-0.0972	0.8664580748858463	-0.0031557532715970104	-0.0766	0.8404760570151868	-0.035434139338902375	-0.12	0.6544655319233061	-0.01730727403572908	-0.0883	0.5027154164161822	0.786494983854868	0.105	0.46655758433789696	0.41766437018086994	0.0886	0.43085765168918216	0.07097258185129884	0.0972	0.5718467397786615	-0.006323701650723583	0.0766	0.5549735869241308	0.013453955196235486	0.12	0.4003673759819549	-0.00084740690948204	0.0883	0.6305910538764117	1.3311913320423778	0.0	0.6986609354001806	1.525923610235612	0.0	0.7435558085779719	1.396104419518218	0.0	0.554830553484621	1.2397556807073742	-0.2016	0.49776582722673124	0.9841745030215123	-0.1613	0.6287823868643199	0.8034180350911052	-0.12	0.6422609135273238	1.2414899836853401	0.2016	0.5938721240732714	1.0095636064145592	0.1613	0.6793436068829948	0.8418685300316217	0.12
98	1.6333333333333333	0.5138287511161151	0.8030532464798487	0.0	0.5275237729734705	0.7791525858237341	-0.105	0.6166374407771767	0.4133325375721866	-0.0886	0.6768155818894424	0.05233142029789492	-0.0972	0.8663753402692084	-0.005565538054380993	-0.0766	0.8404788411755337	-0.03696382571604288	-0.12	0.6573397849361547	-0.01852058858789572	-0.0883	0.5047272357710388	0.7857726474639865	0.105	0.46764170277756084	0.41731508617283597	0.0886	0.43103785283927176	0.07122795197203491	0.0972	0.5718288985282779	-0.0060435180205570425	0.0766	0.5544517272256818	0.013455368052584304	0.12	0.4013617714511754	-0.0015002218028445052	0.0883	0.6306386096249008	1.3303762562387045	0.0	0.6998430978531418	1.525827358319448	0.0	0.744066892457158	1.3962050527333227	0.0	0.5549140676701803	1.2398429178349095	-0.2016	0.49932372779292816	0.9837729162305167	-0.1613	0.6314221064176101	0.8042482993706488	-0.12	0.6401348716695086	1.2406653070329534	0.2016	0.5801889186762553	1.0099744966499653	0.1613	0.6798003328242234	0.845930156772229	0.12
99	1.65	0.5152051210068503	0.8030941294985456	0.0	0.5276061114961542	0.7825801076237009	-0.105	0.6164289848230567	0.4138161030481388	-0.0886	0.6783793976545813	0.052491059322057464	-0.0972	0.8661737254332118	-0.006369090001563408	-0.0766	0.8401863486366757	-0.03846932822804498	-0.12	0.6588753312494384	-0.018523394514132964	-0.0883	0.503197630054958	0.7893894648678437	0.105	0.46970575823019195	0.41670203178801907	0.0886	0.43098817225253433	0.07189299050705124	0.0972	0.5715383952978415	-0.006458526948692883	0.0766	0.5539867847899993	0.012982260578203819	0.12	0.4003426088605232	-0.0022363726128860214	0.0883	0.6297699820842347	1.3288886124140606	0.0	0.7053254124290953	1.526553402904531	0.0	0.7453912750279486	1.396165982164941	0.0	0.5546517971053028	1.239453965575184	-0.2016	0.497179591279034	0.9826750387502897	-0.1613	0.635715467356539	0.8056215423663942	-0.12	0.6379709881761756	1.2403170857180386	0.2016	0.5856076035767652	1.0109618378992062	0.1613	0.6840084115047911	0.8443211071435799	0.12
100	1.6666666666666667	0.5189178250389007	0.8015444069590647	0.0	0.5279927316932767	0.7830917967090965	-0.105	0.6189740245305276	0.41371539562859344	-0.0886	0.6792229522231352	0.05211439615922909	-0.0972	0.8662458138165333	-0.007067471218279078	-0.0766	0.8399988008366039	-0.03913975590624008	-0.12	0.6590692290157584	-0.01901136967886124	-0.0883	0.5051750453474066	0.7897312269130821	0.105	0.4708562125970168	0.41625828911297696	0.0886	0.43099284140402166	0.07186183102525653	0.0972	0.5714804983714883	-0.006860632258693471	0.0766	0.5540208592814029	0.01266483122778885	0.12	0.40008021053938825	-0.0029050826050743403	0.0883	0.6304881019699958	1.3277516609621	0.0	0.7073690011957596	1.527368576653339	0.0	0.7461806496404411	1.3964287774317277	0.0	0.555046383317141	1.2385622839109638	-0.2016	0.49691930814460966	0.9810209491264953	-0.1613	0.6404909623560309	0.8073085765805339	-0.12	0.6401387177654168	1.240183796664656	0.2016	0.594193318256109	1.0120449084033556	0.1613	0.6848002054814912	0.8457583769370398	0.12
101	1.6833333333333333	0.5232018488100235	0.8010368790817491	0.0	0.5301025329101416	0.7809895858474669	-0.105	0.6243347326022185	0.4138404222185766	-0.0886	0.6803477555388271	0.05083039957349649	-0.0972	0.8666815979519576	-0.008205466220425282	-0.0766	0.839714718087002	-0.03948061594026934	-0.12	0.6586865526975372	-0.0203973538718755	-0.0883	0.5118105552196046	0.7873963821949795	0.105	0.47188135550674737	0.4162761063119711	0.0886	0.43119133462184533	0.06985978058149876	0.0972	0.571808068986315	-0.007762388731804806	0.0766	0.5553191017346366	0.012395260285648323	0.12	0.40118949921117514	-0.003346432144451771	0.0883	0.6322803823289203	1.327470215459569	0.0	0.7073663897337547	1.5274747408850684	0.0	0.7481132907147308	1.3958472771121795	0.0	0.5569348536703594	1.237832656899917	-0.2016	0.4971924894795372	0.9802088177172938	-0.1613	0.6455068967270773	0.812807031753282	-0.12	0.6445753911343323	1.2403504706274588	0.2016	0.5984100750800142	1.0129614681890489	0.1613	0.6929694924435958	0.8512443000188733	0.12
102	1.7	0.5267161963929686	0.8012753706422133	0.0	0.5310071666361096	0.7835028328218256	-0.105	0.629451939972496	0.4158188374696994	-0.0886	0.681294759191447	0.051842354699992	-0.0972	0.8668356347277241	-0.007705954476173992	-0.0766	0.841292788939278	-0.03953771338255633	-0.12	0.6599941669067266	-0.020332057038412316	-0.0883	0.5116413281653306	0.7897048233668236	0.105	0.4739862239547597	0.41589297757436455	0.0886	0.43131383594773826	0.06971391663095501	0.0972	0.5719299320620398	-0.007810262962269419	0.0766	0.5547964029518473	0.012228256468888766	0.12	0.40070918538532596	-0.0026750669636145356	0.0883	0.6318011748199586	1.3256643323673412	0.0	0.7143826486152673	1.5285377167825625	0.0	0.7475500435809005	1.3956798885501653	0.0	0.5559910896172318	1.2375644431389325	-0.2016	0.4952203412929652	0.9811702666276687	-0.1613	0.6533976428097794	0.8220294319203156	-0.12	0.643312183934302	1.2407082726185636	0.2016	0.5964469444237286	1.0169214238028566	0.1613	0.6953341592368274	0.8526210087222442	0.12
103	1.7166666666666666	0.5312149172378589	0.8029939849411623	0.0	0.5331658031832662	0.785678177522457	-0.105	0.6355942396086667	0.41829907055898874	-0.0886	0.6819023046877012	0.05262695655606826	-0.0972	0.8669567604658212	-0.008469965019478703	-0.0766	0.8427905973052047	-0.03927596797209852	-0.12	0.6604787251483871	-0.018218927365134696	-0.0883	0.517752603892592	0.7916940469374925	0.105	0.4762646263876495	0.4158048263854805	0.0886	0.4313794761646844	0.06964565435271605	0.0972	0.5719487559632571	-0.00863371237369411	0.0766	0.5544694931145012	0.012206159627213088	0.12	0.40042401084913276	-0.00222806644898724	0.0883	0.631838852539218	1.3254005607088917	0.0	0.7168010447859388	1.529417102954126	0.0	0.7485222157128065	1.3957092756858847	0.0	0.5575372252511173	1.2376384755611942	-0.2016	0.4946360573124152	0.9825487359228549	-0.1613	0.6662988112823931	0.8312388677714038	-0.12	0.64353394550204	1.241109998339086	0.2016	0.5907616592245915	1.018279633400637	0.1613	0.701838956473546	0.8634549350145979	0.12
104	1.7333333333333334	0.5326744077843786	0.8050160270576989	0.0	0.5333526860195739	0.7892754675608642	-0.105	0.6421212944675306	0.42185696822556346	-0.0886	0.6831208306863088	0.054509975959299975	-0.0972	0.8676314322446853	-0.008012605361462526	-0.0766	0.8427384284196159	-0.038546696141533165	-0.12	0.6617127414423142	-0.015144963814285447	-0.0883	0.5234702287228978	0.7948672390333889	0.105	0.4760705291208172	0.416015570198658	0.0886	0.4318743069310429	0.06919139109518295	0.0972	0.5723676505072426	-0.008438945859328998	0.0766	0.5543933697502242	0.012477130966298468	0.12	0.40084461846337527	-0.0014712385267716924	0.0883	0.6338154969223101	1.323923615187801	0.0	0.7185602615999516	1.530623927926869	0.0	0.748099164855815	1.39597714773876	0.0	0.5587172242448702	1.238227070351217	-0.2016	0.49338597416676644	0.9838569950823837	-0.1613	0.6794438425106749	0.8448315570069977	-0.12	0.6481050420544656	1.2407929180544113	0.2016	0.5946717579317391	1.0185089010660748	0.1613	0.7058402566625994	0.87755766908681	0.12
105	1.75	0.5302770813068243	0.8124052945451293	0.0	0.5317503960356984	0.8049451199692326	-0.105	0.6536999677645298	0.4316567210325665	-0.0886	0.685408947089256	0.06000289941176826	-0.0972	0.868475375082816	-0.007211836198420541	-0.0766	0.844763527019921	-0.0376883307802608	-0.12	0.6642480800077494	-0.011223316618875122	-0.0883	0.5212199577673505	0.8077126801930689	0.105	0.47668920460297626	0.4162523181190352	0.0886	0.4317498601509443	0.0726584883513895	0.0972	0.5720356673384989	-0.006110594353983408	0.0766	0.5504184546912764	0.012702035145403334	0.12	0.40134414673503926	-0.0009273279489304294	0.0883	0.6353001624759316	1.3211742636544732	0.0	0.7299050015791927	1.5338827592052835	0.0	0.7486094103633202	1.397400506705142	0.0	0.5597139159268476	1.2381980021225898	-0.2016	0.4921068552774754	0.9854527020781593	-0.1613	0.6960481217512148	0.861483460726388	-0.12	0.6477611019762607	1.240017974691739	0.2016	0.6001559010103341	1.0243124443095721	0.1613	0.7071774642849501	0.8829195010775067	0.12
106	1.7666666666666666	0.5301230030677082	0.817598475881789	0.0	0.5311821900601449	0.8098907409437729	-0.105	0.6616311527521066	0.4386340402161175	-0.0886	0.6872581713103387	0.06559435526966909	-0.0972	0.8688136427670293	-0.005257070711962884	-0.0766	0.8454253165435764	-0.03563285377983109	-0.12	0.6662844354902586	-0.008639745946081826	-0.0883	0.5214128227689836	0.8111544367515299	0.105	0.47708959808470136	0.41636257809872024	0.0886	0.4317631707926843	0.07453802361193645	0.0972	0.571860362615772	-0.004857547231769334	0.0766	0.547644564251817	0.01282676225212434	0.12	0.40175193848366886	-0.0005374140369215336	0.0883	0.6361686880901648	1.3206672759589122	0.0	0.7298783085288869	1.534588196242415	0.0	0.7491157797586642	1.39964069312034	0.0	0.5603731217200574	1.238386735837037	-0.2016	0.4939455146437033	0.9885904302731431	-0.1613	0.7026552102566125	0.8754044101412524	-0.12	0.6483125393261993	1.2397014081679893	0.2016	0.5994252146588996	1.0257120739727605	0.1613	0.7043096373882762	0.8975528440695016	0.12
107	1.7833333333333332	0.5336860483371836	0.8210989174833926	0.0	0.5319819247788766	0.81235064346549	-0.105	0.6722860965865667	0.44611322697532146	-0.0886	0.6878196299156144	0.06762866220960688	-0.0972	0.8690063013218117	-0.0033502527325513843	-0.0766	0.8455273319113451	-0.03316897320835196	-0.12	0.666900393746398	-0.00764081582678856	-0.0883	0.5274916264589262	0.8142203611590549	0.105	0.47885260361968424	0.416286454817532	0.0886	0.43265553434027104	0.0737877573156995	0.0972	0.5717580075264089	-0.005843359591446865	0.0766	0.5497671322385633	0.01260937691388873	0.12	0.40194676060395096	0.00043095582725892966	0.0883	0.6381492562528045	1.3211273486840538	0.0	0.7290312208507225	1.5345145464437435	0.0	0.7510265261187716	1.400643804468732	0.0	0.5619717992801019	1.239418710017301	-0.2016	0.49444437937964175	0.9886550685971399	-0.1613	0.708228037741204	0.8938656452861782	-0.12	0.6529864580330963	1.2396849306701545	0.2016	0.6032450208123612	1.025043198817717	0.1613	0.7147447174054338	0.9135930864363224	0.12
108	1.8	0.5350853307087606	0.8249500520862384	0.0	0.5317308252318975	0.8169209123665507	-0.105	0.6802379771680288	0.45115494043306426	-0.0886	0.6871557370942167	0.07151777711852639	-0.0972	0.8688101225720308	-0.0015107195405615588	-0.0766	0.8441918428776308	-0.030907577290310816	-0.12	0.6661507848046995	-0.006508124755591118	-0.0883	0.5288742112717583	0.8177145879287376	0.105	0.47802307674838085	0.4163441732247844	0.0886	0.4322324687778789	0.07676257995450696	0.0972	0.5715052105449114	-0.006077610745724045	0.0766	0.5475617336960598	0.012597862236790696	0.12	0.40139047780085685	-0.00019181375246149273	0.0883	0.639360228972101	1.3206329042047642	0.0	0.7310721214619367	1.5356766992119415	0.0	0.7524803282717848	1.4006415968598205	0.0	0.5629362291569296	1.240405961922827	-0.2016	0.4967658067846399	0.9903172151444104	-0.1613	0.7141722119887427	0.915701211813133	-0.12	0.6597292868870316	1.2391385274246811	0.2016	0.6021031422892114	1.0269070029594534	0.1613	0.7279310330654591	0.9371828347403605	0.12
109	1.8166666666666667	0.5373471605771827	0.8264224774145099	0.0	0.533624729327047	0.8189115414632466	-0.105	0.6896122252140733	0.45393615647396246	-0.0886	0.6865564543949996	0.0753143714514397	-0.0972	0.8658945567548569	-0.00025174705235766885	-0.0766	0.8421874279671253	-0.028969691197294693	-0.12	0.6655035292890467	-0.004023914346023486	-0.0883	0.5291059613123139	0.8194278611668454	0.105	0.477569006205956	0.41626920556748503	0.0886	0.4318918015338602	0.07920502652273034	0.0972	0.568696291938722	-0.005499971428717367	0.0766	0.5450680965483539	0.012431721865153811	0.12	0.4008325622300151	-0.0007546680456034156	0.0883	0.6416647711645747	1.3204957643812705	0.0	0.7327345880706482	1.536017196379273	0.0	0.7567149193978349	1.402202485026493	0.0	0.5641760295911113	1.2412520154150346	-0.2016	0.4991825591809541	0.9910595779645267	-0.1613	0.7218173757969725	0.9372116765695033	-0.12	0.6574253972290769	1.2389825704576056	0.2016	0.598653741384481	1.0271269383849488	0.1613	0.73478645654119	0.9563557010525574	0.12
110	1.8333333333333333	0.5405730882170912	0.8244902357758604	0.0	0.5363114512016921	0.8175868870300502	-0.105	0.6936856639313449	0.45568293632357565	-0.0886	0.685074015770526	0.07569806748269516	-0.0972	0.8656122336301617	0.002983305408462725	-0.0766	0.8417115499143422	-0.02646079599600396	-0.12	0.6634986103155716	-0.004439721184917332	-0.0883	0.5319401270652588	0.8183535093982068	0.105	0.4764797314873521	0.4162932221902436	0.0886	0.4309948333265316	0.07987010102145863	0.0972	0.5696793387033063	-0.006317366971217847	0.0766	0.5465960389160112	0.012377995861887885	0.12	0.4009033933568814	-0.0020615439385467936	0.0883	0.6451048003283398	1.3203845732672468	0.0	0.732313086007515	1.535938312383481	0.0	0.7608900584224254	1.4038541262277902	0.0	0.5656758702741297	1.242642027564123	-0.2016	0.5076475720288327	0.9873577158166214	-0.1613	0.7289327951939854	0.9587473568703228	-0.12	0.6644437871431955	1.2390164848776895	0.2016	0.6093001126157356	1.0259852972931855	0.1613	0.75259031210545	0.9838288362445862	0.12
111	1.8499999999999999	0.5434761433762499	0.8219809777427665	0.0	0.5449389091601768	0.8114379530520275	-0.105	0.697725497949928	0.4522712625258374	-0.0886	0.6827677544650815	0.07279632678415482	-0.0972	0.8662798690539534	0.005631002440883716	-0.0766	0.8395882926283307	-0.02435795694973195	-0.12	0.6573078323544173	-0.003617613042259559	-0.0883	0.534559138030901	0.8136748307986517	0.105	0.476107395251383	0.41630430051575346	0.0886	0.4313653800634148	0.076999166916778	0.0972	0.571799112656193	-0.009737908817612608	0.0766	0.5470604830590654	0.012090346938581173	0.12	0.4019349049995477	-0.004863368956366278	0.0883	0.6496282188787237	1.3201013535285326	0.0	0.7332681485902359	1.535510194546175	0.0	0.7671348752172316	1.4038448243586128	0.0	0.5682176972658183	1.2422814035185066	-0.2016	0.5270955737528022	0.9824455282934378	-0.1613	0.7464508424372694	0.9783352957516331	-0.12	0.6730903570529442	1.2391519219475506	0.2016	0.6259725206948428	1.0255728087154197	0.1613	0.765057792281906	0.9888808189348022	0.12
112	1.8666666666666667	0.5479322855999647	0.8228163110151545	0.0	0.5472342624888207	0.8161529303209359	-0.105	0.7016862484373785	0.4551414568922999	-0.0886	0.681337302636076	0.0750563216101946	-0.0972	0.8643321349208835	0.006643442409743015	-0.0766	0.8382825155432057	-0.023598536353226538	-0.12	0.6548055453548438	-0.00488519241763514	-0.0883	0.5367003069459861	0.816759815601359	0.105	0.4770506861120637	0.4168741813713707	0.0886	0.4304372230234177	0.07711675420352694	0.0972	0.5719615615999242	-0.009656165999653568	0.0766	0.5469343785523837	0.009236002374477092	0.12	0.4015320388562687	-0.007621353870316953	0.0883	0.6520041603111032	1.3193807541417752	0.0	0.7351699352334566	1.5375115154766632	0.0	0.7681108888963784	1.4053300298331	0.0	0.5707504094887303	1.2423498259974286	-0.2016	0.5345756674021971	0.9799073690345607	-0.1613	0.7610345929450554	0.9945365047392158	-0.12	0.6717652471117596	1.2391024125033812	0.2016	0.6214114087612387	1.0257492872325829	0.1613	0.7680732917045461	1.0018819812615278	0.12
113	1.8833333333333333	0.553195661188257	0.8220713451203492	0.0	0.5538609891312295	0.8160215378872556	-0.105	0.7041091698036261	0.4543131600821163	-0.0886	0.6792369607881968	0.07308452830494153	-0.0972	0.8614279235927876	0.007310544087290693	-0.0766	0.8360086436287157	-0.023287560584746556	-0.12	0.6505624397074318	-0.006190164776578279	-0.0883	0.5393787241608617	0.816743441359321	0.105	0.47930491104474915	0.41579888323890435	0.0886	0.43091189553255466	0.07528439533376229	0.0972	0.5720490840020112	-0.009354309670574296	0.0766	0.5481798373395973	0.008368385787653353	0.12	0.40213314372016734	-0.008046645008363263	0.0883	0.6530589373315001	1.3199814649460724	0.0	0.7348949326436603	1.5376454427625226	0.0	0.7705773647220989	1.40672873237893	0.0	0.5731213153889223	1.243248981719415	-0.2016	0.5450012046341353	0.9786437760220071	-0.1613	0.7648186972362083	1.009600116921645	-0.12	0.672493472640084	1.2388297421466603	0.2016	0.6304125239175755	1.0250759771445248	0.1613	0.7737811332984692	1.0211098559801952	0.12
114	1.9	0.5577004728957694	0.8206939625184486	0.0	0.556772947177537	0.8182943002257677	-0.105	0.703537142505504	0.45192379584595804	-0.0886	0.6772813515268378	0.07396275199725967	-0.0972	0.8551194698132699	0.007260569970028134	-0.0766	0.8322194162581632	-0.024687332329442112	-0.12	0.6482788135770183	-0.006649319998590966	-0.0883	0.5432877365252038	0.8185677319827993	0.105	0.485315414147652	0.4172002393592953	0.0886	0.430887538859545	0.07558053478311094	0.0972	0.5706270006377921	-0.010337350561196161	0.0766	0.5468487203723319	0.00825426500579973	0.12	0.4021347846732341	-0.007932821637911643	0.0883	0.6562459430049418	1.3202367498187169	0.0	0.7371640605934575	1.53819570463297	0.0	0.7724559814298874	1.4070407600453512	0.0	0.5733013396642596	1.2436000971183796	-0.2016	0.5524728921026147	0.9796918613991177	-0.1613	0.7686231724153882	1.0230464537459936	-0.12	0.6797195913259645	1.238608268395581	0.2016	0.6490809882920149	1.0235902903790357	0.1613	0.7841393968026488	1.0317271405632868	0.12
115	1.9166666666666667	0.5633284386736597	0.8200870621737999	0.0	0.5622170857587786	0.8150589640129807	-0.105	0.7035999994889055	0.4478943174293846	-0.0886	0.6732967980928903	0.07199257024573087	-0.0972	0.8480602910629106	0.004864788008742453	-0.0766	0.8274491850317287	-0.026034340132180853	-0.12	0.6438440997845685	-0.007462970587753986	-0.0883	0.5468124602081734	0.8158472371704468	0.105	0.4915532909818161	0.41579578164715586	0.0886	0.43104242964895606	0.07407596813671509	0.0972	0.5699122143693971	-0.009725868860901588	0.0766	0.5479006981876292	0.009162575601977755	0.12	0.40232947026464305	-0.006743127585700552	0.0883	0.6576185199611227	1.319344379993805	0.0	0.7376633229602811	1.538526826979349	0.0	0.7756947018014526	1.4073651958105697	0.0	0.5740020980617577	1.2443362050648004	-0.2016	0.5609730632146558	0.980278050169705	-0.1613	0.7703322957674027	1.0420488987156238	-0.12	0.6797836217011969	1.238519661767245	0.2016	0.6615868730332914	1.0195542690110964	0.1613	0.7837620150730276	1.0419883876309435	0.12
116	1.9333333333333333	0.5689561055534277	0.8196685968559364	0.0	0.5679329936946425	0.8116500663989936	-0.105	0.7013719099263462	0.44526126785980163	-0.0886	0.670117228907618	0.06873721804799934	-0.0972	0.8441687244248248	0.0005563074448297681	-0.0766	0.8224324002204315	-0.02953517151643192	-0.12	0.639217366292927	-0.009867036649217379	-0.0883	0.5569198165166773	0.8130887466349731	0.105	0.5019476791350838	0.4138527764934872	0.0886	0.4324775135153096	0.07052195227884761	0.0972	0.5695616167970143	-0.009134528502689808	0.0766	0.5492087323705653	0.008789225953153765	0.12	0.40389992414687714	-0.005940764955596045	0.0883	0.6605928845189789	1.3207159875663728	0.0	0.7366078711350663	1.5386836003702165	0.0	0.780189344475736	1.407681824686696	0.0	0.5760978208015011	1.2467915888377488	-0.2016	0.5699117613694223	0.9821084940916267	-0.1613	0.7795286540200442	1.0690765166833283	-0.12	0.6870933457178481	1.2382663586510134	0.2016	0.6879172128768767	1.0169150258931516	0.1613	0.7902117406463385	1.0483565675411433	0.12
117	1.95	0.5751897808440037	0.8195734214445036	0.0	0.5737545820250237	0.8109402524685956	-0.105	0.697553970494208	0.4400785207257943	-0.0886	0.6662434716151004	0.06202494712550982	-0.0972	0.8404546918085078	-0.009520835745491712	-0.0766	0.8184906723814144	-0.03667345796772027	-0.12	0.636664886818398	-0.014294162319719647	-0.0883	0.5730925997013336	0.8111285976666989	0.105	0.5133306538020296	0.4145006262121149	0.0886	0.43355108022088834	0.07193144238430578	0.0972	0.5666371957532786	-0.008350649196810762	0.0766	0.5484368927532463	0.009966357102513071	0.12	0.40347125853351823	-0.006024556277410538	0.0883	0.665765157448988	1.322103629446684	0.0	0.7366724325751528	1.53960957780606	0.0	0.7807122935136954	1.4097058611478577	0.0	0.5776048708459401	1.2485911190501	-0.2016	0.5883324749300973	0.9849964673545248	-0.1613	0.7804862118763217	1.0853686940369547	-0.12	0.6972952048450026	1.2395068927523998	0.2016	0.7217549017286661	1.0144518047204711	0.1613	0.7868935287108992	1.0542775899919525	0.12
118	1.9666666666666666	0.5834548561746227	0.8192604198577605	0.0	0.577032743739534	0.8076494554623856	-0.105	0.6926654995532744	0.43336614680420527	-0.0886	0.6634860574577409	0.0525597714125311	-0.0972	0.8387582884339089	-0.012894933134320616	-0.0766	0.8152519489497706	-0.03908612997183318	-0.12	0.6330181863597935	-0.017949301018927874	-0.0883	0.5897854117409774	0.8067625417583963	0.105	0.5291254236532218	0.41580199239088556	0.0886	0.4359119229675511	0.07275617180591347	0.0972	0.5655944742292153	-0.005971856243848825	0.0766	0.5478991429023917	0.012979701671912416	0.12	0.4047438810932382	-0.0016373282218665407	0.0883	0.666995619783321	1.3246930885014958	0.0	0.7349019611674698	1.5390475454909418	0.0	0.7846923222318973	1.4109298481100523	0.0	0.5801592078315766	1.252167161124811	-0.2016	0.5975972662682355	0.9949387227094809	-0.1613	0.7917116862334048	1.1011572428618823	-0.12	0.6989127526619334	1.2408834611188657	0.2016	0.7333447373148274	1.0163967734230566	0.1613	0.8053340299295413	1.0749902942467722	0.12
119	1.9833333333333334	0.5964681905058632	0.819227557956335	0.0	0.5806885038503218	0.8075002104451169	-0.105	0.6867883663863696	0.42908308106836024	-0.0886	0.6615778957651626	0.050627185405460094	-0.0972	0.8376324181585808	-0.013147985664132791	-0.0766	0.8118454917982475	-0.0406269776203217	-0.12	0.6331979017026448	-0.021632179345068656	-0.0883	0.6180012181480214	0.8061282539083404	0.105	0.5505490635760255	0.4230856682777374	0.0886	0.4411777826045816	0.0778314896840503	0.0972	0.5655287014093666	-0.004301746593389159	0.0766	0.5464681250250736	0.014857691439748202	0.12	0.40744486494396503	0.0031484161234064567	0.0883	0.6696325486362384	1.3252456179543382	0.0	0.7382447016022375	1.5390752161606385	0.0	0.7861725684222346	1.4119246979746654	0.0	0.5830993009574883	1.253217230559214	-0.2016	0.6113018560180751	1.0043954233063985	-0.1613	0.793770362992168	1.1124473752130846	-0.12	0.7037052871456737	1.2421191352820518	0.2016	0.7432134813270076	1.0183469036951511	0.1613	0.8169895965963035	1.099875691522196	0.12
120	2.0	0.6043392405785295	0.81858640771184	0.0	0.5866782733070024	0.8023502176055269	-0.105	0.6793742688525796	0.4235623121808012	-0.0886	0.6606336739431496	0.04785593463339848	-0.0972	0.8374644242791283	-0.013124004511039945	-0.0766	0.8077226475343188	-0.04103131023519354	-0.12	0.6281562904732535	-0.022387005886266038	-0.0883	0.6315196539225344	0.8042620837988973	0.105	0.573778626888757	0.42526226314740206	0.0886	0.4466668625212568	0.08304874753176783	0.0972	0.5634353773788144	-0.0014158320023696224	0.0766	0.5469124345482986	0.01603852794626609	0.12	0.4083349812282669	0.007365680130381853	0.0883	0.6714052773607841	1.3282738936182388	0.0	0.7362564804344893	1.5396085708150349	0.0	0.7897230555546525	1.4126318194095049	0.0	0.5850984514077214	1.2536591803752477	-0.2016	0.6242741286179804	1.0112608589808987	-0.1613	0.8007469495804681	1.1249882876317134	-0.12	0.7055827865229038	1.2431457322071566	0.2016	0.7447403332061208	1.0194386303398244	0.1613	0.8283475709048014	1.1049588517746722	0.12
121	2.0166666666666666	0.6125348780568244	0.8183757095434876	0.0	0.5874978771300302	0.8000759481246097	-0.105	0.6737683306444422	0.42476918892738663	-0.0886	0.659994002013	0.04946682887519085	-0.0972	0.8391901251675279	-0.013650000443369567	-0.0766	0.8073754525915007	-0.04175104799776788	-0.12	0.6242692244631314	-0.0235156402645806	-0.0883	0.6471723973022793	0.8044608635504135	0.105	0.6032021109949651	0.4296898329770686	0.0886	0.45950504290787103	0.09741930889735743	0.0972	0.5659931656819145	0.0007806966018538219	0.0766	0.5480668300346637	0.019609629935955886	0.12	0.412984004436509	0.02135979269249959	0.0883	0.6724199393739931	1.3287554489340954	0.0	0.7375117483161487	1.5391980818037652	0.0	0.7925777194940686	1.4138522623288232	0.0	0.5860300357991334	1.254011884719034	-0.2016	0.6383737869696867	1.0165178600645177	-0.1613	0.8101683066650773	1.1518975651044858	-0.12	0.7065221831753654	1.2445041110417203	0.2016	0.7432022345729692	1.0198428204469938	0.1613	0.834421245453215	1.1193368951592013	0.12
122	2.033333333333333	0.6175599707920538	0.8176908635183666	0.0	0.5857136766370321	0.7965143271945759	-0.105	0.6684462678563773	0.4286861156386846	-0.0886	0.6583499167073518	0.04748764092811509	-0.0972	0.8396144861486333	-0.014252660737923532	-0.0766	0.8069509894681306	-0.04248409482300122	-0.12	0.6206921135415261	-0.025496835459566793	-0.0883	0.6546948882406826	0.8023957342831556	0.105	0.6417898963047192	0.4399864159889721	0.0886	0.4744594251060947	0.11619426891153307	0.0972	0.5666366469979023	-0.00011808888025939936	0.0766	0.5477870664507326	0.0208170725889384	0.12	0.42426023180305755	0.04500614428780036	0.0883	0.674492936664525	1.3296951848709766	0.0	0.7399165404585911	1.5374932528956344	0.0	0.7929423709409263	1.4143184070660966	0.0	0.586891342575481	1.255366904162396	-0.2016	0.651582531317407	1.0204489729883777	-0.1613	0.8108278683182921	1.1574570188350712	-0.12	0.7088461488958924	1.2448830728362472	0.2016	0.7430227616421962	1.0196530833360877	0.1613	0.838937057139496	1.1269772885929905	0.12
123	2.05	0.6256120881447005	0.8149534889385762	0.0	0.5903305201665054	0.7892585288329433	-0.105	0.664314189391872	0.4261701799565053	-0.0886	0.6581680614808473	0.037092765950620846	-0.0972	0.8404770257885357	-0.01575295911909833	-0.0766	0.8082390986857415	-0.043481131026950844	-0.12	0.6171648820866503	-0.026987769865726156	-0.0883	0.6630841793060993	0.7885891077494276	0.105	0.6969034956900746	0.44468949194222673	0.0886	0.49326135439636515	0.12376686863303173	0.0972	0.5699806652703059	0.003746036933930009	0.0766	0.5546409032854153	0.02351144621049872	0.12	0.44041950496026483	0.06476916319857512	0.0883	0.6789821135589041	1.3313182137337096	0.0	0.7366163877797834	1.5344075918705355	0.0	0.7954614259712626	1.4119227867017299	0.0	0.5925571538214246	1.256932448989945	-0.2016	0.6665932585073793	1.02218668511573	-0.1613	0.8136331479896094	1.16615652796975	-0.12	0.7163500341455223	1.245637476625263	0.2016	0.747963550645143	1.019200613479678	0.1613	0.8422467590302561	1.1373830839474615	0.12
124	2.0666666666666664	0.6334972055952623	0.8126331160614332	0.0	0.5954865261085462	0.7857738182562756	-0.105	0.662103856457503	0.4198578302603915	-0.0886	0.6579952815327748	0.03640027299698915	-0.0972	0.8399672028487656	-0.016677614778773973	-0.0766	0.8086800368804264	-0.04398899349299433	-0.12	0.6172742011597439	-0.030243744115920138	-0.0883	0.6738559701012207	0.7866566405708441	0.105	0.7466366455389385	0.45347535267262823	0.0886	0.5218993171219057	0.14572658278844292	0.0972	0.5849736192618258	0.010719604003586344	0.0766	0.5729668058831572	0.030165627273848944	0.12	0.46407686669333975	0.09049253649543508	0.0883	0.6802187165997883	1.3317660723119966	0.0	0.7364981756055855	1.5339382322513806	0.0	0.797537790926342	1.4099251017682093	0.0	0.5940726187121919	1.259100735597553	-0.2016	0.6702158365719153	1.0250635073602936	-0.1613	0.8159404120056987	1.1718465952339752	-0.12	0.723445734458913	1.2462915233623288	0.2016	0.750482554246378	1.0195155974674464	0.1613	0.8462176869627195	1.140795764652616	0.12
125	2.0833333333333335	0.640469041260135	0.811417408303035	0.0	0.5994669052551055	0.7870318703630863	-0.105	0.6593982798381667	0.4136798724545042	-0.0886	0.6578001495094528	0.03577992355595116	-0.0972	0.8404428976520626	-0.017383104563001482	-0.0766	0.809524237884075	-0.04434609105415459	-0.12	0.6200785799486654	-0.03211999316979691	-0.0883	0.6903884244568557	0.7881664172062559	0.105	0.7852754693068272	0.46111126883104103	0.0886	0.5525789128431219	0.17578881136541197	0.0972	0.5918629065168064	0.022729091990115594	0.0766	0.5940422653003774	0.044559808161942036	0.12	0.4872176915322051	0.12844449519036408	0.0883	0.6842206468866562	1.3305934544181808	0.0	0.7398820606533374	1.5337977638744265	0.0	0.7978851183557244	1.4094822323270395	0.0	0.5960203265424567	1.2600665182925945	-0.2016	0.6751389231743227	1.0269424511782084	-0.1613	0.8177309913843038	1.1758253488697654	-0.12	0.7261355565911309	1.2470699310326456	0.2016	0.7525512237465595	1.0198314281273717	0.1613	0.8457773643971634	1.1438985555988967	0.12
126	2.1	0.6449915877048891	0.8114160862600844	0.0	0.5998681575644064	0.7917027951621671	-0.105	0.6572278777330969	0.41123617708900845	-0.0886	0.6578148441362168	0.035129551078750806	-0.0972	0.8403924048947543	-0.017783981770555256	-0.0766	0.8099686532598505	-0.04421343517632998	-0.12	0.6206165520214897	-0.033307229906510555	-0.0883	0.6974640330499416	0.7932538891256093	0.105	0.8157308623023731	0.47912605649358897	0.0886	0.5781630155771398	0.19077132503498612	0.0972	0.6064539132311904	0.0378342021769401	0.0766	0.6196707021277262	0.06688150774089778	0.12	0.5100023351425819	0.156073595034573	0.0883	0.6882807153758473	1.3305444221009242	0.0	0.7436960764099161	1.5344726845605756	0.0	0.8013131345014074	1.4101997219477822	0.0	0.597993719811144	1.262538373560016	-0.2016	0.6810633507356284	1.0283830018746425	-0.1613	0.8189637252532076	1.1770220613444042	-0.12	0.7304340299422704	1.2471395981162614	0.2016	0.7563453821423479	1.0203983684341151	0.1613	0.8447057813946846	1.1522221772368308	0.12
127	2.1166666666666667	0.6507066241869521	0.8124721194099074	0.0	0.6043679236414715	0.7902856057969544	-0.105	0.6522374246017937	0.40876055019162744	-0.0886	0.6574122947231197	0.03517911188586238	-0.0972	0.8409124398177661	-0.018388948085857837	-0.0766	0.809165149367819	-0.04426008369679207	-0.12	0.6185121042928329	-0.03357594738555997	-0.0883	0.7034985067637592	0.7909823085611289	0.105	0.8484126040168524	0.495883170327074	0.0886	0.6152598997090342	0.21418754538289556	0.0972	0.6635696960869243	0.0958477171105636	0.0766	0.6718492769441603	0.11764200328473368	0.12	0.5417571961737105	0.18742478421514835	0.0883	0.6917457519861065	1.3312857311863404	0.0	0.7431405852297224	1.5347195466489962	0.0	0.805106168083632	1.4119273640100063	0.0	0.6002067776748621	1.2644367208267189	-0.2016	0.6831846291326809	1.0342316769495261	-0.1613	0.8193660488936039	1.1824438420721446	-0.12	0.7373302199286499	1.246692303838386	0.2016	0.7598401018344162	1.0205153330939627	0.1613	0.8441659859216457	1.1526590238008692	0.12
128	2.1333333333333333	0.6524471923336757	0.8149488767887261	0.0	0.6039007674124997	0.7973588303275752	-0.105	0.6504272742956546	0.4084889163583345	-0.0886	0.6571068610190571	0.03572542782369367	-0.0972	0.8410776176899188	-0.018322846108523975	-0.0766	0.8081254893999867	-0.044213740568210695	-0.12	0.6183530379306782	-0.033171551244978385	-0.0883	0.7053357587867395	0.7962008239714792	0.105	0.8760160816153527	0.5114509523487908	0.0886	0.643634222877455	0.23884115998572603	0.0972	0.7230824682254762	0.12445604563806116	0.0766	0.7007455384112816	0.13851945677780778	0.12	0.5607581652196963	0.2129352572717878	0.0883	0.6931479512682319	1.331373052081654	0.0	0.747804732718674	1.5358460092030302	0.0	0.8077857772683068	1.4128320950052033	0.0	0.6004550233655475	1.2651968708761003	-0.2016	0.6868320773236394	1.0377500119078225	-0.1613	0.8254096798750356	1.1911109769245085	-0.12	0.7348770395380384	1.2476642858439917	0.2016	0.7596750855681382	1.020568972903176	0.1613	0.8478165925910097	1.1548006019920305	0.12
129	2.15	0.6545194548663594	0.8182998695547118	0.0	0.6033184523851348	0.817810328038075	-0.105	0.6496963403589368	0.4063538854918782	-0.0886	0.6558650763747849	0.03548998301213942	-0.0972	0.8404165745162109	-0.017296088980200255	-0.0766	0.8073127606869279	-0.0433155137255913	-0.12	0.622834713284861	-0.03413798871540462	-0.0883	0.7096886662714504	0.8116762820303729	0.105	0.8993675306416795	0.5350278927320045	0.0886	0.7020923336275616	0.23588385656469452	0.0972	0.7550757625178205	0.10669271687002234	0.0766	0.7441397668022525	0.12767042086362096	0.12	0.6669236748947733	0.2316107811617709	0.0883	0.6932971488133363	1.3310717486051817	0.0	0.7542581638178825	1.5376744486895553	0.0	0.804188758963353	1.4129488168528528	0.0	0.5992014041363677	1.2651764381151267	-0.2016	0.6891094528166563	1.0430539911277912	-0.1613	0.830282744580309	1.1992822867233444	-0.12	0.7326103379887807	1.2488744358558896	0.2016	0.7664015008625519	1.0206053900790475	0.1613	0.8525791639046183	1.1566954867652666	0.12
130	2.1666666666666665	0.6570307273093822	0.8216902426949119	0.0	0.6029622500739825	0.8211592114905849	-0.105	0.6492951747605005	0.40918979761585217	-0.0886	0.6550268012197612	0.034806208669544925	-0.0972	0.8405637887553707	-0.01685604880100809	-0.0766	0.808161181303461	-0.043012255729740725	-0.12	0.6246720091637803	-0.03339169471872251	-0.0883	0.7127025151921291	0.821707154064359	0.105	0.9227461542317666	0.5581775713864411	0.0886	0.7314558173813132	0.26197860752124724	0.0972	0.7764563225279993	0.11227368874919615	0.0766	0.7758080926523242	0.13105619098149746	0.12	0.6947055632652303	0.24593576688528976	0.0883	0.694975618482231	1.3318786446704052	0.0	0.7555995508416925	1.5418883968615449	0.0	0.8022164239685007	1.414236347777078	0.0	0.5989061497453593	1.2659032887475292	-0.2016	0.6909871902147932	1.0457817235843287	-0.1613	0.8334274854817502	1.2025745222415571	-0.12	0.7348287979350417	1.2500097218640172	0.2016	0.7736883414169515	1.020972631628819	0.1613	0.8576166501534902	1.1605254980747235	0.12
131	2.183333333333333	0.6621200757208043	0.8252243594429711	0.0	0.6033755691706729	0.8229476681605233	-0.105	0.6495237321998295	0.4114650014199076	-0.0886	0.6540342660083752	0.03699861117427987	-0.0972	0.8417290760291205	-0.016759016400231946	-0.0766	0.8089856429327035	-0.042159465148408175	-0.12	0.6246706052739514	-0.03238204325322858	-0.0883	0.7229005777184727	0.8265771929440366	0.105	0.9443786830548435	0.5852548669987938	0.0886	0.76856915915765	0.27398081839228544	0.0972	0.8187269749389419	0.13008987904741626	0.0766	0.8181236575682964	0.1390700158616315	0.12	0.7216577438812757	0.24499448551356237	0.0883	0.6958861216980758	1.331984863333677	0.0	0.758086709717718	1.5439671521416365	0.0	0.8066003244287282	1.4154905559318869	0.0	0.5995305171937103	1.2682323763640042	-0.2016	0.6949595597270127	1.0518770371433372	-0.1613	0.8364503607461861	1.2081477410575154	-0.12	0.7420604297166392	1.2503522312301993	0.2016	0.779222428453904	1.0215298517370621	0.1613	0.8629923292126594	1.1616771973181956	0.12
132	2.2	0.6651940099085825	0.8270793237032354	0.0	0.6053472823855147	0.8170789956256833	-0.105	0.649966531908203	0.4117362013221554	-0.0886	0.6549156902839475	0.03844925419967646	-0.0972	0.842193870688991	-0.01585361335407815	-0.0766	0.8078491569937796	-0.041059772017882336	-0.12	0.6258829774248315	-0.03041607332595666	-0.0883	0.7307353576531854	0.8217850886509562	0.105	0.9654222251224213	0.6120183140732471	0.0886	0.81332124070963	0.2921073073483813	0.0972	0.8818884958679509	0.1265243168990183	0.0766	0.8734592062943123	0.13992790823302675	0.12	0.763589983556489	0.2574921424135685	0.0883	0.6981812038380897	1.3333118833614652	0.0	0.7593011524330285	1.5423417310381946	0.0	0.8142013154603407	1.4161705031695089	0.0	0.6011331249501847	1.2707896287113534	-0.2016	0.6965813936242574	1.0547454878471445	-0.1613	0.8359785803378068	1.2072349883883289	-0.12	0.7473815377633212	1.2511996488122281	0.2016	0.7823454677481293	1.0221125391635637	0.1613	0.8662846782646183	1.1648603680264777	0.12
133	2.216666666666667	0.6685599002461892	0.8303926409700686	0.0	0.604616365637615	0.8192437704077759	-0.105	0.6527913676974781	0.4147700009576288	-0.0886	0.6544145214328727	0.039399499965307234	-0.0972	0.842391452959312	-0.014908507233256527	-0.0766	0.8064266933446181	-0.04026873835720183	-0.12	0.6266167123189837	-0.0286547706030072	-0.0883	0.7346743033225015	0.8267925949502043	0.105	0.9803683334959882	0.6417426435216697	0.0886	0.8592151357116661	0.3038281910202542	0.0972	0.9464651784184716	0.13275131043810812	0.0766	0.9400481220771241	0.15109267994376305	0.12	0.8068572252384782	0.2614743569376773	0.0883	0.6996684392514746	1.332915870382906	0.0	0.763662959798106	1.5429388726539812	0.0	0.8201938108855745	1.41567911100737	0.0	0.6016581340155704	1.2721127116270508	-0.2016	0.6973250105364729	1.0563847128542605	-0.1613	0.8365259064654744	1.2084417757446309	-0.12	0.7501078679150033	1.2531548271111577	0.2016	0.7861769391615762	1.022726487346362	0.1613	0.8704412242947502	1.1678106527590828	0.12
134	2.2333333333333334	0.6685929492681861	0.8335214293994819	0.0	0.6037977469944332	0.8267766076108087	-0.105	0.6546471102369347	0.4180273576879323	-0.0886	0.6539027436045834	0.039071401632417076	-0.0972	0.8429159875599083	-0.014618548229059898	-0.0766	0.8051738145738769	-0.04033376576295756	-0.12	0.626726921357507	-0.027838388680218238	-0.0883	0.7369660070755865	0.8380916705868438	0.105	0.9974011440853973	0.6680315632650052	0.0886	0.9005683350977486	0.31932608365141935	0.0972	1.0035785092623217	0.1777138728050811	0.0766	0.9944382572912088	0.18870864864098824	0.12	0.845981924456158	0.2718110081423972	0.0883	0.7012795921160248	1.3318849158878454	0.0	0.7735258746796763	1.5458421239871727	0.0	0.8208909897771773	1.4154889084529252	0.0	0.6009029534316123	1.2725538158258605	-0.2016	0.6969497646422224	1.0584898828670966	-0.1613	0.8387395288894749	1.2108318647166132	-0.12	0.7448263983698991	1.2550405566083402	0.2016	0.7903117109997851	1.0250645340135645	0.1613	0.8761428886032671	1.168290522431403	0.12
135	2.25	0.6741214084183527	0.8368823881469615	0.0	0.6048462969280626	0.8243670519019558	-0.105	0.657454669538625	0.41914882985569946	-0.0886	0.6545105376329229	0.039284010761178344	-0.0972	0.8429286198724101	-0.01529722713273601	-0.0766	0.8033939449824342	-0.03959246674400912	-0.12	0.6269111862505669	-0.026980021175010655	-0.0883	0.744972530573998	0.8429267054854067	0.105	1.0084621706658021	0.6980369986876431	0.0886	0.9472866209681344	0.3456580774015189	0.0972	1.0563207126052168	0.21014812296078014	0.0766	1.0468103552298074	0.220835231384441	0.12	0.9079627804722514	0.3003202995567676	0.0883	0.7032434595251283	1.33211527304839	0.0	0.7754254581852378	1.544201150776335	0.0	0.8244930792008223	1.415344294491159	0.0	0.6015810964532342	1.2735898249113013	-0.2016	0.6975510494416898	1.060104089394109	-0.1613	0.8394986036801202	1.213216057729776	-0.12	0.7517043909112853	1.2554676981303992	0.2016	0.7945114365373691	1.0227121280308573	0.1613	0.8767865278379025	1.1690411418971096	0.12
136	2.2666666666666666	0.674181878499157	0.8407717427740952	0.0	0.6066649548888788	0.826463200186888	-0.105	0.6608980862082197	0.42126520603903145	-0.0886	0.6545324755925737	0.04028499070356067	-0.0972	0.8418417316680464	-0.016279797668718957	-0.0766	0.7998983394186967	-0.03922698870532563	-0.12	0.6263821959538279	-0.02678389086624698	-0.0883	0.7428292283188721	0.8486197349818422	0.105	1.0228171531264327	0.7261348989630022	0.0886	0.9881231799509564	0.36682327834933764	0.0972	1.110104304524118	0.23000847549540643	0.0766	1.0973608551117064	0.24542761998740306	0.12	0.954372375460233	0.3190150607292495	0.0883	0.7065099646923938	1.3312207786019878	0.0	0.7813505429147973	1.546078523104128	0.0	0.8262868765205572	1.4150377425436793	0.0	0.6002765542496454	1.2708246306077038	-0.2016	0.6962621459185421	1.0605979814029523	-0.1613	0.8416200149152296	1.2171703160975953	-0.12	0.7555074798645807	1.255786078094076	0.2016	0.7962565554192472	1.0173599527089652	0.1613	0.8803287719252942	1.1665791569284936	0.12
137	2.283333333333333	0.676104502730937	0.8444015944774332	0.0	0.609128318852646	0.8275118944322891	-0.105	0.6662023046204236	0.42049879099943605	-0.0886	0.655418671799429	0.04026207687965828	-0.0972	0.8392779201458569	-0.018639428963816037	-0.0766	0.8038568795931099	-0.04012744853856756	-0.12	0.626917609261472	-0.02648025223619023	-0.0883	0.7468097384621093	0.8523654342116936	0.105	1.0339507879697964	0.7591981911179604	0.0886	1.0295971811857234	0.38999395928933556	0.0972	1.1612995874272936	0.28093203244133275	0.0766	1.137073089517783	0.28879702567724996	0.12	1.000806600954684	0.33437648473309595	0.0883	0.7065798475192896	1.33024374400554	0.0	0.7854516279161865	1.5458039198746543	0.0	0.8282356371687176	1.41431807315521	0.0	0.5995713306692747	1.2711053473399272	-0.2016	0.6987983375212488	1.0599119725259663	-0.1613	0.8427551673842827	1.2117607883388324	-0.12	0.7539519334228205	1.2566388278711786	0.2016	0.7984768856101194	1.0140702269878474	0.1613	0.8840767489013253	1.1631453267665026	0.12
138	2.3	0.6812592512970448	0.846729121106453	0.0	0.6183419053862615	0.824099388750314	-0.105	0.668437432702784	0.41988943661910694	-0.0886	0.6559521559238602	0.040013138261786235	-0.0972	0.8376213459452984	-0.020509624292662017	-0.0766	0.8035064106204554	-0.04232551542688944	-0.12	0.6282781333333979	-0.02654315509912551	-0.0883	0.752147725042368	0.8536441227303405	0.105	1.042125712467315	0.7905094936759508	0.0886	1.0671444803867307	0.4315165478753986	0.0972	1.2258156243617422	0.331221787165313	0.0766	1.1867975651069977	0.3410246351917812	0.12	1.0360868983394913	0.36317562704495904	0.0883	0.7071989979206325	1.329319688252513	0.0	0.7872028549649925	1.5439528867827943	0.0	0.8308960494445587	1.4128581629055983	0.0	0.5996170816001918	1.272201803372381	-0.2016	0.6990723633375758	1.0597658556064182	-0.1613	0.8419581787349385	1.215737814576369	-0.12	0.7584442622795414	1.2565619645441781	0.2016	0.8059895137087968	1.0127560892131202	0.1613	0.8850024930233578	1.1646735515092415	0.12
139	2.3166666666666664	0.6867231678813628	0.8476960405395423	0.0	0.6225119636685931	0.823210077291909	-0.105	0.6733958535859897	0.4210542238040825	-0.0886	0.6565337812925465	0.03907267736312705	-0.0972	0.8406801645783626	-0.0208950551580589	-0.0766	0.8031583351786564	-0.04374057553377817	-0.12	0.6293693273887325	-0.026977592377661425	-0.0883	0.7575676210025842	0.8576650115271136	0.105	1.0465944330971193	0.8201147100552016	0.0886	1.0994902877259298	0.4717010819526352	0.0972	1.2570454317890134	0.3793168568347885	0.0766	1.233096424003082	0.38426697728446363	0.12	1.0729929654424895	0.4029821207552318	0.0883	0.7100604735405207	1.3290932793257408	0.0	0.7861888100733238	1.542545558598261	0.0	0.8334130174455006	1.4126169840954246	0.0	0.6003355685913236	1.2710976476232008	-0.2016	0.6981379029697838	1.0616844465383015	-0.1613	0.8436719268140591	1.2122606863756442	-0.12	0.7643383475621685	1.2565520858192822	0.2016	0.8141502182222345	1.0096535789423657	0.1613	0.8877311691173192	1.162301845134908	0.12
140	2.3333333333333335	0.6894956551779514	0.849428428745998	0.0	0.6252857086560386	0.8210506613168586	-0.105	0.6762496001840648	0.41923736527022787	-0.0886	0.6574962534903183	0.037530632576129805	-0.0972	0.8422544938407919	-0.021358150570089215	-0.0766	0.8016880937684722	-0.04474121512941462	-0.12	0.6299131539400123	-0.027463240864906202	-0.0883	0.7605721059263796	0.859132322290489	0.105	1.0488275746038047	0.8525399479950606	0.0886	1.1284110704245163	0.5085729182496657	0.0972	1.2906855171687563	0.41903049721080077	0.0766	1.2628808469974768	0.43403454626552307	0.12	1.1065075420376889	0.43727644105846714	0.0883	0.7141380453529976	1.3303321584275194	0.0	0.7860354708827746	1.5406882411388845	0.0	0.8338014145067213	1.4098926918743528	0.0	0.6022987104618404	1.2710313972654828	-0.2016	0.7000774600892866	1.0612509488307524	-0.1613	0.8439848003339826	1.2153120599816336	-0.12	0.7725488788728038	1.2562238044776355	0.2016	0.8213139670284954	1.0080855947924452	0.1613	0.8903902141016343	1.1632769826359224	0.12
141	2.35	0.6956997147260848	0.8449206412025134	0.0	0.6339648878651724	0.813101097554479	-0.105	0.6803429783885291	0.41558084528331074	-0.0886	0.6590720941520241	0.03377495104201935	-0.0972	0.8434149712348268	-0.0213086585821425	-0.0766	0.8065521141273616	-0.04605395140694508	-0.12	0.6314486118777478	-0.0277410537231641	-0.0883	0.769014657131708	0.8489124121051101	0.105	1.0481799477983256	0.8794859692368235	0.0886	1.1502697346020254	0.5429430292029004	0.0972	1.3098399156616518	0.4668823021436017	0.0766	1.2888522745494317	0.488956164622104	0.12	1.1279269361450717	0.47425768768143306	0.0883	0.716231977801287	1.3320728927144316	0.0	0.7808659994941063	1.5318413906086816	0.0	0.8345159580604137	1.4085470617863907	0.0	0.6032108793591564	1.274526216729905	-0.2016	0.6944230223718386	1.0606323642007567	-0.1613	0.8445787340073685	1.209923141212115	-0.12	0.7708643386205657	1.255059325424078	0.2016	0.8229430166651674	1.007137818497793	0.1613	0.8930453122799616	1.1641315071835439	0.12
142	2.3666666666666667	0.6989536587047012	0.8450928669472337	0.0	0.6378458141457454	0.8081225881654281	-0.105	0.6832498916934693	0.41477903072182215	-0.0886	0.6601033613215096	0.03251796312358736	-0.0972	0.8442571807437911	-0.020472445630728614	-0.0766	0.8087262448509863	-0.045391232551542746	-0.12	0.6335021448549095	-0.028459042368199728	-0.0883	0.7749394954944371	0.8486501831172272	0.105	1.0456071344754745	0.9089122244005229	0.0886	1.169617409799211	0.5905095550726862	0.0972	1.3272602070322228	0.5286562348735656	0.0766	1.3061886817813604	0.5383276961126837	0.12	1.1519571545848601	0.5189681267837088	0.0883	0.7185875380098546	1.3326100902497255	0.0	0.7806600427181909	1.528252742827961	0.0	0.8347659374816617	1.4073757197522287	0.0	0.6033621907447221	1.2748539921154545	-0.2016	0.6938705649303469	1.0617994450638817	-0.1613	0.8444811962178105	1.2087099657510738	-0.12	0.7739554789964086	1.2542227995958124	0.2016	0.8257795820058826	1.006090390307552	0.1613	0.8934570770106846	1.1644832477558769	0.12
143	2.3833333333333333	0.7063305857999642	0.8456524729588547	0.0	0.6475428483908922	0.8015140983579594	-0.105	0.6881104762195893	0.414590166172204	-0.0886	0.661873667346491	0.031042745697971327	-0.0972	0.8456782465793764	-0.02001867355250583	-0.0766	0.8096521149639836	-0.04438608258929091	-0.12	0.6350361244243163	-0.028250062238097746	-0.0883	0.7870804693440996	0.8507528628404302	0.105	1.0445429054825142	0.9452221683606278	0.0886	1.18504669297684	0.6402863943310837	0.0972	1.3426785035669104	0.5985010992364002	0.0766	1.319011849582473	0.6098505009037766	0.12	1.1697833977402274	0.5661571055310927	0.0883	0.721085920755811	1.334345507845103	0.0	0.7780047314901178	1.5237139639056052	0.0	0.8368822345533009	1.4069174499561057	0.0	0.6033062627358673	1.2748179226815397	-0.2016	0.6964582713794246	1.0633630911072682	-0.1613	0.8444680706241592	1.2123899312190056	-0.12	0.7869683606513838	1.2539708447252262	0.2016	0.835559260376238	1.0044031842463785	0.1613	0.8954638775978104	1.1680789563850618	0.12
144	2.4	0.7136309445709217	0.8505527331904765	0.0	0.6554702997011321	0.8032441227624876	-0.105	0.6931539550901874	0.41517523194145156	-0.0886	0.662751023376933	0.03177989094615968	-0.0972	0.8462115854584646	-0.019950452174752786	-0.0766	0.8101974509863685	-0.043477191120818576	-0.12	0.6345332534478768	-0.02765494863567498	-0.0883	0.7945060854080205	0.8559731322030181	0.105	1.0396810101421925	0.9749242754791846	0.0886	1.1970715054691907	0.6786226432116838	0.0972	1.344961952543075	0.6216586726968348	0.0766	1.3212813428383847	0.6313405281238743	0.12	1.1797577107232822	0.6108049563863056	0.0883	0.7234663216572681	1.3360916264312817	0.0	0.7802112520701602	1.522462651054735	0.0	0.8388816308042618	1.4063048760445378	0.0	0.603223310719761	1.2743119881481593	-0.2016	0.6941048814252241	1.059795237065544	-0.1613	0.8445368734087739	1.2103866270422419	-0.12	0.7907107871579491	1.2547961511628725	0.2016	0.8453084414495385	1.0075687824106325	0.1613	0.8960644339387486	1.171065687363943	0.12
145	2.4166666666666665	0.716765628294094	0.8503644901743763	0.0	0.6606369396369354	0.8025823965903757	-0.105	0.6958364033583778	0.4153440944316958	-0.0886	0.6642683509221929	0.03192004092698934	-0.0972	0.8466502243572817	-0.01941458683489066	-0.0766	0.8093186069819749	-0.04229633586585781	-0.12	0.6351682578915638	-0.026332224948498996	-0.0883	0.7974498595548927	0.855466487132484	0.105	1.0303636020507232	0.9993246897918664	0.0886	1.2008061024492063	0.7151551206432005	0.0972	1.3510850435114605	0.6851635597115847	0.0766	1.3275251930688732	0.6854758333513384	0.12	1.1910310934137402	0.647243807402765	0.0883	0.7252839774083144	1.3353564750647526	0.0	0.7804918114481526	1.523888062252027	0.0	0.8390545585999215	1.406074995880842	0.0	0.6030290765221228	1.2730597714352239	-0.2016	0.6962128920370652	1.0592554589231118	-0.1613	0.8458846124206477	1.2105645237915172	-0.12	0.7948182079185584	1.2569723296591513	0.2016	0.8502750649767259	1.0124184344344678	0.1613	0.8993795694330721	1.1782164307351	0.12
146	2.433333333333333	0.7247176421344205	0.8500066747137909	0.0	0.6664434211844413	0.80238382368097	-0.105	0.7015089443118332	0.41452989101681953	-0.0886	0.6653773057442645	0.03279488524443494	-0.0972	0.847952311561432	-0.019328444643145884	-0.0766	0.808754325028463	-0.04195763076726625	-0.12	0.635072756895158	-0.026209225706916136	-0.0883	0.8046572003939247	0.8534159869384856	0.105	1.0255000047052725	1.0280356205311885	0.0886	1.1936716746559257	0.7544564047660831	0.0972	1.3486807499225866	0.7258773855989701	0.0766	1.330125789404313	0.7138039663071827	0.12	1.189021810432901	0.6841986594216306	0.0883	0.7261919445002171	1.3343491098739166	0.0	0.7816536865672955	1.5215635066967323	0.0	0.8414367744934526	1.403283912028105	0.0	0.60339757463353	1.2731263860920907	-0.2016	0.6955755035012796	1.05833355455876	-0.1613	0.8471304840053683	1.2116993867139443	-0.12	0.7975204407144535	1.258696222947084	0.2016	0.856250684124012	1.0235804370601223	0.1613	0.9004205103554709	1.1845733358191628	0.12
147	2.45	0.730606148106753	0.8521762752334114	0.0	0.6701110411564896	0.8058092319535817	-0.105	0.7077099133169589	0.4159328492036482	-0.0886	0.666501195165283	0.03283151999857326	-0.0972	0.8482238311542968	-0.019005723507574422	-0.0766	0.8093420595371433	-0.041502129451916676	-0.12	0.6366255877968426	-0.025737135890581412	-0.0883	0.8061277058184186	0.8555997300883575	0.105	1.021593396994556	1.0491431018472301	0.0886	1.1911215217675653	0.7808404659994734	0.0972	1.3434383892593045	0.7597684103960584	0.0766	1.3250921850542996	0.7522482011779252	0.12	1.1890853042201013	0.7128957129798581	0.0883	0.7269103919366537	1.3328675552918179	0.0	0.7869022131717818	1.52305708086108	0.0	0.8424302542915034	1.400580866282806	0.0	0.6037676433094213	1.271469717267422	-0.2016	0.695695319340103	1.0567885310116527	-0.1613	0.8514263161370643	1.212053774828639	-0.12	0.7975940186140622	1.2595543293797855	0.2016	0.864141746748805	1.0415243721281657	0.1613	0.9016949483298744	1.1878047388198472	0.12
148	2.466666666666667	0.7341378622904448	0.8537330413239623	0.0	0.6737828956888512	0.808418108630376	-0.105	0.715924862022568	0.41750174425109265	-0.0886	0.6685739186733772	0.0336163528481559	-0.0972	0.8477165017616985	-0.01854135477037762	-0.0766	0.8093288677836085	-0.04119857072752157	-0.12	0.6371854112283236	-0.025162793876237575	-0.0883	0.8091863001415808	0.861248411006717	0.105	1.0192059469138894	1.0686298188517258	0.0886	1.180875147725912	0.800251636141933	0.0972	1.3182312171173267	0.7716014302021066	0.0766	1.3050852692214165	0.7643218813351205	0.12	1.1787827348965296	0.7296515713849878	0.0883	0.7274887691618991	1.3274699927578428	0.0	0.7948563210210754	1.5239229519800053	0.0	0.843271551274403	1.3967188835035174	0.0	0.6030954196862051	1.2667934358302275	-0.2016	0.6944108064673964	1.0549904153598784	-0.1613	0.8507672764282334	1.2090681673931791	-0.12	0.7941427847631013	1.2604237356553794	0.2016	0.8690363405463629	1.0506776507660984	0.1613	0.906035531979097	1.1888943555209666	0.12
149	2.4833333333333334	0.7379307619511452	0.8551189029367707	0.0	0.6799405275004686	0.8126690062209209	-0.105	0.7218762763084865	0.41871803357519505	-0.0886	0.6683751446875668	0.03423215344441324	-0.0972	0.8475585557774982	-0.018690661285603413	-0.0766	0.8102426086629752	-0.04143547035241348	-0.12	0.6366166589764428	-0.025512100407138204	-0.0883	0.8127354302161577	0.8672980711185868	0.105	1.016431563305714	1.092590368767196	0.0886	1.1598769913153553	0.8122587002054863	0.0972	1.2940180453713075	0.7708814684922204	0.0766	1.2883052138381077	0.7738041945440961	0.12	1.1527107347794125	0.7320521557070757	0.0883	0.7279077052598065	1.3239045647020269	0.0	0.8004159289967895	1.5225986863682328	0.0	0.8455575140445619	1.3941081536491773	0.0	0.6031199697483652	1.2634579051446648	-0.2016	0.6932944636513324	1.050206997364293	-0.1613	0.8505846545418665	1.2072063872839005	-0.12	0.7920270225017056	1.2595371952935406	0.2016	0.8669808931357749	1.0608765772829325	0.1613	0.907122218487083	1.185597916678036	0.12
150	2.5	0.7465270841031755	0.8530167478319011	0.0	0.6902493250787575	0.8112346961838349	-0.105	0.7287940209709887	0.4202032468698121	-0.0886	0.6709653856806297	0.03470888495569648	-0.0972	0.8476250534689412	-0.018846890421902445	-0.0766	0.810793945295483	-0.04170542084526331	-0.12	0.6371977637336865	-0.025924529996232046	-0.0883	0.8209481229642974	0.8642956920727695	0.105	1.0138957764440855	1.1004644928822551	0.0886	1.139423379567657	0.8136434477306042	0.0972	1.2706649500718534	0.7617677247248811	0.0766	1.260547686967929	0.7749613061262677	0.12	1.1269682772315417	0.7430013397720628	0.0883	0.7289897920272369	1.3207077338848092	0.0	0.803383305597006	1.521334524904771	0.0	0.8482717792304385	1.39002260520669	0.0	0.6038672209055828	1.2582747762499067	-0.2016	0.6966252324259018	1.0454615984075577	-0.1613	0.8502892596125933	1.2050014147846897	-0.12	0.7925788378597199	1.257355422094733	0.2016	0.8641842599231662	1.0597017430056959	0.1613	0.9106523237981269	1.1827073750766055	0.12
151	2.5166666666666666	0.7519818942320525	0.8524837301664666	0.0	0.69254252601689	0.8133481518731915	-0.105	0.7387497758468344	0.4243624298916343	-0.0886	0.673514599188507	0.03473332777056522	-0.0972	0.8465445627551581	-0.018722133415452275	-0.0766	0.8098720306061645	-0.04185492300406998	-0.12	0.6383858795958354	-0.026151440147681584	-0.0883	0.8240063975787055	0.8718212023699589	0.105	1.012880024660117	1.1075853166529444	0.0886	1.1197409405319414	0.801075943122484	0.0972	1.2160060173206966	0.7415287883886232	0.0766	1.2129267723445918	0.7573485924632637	0.12	1.0999208905488203	0.7333515143088573	0.0883	0.7293269786626039	1.3107052007626092	0.0	0.8170815448302	1.5232307387745565	0.0	0.8559843552915012	1.3881822469971186	0.0	0.6057213431393771	1.2497416669615966	-0.2016	0.6960965235295492	1.033476600841639	-0.1613	0.8535997440665071	1.200204523423032	-0.12	0.7904385424656603	1.2550611698039404	0.2016	0.864292179640541	1.060125635401454	0.1613	0.9118008304646495	1.1753659252767816	0.12
152	2.533333333333333	0.7566393089028701	0.8503200751623654	0.0	0.7011505434736699	0.8137999129827734	-0.105	0.7462222752411376	0.4244391349239446	-0.0886	0.6753323165163436	0.034984005532845204	-0.0972	0.8465765553267719	-0.019839278558203104	-0.0766	0.8089706703902431	-0.042029609673303665	-0.12	0.6376449692527189	-0.02631443040730103	-0.0883	0.8283900080996595	0.8718864955794557	0.105	1.0138967609581035	1.108385157989082	0.0886	1.090453420750206	0.7749120814374657	0.0972	1.137149092022159	0.7125373487286845	0.0766	1.1525332904166807	0.7211240407858486	0.12	1.0645650220124048	0.7101464545572365	0.0883	0.731057665909556	1.3072339323635	0.0	0.8160569905426687	1.524520133759525	0.0	0.8567815752336264	1.387787694068023	0.0	0.606431024155296	1.2442299581643277	-0.2016	0.697148327777219	1.0321045665399347	-0.1613	0.8553226649447488	1.197139448614206	-0.12	0.7887524120225604	1.2481935008503824	0.2016	0.8504171383674449	1.0486871364484402	0.1613	0.9085516374890709	1.174957676697294	0.12
153	2.55	0.7657684231189085	0.8488948531204061	0.0	0.7124904883800155	0.8110460843487286	-0.105	0.7530644965105738	0.42470566472157095	-0.0886	0.6752116608820765	0.03560805881987712	-0.0972	0.8478130974650817	-0.021495321179621083	-0.0766	0.8076444227916475	-0.042168779483438806	-0.12	0.6381373234596066	-0.026396092664330278	-0.0883	0.8398512649992356	0.8651198566509647	0.105	1.018029637487366	1.0993783323684445	0.0886	1.0749635474023906	0.7475441456527003	0.0972	1.0789430648194858	0.6721835116008991	0.0766	1.101993412394087	0.6806748158845778	0.12	1.0409726577587104	0.6951257589923192	0.0883	0.7338922661729383	1.309278504923301	0.0	0.8082009939578564	1.5193121956825102	0.0	0.8598232567869631	1.3883342795068445	0.0	0.6075630549367755	1.242001398297969	-0.2016	0.6971351968227343	1.0282440018624353	-0.1613	0.853229930139538	1.1885480148880807	-0.12	0.7984977844631599	1.2411405802943234	0.2016	0.8536928495923469	1.041126696463938	0.1613	0.9024456609314164	1.1753442868416162	0.12
154	2.5666666666666664	0.7653397149431165	0.8481736619682059	0.0	0.7129829095235667	0.808131175978259	-0.105	0.7593794838580916	0.4243761228085123	-0.0886	0.675977143929111	0.03618091822725058	-0.0972	0.8506913174907742	-0.022261099004869313	-0.0766	0.8088046479891576	-0.04234205780338219	-0.12	0.6389785617496199	-0.026424101227677205	-0.0883	0.8408395719176182	0.8616504585090731	0.105	1.0245831653840218	1.0863058223937285	0.0886	1.0409603567343184	0.7218094700399517	0.0972	1.020867458585824	0.6123016913346684	0.0766	1.0542610349605728	0.6165755962689996	0.12	0.9938981810855981	0.6793407349263942	0.0883	0.7318506709582504	1.3036861963768442	0.0	0.8080018178081183	1.5208555475443821	0.0	0.8596367915549992	1.3821000157060586	0.0	0.6085415995301839	1.2371388403973966	-0.2016	0.7012277184917517	1.0228688681231766	-0.1613	0.8533239651616028	1.179821939690487	-0.12	0.7954446879004834	1.2374952575648563	0.2016	0.8668416169890288	1.0374445666369159	0.1613	0.8996492908484188	1.172832660570884	0.12
155	2.5833333333333335	0.7648826523638429	0.8457381490912483	0.0	0.7149723485787465	0.7940732646025452	-0.105	0.7633547294117843	0.42168264045149423	-0.0886	0.6767830256307569	0.035398375882958945	-0.0972	0.8511750393643269	-0.02255709758477107	-0.0766	0.8115491668637838	-0.042589467640419494	-0.12	0.6397432592272952	-0.026192725335807722	-0.0883	0.8441783539883536	0.8541296728146381	0.105	1.0338849451182266	1.055304616118564	0.0886	1.002655437583907	0.6941013744551886	0.0972	0.9746058086116309	0.5842450717803718	0.0766	1.0024366326764205	0.5642892248969067	0.12	0.9604825866825587	0.6517727207522916	0.0883	0.7321539572969304	1.3055791448250214	0.0	0.8039405447675961	1.5140180122477545	0.0	0.8621161456033807	1.375200097229207	0.0	0.6081702416655244	1.2329940046950216	-0.2016	0.6994359851290158	1.0144712657723858	-0.1613	0.8506521318281961	1.170389476260403	-0.12	0.7959676548267433	1.2336301219862482	0.2016	0.8855217817224244	1.0277855629398809	0.1613	0.8940813864029667	1.1688027234549028	0.12
156	2.6	0.7630163273054119	0.8397182774223213	0.0	0.7117887730018222	0.7890950141430367	-0.105	0.7699050244328624	0.4184991803513405	-0.0886	0.6767477273382649	0.0347458065883771	-0.0972	0.8524409284965467	-0.022097155408392966	-0.0766	0.811143661072221	-0.04214522892976664	-0.12	0.6395281894016973	-0.02595755961709708	-0.0883	0.8408891924895657	0.8412888820369797	0.105	1.0484917763173653	1.0192957246655292	0.0886	0.973254317624713	0.6676462278585477	0.0972	0.9525674081776979	0.48391943775681495	0.0766	0.9567682887428913	0.5049317042134736	0.12	0.9290696160017854	0.6269415039014857	0.0883	0.7336054609008522	1.3049261723805494	0.0	0.8041830416965055	1.5034951747598069	0.0	0.8633761212739065	1.3693380810838947	0.0	0.6088585573710042	1.22964931097535	-0.2016	0.6967904289511048	1.0090679988161226	-0.1613	0.8485430954362646	1.1620034904439964	-0.12	0.8021241609050002	1.2305350627521974	0.2016	0.9012228641983129	1.0169626112941426	0.1613	0.8875868520679268	1.1605323401983543	0.12
157	2.6166666666666667	0.7584343919210206	0.8344045585051929	0.0	0.7081686308081566	0.7975418998286752	-0.105	0.7813941495260898	0.41855879000444335	-0.0886	0.6790302788002638	0.034297297337882005	-0.0972	0.8511218414983942	-0.02188892741568337	-0.0766	0.8113309611806344	-0.04164643849142397	-0.12	0.6392960664626933	-0.02575560483563366	-0.0883	0.8306728503058742	0.8447066204460845	0.105	1.0623970496243864	0.9916082753950648	0.0886	0.9328065279487153	0.6514210744542795	0.0972	0.9233735784532893	0.45852974076243297	0.0766	0.9281403493050605	0.4807269662241471	0.12	0.8888329243758222	0.6144065225216607	0.0883	0.738793103360757	1.2909546154906466	0.0	0.820134564338402	1.5112661092832287	0.0	0.8657511639435448	1.3692239429195046	0.0	0.6073744044006053	1.219202469890071	-0.2016	0.6918681113665464	0.9990056296451093	-0.1613	0.8430911293336573	1.1463524498855733	-0.12	0.7982853161116972	1.2250985118548359	0.2016	0.9056754042458446	1.005098320371263	0.1613	0.8894287811633363	1.140698513785095	0.12
158	2.6333333333333333	0.7609245624296617	0.8328838271103853	0.0	0.707828299856629	0.7962340064271879	-0.105	0.7967413465463572	0.41500480581832155	-0.0886	0.6784682846678745	0.03315316629585845	-0.0972	0.8502557158556973	-0.022186569438127298	-0.0766	0.8116478529934075	-0.04167349692038962	-0.12	0.6406343362560664	-0.02544192343969915	-0.0883	0.8318420369560412	0.8435377977576851	0.105	1.064827709055569	0.9306949582854812	0.0886	0.9186878649215104	0.6043789853460386	0.0972	0.8806928122478224	0.4314506333756317	0.0766	0.8946464695621886	0.4440285068990697	0.12	0.8685720623121851	0.577156358538041	0.0883	0.7422999407635889	1.2879828699488942	0.0	0.816019532828931	1.5059935883515059	0.0	0.8647030764698468	1.3657691668278016	0.0	0.6070427878029109	1.2125553447613107	-0.2016	0.6834142773506123	0.9906044015163958	-0.1613	0.8388646103840358	1.1393199153608597	-0.12	0.8168540217647869	1.2235051996727788	0.2016	0.9132847457727384	1.0003832740672076	0.1613	0.8886013397217293	1.1369150191954251	0.12
159	2.65	0.7602684861060803	0.8238452306849557	0.0	0.7037993756317763	0.7898761260717536	-0.105	0.8061273191361228	0.41266170282859765	-0.0886	0.6791031411188158	0.033205722194958064	-0.0972	0.8500570274117002	-0.021737889684085597	-0.0766	0.8124241103965253	-0.04115200477865748	-0.12	0.6405267456907258	-0.02515349397962922	-0.0883	0.8310731568997453	0.837047506666728	0.105	1.0685596977466665	0.871451463586783	0.0886	0.9002617256997479	0.5669504282934004	0.0972	0.8707693873907129	0.4144390377969375	0.0766	0.8800379916879838	0.4262703025848088	0.12	0.8516909009823957	0.5296177110726141	0.0883	0.7458967126028765	1.283658302222267	0.0	0.8166958817482217	1.4986826266986224	0.0	0.8673981691960289	1.3592603361856666	0.0	0.6066193526588881	1.2078823022301082	-0.2016	0.6757569994052773	0.9841109689790214	-0.1613	0.83016723937601	1.1280989868426243	-0.12	0.8340816037599504	1.2217064891469862	0.2016	0.9234391657887652	1.001648780622319	0.1613	0.8914182577229708	1.1222944237110444	0.12
160	2.6666666666666665	0.7593003085315885	0.8117110275650791	0.0	0.7001478478002297	0.7847722806292514	-0.105	0.8141427388131214	0.4098184870761487	-0.0886	0.6781853493827602	0.03189827196839119	-0.0972	0.850694806354	-0.021657114658324886	-0.0766	0.8134324439120701	-0.04100835637084277	-0.12	0.6395974839235682	-0.025076924387979087	-0.0883	0.8306243140159576	0.8296855080274758	0.105	1.069984262793124	0.8230642505729698	0.0886	0.8871908624250119	0.5181173266608039	0.0972	0.8653355195069502	0.3959411884147293	0.0766	0.8694534230194525	0.39343523103742023	0.12	0.8344868453272436	0.47227103024021827	0.0883	0.7469290906883332	1.2731749837759883	0.0	0.8217429257342326	1.4936221653866228	0.0	0.8711849706609112	1.3548085973014414	0.0	0.6067077092620357	1.1951253227478027	-0.2016	0.663464010191372	0.9720761571643783	-0.1613	0.8238947619668364	1.1173917809025562	-0.12	0.8318887947102834	1.2122086487000125	0.2016	0.9282591504173731	1.004648816638287	0.1613	0.8936393014150125	1.1184216574973445	0.12
161	2.683333333333333	0.7624175275095975	0.7908971084010691	0.0	0.6992367056807837	0.7671915694681367	-0.105	0.8244924426267802	0.40356111682292023	-0.0886	0.6789234438292868	0.030713637711594726	-0.0972	0.85174138726347	-0.02181955129469298	-0.0766	0.8165747521141418	-0.040290021408901915	-0.12	0.6390641828202784	-0.024797803888929226	-0.0883	0.8353303558036368	0.8074625258039578	0.105	1.0705717793780531	0.7808846679189391	0.0886	0.8742315785756195	0.4688436819309015	0.0972	0.8624394889231399	0.32919643915848845	0.0766	0.8571019299224861	0.3342012900290695	0.12	0.8244037548148256	0.411016878223232	0.0883	0.7499039571753502	1.2599387996174969	0.0	0.8211486264722878	1.4834375764553167	0.0	0.8702596607031895	1.3415606307566703	0.0	0.6068474804123799	1.182391613182419	-0.2016	0.6521536063768404	0.9613251663342137	-0.1613	0.8165457772661056	1.1029636366103217	-0.12	0.8342054469946776	1.2021715762375906	0.2016	0.9326178507887407	1.0081605647734628	0.1613	0.8925099433428214	1.1139567171177065	0.12
162	2.7	0.7670296910122943	0.7766276285379796	0.0	0.7016788030437401	0.748511418600764	-0.105	0.8319839881067229	0.39953523000039204	-0.0886	0.6790483169664361	0.029788901596445025	-0.0972	0.8535335271457644	-0.0221680503841739	-0.0766	0.8173003529509921	-0.04075484165561866	-0.12	0.6387511030717481	-0.02265315737045863	-0.0883	0.8432504125326927	0.7971063594726601	0.105	1.0713151639999205	0.7305364584707548	0.0886	0.85472392334589	0.4082328632387232	0.0972	0.8476026943741156	0.25769957230252444	0.0766	0.8468641731243044	0.2821096690529407	0.12	0.8101193657676665	0.3580374056553362	0.0883	0.7512956656574826	1.2475532849371591	0.0	0.8210205441220582	1.4665456667221433	0.0	0.8732740618756893	1.3282521381616086	0.0	0.6084214215691726	1.173176873612266	-0.2016	0.6429733518861499	0.9505510920015781	-0.1613	0.8088137714747168	1.082788315593987	-0.12	0.83819343309898	1.1951425173089694	0.2016	0.9375296764286005	1.009765712504068	0.1613	0.8891168749060094	1.1027111690527145	0.12
163	2.716666666666667	0.7694933103181578	0.7632414668453147	0.0	0.7036341588077082	0.7343702959765587	-0.105	0.840160929777405	0.3966214568524974	-0.0886	0.6831679228075046	0.030122618136730492	-0.0972	0.8538586689213621	-0.022724290496623698	-0.0766	0.817217487774907	-0.041251310764116866	-0.12	0.6392959113694011	-0.022325532943056624	-0.0883	0.845918878692354	0.7791663714900402	0.105	1.069444758831998	0.6876975690603502	0.0886	0.8551071168252828	0.3808634667781035	0.0972	0.8481607404112501	0.2252638595191503	0.0766	0.8523983076121726	0.24516373371902983	0.12	0.812603573082203	0.3358435012991641	0.0883	0.7565066834871031	1.2333759730190934	0.0	0.8225243122452673	1.4550337751864038	0.0	0.8766572179050238	1.315652960892088	0.0	0.6139554196612809	1.1590467166368075	-0.2016	0.6288737145989727	0.9416184709779503	-0.1613	0.8063785350119994	1.0560918213883534	-0.12	0.8414713239542296	1.1817559485333096	0.2016	0.93844105580735	1.0109250843492934	0.1613	0.8871366206094342	1.103617930455474	0.12
164	2.7333333333333334	0.7732076788379907	0.7463950228370666	0.0	0.7075309115193343	0.7129853015973665	-0.105	0.8459875976272205	0.39026103809013435	-0.0886	0.6845137196405328	0.029190642976640518	-0.0972	0.8542069287678613	-0.02339619314851155	-0.0766	0.8187407043758218	-0.04190158012184813	-0.12	0.6413796208550754	-0.023565119236917578	-0.0883	0.8515313886150484	0.7506868156954318	0.105	1.0674678961588842	0.645134571049707	0.0886	0.8647343068446636	0.3592187952466577	0.0972	0.8558912667445616	0.18853897763811947	0.0766	0.8673565740409296	0.2017919896721369	0.12	0.8070503985353404	0.31978473744285724	0.0883	0.7607142962676743	1.2221169509390521	0.0	0.8177088880356337	1.4252458189785562	0.0	0.8813404620436877	1.2967505380889515	0.0	0.6204729757822742	1.1439896301076138	-0.2016	0.609542878443554	0.931558251464003	-0.1613	0.8005880917500438	1.0228734053966155	-0.12	0.8440788989124478	1.1690456453623141	0.2016	0.939606583855944	1.0116434400891943	0.1613	0.9085257424710552	1.0777417586336793	0.12
165	2.75	0.7756103218606205	0.7265959462741478	0.0	0.7094121000294445	0.6910637681569827	-0.105	0.853077585285295	0.3843745568966481	-0.0886	0.6862586096983206	0.028534022387894514	-0.0972	0.8538035863535532	-0.024831932769984473	-0.0766	0.8189850161187222	-0.0426288867291437	-0.12	0.6435633020055649	-0.023573598415092805	-0.0883	0.8552298077028554	0.7281587460227695	0.105	1.0674598678625682	0.6046854348823606	0.0886	0.8757622055884194	0.3249092295281891	0.0972	0.8745705022591007	0.14815532619343857	0.0766	0.8989677602882463	0.1712844536774648	0.12	0.8183141301450707	0.2956259694301832	0.0883	0.7639650167793964	1.205260833812721	0.0	0.8182434368582044	1.4030333350330326	0.0	0.8856153101360316	1.2786923028229602	0.0	0.626455519808945	1.125497133748047	-0.2016	0.5919508041744123	0.9143141825201699	-0.1613	0.8001072739902582	0.9930277504967462	-0.12	0.8446449898354521	1.1530754558762069	0.2016	0.9382458602099426	1.011313122561509	0.1613	0.9183733962265028	1.0594409231339188	0.12
166	2.7666666666666666	0.7762282146942516	0.7170626607979633	0.0	0.7101851252933246	0.6840044015142606	-0.105	0.8606355635689684	0.38072241462177164	-0.0886	0.6881138341035138	0.03092699054802761	-0.0972	0.8526010358673407	-0.025555804373222475	-0.0766	0.81816598222155	-0.04364372451270392	-0.12	0.6428629471271984	-0.024045071045062198	-0.0883	0.8542106732981407	0.7186740253479842	0.105	1.0723446858336436	0.5756321233996567	0.0886	0.8790265750937747	0.2840327839759055	0.0972	0.9109035400759853	0.10627962098130632	0.0766	0.9246867330969725	0.13977685785424673	0.12	0.8241283888486856	0.2643847854986682	0.0883	0.7655461924928639	1.1875839421451337	0.0	0.8239584396341076	1.3953813770724508	0.0	0.8902378874318603	1.2652097611223876	0.0	0.6358471699528739	1.1105719182232234	-0.2016	0.5637885289231914	0.9064387861833479	-0.1613	0.7965206347318131	0.9552207821652271	-0.12	0.8494453240288284	1.1385590531391645	0.2016	0.9364189863115127	1.0115198651182564	0.1613	0.9240326226058275	1.0401253587771588	0.12
167	2.783333333333333	0.7763775267676573	0.701728396197535	0.0	0.7062640926905335	0.6724859319334352	-0.105	0.8662748590101015	0.3772271608056233	-0.0886	0.68996476685199	0.03280789890829257	-0.0972	0.851346878746121	-0.02587652224571649	-0.0766	0.8173717238227324	-0.04341833898774208	-0.12	0.642593839914752	-0.023551570390218844	-0.0883	0.8537050062927855	0.7029292473701548	0.105	1.078878071697738	0.5491945115978955	0.0886	0.8848639878703951	0.24286139497763737	0.0972	0.9442683186366485	0.07225808387737817	0.0766	0.9523401742739589	0.10353802388533082	0.12	0.8303361225396945	0.22115301661768036	0.0883	0.7676498243007442	1.1657240837857357	0.0	0.8273481670772157	1.3890116494753308	0.0	0.8921678658961497	1.251205259634394	0.0	0.6437406133694423	1.0926308771799706	-0.2016	0.5577001155279951	0.9034946500911936	-0.1613	0.7880127928386285	0.9112241706229096	-0.12	0.8556503023328959	1.1232656242671202	0.2016	0.9419881475845747	1.011405928487717	0.1613	0.9321348731582847	1.0094709160052613	0.12
168	2.8	0.7781422685589294	0.685978185304423	0.0	0.7095037658719673	0.6487006595032336	-0.105	0.8692068224819328	0.37528711882752214	-0.0886	0.6903319956510902	0.031855493200969136	-0.0972	0.848884709288205	-0.02774853318778157	-0.0766	0.8171853816253833	-0.04534282349097626	-0.12	0.6429014901978546	-0.025423778453922442	-0.0883	0.8577232198490511	0.6786246315232619	0.105	1.0858875783203263	0.5235625980118094	0.0886	0.9037341933557468	0.21015621069359977	0.0972	0.9890888948299229	0.05513443085157353	0.0766	0.9995850915309773	0.08099969381328057	0.12	0.8464888024503587	0.18417155778072694	0.0883	0.7753856649351683	1.1618929576523365	0.0	0.8232623725597006	1.3598384061609738	0.0	0.8986782576937378	1.2362663063910901	0.0	0.6533307754326058	1.0768175189970541	-0.2016	0.5462355559395365	0.8970846320325724	-0.1613	0.7510582289604937	0.8656784467115507	-0.12	0.8655312585515507	1.1091354883602569	0.2016	0.9701617112165626	1.009681309372009	0.1613	0.9548537154867289	0.9690577620171241	0.12
169	2.8166666666666664	0.778056593967561	0.6752630403965008	0.0	0.7095391740737197	0.6402515215789774	-0.105	0.8720354570239809	0.3769288316616635	-0.0886	0.6904081282823673	0.028930366406115154	-0.0972	0.8499728369092665	-0.028816187566936595	-0.0766	0.815988673838998	-0.04545770924631013	-0.12	0.6449908868075293	-0.02552219408554853	-0.0883	0.8610732696658098	0.6660350534196754	0.105	1.090251319345434	0.5058260337116035	0.0886	0.9181616251198965	0.17263075040715997	0.0972	1.0411704661214365	0.03397252357278135	0.0766	1.046860336880599	0.06281441661778872	0.12	0.8702022431156535	0.14237007167729032	0.0883	0.7838738873834434	1.1466858052355562	0.0	0.8282174247941401	1.3426756737383156	0.0	0.9053944264462693	1.2221894502199298	0.0	0.6570042131642905	1.0643975195546351	-0.2016	0.5395451059171549	0.8894747459158799	-0.1613	0.7428263441989115	0.8191783601011896	-0.12	0.8764615987833241	1.0883244048459753	0.2016	0.9678411304335733	1.0095662913556505	0.1613	0.9938382446030105	0.9311657302129298	0.12
170	2.8333333333333335	0.7720565208280712	0.6709586315007928	0.0	0.7055736977080321	0.6375385134848932	-0.105	0.878795033796546	0.37900240374652994	-0.0886	0.6906492609282902	0.02733195318571166	-0.0972	0.8507187699034581	-0.027394739654562413	-0.0766	0.8155098426559099	-0.04403834720009262	-0.12	0.6488353948543635	-0.01860786816735822	-0.0883	0.8536244236634186	0.6642708016498491	0.105	1.0953073699125926	0.49763231944358755	0.0886	0.9682903381705925	0.1416995576305713	0.0972	1.0812098517202615	0.023812729474582697	0.0766	1.0843172665035483	0.054222417166871005	0.12	0.9187147715260787	0.10229587693361929	0.0883	0.7940747635800824	1.122893865838674	0.0	0.8432830505936842	1.3434374318759434	0.0	0.9125531701547243	1.2059109157956651	0.0	0.6619252749751614	1.047325487926642	-0.2016	0.5214335953267552	0.877564925625714	-0.1613	0.7146581908131939	0.7561840883566532	-0.12	0.8909129269603084	1.0722780428546463	0.2016	0.9576027641295544	1.009602243737936	0.1613	1.002145419496379	0.910904135596633	0.12
171	2.85	0.7697489528346773	0.6549458097786918	0.0	0.7054513732571119	0.6180948332529993	-0.105	0.8839336002449993	0.3801603847067318	-0.0886	0.6976733787244388	0.03492642266984796	-0.0972	0.850346085232068	-0.02898507015595831	-0.0766	0.8156851524634656	-0.04398578238102524	-0.12	0.6504239852515019	-0.02034376722127531	-0.0883	0.853654614105226	0.6517409228766027	0.105	1.1001775017707198	0.4844813767152672	0.0886	1.0075478012514776	0.12064049871867916	0.0972	1.13751290413629	0.018185344617779348	0.0766	1.13664340928036	0.04236444014583963	0.12	0.9639543852344301	0.06506008900220207	0.0883	0.8025957046811207	1.1139516976625756	0.0	0.8520849762323669	1.3184985590669407	0.0	0.9203629244042068	1.192513881338513	0.0	0.6738665536941648	1.0370454694168554	-0.2016	0.5159922928932865	0.863879958339344	-0.1613	0.6808705124335501	0.7216275051061097	-0.12	0.8932083261651501	1.0698191166372506	0.2016	0.9706289067814937	1.0081271269300855	0.1613	1.0188039249065024	0.8957956633266825	0.12
172	2.8666666666666667	0.7675334975100297	0.6477915968901488	0.0	0.7066492841101231	0.6133012092332221	-0.105	0.8874858221076845	0.37850893956466075	-0.0886	0.6996978829494329	0.041984148534564183	-0.0972	0.8499914509194045	-0.029448706768894686	-0.0766	0.8164783798544157	-0.04542071514093816	-0.12	0.6516911001535639	-0.02005244164775194	-0.0883	0.8469999978165186	0.6383443721784149	0.105	1.1000255258954597	0.469688903294687	0.0886	1.0520292309168575	0.10738707459079917	0.0972	1.1967888609083357	0.018628986449600593	0.0766	1.1993824465656509	0.042611773980579394	0.12	1.0138884226888973	0.03794831778346238	0.0883	0.8096133227204275	1.1051412125141369	0.0	0.8569393225611447	1.3027892999791897	0.0	0.9305865478421089	1.184598144191547	0.0	0.6906560507124982	1.0267573405468036	-0.2016	0.5143752165804585	0.8602296750622478	-0.1613	0.6154490068583973	0.7081289890070899	-0.12	0.8951936343315317	1.0615033341499034	0.2016	0.9852096134018291	1.0012675317180444	0.1613	1.072781494694864	0.9172121477132441	0.12
173	2.8833333333333333	0.764279113757062	0.6452933379156189	0.0	0.7040855113063136	0.6119871392818195	-0.105	0.8896129010808967	0.3792544399588078	-0.0886	0.7032069278897727	0.04741353374341725	-0.0972	0.8503919359672608	-0.029202578915983754	-0.0766	0.8172242506533923	-0.04480711326494376	-0.12	0.6549322421111884	-0.01932622819689602	-0.0883	0.8357003951130333	0.6324015166480611	0.105	1.0926178177015207	0.45948365697820864	0.0886	1.0984299586569521	0.0921891574283269	0.0972	1.2606403541189075	0.030544345379235897	0.0766	1.2406879658213315	0.05428610310362089	0.12	1.0744964074090517	0.022050743476712122	0.0883	0.8176436691124851	1.09707632975721	0.0	0.8629935872477092	1.287267803885356	0.0	0.9468898359119036	1.1727446464312703	0.0	0.7054096516924444	1.0206307994798505	-0.2016	0.5342896157135912	0.8554400127110139	-0.1613	0.5736645852555551	0.6639616226774818	-0.12	0.9013155176733166	1.0530586775616817	0.2016	1.013046013704146	1.0004220810371638	0.1613	1.1172106904064758	0.9092232584135812	0.12
174	2.9	0.7554932542030587	0.6375933520220387	0.0	0.695795651617832	0.6049313979871453	-0.105	0.8904593994731909	0.3787823636796616	-0.0886	0.7050727406647377	0.049052473660715266	-0.0972	0.850226880465022	-0.02945110207060316	-0.0766	0.8171000826172626	-0.043819597774557434	-0.12	0.652428676825797	-0.017846541540591128	-0.0883	0.8247018516178315	0.6261120954594628	0.105	1.084339698436411	0.45145254223808196	0.0886	1.151839024949695	0.09251301114277562	0.0972	1.2912378370748048	0.046179798592454906	0.0766	1.2701367554167537	0.0697360213581188	0.12	1.1242448840165826	0.021455620906571528	0.0883	0.8277431898183524	1.0833868217771698	0.0	0.8740381069765514	1.2782260968853487	0.0	0.9519892385961277	1.1662373343536931	0.0	0.7066291276522202	1.0014640270590915	-0.2016	0.5499520610267842	0.8301251306285105	-0.1613	0.5155109557539417	0.5933006033022958	-0.12	0.9077941205832487	1.0487728564273613	0.2016	1.0260714334731444	1.0039584480414723	0.1613	1.1554897289499353	0.9101060276226534	0.12
175	2.9166666666666665	0.748191443840335	0.6295787253995851	0.0	0.6883854741955383	0.6018818460988042	-0.105	0.8936415297603001	0.37676643578245067	-0.0886	0.7076189616593075	0.04579249314883708	-0.0972	0.8499491842231733	-0.029533192003516617	-0.0766	0.8177793206697515	-0.043306802158502924	-0.12	0.6537823335011327	-0.014551751539810788	-0.0883	0.8166715734774295	0.6171296877445575	0.105	1.0771607946569348	0.43940347543180563	0.0886	1.1795612367176307	0.08919845313403138	0.0972	1.3355262369811054	0.07874057392287585	0.0766	1.3105330350175886	0.09793412254505442	0.12	1.1677808171263735	0.024082102497879194	0.0883	0.8366006584211442	1.0706007234764512	0.0	0.8849661824561175	1.2658497059219724	0.0	0.9579405853486463	1.152319143812678	0.0	0.7177559002569854	0.9794269469067434	-0.2016	0.561902867809092	0.7811476070168567	-0.1613	0.4721732147944794	0.5859587296133212	-0.12	0.9149995326119659	1.046120349746721	0.2016	1.0451087136951256	1.009715471364132	0.1613	1.1979190245868778	0.9173892208365207	0.12
176	2.933333333333333	0.7443161007508434	0.6274946811964326	0.0	0.6839579011235845	0.5997647571257514	-0.105	0.8943203582971668	0.37632165635922754	-0.0886	0.7089939673622325	0.04431608540290321	-0.0972	0.8495244747974496	-0.029481550311567975	-0.0766	0.8168081802541527	-0.0437072614276601	-0.12	0.6544994513999085	-0.013479748867480826	-0.0883	0.8105098474989283	0.615728841340511	0.105	1.0528470814000124	0.426746813032989	0.0886	1.2113811837258506	0.10232169113699179	0.0972	1.354788948160369	0.11720410613084295	0.0766	1.3272605002358104	0.12951712632487367	0.12	1.2120887337650883	0.033755977774967756	0.0883	0.8457584299476951	1.0575659441586829	0.0	0.8919722610684352	1.2501216076524608	0.0	0.9643303065457708	1.1330442782695003	0.0	0.7277820969004829	0.968859145906636	-0.2016	0.5663899048826418	0.7711280096159542	-0.1613	0.4360871887093617	0.5909877687633467	-0.12	0.9196486814463394	1.0438341467425567	0.2016	1.072840783031839	1.01975842654507	0.1613	1.2351488995653377	0.934476779964791	0.12
177	2.95	0.7404601911115565	0.6256907833159279	0.0	0.6826413082525	0.596539047711938	-0.105	0.8912692397574034	0.37416254950493233	-0.0886	0.7102658615952874	0.04419379873385795	-0.0972	0.8522315353138645	-0.029670969034874786	-0.0766	0.8166288731468655	-0.043341194677803084	-0.12	0.6546809070177148	-0.016912489890871713	-0.0883	0.8082339390516196	0.6135315172790043	0.105	1.028953363577478	0.41257792076139277	0.0886	1.236816611083517	0.13689871349282873	0.0972	1.3619216282417737	0.16095417839888004	0.0766	1.3304797652423375	0.16676894987525134	0.12	1.2423896821743614	0.05816677039892286	0.0883	0.850990346355802	1.045630376075904	0.0	0.8988265480586899	1.242303462825612	0.0	0.9736827515454277	1.122142836853003	0.0	0.7320812056011039	0.9617734712951748	-0.2016	0.5621159070831285	0.7695125143315563	-0.1613	0.40999755353547734	0.6068608972480052	-0.12	0.9331683791430032	1.0384863223687544	0.2016	1.0994909568497828	1.0317918251587896	0.1613	1.2720384623203247	0.9566348899906454	0.12
178	2.966666666666667	0.7363211060242804	0.6220140991508174	0.0	0.6805965612199105	0.598897558984275	-0.105	0.8898022650390274	0.37161000062921623	-0.0886	0.7144536414936392	0.04744992221695806	-0.0972	0.8523921356385296	-0.03129831335894284	-0.0766	0.8134950205530644	-0.04328747136056221	-0.12	0.6547954646874072	-0.01647741393061252	-0.0883	0.8018681257076902	0.6141760718559254	0.105	1.0088881737044009	0.4001803885208696	0.0886	1.247274850381616	0.15308105398996052	0.0972	1.3679513902196612	0.18354471471129513	0.0766	1.33165559328305	0.1971825997160087	0.12	1.2575654418604165	0.08399939975017613	0.0883	0.8575337561009375	1.031253490906764	0.0	0.9123264112502822	1.2367761036780707	0.0	0.978235193378209	1.1121829255942561	0.0	0.7282005240780882	0.9440783960968754	-0.2016	0.5400972201344162	0.7697052734605402	-0.1613	0.3826363112728882	0.625196122592055	-0.12	0.9460808148365473	1.034475874790708	0.2016	1.1252822471389599	1.0371134287697714	0.1613	1.303658048939748	0.9806886108667713	0.12
179	2.9833333333333334	0.7348926223892748	0.6157790068173101	0.0	0.6814608367350236	0.5902170364103991	-0.105	0.8873894562017195	0.36905744663244305	-0.0886	0.714419600090393	0.04527493191834126	-0.0972	0.854746028137796	-0.03417657217796233	-0.0766	0.8146256252779838	-0.04429291624876113	-0.12	0.6573261096319499	-0.015451364610460622	-0.0883	0.7968211789966337	0.6048119091085983	0.105	0.9954487696591066	0.3870063966556719	0.0886	1.2521904740845522	0.17112761153753184	0.0972	1.3663245401039994	0.23650657480175766	0.0766	1.3276711304511326	0.23455470067115392	0.12	1.2672788566144548	0.1048390794074647	0.0883	0.8596192942143066	1.0247290777110392	0.0	0.9190078458239782	1.2264973259733367	0.0	0.9832256991753732	1.0997452097112057	0.0	0.7226517768682208	0.9386783559027582	-0.2016	0.5338015985358057	0.7872075102493036	-0.1613	0.37753270063853434	0.657316908836429	-0.12	0.9534554766439648	1.0328007417745808	0.2016	1.1444579810919167	1.0506798562974407	0.1613	1.3233018243842034	1.0465359566978567	0.12
180	3.0	0.7336145745265188	0.6172708003377083	0.0	0.6873341017268201	0.5843979641296012	-0.105	0.8875914147991555	0.3637135176346013	-0.0886	0.7153779970286331	0.049725043853371044	-0.0972	0.8571087865051201	-0.03768342049899937	-0.0766	0.8194981253223796	-0.044199555442974964	-0.12	0.6573710557522265	-0.01664272912475426	-0.0883	0.7909084983975792	0.5973435324662834	0.105	0.9756693359461268	0.3817722729413912	0.0886	1.239720056708927	0.19380795087155378	0.0972	1.3556774981304747	0.27308248021403664	0.0766	1.3194357738831	0.2661240609588726	0.12	1.259203008783283	0.11909425610122602	0.0883	0.8607899712242111	1.027535414116327	0.0	0.9182667669042197	1.216713408282369	0.0	0.9942499195758826	1.0980302199771401	0.0	0.7171737032348071	0.9383064345999118	-0.2016	0.5242288890256911	0.8020022297358402	-0.1613	0.3681441054920896	0.6845038192649906	-0.12	0.9647057579704634	1.036001314654666	0.2016	1.155460763921328	1.0661641376464481	0.1613	1.329190975911559	1.0777445591090093	0.12
181	3.0166666666666666	0.7345965863640666	0.6139553978165856	0.0	0.6924057422853612	0.5843161831121796	-0.105	0.8905579974104572	0.35660093019420785	-0.0886	0.7186582906836769	0.05170418231483617	-0.0972	0.8557001652818496	-0.037861906952512944	-0.0766	0.8227143144731661	-0.04389328021641523	-0.12	0.6601825944258691	-0.015914432093809463	-0.0883	0.7896656714893716	0.6136247919322272	0.105	0.9729203956554651	0.3806403241482696	0.0886	1.2255435978240343	0.20088737476080487	0.0972	1.350853117761853	0.2908093698764345	0.0766	1.3149222527421307	0.29015683704129536	0.12	1.2406535279160775	0.130728025332101	0.0883	0.8657204497322014	1.0252387299919445	0.0	0.9257565438492303	1.2179342037933105	0.0	0.9981473989872723	1.0957583564007212	0.0	0.7197515722479484	0.942948952542137	-0.2016	0.5310853035549782	0.8219462447935812	-0.1613	0.37218373806854943	0.7128593077973483	-0.12	0.9681468329435787	1.0385106015275294	0.2016	1.1472782751935053	1.0846451906901866	0.1613	1.3250108167715338	1.1087284205226051	0.12
182	3.033333333333333	0.7383667381536647	0.6153392162432831	0.0	0.6968453251907196	0.585831831359011	-0.105	0.8936799371914628	0.34686075235599184	-0.0886	0.7231339200885522	0.05308661261691556	-0.0972	0.8540243951745128	-0.037981506359000286	-0.0766	0.8246677749236071	-0.045275268493038826	-0.12	0.6630749306094981	-0.01573384461893526	-0.0883	0.7918083237503444	0.6146273625908464	0.105	0.968581899197132	0.38480307010823334	0.0886	1.1922051756649827	0.20331517530078494	0.0972	1.3364834085939787	0.28616561377683974	0.0766	1.3097841585392827	0.27961063847084866	0.12	1.208937233008688	0.12985646297019476	0.0883	0.867284043681958	1.0245630256367886	0.0	0.9351940158702996	1.220047647914053	0.0	1.002840316469165	1.1004572582465666	0.0	0.7221025940095863	0.9515460778152282	-0.2016	0.5370509142186187	0.8366878968477991	-0.1613	0.3841564850903339	0.7400983488742024	-0.12	0.962464625136367	1.0431192051222316	0.2016	1.1349607161230508	1.110375055593946	0.1613	1.319924863784325	1.1496473602239485	0.12
183	3.05	0.7449707045619732	0.6169035900867695	0.0	0.7116687973218427	0.5842487864499041	-0.105	0.8934562232772585	0.33082241393875783	-0.0886	0.7265837382018098	0.053628818016879985	-0.0972	0.8534041031877382	-0.035185673637114744	-0.0766	0.8233621198800158	-0.0443711821900401	-0.12	0.6674123312481363	-0.013065462499062657	-0.0883	0.7976800417889939	0.6134827845599004	0.105	0.963665783059711	0.3962382539690027	0.0886	1.1576672277143834	0.1912699882177676	0.0972	1.299865433479375	0.2620298772085103	0.0766	1.2765749197427678	0.2581288930910592	0.12	1.1744087550807938	0.11286527366132748	0.0883	0.8695661182158979	1.0309425607092146	0.0	0.9346715531608569	1.2232573907242692	0.0	1.004692355599368	1.102248456400781	0.0	0.7252280666261813	0.9580336764484926	-0.2016	0.5435821633652679	0.8536220081731107	-0.1613	0.40387752571972624	0.7629861421340965	-0.12	0.963949233086137	1.0563580988034098	0.2016	1.130411262339204	1.134148486678526	0.1613	1.2901075417141727	1.1750277991731513	0.12
184	3.0666666666666664	0.7633023652271956	0.6163735711075121	0.0	0.7323995778094968	0.584881432568047	-0.105	0.8895324449077058	0.31593482641099924	-0.0886	0.7306874502728361	0.054847855822841386	-0.0972	0.8535772906147127	-0.0319836718011084	-0.0766	0.8294744588346925	-0.04446724203701754	-0.12	0.6734430619670623	-0.00731145348743198	-0.0883	0.8039645941298306	0.6054887780748581	0.105	0.9562613197159652	0.41401278759348575	0.0886	1.1431640699106675	0.1736553668905398	0.0972	1.254284486646603	0.22773994166932665	0.0766	1.2378241796980385	0.23481221228706314	0.12	1.1348577000510196	0.07370793712095039	0.0883	0.8734811713644985	1.0379553989122074	0.0	0.9388412221098114	1.235504190972675	0.0	1.0081213984981108	1.1187631169756413	0.0	0.729122865042161	0.9660570831883917	-0.2016	0.5502814644556769	0.8692650986768995	-0.1613	0.4246336422703896	0.7953290298448727	-0.12	0.9603922943185736	1.060272392328537	0.2016	1.108729048801015	1.1735322175445317	0.1613	1.2693613515096254	1.2087384147267228	0.12
185	3.0833333333333335	0.7795224448991849	0.6169348785906755	0.0	0.7500521806821911	0.5921166654387864	-0.105	0.8851299700811501	0.300732695040601	-0.0886	0.7423905528491189	0.0658575307542195	-0.0972	0.8559615277896852	-0.03254148786990399	-0.0766	0.8350263136825874	-0.0451666981726506	-0.12	0.6792377484131545	0.008791373032707116	-0.0883	0.797947469646212	0.6145634889477178	0.105	0.9516038194417653	0.4306070282357831	0.0886	1.0801751827625516	0.14960895746976668	0.0972	1.19616396620423	0.17749327480349514	0.0766	1.177490668885197	0.18099805661999557	0.12	1.0888835809511843	0.05954354610420193	0.0883	0.8693303143525577	1.0432386000710856	0.0	0.9465189804230917	1.2457512292979203	0.0	1.0022232760817935	1.133317610892372	0.0	0.7346552320373211	0.9751861246279079	-0.2016	0.5612973260122416	0.8770870878047592	-0.1613	0.4438735117267944	0.8169756906441883	-0.12	0.9390900242438273	1.040230085975708	0.2016	1.0876308954434581	1.1989125465440864	0.1613	1.262487190781106	1.2224030497083445	0.12
186	3.1	0.7999822162892074	0.6179018239619817	0.0	0.770172220191137	0.6007584393444193	-0.105	0.8832477945972457	0.287783828540864	-0.0886	0.76013340462742	0.07985514625273399	-0.0972	0.8604759760094779	-0.03318752936763788	-0.0766	0.8386141689780173	-0.04368517034110954	-0.12	0.6941331214015876	0.027248393556474067	-0.0883	0.7921183068038605	0.6195367366488745	0.105	0.9542315266596944	0.4037757863818792	0.0886	1.0537260036508134	0.11022628422842067	0.0972	1.136716490826496	0.10625740060078526	0.0766	1.117357267707227	0.12243741488162253	0.12	1.055110704729451	0.0348121487033221	0.0883	0.8644362625670735	1.0457034962979546	0.0	0.9498166444797203	1.2533448703966898	0.0	0.9971842285915192	1.137427676018371	0.0	0.7378649569084217	0.979095464868927	-0.2016	0.5801047137988392	0.8824949062136905	-0.1613	0.4784054632084257	0.8403054241889959	-0.12	0.9316815299714574	1.0387913592689437	0.2016	1.063544524328464	1.2238697176166402	0.1613	1.2444753608239567	1.2287728829605515	0.12
187	3.1166666666666667	0.8157552095115591	0.6182045275778416	0.0	0.7808278270253738	0.6065137977368523	-0.105	0.8812204792537203	0.2816931084746765	-0.0886	0.7761256022865995	0.09121716269115059	-0.0972	0.8597861537002748	-0.03609343145061752	-0.0766	0.841426614883332	-0.039309439263132524	-0.12	0.7193041777414959	0.040747645654518896	-0.0883	0.7909281303859756	0.6203197014888281	0.105	0.9536224422448064	0.3368121945621725	0.0886	1.0124909193962042	0.06775096412783008	0.0972	1.034738374939955	-0.011009800358497364	0.0766	1.0588408614160423	0.015102648143789598	0.12	1.0054597108587835	0.006658990857386955	0.0883	0.8640700624460038	1.0594559697929136	0.0	0.9345297034313107	1.2688017477428102	0.0	0.9862928038682965	1.1504840535420269	0.0	0.7475091617326078	0.98600140063443	-0.2016	0.6189909183389973	0.8935043962447745	-0.1613	0.5185242149657109	0.8904769534618069	-0.12	0.9137622716048105	1.0483353896227892	0.2016	0.9966858860333666	1.2218472638115951	0.1613	1.1802667127693016	1.232646457060972	0.12
188	3.1333333333333333	0.8209249146403913	0.6172897735363082	0.0	0.8294585128528933	0.6059573112833508	-0.105	0.8825364712341988	0.28356993240878337	-0.0886	0.801010844560487	0.09554948344400552	-0.0972	0.8598919200464769	-0.04149595776636438	-0.0766	0.8408436872317689	-0.03571924778385327	-0.12	0.7420106580743252	0.055213965857684885	-0.0883	0.7907612428210063	0.6193295680192806	0.105	0.9422510429347348	0.3173344987416044	0.0886	0.9750911075227909	0.060062472780631385	0.0972	1.0135913893449198	-0.026335281969345876	0.0766	1.0084130873008865	0.007150138833915143	0.12	0.9515421711253416	0.0016529137298147269	0.0883	0.8564542617751417	1.0682553091044846	0.0	0.9203031568712506	1.2915877895958006	0.0	0.9769832582006565	1.1757624867897754	0.0	0.7535571019874966	0.9802721411230396	-0.2016	0.6152737796371304	0.8756514605117244	-0.1613	0.5623755577643534	0.9403106507848061	-0.12	0.8470795254906898	1.0202895357506514	0.2016	0.763341148563835	0.9241982684371395	0.1613	0.5773443402968813	0.9795176962574744	0.12
189	3.15	0.8424114124596254	0.6199485160977314	0.0	0.8699253746518332	0.6079360441232824	-0.105	0.9048098812409295	0.2808720093683336	-0.0886	0.8203374650234406	0.0917995727092487	-0.0972	0.8561797076981726	-0.039894982773929145	-0.0766	0.8381467932746274	-0.03797563453870208	-0.12	0.7474199969730898	0.05969340147953708	-0.0883	0.7957436442677053	0.6185109834908845	0.105	0.9239864419127756	0.30371570701728984	0.0886	0.9573477879984926	0.06376121583434574	0.0972	1.0309992943827226	-0.02214611181633822	0.0766	1.0243056701114153	0.012625939295690454	0.12	0.9418053336339507	0.0026862957075792955	0.0883	0.8514446406449927	1.0853420493608512	0.0	0.9053707472319401	1.3014411077031847	0.0	0.9516678587927557	1.1991076040806494	0.0	0.7730935076421787	0.9822512128083737	-0.2016	0.6128100217944649	0.8680261969905586	-0.1613	0.5970658372959804	1.001040120473458	-0.12	0.8500089151577787	1.026768965299533	0.2016	0.8557491339445517	0.9173306787805315	0.1613	0.6054718092292554	1.018049871518589	0.12
190	3.1666666666666665	0.8489376584203181	0.6183713121686815	0.0	0.9054091313080668	0.606469641957495	-0.105	0.9201071902717404	0.275974622285723	-0.0886	0.8267207696746811	0.09752015214330823	-0.0972	0.8355127165829165	-0.047509088106488226	-0.0766	0.8324697061176615	-0.036298376679469856	-0.12	0.7758167404834333	0.06279731376259674	-0.0883	0.7852981053223057	0.6169267868002895	0.105	0.9110536843458004	0.2964500400059253	0.0886	0.9582212873030777	0.06435715014950238	0.0972	0.9980590735626965	-0.01017751799244716	0.0766	0.9844068889900214	0.012986023363997396	0.12	0.9548193418844527	0.0020766728493008466	0.0883	0.8479234469087126	1.0953503598389485	0.0	0.8668837528906297	1.3014845393614762	0.0	0.9369284260517442	1.204250972397631	0.0	0.8149831487226137	0.9849875196993978	-0.2016	0.6522575426108124	0.8661100816909146	-0.1613	0.6408015677467659	1.0512869331273433	-0.12	0.7759931202723964	1.0295867280275377	0.2016	0.7579419552251953	0.9257318483102592	0.1613	0.6749827579011028	1.0527277110589475	0.12
191	3.183333333333333	0.8502967676631924	0.6144262951074038	0.0	0.9276714718972312	0.5927548976326739	-0.105	0.9353584593172414	0.2831441104507718	-0.0886	0.8281383482574145	0.10706017560411767	-0.0972	0.8198613476580531	-0.05116982379733887	-0.0766	0.8274826709920561	-0.038352992252970744	-0.12	0.7800964437452034	0.08419616605370808	-0.0883	0.7712081003348312	0.6032711918667327	0.105	0.8801305246324853	0.2770623232758938	0.0886	0.9589553069954614	0.058092180416746554	0.0972	1.0037466066847613	0.004387887297171689	0.0766	0.9677659375513995	-0.00045216372466113253	0.12	0.9623912220757204	0.000966878207537827	0.0883	0.8303793419463644	1.1023370868191371	0.0	0.8384083615329072	1.3009298042329893	0.0	0.9197812553248084	1.2094515982647265	0.0	0.8863809348259712	0.9828558190048015	-0.2016	0.7309299634733611	0.8759082210417765	-0.1613	0.686594052381533	1.0684596346226847	-0.12	0.7347429092885789	1.0358281122658168	0.2016	0.8774435395576835	1.0034437348088607	0.1613	0.9467370288950759	1.08572494623455	0.12
192	3.2	0.851917674996951	0.616385459562397	0.0	0.9453746753581983	0.573985183272866	-0.105	0.944401356767054	0.28122358046805324	-0.0886	0.839622047330745	0.11686479222314874	-0.0972	0.7943838913695963	-0.05185696945206346	-0.0766	0.8182785528987961	-0.03897565353621109	-0.12	0.7915392048255933	0.08873270126639443	-0.0883	0.7749934159791295	0.6136097111071184	0.105	0.8582294278341206	0.2802906354880514	0.0886	0.9558051045222477	0.05842463120389101	0.0972	1.003874257972812	0.0005438215947762015	0.0766	0.9602792051790915	-0.009627619717377738	0.12	0.9648690651576937	0.0008931733722560118	0.0883	0.8207843636063664	1.1043395198340036	0.0	0.8070855596835341	1.3029932671655207	0.0	0.8892565953949153	1.214015874598676	0.0	0.909454669002727	0.9883920900392585	-0.2016	0.9352168915442916	0.9520605810060807	-0.1613	0.8165484483537933	1.0072753446160245	-0.12	0.6993110404380932	1.03104184595809	0.2016	0.8454066501327765	0.9304060860343183	0.1613	0.8824664024299332	1.0739034571197092	0.12
193	3.216666666666667	0.8654781145127132	0.6245757149602682	0.0	0.964819941172738	0.5943149209761355	-0.105	0.9605849618805962	0.2867751230546659	-0.0886	0.8522582371424847	0.12680340563450715	-0.0972	0.7936279054384259	-0.04473260831663032	-0.0766	0.8173315238922044	-0.032469339542140783	-0.12	0.8025308509666779	0.10916030304007093	-0.0883	0.780210724301257	0.5976465927495747	0.105	0.8564089937402655	0.2913587725793184	0.0886	0.9594417995699248	0.05346157866472652	0.0972	1.0031114432417443	0.011925452494405037	0.0766	0.9579881642421757	0.008043020940469556	0.12	0.9693209385298454	0.0008655790455745838	0.0883	0.8011036388222063	1.1025053407633654	0.0	0.7809449426263025	1.3047641762226454	0.0	0.8502234020946997	1.200140061131138	0.0	0.9229926333732917	1.0071322387894024	-0.2016	0.9092407295649421	0.9831267829617466	-0.1613	0.7722436030112224	1.0559917757660393	-0.12	0.6779692241742366	0.9949971978760522	0.2016	0.627677382417047	0.8803526120742995	0.1613	0.7293793212968065	0.9479185970669107	0.12
194	3.2333333333333334	0.873578001595231	0.6286709967070883	0.0	0.9608709693192569	0.6013897131228763	-0.105	0.9695400409072322	0.2848260014899481	-0.0886	0.8631866744447012	0.13668587281113304	-0.0972	0.7932848677680518	-0.042312613020791326	-0.0766	0.8232588038617779	-0.03301770508549699	-0.12	0.8261583943633448	0.13057304957197458	-0.0883	0.7858306830965922	0.5944164396189942	0.105	0.8581117993181189	0.3020027198592377	0.0886	0.9635020503518987	0.04027428505397682	0.0972	1.0048375321299743	0.010139067075797722	0.0766	0.9572100836741566	0.016010695039769016	0.12	0.9747464816900588	-1.5473770750488395e-05	0.0883	0.7943713926519768	1.1056379342439875	0.0	0.7588192531196778	1.3083798335369703	0.0	0.7638511277551691	1.206203081016952	0.0	0.9489756989379613	1.0575148786922044	-0.2016	1.0439391353889569	1.1206296480698168	-0.1613	0.8813676337708298	1.0649560686394481	-0.12	0.660262340018016	0.9827190992619698	0.2016	0.6062516202367177	0.7963701876358303	0.1613	0.7198276606597395	0.910720021674426	0.12
195	3.25	0.8766078959871896	0.6441764464006666	0.0	0.9663855072474542	0.6358811565126185	-0.105	0.9863373776658193	0.29236461255380297	-0.0886	0.8871974680524893	0.151997342132606	-0.0972	0.811436533009986	-0.025067999350875437	-0.0766	0.8397451337938984	-0.026426975145983942	-0.12	0.8520476950023961	0.15799205155003257	-0.0883	0.7935072611522596	0.6097650624514327	0.105	0.8663280068094001	0.306249972024561	0.0886	0.9640668239123926	0.04015461218686965	0.0972	1.0004732405887835	0.015950214440437635	0.0766	0.9686081290365824	0.024261914379953457	0.12	0.9775606486550465	0.0023598126517508904	0.0883	0.7902826606544735	1.1073296270784188	0.0	0.7290663454001026	1.3152373916475368	0.0	0.7464502238863538	1.2136099145710697	0.0	0.9722489755238496	1.0772579431231764	-0.2016	1.1308675484127357	1.1941354967239526	-0.1613	1.2467177699793937	1.1460029056708678	-0.12	0.6412202742330627	0.9487961630100114	0.2016	0.5989194080427845	0.7593771302506614	0.1613	0.6687467340730228	0.9026705078697035	0.12
196	3.2666666666666666	0.8823124431785552	0.6540044585642708	0.0	0.969626906979307	0.6493748862410471	-0.105	0.9958842889937356	0.28020159292369234	-0.0886	0.8996798973299548	0.14652419759017485	-0.0972	0.8186668993127204	-0.02524182950308978	-0.0766	0.8394350543100929	-0.02372091170977367	-0.12	0.8671622499379185	0.1467933041915189	-0.0883	0.798492377766133	0.622133575508645	0.105	0.86665891992006	0.30368552358684736	0.0886	0.9636049063864013	0.039611342852519695	0.0972	1.0004694927177025	0.0010030344065498392	0.0766	0.9666285542825055	0.024171387616057593	0.12	0.9802931835918102	-0.0013454395315286609	0.0883	0.7743512769911731	1.1052005536443987	0.0	0.7060842609522939	1.3091312965584074	0.0	0.7214122071123682	1.2028777439416398	0.0	0.9566889266552527	1.1061449405904913	-0.2016	1.140840613030272	1.2311773387005784	-0.1613	1.248175245123659	1.357335579732294	-0.12	0.6450976717215479	0.9414840714619626	0.2016	0.5954628798897954	0.734687717311148	0.1613	0.6382803082264138	0.9136130819031328	0.12
197	3.283333333333333	0.8917639656317083	0.6664342427711774	0.0	0.9762817812624575	0.6595525195214736	-0.105	1.0108259108467492	0.2791956343039154	-0.0886	0.9211042285648915	0.1605775028609557	-0.0972	0.8356146774146864	-0.0061589476276097815	-0.0766	0.8584675524924695	0.004273283895785692	-0.12	0.8862326715034542	0.14723217515172637	-0.0883	0.8059345325630165	0.6380546517580924	0.105	0.8659838188247102	0.31077213460533315	0.0886	0.9629200257992514	0.04204046584589342	0.0972	1.0012393617243898	0.002463312627496139	0.0766	0.973721389587841	0.016288732615666254	0.12	0.9829579248201019	-0.0032674045703258697	0.0883	0.7676003709529529	1.1100584786107348	0.0	0.6972467918017208	1.3043765514289365	0.0	0.7165648814580249	1.1990442990800858	0.0	0.9573840461864501	1.1165665254607646	-0.2016	1.149458917388594	1.2555869105580029	-0.1613	0.8446110058540374	1.4170207999772448	-0.12	0.6513678068385783	0.9518869838243775	0.2016	0.5906972870009931	0.724773048691018	0.1613	0.6151462787831751	0.8818892125835174	0.12
198	3.3	0.8961960239956306	0.6704470243584126	0.0	0.9828161798584275	0.6631482497178014	-0.105	1.0203239102830386	0.28676351618429596	-0.0886	0.9422623849178836	0.17371660960567725	-0.0972	0.8583597581657064	-0.004353273359289961	-0.0766	0.8839420657243486	0.006640269361610366	-0.12	0.9100190558625956	0.1465405576613076	-0.0883	0.8131936827521616	0.6432421555895362	0.105	0.8721571597631582	0.31220653239070645	0.0886	0.962589534324039	0.04544506936596415	0.0972	1.0022875523469732	-0.0028656324865017195	0.0766	0.9751541469207303	0.013820582568181309	0.12	0.9825939172860672	-0.00331623370160291	0.0883	0.768087247209556	1.112761939633152	0.0	0.6954768337136907	1.3009615768918756	0.0	0.7013204529258222	1.191167763054805	0.0	0.9628927348913964	1.1257377654273837	-0.2016	1.1488761773432243	1.2636957379560696	-0.1613	0.8536769707503581	1.453014974988956	-0.12	0.656173873665188	0.9727481803524038	0.2016	0.5957277564517593	0.7297254164017156	0.1613	0.6085734783624902	0.8768684618822237	0.12
199	3.3166666666666664	0.9059699646185817	0.6885848043513532	0.0	0.9932162173530762	0.6838401663537054	-0.105	1.0361993919695134	0.2931757204320261	-0.0886	0.9666524160237091	0.18027244483995156	-0.0972	0.8873852200947235	-0.0067124236335990295	-0.0766	0.9372446785364267	0.006920187063025223	-0.12	0.9287574689545799	0.1629878268404667	-0.0883	0.820711423848325	0.6581547364449105	0.105	0.881506958336508	0.2953965361199611	0.0886	0.9615760582343159	0.04410081778690639	0.0972	1.0076379102211424	-0.007244589750562558	0.0766	0.9805274982253199	0.0070352263833559775	0.12	0.9776260165006346	-0.002971860833901306	0.0883	0.7666393207667865	1.1102383356510122	0.0	0.691285360951519	1.2984151030719628	0.0	0.688473645895212	1.1805520213483276	0.0	0.9561895440664628	1.1195617009283254	-0.2016	1.1334789307427982	1.2619990609449105	-0.1613	1.28661046801562	1.433003070272961	-0.12	0.654587518779873	0.9867066853049451	0.2016	0.6048164181553869	0.7490345642359524	0.1613	0.6040267978567985	0.8928907005512556	0.12
200	3.3333333333333335	0.9185967472735849	0.7052776009976249	0.0	1.0059570603128425	0.6928357670249716	-0.105	1.049635549411135	0.3158178562369062	-0.0886	0.9799360030784904	0.17798811423744282	-0.0972	0.9418983142710022	-0.009962212269142769	-0.0766	0.9792726060271193	0.008868616549063034	-0.12	0.938868951212418	0.16966471441710862	-0.0883	0.8375535272635939	0.6672718967577376	0.105	0.892138700162646	0.30208191471782014	0.0886	0.9603843357440293	0.046163253192370066	0.0972	1.0037322609779655	-0.006700075869887629	0.0766	0.9756063955753695	0.005794313682847607	0.12	0.9512715589617461	-0.0033321419774006073	0.0883	0.7688377188682316	1.113026049054827	0.0	0.6932233518504701	1.2946314083299735	0.0	0.6869602372459687	1.1769503694312957	0.0	0.9482540324629182	1.1191454536684593	-0.2016	1.1016100804613003	1.2450212988096565	-0.1613	1.232737388119296	1.3744332752813577	-0.12	0.6538668664418216	1.0026530404886	0.2016	0.6209592496653407	0.7739780916183086	0.1613	0.6148317784487001	0.8223857161374526	0.12
201	3.35	0.9347350551973065	0.7152322232629501	0.0	1.016004729307446	0.7026339898649664	-0.105	1.0667944348180183	0.3343966344225981	-0.0886	0.9932484951795405	0.1898496462699269	-0.0972	0.9390785830597942	0.010311844426034143	-0.0766	0.9780645929493962	0.032387294173347514	-0.12	0.952357851047947	0.202977893912122	-0.0883	0.8526080775349882	0.6829956442163347	0.105	0.8980428287205511	0.3133247405702217	0.0886	0.9613610219049009	0.04401893353948466	0.0972	0.9972934849864945	-0.006605704319907908	0.0766	0.9605820811835292	0.0006892816698708094	0.12	0.9576234105554591	-0.0022432050258300545	0.0883	0.7666010693131208	1.1245617177907534	0.0	0.7161459857854037	1.2857068169110786	0.0	0.7065096661814955	1.1771945003517836	0.0	0.9338116206841778	1.1095602587787181	-0.2016	0.9697836183476708	0.9131624885332246	-0.1613	0.7846593456807477	0.9400734540718733	-0.12	0.6602422816487007	1.0313744180460984	0.2016	0.6360231026294403	0.7645489527776426	0.1613	0.62956774841455	0.9153915665247472	0.12
202	3.3666666666666667	0.952170052353904	0.7477716357886797	0.0	1.02827760501716	0.739614675227111	-0.105	1.088977457769936	0.35019149311288084	-0.0886	1.0012191207633583	0.20597999227821037	-0.0972	0.9148501511479663	0.019210062336997714	-0.0766	1.0293920317835321	0.06792935274959525	-0.12	0.9503259150187362	0.21553367074170002	-0.0883	0.8704456789666906	0.7118098296162381	0.105	0.9029838262785619	0.32128010087169595	0.0886	0.9611053058566135	0.04542289598533695	0.0972	1.004793374942735	-0.004021422577152975	0.0766	0.9624338317049244	0.00038479001530028066	0.12	0.9381808610001358	-0.001964396202368164	0.0883	0.7616972062053263	1.127031603620639	0.0	0.7215366628726334	1.2882887245193906	0.0	0.7186862488323582	1.1840398403965537	0.0	0.9146749792806403	1.0920477784599156	-0.2016	0.9648820576445571	0.892328704172926	-0.1613	0.8100907035804161	0.793395359112005	-0.12	0.659066310112272	1.0434294917492632	0.2016	0.6520668609338917	0.7440070139160798	0.1613	0.6940400910881177	0.7487104995955786	0.12
203	3.3833333333333333	0.9688043162200364	0.7656773248318813	0.0	1.0427785263106628	0.7564698177146932	-0.105	1.1127851963219724	0.36989559873340305	-0.0886	1.0137296609561195	0.2174406135772185	-0.0972	0.9184169123671713	0.02217488629855978	-0.0766	1.0351255888591586	0.07044426817575195	-0.12	0.9581554528062151	0.21621810199091795	-0.0883	0.8855471051594461	0.7263793769946283	0.105	0.9150692772046023	0.3284221789734074	0.0886	0.9599347923862734	0.045849191464550985	0.0972	1.0098310099508847	-0.0030274285172570913	0.0766	0.9761583880686843	-0.00028586881048197135	0.12	0.9433587279419651	-0.00028742312671958467	0.0883	0.7540614451151221	1.1292064882588122	0.0	0.7244390475292584	1.2900631049540117	0.0	0.7099415503611507	1.194096523513639	0.0	0.8980391933214514	1.089332275853509	-0.2016	0.9024403191335657	0.8963808353409821	-0.1613	0.7690294327458803	0.7563617862332536	-0.12	0.6667955936171324	1.0551048873427795	0.2016	0.6666945760696411	0.7992396121579576	0.1613	0.6814556289349242	0.7109071416707025	0.12
204	3.4	0.9900389583733895	0.7573026740376617	0.0	1.0633460184499928	0.7457453030473268	-0.105	1.1401230898210999	0.38607998698725543	-0.0886	1.0359837600698982	0.24740421079751201	-0.0972	1.0337709132581434	0.06055834406127638	-0.0766	1.0573530634118047	0.126945620859883	-0.12	0.978003627308775	0.23526960663796007	-0.0883	0.9016344050089421	0.715585596128123	0.105	0.9227647648451346	0.3418374974112092	0.0886	0.9553795170611414	0.04725046222558331	0.0972	1.0078134222198643	-0.003987709476657276	0.0766	0.9672592665294271	-0.0013437297866563131	0.12	0.9497851234651269	-0.003668711444760813	0.0883	0.7429115730061002	1.1369354274973649	0.0	0.7179199963093	1.2886416902939506	0.0	0.699920431744151	1.1958478608110639	0.0	0.863264329387698	1.0850211996372932	-0.2016	0.8734393970869144	0.8772464240110002	-0.1613	0.7600724696880272	0.6943094246030201	-0.12	0.6710747968686814	1.0589154864356558	0.2016	0.6846187149606311	0.8228603929792974	0.1613	0.682791070346153	0.6900475386630358	0.12
205	3.4166666666666665	0.9969342161903297	0.7670328601403925	0.0	1.0702024845282105	0.7640951436193981	-0.105	1.1676117990880925	0.40948272948075587	-0.0886	1.0611862532287415	0.28432387692248867	-0.0972	1.0216368292663003	0.061936737288699376	-0.0766	1.0801677859121919	0.18625587417167852	-0.12	1.0055707184623395	0.27452221662887033	-0.0883	0.9053067320085054	0.7288678270062515	0.105	0.9366514040871576	0.346866847591298	0.0886	0.9583271037543677	0.04678118782985646	0.0972	0.9931407348215228	0.0005430778879778407	0.0766	0.9476577770690976	-0.0008377144109582161	0.12	0.9556982017897048	-0.0051587558692870366	0.0883	0.731572584599375	1.1261947624269562	0.0	0.7027740576891272	1.2889812721816472	0.0	0.6736746018377306	1.1882473164531373	0.0	0.8291377437644036	1.0794598519704752	-0.2016	0.7085458621820504	0.7962381383680468	-0.1613	0.5379548664306423	0.628737508377887	-0.12	0.6783116632654519	1.064171569321785	0.2016	0.7024069540466118	0.8200189206937778	0.1613	0.6889477282087213	0.6790556655787132	0.12
206	3.433333333333333	0.9986145598913765	0.7762361421346491	0.0	1.0734709929919317	0.7823548194083805	-0.105	1.1923578631757497	0.4318716318400315	-0.0886	1.0976086726545096	0.3274768074314109	-0.0972	1.0333641345264575	0.08937145068467882	-0.0766	1.103068835490786	0.24545927294682338	-0.12	1.063611813594014	0.35009464438501814	-0.0883	0.9110155596274765	0.7405784937649406	0.105	0.9399804640986585	0.3516209159007984	0.0886	0.959865968200551	0.04676614238792543	0.0972	0.9698470839611615	0.005449548442972676	0.0766	0.9147078919474351	1.4435689397006637e-05	0.12	0.9569609227025048	-0.0066638270864425395	0.0883	0.7192057133422485	1.111667408532437	0.0	0.6848273681233972	1.284318032448789	0.0	0.6456981176043383	1.1641038734874893	0.0	0.7981138438652086	1.076252155583432	-0.2016	0.6560249373635081	0.7585119144945788	-0.1613	0.49332911425882886	0.6069468801932277	-0.12	0.6811147907990349	1.0623000303245973	0.2016	0.7076322355094351	0.831764105544646	0.1613	0.6965585494513861	0.6725309671254366	0.12
207	3.4499999999999997	1.0010621760641483	0.7873064941791523	0.0	1.0786186770659008	0.8016900792128755	-0.105	1.216804402283396	0.46146001098276346	-0.0886	1.151631447022942	0.3894337493886388	-0.0972	1.0742519506326125	0.3038382320374923	-0.0766	1.1281632023597754	0.30521993840890993	-0.12	1.1239503143245992	0.41618724093148995	-0.0883	0.9160508271725293	0.7508663781400272	0.105	0.9450177299784532	0.35593972598271356	0.0886	0.9616920578726504	0.04736847070901072	0.0972	0.9524282444749054	0.007020179585850687	0.0766	0.9111248018610969	0.0015040729188076638	0.12	0.965638611764576	-0.0077123088778858	0.0883	0.7134027258828503	1.1008864854771705	0.0	0.6539489710762365	1.2723098667590491	0.0	0.623245605144358	1.1473424516790502	0.0	0.7892469472969517	1.0721836833306337	-0.2016	0.6463860299931959	0.7512188146409428	-0.1613	0.4725669321018216	0.597174542248395	-0.12	0.6792114983868616	1.0624035009144386	0.2016	0.7130348450081604	0.8376916642344585	0.1613	0.7090001739089544	0.6644924777387335	0.12
208	3.466666666666667	1.0069612189218655	0.788962712481939	0.0	1.083854109676772	0.8013068501936573	-0.105	1.2316732255706493	0.47911570387013597	-0.0886	1.2036586926742716	0.4626855560289083	-0.0972	1.1472087406417102	0.35259060609537946	-0.0766	1.220139699863155	0.38712734804434534	-0.12	1.2100264906805849	0.5024199792983897	-0.0883	0.9287498009260999	0.7458106494974507	0.105	0.9548231101796856	0.3600462943525323	0.0886	0.9632195625750384	0.04941562090595702	0.0972	0.9470085237623925	0.006120542425807093	0.0766	0.9140001948600008	0.0024941612183097604	0.12	0.968540302605171	-0.006411214521317803	0.0883	0.7062528902182744	1.0897443710774022	0.0	0.6274026218071421	1.2579112782601714	0.0	0.6054760956213975	1.134486181654002	0.0	0.7844379974657739	1.0644724806460288	-0.2016	0.6498873975909377	0.757583655589943	-0.1613	0.47040451311114323	0.6206810312671469	-0.12	0.6775709259465114	1.0585133985493473	0.2016	0.7262753960630538	0.8526618468460428	0.1613	0.7233989540388799	0.6606064812902024	0.12
209	3.4833333333333334	1.0101991517073536	0.7885396210649984	0.0	1.0860327414998685	0.7977656687728442	-0.105	1.2432546819581909	0.4941041230657611	-0.0886	1.2296194881934723	0.5343989010924364	-0.0972	1.2548194805856665	0.504269199455608	-0.0766	1.286072094447002	0.5315604128934229	-0.12	1.2357664502434609	0.5704954879073166	-0.0883	0.9327056622172396	0.7387356330231394	0.105	0.9638323317116668	0.3553216768788004	0.0886	0.9656813519710339	0.04978408841489841	0.0972	0.9470146953298941	0.006050909305793752	0.0766	0.9191299783896622	0.002632465351137942	0.12	0.9714933037150654	-0.006131567120274295	0.0883	0.6827826478343411	1.0902665337584287	0.0	0.610876657488173	1.2491483477001528	0.0	0.5900318032071398	1.125069898008851	0.0	0.771695681771026	1.0631952668814406	-0.2016	0.6525331225867299	0.771896409535557	-0.1613	0.4785724399063613	0.6533940818988343	-0.12	0.6670748944983385	1.0516446491042366	0.2016	0.7361551703607715	0.864914735194877	0.1613	0.7361816872031991	0.6547014880472165	0.12
210	3.5	1.0142946646254882	0.7866244061326125	0.0	1.0840258863939385	0.8034157774180157	-0.105	1.2654008609407592	0.5252905843346466	-0.0886	1.281696891873253	0.6305707183733956	-0.0972	1.3105248512601582	0.5245695433492393	-0.0766	1.3366778640706536	0.5765289228926582	-0.12	1.2771406199395394	0.6199587852179059	-0.0883	0.9384937449087922	0.7351540595403648	0.105	0.9725485539771572	0.3572443197777079	0.0886	0.9672755204225173	0.04999926318391261	0.0972	0.950055981491706	0.006457015722138335	0.0766	0.919463865429936	0.002406065826322524	0.12	0.9783749004985282	-0.00713638405419122	0.0883	0.6709583890114583	1.0866469425396363	0.0	0.5860635776776865	1.2337448055281754	0.0	0.5715743278806454	1.1086040282055658	0.0	0.7695318557554207	1.059092414687948	-0.2016	0.6469261617950185	0.7805685411054593	-0.1613	0.4887022530826081	0.6838627996653143	-0.12	0.6592015730512479	1.0480772655891817	0.2016	0.7383105481203239	0.8698149399166208	0.1613	0.7479195133443999	0.6501053547256234	0.12
211	3.5166666666666666	1.0151651600246712	0.7939627939498297	0.0	1.0825962510477	0.8193594432307226	-0.105	1.2992848852302534	0.565267521089894	-0.0886	1.351091198497463	0.6649480426818508	-0.0972	1.311317954931975	0.5209715509702129	-0.0766	1.3377050940517081	0.570754493107529	-0.12	1.2805105914368653	0.6122073261335697	-0.0883	0.9424716626019272	0.7559931025453296	0.105	0.9755582306472425	0.3663616354881089	0.0886	0.9700858001376198	0.04968215828095019	0.0972	0.9497807582862982	0.0059981511728452	0.0766	0.9191130683208394	0.00010937747376786361	0.12	0.9848676154625402	-0.00562870381198065	0.0883	0.664425428801724	1.0772540000173378	0.0	0.5732440248683522	1.225534448372691	0.0	0.5630649703494114	1.0990982937329077	0.0	0.7604566072218254	1.059041785962857	-0.2016	0.6727963886613876	0.8029011642083139	-0.1613	0.5199300892459966	0.7238244130032984	-0.12	0.6453433760298161	1.0446898347510685	0.2016	0.7396123648827158	0.8717850081308014	0.1613	0.7623319783348796	0.6460287346113082	0.12
212	3.533333333333333	1.007698430443695	0.8014923815996363	0.0	1.0783212779251736	0.8322495679134306	-0.105	1.305067668031436	0.6104045972779413	-0.0886	1.3526656659979681	0.6592521460746005	-0.0972	1.3110856466395548	0.5165835785048283	-0.0766	1.337745981784565	0.5640182091693342	-0.12	1.2837668055111322	0.6035221260653488	-0.0883	0.9357345043179598	0.7608951988069862	0.105	0.978220065853596	0.37131101776217146	0.0886	0.9729267487125012	0.04952805095041758	0.0972	0.9478247825026795	0.007707672781595825	0.0766	0.9181666910925333	-7.568588483694398e-06	0.12	0.9877524334663695	-0.005252354548596416	0.0883	0.6600374236111575	1.0708144602138179	0.0	0.5686065612200495	1.220444353859335	0.0	0.5610078900737515	1.0890627072255448	0.0	0.7591738009777143	1.0545828511915551	-0.2016	0.6815522830830159	0.797752825934912	-0.1613	0.5281975866050632	0.755397969215501	-0.12	0.6346364872061873	1.0402643065132187	0.2016	0.7375821253519464	0.8716373470175234	0.1613	0.7726447750411395	0.6412765842599496	0.12
213	3.55	1.0031774947065109	0.8059218643145508	0.0	1.075868081745462	0.833622164707163	-0.105	1.322092848761076	0.646474855690627	-0.0886	1.3530287892766235	0.6522752271463317	-0.0972	1.3108343761531143	0.5121853363682302	-0.0766	1.3377678660125984	0.5572702967061363	-0.12	1.2871241119050754	0.5948251596045363	-0.0883	0.939566729212769	0.757530828649478	0.105	0.9828361669345009	0.37531797888866525	0.0886	0.9773420776744169	0.04823456545963492	0.0972	0.9419038391259108	0.008270648535802548	0.0766	0.9150442391862059	0.00014422119656510354	0.12	0.9926535440028383	-0.0051543757007906	0.0883	0.6565334499700959	1.0685383414251388	0.0	0.5690709557895574	1.217999636326515	0.0	0.5579424163926472	1.0845286396705993	0.0	0.7540515211463591	1.0534653155061504	-0.2016	0.6882074240064853	0.7907717430202753	-0.1613	0.5497888307882146	0.7831686570069676	-0.12	0.6247439745871816	1.0335805533866496	0.2016	0.7343061677423018	0.8717321518506508	0.1613	0.7827917021496694	0.6386412661573618	0.12
214	3.5666666666666664	0.9945909436991084	0.8109808202429174	0.0	1.0690545044953614	0.8398165949788096	-0.105	1.3406144399000999	0.6746364322647859	-0.0886	1.3533688147483027	0.6452799395962746	-0.0972	1.3105826203897242	0.5077885796478893	-0.0766	1.3377893458479173	0.5505249207730202	-0.12	1.2905400933277207	0.5861330946683847	-0.0883	0.9360950410282444	0.7606077549423785	0.105	0.9837217312748281	0.3772722443625224	0.0886	0.9803949138793095	0.04562121733875825	0.0972	0.943604101786698	0.008557374448657494	0.0766	0.9179130132082701	-0.000556060327907359	0.12	0.9939638010915776	-0.0053852021348704225	0.0883	0.6444634328264217	1.0744799329841024	0.0	0.5796712136221459	1.2173501207903996	0.0	0.5552743362383948	1.083900711265414	0.0	0.7526804254414378	1.05268614047105	-0.2016	0.6894108564978807	0.7717862427057998	-0.1613	0.5446455181970168	0.8015885815727716	-0.12	0.6153356617564673	1.029134156311637	0.2016	0.7291216201955912	0.8721154526920996	0.1613	0.7842692490594094	0.6383644094181039	0.12
215	3.5833333333333335	0.9896567846125214	0.8129997484491222	0.0	1.0648737797583183	0.8389150730813552	-0.105	1.3545310100600585	0.7146038270625349	-0.0886	1.353708550923744	0.6382877343728367	-0.0972	1.310330767726509	0.5033936740286179	-0.0766	1.337810812235568	0.5437827720267919	-0.12	1.2939911468650187	0.5774474408101378	-0.0883	0.9387499807048509	0.7576948013172097	0.105	0.983320378541971	0.3805411432697302	0.0886	0.981185394611989	0.04478164500179282	0.0972	0.9428964818585029	0.008246370019375731	0.0766	0.922041682523173	-0.0014315826874014954	0.12	0.9946214447026795	-0.005005460730496026	0.0883	0.6410968890744174	1.0776587313983814	0.0	0.5861470367327012	1.2177486889349296	0.0	0.5557028221395068	1.088423223667927	0.0	0.7530202553335186	1.051127415901235	-0.2016	0.6970019887622444	0.7491746607858735	-0.1613	0.5669039580248639	0.8309544220339048	-0.12	0.6093868789951555	1.0265876485379264	0.2016	0.7254145465269356	0.8698523487639218	0.1613	0.7837828253116276	0.6342020353505418	0.12
216	3.6	0.9836405466041778	0.8125098039302708	0.0	1.0634467070922673	0.8289709855065965	-0.105	1.352807452374224	0.7553032083978304	-0.0886	1.3540484429656023	0.6312996579443777	-0.0972	1.3100788429442636	0.49900083588827354	-0.0766	1.3378322724550264	0.5370444462929904	-0.12	1.2974647698542263	0.5687699050486964	-0.0883	0.9394606798428752	0.7466372943769961	0.105	0.9813683281496421	0.38331427255289985	0.0886	0.9811608449252461	0.04661960313700646	0.0972	0.9446687847577575	0.006200731114043525	0.0766	0.9240431056356658	-0.0030314224296261196	0.12	0.9947355391375089	-0.004900738717604362	0.0883	0.6385975707645888	1.0839386287634947	0.0	0.5917090086876874	1.2154004410030603	0.0	0.5626244406435216	1.1003258812655294	0.0	0.7577708352619378	1.0484025619464075	-0.2016	0.7104098386708418	0.7387714272164001	-0.1613	0.5891067279609363	0.8358657484774298	-0.12	0.5958577718732359	1.0235113675692897	0.2016	0.713345419703547	0.8668217511658757	0.1613	0.7795118530870964	0.6355252029815044	0.12
217	3.6166666666666667	0.979139670467759	0.8137066032860031	0.0	1.0594311219880843	0.8380945388174236	-0.105	1.3644653188194285	0.763723046615398	-0.0886	1.3543884680395577	0.6243165811426876	-0.0972	1.3098268630396643	0.4946103327307614	-0.0766	1.33785372453995	0.5303107111462351	-0.12	1.3009537434950094	0.5601029317017628	-0.0883	0.9338524739655762	0.745525980935648	0.105	0.9817029027449499	0.3832123022955429	0.0886	0.980955946174741	0.04436216253218814	0.0972	0.9452155458805744	0.006164376957298209	0.0766	0.923948914303373	-0.001428582796070226	0.12	0.9951759384006665	-0.003795988578172908	0.0883	0.6439758111275243	1.0820023987751375	0.0	0.5909879586718689	1.2226066608931223	0.0	0.5665093911304697	1.1037051278006704	0.0	0.7672113574608751	1.0478709414360998	-0.2016	0.7205498773295871	0.7863681470898568	-0.1613	0.5920699497647101	0.8435994728288966	-0.12	0.5908605543455455	1.01970328691786	0.2016	0.699711367559611	0.8665381776314971	0.1613	0.7723342820726052	0.6390571376376776	0.12
218	3.6333333333333333	0.9770844732681243	0.8190952016259716	0.0	1.0580482880787752	0.8423989130253503	-0.105	1.360797911881024	0.7819409574563649	-0.0886	1.3547285938942828	0.6173396676695269	-0.0972	1.309574845055698	0.49022250722924804	-0.0766	1.3378751657612458	0.5235825860449667	-0.12	1.3044535975115492	0.5514501515993593	-0.0883	0.9333679008163026	0.7482478897849402	0.105	0.9806624208415637	0.3836312916566351	0.0886	0.981206542519289	0.04508693328608905	0.0972	0.944535800568399	0.006647529162222326	0.0766	0.9239796111142486	-0.0018492006365209133	0.12	0.9952788649221168	-0.0026730459364804255	0.0883	0.6418803236826796	1.0859934766247046	0.0	0.5915527557923664	1.231171134516559	0.0	0.5698172743967829	1.1141370624879143	0.0	0.7641990483249578	1.0537494751188936	-0.2016	0.898469641574011	0.8608662350622377	-0.1613	0.6006375819676549	0.8389914151796923	-0.12	0.5871244938380419	1.022211805965888	0.2016	0.6860971041006478	0.8658016862552429	0.1613	0.7629692262614787	0.6402041858045432	0.12
219	3.65	0.976220139857309	0.8241962639028657	0.0	1.0599278670459775	0.8463420898625991	-0.105	1.356820151295681	0.7927800339493188	-0.0886	1.3550687887950825	0.610370531305846	-0.0972	1.309322806247622	0.48583780649907593	-0.0766	1.3378965925863247	0.5168614616439997	-0.12	1.3079614084739697	0.5428172058657247	-0.0883	0.9330787944272135	0.7525502597662921	0.105	0.9807021033043366	0.3877458406119647	0.0886	0.9816090263359751	0.045329157243585425	0.0972	0.9453422756726263	0.007984109579640996	0.0766	0.9237998596974141	-0.0009956052855908636	0.12	0.9946880454304813	-0.0023075259918104597	0.0883	0.6396708380651657	1.0942646862650245	0.0	0.5918259521367948	1.2377542493384288	0.0	0.5731519161676908	1.1199891484346187	0.0	0.7633816187037193	1.058731873363815	-0.2016	0.9137869834788955	0.8730606786517865	-0.1613	0.6027364959030433	0.8435625482838304	-0.12	0.5799029830984549	1.0220529894212211	0.2016	0.6746852530868531	0.8629844575554041	0.1613	0.7523189301279307	0.6416337717150131	0.12
220	3.6666666666666665	0.9731694365261008	0.8271934236064463	0.0	1.0577797051318674	0.8533633445462802	-0.105	1.3622794422149616	0.7968637857492143	-0.0886	1.3554090209925294	0.6034114828191681	-0.0972	1.3090707640596044	0.481456824283525	-0.0766	1.3379180002643867	0.5101492931567386	-0.12	1.3114751772214415	0.534213384461313	-0.0883	0.9314053251060834	0.7569441723878306	0.105	0.9799836220389475	0.3904809935771686	0.0886	0.9821891112561781	0.046494460792013595	0.0972	0.9440398285344509	0.010287816288854815	0.0766	0.9234960037039462	0.00018431966311997197	0.12	0.9946909828562315	-0.00182542989855668	0.0883	0.6398072911472323	1.0980443466806282	0.0	0.5867448176655449	1.2554955669511731	0.0	0.5705945779575438	1.1292861448717195	0.0	0.7604371587213917	1.0684617498556088	-0.2016	0.9011775633032815	0.8901703900954329	-0.1613	0.6030321348730074	0.8413944143660259	-0.12	0.5743743360623875	1.0221909496948365	0.2016	0.6636292404502138	0.8613863049968845	0.1613	0.7406355202308831	0.636187629010533	0.12
221	3.683333333333333	0.9666511108788196	0.8330696592070156	0.0	1.0516803698794523	0.8625089472808022	-0.105	1.3596963735267098	0.7962559807445425	-0.0886	1.355749257583117	0.5964659571977114	-0.0972	1.3088187360760706	0.47708036342898025	-0.0766	1.3379393821156809	0.503448927719318	-0.12	1.3149934789121454	0.525655208799731	-0.0883	0.9280155530609415	0.7656410420780874	0.105	0.9818047501391108	0.39180215386402645	0.0886	0.9828290046023572	0.04794200241189536	0.0972	0.9423162526818278	0.01306157514697439	0.0766	0.922604718576316	0.0012496632546349364	0.12	0.9945119692770275	-0.001634332710158331	0.0883	0.6350447582084275	1.112792781505155	0.0	0.5874587817094863	1.2659904201082217	0.0	0.5698715975338369	1.1471481719757215	0.0	0.7651651379302342	1.083335083449863	-0.2016	0.8933091199636453	0.8938317194489029	-0.1613	0.761078909624072	0.8182839054432366	-0.12	0.5657931867671059	1.0269762841337193	0.2016	0.6460473194893956	0.8607765333916341	0.1613	0.732638074918389	0.6363567121355532	0.12
222	3.6999999999999997	0.9617023577625399	0.8381036328618627	0.0	1.0463321367269778	0.8725602231671444	-0.105	1.3576463034985737	0.7940411310529477	-0.0886	1.356089462629083	0.5895392977632683	-0.0972	1.3085667399244638	0.47270953125875526	-0.0766	1.337960728264727	0.49676468856973405	-0.12	1.3185152436043912	0.5171753566804398	-0.0883	0.9259042225374607	0.7710992408207572	0.105	0.9812418280985445	0.3962077751217907	0.0886	0.9834795823360065	0.049384728502907746	0.0972	0.9409023285133674	0.01416415302440074	0.0766	0.922629011285043	0.0017992994513152214	0.12	0.9949039245943112	-0.0017399784320593363	0.0883	0.6327164318062601	1.123749040490011	0.0	0.5852032540708212	1.2814603036647798	0.0	0.5690777877420974	1.1649599437864455	0.0	0.768387090133263	1.0999830467263294	-0.2016	0.8902365823695738	0.8902548693820717	-0.1613	0.703625489343388	0.7922478061276269	-0.12	0.5589922522312801	1.0341884084164268	0.2016	0.6365914724042888	0.8601708110026496	0.1613	0.7242642754749317	0.6324930041950352	0.12
223	3.716666666666667	0.9564847531108488	0.8439991858660659	0.0	1.0368059352682706	0.8824528261452655	-0.105	1.3570766979044324	0.790450739995976	-0.0886	1.356429593660833	0.5826403044390511	-0.0972	1.308314793080272	0.4683458905173523	-0.0766	1.3379820232289288	0.490103488084484	-0.12	1.322039575696709	0.50884941916152	-0.0883	0.9223962104745174	0.7823119378929375	0.105	0.9806114572214428	0.4009265477766113	0.0886	0.9836156805305816	0.05205462818960034	0.0972	0.939973668416761	0.01522667578846017	0.0766	0.9226956156491635	0.0027039908169571012	0.12	0.9949910158520306	-0.0017034189435801085	0.0883	0.6312142148854872	1.1378095818077398	0.0	0.583719970133102	1.299534860149758	0.0	0.5678758053420699	1.1860386561286709	0.0	0.7704444919299306	1.1125694427735395	-0.2016	0.9008346433137226	0.9098104635792729	-0.1613	0.7791459740477717	0.7564099504677261	-0.12	0.555613818338147	1.0455657623488104	0.2016	0.6259714581020078	0.8610755392830195	0.1613	0.708319097793289	0.6379480128291752	0.12
224	3.7333333333333334	0.9523413409959017	0.8495576663614964	0.0	1.028495267072941	0.8911780836314773	-0.105	1.3498977657991764	0.7838958350537655	-0.0886	1.356769594292457	0.5757845944286734	-0.0972	1.308062912482144	0.463991708675935	-0.0766	1.3380032409257123	0.4834771335656858	-0.12	1.325565455240437	0.5008977300282933	-0.0883	0.9206331821023539	0.7925184889297148	0.105	0.9779659540802806	0.4045421637959047	0.0886	0.9840032334001383	0.05378621029317296	0.0972	0.9392583826046117	0.014754896801366525	0.0766	0.9238141432436682	0.002899865060800421	0.12	0.9952045137517996	-0.0012478570306004829	0.0883	0.627865905109008	1.1541871075745938	0.0	0.5846428721082856	1.3122209872566553	0.0	0.5734159991792387	1.1993865016514118	0.0	0.7733430561070108	1.1285840404493368	-0.2016	0.9017550665699672	0.8785835026837143	-0.1613	0.712258011033881	0.7527423021268165	-0.12	0.5534812367279189	1.0566450261836053	0.2016	0.6209817955591989	0.8586697864358765	0.1613	0.6975287108943597	0.6361790638364182	0.12
225	3.75	0.9513030908706899	0.8551848100204813	0.0	1.0254114131023528	0.893239705125825	-0.105	1.340968416632069	0.776937757767781	-0.0886	1.3571093762017172	0.5690028933707039	-0.0972	1.3078111137731234	0.4596503911488538	-0.0766	1.3380243331164061	0.47690766549012525	-0.12	1.3290907928200046	0.49409809297290896	-0.0883	0.9186286539668671	0.7947646370814266	0.105	0.97717062446333	0.4071316414291394	0.0886	0.984170912571332	0.054666371134628904	0.0972	0.941383538648267	0.014288799856910686	0.0766	0.924546827796163	0.0037417160515200477	0.12	0.994686646729516	0.0007523693114847858	0.0883	0.6264089858948777	1.1696065056864733	0.0	0.5828682300963977	1.3293213228752758	0.0	0.5737929239532017	1.2132827315755306	0.0	0.7742322644734799	1.1421230345969182	-0.2016	0.9027138423518188	0.9296451518659563	-0.1613	0.7579190817095265	0.7480958428629892	-0.12	0.5470533043030794	1.0651577429015382	0.2016	0.6127542840187864	0.8621497329158886	0.1613	0.681516041346537	0.6447171105789358	0.12
226	3.7666666666666666	0.9489637273184985	0.8623169117557022	0.0	1.0194212208693667	0.8964383511311761	-0.105	1.325845029249092	0.7726844218459802	-0.0886	1.3574487660117642	0.5623655597476139	-0.0972	1.307559409773094	0.45532728185062055	-0.0766	1.3380451981421158	0.4704418014449112	-0.12	1.332619541762611	0.48648337890341714	-0.0883	0.9137923100986504	0.8037654305509754	0.105	0.9741951222820606	0.41144142178490223	0.0886	0.9837617958537433	0.05620230783069938	0.0972	0.9415613745428593	0.014069003200001666	0.0766	0.9242906709165919	0.0035298997504941013	0.12	0.9951171264539375	0.0025976054018595645	0.0883	0.6258414960257499	1.1765476897814267	0.0	0.5806669690637589	1.341353957027134	0.0	0.5726742973520282	1.2263119183524394	0.0	0.7748771683051442	1.1547729089145942	-0.2016	0.9041256028286273	0.9482181174578064	-0.1613	0.7794657861884731	0.749069512842547	-0.12	0.5429545190365718	1.0785207276566176	0.2016	0.6053568179881718	0.8686148850395614	0.1613	0.6733907030932124	0.6461564557392614	0.12
227	3.783333333333333	0.9508052383757027	0.8651851042530447	0.0	1.0216519500736245	0.8954364720365625	-0.105	1.3076554336425936	0.7651607044880125	-0.0886	1.3577873050509122	0.5560751008792235	-0.0972	1.3073078072569435	0.45103126016170403	-0.0766	1.3380655746974945	0.46420001454005216	-0.12	1.3361569394255737	0.47552859071329795	-0.0883	0.9126905043675874	0.8025981265702011	0.105	0.9715442915869537	0.4139755114134818	0.0886	0.98303593335152	0.05577373972981497	0.0972	0.9369432608567282	0.013850320993990245	0.0766	0.9243953079958311	0.0028411703546935593	0.12	0.9950134579990274	0.0022689972107213753	0.0883	0.6244395927609931	1.1940303535978258	0.0	0.5808535826722706	1.3589957930554837	0.0	0.5775284275115408	1.2406574863557454	0.0	0.7761880206167238	1.166168696114664	-0.2016	0.9013755522910165	0.9624869060082046	-0.1613	0.8068191867187258	0.7680974891273427	-0.12	0.5395793298680196	1.0887354875478408	0.2016	0.6019041411769153	0.8760988253998292	0.1613	0.6618761628195493	0.6495823941001194	0.12
228	3.8	0.9513016677758542	0.8732826403034958	0.0	1.022865728403504	0.8945039874888008	-0.105	1.2717583776168526	0.7577329926071686	-0.0886	1.358123419254741	0.5508497170539212	-0.0972	1.3070562996135686	0.4467782567433313	-0.0766	1.33808456054576	0.45859889838546114	-0.12	1.3396931607065345	0.465694910126417	-0.0883	0.9147093677501347	0.8023147929552502	0.105	0.9682734393016206	0.4179439990911316	0.0886	0.9822184393501363	0.05791573909981358	0.0972	0.9378493048226783	0.01371244929924947	0.0766	0.9246870340840709	0.0024878101485607514	0.12	0.9954357120817866	0.0038893228292097345	0.0883	0.6233410964416636	1.210923967732141	0.0	0.5811296883477	1.3778727590403115	0.0	0.5787188975854518	1.2600892999142324	0.0	0.7763169960706972	1.1804204228185542	-0.2016	0.9025236781450383	0.9859538444808159	-0.1613	0.8506636587626202	0.7808083956326145	-0.12	0.5383306797082482	1.097611444526748	0.2016	0.5998408665428816	0.8800500105787428	0.1613	0.649579903500168	0.6503842408279431	0.12
229	3.8166666666666664	0.949723285479164	0.8799951619041353	0.0	1.021810356595245	0.8991596390887183	-0.105	1.2552260977881722	0.7506643262203688	-0.0886	1.3584619428203568	0.5444472208565316	-0.0972	1.3068048480075793	0.44260009985580345	-0.0766	1.3380985416258708	0.45530797022468045	-0.12	1.3432290760127805	0.4565225531430581	-0.0883	0.912439386417051	0.81010936539634	0.105	0.9636867249885652	0.42050989268632255	0.0886	0.9819704764602104	0.057031644237870896	0.0972	0.9394811885062051	0.01391316849879331	0.0766	0.924828587203164	0.0028773936479055745	0.12	0.995821260138226	0.004038952572520548	0.0883	0.6223290310022809	1.2246689992859239	0.0	0.5812991382110305	1.393497237552507	0.0	0.5747658307729965	1.2749702560457905	0.0	0.7768293714251137	1.193934291976667	-0.2016	0.9017995029922349	1.0072748838771408	-0.1613	0.9003998632864261	0.7808196952021602	-0.12	0.5385256311454591	1.110007855811333	0.2016	0.5948358504757552	0.8806516488791221	0.1613	0.6421783080090299	0.648577475602926	0.12
230	3.8333333333333335	0.9460827823126859	0.8838059404690483	0.0	1.0185103516590785	0.9034536078882838	-0.105	1.2410410167037975	0.7363534307048584	-0.0886	1.3588054896037454	0.5356514750891499	-0.0972	1.3065533234029987	0.43857146078220555	-0.0766	1.3381260322881428	0.44577286238964303	-0.12	1.3467655220077415	0.44758306890815125	-0.0883	0.906385226590511	0.8188090844725527	0.105	0.9572972013769664	0.42351136809223905	0.0886	0.9815282867008217	0.058550384824746775	0.0972	0.9399588236222363	0.013962191436987396	0.0766	0.9248028236074985	0.003136844622604966	0.12	0.9954806695085615	0.0054053867622626175	0.0883	0.6235222038548985	1.2335117411968675	0.0	0.5787454893282953	1.4101038441423397	0.0	0.5733380269100798	1.294757356846677	0.0	0.7775530006469684	1.2024921943037064	-0.2016	0.8989723322754514	1.0184104468377895	-0.1613	0.9109270746724463	0.7817147515027314	-0.12	0.537933541114703	1.1213782314690548	0.2016	0.5873512752101407	0.886065009675322	0.1613	0.6325645167903257	0.6479650553991814	0.12
231	3.85	0.9442601434663311	0.8866703735177284	0.0	1.0134647957852756	0.9069790340041672	-0.105	1.209588434810746	0.7250415945830249	-0.0886	1.359147065634067	0.5276707058800912	-0.0972	1.3063012749947065	0.43491663230383004	-0.0766	1.3381508690622486	0.4374607845310548	-0.12	1.3503027452439647	0.4387321456884166	-0.0883	0.9015367571386214	0.8225680658947936	0.105	0.9529973674470895	0.4283076627992403	0.0886	0.9815364280614693	0.0595380514551988	0.0972	0.9392792303907479	0.013446860510403119	0.0766	0.924109267888019	0.003217031544527227	0.12	0.9960721015858794	0.005742401666199005	0.0883	0.6211988565801927	1.2497613531669491	0.0	0.5803982965622058	1.4223374153265584	0.0	0.5738462537725165	1.3058277519951373	0.0	0.7785279566658109	1.2163689085615375	-0.2016	0.8952511167363761	1.0276183392399918	-0.1613	0.8980035111923971	0.788372687092307	-0.12	0.537838702602548	1.1299977466674476	0.2016	0.5815189598906728	0.8897741418581828	0.1613	0.6226717408866888	0.6482928829259451	0.12
232	3.8666666666666667	0.9435888925325909	0.8886420843910243	0.0	1.0104518531391524	0.9113104101641797	-0.105	1.1755150333167046	0.717396065003326	-0.0886	1.3594850785823505	0.5202047061015119	-0.0972	1.3060468359718282	0.43248608312836667	-0.0766	1.3381735475847825	0.4301116261840538	-0.12	1.353840743621507	0.429923109681737	-0.0883	0.8982786623234303	0.8263631545385504	0.105	0.9500314776665225	0.4318164844123603	0.0886	0.9814326006985691	0.0617439996482582	0.0972	0.9390663284853505	0.01368348929112246	0.0766	0.9239290023335297	0.0031515409829116344	0.12	0.9963961535746054	0.005953444572690855	0.0883	0.6216917921977442	1.2585534243176058	0.0	0.58016321477261	1.4338109109056212	0.0	0.5738651849458171	1.3168237773510094	0.0	0.7786689631773855	1.2251414011009223	-0.2016	0.8902551765764621	1.0312106175488716	-0.1613	0.8895872469979959	0.7890115790632904	-0.12	0.5371650642106304	1.1378770885158926	0.2016	0.5758941740063633	0.89430771187777	0.1613	0.6142038052597084	0.6519251510860635	0.12
233	3.8833333333333333	0.9396092044959451	0.8891192102290566	0.0	1.004493692668001	0.9137794669706601	-0.105	1.136303831239529	0.7035532919765494	-0.0886	1.3596599993822276	0.5115123053031079	-0.0972	1.3057940314959489	0.4270539463795769	-0.0766	1.3381902610219951	0.42306190660779225	-0.12	1.3573755883565461	0.42111221980755775	-0.0883	0.8930588516245835	0.8298622947880351	0.105	0.9453729309412533	0.4345769392157145	0.0886	0.9806423167003294	0.06603844961792092	0.0972	0.9392427229987828	0.013749434231380466	0.0766	0.9246075083689147	0.003012421033515127	0.12	0.9967527259160788	0.007364870344958757	0.0883	0.6220623173561385	1.2682781692523415	0.0	0.5805869549180354	1.4476533987482494	0.0	0.5780939256544293	1.3293320517941183	0.0	0.7780991368934209	1.2346923876033935	-0.2016	0.887540971584552	1.0385879782935417	-0.1613	0.8706083684812841	0.8086355703770174	-0.12	0.5357690842589571	1.1458619512426647	0.2016	0.5733311301203924	0.8987802340255855	0.1613	0.6030219613690708	0.6530022538498429	0.12
234	3.9	0.9384799739711356	0.8904022303464109	0.0	1.0037231498477823	0.9110692735421659	-0.105	1.1183249146055851	0.6832805403566666	-0.0886	1.3466056694928343	0.43895728684549845	-0.0972	1.305088115399461	0.4201082930770431	-0.0766	1.337750394961504	0.41473025592386314	-0.12	1.3606006665232275	0.41130729630277596	-0.0883	0.8875683793304158	0.8314894300175033	0.105	0.9402075150455323	0.43623992655244853	0.0886	0.9801032081956621	0.07081584814863001	0.0972	0.9414797653661137	0.014271259258619365	0.0766	0.9244958643504322	0.0030677664674488986	0.12	0.9967054675192483	0.010450632444749695	0.0883	0.6213576318779077	1.2785801063018518	0.0	0.5818335937164748	1.4569589613953733	0.0	0.5804465029909349	1.3381920878368698	0.0	0.778106287993674	1.2450895681862884	-0.2016	0.8853351989542545	1.0492517381604642	-0.1613	0.8656492231736882	0.8216101768019476	-0.12	0.5360930152648884	1.1526697422917267	0.2016	0.569194493702262	0.8987541158172241	0.1613	0.5935203250885769	0.6536090081399708	0.12
235	3.9166666666666665	0.9362237443534116	0.8932509654311691	0.0	1.005713239012291	0.9111378589278762	-0.105	1.0872854589077074	0.6708546435449023	-0.0886	1.2796455295629443	0.39504968709819666	-0.0972	1.2605727653342156	0.35589524376599635	-0.0766	1.2936516774152798	0.3506397424854896	-0.12	1.3370921289631765	0.3611573557820677	-0.0883	0.8824965645783086	0.8353765094015854	0.105	0.9355446968637718	0.4379759608717877	0.0886	0.9800399063648831	0.07565590567063518	0.0972	0.943052084849508	0.014235713129441812	0.0766	0.9229712912904529	0.002657341801333705	0.12	0.9957276355946906	0.012181975443936018	0.0883	0.6226190899539142	1.2868024730614358	0.0	0.5804537929151864	1.4680079100034344	0.0	0.5867389947177284	1.3511714487020587	0.0	0.7813046318962704	1.2534522647994124	-0.2016	0.8804751030057728	1.0628767523690348	-0.1613	0.8504847370085457	0.8368313068562241	-0.12	0.5350631180734284	1.1554127490877215	0.2016	0.5673386852359287	0.9015596218880892	0.1613	0.5822512816691978	0.6561314892011597	0.12
236	3.933333333333333	0.9304918958529919	0.8955243693469334	0.0	1.000996618782658	0.9073903024631946	-0.105	1.061620200291349	0.6448552323214353	-0.0886	1.201647429965592	0.357838574365669	-0.0972	1.1713578407320966	0.30616918604727283	-0.0766	1.211583451288341	0.3130990040446337	-0.12	1.2285768434583475	0.3134391196403963	-0.0883	0.8781261838532983	0.8344315228927109	0.105	0.9335134746660915	0.4359920045373295	0.0886	0.9804666252303027	0.07419769733294233	0.0972	0.9302635561175026	0.010892159792504089	0.0766	0.9197898624492553	0.0003999603413206397	0.12	0.9945973301028482	0.01307079120442802	0.0883	0.6257889229510127	1.2972473821742152	0.0	0.5827048398299999	1.4788257349371017	0.0	0.6001751338708862	1.3648495578366697	0.0	0.7907158478764101	1.2627659193623024	-0.2016	0.891611466105155	1.0716755836995426	-0.1613	0.8496202773869799	0.8419654165704743	-0.12	0.5339063362188466	1.1607923304084966	0.2016	0.5650182099893293	0.9054052172237501	0.1613	0.5704426556546047	0.6605698629418247	0.12
237	3.9499999999999997	0.9245420975812282	0.8912633537270703	0.0	0.9909217275432513	0.9027411860756271	-0.105	1.0329811434698724	0.6218865676506846	-0.0886	1.1240280653033272	0.32794526373113825	-0.0972	1.082847593648851	0.25783850492390603	-0.0766	1.1352220264906316	0.2593516279169223	-0.12	1.1445107964482466	0.28291473783499416	-0.0883	0.8743101553379028	0.837703541276168	0.105	0.9279879723212138	0.43531989097293733	0.0886	0.9801824836585125	0.07504859764923774	0.0972	0.9222402554611558	0.006531663524346292	0.0766	0.9170235362544603	-0.00024274905985722812	0.12	0.9911006952203318	0.014017621879913181	0.0883	0.629624982965459	1.300734218156799	0.0	0.5817604920443704	1.4901167161235487	0.0	0.6044691240583716	1.369501525718378	0.0	0.7963259333675178	1.2701764246368599	-0.2016	0.9124534875760925	1.0864465461192867	-0.1613	0.791160026853288	0.936377501967158	-0.12	0.5341971928722343	1.1679197658688183	0.2016	0.5585040677677745	0.9158616128734668	0.1613	0.5582463846408215	0.6709104927336565	0.12
238	3.966666666666667	0.9219802317180636	0.8865503702419526	0.0	0.9859875992365905	0.8996288049327461	-0.105	0.9984505289003055	0.6277021480711935	-0.0886	1.0511539128484977	0.31072159448208686	-0.0972	0.9791151350481638	0.22202827959594806	-0.0766	1.0167251213557726	0.25294383676347815	-0.12	1.0813489440308595	0.26499547697308345	-0.0883	0.8698364129119749	0.8370453226249839	0.105	0.9213992868930723	0.4373213510365852	0.0886	0.9799035186918053	0.07362443439144	0.0972	0.9272796564267786	0.006217566813587284	0.0766	0.9180967523054274	-0.0007413098229134673	0.12	0.9902582874587007	0.012084700337219761	0.0883	0.6321557739028729	1.301466218265103	0.0	0.5781126666433736	1.4968265542306953	0.0	0.6049483648463719	1.377035041957883	0.0	0.7977289264408929	1.2746058782558816	-0.2016	0.9245568423160945	1.0947351166811818	-0.1613	0.8041262188931844	0.9647888401928976	-0.12	0.5353105139174205	1.1699731401061735	0.2016	0.5539611017573892	0.9190290480236504	0.1613	0.5442431355794347	0.6722349721802182	0.12
239	3.9833333333333334	0.9187900033444526	0.8841173139011741	0.0	0.9806653523880194	0.894626163811197	-0.105	0.9595237962040245	0.6282501390928393	-0.0886	0.9841971439101478	0.29768081496791265	-0.0972	0.8691411191347584	0.19598312402656243	-0.0766	0.9208208509998038	0.2456201156909791	-0.12	1.0020635043944024	0.2427692432199683	-0.0883	0.8682048854487039	0.831913477038592	0.105	0.9183830032532685	0.43568651920824836	0.0886	0.979683850436668	0.07559905010864951	0.0972	0.9270900455532646	0.006479302467017167	0.0766	0.9181998761546671	-0.0019324420375159503	0.12	0.9910747361911145	0.010215400026026144	0.0883	0.6338858601159306	1.3054182422709806	0.0	0.581133314288547	1.5034740056809175	0.0	0.6062689293801079	1.3817037178856222	0.0	0.8003793359763417	1.278487008678199	-0.2016	0.9339395773187325	1.0963649291566597	-0.1613	0.8025403932500776	1.0466606490767791	-0.12	0.5376326572603185	1.1720921598040634	0.2016	0.5490844386639425	0.9201558442160607	0.1613	0.5361435826507086	0.6823017608551216	0.12
240	4.0	0.9120954420563953	0.8800159911672292	0.0	0.9759549458642184	0.8727663194547737	-0.105	0.9146357758921249	0.5917104088327206	-0.0886	0.9327754230182822	0.2832292116138446	-0.0972	0.8390030137489634	0.21832412848587518	-0.0766	0.8660005480300357	0.2521352345824376	-0.12	0.935476345439713	0.24418094769086052	-0.0883	0.8595639112624535	0.8177051334829061	0.105	0.9244209581736552	0.43161708591737813	0.0886	0.979561327823704	0.07511127107294913	0.0972	0.9301254319437282	0.0052616801286679196	0.0766	0.9169010129916447	-0.0008389783544529247	0.12	0.9915638401059206	0.012146172985305	0.0883	0.6342897127555531	1.315256463538399	0.0	0.5878526312015527	1.4995229929667766	0.0	0.6063818279326285	1.3930921980113735	0.0	0.8028839132673534	1.2832627695488774	-0.2016	0.9371371285752096	1.0921631451290224	-0.1613	0.8153105693264682	1.0462010393440488	-0.12	0.5397365934411384	1.1734825988172428	0.2016	0.5456690322405792	0.9208753127025646	0.1613	0.5254731943233927	0.6858706617399337	0.12
241	4.016666666666667	0.9041487016156001	0.8752421442114281	0.0	0.9658962198231694	0.8717287381988872	-0.105	0.8999610784286889	0.5732683662646924	-0.0886	0.8754130548569296	0.27515923955903776	-0.0972	0.7617018024966423	0.20931730036402954	-0.0766	0.8005958227533915	0.23281771336675944	-0.12	0.8804884125680187	0.2270005427589582	-0.0883	0.8538068883625651	0.8102333485185926	0.105	0.9228213320455878	0.4305976215813784	0.0886	0.9794099031573646	0.07949359910654087	0.0972	0.9307072907863793	0.006498704780544796	0.0766	0.9088302900480751	-0.00035534095802200374	0.12	0.9906384521783013	0.013524448007624026	0.0883	0.6356490462133009	1.3163604063146268	0.0	0.5911542917150813	1.5099142568788317	0.0	0.6068847588595068	1.3996685671058064	0.0	0.8051058562102245	1.2830078477606641	-0.2016	0.932957287506158	1.08462289137973	-0.1613	0.7969750042586325	1.0662849437687023	-0.12	0.5410510695987407	1.1755220061338263	0.2016	0.541912239742347	0.9238541135659087	0.1613	0.5165657655263884	0.6935483226511646	0.12
242	4.033333333333333	0.8972315641467994	0.8669803151689276	0.0	0.956165426434507	0.8592996203059234	-0.105	0.8605292878683648	0.5576198504093691	-0.0886	0.8166763169849363	0.2629769863526556	-0.0972	0.6947674970345238	0.20226060694377251	-0.0766	0.7289532261893622	0.22043104297684865	-0.12	0.8245404911544556	0.21428172278106147	-0.0883	0.851642573878408	0.8038052279349281	0.105	0.9169655828215845	0.42917466766967205	0.0886	0.9797454933884868	0.07774077946940278	0.0972	0.9286044123210322	0.0068662696330333926	0.0766	0.9114438710708912	-0.0005589249613677477	0.12	0.9907137428410049	0.014556782579072424	0.0883	0.6369744845929229	1.3209001387842216	0.0	0.5938998497016319	1.512687083559603	0.0	0.6056559527638591	1.4012322533268846	0.0	0.8080669139856235	1.2821922673451853	-0.2016	0.9330225459282449	1.0848927650793156	-0.1613	0.7857489847539426	1.0607591352972536	-0.12	0.5426520130694507	1.179469813684313	0.2016	0.535167261623236	0.9234580235790317	0.1613	0.5046869975712776	0.6977024505109994	0.12
243	4.05	0.8892366771668663	0.8562435911235343	0.0	0.9385668217070796	0.8453557859029753	-0.105	0.8366436684260814	0.5284616568379615	-0.0886	0.7593742080416106	0.250002642088831	-0.0972	0.6194896079788972	0.19894506095516723	-0.0766	0.6709812388900271	0.21457826173330494	-0.12	0.7748850203693117	0.19621316552989285	-0.0883	0.846427867661761	0.795260659339517	0.105	0.9115019912853684	0.427595822469649	0.0886	0.9798688299663543	0.07896567852167966	0.0972	0.9274237164388532	0.007693470691010369	0.0766	0.9153366945852289	-0.0009654106545344218	0.12	0.990708168947495	0.014690318117126192	0.0883	0.6386881672817374	1.326047082072938	0.0	0.6000827272973327	1.515989776535785	0.0	0.605328625548701	1.4006413436898562	0.0	0.8099017064608736	1.2811424649419367	-0.2016	0.9285987046530546	1.0790520400102894	-0.1613	0.7757245529022219	1.0537828652525465	-0.12	0.5444673674485629	1.1834147105187396	0.2016	0.5271224835312114	0.924398882301996	0.1613	0.4934880466998931	0.7010293332123948	0.12
244	4.066666666666666	0.879260556560834	0.8510236525716456	0.0	0.9277490876041979	0.8421659981682665	-0.105	0.8155849003603721	0.520223208862184	-0.0886	0.7173127971452421	0.24010761341041134	-0.0972	0.5698621614976492	0.18968532032357063	-0.0766	0.6183961670877193	0.20519502864315445	-0.12	0.7330122574432375	0.1813584185754123	-0.0883	0.8367783975116375	0.7927611914809639	0.105	0.9066063262207104	0.42654827358896896	0.0886	0.9800542597456111	0.08123314855114003	0.0972	0.9241146458987164	0.008385586883804775	0.0766	0.9161652562237996	-0.0013732581915723045	0.12	0.9910641202500364	0.015052853348133883	0.0883	0.6406912417937026	1.332275535816564	0.0	0.6045353842672021	1.516939251641606	0.0	0.605282707011179	1.4015851267746742	0.0	0.8086658994501416	1.2812181510338663	-0.2016	0.9261804711486974	1.0762433616847518	-0.1613	0.777486527845932	1.0418523207521166	-0.12	0.547482853250777	1.188865527380234	0.2016	0.5215636215255331	0.9291210320534681	0.1613	0.4780478335936768	0.7076177961113025	0.12
245	4.083333333333333	0.8654459584080325	0.843474121260147	0.0	0.9114613487754233	0.8329773250415696	-0.105	0.7807616195865107	0.5000103367379148	-0.0886	0.6692250055917179	0.22255711256797805	-0.0972	0.5311048875763993	0.1789145534549187	-0.0766	0.5620721713504523	0.19438385387183352	-0.12	0.6846888819757979	0.1655646928788173	-0.0883	0.8230315945251996	0.7914579023975831	0.105	0.9003755429766357	0.4257195024801245	0.0886	0.9797591897464808	0.0800219094977961	0.0972	0.9252354507284662	0.0067012914151361146	0.0766	0.9180093709174495	-0.0020165062406532447	0.12	0.9928129255820628	0.014835743856699344	0.0883	0.6420799389807558	1.3344874433174085	0.0	0.6082283189175036	1.5179064131690825	0.0	0.6056768756012825	1.4047791288436544	0.0	0.8094320653907592	1.2808227573898423	-0.2016	0.924502534819555	1.0747497645996702	-0.1613	0.7870247788866583	0.9919645195124982	-0.12	0.5526542499117688	1.1955911897726401	0.2016	0.5166585688360088	0.9394928939112595	0.1613	0.46297508301796525	0.7161225975915386	0.12
246	4.1	0.8577000284299059	0.8427783084110108	0.0	0.9035637684107259	0.8329062077902628	-0.105	0.7554160594736355	0.5037150078874874	-0.0886	0.6411033896772622	0.21541526526054153	-0.0972	0.4956423408038825	0.16260935468940607	-0.0766	0.5291662164384259	0.17791421847168762	-0.12	0.6491230967641197	0.15112516868920464	-0.0883	0.8154297416404026	0.7937621088537808	0.105	0.8956631206120779	0.42400418041734084	0.0886	0.9787344860395162	0.0811721853746176	0.0972	0.9209242169043924	0.004467193532573936	0.0766	0.9206869693483593	-0.0018615596958432225	0.12	0.9945634789307094	0.014488591470836268	0.0883	0.6447604225286796	1.3357224526974125	0.0	0.6095394383550621	1.5203120706554694	0.0	0.6112318115639438	1.4107236140169626	0.0	0.8119977922251844	1.2794701944925908	-0.2016	0.9194726317869747	1.067152024645601	-0.1613	0.7863061880486889	0.9843461679545713	-0.12	0.5554505666652456	1.1998355844506023	0.2016	0.5104714975898124	0.9441751846170725	0.1613	0.4487819589931878	0.7250766708340928	0.12
247	4.116666666666666	0.8410969017603528	0.8389680006969996	0.0	0.8865989113855673	0.8323166981240814	-0.105	0.7301829939660399	0.4884266767594889	-0.0886	0.6111140153114688	0.19627023028811255	-0.0972	0.46309485985739246	0.1451996210362601	-0.0766	0.5039182339001405	0.15803353156877065	-0.12	0.6190384574670882	0.12678713783028936	-0.0883	0.8013635157818831	0.7947035440736826	0.105	0.8845184761623135	0.4232064007112185	0.0886	0.9784493907954483	0.08431187828195602	0.0972	0.9188025093583837	0.0016301311327572578	0.0766	0.9300633211184736	-0.0021952816862834726	0.12	0.9960155376575445	0.01509023695077368	0.0883	0.6461996355162202	1.3375442152117931	0.0	0.6109224212906376	1.5210084216330433	0.0	0.6070130673844374	1.408605587141933	0.0	0.81138980464258	1.2790942649979307	-0.2016	0.9158706404691522	1.063947595859925	-0.1613	0.7829626581576311	0.9775598180239162	-0.12	0.5590468179054988	1.2048336329124016	0.2016	0.5062844397293775	0.9500150642691751	0.1613	0.4345785602916197	0.7336938355838546	0.12
248	4.133333333333333	0.8245579202436831	0.8350461902681579	0.0	0.8676387952334229	0.8253524136694312	-0.105	0.7030493940265399	0.48371960289220406	-0.0886	0.5884055952840992	0.1780115526704804	-0.0972	0.4397861296501803	0.11666624948588111	-0.0766	0.4786631459125684	0.12933304517329186	-0.12	0.5963282334881956	0.10563045194950835	-0.0883	0.7851266175945717	0.7945004266043844	0.105	0.8779346855526254	0.4220198785157848	0.0886	0.9765178710272451	0.0864944086215501	0.0972	0.9210904107136345	0.0006999369878185999	0.0766	0.9397442475897867	-0.0026298577717998287	0.12	0.9997561113321353	0.014974375213939626	0.0883	0.6474617665871283	1.3374822100946853	0.0	0.6132487607442788	1.5220934233126968	0.0	0.6115073191860685	1.4126098940619127	0.0	0.8125172292607635	1.274738794268095	-0.2016	0.9075468627199674	1.056513468103249	-0.1613	0.7808199217504299	0.9735660070247025	-0.12	0.5641004026165707	1.2074285455568905	0.2016	0.5017206796133544	0.9570203376896629	0.1613	0.4198241228244024	0.7428690796954387	0.12
249	4.15	0.8087182684290168	0.8295178689225082	0.0	0.8518202398931984	0.8229173510021928	-0.105	0.6819676355747949	0.48206541648122386	-0.0886	0.5670260690004145	0.16389097018147858	-0.0972	0.4189339220950431	0.09164310331506631	-0.0766	0.4596009979822302	0.1042780472817854	-0.12	0.5749687198421636	0.0888694104438703	-0.0883	0.7716955956598098	0.7943009778727347	0.105	0.8677669005411615	0.42145552384615026	0.0886	0.9755121516836773	0.08650874029299789	0.0972	0.9201954082251101	-0.0001137634280456391	0.0766	0.9415076405986665	-0.0030032262378064997	0.12	1.0024971307440225	0.01457632328513111	0.0883	0.6492938887643344	1.3354898272098166	0.0	0.6141245375426118	1.5233609742607022	0.0	0.6093526603194794	1.4126480206446526	0.0	0.8143099328654103	1.2698753369581215	-0.2016	0.8984039497756171	1.0495475522140185	-0.1613	0.7718125913316164	0.9613975319148195	-0.12	0.5651396435238407	1.2089117488426322	0.2016	0.4943464201378286	0.964005248041243	0.1613	0.40662280753276675	0.7549906256886254	0.12
250	4.166666666666667	0.7930675417378181	0.8246187860011712	0.0	0.8427811804767142	0.8253347773452999	-0.105	0.6657929351000998	0.47295898816995496	-0.0886	0.5479370803628307	0.14848618114261417	-0.0972	0.40753969586316974	0.06044659851757683	-0.0766	0.440551966497633	0.07274812233890401	-0.12	0.5567356095398617	0.07100461305494318	-0.0883	0.7542216141648768	0.7943338343326786	0.105	0.8571804874728477	0.42162571200555166	0.0886	0.9731876264556845	0.08688670666522375	0.0972	0.9237183833217898	-0.0010570649705615547	0.0766	0.9476245623393194	-0.002642065361377299	0.12	1.0014336837131947	0.014570830674384307	0.0883	0.6495609974443541	1.3353105987180038	0.0	0.6170017478259809	1.5233155158740155	0.0	0.6087096399529695	1.412784905986198	0.0	0.8123924537591204	1.2674231835972094	-0.2016	0.8938311382361108	1.041400840242397	-0.1613	0.7670175598339724	0.9432059240766097	-0.12	0.5685643629715482	1.2092343326949497	0.2016	0.4909219455801664	0.9694060394844755	0.1613	0.3937075168459955	0.7687775060542754	0.12
251	4.183333333333334	0.7800800955871967	0.8198167159710527	0.0	0.817890958707312	0.8181364365405241	-0.105	0.648160488412762	0.4675056563244142	-0.0886	0.5300007797016897	0.13094062236488438	-0.0972	0.3981456028554524	0.030830424774826504	-0.0766	0.423571469436255	0.03846809416394598	-0.12	0.5457101553816257	0.05381640463947078	-0.0883	0.7482144036504703	0.7941687760484302	0.105	0.8423475991733588	0.42219378022839826	0.0886	0.9687451774345343	0.08733302699111749	0.0972	0.9228066832484135	-0.0038828925830714563	0.0766	0.9446064135179684	-0.004324692798507995	0.12	1.0029622827530043	0.01370636683412753	0.0883	0.6496035990037323	1.3338051370238664	0.0	0.615242046731885	1.5254905419211888	0.0	0.6091603501424028	1.4199345473866911	0.0	0.8077266023702396	1.2650294528125303	-0.2016	0.8817821698162217	1.0278852098131475	-0.1613	0.7496337466717286	0.9379476354297674	-0.12	0.5639468953463403	1.2089253060277951	0.2016	0.4838066586271741	0.9718044948621344	0.1613	0.3833877910834514	0.7887507392919333	0.12
252	4.2	0.7647447027078058	0.8161079022677155	0.0	0.8017438058300026	0.8084956995360464	-0.105	0.6369165147857166	0.4587094458562617	-0.0886	0.5199875188348136	0.1179765017508354	-0.0972	0.39520853148325347	0.0038542533386714444	-0.0766	0.4177862161617536	0.012027650673416136	-0.12	0.5347558382462634	0.04517005977382738	-0.0883	0.7311650000851155	0.7921029869965796	0.105	0.8320395829925448	0.42052841278459585	0.0886	0.9661744852052433	0.08761828081202745	0.0972	0.9210116882115971	-0.007189394158464434	0.0766	0.9444542733100068	-0.006116761254938857	0.12	1.0039094859026612	0.012273110684372469	0.0883	0.647890077307713	1.3336890377571233	0.0	0.6198078654639181	1.5245092773451019	0.0	0.613535805024571	1.4248298762817027	0.0	0.8054743308653444	1.2618935446728623	-0.2016	0.8689566662604766	1.012360827556826	-0.1613	0.7272259156052936	0.9262969531986227	-0.12	0.5625332849485618	1.2076742246174688	0.2016	0.4755408271312179	0.9701841100555442	0.1613	0.3698534497027392	0.7996249240529161	0.12
253	4.216666666666667	0.7466313702999089	0.8112869303295382	0.0	0.7783970982984916	0.8052623965418827	-0.105	0.6216329899710755	0.4506547005557688	-0.0886	0.5116058794203053	0.10436049493410884	-0.0972	0.3943234921457754	0.004001016030721928	-0.0766	0.4081888337756899	0.008465199522919683	-0.12	0.523626012133096	0.029216204468404214	-0.0883	0.7179871354744383	0.7911378582986431	0.105	0.8192038032188526	0.4185978914891711	0.0886	0.9634598874179593	0.08641053128237151	0.0972	0.9166094344590238	-0.0062476571497655465	0.0766	0.9406980554608559	-0.005551849387150702	0.12	1.0023711402690598	0.011290806441421438	0.0883	0.6472646737946174	1.331061833825145	0.0	0.6206754913759318	1.5252285307015312	0.0	0.6101154843363693	1.4250717456536406	0.0	0.797110764148933	1.2586371114733514	-0.2016	0.8580737814705676	1.003102577499555	-0.1613	0.7200048333048757	0.9229174100826821	-0.12	0.5606589973191902	1.2062795193923654	0.2016	0.4658076375856612	0.9691550462052811	0.1613	0.35718739419910256	0.8129071987562928	0.12
254	4.233333333333333	0.7283398193438556	0.8087463581977365	0.0	0.7573633236732323	0.8041659326236842	-0.105	0.6115619823393141	0.4427818009381258	-0.0886	0.5096546913442438	0.08894471078160697	-0.0972	0.3943812651427106	0.0008387344165217853	-0.0766	0.4026238465192463	0.00475154304540042	-0.12	0.5220982482984861	0.012600730313541855	-0.0883	0.7024316571672341	0.7920882127305027	0.105	0.8037026277363423	0.4177910738504288	0.0886	0.960589626436388	0.08999860581696045	0.0972	0.9150994605277903	-0.005457068950703399	0.0766	0.9413559833448234	-0.006012830868987037	0.12	1.0003877017451068	0.009761736262885982	0.0883	0.6456782714020379	1.3282895723690784	0.0	0.6210075017909891	1.5247194490160478	0.0	0.6082416275798656	1.4252805015142507	0.0	0.7901366685069248	1.2539275951460276	-0.2016	0.8494256425614	0.995356064164702	-0.1613	0.7094984599977978	0.8972213799269072	-0.12	0.5599695727209943	1.207582528020847	0.2016	0.4604552800070502	0.9798664915543902	0.1613	0.34681651032199085	0.8318303068480671	0.12
255	4.25	0.7096449248870249	0.8074808373767915	0.0	0.7406816229841569	0.8039812706963613	-0.105	0.6062643818590079	0.4343155884393793	-0.0886	0.5072059313563261	0.07723820496363298	-0.0972	0.3928742348907096	0.0003696850350154389	-0.0766	0.39887436678416954	0.003623964050202651	-0.12	0.5227263627518112	-0.004122468366123566	-0.0883	0.6817488020120603	0.792565810079321	0.105	0.7849256875034794	0.4170893112663689	0.0886	0.9566257233155817	0.09284797506554637	0.0972	0.9137327151401304	-0.0042599712139758435	0.0766	0.9388614107755837	-0.004664018605447594	0.12	0.9979780284929608	0.011335348584522063	0.0883	0.644657403211129	1.3261191743827951	0.0	0.6225700935004833	1.5235836879730293	0.0	0.6071470248345477	1.4261792211811124	0.0	0.7833511041478216	1.2505161217087948	-0.2016	0.8356716073387708	0.9910548825369601	-0.1613	0.6992045378947133	0.8871018215091909	-0.12	0.5585030292670543	1.208079851488499	0.2016	0.4554951747220442	0.986731538911701	0.1613	0.33490818355694096	0.8364650422273392	0.12
256	4.266666666666667	0.6930981541145266	0.8064612844071356	0.0	0.7240512116647272	0.8043040527315175	-0.105	0.603162589675334	0.4327065500996981	-0.0886	0.5103700615752309	0.07616902567608752	-0.0972	0.38774220716782504	2.9828502179138198e-05	-0.0766	0.3991566102576587	0.0018525384623422096	-0.12	0.5247750533402212	-0.008020656589470031	-0.0883	0.6652604450740124	0.793409372899785	0.105	0.7635653217122381	0.41592150209807666	0.0886	0.9487279347655387	0.1026588874640212	0.0972	0.9126978710526228	-0.004793025342021803	0.0766	0.9363944154173516	-0.0057645735949776455	0.12	0.9935616543782778	0.01419323153709811	0.0883	0.6409001701834024	1.324759691174856	0.0	0.6220827125947823	1.524856314060924	0.0	0.6076305304669284	1.428095049739928	0.0	0.7745836810377028	1.2470157340950068	-0.2016	0.8239360807621441	0.9939684238298033	-0.1613	0.7069042453501612	0.8806663571996783	-0.12	0.5557507035329287	1.2078532611123927	0.2016	0.4495088381349563	0.991770217894527	0.1613	0.3257718032264437	0.8531170736785598	0.12
257	4.283333333333333	0.6757626652854777	0.8069499784225189	0.0	0.707183531045951	0.8057025657248998	-0.105	0.6031551566786857	0.43260552397120217	-0.0886	0.5164666925553115	0.07798960837939478	-0.0972	0.39302400992667375	-0.0014125974433254792	-0.0766	0.4069264927794653	0.0033515995528767355	-0.12	0.5275132776513255	-0.009615720473664924	-0.0883	0.6479112777518846	0.7938798704256018	0.105	0.7362985673399175	0.4147451490458639	0.0886	0.9365620262814037	0.1139225685921077	0.0972	0.9070100451564052	-0.004484391764140003	0.0766	0.9311676052449358	-0.007028856748521994	0.12	0.981601494772023	0.022629012035456517	0.0883	0.6354745414172511	1.323650152733306	0.0	0.620760259155816	1.5258043385960018	0.0	0.6045560796463239	1.4277796833614775	0.0	0.7647393705149059	1.2441163391592864	-0.2016	0.8089921489863238	1.0056545232648741	-0.1613	0.7335077926825235	0.876667576975473	-0.12	0.5488513110059099	1.2083721299643297	0.2016	0.44494832811320134	0.9989627372316905	0.1613	0.3161681790439733	0.8645281663496737	0.12
258	4.3	0.66206990729135	0.8064809986641828	0.0	0.7026122608491137	0.8062735143520753	-0.105	0.6000506954054455	0.41861182870407915	-0.0886	0.5181777032130501	0.07610656668682858	-0.0972	0.3961379688441621	-0.004220679168027319	-0.0766	0.4107838148822788	-0.001153760165795402	-0.12	0.5287528535757512	-0.011188652886380483	-0.0883	0.6296428265612054	0.7936000842349352	0.105	0.7172954876263862	0.4111218795027846	0.0886	0.9229087828929837	0.12420530882283837	0.0972	0.9089809534534334	-0.004143331945512963	0.0766	0.9239495432210795	-0.006172194292628656	0.12	0.9675024189013708	0.0363007140936873	0.0883	0.6313190918424889	1.3231434986081745	0.0	0.6216995742320242	1.5242477464343838	0.0	0.6018050113278849	1.4267327396204765	0.0	0.7580931821019006	1.2410568492595426	-0.2016	0.797480127054196	1.0012361186128842	-0.1613	0.7338771809685872	0.8557501923021478	-0.12	0.5422866228264804	1.2103027510923192	0.2016	0.43967218171452205	1.0099188957974496	0.1613	0.3058103665139892	0.8719326482964905	0.12
259	4.316666666666666	0.6477435355832374	0.8053037453630787	0.0	0.6864898731056297	0.8053394490398603	-0.105	0.5963084601953007	0.40903716459571365	-0.0886	0.5186635961593252	0.07513735583915071	-0.0972	0.39587332820813675	-0.006124805314135796	-0.0766	0.4111115135191287	-0.0022990647681611115	-0.12	0.5288698470653991	-0.011090076642913302	-0.0883	0.615178544077749	0.7925484734751155	0.105	0.6927262238294607	0.4032205363985738	0.0886	0.9082942201085803	0.12816797631947188	0.0972	0.9063925142373451	-0.01029444930304594	0.0766	0.9186179499763516	-0.011075661016126025	0.12	0.9572980964920369	0.057203132582013184	0.0883	0.6268519155106803	1.322688598795084	0.0	0.6208119095122633	1.5233251172344988	0.0	0.5899364129877338	1.4240536554729917	0.0	0.7489553565003032	1.2380012567119274	-0.2016	0.7848860308268648	0.9949274968752213	-0.1613	0.7234040072629382	0.8514448788876509	-0.12	0.5351830252116674	1.2124230151125197	0.2016	0.4374679584501928	1.012850783584639	0.1613	0.29850391879890603	0.8796439001920989	0.12
260	4.333333333333333	0.6360255220653077	0.8046740857577633	0.0	0.6794611694907702	0.8038540588736607	-0.105	0.5949582928469695	0.406617827030049	-0.0886	0.518271158314422	0.07174328528351397	-0.0972	0.3963492982007434	-0.007701653069326471	-0.0766	0.40889634854830553	-0.0036461170030900446	-0.12	0.528126354543259	-0.010371748842341566	-0.0883	0.6012555089148567	0.791638755156323	0.105	0.6607384023037878	0.3960205217908376	0.0886	0.8887894279894465	0.14013501821167357	0.0972	0.9044727197488606	-0.016993707642773734	0.0766	0.9096977375924	-0.01576624393194531	0.12	0.9450961740175547	0.08329247157087258	0.0883	0.6204507095313903	1.3219749376320495	0.0	0.619569488978682	1.521006485561647	0.0	0.5865062460426743	1.4232434346773049	0.0	0.7418163018496085	1.2345882174321956	-0.2016	0.7657378273570626	0.9829871573321658	-0.1613	0.704802284782947	0.8448382438753981	-0.12	0.524171690473324	1.213825551199836	0.2016	0.42924266803918437	1.0131084274147875	0.1613	0.2881534153890244	0.8852361721316458	0.12
261	4.35	0.6256330669360441	0.8046537199908087	0.0	0.6724169734376307	0.8031339069900246	-0.105	0.5939719590676776	0.4053492766535185	-0.0886	0.518956782466339	0.0721163177596652	-0.0972	0.39620054445201797	-0.007962907945390129	-0.0766	0.41119616510468165	-0.003979758462090313	-0.12	0.5276102684377235	-0.008326278215260559	-0.0883	0.5906803123170185	0.790235129047223	0.105	0.6251292715260117	0.39628493604132303	0.0886	0.8681374004111402	0.1508280107288992	0.0972	0.9037862030114866	-0.014845109513920825	0.0766	0.9058158888646259	-0.012179918135773151	0.12	0.9272492207373222	0.10669641452467656	0.0883	0.6128081713849277	1.321526681754084	0.0	0.6168031061473316	1.5217939002837255	0.0	0.5838774227333811	1.4258196300537682	0.0	0.7342865079467146	1.2274596334516141	-0.2016	0.7544368855489356	0.9809409546170084	-0.1613	0.6974980553916482	0.8343817426759995	-0.12	0.5136872786207584	1.2154173038276097	0.2016	0.4191743976403258	1.0147086686797846	0.1613	0.28283206977175657	0.8855657837205503	0.12
262	4.366666666666666	0.6151551624222921	0.8051647909878952	0.0	0.6735774906921548	0.8045342505762295	-0.105	0.5867757195713762	0.4010765821080387	-0.0886	0.5166287045470215	0.06815809427189315	-0.0972	0.39571764179847646	-0.008391034795507093	-0.0766	0.4131532764871611	-0.004607475334586555	-0.12	0.5263093886631512	-0.0073622159822957604	-0.0883	0.5753089450361394	0.7895925125466713	0.105	0.5961786637312335	0.3938693813977959	0.0886	0.8449506756916424	0.16515223281346117	0.0972	0.8946810016109508	-0.014429881822498707	0.0766	0.8913382238035799	-0.009734521148375721	0.12	0.9040973871265978	0.12645880366954418	0.0883	0.6067837031474633	1.3211377911560576	0.0	0.6137304850842686	1.5224898476403512	0.0	0.5827613360150559	1.4257439809871262	0.0	0.7306275929130819	1.2221083793151886	-0.2016	0.7408741012102544	0.9607760906876569	-0.1613	0.6838625302129371	0.8249347936296509	-0.12	0.5029429930474375	1.2157660698638193	0.2016	0.4087180428353773	1.01563274521463	0.1613	0.2781098124043434	0.8869807056221306	0.12
263	4.383333333333333	0.6072355452789269	0.803907893422685	0.0	0.666514822914248	0.8055705775241263	-0.105	0.5839004090705823	0.40016006039261054	-0.0886	0.5154990107573754	0.0682184605852272	-0.0972	0.39504824475303846	-0.0075786142175220585	-0.0766	0.41432435285078684	-0.004881283714443624	-0.12	0.5277440773267733	-0.00169905061119798	-0.0883	0.5620673000233973	0.7899692245132894	0.105	0.5582315897816782	0.3930444519677178	0.0886	0.8243466328842568	0.1780864167064647	0.0972	0.8704119176709902	-0.008235790409718705	0.0766	0.8687571534421432	-0.0004830128292232184	0.12	0.8812635158283534	0.14095531949066695	0.0883	0.5990629853469305	1.3206525885870526	0.0	0.6079500313751184	1.5256457853127396	0.0	0.5778703575403806	1.4243691208126974	0.0	0.7234913372404455	1.2183144299133846	-0.2016	0.7264819656339491	0.9506996425321884	-0.1613	0.6155270788603752	0.8364198786233044	-0.12	0.4903150385930313	1.216628872498523	0.2016	0.4004352773001045	1.013200008303588	0.1613	0.2778915596427636	0.8844531921542662	0.12
264	4.4	0.5999340345303805	0.8040033014704102	0.0	0.6638200640091895	0.806891234051546	-0.105	0.581740302553806	0.40066925239111034	-0.0886	0.5163924244823076	0.06688993693457677	-0.0972	0.39368108230304555	-0.007292352686983014	-0.0766	0.4116631605169028	-0.008407197289604732	-0.12	0.5267019020525708	0.0013288920249776444	-0.0883	0.5452424240405601	0.7926724135460803	0.105	0.5351836157023449	0.39659168881900353	0.0886	0.7993058240170516	0.1987248168612025	0.0972	0.854188416191258	0.011633122458146267	0.0766	0.8435239677017083	0.013668145811958764	0.12	0.8657914643060426	0.1546303783388189	0.0883	0.5916418179029325	1.3209526506379707	0.0	0.6024138707070162	1.523990743177494	0.0	0.5695935431084818	1.4231780749957972	0.0	0.7201574005190291	1.2165163318538172	-0.2016	0.7234323234976607	0.9494852440785938	-0.1613	0.6270052970784058	0.8249356353265591	-0.12	0.4825693130615559	1.2188712145323426	0.2016	0.3910737745149255	1.0101400391995066	0.1613	0.2808265075858413	0.8815430756320333	0.12
265	4.416666666666667	0.5923777621115	0.8057908275637816	0.0	0.6569767124211029	0.8075939181648467	-0.105	0.5795791840355629	0.40554905778309075	-0.0886	0.5149713432085483	0.06780676231362051	-0.0972	0.3940422541010702	-0.00546064885139727	-0.0766	0.4165499845552058	-0.008084460639774683	-0.12	0.5287235086020177	0.005389344956843034	-0.0883	0.5371098214646772	0.7947677193073288	0.105	0.5096258990815409	0.40010338833328984	0.0886	0.7738166004378447	0.21485445355028748	0.0972	0.8364450012204178	0.029512235532370878	0.0766	0.822884493169309	0.02867397267040871	0.12	0.8457381245753534	0.1734183701698349	0.0883	0.5840024901137842	1.3216441600336977	0.0	0.5967728901629349	1.5271813093324225	0.0	0.5725436623580554	1.426114488783035	0.0	0.7085469949771177	1.2194911245238405	-0.2016	0.7185771498108611	0.9499302166878237	-0.1613	0.608600966028262	0.8271682062242004	-0.12	0.47241683972301207	1.2212103190898724	0.2016	0.385445946703353	1.0115303127739355	0.1613	0.28532143401923216	0.8772727886000269	0.12
266	4.433333333333334	0.5851298985558848	0.8090039404411944	0.0	0.6566463956996634	0.808281810185667	-0.105	0.579182589846764	0.4166503576477594	-0.0886	0.5147473867725949	0.06942525091835831	-0.0972	0.39600816531594896	-0.0002540027922097155	-0.0766	0.4216630236246345	-0.008412742660294105	-0.12	0.5297589531936933	0.010331841659132692	-0.0883	0.5249345963656397	0.7960180095028113	0.105	0.48183067018684317	0.40574230186384963	0.0886	0.7436635776267718	0.22317629830825197	0.0972	0.8186234192710344	0.048031473031873266	0.0766	0.8001665794152081	0.043708354977081185	0.12	0.8231619253506463	0.19484303901411254	0.0883	0.5765507486536945	1.3216730275649669	0.0	0.5872764179213974	1.5329646451535681	0.0	0.5728460411913774	1.4294670644268954	0.0	0.7031762015851439	1.2212128046729542	-0.2016	0.7141572965697667	0.9453262455079148	-0.1613	0.5898613364639741	0.8263150362800571	-0.12	0.4579794065835645	1.2230583575582759	0.2016	0.3759524608498865	1.009306266515375	0.1613	0.2883806094152297	0.866426147057091	0.12
267	4.45	0.5804032754273084	0.8097693364397746	0.0	0.6522330024344027	0.8095847486091995	-0.105	0.5752549438147282	0.41986044594572797	-0.0886	0.5141584430505244	0.06790130918632982	-0.0972	0.39587440425590986	0.003392995536255932	-0.0766	0.4250047071140517	-0.002214538663659025	-0.12	0.5318346754373837	0.011164823345947324	-0.0883	0.515333261088615	0.7969925786222224	0.105	0.45723933666763605	0.4192935300875598	0.0886	0.716345844229794	0.23204069739510194	0.0972	0.7941170637064542	0.05225808922740444	0.0766	0.7706880862854523	0.058350848792003106	0.12	0.8008735319301094	0.20243160672921054	0.0883	0.5697199043251754	1.321958308381356	0.0	0.5798429328565211	1.5370608888849915	0.0	0.5670877446272151	1.4312246817205052	0.0	0.6988917604337296	1.2235390797842132	-0.2016	0.7124514665212672	0.9502255316915976	-0.1613	0.6188773483853006	0.7736566957413419	-0.12	0.4484611769762078	1.223493932423133	0.2016	0.36914466517213207	1.0090936783792968	0.1613	0.29398775278525086	0.8559820615685853	0.12
268	4.466666666666667	0.5691154177492795	0.8096392915245828	0.0	0.6414469216593705	0.8101225873273246	-0.105	0.5714201724069305	0.42478860486158243	-0.0886	0.5144589748429995	0.06695604614720058	-0.0972	0.39968129347820097	0.006667421041217805	-0.0766	0.4337451437476496	0.006733742138358149	-0.12	0.5348189090164762	0.010451753827793649	-0.0883	0.5012293667937125	0.797703110331782	0.105	0.4369147864386716	0.42543688812935126	0.0886	0.6899158129939891	0.2368869821457761	0.0972	0.7676830190377711	0.05800463801641382	0.0766	0.7441564937769367	0.06386747822142085	0.12	0.7723717651361761	0.21142662312045618	0.0883	0.563058262978997	1.322849034010835	0.0	0.5708473407348141	1.5412229432547193	0.0	0.5582887841928335	1.4346761730844344	0.0	0.6953506673711404	1.2251050040340628	-0.2016	0.711345921176983	0.9585540688145475	-0.1613	0.6347557453467146	0.7539329302203625	-0.12	0.4390118444264563	1.2237303610408736	0.2016	0.3623069600587376	1.003624380777823	0.1613	0.2990670270933263	0.8323877482766866	0.12
269	4.483333333333333	0.5585315077136946	0.8107491400395401	0.0	0.6355253414153753	0.8107888974340367	-0.105	0.5683143019933359	0.42768968310295935	-0.0886	0.5141707039729518	0.06434291351367287	-0.0972	0.40528036987819166	0.007263381153005383	-0.0766	0.43750786069040676	0.010263332497836635	-0.12	0.5366024679084306	0.007344184522378843	-0.0883	0.4882078692367308	0.7982290635797173	0.105	0.4055869068805041	0.4320810596451619	0.0886	0.6690980531035124	0.23750627438154312	0.0972	0.739130843594208	0.05761675062580285	0.0766	0.7157997685999056	0.06749205971505179	0.12	0.7515222447755593	0.2165994292549426	0.0883	0.5548862931325586	1.3241673516722372	0.0	0.5622661221805845	1.5429499238417552	0.0	0.5499065357686046	1.4367113287866204	0.0	0.6925632949637182	1.2272037814036947	-0.2016	0.709082967653963	0.9585645919842901	-0.1613	0.6489000522682441	0.7323793742255537	-0.12	0.42788337285718303	1.223172351433066	0.2016	0.35854786557975366	1.000452967654031	0.1613	0.3008381008125547	0.8211536395521586	0.12
270	4.5	0.5523332460527477	0.8119667637702098	0.0	0.6274689016549607	0.810813640597005	-0.105	0.5653418262371426	0.4284395293590248	-0.0886	0.5141269298773694	0.062329911342549275	-0.0972	0.4035378123940371	0.007928256917617709	-0.0766	0.4357667110370949	0.013055664757304797	-0.12	0.5391620350726397	0.003157867686682688	-0.0883	0.48405455289943283	0.7992243687740082	0.105	0.38371509459512904	0.4421276160338096	0.0886	0.6481132190970281	0.2393390852793912	0.0972	0.6954919212494692	0.054080265803289236	0.0766	0.6773427248725725	0.07044979558182868	0.12	0.7230549235518007	0.2211383145541044	0.0883	0.5465628100945742	1.3259177978620058	0.0	0.5516275816803756	1.5433801532704519	0.0	0.5433637079714184	1.438135848399353	0.0	0.689222090977492	1.231534280536488	-0.2016	0.7083341197110936	0.9634645074909945	-0.1613	0.6491577662208834	0.734992050161418	-0.12	0.4146873878507658	1.2231443287683401	0.2016	0.35705495719042546	0.9992690078125576	0.1613	0.3041277900322719	0.8099990573967998	0.12
271	4.516666666666667	0.543614476704353	0.8128872724367596	0.0	0.6207223931003936	0.8103491492777994	-0.105	0.5636350671730588	0.42702629565653155	-0.0886	0.5147708949592411	0.062274392999569335	-0.0972	0.4077143327411457	0.00796197248654035	-0.0766	0.4365070124969525	0.01630924237658678	-0.12	0.5441221724371414	0.0031120287402028914	-0.0883	0.4728729047901347	0.8005745189709046	0.105	0.36411934676349905	0.44810874518640403	0.0886	0.6259297587739693	0.23686862159180125	0.0972	0.6601133523306312	0.057890012817003615	0.0766	0.6473523074910582	0.07703136246897092	0.12	0.6882559967273932	0.22134275459024494	0.0883	0.5396788637770947	1.3263380151832536	0.0	0.5444978825593281	1.5436541226472735	0.0	0.5319595148850851	1.437987333286202	0.0	0.680661989782362	1.2355134131382737	-0.2016	0.7048430027535271	0.964888887233996	-0.1613	0.6450792767316827	0.7375377034097903	-0.12	0.4076489230621155	1.2214982713760318	0.2016	0.35103467208979183	0.9976322111154969	0.1613	0.30341329410500195	0.8042470955639044	0.12
272	4.533333333333333	0.5405356667442985	0.8136435535136851	0.0	0.6154557807878537	0.8080851046452521	-0.105	0.5612380433076276	0.4251599712151985	-0.0886	0.5151247266616468	0.06267881233411209	-0.0972	0.4088717878369163	0.006596973737804983	-0.0766	0.4378882458122087	0.016834194832112858	-0.12	0.5491719474013482	0.004965189839370583	-0.0883	0.46535555425433184	0.8012146742336936	0.105	0.3459192673061467	0.45476051604387385	0.0886	0.600352866902796	0.2332870080500216	0.0972	0.631720622602466	0.06171588551670614	0.0766	0.6240848827974165	0.08325956805610804	0.12	0.662055331356082	0.22263011158153956	0.0883	0.5320552235005012	1.326734753092503	0.0	0.5368553743881941	1.542908315612386	0.0	0.5218486352390842	1.4376931917561193	0.0	0.6771621388844222	1.2368793073901687	-0.2016	0.7045648947447597	0.970256238261883	-0.1613	0.6439214670228823	0.7436477461859241	-0.12	0.3978704856034968	1.220863023101464	0.2016	0.3461613018100836	0.9950243453175839	0.1613	0.29907288827619904	0.8042657259034228	0.12
273	4.55	0.5334110567738316	0.8141137926363168	0.0	0.6107143739807187	0.8065764679058864	-0.105	0.5591173825724953	0.4214241082045484	-0.0886	0.5153677294208643	0.056690277374791154	-0.0972	0.40536867793754994	0.00538835739573267	-0.0766	0.43466397030845977	0.017377122305001422	-0.12	0.5447973112944059	0.0014185380388184214	-0.0883	0.46016042244802113	0.8009621507060323	0.105	0.32542445543053794	0.4618552130050198	0.0886	0.5776623193691132	0.23095732636097127	0.0972	0.6143002950607451	0.06486033095294925	0.0766	0.6040668407594588	0.08833934616670995	0.12	0.6320476071926813	0.22506545409143017	0.0883	0.5246345204340308	1.3277426025352494	0.0	0.5295891295133441	1.543001687918887	0.0	0.5165935969280437	1.437728994583963	0.0	0.6705876844971753	1.237093871120466	-0.2016	0.7051547633942739	0.9773347070860045	-0.1613	0.6508731842447473	0.7558255316684973	-0.12	0.3877807415535971	1.2196918541271202	0.2016	0.34077523217804623	0.9928208535577991	0.1613	0.2889608088740576	0.8066799446237893	0.12
274	4.566666666666666	0.5260900836179546	0.8145981325655463	0.0	0.6033999082597296	0.8048244072952822	-0.105	0.5568086909075897	0.4212470478568913	-0.0886	0.5157724246753638	0.05533143920996069	-0.0972	0.4032191502191092	0.0029332321452562524	-0.0766	0.4314352018287844	0.014161608912933056	-0.12	0.5417985932290771	0.00036117109408148054	-0.0883	0.4529070223292615	0.7997279180817356	0.105	0.313142350041749	0.46860477681094853	0.0886	0.5547847793212852	0.2290522101520415	0.0972	0.6062672290233434	0.07461551378427972	0.0766	0.5824811947093285	0.07187243844156171	0.12	0.6063304512417069	0.22387777105469817	0.0883	0.5172896758909111	1.3286461794520876	0.0	0.5243457101032423	1.5424283256458395	0.0	0.5118619784056042	1.4379708149549624	0.0	0.6655275686267338	1.2375406567331402	-0.2016	0.7029578151590247	0.9826522949317412	-0.1613	0.657327199715717	0.769593238335807	-0.12	0.3804223980342688	1.2193980602296743	0.2016	0.3336022735615465	0.9929050642570122	0.1613	0.27632903145470267	0.8156163812658659	0.12
275	4.583333333333333	0.5204931328512344	0.8141120791242901	0.0	0.5976072117081678	0.801616787413532	-0.105	0.5541941425303407	0.42118226584011664	-0.0886	0.5163614058187175	0.05511984854913102	-0.0972	0.40206131251507654	0.004191665492688926	-0.0766	0.43063690344119576	0.011746161838986717	-0.12	0.5375112099873047	-0.0011087810821608795	-0.0883	0.4447782187602503	0.7970442348063833	0.105	0.3052930309219134	0.4709447072132508	0.0886	0.5336015579223344	0.21642118055501144	0.0972	0.5869720743669161	0.06516461794466283	0.0766	0.5019358767919448	0.07499556454440218	0.12	0.5802315436735149	0.2099243455712928	0.0883	0.5116451566635986	1.3291788244377798	0.0	0.5165857765463039	1.5422062697403427	0.0	0.508777022877948	1.437754181256119	0.0	0.662417790458256	1.2374798928850328	-0.2016	0.700133055303566	0.9821039232862795	-0.1613	0.6611752344095994	0.7790344790183135	-0.12	0.3727489688265724	1.2190861126716255	0.2016	0.3232293511128483	0.9936709312859044	0.1613	0.2581616748319022	0.8190289407538623	0.12
276	4.6	0.513581956524903	0.8130699985374706	0.0	0.5884718562577048	0.7927234011925517	-0.105	0.5526094607471602	0.4197978597279827	-0.0886	0.5134196522905639	0.05613116275378442	-0.0972	0.39851768258904047	0.00739922697106586	-0.0766	0.4302828294461548	0.0021812092342741044	-0.12	0.5371500780816503	-0.010771235343219526	-0.0883	0.4331147808987844	0.7908447668936036	0.105	0.3000158964640999	0.4730134115441991	0.0886	0.5013209032825013	0.21530766736316825	0.0972	0.5114767887797204	0.0503725474364894	0.0766	0.4706409977840484	0.07040846364391665	0.12	0.5503017721958278	0.2140671769643086	0.0883	0.5048828981329686	1.3317198378092974	0.0	0.5094992083433817	1.5423331568403726	0.0	0.504319215836799	1.437861289841032	0.0	0.658380277535255	1.2379348181378638	-0.2016	0.6964325690903382	0.9836860873415454	-0.1613	0.6639787274852504	0.7875874040438783	-0.12	0.36781181631026055	1.219218056594343	0.2016	0.31081292485354667	0.9937978914496682	0.1613	0.24003544553093137	0.8277590643170737	0.12
277	4.616666666666666	0.5061678322287825	0.8118347509147477	0.0	0.5807845507774342	0.7933551005048315	-0.105	0.5522669136304141	0.4215562964259586	-0.0886	0.5163071249176931	0.054929824323957245	-0.0972	0.40803787809486136	0.009409298206554211	-0.0766	0.428159042604135	0.005038378797553634	-0.12	0.5350961662281944	-0.0115786271846997	-0.0883	0.4277984599832304	0.7914327407520761	0.105	0.29347922689477957	0.4766128738249799	0.0886	0.4782142144203041	0.21008534495865294	0.0972	0.4550878286846614	0.04004098494706765	0.0766	0.44042657377853445	0.06606397888192041	0.12	0.5246268428498614	0.20079914209218896	0.0883	0.49991801663328345	1.3318524988252092	0.0	0.5020757427408545	1.5423755488695365	0.0	0.49729993618573387	1.4381565121529536	0.0	0.6534346667330244	1.236575580492786	-0.2016	0.6940738946705511	0.9892836874660009	-0.1613	0.665627806143318	0.8118004609008147	-0.12	0.3609057602477109	1.2203960044531477	0.2016	0.2986794555793296	0.995640541899261	0.1613	0.2245966861179826	0.8381615302393803	0.12
278	4.633333333333333	0.49844906950600776	0.8113985714440674	0.0	0.573230875497873	0.793541419906135	-0.105	0.5480644889313857	0.4221012624234721	-0.0886	0.5178398427389085	0.053709783330093554	-0.0972	0.4131739459720051	0.010430911013541561	-0.0766	0.43041965156293377	0.006341646066335794	-0.12	0.5321964528456657	-0.011237990259594977	-0.0883	0.41794959294311185	0.7918329688480823	0.105	0.29056630124291677	0.48070528597791945	0.0886	0.45507532853072563	0.2111313979890639	0.0972	0.43048903850951087	0.03894650487032595	0.0766	0.42159261276524557	0.06780339784752597	0.12	0.49637585640785487	0.19070108483890671	0.0883	0.4947941634844387	1.3324565236642747	0.0	0.4946487781835099	1.5421036456022232	0.0	0.492136306529328	1.4379906191535554	0.0	0.6485915233127985	1.2362578049349966	-0.2016	0.6939479906333323	0.9944958069273474	-0.1613	0.6680932638311539	0.8279131153313836	-0.12	0.35544521149044683	1.22091681595333	0.2016	0.29037500636594626	0.9985656432432809	0.1613	0.2063395738020148	0.8476507528021587	0.12
279	4.65	0.48872943535881985	0.8116328388278232	0.0	0.5656103209018073	0.793160039660667	-0.105	0.5453552547885837	0.4224450558876098	-0.0886	0.5148331729532816	0.05573018818466256	-0.0972	0.4149204826552334	0.010096210072483394	-0.0766	0.43011815665059483	0.005180796035001092	-0.12	0.5265545753758801	-0.011547922086807699	-0.0883	0.4105525348340236	0.7920638253065988	0.105	0.28764532479959537	0.48282629802111765	0.0886	0.4322363962423025	0.2074915748708143	0.0972	0.3925935904375664	0.03173715653308528	0.0766	0.3862159693640613	0.06308156994817177	0.12	0.4659825398716886	0.18470864264161027	0.0883	0.4875867473193954	1.3321913880882348	0.0	0.4895324934173935	1.5418857497872513	0.0	0.48717891197715923	1.4382495671283475	0.0	0.6432874238633725	1.235575754961789	-0.2016	0.6892655602982027	1.0029056628190152	-0.1613	0.6706210544863181	0.8386311854731979	-0.12	0.34631637602549736	1.2212461219190764	0.2016	0.27869678631936173	1.0013020038878124	0.1613	0.19132084590093368	0.8574757415271852	0.12
280	4.666666666666667	0.4815974963475597	0.8117664753984398	0.0	0.5582524638984382	0.7927192718884395	-0.105	0.5411141158705346	0.4229282900924579	-0.0886	0.5130227454960496	0.055596226895675796	-0.0972	0.414103682298342	0.007681408733953445	-0.0766	0.4273445343110635	0.002469788148209655	-0.12	0.5262892511742063	-0.011061840760534531	-0.0883	0.4014321788801057	0.7912468952442174	0.105	0.29023896643946157	0.48153207153036354	0.0886	0.4072102491327697	0.2060094014083918	0.0972	0.3654821075384014	0.025799567364141237	0.0766	0.3510737634783746	0.05775757629565671	0.12	0.44302792007969577	0.16807300445474682	0.0883	0.4805833632048341	1.3334513998072344	0.0	0.4827073921110409	1.5418101572633214	0.0	0.4803872878954728	1.4384891665259072	0.0	0.6362453410258432	1.2349346468308238	-0.2016	0.6844857989392948	1.0064733669793204	-0.1613	0.6728099983407582	0.8467086398977822	-0.12	0.3393125049008713	1.2214121552915262	0.2016	0.2691003351350909	1.0041557191409376	0.1613	0.17463030126201265	0.8656461127263442	0.12
281	4.683333333333334	0.47680048087589927	0.8117029731855864	0.0	0.5510240813053942	0.7885631244142961	-0.105	0.5385192235906477	0.4231855832521315	-0.0886	0.5126174773274513	0.05678343305551026	-0.0972	0.41495446992768203	0.008319761704570477	-0.0766	0.43043016904008763	0.0005667964449354991	-0.12	0.5268206512678593	-0.011578671225425937	-0.0883	0.3965356324638879	0.7890325676280896	0.105	0.28994173486560393	0.4795011927773687	0.0886	0.382339542719564	0.20571542159381986	0.0972	0.3532523346505579	0.010808608888842629	0.0766	0.32390883743062665	0.043658322277334925	0.12	0.4104468815778571	0.15928343299712566	0.0883	0.4757632277017451	1.3350244331157413	0.0	0.47803492330667	1.54180551536103	0.0	0.4757022622229313	1.4396133856157998	0.0	0.633481751300758	1.2338261582795151	-0.2016	0.6816140395345511	1.0057134798000058	-0.1613	0.671804289433001	0.8509274348135688	-0.12	0.33044913795380865	1.2218580063454847	0.2016	0.25545308787554827	1.0066597799762835	0.1613	0.16241031549871734	0.8713456902591303	0.12
282	4.7	0.46871693795027775	0.8113435019608447	0.0	0.5449487716452952	0.7857106452513568	-0.105	0.53320923882959	0.4228476643491286	-0.0886	0.5106078003143142	0.0575306540406443	-0.0972	0.4174911149504446	0.009210327147712992	-0.0766	0.4310219338738952	-0.00242495657796044	-0.12	0.5277030579392918	-0.012642792267012965	-0.0883	0.3841217135307379	0.7874239166671604	0.105	0.2939438291643724	0.4752649865617174	0.0886	0.3563244648178937	0.20540038913257933	0.0972	0.3402923508127357	-4.203415875885408e-05	0.0766	0.30289233600115906	0.036039258053972206	0.12	0.3740074397942062	0.14941025568782598	0.0883	0.46799634997398354	1.337398402150513	0.0	0.4725538748767465	1.5414723681204852	0.0	0.47038825626363934	1.4391929751461032	0.0	0.630195077273695	1.2323861566023082	-0.2016	0.6762161550906106	1.0064202088253096	-0.1613	0.6712358667730524	0.8592396719384237	-0.12	0.3224463023110398	1.221738310318779	0.2016	0.24482717332611356	1.0095127115556364	0.1613	0.14691024438809214	0.8802690582470434	0.12
283	4.716666666666667	0.45892726574151743	0.8105199802568126	0.0	0.5352582810341104	0.786867417295882	-0.105	0.5283727858561842	0.4229354185852846	-0.0886	0.5099360333264027	0.05812197671629215	-0.0972	0.4186172081814314	0.013043441269417836	-0.0766	0.43136170799835527	-0.0013770546656396965	-0.12	0.5240860423945346	-0.013036492984023004	-0.0883	0.37628797176287093	0.7883628908315272	0.105	0.2941805977646077	0.471977187439648	0.0886	0.33083207208559406	0.20204827630010366	0.0972	0.32993235200508814	-0.007873806187132725	0.0766	0.28288548442660083	0.029109588549571706	0.12	0.3359302628305196	0.14111506463267862	0.0883	0.46266995640525355	1.3373059842755959	0.0	0.46739423180564266	1.5412526641649484	0.0	0.467436954042959	1.4404668177455777	0.0	0.6253862465674046	1.2303763100760012	-0.2016	0.6734483406234738	1.009094532318312	-0.1613	0.6715226410822667	0.8668482725523501	-0.12	0.3124675579141495	1.2216468908395666	0.2016	0.23228036520087153	1.0138600415931587	0.1613	0.13515351697151087	0.8834318710458654	0.12
284	4.733333333333333	0.45278363280666445	0.8089825460906166	0.0	0.5293098567889383	0.7860210972240513	-0.105	0.5250222555210456	0.4223601439110477	-0.0886	0.5080672621670272	0.05772626406497208	-0.0972	0.4188797200999606	0.01563596850989941	-0.0766	0.43175249782913844	-0.0014971861203233803	-0.12	0.5209982052244375	-0.015056599946172915	-0.0883	0.367873181822444	0.7872846815756375	0.105	0.29356891829632287	0.46790945181559257	0.0886	0.3092768468315779	0.19767262491169152	0.0972	0.31915988465520395	-0.014244935901363484	0.0766	0.27095700497676445	0.020106827860167976	0.12	0.3115086642881266	0.13905522647370086	0.0883	0.45481280201363333	1.3386697485932697	0.0	0.45973254245832124	1.5409545963676696	0.0	0.45984700581925636	1.4416418082159315	0.0	0.6198918854686071	1.2291069194038589	-0.2016	0.6684006349974739	1.0093476277665998	-0.1613	0.6731754725253871	0.8696043624654237	-0.12	0.3016236308290981	1.2214635911990581	0.2016	0.22101284901397344	1.0164682881276539	0.1613	0.1243051205164858	0.8874685274575893	0.12
285	4.75	0.44282865684365186	0.8074847745648922	0.0	0.5214873594454301	0.7843507767301092	-0.105	0.5201044683372053	0.4219293798688917	-0.0886	0.5078337408653972	0.05634715774554118	-0.0972	0.41916130207289853	0.015541616336573884	-0.0766	0.4344709037700527	-0.0023447382290829434	-0.12	0.5181547751989186	-0.01678317005232176	-0.0883	0.35769991081920705	0.7857372619068996	0.105	0.29334840999775585	0.46338120811534317	0.0886	0.28576145071842934	0.181325186996184	0.0972	0.3113863775322035	-0.01829701190527624	0.0766	0.25476399783997333	0.008527127719197376	0.12	0.2831958817250021	0.12247939529858635	0.0883	0.4493570463910581	1.339927193547943	0.0	0.4565381279130423	1.5402887854504248	0.0	0.4545237883512577	1.4417444093178486	0.0	0.6123802538741522	1.228109990158061	-0.2016	0.6631224905795515	1.0097776508417642	-0.1613	0.6737742176171788	0.873137534107376	-0.12	0.2912603629147334	1.2215451162364155	0.2016	0.20824292598436558	1.0160676780225366	0.1613	0.12092197209268611	0.8931614817952677	0.12
286	4.766666666666667	0.43562664189910755	0.8062755465689344	0.0	0.5122035640211295	0.7852435879320948	-0.105	0.5159406062346161	0.4221796801157769	-0.0886	0.5082279362102388	0.055967749675278296	-0.0972	0.419806214413871	0.015825891122904903	-0.0766	0.43690296521613	-0.003483168754663691	-0.12	0.5147995071941048	-0.018113864001042142	-0.0883	0.3483888942005097	0.7860932297926586	0.105	0.29166094263351006	0.4576809151838009	0.0886	0.2586303834636185	0.1770042052845159	0.0972	0.3048771572426106	-0.018856077263970816	0.0766	0.23879498020691517	0.0020121059278164818	0.12	0.25840438394429416	0.11690170940839825	0.0883	0.442736072714944	1.3400336485824877	0.0	0.45009471048360056	1.5404533440868178	0.0	0.4501674444826032	1.441650920542317	0.0	0.6076976159829438	1.227192998684807	-0.2016	0.6565172031763299	1.0095456703274155	-0.1613	0.674600044766715	0.8748897559189447	-0.12	0.2796927179647343	1.2226339965912687	0.2016	0.1961848430078136	1.017400607730399	0.1613	0.11408069543812162	0.8893417761447611	0.12
287	4.783333333333333	0.42484509095888817	0.8046641607154518	0.0	0.503673048995774	0.7860831979576348	-0.105	0.5124129334676072	0.4217508893186057	-0.0886	0.5075340411822631	0.053815964361299	-0.0972	0.4203520179072436	0.01520399000394861	-0.0766	0.43815756950243695	-0.004611852197187059	-0.12	0.5139972724862935	-0.018966968548624473	-0.0883	0.33991160637862705	0.7863928037306743	0.105	0.2879577029734944	0.4525269250811684	0.0886	0.23929155387023515	0.1651429366629344	0.0972	0.30067249882802644	-0.016179659392544354	0.0766	0.23400229515095453	0.000382429323138504	0.12	0.23900616246089215	0.10254831964380143	0.0883	0.4364323811026055	1.3399468973613224	0.0	0.443666083621646	1.5406331434128298	0.0	0.444049068141829	1.4415440345742099	0.0	0.5989855142898178	1.2264158544801762	-0.2016	0.6500949208080081	1.009288421032397	-0.1613	0.6740842543529696	0.8750011137597518	-0.12	0.2711000531026059	1.224038410175073	0.2016	0.18235957980081463	1.0185035176892305	0.1613	0.10906890174864477	0.8904974636398483	0.12
288	4.8	0.42021020760293154	0.8015770560814811	0.0	0.5012715500286882	0.7853517654169185	-0.105	0.510437457199812	0.41837500325741966	-0.0886	0.5065567406788856	0.05157589820985816	-0.0972	0.4193989195242946	0.014208399427669797	-0.0766	0.43939156300738125	-0.005390086378020263	-0.12	0.516006639719362	-0.01930621389866002	-0.0883	0.3354402797498706	0.7849554521471148	0.105	0.28172141681988666	0.44748015321650453	0.0886	0.2221625959529947	0.16283567779153424	0.0972	0.2939391096425347	-0.016054057928438538	0.0766	0.2378396617483739	-0.004047082053456554	0.12	0.2192733447992652	0.102771907300492	0.0883	0.4296349386120991	1.340700029025411	0.0	0.4348677512016036	1.5355347648415816	0.0	0.43738764892445603	1.4403288911387375	0.0	0.589558937059037	1.226813791672645	-0.2016	0.6433522463163446	1.01156525856472	-0.1613	0.6730236189169754	0.8784138831748273	-0.12	0.266409106410102	1.2252719024510137	0.2016	0.16825265857612412	1.018955748216056	0.1613	0.10940050380111535	0.894578301621438	0.12
289	4.816666666666666	0.4129083708125811	0.8026503280816282	0.0	0.49180550306078197	0.7845899614968415	-0.105	0.5060735342606979	0.4179552595876814	-0.0886	0.5064636937245605	0.053006714805671595	-0.0972	0.4202714404936221	0.014364904706423038	-0.0766	0.44028088130512993	-0.004816412938168876	-0.12	0.5145414531219087	-0.017833509496318324	-0.0883	0.3283040727051526	0.7801677798066744	0.105	0.27704834852784055	0.4490895500472023	0.0886	0.20721312184596785	0.16089264387790306	0.0972	0.28745160612625276	-0.014326323604761342	0.0766	0.2313063707711749	-0.002736708159238216	0.12	0.2010524086556597	0.10287665365577275	0.0883	0.4200325933213319	1.3409097917832546	0.0	0.429719323327054	1.5348182157456454	0.0	0.42997297921916844	1.440631695133658	0.0	0.579732430901037	1.2262065393632784	-0.2016	0.6361515408085814	1.0112006694415094	-0.1613	0.671767682033557	0.8802541984342798	-0.12	0.25446504336468184	1.2254584937734303	0.2016	0.15768832646777897	1.0207163143903617	0.1613	0.10754835200851673	0.9006283392576314	0.12
290	4.833333333333333	0.40434673529141674	0.8028647870043122	0.0	0.48267907192882203	0.7816134261545122	-0.105	0.5018406759565986	0.4212522974755245	-0.0886	0.5056109511397046	0.055202511494713266	-0.0972	0.42121781478566794	0.01421329785233293	-0.0766	0.44131385621493097	-0.0047492235196111635	-0.12	0.5111825231550625	-0.017316816045894457	-0.0883	0.32232634354598505	0.7808952514230227	0.105	0.27550967574348917	0.45066762110237163	0.0886	0.19854821517470553	0.16223742839542774	0.0972	0.2858306881842609	-0.013854016995938283	0.0766	0.22483674767468678	-0.002069958601168399	0.12	0.1849531686358308	0.10227775655383672	0.0883	0.4131226567476336	1.3418463749929939	0.0	0.4232335091225353	1.5384544499031112	0.0	0.42119070938192243	1.4401407845682317	0.0	0.5724440344328398	1.2246308667976087	-0.2016	0.628816195539018	1.012670021669389	-0.1613	0.671469108915812	0.8847982801391734	-0.12	0.24541215079443954	1.2260124908169643	0.2016	0.14419566214384621	1.0215201119408772	0.1613	0.10895222298909288	0.90618273646315	0.12
291	4.85	0.401687845494603	0.8011106098471459	0.0	0.4777423714558572	0.7833632084588699	-0.105	0.4975932638584857	0.42635113291667637	-0.0886	0.5058260673957834	0.05784056646889793	-0.0972	0.4216198334853178	0.013522026340480454	-0.0766	0.44204866083185385	-0.00485722327230024	-0.12	0.5093634300629571	-0.01695689550617167	-0.0883	0.31969471880310785	0.7819537939459259	0.105	0.2708101585179581	0.4515654820475153	0.0886	0.1912640507557263	0.1599295798139993	0.0972	0.2826941078345658	-0.013463738130138887	0.0766	0.22215547489600396	-0.0004187137445186518	0.12	0.17471481040879608	0.0950611037721478	0.0883	0.40368976267840634	1.342299440484944	0.0	0.4161460392081797	1.5452986024679252	0.0	0.41620029931770675	1.4406076504811527	0.0	0.5654017887644144	1.2224160502953698	-0.2016	0.6196494131629539	1.0178566241743165	-0.1613	0.6706807031054979	0.8844623464869081	-0.12	0.2311937806233273	1.22517822311212	0.2016	0.12897051659026196	1.0188151882354217	0.1613	0.10756726346345363	0.9105342254144242	0.12
292	4.866666666666666	0.39402972145206505	0.8016236549255159	0.0	0.4698541386346766	0.784914166761757	-0.105	0.4943697898472307	0.4277514274597857	-0.0886	0.5055155487187355	0.06060011408464195	-0.0972	0.420695954377781	0.01195618105488273	-0.0766	0.4421808708730918	-0.0050885414883204815	-0.12	0.5088718419377074	-0.01604300211481133	-0.0883	0.3121095267069699	0.7832467815794548	0.105	0.26311104984066525	0.4502649699600925	0.0886	0.1858584519569062	0.15160672124057195	0.0972	0.2767001323070162	-0.01222969737239619	0.0766	0.22195345691022061	-0.0005547526677611475	0.12	0.1671471166871208	0.08343315002622191	0.0883	0.3955901883444835	1.3431953246339183	0.0	0.40834387960298996	1.548426903059358	0.0	0.40858167669626644	1.441379903776269	0.0	0.557324506027323	1.221076144429792	-0.2016	0.6137587267970663	1.0191776586025973	-0.1613	0.6690502887894171	0.8852966096708775	-0.12	0.22318260182639957	1.2253765333762172	0.2016	0.1134435251502962	1.0191379356336772	0.1613	0.11178531073721693	0.9163527793173686	0.12
293	4.883333333333333	0.38614659148801095	0.8036795718851608	0.0	0.46175311179070716	0.7877965850622191	-0.105	0.48934689841047785	0.4290619199733015	-0.0886	0.5038944480559365	0.06305930178557877	-0.0972	0.4204795245786364	0.010871760970846371	-0.0766	0.44209376396269884	-0.004993116345248143	-0.12	0.508534076026278	-0.014937830377695001	-0.0883	0.30460496814068705	0.7858424273707056	0.105	0.25567506579962596	0.44941953972754156	0.0886	0.1814143628711673	0.14310523459066482	0.0972	0.2761816062606799	-0.01030550219289157	0.0766	0.22209645901837727	0.001532202976149796	0.12	0.16343874305774037	0.07013703670459608	0.0883	0.387676172696281	1.3438897512993626	0.0	0.40271934000959886	1.5503049017306163	0.0	0.4031014355352115	1.4419698091274258	0.0	0.5490131978632559	1.220972388504251	-0.2016	0.6058275438682641	1.0156922874313352	-0.1613	0.6675219174131184	0.883850879621168	-0.12	0.21781122856582885	1.2256914759320616	0.2016	0.10117404402583385	1.0171819711512688	0.1613	0.11478139867340523	0.917786445362184	0.12
294	4.9	0.37812928575559873	0.8056483186020348	0.0	0.45372735087395966	0.7948134678163125	-0.105	0.4860850060436393	0.4295995571652933	-0.0886	0.5046310669601882	0.0637807134307295	-0.0972	0.4213265900091034	0.009853976834879798	-0.0766	0.4417998549497503	-0.005539927185310137	-0.12	0.5081263613588328	-0.015347906891317284	-0.0883	0.29884560512809205	0.793308538282274	0.105	0.24999967279180688	0.44905659719819463	0.0886	0.17898561890121553	0.13376970777031194	0.0972	0.27507227975487647	-0.008839052172345216	0.0766	0.2220418541196258	0.004165262351986488	0.12	0.16275744053652183	0.05788587907331539	0.0883	0.37953520664313395	1.3447654491073753	0.0	0.3949091699053121	1.5507309283750994	0.0	0.3975923908448489	1.4429720007140112	0.0	0.5410316844525326	1.2217065217065093	-0.2016	0.6026198656025087	1.0114364694401077	-0.1613	0.6651430456379162	0.8823463247567206	-0.12	0.20746230503271204	1.2263771537885595	0.2016	0.09264468877852534	1.0157115573099476	0.1613	0.11711256922267785	0.9210226866182721	0.12
295	4.916666666666667	0.36958046317841226	0.8079549370300819	0.0	0.44524921553554025	0.798150331830019	-0.105	0.48055910314233313	0.4285729538110498	-0.0886	0.5027636479894587	0.06290456204321923	-0.0972	0.4215264954000687	0.009596517513813338	-0.0766	0.4404704694499491	-0.006035419460999433	-0.12	0.5056341678017942	-0.015211754730636587	-0.0883	0.29071022528639756	0.7965494690158952	0.105	0.24429841983842773	0.44833341406093585	0.0886	0.17836987209706143	0.1286510765106417	0.0972	0.27657812335247706	-0.00590676115415137	0.0766	0.22284310179060304	0.0064383516096235514	0.12	0.1619186812914743	0.05031031817982417	0.0883	0.3686745485061887	1.3449620117860988	0.0	0.3865279261887217	1.5511503581937391	0.0	0.38955244853729465	1.4431420636249233	0.0	0.5323111757836475	1.22085016129817	-0.2016	0.5943238597204684	1.0090638454452654	-0.1613	0.6617661538028149	0.8765199305675787	-0.12	0.1968961965753326	1.2258455349901276	0.2016	0.08416323304214017	1.0147211566893106	0.1613	0.12145986535556424	0.9174495787138103	0.12
296	4.933333333333334	0.36080838204672216	0.8099327548313696	0.0	0.43871671915167304	0.8012945511556571	-0.105	0.4765134429964431	0.42703706997279917	-0.0886	0.5015504520077787	0.06141962643996341	-0.0972	0.4222222617675764	0.009477584499588514	-0.0766	0.4401448631148137	-0.005489671783525499	-0.12	0.5043864245783438	-0.015364128862223995	-0.0883	0.2842968047589093	0.7998846049250249	0.105	0.23989760656104306	0.4480595484802328	0.0886	0.17806617166354968	0.12213573231813019	0.0972	0.2783755185929795	-0.0051691152836014906	0.0766	0.22795342151358508	0.006879984675711386	0.12	0.16401537475201738	0.04170808979052221	0.0883	0.35976937001068904	1.3448781031821835	0.0	0.38007594155766833	1.5515426377030384	0.0	0.38565141335429054	1.4422112826169955	0.0	0.5232397616331846	1.2205284553379427	-0.2016	0.5855563406424756	1.0064470421979776	-0.1613	0.658021142526619	0.871531458926634	-0.12	0.19046665205737287	1.2256843963693653	0.2016	0.07618412455316201	1.014786356442728	0.1613	0.12781687035256284	0.9127720845123173	0.12
297	4.95	0.35270112641013224	0.8091874003556518	0.0	0.4308850376968642	0.798639816402955	-0.105	0.47148435180557424	0.4264458665925101	-0.0886	0.5008389569897116	0.06036537658295099	-0.0972	0.4219382830717732	0.009731970302110262	-0.0766	0.4385390044650002	-0.0053786073951193015	-0.12	0.5037764278289617	-0.015705010200677653	-0.0883	0.2763748525248587	0.7989567005773247	0.105	0.23049745493355586	0.44790598307760127	0.0886	0.1795219586826951	0.10918027738276814	0.0972	0.2813460904755921	-0.004967489101364354	0.0766	0.23350736635319688	0.007138536275593552	0.12	0.1687679776683515	0.031054599036738788	0.0883	0.3516749269201433	1.344775037372579	0.0	0.3721537900047407	1.549732891795504	0.0	0.38221979101649944	1.441641354850155	0.0	0.5125137752714892	1.2213856047878684	-0.2016	0.5796547523253435	0.9980073087515602	-0.1613	0.654934061106924	0.8664392350078924	-0.12	0.1827706709744891	1.2263885794018232	0.2016	0.07288418521262927	1.014052086917801	0.1613	0.13624072981521626	0.9132067386703087	0.12
298	4.966666666666667	0.34427740776993737	0.810529564888331	0.0	0.42494084198715565	0.7984066106656278	-0.105	0.4682747290423783	0.4276930132170809	-0.0886	0.49876189827585843	0.05866568190964763	-0.0972	0.4246644397110295	0.009775092827886243	-0.0766	0.45811398521541846	-0.004784055304966638	-0.12	0.5018592847790285	-0.014685232914627052	-0.0883	0.26782204233138407	0.8005797469621536	0.105	0.22675802609610649	0.44779863479856336	0.0886	0.17871283956431816	0.10201565283787538	0.0972	0.27881023652019	-0.004425282220785158	0.0766	0.2364223241366899	0.00927143443424045	0.12	0.16811471510257597	0.02577254224819657	0.0883	0.3432905931602568	1.3449442743634494	0.0	0.3638311244233943	1.5512899201927366	0.0	0.3695231339249242	1.443560943574233	0.0	0.5017468968372921	1.2221837860510976	-0.2016	0.5697172806175708	0.99603330570319	-0.1613	0.6524241221625661	0.8550898279863866	-0.12	0.176334230186839	1.2273341532634312	0.2016	0.06875352468559266	1.0137271226597833	0.1613	0.14733514422205743	0.91193012171685	0.12
299	4.983333333333333	0.3342766356137935	0.8146425291351548	0.0	0.41529427661916873	0.8031497574976669	-0.105	0.4639792477850945	0.4298297222226989	-0.0886	0.49664164245155545	0.05947144691616731	-0.0972	0.42864230005215775	0.009242976408053123	-0.0766	0.46528847111039795	-0.004838127398451187	-0.12	0.5016312222289815	-0.013155606739776466	-0.0883	0.2580657190429814	0.8039404783839129	0.105	0.22389343534792372	0.4476600261210417	0.0886	0.17777146207906527	0.10007034874439215	0.0972	0.27699044803265077	-0.004347238640229539	0.0766	0.23137708155043474	0.009996344922125793	0.12	0.16731458280433678	0.02284902736247375	0.0883	0.33311891864045357	1.3449576493862152	0.0	0.3535462311936115	1.5525833087094425	0.0	0.3567247047445066	1.4455927778291533	0.0	0.48889888082048455	1.2234551922096562	-0.2016	0.5620682004083076	0.9941257284297174	-0.1613	0.648000950473407	0.8444366082813632	-0.12	0.16661535593764926	1.2288837421903336	0.2016	0.06384638131696413	1.0139863336196797	0.1613	0.15489238836535443	0.9260391020539488	0.12
300	5.0	0.3274200051069024	0.8150341907158146	0.0	0.410657401055012	0.8007942666242431	-0.105	0.4623501466034473	0.42951287351369904	-0.0886	0.4956681882342656	0.0591429739770819	-0.0972	0.4282405861167278	0.008245101323887956	-0.0766	0.46251505325566594	-0.0046056606239088076	-0.12	0.5011115934066228	-0.010934092724046362	-0.0883	0.2535711087800374	0.8011211913210549	0.105	0.2200895732920654	0.44740947157756744	0.0886	0.17399088720493333	0.09336648703328838	0.0972	0.27775265210651967	-0.004872898154597783	0.0766	0.23025095490431163	0.010247511650624139	0.12	0.16390473342209025	0.019344752304171542	0.0883	0.3239725758689825	1.34519277764479	0.0	0.3420977072021003	1.5523538793439997	0.0	0.3472713069404484	1.4466706431592036	0.0	0.4771761605106483	1.225765287751147	-0.2016	0.5556476873308394	0.9919668110326474	-0.1613	0.6422326302848999	0.8362872249862408	-0.12	0.1618416754389264	1.2308010500480095	0.2016	0.0611639167786874	1.0141238990641221	0.1613	0.15392286268919422	0.9404859209592922	0.12
301	5.016666666666667	0.3190955732586168	0.8182768074618774	0.0	0.40011529986099403	0.8045623447192397	-0.105	0.4594207315956675	0.4315455002754796	-0.0886	0.4966032748233712	0.06060617068554342	-0.0972	0.4307287655168488	0.009237571001766913	-0.0766	0.46441894320216714	-0.005138413466719334	-0.12	0.5024127923106405	-0.007592524391349623	-0.0883	0.2476642680246384	0.8033903988173103	0.105	0.21718565002435133	0.4468834110534699	0.0886	0.17119761095173539	0.09235392478669414	0.0972	0.2685734658416171	-0.004156213234260644	0.0766	0.2327641253607402	0.011150821498944072	0.12	0.16272018075957947	0.01728901369407058	0.0883	0.3153672630735708	1.345084544148144	0.0	0.3335185869217178	1.5551770763619481	0.0	0.33632285829943465	1.4484156680323943	0.0	0.46581646254373377	1.2287233774297983	-0.2016	0.5446523485418404	0.9952143262346856	-0.1613	0.6363440269476858	0.8309106423760123	-0.12	0.1537105863008243	1.2340351185364862	0.2016	0.05716709503099615	1.0164070294178966	0.1613	0.154509556359878	0.9621949299853171	0.12
302	5.033333333333333	0.31103935880168715	0.8234824971361474	0.0	0.39170143722207534	0.810894013302995	-0.105	0.45652748463344167	0.4342910606708821	-0.0886	0.49500817891651905	0.06515364201756858	-0.0972	0.43093997391268946	0.00980165870997987	-0.0766	0.46417284779143636	-0.005607049497792967	-0.12	0.5026061149352198	-0.004555929445170796	-0.0883	0.23979704001582008	0.8088083012447314	0.105	0.2161718614008846	0.4455724757104035	0.0886	0.1698764127872139	0.09365567427363217	0.0972	0.2649068120882776	-0.0032200786533611303	0.0766	0.22991777084952558	0.011520518715727911	0.12	0.16011510511018595	0.015268214655076244	0.0883	0.3047947226986332	1.3452747308831339	0.0	0.32528512714524116	1.5580240530865233	0.0	0.3256198658762587	1.449692790391015	0.0	0.4524299817775499	1.233866612787767	-0.2016	0.5289893386311785	0.9962758129809088	-0.1613	0.6284085685376684	0.8212242978613884	-0.12	0.14567781703209812	1.236280500788855	0.2016	0.053409023838388484	1.0175039677909818	0.1613	0.15186250768088885	0.9808021691398344	0.12
303	5.05	0.30468839442592754	0.8284665258822222	0.0	0.38328659675674925	0.8206742438138036	-0.105	0.45347659196247225	0.43859946106918285	-0.0886	0.493997110817398	0.07263577731399021	-0.0972	0.4293151828387416	0.009189205239665267	-0.0766	0.46240527072149024	-0.006247292987498553	-0.12	0.5019901853655185	-0.00020499030599519267	-0.0883	0.23366332864334036	0.8156005806133138	0.105	0.21267627024265506	0.4464780394197168	0.0886	0.1669734736493421	0.09467009494847203	0.0972	0.26247569126454556	-0.0030809684879843525	0.0766	0.22697711855595096	0.011470615748897682	0.12	0.15862489891459078	0.015897649931144623	0.0883	0.29600966881755386	1.3456114652249067	0.0	0.31649612743923905	1.559068974293027	0.0	0.3168415366722023	1.4505810312569325	0.0	0.4409462251083658	1.2374314868454295	-0.2016	0.5174756092222396	0.9971546574687818	-0.1613	0.6176476559251303	0.815372065002061	-0.12	0.13925752236798566	1.2367062666559332	0.2016	0.053062309446381906	1.0170474204381346	0.1613	0.16315854191843568	0.9941664430882582	0.12
304	5.066666666666666	0.2977617047419635	0.8305663671290042	0.0	0.3782374382471771	0.824430021078655	-0.105	0.45155426699958984	0.4411876510511975	-0.0886	0.49218351093631135	0.07895239057706312	-0.0972	0.42919743328241483	0.00857361216671714	-0.0766	0.46218140260700397	-0.007734961036605042	-0.12	0.49845921838721036	0.003678504890696475	-0.0883	0.22896953711054557	0.8175663901090273	0.105	0.20814837076842105	0.44779500727409394	0.0886	0.16572680468505466	0.09364744037807693	0.0972	0.2620298821557375	-0.003333463354868009	0.0766	0.22594094958324482	0.011345633374716717	0.12	0.1561992324826752	0.014719099140353525	0.0883	0.28848545103911183	1.3457508350406666	0.0	0.3066606807928042	1.559801117805673	0.0	0.30932063025544926	1.4509460849455573	0.0	0.43071366215618995	1.2383974919490024	-0.2016	0.5072500797813531	0.9953098552166939	-0.1613	0.6098947180343904	0.8091161078746831	-0.12	0.13229995982989168	1.2381215117784077	0.2016	0.05167066193678967	1.0187244999459872	0.1613	0.17379516443668108	1.0000038764253214	0.12
305	5.083333333333333	0.29367448958441583	0.8310290718827668	0.0	0.37209433318473584	0.8265123005793664	-0.105	0.45034800252461277	0.4432447298932545	-0.0886	0.48905660895996106	0.0799400793469984	-0.0972	0.4296805250329749	0.008884717898070039	-0.0766	0.46133505271171904	-0.007698741124323935	-0.12	0.49468312491355815	0.0053386526460747	-0.0883	0.22499492387138956	0.8177834520360998	0.105	0.20415831796159278	0.44899188383512856	0.0886	0.16602687233651153	0.09157954274937001	0.0972	0.2625065136370374	-0.003600559948480104	0.0766	0.22507500485542606	0.011696545510667563	0.12	0.15308837516392848	0.012637958546105893	0.0883	0.2795987516832924	1.3457932651709599	0.0	0.2974723042744551	1.5611354700493751	0.0	0.3002626506754735	1.4511505621223701	0.0	0.41908299635143537	1.239593129287927	-0.2016	0.4929548556971831	0.9952040309479087	-0.1613	0.5985422523876014	0.8014371055434931	-0.12	0.12790341173245384	1.2387409303472448	0.2016	0.04962998357070006	1.0202588945569369	0.1613	0.18516135745004356	1.0099220683738557	0.12
306	5.1	0.2893664302875408	0.8314972978939252	0.0	0.3677957781865952	0.8274180348568584	-0.105	0.4488478363605528	0.44459910521742885	-0.0886	0.4868999314321783	0.08213011288667943	-0.0972	0.42772529155979544	0.009321543876063522	-0.0766	0.4599059777282924	-0.007517067531864453	-0.12	0.49040049021191806	0.005922028351182292	-0.0883	0.22100224445128902	0.8178224637694677	0.105	0.20048818280986486	0.4499817649568702	0.0886	0.16528873156771534	0.09264031461676407	0.0972	0.26142826410175674	-0.0034362551547320276	0.0766	0.22470583621632387	0.012134019466803297	0.12	0.15221112831551414	0.013684838844264293	0.0883	0.2727507950609557	1.3452550779784762	0.0	0.2882706653753599	1.5606554900884368	0.0	0.29106326728944987	1.450537346059296	0.0	0.4093367216444485	1.242821590576334	-0.2016	0.4757570327950549	0.9974503049263598	-0.1613	0.5836907958874369	0.7966406525481239	-0.12	0.12203080337811947	1.2392496653784786	0.2016	0.05052256900179916	1.0195626545323324	0.1613	0.1884275479585122	1.0148969469633493	0.12
307	5.116666666666666	0.283262077846075	0.8327768159865313	0.0	0.3635667530529781	0.8273494155777168	-0.105	0.4473405029642222	0.448603631349915	-0.0886	0.48302324551955883	0.08328548804710369	-0.0972	0.425008363233644	0.010311930419888794	-0.0766	0.4573516722766737	-0.0074061668066987465	-0.12	0.4859038867459502	0.00623890301140141	-0.0883	0.21687499361154913	0.8179470810918351	0.105	0.19844394183023126	0.45096784891454	0.0886	0.16520587322433036	0.09082983458935974	0.0972	0.2595465469865683	-0.0025889683651917285	0.0766	0.22204570676655017	0.012707961321885699	0.12	0.1525808711326353	0.011824002166416466	0.0883	0.26571769069046774	1.3442572962758612	0.0	0.2809229200101069	1.5592951745425558	0.0	0.2836784053844655	1.4493733465305325	0.0	0.3998531728361653	1.2436541131448475	-0.2016	0.46561678797265793	0.9994112772363648	-0.1613	0.5688857385686062	0.789402019223386	-0.12	0.11947690130795914	1.238967726066302	0.2016	0.04640461999682421	1.0191318077074485	0.1613	0.1893454819064596	1.017789355979129	0.12
308	5.133333333333333	0.281793709011608	0.8327861615992725	0.0	0.3599122920367131	0.8266885593632741	-0.105	0.44628168268885726	0.45074094121452796	-0.0886	0.4791797643397135	0.08589054137593825	-0.0972	0.4225428867874719	0.010660052259086762	-0.0766	0.4545771226157058	-0.007147135514571371	-0.12	0.4797418097442458	0.007011343426395814	-0.0883	0.21346470362672842	0.8181021761952698	0.105	0.19553725821285023	0.45173242604913466	0.0886	0.1637432198288948	0.08958591413138241	0.0972	0.25924779768127154	-0.0019512155103359001	0.0766	0.22043777201302164	0.014152004336571631	0.12	0.15212099101378795	0.010656971816951912	0.0883	0.2576239825205455	1.343591098250017	0.0	0.270274785007334	1.5585848700297602	0.0	0.2732344450627657	1.4489047338918395	0.0	0.39340101212731887	1.2441395419849481	-0.2016	0.45418826704665527	1.000894349656578	-0.1613	0.5593115819088702	0.784788845502495	-0.12	0.11235522738227795	1.2380261459334654	0.2016	0.04588504002109235	1.0182711359230856	0.1613	0.18749309967716454	1.0209451103958442	0.12
309	5.15	0.2752830866485211	0.8341140071736945	0.0	0.3530687980960644	0.8289547934157533	-0.105	0.4439490269944499	0.45290151594381206	-0.0886	0.4720568409831858	0.08572557841375629	-0.0972	0.4182148074505689	0.013904305124020877	-0.0766	0.45380198858946835	-0.005461038694376176	-0.12	0.46983092650060587	0.005759047726075066	-0.0883	0.2070187741810273	0.8190320741330563	0.105	0.19174071825129516	0.4527396861407	0.0886	0.16376475485807088	0.08716397859233464	0.0972	0.25964868226042614	-0.0008297807134947755	0.0766	0.22275988176862532	0.015738609424450004	0.12	0.15064881273309505	0.008423329593439503	0.0883	0.25032229608937684	1.3429161725162193	0.0	0.26052103919396785	1.5581728489410906	0.0	0.2657710393733996	1.448930137813324	0.0	0.3835223246856307	1.2455529666934388	-0.2016	0.4411008053723119	1.0013672809793481	-0.1613	0.5436113307067763	0.7805550653780375	-0.12	0.1075915017209726	1.237837743289129	0.2016	0.044900395845741	1.0178576352263051	0.1613	0.18797128736036303	1.0270940846347452	0.12
310	5.166666666666667	0.2719874882975184	0.833171902323331	0.0	0.34982103076428156	0.827443536445489	-0.105	0.4409789567915019	0.4538248471367529	-0.0886	0.4663027794346611	0.08312116280008447	-0.0972	0.41688467019328224	0.01808076100721578	-0.0766	0.4575143566090458	-0.002468199106862352	-0.12	0.4617096777651923	0.003720544845377271	-0.0883	0.20374885784925223	0.8185212382539486	0.105	0.19080155722081943	0.4526866180871166	0.0886	0.16331906918227243	0.0837300637003503	0.0972	0.2601229943946376	0.001032638484197601	0.0766	0.2248085196917658	0.017961655801930272	0.12	0.14986266747632807	0.0057733114452959144	0.0883	0.24426524761901686	1.3426337496046183	0.0	0.254333659200741	1.5587159932492864	0.0	0.25967681777701906	1.4485120345858529	0.0	0.3773325078577899	1.2473722059088137	-0.2016	0.42766196378619853	1.0020114418747734	-0.1613	0.5246932659710666	0.7776905412036149	-0.12	0.10212528030105385	1.238111058135662	0.2016	0.04655807642624677	1.0153702977910586	0.1613	0.18718567040210946	1.0257536307178727	0.12
311	5.183333333333334	0.26908467357813154	0.8328887598681408	0.0	0.34743416535104105	0.8265532642717279	-0.105	0.43799186482216856	0.4529789183559896	-0.0886	0.4633032999144652	0.08426722543244969	-0.0972	0.4196095757107341	0.020468530523282	-0.0766	0.47237181284552165	0.0029519373062899925	-0.12	0.460544945283855	0.0035388602212357255	-0.0883	0.20108930671847933	0.8189889027832971	0.105	0.18963094742362493	0.45210892407610676	0.0886	0.16283181039289116	0.08142425854057965	0.0972	0.26223925451802127	0.0032238285321842357	0.0766	0.23264033204082268	0.020483523199337154	0.12	0.14875212257897213	0.004932521846334715	0.0883	0.23650333349211217	1.3428040302518982	0.0	0.24625669634488281	1.558904677621128	0.0	0.2518180168866563	1.449193636142801	0.0	0.3694759810957879	1.248729510713055	-0.2016	0.41915464315998724	1.0004633984144948	-0.1613	0.5060054499809327	0.7770063470643196	-0.12	0.09789979875938148	1.2380670539749832	0.2016	0.048262073550737826	1.0131978588222244	0.1613	0.1861794484727854	1.0399280870781145	0.12
312	5.2	0.2653679464850584	0.8317373227397861	0.0	0.34755040500608514	0.823832507249173	-0.105	0.4341300602993753	0.45255751718903486	-0.0886	0.46153704342007934	0.08511174645540644	-0.0972	0.43996470453312087	0.024118960115965992	-0.0766	0.48818306999150113	0.005666180048397708	-0.12	0.4567543734858287	0.004596397130367593	-0.0883	0.1991591994497652	0.8179464600657356	0.105	0.1842525418830734	0.4519945910975816	0.0886	0.16200165840503689	0.08022540431251599	0.0972	0.26401582650259076	0.00402184610865189	0.0766	0.23256164476278174	0.021354220214763492	0.12	0.14602104046278264	0.003815196825608164	0.0883	0.23031641494777028	1.3430163420801704	0.0	0.23724043800392103	1.557403273192018	0.0	0.24495259667150152	1.4491864074423815	0.0	0.36311174534752644	1.2499744143762475	-0.2016	0.4072867478407568	0.9988662044950651	-0.1613	0.4886414351831172	0.7818004908062697	-0.12	0.09959448873495112	1.2382722984967873	0.2016	0.04766106484594501	1.0130838144024341	0.1613	0.1860027632247931	1.0391204169675976	0.12
313	5.216666666666667	0.261688826823066	0.8327974396400513	0.0	0.34003095374957615	0.8247553630125497	-0.105	0.43026898775437855	0.4580924640297639	-0.0886	0.4562497078648951	0.08430394663034119	-0.0972	0.461714558416298	0.02268241188521724	-0.0766	0.49907852876749387	0.00437960324673169	-0.12	0.44889392084622104	0.006566451709767104	-0.0883	0.1939054021614121	0.8177499564066278	0.105	0.18091785174906	0.45223753177108583	0.0886	0.16150800867119197	0.08058829225249828	0.0972	0.26337999732126605	0.005104169483596986	0.0766	0.23170219185035795	0.02351154851416817	0.12	0.1449911695870639	0.004050088256589398	0.0883	0.2267577826928799	1.3429255971424374	0.0	0.2291428006950939	1.5564456327468204	0.0	0.2368547665444648	1.4492317572596711	0.0	0.3593000839190343	1.2506479171467118	-0.2016	0.3936188362791684	1.0011462462134482	-0.1613	0.4718013448648433	0.7821271206638555	-0.12	0.09242159557410029	1.2371766195520435	0.2016	0.04755911374008923	1.0128075275773196	0.1613	0.18335114437122685	1.059709803770558	0.12
314	5.233333333333333	0.2546070259930844	0.8338423387338895	0.0	0.3339387852056037	0.8256061902766367	-0.105	0.4255605478435508	0.4582076481698045	-0.0886	0.4504233774963123	0.08491756303268326	-0.0972	0.47995173077702014	0.022902796006459655	-0.0766	0.5070737796167021	0.003212779234513406	-0.12	0.44248336375273417	0.006863201151769271	-0.0883	0.18913389097347583	0.8178936878724934	0.105	0.17784200370482767	0.4518147400968184	0.0886	0.1610263211060089	0.08118731324181419	0.0972	0.26404247190776514	0.00606791440344101	0.0766	0.23206312559065612	0.024505124397385135	0.12	0.14381195787779472	0.004475363048444217	0.0883	0.22113974545569406	1.3428995055890185	0.0	0.2235609424652902	1.5554684465690485	0.0	0.23082476073634609	1.449717059220691	0.0	0.3513844645132022	1.2524616610119346	-0.2016	0.3821051092666787	1.003499754428033	-0.1613	0.4530810213079058	0.7809423970772035	-0.12	0.0864173228786976	1.2366445303060556	0.2016	0.048928027887474565	1.0112361410211153	0.1613	0.1827268849475117	1.0654677033803959	0.12
315	5.25	0.25298490358032916	0.8358830837406037	0.0	0.3281893025628765	0.8272229992994528	-0.105	0.42422306054158826	0.45862171901731347	-0.0886	0.4466477280382597	0.08626542562226269	-0.0972	0.4870171921407091	0.027547933319748998	-0.0766	0.5095645169145425	0.003955301463353288	-0.12	0.4342271791836044	0.009553645888090979	-0.0883	0.1880186858866552	0.8192136335301007	0.105	0.17502570890047442	0.45175884422295876	0.0886	0.1605077369066824	0.08167948999927548	0.0972	0.2638499542608559	0.006519348877923494	0.0766	0.23167818376927218	0.02361140011304624	0.12	0.1440522601746903	0.005507070878453901	0.0883	0.21544520192412428	1.3427117598307718	0.0	0.21993704701619152	1.5555795345740426	0.0	0.22539268028498352	1.4491594120220443	0.0	0.3476068499236902	1.254224614868288	-0.2016	0.37072934167665506	1.0094011812988257	-0.1613	0.44355704538128565	0.7838946296015771	-0.12	0.07985633555993273	1.2364287205195283	0.2016	0.047070125071032996	1.011025166453257	0.1613	0.18010078288724704	1.0683335515511507	0.12
316	5.266666666666667	0.2490978709678357	0.8368115682618454	0.0	0.3242350971798198	0.827501640275289	-0.105	0.4231337741403246	0.4587409160697209	-0.0886	0.4420879563313196	0.08885357433775985	-0.0972	0.4927897815312278	0.033981805348890975	-0.0766	0.5104980742100477	0.007609766630478723	-0.12	0.4292047413032054	0.012197906239898032	-0.0883	0.18634301728038843	0.819560564539561	0.105	0.17336888642122825	0.451905654216583	0.0886	0.16007394874519534	0.08189014187739121	0.0972	0.26359283652877086	0.005469229074762527	0.0766	0.23067978724452973	0.022033890973921208	0.12	0.14332812510106852	0.005941597299235728	0.0883	0.21084545829265008	1.3425040455437343	0.0	0.21501609860198717	1.555690098121704	0.0	0.22240668757229903	1.448972838247328	0.0	0.34274786452088174	1.257688016962751	-0.2016	0.36015452324928615	1.0166074061612187	-0.1613	0.43115347201875415	0.7888044805345605	-0.12	0.07897229848287093	1.2360785526893816	0.2016	0.047176260723919304	1.0115143438172682	0.1613	0.1790707942273302	1.0672724623148415	0.12
317	5.283333333333333	0.24885132179855535	0.8373155590693943	0.0	0.3260024520236669	0.8255639736277368	-0.105	0.4208444086754197	0.45844078407640565	-0.0886	0.4396626361071263	0.09151112650556646	-0.0972	0.49561230770526205	0.03826283115171663	-0.0766	0.5129604734560221	0.01055449301282776	-0.12	0.42681443283101345	0.01357360398130188	-0.0883	0.18656861036602634	0.81824620802714	0.105	0.17339846501772	0.45167896990308776	0.0886	0.16056251509804723	0.0819166468209663	0.0972	0.2625690338551273	0.004808453019823952	0.0766	0.230626688279435	0.0209111664672955	0.12	0.14343871181748916	0.006112131783284791	0.0883	0.20853080767362503	1.3425144604173906	0.0	0.21021258544352986	1.555533344344062	0.0	0.21905412470320237	1.4481356392676556	0.0	0.3381723307903351	1.2599761180690239	-0.2016	0.34805097331948226	1.0179981880833042	-0.1613	0.4230282715914102	0.7925411847875089	-0.12	0.0769179442944123	1.2365667237753173	0.2016	0.04946571952939301	1.013163187756327	0.1613	0.17779200766578657	1.0710096391651185	0.12
318	5.3	0.2463719422624498	0.838430275907455	0.0	0.32339763647547304	0.8244950208811601	-0.105	0.4206969688052605	0.45861961770549553	-0.0886	0.4368003439769619	0.09059577335506892	-0.0972	0.49680652692253074	0.03936380049717161	-0.0766	0.5129647400797078	0.011847021088467614	-0.12	0.423941474666692	0.012615562338892742	-0.0883	0.1861369824417689	0.8180271458519374	0.105	0.17283733667983697	0.45154015480302523	0.0886	0.1601314159975151	0.0826449721991232	0.0972	0.2620502515868	0.004604854220061698	0.0766	0.23062635913144386	0.01978740972810466	0.12	0.14342229344002416	0.007311153024614462	0.0883	0.2055001491422295	1.3423367371326103	0.0	0.20523085573145156	1.5555460384369244	0.0	0.21835975212882172	1.446259629358526	0.0	0.3349136833732905	1.2607288888295884	-0.2016	0.3419253495424324	1.0196388239581087	-0.1613	0.4122394716908385	0.7955424830120058	-0.12	0.07445298666218324	1.236646394772457	0.2016	0.049722130805572085	1.0139105723233517	0.1613	0.17527523177480994	1.0796548332056395	0.12
319	5.316666666666666	0.2443767277479664	0.8392777570607329	0.0	0.31957235505590104	0.822966993301627	-0.105	0.4209102979329358	0.45866837852771963	-0.0886	0.4344660977112614	0.08957145213790954	-0.0972	0.5009066218973693	0.039540428283669896	-0.0766	0.5132084661560865	0.012072675599283864	-0.12	0.4214989745608761	0.012692236808618673	-0.0883	0.1844225603533703	0.8165924809080625	0.105	0.17134371563683057	0.4513747883909895	0.0886	0.16050252471388157	0.08188001179435522	0.0972	0.26150926993843016	0.00433785440543928	0.0766	0.2310800475157968	0.019358431662302576	0.12	0.14347189339433322	0.00737295089913948	0.0883	0.2015192078422779	1.3420117662148163	0.0	0.20257363248146842	1.556065619886054	0.0	0.21455944017694614	1.4452125062687282	0.0	0.33032033129014376	1.2621978466649215	-0.2016	0.33461030925576674	1.021796542100254	-0.1613	0.4039443588987308	0.799736079946459	-0.12	0.07284732636694691	1.236259953365848	0.2016	0.04862737793363772	1.0158143458939877	0.1613	0.17132251459120826	1.0759932783844761	0.12
320	5.333333333333333	0.24269546741977763	0.8388800691810456	0.0	0.3198903600557033	0.8214567958033184	-0.105	0.4210622570579178	0.45889536245156287	-0.0886	0.4310385124200434	0.09026883757777081	-0.0972	0.5030992524562534	0.03738663149876947	-0.0766	0.5127008642942827	0.01014657433718737	-0.12	0.41553663528258933	0.01235737068645398	-0.0883	0.18271548084526915	0.8154248658878566	0.105	0.17035194731922526	0.4507514091682176	0.0886	0.16109416223014444	0.08136918924981852	0.0972	0.26386198878074757	0.002992907956960838	0.0766	0.23192419143378373	0.01880172600921294	0.12	0.14318611462788836	0.005500072859899011	0.0883	0.19983716315848032	1.3429097869223787	0.0	0.1989916689301831	1.5567469148979889	0.0	0.2142419647741864	1.445216918463832	0.0	0.32642980329104865	1.263604472870204	-0.2016	0.3283012867034908	1.0245478863387862	-0.1613	0.3948753303007309	0.8064491698224953	-0.12	0.07196720433299314	1.2364490121881955	0.2016	0.04932368057937743	1.0163116575179623	0.1613	0.17062420735381675	1.0788440592267545	0.12
321	5.35	0.23855552387981688	0.8386737702275032	0.0	0.31580455530618023	0.8198898108311105	-0.105	0.42161756188913807	0.45907850891688556	-0.0886	0.4262786902021177	0.08904285117982555	-0.0972	0.5058210876161849	0.03521507745470157	-0.0766	0.5128512521148783	0.008138891839981397	-0.12	0.406064732242632	0.011096746560951899	-0.0883	0.17903373381623544	0.8146432712526843	0.105	0.16998804991471334	0.45043432130759187	0.0886	0.16134461504989445	0.08072263047797859	0.0972	0.2657755180599283	0.0017394729675251522	0.0766	0.23265988818615235	0.017855935819606834	0.12	0.14333358270076113	0.003817336260607609	0.0883	0.19723099748897227	1.3440086519397147	0.0	0.19650898620688054	1.5563230687974179	0.0	0.21273679071877805	1.443782641558767	0.0	0.32157070301344454	1.2648120888963474	-0.2016	0.32294534116254847	1.0254323096319693	-0.1613	0.38898163582927237	0.8088680175782169	-0.12	0.0695346965010733	1.2369365325825523	0.2016	0.051452466676987205	1.0194825585881622	0.1613	0.1687290383562889	1.0765027337441972	0.12
322	5.366666666666666	0.23573170863640008	0.8385923336873162	0.0	0.3125307575232822	0.8182794730894999	-0.105	0.42284339309834834	0.45937476478763606	-0.0886	0.42091250257410545	0.08756233375171991	-0.0972	0.5082599468138036	0.033039401115035505	-0.0766	0.5126264733211608	0.006145894277673531	-0.12	0.4025492486729759	0.010936513136679867	-0.0883	0.17788123276298776	0.8143320737035858	0.105	0.16840149040598795	0.4485640307141871	0.0886	0.1610969787592755	0.0793672401331154	0.0972	0.26657184803221207	0.0008170613415582238	0.0766	0.2337849253825628	0.017141194121412583	0.12	0.14340489243157917	0.003140774795649855	0.0883	0.19254536657085003	1.3439989239650427	0.0	0.19418287623202132	1.5562214447142668	0.0	0.2107994939410793	1.4433573347883426	0.0	0.316489473572426	1.2640099381946477	-0.2016	0.3153657066106953	1.0279052417952776	-0.1613	0.38564252939215016	0.8105708961837658	-0.12	0.06710759577867222	1.2367828985322287	0.2016	0.05191071634964638	1.0210966033532538	0.1613	0.1639241905586401	1.0748849064430268	0.12
323	5.383333333333333	0.23325376954170896	0.8382011118418248	0.0	0.30669863339376113	0.8176367353926476	-0.105	0.4237526862356077	0.45974527930197817	-0.0886	0.41364264950665763	0.0871460968880947	-0.0972	0.5095468935633891	0.03110632524316693	-0.0766	0.5093451842835759	0.0040382246423602995	-0.12	0.39519071987388826	0.012493951682086064	-0.0883	0.17443597652153703	0.8147237711807547	0.105	0.1680745136369898	0.44732475571553765	0.0886	0.16041264750725445	0.07881873939317152	0.0972	0.267271529029176	0.0002061769763745425	0.0766	0.2349893703235547	0.016489895473962207	0.12	0.1435667140559299	0.00226891247898918	0.0883	0.18987853694715082	1.3439612237281806	0.0	0.19307451073585785	1.5561540016689306	0.0	0.20961114689158686	1.4423764898655358	0.0	0.3133655501948495	1.264275865608607	-0.2016	0.3105019539839199	1.030302774172804	-0.1613	0.38172678003380145	0.812728740058531	-0.12	0.06557471727649089	1.2368287179347026	0.2016	0.050760672111346106	1.0238495099173084	0.1613	0.15526468156227172	1.0816633271242646	0.12
324	5.4	0.23061011731517497	0.8381799683430754	0.0	0.30886836749914354	0.8158114873872572	-0.105	0.42525928336545016	0.46026272903887766	-0.0886	0.40791145322425526	0.08804298937860593	-0.0972	0.5159140210588761	0.029869820204077375	-0.0766	0.512243390844421	0.0019029175847871164	-0.12	0.3848963944692554	0.014780569503481696	-0.0883	0.1750978186974204	0.8145618031685566	0.105	0.1675525186682401	0.4428645782969594	0.0886	0.16105849897453137	0.0782862280316408	0.0972	0.26841026664146556	-0.00027656959276045265	0.0766	0.23644847421830067	0.015702637138311777	0.12	0.14378818319854916	0.0008466679740037229	0.0883	0.1874684855394753	1.3451967921106058	0.0	0.19174410260332714	1.5554241557686228	0.0	0.2116372572729844	1.4420180531979057	0.0	0.3068078229879873	1.2642935415157144	-0.2016	0.3075898863798777	1.0292039247356708	-0.1613	0.38060136256684435	0.8134181181228775	-0.12	0.06645965761589669	1.2367528802286898	0.2016	0.05310517088250686	1.0254873512364344	0.1613	0.15771185814872213	1.0787374647702397	0.12
325	5.416666666666667	0.22683521826207464	0.8381667950152963	0.0	0.29918397424904664	0.8174337842710783	-0.105	0.42603362967190794	0.46208615843942386	-0.0886	0.39815641641733074	0.08970112408499055	-0.0972	0.5168633286521095	0.02793478814245456	-0.0766	0.5091529136047056	-0.0017013835872167944	-0.12	0.37446407966143924	0.01874776862882794	-0.0883	0.17038515906909596	0.8143466257502183	0.105	0.16582332092383584	0.443259261641954	0.0886	0.16048679513113315	0.07901999256540711	0.0972	0.2685565972809356	-0.0006063477511145261	0.0766	0.23534639975361973	0.014874179146423925	0.12	0.14396770879833307	0.0016007579449713104	0.0883	0.1852660632760213	1.3427523006075612	0.0	0.19045477107660286	1.5548150355520407	0.0	0.21268155784967635	1.4407347767689493	0.0	0.30608150544255064	1.2622034756694138	-0.2016	0.30363885298149385	1.026347388263891	-0.1613	0.37682303671901013	0.8109813103637754	-0.12	0.06382287193583418	1.23561902380102	0.2016	0.0541524355270991	1.0289415104507682	0.1613	0.1547767728985503	1.0756283326948375	0.12
326	5.433333333333334	0.22680649010920248	0.8369249940254824	0.0	0.2985797273762746	0.8169294616288548	-0.105	0.4270728337302149	0.4623005415076236	-0.0886	0.3913095010521776	0.09138025623174637	-0.0972	0.5182685376806817	0.022914534329812133	-0.0766	0.5076464407127151	-0.004455520735411545	-0.12	0.362942954623002	0.020807143114002547	-0.0883	0.17160316090266212	0.8142984137319278	0.105	0.1645869446102751	0.4425983450152191	0.0886	0.1606177183003607	0.07944460549449425	0.0972	0.2692690787983839	-0.0014490952427775635	0.0766	0.23530589468916457	0.014136471298881167	0.12	0.14400032959400852	0.0014352088361534719	0.0883	0.18356605426036676	1.341791965364653	0.0	0.18973741350022694	1.5528403969010276	0.0	0.21279529934308755	1.437754601356111	0.0	0.3027792857096736	1.2614029431315334	-0.2016	0.3036519992222059	1.0238009630302305	-0.1613	0.3756134517105997	0.808221716661974	-0.12	0.06419613601019332	1.2344813557920957	0.2016	0.05779828207551147	1.0294662920383775	0.1613	0.15739204841664003	1.0794603452777853	0.12
327	5.45	0.22363690703740768	0.8362668038477066	0.0	0.2937751547569525	0.8174524338724103	-0.105	0.42784240080718156	0.4625498909881576	-0.0886	0.38229140727936634	0.0943642112958532	-0.0972	0.517486406370207	0.019632154404183047	-0.0766	0.5049303562467763	-0.006638466650711001	-0.12	0.35359328438879933	0.02365209264078372	-0.0883	0.16755420373545263	0.8140730292582985	0.105	0.16382522314588754	0.4421871249933136	0.0886	0.16009580057020756	0.07952364609182994	0.0972	0.2701898501541942	-0.002168623097646471	0.0766	0.23563458080526334	0.013090919162362503	0.12	0.14427181088178725	0.0014685116281292856	0.0883	0.1816603999730343	1.3405325734387634	0.0	0.18996911931716307	1.552558485874348	0.0	0.2117819280973671	1.432903846936455	0.0	0.30084598144486524	1.2609948117734548	-0.2016	0.2990741606956194	1.0226963841997225	-0.1613	0.37465854829571044	0.80575901282223	-0.12	0.06392950144174803	1.2329712857731958	0.2016	0.06689266994217603	1.0316247303719397	0.1613	0.16419129760935688	1.092891047695223	0.12
328	5.466666666666667	0.22122575915099113	0.8357791918693294	0.0	0.29462294861686833	0.8176308659840628	-0.105	0.42765604617159936	0.46160821022814563	-0.0886	0.3747784434722154	0.09888205877775771	-0.0972	0.5200094506614494	0.018700836972454223	-0.0766	0.5030832887001029	-0.007456486895751686	-0.12	0.3461457431694776	0.026212059322763905	-0.0883	0.1678804153089445	0.8143275627925298	0.105	0.1635839592600113	0.44158895562252687	0.0886	0.1597337395443858	0.07953259194209412	0.0972	0.27079792165116107	-0.0034052790099341154	0.0766	0.23520029228717246	0.012657840654216023	0.12	0.14460273084475725	0.0013168688599517228	0.0883	0.1796849816248704	1.3411625741125663	0.0	0.18865104321464138	1.55166381497483	0.0	0.21177958241474334	1.4297066663716573	0.0	0.29627341676876545	1.2604074518892763	-0.2016	0.3006583334790332	1.0201579306365274	-0.1613	0.3756874478601133	0.8026652107294534	-0.12	0.0661896123105975	1.2342165209083058	0.2016	0.07991705232482442	1.0345831042134794	0.1613	0.18533477146721314	1.1480391838105004	0.12
329	5.483333333333333	0.21684199477142985	0.835732745816708	0.0	0.2862737642131178	0.8175427005747037	-0.105	0.4281483437797609	0.462178593474824	-0.0886	0.36172630373211573	0.10361718528701554	-0.0972	0.5156444489342735	0.019295344078573265	-0.0766	0.4965198337772984	-0.007211987338776395	-0.12	0.3331038222162787	0.030882466477698167	-0.0883	0.16041678054848788	0.8145604065963922	0.105	0.16306338593532396	0.4432498660166576	0.0886	0.1582308214096109	0.07950192084540875	0.0972	0.2706327077837152	-0.0031032721798528425	0.0766	0.23474048824646648	0.013201736995360178	0.12	0.14443485677196655	0.0012614424127322414	0.0883	0.17858492742291598	1.3398311210841793	0.0	0.1870088337419241	1.5514664497508222	0.0	0.21244348732693966	1.4283969701270292	0.0	0.2892439407249586	1.2593480093474587	-0.2016	0.2968199720983333	1.0168990157328244	-0.1613	0.37812816778789565	0.798543312496373	-0.12	0.06651286551323708	1.2343346210677955	0.2016	0.11119295035461313	1.054255925791265	0.1613	0.21381207963598942	1.1975393162536039	0.12
330	5.5	0.21488296718092154	0.8358333947878608	0.0	0.28367798323478216	0.8179631776766991	-0.105	0.42721129975285776	0.46313566022755875	-0.0886	0.3499132547910327	0.1051110381896987	-0.0972	0.5119041718381784	0.01945786451768017	-0.0766	0.49083931397815606	-0.00536729654572913	-0.12	0.32117057701354484	0.034331502732715194	-0.0883	0.15845983234743166	0.8150066063796677	0.105	0.16325230785077252	0.4438852070379027	0.0886	0.1571770205559925	0.07943032608771361	0.0972	0.26954364969192923	-0.003932493174581739	0.0766	0.23335933294988823	0.012571277951399916	0.12	0.14359500969720979	0.0012281734737051647	0.0883	0.17762540913666755	1.3385206362415236	0.0	0.1875417437733544	1.551627030163575	0.0	0.2116842709718432	1.428089432070626	0.0	0.2873248315880259	1.257593551135946	-0.2016	0.29722082540864647	1.0108768218941768	-0.1613	0.38191680141256706	0.7968036612084635	-0.12	0.06594122700671967	1.2344204661150306	0.2016	0.1182209576464446	1.0677571204732472	0.1613	0.21833126039835143	1.2018646977396827	0.12
331	5.516666666666667	0.21226868686726863	0.8358361166106086	0.0	0.2790142018309102	0.8186441849608058	-0.105	0.42756201881006733	0.462953671447383	-0.0886	0.33909751638340974	0.10759146295421289	-0.0972	0.5044748403421574	0.01933344860765866	-0.0766	0.4803640539523449	-0.003817645346039375	-0.12	0.3078411831118209	0.038741779250414665	-0.0883	0.15753158085833968	0.8155695618289419	0.105	0.1631650896039668	0.4440523218385163	0.0886	0.15672889095698048	0.07938073570060074	0.0972	0.2691166240959875	-0.0042230231232386435	0.0766	0.23575982256019737	0.012387283549006693	0.12	0.1426625829852986	0.001048462481655445	0.0883	0.17702986306770233	1.3371269734714217	0.0	0.18712562043904277	1.5508619744971222	0.0	0.21118148469492887	1.4270986053200232	0.0	0.28468340682473087	1.2562802518016547	-0.2016	0.2951951774107551	1.0078983246943691	-0.1613	0.38452479196718115	0.7944839933476858	-0.12	0.06733735703384096	1.237017225569171	0.2016	0.1330860773787565	1.0890715139330718	0.1613	0.22865700733625716	1.2179621668998146	0.12
332	5.533333333333333	0.2101203070568749	0.8365248514319834	0.0	0.27652203953186155	0.8200731070071808	-0.105	0.42679964801274606	0.4634064802471251	-0.0886	0.32856242063847824	0.11275999396131228	-0.0972	0.49268485829788805	0.019325698674737695	-0.0766	0.4671615129178133	-0.0029084414291016616	-0.12	0.29470053130051976	0.042490642402649145	-0.0883	0.15559752153070974	0.8166086657454376	0.105	0.16303350642207373	0.4441963106175388	0.0886	0.1564688714700543	0.07935488322288439	0.0972	0.2693741974744861	-0.003157835864103474	0.0766	0.23794097219230706	0.013375018392541925	0.12	0.14114795819736572	0.0009164407247718906	0.0883	0.17588580036918608	1.3371552273954184	0.0	0.18539104422826555	1.5503170045662933	0.0	0.20967604345736562	1.4278375129398222	0.0	0.2823940950511589	1.2550797883090126	-0.2016	0.2949557520390091	1.0087758890863616	-0.1613	0.3867940577188415	0.7923886092419515	-0.12	0.06801326041207172	1.2417878447530493	0.2016	0.12889481982265966	1.0862102823938051	0.1613	0.21992726097983215	1.2138922356654	0.12
333	5.55	0.2086389076726534	0.8371984514666337	0.0	0.2747256300543091	0.8215612918665269	-0.105	0.42676910548864094	0.46432720877421757	-0.0886	0.3165429922275835	0.11852678441386581	-0.0972	0.4825505230846076	0.019295227548379094	-0.0766	0.45657566661877425	-0.0012924724257529906	-0.12	0.2801580245243855	0.04949946588355974	-0.0883	0.1539440499425512	0.8190386837985342	0.105	0.16256282572888436	0.4442839370097822	0.0886	0.15602859432702068	0.07933516045837949	0.0972	0.2685698254873238	-0.002767991503357803	0.0766	0.2414554284872547	0.01373720694489068	0.12	0.14019169732027228	0.0007297555476628992	0.0883	0.17640800709588114	1.3362741199143815	0.0	0.18410478117545795	1.550238720892321	0.0	0.21013360107398255	1.428317911673794	0.0	0.28064571087956086	1.2534654038760298	-0.2016	0.2934904713632922	1.0106002286376892	-0.1613	0.3861239545820355	0.7929580758965656	-0.12	0.06880020158768384	1.2457216942143965	0.2016	0.13593712547265424	1.0931193592183102	0.1613	0.22887285019829384	1.2193912708396895	0.12
334	5.566666666666666	0.20781778032332318	0.8374861002167923	0.0	0.272868244323197	0.821716234978996	-0.105	0.42585524844543055	0.4648934129185215	-0.0886	0.3066881676114913	0.12406837503237797	-0.0972	0.46746737282487544	0.01917722391852404	-0.0766	0.4392634222114282	0.0016259998621053365	-0.12	0.2702189077178018	0.05351193113249452	-0.0883	0.1526131178976731	0.8195162715974841	0.105	0.1626761181397485	0.44428239183939705	0.0886	0.15602422042816697	0.07924305301628214	0.0972	0.2699274491537169	-0.0027695492363118313	0.0766	0.24542635478332345	0.01371186965138779	0.12	0.1400528097067772	0.0003287905818981001	0.0883	0.17692666041804672	1.3356649383586228	0.0	0.18469159291183795	1.5498979023277744	0.0	0.21094784644420486	1.4289514079726044	0.0	0.27870514609348784	1.2523987962234722	-0.2016	0.2919840647811782	1.0102961645573134	-0.1613	0.38733167530638113	0.7911655616878486	-0.12	0.0697118345001667	1.2482221755976497	0.2016	0.1390452073035528	1.0932991542582595	0.1613	0.2369448537949916	1.2267549732779495	0.12
335	5.583333333333333	0.20446068312742688	0.8372952268737983	0.0	0.2709700476544451	0.8215504099596024	-0.105	0.4252265585883951	0.46587744459078495	-0.0886	0.29826062876993753	0.12843048782912303	-0.0972	0.45553269598869534	0.019045907682207684	-0.0766	0.42494339712999374	0.005975496440118637	-0.12	0.26163901744776913	0.060191802229589045	-0.0883	0.15208313887747812	0.8194482267492925	0.105	0.16257244949521646	0.44426735449053356	0.0886	0.15591587807705384	0.07913231303049817	0.0972	0.2699486485207372	-0.0033207739856460556	0.0766	0.2502069855472118	0.013154435528773045	0.12	0.139796824144899	-0.0003844686100937089	0.0883	0.1767842967089385	1.3354902190335163	0.0	0.1860602480295914	1.5496609011871623	0.0	0.21236137521406914	1.4289973438759536	0.0	0.27616993990644734	1.2515668131403617	-0.2016	0.2917890371830297	1.0063620251326284	-0.1613	0.39334564055769355	0.7893111922079419	-0.12	0.0712382514723637	1.2503018119893756	0.2016	0.13667352717975803	1.0957050847018794	0.1613	0.23692998412297644	1.2388068083423576	0.12
336	5.6	0.2041231564121689	0.8365967659889573	0.0	0.2718057716343809	0.820398743265797	-0.105	0.4248793300912657	0.4662785682811728	-0.0886	0.2903194081130975	0.13227529986693773	-0.0972	0.44197376067711835	0.019052123608690533	-0.0766	0.4087447382469156	0.007882138144163348	-0.12	0.251546216389508	0.06908576187088585	-0.0883	0.15171641198155078	0.8176782271995002	0.105	0.1625201943861387	0.4443004822053356	0.0886	0.1558498922198546	0.07905998452645062	0.0972	0.27091774359000353	-0.005546264685430355	0.0766	0.2542575085829647	0.011101158711757772	0.12	0.13959070962369322	-0.0013829603032222716	0.0883	0.17682247600665305	1.3356199658860326	0.0	0.18489653546181517	1.5493670861503666	0.0	0.21156881916209733	1.4286535941511072	0.0	0.27551509108172245	1.2491425973985932	-0.2016	0.2934039373234242	1.001710265607772	-0.1613	0.399197188546042	0.7902800348815661	-0.12	0.07293247287661049	1.2509123066255716	0.2016	0.13439075718750837	1.1015929982569819	0.1613	0.23095450736298395	1.2437304532637237	0.12
337	5.616666666666666	0.20396711433379142	0.8362482406136869	0.0	0.2691478501845172	0.819282531266711	-0.105	0.4240583786450689	0.4663413526862059	-0.0886	0.2817675984498178	0.13491705176363508	-0.0972	0.426005243854312	0.018831256431955035	-0.0766	0.39068685434534284	0.009379899527266717	-0.12	0.24458450518124622	0.0722112821924774	-0.0883	0.15055970025217327	0.8165140631952673	0.105	0.16229885552476694	0.44437037513612815	0.0886	0.15569925258337017	0.07887728867023172	0.0972	0.2712275803235421	-0.005499705241157207	0.0766	0.2598755858521254	0.01109064892354766	0.12	0.14007630865014353	-0.0024021512958386435	0.0883	0.17653877652864963	1.3339505715041493	0.0	0.18601566676040843	1.5489492142697374	0.0	0.21433122285607137	1.4284181652460493	0.0	0.27263138512080937	1.2471099290517687	-0.2016	0.2909187497541218	1.0020434620061183	-0.1613	0.4040382801584469	0.7904378572751575	-0.12	0.07496015660718543	1.2530823249907161	0.2016	0.13182282093430422	1.091585540472987	0.1613	0.23397593427425656	1.2492977141711048	0.12
338	5.633333333333333	0.20443092541283314	0.8361542552962474	0.0	0.27276352315826385	0.8170806525552736	-0.105	0.42068136693515695	0.4663635436048732	-0.0886	0.27425418411993635	0.13970611109431555	-0.0972	0.41765006954242023	0.018498207146853626	-0.0766	0.3871211047185222	0.00959587759845736	-0.12	0.2299223959771776	0.07759587212916959	-0.0883	0.1517683650161005	0.8136888567452898	0.105	0.16242469814053725	0.4445674572986744	0.0886	0.15568421743304658	0.0785969322660226	0.0972	0.27186359189638987	-0.006414460055051817	0.0766	0.2616308125574759	0.010163600710482078	0.12	0.14064313321543953	-0.0020798602438861827	0.0883	0.17712125265691048	1.3349476795698885	0.0	0.18699875507043318	1.5485907969835828	0.0	0.21845078505034865	1.4280094689080272	0.0	0.2703583799083794	1.2478170910494102	-0.2016	0.2890174565303506	1.0002519498353666	-0.1613	0.41468981571354946	0.7902227761927387	-0.12	0.07819328968884462	1.255347986135756	0.2016	0.13612061683458937	1.0942011742980584	0.1613	0.23697088705322014	1.2595509815110728	0.12
339	5.65	0.2021296732461402	0.8373982183560001	0.0	0.26733766619894217	0.8227889186212171	-0.105	0.41703568406609104	0.46628520618842867	-0.0886	0.2658459077018465	0.138875554132981	-0.0972	0.40485538389016945	0.017803554808719927	-0.0766	0.3768490484976664	0.012053676396915996	-0.12	0.21883204019210337	0.07888187614035752	-0.0883	0.14809577568097346	0.8178903064009857	0.105	0.16224097245821673	0.4448206655872919	0.0886	0.1555456436514646	0.07810729582128527	0.0972	0.2732326338600306	-0.0037280056000369185	0.0766	0.2689892771640653	0.012092762346191234	0.12	0.14144966527527503	-0.002492264251465256	0.0883	0.17855182366669947	1.33314191192144	0.0	0.190099291904803	1.5480989728311696	0.0	0.21967374324064598	1.4279196087333907	0.0	0.26743407763069743	1.24518149604398	-0.2016	0.2880847547002051	0.9972008435620201	-0.1613	0.42342101192861525	0.7875620549216894	-0.12	0.08075393646823682	1.2559627422074504	0.2016	0.13626668357113741	1.1298119947550092	0.1613	0.23709734948289715	1.265828252482401	0.12
340	5.666666666666667	0.20074105982073953	0.83947127942284	0.0	0.2648458598201945	0.826556946115823	-0.105	0.41229976570099813	0.4653415923432756	-0.0886	0.2585072766020104	0.13866385159367825	-0.0972	0.39957550506058465	0.018406907236978784	-0.0766	0.37148771231400723	0.013811633127505801	-0.12	0.21135111591112554	0.08080800869996695	-0.0883	0.14617285250936343	0.8240142675280713	0.105	0.16234286993069977	0.44515767290819636	0.0886	0.15547619337553928	0.07821083375131466	0.0972	0.27435546567526053	0.0010989019290239335	0.0766	0.26973673419037425	0.013325433427680285	0.12	0.14199204057939893	-0.0017148941238222602	0.0883	0.17946843893366027	1.3312889151412204	0.0	0.1924662441635798	1.5480347184108854	0.0	0.2212846629667102	1.4282626718064722	0.0	0.2654505130035318	1.2441802943564442	-0.2016	0.2860861711053158	0.9998327590733778	-0.1613	0.427084315760596	0.788904832812567	-0.12	0.08228466636917614	1.255710909488631	0.2016	0.139026652386704	1.1417227447086957	0.1613	0.24223210733490164	1.275841860195123	0.12
341	5.683333333333334	0.20000812553140493	0.8404376412638319	0.0	0.2631279596439972	0.8277074442861772	-0.105	0.4065747724813456	0.4652038785910377	-0.0886	0.25217533324815844	0.13868774577155973	-0.0972	0.3939048122326095	0.02151865527480613	-0.0766	0.36304575681009715	0.015369050760035799	-0.12	0.20499537337732052	0.08103499921359662	-0.0883	0.14539417866137222	0.8253121545058582	0.105	0.16222873774545182	0.44559947950536616	0.0886	0.15540459374513857	0.07784303100712905	0.0972	0.2761104284040945	0.005593887413679642	0.0766	0.2722237669201644	0.01634496962857292	0.12	0.14237019474390353	-0.0012393579320515112	0.0883	0.18078321740966743	1.3306465616902934	0.0	0.19494958637737858	1.548135236401973	0.0	0.228854346849517	1.4282609968474702	0.0	0.2643521657424887	1.241980823039025	-0.2016	0.2830247791022571	1.0001307181513273	-0.1613	0.42927423927668706	0.7925583773180432	-0.12	0.08572563078443009	1.2586875315303594	0.2016	0.14289919757384845	1.1451551958633255	0.1613	0.25129997707951396	1.2829157924048455	0.12
342	5.7	0.1990645513320118	0.8407468134728082	0.0	0.2599844986620758	0.8284090928784129	-0.105	0.4035215181228428	0.4659619434226834	-0.0886	0.24483666662427506	0.1386807713259298	-0.0972	0.39134644101824245	0.024899771285092246	-0.0766	0.355840999658542	0.016347855321419576	-0.12	0.19763236017620167	0.08053707352043016	-0.0883	0.14418485296066536	0.8257414312905578	0.105	0.16253017177656992	0.4461882861011553	0.0886	0.15536866913204547	0.07801095149157691	0.0972	0.2783709438587317	0.01140557136396105	0.0766	0.27178432793465784	0.021543510087837527	0.12	0.14327462322886322	-0.0008220182325649478	0.0883	0.18159482889884876	1.330658443058399	0.0	0.2025343442076948	1.5486927675761477	0.0	0.2335727393090324	1.4279038985974224	0.0	0.262408218863756	1.2410123282531598	-0.2016	0.28080084534182354	0.9983224213660337	-0.1613	0.4331616720922811	0.7967059024085563	-0.12	0.08707778493850069	1.2603564739908293	0.2016	0.14053188234800437	1.1092770654755786	0.1613	0.2578242387784455	1.2848544019636978	0.12
343	5.716666666666667	0.19904724159006826	0.8408138243107777	0.0	0.25945938814286945	0.8297838305048212	-0.105	0.398850224204901	0.4662416754435989	-0.0886	0.23834790106576736	0.1388067158868625	-0.0972	0.38713627024721753	0.026716662950839954	-0.0766	0.35136469404889337	0.018296167334222745	-0.12	0.19126351615815937	0.0767674130030042	-0.0883	0.1432567407236521	0.8262342386483468	0.105	0.16306360350456225	0.44668819665784426	0.0886	0.1550848931771132	0.07788028950235631	0.0972	0.2784747039156257	0.017071234417963856	0.0766	0.2668121927514761	0.02626622349149994	0.12	0.14309376760708925	-0.000923525451417334	0.0883	0.18248688553219106	1.331456701766026	0.0	0.2072338246024521	1.548778953323129	0.0	0.23961722828461632	1.4284089638067694	0.0	0.26050105983117994	1.2390667404057258	-0.2016	0.2788672909089933	0.9967201060770177	-0.1613	0.43472661182878525	0.8011816906331302	-0.12	0.08857064978357775	1.2603530617384069	0.2016	0.1550312000907532	1.200294561009655	0.1613	0.27414976649279715	1.3051424273490615	0.12
344	5.733333333333333	0.19853557007601177	0.8409011064856587	0.0	0.2580748676764869	0.830210363449208	-0.105	0.3921088936983575	0.46568383604166	-0.0886	0.23594582513863033	0.13753084046863862	-0.0972	0.3850934590309123	0.028171878099684088	-0.0766	0.349287044968661	0.019041552908839337	-0.12	0.18888695647416204	0.07435665863705848	-0.0883	0.14362564472623135	0.8273422174145288	0.105	0.16361514596381369	0.4469738953782011	0.0886	0.15537265198418812	0.07796778950574841	0.0972	0.2810442736282888	0.019674939381103148	0.0766	0.26435748170113094	0.03138989148908384	0.12	0.14232121376501253	-0.0010403371868731254	0.0883	0.18401374472461127	1.3317797564579532	0.0	0.20935125973612925	1.54881393088012	0.0	0.24599014851062026	1.428715405764406	0.0	0.25852613878682357	1.2402839203519673	-0.2016	0.27701112199784317	0.9885670897829673	-0.1613	0.4374474164495567	0.8088458840799776	-0.12	0.09334036983287185	1.2601470270143558	0.2016	0.18320193153920467	1.2268318071558417	0.1613	0.3098709122446681	1.3286181786469302	0.12
345	5.75	0.1991461846012442	0.8406862715851191	0.0	0.2568575755818176	0.8299055918439924	-0.105	0.38523756673619164	0.4659467599218821	-0.0886	0.23142330873087502	0.1384769747142915	-0.0972	0.3809472197439902	0.029749423518244996	-0.0766	0.3451046021749274	0.019277414832353918	-0.12	0.18485597525582917	0.07183237229142655	-0.0883	0.14379644898090987	0.8274190894355629	0.105	0.16391062371589066	0.4468946331135722	0.0886	0.15572145182567063	0.07807890461294384	0.0972	0.28402272803589246	0.02023054477310222	0.0766	0.26516849982007384	0.03343229993614534	0.12	0.14085735551584172	-0.0013335700956155759	0.0883	0.1858818373568326	1.331783300604018	0.0	0.21259645369828614	1.548758003011325	0.0	0.25175972920521694	1.4289670910692684	0.0	0.2550887727238146	1.2403835439481092	-0.2016	0.2734289184860753	0.9843484309322861	-0.1613	0.43829996736237126	0.8141319094112253	-0.12	0.09519296257681008	1.2592964148547614	0.2016	0.19761764580507515	1.2426433362557752	0.1613	0.32736392280432025	1.3391532614829236	0.12
346	5.766666666666667	0.20010057705921908	0.8393342226709263	0.0	0.2563919956502337	0.8281207670289992	-0.105	0.380096871670785	0.4646507533204948	-0.0886	0.22629301878451138	0.13631833341279465	-0.0972	0.3763730308436951	0.03029406210507855	-0.0766	0.3408375470840056	0.020681791580115107	-0.12	0.18218476030363556	0.07069735721562534	-0.0883	0.14286531942264996	0.8266282617314217	0.105	0.16366176299257418	0.44647450137154177	0.0886	0.15591567479627594	0.078550656582935	0.0972	0.28543123863002734	0.020714246900900506	0.0766	0.2649044544703869	0.03486399336686162	0.12	0.13901992188836199	-0.0007094260060870922	0.0883	0.1873671980805087	1.3309480878883375	0.0	0.21608022201686594	1.5482985522644621	0.0	0.2541482785235382	1.4291072341950806	0.0	0.2544907941368872	1.2379136944306643	-0.2016	0.27308263214820805	0.9777853440523009	-0.1613	0.4368370047912616	0.81540334719901	-0.12	0.09833819481571904	1.259857658423373	0.2016	0.20445756773885296	1.2520635784605498	0.1613	0.34110712111379315	1.3441001483972363	0.12
347	5.783333333333333	0.2014994574378276	0.8382125578065668	0.0	0.25735399624177446	0.8271945706633501	-0.105	0.37443835490191	0.4621737220457548	-0.0886	0.2202706466693241	0.1322012107251657	-0.0972	0.3720911972768057	0.031159785175356104	-0.0766	0.3392956068955468	0.020460801822054068	-0.12	0.17824530465671257	0.06696835768150393	-0.0883	0.14242472905636283	0.8251411376690889	0.105	0.16347662967786844	0.4457264216680851	0.0886	0.1558107649870414	0.07857409783571513	0.0972	0.2871351556352763	0.020371631832492305	0.0766	0.26209994170520085	0.035177141298669515	0.12	0.1376004266593301	-0.0005695843949448341	0.0883	0.18884973924224352	1.329130463869042	0.0	0.22029717345569197	1.547794805523033	0.0	0.26207660713842085	1.4282426816808502	0.0	0.2510361304057094	1.235651896695974	-0.2016	0.2698060215539429	0.9684312647096643	-0.1613	0.4355599435855436	0.8196687681733416	-0.12	0.10201619964062128	1.260209908089151	0.2016	0.21608874162030037	1.2591360263495792	0.1613	0.35347256574213537	1.3492948531166302	0.12
348	5.8	0.2029691622645279	0.8352425357181663	0.0	0.25878235416304396	0.8260007380288662	-0.105	0.3715976581438718	0.4602248810288087	-0.0886	0.21699433633724893	0.13019287015570363	-0.0972	0.3611059728889692	0.03207306127534072	-0.0766	0.33500131947130585	0.02251520518925292	-0.12	0.17516484788545078	0.06608254012635276	-0.0883	0.14423733316168785	0.824372452636206	0.105	0.16494229622794349	0.4447585522873955	0.0886	0.15581153081316595	0.07864342798172391	0.0972	0.2961624415698314	0.019272316247050187	0.0766	0.25317126279258273	0.03368355361593525	0.12	0.1368600738728303	-0.0005635345288762056	0.0883	0.19007920388765667	1.326670319970242	0.0	0.22563007001005367	1.5463585271827673	0.0	0.266088871324322	1.4261330070776308	0.0	0.24672588786674232	1.2339820393414254	-0.2016	0.2651275998575715	0.9650562214903161	-0.1613	0.43210808404796325	0.823220871319213	-0.12	0.1054457925326033	1.2601475683550556	0.2016	0.22947986421271324	1.274919509792311	0.1613	0.3694675687288079	1.3492477059221222	0.12
349	5.816666666666666	0.20332227966607394	0.832155928640524	0.0	0.2586024705052006	0.823843594893472	-0.105	0.36733211023485796	0.45913491773709425	-0.0886	0.21390199956909461	0.1265518676901991	-0.0972	0.3603360791858563	0.03224312565478004	-0.0766	0.3325013226620958	0.021292444150244134	-0.12	0.17269025990466286	0.06487568516824704	-0.0883	0.14581774893620647	0.8240950618325749	0.105	0.1682866594172018	0.44480406894947366	0.0886	0.15576433307440407	0.0780876592063701	0.0972	0.30064679063288124	0.019003352268250173	0.0766	0.24945999319223944	0.033945798880153207	0.12	0.13558753832798556	-0.000492942744847518	0.0883	0.192680460498308	1.325619426193882	0.0	0.22946638137281078	1.5455315459542338	0.0	0.2708203520944049	1.4244237495397627	0.0	0.2442882205399355	1.229607685043376	-0.2016	0.2600436667873109	0.9580199258157434	-0.1613	0.4300954432170515	0.8241218210342234	-0.12	0.1108285167518094	1.2608510419137873	0.2016	0.24262880271322484	1.280301659787103	0.1613	0.38538789091725695	1.350050386556588	0.12
350	5.833333333333333	0.2030309893639843	0.828969995508403	0.0	0.25593910986663393	0.8231517913249435	-0.105	0.3639693918825133	0.4572759624170099	-0.0886	0.21220699644712013	0.11645801870135897	-0.0972	0.35527844986363	0.032165088726756455	-0.0766	0.3272856414207426	0.020877103816261046	-0.12	0.17234821266200037	0.05769131180258232	-0.0883	0.1453479745120125	0.8246178049824211	0.105	0.1688597814027266	0.4447728233578928	0.0886	0.1554097894980249	0.07778540033847468	0.0972	0.3025844472586794	0.022689737054326902	0.0766	0.24101792582734669	0.03764045306488836	0.12	0.13487641172944256	-0.00043494993837635233	0.0883	0.1952728822851647	1.3237413217027902	0.0	0.23455138520594504	1.545720191572909	0.0	0.27162419562142537	1.4237645745930032	0.0	0.2419807843684087	1.2232783772234321	-0.2016	0.2521274571341513	0.9536413362814856	-0.1613	0.42899897125775927	0.8247555981310393	-0.12	0.11620963890856974	1.2624517694787378	0.2016	0.2508189136310385	1.2812006899856068	0.1613	0.3958601007446077	1.3514220015933673	0.12
351	5.85	0.20347126806662882	0.8260733660456575	0.0	0.255769238763202	0.8215602021412101	-0.105	0.3590919160287028	0.4558526689014537	-0.0886	0.21207675685964947	0.10600041009591754	-0.0972	0.34983958520643094	0.029271928404445577	-0.0766	0.32184201269319734	0.017612969748475555	-0.12	0.1718901150127311	0.04817277779905659	-0.0883	0.145387157671203	0.8241904270041905	0.105	0.1702783844159664	0.44458076610528524	0.0886	0.1559430120883753	0.07732211714132207	0.0972	0.3062191327479931	0.025397272287696584	0.0766	0.2437253578051088	0.04025338177751158	0.12	0.13397156934811394	-0.0002927922716131553	0.0883	0.19721782936820476	1.323123375734423	0.0	0.23946175522524335	1.5458270734560173	0.0	0.2733053460992768	1.4239079507048509	0.0	0.24100821937876105	1.2149423803287627	-0.2016	0.24353651108552213	0.9529371853330045	-0.1613	0.42618937034737847	0.827082372443387	-0.12	0.12134091217561137	1.2641911620862718	0.2016	0.2591872377782091	1.2871093617584324	0.1613	0.4059612731706879	1.3508622036409244	0.12
352	5.866666666666666	0.20358133945951867	0.8238941330688057	0.0	0.2541304472906361	0.8205186390240212	-0.105	0.3570342069945319	0.45327091909549766	-0.0886	0.21303195406875372	0.10347531863340055	-0.0972	0.3241103946665116	0.027260798942058503	-0.0766	0.2994766047749581	0.013823470168130137	-0.12	0.1713042378525383	0.04043432635413613	-0.0883	0.14724127494112652	0.8238791907922615	0.105	0.17153927991247744	0.44421945098755783	0.0886	0.15660112531465437	0.08036295429653822	0.0972	0.3227694132742257	0.020858797194606562	0.0766	0.25190174914272356	0.03474678946528051	0.12	0.13288558319383875	-0.0005431442358810471	0.0883	0.19790272848967547	1.3226200082363433	0.0	0.24402326784538667	1.545838986021859	0.0	0.2739698030322967	1.4228592231150192	0.0	0.23936405901180452	1.2070646710950446	-0.2016	0.23541864350912978	0.9524247287639342	-0.1613	0.4198490616529868	0.829659851747849	-0.12	0.12729506626773898	1.2644931361600849	0.2016	0.2586523789929369	1.2944581040454624	0.1613	0.41627766518202264	1.3461888983539756	0.12
353	5.883333333333333	0.20383809951722878	0.8221415240975428	0.0	0.2538039848549336	0.8180813712376751	-0.105	0.3522708076170469	0.4526585776244549	-0.0886	0.2129234662246162	0.09694257260640154	-0.0972	0.3224759330241003	0.022349278792978933	-0.0766	0.30160839854320215	0.00524451199817163	-0.12	0.17073427653825315	0.03434080457858207	-0.0883	0.1483156487983591	0.8231543258475098	0.105	0.17186788981461962	0.4442009051959623	0.0886	0.15694964980452164	0.08153413273200054	0.0972	0.30347869303553066	0.021018908727884734	0.0766	0.27031275202577154	0.03511251230769498	0.12	0.13300118920841314	-0.0003841115840556614	0.0883	0.20052230626207532	1.3216952429527211	0.0	0.24798022048144985	1.5446489042717817	0.0	0.2787985656469305	1.4219094748652008	0.0	0.23508125083255052	1.2071375857352893	-0.2016	0.2325166177308589	0.95161724887315	-0.1613	0.4165395096967297	0.8305076990230758	-0.12	0.12914339051763862	1.2668469453388085	0.2016	0.2706219798343142	1.2969471568674804	0.1613	0.43135031296999976	1.3400382535503583	0.12
354	5.9	0.20418288038070906	0.8207215031136769	0.0	0.2534528246129657	0.8169362007062966	-0.105	0.3477140312994714	0.4511803443905586	-0.0886	0.2156369084068659	0.09878554840048315	-0.0972	0.3081945327306269	0.01329845513234713	-0.0766	0.28597327185754207	-0.0065164957232034465	-0.12	0.17272387281019247	0.03259541067511997	-0.0883	0.15250177485118444	0.8222116908027787	0.105	0.17380944562317377	0.444047740727958	0.0886	0.15788737298349445	0.08628532329705953	0.0972	0.2966111829465826	0.018630997395975478	0.0766	0.26865105439371784	0.030149969329514605	0.12	0.13245750362154035	-0.0006066936545051653	0.0883	0.20364182886040683	1.3211284972675568	0.0	0.2536042874650104	1.544885214617438	0.0	0.28276923311251223	1.4224150909135793	0.0	0.2320541125933273	1.202491105404423	-0.2016	0.21731715985418573	0.9523883062362233	-0.1613	0.4077669726035509	0.8339562893317026	-0.12	0.13305285129254985	1.2685074189785077	0.2016	0.27736851826670983	1.2991471267600392	0.1613	0.438977402051881	1.3358252569520306	0.12
355	5.916666666666667	0.20446347628918182	0.8196560439455927	0.0	0.2521993207072569	0.8146207699320325	-0.105	0.34419582084256556	0.4493161707027515	-0.0886	0.21501593268221977	0.08929140177205627	-0.0972	0.30125766603390103	0.008398789162669833	-0.0766	0.2810386654459232	-0.010730445628819772	-0.12	0.17317338397645604	0.025532593692921577	-0.0883	0.15313521269015795	0.8214332326996372	0.105	0.1750135416664261	0.44335699300006304	0.0886	0.15826068657093184	0.08533082497478225	0.0972	0.2930692143840711	0.018479136741350016	0.0766	0.2717131637468098	0.028674300210005957	0.12	0.13307092655950717	-0.00022755980658434706	0.0883	0.2058273623679125	1.3220224403110288	0.0	0.25694623411477574	1.5441899730447455	0.0	0.28662803171897594	1.4213411067658681	0.0	0.22849915553962116	1.2003954225330673	-0.2016	0.21307368152581674	0.9528363411195787	-0.1613	0.4008165786769867	0.8337608445458949	-0.12	0.13805416807415222	1.271170282822097	0.2016	0.2833079680093643	1.2998099093450408	0.1613	0.4497649778082613	1.330499001174093	0.12
356	5.933333333333334	0.20555509625824783	0.8200217079908879	0.0	0.2514961498101791	0.814731313357416	-0.105	0.3402802916718448	0.44883639169844264	-0.0886	0.21762384909013627	0.09286539464101659	-0.0972	0.30132478538308877	0.004767570488429857	-0.0766	0.28113378770453623	-0.01270604011072822	-0.12	0.17597445057844932	0.021657582772411057	-0.0883	0.15879436276928705	0.8211402940796843	0.105	0.1748646539958023	0.4429978675912954	0.0886	0.15899134513476307	0.08745842488067479	0.0972	0.2871831890889319	0.01854379815494368	0.0766	0.2678212694589954	0.02518991857150212	0.12	0.1324443845781294	0.00011172653742191026	0.0883	0.2087544045687893	1.322170689533854	0.0	0.258691162169511	1.5443292440289438	0.0	0.2900022766059	1.4215527265908263	0.0	0.22754960431577223	1.1990985534257201	-0.2016	0.20894060202282314	0.9527959869523198	-0.1613	0.39461153392605336	0.8355279519259943	-0.12	0.13988348368506956	1.269991905454253	0.2016	0.28685310828101596	1.2972345326024277	0.1613	0.4555775557478531	1.3247732710798257	0.12
