frame,frame_idx,time,timestamp_sec,pose_source,nose_x,nose_y,nose_conf,left_shoulder_x,left_shoulder_y,left_shoulder_conf,right_shoulder_x,right_shoulder_y,right_shoulder_conf,left_elbow_x,left_elbow_y,left_elbow_conf,right_elbow_x,right_elbow_y,right_elbow_conf,left_wrist_x,left_wrist_y,left_wrist_conf,right_wrist_x,right_wrist_y,right_wrist_conf,left_hip_x,left_hip_y,left_hip_conf,right_hip_x,right_hip_y,right_hip_conf,left_knee_x,left_knee_y,left_knee_conf,right_knee_x,right_knee_y,right_knee_conf,left_ankle_x,left_ankle_y,left_ankle_conf,right_ankle_x,right_ankle_y,right_ankle_conf,left_big_toe_x,left_big_toe_y,left_big_toe_conf,left_small_toe_x,left_small_toe_y,left_small_toe_conf,left_heel_x,left_heel_y,left_heel_conf,right_big_toe_x,right_big_toe_y,right_big_toe_conf,right_small_toe_x,right_small_toe_y,right_small_toe_conf,right_heel_x,right_heel_y,right_heel_conf,sports2d_core_valid_ratio,timestamp,nose_x_clean,nose_y_clean,nose_invalid,left_shoulder_x_clean,left_shoulder_y_clean,left_shoulder_invalid,right_shoulder_x_clean,right_shoulder_y_clean,right_shoulder_invalid,left_elbow_x_clean,left_elbow_y_clean,left_elbow_invalid,right_elbow_x_clean,right_elbow_y_clean,right_elbow_invalid,left_wrist_x_clean,left_wrist_y_clean,left_wrist_invalid,right_wrist_x_clean,right_wrist_y_clean,right_wrist_invalid,left_hip_x_clean,left_hip_y_clean,left_hip_invalid,right_hip_x_clean,right_hip_y_clean,right_hip_invalid,left_knee_x_clean,left_knee_y_clean,left_knee_invalid,right_knee_x_clean,right_knee_y_clean,right_knee_invalid,left_ankle_x_clean,left_ankle_y_clean,left_ankle_invalid,right_ankle_x_clean,right_ankle_y_clean,right_ankle_invalid,sports2d_ab_prepared,throwing_elbow_angle,left_knee_angle,right_knee_angle
0,0,0.0,0.0,Sports2D_HALPE26_postprocessed,526.7344182380286,320.3107656831881,1.0,496.5606002207486,340.9083571952246,1.0,504.7037860728652,347.14108891714585,1.0,498.48128246695694,387.361962457024,1.0,504.2299555910679,395.9937666031416,1.0,528.1908899448316,405.25201559576544,1.0,530.5583639279755,414.1776277725918,1.0,494.1376766354946,419.94385144663727,1.0,494.6391906698935,420.9013343740439,1.0,499.9067195370328,486.52512101716536,1.0,498.94122388801554,488.4410516162589,1.0,487.7862447455509,554.0571078536884,1.0,486.05597729531087,558.8439453694871,1.0,518.508193389675,572.1634625888786,1.0,517.9456504758137,569.1973905385444,1.0,472.5880690859095,568.9116625735033,1.0,518.1614110286994,571.749692144012,1.0,513.8129257394004,576.4542260035397,1.0,476.1217919044674,572.6569350390415,1.0,1.0,0.0,526.7344182380286,320.3107656831881,False,496.5606002207486,340.9083571952246,False,504.7037860728652,347.14108891714585,False,498.48128246695694,387.361962457024,False,504.2299555910679,395.9937666031416,False,528.1908899448316,405.25201559576544,False,530.5583639279755,414.1776277725918,False,494.1376766354946,419.94385144663727,False,494.6391906698935,420.9013343740439,False,499.9067195370328,486.52512101716536,False,498.94122388801554,488.4410516162589,False,487.7862447455509,554.0571078536884,False,486.05597729531087,558.8439453694871,False,True,124.07540895543565,164.87290603536098,165.9838180877457
1,1,0.0166666666666666,0.0166666666666666,Sports2D_HALPE26_postprocessed,526.7274418086832,320.31530361476564,1.0,496.5899328378567,340.91306812204425,1.0,504.7191175449161,347.1775291201086,1.0,498.5282047563017,387.3273076498192,1.0,504.2461522793853,395.9939194999978,1.0,528.2482472836135,404.9548258188921,1.0,530.5398375047673,414.14222150609424,1.0,494.1022042733831,419.94272322551046,1.0,494.62768768390765,420.8987752104812,1.0,499.8898333765246,486.5222899794912,1.0,498.9228371430608,488.4379680641932,1.0,487.6382940347021,554.0401544775841,1.0,486.11283244833686,558.8234939723695,1.0,518.4388276899924,572.1022404697691,1.0,517.7079104258266,569.0527697715723,1.0,472.5229784237236,568.9073773983043,1.0,518.221871341585,571.7167241434602,1.0,513.8375372574296,576.2930537050208,1.0,476.25460584686766,572.5566678516125,1.0,1.0,0.0166666666666666,526.7274418086832,320.31530361476564,False,496.5899328378567,340.91306812204425,False,504.7191175449161,347.1775291201086,False,498.5282047563017,387.3273076498192,False,504.2461522793853,395.9939194999978,False,528.2482472836135,404.9548258188921,False,530.5398375047673,414.14222150609424,False,494.1022042733831,419.94272322551046,False,494.62768768390765,420.8987752104812,False,499.8898333765246,486.5222899794912,False,498.9228371430608,488.4379680641932,False,487.6382940347021,554.0401544775841,False,486.11283244833686,558.8234939723695,False,True,124.05892722884923,164.74710843312144,166.04637647679755
2,2,0.0333333333333333,0.0333333333333333,Sports2D_HALPE26_postprocessed,526.6511622613431,320.3684646523362,1.0,496.9412681218847,340.95396772479336,1.0,504.82166979460976,347.4470058450123,1.0,498.8945591399049,387.1503976767119,1.0,504.2990268824468,395.9944212341246,1.0,528.497295858896,404.662313138741,1.0,530.4787416332681,414.0330563727528,1.0,494.00628986351694,419.9365417318478,1.0,494.5552943823287,420.8872210411755,1.0,499.792615794588,486.5121832214522,1.0,498.8721324552831,488.4269241968193,1.0,487.23868288199446,553.9884675805483,1.0,486.2779104024762,558.7650274583448,1.0,518.2823600450647,571.9752369407744,1.0,517.2520185231124,568.906540509084,1.0,472.2031221643648,568.8982780788126,1.0,518.3790640168663,571.6483874935068,1.0,513.9254408466185,575.9807457532283,1.0,476.5945640688847,572.3683772775966,1.0,1.0,0.0333333333333333,526.6511622613431,320.3684646523362,False,496.9412681218847,340.95396772479336,False,504.82166979460976,347.4470058450123,False,498.8945591399049,387.1503976767119,False,504.2990268824468,395.9944212341246,False,528.497295858896,404.662313138741,False,530.4787416332681,414.0330563727528,False,494.00628986351694,419.9365417318478,False,494.5552943823287,420.8872210411755,False,499.792615794588,486.5121832214522,False,498.8721324552831,488.4269241968193,False,487.23868288199446,553.9884675805483,False,486.2779104024762,558.7650274583448,False,True,123.95124567581595,164.49334994296825,166.19149468581236
3,3,0.05,0.05,Sports2D_HALPE26_postprocessed,526.8526203806475,320.3165881697728,1.0,497.0080970074119,340.8979173306898,1.0,504.9806892158406,347.4869652845441,1.0,499.2040117647831,386.88976080103146,1.0,504.2565957528164,395.9264851433804,1.0,529.2870020257416,403.648079963977,1.0,530.5160857345558,414.06922617431326,1.0,493.8743272567517,419.80520058656873,1.0,494.5523557003713,420.7585559621439,1.0,499.6381292510249,486.4839757174968,1.0,498.8851744004975,488.396826135727,1.0,486.50984450789946,553.8809338094575,1.0,486.6114654020001,558.6442593199412,1.0,517.988412530598,571.6956486409106,1.0,517.015565549076,568.7230321010636,1.0,471.9267096435101,568.9180404327991,1.0,518.7029168902728,571.5299366081772,1.0,514.0201700574554,575.8039693738464,1.0,477.0424632820956,572.1391142772371,1.0,1.0,0.05,526.8526203806475,320.3165881697728,False,497.0080970074119,340.8979173306898,False,504.9806892158406,347.4869652845441,False,499.2040117647831,386.88976080103146,False,504.2565957528164,395.9264851433804,False,529.2870020257416,403.648079963977,False,530.5160857345558,414.06922617431326,False,493.8743272567517,419.80520058656873,False,494.5523557003713,420.7585559621439,False,499.6381292510249,486.4839757174968,False,498.8851744004975,488.396826135727,False,486.50984450789946,553.8809338094575,False,486.6114654020001,558.6442593199412,False,True,123.78426605814917,164.03691455731564,166.423975724596
4,4,0.0666666666666666,0.0666666666666666,Sports2D_HALPE26_postprocessed,527.2738592043277,320.13181401793724,1.0,497.3278834465965,340.8944449865366,1.0,505.095732378125,347.78464259524435,1.0,499.3110351817737,386.9927955045838,1.0,504.2122551297621,396.03629659712055,1.0,529.9221746023569,402.85925967100025,1.0,530.6665732937099,413.9783810274013,1.0,493.8496689387994,419.89630797889663,1.0,494.3545946427535,420.8186147609139,1.0,499.738537534986,486.49878152499736,1.0,498.8763106218155,488.41093274880205,1.0,486.53484620982334,553.8304436533255,1.0,486.5403401112352,558.5571812568043,1.0,518.0870628900351,571.5817153917482,1.0,517.0605518620465,568.6627704316161,1.0,471.84793126525767,568.9177915193693,1.0,518.8366828212274,571.4462815067018,1.0,513.9414032357246,575.7066986403125,1.0,476.927798394296,572.0670846552441,1.0,1.0,0.0666666666666666,527.2738592043277,320.13181401793724,False,497.3278834465965,340.8944449865366,False,505.095732378125,347.78464259524435,False,499.3110351817737,386.9927955045838,False,504.2122551297621,396.03629659712055,False,529.9221746023569,402.85925967100025,False,530.6665732937099,413.9783810274013,False,493.8496689387994,419.89630797889663,False,494.3545946427535,420.8186147609139,False,499.738537534986,486.49878152499736,False,498.8763106218155,488.41093274880205,False,486.53484620982334,553.8304436533255,False,486.5403401112352,558.5571812568043,False,True,123.09730050887556,163.85227820064733,166.19870350605498
5,5,0.0833333333333333,0.0833333333333333,Sports2D_HALPE26_postprocessed,527.7223672775984,320.09523273627303,1.0,497.7416288276875,340.90914441751613,1.0,505.3847556619341,347.7226460332953,1.0,499.16599382498873,386.8894365346603,1.0,504.113460881709,396.1339843737439,1.0,529.6537019169152,403.3907234100553,1.0,530.7805626145932,413.8910337634504,1.0,494.0082213579301,419.9957885087261,1.0,494.13244942510295,420.741440148727,1.0,499.7877039368533,486.6539686152989,1.0,498.8153928105641,488.5706364860968,1.0,486.57430954845233,553.9363165603679,1.0,486.4216397477359,558.5294424036421,1.0,518.2886116066632,571.745914631017,1.0,517.0890505725903,568.7823362728764,1.0,472.0037846044147,568.9057861399316,1.0,518.8061765937865,571.4257508502664,1.0,513.9779896978544,575.669650554657,1.0,476.6574055453213,572.1491172205274,1.0,1.0,0.0833333333333333,527.7223672775984,320.09523273627303,False,497.7416288276875,340.90914441751613,False,505.3847556619341,347.7226460332953,False,499.16599382498873,386.8894365346603,False,504.113460881709,396.1339843737439,False,529.6537019169152,403.3907234100553,False,530.7805626145932,413.8910337634504,False,494.0082213579301,419.9957885087261,False,494.13244942510295,420.741440148727,False,499.7877039368533,486.6539686152989,False,498.8153928105641,488.5706364860968,False,486.57430954845233,553.9363165603679,False,486.4216397477359,558.5294424036421,False,True,122.15453514414821,163.93390041892238,166.00438888743014
6,6,0.1,0.1,Sports2D_HALPE26_postprocessed,528.3009159560913,320.87186401796475,1.0,498.6564268669564,340.948572494869,1.0,505.8705393487911,347.9532005549245,1.0,499.9773015758983,387.11993533197466,1.0,503.9057686119189,396.2115040702138,1.0,529.8007591630775,404.0763926719349,1.0,531.0767429612671,413.7145922845398,1.0,494.25851820245344,420.2183346514309,1.0,493.5566985975743,420.80027552824,1.0,500.0387232676028,486.80346944072494,1.0,498.6774513116399,488.7506241574167,1.0,487.0128269480107,554.0120480379309,1.0,486.1609033845695,558.6779715381997,1.0,518.5131629839954,571.9555647835583,1.0,517.2189477138287,568.8294564909854,1.0,472.1229657173215,568.8931193049177,1.0,518.654474758074,571.547821434563,1.0,513.906189438687,575.7134626622544,1.0,476.5256470464541,572.1768889531197,1.0,1.0,0.1,528.3009159560913,320.87186401796475,False,498.6564268669564,340.948572494869,False,505.8705393487911,347.9532005549245,False,499.9773015758983,387.11993533197466,False,503.9057686119189,396.2115040702138,False,529.8007591630775,404.0763926719349,False,531.0767429612671,413.7145922845398,False,494.25851820245344,420.2183346514309,False,493.5566985975743,420.80027552824,False,500.0387232676028,486.80346944072494,False,498.6774513116399,488.7506241574167,False,487.0128269480107,554.0120480379309,False,486.1609033845695,558.6779715381997,False,True,120.45752700168356,164.06995882862708,165.54221268892093
7,7,0.1166666666666666,0.1166666666666666,Sports2D_HALPE26_postprocessed,529.2750243611822,321.72319200624446,1.0,498.9940760080936,341.24182642081547,1.0,506.1124869328476,348.0998442210558,1.0,500.0064150512276,387.4035112318007,1.0,503.7633480907933,396.4557071714525,1.0,529.8159415316343,404.144024500076,1.0,531.2165590163377,413.34426869216816,1.0,494.281076024185,420.37033534280863,1.0,493.389569285314,420.8641731018935,1.0,500.03360041662,486.714637050089,1.0,498.6405870437791,488.8105646182439,1.0,487.1148286021429,554.1018450014826,1.0,486.1516682068959,558.7884094072763,1.0,518.5412988857488,572.116324168109,1.0,517.1652747841674,568.8403582410177,1.0,472.0725208244328,568.8703138628359,1.0,518.623132705748,571.5944896649642,1.0,513.8784801283056,575.8583075331451,1.0,476.5733563814577,572.1813285319553,1.0,1.0,0.1166666666666666,529.2750243611822,321.72319200624446,False,498.9940760080936,341.24182642081547,False,506.1124869328476,348.0998442210558,False,500.0064150512276,387.4035112318007,False,503.7633480907933,396.4557071714525,False,529.8159415316343,404.144024500076,False,531.2165590163377,413.34426869216816,False,494.281076024185,420.37033534280863,False,493.389569285314,420.8641731018935,False,500.03360041662,486.714637050089,False,498.6405870437791,488.8105646182439,False,487.1148286021429,554.1018450014826,False,486.1516682068959,558.7884094072763,False,True,118.81758400596546,164.19196609973824,165.461846006736
8,8,0.1333333333333333,0.1333333333333333,Sports2D_HALPE26_postprocessed,530.2446542172626,322.657968547777,1.0,499.4593731218953,341.35209605696747,1.0,506.2968411870534,348.13014465177514,1.0,499.9934264886696,387.70802219603127,1.0,503.3941986837005,396.50581087739056,1.0,529.5479542613896,404.0134634805754,1.0,531.016709750741,412.900197447462,1.0,494.2825256716018,420.5822698158017,1.0,493.0169234751294,421.0230106876091,1.0,500.03995813462535,486.7156890023439,1.0,498.6234423881085,488.72330991318427,1.0,487.2948346556217,554.4027055113094,1.0,486.0247189963064,559.0801758206387,1.0,518.567448044264,572.3963100801079,1.0,517.1228958329125,568.8867875834607,1.0,472.1943133482986,568.8696495361315,1.0,518.6358667466592,571.6420271872746,1.0,513.8763469487112,575.9376922016993,1.0,476.49687320310034,572.2072525709408,1.0,1.0,0.1333333333333333,530.2446542172626,322.657968547777,False,499.4593731218953,341.35209605696747,False,506.2968411870534,348.13014465177514,False,499.9934264886696,387.70802219603127,False,503.3941986837005,396.50581087739056,False,529.5479542613896,404.0134634805754,False,531.016709750741,412.900197447462,False,494.2825256716018,420.5822698158017,False,493.0169234751294,421.0230106876091,False,500.03995813462535,486.7156890023439,False,498.6234423881085,488.72330991318427,False,487.2948346556217,554.4027055113094,False,486.0247189963064,559.0801758206387,False,True,117.25603345003645,164.36084852205445,165.11363250298913
9,9,0.15,0.15,Sports2D_HALPE26_postprocessed,531.0698662230341,323.70252059192046,1.0,499.9744353585859,341.72263053424115,1.0,507.337790939421,348.7404710423834,1.0,499.5942115930264,387.7932541035506,1.0,502.8972322875097,396.6489945703025,1.0,529.2158216453024,403.4832628399733,1.0,530.7410760696521,412.32388473177366,1.0,494.2079260186716,420.8526157312622,1.0,492.53377627181936,421.2935083008768,1.0,500.0652255941058,486.77739804780606,1.0,498.5976078535812,488.7361584589326,1.0,487.1386196777571,554.7595683315831,1.0,486.0893177581082,559.3329274586915,1.0,518.6191251042111,572.5451958429994,1.0,517.0646396604943,569.0096423136363,1.0,472.18227265009546,568.8436502771431,1.0,518.7957107596649,571.7276443969843,1.0,513.9807835644882,576.0084780974144,1.0,476.4503907733624,572.2585022279251,1.0,1.0,0.15,531.0698662230341,323.70252059192046,False,499.9744353585859,341.72263053424115,False,507.337790939421,348.7404710423834,False,499.5942115930264,387.7932541035506,False,502.8972322875097,396.6489945703025,False,529.2158216453024,403.4832628399733,False,530.7410760696521,412.32388473177366,False,494.2079260186716,420.8526157312622,False,492.53377627181936,421.2935083008768,False,500.0652255941058,486.77739804780606,False,498.5976078535812,488.7361584589326,False,487.1386196777571,554.7595683315831,False,486.0893177581082,559.3329274586915,False,True,114.08212856492149,164.15660798593748,164.81493967297845
10,10,0.1666666666666666,0.1666666666666666,Sports2D_HALPE26_postprocessed,531.1623532865556,324.0353956629789,1.0,501.19270855481096,342.2728786404041,1.0,507.904172968312,349.02613652486343,1.0,499.8120681301116,388.17556674146834,1.0,502.4131558461056,396.6866827197053,1.0,528.7883731129762,402.3940830689685,1.0,530.3733256825179,412.09056828314704,1.0,494.27744521944624,421.6529815929815,1.0,491.6743255175276,422.1023283706565,1.0,500.3201694959554,487.2788220920392,1.0,498.5166174876007,489.1750347394956,1.0,487.1837024438521,555.4809934367421,1.0,485.9622898554268,559.6250760914113,1.0,518.8194979291209,572.9075688878327,1.0,516.9914769981835,569.2698943425836,1.0,472.2130477460546,568.7751870923835,1.0,518.8725075070134,571.9099913879401,1.0,513.8944242597113,576.0815850759247,1.0,476.37295625233065,572.3249539739168,1.0,1.0,0.1666666666666666,531.1623532865556,324.0353956629789,False,501.19270855481096,342.2728786404041,False,507.904172968312,349.02613652486343,False,499.8120681301116,388.17556674146834,False,502.4131558461056,396.6866827197053,False,528.7883731129762,402.3940830689685,False,530.3733256825179,412.09056828314704,False,494.27744521944624,421.6529815929815,False,491.6743255175276,422.1023283706565,False,500.3201694959554,487.2788220920392,False,498.5166174876007,489.1750347394956,False,487.1837024438521,555.4809934367421,False,485.9622898554268,559.6250760914113,False,True,112.27923085071686,163.83686188764244,164.07108258540194
11,11,0.1833333333333333,0.1833333333333333,Sports2D_HALPE26_postprocessed,531.8388196818307,324.71325095490033,1.0,502.0860859131036,342.9735251207248,1.0,508.3099271882784,349.6360673334559,1.0,499.8208618596776,389.1220650105568,1.0,502.1391230826212,396.6520782428686,1.0,528.7040069787696,402.6490887846675,1.0,529.7539195387101,411.90345516584665,1.0,494.4001956952184,423.2441758900627,1.0,491.0112741054103,423.6569690621624,1.0,500.9322829640939,488.44144925448376,1.0,498.27385174976,490.22135499351066,1.0,487.2475780284073,556.571528761805,1.0,485.8191096728396,560.2662539126226,1.0,519.0560551242097,573.1459313790708,1.0,516.902135119093,569.7444683481268,1.0,472.6125664121701,568.9103604489121,1.0,519.100206899116,572.3207040055745,1.0,513.9292267963283,576.152923079097,1.0,476.0988226020485,572.3942321983016,1.0,1.0,0.1833333333333333,531.8388196818307,324.71325095490033,False,502.0860859131036,342.9735251207248,False,508.3099271882784,349.6360673334559,False,499.8208618596776,389.1220650105568,False,502.1391230826212,396.6520782428686,False,528.7040069787696,402.6490887846675,False,529.7539195387101,411.90345516584665,False,494.4001956952184,423.2441758900627,False,491.0112741054103,423.6569690621624,False,500.9322829640939,488.44144925448376,False,498.27385174976,490.22135499351066,False,487.2475780284073,556.571528761805,False,485.8191096728396,560.2662539126226,False,True,111.43415928396468,162.92127024520826,163.69087918954136
12,12,0.2,0.2,Sports2D_HALPE26_postprocessed,532.8710906613544,325.2894271279733,1.0,503.2140100931058,342.875782131295,1.0,508.9828766476781,349.8170965804533,1.0,499.7145138264805,389.2505204231489,1.0,501.9040430365179,396.79629561146345,1.0,528.693133266407,403.14802696070814,1.0,529.0836665702279,411.5796498788327,1.0,494.2769913105219,424.6910121177362,1.0,490.65619528420274,424.68356393603983,1.0,501.1281615581556,489.6405467638653,1.0,498.39997410678393,491.08050133839896,1.0,486.7349529343794,557.3918097084413,1.0,485.7278437841734,560.9301654286228,1.0,519.188166552211,573.1479789910571,1.0,516.8709199725631,569.972295298405,1.0,473.051837025677,569.0022251821626,1.0,519.4894848981455,572.5532541427741,1.0,513.988098031972,576.1950000774298,1.0,476.12434088323465,572.4365422304627,1.0,1.0,0.2,532.8710906613544,325.2894271279733,False,503.2140100931058,342.875782131295,False,508.9828766476781,349.8170965804533,False,499.7145138264805,389.2505204231489,False,501.9040430365179,396.79629561146345,False,528.693133266407,403.14802696070814,False,529.0836665702279,411.5796498788327,False,494.2769913105219,424.6910121177362,False,490.65619528420274,424.68356393603983,False,501.1281615581556,489.6405467638653,False,498.39997410678393,491.08050133839896,False,486.7349529343794,557.3918097084413,False,485.7278437841734,560.9301654286228,False,True,109.9734751420067,161.98473491611392,163.06496509261953
13,13,0.2166666666666666,0.2166666666666666,Sports2D_HALPE26_postprocessed,533.7250277551243,326.04338577218977,1.0,504.0777242393939,343.4416719504734,1.0,510.05814974436703,350.13186703694174,1.0,499.6598217723548,388.6512899529436,1.0,501.7395203180391,396.8183197610729,1.0,528.3887736600759,403.2283864618673,1.0,529.0848565600077,411.3917145564975,1.0,495.2952309527696,423.81448809134974,1.0,489.9828313836984,423.8166277861199,1.0,502.8787208943024,489.4865765024632,1.0,498.2971329026117,490.790656370796,1.0,488.0822199580217,557.2530711757395,1.0,484.9831209028708,560.9992840790529,1.0,519.8751292640771,573.2592216591395,1.0,517.3070431021474,570.1584594745117,1.0,473.8111514956328,569.1411768605229,1.0,518.9942862885944,572.7759338524298,1.0,513.7068000401727,576.231247086899,1.0,475.5309685372976,572.5101024437132,1.0,1.0,0.2166666666666666,533.7250277551243,326.04338577218977,False,504.0777242393939,343.4416719504734,False,510.05814974436703,350.13186703694174,False,499.6598217723548,388.6512899529436,False,501.7395203180391,396.8183197610729,False,528.3887736600759,403.2283864618673,False,529.0848565600077,411.3917145564975,False,495.2952309527696,423.81448809134974,False,489.9828313836984,423.8166277861199,False,502.8787208943024,489.4865765024632,False,498.2971329026117,490.790656370796,False,488.0822199580217,557.2530711757395,False,484.9831209028708,560.9992840790529,False,True,107.95191126603846,161.09597901815312,162.1856018472803
14,14,0.2333333333333333,0.2333333333333333,Sports2D_HALPE26_postprocessed,536.253326542966,326.36154215165044,1.0,506.1863367012618,344.4804843336869,1.0,510.56987344534014,351.08881864092217,1.0,500.6957637849208,388.7970202506865,1.0,501.6479472252951,397.1644991242654,1.0,528.6677645093258,403.32551019405633,1.0,529.2787249973238,411.431116015067,1.0,497.21208568039447,424.1388985823477,1.0,488.6065300571779,423.7705958288929,1.0,504.7892978632297,489.6980218970215,1.0,497.8106342864571,490.6089655574957,1.0,490.092204965836,557.4368951151318,1.0,484.0286706467333,561.2931741439764,1.0,520.1775476964301,573.5559694088101,1.0,517.9671016605362,570.3320621320219,1.0,474.8351246132824,569.3101446257746,1.0,518.1707586717189,573.0173862592511,1.0,512.8276056764583,576.253793405759,1.0,474.6125397601616,572.6050600177136,1.0,1.0,0.2333333333333333,536.253326542966,326.36154215165044,False,506.1863367012618,344.4804843336869,False,510.56987344534014,351.08881864092217,False,500.6957637849208,388.7970202506865,False,501.6479472252951,397.1644991242654,False,528.6677645093258,403.32551019405633,False,529.2787249973238,411.431116015067,False,497.21208568039447,424.1388985823477,False,488.6065300571779,423.7705958288929,False,504.7892978632297,489.6980218970215,False,497.8106342864571,490.6089655574957,False,490.092204965836,557.4368951151318,False,484.0286706467333,561.2931741439764,False,True,106.3497723897904,161.16555186782182,161.12621846811325
15,15,0.25,0.25,Sports2D_HALPE26_postprocessed,538.3534934820265,327.2868755330557,1.0,507.92357045232,345.108779609713,1.0,511.0846902084195,351.6758095129365,1.0,500.99575022444674,388.5610823196715,1.0,501.58905906814056,397.2700001895387,1.0,528.9326585913795,403.0897918377949,1.0,529.1966449510533,411.3775810772411,1.0,497.66043955250194,424.49758038907527,1.0,487.3468341387386,423.9946279113407,1.0,506.5218602964652,490.2058469783691,1.0,496.8547829870057,490.71373219929535,1.0,491.1558842771859,557.847523784302,1.0,483.5544795529083,561.6913435895184,1.0,520.2215320479975,573.7248413797397,1.0,518.4590126163914,570.4382287460107,1.0,477.3830494361082,569.4041740218314,1.0,517.1320384373398,573.0448617528832,1.0,511.8486697116152,576.1765177376094,1.0,474.0888340145665,572.6551710182237,1.0,1.0,0.25,538.3534934820265,327.2868755330557,False,507.92357045232,345.108779609713,False,511.0846902084195,351.6758095129365,False,500.99575022444674,388.5610823196715,False,501.58905906814056,397.2700001895387,False,528.9326585913795,403.0897918377949,False,529.1966449510533,411.3775810772411,False,497.66043955250194,424.49758038907527,False,487.3468341387386,423.9946279113407,False,506.5218602964652,490.2058469783691,False,496.8547829870057,490.71373219929535,False,491.1558842771859,557.847523784302,False,483.5544795529083,561.6913435895184,False,True,105.30271962618852,159.5209056390803,161.27613353854352
16,16,0.2666666666666666,0.2666666666666666,Sports2D_HALPE26_postprocessed,540.4159226840528,329.7584086270195,1.0,511.4150383466366,346.3146485623395,1.0,510.643782858551,352.3831485494041,1.0,504.04830011102223,388.4209535920074,1.0,501.4286325600449,397.40173411702233,1.0,530.1745702866529,402.7673950763323,1.0,529.453512349671,411.3093602195652,1.0,498.0650070097171,424.9869310464306,1.0,486.189956725511,424.1353549413651,1.0,508.5306225669155,490.466488914212,1.0,495.7378589293506,490.8918081793144,1.0,492.1289969475916,558.222572652231,1.0,483.1204998826594,561.8095782649157,1.0,520.3067200747541,573.7998802342188,1.0,518.6798504035578,570.4496878630308,1.0,484.9819979633573,569.2390790435117,1.0,516.1199713163822,573.147378012899,1.0,510.5234707314751,576.1208011911461,1.0,473.5231973237176,572.5828125468714,1.0,1.0,0.2666666666666666,540.4159226840528,329.7584086270195,False,511.4150383466366,346.3146485623395,False,510.643782858551,352.3831485494041,False,504.04830011102223,388.4209535920074,False,501.4286325600449,397.40173411702233,False,530.1745702866529,402.7673950763323,False,529.453512349671,411.3093602195652,False,498.0650070097171,424.9869310464306,False,486.189956725511,424.1353549413651,False,508.5306225669155,490.466488914212,False,495.7378589293506,490.8918081793144,False,492.1289969475916,558.222572652231,False,483.1204998826594,561.8095782649157,False,True,104.8249232378652,157.31145350902892,161.7721838747445
17,17,0.2833333333333333,0.2833333333333333,Sports2D_HALPE26_postprocessed,542.3218106772221,330.7768209712346,1.0,515.9050895260013,349.0204786380944,1.0,510.2290904220974,352.9154586571888,1.0,506.66779507297656,389.45157447291695,1.0,501.27720765880593,397.6744204036714,1.0,530.8756743866664,402.79791598217537,1.0,529.1394753834802,410.9534211130128,1.0,497.67962662337055,425.7940927068447,1.0,484.727413108652,424.8417133774034,1.0,509.1794349211789,490.5928350522759,1.0,495.2920765387773,490.99703800906747,1.0,492.1777570103043,558.3569678395722,1.0,483.0678585821318,562.0155454257106,1.0,520.2686231036005,573.9883557333598,1.0,518.6529592138556,570.4369893268475,1.0,481.4733314725045,569.1488642784287,1.0,516.3831039824737,573.1450875357486,1.0,510.7971147296394,576.0799046118939,1.0,473.7233873957218,572.6126159425759,1.0,1.0,0.2833333333333333,542.3218106772221,330.7768209712346,False,515.9050895260013,349.0204786380944,False,510.2290904220974,352.9154586571888,False,506.66779507297656,389.45157447291695,False,501.27720765880593,397.6744204036714,False,530.8756743866664,402.79791598217537,False,529.1394753834802,410.9534211130128,False,497.67962662337055,425.7940927068447,False,484.727413108652,424.8417133774034,False,509.1794349211789,490.5928350522759,False,495.2920765387773,490.99703800906747,False,492.1777570103043,558.3569678395722,False,483.0678585821318,562.0155454257106,False,True,104.17216352959653,155.85202480055366,161.16031169932626
18,18,0.3,0.3,Sports2D_HALPE26_postprocessed,544.2557863839083,332.86819595431973,1.0,518.597848939627,351.15899312142824,1.0,510.39832644447154,353.5493998350603,1.0,509.7564115441028,390.0172284044422,1.0,501.1295311196742,397.9516071279449,1.0,532.5347532641347,402.65530847809526,1.0,528.789429478189,411.2289366777285,1.0,497.5409942094496,426.3120137738636,1.0,483.8460364897735,425.3665624049625,1.0,509.9713995275735,490.76008729566473,1.0,494.8546484040209,491.2028952948992,1.0,492.3809951104244,558.4397433665798,1.0,482.5009649748153,562.110927924536,1.0,520.2749180298924,574.0671838441629,1.0,518.8387965365508,570.5205841319007,1.0,485.97298548523503,569.1182553111838,1.0,516.1678460734822,573.1434241219804,1.0,510.20236561434353,576.0723884595232,1.0,473.3239210432757,572.6505986815589,1.0,1.0,0.3,544.2557863839083,332.86819595431973,False,518.597848939627,351.15899312142824,False,510.39832644447154,353.5493998350603,False,509.7564115441028,390.0172284044422,False,501.1295311196742,397.9516071279449,False,532.5347532641347,402.65530847809526,False,528.789429478189,411.2289366777285,False,497.5409942094496,426.3120137738636,False,483.8460364897735,425.3665624049625,False,509.9713995275735,490.76008729566473,False,494.8546484040209,491.2028952948992,False,492.3809951104244,558.4397433665798,False,482.5009649748153,562.110927924536,False,True,103.8510168464435,154.51393007844752,160.62434616411764
19,19,0.3166666666666666,0.3166666666666666,Sports2D_HALPE26_postprocessed,546.8616341655159,334.4488942047996,1.0,520.6911567849118,352.55759449273523,1.0,510.6741075519855,354.36027212256954,1.0,511.5940284056524,390.2225278557749,1.0,500.87645878499336,398.3391918460503,1.0,533.1325241750046,402.5217822922034,1.0,528.1130484148165,411.2509109761573,1.0,497.3365268316513,426.8526350643602,1.0,483.0680395308345,425.8855162359531,1.0,510.7503740087142,490.7363255673587,1.0,494.4700237976165,491.1955646190786,1.0,492.91678559576656,558.1771829448886,1.0,482.07073176080246,562.0616580870249,1.0,520.5641474057493,574.1006633927555,1.0,519.2173544153222,570.7936290376259,1.0,488.065832048528,569.0850276963848,1.0,514.8296771279159,573.112689035111,1.0,508.0217315324003,576.0906691062186,1.0,472.9895413917191,572.6518712673636,1.0,1.0,0.3166666666666666,546.8616341655159,334.4488942047996,False,520.6911567849118,352.55759449273523,False,510.6741075519855,354.36027212256954,False,511.5940284056524,390.2225278557749,False,500.87645878499336,398.3391918460503,False,533.1325241750046,402.5217822922034,False,528.1130484148165,411.2509109761573,False,497.3365268316513,426.8526350643602,False,483.0680395308345,425.8855162359531,False,510.7503740087142,490.7363255673587,False,494.4700237976165,491.1955646190786,False,492.91678559576656,558.1771829448886,False,482.07073176080246,562.0616580870249,False,True,102.80436864539242,153.32983717159573,160.17251115864838
20,20,0.3333333333333333,0.3333333333333333,Sports2D_HALPE26_postprocessed,548.9995012161063,336.967223855156,1.0,523.3455672690832,354.0726577961088,1.0,511.18908065625527,355.4073847630677,1.0,513.9679411737065,391.2004183976954,1.0,500.8223079464523,398.9344537998686,1.0,534.9200460837012,402.38359407476815,1.0,527.6024192427319,411.2308969400286,1.0,497.4317429658326,427.4186650356443,1.0,482.5099585227192,426.12985994368034,1.0,511.7287224545573,490.712411744453,1.0,494.2849941572156,491.1862968091282,1.0,493.4960206553942,557.7464670984589,1.0,481.6448099670752,561.7743197616936,1.0,520.7286807315813,574.2739346492918,1.0,519.4737714273425,571.0291755975218,1.0,488.8517952325088,568.9729245442659,1.0,513.3392535158142,573.0655620449825,1.0,506.2331552162899,576.1565979958461,1.0,472.6436992612792,572.6238368396125,1.0,1.0,0.3333333333333333,548.9995012161063,336.967223855156,False,523.3455672690832,354.0726577961088,False,511.18908065625527,355.4073847630677,False,513.9679411737065,391.2004183976954,False,500.8223079464523,398.9344537998686,False,534.9200460837012,402.38359407476815,False,527.6024192427319,411.2308969400286,False,497.4317429658326,427.4186650356443,False,482.5099585227192,426.12985994368034,False,511.7287224545573,490.712411744453,False,494.2849941572156,491.1862968091282,False,493.4960206553942,557.7464670984589,False,481.6448099670752,561.7743197616936,False,True,101.26638358029602,152.0555928641098,159.5883490754294
21,21,0.35,0.35,Sports2D_HALPE26_postprocessed,551.3587672919706,340.2061847971128,1.0,525.1352053988315,355.439754801486,1.0,512.0331046908051,356.6827451701074,1.0,517.1041061503258,391.4702040947041,1.0,500.6079045392998,399.1779374535249,1.0,537.200041001094,403.0121986879737,1.0,527.4424317934674,411.1704006830601,1.0,497.6525933193834,428.4352622196261,1.0,482.1957402995861,427.0518789363522,1.0,512.6631632304333,490.6008289240128,1.0,494.3970663384929,491.0235785373666,1.0,493.6937978143762,557.139904421182,1.0,481.4995623447132,561.6047534659738,1.0,520.9870515643034,574.348092926286,1.0,520.0230899786535,570.9101138615756,1.0,489.1995347670661,568.523549409579,1.0,513.1554870812517,573.0636720286581,1.0,506.4125877683428,576.2460567007874,1.0,472.5258001162166,572.626292350833,1.0,1.0,0.35,551.3587672919706,340.2061847971128,False,525.1352053988315,355.439754801486,False,512.0331046908051,356.6827451701074,False,517.1041061503258,391.4702040947041,False,500.6079045392998,399.1779374535249,False,537.200041001094,403.0121986879737,False,527.4424317934674,411.1704006830601,False,497.6525933193834,428.4352622196261,False,482.1957402995861,427.0518789363522,False,512.6631632304333,490.6008289240128,False,494.3970663384929,491.0235785373666,False,493.6937978143762,557.139904421182,False,481.4995623447132,561.6047534659738,False,True,99.0314622342262,150.51301988986984,158.8460948176163
22,22,0.3666666666666666,0.3666666666666666,Sports2D_HALPE26_postprocessed,554.1570471481572,343.73826784909136,1.0,527.6765735345386,357.8886320299701,1.0,512.7032817039865,357.952927906767,1.0,520.5627478234554,391.9136375344984,1.0,500.3557958804275,399.9796550817376,1.0,537.8858218054083,403.87273916984,1.0,527.8679385083974,411.2693303518439,1.0,497.3312884035888,429.896794627176,1.0,481.354872708145,428.19360340504926,1.0,513.6198413856541,490.975095533142,1.0,494.5368782346002,491.6021635328055,1.0,493.8823159267449,556.672934918622,1.0,481.4473909004091,561.5632721981543,1.0,521.095809492218,574.3273175339638,1.0,520.2137256754521,570.8866109320619,1.0,489.6534519806552,568.338876945481,1.0,513.2645065292336,573.0619974373037,1.0,506.555836973388,576.4076304911067,1.0,472.4395443331816,572.636019840213,1.0,1.0,0.3666666666666666,554.1570471481572,343.73826784909136,False,527.6765735345386,357.8886320299701,False,512.7032817039865,357.952927906767,False,520.5627478234554,391.9136375344984,False,500.3557958804275,399.9796550817376,False,537.8858218054083,403.87273916984,False,527.8679385083974,411.2693303518439,False,497.3312884035888,429.896794627176,False,481.354872708145,428.19360340504926,False,513.6198413856541,490.975095533142,False,494.5368782346002,491.6021635328055,False,493.8823159267449,556.672934918622,False,481.4473909004091,561.5632721981543,False,True,95.93808510170487,148.34591836882504,157.65873086148832
23,23,0.3833333333333333,0.3833333333333333,Sports2D_HALPE26_postprocessed,555.5019249055069,345.5205586179671,1.0,528.6671246143013,359.3879921162006,1.0,514.1133000357349,359.73739201011693,1.0,521.6308822388419,392.00286339787255,1.0,499.9633084330234,401.0780960340461,1.0,537.9559880255208,403.4320934438679,1.0,527.0974972955584,410.9722509173308,1.0,496.36566624835007,431.0336721111456,1.0,479.4132436889238,429.6295547874557,1.0,514.254404362438,491.3968629744964,1.0,494.3161481010198,492.1944962896871,1.0,494.0848922482968,556.5898598747701,1.0,481.0255277136989,561.5541954577,1.0,521.1343629857389,574.2922736929728,1.0,520.3266471525054,571.1111081715117,1.0,490.7415048817477,568.5181735582224,1.0,511.9749122753017,573.1000719790387,1.0,504.9955112369902,576.5787692374729,1.0,472.329204739922,572.7096739001508,1.0,1.0,0.3833333333333333,555.5019249055069,345.5205586179671,False,528.6671246143013,359.3879921162006,False,514.1133000357349,359.73739201011693,False,521.6308822388419,392.00286339787255,False,499.9633084330234,401.0780960340461,False,537.9559880255208,403.4320934438679,False,527.0974972955584,410.9722509173308,False,496.36566624835007,431.0336721111456,False,479.4132436889238,429.6295547874557,False,514.254404362438,491.3968629744964,False,494.3161481010198,492.1944962896871,False,494.0848922482968,556.5898598747701,False,481.0255277136989,561.5541954577,False,True,91.13885468535598,146.30161304523125,155.75442032596098
24,24,0.4,0.4,Sports2D_HALPE26_postprocessed,556.0589079366447,349.196260610803,1.0,530.3113472182483,361.6375348761574,1.0,515.1894504518085,361.6100491052727,1.0,521.8947422243004,392.5303319594229,1.0,499.4209718818573,401.99092942366985,1.0,538.0752871521055,402.9301923547836,1.0,526.476401526382,411.4281583421681,1.0,495.64552769321966,431.976658657519,1.0,478.427864682604,430.28611341059366,1.0,514.4810769703788,491.6052143405104,1.0,493.9547483449976,492.87335332828513,1.0,493.8599420150598,556.4415608945917,1.0,480.7987320249108,561.6588046343113,1.0,520.8552361095958,573.8947995935089,1.0,520.3029147635348,570.7858063951296,1.0,490.83155202245104,568.4566052174025,1.0,510.62022732885225,573.1615325722065,1.0,503.7932022635507,576.8591885079693,1.0,472.2008554696538,572.9186622176251,1.0,1.0,0.4,556.0589079366447,349.196260610803,False,530.3113472182483,361.6375348761574,False,515.1894504518085,361.6100491052727,False,521.8947422243004,392.5303319594229,False,499.4209718818573,401.99092942366985,False,538.0752871521055,402.9301923547836,False,526.476401526382,411.4281583421681,False,495.64552769321966,431.976658657519,False,478.427864682604,430.28611341059366,False,514.4810769703788,491.6052143405104,False,493.9547483449976,492.87335332828513,False,493.8599420150598,556.4415608945917,False,480.7987320249108,561.6588046343113,False,True,87.89899774971191,144.82643099854272,155.23941465952305
25,25,0.4166666666666667,0.4166666666666667,Sports2D_HALPE26_postprocessed,557.9596725428864,353.0361099135087,1.0,533.0708868484717,363.6508011182877,1.0,517.1662933213124,363.18046984523136,1.0,524.8472730761664,393.65822196151976,1.0,498.8165790931268,402.4891779972484,1.0,538.3533807118635,403.6807449877417,1.0,525.5717298240107,411.8291224872009,1.0,495.14085180609845,432.3234218989693,1.0,477.7930159743287,430.5922411142102,1.0,515.2941191896447,491.65136441860585,1.0,494.090589226495,493.640519619574,1.0,493.3312876602888,556.1640640861339,1.0,480.6015657936082,561.8396346124964,1.0,520.428660941282,573.4344879228184,1.0,519.9249669202444,570.4866898298288,1.0,491.0642398194132,568.3129159925642,1.0,510.29326938022535,573.2492564650456,1.0,503.6752613752758,577.0630392233247,1.0,472.026977046613,572.9923173410211,1.0,1.0,0.4166666666666667,557.9596725428864,353.0361099135087,False,533.0708868484717,363.6508011182877,False,517.1662933213124,363.18046984523136,False,524.8472730761664,393.65822196151976,False,498.8165790931268,402.4891779972484,False,538.3533807118635,403.6807449877417,False,525.5717298240107,411.8291224872009,False,495.14085180609845,432.3234218989693,False,477.7930159743287,430.5922411142102,False,515.2941191896447,491.65136441860585,False,494.090589226495,493.640519619574,False,493.3312876602888,556.1640640861339,False,480.6015657936082,561.8396346124964,False,True,84.21990653689875,142.4370222280388,154.31859833101905
26,26,0.4333333333333333,0.4333333333333333,Sports2D_HALPE26_postprocessed,558.5692005612974,358.1782569420104,1.0,535.7766093836742,366.9251339353202,1.0,517.8338910236623,364.9050653676061,1.0,529.7128910916044,396.9246441195083,1.0,498.1670130905664,403.6060584709009,1.0,538.7392962878381,406.309693761456,1.0,524.6871894362023,411.6094516740106,1.0,494.830461957086,432.934286516928,1.0,477.04062570534666,430.8871853337327,1.0,516.1048623275433,491.7463259840613,1.0,494.31171767857,494.4537645858426,1.0,493.0213727358832,556.164373740027,1.0,480.5399896307999,562.0011047960229,1.0,519.5396490488997,573.1891021877507,1.0,519.1105810434606,570.0610072137783,1.0,490.8339946274191,568.0447515565518,1.0,510.3367169118202,573.2828670841253,1.0,503.4348885721371,577.2256785233259,1.0,471.860747999677,573.2758974966657,1.0,1.0,0.4333333333333333,558.5692005612974,358.1782569420104,False,535.7766093836742,366.9251339353202,False,517.8338910236623,364.9050653676061,False,529.7128910916044,396.9246441195083,False,498.1670130905664,403.6060584709009,False,538.7392962878381,406.309693761456,False,524.6871894362023,411.6094516740106,False,494.830461957086,432.934286516928,False,477.04062570534666,430.8871853337327,False,516.1048623275433,491.7463259840613,False,494.31171767857,494.4537645858426,False,493.0213727358832,556.164373740027,False,480.5399896307999,562.0011047960229,False,True,79.85449015969981,140.39857088634628,153.275962139066
27,27,0.45,0.45,Sports2D_HALPE26_postprocessed,560.2382626792382,363.9032613576562,1.0,536.8475768703782,369.011587199273,1.0,519.6898356391847,367.2423632811484,1.0,526.9125513271194,398.98170391689615,1.0,497.5375728337952,405.0290519070656,1.0,538.0586061515658,408.353173969476,1.0,524.339805203635,411.7707150290053,1.0,494.6905349102132,433.5896717697438,1.0,476.4129612117612,431.5541293533665,1.0,516.5951501476621,491.8650962555111,1.0,494.7930101449935,494.6368842170272,1.0,492.53506830315166,555.7943558291878,1.0,480.5903684463899,561.9505698778125,1.0,517.4157039847942,572.7095275864024,1.0,516.8631491267552,569.7562111043751,1.0,489.88783882860383,567.0278241269241,1.0,510.49724123979234,573.548163965792,1.0,503.2636731880837,577.3471845391537,1.0,471.9903019147948,573.3071915486871,1.0,1.0,0.45,560.2382626792382,363.9032613576562,False,536.8475768703782,369.011587199273,False,519.6898356391847,367.2423632811484,False,526.9125513271194,398.98170391689615,False,497.5375728337952,405.0290519070656,False,538.0586061515658,408.353173969476,False,524.339805203635,411.7707150290053,False,494.6905349102132,433.5896717697438,False,476.4129612117612,431.5541293533665,False,516.5951501476621,491.8650962555111,False,494.7930101449935,494.6368842170272,False,492.53506830315166,555.7943558291878,False,480.5903684463899,561.9505698778125,False,True,73.73815885308888,138.77565391835032,151.84157531773113
28,28,0.4666666666666667,0.4666666666666667,Sports2D_HALPE26_postprocessed,563.2611322439082,366.8584573897815,1.0,540.1789450498331,373.6905979498524,1.0,521.4250930299501,369.62109690978224,1.0,525.7529357665945,402.70102214756383,1.0,496.1977976613909,405.4708468585852,1.0,537.1088252634775,413.4312905529708,1.0,523.6397198785522,412.58288283730064,1.0,494.5604344174291,433.7895391962872,1.0,475.4142246878087,432.05135508520925,1.0,517.5107555130664,492.04692992555897,1.0,495.03360861359454,494.9161077045573,1.0,491.7269052502397,555.6927008742935,1.0,480.5290427509117,562.105599716212,1.0,515.7525567680808,572.3590660914991,1.0,514.1353156353066,569.4655465333124,1.0,487.5468050509786,566.3370287085106,1.0,510.0912934610001,573.6819777725536,1.0,502.855614681837,577.3407973898769,1.0,472.0461499924921,573.3595640415674,1.0,1.0,0.4666666666666667,563.2611322439082,366.8584573897815,False,540.1789450498331,373.6905979498524,False,521.4250930299501,369.62109690978224,False,525.7529357665945,402.70102214756383,False,496.1977976613909,405.4708468585852,False,537.1088252634775,413.4312905529708,False,523.6397198785522,412.58288283730064,False,494.5604344174291,433.7895391962872,False,475.4142246878087,432.05135508520925,False,517.5107555130664,492.04692992555897,False,495.03360861359454,494.9161077045573,False,491.7269052502397,555.6927008742935,False,480.5290427509117,562.105599716212,False,True,69.39562718707639,136.44458820013614,150.48562464385466
29,29,0.4833333333333333,0.4833333333333333,Sports2D_HALPE26_postprocessed,565.9730749416194,370.3499140027953,1.0,542.4081180955269,378.9277584458428,1.0,522.1886464016366,371.8810645866328,1.0,526.1550181410367,405.1201121723935,1.0,495.0223289567592,405.8712478895906,1.0,536.8419580384946,415.76044744010215,1.0,522.6696257677444,415.2901416986359,1.0,494.7396886785027,434.8034828068497,1.0,474.7443758315123,432.4762774035109,1.0,518.1931361366437,492.1593726094411,1.0,495.2607925918607,495.6285112678712,1.0,490.0473797029748,555.7571447684227,1.0,480.31392240931393,562.3617180804201,1.0,514.2551578014966,572.1707736415503,1.0,512.954478793562,569.0529979505113,1.0,483.80942064168926,566.1129037592126,1.0,509.6409832687157,573.5996706045688,1.0,502.7141550218081,576.9638758928525,1.0,471.9751992846649,573.2912801348828,1.0,1.0,0.4833333333333333,565.9730749416194,370.3499140027953,False,542.4081180955269,378.9277584458428,False,522.1886464016366,371.8810645866328,False,526.1550181410367,405.1201121723935,False,495.0223289567592,405.8712478895906,False,536.8419580384946,415.76044744010215,False,522.6696257677444,415.2901416986359,False,494.7396886785027,434.8034828068497,False,474.7443758315123,432.4762774035109,False,518.1931361366437,492.1593726094411,False,495.2607925918607,495.6285112678712,False,490.0473797029748,555.7571447684227,False,480.31392240931393,562.3617180804201,False,True,70.17972340350131,133.8876035796584,149.37773363866333
30,30,0.5,0.5,Sports2D_HALPE26_postprocessed,566.6688709411394,374.9272604269811,1.0,544.6871218415813,381.895808815071,1.0,523.9017225158262,374.4960209449688,1.0,526.9709254979949,408.36854946558856,1.0,494.3401302282055,405.8834974430117,1.0,536.6626499475879,418.8811562320793,1.0,521.8117686484505,419.6366468321464,1.0,494.655058187288,435.77552798540376,1.0,474.4429642152126,433.1171963921212,1.0,518.5748379263615,492.18195021044,1.0,495.6292050591635,495.8153015604007,1.0,488.14743460076807,555.4445847455773,1.0,480.2499808235515,562.1764414910064,1.0,511.2035752216642,571.9401331342787,1.0,510.3377697701734,568.4955911107446,1.0,482.3504590012741,565.1958422807915,1.0,509.6366272910708,573.2608146005346,1.0,502.9628140076702,576.3478733986607,1.0,471.9644538780997,573.0644232109968,1.0,1.0,0.5,566.6688709411394,374.9272604269811,False,544.6871218415813,381.895808815071,False,523.9017225158262,374.4960209449688,False,526.9709254979949,408.36854946558856,False,494.3401302282055,405.8834974430117,False,536.6626499475879,418.8811562320793,False,521.8117686484505,419.6366468321464,False,494.655058187288,435.77552798540376,False,474.4429642152126,433.1171963921212,False,518.5748379263615,492.18195021044,False,495.6292050591635,495.8153015604007,False,488.14743460076807,555.4445847455773,False,480.2499808235515,562.1764414910064,False,True,73.3098868556031,131.3339400023433,148.28145439298004
31,31,0.5166666666666666,0.5166666666666666,Sports2D_HALPE26_postprocessed,570.242802812407,379.8217377238513,1.0,546.6534637814939,383.40698211765965,1.0,525.6368094285533,377.1682104881805,1.0,531.6550776173381,410.7425310165119,1.0,492.7410764426479,405.3157116281412,1.0,536.2165359371976,421.6862465979009,1.0,522.0288727408405,421.483740371297,1.0,494.2929064976343,436.90304798322654,1.0,474.0128103588252,434.4957458882217,1.0,519.1932996676754,492.10118114795495,1.0,496.1068967063175,495.98272279717065,1.0,485.1057316998277,554.5966037779908,1.0,480.08778214763487,561.9793001600003,1.0,508.6334605126187,571.7326345551935,1.0,507.8459049887541,568.0061022053144,1.0,474.10482777321886,563.3245948760122,1.0,509.76464529806674,572.8574615250527,1.0,503.2694201784365,575.8318047947014,1.0,471.762135578914,573.0063873334932,1.0,1.0,0.5166666666666666,570.242802812407,379.8217377238513,False,546.6534637814939,383.40698211765965,False,525.6368094285533,377.1682104881805,False,531.6550776173381,410.7425310165119,False,492.7410764426479,405.3157116281412,False,536.2165359371976,421.6862465979009,False,522.0288727408405,421.483740371297,False,494.2929064976343,436.90304798322654,False,474.0128103588252,434.4957458882217,False,519.1932996676754,492.10118114795495,False,496.1068967063175,495.98272279717065,False,485.1057316998277,554.5966037779908,False,480.08778214763487,561.9793001600003,False,True,69.45266355342812,127.10955683756886,146.59179123457517
32,32,0.5333333333333333,0.5333333333333333,Sports2D_HALPE26_postprocessed,573.8160420320261,384.21201246906406,1.0,548.5570917582226,388.87100114019313,1.0,528.2273372785223,380.6794817413558,1.0,534.3809462091599,415.5415996111552,1.0,492.1553871442351,405.0002684392431,1.0,535.9744960224157,426.0271012401751,1.0,520.2907674267097,423.9709733880496,1.0,494.441317045986,437.84684824040886,1.0,474.4952790635044,434.8749742705989,1.0,519.7144107478757,492.0243097233479,1.0,496.4489068481122,496.5586417632943,1.0,481.8676376646841,553.5067303725091,1.0,480.1235571243578,562.279203430993,1.0,506.71793202499714,571.6028408219906,1.0,505.8871063668304,567.8643728137645,1.0,470.60389332660094,559.4476208941055,1.0,510.00356237004667,572.6294144319263,1.0,503.431670417311,575.8023428482445,1.0,471.7649777881181,573.1146787843479,1.0,1.0,0.5333333333333333,573.8160420320261,384.21201246906406,False,548.5570917582226,388.87100114019313,False,528.2273372785223,380.6794817413558,False,534.3809462091599,415.5415996111552,False,492.1553871442351,405.0002684392431,False,535.9744960224157,426.0271012401751,False,520.2907674267097,423.9709733880496,False,494.441317045986,437.84684824040886,False,474.4952790635044,434.8749742705989,False,519.7144107478757,492.0243097233479,False,496.4489068481122,496.5586417632943,False,481.8676376646841,553.5067303725091,False,480.1235571243578,562.279203430993,False,True,67.97943927124005,123.37631727156835,146.45878956585963
33,33,0.55,0.55,Sports2D_HALPE26_postprocessed,574.7426573615503,391.42739547788807,1.0,550.0646333186355,391.2912174202144,1.0,530.1007535900864,383.05199587323335,1.0,536.6899192700857,421.1450443883943,1.0,491.79213565744703,403.7737108107407,1.0,536.0739150898291,433.5572077859321,1.0,519.0853195679451,427.5456101619135,1.0,493.8414022237875,438.0179758368726,1.0,474.8948087055194,434.6811962303899,1.0,519.9884419523427,491.8629148347028,1.0,496.8056839478197,497.0863748159661,1.0,480.176862580572,551.518122469662,1.0,480.1412580167043,562.7978670124185,1.0,504.9005752979736,570.5759824942777,1.0,503.0950338858036,566.8965737207643,1.0,469.1587476806776,556.196842221118,1.0,510.1604678112715,572.4977485880412,1.0,503.6513261985914,575.6862916032464,1.0,471.4904655969264,573.3891431473261,1.0,1.0,0.55,574.7426573615503,391.42739547788807,False,550.0646333186355,391.2912174202144,False,530.1007535900864,383.05199587323335,False,536.6899192700857,421.1450443883943,False,491.79213565744703,403.7737108107407,False,536.0739150898291,433.5572077859321,False,519.0853195679451,427.5456101619135,False,493.8414022237875,438.0179758368726,False,474.8948087055194,434.6811962303899,False,519.9884419523427,491.8629148347028,False,496.8056839478197,497.0863748159661,False,480.176862580572,551.518122469662,False,480.1412580167043,562.7978670124185,False,True,69.46494177488636,120.38123047542771,146.4232818107656
34,34,0.5666666666666667,0.5666666666666667,Sports2D_HALPE26_postprocessed,574.4645993642841,395.13791617889547,1.0,552.1082986833554,397.6743627865706,1.0,531.208159460088,385.046141581708,1.0,537.2394492339149,425.5334461288061,1.0,491.0681435168706,402.83916555581607,1.0,536.1234880415548,440.2636771430234,1.0,515.6726988214101,428.7388662468825,1.0,493.6859177099436,438.577184283681,1.0,475.1398702585611,434.3417857103391,1.0,520.4849593651784,491.7824408259793,1.0,497.3357062806537,496.8788026583984,1.0,479.1566816629804,549.9111719309446,1.0,480.3466118884476,562.9381982976421,1.0,501.3149025326053,569.4580696281668,1.0,498.86201108988,566.0746486211876,1.0,468.3312529112602,554.0977556362948,1.0,510.55034292669006,572.7273173799507,1.0,504.0369451633106,575.8402108621606,1.0,471.5680729278954,573.2691089953108,1.0,1.0,0.5666666666666667,574.4645993642841,395.13791617889547,False,552.1082986833554,397.6743627865706,False,531.208159460088,385.046141581708,False,537.2394492339149,425.5334461288061,False,491.0681435168706,402.83916555581607,False,536.1234880415548,440.2636771430234,False,515.6726988214101,428.7388662468825,False,493.6859177099436,438.577184283681,False,475.1398702585611,434.3417857103391,False,520.4849593651784,491.7824408259793,False,497.3357062806537,496.8788026583984,False,479.1566816629804,549.9111719309446,False,480.3466118884476,562.9381982976421,False,True,70.37545026225008,117.85397912169408,146.0363277087822
35,35,0.5833333333333334,0.5833333333333334,Sports2D_HALPE26_postprocessed,575.4507032594486,399.1211043000905,1.0,553.4140036363992,403.9945909068808,1.0,532.7243964395934,387.8519697397976,1.0,536.8516820098604,431.3124957692913,1.0,491.7237765173113,400.58049289449474,1.0,536.1220870632332,448.18951289053314,1.0,508.0138707512889,432.6299203950907,1.0,494.5808512569008,438.8444011166925,1.0,475.9459627650929,433.9367860491951,1.0,521.2634924326279,491.5966988617987,1.0,498.3168570498349,496.44049608813697,1.0,478.9058596687942,548.6712756299186,1.0,480.3079694295423,562.8083616082151,1.0,502.5382226187199,569.4613895739758,1.0,500.9872642880432,565.6863584677242,1.0,468.0141427591847,553.0156702177289,1.0,510.71435060371607,572.7053768273842,1.0,504.1480948871279,575.80437234528,1.0,471.7937670710765,573.1754755160979,1.0,1.0,0.5833333333333334,575.4507032594486,399.1211043000905,False,553.4140036363992,403.9945909068808,False,532.7243964395934,387.8519697397976,False,536.8516820098604,431.3124957692913,False,491.7237765173113,400.58049289449474,False,536.1220870632332,448.18951289053314,False,508.0138707512889,432.6299203950907,False,494.5808512569008,438.8444011166925,False,475.9459627650929,433.9367860491951,False,521.2634924326279,491.5966988617987,False,498.3168570498349,496.44049608813697,False,478.9058596687942,548.6712756299186,False,480.3079694295423,562.8083616082151,False,True,80.30346769232547,116.58846994113358,145.12543000950666
36,36,0.6,0.6,Sports2D_HALPE26_postprocessed,576.4028457765747,404.21958376160205,1.0,554.1916119065817,408.59596059491855,1.0,534.5162063979467,391.2464454119643,1.0,538.8183755619285,434.1122770895415,1.0,492.5261474933414,398.50575169029264,1.0,535.9717318343131,456.5789054230136,1.0,501.06227285153,437.1510414259313,1.0,497.2030101797951,441.5399528450414,1.0,477.1157566878803,435.18583635799246,1.0,522.2661250335085,491.4148109133595,1.0,499.522750134704,496.0253756025692,1.0,479.4447655111831,547.2269664051281,1.0,480.36193044973055,562.3725070120731,1.0,502.2598041092219,569.32125389888,1.0,498.9958959023489,565.4143494000926,1.0,467.405230387211,552.1127334562717,1.0,511.0649367393995,572.7687582856292,1.0,504.47189586922514,575.770609317934,1.0,472.0462093908346,573.1205227427982,1.0,1.0,0.6,576.4028457765747,404.21958376160205,False,554.1916119065817,408.59596059491855,False,534.5162063979467,391.2464454119643,False,538.8183755619285,434.1122770895415,False,492.5261474933414,398.50575169029264,False,535.9717318343131,456.5789054230136,False,501.06227285153,437.1510414259313,False,497.2030101797951,441.5399528450414,False,477.1157566878803,435.18583635799246,False,522.2661250335085,491.4148109133595,False,499.522750134704,496.0253756025692,False,479.4447655111831,547.2269664051281,False,480.36193044973055,562.3725070120731,False,True,87.35271194645505,115.82266634389575,143.67288825253553
37,37,0.6166666666666667,0.6166666666666667,Sports2D_HALPE26_postprocessed,576.9571812552014,410.5759772312056,1.0,555.0538996905759,412.2551992389149,1.0,536.5338596250399,394.1037726554368,1.0,541.7230286504143,437.12650654637457,1.0,493.54602257462847,395.9122792914184,1.0,535.9856333140523,462.7075860400439,1.0,488.7132165175008,432.7084131753546,1.0,497.9314311447173,443.5762210180413,1.0,477.29552892748615,437.8393571408114,1.0,522.4119577929256,491.5076741267131,1.0,499.8590736305267,497.33002603042144,1.0,479.7416886175222,547.3284364207707,1.0,480.4259590036832,561.8684026902395,1.0,505.2088665707659,569.3127325241824,1.0,501.4830607057717,566.1224371915914,1.0,467.8885713741844,551.8662136362069,1.0,510.9165441700831,572.6565251569103,1.0,504.5190542712076,575.8853522389511,1.0,472.0971585288376,573.1308419943521,1.0,1.0,0.6166666666666667,576.9571812552014,410.5759772312056,False,555.0538996905759,412.2551992389149,False,536.5338596250399,394.1037726554368,False,541.7230286504143,437.12650654637457,False,493.54602257462847,395.9122792914184,False,535.9856333140523,462.7075860400439,False,488.7132165175008,432.7084131753546,False,497.9314311447173,443.5762210180413,False,477.29552892748615,437.8393571408114,False,522.4119577929256,491.5076741267131,False,499.8590736305267,497.33002603042144,False,479.7416886175222,547.3284364207707,False,480.4259590036832,561.8684026902395,False,True,99.89142632063212,115.54990051610945,142.47178523900863
38,38,0.6333333333333333,0.6333333333333333,Sports2D_HALPE26_postprocessed,576.7914511320266,416.50005772949606,1.0,556.0359089478048,415.6190231014823,1.0,538.3390785977687,398.3949618311054,1.0,542.194924626142,443.4798502792696,1.0,494.53344850088905,393.9166356154691,1.0,536.1480762697759,472.0655415073211,1.0,481.40139377473344,428.85873756199913,1.0,496.88432910026927,444.3252639835052,1.0,477.3598619794354,439.0522444450365,1.0,522.3145988235547,491.602591450494,1.0,501.144299437962,498.5042079838026,1.0,481.1349636871508,548.063594415657,1.0,480.6662175185169,561.9267275596626,1.0,503.5761825369729,567.5254806435602,1.0,501.5691111065034,564.7111630866168,1.0,469.02161435467127,552.1753331229755,1.0,510.3143119827205,572.5875032009291,1.0,504.30467609383766,575.6509592662993,1.0,472.129592789904,573.2218437206539,1.0,1.0,0.6333333333333333,576.7914511320266,416.50005772949606,False,556.0359089478048,415.6190231014823,False,538.3390785977687,398.3949618311054,False,542.194924626142,443.4798502792696,False,494.53344850088905,393.9166356154691,False,536.1480762697759,472.0655415073211,False,481.40139377473344,428.85873756199913,False,496.88432910026927,444.3252639835052,False,477.3598619794354,439.0522444450365,False,522.3145988235547,491.602591450494,False,501.144299437962,498.5042079838026,False,481.1349636871508,548.063594415657,False,480.6662175185169,561.9267275596626,False,True,104.76021926932518,115.61937398688222,140.30114700657097
39,39,0.65,0.65,Sports2D_HALPE26_postprocessed,579.7071461909009,420.2245008763738,1.0,556.6115446315038,419.9129439307132,1.0,540.5379035163089,401.8162400848384,1.0,543.7197692127469,445.61759519890745,1.0,496.6882287138252,392.92775838047976,1.0,536.7724467952748,476.8992227664791,1.0,475.95348838750346,420.8785161799593,1.0,497.4285827915387,445.493872574628,1.0,477.5783052227348,439.25825270437895,1.0,525.2979490034561,491.4702509503858,1.0,502.7297784868772,499.08890626499,1.0,482.1284980872144,548.4132945338628,1.0,480.6054087739008,562.4478502376598,1.0,503.8028882625083,566.7008102353234,1.0,502.11047357880193,562.1211529086875,1.0,471.1424461905028,553.3254011995112,1.0,510.6895694202887,572.2251418942689,1.0,504.3130450453657,575.2422433554841,1.0,471.9961538702827,573.2636556756627,1.0,1.0,0.65,579.7071461909009,420.2245008763738,False,556.6115446315038,419.9129439307132,False,540.5379035163089,401.8162400848384,False,543.7197692127469,445.61759519890745,False,496.6882287138252,392.92775838047976,False,536.7724467952748,476.8992227664791,False,475.95348838750346,420.8785161799593,False,497.4285827915387,445.493872574628,False,477.5783052227348,439.25825270437895,False,525.2979490034561,491.4702509503858,False,502.7297784868772,499.08890626499,False,482.1284980872144,548.4132945338628,False,480.6054087739008,562.4478502376598,False,True,115.11037681870543,111.6107765474858,137.95046116990463
40,40,0.6666666666666666,0.6666666666666666,Sports2D_HALPE26_postprocessed,582.3324349798121,426.0536752133579,1.0,558.2957512849383,423.9273845147836,1.0,543.5064615769412,405.93601544973154,1.0,544.6289708878746,450.01944752100746,1.0,499.4861378412699,392.325441189086,1.0,537.5639966809529,484.4124707526949,1.0,463.88806355883537,414.79559309015934,1.0,496.8992863604242,442.7656912128928,1.0,477.7407322600137,437.86199110810094,1.0,522.1995321943217,490.4713836738326,1.0,503.4904820981404,499.3551407623394,1.0,484.139616096242,550.4824179063673,1.0,480.502177513463,562.7166413524631,1.0,509.4060901461989,565.3602997933216,1.0,504.46611575756594,562.2165687207358,1.0,473.7686954704017,556.8548964530619,1.0,510.83091769879,572.6852296856526,1.0,504.05006135872094,575.6779664408316,1.0,471.8486607406537,573.3279398727216,1.0,1.0,0.6666666666666666,582.3324349798121,426.0536752133579,False,558.2957512849383,423.9273845147836,False,543.5064615769412,405.93601544973154,False,544.6289708878746,450.01944752100746,False,499.4861378412699,392.325441189086,False,537.5639966809529,484.4124707526949,False,463.88806355883537,414.79559309015934,False,496.8992863604242,442.7656912128928,False,477.7407322600137,437.86199110810094,False,522.1995321943217,490.4713836738326,False,503.4904820981404,499.3551407623394,False,484.139616096242,550.4824179063673,False,480.502177513463,562.7166413524631,False,True,130.55813099034148,119.67770010169247,137.33753082236876
41,41,0.6833333333333333,0.6833333333333333,Sports2D_HALPE26_postprocessed,583.7983548686357,429.3549270097645,1.0,558.1600919586808,430.0627871395615,1.0,546.2448915514082,407.739100373582,1.0,546.3476112703856,452.5358160280188,1.0,501.2030430674522,393.14691695856783,1.0,538.405594549175,488.8178008130377,1.0,461.0429214422419,400.64447873184736,1.0,496.9044448232835,442.5665907518464,1.0,479.1503576363633,437.5972670842423,1.0,521.7746304104517,489.7660917777197,1.0,503.5628536788388,500.2092439793224,1.0,489.5173634160582,550.7722238708076,1.0,480.4615822474334,563.1419076600373,1.0,515.8586861965679,563.405546612896,1.0,512.1172083156928,560.6025715392911,1.0,483.0748533306629,558.49500497544,1.0,511.343993935069,573.2654011809382,1.0,503.6544568122097,575.9829590197344,1.0,471.9059468335152,573.4088892048824,1.0,1.0,0.6833333333333333,583.7983548686357,429.3549270097645,False,558.1600919586808,430.0627871395615,False,546.2448915514082,407.739100373582,False,546.3476112703856,452.5358160280188,False,501.2030430674522,393.14691695856783,False,538.405594549175,488.8178008130377,False,461.0429214422419,400.64447873184736,False,496.9044448232835,442.5665907518464,False,479.1503576363633,437.5972670842423,False,521.7746304104517,489.7660917777197,False,503.5628536788388,500.2092439793224,False,489.5173634160582,550.7722238708076,False,480.4615822474334,563.1419076600373,False,True,151.47434921719454,124.34667486809325,138.54198563783905
42,42,0.7,0.7,Sports2D_HALPE26_postprocessed,584.4410275169216,430.70835074960337,1.0,560.1794909008889,431.2260916129646,1.0,546.270537628913,410.9370580792847,1.0,548.1198977442527,456.7043805592117,1.0,503.631208092895,394.2805137144432,1.0,539.1474314994546,493.742404530953,1.0,459.4719903453409,393.35269092043023,1.0,497.2222744557683,443.1157136642423,1.0,479.6869643360132,437.4000900410812,1.0,523.1701971487145,491.4351617373417,1.0,505.1781696063856,501.22551306978886,1.0,494.0831700251049,551.1752516435724,1.0,480.5426608775722,563.4888371107262,1.0,520.4634913118641,562.1054861380669,1.0,517.3896895595245,558.641642743607,1.0,488.67437227532713,560.4513508397431,1.0,511.3602910432558,574.1164129573132,1.0,503.7528279737713,576.7332405038486,1.0,472.2752505129079,573.159830323108,1.0,1.0,0.7,584.4410275169216,430.70835074960337,False,560.1794909008889,431.2260916129646,False,546.270537628913,410.9370580792847,False,548.1198977442527,456.7043805592117,False,503.631208092895,394.2805137144432,False,539.1474314994546,493.742404530953,False,459.4719903453409,393.35269092043023,False,497.2222744557683,443.1157136642423,False,479.6869643360132,437.4000900410812,False,523.1701971487145,491.4351617373417,False,505.1781696063856,501.22551306978886,False,494.0831700251049,551.1752516435724,False,480.5426608775722,563.4888371107262,False,True,159.86614824754744,125.80272956394356,136.64170632516525
43,43,0.7166666666666667,0.7166666666666667,Sports2D_HALPE26_postprocessed,585.9329908482518,434.5131153313508,1.0,561.7361016294478,434.0599107523903,1.0,546.1166952829814,414.1054266414285,1.0,549.3014495593188,458.3772812875384,1.0,508.7005919065141,396.488190423645,1.0,542.1390997445591,493.84458569047166,1.0,469.5861059546148,383.3430194739256,1.0,497.99090162547793,446.2977768542274,1.0,480.04159016938826,439.42508343164775,1.0,524.2368908846325,491.9136145942334,1.0,507.2276347261231,502.8241989117452,1.0,500.0380853548836,551.4949561559495,1.0,480.9351398333616,563.7034402765453,1.0,526.4911391874983,558.7292006444261,1.0,523.2088180486778,555.4248282759028,1.0,493.5260953001506,561.4312294439954,1.0,510.4679473611328,574.6126723346779,1.0,503.8403458372135,576.938908246107,1.0,472.43403942903245,572.8547079573048,1.0,1.0,0.7166666666666667,585.9329908482518,434.5131153313508,False,561.7361016294478,434.0599107523903,False,546.1166952829814,414.1054266414285,False,549.3014495593188,458.3772812875384,False,508.7005919065141,396.488190423645,False,542.1390997445591,493.84458569047166,False,469.5861059546148,383.3430194739256,False,497.99090162547793,446.2977768542274,False,480.04159016938826,439.42508343164775,False,524.2368908846325,491.9136145942334,False,507.2276347261231,502.8241989117452,False,500.0380853548836,551.4949561559495,False,480.9351398333616,563.7034402765453,False,True,173.3626763809026,127.98076314862523,133.43143699257485
44,44,0.7333333333333333,0.7333333333333333,Sports2D_HALPE26_postprocessed,586.9954806121426,439.3131946138288,1.0,562.10970800872,436.63256796694674,1.0,547.5157440938868,417.8332108114567,1.0,551.3391609543562,460.47546654980727,1.0,511.09873391520114,397.0522086525613,1.0,543.9664315172129,492.5533532618153,1.0,476.35233362734624,377.51448947309945,1.0,497.7909357257061,447.0239851020632,1.0,480.7586413927694,441.46813879230666,1.0,524.3742297840915,492.5657902018946,1.0,508.9163718433368,503.29527884853456,1.0,505.7744362566619,551.7506902013987,1.0,481.86499007019705,563.5534915257232,1.0,532.8710376584288,556.2267952398424,1.0,529.3331633486476,554.4896910548623,1.0,498.7272935592889,561.8350359174945,1.0,509.910007038358,574.5632554272745,1.0,503.8151740614955,577.2382492569999,1.0,473.0328330043508,572.2974268243337,1.0,1.0,0.7333333333333333,586.9954806121426,439.3131946138288,False,562.10970800872,436.63256796694674,False,547.5157440938868,417.8332108114567,False,551.3391609543562,460.47546654980727,False,511.09873391520114,397.0522086525613,False,543.9664315172129,492.5533532618153,False,476.35233362734624,377.51448947309945,False,497.7909357257061,447.0239851020632,False,480.7586413927694,441.46813879230666,False,524.3742297840915,492.5657902018946,False,508.9163718433368,503.29527884853456,False,505.7744362566619,551.7506902013987,False,481.86499007019705,563.5534915257232,False,True,179.63801131405648,132.2812285026197,131.33773804330147
45,45,0.75,0.75,Sports2D_HALPE26_postprocessed,587.4369032164637,443.8344397264175,1.0,562.2958793479033,441.1919494015616,1.0,549.9920327408709,421.27318141174175,1.0,554.1235576068717,461.5073641873562,1.0,515.3082812001649,397.4991697924264,1.0,545.2372432632525,489.68490676107706,1.0,483.0582507682281,371.7582547301495,1.0,497.8487733657782,448.4567500992073,1.0,481.89948254924167,443.47493757719417,1.0,524.7379439779143,495.0246646926519,1.0,511.17668361359085,504.6066008125285,1.0,513.1533688155348,553.4186036197582,1.0,482.0603105818418,563.766095777715,1.0,539.6079132086559,553.5033759403667,1.0,536.2866833145936,552.360362692749,1.0,508.0098358101592,563.3501466612014,1.0,508.7965267306941,574.9955486011563,1.0,502.9745300800193,577.6202043756234,1.0,473.00068211244985,572.0307795225591,1.0,1.0,0.75,587.4369032164637,443.8344397264175,False,562.2958793479033,441.1919494015616,False,549.9920327408709,421.27318141174175,False,554.1235576068717,461.5073641873562,False,515.3082812001649,397.4991697924264,False,545.2372432632525,489.68490676107706,False,483.0582507682281,371.7582547301495,False,497.8487733657782,448.4567500992073,False,481.89948254924167,443.47493757719417,False,524.7379439779143,495.0246646926519,False,511.17668361359085,504.6066008125285,False,513.1533688155348,553.4186036197582,False,482.0603105818418,563.766095777715,False,True,175.83300892649194,138.77605297426794,128.20438227885109
46,46,0.7666666666666666,0.7666666666666666,Sports2D_HALPE26_postprocessed,588.8421591279954,446.48525025652594,1.0,563.2240748209813,445.1592640401231,1.0,551.0765546314631,421.8259747202392,1.0,555.9824923170925,461.1144293384861,1.0,522.8145304801432,397.3097429352856,1.0,547.2310314215028,483.49102070946645,1.0,491.6982890385671,368.83959469417886,1.0,498.0432441296158,450.7095418245341,1.0,482.1409653816417,444.4970999733512,1.0,524.0897289336037,495.1938725056266,1.0,512.5517011457924,505.9600377284079,1.0,519.9562736225071,553.5186749204406,1.0,482.1343742188509,563.899457604219,1.0,547.0104708532289,551.0287279024807,1.0,543.052668049641,549.9230868609782,1.0,515.6808955717701,564.1509809891935,1.0,508.4310150799733,574.643727734288,1.0,502.6906736170756,577.8876404846075,1.0,472.8653759130618,571.8617018103878,1.0,1.0,0.7666666666666666,588.8421591279954,446.48525025652594,False,563.2240748209813,445.1592640401231,False,551.0765546314631,421.8259747202392,False,555.9824923170925,461.1144293384861,False,522.8145304801432,397.3097429352856,False,547.2310314215028,483.49102070946645,False,491.6982890385671,368.83959469417886,False,498.0432441296158,450.7095418245341,False,482.1409653816417,444.4970999733512,False,524.0897289336037,495.1938725056266,False,512.5517011457924,505.9600377284079,False,519.9562736225071,553.5186749204406,False,482.1343742188509,563.899457604219,False,True,178.48309774331906,145.59640359675757,125.97583826580194
47,47,0.7833333333333333,0.7833333333333333,Sports2D_HALPE26_postprocessed,590.3590076290177,449.3288271850503,1.0,564.230614718465,447.4802638436366,1.0,553.1394321310513,422.5704476086442,1.0,555.6159426760199,459.44503534181297,1.0,528.8329084139611,394.3307600253417,1.0,549.4293559276849,475.14207290539457,1.0,502.7866165451703,365.673830298461,1.0,498.60934179837966,453.5557536201788,1.0,483.9313171660453,448.1013077072728,1.0,525.0286241396528,494.806240978593,1.0,513.8002574072085,508.1387502593309,1.0,526.5952036262012,552.7875826469965,1.0,482.43996202658616,563.6896347585853,1.0,554.166191533142,548.2911576584768,1.0,549.1341048722903,547.627753866551,1.0,522.9928609908936,563.8647514695109,1.0,509.196207210821,574.3993689342268,1.0,503.5085255190709,577.6841939981925,1.0,472.7836184644056,571.8867711863917,1.0,1.0,0.7833333333333333,590.3590076290177,449.3288271850503,False,564.230614718465,447.4802638436366,False,553.1394321310513,422.5704476086442,False,555.6159426760199,459.44503534181297,False,528.8329084139611,394.3307600253417,False,549.4293559276849,475.14207290539457,False,502.7866165451703,365.673830298461,False,498.60934179837966,453.5557536201788,False,483.9313171660453,448.1013077072728,False,525.0286241396528,494.806240978593,False,513.8002574072085,508.1387502593309,False,526.5952036262012,552.7875826469965,False,482.43996202658616,563.6896347585853,False,True,178.45159752650778,148.9097479759497,124.10326352503283
48,48,0.8,0.8,Sports2D_HALPE26_postprocessed,589.547181862379,452.5926239245768,1.0,563.0983611045225,446.5769388922033,1.0,555.1089289137668,422.83129487776193,1.0,542.6786970243363,463.5320785654539,1.0,537.2262939755,390.6579098256709,1.0,547.2477799698042,468.1844926844834,1.0,510.1470626382424,365.2582176153315,1.0,498.6419918335083,455.1729672036344,1.0,484.9670335138325,450.7510085505646,1.0,525.5338136635371,495.8445065109976,1.0,514.7043610927346,509.56041024497233,1.0,531.5314589171439,552.0358600997273,1.0,482.7418353961741,563.4158585014986,1.0,558.8211653199625,546.5006895858675,1.0,553.9502486324559,546.0744994475646,1.0,529.2637169540596,563.3197112493056,1.0,509.7355856500524,574.4456205847405,1.0,505.168002797688,577.8569547977098,1.0,473.3545553586221,571.7745490570458,1.0,1.0,0.8,589.547181862379,452.5926239245768,False,563.0983611045225,446.5769388922033,False,555.1089289137668,422.83129487776193,False,542.6786970243363,463.5320785654539,False,537.2262939755,390.6579098256709,False,547.2477799698042,468.1844926844834,False,510.1470626382424,365.2582176153315,False,498.6419918335083,455.1729672036344,False,484.9670335138325,450.7510085505646,False,525.5338136635371,495.8445065109976,False,514.7043610927346,509.56041024497233,False,531.5314589171439,552.0358600997273,False,482.7418353961741,563.4158585014986,False,True,162.23314115941363,152.61997933721858,122.48768951347621
49,49,0.8166666666666667,0.8166666666666667,Sports2D_HALPE26_postprocessed,592.4042663105907,456.605050585929,1.0,563.905978301607,437.5892983037709,1.0,559.243945006934,424.80376145500577,1.0,542.3622587584385,399.4551613883074,1.0,549.1324857301952,393.7855169037868,1.0,541.0049150821035,372.6063010369413,1.0,524.170106811032,371.0206120446149,1.0,501.9093476979817,456.9367080619927,1.0,487.43552332370206,453.7336418114329,1.0,527.0017530658561,495.5670232869121,1.0,514.4834167260861,511.68291965329695,1.0,536.5062722346164,550.4825910130053,1.0,483.8330226042358,562.8128501420525,1.0,560.6605349456337,545.1897340676617,1.0,555.18621009547,544.2914820194385,1.0,535.2283445470155,563.1273835038942,1.0,510.2079592002192,574.4064767232999,1.0,505.2007109583351,577.2410186428235,1.0,473.1134732080066,571.019315593157,1.0,1.0,0.8166666666666667,592.4042663105907,456.605050585929,False,563.905978301607,437.5892983037709,False,559.243945006934,424.80376145500577,False,542.3622587584385,399.4551613883074,False,549.1324857301952,393.7855169037868,False,541.0049150821035,372.6063010369413,False,524.170106811032,371.0206120446149,False,501.9093476979817,456.9367080619927,False,487.43552332370206,453.7336418114329,False,527.0017530658561,495.5670232869121,False,514.4834167260861,511.68291965329695,False,536.5062722346164,550.4825910130053,False,483.8330226042358,562.8128501420525,False,True,150.41898497295563,156.8133746747551,124.03809144731008
50,50,0.8333333333333334,0.8333333333333334,Sports2D_HALPE26_postprocessed,594.15445061686,457.14218325040974,1.0,566.7097991132702,425.9682200575408,1.0,562.8468009919228,432.5341032876992,1.0,536.1440677944686,441.15684674947886,1.0,548.562259898498,422.27281156511344,1.0,530.530615245374,380.2698134074152,1.0,533.391240325435,372.31564500762727,1.0,502.7678953107495,458.9197102885713,1.0,489.1516425493412,456.4629361767735,1.0,528.5802795255308,495.5585544989448,1.0,514.133252159037,514.5445406860551,1.0,540.1031735801492,551.3693216080493,1.0,484.58443425600575,562.5391488263771,1.0,560.9155973850102,545.3234126185864,1.0,556.1395380580975,545.2859052548755,1.0,538.6720508475362,564.448427516624,1.0,510.9338393095828,574.6960950408305,1.0,506.08953894075984,577.0780893061662,1.0,473.15247642124655,570.9336697993245,1.0,1.0,0.8333333333333334,594.15445061686,457.14218325040974,False,566.7097991132702,425.9682200575408,False,562.8468009919228,432.5341032876992,False,536.1440677944686,441.15684674947886,False,548.562259898498,422.27281156511344,False,530.530615245374,380.2698134074152,False,533.391240325435,372.31564500762727,False,502.7678953107495,458.9197102885713,False,489.1516425493412,456.4629361767735,False,528.5802795255308,495.5585544989448,False,514.133252159037,514.5445406860551,False,540.1031735801492,551.3693216080493,False,484.58443425600575,562.5391488263771,False,True,142.58407009648312,156.5005528304027,125.1075263126413
51,51,0.85,0.85,Sports2D_HALPE26_postprocessed,596.3394036001772,457.542828575972,1.0,567.2657795769192,424.8321459912642,1.0,565.4639854306641,437.1100847114032,1.0,536.8666628951308,431.2261549562788,1.0,547.8887355336481,409.5950376263244,1.0,533.9508520070016,389.13623662795874,1.0,570.2680526285037,443.30966725053366,1.0,504.4485131473835,462.0508128532846,1.0,491.3562756120387,458.3032169003909,1.0,529.5941559508018,495.4324358986119,1.0,513.2755254976621,517.7095696397901,1.0,542.5743664747192,552.6423234045851,1.0,485.4521968415403,562.1027684623949,1.0,560.8587252871647,546.8911326507557,1.0,555.3440042810778,547.407218294492,1.0,541.8219969521017,567.27000447148,1.0,511.5832936546165,574.9105908989142,1.0,506.70390045120087,576.9202719664037,1.0,473.34662995173016,570.7938810435343,1.0,1.0,0.85,596.3394036001772,457.542828575972,False,567.2657795769192,424.8321459912642,False,565.4639854306641,437.1100847114032,False,536.8666628951308,431.2261549562788,False,547.8887355336481,409.5950376263244,False,533.9508520070016,389.13623662795874,False,570.2680526285037,443.30966725053366,False,504.4485131473835,462.0508128532846,False,491.3562756120387,458.3032169003909,False,529.5941559508018,495.4324358986119,False,513.2755254976621,517.7095696397901,False,542.5743664747192,552.6423234045851,False,485.4521968415403,562.1027684623949,False,True,1.0072455635459958,155.7933673616254,127.6700491169658
52,52,0.8666666666666667,0.8666666666666667,Sports2D_HALPE26_postprocessed,599.2826985719311,454.9199100719516,1.0,566.9454576690906,424.49717688671967,1.0,569.5716220843832,436.8483696008564,1.0,541.9091668174214,427.7801130067567,1.0,554.9019827181448,447.0060089648431,1.0,538.3491240406222,398.0453562981336,1.0,574.4555360354154,412.1070972007872,1.0,502.4112584105889,464.6879248840678,1.0,494.7638736261927,462.46997594770863,1.0,531.1271661689608,496.8170679245101,1.0,512.6037997721902,519.7499598699602,1.0,544.0629682481398,555.885842204912,1.0,486.2657421554041,561.5066538650862,1.0,560.9870555780027,552.3611624522919,1.0,555.8338147609849,551.3997781399484,1.0,543.4288580774578,569.8792917153655,1.0,511.7972952693702,574.7138073720512,1.0,506.6007465671477,576.5360534982295,1.0,474.1455457053718,570.0639537837351,1.0,1.0,0.8666666666666667,599.2826985719311,454.9199100719516,False,566.9454576690906,424.49717688671967,False,569.5716220843832,436.8483696008564,False,541.9091668174214,427.7801130067567,False,554.9019827181448,447.0060089648431,False,538.3491240406222,398.0453562981336,False,574.4555360354154,412.1070972007872,False,502.4112584105889,464.6879248840678,False,494.7638736261927,462.46997594770863,False,531.1271661689608,496.8170679245101,False,512.6037997721902,519.7499598699602,False,544.0629682481398,555.885842204912,False,486.2657421554041,561.5066538650862,False,True,26.0387389966882,150.56328224982911,130.45902935214616
53,53,0.8833333333333333,0.8833333333333333,Sports2D_HALPE26_postprocessed,598.8819105382,456.5850949454638,1.0,564.747933020145,424.6934323145866,1.0,572.4424756216636,440.6678309177934,1.0,550.268686960242,411.2404330729387,1.0,579.1646733888957,418.8743368409071,1.0,541.3308573120366,404.9652873337648,1.0,580.562933359081,405.7729308772535,1.0,510.5983274625856,466.4878184794027,1.0,497.41163417065553,464.9393388409548,1.0,533.0606701179621,498.04687108554657,1.0,511.4166690299427,522.9334515409888,1.0,545.9196882136534,557.1951830707686,1.0,487.1148040297652,561.2240302194192,1.0,562.0773361407587,560.022498296175,1.0,558.9381003037614,556.9880274181437,1.0,544.0562302412736,569.8591886163696,1.0,511.9242401884519,575.1024045431019,1.0,506.59307324523087,576.5801222383948,1.0,475.420544454879,567.9476051821507,1.0,1.0,0.8833333333333333,598.8819105382,456.5850949454638,False,564.747933020145,424.6934323145866,False,572.4424756216636,440.6678309177934,False,550.268686960242,411.2404330729387,False,579.1646733888957,418.8743368409071,False,541.3308573120366,404.9652873337648,False,580.562933359081,405.7729308772535,False,510.5983274625856,466.4878184794027,False,497.41163417065553,464.9393388409548,False,533.0606701179621,498.04687108554657,False,511.4166690299427,522.9334515409888,False,545.9196882136534,557.1951830707686,False,487.1148040297652,561.2240302194192,False,True,168.9495211548639,156.82382644788441,134.02148548529453
54,54,0.9,0.9,Sports2D_HALPE26_postprocessed,603.0947039689601,455.2470243765552,1.0,567.5318500957125,422.49469133737296,1.0,575.9778688518368,442.4560495310191,1.0,555.708461010065,404.4214333478466,1.0,581.2020640924607,403.7988757607114,1.0,540.8501391722766,401.1700940134588,1.0,584.6639322418365,423.7383213932214,1.0,513.0191755226301,467.7844374828418,1.0,501.0061948827256,466.5035004046183,1.0,534.6861643123925,498.4943587309722,1.0,509.60450106013855,525.0917480349065,1.0,547.425443908738,558.0393182702014,1.0,488.56266560673976,559.3388393994082,1.0,563.9559561780957,568.3671874688897,1.0,561.6230688792457,565.154091782121,1.0,543.993288711126,570.4673128442581,1.0,512.7186374129863,575.293498897234,1.0,507.0242338035937,576.2530238267436,1.0,476.8248046163485,566.3669868727218,1.0,1.0,0.9,603.0947039689601,455.2470243765552,False,567.5318500957125,422.49469133737296,False,575.9778688518368,442.4560495310191,False,555.708461010065,404.4214333478466,False,581.2020640924607,403.7988757607114,False,540.8501391722766,401.1700940134588,False,584.6639322418365,423.7383213932214,False,513.0191755226301,467.7844374828418,False,501.0061948827256,466.5035004046183,False,534.6861643123925,498.4943587309722,False,509.60450106013855,525.0917480349065,False,547.425443908738,558.0393182702014,False,488.56266560673976,559.3388393994082,False,True,17.5458773229256,156.8716419720758,140.08389515805055
55,55,0.9166666666666666,0.9166666666666666,Sports2D_HALPE26_postprocessed,610.9474732453067,454.0227189191123,1.0,568.097033442612,420.2504766023074,1.0,579.3873262807278,441.7325371006028,1.0,554.658927199051,399.9749139529524,1.0,583.1670037944881,411.7265128771,1.0,537.8776878524855,391.7014793017138,1.0,602.4424157836305,446.40760934615656,1.0,511.5469276861068,468.257972123271,1.0,505.246411498743,468.3103189289793,1.0,535.310556012903,498.9070597250909,1.0,506.1409368435527,524.8442277899686,1.0,548.1893072900987,558.4848380319138,1.0,490.47269722569104,555.994330588989,1.0,563.9749901361956,573.9012072765727,1.0,561.6644476101651,571.097831934783,1.0,544.2872359974962,571.0398378940539,1.0,511.8489243104443,576.0626356936575,1.0,506.2649809491653,576.1164461549923,1.0,478.6820547603231,564.4416786310729,1.0,1.0,0.9166666666666666,610.9474732453067,454.0227189191123,False,568.097033442612,420.2504766023074,False,579.3873262807278,441.7325371006028,False,554.658927199051,399.9749139529524,False,583.1670037944881,411.7265128771,False,537.8776878524855,391.7014793017138,False,602.4424157836305,446.40760934615656,False,511.5469276861068,468.257972123271,False,505.246411498743,468.3103189289793,False,535.310556012903,498.9070597250909,False,506.1409368435527,524.8442277899686,False,548.1893072900987,558.4848380319138,False,490.47269722569104,555.994330588989,False,True,36.24426525215315,154.40973104831735,152.39148412975007
56,56,0.9333333333333332,0.9333333333333332,Sports2D_HALPE26_postprocessed,615.2408387774009,455.1944914904989,1.0,569.5970648168218,417.3243341168464,1.0,582.5841455117627,446.33833539352105,1.0,550.6703694983909,395.4420142974254,1.0,583.6638298072378,433.5220087901012,1.0,530.7368510146508,387.7833947114506,1.0,606.2114519785903,455.3736359741472,1.0,498.01069370070417,466.49384808041225,1.0,510.0577965574365,473.14957387518257,1.0,535.0067882800624,498.4873328598754,1.0,504.1873141108025,524.8333897858117,1.0,547.9765692475744,558.8212367694811,1.0,492.019517259433,553.4193921581104,1.0,563.8313452953789,574.1632515925534,1.0,561.8144872621796,571.7288551299066,1.0,544.422016686158,570.994541370512,1.0,508.722550004382,575.2535413769427,1.0,507.5395798437595,576.0813596016343,1.0,481.41021674123743,561.2575728772846,1.0,1.0,0.9333333333333332,615.2408387774009,455.1944914904989,False,569.5970648168218,417.3243341168464,False,582.5841455117627,446.33833539352105,False,550.6703694983909,395.4420142974254,False,583.6638298072378,433.5220087901012,False,530.7368510146508,387.7833947114506,False,606.2114519785903,455.3736359741472,False,498.01069370070417,466.49384808041225,False,510.0577965574365,473.14957387518257,False,535.0067882800624,498.4873328598754,False,504.1873141108025,524.8333897858117,False,547.9765692475744,558.8212367694811,False,492.019517259433,553.4193921581104,False,True,50.713476920045785,142.9846534884711,163.42283320448985
57,57,0.95,0.95,Sports2D_HALPE26_postprocessed,621.7325954433065,448.4415295603229,1.0,570.7849995119868,414.01059235926266,1.0,584.9127545000955,450.9679621099596,1.0,546.9432199973638,393.9945504741282,1.0,559.4618264498462,458.1160854007386,1.0,524.1581815738907,388.7639145606218,1.0,612.6443065348232,462.16274016990496,1.0,497.5143405648923,465.8643848515326,1.0,514.1200338795256,479.0852456365645,1.0,533.7217204452155,498.6831607282073,1.0,504.1519185790582,525.2078363106151,1.0,547.7829823395778,558.3788019135318,1.0,493.46745200405246,549.9830566895811,1.0,563.0078901995091,574.0913794459107,1.0,561.4940689651429,571.6277571879748,1.0,544.5907074669567,570.7458002787229,1.0,506.1833504202921,575.9467571463445,1.0,506.2062460941256,575.1185845200414,1.0,484.494898592914,559.4681067464101,1.0,1.0,0.95,621.7325954433065,448.4415295603229,False,570.7849995119868,414.01059235926266,False,584.9127545000955,450.9679621099596,False,546.9432199973638,393.9945504741282,False,559.4618264498462,458.1160854007386,False,524.1581815738907,388.7639145606218,False,612.6443065348232,462.16274016990496,False,497.5143405648923,465.8643848515326,False,514.1200338795256,479.0852456365645,False,533.7217204452155,498.6831607282073,False,504.1519185790582,525.2078363106151,False,547.7829823395778,558.3788019135318,False,493.46745200405246,549.9830566895811,False,True,20.03912869866054,145.44388397440022,168.86690292479733
58,58,0.9666666666666668,0.9666666666666668,Sports2D_HALPE26_postprocessed,624.9329879251351,444.35873634526246,1.0,570.0381725113361,409.87164589775097,1.0,587.5716280325755,456.7858254202824,1.0,534.7269673582526,394.151680629053,1.0,575.364649788231,473.3165254959925,1.0,521.6272349966396,390.71412799324,1.0,577.602025902983,471.9076930923288,1.0,498.5403010860415,466.27321744539097,1.0,518.9133140648199,481.53206292611554,1.0,533.9708083440237,499.7255654564089,1.0,505.00116180660274,529.5282550789573,1.0,547.4165512495738,558.7019141936034,1.0,494.50009422201697,543.5655405455601,1.0,563.0116628239136,574.0911383259564,1.0,561.3559055748174,571.8233024756886,1.0,544.5333860355468,571.2926958046282,1.0,488.6090805902478,575.1839107587593,1.0,492.46351256383696,572.4080256473518,1.0,484.9067161292909,547.770623317142,1.0,1.0,0.9666666666666668,624.9329879251351,444.35873634526246,False,570.0381725113361,409.87164589775097,False,587.5716280325755,456.7858254202824,False,534.7269673582526,394.151680629053,False,575.364649788231,473.3165254959925,False,521.6272349966396,390.71412799324,False,577.602025902983,471.9076930923288,False,498.5403010860415,466.27321744539097,False,518.9133140648199,481.53206292611554,False,533.9708083440237,499.7255654564089,False,505.00116180660274,529.5282550789573,False,547.4165512495738,558.7019141936034,False,494.50009422201697,543.5655405455601,False,True,21.35842251166652,146.19813175242732,159.3651613559402
59,59,0.9833333333333332,0.9833333333333332,Sports2D_HALPE26_postprocessed,620.1113335738318,434.3908270061075,1.0,570.1775685210987,408.00197654621775,1.0,590.1452794266921,459.0471266623628,1.0,529.0499280305166,395.9616249203239,1.0,601.1895370360066,492.0126132705702,1.0,516.480753904115,395.2927344553061,1.0,627.6960570688033,480.27418534207794,1.0,500.2161217311173,464.9974352409384,1.0,521.9222171392687,480.07411129928096,1.0,535.0350296350936,497.97774823586576,1.0,505.2967737210549,532.5808667239695,1.0,547.5653329266306,559.6251728280201,1.0,494.0725973621103,538.0717400140489,1.0,563.7772254738952,573.9669738472705,1.0,561.5496989734957,571.5675550298438,1.0,543.89441345526,571.433768490992,1.0,472.1229200130165,565.5470891179294,1.0,481.20064861479136,565.2339116149874,1.0,485.04792941827066,532.7813799480338,1.0,1.0,0.9833333333333332,620.1113335738318,434.3908270061075,False,570.1775685210987,408.00197654621775,False,590.1452794266921,459.0471266623628,False,529.0499280305166,395.9616249203239,False,601.1895370360066,492.0126132705702,False,516.480753904115,395.2927344553061,False,627.6960570688033,480.27418534207794,False,500.2161217311173,464.9974352409384,False,521.9222171392687,480.07411129928096,False,535.0350296350936,497.97774823586576,False,505.2967737210549,532.5808667239695,False,547.5653329266306,559.6251728280201,False,494.0725973621103,538.0717400140489,False,True,84.63594439718644,144.935904268588,133.63748283107952
60,60,1.0,1.0,Sports2D_HALPE26_postprocessed,617.1502214034947,428.71851943696254,1.0,568.0528259052402,406.79663412025735,1.0,596.1682583750323,464.8527122913589,1.0,515.9893666768618,397.8599711329195,1.0,607.9121140996787,502.7855881618591,1.0,516.2449660550344,404.4574545686662,1.0,626.8417570733801,499.0563017241393,1.0,504.3447256197599,466.0499068729976,1.0,527.1125648762691,479.5709994850486,1.0,536.035082034745,498.0809588769391,1.0,505.9125521797199,533.0308743587829,1.0,547.5307357036604,559.4136480601334,1.0,494.8459743680196,533.2207907289395,1.0,563.9733640255615,573.9509439724371,1.0,561.0839909191902,571.8384548502688,1.0,543.6461825838081,571.5491208598417,1.0,467.0268724126422,552.06186427055,1.0,474.7938315179217,553.1849546315783,1.0,484.2937759639658,532.1100419164675,1.0,1.0,1.0,617.1502214034947,428.71851943696254,False,568.0528259052402,406.79663412025735,False,596.1682583750323,464.8527122913589,False,515.9893666768618,397.8599711329195,False,607.9121140996787,502.7855881618591,False,516.2449660550344,404.4574545686662,False,626.8417570733801,499.0563017241393,False,504.3447256197599,466.0499068729976,False,527.1125648762691,479.5709994850486,False,536.035082034745,498.0809588769391,False,505.9125521797199,533.0308743587829,False,547.5307357036604,559.4136480601334,False,494.8459743680196,533.2207907289395,False,True,96.05731179851453,145.9221789940491,112.6144349037606
61,61,1.0166666666666666,1.0166666666666666,Sports2D_HALPE26_postprocessed,613.0808620442061,424.1351540790119,1.0,569.9588172934568,405.6393445375101,1.0,596.3724976455417,455.3767891547597,1.0,514.6247379076152,405.2693951153229,1.0,612.7509433186417,498.9651253044579,1.0,527.3587767355447,426.31731675372953,1.0,630.3771434978204,463.1342894078458,1.0,505.1323031835908,464.2623775554924,1.0,528.6608847070592,477.885815955264,1.0,536.692340501117,497.9016702715159,1.0,506.0119382686205,534.0218666964865,1.0,547.719465260283,558.9640367282864,1.0,492.0355305537068,533.1811086454323,1.0,564.3130264971652,573.6950881460436,1.0,561.4174693851287,572.0243875976316,1.0,543.3980866397096,572.0647796062185,1.0,461.9684772407657,547.2398382631364,1.0,470.7420488350722,547.2296736424563,1.0,480.8652230270553,528.5430137912908,1.0,1.0,1.0166666666666666,613.0808620442061,424.1351540790119,False,569.9588172934568,405.6393445375101,False,596.3724976455417,455.3767891547597,False,514.6247379076152,405.2693951153229,False,612.7509433186417,498.9651253044579,False,527.3587767355447,426.31731675372953,False,630.3771434978204,463.1342894078458,False,505.1323031835908,464.2623775554924,False,528.6608847070592,477.885815955264,False,536.692340501117,497.9016702715159,False,506.0119382686205,534.0218666964865,False,547.719465260283,558.9640367282864,False,492.0355305537068,533.1811086454323,False,True,46.78773361171158,147.06318386070706,108.52985524049946
62,62,1.0333333333333332,1.0333333333333332,Sports2D_HALPE26_postprocessed,616.3567623272439,424.6673399890877,1.0,569.1280809835341,406.825377197182,1.0,602.8824868148982,461.7683265301819,1.0,518.0573618278746,409.5935229452585,1.0,618.0436221469004,500.1327071996864,1.0,535.0896392795271,425.12019835114006,1.0,639.5004414081594,461.89096376955206,1.0,507.7194658410216,462.57446434871895,1.0,529.5325370684704,475.8707383972425,1.0,538.4946231050922,498.17123531751656,1.0,506.3569830564093,534.2967454987348,1.0,547.7549045799353,559.6258757297561,1.0,488.8299372682028,531.5863799220293,1.0,564.5267341046974,573.9001198525592,1.0,562.099152279018,571.8125374923802,1.0,543.4111458772595,572.5766541752953,1.0,459.0871050627852,546.2886620297453,1.0,464.9752212658589,544.8916983395656,1.0,477.8163044141429,522.0490917168767,1.0,1.0,1.0333333333333332,616.3567623272439,424.6673399890877,False,569.1280809835341,406.825377197182,False,602.8824868148982,461.7683265301819,False,518.0573618278746,409.5935229452585,False,618.0436221469004,500.1327071996864,False,535.0896392795271,425.12019835114006,False,639.5004414081594,461.89096376955206,False,507.7194658410216,462.57446434871895,False,529.5325370684704,475.8707383972425,False,538.4946231050922,498.17123531751656,False,506.3569830564093,534.2967454987348,False,547.7549045799353,559.6258757297561,False,488.8299372682028,531.5863799220293,False,True,50.859400442495286,147.72411031175886,102.84596078955532
63,63,1.05,1.05,Sports2D_HALPE26_postprocessed,618.1262160486228,424.33904783444746,1.0,570.3586930430665,407.0193442037919,1.0,603.2237126319527,458.545975679172,1.0,521.2442262123642,415.6476957653447,1.0,618.6913080781248,501.56564010041046,1.0,545.4250619354655,425.3348476829245,1.0,641.8425119490654,461.94805646035326,1.0,509.8384451308754,460.607456981522,1.0,531.2085506399224,472.5110931321972,1.0,539.5743880695466,498.34117659481007,1.0,506.6373897897664,533.0021284441408,1.0,547.7084361771473,560.1068882654924,1.0,482.27536608576384,527.8773479702751,1.0,564.4256734065782,573.8842722688997,1.0,562.428427930134,571.714651805972,1.0,543.7700115051106,572.6586983395374,1.0,456.2343966890298,546.1995951182317,1.0,459.97277807466446,542.5407042536798,1.0,473.238539146265,516.5413713558116,1.0,1.0,1.05,618.1262160486228,424.33904783444746,False,570.3586930430665,407.0193442037919,False,603.2237126319527,458.545975679172,False,521.2442262123642,415.6476957653447,False,618.6913080781248,501.56564010041046,False,545.4250619354655,425.3348476829245,False,641.8425119490654,461.94805646035326,False,509.8384451308754,460.607456981522,False,531.2085506399224,472.5110931321972,False,539.5743880695466,498.34117659481007,False,506.6373897897664,533.0021284441408,False,547.7084361771473,560.1068882654924,False,482.27536608576384,527.8773479702751,False,True,50.076501497458814,149.26245321785683,100.22724774559538
64,64,1.0666666666666669,1.0666666666666669,Sports2D_HALPE26_postprocessed,620.7313346819255,422.3309400472251,1.0,572.3091200383492,407.0019399309442,1.0,599.8167631821788,456.2505017429845,1.0,523.989262294764,421.6906651925193,1.0,610.4332291199739,490.344752660121,1.0,549.4562000648144,427.794747299853,1.0,628.9604266429868,463.0549830963778,1.0,512.721830631516,458.03106996786113,1.0,532.5321684701048,470.9916900752533,1.0,539.3267729860152,497.9157546528214,1.0,506.8036789271898,529.2525667889106,1.0,547.582321282877,559.9882165666631,1.0,477.53246693587744,523.3947828246847,1.0,564.1157992127945,573.5993198048457,1.0,562.5945718141016,571.6193472347597,1.0,543.4721227405589,572.6430661764854,1.0,455.2313553982368,544.2811020136205,1.0,456.4918418666288,541.2979055207294,1.0,469.21603050770295,512.5152644512633,1.0,1.0,1.0666666666666669,620.7313346819255,422.3309400472251,False,572.3091200383492,407.0019399309442,False,599.8167631821788,456.2505017429845,False,523.989262294764,421.6906651925193,False,610.4332291199739,490.344752660121,False,549.4562000648144,427.794747299853,False,628.9604266429868,463.0549830963778,False,512.721830631516,458.03106996786113,False,532.5321684701048,470.9916900752533,False,539.3267729860152,497.9157546528214,False,506.8036789271898,529.2525667889106,False,547.582321282877,559.9882165666631,False,477.53246693587744,523.3947828246847,False,True,51.468678842534665,153.8706622231021,102.51005544768799
65,65,1.0833333333333333,1.0833333333333333,Sports2D_HALPE26_postprocessed,620.1791303491048,424.5049205914039,1.0,572.680746120249,407.6249052755044,1.0,599.0895479775734,454.0628537932614,1.0,525.7595883258556,424.2372008344057,1.0,602.415798817119,477.85816835869497,1.0,556.4322102663602,432.6322597491664,1.0,580.5189927947487,476.468457008773,1.0,516.557240107632,456.6023394901504,1.0,535.4415389675719,469.4478826981427,1.0,541.0962002273665,497.05824763306265,1.0,506.5661116320525,526.4216877724137,1.0,547.7350683715825,560.171953468684,1.0,471.3733738088088,517.2526404917476,1.0,563.856191978939,573.6040283171023,1.0,562.0596768618358,571.9609613888728,1.0,543.6309042404952,572.5419897166141,1.0,453.9268250774148,540.9122783843849,1.0,453.1759055203407,537.2512014168045,1.0,463.2340023684173,508.1779360369624,1.0,1.0,1.0833333333333333,620.1791303491048,424.5049205914039,False,572.680746120249,407.6249052755044,False,599.0895479775734,454.0628537932614,False,525.7595883258556,424.2372008344057,False,602.415798817119,477.85816835869497,False,556.4322102663602,432.6322597491664,False,580.5189927947487,476.468457008773,False,516.557240107632,456.6023394901504,False,535.4415389675719,469.4478826981427,False,541.0962002273665,497.05824763306265,False,506.5661116320525,526.4216877724137,False,547.7350683715825,560.171953468684,False,471.3733738088088,517.2526404917476,False,True,78.41093195018978,154.76545394678126,102.27368577738865
66,66,1.1,1.1,Sports2D_HALPE26_postprocessed,620.997886447213,427.5908498299476,1.0,574.8497640468432,406.97446491615113,1.0,600.0281134435112,448.2459287540492,1.0,530.8858135889195,424.7466743129822,1.0,587.677349556413,466.8121063876509,1.0,564.2543621235945,433.3785591787915,1.0,576.3648272212898,455.5960691970224,1.0,519.2782288015403,452.461007547849,1.0,538.0550253066742,466.2441291511779,1.0,543.1169374836453,497.1476430529881,1.0,506.168729791308,522.2610937199178,1.0,547.965171003801,560.4109300147229,1.0,465.3916740803339,511.6652386934501,1.0,563.6523314539841,573.9730428499563,1.0,561.7346147529332,572.4403358955465,1.0,543.703795749536,572.3747024531708,1.0,447.752883610301,538.0515495854771,1.0,446.4625425443522,534.2405898658214,1.0,455.4883200056553,502.4005966734726,1.0,1.0,1.1,620.997886447213,427.5908498299476,False,574.8497640468432,406.97446491615113,False,600.0281134435112,448.2459287540492,False,530.8858135889195,424.7466743129822,False,587.677349556413,466.8121063876509,False,564.2543621235945,433.3785591787915,False,576.3648272212898,455.5960691970224,False,519.2782288015403,452.461007547849,False,538.0550253066742,466.2441291511779,False,543.1169374836453,497.1476430529881,False,506.168729791308,522.2610937199178,False,547.965171003801,560.4109300147229,False,465.3916740803339,511.6652386934501,False,True,78.87839596550768,156.30403019589343,105.08356093013805
67,67,1.1166666666666667,1.1166666666666667,Sports2D_HALPE26_postprocessed,623.7141136962309,427.70626961179767,1.0,576.5714851396535,404.6105143155265,1.0,600.3740001950887,446.9509808296567,1.0,543.5666797216367,422.8267374519265,1.0,572.0360704814368,466.17485295471226,1.0,568.0626523145424,433.1439836174317,1.0,574.888929154096,449.8738675519448,1.0,524.9734649810277,448.30288320655904,1.0,540.1914699394755,462.1807976590901,1.0,546.2283308856149,496.4689706369757,1.0,505.6384850525559,517.1097305868689,1.0,548.8756448423227,560.7538846443492,1.0,458.98946236287145,505.5776576890368,1.0,563.6062376854215,573.8729840237047,1.0,561.6145352003928,572.5769433554138,1.0,544.0472921058242,572.1050246006768,1.0,443.7907942750916,531.9503421929744,1.0,440.348804452718,527.0991283550263,1.0,451.00965485882256,496.2058996970951,1.0,1.0,1.1166666666666667,623.7141136962309,427.70626961179767,False,576.5714851396535,404.6105143155265,False,600.3740001950887,446.9509808296567,False,543.5666797216367,422.8267374519265,False,572.0360704814368,466.17485295471226,False,568.0626523145424,433.1439836174317,False,574.888929154096,449.8738675519448,False,524.9734649810277,448.30288320655904,False,540.1914699394755,462.1807976590901,False,546.2283308856149,496.4689706369757,False,505.6384850525559,517.1097305868689,False,548.8756448423227,560.7538846443492,False,458.98946236287145,505.5776576890368,False,True,45.92095299807365,158.54711935630147,108.2862443843817
68,68,1.1333333333333333,1.1333333333333333,Sports2D_HALPE26_postprocessed,621.6858724172538,424.7509127162953,1.0,577.7066146250208,401.9259807171544,1.0,600.5862062457579,442.8952988446399,1.0,545.8446814216182,420.3962434192572,1.0,573.4203863633829,460.83821135910034,1.0,568.5037067235561,427.5536820330884,1.0,573.7494690312711,445.7069868314381,1.0,527.7188777866029,446.500902368262,1.0,544.8926722637751,458.99432157415794,1.0,549.0818216044936,493.90675436827433,1.0,504.61352793940574,511.4129589428831,1.0,549.065752509667,560.6115322276819,1.0,456.819148375236,499.1895691920186,1.0,564.5061581255251,573.7736031706709,1.0,561.8453666180345,572.6203003035006,1.0,544.0772916007539,571.8378385481236,1.0,436.9250261672741,520.6505158662009,1.0,434.2255441020517,515.631728098029,1.0,448.72332876973536,488.49887149173696,1.0,1.0,1.1333333333333333,621.6858724172538,424.7509127162953,False,577.7066146250208,401.9259807171544,False,600.5862062457579,442.8952988446399,False,545.8446814216182,420.3962434192572,False,573.4203863633829,460.83821135910034,False,568.5037067235561,427.5536820330884,False,573.7494690312711,445.7069868314381,False,527.7188777866029,446.500902368262,False,544.8926722637751,458.99432157415794,False,549.0818216044936,493.90675436827433,False,504.61352793940574,511.4129589428831,False,549.065752509667,560.6115322276819,False,456.819148375236,499.1895691920186,False,True,55.30949631359547,155.72799475070946,113.1932642522933
69,69,1.15,1.15,Sports2D_HALPE26_postprocessed,619.3954116164199,423.7043958583216,1.0,580.137096519242,400.0899561617383,1.0,600.9261746554489,441.8562366654545,1.0,547.2379712398122,421.2422336105409,1.0,574.63622037805,458.32557090924615,1.0,565.0688060516945,417.6669120199881,1.0,577.6124316208177,444.3587522504019,1.0,530.0893014601745,444.0478393471769,1.0,548.6272352817554,456.7282771869396,1.0,552.4183688451141,492.37328270955527,1.0,504.99932779948193,505.93664533955297,1.0,549.2605614314135,560.8204589720079,1.0,454.8117338979815,491.7537380143491,1.0,564.5600265587648,573.8429691414203,1.0,562.123166486472,572.3870152245327,1.0,544.1421658002856,571.5238535959631,1.0,429.40404369980223,511.2121768165129,1.0,428.9176253028446,506.44442098471455,1.0,448.7293849458001,479.430368557717,1.0,1.0,1.15,619.3954116164199,423.7043958583216,False,580.137096519242,400.0899561617383,False,600.9261746554489,441.8562366654545,False,547.2379712398122,421.2422336105409,False,574.63622037805,458.32557090924615,False,565.0688060516945,417.6669120199881,False,577.6124316208177,444.3587522504019,False,530.0893014601745,444.0478393471769,False,548.6272352817554,456.7282771869396,False,552.4183688451141,492.37328270955527,False,504.99932779948193,505.93664533955297,False,549.2605614314135,560.8204589720079,False,454.8117338979815,491.7537380143491,False,True,45.90560035867008,152.55894738543506,115.7798662695116
70,70,1.1666666666666667,1.1666666666666667,Sports2D_HALPE26_postprocessed,618.4658057415244,421.6786124766628,1.0,581.6435553356299,398.5914653795529,1.0,600.9973438120215,440.69884463994737,1.0,544.9440643371283,421.4917558119287,1.0,568.3738533860602,457.7810956335874,1.0,521.7805987182841,409.6187283575951,1.0,580.2321516025963,447.89123485792,1.0,531.7026463246999,442.60344151116334,1.0,551.8632492186454,456.1879943032476,1.0,555.2178824946526,491.1456088355424,1.0,505.63179289999147,500.4755764997711,1.0,549.7088774894626,561.1121145554973,1.0,455.7005823954712,483.4997946072114,1.0,564.6380356830846,574.3317079032754,1.0,562.3414212438267,572.5033253655695,1.0,544.3628601903156,571.4791031971095,1.0,426.0818304472191,503.5005906447176,1.0,427.9205949638121,498.1370936622607,1.0,450.8834192466056,473.5852464748653,1.0,1.0,1.1666666666666667,618.4658057415244,421.6786124766628,False,581.6435553356299,398.5914653795529,False,600.9973438120215,440.69884463994737,False,544.9440643371283,421.4917558119287,False,568.3738533860602,457.7810956335874,False,521.7805987182841,409.6187283575951,False,580.2321516025963,447.89123485792,False,531.7026463246999,442.60344151116334,False,551.8632492186454,456.1879943032476,False,555.2178824946526,491.1456088355424,False,505.63179289999147,500.4755764997711,False,549.7088774894626,561.1121145554973,False,455.7005823954712,483.4997946072114,False,True,12.19085089910303,149.6510517883348,117.45304388617856
71,71,1.1833333333333331,1.1833333333333331,Sports2D_HALPE26_postprocessed,616.6587126178102,416.48663764886527,1.0,580.4464735091332,397.0738516018865,1.0,602.4297117422926,439.1397792211291,1.0,543.6812811589426,420.51795617429593,1.0,572.3839147000615,456.2325417175253,1.0,552.6735587812104,407.685558436863,1.0,580.3266167750916,446.06232294609583,1.0,536.3772562787681,442.5298245412316,1.0,555.0769961734155,455.79778766963307,1.0,556.9839790111516,492.8313963698406,1.0,508.62508508035177,494.9998796514624,1.0,550.3246495660034,561.0276835448641,1.0,460.3264201216383,479.45997738579945,1.0,564.6870683411626,575.0870016947274,1.0,562.5937047701219,573.1481785528628,1.0,544.4965818532338,571.1647946774672,1.0,427.99641415987344,494.3473227848614,1.0,430.7641269474713,491.8495041160376,1.0,454.322493854799,466.7874551704348,1.0,1.0,1.1833333333333331,616.6587126178102,416.48663764886527,False,580.4464735091332,397.0738516018865,False,602.4297117422926,439.1397792211291,False,543.6812811589426,420.51795617429593,False,572.3839147000615,456.2325417175253,False,552.6735587812104,407.685558436863,False,580.3266167750916,446.06232294609583,False,536.3772562787681,442.5298245412316,False,555.0769961734155,455.79778766963307,False,556.9839790111516,492.8313963698406,False,508.62508508035177,494.9998796514624,False,550.3246495660034,561.0276835448641,False,460.3264201216383,479.45997738579945,False,True,22.375871242084884,152.14565483878712,122.00265484613955
72,72,1.2,1.2,Sports2D_HALPE26_postprocessed,616.2559184618872,412.8519221753806,1.0,581.1679243919464,394.80241389841984,1.0,602.9292943524853,435.9023741229021,1.0,544.3196006818699,419.3353522792991,1.0,571.0651499495641,456.4380889255133,1.0,555.858025365887,408.4999883514226,1.0,576.3662843464049,445.0148345599934,1.0,539.8634114828487,440.3022655358479,1.0,559.0675498025882,454.6017972779882,1.0,558.2159743833846,493.56753520146174,1.0,512.2673770394507,492.11283393177126,1.0,550.3822114652096,561.5834328228603,1.0,463.6890335413662,473.2436899603641,1.0,564.9389428127364,575.8715237359044,1.0,561.9846841311335,573.9052741733008,1.0,544.7629608368828,571.0634966957407,1.0,430.170369560567,489.0210480681483,1.0,433.86932163000455,486.4264553835749,1.0,459.05388430073714,460.809287893184,1.0,1.0,1.2,616.2559184618872,412.8519221753806,False,581.1679243919464,394.80241389841984,False,602.9292943524853,435.9023741229021,False,544.3196006818699,419.3353522792991,False,571.0651499495641,456.4380889255133,False,555.858025365887,408.4999883514226,False,576.3662843464049,445.0148345599934,False,539.8634114828487,440.3022655358479,False,559.0675498025882,454.6017972779882,False,558.2159743833846,493.56753520146174,False,512.2673770394507,492.11283393177126,False,550.3822114652096,561.5834328228603,False,463.6890335413662,473.2436899603641,False,True,32.3047702226119,154.41847721437102,120.05978695793516
73,73,1.2166666666666666,1.2166666666666666,Sports2D_HALPE26_postprocessed,615.6077666713563,408.0114995598992,1.0,581.8299514615751,392.5334675100984,1.0,605.0499498709245,431.176702609565,1.0,543.9746655700666,418.7402205684838,1.0,578.7412052361941,456.90059321834974,1.0,560.2123250595969,411.79372415270166,1.0,580.2563129744477,435.0542231233182,1.0,543.19179399826,438.42139745750455,1.0,563.418218790323,452.8232880797461,1.0,558.7350198270951,493.6419807004387,1.0,515.1821472955558,489.9280277355871,1.0,550.5667482760169,561.5206809798985,1.0,469.14554913531447,467.7962058934679,1.0,565.1344868505707,575.9564011415828,1.0,562.3086217932373,574.0292241449695,1.0,544.7187534694561,570.9390770990736,1.0,437.3807279847802,483.9795179193588,1.0,440.15549259571634,480.40366054833066,1.0,463.71762712274295,455.56555541643627,1.0,1.0,1.2166666666666666,615.6077666713563,408.0114995598992,False,581.8299514615751,392.5334675100984,False,605.0499498709245,431.176702609565,False,543.9746655700666,418.7402205684838,False,578.7412052361941,456.90059321834974,False,560.2123250595969,411.79372415270166,False,580.2563129744477,435.0542231233182,False,543.19179399826,438.42139745750455,False,563.418218790323,452.8232880797461,False,558.7350198270951,493.6419807004387,False,515.1821472955558,489.9280277355871,False,550.5667482760169,561.5206809798985,False,469.14554913531447,467.7962058934679,False,True,41.67671301404328,157.41763699755558,116.75571128045922
74,74,1.2333333333333334,1.2333333333333334,Sports2D_HALPE26_postprocessed,613.7951552153726,405.34824713555264,1.0,583.1551731656167,390.5271634766571,1.0,606.7097194051601,428.9867633756002,1.0,547.78315679622,415.9158633608831,1.0,582.473299558073,456.21388590343247,1.0,562.899826408216,415.5243906303169,1.0,584.2226304805341,423.8846347930762,1.0,545.769754303333,437.425201596437,1.0,566.4956251786092,451.2439412254922,1.0,559.2699556448329,493.5529408506979,1.0,519.3582605194944,487.9070716974066,1.0,550.3401874580513,561.348609676633,1.0,478.2878658587978,462.17616929696254,1.0,564.7752993888333,575.6872004213628,1.0,561.8604700203069,574.2184697795982,1.0,544.5981943136728,570.6672982162804,1.0,446.8347626076426,477.79584873804777,1.0,448.4110367795985,473.5965597410432,1.0,473.1533260242128,451.0079931018972,1.0,1.0,1.2333333333333334,613.7951552153726,405.34824713555264,False,583.1551731656167,390.5271634766571,False,606.7097194051601,428.9867633756002,False,547.78315679622,415.9158633608831,False,582.473299558073,456.21388590343247,False,562.899826408216,415.5243906303169,False,584.2226304805341,423.8846347930762,False,545.769754303333,437.425201596437,False,566.4956251786092,451.2439412254922,False,559.2699556448329,493.5529408506979,False,519.3582605194944,487.9070716974066,False,550.3401874580513,561.348609676633,False,478.2878658587978,462.17616929696254,False,True,38.57686333319889,158.9721826079693,110.05701470621011
75,75,1.25,1.25,Sports2D_HALPE26_postprocessed,613.0339614617013,401.2512345660492,1.0,582.8608684520271,388.8717276664154,1.0,607.3732581856196,426.5532049752647,1.0,549.924242998928,414.6418423706765,1.0,587.3471519835853,452.4266460639152,1.0,562.6111729072193,422.7804327713961,1.0,587.1699521994691,425.6917513843355,1.0,548.6599243204176,436.9110742345292,1.0,569.729071890036,449.3182339840437,1.0,560.0817875839845,493.2220047305468,1.0,524.1256323588678,487.62941628531007,1.0,550.2247041429232,560.6397901170948,1.0,488.8498797472074,460.37761659783456,1.0,564.4310645757002,575.2911767774312,1.0,562.1484323291072,574.2738133031221,1.0,544.5662578150743,570.2658346655688,1.0,457.7838612828614,472.5229710320948,1.0,458.5969153805706,468.5912111843061,1.0,483.229881121347,448.9452856270821,1.0,1.0,1.25,613.0339614617013,401.2512345660492,False,582.8608684520271,388.8717276664154,False,607.3732581856196,426.5532049752647,False,549.924242998928,414.6418423706765,False,587.3471519835853,452.4266460639152,False,562.6111729072193,422.7804327713961,False,587.1699521994691,425.6917513843355,False,548.6599243204176,436.9110742345292,False,569.729071890036,449.3182339840437,False,560.0817875839845,493.2220047305468,False,524.1256323588678,487.62941628531007,False,550.2247041429232,560.6397901170948,False,488.8498797472074,460.37761659783456,False,True,38.11971085712105,160.21571528334985,102.27918943255303
76,76,1.2666666666666666,1.2666666666666666,Sports2D_HALPE26_postprocessed,613.8589235638905,399.5943795956696,1.0,583.9112884591176,387.4981582248564,1.0,609.1967888501327,423.8979364688299,1.0,553.8863072206751,409.96873474027626,1.0,588.7710654528178,450.6830483014208,1.0,556.6702037038908,428.02779454779846,1.0,588.9388361449509,430.4529005116504,1.0,550.4715690675404,436.40803057668165,1.0,571.206438998577,448.7134709258316,1.0,560.2142222939387,494.16017326454585,1.0,527.5583976586945,488.85188888954247,1.0,550.4065452251814,560.0866228684876,1.0,499.6673042063395,460.8156787733216,1.0,564.0300763113241,575.2599933790857,1.0,561.4201777221043,574.1699550677988,1.0,544.8479297356289,570.1593051763729,1.0,469.8778180198941,470.1599292556539,1.0,469.8994840582677,466.509462157045,1.0,495.6387585991511,449.7433167264102,1.0,1.0,1.2666666666666666,613.8589235638905,399.5943795956696,False,583.9112884591176,387.4981582248564,False,609.1967888501327,423.8979364688299,False,553.8863072206751,409.96873474027626,False,588.7710654528178,450.6830483014208,False,556.6702037038908,428.02779454779846,False,588.9388361449509,430.4529005116504,False,550.4715690675404,436.40803057668165,False,571.206438998577,448.7134709258316,False,560.2142222939387,494.16017326454585,False,527.5583976586945,488.85188888954247,False,550.4065452251814,560.0866228684876,False,499.6673042063395,460.8156787733216,False,True,36.85317908620763,161.9628317087039,92.24991996741852
77,77,1.2833333333333332,1.2833333333333332,Sports2D_HALPE26_postprocessed,614.9535859209877,400.528742745758,1.0,584.9749318674551,386.5840894841496,1.0,610.251826145541,422.0000970858263,1.0,554.6124996887046,410.022627723087,1.0,590.7807203531822,448.4543742246102,1.0,562.7350985930749,426.1719499408172,1.0,589.0915297754666,433.7644698632952,1.0,552.6186578299885,435.13492043105737,1.0,573.6429036772593,447.98476946751646,1.0,560.7811143285218,495.4567924905872,1.0,530.9068522721275,492.3727519652265,1.0,550.4553293561642,559.6240855402904,1.0,511.44810647724273,461.3310731686525,1.0,563.7835352576624,575.3237093027988,1.0,561.5929005946515,573.7073458715631,1.0,544.6164711211625,570.0820252734138,1.0,481.8647629441549,467.3837042913953,1.0,483.8154832181975,465.1306149817835,1.0,506.93627625734297,448.8607205552356,1.0,1.0,1.2833333333333332,614.9535859209877,400.528742745758,False,584.9749318674551,386.5840894841496,False,610.251826145541,422.0000970858263,False,554.6124996887046,410.022627723087,False,590.7807203531822,448.4543742246102,False,562.7350985930749,426.1719499408172,False,589.0915297754666,433.7644698632952,False,552.6186578299885,435.13492043105737,False,573.6429036772593,447.98476946751646,False,560.7811143285218,495.4567924905872,False,530.9068522721275,492.3727519652265,False,550.4553293561642,559.6240855402904,False,511.44810647724273,461.3310731686525,False,True,42.91375794456822,163.15217349251407,75.99566267974139
78,78,1.3,1.3,Sports2D_HALPE26_postprocessed,615.745208949094,396.417726453565,1.0,585.3251034353666,386.4222614806706,1.0,611.392122724704,420.3462739422398,1.0,555.3010065991102,409.107829288504,1.0,592.5629491853429,449.11730282654463,1.0,564.7798912204331,422.9423080630721,1.0,586.321830573033,437.7319856734301,1.0,554.3871418035363,434.2414071924086,1.0,577.4354992803778,446.7983936850652,1.0,560.9509558521602,496.4305014109405,1.0,536.447101745496,496.7934738633007,1.0,550.8041736624496,559.0126898875728,1.0,521.9857537771011,466.4629192806087,1.0,563.7587418167988,575.4229056099039,1.0,561.9654279274027,573.6210795212224,1.0,544.5120554752414,570.0770330269233,1.0,497.3490079742583,461.1476134861196,1.0,504.5430137490935,462.4062123619665,1.0,520.9579711541921,452.0264582393402,1.0,1.0,1.3,615.745208949094,396.417726453565,False,585.3251034353666,386.4222614806706,False,611.392122724704,420.3462739422398,False,555.3010065991102,409.107829288504,False,592.5629491853429,449.11730282654463,False,564.7798912204331,422.9423080630721,False,586.321830573033,437.7319856734301,False,554.3871418035363,434.2414071924086,False,577.4354992803778,446.7983936850652,False,560.9509558521602,496.4305014109405,False,536.447101745496,496.7934738633007,False,550.8041736624496,559.0126898875728,False,521.9857537771011,466.4629192806087,False,True,61.93304961409853,164.76543575223488,64.83797134375048
79,79,1.3166666666666669,1.3166666666666669,Sports2D_HALPE26_postprocessed,617.0599036655252,395.2061620318549,1.0,585.3153680633792,385.6132766975823,1.0,612.7901614060578,418.6162305279148,1.0,555.0928661513475,409.5740876367283,1.0,595.9566211359919,447.131367358558,1.0,564.6701528793172,420.7267512330113,1.0,584.5866667857093,437.74645551345407,1.0,555.5347138315874,433.5663113234676,1.0,579.8725419353283,445.9894084441749,1.0,560.7946408643706,498.0273590253194,1.0,541.9016993372359,500.05171733520535,1.0,551.0848162087193,558.9089972366514,1.0,532.9102095345932,468.353934637802,1.0,563.558844341815,575.5094469506561,1.0,561.6622190113924,573.7463061251985,1.0,545.0873947722986,570.0790304392858,1.0,500.6815981970128,461.2287637771257,1.0,509.2394999527439,463.193897885922,1.0,532.253306701944,452.60986333685617,1.0,1.0,1.3166666666666669,617.0599036655252,395.2061620318549,False,585.3153680633792,385.6132766975823,False,612.7901614060578,418.6162305279148,False,555.0928661513475,409.5740876367283,False,595.9566211359919,447.131367358558,False,564.6701528793172,420.7267512330113,False,584.5866667857093,437.74645551345407,False,555.5347138315874,433.5663113234676,False,579.8725419353283,445.9894084441749,False,560.7946408643706,498.0273590253194,False,541.9016993372359,500.05171733520535,False,551.0848162087193,558.9089972366514,False,532.9102095345932,468.353934637802,False,True,81.01820600263429,166.2734727211782,50.91909409651513
80,80,1.3333333333333333,1.3333333333333333,Sports2D_HALPE26_postprocessed,617.5114014521375,394.1531982683499,1.0,584.5915080197256,385.2826142229033,1.0,614.5516932445645,418.5349705277946,1.0,554.803186649906,409.4188297392298,1.0,602.9202546521874,450.5625999053944,1.0,569.7068956303519,415.8983961920787,1.0,587.4228624418508,431.3324421130183,1.0,558.4164782554315,432.7015942923908,1.0,582.8925056036283,445.90736263448935,1.0,558.9790693715285,499.8123318673927,1.0,555.0016282970024,501.2819778417701,1.0,551.1220139661343,558.9568051009882,1.0,543.2300789265415,472.61353015312375,1.0,563.6981938717576,575.8026828252996,1.0,561.7946764539241,573.7851406431564,1.0,545.2374474363953,569.7654278002726,1.0,507.4704140139976,470.70616336550455,1.0,516.500493766451,472.2878437496386,1.0,541.2437207024147,459.355544617156,1.0,1.0,1.3333333333333333,617.5114014521375,394.1531982683499,False,584.5915080197256,385.2826142229033,False,614.5516932445645,418.5349705277946,False,554.803186649906,409.4188297392298,False,602.9202546521874,450.5625999053944,False,569.7068956303519,415.8983961920787,False,587.4228624418508,431.3324421130183,False,558.4164782554315,432.7015942923908,False,582.8925056036283,445.90736263448935,False,558.9790693715285,499.8123318673927,False,555.0016282970024,501.2819778417701,False,551.1220139661343,558.9568051009882,False,543.2300789265415,472.61353015312375,False,True,58.82444093053349,171.9525408141379,49.05684933404058
81,81,1.35,1.35,Sports2D_HALPE26_postprocessed,618.6332940049316,392.8890447544885,1.0,584.1432084163068,385.33401659944445,1.0,616.4736305248284,418.12474795126377,1.0,554.538465994219,409.9216916047169,1.0,602.2151277452484,449.909879138596,1.0,570.3430181024321,412.8526424503551,1.0,588.1391458781434,434.5577615112039,1.0,560.524520091863,431.7024614962869,1.0,585.8749223686394,443.7695005552668,1.0,558.4305399183588,498.4781015926104,1.0,570.1728191387944,496.8598346736643,1.0,551.0515744559701,559.1306703354692,1.0,558.4548201566448,477.0071792095399,1.0,564.3195324720074,576.0275025381219,1.0,561.4010313673975,573.7588459392864,1.0,545.3729355664891,569.5832910340537,1.0,515.7292738024821,485.8703494572824,1.0,535.6691953126756,483.5961671180429,1.0,553.0269924808656,466.95199370861,1.0,1.0,1.35,618.6332940049316,392.8890447544885,False,584.1432084163068,385.33401659944445,False,616.4736305248284,418.12474795126377,False,554.538465994219,409.9216916047169,False,602.2151277452484,449.909879138596,False,570.3430181024321,412.8526424503551,False,588.1391458781434,434.5577615112039,False,560.524520091863,431.7024614962869,False,585.8749223686394,443.7695005552668,False,558.4305399183588,498.4781015926104,False,570.1728191387944,496.8598346736643,False,551.0515744559701,559.1306703354692,False,558.4548201566448,477.0071792095399,False,True,66.67749448439703,174.85962640310078,47.02737767035939
82,82,1.3666666666666667,1.3666666666666667,Sports2D_HALPE26_postprocessed,618.9845580336072,393.1474150944295,1.0,583.3081583169819,385.4365964480455,1.0,618.4969823456586,417.07622073166726,1.0,554.5560908140436,411.15304938875175,1.0,606.3513091775295,450.7879578106954,1.0,570.983238770373,416.24667060865215,1.0,591.791380215244,438.982152209718,1.0,561.4874202155553,430.193550528488,1.0,589.1092143053183,436.5872964671895,1.0,559.6718659893011,498.65826529246056,1.0,579.0287745359926,493.3869296710648,1.0,550.7931124076081,559.3011712237911,1.0,570.2197652572452,481.2496430188133,1.0,564.498017291867,575.7638854514094,1.0,561.2001212363325,573.8046237215378,1.0,544.817408134589,570.2856275356212,1.0,535.0197952343566,489.22207439966337,1.0,538.5060764609348,488.15303676694737,1.0,558.1270159834811,472.6986528261289,1.0,1.0,1.3666666666666667,618.9845580336072,393.1474150944295,False,583.3081583169819,385.4365964480455,False,618.4969823456586,417.07622073166726,False,554.5560908140436,411.15304938875175,False,606.3513091775295,450.7879578106954,False,570.983238770373,416.24667060865215,False,591.791380215244,438.982152209718,False,561.4874202155553,430.193550528488,False,589.1092143053183,436.5872964671895,False,559.6718659893011,498.65826529246056,False,579.0287745359926,493.3869296710648,False,550.7931124076081,559.3011712237911,False,570.2197652572452,481.2496430188133,False,True,70.7764903219406,173.18950066556147,46.035130597781006
83,83,1.3833333333333333,1.3833333333333333,Sports2D_HALPE26_postprocessed,621.3174743913949,393.3073972538855,1.0,583.1228090936419,386.2958770715556,1.0,619.7327791262707,416.1484031749419,1.0,552.948538498774,412.6051784251046,1.0,611.1792400156703,451.4254261864121,1.0,572.4729123511349,414.6540865978524,1.0,595.1587977915688,439.8877308398677,1.0,562.8286361142393,430.97228446950936,1.0,590.248255439933,436.5548451656337,1.0,560.6692561723089,498.51814143218746,1.0,587.6245555379918,499.106755459852,1.0,550.8882883771374,559.4572931218622,1.0,580.6927378572776,483.5189410449532,1.0,564.4273667813982,575.9953279475595,1.0,560.8991891265601,573.7158562450891,1.0,544.6482598624843,570.7847241670024,1.0,562.6940241402897,501.243645112165,1.0,584.0805939595642,490.50290144656407,1.0,568.2145778352285,473.1378423735208,1.0,1.0,1.3833333333333333,621.3174743913949,393.3073972538855,False,583.1228090936419,386.2958770715556,False,619.7327791262707,416.1484031749419,False,552.948538498774,412.6051784251046,False,611.1792400156703,451.4254261864121,False,572.4729123511349,414.6540865978524,False,595.1587977915688,439.8877308398677,False,562.8286361142393,430.97228446950936,False,590.248255439933,436.5548451656337,False,560.6692561723089,498.51814143218746,False,587.6245555379918,499.106755459852,False,550.8882883771374,559.4572931218622,False,580.6927378572776,483.5189410449532,False,True,67.86844880668738,172.71264862217924,26.376285926643195
84,84,1.4,1.4,Sports2D_HALPE26_postprocessed,625.9539833262207,396.4877597210547,1.0,582.4228164872948,388.0232662778527,1.0,621.9891684113232,417.9835007738189,1.0,552.5014716749072,415.42739242941616,1.0,615.6169682641224,451.8219033391659,1.0,571.6837706211556,412.5336500764935,1.0,600.0316344730677,444.280480910001,1.0,564.2833011661543,432.1571807889243,1.0,591.290682651973,438.0350165040017,1.0,560.9735009406435,498.3007488591262,1.0,599.110657860309,503.7247955687069,1.0,550.7644157027788,559.595984027834,1.0,585.9825669244675,487.6589740234,1.0,564.6309176750938,575.9845089151178,1.0,560.7861109133406,573.5446932672796,1.0,544.646722308118,570.9961541365401,1.0,584.5853618944534,506.44885029999466,1.0,591.1986538178071,499.148768437114,1.0,578.6689386672412,476.9404150123912,1.0,1.0,1.4,625.9539833262207,396.4877597210547,False,582.4228164872948,388.0232662778527,False,621.9891684113232,417.9835007738189,False,552.5014716749072,415.42739242941616,False,615.6169682641224,451.8219033391659,False,571.6837706211556,412.5336500764935,False,600.0316344730677,444.280480910001,False,564.2833011661543,432.1571807889243,False,591.290682651973,438.0350165040017,False,560.9735009406435,498.3007488591262,False,599.110657860309,503.7247955687069,False,550.7644157027788,559.595984027834,False,585.9825669244675,487.6589740234,False,True,74.84324534801306,173.40852152612112,32.4650016332923
85,85,1.4166666666666667,1.4166666666666667,Sports2D_HALPE26_postprocessed,630.0207980118882,397.2190800432657,1.0,584.7142972422425,389.13336064813984,1.0,624.2117591828717,419.9482373310757,1.0,552.1694007502523,419.152023008779,1.0,621.8917788741252,451.5267830442408,1.0,573.1024088242225,414.4634464119595,1.0,605.068491899893,445.148974640659,1.0,564.2533765841308,432.85075116224647,1.0,591.6965866089006,436.8047793169124,1.0,561.7923062375675,497.9446285264138,1.0,604.8694113729689,484.6978456279137,1.0,550.7418245525171,559.7493156452751,1.0,599.8008863385778,496.8125644542647,1.0,564.9188026478328,575.6561557907833,1.0,560.4845448177958,573.4303905120961,1.0,544.8427462998031,571.1935231316844,1.0,611.9801698012094,522.4701304448033,1.0,615.3824146034927,516.5944347037708,1.0,588.6929462856153,490.39165193411856,1.0,1.0,1.4166666666666667,630.0207980118882,397.2190800432657,False,584.7142972422425,389.13336064813984,False,624.2117591828717,419.9482373310757,False,552.1694007502523,419.152023008779,False,621.8917788741252,451.5267830442408,False,573.1024088242225,414.4634464119595,False,605.068491899893,445.148974640659,False,564.2533765841308,432.85075116224647,False,591.6965866089006,436.8047793169124,False,561.7923062375675,497.9446285264138,False,604.8694113729689,484.6978456279137,False,550.7418245525171,559.7493156452751,False,599.8008863385778,496.8125644542647,False,True,73.43978234248821,172.02802222699864,141.9179326276517
86,86,1.4333333333333331,1.4333333333333331,Sports2D_HALPE26_postprocessed,630.8418185269894,398.0097859418109,1.0,585.7287046561036,390.40292485609547,1.0,627.7920008622474,422.4700172904551,1.0,553.6119407021713,418.8992482368743,1.0,621.9527021651737,452.659410001824,1.0,576.8794630205015,416.045322017142,1.0,588.4856358095011,501.88654740636207,1.0,565.8406215191112,432.6504990098982,1.0,593.9147032287487,436.6113733856552,1.0,563.082706364151,497.86718920364206,1.0,609.417256128971,485.8564444076667,1.0,551.1060551866424,559.6794784366645,1.0,613.5644569239921,504.62953419376737,1.0,564.7641281246927,575.3646711989961,1.0,560.6278536334381,573.1512484803013,1.0,545.1532130439593,571.3167802957298,1.0,629.0459401361945,536.139187241965,1.0,632.3619372926204,528.7811797472586,1.0,607.1349411906928,509.43866083640006,1.0,1.0,1.4333333333333331,630.8418185269894,398.0097859418109,False,585.7287046561036,390.40292485609547,False,627.7920008622474,422.4700172904551,False,553.6119407021713,418.8992482368743,False,621.9527021651737,452.659410001824,False,576.8794630205015,416.045322017142,False,588.4856358095011,501.88654740636207,False,565.8406215191112,432.6504990098982,False,593.9147032287487,436.6113733856552,False,563.082706364151,497.86718920364206,False,609.417256128971,485.8564444076667,False,551.1060551866424,559.6794784366645,False,613.5644569239921,504.62953419376737,False,True,156.73727101279422,171.45584766637748,174.98303186738494
87,87,1.45,1.45,Sports2D_HALPE26_postprocessed,634.2414569606832,399.11418826869374,1.0,586.5368859821024,390.97240876196224,1.0,628.9200650672648,420.86529917473206,1.0,555.2090649059119,420.23810045384255,1.0,622.5677741865953,456.03901702749147,1.0,581.0031914592105,418.614334370171,1.0,591.8790437779796,507.3429404263189,1.0,567.755921589159,434.3485943233754,1.0,597.2994771937775,437.9690524217791,1.0,564.083429901077,497.771148622325,1.0,618.7681492950651,487.6079343702553,1.0,551.5274437460357,559.6090925085452,1.0,622.1305798160863,512.394802190316,1.0,564.5854486790938,575.2898179785539,1.0,560.6079353593118,572.840624223039,1.0,545.6895418802546,571.4680224373296,1.0,642.602194779483,545.7844996163064,1.0,645.6232011666509,537.9627659560981,1.0,615.0834778592139,517.6529689092299,1.0,1.0,1.45,634.2414569606832,399.11418826869374,False,586.5368859821024,390.97240876196224,False,628.9200650672648,420.86529917473206,False,555.2090649059119,420.23810045384255,False,622.5677741865953,456.03901702749147,False,581.0031914592105,418.614334370171,False,591.8790437779796,507.3429404263189,False,567.755921589159,434.3485943233754,False,597.2994771937775,437.9690524217791,False,564.083429901077,497.771148622325,False,618.7681492950651,487.6079343702553,False,551.5274437460357,559.6090925085452,False,622.1305798160863,512.394802190316,False,True,159.3503248827619,171.83634030424446,164.33688679675734
88,88,1.4666666666666666,1.4666666666666666,Sports2D_HALPE26_postprocessed,636.1819572220475,400.6642097385662,1.0,589.337008880779,392.5052928103436,1.0,631.4975415276656,421.2728491458345,1.0,558.9217619716585,418.2590277356043,1.0,619.3136799098432,462.03529639692,1.0,583.5200979534173,420.8980819229383,1.0,601.6410971727303,511.3528792781791,1.0,568.7507929579527,434.367486903654,1.0,600.6092506912785,437.17440476385326,1.0,565.5816584476937,497.3541009568916,1.0,626.5462443228183,488.7251289121578,1.0,552.0983217792609,559.1359156801677,1.0,630.9546896914125,521.9250899605988,1.0,564.5265887185406,575.2387313938989,1.0,560.0342007808844,572.7468983276159,1.0,546.1476748556006,571.1123017946245,1.0,656.167866554057,554.7007284436927,1.0,658.8882882911969,547.5463367437135,1.0,629.2129755909018,532.1331591504261,1.0,1.0,1.4666666666666666,636.1819572220475,400.6642097385662,False,589.337008880779,392.5052928103436,False,631.4975415276656,421.2728491458345,False,558.9217619716585,418.2590277356043,False,619.3136799098432,462.03529639692,False,583.5200979534173,420.8980819229383,False,601.6410971727303,511.3528792781791,False,568.7507929579527,434.367486903654,False,600.6092506912785,437.17440476385326,False,565.5816584476937,497.3541009568916,False,626.5462443228183,488.7251289121578,False,552.0983217792609,559.1359156801677,False,630.9546896914125,521.9250899605988,False,True,176.9266049571307,170.5691116857141,160.85516681459262
89,89,1.4833333333333334,1.4833333333333334,Sports2D_HALPE26_postprocessed,639.3455793113319,401.4857068521731,1.0,593.0037183397849,394.1940551484001,1.0,633.9403057362621,421.0976554751567,1.0,561.5098032079095,417.4935733067813,1.0,624.0403311951295,472.0159910253418,1.0,587.4536766611731,426.233364694284,1.0,609.252141044922,514.3684371301857,1.0,571.4248096093099,434.2066652344368,1.0,604.0536395690824,436.8952122162828,1.0,567.0213118484374,496.73411765380894,1.0,633.4087853272584,491.25539844574246,1.0,552.9867673210045,558.5453676414782,1.0,642.2036683610695,530.5222807984285,1.0,564.4277397107193,575.1533744847833,1.0,559.4154510773415,572.5836974743268,1.0,546.2744486243089,571.2450606579606,1.0,667.5286925413119,561.610240306891,1.0,671.8103271076437,555.7524945169439,1.0,642.1739065325994,542.206380545235,1.0,1.0,1.4833333333333334,639.3455793113319,401.4857068521731,False,593.0037183397849,394.1940551484001,False,633.9403057362621,421.0976554751567,False,561.5098032079095,417.4935733067813,False,624.0403311951295,472.0159910253418,False,587.4536766611731,426.233364694284,False,609.252141044922,514.3684371301857,False,571.4248096093099,434.2066652344368,False,604.0536395690824,436.8952122162828,False,567.0213118484374,496.73411765380894,False,633.4087853272584,491.25539844574246,False,552.9867673210045,558.5453676414782,False,642.2036683610695,530.5222807984285,False,True,171.75500609427908,171.2360103699428,164.25501552233825
90,90,1.5,1.5,Sports2D_HALPE26_postprocessed,640.4229282786459,401.69909705608063,1.0,591.5723262133222,396.5106502518995,1.0,636.5611705643669,420.0617635282893,1.0,564.0664137620965,426.5995511016219,1.0,629.403164205644,474.2793289142277,1.0,589.423905099813,458.939682297567,1.0,616.0304045496548,516.3909163941836,1.0,574.4308439912799,435.3422633786156,1.0,607.7409709016583,438.0857153681513,1.0,568.7755595185421,496.8406497070699,1.0,639.5420126531218,492.9981519460344,1.0,553.4361640296592,557.8672329555295,1.0,653.2606285234891,539.2852898793545,1.0,564.4336250868971,575.0038752951706,1.0,559.721580390668,572.3953367325558,1.0,546.2774808689815,571.0336881123742,1.0,678.6718303050461,568.1816831134342,1.0,680.9484943846334,562.6177446497958,1.0,653.2444501804529,554.0080737813261,1.0,1.0,1.5,640.4229282786459,401.69909705608063,False,591.5723262133222,396.5106502518995,False,636.5611705643669,420.0617635282893,False,564.0664137620965,426.5995511016219,False,629.403164205644,474.2793289142277,False,589.423905099813,458.939682297567,False,616.0304045496548,516.3909163941836,False,574.4308439912799,435.3422633786156,False,607.7409709016583,438.0857153681513,False,568.7755595185421,496.8406497070699,False,639.5420126531218,492.9981519460344,False,553.4361640296592,557.8672329555295,False,653.2606285234891,539.2852898793545,False,True,169.90338399592767,171.14470245315698,166.43270003977773
91,91,1.5166666666666666,1.5166666666666666,Sports2D_HALPE26_postprocessed,640.9483978878187,400.2992858191207,1.0,594.5732062512362,396.3623426564295,1.0,641.5204783667668,421.4968647711507,1.0,566.2373387632812,429.7259567736192,1.0,635.0272286928517,476.7532904141856,1.0,585.7361524394365,457.9542960881809,1.0,623.010124709564,516.020487586272,1.0,577.3299428212252,435.8930550200552,1.0,610.666443266069,438.50300465096257,1.0,570.4958410836472,497.19371869032113,1.0,644.0972991078377,496.2604776692771,1.0,553.6701955530748,557.5292610018276,1.0,665.1687555670921,548.0801868524879,1.0,564.4274478514544,574.8342089215769,1.0,559.9876977565458,572.5054197187371,1.0,546.6210988038572,570.9818723520966,1.0,685.8894633429794,570.8655953405557,1.0,688.9538411382323,567.645339663821,1.0,665.4937910344906,563.22030067251,1.0,1.0,1.5166666666666666,640.9483978878187,400.2992858191207,False,594.5732062512362,396.3623426564295,False,641.5204783667668,421.4968647711507,False,566.2373387632812,429.7259567736192,False,635.0272286928517,476.7532904141856,False,585.7361524394365,457.9542960881809,False,623.010124709564,516.020487586272,False,577.3299428212252,435.8930550200552,False,610.666443266069,438.50300465096257,False,570.4958410836472,497.19371869032113,False,644.0972991078377,496.2604776692771,False,553.6701955530748,557.5292610018276,False,665.1687555670921,548.0801868524879,False,True,169.68625891008887,170.77926982638468,172.06526612027707
92,92,1.5333333333333332,1.5333333333333332,Sports2D_HALPE26_postprocessed,644.6452208193871,400.9287579232591,1.0,598.3122908024443,397.7878727799787,1.0,644.1146714137892,422.0670640246923,1.0,567.0001274437947,432.65500029958935,1.0,639.5184947120874,473.3329686069443,1.0,587.914217763382,458.3785391191653,1.0,629.1353159168414,517.0459759710612,1.0,580.383701399933,435.95932783138926,1.0,613.6963235982786,437.62889705399255,1.0,572.5283438864255,497.7499287775149,1.0,647.399527365171,498.7529772034808,1.0,553.9408783708166,557.804008634628,1.0,675.4254419353861,554.9134719142068,1.0,564.5894393465123,574.7978836659586,1.0,560.1896833596634,572.5663037070199,1.0,546.5400983839442,570.668264377186,1.0,690.8989016563914,571.5734978676019,1.0,696.1101844011873,571.2695154928591,1.0,676.548665642853,568.6201450960001,1.0,1.0,1.5333333333333332,644.6452208193871,400.9287579232591,False,598.3122908024443,397.7878727799787,False,644.1146714137892,422.0670640246923,False,567.0001274437947,432.65500029958935,False,639.5184947120874,473.3329686069443,False,587.914217763382,458.3785391191653,False,629.1353159168414,517.0459759710612,False,580.383701399933,435.95932783138926,False,613.6963235982786,437.62889705399255,False,572.5283438864255,497.7499287775149,False,647.399527365171,498.7529772034808,False,553.9408783708166,557.804008634628,False,675.4254419353861,554.9134719142068,False,True,171.76119991170737,170.04714273930531,177.64878844733724
93,93,1.55,1.55,Sports2D_HALPE26_postprocessed,645.3970411873396,401.1016035667471,1.0,600.9965027410831,399.2185248455826,1.0,646.3392046220147,422.1623251391016,1.0,571.3574140799284,433.162688742733,1.0,644.7722482321499,466.96011385533234,1.0,589.575284625235,460.82771450864976,1.0,635.3083764868352,515.1471889378789,1.0,583.733709750761,435.9366730581157,1.0,617.5877301253439,437.6913323310589,1.0,574.5138706313564,498.9224482987544,1.0,649.9834496738399,501.3891923468715,1.0,554.2696667359155,557.4739352479404,1.0,682.1301967549052,557.914943538035,1.0,564.5996228327655,574.8795293173391,1.0,560.2907672420279,572.5707748927035,1.0,546.8509716086506,569.9894913974153,1.0,691.3010467707735,571.6823001424043,1.0,699.0797209641014,572.3038096267933,1.0,685.526474907205,571.5551814457924,1.0,1.0,1.55,645.3970411873396,401.1016035667471,False,600.9965027410831,399.2185248455826,False,646.3392046220147,422.1623251391016,False,571.3574140799284,433.162688742733,False,644.7722482321499,466.96011385533234,False,589.575284625235,460.82771450864976,False,635.3083764868352,515.1471889378789,False,583.733709750761,435.9366730581157,False,617.5877301253439,437.6913323310589,False,574.5138706313564,498.9224482987544,False,649.9834496738399,501.3891923468715,False,554.2696667359155,557.4739352479404,False,682.1301967549052,557.914943538035,False,True,170.8919153576796,169.2549449316382,177.32985250856518
94,94,1.5666666666666669,1.5666666666666669,Sports2D_HALPE26_postprocessed,647.4484113886251,402.0243685150498,1.0,602.3135434046383,401.346169464769,1.0,649.2942325246297,422.68347168758,1.0,572.4727543690841,437.6068694168184,1.0,648.6397480196374,465.20857183758886,1.0,590.6399855822535,463.4166801376175,1.0,640.723421505988,510.7916546341974,1.0,587.998440064366,437.05721665106137,1.0,622.6798590751337,439.7659367609853,1.0,576.1428913479414,499.4471045241584,1.0,652.310072945504,504.11757225272606,1.0,554.4962232940037,557.3364878228299,1.0,687.0833250484898,560.1263392498345,1.0,564.597974535769,575.0227370087058,1.0,560.1232310621112,572.7179421950486,1.0,546.9908203497848,569.5887568831781,1.0,693.4843776342967,575.4784888809634,1.0,702.4763079757258,574.5236409124468,1.0,692.396788574632,573.3641324271305,1.0,1.0,1.5666666666666669,647.4484113886251,402.0243685150498,False,602.3135434046383,401.346169464769,False,649.2942325246297,422.68347168758,False,572.4727543690841,437.6068694168184,False,648.6397480196374,465.20857183758886,False,590.6399855822535,463.4166801376175,False,640.723421505988,510.7916546341974,False,587.998440064366,437.05721665106137,False,622.6798590751337,439.7659367609853,False,576.1428913479414,499.4471045241584,False,652.310072945504,504.11757225272606,False,554.4962232940037,557.3364878228299,False,687.0833250484898,560.1263392498345,False,True,171.0295606008779,170.25691288832382,172.88910937516653
95,95,1.5833333333333333,1.5833333333333333,Sports2D_HALPE26_postprocessed,649.407642294234,402.1242703724943,1.0,603.6393241813673,403.8018458770656,1.0,652.0404741850059,422.6453548797608,1.0,575.9773560960756,439.3710570910945,1.0,653.6644819937819,464.5090975812194,1.0,591.9188269271336,464.861845867067,1.0,644.5398490526359,509.98311426959697,1.0,592.3846608475179,441.28116125934207,1.0,626.9412904156957,443.3304521370663,1.0,578.2711029744526,499.8440705399124,1.0,655.1284655994939,507.89773312770393,1.0,555.0049384244794,557.212410150802,1.0,690.2275280552134,561.7023875079649,1.0,564.5855097287406,575.1678440423424,1.0,559.6151291394376,572.9749794174226,1.0,547.3806242347362,569.4519666503552,1.0,695.6097308370051,578.029850045891,1.0,705.0437468589555,577.3953600811951,1.0,696.0874787032214,575.2020632193853,1.0,1.0,1.5833333333333333,649.407642294234,402.1242703724943,False,603.6393241813673,403.8018458770656,False,652.0404741850059,422.6453548797608,False,575.9773560960756,439.3710570910945,False,653.6644819937819,464.5090975812194,False,591.9188269271336,464.861845867067,False,644.5398490526359,509.98311426959697,False,592.3846608475179,441.28116125934207,False,626.9412904156957,443.3304521370663,False,578.2711029744526,499.8440705399124,False,655.1284655994939,507.89773312770393,False,555.0049384244794,557.212410150802,False,690.2275280552134,561.7023875079649,False,True,166.43238899020352,171.47441373466023,170.46580230963247
96,96,1.6,1.6,Sports2D_HALPE26_postprocessed,651.6479847590406,402.1351209153127,1.0,605.2547899363436,404.9164493056946,1.0,653.7337714733745,422.2866860844647,1.0,579.0673104715602,442.18062796344736,1.0,657.0112768062062,467.0654714061296,1.0,596.0604870230815,465.5790278713611,1.0,650.094819627756,512.4652643779237,1.0,597.4673746145189,445.0251157232954,1.0,631.1968912345435,447.8599178445908,1.0,579.870994317062,500.5889172947203,1.0,657.2460721875261,510.9893448280725,1.0,555.3127036536431,557.2333936553081,1.0,694.3756380003108,563.9453751510233,1.0,564.5897648238692,575.3196609049983,1.0,559.3842263549012,573.2779153738264,1.0,547.7016786259569,569.192905628247,1.0,698.1423838401832,580.2765707613414,1.0,707.2958792965771,579.3604313266188,1.0,699.8146168507192,576.8634115153261,1.0,1.0,1.6,651.6479847590406,402.1351209153127,False,605.2547899363436,404.9164493056946,False,653.7337714733745,422.2866860844647,False,579.0673104715602,442.18062796344736,False,657.0112768062062,467.0654714061296,False,596.0604870230815,465.5790278713611,False,650.094819627756,512.4652643779237,False,597.4673746145189,445.0251157232954,False,631.1968912345435,447.8599178445908,False,579.870994317062,500.5889172947203,False,657.2460721875261,510.9893448280725,False,555.3127036536431,557.2333936553081,False,694.3756380003108,563.9453751510233,False,True,167.15164593394306,174.133151481492,167.38676342063073
97,97,1.6166666666666667,1.6166666666666667,Sports2D_HALPE26_postprocessed,652.9727051043287,402.3233890844995,1.0,607.4172070005827,405.7616149630199,1.0,658.7297227290912,423.96567593937897,1.0,581.4029579338664,446.361467387271,1.0,659.6158647009809,465.746551216305,1.0,600.2765027602802,473.313118756737,1.0,653.8222368872077,510.48879913369456,1.0,601.5283304665804,449.210836802701,1.0,635.7779600846177,452.3050538308831,1.0,581.2129091500856,501.87639339464033,1.0,659.1636850494929,514.4211886461701,1.0,555.5714693530047,557.6961353667838,1.0,696.3336418023418,566.5685120909753,1.0,564.6554366901547,575.5049201760419,1.0,559.6119926732647,573.5504376164356,1.0,548.3399158682761,568.8546048976033,1.0,699.2313867918169,581.2768931736751,1.0,708.1318855835443,580.0403650932013,1.0,701.490996627393,577.527583302309,1.0,1.0,1.6166666666666667,652.9727051043287,402.3233890844995,False,607.4172070005827,405.7616149630199,False,658.7297227290912,423.96567593937897,False,581.4029579338664,446.361467387271,False,659.6158647009809,465.746551216305,False,600.2765027602802,473.313118756737,False,653.8222368872077,510.48879913369456,False,601.5283304665804,449.210836802701,False,635.7779600846177,452.3050538308831,False,581.2129091500856,501.87639339464033,False,659.1636850494929,514.4211886461701,False,555.5714693530047,557.6961353667838,False,696.3336418023418,566.5685120909753,False,True,171.40686309392171,176.42159227678502,165.14975418020447
98,98,1.6333333333333333,1.6333333333333333,Sports2D_HALPE26_postprocessed,652.6768081598215,401.971383739027,1.0,609.1518623975371,407.28119623660655,1.0,660.1036855763025,425.8062751092095,1.0,585.120129634803,447.7680063510758,1.0,662.2189841198734,467.2786118755109,1.0,601.6732805965505,477.6600695688285,1.0,655.626457659669,512.5791458326936,1.0,605.8635815114541,453.5898312127636,1.0,639.7720832522757,457.3959756171736,1.0,582.2892293401413,502.8845792239467,1.0,661.423884150908,515.2282281542386,1.0,555.6568744073841,558.1922782821107,1.0,697.3410069012086,567.287912077277,1.0,564.6840878351217,575.5775456434571,1.0,559.7397843894283,573.6584023570422,1.0,549.0248650317272,568.5504348699569,1.0,699.6420793014245,581.7674486123966,1.0,708.8710366522578,580.2089916730398,1.0,701.9625597136145,577.4994936116956,1.0,1.0,1.6333333333333333,652.6768081598215,401.971383739027,False,609.1518623975371,407.28119623660655,False,660.1036855763025,425.8062751092095,False,585.120129634803,447.7680063510758,False,662.2189841198734,467.2786118755109,False,601.6732805965505,477.6600695688285,False,655.626457659669,512.5791458326936,False,605.8635815114541,453.5898312127636,False,639.7720832522757,457.3959756171736,False,582.2892293401413,502.8845792239467,False,661.423884150908,515.2282281542386,False,555.6568744073841,558.1922782821107,False,697.3410069012086,567.287912077277,False,True,168.80010442710852,179.84640085043958,165.92273465438862
99,99,1.65,1.65,Sports2D_HALPE26_postprocessed,653.3513119961264,401.93044960554505,1.0,610.6054085112166,408.2566817329024,1.0,661.5412599807747,425.9755253989534,1.0,588.8321232228546,450.8019834204812,1.0,664.1555254839475,467.6136209641521,1.0,605.9532387424258,480.5201067817976,1.0,658.2313983368504,511.855942077596,1.0,609.5442486399184,456.4974385923773,1.0,644.3840525522802,459.9915720635592,1.0,583.8625044579668,503.3458940342881,1.0,663.1508760862425,516.0182599847924,1.0,556.1986836333145,558.4026697573199,1.0,697.3324942745048,567.2435575158747,1.0,564.7971342400931,575.5223727976608,1.0,559.5162951644882,573.6567636393908,1.0,549.6845483479503,569.1755820236808,1.0,699.689485969121,582.5218657491654,1.0,709.4476272741574,580.1761629034136,1.0,702.2590575551616,577.3063186692151,1.0,1.0,1.65,653.3513119961264,401.93044960554505,False,610.6054085112166,408.2566817329024,False,661.5412599807747,425.9755253989534,False,588.8321232228546,450.8019834204812,False,664.1555254839475,467.6136209641521,False,605.9532387424258,480.5201067817976,False,658.2313983368504,511.855942077596,False,609.5442486399184,456.4974385923773,False,644.3840525522802,459.9915720635592,False,583.8625044579668,503.3458940342881,False,663.1508760862425,516.0182599847924,False,556.1986836333145,558.4026697573199,False,697.3324942745048,567.2435575158747,False,True,168.78073222161134,177.94668406923125,164.8045124352397
100,100,1.6666666666666667,1.6666666666666667,Sports2D_HALPE26_postprocessed,653.8033831423561,402.1661354502628,1.0,612.1364496518593,409.1305563678003,1.0,663.5065262541082,427.0771358788763,1.0,591.8753589945371,452.5459676780272,1.0,665.876954112132,468.289099993801,1.0,608.0901999803137,486.2360757572794,1.0,658.7829480735547,513.396798670914,1.0,613.2382177882228,457.6422168291549,1.0,648.1582092409133,461.28265900656646,1.0,586.0983886445916,503.3863231694496,1.0,664.2348097452618,515.5458966060927,1.0,557.4938713751795,558.2855750455894,1.0,697.0170616622402,566.8565391842997,1.0,564.8135093744937,575.222346434342,1.0,555.8805543891692,573.5569193766237,1.0,550.9605180573567,569.2420622093498,1.0,699.881141011276,583.1503938317804,1.0,709.5985795407939,580.1594539332657,1.0,702.1587411461531,576.8084685702213,1.0,1.0,1.6666666666666667,653.8033831423561,402.1661354502628,False,612.1364496518593,409.1305563678003,False,663.5065262541082,427.0771358788763,False,591.8753589945371,452.5459676780272,False,665.876954112132,468.289099993801,False,608.0901999803137,486.2360757572794,False,658.7829480735547,513.396798670914,False,613.2382177882228,457.6422168291549,False,648.1582092409133,461.28265900656646,False,586.0983886445916,503.3863231694496,False,664.2348097452618,515.5458966060927,False,557.4938713751795,558.2855750455894,False,697.0170616622402,566.8565391842997,False,True,167.7704931673197,176.84064331687978,163.92859054513028
101,101,1.6833333333333331,1.6833333333333331,Sports2D_HALPE26_postprocessed,654.0361474615216,402.2148815223831,1.0,612.667035791184,410.6897112049257,1.0,664.4669463441909,427.6641209279889,1.0,593.7283560561086,453.4437191408217,1.0,667.4843799861101,467.9705038816582,1.0,609.3138167011892,486.7478373888321,1.0,660.3862315507466,512.6761083173607,1.0,615.1296613068487,458.89048332925387,1.0,649.6015806515056,462.617229609242,1.0,587.3678531435501,504.3345041782059,1.0,665.1726172723978,515.91800038368,1.0,558.8029040222721,558.4610555457137,1.0,697.35859168055,567.18757307448,1.0,564.6248711131799,574.8976585186075,1.0,554.903248492333,573.5759564095695,1.0,552.1839948800805,568.8769435610542,1.0,699.6897274642104,583.5018847649056,1.0,709.6721455511281,580.271510806224,1.0,702.1782518474872,576.8907048717326,1.0,1.0,1.6833333333333331,654.0361474615216,402.2148815223831,False,612.667035791184,410.6897112049257,False,664.4669463441909,427.6641209279889,False,593.7283560561086,453.4437191408217,False,667.4843799861101,467.9705038816582,False,609.3138167011892,486.7478373888321,False,660.3862315507466,512.6761083173607,False,615.1296613068487,458.89048332925387,False,649.6015806515056,462.617229609242,False,587.3678531435501,504.3345041782059,False,665.1726172723978,515.91800038368,False,558.8029040222721,558.4610555457137,False,697.35859168055,567.18757307448,False,True,166.69683642324898,176.40176217982207,164.16519739588855
102,102,1.7,1.7,Sports2D_HALPE26_postprocessed,653.3701894736887,401.7757379498523,1.0,613.434978227375,411.116942147059,1.0,665.0992808492074,426.8389508940167,1.0,595.9058730918788,454.9713546345742,1.0,668.7650934218751,468.2969811689815,1.0,610.447066201764,487.91700586783656,1.0,661.2518925191315,513.2655096009419,1.0,616.6390977952045,459.2220501221988,1.0,651.1722232198052,463.2343173985104,1.0,588.2750425601549,504.65851337882674,1.0,666.3304886365207,516.0227712862724,1.0,559.3439407537923,558.7921736839405,1.0,697.1572120409895,566.6860199288271,1.0,564.3450632067188,574.4720797380596,1.0,554.5021790658702,573.5296678769599,1.0,553.2059116564449,569.085615486465,1.0,700.0438498269745,583.0501464061547,1.0,710.0555376951316,580.1804279476352,1.0,701.9525486476235,576.7113958955905,1.0,1.0,1.7,653.3701894736887,401.7757379498523,False,613.434978227375,411.116942147059,False,665.0992808492074,426.8389508940167,False,595.9058730918788,454.9713546345742,False,668.7650934218751,468.2969811689815,False,610.447066201764,487.91700586783656,False,661.2518925191315,513.2655096009419,False,616.6390977952045,459.2220501221988,False,651.1722232198052,463.2343173985104,False,588.2750425601549,504.65851337882674,False,666.3304886365207,516.0227712862724,False,559.3439407537923,558.7921736839405,False,697.1572120409895,566.6860199288271,False,True,165.46173142691134,176.14697142228465,164.7025053444841
103,103,1.7166666666666666,1.7166666666666666,Sports2D_HALPE26_postprocessed,654.2020831127733,399.9358390159289,1.0,614.2767957195117,411.0912776912839,1.0,665.8019413194149,426.0823720493849,1.0,598.2221923461735,454.86727520881385,1.0,669.4140158033991,469.5265762042289,1.0,611.0564228729324,488.9630740669676,1.0,659.6529583679007,512.2061435349941,1.0,618.1118060208154,459.9866516783092,1.0,652.2585942162053,464.034775326664,1.0,589.4379975020199,505.1075098482162,1.0,667.2500412986107,516.4434363843786,1.0,559.8043269157797,559.420112337819,1.0,697.0272149413049,566.2127411303122,1.0,564.2333853923318,574.3121020500587,1.0,554.4969138086633,573.5066210149241,1.0,553.6520676396015,569.453288877513,1.0,699.6142224050088,582.8841893768347,1.0,709.9238052875372,580.244631280903,1.0,701.8018467186123,576.5484750951564,1.0,1.0,1.7166666666666666,654.2020831127733,399.9358390159289,False,614.2767957195117,411.0912776912839,False,665.8019413194149,426.0823720493849,False,598.2221923461735,454.86727520881385,False,669.4140158033991,469.5265762042289,False,611.0564228729324,488.9630740669676,False,659.6529583679007,512.2061435349941,False,618.1118060208154,459.9866516783092,False,652.2585942162053,464.034775326664,False,589.4379975020199,505.1075098482162,False,667.2500412986107,516.4434363843786,False,559.8043269157797,559.420112337819,False,697.0272149413049,566.2127411303122,False,True,162.36488883604449,176.18195416808354,165.0708752244956
104,104,1.7333333333333334,1.7333333333333334,Sports2D_HALPE26_postprocessed,651.4858293143898,398.6031653290784,1.0,614.1251114639654,411.16761972010687,1.0,666.6017378578129,425.9292596640373,1.0,599.7895553130904,455.9145416583193,1.0,669.2228682025279,469.5538547242359,1.0,611.8889662215006,489.789479262364,1.0,660.365437787898,512.5288149750353,1.0,619.0702040400206,460.7832616288051,1.0,653.1164968321968,465.1332567095269,1.0,590.2037964918778,505.33699975352897,1.0,667.4638096825945,516.3260425692587,1.0,559.6877300201592,559.9083416186933,1.0,697.1461318477246,566.366044239335,1.0,564.3226426079618,574.293506109695,1.0,554.5246567120503,573.5125539310915,1.0,553.6778174130043,569.8879249355938,1.0,699.758067676297,583.5438888803802,1.0,710.3641208694755,580.5680613740531,1.0,701.923544950073,576.7404713989462,1.0,1.0,1.7333333333333334,651.4858293143898,398.6031653290784,False,614.1251114639654,411.16761972010687,False,666.6017378578129,425.9292596640373,False,599.7895553130904,455.9145416583193,False,669.2228682025279,469.5538547242359,False,611.8889662215006,489.789479262364,False,660.365437787898,512.5288149750353,False,619.0702040400206,460.7832616288051,False,653.1164968321968,465.1332567095269,False,590.2037964918778,505.33699975352897,False,667.4638096825945,516.3260425692587,False,559.6877300201592,559.9083416186933,False,697.1461318477246,566.366044239335,False,True,164.91561798498967,176.27449937572032,164.98085648391688
105,105,1.75,1.75,Sports2D_HALPE26_postprocessed,648.9010760578134,397.1254745912689,1.0,614.3261586102951,410.9212672239951,1.0,666.6325490701848,425.3120086429197,1.0,601.1186847495949,455.1096410069244,1.0,669.1539415437094,468.3865903614295,1.0,612.8676871256279,489.62776992958953,1.0,660.3622393044635,511.1452762735385,1.0,620.9873410543242,461.2178464350211,1.0,654.0752328781289,465.2512574352273,1.0,590.5325717053796,505.6635139317716,1.0,668.1007997822763,516.4661597091289,1.0,559.5775275746307,560.0874451822644,1.0,697.1803855220832,566.6449533016317,1.0,564.3075191182229,574.2248459385537,1.0,554.4707611195627,573.4568013324247,1.0,553.5825785804922,570.0582670635731,1.0,700.0782889526583,583.7704407811608,1.0,710.3886787029927,580.5722771510617,1.0,701.9625325497766,577.0928494431953,1.0,1.0,1.75,648.9010760578134,397.1254745912689,False,614.3261586102951,410.9212672239951,False,666.6325490701848,425.3120086429197,False,601.1186847495949,455.1096410069244,False,669.1539415437094,468.3865903614295,False,612.8676871256279,489.62776992958953,False,660.3622393044635,511.1452762735385,False,620.9873410543242,461.2178464350211,False,654.0752328781289,465.2512574352273,False,590.5325717053796,505.6635139317716,False,668.1007997822763,516.4661597091289,False,559.5775275746307,560.0874451822644,False,697.1803855220832,566.6449533016317,False,True,165.03120791778335,175.21072777987933,165.22223135160561
106,106,1.7666666666666666,1.7666666666666666,Sports2D_HALPE26_postprocessed,647.6026723146185,394.083726483238,1.0,613.6754271440251,410.09060254428914,1.0,666.9088727019983,423.8834665536063,1.0,601.8188900055469,454.5753197151722,1.0,668.4575049847331,468.42086331019664,1.0,613.231212526985,488.75467157466727,1.0,660.298671017386,511.1826755978159,1.0,621.7050662893092,460.427708170914,1.0,654.1134546106069,463.7733322864861,1.0,591.1132655123118,505.3738173634563,1.0,668.4260496224186,516.3182384646929,1.0,559.5207553600868,560.0257924944615,1.0,697.4678243396295,567.0365456146127,1.0,564.2067624333507,574.1237509516016,1.0,554.5128468045109,573.3514998813807,1.0,553.5116908507831,570.0867436676402,1.0,700.0512047929313,583.6034730286227,1.0,710.3563075044516,580.721649783628,1.0,702.2814856053127,577.7683973036501,1.0,1.0,1.7666666666666666,647.6026723146185,394.083726483238,False,613.6754271440251,410.09060254428914,False,666.9088727019983,423.8834665536063,False,601.8188900055469,454.5753197151722,False,668.4575049847331,468.42086331019664,False,613.231212526985,488.75467157466727,False,660.298671017386,511.1826755978159,False,621.7050662893092,460.427708170914,False,654.1134546106069,463.7733322864861,False,591.1132655123118,505.3738173634563,False,668.4260496224186,516.3182384646929,False,559.5207553600868,560.0257924944615,False,697.4678243396295,567.0365456146127,False,True,167.20649662996502,175.79030353883837,165.44116308848945
107,107,1.7833333333333332,1.7833333333333332,Sports2D_HALPE26_postprocessed,643.5777670782992,390.2767926639228,1.0,613.5999953331783,408.9506095652338,1.0,666.270271325671,421.6908597819752,1.0,602.201839126296,454.4022704383515,1.0,668.1801259213262,467.0009393335689,1.0,613.6202898616035,487.5120387849127,1.0,659.3640203623124,510.7685279630487,1.0,622.1378482247692,459.646297446794,1.0,654.5238880285115,462.3265509612237,1.0,591.1334518308754,505.3117732465469,1.0,668.5133758110576,515.9532294443638,1.0,559.4820965881933,559.8826627943566,1.0,697.2518690919899,566.814354650374,1.0,563.8236506644872,574.0328575401517,1.0,554.1523840422722,573.2110563422406,1.0,553.5860422278612,570.1525817623725,1.0,699.8265707212346,583.1561860554593,1.0,710.1086473100453,580.6988328313352,1.0,702.3929095304208,577.8409902944697,1.0,1.0,1.7833333333333332,643.5777670782992,390.2767926639228,False,613.5999953331783,408.9506095652338,False,666.270271325671,421.6908597819752,False,602.201839126296,454.4022704383515,False,668.1801259213262,467.0009393335689,False,613.6202898616035,487.5120387849127,False,659.3640203623124,510.7685279630487,False,622.1378482247692,459.646297446794,False,654.5238880285115,462.3265509612237,False,591.1334518308754,505.3117732465469,False,668.5133758110576,515.9532294443638,False,559.4820965881933,559.8826627943566,False,697.2518690919899,566.814354650374,False,True,166.19767501678456,175.93953056935737,165.15267361150129
108,108,1.8,1.8,Sports2D_HALPE26_postprocessed,642.522203989966,388.72526264404985,1.0,612.6738741963738,407.8104051316543,1.0,664.5990597979788,418.8089169198543,1.0,602.1958298562143,453.5596368615776,1.0,668.5171563234376,462.62435870186766,1.0,613.8534533158665,483.9456307007033,1.0,659.309467580435,509.0681984979008,1.0,622.8431745462526,459.4143260730608,1.0,654.9010917504055,462.01429880789874,1.0,590.7895522445742,505.4620700553248,1.0,668.5811449463265,515.7630119970212,1.0,559.4042493451435,559.8891373091653,1.0,697.3274875678433,567.0100804660956,1.0,562.929585103374,573.8800142672379,1.0,553.6395566032709,572.9960184243438,1.0,553.5997326055433,570.405346050519,1.0,699.8568556013782,582.2502996875008,1.0,709.796093887693,580.5722658736595,1.0,702.4612033840466,578.0553244853577,1.0,1.0,1.8,642.522203989966,388.72526264404985,False,612.6738741963738,407.8104051316543,False,664.5990597979788,418.8089169198543,False,602.1958298562143,453.5596368615776,False,668.5171563234376,462.62435870186766,False,613.8534533158665,483.9456307007033,False,659.309467580435,509.0681984979008,False,622.8431745462526,459.4143260730608,False,654.9010917504055,462.01429880789874,False,590.7895522445742,505.4620700553248,False,668.5811449463265,515.7630119970212,False,559.4042493451435,559.8891373091653,False,697.3274875678433,567.0100804660956,False,True,163.67632299384735,175.12824881160864,164.9900062902571
109,109,1.8166666666666669,1.8166666666666669,Sports2D_HALPE26_postprocessed,640.6549240259274,386.9636250207825,1.0,612.3956953680398,407.0052163692493,1.0,663.07712846699,415.5677194349896,1.0,601.3691053262515,452.6184831443151,1.0,668.1031376124893,459.5499601986581,1.0,608.5346726576021,482.15475919108127,1.0,658.2044289239831,507.03588566319854,1.0,623.0339591269686,459.2294797882242,1.0,654.7978579023838,461.82986091842025,1.0,590.2740294350081,505.6273897141561,1.0,668.84969685341,515.3923317558288,1.0,559.158455252069,560.1664813308653,1.0,697.6526103061407,567.1267483619822,1.0,562.3167957987015,573.573240099257,1.0,553.4866287093973,572.8706000917974,1.0,553.6096169151842,570.9156998317944,1.0,699.5869076074158,580.9722427530912,1.0,709.1520386231301,580.3211480485777,1.0,702.4706934480686,578.126907625448,1.0,1.0,1.8166666666666669,640.6549240259274,386.9636250207825,False,612.3956953680398,407.0052163692493,False,663.07712846699,415.5677194349896,False,601.3691053262515,452.6184831443151,False,668.1031376124893,459.5499601986581,False,608.5346726576021,482.15475919108127,False,658.2044289239831,507.03588566319854,False,623.0339591269686,459.2294797882242,False,654.7978579023838,461.82986091842025,False,590.2740294350081,505.6273897141561,False,668.84969685341,515.3923317558288,False,559.158455252069,560.1664813308653,False,697.6526103061407,567.1267483619822,False,True,161.70587861286722,174.4810002427238,165.59330280266298
110,110,1.8333333333333333,1.8333333333333333,Sports2D_HALPE26_postprocessed,638.3426182665384,383.8760092214504,1.0,611.0149346770219,404.69957324741415,1.0,661.1113038329672,412.1884186763554,1.0,600.5902084701398,449.4521495668646,1.0,666.4968204266457,457.3281523326252,1.0,601.9878080513207,477.3969318389078,1.0,656.3559476206563,503.9830356033711,1.0,621.695032058895,458.5793147114272,1.0,653.6641544077818,461.2566766894379,1.0,589.6880114996774,505.3216187887277,1.0,668.6514211875326,515.0930564800827,1.0,558.7105053568127,560.5316024968363,1.0,697.6567122461319,567.6837029251708,1.0,562.0882152515655,573.5872937665476,1.0,553.5345551438253,572.8846556331615,1.0,553.539588500664,571.1679307081251,1.0,700.2559913130343,581.3039232985495,1.0,709.2993235699022,579.9139325767121,1.0,702.5470326833274,578.3137028118678,1.0,1.0,1.8333333333333333,638.3426182665384,383.8760092214504,False,611.0149346770219,404.69957324741415,False,661.1113038329672,412.1884186763554,False,600.5902084701398,449.4521495668646,False,666.4968204266457,457.3281523326252,False,601.9878080513207,477.3969318389078,False,656.3559476206563,503.9830356033711,False,621.695032058895,458.5793147114272,False,653.6641544077818,461.2566766894379,False,589.6880114996774,505.3216187887277,False,668.6514211875326,515.0930564800827,False,558.7105053568127,560.5316024968363,False,697.6567122461319,567.6837029251708,False,True,160.93331128903387,174.89455604749298,166.6784008485062
111,111,1.85,1.85,Sports2D_HALPE26_postprocessed,634.6117652620176,380.5721821696394,1.0,609.5889589698025,401.7291776059191,1.0,659.9285124885079,409.7375425715719,1.0,599.4314089653095,448.1623362763258,1.0,664.3945956985448,455.986872479296,1.0,600.036262843633,475.1764707264511,1.0,653.0888776398837,501.4086477588372,1.0,620.9738839560894,456.3189793344725,1.0,652.8572001017686,459.1944667236472,1.0,589.1238361237083,504.91501060575007,1.0,667.9857569119062,514.4995783905139,1.0,558.7131254658682,560.6399668261679,1.0,697.5640914973103,567.4373981452194,1.0,561.8903050990959,573.6993135849207,1.0,553.563921767106,572.9596348509682,1.0,553.5213521527979,571.3871364440138,1.0,700.1915272793052,581.3891048788103,1.0,708.9776381359203,580.019563861092,1.0,702.4718575504294,578.3734327650516,1.0,1.0,1.85,634.6117652620176,380.5721821696394,False,609.5889589698025,401.7291776059191,False,659.9285124885079,409.7375425715719,False,599.4314089653095,448.1623362763258,False,664.3945956985448,455.986872479296,False,600.036262843633,475.1764707264511,False,653.0888776398837,501.4086477588372,False,620.9738839560894,456.3189793344725,False,652.8572001017686,459.1944667236472,False,589.1238361237083,504.91501060575007,False,667.9857569119062,514.4995783905139,False,558.7131254658682,560.6399668261679,False,697.5640914973103,567.4373981452194,False,True,160.50712124730381,175.38156062243837,166.10511292196725
112,112,1.8666666666666667,1.8666666666666667,Sports2D_HALPE26_postprocessed,625.4699953136534,376.47503623957897,1.0,607.7612367841689,398.8864503779616,1.0,658.6714105247837,405.8597668522262,1.0,598.0090078442745,442.8801122510008,1.0,662.2788152383215,453.6265373848051,1.0,595.4046969454455,468.4075103648437,1.0,651.3970394294512,497.7780896619548,1.0,619.8845079836115,455.31931256392977,1.0,652.4623711740888,457.310293303923,1.0,588.0423991575901,504.5135530293014,1.0,667.3654793659589,514.4907589735216,1.0,558.5502045179674,560.9177732628978,1.0,697.8035332184436,567.6680476788929,1.0,561.8438011124628,573.7184048087853,1.0,553.6487627449087,572.9878795500811,1.0,553.5232896169337,571.3603091062722,1.0,700.0521886143916,582.8687511451935,1.0,709.648275720944,580.5457931514989,1.0,702.3965275779256,578.4643393548312,1.0,1.0,1.8666666666666667,625.4699953136534,376.47503623957897,False,607.7612367841689,398.8864503779616,False,658.6714105247837,405.8597668522262,False,598.0090078442745,442.8801122510008,False,662.2788152383215,453.6265373848051,False,595.4046969454455,468.4075103648437,False,651.3970394294512,497.7780896619548,False,619.8845079836115,455.31931256392977,False,652.4623711740888,457.310293303923,False,588.0423991575901,504.5135530293014,False,667.3654793659589,514.4907589735216,False,558.5502045179674,560.9177732628978,False,697.8035332184436,567.6680476788929,False,True,161.83573687839765,174.68991772244024,164.82186139918528
113,113,1.8833333333333333,1.8833333333333333,Sports2D_HALPE26_postprocessed,624.1539742248489,372.28410520468975,1.0,604.9916514871185,395.70742554074326,1.0,655.7310338656757,402.3443823664158,1.0,595.352459370853,439.4623505004313,1.0,661.0906910819815,446.1567790487276,1.0,592.6597769319299,465.3117296861788,1.0,648.928472102406,493.1663321873471,1.0,618.869634722673,452.4721656675421,1.0,650.5960953586531,453.79823723472487,1.0,586.8810954512473,504.6093033279695,1.0,666.3577020880825,513.936655475397,1.0,558.3343405262738,561.0277140433514,1.0,697.5332691073037,567.8372504354094,1.0,561.3774666223296,573.8228811611984,1.0,553.6226063701758,573.0461463935774,1.0,553.6016985752503,571.7790403682422,1.0,699.7568781056599,581.7149856647186,1.0,709.1325947018697,580.3325602060762,1.0,702.4013699494132,578.6756825242798,1.0,1.0,1.8833333333333333,624.1539742248489,372.28410520468975,False,604.9916514871185,395.70742554074326,False,655.7310338656757,402.3443823664158,False,595.352459370853,439.4623505004313,False,661.0906910819815,446.1567790487276,False,592.6597769319299,465.3117296861788,False,648.928472102406,493.1663321873471,False,618.869634722673,452.4721656675421,False,650.5960953586531,453.79823723472487,False,586.8810954512473,504.6093033279695,False,666.3577020880825,513.936655475397,False,558.3343405262738,561.0277140433514,False,697.5332691073037,567.8372504354094,False,True,158.52015307403292,175.30759726282005,164.64160065663188
114,114,1.9,1.9,Sports2D_HALPE26_postprocessed,623.2182555277096,369.8118574434615,1.0,600.7697288324276,393.5632036217687,1.0,652.869406682552,398.71993086938886,1.0,593.7346831725905,437.3663683958428,1.0,659.5554575883089,439.9195317249682,1.0,589.0717306809665,463.03598394902696,1.0,646.1994590559341,485.9457503240043,1.0,616.8185172981648,453.0420762300565,1.0,648.800455631481,454.6648647422492,1.0,585.8055978012568,504.762271417538,1.0,665.9668636020483,513.7306049007561,1.0,558.1025667332464,561.3309364099445,1.0,697.5507312450225,567.7679245759646,1.0,560.8922797091952,573.8948846576124,1.0,553.4488817879356,573.0899201787795,1.0,553.7905467495368,571.7969839674647,1.0,698.4499147760156,582.2031267269653,1.0,707.5213528146769,580.3829488934964,1.0,702.3117941931139,578.0477436748687,1.0,1.0,1.9,623.2182555277096,369.8118574434615,False,600.7697288324276,393.5632036217687,False,652.869406682552,398.71993086938886,False,593.7346831725905,437.3663683958428,False,659.5554575883089,439.9195317249682,False,589.0717306809665,463.03598394902696,False,646.1994590559341,485.9457503240043,False,616.8185172981648,453.0420762300565,False,648.800455631481,454.6648647422492,False,585.8055978012568,504.762271417538,False,665.9668636020483,513.7306049007561,False,558.1025667332464,561.3309364099445,False,697.5507312450225,567.7679245759646,False,True,154.6003529810343,175.1439828790759,165.900029040979
115,115,1.9166666666666667,1.9166666666666667,Sports2D_HALPE26_postprocessed,620.1925002889083,364.84300011582366,1.0,597.6674729977357,389.2477331714407,1.0,649.6184177579229,394.001860774625,1.0,590.5247971137551,430.40316956319447,1.0,655.3604402870449,435.4924739324459,1.0,584.6970261181524,457.1122870506715,1.0,643.1732718829246,483.2855077514215,1.0,614.9279615558736,450.1339792099996,1.0,647.290796085825,450.8688895953162,1.0,584.5168222428895,504.3502569639812,1.0,665.281674169225,513.2705970926695,1.0,557.9189516583048,561.4543838541739,1.0,697.3133822909118,567.6129488809644,1.0,561.1259507002478,573.8333988302688,1.0,553.2610776368325,573.0899249584068,1.0,553.9549407350444,571.8877495671713,1.0,698.11974668071,581.5673458838007,1.0,706.3783231913043,580.254770490608,1.0,702.3563593201302,577.4244365732716,1.0,1.0,1.9166666666666667,620.1925002889083,364.84300011582366,False,597.6674729977357,389.2477331714407,False,649.6184177579229,394.001860774625,False,590.5247971137551,430.40316956319447,False,655.3604402870449,435.4924739324459,False,584.6970261181524,457.1122870506715,False,643.1732718829246,483.2855077514215,False,614.9279615558736,450.1339792099996,False,647.290796085825,450.8688895953162,False,584.5168222428895,504.3502569639812,False,665.281674169225,513.2705970926695,False,557.9189516583048,561.4543838541739,False,697.3133822909118,567.6129488809644,False,True,157.81520772598262,175.68603324101528,165.56574883194506
116,116,1.933333333333333,1.933333333333333,Sports2D_HALPE26_postprocessed,616.3234257386214,361.4824291931734,1.0,595.0904284923513,386.0682266012209,1.0,645.5105017955361,389.32933951668247,1.0,586.4456949747783,427.3961360521604,1.0,652.9063102513962,434.12241777838426,1.0,582.325502178167,454.7563437911572,1.0,639.4019804248321,479.8552208737945,1.0,612.8202104407326,450.1424015822012,1.0,645.7936008816922,450.58291517372976,1.0,583.3232419575803,503.896417878533,1.0,664.2768181266051,511.82679423071545,1.0,557.765084158716,561.4292106525029,1.0,697.2700726541052,567.2365616191288,1.0,561.5129369938295,573.8564332511,1.0,553.1491533218974,573.1499040544302,1.0,553.9515891874495,572.1694231942809,1.0,697.7666992769191,581.5859361957201,1.0,707.0224930196189,580.3622725362931,1.0,702.2055462597679,577.0990451452219,1.0,1.0,1.933333333333333,616.3234257386214,361.4824291931734,False,595.0904284923513,386.0682266012209,False,645.5105017955361,389.32933951668247,False,586.4456949747783,427.3961360521604,False,652.9063102513962,434.12241777838426,False,582.325502178167,454.7563437911572,False,639.4019804248321,479.8552208737945,False,612.8202104407326,450.1424015822012,False,645.7936008816922,450.58291517372976,False,583.3232419575803,503.896417878533,False,664.2768181266051,511.82679423071545,False,557.765084158716,561.4292106525029,False,697.2700726541052,567.2365616191288,False,True,154.17323322282883,175.1972024091333,166.02234673143735
117,117,1.95,1.95,Sports2D_HALPE26_postprocessed,605.4320633617772,357.32441563799733,1.0,592.8754335735546,382.3056683091182,1.0,642.2594866735838,384.7286895988882,1.0,584.2500806366661,423.37736743787264,1.0,650.5732050333792,426.32281799734153,1.0,579.1773571607292,450.72538363478105,1.0,636.1321440610827,476.4294218655559,1.0,609.1771312093198,448.30548331359023,1.0,642.5016078657221,448.260562163497,1.0,582.181164283772,503.2243586433261,1.0,663.5033298878203,509.9717930434783,1.0,557.5419270669121,561.1079984843644,1.0,696.9712487011587,565.5552485122269,1.0,561.4835574849506,573.8523025343131,1.0,553.0018065210564,573.2679714044085,1.0,553.831142621436,572.2515511371597,1.0,698.5210560200193,581.0412664781398,1.0,706.9033290566261,579.9990395833315,1.0,702.3121824567244,576.0538356570895,1.0,1.0,1.95,605.4320633617772,357.32441563799733,False,592.8754335735546,382.3056683091182,False,642.2594866735838,384.7286895988882,False,584.2500806366661,423.37736743787264,False,650.5732050333792,426.32281799734153,False,579.1773571607292,450.72538363478105,False,636.1321440610827,476.4294218655559,False,609.1771312093198,448.30548331359023,False,642.5016078657221,448.260562163497,False,582.181164283772,503.2243586433261,False,663.5033298878203,509.9717930434783,False,557.5419270669121,561.1079984843644,False,696.9712487011587,565.5552485122269,False,True,152.61949437849898,176.8809994078668,167.74160262921754
118,118,1.9666666666666663,1.9666666666666663,Sports2D_HALPE26_postprocessed,607.6442233595222,351.9727572064568,1.0,589.8221089914159,379.2026747203161,1.0,638.7613668474883,380.4864090023988,1.0,580.6212082513051,419.9548523498864,1.0,646.5136386389698,422.0480003540261,1.0,574.5768280363294,447.2366706622557,1.0,633.6666926276794,471.06663647620366,1.0,605.4343283697002,445.8671737180647,1.0,639.4663820175283,445.3997691979542,1.0,580.9897689010457,502.5380157067467,1.0,663.025410319346,508.9303008439613,1.0,557.1642212374751,561.33300818159,1.0,697.2806802918601,564.7323877501003,1.0,561.6464019844967,573.8266989362369,1.0,553.285164222349,573.3386114083489,1.0,553.7143142810863,572.3350225905592,1.0,699.0036392068856,580.7993467833038,1.0,707.0852013322489,579.0020128142511,1.0,702.4195593170638,574.9947406195272,1.0,1.0,1.9666666666666663,607.6442233595222,351.9727572064568,False,589.8221089914159,379.2026747203161,False,638.7613668474883,380.4864090023988,False,580.6212082513051,419.9548523498864,False,646.5136386389698,422.0480003540261,False,574.5768280363294,447.2366706622557,False,633.6666926276794,471.06663647620366,False,605.4343283697002,445.8671737180647,False,639.4663820175283,445.3997691979542,False,580.9897689010457,502.5380157067467,False,663.025410319346,508.9303008439613,False,557.1642212374751,561.33300818159,False,697.2806802918601,564.7323877501003,False,True,154.7483819675401,178.72670787612014,168.80174503253286
119,119,1.9833333333333327,1.9833333333333327,Sports2D_HALPE26_postprocessed,609.2938209801742,346.9617612461713,1.0,585.7572814192594,376.1429904435049,1.0,636.0621908500286,377.4142665153021,1.0,576.7582642742163,414.9917428995067,1.0,643.0176189419694,416.7819891074884,1.0,570.5937468499708,444.25335153597615,1.0,631.3432733670052,463.8082218839666,1.0,602.9873686013402,441.47552672299,1.0,637.4550641113981,440.6176006771219,1.0,580.0985912159251,501.24090135370255,1.0,662.5111972740119,507.23187723218246,1.0,556.9095438651427,561.2184278104371,1.0,696.8045178126888,563.276468327852,1.0,561.7148046726892,573.6848926602,1.0,553.1844125731052,573.3225933274427,1.0,553.6790508547577,572.4760641783872,1.0,699.7221229356212,580.8027637859669,1.0,707.0884487257779,579.317466796598,1.0,702.3429485926036,573.8646639503391,1.0,1.0,1.9833333333333327,609.2938209801742,346.9617612461713,False,585.7572814192594,376.1429904435049,False,636.0621908500286,377.4142665153021,False,576.7582642742163,414.9917428995067,False,643.0176189419694,416.7819891074884,False,570.5937468499708,444.25335153597615,False,631.3432733670052,463.8082218839666,False,602.9873686013402,441.47552672299,False,637.4550641113981,440.6176006771219,False,580.0985912159251,501.24090135370255,False,662.5111972740119,507.23187723218246,False,556.9095438651427,561.2184278104371,False,696.8045178126888,563.276468327852,False,True,156.03854011103226,179.81775766244075,169.1509745338273
120,120,2.0,2.0,Sports2D_HALPE26_postprocessed,601.9180176918085,345.01792801975506,1.0,582.4040761507151,373.1522057951236,1.0,633.0940005399594,374.4613378657384,1.0,572.5104274346243,412.1139711917664,1.0,639.1136005501671,415.9328017327253,1.0,565.1041463777661,442.50279180207815,1.0,627.4114549661008,462.3540518655612,1.0,599.7932411404998,440.46591785752,1.0,634.4741915366095,439.9795993451722,1.0,578.9458554480832,500.2691939981827,1.0,661.8257008509406,505.7665397676433,1.0,556.7984586774978,561.4739338116012,1.0,695.9303239870798,560.7458974749402,1.0,561.922831539424,573.8256185226069,1.0,553.3950830490419,573.2298272386417,1.0,553.5064904087856,572.5052652525253,1.0,700.4605566217128,581.3334856581929,1.0,706.6903233786461,579.2564572577623,1.0,701.1474363327499,570.9283096880597,1.0,1.0,2.0,601.9180176918085,345.01792801975506,False,582.4040761507151,373.1522057951236,False,633.0940005399594,374.4613378657384,False,572.5104274346243,412.1139711917664,False,639.1136005501671,415.9328017327253,False,565.1041463777661,442.50279180207815,False,627.4114549661008,462.3540518655612,False,599.7932411404998,440.46591785752,False,634.4741915366095,439.9795993451722,False,578.9458554480832,500.2691939981827,False,661.8257008509406,505.7665397676433,False,556.7984586774978,561.4739338116012,False,695.9303239870798,560.7458974749402,False,True,157.59249785710827,179.32548459784903,170.7635106969957
121,121,2.0166666666666666,2.0166666666666666,Sports2D_HALPE26_postprocessed,599.1423898946529,343.4099437653127,1.0,580.1398100473923,370.4566451974286,1.0,631.4943621579372,372.1702887326664,1.0,569.3158972286681,408.90186950725246,1.0,634.7646400486965,412.6820366090619,1.0,561.8630402399273,441.0717550730012,1.0,621.2350669116972,457.5967597424126,1.0,597.1788953647377,440.6961556404424,1.0,631.6674473136331,440.1686659999836,1.0,578.0368228709481,499.8558695525284,1.0,660.0907958534284,503.8617347584436,1.0,556.736818030944,561.5589699209089,1.0,694.5380069763484,558.7669624315098,1.0,561.9097165158992,573.7966820208585,1.0,553.2744722954776,573.174630303906,1.0,553.4959023679808,572.5453661706167,1.0,699.203708221181,580.8962016846898,1.0,705.7447981842527,578.2692752011822,1.0,699.0773431435518,569.2906171245712,1.0,1.0,2.0166666666666666,599.1423898946529,343.4099437653127,False,580.1398100473923,370.4566451974286,False,631.4943621579372,372.1702887326664,False,569.3158972286681,408.90186950725246,False,634.7646400486965,412.6820366090619,False,561.8630402399273,441.0717550730012,False,621.2350669116972,457.5967597424126,False,597.1788953647377,440.6961556404424,False,631.6674473136331,440.1686659999836,False,578.0368228709481,499.8558695525284,False,660.0907958534284,503.8617347584436,False,556.736818030944,561.5589699209089,False,694.5380069763484,558.7669624315098,False,True,158.6210789456955,178.88506538611372,171.945141322744
122,122,2.033333333333333,2.033333333333333,Sports2D_HALPE26_postprocessed,600.6364327599288,338.7012927691007,1.0,576.6090223575594,367.0484280011417,1.0,628.7303060995615,368.3821190595325,1.0,564.5184787839908,406.9961531850466,1.0,633.5498511577124,408.566435857786,1.0,557.2357555157411,439.3662432254352,1.0,616.7013986966548,450.0854787550002,1.0,593.7450280571973,437.5937245607456,1.0,629.2294906885874,435.819734319787,1.0,577.0679134686848,499.3831313340261,1.0,657.5213719039914,502.4458439672732,1.0,556.7484274516285,561.4372154396838,1.0,692.9877437766819,557.3636565530694,1.0,561.7221986174072,573.0845342304875,1.0,553.2225583895618,573.1195635271738,1.0,553.3492677595651,572.560399828141,1.0,698.880778530864,579.9369898155661,1.0,705.2796893413316,577.1118052334156,1.0,697.5608558561308,568.638133546797,1.0,1.0,2.033333333333333,600.6364327599288,338.7012927691007,False,576.6090223575594,367.0484280011417,False,628.7303060995615,368.3821190595325,False,564.5184787839908,406.9961531850466,False,633.5498511577124,408.566435857786,False,557.2357555157411,439.3662432254352,False,616.7013986966548,450.0854787550002,False,593.7450280571973,437.5937245607456,False,629.2294906885874,435.819734319787,False,577.0679134686848,499.3831313340261,False,657.5213719039914,502.4458439672732,False,556.7484274516285,561.4372154396838,False,692.9877437766819,557.3636565530694,False,True,151.07349947807535,176.97343671191743,170.15314695180902
123,123,2.05,2.05,Sports2D_HALPE26_postprocessed,598.6960762272004,335.3539445615688,1.0,574.0336512557653,365.0108066240202,1.0,625.9295777273884,365.9475505059529,1.0,560.8470170307297,404.1866566663158,1.0,629.5809247358652,408.1744052170311,1.0,553.1280307990335,435.9433184011464,1.0,614.479457401891,450.9865729049944,1.0,591.3463427858933,438.0972174122571,1.0,626.4065948708378,436.23975713832937,1.0,576.32408751863,499.2377993956991,1.0,655.2465419114468,501.0787237314762,1.0,556.7346176451179,561.3665531369955,1.0,689.5088739685618,556.4336928865592,1.0,561.8555440471835,572.8228220048653,1.0,553.2220757374812,573.0537676882916,1.0,553.2716807853083,572.5433886796425,1.0,696.5118844440879,577.0148276172038,1.0,703.9927369778295,574.0226778891061,1.0,693.169375830627,568.3800183211416,1.0,1.0,2.05,598.6960762272004,335.3539445615688,False,574.0336512557653,365.0108066240202,False,625.9295777273884,365.9475505059529,False,560.8470170307297,404.1866566663158,False,629.5809247358652,408.1744052170311,False,553.1280307990335,435.9433184011464,False,614.479457401891,450.9865729049944,False,591.3463427858933,438.0972174122571,False,626.4065948708378,436.23975713832937,False,576.32408751863,499.2377993956991,False,655.2465419114468,501.0787237314762,False,556.7346176451179,561.3665531369955,False,689.5088739685618,556.4336928865592,False,True,155.62826983860552,176.30385031568073,172.2234683712334
124,124,2.0666666666666664,2.0666666666666664,Sports2D_HALPE26_postprocessed,598.4770591290558,331.0639390789474,1.0,571.1066215939009,363.1971503427435,1.0,623.7515595194023,364.13727571569535,1.0,555.7622018313472,402.2401561845221,1.0,626.529754840686,405.9268752485012,1.0,549.3399603264206,431.8936099583925,1.0,610.2021699310435,449.57524518006863,1.0,588.8504789821507,436.9014581519832,1.0,623.4310326240126,434.7361884179392,1.0,575.3215573734157,498.9468238806963,1.0,652.1754463145708,499.8651462015304,1.0,556.674589073549,560.7528759965633,1.0,685.121365210749,555.164785676264,1.0,561.8768454244733,572.3084268619014,1.0,552.7279368996249,573.0193196156799,1.0,553.2201951855552,572.5572278662345,1.0,692.4973703304292,572.849179853443,1.0,700.5391605316471,571.5753937972738,1.0,688.6994081162512,568.0778920458039,1.0,1.0,2.0666666666666664,598.4770591290558,331.0639390789474,False,571.1066215939009,363.1971503427435,False,623.7515595194023,364.13727571569535,False,555.7622018313472,402.2401561845221,False,626.529754840686,405.9268752485012,False,549.3399603264206,431.8936099583925,False,610.2021699310435,449.57524518006863,False,588.8504789821507,436.9014581519832,False,623.4310326240126,434.7361884179392,False,575.3215573734157,498.9468238806963,False,652.1754463145708,499.8651462015304,False,556.674589073549,560.7528759965633,False,685.121365210749,555.164785676264,False,True,155.6871817744447,175.51211138245523,173.02882269485528
125,125,2.083333333333333,2.083333333333333,Sports2D_HALPE26_postprocessed,599.5986499435595,329.00115233963373,1.0,567.6131545424474,361.1909296987951,1.0,620.7144271460056,362.1930757196531,1.0,551.6437364636,399.4723642801059,1.0,623.8005268896123,403.5234037785308,1.0,545.690570411542,429.815118995872,1.0,605.7565130944188,447.3175494090292,1.0,586.2403276244561,436.2939394648029,1.0,621.2006518134901,434.79528242927137,1.0,574.8220356278372,498.10138938871023,1.0,648.6512047752991,498.2097960830257,1.0,556.669295869763,560.7112383374648,1.0,681.0155379660877,555.3720299271428,1.0,562.0939096710649,572.0881932083352,1.0,551.7634587307116,572.9198921526898,1.0,553.2756097853548,572.5360986374955,1.0,688.0221846374812,568.2993406802982,1.0,696.209598788548,569.7251540372956,1.0,683.7553602859164,567.8349302058342,1.0,1.0,2.083333333333333,599.5986499435595,329.00115233963373,False,567.6131545424474,361.1909296987951,False,620.7144271460056,362.1930757196531,False,551.6437364636,399.4723642801059,False,623.8005268896123,403.5234037785308,False,545.690570411542,429.815118995872,False,605.7565130944188,447.3175494090292,False,586.2403276244561,436.2939394648029,False,621.2006518134901,434.79528242927137,False,574.8220356278372,498.10138938871023,False,648.6512047752991,498.2097960830257,False,556.669295869763,560.7112383374648,False,681.0155379660877,555.3720299271428,False,True,153.33711374497543,174.2981147964133,173.88873847094908
126,126,2.1,2.1,Sports2D_HALPE26_postprocessed,596.8024748459231,326.8212775775693,1.0,565.7833506483062,358.71813287002783,1.0,617.9378220052059,360.12449108105073,1.0,547.5858051532285,396.9147071464443,1.0,619.7081452968421,400.18934539496775,1.0,541.6019980687597,426.2499987592371,1.0,601.956873039389,444.779227120372,1.0,584.5897411135967,435.2426996687871,1.0,618.8553522635683,433.37328228696776,1.0,574.0817958749445,496.8976151467634,1.0,645.4756910455641,497.2596820052681,1.0,556.6845022080503,560.2936263194714,1.0,677.056026247476,555.1620055695569,1.0,562.3439849359992,572.2351381600253,1.0,551.4608264470113,572.943739459175,1.0,553.2534078683517,572.5140342454172,1.0,683.5951632731332,566.9033087154056,1.0,691.8101510038678,568.9190217985487,1.0,678.8927934843476,567.9641961110843,1.0,1.0,2.1,596.8024748459231,326.8212775775693,False,565.7833506483062,358.71813287002783,False,617.9378220052059,360.12449108105073,False,547.5858051532285,396.9147071464443,False,619.7081452968421,400.18934539496775,False,541.6019980687597,426.2499987592371,False,601.956873039389,444.779227120372,False,584.5897411135967,435.2426996687871,False,618.8553522635683,433.37328228696776,False,574.0817958749445,496.8976151467634,False,645.4756910455641,497.2596820052681,False,556.6845022080503,560.2936263194714,False,677.056026247476,555.1620055695569,False,True,155.7624029414397,174.32659100477204,174.01227125696556
127,127,2.1166666666666667,2.1166666666666667,Sports2D_HALPE26_postprocessed,599.7233933563117,325.8577672859058,1.0,563.0446149942508,357.3151540875223,1.0,615.9468832723862,358.65654984647193,1.0,544.2811437973372,393.0306069196447,1.0,616.3391424292251,396.1639535615494,1.0,537.8530588028066,423.1391704320296,1.0,587.7338613841501,424.8628631769554,1.0,583.1372151971282,435.3490583520104,1.0,616.4410766339287,433.148003491499,1.0,573.1324860034998,496.4463786531859,1.0,642.5117773395602,496.8010584335147,1.0,556.6580001442694,559.476675902602,1.0,672.2884424209601,554.6151150285558,1.0,562.6972121467732,572.4712852793518,1.0,551.3133587787961,572.8617854644353,1.0,552.9716684791318,572.4749276409598,1.0,680.9193993323174,565.9773506006788,1.0,688.2522655356945,568.3627081721233,1.0,673.191252499674,567.7552339427803,1.0,1.0,2.1166666666666667,599.7233933563117,325.8577672859058,False,563.0446149942508,357.3151540875223,False,615.9468832723862,358.65654984647193,False,544.2811437973372,393.0306069196447,False,616.3391424292251,396.1639535615494,False,537.8530588028066,423.1391704320296,False,587.7338613841501,424.8628631769554,False,583.1372151971282,435.3490583520104,False,616.4410766339287,433.148003491499,False,573.1324860034998,496.4463786531859,False,642.5117773395602,496.8010584335147,False,556.6580001442694,559.476675902602,False,672.2884424209601,554.6151150285558,False,True,134.4944270476669,174.65175353717635,175.02241258901694
128,128,2.1333333333333333,2.1333333333333333,Sports2D_HALPE26_postprocessed,598.4005496376559,324.75951322112167,1.0,560.6933375382995,356.39826579991404,1.0,613.998886561744,356.9453961487853,1.0,540.0214472137038,392.1279049814929,1.0,613.3151802324937,394.5223956596577,1.0,533.123398441072,422.4200819525111,1.0,583.3011700520389,422.52404701502513,1.0,581.7953609562479,434.9146879252048,1.0,614.0335987600146,433.033700922526,1.0,572.2243524243055,495.81582078048166,1.0,638.9113449520801,495.4088071716468,1.0,556.5909028360264,559.4315709565274,1.0,667.8941032605906,554.6658115783969,1.0,563.0399203186763,572.4145590755862,1.0,550.7038163979869,572.8456000422734,1.0,552.9041404709565,572.5508427140846,1.0,678.4760743271273,565.8330468192609,1.0,684.4824779319541,568.6648000490778,1.0,667.4634733625105,567.6149508956531,1.0,1.0,2.1333333333333333,598.4005496376559,324.75951322112167,False,560.6933375382995,356.39826579991404,False,613.998886561744,356.9453961487853,False,540.0214472137038,392.1279049814929,False,613.3151802324937,394.5223956596577,False,533.123398441072,422.4200819525111,False,583.3011700520389,422.52404701502513,False,581.7953609562479,434.9146879252048,False,614.0335987600146,433.033700922526,False,572.2243524243055,495.81582078048166,False,638.9113449520801,495.4088071716468,False,556.5909028360264,559.4315709565274,False,667.8941032605906,554.6658115783969,False,True,134.0557785629337,175.12462323876346,175.68075762617627
129,129,2.15,2.15,Sports2D_HALPE26_postprocessed,596.3542599935148,322.4204539937421,1.0,558.7725348834806,354.8266532450523,1.0,612.4037568781924,354.79211515389784,1.0,536.9788802720121,389.30944316717296,1.0,614.2528172716399,391.4995764342394,1.0,530.4150332335721,419.3381590541105,1.0,582.8590247766297,412.0728513376531,1.0,579.6736422372545,432.16712497432655,1.0,612.0537179395878,430.6010318714565,1.0,571.3426666977898,495.1939344951478,1.0,635.2793930890826,494.5255307219828,1.0,556.5137336899328,558.7048970224712,1.0,662.2134323504218,554.397806844892,1.0,563.0330429953642,571.9605208972911,1.0,551.080416976341,572.544972382129,1.0,552.8072598422864,572.5455742962475,1.0,676.034912564635,565.999490581387,1.0,680.2468782647778,569.2979462599734,1.0,661.6961801460152,567.4481196178807,1.0,1.0,2.15,596.3542599935148,322.4204539937421,False,558.7725348834806,354.8266532450523,False,612.4037568781924,354.79211515389784,False,536.9788802720121,389.30944316717296,False,614.2528172716399,391.4995764342394,False,530.4150332335721,419.3381590541105,False,582.8590247766297,412.0728513376531,False,579.6736422372545,432.16712497432655,False,612.0537179395878,430.6010318714565,False,571.3426666977898,495.1939344951478,False,635.2793930890826,494.5255307219828,False,556.5137336899328,558.7048970224712,False,662.2134323504218,554.397806844892,False,True,120.3542877272712,174.3874606236621,175.74659889182357
130,130,2.1666666666666665,2.1666666666666665,Sports2D_HALPE26_postprocessed,593.4013567344534,321.0113750000935,1.0,556.2802194075977,354.2404879270384,1.0,609.4619520983107,353.40352369302605,1.0,532.9565041930564,389.4069238552331,1.0,613.1460809953702,390.95994439121336,1.0,525.9284713078288,419.14674958907176,1.0,582.1866524224996,412.2065558985701,1.0,577.7319553495073,430.5946543923656,1.0,609.8925232661938,428.7161299693171,1.0,570.256446708423,494.9985348877866,1.0,631.7919872260067,493.54870619009216,1.0,556.3607499337463,558.3918901627508,1.0,657.4239444696942,554.1623899411063,1.0,562.6976389511932,571.415245894214,1.0,551.4773467902166,572.2051186570743,1.0,552.6421515500574,572.6037850858214,1.0,672.3613233685751,566.2067805455714,1.0,675.172610752813,569.9488817301166,1.0,655.1403216133465,567.6285342011804,1.0,1.0,2.1666666666666665,593.4013567344534,321.0113750000935,False,556.2802194075977,354.2404879270384,False,609.4619520983107,353.40352369302605,False,532.9565041930564,389.4069238552331,False,613.1460809953702,390.95994439121336,False,525.9284713078288,419.14674958907176,False,582.1866524224996,412.2065558985701,False,577.7319553495073,430.5946543923656,False,609.8925232661938,428.7161299693171,False,570.256446708423,494.9985348877866,False,631.7919872260067,493.54870619009216,False,556.3607499337463,558.3918901627508,False,657.4239444696942,554.1623899411063,False,True,118.8581937113646,174.25724581245154,175.74194747477614
131,131,2.183333333333333,2.183333333333333,Sports2D_HALPE26_postprocessed,585.7682092252294,318.54395737704783,1.0,554.3694153198397,353.7342157777602,1.0,608.5956480212211,352.83112056208955,1.0,529.8243688135357,387.8300042148852,1.0,612.8366637755801,389.6351394295184,1.0,522.8471492437736,417.4014935707065,1.0,580.0380658008622,394.1753428360231,1.0,576.1919724607473,429.4393870626526,1.0,608.5946650858564,427.840919152936,1.0,568.8615995589839,494.8735542392992,1.0,628.6008758529928,493.0122112845729,1.0,556.2333300644648,557.6388411089303,1.0,651.3555013420103,553.9550608668886,1.0,562.5371577944516,570.5162833190543,1.0,552.501047424226,571.1763022463836,1.0,552.5038017673304,572.5312586602079,1.0,666.7334717952766,566.0821605938595,1.0,669.0096128385138,570.2718625185876,1.0,649.4651412695546,567.7686475169608,1.0,1.0,2.183333333333333,585.7682092252294,318.54395737704783,False,554.3694153198397,353.7342157777602,False,608.5956480212211,352.83112056208955,False,529.8243688135357,387.8300042148852,False,612.8366637755801,389.6351394295184,False,522.8471492437736,417.4014935707065,False,580.0380658008622,394.1753428360231,False,576.1919724607473,429.4393870626526,False,608.5946650858564,427.840919152936,False,568.8615995589839,494.8735542392992,False,628.6008758529928,493.0122112845729,False,556.2333300644648,557.6388411089303,False,651.3555013420103,553.9550608668886,False,True,91.3078454132664,175.01607085250487,176.59093251036606
132,132,2.2,2.2,Sports2D_HALPE26_postprocessed,584.3382203917763,317.82115557405376,1.0,552.0969158234768,353.4976195542463,1.0,607.416537465375,352.5088940301199,1.0,527.303910145881,386.8058287245932,1.0,612.905380536948,390.2257339350773,1.0,520.7426247698531,415.29453721635593,1.0,584.5218001172691,392.7199234613014,1.0,574.4643287689616,428.2177763351876,1.0,606.567908025594,426.8031080293485,1.0,567.9076950162976,494.3828658203868,1.0,625.6888039471359,492.2772987202365,1.0,555.9259633615981,557.462525233723,1.0,645.3101834378364,553.8950132092283,1.0,562.2639680654942,570.278436591571,1.0,552.0486396065048,570.9746963945443,1.0,552.7925039468505,572.4961105073864,1.0,662.1073873509752,566.528755962373,1.0,663.5127902568508,570.8102047165445,1.0,642.9650152384203,567.8039145941198,1.0,1.0,2.2,584.3382203917763,317.82115557405376,False,552.0969158234768,353.4976195542463,False,607.416537465375,352.5088940301199,False,527.303910145881,386.8058287245932,False,612.905380536948,390.2257339350773,False,520.7426247698531,415.29453721635593,False,584.5218001172691,392.7199234613014,False,574.4643287689616,428.2177763351876,False,606.567908025594,426.8031080293485,False,567.9076950162976,494.3828658203868,False,625.6888039471359,492.2772987202365,False,555.9259633615981,557.462525233723,False,645.3101834378364,553.8950132092283,False,True,86.74193672943736,174.90426964706793,178.6163493002709
133,133,2.216666666666667,2.216666666666667,Sports2D_HALPE26_postprocessed,584.9013574726691,317.954438181361,1.0,550.671461322081,353.1361880719484,1.0,605.3398838168251,351.3950832081425,1.0,524.570646379948,385.9241739797759,1.0,609.9971507544024,389.3040635484597,1.0,518.5134138435157,414.4470563686213,1.0,578.22108222183,396.6984236463518,1.0,573.1118723155342,427.4485749031077,1.0,604.4363392645312,426.55337203977,1.0,566.6921327850913,494.3744570405756,1.0,622.5672110655875,491.8609692151449,1.0,555.70939362007,557.5569508492362,1.0,639.3801160860263,553.9275881870778,1.0,562.3761570848889,570.1946593709358,1.0,551.6446435908733,571.0686818276405,1.0,553.0702372345887,572.4415638447027,1.0,657.0957633969357,567.2394102875201,1.0,658.9497101209405,571.503996998746,1.0,636.1303450325083,567.659672291379,1.0,1.0,2.216666666666667,584.9013574726691,317.954438181361,False,550.671461322081,353.1361880719484,False,605.3398838168251,351.3950832081425,False,524.570646379948,385.9241739797759,False,609.9971507544024,389.3040635484597,False,518.5134138435157,414.4470563686213,False,578.22108222183,396.6984236463518,False,573.1118723155342,427.4485749031077,False,604.4363392645312,426.55337203977,False,566.6921327850913,494.3744570405756,False,622.5672110655875,491.8609692151449,False,555.70939362007,557.5569508492362,False,639.3801160860263,553.9275881870778,False,True,96.09580665623314,175.61827825496115,179.64095435783324
134,134,2.2333333333333334,2.2333333333333334,Sports2D_HALPE26_postprocessed,578.3238004925955,316.1196156906595,1.0,548.271929291351,353.8535559711252,1.0,604.2784743957614,350.98891549532954,1.0,521.9873945201482,385.3393765975204,1.0,608.009811052932,387.1432936834069,1.0,516.8798700820412,413.320794129,1.0,584.2596633165504,385.1906436411527,1.0,571.1964713044019,426.7914339095449,1.0,603.3780470685723,425.5295993278759,1.0,566.0205327779809,494.1596635522985,1.0,619.3001218818807,490.6395083665354,1.0,555.9520252200916,557.4583906883363,1.0,632.8974230410435,552.8156393385442,1.0,562.3592988164539,570.3599474049518,1.0,550.5582686841964,571.1766493262637,1.0,553.0821492606945,572.4267862954321,1.0,649.3319489868252,567.9861909647568,1.0,652.5514192055688,572.07754280817,1.0,629.610487278595,567.1631566591959,1.0,1.0,2.2333333333333334,578.3238004925955,316.1196156906595,False,548.271929291351,353.8535559711252,False,604.2784743957614,350.98891549532954,False,521.9873945201482,385.3393765975204,False,608.009811052932,387.1432936834069,False,516.8798700820412,413.320794129,False,584.2596633165504,385.1906436411527,False,571.1964713044019,426.7914339095449,False,603.3780470685723,425.5295993278759,False,566.0205327779809,494.1596635522985,False,619.3001218818807,490.6395083665354,False,555.9520252200916,557.4583906883363,False,632.8974230410435,552.8156393385442,False,True,79.40753482153174,175.35549270234154,178.5942936746212
135,135,2.25,2.25,Sports2D_HALPE26_postprocessed,575.9702897969097,315.7244087406657,1.0,546.9388434327482,353.6907259031873,1.0,602.7487580525521,349.9155452076872,1.0,519.7974235221052,384.8128184995115,1.0,605.5720892021258,384.7425699283731,1.0,515.8293376325771,412.94972188155486,1.0,582.166280252029,381.9411450005756,1.0,569.9450930918388,426.2242253616785,1.0,601.822816978449,425.20985746382,1.0,565.2890124282453,494.0215724920064,1.0,615.9466759004131,490.1855996516646,1.0,555.8705488093461,557.7092038458943,1.0,626.7172259828709,552.6549959666228,1.0,562.3603100363581,570.4546383463052,1.0,549.9830258469458,571.1780476596637,1.0,552.5625104252497,572.5255515376549,1.0,642.6923007663041,568.6191781458103,1.0,645.9596745677072,572.342361613883,1.0,622.9546145477234,566.3841066732349,1.0,1.0,2.25,575.9702897969097,315.7244087406657,False,546.9388434327482,353.6907259031873,False,602.7487580525521,349.9155452076872,False,519.7974235221052,384.8128184995115,False,605.5720892021258,384.7425699283731,False,515.8293376325771,412.94972188155486,False,582.166280252029,381.9411450005756,False,569.9450930918388,426.2242253616785,False,601.822816978449,425.20985746382,False,565.2890124282453,494.0215724920064,False,615.9466759004131,490.1855996516646,False,555.8705488093461,557.7092038458943,False,626.7172259828709,552.6549959666228,False,True,78.54010004253865,175.51647052648343,177.51869835168108
136,136,2.2666666666666666,2.2666666666666666,Sports2D_HALPE26_postprocessed,572.9581358867638,314.9967089765479,1.0,545.2744001657637,352.9755448342098,1.0,601.2496737492631,348.6839141590966,1.0,518.7320934180866,383.77255038538806,1.0,603.6174547068302,382.9800618659237,1.0,513.7092711376099,412.9106640210516,1.0,580.3578409755479,380.8768376197056,1.0,568.2814707915568,426.501807660568,1.0,599.8397245801737,425.39261506522615,1.0,564.4877042222226,493.94698955058414,1.0,613.4914006087508,489.85558603219744,1.0,555.6215737796041,557.8516994572058,1.0,620.5759533783267,552.6543510957217,1.0,562.2954990739814,570.151041899191,1.0,549.7449404168296,570.9879354758904,1.0,551.9958340626513,572.8723335188884,1.0,636.1679030416088,569.5556757025445,1.0,638.9616881755665,572.7359348708305,1.0,615.8634793560065,565.8935969356113,1.0,1.0,2.2666666666666666,572.9581358867638,314.9967089765479,False,545.2744001657637,352.9755448342098,False,601.2496737492631,348.6839141590966,False,518.7320934180866,383.77255038538806,False,603.6174547068302,382.9800618659237,False,513.7092711376099,412.9106640210516,False,580.3578409755479,380.8768376197056,False,568.2814707915568,426.501807660568,False,599.8397245801737,425.39261506522615,False,564.4877042222226,493.94698955058414,False,613.4914006087508,489.85558603219744,False,555.6215737796041,557.8516994572058,False,620.5759533783267,552.6543510957217,False,True,80.883753778476,175.32068845361061,174.47935315133873
137,137,2.283333333333333,2.283333333333333,Sports2D_HALPE26_postprocessed,570.5686943311316,314.88207408744427,1.0,544.738283425027,352.2885052395306,1.0,600.171732246128,347.7105149349286,1.0,517.0083932615254,383.6357153653195,1.0,602.482157168062,383.1042313836472,1.0,513.2958352544505,412.9141490371208,1.0,575.8128488480475,393.13270966541126,1.0,566.443247620611,427.8195074253982,1.0,597.905369961665,426.3647179905506,1.0,563.1845226604994,494.0055217845768,1.0,611.0240753938641,490.2276944955672,1.0,555.2664450672542,557.9233974549994,1.0,614.7948206536577,552.2493819658549,1.0,562.7103584864391,569.8588716136045,1.0,550.5232663485856,570.6939403784417,1.0,551.5392920105005,573.2355868098718,1.0,631.2580070663047,570.6476284191058,1.0,632.2134100242843,573.0998640488398,1.0,609.1499573096455,564.6674952084861,1.0,1.0,2.283333333333333,570.5686943311316,314.88207408744427,False,544.738283425027,352.2885052395306,False,600.171732246128,347.7105149349286,False,517.0083932615254,383.6357153653195,False,602.482157168062,383.1042313836472,False,513.2958352544505,412.9141490371208,False,575.8128488480475,393.13270966541126,False,566.443247620611,427.8195074253982,False,597.905369961665,426.3647179905506,False,563.1845226604994,494.0055217845768,False,611.0240753938641,490.2276944955672,False,555.2664450672542,557.9233974549994,False,614.7948206536577,552.2493819658549,False,True,106.87295589426229,175.7569675682973,171.87094621799574
138,138,2.3,2.3,Sports2D_HALPE26_postprocessed,568.521238762281,314.48505247900874,1.0,543.6884791147874,351.29704838601015,1.0,598.6696376585063,347.05213121615526,1.0,515.8258786812,383.7221409907638,1.0,600.593967690634,383.0706768256118,1.0,513.0684353905455,414.0114901425911,1.0,573.0076083255346,382.7695062338656,1.0,565.2881685952918,428.26484680323017,1.0,596.368333956144,426.8015308765921,1.0,562.4533934611942,494.0145033702371,1.0,608.1844285023861,490.2882963142623,1.0,555.0687329393417,557.9884680050287,1.0,608.6244023294242,551.457403536608,1.0,563.3205491080307,569.9081152129165,1.0,552.13785104637,570.4851206637968,1.0,551.3636881180262,573.7548141979033,1.0,625.6017774143135,570.9073828529398,1.0,625.599843049431,572.9861013260812,1.0,602.0540323505786,563.7575492341473,1.0,1.0,2.3,568.521238762281,314.48505247900874,False,543.6884791147874,351.29704838601015,False,598.6696376585063,347.05213121615526,False,515.8258786812,383.7221409907638,False,600.593967690634,383.0706768256118,False,513.0684353905455,414.0114901425911,False,573.0076083255346,382.7695062338656,False,565.2881685952918,428.26484680323017,False,596.368333956144,426.8015308765921,False,562.4533934611942,494.0145033702371,False,608.1844285023861,490.2882963142623,False,555.0687329393417,557.9884680050287,False,608.6244023294242,551.457403536608,False,True,86.31632348186523,175.88412034396433,169.86890776440342
139,139,2.3166666666666664,2.3166666666666664,Sports2D_HALPE26_postprocessed,566.4356063805608,314.1176641641202,1.0,543.2171504537148,350.3212935345787,1.0,596.6485157741383,345.99626890658817,1.0,514.945324944814,383.3964815983384,1.0,598.9366752251183,383.4737606643532,1.0,513.0749357663151,414.9023798202184,1.0,567.6058730667444,399.4070903032884,1.0,563.6119065810054,428.5947835933856,1.0,594.2747754194772,427.3604107709475,1.0,561.2676606336037,494.0326436096942,1.0,605.6105792359621,490.4187867141402,1.0,555.0316113884567,557.9905084117916,1.0,601.8468724302485,550.4145522870177,1.0,563.4746480395527,570.1033942930902,1.0,555.3051845631517,570.5624610340476,1.0,551.4369100162858,573.9395463927099,1.0,618.9017584009135,570.7553654736283,1.0,618.4025489234692,572.6187666955731,1.0,595.6848719840289,562.696310177116,1.0,1.0,2.3166666666666664,566.4356063805608,314.1176641641202,False,543.2171504537148,350.3212935345787,False,596.6485157741383,345.99626890658817,False,514.945324944814,383.3964815983384,False,598.9366752251183,383.4737606643532,False,513.0749357663151,414.9023798202184,False,567.6058730667444,399.4070903032884,False,563.6119065810054,428.5947835933856,False,594.2747754194772,427.3604107709475,False,561.2676606336037,494.0326436096942,False,605.6105792359621,490.4187867141402,False,555.0316113884567,557.9905084117916,False,601.8468724302485,550.4145522870177,False,True,113.46187257831572,176.48280988715183,166.2193426948714
140,140,2.333333333333333,2.333333333333333,Sports2D_HALPE26_postprocessed,565.5339002110755,313.5823084742326,1.0,541.8532243094829,350.12226513512803,1.0,595.3865918286285,345.6873314137339,1.0,514.4707019316331,384.0907238448376,1.0,597.2936390191194,383.9289412914525,1.0,513.0833393886626,415.57322510914514,1.0,564.1066870586945,402.0628556838856,1.0,562.2490350148805,428.38319191637095,1.0,592.1468551948001,427.1288083462348,1.0,560.3810264842436,493.7315862197831,1.0,602.9770715416039,490.4800150315969,1.0,554.8017650533656,557.5805025521651,1.0,596.3278766584838,549.4353370129843,1.0,563.5524468274018,570.1201653258584,1.0,555.3729133855086,570.4424042959512,1.0,551.6853198367835,574.0876092298765,1.0,614.3116883873831,571.0964868806103,1.0,612.8974248413214,572.5868994896813,1.0,589.6878613031473,561.4193542436615,1.0,1.0,2.333333333333333,565.5339002110755,313.5823084742326,False,541.8532243094829,350.12226513512803,False,595.3865918286285,345.6873314137339,False,514.4707019316331,384.0907238448376,False,597.2936390191194,383.9289412914525,False,513.0833393886626,415.57322510914514,False,564.1066870586945,402.0628556838856,False,562.2490350148805,428.38319191637095,False,592.1468551948001,427.1288083462348,False,560.3810264842436,493.7315862197831,False,602.9770715416039,490.4800150315969,False,554.8017650533656,557.5805025521651,False,596.3278766584838,549.4353370129843,False,True,115.79805918926266,176.64342688059023,163.8639394421165
141,141,2.35,2.35,Sports2D_HALPE26_postprocessed,564.4102688800929,312.4628064966594,1.0,539.5128422710108,350.2029952298658,1.0,594.3603997850075,345.6066266087444,1.0,513.9275398762148,384.6342222175141,1.0,596.3239284717085,383.3757668456026,1.0,513.0163218124757,415.1767900452604,1.0,563.0915300610609,399.7588774899462,1.0,560.2774089787562,428.1255644896907,1.0,590.989005295726,427.0389290378039,1.0,559.3334418204365,493.3413090254268,1.0,600.5000040972544,490.46339478398295,1.0,554.6517755803104,557.1263183918088,1.0,590.9921255102013,547.5860623912724,1.0,563.8448098454595,570.3820559188283,1.0,556.0811231805849,570.2599396622695,1.0,551.7293572778132,574.0456445787888,1.0,608.5408905191725,571.0739111687163,1.0,607.128502335857,572.2955902861576,1.0,583.4091584483759,559.5268980157666,1.0,1.0,2.35,564.4102688800929,312.4628064966594,False,539.5128422710108,350.2029952298658,False,594.3603997850075,345.6066266087444,False,513.9275398762148,384.6342222175141,False,596.3239284717085,383.3757668456026,False,513.0163218124757,415.1767900452604,False,563.0915300610609,399.7588774899462,False,560.2774089787562,428.1255644896907,False,590.989005295726,427.0389290378039,False,559.3334418204365,493.3413090254268,False,600.5000040972544,490.46339478398295,False,554.6517755803104,557.1263183918088,False,590.9921255102013,547.5860623912724,False,True,113.26666326194385,176.6314265281859,162.02153593832392
142,142,2.3666666666666667,2.3666666666666667,Sports2D_HALPE26_postprocessed,562.5819711903947,311.7588080500243,1.0,538.3329254163347,350.01223028845783,1.0,593.6521469915964,345.4957392959492,1.0,513.7550944287393,385.5090826798884,1.0,596.3137280882397,383.8088530249309,1.0,513.3406689521901,417.00905267395694,1.0,562.755464769652,398.8914247833965,1.0,558.2847583602404,427.37987587161535,1.0,588.9596568537004,426.8107783118249,1.0,558.2430114983011,493.0642284241035,1.0,597.94225383239,490.3309130059436,1.0,554.5162833187181,557.1423670580878,1.0,585.1522042257162,545.9667001246331,1.0,564.4534041399413,570.5965949800169,1.0,555.6559245669386,570.5432515484831,1.0,551.7210794774819,574.2373045153071,1.0,602.1973170045125,571.1799456061751,1.0,601.7073143223582,571.6348337081145,1.0,576.6086824788988,557.3978838343915,1.0,1.0,2.3666666666666667,562.5819711903947,311.7588080500243,False,538.3329254163347,350.01223028845783,False,593.6521469915964,345.4957392959492,False,513.7550944287393,385.5090826798884,False,596.3137280882397,383.8088530249309,False,513.3406689521901,417.00905267395694,False,562.755464769652,398.8914247833965,False,558.2847583602404,427.37987587161535,False,588.9596568537004,426.8107783118249,False,558.2430114983011,493.0642284241035,False,597.94225383239,490.3309130059436,False,554.5162833187181,557.1423670580878,False,585.1522042257162,545.9667001246331,False,True,110.22735738749311,176.70789272251693,159.00426270211537
143,143,2.3833333333333333,2.3833333333333333,Sports2D_HALPE26_postprocessed,562.5210145848006,311.40745169871053,1.0,536.9594849652681,350.1749023113132,1.0,592.793486017552,345.3495397125225,1.0,513.3133128437072,386.80161931924897,1.0,594.3474485534268,383.0055273665697,1.0,513.733713466521,418.5022278700546,1.0,560.3184951803421,396.6428501119586,1.0,557.2862308948652,426.782189424347,1.0,587.1566262203789,426.2845454265872,1.0,557.3494777701525,492.844641191146,1.0,595.6580811115396,490.413716453216,1.0,554.4811656336436,557.0105779463288,1.0,580.4663282395358,544.4927154613091,1.0,565.3708478661997,570.9142330250158,1.0,555.0070908945042,570.7695418968361,1.0,551.9048620269903,574.1797679493403,1.0,596.6075469249047,571.4051105266768,1.0,596.5917160600538,571.1229709708614,1.0,570.5524183267156,556.1774257548851,1.0,1.0,2.3833333333333333,562.5210145848006,311.40745169871053,False,536.9594849652681,350.1749023113132,False,592.793486017552,345.3495397125225,False,513.3133128437072,386.80161931924897,False,594.3474485534268,383.0055273665697,False,513.733713466521,418.5022278700546,False,560.3184951803421,396.6428501119586,False,557.2862308948652,426.782189424347,False,587.1566262203789,426.2845454265872,False,557.3494777701525,492.844641191146,False,595.6580811115396,490.413716453216,False,554.4811656336436,557.0105779463288,False,580.4663282395358,544.4927154613091,False,True,109.47565957921006,177.3856441275795,156.75746652710907
144,144,2.4,2.4,Sports2D_HALPE26_postprocessed,562.2471219798845,311.9970358265303,1.0,535.7349511338358,350.08223628509404,1.0,591.6777589910952,344.97228134034015,1.0,513.1046499787496,387.6634816553662,1.0,593.8945003215191,384.1851736752591,1.0,513.5796113437685,419.7681957233232,1.0,559.0907723912416,399.2340620576121,1.0,555.6642961307972,427.200785183085,1.0,585.5044486784,426.7031956027961,1.0,556.6469518617234,492.7628804756018,1.0,593.0937699950075,490.4674309463637,1.0,554.3626208860924,557.0729280576212,1.0,575.5416142291187,544.006548697865,1.0,564.779263779128,571.972901785509,1.0,554.703492807468,571.6679359472555,1.0,551.9925663656933,574.0343997312235,1.0,591.1488254824391,571.6543252712726,1.0,591.141648207063,570.8369555189382,1.0,566.0605274463227,555.3105638560519,1.0,1.0,2.4,562.2471219798845,311.9970358265303,False,535.7349511338358,350.08223628509404,False,591.6777589910952,344.97228134034015,False,513.1046499787496,387.6634816553662,False,593.8945003215191,384.1851736752591,False,513.5796113437685,419.7681957233232,False,559.0907723912416,399.2340620576121,False,555.6642961307972,427.200785183085,False,585.5044486784,426.7031956027961,False,556.6469518617234,492.7628804756018,False,593.0937699950075,490.4674309463637,False,554.3626208860924,557.0729280576212,False,575.5416142291187,544.006548697865,False,True,110.14777765359443,177.1069807695638,155.06138710689982
145,145,2.4166666666666665,2.4166666666666665,Sports2D_HALPE26_postprocessed,561.1640893544525,311.80160277190726,1.0,533.519156990373,350.6031741435951,1.0,590.904333173171,344.9036324533436,1.0,512.5369918920759,388.40710425306577,1.0,592.3915458197249,383.6420462328687,1.0,512.9904386139905,420.8666572839292,1.0,558.9455740403087,395.1471739205218,1.0,553.4483542513972,427.3672371513187,1.0,583.8186567107219,426.84886195613257,1.0,555.829819640725,492.3987647130508,1.0,590.9228062464367,490.4143791378318,1.0,554.3269764498801,556.9774756247612,1.0,571.393090438498,543.5970024147705,1.0,564.206385169606,572.649937665381,1.0,555.1436425596848,572.7492099477395,1.0,551.7123404296012,574.0064382490002,1.0,585.2558735704766,571.3906935034953,1.0,585.1924648629384,570.4069701518342,1.0,561.8677495135912,554.4448954942429,1.0,1.0,2.4166666666666665,561.1640893544525,311.80160277190726,False,533.519156990373,350.6031741435951,False,590.904333173171,344.9036324533436,False,512.5369918920759,388.40710425306577,False,592.3915458197249,383.6420462328687,False,512.9904386139905,420.8666572839292,False,558.9455740403087,395.1471739205218,False,553.4483542513972,427.3672371513187,False,583.8186567107219,426.84886195613257,False,555.829819640725,492.3987647130508,False,590.9228062464367,490.4143791378318,False,554.3269764498801,556.9774756247612,False,571.393090438498,543.5970024147705,False,True,106.78420630713944,176.56963828985582,153.45878763135036
146,146,2.433333333333333,2.433333333333333,Sports2D_HALPE26_postprocessed,561.8008134912126,312.6082020263906,1.0,532.7446026194882,350.7021713836006,1.0,589.8418733778029,344.89307995687966,1.0,512.006235886379,389.0596989197929,1.0,591.6166177271829,384.0412168804775,1.0,512.0153810740708,421.2651106413396,1.0,557.1499182141853,395.3127779211612,1.0,552.108220249404,428.4029435965305,1.0,582.2990412841594,427.896380076492,1.0,555.3905698486333,492.4013098881834,1.0,588.457933044054,490.6566563694704,1.0,554.1163720601874,557.1852709932214,1.0,567.1443375586376,543.5315096887892,1.0,564.2943091359218,573.4413769334401,1.0,555.365646030992,573.3773767170917,1.0,551.2796366468921,574.0173996111805,1.0,581.308537520388,571.3683974854945,1.0,579.4551720325651,570.344386443852,1.0,557.2679386210452,554.0758634454844,1.0,1.0,2.433333333333333,561.8008134912126,312.6082020263906,False,532.7446026194882,350.7021713836006,False,589.8418733778029,344.89307995687966,False,512.006235886379,389.0596989197929,False,591.6166177271829,384.0412168804775,False,512.0153810740708,421.2651106413396,False,557.1499182141853,395.3127779211612,False,552.108220249404,428.4029435965305,False,582.2990412841594,427.896380076492,False,555.3905698486333,492.4013098881834,False,588.457933044054,490.6566563694704,False,554.1163720601874,557.1852709932214,False,567.1443375586376,543.5315096887892,False,True,105.51349824372738,175.93721352166537,152.44118119255174
147,147,2.45,2.45,Sports2D_HALPE26_postprocessed,559.822389254065,312.59886367831933,1.0,531.8618835313301,350.80050436985584,1.0,588.6870753988305,344.8930402662857,1.0,511.47392830472177,389.317765297558,1.0,590.0273594099148,384.1558704978882,1.0,510.9835834494061,421.78795345615896,1.0,555.6133366807769,394.5080961440724,1.0,550.7668992452868,428.550898571158,1.0,580.605891403175,428.3461532528863,1.0,554.6102424613587,492.20985781999366,1.0,586.2852060619417,490.73744878070784,1.0,554.0467885869258,557.3749968017584,1.0,562.9949122794526,543.3427100591199,1.0,565.7567243562428,573.6656462063723,1.0,555.4686792244021,573.5032257329141,1.0,550.5413376404704,574.2871083251089,1.0,576.2616629685447,571.2303483279709,1.0,574.8285605551965,570.0528321822504,1.0,553.9599867122076,553.152452421927,1.0,1.0,2.45,559.822389254065,312.59886367831933,False,531.8618835313301,350.80050436985584,False,588.6870753988305,344.8930402662857,False,511.47392830472177,389.317765297558,False,590.0273594099148,384.1558704978882,False,510.9835834494061,421.78795345615896,False,555.6133366807769,394.5080961440724,False,550.7668992452868,428.550898571158,False,580.605891403175,428.3461532528863,False,554.6102424613587,492.20985781999366,False,586.2852060619417,490.73744878070784,False,554.0467885869258,557.3749968017584,False,562.9949122794526,543.3427100591199,False,True,104.78693009266233,176.0496221728468,150.91810757511237
148,148,2.466666666666667,2.466666666666667,Sports2D_HALPE26_postprocessed,558.7615443102843,312.59669341216875,1.0,531.2400411210891,350.7671423474582,1.0,588.0380735157229,345.19616880583783,1.0,510.61503862551166,389.4601386179604,1.0,588.8612139666834,384.379928224783,1.0,509.2681867005395,422.0909564009514,1.0,555.5429703848924,369.0788867894936,1.0,549.3144651203212,428.70479776447536,1.0,579.0913778733727,429.0466190883636,1.0,554.0574895126939,491.930301676133,1.0,584.2815223748086,491.3263055027658,1.0,553.6408469436469,557.2177647299317,1.0,558.7490346026385,542.3578991078112,1.0,565.370397316635,573.238332677347,1.0,555.4507959249818,572.8703947739644,1.0,550.058051166099,574.521806101668,1.0,570.4620602298874,571.1535137492519,1.0,569.4330704639035,569.5724379352592,1.0,549.2402418762315,551.3570787539187,1.0,1.0,2.466666666666667,558.7615443102843,312.59669341216875,False,531.2400411210891,350.7671423474582,False,588.0380735157229,345.19616880583783,False,510.61503862551166,389.4601386179604,False,588.8612139666834,384.379928224783,False,509.2681867005395,422.0909564009514,False,555.5429703848924,369.0788867894936,False,549.3144651203212,428.70479776447536,False,579.0913778733727,429.0466190883636,False,554.0574895126939,491.930301676133,False,584.2815223748086,491.3263055027658,False,553.6408469436469,557.2177647299317,False,558.7490346026385,542.3578991078112,False,True,64.13011488765444,175.34420758497404,148.65616135354372
149,149,2.4833333333333334,2.4833333333333334,Sports2D_HALPE26_postprocessed,557.666746644193,312.51942810714866,1.0,528.8152239209503,350.8651658014044,1.0,587.314647463336,345.04866689048185,1.0,509.2841737996432,389.5840377876344,1.0,587.4872855544737,384.2662261683836,1.0,507.86538264155024,422.07259628383576,1.0,555.8876463339216,372.7788103397504,1.0,547.6008511229121,427.6473295811934,1.0,577.8494155435893,428.78012936207983,1.0,553.2904765215096,491.6547954139714,1.0,582.5684933840055,491.640011957415,1.0,552.9310290707546,556.69113247961,1.0,555.9860624388467,540.438787466819,1.0,564.3575845359303,572.7084641048052,1.0,555.4650959555481,572.5193436210409,1.0,550.086891360287,574.4779748501587,1.0,563.9641746784678,571.2226917272444,1.0,561.6889034815341,569.1537408417578,1.0,545.1008063089038,549.0151084318852,1.0,1.0,2.4833333333333334,557.666746644193,312.51942810714866,False,528.8152239209503,350.8651658014044,False,587.314647463336,345.04866689048185,False,509.2841737996432,389.5840377876344,False,587.4872855544737,384.2662261683836,False,507.86538264155024,422.07259628383576,False,555.8876463339216,372.7788103397504,False,547.6008511229121,427.6473295811934,False,577.8494155435893,428.78012936207983,False,553.2904765215096,491.6547954139714,False,582.5684933840055,491.640011957415,False,552.9310290707546,556.69113247961,False,555.9860624388467,540.438787466819,False,True,69.77005985702226,174.60366425056722,147.1279858460851
150,150,2.5,2.5,Sports2D_HALPE26_postprocessed,558.1181172342335,312.592874464083,1.0,528.7597472228399,350.7556750999788,1.0,586.3514140346518,345.0692201820945,1.0,508.4656909457941,389.4767848206999,1.0,587.5729617913578,384.504348973901,1.0,506.9767975567612,421.785613993698,1.0,554.148926793283,368.3898495781676,1.0,546.411142016154,428.32548464586966,1.0,576.3415959557202,429.5838894751735,1.0,552.6381232758696,491.7455691729923,1.0,580.1615763801611,492.1278812407217,1.0,552.3190346811377,556.3938780189612,1.0,552.5850784307153,541.2802677088415,1.0,561.7200898829094,572.9001775235341,1.0,555.0574567451332,572.8176401639839,1.0,550.4927109921459,575.40045948536,1.0,557.0934922775855,571.9051775000188,1.0,557.1189593634551,569.3563352644055,1.0,541.5889866271659,547.1960551816868,1.0,1.0,2.5,558.1181172342335,312.592874464083,False,528.7597472228399,350.7556750999788,False,586.3514140346518,345.0692201820945,False,508.4656909457941,389.4767848206999,False,587.5729617913578,384.504348973901,False,506.9767975567612,421.785613993698,False,554.148926793283,368.3898495781676,False,546.411142016154,428.32548464586966,False,576.3415959557202,429.5838894751735,False,552.6381232758696,491.7455691729923,False,580.1615763801611,492.1278812407217,False,552.3190346811377,556.3938780189612,False,552.5850784307153,541.2802677088415,False,True,62.485975794196,174.1095196861324,147.21069826574558
151,151,2.5166666666666666,2.5166666666666666,Sports2D_HALPE26_postprocessed,556.2847067382833,312.5395476648132,1.0,527.2563920790788,350.92328068929874,1.0,585.6751794086833,345.3015662781476,1.0,507.2674974593916,389.4765822044415,1.0,586.5897691476032,383.7682643062233,1.0,504.9730926406891,421.1443834870207,1.0,553.7674935489638,367.7139857357394,1.0,544.8131160327272,429.141605955114,1.0,574.7574400714578,430.31006363762594,1.0,551.9098937616142,491.85208499915,1.0,578.1070207007713,492.6120918695164,1.0,552.1041729167384,556.2480418947474,1.0,550.3786082471478,540.4860267062011,1.0,562.3153893832817,573.437079086086,1.0,555.2389733880981,573.3377934207215,1.0,550.5969946813791,574.0059252131214,1.0,550.2759076628905,572.0650414083752,1.0,551.8122401070846,569.025375988292,1.0,538.5053741586512,545.5942889984772,1.0,1.0,2.5166666666666666,556.2847067382833,312.5395476648132,False,527.2563920790788,350.92328068929874,False,585.6751794086833,345.3015662781476,False,507.2674974593916,389.4765822044415,False,586.5897691476032,383.7682643062233,False,504.9730926406891,421.1443834870207,False,553.7674935489638,367.7139857357394,False,544.8131160327272,429.141605955114,False,574.7574400714578,430.31006363762594,False,551.9098937616142,491.85208499915,False,578.1070207007713,492.6120918695164,False,552.1041729167384,556.2480418947474,False,550.3786082471478,540.4860267062011,False,True,62.57345418080048,173.7163162956444,146.84326637490804
152,152,2.533333333333333,2.533333333333333,Sports2D_HALPE26_postprocessed,555.3758151098637,312.49721352748656,1.0,526.3314609948306,350.94113121810005,1.0,584.9508909853529,345.28076400136666,1.0,505.86602914821,389.42731805780727,1.0,585.9066140669621,384.4502696832619,1.0,503.9242380040508,420.64829750634544,1.0,552.3270333312994,367.4541963936452,1.0,543.5043152551277,429.9500613831033,1.0,573.47806335972,431.0047741994581,1.0,550.7254324258395,492.0082703350571,1.0,576.80596018169,493.4681451962317,1.0,552.4665099170938,556.0146587853089,1.0,547.2536694220869,541.7643979832101,1.0,562.9398441419611,573.2123013362685,1.0,555.3453284499931,573.9372975571705,1.0,551.0898489495169,571.1829440839878,1.0,546.2901298270319,573.2200575802401,1.0,549.147444098031,569.7758466900991,1.0,535.7879179673779,545.753107320746,1.0,1.0,2.533333333333333,555.3758151098637,312.49721352748656,False,526.3314609948306,350.94113121810005,False,584.9508909853529,345.28076400136666,False,505.86602914821,389.42731805780727,False,585.9066140669621,384.4502696832619,False,503.9242380040508,420.64829750634544,False,552.3270333312994,367.4541963936452,False,543.5043152551277,429.9500613831033,False,573.47806335972,431.0047741994581,False,550.7254324258395,492.0082703350571,False,576.80596018169,493.4681451962317,False,552.4665099170938,556.0146587853089,False,547.2536694220869,541.7643979832101,False,True,61.7563411685175,174.9210423062229,145.4880003467814
153,153,2.55,2.55,Sports2D_HALPE26_postprocessed,554.2513171438504,312.5728182689721,1.0,525.4662349126908,350.99177376029354,1.0,584.2503656978682,345.69002167662995,1.0,504.5072330244861,389.2935507278777,1.0,585.5907033844607,384.33065796326224,1.0,502.6242926819031,420.0429374599795,1.0,554.576240790609,365.2277156718614,1.0,542.5341249785674,431.0374296599822,1.0,571.9499748464002,431.8637953280384,1.0,550.1348896673495,492.1455561215072,1.0,574.8084647347655,493.596453924488,1.0,552.7600348369656,556.6883188875703,1.0,545.2784228595432,542.218966466624,1.0,562.8935759341535,572.2932779958254,1.0,555.3341069745281,573.640113169079,1.0,550.5482363582546,571.0000918124495,1.0,545.1777277624659,573.7759416849551,1.0,547.9572300222452,570.3009827856159,1.0,534.000641959023,545.6897461467883,1.0,1.0,2.55,554.2513171438504,312.5728182689721,False,525.4662349126908,350.99177376029354,False,584.2503656978682,345.69002167662995,False,504.5072330244861,389.2935507278777,False,585.5907033844607,384.33065796326224,False,502.6242926819031,420.0429374599795,False,554.576240790609,365.2277156718614,False,542.5341249785674,431.0374296599822,False,571.9499748464002,431.8637953280384,False,550.1348896673495,492.1455561215072,False,574.8084647347655,493.596453924488,False,552.7600348369656,556.6883188875703,False,545.2784228595432,542.218966466624,False,True,56.382927647048604,175.23894282922762,146.07717192797926
154,154,2.5666666666666664,2.5666666666666664,Sports2D_HALPE26_postprocessed,551.9340458565474,312.69726866807287,1.0,525.1902974817745,351.1072530332731,1.0,582.8932774427417,346.2488589832316,1.0,502.94947580095686,389.18882483948806,1.0,584.7161019905845,384.82441879962096,1.0,501.4539343491364,419.8404288091068,1.0,560.061040743421,364.9571520882453,1.0,541.8674512589395,432.8424327244221,1.0,570.4737048546269,432.79067316443184,1.0,549.5623970388391,492.2998381849634,1.0,572.8289440750813,494.26487342566463,1.0,552.4669054600088,557.0618164965824,1.0,543.2970133017618,542.253861750537,1.0,562.5360577478633,571.1820959417119,1.0,555.2587159867433,573.1008640977856,1.0,550.7821894599942,571.5800896007029,1.0,543.7154285637131,573.6278285673053,1.0,545.4200523301197,570.8231844314064,1.0,533.7692102487879,546.0681425587719,1.0,1.0,2.5666666666666664,551.9340458565474,312.69726866807287,False,525.1902974817745,351.1072530332731,False,582.8932774427417,346.2488589832316,False,502.94947580095686,389.18882483948806,False,584.7161019905845,384.82441879962096,False,501.4539343491364,419.8404288091068,False,560.061040743421,364.9571520882453,False,541.8674512589395,432.8424327244221,False,570.4737048546269,432.79067316443184,False,549.5623970388391,492.2998381849634,False,572.8289440750813,494.26487342566463,False,552.4669054600088,557.0618164965824,False,543.2970133017618,542.253861750537,False,True,48.43241990039484,175.19373577604267,146.19820526817475
155,155,2.583333333333333,2.583333333333333,Sports2D_HALPE26_postprocessed,550.5169220063208,312.50261448366257,1.0,523.8396389577525,351.2472616623935,1.0,582.2781014494558,346.83688626783686,1.0,501.4562867600108,389.11315662484753,1.0,584.2757308223263,384.1760949047074,1.0,499.6453428941966,419.5245793673877,1.0,559.6804042256167,367.2950418996362,1.0,540.4578348658686,433.2275541228785,1.0,569.4160927438248,432.9993967759267,1.0,549.0233556134489,492.3634055259629,1.0,570.8802023987578,495.1274468982541,1.0,552.0241372912258,557.4709786779349,1.0,541.7280031095851,542.6905007679647,1.0,562.1383000547771,571.0015206858113,1.0,555.068900226033,572.6328938713675,1.0,550.3436797814791,572.0087625822798,1.0,540.1927096582838,573.561989700417,1.0,542.8391651150308,571.001775967987,1.0,532.6987843325066,547.3472520678722,1.0,1.0,2.583333333333333,550.5169220063208,312.50261448366257,False,523.8396389577525,351.2472616623935,False,582.2781014494558,346.83688626783686,False,501.4562867600108,389.11315662484753,False,584.2757308223263,384.1760949047074,False,499.6453428941966,419.5245793673877,False,559.6804042256167,367.2950418996362,False,540.4578348658686,433.2275541228785,False,569.4160927438248,432.9993967759267,False,549.0233556134489,492.3634055259629,False,570.8802023987578,495.1274468982541,False,552.0241372912258,557.4709786779349,False,541.7280031095851,542.6905007679647,False,True,52.47378663930175,174.39719377623467,147.14518147400665
156,156,2.6,2.6,Sports2D_HALPE26_postprocessed,550.2413685006816,312.813970261889,1.0,523.1206577995858,351.2522931225017,1.0,581.341902463417,347.26081901040004,1.0,500.3493701063945,389.1598873936499,1.0,584.2848345218991,385.009991463046,1.0,499.3348045187878,419.8036476210849,1.0,560.8563267319562,376.1216663427791,1.0,539.3796068363513,433.5431426112582,1.0,567.954504249574,433.1923597407001,1.0,548.4465905738396,492.4721396122237,1.0,568.9357992389962,495.78046701216783,1.0,551.8509415729189,558.2592072087948,1.0,539.3996235565958,544.2237020718078,1.0,562.4671183923622,571.27182778482,1.0,555.1106846322663,572.670214118204,1.0,550.0328892796988,572.3718710308692,1.0,541.4063476319195,574.1150153345469,1.0,542.575055761713,572.3266438738918,1.0,530.7701932698616,549.0094104449315,1.0,1.0,2.6,550.2413685006816,312.813970261889,False,523.1206577995858,351.2522931225017,False,581.341902463417,347.26081901040004,False,500.3493701063945,389.1598873936499,False,584.2848345218991,385.009991463046,False,499.3348045187878,419.8036476210849,False,560.8563267319562,376.1216663427791,False,539.3796068363513,433.5431426112582,False,567.954504249574,433.1923597407001,False,548.4465905738396,492.4721396122237,False,568.9357992389962,495.78046701216783,False,551.8509415729189,558.2592072087948,False,539.3996235565958,544.2237020718078,False,True,64.76644589578022,174.21520420893808,147.73080384934704
157,157,2.6166666666666667,2.6166666666666667,Sports2D_HALPE26_postprocessed,549.1520189362393,312.77273444293945,1.0,521.4307179741248,351.3209365894887,1.0,580.8630196497343,348.0388925559192,1.0,499.0586413619541,389.11478156947067,1.0,584.8163481108362,384.2043774640732,1.0,498.13589018771256,419.72312984600137,1.0,561.1716159026026,376.08789090704704,1.0,538.1327154285501,433.7273035760833,1.0,566.6693277476579,433.3077358495185,1.0,547.6225113015028,492.5522369671816,1.0,567.5499051113396,496.4540223804686,1.0,551.810454274774,558.177750132737,1.0,538.509816326956,546.4591879963542,1.0,562.4154488799194,571.8171226202732,1.0,555.2614108460231,572.9426556414451,1.0,549.6171675650135,572.4833353918013,1.0,540.0953097323879,574.5174012640438,1.0,541.789563220516,573.3605434517565,1.0,529.3982348588145,550.68974016113,1.0,1.0,2.6166666666666667,549.1520189362393,312.77273444293945,False,521.4307179741248,351.3209365894887,False,580.8630196497343,348.0388925559192,False,499.0586413619541,389.11478156947067,False,584.8163481108362,384.2043774640732,False,498.13589018771256,419.72312984600137,False,561.1716159026026,376.08789090704704,False,538.1327154285501,433.7273035760833,False,566.6693277476579,433.3077358495185,False,547.6225113015028,492.5522369671816,False,567.5499051113396,496.4540223804686,False,551.810454274774,558.177750132737,False,538.509816326956,546.4591879963542,False,True,64.81592135088351,174.48726924491493,149.05553463970648
158,158,2.6333333333333333,2.6333333333333333,Sports2D_HALPE26_postprocessed,549.2309384943143,312.6000748520688,1.0,519.8323215663969,351.2703458968465,1.0,579.8374804510864,348.4661232747001,1.0,497.4816919422856,389.145317436498,1.0,583.282210462768,384.0258573662956,1.0,496.97293952314897,419.9148911970988,1.0,560.5595199769876,383.6078856538138,1.0,537.3854364069089,433.803404615291,1.0,565.9237497498198,433.39674549886746,1.0,546.5631687387568,492.5919461657775,1.0,565.5012698420283,496.8566505265456,1.0,551.044420648024,557.5826656126345,1.0,537.4295988049653,547.9379267567368,1.0,562.4567253453026,572.0370323824351,1.0,555.9910930582862,572.9140929151312,1.0,548.7765774719855,572.6418237420799,1.0,540.2090935726836,574.6082158713156,1.0,541.1963788033031,573.5716944456351,1.0,527.4986911599118,552.8807918418,1.0,1.0,2.6333333333333333,549.2309384943143,312.6000748520688,False,519.8323215663969,351.2703458968465,False,579.8374804510864,348.4661232747001,False,497.4816919422856,389.145317436498,False,583.282210462768,384.0258573662956,False,496.97293952314897,419.9148911970988,False,560.5595199769876,383.6078856538138,False,537.3854364069089,433.803404615291,False,565.9237497498198,433.39674549886746,False,546.5631687387568,492.5919461657775,False,565.5012698420283,496.8566505265456,False,551.044420648024,557.5826656126345,False,537.4295988049653,547.9379267567368,False,True,83.4131217192635,175.07135622980343,151.5904803176669
159,159,2.65,2.65,Sports2D_HALPE26_postprocessed,548.4433310786874,312.3284166116513,1.0,518.5445995952182,351.1715383685219,1.0,579.3888853593104,349.16212215072846,1.0,496.0645832181968,389.001924188548,1.0,583.1908037358921,383.14402244509824,1.0,495.5174982772796,419.8343151573631,1.0,560.9272462167996,370.7299976487362,1.0,536.0354958736876,433.3975991441014,1.0,564.6571324906552,433.2661425889139,1.0,546.043367297386,492.6662266449857,1.0,563.6599010438858,497.277056439156,1.0,551.2343482059384,557.1749960258281,1.0,536.858727922526,548.343304845213,1.0,561.6717035668527,571.9314422664152,1.0,555.7148140320819,572.7540296880077,1.0,549.2182595690873,572.4691810126524,1.0,539.9516602054499,574.8570923866512,1.0,540.9213724635941,574.1525275197215,1.0,527.2836928677651,555.3555975672624,1.0,1.0,2.65,548.4433310786874,312.3284166116513,False,518.5445995952182,351.1715383685219,False,579.3888853593104,349.16212215072846,False,496.0645832181968,389.001924188548,False,583.1908037358921,383.14402244509824,False,495.5174982772796,419.8343151573631,False,560.9272462167996,370.7299976487362,False,536.0354958736876,433.3975991441014,False,564.6571324906552,433.2661425889139,False,546.043367297386,492.6662266449857,False,563.6599010438858,497.277056439156,False,551.2343482059384,557.1749960258281,False,536.858727922526,548.343304845213,False,True,54.472483407556965,175.01630735080357,153.20064194585137
160,160,2.6666666666666665,2.6666666666666665,Sports2D_HALPE26_postprocessed,547.5790464490539,312.6967082322826,1.0,518.5288127879425,351.1888034713669,1.0,578.2385148295468,349.4383701716817,1.0,495.2083343950736,388.8241944333996,1.0,584.804655953454,387.2910537543037,1.0,493.8678418743947,419.6252323909303,1.0,569.7798817579556,387.6240940323436,1.0,534.3532938652403,433.9725127750986,1.0,563.3979574230952,433.89914677295246,1.0,544.857464972115,492.9617485475793,1.0,561.0193996648864,496.83195258601984,1.0,551.06399776599,557.5430950564751,1.0,534.7247348917294,550.347490837214,1.0,561.1933426418515,571.4917909466848,1.0,555.1034124855641,572.806467987009,1.0,549.4320896759782,571.9458942999707,1.0,541.5478058995398,575.554264520493,1.0,541.1625623257693,575.2300869681817,1.0,525.1602087281697,557.150937019079,1.0,1.0,2.6666666666666665,547.5790464490539,312.6967082322826,False,518.5288127879425,351.1888034713669,False,578.2385148295468,349.4383701716817,False,495.2083343950736,388.8241944333996,False,584.804655953454,387.2910537543037,False,493.8678418743947,419.6252323909303,False,569.7798817579556,387.6240940323436,False,534.3532938652403,433.9725127750986,False,563.3979574230952,433.89914677295246,False,544.857464972115,492.9617485475793,False,561.0193996648864,496.83195258601984,False,551.06399776599,557.5430950564751,False,534.7247348917294,550.347490837214,False,True,81.42888965158001,175.3927132710842,155.99744895720173
161,161,2.683333333333333,2.683333333333333,Sports2D_HALPE26_postprocessed,546.0801108009442,312.62133064887274,1.0,517.8459899962627,351.07817675163125,1.0,577.5914180245892,349.773814242046,1.0,494.0575778123283,388.36833975046585,1.0,587.1217317117117,386.61517686636125,1.0,493.06917352201793,419.5914394761468,1.0,575.1544808200006,384.06622106600594,1.0,533.1908021202704,433.9075616827826,1.0,562.3022866891838,433.9165635637905,1.0,543.7359614837858,493.12224190503457,1.0,558.9134869657839,496.8532674480293,1.0,550.9076918873726,557.396434289744,1.0,533.0421109154703,551.4100535983015,1.0,560.9648000640228,571.4716959802752,1.0,554.5639638692902,572.8022136740639,1.0,549.4294497763885,571.7268878122098,1.0,539.8300016632775,575.7821214333765,1.0,539.850027827993,575.5611014402034,1.0,523.4878144190309,559.9338795479308,1.0,1.0,2.683333333333333,546.0801108009442,312.62133064887274,False,517.8459899962627,351.07817675163125,False,577.5914180245892,349.773814242046,False,494.0575778123283,388.36833975046585,False,587.1217317117117,386.61517686636125,False,493.06917352201793,419.5914394761468,False,575.1544808200006,384.06622106600594,False,533.1908021202704,433.9075616827826,False,562.3022866891838,433.9165635637905,False,543.7359614837858,493.12224190503457,False,558.9134869657839,496.8532674480293,False,550.9076918873726,557.396434289744,False,533.0421109154703,551.4100535983015,False,True,63.47237882160209,176.26916343100643,157.71131245846098
162,162,2.7,2.7,Sports2D_HALPE26_postprocessed,544.9677518854123,312.3331708692874,1.0,516.5097952014281,351.04587377259173,1.0,576.9107486085711,350.33350285709537,1.0,493.0655475705805,388.0562090935776,1.0,584.9653016302528,388.1437364825006,1.0,492.1045623420267,419.39242279892017,1.0,601.8148075438721,383.8866674854504,1.0,532.1475135237927,433.5404141797835,1.0,561.28682980523,433.6774151840796,1.0,542.7213204716206,493.2415053614261,1.0,556.4439955277136,497.3701546151612,1.0,550.7826089750768,557.2391557133806,1.0,530.9802844638492,552.0828970836094,1.0,560.8865275788406,571.318025743275,1.0,554.4932821512288,572.5485414883315,1.0,549.4398639089409,571.8091642568252,1.0,537.4692758022283,575.9236582664494,1.0,538.05038727082,575.9709066591865,1.0,521.7607600953651,562.0132143600109,1.0,1.0,2.7,544.9677518854123,312.3331708692874,False,516.5097952014281,351.04587377259173,False,576.9107486085711,350.33350285709537,False,493.0655475705805,388.0562090935776,False,584.9653016302528,388.1437364825006,False,492.1045623420267,419.39242279892017,False,601.8148075438721,383.8866674854504,False,532.1475135237927,433.5404141797835,False,561.28682980523,433.6774151840796,False,542.7213204716206,493.2415053614261,False,556.4439955277136,497.3701546151612,False,550.7826089750768,557.2391557133806,False,530.9802844638492,552.0828970836094,False,True,87.8465288449371,177.1356534272652,159.39046606984996
163,163,2.716666666666667,2.716666666666667,Sports2D_HALPE26_postprocessed,543.4739497599608,312.37492964927185,1.0,515.933689325694,350.73904616735376,1.0,574.8536081154621,350.18140446774675,1.0,492.0850522597449,387.9262645196593,1.0,586.4025815667361,387.3535816068722,1.0,491.1539228094281,419.1265632255107,1.0,574.7842527401353,377.96222143880846,1.0,530.777567686988,433.7557826642613,1.0,560.3908514880302,434.1960676109659,1.0,541.8270253008632,493.2374777351904,1.0,553.6483870201732,497.1013881467612,1.0,550.0980537896652,557.5369391421999,1.0,528.2607751873239,552.9379069919447,1.0,561.2199613932316,571.4688929132839,1.0,556.5270260756638,573.1567994805669,1.0,550.0735101938316,572.5574926010121,1.0,535.9696347341766,576.1569239761463,1.0,536.9410696062632,576.4934213239906,1.0,518.6985374563192,563.444626459921,1.0,1.0,2.716666666666667,543.4739497599608,312.37492964927185,False,515.933689325694,350.73904616735376,False,574.8536081154621,350.18140446774675,False,492.0850522597449,387.9262645196593,False,586.4025815667361,387.3535816068722,False,491.1539228094281,419.1265632255107,False,574.7842527401353,377.96222143880846,False,530.777567686988,433.7557826642613,False,560.3908514880302,434.1960676109659,False,541.8270253008632,493.2374777351904,False,553.6483870201732,497.1013881467612,False,550.0980537896652,557.5369391421999,False,528.2607751873239,552.9379069919447,False,True,33.791174150094555,176.8064287874344,161.6676254471002
164,164,2.7333333333333334,2.7333333333333334,Sports2D_HALPE26_postprocessed,544.0953463446423,312.4472824038653,1.0,514.517031470272,350.6307574862384,1.0,574.0159271458785,350.72303919991054,1.0,490.3294170366361,387.9901868082784,1.0,585.6604736603406,387.16405954795687,1.0,489.8166639863541,419.2611796566429,1.0,573.6600369550297,371.6865748175754,1.0,529.1419178065114,433.1970550616592,1.0,559.3252304259493,433.81966551698576,1.0,540.9631579537959,493.1842608743979,1.0,550.8429042852331,496.8930011301532,1.0,549.5550191879393,557.0469934454354,1.0,526.5640908828055,553.7304696812737,1.0,561.5106717998273,570.9901045027163,1.0,557.2426784191213,572.6719333326959,1.0,550.2085757907026,572.5522067528298,1.0,534.8384284990843,575.9202131499819,1.0,536.7001188993607,576.8245216073699,1.0,517.5383518623257,564.6236890348288,1.0,1.0,2.7333333333333334,544.0953463446423,312.4472824038653,False,514.517031470272,350.6307574862384,False,574.0159271458785,350.72303919991054,False,490.3294170366361,387.9901868082784,False,585.6604736603406,387.16405954795687,False,489.8166639863541,419.2611796566429,False,573.6600369550297,371.6865748175754,False,529.1419178065114,433.1970550616592,False,559.3252304259493,433.81966551698576,False,540.9631579537959,493.1842608743979,False,550.8429042852331,496.8930011301532,False,549.5550191879393,557.0469934454354,False,526.5640908828055,553.7304696812737,False,True,20.06711745071804,176.51433959971894,164.52904713652174
165,165,2.75,2.75,Sports2D_HALPE26_postprocessed,543.536964456718,312.655498885264,1.0,514.110637125084,350.3934330689076,1.0,572.8410598854625,350.9398857422808,1.0,489.2095171588249,387.96917455624566,1.0,584.8119300957818,386.6653231498578,1.0,488.687868012603,419.3884016989639,1.0,572.108030136982,373.5347903258907,1.0,528.3109914556185,433.561456142278,1.0,557.7373829095625,434.105528202271,1.0,540.232293557659,493.20141866488177,1.0,549.109571853768,496.6553720503071,1.0,548.8695117674216,556.8246587889531,1.0,525.4823193936211,554.603124211885,1.0,561.4938984109997,570.5082988239246,1.0,557.566735303721,572.0680936662943,1.0,549.7573061081871,572.3497686583078,1.0,536.4205257707711,575.6078109845383,1.0,537.6119126416886,576.9500933082245,1.0,516.9022976200212,565.7570555402725,1.0,1.0,2.75,543.536964456718,312.655498885264,False,514.110637125084,350.3934330689076,False,572.8410598854625,350.9398857422808,False,489.2095171588249,387.96917455624566,False,584.8119300957818,386.6653231498578,False,488.687868012603,419.3884016989639,False,572.108030136982,373.5347903258907,False,528.3109914556185,433.561456142278,False,557.7373829095625,434.105528202271,False,540.232293557659,493.20141866488177,False,549.109571853768,496.6553720503071,False,548.8695117674216,556.8246587889531,False,525.4823193936211,554.603124211885,False,True,25.528939697518226,176.4272154439317,165.67115600950729
166,166,2.7666666666666666,2.7666666666666666,Sports2D_HALPE26_postprocessed,543.1611628178118,312.3303578256377,1.0,512.5382777734618,350.3507588916058,1.0,572.0287341851607,351.0634813755295,1.0,488.3352615389346,387.85077692885307,1.0,583.8650244736441,385.24680986872335,1.0,487.4096495520969,419.23531030948726,1.0,571.6723347137465,370.0591241003453,1.0,526.6604155180388,433.3839343739816,1.0,556.8662384653957,433.86457482671335,1.0,539.4156547627132,492.8922913077298,1.0,547.3666667744076,496.3058047163959,1.0,548.4552496506369,555.6025260002983,1.0,524.9633503250761,554.4055021696752,1.0,561.5565020014938,569.9385926472092,1.0,557.4214178164688,571.4271544317828,1.0,549.1715817710584,571.6603393020978,1.0,535.7121711161608,575.2696225027094,1.0,537.4881888438615,576.9728366562317,1.0,516.5320147476812,567.0574807446162,1.0,1.0,2.7666666666666666,543.1611628178118,312.3303578256377,False,512.5382777734618,350.3507588916058,False,572.0287341851607,351.0634813755295,False,488.3352615389346,387.85077692885307,False,583.8650244736441,385.24680986872335,False,487.4096495520969,419.23531030948726,False,571.6723347137465,370.0591241003453,False,526.6604155180388,433.3839343739816,False,556.8662384653957,433.86457482671335,False,539.4156547627132,492.8922913077298,False,547.3666667744076,496.3058047163959,False,548.4552496506369,555.6025260002983,False,524.9633503250761,554.4055021696752,False,True,19.65865290550043,176.10467492656937,167.56372811782302
167,167,2.783333333333333,2.783333333333333,Sports2D_HALPE26_postprocessed,542.5542094393783,312.01080639290694,1.0,511.8031260872178,350.0138211558971,1.0,571.2750865203469,351.19679881383524,1.0,487.2537767895294,387.7329480944278,1.0,581.4386417533813,386.2013909583847,1.0,486.345038731188,419.3020255083089,1.0,576.0562016926726,411.9242705784209,1.0,525.522693846515,433.4722189970472,1.0,555.7429598989827,433.9549237188473,1.0,538.3059406465258,492.8057449369394,1.0,545.7393514873245,496.1889392493556,1.0,547.8108816626903,555.2983848968092,1.0,524.0108434313544,555.2484850106388,1.0,561.4833901915939,569.4100795424974,1.0,557.2645420473395,570.8745481298083,1.0,548.0637528246104,571.0077001260399,1.0,535.7756188609592,575.2994874690991,1.0,537.4365431257213,577.129114037067,1.0,516.2289233700672,568.1073699202526,1.0,1.0,2.783333333333333,542.5542094393783,312.01080639290694,False,511.8031260872178,350.0138211558971,False,571.2750865203469,351.19679881383524,False,487.2537767895294,387.7329480944278,False,581.4386417533813,386.2013909583847,False,486.345038731188,419.3020255083089,False,576.0562016926726,411.9242705784209,False,525.522693846515,433.4722189970472,False,555.7429598989827,433.9549237188473,False,538.3059406465258,492.8057449369394,False,545.7393514873245,496.1889392493556,False,547.8108816626903,555.2983848968092,False,524.0108434313544,555.2484850106388,False,True,151.99092588960522,176.48985994013057,168.93271685062712
168,168,2.8,2.8,Sports2D_HALPE26_postprocessed,542.1305698255596,311.98553245394766,1.0,511.0573783701869,349.5330990208409,1.0,569.6799914186481,351.04264148801883,1.0,486.45738961241,387.4281038019351,1.0,578.6970358667713,390.3206479061197,1.0,485.9789018288165,419.1323284616008,1.0,578.2082429974686,420.94543510113886,1.0,524.7129479658314,433.03461710506383,1.0,554.5168820956757,433.4603422700522,1.0,537.0891261322893,492.6096153153698,1.0,544.0757669067875,496.1555156346008,1.0,546.6402248908829,555.3065244430741,1.0,523.6645524172368,556.4015775612137,1.0,561.2497153592055,568.8787415448089,1.0,557.3142192219173,570.3488138050451,1.0,546.7662533167271,570.5777938271704,1.0,536.8473694261463,574.8397141839315,1.0,537.5493087502113,576.7309784857704,1.0,515.8956452743141,569.3096039118328,1.0,1.0,2.8,542.1305698255596,311.98553245394766,False,511.0573783701869,349.5330990208409,False,569.6799914186481,351.04264148801883,False,486.45738961241,387.4281038019351,False,578.6970358667713,390.3206479061197,False,485.9789018288165,419.1323284616008,False,578.2082429974686,420.94543510113886,False,524.7129479658314,433.03461710506383,False,554.5168820956757,433.4603422700522,False,537.0891261322893,492.6096153153698,False,544.0757669067875,496.1555156346008,False,546.6402248908829,555.3065244430741,False,523.6645524172368,556.4015775612137,False,True,166.15624462884966,176.92594331756365,170.7388859831005
169,169,2.8166666666666664,2.8166666666666664,Sports2D_HALPE26_postprocessed,540.6677504253237,311.784594705555,1.0,510.15096215234655,349.2648450771362,1.0,568.5731639002354,351.0980529655681,1.0,485.0424726499754,387.4389485330921,1.0,576.3344400719163,395.4914689295121,1.0,485.0389729207,418.5607251664223,1.0,578.6151349797423,427.0712837332199,1.0,523.4883432698874,432.6853833314499,1.0,553.3094235517373,433.2157460859551,1.0,535.8443185752124,492.2710049316752,1.0,542.8327552447846,495.8085657005496,1.0,545.0188727981972,555.243210825952,1.0,523.2726031956015,557.6687151053366,1.0,560.3505102870055,567.5064275674737,1.0,556.9353340895029,568.690493872751,1.0,545.4985230236772,570.2409560799966,1.0,537.6297717285471,574.1709840051036,1.0,537.5858297551132,576.6950845096642,1.0,515.7152555517337,570.5006483876475,1.0,1.0,2.8166666666666664,540.6677504253237,311.784594705555,False,510.15096215234655,349.2648450771362,False,568.5731639002354,351.0980529655681,False,485.0424726499754,387.4389485330921,False,576.3344400719163,395.4914689295121,False,485.0389729207,418.5607251664223,False,578.6151349797423,427.0712837332199,False,523.4883432698874,432.6853833314499,False,553.3094235517373,433.2157460859551,False,535.8443185752124,492.2710049316752,False,542.8327552447846,495.8085657005496,False,545.0188727981972,555.243210825952,False,523.2726031956015,557.6687151053366,False,True,174.21396740346148,176.57411462413162,171.95504758736436
170,170,2.833333333333333,2.833333333333333,Sports2D_HALPE26_postprocessed,540.1048684481173,311.78221198828595,1.0,508.82578040720944,349.30367510847304,1.0,567.7440129284427,351.2094929026045,1.0,483.6266864715737,387.32845761999977,1.0,575.8050115782502,396.9368974856839,1.0,484.0615371893181,418.2363791055898,1.0,579.0721915679721,429.8076861578549,1.0,522.572691665763,432.2965322239006,1.0,551.5938219428057,432.7956970530976,1.0,534.4736368543076,492.5514199566922,1.0,541.5023438074525,495.6386896843121,1.0,543.593388428144,555.7859190773856,1.0,522.8664803400322,559.3039802086073,1.0,559.4355135249194,565.3102244113448,1.0,556.1373717462675,566.2135878976787,1.0,544.1072587462769,569.8572485312206,1.0,538.2498682210548,573.0724655978366,1.0,537.953328800487,576.4370354826294,1.0,515.5202427110553,571.3130738923671,1.0,1.0,2.833333333333333,540.1048684481173,311.78221198828595,False,508.82578040720944,349.30367510847304,False,567.7440129284427,351.2094929026045,False,483.6266864715737,387.32845761999977,False,575.8050115782502,396.9368974856839,False,484.0615371893181,418.2363791055898,False,579.0721915679721,429.8076861578549,False,522.572691665763,432.2965322239006,False,551.5938219428057,432.7956970530976,False,534.4736368543076,492.5514199566922,False,541.5023438074525,495.6386896843121,False,543.593388428144,555.7859190773856,False,522.8664803400322,559.3039802086073,False,True,175.6786514585103,177.03398614543906,172.8072000166532
171,171,2.85,2.85,Sports2D_HALPE26_postprocessed,538.9751131667243,311.77690694977224,1.0,507.8565035033102,349.2913844305931,1.0,566.9844952966821,351.26976606943504,1.0,482.5832703806723,387.1683721929451,1.0,575.2161260363042,397.2962602653006,1.0,483.0119467286952,417.9301398014211,1.0,579.1556542377921,431.153715763489,1.0,521.7161799171514,432.2032769499292,1.0,550.3513679073656,432.4034895519411,1.0,532.7501852176772,492.4308368753637,1.0,540.274034932316,495.0789491912386,1.0,541.4235808635183,555.3886574335376,1.0,522.5902793941455,559.50226281664,1.0,558.6234648087438,563.6561008440028,1.0,555.0641181772213,563.4668187277831,1.0,541.9040124658634,568.928956910419,1.0,538.0847770158273,571.3661373637918,1.0,537.8233380877218,576.0442472063944,1.0,515.563467808,571.7594642264826,1.0,1.0,2.85,538.9751131667243,311.77690694977224,False,507.8565035033102,349.2913844305931,False,566.9844952966821,351.26976606943504,False,482.5832703806723,387.1683721929451,False,575.2161260363042,397.2962602653006,False,483.0119467286952,417.9301398014211,False,579.1556542377921,431.153715763489,False,521.7161799171514,432.2032769499292,False,550.3513679073656,432.4034895519411,False,532.7501852176772,492.4308368753637,False,540.274034932316,495.0789491912386,False,541.4235808635183,555.3886574335376,False,522.5902793941455,559.50226281664,False,True,176.49699238412262,177.46223011610044,173.78493192725492
172,172,2.8666666666666667,2.8666666666666667,Sports2D_HALPE26_postprocessed,538.562494405218,311.1785918065618,1.0,506.72776973875824,348.9676447509206,1.0,565.807837515842,351.2013184152614,1.0,481.4534670762688,387.0352333632973,1.0,575.2189986392473,397.4826085563988,1.0,481.5221429624234,418.0142524346152,1.0,579.6814691363139,431.9954939966333,1.0,520.9745014185185,431.4218451992156,1.0,549.4965491144593,431.4489227458274,1.0,531.4480000673091,491.734339607672,1.0,539.483842883232,494.45162686648496,1.0,539.2378479099951,554.1835270670389,1.0,522.4975607946049,559.0480083031014,1.0,557.7569947974049,562.2915552794108,1.0,554.0787652141025,562.0947582479652,1.0,538.8738533794278,567.675818719983,1.0,537.3179291494482,570.2652097489291,1.0,537.294259685093,575.6921717415996,1.0,515.623479968926,571.4410786145596,1.0,1.0,2.8666666666666667,538.562494405218,311.1785918065618,False,506.72776973875824,348.9676447509206,False,565.807837515842,351.2013184152614,False,481.4534670762688,387.0352333632973,False,575.2189986392473,397.4826085563988,False,481.5221429624234,418.0142524346152,False,579.6814691363139,431.9954939966333,False,520.9745014185185,431.4218451992156,False,549.4965491144593,431.4489227458274,False,531.4480000673091,491.734339607672,False,539.483842883232,494.45162686648496,False,539.2378479099951,554.1835270670389,False,522.4975607946049,559.0480083031014,False,True,175.8731876439288,177.25889726498232,174.29723986937557
173,173,2.8833333333333333,2.8833333333333333,Sports2D_HALPE26_postprocessed,537.7768412495006,311.07722856816963,1.0,505.91457847455376,348.6796369120494,1.0,565.3223555146824,351.0040945040459,1.0,480.2642848332369,386.9021134834838,1.0,574.866590884454,397.49198698577175,1.0,480.7426505586576,418.1346601003127,1.0,580.5253727700559,433.068705845244,1.0,520.175804248909,431.98100312420365,1.0,548.2510743091779,431.99281258733686,1.0,529.7428180749873,491.5448241556277,1.0,538.7113224409846,494.3753720088481,1.0,537.8441534207655,554.3218751655149,1.0,522.5333161446106,559.2016875754023,1.0,555.6404532162212,561.6402789605019,1.0,552.3404498520829,561.160798728218,1.0,537.8767199118709,567.2800845298634,1.0,538.3681144228609,569.8764403225846,1.0,538.203562029759,575.430775771799,1.0,515.4541807873278,571.2909510766344,1.0,1.0,2.8833333333333333,537.7768412495006,311.07722856816963,False,505.91457847455376,348.6796369120494,False,565.3223555146824,351.0040945040459,False,480.2642848332369,386.9021134834838,False,574.866590884454,397.49198698577175,False,480.7426505586576,418.1346601003127,False,580.5253727700559,433.068705845244,False,520.175804248909,431.98100312420365,False,548.2510743091779,431.99281258733686,False,529.7428180749873,491.5448241556277,False,538.7113224409846,494.3753720088481,False,537.8441534207655,554.3218751655149,False,522.5333161446106,559.2016875754023,False,True,177.43573410981003,178.22854950949326,174.68203350673008
174,174,2.9,2.9,Sports2D_HALPE26_postprocessed,536.7940443093847,310.96630771860345,1.0,504.9948677277003,348.450959349178,1.0,564.3292681634211,350.81151767033793,1.0,479.3034130611387,386.4105471039978,1.0,574.2837025724251,397.3890103948173,1.0,480.1623865639894,417.7349645404174,1.0,581.0014803711815,434.08592697052194,1.0,519.2017140762938,431.5848089292997,1.0,547.210001743305,431.2221634716561,1.0,528.2759337220534,490.3900605315748,1.0,538.1725956568034,493.8492254921057,1.0,535.92057996859,553.9035769702125,1.0,522.5010289329589,559.0284287485093,1.0,553.1538026471788,560.9810485704173,1.0,549.8751390701282,560.5052800760038,1.0,537.3034402745642,566.2170955597279,1.0,538.7096697872598,569.8325506311201,1.0,538.2771669536844,575.0918157252763,1.0,515.4127679929964,570.9298952468422,1.0,1.0,2.9,536.7940443093847,310.96630771860345,False,504.9948677277003,348.450959349178,False,564.3292681634211,350.81151767033793,False,479.3034130611387,386.4105471039978,False,574.2837025724251,397.3890103948173,False,480.1623865639894,417.7349645404174,False,581.0014803711815,434.08592697052194,False,519.2017140762938,431.5848089292997,False,547.210001743305,431.2221634716561,False,528.2759337220534,490.3900605315748,False,538.1725956568034,493.8492254921057,False,535.92057996859,553.9035769702125,False,522.5010289329589,559.0284287485093,False,True,178.31012911283344,178.09114340025315,174.69192233785515
175,175,2.9166666666666665,2.9166666666666665,Sports2D_HALPE26_postprocessed,535.8672966215004,310.76656926672604,1.0,504.41249277309646,348.0518381670845,1.0,563.3078431542784,350.552088887341,1.0,478.3380003495535,385.91515589367793,1.0,573.3752559991927,397.2485025682233,1.0,478.830541472659,417.7542472514597,1.0,581.7443889132602,434.22972525983977,1.0,518.2103901883029,431.6040342138656,1.0,546.1614005816202,431.4782253950092,1.0,527.2077635632049,489.7788439049277,1.0,537.6985182809699,493.3448081798181,1.0,533.9336587254026,553.8127232236094,1.0,522.4675701615379,559.0567921411638,1.0,550.6682749417541,561.0309060609327,1.0,546.9444888279562,560.5854707558944,1.0,536.7632648427991,565.6947927833701,1.0,539.1482707100663,569.6854818227663,1.0,538.6713643848602,574.7608551739547,1.0,515.3866012285634,570.8900598612432,1.0,1.0,2.9166666666666665,535.8672966215004,310.76656926672604,False,504.41249277309646,348.0518381670845,False,563.3078431542784,350.552088887341,False,478.3380003495535,385.91515589367793,False,573.3752559991927,397.2485025682233,False,478.830541472659,417.7542472514597,False,581.7443889132602,434.22972525983977,False,518.2103901883029,431.6040342138656,False,546.1614005816202,431.4782253950092,False,527.2077635632049,489.7788439049277,False,537.6985182809699,493.3448081798181,False,533.9336587254026,553.8127232236094,False,522.4675701615379,559.0567921411638,False,True,179.41466804937008,177.2043983542179,174.739511124647
176,176,2.933333333333333,2.933333333333333,Sports2D_HALPE26_postprocessed,535.7356879860123,310.5831643151207,1.0,503.583284628709,347.48529937422893,1.0,562.4331283302552,350.3292802547498,1.0,477.47892317866194,385.8250346024323,1.0,573.2779340443657,397.267397773426,1.0,477.9409448834691,417.97385062040377,1.0,582.2484464619872,434.30812676717375,1.0,517.3445399212517,431.091635903548,1.0,544.9291931472991,430.9972903477735,1.0,525.8894563373242,489.28134520104527,1.0,537.645703682916,492.8888825008535,1.0,531.6452610312548,553.7311547490095,1.0,522.4522373873169,559.1834134386967,1.0,548.7121939761006,561.7880220631871,1.0,544.9292103352856,561.3500003568003,1.0,536.3336688432809,565.318842647084,1.0,539.3148047133733,570.0637569854268,1.0,538.8153579882162,574.5848367037474,1.0,515.420205646849,570.8830293753246,1.0,1.0,2.933333333333333,535.7356879860123,310.5831643151207,False,503.583284628709,347.48529937422893,False,562.4331283302552,350.3292802547498,False,477.47892317866194,385.8250346024323,False,573.2779340443657,397.267397773426,False,477.9409448834691,417.97385062040377,False,582.2484464619872,434.30812676717375,False,517.3445399212517,431.091635903548,False,544.9291931472991,430.9972903477735,False,525.8894563373242,489.28134520104527,False,537.645703682916,492.8888825008535,False,531.6452610312548,553.7311547490095,False,522.4522373873169,559.1834134386967,False,True,179.39584362363516,176.7494217363098,173.80357291113376
177,177,2.95,2.95,Sports2D_HALPE26_postprocessed,534.7365296182362,309.98505634101434,1.0,502.8956453946324,347.07089024947703,1.0,561.8222359855208,350.15062139668703,1.0,476.7532105831714,385.651145059118,1.0,572.765136071524,397.3797812223784,1.0,477.2097311683523,417.60935761587314,1.0,582.2783221325651,434.6566313322453,1.0,516.6725624289332,428.0283984746924,1.0,544.6700337538364,427.84862775895147,1.0,524.7602157191536,487.7466634453588,1.0,537.0539025256776,492.4473302594324,1.0,529.480536538607,553.5643963791285,1.0,522.387207245926,559.9316818813338,1.0,545.3555767663161,562.4755111519258,1.0,541.1394187505838,561.9706915107997,1.0,535.568823896501,563.5230875523935,1.0,538.6149427401084,570.6252140846789,1.0,538.0509088075956,574.7399953127814,1.0,515.3934360595773,570.9770675275527,1.0,1.0,2.95,534.7365296182362,309.98505634101434,False,502.8956453946324,347.07089024947703,False,561.8222359855208,350.15062139668703,False,476.7532105831714,385.651145059118,False,572.765136071524,397.3797812223784,False,477.2097311683523,417.60935761587314,False,582.2783221325651,434.6566313322453,False,516.6725624289332,428.0283984746924,False,544.6700337538364,427.84862775895147,False,524.7602157191536,487.7466634453588,False,537.0539025256776,492.4473302594324,False,529.480536538607,553.5643963791285,False,522.387207245926,559.9316818813338,False,True,178.72862428241328,176.38946856183713,174.46240212073076
178,178,2.966666666666667,2.966666666666667,Sports2D_HALPE26_postprocessed,533.5270789906309,309.637998833778,1.0,502.0306063259354,346.8589891902031,1.0,561.0343524959642,349.9732999085055,1.0,475.8179736919965,385.5423602290825,1.0,572.0065987830485,397.2908466656869,1.0,476.3145358789668,417.436480320415,1.0,582.3886167301193,434.9965344496468,1.0,515.7934089779574,426.6671351993828,1.0,543.8889837731397,426.7489328234989,1.0,523.4415163652028,487.171698189652,1.0,536.2436410878042,492.0827287068563,1.0,524.9723096927704,554.0559242665908,1.0,522.3701034771314,560.2420713321569,1.0,542.0925658360065,564.0384918369415,1.0,538.3006847382235,562.8641479149205,1.0,529.238127011355,563.1747352209994,1.0,538.487771621522,571.1697854867223,1.0,537.8363084549666,574.8557645208086,1.0,515.6549309892275,571.1376431174378,1.0,1.0,2.966666666666667,533.5270789906309,309.637998833778,False,502.0306063259354,346.8589891902031,False,561.0343524959642,349.9732999085055,False,475.8179736919965,385.5423602290825,False,572.0065987830485,397.2908466656869,False,476.3145358789668,417.436480320415,False,582.3886167301193,434.9965344496468,False,515.7934089779574,426.6671351993828,False,543.8889837731397,426.7489328234989,False,523.4415163652028,487.171698189652,False,536.2436410878042,492.0827287068563,False,524.9723096927704,554.0559242665908,False,522.3701034771314,560.2420713321569,False,True,177.66076823818304,174.10682075081047,175.16924538914952
179,179,2.9833333333333334,2.9833333333333334,Sports2D_HALPE26_postprocessed,533.1813593498946,309.7652428020773,1.0,501.2556941288109,346.69060045352217,1.0,560.3814990795486,349.9628519328664,1.0,474.6388096530666,385.5790388735295,1.0,571.3985733051717,397.2172975029813,1.0,475.5399725805188,417.451785135381,1.0,582.2704055005842,435.2949250570534,1.0,514.7104249738646,426.5667915276032,1.0,543.2146365125253,426.8510733935372,1.0,522.2609986170511,487.0152902578966,1.0,535.5967005257629,491.9713382756452,1.0,521.7688856226113,554.3546804292089,1.0,522.3164651009677,560.9936955339753,1.0,538.8135681918322,565.7402176948289,1.0,535.7610834664181,563.7266860954453,1.0,519.5980632162315,564.07186768798,1.0,538.7014636941988,571.5359249580824,1.0,537.8946384135438,574.9692924449722,1.0,516.440221810965,571.5422406526621,1.0,1.0,2.9833333333333334,533.1813593498946,309.7652428020773,False,501.2556941288109,346.69060045352217,False,560.3814990795486,349.9628519328664,False,474.6388096530666,385.5790388735295,False,571.3985733051717,397.2172975029813,False,475.5399725805188,417.451785135381,False,582.2704055005842,435.2949250570534,False,514.7104249738646,426.5667915276032,False,543.2146365125253,426.8510733935372,False,522.2609986170511,487.0152902578966,False,535.5967005257629,491.9713382756452,False,521.7688856226113,554.3546804292089,False,522.3164651009677,560.9936955339753,False,True,177.18873960389638,172.4613987818711,175.7813868491437
180,180,3.0,3.0,Sports2D_HALPE26_postprocessed,532.2908247972479,309.7202686415059,1.0,499.890861201261,346.76267440104687,1.0,559.519133036692,350.01733236035943,1.0,473.538907490837,385.5690950989416,1.0,570.9650061193995,397.4342434928564,1.0,474.5675285660353,417.3608677158952,1.0,581.6286335009413,435.6566311677319,1.0,514.1084742555332,426.49138665490864,1.0,542.3092172712088,426.5371035099757,1.0,520.8229744899149,486.7693228211245,1.0,535.0627976215891,492.1313553677748,1.0,517.5762724155435,554.2896321826954,1.0,522.3184130325892,561.4815634239267,1.0,529.1735098409238,563.8263231804506,1.0,519.3764933566728,561.4767190509651,1.0,513.8333892258975,564.2946851389434,1.0,539.1631588104519,571.6604324628458,1.0,538.3439621532793,575.0901257696371,1.0,517.179454801282,571.9257470831285,1.0,1.0,3.0,532.2908247972479,309.7202686415059,False,499.890861201261,346.76267440104687,False,559.519133036692,350.01733236035943,False,473.538907490837,385.5690950989416,False,570.9650061193995,397.4342434928564,False,474.5675285660353,417.3608677158952,False,581.6286335009413,435.6566311677319,False,514.1084742555332,426.49138665490864,False,542.3092172712088,426.5371035099757,False,520.8229744899149,486.7693228211245,False,535.0627976215891,492.1313553677748,False,517.5762724155435,554.2896321826954,False,522.3184130325892,561.4815634239267,False,True,177.98238466097763,170.89095519196056,175.89111724688627
181,181,3.0166666666666666,3.0166666666666666,Sports2D_HALPE26_postprocessed,531.3259684449879,309.8618329229051,1.0,499.32657798407257,346.70587533761284,1.0,558.521763240558,349.944892325658,1.0,472.639900089458,385.5976525450376,1.0,570.0331854072881,397.4866259204232,1.0,474.3439329819704,417.71400993191526,1.0,581.0894122982183,435.6603906083644,1.0,513.1940312630512,427.1756254849683,1.0,541.3343371100154,427.2864444122936,1.0,519.4191842444735,487.0505450788851,1.0,534.1842716173593,492.39453423416114,1.0,515.5388507849575,554.5843056148866,1.0,522.3409350059441,561.8901823782567,1.0,525.0870645123289,564.138050004649,1.0,516.9536225609521,561.8262445803949,1.0,512.652732149358,565.2295057071838,1.0,539.6218333867982,571.7792699030722,1.0,538.6402912114048,575.2290988583868,1.0,517.3880115859997,572.1542908451909,1.0,1.0,3.0166666666666666,531.3259684449879,309.8618329229051,False,499.32657798407257,346.70587533761284,False,558.521763240558,349.944892325658,False,472.639900089458,385.5976525450376,False,570.0331854072881,397.4866259204232,False,474.3439329819704,417.71400993191526,False,581.0894122982183,435.6603906083644,False,513.1940312630512,427.1756254849683,False,541.3343371100154,427.2864444122936,False,519.4191842444735,487.0505450788851,False,534.1842716173593,492.39453423416114,False,515.5388507849575,554.5843056148866,False,522.3409350059441,561.8901823782567,False,True,177.4586866060028,170.77585740379348,176.5956746390185
182,182,3.033333333333333,3.033333333333333,Sports2D_HALPE26_postprocessed,530.4673718844128,309.9662622799478,1.0,498.5718675283777,346.8256139203433,1.0,557.6422871645507,349.8497565552964,1.0,471.8796293203135,385.5185554151932,1.0,569.5123568501128,397.308410161171,1.0,472.863122820278,417.8293148124693,1.0,580.6895454777182,435.3953636956641,1.0,512.3615668375091,427.4456044217041,1.0,540.5094458281277,427.7879055237578,1.0,518.5145657078356,486.9930499092901,1.0,533.7511469367101,492.387023601082,1.0,513.3157911524588,555.4021601714729,1.0,522.3775297383046,562.1656554072207,1.0,521.3624162745228,565.3138434818931,1.0,514.2080152574008,563.1006569942476,1.0,510.83134967716126,565.6823485840046,1.0,539.7931071401654,571.7197083163496,1.0,538.5909988937638,575.3064649673803,1.0,517.4291506982811,572.1841074011389,1.0,1.0,3.033333333333333,530.4673718844128,309.9662622799478,False,498.5718675283777,346.8256139203433,False,557.6422871645507,349.8497565552964,False,471.8796293203135,385.5185554151932,False,569.5123568501128,397.308410161171,False,472.863122820278,417.8293148124693,False,580.6895454777182,435.3953636956641,False,512.3615668375091,427.4456044217041,False,540.5094458281277,427.7879055237578,False,518.5145657078356,486.9930499092901,False,533.7511469367101,492.387023601082,False,513.3157911524588,555.4021601714729,False,522.3775297383046,562.1656554072207,False,True,177.68726757786183,169.754741047708,176.71494863329508
183,183,3.05,3.05,Sports2D_HALPE26_postprocessed,529.4400637496221,309.8568524648493,1.0,497.91753772393207,346.8856810864965,1.0,556.6053443011117,349.8849754982234,1.0,471.2282656790538,385.5268734791007,1.0,568.0863499902338,397.09586523717326,1.0,472.11593301055086,417.6680008887863,1.0,580.2416673369011,435.1221609514727,1.0,511.3331758503063,426.7617972257109,1.0,539.8816577118483,427.1166029899386,1.0,517.0333881375395,486.4361535122693,1.0,533.0996851339685,491.9761833232362,1.0,511.24192186760536,554.8063947134397,1.0,522.3823564642321,562.191940335138,1.0,517.4483286045103,567.6500201904543,1.0,510.7271985478759,563.8374699123045,1.0,507.49188785282814,565.1774650912427,1.0,539.6978089196009,571.7038872269895,1.0,538.5728129225473,575.2415413285532,1.0,517.6476483895021,572.171625453878,1.0,1.0,3.05,529.4400637496221,309.8568524648493,False,497.91753772393207,346.8856810864965,False,556.6053443011117,349.8849754982234,False,471.2282656790538,385.5268734791007,False,568.0863499902338,397.09586523717326,False,472.11593301055086,417.6680008887863,False,580.2416673369011,435.1221609514727,False,511.3331758503063,426.7617972257109,False,539.8816577118483,427.1166029899386,False,517.0333881375395,486.4361535122693,False,533.0996851339685,491.9761833232362,False,511.24192186760536,554.8063947134397,False,522.3823564642321,562.191940335138,False,True,175.94141689719717,169.70173080139122,177.29106143037845
184,184,3.0666666666666664,3.0666666666666664,Sports2D_HALPE26_postprocessed,528.722922988589,309.72399853164137,1.0,496.8765829938442,346.7526872716279,1.0,555.9091659848998,349.9491741281873,1.0,470.17689132408896,385.5304250687211,1.0,566.9743428142467,397.0070421863659,1.0,471.0247688558016,416.80135655383714,1.0,579.4229600212778,434.95148813332014,1.0,510.58627454842986,426.4791613788064,1.0,539.2141819847959,426.5527259879892,1.0,515.8877177365488,485.6312861907468,1.0,532.0960983561621,491.7976979660243,1.0,508.6960249139579,552.7578365280174,1.0,522.4405560083368,562.3489524930642,1.0,514.3424173211858,568.9413567522595,1.0,506.72587976630285,565.6325284571417,1.0,505.32972840249874,563.4003228991188,1.0,539.2638986279466,571.6005301186763,1.0,538.396404175095,575.1848033525466,1.0,517.9733355975584,572.3854861047311,1.0,1.0,3.0666666666666664,528.722922988589,309.72399853164137,False,496.8765829938442,346.7526872716279,False,555.9091659848998,349.9491741281873,False,470.17689132408896,385.5304250687211,False,566.9743428142467,397.0070421863659,False,471.0247688558016,416.80135655383714,False,579.4229600212778,434.95148813332014,False,510.58627454842986,426.4791613788064,False,539.2141819847959,426.5527259879892,False,515.8877177365488,485.6312861907468,False,532.0960983561621,491.7976979660243,False,508.6960249139579,552.7578365280174,False,522.4405560083368,562.3489524930642,False,True,175.06877996168976,168.7634785350387,178.4332169366722
185,185,3.083333333333333,3.083333333333333,Sports2D_HALPE26_postprocessed,527.7139621264871,309.8720714906084,1.0,496.3219164087415,346.6807199705612,1.0,554.8535788725144,349.94989703025266,1.0,469.6702925357039,385.5337469679063,1.0,566.2326267811409,397.42998113709234,1.0,470.1971784835882,416.5566968381343,1.0,578.0897245614892,435.09071880560674,1.0,509.24205764844254,426.64539569224337,1.0,538.1920144644904,426.67867810651296,1.0,514.8649552781402,485.5184945043029,1.0,531.5486313091374,492.0518027240916,1.0,506.2529070078043,551.590661937458,1.0,522.3865443846178,562.5148071692595,1.0,510.9817853582953,570.3605004630499,1.0,502.8752538828408,567.2104030317926,1.0,502.9399787121964,562.033250426596,1.0,538.8101550406411,571.4053380426342,1.0,538.3692810622599,575.1697911899397,1.0,517.9715541005785,572.5151966329187,1.0,1.0,3.083333333333333,527.7139621264871,309.8720714906084,False,496.3219164087415,346.6807199705612,False,554.8535788725144,349.94989703025266,False,469.6702925357039,385.5337469679063,False,566.2326267811409,397.42998113709234,False,470.1971784835882,416.5566968381343,False,578.0897245614892,435.09071880560674,False,509.24205764844254,426.64539569224337,False,538.1920144644904,426.67867810651296,False,514.8649552781402,485.5184945043029,False,531.5486313091374,492.0518027240916,False,506.2529070078043,551.590661937458,False,522.3865443846178,562.5148071692595,False,True,176.0012042542965,167.118058556228,178.39419420670603
186,186,3.1,3.1,Sports2D_HALPE26_postprocessed,526.6557272984676,310.10920442856286,1.0,495.637846469445,347.0267058921435,1.0,553.7725439442027,350.1673603877879,1.0,468.9626462992612,385.54125230242255,1.0,564.7902717029109,398.00212476748845,1.0,469.8814674859775,416.5843508597621,1.0,576.8394018260873,435.7667428733852,1.0,508.5373609653055,427.52156195149024,1.0,537.1357251435917,427.7393407581318,1.0,513.7552319870714,485.9737142432596,1.0,531.3120892727934,492.51843801169366,1.0,503.713756516217,550.339648780588,1.0,522.3115273179944,562.7078571294566,1.0,508.2231684714063,570.7476082125416,1.0,499.5527943578928,567.2201221310675,1.0,500.8332786924946,560.7953580539634,1.0,538.6441317477328,571.4704310079862,1.0,538.4458522095041,575.1634184966283,1.0,517.63832880514,572.6497897150182,1.0,1.0,3.1,526.6557272984676,310.10920442856286,False,495.637846469445,347.0267058921435,False,553.7725439442027,350.1673603877879,False,468.9626462992612,385.54125230242255,False,564.7902717029109,398.00212476748845,False,469.8814674859775,416.5843508597621,False,576.8394018260873,435.7667428733852,False,508.5373609653055,427.52156195149024,False,537.1357251435917,427.7393407581318,False,513.7552319870714,485.9737142432596,False,531.3120892727934,492.51843801169366,False,503.713756516217,550.339648780588,False,522.3115273179944,562.7078571294566,False,True,175.27492431754476,166.03186171995713,177.82977634160702
187,187,3.1166666666666667,3.1166666666666667,Sports2D_HALPE26_postprocessed,526.067547707282,310.1318059778221,1.0,494.7902786230999,347.33481595245337,1.0,552.7401626384337,350.4662639646449,1.0,468.1219966403356,385.5270563162728,1.0,563.727961815079,398.3036391690781,1.0,469.4883311172159,416.5254115544731,1.0,575.2961046740196,436.3201347914408,1.0,508.059392232792,427.78650682584265,1.0,536.5387538980177,427.9677969103528,1.0,512.8343316057393,485.88644761182354,1.0,530.889658775657,492.76356318789817,1.0,501.8021968096075,547.8850911878203,1.0,522.3007797833995,562.6446418318831,1.0,504.0565455086959,571.4789454507584,1.0,494.0369220750695,567.5272006442858,1.0,498.95368850585606,558.3388788753384,1.0,538.6771917847705,571.3996207167256,1.0,538.6347967735182,575.1257109874499,1.0,517.4072875053241,572.5607842485665,1.0,1.0,3.1166666666666667,526.067547707282,310.1318059778221,False,494.7902786230999,347.33481595245337,False,552.7401626384337,350.4662639646449,False,468.1219966403356,385.5270563162728,False,563.727961815079,398.3036391690781,False,469.4883311172159,416.5254115544731,False,575.2961046740196,436.3201347914408,False,508.059392232792,427.78650682584265,False,536.5387538980177,427.9677969103528,False,512.8343316057393,485.88644761182354,False,530.889658775657,492.76356318789817,False,501.8021968096075,547.8850911878203,False,522.3007797833995,562.6446418318831,False,True,176.01130766300432,165.2120157977382,177.97570926133704
188,188,3.1333333333333333,3.1333333333333333,Sports2D_HALPE26_postprocessed,525.0473424877999,310.45053693427406,1.0,494.0922558263837,347.6803240755507,1.0,551.5822896018019,350.597736711503,1.0,467.040756845233,385.60995025095895,1.0,562.9390691525788,398.5330151736166,1.0,468.8976923600957,416.8096402249585,1.0,574.006799958422,436.6164141199541,1.0,507.3919536663535,428.7782005726315,1.0,535.4576496841768,428.73321740725214,1.0,512.0949271487189,486.34311184699055,1.0,530.6549838184621,493.19416722578313,1.0,499.6880836758211,545.7095253306967,1.0,522.2864869414846,562.5558806461893,1.0,501.3611332459569,571.9687409389657,1.0,491.2658424357092,568.0891852242613,1.0,496.9102419769055,556.1553219874048,1.0,538.9588943830937,571.3946415960032,1.0,538.8531442259427,575.1005314379693,1.0,516.9928224205826,572.6511158781668,1.0,1.0,3.1333333333333333,525.0473424877999,310.45053693427406,False,494.0922558263837,347.6803240755507,False,551.5822896018019,350.597736711503,False,467.040756845233,385.60995025095895,False,562.9390691525788,398.5330151736166,False,468.8976923600957,416.8096402249585,False,574.006799958422,436.6164141199541,False,507.3919536663535,428.7782005726315,False,535.4576496841768,428.73321740725214,False,512.0949271487189,486.34311184699055,False,530.6549838184621,493.19416722578313,False,499.6880836758211,545.7095253306967,False,522.2864869414846,562.5558806461893,False,True,177.1238755943381,163.52517650304026,177.38146281868816
189,189,3.15,3.15,Sports2D_HALPE26_postprocessed,524.7845430428935,310.9910877316714,1.0,493.413003888124,347.8851751420391,1.0,550.5368627871808,350.885543292292,1.0,466.34288838633705,385.6331236262025,1.0,561.4669567248701,398.6969643333066,1.0,468.5547121971003,416.9555567380357,1.0,572.4566671659736,437.0323405654497,1.0,506.69485699830926,429.283204224369,1.0,534.7770689943166,429.3905866518724,1.0,510.9887290194581,486.816101039476,1.0,530.4599616499128,493.7254788718851,1.0,497.6489434581131,543.3831736102878,1.0,522.3391121534307,562.1191291262868,1.0,499.1940826328166,572.0863326527201,1.0,489.1822441926407,568.5446551957846,1.0,495.6467413301456,553.3639803157332,1.0,538.9636239528251,571.3755074665694,1.0,538.871377602079,574.9986667669447,1.0,516.8469803720516,572.5248642458944,1.0,1.0,3.15,524.7845430428935,310.9910877316714,False,493.413003888124,347.8851751420391,False,550.5368627871808,350.885543292292,False,466.34288838633705,385.6331236262025,False,561.4669567248701,398.6969643333066,False,468.5547121971003,416.9555567380357,False,572.4566671659736,437.0323405654497,False,506.69485699830926,429.283204224369,False,534.7770689943166,429.3905866518724,False,510.9887290194581,486.816101039476,False,530.4599616499128,493.7254788718851,False,497.6489434581131,543.3831736102878,False,522.3391121534307,562.1191291262868,False,True,176.88085820740963,162.4625383563901,177.06758233543698
190,190,3.1666666666666665,3.1666666666666665,Sports2D_HALPE26_postprocessed,524.420005796618,311.04002852940266,1.0,492.62939168566095,347.9818655820589,1.0,550.0715119686486,351.2136127071982,1.0,465.91695509511874,385.6783668307513,1.0,560.1757128870935,398.47391915868303,1.0,467.88171091576777,416.7034042235628,1.0,570.677200216703,437.34883294329,1.0,505.5076614194625,428.9385736956211,1.0,533.9798249572661,428.8767206330384,1.0,509.7558734105949,486.5089593994563,1.0,530.0917520664136,493.9239777300701,1.0,496.2978667749517,542.1903697436696,1.0,522.3293535423983,562.0055098118951,1.0,497.6784236214665,571.9445065607069,1.0,488.3143664163764,568.5339718937777,1.0,493.524531938284,552.0318984214102,1.0,538.8140377192615,571.2727330918595,1.0,538.755873412594,574.9328243383949,1.0,516.8713366843429,572.493523588517,1.0,1.0,3.1666666666666665,524.420005796618,311.04002852940266,False,492.62939168566095,347.9818655820589,False,550.0715119686486,351.2136127071982,False,465.91695509511874,385.6783668307513,False,560.1757128870935,398.47391915868303,False,467.88171091576777,416.7034042235628,False,570.677200216703,437.34883294329,False,505.5076614194625,428.9385736956211,False,533.9798249572661,428.8767206330384,False,509.7558734105949,486.5089593994563,False,530.0917520664136,493.9239777300701,False,496.2978667749517,542.1903697436696,False,522.3293535423983,562.0055098118951,False,True,176.9512844397834,162.19208997037381,176.916114366235
191,191,3.183333333333333,3.183333333333333,Sports2D_HALPE26_postprocessed,523.6565519302237,311.1826604794403,1.0,491.8327703176506,348.0799014703823,1.0,548.8675925334176,351.3789871614716,1.0,464.77903564264807,385.9319232683941,1.0,559.2387792605218,398.4027410164866,1.0,467.48738846676326,416.5824020615325,1.0,568.8302812869276,437.4366180869988,1.0,504.69984137549625,428.7013494962381,1.0,533.1606357894457,428.694003801463,1.0,508.8816917808334,486.43930831425394,1.0,529.3990357308695,494.17359419608334,1.0,494.6427570614662,540.3123720596408,1.0,522.4301921770095,562.013488837421,1.0,496.6520887618831,571.6224773795138,1.0,488.0366676573176,568.4922150899409,1.0,492.1626410330955,549.8323262858464,1.0,538.7505792167228,571.3827034339445,1.0,538.6523351254176,575.0002982954082,1.0,516.8956514292461,572.5837906161953,1.0,1.0,3.183333333333333,523.6565519302237,311.1826604794403,False,491.8327703176506,348.0799014703823,False,548.8675925334176,351.3789871614716,False,464.77903564264807,385.9319232683941,False,559.2387792605218,398.4027410164866,False,467.48738846676326,416.5824020615325,False,568.8302812869276,437.4366180869988,False,504.69984137549625,428.7013494962381,False,533.1606357894457,428.694003801463,False,508.8816917808334,486.43930831425394,False,529.3990357308695,494.17359419608334,False,494.6427570614662,540.3123720596408,False,522.4301921770095,562.013488837421,False,True,178.63224009608888,161.0523819482339,177.42272362842536
192,192,3.2,3.2,Sports2D_HALPE26_postprocessed,522.9922859882287,310.94143178425446,1.0,491.0760966095231,348.1448274582981,1.0,548.1361938089053,351.4329184472002,1.0,463.98644197762735,386.3501098479772,1.0,557.7058985216195,398.2041879597351,1.0,466.9784744581023,416.41573598336447,1.0,566.7870405659481,437.5270468749633,1.0,504.3625431023426,428.2538384204892,1.0,532.473206189159,428.6571066176042,1.0,507.74423028255904,486.6349682645845,1.0,529.173738421716,494.05328781737535,1.0,493.7856365453958,538.0913372271159,1.0,522.633306204925,561.828755197969,1.0,496.66806691589454,571.1733402944215,1.0,488.5316551780689,568.4475845859947,1.0,490.4919530389352,547.5905827985114,1.0,538.5068334044041,571.4022759958347,1.0,538.4170109094182,575.0202170428862,1.0,516.8293964080606,572.4783268641011,1.0,1.0,3.2,522.9922859882287,310.94143178425446,False,491.0760966095231,348.1448274582981,False,548.1361938089053,351.4329184472002,False,463.98644197762735,386.3501098479772,False,557.7058985216195,398.2041879597351,False,466.9784744581023,416.41573598336447,False,566.7870405659481,437.5270468749633,False,504.3625431023426,428.2538384204892,False,532.473206189159,428.6571066176042,False,507.74423028255904,486.6349682645845,False,529.173738421716,494.05328781737535,False,493.7856365453958,538.0913372271159,False,522.633306204925,561.828755197969,False,True,178.55968989881563,161.5074850228027,177.37626601350274
193,193,3.216666666666667,3.216666666666667,Sports2D_HALPE26_postprocessed,522.5083958168053,310.8957414592868,1.0,490.1388342485798,348.1839242981809,1.0,546.7949357380392,351.3811083812734,1.0,463.4206099106798,386.5056202840556,1.0,555.8529017583334,398.06236782790506,1.0,465.938347302192,416.5649579416327,1.0,564.4708055975797,437.2927336490457,1.0,503.442306579271,428.5865223633489,1.0,531.5967842131661,428.8079773256398,1.0,506.7821420819076,487.1245537086229,1.0,529.1142016324375,494.35546574174987,1.0,492.3128099461228,536.9305897447438,1.0,522.5651275252799,561.8974383495224,1.0,496.54993451935775,570.5146204696264,1.0,488.7212988983927,568.327315748684,1.0,488.9761941832211,546.4084230264334,1.0,537.8859020189808,571.4806447492612,1.0,538.3965730555466,574.9898731794043,1.0,516.8250135750641,572.5665549589536,1.0,1.0,3.216666666666667,522.5083958168053,310.8957414592868,False,490.1388342485798,348.1839242981809,False,546.7949357380392,351.3811083812734,False,463.4206099106798,386.5056202840556,False,555.8529017583334,398.06236782790506,False,465.938347302192,416.5649579416327,False,564.4708055975797,437.2927336490457,False,503.442306579271,428.5865223633489,False,531.5967842131661,428.8079773256398,False,506.7821420819076,487.1245537086229,False,529.1142016324375,494.35546574174987,False,492.3128099461228,536.9305897447438,False,522.5651275252799,561.8974383495224,False,True,178.59151432726932,160.53527922393062,176.6307570310876
194,194,3.2333333333333334,3.2333333333333334,Sports2D_HALPE26_postprocessed,522.0500711975267,311.00058448136315,1.0,489.2552253651384,348.61752832989947,1.0,545.4820994024786,351.6106342994687,1.0,462.554637017142,386.8903596699071,1.0,554.0586721159627,398.3115736538649,1.0,465.0605382333096,417.53434867909937,1.0,562.5933081950174,437.0166507974275,1.0,502.1352400560863,429.1161622526103,1.0,531.1188839482445,429.2332711550844,1.0,505.8775786911356,487.87344853348526,1.0,528.8037802026178,494.5432539017006,1.0,490.55524762384215,536.9266200863256,1.0,522.5672324207999,562.0902973806872,1.0,496.82658494942746,570.3587947818446,1.0,488.7752274868992,568.4171827325133,1.0,487.1975295254167,545.9824340715136,1.0,537.5733629064957,571.5587709784172,1.0,538.5000376880129,574.98775695517,1.0,516.8609728185486,572.6760278088968,1.0,1.0,3.2333333333333334,522.0500711975267,311.00058448136315,False,489.2552253651384,348.61752832989947,False,545.4820994024786,351.6106342994687,False,462.554637017142,386.8903596699071,False,554.0586721159627,398.3115736538649,False,465.0605382333096,417.53434867909937,False,562.5933081950174,437.0166507974275,False,502.1352400560863,429.1161622526103,False,531.1188839482445,429.2332711550844,False,505.8775786911356,487.87344853348526,False,528.8037802026178,494.5432539017006,False,490.55524762384215,536.9266200863256,False,522.5672324207999,562.0902973806872,False,True,177.97136931328643,159.00886517133597,176.75506297624995
195,195,3.25,3.25,Sports2D_HALPE26_postprocessed,521.1044192518507,311.1006217292143,1.0,488.67437515258666,348.92216607842806,1.0,544.4971245719263,351.89835144141995,1.0,461.9556124028893,387.3776933575217,1.0,552.6022157184057,398.7922347223759,1.0,464.815919154438,418.0856432415821,1.0,560.2636286826136,437.291693051424,1.0,501.1587109384081,428.9246900427988,1.0,530.1768860511329,429.0287462139551,1.0,504.9109501531003,488.0190290700392,1.0,528.7062669211973,494.7840993473916,1.0,489.5782449926399,536.7099704417603,1.0,522.5677391381653,562.2165961754749,1.0,496.8394885777564,570.2218745004482,1.0,488.8296774043563,568.6543265369295,1.0,486.1273690518109,545.3219537058716,1.0,536.9828731843393,571.5316957408046,1.0,538.4411371307797,574.9241241252477,1.0,516.8704407588358,572.7774075384374,1.0,1.0,3.25,521.1044192518507,311.1006217292143,False,488.67437515258666,348.92216607842806,False,544.4971245719263,351.89835144141995,False,461.9556124028893,387.3776933575217,False,552.6022157184057,398.7922347223759,False,464.815919154438,418.0856432415821,False,560.2636286826136,437.291693051424,False,501.1587109384081,428.9246900427988,False,530.1768860511329,429.0287462139551,False,504.9109501531003,488.0190290700392,False,528.7062669211973,494.7840993473916,False,489.5782449926399,536.7099704417603,False,522.5677391381653,562.2165961754749,False,True,178.55120420204938,158.88770162775768,176.07978308390952
196,196,3.2666666666666666,3.2666666666666666,Sports2D_HALPE26_postprocessed,519.6883591240316,311.1284788491768,1.0,487.5375748233853,349.1902485512755,1.0,543.5020048258161,352.359421459151,1.0,460.7460929918815,388.1016211549506,1.0,551.1910252632211,399.1367019205088,1.0,464.27620854023314,417.72166191165616,1.0,558.4015383909237,438.4884840784689,1.0,500.4304619203267,428.6389348891509,1.0,528.7525122444717,428.75764300823926,1.0,503.8253284958484,488.2683687086952,1.0,528.2652446856034,495.1745324785184,1.0,488.85607027267406,537.1290674495815,1.0,522.571006266849,562.1590887992655,1.0,496.8517402298532,570.4154502544153,1.0,488.3227078451282,569.3172159973714,1.0,484.9061594115108,545.7488727672538,1.0,536.3795270083418,571.5526989975241,1.0,538.4873563907138,574.9313609886227,1.0,516.8630146285815,572.7420494931353,1.0,1.0,3.2666666666666666,519.6883591240316,311.1284788491768,False,487.5375748233853,349.1902485512755,False,543.5020048258161,352.359421459151,False,460.7460929918815,388.1016211549506,False,551.1910252632211,399.1367019205088,False,464.27620854023314,417.72166191165616,False,558.4015383909237,438.4884840784689,False,500.4304619203267,428.6389348891509,False,528.7525122444717,428.75764300823926,False,503.8253284958484,488.2683687086952,False,528.2652446856034,495.1745324785184,False,488.85607027267406,537.1290674495815,False,522.571006266849,562.1590887992655,False,True,178.95127580368865,159.7082272792213,175.5614120355346
197,197,3.283333333333333,3.283333333333333,Sports2D_HALPE26_postprocessed,518.9421011508891,311.33979126940125,1.0,486.56064862028256,349.55156636085616,1.0,541.917031094712,352.7649940797657,1.0,460.120640324031,388.2765655775475,1.0,549.5108219981952,399.55222768154,1.0,463.5571368256528,418.0259223675451,1.0,556.6412107963794,439.53499935063127,1.0,499.3866715376492,428.2699849311196,1.0,527.5848565304532,428.3666562700983,1.0,503.1384273304503,489.0181707847165,1.0,528.006193995774,495.94210838854747,1.0,488.2955553807506,538.7386316117065,1.0,522.6734260337487,562.2762436446651,1.0,496.65035989070384,571.7222351862384,1.0,487.8549023269428,570.9579326471251,1.0,483.9365224287502,547.403554938217,1.0,536.2248237353667,571.6012714825506,1.0,538.5126703587204,574.9765207092024,1.0,517.0131967041548,573.0138946629779,1.0,1.0,3.283333333333333,518.9421011508891,311.33979126940125,False,486.56064862028256,349.55156636085616,False,541.917031094712,352.7649940797657,False,460.120640324031,388.2765655775475,False,549.5108219981952,399.55222768154,False,463.5571368256528,418.0259223675451,False,556.6412107963794,439.53499935063127,False,499.3866715376492,428.2699849311196,False,527.5848565304532,428.3666562700983,False,503.1384273304503,489.0181707847165,False,528.006193995774,495.94210838854747,False,488.2955553807506,538.7386316117065,False,522.6734260337487,562.2762436446651,False,True,179.10735910098253,159.8441954382965,175.04649461455028
198,198,3.3,3.3,Sports2D_HALPE26_postprocessed,517.9650334720981,311.8374926211362,1.0,485.9759932124721,349.7787619877423,1.0,540.8170897539864,353.0563620193189,1.0,458.4399661469213,388.5956631780041,1.0,547.9608668561917,400.0485967703113,1.0,463.0240578906229,418.8696903523039,1.0,554.6891636076375,440.9229383123097,1.0,497.9492942425444,427.5092074621856,1.0,526.5317484047109,427.872515588214,1.0,501.7278444789594,489.477285901359,1.0,527.5108982070053,496.3411222939149,1.0,487.6762211413552,540.5679024161553,1.0,522.7094560713424,562.4621471528488,1.0,496.1483708986668,573.190540369594,1.0,487.1645656602508,572.713558943655,1.0,483.289004475564,550.0118535815556,1.0,536.2023175256421,571.4636959078321,1.0,538.5340522218079,574.9599115325657,1.0,517.1960917842241,573.0029182266235,1.0,1.0,3.3,517.9650334720981,311.8374926211362,False,485.9759932124721,349.7787619877423,False,540.8170897539864,353.0563620193189,False,458.4399661469213,388.5956631780041,False,547.9608668561917,400.0485967703113,False,463.0240578906229,418.8696903523039,False,554.6891636076375,440.9229383123097,False,497.9492942425444,427.5092074621856,False,526.5317484047109,427.872515588214,False,501.7278444789594,489.477285901359,False,527.5108982070053,496.3411222939149,False,487.6762211413552,540.5679024161553,False,522.7094560713424,562.4621471528488,False,True,179.2963519961327,161.1326393018412,175.0273869996001
199,199,3.3166666666666664,3.3166666666666664,Sports2D_HALPE26_postprocessed,517.0382053159138,312.7356041168797,1.0,485.0839675761021,350.09442930140057,1.0,539.410965909171,353.3907457267795,1.0,457.8562203823459,388.6269563484928,1.0,546.0937734059389,400.92244119443706,1.0,462.3629040878885,418.3316371288877,1.0,553.1471088437906,441.55434513030895,1.0,496.5282659781132,427.9426352339671,1.0,525.1769341769617,428.5585663832196,1.0,500.3418712947637,490.44046814373365,1.0,526.9661559159645,496.5913170819905,1.0,486.7301196012333,542.0257198279883,1.0,522.7528222464161,562.8482966369105,1.0,496.3037213701452,574.6291876292674,1.0,486.335624517195,573.8925660825942,1.0,482.5648790855928,551.9349482512389,1.0,536.305083670715,571.0076895761694,1.0,538.6258500797377,574.9425691148601,1.0,517.3205031618526,573.2564222486767,1.0,1.0,3.3166666666666664,517.0382053159138,312.7356041168797,False,485.0839675761021,350.09442930140057,False,539.410965909171,353.3907457267795,False,457.8562203823459,388.6269563484928,False,546.0937734059389,400.92244119443706,False,462.3629040878885,418.3316371288877,False,553.1471088437906,441.55434513030895,False,496.5282659781132,427.9426352339671,False,525.1769341769617,428.5585663832196,False,500.3418712947637,490.44046814373365,False,526.9661559159645,496.5913170819905,False,486.7301196012333,542.0257198279883,False,522.7528222464161,562.8482966369105,False,True,178.1552487417998,161.72648881206376,174.85491701465352
200,200,3.333333333333333,3.333333333333333,Sports2D_HALPE26_postprocessed,516.3152276980866,312.9433365723229,1.0,484.0061714039968,350.6003003063681,1.0,538.1555711788798,353.8412861327794,1.0,456.849778780569,388.7845782479632,1.0,544.7610226131077,401.6046546910996,1.0,462.55026025903067,418.1754397872424,1.0,550.9795424643628,441.9900071785305,1.0,494.9658737508805,428.5919278690816,1.0,524.3656068476158,430.01036895081154,1.0,499.2165160095405,491.27476834190986,1.0,525.8846953332118,496.92545482998014,1.0,485.8463694398925,547.1378709865564,1.0,522.8604596248924,563.2735096768866,1.0,496.8931084763977,575.1388238943479,1.0,485.3779378959089,574.2366272953236,1.0,481.8365069526128,555.6827919521365,1.0,536.170465306936,570.8712960620609,1.0,538.6151194947993,574.9239713047875,1.0,517.5033567051826,573.3233987548076,1.0,1.0,3.333333333333333,516.3152276980866,312.9433365723229,False,484.0061714039968,350.6003003063681,False,538.1555711788798,353.8412861327794,False,456.849778780569,388.7845782479632,False,544.7610226131077,401.6046546910996,False,462.55026025903067,418.1754397872424,False,550.9795424643628,441.9900071785305,False,494.9658737508805,428.5919278690816,False,524.3656068476158,430.01036895081154,False,499.2165160095405,491.27476834190986,False,525.8846953332118,496.92545482998014,False,485.8463694398925,547.1378709865564,False,522.8604596248924,563.2735096768866,False,True,179.12016548746365,162.66075602428646,176.08969573370558
201,201,3.35,3.35,Sports2D_HALPE26_postprocessed,515.6017135156741,313.2481205289164,1.0,482.780318531024,351.01003329745333,1.0,536.9587083984703,353.9682234840787,1.0,455.51651172919856,389.1521059368296,1.0,543.1539616645089,401.9976215642605,1.0,462.2955363006224,418.5075661648592,1.0,549.2985841626016,442.46948407763705,1.0,493.6773391018537,429.95740780690153,1.0,523.1582015301249,431.1219932560918,1.0,498.34220889915264,491.9948319887852,1.0,525.0977320879007,497.15036327719497,1.0,485.60380795788967,549.9935419636662,1.0,523.0034442116156,563.369056725965,1.0,497.0406207236077,575.2497291381685,1.0,484.6552673479561,574.2349987677535,1.0,481.94298722318416,558.9797459434648,1.0,536.4887404868637,571.1033735918511,1.0,538.577314111152,574.9570813009458,1.0,517.5620332117875,573.1323782710322,1.0,1.0,3.35,515.6017135156741,313.2481205289164,False,482.780318531024,351.01003329745333,False,536.9587083984703,353.9682234840787,False,455.51651172919856,389.1521059368296,False,543.1539616645089,401.9976215642605,False,462.2955363006224,418.5075661648592,False,549.2985841626016,442.46948407763705,False,493.6773391018537,429.95740780690153,False,523.1582015301249,431.1219932560918,False,498.34220889915264,491.9948319887852,False,525.0977320879007,497.15036327719497,False,485.60380795788967,549.9935419636662,False,523.0034442116156,563.369056725965,False,True,178.71695175859253,163.31243599721245,176.50598560999688
202,202,3.3666666666666667,3.3666666666666667,Sports2D_HALPE26_postprocessed,515.2125236031651,313.71785272568434,1.0,482.1681054771287,351.0332747439935,1.0,535.6716914088211,353.97718767535343,1.0,454.2912311911919,389.32452770738087,1.0,541.7702086158762,402.0980449162441,1.0,462.3717801905334,418.1880118422807,1.0,547.4952136352761,442.4679794002504,1.0,492.579725675135,432.2293469860389,1.0,521.5313881404852,433.4599379562504,1.0,496.91572249787936,492.2463623897538,1.0,524.3352400912459,497.0421948419636,1.0,485.6186174394256,551.8065009370778,1.0,523.2248563486537,563.1321292926476,1.0,497.1222317803256,576.8748498328202,1.0,487.5450152043396,575.9114138966403,1.0,482.1022369889215,561.659002193413,1.0,536.950517197492,571.5883594395776,1.0,538.6580616840797,575.1183153095701,1.0,517.910631324475,573.0551510071476,1.0,1.0,3.3666666666666667,515.2125236031651,313.71785272568434,False,482.1681054771287,351.0332747439935,False,535.6716914088211,353.97718767535343,False,454.2912311911919,389.32452770738087,False,541.7702086158762,402.0980449162441,False,462.3717801905334,418.1880118422807,False,547.4952136352761,442.4679794002504,False,492.579725675135,432.2293469860389,False,521.5313881404852,433.4599379562504,False,496.91572249787936,492.2463623897538,False,524.3352400912459,497.0421948419636,False,485.6186174394256,551.8065009370778,False,523.2248563486537,563.1321292926476,False,True,179.15128283850575,165.12775440836995,176.51246348337568
203,203,3.3833333333333333,3.3833333333333333,Sports2D_HALPE26_postprocessed,513.6786030273477,314.20673409444555,1.0,481.1138067715378,350.93245959716785,1.0,534.4956517461254,354.1495132529865,1.0,453.5943694178639,389.3026244719729,1.0,540.1698214514535,402.0098120470771,1.0,462.71213157132377,418.10267106012736,1.0,546.1996912712375,442.6539475537674,1.0,491.0603787389412,432.59336972691005,1.0,520.3080916860337,433.79427544810926,1.0,496.13243162212746,492.76763634695135,1.0,523.5968924796963,497.2981411900573,1.0,485.7741589102191,554.2098965779821,1.0,523.5286782756108,562.8764434870477,1.0,497.4926942367655,576.6643266258163,1.0,489.348414761185,575.7010007216819,1.0,482.3021145226273,564.4995507059285,1.0,537.3513986300782,572.0928718639855,1.0,538.9822489284189,575.1976009940747,1.0,518.0393885192473,572.9837132140992,1.0,1.0,3.3833333333333333,513.6786030273477,314.20673409444555,False,481.1138067715378,350.93245959716785,False,534.4956517461254,354.1495132529865,False,453.5943694178639,389.3026244719729,False,540.1698214514535,402.0098120470771,False,462.71213157132377,418.10267106012736,False,546.1996912712375,442.6539475537674,False,491.0603787389412,432.59336972691005,False,520.3080916860337,433.79427544810926,False,496.13243162212746,492.76763634695135,False,523.5968924796963,497.2981411900573,False,485.7741589102191,554.2098965779821,False,523.5286782756108,562.8764434870477,False,True,178.32253462983653,165.61270461056077,176.97575954359127
204,204,3.4,3.4,Sports2D_HALPE26_postprocessed,511.9122843061816,313.93688432446334,1.0,480.15773296232015,350.9705252144217,1.0,533.5340440532606,354.2628090799826,1.0,452.72276848686914,389.68852481470617,1.0,539.1386689516029,402.12172998294585,1.0,463.50311057547214,417.9354020262926,1.0,544.3994057361239,443.1353020372742,1.0,490.06975242580944,432.193063035388,1.0,518.9024520483057,433.7033804641935,1.0,494.7980140370227,493.2922156273422,1.0,522.6561775305685,497.3847693985774,1.0,485.7324895919002,556.6307010066383,1.0,524.0418993831171,563.0371693579068,1.0,497.8941680296726,576.0550345239658,1.0,491.4255936268573,575.0802596371065,1.0,482.5436269482785,566.6522261349263,1.0,538.149183945156,571.9100544851935,1.0,539.455937031761,575.1179415808796,1.0,518.6652341271918,572.7969526467607,1.0,1.0,3.4,511.9122843061816,313.93688432446334,False,480.15773296232015,350.9705252144217,False,533.5340440532606,354.2628090799826,False,452.72276848686914,389.68852481470617,False,539.1386689516029,402.12172998294585,False,463.50311057547214,417.9354020262926,False,544.3994057361239,443.1353020372742,False,490.06975242580944,432.193063035388,False,518.9024520483057,433.7033804641935,False,494.7980140370227,493.2922156273422,False,522.6561775305685,497.3847693985774,False,485.7324895919002,556.6307010066383,False,524.0418993831171,563.0371693579068,False,True,179.3700119078402,167.42956584097777,177.83573986232747
205,205,3.4166666666666665,3.4166666666666665,Sports2D_HALPE26_postprocessed,511.0067198717402,314.2448607438502,1.0,478.9871212353813,350.82873168865194,1.0,532.3466783012932,354.1700552657476,1.0,452.0710645873737,389.9215028658256,1.0,537.4919955097158,402.3192599691064,1.0,464.1684998980364,417.8725518858105,1.0,543.0177542890309,443.3416855574725,1.0,488.8405674909011,432.7296624455755,1.0,517.2186578960217,434.3566821721679,1.0,493.6100835798513,494.2534612784308,1.0,521.4663279282481,498.1762639109627,1.0,485.5045277313279,557.7504139718857,1.0,524.9756651110954,562.8145056619019,1.0,498.1981594636942,575.7102192802923,1.0,492.0345730629472,574.7115370040787,1.0,482.62349304148233,568.4212960285267,1.0,538.5161298942443,571.9203295829747,1.0,539.8008608583614,574.9722295046238,1.0,519.0243205265102,572.4369951399983,1.0,1.0,3.4166666666666665,511.0067198717402,314.2448607438502,False,478.9871212353813,350.82873168865194,False,532.3466783012932,354.1700552657476,False,452.0710645873737,389.9215028658256,False,537.4919955097158,402.3192599691064,False,464.1684998980364,417.8725518858105,False,543.0177542890309,443.3416855574725,False,488.8405674909011,432.7296624455755,False,517.2186578960217,434.3566821721679,False,493.6100835798513,494.2534612784308,False,521.4663279282481,498.1762639109627,False,485.5045277313279,557.7504139718857,False,524.9756651110954,562.8145056619019,False,True,178.42797192071296,168.2925032404037,179.2998034007301
206,206,3.433333333333333,3.433333333333333,Sports2D_HALPE26_postprocessed,509.8180320810596,313.669704965374,1.0,477.7677738788447,350.4236011159962,1.0,531.8801294059093,354.0035243752204,1.0,451.59358177078286,389.8687414791382,1.0,536.5919217499279,402.5812781997743,1.0,464.6984006977312,417.1767737201898,1.0,541.3681984251572,443.6198062891202,1.0,487.14390826499465,431.8746277216367,1.0,515.8920628252339,433.89554745514863,1.0,492.7685430377532,494.3569764685672,1.0,520.6477125468645,497.9601712486503,1.0,485.2808420267891,559.16773759206,1.0,525.7240027950374,562.5566523808868,1.0,498.2711128377282,574.6619592618066,1.0,492.5148211543893,573.5955057757639,1.0,482.4430511436743,569.4963896877647,1.0,539.4178783825415,571.3332188492249,1.0,540.4260034029236,574.3621740537113,1.0,519.6325122685298,571.9097257411557,1.0,1.0,3.433333333333333,509.8180320810596,313.669704965374,False,477.7677738788447,350.4236011159962,False,531.8801294059093,354.0035243752204,False,451.59358177078286,389.8687414791382,False,536.5919217499279,402.5812781997743,False,464.6984006977312,417.1767737201898,False,541.3681984251572,443.6198062891202,False,487.14390826499465,431.8746277216367,False,515.8920628252339,433.89554745514863,False,492.7685430377532,494.3569764685672,False,520.6477125468645,497.9601712486503,False,485.2808420267891,559.16773759206,False,525.7240027950374,562.5566523808868,False,True,178.90155235631727,168.2658583636046,179.7520649271098
207,207,3.45,3.45,Sports2D_HALPE26_postprocessed,509.0237894547336,313.5657753631336,1.0,477.2663426683756,350.1248794919062,1.0,530.4214852162544,353.7267128228089,1.0,450.77939044165527,389.7266302411918,1.0,535.0746406232182,402.72786654892366,1.0,465.312984713805,416.35673243213,1.0,540.1565030298596,443.45013675102297,1.0,485.7905974354638,432.1961445079842,1.0,514.2129985825134,434.5030061499041,1.0,491.9233789877333,494.4586491915231,1.0,519.9624881373859,497.5199455742694,1.0,485.2713002987499,560.1235159584759,1.0,526.4679663467542,562.025061134598,1.0,498.0408609479051,573.6393111908242,1.0,492.3371216052504,572.5662359764121,1.0,482.4340720498531,570.5017111820453,1.0,540.5042413542818,570.4995640827514,1.0,541.4793548041828,573.695566628927,1.0,520.6593552047077,571.3699086166122,1.0,1.0,3.45,509.0237894547336,313.5657753631336,False,477.2663426683756,350.1248794919062,False,530.4214852162544,353.7267128228089,False,450.77939044165527,389.7266302411918,False,535.0746406232182,402.72786654892366,False,465.312984713805,416.35673243213,False,540.1565030298596,443.45013675102297,False,485.7905974354638,432.1961445079842,False,514.2129985825134,434.5030061499041,False,491.9233789877333,494.4586491915231,False,519.9624881373859,497.5199455742694,False,485.2713002987499,560.1235159584759,False,526.4679663467542,562.025061134598,False,True,178.31119836644734,168.5900533827872,179.45414491414527
208,208,3.466666666666667,3.466666666666667,Sports2D_HALPE26_postprocessed,508.3466464910332,313.86171330777773,1.0,476.1903404137242,349.9005147957446,1.0,530.025774688431,353.50464772982923,1.0,450.22682692863896,390.1091792014693,1.0,534.31634692818,402.60370841445126,1.0,466.9589417185237,415.5080891329594,1.0,538.9676659378888,442.8064726536568,1.0,484.2300065973444,432.5305706479049,1.0,512.5911087140607,434.9437476471791,1.0,490.8097904056099,494.3595522572743,1.0,519.6814959888147,496.9989186152116,1.0,485.0981752869277,560.537757999459,1.0,527.5381080853417,560.8550024093714,1.0,497.82218835198455,571.9381123538739,1.0,491.74110789046114,571.6611094758644,1.0,482.2986953089159,571.1384632154923,1.0,541.0134210751041,569.029869355269,1.0,542.3258651191526,572.3637627244661,1.0,521.4308890086106,570.5534624599869,1.0,1.0,3.466666666666667,508.3466464910332,313.86171330777773,False,476.1903404137242,349.9005147957446,False,530.025774688431,353.50464772982923,False,450.22682692863896,390.1091792014693,False,534.31634692818,402.60370841445126,False,466.9589417185237,415.5080891329594,False,538.9676659378888,442.8064726536568,False,484.2300065973444,432.5305706479049,False,512.5911087140607,434.9437476471791,False,490.8097904056099,494.3595522572743,False,519.6814959888147,496.9989186152116,False,485.0981752869277,560.537757999459,False,527.5381080853417,560.8550024093714,False,True,178.39458566666744,168.9927182215898,179.504108867828
209,209,3.4833333333333334,3.4833333333333334,Sports2D_HALPE26_postprocessed,507.7387969921379,313.7172486795692,1.0,475.0111605677097,349.6426480447855,1.0,528.8778776359082,353.33445693948187,1.0,450.1112091507573,390.383181602418,1.0,533.5236563279076,402.7048532747728,1.0,469.3637578508308,414.5209974462516,1.0,537.8223883137853,442.2015187355442,1.0,483.0335240921582,432.3428265737546,1.0,511.183016339147,434.6642386609665,1.0,489.73981394319,494.3846673813808,1.0,519.3260263139504,496.776716231243,1.0,484.89953229968376,561.0934673124376,1.0,527.8239940444536,560.2700630031603,1.0,498.0701859527452,571.2365268599881,1.0,491.8104531779326,571.0911894328742,1.0,482.1966858841509,571.7958725208537,1.0,542.1263309009719,567.401229859138,1.0,543.466652146682,570.9649850815168,1.0,521.6373353243048,569.902955599658,1.0,1.0,3.4833333333333334,507.7387969921379,313.7172486795692,False,475.0111605677097,349.6426480447855,False,528.8778776359082,353.33445693948187,False,450.1112091507573,390.383181602418,False,533.5236563279076,402.7048532747728,False,469.3637578508308,414.5209974462516,False,537.8223883137853,442.2015187355442,False,483.0335240921582,432.3428265737546,False,511.183016339147,434.6642386609665,False,489.73981394319,494.3846673813808,False,519.3260263139504,496.776716231243,False,484.89953229968376,561.0934673124376,False,527.8239940444536,560.2700630031603,False,True,179.16423152436715,169.6806639283684,179.84575911362646
210,210,3.5,3.5,Sports2D_HALPE26_postprocessed,506.2896256882101,313.4486136337036,1.0,474.1760668492037,349.26407380879954,1.0,528.086377295038,352.8539362852167,1.0,449.7862727873958,390.5222063589524,1.0,532.4097055004839,402.23391696317344,1.0,472.00518537307744,413.6617947066752,1.0,537.0212610460898,442.0760868461667,1.0,481.8016448371231,432.0196060816379,1.0,509.95367869798,433.94373246660166,1.0,488.9659713139082,494.3722226681552,1.0,519.0698327294716,496.17649628937056,1.0,484.69905601048254,561.4690068289678,1.0,527.6707547506652,559.6582697865717,1.0,497.8856888963238,570.7967147932347,1.0,491.289174631903,570.8124780995796,1.0,482.2501417240484,572.0955361229035,1.0,543.644189469912,565.5577575032721,1.0,544.2564425598244,569.4953540751936,1.0,521.4746450772883,569.6715604704827,1.0,1.0,3.5,506.2896256882101,313.4486136337036,False,474.1760668492037,349.26407380879954,False,528.086377295038,352.8539362852167,False,449.7862727873958,390.5222063589524,False,532.4097055004839,402.23391696317344,False,472.00518537307744,413.6617947066752,False,537.0212610460898,442.0760868461667,False,481.8016448371231,432.0196060816379,False,509.95367869798,433.94373246660166,False,488.9659713139082,494.3722226681552,False,519.0698327294716,496.17649628937056,False,484.69905601048254,561.4690068289678,False,527.6707547506652,559.6582697865717,False,True,178.4012607824727,169.8067128189616,179.38212972535402
211,211,3.5166666666666666,3.5166666666666666,Sports2D_HALPE26_postprocessed,506.0548426524238,313.15209679337937,1.0,473.1409504567474,348.84500882345776,1.0,527.0983560332792,352.2933268472433,1.0,449.32594522015137,390.3639381759686,1.0,531.7979071970641,401.93388487600936,1.0,474.5606265518182,412.8662755269432,1.0,536.1157188768816,441.4327574585764,1.0,480.7490145140247,432.2052479226719,1.0,508.884445922125,434.076459145281,1.0,488.3429211937712,494.5241574873918,1.0,518.9385671022859,495.89862835997855,1.0,484.639894045552,561.6503215916545,1.0,527.577649132495,559.4178797038093,1.0,497.58567259275935,570.8536857230565,1.0,490.481065996522,570.8571209518057,1.0,482.1917187386173,572.3096833052805,1.0,544.2045427104592,564.9195077611955,1.0,545.1055748281087,568.5379740315226,1.0,521.3761684975059,569.8158350763808,1.0,1.0,3.5166666666666666,506.0548426524238,313.15209679337937,False,473.1409504567474,348.84500882345776,False,527.0983560332792,352.2933268472433,False,449.32594522015137,390.3639381759686,False,531.7979071970641,401.93388487600936,False,474.5606265518182,412.8662755269432,False,536.1157188768816,441.4327574585764,False,480.7490145140247,432.2052479226719,False,508.884445922125,434.076459145281,False,488.3429211937712,494.5241574873918,False,518.9385671022859,495.89862835997855,False,484.639894045552,561.6503215916545,False,527.577649132495,559.4178797038093,False,True,179.16965805245295,169.894910427831,178.50799486057235
212,212,3.533333333333333,3.533333333333333,Sports2D_HALPE26_postprocessed,505.666264417975,312.4855154259836,1.0,472.1597892115513,348.1390531320126,1.0,526.2206522028051,351.46072783782216,1.0,449.3055970697939,390.1392461323671,1.0,530.9954303321837,401.6555165678553,1.0,475.67629689197065,411.277938022488,1.0,535.6729912684184,440.776227035692,1.0,479.8575689866019,432.1900457795404,1.0,507.6640297489648,433.7601268608506,1.0,487.4950926859543,494.7128368587941,1.0,518.5707047345522,495.404299562684,1.0,484.6762987164073,561.5005965257321,1.0,527.2619493964926,559.2971868815439,1.0,497.1176178757464,570.9210619444715,1.0,490.1570866490104,570.9143898359405,1.0,482.1431383831755,572.3694625137916,1.0,544.3609138134791,564.0847521297851,1.0,545.3103562742475,567.8678237313019,1.0,521.0761681205008,569.8116313445081,1.0,1.0,3.533333333333333,505.666264417975,312.4855154259836,False,472.1597892115513,348.1390531320126,False,526.2206522028051,351.46072783782216,False,449.3055970697939,390.1392461323671,False,530.9954303321837,401.6555165678553,False,475.67629689197065,411.277938022488,False,535.6729912684184,440.776227035692,False,479.8575689866019,432.1900457795404,False,507.6640297489648,433.7601268608506,False,487.4950926859543,494.7128368587941,False,518.5707047345522,495.404299562684,False,484.6762987164073,561.5005965257321,False,527.2619493964926,559.2971868815439,False,True,178.61557217771553,170.6187427562625,177.7128264258045
213,213,3.55,3.55,Sports2D_HALPE26_postprocessed,505.1287436535991,311.7411321459092,1.0,470.5501092792985,347.5626085186249,1.0,525.1152785217627,350.505747877883,1.0,449.39379168452496,389.85529537947554,1.0,530.3078535261806,401.1080206349984,1.0,476.7563982593564,409.391347102096,1.0,535.099856658912,439.7772063437064,1.0,479.1225181763755,432.2951002349404,1.0,507.3113324063032,433.7730690526423,1.0,486.7771454727126,494.7846978560645,1.0,517.9627614895896,495.0482997672081,1.0,484.71740808365934,561.103542348415,1.0,526.4795089613959,559.1309187978943,1.0,497.0395465682724,571.1791805917707,1.0,490.2763792282235,571.0919629121248,1.0,481.9419685448902,572.1879661984215,1.0,543.8623811090366,563.543711101012,1.0,544.822809518285,567.3783672999226,1.0,520.5678737939119,569.7810368804277,1.0,1.0,3.55,505.1287436535991,311.7411321459092,False,470.5501092792985,347.5626085186249,False,525.1152785217627,350.505747877883,False,449.39379168452496,389.85529537947554,False,530.3078535261806,401.1080206349984,False,476.7563982593564,409.391347102096,False,535.099856658912,439.7772063437064,False,479.1225181763755,432.2951002349404,False,507.3113324063032,433.7730690526423,False,486.7771454727126,494.7846978560645,False,517.9627614895896,495.0482997672081,False,484.71740808365934,561.103542348415,False,526.4795089613959,559.1309187978943,False,True,178.79467246086904,171.23745098851435,177.70924622884337
214,214,3.5666666666666664,3.5666666666666664,Sports2D_HALPE26_postprocessed,505.6773357509864,310.8886359206057,1.0,469.5916435909063,346.8732678284343,1.0,524.3244515446431,349.71529182329635,1.0,449.326647918816,389.5340016201519,1.0,529.610678090393,400.3823752212874,1.0,477.7101401596744,404.3313102706566,1.0,534.8066815099943,438.7248876081084,1.0,478.6507778871271,432.4796327168245,1.0,506.58290812302704,433.9321461874687,1.0,486.3071384355866,494.4764487896893,1.0,517.6140355060711,494.6241323947704,1.0,484.499885075465,560.9803666060586,1.0,525.9944091976672,558.6553108126217,1.0,496.8437078983392,571.3651157897909,1.0,489.8984739923043,571.1692181883088,1.0,481.7913663510084,572.1950738821242,1.0,543.5786358585749,563.2960449048743,1.0,544.5315268728498,567.1963302366261,1.0,520.10388374024,569.9184561858872,1.0,1.0,3.5666666666666664,505.6773357509864,310.8886359206057,False,469.5916435909063,346.8732678284343,False,524.3244515446431,349.71529182329635,False,449.326647918816,389.5340016201519,False,529.610678090393,400.3823752212874,False,477.7101401596744,404.3313102706566,False,534.8066815099943,438.7248876081084,False,478.6507778871271,432.4796327168245,False,506.58290812302704,433.9321461874687,False,486.3071384355866,494.4764487896893,False,517.6140355060711,494.6241323947704,False,484.499885075465,560.9803666060586,False,525.9944091976672,558.6553108126217,False,True,178.2388147153044,171.40320703005773,177.1550723084317
215,215,3.583333333333333,3.583333333333333,Sports2D_HALPE26_postprocessed,502.9439292130181,309.9551975453866,1.0,468.4771576477929,346.01595978275554,1.0,523.3715110009222,348.7907018735704,1.0,448.660868231267,388.4045488021098,1.0,529.097712075089,399.6098343338247,1.0,477.9671781952133,401.0570964755781,1.0,534.4565626360159,437.6447388970838,1.0,477.5998658438895,431.9389801765309,1.0,506.0115546741663,433.2546939376508,1.0,485.33643042042496,493.9772021667056,1.0,517.111401969842,493.87243506825087,1.0,484.38577448970426,560.9432650745764,1.0,524.4440046074483,558.3428967701927,1.0,497.0520057995293,571.3301601550736,1.0,489.80513108353216,571.0204120501887,1.0,481.919767259069,571.8732960681185,1.0,542.8154986451816,562.694341495335,1.0,543.4996149394818,566.9922710062411,1.0,519.1048783017004,569.4950029168701,1.0,1.0,3.583333333333333,502.9439292130181,309.9551975453866,False,468.4771576477929,346.01595978275554,False,523.3715110009222,348.7907018735704,False,448.660868231267,388.4045488021098,False,529.097712075089,399.6098343338247,False,477.9671781952133,401.0570964755781,False,534.4565626360159,437.6447388970838,False,477.5998658438895,431.9389801765309,False,506.0115546741663,433.2546939376508,False,485.33643042042496,493.9772021667056,False,517.111401969842,493.87243506825087,False,484.38577448970426,560.9432650745764,False,524.4440046074483,558.3428967701927,False,True,178.40907694946654,172.07822522154123,176.11210225490595
216,216,3.6,3.6,Sports2D_HALPE26_postprocessed,502.80285469288657,309.27733903553815,1.0,467.50353210422514,345.1306498126441,1.0,522.8230206839162,347.7356296169783,1.0,447.69545813413913,387.36986024304673,1.0,528.7272763283066,399.0614164685933,1.0,477.0747081525182,399.03423624609536,1.0,534.4790437828752,437.1620933432805,1.0,476.6896889887313,431.3534340554588,1.0,505.5585391525767,432.2742529142807,1.0,484.8256457326792,493.8525304046524,1.0,516.7154125787594,493.52895503669936,1.0,484.36360746244856,560.6931427411445,1.0,523.1923443816809,558.4134576275428,1.0,497.2616780707808,571.4289311681293,1.0,489.3663957735805,571.1198459929183,1.0,481.9472159321166,572.010914244859,1.0,542.0566055076146,562.893630127747,1.0,542.823404771052,567.2455041315633,1.0,517.9496910976446,569.5605068824354,1.0,1.0,3.6,502.80285469288657,309.27733903553815,False,467.50353210422514,345.1306498126441,False,522.8230206839162,347.7356296169783,False,447.69545813413913,387.36986024304673,False,528.7272763283066,399.0614164685933,False,477.0747081525182,399.03423624609536,False,534.4790437828752,437.1620933432805,False,476.6896889887313,431.3534340554588,False,505.5585391525767,432.2742529142807,False,484.8256457326792,493.8525304046524,False,516.7154125787594,493.52895503669936,False,484.36360746244856,560.6931427411445,False,523.1923443816809,558.4134576275428,False,True,177.97748581866833,172.1870516338669,175.37788066656398
217,217,3.616666666666666,3.616666666666666,Sports2D_HALPE26_postprocessed,503.5059624230345,308.3403595997172,1.0,466.4830662299858,344.21729149849494,1.0,521.5836908840267,346.4646986784984,1.0,446.67122264670127,386.4244867537281,1.0,528.7475972809012,398.14948303839145,1.0,475.3649227316592,390.8257448968678,1.0,534.5361308848537,436.4501647482394,1.0,476.1398846549878,430.68757075000633,1.0,505.0999686819167,431.5232492250759,1.0,484.31725539556703,493.9084033644841,1.0,516.6933206939156,493.316471709159,1.0,484.32239090325055,560.345480837766,1.0,521.7791877757484,558.1114131420794,1.0,497.2803063107948,571.4361838878494,1.0,488.95584864990855,571.2946229309011,1.0,481.92362774994575,572.091361579711,1.0,540.2869826973562,563.4169587898008,1.0,541.0484767877585,567.7357629913304,1.0,516.5031499461975,569.593525070669,1.0,1.0,3.616666666666666,503.5059624230345,308.3403595997172,False,466.4830662299858,344.21729149849494,False,521.5836908840267,346.4646986784984,False,446.67122264670127,386.4244867537281,False,528.7475972809012,398.14948303839145,False,475.3649227316592,390.8257448968678,False,534.5361308848537,436.4501647482394,False,476.1398846549878,430.68757075000633,False,505.0999686819167,431.5232492250759,False,484.31725539556703,493.9084033644841,False,516.6933206939156,493.316471709159,False,484.32239090325055,560.345480837766,False,521.7791877757484,558.1114131420794,False,True,179.29705681923343,172.63436058479292,173.86200787989821
218,218,3.633333333333333,3.633333333333333,Sports2D_HALPE26_postprocessed,503.0338723204604,307.83015577252104,1.0,465.3663794570464,343.42187355071377,1.0,520.9192615824442,346.0370790095834,1.0,445.9208145939862,384.7714367980068,1.0,528.6333127677789,396.7162241510289,1.0,473.986550709986,383.700358679472,1.0,534.495285802635,435.31428305137945,1.0,475.5210939624393,429.82776347473873,1.0,504.4842566927389,430.4002952324503,1.0,483.7121288484069,493.9534584260928,1.0,516.578647443002,492.9519854818516,1.0,484.21623025452766,560.1288689123453,1.0,520.6172211683017,557.6777190400582,1.0,497.09062866194574,571.2604807933246,1.0,488.483139124163,571.335140004356,1.0,481.84731891462616,572.1170636085651,1.0,538.7286819543448,564.1754746943063,1.0,539.1964226501829,568.1810480155428,1.0,514.9039256302158,569.2391372783501,1.0,1.0,3.633333333333333,503.0338723204604,307.83015577252104,False,465.3663794570464,343.42187355071377,False,520.9192615824442,346.0370790095834,False,445.9208145939862,384.7714367980068,False,528.6333127677789,396.7162241510289,False,473.986550709986,383.700358679472,False,534.495285802635,435.31428305137945,False,475.5210939624393,429.82776347473873,False,504.4842566927389,430.4002952324503,False,483.7121288484069,493.9534584260928,False,516.578647443002,492.9519854818516,False,484.21623025452766,560.1288689123453,False,520.6172211683017,557.6777190400582,False,True,179.98088687269427,173.15724723677624,172.6272270386977
219,219,3.65,3.65,Sports2D_HALPE26_postprocessed,502.0824682949669,307.5221303775909,1.0,464.3863317270119,343.0541677664376,1.0,519.9809858053975,345.6951593537809,1.0,445.2531465906362,383.7924978421964,1.0,528.1930020037101,396.3206153347391,1.0,473.34254133257633,379.8383454733233,1.0,534.5061875290289,434.4442210526608,1.0,474.9858885871901,429.2231841254618,1.0,503.55536105846153,429.8383244374136,1.0,483.1727226424904,493.82092075314193,1.0,516.1953289366238,492.2962024459417,1.0,484.1281485708981,560.1527784145579,1.0,519.141025580722,557.737245801102,1.0,497.1418773469818,571.3321996683756,1.0,488.58684059212766,571.5541264738401,1.0,481.84480331404393,572.2862098525577,1.0,537.1351604457737,564.8698012136026,1.0,537.1431448274589,568.8136563949049,1.0,513.3586863473251,568.9451855443336,1.0,1.0,3.65,502.0824682949669,307.5221303775909,False,464.3863317270119,343.0541677664376,False,519.9809858053975,345.6951593537809,False,445.2531465906362,383.7924978421964,False,528.1930020037101,396.3206153347391,False,473.34254133257633,379.8383454733233,False,534.5061875290289,434.4442210526608,False,474.9858885871901,429.2231841254618,False,503.55536105846153,429.8383244374136,False,483.1727226424904,493.82092075314193,False,516.1953289366238,492.2962024459417,False,484.1281485708981,560.1527784145579,False,519.141025580722,557.737245801102,False,True,179.81103849396553,173.60230665400832,171.13654971233598
220,220,3.6666666666666665,3.6666666666666665,Sports2D_HALPE26_postprocessed,500.8387150320543,307.4588430383983,1.0,463.6097607287499,342.7353264672354,1.0,519.1640613850918,345.65115431066795,1.0,444.4548418292804,381.8550595982932,1.0,527.8082783794993,396.1459066722587,1.0,470.52589619983735,373.9512990222215,1.0,534.6174204664626,433.33094493074486,1.0,474.27734802800273,429.2882744373627,1.0,502.8057304487444,429.78562315900695,1.0,482.5117580132172,493.83423881179885,1.0,516.2321507856329,492.2950941590411,1.0,483.9455469342009,560.1429300037773,1.0,516.9504456364944,557.6336298412699,1.0,497.0945230077845,571.4488682569547,1.0,488.6950704343951,571.7178596370807,1.0,481.9318951214715,572.3764756780733,1.0,535.2845536494397,565.6701076037309,1.0,534.8169908217006,569.5113428941938,1.0,511.1655809341093,568.4515538098512,1.0,1.0,3.6666666666666665,500.8387150320543,307.4588430383983,False,463.6097607287499,342.7353264672354,False,519.1640613850918,345.65115431066795,False,444.4548418292804,381.8550595982932,False,527.8082783794993,396.1459066722587,False,470.52589619983735,373.9512990222215,False,534.6174204664626,433.33094493074486,False,474.27734802800273,429.2882744373627,False,502.8057304487444,429.78562315900695,False,482.5117580132172,493.83423881179885,False,516.2321507856329,492.2950941590411,False,483.9455469342009,560.1429300037773,False,516.9504456364944,557.6336298412699,False,True,179.33756131376038,173.968509559958,168.5074631097315
221,221,3.683333333333333,3.683333333333333,Sports2D_HALPE26_postprocessed,499.5407285499787,306.98308792527314,1.0,462.5369668970697,342.8616235391586,1.0,518.376059121807,345.99546981165474,1.0,443.85401969695147,381.46951324168265,1.0,527.1401368094309,396.14911568244713,1.0,469.6614832101829,370.8328358493745,1.0,534.7356217507175,432.9610356354042,1.0,473.5985285616008,429.51651105162347,1.0,502.4776402013097,429.9691384913482,1.0,482.1862096769306,493.9571664129661,1.0,515.9918992600342,492.05938291534585,1.0,483.830415194378,560.1432124759233,1.0,515.1301189694276,556.9825522464117,1.0,496.4882901816725,571.5371390016421,1.0,487.51236322816993,571.632842954822,1.0,481.8771068859926,572.696399187425,1.0,533.0576078844142,566.9366509204926,1.0,532.5317863311614,570.4263422009616,1.0,509.3292675058594,567.9753097597586,1.0,1.0,3.683333333333333,499.5407285499787,306.98308792527314,False,462.5369668970697,342.8616235391586,False,518.376059121807,345.99546981165474,False,443.85401969695147,381.46951324168265,False,527.1401368094309,396.14911568244713,False,469.6614832101829,370.8328358493745,False,534.7356217507175,432.9610356354042,False,473.5985285616008,429.51651105162347,False,502.4776402013097,429.9691384913482,False,482.1862096769306,493.9571664129661,False,515.9918992600342,492.05938291534585,False,483.830415194378,560.1432124759233,False,515.1301189694276,556.9825522464117,False,True,178.25368634407067,173.83226519914007,166.9603033118836
222,222,3.7,3.7,Sports2D_HALPE26_postprocessed,497.6786606839647,306.88360652728704,1.0,461.731511198858,342.7596817487209,1.0,517.3966563493359,346.2661620279595,1.0,443.5472604057368,380.35436153542327,1.0,526.9778972725173,396.34828609098014,1.0,468.19005531689487,366.71874578931113,1.0,534.6918973537211,432.4681727318343,1.0,472.8984919890978,429.5924846303898,1.0,501.84047836990646,429.9485696238005,1.0,481.5373293805945,493.9662196104309,1.0,515.4566589428183,491.8863495963002,1.0,483.8954095455568,560.1377850076831,1.0,512.648357602429,556.9184316952706,1.0,494.3955942543373,571.4968693762723,1.0,484.2286414701723,571.5002347405137,1.0,481.9589193492613,572.8583480079375,1.0,531.4091715324084,568.3517852701175,1.0,530.4785259124519,571.5101464546284,1.0,505.94012520033385,567.6385443675653,1.0,1.0,3.7,497.6786606839647,306.88360652728704,False,461.731511198858,342.7596817487209,False,517.3966563493359,346.2661620279595,False,443.5472604057368,380.35436153542327,False,526.9778972725173,396.34828609098014,False,468.19005531689487,366.71874578931113,False,534.6918973537211,432.4681727318343,False,472.8984919890978,429.5924846303898,False,501.84047836990646,429.9485696238005,False,481.5373293805945,493.9662196104309,False,515.4566589428183,491.8863495963002,False,483.8954095455568,560.1377850076831,False,512.648357602429,556.9184316952706,False,True,178.77506884053616,174.39759655660333,165.12883502962288
223,223,3.716666666666667,3.716666666666667,Sports2D_HALPE26_postprocessed,497.2067598532404,306.72477031230227,1.0,460.61463824417126,342.85845825339254,1.0,517.0482249745249,346.2901396251103,1.0,442.89583379880105,379.1827347842351,1.0,526.7500209650515,396.6283170186248,1.0,466.1664280846538,362.8036248391021,1.0,534.5846886850884,432.26429144004345,1.0,472.1874326304685,429.708363155868,1.0,500.7481766066055,429.875326502943,1.0,480.8538838519277,494.11297554666766,1.0,514.8165762160683,491.8644637171997,1.0,483.76144641145424,560.0428693981248,1.0,510.4274000901602,556.4123883847117,1.0,492.3454196339586,571.455706953227,1.0,481.2853106733123,571.317267419282,1.0,482.3754769775241,572.861928994477,1.0,528.8510594268845,569.3854656507867,1.0,528.3199310441809,572.241506043534,1.0,503.20983935029614,567.0668526342721,1.0,1.0,3.716666666666667,497.2067598532404,306.72477031230227,False,460.61463824417126,342.85845825339254,False,517.0482249745249,346.2901396251103,False,442.89583379880105,379.1827347842351,False,526.7500209650515,396.6283170186248,False,466.1664280846538,362.8036248391021,False,534.5846886850884,432.26429144004345,False,472.1874326304685,429.708363155868,False,500.7481766066055,429.875326502943,False,480.8538838519277,494.11297554666766,False,514.8165762160683,491.8644637171997,False,483.76144641145424,560.0428693981248,False,510.4274000901602,556.4123883847117,False,True,178.5096173055238,174.86132184759123,163.3232974221329
224,224,3.733333333333333,3.733333333333333,Sports2D_HALPE26_postprocessed,496.1510067845997,306.8084991572086,1.0,459.9797713800059,342.8916075077931,1.0,516.0595444133023,346.3316908327544,1.0,442.9363556792478,378.3008423992138,1.0,526.2582108619131,397.091132531296,1.0,466.3766673076983,362.7064642037075,1.0,534.82899956444,432.21130254425407,1.0,471.549633637464,429.70184520799376,1.0,500.0862999854058,429.8789729332981,1.0,480.3344632917932,494.3782808913601,1.0,514.5779643290242,491.9632049158381,1.0,483.615431123378,560.1002887025084,1.0,507.4645878072902,555.6496328629684,1.0,492.116576241114,571.5209277334166,1.0,481.8147163588538,571.3537625372446,1.0,482.3960879046412,572.9304112671177,1.0,526.3487940867017,570.2414118334486,1.0,525.838584405074,572.5228504237263,1.0,500.19579932724,566.2175693930599,1.0,1.0,3.733333333333333,496.1510067845997,306.8084991572086,False,459.9797713800059,342.8916075077931,False,516.0595444133023,346.3316908327544,False,442.9363556792478,378.3008423992138,False,526.2582108619131,397.091132531296,False,466.3766673076983,362.7064642037075,False,534.82899956444,432.21130254425407,False,471.549633637464,429.70184520799376,False,500.0862999854058,429.8789729332981,False,480.3344632917932,494.3782808913601,False,514.5779643290242,491.9632049158381,False,483.615431123378,560.1002887025084,False,507.4645878072902,555.6496328629684,False,True,177.6461984060207,175.12294332065653,160.48813522467327
225,225,3.75,3.75,Sports2D_HALPE26_postprocessed,494.79649175355706,307.2145455545849,1.0,459.3987221524821,342.8475064852784,1.0,515.0520679661265,346.3650206792031,1.0,443.7595872886633,378.0381964683141,1.0,526.0508121926568,396.7915381510464,1.0,466.5643974701958,361.8941805872279,1.0,534.8000241849265,431.77383032057634,1.0,470.6263284195698,429.4576655664604,1.0,499.1128477983982,429.8550403270184,1.0,480.16997720029656,494.3733430167115,1.0,513.6915322508577,492.05486103660746,1.0,483.3975889828085,560.1870328467854,1.0,504.4966409325471,555.0382853796691,1.0,493.5952225056066,571.7064853946915,1.0,483.4003411163362,571.3270793984902,1.0,481.8357873558027,572.9571068023772,1.0,524.7233545828594,571.4615417244501,1.0,523.7836165826229,572.8465877140623,1.0,496.7833927085756,564.8529563506356,1.0,1.0,3.75,494.79649175355706,307.2145455545849,False,459.3987221524821,342.8475064852784,False,515.0520679661265,346.3650206792031,False,443.7595872886633,378.0381964683141,False,526.0508121926568,396.7915381510464,False,466.5643974701958,361.8941805872279,False,534.8000241849265,431.77383032057634,False,470.6263284195698,429.4576655664604,False,499.1128477983982,429.8550403270184,False,480.16997720029656,494.3733430167115,False,513.6915322508577,492.05486103660746,False,483.3975889828085,560.1870328467854,False,504.4966409325471,555.0382853796691,False,True,178.26246988646594,174.44414077592984,158.5029822785374
226,226,3.7666666666666666,3.7666666666666666,Sports2D_HALPE26_postprocessed,494.2261842313167,307.54128413522574,1.0,458.50198756235386,342.57367882721564,1.0,514.1423789598069,346.366602888122,1.0,443.61564881837467,374.654944798044,1.0,524.8912872226185,395.757035489913,1.0,467.7829640809683,362.2669294545875,1.0,534.5129557678948,431.0368901595651,1.0,470.0968122418304,429.2001921258226,1.0,498.1992552918209,429.7488596608578,1.0,479.7588803101572,494.5776003408196,1.0,512.8147615485912,492.0005130283328,1.0,483.5864241000336,560.1385235259216,1.0,501.6277034419229,553.7411796901496,1.0,501.8107117272416,571.9487728995349,1.0,494.2876721027226,571.1540125877912,1.0,481.0681209630712,572.9584911099605,1.0,521.9725605991613,571.8696676268013,1.0,520.9700921168783,572.8989315114143,1.0,493.8761266285596,563.4404819993478,1.0,1.0,3.7666666666666666,494.2261842313167,307.54128413522574,False,458.50198756235386,342.57367882721564,False,514.1423789598069,346.366602888122,False,443.61564881837467,374.654944798044,False,524.8912872226185,395.757035489913,False,467.7829640809683,362.2669294545875,False,534.5129557678948,431.0368901595651,False,470.0968122418304,429.2001921258226,False,498.1992552918209,429.7488596608578,False,479.7588803101572,494.5776003408196,False,512.8147615485912,492.0005130283328,False,483.5864241000336,560.1385235259216,False,501.6277034419229,553.7411796901496,False,True,177.02295552672945,174.93438220938705,156.5170979079325
227,227,3.783333333333333,3.783333333333333,Sports2D_HALPE26_postprocessed,493.2991596118314,307.5891308106048,1.0,457.57816346622064,342.5080525401892,1.0,513.088926434407,346.36309543586776,1.0,443.6140561453652,373.4702745964752,1.0,524.1875302650902,395.24183662600507,1.0,468.3120695775155,361.31554751714685,1.0,534.3536923313708,430.7569779451503,1.0,469.184787984564,429.1635012489013,1.0,497.1665580005081,429.8606739670028,1.0,479.2430997543095,494.50897219625153,1.0,512.1849499772815,491.6462247813086,1.0,483.608120439014,560.147375104083,1.0,498.1742102555776,551.9896444048077,1.0,504.4377203899014,572.8871347169493,1.0,499.6368050470589,571.4294003439732,1.0,480.802706491667,573.3602810962345,1.0,518.9686764731038,572.349003546377,1.0,517.0420363953718,572.5785857711203,1.0,489.9692923899189,561.6300903611428,1.0,1.0,3.783333333333333,493.2991596118314,307.5891308106048,False,457.57816346622064,342.5080525401892,False,513.088926434407,346.36309543586776,False,443.6140561453652,373.4702745964752,False,524.1875302650902,395.24183662600507,False,468.3120695775155,361.31554751714685,False,534.3536923313708,430.7569779451503,False,469.184787984564,429.1635012489013,False,497.1665580005081,429.8606739670028,False,479.2430997543095,494.50897219625153,False,512.1849499772815,491.6462247813086,False,483.608120439014,560.147375104083,False,498.1742102555776,551.9896444048077,False,True,176.81919601703885,175.05404181124663,153.26638739934737
228,228,3.8,3.8,Sports2D_HALPE26_postprocessed,492.8060051600348,307.2526636950625,1.0,457.02122376386046,342.45863830722845,1.0,512.1316255855038,346.3513659689513,1.0,443.6881719676092,372.90176601831257,1.0,523.3111144124629,394.65092027214655,1.0,468.27512890389215,359.8098664065932,1.0,534.312855964653,430.3564555855788,1.0,468.5958550483812,429.3941040647244,1.0,496.1938007537797,429.9223330141737,1.0,478.7614147204503,494.3274210280308,1.0,511.6664469674004,491.3298699133413,1.0,483.5844146285657,560.1488229570376,1.0,494.78548936215697,550.6259238413261,1.0,503.1094010748384,574.128218217962,1.0,498.1893034381941,572.5659516416691,1.0,480.6397717353277,574.0691026515995,1.0,516.4890790849245,572.5851917631962,1.0,513.6399642253184,572.1478658929193,1.0,486.0880516281723,559.9237152431032,1.0,1.0,3.8,492.8060051600348,307.2526636950625,False,457.02122376386046,342.45863830722845,False,512.1316255855038,346.3513659689513,False,443.6881719676092,372.90176601831257,False,523.3111144124629,394.65092027214655,False,468.27512890389215,359.8098664065932,False,534.312855964653,430.3564555855788,False,468.5958550483812,429.3941040647244,False,496.1938007537797,429.9223330141737,False,478.7614147204503,494.3274210280308,False,511.6664469674004,491.3298699133413,False,483.5844146285657,560.1488229570376,False,494.78548936215697,550.6259238413261,False,True,175.9069367530141,175.293151733825,149.96666670802452
229,229,3.8166666666666655,3.8166666666666655,Sports2D_HALPE26_postprocessed,492.5723111308221,308.06568805656246,1.0,456.531421250348,342.2550610787231,1.0,511.32496932284096,346.2559715655875,1.0,444.1019858213955,370.9778878187384,1.0,522.9073836315464,394.31478416883726,1.0,468.5972758317308,354.19150692842004,1.0,534.0806201688365,429.7506835136742,1.0,467.7852861434762,429.5302601738152,1.0,495.3331135183306,429.895680532757,1.0,478.4095638009471,494.0765196966231,1.0,510.8809947638031,490.9994775042192,1.0,483.4996652488679,560.1462052392044,1.0,491.9747572776824,549.2223817589057,1.0,502.85097810125023,574.2089111629439,1.0,497.7777671731825,572.8466638033753,1.0,480.24100848323496,575.2056766064394,1.0,513.2482471445456,572.342812279149,1.0,510.8180686285445,571.531267001072,1.0,482.7984553617546,558.5463988449419,1.0,1.0,3.8166666666666655,492.5723111308221,308.06568805656246,False,456.531421250348,342.2550610787231,False,511.32496932284096,346.2559715655875,False,444.1019858213955,370.9778878187384,False,522.9073836315464,394.31478416883726,False,468.5972758317308,354.19150692842004,False,534.0806201688365,429.7506835136742,False,467.7852861434762,429.5302601738152,False,495.3331135183306,429.895680532757,False,478.4095638009471,494.0765196966231,False,510.8809947638031,490.9994775042192,False,483.4996652488679,560.1462052392044,False,491.9747572776824,549.2223817589057,False,True,176.04966660452826,175.05840406944372,147.73428730997227
230,230,3.8333333333333335,3.8333333333333335,Sports2D_HALPE26_postprocessed,493.0468011703862,309.5879403852292,1.0,455.5746562168628,341.95042793968724,1.0,510.662711940934,346.1797209625804,1.0,444.4673124413991,369.58720975011386,1.0,522.2471550184142,394.2419651241189,1.0,468.1681745710614,342.87088618157355,1.0,533.8464958951154,429.0435443383881,1.0,467.16344979594186,429.3341385403282,1.0,494.27770109052926,429.8690451994285,1.0,478.1824093573875,493.66068615486927,1.0,509.7940125107364,490.9123918452645,1.0,482.9503932841418,560.1840983169085,1.0,488.9621081034405,546.8567622592002,1.0,501.52796954844166,574.3259805827031,1.0,495.5250188371072,573.1380858823293,1.0,479.51853668449394,575.6505729171429,1.0,508.80543067126376,572.4493638496066,1.0,506.8848454479658,571.3214902805553,1.0,479.7251729761272,555.3684192385981,1.0,1.0,3.8333333333333335,493.0468011703862,309.5879403852292,False,455.5746562168628,341.95042793968724,False,510.662711940934,346.1797209625804,False,444.4673124413991,369.58720975011386,False,522.2471550184142,394.2419651241189,False,468.1681745710614,342.87088618157355,False,533.8464958951154,429.0435443383881,False,467.16344979594186,429.3341385403282,False,494.27770109052926,429.8690451994285,False,478.1824093573875,493.66068615486927,False,509.7940125107364,490.9123918452645,False,482.9503932841418,560.1840983169085,False,488.9621081034405,546.8567622592002,False,True,175.11832899486146,174.37932618187799,145.31456385585722
231,231,3.85,3.85,Sports2D_HALPE26_postprocessed,492.1249183525082,310.62171056233706,1.0,454.8974476107493,341.78882266001995,1.0,509.79095381784833,345.9244019433983,1.0,444.7496646214197,369.2490249150308,1.0,520.9896231836873,393.6873244214611,1.0,469.73155079693976,337.649073402544,1.0,533.0988311454709,428.2085283287323,1.0,466.4311399092537,428.9490849383198,1.0,493.4059570742192,429.8198477043348,1.0,477.6610637477151,492.785239178465,1.0,508.4692311119335,491.1170736350293,1.0,482.0713981686933,560.3046136701289,1.0,486.1699224277171,546.0672749611513,1.0,500.2810342263442,574.3626709534642,1.0,494.0994395219213,573.140715486599,1.0,478.4211252010639,575.4681189994408,1.0,504.9761747236459,572.5090915622561,1.0,503.9905310319259,570.8999480604003,1.0,475.5534373878741,553.1238427499732,1.0,1.0,3.85,492.1249183525082,310.62171056233706,False,454.8974476107493,341.78882266001995,False,509.79095381784833,345.9244019433983,False,444.7496646214197,369.2490249150308,False,520.9896231836873,393.6873244214611,False,469.73155079693976,337.649073402544,False,533.0988311454709,428.2085283287323,False,466.4311399092537,428.9490849383198,False,493.4059570742192,429.8198477043348,False,477.6610637477151,492.785239178465,False,508.4692311119335,491.1170736350293,False,482.0713981686933,560.3046136701289,False,486.1699224277171,546.0672749611513,False,True,173.86578240339247,173.75995680830098,144.10584850315973
232,232,3.866666666666666,3.866666666666666,Sports2D_HALPE26_postprocessed,492.2072570486157,310.70600435646656,1.0,454.659351860296,341.6709668060571,1.0,508.7304139170413,346.08483913855923,1.0,445.014825486801,368.3677786044354,1.0,520.2747761507303,393.9102693619401,1.0,469.173435931662,333.31662170328764,1.0,532.7756007049389,427.8591128295257,1.0,465.8090452040217,429.038710520084,1.0,492.3542511247218,429.69151650410174,1.0,477.77829123171534,492.1386124710107,1.0,507.3251530234678,491.1326022234993,1.0,481.89715336434,560.1782812746615,1.0,482.7083750271783,545.3551820475359,1.0,500.29690932432993,574.1757292635295,1.0,494.38937692214006,573.1268163362968,1.0,477.931486841498,574.9445565821875,1.0,500.913640673199,572.3589523414955,1.0,499.98341866404286,570.3587129463747,1.0,470.6933320404023,551.7644838468606,1.0,1.0,3.866666666666666,492.2072570486157,310.70600435646656,False,454.659351860296,341.6709668060571,False,508.7304139170413,346.08483913855923,False,445.014825486801,368.3677786044354,False,520.2747761507303,393.9102693619401,False,469.173435931662,333.31662170328764,False,532.7756007049389,427.8591128295257,False,465.8090452040217,429.038710520084,False,492.3542511247218,429.69151650410174,False,477.77829123171534,492.1386124710107,False,507.3251530234678,491.1326022234993,False,481.89715336434,560.1782812746615,False,482.7083750271783,545.3551820475359,False,True,173.35578029625447,172.72357000187483,141.8881943192084
233,233,3.883333333333333,3.883333333333333,Sports2D_HALPE26_postprocessed,491.5594226516351,310.5696111341873,1.0,453.9687709254743,341.46576564312187,1.0,507.8817498549509,346.13148725009603,1.0,444.9242712935534,367.8976264719501,1.0,519.4587907107086,394.2299442928619,1.0,467.99365046816166,333.3950384969006,1.0,532.0389382224362,427.609359740528,1.0,465.00810280430807,429.2157520911818,1.0,491.4720532779656,429.8063898487592,1.0,477.53191044401945,491.4211464996445,1.0,506.0036367077156,491.2050931419588,1.0,481.5286014606896,559.9174224109953,1.0,479.4715733041229,544.4329370258314,1.0,499.84285924886507,574.2371838017094,1.0,494.2859317186658,573.2944677868516,1.0,477.5462039588234,574.5216735985177,1.0,495.7083918052449,572.1010973480142,1.0,494.80031799775975,570.1584801561613,1.0,467.39236235277264,551.069802458925,1.0,1.0,3.883333333333333,491.5594226516351,310.5696111341873,False,453.9687709254743,341.46576564312187,False,507.8817498549509,346.13148725009603,False,444.9242712935534,367.8976264719501,False,519.4587907107086,394.2299442928619,False,467.99365046816166,333.3950384969006,False,532.0389382224362,427.609359740528,False,465.00810280430807,429.2157520911818,False,491.4720532779656,429.8063898487592,False,477.53191044401945,491.4211464996445,False,506.0036367077156,491.2050931419588,False,481.5286014606896,559.9174224109953,False,479.4715733041229,544.4329370258314,False,True,172.88276645082308,171.95618436874886,140.18997874183566
234,234,3.9,3.9,Sports2D_HALPE26_postprocessed,491.29343765327405,310.5388587287192,1.0,453.6637982355976,341.1762833826553,1.0,507.1037477355847,346.22030771175463,1.0,444.9586026753872,362.767160948861,1.0,518.6857429651478,394.4316220375055,1.0,466.9584392759464,332.21848318089894,1.0,531.3272152117831,427.031863160944,1.0,464.27168222538376,429.2655943643725,1.0,490.2869714325472,429.8552322897717,1.0,477.34127644706905,491.11149463844566,1.0,504.3570228622488,491.64162349001447,1.0,481.5035099512207,559.7760165416735,1.0,476.75089537250847,543.5662442297194,1.0,498.35876067102,574.197555394724,1.0,493.6151189853148,573.3445850966788,1.0,477.40706830879753,574.439029956774,1.0,490.18544494008967,572.142613864961,1.0,489.2783007905325,570.2361825893553,1.0,464.2455208930113,549.7875185163148,1.0,1.0,3.9,491.29343765327405,310.5388587287192,False,453.6637982355976,341.1762833826553,False,507.1037477355847,346.22030771175463,False,444.9586026753872,362.767160948861,False,518.6857429651478,394.4316220375055,False,466.9584392759464,332.21848318089894,False,531.3272152117831,427.031863160944,False,464.27168222538376,429.2655943643725,False,490.2869714325472,429.8552322897717,False,477.34127644706905,491.11149463844566,False,504.3570228622488,491.64162349001447,False,481.5035099512207,559.7760165416735,False,476.75089537250847,543.5662442297194,False,True,172.31349200855644,171.5363721913397,139.17362830649216
235,235,3.9166666666666665,3.9166666666666665,Sports2D_HALPE26_postprocessed,488.29228218415926,310.1348639341593,1.0,453.2904602330146,341.03439676686435,1.0,505.8659086824917,346.4983360391189,1.0,444.94260418204726,361.66077048211287,1.0,517.4749402409159,394.0869688626276,1.0,466.0831013606749,332.2452762872508,1.0,530.8891582385944,426.7073139324688,1.0,463.5105169072654,429.163978721077,1.0,489.02802652081726,429.8663606716237,1.0,477.3448330932049,490.9478587280654,1.0,503.001632544711,491.86114367313655,1.0,481.6387918990413,559.6041566130609,1.0,473.0973326332391,543.1020297242435,1.0,497.5127595149527,574.3914693693947,1.0,493.4781804024484,573.3331265002594,1.0,477.4605296681001,573.1046548065208,1.0,486.1935742778443,572.5206695517924,1.0,485.0383203072606,569.7002461358431,1.0,461.05971343344027,548.8450777631276,1.0,1.0,3.9166666666666665,488.29228218415926,310.1348639341593,False,453.2904602330146,341.03439676686435,False,505.8659086824917,346.4983360391189,False,444.94260418204726,361.66077048211287,False,517.4749402409159,394.0869688626276,False,466.0831013606749,332.2452762872508,False,530.8891582385944,426.7073139324688,False,463.5105169072654,429.163978721077,False,489.02802652081726,429.8663606716237,False,477.3448330932049,490.9478587280654,False,503.001632544711,491.86114367313655,False,481.6387918990413,559.6041566130609,False,473.0973326332391,543.1020297242435,False,True,171.35572346376733,170.9575979702939,137.02988556507853
236,236,3.933333333333333,3.933333333333333,Sports2D_HALPE26_postprocessed,487.81717803180936,310.00836940153124,1.0,452.4922667340851,340.9540329465133,1.0,504.9991905676722,346.6483823989629,1.0,445.1189322031803,360.643823615888,1.0,517.0378677018687,394.080571982627,1.0,465.49428264954656,331.6092609167485,1.0,530.5622115116206,426.77037817194457,1.0,462.9073675905563,429.1956292291904,1.0,488.1519056977699,429.7518020030309,1.0,476.984596857217,490.68742606123743,1.0,501.6552585836915,492.2095230165775,1.0,481.6420354678496,559.457615284224,1.0,469.73254291369454,543.5853843194878,1.0,497.7403529367925,574.7346868373577,1.0,493.4928514876511,573.4141849038863,1.0,477.4936743843237,570.8937259297559,1.0,485.63169918741175,572.3667485183867,1.0,481.36387441112754,569.7140921234264,1.0,458.1711240777411,548.9325516397032,1.0,1.0,3.933333333333333,487.81717803180936,310.00836940153124,False,452.4922667340851,340.9540329465133,False,504.9991905676722,346.6483823989629,False,445.1189322031803,360.643823615888,False,517.0378677018687,394.080571982627,False,465.49428264954656,331.6092609167485,False,530.5622115116206,426.77037817194457,False,462.9073675905563,429.1956292291904,False,488.1519056977699,429.7518020030309,False,476.984596857217,490.68742606123743,False,501.6552585836915,492.2095230165775,False,481.6420354678496,559.457615284224,False,469.73254291369454,543.5853843194878,False,True,171.76568167915124,170.97997478303367,135.94541249521458
237,237,3.95,3.95,Sports2D_HALPE26_postprocessed,488.24693252983496,309.6226708849988,1.0,452.2594910769228,340.84342976797615,1.0,504.069807668235,346.8445662534112,1.0,445.0628033050133,358.6301423727674,1.0,516.1824747297691,394.0692076924452,1.0,464.72157902024736,330.0584656934841,1.0,529.8019217924236,426.4949752582042,1.0,461.5965120916831,429.1209664348932,1.0,487.594435835404,429.52465151993215,1.0,476.5132814688681,490.742398812257,1.0,499.7824473421989,492.53364658186393,1.0,481.5021968355894,558.9272806076924,1.0,466.30265827739095,543.9149401300114,1.0,497.9115607163104,574.7423644024449,1.0,493.3811482502123,573.3393510103131,1.0,477.494821029949,570.3366381692617,1.0,484.5880603184687,572.7146159566183,1.0,479.7831521571338,569.9562537359794,1.0,455.5977781022866,549.205099310723,1.0,1.0,3.95,488.24693252983496,309.6226708849988,False,452.2594910769228,340.84342976797615,False,504.069807668235,346.8445662534112,False,445.0628033050133,358.6301423727674,False,516.1824747297691,394.0692076924452,False,464.72157902024736,330.0584656934841,False,529.8019217924236,426.4949752582042,False,461.5965120916831,429.1209664348932,False,487.594435835404,429.52465151993215,False,476.5132814688681,490.742398812257,False,499.7824473421989,492.53364658186393,False,481.5021968355894,558.9272806076924,False,466.30265827739095,543.9149401300114,False,True,171.6023589789865,170.57684616196008,135.9642558099438
238,238,3.966666666666667,3.966666666666667,Sports2D_HALPE26_postprocessed,487.0278960757464,309.6634436744848,1.0,451.8629248647986,340.86122264659434,1.0,503.12099187077456,347.037712966266,1.0,444.9389688318766,357.3350960298253,1.0,515.214279066707,394.3370117480797,1.0,462.3686521308097,327.3825353203107,1.0,529.2073205981611,426.6983641353852,1.0,461.1803341793638,428.8731653173859,1.0,486.7477661859847,429.5919196005108,1.0,476.1600666445224,490.8775102597676,1.0,497.8928625089978,492.85988170346553,1.0,481.2718955000458,558.9255551817014,1.0,463.5287212988496,544.409883273945,1.0,497.7108137133346,574.5570020909547,1.0,493.1756544468257,573.1004620260735,1.0,477.5271769113931,570.1234619000008,1.0,482.7370827639866,572.6584061588743,1.0,477.9235987496651,570.266969805698,1.0,452.3777141335329,549.3283882566475,1.0,1.0,3.966666666666667,487.0278960757464,309.6634436744848,False,451.8629248647986,340.86122264659434,False,503.12099187077456,347.037712966266,False,444.9389688318766,357.3350960298253,False,515.214279066707,394.3370117480797,False,462.3686521308097,327.3825353203107,False,529.2073205981611,426.6983641353852,False,461.1803341793638,428.8731653173859,False,486.7477661859847,429.5919196005108,False,476.1600666445224,490.8775102597676,False,497.8928625089978,492.85988170346553,False,481.2718955000458,558.9255551817014,False,463.5287212988496,544.409883273945,False,True,170.9582589275471,170.71410972889396,136.32132068360872
239,239,3.983333333333333,3.983333333333333,Sports2D_HALPE26_postprocessed,487.5143969766722,310.1075207039929,1.0,451.1030839055398,340.93731612005337,1.0,502.0687376010778,347.33515632809446,1.0,444.8901816826273,357.47057458107,1.0,514.0918719099222,394.6942565372416,1.0,461.60908046816286,326.5101840355145,1.0,528.1291261924472,426.8703985342624,1.0,461.0737761819122,428.8704778945148,1.0,486.11816753677374,429.69092233862045,1.0,476.0442588697893,490.9828643189754,1.0,496.2769980845628,493.2922637638496,1.0,481.1221859099292,558.9096621496684,1.0,461.4960261103863,544.7767427395785,1.0,497.44916754275226,574.6101578731848,1.0,493.01036488205045,572.948216385157,1.0,477.0242366000522,570.1662257386351,1.0,480.7911962548411,572.9550184935688,1.0,475.93801292055934,570.4546062785076,1.0,449.4740985851405,550.0236330195446,1.0,1.0,3.983333333333333,487.5143969766722,310.1075207039929,False,451.1030839055398,340.93731612005337,False,502.0687376010778,347.33515632809446,False,444.8901816826273,357.47057458107,False,514.0918719099222,394.6942565372416,False,461.60908046816286,326.5101840355145,False,528.1291261924472,426.8703985342624,False,461.0737761819122,428.8704778945148,False,486.11816753677374,429.69092233862045,False,476.0442588697893,490.9828643189754,False,496.2769980845628,493.2922637638496,False,481.1221859099292,558.9096621496684,False,461.4960261103863,544.7767427395785,False,True,170.6749811522775,170.72412917456137,136.88351695583216
240,240,4.0,4.0,Sports2D_HALPE26_postprocessed,487.53947936201286,310.5077599956217,1.0,450.8522158338215,341.14204037275414,1.0,501.39272874577193,347.45598354019785,1.0,444.917346746248,356.370459077276,1.0,513.0153415970303,394.7469574011162,1.0,460.8855452320464,325.84992519915176,1.0,527.4317387072475,426.9692138593262,1.0,460.579537518958,428.97339548544886,1.0,485.0555714182223,429.7528622295381,1.0,475.90562350952433,491.317959912383,1.0,494.23733771811567,493.6663028506819,1.0,481.20245522796097,559.2921545904788,1.0,458.4706374624656,545.725547759294,1.0,497.1008752098722,574.7621421974246,1.0,492.91239351999707,572.9512440861643,1.0,476.555488842018,571.1899082874434,1.0,479.4364859320791,572.945438075107,1.0,473.99589128088496,570.6129044383914,1.0,446.3967935455847,551.1132541158896,1.0,1.0,4.0,487.53947936201286,310.5077599956217,False,450.8522158338215,341.14204037275414,False,501.39272874577193,347.45598354019785,False,444.917346746248,356.370459077276,False,513.0153415970303,394.7469574011162,False,460.8855452320464,325.84992519915176,False,527.4317387072475,426.9692138593262,False,460.579537518958,428.97339548544886,False,485.0555714182223,429.7528622295381,False,475.90562350952433,491.317959912383,False,494.23733771811567,493.6663028506819,False,481.20245522796097,559.2921545904788,False,458.4706374624656,545.725547759294,False,True,169.7038317060887,170.6446343063909,137.33429642681486
241,241,4.016666666666667,4.016666666666667,Sports2D_HALPE26_postprocessed,485.7062955357548,310.42933338178455,1.0,450.7399086397386,341.2280882075387,1.0,500.55538335835735,347.5855778754051,1.0,444.8183071246466,353.9115163156166,1.0,512.1698234379944,395.0170261837484,1.0,459.9978832849097,324.7049501417697,1.0,526.2624999642462,427.1916919434088,1.0,460.8008979947626,429.47561272612,1.0,484.139756128086,429.7815466210636,1.0,475.8552078903659,492.2294529297767,1.0,492.37574649529887,494.1209237479306,1.0,481.5773420637486,560.4555112971686,1.0,456.0057067859536,546.6380845317744,1.0,497.0109940131092,574.9211280285579,1.0,493.0219248784723,573.0561565739082,1.0,477.8990559488971,570.8322404486252,1.0,480.4214046694476,573.8125424145874,1.0,473.6706894761757,571.6818750381826,1.0,443.8923253500366,552.5011835929492,1.0,1.0,4.016666666666667,485.7062955357548,310.42933338178455,False,450.7399086397386,341.2280882075387,False,500.55538335835735,347.5855778754051,False,444.8183071246466,353.9115163156166,False,512.1698234379944,395.0170261837484,False,459.9978832849097,324.7049501417697,False,526.2624999642462,427.1916919434088,False,460.8008979947626,429.47561272612,False,484.139756128086,429.7815466210636,False,475.8552078903659,492.2294529297767,False,492.37574649529887,494.1209237479306,False,481.5773420637486,560.4555112971686,False,456.0057067859536,546.6380845317744,False,True,170.1054842267283,171.30416400118978,138.00131508417115
242,242,4.033333333333333,4.033333333333333,Sports2D_HALPE26_postprocessed,485.116578318384,310.4723041783001,1.0,450.41180942359387,341.29028360706394,1.0,499.6939350340464,347.8567019449782,1.0,445.1149000124725,351.0097444981279,1.0,511.32576891137205,395.38494380577663,1.0,459.4700139045343,323.9592292782808,1.0,525.4172889333001,427.4180502417431,1.0,460.1303439632321,429.6725535833305,1.0,483.2550688555666,429.8606390670623,1.0,475.5761090657428,493.1534139456567,1.0,490.5171994639854,494.3310286631928,1.0,481.710722205098,561.4627334297783,1.0,453.6261082824244,547.4484668373477,1.0,497.1056816021347,574.9147738463066,1.0,493.4582103914456,573.2851503314944,1.0,478.5210279440645,571.6084259989489,1.0,477.7790939215509,574.4986770851416,1.0,470.5505861698597,572.60666339039,1.0,441.5247315931024,553.6245140045158,1.0,1.0,4.033333333333333,485.116578318384,310.4723041783001,False,450.41180942359387,341.29028360706394,False,499.6939350340464,347.8567019449782,False,445.1149000124725,351.0097444981279,False,511.32576891137205,395.38494380577663,False,459.4700139045343,323.9592292782808,False,525.4172889333001,427.4180502417431,False,460.1303439632321,429.6725535833305,False,483.2550688555666,429.8606390670623,False,475.5761090657428,493.1534139456567,False,490.5171994639854,494.3310286631928,False,481.710722205098,561.4627334297783,False,453.6261082824244,547.4484668373477,False,True,170.00705852268206,171.45664004130091,138.79240051615048
243,243,4.05,4.05,Sports2D_HALPE26_postprocessed,484.5074609816208,310.8454314780413,1.0,450.3976282332811,341.3465564257144,1.0,498.5111378876762,347.83630595575306,1.0,445.4441243337152,349.4195436340835,1.0,510.0616087792212,396.01639666996863,1.0,458.7805923824,324.1898727945048,1.0,524.4548087707626,427.7494787811984,1.0,460.0536946355497,429.7097691529817,1.0,482.1931610595751,430.2636786552388,1.0,475.4678765216796,493.5760806964644,1.0,487.99574269873017,494.5483409998798,1.0,481.80512960157193,562.0391264291158,1.0,451.44040334472055,548.8149036447418,1.0,497.2559674629508,575.0395156997564,1.0,494.012305733486,573.1013887779,1.0,479.04635000595,572.3239174536416,1.0,475.39920287803926,574.8211129078461,1.0,468.6352196014775,574.0418810463935,1.0,439.76267584582473,554.6687815819113,1.0,1.0,4.05,484.5074609816208,310.8454314780413,False,450.3976282332811,341.3465564257144,False,498.5111378876762,347.83630595575306,False,445.4441243337152,349.4195436340835,False,510.0616087792212,396.01639666996863,False,458.7805923824,324.1898727945048,False,524.4548087707626,427.7494787811984,False,460.0536946355497,429.7097691529817,False,482.1931610595751,430.2636786552388,False,475.4678765216796,493.5760806964644,False,487.99574269873017,494.5483409998798,False,481.80512960157193,562.0391264291158,False,451.44040334472055,548.8149036447418,False,True,169.08373762528444,171.71960202352628,140.87702713523112
244,244,4.066666666666666,4.066666666666666,Sports2D_HALPE26_postprocessed,485.3831608215635,311.3888955322325,1.0,449.7003750897346,341.578065104854,1.0,497.3153560748737,347.85771370060303,1.0,446.4732396890897,348.4659690971123,1.0,508.9256617676698,396.4372895247116,1.0,458.6432464680716,321.0944491499974,1.0,523.3678128589925,428.0146227613728,1.0,459.3437707477283,429.45936628687866,1.0,480.953660163468,430.1753259965664,1.0,475.2553986722936,494.064969925228,1.0,485.72129546910185,494.7054571156574,1.0,481.9750262512762,562.3603594695849,1.0,449.98771290480727,550.294525382848,1.0,497.51515622703295,575.0545137469036,1.0,494.78171922616,573.1165909502173,1.0,479.24819120844165,572.6170007325096,1.0,474.0662778188253,575.3222717394442,1.0,467.3088123647569,574.9856004029573,1.0,437.4720447916845,556.7410914538088,1.0,1.0,4.066666666666666,485.3831608215635,311.3888955322325,False,449.7003750897346,341.578065104854,False,497.3153560748737,347.85771370060303,False,446.4732396890897,348.4659690971123,False,508.9256617676698,396.4372895247116,False,458.6432464680716,321.0944491499974,False,523.3678128589925,428.0146227613728,False,459.3437707477283,429.45936628687866,False,480.953660163468,430.1753259965664,False,475.2553986722936,494.064969925228,False,485.72129546910185,494.7054571156574,False,481.9750262512762,562.3603594695849,False,449.98771290480727,550.294525382848,False,True,168.86393396610245,171.78334846927697,143.04094506747214
245,245,4.083333333333333,4.083333333333333,Sports2D_HALPE26_postprocessed,484.7029405509288,311.355882702009,1.0,449.32621298184426,341.6668845697393,1.0,496.23557339665626,347.9676531607787,1.0,446.9761509910125,347.09703305981986,1.0,508.2916947359071,396.99469360627165,1.0,457.95277962381647,321.5703266620601,1.0,522.3857355336089,428.2497871227137,1.0,458.9671495725656,429.0429506133296,1.0,479.8378277621495,429.9904538865361,1.0,475.3731017393422,494.4276319710991,1.0,482.7370719253128,494.93241526725217,1.0,482.1170852748036,562.3293700453742,1.0,448.2578221632032,552.0317206372899,1.0,497.6407339764332,575.204017594447,1.0,495.0355905799889,573.2242799786131,1.0,479.2260216633921,572.8406587089349,1.0,472.9505876088675,575.3753908282857,1.0,466.2429853763057,575.5330159232251,1.0,436.1225512048742,558.6703813484427,1.0,1.0,4.083333333333333,484.7029405509288,311.355882702009,False,449.32621298184426,341.6668845697393,False,496.23557339665626,347.9676531607787,False,446.9761509910125,347.09703305981986,False,508.2916947359071,396.99469360627165,False,457.95277962381647,321.5703266620601,False,522.3857355336089,428.2497871227137,False,458.9671495725656,429.0429506133296,False,479.8378277621495,429.9904538865361,False,475.3731017393422,494.4276319710991,False,482.7370719253128,494.93241526725217,False,482.1170852748036,562.3293700453742,False,448.2578221632032,552.0317206372899,False,True,169.5430285546434,171.58646350371777,146.31824959622224
246,246,4.1,4.1,Sports2D_HALPE26_postprocessed,484.45981014799474,311.6180777315238,1.0,449.0433765554919,341.7573663748028,1.0,495.1295662755812,348.1143137084723,1.0,447.4265969976873,346.95697756374875,1.0,506.86429601563606,396.8222423733689,1.0,457.2482333017934,319.17126594134146,1.0,520.9444913935636,428.4964596454684,1.0,458.2992780520945,428.16661073374,1.0,479.155263554827,429.5886294691308,1.0,475.2829868933733,494.4974225835527,1.0,480.5721179804922,494.9470399335922,1.0,482.3037452076543,562.4138829018134,1.0,447.0005415675163,553.7226825236597,1.0,497.7916798105427,575.0555549596756,1.0,495.51613949374985,573.1417593590363,1.0,479.1352244483844,572.9995294337066,1.0,472.3136126398581,575.4838428377584,1.0,465.9921575392564,576.2579213614662,1.0,435.21507659295526,560.460037011871,1.0,1.0,4.1,484.45981014799474,311.6180777315238,False,449.0433765554919,341.7573663748028,False,495.1295662755812,348.1143137084723,False,447.4265969976873,346.95697756374875,False,506.86429601563606,396.8222423733689,False,457.2482333017934,319.17126594134146,False,520.9444913935636,428.4964596454684,False,458.2992780520945,428.16661073374,False,479.155263554827,429.5886294691308,False,475.2829868933733,494.4974225835527,False,480.5721179804922,494.9470399335922,False,482.3037452076543,562.4138829018134,False,447.0005415675163,553.7226825236597,False,True,169.57891524650296,171.54011332119174,149.02390274028414
247,247,4.116666666666666,4.116666666666666,Sports2D_HALPE26_postprocessed,484.1108691922311,311.50620983168074,1.0,448.45311450140855,341.79840739287414,1.0,493.7830797419884,348.2202953288655,1.0,447.41268035591565,345.6031760113096,1.0,505.8748556097707,397.0275257845992,1.0,456.49089043047184,318.2885127719315,1.0,519.9029792795436,429.1254054574495,1.0,457.2196193411841,425.7186035109247,1.0,478.3207891779263,428.0576053074884,1.0,475.0955491258793,494.4580235029373,1.0,477.8881350999353,494.8155617788032,1.0,482.28267573202993,562.5638664342825,1.0,445.3715062925421,555.5627520997125,1.0,497.9519222833191,574.859397807464,1.0,495.7723714588004,572.984444084228,1.0,479.03470207574526,573.0869618447127,1.0,471.83409444870114,575.588137273279,1.0,465.5497011357276,577.0003213341672,1.0,433.6604382245616,563.4439792279106,1.0,1.0,4.116666666666666,484.1108691922311,311.50620983168074,False,448.45311450140855,341.79840739287414,False,493.7830797419884,348.2202953288655,False,447.41268035591565,345.6031760113096,False,505.8748556097707,397.0275257845992,False,456.49089043047184,318.2885127719315,False,519.9029792795436,429.1254054574495,False,457.2196193411841,425.7186035109247,False,478.3207891779263,428.0576053074884,False,475.0955491258793,494.4580235029373,False,477.8881350999353,494.8155617788032,False,482.28267573202993,562.5638664342825,False,445.3715062925421,555.5627520997125,False,True,170.3072572045333,171.4469681045176,152.21216583033544
248,248,4.133333333333333,4.133333333333333,Sports2D_HALPE26_postprocessed,483.68053501854274,311.3814357168785,1.0,448.10926593839935,341.8019465556405,1.0,492.4064280296463,348.43550835464634,1.0,447.3752147744407,343.5280132091271,1.0,504.5361175561622,397.4498015839795,1.0,454.45349450663673,318.0654324870938,1.0,518.5213525482983,430.1188605850888,1.0,456.8146634299024,424.1942326316696,1.0,477.1046028673724,426.327073869576,1.0,475.3900749496105,494.2698943516157,1.0,476.0425162016083,494.37676624404696,1.0,482.33838242602303,562.6786347549785,1.0,444.0807605978761,557.5748004676146,1.0,498.0782425735197,574.7758417477178,1.0,496.1155479503136,572.8618597235048,1.0,479.0737683281517,573.0035966893124,1.0,470.6505692969676,575.5851033392702,1.0,464.3878434787035,577.4311141278092,1.0,432.71998956146086,565.5524777192944,1.0,1.0,4.133333333333333,483.68053501854274,311.3814357168785,False,448.10926593839935,341.8019465556405,False,492.4064280296463,348.43550835464634,False,447.3752147744407,343.5280132091271,False,504.5361175561622,397.4498015839795,False,454.45349450663673,318.0654324870938,False,518.5213525482983,430.1188605850888,False,456.8146634299024,424.1942326316696,False,477.1046028673724,426.327073869576,False,475.3900749496105,494.2698943516157,False,476.0425162016083,494.37676624404696,False,482.33838242602303,562.6786347549785,False,444.0807605978761,557.5748004676146,False,True,170.72467562759869,170.95334646370176,154.06663649385524
249,249,4.15,4.15,Sports2D_HALPE26_postprocessed,482.8398701838268,311.223969637022,1.0,447.49524960674506,341.8276739770878,1.0,490.74683024762845,348.75639458681354,1.0,447.9693968268017,346.0574841029168,1.0,503.202361706695,397.7283153010393,1.0,453.939162363746,317.391752681057,1.0,517.1415587629647,431.253421871239,1.0,456.087331939644,422.1975545163764,1.0,476.2473513002696,424.79451935583097,1.0,474.9439113070065,493.914341786031,1.0,473.81121205292624,494.0328528801365,1.0,482.4219356419271,562.9381246176774,1.0,442.5396202454479,558.7258276301416,1.0,498.0833015813504,574.6776309621305,1.0,495.93429374060855,572.6215368319434,1.0,479.18330609906445,573.0146897508029,1.0,469.8320551409995,575.3876781756046,1.0,463.6078402959474,577.4450326605732,1.0,432.52990727884094,567.2747553764616,1.0,1.0,4.15,482.8398701838268,311.223969637022,False,447.49524960674506,341.8276739770878,False,490.74683024762845,348.75639458681354,False,447.9693968268017,346.0574841029168,False,503.202361706695,397.7283153010393,False,453.939162363746,317.391752681057,False,517.1415587629647,431.253421871239,False,456.087331939644,422.1975545163764,False,476.2473513002696,424.79451935583097,False,474.9439113070065,493.914341786031,False,473.81121205292624,494.0328528801365,False,482.4219356419271,562.9381246176774,False,442.5396202454479,558.7258276301416,False,True,171.69330320614796,171.45188404922115,156.2167007053344
250,250,4.166666666666667,4.166666666666667,Sports2D_HALPE26_postprocessed,478.3097732999087,311.3375610273994,1.0,446.8712406908453,341.95447791050896,1.0,489.8438213001836,349.70189477820065,1.0,448.302117027196,342.33170296040873,1.0,501.6780550482381,398.7347557578437,1.0,453.4243826341088,319.13591130065106,1.0,515.5300878808115,431.7030767058653,1.0,454.6321355260311,419.3944451237926,1.0,474.6468971484122,422.3983893206607,1.0,474.2602386067165,493.3731321364486,1.0,470.86550942807605,493.95598091096906,1.0,482.3594226060964,563.2049869374564,1.0,441.57673408330766,558.9934590450819,1.0,497.5250875650151,574.5763007008679,1.0,495.5737121907516,571.80501034137,1.0,479.31726333586346,572.9808879904684,1.0,467.6428807685957,574.9344283870437,1.0,461.5442128987847,577.5070092210506,1.0,432.3328358470483,568.2190336623362,1.0,1.0,4.166666666666667,478.3097732999087,311.3375610273994,False,446.8712406908453,341.95447791050896,False,489.8438213001836,349.70189477820065,False,448.302117027196,342.33170296040873,False,501.6780550482381,398.7347557578437,False,453.4243826341088,319.13591130065106,False,515.5300878808115,431.7030767058653,False,454.6321355260311,419.3944451237926,False,474.6468971484122,422.3983893206607,False,474.2602386067165,493.3731321364486,False,470.86550942807605,493.95598091096906,False,482.3594226060964,563.2049869374564,False,441.57673408330766,558.9934590450819,False,True,170.7787249507287,171.7562627905817,158.78112830842656
251,251,4.183333333333334,4.183333333333334,Sports2D_HALPE26_postprocessed,475.7975504733751,311.2858815882845,1.0,446.2336285668872,342.2632869012533,1.0,491.0441210160365,350.7110380283379,1.0,450.12660364790577,347.00301162074794,1.0,500.9320999456224,399.2417048744439,1.0,453.7847746751755,322.18197599007044,1.0,513.5390221847664,431.5837175300903,1.0,453.4785642373831,419.42218540087606,1.0,472.26329428313306,422.7023661781311,1.0,472.83018844450976,492.21817122963967,1.0,468.78534373258265,493.92530595440536,1.0,482.14100135964384,560.7557309485102,1.0,441.26550055257314,557.871236657028,1.0,496.3920964318198,574.7120042921375,1.0,495.5760818993692,571.2915547542832,1.0,479.2349421123992,573.0307427015518,1.0,466.9317650410151,574.4930184952962,1.0,461.1579312083687,577.8029728254817,1.0,432.0506257166513,569.3986800219843,1.0,1.0,4.183333333333334,475.7975504733751,311.2858815882845,False,446.2336285668872,342.2632869012533,False,491.0441210160365,350.7110380283379,False,450.12660364790577,347.00301162074794,False,500.9320999456224,399.2417048744439,False,453.7847746751755,322.18197599007044,False,513.5390221847664,431.5837175300903,False,453.4785642373831,419.42218540087606,False,472.26329428313306,422.7023661781311,False,472.83018844450976,492.21817122963967,False,468.78534373258265,493.92530595440536,False,482.14100135964384,560.7557309485102,False,441.26550055257314,557.871236657028,False,True,170.22036893005756,172.84941066434214,159.51047524398663
252,252,4.2,4.2,Sports2D_HALPE26_postprocessed,475.396773253498,311.0452915796155,1.0,445.5520746760979,342.6887489556607,1.0,489.3068545242321,350.77784175464967,1.0,450.97960576658016,347.4002630168094,1.0,499.4334094541926,399.7510324617773,1.0,453.6061568095644,320.88716672113134,1.0,512.3316347507092,431.471357337248,1.0,452.3400402694367,420.5559802561064,1.0,471.0582333184849,423.455665481472,1.0,471.6331701352444,492.016437770733,1.0,467.1188435245756,493.8606163033795,1.0,481.8526867273115,560.1845111619085,1.0,440.5983477929316,558.6389054514291,1.0,495.7974558031224,574.6185629044439,1.0,495.27401204029286,570.8140494307805,1.0,479.2034906602103,573.0601636366972,1.0,466.6492369601282,574.2772341342031,1.0,461.8038069989634,577.867744774425,1.0,431.6557972787754,570.8509676716598,1.0,1.0,4.2,475.396773253498,311.0452915796155,False,445.5520746760979,342.6887489556607,False,489.3068545242321,350.77784175464967,False,450.97960576658016,347.4002630168094,False,499.4334094541926,399.7510324617773,False,453.6061568095644,320.88716672113134,False,512.3316347507092,431.471357337248,False,452.3400402694367,420.5559802561064,False,471.0582333184849,423.455665481472,False,471.6331701352444,492.016437770733,False,467.1188435245756,493.8606163033795,False,481.8526867273115,560.1845111619085,False,440.5983477929316,558.6389054514291,False,True,169.55502110893877,173.4174015835603,160.9381561262851
253,253,4.216666666666667,4.216666666666667,Sports2D_HALPE26_postprocessed,475.3459109596887,310.72295287530187,1.0,445.0191435281394,342.9212444716004,1.0,487.7932268425702,350.9268628071481,1.0,450.0925016383309,344.9475234426066,1.0,498.2107820509255,400.1043582236806,1.0,453.237669644961,318.8609873074872,1.0,510.3332407978568,431.9218716762118,1.0,451.61399031920337,420.5997008068767,1.0,470.33067982659736,423.4769496864199,1.0,470.85126653080704,491.1465716105116,1.0,465.4688338009803,493.4362051454858,1.0,481.5941351885277,559.6240505877583,1.0,440.1327416336554,558.9720632696016,1.0,495.401719306196,574.3287089950616,1.0,495.1343390645288,570.7460002781676,1.0,479.19957027124383,573.1272425889165,1.0,466.3735188606696,573.8667843260283,1.0,461.77852252191553,577.929294109332,1.0,431.6396494575018,572.2937361085184,1.0,1.0,4.216666666666667,475.3459109596887,310.72295287530187,False,445.0191435281394,342.9212444716004,False,487.7932268425702,350.9268628071481,False,450.0925016383309,344.9475234426066,False,498.2107820509255,400.1043582236806,False,453.237669644961,318.8609873074872,False,510.3332407978568,431.9218716762118,False,451.61399031920337,420.5997008068767,False,470.33067982659736,423.4769496864199,False,470.85126653080704,491.1465716105116,False,465.4688338009803,493.4362051454858,False,481.5941351885277,559.6240505877583,False,440.1327416336554,558.9720632696016,False,True,171.10366523096923,173.66297369527328,162.8389529755345
254,254,4.233333333333333,4.233333333333333,Sports2D_HALPE26_postprocessed,476.4507773606481,310.28191890884244,1.0,445.0042531697809,342.909796157508,1.0,487.5229700243008,351.16636712537047,1.0,450.53919889351965,346.394277161472,1.0,496.2418494963772,400.7395784063698,1.0,453.4375712888264,320.2746455486117,1.0,509.0888955120694,434.4682072855493,1.0,450.7968260544149,421.0828067156162,1.0,469.3744637822724,423.8109934208841,1.0,469.9375525469975,489.90180250644255,1.0,463.6557901733316,492.88247242744535,1.0,481.4266549601383,558.6660639222387,1.0,440.0969705305688,558.510692724556,1.0,494.6096983579644,573.4934903619536,1.0,494.3125901429908,570.3323328483068,1.0,479.2341202707224,573.1272346990892,1.0,467.4364368692931,573.349035689512,1.0,462.2053755905654,577.8492929606873,1.0,431.720721889874,572.9042895359116,1.0,1.0,4.233333333333333,476.4507773606481,310.28191890884244,False,445.0042531697809,342.909796157508,False,487.5229700243008,351.16636712537047,False,450.53919889351965,346.394277161472,False,496.2418494963772,400.7395784063698,False,453.4375712888264,320.2746455486117,False,509.0888955120694,434.4682072855493,False,450.7968260544149,421.0828067156162,False,469.3744637822724,423.8109934208841,False,469.9375525469975,489.90180250644255,False,463.6557901733316,492.88247242744535,False,481.4266549601383,558.6660639222387,False,440.0969705305688,558.510692724556,False,True,169.12353924676978,173.9424170515273,164.98611241530025
255,255,4.25,4.25,Sports2D_HALPE26_postprocessed,476.61759437890936,310.1288990591311,1.0,444.8246545268448,342.8294801859139,1.0,486.8978324660136,351.47689395457934,1.0,449.882086076548,345.01476940697006,1.0,495.02310787645206,401.2422042571453,1.0,452.9915117155589,320.06246897939354,1.0,507.9441973275632,435.3757788702519,1.0,450.17425700426617,420.9371180210151,1.0,468.3024081257556,423.4805878234375,1.0,469.27267917418953,489.42767764153575,1.0,462.5848810865136,492.3288893187568,1.0,481.2632199923309,558.602148897337,1.0,439.785005473826,558.5945578948783,1.0,494.2584185974973,572.5158936041835,1.0,493.46730951342334,569.517445415996,1.0,478.9935417539016,573.0341736572453,1.0,468.8422097831082,572.9536674484929,1.0,462.5895183722279,577.6022588810583,1.0,431.7619187542352,573.5653148737749,1.0,1.0,4.25,476.61759437890936,310.1288990591311,False,444.8246545268448,342.8294801859139,False,486.8978324660136,351.47689395457934,False,449.882086076548,345.01476940697006,False,495.02310787645206,401.2422042571453,False,452.9915117155589,320.06246897939354,False,507.9441973275632,435.3757788702519,False,450.17425700426617,420.9371180210151,False,468.3024081257556,423.4805878234375,False,469.27267917418953,489.42767764153575,False,462.5848810865136,492.3288893187568,False,481.2632199923309,558.602148897337,False,439.785005473826,558.5945578948783,False,True,168.5390654354358,174.25280843405454,165.7605663187456
256,256,4.266666666666667,4.266666666666667,Sports2D_HALPE26_postprocessed,477.8779646630941,310.55355214622443,1.0,444.20919344790696,342.5855039055021,1.0,485.77045083129246,351.7300767493406,1.0,449.3745117287183,345.1475692232863,1.0,492.9880574605354,400.65939982158375,1.0,452.3445983096622,321.51777630909686,1.0,506.3257399530912,435.5671099206123,1.0,449.40281642220265,420.29508816054096,1.0,467.1614714305156,423.11036452189967,1.0,468.49954718500726,488.97711461044616,1.0,461.8113711291204,491.9125335094517,1.0,481.0363438099095,558.5944387303513,1.0,439.83476882554544,558.6949598655353,1.0,494.3227707498075,570.4709520033872,1.0,492.13648272975945,567.5902764945532,1.0,479.0483953353073,573.0828680791863,1.0,469.6737293698207,572.6004381007834,1.0,462.6739485298859,577.303880109117,1.0,431.89989202758846,574.0412186256077,1.0,1.0,4.266666666666667,477.8779646630941,310.55355214622443,False,444.20919344790696,342.5855039055021,False,485.77045083129246,351.7300767493406,False,449.3745117287183,345.1475692232863,False,492.9880574605354,400.65939982158375,False,452.3445983096622,321.51777630909686,False,506.3257399530912,435.5671099206123,False,449.40281642220265,420.29508816054096,False,467.1614714305156,423.11036452189967,False,468.49954718500726,488.97711461044616,False,461.8113711291204,491.9125335094517,False,481.0363438099095,558.5944387303513,False,439.83476882554544,558.6949598655353,False,True,167.4801722275391,174.67014788052302,166.23118981703655
257,257,4.283333333333333,4.283333333333333,Sports2D_HALPE26_postprocessed,477.8597121055148,311.1474719904716,1.0,443.6502414189396,342.50475571567546,1.0,484.43799747692873,351.5169922341787,1.0,447.62029125597553,344.1420675663546,1.0,491.1345475895421,400.2686110637376,1.0,451.6148092060493,322.25377924451374,1.0,504.0651097730365,435.7538917238744,1.0,448.1384168868349,419.97071326024286,1.0,466.2483839607824,422.8484993701664,1.0,467.2815367589665,488.58747151135606,1.0,460.56811733164113,491.5781873115546,1.0,480.6562331347831,558.2955812385159,1.0,439.66840321849446,558.66493471175,1.0,494.1718113132884,569.1516235355075,1.0,491.3665188478148,566.7770600459563,1.0,479.1393347674447,573.2546662810493,1.0,470.62319139598577,572.2786960801737,1.0,462.3419826463999,576.9870853730342,1.0,432.0086696241604,574.1557969403182,1.0,1.0,4.283333333333333,477.8597121055148,311.1474719904716,False,443.6502414189396,342.50475571567546,False,484.43799747692873,351.5169922341787,False,447.62029125597553,344.1420675663546,False,491.1345475895421,400.2686110637376,False,451.6148092060493,322.25377924451374,False,504.0651097730365,435.7538917238744,False,448.1384168868349,419.97071326024286,False,466.2483839607824,422.8484993701664,False,467.2815367589665,488.58747151135606,False,460.56811733164113,491.5781873115546,False,480.6562331347831,558.2955812385159,False,439.66840321849446,558.66493471175,False,True,167.79988615476222,175.27282212312187,167.4210387440098
258,258,4.3,4.3,Sports2D_HALPE26_postprocessed,478.48431755009807,312.26985041848087,1.0,442.64876454919295,342.335293525698,1.0,483.2872239222722,351.2220813947636,1.0,445.4319228861183,345.2682193191338,1.0,489.5239335662975,399.99035844126666,1.0,451.38512124707376,323.1793735704409,1.0,502.4296568175721,436.141298369096,1.0,447.05078099874913,420.3434712714724,1.0,465.1889202235682,423.1827572165243,1.0,466.5316846079461,488.449941459057,1.0,459.8980609253716,491.6613271726145,1.0,480.1583498825645,558.2597361596593,1.0,439.7564487314161,558.6280109167568,1.0,494.6052297317686,567.2981009407533,1.0,490.7806163340148,565.819524936149,1.0,479.3337796593125,573.1227489539103,1.0,471.564231043498,571.6054370339479,1.0,462.323768171006,576.3921537937456,1.0,432.1203801229874,574.4174578543284,1.0,1.0,4.3,478.48431755009807,312.26985041848087,False,442.64876454919295,342.335293525698,False,483.2872239222722,351.2220813947636,False,445.4319228861183,345.2682193191338,False,489.5239335662975,399.99035844126666,False,451.38512124707376,323.1793735704409,False,502.4296568175721,436.141298369096,False,447.05078099874913,420.3434712714724,False,465.1889202235682,423.1827572165243,False,466.5316846079461,488.449941459057,False,459.8980609253716,491.6613271726145,False,480.1583498825645,558.2597361596593,False,439.7564487314161,558.6280109167568,False,True,167.6413522213424,175.0826474139904,167.67832189345603
259,259,4.316666666666666,4.316666666666666,Sports2D_HALPE26_postprocessed,479.0179540644045,313.1933251824125,1.0,441.8957504795569,342.0427543967861,1.0,481.7663044974378,350.83501665359046,1.0,444.2406774251399,344.69769510495223,1.0,487.5095145773481,399.8134103970877,1.0,451.022389270222,324.4723820781831,1.0,500.35123100423215,436.7466354628172,1.0,446.1108554840946,420.3456035108933,1.0,464.1722256582249,423.15782202707726,1.0,465.541259304509,489.1342950366862,1.0,458.92824421772,491.9978514216643,1.0,479.8870081816061,558.0505093117952,1.0,439.4730136747812,559.5878492521022,1.0,494.5923719761167,564.886505258743,1.0,489.89332362079847,563.9648414069467,1.0,479.43087112486666,572.7259377247765,1.0,471.4837119308093,571.1236026930999,1.0,462.36054562970577,576.1169880948769,1.0,431.84934702495,574.7022934581686,1.0,1.0,4.316666666666666,479.0179540644045,313.1933251824125,False,441.8957504795569,342.0427543967861,False,481.7663044974378,350.83501665359046,False,444.2406774251399,344.69769510495223,False,487.5095145773481,399.8134103970877,False,451.022389270222,324.4723820781831,False,500.35123100423215,436.7466354628172,False,446.1108554840946,420.3456035108933,False,464.1722256582249,423.15782202707726,False,465.541259304509,489.1342950366862,False,458.92824421772,491.9978514216643,False,479.8870081816061,558.0505093117952,False,439.4730136747812,559.5878492521022,False,True,167.51535557136947,175.98575626978078,168.2981364132581
260,260,4.333333333333333,4.333333333333333,Sports2D_HALPE26_postprocessed,480.54161304029503,315.3947032034481,1.0,441.0876579743916,341.787220819862,1.0,480.26685314103855,350.48893439624896,1.0,443.6588709168234,344.3044218027459,1.0,485.5294814128968,399.70473452904224,1.0,451.24695505055206,324.5922504705569,1.0,497.9152175360847,436.9618769064496,1.0,445.3383123307717,420.9713595384393,1.0,463.1134344953151,423.4616486756213,1.0,464.6534601235451,489.76433006745015,1.0,457.91535671775824,492.3501929540544,1.0,479.4531224870483,557.7293041731999,1.0,439.36505196522927,560.5320336923835,1.0,494.3403513194215,562.0120076517994,1.0,489.03745475106194,561.2592993787124,1.0,479.64025987756855,571.7549373680728,1.0,470.0599943409766,570.7565470989782,1.0,462.483376433874,575.9360765183258,1.0,431.7099374258321,574.716062701866,1.0,1.0,4.333333333333333,480.54161304029503,315.3947032034481,False,441.0876579743916,341.787220819862,False,480.26685314103855,350.48893439624896,False,443.6588709168234,344.3044218027459,False,485.5294814128968,399.70473452904224,False,451.24695505055206,324.5922504705569,False,497.9152175360847,436.9618769064496,False,445.3383123307717,420.9713595384393,False,463.1134344953151,423.4616486756213,False,464.6534601235451,489.76433006745015,False,457.91535671775824,492.3501929540544,False,479.4531224870483,557.7293041731999,False,439.36505196522927,560.5320336923835,False,True,167.71459455065138,176.60136844936534,169.09503596059034
261,261,4.35,4.35,Sports2D_HALPE26_postprocessed,483.3014271141595,317.4192757081903,1.0,440.6162048904972,341.3317800142382,1.0,479.1350305099791,350.2389524987137,1.0,444.0042591593823,347.202347346711,1.0,483.93395823991017,399.4333812285195,1.0,451.3573568060788,326.09715209293705,1.0,495.8148153810753,437.1574051386891,1.0,443.9718625815847,421.1870035588868,1.0,462.08840017526745,423.5964194982212,1.0,464.4198181885099,489.7394462894488,1.0,457.230472400168,492.5293132845616,1.0,479.2467710674193,557.4342588959876,1.0,439.309015212152,560.9339505112162,1.0,494.7867392054234,560.6985897457641,1.0,488.9433863745106,559.9820791671701,1.0,479.63665068295785,570.5313466249969,1.0,469.6550041455088,570.4790128578762,1.0,462.1152373920552,575.7013890795586,1.0,431.5881489709871,574.6332522684564,1.0,1.0,4.35,483.3014271141595,317.4192757081903,False,440.6162048904972,341.3317800142382,False,479.1350305099791,350.2389524987137,False,444.0042591593823,347.202347346711,False,483.93395823991017,399.4333812285195,False,451.3573568060788,326.09715209293705,False,495.8148153810753,437.1574051386891,False,443.9718625815847,421.1870035588868,False,462.08840017526745,423.5964194982212,False,464.4198181885099,489.7394462894488,False,457.230472400168,492.5293132845616,False,479.2467710674193,557.4342588959876,False,439.309015212152,560.9339505112162,False,True,168.09021466088723,175.74530932523353,169.3500949987145
262,262,4.366666666666666,4.366666666666666,Sports2D_HALPE26_postprocessed,485.6039975936319,319.39015638864095,1.0,440.13863825929934,340.8670815588762,1.0,477.93847470005664,350.01804717329827,1.0,444.1510916568909,373.8027737554704,1.0,482.16759377558265,399.2939712604425,1.0,453.0005558015545,328.5009433789019,1.0,493.2112539821618,437.1095477680433,1.0,443.22641874004097,421.97921997617823,1.0,461.332329015171,424.2380706003553,1.0,464.127390724831,490.0844446136847,1.0,456.0017449156496,492.9393622997537,1.0,479.0422804946279,556.9243119347811,1.0,439.31160256637503,561.2215072486595,1.0,495.25376898024814,559.9356751940018,1.0,489.7898810690102,559.386341199299,1.0,479.3863162874307,569.6259494550973,1.0,469.14868151085454,570.3528759381884,1.0,461.96019194700057,575.464891373354,1.0,431.4397612209116,574.5969707299901,1.0,1.0,4.366666666666666,485.6039975936319,319.39015638864095,False,440.13863825929934,340.8670815588762,False,477.93847470005664,350.01804717329827,False,444.1510916568909,373.8027737554704,False,482.16759377558265,399.2939712604425,False,453.0005558015545,328.5009433789019,False,493.2112539821618,437.1095477680433,False,443.22641874004097,421.97921997617823,False,461.332329015171,424.2380706003553,False,464.127390724831,490.0844446136847,False,456.0017449156496,492.9393622997537,False,479.0422804946279,556.9243119347811,False,439.31160256637503,561.2215072486595,False,True,168.62548938166907,175.5182565443667,170.7012946904022
263,263,4.383333333333333,4.383333333333333,Sports2D_HALPE26_postprocessed,486.6075062659178,320.7304368838916,1.0,440.3495293374418,340.43286805123915,1.0,477.1180496182778,349.8584678097272,1.0,443.2536579169821,379.1366307153213,1.0,480.0334701026269,399.03283783810286,1.0,454.2753560273236,329.30611550265183,1.0,491.3865282833746,437.4086550055226,1.0,442.8812703845608,423.2819927843652,1.0,460.8480154221152,425.1655567963292,1.0,463.83890742317874,490.57593270956886,1.0,454.7788377280368,493.63849967198814,1.0,479.07908278184783,556.9337523595774,1.0,439.10193464545273,561.8035310124558,1.0,495.9128889758224,559.3327346707879,1.0,490.4549621788163,558.799063123635,1.0,479.2842468516571,569.1761225094176,1.0,468.1088001174772,570.7014486895692,1.0,461.36011930189954,575.4477465534706,1.0,431.45811145732296,574.5074077735795,1.0,1.0,4.383333333333333,486.6075062659178,320.7304368838916,False,440.3495293374418,340.43286805123915,False,477.1180496182778,349.8584678097272,False,443.2536579169821,379.1366307153213,False,480.0334701026269,399.03283783810286,False,454.2753560273236,329.30611550265183,False,491.3865282833746,437.4086550055226,False,442.8812703845608,423.2819927843652,False,460.8480154221152,425.1655567963292,False,463.83890742317874,490.57593270956886,False,454.7788377280368,493.63849967198814,False,479.07908278184783,556.9337523595774,False,439.10193464545273,561.8035310124558,False,True,166.91268135111645,175.63624404605147,172.1133169176561
264,264,4.4,4.4,Sports2D_HALPE26_postprocessed,487.23531439894487,323.038722018677,1.0,440.9036747606383,340.22840067035486,1.0,476.1948024348586,349.6807337342051,1.0,442.65880096431465,379.9667027765687,1.0,478.3178435418318,398.6085197214193,1.0,454.17798864373424,332.46472581068826,1.0,488.8553967360023,436.8804100470704,1.0,442.4951299503218,425.0592197890095,1.0,459.3532577898076,426.8040874694139,1.0,463.5178175628776,491.39308383849874,1.0,453.6637291498993,493.9659590202105,1.0,478.9364066760576,556.5915681818524,1.0,438.92384015005,561.8901229745543,1.0,496.9356402696623,558.4509491420886,1.0,491.0913899215064,557.909429175756,1.0,479.0627114767748,569.1693622969652,1.0,467.53677911628176,570.6623129817326,1.0,461.48366393065226,575.7788325631781,1.0,431.3137929762254,574.632466889762,1.0,1.0,4.4,487.23531439894487,323.038722018677,False,440.9036747606383,340.22840067035486,False,476.1948024348586,349.6807337342051,False,442.65880096431465,379.9667027765687,False,478.3178435418318,398.6085197214193,False,454.17798864373424,332.46472581068826,False,488.8553967360023,436.8804100470704,False,442.4951299503218,425.0592197890095,False,459.3532577898076,426.8040874694139,False,463.5178175628776,491.39308383849874,False,453.6637291498993,493.9659590202105,False,478.9364066760576,556.5915681818524,False,438.92384015005,561.8901229745543,False,True,167.09053901980525,175.72068532460716,172.598532811638
265,265,4.416666666666667,4.416666666666667,Sports2D_HALPE26_postprocessed,487.3932858383786,323.9196051089124,1.0,441.19882446001617,339.5274646816591,1.0,476.1994792534561,349.6681039790653,1.0,442.887293921654,381.6583123105991,1.0,476.3636881689079,398.1305032221311,1.0,460.2221053749604,411.5395812703,1.0,486.7188128208378,436.4337062620085,1.0,441.8296209073693,426.0780384367536,1.0,458.29325678328905,427.4807356593215,1.0,462.9899543575506,491.78075858332414,1.0,452.9249575432903,494.0390602476404,1.0,478.7098173938085,555.9305938986092,1.0,438.81116553411925,561.5881344209232,1.0,498.2358778071072,558.5716589695863,1.0,491.7223726625886,557.6762336740144,1.0,478.4859534399628,569.014918921018,1.0,466.9055443637369,570.6084117997771,1.0,460.06655475243855,576.0346166660142,1.0,431.205875632559,574.7152223247831,1.0,1.0,4.416666666666667,487.3932858383786,323.9196051089124,False,441.19882446001617,339.5274646816591,False,476.1994792534561,349.6681039790653,False,442.887293921654,381.6583123105991,False,476.3636881689079,398.1305032221311,False,460.2221053749604,411.5395812703,False,486.7188128208378,436.4337062620085,False,441.8296209073693,426.0780384367536,False,458.29325678328905,427.4807356593215,False,462.9899543575506,491.78075858332414,False,452.9249575432903,494.0390602476404,False,478.7098173938085,555.9305938986092,False,438.81116553411925,561.5881344209232,False,True,165.0660784968675,175.91719316794132,172.80957120519622
266,266,4.433333333333334,4.433333333333334,Sports2D_HALPE26_postprocessed,487.4542106750228,324.21559502638456,1.0,441.3170271465585,339.1775634875065,1.0,475.2073369125642,349.4132999267374,1.0,443.2725849481195,376.7160104965872,1.0,475.1032328756066,397.8759334170896,1.0,465.9329064675877,349.18931355451883,1.0,484.15545161911547,436.162608420612,1.0,441.3223593887527,426.4062795459888,1.0,457.6593100021617,427.7102397213292,1.0,462.64155322762633,492.1362546529255,1.0,451.8665944576765,494.0407029192645,1.0,478.0595617751609,555.6521165340073,1.0,438.7502777809425,562.0352659839357,1.0,498.9665603188437,559.6130894096882,1.0,493.190912943091,558.6826905715993,1.0,477.3204541560642,568.4342534023745,1.0,466.7662827959626,570.9791682087289,1.0,459.90237151765285,576.4310737530885,1.0,431.1503166421388,574.5871527764767,1.0,1.0,4.433333333333334,487.4542106750228,324.21559502638456,False,441.3170271465585,339.1775634875065,False,475.2073369125642,349.4132999267374,False,443.2725849481195,376.7160104965872,False,475.1032328756066,397.8759334170896,False,465.9329064675877,349.18931355451883,False,484.15545161911547,436.162608420612,False,441.3223593887527,426.4062795459888,False,457.6593100021617,427.7102397213292,False,462.64155322762633,492.1362546529255,False,451.8665944576765,494.0407029192645,False,478.0595617751609,555.6521165340073,False,438.7502777809425,562.0352659839357,False,True,166.57460799100414,175.6740086909837,174.07265918195205
267,267,4.45,4.45,Sports2D_HALPE26_postprocessed,487.1889099491593,323.8642327201611,1.0,441.60753070971407,338.9026872583387,1.0,474.22606483973584,348.9080286570595,1.0,443.8817294940218,374.7996500647911,1.0,473.2389916073703,397.4487093430274,1.0,468.0191151130661,345.24963058038634,1.0,481.7341623821693,436.0676293398367,1.0,441.33877038283,426.042468702585,1.0,457.0016179421262,427.2692965599971,1.0,462.1618029288137,492.2581657168099,1.0,450.8285477223177,494.0122274940495,1.0,476.8685107267755,555.4747510694103,1.0,438.69708580807935,562.2032967290968,1.0,499.785548545558,561.87095872228,1.0,494.5373739197779,560.8254447192342,1.0,475.4230412498495,567.8833139439307,1.0,467.09714788744617,571.1168756757688,1.0,460.1784031924735,576.6317853012366,1.0,431.0987129017748,574.6242965168389,1.0,1.0,4.45,487.1889099491593,323.8642327201611,False,441.60753070971407,338.9026872583387,False,474.22606483973584,348.9080286570595,False,443.8817294940218,374.7996500647911,False,473.2389916073703,397.4487093430274,False,468.0191151130661,345.24963058038634,False,481.7341623821693,436.0676293398367,False,441.33877038283,426.042468702585,False,457.0016179421262,427.2692965599971,False,462.1618029288137,492.2581657168099,False,450.8285477223177,494.0122274940495,False,476.8685107267755,555.4747510694103,False,438.69708580807935,562.2032967290968,False,True,166.42903741537216,175.6394027129536,175.19666048363206
268,268,4.466666666666667,4.466666666666667,Sports2D_HALPE26_postprocessed,487.06962405846286,324.2045016770918,1.0,442.2519260978737,338.4347958631013,1.0,473.3268220494177,348.81742117571827,1.0,442.7929373932087,375.5190982396263,1.0,471.82430877122096,397.4861714810881,1.0,467.628806351018,345.94532758214706,1.0,479.9048883315259,436.0427085363641,1.0,441.3814050431668,426.3234893216133,1.0,455.8757133362677,427.681773628615,1.0,462.1182610680133,492.4933642703805,1.0,449.80987021972646,494.0156033306574,1.0,476.2200558059102,555.5610699088077,1.0,438.569447427795,562.7986301405057,1.0,500.05040944722936,563.0169202789833,1.0,495.4662198812399,561.6769995080246,1.0,473.8912680680845,567.7424446330845,1.0,467.254019119172,571.3662063413049,1.0,460.9711067492757,576.8347669806719,1.0,430.9695466951185,574.614212061604,1.0,1.0,4.466666666666667,487.06962405846286,324.2045016770918,False,442.2519260978737,338.4347958631013,False,473.3268220494177,348.81742117571827,False,442.7929373932087,375.5190982396263,False,471.82430877122096,397.4861714810881,False,467.628806351018,345.94532758214706,False,479.9048883315259,436.0427085363641,False,441.3814050431668,426.3234893216133,False,455.8757133362677,427.681773628615,False,462.1182610680133,492.4933642703805,False,449.80987021972646,494.0156033306574,False,476.2200558059102,555.5610699088077,False,438.569447427795,562.7986301405057,False,True,166.39512490263948,175.2035130440002,175.94368081188495
269,269,4.483333333333333,4.483333333333333,Sports2D_HALPE26_postprocessed,487.03869021822845,324.60735567044253,1.0,442.41052099529503,338.1800901675062,1.0,472.3945445025796,348.6717725562839,1.0,441.7287782718912,380.1112497720272,1.0,470.4690419922512,397.2800764420219,1.0,461.725046178847,421.280514141936,1.0,478.5468419643931,436.0771001510983,1.0,441.3240204679252,426.8637250157044,1.0,455.21744604534,428.2405901170634,1.0,462.2081176990573,492.6662944761288,1.0,449.4525341608676,494.1019642625409,1.0,475.3682667369424,555.6196600362833,1.0,438.4882150200485,563.1430538302617,1.0,499.93964321795295,563.3841018932908,1.0,495.5419794880073,562.0034490278381,1.0,472.53623691083175,567.9355912650435,1.0,467.1036523343649,571.4329727238401,1.0,461.162727665542,576.9428647110124,1.0,430.8804973561712,574.674135723688,1.0,1.0,4.483333333333333,487.03869021822845,324.60735567044253,False,442.41052099529503,338.1800901675062,False,472.3945445025796,348.6717725562839,False,441.7287782718912,380.1112497720272,False,470.4690419922512,397.2800764420219,False,461.725046178847,421.280514141936,False,478.5468419643931,436.0771001510983,False,441.3240204679252,426.8637250157044,False,455.21744604534,428.2405901170634,False,462.2081176990573,492.6662944761288,False,449.4525341608676,494.1019642625409,False,475.3682667369424,555.6196600362833,False,438.4882150200485,563.1430538302617,False,True,165.97021521847645,174.1992751352801,175.97870064525037
