frame,frame_idx,time,timestamp_sec,pose_source,nose_x,nose_y,nose_conf,left_shoulder_x,left_shoulder_y,left_shoulder_conf,right_shoulder_x,right_shoulder_y,right_shoulder_conf,left_elbow_x,left_elbow_y,left_elbow_conf,right_elbow_x,right_elbow_y,right_elbow_conf,left_wrist_x,left_wrist_y,left_wrist_conf,right_wrist_x,right_wrist_y,right_wrist_conf,left_hip_x,left_hip_y,left_hip_conf,right_hip_x,right_hip_y,right_hip_conf,left_knee_x,left_knee_y,left_knee_conf,right_knee_x,right_knee_y,right_knee_conf,left_ankle_x,left_ankle_y,left_ankle_conf,right_ankle_x,right_ankle_y,right_ankle_conf,left_big_toe_x,left_big_toe_y,left_big_toe_conf,left_small_toe_x,left_small_toe_y,left_small_toe_conf,left_heel_x,left_heel_y,left_heel_conf,right_big_toe_x,right_big_toe_y,right_big_toe_conf,right_small_toe_x,right_small_toe_y,right_small_toe_conf,right_heel_x,right_heel_y,right_heel_conf,sports2d_core_valid_ratio,timestamp,nose_x_clean,nose_y_clean,nose_invalid,left_shoulder_x_clean,left_shoulder_y_clean,left_shoulder_invalid,right_shoulder_x_clean,right_shoulder_y_clean,right_shoulder_invalid,left_elbow_x_clean,left_elbow_y_clean,left_elbow_invalid,right_elbow_x_clean,right_elbow_y_clean,right_elbow_invalid,left_wrist_x_clean,left_wrist_y_clean,left_wrist_invalid,right_wrist_x_clean,right_wrist_y_clean,right_wrist_invalid,left_hip_x_clean,left_hip_y_clean,left_hip_invalid,right_hip_x_clean,right_hip_y_clean,right_hip_invalid,left_knee_x_clean,left_knee_y_clean,left_knee_invalid,right_knee_x_clean,right_knee_y_clean,right_knee_invalid,left_ankle_x_clean,left_ankle_y_clean,left_ankle_invalid,right_ankle_x_clean,right_ankle_y_clean,right_ankle_invalid,sports2d_ab_prepared,throwing_elbow_angle,left_knee_angle,right_knee_angle
0,0,0.0,0.0,Sports2D_HALPE26_postprocessed,561.7096397838707,342.4643543040864,1.0,545.6945164682533,374.2843280031464,1.0,538.096214077967,378.919036049724,1.0,544.7654434086069,416.8842666503194,1.0,537.5119722537485,424.5447320578951,1.0,574.0342258313689,429.2229836289168,1.0,571.9752063006506,430.7485607116921,1.0,544.2454087610633,457.9246275456886,1.0,538.0939317505906,458.4886956254726,1.0,548.3620857774785,528.2969007447125,1.0,546.3035250175178,530.8638271486498,1.0,535.5203986701267,597.59499667214,1.0,536.0388005021173,601.7017762227495,1.0,564.2800212452323,612.9995520088414,1.0,562.7471248486522,608.8892602864722,1.0,522.6825322622472,610.9445937247546,1.0,567.3684362616249,614.5046810442212,1.0,563.7742677127143,620.1257527055672,1.0,528.3405367091211,616.0771224940794,1.0,1.0,0.0,561.7096397838707,342.4643543040864,False,545.6945164682533,374.2843280031464,False,538.096214077967,378.919036049724,False,544.7654434086069,416.8842666503194,False,537.5119722537485,424.5447320578951,False,574.0342258313689,429.2229836289168,False,571.9752063006506,430.7485607116921,False,544.2454087610633,457.9246275456886,False,538.0939317505906,458.4886956254726,False,548.3620857774785,528.2969007447125,False,546.3035250175178,530.8638271486498,False,535.5203986701267,597.59499667214,False,536.0388005021173,601.7017762227495,False,True,99.47105440822575,166.15365793023275,165.28351771380872
1,1,0.0166666666666666,0.0166666666666666,Sports2D_HALPE26_postprocessed,561.7075539260179,342.444758912618,1.0,545.6259619524432,374.2643317893336,1.0,538.0914013094095,378.9102335344514,1.0,544.7602526628012,416.8526707118637,1.0,537.4245109897961,424.5150075284566,1.0,574.037827418095,429.21687683868697,1.0,571.9716981678697,430.73513005577246,1.0,544.2386003166598,457.8604854280413,1.0,538.0871814555533,458.4919202687525,1.0,548.3578159673498,528.29717336283,1.0,546.2957751927577,530.8646651066574,1.0,535.504604727555,597.5979955482136,1.0,536.0284989135534,601.7049388144382,1.0,564.2823489840002,613.0091434407125,1.0,562.7535132157899,608.89467165362,1.0,522.6732054554479,610.9517681890459,1.0,567.3731972848539,614.4830271832011,1.0,563.7832229008986,620.1027216118603,1.0,528.33306163555,616.0839491715174,1.0,1.0,0.0166666666666666,561.7075539260179,342.444758912618,False,545.6259619524432,374.2643317893336,False,538.0914013094095,378.9102335344514,False,544.7602526628012,416.8526707118637,False,537.4245109897961,424.5150075284566,False,574.037827418095,429.21687683868697,False,571.9716981678697,430.73513005577246,False,544.2386003166598,457.8604854280413,False,538.0871814555533,458.4919202687525,False,548.3578159673498,528.29717336283,False,546.2957751927577,530.8646651066574,False,535.504604727555,597.5979955482136,False,536.0284989135534,601.7049388144382,False,True,99.36879913002379,166.14584726721029,165.28233278418674
2,2,0.0333333333333333,0.0333333333333333,Sports2D_HALPE26_postprocessed,561.7026587574527,342.39733658137044,1.0,545.4785478023623,374.2235238311776,1.0,538.0779773837287,378.8845021081955,1.0,544.750513148638,416.7723845996634,1.0,537.2463932665214,424.4720402934083,1.0,574.0456118258479,429.202779675882,1.0,571.962317057777,430.71270247449576,1.0,544.2277718323146,457.6890975650788,1.0,538.07087790661,458.50155090175167,1.0,548.3473767035189,528.298089771669,1.0,546.2805035855232,530.8670333399762,1.0,535.46672910392,597.607145028009,1.0,536.0018778133102,601.7138362633635,1.0,564.2875714006141,613.0333600336552,1.0,562.7645978219269,608.9105529042644,1.0,522.657860859028,610.9698771203095,1.0,567.3803649721434,614.4402543517715,1.0,563.8018272948977,620.0638684228818,1.0,528.3149762277388,616.1018677680652,1.0,1.0,0.0333333333333333,561.7026587574527,342.39733658137044,False,545.4785478023623,374.2235238311776,False,538.0779773837287,378.8845021081955,False,544.750513148638,416.7723845996634,False,537.2463932665214,424.4720402934083,False,574.0456118258479,429.202779675882,False,571.962317057777,430.71270247449576,False,544.2277718323146,457.6890975650788,False,538.07087790661,458.50155090175167,False,548.3473767035189,528.298089771669,False,546.2805035855232,530.8670333399762,False,535.46672910392,597.607145028009,False,536.0018778133102,601.7138362633635,False,True,99.14581406925173,166.13297647088626,165.2726421570535
3,3,0.05,0.05,Sports2D_HALPE26_postprocessed,561.6941426332476,342.27596432842233,1.0,545.3859492034472,374.13825214929966,1.0,538.0424524906603,378.79873055671817,1.0,544.7332776460612,416.53976666441247,1.0,537.165769589808,424.3887326390653,1.0,574.0662131006444,429.16500854902426,1.0,571.9410936118911,430.6749682269184,1.0,544.2110094849791,457.5971265805841,1.0,538.0331457891541,458.5280671854465,1.0,548.324180874816,528.3019767681417,1.0,546.2522679506994,530.8746662886176,1.0,535.3780771953451,597.6411718386025,1.0,535.9344130891579,601.7443613351909,1.0,564.3029148046728,613.0999785636625,1.0,562.7855781007481,608.9641973968623,1.0,522.6321763890169,611.0208976644194,1.0,567.3928053157579,614.3505612429337,1.0,563.8455202983766,619.9928830907511,1.0,528.2724262691264,616.1549506352051,1.0,1.0,0.05,561.6941426332476,342.27596432842233,False,545.3859492034472,374.13825214929966,False,538.0424524906603,378.79873055671817,False,544.7332776460612,416.53976666441247,False,537.165769589808,424.3887326390653,False,574.0662131006444,429.16500854902426,False,571.9410936118911,430.6749682269184,False,544.2110094849791,457.5971265805841,False,538.0331457891541,458.5280671854465,False,548.324180874816,528.3019767681417,False,546.2522679506994,530.8746662886176,False,535.3780771953451,597.6411718386025,False,535.9344130891579,601.7443613351909,False,True,99.14489611985057,166.09488885360122,165.2351122203888
4,4,0.0666666666666666,0.0666666666666666,Sports2D_HALPE26_postprocessed,561.6807964972176,342.10180735225833,1.0,545.3773694496571,374.0375307384875,1.0,537.9648739189558,378.65138613513375,1.0,544.7094130082512,416.40299267935706,1.0,536.9850968777539,424.2317867681824,1.0,574.1139165683545,429.1154940094264,1.0,571.8838632774618,430.6381956522068,1.0,544.189578721284,457.6883531125833,1.0,537.9604320667604,458.6597326971605,1.0,548.2806970401751,528.3038758835158,1.0,546.2080624037204,530.886852478869,1.0,535.1954177952185,597.681998170989,1.0,535.7826063795491,601.7703925013133,1.0,564.345458540393,613.2101269107782,1.0,562.8245254403403,609.0550340224786,1.0,522.5993539129835,611.0940221663476,1.0,567.4150523364857,614.3450935666094,1.0,563.9562594410518,619.9829743057678,1.0,528.193669802018,616.23168742851,1.0,1.0,0.0666666666666666,561.6807964972176,342.10180735225833,False,545.3773694496571,374.0375307384875,False,537.9648739189558,378.65138613513375,False,544.7094130082512,416.40299267935706,False,536.9850968777539,424.2317867681824,False,574.1139165683545,429.1154940094264,False,571.8838632774618,430.6381956522068,False,544.189578721284,457.6883531125833,False,537.9604320667604,458.6597326971605,False,548.2806970401751,528.3038758835158,False,546.2080624037204,530.886852478869,False,535.1954177952185,597.681998170989,False,535.7826063795491,601.7703925013133,False,True,99.170627321546,166.00329004896489,165.11860090483802
5,5,0.0833333333333333,0.0833333333333333,Sports2D_HALPE26_postprocessed,561.6579130347286,341.9257155871993,1.0,545.5036091132692,373.9679546757615,1.0,537.7753008864156,378.44453578741854,1.0,544.6762519846216,416.5466741378551,1.0,536.8702966376837,424.2706980336419,1.0,574.2209175209343,429.1025626279321,1.0,571.7231400874169,430.6249716238582,1.0,544.1630133572515,457.7256284750165,1.0,537.8137315170594,458.7444930844297,1.0,548.1917658156975,528.3405653428234,1.0,546.1400612545691,530.9453279792722,1.0,535.1600935860597,597.7585970631114,1.0,535.4495529979538,601.7910534287191,1.0,564.4544561416236,613.4247270914368,1.0,562.8896811500632,609.2678540795263,1.0,522.5599803402132,611.2270190175227,1.0,567.3144558123689,614.4600751823457,1.0,563.9179010624434,620.0460918781408,1.0,528.0421814386373,616.3741402277194,1.0,1.0,0.0833333333333333,561.6579130347286,341.9257155871993,False,545.5036091132692,373.9679546757615,False,537.7753008864156,378.44453578741854,False,544.6762519846216,416.5466741378551,False,536.8702966376837,424.2706980336419,False,574.2209175209343,429.1025626279321,False,571.7231400874169,430.6249716238582,False,544.1630133572515,457.7256284750165,False,537.8137315170594,458.7444930844297,False,548.1917658156975,528.3405653428234,False,546.1400612545691,530.9453279792722,False,535.1600935860597,597.7585970631114,False,535.4495529979538,601.7910534287191,False,True,99.20115545690138,166.1024315693718,164.84050543808823
6,6,0.1,0.1,Sports2D_HALPE26_postprocessed,561.693006465176,341.749685264375,1.0,545.5995608441372,373.9381615617848,1.0,537.3686885644049,378.0868652565992,1.0,544.6750145042048,416.77386894694274,1.0,536.7447216436162,424.3106350497612,1.0,574.2636424119959,429.2493243284463,1.0,571.3775109519938,430.65264217451096,1.0,544.1627774404499,457.8331038325359,1.0,537.5739694132174,458.9247383098806,1.0,548.0619280342205,528.6905591746488,1.0,546.0740630185812,531.2797840872496,1.0,535.0352572055258,598.1234938347529,1.0,535.2425378035039,601.9448903581771,1.0,564.5038535756992,613.634431832835,1.0,562.8982318090953,609.5165829071221,1.0,522.5451219874004,611.2691876402004,1.0,567.2473164663326,614.5944939269544,1.0,563.7166965598917,620.0802455804491,1.0,527.8000162844922,616.4301247970391,1.0,1.0,0.1,561.693006465176,341.749685264375,False,545.5995608441372,373.9381615617848,False,537.3686885644049,378.0868652565992,False,544.6750145042048,416.77386894694274,False,536.7447216436162,424.3106350497612,False,574.2636424119959,429.2493243284463,False,571.3775109519938,430.65264217451096,False,544.1627774404499,457.8331038325359,False,537.5739694132174,458.9247383098806,False,548.0619280342205,528.6905591746488,False,546.0740630185812,531.2797840872496,False,535.0352572055258,598.1234938347529,False,535.2425378035039,601.9448903581771,False,True,99.60373381939094,166.2242702027067,164.5852891411145
7,7,0.1166666666666666,0.1166666666666666,Sports2D_HALPE26_postprocessed,561.8971046570608,341.64019045905786,1.0,545.7556384051993,373.97854862947327,1.0,536.9983356134035,377.9970430219988,1.0,544.7464531939007,417.1431506960356,1.0,536.9580731806847,424.47937680715177,1.0,574.2634443103751,429.498211808658,1.0,571.1007143079507,430.6532790097991,1.0,544.2117769110838,457.9414662372028,1.0,537.5105801802882,459.0237617141621,1.0,547.8332999791111,528.9532866632928,1.0,546.0099031000323,531.4926138763893,1.0,534.8025299218843,598.3294398252899,1.0,535.1014466972257,602.1895433450312,1.0,564.514713207255,613.681938275745,1.0,562.8722025281392,609.5983208810067,1.0,522.5787373963549,611.3383424291422,1.0,567.18274937444,614.6482377195857,1.0,563.4656856879004,620.1441082396149,1.0,527.7354974187675,616.5377954344802,1.0,1.0,0.1166666666666666,561.8971046570608,341.64019045905786,False,545.7556384051993,373.97854862947327,False,536.9983356134035,377.9970430219988,False,544.7464531939007,417.1431506960356,False,536.9580731806847,424.47937680715177,False,574.2634443103751,429.498211808658,False,571.1007143079507,430.6532790097991,False,544.2117769110838,457.9414662372028,False,537.5105801802882,459.0237617141621,False,547.8332999791111,528.9532866632928,False,546.0099031000323,531.4926138763893,False,534.8025299218843,598.3294398252899,False,535.1014466972257,602.1895433450312,False,True,100.20021986837929,166.44271118414505,164.5392710901563
8,8,0.1333333333333333,0.1333333333333333,Sports2D_HALPE26_postprocessed,562.2637031031257,341.5262607855127,1.0,545.8686572172068,373.99408876714415,1.0,536.6645302620886,377.778278594457,1.0,544.8354622017584,417.6746856326987,1.0,536.9995741545746,424.6799684468276,1.0,574.274937213801,429.8093040870812,1.0,570.8674648205642,430.6657734095297,1.0,544.2205292483998,458.28269521863285,1.0,537.3416291285789,459.35310491378993,1.0,547.4812426797015,529.6992844224472,1.0,545.9721557260239,531.9133658540926,1.0,534.7344495368397,598.78808197453,1.0,535.0269612750184,602.4371422875663,1.0,564.5525784727848,613.7637140773984,1.0,562.8672550071017,609.8125044668415,1.0,522.5973617093546,611.636932707155,1.0,567.1661545124996,614.7222059874196,1.0,563.2206002037535,620.1828137371979,1.0,527.5686536002706,616.5415622803347,1.0,1.0,0.1333333333333333,562.2637031031257,341.5262607855127,False,545.8686572172068,373.99408876714415,False,536.6645302620886,377.778278594457,False,544.8354622017584,417.6746856326987,False,536.9995741545746,424.6799684468276,False,574.274937213801,429.8093040870812,False,570.8674648205642,430.6657734095297,False,544.2205292483998,458.28269521863285,False,537.3416291285789,459.35310491378993,False,547.4812426797015,529.6992844224472,False,545.9721557260239,531.9133658540926,False,534.7344495368397,598.78808197453,False,535.0269612750184,602.4371422875663,False,True,100.43222665759033,166.93238140592268,164.39509552311625
9,9,0.15,0.15,Sports2D_HALPE26_postprocessed,562.1624051099443,341.64399480198733,1.0,546.0300752938979,373.9727534263185,1.0,536.5531754939605,377.6755986196506,1.0,544.9788504381636,417.9973571582477,1.0,537.0065075263091,424.7297659476433,1.0,574.3664793957328,430.1939991304364,1.0,570.6937701072885,430.6750253106985,1.0,544.2143573404337,458.6092284146732,1.0,537.1480314644677,459.5650484617332,1.0,547.3591225453521,530.0353246970321,1.0,545.8642748941284,532.1703105777331,1.0,534.7634614390049,599.1040935366498,1.0,534.9635863060228,602.7060844164373,1.0,564.7148302293062,613.8170504461553,1.0,562.8761856523577,610.182246350467,1.0,522.6079936433241,611.8502309489147,1.0,567.1095821371241,614.7628342762243,1.0,563.0392210937279,620.2191669887635,1.0,527.390357185188,616.7124202840366,1.0,1.0,0.15,562.1624051099443,341.64399480198733,False,546.0300752938979,373.9727534263185,False,536.5531754939605,377.6755986196506,False,544.9788504381636,417.9973571582477,False,537.0065075263091,424.7297659476433,False,574.3664793957328,430.1939991304364,False,570.6937701072885,430.6750253106985,False,544.2143573404337,458.6092284146732,False,537.1480314644677,459.5650484617332,False,547.3591225453521,530.0353246970321,False,545.8642748941284,532.1703105777331,False,534.7634614390049,599.1040935366498,False,534.9635863060228,602.7060844164373,False,True,100.56070457729722,167.1438766618881,164.36935174348443
10,10,0.1666666666666666,0.1666666666666666,Sports2D_HALPE26_postprocessed,562.0656517518148,341.789782684867,1.0,546.0760589444513,373.9939661168975,1.0,536.5383231528117,377.7585483732293,1.0,545.0341393473373,418.2105405181601,1.0,537.028816502396,424.7870806845881,1.0,574.4295196662974,430.29212663563465,1.0,570.529342461497,430.683175082167,1.0,544.221182681529,459.0718861737507,1.0,537.0959758091954,459.75692236702434,1.0,547.3435046009089,530.4681566696966,1.0,545.8238462871118,532.4670896067987,1.0,534.7434924320204,599.204452753284,1.0,534.9402659321324,602.8448079432499,1.0,564.9060612644253,613.7238569448491,1.0,562.9004620328,610.1494853391124,1.0,522.6285031360372,611.8728581726396,1.0,566.9654191335886,614.867011916821,1.0,562.8854240187411,620.2409665836419,1.0,527.3363677215266,616.9561098185275,1.0,1.0,0.1666666666666666,562.0656517518148,341.789782684867,False,546.0760589444513,373.9939661168975,False,536.5383231528117,377.7585483732293,False,545.0341393473373,418.2105405181601,False,537.028816502396,424.7870806845881,False,574.4295196662974,430.29212663563465,False,570.529342461497,430.683175082167,False,544.221182681529,459.0718861737507,False,537.0959758091954,459.75692236702434,False,547.3435046009089,530.4681566696966,False,545.8238462871118,532.4670896067987,False,534.7434924320204,599.204452753284,False,534.9402659321324,602.8448079432499,False,True,100.57938828353792,167.1083867712782,164.36428420057533
11,11,0.1833333333333333,0.1833333333333333,Sports2D_HALPE26_postprocessed,562.1700441238322,341.79710485054943,1.0,546.0587172286946,373.997432595348,1.0,536.6076952064234,377.6542615560583,1.0,545.0296896263504,418.41637731299386,1.0,537.0848126565289,424.8376618019053,1.0,574.502893876712,430.3135156258283,1.0,570.5477054728572,430.6951870670729,1.0,544.2568277037717,459.3586422416871,1.0,537.1366990899037,460.0436416611509,1.0,547.3807108764381,530.6817108113256,1.0,545.8475796693795,532.5305014676528,1.0,534.6953496268135,599.2068254487815,1.0,534.9522350651589,602.9343392680403,1.0,564.9026607038652,613.6655149058129,1.0,562.8699273193279,610.1931614091617,1.0,522.681745021152,611.7575025840883,1.0,566.9762371372893,614.8014951559511,1.0,562.922673121293,620.2392037983012,1.0,527.3766975180107,616.9141542754767,1.0,1.0,0.1833333333333333,562.1700441238322,341.79710485054943,False,546.0587172286946,373.997432595348,False,536.6076952064234,377.6542615560583,False,545.0296896263504,418.41637731299386,False,537.0848126565289,424.8376618019053,False,574.502893876712,430.3135156258283,False,570.5477054728572,430.6951870670729,False,544.2568277037717,459.3586422416871,False,537.1366990899037,460.0436416611509,False,547.3807108764381,530.6817108113256,False,545.8475796693795,532.5305014676528,False,534.6953496268135,599.2068254487815,False,534.9522350651589,602.9343392680403,False,True,100.50812294825575,167.00424220430818,164.35049655637766
12,12,0.2,0.2,Sports2D_HALPE26_postprocessed,562.2276600886366,341.7293302299764,1.0,546.1281791776298,374.0139008837006,1.0,536.6229159620716,377.64335016364726,1.0,545.0971648604517,418.41455710409184,1.0,537.118832200548,424.8956724596849,1.0,574.5100788467264,430.2901369086191,1.0,570.5840416668918,430.6483559896538,1.0,544.2730348923615,459.7096612509662,1.0,537.1499869802451,460.13584466049895,1.0,547.3862289073259,530.9706686680998,1.0,545.8523629804926,532.5749050568647,1.0,534.6852748166991,599.2209341222441,1.0,534.8698747548954,603.1540827619648,1.0,564.9149872377445,613.6590064081,1.0,562.8463230832697,610.4102347556407,1.0,522.7116226029696,611.7840771290646,1.0,567.0318784989895,614.8166776570747,1.0,563.0159312813237,620.240391242958,1.0,527.3839067596857,617.09329723364,1.0,1.0,0.2,562.2276600886366,341.7293302299764,False,546.1281791776298,374.0139008837006,False,536.6229159620716,377.64335016364726,False,545.0971648604517,418.41455710409184,False,537.118832200548,424.8956724596849,False,574.5100788467264,430.2901369086191,False,570.5840416668918,430.6483559896538,False,544.2730348923615,459.7096612509662,False,537.1499869802451,460.13584466049895,False,547.3862289073259,530.9706686680998,False,545.8523629804926,532.5749050568647,False,534.6852748166991,599.2209341222441,False,534.8698747548954,603.1540827619648,False,True,100.3551404571571,166.95669354659842,164.30507948308355
13,13,0.2166666666666666,0.2166666666666666,Sports2D_HALPE26_postprocessed,562.2389936647703,341.6485472988873,1.0,546.0264880971675,374.0278223028231,1.0,536.6062927454382,377.648046575355,1.0,545.0137623446517,418.5436530740655,1.0,537.1433721958925,424.9578688219993,1.0,574.5521585851499,430.20793616181606,1.0,570.6552531907963,430.646506072724,1.0,544.2895222423128,459.6004673964964,1.0,537.146716505832,460.383703519669,1.0,547.3762700704524,530.8111127082333,1.0,545.8406302930389,532.3721637472056,1.0,534.7032516415113,599.2307723486931,1.0,534.9860775955133,603.1608438348277,1.0,564.9442262159389,613.6925878672288,1.0,562.8214466547734,610.4806243236421,1.0,522.7042341533187,611.9549607306826,1.0,567.1835407887185,614.9140945177498,1.0,563.1829476925147,620.2386417503981,1.0,527.3652393365442,617.1883090435388,1.0,1.0,0.2166666666666666,562.2389936647703,341.6485472988873,False,546.0264880971675,374.0278223028231,False,536.6062927454382,377.648046575355,False,545.0137623446517,418.5436530740655,False,537.1433721958925,424.9578688219993,False,574.5521585851499,430.20793616181606,False,570.6552531907963,430.646506072724,False,544.2895222423128,459.6004673964964,False,537.146716505832,460.383703519669,False,547.3762700704524,530.8111127082333,False,545.8406302930389,532.3721637472056,False,534.7032516415113,599.2307723486931,False,534.9860775955133,603.1608438348277,False,True,100.28453154272188,167.02429766549108,164.39615802295
14,14,0.2333333333333333,0.2333333333333333,Sports2D_HALPE26_postprocessed,562.2436985725747,341.6691102681337,1.0,546.0042455550512,374.0367802593824,1.0,536.6092469569095,377.6485346621957,1.0,545.0000273330241,418.4246261611452,1.0,537.182734630875,424.9396679322495,1.0,574.5817166848757,430.1566903670729,1.0,570.8309392827846,430.6168491659615,1.0,544.3117704001777,459.5651375923014,1.0,537.1680964863981,460.3982370278866,1.0,547.3729182230418,530.6307034547126,1.0,545.8353810711752,532.2338858368818,1.0,534.7782249288921,599.28029956218,1.0,535.0506638625016,603.0577621567232,1.0,565.0311824115824,613.8080319888168,1.0,562.8020140146966,610.5281275111367,1.0,522.6866100189833,612.053931334549,1.0,567.2967796221308,614.9245621195253,1.0,563.2432110671903,620.2384429509665,1.0,527.3623439087567,617.3002334153639,1.0,1.0,0.2333333333333333,562.2436985725747,341.6691102681337,False,546.0042455550512,374.0367802593824,False,536.6092469569095,377.6485346621957,False,545.0000273330241,418.4246261611452,False,537.182734630875,424.9396679322495,False,574.5817166848757,430.1566903670729,False,570.8309392827846,430.6168491659615,False,544.3117704001777,459.5651375923014,False,537.1680964863981,460.3982370278866,False,547.3729182230418,530.6307034547126,False,545.8353810711752,532.2338858368818,False,534.7782249288921,599.28029956218,False,535.0506638625016,603.0577621567232,False,True,100.271622032244,167.13743856956017,164.46205780878748
15,15,0.25,0.25,Sports2D_HALPE26_postprocessed,562.2848839062268,341.6844467479456,1.0,546.0834163264399,374.0493348794449,1.0,536.6685556023251,377.66060081299406,1.0,544.999476117309,418.2660333753861,1.0,537.254583416915,424.9483084382149,1.0,574.6145990400992,430.1566362203257,1.0,571.1251628697034,430.46276866268585,1.0,544.3246624511075,459.37766955314646,1.0,537.2421311564607,460.1346970394677,1.0,547.3862089268048,530.4255788510317,1.0,545.8537263057116,532.0977453500599,1.0,534.7810732826044,599.1304663368179,1.0,535.1420097325295,602.9164940264898,1.0,564.970353753858,613.8858163939605,1.0,562.8023198828403,610.3976943124871,1.0,522.6696267013808,611.9793710147673,1.0,567.4543844308989,614.9417275487608,1.0,563.283260262305,620.2349984916309,1.0,527.4032762624206,617.2570255287928,1.0,1.0,0.25,562.2848839062268,341.6844467479456,False,546.0834163264399,374.0493348794449,False,536.6685556023251,377.66060081299406,False,544.999476117309,418.2660333753861,False,537.254583416915,424.9483084382149,False,574.6145990400992,430.1566362203257,False,571.1251628697034,430.46276866268585,False,544.3246624511075,459.37766955314646,False,537.2421311564607,460.1346970394677,False,547.3862089268048,530.4255788510317,False,545.8537263057116,532.0977453500599,False,534.7810732826044,599.1304663368179,False,535.1420097325295,602.9164940264898,False,True,99.95719525507191,167.13626472473808,164.57494373849286
16,16,0.2666666666666666,0.2666666666666666,Sports2D_HALPE26_postprocessed,562.4434512346202,341.7015231111708,1.0,546.3478754406736,374.065561124412,1.0,536.8273964622624,377.678773001742,1.0,545.1147886830164,418.10618530135946,1.0,537.2440516415276,424.96630227854206,1.0,574.6680698608224,430.1823636882587,1.0,571.3111518516546,430.32023050523287,1.0,544.3749819451555,459.2036140936816,1.0,537.2132624492049,460.058220766792,1.0,547.4152174012652,530.3658829668368,1.0,545.9073717460468,532.089879100636,1.0,534.7499332185648,598.9663484170441,1.0,535.2999229416528,602.9250732456278,1.0,564.9992781854226,613.8783681965948,1.0,562.8334494906941,610.2506614835867,1.0,522.6556466155893,611.9135129091219,1.0,567.7102448456928,614.9089944582008,1.0,563.3317193579526,620.2408275360292,1.0,527.5171261088187,617.326100337948,1.0,1.0,0.2666666666666666,562.4434512346202,341.7015231111708,False,546.3478754406736,374.065561124412,False,536.8273964622624,377.678773001742,False,545.1147886830164,418.10618530135946,False,537.2440516415276,424.96630227854206,False,574.6680698608224,430.1823636882587,False,571.3111518516546,430.32023050523287,False,544.3749819451555,459.2036140936816,False,537.2132624492049,460.058220766792,False,547.4152174012652,530.3658829668368,False,545.9073717460468,532.089879100636,False,534.7499332185648,598.9663484170441,False,535.2999229416528,602.9250732456278,False,True,99.43628050400366,167.09328446981732,164.6011196539791
17,17,0.2833333333333333,0.2833333333333333,Sports2D_HALPE26_postprocessed,562.7936813911293,341.71110642602804,1.0,546.5527113138525,374.0749303246188,1.0,536.828336527814,377.6756636195262,1.0,545.0904941296878,418.0873161551925,1.0,537.249821186389,424.96394254570737,1.0,574.6969806319278,430.20871249094864,1.0,571.4250366658617,430.184837161532,1.0,544.4302289901839,459.20524422602745,1.0,537.1947974090776,460.0518611605196,1.0,547.4252807567566,530.2459079054576,1.0,545.9529691342736,532.167653809573,1.0,534.7548724048536,598.9001180516193,1.0,535.3811420040113,602.9779309954567,1.0,565.056377803503,613.9749900262145,1.0,562.856906132883,610.1959652903704,1.0,522.5957493799452,611.9847984283316,1.0,567.7311641505324,614.9495380275433,1.0,563.3765870316304,620.2438437382432,1.0,527.5037278362015,617.4236605137687,1.0,1.0,0.2833333333333333,562.7936813911293,341.71110642602804,False,546.5527113138525,374.0749303246188,False,536.828336527814,377.6756636195262,False,545.0904941296878,418.0873161551925,False,537.249821186389,424.96394254570737,False,574.6969806319278,430.20871249094864,False,571.4250366658617,430.184837161532,False,544.4302289901839,459.20524422602745,False,537.1947974090776,460.0518611605196,False,547.4252807567566,530.2459079054576,False,545.9529691342736,532.167653809573,False,534.7548724048536,598.9001180516193,False,535.3811420040113,602.9779309954567,False,True,99.19650107819777,167.129350532955,164.584148686932
18,18,0.3,0.3,Sports2D_HALPE26_postprocessed,563.031982549873,341.7156918724529,1.0,546.6967005529195,374.0803422716767,1.0,536.8705404277404,377.6552863082883,1.0,545.121600491758,418.2382947978747,1.0,537.2715388546721,424.95847364078566,1.0,574.6901131019777,430.1819607044366,1.0,571.3573764533493,430.0750499810324,1.0,544.4805298466486,459.4834025760384,1.0,537.1522667646924,460.1797312820904,1.0,547.4087299474319,530.5144006800251,1.0,545.9890617346474,532.4477056613905,1.0,534.7775002230392,598.9937478789255,1.0,535.3631088796061,603.2886428390785,1.0,565.1387707713634,614.0155616507773,1.0,562.8617002231889,610.2967234096061,1.0,522.6639890282231,612.0417701363697,1.0,567.8196536232651,614.9267136536971,1.0,563.4167936334158,620.2497927604815,1.0,527.5103564963015,617.6965848298682,1.0,1.0,0.3,563.031982549873,341.7156918724529,False,546.6967005529195,374.0803422716767,False,536.8705404277404,377.6552863082883,False,545.121600491758,418.2382947978747,False,537.2715388546721,424.95847364078566,False,574.6901131019777,430.1819607044366,False,571.3573764533493,430.0750499810324,False,544.4805298466486,459.4834025760384,False,537.1522667646924,460.1797312820904,False,547.4087299474319,530.5144006800251,False,545.9890617346474,532.4477056613905,False,534.7775002230392,598.9937478789255,False,535.3631088796061,603.2886428390785,False,True,99.02254519669496,167.18844215682253,164.49796830311777
19,19,0.3166666666666666,0.3166666666666666,Sports2D_HALPE26_postprocessed,563.079016350279,341.71059592931346,1.0,546.7588239178717,374.0642876645047,1.0,536.8809325598991,377.5672254828064,1.0,545.1210776529338,418.3449418719376,1.0,537.2415509611413,424.9134308640631,1.0,574.7746181764137,430.2518052213081,1.0,571.2314713465621,430.36196249874,1.0,544.4489694294803,459.8273027797884,1.0,537.1982937252509,460.5284313741132,1.0,547.4066843353477,531.0414773365915,1.0,545.9736514041066,532.6899446779215,1.0,534.7701815688742,599.3565179411627,1.0,535.3851422119651,603.4750875781706,1.0,565.1563909312359,614.1971247020367,1.0,562.8787350436482,610.5840506031116,1.0,522.8508606014195,612.019386582665,1.0,567.8792069861767,614.971979088723,1.0,563.3431631566176,620.3318620017003,1.0,527.5062379388655,617.7754957982633,1.0,1.0,0.3166666666666666,563.079016350279,341.71059592931346,False,546.7588239178717,374.0642876645047,False,536.8809325598991,377.5672254828064,False,545.1210776529338,418.3449418719376,False,537.2415509611413,424.9134308640631,False,574.7746181764137,430.2518052213081,False,571.2314713465621,430.36196249874,False,544.4489694294803,459.8273027797884,False,537.1982937252509,460.5284313741132,False,547.4066843353477,531.0414773365915,False,545.9736514041066,532.6899446779215,False,534.7701815688742,599.3565179411627,False,535.3851422119651,603.4750875781706,False,True,99.54334153252103,167.14194521168614,164.558867236018
20,20,0.3333333333333333,0.3333333333333333,Sports2D_HALPE26_postprocessed,563.2346310329777,341.72094335925743,1.0,546.6686279562639,374.0483176389577,1.0,536.9302464208583,377.396116530741,1.0,545.1833541058967,418.5504353009748,1.0,537.1947650948734,424.8736302703387,1.0,574.8424808023706,430.3579211465196,1.0,571.0906022029383,430.8288364351923,1.0,544.3974525663432,460.11576686631577,1.0,537.2032265240734,461.0237015214333,1.0,547.3704347550663,531.3169702098426,1.0,545.9415700248016,532.7988415098107,1.0,534.7704752406657,599.6475384417122,1.0,535.3209827932675,603.4761352740744,1.0,565.2212903003467,614.2140039080688,1.0,562.8611754917935,610.6586405481928,1.0,523.1268380571413,612.0821197398535,1.0,567.8309574885478,615.043586311327,1.0,563.2927757903362,620.3444676842759,1.0,527.4869508350918,617.7120249623757,1.0,1.0,0.3333333333333333,563.2346310329777,341.72094335925743,False,546.6686279562639,374.0483176389577,False,536.9302464208583,377.396116530741,False,545.1833541058967,418.5504353009748,False,537.1947650948734,424.8736302703387,False,574.8424808023706,430.3579211465196,False,571.0906022029383,430.8288364351923,False,544.3974525663432,460.11576686631577,False,537.2032265240734,461.0237015214333,False,547.3704347550663,531.3169702098426,False,545.9415700248016,532.7988415098107,False,534.7704752406657,599.6475384417122,False,535.3209827932675,603.4761352740744,False,True,100.2838940236945,167.16120818291327,164.5127996290487
21,21,0.35,0.35,Sports2D_HALPE26_postprocessed,563.2436538073554,341.7332295930517,1.0,546.5398248941925,374.0229933617127,1.0,536.9130627600393,377.4631666453864,1.0,545.1154704019676,418.632827684544,1.0,537.1375623004415,424.8385740036599,1.0,574.7321283159677,430.4448410622447,1.0,570.9139910589437,431.060015865642,1.0,544.3423702919928,460.19229644709486,1.0,537.2147278059238,461.0916525492376,1.0,547.3252051972086,531.2609777490566,1.0,545.905739788911,532.7546000087757,1.0,534.8056324916079,599.7737241211058,1.0,535.2752389953209,603.5731892788092,1.0,565.1908455662162,614.2459750813864,1.0,562.8418157541544,610.8031524140944,1.0,523.2621028885073,612.1322907086957,1.0,567.732183078408,615.0473852261625,1.0,563.2196637426096,620.3612997770068,1.0,527.4799735483846,617.6397434402603,1.0,1.0,0.35,563.2436538073554,341.7332295930517,False,546.5398248941925,374.0229933617127,False,536.9130627600393,377.4631666453864,False,545.1154704019676,418.632827684544,False,537.1375623004415,424.8385740036599,False,574.7321283159677,430.4448410622447,False,570.9139910589437,431.060015865642,False,544.3423702919928,460.19229644709486,False,537.2147278059238,461.0916525492376,False,547.3252051972086,531.2609777490566,False,545.905739788911,532.7546000087757,False,534.8056324916079,599.7737241211058,False,535.2752389953209,603.5731892788092,False,True,100.70811028841827,167.24103736992328,164.54828509508766
22,22,0.3666666666666666,0.3666666666666666,Sports2D_HALPE26_postprocessed,563.2085968924843,341.8238732277818,1.0,546.4839600690938,374.01616441147496,1.0,536.8180739484186,377.4728913430418,1.0,545.1453920859635,418.6988676164561,1.0,537.0634879185371,424.81043386874217,1.0,574.6747878898834,430.5497491777137,1.0,570.6851892690643,431.1476011001938,1.0,544.2832245061484,460.2221906370861,1.0,537.285135839373,461.0609674673531,1.0,547.2659565250124,531.4140238291355,1.0,545.883571271653,532.7697152001549,1.0,534.804454502999,599.7864311226654,1.0,535.2857250496245,603.802181382893,1.0,565.0954729040566,614.267840773965,1.0,562.8380155759961,611.0435393846526,1.0,523.4227031409689,612.1474896406465,1.0,567.7482934928945,615.168648045176,1.0,563.1343667468315,620.3655464166984,1.0,527.5410782523783,617.7322682511217,1.0,1.0,0.3666666666666666,563.2085968924843,341.8238732277818,False,546.4839600690938,374.01616441147496,False,536.8180739484186,377.4728913430418,False,545.1453920859635,418.6988676164561,False,537.0634879185371,424.81043386874217,False,574.6747878898834,430.5497491777137,False,570.6851892690643,431.1476011001938,False,544.2832245061484,460.2221906370861,False,537.285135839373,461.0609674673531,False,547.2659565250124,531.4140238291355,False,545.883571271653,532.7697152001549,False,534.804454502999,599.7864311226654,False,535.2857250496245,603.802181382893,False,True,100.97117186742075,167.2715696959822,164.67666014680475
23,23,0.3833333333333333,0.3833333333333333,Sports2D_HALPE26_postprocessed,563.1857456012144,342.006710888166,1.0,546.3081872341501,373.9549961875017,1.0,536.8626968486114,377.2994915272734,1.0,545.1607634313947,418.6986673433033,1.0,536.9888807596111,424.7102908267757,1.0,574.677037290595,430.6296718944833,1.0,570.4789231944369,431.2614004283728,1.0,544.2282670425744,460.146209796854,1.0,537.3112504942137,461.1024595170133,1.0,547.2012755666374,531.6584837502021,1.0,545.9212800784446,532.7527407029698,1.0,534.7818399718066,599.970709221438,1.0,535.2607979146667,604.0771673254269,1.0,565.1112498436282,614.361966805449,1.0,562.9093832832203,611.257150296201,1.0,523.3969637315486,612.2634968070993,1.0,567.7351912009096,615.3437257651934,1.0,563.0650354359651,620.4089401000642,1.0,527.5614451160166,617.8624541812401,1.0,1.0,0.3833333333333333,563.1857456012144,342.006710888166,False,546.3081872341501,373.9549961875017,False,536.8626968486114,377.2994915272734,False,545.1607634313947,418.6986673433033,False,536.9888807596111,424.7102908267757,False,574.677037290595,430.6296718944833,False,570.4789231944369,431.2614004283728,False,544.2282670425744,460.146209796854,False,537.3112504942137,461.1024595170133,False,547.2012755666374,531.6584837502021,False,545.9212800784446,532.7527407029698,False,534.7818399718066,599.970709221438,False,535.2607979146667,604.0771673254269,False,True,101.22056939053147,167.3153306804504,164.64700410517295
24,24,0.4,0.4,Sports2D_HALPE26_postprocessed,563.2498725118184,342.1229326444676,1.0,546.0729393710167,373.7305930287324,1.0,536.8818118148962,377.17825952394014,1.0,545.2273571534519,418.8566970734627,1.0,536.954277991535,424.6591174890075,1.0,574.70568176668,430.6668558743271,1.0,570.3653247026791,431.4486330880525,1.0,544.2370401018508,460.1595312900319,1.0,537.318848321923,461.14593452367694,1.0,547.1479944912498,531.9559037464753,1.0,545.9111824562096,532.8075805380084,1.0,534.7489467494992,600.1972314496181,1.0,535.206532959896,604.3051084551773,1.0,565.1042623957069,614.4158661856519,1.0,562.91919396585,611.3426083155322,1.0,523.2881968397523,612.3652907115606,1.0,567.7162760047711,615.4526385740919,1.0,562.9701295694503,620.4252449309961,1.0,527.569985283796,617.9100601165912,1.0,1.0,0.4,563.2498725118184,342.1229326444676,False,546.0729393710167,373.7305930287324,False,536.8818118148962,377.17825952394014,False,545.2273571534519,418.8566970734627,False,536.954277991535,424.6591174890075,False,574.70568176668,430.6668558743271,False,570.3653247026791,431.4486330880525,False,544.2370401018508,460.1595312900319,False,537.318848321923,461.14593452367694,False,547.1479944912498,531.9559037464753,False,545.9111824562096,532.8075805380084,False,534.7489467494992,600.1972314496181,False,535.206532959896,604.3051084551773,False,True,101.57420780302321,167.38027248438263,164.64768766899323
25,25,0.4166666666666667,0.4166666666666667,Sports2D_HALPE26_postprocessed,563.5240717797694,342.17485443761655,1.0,546.1136872417455,373.48962805823095,1.0,536.9080486383781,377.0048601651428,1.0,545.4384799629929,419.1022027935932,1.0,536.9499147256437,424.6686954720752,1.0,574.7940539814223,430.7022908938055,1.0,570.290175156375,431.3018938577049,1.0,544.3564154362384,460.2705373939875,1.0,537.2936852720658,461.2074962854698,1.0,547.0712658852958,532.4033738760238,1.0,545.8054758286556,532.926497012624,1.0,534.6889988266444,600.7531993538821,1.0,535.0761611362786,604.6905127677153,1.0,565.0597658227241,614.5260542096507,1.0,562.819878846411,611.4611232640714,1.0,523.3590231192886,612.5437398746458,1.0,567.6780182041231,615.5580056351807,1.0,562.7905932667546,620.4512778764904,1.0,527.552050647904,617.9658256465962,1.0,1.0,0.4166666666666667,563.5240717797694,342.17485443761655,False,546.1136872417455,373.48962805823095,False,536.9080486383781,377.0048601651428,False,545.4384799629929,419.1022027935932,False,536.9499147256437,424.6686954720752,False,574.7940539814223,430.7022908938055,False,570.290175156375,431.3018938577049,False,544.3564154362384,460.2705373939875,False,537.2936852720658,461.2074962854698,False,547.0712658852958,532.4033738760238,False,545.8054758286556,532.926497012624,False,534.6889988266444,600.7531993538821,False,535.0761611362786,604.6905127677153,False,True,101.30265438439663,167.57623827270191,164.72844335080808
26,26,0.4333333333333333,0.4333333333333333,Sports2D_HALPE26_postprocessed,563.7443683361648,342.2838667972744,1.0,546.1459904913426,373.3075773902986,1.0,536.9552089790777,376.8480818063082,1.0,545.571754827611,419.3593286772336,1.0,536.9791917714466,424.6517595017015,1.0,574.8509472039706,430.5214984918455,1.0,570.223285612495,430.983014556082,1.0,544.435364988139,460.358035268282,1.0,537.201606111345,461.299959259666,1.0,546.9051308078148,532.5164010442626,1.0,545.7180703170143,532.9639895272476,1.0,534.5606891967487,600.8939677248918,1.0,535.0226671992613,604.8783773304121,1.0,564.9426342151596,614.5169945653568,1.0,562.7620791797453,611.4367779169445,1.0,523.2710770659728,612.7139147227241,1.0,567.60178465481,615.5681145257884,1.0,562.7289595116167,620.5042764663995,1.0,527.4691027015764,618.0310355575743,1.0,1.0,0.4333333333333333,563.7443683361648,342.2838667972744,False,546.1459904913426,373.3075773902986,False,536.9552089790777,376.8480818063082,False,545.571754827611,419.3593286772336,False,536.9791917714466,424.6517595017015,False,574.8509472039706,430.5214984918455,False,570.223285612495,430.983014556082,False,544.435364988139,460.358035268282,False,537.201606111345,461.299959259666,False,546.9051308078148,532.5164010442626,False,545.7180703170143,532.9639895272476,False,534.5606891967487,600.8939677248918,False,535.0226671992613,604.8783773304121,False,True,100.81145730309248,167.80612235815317,164.76356783970323
27,27,0.45,0.45,Sports2D_HALPE26_postprocessed,564.1254357154926,342.20202539485365,1.0,546.1552003988951,373.0507143003623,1.0,537.0284477895271,376.577124109435,1.0,545.6325555991486,419.4301246571781,1.0,537.0332425212118,424.6126318976561,1.0,574.875417789021,430.4261654392572,1.0,570.0729561241345,430.6818610406423,1.0,544.3929418847031,460.3006401473114,1.0,537.1716879978651,461.1948421207412,1.0,546.8881560451142,532.6720642924822,1.0,545.6015855572765,533.0083877808429,1.0,534.4560384774499,601.0218146126927,1.0,535.0319680291223,605.1505152849445,1.0,564.9033039958285,614.5171482019139,1.0,562.7729236564437,611.4278490933937,1.0,523.2675593652255,612.7246868855605,1.0,567.6987003639705,615.595722932731,1.0,562.7618765351275,620.4878932906608,1.0,527.4750937564097,618.0610502447641,1.0,1.0,0.45,564.1254357154926,342.20202539485365,False,546.1552003988951,373.0507143003623,False,537.0284477895271,376.577124109435,False,545.6325555991486,419.4301246571781,False,537.0332425212118,424.6126318976561,False,574.875417789021,430.4261654392572,False,570.0729561241345,430.6818610406423,False,544.3929418847031,460.3006401473114,False,537.1716879978651,461.1948421207412,False,546.8881560451142,532.6720642924822,False,545.6015855572765,533.0083877808429,False,534.4560384774499,601.0218146126927,False,535.0319680291223,605.1505152849445,False,True,100.41462196400556,167.71652988817667,164.96976082162294
28,28,0.4666666666666667,0.4666666666666667,Sports2D_HALPE26_postprocessed,564.1987689759954,342.1597983338474,1.0,546.0267787269767,372.9766620320824,1.0,537.08766243309,376.4522068667392,1.0,545.4803764748126,419.27948162159777,1.0,537.0710873692854,424.507262006328,1.0,574.7269694240363,430.2932348885665,1.0,570.0305188451244,430.37300749272026,1.0,544.3802094816886,460.2809919871118,1.0,537.161791914092,461.1925461883268,1.0,546.8927497807006,532.341042250897,1.0,545.7076059345113,533.0861582821076,1.0,534.2467829318264,600.9328296262636,1.0,535.0259321539468,605.0188271055418,1.0,564.8907945542835,614.4238154014097,1.0,562.7898171578629,611.3195581438799,1.0,523.2766636760255,612.7751571101023,1.0,567.73968159625,615.5589687431154,1.0,562.7870325025597,620.5091928254271,1.0,527.5663927324159,617.9932080293391,1.0,1.0,0.4666666666666667,564.1987689759954,342.1597983338474,False,546.0267787269767,372.9766620320824,False,537.08766243309,376.4522068667392,False,545.4803764748126,419.27948162159777,False,537.0710873692854,424.507262006328,False,574.7269694240363,430.2932348885665,False,570.0305188451244,430.37300749272026,False,544.3802094816886,460.2809919871118,False,537.161791914092,461.1925461883268,False,546.8927497807006,532.341042250897,False,545.7076059345113,533.0861582821076,False,534.2467829318264,600.9328296262636,False,535.0259321539468,605.0188271055418,False,True,100.07143634217003,167.5569898963603,164.77476200023557
29,29,0.4833333333333333,0.4833333333333333,Sports2D_HALPE26_postprocessed,564.0723861381987,342.24266309548045,1.0,545.9550209196038,372.7877599666953,1.0,537.1378480830854,376.5064956127643,1.0,545.3475171015122,419.0221244122406,1.0,537.1019440299833,424.3852098978392,1.0,574.5240349308743,430.0980482572677,1.0,570.0109262932275,430.21962097536726,1.0,544.389874831654,460.1537467198904,1.0,537.162325483785,461.06571612867015,1.0,546.8962732169842,532.1284999032465,1.0,545.7484615613873,532.9358164344056,1.0,534.1540755527909,600.7870862676956,1.0,534.9713487429622,604.5916509995934,1.0,564.8848416584314,614.2858113359512,1.0,562.8027994743995,611.182000287294,1.0,523.2993213093112,612.6822793023529,1.0,567.6511428443546,615.514376226886,1.0,562.7936192902584,620.4087027853657,1.0,527.5096604493532,617.902721839093,1.0,1.0,0.4833333333333333,564.0723861381987,342.24266309548045,False,545.9550209196038,372.7877599666953,False,537.1378480830854,376.5064956127643,False,545.3475171015122,419.0221244122406,False,537.1019440299833,424.3852098978392,False,574.5240349308743,430.0980482572677,False,570.0109262932275,430.21962097536726,False,544.389874831654,460.1537467198904,False,537.162325483785,461.06571612867015,False,546.8962732169842,532.1284999032465,False,545.7484615613873,532.9358164344056,False,534.1540755527909,600.7870862676956,False,534.9713487429622,604.5916509995934,False,True,100.0105006713102,167.49179781534843,164.6340722391588
30,30,0.5,0.5,Sports2D_HALPE26_postprocessed,564.2414619056656,342.2684847636542,1.0,545.9685877660366,372.7435836273544,1.0,537.2233782554468,376.3605940791484,1.0,545.5519166780599,418.8562003695865,1.0,537.158321759835,424.2204267376895,1.0,574.5919269240874,429.7252563992514,1.0,570.0196826902775,430.11054644638136,1.0,544.4663282602764,460.08790047982177,1.0,537.2013199497941,461.0015684284249,1.0,546.9304905894071,532.1084088257755,1.0,545.755281199856,532.8167100714024,1.0,534.1854076610953,600.7184656240664,1.0,534.7981657110248,604.4906777550528,1.0,564.9061284887453,614.2283967985495,1.0,562.836597976072,611.1512490776518,1.0,523.3991492586083,612.6694394690335,1.0,567.5901810486912,615.4152656152824,1.0,562.8012271790756,620.3430758711854,1.0,527.4881739783275,617.8888842667318,1.0,1.0,0.5,564.2414619056656,342.2684847636542,False,545.9685877660366,372.7435836273544,False,537.2233782554468,376.3605940791484,False,545.5519166780599,418.8562003695865,False,537.158321759835,424.2204267376895,False,574.5919269240874,429.7252563992514,False,570.0196826902775,430.11054644638136,False,544.4663282602764,460.08790047982177,False,537.2013199497941,461.0015684284249,False,546.9304905894071,532.1084088257755,False,545.755281199856,532.8167100714024,False,534.1854076610953,600.7184656240664,False,534.7981657110248,604.4906777550528,False,True,100.0839904776105,167.51702493986025,164.51568943310235
31,31,0.5166666666666666,0.5166666666666666,Sports2D_HALPE26_postprocessed,564.3314482039499,342.27742140088003,1.0,546.2142291481646,372.5544993269898,1.0,537.4146121961642,376.0697707438049,1.0,545.6554987345598,418.7121088861483,1.0,537.3096969741664,424.0932163558083,1.0,574.7554768103385,429.5272943739204,1.0,570.1350654840232,430.0570858855481,1.0,544.7524914978366,460.1216116831255,1.0,537.3501025440221,460.9722415204004,1.0,547.0798871714844,532.0470548440258,1.0,545.7190923353545,532.7483878189807,1.0,534.4514770755942,600.7759867244038,1.0,534.8555444814544,604.3720059313926,1.0,565.0392971859452,614.160936163298,1.0,562.9739069148682,611.1052009629149,1.0,523.7543243990735,612.6079343016524,1.0,567.6481380978724,615.3519412634992,1.0,562.8469364947039,620.1978906214495,1.0,527.5573510645354,617.8657093310053,1.0,1.0,0.5166666666666666,564.3314482039499,342.27742140088003,False,546.2142291481646,372.5544993269898,False,537.4146121961642,376.0697707438049,False,545.6554987345598,418.7121088861483,False,537.3096969741664,424.0932163558083,False,574.7554768103385,429.5272943739204,False,570.1350654840232,430.0570858855481,False,544.7524914978366,460.1216116831255,False,537.3501025440221,460.9722415204004,False,547.0798871714844,532.0470548440258,False,545.7190923353545,532.7483878189807,False,534.4514770755942,600.7759867244038,False,534.8555444814544,604.3720059313926,False,True,100.17227498810387,167.73511949731738,164.7248002469045
32,32,0.5333333333333333,0.5333333333333333,Sports2D_HALPE26_postprocessed,564.9569089778813,342.1586494897112,1.0,546.6450837877732,372.392472052215,1.0,537.7650764046496,375.8799483086842,1.0,546.1824893253865,418.4303288730073,1.0,537.6875823532501,423.88356992224567,1.0,575.1937072033036,429.24675400625785,1.0,570.4259994233887,429.90819014688674,1.0,545.069609827437,460.221579944208,1.0,537.7434433914415,460.8619435811503,1.0,547.5005079257448,531.9925517719373,1.0,545.9980007441245,532.5954758378749,1.0,534.7394170280136,600.733845341431,1.0,535.3163464800206,604.2365137423158,1.0,565.4363621697614,614.0685684210641,1.0,563.3815667015715,611.025270644554,1.0,524.1840476281265,612.5160338438611,1.0,567.9049177274512,615.302327128886,1.0,562.9083578720704,619.957724018833,1.0,527.8245277761238,617.8325550182443,1.0,1.0,0.5333333333333333,564.9569089778813,342.1586494897112,False,546.6450837877732,372.392472052215,False,537.7650764046496,375.8799483086842,False,546.1824893253865,418.4303288730073,False,537.6875823532501,423.88356992224567,False,575.1937072033036,429.24675400625785,False,570.4259994233887,429.90819014688674,False,545.069609827437,460.221579944208,False,537.7434433914415,460.8619435811503,False,547.5005079257448,531.9925517719373,False,545.9980007441245,532.5954758378749,False,534.7394170280136,600.733845341431,False,535.3163464800206,604.2365137423158,False,True,100.33458597921556,167.54348593844634,164.95539523131126
33,33,0.55,0.55,Sports2D_HALPE26_postprocessed,565.6947587325614,341.98519460302225,1.0,547.6959281919668,372.1513368928023,1.0,538.1523758573722,375.4917356032354,1.0,547.2158476282772,418.2141192962607,1.0,538.467714067215,423.5591721120056,1.0,575.7269783406856,428.9710167114236,1.0,571.1812864187524,429.76661596185295,1.0,545.5168399743732,460.13284729016993,1.0,538.2297448952186,460.63249288848107,1.0,548.5574615436578,531.7818063471702,1.0,546.9645255963597,532.2966817699972,1.0,535.3161518815133,600.5419332562831,1.0,536.2412798538724,603.8883428797626,1.0,566.5053822563477,613.8337914329188,1.0,564.455956475685,610.8168557567672,1.0,524.9438555154195,612.4872074998001,1.0,568.5907524556592,615.2350303110996,1.0,563.4939365145241,619.8004599184658,1.0,528.5842934083298,617.7382170172134,1.0,1.0,0.55,565.6947587325614,341.98519460302225,False,547.6959281919668,372.1513368928023,False,538.1523758573722,375.4917356032354,False,547.2158476282772,418.2141192962607,False,538.467714067215,423.5591721120056,False,575.7269783406856,428.9710167114236,False,571.1812864187524,429.76661596185295,False,545.5168399743732,460.13284729016993,False,538.2297448952186,460.63249288848107,False,548.5574615436578,531.7818063471702,False,546.9645255963597,532.2966817699972,False,535.3161518815133,600.5419332562831,False,536.2412798538724,603.8883428797626,False,True,101.1200889070449,166.66979567564974,164.53215746845794
34,34,0.5666666666666667,0.5666666666666667,Sports2D_HALPE26_postprocessed,566.0661309165224,341.6109169617928,1.0,548.4441443425765,371.8251436234017,1.0,538.3064592525639,375.3338269309366,1.0,547.739015614576,418.05041201453696,1.0,538.7373564589527,423.22756015675566,1.0,576.0304971656255,428.4554510611642,1.0,572.0210996308458,429.6767737050265,1.0,545.7070471981997,460.1139223217474,1.0,538.3640522832284,460.32567026035525,1.0,548.8311488289764,531.5453798073717,1.0,547.3842877682212,532.2287414696768,1.0,535.7712396837513,600.5238931463981,1.0,536.7117701525465,602.8978410069959,1.0,566.8371715180381,613.9551613821534,1.0,564.7475178909096,610.9097229555314,1.0,525.082536817246,612.4415041964467,1.0,569.0488224053563,615.1495976459298,1.0,564.2116321570136,619.8277911683476,1.0,529.0197235319189,617.7386792168979,1.0,1.0,0.5666666666666667,566.0661309165224,341.6109169617928,False,548.4441443425765,371.8251436234017,False,538.3064592525639,375.3338269309366,False,547.739015614576,418.05041201453696,False,538.7373564589527,423.22756015675566,False,576.0304971656255,428.4554510611642,False,572.0210996308458,429.6767737050265,False,545.7070471981997,460.1139223217474,False,538.3640522832284,460.32567026035525,False,548.8311488289764,531.5453798073717,False,547.3842877682212,532.2287414696768,False,535.7712396837513,600.5238931463981,False,536.7117701525465,602.8978410069959,False,True,101.48147983753331,166.77464937131995,164.26163400416772
35,35,0.5833333333333334,0.5833333333333334,Sports2D_HALPE26_postprocessed,566.3255501734499,341.4321136875548,1.0,548.7259279220467,371.906985123794,1.0,538.3814213325552,375.469562528694,1.0,547.9903059091945,417.2984536126769,1.0,538.8969670295455,423.40196325466536,1.0,576.3624919772219,428.57515429796166,1.0,572.1814457313337,429.6503332610099,1.0,545.8606892382317,460.0711008203791,1.0,538.4153047116833,460.4059095881503,1.0,548.831399774837,530.7999123695633,1.0,547.4700690236477,531.7083755184142,1.0,535.8918225690815,600.3583505183358,1.0,536.8458215265531,602.8079114099719,1.0,566.8339599033188,613.9551784426566,1.0,564.6999888006592,610.9337911838913,1.0,525.1708676158241,612.356075237982,1.0,569.1395347107153,614.9656897072693,1.0,564.3103156729493,619.6600212653773,1.0,529.1330078180533,617.6861829879417,1.0,1.0,0.5833333333333334,566.3255501734499,341.4321136875548,False,548.7259279220467,371.906985123794,False,538.3814213325552,375.469562528694,False,547.9903059091945,417.2984536126769,False,538.8969670295455,423.40196325466536,False,576.3624919772219,428.57515429796166,False,572.1814457313337,429.6503332610099,False,545.8606892382317,460.0711008203791,False,538.4153047116833,460.4059095881503,False,548.831399774837,530.7999123695633,False,547.4700690236477,531.7083755184142,False,535.8918225690815,600.3583505183358,False,536.8458215265531,602.8079114099719,False,True,101.24840853660909,167.05694195863154,164.26399616407735
36,36,0.6,0.6,Sports2D_HALPE26_postprocessed,566.4064906232608,341.35416204506646,1.0,548.7651491811143,371.6829810568319,1.0,538.0984473788828,375.2537520556983,1.0,547.7093451721253,417.2226696111207,1.0,538.6684642921225,423.5224020596958,1.0,576.3310131940899,428.6689104999852,1.0,572.0067334557422,429.6549426160898,1.0,545.9239995456281,460.08718512846536,1.0,538.445909673517,460.5057181060886,1.0,548.7403597999722,530.6409426808715,1.0,547.1914664297051,531.5772615607276,1.0,535.870745443087,599.7530644925863,1.0,536.7258926653401,603.093732205849,1.0,566.7826350081064,613.8284802703386,1.0,564.586911522786,610.8113151717753,1.0,525.1324839076879,612.1653173240111,1.0,569.0180177307334,614.4590121790324,1.0,564.0411997887051,619.0630818319544,1.0,529.0236903009004,617.5115480364724,1.0,1.0,0.6,566.4064906232608,341.35416204506646,False,548.7651491811143,371.6829810568319,False,538.0984473788828,375.2537520556983,False,547.7093451721253,417.2226696111207,False,538.6684642921225,423.5224020596958,False,576.3310131940899,428.6689104999852,False,572.0067334557422,429.6549426160898,False,545.9239995456281,460.08718512846536,False,538.445909673517,460.5057181060886,False,548.7403597999722,530.6409426808715,False,547.1914664297051,531.5772615607276,False,535.870745443087,599.7530644925863,False,536.7258926653401,603.093732205849,False,True,101.0995700708295,167.16564997989084,164.6594030503953
37,37,0.6166666666666667,0.6166666666666667,Sports2D_HALPE26_postprocessed,566.1372387288736,341.58283308862553,1.0,548.3431736456157,371.9151280110408,1.0,538.0507453795085,375.45505779247753,1.0,547.3016568361265,417.4871688930656,1.0,538.2837867407716,423.3718305202069,1.0,576.3206117398898,428.4850013533737,1.0,571.8140450726596,429.4827126795275,1.0,545.8940747957425,460.0996399185955,1.0,538.4925229608928,460.5385397754107,1.0,548.7572244591632,531.0612286055893,1.0,547.1239092463306,531.7578330245194,1.0,535.8872507844972,599.8850574212679,1.0,536.5969687365341,603.4289524269166,1.0,566.8709151023397,613.3276315494704,1.0,564.5646403458379,610.3178356741266,1.0,525.1592319418243,611.6239846545839,1.0,568.9282876970824,614.4162272902212,1.0,563.9424308112705,619.0663500900146,1.0,528.9108146805372,616.9513090287734,1.0,1.0,0.6166666666666667,566.1372387288736,341.58283308862553,False,548.3431736456157,371.9151280110408,False,538.0507453795085,375.45505779247753,False,547.3016568361265,417.4871688930656,False,538.2837867407716,423.3718305202069,False,576.3206117398898,428.4850013533737,False,571.8140450726596,429.4827126795275,False,545.8940747957425,460.0996399185955,False,538.4925229608928,460.5385397754107,False,548.7572244591632,531.0612286055893,False,547.1239092463306,531.7578330245194,False,535.8872507844972,599.8850574212679,False,536.5969687365341,603.4289524269166,False,True,100.60743560800357,167.0975784022288,164.7340000665329
38,38,0.6333333333333333,0.6333333333333333,Sports2D_HALPE26_postprocessed,565.6383786381136,342.2450219931978,1.0,548.1590993023602,372.5464069093783,1.0,537.9642825840124,375.97327192808257,1.0,547.309487680882,418.1811120981925,1.0,538.1424915184175,423.9888958585788,1.0,576.4718949074149,429.0569706625989,1.0,571.8437529919361,429.7185550544202,1.0,545.9254111810562,460.3311196128906,1.0,538.4688097668222,460.7843381981232,1.0,548.6889473493397,531.6164333136006,1.0,547.1693822433763,532.2863322263895,1.0,535.8072086994481,600.2753927327601,1.0,536.5519524352816,604.2070571645054,1.0,566.5927404937237,613.6694341439203,1.0,564.561644495318,610.672358386774,1.0,525.0975985248895,611.5691368533713,1.0,568.9007375150868,614.7981571324741,1.0,563.9371091578555,619.6384866606122,1.0,528.8765539733755,617.3570684108759,1.0,1.0,0.6333333333333333,565.6383786381136,342.2450219931978,False,548.1590993023602,372.5464069093783,False,537.9642825840124,375.97327192808257,False,547.309487680882,418.1811120981925,False,538.1424915184175,423.9888958585788,False,576.4718949074149,429.0569706625989,False,571.8437529919361,429.7185550544202,False,545.9254111810562,460.3311196128906,False,538.4688097668222,460.7843381981232,False,548.6889473493397,531.6164333136006,False,547.1693822433763,532.2863322263895,False,535.8072086994481,600.2753927327601,False,536.5519524352816,604.2070571645054,False,True,99.86143124335258,167.15365893580997,164.66444945478491
39,39,0.65,0.65,Sports2D_HALPE26_postprocessed,565.2702560513183,343.18279953015974,1.0,548.0872708204208,373.13957064931,1.0,537.9172444923272,376.65887783638107,1.0,547.3885238973894,419.1991487577438,1.0,538.1135372327593,424.8932727490107,1.0,576.5814694315503,429.5412768717566,1.0,571.8957814524484,429.888364776757,1.0,545.856924764723,461.0477257035118,1.0,538.4792635960428,461.4843480874873,1.0,548.6543594529281,532.6066031242005,1.0,547.2133640042533,533.2555693905804,1.0,535.7427925489646,600.9698173705035,1.0,536.587385847381,605.2685277308628,1.0,566.4723521697808,614.0966116779402,1.0,564.5642258077307,611.2216758126374,1.0,525.0694479015277,612.0780122973283,1.0,568.9694071239467,615.2975610697961,1.0,564.0896317967347,620.1579460326542,1.0,528.9105212361534,617.9459219782466,1.0,1.0,0.65,565.2702560513183,343.18279953015974,False,548.0872708204208,373.13957064931,False,537.9172444923272,376.65887783638107,False,547.3885238973894,419.1991487577438,False,538.1135372327593,424.8932727490107,False,576.5814694315503,429.5412768717566,False,571.8957814524484,429.888364776757,False,545.856924764723,461.0477257035118,False,538.4792635960428,461.4843480874873,False,548.6543594529281,532.6066031242005,False,547.2133640042533,533.2555693905804,False,535.7427925489646,600.9698173705035,False,536.587385847381,605.2685277308628,False,True,98.6440625287114,167.06597999788565,164.66779176282094
40,40,0.6666666666666666,0.6666666666666666,Sports2D_HALPE26_postprocessed,564.9968735121811,343.5413502552704,1.0,548.154121720964,373.64768714291455,1.0,537.8597981693582,377.3566792405974,1.0,547.3307395064069,419.5956239246585,1.0,538.1320285175174,425.4714002857314,1.0,576.6984687285416,430.2524551950007,1.0,571.9658749818489,430.1170877149231,1.0,545.9067461189494,461.5915440613625,1.0,538.5097054388566,462.0551008897767,1.0,548.5873220252731,532.8393848429557,1.0,547.2674096064219,533.7448781747153,1.0,535.6627241481922,601.1989866327277,1.0,536.6923335916011,605.7084400102763,1.0,566.4779584396783,614.6895412368572,1.0,564.5415607792404,611.4194294379281,1.0,525.0494551459537,612.6346524716029,1.0,569.0718427021657,615.5739074524812,1.0,564.1751435220905,620.6224686881772,1.0,528.9944884248243,618.3336020551562,1.0,1.0,0.6666666666666666,564.9968735121811,343.5413502552704,False,548.154121720964,373.64768714291455,False,537.8597981693582,377.3566792405974,False,547.3307395064069,419.5956239246585,False,538.1320285175174,425.4714002857314,False,576.6984687285416,430.2524551950007,False,571.9658749818489,430.1170877149231,False,545.9067461189494,461.5915440613625,False,538.5097054388566,462.0551008897767,False,548.5873220252731,532.8393848429557,False,547.2674096064219,533.7448781747153,False,535.6627241481922,601.1989866327277,False,536.6923335916011,605.7084400102763,False,True,98.14250162256656,167.13895555491345,164.67538538053964
41,41,0.6833333333333333,0.6833333333333333,Sports2D_HALPE26_postprocessed,564.7618075204255,344.2005223668288,1.0,548.1829926825966,373.8967177906077,1.0,537.7226541062428,377.632078064788,1.0,547.3340378303465,419.9693177571843,1.0,538.1949551066616,426.0972883092745,1.0,576.6044053430821,430.8682617829266,1.0,572.0882173991208,430.2327586353464,1.0,545.8088525414084,461.9035068360771,1.0,538.5567233210754,462.4257148649542,1.0,548.4274506860116,533.0893355920131,1.0,547.3467275087987,533.9650080017527,1.0,535.5652348220284,601.6765317278007,1.0,536.6494769212632,606.0135316553134,1.0,566.4154295724165,614.9698516014665,1.0,564.4919983308882,611.7459235060026,1.0,525.0017687951633,613.0540950574505,1.0,569.070015706567,615.9795365845969,1.0,564.2297413238791,620.97738205205,1.0,528.9673769169559,618.9350862960034,1.0,1.0,0.6833333333333333,564.7618075204255,344.2005223668288,False,548.1829926825966,373.8967177906077,False,537.7226541062428,377.632078064788,False,547.3340378303465,419.9693177571843,False,538.1949551066616,426.0972883092745,False,576.6044053430821,430.8682617829266,False,572.0882173991208,430.2327586353464,False,545.8088525414084,461.9035068360771,False,538.5567233210754,462.4257148649542,False,548.4274506860116,533.0893355920131,False,547.3467275087987,533.9650080017527,False,535.5652348220284,601.6765317278007,False,536.6494769212632,606.0135316553134,False,True,97.51487006515454,167.27193920916193,164.5500267541257
42,42,0.7,0.7,Sports2D_HALPE26_postprocessed,564.6743576562424,344.3277822426728,1.0,548.1853186478586,373.93922295077175,1.0,537.4957887999179,377.8918522558366,1.0,547.4340115570919,420.2786807165644,1.0,538.2194456338061,426.1635448095334,1.0,576.6863387884032,431.06094412045945,1.0,572.1169044570829,430.3793002389452,1.0,545.8408537326826,462.1368813884325,1.0,538.4044116539494,462.6471166106125,1.0,548.4077661359677,533.4037576152077,1.0,547.2734433059795,534.090382242278,1.0,535.5374014345539,602.1674219375175,1.0,536.5366730000741,606.3712303248058,1.0,566.4444212741838,615.1675026739446,1.0,564.4582484234528,611.9463534204266,1.0,524.9653897075996,613.1130536486304,1.0,569.0438919821001,616.2089417787386,1.0,564.1652190940273,621.1043621516984,1.0,528.8936995386438,619.144898882548,1.0,1.0,0.7,564.6743576562424,344.3277822426728,False,548.1853186478586,373.93922295077175,False,537.4957887999179,377.8918522558366,False,547.4340115570919,420.2786807165644,False,538.2194456338061,426.1635448095334,False,576.6863387884032,431.06094412045945,False,572.1169044570829,430.3793002389452,False,545.8408537326826,462.1368813884325,False,538.4044116539494,462.6471166106125,False,548.4077661359677,533.4037576152077,False,547.2734433059795,534.090382242278,False,535.5374014345539,602.1674219375175,False,536.5366730000741,606.3712303248058,False,True,97.94822908554045,167.33591082418138,164.47438268579202
43,43,0.7166666666666667,0.7166666666666667,Sports2D_HALPE26_postprocessed,564.4701764720375,344.4170978790564,1.0,548.2001356745036,373.59600581993584,1.0,537.2732640260285,377.9388327917108,1.0,547.4226134605692,420.2460738472952,1.0,538.1458742722159,426.209493912276,1.0,576.6579679462583,430.9728053691748,1.0,572.0599863997091,430.3203584522907,1.0,545.7521180331416,461.89291761289655,1.0,538.2857063649016,462.43037605301095,1.0,548.2704455648384,533.3958418083513,1.0,547.2838858596213,534.1258355603642,1.0,535.5588847282886,602.2544564458419,1.0,536.5152916649822,606.5087247342614,1.0,566.4243604067021,615.2633238523742,1.0,564.4051916899505,612.0062937003577,1.0,524.8822521591848,613.197391878344,1.0,568.9906145174059,616.1218833714187,1.0,564.1625724309386,621.1170012003856,1.0,528.9005687128756,619.2964864294324,1.0,1.0,0.7166666666666667,564.4701764720375,344.4170978790564,False,548.2001356745036,373.59600581993584,False,537.2732640260285,377.9388327917108,False,547.4226134605692,420.2460738472952,False,538.1458742722159,426.209493912276,False,576.6579679462583,430.9728053691748,False,572.0599863997091,430.3203584522907,False,545.7521180331416,461.89291761289655,False,538.2857063649016,462.43037605301095,False,548.2704455648384,533.3958418083513,False,547.2838858596213,534.1258355603642,False,535.5588847282886,602.2544564458419,False,536.5152916649822,606.5087247342614,False,True,97.94698065641688,167.52361444103613,164.3844853835807
44,44,0.7333333333333333,0.7333333333333333,Sports2D_HALPE26_postprocessed,564.4243926585043,344.49303980133504,1.0,548.1315572565884,373.5502976994155,1.0,537.2143818725901,377.6567462126816,1.0,547.4409924494071,420.2144718559167,1.0,538.0879022251636,425.9944576407056,1.0,576.6786846593349,430.8535588358772,1.0,572.070567366968,430.2885491794671,1.0,545.687396894547,461.7955784395699,1.0,538.2485162819287,462.3689761119338,1.0,548.128916866373,533.4960419403109,1.0,547.2686850233654,534.0877821784004,1.0,535.5952024754831,602.3653010281433,1.0,536.4858188967204,606.5186980910819,1.0,566.4332191600896,615.0016971728444,1.0,564.3983867670905,611.9309724068819,1.0,524.8676185664544,613.2063002931586,1.0,568.9830136421285,616.0013891006475,1.0,564.2412665627817,620.8643004289072,1.0,528.9212450659043,619.2705651971711,1.0,1.0,0.7333333333333333,564.4243926585043,344.49303980133504,False,548.1315572565884,373.5502976994155,False,537.2143818725901,377.6567462126816,False,547.4409924494071,420.2144718559167,False,538.0879022251636,425.9944576407056,False,576.6786846593349,430.8535588358772,False,572.070567366968,430.2885491794671,False,545.687396894547,461.7955784395699,False,538.2485162819287,462.3689761119338,False,548.128916866373,533.4960419403109,False,547.2686850233654,534.0877821784004,False,535.5952024754831,602.3653010281433,False,536.4858188967204,606.5186980910819,False,True,98.23708725847025,167.73520201424802,164.3639802780483
45,45,0.75,0.75,Sports2D_HALPE26_postprocessed,564.3983713517838,344.2548782812267,1.0,548.2622822617545,373.554539358151,1.0,537.1836185450138,377.11875386134113,1.0,547.5557793155191,419.8516435973028,1.0,538.021947316209,425.7139540278975,1.0,576.6792740451476,430.4049992899086,1.0,572.0685357560021,430.2662845078372,1.0,545.6883438963963,461.5521337022502,1.0,538.2198270733645,462.20294750733535,1.0,548.0570115407112,533.3116824505273,1.0,547.1384781730729,533.8890729102097,1.0,535.6080549366042,602.3221566842544,1.0,536.5344653677472,606.3751189942809,1.0,566.43850581233,614.9241935947039,1.0,564.3933203698657,611.9470862713358,1.0,524.8505718335492,613.2460292830539,1.0,568.9714122474566,615.9607120644686,1.0,564.271398942649,620.8655243892354,1.0,528.9120482525316,618.9816558192185,1.0,1.0,0.75,564.3983713517838,344.2548782812267,False,548.2622822617545,373.554539358151,False,537.1836185450138,377.11875386134113,False,547.5557793155191,419.8516435973028,False,538.021947316209,425.7139540278975,False,576.6792740451476,430.4049992899086,False,572.0685357560021,430.2662845078372,False,545.6883438963963,461.5521337022502,False,538.2198270733645,462.20294750733535,False,548.0570115407112,533.3116824505273,False,547.1384781730729,533.8890729102097,False,535.6080549366042,602.3221566842544,False,536.5344653677472,606.3751189942809,False,True,98.60410926767766,167.88370190642382,164.5853426093443
46,46,0.7666666666666666,0.7666666666666666,Sports2D_HALPE26_postprocessed,564.3783820124539,343.94114069940247,1.0,548.5910420480151,373.4784150973421,1.0,537.1610514793663,376.8543909868046,1.0,547.7192502856553,419.5000069673652,1.0,538.0585147282341,425.5835985810001,1.0,576.6519486100669,430.26367770237374,1.0,572.0425655666179,430.2427638348976,1.0,545.7290077045564,461.41502544985553,1.0,538.1965714439536,462.1593765919312,1.0,548.0005185330467,533.1647400633876,1.0,547.0909891995786,533.7790721174943,1.0,535.6088975909943,602.0630184103554,1.0,536.537020599281,605.9167917545237,1.0,566.4404513827942,614.8812446611029,1.0,564.3869802166432,612.0410386479793,1.0,524.835129243761,613.3294822874441,1.0,568.9539872683658,615.9537953539785,1.0,564.2435333889318,620.7216039343081,1.0,528.8847846798474,618.6063870911543,1.0,1.0,0.7666666666666666,564.3783820124539,343.94114069940247,False,548.5910420480151,373.4784150973421,False,537.1610514793663,376.8543909868046,False,547.7192502856553,419.5000069673652,False,538.0585147282341,425.5835985810001,False,576.6519486100669,430.26367770237374,False,572.0425655666179,430.2427638348976,False,545.7290077045564,461.41502544985553,False,538.1965714439536,462.1593765919312,False,548.0005185330467,533.1647400633876,False,547.0909891995786,533.7790721174943,False,535.6088975909943,602.0630184103554,False,536.537020599281,605.9167917545237,False,True,98.86162020037015,167.99082646671235,164.5972134870302
47,47,0.7833333333333333,0.7833333333333333,Sports2D_HALPE26_postprocessed,564.3712195728651,343.9223071327455,1.0,548.6442999595029,373.4677222015374,1.0,537.1455043423003,376.66115244300784,1.0,547.7585890918242,419.3180648055819,1.0,538.0731887309478,425.4689157533048,1.0,576.6086886406781,430.1523280933925,1.0,571.9991242527155,430.2075250900183,1.0,545.7383972275989,461.3208112011405,1.0,538.1755151770612,461.936780509271,1.0,547.9702254254412,533.0249128352727,1.0,547.0848062124,533.6647210369127,1.0,535.6077251703799,601.8700304056082,1.0,536.4977030828165,605.7772699555169,1.0,566.4518624256872,614.8443555278845,1.0,564.3908794384687,611.8914863064247,1.0,524.8210732176877,613.2958932585419,1.0,568.9340001115272,615.9033901712083,1.0,564.1708785659789,620.6318303236743,1.0,528.8452766377236,618.4049123517375,1.0,1.0,0.7833333333333333,564.3712195728651,343.9223071327455,False,548.6442999595029,373.4677222015374,False,537.1455043423003,376.66115244300784,False,547.7585890918242,419.3180648055819,False,538.0731887309478,425.4689157533048,False,576.6086886406781,430.1523280933925,False,571.9991242527155,430.2075250900183,False,545.7383972275989,461.3208112011405,False,538.1755151770612,461.936780509271,False,547.9702254254412,533.0249128352727,False,547.0848062124,533.6647210369127,False,535.6077251703799,601.8700304056082,False,536.4977030828165,605.7772699555169,False,True,99.04023769237978,168.03712021535742,164.56745099910466
48,48,0.8,0.8,Sports2D_HALPE26_postprocessed,564.3529030044548,343.8435304453581,1.0,548.4327887223717,373.33467476472623,1.0,537.12771151045,376.3831005058314,1.0,547.7378299897022,419.2435283445676,1.0,538.0895523824285,425.3620799964547,1.0,576.5918042687638,429.9856591424797,1.0,571.9792629038506,430.1712396732125,1.0,545.7371774916628,461.2870919442104,1.0,538.168203080319,461.8757986460794,1.0,548.0086046050203,533.0887754563612,1.0,546.9973849269136,533.6761379916604,1.0,535.635540399646,601.8467280378325,1.0,536.4415991594122,605.8857341037078,1.0,566.5061839673066,614.7917723726383,1.0,564.4431004897058,611.7896349333015,1.0,524.8227322059747,613.2503196454066,1.0,568.929043174757,615.8571028535257,1.0,564.0860150794874,620.5664669648347,1.0,528.8122727142426,618.2846236470352,1.0,1.0,0.8,564.3529030044548,343.8435304453581,False,548.4327887223717,373.33467476472623,False,537.12771151045,376.3831005058314,False,547.7378299897022,419.2435283445676,False,538.0895523824285,425.3620799964547,False,576.5918042687638,429.9856591424797,False,571.9792629038506,430.1712396732125,False,545.7371774916628,461.2870919442104,False,538.168203080319,461.8757986460794,False,548.0086046050203,533.0887754563612,False,546.9973849269136,533.6761379916604,False,535.635540399646,601.8467280378325,False,536.4415991594122,605.8857341037078,False,True,99.20171951982238,167.98681173385683,164.6728781979426
49,49,0.8166666666666667,0.8166666666666667,Sports2D_HALPE26_postprocessed,564.3469627234974,343.81882026501535,1.0,548.17956684443,373.2206119900246,1.0,537.109832385706,376.2335858707384,1.0,547.5801391043458,419.009230661308,1.0,538.088414354012,425.3031882788716,1.0,576.5659793416731,429.6908287113569,1.0,571.9113908126068,430.2128983102657,1.0,545.7066582487503,461.2500858663267,1.0,538.1618158749347,461.816429741785,1.0,548.0910844954419,533.1441755624589,1.0,546.930182542429,533.7129561608972,1.0,535.6821364304079,601.8093735456627,1.0,536.3335727130077,605.9374969617901,1.0,566.5951630144671,614.7831795576998,1.0,564.5377538500213,611.7706200499807,1.0,524.8248608311669,613.2684244725142,1.0,568.9194898858307,615.8696775631216,1.0,564.0620422201481,620.5400990857264,1.0,528.7643336493466,618.1071294285387,1.0,1.0,0.8166666666666667,564.3469627234974,343.81882026501535,False,548.17956684443,373.2206119900246,False,537.109832385706,376.2335858707384,False,547.5801391043458,419.009230661308,False,538.088414354012,425.3031882788716,False,576.5659793416731,429.6908287113569,False,571.9113908126068,430.2128983102657,False,545.7066582487503,461.2500858663267,False,538.1618158749347,461.816429741785,False,548.0910844954419,533.1441755624589,False,546.930182542429,533.7129561608972,False,535.6821364304079,601.8093735456627,False,536.3335727130077,605.9374969617901,False,True,99.40179341986315,167.85669094661964,164.69990455938955
50,50,0.8333333333333334,0.8333333333333334,Sports2D_HALPE26_postprocessed,564.4180535635924,343.8300789340133,1.0,547.9568425162163,373.2201687222982,1.0,537.1112227517997,376.2831716080044,1.0,547.5618529687054,418.9725965955424,1.0,538.0854266051596,425.2548700973107,1.0,576.57288547093,429.6789403319518,1.0,571.7802125172751,430.2252219828978,1.0,545.6675384301318,461.265607798827,1.0,538.1707584128492,461.8366047760468,1.0,548.0975581331741,533.1022348300054,1.0,546.9069672343375,533.6463063009112,1.0,535.7500735064986,601.9928907238652,1.0,536.2991348039503,605.9060094138821,1.0,566.6128385819718,614.8146165279547,1.0,564.5495887187974,611.8283369624737,1.0,524.8370393411951,613.2463149060676,1.0,568.9099258504026,615.9492969457976,1.0,564.0221523932671,620.589569465523,1.0,528.7015053044017,618.1356873723221,1.0,1.0,0.8333333333333334,564.4180535635924,343.8300789340133,False,547.9568425162163,373.2201687222982,False,537.1112227517997,376.2831716080044,False,547.5618529687054,418.9725965955424,False,538.0854266051596,425.2548700973107,False,576.57288547093,429.6789403319518,False,571.7802125172751,430.2252219828978,False,545.6675384301318,461.265607798827,False,538.1707584128492,461.8366047760468,False,548.0975581331741,533.1022348300054,False,546.9069672343375,533.6463063009112,False,535.7500735064986,601.9928907238652,False,536.2991348039503,605.9060094138821,False,True,99.53089053381044,167.90118679392248,164.7121557765876
51,51,0.85,0.85,Sports2D_HALPE26_postprocessed,564.4957243392498,343.95735604433486,1.0,548.0971702489841,373.3932084454406,1.0,537.1030605546032,376.5640027373749,1.0,547.8059165773616,419.1538616999245,1.0,538.03199611963,425.31737985831165,1.0,576.5706283246116,429.8946508930609,1.0,571.642571489906,430.3710088052077,1.0,545.6721311877077,461.267844749084,1.0,538.1735265631642,461.8596503559581,1.0,548.1544027187579,533.1781094276477,1.0,546.8829064046391,533.6987030137749,1.0,535.8533333431452,602.1694178884147,1.0,536.3010892382108,605.9883298424927,1.0,566.6641224915018,614.8223393118909,1.0,564.6092013713521,611.9378679967325,1.0,524.845731852296,613.1665792386459,1.0,568.9045005206972,616.0643117888587,1.0,564.0064802300626,620.6870782282224,1.0,528.6827874251753,618.3135425976058,1.0,1.0,0.85,564.4957243392498,343.95735604433486,False,548.0971702489841,373.3932084454406,False,537.1030605546032,376.5640027373749,False,547.8059165773616,419.1538616999245,False,538.03199611963,425.31737985831165,False,576.5706283246116,429.8946508930609,False,571.642571489906,430.3710088052077,False,545.6721311877077,461.267844749084,False,538.1735265631642,461.8596503559581,False,548.1544027187579,533.1781094276477,False,546.8829064046391,533.6987030137749,False,535.8533333431452,602.1694178884147,False,536.3010892382108,605.9883298424927,False,True,99.64241028476114,167.9134564141414,164.7596429853413
52,52,0.8666666666666667,0.8666666666666667,Sports2D_HALPE26_postprocessed,564.5031075174423,344.50891588428465,1.0,547.8718431336731,373.632287350081,1.0,537.1402257508488,376.9254742099104,1.0,547.7296870033811,419.3970180930767,1.0,537.9563550637486,425.3923718192013,1.0,576.6091136385971,430.2397514361084,1.0,571.6488706223496,430.6084863308779,1.0,545.6696355030466,461.315234030582,1.0,538.1749287964697,461.9694632062096,1.0,548.1855809168653,533.3138257980285,1.0,546.8927515964092,533.8369044803376,1.0,535.8892309991243,602.2725862644749,1.0,536.2703835336818,606.1151138648177,1.0,566.6791154545336,614.9779920327721,1.0,564.62461291628,612.0359611815936,1.0,524.8548475010467,613.1650325374222,1.0,568.9187498180647,616.1540575999833,1.0,564.0762781906168,620.808380268066,1.0,528.6192593598416,618.5914845471882,1.0,1.0,0.8666666666666667,564.5031075174423,344.50891588428465,False,547.8718431336731,373.632287350081,False,537.1402257508488,376.9254742099104,False,547.7296870033811,419.3970180930767,False,537.9563550637486,425.3923718192013,False,576.6091136385971,430.2397514361084,False,571.6488706223496,430.6084863308779,False,545.6696355030466,461.315234030582,False,538.1749287964697,461.9694632062096,False,548.1855809168653,533.3138257980285,False,546.8927515964092,533.8369044803376,False,535.8892309991243,602.2725862644749,False,536.2703835336818,606.1151138648177,False,True,99.76510128583516,167.88824200633536,164.72294839550793
53,53,0.8833333333333333,0.8833333333333333,Sports2D_HALPE26_postprocessed,564.5426132937584,344.75240056082646,1.0,547.8517604893217,374.0142706737417,1.0,537.1383407366592,377.3002054708333,1.0,547.7820874906199,419.5951388867618,1.0,537.9548149737877,425.4637591805049,1.0,576.5700754324453,430.72391059224185,1.0,571.6979242685759,430.9954274414183,1.0,545.7083210069385,461.4232176996528,1.0,538.1604963465485,462.017754234559,1.0,548.2664033531452,533.3490013664407,1.0,546.8841426540095,533.8995977364227,1.0,535.9081370328217,602.3824183971818,1.0,536.249532140272,606.1248512080847,1.0,566.7370792921467,615.1382337554892,1.0,564.6883998458267,612.2087813993729,1.0,524.8471957895629,613.2853121312397,1.0,568.903693689424,616.2643812568574,1.0,564.0843159842975,620.9848424546349,1.0,528.5730777632043,618.8376618641884,1.0,1.0,0.8833333333333333,564.5426132937584,344.75240056082646,False,547.8517604893217,374.0142706737417,False,537.1383407366592,377.3002054708333,False,547.7820874906199,419.5951388867618,False,537.9548149737877,425.4637591805049,False,576.5700754324453,430.72391059224185,False,571.6979242685759,430.9954274414183,False,545.7083210069385,461.4232176996528,False,538.1604963465485,462.017754234559,False,548.2664033531452,533.3490013664407,False,546.8841426540095,533.8995977364227,False,535.9081370328217,602.3824183971818,False,536.249532140272,606.1248512080847,False,True,100.28115014346713,167.81360126536805,164.70419695834133
54,54,0.9,0.9,Sports2D_HALPE26_postprocessed,564.52566274125,344.8420654435099,1.0,547.7931890823235,374.1942370261921,1.0,537.137913133387,377.3507999234645,1.0,547.7683377652708,419.70969436758537,1.0,537.8778588438406,425.4520316887439,1.0,576.5573297149726,430.940298678826,1.0,571.6249855213184,431.22506914902,1.0,545.7412513166488,461.4555291354028,1.0,538.1469681247282,462.01671310625306,1.0,548.3071338697312,533.3681533536427,1.0,546.8804623443328,533.9631976601239,1.0,535.9795566567202,602.3913665268333,1.0,536.2673792388607,606.1385612708843,1.0,566.763260123744,615.1721015894924,1.0,564.7041865496383,612.3468167244689,1.0,524.8409723342868,613.4539034442505,1.0,568.8940828546339,616.3038895246817,1.0,564.0523290545514,621.1065485599404,1.0,528.5913452309645,618.9935584286133,1.0,1.0,0.9,564.52566274125,344.8420654435099,False,547.7931890823235,374.1942370261921,False,537.137913133387,377.3507999234645,False,547.7683377652708,419.70969436758537,False,537.8778588438406,425.4520316887439,False,576.5573297149726,430.940298678826,False,571.6249855213184,431.22506914902,False,545.7412513166488,461.4555291354028,False,538.1469681247282,462.01671310625306,False,548.3071338697312,533.3681533536427,False,546.8804623443328,533.9631976601239,False,535.9795566567202,602.3913665268333,False,536.2673792388607,606.1385612708843,False,True,100.58879829637992,167.83023821918306,164.71364426832503
55,55,0.9166666666666666,0.9166666666666666,Sports2D_HALPE26_postprocessed,564.3946212353269,345.17165930394555,1.0,547.6143446049923,374.2833086963914,1.0,537.1280471308048,377.3828283535572,1.0,547.5936298314166,419.72696630352505,1.0,537.8868492208252,425.4209988949634,1.0,576.4987765832653,430.94912551281936,1.0,571.6187159508586,431.42486437414334,1.0,545.7509078569922,461.5166224597058,1.0,538.1350126497496,462.0538349630033,1.0,548.3113952033646,533.3194460170804,1.0,546.8750367766816,533.9586553666533,1.0,536.0014910916138,602.2291009745541,1.0,536.3172812346678,606.0942800330413,1.0,566.7457614822761,615.2887220358755,1.0,564.6875256504957,612.3676782711567,1.0,524.8286772816507,613.5922933597674,1.0,568.8752867804901,616.246232283894,1.0,564.0606032983053,621.1725777929946,1.0,528.6870264950139,619.0942809279713,1.0,1.0,0.9166666666666666,564.3946212353269,345.17165930394555,False,547.6143446049923,374.2833086963914,False,537.1280471308048,377.3828283535572,False,547.5936298314166,419.72696630352505,False,537.8868492208252,425.4209988949634,False,576.4987765832653,430.94912551281936,False,571.6187159508586,431.42486437414334,False,545.7509078569922,461.5166224597058,False,538.1350126497496,462.0538349630033,False,548.3113952033646,533.3194460170804,False,546.8750367766816,533.9586553666533,False,536.0014910916138,602.2291009745541,False,536.3172812346678,606.0942800330413,False,True,100.99722839253965,167.829313904139,164.74302140463098
56,56,0.9333333333333332,0.9333333333333332,Sports2D_HALPE26_postprocessed,564.2796452969716,345.5007037009393,1.0,547.6728837667745,374.43148582712274,1.0,537.134220188633,377.2489889468735,1.0,547.3939469942032,419.882601111654,1.0,537.8104730757618,425.4274450470964,1.0,576.4146284582274,430.9607376667946,1.0,571.4392744923089,431.13228417946056,1.0,545.7537118292506,461.5389925848633,1.0,538.1274472376273,462.0679216758173,1.0,548.309290989553,533.3661761382588,1.0,546.8688907339804,534.0252559558185,1.0,535.9973129058163,602.254782866439,1.0,536.3235041562186,606.125634165062,1.0,566.7290612430033,615.5463513808094,1.0,564.6752352828479,612.6142741567535,1.0,524.8182759981032,613.7889051268673,1.0,568.8713995857516,616.2552776594218,1.0,564.0500631637314,621.2384478069607,1.0,528.735408047163,619.1811224240022,1.0,1.0,0.9333333333333332,564.2796452969716,345.5007037009393,False,547.6728837667745,374.43148582712274,False,537.134220188633,377.2489889468735,False,547.3939469942032,419.882601111654,False,537.8104730757618,425.4274450470964,False,576.4146284582274,430.9607376667946,False,571.4392744923089,431.13228417946056,False,545.7537118292506,461.5389925848633,False,538.1274472376273,462.0679216758173,False,548.309290989553,533.3661761382588,False,546.8688907339804,534.0252559558185,False,535.9973129058163,602.254782866439,False,536.3235041562186,606.125634165062,False,True,100.43225321336396,167.82921410357116,164.75252591459156
57,57,0.95,0.95,Sports2D_HALPE26_postprocessed,564.1797580345126,345.4687295449528,1.0,547.6181605806198,374.13076952016,1.0,537.146908190862,377.21874659475134,1.0,547.1194774028925,419.7724312685988,1.0,537.8111080605711,425.4293631736055,1.0,576.2305402964458,430.982233362346,1.0,571.2501020462418,431.1166188314313,1.0,545.7442192031484,461.5003536503809,1.0,538.1134716678939,462.1333940834933,1.0,548.2978739416924,533.3323448341691,1.0,546.8721323513838,534.0226049337007,1.0,535.9541415318849,602.3664777359506,1.0,536.3526610020899,606.1353358561933,1.0,566.7118111776708,615.5338770627634,1.0,564.6588206982458,612.6547958446175,1.0,524.7942042609218,613.8972886653112,1.0,568.8978933725841,616.2914612326427,1.0,564.018703622898,621.1442513824029,1.0,528.7094492212593,619.0089546956312,1.0,1.0,0.95,564.1797580345126,345.4687295449528,False,547.6181605806198,374.13076952016,False,537.146908190862,377.21874659475134,False,547.1194774028925,419.7724312685988,False,537.8111080605711,425.4293631736055,False,576.2305402964458,430.982233362346,False,571.2501020462418,431.1166188314313,False,545.7442192031484,461.5003536503809,False,538.1134716678939,462.1333940834933,False,548.2978739416924,533.3323448341691,False,546.8721323513838,534.0226049337007,False,535.9541415318849,602.3664777359506,False,536.3526610020899,606.1353358561933,False,True,100.44173614628582,167.82626257247955,164.75407019636924
58,58,0.9666666666666668,0.9666666666666668,Sports2D_HALPE26_postprocessed,564.0832314939225,345.4333001093861,1.0,547.4161679847216,373.9436952148777,1.0,537.2173415299113,377.1977383924548,1.0,546.6658753809063,419.50819315515207,1.0,537.7122530814183,425.3346229606542,1.0,575.770285764164,431.00948317787504,1.0,570.9585281003599,430.9739483904567,1.0,545.7390373163089,461.4419354990223,1.0,538.1169699993127,462.033831007238,1.0,548.2915896855837,533.2442777156522,1.0,546.8992332411932,533.9906681877101,1.0,535.9024958905871,602.3264270143728,1.0,536.3541012229803,606.1241453136855,1.0,566.7052173837902,615.5779792022311,1.0,564.6492627567245,612.6020810671988,1.0,524.7710213469103,613.9741612392102,1.0,568.9933165179965,616.3507629660687,1.0,564.0815176149945,621.1217747442417,1.0,528.831135066758,618.8614676976181,1.0,1.0,0.9666666666666668,564.0832314939225,345.4333001093861,False,547.4161679847216,373.9436952148777,False,537.2173415299113,377.1977383924548,False,546.6658753809063,419.50819315515207,False,537.7122530814183,425.3346229606542,False,575.770285764164,431.00948317787504,False,570.9585281003599,430.9739483904567,False,545.7390373163089,461.4419354990223,False,538.1169699993127,462.033831007238,False,548.2915896855837,533.2442777156522,False,546.8992332411932,533.9906681877101,False,535.9024958905871,602.3264270143728,False,536.3541012229803,606.1241453136855,False,True,100.21609417996582,167.7967474865521,164.72441331378528
59,59,0.9833333333333332,0.9833333333333332,Sports2D_HALPE26_postprocessed,564.4401675768804,345.4842754189048,1.0,546.8599841546868,373.8242186247599,1.0,537.3700965541942,377.2104676391824,1.0,546.2913555389549,419.3445491869063,1.0,537.6812469550828,425.2799116947074,1.0,575.1076862066882,431.055648656911,1.0,570.27342033955,430.9915076469624,1.0,545.7288102425931,461.4524522072187,1.0,538.1382501281482,461.98334044193234,1.0,548.2789957240212,533.19947197158,1.0,546.9268176030791,533.9897220861519,1.0,535.8333117311469,602.411763425564,1.0,536.3207574982764,606.1087855716569,1.0,566.6765906399305,615.6839876103381,1.0,564.6242481713408,612.6822371817955,1.0,524.7457850168878,614.0691711660481,1.0,569.1462294612373,616.3768916016796,1.0,564.1195235072545,621.1482432116923,1.0,528.9795765258976,618.6566052884859,1.0,1.0,0.9833333333333332,564.4401675768804,345.4842754189048,False,546.8599841546868,373.8242186247599,False,537.3700965541942,377.2104676391824,False,546.2913555389549,419.3445491869063,False,537.6812469550828,425.2799116947074,False,575.1076862066882,431.055648656911,False,570.27342033955,430.9915076469624,False,545.7288102425931,461.4524522072187,False,538.1382501281482,461.98334044193234,False,548.2789957240212,533.19947197158,False,546.9268176030791,533.9897220861519,False,535.8333117311469,602.411763425564,False,536.3207574982764,606.1087855716569,False,True,100.31069876453691,167.77040079625613,164.67518651723478
60,60,1.0,1.0,Sports2D_HALPE26_postprocessed,564.8521392501003,345.44273754762025,1.0,546.6749126285928,373.7086419144952,1.0,537.516372215664,377.1661966273544,1.0,546.4170310729642,419.237854963946,1.0,537.6506343107085,425.26742891209534,1.0,575.2106963395216,431.0362313418497,1.0,570.3020314536043,430.9465937728811,1.0,545.7344289979228,461.43458334052417,1.0,538.2347992708924,461.91494607204334,1.0,548.2801098028591,533.1378223508707,1.0,546.9097965387423,533.9060867843336,1.0,535.7679075476863,602.5123507354622,1.0,536.2736327245693,606.124905923576,1.0,566.6507512773738,615.7708455500795,1.0,564.6006162240295,612.741322858428,1.0,524.7519717923099,614.0764644033928,1.0,569.237523057727,616.2922724400474,1.0,564.1491600219671,621.0628791674261,1.0,528.9947772161979,618.4112045527822,1.0,1.0,1.0,564.8521392501003,345.44273754762025,False,546.6749126285928,373.7086419144952,False,537.516372215664,377.1661966273544,False,546.4170310729642,419.237854963946,False,537.6506343107085,425.26742891209534,False,575.2106963395216,431.0362313418497,False,570.3020314536043,430.9465937728811,False,545.7344289979228,461.43458334052417,False,538.2347992708924,461.91494607204334,False,548.2801098028591,533.1378223508707,False,546.9097965387423,533.9060867843336,False,535.7679075476863,602.5123507354622,False,536.2736327245693,606.124905923576,False,True,100.02685867840783,167.7428798938194,164.75082008855077
61,61,1.0166666666666666,1.0166666666666666,Sports2D_HALPE26_postprocessed,565.0290773432323,345.4570276298356,1.0,546.574977169879,373.5995651884278,1.0,537.5960980402807,377.13719879973394,1.0,546.352939715125,419.21914315939085,1.0,537.661495273785,425.2732617339399,1.0,575.1872249169556,431.08326032169566,1.0,570.3098448474211,430.92993594805273,1.0,545.7360440554544,461.3630468147194,1.0,538.3845380029263,461.7434316449997,1.0,548.2732566994766,533.0315503552824,1.0,546.9176229266702,533.85778570344,1.0,535.7302647861943,602.4459038975469,1.0,536.2673622234344,606.0621940801836,1.0,566.5979382571118,615.7005940708395,1.0,564.54904735114,612.6862110415123,1.0,524.7530405864493,614.0881458632934,1.0,569.3009672735704,616.2583317259791,1.0,564.1736744999346,620.9258038941838,1.0,529.0523091215567,618.3319369111044,1.0,1.0,1.0166666666666666,565.0290773432323,345.4570276298356,False,546.574977169879,373.5995651884278,False,537.5960980402807,377.13719879973394,False,546.352939715125,419.21914315939085,False,537.661495273785,425.2732617339399,False,575.1872249169556,431.08326032169566,False,570.3098448474211,430.92993594805273,False,545.7360440554544,461.3630468147194,False,538.3845380029263,461.7434316449997,False,548.2732566994766,533.0315503552824,False,546.9176229266702,533.85778570344,False,535.7302647861943,602.4459038975469,False,536.2673622234344,606.0621940801836,False,True,99.90736233915815,167.72978611057806,164.86101987081798
62,62,1.0333333333333332,1.0333333333333332,Sports2D_HALPE26_postprocessed,565.0110748041986,345.57052072904594,1.0,546.6250492467316,373.5508200015504,1.0,537.6664985826898,377.1318842747056,1.0,546.330956637161,419.3495352939656,1.0,537.6983907649079,425.2532089537832,1.0,575.2533652584087,431.0297937849417,1.0,570.2752277290178,430.93280115978666,1.0,545.7329704631161,461.4590537237572,1.0,538.5503445664472,461.66550304297385,1.0,548.2647642075044,533.1243483427392,1.0,546.9434242500174,533.8262473065619,1.0,535.7402447190409,602.4164540381962,1.0,536.3115765351869,606.0212913088767,1.0,566.5309496704934,615.6708025795042,1.0,564.5730214027379,612.669327741596,1.0,524.733745963735,614.0810808609695,1.0,569.3377902734635,616.2426589726981,1.0,564.1758608775708,620.8466952747008,1.0,529.1404148208313,618.2822026012802,1.0,1.0,1.0333333333333332,565.0110748041986,345.57052072904594,False,546.6250492467316,373.5508200015504,False,537.6664985826898,377.1318842747056,False,546.330956637161,419.3495352939656,False,537.6983907649079,425.2532089537832,False,575.2533652584087,431.0297937849417,False,570.2752277290178,430.93280115978666,False,545.7329704631161,461.4590537237572,False,538.5503445664472,461.66550304297385,False,548.2647642075044,533.1243483427392,False,546.9434242500174,533.8262473065619,False,535.7402447190409,602.4164540381962,False,536.3115765351869,606.0212913088767,False,True,99.92777234264652,167.7311257911091,164.98820372931408
63,63,1.05,1.05,Sports2D_HALPE26_postprocessed,565.0129269085564,345.62538656894185,1.0,546.6801307821802,373.6082572277509,1.0,537.6581055259657,377.171336206046,1.0,546.2459909162139,419.4304406287248,1.0,537.6785895917002,425.27429243976513,1.0,575.3211778594707,430.9161723826557,1.0,570.3338911732596,430.9107980750205,1.0,545.7341867633534,461.55458146170855,1.0,538.6124027608666,461.7439812965215,1.0,548.2546417675437,533.1985642671499,1.0,546.9521664838043,533.8364337446544,1.0,535.7369000805993,602.4211888865063,1.0,536.3533813279533,605.9913225882931,1.0,566.4719946994762,615.6568593304947,1.0,564.633314105896,612.6870106323348,1.0,524.8094366910954,614.0654471469879,1.0,569.242912096987,616.2454747202219,1.0,564.1767137655856,620.792385065991,1.0,529.1940250634442,618.2646973620642,1.0,1.0,1.05,565.0129269085564,345.62538656894185,False,546.6801307821802,373.6082572277509,False,537.6581055259657,377.171336206046,False,546.2459909162139,419.4304406287248,False,537.6785895917002,425.27429243976513,False,575.3211778594707,430.9161723826557,False,570.3338911732596,430.9107980750205,False,545.7341867633534,461.55458146170855,False,538.6124027608666,461.7439812965215,False,548.2546417675437,533.1985642671499,False,546.9521664838043,533.8364337446544,False,535.7369000805993,602.4211888865063,False,536.3533813279533,605.9913225882931,False,True,99.81750805553988,167.73494768122748,165.04488697170106
64,64,1.0666666666666669,1.0666666666666669,Sports2D_HALPE26_postprocessed,565.1247895072706,345.6644532178888,1.0,546.7788215465791,373.7923592816925,1.0,537.6248828386335,377.2636811942239,1.0,546.3164505111077,419.50941882871473,1.0,537.630013829737,425.3389881954648,1.0,575.2435851395244,430.8694505205536,1.0,570.3105485527988,430.87822869019135,1.0,545.7443152223836,461.661612333996,1.0,538.6115594822045,462.1451733202232,1.0,548.2422219027252,533.3285271699983,1.0,546.968459503217,533.9552502111791,1.0,535.756597159409,602.5296093739672,1.0,536.416876287348,606.0252584411867,1.0,566.4397711300519,615.6776989141256,1.0,564.6402523287189,612.776526658359,1.0,524.879005935494,614.0755581518149,1.0,569.2583309526368,616.3053668774711,1.0,564.17651516008,620.7715231923667,1.0,529.2946212210337,618.3380399269881,1.0,1.0,1.0666666666666669,565.1247895072706,345.6644532178888,False,546.7788215465791,373.7923592816925,False,537.6248828386335,377.2636811942239,False,546.3164505111077,419.50941882871473,False,537.630013829737,425.3389881954648,False,575.2435851395244,430.8694505205536,False,570.3105485527988,430.87822869019135,False,545.7443152223836,461.661612333996,False,538.6115594822045,462.1451733202232,False,548.2422219027252,533.3285271699983,False,546.968459503217,533.9552502111791,False,535.756597159409,602.5296093739672,False,536.416876287348,606.0252584411867,False,True,99.62612716572052,167.77622447501383,165.03271103031474
65,65,1.0833333333333333,1.0833333333333333,Sports2D_HALPE26_postprocessed,565.115742740142,345.70708153162,1.0,546.8275943570609,374.0376205770369,1.0,537.5667292764351,377.3530136823033,1.0,546.3410021416722,419.531732286212,1.0,537.5241750188399,425.3995252430872,1.0,575.0466485214564,430.79668774583627,1.0,570.2487015305605,430.9480906524099,1.0,545.7153767254642,461.8205832844362,1.0,538.554697136849,462.4278261513344,1.0,548.2331898422508,533.3481470217405,1.0,547.007903973745,534.0403712078157,1.0,535.8148502299427,602.6045023284906,1.0,536.4307725057151,606.0100300197196,1.0,566.4429445310799,615.7614117371177,1.0,564.6557659869369,612.8106316217202,1.0,524.9515100779371,614.1374523041286,1.0,569.2291768544686,616.3322944923964,1.0,564.1417013505601,620.8430080494263,1.0,529.2888291009951,618.3492023005695,1.0,1.0,1.0833333333333333,565.115742740142,345.70708153162,False,546.8275943570609,374.0376205770369,False,537.5667292764351,377.3530136823033,False,546.3410021416722,419.531732286212,False,537.5241750188399,425.3995252430872,False,575.0466485214564,430.79668774583627,False,570.2487015305605,430.9480906524099,False,545.7153767254642,461.8205832844362,False,538.554697136849,462.4278261513344,False,548.2331898422508,533.3481470217405,False,547.007903973745,534.0403712078157,False,535.8148502299427,602.6045023284906,False,536.4307725057151,606.0100300197196,False,True,99.57244586977697,167.8183248672406,164.9071984399231
66,66,1.1,1.1,Sports2D_HALPE26_postprocessed,565.1209853584396,345.73307309914327,1.0,546.7379464734186,374.13476596275945,1.0,537.5525290733938,377.4015340825088,1.0,546.4291035173621,419.6154311702527,1.0,537.4388758808785,425.4279157570127,1.0,575.0314945934565,430.731443508134,1.0,570.2239670262503,430.9836700614962,1.0,545.6972598399185,461.9297144143413,1.0,538.5345547955469,462.72672629796585,1.0,548.2294193636917,533.4863380756263,1.0,546.995593960525,534.1355845317714,1.0,535.8554844196243,602.914623879833,1.0,536.445401067529,606.1245195318284,1.0,566.4146287378876,615.7716371996385,1.0,564.6934425292441,612.8148129017202,1.0,525.1302467533824,614.0756565827244,1.0,569.2135426351197,616.3174392275391,1.0,564.1249567895261,620.8552584494955,1.0,529.2953943908822,618.3072180607603,1.0,1.0,1.1,565.1209853584396,345.73307309914327,False,546.7379464734186,374.13476596275945,False,537.5525290733938,377.4015340825088,False,546.4291035173621,419.6154311702527,False,537.4388758808785,425.4279157570127,False,575.0314945934565,430.731443508134,False,570.2239670262503,430.9836700614962,False,545.6972598399185,461.9297144143413,False,538.5345547955469,462.72672629796585,False,548.2294193636917,533.4863380756263,False,546.995593960525,534.1355845317714,False,535.8554844196243,602.914623879833,False,536.445401067529,606.1245195318284,False,True,99.48237092595447,167.86783376265055,164.90517083840902
67,67,1.1166666666666667,1.1166666666666667,Sports2D_HALPE26_postprocessed,565.1542275847046,345.7804080596503,1.0,546.6945302676002,374.1707350366906,1.0,537.5455824636674,377.4544787895916,1.0,546.4233035746631,419.8730813243633,1.0,537.326791281852,425.4624370834062,1.0,574.934364541116,430.74690535599393,1.0,570.2197057180013,431.0213564801584,1.0,545.6882847249547,462.1152589584162,1.0,538.5324770511247,462.90401766272737,1.0,548.2320977629051,533.7084568738773,1.0,546.9046459700239,534.3509664944115,1.0,535.8810496049824,603.1958235016243,1.0,536.4620458257083,606.3448642592451,1.0,566.4965538736659,615.8458506130962,1.0,564.7655306767391,612.8697031753527,1.0,525.2444802821002,614.0321266159211,1.0,569.2094384310437,616.3508495594166,1.0,564.1152159147466,620.8938500120131,1.0,529.3081249248901,618.3197811510167,1.0,1.0,1.1166666666666667,565.1542275847046,345.7804080596503,False,546.6945302676002,374.1707350366906,False,537.5455824636674,377.4544787895916,False,546.4233035746631,419.8730813243633,False,537.326791281852,425.4624370834062,False,574.934364541116,430.74690535599393,False,570.2197057180013,431.0213564801584,False,545.6882847249547,462.1152589584162,False,538.5324770511247,462.90401766272737,False,548.2320977629051,533.7084568738773,False,546.9046459700239,534.3509664944115,False,535.8810496049824,603.1958235016243,False,536.4620458257083,606.3448642592451,False,True,99.33126060282564,167.8862612110791,165.0634439801781
68,68,1.1333333333333333,1.1333333333333333,Sports2D_HALPE26_postprocessed,565.2519602824044,345.8181335437545,1.0,546.6749473388995,374.265646340965,1.0,537.5430928074627,377.4984967716362,1.0,546.324500415932,420.053898728027,1.0,537.139617994975,425.4838918481418,1.0,574.9274931785047,430.8129214819262,1.0,570.2353168367441,431.0183190344211,1.0,545.6931456857152,462.1294441817607,1.0,538.5514888792884,462.9902546798265,1.0,548.2488735428287,533.7685280684391,1.0,546.8676112242983,534.449395966186,1.0,535.8963248178061,603.2396273538757,1.0,536.4889052141641,606.4567362600565,1.0,566.5375107005558,615.6825605105722,1.0,564.8754583954474,612.8216589549431,1.0,525.1771721235348,613.9900771179827,1.0,569.2100051753164,616.4197337213627,1.0,564.1109154811849,620.935218332201,1.0,529.3376340094062,618.3528293715423,1.0,1.0,1.1333333333333333,565.2519602824044,345.8181335437545,False,546.6749473388995,374.265646340965,False,537.5430928074627,377.4984967716362,False,546.324500415932,420.053898728027,False,537.139617994975,425.4838918481418,False,574.9274931785047,430.8129214819262,False,570.2353168367441,431.0183190344211,False,545.6931456857152,462.1294441817607,False,538.5514888792884,462.9902546798265,False,548.2488735428287,533.7685280684391,False,546.8676112242983,534.449395966186,False,535.8963248178061,603.2396273538757,False,536.4889052141641,606.4567362600565,False,True,99.01169534679086,167.87453500551163,165.16022625034893
69,69,1.15,1.15,Sports2D_HALPE26_postprocessed,565.4030131100847,345.85773481140905,1.0,546.6224754724542,374.29866081894136,1.0,537.5224447048906,377.5568894393752,1.0,546.2585631550709,420.0592222744544,1.0,537.0310030459452,425.5129399371378,1.0,574.9381500165468,430.8086955939511,1.0,570.2263708361663,430.9953266821849,1.0,545.6763797103172,462.1109929117981,1.0,538.5411209989473,462.9297360920296,1.0,548.248716329947,533.827040492117,1.0,546.850405538739,534.4175348951284,1.0,535.9198591222178,603.3001578812307,1.0,536.4857929640548,606.4411320086579,1.0,566.5498917564834,615.624884049748,1.0,564.8774364637134,612.7769185201021,1.0,525.156553327581,613.9770404546573,1.0,569.1934765262338,616.4747561775878,1.0,564.0914955390851,620.9631438538248,1.0,529.3130091803935,618.4209706076233,1.0,1.0,1.15,565.4030131100847,345.85773481140905,False,546.6224754724542,374.29866081894136,False,537.5224447048906,377.5568894393752,False,546.2585631550709,420.0592222744544,False,537.0310030459452,425.5129399371378,False,574.9381500165468,430.8086955939511,False,570.2263708361663,430.9953266821849,False,545.6763797103172,462.1109929117981,False,538.5411209989473,462.9297360920296,False,548.248716329947,533.827040492117,False,546.850405538739,534.4175348951284,False,535.9198591222178,603.3001578812307,False,536.4857929640548,606.4411320086579,False,True,98.79090773858479,167.88270164053674,165.1810805763453
70,70,1.1666666666666667,1.1666666666666667,Sports2D_HALPE26_postprocessed,565.7015978958009,345.8290589217547,1.0,546.5588892781935,374.2250123722224,1.0,537.4937469794994,377.5848647689773,1.0,546.2220591160958,420.0850502854934,1.0,536.96447990805,425.5131008609644,1.0,574.9852139205223,430.8367487413184,1.0,570.2250154699946,430.8927559249487,1.0,545.6413540243889,462.159121084025,1.0,538.515723094917,462.9215554760916,1.0,548.2427418957888,533.8879219474597,1.0,546.8718602786154,534.4244341951105,1.0,535.9159813361628,603.3892243929959,1.0,536.4669150861358,606.4623147726973,1.0,566.5473673141837,615.5969869320193,1.0,564.8158420164251,612.799861811085,1.0,525.1710474035913,613.970917331218,1.0,569.1744576545142,616.5121823372149,1.0,564.0662639578106,620.9628009053733,1.0,529.245263353519,618.4613960446117,1.0,1.0,1.1666666666666667,565.7015978958009,345.8290589217547,False,546.5588892781935,374.2250123722224,False,537.4937469794994,377.5848647689773,False,546.2220591160958,420.0850502854934,False,536.96447990805,425.5131008609644,False,574.9852139205223,430.8367487413184,False,570.2250154699946,430.8927559249487,False,545.6413540243889,462.159121084025,False,538.515723094917,462.9215554760916,False,548.2427418957888,533.8879219474597,False,546.8718602786154,534.4244341951105,False,535.9159813361628,603.3892243929959,False,536.4669150861358,606.4623147726973,False,True,98.55493158547749,167.86556432129004,165.11560199545414
71,71,1.1833333333333331,1.1833333333333331,Sports2D_HALPE26_postprocessed,565.8620133383581,345.7276455769215,1.0,546.6212550239619,374.2118711169508,1.0,537.4543042585426,377.571590898587,1.0,546.1994865897441,420.11877568564887,1.0,536.9130040229144,425.45666310992976,1.0,575.0557184169711,430.9011103572619,1.0,570.2293739951142,430.8286869846155,1.0,545.5748037796111,462.27029187886376,1.0,538.4670672808543,462.9062415204522,1.0,548.2292167640737,533.9229031261302,1.0,546.7959497698052,534.4239339277608,1.0,535.8881227164175,603.4740625166355,1.0,536.4302601170702,606.4830881658838,1.0,566.5291298257919,615.5554872198209,1.0,564.8072090581468,612.8517811023364,1.0,525.1526179200803,613.9652976585705,1.0,569.1462340827178,616.5971518399392,1.0,564.0264702092945,621.0029484625545,1.0,529.1085535312724,618.5945173379218,1.0,1.0,1.1833333333333331,565.8620133383581,345.7276455769215,False,546.6212550239619,374.2118711169508,False,537.4543042585426,377.571590898587,False,546.1994865897441,420.11877568564887,False,536.9130040229144,425.45666310992976,False,575.0557184169711,430.9011103572619,False,570.2293739951142,430.8286869846155,False,545.5748037796111,462.27029187886376,False,538.4670672808543,462.9062415204522,False,548.2292167640737,533.9229031261302,False,546.7959497698052,534.4239339277608,False,535.8881227164175,603.4740625166355,False,536.4302601170702,606.4830881658838,False,True,98.51203896686961,167.81662872482448,165.1714830289775
72,72,1.2,1.2,Sports2D_HALPE26_postprocessed,565.8836077861278,345.699778092393,1.0,546.6615087201833,374.19967973346286,1.0,537.4162339692566,377.4322982829914,1.0,546.2045529582894,420.10134426307377,1.0,536.8783742305438,425.4348559997677,1.0,575.0717434711046,430.96585350055705,1.0,570.2510430534749,430.75972922211815,1.0,545.5107117993052,462.1771863822,1.0,538.4055521466821,462.8022712725085,1.0,548.2305907573775,533.7871375945942,1.0,546.7667589386633,534.3270415172676,1.0,535.8505064082374,603.3502404830882,1.0,536.3927350446381,606.4084843872536,1.0,566.5064020637576,615.5263983248167,1.0,564.7448957806063,612.9017922283806,1.0,525.1276231277868,613.959493186361,1.0,569.1158892089861,616.5461141716406,1.0,563.9796049596409,621.0286118205948,1.0,529.0432868104949,618.5725542852347,1.0,1.0,1.2,565.8836077861278,345.699778092393,False,546.6615087201833,374.19967973346286,False,537.4162339692566,377.4322982829914,False,546.2045529582894,420.10134426307377,False,536.8783742305438,425.4348559997677,False,575.0717434711046,430.96585350055705,False,570.2510430534749,430.75972922211815,False,545.5107117993052,462.1771863822,False,538.4055521466821,462.8022712725085,False,548.2305907573775,533.7871375945942,False,546.7667589386633,534.3270415172676,False,535.8505064082374,603.3502404830882,False,536.3927350446381,606.4084843872536,False,True,98.4236157791088,167.73362046305357,165.1425950030722
73,73,1.2166666666666666,1.2166666666666666,Sports2D_HALPE26_postprocessed,565.8556507420464,345.68918878335694,1.0,546.6174065998532,374.1692672379582,1.0,537.4000206803956,377.3357106601839,1.0,546.1305702439021,419.9752793924287,1.0,536.8796156595675,425.4047276652932,1.0,575.057196544124,430.9803652756025,1.0,570.1403398962173,430.720714113848,1.0,545.4479533120139,462.0615400021246,1.0,538.33894980879,462.7420761003548,1.0,548.218523587376,533.6303937879327,1.0,546.6723353355045,534.239418938274,1.0,535.8206196861752,603.1346542878167,1.0,536.3713626255196,606.3212228659913,1.0,566.4855064960766,615.5056429425521,1.0,564.7301901909884,612.8271743005006,1.0,525.1270096028683,613.9514223738356,1.0,569.0749575540674,616.4344050545909,1.0,563.9484556864552,620.8953159861277,1.0,528.9377952483368,618.4629050348078,1.0,1.0,1.2166666666666666,565.8556507420464,345.68918878335694,False,546.6174065998532,374.1692672379582,False,537.4000206803956,377.3357106601839,False,546.1305702439021,419.9752793924287,False,536.8796156595675,425.4047276652932,False,575.057196544124,430.9803652756025,False,570.1403398962173,430.720714113848,False,545.4479533120139,462.0615400021246,False,538.33894980879,462.7420761003548,False,548.218523587376,533.6303937879327,False,546.6723353355045,534.239418938274,False,535.8206196861752,603.1346542878167,False,536.3713626255196,606.3212228659913,False,True,98.4603817480914,167.66924572780493,165.21899213586778
74,74,1.2333333333333334,1.2333333333333334,Sports2D_HALPE26_postprocessed,565.7760005057798,345.7161061551287,1.0,546.589054658666,374.1536803817054,1.0,537.384857178471,377.27992440892456,1.0,546.0955903870388,419.8882598917736,1.0,536.8777221614957,425.3177865025864,1.0,575.0111107486773,430.8416629903873,1.0,570.0739381387212,430.668106148683,1.0,545.3714098332537,461.9083219004264,1.0,538.223445473723,462.6280364723772,1.0,548.2526764491354,533.4952739245686,1.0,546.6211277754027,534.0925143203973,1.0,535.7621857906408,602.9195099202213,1.0,536.342527676367,606.2123420238199,1.0,566.4597434719585,615.4888276927248,1.0,564.6510992276292,612.7353147669651,1.0,525.1189722397907,613.9395446657851,1.0,569.0389393750506,616.3186458011205,1.0,563.9188249678084,620.7421133378369,1.0,528.9241214735326,618.2731431110653,1.0,1.0,1.2333333333333334,565.7760005057798,345.7161061551287,False,546.589054658666,374.1536803817054,False,537.384857178471,377.27992440892456,False,546.0955903870388,419.8882598917736,False,536.8777221614957,425.3177865025864,False,575.0111107486773,430.8416629903873,False,570.0739381387212,430.668106148683,False,545.3714098332537,461.9083219004264,False,538.223445473723,462.6280364723772,False,548.2526764491354,533.4952739245686,False,546.6211277754027,534.0925143203973,False,535.7621857906408,602.9195099202213,False,536.342527676367,606.2123420238199,False,True,98.55092335412351,167.49589577359382,165.18675981453342
75,75,1.25,1.25,Sports2D_HALPE26_postprocessed,565.8141812168357,345.6738607795724,1.0,546.5549599460513,374.1648479462029,1.0,537.3567085727423,377.2782992465313,1.0,546.052113696571,419.8005705831574,1.0,536.8511360864491,425.29970928198776,1.0,574.9157949277321,430.6908319465491,1.0,569.997022990179,430.61370709602346,1.0,545.4033973995017,461.74246706083386,1.0,538.2211514136411,462.5659451052972,1.0,548.3525770249912,533.3404726680623,1.0,546.582709928055,534.0084484607155,1.0,535.8619142180808,602.8183166267291,1.0,536.3109843671535,606.046643956922,1.0,566.4244108671288,615.4987386039458,1.0,564.5935521006761,612.7329847576615,1.0,525.0985978730303,613.9429277738747,1.0,568.9845921824552,616.3010048431229,1.0,563.8607084656222,620.6449536301336,1.0,528.9622727396772,618.1711220194794,1.0,1.0,1.25,565.8141812168357,345.6738607795724,False,546.5549599460513,374.1648479462029,False,537.3567085727423,377.2782992465313,False,546.052113696571,419.8005705831574,False,536.8511360864491,425.29970928198776,False,574.9157949277321,430.6908319465491,False,569.997022990179,430.61370709602346,False,545.4033973995017,461.74246706083386,False,538.2211514136411,462.5659451052972,False,548.3525770249912,533.3404726680623,False,546.582709928055,534.0084484607155,False,535.8619142180808,602.8183166267291,False,536.3109843671535,606.046643956922,False,True,98.50504462698186,167.4495613488923,165.20958441505502
76,76,1.2666666666666666,1.2666666666666666,Sports2D_HALPE26_postprocessed,565.8366906354872,345.6389471998152,1.0,546.5506779401655,374.1579077108613,1.0,537.3489047758364,377.2714698736008,1.0,546.0525117344162,419.7037608233817,1.0,536.8644628034593,425.2918116145991,1.0,574.960035181334,430.7182942696294,1.0,569.9707668392734,430.7091072370432,1.0,545.4231209059753,461.62254618721647,1.0,538.1894150335849,462.49800393117823,1.0,548.4300999297699,533.4416307863926,1.0,546.5813147059864,533.9637058776868,1.0,536.0332884525625,602.7242583204534,1.0,536.2932368900671,605.9446497817445,1.0,566.4041914332774,615.5078670002683,1.0,564.6863796368623,612.6999658120753,1.0,525.092348539245,613.9411397711413,1.0,568.9605267098616,616.205803543676,1.0,563.8283912560662,620.542075638856,1.0,528.9535625463732,618.1251681218274,1.0,1.0,1.2666666666666666,565.8366906354872,345.6389471998152,False,546.5506779401655,374.1579077108613,False,537.3489047758364,377.2714698736008,False,546.0525117344162,419.7037608233817,False,536.8644628034593,425.2918116145991,False,574.960035181334,430.7182942696294,False,569.9707668392734,430.7091072370432,False,545.4231209059753,461.62254618721647,False,538.1894150335849,462.49800393117823,False,548.4300999297699,533.4416307863926,False,546.5813147059864,533.9637058776868,False,536.0332884525625,602.7242583204534,False,536.2932368900671,605.9446497817445,False,True,98.71514530207823,167.45785763279704,165.16861192614084
77,77,1.2833333333333332,1.2833333333333332,Sports2D_HALPE26_postprocessed,565.86003293294,345.61902036801393,1.0,546.5713137072926,374.1582106260173,1.0,537.3585895787363,377.2744064849951,1.0,546.1000515673632,419.6289418025768,1.0,536.9202461968737,425.31157211254896,1.0,574.9914854340437,430.71077702613,1.0,569.9730808269105,430.7710915377544,1.0,545.4433008436124,461.64199556142216,1.0,538.1377965557406,462.4375444206947,1.0,548.5079683060333,533.403953835879,1.0,546.6201222949715,533.9994043349991,1.0,536.1292335536058,602.6157323029553,1.0,536.2908876818798,605.9609823759838,1.0,566.4033985490329,615.528064407362,1.0,564.7486191438184,612.7343209509324,1.0,525.1069199183872,613.9414025934227,1.0,568.9590926384759,616.2128778440624,1.0,563.8127281570464,620.4041087084508,1.0,528.8965568337959,618.1720166850725,1.0,1.0,1.2833333333333332,565.86003293294,345.61902036801393,False,546.5713137072926,374.1582106260173,False,537.3585895787363,377.2744064849951,False,546.1000515673632,419.6289418025768,False,536.9202461968737,425.31157211254896,False,574.9914854340437,430.71077702613,False,569.9730808269105,430.7710915377544,False,545.4433008436124,461.64199556142216,False,538.1377965557406,462.4375444206947,False,548.5079683060333,533.403953835879,False,546.6201222949715,533.9994043349991,False,536.1292335536058,602.6157323029553,False,536.2908876818798,605.9609823759838,False,True,98.85636076982848,167.41430570201223,165.0718530185025
78,78,1.3,1.3,Sports2D_HALPE26_postprocessed,565.8529381639651,345.6105342934296,1.0,546.5897949969176,374.1765077021571,1.0,537.3627404204522,377.2711992397318,1.0,546.1545713397371,419.6806738930494,1.0,536.9737180970885,425.32354188681984,1.0,575.0016227338604,430.7868139990392,1.0,569.9691661013234,430.7473595682436,1.0,545.4334845418923,461.6332151783139,1.0,538.1960242739865,462.53638687635566,1.0,548.5506563647525,533.5808038216733,1.0,546.661228754878,534.0301532330316,1.0,536.1168808083222,602.7154852310155,1.0,536.2647292486577,606.0817070392657,1.0,566.3954134587867,615.5263237323625,1.0,564.7854240833004,612.7371210608972,1.0,525.1085178464622,614.0833544599283,1.0,568.9371470635879,616.3283744783911,1.0,563.803468501841,620.4947848801252,1.0,528.904668050345,618.3290854216405,1.0,1.0,1.3,565.8529381639651,345.6105342934296,False,546.5897949969176,374.1765077021571,False,537.3627404204522,377.2711992397318,False,546.1545713397371,419.6806738930494,False,536.9737180970885,425.32354188681984,False,575.0016227338604,430.7868139990392,False,569.9691661013234,430.7473595682436,False,545.4334845418923,461.6332151783139,False,538.1960242739865,462.53638687635566,False,548.5506563647525,533.5808038216733,False,546.661228754878,534.0301532330316,False,536.1168808083222,602.7154852310155,False,536.2647292486577,606.0817070392657,False,True,98.87099838336742,167.32360688211577,165.0366630441838
79,79,1.3166666666666669,1.3166666666666669,Sports2D_HALPE26_postprocessed,565.8130628943716,345.6092052242541,1.0,546.6192740455284,374.20612926026416,1.0,537.3687043348646,377.2855746586319,1.0,546.2288259997346,419.8455154583861,1.0,537.0420692545401,425.3319645165581,1.0,574.9896876897494,430.9741610867695,1.0,569.9567433892726,430.7155805294957,1.0,545.3941594276591,461.8953991954842,1.0,538.1979979446495,462.79440635200825,1.0,548.5916331943118,533.8849746014797,1.0,546.7233397961633,534.2938243562785,1.0,536.0219479577516,602.8602012927663,1.0,536.2146567749065,606.1851700775161,1.0,566.3746912617852,615.5118283849056,1.0,564.7889731195362,612.8256148165461,1.0,525.1101444648846,614.2104708299203,1.0,568.9089286067798,616.3933236885887,1.0,563.7722296404003,620.6135485938244,1.0,528.8318145455507,618.5139677778498,1.0,1.0,1.3166666666666669,565.8130628943716,345.6092052242541,False,546.6192740455284,374.20612926026416,False,537.3687043348646,377.2855746586319,False,546.2288259997346,419.8455154583861,False,537.0420692545401,425.3319645165581,False,574.9896876897494,430.9741610867695,False,569.9567433892726,430.7155805294957,False,545.3941594276591,461.8953991954842,False,538.1979979446495,462.79440635200825,False,548.5916331943118,533.8849746014797,False,546.7233397961633,534.2938243562785,False,536.0219479577516,602.8602012927663,False,536.2146567749065,606.1851700775161,False,True,98.89969370308343,167.1288839883981,164.88406807180888
80,80,1.3333333333333333,1.3333333333333333,Sports2D_HALPE26_postprocessed,565.7758257836733,345.59693842897593,1.0,546.6043207090754,374.2200353430254,1.0,537.4068125258921,377.290514035878,1.0,546.26052615889,419.9216592810135,1.0,537.0713680438523,425.3383414423968,1.0,574.9722328541416,431.3788117683093,1.0,569.9343621337623,430.8050666997443,1.0,545.3534627419033,462.16727808755786,1.0,538.1845703249841,462.9479569472685,1.0,548.7539658499843,534.0078456545855,1.0,546.7633450971028,534.5065865864105,1.0,536.003736464723,603.1149291451025,1.0,536.1706155621363,606.4056755303003,1.0,566.3706521350647,615.5529655281238,1.0,564.7930438096869,612.9290905714042,1.0,525.1745835372237,614.4043531252651,1.0,568.8939827803681,616.5130697396319,1.0,563.7453433896286,620.8894474388339,1.0,528.8765789405106,618.9241366577884,1.0,1.0,1.3333333333333333,565.7758257836733,345.59693842897593,False,546.6043207090754,374.2200353430254,False,537.4068125258921,377.290514035878,False,546.26052615889,419.9216592810135,False,537.0713680438523,425.3383414423968,False,574.9722328541416,431.3788117683093,False,569.9343621337623,430.8050666997443,False,545.3534627419033,462.16727808755786,False,538.1845703249841,462.9479569472685,False,548.7539658499843,534.0078456545855,False,546.7633450971028,534.5065865864105,False,536.003736464723,603.1149291451025,False,536.1706155621363,606.4056755303003,False,True,99.04460836237192,166.83648922014874,164.7827804765449
81,81,1.35,1.35,Sports2D_HALPE26_postprocessed,565.7654408619327,345.5892273051071,1.0,546.5983427824315,374.2197319713387,1.0,537.4084279177066,377.2858530503897,1.0,546.2896445496913,419.86683380259,1.0,537.0930692005195,425.3480584867571,1.0,574.974617489793,431.8194996696861,1.0,569.905248770132,430.8892280689348,1.0,545.3308209949911,462.1902554315701,1.0,538.1790864982255,463.0274299696831,1.0,548.8435365680648,534.166993024572,1.0,546.7990121808054,534.7211508210307,1.0,535.9317614852079,603.2491114654867,1.0,536.1471822130702,606.7151256001755,1.0,566.3599236090059,615.5840051567525,1.0,564.7916686588852,612.9921500639039,1.0,525.1479478854785,614.4976526744854,1.0,568.9095521777077,616.577891608342,1.0,563.7452154388372,621.0746119806304,1.0,528.9076784640728,619.1016288941898,1.0,1.0,1.35,565.7654408619327,345.5892273051071,False,546.5983427824315,374.2197319713387,False,537.4084279177066,377.2858530503897,False,546.2896445496913,419.86683380259,False,537.0930692005195,425.3480584867571,False,574.974617489793,431.8194996696861,False,569.905248770132,430.8892280689348,False,545.3308209949911,462.1902554315701,False,538.1790864982255,463.0274299696831,False,548.8435365680648,534.166993024572,False,546.7990121808054,534.7211508210307,False,535.9317614852079,603.2491114654867,False,536.1471822130702,606.7151256001755,False,True,99.20946896542829,166.61927925788612,164.72797682041195
82,82,1.3666666666666667,1.3666666666666667,Sports2D_HALPE26_postprocessed,565.7323524115479,345.5726701644336,1.0,546.528693665324,374.2114469662369,1.0,537.4637377161046,377.27395033313655,1.0,546.2999513530522,419.8381636645746,1.0,537.0987723182611,425.3532162864337,1.0,574.9690483048073,431.95096216014326,1.0,569.8823294680753,430.9427616895813,1.0,545.3131937652787,462.2169155347362,1.0,538.1588451059548,462.9999773604853,1.0,548.8586738615005,534.2737913603987,1.0,546.8089338405914,534.8397753209799,1.0,535.9566620484978,603.4283588538451,1.0,536.121331977733,606.9056836261486,1.0,566.3635520779567,615.6277502395667,1.0,564.7905328009814,613.0706492804538,1.0,525.1996774990638,614.5874644930153,1.0,568.9308630914358,616.650404016634,1.0,563.7383641771189,621.1764080848927,1.0,528.9163571208085,619.2254325986489,1.0,1.0,1.3666666666666667,565.7323524115479,345.5726701644336,False,546.528693665324,374.2114469662369,False,537.4637377161046,377.27395033313655,False,546.2999513530522,419.8381636645746,False,537.0987723182611,425.3532162864337,False,574.9690483048073,431.95096216014326,False,569.8823294680753,430.9427616895813,False,545.3131937652787,462.2169155347362,False,538.1588451059548,462.9999773604853,False,548.8586738615005,534.2737913603987,False,546.8089338405914,534.8397753209799,False,535.9566620484978,603.4283588538451,False,536.121331977733,606.9056836261486,False,True,99.24088069288112,166.6150489230607,164.69852147266974
83,83,1.3833333333333333,1.3833333333333333,Sports2D_HALPE26_postprocessed,565.6936146583685,345.55782056225775,1.0,546.515656443944,374.2079338898626,1.0,537.5005756957868,377.26176737710585,1.0,546.3117046377807,419.82986710493634,1.0,537.1079537725116,425.3554786798742,1.0,574.9662796884916,431.98250698822346,1.0,569.8778279364601,430.9745229881352,1.0,545.3093549455127,462.2445292314154,1.0,538.1545121992743,463.09865074962113,1.0,548.8763012254666,534.3004666843545,1.0,546.8204289026378,534.8883388894704,1.0,535.9520977566838,603.6418105553382,1.0,536.1154502974423,606.9663066190012,1.0,566.3592082066091,615.6485322890508,1.0,564.788321341149,613.098153735927,1.0,525.2161031009558,614.5713989506544,1.0,568.9605128044237,616.6717119187971,1.0,563.744659489961,621.1809488380267,1.0,528.920825973697,619.2617451582399,1.0,1.0,1.3833333333333333,565.6936146583685,345.55782056225775,False,546.515656443944,374.2079338898626,False,537.5005756957868,377.26176737710585,False,546.3117046377807,419.82986710493634,False,537.1079537725116,425.3554786798742,False,574.9662796884916,431.98250698822346,False,569.8778279364601,430.9745229881352,False,545.3093549455127,462.2445292314154,False,538.1545121992743,463.09865074962113,False,548.8763012254666,534.3004666843545,False,546.8204289026378,534.8883388894704,False,535.9520977566838,603.6418105553382,False,536.1154502974423,606.9663066190012,False,True,99.2621399148191,166.6080898760408,164.66919927084763
84,84,1.4,1.4,Sports2D_HALPE26_postprocessed,565.6384375612108,345.552115100557,1.0,546.5465472463685,374.2083976790085,1.0,537.4982207008422,377.2545762998376,1.0,546.3289978594581,419.8723560210048,1.0,537.1180321450172,425.360688039233,1.0,574.9660108470162,431.9996451205244,1.0,569.8792426727904,431.01249670578864,1.0,545.3088976235379,462.3126180621231,1.0,538.1578277453804,463.1346124881889,1.0,548.8929740047306,534.3051240287177,1.0,546.8292519007541,534.9262860768586,1.0,535.8773543057949,603.5805246019104,1.0,536.1176977435052,606.998554065852,1.0,566.3399823195838,615.6611256262158,1.0,564.7831967581534,613.1120375479967,1.0,525.1627719790825,614.4511724554707,1.0,569.0133243520215,616.6764707669754,1.0,563.7454551554617,621.149256112646,1.0,528.9256296097267,619.285348403545,1.0,1.0,1.4,565.6384375612108,345.552115100557,False,546.5465472463685,374.2083976790085,False,537.4982207008422,377.2545762998376,False,546.3289978594581,419.8723560210048,False,537.1180321450172,425.360688039233,False,574.9660108470162,431.9996451205244,False,569.8792426727904,431.01249670578864,False,545.3088976235379,462.3126180621231,False,538.1578277453804,463.1346124881889,False,548.8929740047306,534.3051240287177,False,546.8292519007541,534.9262860768586,False,535.8773543057949,603.5805246019104,False,536.1176977435052,606.998554065852,False,True,99.3352463750812,166.50912621223955,164.65928260606663
85,85,1.4166666666666667,1.4166666666666667,Sports2D_HALPE26_postprocessed,565.5207766216436,345.55575532092803,1.0,546.6106657950584,374.21059540903207,1.0,537.4341485003595,377.2494272292671,1.0,546.3468061966477,420.0161603766167,1.0,537.1281178673274,425.3676465193822,1.0,574.9743160861096,432.0086078676972,1.0,569.880143547963,431.0643715766565,1.0,545.3055960451154,462.44484318583056,1.0,538.166477105394,463.1236370948254,1.0,548.9100346247692,534.2539642360478,1.0,546.8311299801126,534.9705434787518,1.0,535.9510655033746,603.6510762116584,1.0,536.1239148037369,607.0071632383193,1.0,566.3348406217152,615.643639356322,1.0,564.7849436779655,613.0817502951431,1.0,525.2446807038232,614.5066332646801,1.0,568.9715194807632,616.6466757021096,1.0,563.7482671913111,621.1990846737738,1.0,528.9281394717582,619.2900918093419,1.0,1.0,1.4166666666666667,565.5207766216436,345.55575532092803,False,546.6106657950584,374.21059540903207,False,537.4341485003595,377.2494272292671,False,546.3468061966477,420.0161603766167,False,537.1281178673274,425.3676465193822,False,574.9743160861096,432.0086078676972,False,569.880143547963,431.0643715766565,False,545.3055960451154,462.44484318583056,False,538.166477105394,463.1236370948254,False,548.9100346247692,534.2539642360478,False,546.8311299801126,534.9705434787518,False,535.9510655033746,603.6510762116584,False,536.1239148037369,607.0071632383193,False,True,99.50263575283714,166.54908011676875,164.66910240048958
86,86,1.4333333333333331,1.4333333333333331,Sports2D_HALPE26_postprocessed,565.4686045098239,345.55854370647853,1.0,546.6523199661056,374.21508374015855,1.0,537.4255122876214,377.24138988324864,1.0,546.3586968861977,420.0886171000741,1.0,537.1273618375775,425.37949596942144,1.0,574.9725978271579,432.0253032897856,1.0,569.8753164901176,431.1514747986377,1.0,545.2828427420909,462.4277397333902,1.0,538.1662683316922,463.0818608180981,1.0,548.9131404403308,534.1710112755651,1.0,546.8059962759414,534.8683122581066,1.0,535.9889398870533,603.5220554292993,1.0,536.1235550722927,607.0651203011707,1.0,566.3366494038218,615.6467029850714,1.0,564.7880302378504,613.0827057357278,1.0,525.28233205315,614.5377905538569,1.0,568.9432304547262,616.631097038794,1.0,563.7468021961204,621.2280614194918,1.0,528.9079875858372,619.3521521282116,1.0,1.0,1.4333333333333331,565.4686045098239,345.55854370647853,False,546.6523199661056,374.21508374015855,False,537.4255122876214,377.24138988324864,False,546.3586968861977,420.0886171000741,False,537.1273618375775,425.37949596942144,False,574.9725978271579,432.0253032897856,False,569.8753164901176,431.1514747986377,False,545.2828427420909,462.4277397333902,False,538.1662683316922,463.0818608180981,False,548.9131404403308,534.1710112755651,False,546.8059962759414,534.8683122581066,False,535.9889398870533,603.5220554292993,False,536.1235550722927,607.0651203011707,False,True,99.64111458441447,166.546738374386,164.72070214082257
87,87,1.45,1.45,Sports2D_HALPE26_postprocessed,565.4744284839552,345.5834331618664,1.0,546.6094194920759,374.2438127191605,1.0,537.4924026285594,377.25090278120695,1.0,546.3525802665686,420.2061386716904,1.0,537.0924934820898,425.39791261267897,1.0,574.9595158327481,432.1563146453915,1.0,569.8634789096902,431.1731360202757,1.0,545.2138982608557,462.4122881262393,1.0,538.1265306669263,463.1053389083547,1.0,548.8683982779335,534.2727231423485,1.0,546.7109671858358,534.9040324008281,1.0,535.9053084543739,603.5098012335393,1.0,536.1024137286855,607.1536215903067,1.0,566.349322217398,615.665406457269,1.0,564.7916648098156,613.0714758270217,1.0,525.1955521862449,614.5627014476446,1.0,568.9298412566932,616.7878620760964,1.0,563.7374685297565,621.2419997085312,1.0,528.8074286029338,619.4606863205918,1.0,1.0,1.45,565.4744284839552,345.5834331618664,False,546.6094194920759,374.2438127191605,False,537.4924026285594,377.25090278120695,False,546.3525802665686,420.2061386716904,False,537.0924934820898,425.39791261267897,False,574.9595158327481,432.1563146453915,False,569.8634789096902,431.1731360202757,False,545.2138982608557,462.4122881262393,False,538.1265306669263,463.1053389083547,False,548.8683982779335,534.2727231423485,False,546.7109671858358,534.9040324008281,False,535.9053084543739,603.5098012335393,False,536.1024137286855,607.1536215903067,False,True,99.5187105065547,166.48412573075183,164.8287686515464
88,88,1.4666666666666666,1.4666666666666666,Sports2D_HALPE26_postprocessed,565.5175927059488,345.60040106703354,1.0,546.6035530914965,374.2820465086738,1.0,537.4926081492357,377.2592708169132,1.0,546.3087807486952,420.31994381981065,1.0,537.0618904744862,425.43095109491486,1.0,574.9017343798598,432.29163400986096,1.0,569.822341091293,431.2534399979305,1.0,545.1260269202129,462.5150294040098,1.0,537.9898660655564,463.0818230866532,1.0,548.8093596567768,534.4129083141812,1.0,546.4729953404803,534.961955884039,1.0,535.872928902184,603.6495751832792,1.0,536.0538212845568,607.26074218135,1.0,566.3503806417391,615.7129508070461,1.0,564.7613541465078,613.0467179283816,1.0,525.150050752468,614.5414913388621,1.0,568.9113077616718,617.0010867515679,1.0,563.6994884894597,621.2476065535174,1.0,528.5468660777624,619.5875226586236,1.0,1.0,1.4666666666666666,565.5175927059488,345.60040106703354,False,546.6035530914965,374.2820465086738,False,537.4926081492357,377.2592708169132,False,546.3087807486952,420.31994381981065,False,537.0618904744862,425.43095109491486,False,574.9017343798598,432.29163400986096,False,569.822341091293,431.2534399979305,False,545.1260269202129,462.5150294040098,False,537.9898660655564,463.0818230866532,False,548.8093596567768,534.4129083141812,False,546.4729953404803,534.961955884039,False,535.872928902184,603.6495751832792,False,536.0538212845568,607.26074218135,False,True,99.56561493770597,166.48397613352898,165.06862691163408
89,89,1.4833333333333334,1.4833333333333334,Sports2D_HALPE26_postprocessed,565.5096187432127,345.62903719290034,1.0,546.5473153473256,374.3179409126616,1.0,537.4618488297058,377.2559093775193,1.0,546.2678483818491,420.39852514670224,1.0,537.024116481545,425.4578163264698,1.0,574.8055652531491,432.41280225917706,1.0,569.7824330751022,431.3356406770751,1.0,544.9994069525321,462.68092280745657,1.0,537.724093535657,463.1480433844957,1.0,548.6718396240308,534.3610586661474,1.0,546.3220870327625,534.9569819638851,1.0,535.6939548473846,603.7407523590537,1.0,536.0186912834074,607.3125486552087,1.0,566.4380109018769,615.8975042454003,1.0,564.7281649854184,613.0566937495717,1.0,524.9654290959784,614.5279612423511,1.0,568.9244559710556,617.0933351592134,1.0,563.6629540122708,621.2703706226703,1.0,528.4006417931499,619.6712304333541,1.0,1.0,1.4833333333333334,565.5096187432127,345.62903719290034,False,546.5473153473256,374.3179409126616,False,537.4618488297058,377.2559093775193,False,546.2678483818491,420.39852514670224,False,537.024116481545,425.4578163264698,False,574.8055652531491,432.41280225917706,False,569.7824330751022,431.3356406770751,False,544.9994069525321,462.68092280745657,False,537.724093535657,463.1480433844957,False,548.6718396240308,534.3610586661474,False,546.3220870327625,534.9569819638851,False,535.6939548473846,603.7407523590537,False,536.0186912834074,607.3125486552087,False,True,99.65203470081211,166.47201893269818,165.0678305178834
90,90,1.5,1.5,Sports2D_HALPE26_postprocessed,565.4421124211766,345.6663989485222,1.0,546.566787764795,374.35622037730377,1.0,537.3807510916936,377.2307042432457,1.0,546.21724755194,420.4535283244172,1.0,536.9731699470301,425.4621979592474,1.0,574.6518714541577,432.6494933464624,1.0,569.7366655314596,431.4589191951508,1.0,544.8489856313022,462.88515575597,1.0,537.5859885900168,463.3313872317203,1.0,548.6862653216964,534.5458299844668,1.0,546.2477809013824,535.0498908605464,1.0,535.5529884861958,603.7637721182408,1.0,535.9933129625251,607.3044110933195,1.0,566.3636239564923,615.9928115620263,1.0,564.6758065972881,613.0844244472776,1.0,524.8554406345768,614.4149651223261,1.0,568.8225208243362,617.1532878220919,1.0,563.623832940675,621.2990512833117,1.0,528.3300000191366,619.7235978999909,1.0,1.0,1.5,565.4421124211766,345.6663989485222,False,546.566787764795,374.35622037730377,False,537.3807510916936,377.2307042432457,False,546.21724755194,420.4535283244172,False,536.9731699470301,425.4621979592474,False,574.6518714541577,432.6494933464624,False,569.7366655314596,431.4589191951508,False,544.8489856313022,462.88515575597,False,537.5859885900168,463.3313872317203,False,548.6862653216964,534.5458299844668,False,546.2477809013824,535.0498908605464,False,535.5529884861958,603.7637721182408,False,535.9933129625251,607.3044110933195,False,True,99.88790634904657,166.19137760169127,165.03590682161544
91,91,1.5166666666666666,1.5166666666666666,Sports2D_HALPE26_postprocessed,565.3267125988386,345.6627692156899,1.0,546.5692727610901,374.3605417521543,1.0,537.2389076743525,377.2418390196362,1.0,546.1727670816808,420.44219264534615,1.0,536.9265963919888,425.5489818424684,1.0,574.665329093484,432.69693455495167,1.0,569.7127370939261,431.6810879582812,1.0,544.81862582082,462.9479617794453,1.0,537.5606251148524,463.3687182880061,1.0,548.701139072517,534.5519243721074,1.0,546.2323243398188,535.04619278643,1.0,535.511991393145,603.6459481930029,1.0,535.99343290846,607.2326547936366,1.0,566.4122363544207,615.9643110574746,1.0,564.6458227147473,613.1497317039116,1.0,524.9699766521045,614.398928279898,1.0,568.7662312382581,617.2033063954748,1.0,563.6089012361451,621.3430399889987,1.0,528.3205297155765,619.7705297384073,1.0,1.0,1.5166666666666666,565.3267125988386,345.6627692156899,False,546.5692727610901,374.3605417521543,False,537.2389076743525,377.2418390196362,False,546.1727670816808,420.44219264534615,False,536.9265963919888,425.5489818424684,False,574.665329093484,432.69693455495167,False,569.7127370939261,431.6810879582812,False,544.81862582082,462.9479617794453,False,537.5606251148524,463.3687182880061,False,548.701139072517,534.5519243721074,False,546.2323243398188,535.04619278643,False,535.511991393145,603.6459481930029,False,535.99343290846,607.2326547936366,False,True,100.22341277715415,166.08933779014612,165.0288019456946
92,92,1.5333333333333332,1.5333333333333332,Sports2D_HALPE26_postprocessed,565.3082884303599,345.6702403886688,1.0,546.5448038270745,374.27870600715,1.0,537.2100967107413,377.2506963409121,1.0,546.1169638696203,420.521689409322,1.0,536.8592676124779,425.5925116266868,1.0,574.6392832401212,432.54684677539615,1.0,569.702979701611,431.79598296070935,1.0,544.8732047426978,462.9635430695521,1.0,537.5878951311059,463.4730368669849,1.0,548.7201761667432,534.5526215285028,1.0,546.2371721726479,535.0300649772635,1.0,535.5537591093432,603.5570393723056,1.0,536.0033411644404,607.2264326296494,1.0,566.3510548030355,616.106348496224,1.0,564.6668479309376,613.1617735204095,1.0,524.9311309863061,614.5053603548708,1.0,568.7514158777425,617.1725450445798,1.0,563.6160164642916,621.352577752231,1.0,528.3254186948557,619.7191890131426,1.0,1.0,1.5333333333333332,565.3082884303599,345.6702403886688,False,546.5448038270745,374.27870600715,False,537.2100967107413,377.2506963409121,False,546.1169638696203,420.521689409322,False,536.8592676124779,425.5925116266868,False,574.6392832401212,432.54684677539615,False,569.702979701611,431.79598296070935,False,544.8732047426978,462.9635430695521,False,537.5878951311059,463.4730368669849,False,548.7201761667432,534.5526215285028,False,546.2371721726479,535.0300649772635,False,535.5537591093432,603.5570393723056,False,536.0033411644404,607.2264326296494,False,True,100.28013339889152,166.12156396944445,165.04002701004126
93,93,1.55,1.55,Sports2D_HALPE26_postprocessed,565.326309990809,345.69285481603475,1.0,546.4433354586932,374.2354845263613,1.0,537.2224594048885,377.259112050838,1.0,545.986663605091,420.4489910609666,1.0,536.8946901657497,425.4504899938632,1.0,574.5547138475847,432.4295343642357,1.0,569.6921527648024,431.669690237307,1.0,544.7957741923602,462.8820005247432,1.0,537.5872985734254,463.4737970156152,1.0,548.6103167508884,534.5588460851362,1.0,546.2246877655726,534.9966423121642,1.0,535.5882084349416,603.5203141519855,1.0,535.9904736961964,607.3038869421302,1.0,566.3484271089,616.2979688498028,1.0,564.7198936429634,613.2622844021013,1.0,524.9097587915386,614.6639908814311,1.0,568.7398940566799,617.1379554206852,1.0,563.6189032605328,621.3989231310716,1.0,528.324483496827,619.6576055654973,1.0,1.0,1.55,565.326309990809,345.69285481603475,False,546.4433354586932,374.2354845263613,False,537.2224594048885,377.259112050838,False,545.986663605091,420.4489910609666,False,536.8946901657497,425.4504899938632,False,574.5547138475847,432.4295343642357,False,569.6921527648024,431.669690237307,False,544.7957741923602,462.8820005247432,False,537.5872985734254,463.4737970156152,False,548.6103167508884,534.5588460851362,False,546.2246877655726,534.9966423121642,False,535.5882084349416,603.5203141519855,False,535.9904736961964,607.3038869421302,False,True,100.3475110105966,166.26032712181853,165.0580622724924
94,94,1.5666666666666669,1.5666666666666669,Sports2D_HALPE26_postprocessed,565.3544523747097,345.7378212953187,1.0,546.3778111516955,374.16393444115386,1.0,537.2839757913116,377.2232017822275,1.0,545.9328397643237,420.3651076759271,1.0,536.9088601581841,425.2326024556581,1.0,574.5174857806686,432.4582184543507,1.0,569.6792512629297,431.48411076279984,1.0,544.7038710302052,462.8029071621217,1.0,537.5460467673913,463.4847587684626,1.0,548.6057738051801,534.5168803816352,1.0,546.1846691567616,534.9078549721282,1.0,535.6642674368009,603.5426441634022,1.0,535.9544567012056,607.4149383359195,1.0,566.394207094184,616.3324395385059,1.0,564.8176402516353,613.2703082193615,1.0,524.9524215708695,614.5357094898383,1.0,568.7008301582787,617.1797229193578,1.0,563.5831400321538,621.3445261173371,1.0,528.2859315426448,619.674180854399,1.0,1.0,1.5666666666666669,565.3544523747097,345.7378212953187,False,546.3778111516955,374.16393444115386,False,537.2839757913116,377.2232017822275,False,545.9328397643237,420.3651076759271,False,536.9088601581841,425.2326024556581,False,574.5174857806686,432.4582184543507,False,569.6792512629297,431.48411076279984,False,544.7038710302052,462.8029071621217,False,537.5460467673913,463.4847587684626,False,548.6057738051801,534.5168803816352,False,546.1846691567616,534.9078549721282,False,535.6642674368009,603.5426441634022,False,535.9544567012056,607.4149383359195,False,True,100.35270978322147,166.26665670876568,165.07257641130585
95,95,1.5833333333333333,1.5833333333333333,Sports2D_HALPE26_postprocessed,565.3351084662124,345.65192523781275,1.0,546.2957840167802,374.0410100859293,1.0,537.311539359216,377.1735257422863,1.0,545.8177192069879,420.288064671543,1.0,536.915581421136,424.9713441604096,1.0,574.5556455965334,432.34180178497166,1.0,569.670529201213,431.5042564548479,1.0,544.6794998778446,462.7426654611621,1.0,537.5026335587002,463.5537440251208,1.0,548.4264260941368,534.4089752890562,1.0,546.1707213466283,534.7654498925302,1.0,535.5949570631439,603.4683758756768,1.0,535.9430691427101,607.3070166219566,1.0,566.2940691415914,616.1729348685212,1.0,564.7504224077992,613.1175546925533,1.0,524.837012443107,614.3583675804232,1.0,568.6846548914341,617.0558275789881,1.0,563.566787179361,621.1785829142918,1.0,528.2876042613652,619.4248103492454,1.0,1.0,1.5833333333333333,565.3351084662124,345.65192523781275,False,546.2957840167802,374.0410100859293,False,537.311539359216,377.1735257422863,False,545.8177192069879,420.288064671543,False,536.915581421136,424.9713441604096,False,574.5556455965334,432.34180178497166,False,569.670529201213,431.5042564548479,False,544.6794998778446,462.7426654611621,False,537.5026335587002,463.5537440251208,False,548.4264260941368,534.4089752890562,False,546.1707213466283,534.7654498925302,False,535.5949570631439,603.4683758756768,False,535.9430691427101,607.3070166219566,False,True,100.80489589651367,166.4814145960422,165.03469074181362
96,96,1.6,1.6,Sports2D_HALPE26_postprocessed,565.3799705006032,345.572057376382,1.0,546.2376085357771,373.79104414969936,1.0,537.2864370559585,377.1147366518976,1.0,545.790685796417,420.2118297824642,1.0,536.9162371335854,424.8212753243518,1.0,574.5313267347371,432.094296250202,1.0,569.6503969744861,431.5679592472785,1.0,544.6745103368107,462.72055388813885,1.0,537.4651575412971,463.5509317375704,1.0,548.3035069803663,534.2856751150705,1.0,546.1540792899605,534.6219100099152,1.0,535.6852951088845,603.3335891674409,1.0,535.9324421944506,607.126660519122,1.0,566.2080686447501,615.8576066277678,1.0,564.6896791676767,612.7565076522901,1.0,524.7552730168028,614.2379249302887,1.0,568.6711784800034,616.9036944667441,1.0,563.5469598524178,621.0124249364167,1.0,528.292142593283,619.2669894855785,1.0,1.0,1.6,565.3799705006032,345.572057376382,False,546.2376085357771,373.79104414969936,False,537.2864370559585,377.1147366518976,False,545.790685796417,420.2118297824642,False,536.9162371335854,424.8212753243518,False,574.5313267347371,432.094296250202,False,569.6503969744861,431.5679592472785,False,544.6745103368107,462.72055388813885,False,537.4651575412971,463.5509317375704,False,548.3035069803663,534.2856751150705,False,546.1540792899605,534.6219100099152,False,535.6852951088845,603.3335891674409,False,535.9324421944506,607.126660519122,False,True,101.20128515503471,166.740791722796,165.0051728077241
97,97,1.6166666666666667,1.6166666666666667,Sports2D_HALPE26_postprocessed,565.5698191970448,345.5565342883191,1.0,546.2582800090204,373.69575884309927,1.0,537.1986566164941,377.0524312598216,1.0,545.8378270859055,420.1752614490531,1.0,536.9378569420876,424.7719963594881,1.0,574.595528133162,431.8812746355218,1.0,569.6473815212586,431.459600501808,1.0,544.7692307908133,462.7415467693754,1.0,537.4905860646397,463.5729002031869,1.0,548.4747464423077,534.1329082505806,1.0,546.1714187194968,534.5308216079535,1.0,535.7913768006479,603.3689944430591,1.0,535.9418021309161,607.0518970183387,1.0,566.3292807553562,615.5389243758467,1.0,564.8423806683843,612.6861814831453,1.0,524.9195570850623,614.2014871147394,1.0,568.6811906556511,616.7852032530265,1.0,563.5572344963088,620.8960697437279,1.0,528.3008191151719,619.2212402501833,1.0,1.0,1.6166666666666667,565.5698191970448,345.5565342883191,False,546.2582800090204,373.69575884309927,False,537.1986566164941,377.0524312598216,False,545.8378270859055,420.1752614490531,False,536.9378569420876,424.7719963594881,False,574.595528133162,431.8812746355218,False,569.6473815212586,431.459600501808,False,544.7692307908133,462.7415467693754,False,537.4905860646397,463.5729002031869,False,548.4747464423077,534.1329082505806,False,546.1714187194968,534.5308216079535,False,535.7913768006479,603.3689944430591,False,535.9418021309161,607.0518970183387,False,True,101.24198664891316,166.64785028617158,164.99621343590658
98,98,1.6333333333333333,1.6333333333333333,Sports2D_HALPE26_postprocessed,565.6111948125714,345.59128727815744,1.0,546.325099126126,373.7224573206816,1.0,537.2173937085116,376.9454694621388,1.0,545.9110887070076,420.2015072292878,1.0,536.9580118024332,424.8126276121168,1.0,574.7461876554405,431.7111058256799,1.0,569.6391314996667,431.3960335882044,1.0,544.7006160073172,462.7451742042703,1.0,537.5360185051188,463.59329113868586,1.0,548.6155179092905,533.9003527890004,1.0,546.1905190456534,534.4385880593802,1.0,535.9157317996336,603.2916843640916,1.0,535.9490389950918,606.9720292054817,1.0,566.4401826126928,615.4844036219397,1.0,565.0201987845271,612.5230937213535,1.0,525.0951677223653,614.0533702284863,1.0,568.6961849829701,616.6814067472483,1.0,563.5767735715269,620.7523778602936,1.0,528.316919351475,619.1530196691542,1.0,1.0,1.6333333333333333,565.6111948125714,345.59128727815744,False,546.325099126126,373.7224573206816,False,537.2173937085116,376.9454694621388,False,545.9110887070076,420.2015072292878,False,536.9580118024332,424.8126276121168,False,574.7461876554405,431.7111058256799,False,569.6391314996667,431.3960335882044,False,544.7006160073172,462.7451742042703,False,537.5360185051188,463.59329113868586,False,548.6155179092905,533.9003527890004,False,546.1905190456534,534.4385880593802,False,535.9157317996336,603.2916843640916,False,535.9490389950918,606.9720292054817,False,True,101.07897676537317,166.47949054244674,164.99837955364677
99,99,1.65,1.65,Sports2D_HALPE26_postprocessed,565.5843131294087,345.6150783541152,1.0,546.2727248005415,373.728763500011,1.0,537.3127687386756,376.8811467311368,1.0,545.9077673383233,420.2179775409834,1.0,536.923722935027,424.8264870001709,1.0,574.68687581996,431.6883982308345,1.0,569.6450402646069,431.2298086420495,1.0,544.6436560894393,462.76345186017136,1.0,537.5259554967271,463.61288898565766,1.0,548.6888360504903,533.8107921985421,1.0,546.1666236299714,534.4597698061182,1.0,535.8700197910694,603.2499487517034,1.0,535.9323702950563,606.9683677544286,1.0,566.8233878110207,615.4267816161921,1.0,565.0841085124713,612.4567854517144,1.0,525.0840212404764,613.9844170820753,1.0,568.6897935943218,616.6271904629234,1.0,563.5617735696925,620.6986103382891,1.0,528.2934314036718,619.137446831787,1.0,1.0,1.65,565.5843131294087,345.6150783541152,False,546.2727248005415,373.728763500011,False,537.3127687386756,376.8811467311368,False,545.9077673383233,420.2179775409834,False,536.923722935027,424.8264870001709,False,574.68687581996,431.6883982308345,False,569.6450402646069,431.2298086420495,False,544.6436560894393,462.76345186017136,False,537.5259554967271,463.61288898565766,False,548.6888360504903,533.8107921985421,False,546.1666236299714,534.4597698061182,False,535.8700197910694,603.2499487517034,False,535.9323702950563,606.9683677544286,False,True,100.60752830432811,166.28196838198707,165.01243741172888
100,100,1.6666666666666667,1.6666666666666667,Sports2D_HALPE26_postprocessed,565.4887842718133,345.63474833519115,1.0,546.2369090586095,373.7648069015219,1.0,537.3553916615709,376.8803794384351,1.0,545.8185406699101,420.2548677647271,1.0,536.8116653143222,424.8487224399645,1.0,574.5487855009749,431.75361033943,1.0,569.6147117154959,431.1794548071525,1.0,544.61224456137,462.8073603497869,1.0,537.47758818338,463.6391675525263,1.0,548.6796673477244,533.991543647272,1.0,546.1094766262488,534.6174474559946,1.0,535.9045441901366,603.2537610707968,1.0,535.8992086844573,607.0248540480172,1.0,566.7468094618648,615.19363039939,1.0,565.0786120199127,612.4674639491066,1.0,525.1427054642711,613.9613659155013,1.0,568.6752480995239,616.6467269270186,1.0,563.5210913677713,620.739429200805,1.0,528.2458150345643,619.1517030969013,1.0,1.0,1.6666666666666667,565.4887842718133,345.63474833519115,False,546.2369090586095,373.7648069015219,False,537.3553916615709,376.8803794384351,False,545.8185406699101,420.2548677647271,False,536.8116653143222,424.8487224399645,False,574.5487855009749,431.75361033943,False,569.6147117154959,431.1794548071525,False,544.61224456137,462.8073603497869,False,537.47758818338,463.6391675525263,False,548.6796673477244,533.991543647272,False,546.1094766262488,534.6174474559946,False,535.9045441901366,603.2537610707968,False,535.8992086844573,607.0248540480172,False,True,100.2739173853359,166.2791974782321,165.03969635336557
101,101,1.6833333333333331,1.6833333333333331,Sports2D_HALPE26_postprocessed,565.2844996605386,345.6723846137804,1.0,546.2268772200786,373.8541877263994,1.0,537.309724009308,376.93589865176335,1.0,545.6732884348678,420.3425323438194,1.0,536.5732910056128,424.8728072134286,1.0,574.353573106317,431.9290024870982,1.0,569.5454850417898,431.2874564377184,1.0,544.5198824159681,462.89440034805375,1.0,537.3707336065768,463.6404844254104,1.0,548.3911236523028,534.0464942215414,1.0,546.0000121639091,534.6948864842144,1.0,535.8500605764747,603.335323115625,1.0,535.8452662664496,607.0201890430506,1.0,566.7948813564084,615.2545196391897,1.0,564.9822599544822,612.5950163792127,1.0,525.1011291896818,613.8479568637929,1.0,568.6605697753749,616.730191317529,1.0,563.4733218223437,620.8752820147567,1.0,528.1817092505905,619.1830584138706,1.0,1.0,1.6833333333333331,565.2844996605386,345.6723846137804,False,546.2268772200786,373.8541877263994,False,537.309724009308,376.93589865176335,False,545.6732884348678,420.3425323438194,False,536.5732910056128,424.8728072134286,False,574.353573106317,431.9290024870982,False,569.5454850417898,431.2874564377184,False,544.5198824159681,462.89440034805375,False,537.3707336065768,463.6404844254104,False,548.3911236523028,534.0464942215414,False,546.0000121639091,534.6948864842144,False,535.8500605764747,603.335323115625,False,535.8452662664496,607.0201890430506,False,True,100.12907585690316,166.6264337393071,165.08326320797852
102,102,1.7,1.7,Sports2D_HALPE26_postprocessed,564.99127922234,345.6694959412438,1.0,546.1065463041054,373.99991224548944,1.0,537.2275175188138,377.0092205049451,1.0,545.393724514636,420.5700539205052,1.0,536.5143898929684,424.8824052264222,1.0,574.2871277108509,432.1248105849815,1.0,569.5069747559737,431.3359786644998,1.0,544.4599913746933,462.8685401652425,1.0,537.2861746271407,463.62297302023705,1.0,548.1682983783793,534.1173902337474,1.0,545.87296522289,534.7616942857909,1.0,535.8066000224454,603.3091503829356,1.0,535.8081518976327,606.9943296514825,1.0,566.6415659392193,615.390783606687,1.0,564.9038193086997,612.7326808373873,1.0,525.0571050701069,613.8994154692066,1.0,568.6058550134599,616.784586353102,1.0,563.4836767411922,621.0124554771633,1.0,528.1541335989857,619.1735833722223,1.0,1.0,1.7,564.99127922234,345.6694959412438,False,546.1065463041054,373.99991224548944,False,537.2275175188138,377.0092205049451,False,545.393724514636,420.5700539205052,False,536.5143898929684,424.8824052264222,False,574.2871277108509,432.1248105849815,False,569.5069747559737,431.3359786644998,False,544.4599913746933,462.8685401652425,False,537.2861746271407,463.62297302023705,False,548.1682983783793,534.1173902337474,False,545.87296522289,534.7616942857909,False,535.8066000224454,603.3091503829356,False,535.8081518976327,606.9943296514825,False,True,100.21427263338724,166.89109231203142,165.18496186729288
103,103,1.7166666666666666,1.7166666666666666,Sports2D_HALPE26_postprocessed,564.6684544545928,345.67244617033924,1.0,546.064107741702,374.136797408227,1.0,537.0410515516224,376.9700833043848,1.0,545.4042932747833,420.713113981237,1.0,536.3817079502281,424.90178668371215,1.0,574.2524912716547,432.1829652394978,1.0,569.5096256104921,431.2880101221248,1.0,544.4638832542696,462.90515122305607,1.0,537.2293347111056,463.5682260037157,1.0,548.1156505952499,534.2557299552116,1.0,545.6635680214096,534.8458385603691,1.0,535.8213536348044,603.3670387216348,1.0,535.8155463697882,607.0216138032131,1.0,566.6517343018623,615.526225552912,1.0,564.6881828879804,612.9435551473728,1.0,525.0681390666159,613.8076422590459,1.0,568.5996826241798,616.7836965303377,1.0,563.4770435016043,621.1258317944694,1.0,528.1710299392527,619.1894982660251,1.0,1.0,1.7166666666666666,564.6684544545928,345.67244617033924,False,546.064107741702,374.136797408227,False,537.0410515516224,376.9700833043848,False,545.4042932747833,420.713113981237,False,536.3817079502281,424.90178668371215,False,574.2524912716547,432.1829652394978,False,569.5096256104921,431.2880101221248,False,544.4638832542696,462.90515122305607,False,537.2293347111056,463.5682260037157,False,548.1156505952499,534.2557299552116,False,545.6635680214096,534.8458385603691,False,535.8213536348044,603.3670387216348,False,535.8155463697882,607.0216138032131,False,True,100.1232213731759,166.98322249337633,165.48186663310813
104,104,1.7333333333333334,1.7333333333333334,Sports2D_HALPE26_postprocessed,564.5052263410925,345.6816506995443,1.0,546.0632164800226,374.2106209674983,1.0,536.9876963583404,376.9648980231508,1.0,545.3555585966988,420.72802356610697,1.0,536.3389057107294,424.88896689797184,1.0,574.2788644933951,432.3286933693701,1.0,569.5038980755754,431.34155435451686,1.0,544.4810349152147,462.9878659254575,1.0,537.0708622257787,463.5838412898005,1.0,548.290281522658,534.3738139375223,1.0,545.6021175520934,534.92161235292,1.0,535.8558539646374,603.357640752465,1.0,535.846661404039,607.0355384239803,1.0,566.5913306240342,615.5442017155965,1.0,564.5713059987008,612.9807992350703,1.0,525.1122588391692,613.6770759245492,1.0,568.624042449375,616.7744914404329,1.0,563.4484812855494,621.1351833188412,1.0,528.2126376274332,619.1635299681988,1.0,1.0,1.7333333333333334,564.5052263410925,345.6816506995443,False,546.0632164800226,374.2106209674983,False,536.9876963583404,376.9648980231508,False,545.3555585966988,420.72802356610697,False,536.3389057107294,424.88896689797184,False,574.2788644933951,432.3286933693701,False,569.5038980755754,431.34155435451686,False,544.4810349152147,462.9878659254575,False,537.0708622257787,463.5838412898005,False,548.290281522658,534.3738139375223,False,545.6021175520934,534.92161235292,False,535.8558539646374,603.357640752465,False,535.846661404039,607.0355384239803,False,True,100.23431481386807,166.72759780336244,165.47629571749798
105,105,1.75,1.75,Sports2D_HALPE26_postprocessed,564.4207685165738,345.6332423051406,1.0,546.073860264381,374.1902241706075,1.0,537.0355207434847,377.0091010232799,1.0,545.1296661873507,420.7196491727511,1.0,536.307665415404,424.9104425602635,1.0,574.1815662448835,432.3991245025478,1.0,569.4912424337896,431.3672347810903,1.0,544.46230946502,463.0400052044535,1.0,537.1120811528815,463.5982606889363,1.0,548.1923680965272,534.5145181467939,1.0,545.6038045902992,534.975691385221,1.0,535.8424081241732,603.3137099446974,1.0,535.8784505950784,607.0945106130057,1.0,566.560715870571,615.5348096401228,1.0,564.7017831576171,612.9487401408296,1.0,525.099633362842,613.7985275683435,1.0,568.6848203323611,616.8207100649194,1.0,563.4394394477222,621.1217615829264,1.0,528.2612983643118,619.1380969744152,1.0,1.0,1.75,564.4207685165738,345.6332423051406,False,546.073860264381,374.1902241706075,False,537.0355207434847,377.0091010232799,False,545.1296661873507,420.7196491727511,False,536.307665415404,424.9104425602635,False,574.1815662448835,432.3991245025478,False,569.4912424337896,431.3672347810903,False,544.46230946502,463.0400052044535,False,537.1120811528815,463.5982606889363,False,548.1923680965272,534.5145181467939,False,545.6038045902992,534.975691385221,False,535.8424081241732,603.3137099446974,False,535.8784505950784,607.0945106130057,False,True,100.14037528761791,166.83597070123665,165.53534028280188
106,106,1.7666666666666666,1.7666666666666666,Sports2D_HALPE26_postprocessed,564.3380301096058,345.64795099317905,1.0,546.1523507651491,374.2558460239532,1.0,536.8625216595293,377.0058642218024,1.0,544.985994751324,420.8187099925888,1.0,536.2928562561237,424.9435654129353,1.0,574.085495920231,432.53061877022753,1.0,569.4449569715713,431.4366066359294,1.0,544.4022656621485,463.0837277069064,1.0,536.9376982527087,463.6205928868021,1.0,548.2729470691207,534.3924584509659,1.0,545.7649833736244,534.9069936531635,1.0,535.9581745816648,603.448911868295,1.0,535.9473197456103,607.1085574782071,1.0,566.6461593739683,615.6846924815064,1.0,564.7195323681512,612.91174238624,1.0,525.2288949347884,613.7850098363557,1.0,568.7703742210194,616.8230431355792,1.0,563.4471369542647,621.1165384612705,1.0,528.3786046796454,619.138421380991,1.0,1.0,1.7666666666666666,564.3380301096058,345.64795099317905,False,546.1523507651491,374.2558460239532,False,536.8625216595293,377.0058642218024,False,544.985994751324,420.8187099925888,False,536.2928562561237,424.9435654129353,False,574.085495920231,432.53061877022753,False,569.4449569715713,431.4366066359294,False,544.4022656621485,463.0837277069064,False,536.9376982527087,463.6205928868021,False,548.2729470691207,534.3924584509659,False,545.7649833736244,534.9069936531635,False,535.9581745816648,603.448911868295,False,535.9473197456103,607.1085574782071,False,True,100.40061595432074,166.78178563694536,165.1977370702291
107,107,1.7833333333333332,1.7833333333333332,Sports2D_HALPE26_postprocessed,564.3782503492383,345.619780169277,1.0,546.156147885665,374.27421505023545,1.0,536.8362136221963,377.0763097702891,1.0,545.0490017761297,420.9892987888045,1.0,536.3256722434362,425.0253048445011,1.0,574.0841527890012,432.7097235431509,1.0,569.4627850366776,431.4613751305748,1.0,544.4294119475244,463.0264563105639,1.0,537.1032238315537,463.5964600611512,1.0,548.3647197704229,534.418087449581,1.0,545.93213719717,534.913223452822,1.0,535.8984551883609,603.4001081411518,1.0,536.1213237389923,607.050770666372,1.0,566.7695907484953,615.6345298450033,1.0,564.7695057453212,612.7791324023992,1.0,525.1686937354389,613.8839019333802,1.0,568.8500329945768,616.7725024016668,1.0,563.574642839601,621.1319735475879,1.0,528.5358452426142,619.1536292826456,1.0,1.0,1.7833333333333332,564.3782503492383,345.619780169277,False,546.156147885665,374.27421505023545,False,536.8362136221963,377.0763097702891,False,545.0490017761297,420.9892987888045,False,536.3256722434362,425.0253048445011,False,574.0841527890012,432.7097235431509,False,569.4627850366776,431.4613751305748,False,544.4294119475244,463.0264563105639,False,537.1032238315537,463.5964600611512,False,548.3647197704229,534.418087449581,False,545.93213719717,534.913223452822,False,535.8984551883609,603.4001081411518,False,536.1213237389923,607.050770666372,False,True,100.38141034005969,166.60109493526724,165.19797743301888
108,108,1.8,1.8,Sports2D_HALPE26_postprocessed,564.4246952081525,345.5527479787858,1.0,546.3023053346858,374.4207899180173,1.0,536.8131888826656,377.0864685070861,1.0,545.2524010539938,421.0022371714314,1.0,536.3515192720873,425.0597500079501,1.0,574.0905963219975,432.6695041948341,1.0,569.476617132136,431.56633578602174,1.0,544.4230065816869,462.9656094179979,1.0,537.133613149609,463.52619947020855,1.0,548.4154075693306,534.4062419455234,1.0,546.1840415777178,534.8931176587542,1.0,535.8473975670877,603.1395271174698,1.0,536.2115254855005,607.0108710903824,1.0,566.8220907709958,615.3831911980108,1.0,564.7946382907861,612.6656057243738,1.0,525.1178352161078,613.713189635532,1.0,568.9207609440255,616.7439368576356,1.0,563.6882729879371,621.1156560633246,1.0,528.7282654595386,619.164049397453,1.0,1.0,1.8,564.4246952081525,345.5527479787858,False,546.3023053346858,374.4207899180173,False,536.8131888826656,377.0864685070861,False,545.2524010539938,421.0022371714314,False,536.3515192720873,425.0597500079501,False,574.0905963219975,432.6695041948341,False,569.476617132136,431.56633578602174,False,544.4230065816869,462.9656094179979,False,537.133613149609,463.52619947020855,False,548.4154075693306,534.4062419455234,False,546.1840415777178,534.8931176587542,False,535.8473975670877,603.1395271174698,False,536.2115254855005,607.0108710903824,False,True,100.56145683862962,166.43923252306527,164.89959846553177
109,109,1.8166666666666669,1.8166666666666669,Sports2D_HALPE26_postprocessed,564.6164414849807,345.4794627149669,1.0,546.5164025884004,374.47249123077466,1.0,536.8799235367073,377.080322530616,1.0,545.3979352143954,420.9753347561242,1.0,536.4073873041904,425.0857501543419,1.0,574.1641882582649,432.359457427136,1.0,569.5512119555494,431.45743410362775,1.0,544.451623510789,462.9158232240143,1.0,537.051731111249,463.4598134846459,1.0,548.565684178368,534.4518908848233,1.0,546.4546720234314,534.8658789551295,1.0,535.8739072498541,603.2574158351978,1.0,536.3261874137639,607.0081236365975,1.0,566.9550767570164,615.3440092873449,1.0,564.910412270759,612.6960095808425,1.0,525.1448475862766,613.7360209429744,1.0,569.0167598079302,616.7774910149465,1.0,563.7999549612604,621.0640385331467,1.0,528.612769434287,619.1829836754456,1.0,1.0,1.8166666666666669,564.6164414849807,345.4794627149669,False,546.5164025884004,374.47249123077466,False,536.8799235367073,377.080322530616,False,545.3979352143954,420.9753347561242,False,536.4073873041904,425.0857501543419,False,574.1641882582649,432.359457427136,False,569.5512119555494,431.45743410362775,False,544.451623510789,462.9158232240143,False,537.051731111249,463.4598134846459,False,548.565684178368,534.4518908848233,False,546.4546720234314,534.8658789551295,False,535.8739072498541,603.2574158351978,False,536.3261874137639,607.0081236365975,False,True,100.31801213131246,166.2573013849088,164.50643732595336
110,110,1.8333333333333333,1.8333333333333333,Sports2D_HALPE26_postprocessed,564.9223128676945,345.4090634615903,1.0,546.7189044421189,374.4712485261393,1.0,536.9361613328477,377.0597925866245,1.0,545.5112423639412,420.7915664795859,1.0,536.4568114012316,425.0937075110765,1.0,574.1945187089217,432.072685826122,1.0,569.6137206087171,431.39729901214247,1.0,544.5299978366962,462.7984076933718,1.0,537.0298840500853,463.3246182038105,1.0,548.9992245246328,534.3383109133647,1.0,546.6061823532685,534.7279068318019,1.0,535.9174324794166,603.2242902192885,1.0,536.3996152140644,606.962913364453,1.0,566.8399481952849,615.3839739572334,1.0,565.0263260276906,612.7562621212156,1.0,525.1851909327725,613.806222217133,1.0,569.051950857218,616.8086927976699,1.0,563.728779855943,621.035549670969,1.0,528.7051226135283,619.1571600481557,1.0,1.0,1.8333333333333333,564.9223128676945,345.4090634615903,False,546.7189044421189,374.4712485261393,False,536.9361613328477,377.0597925866245,False,545.5112423639412,420.7915664795859,False,536.4568114012316,425.0937075110765,False,574.1945187089217,432.072685826122,False,569.6137206087171,431.39729901214247,False,544.5299978366962,462.7984076933718,False,537.0298840500853,463.3246182038105,False,548.9992245246328,534.3383109133647,False,546.6061823532685,534.7279068318019,False,535.9174324794166,603.2242902192885,False,536.3996152140644,606.962913364453,False,True,100.19251034387224,165.67256128881158,164.31885686440106
111,111,1.85,1.85,Sports2D_HALPE26_postprocessed,565.2631627991726,345.33767971441193,1.0,546.9748126625509,374.4065715032357,1.0,536.9771204931773,377.0089617951896,1.0,545.5644155847503,420.67566682263407,1.0,536.4990963016571,425.0576117734042,1.0,574.1368931353593,431.8595510772749,1.0,569.6437898756324,431.2993510304165,1.0,544.5602181735198,462.8056635429751,1.0,536.9979690600031,463.3944836073496,1.0,549.151448100584,534.1353295855962,1.0,546.6390050913828,534.5679119717074,1.0,535.9365048850922,603.0677601197341,1.0,536.4050879305412,606.7486851868607,1.0,566.7683981220968,615.2877783169457,1.0,565.066912026782,612.7060826966209,1.0,525.2026539068632,613.7375000768108,1.0,568.9452659638996,616.7711232902078,1.0,563.7065968826405,620.9625712792197,1.0,528.7297445851639,619.1608287995888,1.0,1.0,1.85,565.2631627991726,345.33767971441193,False,546.9748126625509,374.4065715032357,False,536.9771204931773,377.0089617951896,False,545.5644155847503,420.67566682263407,False,536.4990963016571,425.0576117734042,False,574.1368931353593,431.8595510772749,False,569.6437898756324,431.2993510304165,False,544.5602181735198,462.8056635429751,False,536.9979690600031,463.3944836073496,False,549.151448100584,534.1353295855962,False,546.6390050913828,534.5679119717074,False,535.9365048850922,603.0677601197341,False,536.4050879305412,606.7486851868607,False,True,100.09491670910555,165.46473563192782,164.21605088910925
112,112,1.8666666666666667,1.8666666666666667,Sports2D_HALPE26_postprocessed,565.3370932054779,345.4385035891304,1.0,546.959285352359,374.3545477652385,1.0,537.0792971706724,376.975152302274,1.0,545.5194289980789,420.7193622040191,1.0,536.5598063118662,425.05141273420014,1.0,573.8986858876261,431.955866585763,1.0,569.6379091797085,431.36857808290176,1.0,544.5165917559675,462.8203164422199,1.0,536.9155358924287,463.5823455563374,1.0,548.8390344809783,533.9846387756915,1.0,546.5823152849272,534.4835408051467,1.0,535.875850147063,602.6501650602975,1.0,536.348726579498,606.6593462997045,1.0,566.6340511243317,615.2040364591737,1.0,564.9763280345479,612.6462271746534,1.0,525.13909465559,613.7169081486339,1.0,568.9408948913167,616.7269876601404,1.0,563.7608204209374,620.9404773637468,1.0,528.663762004852,619.160883203921,1.0,1.0,1.8666666666666667,565.3370932054779,345.4385035891304,False,546.959285352359,374.3545477652385,False,537.0792971706724,376.975152302274,False,545.5194289980789,420.7193622040191,False,536.5598063118662,425.05141273420014,False,573.8986858876261,431.955866585763,False,569.6379091797085,431.36857808290176,False,544.5165917559675,462.8203164422199,False,536.9155358924287,463.5823455563374,False,548.8390344809783,533.9846387756915,False,546.5823152849272,534.4835408051467,False,535.875850147063,602.6501650602975,False,536.348726579498,606.6593462997045,False,True,100.19291035579657,165.8332928814837,164.166072651655
113,113,1.8833333333333333,1.8833333333333333,Sports2D_HALPE26_postprocessed,565.3703689557688,345.39898118965687,1.0,546.9109706705055,374.30901869041503,1.0,537.1394000126497,377.0412878893182,1.0,545.4834028455416,420.7379368380748,1.0,536.5712566379459,425.1527732854963,1.0,573.8976314963147,431.9594659176213,1.0,569.7361289627585,431.3721720186709,1.0,544.4924117277502,462.90366624772776,1.0,537.0393494915659,463.8335166019612,1.0,548.4736360509049,534.0671868146906,1.0,546.6340076950456,534.4766155222708,1.0,535.8072516710793,602.684568284745,1.0,536.3507292119359,606.6934360614127,1.0,566.5206518931464,615.1003821964682,1.0,564.7094059944683,612.5461558162739,1.0,525.0705189314438,613.6905623012512,1.0,568.9163590856687,616.6864845389476,1.0,563.765262997782,621.0620435199511,1.0,528.6258295948182,619.1561596585788,1.0,1.0,1.8833333333333333,565.3703689557688,345.39898118965687,False,546.9109706705055,374.30901869041503,False,537.1394000126497,377.0412878893182,False,545.4834028455416,420.7379368380748,False,536.5712566379459,425.1527732854963,False,573.8976314963147,431.9594659176213,False,569.7361289627585,431.3721720186709,False,544.4924117277502,462.90366624772776,False,537.0393494915659,463.8335166019612,False,548.4736360509049,534.0671868146906,False,546.6340076950456,534.4766155222708,False,535.8072516710793,602.684568284745,False,536.3507292119359,606.6934360614127,False,True,99.94473118026289,166.33919421105315,164.16136164859162
114,114,1.9,1.9,Sports2D_HALPE26_postprocessed,565.4112605249472,345.21108331465035,1.0,546.8095429962068,374.4836634309386,1.0,537.1914790827997,377.1406794551585,1.0,545.4627964470181,421.0087792094677,1.0,536.5167802985075,425.3328331277724,1.0,573.7057375263781,432.18207055411307,1.0,569.6970243486687,431.42278032145066,1.0,544.6519189628061,462.970738652286,1.0,537.0984732791085,463.9290199803864,1.0,548.5220528216421,534.1382650062184,1.0,547.0095219820973,534.3853851021104,1.0,535.809163560985,602.7555813099569,1.0,536.4519598727309,606.6800289900638,1.0,566.5116064803852,615.2930676485746,1.0,564.5867559418735,612.5446550060645,1.0,525.0709175843135,613.6310146626568,1.0,568.8698062552211,616.7480910337212,1.0,563.7125530732252,621.2363427087004,1.0,528.6402295516509,619.1790450056362,1.0,1.0,1.9,565.4112605249472,345.21108331465035,False,546.8095429962068,374.4836634309386,False,537.1914790827997,377.1406794551585,False,545.4627964470181,421.0087792094677,False,536.5167802985075,425.3328331277724,False,573.7057375263781,432.18207055411307,False,569.6970243486687,431.42278032145066,False,544.6519189628061,462.970738652286,False,537.0984732791085,463.9290199803864,False,548.5220528216421,534.1382650062184,False,547.0095219820973,534.3853851021104,False,535.809163560985,602.7555813099569,False,536.4519598727309,606.6800289900638,False,True,99.59829020634159,166.3909824476207,163.68431189241656
115,115,1.9166666666666667,1.9166666666666667,Sports2D_HALPE26_postprocessed,565.4207412072788,345.2062533443031,1.0,546.9405066154438,374.6842412114333,1.0,537.0429603362128,377.32650113728073,1.0,545.3310895283089,421.4314262058009,1.0,536.2808810594796,425.7586000681811,1.0,573.4272635815435,432.628656003359,1.0,569.7404015767925,431.6707185665296,1.0,544.4322797230441,462.9030534889344,1.0,537.0135168589501,464.26151908901306,1.0,548.8231539141499,534.0901948698079,1.0,547.4898516406831,534.1759520144683,1.0,536.0595597708686,602.8498670097414,1.0,536.7315281787443,606.56527824023,1.0,566.683197271843,615.4679928736188,1.0,564.7326294768079,612.6044006846821,1.0,525.3329974640466,613.6580519532832,1.0,568.9767198512941,616.9439699823263,1.0,563.8191993114187,621.533769918245,1.0,528.6939008891752,619.2097807255271,1.0,1.0,1.9166666666666667,565.4207412072788,345.2062533443031,False,546.9405066154438,374.6842412114333,False,537.0429603362128,377.32650113728073,False,545.3310895283089,421.4314262058009,False,536.2808810594796,425.7586000681811,False,573.4272635815435,432.628656003359,False,569.7404015767925,431.6707185665296,False,544.4322797230441,462.9030534889344,False,537.0135168589501,464.26151908901306,False,548.8231539141499,534.0901948698079,False,547.4898516406831,534.1759520144683,False,536.0595597708686,602.8498670097414,False,536.7315281787443,606.56527824023,False,True,99.11895484954714,165.95452304983615,163.02463102519462
116,116,1.933333333333333,1.933333333333333,Sports2D_HALPE26_postprocessed,565.3918358257635,345.4349437244051,1.0,546.935591541607,375.18150874942353,1.0,536.642828798132,377.8696991915204,1.0,545.4211148828182,421.5979950682273,1.0,535.9851277319566,426.34041995720014,1.0,573.5809685836352,433.1828105704944,1.0,570.0130171695731,431.8510260802949,1.0,544.6077054943402,462.8311084149792,1.0,536.9338768566545,464.25437868095935,1.0,549.8476515698843,533.7671161438182,1.0,547.774709238526,533.9658159891267,1.0,536.2345771652305,602.8206758156259,1.0,536.9669848627242,606.294994867212,1.0,566.8308985639844,615.5962330691506,1.0,565.1009170764344,612.8330297648243,1.0,525.4993436278279,613.6707092598889,1.0,569.1355588111638,617.0219430552337,1.0,563.9238920446875,621.5775072957687,1.0,528.80324097544,619.2186135906113,1.0,1.0,1.933333333333333,565.3918358257635,345.4349437244051,False,546.935591541607,375.18150874942353,False,536.642828798132,377.8696991915204,False,545.4211148828182,421.5979950682273,False,535.9851277319566,426.34041995720014,False,573.5809685836352,433.1828105704944,False,570.0130171695731,431.8510260802949,False,544.6077054943402,462.8311084149792,False,536.9338768566545,464.25437868095935,False,549.8476515698843,533.7671161438182,False,547.774709238526,533.9658159891267,False,536.2345771652305,602.8206758156259,False,536.9669848627242,606.294994867212,False,True,98.42143520420656,164.623144445893,162.6622346808889
117,117,1.95,1.95,Sports2D_HALPE26_postprocessed,565.290655427591,345.9227352763644,1.0,546.6344300266404,375.699312516994,1.0,535.8605499543853,378.6865558124203,1.0,545.5245007956498,421.23803343969365,1.0,535.7384837510326,426.7815742721218,1.0,573.7310895022487,433.0188807575269,1.0,570.4794078133909,431.8386523333105,1.0,545.7345720871633,462.6550423160734,1.0,536.6386962136191,463.8799746150372,1.0,554.2959848839125,532.2488286426549,1.0,547.5073618482868,533.5657503132019,1.0,536.0555670834106,600.5449894139173,1.0,537.4228844623283,605.9970480964947,1.0,566.7214770484484,616.1765192124743,1.0,564.8701090948018,613.1929891812686,1.0,524.736222037125,614.0466279181438,1.0,569.5115075297423,616.9508318106125,1.0,564.7972293092031,621.4257178729758,1.0,529.1916382387922,619.2062573499579,1.0,1.0,1.95,565.290655427591,345.9227352763644,False,546.6344300266404,375.699312516994,False,535.8605499543853,378.6865558124203,False,545.5245007956498,421.23803343969365,False,535.7384837510326,426.7815742721218,False,573.7310895022487,433.0188807575269,False,570.4794078133909,431.8386523333105,False,545.7345720871633,462.6550423160734,False,536.6386962136191,463.8799746150372,False,554.2959848839125,532.2488286426549,False,547.5073618482868,533.5657503132019,False,536.0555670834106,600.5449894139173,False,537.4228844623283,605.9970480964947,False,True,98.13669751813464,158.03329278112543,163.20894886986946
118,118,1.9666666666666663,1.9666666666666663,Sports2D_HALPE26_postprocessed,565.0606001393774,347.3376901285071,1.0,545.9643241889196,376.3499145335715,1.0,534.8482495068212,379.21537552337065,1.0,545.4499378949929,421.56961720272506,1.0,535.3752726564039,427.5743234130889,1.0,573.6629911957361,433.33115820242864,1.0,570.2618393920023,431.8937589422618,1.0,546.5801917365925,462.04350029078137,1.0,535.5554319942546,463.3297152012851,1.0,560.1462070036059,531.5748710161861,1.0,547.7927130826868,533.4888553964703,1.0,536.300789555209,600.1827228037238,1.0,537.5424863795661,606.013883888632,1.0,566.9157038901882,616.5909539317099,1.0,564.7755189038572,613.2182478447213,1.0,524.7587656214863,613.933707557439,1.0,569.3500307958573,617.0516199485462,1.0,564.6698335842788,621.6200657751185,1.0,528.9920254761155,619.1949616393458,1.0,1.0,1.9666666666666663,565.0606001393774,347.3376901285071,False,545.9643241889196,376.3499145335715,False,534.8482495068212,379.21537552337065,False,545.4499378949929,421.56961720272506,False,535.3752726564039,427.5743234130889,False,573.6629911957361,433.33115820242864,False,570.2618393920023,431.8937589422618,False,546.5801917365925,462.04350029078137,False,535.5554319942546,463.3297152012851,False,560.1462070036059,531.5748710161861,False,547.7927130826868,533.4888553964703,False,536.300789555209,600.1827228037238,False,537.5424863795661,606.013883888632,False,True,97.68247669776427,149.79445764098904,162.06136355508573
119,119,1.9833333333333327,1.9833333333333327,Sports2D_HALPE26_postprocessed,564.6202087826526,348.60625070200336,1.0,546.0513298252454,377.2183934707324,1.0,533.6776541424082,379.2646789401638,1.0,545.3135120409677,422.0010341334344,1.0,535.1061589861021,427.90519781882887,1.0,573.5538493295579,433.7507912268874,1.0,570.1448227354497,431.91628589722393,1.0,549.9466070895431,461.699239170156,1.0,534.7189051200954,463.074544132026,1.0,565.716729233572,530.0750192534044,1.0,548.4963107439238,533.4728672486558,1.0,543.322297254618,599.5614954294128,1.0,537.082811779916,605.9090588061434,1.0,568.7355387624793,617.3437493518041,1.0,566.5991076850695,613.4359865674492,1.0,527.8765660561639,613.745287692763,1.0,567.7305476551587,617.4471392750022,1.0,563.1066858329922,621.7539184795264,1.0,527.9395426278476,619.1791424487736,1.0,1.0,1.9833333333333327,564.6202087826526,348.60625070200336,False,546.0513298252454,377.2183934707324,False,533.6776541424082,379.2646789401638,False,545.3135120409677,422.0010341334344,False,535.1061589861021,427.90519781882887,False,573.5538493295579,433.7507912268874,False,570.1448227354497,431.91628589722393,False,549.9466070895431,461.699239170156,False,534.7189051200954,463.074544132026,False,565.716729233572,530.0750192534044,False,548.4963107439238,533.4728672486558,False,543.322297254618,599.5614954294128,False,537.082811779916,605.9090588061434,False,True,98.21278112057588,149.14912744039432,159.97254003189462
120,120,2.0,2.0,Sports2D_HALPE26_postprocessed,564.2360258243418,349.5579595747993,1.0,546.1054316123292,377.3595890417061,1.0,533.0690606724592,378.9777258189638,1.0,545.2293154398453,424.0650762365232,1.0,534.9402294744981,427.541117936157,1.0,573.7549501448087,433.64853141133966,1.0,570.2873765729764,431.8176110543529,1.0,551.7021000398711,462.10119927566905,1.0,534.3420728828634,463.3937749588575,1.0,574.3074436810717,527.190529496865,1.0,548.2098465025739,533.6284830245371,1.0,548.3711859650717,597.5621412844054,1.0,536.3140427215526,605.1056657898826,1.0,570.0873904525815,617.1452140902012,1.0,568.5165598268509,613.4837611550237,1.0,541.8199264797009,611.1085740794924,1.0,567.0517420431147,617.7714745260362,1.0,560.0171380476005,621.9816696127921,1.0,526.567965356453,619.1705041181752,1.0,1.0,2.0,564.2360258243418,349.5579595747993,False,546.1054316123292,377.3595890417061,False,533.0690606724592,378.9777258189638,False,545.2293154398453,424.0650762365232,False,534.9402294744981,427.541117936157,False,573.7549501448087,433.64853141133966,False,570.2873765729764,431.8176110543529,False,551.7021000398711,462.10119927566905,False,534.3420728828634,463.3937749588575,False,574.3074436810717,527.190529496865,False,548.2098465025739,533.6284830245371,False,548.3711859650717,597.5621412844054,False,536.3140427215526,605.1056657898826,False,True,99.10497171823353,140.6160898222696,159.38165950665464
121,121,2.0166666666666666,2.0166666666666666,Sports2D_HALPE26_postprocessed,564.5056655497284,350.270357826079,1.0,546.2724683794114,377.3163407519604,1.0,532.9813838176832,378.7185853605142,1.0,545.3169622757601,424.74322514972016,1.0,534.6924983450685,427.3525334066714,1.0,574.0668054397938,433.1015882479402,1.0,571.1625655881361,432.139202431479,1.0,552.5211620857455,462.1950710647521,1.0,533.4396117894169,463.4584467812438,1.0,579.9899270763656,522.8164544544198,1.0,548.0134818419426,534.0462869257808,1.0,554.0524479186375,592.8642410756217,1.0,534.5660247738787,605.441690103281,1.0,569.8754126116288,616.3722286545877,1.0,570.5188378234392,612.9231222358169,1.0,546.055987190312,605.5219488399184,1.0,566.7939402056501,618.154646384651,1.0,559.1794260756991,622.3864371512495,1.0,525.7458928093051,619.1855160024097,1.0,1.0,2.0166666666666666,564.5056655497284,350.270357826079,False,546.2724683794114,377.3163407519604,False,532.9813838176832,378.7185853605142,False,545.3169622757601,424.74322514972016,False,534.6924983450685,427.3525334066714,False,574.0668054397938,433.1015882479402,False,571.1625655881361,432.139202431479,False,552.5211620857455,462.1950710647521,False,533.4396117894169,463.4584467812438,False,579.9899270763656,522.8164544544198,False,548.0134818419426,534.0462869257808,False,554.0524479186375,592.8642410756217,False,534.5660247738787,605.441690103281,False,True,99.4923253914265,135.30504979902477,157.66758320510257
122,122,2.033333333333333,2.033333333333333,Sports2D_HALPE26_postprocessed,564.5430058490111,350.4865950160799,1.0,546.3030330297598,378.294201925494,1.0,532.6373713354608,378.620239506078,1.0,545.0759762382233,424.8778081802288,1.0,534.6892066366594,427.478295509561,1.0,574.5220503315617,430.73936436506216,1.0,572.0215216342247,431.54143491883065,1.0,552.4694121296506,462.4387082880591,1.0,532.1404407571606,464.0966941573394,1.0,587.3652434863977,514.2028872673859,1.0,547.5510718532639,535.6110062544476,1.0,560.8772884274516,582.8997755177807,1.0,533.6052748620556,606.3242540095523,1.0,569.7670328901086,610.5261273068112,1.0,571.5816196222552,607.4597134442844,1.0,550.3338043932482,590.5115537224674,1.0,567.2352667554035,618.224166845433,1.0,560.425003160466,622.5290400327733,1.0,524.8068445214827,619.1995304630368,1.0,1.0,2.033333333333333,564.5430058490111,350.4865950160799,False,546.3030330297598,378.294201925494,False,532.6373713354608,378.620239506078,False,545.0759762382233,424.8778081802288,False,534.6892066366594,427.478295509561,False,574.5220503315617,430.73936436506216,False,572.0215216342247,431.54143491883065,False,552.4694121296506,462.4387082880591,False,532.1404407571606,464.0966941573394,False,587.3652434863977,514.2028872673859,False,547.5510718532639,535.6110062544476,False,560.8772884274516,582.8997755177807,False,533.6052748620556,606.3242540095523,False,True,98.61622680878648,124.92937104454185,156.68279433101637
123,123,2.05,2.05,Sports2D_HALPE26_postprocessed,564.6192452601158,350.10007934302246,1.0,546.324323263805,378.65851285690457,1.0,531.8773181926869,378.69930816630415,1.0,544.6825935657505,426.8792472699928,1.0,534.4870877904307,427.5908497441162,1.0,575.3995181574026,429.1324299937333,1.0,573.1843307001027,428.3908247788148,1.0,552.5209951688635,462.7953573888372,1.0,531.102451483385,465.05164919963454,1.0,593.5473205093948,511.1581363344648,1.0,546.9876149258012,535.7728725794968,1.0,566.7080532211071,578.9192606559061,1.0,533.5847262756972,607.7719445368739,1.0,573.9483935251884,605.9700620608903,1.0,576.1443070859347,602.9115335763591,1.0,554.1060813196658,582.9858843797865,1.0,566.8785846102901,618.3654647263602,1.0,559.948864498011,622.9790094770606,1.0,524.6809733976064,619.2209279562404,1.0,1.0,2.05,564.6192452601158,350.10007934302246,False,546.324323263805,378.65851285690457,False,531.8773181926869,378.69930816630415,False,544.6825935657505,426.8792472699928,False,534.4870877904307,427.5908497441162,False,575.3995181574026,429.1324299937333,False,573.1843307001027,428.3908247788148,False,552.5209951688635,462.7953573888372,False,531.102451483385,465.05164919963454,False,593.5473205093948,511.1581363344648,False,546.9876149258012,535.7728725794968,False,566.7080532211071,578.9192606559061,False,533.5847262756972,607.7719445368739,False,True,94.23976518649361,118.08408388657648,156.7954090888073
124,124,2.0666666666666664,2.0666666666666664,Sports2D_HALPE26_postprocessed,564.6318770083255,350.03249598605123,1.0,545.8514112409812,378.5503938016809,1.0,531.1527859861513,378.6391260544957,1.0,543.7293090141882,426.8541124951521,1.0,534.3640191462913,427.4779632016423,1.0,575.2291727338458,428.39646126386674,1.0,573.3591207072632,425.5606176788928,1.0,552.3652792186201,462.77053075614106,1.0,530.2747638976116,465.7810797361485,1.0,596.3502551183205,504.4469537401736,1.0,546.7276535217409,535.7698008632631,1.0,572.2179722358317,573.7036523258308,1.0,533.6990816596773,607.9721042588806,1.0,582.443859441912,601.194057063836,1.0,585.019945975924,596.7078555239664,1.0,558.5442235035065,576.28045721555,1.0,567.3487953280796,618.7370559034958,1.0,560.842584727517,623.037350729035,1.0,524.5696069468165,619.214953904626,1.0,1.0,2.0666666666666664,564.6318770083255,350.03249598605123,False,545.8514112409812,378.5503938016809,False,531.1527859861513,378.6391260544957,False,543.7293090141882,426.8541124951521,False,534.3640191462913,427.4779632016423,False,575.2291727338458,428.39646126386674,False,573.3591207072632,425.5606176788928,False,552.3652792186201,462.77053075614106,False,530.2747638976116,465.7810797361485,False,596.3502551183205,504.4469537401736,False,546.7276535217409,535.7698008632631,False,572.2179722358317,573.7036523258308,False,533.6990816596773,607.9721042588806,False,True,90.94697350242372,114.24553330568537,156.54246164612633
125,125,2.083333333333333,2.083333333333333,Sports2D_HALPE26_postprocessed,564.6712548725415,350.0477568284235,1.0,545.6534143986084,379.2385103603277,1.0,530.368971544465,379.12410641320497,1.0,543.1632261613779,426.6268955197007,1.0,534.4748924675614,427.0055516888067,1.0,574.7456823447623,426.5176464660794,1.0,573.1089154512507,421.850496128796,1.0,551.9738479357827,462.47911234105993,1.0,529.5677446388215,466.0855485083905,1.0,601.3707394847687,497.5418180783788,1.0,547.1571515261973,535.8148803619363,1.0,577.3260666549535,567.2395597781336,1.0,533.7038301969465,608.0219608330356,1.0,589.3534366498684,595.6128953061329,1.0,589.9986970183162,591.0422821896813,1.0,563.165947785774,572.1773929472757,1.0,567.8103276944919,618.5041435844364,1.0,561.2799794887887,622.7499275629795,1.0,524.5144878215754,619.2015452431772,1.0,1.0,2.083333333333333,564.6712548725415,350.0477568284235,False,545.6534143986084,379.2385103603277,False,530.368971544465,379.12410641320497,False,543.1632261613779,426.6268955197007,False,534.4748924675614,427.0055516888067,False,574.7456823447623,426.5176464660794,False,573.1089154512507,421.850496128796,False,551.9738479357827,462.47911234105993,False,529.5677446388215,466.0855485083905,False,601.3707394847687,497.5418180783788,False,547.1571515261973,535.8148803619363,False,577.3260666549535,567.2395597781336,False,533.7038301969465,608.0219608330356,False,True,87.3009702354174,106.33407904738533,155.28825040197998
126,126,2.1,2.1,Sports2D_HALPE26_postprocessed,564.8051111312274,349.99468273408854,1.0,545.6715623301898,379.5810688811362,1.0,529.9830063726831,379.4288735184458,1.0,543.1550616759436,427.5083604872461,1.0,535.0588552494796,426.8750703464053,1.0,574.633933288164,425.5222645334823,1.0,573.4676929294023,418.3495607558136,1.0,552.8859957292588,461.8503956828896,1.0,529.5284196245088,466.1216272550752,1.0,605.1310556571685,490.3297651797501,1.0,547.6575915391762,535.7956577560896,1.0,582.0753828357317,561.8260636605698,1.0,533.6190151460828,608.499538931063,1.0,599.3783094500698,590.1483365161174,1.0,600.4417287537318,585.1030740346158,1.0,567.9026035862003,567.3031361034671,1.0,568.0336429290032,618.1522445576331,1.0,561.4213825179532,622.5201881515359,1.0,524.5992773227797,619.1855773494544,1.0,1.0,2.1,564.8051111312274,349.99468273408854,False,545.6715623301898,379.5810688811362,False,529.9830063726831,379.4288735184458,False,543.1550616759436,427.5083604872461,False,535.0588552494796,426.8750703464053,False,574.633933288164,425.5222645334823,False,573.4676929294023,418.3495607558136,False,552.8859957292588,461.8503956828896,False,529.5284196245088,466.1216272550752,False,605.1310556571685,490.3297651797501,False,547.6575915391762,535.7956577560896,False,582.0753828357317,561.8260636605698,False,533.6190151460828,608.499538931063,False,True,83.59145019620152,100.72215371551374,154.48617414724734
127,127,2.1166666666666667,2.1166666666666667,Sports2D_HALPE26_postprocessed,565.4373908546779,350.2894820244145,1.0,546.0596924147218,379.9282089441098,1.0,529.7150318018693,379.4748130784319,1.0,543.7773864995464,428.4230353855278,1.0,535.7835942559844,426.7048609581602,1.0,574.9956520977207,425.05681588747154,1.0,573.9921511593333,415.5245910273703,1.0,553.966673894761,460.5782607387593,1.0,529.5548978048727,466.050742290194,1.0,608.1046609844346,481.90986090496114,1.0,548.0422546026068,535.8854911502114,1.0,589.4658609736517,555.2203650811344,1.0,533.6299790148571,608.5985387236667,1.0,606.5879432039129,583.8192275824043,1.0,608.5076902101134,578.3040920808238,1.0,574.9944934944376,560.7359236908137,1.0,568.3600311850828,618.0942409180395,1.0,561.427891970121,622.4620470355638,1.0,524.4892912266557,619.0568062775628,1.0,1.0,2.1166666666666667,565.4373908546779,350.2894820244145,False,546.0596924147218,379.9282089441098,False,529.7150318018693,379.4748130784319,False,543.7773864995464,428.4230353855278,False,535.7835942559844,426.7048609581602,False,574.9956520977207,425.05681588747154,False,573.9921511593333,415.5245910273703,False,553.966673894761,460.5782607387593,False,529.5548978048727,466.050742290194,False,608.1046609844346,481.90986090496114,False,548.0422546026068,535.8854911502114,False,589.4658609736517,555.2203650811344,False,533.6299790148571,608.5985387236667,False,True,81.01169328732826,97.24066408408655,153.9610766907024
128,128,2.1333333333333333,2.1333333333333333,Sports2D_HALPE26_postprocessed,566.3406576155209,350.54819157706817,1.0,547.0378715006137,380.1772040461303,1.0,528.8455671030354,379.58860789166016,1.0,544.2003004405744,429.5203358110845,1.0,536.7095445475387,426.1956585115513,1.0,575.2854721140744,423.3874334788863,1.0,573.9055289831441,413.3243662120413,1.0,554.0336466646027,457.9401709311915,1.0,529.5700515253155,465.5977662122372,1.0,609.8300085235977,475.3260040063722,1.0,548.6978981706683,535.6009389219158,1.0,594.8997994448903,549.1119295314153,1.0,533.6758602443963,607.8480398041947,1.0,616.3695633748758,573.3622180986728,1.0,615.4721889359829,568.3030928334751,1.0,583.7141920375899,555.6097284274888,1.0,568.416915127066,618.0577766121171,1.0,561.2948572002183,622.2847859544686,1.0,524.4137836761613,618.7216191319385,1.0,1.0,2.1333333333333333,566.3406576155209,350.54819157706817,False,547.0378715006137,380.1772040461303,False,528.8455671030354,379.58860789166016,False,544.2003004405744,429.5203358110845,False,536.7095445475387,426.1956585115513,False,575.2854721140744,423.3874334788863,False,573.9055289831441,413.3243662120413,False,554.0336466646027,457.9401709311915,False,529.5700515253155,465.5977662122372,False,609.8300085235977,475.3260040063722,False,548.6978981706683,535.6009389219158,False,594.8997994448903,549.1119295314153,False,533.6758602443963,607.8480398041947,False,True,80.48961423810596,95.86767893100338,152.97149491816273
129,129,2.15,2.15,Sports2D_HALPE26_postprocessed,567.0711245325497,350.5642113561774,1.0,547.7509463577112,380.2406784785376,1.0,528.4264744115583,379.3450027719436,1.0,545.7737597317836,431.4856988672193,1.0,537.263844827698,425.57624064355,1.0,577.4325112455765,421.5986266648566,1.0,574.4707628098951,409.8961975021525,1.0,554.0725198566516,456.7081658419525,1.0,529.8110601220734,465.17420580574907,1.0,610.5764356409503,467.1457429615476,1.0,548.8060278564351,535.2026232809044,1.0,599.366167421636,542.3281694405167,1.0,533.5249969218402,607.649218628774,1.0,623.0474761859832,565.8674740720616,1.0,622.3908157113249,560.4353819538856,1.0,587.8079184812497,549.9069783154573,1.0,568.2977208460901,618.0527778894326,1.0,561.3095799029301,622.18237728729,1.0,524.3596883234158,618.4847810592289,1.0,1.0,2.15,567.0711245325497,350.5642113561774,False,547.7509463577112,380.2406784785376,False,528.4264744115583,379.3450027719436,False,545.7737597317836,431.4856988672193,False,537.263844827698,425.57624064355,False,577.4325112455765,421.5986266648566,False,574.4707628098951,409.8961975021525,False,554.0725198566516,456.7081658419525,False,529.8110601220734,465.17420580574907,False,610.5764356409503,467.1457429615476,False,548.8060278564351,535.2026232809044,False,599.366167421636,542.3281694405167,False,533.5249969218402,607.649218628774,False,True,77.9699419895852,91.98512461621908,152.91316976667298
130,130,2.1666666666666665,2.1666666666666665,Sports2D_HALPE26_postprocessed,566.9437941153661,351.0218148643694,1.0,549.5378391986427,381.1351006571377,1.0,527.643800664485,379.5933135272418,1.0,549.590852162709,431.78092672763006,1.0,537.8995171505369,425.4431681155381,1.0,578.1819668419115,419.1861462927243,1.0,575.2514023035812,408.1656109429679,1.0,553.6869699120031,455.93198175751456,1.0,529.1884325663029,465.1296278103116,1.0,610.842149715836,460.6466371016152,1.0,548.9255717201871,534.846837371774,1.0,603.0291724122525,534.552424089752,1.0,533.3959772146097,607.5217964798219,1.0,629.7675467436968,554.9107710224828,1.0,627.12735220727,551.4208352189889,1.0,591.916411161561,544.1794189808702,1.0,568.0427965127209,618.1072878511407,1.0,561.2883765725265,622.1838514840248,1.0,524.2518237527597,618.2548041274508,1.0,1.0,2.1666666666666665,566.9437941153661,351.0218148643694,False,549.5378391986427,381.1351006571377,False,527.643800664485,379.5933135272418,False,549.590852162709,431.78092672763006,False,537.8995171505369,425.4431681155381,False,578.1819668419115,419.1861462927243,False,575.2514023035812,408.1656109429679,False,553.6869699120031,455.93198175751456,False,529.1884325663029,465.1296278103116,False,610.842149715836,460.6466371016152,False,548.9255717201871,534.846837371774,False,603.0291724122525,534.552424089752,False,533.3959772146097,607.5217964798219,False,True,77.78494139783851,88.68094662604295,152.13115208884992
131,131,2.183333333333333,2.183333333333333,Sports2D_HALPE26_postprocessed,566.942385027443,350.78582146579674,1.0,550.6251270390821,381.3924128915442,1.0,527.1302516872968,379.4280806333967,1.0,555.8237984139412,431.58546868767405,1.0,538.7870413920554,425.3406896260834,1.0,580.8505431932668,413.7415483653429,1.0,575.5812538915343,406.88526792957526,1.0,554.0399720645136,453.9433024784306,1.0,529.7003294428436,464.36919300866566,1.0,610.2048595484591,450.4422987253165,1.0,549.4180509450453,534.6976003936904,1.0,605.905311904954,527.1828954488866,1.0,533.3779438146164,607.5156551856536,1.0,633.9939794125037,544.2622737939637,1.0,631.3273310531226,540.1883777644658,1.0,595.1709100945191,538.2086138135685,1.0,567.9090019732174,618.0570889652904,1.0,561.2053553548079,622.1109629052105,1.0,523.9775489000453,617.8571221495105,1.0,1.0,2.183333333333333,566.942385027443,350.78582146579674,False,550.6251270390821,381.3924128915442,False,527.1302516872968,379.4280806333967,False,555.8237984139412,431.58546868767405,False,538.7870413920554,425.3406896260834,False,580.8505431932668,413.7415483653429,False,575.5812538915343,406.88526792957526,False,554.0399720645136,453.9433024784306,False,529.7003294428436,464.36919300866566,False,610.2048595484591,450.4422987253165,False,549.4180509450453,534.6976003936904,False,605.905311904954,527.1828954488866,False,533.3779438146164,607.5156551856536,False,True,77.60821257293053,83.22635806786906,151.91575987845997
132,132,2.2,2.2,Sports2D_HALPE26_postprocessed,567.8765234930636,350.49232466077655,1.0,552.6985471727545,381.8278837282657,1.0,527.0773692678836,379.180693635485,1.0,558.802787195348,431.5884519643489,1.0,540.0111292620135,424.652768509528,1.0,581.2365227389707,413.47336814276497,1.0,575.5061197395164,404.4038655150106,1.0,554.1258276594092,453.9392027178729,1.0,530.4996966840284,464.4927827115548,1.0,609.531340515413,447.9585504630031,1.0,549.5827922437034,534.6937197474881,1.0,606.7759939794023,522.4218012292022,1.0,533.1760609152393,607.4792803424473,1.0,634.9233910920959,541.4195853460096,1.0,633.5728097784757,536.1821907140807,1.0,596.3397826777873,532.5346916301966,1.0,567.904588802608,617.902483820875,1.0,561.152282794126,621.9109822540256,1.0,523.70332271694,617.6657566898285,1.0,1.0,2.2,567.8765234930636,350.49232466077655,False,552.6985471727545,381.8278837282657,False,527.0773692678836,379.180693635485,False,558.802787195348,431.5884519643489,False,540.0111292620135,424.652768509528,False,581.2365227389707,413.47336814276497,False,575.5061197395164,404.4038655150106,False,554.1258276594092,453.9392027178729,False,530.4996966840284,464.4927827115548,False,609.531340515413,447.9585504630031,False,549.5827922437034,534.6937197474881,False,606.7759939794023,522.4218012292022,False,533.1760609152393,607.4792803424473,False,True,76.17394910393094,81.72002474628276,152.08961377101434
133,133,2.216666666666667,2.216666666666667,Sports2D_HALPE26_postprocessed,568.4362636238671,350.29937734801604,1.0,552.7937842477427,381.9195314939232,1.0,527.2756826723185,378.8819563815529,1.0,558.9610866400801,430.5115002876637,1.0,541.1484709597322,424.0624673463566,1.0,582.1964009520252,412.7787383377678,1.0,575.1547721584915,402.8019508573131,1.0,554.3765327932975,453.3677414453463,1.0,531.1367505993361,464.68591795633154,1.0,609.0239210511688,443.08848198943485,1.0,550.1303663716225,534.7024744775946,1.0,606.9940647595866,518.5009724089795,1.0,533.2629661851126,607.5413307172062,1.0,635.8612981217213,535.2854782095013,1.0,633.6437098840443,530.8485711810777,1.0,596.5957584733799,528.5093982394319,1.0,567.8015751358108,617.7473351359914,1.0,561.1802269218092,621.7275012504917,1.0,523.8880708710329,617.2990965179663,1.0,1.0,2.216666666666667,568.4362636238671,350.29937734801604,False,552.7937842477427,381.9195314939232,False,527.2756826723185,378.8819563815529,False,558.9610866400801,430.5115002876637,False,541.1484709597322,424.0624673463566,False,582.1964009520252,412.7787383377678,False,575.1547721584915,402.8019508573131,False,554.3765327932975,453.3677414453463,False,531.1367505993361,464.68591795633154,False,609.0239210511688,443.08848198943485,False,550.1303663716225,534.7024744775946,False,606.9940647595866,518.5009724089795,False,533.2629661851126,607.5413307172062,False,True,75.05588187163939,77.80520988499515,151.78420466375738
134,134,2.2333333333333334,2.2333333333333334,Sports2D_HALPE26_postprocessed,568.5159952294782,350.46648986518574,1.0,553.9956944106605,381.5931797845786,1.0,527.4758402314804,378.4079256192229,1.0,562.0718521794577,429.5276800986052,1.0,541.7988479938207,423.9603095236756,1.0,583.2459265743748,411.01958113788254,1.0,574.9227617312237,400.5285814105805,1.0,554.076756763992,453.4303506951783,1.0,531.5585431076934,464.6559159000801,1.0,607.0408458434101,438.8096056623405,1.0,550.8463612444094,534.6087269214067,1.0,606.3310055767492,512.3150807509955,1.0,533.4250726298945,607.4735812068208,1.0,636.0064170742212,530.3324856555197,1.0,632.9195515616168,526.8152565183156,1.0,596.6470405849191,523.2287260840129,1.0,567.8336302672831,617.6128619809092,1.0,561.2632341704893,621.5669698835054,1.0,524.3001115016004,617.1502992403441,1.0,1.0,2.2333333333333334,568.5159952294782,350.46648986518574,False,553.9956944106605,381.5931797845786,False,527.4758402314804,378.4079256192229,False,562.0718521794577,429.5276800986052,False,541.7988479938207,423.9603095236756,False,583.2459265743748,411.01958113788254,False,574.9227617312237,400.5285814105805,False,554.076756763992,453.4303506951783,False,531.5585431076934,464.6559159000801,False,607.0408458434101,438.8096056623405,False,550.8463612444094,534.6087269214067,False,606.3310055767492,512.3150807509955,False,533.4250726298945,607.4735812068208,False,True,72.17923933673212,74.01453819050886,151.13863028521286
135,135,2.25,2.25,Sports2D_HALPE26_postprocessed,568.9315038589551,350.68597257900785,1.0,555.8934706110923,381.5066404199514,1.0,527.6503355081753,378.69599317643423,1.0,564.8172204014833,429.1676626067711,1.0,542.9659891329018,423.7896953023615,1.0,583.322214510191,410.4021312280937,1.0,574.5123946666102,399.4002162984737,1.0,555.0514584229563,453.5817279806474,1.0,531.8545474889627,465.1344375727037,1.0,605.8856732066656,434.6270020043795,1.0,551.4142954610911,534.3927864250217,1.0,605.7710859678642,509.087542647929,1.0,533.5826760994726,607.4823555060163,1.0,634.4339478470796,527.9745970321457,1.0,631.7351104986728,524.4951126691919,1.0,595.9055930843838,519.4960514189241,1.0,567.8213982310696,617.4894502563135,1.0,561.2897354411825,621.3195045860782,1.0,524.5022066278146,616.943808909051,1.0,1.0,2.25,568.9315038589551,350.68597257900785,False,555.8934706110923,381.5066404199514,False,527.6503355081753,378.69599317643423,False,564.8172204014833,429.1676626067711,False,542.9659891329018,423.7896953023615,False,583.322214510191,410.4021312280937,False,574.5123946666102,399.4002162984737,False,555.0514584229563,453.5817279806474,False,531.8545474889627,465.1344375727037,False,605.8856732066656,434.6270020043795,False,551.4142954610911,534.3927864250217,False,605.7710859678642,509.087542647929,False,533.5826760994726,607.4823555060163,False,True,71.05088191703422,69.46268077046123,150.51882547414817
136,136,2.2666666666666666,2.2666666666666666,Sports2D_HALPE26_postprocessed,569.5966434212488,351.322928428746,1.0,557.2025711710062,381.3469110177167,1.0,527.8192322047445,378.9870238842045,1.0,565.4620166155368,428.744810888768,1.0,543.6321329165919,423.8306318343936,1.0,583.5229922070992,410.6144833058895,1.0,574.2243986877259,398.60532257524585,1.0,555.6579742382528,454.2838905047991,1.0,531.7493776171127,465.94779269991386,1.0,604.9506320213534,431.7703509122075,1.0,551.8278592435537,534.0331061685533,1.0,604.1680808131694,506.01238857932606,1.0,533.7818209427835,607.4942176541595,1.0,632.526294146058,525.352204855345,1.0,630.0844218144739,521.8855424127654,1.0,594.2196101961247,515.9072555157253,1.0,567.7649944959078,617.4081092933351,1.0,561.261595978163,621.1448395214301,1.0,524.5860450913319,616.8288665846188,1.0,1.0,2.2666666666666666,569.5966434212488,351.322928428746,False,557.2025711710062,381.3469110177167,False,527.8192322047445,378.9870238842045,False,565.4620166155368,428.744810888768,False,543.6321329165919,423.8306318343936,False,583.5229922070992,410.6144833058895,False,574.2243986877259,398.60532257524585,False,555.6579742382528,454.2838905047991,False,531.7493776171127,465.94779269991386,False,604.9506320213534,431.7703509122075,False,551.8278592435537,534.0331061685533,False,604.1680808131694,506.01238857932606,False,533.7818209427835,607.4942176541595,False,True,69.916041852372,64.84839165105281,149.76745540490796
137,137,2.283333333333333,2.283333333333333,Sports2D_HALPE26_postprocessed,569.902861616889,351.84021368580613,1.0,557.552583002717,381.5804596722044,1.0,527.4537806317164,380.12821813154216,1.0,566.7019856677314,428.0494329772213,1.0,545.0965319253994,423.9701961041784,1.0,583.550034555408,408.6277822508589,1.0,574.9555627201352,398.33196935222776,1.0,555.6978203552798,453.7080233755525,1.0,531.7218667940247,465.80471714103993,1.0,604.8849465248935,430.41053143986375,1.0,552.143090112983,533.9671138726457,1.0,602.8816513357874,503.4484591659825,1.0,533.8818851626964,607.4714906001213,1.0,630.8102641927429,523.6825294523558,1.0,628.749663058827,520.2422485162034,1.0,592.6699424156194,512.860676196711,1.0,567.3629113598906,617.3042391888603,1.0,561.3167045184897,621.1469539417025,1.0,524.6657034835155,617.0952876354665,1.0,1.0,2.283333333333333,569.902861616889,351.84021368580613,False,557.552583002717,381.5804596722044,False,527.4537806317164,380.12821813154216,False,566.7019856677314,428.0494329772213,False,545.0965319253994,423.9701961041784,False,583.550034555408,408.6277822508589,False,574.9555627201352,398.33196935222776,False,555.6978203552798,453.7080233755525,False,531.7218667940247,465.80471714103993,False,604.8849465248935,430.41053143986375,False,552.143090112983,533.9671138726457,False,602.8816513357874,503.4484591659825,False,533.8818851626964,607.4714906001213,False,True,71.26990244687494,63.084292544093,149.3700363651943
138,138,2.3,2.3,Sports2D_HALPE26_postprocessed,570.0752400258918,352.29275501666274,1.0,557.5536133558866,382.28304333758,1.0,526.924735475872,381.1807545641128,1.0,567.8073987894977,427.2745932117384,1.0,545.4288556942219,424.2336199290546,1.0,584.3556082137738,406.2744342412595,1.0,575.0815460950981,397.7586992675236,1.0,555.1339322754758,453.5280072929688,1.0,531.733941654326,464.871482763187,1.0,604.771019998818,429.2998755169352,1.0,552.3627389343155,533.8203276061764,1.0,601.7001843200708,502.2471596717363,1.0,534.0449688048168,606.7113535421336,1.0,629.1111269679507,523.4516442264958,1.0,626.7873327261938,520.4714590923679,1.0,592.2700579745426,512.5490765864553,1.0,567.2949545671183,617.1456440159722,1.0,561.28058490115,621.0945432781372,1.0,524.9034852599815,617.0579664495276,1.0,1.0,2.3,570.0752400258918,352.29275501666274,False,557.5536133558866,382.28304333758,False,526.924735475872,381.1807545641128,False,567.8073987894977,427.2745932117384,False,545.4288556942219,424.2336199290546,False,584.3556082137738,406.2744342412595,False,575.0815460950981,397.7586992675236,False,555.1339322754758,453.5280072929688,False,531.733941654326,464.871482763187,False,604.771019998818,429.2998755169352,False,552.3627389343155,533.8203276061764,False,601.7001843200708,502.2471596717363,False,534.0449688048168,606.7113535421336,False,True,71.49847999076995,61.572209070075004,149.23683481947592
139,139,2.3166666666666664,2.3166666666666664,Sports2D_HALPE26_postprocessed,569.8945999424451,352.91396081541825,1.0,558.5941941369135,382.9172117219577,1.0,526.6251441103465,381.97505792698746,1.0,568.2218735419673,427.3752397777001,1.0,544.8426760134962,424.6475788517058,1.0,584.4257744361516,406.21537202621295,1.0,575.2561462853598,397.89589359133055,1.0,554.805096816148,454.3440938304103,1.0,531.7403127519752,464.879428016337,1.0,604.8476397667139,429.9210378980383,1.0,552.2732099530206,533.7611857649349,1.0,600.6410196739757,502.7789143430695,1.0,534.2136393701313,606.3948239228945,1.0,627.4318413592487,525.4325115184361,1.0,625.1716721321689,521.9890139570531,1.0,591.2253472915036,512.162736628957,1.0,567.2695076209911,617.0630440457292,1.0,561.1564939424047,621.1016235645209,1.0,525.0240892650191,617.0390154425588,1.0,1.0,2.3166666666666664,569.8945999424451,352.91396081541825,False,558.5941941369135,382.9172117219577,False,526.6251441103465,381.97505792698746,False,568.2218735419673,427.3752397777001,False,544.8426760134962,424.6475788517058,False,584.4257744361516,406.21537202621295,False,575.2561462853598,397.89589359133055,False,554.805096816148,454.3440938304103,False,531.7403127519752,464.879428016337,False,604.8476397667139,429.9210378980383,False,552.2732099530206,533.7611857649349,False,600.6410196739757,502.7789143430695,False,534.2136393701313,606.3948239228945,False,True,71.78349938961286,60.68106455534457,149.4384189550276
140,140,2.333333333333333,2.333333333333333,Sports2D_HALPE26_postprocessed,569.5323024019461,353.19769422993693,1.0,559.2819219213767,382.9331407488809,1.0,526.271884104378,382.7216695058963,1.0,568.8112861130344,427.43269666980416,1.0,544.1104616517528,425.269394824013,1.0,583.8343890854061,405.7160105516057,1.0,575.1205565845393,398.6319451254466,1.0,554.6321567302294,455.34338555371966,1.0,531.626351388081,465.0676260141746,1.0,605.539536336192,432.2761912330831,1.0,552.357035157009,533.6675468417909,1.0,601.2537819198707,503.9904656658474,1.0,534.1673625061735,606.3485270845472,1.0,625.5774102237452,528.644290567779,1.0,624.5187665685927,524.6900472427039,1.0,591.3670943049905,513.3507717639247,1.0,567.0253694823899,617.0271640830391,1.0,560.9525778492579,621.1692438352532,1.0,525.1155992713215,617.0543832801545,1.0,1.0,2.333333333333333,569.5323024019461,353.19769422993693,False,559.2819219213767,382.9331407488809,False,526.271884104378,382.7216695058963,False,568.8112861130344,427.43269666980416,False,544.1104616517528,425.269394824013,False,583.8343890854061,405.7160105516057,False,575.1205565845393,398.6319451254466,False,554.6321567302294,455.34338555371966,False,531.626351388081,465.0676260141746,False,605.539536336192,432.2761912330831,False,552.357035157009,533.6675468417909,False,601.2537819198707,503.9904656658474,False,534.1673625061735,606.3485270845472,False,True,72.08403317234699,62.20371382179962,149.13468872269863
141,141,2.35,2.35,Sports2D_HALPE26_postprocessed,570.1978309670205,353.6798198945301,1.0,559.9034915413557,383.4030917115941,1.0,526.2837045486299,383.00574117132805,1.0,569.1280827523468,427.8312368469736,1.0,544.0756835662364,425.8460962348148,1.0,584.1109465485622,406.6565909865354,1.0,574.7499548480341,398.8650740463828,1.0,554.9494430604279,455.6696035921958,1.0,531.5412223852338,465.4657756788538,1.0,605.8743805404245,434.98362073765753,1.0,552.5037820296749,533.6591620758184,1.0,601.6024505859501,507.31288845277606,1.0,534.1876840337982,606.4070178775398,1.0,624.5388214176917,533.0070178516706,1.0,624.004323916511,528.1087943625854,1.0,591.2374947577501,515.3000370447994,1.0,567.145164008994,617.4901632348142,1.0,560.8574677597437,621.2322923886271,1.0,525.1970795369714,616.9804524868396,1.0,1.0,2.35,570.1978309670205,353.6798198945301,False,559.9034915413557,383.4030917115941,False,526.2837045486299,383.00574117132805,False,569.1280827523468,427.8312368469736,False,544.0756835662364,425.8460962348148,False,584.1109465485622,406.6565909865354,False,574.7499548480341,398.8650740463828,False,554.9494430604279,455.6696035921958,False,531.5412223852338,465.4657756788538,False,605.8743805404245,434.98362073765753,False,552.5037820296749,533.6591620758184,False,601.6024505859501,507.31288845277606,False,534.1876840337982,606.4070178775398,False,True,71.21875659431791,64.51265525782426,148.7807128879236
142,142,2.3666666666666667,2.3666666666666667,Sports2D_HALPE26_postprocessed,570.5082965324799,353.98719528662554,1.0,560.1294886841423,383.7248127693576,1.0,526.3967627138671,383.6971082608139,1.0,568.9193540036579,428.41486759622063,1.0,543.8095667801549,426.64351146960456,1.0,584.0000120721525,406.1766912873504,1.0,574.6451933934211,399.60351414535296,1.0,555.2883907223901,455.8826532380229,1.0,531.4545336135207,466.1743070661208,1.0,606.1420961744159,438.2336814620559,1.0,552.656622454474,533.7601297105799,1.0,602.3392473429328,511.5145949160656,1.0,534.2210258468867,606.4379269652254,1.0,625.0347028278211,537.6875438296667,1.0,624.9890028445316,532.7568278974311,1.0,591.9233903278291,519.4534277919939,1.0,567.0682574159034,618.0415089151802,1.0,560.5754165109338,621.3980598883822,1.0,525.2337913723183,617.084086564626,1.0,1.0,2.3666666666666667,570.5082965324799,353.98719528662554,False,560.1294886841423,383.7248127693576,False,526.3967627138671,383.6971082608139,False,568.9193540036579,428.41486759622063,False,543.8095667801549,426.64351146960456,False,584.0000120721525,406.1766912873504,False,574.6451933934211,399.60351414535296,False,555.2883907223901,455.8826532380229,False,531.4545336135207,466.1743070661208,False,606.1420961744159,438.2336814620559,False,552.656622454474,533.7601297105799,False,602.3392473429328,511.5145949160656,False,534.2210258468867,606.4379269652254,False,True,70.82253404325213,67.88982500901537,148.34948902166926
143,143,2.3833333333333333,2.3833333333333333,Sports2D_HALPE26_postprocessed,570.7874947139085,354.3719904055145,1.0,560.3190160069996,384.1335483706807,1.0,526.4656110566332,384.5991241778663,1.0,568.6665082091196,429.1119423577477,1.0,543.4570367468783,427.3849540955355,1.0,584.1263272326539,406.9804701874742,1.0,574.4181768364582,401.3572618224753,1.0,555.9400751141784,456.1077085842528,1.0,531.2136599142839,466.2003676421307,1.0,606.7428596919588,443.5041539215215,1.0,552.7317689073408,533.4940658278734,1.0,603.9811063446011,515.6807607420881,1.0,534.1140871952177,606.6122636706326,1.0,625.4451285431919,542.2581025020744,1.0,625.4136661156197,537.3407813468823,1.0,593.5376763265605,523.1935583408599,1.0,566.9609077962444,618.4369173549776,1.0,560.0882031041915,621.7300065718857,1.0,525.071689187698,617.0368246028356,1.0,1.0,2.3833333333333333,570.7874947139085,354.3719904055145,False,560.3190160069996,384.1335483706807,False,526.4656110566332,384.5991241778663,False,568.6665082091196,429.1119423577477,False,543.4570367468783,427.3849540955355,False,584.1263272326539,406.9804701874742,False,574.4181768364582,401.3572618224753,False,555.9400751141784,456.1077085842528,False,531.2136599142839,466.2003676421307,False,606.7428596919588,443.5041539215215,False,552.7317689073408,533.4940658278734,False,603.9811063446011,515.6807607420881,False,534.1140871952177,606.6122636706326,False,True,71.60706824199148,73.87562833841584,147.98224274803457
144,144,2.4,2.4,Sports2D_HALPE26_postprocessed,571.3921337639424,354.9776107664761,1.0,560.7365331683587,384.33211008890055,1.0,526.4464985061927,385.28377317523024,1.0,568.4645568680552,429.4603461761433,1.0,542.9630669422103,429.26714632196536,1.0,584.2570734190175,407.1539900474809,1.0,573.5080284283299,403.1062072455696,1.0,555.8014299007591,456.62915293361937,1.0,530.5829626578409,466.3109639293894,1.0,608.717309982654,448.2033337260794,1.0,552.3909186842899,533.615082381259,1.0,605.4218685460053,521.6711173649015,1.0,534.0351116557903,606.6902605570504,1.0,627.1024790111328,547.9451050613837,1.0,626.6860747282865,542.6242420655348,1.0,594.940953746437,528.9088305697694,1.0,566.5271045301276,618.8050369484837,1.0,559.3472247704342,622.084559208634,1.0,524.8439751918722,616.9982143119475,1.0,1.0,2.4,571.3921337639424,354.9776107664761,False,560.7365331683587,384.33211008890055,False,526.4464985061927,385.28377317523024,False,568.4645568680552,429.4603461761433,False,542.9630669422103,429.26714632196536,False,584.2570734190175,407.1539900474809,False,573.5080284283299,403.1062072455696,False,555.8014299007591,456.62915293361937,False,530.5829626578409,466.3109639293894,False,608.717309982654,448.2033337260794,False,552.3909186842899,533.615082381259,False,605.4218685460053,521.6711173649015,False,534.0351116557903,606.6902605570504,False,True,70.00291687369737,78.38440489670555,147.94614457285329
145,145,2.4166666666666665,2.4166666666666665,Sports2D_HALPE26_postprocessed,571.4142677383691,355.7643636418113,1.0,561.6252980151064,384.944848993164,1.0,526.482684683523,386.4226108489104,1.0,568.0594248964313,430.0641250921352,1.0,542.2682868238439,431.3865254521626,1.0,583.6399991029471,407.750938682706,1.0,572.7356115757736,403.6530638999114,1.0,555.8403243931348,458.8335493884373,1.0,529.7938989197281,467.8933745640495,1.0,609.9737935811024,454.7967311726807,1.0,552.3559774838344,533.77693748384,1.0,607.8591309120497,527.4153320281092,1.0,533.9636778711262,606.5057042324215,1.0,629.027415520544,557.1373901736721,1.0,629.0273406473137,552.625796913382,1.0,596.8913400820759,531.2417549037809,1.0,565.6017459320022,618.9648108438439,1.0,558.4269555234085,622.0745035747585,1.0,524.709938214809,616.8565520419614,1.0,1.0,2.4166666666666665,571.4142677383691,355.7643636418113,False,561.6252980151064,384.944848993164,False,526.482684683523,386.4226108489104,False,568.0594248964313,430.0641250921352,False,542.2682868238439,431.3865254521626,False,583.6399991029471,407.750938682706,False,572.7356115757736,403.6530638999114,False,555.8403243931348,458.8335493884373,False,529.7938989197281,467.8933745640495,False,609.9737935811024,454.7967311726807,False,552.3559774838344,533.77693748384,False,607.8591309120497,527.4153320281092,False,533.9636778711262,606.5057042324215,False,True,67.03415638373437,84.06726808137029,146.9041117330489
146,146,2.433333333333333,2.433333333333333,Sports2D_HALPE26_postprocessed,571.0777162371464,357.0021139207229,1.0,562.540818324134,385.59698954124025,1.0,526.6895621447352,387.5137626629681,1.0,567.8485653284883,430.889092574488,1.0,540.2534461186781,432.8652317805578,1.0,583.4308465201526,408.6629131180701,1.0,571.7643212643991,405.27409898594505,1.0,556.2199294454624,460.3053644382986,1.0,529.683485077953,469.5907549194656,1.0,610.0074312387665,461.9245145788497,1.0,553.0554084825928,533.5613421668211,1.0,611.4451243056532,535.7573729050239,1.0,533.8479236483868,606.3714079969911,1.0,632.3824998902526,564.1711420775435,1.0,632.8476436933512,559.2574576906411,1.0,599.9813261242962,540.9881232931784,1.0,565.5857936509096,618.7161891643328,1.0,558.1182714271292,621.9021815123583,1.0,524.7652504055985,616.8415416772084,1.0,1.0,2.433333333333333,571.0777162371464,357.0021139207229,False,562.540818324134,385.59698954124025,False,526.6895621447352,387.5137626629681,False,567.8485653284883,430.889092574488,False,540.2534461186781,432.8652317805578,False,583.4308465201526,408.6629131180701,False,571.7643212643991,405.27409898594505,False,556.2199294454624,460.3053644382986,False,529.683485077953,469.5907549194656,False,610.0074312387665,461.9245145788497,False,553.0554084825928,533.5613421668211,False,611.4451243056532,535.7573729050239,False,533.8479236483868,606.3714079969911,False,True,65.44545897409321,92.83977583956676,145.15190708772315
147,147,2.45,2.45,Sports2D_HALPE26_postprocessed,570.6942345083005,358.11089752031364,1.0,562.6373299355715,386.27035763806697,1.0,527.192516170672,387.782528642254,1.0,566.9038488606931,431.5348474622569,1.0,539.0996965797858,434.0992705491748,1.0,583.3150738058083,409.94941380505537,1.0,571.1108413010884,408.3751627419802,1.0,556.5156791932786,461.55853777449545,1.0,529.5145566973786,470.4688567592044,1.0,610.6834850773791,469.7222362491671,1.0,553.205183801505,533.5700531518294,1.0,616.3127970380244,544.1502619806743,1.0,533.9723197704988,606.3687227121804,1.0,638.168393530495,571.836827800188,1.0,638.6579689028147,566.4459293990913,1.0,605.3929811954717,550.9773893982385,1.0,565.5576111261519,618.7031969797539,1.0,558.5681700521513,622.0378083233526,1.0,524.9025653853543,616.8118327305921,1.0,1.0,2.45,570.6942345083005,358.11089752031364,False,562.6373299355715,386.27035763806697,False,527.192516170672,387.782528642254,False,566.9038488606931,431.5348474622569,False,539.0996965797858,434.0992705491748,False,583.3150738058083,409.94941380505537,False,571.1108413010884,408.3751627419802,False,556.5156791932786,461.55853777449545,False,529.5145566973786,470.4688567592044,False,610.6834850773791,469.7222362491671,False,553.205183801505,533.5700531518294,False,616.3127970380244,544.1502619806743,False,533.9723197704988,606.3687227121804,False,True,65.63217250802671,102.89590839801338,144.62293537142605
148,148,2.466666666666667,2.466666666666667,Sports2D_HALPE26_postprocessed,570.6945681768055,358.72795958182905,1.0,562.9925720285261,387.5445046739909,1.0,528.1376755113556,388.2113439287701,1.0,565.2473264222767,431.8859819403175,1.0,537.2246031773607,435.8370617595532,1.0,583.1425761374636,412.17249767671655,1.0,570.7085824013282,411.47855790554735,1.0,556.4625388969124,463.3326244581373,1.0,528.9189867386245,471.71192064100586,1.0,609.9937827180454,477.0834282261178,1.0,553.3874222237456,533.6595316354046,1.0,618.8722311935308,552.7904054488071,1.0,534.2640514758056,606.4296226927559,1.0,643.3130111451969,578.4335280104295,1.0,644.0761708506924,573.4998128249139,1.0,610.2913127796392,560.1222514104326,1.0,565.5459720424874,618.6185163762283,1.0,558.7383904953809,622.0752456788774,1.0,525.0649854425495,616.8248200211794,1.0,1.0,2.466666666666667,570.6945681768055,358.72795958182905,False,562.9925720285261,387.5445046739909,False,528.1376755113556,388.2113439287701,False,565.2473264222767,431.8859819403175,False,537.2246031773607,435.8370617595532,False,583.1425761374636,412.17249767671655,False,570.7085824013282,411.47855790554735,False,556.4625388969124,463.3326244581373,False,528.9189867386245,471.71192064100586,False,609.9937827180454,477.0834282261178,False,553.3874222237456,533.6595316354046,False,618.8722311935308,552.7904054488071,False,534.2640514758056,606.4296226927559,False,True,64.76746274418628,111.09508669932735,143.72274210158199
149,149,2.4833333333333334,2.4833333333333334,Sports2D_HALPE26_postprocessed,571.1994481702812,360.45850768998736,1.0,565.1335367189486,388.4503533151703,1.0,528.3048475703426,389.3742717761577,1.0,565.5635360763673,430.475227753141,1.0,534.3921797852491,437.2105033580787,1.0,583.6191635757008,414.4633653226541,1.0,571.1495445812956,415.5500919535439,1.0,556.6790925379071,465.9022698948844,1.0,528.4517083894855,473.2484982992575,1.0,609.7323402101665,486.4237164745182,1.0,554.02248999725,533.783107132852,1.0,621.6538895558283,560.704036100068,1.0,534.2170826689634,606.4698933780851,1.0,646.0957316627655,584.1371871414467,1.0,647.6067199802201,579.2748254596842,1.0,614.2551448581871,567.1353106859112,1.0,565.4561539421874,618.2312529762048,1.0,558.8127451240115,621.8846177702026,1.0,524.9902750460774,616.8720484448613,1.0,1.0,2.4833333333333334,571.1994481702812,360.45850768998736,False,565.1335367189486,388.4503533151703,False,528.3048475703426,389.3742717761577,False,565.5635360763673,430.475227753141,False,534.3921797852491,437.2105033580787,False,583.6191635757008,414.4633653226541,False,571.1495445812956,415.5500919535439,False,556.6790925379071,465.9022698948844,False,528.4517083894855,473.2484982992575,False,609.7323402101665,486.4237164745182,False,554.02248999725,533.783107132852,False,621.6538895558283,560.704036100068,False,534.2170826689634,606.4698933780851,False,True,66.74208481063772,120.26476862952399,141.8583111977873
150,150,2.5,2.5,Sports2D_HALPE26_postprocessed,571.991574960691,360.8588567188468,1.0,565.109309918008,390.1321512650733,1.0,528.762686819305,390.7690725946904,1.0,564.8687977300953,430.1168620951465,1.0,532.7273809134236,437.9669591306426,1.0,583.1762193867107,419.0681212001017,1.0,571.1404028656817,420.7560870848484,1.0,557.0894053786985,467.87218853552935,1.0,528.1331837626113,474.188771428504,1.0,608.3234302397456,493.2678117639695,1.0,554.2123769722506,534.0735440118303,1.0,623.644534795949,567.5254367024353,1.0,534.0825865972213,606.3824240775508,1.0,651.1601706140507,588.3959749339991,1.0,650.8843020259435,583.9986925597559,1.0,616.3622829205684,576.2002841606167,1.0,565.404241080072,617.8011829743496,1.0,558.571688277596,621.6319182036262,1.0,524.8496046459069,617.0618565107025,1.0,1.0,2.5,571.991574960691,360.8588567188468,False,565.109309918008,390.1321512650733,False,528.762686819305,390.7690725946904,False,564.8687977300953,430.1168620951465,False,532.7273809134236,437.9669591306426,False,583.1762193867107,419.0681212001017,False,571.1404028656817,420.7560870848484,False,557.0894053786985,467.87218853552935,False,528.1331837626113,474.188771428504,False,608.3234302397456,493.2678117639695,False,554.2123769722506,534.0735440118303,False,623.644534795949,567.5254367024353,False,534.0825865972213,606.3824240775508,False,True,70.66699662237514,128.02453116124155,140.91091160333133
151,151,2.5166666666666666,2.5166666666666666,Sports2D_HALPE26_postprocessed,572.6061541014506,362.8399625222701,1.0,566.2710145503592,390.1059479261332,1.0,528.7980421360257,392.3039930846489,1.0,565.3214418792395,430.4587439343837,1.0,530.2696354127639,439.1398880711275,1.0,583.2532284991853,422.6451768894535,1.0,570.0059189563688,427.89052385254206,1.0,557.3852623024459,469.00827085323823,1.0,528.2171779200116,474.3667148039071,1.0,607.208944008799,501.3919318725576,1.0,554.7190632065278,534.186762217271,1.0,625.2733736596605,574.1627298530618,1.0,533.8812620339423,606.3787931849549,1.0,653.1486708991151,593.0741563711684,1.0,654.091050146271,588.2658036835176,1.0,618.0098428340111,582.8828650618717,1.0,565.3901307800179,617.6435686008995,1.0,558.2874650523376,621.4612232436732,1.0,524.6862803477327,617.2117801086855,1.0,1.0,2.5166666666666666,572.6061541014506,362.8399625222701,False,566.2710145503592,390.1059479261332,False,528.7980421360257,392.3039930846489,False,565.3214418792395,430.4587439343837,False,530.2696354127639,439.1398880711275,False,583.2532284991853,422.6451768894535,False,570.0059189563688,427.89052385254206,False,557.3852623024459,469.00827085323823,False,528.2171779200116,474.3667148039071,False,607.208944008799,501.3919318725576,False,554.7190632065278,534.186762217271,False,625.2733736596605,574.1627298530618,False,533.8812620339423,606.3787931849549,False,True,75.99280540571363,136.9636194320375,140.00490247331956
152,152,2.533333333333333,2.533333333333333,Sports2D_HALPE26_postprocessed,573.572771011727,363.77013074016,1.0,566.6673185608975,391.442854617882,1.0,529.2679316935282,393.42932148035766,1.0,565.2562902129555,430.51108819298094,1.0,526.6985763955097,439.93011034618416,1.0,583.8830357578555,427.21481348579823,1.0,569.5786484728641,434.0689035737272,1.0,557.0957481826239,469.9448400282246,1.0,527.9893678831922,474.7084383068831,1.0,605.8146066013518,508.3169152666836,1.0,555.4896297962365,535.0616184990165,1.0,627.7567410380664,578.1669256087469,1.0,534.0077691720376,606.2525870861605,1.0,654.9686738642778,598.1808611838519,1.0,656.4108832630837,593.368731058544,1.0,620.1325537526945,587.6883434856275,1.0,565.3721553557044,617.590428137755,1.0,558.1962334085797,621.2132326822285,1.0,524.8164177567618,617.0306362003611,1.0,1.0,2.533333333333333,573.572771011727,363.77013074016,False,566.6673185608975,391.442854617882,False,529.2679316935282,393.42932148035766,False,565.2562902129555,430.51108819298094,False,526.6985763955097,439.93011034618416,False,583.8830357578555,427.21481348579823,False,569.5786484728641,434.0689035737272,False,557.0957481826239,469.9448400282246,False,527.9893678831922,474.7084383068831,False,605.8146066013518,508.3169152666836,False,555.4896297962365,535.0616184990165,False,627.7567410380664,578.1669256087469,False,534.0077691720376,606.2525870861605,False,True,79.05396306872355,145.66394923582513,138.7121761591709
153,153,2.55,2.55,Sports2D_HALPE26_postprocessed,573.7262098747983,364.1046088427933,1.0,567.1627405906739,392.165982739558,1.0,530.6377844113516,394.4791499694626,1.0,565.0992676326755,428.5790767492872,1.0,524.7290450314155,441.2154803647245,1.0,583.823578146058,429.5212603013698,1.0,569.0457478765662,441.2851084372375,1.0,556.8175804995235,470.8256311375055,1.0,528.0265611587109,474.6637332182908,1.0,603.2351977745756,514.2753233387873,1.0,556.0937573611437,535.4813257893601,1.0,628.9374473219716,582.4928715284219,1.0,534.3101010533918,605.843708093258,1.0,654.7616815513235,601.6526271064794,1.0,656.6694969748496,596.4070316411639,1.0,621.2984244469858,591.5612464346102,1.0,565.5606140950496,617.401690722357,1.0,558.4792391201195,621.0769670276628,1.0,524.9369183856292,616.8255410724893,1.0,1.0,2.55,573.7262098747983,364.1046088427933,False,567.1627405906739,392.165982739558,False,530.6377844113516,394.4791499694626,False,565.0992676326755,428.5790767492872,False,524.7290450314155,441.2154803647245,False,583.823578146058,429.5212603013698,False,569.0457478765662,441.2851084372375,False,556.8175804995235,470.8256311375055,False,528.0265611587109,474.6637332182908,False,603.2351977745756,514.2753233387873,False,556.0937573611437,535.4813257893601,False,628.9374473219716,582.4928715284219,False,534.3101010533918,605.843708093258,False,True,82.88450822683288,153.75330589663844,138.02464585739978
154,154,2.5666666666666664,2.5666666666666664,Sports2D_HALPE26_postprocessed,573.774432750147,365.9274155944093,1.0,567.8983047562177,394.0268808872619,1.0,532.431825579086,395.548100780566,1.0,565.7103554766106,430.7306700416906,1.0,523.758464459147,442.13143133015205,1.0,583.8897578847942,437.5815987215956,1.0,567.1005472822726,451.1893486653507,1.0,556.8319014467421,472.9475301956924,1.0,528.2963380853878,475.3812507573492,1.0,601.2088983586881,519.1441807296754,1.0,557.27720549452,535.9697913234453,1.0,628.1281858504504,586.7380782300728,1.0,534.4307352854362,605.3983237369122,1.0,654.2018146365542,606.4053605605184,1.0,656.5928164959382,601.1807664888886,1.0,620.0564931754882,595.8259339030334,1.0,565.6536187385581,617.5588697412429,1.0,558.8025478182789,621.1898273303947,1.0,524.9808502344624,616.6589086912545,1.0,1.0,2.5666666666666664,573.774432750147,365.9274155944093,False,567.8983047562177,394.0268808872619,False,532.431825579086,395.548100780566,False,565.7103554766106,430.7306700416906,False,523.758464459147,442.13143133015205,False,583.8897578847942,437.5815987215956,False,567.1005472822726,451.1893486653507,False,556.8319014467421,472.9475301956924,False,528.2963380853878,475.3812507573492,False,601.2088983586881,519.1441807296754,False,557.27720549452,535.9697913234453,False,628.1281858504504,586.7380782300728,False,534.4307352854362,605.3983237369122,False,True,91.2570176647999,157.86586854637858,136.222613285891
155,155,2.583333333333333,2.583333333333333,Sports2D_HALPE26_postprocessed,575.2800638843182,366.1686009165832,1.0,568.7261423186607,395.896908031223,1.0,533.6656787204098,397.375845817203,1.0,568.6649117403813,434.4217576598278,1.0,522.2499385476754,443.0624205089704,1.0,586.9035585572526,448.536338900446,1.0,563.8001070831888,460.2062092344659,1.0,556.6789870250527,475.5293965839928,1.0,528.4419850078624,477.35361897072914,1.0,599.766290274154,522.2223108655968,1.0,558.7460352053218,535.9328187317535,1.0,626.6081610146364,590.5190916223489,1.0,534.3472850047509,605.7559149834882,1.0,651.8363256201957,611.2311690624052,1.0,655.037173609386,606.3864679123344,1.0,618.1052414846173,600.364911494838,1.0,565.555905435515,618.0026040807311,1.0,558.7210565840084,621.4496105189797,1.0,524.8954131565363,616.9169999306894,1.0,1.0,2.583333333333333,575.2800638843182,366.1686009165832,False,568.7261423186607,395.896908031223,False,533.6656787204098,397.375845817203,False,568.6649117403813,434.4217576598278,False,522.2499385476754,443.0624205089704,False,586.9035585572526,448.536338900446,False,563.8001070831888,460.2062092344659,False,556.6789870250527,475.5293965839928,False,528.4419850078624,477.35361897072914,False,599.766290274154,522.2223108655968,False,558.7460352053218,535.9328187317535,False,626.6081610146364,590.5190916223489,False,534.3472850047509,605.7559149834882,False,True,98.39199150633479,158.75551139585298,133.38539253251852
156,156,2.6,2.6,Sports2D_HALPE26_postprocessed,576.2276082066483,366.63843897882987,1.0,568.9107267926645,397.09987424188,1.0,535.2689694135283,399.4321195933078,1.0,569.7514351173616,433.1174392105178,1.0,520.9004433065845,444.79241374935066,1.0,590.3292154915284,451.1737213628634,1.0,558.1729894584214,468.9738115579167,1.0,556.778640392113,477.0920942677594,1.0,528.418311212116,478.54304439903433,1.0,599.351430897933,525.1453405664744,1.0,560.2123756316223,536.6355320606084,1.0,623.9439884029777,592.9252229470479,1.0,534.4066133182002,606.0595935688993,1.0,650.1527025908654,614.0654578739109,1.0,652.1244098065788,609.0196264352323,1.0,615.4384139285905,601.9425860557144,1.0,565.4841519391663,618.26470677959,1.0,558.3190841379454,621.5900077837849,1.0,524.7789840489597,617.2652117183682,1.0,1.0,2.6,576.2276082066483,366.63843897882987,False,568.9107267926645,397.09987424188,False,535.2689694135283,399.4321195933078,False,569.7514351173616,433.1174392105178,False,520.9004433065845,444.79241374935066,False,590.3292154915284,451.1737213628634,False,558.1729894584214,468.9738115579167,False,556.778640392113,477.0920942677594,False,528.418311212116,478.54304439903433,False,599.351430897933,525.1453405664744,False,560.2123756316223,536.6355320606084,False,623.9439884029777,592.9252229470479,False,534.4066133182002,606.0595935688993,False,True,105.3980450353108,158.40292821793037,130.91736888272843
157,157,2.6166666666666667,2.6166666666666667,Sports2D_HALPE26_postprocessed,576.671203112243,368.940060110159,1.0,569.453829013539,398.7284562295296,1.0,536.0353081164297,401.97932264495023,1.0,572.0875026122436,432.1769895984534,1.0,520.323429010721,447.29462032122086,1.0,593.3879390602677,455.0525584555769,1.0,550.4884735683793,483.2008935765869,1.0,557.5092955797876,479.9302926887977,1.0,528.583073193851,482.15479621909947,1.0,598.9416393664562,527.9055000429262,1.0,561.0258132197363,537.8808507240273,1.0,621.2223153746589,594.8961728425281,1.0,534.328543596497,606.1106160541004,1.0,647.2139021852417,616.2238173664647,1.0,649.0318972277286,611.6585052610012,1.0,612.0791866192438,604.4236988413923,1.0,565.3369469176132,618.3079398401894,1.0,558.3140220656878,621.5281140105669,1.0,524.5939418759999,617.6072046072256,1.0,1.0,2.6166666666666667,576.671203112243,368.940060110159,False,569.453829013539,398.7284562295296,False,536.0353081164297,401.97932264495023,False,572.0875026122436,432.1769895984534,False,520.323429010721,447.29462032122086,False,593.3879390602677,455.0525584555769,False,550.4884735683793,483.2008935765869,False,557.5092955797876,479.9302926887977,False,528.583073193851,482.15479621909947,False,598.9416393664562,527.9055000429262,False,561.0258132197363,537.8808507240273,False,621.2223153746589,594.8961728425281,False,534.328543596497,606.1106160541004,False,True,120.84357532982352,157.58225692094342,128.42312918213764
158,158,2.6333333333333333,2.6333333333333333,Sports2D_HALPE26_postprocessed,578.6758502044397,370.7563139861722,1.0,569.9978564612345,400.2976000610949,1.0,537.8975561708806,404.4691026945411,1.0,574.480532531042,431.647323588764,1.0,520.9128968814118,449.5695642476833,1.0,597.0295668235924,457.47041753727217,1.0,542.8900683208436,490.05671571251554,1.0,557.852817308124,481.38989426487217,1.0,529.8855657165286,484.0539128058265,1.0,597.7732278736186,529.2154251789983,1.0,561.9593367646357,539.1481170901322,1.0,618.3944744025749,596.089998154566,1.0,534.5425539365045,605.7764042130199,1.0,644.434598403016,617.1150848661982,1.0,645.8164316211784,612.5891282941081,1.0,609.6815399729797,606.7350735354514,1.0,565.2591763816081,618.2507855963057,1.0,558.4231255316955,621.6703848287863,1.0,524.5976703125593,617.2587109274893,1.0,1.0,2.6333333333333333,578.6758502044397,370.7563139861722,False,569.9978564612345,400.2976000610949,False,537.8975561708806,404.4691026945411,False,574.480532531042,431.647323588764,False,520.9128968814118,449.5695642476833,False,597.0295668235924,457.47041753727217,False,542.8900683208436,490.05671571251554,False,557.852817308124,481.38989426487217,False,529.8855657165286,484.0539128058265,False,597.7732278736186,529.2154251789983,False,561.9593367646357,539.1481170901322,False,618.3944744025749,596.089998154566,False,534.5425539365045,605.7764042130199,False,True,130.86989543264585,157.28545278383936,127.42703816083704
159,159,2.65,2.65,Sports2D_HALPE26_postprocessed,580.2583741445928,372.624514916678,1.0,571.0147830199182,401.5330156807044,1.0,539.5696098302885,406.67556453510986,1.0,577.3024827318286,431.7114177749349,1.0,521.4543497310555,451.0518788449108,1.0,599.9117989009122,458.6310664173218,1.0,532.7887955622375,495.8727430204528,1.0,558.4593155719942,479.6836031131423,1.0,533.2739786534079,482.10244975398473,1.0,598.0149412577964,530.3551646169851,1.0,563.1230203906425,540.3026084013109,1.0,615.1688700696162,598.0485072040734,1.0,534.6957589571005,606.0676684121864,1.0,643.1212337469874,616.4874749444714,1.0,644.5410353250732,612.4099698744848,1.0,606.1628214735289,608.0665268050203,1.0,565.2103000281255,618.1870744281039,1.0,557.9309455237011,621.549760336315,1.0,524.6119338004424,616.7220115441364,1.0,1.0,2.65,580.2583741445928,372.624514916678,False,571.0147830199182,401.5330156807044,False,539.5696098302885,406.67556453510986,False,577.3024827318286,431.7114177749349,False,521.4543497310555,451.0518788449108,False,599.9117989009122,458.6310664173218,False,532.7887955622375,495.8727430204528,False,558.4593155719942,479.6836031131423,False,533.2739786534079,482.10244975398473,False,598.0149412577964,530.3551646169851,False,563.1230203906425,540.3026084013109,False,615.1688700696162,598.0485072040734,False,534.6957589571005,606.0676684121864,False,True,143.6021599218956,156.24320403154516,129.47148550503732
160,160,2.6666666666666665,2.6666666666666665,Sports2D_HALPE26_postprocessed,582.2738151282714,375.5194172322288,1.0,573.1120244418379,402.36925188486566,1.0,539.8861381386653,409.6805847162578,1.0,581.5154695616822,430.7759473536332,1.0,522.9113021086685,453.2239193668584,1.0,602.3001946809352,459.9796237591559,1.0,522.0874979102516,499.7911812410716,1.0,560.2365814778964,484.5737755075271,1.0,536.3171182675023,486.8105718435745,1.0,597.8849190048238,531.4947351256119,1.0,564.3109768449426,541.5726211253398,1.0,610.8702631647242,597.795743850498,1.0,535.7899706419312,606.0547003650345,1.0,639.3411246496396,615.6079712393496,1.0,638.8537219221018,611.8726746780791,1.0,602.2822885572216,608.4230777965355,1.0,564.698077988063,618.2776779926294,1.0,557.7148883133962,621.4841070673742,1.0,524.9530630645565,616.7682427785039,1.0,1.0,2.6666666666666665,582.2738151282714,375.5194172322288,False,573.1120244418379,402.36925188486566,False,539.8861381386653,409.6805847162578,False,581.5154695616822,430.7759473536332,False,522.9113021086685,453.2239193668584,False,602.3001946809352,459.9796237591559,False,522.0874979102516,499.7911812410716,False,560.2365814778964,484.5737755075271,False,536.3171182675023,486.8105718435745,False,597.8849190048238,531.4947351256119,False,564.3109768449426,541.5726211253398,False,610.8702631647242,597.795743850498,False,535.7899706419312,606.0547003650345,False,True,159.71577801135447,152.33857684938056,129.0640579227795
161,161,2.683333333333333,2.683333333333333,Sports2D_HALPE26_postprocessed,582.8861462429106,377.1529011698382,1.0,574.6806362114772,404.03542415044296,1.0,540.349676516285,414.01844339701466,1.0,586.411448874805,432.2529794916718,1.0,522.8265366035387,460.10160288874215,1.0,605.8383244491482,460.9033480672687,1.0,515.5363551355795,505.6606918587883,1.0,561.054336567707,487.54010908703566,1.0,536.5843379778386,489.7640552262175,1.0,598.1132692031324,533.3229091276216,1.0,565.8071715788329,541.859953868209,1.0,606.9365661088932,599.5351741278017,1.0,535.8148630997991,606.1735797728162,1.0,636.238108933057,615.8051237712084,1.0,635.6981868615909,611.7045546744916,1.0,598.8209950086235,608.6451903794155,1.0,564.8146713939299,618.7198403615857,1.0,557.9671346852344,621.3607154180377,1.0,525.3021004445599,616.4856066120046,1.0,1.0,2.683333333333333,582.8861462429106,377.1529011698382,False,574.6806362114772,404.03542415044296,False,540.349676516285,414.01844339701466,False,586.411448874805,432.2529794916718,False,522.8265366035387,460.10160288874215,False,605.8383244491482,460.9033480672687,False,515.5363551355795,505.6606918587883,False,561.054336567707,487.54010908703566,False,536.5843379778386,489.7640552262175,False,598.1132692031324,533.3229091276216,False,565.8071715788329,541.859953868209,False,606.9365661088932,599.5351741278017,False,535.8148630997991,606.1735797728162,False,True,168.27184202736578,148.60191457835663,125.70831986729745
162,162,2.7,2.7,Sports2D_HALPE26_postprocessed,584.2347602397367,379.5829961670808,1.0,575.8948850694272,406.2162416533342,1.0,541.4896666099047,418.267009438017,1.0,589.1026465442975,431.8078822894964,1.0,522.7766664193499,459.9674472682576,1.0,608.4504957900473,457.7119575221228,1.0,508.0904903826704,500.39002962943937,1.0,560.5881814957951,490.6264774077502,1.0,535.4011602187405,492.420320757664,1.0,597.9987433852125,534.2108300273685,1.0,566.7922508790075,542.9160607658459,1.0,604.5778018919411,599.9080798078868,1.0,535.7943684774226,606.2998695574701,1.0,634.3229100872595,615.7463586439604,1.0,633.8602018717243,611.3084737561865,1.0,596.0604953102487,607.9153036410595,1.0,564.5958958537459,619.1222597744427,1.0,557.649001495909,621.2555503239089,1.0,526.0363889376922,616.3486776923168,1.0,1.0,2.7,584.2347602397367,379.5829961670808,False,575.8948850694272,406.2162416533342,False,541.4896666099047,418.267009438017,False,589.1026465442975,431.8078822894964,False,522.7766664193499,459.9674472682576,False,608.4504957900473,457.7119575221228,False,508.0904903826704,500.39002962943937,False,560.5881814957951,490.6264774077502,False,535.4011602187405,492.420320757664,False,597.9987433852125,534.2108300273685,False,566.7922508790075,542.9160607658459,False,604.5778018919411,599.9080798078868,False,535.7943684774226,606.2998695574701,False,True,175.79882255045004,145.07756123119145,122.07154329963228
163,163,2.716666666666667,2.716666666666667,Sports2D_HALPE26_postprocessed,585.5577738923841,382.8178406332548,1.0,577.436282372274,409.49036996155775,1.0,543.2751989012113,421.0089766326189,1.0,591.2519868150133,429.6504695867158,1.0,522.1216673844638,459.9793014183386,1.0,609.5446861579818,453.4744296962915,1.0,503.72003082130095,497.0397449584594,1.0,560.2603161248792,493.5121253985245,1.0,534.0721442089831,494.9253327592069,1.0,598.5570506611257,535.3542880479164,1.0,567.9990845722691,543.9191513210011,1.0,602.567372928096,599.3583259751213,1.0,536.4916142446485,606.0328197434866,1.0,630.5352770381094,615.4903240973936,1.0,630.4444736572989,611.0093981203814,1.0,592.5069648511393,607.3523006242688,1.0,564.189658319358,619.146268679611,1.0,557.5135386448594,621.2893886808748,1.0,526.1723295795571,616.4060365602015,1.0,1.0,2.716666666666667,585.5577738923841,382.8178406332548,False,577.436282372274,409.49036996155775,False,543.2751989012113,421.0089766326189,False,591.2519868150133,429.6504695867158,False,522.1216673844638,459.9793014183386,False,609.5446861579818,453.4744296962915,False,503.72003082130095,497.0397449584594,False,560.2603161248792,493.5121253985245,False,534.0721442089831,494.9253327592069,False,598.5570506611257,535.3542880479164,False,567.9990845722691,543.9191513210011,False,602.567372928096,599.3583259751213,False,536.4916142446485,606.0328197434866,False,True,177.9121869153051,141.1184866862081,118.40177862857462
164,164,2.7333333333333334,2.7333333333333334,Sports2D_HALPE26_postprocessed,586.7874742926434,386.8636906185194,1.0,580.14946453017,411.7556096348976,1.0,544.8038516032323,422.057191022168,1.0,592.9245580568869,427.4917224446811,1.0,519.2876607640635,458.0691655651624,1.0,608.6557172599854,449.3916262015098,1.0,499.5151640752077,494.669306013454,1.0,560.4170370538618,495.6024041703104,1.0,533.6730119953068,497.45148536235695,1.0,598.8177728795795,536.7174758206997,1.0,570.039849386432,544.5248686753606,1.0,599.8820285276767,598.876670020919,1.0,536.5189345245547,606.1638637329819,1.0,628.2272079284762,614.8931427896616,1.0,627.414054555318,610.1251616473203,1.0,589.4833815079463,606.1884328512161,1.0,564.1264301442395,619.3793002727791,1.0,557.7070466029768,621.3811270214194,1.0,526.4306118894109,616.1605633785435,1.0,1.0,2.7333333333333334,586.7874742926434,386.8636906185194,False,580.14946453017,411.7556096348976,False,544.8038516032323,422.057191022168,False,592.9245580568869,427.4917224446811,False,519.2876607640635,458.0691655651624,False,608.6557172599854,449.3916262015098,False,499.5151640752077,494.669306013454,False,560.4170370538618,495.6024041703104,False,533.6730119953068,497.45148536235695,False,598.8177728795795,536.7174758206997,False,570.039849386432,544.5248686753606,False,599.8820285276767,598.876670020919,False,536.5189345245547,606.1638637329819,False,True,173.05987178568768,137.93596929637457,113.77337826423471
165,165,2.75,2.75,Sports2D_HALPE26_postprocessed,588.189470976984,389.9516548093275,1.0,582.1060115584763,414.1471586083214,1.0,546.1006935293912,424.5446790845626,1.0,595.1483712252741,426.8036984807743,1.0,516.5305631849585,456.3990179640857,1.0,609.1930211339297,445.20680352897176,1.0,497.965413376217,490.8710835132031,1.0,561.1296790828526,497.2822599857955,1.0,533.7066513255253,499.7101837309274,1.0,598.4914136747972,538.0648032826206,1.0,570.8315987566422,546.4865399824682,1.0,598.3619557196048,598.5271252093661,1.0,536.1321257371612,606.1169748229066,1.0,625.3220967241041,613.6714115452401,1.0,624.8624810671358,607.7717217612125,1.0,588.7610230476016,603.6853542734839,1.0,564.3069989871241,619.4665481920563,1.0,557.2980823651243,621.0886068503992,1.0,526.6937569767124,616.0692287437341,1.0,1.0,2.75,588.189470976984,389.9516548093275,False,582.1060115584763,414.1471586083214,False,546.1006935293912,424.5446790845626,False,595.1483712252741,426.8036984807743,False,516.5305631849585,456.3990179640857,False,609.1930211339297,445.20680352897176,False,497.965413376217,490.8710835132031,False,561.1296790828526,497.2822599857955,False,533.7066513255253,499.7101837309274,False,598.4914136747972,538.0648032826206,False,570.8315987566422,546.4865399824682,False,598.3619557196048,598.5271252093661,False,536.1321257371612,606.1169748229066,False,True,165.43465936197813,137.38387617259542,111.36655533342952
166,166,2.7666666666666666,2.7666666666666666,Sports2D_HALPE26_postprocessed,590.5153323664671,393.8860109442665,1.0,584.7259006592805,419.2005223917607,1.0,545.935361921729,426.4482667892433,1.0,599.6021935837344,429.61776300634057,1.0,512.2107817492594,455.0658216431031,1.0,608.9250320942284,440.5438239671544,1.0,498.4716286920738,485.78024991662176,1.0,561.188392655626,502.33990605289534,1.0,533.594177856087,504.4377928433171,1.0,597.8941363035748,539.5399266800576,1.0,571.5464971887193,548.7623192207348,1.0,596.4677523146848,597.5153171186913,1.0,536.4233125048102,606.0841687072204,1.0,623.5048573757091,611.3013003176266,1.0,623.1109782156814,606.8614544964607,1.0,586.8059161382296,603.5178010345851,1.0,564.555709251275,619.9047288056471,1.0,557.4941898117954,621.3498523447532,1.0,526.4690210422339,616.192679858678,1.0,1.0,2.7666666666666666,590.5153323664671,393.8860109442665,False,584.7259006592805,419.2005223917607,False,545.935361921729,426.4482667892433,False,599.6021935837344,429.61776300634057,False,512.2107817492594,455.0658216431031,False,608.9250320942284,440.5438239671544,False,498.4716286920738,485.78024991662176,False,561.188392655626,502.33990605289534,False,533.594177856087,504.4377928433171,False,597.8941363035748,539.5399266800576,False,571.5464971887193,548.7623192207348,False,596.4677523146848,597.5153171186913,False,536.4233125048102,606.0841687072204,False,True,154.4167098561051,133.97380575011567,107.9313051753212
167,167,2.783333333333333,2.783333333333333,Sports2D_HALPE26_postprocessed,592.0051945409583,396.5289140674949,1.0,588.4966685260558,422.7024464892392,1.0,547.5916037428159,427.011606162198,1.0,607.1925508345115,449.3666103852627,1.0,509.9942204792565,451.2404767279113,1.0,611.1246867515856,439.794193990308,1.0,500.26901978344574,480.1994713080152,1.0,561.488502719377,505.246914108276,1.0,533.7357966267165,506.1856104628257,1.0,597.1914461478164,540.9307209310625,1.0,571.9194393782172,552.2919290080418,1.0,594.8570503769255,595.3027617256561,1.0,537.5910797174993,606.0607996386088,1.0,619.848269574691,609.326746294868,1.0,619.7889871787307,604.1878500847392,1.0,585.8869065340612,602.6882210170152,1.0,564.4730828291849,619.872438121306,1.0,557.586280172762,621.9137344818324,1.0,526.5749782330222,616.1038570710274,1.0,1.0,2.783333333333333,592.0051945409583,396.5289140674949,False,588.4966685260558,422.7024464892392,False,547.5916037428159,427.011606162198,False,607.1925508345115,449.3666103852627,False,509.9942204792565,451.2404767279113,False,611.1246867515856,439.794193990308,False,500.26901978344574,480.1994713080152,False,561.488502719377,505.246914108276,False,533.7357966267165,506.1856104628257,False,597.1914461478164,540.9307209310625,False,571.9194393782172,552.2919290080418,False,594.8570503769255,595.3027617256561,False,537.5910797174993,606.0607996386088,False,True,141.36235534683806,132.52622770131003,107.81372102884909
168,168,2.8,2.8,Sports2D_HALPE26_postprocessed,593.8071925812396,399.6185402015448,1.0,589.9589054105548,423.5236514747584,1.0,549.8453165478566,427.17969553595617,1.0,605.8670901852934,438.7722900334397,1.0,509.08764415581214,446.34469914935886,1.0,610.8802863036416,432.46847413907045,1.0,503.9547281285856,474.7905976421352,1.0,561.7373920372168,508.4579108856184,1.0,534.666175245136,507.3184680138483,1.0,596.7910616085015,540.8373615867044,1.0,572.552417585956,554.1873632393207,1.0,593.3444174420106,594.9950773690211,1.0,537.796080520846,606.1903140912112,1.0,618.8154297723434,607.29302777071,1.0,618.0568871472436,602.3238592532264,1.0,583.8928059451276,602.3267028704216,1.0,564.6718293950584,620.1186818534026,1.0,557.7292992771282,621.9179525644249,1.0,526.556696202483,615.8092611581283,1.0,1.0,2.8,593.8071925812396,399.6185402015448,False,589.9589054105548,423.5236514747584,False,549.8453165478566,427.17969553595617,False,605.8670901852934,438.7722900334397,False,509.08764415581214,446.34469914935886,False,610.8802863036416,432.46847413907045,False,503.9547281285856,474.7905976421352,False,561.7373920372168,508.4579108856184,False,534.666175245136,507.3184680138483,False,596.7910616085015,540.8373615867044,False,572.552417585956,554.1873632393207,False,593.3444174420106,594.9950773690211,False,537.796080520846,606.1903140912112,False,True,125.41242872317154,129.08754881689822,107.29291483368675
169,169,2.8166666666666664,2.8166666666666664,Sports2D_HALPE26_postprocessed,595.9032139443955,402.0593220692779,1.0,589.0767179856508,426.68155293784014,1.0,550.9423351967039,427.5541856660407,1.0,600.3491157941711,426.6431416331277,1.0,509.6393152318952,439.4853188345106,1.0,607.6312213350006,422.3249137220492,1.0,508.0018701617393,467.0628641725751,1.0,561.4738508280335,509.3174847464829,1.0,536.2528923614125,509.08554540464417,1.0,596.0408178568425,540.9789842358147,1.0,573.587962116535,557.8301596432681,1.0,592.1613406245773,593.8288660356978,1.0,538.1253340722153,606.1325458450586,1.0,616.1591216287645,606.1475476177358,1.0,615.6980786567872,601.477370718256,1.0,581.7486178460506,602.7910926632945,1.0,564.5943672365134,620.3745663391527,1.0,557.8124239727741,622.3166482670596,1.0,526.3593058008129,616.0797470958,1.0,1.0,2.8166666666666664,595.9032139443955,402.0593220692779,False,589.0767179856508,426.68155293784014,False,550.9423351967039,427.5541856660407,False,600.3491157941711,426.6431416331277,False,509.6393152318952,439.4853188345106,False,607.6312213350006,422.3249137220492,False,508.0018701617393,467.0628641725751,False,561.4738508280335,509.3174847464829,False,536.2528923614125,509.08554540464417,False,596.0408178568425,540.9789842358147,False,573.587962116535,557.8301596432681,False,592.1613406245773,593.8288660356978,False,538.1253340722153,606.1325458450586,False,True,109.51033569308214,128.2897223326932,106.26497631208782
170,170,2.833333333333333,2.833333333333333,Sports2D_HALPE26_postprocessed,596.8376416084968,404.0927891852012,1.0,589.445890417575,428.0093069740069,1.0,551.5215380853912,427.60656956267474,1.0,608.0372931654124,439.9150117683784,1.0,509.4325089094181,437.23841996063953,1.0,608.20369380005,423.3917910392785,1.0,514.3183620635828,459.10181014691307,1.0,562.5051650833914,510.88845648786855,1.0,538.3195930488516,510.6909044974325,1.0,594.5910328639831,540.1218931512428,1.0,573.436350287255,561.4593191278732,1.0,590.9285629445424,594.1190973906442,1.0,538.824131885657,606.0073585945036,1.0,612.3697093392944,605.1510637999115,1.0,610.7845785581284,601.0244557598661,1.0,579.8693320183942,604.2204206023886,1.0,563.9726432144113,620.5298829409708,1.0,557.6257838437476,622.5229127649695,1.0,526.3082669960306,616.0427118092507,1.0,1.0,2.833333333333333,596.8376416084968,404.0927891852012,False,589.445890417575,428.0093069740069,False,551.5215380853912,427.60656956267474,False,608.0372931654124,439.9150117683784,False,509.4325089094181,437.23841996063953,False,608.20369380005,423.3917910392785,False,514.3183620635828,459.10181014691307,False,562.5051650833914,510.88845648786855,False,538.3195930488516,510.6909044974325,False,594.5910328639831,540.1218931512428,False,573.436350287255,561.4593191278732,False,590.9285629445424,594.1190973906442,False,538.824131885657,606.0073585945036,False,True,90.29285852896241,128.45639446676245,107.48228642224781
171,171,2.85,2.85,Sports2D_HALPE26_postprocessed,598.2566230052757,404.0161584184263,1.0,589.7102860113318,428.9013684419217,1.0,555.4642403349262,427.6457310228938,1.0,610.5340598803415,446.10601769508406,1.0,510.20853824396494,436.0037524518754,1.0,606.1166375990503,421.2743920157406,1.0,519.2812094851009,451.38663946347344,1.0,563.0947935630463,513.210334771946,1.0,541.5450996428707,512.7591781472745,1.0,593.8946383489312,539.7816523418699,1.0,573.0091149273486,564.6400285426633,1.0,589.6982658709866,596.4251194792746,1.0,539.9728288930695,606.055770582158,1.0,608.7600876950052,604.5743134637062,1.0,606.8292724309473,600.9094980465701,1.0,579.0423317449827,606.399403817989,1.0,563.6822848735355,620.5607243639622,1.0,557.2661162909178,622.3383928609293,1.0,526.7989698343765,614.9017360590678,1.0,1.0,2.85,598.2566230052757,404.0161584184263,False,589.7102860113318,428.9013684419217,False,555.4642403349262,427.6457310228938,False,610.5340598803415,446.10601769508406,False,510.20853824396494,436.0037524518754,False,606.1166375990503,421.2743920157406,False,519.2812094851009,451.38663946347344,False,563.0947935630463,513.210334771946,False,541.5450996428707,512.7591781472745,False,593.8946383489312,539.7816523418699,False,573.0091149273486,564.6400285426633,False,589.6982658709866,596.4251194792746,False,539.9728288930695,606.055770582158,False,True,69.93205795379636,126.54769271719104,110.1861022435525
172,172,2.8666666666666667,2.8666666666666667,Sports2D_HALPE26_postprocessed,598.8369800017396,405.55191655338376,1.0,589.4318540671346,430.5020169516756,1.0,555.8223516802261,427.90504446897256,1.0,611.3266851106545,450.0187717372394,1.0,511.8955208415443,436.5885703772013,1.0,604.5230426944269,426.7888835078466,1.0,525.0298329994581,444.2727581848668,1.0,563.7632670553888,513.9803265187714,1.0,545.0315360995758,513.2668512689507,1.0,593.2327432054527,538.9141818034578,1.0,573.0965990103042,567.4557917745259,1.0,589.1970631459549,598.7253379677865,1.0,541.3962124059187,605.3802054821859,1.0,604.7161468551108,608.8385176845993,1.0,603.3123242869958,604.96488538231,1.0,577.5801503192853,609.7886088626547,1.0,563.7050852776251,620.3266417143592,1.0,557.6860203705876,622.0908427483987,1.0,527.4298769431479,614.2156223868785,1.0,1.0,2.8666666666666667,598.8369800017396,405.55191655338376,False,589.4318540671346,430.5020169516756,False,555.8223516802261,427.90504446897256,False,611.3266851106545,450.0187717372394,False,511.8955208415443,436.5885703772013,False,604.5230426944269,426.7888835078466,False,525.0298329994581,444.2727581848668,False,563.7632670553888,513.9803265187714,False,545.0315360995758,513.2668512689507,False,593.2327432054527,538.9141818034578,False,573.0965990103042,567.4557917745259,False,589.1970631459549,598.7253379677865,False,541.3962124059187,605.3802054821859,False,True,41.51178332318275,126.37414872913986,112.72816230831029
173,173,2.8833333333333333,2.8833333333333333,Sports2D_HALPE26_postprocessed,598.1056774936649,405.8615875535648,1.0,586.5718824488256,430.6733104430243,1.0,555.2120619184698,429.4242907391171,1.0,598.1582307397529,441.0491823983593,1.0,514.3741141599999,439.0287223869157,1.0,603.7615150037283,448.40310793411646,1.0,527.0910585779409,432.7485851926112,1.0,564.5423980369861,512.9872220792055,1.0,547.6633417148339,513.2156664637464,1.0,592.6978157102217,536.6096329919189,1.0,573.1828533929197,570.1507740733762,1.0,588.1476521352613,601.8974967701773,1.0,543.4164166281232,602.6607365385842,1.0,601.4196157964283,620.7300489620392,1.0,601.005706554473,617.7883344848215,1.0,576.852101161215,616.2598124995045,1.0,564.00486818183,620.429926353939,1.0,559.0667556066984,622.1031247551269,1.0,528.604585466963,612.6226138539708,1.0,1.0,2.8833333333333333,598.1056774936649,405.8615875535648,False,586.5718824488256,430.6733104430243,False,555.2120619184698,429.4242907391171,False,598.1582307397529,441.0491823983593,False,514.3741141599999,439.0287223869157,False,603.7615150037283,448.40310793411646,False,527.0910585779409,432.7485851926112,False,564.5423980369861,512.9872220792055,False,547.6633417148339,513.2156664637464,False,592.6978157102217,536.6096329919189,False,573.1828533929197,570.1507740733762,False,588.1476521352613,601.8974967701773,False,543.4164166281232,602.6607365385842,False,True,13.047466249580495,126.00995061255794,113.37955319779057
174,174,2.9,2.9,Sports2D_HALPE26_postprocessed,596.4571580883198,404.76196225426304,1.0,584.5940374977641,432.5639118409546,1.0,555.8922334578161,433.3586661300182,1.0,576.0267411668924,443.9728498516109,1.0,518.2504678297729,442.41936081251146,1.0,596.0914664806892,449.7365456553104,1.0,545.3724857065439,421.34136207314975,1.0,568.4588948357879,513.8632916171132,1.0,552.0080692284234,512.6950640558538,1.0,591.0801995033836,538.2531980514949,1.0,574.5731944867896,572.2274063012164,1.0,588.5774571654852,605.4400368897753,1.0,545.0756908893469,601.1000211503132,1.0,605.1065378468828,621.8195896197398,1.0,603.7078721571941,618.3419420072829,1.0,579.2370063261639,617.8169489378529,1.0,565.2484974386084,620.3321956564819,1.0,560.5781401049906,621.8849623699417,1.0,529.6707061935596,611.1198376497266,1.0,1.0,2.9,596.4571580883198,404.76196225426304,False,584.5940374977641,432.5639118409546,False,555.8922334578161,433.3586661300182,False,576.0267411668924,443.9728498516109,False,518.2504678297729,442.41936081251146,False,596.0914664806892,449.7365456553104,False,545.3724857065439,421.34136207314975,False,568.4588948357879,513.8632916171132,False,552.0080692284234,512.6950640558538,False,591.0801995033836,538.2531980514949,False,574.5731944867896,572.2274063012164,False,588.5774571654852,605.4400368897753,False,545.0756908893469,601.1000211503132,False,True,24.31861397077691,135.02119070470357,113.62793559504047
175,175,2.9166666666666665,2.9166666666666665,Sports2D_HALPE26_postprocessed,594.1823513876167,405.5513253534929,1.0,583.1288673769526,433.977926971447,1.0,558.3785566879756,435.1461229628539,1.0,574.1410790164695,463.1711364212423,1.0,527.5819552749047,443.8220143352636,1.0,595.4266840962501,460.12415923316473,1.0,548.4274998599778,414.7452925405127,1.0,570.8299242792768,516.9497481374303,1.0,556.8694319956934,515.972686413467,1.0,588.9640064654122,557.1066454338074,1.0,573.5558995834996,570.3602259532938,1.0,588.6194135779273,606.9573259125032,1.0,546.2538934536663,601.0741373631867,1.0,603.0097364582238,621.911100265668,1.0,602.0555164745451,617.3406757670059,1.0,581.4615153706451,617.0031922814504,1.0,567.7617931795601,620.2268936278901,1.0,559.3203078514706,621.2692876066578,1.0,532.266426912562,607.5829386976341,1.0,1.0,2.9166666666666665,594.1823513876167,405.5513253534929,False,583.1288673769526,433.977926971447,False,558.3785566879756,435.1461229628539,False,574.1410790164695,463.1711364212423,False,527.5819552749047,443.8220143352636,False,595.4266840962501,460.12415923316473,False,548.4274998599778,414.7452925405127,False,570.8299242792768,516.9497481374303,False,556.8694319956934,515.972686413467,False,588.9640064654122,557.1066454338074,False,573.5558995834996,570.3602259532938,False,588.6194135779273,606.9573259125032,False,546.2538934536663,601.0741373631867,False,True,38.62931432088627,155.30092961945525,121.30930734734127
176,176,2.933333333333333,2.933333333333333,Sports2D_HALPE26_postprocessed,591.8629362507473,406.8010209537054,1.0,578.3241125719494,433.6228198095208,1.0,566.585125072499,436.52402807364354,1.0,572.6785151561412,456.8297526621683,1.0,540.8587153488571,444.8644674101747,1.0,592.822592728695,458.9088093291584,1.0,552.2797885901954,410.08381549774,1.0,553.8066534365169,518.4381970135767,1.0,567.8904022724852,514.9981046765341,1.0,586.409394796216,555.4533856358482,1.0,571.8990401219819,564.278693970107,1.0,587.5125308803861,603.4840992632902,1.0,549.5021246377354,597.3553288537249,1.0,601.7726140168693,620.6454257901231,1.0,598.8937823713859,614.7828815622642,1.0,582.2059907240385,614.6963043138887,1.0,567.1272135828715,620.4715387276289,1.0,563.127974588695,618.8069615597427,1.0,534.4554090888198,604.9023623388468,1.0,1.0,2.933333333333333,591.8629362507473,406.8010209537054,False,578.3241125719494,433.6228198095208,False,566.585125072499,436.52402807364354,False,572.6785151561412,456.8297526621683,False,540.8587153488571,444.8644674101747,False,592.822592728695,458.9088093291584,False,552.2797885901954,410.08381549774,False,553.8066534365169,518.4381970135767,False,567.8904022724852,514.9981046765341,False,586.409394796216,555.4533856358482,False,571.8990401219819,564.278693970107,False,587.5125308803861,603.4840992632902,False,549.5021246377354,597.3553288537249,False,True,53.85857962280164,139.9423056111559,141.2468288983329
177,177,2.95,2.95,Sports2D_HALPE26_postprocessed,584.9732966195951,406.412714826832,1.0,550.2315167139539,436.3847275213114,1.0,581.5091301448733,437.9037706553442,1.0,529.5566632088066,460.24612012653984,1.0,576.0058901049737,446.8817202534268,1.0,551.4782297241608,464.00199060232177,1.0,566.0653192030671,444.1558743660029,1.0,545.7012142069849,515.4663095638903,1.0,574.0158804061074,513.2441240839536,1.0,584.5244444245163,557.7443106054226,1.0,572.6306885832108,564.9982096476375,1.0,587.9139572061479,602.3908505059777,1.0,553.713877978324,594.694437717325,1.0,600.6640649285913,618.0304801093688,1.0,596.3731498601288,614.4808084885638,1.0,582.7963028478547,613.5690882363064,1.0,563.4987630894694,620.330434907913,1.0,561.0741302537335,618.5745771648368,1.0,539.7532429806698,601.2339895223035,1.0,1.0,2.95,584.9732966195951,406.412714826832,False,550.2315167139539,436.3847275213114,False,581.5091301448733,437.9037706553442,False,529.5566632088066,460.24612012653984,False,576.0058901049737,446.8817202534268,False,551.4782297241608,464.00199060232177,False,566.0653192030671,444.1558743660029,False,545.7012142069849,515.4663095638903,False,574.0158804061074,513.2441240839536,False,584.5244444245163,557.7443106054226,False,572.6306885832108,564.9982096476375,False,587.9139572061479,602.3908505059777,False,553.713877978324,594.694437717325,False,True,106.17278334630632,141.7807254137049,149.03558210469657
178,178,2.966666666666667,2.966666666666667,Sports2D_HALPE26_postprocessed,578.7984440236493,404.4492392288599,1.0,546.4989867192392,440.662632845109,1.0,585.6580834010788,434.1840430113388,1.0,526.4281428008886,475.8998208467244,1.0,595.872613009131,436.265688808562,1.0,549.4184908793242,492.61368213666816,1.0,570.1885111529041,433.52638630760697,1.0,547.4216904213188,520.0249206619116,1.0,579.8842213196159,516.0219441393043,1.0,583.4193425589694,554.7474967134879,1.0,576.3110990989811,564.3156968768725,1.0,588.5058907525939,601.3553705611195,1.0,556.7515264186337,593.0113306308162,1.0,600.9715689383502,616.8029165660062,1.0,598.4236129293992,614.9115142724243,1.0,582.1286316708686,613.4722083970836,1.0,560.7960419049558,620.8011656854743,1.0,561.7506707690117,617.993054262019,1.0,544.1143244743945,598.9840343411624,1.0,1.0,2.966666666666667,578.7984440236493,404.4492392288599,False,546.4989867192392,440.662632845109,False,585.6580834010788,434.1840430113388,False,526.4281428008886,475.8998208467244,False,595.872613009131,436.265688808562,False,549.4184908793242,492.61368213666816,False,570.1885111529041,433.52638630760697,False,547.4216904213188,520.0249206619116,False,579.8842213196159,516.0219441393043,False,583.4193425589694,554.7474967134879,False,576.3110990989811,564.3156968768725,False,588.5058907525939,601.3553705611195,False,556.7515264186337,593.0113306308162,False,True,5.430933722082952,140.1953998034284,149.95224809738312
179,179,2.9833333333333334,2.9833333333333334,Sports2D_HALPE26_postprocessed,563.12462170285,405.2779950245607,1.0,537.9527272061837,452.10767996325535,1.0,590.1937772430789,434.8550038439671,1.0,523.2903896639538,492.90550930870256,1.0,605.9634263885324,426.0878571801482,1.0,547.6777192864104,500.7926429280617,1.0,575.6192614351158,410.6809354206098,1.0,546.9186602276471,519.9749833855099,1.0,582.881758598889,515.2556580158252,1.0,582.3065326484904,554.5441954519656,1.0,581.8316965830386,563.6781899211702,1.0,588.0376250022305,602.244889814395,1.0,559.21194368456,591.657430406036,1.0,599.5477442569031,615.64569840836,1.0,596.1671002717743,614.2546693936982,1.0,581.8055563509308,614.9849902130754,1.0,554.6364967085054,619.429769778333,1.0,558.6271423581494,616.6605873515562,1.0,544.9380599066556,593.7368942087724,1.0,1.0,2.9833333333333334,563.12462170285,405.2779950245607,False,537.9527272061837,452.10767996325535,False,590.1937772430789,434.8550038439671,False,523.2903896639538,492.90550930870256,False,605.9634263885324,426.0878571801482,False,547.6777192864104,500.7926429280617,False,575.6192614351158,410.6809354206098,False,546.9186602276471,519.9749833855099,False,582.881758598889,515.2556580158252,False,582.3065326484904,554.5441954519656,False,581.8316965830386,563.6781899211702,False,588.0376250022305,602.244889814395,False,559.21194368456,591.657430406036,False,True,55.99058968578314,141.1806095891926,142.28855976060092
180,180,3.0,3.0,Sports2D_HALPE26_postprocessed,563.9364712026319,407.9213360527384,1.0,532.7970411790169,457.1192795226303,1.0,587.1739765628312,433.2098512171687,1.0,522.5684090143999,501.13537268124657,1.0,620.6923517439424,414.3834752857565,1.0,544.0582397448513,509.8939951609143,1.0,583.0780325393978,406.2281889373226,1.0,546.8588837073675,519.1117065313563,1.0,579.0991952513533,514.6251888808131,1.0,582.9656408088495,555.4297302223963,1.0,587.4893902453317,563.2134457333971,1.0,587.6211114389874,604.1034901130707,1.0,562.2305495309852,589.1786274362585,1.0,600.3799461701603,615.5225280964904,1.0,595.740395337252,613.5268171844574,1.0,581.2283814049736,614.9443009677814,1.0,553.5094854927839,618.4079859383512,1.0,556.023358577907,616.7668204076424,1.0,549.682946054811,586.4267077357416,1.0,1.0,3.0,563.9364712026319,407.9213360527384,False,532.7970411790169,457.1192795226303,False,587.1739765628312,433.2098512171687,False,522.5684090143999,501.13537268124657,False,620.6923517439424,414.3834752857565,False,544.0582397448513,509.8939951609143,False,583.0780325393978,406.2281889373226,False,546.8588837073675,519.1117065313563,False,579.0991952513533,514.6251888808131,False,582.9656408088495,555.4297302223963,False,587.4893902453317,563.2134457333971,False,587.6211114389874,604.1034901130707,False,562.2305495309852,589.1786274362585,False,True,41.55490823373931,140.63064992071313,125.99282617929416
181,181,3.0166666666666666,3.0166666666666666,Sports2D_HALPE26_postprocessed,550.6527707811945,408.866950390545,1.0,529.6274030469631,460.9992365780083,1.0,591.292146635256,431.70998880995086,1.0,523.0616385979307,506.2066636379986,1.0,629.4252798613331,407.0503212618256,1.0,545.6994666051086,511.9156804164592,1.0,593.5707024683865,406.0239626845216,1.0,550.2904806754424,517.8477497363848,1.0,581.3512162220362,511.3368628660075,1.0,579.0068686215279,557.328074988817,1.0,591.4876308877139,566.5212766381178,1.0,587.2352326762968,606.8691312247438,1.0,564.9112793748586,586.2150442907931,1.0,599.9001512279692,615.8108148201202,1.0,595.7866254728756,613.9094336528224,1.0,580.8387075930348,615.3448319740476,1.0,550.5306409316229,617.9034547839761,1.0,555.5358778188499,616.2668120375656,1.0,553.3097313215657,580.6374555570187,1.0,1.0,3.0166666666666666,550.6527707811945,408.866950390545,False,529.6274030469631,460.9992365780083,False,591.292146635256,431.70998880995086,False,523.0616385979307,506.2066636379986,False,629.4252798613331,407.0503212618256,False,545.6994666051086,511.9156804164592,False,593.5707024683865,406.0239626845216,False,550.2904806754424,517.8477497363848,False,581.3512162220362,511.3368628660075,False,579.0068686215279,557.328074988817,False,591.4876308877139,566.5212766381178,False,587.2352326762968,606.8691312247438,False,564.9112793748586,586.2150442907931,False,True,34.529335941919854,153.39964953285588,116.13119224692484
182,182,3.033333333333333,3.033333333333333,Sports2D_HALPE26_postprocessed,549.986740497316,412.7177809213378,1.0,528.894747957127,461.6791470586901,1.0,589.2776619799135,431.0204228888307,1.0,526.0153572211367,511.6264013344624,1.0,626.775146476331,410.00710908096687,1.0,548.7553560174142,512.6202694677881,1.0,575.4404745987703,388.133103494745,1.0,552.7739557767004,515.2272227956796,1.0,585.4911097072827,509.7504285968851,1.0,575.6441512050485,557.1301554019647,1.0,595.2467261063904,574.4239805612883,1.0,585.9618832401152,607.8714930664426,1.0,569.3709080004878,584.6236872853221,1.0,599.9501229826379,615.5833355117372,1.0,594.9806723077642,613.3295841983922,1.0,580.6479678984279,617.3644869069897,1.0,551.9849308222799,615.8923286764249,1.0,556.3602935095586,614.9119707860132,1.0,555.953142941952,577.4854693045571,1.0,1.0,3.033333333333333,549.986740497316,412.7177809213378,False,528.894747957127,461.6791470586901,False,589.2776619799135,431.0204228888307,False,526.0153572211367,511.6264013344624,False,626.775146476331,410.00710908096687,False,548.7553560174142,512.6202694677881,False,575.4404745987703,388.133103494745,False,552.7739557767004,515.2272227956796,False,585.4911097072827,509.7504285968851,False,575.6441512050485,557.1301554019647,False,595.2467261063904,574.4239805612883,False,585.9618832401152,607.8714930664426,False,569.3709080004878,584.6236872853221,False,True,52.34508787361228,162.86854473275554,102.93526998829941
183,183,3.05,3.05,Sports2D_HALPE26_postprocessed,547.9111948048924,415.5182066934988,1.0,528.1454514907633,461.83136809081344,1.0,584.3111256049914,432.6460541578534,1.0,530.4513206835031,511.4899845211156,1.0,627.3181021607303,414.26587936659,1.0,553.0995525911811,513.2183873085391,1.0,574.7754882055992,382.34962920751366,1.0,553.2936457435416,512.3241197470451,1.0,589.2577468678558,503.01173763537145,1.0,574.0043449648498,552.9586593948645,1.0,597.1370682371312,575.6188540304518,1.0,585.8705503076155,607.4630334715184,1.0,572.4166184095125,586.2733264303386,1.0,598.9066556156405,616.3513099950258,1.0,594.8216126254523,614.8022817932024,1.0,581.8495251100862,617.449779145727,1.0,557.0987307321815,616.1054077452619,1.0,564.5935866360749,615.2116340714206,1.0,559.9600535488563,579.3078513228835,1.0,1.0,3.05,547.9111948048924,415.5182066934988,False,528.1454514907633,461.83136809081344,False,584.3111256049914,432.6460541578534,False,530.4513206835031,511.4899845211156,False,627.3181021607303,414.26587936659,False,553.0995525911811,513.2183873085391,False,574.7754882055992,382.34962920751366,False,553.2936457435416,512.3241197470451,False,589.2577468678558,503.01173763537145,False,574.0043449648498,552.9586593948645,False,597.1370682371312,575.6188540304518,False,585.8705503076155,607.4630334715184,False,572.4166184095125,586.2733264303386,False,True,54.41671124985432,165.27513977157716,107.1224622963149
184,184,3.0666666666666664,3.0666666666666664,Sports2D_HALPE26_postprocessed,541.5398940191552,420.584405636733,1.0,528.2856468920738,461.4318518531195,1.0,585.8292365083498,433.7078832089379,1.0,533.8617068001618,510.7573013940113,1.0,624.0371783437673,416.6658526180159,1.0,558.6692750410772,518.9229822189807,1.0,575.1306226343066,394.4401768622756,1.0,555.3419696518175,506.5933909927859,1.0,590.9075882029005,499.101457029354,1.0,572.3493606564407,550.1869943307121,1.0,596.943588984487,572.116879525637,1.0,585.1464536370037,606.4949045375923,1.0,577.4971602025689,585.666257500238,1.0,597.395789645843,616.6930578046547,1.0,592.6792406112521,615.7597549824949,1.0,581.3217157410854,617.173087873052,1.0,568.1973540759768,617.3659486775781,1.0,575.4853472430741,616.6983593598519,1.0,565.810460356502,581.6947883132029,1.0,1.0,3.0666666666666664,541.5398940191552,420.584405636733,False,528.2856468920738,461.4318518531195,False,585.8292365083498,433.7078832089379,False,533.8617068001618,510.7573013940113,False,624.0371783437673,416.6658526180159,False,558.6692750410772,518.9229822189807,False,575.1306226343066,394.4401768622756,False,555.3419696518175,506.5933909927859,False,590.9075882029005,499.101457029354,False,572.3493606564407,550.1869943307121,False,596.943588984487,572.116879525637,False,585.1464536370037,606.4949045375923,False,577.4971602025689,585.666257500238,False,True,48.47799391502254,171.49161417050772,120.1412594364692
185,185,3.083333333333333,3.083333333333333,Sports2D_HALPE26_postprocessed,535.0494320687152,423.8731721417053,1.0,528.235423277966,460.1312914004386,1.0,581.3274046419982,433.92693159870646,1.0,536.1704751805886,502.19145706925656,1.0,604.1727615154432,425.9392544148951,1.0,559.6508017782598,524.6943131728378,1.0,586.3270014281608,437.4794184317625,1.0,557.4357951749362,495.6496027120438,1.0,593.4857286403409,490.7162381501189,1.0,571.1133453817531,546.3776836986491,1.0,595.538222260262,562.8926785029694,1.0,584.6672110714994,603.6616114379065,1.0,585.7356528295048,582.4310122181797,1.0,594.141834729174,616.7242895816746,1.0,580.9825670248782,617.6055057316134,1.0,581.6771070411702,617.2874969986825,1.0,577.8330712141662,616.4078423955579,1.0,587.3183631710747,614.1764413722824,1.0,577.6712664094738,584.8158604181275,1.0,1.0,3.083333333333333,535.0494320687152,423.8731721417053,False,528.235423277966,460.1312914004386,False,581.3274046419982,433.92693159870646,False,536.1704751805886,502.19145706925656,False,604.1727615154432,425.9392544148951,False,559.6508017782598,524.6943131728378,False,586.3270014281608,437.4794184317625,False,557.4357951749362,495.6496027120438,False,593.4857286403409,490.7162381501189,False,571.1133453817531,546.3776836986491,False,595.538222260262,562.8926785029694,False,584.6672110714994,603.6616114379065,False,585.7356528295048,582.4310122181797,False,True,13.617460900880577,178.22232019059382,151.72774974033902
186,186,3.1,3.1,Sports2D_HALPE26_postprocessed,531.7905502977364,425.967606624932,1.0,529.199131341123,457.495041364041,1.0,580.6287402466512,434.0550054165402,1.0,540.4184312769253,501.4680581449088,1.0,594.6711217170787,463.36609453807273,1.0,561.2989889807192,523.5246563791093,1.0,571.7113997357743,451.9817047058656,1.0,560.2035184873205,492.2611931768851,1.0,597.3278584977928,488.2244667716847,1.0,572.9022968266213,543.834559814291,1.0,596.411210384716,555.7514081503291,1.0,584.0542354998768,600.9614494794218,1.0,586.4104445364292,581.5012893223387,1.0,595.0396697232953,616.8960262571552,1.0,585.686308601998,617.5793460354392,1.0,581.3843078704078,617.7646707481508,1.0,578.2160963006365,616.7536472429665,1.0,586.8799073845594,615.6201360521402,1.0,577.1805479442213,582.348026555674,1.0,1.0,3.1,531.7905502977364,425.967606624932,False,529.199131341123,457.495041364041,False,580.6287402466512,434.0550054165402,False,540.4184312769253,501.4680581449088,False,594.6711217170787,463.36609453807273,False,561.2989889807192,523.5246563791093,False,571.7113997357743,451.9817047058656,False,560.2035184873205,492.2611931768851,False,597.3278584977928,488.2244667716847,False,572.9022968266213,543.834559814291,False,596.411210384716,555.7514081503291,False,584.0542354998768,600.9614494794218,False,586.4104445364292,581.5012893223387,False,True,38.02767501468531,177.21336477766326,159.55249041667972
187,187,3.1166666666666667,3.1166666666666667,Sports2D_HALPE26_postprocessed,528.713270888842,426.7950720638959,1.0,528.3618270218035,457.1702979168354,1.0,575.9521325223924,434.9273125957122,1.0,542.9383161047864,498.6247064611936,1.0,589.2473250856245,463.8749034291965,1.0,563.5001125766883,521.4787646494018,1.0,574.342746706305,496.9059842743095,1.0,563.7655330573818,486.3563232786349,1.0,600.0350428295714,480.4462110872056,1.0,574.3280714338732,544.9666730098002,1.0,597.7414461874512,551.7818677007839,1.0,583.6843290304041,602.5887303244189,1.0,586.7838921657791,575.2389676670698,1.0,595.7124138848721,617.4186552711584,1.0,586.5301692112013,617.1625549981358,1.0,581.9981990841122,617.8269178094578,1.0,579.22438178439,614.2588396240892,1.0,590.2154038753396,612.6206855244517,1.0,577.91049161046,577.639336468769,1.0,1.0,3.1166666666666667,528.713270888842,426.7950720638959,False,528.3618270218035,457.1702979168354,False,575.9521325223924,434.9273125957122,False,542.9383161047864,498.6247064611936,False,589.2473250856245,463.8749034291965,False,563.5001125766883,521.4787646494018,False,574.342746706305,496.9059842743095,False,563.7655330573818,486.3563232786349,False,600.0350428295714,480.4462110872056,False,574.3280714338732,544.9666730098002,False,597.7414461874512,551.7818677007839,False,583.6843290304041,602.5887303244189,False,586.7838921657791,575.2389676670698,False,True,131.04512140519978,179.0068127727921,156.80278241858224
188,188,3.1333333333333333,3.1333333333333333,Sports2D_HALPE26_postprocessed,527.9994700611413,430.9485449658969,1.0,528.5821428072512,455.8223720092533,1.0,569.6110485859662,435.79701196157725,1.0,543.943123426705,493.9377587568316,1.0,583.5188531214698,466.8707817998005,1.0,560.2077153152591,518.6322044529088,1.0,567.7355530029138,513.2761192623201,1.0,568.3953455940075,481.0135146535648,1.0,605.4720447820051,476.11043246093294,1.0,577.248658813359,544.1758792290653,1.0,599.441591970657,548.6580000689806,1.0,584.0996657907345,605.0015114242163,1.0,587.5120936577894,570.4961307254225,1.0,596.5661026776042,617.0730642628299,1.0,587.237440835205,617.1013236641452,1.0,581.7982493106165,617.2053753449384,1.0,577.1266824126737,613.1745418223054,1.0,591.7534645343061,607.4223687328667,1.0,578.7009247882891,572.9578704991351,1.0,1.0,3.1333333333333333,527.9994700611413,430.9485449658969,False,528.5821428072512,455.8223720092533,False,569.6110485859662,435.79701196157725,False,543.943123426705,493.9377587568316,False,583.5188531214698,466.8707817998005,False,560.2077153152591,518.6322044529088,False,567.7355530029138,513.2761192623201,False,568.3953455940075,481.0135146535648,False,605.4720447820051,476.11043246093294,False,577.248658813359,544.1758792290653,False,599.441591970657,548.6580000689806,False,584.0996657907345,605.0015114242163,False,587.5120936577894,570.4961307254225,False,True,137.1038584486948,178.44731797842195,156.1053161110434
189,189,3.15,3.15,Sports2D_HALPE26_postprocessed,520.9113877386324,433.8250051304435,1.0,528.2781553180566,452.4604249783453,1.0,563.1008974945995,437.4513189165606,1.0,544.9737924396295,495.03104031778673,1.0,545.503513683806,498.4027616716177,1.0,559.3329414229455,518.7758220750541,1.0,514.880851509885,524.5109185235236,1.0,573.2846721478878,476.1434090384881,1.0,607.6962389371905,471.980206848841,1.0,579.0878867484643,544.1959485888161,1.0,600.5553555896029,547.6415144142956,1.0,584.6171791745572,606.7005453467551,1.0,588.2872205721529,565.5907293859975,1.0,596.523346609392,616.5185773361288,1.0,586.1714869484307,617.1828440216343,1.0,582.2412936750741,616.9731804540613,1.0,577.3111331962165,606.5209571881236,1.0,594.785251788347,598.3989703480336,1.0,579.8985458404809,567.0564766768908,1.0,1.0,3.15,520.9113877386324,433.8250051304435,False,528.2781553180566,452.4604249783453,False,563.1008974945995,437.4513189165606,False,544.9737924396295,495.03104031778673,False,545.503513683806,498.4027616716177,False,559.3329414229455,518.7758220750541,False,514.880851509885,524.5109185235236,False,573.2846721478878,476.1434090384881,False,607.6962389371905,471.980206848841,False,579.0878867484643,544.1959485888161,False,600.5553555896029,547.6415144142956,False,584.6171791745572,606.7005453467551,False,588.2872205721529,565.5907293859975,False,True,146.5541626786068,179.81878496503643,151.03930887207304
190,190,3.1666666666666665,3.1666666666666665,Sports2D_HALPE26_postprocessed,517.5239529304431,436.9660592631872,1.0,528.4379717803529,451.0556091231064,1.0,560.7873290691698,439.1696275245786,1.0,545.5402048529332,481.0609492318188,1.0,541.9187617222723,502.2414137010706,1.0,560.8757184019154,514.3512656358566,1.0,506.1777454466464,528.6608849113542,1.0,576.7981668692744,475.3208101351165,1.0,609.4445302627228,472.261986089834,1.0,580.7704992921873,545.4611114220589,1.0,602.4917952593274,545.6329234985492,1.0,584.6500885530334,608.0888043306918,1.0,590.4004046868986,555.3484545484024,1.0,595.1485975907947,616.4671297890322,1.0,585.7304303871305,617.4772404166765,1.0,583.9176523008077,617.537599282155,1.0,573.5853173856814,572.8952196965878,1.0,593.2976419456238,571.5390398175322,1.0,584.9549940837798,557.4419802179527,1.0,1.0,3.1666666666666665,517.5239529304431,436.9660592631872,False,528.4379717803529,451.0556091231064,False,560.7873290691698,439.1696275245786,False,545.5402048529332,481.0609492318188,False,541.9187617222723,502.2414137010706,False,560.8757184019154,514.3512656358566,False,506.1777454466464,528.6608849113542,False,576.7981668692744,475.3208101351165,False,609.4445302627228,472.261986089834,False,580.7704992921873,545.4611114220589,False,602.4917952593274,545.6329234985492,False,584.6500885530334,608.0888043306918,False,590.4004046868986,555.3484545484024,False,True,143.12660265883716,179.69666765475407,134.19542695737132
191,191,3.183333333333333,3.183333333333333,Sports2D_HALPE26_postprocessed,512.327055325967,438.4133602368789,1.0,525.728208815481,451.0413259153619,1.0,557.7046432821396,441.6490999658516,1.0,546.1271665444309,480.3036211354274,1.0,536.9918654028721,504.8336018331064,1.0,561.4934542402468,517.6341381301006,1.0,504.1718705346358,529.588961416629,1.0,578.1776889921678,469.6804147708149,1.0,610.1169385643858,466.8104113123624,1.0,581.4495848437341,546.1377275506767,1.0,609.4020124526648,541.422814407809,1.0,584.3821827973926,607.4806630120685,1.0,595.9363237241927,546.8802790779855,1.0,592.5843755377067,616.3516203823707,1.0,585.2553191494496,617.0683094905899,1.0,584.4248764462624,617.905220379536,1.0,566.2656276923075,571.4050741094885,1.0,594.1567139964337,560.3320553838059,1.0,587.6901173736128,547.5690168847754,1.0,1.0,3.183333333333333,512.327055325967,438.4133602368789,False,525.728208815481,451.0413259153619,False,557.7046432821396,441.6490999658516,False,546.1271665444309,480.3036211354274,False,536.9918654028721,504.8336018331064,False,561.4934542402468,517.6341381301006,False,504.1718705346358,529.588961416629,False,578.1776889921678,469.6804147708149,False,610.1169385643858,466.8104113123624,False,581.4495848437341,546.1377275506767,False,609.4020124526648,541.422814407809,False,584.3821827973926,607.4806630120685,False,595.9363237241927,546.8802790779855,False,True,145.1762811830665,179.71337345283015,112.61104221395719
192,192,3.2,3.2,Sports2D_HALPE26_postprocessed,509.4560558702225,438.9970623742586,1.0,525.016736925927,451.4117818450314,1.0,553.8523997438097,441.727388940289,1.0,547.0447741132942,481.8904801280934,1.0,537.950768022961,501.3620330897492,1.0,562.2144035002239,517.7586415456136,1.0,507.8769065373794,525.9465913230453,1.0,579.7749720050246,469.7794753534854,1.0,612.087355779676,466.00726663657167,1.0,582.519266452902,544.8485784838392,1.0,613.3503419358152,539.397136411917,1.0,584.2509322991469,607.1532737690504,1.0,603.3478655837552,536.3772573664213,1.0,589.5281885507252,616.5503651577781,1.0,579.6481512448145,617.3230148828617,1.0,584.7630181645468,617.3479777362456,1.0,593.5988328150413,556.9986250051808,1.0,595.203917001374,549.643283668872,1.0,596.0695470054244,532.6252094140805,1.0,1.0,3.2,509.4560558702225,438.9970623742586,False,525.016736925927,451.4117818450314,False,553.8523997438097,441.727388940289,False,547.0447741132942,481.8904801280934,False,537.950768022961,501.3620330897492,False,562.2144035002239,517.7586415456136,False,507.8769065373794,525.9465913230453,False,579.7749720050246,469.7794753534854,False,612.087355779676,466.00726663657167,False,582.519266452902,544.8485784838392,False,613.3503419358152,539.397136411917,False,584.2509322991469,607.1532737690504,False,603.3478655837552,536.3772573664213,False,True,144.19563202441628,179.49841632421854,72.2143234276874
193,193,3.216666666666667,3.216666666666667,Sports2D_HALPE26_postprocessed,509.35696286740784,439.27754350050856,1.0,524.4959081789718,451.4436707172935,1.0,549.6263280783958,441.1972304526411,1.0,548.3048240769197,481.4281976217753,1.0,539.7588601223703,493.5193866928993,1.0,561.4218356813547,517.1864410550426,1.0,517.8862428538246,517.9340955226508,1.0,579.7888900022217,468.7268252573513,1.0,611.9218583360196,464.2570264166562,1.0,582.3493497183052,548.1041146017368,1.0,620.679965672283,535.9599415780889,1.0,584.069362362543,607.0426891870379,1.0,608.0938941435367,528.9933603948795,1.0,589.450241574144,616.5280345681977,1.0,578.7472166753895,617.2570936444528,1.0,585.0658137033317,617.2854610764805,1.0,592.2158077690137,553.4605799098068,1.0,601.5706767602001,548.852516746375,1.0,602.8898902343421,524.431684054429,1.0,1.0,3.216666666666667,509.35696286740784,439.27754350050856,False,524.4959081789718,451.4436707172935,False,549.6263280783958,441.1972304526411,False,548.3048240769197,481.4281976217753,False,539.7588601223703,493.5193866928993,False,561.4218356813547,517.1864410550426,False,517.8862428538246,517.9340955226508,False,579.7888900022217,468.7268252573513,False,611.9218583360196,464.2570264166562,False,582.3493497183052,548.1041146017368,False,620.679965672283,535.9599415780889,False,584.069362362543,607.0426891870379,False,608.0938941435367,528.9933603948795,False,True,148.8235249869912,179.824056694543,54.07094619025564
194,194,3.2333333333333334,3.2333333333333334,Sports2D_HALPE26_postprocessed,509.6428271790492,439.454458235242,1.0,522.9064258224867,451.8376136479152,1.0,541.7668011369163,442.5711117037132,1.0,549.2280476501064,480.2725991037831,1.0,540.131904401248,492.7389436043701,1.0,561.134520744664,514.2550699463854,1.0,524.8441561158054,507.6230718717049,1.0,580.8733684911026,468.4445405209061,1.0,613.0973003643145,463.83052695522935,1.0,581.970829627895,545.8126316475073,1.0,623.1533795746851,531.9133967146472,1.0,583.8977435092722,606.346817794118,1.0,618.786497746211,521.234976836296,1.0,589.7551610085152,616.4467423560743,1.0,581.8346513861106,616.8016137056784,1.0,585.1348847662896,616.6112224336425,1.0,621.130471334453,541.0105826704296,1.0,629.3997680142668,531.9812541381403,1.0,616.6608328556864,512.0132684799011,1.0,1.0,3.2333333333333334,509.6428271790492,439.454458235242,False,522.9064258224867,451.8376136479152,False,541.7668011369163,442.5711117037132,False,549.2280476501064,480.2725991037831,False,540.131904401248,492.7389436043701,False,561.134520744664,514.2550699463854,False,524.8441561158054,507.6230718717049,False,580.8733684911026,468.4445405209061,False,613.0973003643145,463.83052695522935,False,581.970829627895,545.8126316475073,False,623.1533795746851,531.9133967146472,False,583.8977435092722,606.346817794118,False,618.786497746211,521.234976836296,False,True,136.10010513423546,178.989468409989,13.83980176265126
195,195,3.25,3.25,Sports2D_HALPE26_postprocessed,505.85833279319,440.8206296270161,1.0,522.2537579924365,451.4546551140949,1.0,539.8884656244518,441.9616001999872,1.0,550.2115325070046,481.6191075033182,1.0,543.9213517200873,486.4963857654469,1.0,561.3561114534583,517.206010031073,1.0,532.0183484375544,499.1504190807945,1.0,581.9841397140028,469.0079644577255,1.0,611.9575245908717,462.0574485119221,1.0,581.7396699053834,544.1963507911888,1.0,631.8497525470298,529.042930426234,1.0,583.798560779373,606.1205784204935,1.0,620.953605128329,512.7814493492948,1.0,589.0267999553989,616.3842982539212,1.0,582.1181722439349,616.6616190117127,1.0,585.0206484092496,615.9952287682441,1.0,623.6016243573101,524.5068548617787,1.0,633.3788713431577,524.4006322830146,1.0,616.6062264117725,499.0027991720949,1.0,1.0,3.25,505.85833279319,440.8206296270161,False,522.2537579924365,451.4546551140949,False,539.8884656244518,441.9616001999872,False,550.2115325070046,481.6191075033182,False,543.9213517200873,486.4963857654469,False,561.3561114534583,517.206010031073,False,532.0183484375544,499.1504190807945,False,581.9841397140028,469.0079644577255,False,611.9575245908717,462.0574485119221,False,581.7396699053834,544.1963507911888,False,631.8497525470298,529.042930426234,False,583.798560779373,606.1205784204935,False,620.953605128329,512.7814493492948,False,True,131.5773800175587,177.90940724262632,17.284921973297898
196,196,3.2666666666666666,3.2666666666666666,Sports2D_HALPE26_postprocessed,501.838547274189,442.47906596106594,1.0,520.8787447170258,451.3719130251162,1.0,538.3001191048783,442.6408616042653,1.0,550.1385043443175,481.4196233824291,1.0,553.7728636025982,474.0740548858028,1.0,561.5464684478522,516.4879220893806,1.0,534.7708452742842,490.32669916805,1.0,582.0853432222241,466.2625187325974,1.0,611.3236891370469,458.666762674108,1.0,581.3702291908569,541.442047207126,1.0,637.6426440569116,522.5206054218252,1.0,583.8057490966547,605.7322918912639,1.0,632.1503375068096,503.7244003918151,1.0,590.1481501909384,615.9324788006877,1.0,582.9299610560779,616.439670162478,1.0,584.7729638728962,615.6160578112874,1.0,634.3261985228963,518.9371148899402,1.0,636.9003877319323,516.4107575311817,1.0,629.7181544733901,495.2185966745448,1.0,1.0,3.2666666666666666,501.838547274189,442.47906596106594,False,520.8787447170258,451.3719130251162,False,538.3001191048783,442.6408616042653,False,550.1385043443175,481.4196233824291,False,553.7728636025982,474.0740548858028,False,561.5464684478522,516.4879220893806,False,534.7708452742842,490.32669916805,False,582.0853432222241,466.2625187325974,False,611.3236891370469,458.666762674108,False,581.3702291908569,541.442047207126,False,637.6426440569116,522.5206054218252,False,583.8057490966547,605.7322918912639,False,632.1503375068096,503.7244003918151,False,True,104.33239251287421,177.28550437328113,6.111711811680565
197,197,3.283333333333333,3.283333333333333,Sports2D_HALPE26_postprocessed,498.7080783378326,444.4440765186317,1.0,519.9257940474188,450.7354780171452,1.0,537.0897269282381,441.0368775526938,1.0,551.3768184818855,479.9256742256708,1.0,560.9447104639696,463.1773063873752,1.0,560.7967032312055,514.641129366933,1.0,543.6307917191449,487.2393588035865,1.0,579.8981086706245,465.7956958211272,1.0,608.1651277196929,457.27203091467857,1.0,581.3494688072764,540.9873432337992,1.0,643.8402430787114,515.5645549905988,1.0,584.0722335835401,605.5613010242294,1.0,632.7557833826055,485.9038521061925,1.0,589.4678159236116,615.6283347470029,1.0,581.9856357770142,616.3890541154492,1.0,584.6010283327741,615.6077449655639,1.0,639.490577840538,507.2952138277905,1.0,643.0377687475583,466.9991000074512,1.0,629.5874622464373,467.3088928110255,1.0,1.0,3.283333333333333,498.7080783378326,444.4440765186317,False,519.9257940474188,450.7354780171452,False,537.0897269282381,441.0368775526938,False,551.3768184818855,479.9256742256708,False,560.9447104639696,463.1773063873752,False,560.7967032312055,514.641129366933,False,543.6307917191449,487.2393588035865,False,579.8981086706245,465.7956958211272,False,608.1651277196929,457.27203091467857,False,581.3494688072764,540.9873432337992,False,643.8402430787114,515.5645549905988,False,584.0722335835401,605.5613010242294,False,632.7557833826055,485.9038521061925,False,True,97.12818262242807,178.6913444140665,10.97554896026632
198,198,3.3,3.3,Sports2D_HALPE26_postprocessed,498.7525395439384,442.9944581805132,1.0,518.2244169866595,450.8318994981692,1.0,536.8440016642223,440.9316877933625,1.0,551.3845483413199,479.5177326228464,1.0,564.16248314667,463.1388756050109,1.0,561.1662749871215,514.554008553823,1.0,546.3055817521592,489.1203174423556,1.0,578.7503817862098,464.0520624195069,1.0,607.6736936097599,454.2295765673567,1.0,581.4567274127764,539.7625451664013,1.0,644.6250534614237,510.4653088294322,1.0,584.28972663645,605.1884155204041,1.0,643.9962258411649,475.2292188654483,1.0,587.9355014488727,615.0567755704391,1.0,579.3449946226071,616.2233421251422,1.0,584.6373342448302,615.7478991207113,1.0,657.6836908136405,455.4416407060492,1.0,660.3313679742827,450.1754603521975,1.0,643.5518803583171,453.5323315612271,1.0,1.0,3.3,498.7525395439384,442.9944581805132,False,518.2244169866595,450.8318994981692,False,536.8440016642223,440.9316877933625,False,551.3845483413199,479.5177326228464,False,564.16248314667,463.1388756050109,False,561.1662749871215,514.554008553823,False,546.3055817521592,489.1203174423556,False,578.7503817862098,464.0520624195069,False,607.6736936097599,454.2295765673567,False,581.4567274127764,539.7625451664013,False,644.6250534614237,510.4653088294322,False,584.28972663645,605.1884155204041,False,643.9962258411649,475.2292188654483,False,True,94.60712786073452,179.5678121689501,32.28570570066606
199,199,3.3166666666666664,3.3166666666666664,Sports2D_HALPE26_postprocessed,499.1249977561481,442.3119425501692,1.0,516.4749910288092,450.35659304162544,1.0,535.7248859863095,439.1163405377298,1.0,550.1722168857677,478.4279207930511,1.0,562.8861550545488,459.4475839091618,1.0,560.0630391121216,512.7051898144057,1.0,546.8717769195814,488.2871095263047,1.0,578.8803228475398,461.4714105325634,1.0,607.482701732195,450.93154211028576,1.0,581.4489866313727,537.6857894775134,1.0,647.4984320900686,502.7307530654203,1.0,584.4308653431935,604.6974381430573,1.0,654.3896500882496,465.9618018849343,1.0,589.7669909626895,614.9086961484209,1.0,580.1929748597314,616.0941419829624,1.0,584.5629484194128,615.8663105320298,1.0,669.9550889525026,447.9306993035838,1.0,670.3530596300544,441.128164365308,1.0,653.8624919947248,441.2577083478941,1.0,1.0,3.3166666666666664,499.1249977561481,442.3119425501692,False,516.4749910288092,450.35659304162544,False,535.7248859863095,439.1163405377298,False,550.1722168857677,478.4279207930511,False,562.8861550545488,459.4475839091618,False,560.0630391121216,512.7051898144057,False,546.8717769195814,488.2871095263047,False,578.8803228475398,461.4714105325634,False,607.482701732195,450.93154211028576,False,581.4489866313727,537.6857894775134,False,647.4984320900686,502.7307530654203,False,584.4308653431935,604.6974381430573,False,654.3896500882496,465.9618018849343,False,True,97.77315687464082,179.3824549153527,48.30186690838604
200,200,3.333333333333333,3.333333333333333,Sports2D_HALPE26_postprocessed,496.9869138551591,437.513510144732,1.0,515.9029171062616,448.79040688046666,1.0,532.6447659581119,436.2228604370182,1.0,549.4279831011834,480.05858047867787,1.0,562.9452202804376,464.9296955518661,1.0,561.2173861836126,514.8719206087461,1.0,549.0703286676201,498.850672777616,1.0,579.4873962165619,460.1699474145089,1.0,605.3523476345283,447.4041476830879,1.0,581.6360232614904,537.7351431148038,1.0,650.6981360947555,495.1694728898404,1.0,584.2971622584938,604.3314550461987,1.0,665.0780819220678,449.7161184234852,1.0,585.1157435231131,614.7330990194798,1.0,580.5747408966338,616.1334801408867,1.0,585.4141241160212,616.119494231482,1.0,688.0813641726018,437.36782501539454,1.0,685.7714179011117,428.8693889176049,1.0,662.2599189970783,429.764544719765,1.0,1.0,3.333333333333333,496.9869138551591,437.513510144732,False,515.9029171062616,448.79040688046666,False,532.6447659581119,436.2228604370182,False,549.4279831011834,480.05858047867787,False,562.9452202804376,464.9296955518661,False,561.2173861836126,514.8719206087461,False,549.0703286676201,498.850672777616,False,579.4873962165619,460.1699474145089,False,605.3523476345283,447.4041476830879,False,581.6360232614904,537.7351431148038,False,650.6981360947555,495.1694728898404,False,584.2971622584938,604.3314550461987,False,665.0780819220678,449.7161184234852,False,True,111.20666464243604,179.29846061665475,61.06713448697519
201,201,3.35,3.35,Sports2D_HALPE26_postprocessed,493.63643112625056,436.4172450184745,1.0,514.5007251907896,447.4047437533788,1.0,529.3356633071484,433.2809698128743,1.0,547.5422743550231,480.04746702723344,1.0,561.9804865768622,465.9820600217425,1.0,561.6594181463716,512.1120393106706,1.0,548.9740269294118,504.5090655458819,1.0,579.8465649404385,460.0301117925303,1.0,602.5769125016847,447.02182780134336,1.0,581.7753778580346,537.2015802603623,1.0,654.4174898130798,487.3671297794399,1.0,584.4004287108997,603.9577519205438,1.0,677.4568117982819,439.1835297798649,1.0,584.83416570795,614.5326206658129,1.0,581.8489722963375,616.1968454001965,1.0,585.3920307812646,616.1604857566774,1.0,703.8179762433374,426.8366715737366,1.0,700.5369155636615,419.3974470814386,1.0,676.4009728313034,421.7435387116759,1.0,1.0,3.35,493.63643112625056,436.4172450184745,False,514.5007251907896,447.4047437533788,False,529.3356633071484,433.2809698128743,False,547.5422743550231,480.04746702723344,False,561.9804865768622,465.9820600217425,False,561.6594181463716,512.1120393106706,False,548.9740269294118,504.5090655458819,False,579.8465649404385,460.0301117925303,False,602.5769125016847,447.02182780134336,False,581.7753778580346,537.2015802603623,False,654.4174898130798,487.3671297794399,False,584.4004287108997,603.9577519205438,False,677.4568117982819,439.1835297798649,False,True,116.39499663077297,179.1798647011634,77.6630235167212
202,202,3.3666666666666667,3.3666666666666667,Sports2D_HALPE26_postprocessed,493.496708751263,434.4668471197804,1.0,512.1047902182119,447.5291788129493,1.0,529.1118987311881,432.047999097325,1.0,547.209853370053,481.2814285265579,1.0,559.6214310140014,468.66723730942846,1.0,561.6589881542441,512.1376884124018,1.0,547.3644869010361,511.473995926459,1.0,577.4407338134532,461.20032229792304,1.0,600.1325669635974,446.9490915073598,1.0,581.3127165245987,537.5625022834148,1.0,656.6702734267029,481.1450119855153,1.0,584.4404763935845,603.4526334309938,1.0,688.9716020256811,431.6095466643726,1.0,585.0817276029156,614.1293974306811,1.0,581.6437804079834,616.3089328475687,1.0,585.2394221510277,616.1725513597008,1.0,718.379213277682,422.28972686944303,1.0,714.7777621873038,413.8295987341447,1.0,688.2607552781379,415.5117853444504,1.0,1.0,3.3666666666666667,493.496708751263,434.4668471197804,False,512.1047902182119,447.5291788129493,False,529.1118987311881,432.047999097325,False,547.209853370053,481.2814285265579,False,559.6214310140014,468.66723730942846,False,561.6589881542441,512.1376884124018,False,547.3644869010361,511.473995926459,False,577.4407338134532,461.20032229792304,False,600.1325669635974,446.9490915073598,False,581.3127165245987,537.5625022834148,False,656.6702734267029,481.1450119855153,False,584.4404763935845,603.4526334309938,False,688.9716020256811,431.6095466643726,False,True,124.22232007805384,179.8150263955544,91.9407932360115
203,203,3.3833333333333333,3.3833333333333333,Sports2D_HALPE26_postprocessed,491.3216136661978,430.46308024553935,1.0,510.4221391518582,446.6835643061646,1.0,527.7433735608927,430.7542064304945,1.0,546.4208006465493,485.3285536718466,1.0,557.127116224443,474.4881133594043,1.0,560.0509859375484,512.89714616042,1.0,547.4337902010304,516.4114988960769,1.0,575.7552735266966,461.4886105898845,1.0,597.3279631236151,445.8206822048125,1.0,581.1973114649973,537.2904420047557,1.0,659.7948335240325,474.5523330022909,1.0,584.6789746225202,602.5793258642401,1.0,696.1334952164445,425.5996036601509,1.0,584.9872514468291,614.5534756449813,1.0,580.2788296994493,616.5197794371749,1.0,585.7788596284088,616.098736720636,1.0,726.7386317438021,415.93408008410256,1.0,722.8946386661128,405.6463672285672,1.0,700.5931833528014,409.9681204829031,1.0,1.0,3.3833333333333333,491.3216136661978,430.46308024553935,False,510.4221391518582,446.6835643061646,False,527.7433735608927,430.7542064304945,False,546.4208006465493,485.3285536718466,False,557.127116224443,474.4881133594043,False,560.0509859375484,512.89714616042,False,547.4337902010304,516.4114988960769,False,575.7552735266966,461.4886105898845,False,597.3279631236151,445.8206822048125,False,581.1973114649973,537.2904420047557,False,659.7948335240325,474.5523330022909,False,584.6789746225202,602.5793258642401,False,696.1334952164445,425.5996036601509,False,True,133.08493454845345,178.9461349078672,101.88721565320218
204,204,3.4,3.4,Sports2D_HALPE26_postprocessed,489.2606602358824,427.0102299088486,1.0,507.7710596825759,446.7041444863056,1.0,526.7530498011179,427.9385313379312,1.0,543.4402463630724,484.7717957205518,1.0,556.0844271365148,475.7823646406919,1.0,563.2168574129157,511.51227253540895,1.0,547.6089947042709,518.258053677518,1.0,573.6572514072718,460.4748693331402,1.0,595.3771529585104,444.80361060848026,1.0,581.0854010833282,537.5003551300614,1.0,660.8834874780373,469.4211574410143,1.0,584.8408844277541,602.4325082519341,1.0,703.3239941963734,419.01709029520856,1.0,585.029815703333,614.5428153406259,1.0,580.0941521487998,616.807335921095,1.0,586.1520785523107,616.107471208005,1.0,730.5547979463821,409.8943681015544,1.0,725.6994898425818,400.07259131051416,1.0,710.8374800696929,404.9525512718608,1.0,1.0,3.4,489.2606602358824,427.0102299088486,False,507.7710596825759,446.7041444863056,False,526.7530498011179,427.9385313379312,False,543.4402463630724,484.7717957205518,False,556.0844271365148,475.7823646406919,False,563.2168574129157,511.51227253540895,False,547.6089947042709,518.258053677518,False,573.6572514072718,460.4748693331402,False,595.3771529585104,444.80361060848026,False,581.0854010833282,537.5003551300614,False,660.8834874780373,469.4211574410143,False,584.8408844277541,602.4325082519341,False,703.3239941963734,419.01709029520856,False,True,137.20462610381972,177.80169983597605,109.50114201359655
205,205,3.4166666666666665,3.4166666666666665,Sports2D_HALPE26_postprocessed,487.8386286584054,423.1790454559684,1.0,504.5493321033339,445.9906020432238,1.0,526.212386232257,425.28498029074,1.0,539.9351721646434,483.2588063367313,1.0,557.6175089393608,472.1556178958165,1.0,562.1226436246898,508.0197730890339,1.0,548.6772447089121,516.071103958834,1.0,571.048216101211,457.5112292990218,1.0,593.0360313826668,442.5698355418114,1.0,580.5258668192602,535.8771108801074,1.0,662.0854591297284,465.20060115558056,1.0,585.1133296558016,602.2814139985841,1.0,708.0949104566723,414.5256985427114,1.0,584.4497678239607,614.6112555585632,1.0,579.2800440769986,616.7604954151077,1.0,587.1401558990691,616.1207698884344,1.0,737.416054886773,409.0217582386378,1.0,732.349843350992,397.2591088664551,1.0,714.2346705994412,402.1727097205234,1.0,1.0,3.4166666666666665,487.8386286584054,423.1790454559684,False,504.5493321033339,445.9906020432238,False,526.212386232257,425.28498029074,False,539.9351721646434,483.2588063367313,False,557.6175089393608,472.1556178958165,False,562.1226436246898,508.0197730890339,False,548.6772447089121,516.071103958834,False,571.048216101211,457.5112292990218,False,593.0360313826668,442.5698355418114,False,580.5258668192602,535.8771108801074,False,662.0854591297284,465.20060115558056,False,585.1133296558016,602.2814139985841,False,708.0949104566723,414.5256985427114,False,True,134.66943741208158,177.05601291324996,114.09094724090492
206,206,3.433333333333333,3.433333333333333,Sports2D_HALPE26_postprocessed,485.1104196484142,418.6253771380922,1.0,503.3221508879353,443.2110148678878,1.0,525.5598209762595,421.57626761910205,1.0,534.0131313605841,479.1266313041093,1.0,557.5853423633102,467.81229823296496,1.0,556.4026822834616,507.5312532689801,1.0,549.2479281821653,512.5382633648563,1.0,569.4972730360937,453.7649310879473,1.0,587.5550974561721,439.7005898883925,1.0,580.6313304957096,535.4412311390946,1.0,664.5136970077015,460.6364543721053,1.0,585.5091144614923,602.4756830246108,1.0,711.668631475448,410.7138947461541,1.0,585.8192802590124,614.5333026923677,1.0,580.9719246433141,616.8870733698905,1.0,587.2734533313121,616.3080812011976,1.0,748.4041102406583,411.839476840217,1.0,741.8772489611108,399.86410705307566,1.0,715.9663356153294,398.2403016809623,1.0,1.0,3.433333333333333,485.1104196484142,418.6253771380922,False,503.3221508879353,443.2110148678878,False,525.5598209762595,421.57626761910205,False,534.0131313605841,479.1266313041093,False,557.5853423633102,467.81229823296496,False,556.4026822834616,507.5312532689801,False,549.2479281821653,512.5382633648563,False,569.4972730360937,453.7649310879473,False,587.5550974561721,439.7005898883925,False,580.6313304957096,535.4412311390946,False,664.5136970077015,460.6364543721053,False,585.5091144614923,602.4756830246108,False,711.668631475448,410.7138947461541,False,True,134.73210725558766,176.399138233591,118.14847838749351
207,207,3.45,3.45,Sports2D_HALPE26_postprocessed,485.3107209938965,414.3972966696208,1.0,501.5485733610626,441.7255445042248,1.0,526.0523216701383,418.9312253683514,1.0,530.7359535886322,476.9514033107421,1.0,557.8688030068482,457.3956906583398,1.0,550.9426095355883,504.793085447693,1.0,550.3388009057383,507.3923099062806,1.0,567.1947697181389,452.8931889836567,1.0,585.0649621578214,438.806008947734,1.0,580.4548362658608,534.4627302787711,1.0,662.6473256498854,457.9901128998961,1.0,585.9453011595504,602.2082339190202,1.0,713.8807114737256,407.8878405819738,1.0,586.3899189007168,614.8610717771073,1.0,581.2974067999498,616.7669456689666,1.0,587.3661898020719,616.2133342673287,1.0,747.2101471062516,410.2628543709901,1.0,741.3879274908288,394.0519933780074,1.0,720.8222852721412,396.2221856472369,1.0,1.0,3.45,485.3107209938965,414.3972966696208,False,501.5485733610626,441.7255445042248,False,526.0523216701383,418.9312253683514,False,530.7359535886322,476.9514033107421,False,557.8688030068482,457.3956906583398,False,550.9426095355883,504.793085447693,False,550.3388009057383,507.3923099062806,False,567.1947697181389,452.8931889836567,False,585.0649621578214,438.806008947734,False,580.4548362658608,534.4627302787711,False,662.6473256498854,457.9901128998961,False,585.9453011595504,602.2082339190202,False,713.8807114737256,407.8878405819738,False,True,131.83866215976732,175.40011635290477,121.75036119200671
208,208,3.466666666666667,3.466666666666667,Sports2D_HALPE26_postprocessed,485.5903853351506,410.5389367633984,1.0,499.4783161103894,438.2837725517913,1.0,526.0936459419963,414.8546066806056,1.0,525.9390376957583,474.69076116789785,1.0,557.0704307351467,450.1610687818294,1.0,548.0814022480189,502.0940181698436,1.0,549.4308773968017,502.4197471927267,1.0,566.9908884247262,452.9275043568943,1.0,583.7197113114678,437.8166965685711,1.0,580.6000163920055,534.1479110341513,1.0,663.6850149220276,455.9885785651442,1.0,586.4475586320393,602.1880936336809,1.0,716.3568780410814,405.81392722139407,1.0,587.523399823142,615.2784070275125,1.0,582.1599138585203,616.7034339624319,1.0,587.5621975557287,616.1889286490035,1.0,752.644351880539,411.6285368474621,1.0,747.2818317772633,399.5939222591283,1.0,722.3895976093735,394.4895716678617,1.0,1.0,3.466666666666667,485.5903853351506,410.5389367633984,False,499.4783161103894,438.2837725517913,False,526.0936459419963,414.8546066806056,False,525.9390376957583,474.69076116789785,False,557.0704307351467,450.1610687818294,False,548.0814022480189,502.0940181698436,False,549.4308773968017,502.4197471927267,False,566.9908884247262,452.9275043568943,False,583.7197113114678,437.8166965685711,False,580.6000163920055,534.1479110341513,False,663.6850149220276,455.9885785651442,False,586.4475586320393,602.1880936336809,False,716.3568780410814,405.81392722139407,False,True,130.42029844574213,175.40006783650978,123.58805412192204
209,209,3.4833333333333334,3.4833333333333334,Sports2D_HALPE26_postprocessed,487.7741608095113,405.33709521751376,1.0,496.92119692995095,436.548703228694,1.0,527.57545499054,412.68016991898224,1.0,523.042040038705,473.390777967511,1.0,555.8460526910802,446.0585256571147,1.0,546.5013659558033,501.0087394144788,1.0,550.1837135772337,496.9808879828913,1.0,566.1151964929486,452.8388480172278,1.0,581.9304689662305,436.8774068636122,1.0,580.2604189266135,532.8668778329711,1.0,661.0649954246556,455.8021577769703,1.0,586.8952185296268,601.9540277280059,1.0,719.0673989660936,405.7926950974935,1.0,588.1929663728084,615.2090827806921,1.0,582.7656999190658,616.754003567421,1.0,589.3821857096373,616.2205363517626,1.0,748.8652527062453,405.3502802802094,1.0,745.3440311342079,391.4215459986224,1.0,726.6352124431347,396.4269717694903,1.0,1.0,3.4833333333333334,487.7741608095113,405.33709521751376,False,496.92119692995095,436.548703228694,False,527.57545499054,412.68016991898224,False,523.042040038705,473.390777967511,False,555.8460526910802,446.0585256571147,False,546.5013659558033,501.0087394144788,False,550.1837135772337,496.9808879828913,False,566.1151964929486,452.8388480172278,False,581.9304689662305,436.8774068636122,False,580.2604189266135,532.8668778329711,False,661.0649954246556,455.8021577769703,False,586.8952185296268,601.9540277280059,False,719.0673989660936,405.7926950974935,False,True,133.39130030513385,175.46189908626317,125.78271715829271
210,210,3.5,3.5,Sports2D_HALPE26_postprocessed,486.78074641864106,403.3085670352818,1.0,496.6166269570679,432.2974177260994,1.0,528.2736167070299,409.26152861443774,1.0,521.285111337853,472.4809917831716,1.0,555.1042474401177,444.69752573362223,1.0,548.9606734725872,502.2119323470104,1.0,549.7525546960459,493.8453652652252,1.0,565.3593892372954,452.5510693789255,1.0,582.2333370275975,435.082446712077,1.0,580.430051848829,532.6251420552052,1.0,660.7647856522701,455.04976152421006,1.0,588.0522123723292,601.9041123087235,1.0,718.7954027705814,406.9707284660557,1.0,589.0720901961143,615.0167562176707,1.0,583.4612039156657,617.0058859733616,1.0,590.3304888902051,615.9349731712961,1.0,748.6520013395054,409.2011135820096,1.0,745.0968378194541,396.8971179824353,1.0,727.532627224343,396.44873783623007,1.0,1.0,3.5,486.78074641864106,403.3085670352818,False,496.6166269570679,432.2974177260994,False,528.2736167070299,409.26152861443774,False,521.285111337853,472.4809917831716,False,555.1042474401177,444.69752573362223,False,548.9606734725872,502.2119323470104,False,549.7525546960459,493.8453652652252,False,565.3593892372954,452.5510693789255,False,582.2333370275975,435.082446712077,False,580.430051848829,532.6251420552052,False,660.7647856522701,455.04976152421006,False,588.0522123723292,601.9041123087235,False,718.7954027705814,406.9707284660557,False,True,136.65410745260468,175.61960847436737,126.09218936427261
211,211,3.5166666666666666,3.5166666666666666,Sports2D_HALPE26_postprocessed,486.09519740222095,399.1191024114037,1.0,494.7887303434113,429.8181002240551,1.0,528.0607515537733,406.1530188441748,1.0,518.4305729980608,469.83606059254487,1.0,556.7005629940879,438.0400132816552,1.0,542.3552306066449,498.20626981031126,1.0,552.0113018076595,488.6171624148847,1.0,564.8263320985938,452.0710588169081,1.0,581.8077797085626,434.35602771729344,1.0,580.7032541317238,532.19607944826,1.0,657.7441380861445,456.2135490240901,1.0,589.1632695293556,601.4933411852908,1.0,717.4424543429394,410.9201129635748,1.0,590.2756536087234,614.6166779196428,1.0,584.5206495240927,616.4932978901327,1.0,590.987473857474,615.0039365191001,1.0,745.047694065722,408.6738533000731,1.0,738.6997552479467,398.6679360965838,1.0,724.530025387139,400.912635454938,1.0,1.0,3.5166666666666666,486.09519740222095,399.1191024114037,False,494.7887303434113,429.8181002240551,False,528.0607515537733,406.1530188441748,False,518.4305729980608,469.83606059254487,False,556.7005629940879,438.0400132816552,False,542.3552306066449,498.20626981031126,False,552.0113018076595,488.6171624148847,False,564.8263320985938,452.0710588169081,False,581.8077797085626,434.35602771729344,False,580.7032541317238,532.19607944826,False,657.7441380861445,456.2135490240901,False,589.1632695293556,601.4933411852908,False,717.4424543429394,410.9201129635748,False,True,132.77386292725961,175.7523167850943,126.75427742189238
212,212,3.533333333333333,3.533333333333333,Sports2D_HALPE26_postprocessed,485.55992830892137,394.8256301279635,1.0,492.0154408257101,428.7905021472295,1.0,524.7601389597189,403.0470076133494,1.0,516.5524501525964,468.747868803924,1.0,556.7566180326928,435.8735447190293,1.0,542.8614064459111,500.1969426170351,1.0,550.0623038894969,483.2147394676257,1.0,564.3685194079092,452.0375987792489,1.0,581.159957642173,433.48207301531096,1.0,580.885636333046,532.5519369393164,1.0,653.5499944490866,459.6610133834639,1.0,589.1467917337718,601.3095547932284,1.0,714.1813894548058,418.1006034773935,1.0,590.6521424236737,614.7716062266164,1.0,585.1022352181709,615.8132371304315,1.0,590.7685640450495,615.491392403058,1.0,737.8779530979714,416.4014772685471,1.0,734.9685673906546,409.02104175918,1.0,722.0173050694677,407.98875283371,1.0,1.0,3.533333333333333,485.55992830892137,394.8256301279635,False,492.0154408257101,428.7905021472295,False,524.7601389597189,403.0470076133494,False,516.5524501525964,468.747868803924,False,556.7566180326928,435.8735447190293,False,542.8614064459111,500.1969426170351,False,550.0623038894969,483.2147394676257,False,564.3685194079092,452.0375987792489,False,581.159957642173,433.48207301531096,False,580.885636333046,532.5519369393164,False,653.5499944490866,459.6610133834639,False,589.1467917337718,601.3095547932284,False,714.1813894548058,418.1006034773935,False,True,127.68504498373586,175.25808527567756,125.68903033256412
213,213,3.55,3.55,Sports2D_HALPE26_postprocessed,483.4637361976373,394.0367834872664,1.0,491.2391735087607,425.5702611664032,1.0,524.4352426911306,400.4650975963916,1.0,513.9851012323807,467.2319004224127,1.0,554.9801461717528,431.1321885325936,1.0,540.7345542838641,499.0763185731859,1.0,548.6869921147197,474.9259780073384,1.0,564.3877035400413,452.6080153769918,1.0,580.6885449802836,433.5920128424992,1.0,581.0586511072712,532.4484057503205,1.0,650.5969170228855,460.3413005689043,1.0,589.9069223647045,602.3424656490756,1.0,713.4594149004845,423.6105115705679,1.0,591.4427018281516,615.3310522453706,1.0,586.2658574837297,616.1686499345334,1.0,590.905263519145,616.0707184921174,1.0,739.489715696594,420.21382560595447,1.0,735.4959515693919,413.774422296594,1.0,722.1495562535898,413.1618064710417,1.0,1.0,3.55,483.4637361976373,394.0367834872664,False,491.2391735087607,425.5702611664032,False,524.4352426911306,400.4650975963916,False,513.9851012323807,467.2319004224127,False,554.9801461717528,431.1321885325936,False,540.7345542838641,499.0763185731859,False,548.6869921147197,474.9259780073384,False,564.3877035400413,452.6080153769918,False,580.6885449802836,433.5920128424992,False,581.0586511072712,532.4484057503205,False,650.5969170228855,460.3413005689043,False,589.9069223647045,602.3424656490756,False,713.4594149004845,423.6105115705679,False,True,126.93696422597131,175.42090505407253,128.76357185818463
214,214,3.5666666666666664,3.5666666666666664,Sports2D_HALPE26_postprocessed,484.0714493244759,391.9613324238508,1.0,489.75790130556817,424.1751913217025,1.0,524.4202570974126,398.6701902351529,1.0,512.4007295070719,465.4059446523786,1.0,552.9731903809935,428.8479766365102,1.0,538.9426937110114,497.7940570990437,1.0,547.6848509988761,472.3302757327186,1.0,563.8017989532299,452.3736020793972,1.0,580.1958385922609,433.7739763682473,1.0,580.8727195310541,531.826806804843,1.0,644.8703090701806,463.61515022453193,1.0,590.7335252165759,602.6437655247477,1.0,706.7867254008709,434.00695758180336,1.0,590.9716175063015,615.9903900754666,1.0,586.6944971737269,616.5130930967016,1.0,592.3448453191211,616.3748321870889,1.0,730.5827142775283,430.39781894765775,1.0,730.3964876624146,423.53774852357424,1.0,716.8456878776292,423.30991828284624,1.0,1.0,3.5666666666666664,484.0714493244759,391.9613324238508,False,489.75790130556817,424.1751913217025,False,524.4202570974126,398.6701902351529,False,512.4007295070719,465.4059446523786,False,552.9731903809935,428.8479766365102,False,538.9426937110114,497.7940570990437,False,547.6848509988761,472.3302757327186,False,563.8017989532299,452.3736020793972,False,580.1958385922609,433.7739763682473,False,580.8727195310541,531.826806804843,False,644.8703090701806,463.61515022453193,False,590.7335252165759,602.6437655247477,False,706.7867254008709,434.00695758180336,False,True,129.65046346848587,175.8011578320469,129.67417952938902
215,215,3.583333333333333,3.583333333333333,Sports2D_HALPE26_postprocessed,483.7990157755367,389.5548605480624,1.0,488.359826860732,422.5994738870259,1.0,526.0134467171747,396.6402870670218,1.0,511.4705210489139,463.574657444318,1.0,554.5211398943915,426.1254741553199,1.0,536.4175623411845,498.0540012885493,1.0,548.002308329773,467.4699999414592,1.0,563.3786431748322,451.9504940309895,1.0,580.920421275725,433.766114976164,1.0,579.9223906318598,530.9507990231199,1.0,638.3158538439648,467.1710361157093,1.0,591.370348927501,602.9202402994301,1.0,703.6204350428281,439.7769237295438,1.0,590.875941074741,616.6170955506749,1.0,585.9585551378563,617.1501646114064,1.0,593.0838591854141,616.7162668607501,1.0,727.819895078877,436.9636395600663,1.0,727.2886915211337,429.95844235348926,1.0,715.1028607368863,430.4500674746553,1.0,1.0,3.583333333333333,483.7990157755367,389.5548605480624,False,488.359826860732,422.5994738870259,False,526.0134467171747,396.6402870670218,False,511.4705210489139,463.574657444318,False,554.5211398943915,426.1254741553199,False,536.4175623411845,498.0540012885493,False,548.002308329773,467.4699999414592,False,563.3786431748322,451.9504940309895,False,580.920421275725,433.766114976164,False,579.9223906318598,530.9507990231199,False,638.3158538439648,467.1710361157093,False,591.370348927501,602.9202402994301,False,703.6204350428281,439.7769237295438,False,True,127.0055352928343,177.21054041468656,127.04282945465566
216,216,3.6,3.6,Sports2D_HALPE26_postprocessed,482.3115424164471,387.548516617397,1.0,487.633222055947,420.00679216008126,1.0,524.6996971475398,394.8588742002484,1.0,510.00482155619625,462.6496027238575,1.0,554.5743463092151,424.7245017818589,1.0,534.0314080890005,497.2372179332671,1.0,547.3818481546126,464.1134051249583,1.0,562.5414629597525,451.78402437628216,1.0,580.8540714097123,434.446856688163,1.0,579.3408481353264,530.8327720019752,1.0,632.359460775918,470.7974637933378,1.0,591.4231509959095,603.763648752223,1.0,701.3145903836464,448.9967935929458,1.0,589.8702350365055,616.7697054705611,1.0,586.6662360294939,617.8898812867919,1.0,593.6268843982496,617.0097489817169,1.0,721.8000364884824,455.8056532878315,1.0,722.6661365036364,443.69067689258543,1.0,714.0348030214614,443.1012369466003,1.0,1.0,3.6,482.3115424164471,387.548516617397,False,487.633222055947,420.00679216008126,False,524.6996971475398,394.8588742002484,False,510.00482155619625,462.6496027238575,False,554.5743463092151,424.7245017818589,False,534.0314080890005,497.2372179332671,False,547.3818481546126,464.1134051249583,False,562.5414629597525,451.78402437628216,False,580.8540714097123,434.446856688163,False,579.3408481353264,530.8327720019752,False,632.359460775918,470.7974637933378,False,591.4231509959095,603.763648752223,False,701.3145903836464,448.9967935929458,False,True,124.64302681693238,177.40867513403055,127.24223268701395
217,217,3.616666666666666,3.616666666666666,Sports2D_HALPE26_postprocessed,482.0921946926971,385.4944862817002,1.0,485.8767321844935,418.9242472105933,1.0,524.281518700413,394.2562184386152,1.0,507.8421468618417,459.5919685725066,1.0,553.9164684464873,424.43116079890274,1.0,529.8477459954194,495.7500342475362,1.0,546.8515414507924,463.10371800126046,1.0,561.9706872847329,452.2598906650276,1.0,581.0554279495976,435.7596436514848,1.0,577.679252979233,530.7202398527863,1.0,624.6062171387367,474.1907043994168,1.0,591.5213302123033,603.7180688827525,1.0,695.00807708444,461.1258621532208,1.0,587.992242645164,616.418100159173,1.0,585.4904317997195,617.8893822297814,1.0,594.2178436758091,616.7045677576185,1.0,718.1752826756552,468.357498829484,1.0,715.6284277118709,458.9143271986655,1.0,709.9491180462204,455.769943490877,1.0,1.0,3.616666666666666,482.0921946926971,385.4944862817002,False,485.8767321844935,418.9242472105933,False,524.281518700413,394.2562184386152,False,507.8421468618417,459.5919685725066,False,553.9164684464873,424.43116079890274,False,529.8477459954194,495.7500342475362,False,546.8515414507924,463.10371800126046,False,561.9706872847329,452.2598906650276,False,581.0554279495976,435.7596436514848,False,577.679252979233,530.7202398527863,False,624.6062171387367,474.1907043994168,False,591.5213302123033,603.7180688827525,False,695.00807708444,461.1258621532208,False,True,125.16432079129768,179.41561043244116,128.0603710599779
218,218,3.633333333333333,3.633333333333333,Sports2D_HALPE26_postprocessed,481.9074977126375,383.5581977113813,1.0,484.4514033863117,417.9500105925736,1.0,524.2032533960036,393.6822664479713,1.0,506.5182240000535,458.9345927250791,1.0,552.5911424796705,424.1654335031607,1.0,527.5571173049398,495.7519335227503,1.0,544.7394073940042,462.7290532903672,1.0,560.001859056035,452.5088073528866,1.0,579.8705071411006,436.3115513833165,1.0,576.2777981681097,531.354436610232,1.0,617.1439998699499,477.9700766265789,1.0,591.6142722066651,604.3969189340529,1.0,688.8246620403157,474.29054436402527,1.0,587.5578015310397,616.57831369592,1.0,585.3407250409408,618.304794604427,1.0,594.7125116363516,616.81219851171,1.0,706.8255016143335,485.10297130211205,1.0,710.9081979011938,473.8171802706064,1.0,704.3929242311696,469.4993394347877,1.0,1.0,3.633333333333333,481.9074977126375,383.5581977113813,False,484.4514033863117,417.9500105925736,False,524.2032533960036,393.6822664479713,False,506.5182240000535,458.9345927250791,False,552.5911424796705,424.1654335031607,False,527.5571173049398,495.7519335227503,False,544.7394073940042,462.7290532903672,False,560.001859056035,452.5088073528866,False,579.8705071411006,436.3115513833165,False,576.2777981681097,531.354436610232,False,617.1439998699499,477.9700766265789,False,591.6142722066651,604.3969189340529,False,688.8246620403157,474.29054436402527,False,True,125.52996617009941,179.80567773416848,128.88168334355726
219,219,3.65,3.65,Sports2D_HALPE26_postprocessed,478.4071273134388,382.7381651597845,1.0,484.0968955044845,416.082682477588,1.0,523.1567283088465,392.79801442587626,1.0,505.7434550689121,457.9585260455658,1.0,552.0531258485058,423.7856870186533,1.0,525.2870989975187,496.3098727372352,1.0,544.2229863222119,461.8995007455316,1.0,558.0632973399996,452.84883580164,1.0,578.0180822484197,437.01468052171225,1.0,575.8164622297764,532.8136453083679,1.0,610.4869540043934,482.8002583195483,1.0,591.5319569524096,605.1688022870187,1.0,679.369642523052,484.1806840140244,1.0,588.1366667006332,617.0326720680918,1.0,586.0072859895432,618.9883968603137,1.0,593.8637006986346,616.7722932401845,1.0,698.5796202897127,499.86669056294994,1.0,702.5902687772232,489.32620593740495,1.0,700.0996898608144,481.0449851031752,1.0,1.0,3.65,478.4071273134388,382.7381651597845,False,484.0968955044845,416.082682477588,False,523.1567283088465,392.79801442587626,False,505.7434550689121,457.9585260455658,False,552.0531258485058,423.7856870186533,False,525.2870989975187,496.3098727372352,False,544.2229863222119,461.8995007455316,False,558.0632973399996,452.84883580164,False,578.0180822484197,437.01468052171225,False,575.8164622297764,532.8136453083679,False,610.4869540043934,482.8002583195483,False,591.5319569524096,605.1688022870187,False,679.369642523052,484.1806840140244,False,True,125.39070198731326,179.73693150877787,126.49045167602995
220,220,3.6666666666666665,3.6666666666666665,Sports2D_HALPE26_postprocessed,479.2798003180552,380.3955582855641,1.0,482.19818043408617,415.6636578478921,1.0,520.8202618695141,391.94191754077656,1.0,503.3802544182669,456.4192965632226,1.0,548.8700601832192,422.61510773289854,1.0,521.6446979480166,496.35701844012175,1.0,541.7225266274528,460.75506890606175,1.0,557.551068629375,454.0438579990725,1.0,576.9169843413191,438.92917659699725,1.0,575.3676627034566,534.054713943374,1.0,600.8098785402145,487.0988374462645,1.0,591.5409348550027,606.2867224765562,1.0,663.5669707710613,494.3827093457078,1.0,589.5382037093193,617.0713416148674,1.0,586.3235785321285,619.2215378498345,1.0,594.4599203370097,616.6728129740504,1.0,689.1405006313307,507.71128001856135,1.0,692.3586426705572,497.09337824992383,1.0,683.1885587242621,493.8664379776111,1.0,1.0,3.6666666666666665,479.2798003180552,380.3955582855641,False,482.19818043408617,415.6636578478921,False,520.8202618695141,391.94191754077656,False,503.3802544182669,456.4192965632226,False,548.8700601832192,422.61510773289854,False,521.6446979480166,496.35701844012175,False,541.7225266274528,460.75506890606175,False,557.551068629375,454.0438579990725,False,576.9169843413191,438.92917659699725,False,575.3676627034566,534.054713943374,False,600.8098785402145,487.0988374462645,False,591.5409348550027,606.2867224765562,False,663.5669707710613,494.3827093457078,False,True,126.94365961442757,179.93286952808356,123.00250581489301
221,221,3.683333333333333,3.683333333333333,Sports2D_HALPE26_postprocessed,478.0611056185502,379.3676815695133,1.0,482.3303483853701,412.64868926720914,1.0,520.3914440617995,391.0084116080631,1.0,501.9142043728592,455.36524753515965,1.0,548.1804181126901,422.8897536752789,1.0,518.0298422217448,495.7990583055683,1.0,540.8325319660844,461.7142469594685,1.0,555.5929256559212,454.8268995481143,1.0,575.4902154483493,439.67425184188966,1.0,574.1231145659502,534.9305027240192,1.0,593.5147549123235,491.2092589199983,1.0,591.4943320847717,607.0168514588055,1.0,656.403564151232,507.8843556975401,1.0,590.1011865254992,617.0550485417963,1.0,585.8888176102482,619.7199886183922,1.0,594.470016008967,616.5706598510816,1.0,674.5204714514172,526.8769893201666,1.0,679.8937596389288,520.0389478505775,1.0,673.1199241600881,509.3409869919344,1.0,1.0,3.683333333333333,478.0611056185502,379.3676815695133,False,482.3303483853701,412.64868926720914,False,520.3914440617995,391.0084116080631,False,501.9142043728592,455.36524753515965,False,548.1804181126901,422.8897536752789,False,518.0298422217448,495.7990583055683,False,540.8325319660844,461.7142469594685,False,555.5929256559212,454.8268995481143,False,575.4902154483493,439.67425184188966,False,574.1231145659502,534.9305027240192,False,593.5147549123235,491.2092589199983,False,591.4943320847717,607.0168514588055,False,656.403564151232,507.8843556975401,False,True,128.20638498848342,179.4762976691978,124.12782061012119
222,222,3.7,3.7,Sports2D_HALPE26_postprocessed,476.77975287491546,377.998819892288,1.0,481.35409806183634,411.7424581545077,1.0,519.2773060947867,389.9620199440572,1.0,500.30018315122936,454.6029463103832,1.0,546.295055524356,421.7084575558675,1.0,514.2273778238981,495.33541537019926,1.0,536.34321340556,460.21301709728186,1.0,553.7671947634454,455.1612795209484,1.0,572.8983929935428,441.0051129541206,1.0,572.3985861105214,534.3605303873567,1.0,587.5794779822184,494.4217259601755,1.0,591.3152619885487,606.674902590978,1.0,650.2355541999775,521.7770965481501,1.0,587.7662619988478,617.1344917724756,1.0,585.9619652227753,619.9461553320116,1.0,595.279469009514,616.4934917242024,1.0,659.1712955988042,544.1184867406587,1.0,663.4275525859068,539.4788243809629,1.0,666.4965177847694,524.1063926965165,1.0,1.0,3.7,476.77975287491546,377.998819892288,False,481.35409806183634,411.7424581545077,False,519.2773060947867,389.9620199440572,False,500.30018315122936,454.6029463103832,False,546.295055524356,421.7084575558675,False,514.2273778238981,495.33541537019926,False,536.34321340556,460.21301709728186,False,553.7671947634454,455.1612795209484,False,572.8983929935428,441.0051129541206,False,572.3985861105214,534.3605303873567,False,587.5794779822184,494.4217259601755,False,591.3152619885487,606.674902590978,False,650.2355541999775,521.7770965481501,False,True,125.10914199278574,178.57848067174953,128.95366351478353
223,223,3.716666666666667,3.716666666666667,Sports2D_HALPE26_postprocessed,476.91772256521705,377.4843828278725,1.0,481.3511510838942,409.70681574730753,1.0,516.8923792546758,389.1236948057329,1.0,498.7661600734836,454.5948957413893,1.0,542.354816593116,421.8603786939984,1.0,509.5926300860021,494.5311218083475,1.0,533.0115154811399,460.21549563698375,1.0,552.0951100668033,455.99923011973954,1.0,572.068853036956,443.018937936753,1.0,570.0420767585509,534.0942820838749,1.0,581.8802748706313,499.2839909273944,1.0,591.2530455871598,605.4455611337014,1.0,636.908937844188,532.5543995412793,1.0,586.6933570628098,616.8864035224267,1.0,583.9357361701626,619.6305006558948,1.0,595.6198697646212,616.0363124657185,1.0,639.5531146495373,558.004363379339,1.0,644.9216253051613,554.4216160357475,1.0,649.9500877712331,535.7251229600839,1.0,1.0,3.716666666666667,476.91772256521705,377.4843828278725,False,481.3511510838942,409.70681574730753,False,516.8923792546758,389.1236948057329,False,498.7661600734836,454.5948957413893,False,542.354816593116,421.8603786939984,False,509.5926300860021,494.5311218083475,False,533.0115154811399,460.21549563698375,False,552.0951100668033,455.99923011973954,False,572.068853036956,443.018937936753,False,570.0420767585509,534.0942820838749,False,581.8802748706313,499.2839909273944,False,591.2530455871598,605.4455611337014,False,636.908937844188,532.5543995412793,False,True,128.43379571264094,176.3864745975739,131.04891495884561
224,224,3.733333333333333,3.733333333333333,Sports2D_HALPE26_postprocessed,476.5159677373399,375.7791305209782,1.0,480.5609466702574,407.82368088014886,1.0,516.204326383822,388.37670763305294,1.0,495.95489302935687,452.491447470764,1.0,539.2377311308028,422.3458261157109,1.0,505.3465527223399,493.53454207763934,1.0,532.2761415909943,460.4861660227026,1.0,551.6190779781854,459.86263972875,1.0,570.1731647651501,447.8864566432922,1.0,568.4028052327907,534.2246931589638,1.0,575.1346216501654,501.5746951663626,1.0,590.9541140615095,605.3434930985105,1.0,619.7627325795926,544.7811106491422,1.0,586.7537503656035,617.0738949819479,1.0,584.3822674066572,619.550919279776,1.0,595.3192559948516,615.793303235831,1.0,613.4658070447925,569.4298549868204,1.0,618.4422335979737,565.3884593244381,1.0,633.2291992412557,551.9151526351533,1.0,1.0,3.733333333333333,476.5159677373399,375.7791305209782,False,480.5609466702574,407.82368088014886,False,516.204326383822,388.37670763305294,False,495.95489302935687,452.491447470764,False,539.2377311308028,422.3458261157109,False,505.3465527223399,493.53454207763934,False,532.2761415909943,460.4861660227026,False,551.6190779781854,459.86263972875,False,570.1731647651501,447.8864566432922,False,568.4028052327907,534.2246931589638,False,575.1346216501654,501.5746951663626,False,590.9541140615095,605.3434930985105,False,619.7627325795926,544.7811106491422,False,True,135.51594443684905,175.12522483608137,139.3525300166537
225,225,3.75,3.75,Sports2D_HALPE26_postprocessed,475.77453079509263,372.7372588628352,1.0,479.6283707318368,405.8570894774867,1.0,516.2484836824441,387.2862145743316,1.0,494.5997886968038,451.5910441465076,1.0,537.7525489545553,422.9862181332236,1.0,501.4805402031199,493.62602358744834,1.0,529.3466216007387,460.4730740531279,1.0,549.2538174494196,460.7617488833387,1.0,566.9245365278102,449.40035616885456,1.0,565.615402168206,533.5575586090589,1.0,571.3350424478701,507.9012942361274,1.0,590.860183074725,604.8769592260919,1.0,607.1978494634938,559.2506378441823,1.0,587.2453899488537,617.3400691707209,1.0,584.5130809062559,619.1464212709202,1.0,594.3498879751235,614.8852572175039,1.0,597.2384657531125,577.1285565940641,1.0,602.2442607713933,572.9509325800393,1.0,617.6421717809304,566.0862569860906,1.0,1.0,3.75,475.77453079509263,372.7372588628352,False,479.6283707318368,405.8570894774867,False,516.2484836824441,387.2862145743316,False,494.5997886968038,451.5910441465076,False,537.7525489545553,422.9862181332236,False,501.4805402031199,493.62602358744834,False,529.3466216007387,460.4730740531279,False,549.2538174494196,460.7617488833387,False,566.9245365278102,449.40035616885456,False,565.615402168206,533.5575586090589,False,571.3350424478701,507.9012942361274,False,590.860183074725,604.8769592260919,False,607.1978494634938,559.2506378441823,False,True,136.29839640283146,173.17496290945377,149.3807227594906
226,226,3.7666666666666666,3.7666666666666666,Sports2D_HALPE26_postprocessed,476.7023321613573,371.0406078875985,1.0,478.3949918217029,404.53864559918736,1.0,513.8993159489664,387.00440497468094,1.0,492.64206669389534,450.1641004272107,1.0,535.3999742205326,422.7286439578866,1.0,498.5594187713435,492.2060613494482,1.0,529.4668699873628,461.7311514234723,1.0,548.3581973293238,461.91205952110073,1.0,563.6482211831744,451.43397215561794,1.0,563.6836448577947,533.7110137069307,1.0,567.5997458586467,513.2107715311251,1.0,590.4639012029111,604.0738336114983,1.0,593.3159829643812,567.5151867832103,1.0,585.0072788686849,617.1234393270157,1.0,582.9844194832399,618.8494101865987,1.0,593.8044136058504,614.0658132990222,1.0,584.9034321757218,588.3189782898091,1.0,590.4538603288922,580.9269228157466,1.0,600.6902507957739,575.8262876297456,1.0,1.0,3.7666666666666666,476.7023321613573,371.0406078875985,False,478.3949918217029,404.53864559918736,False,513.8993159489664,387.00440497468094,False,492.64206669389534,450.1641004272107,False,535.3999742205326,422.7286439578866,False,498.5594187713435,492.2060613494482,False,529.4668699873628,461.7311514234723,False,548.3581973293238,461.91205952110073,False,563.6482211831744,451.43397215561794,False,563.6836448577947,533.7110137069307,False,567.5997458586467,513.2107715311251,False,590.4639012029111,604.0738336114983,False,593.3159829643812,567.5151867832103,False,True,140.30875434527326,171.21199496968373,158.31968856512276
227,227,3.783333333333333,3.783333333333333,Sports2D_HALPE26_postprocessed,475.0722718054948,370.0759173068845,1.0,477.7000888209642,402.4549301790292,1.0,511.8914390790977,386.2011916111178,1.0,491.0765016414076,448.5394630839063,1.0,530.4862080155251,423.20951520674265,1.0,494.3192830006256,491.184027518757,1.0,529.6981406370581,462.44099012648655,1.0,546.4548365055836,461.24114843667394,1.0,559.932503259564,451.56602065307976,1.0,563.0079042217038,534.5997934799233,1.0,558.0502156056339,523.5933391732647,1.0,590.1360069745118,603.6827764382056,1.0,565.4994405774603,579.5097370382877,1.0,578.0460219791879,617.0590094510665,1.0,580.2633056560653,618.8876874632994,1.0,593.6210941847002,614.9537920558528,1.0,545.6725930576691,602.0658627334611,1.0,553.5077537622979,594.8138668986692,1.0,571.509270079486,590.6577168447096,1.0,1.0,3.783333333333333,475.0722718054948,370.0759173068845,False,477.7000888209642,402.4549301790292,False,511.8914390790977,386.2011916111178,False,491.0765016414076,448.5394630839063,False,530.4862080155251,423.20951520674265,False,494.3192830006256,491.184027518757,False,529.6981406370581,462.44099012648655,False,546.4548365055836,461.24114843667394,False,559.932503259564,451.56602065307976,False,563.0079042217038,534.5997934799233,False,558.0502156056339,523.5933391732647,False,590.1360069745118,603.6827764382056,False,565.4994405774603,579.5097370382877,False,True,152.17205568544486,171.27622321956943,170.91472599322628
228,228,3.8,3.8,Sports2D_HALPE26_postprocessed,474.2378211714213,368.23327319081335,1.0,477.1065111617893,400.7250698493027,1.0,510.2246653308073,385.2659366235055,1.0,489.6883277933167,446.8163764984016,1.0,528.7495227770492,423.1545674741792,1.0,491.0690164042332,490.8199101359356,1.0,526.0640727430325,462.71204798041487,1.0,542.3638293334395,461.17202356563695,1.0,556.6083638708747,453.6663928429754,1.0,559.0155639546604,534.5799532234397,1.0,551.8520751750102,524.3649242688633,1.0,589.4053292631161,602.2532596475199,1.0,555.33633917011,579.6327036139825,1.0,578.8012214599555,616.9929393506417,1.0,581.624922417286,618.9610506086628,1.0,593.2875472743743,614.6050456128038,1.0,533.8085761091272,595.0859276072124,1.0,540.8705110095607,588.1211999164929,1.0,562.7032949013892,592.6113664134823,1.0,1.0,3.8,474.2378211714213,368.23327319081335,False,477.1065111617893,400.7250698493027,False,510.2246653308073,385.2659366235055,False,489.6883277933167,446.8163764984016,False,528.7495227770492,423.1545674741792,False,491.0690164042332,490.8199101359356,False,526.0640727430325,462.71204798041487,False,542.3638293334395,461.17202356563695,False,556.6083638708747,453.6663928429754,False,559.0155639546604,534.5799532234397,False,551.8520751750102,524.3649242688633,False,589.4053292631161,602.2532596475199,False,555.33633917011,579.6327036139825,False,True,150.06094514568076,168.59738279087367,172.54384773961343
229,229,3.8166666666666655,3.8166666666666655,Sports2D_HALPE26_postprocessed,470.9413514203743,367.2960803962757,1.0,475.84214208484224,399.8153596336279,1.0,509.4814624652688,384.53512056048464,1.0,488.0095020486317,446.78663610051126,1.0,527.6871675457006,424.1051473832687,1.0,487.5113538838587,490.7983242639634,1.0,521.7609861992686,464.7190556394347,1.0,540.320668759698,461.87481487589,1.0,552.4958477987565,456.6415420100535,1.0,553.1476916960239,535.1083276556169,1.0,542.5844261100307,531.4458962879017,1.0,588.5760650405543,599.1581907648616,1.0,534.0514331998793,593.7389747512228,1.0,580.5297227783159,617.3238071584956,1.0,582.1566319988134,619.1962895479817,1.0,591.4078722418673,611.5441111779531,1.0,499.9261681664937,611.6055337728961,1.0,511.5241842851533,607.7550755155581,1.0,540.0740900474242,607.3015177036024,1.0,1.0,3.8166666666666655,470.9413514203743,367.2960803962757,False,475.84214208484224,399.8153596336279,False,509.4814624652688,384.53512056048464,False,488.0095020486317,446.78663610051126,False,527.6871675457006,424.1051473832687,False,487.5113538838587,490.7983242639634,False,521.7609861992686,464.7190556394347,False,540.320668759698,461.87481487589,False,552.4958477987565,456.6415420100535,False,553.1476916960239,535.1083276556169,False,542.5844261100307,531.4458962879017,False,588.5760650405543,599.1581907648616,False,534.0514331998793,593.7389747512228,False,True,146.99166513692498,160.98609446957897,179.7476968515293
230,230,3.8333333333333335,3.8333333333333335,Sports2D_HALPE26_postprocessed,469.651937483842,367.1879437219868,1.0,474.50189187063467,398.5210555142773,1.0,508.62022307278994,384.3775834411856,1.0,486.5315688158372,445.0378103939156,1.0,526.3728539314502,424.5572289262315,1.0,484.1620447793444,489.91857853104113,1.0,517.5390404074285,466.5241249858232,1.0,537.2206460128672,462.0375980687376,1.0,547.9876333019696,456.8497537186647,1.0,550.3898772398024,537.66960352872,1.0,532.3944880093853,533.8302666459872,1.0,585.4539958786564,598.0550105096761,1.0,519.4137520437662,596.0841619658228,1.0,579.5853633661909,617.7837622852115,1.0,582.3148540251319,619.2805964613101,1.0,591.9926953672781,611.3669759742766,1.0,484.5451523095302,615.2875525619586,1.0,491.1029289172965,611.2685888152221,1.0,524.9542611991625,609.7271472242189,1.0,1.0,3.8333333333333335,469.651937483842,367.1879437219868,False,474.50189187063467,398.5210555142773,False,508.62022307278994,384.3775834411856,False,486.5315688158372,445.0378103939156,False,526.3728539314502,424.5572289262315,False,484.1620447793444,489.91857853104113,False,517.5390404074285,466.5241249858232,False,537.2206460128672,462.0375980687376,False,547.9876333019696,456.8497537186647,False,550.3898772398024,537.66960352872,False,532.3944880093853,533.8302666459872,False,585.4539958786564,598.0550105096761,False,519.4137520437662,596.0841619658228,False,True,144.2757218025098,159.73491513137446,179.6727337200666
231,231,3.85,3.85,Sports2D_HALPE26_postprocessed,467.72519804144827,366.5801485255873,1.0,474.313062257291,397.17309896157616,1.0,508.1557688264959,384.9587499315801,1.0,484.64158911005,444.5536013166262,1.0,524.7165363151859,426.2874832815022,1.0,480.393537576954,489.0386937066534,1.0,512.096374655713,467.8571646059205,1.0,534.1084542125983,464.0416233198844,1.0,544.0026780986785,459.037364781181,1.0,550.45777411829,541.3475987003019,1.0,522.2588710786242,536.1222720609189,1.0,585.7917546939209,600.032303756594,1.0,504.8241669138141,598.4506760349966,1.0,575.0802440615421,618.4654785718101,1.0,582.4668831828892,619.4380404946555,1.0,592.4064360949482,613.2590823823784,1.0,469.6532782120319,617.3420328106761,1.0,473.8458287804013,615.4590129991401,1.0,510.7997675181724,612.4753081880993,1.0,1.0,3.85,467.72519804144827,366.5801485255873,False,474.313062257291,397.17309896157616,False,508.1557688264959,384.9587499315801,False,484.64158911005,444.5536013166262,False,524.7165363151859,426.2874832815022,False,480.393537576954,489.0386937066534,False,512.096374655713,467.8571646059205,False,534.1084542125983,464.0416233198844,False,544.0026780986785,459.037364781181,False,550.45777411829,541.3475987003019,False,522.2588710786242,536.1222720609189,False,585.7917546939209,600.032303756594,False,504.8241669138141,598.4506760349966,False,True,141.2758195614282,160.88934530320708,179.8750531755674
232,232,3.866666666666666,3.866666666666666,Sports2D_HALPE26_postprocessed,466.3130803733835,366.4638792362616,1.0,474.3215549865336,396.6887469691627,1.0,506.97073289702365,385.3776516321933,1.0,482.8624136910081,443.5500405193401,1.0,523.354110880785,428.8259006346252,1.0,477.5844483892359,488.6162818180711,1.0,508.3550095788768,471.38299591411806,1.0,529.1391060381994,466.9356322336643,1.0,539.0641142768013,463.24497448693495,1.0,544.8002089283816,543.0403058655997,1.0,513.8376774797221,537.7445168564798,1.0,584.8883737841946,600.0103421996391,1.0,494.7122075746975,601.5492325403636,1.0,576.9720021181299,619.4986161790985,1.0,582.3889785844681,619.808577002975,1.0,592.3561031576268,613.4196577089385,1.0,462.7694488623447,619.8628587055484,1.0,466.6094641853816,618.002798552975,1.0,502.0343252774592,614.8742920386496,1.0,1.0,3.866666666666666,466.3130803733835,366.4638792362616,False,474.3215549865336,396.6887469691627,False,506.97073289702365,385.3776516321933,False,482.8624136910081,443.5500405193401,False,523.354110880785,428.8259006346252,False,477.5844483892359,488.6162818180711,False,508.3550095788768,471.38299591411806,False,529.1391060381994,466.9356322336643,False,539.0641142768013,463.24497448693495,False,544.8002089283816,543.0403058655997,False,513.8376774797221,537.7445168564798,False,584.8883737841946,600.0103421996391,False,494.7122075746975,601.5492325403636,False,True,139.9248152415317,156.49527100960546,177.97939170158836
233,233,3.883333333333333,3.883333333333333,Sports2D_HALPE26_postprocessed,464.85847292850366,366.41504126691126,1.0,473.8729603324479,396.6750668713158,1.0,506.0284504889437,385.8177792348521,1.0,481.3645130204104,443.93428069778224,1.0,519.4217899370769,432.582249384152,1.0,474.2150918813904,488.0554083661136,1.0,503.7188886017221,472.2085312989443,1.0,523.1728274183293,469.0832703099069,1.0,534.8253877922338,466.1578647071558,1.0,537.8772944453087,544.8573181933748,1.0,504.3565992520239,533.6209063427136,1.0,582.9656039791358,600.1579647275889,1.0,491.8009934052888,602.0948527566886,1.0,577.2512001468185,620.2253092087717,1.0,580.340276676552,620.5628569131127,1.0,591.9549744245852,612.6968584305378,1.0,462.4731475516105,620.2108694038841,1.0,466.22892211767805,618.4549067572428,1.0,501.4386009351476,615.7224023445505,1.0,1.0,3.883333333333333,464.85847292850366,366.41504126691126,False,473.8729603324479,396.6750668713158,False,506.0284504889437,385.8177792348521,False,481.3645130204104,443.93428069778224,False,519.4217899370769,432.582249384152,False,474.2150918813904,488.0554083661136,False,503.7188886017221,472.2085312989443,False,523.1728274183293,469.0832703099069,False,534.8253877922338,466.1578647071558,False,537.8772944453087,544.8573181933748,False,504.3565992520239,533.6209063427136,False,582.9656039791358,600.1579647275889,False,491.8009934052888,602.0948527566886,False,True,142.4011122851747,151.7907221928126,166.0848326807437
234,234,3.9,3.9,Sports2D_HALPE26_postprocessed,464.1822317741993,366.1517160580239,1.0,473.9554803043709,396.13506179707554,1.0,504.7658300197713,385.9826307893154,1.0,479.7210239852534,443.2271837710418,1.0,517.6244331313553,434.0854546195877,1.0,471.1054866292792,486.9266380438745,1.0,500.0385960811832,474.3992900045524,1.0,519.0379487332413,471.6210173923117,1.0,526.7109350149174,471.4288246162014,1.0,530.0423049630436,545.2738938733685,1.0,494.3200340614287,533.4804719604359,1.0,579.5291958878208,597.794877551608,1.0,491.6733437490441,602.3936870896621,1.0,580.2966491789982,621.8192586233545,1.0,584.946669699439,621.0084562426462,1.0,588.850398179588,604.6526053082102,1.0,462.510738090084,620.0535431626017,1.0,466.2088450573449,618.5193090040957,1.0,501.67739669046375,615.9105017337173,1.0,1.0,3.9,464.1822317741993,366.1517160580239,False,473.9554803043709,396.13506179707554,False,504.7658300197713,385.9826307893154,False,479.7210239852534,443.2271837710418,False,517.6244331313553,434.0854546195877,False,471.1054866292792,486.9266380438745,False,500.0385960811832,474.3992900045524,False,519.0379487332413,471.6210173923117,False,526.7109350149174,471.4288246162014,False,530.0423049630436,545.2738938733685,False,494.3200340614287,533.4804719604359,False,579.5291958878208,597.794877551608,False,491.6733437490441,602.3936870896621,False,True,141.46595683702535,145.2012975821551,154.63491236574563
235,235,3.9166666666666665,3.9166666666666665,Sports2D_HALPE26_postprocessed,464.8513335072881,365.6172313341808,1.0,473.5931625039635,396.36165191904007,1.0,502.0710692897048,385.5511580080896,1.0,478.7650434968128,443.9150942095689,1.0,515.2951594629101,434.2165731015685,1.0,468.715988913212,487.5123328509657,1.0,494.4684110007492,474.5004133815,1.0,514.3807170913965,473.48723971021366,1.0,507.84326180311456,472.7022367012521,1.0,521.5973670102192,544.5050974050185,1.0,490.3203544367904,534.1334855340332,1.0,574.4658318065449,594.9059524988087,1.0,492.03752772038473,600.8481268579694,1.0,580.548856756957,621.6892735067789,1.0,561.6620567203328,620.3850485229088,1.0,583.7042537178284,596.7690486807559,1.0,463.0967772851186,620.2907982597346,1.0,466.8374819426869,618.6574389428006,1.0,502.0616015130688,615.6380309584254,1.0,1.0,3.9166666666666665,464.8513335072881,365.6172313341808,False,473.5931625039635,396.36165191904007,False,502.0710692897048,385.5511580080896,False,478.7650434968128,443.9150942095689,False,515.2951594629101,434.2165731015685,False,468.715988913212,487.5123328509657,False,494.4684110007492,474.5004133815,False,514.3807170913965,473.48723971021366,False,507.84326180311456,472.7022367012521,False,521.5973670102192,544.5050974050185,False,490.3203544367904,534.1334855340332,False,574.4658318065449,594.9059524988087,False,492.03752772038473,600.8481268579694,False,True,137.45885149580909,139.43351468790476,162.60509348901462
236,236,3.933333333333333,3.933333333333333,Sports2D_HALPE26_postprocessed,464.4776616772836,365.3415288912674,1.0,473.9887962290945,395.7632682361068,1.0,499.7821363325589,386.1517120567006,1.0,478.3365524383154,444.229598019666,1.0,512.1589808355259,435.243840206077,1.0,466.8432128021444,487.3846411141956,1.0,490.70703713174,475.49154434835975,1.0,510.7327903834016,474.7999289776366,1.0,504.1930023388919,474.1210124035767,1.0,515.9665264329323,546.1424874164146,1.0,484.7898221592219,533.2061897562976,1.0,569.0790487118697,590.195278763472,1.0,492.0780339852414,601.5780468200519,1.0,581.5303094208377,622.0234761737546,1.0,580.7525836540045,619.8643865840917,1.0,580.0196340768424,589.597591241908,1.0,463.5089096332823,619.6731600131993,1.0,467.5958925077421,618.4910086022236,1.0,502.2417640728048,616.5759350473498,1.0,1.0,3.933333333333333,464.4776616772836,365.3415288912674,False,473.9887962290945,395.7632682361068,False,499.7821363325589,386.1517120567006,False,478.3365524383154,444.229598019666,False,512.1589808355259,435.243840206077,False,466.8432128021444,487.3846411141956,False,490.70703713174,475.49154434835975,False,510.7327903834016,474.7999289776366,False,504.1930023388919,474.1210124035767,False,515.9665264329323,546.1424874164146,False,484.7898221592219,533.2061897562976,False,569.0790487118697,590.195278763472,False,492.0780339852414,601.5780468200519,False,True,137.7922560318319,133.86886012220342,155.7356006497714
237,237,3.95,3.95,Sports2D_HALPE26_postprocessed,463.2768938584569,364.1751929587571,1.0,473.6597177887745,394.23388017713,1.0,497.1702504722717,385.6694342041562,1.0,477.4891489278904,442.91867429876,1.0,508.0711817926722,435.18155169111503,1.0,464.6111096969196,487.46932685657487,1.0,486.1055328232311,473.4157899806241,1.0,507.1087652870158,476.5399893252993,1.0,499.26261153437775,475.2306079388385,1.0,508.0046520554376,545.6150783583705,1.0,480.92563602252415,533.7345549686313,1.0,564.4343851586923,587.1754046250878,1.0,491.69211719000987,601.9030115272351,1.0,580.1722574935759,621.8764937137263,1.0,581.0086214630016,619.4983009028514,1.0,574.8247626732815,584.4514813614826,1.0,463.43779583795146,619.5636812592438,1.0,467.994442063699,618.880183707241,1.0,502.4694242947208,617.1497861653121,1.0,1.0,3.95,463.2768938584569,364.1751929587571,False,473.6597177887745,394.23388017713,False,497.1702504722717,385.6694342041562,False,477.4891489278904,442.91867429876,False,508.0711817926722,435.18155169111503,False,464.6111096969196,487.46932685657487,False,486.1055328232311,473.4157899806241,False,507.1087652870158,476.5399893252993,False,499.26261153437775,475.2306079388385,False,508.0046520554376,545.6150783583705,False,480.92563602252415,533.7345549686313,False,564.4343851586923,587.1754046250878,False,491.69211719000987,601.9030115272351,False,True,137.70600186794059,127.1146029697464,153.62224933428604
238,238,3.966666666666667,3.966666666666667,Sports2D_HALPE26_postprocessed,462.5546435187642,363.5492520518976,1.0,472.2323807915773,393.725637281481,1.0,496.0131331923119,385.5873838607965,1.0,475.9894660132325,442.52417777420766,1.0,504.5915472983059,435.1768383139826,1.0,463.0172063210584,486.5517897607519,1.0,482.1803290379218,473.6185722923706,1.0,504.5354121769621,476.7968252017688,1.0,500.3828380189236,475.7233482204556,1.0,497.99263589802285,542.891298336344,1.0,480.8905842558013,535.4627321789242,1.0,558.2363342831192,585.6753952929946,1.0,491.1235427407837,600.9346329035831,1.0,555.8832994639143,620.3877453547145,1.0,556.6624002867197,618.3651492770615,1.0,509.00588141195897,581.1910975422535,1.0,463.6144015241528,619.8575287541637,1.0,468.0227079061439,619.2331378530594,1.0,503.0667794414313,616.4182055203303,1.0,1.0,3.966666666666667,462.5546435187642,363.5492520518976,False,472.2323807915773,393.725637281481,False,496.0131331923119,385.5873838607965,False,475.9894660132325,442.52417777420766,False,504.5915472983059,435.1768383139826,False,463.0172063210584,486.5517897607519,False,482.1803290379218,473.6185722923706,False,504.5354121769621,476.7968252017688,False,500.3828380189236,475.7233482204556,False,497.99263589802285,542.891298336344,False,480.8905842558013,535.4627321789242,False,558.2363342831192,585.6753952929946,False,491.1235427407837,600.9346329035831,False,True,139.94377093726968,119.72838758726122,153.04590877921868
239,239,3.983333333333333,3.983333333333333,Sports2D_HALPE26_postprocessed,460.7648647793211,361.5009871506253,1.0,469.9875443120976,393.46791335468,1.0,494.6775530388679,385.3647260761674,1.0,474.1400141965184,443.1462368878416,1.0,500.9449346746781,434.9573423208843,1.0,460.8674266835753,487.3169814167371,1.0,478.6118984194748,475.5919066294016,1.0,500.4040613750828,477.5114378194333,1.0,501.1346295425208,475.7026348218738,1.0,491.77174107979465,543.0170900616183,1.0,477.4924277867781,536.5002602061779,1.0,554.4720483139042,582.195066902018,1.0,490.5810446449203,602.0860311975935,1.0,561.5973681735492,620.5548898405536,1.0,565.729178345339,617.7494984516876,1.0,562.0285252270426,579.3187458111364,1.0,463.64292259314,619.9430057745546,1.0,468.2093500374506,618.8564647185596,1.0,502.5109595153749,616.1223585710441,1.0,1.0,3.983333333333333,460.7648647793211,361.5009871506253,False,469.9875443120976,393.46791335468,False,494.6775530388679,385.3647260761674,False,474.1400141965184,443.1462368878416,False,500.9449346746781,434.9573423208843,False,460.8674266835753,487.3169814167371,False,478.6118984194748,475.5919066294016,False,500.4040613750828,477.5114378194333,False,501.1346295425208,475.7026348218738,False,491.77174107979465,543.0170900616183,False,477.4924277867781,536.5002602061779,False,554.4720483139042,582.195066902018,False,490.5810446449203,602.0860311975935,False,True,144.00379861189944,114.4918304952791,147.46461533837
240,240,4.0,4.0,Sports2D_HALPE26_postprocessed,459.35155891580064,359.80713994655446,1.0,468.8198465976973,393.1244050859154,1.0,493.64530939125166,385.00129262450207,1.0,472.6441726597207,443.5583492572691,1.0,499.38573854563776,433.8824490487172,1.0,461.5858125941715,486.37367077022094,1.0,480.6786032723338,478.2262223864641,1.0,497.4732849291475,477.2342760117069,1.0,499.0933335081367,475.69025880821226,1.0,486.4664665397855,542.638092212808,1.0,477.285008809749,537.5280430698718,1.0,549.5747920594927,580.0481631194294,1.0,491.25038238476407,602.7968701971452,1.0,554.9825435706558,618.9745782217034,1.0,560.3390104394938,614.7173461913617,1.0,560.9223373975705,577.3280227116383,1.0,463.7144678609391,619.7312814127984,1.0,467.9255744069376,617.8782743759459,1.0,503.4293366664386,615.6894341122345,1.0,1.0,4.0,459.35155891580064,359.80713994655446,False,468.8198465976973,393.1244050859154,False,493.64530939125166,385.00129262450207,False,472.6441726597207,443.5583492572691,False,499.38573854563776,433.8824490487172,False,461.5858125941715,486.37367077022094,False,480.6786032723338,478.2262223864641,False,497.4732849291475,477.2342760117069,False,499.0933335081367,475.69025880821226,False,486.4664665397855,542.638092212808,False,477.285008809749,537.5280430698718,False,549.5747920594927,580.0481631194294,False,491.25038238476407,602.7968701971452,False,True,150.42883321030712,111.10629309347156,148.4964927188983
241,241,4.016666666666667,4.016666666666667,Sports2D_HALPE26_postprocessed,458.987957100754,358.88986455749745,1.0,467.18473080635727,392.47602629673696,1.0,492.8345769519616,383.9312102767631,1.0,471.3768422497772,442.45076789197645,1.0,498.5690128866272,432.66824706492457,1.0,461.3085816425434,485.4621627145348,1.0,481.1743161786004,477.4140823909638,1.0,495.81978819153824,477.21427448528607,1.0,500.4506980294154,474.8428704517884,1.0,482.7377211115241,541.5330751690259,1.0,476.4439893353322,535.5753322861607,1.0,543.8468155347776,577.4306936799528,1.0,491.3566735124567,602.9351041825341,1.0,549.1711173141533,617.4409453120958,1.0,555.4461228418835,612.8603561778316,1.0,554.9862422154182,574.0919754787548,1.0,462.4733007962353,620.093394922186,1.0,467.3070105326317,617.2069096981406,1.0,502.1115260429084,615.649437283615,1.0,1.0,4.016666666666667,458.987957100754,358.88986455749745,False,467.18473080635727,392.47602629673696,False,492.8345769519616,383.9312102767631,False,471.3768422497772,442.45076789197645,False,498.5690128866272,432.66824706492457,False,461.3085816425434,485.4621627145348,False,481.1743161786004,477.4140823909638,False,495.81978819153824,477.21427448528607,False,500.4506980294154,474.8428704517884,False,482.7377211115241,541.5330751690259,False,476.4439893353322,535.5753322861607,False,543.8468155347776,577.4306936799528,False,491.3566735124567,602.9351041825341,False,True,152.04607156184113,108.93466533840905,145.9485096536764
242,242,4.033333333333333,4.033333333333333,Sports2D_HALPE26_postprocessed,458.9602491542879,357.5851504117689,1.0,465.9592787834538,391.93995304152594,1.0,490.17795414310615,382.8555430151963,1.0,469.3895328424582,442.0929113391245,1.0,494.8621328623781,431.8898008139116,1.0,460.4987006642973,484.3858145241012,1.0,472.6683787115076,477.5318313137534,1.0,493.9778700953411,476.6683734469794,1.0,498.85525693183854,473.7620140074072,1.0,474.650792697422,537.9391746364005,1.0,474.62570573214447,533.4852996573183,1.0,538.1289424797754,576.0551685868555,1.0,490.5088439311499,603.5173425752027,1.0,542.5546066032202,615.029316092948,1.0,547.9634879838839,611.0728761356172,1.0,549.3645510619062,572.2463030775549,1.0,462.612505850274,620.2338858388173,1.0,467.74581317630543,617.19680989929,1.0,502.50522604852347,615.3229243960392,1.0,1.0,4.033333333333333,458.9602491542879,357.5851504117689,False,465.9592787834538,391.93995304152594,False,490.17795414310615,382.8555430151963,False,469.3895328424582,442.0929113391245,False,494.8621328623781,431.8898008139116,False,460.4987006642973,484.3858145241012,False,472.6683787115076,477.5318313137534,False,493.9778700953411,476.6683734469794,False,498.85525693183854,473.7620140074072,False,474.650792697422,537.9391746364005,False,474.62570573214447,533.4852996573183,False,538.1289424797754,576.0551685868555,False,490.5088439311499,603.5173425752027,False,True,148.61150833572574,103.47586615497879,145.13935049742213
243,243,4.05,4.05,Sports2D_HALPE26_postprocessed,456.8297151388989,355.6205880067928,1.0,464.58741075749634,390.6324547058409,1.0,488.3665858011234,381.46958218927966,1.0,468.4026594667396,439.0188687829014,1.0,489.8132285288569,431.90288587682295,1.0,458.20718225222726,481.9369407218386,1.0,464.1131171837876,474.7502511864963,1.0,491.7362566790818,475.0682528639437,1.0,498.2094407414965,471.6625372888256,1.0,470.3171710208287,536.0723385322382,1.0,474.2458980098386,532.571908426601,1.0,531.3430061222716,575.3290084191774,1.0,489.9073406642929,603.0481387339944,1.0,534.7917688030903,614.787074015526,1.0,538.2876882791913,609.1327807441137,1.0,544.0160958031711,572.427023503184,1.0,462.2543739075255,620.6328016130765,1.0,467.7437259361639,617.2103323850424,1.0,501.13172128205633,615.5030898917296,1.0,1.0,4.05,456.8297151388989,355.6205880067928,False,464.58741075749634,390.6324547058409,False,488.3665858011234,381.46958218927966,False,468.4026594667396,439.0188687829014,False,489.8132285288569,431.90288587682295,False,458.20718225222726,481.9369407218386,False,464.1131171837876,474.7502511864963,False,491.7362566790818,475.0682528639437,False,498.2094407414965,471.6625372888256,False,470.3171710208287,536.0723385322382,False,474.2458980098386,532.571908426601,False,531.3430061222716,575.3290084191774,False,489.9073406642929,603.0481387339944,False,True,147.40137542578964,103.40571160967365,145.99500794221527
244,244,4.066666666666666,4.066666666666666,Sports2D_HALPE26_postprocessed,455.69888125116427,353.9469389308401,1.0,463.612951153017,388.9099858145666,1.0,486.67010449061945,379.9992730585106,1.0,467.0492392292592,436.9290942966277,1.0,486.31124699956194,433.23969664668425,1.0,456.7592483993654,480.76658061056617,1.0,460.6878023931973,469.1442113723358,1.0,488.5625409614177,473.4378261469483,1.0,498.8360901797046,469.86924385677503,1.0,466.7973189650584,535.2326937215566,1.0,474.09455499798014,532.4837078493581,1.0,525.8365344019876,574.898259226726,1.0,490.0673859088977,602.749282504655,1.0,527.3902450739964,615.3769591630293,1.0,529.8800965816467,606.2032774286479,1.0,537.7125113092411,573.4539664079824,1.0,462.5121480245425,620.7707025474768,1.0,467.6943348466961,617.2226688349024,1.0,501.3410067502896,616.4916267799076,1.0,1.0,4.066666666666666,455.69888125116427,353.9469389308401,False,463.612951153017,388.9099858145666,False,486.67010449061945,379.9992730585106,False,467.0492392292592,436.9290942966277,False,486.31124699956194,433.23969664668425,False,456.7592483993654,480.76658061056617,False,460.6878023931973,469.1442113723358,False,488.5625409614177,473.4378261469483,False,498.8360901797046,469.86924385677503,False,466.7973189650584,535.2326937215566,False,474.09455499798014,532.4837078493581,False,525.8365344019876,574.898259226726,False,490.0673859088977,602.749282504655,False,True,144.87243550011232,104.49207950624204,145.6321089703282
245,245,4.083333333333333,4.083333333333333,Sports2D_HALPE26_postprocessed,453.6239885820213,351.9590305517424,1.0,461.9489228337177,388.3303785072284,1.0,485.6077122851781,378.6082910208417,1.0,465.3478550955314,436.2353615782056,1.0,486.49529729440206,431.6571203455672,1.0,455.4837295012408,479.1450376914639,1.0,458.8132849628982,466.6170331720333,1.0,485.1114673756049,472.41300972362416,1.0,498.4158696897165,468.4556653643273,1.0,458.5677935616268,534.0176348559003,1.0,475.20165729316943,530.8614764393717,1.0,517.6531754804954,573.5420375017543,1.0,490.0440996069083,601.9181137126589,1.0,519.15512562017,613.9029865883716,1.0,521.165420406299,611.5302066416483,1.0,531.9720496638206,573.916571987717,1.0,463.0241293438,619.85869848213,1.0,467.9835355374747,616.1842079758114,1.0,501.3593623129518,616.1898841131319,1.0,1.0,4.083333333333333,453.6239885820213,351.9590305517424,False,461.9489228337177,388.3303785072284,False,485.6077122851781,378.6082910208417,False,465.3478550955314,436.2353615782056,False,486.49529729440206,431.6571203455672,False,455.4837295012408,479.1450376914639,False,458.8132849628982,466.6170331720333,False,485.1114673756049,472.41300972362416,False,498.4158696897165,468.4556653643273,False,458.5677935616268,534.0176348559003,False,475.20165729316943,530.8614764393717,False,517.6531754804954,573.5420375017543,False,490.0440996069083,601.9181137126589,False,True,140.66850656489063,100.47020182696036,147.79699692470464
246,246,4.1,4.1,Sports2D_HALPE26_postprocessed,452.7760631771308,350.3427337320704,1.0,460.2319998455106,386.7809852184904,1.0,485.2153299497135,377.3723965316705,1.0,463.1922516721311,435.4652127104205,1.0,485.791742790504,429.516878436436,1.0,454.2058575966754,478.0751644133051,1.0,455.20585080840766,465.3160459237325,1.0,483.348800709478,471.92066082463856,1.0,498.5694593826794,467.8557111583078,1.0,457.5286284351363,533.5392504869492,1.0,475.4216863619869,530.7267394878407,1.0,509.52508075128736,575.3547719786658,1.0,490.2383792270359,601.5506014251562,1.0,510.0462777988828,612.7556743970149,1.0,512.9671884539946,607.464856199117,1.0,525.3923584000764,576.7799372628995,1.0,463.45195205711207,620.228444040339,1.0,468.4245500734183,615.9542503297769,1.0,501.4826583912076,615.86074573161,1.0,1.0,4.1,452.7760631771308,350.3427337320704,False,460.2319998455106,386.7809852184904,False,485.2153299497135,377.3723965316705,False,463.1922516721311,435.4652127104205,False,485.791742790504,429.516878436436,False,454.2058575966754,478.0751644133051,False,455.20585080840766,465.3160459237325,False,483.348800709478,471.92066082463856,False,498.5694593826794,467.8557111583078,False,457.5286284351363,533.5392504869492,False,475.4216863619869,530.7267394878407,False,509.52508075128736,575.3547719786658,False,490.2383792270359,601.5506014251562,False,True,138.85694081036007,106.07097131109036,147.9712324438796
247,247,4.116666666666666,4.116666666666666,Sports2D_HALPE26_postprocessed,452.3859627034315,349.48082363241457,1.0,459.2862612759421,385.20620350442994,1.0,483.6789677052816,375.872648770728,1.0,462.2813204201707,433.6902240497227,1.0,485.0268692674297,426.9370731118406,1.0,452.8705622313541,477.18907279547096,1.0,453.2939002437458,463.3044590267927,1.0,482.1384890108035,470.1566630179855,1.0,497.51612715555126,467.1568745961023,1.0,454.1854971865546,530.7017940229788,1.0,475.2944405119766,529.741666559808,1.0,501.52684609761087,576.7818734319782,1.0,490.20099380293175,601.2010144339755,1.0,500.1395782558725,615.4003874805826,1.0,500.6303198012843,610.6800888861002,1.0,519.848714727393,579.4941889041351,1.0,463.88827521621,619.8594169285575,1.0,468.1271969506018,615.9979718991793,1.0,500.5540592824698,615.479933421666,1.0,1.0,4.116666666666666,452.3859627034315,349.48082363241457,False,459.2862612759421,385.20620350442994,False,483.6789677052816,375.872648770728,False,462.2813204201707,433.6902240497227,False,485.0268692674297,426.9370731118406,False,452.8705622313541,477.18907279547096,False,453.2939002437458,463.3044590267927,False,482.1384890108035,470.1566630179855,False,497.51612715555126,467.1568745961023,False,454.1854971865546,530.7017940229788,False,475.2944405119766,529.741666559808,False,501.52684609761087,576.7818734319782,False,490.20099380293175,601.2010144339755,False,True,137.3810993024799,109.44427681329661,148.66878220921274
248,248,4.133333333333333,4.133333333333333,Sports2D_HALPE26_postprocessed,452.4976147406039,348.6400079662281,1.0,457.7915296074947,383.7320109580793,1.0,482.6788010386819,375.0380172274876,1.0,461.2483647122993,433.52498692901344,1.0,482.6527489222502,424.1207280818159,1.0,452.2429914840258,476.5842831220398,1.0,451.6424406451309,460.79304666231207,1.0,480.68668638103134,467.5420874302371,1.0,495.7025290313356,465.1529151931621,1.0,450.20475056672416,526.7786103181372,1.0,476.1546342119363,529.1965802361167,1.0,492.8148974258793,580.9826143807713,1.0,490.7303056330489,601.8309085273809,1.0,493.133618402338,615.627505531874,1.0,490.1824837032371,611.5390661254228,1.0,506.3757946281807,582.9945795803914,1.0,464.1820310403547,617.5031937372474,1.0,467.7109656946755,614.2153074645164,1.0,500.2617925237235,615.4142491833495,1.0,1.0,4.133333333333333,452.4976147406039,348.6400079662281,False,457.7915296074947,383.7320109580793,False,482.6788010386819,375.0380172274876,False,461.2483647122993,433.52498692901344,False,482.6527489222502,424.1207280818159,False,452.2429914840258,476.5842831220398,False,451.6424406451309,460.79304666231207,False,480.68668638103134,467.5420874302371,False,495.7025290313356,465.1529151931621,False,450.20475056672416,526.7786103181372,False,476.1546342119363,529.1965802361167,False,492.8148974258793,580.9826143807713,False,490.7303056330489,601.8309085273809,False,True,139.81237262839178,114.59941502225796,151.67941751927512
249,249,4.15,4.15,Sports2D_HALPE26_postprocessed,449.43515743324247,347.0802616239789,1.0,455.7927568096206,383.02385387104175,1.0,480.9948104364319,373.7218256885949,1.0,459.3318193632841,432.9086500013854,1.0,479.54109746761816,423.12305980652985,1.0,450.74193899969015,476.3032722354274,1.0,448.1622312177707,460.1078760200133,1.0,478.0216026440088,466.8414968239044,1.0,493.64790684892864,464.42693502548616,1.0,447.2048834743934,526.5321824681774,1.0,475.4486350646377,529.0331124105485,1.0,488.94617832336,582.5423503776713,1.0,490.8838434106793,601.5618149951226,1.0,479.036366359973,615.6826030829452,1.0,476.0526731617158,614.235024070433,1.0,499.64638369318897,591.2651613008818,1.0,465.2647772070412,615.7674606920273,1.0,467.471064245113,613.7006161532197,1.0,500.4618304634757,615.4108623402076,1.0,1.0,4.15,449.43515743324247,347.0802616239789,False,455.7927568096206,383.02385387104175,False,480.9948104364319,373.7218256885949,False,459.3318193632841,432.9086500013854,False,479.54109746761816,423.12305980652985,False,450.74193899969015,476.3032722354274,False,448.1622312177707,460.1078760200133,False,478.0216026440088,466.8414968239044,False,493.64790684892864,464.42693502548616,False,447.2048834743934,526.5321824681774,False,475.4486350646377,529.0331124105485,False,488.94617832336,582.5423503776713,False,490.8838434106793,601.5618149951226,False,True,141.37340902005982,115.99875698017968,152.25353275991532
250,250,4.166666666666667,4.166666666666667,Sports2D_HALPE26_postprocessed,449.01614044035006,345.41279458331303,1.0,453.7161758602612,382.6536596029,1.0,479.810242236875,374.0272978244399,1.0,457.6915286602607,432.4410127175711,1.0,478.647446695194,422.6731209098825,1.0,449.5913169725577,476.1084693803707,1.0,445.9119674643598,458.9594936257929,1.0,477.21484005478464,464.08731440673495,1.0,492.8782264502688,461.7752096041578,1.0,446.4043496954429,525.9980081154848,1.0,475.259698431006,528.4107579290438,1.0,481.3393932869292,587.2514875783185,1.0,489.50190329837886,599.0238765069125,1.0,470.6196607298773,615.4484062111294,1.0,470.699337103462,617.2339283553725,1.0,493.3999936177999,600.4109819124683,1.0,465.2252776586722,614.8188006170428,1.0,467.7670984891028,613.8898841925683,1.0,498.9254830817176,614.5519192919647,1.0,1.0,4.166666666666667,449.01614044035006,345.41279458331303,False,453.7161758602612,382.6536596029,False,479.810242236875,374.0272978244399,False,457.6915286602607,432.4410127175711,False,478.647446695194,422.6731209098825,False,449.5913169725577,476.1084693803707,False,445.9119674643598,458.9594936257929,False,477.21484005478464,464.08731440673495,False,492.8782264502688,461.7752096041578,False,446.4043496954429,525.9980081154848,False,475.259698431006,528.4107579290438,False,481.3393932869292,587.2514875783185,False,489.50190329837886,599.0238765069125,False,True,139.31433566436172,123.8446423183854,153.78662907915296
251,251,4.183333333333334,4.183333333333334,Sports2D_HALPE26_postprocessed,447.6907235466167,343.9490934247493,1.0,452.309124585604,381.6647242836094,1.0,478.4835747377142,373.2148050877853,1.0,455.8895567819777,432.8643323901804,1.0,475.54561729964286,423.41928455844254,1.0,447.833931151237,476.1434512590374,1.0,442.26382503764427,458.3584066258949,1.0,474.0448003683183,463.2805869427797,1.0,491.143167964292,461.2430544054751,1.0,443.1276312377605,525.9799647041855,1.0,474.4989616826877,528.1263669451882,1.0,474.8998384642847,590.8157323039419,1.0,489.58255462522914,599.8622692097373,1.0,456.2768719387153,615.7783644138287,1.0,462.7630424751276,616.7258152031569,1.0,485.53323506955655,601.7921992557276,1.0,462.9142257831868,614.8409714749696,1.0,467.8214162776562,613.5470760233018,1.0,497.7624181992534,613.736619942309,1.0,1.0,4.183333333333334,447.6907235466167,343.9490934247493,False,452.309124585604,381.6647242836094,False,478.4835747377142,373.2148050877853,False,455.8895567819777,432.8643323901804,False,475.54561729964286,423.41928455844254,False,447.833931151237,476.1434512590374,False,442.26382503764427,458.3584066258949,False,474.0448003683183,463.2805869427797,False,491.143167964292,461.2430544054751,False,443.1276312377605,525.9799647041855,False,474.4989616826877,528.1263669451882,False,474.8998384642847,590.8157323039419,False,489.58255462522914,599.8622692097373,False,True,139.7407649832445,127.64525117303518,154.1511967567245
252,252,4.2,4.2,Sports2D_HALPE26_postprocessed,445.8245758790399,343.25204327708803,1.0,450.7121524507712,380.7582095801602,1.0,477.0218448644095,371.20497925967913,1.0,454.7317050134918,431.6587510496,1.0,474.4040789991449,422.45722838505503,1.0,447.1058966023006,474.9526968006834,1.0,441.30455351922063,457.2224718505797,1.0,472.5011789607341,462.54848869429975,1.0,489.80607417931134,460.1749790932979,1.0,440.5466960036725,524.2875252211779,1.0,474.07350144538646,527.9242527828487,1.0,466.8751097511546,592.7762609736055,1.0,489.3918787005915,598.9031214486578,1.0,445.4925532059367,615.5898692835099,1.0,451.0778857732912,616.1442016682288,1.0,477.0412335303983,605.0517073417154,1.0,463.8245940608292,615.0861674707378,1.0,467.8380087469681,614.1372974889905,1.0,497.9147823819162,612.9880870495443,1.0,1.0,4.2,445.8245758790399,343.25204327708803,False,450.7121524507712,380.7582095801602,False,477.0218448644095,371.20497925967913,False,454.7317050134918,431.6587510496,False,474.4040789991449,422.45722838505503,False,447.1058966023006,474.9526968006834,False,441.30455351922063,457.2224718505797,False,472.5011789607341,462.54848869429975,False,489.80607417931134,460.1749790932979,False,440.5466960036725,524.2875252211779,False,474.07350144538646,527.9242527828487,False,466.8751097511546,592.7762609736055,False,489.3918787005915,598.9031214486578,False,True,139.3299284802435,131.60737888655143,154.74805783138004
253,253,4.216666666666667,4.216666666666667,Sports2D_HALPE26_postprocessed,446.0684578649925,342.2053715885592,1.0,448.8935685573503,379.68001213219,1.0,475.05877964533454,370.2324556190757,1.0,452.4894469990504,430.570443650509,1.0,471.8726917256004,421.69311682101306,1.0,445.2954347529065,473.8842003065325,1.0,437.6804486644363,456.37025718310633,1.0,470.3039491251044,462.0458670480807,1.0,488.7095748327024,459.514026564771,1.0,439.5557470701912,523.3661922890725,1.0,473.94088557661,527.3991888977761,1.0,459.4270083581168,594.7714410810122,1.0,490.2344560391736,598.1898079077997,1.0,435.8625990958956,615.2426502252956,1.0,438.9053398592857,617.0217406389627,1.0,468.5993044632555,608.7706266049835,1.0,465.6694899799701,615.1647755631682,1.0,467.88806707919935,614.4340405454217,1.0,498.01029412338,611.7771993699107,1.0,1.0,4.216666666666667,446.0684578649925,342.2053715885592,False,448.8935685573503,379.68001213219,False,475.05877964533454,370.2324556190757,False,452.4894469990504,430.570443650509,False,471.8726917256004,421.69311682101306,False,445.2954347529065,473.8842003065325,False,437.6804486644363,456.37025718310633,False,470.3039491251044,462.0458670480807,False,488.7095748327024,459.514026564771,False,439.5557470701912,523.3661922890725,False,473.94088557661,527.3991888977761,False,459.4270083581168,594.7714410810122,False,490.2344560391736,598.1898079077997,False,True,138.946238748884,137.81790283511194,154.76454530196702
254,254,4.233333333333333,4.233333333333333,Sports2D_HALPE26_postprocessed,443.8704729296878,340.9744680705949,1.0,446.8859504404918,378.9983743452423,1.0,474.309541767341,369.7187498528262,1.0,449.9995863894093,428.9923876308279,1.0,470.0575184531649,420.85310774734575,1.0,442.8555097922355,473.3620090380836,1.0,436.94125358837874,453.0684591338611,1.0,466.31581677393433,461.7374293363618,1.0,485.6920466736224,458.68166179858446,1.0,437.6842705831263,522.138655957165,1.0,473.3325328211471,526.8918951531634,1.0,449.2428252585502,597.8596216991422,1.0,489.7068094666103,597.455332225504,1.0,426.1403941176152,614.7710485823951,1.0,425.6614871580632,617.5422692705848,1.0,454.89358053635726,614.283104175498,1.0,465.98522089977496,615.5277937018483,1.0,468.1963039075051,614.2908495762142,1.0,497.88219831253855,612.0273394329203,1.0,1.0,4.233333333333333,443.8704729296878,340.9744680705949,False,446.8859504404918,378.9983743452423,False,474.309541767341,369.7187498528262,False,449.9995863894093,428.9923876308279,False,470.0575184531649,420.85310774734575,False,442.8555097922355,473.3620090380836,False,436.94125358837874,453.0684591338611,False,466.31581677393433,461.7374293363618,False,485.6920466736224,458.68166179858446,False,437.6842705831263,522.138655957165,False,473.3325328211471,526.8918951531634,False,449.2428252585502,597.8596216991422,False,489.7068094666103,597.455332225504,False,True,138.9633835455484,145.95897623695808,156.6652963298643
255,255,4.25,4.25,Sports2D_HALPE26_postprocessed,443.0159372150427,340.8209376211916,1.0,445.5040252360029,378.6525075766048,1.0,473.11099877908697,369.3714257726394,1.0,449.0749939514629,428.2725579849255,1.0,466.9268139213857,421.36721388182025,1.0,441.9386297788544,473.1811467992363,1.0,434.6963247719436,452.6790398447744,1.0,464.9266273529227,461.28553398190775,1.0,484.37440356136113,458.2682064096996,1.0,437.3512975849771,524.1362668383513,1.0,472.1734847926376,526.9903926583656,1.0,442.1987563562772,599.8987328657262,1.0,489.51518742115866,597.2635772493179,1.0,417.7161325803,614.2769304950788,1.0,416.59683216800846,617.5922839182916,1.0,447.2479757874613,616.517852759586,1.0,464.57037351981415,617.1188269694801,1.0,468.0008801342036,614.6261393998932,1.0,498.20316246819976,612.0829403098849,1.0,1.0,4.25,443.0159372150427,340.8209376211916,False,445.5040252360029,378.6525075766048,False,473.11099877908697,369.3714257726394,False,449.0749939514629,428.2725579849255,False,466.9268139213857,421.36721388182025,False,441.9386297788544,473.1811467992363,False,434.6963247719436,452.6790398447744,False,464.9266273529227,461.28553398190775,False,484.37440356136113,458.2682064096996,False,437.3512975849771,524.1362668383513,False,472.1734847926376,526.9903926583656,False,442.1987563562772,599.8987328657262,False,489.51518742115866,597.2635772493179,False,True,140.95438738422584,152.64993739065187,156.0703923107639
256,256,4.266666666666667,4.266666666666667,Sports2D_HALPE26_postprocessed,442.5848514423796,340.5279931513346,1.0,443.3162477353157,378.81124008785787,1.0,471.862680212642,369.5863190312388,1.0,446.8897101902441,428.4641082625408,1.0,465.1814204367852,421.0318575348204,1.0,440.21930559526845,473.426595180688,1.0,433.00100770544327,451.7223446320068,1.0,462.68464253952186,462.0069664990418,1.0,482.65185743422535,458.8830890187246,1.0,437.0374187324449,525.9678638532387,1.0,471.44907642578994,526.2189249913322,1.0,435.2093448957894,600.9564648104963,1.0,489.3321421058824,596.9147401486429,1.0,413.2460456438767,613.8447172949562,1.0,410.61342700191017,617.2609701442193,1.0,438.7114012154814,617.7902302961432,1.0,464.4723680717921,617.5555200390723,1.0,467.6684915167388,614.7114087345736,1.0,498.4935541942498,612.04897374935,1.0,1.0,4.266666666666667,442.5848514423796,340.5279931513346,False,443.3162477353157,378.81124008785787,False,471.862680212642,369.5863190312388,False,446.8897101902441,428.4641082625408,False,465.1814204367852,421.0318575348204,False,440.21930559526845,473.426595180688,False,433.00100770544327,451.7223446320068,False,462.68464253952186,462.0069664990418,False,482.65185743422535,458.8830890187246,False,437.0374187324449,525.9678638532387,False,471.44907642578994,526.2189249913322,False,435.2093448957894,600.9564648104963,False,489.3321421058824,596.9147401486429,False,True,141.04206631416335,159.5465416906153,156.35848051151734
257,257,4.283333333333333,4.283333333333333,Sports2D_HALPE26_postprocessed,440.566882982012,340.5623895777716,1.0,441.4562343929389,378.8443171756,1.0,470.353813948062,369.6253397870413,1.0,444.5289492684576,428.60649497590526,1.0,464.0338387625697,420.5180998704636,1.0,437.9505506856434,473.4932811959408,1.0,432.0347983719452,450.3641268434652,1.0,459.723793125983,462.4748367202234,1.0,480.5621656803441,459.2395729199477,1.0,435.2931336141845,527.2790911670337,1.0,470.9091650084056,526.6037758640721,1.0,428.77570197265527,601.8147238775468,1.0,489.1822143079793,597.0602965528725,1.0,408.83842861377366,614.0104846596614,1.0,405.90898137068245,617.0951109636243,1.0,431.551800602674,618.0516915655884,1.0,465.8195456325102,618.3256253667917,1.0,469.5293947251862,614.9380196142595,1.0,498.32584120610994,611.8772503500026,1.0,1.0,4.283333333333333,440.566882982012,340.5623895777716,False,441.4562343929389,378.8443171756,False,470.353813948062,369.6253397870413,False,444.5289492684576,428.60649497590526,False,464.0338387625697,420.5180998704636,False,437.9505506856434,473.4932811959408,False,432.0347983719452,450.3641268434652,False,459.723793125983,462.4748367202234,False,480.5621656803441,459.2395729199477,False,435.2931336141845,527.2790911670337,False,470.9091650084056,526.6037758640721,False,428.77570197265527,601.8147238775468,False,489.1822143079793,597.0602965528725,False,True,140.08504263263958,164.34123885838227,157.3058328057188
258,258,4.3,4.3,Sports2D_HALPE26_postprocessed,440.064084578217,340.4301362342226,1.0,439.4575805623613,378.990672932689,1.0,468.9542748184157,369.732610194853,1.0,442.0433795712334,428.9080936661719,1.0,462.2448732722779,420.552586573384,1.0,435.9225768659859,474.200039587838,1.0,429.6705584812337,449.9733466010935,1.0,456.7499461573194,462.7749100058086,1.0,478.6170774284007,459.4224440472997,1.0,433.3102908274518,528.3417521294299,1.0,469.9636787020137,527.1620026662761,1.0,424.6522956061565,602.5762960086686,1.0,488.8196036371669,597.3608658073731,1.0,407.5846605941002,614.9602055770966,1.0,403.1978431604455,617.6229284408165,1.0,426.9997311945252,618.271510573694,1.0,467.0616268410936,618.796626115251,1.0,468.3922791707317,615.2518045134866,1.0,497.999773968652,612.1645905657194,1.0,1.0,4.3,440.064084578217,340.4301362342226,False,439.4575805623613,378.990672932689,False,468.9542748184157,369.732610194853,False,442.0433795712334,428.9080936661719,False,462.2448732722779,420.552586573384,False,435.9225768659859,474.200039587838,False,429.6705584812337,449.9733466010935,False,456.7499461573194,462.7749100058086,False,478.6170774284007,459.4224440472997,False,433.3102908274518,528.3417521294299,False,469.9636787020137,527.1620026662761,False,424.6522956061565,602.5762960086686,False,488.8196036371669,597.3608658073731,False,True,139.60885899199945,166.98077815411688,157.68499824828035
259,259,4.316666666666666,4.316666666666666,Sports2D_HALPE26_postprocessed,440.4408011816512,340.9026643563965,1.0,437.5672501677802,379.2435553420256,1.0,468.073579349163,370.07642456758026,1.0,440.0777988393986,429.5378894906917,1.0,461.48171721496726,420.65912779992266,1.0,433.9681137880821,474.8619366246079,1.0,428.46921393550247,449.7030456986041,1.0,454.28542169638126,463.6098453551392,1.0,476.6999843479731,460.1827836430104,1.0,431.7495348534672,529.3129072181658,1.0,468.06826209532335,527.5345004650811,1.0,422.8871658668575,602.6425945760118,1.0,488.5303283431376,597.0522022652196,1.0,405.64157990858047,617.2834608400559,1.0,401.94599724873984,619.2843800827022,1.0,426.3129877181304,618.1850786880884,1.0,465.2189229782209,619.249863151389,1.0,468.3634290020178,616.1354647413464,1.0,498.1421922468946,611.7545299202063,1.0,1.0,4.316666666666666,440.4408011816512,340.9026643563965,False,437.5672501677802,379.2435553420256,False,468.073579349163,370.07642456758026,False,440.0777988393986,429.5378894906917,False,461.48171721496726,420.65912779992266,False,433.9681137880821,474.8619366246079,False,428.46921393550247,449.7030456986041,False,454.28542169638126,463.6098453551392,False,476.6999843479731,460.1827836430104,False,431.7495348534672,529.3129072181658,False,468.06826209532335,527.5345004650811,False,422.8871658668575,602.6425945760118,False,488.5303283431376,597.0522022652196,False,True,138.76570346853467,167.95938266911043,156.29540953970184
260,260,4.333333333333333,4.333333333333333,Sports2D_HALPE26_postprocessed,439.7180456214992,341.582192738388,1.0,436.6893883590449,379.3424092551818,1.0,467.3994145899962,370.4906418982751,1.0,438.2666626028536,429.6059964859286,1.0,461.3755865764872,421.1588737728801,1.0,432.1472705173465,475.2506115893609,1.0,426.5848864379774,450.1433951708656,1.0,451.4891157468721,464.25436108689365,1.0,474.07169186108666,460.96689858333536,1.0,429.03961794175,530.9113219394833,1.0,464.43913257490914,528.3376489641988,1.0,422.6226680513713,603.081214161043,1.0,488.75866270576,597.2089819277468,1.0,404.5126895533407,618.1916467460817,1.0,401.6188882448626,620.5096074062693,1.0,426.2757031148397,618.0894889721858,1.0,465.6936444358864,619.4349978775538,1.0,469.20783825046266,616.6825681171283,1.0,497.9971344109368,611.5932354423256,1.0,1.0,4.333333333333333,439.7180456214992,341.582192738388,False,436.6893883590449,379.3424092551818,False,467.3994145899962,370.4906418982751,False,438.2666626028536,429.6059964859286,False,461.3755865764872,421.1588737728801,False,432.1472705173465,475.2506115893609,False,426.5848864379774,450.1433951708656,False,451.4891157468721,464.25436108689365,False,474.07169186108666,460.96689858333536,False,429.03961794175,530.9113219394833,False,464.43913257490914,528.3376489641988,False,422.6226680513713,603.081214161043,False,488.75866270576,597.2089819277468,False,True,136.57799659509743,166.4679758312236,152.41417928117673
261,261,4.35,4.35,Sports2D_HALPE26_postprocessed,438.308915311555,341.8684995067907,1.0,435.1585369674397,379.39474511568335,1.0,467.1861918120658,370.4326816704652,1.0,436.2177540445432,429.98913679267446,1.0,461.7854622608968,421.4599581897489,1.0,430.0832070365866,475.7266584486409,1.0,425.17970415253626,449.912728176232,1.0,448.4513140569351,464.8216322081602,1.0,472.8796079858786,461.3844272833738,1.0,427.41559646853466,532.5577088096757,1.0,462.2392947106506,528.7393262081441,1.0,422.7525358403244,604.4432521818742,1.0,488.2680113375878,596.9223257694232,1.0,402.9148386919426,618.6102030805451,1.0,401.7801431150079,621.332208571434,1.0,426.9988824458972,618.4977004500587,1.0,464.8942194220028,619.8169751710411,1.0,468.4593140824335,617.1746500370841,1.0,497.4781156650472,610.71992373914,1.0,1.0,4.35,438.308915311555,341.8684995067907,False,435.1585369674397,379.39474511568335,False,467.1861918120658,370.4326816704652,False,436.2177540445432,429.98913679267446,False,461.7854622608968,421.4599581897489,False,430.0832070365866,475.7266584486409,False,425.17970415253626,449.912728176232,False,448.4513140569351,464.8216322081602,False,472.8796079858786,461.3844272833738,False,427.41559646853466,532.5577088096757,False,462.2392947106506,528.7393262081441,False,422.7525358403244,604.4432521818742,False,488.2680113375878,596.9223257694232,False,True,133.89875421509936,166.4590573368939,150.12869964314473
262,262,4.366666666666666,4.366666666666666,Sports2D_HALPE26_postprocessed,437.6751503989523,342.3575482690617,1.0,433.42549066672296,379.7436326004336,1.0,465.951378693716,371.1803040737389,1.0,434.38476365792434,430.6751411324232,1.0,460.16235076584593,422.1173966553242,1.0,427.8426596630986,476.2418743352058,1.0,424.3206100479074,450.2131447545097,1.0,446.5198835608853,465.2218692869769,1.0,470.9981469476221,462.01056332966414,1.0,425.6204622303938,533.5003266459746,1.0,459.80425397148406,529.8652787293091,1.0,422.92181012093016,604.530138479386,1.0,487.3928822102006,596.6037606291576,1.0,402.78952103264913,618.7742210529995,1.0,402.1910001340072,621.5368479523889,1.0,427.0233574223525,618.7473233296191,1.0,464.9433667748572,620.2604888670005,1.0,468.47892927099633,617.4437643101028,1.0,497.0116434811244,610.0009405690797,1.0,1.0,4.366666666666666,437.6751503989523,342.3575482690617,False,433.42549066672296,379.7436326004336,False,465.951378693716,371.1803040737389,False,434.38476365792434,430.6751411324232,False,460.16235076584593,422.1173966553242,False,427.8426596630986,476.2418743352058,False,424.3206100479074,450.2131447545097,False,446.5198835608853,465.2218692869769,False,470.9981469476221,462.01056332966414,False,425.6204622303938,533.5003266459746,False,459.80425397148406,529.8652787293091,False,422.92181012093016,604.530138479386,False,487.3928822102006,596.6037606291576,False,True,134.576186230105,165.15692720094492,148.17294600623097
263,263,4.383333333333333,4.383333333333333,Sports2D_HALPE26_postprocessed,434.5670801046288,342.5786519283802,1.0,432.2158469348528,379.66288683951313,1.0,465.1120116658212,371.3364827518789,1.0,431.7353625559838,430.8184936998925,1.0,459.3330075038036,421.92653154141874,1.0,426.1129256812024,476.8720895529148,1.0,422.8962031862226,450.19305757620464,1.0,443.51914031216586,465.3454313117426,1.0,468.84621641002,462.0512979234297,1.0,423.48886016404896,533.9688181363354,1.0,456.061264286409,529.0534145261026,1.0,423.1025990700838,604.6295656372586,1.0,486.5888979713269,596.2534563888429,1.0,402.7352712210673,618.3496237887789,1.0,402.478740811528,621.496364073243,1.0,427.5491095220497,618.8194271574679,1.0,465.1530560084853,620.8602412022707,1.0,468.3216811081293,618.2729993705291,1.0,496.2760235137548,607.6371553800748,1.0,1.0,4.383333333333333,434.5670801046288,342.5786519283802,False,432.2158469348528,379.66288683951313,False,465.1120116658212,371.3364827518789,False,431.7353625559838,430.8184936998925,False,459.3330075038036,421.92653154141874,False,426.1129256812024,476.8720895529148,False,422.8962031862226,450.19305757620464,False,443.51914031216586,465.3454313117426,False,468.84621641002,462.0512979234297,False,423.48886016404896,533.9688181363354,False,456.061264286409,529.0534145261026,False,423.1025990700838,604.6295656372586,False,486.5888979713269,596.2534563888429,False,True,134.31994991169418,164.04135669732923,144.76566991081722
264,264,4.4,4.4,Sports2D_HALPE26_postprocessed,431.6665222684576,342.71832854359155,1.0,431.2812092813706,379.6266900578255,1.0,463.7856151242145,371.0074760415248,1.0,429.8072044386728,430.7984045519816,1.0,458.6828828190907,422.242318805117,1.0,424.24713512137953,477.726758346758,1.0,421.8639001365229,449.7992685843167,1.0,443.8510259931924,459.7891292155029,1.0,468.1944503993533,455.0975386707008,1.0,422.082613305997,533.6510128111731,1.0,452.1698855952748,529.2081291255927,1.0,423.1769266091858,604.5676105611021,1.0,485.14380042646826,594.0503034605346,1.0,402.7347684967754,618.1061187962833,1.0,402.3412841642274,621.4903910913381,1.0,427.4596952463328,618.7418911471686,1.0,464.81106252881307,620.8906391804768,1.0,468.6961052195292,618.3458541579793,1.0,495.6972828801869,604.4680223382366,1.0,1.0,4.4,431.6665222684576,342.71832854359155,False,431.2812092813706,379.6266900578255,False,463.7856151242145,371.0074760415248,False,429.8072044386728,430.7984045519816,False,458.6828828190907,422.242318805117,False,424.24713512137953,477.726758346758,False,421.8639001365229,449.7992685843167,False,443.8510259931924,459.7891292155029,False,468.1944503993533,455.0975386707008,False,422.082613305997,533.6510128111731,False,452.1698855952748,529.2081291255927,False,423.1769266091858,604.5676105611021,False,485.14380042646826,594.0503034605346,False,True,132.500415802708,162.69475530035265,140.84454048508033
265,265,4.416666666666667,4.416666666666667,Sports2D_HALPE26_postprocessed,431.95553701715846,342.59672254917604,1.0,429.117444479828,379.8018645609506,1.0,463.06366681140895,371.5900508867865,1.0,427.1471426278603,431.1029621568921,1.0,459.08566515477526,422.4424652069503,1.0,421.56321218601954,478.196458465369,1.0,422.22306664402777,449.9432482555478,1.0,441.3029113955819,461.33492249908136,1.0,465.6588528316155,456.8098355124316,1.0,420.3923337855777,533.7921442277847,1.0,449.8219300583049,529.421816223638,1.0,423.0770806811768,604.4471838519635,1.0,483.49433474855584,591.9974696983002,1.0,402.8673089815129,618.1310110796924,1.0,402.2531803032599,621.7996602666437,1.0,427.7440454946901,618.9509607228972,1.0,464.2480092514555,620.8712778006732,1.0,467.8271639134616,618.3199676103302,1.0,494.1693446477556,602.549913683979,1.0,1.0,4.416666666666667,431.95553701715846,342.59672254917604,False,429.117444479828,379.8018645609506,False,463.06366681140895,371.5900508867865,False,427.1471426278603,431.1029621568921,False,459.08566515477526,422.4424652069503,False,421.56321218601954,478.196458465369,False,422.22306664402777,449.9432482555478,False,441.3029113955819,461.33492249908136,False,465.6588528316155,456.8098355124316,False,420.3923337855777,533.7921442277847,False,449.8219300583049,529.421816223638,False,423.0770806811768,604.4471838519635,False,483.49433474855584,591.9974696983002,False,True,131.19715528364955,161.72620550414075,139.41125982228155
266,266,4.433333333333334,4.433333333333334,Sports2D_HALPE26_postprocessed,433.2043655153078,341.70329276993346,1.0,426.0565416151451,379.80878670016057,1.0,461.9294831382093,371.9755646257792,1.0,424.45877996723146,431.00674632089977,1.0,459.15096261391807,422.3363465572032,1.0,418.3811755229521,478.3362721783741,1.0,423.1735350996149,450.0372480328776,1.0,438.6269571112558,462.193702856761,1.0,463.0508112806221,457.5575380897029,1.0,418.8128908872,533.655837472713,1.0,445.6971375893238,529.2534050758424,1.0,423.0572113775217,604.2468469617377,1.0,479.9629670402052,588.5043923565081,1.0,402.9459401026714,617.9914642582728,1.0,401.80383517396666,621.8075220588328,1.0,427.9106182570633,619.0538451977905,1.0,463.6162487802181,620.4909630758054,1.0,466.753632310072,617.9597887109152,1.0,490.6695680603669,599.8427102288015,1.0,1.0,4.433333333333334,433.2043655153078,341.70329276993346,False,426.0565416151451,379.80878670016057,False,461.9294831382093,371.9755646257792,False,424.45877996723146,431.00674632089977,False,459.15096261391807,422.3363465572032,False,418.3811755229521,478.3362721783741,False,423.1735350996149,450.0372480328776,False,438.6269571112558,462.193702856761,False,463.0508112806221,457.5575380897029,False,418.8128908872,533.655837472713,False,445.6971375893238,529.2534050758424,False,423.0572113775217,604.2468469617377,False,479.9629670402052,588.5043923565081,False,True,130.75249247624222,161.06228482514615,136.3519862946003
267,267,4.45,4.45,Sports2D_HALPE26_postprocessed,431.8828958354428,341.6576924855754,1.0,424.86605358762375,379.9502243946096,1.0,460.9005449464423,372.02111946652826,1.0,422.3594104567337,430.6014203146184,1.0,459.566723353984,421.9180004899361,1.0,415.7948752682206,477.8421460431682,1.0,422.3580718127658,450.0193354492989,1.0,436.5234296116536,461.69931172189706,1.0,461.7966113418736,456.1424127719528,1.0,418.1595894075101,533.8345993460653,1.0,442.6301783858107,528.9740501973023,1.0,423.2687769282067,604.1723259727075,1.0,477.71116063985096,585.4065416158693,1.0,402.764687314509,617.96024041553,1.0,402.1308889613479,621.5471112650266,1.0,428.548795753076,619.0445531053975,1.0,463.4092938858824,619.3989613782784,1.0,466.9345639204636,617.1697124921897,1.0,488.8302422497294,596.0582969420379,1.0,1.0,4.45,431.8828958354428,341.6576924855754,False,424.86605358762375,379.9502243946096,False,460.9005449464423,372.02111946652826,False,422.3594104567337,430.6014203146184,False,459.566723353984,421.9180004899361,False,415.7948752682206,477.8421460431682,False,422.3580718127658,450.0193354492989,False,436.5234296116536,461.69931172189706,False,461.7966113418736,456.1424127719528,False,418.1595894075101,533.8345993460653,False,442.6301783858107,528.9740501973023,False,423.2687769282067,604.1723259727075,False,477.71116063985096,585.4065416158693,False,True,128.59267847004034,161.56276416917484,133.38933244100122
268,268,4.466666666666667,4.466666666666667,Sports2D_HALPE26_postprocessed,430.45836175575846,341.7349767146975,1.0,423.4877092036057,379.8520739257159,1.0,460.3491394090422,372.1644076297097,1.0,420.46216194050106,430.4695754088461,1.0,460.22243657112784,421.4200434903311,1.0,413.8646229683827,477.8461391980183,1.0,421.96356343266126,449.2745921589177,1.0,434.6622056935804,461.1306316072866,1.0,459.46618683095903,455.92513053291634,1.0,417.24742200130464,533.8813618487651,1.0,441.0234475288999,528.783838764514,1.0,423.1076497955429,604.0498576090598,1.0,475.2354761083352,582.999705702334,1.0,402.48676834467926,617.9270511417386,1.0,402.2520793736785,621.4721713198704,1.0,428.90151386069874,619.0406083564588,1.0,462.1816050718192,618.8531860345697,1.0,466.6264754041774,616.6947088259101,1.0,485.44799862487406,594.0425168600599,1.0,1.0,4.466666666666667,430.45836175575846,341.7349767146975,False,423.4877092036057,379.8520739257159,False,460.3491394090422,372.1644076297097,False,420.46216194050106,430.4695754088461,False,460.22243657112784,421.4200434903311,False,413.8646229683827,477.8461391980183,False,421.96356343266126,449.2745921589177,False,434.6622056935804,461.1306316072866,False,459.46618683095903,455.92513053291634,False,417.24742200130464,533.8813618487651,False,441.0234475288999,528.783838764514,False,423.1076497955429,604.0498576090598,False,475.2354761083352,582.999705702334,False,True,126.20404748822523,161.7640089034985,133.5417852730519
269,269,4.483333333333333,4.483333333333333,Sports2D_HALPE26_postprocessed,429.0169484725618,341.1841241497691,1.0,421.7688250216441,379.62258909026,1.0,459.24607623556375,372.1575077734754,1.0,418.2323535681067,430.6732550951936,1.0,459.6060613921119,421.60181635169545,1.0,411.16259159163457,478.3041183581553,1.0,421.4389529842604,450.9198205505247,1.0,433.380816990372,460.0356332415029,1.0,457.7840159912456,455.11931758085,1.0,416.0568315317889,533.8543167614063,1.0,437.9655496327582,527.9881601028337,1.0,423.2551325283756,603.7042255026312,1.0,472.0617088894612,581.1692386184329,1.0,402.34823220810006,617.8578421525724,1.0,402.269096326194,621.3952625582488,1.0,429.3249770298106,618.9768846270681,1.0,461.413249784973,618.4022708508577,1.0,466.4073795485694,616.3736338287854,1.0,482.2345903492338,591.4985245566523,1.0,1.0,4.483333333333333,429.0169484725618,341.1841241497691,False,421.7688250216441,379.62258909026,False,459.24607623556375,372.1575077734754,False,418.2323535681067,430.6732550951936,False,459.6060613921119,421.60181635169545,False,411.16259159163457,478.3041183581553,False,421.4389529842604,450.9198205505247,False,433.380816990372,460.0356332415029,False,457.7840159912456,455.11931758085,False,416.0568315317889,533.8543167614063,False,437.9655496327582,527.9881601028337,False,423.2551325283756,603.7042255026312,False,472.0617088894612,581.1692386184329,False,True,127.11246996711253,160.90888592879543,132.1197505867666
270,270,4.5,4.5,Sports2D_HALPE26_postprocessed,428.8979623507538,340.78850940124096,1.0,419.825504601418,379.4070840225317,1.0,458.4161004440591,372.2565830762204,1.0,415.7367687195757,430.7189192046111,1.0,460.2818843588785,421.5557172774223,1.0,408.61280063555705,478.3361151854516,1.0,426.55461936051086,458.1614516175844,1.0,431.38439411464685,457.4814999390728,1.0,456.72623035653487,454.5938035920998,1.0,415.11842314481714,533.8746951314542,1.0,436.4109360208439,526.7085282682485,1.0,423.1352739145776,603.4513982459767,1.0,469.14130596472586,578.9842629539853,1.0,402.6109253722984,617.7689800354715,1.0,401.8792505668023,621.3104841810107,1.0,429.2442264406351,619.0113626290822,1.0,460.4636803866485,617.4515412550694,1.0,465.5572737752417,615.7078076084842,1.0,479.7586721569087,589.6694554174827,1.0,1.0,4.5,428.8979623507538,340.78850940124096,False,419.825504601418,379.4070840225317,False,458.4161004440591,372.2565830762204,False,415.7367687195757,430.7189192046111,False,460.2818843588785,421.5557172774223,False,408.61280063555705,478.3361151854516,False,426.55461936051086,458.1614516175844,False,431.38439411464685,457.4814999390728,False,456.72623035653487,454.5938035920998,False,415.11842314481714,533.8746951314542,False,436.4109360208439,526.7085282682485,False,423.1352739145776,603.4513982459767,False,469.14130596472586,578.9842629539853,False,True,135.1762043146277,161.40702213910254,132.21594592418546
271,271,4.516666666666667,4.516666666666667,Sports2D_HALPE26_postprocessed,428.7344903977004,340.415746600124,1.0,418.70242155471686,379.2753595459653,1.0,458.209079250792,372.4311104638331,1.0,413.6599462840333,430.7923259584129,1.0,460.2870281119996,421.4176882595822,1.0,406.06445068909983,477.7282227698759,1.0,433.89954228378895,462.9948338178757,1.0,428.9277515238052,457.1298640089205,1.0,454.75027372660776,454.8402010023841,1.0,414.6052620721901,533.7057614371113,1.0,434.9433292287398,525.603131922757,1.0,422.6645149589919,603.4690015455592,1.0,467.4954928959618,577.7215184726841,1.0,402.6556725509812,617.7708077570759,1.0,401.5131413398783,621.3889458156914,1.0,428.8436722504886,618.9196339532919,1.0,458.5493007462642,616.6144400099633,1.0,463.7019169457442,614.6653063622623,1.0,477.229494597576,588.829511169459,1.0,1.0,4.516666666666667,428.7344903977004,340.415746600124,False,418.70242155471686,379.2753595459653,False,458.209079250792,372.4311104638331,False,413.6599462840333,430.7923259584129,False,460.2870281119996,421.4176882595822,False,406.06445068909983,477.7282227698759,False,433.89954228378895,462.9948338178757,False,428.9277515238052,457.1298640089205,False,454.75027372660776,454.8402010023841,False,414.6052620721901,533.7057614371113,False,434.9433292287398,525.603131922757,False,422.6645149589919,603.4690015455592,False,467.4954928959618,577.7215184726841,False,True,145.16924669077176,162.81623595279274,132.37464207386742
272,272,4.533333333333333,4.533333333333333,Sports2D_HALPE26_postprocessed,427.8919824507505,340.0806096843935,1.0,416.7675083420504,379.3200995615922,1.0,457.2976006396021,372.810949169442,1.0,411.171719234622,430.7933587471283,1.0,459.6444459709797,421.5973443192251,1.0,403.5289902269594,476.7808751344938,1.0,435.4108987972844,462.83988057375245,1.0,427.3504140344119,456.73991766658105,1.0,452.7826642674954,455.0654724454682,1.0,414.2085969044998,533.7029009141906,1.0,433.9519936729967,524.9217195692625,1.0,422.29987463526527,604.1530828823243,1.0,464.0732558491232,576.8384055735572,1.0,402.4626315733145,617.7349061584857,1.0,401.4667661978755,621.4236116230197,1.0,428.6386812720882,618.9736467783632,1.0,456.4624378375146,616.3630194563094,1.0,462.5338260925418,614.1874120425066,1.0,474.2082655971193,587.5619475856898,1.0,1.0,4.533333333333333,427.8919824507505,340.0806096843935,False,416.7675083420504,379.3200995615922,False,457.2976006396021,372.810949169442,False,411.171719234622,430.7933587471283,False,459.6444459709797,421.5973443192251,False,403.5289902269594,476.7808751344938,False,435.4108987972844,462.83988057375245,False,427.3504140344119,456.73991766658105,False,452.7826642674954,455.0654724454682,False,414.2085969044998,533.7029009141906,False,433.9519936729967,524.9217195692625,False,422.29987463526527,604.1530828823243,False,464.0732558491232,576.8384055735572,False,True,146.80802867241175,163.75814082426447,134.79210867686592
273,273,4.55,4.55,Sports2D_HALPE26_postprocessed,427.4751924157764,339.97164188565336,1.0,415.61566050721984,379.1399335098074,1.0,456.6091232927082,372.9372739517397,1.0,409.4928184885428,430.60912797677145,1.0,460.1746855751991,421.4753341333294,1.0,401.3453744678697,476.1881004922607,1.0,436.88480740260337,461.2084781538816,1.0,425.7541032109331,455.62601414866015,1.0,451.6429120168527,455.4848930951079,1.0,414.1591753643555,533.7932235419341,1.0,433.3396827108521,524.3435394018363,1.0,422.2243969753045,605.1615908744116,1.0,461.9434057447637,576.8958680907102,1.0,402.0200631179383,617.8273790933265,1.0,401.36839515821686,621.6930711355299,1.0,428.93078801422,619.0921230907747,1.0,453.4679165340815,615.9181771688485,1.0,460.5618769691686,613.4860957469182,1.0,471.6153691913004,588.0552525350612,1.0,1.0,4.55,427.4751924157764,339.97164188565336,False,415.61566050721984,379.1399335098074,False,456.6091232927082,372.9372739517397,False,409.4928184885428,430.60912797677145,False,460.1746855751991,421.4753341333294,False,401.3453744678697,476.1881004922607,False,436.88480740260337,461.2084781538816,False,425.7541032109331,455.62601414866015,False,451.6429120168527,455.4848930951079,False,414.1591753643555,533.7932235419341,False,433.3396827108521,524.3435394018363,False,422.2243969753045,605.1615908744116,False,461.9434057447637,576.8958680907102,False,True,145.42163261420075,165.1150115331917,136.55546118278363
274,274,4.566666666666666,4.566666666666666,Sports2D_HALPE26_postprocessed,427.6945161955525,339.52119731167653,1.0,414.2786831776157,379.1535723510604,1.0,455.5195659890885,373.58915998496354,1.0,407.2236877751257,430.6836540501757,1.0,457.04838448483497,422.1444737588065,1.0,398.463967307047,474.2517318261943,1.0,433.6918221032525,462.3547981552404,1.0,424.0221618974901,457.3668781621835,1.0,450.0883363780778,455.5952797681866,1.0,414.2553972650253,533.9708937830173,1.0,432.5299655936957,523.6514238232146,1.0,422.1702477080746,605.6916693494213,1.0,459.28787232719225,577.3866818430071,1.0,401.2364756590212,618.0449018769864,1.0,401.2363081576382,622.0190169977487,1.0,429.1180706528105,619.178174478053,1.0,451.1984840374954,614.9114360301868,1.0,458.3860908171257,613.1213463006602,1.0,468.03297429705816,588.6359575214323,1.0,1.0,4.566666666666666,427.6945161955525,339.52119731167653,False,414.2786831776157,379.1535723510604,False,455.5195659890885,373.58915998496354,False,407.2236877751257,430.6836540501757,False,457.04838448483497,422.1444737588065,False,398.463967307047,474.2517318261943,False,433.6918221032525,462.3547981552404,False,424.0221618974901,457.3668781621835,False,450.0883363780778,455.5952797681866,False,414.2553972650253,533.9708937830173,False,432.5299655936957,523.6514238232146,False,422.1702477080746,605.6916693494213,False,459.28787232719225,577.3866818430071,False,True,148.04599065905475,166.43669677705796,139.0618812006114
275,275,4.583333333333333,4.583333333333333,Sports2D_HALPE26_postprocessed,427.9868049595602,339.31951604492326,1.0,411.8443539655138,379.0568177238992,1.0,454.7369633512394,374.1593802035989,1.0,405.1258384797815,430.54102879184137,1.0,455.0816982685053,423.3176472298835,1.0,394.46862251633127,473.82042416440765,1.0,429.3665887198261,461.5815474427103,1.0,422.4189896556949,458.0495927660187,1.0,449.295022701096,455.7789407439557,1.0,413.92434091742615,534.0283092712683,1.0,431.1387536796332,522.6435594934485,1.0,422.3382201769371,605.7309362177166,1.0,456.0928290621413,577.9534348862023,1.0,401.3880052091818,618.2858725598304,1.0,401.69513970680055,622.0876465239324,1.0,429.0276042903759,619.1042672059995,1.0,448.47756210440537,614.7920878132319,1.0,455.6911251869341,612.9941351003047,1.0,465.2030243218104,589.6541265520257,1.0,1.0,4.583333333333333,427.9868049595602,339.31951604492326,False,411.8443539655138,379.0568177238992,False,454.7369633512394,374.1593802035989,False,405.1258384797815,430.54102879184137,False,455.0816982685053,423.3176472298835,False,394.46862251633127,473.82042416440765,False,429.3665887198261,461.5815474427103,False,422.4189896556949,458.0495927660187,False,449.295022701096,455.7789407439557,False,413.92434091742615,534.0283092712683,False,431.1387536796332,522.6435594934485,False,422.3382201769371,605.7309362177166,False,456.0928290621413,577.9534348862023,False,True,145.69528016172114,166.92793798727897,140.5249376085907
276,276,4.6,4.6,Sports2D_HALPE26_postprocessed,427.98952802150586,339.2391037948201,1.0,411.01228417776383,378.870412520381,1.0,454.1566497613493,373.8525813996278,1.0,403.0079557261665,430.44879690723945,1.0,454.4496035181321,423.6629597423337,1.0,391.84922474848446,474.35469459533374,1.0,427.4728576508393,461.7053750203153,1.0,421.24749441750953,457.20753911546456,1.0,448.1710485251213,455.5088401146658,1.0,414.1825248055493,534.3731036738706,1.0,430.9701271399279,522.3541764509401,1.0,422.2058948655728,606.3761788966008,1.0,454.3015119194958,579.1572306980617,1.0,402.3715425602372,618.3074174119745,1.0,402.26280321194673,622.026735804513,1.0,428.9310343999918,618.983753324994,1.0,445.7837101927166,615.417707700812,1.0,454.3508344091522,612.9313618185649,1.0,462.4524586144176,591.6959927568928,1.0,1.0,4.6,427.98952802150586,339.2391037948201,False,411.01228417776383,378.870412520381,False,454.1566497613493,373.8525813996278,False,403.0079557261665,430.44879690723945,False,454.4496035181321,423.6629597423337,False,391.84922474848446,474.35469459533374,False,427.4728576508393,461.7053750203153,False,421.24749441750953,457.20753911546456,False,448.1710485251213,455.5088401146658,False,414.1825248055493,534.3731036738706,False,430.9701271399279,522.3541764509401,False,422.2058948655728,606.3761788966008,False,454.3015119194958,579.1572306980617,False,True,144.321701041602,168.41052024507337,143.23948073578237
277,277,4.616666666666666,4.616666666666666,Sports2D_HALPE26_postprocessed,428.28467856364193,338.95277964632135,1.0,408.5707281857018,378.90755130398816,1.0,454.35568564587993,374.6955459421882,1.0,400.93496132713193,430.39476436574057,1.0,453.9227509765909,423.8360287144618,1.0,390.17921064590433,473.94566287131227,1.0,426.9723826872722,459.6505360213888,1.0,419.8019863793276,457.1902773132062,1.0,447.17553249879165,455.2378214270691,1.0,414.2089165350332,534.5638333624333,1.0,430.90821099540926,522.165175848275,1.0,421.9732759988929,606.0729421638168,1.0,451.2878213635997,580.5500739537005,1.0,402.2690362128418,618.3048669779125,1.0,403.3365237481256,622.1165085497926,1.0,428.8750599129261,618.9816021315967,1.0,443.1533210299058,615.082152374047,1.0,451.32001331138366,612.7507043897467,1.0,458.48740122885687,593.1818572287593,1.0,1.0,4.616666666666666,428.28467856364193,338.95277964632135,False,408.5707281857018,378.90755130398816,False,454.35568564587993,374.6955459421882,False,400.93496132713193,430.39476436574057,False,453.9227509765909,423.8360287144618,False,390.17921064590433,473.94566287131227,False,426.9723826872722,459.6505360213888,False,419.8019863793276,457.1902773132062,False,447.17553249879165,455.2378214270691,False,414.2089165350332,534.5638333624333,False,430.90821099540926,522.165175848275,False,421.9732759988929,606.0729421638168,False,451.2878213635997,580.5500739537005,False,True,143.54335949604655,169.66865545434936,147.09678181153592
278,278,4.633333333333333,4.633333333333333,Sports2D_HALPE26_postprocessed,428.00887592791895,338.5110405420668,1.0,406.8876733610025,378.68566607129947,1.0,454.4355866474507,375.81722410524975,1.0,399.1865800018641,429.7829647457924,1.0,454.8716960390088,423.18669724057503,1.0,387.9543037765655,472.6168133544333,1.0,427.4891290662815,457.16474433427487,1.0,419.41095385500034,457.0286293341759,1.0,446.46873985518425,455.3968978033551,1.0,414.38446583241137,534.2564071084905,1.0,430.7132395424905,521.437049059567,1.0,422.1711699913077,605.5783241476122,1.0,448.0196108097373,581.9383782395878,1.0,402.9871722381871,618.0230237459373,1.0,404.5949922877607,621.7365078731441,1.0,428.75394978106215,619.1266747239669,1.0,438.9422465321828,613.6374896859062,1.0,445.7047216394008,612.4106455410372,1.0,456.0909764282978,594.7111533186326,1.0,1.0,4.633333333333333,428.00887592791895,338.5110405420668,False,406.8876733610025,378.68566607129947,False,454.4355866474507,375.81722410524975,False,399.1865800018641,429.7829647457924,False,454.8716960390088,423.18669724057503,False,387.9543037765655,472.6168133544333,False,427.4891290662815,457.16474433427487,False,419.41095385500034,457.0286293341759,False,446.46873985518425,455.3968978033551,False,414.38446583241137,534.2564071084905,False,430.7132395424905,521.437049059567,False,422.1711699913077,605.5783241476122,False,448.0196108097373,581.9383782395878,False,True,140.60752637473703,170.0453724636327,150.6183671211244
279,279,4.65,4.65,Sports2D_HALPE26_postprocessed,426.8026774882694,338.64088970600363,1.0,406.3708625694146,378.25864532931,1.0,454.217420190568,374.8981524251837,1.0,397.4613276589764,429.0482968459123,1.0,454.5215668227676,423.23570063850974,1.0,385.6577124057612,471.5546218599784,1.0,427.7377661604604,455.4920816072584,1.0,417.82365223919226,456.0980947314527,1.0,446.1324216870491,455.3627239609618,1.0,414.2045943125909,533.9596041662413,1.0,430.6168864602464,522.1076997564649,1.0,422.39546854963,605.1958959212192,1.0,445.2783611108072,584.8421269650233,1.0,402.6848273228522,617.8683557917975,1.0,404.6307086840823,621.3258212888156,1.0,428.8977776439457,618.8601097952868,1.0,435.5900481532138,612.1140652878964,1.0,443.70853955777375,612.4021856807133,1.0,452.3872417839271,597.9717129845511,1.0,1.0,4.65,426.8026774882694,338.64088970600363,False,406.3708625694146,378.25864532931,False,454.217420190568,374.8981524251837,False,397.4613276589764,429.0482968459123,False,454.5215668227676,423.23570063850974,False,385.6577124057612,471.5546218599784,False,427.7377661604604,455.4920816072584,False,417.82365223919226,456.0980947314527,False,446.1324216870491,455.3627239609618,False,414.2045943125909,533.9596041662413,False,430.6168864602464,522.1076997564649,False,422.39546854963,605.1958959212192,False,445.2783611108072,584.8421269650233,False,True,139.9352467805875,170.77960211626396,153.7591184365701
280,280,4.666666666666667,4.666666666666667,Sports2D_HALPE26_postprocessed,427.2016443967102,337.88074873590926,1.0,403.0940316763367,378.4094706521829,1.0,455.1071755195308,377.19908550430966,1.0,395.8260934793408,428.054366828807,1.0,455.18150912516353,423.5527141850749,1.0,383.0016674166162,469.0908367359221,1.0,429.1232998540904,445.6397857780208,1.0,416.66631810721503,455.3256861156223,1.0,444.66023248574106,454.6712517329808,1.0,413.781670531664,533.2658354834981,1.0,430.8297302213967,521.0045733384524,1.0,422.42984287344456,605.3130763552109,1.0,441.5957389824272,587.4289166311638,1.0,402.8306274498385,617.6774869515489,1.0,405.29026219049103,620.7764642469976,1.0,428.5301954477667,619.0063008472863,1.0,429.90905417420265,607.5581580203075,1.0,437.9841535754045,612.2007250003064,1.0,446.7508991287856,600.2652246228627,1.0,1.0,4.666666666666667,427.2016443967102,337.88074873590926,False,403.0940316763367,378.4094706521829,False,455.1071755195308,377.19908550430966,False,395.8260934793408,428.054366828807,False,455.18150912516353,423.5527141850749,False,383.0016674166162,469.0908367359221,False,429.1232998540904,445.6397857780208,False,416.66631810721503,455.3256861156223,False,444.66023248574106,454.6712517329808,False,413.781670531664,533.2658354834981,False,430.8297302213967,521.0045733384524,False,422.42984287344456,605.3130763552109,False,441.5957389824272,587.4289166311638,False,True,130.19290052907814,171.03565390899425,159.01615686225102
281,281,4.683333333333334,4.683333333333334,Sports2D_HALPE26_postprocessed,426.6648965213122,337.69981333181926,1.0,402.2103213245998,377.96891222727805,1.0,455.16730593455736,376.9489582723988,1.0,393.6821542865639,427.7411462966066,1.0,455.5437666398651,424.4052699341368,1.0,379.86162946004674,468.2170958551934,1.0,429.4222408209522,433.7978589606352,1.0,415.40849327025023,453.8132345533,1.0,443.9614900316066,453.4285633644621,1.0,413.9804145964108,532.1806202606432,1.0,430.2580692441937,521.9264737443476,1.0,422.7271642872701,605.2744158600874,1.0,437.88201755261207,590.0444105514024,1.0,402.52619074484886,617.0773217627268,1.0,405.4782924168055,620.5280606446627,1.0,428.7063507731579,618.9843960921462,1.0,424.1553589302389,606.6742295567035,1.0,428.9927644516902,612.0931646631062,1.0,442.961849858031,602.8691056193388,1.0,1.0,4.683333333333334,426.6648965213122,337.69981333181926,False,402.2103213245998,377.96891222727805,False,455.16730593455736,376.9489582723988,False,393.6821542865639,427.7411462966066,False,455.5437666398651,424.4052699341368,False,379.86162946004674,468.2170958551934,False,429.4222408209522,433.7978589606352,False,415.40849327025023,453.8132345533,False,443.9614900316066,453.4285633644621,False,413.9804145964108,532.1806202606432,False,430.2580692441937,521.9264737443476,False,422.7271642872701,605.2744158600874,False,437.88201755261207,590.0444105514024,False,True,109.32269709730757,172.13218592557985,162.3008548722151
282,282,4.7,4.7,Sports2D_HALPE26_postprocessed,425.8968603787334,337.4822643129812,1.0,400.903474162146,377.6778739839872,1.0,455.32251826038464,377.17849985028784,1.0,392.1652544891187,427.38065964883776,1.0,455.5966310412583,425.4579379812527,1.0,377.8005203786386,466.52118715884353,1.0,429.36771392788114,429.5358155991211,1.0,413.6234864207164,453.3871454128852,1.0,443.7017212010786,453.03814449297465,1.0,414.1137152898608,531.6907340231131,1.0,430.014594343301,522.8380832825535,1.0,423.207473656914,604.7697919986952,1.0,435.5453514095261,592.8627352069187,1.0,402.9844687761935,617.0256902420115,1.0,405.26470180673766,620.595119354339,1.0,428.7874996509088,618.451177294181,1.0,420.4261222337354,607.6517060623282,1.0,427.9261069054267,612.0698124124324,1.0,440.56732502174367,606.6198107270465,1.0,1.0,4.7,425.8968603787334,337.4822643129812,False,400.903474162146,377.6778739839872,False,455.32251826038464,377.17849985028784,False,392.1652544891187,427.38065964883776,False,455.5966310412583,425.4579379812527,False,377.8005203786386,466.52118715884353,False,429.36771392788114,429.5358155991211,False,413.6234864207164,453.3871454128852,False,443.7017212010786,453.03814449297465,False,414.1137152898608,531.6907340231131,False,430.014594343301,522.8380832825535,False,423.207473656914,604.7697919986952,False,435.5453514095261,592.8627352069187,False,True,98.51187237290607,173.26543425904052,164.38957641811373
283,283,4.716666666666667,4.716666666666667,Sports2D_HALPE26_postprocessed,425.04745635163147,337.6241523343612,1.0,400.25865614955495,377.2748775054446,1.0,454.9515646846246,377.549341865896,1.0,390.0740938249186,427.3905636825775,1.0,455.7010119196288,426.1908505575821,1.0,376.06729679609714,464.9659108623128,1.0,428.9840565662427,438.2775445831468,1.0,412.360177146542,453.8968335473714,1.0,443.3295329642308,454.15822827290674,1.0,414.0017475098472,532.6286838306984,1.0,430.0757530453923,524.1494931056726,1.0,423.1377074399969,604.8454982584663,1.0,433.0806995077187,594.5275207968134,1.0,403.330216731902,617.0864872710474,1.0,405.0783856350033,620.7124326789387,1.0,428.2128084907614,618.2980681345784,1.0,420.4548558328351,607.7907831633197,1.0,426.8887347128097,612.0807038381087,1.0,436.1399686697898,608.3537097044126,1.0,1.0,4.716666666666667,425.04745635163147,337.6241523343612,False,400.25865614955495,377.2748775054446,False,454.9515646846246,377.549341865896,False,390.0740938249186,427.3905636825775,False,455.7010119196288,426.1908505575821,False,376.06729679609714,464.9659108623128,False,428.9840565662427,438.2775445831468,False,412.360177146542,453.8968335473714,False,443.3295329642308,454.15822827290674,False,414.0017475098472,532.6286838306984,False,430.0757530453923,524.1494931056726,False,423.1377074399969,604.8454982584663,False,433.0806995077187,594.5275207968134,False,True,113.45917652609451,173.98441388139213,166.83235801364847
284,284,4.733333333333333,4.733333333333333,Sports2D_HALPE26_postprocessed,424.06000178797706,337.85984370824144,1.0,400.03753243222354,377.1218713143082,1.0,454.5441377962093,377.5880650249111,1.0,388.0371511392892,427.4944467930386,1.0,455.9600928278136,426.59183385216136,1.0,373.2995581489164,464.5719505935384,1.0,428.813111617499,440.90572064462367,1.0,411.291216769121,455.4830196787211,1.0,443.188566288893,456.3536040070126,1.0,414.3098529284774,533.1467849290269,1.0,429.6908173900848,527.3433809681976,1.0,423.416418993926,605.236086377924,1.0,429.6091197677061,598.7464503046533,1.0,403.6281902547135,617.6061665489741,1.0,405.154978897936,621.0262883066855,1.0,428.1460174854402,618.474075162232,1.0,410.9281898852781,610.8840810955631,1.0,410.9801586798165,612.1521095289127,1.0,431.6531550662733,612.699817992819,1.0,1.0,4.733333333333333,424.06000178797706,337.85984370824144,False,400.03753243222354,377.1218713143082,False,454.5441377962093,377.5880650249111,False,388.0371511392892,427.4944467930386,False,455.9600928278136,426.59183385216136,False,373.2995581489164,464.5719505935384,False,428.813111617499,440.90572064462367,False,411.291216769121,455.4830196787211,False,443.188566288893,456.3536040070126,False,414.3098529284774,533.1467849290269,False,429.6908173900848,527.3433809681976,False,423.416418993926,605.236086377924,False,429.6091197677061,598.7464503046533,False,True,116.1464077045575,175.02618945894264,169.30004019286318
285,285,4.75,4.75,Sports2D_HALPE26_postprocessed,423.2912331104546,337.9797349647411,1.0,398.2338361127454,377.5669663288504,1.0,454.49690440227465,378.3236173251787,1.0,386.08193884059983,428.0758206050956,1.0,456.1560141598094,427.0345781853782,1.0,370.45392359612055,463.6725552359114,1.0,428.9952369858694,440.6290029709591,1.0,410.0028988201179,456.1000700264608,1.0,442.5156464585367,456.35311087691446,1.0,414.0976206917916,533.4851944655225,1.0,429.8433301348289,528.4458133293376,1.0,423.24369867172913,605.6600164454037,1.0,427.3432821543892,599.407013847678,1.0,403.5119499827025,618.2922815981469,1.0,405.12165065597327,621.3589980317863,1.0,428.2711267855609,618.6546736489743,1.0,408.5295325247897,611.4830143165874,1.0,408.509320826779,612.4551299355116,1.0,429.3409738870134,613.4491028486717,1.0,1.0,4.75,423.2912331104546,337.9797349647411,False,398.2338361127454,377.5669663288504,False,454.49690440227465,378.3236173251787,False,386.08193884059983,428.0758206050956,False,456.1560141598094,427.0345781853782,False,370.45392359612055,463.6725552359114,False,428.9952369858694,440.6290029709591,False,410.0028988201179,456.1000700264608,False,442.5156464585367,456.35311087691446,False,414.0976206917916,533.4851944655225,False,429.8433301348289,528.4458133293376,False,423.24369867172913,605.6600164454037,False,427.3432821543892,599.407013847678,False,True,114.63797672153105,175.80680417427112,172.0482688982254
286,286,4.766666666666667,4.766666666666667,Sports2D_HALPE26_postprocessed,422.920660173844,338.2435752409283,1.0,396.537471149203,378.1686358116547,1.0,455.198162141015,380.236496998063,1.0,384.2627901866636,428.0936644451564,1.0,456.1347808842846,427.8284072013486,1.0,368.89165186259993,463.40950496887046,1.0,428.80356359328647,442.2171012099993,1.0,409.2134617218916,455.22270115211467,1.0,441.8686133708288,454.6851934096161,1.0,413.8293180010408,533.3833832446788,1.0,429.94445645644646,528.3924277825664,1.0,423.02920485273415,605.4659400666297,1.0,426.5001515229818,598.4759307258585,1.0,403.6709763292153,619.323883662189,1.0,405.0092828823557,621.8251840813734,1.0,428.1701844362519,619.1298926844069,1.0,408.1727749720128,611.6506236623756,1.0,408.1939821681571,611.9205475044521,1.0,428.06796535058,613.1487922075494,1.0,1.0,4.766666666666667,422.920660173844,338.2435752409283,False,396.537471149203,378.1686358116547,False,455.198162141015,380.236496998063,False,384.2627901866636,428.0936644451564,False,456.1347808842846,427.8284072013486,False,368.89165186259993,463.40950496887046,False,428.80356359328647,442.2171012099993,False,409.2134617218916,455.22270115211467,False,441.8686133708288,454.6851934096161,False,413.8293180010408,533.3833832446788,False,429.94445645644646,528.3924277825664,False,423.02920485273415,605.4659400666297,False,426.5001515229818,598.4759307258585,False,True,116.63740124056143,176.10640352525746,173.62404024693203
287,287,4.783333333333333,4.783333333333333,Sports2D_HALPE26_postprocessed,422.2314155144161,338.8475873573158,1.0,395.8122268188503,378.6895833630439,1.0,454.78540651723824,380.6356629462782,1.0,382.596239978997,427.9247744259749,1.0,456.135340741488,428.3597322839905,1.0,368.230005092494,461.2281734129864,1.0,428.77591245250863,444.3133215306872,1.0,408.4730310417884,454.863084432248,1.0,441.5552344086738,454.3254518276819,1.0,413.2801061953343,534.259850776532,1.0,428.47393767660776,529.2071306085927,1.0,422.81952971907134,605.8379724162256,1.0,424.8280273273176,597.7956986060296,1.0,402.7297692190202,619.8594331628572,1.0,404.8352094814755,622.4831122812367,1.0,428.3544696430059,619.1671200895512,1.0,407.5618282283253,611.912697513445,1.0,407.90300180333566,611.2958238234115,1.0,426.7816061629876,612.184789803975,1.0,1.0,4.783333333333333,422.2314155144161,338.8475873573158,False,395.8122268188503,378.6895833630439,False,454.78540651723824,380.6356629462782,False,382.596239978997,427.9247744259749,False,456.135340741488,428.3597322839905,False,368.230005092494,461.2281734129864,False,428.77591245250863,444.3133215306872,False,408.4730310417884,454.863084432248,False,441.5552344086738,454.3254518276819,False,413.2801061953343,534.259850776532,False,428.47393767660776,529.2071306085927,False,422.81952971907134,605.8379724162256,False,424.8280273273176,597.7956986060296,False,True,118.62669068745312,175.8735010560622,173.13359319958275
288,288,4.8,4.8,Sports2D_HALPE26_postprocessed,421.50862473289936,339.8498529570833,1.0,395.0285078736397,379.5833296540553,1.0,454.175733171766,381.5765430727062,1.0,380.5108690223322,427.9743600770452,1.0,455.8504657758817,429.4512231858183,1.0,367.2481499909811,458.52990032119897,1.0,428.29374273263767,444.5238583316944,1.0,407.3398912902833,454.8469620871251,1.0,441.2400888796784,454.3609511168704,1.0,413.3561540072409,535.2782982882911,1.0,427.6274749041779,529.9337987782422,1.0,422.65073806349096,606.4522586132481,1.0,423.81932524357006,597.2549873347863,1.0,402.6169017785586,619.9646963857851,1.0,405.0392452451288,622.9305696543362,1.0,428.51491174861326,619.4024166905488,1.0,407.4100303610002,612.221451859562,1.0,406.942579254405,611.2396687878469,1.0,424.8633911652557,613.5682264467705,1.0,1.0,4.8,421.50862473289936,339.8498529570833,False,395.0285078736397,379.5833296540553,False,454.175733171766,381.5765430727062,False,380.5108690223322,427.9743600770452,False,455.8504657758817,429.4512231858183,False,367.2481499909811,458.52990032119897,False,428.29374273263767,444.5238583316944,False,407.3398912902833,454.8469620871251,False,441.2400888796784,454.3609511168704,False,413.3561540072409,535.2782982882911,False,427.6274749041779,529.9337987782422,False,422.65073806349096,606.4522586132481,False,423.81932524357006,597.2549873347863,False,True,116.67375052044578,176.83762344185007,173.0266422405508
289,289,4.816666666666666,4.816666666666666,Sports2D_HALPE26_postprocessed,420.8958774888458,340.554908324687,1.0,393.5677380913421,380.2068428035742,1.0,454.2118566955442,382.78184557603936,1.0,379.2945035319568,427.6131609749551,1.0,455.3081669309735,429.9783366461783,1.0,366.5237070579,457.2369217686554,1.0,427.4945712818315,444.5237209893008,1.0,406.61986980059385,454.7737322843947,1.0,440.70891427985737,454.5487570387765,1.0,412.8894832203837,535.7738490728749,1.0,426.7641349108937,531.3920308947912,1.0,422.8811672187259,605.7604971782691,1.0,419.19637604692696,599.7066744309839,1.0,403.8158985445663,619.9559937340466,1.0,405.64305501465503,623.1469965167432,1.0,428.158869895976,619.531988372187,1.0,403.4783487959806,613.5984297224954,1.0,402.0759910934887,614.7749090282081,1.0,420.1587491255903,613.758725925105,1.0,1.0,4.816666666666666,420.8958774888458,340.554908324687,False,393.5677380913421,380.2068428035742,False,454.2118566955442,382.78184557603936,False,379.2945035319568,427.6131609749551,False,455.3081669309735,429.9783366461783,False,366.5237070579,457.2369217686554,False,427.4945712818315,444.5237209893008,False,406.61986980059385,454.7737322843947,False,440.70891427985737,454.5487570387765,False,412.8894832203837,535.7738490728749,False,426.7641349108937,531.3920308947912,False,422.8811672187259,605.7604971782691,False,419.19637604692696,599.7066744309839,False,True,116.2770818372741,176.30105229401696,176.03578105061575
290,290,4.833333333333333,4.833333333333333,Sports2D_HALPE26_postprocessed,420.4983600185516,341.0215191925631,1.0,392.89610434377937,380.9481895152869,1.0,453.8993410046008,383.3290891021429,1.0,377.24746437593706,427.6415486452048,1.0,454.90740497629247,430.7773182521164,1.0,364.7622456182667,456.92807362189626,1.0,425.6703999520973,444.54887817651496,1.0,405.4771831854546,455.2764911025216,1.0,440.7162780187904,454.94882127188606,1.0,412.63365997668194,537.0317635226238,1.0,424.26546583861096,534.6678994443982,1.0,423.11692794523054,605.7301734607734,1.0,414.4873256115554,602.1861472549783,1.0,405.63642616889626,619.7481267868193,1.0,406.3637521325034,623.4988522121781,1.0,428.5220575993096,619.5998517224581,1.0,401.4185543106033,613.097063363004,1.0,401.0691872689622,617.5198486109064,1.0,415.0305971300445,614.7633245199822,1.0,1.0,4.833333333333333,420.4983600185516,341.0215191925631,False,392.89610434377937,380.9481895152869,False,453.8993410046008,383.3290891021429,False,377.24746437593706,427.6415486452048,False,454.90740497629247,430.7773182521164,False,364.7622456182667,456.92807362189626,False,425.6703999520973,444.54887817651496,False,405.4771831854546,455.2764911025216,False,440.7162780187904,454.94882127188606,False,412.63365997668194,537.0317635226238,False,424.26546583861096,534.6678994443982,False,423.11692794523054,605.7301734607734,False,414.4873256115554,602.1861472549783,False,True,114.004830538241,176.326343317637,176.58053451374198
291,291,4.85,4.85,Sports2D_HALPE26_postprocessed,419.7921605103378,341.4819994917889,1.0,392.458870554105,381.8275636188323,1.0,453.4687177208842,383.4020836546232,1.0,375.4278440116595,427.5404077569328,1.0,454.7046103648048,431.2133214895332,1.0,364.3464863130323,456.2341345146544,1.0,425.8085100193007,445.270306885857,1.0,404.62513402782895,456.70807411050725,1.0,440.32864970433576,456.2154774817732,1.0,412.604204286404,537.6508485943298,1.0,423.1844098039402,536.0705253355583,1.0,423.52410065001857,606.0357667652515,1.0,411.97839310853226,602.7118833033869,1.0,408.4512332694602,619.648565277345,1.0,408.1673971231114,623.0826304671311,1.0,428.3479853865069,619.090732847789,1.0,400.83688162366025,612.8694928243415,1.0,401.08739848993935,617.566997646434,1.0,412.9825972183172,614.5492515188141,1.0,1.0,4.85,419.7921605103378,341.4819994917889,False,392.458870554105,381.8275636188323,False,453.4687177208842,383.4020836546232,False,375.4278440116595,427.5404077569328,False,454.7046103648048,431.2133214895332,False,364.3464863130323,456.2341345146544,False,425.8085100193007,445.270306885857,False,404.62513402782895,456.70807411050725,False,440.32864970433576,456.2154774817732,False,412.604204286404,537.6508485943298,False,423.1844098039402,536.0705253355583,False,423.52410065001857,606.0357667652515,False,411.97839310853226,602.7118833033869,False,True,114.46063767759397,176.55728279491856,177.42821005551625
292,292,4.866666666666666,4.866666666666666,Sports2D_HALPE26_postprocessed,419.6020887980835,341.83169913870444,1.0,391.8221958565404,382.3843570555108,1.0,452.8839054204539,383.5543300296986,1.0,374.4420386729142,427.251040012269,1.0,454.3889234247491,431.5236468569133,1.0,364.0678854107329,454.3047379585323,1.0,423.8124590978233,445.6056538603426,1.0,404.1932229600212,456.929214589548,1.0,439.7738193197495,456.3777634515604,1.0,411.8048146326377,537.7123964246573,1.0,422.1343854800166,535.9361062163432,1.0,423.6526831089937,605.7552897127949,1.0,409.9223976730857,602.3997249640202,1.0,410.2491568965401,619.2273061195074,1.0,409.52378789193926,622.7308455826151,1.0,428.3127395320793,618.5908696050506,1.0,399.92008167795046,612.811171146436,1.0,401.0522581961236,615.3947502443895,1.0,411.01632497749,614.3242627333905,1.0,1.0,4.866666666666666,419.6020887980835,341.83169913870444,False,391.8221958565404,382.3843570555108,False,452.8839054204539,383.5543300296986,False,374.4420386729142,427.251040012269,False,454.3889234247491,431.5236468569133,False,364.0678854107329,454.3047379585323,False,423.8124590978233,445.6056538603426,False,404.1932229600212,456.929214589548,False,439.7738193197495,456.3777634515604,False,411.8048146326377,537.7123964246573,False,422.1343854800166,535.9361062163432,False,423.6526831089937,605.7552897127949,False,409.9223976730857,602.3997249640202,False,True,112.93141670561394,175.50514685109204,177.91014986804615
293,293,4.883333333333333,4.883333333333333,Sports2D_HALPE26_postprocessed,419.07374309875007,342.4968585428616,1.0,392.4226392409525,382.6388518454537,1.0,452.1796183264854,383.8832194147775,1.0,372.5318620520607,427.2630509038977,1.0,454.3114798890954,432.46628631861466,1.0,364.2126101697468,453.9848990484754,1.0,422.3725887173012,446.59614888385175,1.0,403.9948531273763,461.1762139714708,1.0,439.0431812931421,460.8720006895401,1.0,410.7372633950137,538.2634215764822,1.0,420.950087403856,536.5772938923362,1.0,423.59593552746446,605.2526670337088,1.0,407.9526142563486,602.5430674577128,1.0,412.3708138728351,618.5912013764894,1.0,410.62796135175023,621.757346630515,1.0,428.4814622103162,616.9602132817367,1.0,399.2297534201115,612.9341185450326,1.0,402.3866958646128,615.3123778182918,1.0,409.465286444135,613.9717586459295,1.0,1.0,4.883333333333333,419.07374309875007,342.4968585428616,False,392.4226392409525,382.6388518454537,False,452.1796183264854,383.8832194147775,False,372.5318620520607,427.2630509038977,False,454.3114798890954,432.46628631861466,False,364.2126101697468,453.9848990484754,False,422.3725887173012,446.59614888385175,False,403.9948531273763,461.1762139714708,False,439.0431812931421,460.8720006895401,False,410.7372633950137,538.2634215764822,False,420.950087403856,536.5772938923362,False,423.59593552746446,605.2526670337088,False,407.9526142563486,602.5430674577128,False,True,111.35217407602825,174.13280428815898,177.7052054839928
294,294,4.9,4.9,Sports2D_HALPE26_postprocessed,418.7623835465161,342.6441032449235,1.0,391.7388016751588,382.7663792239245,1.0,451.8883065506759,384.3498942627304,1.0,370.7099100715792,427.6816376446625,1.0,454.2051436839131,432.9298500403837,1.0,365.3921853712986,452.61496395832654,1.0,419.6322094311255,447.2440949911891,1.0,403.229618596124,460.6917219782644,1.0,438.2921782181929,461.1881784609889,1.0,409.9320083843752,538.0176379133097,1.0,419.8282202936689,536.3900187318777,1.0,423.3957417394736,604.284801498404,1.0,407.133359654251,602.0949058721549,1.0,409.30294720350525,618.0269960868343,1.0,408.7603886520596,620.6141216564449,1.0,428.3914695470756,616.1836565965823,1.0,398.59345979491457,613.7686678444807,1.0,402.10543324977687,614.9293638891725,1.0,408.5990800197837,613.8521981119356,1.0,1.0,4.9,418.7623835465161,342.6441032449235,False,391.7388016751588,382.7663792239245,False,451.8883065506759,384.3498942627304,False,370.7099100715792,427.6816376446625,False,454.2051436839131,432.9298500403837,False,365.3921853712986,452.61496395832654,False,419.6322094311255,447.2440949911891,False,403.229618596124,460.6917219782644,False,438.2921782181929,461.1881784609889,False,409.9320083843752,538.0176379133097,False,419.8282202936689,536.3900187318777,False,423.3957417394736,604.284801498404,False,407.133359654251,602.0949058721549,False,True,109.7606041326925,173.46919193036254,177.14069674288766
295,295,4.916666666666667,4.916666666666667,Sports2D_HALPE26_postprocessed,418.3429855733258,342.6046515639809,1.0,390.421824353897,382.9271405280173,1.0,451.7625685493286,384.6015271784081,1.0,368.33804668987256,428.45973306615,1.0,454.0574762876956,433.2753097692062,1.0,366.4951738215431,450.956931352928,1.0,418.2228012173588,446.7625575593474,1.0,401.8610794016834,458.7754897360941,1.0,437.3994203952956,459.5977649119977,1.0,408.8946606469546,537.6945015275531,1.0,419.2822605679777,536.1544194667968,1.0,422.5808536195356,602.8910672869571,1.0,406.3316434600896,601.0931470299021,1.0,410.9140070868508,617.7802153203339,1.0,409.17739676019823,620.8811166654884,1.0,428.3170156949553,615.6785589740803,1.0,398.0405707577103,613.5374410142136,1.0,401.2893986098833,614.4056732628577,1.0,407.382303411081,613.5522637109863,1.0,1.0,4.916666666666667,418.3429855733258,342.6046515639809,False,390.421824353897,382.9271405280173,False,451.7625685493286,384.6015271784081,False,368.33804668987256,428.45973306615,False,454.0574762876956,433.2753097692062,False,366.4951738215431,450.956931352928,False,418.2228012173588,446.7625575593474,False,401.8610794016834,458.7754897360941,False,437.3994203952956,459.5977649119977,False,408.8946606469546,537.6945015275531,False,419.2822605679777,536.1544194667968,False,422.5808536195356,602.8910672869571,False,406.3316434600896,601.0931470299021,False,True,107.92561861801475,173.23747686766947,177.96430224750148
296,296,4.933333333333334,4.933333333333334,Sports2D_HALPE26_postprocessed,418.1230772769218,342.9181149587599,1.0,389.8562652451861,382.99772053298295,1.0,451.4089684575393,384.4989309321259,1.0,366.9790038504231,430.20566678787645,1.0,454.18830965697975,433.3276392783763,1.0,368.861016575033,450.6408715905509,1.0,418.4784458095946,447.1207029087383,1.0,401.0784579195539,456.8897487452396,1.0,437.13282671319,458.4900689020699,1.0,407.1895820427875,537.3357907985098,1.0,418.8824160491967,535.9703966660215,1.0,421.43326684529984,601.7011387449653,1.0,405.127930062542,600.1565635508781,1.0,410.51312392930754,617.7741133875005,1.0,409.0793345192292,620.7386250451386,1.0,427.8182749241794,614.891828853241,1.0,397.4780062496966,613.1022850298853,1.0,400.7024550017709,613.7715712314689,1.0,407.2626242709128,613.2410292088613,1.0,1.0,4.933333333333334,418.1230772769218,342.9181149587599,False,389.8562652451861,382.99772053298295,False,451.4089684575393,384.4989309321259,False,366.9790038504231,430.20566678787645,False,454.18830965697975,433.3276392783763,False,368.861016575033,450.6408715905509,False,418.4784458095946,447.1207029087383,False,401.0784579195539,456.8897487452396,False,437.13282671319,458.4900689020699,False,407.1895820427875,537.3357907985098,False,418.8824160491967,535.9703966660215,False,421.43326684529984,601.7011387449653,False,405.127930062542,600.1565635508781,False,True,107.8614598918144,171.86602539546755,178.84066483093798
297,297,4.95,4.95,Sports2D_HALPE26_postprocessed,418.01175306719256,344.16795132085406,1.0,390.8313378234418,382.8838677878361,1.0,449.7554233049679,384.0094312109337,1.0,366.0085680802077,430.76296521412894,1.0,454.2795862183666,433.5694023579657,1.0,370.398790912353,449.48404660478286,1.0,418.1093271504388,447.7214395242158,1.0,400.5314087694612,458.8673960142872,1.0,436.8893168748195,461.23111820786806,1.0,405.21770609488135,538.1616688483416,1.0,418.0554032059068,537.9345717894757,1.0,421.1081844944911,602.4574107801783,1.0,404.50252190757385,602.1297936340458,1.0,409.05960294746416,617.6078367227037,1.0,408.5072384525607,620.0295867100438,1.0,427.5949270218724,613.0323302984024,1.0,397.0504181801732,612.6342600361222,1.0,400.9704833958672,613.8215520807449,1.0,406.2275950741422,612.6937264546295,1.0,1.0,4.95,418.01175306719256,344.16795132085406,False,390.8313378234418,382.8838677878361,False,449.7554233049679,384.0094312109337,False,366.0085680802077,430.76296521412894,False,454.2795862183666,433.5694023579657,False,370.398790912353,449.48404660478286,False,418.1093271504388,447.7214395242158,False,400.5314087694612,458.8673960142872,False,436.8893168748195,461.23111820786806,False,405.21770609488135,538.1616688483416,False,418.0554032059068,537.9345717894757,False,421.1081844944911,602.4574107801783,False,404.50252190757385,602.1297936340458,False,True,106.15262086979482,169.4999772623206,178.12562538966307
298,298,4.966666666666667,4.966666666666667,Sports2D_HALPE26_postprocessed,417.8037121394348,344.82830983051565,1.0,389.909002590844,383.6113537952758,1.0,449.26592903221166,384.8047265982376,1.0,364.9789133164516,431.0111068509065,1.0,454.18982235313615,433.68475149487,1.0,371.3389361879584,447.2620835824737,1.0,418.00022356018303,447.1495324909826,1.0,399.8844380091598,461.53675720561824,1.0,435.8499123232431,463.847837484982,1.0,403.84647361023536,538.3752270904071,1.0,417.7708653269743,538.4699834284773,1.0,420.41268980527246,601.4076402891112,1.0,404.1919883163269,602.8545538435285,1.0,408.533436999493,618.0957303259037,1.0,408.2124975028012,619.7540526967634,1.0,426.9347939873306,611.7926430752008,1.0,396.74574218196767,612.35366977948,1.0,400.3812859162233,613.9659689549497,1.0,405.421424967451,613.2140418097902,1.0,1.0,4.966666666666667,417.8037121394348,344.82830983051565,False,389.909002590844,383.6113537952758,False,449.26592903221166,384.8047265982376,False,364.9789133164516,431.0111068509065,False,454.18982235313615,433.68475149487,False,371.3389361879584,447.2620835824737,False,418.00022356018303,447.1495324909826,False,399.8844380091598,461.53675720561824,False,435.8499123232431,463.847837484982,False,403.84647361023536,538.3752270904071,False,417.7708653269743,538.4699834284773,False,420.41268980527246,601.4076402891112,False,404.1919883163269,602.8545538435285,False,True,104.65608673284028,168.2262512318515,178.29041010685518
299,299,4.983333333333333,4.983333333333333,Sports2D_HALPE26_postprocessed,417.7169360692815,345.58574425391964,1.0,389.3505213466947,383.99033483327673,1.0,449.14244499088863,385.3048475850411,1.0,364.80143125542907,431.723549425387,1.0,454.12980218342113,433.5629972423764,1.0,373.3482227044074,445.4514132613844,1.0,418.9154631800974,447.2734997928514,1.0,399.7311828143549,464.2377122660107,1.0,435.633207971051,466.6169329176487,1.0,402.2822964974136,538.3854581272233,1.0,417.6528449680565,538.7842246384737,1.0,419.8221798200882,600.2900033162832,1.0,403.811809982016,603.522230928847,1.0,407.72055589420165,618.7328083521377,1.0,407.69333305777184,619.5225101802735,1.0,426.3515330582408,610.2087931462905,1.0,396.2444986064421,612.1274972090353,1.0,400.3130910278934,613.6496831928855,1.0,405.0220045746736,613.7690757179415,1.0,1.0,4.983333333333333,417.7169360692815,345.58574425391964,False,389.3505213466947,383.99033483327673,False,449.14244499088863,385.3048475850411,False,364.80143125542907,431.723549425387,False,454.12980218342113,433.5629972423764,False,373.3482227044074,445.4514132613844,False,418.9154631800974,447.2734997928514,False,399.7311828143549,464.2377122660107,False,435.633207971051,466.6169329176487,False,402.2822964974136,538.3854581272233,False,417.6528449680565,538.7842246384737,False,419.8221798200882,600.2900033162832,False,403.811809982016,603.522230928847,False,True,105.37274201470265,166.15111215337856,178.07787882614144
300,300,5.0,5.0,Sports2D_HALPE26_postprocessed,417.60671874309486,345.93924599285,1.0,388.7351717086501,384.1424698045648,1.0,449.2046332726046,385.59230303798927,1.0,363.9658549705879,431.7301346759828,1.0,454.1292499909756,433.7553455947513,1.0,375.8406560216102,444.50845357962027,1.0,418.3902699921144,447.1169161234525,1.0,399.1941663074235,465.586559147369,1.0,435.32378969825527,467.97405724528255,1.0,400.1845820142311,538.0648515298307,1.0,417.4469610443383,538.4775645748861,1.0,419.1153700128282,599.021932975018,1.0,403.73558116573713,603.5338240081401,1.0,407.3085985507159,619.6536145355835,1.0,406.9760141702078,618.9049517193838,1.0,426.0320277967708,608.4532727219954,1.0,395.5866140354625,611.6003227903752,1.0,400.20654509298186,613.0424929836562,1.0,404.8021045970944,613.254738050282,1.0,1.0,5.0,417.60671874309486,345.93924599285,False,388.7351717086501,384.1424698045648,False,449.2046332726046,385.59230303798927,False,363.9658549705879,431.7301346759828,False,454.1292499909756,433.7553455947513,False,375.8406560216102,444.50845357962027,False,418.3902699921144,447.1169161234525,False,399.1941663074235,465.586559147369,False,435.32378969825527,467.97405724528255,False,400.1845820142311,538.0648515298307,False,417.4469610443383,538.4775645748861,False,419.1153700128282,599.021932975018,False,403.73558116573713,603.5338240081401,False,True,104.66089473586102,163.53023092160265,177.67355613965202
301,301,5.016666666666667,5.016666666666667,Sports2D_HALPE26_postprocessed,417.7190223006287,346.03153062419494,1.0,388.13462515555705,384.2855378805104,1.0,448.9582830606205,385.7496505197808,1.0,363.8194278762673,431.6858253421442,1.0,454.0299747152874,433.9890951985334,1.0,377.4151248155746,442.1678027560086,1.0,417.212287535872,446.30074307788016,1.0,399.0056859702445,467.59846893367126,1.0,434.7434299770105,468.3334718475154,1.0,398.4858784298801,538.0268608746196,1.0,417.2458846362882,538.4556342576989,1.0,418.3657038770896,597.3843204452701,1.0,404.06748537267583,602.7222465846082,1.0,407.3034493886423,620.7243382602041,1.0,406.8885030752812,618.4732020425535,1.0,425.76893903191706,606.784046543093,1.0,394.6241195827673,611.5658010627325,1.0,400.50824464592176,612.604385092214,1.0,404.385109481723,613.8571753811472,1.0,1.0,5.016666666666667,417.7190223006287,346.03153062419494,False,388.13462515555705,384.2855378805104,False,448.9582830606205,385.7496505197808,False,363.8194278762673,431.6858253421442,False,454.0299747152874,433.9890951985334,False,377.4151248155746,442.1678027560086,False,417.212287535872,446.30074307788016,False,399.0056859702445,467.59846893367126,False,434.7434299770105,468.3334718475154,False,398.4858784298801,538.0268608746196,False,417.2458846362882,538.4556342576989,False,418.3657038770896,597.3843204452701,False,404.06748537267583,602.7222465846082,False,True,102.48788617820148,161.0605509917178,177.57746264355418
302,302,5.033333333333333,5.033333333333333,Sports2D_HALPE26_postprocessed,417.5578546208457,346.06338912469505,1.0,387.6119509816742,384.6577259782511,1.0,448.4959655513193,386.04483565309687,1.0,363.5061866032338,431.792231292549,1.0,454.0257339738496,433.8105618211756,1.0,377.3616332927478,441.6995441465036,1.0,418.3937238233442,445.86759527606,1.0,398.8098800328119,468.1489731382525,1.0,434.7233896297707,468.6004536687732,1.0,396.7462688440681,537.937334345188,1.0,417.0467069454754,538.2613160111468,1.0,416.7321987093949,594.6578220356914,1.0,404.490388735026,601.5323157063871,1.0,406.51358111164177,622.100278763682,1.0,406.0124834701217,619.0130466395722,1.0,425.0249688791136,604.3557894643492,1.0,394.41323489374673,613.1314657141243,1.0,400.81066436243657,613.6247371493054,1.0,403.1647990081184,613.2929156355762,1.0,1.0,5.033333333333333,417.5578546208457,346.06338912469505,False,387.6119509816742,384.6577259782511,False,448.4959655513193,386.04483565309687,False,363.5061866032338,431.792231292549,False,454.0257339738496,433.8105618211756,False,377.3616332927478,441.6995441465036,False,418.3937238233442,445.86759527606,False,398.8098800328119,468.1489731382525,False,434.7233896297707,468.6004536687732,False,396.7462688440681,537.937334345188,False,417.0467069454754,538.2613160111468,False,416.7321987093949,594.6578220356914,False,404.490388735026,601.5323157063871,False,True,102.09095707532617,158.8959544346229,176.9862090656071
303,303,5.05,5.05,Sports2D_HALPE26_postprocessed,417.4324576522988,346.63756462043017,1.0,387.41085109672673,384.9321069628612,1.0,447.8589451111716,386.0194479311085,1.0,363.4833172099452,431.62204042941545,1.0,454.1387266470733,433.5267719198266,1.0,378.2607052166716,441.2662007829141,1.0,419.20251364123146,445.394444776213,1.0,398.3406029723651,468.2914752394957,1.0,434.5321654133341,468.43536489481903,1.0,394.2289787971314,537.1794397414305,1.0,416.96171310563307,537.37645927983,1.0,415.0257701587044,592.5805303355814,1.0,405.2603834540538,601.1914493885471,1.0,406.2393606807152,622.3386238892415,1.0,405.2742945829668,619.4525377078317,1.0,423.4872292511205,601.3612613843304,1.0,393.9506459787454,615.1477688695651,1.0,400.8858710226005,614.905049147959,1.0,402.219959252556,612.4085953133482,1.0,1.0,5.05,417.4324576522988,346.63756462043017,False,387.41085109672673,384.9321069628612,False,447.8589451111716,386.0194479311085,False,363.4833172099452,431.62204042941545,False,454.1387266470733,433.5267719198266,False,378.2607052166716,441.2662007829141,False,419.20251364123146,445.394444776213,False,398.3406029723651,468.2914752394957,False,434.5321654133341,468.43536489481903,False,394.2289787971314,537.1794397414305,False,416.96171310563307,537.37645927983,False,415.0257701587044,592.5805303355814,False,405.2603834540538,601.1914493885471,False,True,101.23237186969925,156.00888519725726,176.09240361331928
304,304,5.066666666666666,5.066666666666666,Sports2D_HALPE26_postprocessed,417.3781218072628,346.8308622117684,1.0,386.5615298256,385.0004314284918,1.0,447.4648056949024,386.077266547717,1.0,363.4288569468773,431.5632382669532,1.0,454.2297450392175,433.174302953499,1.0,380.4931887930528,439.78537279941736,1.0,419.754647363018,444.1758373361805,1.0,398.2198582039606,469.359543909033,1.0,434.1465634914719,469.4533348251817,1.0,392.0553337548907,534.9387692912031,1.0,416.99412606307976,536.6781168292539,1.0,412.1807263664376,589.1031420400003,1.0,406.8859790526837,600.3820369818735,1.0,406.2539176046329,621.1776996817648,1.0,404.00987383269006,619.3280563642126,1.0,421.6036823970811,596.7305421492024,1.0,394.1730293494988,616.9865475508344,1.0,402.2993499156086,616.2466744073213,1.0,401.8413483032625,610.5157775130649,1.0,1.0,5.066666666666666,417.3781218072628,346.8308622117684,False,386.5615298256,385.0004314284918,False,447.4648056949024,386.077266547717,False,363.4288569468773,431.5632382669532,False,454.2297450392175,433.174302953499,False,380.4931887930528,439.78537279941736,False,419.754647363018,444.1758373361805,False,398.2198582039606,469.359543909033,False,434.1465634914719,469.4533348251817,False,392.0553337548907,534.9387692912031,False,416.99412606307976,536.6781168292539,False,412.1807263664376,589.1031420400003,False,406.8859790526837,600.3820369818735,False,True,99.52472288044613,154.24678416825785,174.70252744632432
305,305,5.083333333333333,5.083333333333333,Sports2D_HALPE26_postprocessed,417.044539342377,346.92105640872927,1.0,385.58997953111896,384.7571276566795,1.0,447.37011768822606,386.119828603924,1.0,362.91751362027617,430.9144498677821,1.0,454.31267959558926,432.7081669095958,1.0,385.6750626462659,436.075829615662,1.0,420.1714481013603,442.55511021783104,1.0,397.38657164548925,469.6791729069004,1.0,433.6650486069673,470.11968520111486,1.0,389.3969965180452,534.8921389298647,1.0,417.0165837918181,536.2729184445393,1.0,408.697860171611,585.259560037993,1.0,407.6334220394815,600.4481682126619,1.0,406.7202401614044,621.0766546459672,1.0,403.6108355518762,616.2100319986869,1.0,419.9332309349357,591.7193297665384,1.0,396.779929935137,620.5983251006871,1.0,404.640236239379,618.9786006374646,1.0,408.03813414904096,614.7977722837533,1.0,1.0,5.083333333333333,417.044539342377,346.92105640872927,False,385.58997953111896,384.7571276566795,False,447.37011768822606,386.119828603924,False,362.91751362027617,430.9144498677821,False,454.31267959558926,432.7081669095958,False,385.6750626462659,436.075829615662,False,420.1714481013603,442.55511021783104,False,397.38657164548925,469.6791729069004,False,433.6650486069673,470.11968520111486,False,389.3969965180452,534.8921389298647,False,417.0165837918181,536.2729184445393,False,408.697860171611,585.259560037993,False,407.6334220394815,600.4481682126619,False,True,97.61270504878057,152.04830859767551,174.19235855506682
306,306,5.1,5.1,Sports2D_HALPE26_postprocessed,416.9619410868781,346.92256975192834,1.0,385.19837340421486,384.3931161731872,1.0,447.0629969317171,385.8196210471122,1.0,362.6675411776022,430.6108693872554,1.0,454.44509257309153,432.4662582729998,1.0,386.3687542768681,435.6081557696184,1.0,420.5015960252029,441.96449503027577,1.0,397.1413108170488,469.5152640393353,1.0,433.14752867021247,469.9941040329163,1.0,387.9248232706767,533.9566174210591,1.0,417.1359788447883,536.1121242251204,1.0,405.63414782631367,583.3775417264189,1.0,409.2030454801127,599.6306816665937,1.0,405.8376404225261,620.9571250874458,1.0,401.3324835506888,615.432210399556,1.0,416.07904395398407,589.9774810528236,1.0,399.9783877594465,621.7997335645305,1.0,407.0334819339093,619.8941054164216,1.0,409.9296468749927,614.6565566520081,1.0,1.0,5.1,416.9619410868781,346.92256975192834,False,385.19837340421486,384.3931161731872,False,447.0629969317171,385.8196210471122,False,362.6675411776022,430.6108693872554,False,454.44509257309153,432.4662582729998,False,386.3687542768681,435.6081557696184,False,420.5015960252029,441.96449503027577,False,397.1413108170488,469.5152640393353,False,433.14752867021247,469.9941040329163,False,387.9248232706767,533.9566174210591,False,417.1359788447883,536.1121242251204,False,405.63414782631367,583.3775417264189,False,409.2030454801127,599.6306816665937,False,True,96.64014144555246,152.14622031087396,173.50587009689895
307,307,5.116666666666666,5.116666666666666,Sports2D_HALPE26_postprocessed,417.0778555691731,345.8902852301613,1.0,384.06677463010953,384.10680095276416,1.0,447.1014066192251,385.5784319548482,1.0,362.6790070368205,430.2541230498812,1.0,454.68869112015216,432.3996231033264,1.0,390.4838451159048,435.3877662759386,1.0,420.6006315984738,440.1728631925465,1.0,396.8231746890439,468.85043444998144,1.0,432.4197513572075,469.2944246319416,1.0,387.2581082311632,533.6189372198661,1.0,416.7329842449784,535.9983302823031,1.0,403.7134449265195,580.7258630374646,1.0,408.7191900243261,601.7113408846581,1.0,405.2997640576096,620.5167227297031,1.0,399.3882158685623,614.0936195159509,1.0,412.3248138285581,587.1252809820558,1.0,402.8428038848791,621.6099157641416,1.0,410.2344076995052,620.5119034483629,1.0,410.1669016076218,619.055781753639,1.0,1.0,5.116666666666666,417.0778555691731,345.8902852301613,False,384.06677463010953,384.10680095276416,False,447.1014066192251,385.5784319548482,False,362.6790070368205,430.2541230498812,False,454.68869112015216,432.3996231033264,False,390.4838451159048,435.3877662759386,False,420.6006315984738,440.1728631925465,False,396.8231746890439,468.85043444998144,False,432.4197513572075,469.2944246319416,False,387.2581082311632,533.6189372198661,False,416.7329842449784,535.9983302823031,False,403.7134449265195,580.7258630374646,False,408.7191900243261,601.7113408846581,False,True,93.64108233236932,152.34396249130037,173.71917895583044
308,308,5.133333333333333,5.133333333333333,Sports2D_HALPE26_postprocessed,417.2239298026026,345.57241261662983,1.0,383.603232032286,383.7133584397326,1.0,446.5823428906242,385.3510958767933,1.0,362.3669062285986,429.5996458605647,1.0,455.0856466587372,432.07326636448187,1.0,391.1276687165658,434.8787537868061,1.0,421.4045425343618,440.1588302894245,1.0,396.4892474105565,467.5875863160229,1.0,431.7587132701014,467.7947854212317,1.0,386.6196305793047,532.7549995883003,1.0,416.7757784470916,535.9657964797296,1.0,401.5019674182676,579.8642606354906,1.0,408.2882510742346,605.7027136142726,1.0,404.1519964799202,620.7375179922954,1.0,397.0942089304299,614.3047284262973,1.0,410.4024976029989,586.1713148033632,1.0,403.8664394798643,621.344114334637,1.0,411.1424695982762,620.7073341447573,1.0,410.6725342851629,620.4950041421159,1.0,1.0,5.133333333333333,417.2239298026026,345.57241261662983,False,383.603232032286,383.7133584397326,False,446.5823428906242,385.3510958767933,False,362.3669062285986,429.5996458605647,False,455.0856466587372,432.07326636448187,False,391.1276687165658,434.8787537868061,False,421.4045425343618,440.1588302894245,False,396.4892474105565,467.5875863160229,False,431.7587132701014,467.7947854212317,False,386.6196305793047,532.7549995883003,False,416.7757784470916,535.9657964797296,False,401.5019674182676,579.8642606354906,False,408.2882510742346,605.7027136142726,False,True,93.18433492400209,153.85608749827273,174.54357165746288
309,309,5.15,5.15,Sports2D_HALPE26_postprocessed,417.1020266448552,345.69091291118065,1.0,382.7981479607184,383.4863356267545,1.0,446.0747560605207,385.2154128453467,1.0,362.0353559231568,429.0730955480767,1.0,455.4992442149395,431.5772456082145,1.0,391.3976462125776,435.59020748723896,1.0,422.3180305491299,439.7539320099818,1.0,395.8369104803873,466.9946713870825,1.0,431.45107144349566,467.43334418935547,1.0,386.33622933421793,531.8722141733862,1.0,416.6883893692981,535.9884221255509,1.0,399.7354341638585,580.0341816812414,1.0,407.3219774081067,608.0557880337132,1.0,402.87513486803664,621.0076207330738,1.0,394.4980507007045,614.0867147975157,1.0,407.7770812033875,585.1874403482989,1.0,403.0105251166805,621.0987223916198,1.0,411.0131469651329,620.6519773316431,1.0,409.9251627296786,620.7940420153404,1.0,1.0,5.15,417.1020266448552,345.69091291118065,False,382.7981479607184,383.4863356267545,False,446.0747560605207,385.2154128453467,False,362.0353559231568,429.0730955480767,False,455.4992442149395,431.5772456082145,False,391.3976462125776,435.59020748723896,False,422.3180305491299,439.7539320099818,False,395.8369104803873,466.9946713870825,False,431.45107144349566,467.43334418935547,False,386.33622933421793,531.8722141733862,False,416.6883893692981,535.9884221255509,False,399.7354341638585,580.0341816812414,False,407.3219774081067,608.0557880337132,False,True,92.3527228651545,156.1216409937658,175.25255431903454
310,310,5.166666666666667,5.166666666666667,Sports2D_HALPE26_postprocessed,416.7724034931034,345.3671788846865,1.0,381.528178361141,383.11487023548136,1.0,446.3353580701272,385.0241537260584,1.0,361.5671592976104,428.9925407776758,1.0,455.8166383942704,431.1915727993915,1.0,393.1791450664682,434.47587684025575,1.0,423.002653790563,438.9604351727332,1.0,395.3667146625241,466.2834540206255,1.0,430.6938429325594,466.7971718505433,1.0,386.0566659206247,530.7394440359105,1.0,416.7254436360952,536.0209454192179,1.0,397.8954173918542,579.4857069710903,1.0,406.8745484059693,608.1062955743959,1.0,401.2560149176224,620.8209392816364,1.0,393.7035011616941,613.2083509111053,1.0,405.8089697438518,585.868558856502,1.0,402.4154307956518,620.2246726644406,1.0,410.471332883184,620.0768998514959,1.0,409.0085502848186,620.8384883650401,1.0,1.0,5.166666666666667,416.7724034931034,345.3671788846865,False,381.528178361141,383.11487023548136,False,446.3353580701272,385.0241537260584,False,361.5671592976104,428.9925407776758,False,455.8166383942704,431.1915727993915,False,393.1791450664682,434.47587684025575,False,423.002653790563,438.9604351727332,False,395.3667146625241,466.2834540206255,False,430.6938429325594,466.7971718505433,False,386.0566659206247,530.7394440359105,False,416.7254436360952,536.0209454192179,False,397.8954173918542,579.4857069710903,False,406.8745484059693,608.1062955743959,False,True,91.71446144277267,158.13018445007532,176.37330871244902
311,311,5.183333333333334,5.183333333333334,Sports2D_HALPE26_postprocessed,416.2914806226469,345.32661732864415,1.0,380.8493297836566,382.779218008773,1.0,445.5807164650166,384.89131005073006,1.0,360.8737516396889,428.5651619451733,1.0,456.0367167292669,430.9587811788799,1.0,392.8627179246732,433.03393293595377,1.0,423.2030577398364,437.0744002887591,1.0,394.7128541414916,466.2401524861957,1.0,430.1115494475248,466.7426501330825,1.0,386.348570896696,529.8929691054723,1.0,416.7080616759852,535.9695515580482,1.0,396.708465777284,578.944746481234,1.0,406.6954261322233,609.3331339028894,1.0,396.92120638027535,620.6030173046172,1.0,390.3092493583624,612.6259687590825,1.0,403.233703751178,585.4197025442991,1.0,402.34717749864194,619.5615238524578,1.0,410.4855005276063,619.8161918778628,1.0,408.252980465948,620.9246145331076,1.0,1.0,5.183333333333334,416.2914806226469,345.32661732864415,False,380.8493297836566,382.779218008773,False,445.5807164650166,384.89131005073006,False,360.8737516396889,428.5651619451733,False,456.0367167292669,430.9587811788799,False,392.8627179246732,433.03393293595377,False,423.2030577398364,437.0744002887591,False,394.7128541414916,466.2401524861957,False,430.1115494475248,466.7426501330825,False,386.348570896696,529.8929691054723,False,416.7080616759852,535.9695515580482,False,396.708465777284,578.944746481234,False,406.6954261322233,609.3331339028894,False,True,87.763192399249,160.58816033704377,176.81385312892837
312,312,5.2,5.2,Sports2D_HALPE26_postprocessed,415.85473881782855,345.6988391310832,1.0,380.28712013873866,382.3739028192709,1.0,444.3922689262576,384.8057952212602,1.0,359.8960468282203,428.1575426713905,1.0,456.2741325810017,430.5984714814954,1.0,390.1125713547843,432.5789517142415,1.0,423.8248784263937,435.6773371159513,1.0,393.50822073216057,466.0825721399399,1.0,429.2592235638708,466.575778260786,1.0,386.47968503125526,529.4155437386279,1.0,416.6887608548745,535.9154777471257,1.0,394.8147017827278,580.5773215515125,1.0,406.3670317342841,610.5683619204755,1.0,393.74584057712167,620.5146706932803,1.0,387.26074154809294,613.3468355266128,1.0,399.85065281901626,587.6269887990499,1.0,403.4214070636464,618.9473679407698,1.0,411.37852953436175,619.9259626906307,1.0,406.9804860396928,620.8443915333496,1.0,1.0,5.2,415.85473881782855,345.6988391310832,False,380.28712013873866,382.3739028192709,False,444.3922689262576,384.8057952212602,False,359.8960468282203,428.1575426713905,False,456.2741325810017,430.5984714814954,False,390.1125713547843,432.5789517142415,False,423.8248784263937,435.6773371159513,False,393.50822073216057,466.0825721399399,False,429.2592235638708,466.575778260786,False,386.47968503125526,529.4155437386279,False,416.6887608548745,535.9154777471257,False,394.8147017827278,580.5773215515125,False,406.3670317342841,610.5683619204755,False,True,84.34978873303334,164.41432353327042,177.59653119005762
313,313,5.216666666666667,5.216666666666667,Sports2D_HALPE26_postprocessed,415.5434504167086,345.4589434791888,1.0,379.6115349611874,382.0922629541693,1.0,443.9810883982721,384.6053631329274,1.0,359.21182454688056,427.5095682984657,1.0,456.7107847265348,430.0068509594413,1.0,389.7064039028152,431.8136927071589,1.0,425.6764771375716,434.3957166940318,1.0,393.44253701030095,465.88186861372674,1.0,428.4990322291584,466.3099398051088,1.0,387.1949566119473,528.7039801499691,1.0,416.4816188448414,535.8716396525924,1.0,393.4349053054544,580.5676398379902,1.0,406.3027508301791,610.7192781661051,1.0,391.2057127665544,621.1556165616219,1.0,384.7819336977437,614.4374747304958,1.0,397.45417744485377,588.8386454969154,1.0,404.4143445149109,618.8572901471916,1.0,412.5057411029812,620.2724313674195,1.0,406.354055535124,620.952754689597,1.0,1.0,5.216666666666667,415.5434504167086,345.4589434791888,False,379.6115349611874,382.0922629541693,False,443.9810883982721,384.6053631329274,False,359.21182454688056,427.5095682984657,False,456.7107847265348,430.0068509594413,False,389.7064039028152,431.8136927071589,False,425.6764771375716,434.3957166940318,False,393.44253701030095,465.88186861372674,False,428.4990322291584,466.3099398051088,False,387.1949566119473,528.7039801499691,False,416.4816188448414,535.8716396525924,False,393.4349053054544,580.5676398379902,False,406.3027508301791,610.7192781661051,False,True,82.38691405983926,167.4601454640425,177.9427849942632
314,314,5.233333333333333,5.233333333333333,Sports2D_HALPE26_postprocessed,415.1173446047352,345.1728055908302,1.0,379.10249760845073,382.0225693616031,1.0,443.5620671849497,384.3035913851268,1.0,358.87300058876247,427.26618141713976,1.0,456.7104873054951,429.7929674757365,1.0,388.30342383567626,430.8554327160712,1.0,426.01272362585553,433.4128385184996,1.0,392.545414373948,465.96405578167287,1.0,427.747523121675,466.389101996838,1.0,387.987231860424,528.4702587186846,1.0,416.1500695224142,535.9295516789534,1.0,390.9786262215988,582.2965901025693,1.0,405.4591213008748,612.352445312382,1.0,388.187655201857,620.9012998721706,1.0,381.5255727762061,614.8542833935426,1.0,393.562092035715,589.8455280789716,1.0,405.4118879546231,618.8248223449468,1.0,413.0796210063389,620.7139168611018,1.0,404.60884658386937,621.1240423865534,1.0,1.0,5.233333333333333,415.1173446047352,345.1728055908302,False,379.10249760845073,382.0225693616031,False,443.5620671849497,384.3035913851268,False,358.87300058876247,427.26618141713976,False,456.7104873054951,429.7929674757365,False,388.30342383567626,430.8554327160712,False,426.01272362585553,433.4128385184996,False,392.545414373948,465.96405578167287,False,427.747523121675,466.389101996838,False,387.987231860424,528.4702587186846,False,416.1500695224142,535.9295516789534,False,390.9786262215988,582.2965901025693,False,405.4591213008748,612.352445312382,False,True,80.60363654073501,172.64822708405737,178.49530173056698
315,315,5.25,5.25,Sports2D_HALPE26_postprocessed,414.6641929264706,345.3020792317689,1.0,378.955498931805,381.22118108038137,1.0,442.7249128989026,383.6692963255798,1.0,357.9741702796201,426.6387756773073,1.0,456.9576833426845,429.522155762452,1.0,387.3256995942195,430.407897538316,1.0,425.9481251694392,433.3644833229013,1.0,391.6571803462986,464.3347053943735,1.0,427.9058816399841,464.8068186162392,1.0,388.2266283465274,527.9424774732532,1.0,415.98468969703634,535.9891805550191,1.0,388.9683253653786,584.1240354969123,1.0,404.5711051453713,613.484061566088,1.0,386.8965922020757,619.6892670815583,1.0,378.91367121451617,613.857257624542,1.0,391.0268698880735,590.8995540574778,1.0,405.9457045991794,618.5650968350128,1.0,413.3608893719934,620.7320035014432,1.0,403.4803341420607,620.8274176503749,1.0,1.0,5.25,414.6641929264706,345.3020792317689,False,378.955498931805,381.22118108038137,False,442.7249128989026,383.6692963255798,False,357.9741702796201,426.6387756773073,False,456.9576833426845,429.522155762452,False,387.3256995942195,430.407897538316,False,425.9481251694392,433.3644833229013,False,391.6571803462986,464.3347053943735,False,427.9058816399841,464.8068186162392,False,388.2266283465274,527.9424774732532,False,415.98468969703634,535.9891805550191,False,388.9683253653786,584.1240354969123,False,404.5711051453713,613.484061566088,False,True,79.81900333106871,176.156500234272,178.8710695443342
316,316,5.266666666666667,5.266666666666667,Sports2D_HALPE26_postprocessed,414.1818145650938,344.8403058851344,1.0,378.1155097744568,380.87226389329936,1.0,442.2231845264935,383.06406284243326,1.0,356.94454296425926,426.3219172730823,1.0,456.7483043820997,429.241025598494,1.0,387.0101084866996,428.8046073926809,1.0,428.10594513783553,431.3647005317087,1.0,391.0669857361887,464.2065732364258,1.0,426.69126478141095,464.7072164264245,1.0,388.7601752937422,528.502778218122,1.0,415.4922185090321,536.0702504731312,1.0,386.95915626556496,585.0246188284192,1.0,404.03448461622327,612.6356035023268,1.0,386.19550888327774,619.2965948600402,1.0,377.98348847929645,613.6679878640387,1.0,388.4166373747263,592.0398854773498,1.0,407.8685049979418,618.2392716363439,1.0,413.9168409778975,620.9000138882961,1.0,402.3987462118369,621.0073892854313,1.0,1.0,5.266666666666667,414.1818145650938,344.8403058851344,False,378.1155097744568,380.87226389329936,False,442.2231845264935,383.06406284243326,False,356.94454296425926,426.3219172730823,False,456.7483043820997,429.241025598494,False,387.0101084866996,428.8046073926809,False,428.10594513783553,431.3647005317087,False,391.0669857361887,464.2065732364258,False,426.69126478141095,464.7072164264245,False,388.7601752937422,528.502778218122,False,415.4922185090321,536.0702504731312,False,386.95915626556496,585.0246188284192,False,404.03448461622327,612.6356035023268,False,True,76.77926593128595,179.77029361528184,179.5922305371732
317,317,5.283333333333333,5.283333333333333,Sports2D_HALPE26_postprocessed,413.7614171764293,343.817259650839,1.0,377.4806156002778,380.5091035465896,1.0,442.19185415014266,382.8509014631693,1.0,355.9800637541367,425.6283099190258,1.0,456.7788811977943,428.626333083377,1.0,386.60686622165633,426.7058968144326,1.0,430.4068588427615,428.7032544751011,1.0,390.2484293283579,464.68060438069983,1.0,425.87487416867634,465.1589684078836,1.0,389.6306862956392,528.9972168638274,1.0,414.8234903128972,536.3144499317802,1.0,385.283411055332,586.0663385218379,1.0,403.6944429737744,613.1513329781999,1.0,384.9381056944341,618.4807927498842,1.0,376.181477777505,612.9748303916854,1.0,385.0273884880002,593.0426136745396,1.0,408.1982966442373,617.898516223775,1.0,413.8091133498501,621.159197220332,1.0,401.4917234457107,621.4215799248548,1.0,1.0,5.283333333333333,413.7614171764293,343.817259650839,False,377.4806156002778,380.5091035465896,False,442.19185415014266,382.8509014631693,False,355.9800637541367,425.6283099190258,False,456.7788811977943,428.626333083377,False,386.60686622165633,426.7058968144326,False,430.4068588427615,428.7032544751011,False,390.2484293283579,464.68060438069983,False,425.87487416867634,465.1589684078836,False,389.6306862956392,528.9972168638274,False,414.8234903128972,536.3144499317802,False,385.283411055332,586.0663385218379,False,403.6944429737744,613.1513329781999,False,True,72.49185980308751,176.19416474242814,179.41314864740252
318,318,5.3,5.3,Sports2D_HALPE26_postprocessed,413.0371693583336,343.3945528917947,1.0,377.6910686086482,380.01039363172384,1.0,441.2607976125047,382.12228736872623,1.0,355.2302573378539,424.86491511280553,1.0,456.6729854047405,428.1995409830655,1.0,386.352712765562,426.1480347244712,1.0,432.5018511061826,427.2513036034388,1.0,389.450911480812,464.4363844267733,1.0,425.4565155735852,464.8734661380042,1.0,390.0278991675953,529.0732042634487,1.0,414.48656266032367,536.4898075898075,1.0,382.8829196214309,589.5564991548589,1.0,403.4804940966002,613.5651161143305,1.0,384.9437449101616,618.8288066420895,1.0,374.8657628118206,613.5663897248381,1.0,382.07309458428,596.820213301356,1.0,408.06991217555793,617.6444980890074,1.0,413.7377457262072,621.4143049281126,1.0,401.5040082532474,621.3562593227434,1.0,1.0,5.3,413.0371693583336,343.3945528917947,False,377.6910686086482,380.01039363172384,False,441.2607976125047,382.12228736872623,False,355.2302573378539,424.86491511280553,False,456.6729854047405,428.1995409830655,False,386.352712765562,426.1480347244712,False,432.5018511061826,427.2513036034388,False,389.450911480812,464.4363844267733,False,425.4565155735852,464.8734661380042,False,390.0278991675953,529.0732042634487,False,414.48656266032367,536.4898075898075,False,382.8829196214309,589.5564991548589,False,403.4804940966002,613.5651161143305,False,True,69.25907219375065,172.75134634790223,179.41799880923372
319,319,5.316666666666666,5.316666666666666,Sports2D_HALPE26_postprocessed,412.27737119364616,342.70126650915057,1.0,377.0554421512313,379.4655854097746,1.0,440.76123824246696,381.6601310926816,1.0,354.77002612503804,424.6021172966228,1.0,456.3047018813351,427.732904709925,1.0,386.1868318792357,424.7938242358868,1.0,432.9850544872165,425.82006031934185,1.0,388.978789633274,464.102030194346,1.0,424.3489369380373,464.4102879689332,1.0,390.7096006042491,529.0633946810914,1.0,414.2693959722038,536.548639585646,1.0,381.9748974062056,590.6171561804654,1.0,403.4098687181442,612.3470425380413,1.0,384.9773807124185,618.9422337963729,1.0,374.0415337183859,613.1254919663584,1.0,380.06339998312126,599.4650756818027,1.0,408.1062369798162,617.5217353679734,1.0,414.0266850418013,621.4834964321925,1.0,401.5118236181356,621.0588936559861,1.0,1.0,5.316666666666666,412.27737119364616,342.70126650915057,False,377.0554421512313,379.4655854097746,False,440.76123824246696,381.6601310926816,False,354.77002612503804,424.6021172966228,False,456.3047018813351,427.732904709925,False,386.1868318792357,424.7938242358868,False,432.9850544872165,425.82006031934185,False,388.978789633274,464.102030194346,False,424.3489369380373,464.4102879689332,False,390.7096006042491,529.0633946810914,False,414.2693959722038,536.548639585646,False,381.9748974062056,590.6171561804654,False,403.4098687181442,612.3470425380413,False,True,66.6679574096287,170.39723311845202,179.8009625273749
320,320,5.333333333333333,5.333333333333333,Sports2D_HALPE26_postprocessed,411.9552582584344,342.3641293743789,1.0,376.8100184346273,378.8983701161973,1.0,439.6516679380689,380.68012696416105,1.0,353.9267148231096,423.0712705789296,1.0,456.20005030561447,427.2677667266833,1.0,385.8671468936238,423.7940356403918,1.0,433.84705649433,424.8285853885676,1.0,388.3921750964967,462.9950899321296,1.0,424.013582915922,463.0945740391978,1.0,391.186200427956,528.9010299842046,1.0,414.2501780443863,536.2407993649172,1.0,381.36778175801095,592.7899662516675,1.0,403.5414797433583,611.9996632259516,1.0,384.6472584184263,617.6877842559477,1.0,373.9391872280424,611.768043471468,1.0,378.8848309614599,602.8807549872589,1.0,407.93754580280176,616.9823336188284,1.0,413.9120841498232,620.9998119966909,1.0,402.0012787434831,621.2456810526903,1.0,1.0,5.333333333333333,411.9552582584344,342.3641293743789,False,376.8100184346273,378.8983701161973,False,439.6516679380689,380.68012696416105,False,353.9267148231096,423.0712705789296,False,456.20005030561447,427.2677667266833,False,385.8671468936238,423.7940356403918,False,433.84705649433,424.8285853885676,False,388.3921750964967,462.9950899321296,False,424.013582915922,463.0945740391978,False,391.186200427956,528.9010299842046,False,414.2501780443863,536.2407993649172,False,381.36778175801095,592.7899662516675,False,403.5414797433583,611.9996632259516,False,True,64.21693364237312,168.8356153283493,179.55718753852048
321,321,5.35,5.35,Sports2D_HALPE26_postprocessed,411.2966812281904,342.30531742837684,1.0,376.1096946466543,378.765253507009,1.0,438.4600123952584,380.34013348081135,1.0,353.4937663547307,422.25578138966966,1.0,455.8572887759431,426.67350524410415,1.0,385.9104749443774,421.8034169020818,1.0,433.4288281610095,422.7270672624062,1.0,387.7393326542199,462.9606091610577,1.0,423.3321088741062,463.1022977870997,1.0,392.1342993107306,528.5042885699636,1.0,413.9639014993221,535.8054980077347,1.0,380.9578074364414,594.9008021450637,1.0,403.6025255763655,611.9721826930539,1.0,385.28764923417407,612.9849448367295,1.0,373.62509082069056,606.5559239063109,1.0,378.4900839434644,606.3874572032377,1.0,407.30846807206245,616.465227492108,1.0,413.543150227052,620.6962703892502,1.0,402.22839950824346,621.0398773221084,1.0,1.0,5.35,411.2966812281904,342.30531742837684,False,376.1096946466543,378.765253507009,False,438.4600123952584,380.34013348081135,False,353.4937663547307,422.25578138966966,False,455.8572887759431,426.67350524410415,False,385.9104749443774,421.8034169020818,False,433.4288281610095,422.7270672624062,False,387.7393326542199,462.9606091610577,False,423.3321088741062,463.1022977870997,False,392.1342993107306,528.5042885699636,False,413.9639014993221,535.8054980077347,False,380.9578074364414,594.9008021450637,False,403.6025255763655,611.9721826930539,False,True,59.440400410499265,166.60883522338833,179.59570789020492
322,322,5.366666666666666,5.366666666666666,Sports2D_HALPE26_postprocessed,410.9871517456655,342.2256497710952,1.0,375.7559703055124,378.3272213654844,1.0,437.9800607221088,380.1871597268789,1.0,353.2159812263356,421.9565853222418,1.0,455.7186312016892,426.3972838724574,1.0,385.60232779410825,421.5571249890475,1.0,433.52782165065537,421.5118892445645,1.0,387.6906748034346,462.5318979257683,1.0,423.01832283534526,463.0159796876774,1.0,392.95064117072457,528.0259209102364,1.0,413.7385802229014,535.2811070838743,1.0,380.3933637413605,596.881700019659,1.0,403.5326655117898,611.9807232574925,1.0,386.4857482099387,608.4783823995526,1.0,373.76275513412975,604.9767870107038,1.0,377.7017936698854,608.2147025857422,1.0,406.6181148690304,616.085137460675,1.0,413.79390285389184,620.3361250482425,1.0,402.4547971044936,620.9925400738106,1.0,1.0,5.366666666666666,410.9871517456655,342.2256497710952,False,375.7559703055124,378.3272213654844,False,437.9800607221088,380.1871597268789,False,353.2159812263356,421.9565853222418,False,455.7186312016892,426.3972838724574,False,385.60232779410825,421.5571249890475,False,433.52782165065537,421.5118892445645,False,387.6906748034346,462.5318979257683,False,423.01832283534526,463.0159796876774,False,392.95064117072457,528.0259209102364,False,413.7385802229014,535.2811070838743,False,380.3933637413605,596.881700019659,False,403.5326655117898,611.9807232574925,False,True,56.583988515901105,165.07281948157987,179.73799709115588
323,323,5.383333333333333,5.383333333333333,Sports2D_HALPE26_postprocessed,410.6216644705798,342.05747522374884,1.0,375.0977287977249,378.0282936715687,1.0,436.6992047911261,379.9246792193916,1.0,352.4895225428535,421.1418066581326,1.0,455.3817661662399,426.1023867921383,1.0,385.2212241438885,421.5885216623858,1.0,436.7508647957558,420.178075000892,1.0,386.92484835985374,462.65608451674586,1.0,422.537122559159,463.1298416509322,1.0,393.13653111827534,528.0068111671166,1.0,413.473252495617,534.8739838679342,1.0,380.023233255645,599.4223007775824,1.0,403.52268970628063,612.0484647888723,1.0,387.41015096206536,607.5353986061638,1.0,377.7440267219585,604.995550640869,1.0,376.9140095089945,609.4451337251816,1.0,407.1219589210851,615.8211749348048,1.0,413.7354630850848,620.1327921043799,1.0,402.52838391781233,620.6861890461823,1.0,1.0,5.383333333333333,410.6216644705798,342.05747522374884,False,375.0977287977249,378.0282936715687,False,436.6992047911261,379.9246792193916,False,352.4895225428535,421.1418066581326,False,455.3817661662399,426.1023867921383,False,385.2212241438885,421.5885216623858,False,436.7508647957558,420.178075000892,False,386.92484835985374,462.65608451674586,False,422.537122559159,463.1298416509322,False,393.13653111827534,528.0068111671166,False,413.473252495617,534.8739838679342,False,380.023233255645,599.4223007775824,False,403.52268970628063,612.0484647888723,False,True,50.33296075367166,164.16552820590712,179.85342509671253
324,324,5.4,5.4,Sports2D_HALPE26_postprocessed,410.44333008920256,342.1452249230441,1.0,375.0004692001901,377.92336719568334,1.0,435.90032162868187,379.6373803683954,1.0,352.0806749408391,420.39193580410137,1.0,455.0640936175626,425.9779636327359,1.0,384.9939787177072,421.33430985285554,1.0,437.8238851211982,419.646981598685,1.0,386.3736060717628,462.6892170026237,1.0,421.759470466583,463.1502010484128,1.0,393.292224425235,528.3481341435552,1.0,413.1447464426546,534.7026863330251,1.0,379.88617529362097,600.8177415107453,1.0,403.4697439154987,612.0843264010177,1.0,387.64673250695,608.6235070318644,1.0,380.0225603140616,606.8178339350515,1.0,376.3150159766738,610.9667203725594,1.0,408.7165624537328,615.9252314721368,1.0,413.9922814961645,620.0684081062301,1.0,402.4786701727522,620.4789139400142,1.0,1.0,5.4,410.44333008920256,342.1452249230441,False,375.0004692001901,377.92336719568334,False,435.90032162868187,379.6373803683954,False,352.0806749408391,420.39193580410137,False,455.0640936175626,425.9779636327359,False,384.9939787177072,421.33430985285554,False,437.8238851211982,419.646981598685,False,386.3736060717628,462.6892170026237,False,421.759470466583,463.1502010484128,False,393.292224425235,528.3481341435552,False,413.1447464426546,534.7026863330251,False,379.88617529362097,600.8177415107453,False,403.4697439154987,612.0843264010177,False,True,47.368515835537366,163.5042352768836,179.73851991304898
325,325,5.416666666666667,5.416666666666667,Sports2D_HALPE26_postprocessed,409.8396248646282,342.3311919867949,1.0,374.3528177606754,377.8751240975404,1.0,435.60675480809306,379.78956492762114,1.0,351.9096630967764,419.9790665991095,1.0,454.3574456472551,426.0071432221108,1.0,385.0302722750003,420.9868493789354,1.0,437.0000902793005,417.09490832685657,1.0,386.1945141729245,462.6722937672001,1.0,421.4251096650315,463.1197403429911,1.0,393.2675086960505,528.7023656316504,1.0,412.9343170999636,534.7864586255739,1.0,380.2193976883127,601.0080858058748,1.0,403.3849073775,611.9346462302689,1.0,388.8343605577455,608.9498782922443,1.0,381.6503728573557,606.9873644457582,1.0,376.3051854411468,611.6620898588975,1.0,409.25584864530606,616.2773208023318,1.0,413.9394073722168,620.2286678384668,1.0,402.27762561026015,620.5089342909333,1.0,1.0,5.416666666666667,409.8396248646282,342.3311919867949,False,374.3528177606754,377.8751240975404,False,435.60675480809306,379.78956492762114,False,351.9096630967764,419.9790665991095,False,454.3574456472551,426.0071432221108,False,385.0302722750003,420.9868493789354,False,437.0000902793005,417.09490832685657,False,386.1945141729245,462.6722937672001,False,421.4251096650315,463.1197403429911,False,393.2675086960505,528.7023656316504,False,412.9343170999636,534.7864586255739,False,380.2193976883127,601.0080858058748,False,403.3849073775,611.9346462302689,False,True,40.73887738935628,163.65655407588068,179.7004980564655
326,326,5.433333333333334,5.433333333333334,Sports2D_HALPE26_postprocessed,409.2749672543632,342.4471885548983,1.0,373.6291750360824,378.0551972101928,1.0,435.4122736695016,380.1024414668771,1.0,351.462666836274,419.55034370011913,1.0,453.3536339341063,426.00820880601066,1.0,384.3631999811924,420.5772097683114,1.0,436.4303413934282,416.4881306101862,1.0,386.0995524421399,463.067355759128,1.0,420.8877245702293,463.2542656879468,1.0,393.2515787523178,528.9150405210033,1.0,412.7916257245783,535.1305975981281,1.0,380.6721569200595,601.1837610905396,1.0,403.3721012936807,611.623703365168,1.0,388.9854129433626,609.0719957717663,1.0,383.4617705989772,607.2319604203957,1.0,377.1987710833905,611.7921770918485,1.0,409.3176384559484,616.395507028483,1.0,413.8967796716824,620.3738570645758,1.0,401.8141002337711,620.5366309522319,1.0,1.0,5.433333333333334,409.2749672543632,342.4471885548983,False,373.6291750360824,378.0551972101928,False,435.4122736695016,380.1024414668771,False,351.462666836274,419.55034370011913,False,453.3536339341063,426.00820880601066,False,384.3631999811924,420.5772097683114,False,436.4303413934282,416.4881306101862,False,386.0995524421399,463.067355759128,False,420.8877245702293,463.2542656879468,False,393.2515787523178,528.9150405210033,False,412.7916257245783,535.1305975981281,False,380.6721569200595,601.1837610905396,False,403.3721012936807,611.623703365168,False,True,39.29331972985593,163.92690419543626,179.40648509226583
327,327,5.45,5.45,Sports2D_HALPE26_postprocessed,408.8952322572387,342.5933943231645,1.0,373.5592986816716,378.00670220797696,1.0,434.7809076985525,380.1483215087819,1.0,351.6087732003846,419.30260789044814,1.0,452.8852167964983,425.9647068989765,1.0,384.0368388998464,420.6571148926295,1.0,435.0905555811392,415.9410421056388,1.0,386.022386711496,463.29167006550574,1.0,420.4944732626814,463.32058148703567,1.0,393.3064030635112,529.3947186213788,1.0,412.5892235223064,535.1982962175176,1.0,381.4032253291665,601.6535024218782,1.0,403.22857428847766,611.6613413346315,1.0,388.7692102585387,609.3822331008787,1.0,383.9669287779725,608.0956907854073,1.0,378.2410068569991,611.7174928601505,1.0,409.528033171327,616.4521942657877,1.0,414.0115465787655,620.5266413838501,1.0,401.51400572357306,620.6556540065033,1.0,1.0,5.45,408.8952322572387,342.5933943231645,False,373.5592986816716,378.00670220797696,False,434.7809076985525,380.1483215087819,False,351.6087732003846,419.30260789044814,False,452.8852167964983,425.9647068989765,False,384.0368388998464,420.6571148926295,False,435.0905555811392,415.9410421056388,False,386.022386711496,463.29167006550574,False,420.4944732626814,463.32058148703567,False,393.3064030635112,529.3947186213788,False,412.5892235223064,535.1982962175176,False,381.4032253291665,601.6535024218782,False,403.22857428847766,611.6613413346315,False,True,39.046189280713264,164.3575261533834,179.29682204043633
328,328,5.466666666666667,5.466666666666667,Sports2D_HALPE26_postprocessed,408.4159538593906,342.6045754208159,1.0,373.3572777891277,378.0151420477196,1.0,434.55228114500426,380.4171916425752,1.0,351.8635978659036,419.1610000070621,1.0,452.3505224400958,426.0603081044685,1.0,384.49223918141206,419.1502269826548,1.0,434.9031382166563,412.0109103826132,1.0,386.2405570660376,463.2159714347747,1.0,419.6797621386508,463.3807453267009,1.0,393.2392558846059,530.0186373023545,1.0,412.4762839045457,535.2884513683804,1.0,382.29585714156747,601.8978143438832,1.0,403.3402608870185,611.6221449979117,1.0,389.6792085944409,609.7631993054442,1.0,385.1488387835423,608.4263109256872,1.0,378.4472807894656,611.4255293199966,1.0,409.8782391128164,616.1251733741486,1.0,414.0433472008961,620.4582340987416,1.0,401.3075642765515,620.6879987154564,1.0,1.0,5.466666666666667,408.4159538593906,342.6045754208159,False,373.3572777891277,378.0151420477196,False,434.55228114500426,380.4171916425752,False,351.8635978659036,419.1610000070621,False,452.3505224400958,426.0603081044685,False,384.49223918141206,419.1502269826548,False,434.9031382166563,412.0109103826132,False,386.2405570660376,463.2159714347747,False,419.6797621386508,463.3807453267009,False,393.2392558846059,530.0186373023545,False,412.4762839045457,535.2884513683804,False,382.29585714156747,601.8978143438832,False,403.3402608870185,611.6221449979117,False,True,29.854481661385083,165.3624832653914,178.8956188940271
329,329,5.483333333333333,5.483333333333333,Sports2D_HALPE26_postprocessed,408.2516119148423,342.750138540594,1.0,373.1694032034399,378.272060854904,1.0,434.0523595214297,380.7240161227412,1.0,351.7639320310392,419.0438444100557,1.0,452.143888748232,425.9820605727588,1.0,384.87506213426434,416.7675221879685,1.0,434.34805301505713,408.9753603803764,1.0,386.434027676975,462.7006541956641,1.0,419.914174193756,463.3481850324045,1.0,393.1643999930322,530.9427293753552,1.0,412.5232029842292,535.2918391901799,1.0,383.4942036166475,601.407532138241,1.0,403.28036655707086,611.2229403793901,1.0,390.3608970553445,609.485461294792,1.0,386.08724555278434,608.3867830360414,1.0,379.8360604573513,611.1296998580101,1.0,410.3904524317471,614.7126410839505,1.0,414.44921467215454,619.8422851985633,1.0,400.9873839826343,620.5593958817241,1.0,1.0,5.483333333333333,408.2516119148423,342.750138540594,False,373.1694032034399,378.272060854904,False,434.0523595214297,380.7240161227412,False,351.7639320310392,419.0438444100557,False,452.143888748232,425.9820605727588,False,384.87506213426434,416.7675221879685,False,434.34805301505713,408.9753603803764,False,386.434027676975,462.7006541956641,False,419.914174193756,463.3481850324045,False,393.1643999930322,530.9427293753552,False,412.5232029842292,535.2918391901799,False,383.4942036166475,601.407532138241,False,403.28036655707086,611.2229403793901,False,True,24.510287619937564,166.55327932375647,178.92529982187583
330,330,5.5,5.5,Sports2D_HALPE26_postprocessed,407.8146248925406,342.935497835551,1.0,373.048886252201,378.30495752510416,1.0,433.34490325745867,380.8007762358214,1.0,351.72783479991614,418.37910096611495,1.0,451.7707365322416,425.7894232464189,1.0,384.49653146641134,415.8113037281973,1.0,434.1761257312741,407.22300129596135,1.0,386.68025278636907,462.50236459360383,1.0,419.6467152055497,463.3628274203584,1.0,393.0896823914162,530.904981608605,1.0,412.6779926998644,535.209466104877,1.0,384.8559967909242,600.2555082763383,1.0,403.5336830234492,610.8448351400696,1.0,389.6756688352543,609.480701529972,1.0,385.9404248125391,608.3632970610962,1.0,381.89043451344617,610.6518814167614,1.0,413.8309510099037,614.0127515659369,1.0,416.5521067407459,619.168206402356,1.0,400.7473841080204,620.4837235724739,1.0,1.0,5.5,407.8146248925406,342.935497835551,False,373.048886252201,378.30495752510416,False,433.34490325745867,380.8007762358214,False,351.72783479991614,418.37910096611495,False,451.7707365322416,425.7894232464189,False,384.49653146641134,415.8113037281973,False,434.1761257312741,407.22300129596135,False,386.68025278636907,462.50236459360383,False,419.6467152055497,463.3628274203584,False,393.0896823914162,530.904981608605,False,412.6779926998644,535.209466104877,False,384.8559967909242,600.2555082763383,False,403.5336830234492,610.8448351400696,False,True,21.18822047887492,167.87614452622918,178.64644306168987
331,331,5.516666666666667,5.516666666666667,Sports2D_HALPE26_postprocessed,407.1756169060832,342.9798262028374,1.0,372.8594965894805,378.3184943629876,1.0,433.3607550709439,380.8636850137985,1.0,351.5743407263655,417.8267055470459,1.0,451.4831830832882,425.6723357451492,1.0,384.464679064074,414.5356011654197,1.0,433.9268537911137,406.2365580610697,1.0,386.7964332184823,462.53232881507,1.0,419.0498500041495,463.4292155190951,1.0,392.8707371440202,530.9425247406787,1.0,412.7642458244935,535.3125578141168,1.0,386.217218870499,599.5386642701767,1.0,403.62088458967503,610.8127366549079,1.0,388.58312262048855,609.0261215589213,1.0,385.0170867121994,607.927191246798,1.0,382.903006633799,610.1189117001461,1.0,416.6244666266307,613.8765668036824,1.0,418.4861970929449,619.0529886082259,1.0,400.5284951074684,620.5831016536189,1.0,1.0,5.516666666666667,407.1756169060832,342.9798262028374,False,372.8594965894805,378.3184943629876,False,433.3607550709439,380.8636850137985,False,351.5743407263655,417.8267055470459,False,451.4831830832882,425.6723357451492,False,384.464679064074,414.5356011654197,False,433.9268537911137,406.2365580610697,False,386.7964332184823,462.53232881507,False,419.0498500041495,463.4292155190951,False,392.8707371440202,530.9425247406787,False,412.7642458244935,535.3125578141168,False,386.217218870499,599.5386642701767,False,403.62088458967503,610.8127366549079,False,True,20.0710923340499,169.3857752079865,178.09221905738315
332,332,5.533333333333333,5.533333333333333,Sports2D_HALPE26_postprocessed,406.9961907038139,343.17572351038257,1.0,372.6220276194464,378.2206323947768,1.0,432.8333579997769,380.91873091640434,1.0,351.9612052659304,416.66082457053255,1.0,451.2956212999712,425.4978902296669,1.0,384.1574901583467,415.053915462316,1.0,434.5113175637747,405.4381212936762,1.0,386.42862432482696,462.9183858163892,1.0,418.9243744286756,463.6173295818436,1.0,392.8790112913741,530.7713427129213,1.0,412.7715131069481,535.4752656918106,1.0,387.101759402805,599.0938779390746,1.0,403.3710582475606,610.9197515476438,1.0,388.8507688877832,608.2333583039306,1.0,385.3304539382562,606.899105832639,1.0,383.5497995396484,610.8041043928151,1.0,417.4957335603911,613.9696861990506,1.0,418.8698453342855,618.8134813934028,1.0,400.4702282033982,620.822093231609,1.0,1.0,5.533333333333333,406.9961907038139,343.17572351038257,False,372.6220276194464,378.2206323947768,False,432.8333579997769,380.91873091640434,False,351.9612052659304,416.66082457053255,False,451.2956212999712,425.4978902296669,False,384.1574901583467,415.053915462316,False,434.5113175637747,405.4381212936762,False,386.42862432482696,462.9183858163892,False,418.9243744286756,463.6173295818436,False,392.8790112913741,530.7713427129213,False,412.7715131069481,535.4752656918106,False,387.101759402805,599.0938779390746,False,403.3710582475606,610.9197515476438,False,True,17.42304173969783,169.7361941050637,177.79153094695286
333,333,5.55,5.55,Sports2D_HALPE26_postprocessed,406.9640876091323,343.5851027710772,1.0,372.6709372804007,378.1673120744078,1.0,432.07883345385216,380.85724601243305,1.0,352.245251826742,415.6980489612042,1.0,450.9284073065102,425.41528439590434,1.0,384.1553365652832,415.531132948832,1.0,435.4175974500604,404.6765875255591,1.0,385.9123408439627,463.44584234295183,1.0,418.9759337557196,463.7857878537993,1.0,393.0779394572916,530.5951659369854,1.0,412.6564876498269,535.5635502327157,1.0,387.70754000795705,599.4118528384588,1.0,403.4286970469764,611.0780005990642,1.0,389.0451052640781,608.0127443278478,1.0,385.2928462459908,606.5629345855041,1.0,383.8228166937016,609.7219337781179,1.0,417.628591205544,613.9065050489088,1.0,419.0462588396536,618.857720127875,1.0,400.53497810013386,620.8259604389075,1.0,1.0,5.55,406.9640876091323,343.5851027710772,False,372.6709372804007,378.1673120744078,False,432.07883345385216,380.85724601243305,False,352.245251826742,415.6980489612042,False,450.9284073065102,425.41528439590434,False,384.1553365652832,415.531132948832,False,435.4175974500604,404.6765875255591,False,385.9123408439627,463.44584234295183,False,418.9759337557196,463.7857878537993,False,393.0779394572916,530.5951659369854,False,412.6564876498269,535.5635502327157,False,387.70754000795705,599.4118528384588,False,403.4286970469764,611.0780005990642,False,True,13.863390238596526,169.4466643345937,178.06450627913944
334,334,5.566666666666666,5.566666666666666,Sports2D_HALPE26_postprocessed,406.3832117959966,343.82106162776006,1.0,372.6330559234036,377.97408726048815,1.0,431.76941028321073,380.8713376333813,1.0,352.9690257527173,415.3164851083931,1.0,450.3284450671481,425.3382205085008,1.0,383.98779028085306,415.65937722733474,1.0,435.1454792116001,404.6250235311129,1.0,386.09376930645874,463.57615105895394,1.0,418.7210940750805,464.4739120725329,1.0,393.3428703975648,530.3264218979579,1.0,412.765019771031,535.6410788147675,1.0,387.383822408225,599.6127132185011,1.0,403.30747618698814,610.9916668358757,1.0,389.2083691521704,608.3571247744832,1.0,385.72066158362327,606.8529117766668,1.0,383.8439683585232,609.6363967030801,1.0,417.6950249457952,613.9369980987432,1.0,419.1465732446802,618.913009348195,1.0,400.3375541196584,620.8533485924673,1.0,1.0,5.566666666666666,406.3832117959966,343.82106162776006,False,372.6330559234036,377.97408726048815,False,431.76941028321073,380.8713376333813,False,352.9690257527173,415.3164851083931,False,450.3284450671481,425.3382205085008,False,383.98779028085306,415.65937722733474,False,435.1454792116001,404.6250235311129,False,386.09376930645874,463.57615105895394,False,418.7210940750805,464.4739120725329,False,393.3428703975648,530.3264218979579,False,412.765019771031,535.6410788147675,False,387.383822408225,599.6127132185011,False,403.30747618698814,610.9916668358757,False,True,13.587687973480033,168.88625688864474,177.63000700937923
335,335,5.583333333333333,5.583333333333333,Sports2D_HALPE26_postprocessed,406.0732224510308,344.05028304000905,1.0,372.1777759655439,377.9957131201714,1.0,431.36427587063054,380.9305058299119,1.0,353.3312863861106,415.3074506547279,1.0,449.9153390510743,425.3436221120121,1.0,384.28233530354174,414.4443921336667,1.0,434.7232298579576,404.1897365514612,1.0,385.56021450006153,463.657258359673,1.0,418.000113235753,464.11714360128553,1.0,393.75277658885017,530.3222964731713,1.0,412.8756580492178,535.8918681159462,1.0,387.1064378913789,599.9799540273726,1.0,403.1222444656925,610.7638631727314,1.0,389.2942353989696,608.6477151353228,1.0,385.861343507023,607.1640722142072,1.0,383.85954176828017,610.5199729990416,1.0,417.63739034842274,614.0497628649567,1.0,418.8869829498923,619.008956993967,1.0,400.0049573434823,620.9568572264184,1.0,1.0,5.583333333333333,406.0732224510308,344.05028304000905,False,372.1777759655439,377.9957131201714,False,431.36427587063054,380.9305058299119,False,353.3312863861106,415.3074506547279,False,449.9153390510743,425.3436221120121,False,384.28233530354174,414.4443921336667,False,434.7232298579576,404.1897365514612,False,385.56021450006153,463.657258359673,False,418.000113235753,464.11714360128553,False,393.75277658885017,530.3222964731713,False,412.8756580492178,535.8918681159462,False,387.1064378913789,599.9799540273726,False,403.1222444656925,610.7638631727314,False,True,13.01484570980882,167.54362909589966,176.66177839321284
336,336,5.6,5.6,Sports2D_HALPE26_postprocessed,406.1767536107943,344.3780179227412,1.0,372.2274193939097,378.0459052947992,1.0,430.5824420159671,380.98708905872365,1.0,353.8025472176652,414.23186233499024,1.0,449.5246951041468,425.3123538630637,1.0,384.9457431543572,411.71516771540473,1.0,433.84748126561846,403.4205994995991,1.0,385.25066008514807,463.2012453956223,1.0,417.5660855627781,464.02898532387314,1.0,393.9602854856859,530.3882255620756,1.0,413.0062087830304,535.7790207348862,1.0,386.99416463678506,600.0021661686146,1.0,403.1396444659122,609.9940462347764,1.0,389.1331866811562,609.1478752649112,1.0,385.61991241402654,607.8680455573001,1.0,383.6969689394601,611.1759986619486,1.0,417.4518443150835,614.0761885964587,1.0,418.675636491178,619.0368108191133,1.0,399.6709271512348,620.7922342897051,1.0,1.0,5.6,406.1767536107943,344.3780179227412,False,372.2274193939097,378.0459052947992,False,430.5824420159671,380.98708905872365,False,353.8025472176652,414.23186233499024,False,449.5246951041468,425.3123538630637,False,384.9457431543572,411.71516771540473,False,433.84748126561846,403.4205994995991,False,385.25066008514807,463.2012453956223,False,417.5660855627781,464.02898532387314,False,393.9602854856859,530.3882255620756,False,413.0062087830304,535.7790207348862,False,386.99416463678506,600.0021661686146,False,403.1396444659122,609.9940462347764,False,True,12.468087107850776,166.89934241784346,176.06356851861517
337,337,5.616666666666666,5.616666666666666,Sports2D_HALPE26_postprocessed,406.4683563997585,345.1452320260461,1.0,372.4504903557287,378.0262495066924,1.0,429.86666284371546,381.0295168902359,1.0,354.29425002571867,414.4487429330196,1.0,448.96908983988857,425.4759433889412,1.0,385.6673704395308,409.6350538548233,1.0,431.5745404572557,403.0294329139167,1.0,385.2710114962306,462.63073939348055,1.0,417.0417654841998,463.8630479175726,1.0,393.9013449084069,530.1050248064753,1.0,413.2203693028039,535.5678519290485,1.0,386.6320800583024,600.276184358592,1.0,403.2209857312614,609.1515714472994,1.0,388.4067478209249,609.87357385286,1.0,385.0125860805047,608.7478834457672,1.0,383.3841553929889,611.908676735371,1.0,417.3625587652588,614.0212932546732,1.0,418.73572337703,618.9804035576142,1.0,399.4134041454872,620.6008822365148,1.0,1.0,5.616666666666666,406.4683563997585,345.1452320260461,False,372.4504903557287,378.0262495066924,False,429.86666284371546,381.0295168902359,False,354.29425002571867,414.4487429330196,False,448.96908983988857,425.4759433889412,False,385.6673704395308,409.6350538548233,False,431.5745404572557,403.0294329139167,False,385.2710114962306,462.63073939348055,False,417.0417654841998,463.8630479175726,False,393.9013449084069,530.1050248064753,False,413.2203693028039,535.5678519290485,False,386.6320800583024,600.276184358592,False,403.2209857312614,609.1515714472994,False,True,14.515969159857727,166.79676532515106,175.31201102587548
338,338,5.633333333333333,5.633333333333333,Sports2D_HALPE26_postprocessed,406.73419899375466,345.5688910167265,1.0,372.5729154379131,377.64441586174,1.0,428.50742767849823,381.0177192388022,1.0,355.397190862463,412.9845610989435,1.0,448.4155295725183,425.49205760663904,1.0,387.1817127892018,405.9003639363844,1.0,430.5671905676829,402.7815426912253,1.0,384.6957936505733,460.9875151640927,1.0,416.9358537780389,462.9675894660151,1.0,393.632960984284,530.4215811892062,1.0,413.5946860999173,535.5151032299417,1.0,386.2365054589333,600.4997601625125,1.0,403.0369486535984,608.1904640800045,1.0,388.5547184476316,610.1686507354797,1.0,384.6778169361183,609.3056459238396,1.0,382.3815564113382,612.4040860384954,1.0,417.2746691422682,614.0862132642854,1.0,418.3593630614975,618.963463318295,1.0,398.67873442067634,619.8173870696609,1.0,1.0,5.633333333333333,406.73419899375466,345.5688910167265,False,372.5729154379131,377.64441586174,False,428.50742767849823,381.0177192388022,False,355.397190862463,412.9845610989435,False,448.4155295725183,425.49205760663904,False,387.1817127892018,405.9003639363844,False,430.5671905676829,402.7815426912253,False,384.6957936505733,460.9875151640927,False,416.9358537780389,462.9675894660151,False,393.632960984284,530.4215811892062,False,413.5946860999173,535.5151032299417,False,386.2365054589333,600.4997601625125,False,403.0369486535984,608.1904640800045,False,True,14.049252660075725,166.6405118026096,174.3712045500686
339,339,5.65,5.65,Sports2D_HALPE26_postprocessed,406.414226492814,345.81170923066213,1.0,372.5317329599667,377.6036781975792,1.0,427.6776464506145,381.0709552644032,1.0,356.6238872866128,412.907806889305,1.0,448.0259502851957,425.5927490375003,1.0,388.0781490582344,403.0459958877923,1.0,429.7100361789861,402.1484110479121,1.0,384.3971702295499,460.39075133891015,1.0,416.6149027656182,462.5354136104022,1.0,393.2651718230625,531.3085557203021,1.0,413.9441202150738,535.7093828616331,1.0,385.6188444138606,600.6220160661933,1.0,402.7734718809607,607.6877459729294,1.0,388.9970338615794,610.6631722716882,1.0,384.5425236066611,609.8610895364613,1.0,381.78969875749306,612.6487670975541,1.0,417.0719539630531,614.3615362230282,1.0,417.9026718058524,618.9899041020062,1.0,398.2256605685705,618.867739293068,1.0,1.0,5.65,406.414226492814,345.81170923066213,False,372.5317329599667,377.6036781975792,False,427.6776464506145,381.0709552644032,False,356.6238872866128,412.907806889305,False,448.0259502851957,425.5927490375003,False,388.0781490582344,403.0459958877923,False,429.7100361789861,402.1484110479121,False,384.3971702295499,460.39075133891015,False,416.6149027656182,462.5354136104022,False,393.2651718230625,531.3085557203021,False,413.9441202150738,535.7093828616331,False,385.6188444138606,600.6220160661933,False,402.7734718809607,607.6877459729294,False,True,13.436406632612492,166.577236689415,173.26869833910155
340,340,5.666666666666667,5.666666666666667,Sports2D_HALPE26_postprocessed,405.3046455238033,345.9838653239316,1.0,372.55357425987165,377.6131457722383,1.0,427.37945532163087,381.1910921080456,1.0,357.4878889280613,412.5946904279432,1.0,447.4347028048879,425.7511966985987,1.0,388.88870478572267,401.2380757537449,1.0,429.0183094697804,402.18778325741897,1.0,384.4356265549627,460.2826033911284,1.0,416.00731573787215,462.75052747429856,1.0,392.7348117752873,532.214091869479,1.0,414.3149452593707,536.0490805198357,1.0,385.4629260459003,600.676363891185,1.0,402.5446569146098,607.1352159752653,1.0,390.4605573360103,610.8443322202727,1.0,385.0956675996004,609.9484532039903,1.0,381.185309178036,612.9910835476071,1.0,416.87878172687147,614.4566928142699,1.0,417.8421441857949,618.9456456134426,1.0,397.5544145095864,618.2077320586154,1.0,1.0,5.666666666666667,405.3046455238033,345.9838653239316,False,372.55357425987165,377.6131457722383,False,427.37945532163087,381.1910921080456,False,357.4878889280613,412.5946904279432,False,447.4347028048879,425.7511966985987,False,388.88870478572267,401.2380757537449,False,429.0183094697804,402.18778325741897,False,384.4356265549627,460.2826033911284,False,416.00731573787215,462.75052747429856,False,392.7348117752873,532.214091869479,False,414.3149452593707,536.0490805198357,False,385.4629260459003,600.676363891185,False,402.5446569146098,607.1352159752653,False,True,13.778852635722183,167.35545205020287,171.92103967212066
341,341,5.683333333333334,5.683333333333334,Sports2D_HALPE26_postprocessed,405.20762296524055,346.12514751009604,1.0,372.5172633011416,377.39067160250937,1.0,426.8251251609751,381.4144173828018,1.0,358.6728327140424,411.94696584504766,1.0,447.0410960661607,425.8261095152675,1.0,389.7484956106218,400.9749868291146,1.0,428.6249097731081,402.2225759890686,1.0,384.17083272180014,459.6128626520209,1.0,415.5476541915289,462.6410547634395,1.0,392.0740472458217,532.8735803033525,1.0,414.85888536353485,536.5442310610292,1.0,385.321027013421,600.850281494776,1.0,402.3678684419988,606.9328011870858,1.0,392.3418487828205,610.840791356124,1.0,386.3889126726049,609.9207270191686,1.0,380.9913311993763,613.229454774802,1.0,416.6494594011559,614.5570115426351,1.0,417.6619270858761,618.8376173428769,1.0,396.8820302097338,618.2130642589175,1.0,1.0,5.683333333333334,405.20762296524055,346.12514751009604,False,372.5172633011416,377.39067160250937,False,426.8251251609751,381.4144173828018,False,358.6728327140424,411.94696584504766,False,447.0410960661607,425.8261095152675,False,389.7484956106218,400.9749868291146,False,428.6249097731081,402.2225759890686,False,384.17083272180014,459.6128626520209,False,415.5476541915289,462.6410547634395,False,392.0740472458217,532.8735803033525,False,414.85888536353485,536.5442310610292,False,385.321027013421,600.850281494776,False,402.3678684419988,606.9328011870858,False,True,13.487644349053605,168.16953202416568,170.47113637402722
342,342,5.7,5.7,Sports2D_HALPE26_postprocessed,405.3478028689804,346.13092165749003,1.0,372.14454958934766,377.2701150937073,1.0,426.1584941427024,381.4037691558193,1.0,360.37324500651016,412.6069779109775,1.0,446.3192730626193,425.8439184967529,1.0,390.9619945500048,401.26647535412496,1.0,431.5742341539666,401.75761828987913,1.0,383.062346467524,459.06122340780206,1.0,415.2311980940745,462.7143016904213,1.0,391.726100913906,532.6060441183276,1.0,415.6001851300269,536.2144560401143,1.0,385.20152973801856,600.740276890155,1.0,402.44927466490685,606.3109905434904,1.0,392.523849785705,610.7014723183521,1.0,386.6132577113578,609.9209712641481,1.0,380.8200744327007,613.0694348816717,1.0,416.75323871401577,614.5397384213608,1.0,417.6535095695645,618.7522109814486,1.0,396.6156273376945,617.7230969374349,1.0,1.0,5.7,405.3478028689804,346.13092165749003,False,372.14454958934766,377.2701150937073,False,426.1584941427024,381.4037691558193,False,360.37324500651016,412.6069779109775,False,446.3192730626193,425.8439184967529,False,390.9619945500048,401.26647535412496,False,431.5742341539666,401.75761828987913,False,383.062346467524,459.06122340780206,False,415.2311980940745,462.7143016904213,False,391.726100913906,532.6060441183276,False,415.6001851300269,536.2144560401143,False,385.20152973801856,600.740276890155,False,402.44927466490685,606.3109905434904,False,True,7.071980232648925,167.81139036727322,169.08654262031473
343,343,5.716666666666667,5.716666666666667,Sports2D_HALPE26_postprocessed,405.3247728243947,346.0561451145645,1.0,372.3424698269411,376.8230035210184,1.0,425.9377539198024,381.5204807551372,1.0,361.5195698048991,412.1881058604818,1.0,445.4002567297268,425.7512592114968,1.0,392.3294690304823,398.43605840558735,1.0,440.083869719789,401.9693427554149,1.0,383.0407008166087,458.5626858854956,1.0,414.6650182360591,462.0729431555041,1.0,391.57965049985785,532.595094821093,1.0,416.5257070183571,536.130940300143,1.0,385.1538077666456,600.453043383355,1.0,402.55914399935546,604.6658736933971,1.0,392.344382121822,611.1656575859738,1.0,386.77641420910834,610.3296405628397,1.0,380.7675162044605,613.9187209926088,1.0,416.8924140036966,614.8391504899772,1.0,417.5813312758672,618.7781652280948,1.0,396.6913386125899,616.9560675508172,1.0,1.0,5.716666666666667,405.3247728243947,346.0561451145645,False,372.3424698269411,376.8230035210184,False,425.9377539198024,381.5204807551372,False,361.5195698048991,412.1881058604818,False,445.4002567297268,425.7512592114968,False,392.3294690304823,398.43605840558735,False,440.083869719789,401.9693427554149,False,383.0407008166087,458.5626858854956,False,414.6650182360591,462.0729431555041,False,391.57965049985785,532.595094821093,False,416.5257070183571,536.130940300143,False,385.1538077666456,600.453043383355,False,402.55914399935546,604.6658736933971,False,True,11.149391978560292,168.01101681541786,167.04231934272795
344,344,5.733333333333333,5.733333333333333,Sports2D_HALPE26_postprocessed,405.9789314006017,346.0850488608805,1.0,372.18913541399456,376.8186049517769,1.0,425.2419640405492,381.6616031041609,1.0,363.4434971980121,409.95046020968937,1.0,444.6397591769648,425.6686034598212,1.0,398.6637615104686,395.7741775199115,1.0,440.9752557367535,401.4531523523175,1.0,382.18138293772006,458.81609318459374,1.0,414.2640122342799,461.9149196576648,1.0,390.9777782866844,532.9156838114782,1.0,418.113227622376,535.9768137425075,1.0,385.03372736620815,600.6422030021106,1.0,402.476094447169,603.8745691097583,1.0,392.0879044449759,611.7238096199538,1.0,386.5649771269228,610.8193198559949,1.0,380.39479638909256,614.7026947553298,1.0,416.6505211481034,615.3870285172186,1.0,417.4895432977189,618.788970739152,1.0,396.3292957783997,616.2741078082161,1.0,1.0,5.733333333333333,405.9789314006017,346.0850488608805,False,372.18913541399456,376.8186049517769,False,425.2419640405492,381.6616031041609,False,363.4434971980121,409.95046020968937,False,444.6397591769648,425.6686034598212,False,398.6637615104686,395.7741775199115,False,440.9752557367535,401.4531523523175,False,382.18138293772006,458.81609318459374,False,414.2640122342799,461.9149196576648,False,390.9777782866844,532.9156838114782,False,418.113227622376,535.9768137425075,False,385.03372736620815,600.6422030021106,False,402.476094447169,603.8745691097583,False,True,15.182120798548112,168.2143349449326,164.0555329500114
345,345,5.75,5.75,Sports2D_HALPE26_postprocessed,406.02087611372485,346.1002444297975,1.0,372.3345566273948,376.5661570402915,1.0,424.5381390851924,381.6217341870109,1.0,364.79857452129033,408.9287115699231,1.0,443.7886753230292,425.6164436027788,1.0,406.96089827879695,393.1156078920035,1.0,440.7986355977346,400.53781120532005,1.0,381.1572944684452,458.9662476652579,1.0,413.4852211846738,461.9163759470254,1.0,390.5788316552595,533.2791911903648,1.0,419.4606690328533,535.6080528295669,1.0,384.9608411984642,600.475390503698,1.0,402.5311933052562,602.1677923410375,1.0,392.5354648180157,612.3706164252231,1.0,386.4153094643184,611.3447802226908,1.0,379.86216945897615,614.8392094725298,1.0,417.1142574625671,615.8737575834961,1.0,417.51246658798925,618.7767809982283,1.0,395.19825111430816,614.2841794495589,1.0,1.0,5.75,406.02087611372485,346.1002444297975,False,372.3345566273948,376.5661570402915,False,424.5381390851924,381.6217341870109,False,364.79857452129033,408.9287115699231,False,443.7886753230292,425.6164436027788,False,406.96089827879695,393.1156078920035,False,440.7986355977346,400.53781120532005,False,381.1572944684452,458.9662476652579,False,413.4852211846738,461.9163759470254,False,390.5788316552595,533.2791911903648,False,419.4606690328533,535.6080528295669,False,384.9608411984642,600.475390503698,False,402.5311933052562,602.1677923410375,False,True,16.83340883141668,167.9953368153754,161.09360847133877
346,346,5.766666666666667,5.766666666666667,Sports2D_HALPE26_postprocessed,405.7888190043264,346.1913235875853,1.0,372.5857755741055,375.7376118432997,1.0,424.3669055649162,381.5909705603356,1.0,365.3201190982151,407.4641138169481,1.0,442.4307672953508,425.4820478298439,1.0,402.8801402177423,392.23033445099406,1.0,440.5889638819104,400.2622240598092,1.0,380.8556426114728,457.6328886497985,1.0,412.0931605898661,460.3245814826479,1.0,390.160182951326,533.4841437651041,1.0,420.96979049362193,534.9215865323264,1.0,385.0507892696815,599.9560764596899,1.0,402.462955620202,598.5102263584591,1.0,392.36733009173065,613.904599412514,1.0,387.0250039138229,612.2756392719957,1.0,378.8349301299555,615.1833747277259,1.0,417.8065070325499,616.1278477450186,1.0,417.56074349808296,618.929093272676,1.0,393.7004567344433,611.8950777503239,1.0,1.0,5.766666666666667,405.7888190043264,346.1913235875853,False,372.5857755741055,375.7376118432997,False,424.3669055649162,381.5909705603356,False,365.3201190982151,407.4641138169481,False,442.4307672953508,425.4820478298439,False,402.8801402177423,392.23033445099406,False,440.5889638819104,400.2622240598092,False,380.8556426114728,457.6328886497985,False,412.0931605898661,460.3245814826479,False,390.160182951326,533.4841437651041,False,420.96979049362193,534.9215865323264,False,385.0507892696815,599.9560764596899,False,402.462955620202,598.5102263584591,False,True,18.193266718909268,168.61114368917237,156.9869226114221
347,347,5.783333333333333,5.783333333333333,Sports2D_HALPE26_postprocessed,406.340515732684,346.2419068726705,1.0,372.829705353432,375.2172785763513,1.0,423.4796247809446,381.63742306758064,1.0,367.6405061640925,406.2071673087772,1.0,441.3728184626549,425.200238638122,1.0,416.18246814133295,388.1472137400809,1.0,441.7659969231426,399.48234400636215,1.0,380.5905521362442,456.9056800844899,1.0,411.031802348252,459.6589314583882,1.0,389.9943203152105,533.4476779828134,1.0,422.45573603040015,534.5106561159834,1.0,385.02977614543954,599.6866474672951,1.0,402.08873653461546,597.8785199969002,1.0,394.0423957571762,614.5389568506405,1.0,388.5279245790935,613.3393925104044,1.0,378.44631777621737,615.4862531726558,1.0,417.9690090115992,616.4353536096885,1.0,417.7226446008316,619.1037580426668,1.0,392.5357081374392,611.4219348352301,1.0,1.0,5.783333333333333,406.340515732684,346.2419068726705,False,372.829705353432,375.2172785763513,False,423.4796247809446,381.63742306758064,False,367.6405061640925,406.2071673087772,False,441.3728184626549,425.200238638122,False,416.18246814133295,388.1472137400809,False,441.7659969231426,399.48234400636215,False,380.5905521362442,456.9056800844899,False,411.031802348252,459.6589314583882,False,389.9943203152105,533.4476779828134,False,422.45573603040015,534.5106561159834,False,385.02977614543954,599.6866474672951,False,402.08873653461546,597.8785199969002,False,True,23.206022240313168,168.709628596823,153.50456126611908
348,348,5.8,5.8,Sports2D_HALPE26_postprocessed,406.96148484354,346.2472909500004,1.0,373.2042815348293,374.7556446532364,1.0,422.7843426528976,381.7449295215332,1.0,373.5338130724216,407.0370720519452,1.0,440.3307462849675,424.9395048074938,1.0,421.8286772295431,385.8842940495777,1.0,442.278233711373,398.4814055747067,1.0,380.3978010965351,456.8090690015349,1.0,410.3309315750449,458.9707073637567,1.0,389.8739949937443,533.5332105951742,1.0,423.76621636858135,534.131615101603,1.0,384.9579057124557,599.4472087452195,1.0,401.5816326109256,595.9740211620303,1.0,399.3608756713851,615.0228881166101,1.0,393.3850605947031,613.5234023917907,1.0,378.0377813681101,615.6070533914773,1.0,418.1136456098584,616.6485784932446,1.0,417.6995109196258,619.0458443517769,1.0,391.3919518258248,610.234460051169,1.0,1.0,5.8,406.96148484354,346.2472909500004,False,373.2042815348293,374.7556446532364,False,422.7843426528976,381.7449295215332,False,373.5338130724216,407.0370720519452,False,440.3307462849675,424.9395048074938,False,421.8286772295431,385.8842940495777,False,442.278233711373,398.4814055747067,False,380.3978010965351,456.8090690015349,False,410.3309315750449,458.9707073637567,False,389.8739949937443,533.5332105951742,False,423.76621636858135,534.131615101603,False,384.9579057124557,599.4472087452195,False,401.5816326109256,595.9740211620303,False,True,26.317611449054308,168.69364389115566,150.1308960152369
349,349,5.816666666666666,5.816666666666666,Sports2D_HALPE26_postprocessed,407.9629432044656,346.1651027625626,1.0,373.9374485219469,374.0598020639887,1.0,421.58682295201896,381.9230477596572,1.0,387.6905644343307,406.96796672330953,1.0,439.6555827171131,424.6599832917342,1.0,425.318946414914,386.0800781394193,1.0,442.7814162715609,399.4600401210189,1.0,380.202088011622,457.3212081883174,1.0,409.5318012668897,459.48283206985167,1.0,389.8072963544868,533.0793761236193,1.0,424.34625419406007,532.8342890545912,1.0,384.8950226813927,599.3920637754723,1.0,401.3544712212759,594.4330542605788,1.0,400.2276169278357,615.3636585597482,1.0,394.33741028745686,613.6491489629989,1.0,377.8855646368016,615.8417286243861,1.0,417.8729569219379,616.2639890467387,1.0,417.4398657883754,618.9474906955605,1.0,390.477239750285,607.3394375698833,1.0,1.0,5.816666666666666,407.9629432044656,346.1651027625626,False,373.9374485219469,374.0598020639887,False,421.58682295201896,381.9230477596572,False,387.6905644343307,406.96796672330953,False,439.6555827171131,424.6599832917342,False,425.318946414914,386.0800781394193,False,442.7814162715609,399.4600401210189,False,380.202088011622,457.3212081883174,False,409.5318012668897,459.48283206985167,False,389.8072963544868,533.0793761236193,False,424.34625419406007,532.8342890545912,False,384.8950226813927,599.3920637754723,False,401.3544712212759,594.4330542605788,False,True,29.98909286270667,168.53756455706616,148.11370849114834
350,350,5.833333333333333,5.833333333333333,Sports2D_HALPE26_postprocessed,409.6374717304165,346.1075056829932,1.0,374.71099885043947,372.9841816348626,1.0,419.6023794048035,381.89659793506337,1.0,398.7384736293742,404.6149771254412,1.0,438.9648665894585,424.434184208846,1.0,429.3904372372165,385.8653689308973,1.0,443.95407101450326,399.81583941218673,1.0,380.04095400692256,453.6936500354583,1.0,408.0833476736641,455.6543707441059,1.0,389.8229111594916,531.786914839415,1.0,425.5433859769448,530.8362533726157,1.0,385.0051539800555,599.0602723029918,1.0,400.3464551319603,591.9598001812362,1.0,401.63859617642896,614.8458280258485,1.0,397.3429014032784,613.5487598497142,1.0,378.0997953524786,616.0228656261858,1.0,417.9842954962537,616.3780809181364,1.0,417.04548542750615,617.9978217656425,1.0,389.09414182256216,606.0809595500829,1.0,1.0,5.833333333333333,409.6374717304165,346.1075056829932,False,374.71099885043947,372.9841816348626,False,419.6023794048035,381.89659793506337,False,398.7384736293742,404.6149771254412,False,438.9648665894585,424.434184208846,False,429.3904372372165,385.8653689308973,False,443.95407101450326,399.81583941218673,False,380.04095400692256,453.6936500354583,False,408.0833476736641,455.6543707441059,False,389.8229111594916,531.786914839415,False,425.5433859769448,530.8362533726157,False,385.0051539800555,599.0602723029918,False,400.3464551319603,591.9598001812362,False,True,35.93084949045044,168.76409677024546,144.52264433727103
351,351,5.85,5.85,Sports2D_HALPE26_postprocessed,410.6868682017802,345.95927501498613,1.0,375.507844902012,372.6402341354053,1.0,418.97226709787975,381.92041617518913,1.0,400.5585397727221,403.79184398294274,1.0,438.0514314253881,424.272342679138,1.0,430.31506057231377,386.0567916738022,1.0,444.6367996573479,400.10922610039904,1.0,380.2266634466542,453.6363559497911,1.0,407.8313445979495,455.6092186293383,1.0,389.79351759906586,530.8473136855586,1.0,426.4711829047453,530.6075371943185,1.0,385.2017147048783,598.6055649416161,1.0,399.536410451067,591.1589564158652,1.0,405.4245304571824,614.9595589733312,1.0,399.6717472007368,613.4440508607814,1.0,378.6056314684781,616.0338497434732,1.0,418.1714810207301,616.176615984324,1.0,416.4463444370395,617.2235809466284,1.0,387.761416737466,605.5785613502204,1.0,1.0,5.85,410.6868682017802,345.95927501498613,False,375.507844902012,372.6402341354053,False,418.97226709787975,381.92041617518913,False,400.5585397727221,403.79184398294274,False,438.0514314253881,424.272342679138,False,430.31506057231377,386.0567916738022,False,444.6367996573479,400.10922610039904,False,380.2266634466542,453.6363559497911,False,407.8313445979495,455.6092186293383,False,389.79351759906586,530.8473136855586,False,426.4711829047453,530.6075371943185,False,385.2017147048783,598.6055649416161,False,399.536410451067,591.1589564158652,False,True,39.496164887383344,169.05988283661267,142.06200598812296
352,352,5.866666666666666,5.866666666666666,Sports2D_HALPE26_postprocessed,411.405508846528,345.8763253917533,1.0,376.1371331564382,372.64901288468815,1.0,419.2544068291013,382.4489803062592,1.0,398.7999848483128,403.92411325554536,1.0,438.0659321027695,424.099279574423,1.0,429.7974738320805,385.4938788064737,1.0,445.84609028602847,400.2390976534264,1.0,380.44689850716463,454.09725436098506,1.0,407.7867565951308,456.0762257905544,1.0,389.8060789370333,530.6323596442423,1.0,427.1239244240368,530.1465328191659,1.0,385.4020536087052,598.197740363216,1.0,399.0769822037738,589.7262564092055,1.0,409.02206928461896,615.9579626699475,1.0,405.4077263962199,613.9479057993947,1.0,378.82464251262,615.9932431480917,1.0,418.0298316697341,616.0604020062879,1.0,415.27682986367296,616.6174162361415,1.0,386.9985312607246,603.7825232823044,1.0,1.0,5.866666666666666,411.405508846528,345.8763253917533,False,376.1371331564382,372.64901288468815,False,419.2544068291013,382.4489803062592,False,398.7999848483128,403.92411325554536,False,438.0659321027695,424.099279574423,False,429.7974738320805,385.4938788064737,False,445.84609028602847,400.2390976534264,False,380.44689850716463,454.09725436098506,False,407.7867565951308,456.0762257905544,False,389.8060789370333,530.6323596442423,False,427.1239244240368,530.1465328191659,False,385.4020536087052,598.197740363216,False,399.0769822037738,589.7262564092055,False,True,42.366248979410784,169.2987767605467,140.1600963334261
353,353,5.883333333333333,5.883333333333333,Sports2D_HALPE26_postprocessed,411.9108429206495,345.8713830501513,1.0,376.2810598519381,372.1691425887237,1.0,417.5763933651197,382.4394480910911,1.0,403.3745016453646,403.8082623905546,1.0,437.5456248482854,423.9814444946536,1.0,432.4030189857925,387.09365191313367,1.0,447.08688664533423,399.1337346630306,1.0,379.9277307691141,453.4059324962816,1.0,406.9321929299023,455.10793695991424,1.0,389.6217671679502,530.5285908215247,1.0,427.51779725159486,529.9718640800099,1.0,385.4838568805933,598.2922505607974,1.0,398.7911615368567,589.3001799609259,1.0,410.5995996222626,617.1443349289746,1.0,409.2563833338183,614.6599460728288,1.0,378.99604811242784,616.4754307108677,1.0,417.8849130173676,615.9032642568513,1.0,414.8293925559517,616.1854439447548,1.0,386.2464869020061,603.047862068484,1.0,1.0,5.883333333333333,411.9108429206495,345.8713830501513,False,376.2810598519381,372.1691425887237,False,417.5763933651197,382.4394480910911,False,403.3745016453646,403.8082623905546,False,437.5456248482854,423.9814444946536,False,432.4030189857925,387.09365191313367,False,447.08688664533423,399.1337346630306,False,379.9277307691141,453.4059324962816,False,406.9321929299023,455.10793695991424,False,389.6217671679502,530.5285908215247,False,427.51779725159486,529.9718640800099,False,385.4838568805933,598.2922505607974,False,398.7911615368567,589.3001799609259,False,True,46.6798561418903,169.3413408828657,138.7889942994126
354,354,5.9,5.9,Sports2D_HALPE26_postprocessed,412.4725691614818,345.80590601228914,1.0,376.6834860841071,371.4386063534901,1.0,416.9167780660671,382.6748276586343,1.0,405.0271563924992,401.1617005893679,1.0,436.6590790893184,423.80559691738233,1.0,432.29274080342464,385.9304229420855,1.0,448.6931523474901,399.1114772031784,1.0,379.776535612433,452.23413703927,1.0,406.4384651446533,454.1724739699818,1.0,389.3548788073563,530.4915672940383,1.0,427.69027827671545,529.8213752368047,1.0,385.41179804909495,598.3949027252545,1.0,398.5030606075423,588.2812585979323,1.0,411.6570214471945,617.3942235933106,1.0,409.8802663358152,614.8817513680051,1.0,379.3412943189395,616.6808111303301,1.0,417.4992420312694,615.6629438092511,1.0,413.9725474792584,615.4093948225849,1.0,385.6786610705171,602.2529981847338,1.0,1.0,5.9,412.4725691614818,345.80590601228914,False,376.6834860841071,371.4386063534901,False,416.9167780660671,382.6748276586343,False,405.0271563924992,401.1617005893679,False,436.6590790893184,423.80559691738233,False,432.29274080342464,385.9304229420855,False,448.6931523474901,399.1114772031784,False,379.776535612433,452.23413703927,False,406.4384651446533,454.1724739699818,False,389.3548788073563,530.4915672940383,False,427.69027827671545,529.8213752368047,False,385.41179804909495,598.3949027252545,False,398.5030606075423,588.2812585979323,False,True,51.62162864896295,169.6985935330305,137.77697482042367
355,355,5.916666666666667,5.916666666666667,Sports2D_HALPE26_postprocessed,413.4468573220597,345.6386693727559,1.0,377.1698336012691,371.1225332477607,1.0,415.9999263187134,382.5106747927819,1.0,401.7848332419193,396.4332229712486,1.0,436.1346355536198,423.92596262836537,1.0,428.825956137368,383.3099757353144,1.0,449.5103226404117,400.005351579809,1.0,379.68986310581874,452.81676431890094,1.0,406.2356500969509,454.8562082095225,1.0,389.1647204629642,530.645577150198,1.0,428.11009001642617,529.8203160324465,1.0,385.3682126079251,599.1514181971794,1.0,397.7433927502424,588.402997475895,1.0,412.4672577587984,617.6626504941536,1.0,409.0748207020383,615.1419319399065,1.0,379.6142226863078,616.8582347991687,1.0,415.4805813100545,615.4693202785227,1.0,411.7727498673896,614.4541321426962,1.0,385.0606510221377,601.4811099666865,1.0,1.0,5.916666666666667,413.4468573220597,345.6386693727559,False,377.1698336012691,371.1225332477607,False,415.9999263187134,382.5106747927819,False,401.7848332419193,396.4332229712486,False,436.1346355536198,423.92596262836537,False,428.825956137368,383.3099757353144,False,449.5103226404117,400.005351579809,False,379.68986310581874,452.81676431890094,False,406.2356500969509,454.8562082095225,False,389.1647204629642,530.645577150198,False,428.11009001642617,529.8203160324465,False,385.3682126079251,599.1514181971794,False,397.7433927502424,588.402997475895,False,True,55.140059475559006,169.88696805421995,136.33256985072413
356,356,5.933333333333334,5.933333333333334,Sports2D_HALPE26_postprocessed,414.31498560354106,345.356119671598,1.0,377.3873322474032,370.6161299512394,1.0,415.166399484396,382.66170678829326,1.0,404.888149557949,388.4433134864378,1.0,435.2829224048975,423.86650311952167,1.0,429.1750815777636,379.3489245666938,1.0,450.4602567290598,399.71196865933,1.0,379.2405958218936,451.9657613551961,1.0,405.14905601591823,454.0689237023847,1.0,388.7448389174817,530.7127166441435,1.0,428.3041030404544,528.8562517201265,1.0,385.31850520401,600.6813330723231,1.0,396.6418532150526,588.0144454414107,1.0,413.4565952942486,617.7486681019402,1.0,408.71713943918655,615.2420604981721,1.0,379.7165750920421,617.1128262390991,1.0,414.89323164090325,614.9272122559851,1.0,410.81646935190247,614.0189402678471,1.0,383.592058727808,600.8368325944646,1.0,1.0,5.933333333333334,414.31498560354106,345.356119671598,False,377.3873322474032,370.6161299512394,False,415.166399484396,382.66170678829326,False,404.888149557949,388.4433134864378,False,435.2829224048975,423.86650311952167,False,429.1750815777636,379.3489245666938,False,450.4602567290598,399.71196865933,False,379.2405958218936,451.9657613551961,False,405.14905601591823,454.0689237023847,False,388.7448389174817,530.7127166441435,False,428.3041030404544,528.8562517201265,False,385.31850520401,600.6813330723231,False,396.6418532150526,588.0144454414107,False,True,58.16492922885457,170.31455037637988,134.64057247707836
357,357,5.95,5.95,Sports2D_HALPE26_postprocessed,416.27605417724703,345.22814442322976,1.0,376.8721609486446,370.3022084919351,1.0,414.5694743673294,382.9692270975154,1.0,403.7238937607928,385.1995257646511,1.0,434.4996543930767,423.963259336753,1.0,429.0694238442865,378.1979507045385,1.0,451.5203874063301,398.5755360227952,1.0,379.5345097231318,451.2328131961892,1.0,404.6041345089415,453.98099306028286,1.0,388.69551651047294,530.767583104581,1.0,429.39916383429534,527.6321654578965,1.0,385.4037887835203,602.5467695440165,1.0,395.7612724733765,588.3037967643279,1.0,413.9208779075517,618.2070556720729,1.0,408.0061162516097,615.6911969700194,1.0,379.7783374694124,617.417457054286,1.0,414.970105163382,614.8786923462453,1.0,410.9417980583557,613.6696903696392,1.0,382.7520971179656,600.1287424342903,1.0,1.0,5.95,416.27605417724703,345.22814442322976,False,376.8721609486446,370.3022084919351,False,414.5694743673294,382.9692270975154,False,403.7238937607928,385.1995257646511,False,434.4996543930767,423.963259336753,False,429.0694238442865,378.1979507045385,False,451.5203874063301,398.5755360227952,False,379.5345097231318,451.2328131961892,False,404.6041345089415,453.98099306028286,False,388.69551651047294,530.767583104581,False,429.39916383429534,527.6321654578965,False,385.4037887835203,602.5467695440165,False,395.7612724733765,588.3037967643279,False,True,59.76690729834204,170.8037963568664,132.38884307336224
358,358,5.966666666666667,5.966666666666667,Sports2D_HALPE26_postprocessed,416.7081915361984,344.84318706175463,1.0,378.0650669110978,370.03608110829015,1.0,414.6451056993142,383.821766975268,1.0,406.3579131248257,380.03996121241545,1.0,433.75874181193456,423.9168448195071,1.0,431.2423131564285,374.51710856986045,1.0,452.6330778622434,398.4914274837781,1.0,379.4031945255348,453.72240187013153,1.0,404.6653200485448,455.6089922177116,1.0,389.0461042685098,530.8511433593163,1.0,429.674271340154,527.4136953587334,1.0,385.7735787356239,602.1299075564838,1.0,396.21926021788505,587.6154106563223,1.0,414.7305775173135,617.9361642866807,1.0,410.99558188729696,615.4406486839816,1.0,379.9309849593875,617.5829256667807,1.0,415.1434844781791,614.7554779102791,1.0,410.80752125450425,613.8527350731141,1.0,383.7178238787674,600.3978614168411,1.0,1.0,5.966666666666667,416.7081915361984,344.84318706175463,False,378.0650669110978,370.03608110829015,False,414.6451056993142,383.821766975268,False,406.3579131248257,380.03996121241545,False,433.75874181193456,423.9168448195071,False,431.2423131564285,374.51710856986045,False,452.6330778622434,398.4914274837781,False,379.4031945255348,453.72240187013153,False,404.6653200485448,455.6089922177116,False,389.0461042685098,530.8511433593163,False,429.674271340154,527.4136953587334,False,385.7735787356239,602.1299075564838,False,396.21926021788505,587.6154106563223,False,True,62.07552421099972,170.24495689805914,131.73562353898657
359,359,5.983333333333333,5.983333333333333,Sports2D_HALPE26_postprocessed,416.7561959891522,344.80848658756804,1.0,378.3095094236306,369.9926446936025,1.0,413.8640688535041,384.370891824601,1.0,409.3175605857256,377.5364666458895,1.0,432.82931251025735,424.0031829990431,1.0,434.6813285175693,371.19013910027496,1.0,453.14546472915765,399.3089240793144,1.0,379.3798960631894,456.4887882250544,1.0,404.2305791001332,457.7765510269807,1.0,388.94292094277046,530.8117091957711,1.0,429.736154992378,527.2605923305007,1.0,385.7783797979996,602.5654678859139,1.0,396.2840549077498,587.8922434573971,1.0,414.9097989971328,617.8147188372117,1.0,411.0743744039942,615.3060728501785,1.0,379.85804934581375,618.084844125699,1.0,414.9144570172545,614.9782756432179,1.0,410.818371928034,613.8581143722848,1.0,383.8500193898047,600.3599274296313,1.0,1.0,5.983333333333333,416.7561959891522,344.80848658756804,False,378.3095094236306,369.9926446936025,False,413.8640688535041,384.370891824601,False,409.3175605857256,377.5364666458895,False,432.82931251025735,424.0031829990431,False,434.6813285175693,371.19013910027496,False,453.14546472915765,399.3089240793144,False,379.3798960631894,456.4887882250544,False,404.2305791001332,457.7765510269807,False,388.94292094277046,530.8117091957711,False,429.736154992378,527.2605923305007,False,385.7783797979996,602.5654678859139,False,396.2840549077498,587.8922434573971,False,True,65.01690510153941,170.14284995315367,130.95658481638745
360,360,6.0,6.0,Sports2D_HALPE26_postprocessed,416.6506673673732,344.9710979883459,1.0,378.60374001149535,369.4848346537382,1.0,413.60253646357705,384.3261828559796,1.0,411.5157091543684,374.0138946485115,1.0,432.0775380650646,424.0223131628586,1.0,437.47761757946927,368.5691065810368,1.0,452.96514591379054,400.0620319895585,1.0,379.51183705876974,456.9143400339409,1.0,403.65160099757753,458.7976313083101,1.0,389.047068644788,530.7352948981768,1.0,429.721833180304,527.1581191656982,1.0,385.7545389342632,602.5503927135335,1.0,396.1897945034123,588.566125648716,1.0,415.3728222475552,617.8149961278181,1.0,410.551162453565,615.2486322885479,1.0,379.4733175129803,618.0724798206913,1.0,415.0384440190582,615.005439522051,1.0,411.0611136587259,614.0248226188106,1.0,384.12517958132696,600.6645619603962,1.0,1.0,6.0,416.6506673673732,344.9710979883459,False,378.60374001149535,369.4848346537382,False,413.60253646357705,384.3261828559796,False,411.5157091543684,374.0138946485115,False,432.0775380650646,424.0223131628586,False,437.47761757946927,368.5691065810368,False,452.96514591379054,400.0620319895585,False,379.51183705876974,456.9143400339409,False,403.65160099757753,458.7976313083101,False,389.047068644788,530.7352948981768,False,429.721833180304,527.1581191656982,False,385.7545389342632,602.5503927135335,False,396.1897945034123,588.566125648716,False,True,66.03837646982257,170.01500714336854,130.4880588495585
361,361,6.016666666666667,6.016666666666667,Sports2D_HALPE26_postprocessed,416.9611676371866,344.94930286986846,1.0,379.0469036823452,368.7860070522573,1.0,413.46721896652207,384.6751757418008,1.0,411.9972049503069,370.71000172168175,1.0,431.0192852357062,424.1082522624948,1.0,439.4298140003028,365.6745317927629,1.0,452.3789036211801,402.0884527448872,1.0,379.2165639283632,456.1538459286001,1.0,403.45191898293865,458.113697925896,1.0,389.0509987112613,530.6014685570267,1.0,429.9320209984481,527.3446063453587,1.0,385.7909619453904,602.2541039177588,1.0,396.5375410609421,588.3076187917826,1.0,414.750942291636,618.1246770892385,1.0,409.32808961624966,615.3091055863039,1.0,379.2865455911472,617.7185068389304,1.0,415.2709484700198,614.8656960351785,1.0,411.3988422441448,613.8426861697944,1.0,384.4993159756389,600.6596780546297,1.0,1.0,6.016666666666667,416.9611676371866,344.94930286986846,False,379.0469036823452,368.7860070522573,False,413.46721896652207,384.6751757418008,False,411.9972049503069,370.71000172168175,False,431.0192852357062,424.1082522624948,False,439.4298140003028,365.6745317927629,False,452.3789036211801,402.0884527448872,False,379.2165639283632,456.1538459286001,False,403.45191898293865,458.113697925896,False,389.0509987112613,530.6014685570267,False,429.9320209984481,527.3446063453587,False,385.7909619453904,602.2541039177588,False,396.5375410609421,588.3076187917826,False,True,68.1224325347497,169.8698360479394,130.35550479116753
362,362,6.033333333333333,6.033333333333333,Sports2D_HALPE26_postprocessed,417.02492401214886,345.14840891180404,1.0,379.8592225207632,368.4062576502132,1.0,412.9133004239496,384.8150719753835,1.0,412.0292387462174,368.2977259247144,1.0,429.5545182437517,424.25223148859175,1.0,440.9794377566822,361.9043994193108,1.0,451.2050235602922,404.9307341984796,1.0,379.1548713288316,456.0105835162661,1.0,403.0113009952394,458.0694852816548,1.0,389.019818502025,530.586774813634,1.0,429.9469888470923,527.3410342762979,1.0,385.6593050692653,601.9692040063732,1.0,397.1688169613619,587.9211537041081,1.0,413.4793799712624,618.0844460806152,1.0,408.4965408450482,615.4942137040879,1.0,378.9021800570066,617.1894070438015,1.0,414.8393237878273,614.7770787778733,1.0,411.1890676601727,613.8387639643895,1.0,384.54945262117457,599.8760171516859,1.0,1.0,6.033333333333333,417.02492401214886,345.14840891180404,False,379.8592225207632,368.4062576502132,False,412.9133004239496,384.8150719753835,False,412.0292387462174,368.2977259247144,False,429.5545182437517,424.25223148859175,False,440.9794377566822,361.9043994193108,False,451.2050235602922,404.9307341984796,False,379.1548713288316,456.0105835162661,False,403.0113009952394,458.0694852816548,False,389.019818502025,530.586774813634,False,429.9469888470923,527.3410342762979,False,385.6593050692653,601.9692040063732,False,397.1688169613619,587.9211537041081,False,True,71.13160046920073,169.76929797621207,130.33527400217272
363,363,6.05,6.05,Sports2D_HALPE26_postprocessed,417.24735404553206,345.2274428022333,1.0,379.8230446312554,368.24250185102096,1.0,411.43993231178126,384.8418372231041,1.0,412.3402041472306,366.2443454615866,1.0,427.9165744687412,424.69832681057017,1.0,442.8802535112579,359.7779428462623,1.0,451.27128021478944,407.28493770017855,1.0,379.67195510882175,457.319438452606,1.0,402.6760007854919,459.6911390930685,1.0,388.9157815481631,530.4858356685382,1.0,429.8809206480336,527.311823728517,1.0,385.525599723969,602.6137577900622,1.0,396.8901062900196,589.5549420919798,1.0,412.86204178741207,618.0229335188143,1.0,407.8778143728685,615.4844038859782,1.0,378.7689000457244,617.5689754971711,1.0,415.8177923699134,614.8833681882868,1.0,412.48232020338446,614.4313754528762,1.0,384.7260816652796,600.8375899014695,1.0,1.0,6.05,417.24735404553206,345.2274428022333,False,379.8230446312554,368.24250185102096,False,411.43993231178126,384.8418372231041,False,412.3402041472306,366.2443454615866,False,427.9165744687412,424.69832681057017,False,442.8802535112579,359.7779428462623,False,451.27128021478944,407.28493770017855,False,379.67195510882175,457.319438452606,False,402.6760007854919,459.6911390930685,False,388.9157815481631,530.4858356685382,False,429.8809206480336,527.311823728517,False,385.525599723969,602.6137577900622,False,396.8901062900196,589.5549420919798,False,True,75.75176198433358,170.10835774202044,130.15926192756265
364,364,6.066666666666666,6.066666666666666,Sports2D_HALPE26_postprocessed,417.3423116124613,345.3144406534263,1.0,381.400460715273,367.8717799401578,1.0,411.1529259085881,384.73290430418274,1.0,413.73628335383,363.9872239111924,1.0,426.8788753356323,425.5613268336925,1.0,445.81678989519406,357.542104184655,1.0,450.6075606214602,409.6593343520619,1.0,381.6762776901769,460.9828891406744,1.0,402.2147774668996,462.03680805644376,1.0,389.2868730621136,530.573117726433,1.0,429.9705012593133,527.3130857430442,1.0,385.49741270817947,601.8130236233912,1.0,397.1427399485928,590.2489862241512,1.0,412.7700344760325,617.9734104883435,1.0,409.0626073408805,615.4105918511714,1.0,378.7309105314378,616.8951134984683,1.0,418.2158795251932,614.9261233915857,1.0,413.9903769538141,614.9476643171693,1.0,385.4345769042173,601.3836077400234,1.0,1.0,6.066666666666666,417.3423116124613,345.3144406534263,False,381.400460715273,367.8717799401578,False,411.1529259085881,384.73290430418274,False,413.73628335383,363.9872239111924,False,426.8788753356323,425.5613268336925,False,445.81678989519406,357.542104184655,False,450.6075606214602,409.6593343520619,False,381.6762776901769,460.9828891406744,False,402.2147774668996,462.03680805644376,False,389.2868730621136,530.573117726433,False,429.9705012593133,527.3130857430442,False,385.49741270817947,601.8130236233912,False,397.1427399485928,590.2489862241512,False,True,77.2368954672524,170.7139041463931,129.41778803362507
365,365,6.083333333333333,6.083333333333333,Sports2D_HALPE26_postprocessed,417.84698505005,345.2365676110072,1.0,381.9360922294031,367.2636489877977,1.0,409.8785640020239,384.7680072807484,1.0,414.4076172619797,361.9869831094509,1.0,425.8883882374074,426.5060259811038,1.0,447.31953645899824,355.79810934854567,1.0,450.6563397389139,412.1914642099026,1.0,381.9323616845654,459.5875579964272,1.0,401.8308671160988,461.5893572399268,1.0,389.5716243508063,530.5251418072007,1.0,430.3009377244777,527.3536737239884,1.0,385.325261520986,600.8841901399417,1.0,397.5699110653983,590.834659976603,1.0,413.72661136238776,617.5735443796367,1.0,410.0667983171842,614.8297689445029,1.0,378.803768927416,616.0601395209852,1.0,419.7099803507426,614.8659365981283,1.0,415.545753254946,615.4873513437831,1.0,385.8180635657062,601.6123336520379,1.0,1.0,6.083333333333333,417.84698505005,345.2365676110072,False,381.9360922294031,367.2636489877977,False,409.8785640020239,384.7680072807484,False,414.4076172619797,361.9869831094509,False,425.8883882374074,426.5060259811038,False,447.31953645899824,355.79810934854567,False,450.6563397389139,412.1914642099026,False,381.9323616845654,459.5875579964272,False,401.8308671160988,461.5893572399268,False,389.5716243508063,530.5251418072007,False,430.3009377244777,527.3536737239884,False,385.325261520986,600.8841901399417,False,397.5699110653983,590.834659976603,False,True,80.96012745243054,170.3997404705288,129.31590547860424
366,366,6.1,6.1,Sports2D_HALPE26_postprocessed,418.5835383605025,345.1769457237118,1.0,382.3169874919664,366.86712858964233,1.0,408.4127665363818,384.5568966700996,1.0,415.6504313748871,361.1784619208008,1.0,425.123592723044,427.1072739597678,1.0,450.5209754170068,352.7851936496723,1.0,450.1623881932237,414.6778308557125,1.0,382.2309671787716,459.0303499836244,1.0,401.2941813397636,461.2594483348622,1.0,389.720984055856,530.69727427395,1.0,430.5497852356705,527.3777398485225,1.0,385.40374984451006,601.0941338920516,1.0,397.8700253203285,591.8636345779781,1.0,413.99301043897214,617.1089565552714,1.0,410.33080115992834,614.2210225304564,1.0,378.5964946789697,615.6668698376245,1.0,421.929361209698,614.6093358171195,1.0,417.4155826395884,615.9164425430342,1.0,386.14529084665446,602.7339555086212,1.0,1.0,6.1,418.5835383605025,345.1769457237118,False,382.3169874919664,366.86712858964233,False,408.4127665363818,384.5568966700996,False,415.6504313748871,361.1784619208008,False,425.123592723044,427.1072739597678,False,450.5209754170068,352.7851936496723,False,450.1623881932237,414.6778308557125,False,382.2309671787716,459.0303499836244,False,401.2941813397636,461.2594483348622,False,389.720984055856,530.69727427395,False,430.5497852356705,527.3777398485225,False,385.40374984451006,601.0941338920516,False,397.8700253203285,591.8636345779781,False,True,85.04130302331292,170.5242049819056,129.25717507785814
367,367,6.116666666666666,6.116666666666666,Sports2D_HALPE26_postprocessed,419.2459751703816,345.2121632564005,1.0,383.6830206723487,366.5718622578778,1.0,408.6257518616992,384.5625466106677,1.0,416.858248698846,358.86571336997065,1.0,423.6346753563436,427.5843140779931,1.0,453.6636965621126,350.1139544881724,1.0,449.7129695453339,417.01566814017286,1.0,382.6836923773813,459.950780069895,1.0,401.1674616570938,462.3485468775052,1.0,390.07400506618535,530.8636885635868,1.0,430.6209836179335,527.4133035136975,1.0,385.39058966237945,600.9852972572165,1.0,399.3035344305943,593.2014519181906,1.0,413.5167177037108,616.2089355315965,1.0,410.7583995771975,612.9240048599083,1.0,378.82588326340607,615.5730816450426,1.0,423.6414345697612,614.4158929786474,1.0,419.1458365038168,616.2279363863184,1.0,387.1283371754272,603.3495301168163,1.0,1.0,6.116666666666666,419.2459751703816,345.2121632564005,False,383.6830206723487,366.5718622578778,False,408.6257518616992,384.5625466106677,False,416.858248698846,358.86571336997065,False,423.6346753563436,427.5843140779931,False,453.6636965621126,350.1139544881724,False,449.7129695453339,417.01566814017286,False,382.6836923773813,459.950780069895,False,401.1674616570938,462.3485468775052,False,390.07400506618535,530.8636885635868,False,430.6209836179335,527.4133035136975,False,385.39058966237945,600.9852972572165,False,399.3035344305943,593.2014519181906,False,True,87.17121243519273,170.22919390967044,130.1886079426363
368,368,6.133333333333333,6.133333333333333,Sports2D_HALPE26_postprocessed,420.478998576734,345.2527959532848,1.0,384.8280098428716,366.2404499435977,1.0,407.88054201537216,384.41481251944526,1.0,420.510867649587,356.5448924751058,1.0,419.4224494996725,428.7506132083118,1.0,457.2536150246587,346.3995268905138,1.0,448.4429756853917,419.8732637692854,1.0,382.833350220804,459.9257019540936,1.0,400.78575025761,462.7288118459543,1.0,390.2291325267091,531.0036395996042,1.0,430.4684937150124,527.3389237243293,1.0,385.43031862447646,600.5224079204737,1.0,400.9853741597871,594.5181002151045,1.0,414.0677237242516,614.7123279456306,1.0,411.791152346548,611.5210046340794,1.0,379.1464952594325,614.8173627804754,1.0,425.56773357193794,614.1058636489554,1.0,421.5037072069815,616.2760606705202,1.0,388.96854575367166,604.8607610769641,1.0,1.0,6.133333333333333,420.478998576734,345.2527959532848,False,384.8280098428716,366.2404499435977,False,407.88054201537216,384.41481251944526,False,420.510867649587,356.5448924751058,False,419.4224494996725,428.7506132083118,False,457.2536150246587,346.3995268905138,False,448.4429756853917,419.8732637692854,False,382.833350220804,459.9257019540936,False,400.78575025761,462.7288118459543,False,390.2291325267091,531.0036395996042,False,430.4684937150124,527.3389237243293,False,385.43031862447646,600.5224079204737,False,400.9853741597871,594.5181002151045,False,True,87.58306877719072,170.1108431545312,131.62995344851177
369,369,6.15,6.15,Sports2D_HALPE26_postprocessed,420.8336752932411,345.68957534050645,1.0,385.2222168966195,365.7338505731782,1.0,407.9446129947845,384.4135666036848,1.0,421.8696111412997,354.90840040603143,1.0,418.3426568359844,429.6337673747436,1.0,459.0253859208534,344.9104899642195,1.0,447.0018785990563,422.1968411805925,1.0,381.96368085142416,459.0165689314408,1.0,400.4422273745221,462.14116821888575,1.0,389.9524267960062,530.8453793935045,1.0,429.9800584143792,527.3019124131049,1.0,385.4828303114379,600.0068957805402,1.0,401.9983108690328,594.7850477288782,1.0,414.06809984863577,612.3618456026296,1.0,412.7288330818676,610.5083656739687,1.0,379.4874722977879,613.5913579000356,1.0,427.73739797925657,613.614563217444,1.0,423.3059768967112,616.1859421156918,1.0,390.5011026059142,606.5763578593865,1.0,1.0,6.15,420.8336752932411,345.68957534050645,False,385.2222168966195,365.7338505731782,False,407.9446129947845,384.4135666036848,False,421.8696111412997,354.90840040603143,False,418.3426568359844,429.6337673747436,False,459.0253859208534,344.9104899642195,False,447.0018785990563,422.1968411805925,False,381.96368085142416,459.0165689314408,False,400.4422273745221,462.14116821888575,False,389.9524267960062,530.8453793935045,False,429.9800584143792,527.3019124131049,False,385.4828303114379,600.0068957805402,False,401.9983108690328,594.7850477288782,False,True,88.40251956039188,169.9560628046302,133.09363026569883
370,370,6.166666666666667,6.166666666666667,Sports2D_HALPE26_postprocessed,421.1944778378797,346.3700957910803,1.0,386.5507798011848,365.2495325916624,1.0,407.7254206175922,385.0073760590116,1.0,423.6368517668935,353.9463378913889,1.0,416.2214410831348,430.4766239697311,1.0,461.160663077295,343.27075259652065,1.0,445.6103725908118,424.401997694261,1.0,381.42882960872856,457.50408054625655,1.0,399.97538618304816,461.284873610664,1.0,389.843437330402,530.6572141882937,1.0,429.9508262526765,527.3461566603306,1.0,385.4022379468681,600.0973958829935,1.0,403.7198309179655,594.1788888007026,1.0,412.2716763775737,610.9443065901166,1.0,412.5684540046458,609.4531846397608,1.0,379.76313715270015,613.2012244133145,1.0,429.5761915078933,612.8455731217018,1.0,425.13175306443753,616.064905020947,1.0,392.84832121034685,607.3986798238154,1.0,1.0,6.166666666666667,421.1944778378797,346.3700957910803,False,386.5507798011848,365.2495325916624,False,407.7254206175922,385.0073760590116,False,423.6368517668935,353.9463378913889,False,416.2214410831348,430.4766239697311,False,461.160663077295,343.27075259652065,False,445.6103725908118,424.401997694261,False,381.42882960872856,457.50408054625655,False,399.97538618304816,461.284873610664,False,389.843437330402,530.6572141882937,False,429.9508262526765,527.3461566603306,False,385.4022379468681,600.0973958829935,False,403.7198309179655,594.1788888007026,False,True,88.90533872447152,169.77876649076356,134.16435864659093
371,371,6.183333333333334,6.183333333333334,Sports2D_HALPE26_postprocessed,422.06196973247273,347.7054230863847,1.0,388.3563521659112,365.0342067915106,1.0,406.3450105709312,386.2539729943693,1.0,425.5430762608431,353.09754423896544,1.0,413.3399879670412,431.9984271117728,1.0,463.5322786202234,341.73656301909966,1.0,444.87960861006616,427.2261009355659,1.0,381.6837347809337,457.5186284775553,1.0,399.7763248067072,461.5277709615544,1.0,389.953997283405,530.5596839416175,1.0,429.6152558372479,527.3308911524094,1.0,385.5111626738114,599.4237375476126,1.0,404.8160303838297,596.1150833777307,1.0,410.0755724310181,610.0548673747384,1.0,411.480248148078,609.024219160291,1.0,380.2004383670175,612.9470542586798,1.0,431.5854556934154,612.5805902230254,1.0,427.11242140691934,616.128197047917,1.0,394.84004997925047,608.8398763504011,1.0,1.0,6.183333333333334,422.06196973247273,347.7054230863847,False,388.3563521659112,365.0342067915106,False,406.3450105709312,386.2539729943693,False,425.5430762608431,353.09754423896544,False,413.3399879670412,431.9984271117728,False,463.5322786202234,341.73656301909966,False,444.87960861006616,427.2261009355659,False,381.6837347809337,457.5186284775553,False,399.7763248067072,461.5277709615544,False,389.953997283405,530.5596839416175,False,429.6152558372479,527.3308911524094,False,385.5111626738114,599.4237375476126,False,404.8160303838297,596.1150833777307,False,True,90.08971869520605,169.84867020020278,135.78162448571217
372,372,6.2,6.2,Sports2D_HALPE26_postprocessed,423.0054210967314,347.2536541047177,1.0,388.9927083107301,364.70548430686216,1.0,404.8776500667309,386.1735242027778,1.0,427.108527404744,352.5017416503453,1.0,412.1188995645164,432.2259432490324,1.0,464.6895693953299,340.2215656418501,1.0,443.8491693607618,429.2803375589141,1.0,381.5004967100938,456.43100736885447,1.0,399.446333219419,461.2282913810681,1.0,390.2546284772999,530.5737586000973,1.0,429.2621731757874,527.2661791879864,1.0,385.7859303110952,599.4158356026654,1.0,406.2534419718061,596.220302213764,1.0,409.0372818603452,610.130217388312,1.0,411.3217084925935,609.1528693835253,1.0,380.6993718862618,613.6075362356175,1.0,434.0126876823784,612.3239349640378,1.0,429.2242918624316,616.0842289960675,1.0,396.4390049869637,609.9000234690274,1.0,1.0,6.2,423.0054210967314,347.2536541047177,False,388.9927083107301,364.70548430686216,False,404.8776500667309,386.1735242027778,False,427.108527404744,352.5017416503453,False,412.1188995645164,432.2259432490324,False,464.6895693953299,340.2215656418501,False,443.8491693607618,429.2803375589141,False,381.5004967100938,456.43100736885447,False,399.446333219419,461.2282913810681,False,390.2546284772999,530.5737586000973,False,429.2621731757874,527.2661791879864,False,385.7859303110952,599.4158356026654,False,406.2534419718061,596.220302213764,False,True,93.63226240882345,169.55219766533722,137.24810343191126
373,373,6.216666666666667,6.216666666666667,Sports2D_HALPE26_postprocessed,423.92924671055096,348.0809726672289,1.0,390.3946004413807,364.9912199210459,1.0,403.9500754297208,385.9103943044474,1.0,430.2703385974256,351.45757905442866,1.0,409.3645311915329,432.5460078878599,1.0,468.1312162169313,338.040323386337,1.0,442.34315151788337,432.133027573784,1.0,382.4768398859492,457.2727992595091,1.0,399.422105500542,461.4277944885601,1.0,390.4385492903034,530.9364324852453,1.0,428.970859160969,527.4322486919651,1.0,385.9945482585554,600.3840281449959,1.0,407.8016289491813,597.3636306468627,1.0,407.8096034269496,611.749492001087,1.0,409.67031765707446,610.5025690656148,1.0,381.0757694010789,613.9676317142969,1.0,436.1202124086862,612.2620134796346,1.0,432.1280200346631,616.2144475461259,1.0,398.8155943544074,611.0038790746391,1.0,1.0,6.216666666666667,423.92924671055096,348.0809726672289,False,390.3946004413807,364.9912199210459,False,403.9500754297208,385.9103943044474,False,430.2703385974256,351.45757905442866,False,409.3645311915329,432.5460078878599,False,468.1312162169313,338.040323386337,False,442.34315151788337,432.133027573784,False,382.4768398859492,457.2727992595091,False,399.422105500542,461.4277944885601,False,390.4385492903034,530.9364324852453,False,428.970859160969,527.4322486919651,False,385.9945482585554,600.3840281449959,False,407.8016289491813,597.3636306468627,False,True,95.9050067904721,170.16990059545546,139.04116411514556
374,374,6.233333333333333,6.233333333333333,Sports2D_HALPE26_postprocessed,426.00888725219306,347.7031552136059,1.0,392.1493361754099,365.703884151669,1.0,403.2196771407187,385.7657965407125,1.0,432.2360389204001,351.033129780788,1.0,406.0064683930814,433.9462524412898,1.0,469.8358603859595,336.9535338146757,1.0,440.4846899707152,434.2593250826816,1.0,384.169348766516,460.66878209476806,1.0,399.38254102660767,463.4518085329077,1.0,390.9801986215276,531.6147732235654,1.0,428.11465692915135,527.5772803040727,1.0,386.46248002816657,601.7090905635481,1.0,408.5773226260724,600.1618477408363,1.0,408.44850077097374,611.2702967418263,1.0,408.3974807828674,609.8464699709873,1.0,381.2315366695859,614.2500577515646,1.0,438.8336009584533,612.156294720771,1.0,434.493426330374,616.2364982312763,1.0,399.9585652900542,611.9685839299866,1.0,1.0,6.233333333333333,426.00888725219306,347.7031552136059,False,392.1493361754099,365.703884151669,False,403.2196771407187,385.7657965407125,False,432.2360389204001,351.033129780788,False,406.0064683930814,433.9462524412898,False,469.8358603859595,336.9535338146757,False,440.4846899707152,434.2593250826816,False,384.169348766516,460.66878209476806,False,399.38254102660767,463.4518085329077,False,390.9801986215276,531.6147732235654,False,428.11465692915135,527.5772803040727,False,386.46248002816657,601.7090905635481,False,408.5773226260724,600.1618477408363,False,True,93.8305882436918,170.8286551868109,140.79966006125406
375,375,6.25,6.25,Sports2D_HALPE26_postprocessed,426.8879588532057,347.30023970571784,1.0,394.6837725551303,366.15072362442,1.0,401.24839076022914,385.86286667035904,1.0,433.6285469986848,349.91771183001464,1.0,404.7354155205185,433.8408284943376,1.0,471.97484885681627,335.6603854216819,1.0,439.1804609701918,435.6783798914686,1.0,385.2459866461072,461.4831707901613,1.0,398.5733300247503,463.5624274715318,1.0,391.3834206849406,531.7782999256581,1.0,427.5528902997164,527.577789801123,1.0,386.8063134501317,602.0416144385007,1.0,410.46731951500414,600.4507602171312,1.0,408.3649523955913,611.458864191443,1.0,407.3145597521502,609.9641486147584,1.0,381.1428285262145,614.2808848965335,1.0,440.9846021303016,611.7553500676879,1.0,436.26703718514193,615.9991290475781,1.0,402.3026217188193,612.052906971034,1.0,1.0,6.25,426.8879588532057,347.30023970571784,False,394.6837725551303,366.15072362442,False,401.24839076022914,385.86286667035904,False,433.6285469986848,349.91771183001464,False,404.7354155205185,433.8408284943376,False,471.97484885681627,335.6603854216819,False,439.1804609701918,435.6783798914686,False,385.2459866461072,461.4831707901613,False,398.5733300247503,463.5624274715318,False,391.3834206849406,531.7782999256581,False,427.5528902997164,527.577789801123,False,386.8063134501317,602.0416144385007,False,410.46731951500414,600.4507602171312,False,True,97.21061447004477,171.28307895058867,142.44882270881035
376,376,6.266666666666667,6.266666666666667,Sports2D_HALPE26_postprocessed,427.82417332483976,347.66590262385523,1.0,401.813536971844,366.178391967843,1.0,399.5294417935432,386.01271804894986,1.0,435.8781649434196,348.5411408438667,1.0,401.96730298769,433.4191304512391,1.0,473.1279915832178,334.5664181779599,1.0,437.4809593338027,437.908989658552,1.0,387.492685462628,461.5616183400184,1.0,398.16282238229735,463.2635570277191,1.0,391.66607596099885,531.7747670243143,1.0,427.1398293562736,527.5174204143461,1.0,387.04002130297886,601.6917676532033,1.0,411.8195101167123,599.5246735485671,1.0,408.5476747653971,612.3095080853248,1.0,407.6942893219816,610.7563744051608,1.0,381.0570256754089,614.2058041066045,1.0,441.5968322339252,611.2573728783201,1.0,437.2625725908964,615.6707875029028,1.0,404.1149338497116,612.6382864522611,1.0,1.0,6.266666666666667,427.82417332483976,347.66590262385523,False,401.813536971844,366.178391967843,False,399.5294417935432,386.01271804894986,False,435.8781649434196,348.5411408438667,False,401.96730298769,433.4191304512391,False,473.1279915832178,334.5664181779599,False,437.4809593338027,437.908989658552,False,387.492685462628,461.5616183400184,False,398.16282238229735,463.2635570277191,False,391.66607596099885,531.7747670243143,False,427.1398293562736,527.5174204143461,False,387.04002130297886,601.6917676532033,False,411.8195101167123,599.5246735485671,False,True,100.14929027943494,172.81295085999452,143.71453147749224
377,377,6.283333333333333,6.283333333333333,Sports2D_HALPE26_postprocessed,429.4673334511627,347.5262605978878,1.0,405.932480455076,367.3176433917309,1.0,398.8516783707223,386.4838005338431,1.0,436.55006526569287,348.955529149985,1.0,399.0556779170333,433.6054708058045,1.0,475.4779167312434,334.10911473962244,1.0,435.4277172228136,439.8704598044866,1.0,391.7541912714599,463.2685999621772,1.0,397.9276977541256,464.4167733353662,1.0,391.9674370957088,532.2729246819284,1.0,426.3436882157488,527.5328683460697,1.0,387.1698443611455,601.8761569637685,1.0,412.88353664726014,600.9112764149096,1.0,408.541446432527,614.4706752896319,1.0,407.6685642342147,612.5719203466608,1.0,381.0518090153727,614.1367221932637,1.0,442.5235957759076,611.1379896409443,1.0,438.4358757308171,615.4800156165167,1.0,405.4147751446999,612.8832569329531,1.0,1.0,6.283333333333333,429.4673334511627,347.5262605978878,False,405.932480455076,367.3176433917309,False,398.8516783707223,386.4838005338431,False,436.55006526569287,348.955529149985,False,399.0556779170333,433.6054708058045,False,475.4779167312434,334.10911473962244,False,435.4277172228136,439.8704598044866,False,391.7541912714599,463.2685999621772,False,397.9276977541256,464.4167733353662,False,391.9674370957088,532.2729246819284,False,426.3436882157488,527.5328683460697,False,387.1698443611455,601.8761569637685,False,412.88353664726014,600.9112764149096,False,True,100.0211918979076,175.87990658758946,145.36739645582142
378,378,6.3,6.3,Sports2D_HALPE26_postprocessed,431.1063986956111,347.2156172621385,1.0,409.7353447794995,368.2907435159628,1.0,397.6004800464011,387.2091652778885,1.0,439.56053184549313,347.68734758803333,1.0,398.01699956717175,434.0942475703868,1.0,477.8910060109584,332.58732012518607,1.0,434.74885603788806,441.00130424037656,1.0,394.4238356860429,463.8040218389948,1.0,397.5490580678359,465.1484269626786,1.0,392.3029063012997,532.7750933098175,1.0,425.8942557006625,527.5740915743895,1.0,387.1821177531158,602.6923477366831,1.0,413.61859513949867,601.9315151017673,1.0,408.2262727215861,615.4885698413627,1.0,406.22810691636255,613.5386201020932,1.0,380.87086624653216,614.270119549275,1.0,443.7129573683957,610.7111329504436,1.0,438.6443491615734,615.0389331990533,1.0,406.2460375614338,613.0263443154353,1.0,1.0,6.3,431.1063986956111,347.2156172621385,False,409.7353447794995,368.2907435159628,False,397.6004800464011,387.2091652778885,False,439.56053184549313,347.68734758803333,False,398.01699956717175,434.0942475703868,False,477.8910060109584,332.58732012518607,False,434.74885603788806,441.00130424037656,False,394.4238356860429,463.8040218389948,False,397.5490580678359,465.1484269626786,False,392.3029063012997,532.7750933098175,False,425.8942557006625,527.5740915743895,False,387.1821177531158,602.6923477366831,False,413.61859513949867,601.9315151017673,False,True,101.15853193470747,177.57244388121964,146.20454860529622
379,379,6.316666666666666,6.316666666666666,Sports2D_HALPE26_postprocessed,431.75603531437616,347.8577851912781,1.0,413.0847696595885,368.80525196436446,1.0,396.6362959231407,387.2537307509916,1.0,441.5594285635659,346.5825647180768,1.0,395.4601442192546,434.33460350998894,1.0,479.5232316847398,333.1180156579831,1.0,433.29571110281387,442.4159794401462,1.0,396.998751312275,464.33759116676725,1.0,397.1501685715864,465.5418321104354,1.0,392.4819323147064,533.2306603461567,1.0,425.39463390601816,527.5462729363862,1.0,387.2408847096604,602.7558872569368,1.0,415.36171239887807,601.8666435802621,1.0,407.8215790823043,615.508737519364,1.0,405.2845659869528,613.7469886913274,1.0,380.67616994127,614.4105429633115,1.0,444.0509567331856,610.3482519918792,1.0,439.4528063105917,614.6261264932451,1.0,407.9183505841228,613.6181404893097,1.0,1.0,6.316666666666666,431.75603531437616,347.8577851912781,False,413.0847696595885,368.80525196436446,False,396.6362959231407,387.2537307509916,False,441.5594285635659,346.5825647180768,False,395.4601442192546,434.33460350998894,False,479.5232316847398,333.1180156579831,False,433.29571110281387,442.4159794401462,False,396.998751312275,464.33759116676725,False,397.1501685715864,465.5418321104354,False,392.4819323147064,533.2306603461567,False,425.39463390601816,527.5462729363862,False,387.2408847096604,602.7558872569368,False,415.36171239887807,601.8666435802621,False,True,100.62571403396048,179.440103569794,147.82143210214753
380,380,6.333333333333333,6.333333333333333,Sports2D_HALPE26_postprocessed,432.7059612328745,349.207175648226,1.0,414.58558842098375,368.3663612043891,1.0,396.0753826268758,387.4238498883048,1.0,443.9135050297665,346.1418819508104,1.0,392.2507336023298,433.92951612889976,1.0,479.8691532978127,333.64240504680185,1.0,432.7713698457721,444.1923317068993,1.0,397.6859858109268,464.3591256532434,1.0,396.8591525082051,465.6517766221583,1.0,392.6792882025951,533.4893464801851,1.0,424.819333992756,527.4613057293699,1.0,386.9628810463839,602.3142425174332,1.0,416.7442733228494,601.465109164342,1.0,407.2328724958842,616.666712923231,1.0,402.6847214445893,614.6743320214985,1.0,380.41025300572153,614.4318117452779,1.0,444.3631573326333,610.4684429776938,1.0,440.3534472306228,614.8520174368132,1.0,410.6178512818245,613.5455372568111,1.0,1.0,6.333333333333333,432.7059612328745,349.207175648226,False,414.58558842098375,368.3663612043891,False,396.0753826268758,387.4238498883048,False,443.9135050297665,346.1418819508104,False,392.2507336023298,433.92951612889976,False,479.8691532978127,333.64240504680185,False,432.7713698457721,444.1923317068993,False,397.6859858109268,464.3591256532434,False,396.8591525082051,465.6517766221583,False,392.6792882025951,533.4893464801851,False,424.819333992756,527.4613057293699,False,386.9628810463839,602.3142425174332,False,416.7442733228494,601.465109164342,False,True,99.51119529618445,179.39443326692393,149.43259206423792
381,381,6.35,6.35,Sports2D_HALPE26_postprocessed,434.3234314062986,349.7030436017847,1.0,415.49249521424537,368.5190643019809,1.0,395.35837501287926,387.5774427638902,1.0,444.6786658228885,345.9095904471897,1.0,391.3950511453808,434.0460072030896,1.0,480.4205575448993,333.9721434845629,1.0,430.2906527425928,445.0208857607103,1.0,399.0132341484194,464.686458700447,1.0,397.137979743357,466.09661220086207,1.0,393.3601834674015,533.755771074486,1.0,424.080182963145,527.4208244451731,1.0,387.0220108124157,602.5864418434603,1.0,417.5616396133728,601.8085762682069,1.0,405.6015862501562,616.76891953484,1.0,402.9329699810349,614.8242627320544,1.0,379.991406858173,614.4473360856779,1.0,443.9281637329068,610.5306728763278,1.0,439.9970794093585,614.9494889769006,1.0,411.0688579285468,613.6129840557892,1.0,1.0,6.35,434.3234314062986,349.7030436017847,False,415.49249521424537,368.5190643019809,False,395.35837501287926,387.5774427638902,False,444.6786658228885,345.9095904471897,False,391.3950511453808,434.0460072030896,False,480.4205575448993,333.9721434845629,False,430.2906527425928,445.0208857607103,False,399.0132341484194,464.686458700447,False,397.137979743357,466.09661220086207,False,393.3601834674015,533.755771074486,False,424.080182963145,527.4208244451731,False,387.0220108124157,602.5864418434603,False,417.5616396133728,601.8085762682069,False,True,100.88209041653298,179.41784229624338,151.27418214296793
382,382,6.366666666666666,6.366666666666666,Sports2D_HALPE26_postprocessed,435.7395786666257,349.90066138262625,1.0,418.1996428023689,368.3410638162112,1.0,394.3645585196092,388.0012989939098,1.0,446.148710620417,346.35101932546064,1.0,389.7486255306866,434.0625751955816,1.0,481.8746443281329,334.8611098161721,1.0,429.3348135529016,445.8011035432304,1.0,401.4034890668086,464.13736213274206,1.0,396.5602112874824,465.49085821084736,1.0,393.8808951625661,533.4442934975875,1.0,423.6397372916476,527.3343870509234,1.0,386.9950478342495,602.3122590600358,1.0,418.1835489761992,601.6250519349929,1.0,406.8590192396089,616.6829610087173,1.0,403.1912218958186,614.7410199512155,1.0,379.63989605104575,614.4712276707235,1.0,442.7207871319591,610.7539193700054,1.0,438.7727449285292,615.140133124002,1.0,411.4133376283606,613.875995836858,1.0,1.0,6.366666666666666,435.7395786666257,349.90066138262625,False,418.1996428023689,368.3410638162112,False,394.3645585196092,388.0012989939098,False,446.148710620417,346.35101932546064,False,389.7486255306866,434.0625751955816,False,481.8746443281329,334.8611098161721,False,429.3348135529016,445.8011035432304,False,401.4034890668086,464.13736213274206,False,396.5602112874824,465.49085821084736,False,393.8808951625661,533.4442934975875,False,423.6397372916476,527.3343870509234,False,386.9950478342495,602.3122590600358,False,418.1835489761992,601.6250519349929,False,True,100.79404901796863,179.51516155943273,152.1522754598213
383,383,6.383333333333333,6.383333333333333,Sports2D_HALPE26_postprocessed,436.2482369644466,351.1165152143755,1.0,418.2990571047728,368.38204480421257,1.0,393.5444425392996,388.277824313753,1.0,446.8250179466364,347.8229897911865,1.0,387.107540228733,434.8480318312449,1.0,482.0097768895499,336.8864764196784,1.0,429.202493552457,446.8593761490882,1.0,403.8026861745093,463.7612116457428,1.0,396.3000151489464,465.1786737649659,1.0,394.4914419786264,533.473643005729,1.0,423.46920147869616,527.101796989738,1.0,386.8502497108892,601.5541391561126,1.0,418.6417621219784,601.2960596023313,1.0,405.7451660081925,617.0279809999835,1.0,405.2346536422191,614.7263879340868,1.0,379.1102480540228,614.6125854530828,1.0,442.0691069016599,611.2675070745134,1.0,438.1262282127475,615.4988986514338,1.0,411.4967718187851,614.2285209831855,1.0,1.0,6.383333333333333,436.2482369644466,351.1165152143755,False,418.2990571047728,368.38204480421257,False,393.5444425392996,388.277824313753,False,446.8250179466364,347.8229897911865,False,387.107540228733,434.8480318312449,False,482.0097768895499,336.8864764196784,False,429.202493552457,446.8593761490882,False,403.8026861745093,463.7612116457428,False,396.3000151489464,465.1786737649659,False,394.4914419786264,533.473643005729,False,423.46920147869616,527.101796989738,False,386.8502497108892,601.5541391561126,False,418.6417621219784,601.2960596023313,False,True,98.05600839685445,178.79617237198335,152.58751891505446
384,384,6.4,6.4,Sports2D_HALPE26_postprocessed,437.1813506393995,351.219898404204,1.0,419.2063941008008,369.3178350209752,1.0,393.01995113558826,388.4574867019753,1.0,447.5640806377719,349.06645407801176,1.0,385.6612065489888,434.830210741361,1.0,483.8370064375845,338.9774620729011,1.0,426.6414698647732,447.05652937898026,1.0,404.1021595400528,464.5322710952992,1.0,396.8635541171161,465.4555048114663,1.0,395.08576819038376,534.1758476543653,1.0,423.0924207075655,527.0963818529392,1.0,386.720590965663,601.4228794539097,1.0,418.64332946522586,602.4132436762575,1.0,405.7011050622222,617.224740097442,1.0,405.7058160344076,614.6382372670341,1.0,378.98942000268977,614.7189861202984,1.0,439.939227203723,612.281404516106,1.0,435.0580215241504,616.6025717496959,1.0,412.0256705860162,614.2781698955991,1.0,1.0,6.4,437.1813506393995,351.219898404204,False,419.2063941008008,369.3178350209752,False,393.01995113558826,388.4574867019753,False,447.5640806377719,349.06645407801176,False,385.6612065489888,434.830210741361,False,483.8370064375845,338.9774620729011,False,426.6414698647732,447.05652937898026,False,404.1021595400528,464.5322710952992,False,396.8635541171161,465.4555048114663,False,395.08576819038376,534.1758476543653,False,423.0924207075655,527.0963818529392,False,386.720590965663,601.4228794539097,False,418.64332946522586,602.4132436762575,False,True,97.59538355351637,179.71411394862116,153.56908970129072
385,385,6.416666666666667,6.416666666666667,Sports2D_HALPE26_postprocessed,438.19145407695135,351.7632658362609,1.0,420.8983899833648,369.2977472123695,1.0,392.26006064821775,389.082565635155,1.0,448.9607320979806,350.16476971153344,1.0,384.1291655446274,435.13238950629807,1.0,485.7150231085485,340.53837672435105,1.0,426.3947900647313,448.3253294764609,1.0,406.3271937035182,463.4550897119439,1.0,396.6608355510376,464.2697311716397,1.0,395.5942536745815,533.6242600460615,1.0,422.88329415380304,526.9162095338497,1.0,386.826629445526,601.3454650038374,1.0,418.6468674712775,601.9844700951551,1.0,406.99744556087023,617.5359629435736,1.0,405.9099189186698,614.7642443961811,1.0,378.4481411975961,614.4460658940106,1.0,439.0708370992825,613.6147921109085,1.0,434.0724590780848,617.6666354577114,1.0,411.8786857106701,614.6269319011452,1.0,1.0,6.416666666666667,438.19145407695135,351.7632658362609,False,420.8983899833648,369.2977472123695,False,392.26006064821775,389.082565635155,False,448.9607320979806,350.16476971153344,False,384.1291655446274,435.13238950629807,False,485.7150231085485,340.53837672435105,False,426.3947900647313,448.3253294764609,False,406.3271937035182,463.4550897119439,False,396.6608355510376,464.2697311716397,False,395.5942536745815,533.6242600460615,False,422.88329415380304,526.9162095338497,False,386.826629445526,601.3454650038374,False,418.6468674712775,601.9844700951551,False,True,97.32205806545726,178.6804001510849,154.05684807467267
386,386,6.433333333333334,6.433333333333334,Sports2D_HALPE26_postprocessed,438.6601302302111,352.4558721325934,1.0,423.17843877936286,369.4003448039824,1.0,392.12196391409344,389.5404086165278,1.0,450.16066832704576,351.4736931049084,1.0,382.68578469137816,435.3393442345623,1.0,487.9006805121176,345.3932493254068,1.0,425.0277319300986,449.8218231654319,1.0,409.5559306639139,463.08690800996885,1.0,396.6598881972316,463.4397367150021,1.0,396.91736938549246,533.2774312515321,1.0,422.9888409591609,526.3571620022717,1.0,387.174919073703,601.1856014943262,1.0,418.54336475657846,601.8561325668227,1.0,407.33727098358617,617.4050758951626,1.0,406.0652845398319,614.6430600767546,1.0,378.6709454506337,614.2843336871318,1.0,437.6905070587428,614.4250155098896,1.0,432.4860694645257,618.3309063461627,1.0,411.370832345659,614.4997880227531,1.0,1.0,6.433333333333334,438.6601302302111,352.4558721325934,False,423.17843877936286,369.4003448039824,False,392.12196391409344,389.5404086165278,False,450.16066832704576,351.4736931049084,False,382.68578469137816,435.3393442345623,False,487.9006805121176,345.3932493254068,False,425.0277319300986,449.8218231654319,False,409.5559306639139,463.08690800996885,False,396.6598881972316,463.4397367150021,False,396.91736938549246,533.2774312515321,False,422.9888409591609,526.3571620022717,False,387.174919073703,601.1856014943262,False,418.54336475657846,601.8561325668227,False,True,97.2405263409448,177.95688684378476,153.92247354329183
387,387,6.45,6.45,Sports2D_HALPE26_postprocessed,439.0767543636173,353.5366230254119,1.0,425.195070369659,369.823473787614,1.0,391.738011605776,389.79383014115865,1.0,451.28123183530073,352.33597663196,1.0,381.64915858072345,435.4983274554757,1.0,489.1566434746667,349.8170470624616,1.0,424.2949134014882,450.8131045957674,1.0,411.26314439092135,463.1698333215521,1.0,396.7729927497739,463.6855558246914,1.0,397.6848566586056,533.3597076219961,1.0,422.8246109638496,526.3729853586398,1.0,387.18161157892166,601.1965251869826,1.0,418.38810637339,602.2643244931069,1.0,407.4129469775531,617.2845477758508,1.0,406.0766447495455,614.6510782181333,1.0,378.5729989854064,614.2725050608815,1.0,436.0983596356141,614.8796358002792,1.0,430.2999322570951,618.6745916233936,1.0,411.0223379785235,614.3825930328143,1.0,1.0,6.45,439.0767543636173,353.5366230254119,False,425.195070369659,369.823473787614,False,391.738011605776,389.79383014115865,False,451.28123183530073,352.33597663196,False,381.64915858072345,435.4983274554757,False,489.1566434746667,349.8170470624616,False,424.2949134014882,450.8131045957674,False,411.26314439092135,463.1698333215521,False,396.7729927497739,463.6855558246914,False,397.6848566586056,533.3597076219961,False,422.8246109638496,526.3729853586398,False,387.18161157892166,601.1965251869826,False,418.38810637339,602.2643244931069,False,True,97.30612607789769,177.85260580334983,154.0875993937412
388,388,6.466666666666667,6.466666666666667,Sports2D_HALPE26_postprocessed,439.1467645983154,355.196547422482,1.0,426.6501863820222,370.22728510654287,1.0,391.23449376054606,390.3390495802587,1.0,452.9845675390988,355.1293277249166,1.0,381.2152959446595,436.1350734017735,1.0,489.8997473180476,354.1039969450404,1.0,422.3884235525375,452.07814785377946,1.0,413.2675498148893,463.28299494555927,1.0,396.90845278334245,463.95001385939776,1.0,398.688238675847,533.4036643531705,1.0,422.8243759790163,526.7054714553611,1.0,387.24186497208825,601.107972737853,1.0,418.2922680447113,602.6120831211595,1.0,407.8368370774333,617.3790075566695,1.0,406.5789341756031,614.5791400158545,1.0,378.5849664957348,614.3496463302577,1.0,435.795041228649,615.7678126017572,1.0,429.4730359510882,619.1717887003679,1.0,411.3420265382914,614.4956362454384,1.0,1.0,6.466666666666667,439.1467645983154,355.196547422482,False,426.6501863820222,370.22728510654287,False,391.23449376054606,390.3390495802587,False,452.9845675390988,355.1293277249166,False,381.2152959446595,436.1350734017735,False,489.8997473180476,354.1039969450404,False,422.3884235525375,452.07814785377946,False,413.2675498148893,463.28299494555927,False,396.90845278334245,463.95001385939776,False,398.688238675847,533.4036643531705,False,422.8243759790163,526.7054714553611,False,387.24186497208825,601.107972737853,False,418.2922680447113,602.6120831211595,False,True,98.82675868485926,177.85047489476648,154.14413126388004
389,389,6.483333333333333,6.483333333333333,Sports2D_HALPE26_postprocessed,439.0713905989262,356.67963702845543,1.0,427.13122294551965,371.1396259700832,1.0,390.7683327657383,390.56585754705145,1.0,452.8391298745066,357.94920461814337,1.0,380.7460936694572,436.8031099219097,1.0,491.8802368360409,359.0428930235467,1.0,420.8755899610138,453.6426477663145,1.0,415.3989707524258,463.7817539538584,1.0,397.3644501006492,465.153953229468,1.0,399.541718647746,533.6911139951551,1.0,422.7925234188507,526.8912563398827,1.0,387.4432503122809,601.2344750415393,1.0,418.5427112383744,602.9946747450992,1.0,407.6517309802335,617.4969911789542,1.0,406.4629967612162,614.6644082342664,1.0,378.5102133292071,614.4035204621553,1.0,435.4685361215528,616.0377999092057,1.0,428.9000699507326,619.2981780103407,1.0,411.4970483195101,614.5987569038593,1.0,1.0,6.483333333333333,439.0713905989262,356.67963702845543,False,427.13122294551965,371.1396259700832,False,390.7683327657383,390.56585754705145,False,452.8391298745066,357.94920461814337,False,380.7460936694572,436.8031099219097,False,491.8802368360409,359.0428930235467,False,420.8755899610138,453.6426477663145,False,415.3989707524258,463.7817539538584,False,397.3644501006492,465.153953229468,False,399.541718647746,533.6911139951551,False,422.7925234188507,526.8912563398827,False,387.4432503122809,601.2344750415393,False,418.5427112383744,602.9946747450992,False,True,100.53432393383926,177.37529299467775,154.41821949619697
390,390,6.5,6.5,Sports2D_HALPE26_postprocessed,438.981417361324,357.3906165201174,1.0,428.192852480656,372.0113757022429,1.0,390.6506630001626,390.81012001144165,1.0,454.6561824259352,362.2105999408765,1.0,380.4387179736292,437.3784797336267,1.0,494.38264527880006,365.2430316964052,1.0,420.5273921274359,454.6946887147294,1.0,415.74806505131136,464.03466501764245,1.0,397.6554271747524,466.71099374330265,1.0,400.5822990040703,533.6547572937113,1.0,422.9238594773565,526.9594912278238,1.0,387.5685184540722,601.1344380134664,1.0,418.7278059747096,602.8750785536922,1.0,407.30693640926506,617.2221284281161,1.0,406.4753869494789,614.4249743533646,1.0,378.755491072722,614.6772175988251,1.0,435.5015306236829,616.6021834391105,1.0,428.08537479208303,619.5310248848967,1.0,411.3544939565512,614.8025360846486,1.0,1.0,6.5,438.981417361324,357.3906165201174,False,428.192852480656,372.0113757022429,False,390.6506630001626,390.81012001144165,False,454.6561824259352,362.2105999408765,False,380.4387179736292,437.3784797336267,False,494.38264527880006,365.2430316964052,False,420.5273921274359,454.6946887147294,False,415.74806505131136,464.03466501764245,False,397.6554271747524,466.71099374330265,False,400.5822990040703,533.6547572937113,False,422.9238594773565,526.9594912278238,False,387.5685184540722,601.1344380134664,False,418.7278059747096,602.8750785536922,False,True,100.9932423226543,178.626649458992,154.08298250363734
391,391,6.516666666666667,6.516666666666667,Sports2D_HALPE26_postprocessed,438.30699974654414,359.7093010768218,1.0,429.59147743966594,372.35360127723,1.0,390.3475370679432,391.50746587293617,1.0,455.6883396305108,365.4770390032109,1.0,380.4308041883224,437.90503296254815,1.0,493.725967063048,370.8048540910427,1.0,420.5673198940351,455.72698221977294,1.0,417.94611805610896,464.2716862885508,1.0,398.0400511818686,465.8038308121216,1.0,402.0251415585974,533.9716633161755,1.0,423.2999420474465,526.8821427809331,1.0,387.6878081937293,601.075031221143,1.0,418.82344436211474,602.9052537119908,1.0,407.51306667956914,617.2387642767258,1.0,406.7298364846844,614.4857454815435,1.0,378.657201816106,614.6361089105974,1.0,435.744838410905,617.0090265826907,1.0,428.5841567722736,619.8699804957148,1.0,412.1601234370769,614.6691801883022,1.0,1.0,6.516666666666667,438.30699974654414,359.7093010768218,False,429.59147743966594,372.35360127723,False,390.3475370679432,391.50746587293617,False,455.6883396305108,365.4770390032109,False,380.4308041883224,437.90503296254815,False,493.725967063048,370.8048540910427,False,420.5673198940351,455.72698221977294,False,417.94611805610896,464.2716862885508,False,398.0400511818686,465.8038308121216,False,402.0251415585974,533.9716633161755,False,423.2999420474465,526.8821427809331,False,387.6878081937293,601.075031221143,False,418.82344436211474,602.9052537119908,False,True,101.87828950475621,179.19365848823915,154.16181617721946
392,392,6.533333333333333,6.533333333333333,Sports2D_HALPE26_postprocessed,438.25182812878063,360.8941199066193,1.0,431.0606107684319,372.9277264697664,1.0,389.8890980912497,392.2114598092669,1.0,459.88287774186506,369.8021017409282,1.0,380.2296586804949,438.3153257138603,1.0,495.5611914007796,377.51405351282006,1.0,420.73342784432464,457.17389150822646,1.0,419.0277787227783,464.128903321027,1.0,398.6843100711404,465.55940254726977,1.0,403.5853633734215,533.6787320614075,1.0,423.7706748752911,526.9771314112098,1.0,388.1667225626572,600.65640145872,1.0,418.97433703212414,602.7555747370808,1.0,407.70481723394767,616.9347966880566,1.0,406.6246378879783,614.3927653219513,1.0,378.7252616994944,614.508972708561,1.0,435.9028841720584,617.1508667872972,1.0,428.7993368465442,619.9980872457745,1.0,412.5345846209349,614.6351209435404,1.0,1.0,6.533333333333333,438.25182812878063,360.8941199066193,False,431.0606107684319,372.9277264697664,False,389.8890980912497,392.2114598092669,False,459.88287774186506,369.8021017409282,False,380.2296586804949,438.3153257138603,False,495.5611914007796,377.51405351282006,False,420.73342784432464,457.17389150822646,False,419.0277787227783,464.128903321027,False,398.6843100711404,465.55940254726977,False,403.5853633734215,533.6787320614075,False,423.7706748752911,526.9771314112098,False,388.1667225626572,600.65640145872,False,418.97433703212414,602.7555747370808,False,True,103.13355209028151,179.55456432829993,154.16054489615541
393,393,6.55,6.55,Sports2D_HALPE26_postprocessed,438.34642787438816,362.21783284843104,1.0,432.403591752809,374.14582962675627,1.0,389.8380563437289,392.5018782970319,1.0,460.5141470064261,373.65367465444587,1.0,380.185020714317,438.60706660579706,1.0,495.5408498142846,383.2439714178781,1.0,420.287256686576,457.6444103732799,1.0,419.8130950954451,464.2062428566657,1.0,399.48542842659145,465.4344134875922,1.0,404.9384660543855,533.6333587060791,1.0,424.3216277852258,527.1202039592099,1.0,388.5872059629441,600.5483628747495,1.0,419.0081044067789,603.1032016525985,1.0,407.53464918941137,616.8040573502067,1.0,406.37080189465655,614.3272207172264,1.0,378.7286294794077,614.1406513876424,1.0,436.1528487222725,617.1671260516549,1.0,428.5973749848321,619.9863792323667,1.0,412.4297270101979,614.4234303364232,1.0,1.0,6.55,438.34642787438816,362.21783284843104,False,432.403591752809,374.14582962675627,False,389.8380563437289,392.5018782970319,False,460.5141470064261,373.65367465444587,False,380.185020714317,438.60706660579706,False,495.5408498142846,383.2439714178781,False,420.287256686576,457.6444103732799,False,419.8130950954451,464.2062428566657,False,399.48542842659145,465.4344134875922,False,404.9384660543855,533.6333587060791,False,424.3216277852258,527.1202039592099,False,388.5872059629441,600.5483628747495,False,419.0081044067789,603.1032016525985,False,True,103.56944529387383,178.3610679023805,154.0688791369114
394,394,6.566666666666666,6.566666666666666,Sports2D_HALPE26_postprocessed,438.0351760900664,363.45561809680765,1.0,434.2852894507615,375.3363393504173,1.0,390.12108862793775,392.9004648933988,1.0,461.8046920896895,379.5527018992517,1.0,380.3441963151091,438.92554861037183,1.0,497.1645005802713,391.4916136651512,1.0,420.0531610841728,458.63743547651154,1.0,420.1691968769417,464.43640445791135,1.0,399.8245403414585,465.498104963584,1.0,406.4911485569487,533.8616631744393,1.0,425.2938001064857,527.4074891211674,1.0,388.79787945436414,600.9885555231988,1.0,418.71374763792494,603.596677469199,1.0,406.5895046795026,616.7410417109409,1.0,405.9648261217209,614.2894670341784,1.0,378.9327233203302,614.1567390111456,1.0,436.4200476087772,617.2231895574137,1.0,428.171516201086,619.9787814912278,1.0,412.2260533907054,614.430791371214,1.0,1.0,6.566666666666666,438.0351760900664,363.45561809680765,False,434.2852894507615,375.3363393504173,False,390.12108862793775,392.9004648933988,False,461.8046920896895,379.5527018992517,False,380.3441963151091,438.92554861037183,False,497.1645005802713,391.4916136651512,False,420.0531610841728,458.63743547651154,False,420.1691968769417,464.43640445791135,False,399.8245403414585,465.498104963584,False,406.4911485569487,533.8616631744393,False,425.2938001064857,527.4074891211674,False,388.79787945436414,600.9885555231988,False,418.71374763792494,603.596677469199,False,True,104.40741053682599,176.37942277909022,152.7018588508878
395,395,6.583333333333333,6.583333333333333,Sports2D_HALPE26_postprocessed,437.6701415155908,364.7801907102557,1.0,435.350122940387,376.2473092878933,1.0,389.868112422091,392.97389344908544,1.0,463.3531197378579,384.7809965167701,1.0,380.6853303350535,439.19787599356727,1.0,496.3835700014138,397.38846403578793,1.0,419.2193139187944,459.2408725265765,1.0,423.4115703714899,464.8891738531918,1.0,400.2980485184896,465.67919628336494,1.0,408.43992999260496,532.872315279066,1.0,425.8110348424823,527.3046734407262,1.0,388.877635263254,600.9019090285944,1.0,418.73845502655126,603.4895082469985,1.0,405.9210108317133,616.7148822960025,1.0,405.466129066103,614.2898788193894,1.0,378.86499935730296,613.9657466891084,1.0,436.5866462488138,617.3830820576412,1.0,428.1272763672179,620.013604889972,1.0,412.3567678428788,614.7430026349707,1.0,1.0,6.583333333333333,437.6701415155908,364.7801907102557,False,435.350122940387,376.2473092878933,False,389.868112422091,392.97389344908544,False,463.3531197378579,384.7809965167701,False,380.6853303350535,439.19787599356727,False,496.3835700014138,397.38846403578793,False,419.2193139187944,459.2408725265765,False,423.4115703714899,464.8891738531918,False,400.2980485184896,465.67919628336494,False,408.43992999260496,532.872315279066,False,425.8110348424823,527.3046734407262,False,388.877635263254,600.9019090285944,False,418.73845502655126,603.4895082469985,False,True,106.24466229579065,176.376868128045,152.20659184116016
396,396,6.6,6.6,Sports2D_HALPE26_postprocessed,437.0503314172742,365.9215386922446,1.0,435.3858948029088,376.8159654978193,1.0,389.8587144437141,392.88171768917294,1.0,461.93902562003,387.4876481230397,1.0,380.8864557806079,439.4678695235583,1.0,495.0506804186147,403.6822144627732,1.0,419.1761927044861,459.9825382769638,1.0,425.66062092953695,464.6833208961932,1.0,400.8327922150231,465.5392498618462,1.0,410.36940376070953,531.8198003405289,1.0,426.3118031483398,527.579980506353,1.0,389.6865856863177,600.2837763021645,1.0,418.80980338725726,603.2188726163703,1.0,405.7443963542533,616.6261079114339,1.0,405.2756052652211,614.1306872070192,1.0,378.88987701074944,613.2261127718556,1.0,436.65390046830464,617.1460583062753,1.0,428.0749386467651,619.8443342991997,1.0,412.4102845524146,614.8560816455935,1.0,1.0,6.6,437.0503314172742,365.9215386922446,False,435.3858948029088,376.8159654978193,False,389.8587144437141,392.88171768917294,False,461.93902562003,387.4876481230397,False,380.8864557806079,439.4678695235583,False,495.0506804186147,403.6822144627732,False,419.1761927044861,459.9825382769638,False,425.66062092953695,464.6833208961932,False,400.8327922150231,465.5392498618462,False,410.36940376070953,531.8198003405289,False,426.3118031483398,527.579980506353,False,389.6865856863177,600.2837763021645,False,418.80980338725726,603.2188726163703,False,True,107.27987632774858,176.02153080347057,152.00875394485416
397,397,6.616666666666666,6.616666666666666,Sports2D_HALPE26_postprocessed,436.3130411149265,366.65632227089645,1.0,436.13878710084526,376.9370428581712,1.0,389.7607146148519,393.28718402125065,1.0,460.9643324421439,391.8863761769573,1.0,381.318585977538,439.6249705402819,1.0,493.233148903456,409.9702524185395,1.0,419.642397646722,460.5339524025703,1.0,426.3639324451359,464.3699122993025,1.0,401.5313638584954,465.229959365176,1.0,412.4588289623552,529.8104391521874,1.0,426.1410262933481,527.4245156897092,1.0,390.5729632904354,599.1804758779539,1.0,419.0044334672917,603.2237181641215,1.0,405.8644560165976,616.6988405169157,1.0,405.0740661053211,613.9107721968687,1.0,379.1016385119431,612.3752518604149,1.0,436.6878744465108,616.8546230183854,1.0,428.2051318481624,619.9856601850814,1.0,412.883582393972,615.5639941445268,1.0,1.0,6.616666666666666,436.3130411149265,366.65632227089645,False,436.13878710084526,376.9370428581712,False,389.7607146148519,393.28718402125065,False,460.9643324421439,391.8863761769573,False,381.318585977538,439.6249705402819,False,493.233148903456,409.9702524185395,False,419.642397646722,460.5339524025703,False,426.3639324451359,464.3699122993025,False,401.5313638584954,465.229959365176,False,412.4588289623552,529.8104391521874,False,426.1410262933481,527.4245156897092,False,390.5729632904354,599.1804758779539,False,419.0044334672917,603.2237181641215,False,True,108.29103367639739,174.48585514280768,153.03325454414087
398,398,6.633333333333333,6.633333333333333,Sports2D_HALPE26_postprocessed,435.5080944270133,368.6300181364142,1.0,436.1339750418622,377.64804460499056,1.0,389.6611466817232,393.6248447372912,1.0,459.4314970146573,395.3246406282542,1.0,381.9491355151332,439.4640419997861,1.0,491.8097478783307,416.66594549458335,1.0,420.0218291769867,460.6551874556648,1.0,427.9159251240821,464.2423052837792,1.0,402.21921233314777,465.03468131508265,1.0,415.0353992648298,529.2400909144005,1.0,425.8180299751721,527.0414601017995,1.0,392.0886658506181,597.9543015229984,1.0,418.9980646960922,603.6731705541971,1.0,406.4714810594649,616.9841883655849,1.0,405.6286194024052,613.9027634542628,1.0,380.0378054540941,611.0757790023606,1.0,436.7183680281716,617.0942505489227,1.0,428.3355569158727,620.4117300547435,1.0,413.0793700657786,615.9266693333211,1.0,1.0,6.633333333333333,435.5080944270133,368.6300181364142,False,436.1339750418622,377.64804460499056,False,389.6611466817232,393.6248447372912,False,459.4314970146573,395.3246406282542,False,381.9491355151332,439.4640419997861,False,491.8097478783307,416.66594549458335,False,420.0218291769867,460.6551874556648,False,427.9159251240821,464.2423052837792,False,402.21921233314777,465.03468131508265,False,415.0353992648298,529.2400909144005,False,425.8180299751721,527.0414601017995,False,392.0886658506181,597.9543015229984,False,418.9980646960922,603.6731705541971,False,True,109.55014055855,172.74254706471467,154.0782184978554
399,399,6.65,6.65,Sports2D_HALPE26_postprocessed,434.97061711633336,369.0381898514193,1.0,436.7136998377617,377.847904636044,1.0,390.0470697381286,393.1950139141454,1.0,458.3137257215318,398.43250588608,1.0,382.53134728299534,439.3707954598952,1.0,490.12641082945584,420.82223231331903,1.0,420.6280705942942,461.2638458450775,1.0,428.2149464348053,464.50355981466464,1.0,402.505354656734,465.3303753498318,1.0,416.27811499203045,529.5248527776688,1.0,425.773638846816,527.4217966458004,1.0,392.4544627513316,598.076027440086,1.0,419.0271299797383,603.8388998591139,1.0,407.64669906064194,616.8612238532711,1.0,407.0064364943161,613.3706354063831,1.0,380.8530327709041,609.7198335084672,1.0,436.7815325484014,617.3426764836998,1.0,428.326865725564,620.7495657815031,1.0,412.83665275603016,616.1169926086094,1.0,1.0,6.65,434.97061711633336,369.0381898514193,False,436.7136998377617,377.847904636044,False,390.0470697381286,393.1950139141454,False,458.3137257215318,398.43250588608,False,382.53134728299534,439.3707954598952,False,490.12641082945584,420.82223231331903,False,420.6280705942942,461.2638458450775,False,428.2149464348053,464.50355981466464,False,402.505354656734,465.3303753498318,False,416.27811499203045,529.5248527776688,False,425.773638846816,527.4217966458004,False,392.4544627513316,598.076027440086,False,419.0271299797383,603.8388998591139,False,True,110.6401141415908,171.23880062315703,154.41160336605634
400,400,6.666666666666667,6.666666666666667,Sports2D_HALPE26_postprocessed,434.3153390523297,369.590905161477,1.0,437.02350772427167,377.8295894448612,1.0,390.28671673154656,392.9322166484254,1.0,457.76115725080274,401.5989707952225,1.0,383.14406496242646,439.54276093136207,1.0,488.6977217723832,425.4408261876521,1.0,421.28178997263205,461.8371257325322,1.0,428.8719117819568,464.4480885373196,1.0,403.1291197046015,465.45484424543673,1.0,418.4013163161348,528.7130349578521,1.0,425.7037727899588,528.1452056225503,1.0,393.1399572426541,597.8402363857712,1.0,418.9311024013915,603.8933294949031,1.0,409.0052002353568,616.8156936762223,1.0,407.7268903978753,612.2275343130551,1.0,382.38824131913714,608.5361752111157,1.0,436.8456092448772,617.7287399737847,1.0,428.4593650260372,621.180980822493,1.0,412.4628729911428,616.1733772204433,1.0,1.0,6.666666666666667,434.3153390523297,369.590905161477,False,437.02350772427167,377.8295894448612,False,390.28671673154656,392.9322166484254,False,457.76115725080274,401.5989707952225,False,383.14406496242646,439.54276093136207,False,488.6977217723832,425.4408261876521,False,421.28178997263205,461.8371257325322,False,428.8719117819568,464.4480885373196,False,403.1291197046015,465.45484424543673,False,418.4013163161348,528.7130349578521,False,425.7037727899588,528.1452056225503,False,393.1399572426541,597.8402363857712,False,418.9311024013915,603.8933294949031,False,True,111.59719888465087,169.1798374048553,155.0869168571781
401,401,6.683333333333334,6.683333333333334,Sports2D_HALPE26_postprocessed,433.93701501879576,369.7182958165971,1.0,437.66008427030965,378.1751915997469,1.0,390.44134149188295,392.6244477048507,1.0,457.1869091450049,405.0173315846968,1.0,383.607549603374,439.6932769287564,1.0,486.3459652863063,430.8069544447389,1.0,421.8223592045402,461.7834115253776,1.0,429.1792739207999,464.8624248876452,1.0,403.6856517591224,465.8155398472006,1.0,421.3280770690397,528.4326081316136,1.0,425.7924296877954,528.3337079020266,1.0,394.5410493222497,596.0507835795768,1.0,418.8978774593585,603.9622832703528,1.0,409.78083821902806,616.8922547436687,1.0,408.7700629296942,611.9540466077704,1.0,383.14064952625023,606.8482621325151,1.0,436.8597574289403,618.0999311405703,1.0,427.87160297165497,621.4763562037047,1.0,412.5139165265524,616.2433308568476,1.0,1.0,6.683333333333334,433.93701501879576,369.7182958165971,False,437.66008427030965,378.1751915997469,False,390.44134149188295,392.6244477048507,False,457.1869091450049,405.0173315846968,False,383.607549603374,439.6932769287564,False,486.3459652863063,430.8069544447389,False,421.8223592045402,461.7834115253776,False,429.1792739207999,464.8624248876452,False,403.6856517591224,465.8155398472006,False,421.3280770690397,528.4326081316136,False,425.7924296877954,528.3337079020266,False,394.5410493222497,596.0507835795768,False,418.8978774593585,603.9622832703528,False,True,111.76923913391755,165.42956841248932,155.31724187783442
402,402,6.7,6.7,Sports2D_HALPE26_postprocessed,433.8068722740632,369.9618600242536,1.0,438.4432714217765,378.3112773095248,1.0,390.8714530626488,392.4111252033763,1.0,456.6653213030016,407.70016194522407,1.0,383.9498250163124,439.6086657828189,1.0,483.69741803291134,434.5401819557241,1.0,422.198889450808,461.95524341755777,1.0,430.7977957548825,465.246505716299,1.0,404.0995680854242,466.07676473098064,1.0,423.67160570166254,529.3900343768512,1.0,426.0473688644296,529.8196950368044,1.0,396.3041144290672,594.8248745933159,1.0,418.73431985991,603.9950043935937,1.0,410.3180397992736,616.5036248015432,1.0,410.1495831649287,611.4440881638386,1.0,384.792031305805,604.848517480588,1.0,436.7388455687556,618.1110278857445,1.0,427.53529013536667,621.5099400261255,1.0,412.0392888699449,616.1539428628896,1.0,1.0,6.7,433.8068722740632,369.9618600242536,False,438.4432714217765,378.3112773095248,False,390.8714530626488,392.4111252033763,False,456.6653213030016,407.70016194522407,False,383.9498250163124,439.6086657828189,False,483.69741803291134,434.5401819557241,False,422.198889450808,461.95524341755777,False,430.7977957548825,465.246505716299,False,404.0995680854242,466.07676473098064,False,423.67160570166254,529.3900343768512,False,426.0473688644296,529.8196950368044,False,396.3041144290672,594.8248745933159,False,418.73431985991,603.9950043935937,False,True,111.95203288057368,163.6427753272254,155.36984718910222
403,403,6.716666666666667,6.716666666666667,Sports2D_HALPE26_postprocessed,433.9000139433192,370.32254264595167,1.0,438.6463501958306,378.1955921632783,1.0,390.8415077915748,392.40726862826114,1.0,456.0872216582616,410.74456436162166,1.0,384.24687659544384,439.7610741743876,1.0,481.3763317099898,439.6600415786726,1.0,422.50301616235686,461.97789716882977,1.0,431.46999009641576,465.5481011457248,1.0,404.6389654953952,466.1444063765335,1.0,426.3182053231268,529.3309675043995,1.0,426.3873662906245,529.9838139966598,1.0,397.8051138915743,593.9374061103548,1.0,418.4322053429705,604.0883110538796,1.0,412.90913248193687,616.0386097456933,1.0,412.90306441447495,611.0453303465813,1.0,386.25493026508383,603.4906529265336,1.0,436.6663713747283,618.0941953037034,1.0,427.3399893114768,621.5362497048404,1.0,411.4038070244834,616.0189934835311,1.0,1.0,6.716666666666667,433.9000139433192,370.32254264595167,False,438.6463501958306,378.1955921632783,False,390.8415077915748,392.40726862826114,False,456.0872216582616,410.74456436162166,False,384.24687659544384,439.7610741743876,False,481.3763317099898,439.6600415786726,False,422.50301616235686,461.97789716882977,False,431.46999009641576,465.5481011457248,False,404.6389654953952,466.1444063765335,False,426.3182053231268,529.3309675043995,False,426.3873662906245,529.9838139966598,False,397.8051138915743,593.9374061103548,False,418.4322053429705,604.0883110538796,False,True,112.21720716073688,160.80424098532504,155.06010863653404
404,404,6.733333333333333,6.733333333333333,Sports2D_HALPE26_postprocessed,434.3544589060712,370.22385969947777,1.0,439.309160641839,378.3124043345712,1.0,391.1932075403399,392.17904634598864,1.0,455.7149220022997,412.3082811855514,1.0,384.4688776548944,439.4361369292275,1.0,478.9812908938448,443.418221579086,1.0,422.630622680747,462.1822513488188,1.0,432.5713769206647,465.5599862117063,1.0,405.7943128542656,466.1252399355769,1.0,433.4334899772791,530.2001793854414,1.0,426.3161479681604,530.3401304781078,1.0,400.0125106029527,592.0436329841261,1.0,418.19000533497245,604.377945806326,1.0,415.2475436162634,615.9680962695433,1.0,414.8546623423563,611.7075381947102,1.0,388.0867687864219,600.9134409657026,1.0,436.5940618489616,618.0888006019345,1.0,427.4218845137134,621.621485289108,1.0,410.9733156956096,616.1595324840833,1.0,1.0,6.733333333333333,434.3544589060712,370.22385969947777,False,439.309160641839,378.3124043345712,False,391.1932075403399,392.17904634598864,False,455.7149220022997,412.3082811855514,False,384.4688776548944,439.4361369292275,False,478.9812908938448,443.418221579086,False,422.630622680747,462.1822513488188,False,432.5713769206647,465.5599862117063,False,405.7943128542656,466.1252399355769,False,433.4334899772791,530.2001793854414,False,426.3161479681604,530.3401304781078,False,400.0125106029527,592.0436329841261,False,418.19000533497245,604.377945806326,False,True,112.6984457619322,150.84854082625785,156.0136053493212
405,405,6.75,6.75,Sports2D_HALPE26_postprocessed,434.7285511139564,370.2703179153719,1.0,440.2526404485258,378.4707618068264,1.0,391.5857105396067,391.6777538671756,1.0,455.2310205207946,413.8120939164481,1.0,384.6848752754981,438.9104089598354,1.0,476.1258294479195,445.6138664581823,1.0,422.6477845958904,461.5815989555504,1.0,433.1471452532564,465.4738809460514,1.0,406.78783836858094,466.0938882912631,1.0,436.848324178562,531.4166568999664,1.0,425.9716511903719,531.7826454529435,1.0,402.3269182912033,590.3364003919055,1.0,418.0974539513173,604.4210103940859,1.0,417.9873506449869,615.7522248959883,1.0,418.48016541296863,611.5648491074469,1.0,390.8203931495127,598.0535673095274,1.0,436.7224000337199,618.1518509554892,1.0,427.5354292793103,621.5172461213016,1.0,410.79332227519393,616.3837914083607,1.0,1.0,6.75,434.7285511139564,370.2703179153719,False,440.2526404485258,378.4707618068264,False,391.5857105396067,391.6777538671756,False,455.2310205207946,413.8120939164481,False,384.6848752754981,438.9104089598354,False,476.1258294479195,445.6138664581823,False,422.6477845958904,461.5815989555504,False,433.1471452532564,465.4738809460514,False,406.78783836858094,466.0938882912631,False,436.848324178562,531.4166568999664,False,425.9716511903719,531.7826454529435,False,402.3269182912033,590.3364003919055,False,418.0974539513173,604.4210103940859,False,True,112.5330837151141,146.42124766251447,157.53316877233826
406,406,6.766666666666667,6.766666666666667,Sports2D_HALPE26_postprocessed,435.0573182651422,370.4164115795113,1.0,441.3717749675649,379.04189715434944,1.0,392.0100304537319,390.88509616514256,1.0,454.6965413021248,415.13510809244985,1.0,384.9971842489247,438.4633384021342,1.0,472.9805534704466,448.13153248082847,1.0,422.7350951121743,461.33472708959385,1.0,434.37321814323286,465.8968986393567,1.0,407.9726867792805,466.10945996275314,1.0,438.338566903515,532.653528982074,1.0,425.40645140358254,533.0814460259624,1.0,403.6550658324362,589.1238236104148,1.0,418.0950496082236,604.9604200123598,1.0,418.1104714409212,615.2736273699861,1.0,420.2934962485149,610.3275894391332,1.0,393.05455322144496,596.24946437303,1.0,436.8589199825282,618.333617423494,1.0,427.766324065014,621.707456632018,1.0,411.0886598972062,616.5864277467106,1.0,1.0,6.766666666666667,435.0573182651422,370.4164115795113,False,441.3717749675649,379.04189715434944,False,392.0100304537319,390.88509616514256,False,454.6965413021248,415.13510809244985,False,384.9971842489247,438.4633384021342,False,472.9805534704466,448.13153248082847,False,422.7350951121743,461.33472708959385,False,434.37321814323286,465.8968986393567,False,407.9726867792805,466.10945996275314,False,438.338566903515,532.653528982074,False,425.40645140358254,533.0814460259624,False,403.6550658324362,589.1238236104148,False,418.0950496082236,604.9604200123598,False,True,112.83352302340073,145.04278275645262,159.60086923493915
407,407,6.783333333333333,6.783333333333333,Sports2D_HALPE26_postprocessed,434.8810698206056,370.29110232060816,1.0,441.8040534449089,379.2521354716554,1.0,392.4530871610102,390.2212795048259,1.0,454.36059113366446,416.5899287099332,1.0,385.4371456380424,437.8066498135297,1.0,469.9568240126543,449.0270203075015,1.0,422.8499864016293,460.9299280326451,1.0,436.4016462010757,465.9810335718079,1.0,409.04914182186224,466.10873743381273,1.0,443.0897277897129,532.4198578677401,1.0,425.0724347070681,533.8964900854506,1.0,405.69681782514607,587.9652068342898,1.0,418.106742664512,605.0371367159878,1.0,420.439477073397,614.4001225974067,1.0,421.0477988727439,608.8082920611012,1.0,395.2090087894409,594.4172265044749,1.0,436.9651909830363,618.2898489083099,1.0,427.7614984947952,621.5635311440391,1.0,411.1842626849043,616.5945024917318,1.0,1.0,6.783333333333333,434.8810698206056,370.29110232060816,False,441.8040534449089,379.2521354716554,False,392.4530871610102,390.2212795048259,False,454.36059113366446,416.5899287099332,False,385.4371456380424,437.8066498135297,False,469.9568240126543,449.0270203075015,False,422.8499864016293,460.9299280326451,False,436.4016462010757,465.9810335718079,False,409.04914182186224,466.10873743381273,False,443.0897277897129,532.4198578677401,False,425.0724347070681,533.8964900854506,False,405.69681782514607,587.9652068342898,False,418.106742664512,605.0371367159878,False,True,113.33123077919822,140.30338562580297,161.10858819467322
408,408,6.8,6.8,Sports2D_HALPE26_postprocessed,434.8905876459525,370.4124522303024,1.0,443.1813280141697,379.800473530477,1.0,393.4459861920698,389.6530199405345,1.0,454.3231476562916,417.9352305968269,1.0,385.45237112775374,437.25982775145735,1.0,467.926725238615,450.7289327771334,1.0,422.8351424563336,460.29159092858174,1.0,437.3920571207348,465.8893049212508,1.0,409.1954738858482,466.0289156302175,1.0,444.6858206278863,532.6497771349805,1.0,424.5809820153335,534.6898533893419,1.0,406.4265674820437,587.3006553997402,1.0,418.0896456247554,606.257244365694,1.0,420.1683254437239,614.0939703941789,1.0,420.1254389067487,607.508224262834,1.0,397.2257299892141,593.2707933961983,1.0,437.1135849932178,618.2467758804003,1.0,427.978819867516,621.2972751131149,1.0,411.2057250678885,616.838078933078,1.0,1.0,6.8,434.8905876459525,370.4124522303024,False,443.1813280141697,379.800473530477,False,393.4459861920698,389.6530199405345,False,454.3231476562916,417.9352305968269,False,385.45237112775374,437.25982775145735,False,467.926725238615,450.7289327771334,False,422.8351424563336,460.29159092858174,False,437.3920571207348,465.8893049212508,False,409.1954738858482,466.0289156302175,False,444.6858206278863,532.6497771349805,False,424.5809820153335,534.6898533893419,False,406.4265674820437,587.3006553997402,False,418.0896456247554,606.257244365694,False,True,112.10591770421362,138.77042862207333,162.1871411461757
409,409,6.816666666666666,6.816666666666666,Sports2D_HALPE26_postprocessed,434.568858320838,370.257770763582,1.0,444.2951848150148,379.4853415155384,1.0,393.0353736606819,389.0474888879364,1.0,454.77417062777374,418.4966713229961,1.0,385.6552784231507,437.0570104266463,1.0,465.3299677230562,452.22842730555976,1.0,423.3245263752863,460.5461084416907,1.0,437.3090645988537,465.84723851758815,1.0,408.9631397563068,465.85907504665727,1.0,445.8282068561188,532.2920609812586,1.0,423.8652948144388,534.3944094852736,1.0,409.05646587985865,585.9192905685703,1.0,418.0847679654452,605.4351195189633,1.0,429.96665118406656,614.4235023650112,1.0,427.1040125093695,606.7930387863352,1.0,399.5138497414426,591.3873324678282,1.0,437.3943067692985,618.1744710611215,1.0,428.09611632001554,621.1552655551466,1.0,410.9482062781408,616.9665026417039,1.0,1.0,6.816666666666666,434.568858320838,370.257770763582,False,444.2951848150148,379.4853415155384,False,393.0353736606819,389.0474888879364,False,454.77417062777374,418.4966713229961,False,385.6552784231507,437.0570104266463,False,465.3299677230562,452.22842730555976,False,423.3245263752863,460.5461084416907,False,437.3090645988537,465.84723851758815,False,408.9631397563068,465.85907504665727,False,445.8282068561188,532.2920609812586,False,423.8652948144388,534.3944094852736,False,409.05646587985865,585.9192905685703,False,418.0847679654452,605.4351195189633,False,True,113.20689771562488,138.25564713354382,163.08083219335816
410,410,6.833333333333333,6.833333333333333,Sports2D_HALPE26_postprocessed,434.7310730522302,370.18893430021245,1.0,445.80130859906734,379.4868533516577,1.0,392.8274166199301,388.7187937897926,1.0,455.0472973061934,419.69943514112674,1.0,385.8732058524801,436.8309947393169,1.0,463.7668071308684,453.1539345704649,1.0,423.598903121253,461.0686251521125,1.0,439.6008903683364,465.81454353180345,1.0,410.2588749526435,465.84088115516784,1.0,447.8777882839627,532.3988593836998,1.0,423.6673080216973,534.0206702429352,1.0,410.414247260224,585.034454034002,1.0,418.0407842598186,605.0702583960041,1.0,434.2431854474682,614.2630894603152,1.0,430.0392351841202,609.1993956158618,1.0,401.6785169615104,591.5856353670453,1.0,437.588005364198,618.1462161688188,1.0,428.2384906368684,620.8768672220273,1.0,410.5357575920228,616.6668565516823,1.0,1.0,6.833333333333333,434.7310730522302,370.18893430021245,False,445.80130859906734,379.4868533516577,False,392.8274166199301,388.7187937897926,False,455.0472973061934,419.69943514112674,False,385.8732058524801,436.8309947393169,False,463.7668071308684,453.1539345704649,False,423.598903121253,461.0686251521125,False,439.6008903683364,465.81454353180345,False,410.2588749526435,465.84088115516784,False,447.8777882839627,532.3988593836998,False,423.6673080216973,534.0206702429352,False,410.414247260224,585.034454034002,False,418.0407842598186,605.0702583960041,False,True,114.4948723542513,137.47260818554122,164.34614488247075
411,411,6.85,6.85,Sports2D_HALPE26_postprocessed,435.2386062461296,370.0241006579605,1.0,447.11136550224137,379.9131325981815,1.0,393.0186739867735,388.080436411354,1.0,455.46433834951176,420.3917239671263,1.0,386.0256654399951,436.3357384546852,1.0,461.8468477966854,453.3625974718203,1.0,424.0413712311153,460.7253204810383,1.0,441.3479940690805,465.5355854181937,1.0,410.9256166688681,465.5966587137823,1.0,450.5138401424652,532.2838034788192,1.0,423.26311871536313,533.523558555723,1.0,414.5868658495127,585.0424901420168,1.0,417.9876339264547,604.4182147369478,1.0,437.0743964811932,613.553473222447,1.0,435.5477756911303,609.4987310550396,1.0,404.11126855881184,591.284621321511,1.0,437.7008685701494,618.1535177304644,1.0,428.5346497989477,620.7895750197492,1.0,410.08077894767627,616.4316833926055,1.0,1.0,6.85,435.2386062461296,370.0241006579605,False,447.11136550224137,379.9131325981815,False,393.0186739867735,388.080436411354,False,455.46433834951176,420.3917239671263,False,386.0256654399951,436.3357384546852,False,461.8468477966854,453.3625974718203,False,424.0413712311153,460.7253204810383,False,441.3479940690805,465.5355854181937,False,410.9256166688681,465.5966587137823,False,450.5138401424652,532.2838034788192,False,423.26311871536313,533.523558555723,False,414.5868658495127,585.0424901420168,False,417.9876339264547,604.4182147369478,False,True,114.43712466758107,137.9274534644271,165.44993253479498
412,412,6.866666666666666,6.866666666666666,Sports2D_HALPE26_postprocessed,435.73332001888224,370.0981037146677,1.0,447.99401001878925,380.1862280259114,1.0,392.76730565885424,387.7511774828328,1.0,455.9123881454137,419.96154449951024,1.0,386.1824239023497,435.5611139326518,1.0,459.3804689774427,452.77126325834746,1.0,423.9202034504984,460.1431479224472,1.0,441.8991121541159,465.14900047583615,1.0,412.0238342302069,465.2024820610228,1.0,451.906553720479,532.1916921602897,1.0,422.9239735530765,533.7335848770205,1.0,419.1632327352015,586.3673569785615,1.0,417.9087220394085,602.7895031680893,1.0,438.874444107054,613.9356785616482,1.0,438.8170226466378,608.9790384945686,1.0,406.7617096467328,593.5323674985307,1.0,437.1137854714584,618.1803839963166,1.0,429.447601918567,620.7076694077409,1.0,409.7842521561181,616.1291536046383,1.0,1.0,6.866666666666666,435.73332001888224,370.0981037146677,False,447.99401001878925,380.1862280259114,False,392.76730565885424,387.7511774828328,False,455.9123881454137,419.96154449951024,False,386.1824239023497,435.5611139326518,False,459.3804689774427,452.77126325834746,False,423.9202034504984,460.1431479224472,False,441.8991121541159,465.14900047583615,False,412.0238342302069,465.2024820610228,False,451.906553720479,532.1916921602897,False,422.9239735530765,533.7335848770205,False,419.1632327352015,586.3673569785615,False,417.9087220394085,602.7895031680893,False,True,115.23780973807254,140.36174565616565,166.80871790497562
413,413,6.883333333333333,6.883333333333333,Sports2D_HALPE26_postprocessed,436.0777749030293,370.2321091153792,1.0,449.4012766647897,380.6629467403261,1.0,392.9316519916927,387.0635822932898,1.0,456.844844754549,420.605744690713,1.0,386.1610971252058,434.53921190968106,1.0,458.470653423494,452.7204322157543,1.0,423.74098896855946,459.27273472200056,1.0,443.61406949129264,465.8507290864205,1.0,412.5424785313067,465.6217160891418,1.0,453.865207178495,532.3028553687935,1.0,422.4508646681485,534.5577383711404,1.0,422.6852987747605,586.4725489702521,1.0,417.8418308206061,601.9647624288754,1.0,440.9068957133396,614.4945218438804,1.0,441.3843999205395,609.3205898679367,1.0,408.95847252760313,594.2185411898828,1.0,436.6040191620589,618.1722038441287,1.0,429.01458289627664,620.7163627574416,1.0,409.5399699806359,615.7183993871896,1.0,1.0,6.883333333333333,436.0777749030293,370.2321091153792,False,449.4012766647897,380.6629467403261,False,392.9316519916927,387.0635822932898,False,456.844844754549,420.605744690713,False,386.1610971252058,434.53921190968106,False,458.470653423494,452.7204322157543,False,423.74098896855946,459.27273472200056,False,443.61406949129264,465.8507290864205,False,412.5424785313067,465.6217160891418,False,453.865207178495,532.3028553687935,False,422.4508646681485,534.5577383711404,False,422.6852987747605,586.4725489702521,False,417.8418308206061,601.9647624288754,False,True,115.23496055644827,141.30588197028788,167.90914311793446
414,414,6.9,6.9,Sports2D_HALPE26_postprocessed,437.3188745649573,370.1180400427594,1.0,450.18269524678215,380.569606741127,1.0,393.4153311213529,386.7406316656362,1.0,457.6455234202224,420.83118296946617,1.0,385.9843027354629,433.7188699722996,1.0,457.1911283884589,452.8807855366434,1.0,423.28076322365325,457.5815231963732,1.0,443.94880600996754,466.7842318796825,1.0,412.75312387319593,466.1394774250176,1.0,455.50071317995855,532.5177453219097,1.0,422.0338757617403,535.1630604499059,1.0,428.00604519601984,587.6914683118523,1.0,417.7484559479561,601.3934341639026,1.0,444.3969723385226,614.9650034680901,1.0,445.7926197889146,609.9266877992065,1.0,418.7502236854806,597.6160042116069,1.0,436.611505324338,618.307043137346,1.0,428.5978964662635,620.7071596997584,1.0,410.09028908425046,615.2242606289194,1.0,1.0,6.9,437.3188745649573,370.1180400427594,False,450.18269524678215,380.569606741127,False,393.4153311213529,386.7406316656362,False,457.6455234202224,420.83118296946617,False,385.9843027354629,433.7188699722996,False,457.1911283884589,452.8807855366434,False,423.28076322365325,457.5815231963732,False,443.94880600996754,466.7842318796825,False,412.75312387319593,466.1394774250176,False,455.50071317995855,532.5177453219097,False,422.0338757617403,535.1630604499059,False,428.00604519601984,587.6914683118523,False,417.7484559479561,601.3934341639026,False,True,113.62293938551524,143.5442971575118,168.63992177061186
415,415,6.916666666666667,6.916666666666667,Sports2D_HALPE26_postprocessed,437.6206374334778,370.461397682634,1.0,451.36705126366417,380.6588029113524,1.0,393.8046433907429,386.49558594717655,1.0,458.5210822022701,421.2599155886803,1.0,385.779991734972,433.1909791451377,1.0,456.220703030761,453.1140301743309,1.0,422.5355820582248,455.9706883337845,1.0,444.41761769208574,467.61043134927047,1.0,412.8246479162329,467.9866334159416,1.0,456.7942425782746,532.4781371585666,1.0,421.7547934605583,535.3650541334617,1.0,430.8942519900578,588.0559170960673,1.0,417.7757104298392,601.2763114564254,1.0,447.6303339727322,615.3238876320495,1.0,449.077632291105,610.660739155577,1.0,422.3102752799228,598.3781566470145,1.0,436.1433489989178,618.2580947118499,1.0,427.8126356956454,620.5775069190772,1.0,410.3973393822696,614.4038530606623,1.0,1.0,6.916666666666667,437.6206374334778,370.461397682634,False,451.36705126366417,380.6588029113524,False,393.8046433907429,386.49558594717655,False,458.5210822022701,421.2599155886803,False,385.779991734972,433.1909791451377,False,456.220703030761,453.1140301743309,False,422.5355820582248,455.9706883337845,False,444.41761769208574,467.61043134927047,False,412.8246479162329,467.9866334159416,False,456.7942425782746,532.4781371585666,False,421.7547934605583,535.3650541334617,False,430.8942519900578,588.0559170960673,False,417.7757104298392,601.2763114564254,False,True,112.03796037164717,144.21176322967105,168.99541002927128
416,416,6.933333333333334,6.933333333333334,Sports2D_HALPE26_postprocessed,438.2754722326918,370.31288613825376,1.0,451.5131493136721,380.7373090080743,1.0,395.7054018832578,386.5038314520946,1.0,459.816069791065,421.3802154222834,1.0,385.7524161487893,432.75974210868,1.0,455.6989163466866,452.32223638975256,1.0,422.7304724469375,455.3662284392348,1.0,445.6273904410335,467.0292171222573,1.0,413.2180523314401,468.68768536069547,1.0,457.7761856442832,532.358685021363,1.0,421.5604564725488,535.376342496115,1.0,432.7791094459711,589.0390921549838,1.0,417.7631697061223,601.3971652315934,1.0,449.9971401379771,615.4308634409236,1.0,451.8879295899766,610.4944040322067,1.0,425.0272513997065,598.4766265954374,1.0,435.6748823595464,618.3048932890101,1.0,426.42403263346233,620.488379213756,1.0,411.0740017789524,613.144151683182,1.0,1.0,6.933333333333334,438.2754722326918,370.31288613825376,False,451.5131493136721,380.7373090080743,False,395.7054018832578,386.5038314520946,False,459.816069791065,421.3802154222834,False,385.7524161487893,432.75974210868,False,455.6989163466866,452.32223638975256,False,422.7304724469375,455.3662284392348,False,445.6273904410335,467.0292171222573,False,413.2180523314401,468.68768536069547,False,457.7761856442832,532.358685021363,False,421.5604564725488,535.376342496115,False,432.7791094459711,589.0390921549838,False,417.7631697061223,601.3971652315934,False,True,109.29616571733226,145.6671596600993,169.57780965951122
417,417,6.95,6.95,Sports2D_HALPE26_postprocessed,438.24116046674806,370.04990384566736,1.0,452.926399970283,380.7842157402467,1.0,394.8448522883224,386.51544447914034,1.0,460.5976776613964,421.12795813005846,1.0,385.5870526428228,431.979113264769,1.0,455.3922875179256,450.7132846107261,1.0,422.3835717477783,453.7952556567758,1.0,446.27850041962745,467.13868125914985,1.0,414.5896031372274,468.1173176730607,1.0,459.15142086968734,532.0750954655764,1.0,421.2829428693348,535.3254908375202,1.0,435.7038523620529,588.4779236118724,1.0,417.6527721538867,600.5872058652435,1.0,452.527757411814,615.6036894603637,1.0,454.4577929586995,610.685565754972,1.0,426.6112082613448,598.4144263629564,1.0,435.5193562658587,618.3784663789309,1.0,426.5929265746985,620.6940978527437,1.0,411.47417598728464,612.7240329221623,1.0,1.0,6.95,438.24116046674806,370.04990384566736,False,452.926399970283,380.7842157402467,False,394.8448522883224,386.51544447914034,False,460.5976776613964,421.12795813005846,False,385.5870526428228,431.979113264769,False,455.3922875179256,450.7132846107261,False,422.3835717477783,453.7952556567758,False,446.27850041962745,467.13868125914985,False,414.5896031372274,468.1173176730607,False,459.15142086968734,532.0750954655764,False,421.2829428693348,535.3254908375202,False,435.7038523620529,588.4779236118724,False,417.6527721538867,600.5872058652435,False,True,109.15329366199809,146.21367874901716,171.128814769692
418,418,6.966666666666667,6.966666666666667,Sports2D_HALPE26_postprocessed,438.9512254273087,370.4293551823472,1.0,453.8969633140805,380.7395704167877,1.0,394.6774550858975,386.432330512389,1.0,461.9032209128597,421.3291316644486,1.0,385.3271183071552,431.38059156113934,1.0,455.35109415754727,449.9784787566847,1.0,421.7866955676676,452.9121547360798,1.0,446.7980825119064,467.28560218658095,1.0,415.6130598969028,468.2055992932702,1.0,459.3053987010393,531.8143060744281,1.0,420.96920209088137,535.8203462409033,1.0,437.73731360822006,588.10304700678,1.0,417.6141884466382,600.2020163268764,1.0,454.95210821878703,615.8635882765096,1.0,457.37884984489233,610.85481336269,1.0,427.69815543128544,598.4523166101243,1.0,435.5557732967733,618.4115123070258,1.0,426.8249037824796,620.8646946473939,1.0,411.4790157300392,612.494946414702,1.0,1.0,6.966666666666667,438.9512254273087,370.4293551823472,False,453.8969633140805,380.7395704167877,False,394.6774550858975,386.432330512389,False,461.9032209128597,421.3291316644486,False,385.3271183071552,431.38059156113934,False,455.35109415754727,449.9784787566847,False,421.7866955676676,452.9121547360798,False,446.7980825119064,467.28560218658095,False,415.6130598969028,468.2055992932702,False,459.3053987010393,531.8143060744281,False,420.96920209088137,535.8203462409033,False,437.73731360822006,588.10304700678,False,417.6141884466382,600.2020163268764,False,True,108.81306835543795,148.06535736603487,172.48767873853217
419,419,6.983333333333333,6.983333333333333,Sports2D_HALPE26_postprocessed,439.6563759154383,370.6258386824114,1.0,455.0166043712119,381.1047229507755,1.0,395.0698263467893,386.509829510844,1.0,463.0857883472334,421.5878036592625,1.0,385.21336923362935,431.1937633698303,1.0,455.5171257664856,449.57507444428927,1.0,422.326467196138,452.0596223301069,1.0,447.8216077395928,467.4496212644017,1.0,416.65482910084506,468.6396958607478,1.0,460.27084038647513,531.575924241993,1.0,420.923251988206,536.4106710420424,1.0,442.042951400727,588.5264031249869,1.0,417.6717026964569,600.6241306116534,1.0,458.4125038607869,615.9356295870425,1.0,462.1739225399408,611.1181620539542,1.0,431.9679828124133,598.9377547056497,1.0,435.5269097930921,618.4025234520411,1.0,426.8575438473442,621.0944275794162,1.0,411.8384948292984,612.671610399855,1.0,1.0,6.983333333333333,439.6563759154383,370.6258386824114,False,455.0166043712119,381.1047229507755,False,395.0698263467893,386.509829510844,False,463.0857883472334,421.5878036592625,False,385.21336923362935,431.1937633698303,False,455.5171257664856,449.57507444428927,False,422.326467196138,452.0596223301069,False,447.8216077395928,467.4496212644017,False,416.65482910084506,468.6396958607478,False,460.27084038647513,531.575924241993,False,420.923251988206,536.4106710420424,False,442.042951400727,588.5264031249869,False,417.6717026964569,600.6241306116534,False,True,106.90651754633382,151.2654005362517,173.49731143650416
420,420,7.0,7.0,Sports2D_HALPE26_postprocessed,440.5738355019424,370.9357023437013,1.0,455.96354371042594,381.38469082676215,1.0,395.5638549379096,386.6904567262149,1.0,464.1492498762188,422.6098490471875,1.0,385.1139017215483,430.71451601446927,1.0,455.6360327478737,449.0600248999008,1.0,422.1824409465834,451.0516476554857,1.0,448.33043478500485,467.0647180803408,1.0,417.1485986333778,468.6656780957513,1.0,460.4230819324019,531.6185671218951,1.0,420.64828423956135,536.7489150205232,1.0,444.1054390270524,589.5068907465273,1.0,417.6808842128228,601.0674244707911,1.0,460.85070561374295,616.0589096899313,1.0,464.24312023066153,611.4521169977156,1.0,434.0352401480498,600.1440785966638,1.0,435.550450439208,618.4412482000548,1.0,426.9353963490205,621.2839588924185,1.0,412.1599493681284,612.9302834564637,1.0,1.0,7.0,440.5738355019424,370.9357023437013,False,455.96354371042594,381.38469082676215,False,395.5638549379096,386.6904567262149,False,464.1492498762188,422.6098490471875,False,385.1139017215483,430.71451601446927,False,455.6360327478737,449.0600248999008,False,422.1824409465834,451.0516476554857,False,448.33043478500485,467.0647180803408,False,417.1485986333778,468.6656780957513,False,460.4230819324019,531.6185671218951,False,420.64828423956135,536.7489150205232,False,444.1054390270524,589.5068907465273,False,417.6808842128228,601.0674244707911,False,True,105.39763298510579,153.64778965632044,174.41588633138227
421,421,7.016666666666667,7.016666666666667,Sports2D_HALPE26_postprocessed,441.1013949745017,371.7659890151284,1.0,456.07391563134894,381.5936173522017,1.0,396.4019390009864,386.81244000580034,1.0,465.5221902441356,422.8589308543108,1.0,384.8126307150176,430.4891136970974,1.0,456.3661124675403,448.88044733391,1.0,422.34716610042767,450.6279429662012,1.0,448.3913360838563,466.6496319833749,1.0,417.193372832788,468.6638248143432,1.0,460.8439495662161,531.5587033205227,1.0,420.5745548418586,536.8549488352584,1.0,446.4614262868544,590.3506935018786,1.0,417.68297320142807,601.0262000826398,1.0,462.3795927404457,616.4322321077937,1.0,466.15774478149297,612.2312765520968,1.0,436.8573647079825,600.6699421719007,1.0,435.6008178962058,618.5337921988238,1.0,427.1111243645468,621.4372726613179,1.0,412.0056944506072,612.9896439132949,1.0,1.0,7.016666666666667,441.1013949745017,371.7659890151284,False,456.07391563134894,381.5936173522017,False,396.4019390009864,386.81244000580034,False,465.5221902441356,422.8589308543108,False,384.8126307150176,430.4891136970974,False,456.3661124675403,448.88044733391,False,422.34716610042767,450.6279429662012,False,448.3913360838563,466.6496319833749,False,417.193372832788,468.6638248143432,False,460.8439495662161,531.5587033205227,False,420.5745548418586,536.8549488352584,False,446.4614262868544,590.3506935018786,False,417.68297320142807,601.0262000826398,False,True,103.35479745583406,155.39340755045257,174.58135152429827
422,422,7.033333333333333,7.033333333333333,Sports2D_HALPE26_postprocessed,441.56417589071646,371.95000972092106,1.0,456.87436304401183,381.93913831439977,1.0,397.0536253474368,386.8436233774938,1.0,466.82765588915134,423.181414291376,1.0,384.7748979796317,430.4388572829409,1.0,456.0169757053135,449.2848171137431,1.0,422.6010780551389,450.2086777193398,1.0,448.7838518723588,466.38212602127015,1.0,417.28407673598633,468.59815573213626,1.0,461.24228436074776,531.3718784313286,1.0,420.5871453081836,537.3378223471644,1.0,448.7961733024084,591.4777602842593,1.0,417.7087785414727,601.4346691864029,1.0,465.009536726005,616.8146858544297,1.0,468.3920814407366,612.5622716393023,1.0,439.7396097977119,602.0435753624997,1.0,435.5374759278874,618.6327198746441,1.0,426.9395906622135,621.6090123696433,1.0,411.9663437527631,613.337831972564,1.0,1.0,7.033333333333333,441.56417589071646,371.95000972092106,False,456.87436304401183,381.93913831439977,False,397.0536253474368,386.8436233774938,False,466.82765588915134,423.181414291376,False,384.7748979796317,430.4388572829409,False,456.0169757053135,449.2848171137431,False,422.6010780551389,450.2086777193398,False,448.7838518723588,466.38212602127015,False,417.28407673598633,468.59815573213626,False,461.24228436074776,531.3718784313286,False,420.5871453081836,537.3378223471644,False,448.7961733024084,591.4777602842593,False,417.7087785414727,601.4346691864029,False,True,101.86374781612359,157.44925476592766,174.67772051043505
423,423,7.05,7.05,Sports2D_HALPE26_postprocessed,442.3017088122533,372.4209298523807,1.0,458.0756580500095,382.4413363145131,1.0,397.8717117396085,387.1104138070677,1.0,468.0690232562242,424.04867647839336,1.0,384.9345295595128,430.3086983754114,1.0,456.6764802791396,447.621464961181,1.0,423.2473067042135,449.32754849589526,1.0,449.5190670440793,466.0077253542489,1.0,417.9239654822152,468.6216370950783,1.0,461.9357161872849,531.0097631193589,1.0,420.7219767847087,537.2447415993905,1.0,451.46965194585647,592.3617403560991,1.0,417.80029766071976,601.7098439638095,1.0,466.68831198593927,616.7593865934016,1.0,470.5488008489756,612.5827492703193,1.0,443.87853013916737,603.3311804576638,1.0,435.41709557339647,618.7071676212862,1.0,426.8765191106581,621.6453267150532,1.0,411.936482251722,613.549823626906,1.0,1.0,7.05,442.3017088122533,372.4209298523807,False,458.0756580500095,382.4413363145131,False,397.8717117396085,387.1104138070677,False,468.0690232562242,424.04867647839336,False,384.9345295595128,430.3086983754114,False,456.6764802791396,447.621464961181,False,423.2473067042135,449.32754849589526,False,449.5190670440793,466.0077253542489,False,417.9239654822152,468.6216370950783,False,461.9357161872849,531.0097631193589,False,420.7219767847087,537.2447415993905,False,451.46965194585647,592.3617403560991,False,417.80029766071976,601.7098439638095,False,True,99.7281656099801,159.50474739280574,175.07016167596188
424,424,7.066666666666666,7.066666666666666,Sports2D_HALPE26_postprocessed,443.1849385951498,372.9662760350701,1.0,459.42291289502543,382.9892601808875,1.0,398.8327932541383,387.244110926611,1.0,469.45789532481206,424.7416884492162,1.0,385.03286579564553,430.07513615008463,1.0,457.9280247108752,446.3023102614013,1.0,423.2215960211834,448.6360515272363,1.0,450.3851239548568,466.0272985345209,1.0,418.1089985263043,468.70459376653366,1.0,462.450764348887,530.639976531547,1.0,420.4614196961972,537.5918901975937,1.0,454.2523248174329,593.1572872078883,1.0,417.8597253415351,602.1443352897426,1.0,467.62264483743394,616.5390521696513,1.0,472.38010899329487,612.6241617528308,1.0,448.938380189155,604.4968021525518,1.0,435.2169045443742,618.7748121172425,1.0,426.6453229577029,621.7250928457279,1.0,412.1920235806624,613.663542220696,1.0,1.0,7.066666666666666,443.1849385951498,372.9662760350701,False,459.42291289502543,382.9892601808875,False,398.8327932541383,387.244110926611,False,469.45789532481206,424.7416884492162,False,385.03286579564553,430.07513615008463,False,457.9280247108752,446.3023102614013,False,423.2215960211834,448.6360515272363,False,450.3851239548568,466.0272985345209,False,418.1089985263043,468.70459376653366,False,462.450764348887,530.639976531547,False,420.4614196961972,537.5918901975937,False,454.2523248174329,593.1572872078883,False,417.8597253415351,602.1443352897426,False,True,98.06253595203809,161.9514669484619,175.736200041458
425,425,7.083333333333333,7.083333333333333,Sports2D_HALPE26_postprocessed,443.8495488448352,373.6276663251506,1.0,460.4886687363087,383.65155248423497,1.0,399.6174532657578,387.3888833089114,1.0,471.32599295898376,424.267035471022,1.0,385.1738955438993,429.8132254933638,1.0,459.48263909252194,445.5687776902395,1.0,422.9876465470055,447.1924374110812,1.0,450.9747926733378,466.159120565027,1.0,419.0439133190183,468.7199438876062,1.0,463.4537453070794,530.8732983064267,1.0,420.2657027777662,537.7985158905387,1.0,456.34562016943374,594.1697316796399,1.0,417.83589385198064,602.3420145920983,1.0,468.6977050806954,616.1964218599227,1.0,473.8955510379667,612.5941497559194,1.0,451.0646957941048,605.2339412685654,1.0,435.0243539617254,618.7637795051558,1.0,426.4772204142679,621.7663759383764,1.0,412.4177160887449,613.7879025970731,1.0,1.0,7.083333333333333,443.8495488448352,373.6276663251506,False,460.4886687363087,383.65155248423497,False,399.6174532657578,387.3888833089114,False,471.32599295898376,424.267035471022,False,385.1738955438993,429.8132254933638,False,459.48263909252194,445.5687776902395,False,422.9876465470055,447.1924374110812,False,450.9747926733378,466.159120565027,False,419.0439133190183,468.7199438876062,False,463.4537453070794,530.8732983064267,False,420.2657027777662,537.7985158905387,False,456.34562016943374,594.1697316796399,False,417.83589385198064,602.3420145920983,False,True,95.88215463497814,162.6781034385505,176.83077519453747
426,426,7.1,7.1,Sports2D_HALPE26_postprocessed,444.6718382809445,373.8978723583099,1.0,461.68798636848805,384.13427030668623,1.0,400.27643512401295,387.50940753534695,1.0,472.5755115931694,424.7042194015804,1.0,385.44009195103735,429.6733831593865,1.0,460.3998375422388,445.2176492909495,1.0,423.2979877187205,445.276797601536,1.0,451.37627690896346,466.1307422782554,1.0,419.2168417010396,468.4960572146324,1.0,464.56317945177454,531.0045374382737,1.0,420.50474665680673,537.6369316938166,1.0,459.41757805585615,595.4824197320168,1.0,417.85568653796753,602.575394788244,1.0,470.754061464872,615.8661714904304,1.0,475.949899768428,612.5414178887747,1.0,453.3183521448154,607.6155570026804,1.0,435.01593081025953,618.7135861143074,1.0,426.47455237108,621.8878418806097,1.0,412.5192839088111,614.0419420702556,1.0,1.0,7.1,444.6718382809445,373.8978723583099,False,461.68798636848805,384.13427030668623,False,400.27643512401295,387.50940753534695,False,472.5755115931694,424.7042194015804,False,385.44009195103735,429.6733831593865,False,460.3998375422388,445.2176492909495,False,423.2979877187205,445.276797601536,False,451.37627690896346,466.1307422782554,False,419.2168417010396,468.4960572146324,False,464.56317945177454,531.0045374382737,False,420.50474665680673,537.6369316938166,False,459.41757805585615,595.4824197320168,False,417.85568653796753,602.575394788244,False,True,93.01380563079714,163.94725490919902,176.59686616766393
427,427,7.116666666666666,7.116666666666666,Sports2D_HALPE26_postprocessed,445.57604822242126,374.8294418781244,1.0,462.6614730152042,384.3854104113993,1.0,401.5753928669738,387.80790149543833,1.0,473.9745404184253,424.2811824326386,1.0,386.2522149494771,429.7356791036957,1.0,462.5414821294816,444.7691494080164,1.0,424.10466148067263,444.7481472655088,1.0,452.22601891700094,466.2546359977066,1.0,419.6838964524146,468.4003559683872,1.0,465.07705377603537,531.0085044282846,1.0,420.606952720633,537.7739041478774,1.0,461.7725667488359,596.5094323932817,1.0,418.0264770800727,602.8198010046217,1.0,472.3399907428743,615.548550458914,1.0,477.504450263188,612.5254140527402,1.0,456.0803668675906,608.5860232344738,1.0,435.2799801510596,618.6932306955944,1.0,426.6136805600393,621.9255936167749,1.0,412.5662863319243,614.3447838295373,1.0,1.0,7.116666666666666,445.57604822242126,374.8294418781244,False,462.6614730152042,384.3854104113993,False,401.5753928669738,387.80790149543833,False,473.9745404184253,424.2811824326386,False,386.2522149494771,429.7356791036957,False,462.5414821294816,444.7691494080164,False,424.10466148067263,444.7481472655088,False,452.22601891700094,466.2546359977066,False,419.6838964524146,468.4003559683872,False,465.07705377603537,531.0085044282846,False,420.606952720633,537.7739041478774,False,461.7725667488359,596.5094323932817,False,418.0264770800727,602.8198010046217,False,True,91.55788222300784,165.88685653987588,176.96586594433964
428,428,7.133333333333333,7.133333333333333,Sports2D_HALPE26_postprocessed,446.2684871864757,375.2347994761979,1.0,464.12807688189775,384.55243556102033,1.0,402.1195931790404,387.890518685902,1.0,475.906905116568,424.96770468046856,1.0,386.8853014785613,429.7609382610513,1.0,463.92269218454567,444.53494708524215,1.0,424.9073617622848,444.1913629842193,1.0,452.9189217860976,466.2178904846437,1.0,420.4072241042315,468.2678976070191,1.0,465.6800729076916,530.6629815991228,1.0,420.8079268783639,537.2571880246721,1.0,463.8396607588403,597.5764401336749,1.0,418.0806736630989,602.8002727709942,1.0,475.7138805924245,615.3205824745378,1.0,480.8417708400136,612.5392071507342,1.0,458.1785600660302,611.7639688526399,1.0,435.2194405076893,618.7095573583276,1.0,426.6658451083147,621.9858174913679,1.0,412.57400212279776,614.8883439959552,1.0,1.0,7.133333333333333,446.2684871864757,375.2347994761979,False,464.12807688189775,384.55243556102033,False,402.1195931790404,387.890518685902,False,475.906905116568,424.96770468046856,False,386.8853014785613,429.7609382610513,False,463.92269218454567,444.53494708524215,False,424.9073617622848,444.1913629842193,False,452.9189217860976,466.2178904846437,False,420.4072241042315,468.2678976070191,False,465.6800729076916,530.6629815991228,False,420.8079268783639,537.2571880246721,False,463.8396607588403,597.5764401336749,False,418.0806736630989,602.8002727709942,False,True,90.78953859983856,167.22393190886046,177.2845114258888
429,429,7.15,7.15,Sports2D_HALPE26_postprocessed,446.7705223542789,376.35152389555,1.0,465.0129154168711,384.8275839295849,1.0,403.2372141680885,388.16903037875466,1.0,477.6315615428204,425.5361132758375,1.0,387.6965182614954,429.8997278289019,1.0,464.4504864241583,444.6902674652591,1.0,425.2424491420836,443.7334962742951,1.0,453.79663606255457,466.02165487585887,1.0,421.0417211860671,468.2483080071468,1.0,466.3048634842587,530.730530070902,1.0,420.9600984930672,537.2232155265383,1.0,466.0600878188882,598.0225929717423,1.0,418.19428552478826,602.7929498715193,1.0,478.7162702315817,614.4690391602621,1.0,483.8264742305329,612.2460699827794,1.0,460.4906652333475,613.2540712718785,1.0,435.3207820924744,618.6901814300754,1.0,426.4817432499461,621.9314217459214,1.0,412.9777838941322,615.548002020129,1.0,1.0,7.15,446.7705223542789,376.35152389555,False,465.0129154168711,384.8275839295849,False,403.2372141680885,388.16903037875466,False,477.6315615428204,425.5361132758375,False,387.6965182614954,429.8997278289019,False,464.4504864241583,444.6902674652591,False,425.2424491420836,443.7334962742951,False,453.79663606255457,466.02165487585887,False,421.0417211860671,468.2483080071468,False,466.3048634842587,530.730530070902,False,420.9600984930672,537.2232155265383,False,466.0600878188882,598.0225929717423,False,418.19428552478826,602.7929498715193,False,True,89.8007269344307,168.85124092299242,177.65242654161685
430,430,7.166666666666667,7.166666666666667,Sports2D_HALPE26_postprocessed,447.36537798204654,377.3582994845413,1.0,465.9807366913208,385.3159744758925,1.0,404.35528676685806,388.8857806428071,1.0,479.4725663672704,426.4237712903083,1.0,388.4638323847474,430.3948222700845,1.0,464.5970868489014,445.0741228947608,1.0,425.7990755560787,443.5959679719471,1.0,454.7330764979413,466.1264446591176,1.0,421.6602889557461,468.3262729793223,1.0,466.0722968331898,530.9636011396597,1.0,421.1041037071005,537.2071179304173,1.0,468.01155666338025,598.3034928014581,1.0,418.338827037271,602.9329449970064,1.0,480.16220800670783,612.5351858112595,1.0,485.4107402635183,611.9159308716125,1.0,463.2985656528895,614.4542907888184,1.0,435.275046179465,618.7186831133531,1.0,426.1011901281472,621.9667744877755,1.0,413.2734439355836,615.8914944165182,1.0,1.0,7.166666666666667,447.36537798204654,377.3582994845413,False,465.9807366913208,385.3159744758925,False,404.35528676685806,388.8857806428071,False,479.4725663672704,426.4237712903083,False,388.4638323847474,430.3948222700845,False,464.5970868489014,445.0741228947608,False,425.7990755560787,443.5959679719471,False,454.7330764979413,466.1264446591176,False,421.6602889557461,468.3262729793223,False,466.0722968331898,530.9636011396597,False,421.1041037071005,537.2071179304173,False,468.01155666338025,598.3034928014581,False,418.338827037271,602.9329449970064,False,True,88.52377622135184,171.72955119175901,178.05345122278123
431,431,7.183333333333334,7.183333333333334,Sports2D_HALPE26_postprocessed,448.68088977663047,378.3385855433933,1.0,467.3476840546214,386.2113929658,1.0,404.9661215696011,389.51929157540496,1.0,481.3376913535857,428.0371135730453,1.0,389.0676554663792,430.7026608822958,1.0,465.14439200592847,445.7380378097357,1.0,426.3928922385526,443.7111349884683,1.0,455.27958039121415,466.093574285164,1.0,422.1916374263739,468.2181178145584,1.0,466.413693481258,531.1843581128801,1.0,421.35165189187927,537.2033042581144,1.0,470.3184269914616,598.6391249616541,1.0,418.4580006058606,603.1731930231585,1.0,483.1468226573762,611.6608336338217,1.0,487.7170175013641,611.407378179366,1.0,465.7131276415296,615.1917942222375,1.0,435.2559623254828,618.7397191470291,1.0,425.9750304777908,621.9610453802101,1.0,413.71457563034096,616.2548163759175,1.0,1.0,7.183333333333334,448.68088977663047,378.3385855433933,False,467.3476840546214,386.2113929658,False,404.9661215696011,389.51929157540496,False,481.3376913535857,428.0371135730453,False,389.0676554663792,430.7026608822958,False,465.14439200592847,445.7380378097357,False,426.3928922385526,443.7111349884683,False,455.27958039121415,466.093574285164,False,422.1916374263739,468.2181178145584,False,466.413693481258,531.1843581128801,False,421.35165189187927,537.2033042581144,False,470.3184269914616,598.6391249616541,False,418.4580006058606,603.1731930231585,False,True,88.10567784517347,173.60617416867422,178.18605005528818
432,432,7.2,7.2,Sports2D_HALPE26_postprocessed,450.035585382562,379.1861000559096,1.0,468.7177192409217,387.09260109611535,1.0,406.3444875830199,390.028381424674,1.0,483.0968981892402,428.4921971099629,1.0,390.3654539172719,431.1780638275129,1.0,467.4567959267271,445.6206807776584,1.0,427.897453100056,442.9493737007739,1.0,456.0840877663039,466.2807331674398,1.0,423.078565922824,468.3318365838445,1.0,466.4861794933201,531.8454713405407,1.0,421.5965632222504,537.3124050171384,1.0,472.15248679456965,598.649083277033,1.0,418.8012727830573,603.1122295560626,1.0,483.6163362278585,610.119982046364,1.0,489.2582561029397,610.432619865652,1.0,468.3710735488376,615.5279599188715,1.0,435.2527401883593,618.767239844083,1.0,425.7107465384155,621.883518780473,1.0,414.192488330466,616.1902812840185,1.0,1.0,7.2,450.035585382562,379.1861000559096,False,468.7177192409217,387.09260109611535,False,406.3444875830199,390.028381424674,False,483.0968981892402,428.4921971099629,False,390.3654539172719,431.1780638275129,False,467.4567959267271,445.6206807776584,False,427.897453100056,442.9493737007739,False,456.0840877663039,466.2807331674398,False,423.078565922824,468.3318365838445,False,466.4861794933201,531.8454713405407,False,421.5965632222504,537.3124050171384,False,472.15248679456965,598.649083277033,False,418.8012727830573,603.1122295560626,False,True,86.19126502010164,175.83319253601059,178.7982120143718
433,433,7.216666666666667,7.216666666666667,Sports2D_HALPE26_postprocessed,451.3367779061082,380.2190885304103,1.0,470.8915579750968,388.4548961372136,1.0,408.1595316906483,390.57872888844514,1.0,484.84372241527416,429.3608417152487,1.0,391.02256051164,431.565609261653,1.0,468.2328133427711,446.151206464699,1.0,427.7541078446214,443.0123838271021,1.0,456.60802734564857,466.6381227761599,1.0,424.0029222098134,468.5213507024182,1.0,467.2262030502615,531.6565099668821,1.0,422.2965997191978,537.2593492177573,1.0,473.9501509967216,597.6163903630616,1.0,419.1803838257294,602.8531483855642,1.0,484.1087099817815,608.4779600790542,1.0,490.6892636897808,609.4964045181963,1.0,470.1865735341447,615.3766658927129,1.0,435.29552522616166,618.9324124832629,1.0,425.3253808340315,621.8758019342049,1.0,414.5954869588553,615.959422177268,1.0,1.0,7.216666666666667,451.3367779061082,380.2190885304103,False,470.8915579750968,388.4548961372136,False,408.1595316906483,390.57872888844514,False,484.84372241527416,429.3608417152487,False,391.02256051164,431.565609261653,False,468.2328133427711,446.151206464699,False,427.7541078446214,443.0123838271021,False,456.60802734564857,466.6381227761599,False,424.0029222098134,468.5213507024182,False,467.2262030502615,531.6565099668821,False,422.2965997191978,537.2593492177573,False,473.9501509967216,597.6163903630616,False,419.1803838257294,602.8531483855642,False,True,84.61854605512889,176.54550751003245,178.70204341921584
434,434,7.233333333333333,7.233333333333333,Sports2D_HALPE26_postprocessed,452.1650984566216,381.5359465888152,1.0,472.9719373933846,389.7435614773664,1.0,409.83361589155055,390.8777019791536,1.0,486.4976707043512,430.4307109780704,1.0,392.1749320859212,431.8465863873355,1.0,470.48917810101926,446.4766882162696,1.0,427.6265356020823,442.730253288039,1.0,458.0975824988524,467.057602989796,1.0,425.135816782004,468.6649968066852,1.0,467.903851648982,531.6711063534028,1.0,422.7650814525085,537.3377014902591,1.0,475.49978395712026,597.5988978544732,1.0,419.239911646567,603.0802234415928,1.0,484.5699904089006,607.0180317148471,1.0,491.0436831967023,608.4793326038398,1.0,471.7629822155587,615.8131199974243,1.0,435.5228454650627,619.0022250730462,1.0,425.2551393693374,621.7930870416071,1.0,414.61864441104535,615.7934610054546,1.0,1.0,7.233333333333333,452.1650984566216,381.5359465888152,False,472.9719373933846,389.7435614773664,False,409.83361589155055,390.8777019791536,False,486.4976707043512,430.4307109780704,False,392.1749320859212,431.8465863873355,False,470.48917810101926,446.4766882162696,False,427.6265356020823,442.730253288039,False,458.0975824988524,467.057602989796,False,425.135816782004,468.6649968066852,False,467.903851648982,531.6711063534028,False,422.7650814525085,537.3377014902591,False,475.49978395712026,597.5988978544732,False,419.239911646567,603.0802234415928,False,True,83.74918935108423,177.94259119118487,178.9078842775694
435,435,7.25,7.25,Sports2D_HALPE26_postprocessed,453.3549510290768,382.53974245938855,1.0,474.28497238798025,390.5729719153711,1.0,410.8686958982141,391.29678680397217,1.0,488.1632120560044,430.7564182807894,1.0,393.1593804698041,432.2970463660959,1.0,471.099298792752,447.3445018140751,1.0,427.93896845283865,442.9849471410639,1.0,458.9841966379086,467.5248959516663,1.0,425.67288298999546,468.916680704295,1.0,468.27586137994655,531.7674251601425,1.0,423.22377907121336,537.4780466004603,1.0,476.2506382597305,597.8662853521116,1.0,419.5115569015058,603.5260915602537,1.0,484.5065782149629,607.0558869047625,1.0,491.0010861854571,608.4588755565619,1.0,472.6409629030512,616.3260148085219,1.0,435.6613906263651,619.2359294635954,1.0,425.212645357686,621.7749107584334,1.0,414.9102525773815,616.0764821787845,1.0,1.0,7.25,453.3549510290768,382.53974245938855,False,474.28497238798025,390.5729719153711,False,410.8686958982141,391.29678680397217,False,488.1632120560044,430.7564182807894,False,393.1593804698041,432.2970463660959,False,471.099298792752,447.3445018140751,False,427.93896845283865,442.9849471410639,False,458.9841966379086,467.5248959516663,False,425.67288298999546,468.916680704295,False,468.27586137994655,531.7674251601425,False,423.22377907121336,537.4780466004603,False,476.2506382597305,597.8662853521116,False,419.5115569015058,603.5260915602537,False,True,83.72134311162095,178.6495837938725,178.82889457818337
436,436,7.266666666666667,7.266666666666667,Sports2D_HALPE26_postprocessed,453.8830895042792,383.5272696835348,1.0,475.5754941483437,391.4856286914388,1.0,412.6618537411542,391.83057515124335,1.0,489.4449022809406,431.5751836870273,1.0,394.2197169958051,432.7540093930858,1.0,472.3744153360396,448.2369264196988,1.0,428.4732365454793,443.0175721120093,1.0,459.82552818241993,468.7013141169,1.0,426.5793180147351,469.47600301463217,1.0,468.6230275912254,532.5514060367007,1.0,423.75632213344096,537.9193695294352,1.0,476.6648010503851,598.861016045914,1.0,419.60096464746806,603.7242679170931,1.0,484.583394095502,607.6412302343895,1.0,491.06165278954825,608.9037643916824,1.0,473.6164300923372,616.7447200408441,1.0,435.70225911898063,619.1966909547585,1.0,425.2009914433704,621.6484941586425,1.0,414.99128267193663,615.9102790402729,1.0,1.0,7.266666666666667,453.8830895042792,383.5272696835348,False,475.5754941483437,391.4856286914388,False,412.6618537411542,391.83057515124335,False,489.4449022809406,431.5751836870273,False,394.2197169958051,432.7540093930858,False,472.3744153360396,448.2369264196988,False,428.4732365454793,443.0175721120093,False,459.82552818241993,468.7013141169,False,426.5793180147351,469.47600301463217,False,468.6230275912254,532.5514060367007,False,423.75632213344096,537.9193695294352,False,476.6648010503851,598.861016045914,False,419.60096464746806,603.7242679170931,False,True,82.42137239357587,179.0698150179387,178.7486290804417
437,437,7.283333333333333,7.283333333333333,Sports2D_HALPE26_postprocessed,454.9287452183448,384.2237258677475,1.0,477.0395200657426,392.1827047865804,1.0,413.8542546166836,392.4078684809718,1.0,490.9478456889307,432.0472552038518,1.0,395.7699830317202,433.0257252608287,1.0,474.2561388944877,448.5966811174992,1.0,430.2577348076087,442.937967992486,1.0,460.5140480431317,469.2925789674703,1.0,427.6408563080343,469.9608809150654,1.0,468.8689085200119,533.6998191809926,1.0,424.7512749858019,538.0861194329353,1.0,477.1457372326997,600.5661033526919,1.0,419.5212941026132,603.8431104992833,1.0,483.9259504182491,609.7726502259152,1.0,490.7142242947221,609.9909867432171,1.0,473.4935829727151,616.9841657021905,1.0,435.6126479657124,619.341667964125,1.0,425.17611392819225,621.6463964400463,1.0,414.8635987508799,615.8089681600615,1.0,1.0,7.283333333333333,454.9287452183448,384.2237258677475,False,477.0395200657426,392.1827047865804,False,413.8542546166836,392.4078684809718,False,490.9478456889307,432.0472552038518,False,395.7699830317202,433.0257252608287,False,474.2561388944877,448.5966811174992,False,430.2577348076087,442.937967992486,False,460.5140480431317,469.2925789674703,False,427.6408563080343,469.9608809150654,False,468.8689085200119,533.6998191809926,False,424.7512749858019,538.0861194329353,False,477.1457372326997,600.5661033526919,False,419.5212941026132,603.8431104992833,False,True,82.03531822853634,179.66518742763202,177.88134017664515
438,438,7.3,7.3,Sports2D_HALPE26_postprocessed,456.15057427586095,384.68659112992,1.0,477.90010805106107,392.5627570148352,1.0,414.9543519663937,392.74494946412665,1.0,492.56703923566135,432.89507154208616,1.0,396.9519018721972,433.2504554858671,1.0,475.49208351593614,449.01732506558335,1.0,431.3931011135553,443.38974901076745,1.0,461.70536526952617,469.75032986287806,1.0,428.2530712821184,470.55429397298894,1.0,469.5787065461044,534.8822706556857,1.0,425.3866394690541,537.971862463901,1.0,477.3287974113939,601.7202317330601,1.0,419.7995845390163,604.3902082750088,1.0,483.5494905795723,611.3504772026752,1.0,490.37297710863527,612.8276854066288,1.0,473.8133394190764,616.4421775069925,1.0,435.484712799308,619.3749485581666,1.0,424.7721728028556,621.460080421309,1.0,414.90416911518815,615.5497378407849,1.0,1.0,7.3,456.15057427586095,384.68659112992,False,477.90010805106107,392.5627570148352,False,414.9543519663937,392.74494946412665,False,492.56703923566135,432.89507154208616,False,396.9519018721972,433.2504554858671,False,475.49208351593614,449.01732506558335,False,431.3931011135553,443.38974901076745,False,461.70536526952617,469.75032986287806,False,428.2530712821184,470.55429397298894,False,469.5787065461044,534.8822706556857,False,425.3866394690541,537.971862463901,False,477.3287974113939,601.7202317330601,False,419.7995845390163,604.3902082750088,False,True,82.44163697324491,179.7214655955543,177.62625914366086
439,439,7.316666666666666,7.316666666666666,Sports2D_HALPE26_postprocessed,456.5587153233757,385.11101786184656,1.0,479.46726633856815,392.9547300490016,1.0,416.8867390410728,392.5374747037772,1.0,494.19199176196224,433.5502527357911,1.0,398.5078148526506,433.3473076915753,1.0,476.1100249852509,449.5402532554416,1.0,432.95634458854335,443.80509598566215,1.0,462.4735935602208,469.5696685807352,1.0,429.3348009214664,470.1780341385501,1.0,470.21077834405673,535.3905830306395,1.0,426.094697998878,538.3473123608456,1.0,477.2612005466312,601.7323741015292,1.0,419.754218748783,604.0518797118257,1.0,482.8078982526309,614.0220807229339,1.0,490.0101711515503,613.949555303799,1.0,474.2376167408669,615.3640308209878,1.0,435.5372108714384,619.4016963879124,1.0,424.7103046926813,621.3609155907045,1.0,415.0353730355632,615.2730386660506,1.0,1.0,7.316666666666666,456.5587153233757,385.11101786184656,False,479.46726633856815,392.9547300490016,False,416.8867390410728,392.5374747037772,False,494.19199176196224,433.5502527357911,False,398.5078148526506,433.3473076915753,False,476.1100249852509,449.5402532554416,False,432.95634458854335,443.80509598566215,False,462.4735935602208,469.5696685807352,False,429.3348009214664,470.1780341385501,False,470.21077834405673,535.3905830306395,False,426.094697998878,538.3473123608456,False,477.2612005466312,601.7323741015292,False,419.754218748783,604.0518797118257,False,True,82.64242237223839,179.3619978410195,177.20926938802666
440,440,7.333333333333333,7.333333333333333,Sports2D_HALPE26_postprocessed,457.89732419893977,385.457145580684,1.0,480.93988290685536,393.2807304536477,1.0,418.0738936450965,392.6583802306629,1.0,495.6489819644421,434.17546429955576,1.0,400.0687680700208,433.4892448623712,1.0,475.5191127457066,451.1928664890153,1.0,434.4517417042832,444.0516407633671,1.0,463.4511378018432,469.3214636996885,1.0,430.3866935243769,469.8796754011694,1.0,470.3946226451128,535.785655062947,1.0,427.13233476555473,538.2874910854055,1.0,477.4190888082703,602.068206472813,1.0,419.8267391867705,603.8972232854403,1.0,482.08234916009474,615.7335145646501,1.0,489.7823816073525,614.8845697444962,1.0,475.2292181106285,614.5959003892999,1.0,435.3470532306326,619.2023306183464,1.0,424.46476839703325,621.0375189926859,1.0,414.88761038817375,614.7316787751181,1.0,1.0,7.333333333333333,457.89732419893977,385.457145580684,False,480.93988290685536,393.2807304536477,False,418.0738936450965,392.6583802306629,False,495.6489819644421,434.17546429955576,False,400.0687680700208,433.4892448623712,False,475.5191127457066,451.1928664890153,False,434.4517417042832,444.0516407633671,False,463.4511378018432,469.3214636996885,False,430.3866935243769,469.8796754011694,False,470.3946226451128,535.785655062947,False,427.13233476555473,538.2874910854055,False,477.4190888082703,602.068206472813,False,419.8267391867705,603.8972232854403,False,True,83.28090734264384,179.91454151549388,176.37000308864478
441,441,7.35,7.35,Sports2D_HALPE26_postprocessed,458.8064836549339,385.93100426015127,1.0,482.6250261249436,393.6890882292827,1.0,419.7451232625713,392.432744741299,1.0,497.3373652245588,434.7609947527701,1.0,401.3906945325794,433.3068010788917,1.0,475.8263700269671,451.5940815038002,1.0,435.3787681095477,444.1722808381677,1.0,464.33239342914334,469.0754819162252,1.0,431.2663416807501,469.5490760210118,1.0,470.76118954023343,535.8174299818301,1.0,428.3698905572051,538.294493773216,1.0,477.7801306442067,602.2941435705063,1.0,419.81451520795815,603.4650826154508,1.0,481.8256306777658,616.9237107376676,1.0,489.8629666115403,615.6260679254358,1.0,476.0332236429314,614.3656332872378,1.0,435.3590106231812,619.0356204608037,1.0,424.0562340859309,620.7091187697235,1.0,414.7767283762561,613.8869209870453,1.0,1.0,7.35,458.8064836549339,385.93100426015127,False,482.6250261249436,393.6890882292827,False,419.7451232625713,392.432744741299,False,497.3373652245588,434.7609947527701,False,401.3906945325794,433.3068010788917,False,475.8263700269671,451.5940815038002,False,435.3787681095477,444.1722808381677,False,464.33239342914334,469.0754819162252,False,431.2663416807501,469.5490760210118,False,470.76118954023343,535.8174299818301,False,428.3698905572051,538.294493773216,False,477.7801306442067,602.2941435705063,False,419.81451520795815,603.4650826154508,False,True,83.54591511181923,179.4746960014104,174.93378618973966
442,442,7.366666666666666,7.366666666666666,Sports2D_HALPE26_postprocessed,460.2367475147433,386.3049905222828,1.0,483.7428364771301,393.7829969840621,1.0,421.21170668463583,392.360088921661,1.0,498.473375031965,435.53599921803936,1.0,403.202339580712,433.2413723665821,1.0,476.782618581297,452.04781496025447,1.0,436.7747130916435,444.1773682377519,1.0,465.73092279454505,469.3626614113872,1.0,432.6492309773994,469.5422061544148,1.0,471.3530594324772,536.0135197186021,1.0,429.4146085462935,538.1265508619906,1.0,478.1083159033188,602.629665364411,1.0,420.13209952660185,602.4952114515095,1.0,481.62015903795685,617.8361438693497,1.0,489.73749995314,616.5619489151076,1.0,476.4904874458514,613.7490451589006,1.0,435.3815073074758,618.8315033051964,1.0,423.9709588694397,620.4860953126819,1.0,414.7708892120036,612.395163804601,1.0,1.0,7.366666666666666,460.2367475147433,386.3049905222828,False,483.7428364771301,393.7829969840621,False,421.21170668463583,392.360088921661,False,498.473375031965,435.53599921803936,False,403.202339580712,433.2413723665821,False,476.782618581297,452.04781496025447,False,436.7747130916435,444.1773682377519,False,465.73092279454505,469.3626614113872,False,432.6492309773994,469.5422061544148,False,471.3530594324772,536.0135197186021,False,429.4146085462935,538.1265508619906,False,478.1083159033188,602.629665364411,False,420.13209952660185,602.4952114515095,False,True,84.26784868579736,179.0312776157899,174.49425504976395
443,443,7.383333333333333,7.383333333333333,Sports2D_HALPE26_postprocessed,461.86033357293735,386.2262770809859,1.0,485.3091773441961,394.05599919572575,1.0,423.1331129681293,392.2419305952597,1.0,500.0209117397328,435.8842753784968,1.0,405.1685324608072,432.9209546067099,1.0,477.8897809953064,452.0963620835314,1.0,438.3402116735781,443.53569076932143,1.0,466.89770057757926,469.2882965259478,1.0,434.1420257142257,469.4504187384908,1.0,472.33810314624674,535.7886061679196,1.0,430.9018546938456,537.8005764224376,1.0,478.0794509350529,603.0281759978955,1.0,420.6443285759386,601.1247557371722,1.0,481.7395273195307,618.7219772889885,1.0,489.7840093242908,617.7659839021491,1.0,476.6427421080952,613.4799563883574,1.0,435.4030455769441,618.7352932178887,1.0,424.02848716289327,620.1767281677883,1.0,415.1235964247562,610.6368051333782,1.0,1.0,7.383333333333333,461.86033357293735,386.2262770809859,False,485.3091773441961,394.05599919572575,False,423.1331129681293,392.2419305952597,False,500.0209117397328,435.8842753784968,False,405.1685324608072,432.9209546067099,False,477.8897809953064,452.0963620835314,False,438.3402116735781,443.53569076932143,False,466.89770057757926,469.2882965259478,False,434.1420257142257,469.4504187384908,False,472.33810314624674,535.7886061679196,False,430.9018546938456,537.8005764224376,False,478.0794509350529,603.0281759978955,False,420.6443285759386,601.1247557371722,False,True,83.91725049426222,179.79651765844588,173.51300168552362
444,444,7.399999999999999,7.399999999999999,Sports2D_HALPE26_postprocessed,463.86384691675454,386.057472026926,1.0,486.5904840408791,394.28088969329895,1.0,424.3400383102737,392.0674522297341,1.0,500.8822820902904,435.8091174329495,1.0,406.7962177534747,432.61108342018616,1.0,478.68556538668594,452.3569678854267,1.0,439.9091361668435,443.0115668857539,1.0,468.0337304239782,469.47283539013415,1.0,434.9554297585111,469.4889637619174,1.0,472.72974377500566,535.6209150469995,1.0,432.0784871011506,537.5000807744752,1.0,478.23818692790775,603.1333717440893,1.0,420.651143604984,600.3324052853884,1.0,481.8615458180484,619.0400018604872,1.0,490.2124236625622,618.0647189346298,1.0,476.6882948822256,613.0338213238622,1.0,435.2046572914505,618.508187686158,1.0,423.89630972495473,619.809731922204,1.0,414.8932935892562,609.1798142652385,1.0,1.0,7.399999999999999,463.86384691675454,386.057472026926,False,486.5904840408791,394.28088969329895,False,424.3400383102737,392.0674522297341,False,500.8822820902904,435.8091174329495,False,406.7962177534747,432.61108342018616,False,478.68556538668594,452.3569678854267,False,439.9091361668435,443.0115668857539,False,468.0337304239782,469.47283539013415,False,434.9554297585111,469.4889637619174,False,472.72974377500566,535.6209150469995,False,432.0784871011506,537.5000807744752,False,478.23818692790775,603.1333717440893,False,420.651143604984,600.3324052853884,False,True,84.03821717347049,179.39623763903845,172.1144827227428
445,445,7.416666666666667,7.416666666666667,Sports2D_HALPE26_postprocessed,464.9714013685609,385.78129385158906,1.0,488.4634348909884,394.104934239348,1.0,425.6936420373573,391.6575001695852,1.0,502.3063865343208,435.5904689093186,1.0,408.6184273015737,432.1691734435134,1.0,479.7014321971355,452.234227508684,1.0,440.88716033021456,443.3464542610818,1.0,468.6593458152296,469.6666908705772,1.0,436.2779014475238,469.60348066798025,1.0,473.2676315198343,535.7253039726046,1.0,433.0479267051277,537.2182907684875,1.0,478.2834176415011,603.1722933837251,1.0,421.0032648040386,598.6239037451435,1.0,481.8590865047348,619.5011943242564,1.0,490.2879050013241,618.3502994105521,1.0,476.62541986074416,612.6625006128747,1.0,435.3086103935108,618.3684027424099,1.0,423.8389012818943,619.3825971461167,1.0,415.6811769275258,607.212389789763,1.0,1.0,7.416666666666667,464.9714013685609,385.78129385158906,False,488.4634348909884,394.104934239348,False,425.6936420373573,391.6575001695852,False,502.3063865343208,435.5904689093186,False,408.6184273015737,432.1691734435134,False,479.7014321971355,452.234227508684,False,440.88716033021456,443.3464542610818,False,468.6593458152296,469.6666908705772,False,436.2779014475238,469.60348066798025,False,473.2676315198343,535.7253039726046,False,433.0479267051277,537.2182907684875,False,478.2834176415011,603.1722933837251,False,421.0032648040386,598.6239037451435,False,True,86.2502451368263,179.7374716075473,171.63732558442328
446,446,7.433333333333334,7.433333333333334,Sports2D_HALPE26_postprocessed,466.8098829970015,384.8123812136707,1.0,490.3830810235268,393.5802358423438,1.0,426.9739846615043,391.2178617132839,1.0,503.8141828507641,434.8784903610933,1.0,410.6306356023428,430.8994683483896,1.0,481.47569661682473,451.5187296864857,1.0,441.7995548627857,443.3023766813459,1.0,470.0587577715179,469.5694918875039,1.0,437.4975412760338,469.55952119158377,1.0,474.1403219833833,535.715850943137,1.0,434.25687783570896,536.6363602090347,1.0,478.3109763587761,603.8556151453174,1.0,421.97487157570015,596.9807665944073,1.0,482.1053814666056,619.8044622515149,1.0,490.605280394291,618.37935445487,1.0,476.4869391783625,612.5478899377948,1.0,435.3741128911656,617.9526078174058,1.0,423.7584415372321,618.8496921465937,1.0,416.4395063304882,603.6116803229044,1.0,1.0,7.433333333333334,466.8098829970015,384.8123812136707,False,490.3830810235268,393.5802358423438,False,426.9739846615043,391.2178617132839,False,503.8141828507641,434.8784903610933,False,410.6306356023428,430.8994683483896,False,481.47569661682473,451.5187296864857,False,441.7995548627857,443.3023766813459,False,470.0587577715179,469.5694918875039,False,437.4975412760338,469.55952119158377,False,474.1403219833833,535.715850943137,False,434.25687783570896,536.6363602090347,False,478.3109763587761,603.8556151453174,False,421.97487157570015,596.9807665944073,False,True,89.3139663001312,179.97159132587396,171.26158883983163
447,447,7.45,7.45,Sports2D_HALPE26_postprocessed,468.6340180673113,384.51167130383686,1.0,491.3537025050536,393.9769903756804,1.0,428.7291448276736,390.9927604780452,1.0,504.35297072926943,435.23426185036806,1.0,412.0694991546652,430.35752828069263,1.0,482.083677586396,451.2109784800727,1.0,443.4365681299057,442.2499076765241,1.0,471.7610916366178,469.7696116943645,1.0,438.1003948537132,469.63122465707954,1.0,474.60615655158495,536.1669874835916,1.0,435.2116273260535,536.9423812303374,1.0,478.25973002979777,604.6239805242957,1.0,422.2350096555503,598.0079099930472,1.0,482.16681716048754,619.9475112572443,1.0,490.82648468748334,618.4747244284018,1.0,476.4357018416495,612.5836377097422,1.0,435.4907185131514,617.5770039788702,1.0,424.20809537510576,618.4953889339897,1.0,416.662675973245,602.3146385759542,1.0,1.0,7.45,468.6340180673113,384.51167130383686,False,491.3537025050536,393.9769903756804,False,428.7291448276736,390.9927604780452,False,504.35297072926943,435.23426185036806,False,412.0694991546652,430.35752828069263,False,482.083677586396,451.2109784800727,False,443.4365681299057,442.2499076765241,False,471.7610916366178,469.7696116943645,False,438.1003948537132,469.63122465707954,False,474.60615655158495,536.1669874835916,False,435.2116273260535,536.9423812303374,False,478.25973002979777,604.6239805242957,False,422.2350096555503,598.0079099930472,False,True,87.82484347171264,179.39857199027364,170.46036097914666
448,448,7.466666666666667,7.466666666666667,Sports2D_HALPE26_postprocessed,470.3230459623053,384.1273829217442,1.0,492.6186613034713,393.3577139843249,1.0,429.9993491161338,390.1463062981165,1.0,505.5577274097917,434.5772261498541,1.0,413.70294219885614,429.45548253207136,1.0,483.3787117088804,450.34940386433055,1.0,443.8819755979815,441.8985312190601,1.0,472.6164095654512,469.9405374624356,1.0,439.6589925647168,469.6541940412621,1.0,474.9921454311488,536.0544649499941,1.0,436.4062184800963,536.5535272770046,1.0,478.17645141953057,604.3969540583967,1.0,423.27665559786806,596.2311532329485,1.0,482.2718864346924,619.9819784067545,1.0,490.9144618193892,618.7537771994089,1.0,476.4005804942549,612.629240667469,1.0,435.5136428259748,616.7950960875287,1.0,424.4980723681901,617.6733194609666,1.0,417.7191869832003,598.5292021205893,1.0,1.0,7.466666666666667,470.3230459623053,384.1273829217442,False,492.6186613034713,393.3577139843249,False,429.9993491161338,390.1463062981165,False,505.5577274097917,434.5772261498541,False,413.70294219885614,429.45548253207136,False,483.3787117088804,450.34940386433055,False,443.8819755979815,441.8985312190601,False,472.6164095654512,469.9405374624356,False,439.6589925647168,469.6541940412621,False,474.9921454311488,536.0544649499941,False,436.4062184800963,536.5535272770046,False,478.17645141953057,604.3969540583967,False,423.27665559786806,596.2311532329485,False,True,89.88930084839083,179.3903059519573,170.37577581493915
449,449,7.483333333333333,7.483333333333333,Sports2D_HALPE26_postprocessed,471.71773044220765,383.5390949560328,1.0,494.3201431665542,392.4311455038337,1.0,431.3968983288893,388.0145262838029,1.0,506.8999753492631,433.5669650398717,1.0,415.0611890969677,428.13461011594967,1.0,485.961969718934,448.6563744834581,1.0,444.7636046107032,440.2896155285839,1.0,473.55622828489504,470.5621664854676,1.0,440.9193902917889,469.820862772057,1.0,475.738439447032,535.8527605311299,1.0,437.65033375148073,535.6763202792117,1.0,478.1825863545216,604.4447434094384,1.0,424.5792818814576,593.8429201014783,1.0,482.2787370192215,619.9607334219606,1.0,490.6428996512764,618.8885091131365,1.0,476.3263215380916,612.6564611107217,1.0,435.7145459654124,615.6989480611196,1.0,425.2295603547013,616.1040920898893,1.0,419.81380413056434,595.4078557366388,1.0,1.0,7.483333333333333,471.71773044220765,383.5390949560328,False,494.3201431665542,392.4311455038337,False,431.3968983288893,388.0145262838029,False,506.8999753492631,433.5669650398717,False,415.0611890969677,428.13461011594967,False,485.961969718934,448.6563744834581,False,444.7636046107032,440.2896155285839,False,473.55622828489504,470.5621664854676,False,440.9193902917889,469.820862772057,False,475.738439447032,535.8527605311299,False,437.65033375148073,535.6763202792117,False,478.1825863545216,604.4447434094384,False,424.5792818814576,593.8429201014783,False,True,90.1009648705768,179.87352301957208,170.17684707435217
450,450,7.5,7.5,Sports2D_HALPE26_postprocessed,473.1732074990206,382.0613542459282,1.0,495.1962407708041,391.88042869129225,1.0,433.3271484329483,387.0754295490604,1.0,508.15513948390986,432.9940064959242,1.0,416.63406288970873,427.4423808502309,1.0,487.7336810786885,447.22160314092616,1.0,446.28778292037714,439.1785877247077,1.0,475.0617981809586,471.2597783837045,1.0,441.3684673984208,470.5934167609653,1.0,476.1207392290676,535.9844452966922,1.0,438.1200451026352,536.0824776882916,1.0,478.3086331185516,604.6750289501288,1.0,425.791697066557,593.4943929350868,1.0,482.2821157342355,619.987188417575,1.0,490.5642728005922,618.7275864076098,1.0,476.40500758597614,612.6846765005401,1.0,435.9394844538402,615.5391410783774,1.0,426.0506771928641,615.5453101369319,1.0,421.175811078866,594.1111491563323,1.0,1.0,7.5,473.1732074990206,382.0613542459282,False,495.1962407708041,391.88042869129225,False,433.3271484329483,387.0754295490604,False,508.15513948390986,432.9940064959242,False,416.63406288970873,427.4423808502309,False,487.7336810786885,447.22160314092616,False,446.28778292037714,439.1785877247077,False,475.0617981809586,471.2597783837045,False,441.3684673984208,470.5934167609653,False,476.1207392290676,535.9844452966922,False,438.1200451026352,536.0824776882916,False,478.3086331185516,604.6750289501288,False,425.791697066557,593.4943929350868,False,True,89.12569841442759,179.1129793863448,170.72032026729448
451,451,7.516666666666667,7.516666666666667,Sports2D_HALPE26_postprocessed,473.14844187736594,381.2442245835445,1.0,496.2938096925891,390.8842495046221,1.0,434.0845035866848,385.9710237304606,1.0,509.19305996025577,431.79868701631545,1.0,417.790196732986,426.6739105883669,1.0,489.14790113036827,445.50369587365,1.0,447.0488069511861,438.01499606155096,1.0,475.4444850315815,470.6529558843136,1.0,442.6980585724602,470.1213031801748,1.0,476.5966045878143,535.7904337617174,1.0,439.8936811793336,535.3379317042177,1.0,478.2105907966662,604.3944562824064,1.0,426.9500044526039,592.5825797428226,1.0,482.4200181019274,620.0452936004008,1.0,490.6146517626228,618.5938952087558,1.0,476.3154727840964,612.6753592181136,1.0,435.8633414019043,615.2000007371358,1.0,426.3816761720674,614.7192049631607,1.0,423.1687146053978,593.1198317317852,1.0,1.0,7.516666666666667,473.14844187736594,381.2442245835445,False,496.2938096925891,390.8842495046221,False,434.0845035866848,385.9710237304606,False,509.19305996025577,431.79868701631545,False,417.790196732986,426.6739105883669,False,489.14790113036827,445.50369587365,False,447.0488069511861,438.01499606155096,False,475.4444850315815,470.6529558843136,False,442.6980585724602,470.1213031801748,False,476.5966045878143,535.7904337617174,False,439.8936811793336,535.3379317042177,False,478.2105907966662,604.3944562824064,False,426.9500044526039,592.5825797428226,False,True,89.36972608452413,179.6656152386663,169.72126845710818
452,452,7.533333333333333,7.533333333333333,Sports2D_HALPE26_postprocessed,474.3190664386482,379.2130807183101,1.0,498.0094886701666,389.8488443852551,1.0,435.158026046404,385.3689340073744,1.0,510.2056475781136,430.9047067797072,1.0,419.2778714360643,425.9308197298407,1.0,489.6420573041437,444.3124091599614,1.0,448.618654283091,437.57710856944016,1.0,477.0417224285391,470.6437105215937,1.0,443.0936478810718,470.153322757056,1.0,476.6742335120171,536.181617534148,1.0,440.69696144938746,535.76055691139,1.0,478.4192142984404,604.729467966661,1.0,428.87947742681945,593.461989091833,1.0,482.18695082797456,619.9133091052744,1.0,490.6673581622075,618.4252236461714,1.0,476.4450610761161,612.622905857819,1.0,435.7118263751668,614.9552842956778,1.0,426.2576364878976,614.0389899688371,1.0,425.660921745715,593.7939972688785,1.0,1.0,7.533333333333333,474.3190664386482,379.2130807183101,False,498.0094886701666,389.8488443852551,False,435.158026046404,385.3689340073744,False,510.2056475781136,430.9047067797072,False,419.2778714360643,425.9308197298407,False,489.6420573041437,444.3124091599614,False,448.618654283091,437.57710856944016,False,477.0417224285391,470.6437105215937,False,443.0936478810718,470.153322757056,False,476.6742335120171,536.181617534148,False,440.69696144938746,535.76055691139,False,478.4192142984404,604.729467966661,False,428.87947742681945,593.461989091833,False,True,90.26914134550138,178.22050155813147,170.5177831579634
453,453,7.55,7.55,Sports2D_HALPE26_postprocessed,475.1732813138887,378.1798505830412,1.0,498.64966375523016,388.8651743734665,1.0,435.9145162600978,384.4839484030155,1.0,511.1781597777736,430.4547201222708,1.0,420.4789758696312,425.2187952142272,1.0,489.8577669658341,443.5241141677065,1.0,449.9024968612538,436.1362039026278,1.0,477.9357307467504,469.9587724701232,1.0,443.91051483240585,469.7394354374327,1.0,477.0972848759881,536.0066100627273,1.0,441.49973909355975,535.7382468206961,1.0,478.4441986081866,605.2876948705324,1.0,430.1830009516731,592.8626143532645,1.0,482.43633165778544,619.8528750504915,1.0,490.79907439132216,618.2651004709103,1.0,476.2773061985041,612.608566845445,1.0,435.3954198533234,613.761363582425,1.0,425.882600332984,612.1683439215888,1.0,428.25774633369167,593.7365048986067,1.0,1.0,7.55,475.1732813138887,378.1798505830412,False,498.64966375523016,388.8651743734665,False,435.9145162600978,384.4839484030155,False,511.1781597777736,430.4547201222708,False,420.4789758696312,425.2187952142272,False,489.8577669658341,443.5241141677065,False,449.9024968612538,436.1362039026278,False,477.9357307467504,469.9587724701232,False,443.91051483240585,469.7394354374327,False,477.0972848759881,536.0066100627273,False,441.49973909355975,535.7382468206961,False,478.4441986081866,605.2876948705324,False,430.1830009516731,592.8626143532645,False,True,89.60398927522324,178.15893279163006,170.88633882435028
454,454,7.566666666666666,7.566666666666666,Sports2D_HALPE26_postprocessed,475.7305318294384,377.4316928728242,1.0,499.9356606423629,387.40393786105005,1.0,436.38485669097247,383.2198504181028,1.0,512.2198185187308,429.8840371716435,1.0,421.3727230924021,424.6610227394161,1.0,491.5411089136129,442.50926513489,1.0,450.8990404010247,435.05518808451103,1.0,478.4397995864757,466.87337658396245,1.0,445.199847440316,466.2984867730062,1.0,477.906384096124,535.6008905929216,1.0,442.3958947379744,534.6187567767788,1.0,478.5051376881539,604.6434908297247,1.0,431.14988166741705,590.682899698307,1.0,482.4042593166214,619.8811848051604,1.0,490.5153440269947,618.477302572112,1.0,476.5177245640396,612.5909676203834,1.0,435.3700100888507,613.3789670472208,1.0,425.9745993498375,611.2485305042277,1.0,429.7456811822144,594.6528547630004,1.0,1.0,7.566666666666666,475.7305318294384,377.4316928728242,False,499.9356606423629,387.40393786105005,False,436.38485669097247,383.2198504181028,False,512.2198185187308,429.8840371716435,False,421.3727230924021,424.6610227394161,False,491.5411089136129,442.50926513489,False,450.8990404010247,435.05518808451103,False,478.4397995864757,466.87337658396245,False,445.199847440316,466.2984867730062,False,477.906384096124,535.6008905929216,False,442.3958947379744,534.6187567767788,False,478.5051376881539,604.6434908297247,False,431.14988166741705,590.682899698307,False,True,89.48062167943937,179.05844870819848,171.00763644820864
455,455,7.583333333333333,7.583333333333333,Sports2D_HALPE26_postprocessed,476.523045023719,376.61792773260026,1.0,500.3676213282022,386.5629111157274,1.0,437.0305191355213,383.1161765802463,1.0,513.5001535624951,429.2691356478689,1.0,422.4271410778047,424.32414429311086,1.0,492.4817332468299,441.40234279597337,1.0,452.41784808996977,434.192385547946,1.0,478.8296210290479,466.6131730092188,1.0,446.2351659720524,466.1099549435547,1.0,478.3260085198869,535.2685118712706,1.0,443.47606096000567,534.2181670465447,1.0,478.66261942313554,604.3463901769701,1.0,433.017728372326,589.8941232844708,1.0,482.0595846168641,619.867429859673,1.0,490.22355248196,618.5232493948293,1.0,476.56459236326486,612.5689042778768,1.0,435.22056461148526,612.4758506173766,1.0,426.3733661450704,609.9192261890975,1.0,432.10729877389775,593.026297978745,1.0,1.0,7.583333333333333,476.523045023719,376.61792773260026,False,500.3676213282022,386.5629111157274,False,437.0305191355213,383.1161765802463,False,513.5001535624951,429.2691356478689,False,422.4271410778047,424.32414429311086,False,492.4817332468299,441.40234279597337,False,452.41784808996977,434.192385547946,False,478.8296210290479,466.6131730092188,False,446.2351659720524,466.1099549435547,False,478.3260085198869,535.2685118712706,False,443.47606096000567,534.2181670465447,False,478.66261942313554,604.3463901769701,False,433.017728372326,589.8941232844708,False,True,88.70001402002198,179.30052615136788,171.6811852518047
456,456,7.6,7.6,Sports2D_HALPE26_postprocessed,477.63782988167605,375.96822811238536,1.0,500.94251767476686,386.3358556486116,1.0,437.91036432542273,382.9457924301474,1.0,514.5514482787788,428.9132842329998,1.0,423.7602609164148,423.8962679669307,1.0,493.8148587043982,440.2970981139104,1.0,453.5995576854957,431.9968158460085,1.0,479.9586773644778,467.45838659386527,1.0,446.5713079813488,467.0336455159751,1.0,479.0966218257559,535.3193136872703,1.0,444.5759413802506,534.7320584937177,1.0,478.6847620021496,604.7925912087308,1.0,434.1561088592835,589.4617449277937,1.0,481.8758285037012,619.8557921867989,1.0,490.2707235990472,618.5678141539402,1.0,476.1736269999823,612.5979312425889,1.0,435.59459645264985,611.9311497993715,1.0,426.60486011329954,609.0381142335134,1.0,433.67650139082,591.170872664137,1.0,1.0,7.6,477.63782988167605,375.96822811238536,False,500.94251767476686,386.3358556486116,False,437.91036432542273,382.9457924301474,False,514.5514482787788,428.9132842329998,False,423.7602609164148,423.8962679669307,False,493.8148587043982,440.2970981139104,False,453.5995576854957,431.9968158460085,False,479.9586773644778,467.45838659386527,False,446.5713079813488,467.0336455159751,False,479.0966218257559,535.3193136872703,False,444.5759413802506,534.7320584937177,False,478.6847620021496,604.7925912087308,False,434.1561088592835,589.4617449277937,False,True,86.12600667634331,179.61185924830647,170.90888869273343
457,457,7.616666666666666,7.616666666666666,Sports2D_HALPE26_postprocessed,478.0199106375424,374.9695951680497,1.0,502.1157250127605,385.7577734579791,1.0,438.0742988880829,382.3477178254402,1.0,515.471374903241,428.43911183951366,1.0,424.3702290389744,423.3196967640906,1.0,494.84293686448336,439.42292877539046,1.0,454.7004679172495,431.76477001670565,1.0,480.3882362839371,466.96094523875337,1.0,447.5748362883066,466.192953210705,1.0,479.812539025215,534.8844822741611,1.0,445.6859744493815,533.9149796870084,1.0,478.85050082550606,604.3082556997581,1.0,435.68481502114594,588.8605518526139,1.0,481.7132080298519,619.8573998245863,1.0,490.15400883090615,618.6594224929722,1.0,476.6604648070061,612.6105680232572,1.0,436.6573165685911,611.7295925174949,1.0,427.8215611621758,608.7310867902193,1.0,435.2598409822746,590.9313006482254,1.0,1.0,7.616666666666666,478.0199106375424,374.9695951680497,False,502.1157250127605,385.7577734579791,False,438.0742988880829,382.3477178254402,False,515.471374903241,428.43911183951366,False,424.3702290389744,423.3196967640906,False,494.84293686448336,439.42292877539046,False,454.7004679172495,431.76477001670565,False,480.3882362839371,466.96094523875337,False,447.5748362883066,466.192953210705,False,479.812539025215,534.8844822741611,False,445.6859744493815,533.9149796870084,False,478.85050082550606,604.3082556997581,False,435.68481502114594,588.8605518526139,False,True,87.0654332182596,179.6916842888145,171.28163961622653
458,458,7.633333333333333,7.633333333333333,Sports2D_HALPE26_postprocessed,478.5423794988776,373.9125516687749,1.0,502.7504474366448,384.5414268544461,1.0,438.1660271487429,381.3645604890973,1.0,516.5211570820616,427.39481101200136,1.0,425.14405277562656,422.8545878914204,1.0,494.66530763905007,438.23851714855226,1.0,455.55549322902505,430.6116144985619,1.0,481.3395995448512,463.6943809692056,1.0,448.4367682847125,463.148635379429,1.0,480.3072901740546,534.1318926972672,1.0,446.9984452118836,532.6058565312537,1.0,478.9348647071156,604.007180118942,1.0,437.9086322421117,588.2455213702157,1.0,481.584842027916,619.8911020600592,1.0,489.9620100490892,618.7995655878117,1.0,477.2753294093567,612.6165737121968,1.0,437.7261222813535,611.6918760004241,1.0,429.19711486073584,608.2139531105648,1.0,437.96455224267856,591.8499893391605,1.0,1.0,7.633333333333333,478.5423794988776,373.9125516687749,False,502.7504474366448,384.5414268544461,False,438.1660271487429,381.3645604890973,False,516.5211570820616,427.39481101200136,False,425.14405277562656,422.8545878914204,False,494.66530763905007,438.23851714855226,False,455.55549322902505,430.6116144985619,False,481.3395995448512,463.6943809692056,False,448.4367682847125,463.148635379429,False,480.3072901740546,534.1318926972672,False,446.9984452118836,532.6058565312537,False,478.9348647071156,604.007180118942,False,437.9086322421117,588.2455213702157,False,True,86.88440394897155,179.71444249965367,171.90790860880188
459,459,7.649999999999999,7.649999999999999,Sports2D_HALPE26_postprocessed,479.1581626583973,372.4587258655295,1.0,503.4638550990415,383.9078698949709,1.0,439.0115172475281,380.4532463949017,1.0,517.3813334213186,426.95977704192967,1.0,425.643873932594,422.5690474565656,1.0,494.8776576241131,437.4475825250655,1.0,455.8823601693903,429.6906883850934,1.0,482.4107709635606,462.5804720057277,1.0,448.973460436517,462.0645333522795,1.0,480.5919106975919,533.8840004684425,1.0,447.9604134993282,531.9506619056266,1.0,479.06265169929065,603.8119904021175,1.0,439.8255518152445,588.6501308681288,1.0,481.561284797898,619.8911795999375,1.0,489.8979299891741,618.7933757335669,1.0,477.2954867905801,612.5927148561784,1.0,439.1441638826748,612.3067828158319,1.0,430.5838975318443,608.5612080168328,1.0,440.7396907873061,592.8013203894216,1.0,1.0,7.649999999999999,479.1581626583973,372.4587258655295,False,503.4638550990415,383.9078698949709,False,439.0115172475281,380.4532463949017,False,517.3813334213186,426.95977704192967,False,425.643873932594,422.5690474565656,False,494.8776576241131,437.4475825250655,False,455.8823601693903,429.6906883850934,False,482.4107709635606,462.5804720057277,False,448.973460436517,462.0645333522795,False,480.5919106975919,533.8840004684425,False,447.9604134993282,531.9506619056266,False,479.06265169929065,603.8119904021175,False,439.8255518152445,588.6501308681288,False,True,85.64300676135852,179.7915808809819,172.66578485280039
460,460,7.666666666666667,7.666666666666667,Sports2D_HALPE26_postprocessed,479.6199385291571,371.58589260597233,1.0,503.8104221393338,383.4357376172292,1.0,439.8463673361837,380.12374904473097,1.0,518.0914010110383,426.6503452612847,1.0,426.91390380536507,422.317395757629,1.0,495.068108360371,436.7314237473025,1.0,457.6556111700546,428.1626384755535,1.0,483.0147501328783,463.2768609405208,1.0,449.5545273462266,462.89151452965694,1.0,481.09466189058,534.1434047704723,1.0,448.56363003936696,532.2296342459856,1.0,479.13237826818056,603.6385389567066,1.0,441.8053622916432,589.1836328410081,1.0,481.5581288460745,619.8759221962375,1.0,490.0253498578084,618.819563582992,1.0,476.8480240151221,612.5656157536173,1.0,440.68417675729296,612.3244176939276,1.0,431.69392017630287,608.2710744538982,1.0,442.3364848410714,593.165952069564,1.0,1.0,7.666666666666667,479.6199385291571,371.58589260597233,False,503.8104221393338,383.4357376172292,False,439.8463673361837,380.12374904473097,False,518.0914010110383,426.6503452612847,False,426.91390380536507,422.317395757629,False,495.068108360371,436.7314237473025,False,457.6556111700546,428.1626384755535,False,483.0147501328783,463.2768609405208,False,449.5545273462266,462.89151452965694,False,481.09466189058,534.1434047704723,False,448.56363003936696,532.2296342459856,False,479.13237826818056,603.6385389567066,False,441.8053622916432,589.1836328410081,False,True,83.72529517782495,179.93462692469882,174.05156645408212
461,461,7.683333333333334,7.683333333333334,Sports2D_HALPE26_postprocessed,479.6805521173747,370.5815826908704,1.0,505.0009045338946,382.2247838340441,1.0,440.06769983532337,379.6191176539098,1.0,519.002346280506,425.9788313622861,1.0,427.473927430235,421.8731613470816,1.0,495.52066338841615,435.5953249456336,1.0,458.7945927578204,426.84833304431015,1.0,483.4120585654838,461.7819479381774,1.0,450.5622843265878,461.3757656636888,1.0,481.4365437482103,533.6509769929594,1.0,449.61748346735226,530.8332765444273,1.0,479.10445261615234,603.1484178290395,1.0,444.2703077025504,589.4012017551175,1.0,481.5493202608408,619.8636497073124,1.0,490.0140395878673,618.7479387638507,1.0,477.350131208914,612.5084046718962,1.0,442.7429413409228,613.1509378217319,1.0,434.0389864065854,609.571395475399,1.0,444.7810235124055,594.7539380823597,1.0,1.0,7.683333333333334,479.6805521173747,370.5815826908704,False,505.0009045338946,382.2247838340441,False,440.06769983532337,379.6191176539098,False,519.002346280506,425.9788313622861,False,427.473927430235,421.8731613470816,False,495.52066338841615,435.5953249456336,False,458.7945927578204,426.84833304431015,False,483.4120585654838,461.7819479381774,False,450.5622843265878,461.3757656636888,False,481.4365437482103,533.6509769929594,False,449.61748346735226,530.8332765444273,False,479.10445261615234,603.1484178290395,False,444.2703077025504,589.4012017551175,False,True,82.42918175411026,179.65260825652206,175.56275352548641
462,462,7.7,7.7,Sports2D_HALPE26_postprocessed,480.2680747501994,369.6511489766666,1.0,505.5619697614268,381.5523456567612,1.0,440.4833240737036,379.2106701983631,1.0,519.6186110538397,425.2983299663287,1.0,427.9729539532455,421.91005864160456,1.0,496.4834958924932,434.4358280245149,1.0,459.47121510209854,425.3436943713471,1.0,484.1556354393932,461.5038465594284,1.0,451.2320870631869,461.1053626438649,1.0,481.8036451927934,533.4078781253446,1.0,450.67216607503,530.4954761931117,1.0,479.28178875939216,602.8342462593163,1.0,446.3050810989765,589.7889154943515,1.0,481.5763680946724,619.8962179995556,1.0,489.9443879845881,618.7026059213647,1.0,477.37178444923416,612.439782898467,1.0,445.65708380560585,613.5059570176635,1.0,436.52102011503297,610.5903601455431,1.0,446.8128359440641,595.4247024359196,1.0,1.0,7.7,480.2680747501994,369.6511489766666,False,505.5619697614268,381.5523456567612,False,440.4833240737036,379.2106701983631,False,519.6186110538397,425.2983299663287,False,427.9729539532455,421.91005864160456,False,496.4834958924932,434.4358280245149,False,459.47121510209854,425.3436943713471,False,484.1556354393932,461.5038465594284,False,451.2320870631869,461.1053626438649,False,481.8036451927934,533.4078781253446,False,450.67216607503,530.4954761931117,False,479.28178875939216,602.8342462593163,False,446.3050810989765,589.7889154943515,False,True,79.89136229929223,179.7931764038706,176.2499722897193
463,463,7.716666666666667,7.716666666666667,Sports2D_HALPE26_postprocessed,480.56028261972153,368.995353254948,1.0,506.3566801927877,380.5639977734618,1.0,440.6874895959412,378.6349646987616,1.0,520.5219664842259,424.59022646562346,1.0,428.952534127571,421.467707413688,1.0,498.00864624943534,433.0347258951487,1.0,460.1439754269463,424.3943504026779,1.0,484.9023248956522,460.9737760691467,1.0,452.2453623209669,460.1175560884225,1.0,482.4697140789809,532.8328182864166,1.0,451.7401345373558,529.7189879974912,1.0,479.48175074671394,602.186597638022,1.0,448.4400967556125,590.1803382572382,1.0,481.578422482922,619.9243539160323,1.0,489.86956685285713,618.7972923930281,1.0,477.4652623832994,612.5094442004611,1.0,448.3462901152824,613.7491469517992,1.0,439.5677400497491,611.4183777200926,1.0,448.9807808197233,596.1326476969812,1.0,1.0,7.716666666666667,480.56028261972153,368.995353254948,False,506.3566801927877,380.5639977734618,False,440.6874895959412,378.6349646987616,False,520.5219664842259,424.59022646562346,False,428.952534127571,421.467707413688,False,498.00864624943534,433.0347258951487,False,460.1439754269463,424.3943504026779,False,484.9023248956522,460.9737760691467,False,452.2453623209669,460.1175560884225,False,482.4697140789809,532.8328182864166,False,451.7401345373558,529.7189879974912,False,479.48175074671394,602.186597638022,False,448.4400967556125,590.1803382572382,False,True,80.03882063790712,179.47192310948654,177.29173732153347
464,464,7.733333333333333,7.733333333333333,Sports2D_HALPE26_postprocessed,480.82439808512095,367.7840253136402,1.0,507.0444207830037,379.664810017004,1.0,441.1005765895867,378.3954002279524,1.0,521.5811905390538,424.03665306374336,1.0,429.8059832110904,421.28906852889867,1.0,498.5620526243456,431.46405829440687,1.0,460.79876066695874,423.1781061964561,1.0,485.5837981012581,460.3080429411206,1.0,452.7939415462442,459.7345660859372,1.0,483.0056859468842,532.4434760651351,1.0,452.3206412036735,528.8460126361015,1.0,479.60518056982346,602.0975595489124,1.0,451.247108603786,590.646867168527,1.0,481.4207074912988,619.955217686463,1.0,489.8667890620573,618.8035317313992,1.0,477.3741972782221,612.5463415753461,1.0,451.7322870439584,613.9763598229581,1.0,442.9227964219656,612.07569698837,1.0,452.2641081464768,597.5381221022454,1.0,1.0,7.733333333333333,480.82439808512095,367.7840253136402,False,507.0444207830037,379.664810017004,False,441.1005765895867,378.3954002279524,False,521.5811905390538,424.03665306374336,False,429.8059832110904,421.28906852889867,False,498.5620526243456,431.46405829440687,False,460.79876066695874,423.1781061964561,False,485.5837981012581,460.3080429411206,False,452.7939415462442,459.7345660859372,False,483.0056859468842,532.4434760651351,False,452.3206412036735,528.8460126361015,False,479.60518056982346,602.0975595489124,False,451.247108603786,590.646867168527,False,True,78.73587453125948,179.25191826334276,179.3972006344904
465,465,7.75,7.75,Sports2D_HALPE26_postprocessed,481.4036625215616,367.0935566172332,1.0,507.69472817602696,379.4931814421783,1.0,441.50176297989833,378.4651911405049,1.0,522.0034932774183,423.7948415611173,1.0,430.3101678658452,421.1515133754551,1.0,498.5669640780361,431.15786976361966,1.0,461.91668892574125,422.06663697243954,1.0,486.6213810744554,460.9682001394716,1.0,453.39104108462254,460.1420549011947,1.0,483.2782843694317,532.6742137199002,1.0,453.3525248262641,528.8062934699492,1.0,479.7262051332788,602.4217851085227,1.0,452.87813353932967,591.5155171188437,1.0,481.2485479299072,619.9808564143614,1.0,489.8733243286248,618.6934335691776,1.0,476.7833298265178,612.5638875617931,1.0,454.761950074375,614.7089579633714,1.0,445.4770787077372,613.3773766556219,1.0,454.32247877295976,599.7175090033409,1.0,1.0,7.75,481.4036625215616,367.0935566172332,False,507.69472817602696,379.4931814421783,False,441.50176297989833,378.4651911405049,False,522.0034932774183,423.7948415611173,False,430.3101678658452,421.1515133754551,False,498.5669640780361,431.15786976361966,False,461.91668892574125,422.06663697243954,False,486.6213810744554,460.9682001394716,False,453.39104108462254,460.1420549011947,False,483.2782843694317,532.6742137199002,False,453.3525248262641,528.8062934699492,False,479.7262051332788,602.4217851085227,False,452.87813353932967,591.5155171188437,False,True,76.96718828107815,179.7539059425497,179.59870861609988
466,466,7.766666666666667,7.766666666666667,Sports2D_HALPE26_postprocessed,481.8118535348215,366.9355520236702,1.0,508.0014413896829,378.9789430967445,1.0,441.5688267488546,378.3893769406491,1.0,522.6054432403354,423.6622501532258,1.0,430.8251302506699,421.1321261040614,1.0,499.0464308482073,430.69770348294514,1.0,461.717474659942,421.6549765709067,1.0,487.2303546777479,460.0131500980666,1.0,454.2848939458504,459.083607208583,1.0,483.6953683386838,532.0231120687695,1.0,454.747673713115,527.8475668648155,1.0,479.7907939495968,602.0903319189542,1.0,454.8659647366768,593.6233454031906,1.0,481.01253868292906,619.994475090864,1.0,489.72282250806927,618.6916700329073,1.0,476.5803515712341,612.5659836588167,1.0,457.24280687466273,615.4064941264708,1.0,447.9123520830433,613.9119250947945,1.0,455.9423712597242,603.1224788196181,1.0,1.0,7.766666666666667,481.8118535348215,366.9355520236702,False,508.0014413896829,378.9789430967445,False,441.5688267488546,378.3893769406491,False,522.6054432403354,423.6622501532258,False,430.8251302506699,421.1321261040614,False,499.0464308482073,430.69770348294514,False,461.717474659942,421.6549765709067,False,487.2303546777479,460.0131500980666,False,454.2848939458504,459.083607208583,False,483.6953683386838,532.0231120687695,False,454.747673713115,527.8475668648155,False,479.7907939495968,602.0903319189542,False,454.8659647366768,593.6233454031906,False,True,76.86022783171803,179.6208348274871,179.7174471259821
467,467,7.783333333333333,7.783333333333333,Sports2D_HALPE26_postprocessed,481.9432693402406,366.8749999872391,1.0,508.77221907350986,379.0823523659472,1.0,441.7817970678788,378.6584401847933,1.0,523.1718043150227,423.39558649029226,1.0,431.84972916595007,421.74100177897,1.0,499.4310520794487,430.27776676508495,1.0,461.8824417672639,420.7027668600741,1.0,487.8394732379436,459.9415130182364,1.0,454.91718701678747,459.0384379428479,1.0,483.85902871383183,531.8081038107592,1.0,455.7871610492391,527.9121601586152,1.0,479.8464699120197,601.545621856217,1.0,457.3458530072164,594.0203040635361,1.0,480.7497906228759,619.8566953746803,1.0,489.5134303948813,618.7101575489587,1.0,476.47822895519687,612.4620114161556,1.0,459.3249187073787,615.1086628547638,1.0,450.01925817635066,614.0189147902496,1.0,458.7903150668102,603.3080618784127,1.0,1.0,7.783333333333333,481.9432693402406,366.8749999872391,False,508.77221907350986,379.0823523659472,False,441.7817970678788,378.6584401847933,False,523.1718043150227,423.39558649029226,False,431.84972916595007,421.74100177897,False,499.4310520794487,430.27776676508495,False,461.8824417672639,420.7027668600741,False,487.8394732379436,459.9415130182364,False,454.91718701678747,459.0384379428479,False,483.85902871383183,531.8081038107592,False,455.7871610492391,527.9121601586152,False,479.8464699120197,601.545621856217,False,457.3458530072164,594.0203040635361,False,True,75.03815407225599,179.87712314374556,179.37302493752566
468,468,7.8,7.8,Sports2D_HALPE26_postprocessed,482.009025572627,366.5675072220761,1.0,508.7117202841164,379.0678575583656,1.0,442.4479439087463,379.0479103464526,1.0,523.4199997648117,423.34840974638087,1.0,432.8572136339124,422.2179796875099,1.0,499.3004487280049,430.307070013504,1.0,462.3752685974768,419.5801920149615,1.0,488.34343592025743,460.77353012157874,1.0,455.5253917362463,460.0695421632224,1.0,483.961760730169,532.0501929623047,1.0,456.0794786028338,528.2825364302286,1.0,479.7460294805352,601.8401179537358,1.0,458.9257838174749,596.3061920426258,1.0,480.8021697139101,619.7881899336979,1.0,489.39989628398735,618.6558495705549,1.0,476.133175099126,612.5615881136455,1.0,460.9742715871066,615.1391014080554,1.0,452.0887460785986,614.2939696572384,1.0,459.9142034436193,605.2993378489547,1.0,1.0,7.8,482.009025572627,366.5675072220761,False,508.7117202841164,379.0678575583656,False,442.4479439087463,379.0479103464526,False,523.4199997648117,423.34840974638087,False,432.8572136339124,422.2179796875099,False,499.3004487280049,430.307070013504,False,462.3752685974768,419.5801920149615,False,488.34343592025743,460.77353012157874,False,455.5253917362463,460.0695421632224,False,483.961760730169,532.0501929623047,False,456.0794786028338,528.2825364302286,False,479.7460294805352,601.8401179537358,False,458.9257838174749,596.3061920426258,False,True,72.36801170294494,179.93902446477827,178.06937489630178
469,469,7.816666666666666,7.816666666666666,Sports2D_HALPE26_postprocessed,482.0462765543647,366.17918868057257,1.0,509.10181405630726,379.070785024492,1.0,442.3291119239034,379.429788244433,1.0,523.8345799993166,423.3387111012744,1.0,433.8436479819489,422.6164327920992,1.0,499.4581673282949,430.5614597047257,1.0,462.8229755329577,419.8467740369513,1.0,488.5060178235224,460.3857345232385,1.0,456.4477499843455,459.4597593494654,1.0,484.0790498521929,531.7265526702051,1.0,457.8612359976369,528.0650347811403,1.0,480.08735975613297,602.1075845080412,1.0,460.4513927604612,597.249196443756,1.0,480.66990849136766,619.7761769113424,1.0,489.2793903318114,618.6062385134663,1.0,476.40903026352646,612.7850287790446,1.0,463.41885485287503,615.0009913515096,1.0,454.5628061156902,614.7671055355444,1.0,460.9952031420543,606.890225565739,1.0,1.0,7.816666666666666,482.0462765543647,366.17918868057257,False,509.10181405630726,379.070785024492,False,442.3291119239034,379.429788244433,False,523.8345799993166,423.3387111012744,False,433.8436479819489,422.6164327920992,False,499.4581673282949,430.5614597047257,False,462.8229755329577,419.8467740369513,False,488.5060178235224,460.3857345232385,False,456.4477499843455,459.4597593494654,False,484.0790498521929,531.7265526702051,False,457.8612359976369,528.0650347811403,False,480.08735975613297,602.1075845080412,False,460.4513927604612,597.249196443756,False,True,73.42454630139015,179.69520989344196,179.03623632997775
470,470,7.833333333333333,7.833333333333333,Sports2D_HALPE26_postprocessed,482.09384400709735,365.9102648909354,1.0,509.3998840890048,379.2009445611539,1.0,442.8079188052469,379.6997614122772,1.0,524.1001638828559,423.42831696571193,1.0,434.62976887311487,423.0560247522096,1.0,499.07323506995726,430.4300646144951,1.0,463.0706396851099,420.11352427944377,1.0,489.05816485017806,460.692842774463,1.0,457.1256634148044,459.7228098304961,1.0,484.5005542113952,531.3508272461238,1.0,459.0746417070952,528.634649501565,1.0,480.6697031578036,602.2265629114514,1.0,462.1452352152058,599.4661464699849,1.0,480.7140080409694,619.8040488483787,1.0,489.0437117657809,618.5875462130693,1.0,477.3980882609538,612.955892788083,1.0,465.597526587947,615.7534574456271,1.0,456.7978392055966,615.8928308728686,1.0,462.6202752179243,609.5621128624207,1.0,1.0,7.833333333333333,482.09384400709735,365.9102648909354,False,509.3998840890048,379.2009445611539,False,442.8079188052469,379.6997614122772,False,524.1001638828559,423.42831696571193,False,434.62976887311487,423.0560247522096,False,499.07323506995726,430.4300646144951,False,463.0706396851099,420.11352427944377,False,489.05816485017806,460.692842774463,False,457.1256634148044,459.7228098304961,False,484.5005542113952,531.3508272461238,False,459.0746417070952,528.634649501565,False,480.6697031578036,602.2265629114514,False,462.1452352152058,599.4661464699849,False,True,73.4111717653213,179.40323710640394,179.13776194231744
471,471,7.85,7.85,Sports2D_HALPE26_postprocessed,482.0775449732268,365.6495268216022,1.0,509.9551473452707,379.2256091362935,1.0,443.0297298700205,380.0655558862073,1.0,524.6086743235251,423.440419726496,1.0,435.6252360216503,423.8929631140247,1.0,499.3686492173171,430.6621415886037,1.0,463.4128895903443,420.9081233817733,1.0,489.4530748670472,460.7324226757008,1.0,457.6351212967608,459.7111784829054,1.0,484.5274805736577,531.1632967243665,1.0,460.1237060391478,528.3177370963947,1.0,481.19982125899526,602.2917535736858,1.0,464.0036421092788,599.4586067302531,1.0,480.8314671049901,619.8820849408704,1.0,488.8106375410225,618.5815188138065,1.0,478.5174824462332,613.1194205621871,1.0,467.4461448491822,616.0577026195996,1.0,459.0486373990629,616.5342172021321,1.0,464.03667788635806,610.2877641325761,1.0,1.0,7.85,482.0775449732268,365.6495268216022,False,509.9551473452707,379.2256091362935,False,443.0297298700205,380.0655558862073,False,524.6086743235251,423.440419726496,False,435.6252360216503,423.8929631140247,False,499.3686492173171,430.6621415886037,False,463.4128895903443,420.9081233817733,False,489.4530748670472,460.7324226757008,False,457.6351212967608,459.7111784829054,False,484.5274805736577,531.1632967243665,False,460.1237060391478,528.3177370963947,False,481.19982125899526,602.2917535736858,False,464.0036421092788,599.4586067302531,False,True,74.2796441565088,178.67808521238365,178.9556458826406
472,472,7.866666666666666,7.866666666666666,Sports2D_HALPE26_postprocessed,482.09400932918186,365.81282311206826,1.0,510.12545722974505,379.1913936305259,1.0,443.612845091744,380.3485352671994,1.0,524.725588760084,423.6483513162224,1.0,436.35010017929255,424.8501819639961,1.0,500.0210007716819,430.8511723041464,1.0,463.5071849943419,421.8853237744955,1.0,489.8793200627036,461.5017679393586,1.0,458.1581617701193,460.2360497636009,1.0,484.64903127327705,531.4690597173333,1.0,461.6208103473509,528.5126592761726,1.0,481.7885040458124,602.036698341102,1.0,465.1986088373203,598.9167410092577,1.0,480.7638675533309,619.8999177160288,1.0,488.5481188853465,618.5405857317191,1.0,479.6766509874643,613.2034093342456,1.0,468.4770820019591,616.0220274134143,1.0,459.803476373324,616.5489654283061,1.0,465.0881007205277,610.4778375350177,1.0,1.0,7.866666666666666,482.09400932918186,365.81282311206826,False,510.12545722974505,379.1913936305259,False,443.612845091744,380.3485352671994,False,524.725588760084,423.6483513162224,False,436.35010017929255,424.8501819639961,False,500.0210007716819,430.8511723041464,False,463.5071849943419,421.8853237744955,False,489.8793200627036,461.5017679393586,False,458.1581617701193,460.2360497636009,False,484.64903127327705,531.4690597173333,False,461.6208103473509,528.5126592761726,False,481.7885040458124,602.036698341102,False,465.1986088373203,598.9167410092577,False,True,74.50039143492285,178.04616920232735,179.99411084099683
473,473,7.883333333333333,7.883333333333333,Sports2D_HALPE26_postprocessed,482.1407502474981,365.71565146487353,1.0,510.4460449045755,379.4547259742369,1.0,444.2869712332873,380.6439669873863,1.0,525.032922535101,423.9374360565618,1.0,437.1985759638304,425.91955356622674,1.0,500.0817534320298,430.9590698231756,1.0,463.5662498630511,422.05009873607503,1.0,490.0796883434502,462.4720990788488,1.0,458.5156502695564,461.0702004190631,1.0,485.1053477146388,531.7937630376689,1.0,462.9190562575043,528.574051360948,1.0,482.2734178216893,601.7621411433358,1.0,466.8645709118564,598.2714464023014,1.0,480.87436661993297,619.9002093552562,1.0,488.4783760560412,618.5092908458466,1.0,480.74598605857375,613.3828052066139,1.0,469.1420647301915,615.8132489727108,1.0,460.9534608334695,616.6960352786346,1.0,465.9553068702901,612.2794080890659,1.0,1.0,7.883333333333333,482.1407502474981,365.71565146487353,False,510.4460449045755,379.4547259742369,False,444.2869712332873,380.6439669873863,False,525.032922535101,423.9374360565618,False,437.1985759638304,425.91955356622674,False,500.0817534320298,430.9590698231756,False,463.5662498630511,422.05009873607503,False,490.0796883434502,462.4720990788488,False,458.5156502695564,461.0702004190631,False,485.1053477146388,531.7937630376689,False,462.9190562575043,528.574051360948,False,482.2734178216893,601.7621411433358,False,466.8645709118564,598.2714464023014,False,True,72.75337938136897,178.21338890876063,179.5077848730734
474,474,7.899999999999999,7.899999999999999,Sports2D_HALPE26_postprocessed,482.121254835738,365.306866163969,1.0,510.5960237008777,379.8021489107516,1.0,444.463860639335,381.3912404205511,1.0,525.2900719649414,423.99453419385486,1.0,437.7065825715784,426.8025898498782,1.0,499.9353470704088,431.3945889312087,1.0,463.0818927970472,421.8876256821911,1.0,490.4893618930006,462.8066267327849,1.0,458.98128893359234,461.6640690676755,1.0,485.393830102441,531.8076188499053,1.0,464.2136439510982,527.9000714269621,1.0,482.40946866987895,601.0727403334886,1.0,468.08733858554217,597.2177874062891,1.0,481.2429959064484,619.9672737626039,1.0,488.4134688206884,618.5747621641633,1.0,481.239939094014,613.6093008992952,1.0,469.4746923757961,615.0886827206098,1.0,461.5986183585866,616.362735361524,1.0,467.19485020421314,614.6250908005336,1.0,1.0,7.899999999999999,482.121254835738,365.306866163969,False,510.5960237008777,379.8021489107516,False,444.463860639335,381.3912404205511,False,525.2900719649414,423.99453419385486,False,437.7065825715784,426.8025898498782,False,499.9353470704088,431.3945889312087,False,463.0818927970472,421.8876256821911,False,490.4893618930006,462.8066267327849,False,458.98128893359234,461.6640690676755,False,485.393830102441,531.8076188499053,False,464.2136439510982,527.9000714269621,False,482.40946866987895,601.0727403334886,False,468.08733858554217,597.2177874062891,False,True,70.57447515453465,178.2436556774636,178.6818069654889
475,475,7.916666666666667,7.916666666666667,Sports2D_HALPE26_postprocessed,482.1774858822189,366.9000406715007,1.0,510.62650077217626,380.035347124225,1.0,445.0592784037786,381.85677976621736,1.0,525.5521182132945,424.0581263757279,1.0,438.3123539929949,427.2772823100415,1.0,499.8334284446556,432.315688614477,1.0,464.2151417698317,423.57110095690655,1.0,491.3891779930344,463.4337072750361,1.0,459.9383748328978,462.33306587467087,1.0,485.6078432377633,532.0212375523901,1.0,465.4045914610731,527.6507654274387,1.0,482.4198577105383,600.171754339643,1.0,468.8117003069748,596.387160848842,1.0,482.1792658757423,619.846191082527,1.0,488.43319403206414,618.5156403036503,1.0,481.7105291221371,613.2034766110434,1.0,469.8866575424648,612.0674264065262,1.0,461.64428704565375,614.9949873510371,1.0,468.1301174303091,615.377709993006,1.0,1.0,7.916666666666667,482.1774858822189,366.9000406715007,False,510.62650077217626,380.035347124225,False,445.0592784037786,381.85677976621736,False,525.5521182132945,424.0581263757279,False,438.3123539929949,427.2772823100415,False,499.8334284446556,432.315688614477,False,464.2151417698317,423.57110095690655,False,491.3891779930344,463.4337072750361,False,459.9383748328978,462.33306587467087,False,485.6078432377633,532.0212375523901,False,465.4045914610731,527.6507654274387,False,482.4198577105383,600.171754339643,False,468.8117003069748,596.387160848842,False,True,73.40822374340922,177.8601152559401,178.0539580953079
476,476,7.933333333333334,7.933333333333334,Sports2D_HALPE26_postprocessed,482.26058081875954,367.3189906232878,1.0,510.7250985893239,380.5147874887549,1.0,445.51258616435473,382.6083238007903,1.0,525.7089482268037,424.3262447953088,1.0,438.57692837997774,427.7411938626921,1.0,500.8361666153789,432.91998940922,1.0,463.7351603525436,424.7600191071334,1.0,492.1189390206557,464.09700349689774,1.0,460.5201494109774,462.70183967278194,1.0,486.2335675443757,532.027698622881,1.0,466.7232882968731,527.4646454468825,1.0,482.3844582003903,599.3344045196616,1.0,469.69588922511537,595.4796498812004,1.0,482.6064549570247,619.731024573725,1.0,488.2848756815922,618.228897125626,1.0,481.9643854909708,612.8288438433442,1.0,471.513876448134,609.6750518133522,1.0,462.9082067433972,612.5604116749117,1.0,468.511809869585,615.3468335461436,1.0,1.0,7.933333333333334,482.26058081875954,367.3189906232878,False,510.7250985893239,380.5147874887549,False,445.51258616435473,382.6083238007903,False,525.7089482268037,424.3262447953088,False,438.57692837997774,427.7411938626921,False,500.8361666153789,432.91998940922,False,463.7351603525436,424.7600191071334,False,492.1189390206557,464.09700349689774,False,460.5201494109774,462.70183967278194,False,486.2335675443757,532.027698622881,False,466.7232882968731,527.4646454468825,False,482.3844582003903,599.3344045196616,False,469.69588922511537,595.4796498812004,False,True,74.50572163321533,178.32142299505082,177.03128565510175
477,477,7.95,7.95,Sports2D_HALPE26_postprocessed,482.2510386446636,368.16828047353766,1.0,510.7805183394918,381.0132422978289,1.0,445.6762491591674,383.6565738205682,1.0,525.8805849748053,424.5778632384338,1.0,438.5570897098468,428.3045847156338,1.0,501.80422313999054,433.8502281592314,1.0,466.4572548804996,427.4300111480956,1.0,492.500636339429,464.5281815038904,1.0,461.02555269707534,462.9948456023758,1.0,487.4989001103983,530.6253248612313,1.0,467.41447997208365,526.4966846613652,1.0,482.3846647972524,596.322481297443,1.0,470.24175537169725,593.0918295877359,1.0,482.6515017270172,619.5392829232211,1.0,488.1204496200316,617.9742262791974,1.0,482.0380407548814,612.2708785400439,1.0,472.1940250313999,606.7207756836668,1.0,463.60583469371215,608.3666488668022,1.0,469.4774705253848,616.1954109763758,1.0,1.0,7.95,482.2510386446636,368.16828047353766,False,510.7805183394918,381.0132422978289,False,445.6762491591674,383.6565738205682,False,525.8805849748053,424.5778632384338,False,438.5570897098468,428.3045847156338,False,501.80422313999054,433.8502281592314,False,466.4572548804996,427.4300111480956,False,492.500636339429,464.5281815038904,False,461.02555269707534,462.9948456023758,False,487.4989001103983,530.6253248612313,False,467.41447997208365,526.4966846613652,False,482.3846647972524,596.322481297443,False,470.24175537169725,593.0918295877359,False,True,79.14497273994486,179.8762193714029,176.68581209003068
478,478,7.966666666666667,7.966666666666667,Sports2D_HALPE26_postprocessed,482.1624698118637,369.184121630185,1.0,510.8595975363352,381.7214139985076,1.0,445.6895933716995,384.2094522872028,1.0,525.8988389010226,424.7067466286781,1.0,438.55685879675787,428.98356037590753,1.0,501.8229330246795,434.6510123476976,1.0,466.60701738227726,428.5978064766463,1.0,492.5742465632544,464.8547879008795,1.0,461.1512258869028,463.18564777040575,1.0,487.55043536387313,530.6172910246789,1.0,467.8041137358098,526.1764333718313,1.0,482.3491676717641,595.8645714865962,1.0,470.4202214608201,592.3832591515502,1.0,482.7569576269439,619.5380809037378,1.0,488.21087306317736,617.9643539278871,1.0,482.0878890623409,612.110430723889,1.0,472.5709815534278,606.3161602899343,1.0,464.0012218958937,607.4945819497946,1.0,469.47954772241735,616.2559896578474,1.0,1.0,7.966666666666667,482.1624698118637,369.184121630185,False,510.8595975363352,381.7214139985076,False,445.6895933716995,384.2094522872028,False,525.8988389010226,424.7067466286781,False,438.55685879675787,428.98356037590753,False,501.8229330246795,434.6510123476976,False,466.60701738227726,428.5978064766463,False,492.5742465632544,464.8547879008795,False,461.1512258869028,463.18564777040575,False,487.55043536387313,530.6172910246789,False,467.8041137358098,526.1764333718313,False,482.3491676717641,595.8645714865962,False,470.4202214608201,592.3832591515502,False,True,80.1606612976931,179.81075985223734,176.2337701794111
479,479,7.983333333333333,7.983333333333333,Sports2D_HALPE26_postprocessed,482.2246015682936,369.62957524229046,1.0,510.8266892230761,382.03856692483896,1.0,445.6972017433939,384.92341890756217,1.0,525.969946529175,424.79672715082495,1.0,438.56889199751976,429.6429588453861,1.0,502.1254595420152,434.88162103675177,1.0,466.6095146988771,428.805540065948,1.0,492.69621772699,464.9410038385552,1.0,461.3245561727959,463.4171702837325,1.0,487.5317074140365,530.605065064466,1.0,467.9951718913446,525.9557319601963,1.0,482.3240368096357,595.7366733840838,1.0,470.4140412266737,592.37054847453,1.0,482.7609566662062,619.6056932318314,1.0,488.2991165365232,617.9797474653669,1.0,481.9189945119336,612.0004279009629,1.0,472.7537507023133,606.1822077919982,1.0,464.1987149424533,606.7737424480415,1.0,469.4657361998583,616.1501447484254,1.0,1.0,7.983333333333333,482.2246015682936,369.62957524229046,False,510.8266892230761,382.03856692483896,False,445.6972017433939,384.92341890756217,False,525.969946529175,424.79672715082495,False,438.56889199751976,429.6429588453861,False,502.1254595420152,434.88162103675177,False,466.6095146988771,428.805540065948,False,492.69621772699,464.9410038385552,False,461.3245561727959,463.4171702837325,False,487.5317074140365,530.605065064466,False,467.9951718913446,525.9557319601963,False,482.3240368096357,595.7366733840838,False,470.4140412266737,592.37054847453,False,True,79.23262618104458,179.92566027858908,175.99744693148176
